hisse;durum;yeni_sinyal;konfluans;trend_35;momentum_30;hacim_35;risk;uyumsuzluk;rejim;adx;rsi;mfi;supertrend;goreli_guc;usd_trend;haftalik_trend;hacim_orani;ema50_uzaklik_atr;dagitim_gun;kapanis;degisim%;islem_hacmi_tl;st_cizgisi;osc_macd;osc_rsi;osc_adx;osc_momentum;osc_atr;osc_wavetrend;osc_stochrsi;osc_sharpe;osc_al_sayisi;tarih
AHGAZ;GUCLU AL;;97,6;34,2;28,4;35,0;36;0;guclu trend;27,9;75,2;91,6;yukari;guclu;yukselis;yukari;1,51;4,08;0;39,7;2,21;331086765;35,70;AL;POZITIF;AL;POZITIF;AZALIYOR;AL;AL;NOTR;6;04.09.2026
VAKBN;GUCLU AL;;97,4;33,5;30,0;33,9;8;0;guclu trend;26,2;60,6;66,7;yukari;guclu;yukselis;yukari;1,59;1,58;2;33,62;-0,36;2954130128;30,13;AL;POZITIF;AL;POZITIF;AZALIYOR;AL;AL;NOTR;6;04.09.2026
TRCAS;GUCLU AL;;96,4;31,5;30,0;34,8;24;0;guclu trend;21,1;61,3;62,9;yukari;guclu;yukselis;yukari;1,29;2,15;3;49,2;2,50;64794284;43,35;AL;POZITIF;AL;POZITIF;ARTIYOR;AL;AL;NOTR;6;04.09.2026
MANAS;GUCLU AL;;96,1;33,9;27,8;34,4;28;0;guclu trend;27,3;76,4;74,2;yukari;guclu;yukselis;yukari;2,44;3,01;2;37,22;4,61;2373329169;30,47;AL;POZITIF;AL;POZITIF;ARTIYOR;AL;AL;NOTR;6;04.09.2026
KRPLS;GUCLU AL;;95,6;35,0;26,0;34,6;10;0;guclu trend;42,5;65,9;77,4;yukari;guclu;yukselis;yukari;1,27;2,68;0;11,3;8,65;60328282;9,48;SAT;POZITIF;AL;POZITIF;ARTIYOR;AL;AL;NOTR;5;04.09.2026
ENERY;GUCLU AL;;95,0;35,0;26,7;33,2;35;0;guclu trend;32,1;78,5;94,6;yukari;guclu;yukselis;yukari;1,74;4,10;0;11,04;5,14;819650017;9,53;AL;POZITIF;AL;POZITIF;ARTIYOR;AL;SAT;NOTR;5;04.09.2026
TARKM;GUCLU AL;;94,0;34,4;28,8;30,8;0;0;guclu trend;28,5;55,3;78,3;yukari;guclu;yukselis;yukari;1,31;0,97;1;520,5;2,06;136058180;478,25;AL;POZITIF;AL;POZITIF;ARTIYOR;SAT;SAT;NOTR;4;04.09.2026
CATES;GUCLU AL;;93,4;35,0;27,1;31,2;36;0;guclu trend;52,1;77,7;77,3;yukari;guclu;yukselis;yukari;1,07;4,73;2;72;4,27;280662264;60,79;AL;POZITIF;AL;POZITIF;ARTIYOR;SAT;SAT;NOTR;4;04.09.2026
SKYMD;AL;;93,4;30,0;29,5;33,9;10;1;ilimli;17,0;58,5;73,0;yukari;guclu;yukselis;yukari;1,78;1,30;1;15,58;2,16;67925341;13,24;AL;POZITIF;NOTR;POZITIF;ARTIYOR;AL;AL;NOTR;5;04.09.2026
RYGYO;GUCLU AL;;92,4;35,0;29,4;28,1;36;0;guclu trend;50,7;73,3;79,7;yukari;guclu;yukselis;yukari;0,95;4,10;0;49,42;2,70;162032316;43,73;AL;POZITIF;AL;POZITIF;ARTIYOR;SAT;SAT;NOTR;4;04.09.2026
OFSYM;GUCLU AL;;92,2;35,0;30,0;27,2;18;0;guclu trend;49,0;65,4;72,8;yukari;guclu;yukselis;yukari;0,83;2,48;0;70;2,49;180999700;58,06;AL;POZITIF;AL;POZITIF;AZALIYOR;AL;AL;NOTR;6;04.09.2026
BORSK;GUCLU AL;;92,1;29,1;29,6;33,5;0;0;zayif;32,8;62,1;70,9;yukari;guclu;yukselis;yukari;2,16;1,32;2;6,57;3,30;123521841;5,78;AL;POZITIF;AL;POZITIF;ARTIYOR;AL;AL;NOTR;6;04.09.2026
IEYHO;GUCLU AL;;91,2;35,0;22,0;34,2;35;0;guclu trend;86,0;93,3;100,0;yukari;guclu;yukselis;yukari;1,25;11,41;0;214,6;0,99;340684796;203,38;AL;POZITIF;AL;POZITIF;AZALIYOR;AL;SAT;PAHALI (SAT);5;04.09.2026
MARTI;GUCLU AL;;90,9;30,0;29,5;31,4;28;0;zayif;36,0;72,9;82,3;yukari;guclu;yukselis;yukari;2,12;3,20;0;2,01;-5,63;518920781;1,68;AL;POZITIF;AL;POZITIF;ARTIYOR;AL;SAT;NOTR;5;04.09.2026
NETAS;GUCLU AL;;90,6;35,0;30,0;25,6;28;0;guclu trend;44,9;69,0;70,7;yukari;guclu;yukselis;yukari;0,83;3,96;1;103,1;4,14;220818961;83,84;AL;POZITIF;AL;POZITIF;ARTIYOR;AL;SAT;NOTR;5;04.09.2026
DMLKT;GUCLU AL;;90,5;35,0;30,0;25,5;16;0;guclu trend;51,7;59,5;67,6;yukari;guclu;yukselis;yukari;2,09;2,59;3;6,86;-3,92;155334712;6,62;AL;POZITIF;AL;POZITIF;ARTIYOR;SAT;SAT;NOTR;4;04.09.2026
VBTYZ;GUCLU AL;;90,0;35,0;30,0;25,0;20;1;guclu trend;33,3;63,7;68,2;yukari;guclu;yukselis;yukari;0,49;2,97;0;39;5,12;61989408;32,80;AL;POZITIF;AL;POZITIF;ARTIYOR;SAT;SAT;NOTR;4;04.09.2026
DEVA;GUCLU AL;;89,5;35,0;30,0;24,5;28;0;guclu trend;43,5;65,6;70,2;yukari;guclu;yukselis;yukari;0,49;3,55;1;92,45;2,10;45546879;83,43;AL;POZITIF;AL;POZITIF;AZALIYOR;SAT;SAT;NOTR;4;04.09.2026
ETYAT;GUCLU AL;;89,4;33,6;30,0;25,8;10;0;guclu trend;26,4;65,3;47,8;yukari;guclu;yukselis;yukari;0,75;2,37;1;16,13;0,00;11142523;13,55;AL;POZITIF;AL;POZITIF;AZALIYOR;AL;AL;NOTR;6;04.09.2026
BAHKM;izle;;88,9;35,0;27,2;26,7;46;1;guclu trend;44,7;77,6;74,2;yukari;guclu;yukselis;yukari;0,80;4,08;1;171,1;9,96;176118534;138,64;AL;POZITIF;AL;POZITIF;ARTIYOR;SAT;SAT;NOTR;4;04.09.2026
AGESA;izle;;88,8;33,8;30,0;25,0;40;4;guclu trend;27,0;61,4;82,0;yukari;guclu;yukselis;yukari;0,58;1,81;1;259;1,57;37886779;239,61;AL;POZITIF;AL;POZITIF;AZALIYOR;SAT;SAT;NOTR;4;04.09.2026
GUBRF;GUCLU AL;;88,5;34,5;28,6;25,3;10;1;guclu trend;28,7;56,4;73,1;yukari;guclu;yukselis;yukari;0,95;0,91;1;478,75;-0,73;1750092169;437,48;AL;POZITIF;AL;POZITIF;AZALIYOR;SAT;SAT;NOTR;4;04.09.2026
ALARK;GUCLU AL;;88,4;33,6;30,0;24,8;8;0;guclu trend;26,5;60,5;50,2;yukari;guclu;yukselis;yukari;0,71;1,69;1;112;0,27;471246048;99,73;AL;POZITIF;AL;POZITIF;AZALIYOR;AL;AL;NOTR;6;04.09.2026
AVOD;GUCLU AL;;87,9;25,0;27,9;35,0;34;0;zayif;34,4;76,1;87,6;yukari;guclu;yukselis;yukari;6,50;3,08;3;4,71;7,78;240720597;3,76;AL;POZITIF;AL;POZITIF;ARTIYOR;AL;AL;NOTR;6;04.09.2026
INDES;GUCLU AL;;87,7;33,1;30,0;24,6;0;0;guclu trend;25,2;58,4;72,1;yukari;guclu;yukselis;yukari;0,66;1,53;2;11,7;2,63;61570548;10,83;AL;POZITIF;AL;POZITIF;ARTIYOR;SAT;SAT;NOTR;4;04.09.2026
RYSAS;GUCLU AL;;87,7;35,0;30,0;22,7;10;0;guclu trend;36,1;63,7;81,6;yukari;guclu;yukselis;yukari;0,58;2,70;1;28,3;0,21;268429858;24,77;AL;POZITIF;AL;POZITIF;AZALIYOR;SAT;SAT;NOTR;4;04.09.2026
ARDYZ;GUCLU AL;;87,5;35,0;26,0;26,5;0;0;guclu trend;46,3;53,5;58,5;yukari;guclu;yukselis;yukari;1,09;1,63;2;85,75;3,75;520904839;80,55;SAT;POZITIF;AL;NEGATIF;ARTIYOR;SAT;AL;NOTR;3;04.09.2026
AKCNS;AL;;86,4;28,9;25,0;32,5;10;1;ilimli;14,2;55,5;49,9;yukari;guclu;yukselis;yukari;1,18;1,48;2;243,9;0,62;95880992;231,75;SAT;POZITIF;NOTR;POZITIF;ARTIYOR;SAT;AL;NOTR;3;04.09.2026
BRKVY;GUCLU AL;;85,8;26,7;30,0;29,2;0;0;zayif;39,2;63,6;78,8;yukari;guclu;yukselis;yukari;1,34;1,60;0;90,7;-2,94;77314222;79,73;AL;POZITIF;AL;POZITIF;ARTIYOR;AL;SAT;UCUZ (AL);5;04.09.2026
HUNER;GUCLU AL;;85,8;33,6;28,9;23,3;22;2;guclu trend;26,5;55,4;63,9;yukari;guclu;yukselis;yukari;0,70;1,02;2;3,89;0,26;111150285;3,50;AL;POZITIF;AL;NEGATIF;AZALIYOR;SAT;SAT;NOTR;3;04.09.2026
BIMAS;GUCLU AL;;85,5;33,3;26,0;26,2;0;0;guclu trend;25,5;59,9;54,2;yukari;guclu;yukselis;yukari;0,77;2,01;1;415,75;0,73;3316551250;383,65;SAT;POZITIF;AL;NEGATIF;AZALIYOR;AL;SAT;NOTR;3;04.09.2026
BOBET;izle;;85,4;30,0;30,0;25,4;50;3;zayif;39,0;63,8;66,1;yukari;guclu;yukselis;yukari;1,41;2,20;0;21,96;-0,90;272375809;19,08;AL;POZITIF;AL;POZITIF;ARTIYOR;AL;AL;NOTR;6;04.09.2026
EUKYO;GUCLU AL;;85,4;35,0;26,0;24,4;10;0;guclu trend;45,5;60,1;56,7;yukari;guclu;yukselis;yukari;0,62;2,11;2;13,8;2,15;8691392;12,26;SAT;POZITIF;AL;NEGATIF;ARTIYOR;AL;AL;PAHALI (SAT);4;04.09.2026
KUVVA;GUCLU AL;;85,1;35,0;26,0;24,1;26;1;guclu trend;34,9;62,3;76,4;yukari;guclu;yukselis;yukari;0,59;2,20;3;190,5;5,37;23170325;163,41;SAT;POZITIF;AL;NEGATIF;ARTIYOR;SAT;SAT;NOTR;2;04.09.2026
MRGYO;GUCLU AL;EVET;84,3;24,5;29,5;30,3;0;0;zayif;35,8;61,5;62,0;yukari;guclu;yukselis;yukari;1,25;1,29;1;1,57;3,97;239507428;1,38;AL;POZITIF;AL;POZITIF;ARTIYOR;SAT;SAT;NOTR;4;04.09.2026
POLHO;GUCLU AL;;83,1;34,8;22,9;25,5;10;1;guclu trend;29,4;54,5;26,2;yukari;guclu;yukselis;yukari;0,78;0,97;1;22,4;-2,01;30652339;20,89;SAT;POZITIF;AL;NEGATIF;AZALIYOR;AL;AL;NOTR;4;04.09.2026
TEHOL;GUCLU AL;;83,1;30,4;24,5;28,1;10;1;guclu trend;55,9;53,8;78,9;yukari;guclu;yukselis;yukari;1,25;1,26;0;45;3,40;3495323385;36,56;SAT;POZITIF;SAT;NEGATIF;ARTIYOR;AL;AL;NOTR;3;04.09.2026
SELEC;izle;;82,7;35,0;22,0;25,7;43;0;guclu trend;50,0;88,7;90,4;yukari;guclu;yukselis;yukari;0,74;5,92;0;356;1,71;1661149044;302,35;AL;POZITIF;AL;POZITIF;AZALIYOR;SAT;AL;PAHALI (SAT);5;04.09.2026
AYGAZ;GUCLU AL;EVET;82,7;35,0;24,3;23,4;32;2;guclu trend;44,5;59,4;69,4;yukari;guclu;yukselis;yukari;0,68;2,76;2;325,75;-2,76;284743613;299,67;SAT;POZITIF;AL;NEGATIF;ARTIYOR;SAT;SAT;NOTR;2;04.09.2026
TUPRS;GUCLU AL;;82,5;35,0;23,7;23,8;30;1;guclu trend;48,0;63,1;61,9;yukari;guclu;yukselis;yukari;0,75;4,06;2;388,5;-0,64;9014251670;364,54;SAT;POZITIF;AL;NEGATIF;AZALIYOR;SAT;SAT;NOTR;2;04.09.2026
KLSYN;GUCLU AL;;82,3;33,9;24,6;23,8;0;0;guclu trend;27,2;58,7;54,2;yukari;guclu;yukselis;yukari;0,31;1,69;0;15,69;-1,01;15143313;13,93;SAT;POZITIF;AL;POZITIF;AZALIYOR;SAT;AL;NOTR;4;04.09.2026
ANELE;izle;;82,2;35,0;22,4;24,8;43;0;guclu trend;37,2;87,2;81,8;yukari;guclu;yukselis;yukari;0,52;5,49;0;204;3,29;699620652;166,08;AL;POZITIF;AL;POZITIF;ARTIYOR;SAT;SAT;PAHALI (SAT);4;04.09.2026
ENJSA;izle;;82,1;29,0;28,6;24,4;32;3;ilimli;14,6;55,0;74,7;yukari;guclu;yukselis;yukari;0,52;0,92;1;113,7;-0,70;274233257;103,75;AL;POZITIF;NOTR;POZITIF;AZALIYOR;AL;AL;NOTR;5;04.09.2026
HALKB;GUCLU AL;;82,0;35,0;27,7;19,3;28;0;guclu trend;31,1;76,5;46,2;yukari;guclu;yukselis;yukari;0,84;5,63;1;54,35;9,93;2205478270;44,37;AL;POZITIF;AL;POZITIF;ARTIYOR;AL;AL;NOTR;6;04.09.2026
TRHOL;GUCLU AL;;82,0;35,0;22,0;25,0;35;0;guclu trend;53,0;95,7;100,0;yukari;guclu;yukselis;yukari;0,31;8,19;0;3625;2,11;399333625;3040,54;AL;POZITIF;AL;POZITIF;AZALIYOR;SAT;SAT;PAHALI (SAT);4;04.09.2026
ALBRK;izle;;82,0;33,4;23,0;25,6;32;3;guclu trend;30,2;53,8;68,0;yukari;guclu;yukselis;yukari;0,89;0,83;2;8,69;0,23;106527738;8,39;SAT;POZITIF;AL;NEGATIF;AZALIYOR;SAT;SAT;NOTR;2;04.09.2026
BIOEN;GUCLU AL;EVET;81,9;25,8;23,5;32,6;10;0;zayif;25,4;55,0;57,8;yukari;guclu;yukselis;yukari;1,77;0,94;4;19,32;3,82;285482618;17,84;SAT;POZITIF;AL;NEGATIF;ARTIYOR;SAT;SAT;NOTR;2;04.09.2026
KARSN;izle;;81,7;23,8;26,4;31,5;47;0;zayif;26,8;79,2;86,9;yukari;guclu;yukselis;yukari;3,74;3,85;0;12,68;2,01;1305405518;11,16;AL;POZITIF;AL;POZITIF;ARTIYOR;AL;SAT;NOTR;5;04.09.2026
BALAT;AL;EVET;80,8;16,1;30,0;34,7;10;0;zayif;16,5;65,4;42,3;yukari;guclu;yukselis;yukari;1,89;2,92;2;78,95;9,50;4796686;67,38;AL;POZITIF;NOTR;POZITIF;ARTIYOR;AL;AL;NOTR;5;04.09.2026
OZATD;GUCLU AL;EVET;80,2;35,0;22,5;22,7;38;1;guclu trend;49,6;73,6;90,2;yukari;guclu;yukselis;yukari;0,04;5,24;1;4680;-1,47;112984560;4260,49;SAT;POZITIF;AL;POZITIF;AZALIYOR;SAT;SAT;PAHALI (SAT);3;04.09.2026
TKFEN;GUCLU AL;EVET;80,2;35,0;26,0;19,2;0;0;guclu trend;33,1;54,7;40,8;yukari;guclu;yukselis;yukari;0,63;2,04;1;210,8;1,10;980794430;197,64;SAT;POZITIF;AL;POZITIF;ARTIYOR;SAT;SAT;NOTR;3;04.09.2026
ATATP;GUCLU AL;EVET;80,0;35,0;26,0;19,0;32;2;guclu trend;47,8;58,7;42,7;yukari;guclu;yukselis;yukari;0,74;2,13;1;311;7,61;389685488;267,66;SAT;POZITIF;AL;POZITIF;ARTIYOR;SAT;AL;NOTR;4;04.09.2026
SOKM;AL;;79,6;29,7;26,0;23,9;22;2;ilimli;16,4;61,1;70,6;yukari;guclu;yukselis;yukari;0,56;1,97;2;58;0,00;172953622;52,67;SAT;POZITIF;NOTR;NEGATIF;AZALIYOR;AL;AL;NOTR;3;04.09.2026
RODRG;AL;;79,1;30,0;28,8;20,3;0;0;ilimli;17,2;58,3;64,5;yukari;guclu;yukselis;yukari;0,97;0,98;1;27;-0,74;8004744;22,52;AL;POZITIF;NOTR;POZITIF;AZALIYOR;AL;AL;NOTR;5;04.09.2026
DOHOL;AL;;79,0;29,1;26,9;23,1;0;0;ilimli;14,7;53,7;71,4;yukari;guclu;yukselis;yukari;0,32;0,57;2;21,8;1,77;74076749;20,39;AL;POZITIF;NOTR;POZITIF;AZALIYOR;SAT;SAT;NOTR;3;04.09.2026
GENIL;GUCLU AL;;78,4;35,0;22,9;20,5;32;2;guclu trend;41,5;52,9;58,9;yukari;guclu;yukselis;yukari;0,43;1,29;4;11,2;3,61;244787861;10,34;SAT;POZITIF;AL;NEGATIF;AZALIYOR;SAT;AL;NOTR;3;04.09.2026
ALKLC;izle;;77,4;35,0;25,4;17,0;51;1;guclu trend;59,8;81,3;39,0;yukari;guclu;yukselis;yukari;0,47;5,01;3;455,5;3,70;464283407;417,81;AL;POZITIF;AL;POZITIF;ARTIYOR;AL;AL;NOTR;6;04.09.2026
TRMET;GUCLU AL;;77,2;31,9;23,2;22,1;0;0;guclu trend;22,1;52,2;64,7;yukari;guclu;yukselis;yukari;0,65;0,98;1;137,3;-1,08;590891008;128,36;SAT;POZITIF;AL;NEGATIF;AZALIYOR;SAT;SAT;NOTR;2;04.09.2026
KCHOL;GUCLU AL;;77,1;34,9;24,6;17,7;32;2;guclu trend;29,7;58,1;65,1;yukari;guclu;yukselis;yukari;0,81;1,66;5;215,1;-0,60;5368453754;202,86;SAT;POZITIF;AL;NEGATIF;AZALIYOR;SAT;SAT;NOTR;2;04.09.2026
DOCO;AL;;76,8;30,0;23,2;23,6;22;2;ilimli;17,2;54,0;37,3;yukari;guclu;zayif;yukari;0,75;1,11;2;11515;2,11;40521285;10942,74;SAT;POZITIF;NOTR;POZITIF;ARTIYOR;SAT;AL;NOTR;3;04.09.2026
KZGYO;AL;;76,6;14,1;30,0;32,5;0;0;zayif;21,9;69,4;76,9;yukari;guclu;yukselis;yukari;3,03;1,93;0;22,32;5,08;101011615;19,34;AL;POZITIF;AL;POZITIF;ARTIYOR;AL;AL;NOTR;6;04.09.2026
DIRIT;AL;;76,6;24,8;26,0;25,8;0;0;zayif;16,7;59,3;61,9;yukari;guclu;yukselis;yukari;0,86;2,04;2;28;1,52;1878884;25,07;SAT;POZITIF;NOTR;POZITIF;AZALIYOR;AL;AL;NOTR;4;04.09.2026
ATSYH;izle;;76,5;28,6;24,8;23,1;32;3;ilimli;13,6;53,7;56,3;yukari;guclu;yukselis;yukari;0,20;1,89;2;123;1,32;1105401;112,53;SAT;POZITIF;NOTR;POZITIF;AZALIYOR;SAT;SAT;NOTR;2;04.09.2026
AKSGY;GUCLU AL;;76,4;29,8;21,9;24,6;10;1;guclu trend;25,5;54,0;63,1;yukari;guclu;yukselis;yukari;0,56;0,96;2;9,96;0,10;33176441;9,55;SAT;POZITIF;SAT;NEGATIF;AZALIYOR;SAT;AL;NOTR;2;04.09.2026
ARASE;GUCLU AL;;75,6;32,6;20,4;22,5;0;0;guclu trend;23,9;51,2;62,9;yukari;guclu;zayif;yukari;0,51;0,48;0;119,7;-0,25;25660328;108,17;SAT;POZITIF;AL;NEGATIF;AZALIYOR;SAT;SAT;NOTR;2;04.09.2026
SNPAM;AL;EVET;75,5;11,8;30,0;33,7;18;0;zayif;19,6;63,8;71,0;yukari;guclu;yukselis;yukari;4,01;1,66;3;21,28;6,40;3790394;19,55;AL;POZITIF;NOTR;POZITIF;ARTIYOR;AL;AL;NOTR;5;04.09.2026
ASELS;AL;;75,0;31,1;23,8;20,2;6;0;ilimli;19,9;52,6;53,4;yukari;guclu;yukselis;yukari;0,99;0,59;3;388,25;2,10;12897485240;363,22;SAT;POZITIF;NOTR;NEGATIF;AZALIYOR;SAT;AL;NOTR;2;04.09.2026
AKFIS;AL;;74,9;29,6;24,3;20,9;10;1;guclu trend;24,1;55,1;69,3;yukari;guclu;yukselis;yukari;0,59;1,65;2;17,43;3,63;230853883;16,36;SAT;POZITIF;SAT;POZITIF;ARTIYOR;SAT;SAT;PAHALI (SAT);2;04.09.2026
BRSAN;AL;;74,9;35,0;24,4;15,5;10;0;guclu trend;34,5;61,1;54,0;yukari;guclu;yukselis;yukari;0,57;2,78;2;715,5;4,00;1318623570;635,12;SAT;POZITIF;AL;POZITIF;AZALIYOR;SAT;AL;NOTR;4;04.09.2026
CELHA;AL;;74,7;33,6;21,1;20,0;16;1;guclu trend;26,5;47,3;36,3;yukari;guclu;yukselis;yukari;0,30;0,76;3;24,34;-1,06;20733907;21,70;SAT;NEGATIF;AL;NEGATIF;AZALIYOR;SAT;SAT;NOTR;1;04.09.2026
ARTMS;AL;;74,4;20,3;29,0;25,0;10;1;zayif;21,9;60,0;71,8;yukari;guclu;yukselis;yukari;0,92;1,10;0;42,28;3,07;40965515;36,40;AL;POZITIF;AL;POZITIF;ARTIYOR;AL;SAT;NOTR;5;04.09.2026
RALYH;izle;;74,4;30,9;26,0;17,4;38;3;ilimli;19,5;59,9;40,6;yukari;guclu;yukselis;yukari;0,74;1,83;3;271,25;5,85;425539441;235,06;SAT;POZITIF;NOTR;POZITIF;ARTIYOR;SAT;AL;NOTR;3;04.09.2026
ADGYO;AL;;73,7;29,3;21,5;22,9;10;0;guclu trend;21,4;50,7;52,6;yukari;guclu;yukselis;yukari;0,88;0,45;4;57,6;1,05;51520032;54,81;SAT;POZITIF;SAT;NEGATIF;AZALIYOR;SAT;SAT;NOTR;1;04.09.2026
TRALT;AL;;73,7;30,0;19,7;24,0;10;1;ilimli;17,1;49,7;62,3;yukari;guclu;zayif;yukari;0,91;0,31;2;50,8;-1,74;5344816234;48,12;SAT;NEGATIF;NOTR;NEGATIF;AZALIYOR;SAT;AL;NOTR;1;04.09.2026
DURKN;AL;;73,6;29,4;23,0;21,3;22;2;guclu trend;22,1;52,9;75,1;yukari;guclu;yukselis;yukari;0,31;0,69;1;21,9;-0,54;18238189;19,66;SAT;POZITIF;SAT;POZITIF;AZALIYOR;SAT;SAT;NOTR;2;04.09.2026
RUBNS;AL;;73,6;35,0;21,4;17,1;0;0;guclu trend;38,4;51,0;49,3;yukari;guclu;yukselis;yukari;0,30;0,70;0;30,8;0,26;30551721;29,16;SAT;POZITIF;AL;NEGATIF;ARTIYOR;SAT;SAT;NOTR;2;04.09.2026
KRDMA;AL;;73,4;35,0;30,0;8,4;10;0;guclu trend;44,5;58,0;76,5;yukari;guclu;yukselis;yukari;0,72;2,11;1;56,2;-0,44;516894667;53,49;AL;POZITIF;AL;POZITIF;AZALIYOR;SAT;SAT;NOTR;4;04.09.2026
EGGUB;AL;;73,3;27,7;23,0;22,6;0;0;guclu trend;20,3;53,5;65,3;yukari;guclu;yukselis;yukari;0,52;0,69;2;106,2;2,02;44561945;100,13;SAT;POZITIF;AL;POZITIF;AZALIYOR;SAT;SAT;NOTR;3;04.09.2026
ISBTR;izle;;73,2;28,0;23,3;22,0;32;3;ilimli;11,8;52,6;56,6;yukari;guclu;zayif;yukari;1,05;1,15;2;512925;4,25;2564625;482449,90;SAT;POZITIF;NOTR;POZITIF;ARTIYOR;SAT;SAT;NOTR;2;04.09.2026
BLUME;AL;;72,5;20,1;23,6;28,8;16;1;zayif;20,9;56,8;49,5;yukari;guclu;yukselis;yukari;1,16;1,25;3;40,7;1,80;150626427;38,48;SAT;POZITIF;SAT;NEGATIF;ARTIYOR;SAT;AL;NOTR;2;04.09.2026
AKBNK;AL;;72,5;20,4;27,2;24,9;0;0;zayif;18,6;57,0;54,3;yukari;guclu;yukselis;yukari;1,02;0,70;1;71,85;0,42;11041379256;66,67;AL;POZITIF;NOTR;POZITIF;AZALIYOR;SAT;SAT;NOTR;3;04.09.2026
KRDMD;AL;;72,3;29,3;21,3;21,7;0;0;guclu trend;21,5;49,3;64,3;yukari;guclu;yukselis;yukari;0,47;0,56;1;43,52;1,26;1285796093;41,86;SAT;NEGATIF;SAT;NEGATIF;AZALIYOR;SAT;SAT;NOTR;0;04.09.2026
RGYAS;izle;;72,1;29,1;19,3;23,6;40;4;guclu trend;20,3;48,5;70,9;yukari;guclu;zayif;yukari;0,43;0,39;1;204;0,00;198557892;199,35;SAT;NEGATIF;SAT;NEGATIF;AZALIYOR;SAT;SAT;NOTR;0;04.09.2026
HURGZ;AL;;72,0;29,6;23,2;19,2;6;0;guclu trend;23,6;49,9;70,5;yukari;guclu;yukselis;yukari;0,71;0,28;3;7,38;0,82;47701279;6,80;SAT;NEGATIF;SAT;NEGATIF;ARTIYOR;SAT;AL;NOTR;1;04.09.2026
KLYPV;AL;;71,2;25,0;26,5;19,7;0;0;zayif;28,5;53,7;64,1;yukari;guclu;yukselis;yukari;0,58;0,52;0;62,25;0,65;97059951;59,40;AL;POZITIF;AL;NEGATIF;AZALIYOR;SAT;SAT;NOTR;3;04.09.2026
TRENJ;AL;;71,1;30,8;24,6;15,7;16;1;ilimli;19,2;54,8;77,0;yukari;guclu;yukselis;yukari;0,73;1,42;3;105,2;-0,38;168666529;95,86;SAT;POZITIF;NOTR;NEGATIF;AZALIYOR;SAT;SAT;NOTR;1;04.09.2026
KGYO;izle;;71,1;28,9;22,5;19,7;40;4;ilimli;18,6;53,1;35,7;yukari;guclu;yukselis;yukari;0,49;0,84;1;12,18;0,50;167457108;10,80;SAT;POZITIF;NOTR;NEGATIF;AZALIYOR;SAT;AL;NOTR;2;04.09.2026
VESTL;AL;EVET;70,9;11,3;30,0;29,7;10;0;zayif;20,4;69,8;84,4;yukari;guclu;yukselis;yukari;1,46;2,11;1;26,46;9,98;431128630;21,42;AL;POZITIF;AL;POZITIF;ARTIYOR;AL;AL;NOTR;6;04.09.2026
OZSUB;AL;;70,9;30,2;18,3;22,4;16;1;guclu trend;28,5;43,7;53,8;yukari;guclu;yukselis;yukari;0,92;0,42;3;38,94;-7,51;142494544;37,97;SAT;NEGATIF;SAT;NEGATIF;ARTIYOR;SAT;SAT;NOTR;0;04.09.2026
TURGG;AL;;70,6;17,3;28,2;25,1;22;2;zayif;30,5;60,4;70,1;yukari;guclu;yukselis;yukari;0,96;0,73;1;28,92;2,99;26825556;25,81;AL;POZITIF;AL;POZITIF;AZALIYOR;AL;SAT;NOTR;5;04.09.2026
AYDEM;izle;;70,6;31,1;18,6;20,9;40;4;guclu trend;25,6;49,0;57,8;yukari;guclu;zayif;yukari;0,38;0,02;1;26;0,15;48388444;24,22;SAT;NEGATIF;AL;NEGATIF;AZALIYOR;SAT;SAT;NOTR;1;04.09.2026
KRONT;izle;;70,2;24,5;21,0;24,7;10;0;guclu trend;23,6;50,5;42,8;asagi;guclu;zayif;yukari;1,07;0,44;4;24,8;7,36;42137060;27,73;SAT;POZITIF;AL;NEGATIF;ARTIYOR;SAT;AL;NOTR;3;04.09.2026
BIGTK;izle;;70,1;21,2;21,5;27,4;38;3;guclu trend;20,6;47,9;64,5;asagi;guclu;yukselis;yukari;2,76;0,31;3;330;10,00;684893550;394,41;SAT;NEGATIF;SAT;NEGATIF;ARTIYOR;SAT;AL;NOTR;1;04.09.2026
VERUS;izle;;69,5;22,4;20,6;26,4;10;1;guclu trend;32,2;45,6;64,0;asagi;guclu;yukselis;yukari;1,29;0,33;2;619,5;-9,96;79636725;766,32;SAT;NEGATIF;SAT;NEGATIF;ARTIYOR;SAT;SAT;NOTR;0;04.09.2026
KRGYO;AL;;69,4;24,9;23,5;21,0;0;0;zayif;39,2;54,6;64,3;yukari;guclu;yukselis;yukari;0,27;1,03;2;2,94;0,68;20463764;2,79;SAT;POZITIF;AL;POZITIF;AZALIYOR;SAT;SAT;NOTR;3;04.09.2026
EGPRO;izle;;69,3;25,8;22,5;21,0;0;0;guclu trend;27,0;53,3;58,3;asagi;guclu;yukselis;yukari;1,00;0,59;2;37,74;5,66;56561731;41,75;SAT;POZITIF;AL;NEGATIF;ARTIYOR;SAT;SAT;NOTR;2;04.09.2026
TNZTP;AL;;69,3;29,0;22,9;17,4;6;0;ilimli;19,7;49,7;38,0;yukari;guclu;yukselis;yukari;0,97;0,74;3;29;-3,46;124054228;27,67;SAT;NEGATIF;NOTR;NEGATIF;ARTIYOR;SAT;SAT;NOTR;0;04.09.2026
METRO;AL;;69,2;28,4;19,7;21,1;0;0;ilimli;15,2;51,1;35,6;yukari;guclu;zayif;yukari;0,62;0,45;0;8,49;0,59;39108947;7,70;SAT;POZITIF;NOTR;NEGATIF;AZALIYOR;SAT;AL;NOTR;2;04.09.2026
ARSAN;izle;;69,1;27,0;23,4;18,7;0;0;guclu trend;36,1;53,1;80,0;asagi;guclu;yukselis;yukari;0,53;1,06;1;3,89;2,64;66788736;4,47;SAT;POZITIF;AL;POZITIF;AZALIYOR;SAT;SAT;NOTR;3;04.09.2026
TGSAS;izle;;68,9;25,0;26,0;17,9;0;0;guclu trend;24,8;57,0;69,3;asagi;guclu;yukselis;yukari;0,72;1,75;1;233,2;10,00;142892367;279,18;SAT;POZITIF;AL;POZITIF;ARTIYOR;SAT;AL;NOTR;4;04.09.2026
PSDTC;AL;;68,7;34,9;20,3;13,5;22;2;guclu trend;29,8;46,8;61,1;yukari;guclu;yukselis;yukari;1,03;0,13;2;150,2;-7,00;85052102;147,49;SAT;NEGATIF;AL;NEGATIF;ARTIYOR;SAT;SAT;NOTR;1;04.09.2026
ALTNY;AL;EVET;68,6;24,1;18,5;26,0;0;0;ilimli;18,4;47,8;70,4;yukari;guclu;zayif;yukari;1,12;0,03;1;16,89;1,38;536747411;16,42;SAT;NEGATIF;NOTR;NEGATIF;ARTIYOR;SAT;SAT;NOTR;0;04.09.2026
PETUN;AL;EVET;68,4;17,3;26,6;24,5;8;0;zayif;37,1;57,5;76,4;yukari;guclu;yukselis;asagi;1,54;0,47;1;11,7;3,08;52314994;10,87;AL;POZITIF;AL;POZITIF;ARTIYOR;SAT;SAT;NOTR;4;04.09.2026
MTRKS;AL;;68,0;32,5;20,2;15,3;0;0;guclu trend;23,6;47,9;59,4;yukari;guclu;yukselis;yukari;1,03;0,42;2;31,1;0,00;60730929;31,00;SAT;NEGATIF;AL;NEGATIF;ARTIYOR;SAT;SAT;NOTR;1;04.09.2026
CRFSA;izle;;67,8;27,0;24,4;16,5;10;0;guclu trend;56,2;55,6;56,6;asagi;guclu;yukselis;yukari;0,65;2,11;1;280,5;-8,03;628742433;337,96;SAT;POZITIF;AL;NEGATIF;ARTIYOR;SAT;SAT;NOTR;2;04.09.2026
BIGEN;izle;;67,7;27,0;24,7;16,0;10;0;guclu trend;41,0;52,8;86,4;asagi;guclu;yukselis;yukari;0,01;2,20;0;151,5;-9,98;11235240;188,58;SAT;POZITIF;AL;POZITIF;ARTIYOR;SAT;SAT;PAHALI (SAT);3;04.09.2026
BRLSM;izle;;67,1;26,7;27,7;12,7;0;0;guclu trend;29,3;50,8;52,7;asagi;guclu;yukselis;yukari;0,98;0,52;2;19,25;-1,43;252404114;24,25;AL;POZITIF;AL;POZITIF;ARTIYOR;SAT;SAT;NOTR;4;04.09.2026
CEMZY;AL;EVET;67,0;30,4;20,6;16,0;0;0;guclu trend;37,6;47,7;74,9;yukari;guclu;yukselis;yukari;0,22;0,17;1;14,5;3,28;218699049;13,41;SAT;NEGATIF;SAT;NEGATIF;ARTIYOR;SAT;SAT;NOTR;0;04.09.2026
HATSN;izle;;66,6;27,0;18,2;21,4;0;0;guclu trend;31,2;46,0;78,0;asagi;guclu;zayif;yukari;1,02;-0,11;2;60;1,35;497792640;78,27;SAT;NEGATIF;AL;NEGATIF;AZALIYOR;SAT;SAT;NOTR;1;04.09.2026
CVKMD;izle;;66,1;28,3;18,5;19,3;6;0;zayif;13,9;47,0;29,7;yukari;guclu;zayif;yukari;0,43;-0,06;3;15,65;-0,70;251016422;14,58;SAT;NEGATIF;NOTR;NEGATIF;AZALIYOR;SAT;SAT;NOTR;0;04.09.2026
ZRGYO;izle;;65,4;18,4;26,0;21,0;46;5;zayif;22,6;61,5;50,3;yukari;guclu;yukselis;yukari;0,35;1,50;3;19,7;1,08;6925161;18,29;SAT;POZITIF;AL;NEGATIF;AZALIYOR;SAT;AL;UCUZ (AL);3;04.09.2026
BUCIM;AL;;65,4;20,0;29,3;16,1;0;0;zayif;37,4;58,7;78,9;yukari;guclu;yukselis;asagi;0,77;1,19;1;5,7;-1,21;26117144;5,32;AL;POZITIF;AL;POZITIF;AZALIYOR;SAT;SAT;UCUZ (AL);4;04.09.2026
VANGD;izle;;64,9;34,6;19,0;11,3;0;0;guclu trend;28,8;46,5;33,7;yukari;guclu;zayif;yukari;0,70;-0,12;1;94;4,74;14271644;88,63;SAT;NEGATIF;AL;NEGATIF;ARTIYOR;SAT;AL;NOTR;2;04.09.2026
INVES;izle;;64,8;21,2;21,4;22,2;6;0;guclu trend;20,9;46,9;52,1;asagi;guclu;yukselis;yukari;1,89;0,78;3;765;-2,61;136869210;868,97;SAT;NEGATIF;SAT;NEGATIF;ARTIYOR;SAT;SAT;NOTR;0;04.09.2026
DURDO;izle;;64,6;21,5;22,6;20,5;40;4;zayif;15,9;49,1;45,0;asagi;zayif;zayif;yukari;0,31;-0,06;1;5;1,01;3359410;5,27;AL;NEGATIF;NOTR;POZITIF;AZALIYOR;SAT;AL;NOTR;3;04.09.2026
EBEBK;izle;;64,3;21,2;19,8;23,3;10;1;guclu trend;21,0;48,5;74,5;asagi;guclu;zayif;yukari;0,86;0,08;1;81,75;2,70;41679175;87,54;SAT;NEGATIF;SAT;POZITIF;ARTIYOR;SAT;SAT;NOTR;1;04.09.2026
ORGE;AL;EVET;64,1;33,5;20,9;9,7;22;2;guclu trend;26,1;50,0;45,6;yukari;guclu;yukselis;yukari;0,45;0,43;2;22,34;3,33;70529770;20,44;SAT;POZITIF;AL;NEGATIF;AZALIYOR;SAT;SAT;NOTR;2;04.09.2026
PRKME;AL;EVET;63,9;17,8;25,0;21,1;0;0;zayif;25,3;54,4;73,9;yukari;guclu;zayif;yukari;1,00;0,49;0;19,09;4,83;78226544;16,33;AL;POZITIF;AL;POZITIF;ARTIYOR;SAT;SAT;NOTR;4;04.09.2026
YGGYO;izle;;63,7;28,4;18,0;17,3;0;0;zayif;14,6;47,6;38,1;yukari;zayif;zayif;yukari;0,34;-0,30;2;223,2;1,64;11883838;215,58;SAT;NEGATIF;NOTR;NEGATIF;AZALIYOR;SAT;SAT;NOTR;0;04.09.2026
GMTAS;izle;;63,3;20,0;20,9;22,4;0;0;ilimli;11,1;51,9;50,4;asagi;guclu;zayif;yukari;0,66;0,45;0;45,98;2,82;83093171;48,51;SAT;POZITIF;NOTR;POZITIF;AZALIYOR;AL;AL;NOTR;4;04.09.2026
BJKAS;izle;;63,2;22,4;15,3;25,5;0;0;guclu trend;37,6;44,5;50,6;asagi;guclu;yukselis;yukari;1,27;-0,17;0;2;1,52;1131829540;2,68;SAT;NEGATIF;SAT;NEGATIF;ARTIYOR;SAT;SAT;NOTR;0;04.09.2026
PRZMA;AL;;62,9;33,7;21,2;8,0;22;2;guclu trend;26,7;48,2;62,8;yukari;guclu;yukselis;yukari;0,19;0,62;1;74,95;-0,79;71200776;67,71;SAT;NEGATIF;AL;NEGATIF;AZALIYOR;SAT;SAT;PAHALI (SAT);1;04.09.2026
SAYAS;AL;EVET;62,8;30,1;21,2;11,5;0;0;guclu trend;27,2;49,9;62,0;yukari;guclu;yukselis;yukari;0,72;0,50;0;55,8;3,81;132761201;51,71;SAT;NEGATIF;SAT;NEGATIF;ARTIYOR;SAT;AL;NOTR;1;04.09.2026
AGHOL;izle;;62,5;13,9;22,7;25,9;28;2;ilimli;22,9;53,3;68,3;asagi;zayif;zayif;yukari;0,94;0,06;3;32,88;-0,30;174722314;33,14;AL;POZITIF;AL;POZITIF;AZALIYOR;AL;SAT;NOTR;5;04.09.2026
KONYA;AL;EVET;62,2;14,0;25,9;22,3;18;1;zayif;27,3;55,4;64,5;yukari;guclu;zayif;asagi;1,43;0,53;1;3875;2,51;72795750;3704,36;AL;POZITIF;AL;NEGATIF;ARTIYOR;SAT;AL;UCUZ (AL);4;04.09.2026
ETILR;izle;;62,1;20,0;15,8;26,4;6;0;zayif;12,0;45,9;38,6;asagi;zayif;zayif;yukari;1,25;-0,40;3;5,69;5,18;49618985;6,46;SAT;NEGATIF;NOTR;NEGATIF;ARTIYOR;SAT;AL;NOTR;1;04.09.2026
PKART;izle;;62,0;22,6;19,5;19,9;0;0;ilimli;18,6;49,8;74,0;asagi;guclu;zayif;yukari;0,91;0,02;0;128;3,31;77098624;140,43;SAT;NEGATIF;NOTR;NEGATIF;ARTIYOR;SAT;AL;NOTR;1;04.09.2026
DSTKF;izle;;61,3;14,6;20,7;26,0;8;0;ilimli;23,9;56,6;98,2;asagi;zayif;zayif;yukari;1,47;0,37;0;2320;3,11;6633327760;2370,64;AL;POZITIF;SAT;POZITIF;AZALIYOR;AL;AL;PAHALI (SAT);5;04.09.2026
TBORG;izle;;59,9;20,3;20,6;19,0;0;0;zayif;35,9;47,2;75,6;yukari;guclu;yukselis;yukari;0,55;0,17;1;143,8;-2,04;32268576;143,79;SAT;NEGATIF;AL;NEGATIF;AZALIYOR;SAT;SAT;NOTR;1;04.09.2026
OZRDN;izle;;59,5;22,4;23,0;14,1;0;0;zayif;15,6;50,6;57,5;yukari;guclu;zayif;yukari;0,79;-0,11;1;29,52;-2,57;6272439;25,56;AL;POZITIF;NOTR;POZITIF;AZALIYOR;AL;SAT;NOTR;4;04.09.2026
ISDMR;izle;;59,4;14,6;25,7;19,2;8;0;ilimli;16,0;56,1;68,3;asagi;guclu;zayif;yukari;0,68;0,52;0;55,2;1,56;63890854;56,72;AL;POZITIF;NOTR;POZITIF;AZALIYOR;AL;AL;NOTR;5;04.09.2026
SAHOL;izle;;59,1;19,5;26,1;13,4;32;3;zayif;19,4;56,0;55,5;yukari;guclu;yukselis;yukari;0,72;0,49;1;92,6;-0,43;2539524072;88,21;AL;POZITIF;NOTR;POZITIF;ARTIYOR;SAT;SAT;NOTR;3;04.09.2026
SONME;izle;;58,2;22,6;19,6;16,0;10;0;zayif;35,3;47,8;44,4;yukari;guclu;yukselis;yukari;1,07;0,06;5;134,8;-0,44;7455518;126,44;SAT;NEGATIF;AL;NEGATIF;AZALIYOR;SAT;SAT;NOTR;1;04.09.2026
KUYAS;izle;;58,0;13,3;24,3;20,4;12;0;ilimli;21,9;55,3;64,3;asagi;guclu;zayif;asagi;2,60;0,14;1;68,7;-2,35;1321143938;72,64;AL;POZITIF;AL;POZITIF;AZALIYOR;AL;SAT;NOTR;5;04.09.2026
BLCYT;izle;;57,8;14,3;25,5;18,0;0;0;zayif;28,1;53,4;73,1;yukari;guclu;yukselis;asagi;2,43;-0,39;2;2,17;-3,98;192370958;1,86;AL;POZITIF;AL;POZITIF;ARTIYOR;AL;AL;UCUZ (AL);6;04.09.2026
CANTE;izle;;56,8;15,0;27,9;13,9;0;0;zayif;31,2;59,0;63,5;yukari;guclu;yukselis;asagi;0,83;0,60;0;1,33;-0,75;373760696;1,23;AL;POZITIF;AL;POZITIF;AZALIYOR;AL;SAT;UCUZ (AL);5;04.09.2026
SANFM;izle;;56,7;21,9;17,5;17,4;0;0;guclu trend;25,9;45,8;63,5;asagi;guclu;zayif;yukari;0,35;-0,03;1;9,58;0,00;19322228;11,16;SAT;NEGATIF;SAT;NEGATIF;AZALIYOR;SAT;SAT;NOTR;0;04.09.2026
UFUK;izle;;56,2;20,8;15,9;19,5;32;3;zayif;17,5;45,8;68,5;asagi;zayif;zayif;asagi;9,25;-0,35;2;1650;10,00;1927218150;1791,10;SAT;NEGATIF;NOTR;NEGATIF;ARTIYOR;SAT;AL;NOTR;1;04.09.2026
NTGAZ;izle;;56,2;19,6;23,9;12,6;32;3;zayif;23,6;52,1;73,3;yukari;guclu;zayif;asagi;0,49;-0,06;2;11,3;-0,18;23958328;10,47;AL;POZITIF;AL;NEGATIF;AZALIYOR;SAT;SAT;NOTR;3;04.09.2026
VESBE;izle;;56,1;12,0;26,0;18,0;0;0;zayif;22,3;60,8;78,3;yukari;guclu;zayif;asagi;2,62;0,61;1;5,99;9,91;273847645;5,00;AL;POZITIF;AL;POZITIF;ARTIYOR;AL;AL;UCUZ (AL);6;04.09.2026
PNSUT;izle;;56,1;15,0;24,7;16,3;8;0;zayif;30,8;55,4;70,7;yukari;guclu;zayif;asagi;0,94;0,09;1;11,22;2,37;42062714;10,32;AL;POZITIF;AL;POZITIF;ARTIYOR;AL;SAT;NOTR;5;04.09.2026
TERA;izle;;55,8;11,6;30,0;14,3;10;1;zayif;21,1;68,1;80,9;yukari;guclu;yukselis;asagi;1,01;1,71;0;194,4;0,21;2889847368;178,71;AL;POZITIF;AL;POZITIF;AZALIYOR;AL;AL;UCUZ (AL);6;04.09.2026
AVGYO;izle;;55,6;22,7;23,1;9,7;6;0;ilimli;19,0;51,5;30,8;asagi;guclu;yukselis;yukari;0,25;0,53;3;16;-0,62;6808576;18,21;SAT;POZITIF;NOTR;NEGATIF;AZALIYOR;AL;AL;NOTR;3;04.09.2026
HKTM;izle;;55,4;25,9;21,5;8,0;16;1;zayif;53,8;50,4;47,2;yukari;guclu;yukselis;yukari;0,47;0,33;3;12,9;-1,98;106122908;12,25;SAT;POZITIF;AL;NEGATIF;AZALIYOR;SAT;SAT;NOTR;2;04.09.2026
EFOR;izle;;55,3;19,2;19,1;17,0;40;4;ilimli;16,4;46,7;51,8;asagi;zayif;zayif;yukari;0,48;0,07;1;17,9;3,47;671430360;20,83;SAT;NEGATIF;NOTR;NEGATIF;AZALIYOR;SAT;AL;NOTR;1;04.09.2026
GARAN;izle;;55,1;16,2;24,4;14,5;22;2;zayif;17,3;51,7;56,7;yukari;guclu;zayif;asagi;0,75;0,14;1;131,4;0,00;3299363334;124,55;AL;POZITIF;NOTR;POZITIF;AZALIYOR;SAT;SAT;NOTR;3;04.09.2026
KORDS;izle;;54,9;22,0;16,8;16,0;6;0;guclu trend;27,0;45,3;19,2;asagi;guclu;zayif;yukari;0,61;-0,18;3;78,5;3,97;131788940;90,24;SAT;NEGATIF;SAT;NEGATIF;ARTIYOR;SAT;AL;NOTR;1;04.09.2026
ENDAE;izle;;54,3;30,8;15,5;8,0;22;2;guclu trend;26,1;45,3;60,9;yukari;guclu;zayif;yukari;0,55;-0,38;2;17,3;2,13;73744883;16,70;SAT;NEGATIF;AL;NEGATIF;AZALIYOR;SAT;AL;NOTR;2;04.09.2026
ARMGD;izle;;53,8;28,7;12,6;12,5;22;2;zayif;17,3;44,0;38,9;yukari;zayif;zayif;yukari;0,83;-0,08;2;185,9;-5,87;157384427;181,05;SAT;NEGATIF;NOTR;NEGATIF;ARTIYOR;SAT;AL;NOTR;1;04.09.2026
BINBN;izle;;53,7;23,6;17,4;12,8;0;0;zayif;27,5;46,7;39,3;yukari;zayif;zayif;asagi;0,66;-0,35;2;175;2,34;39487350;165,95;SAT;NEGATIF;SAT;NEGATIF;AZALIYOR;SAT;AL;NOTR;1;04.09.2026
PASEU;izle;;53,1;22,4;14,7;16,0;6;0;guclu trend;38,9;41,6;70,1;asagi;guclu;yukselis;yukari;0,54;-0,47;3;158,4;-9,95;1108439482;224,45;SAT;NEGATIF;SAT;NEGATIF;AZALIYOR;SAT;SAT;NOTR;0;04.09.2026
ESCAR;izle;;53,0;15,4;16,8;20,7;10;1;zayif;18,2;48,4;71,1;asagi;zayif;zayif;asagi;2,59;-0,35;2;45,46;-0,31;424921939;48,26;SAT;NEGATIF;NOTR;NEGATIF;ARTIYOR;AL;AL;NOTR;2;04.09.2026
ISMEN;izle;;52,9;12,5;22,3;18,1;0;0;zayif;23,6;53,8;79,2;yukari;guclu;zayif;asagi;0,97;-0,34;2;34,5;-2,60;238700325;31,75;AL;POZITIF;AL;POZITIF;AZALIYOR;AL;SAT;UCUZ (AL);5;04.09.2026
YKBNK;izle;;52,8;22,5;24,8;5,5;22;2;ilimli;16,5;51,7;57,6;yukari;guclu;zayif;asagi;0,99;0,15;2;35,9;0,00;7639487475;34,06;AL;POZITIF;NOTR;POZITIF;AZALIYOR;SAT;SAT;NOTR;3;04.09.2026
ENKAI;izle;;52,7;17,3;21,9;13,4;0;0;zayif;22,0;51,6;64,3;yukari;zayif;zayif;asagi;0,53;-0,39;1;87,25;0,40;824481177;80,56;AL;POZITIF;AL;POZITIF;AZALIYOR;AL;SAT;NOTR;5;04.09.2026
ALTIN;izle;;52,3;15,8;21,7;14,8;6;0;zayif;27,7;52,0;50,9;asagi;guclu;yukselis;asagi;1,16;0,53;3;74,99;-1,74;1753325742;79,40;SAT;POZITIF;AL;NEGATIF;ARTIYOR;SAT;AL;NOTR;3;04.09.2026
TTRAK;izle;;52,0;12,2;24,5;15,3;6;0;zayif;22,8;53,4;63,9;yukari;guclu;zayif;asagi;0,49;0,13;3;429,5;1,72;24004326;407,42;AL;POZITIF;AL;NEGATIF;ARTIYOR;SAT;SAT;UCUZ (AL);3;04.09.2026
GLYHO;izle;;51,4;22,8;16,4;12,2;0;0;zayif;19,2;45,9;46,9;asagi;zayif;zayif;yukari;0,49;-0,42;2;16,64;-0,78;23439853;17,60;SAT;NEGATIF;NOTR;NEGATIF;AZALIYOR;SAT;AL;NOTR;1;04.09.2026
SANKO;izle;;51,1;14,7;24,6;11,9;32;3;zayif;29,2;60,3;77,8;yukari;guclu;zayif;asagi;0,83;0,26;0;19,87;0,30;9737174;17,58;AL;POZITIF;AL;POZITIF;ARTIYOR;AL;AL;NOTR;6;04.09.2026
EYGYO;izle;;50,7;17,6;20,3;12,8;10;1;zayif;23,7;48,6;73,4;yukari;guclu;yukselis;asagi;0,72;-0,03;2;2,57;-3,75;15692659;2,31;SAT;NEGATIF;AL;POZITIF;AZALIYOR;SAT;SAT;UCUZ (AL);2;04.09.2026
TSPOR;izle;;50,7;15,4;19,1;16,2;10;1;zayif;40,8;46,6;60,7;asagi;guclu;yukselis;yukari;0,42;0,08;2;1,03;0,98;169099323;1,20;SAT;NEGATIF;AL;NEGATIF;AZALIYOR;SAT;AL;NOTR;2;04.09.2026
MARKA;izle;;50,4;20,1;14,7;15,6;46;4;ilimli;12,8;45,1;41,0;asagi;zayif;zayif;yukari;0,95;0,21;3;82,55;-0,78;35583178;90,30;SAT;NEGATIF;NOTR;NEGATIF;ARTIYOR;SAT;SAT;NOTR;0;31.08.2026
ZOREN;izle;;50,3;15,0;17,3;18,0;0;0;zayif;37,6;49,4;54,4;yukari;zayif;zayif;asagi;1,80;-1,25;1;2,35;2,17;214841841;2,18;AL;NEGATIF;AL;POZITIF;ARTIYOR;AL;SAT;UCUZ (AL);4;04.09.2026
KLGYO;izle;;48,7;14,4;23,3;11,0;0;0;zayif;28,3;50,4;64,5;yukari;guclu;zayif;asagi;0,50;-0,12;2;4,75;-0,42;22591551;4,49;AL;POZITIF;AL;POZITIF;AZALIYOR;SAT;SAT;UCUZ (AL);4;04.09.2026
KARTN;izle;;48,5;22,3;10,2;16,0;0;0;zayif;18,0;40,9;46,3;asagi;zayif;zayif;yukari;0,66;-0,90;1;160;-1,84;79967360;188,10;SAT;NEGATIF;NOTR;NEGATIF;AZALIYOR;AL;AL;NOTR;2;04.09.2026
BAGFS;izle;;48,5;15,0;19,9;13,7;0;0;zayif;34,4;51,9;60,2;yukari;guclu;yukselis;asagi;0,34;-0,13;0;25,94;1,49;10143889;24,47;SAT;POZITIF;AL;NEGATIF;AZALIYOR;SAT;SAT;NOTR;2;04.09.2026
OZKGY;izle;;48,4;15,4;22,4;10,7;0;0;zayif;27,7;50,0;57,9;yukari;zayif;zayif;asagi;0,25;-0,16;0;13,22;-0,08;18274746;12,25;AL;NEGATIF;AL;NEGATIF;AZALIYOR;SAT;SAT;NOTR;2;04.09.2026
TDGYO;izle;;47,9;16,8;20,1;11,0;10;1;zayif;21,7;48,9;57,1;yukari;guclu;zayif;asagi;0,33;-0,00;1;16,62;-1,36;3887235;16,24;SAT;NEGATIF;AL;POZITIF;AZALIYOR;AL;AL;UCUZ (AL);4;04.09.2026
KERVN;izle;;47,8;22,4;7,4;18,0;28;2;guclu trend;32,6;38,1;22,1;asagi;zayif;zayif;yukari;1,44;-0,89;3;8,3;2,98;14800693;9,48;SAT;NEGATIF;SAT;NEGATIF;ARTIYOR;SAT;SAT;NOTR;0;04.09.2026
YIGIT;izle;;47,6;11,1;23,5;13,1;0;0;zayif;19,9;52,6;73,6;yukari;guclu;zayif;asagi;0,84;-0,12;0;21,98;-0,54;59905149;20,59;AL;POZITIF;NOTR;POZITIF;AZALIYOR;AL;AL;NOTR;5;04.09.2026
BERA;izle;;47,5;13,4;19,6;14,5;0;0;zayif;25,9;50,2;59,2;yukari;zayif;zayif;asagi;1,09;-0,93;2;13,62;3,65;126243930;12,59;AL;POZITIF;AL;NEGATIF;ARTIYOR;SAT;SAT;NOTR;3;04.09.2026
DZGYO;izle;;46,8;9,9;18,9;18,0;0;0;zayif;17,0;50,1;66,2;yukari;zayif;zayif;asagi;2,18;-0,79;1;7,32;-3,94;30779341;6,86;AL;POZITIF;NOTR;POZITIF;ARTIYOR;AL;AL;NOTR;5;04.09.2026
PCILT;izle;;46,6;29,1;10,1;7,5;0;0;zayif;20,2;42,7;63,0;yukari;zayif;zayif;asagi;1,09;-0,82;2;31,14;-2,69;80127144;29,53;SAT;NEGATIF;SAT;NEGATIF;AZALIYOR;SAT;SAT;NOTR;0;04.09.2026
KAYSE;izle;;46,4;15,0;20,1;11,3;0;0;zayif;35,1;46,8;68,7;yukari;zayif;zayif;asagi;0,49;-0,90;0;3,98;-1,24;23917631;3,85;AL;NEGATIF;AL;NEGATIF;AZALIYOR;SAT;SAT;NOTR;2;04.09.2026
FADE;izle;;45,5;9,6;19,8;16,1;0;0;zayif;11,3;50,2;66,8;asagi;guclu;zayif;yukari;0,28;-0,01;1;15,84;2,79;22366920;17,28;SAT;POZITIF;NOTR;POZITIF;ARTIYOR;SAT;AL;NOTR;3;04.09.2026
FORTE;izle;;45,5;22,4;15,0;8,0;16;1;guclu trend;30,3;43,1;36,1;asagi;zayif;zayif;yukari;0,31;-0,43;3;110,7;2,03;109357098;130,93;SAT;NEGATIF;SAT;NEGATIF;AZALIYOR;SAT;AL;NOTR;1;04.09.2026
MPARK;izle;;45,1;18,2;20,1;6,9;10;0;zayif;23,0;50,3;41,7;yukari;guclu;zayif;asagi;0,59;-0,07;4;426,75;2,58;169602826;410,98;SAT;POZITIF;SAT;NEGATIF;ARTIYOR;SAT;AL;NOTR;2;04.09.2026
FLAP;izle;;44,7;8,8;26,0;10,0;8;0;zayif;27,5;53,7;59,6;asagi;guclu;yukselis;asagi;1,53;0,03;1;10,97;-2,05;18226545;11,32;AL;POZITIF;AL;POZITIF;AZALIYOR;AL;SAT;NOTR;5;04.09.2026
NIBAS;izle;;44,4;12,7;27,5;4,2;16;1;zayif;24,1;57,6;65,2;yukari;guclu;yukselis;asagi;0,73;0,42;3;4,32;-1,59;83188918;3,94;AL;POZITIF;AL;POZITIF;AZALIYOR;AL;SAT;NOTR;5;04.09.2026
SKTAS;izle;;44,1;4,9;21,1;18,0;0;0;zayif;24,7;50,3;64,1;asagi;zayif;zayif;asagi;1,36;-0,35;2;3,27;2,83;76720688;3,49;AL;POZITIF;AL;NEGATIF;ARTIYOR;AL;SAT;NOTR;4;04.09.2026
TABGD;izle;;43,3;5,8;14,8;22,6;10;0;zayif;20,8;44,7;35,4;asagi;zayif;zayif;asagi;1,79;-0,85;5;239,2;2,93;265532810;254,84;SAT;NEGATIF;SAT;NEGATIF;AZALIYOR;SAT;AL;NOTR;1;04.09.2026
TRGYO;izle;;43,2;21,8;15,5;5,9;0;0;zayif;19,2;46,6;53,3;yukari;zayif;zayif;asagi;0,42;-0,57;2;94,05;0,70;60371824;91,22;SAT;NEGATIF;NOTR;NEGATIF;AZALIYOR;SAT;SAT;NOTR;0;04.09.2026
PETKM;izle;;43,0;7,6;24,0;11,4;8;0;zayif;12,3;50,9;59,7;asagi;guclu;zayif;asagi;0,69;-0,05;2;20,06;-0,79;1012668699;21,04;AL;POZITIF;NOTR;NEGATIF;AZALIYOR;SAT;SAT;NOTR;2;04.09.2026
FRIGO;izle;;43,0;5,9;20,0;17,1;10;1;zayif;18,7;47,8;50,3;asagi;guclu;yukselis;asagi;1,24;-0,33;2;2,34;4,00;133469037;2,74;SAT;NEGATIF;NOTR;POZITIF;ARTIYOR;SAT;SAT;NOTR;1;04.09.2026
GEREL;izle;;42,4;14,1;16,9;11,4;28;2;zayif;20,2;46,6;26,0;asagi;zayif;zayif;yukari;0,85;-0,39;3;38,52;9,74;222365020;42,71;SAT;NEGATIF;SAT;NEGATIF;ARTIYOR;SAT;AL;NOTR;1;04.09.2026
ULUUN;izle;;42,2;16,4;13,4;12,4;0;0;zayif;13,7;46,0;51,5;yukari;zayif;zayif;asagi;0,95;-0,68;2;8,3;1,47;80038104;7,98;SAT;NEGATIF;NOTR;NEGATIF;AZALIYOR;SAT;SAT;NOTR;0;04.09.2026
ISCTR;izle;;42,0;4,2;22,8;15,0;8;0;zayif;22,8;56,4;51,7;asagi;zayif;zayif;asagi;1,00;-0,05;1;13,01;0,46;8024348391;13,05;AL;POZITIF;AL;POZITIF;AZALIYOR;AL;AL;NOTR;6;04.09.2026
HLGYO;izle;;41,9;7,0;16,9;18,0;0;0;zayif;36,4;52,7;77,1;asagi;zayif;zayif;asagi;2,48;-1,16;2;4,65;4,97;308397044;4,67;AL;POZITIF;AL;POZITIF;ARTIYOR;AL;AL;NOTR;6;04.09.2026
ULAS;izle;;41,4;10,8;18,9;11,7;6;0;zayif;19,1;49,7;31,0;yukari;zayif;zayif;asagi;0,92;-0,96;3;22;0,92;5269440;19,75;AL;NEGATIF;NOTR;NEGATIF;ARTIYOR;AL;AL;UCUZ (AL);3;04.09.2026
JANTS;izle;;41,2;15,0;16,0;10,2;40;4;zayif;34,0;48,2;24,8;yukari;zayif;zayif;asagi;0,83;-0,57;1;15,34;0,92;62464265;14,45;SAT;NEGATIF;AL;NEGATIF;AZALIYOR;SAT;SAT;UCUZ (AL);1;04.09.2026
SERNT;izle;;41,1;3,0;21,4;16,7;0;0;zayif;19,7;57,2;66,0;asagi;zayif;zayif;asagi;1,22;-0,19;1;8,35;1,71;35417335;8,46;AL;POZITIF;NOTR;POZITIF;AZALIYOR;AL;AL;NOTR;5;04.09.2026
FENER;izle;;40,9;12,4;16,2;12,3;0;0;zayif;23,4;47,2;60,9;yukari;zayif;zayif;asagi;0,71;-0,53;2;3,09;0,65;333755272;3,05;SAT;NEGATIF;AL;NEGATIF;AZALIYOR;SAT;AL;NOTR;2;04.09.2026
OBAMS;izle;;40,6;15,0;17,6;8,0;0;0;zayif;30,2;45,2;54,5;yukari;zayif;zayif;asagi;0,57;-1,71;0;5,12;-2,85;147013268;4,83;AL;NEGATIF;AL;NEGATIF;AZALIYOR;SAT;SAT;UCUZ (AL);2;04.09.2026
IHLAS;izle;;40,5;15,0;17,5;8,0;0;0;zayif;31,6;45,7;49,2;yukari;zayif;zayif;asagi;0,42;-2,23;1;1,05;0,96;55162644;0,99;AL;NEGATIF;AL;NEGATIF;AZALIYOR;SAT;SAT;UCUZ (AL);2;04.09.2026
AVPGY;izle;;40,5;12,3;24,5;3,6;0;0;zayif;21,8;52,2;60,3;yukari;guclu;zayif;asagi;0,51;0,07;0;54;-1,10;18804906;51,09;AL;POZITIF;AL;POZITIF;AZALIYOR;SAT;SAT;NOTR;4;04.09.2026
SDTTR;izle;;40,4;11,9;15,0;13,5;10;1;zayif;18,5;45,4;63,6;asagi;zayif;zayif;asagi;0,93;-0,60;1;21,62;5,98;252597465;24,84;SAT;NEGATIF;NOTR;NEGATIF;ARTIYOR;SAT;AL;NOTR;1;04.09.2026
DAGI;izle;;40,4;22,4;9,9;8,0;0;0;guclu trend;29,7;40,2;54,6;asagi;zayif;zayif;yukari;0,26;-0,35;2;9,32;-1,06;22853264;11,10;SAT;NEGATIF;SAT;NEGATIF;AZALIYOR;SAT;SAT;NOTR;0;04.09.2026
TCKRC;izle;;40,0;21,8;6,7;11,5;6;0;guclu trend;25,4;38,7;19,6;asagi;zayif;zayif;yukari;0,91;-0,89;3;141,6;0,93;411858043;160,83;SAT;NEGATIF;SAT;NEGATIF;AZALIYOR;SAT;AL;NOTR;1;04.09.2026
GSDDE;izle;;40,0;29,4;10,6;0,0;6;0;guclu trend;22,1;43,4;58,5;yukari;zayif;zayif;asagi;0,45;-0,61;3;12,82;1,02;32668514;12,38;SAT;NEGATIF;SAT;NEGATIF;AZALIYOR;SAT;AL;NOTR;1;04.09.2026
KOCMT;izle;;39,9;22,4;7,4;10,0;32;3;zayif;33,3;36,4;37,5;asagi;zayif;zayif;asagi;1,67;-1,88;2;3,74;10,00;449151096;4,76;SAT;NEGATIF;SAT;NEGATIF;ARTIYOR;SAT;AL;NOTR;1;04.09.2026
CASA;izle;;39,8;8,6;17,6;13,7;6;0;zayif;16,4;46,9;38,9;yukari;zayif;zayif;asagi;0,96;-1,74;3;69,1;-0,79;1084110;66,38;AL;NEGATIF;NOTR;POZITIF;ARTIYOR;AL;SAT;UCUZ (AL);3;04.09.2026
MNDRS;izle;;39,8;11,3;16,3;12,3;0;0;zayif;28,1;46,6;55,8;asagi;guclu;zayif;asagi;0,36;-0,53;1;11,03;0,73;13489359;12,36;SAT;NEGATIF;AL;NEGATIF;AZALIYOR;SAT;SAT;UCUZ (AL);1;04.09.2026
OYAKC;izle;;39,8;6,6;18,5;14,7;0;0;zayif;23,4;48,3;66,4;asagi;guclu;yukselis;asagi;0,49;-0,04;2;21,56;2,37;255454070;23,43;SAT;NEGATIF;SAT;NEGATIF;AZALIYOR;SAT;AL;NOTR;1;04.09.2026
DMRGD;izle;;39,6;21,1;9,7;8,7;10;0;guclu trend;20,4;41,7;45,8;asagi;zayif;zayif;yukari;0,74;-0,67;4;10,7;-2,10;252493079;12,14;SAT;NEGATIF;SAT;NEGATIF;AZALIYOR;SAT;SAT;NOTR;0;04.09.2026
ASTOR;izle;;39,5;20,8;6,8;12,0;46;4;zayif;17,6;39,3;41,4;asagi;zayif;zayif;yukari;0,86;-0,98;3;295;0,51;8779721855;348,90;SAT;NEGATIF;NOTR;NEGATIF;AZALIYOR;SAT;AL;NOTR;1;04.09.2026
SEKUR;izle;;38,4;20,7;9,7;8,0;22;2;zayif;17,1;42,8;35,8;asagi;zayif;zayif;yukari;0,47;-0,72;2;9,92;-0,80;11438504;11,78;SAT;NEGATIF;NOTR;NEGATIF;AZALIYOR;SAT;SAT;NOTR;0;04.09.2026
PAPIL;izle;;38,3;12,6;17,7;8,0;0;0;zayif;23,9;47,2;70,9;yukari;zayif;zayif;asagi;0,61;-0,94;2;12,55;-2,18;62965383;11,65;AL;NEGATIF;AL;POZITIF;AZALIYOR;SAT;SAT;UCUZ (AL);3;04.09.2026
ASGYO;izle;;38,3;1,0;19,0;18,4;0;0;zayif;19,1;47,2;67,7;asagi;zayif;zayif;asagi;1,24;-0,84;0;11,11;0,63;47242375;11,69;AL;NEGATIF;NOTR;NEGATIF;AZALIYOR;SAT;AL;NOTR;2;04.09.2026
DUNYH;izle;;38,0;17,3;2,7;18,0;50;4;zayif;30,7;32,5;35,2;asagi;zayif;zayif;asagi;2,62;-1,73;5;123,1;0,82;469962071;155,54;SAT;NEGATIF;SAT;NEGATIF;ARTIYOR;SAT;AL;NOTR;1;04.09.2026
TUCLK;izle;;37,4;14,8;11,3;11,4;0;0;zayif;29,4;44,1;63,3;yukari;zayif;zayif;asagi;0,27;-1,08;0;3,81;0,26;9125190;3,67;SAT;NEGATIF;AL;NEGATIF;AZALIYOR;SAT;SAT;NOTR;1;04.09.2026
EKGYO;izle;;37,1;9,4;22,3;5,4;6;0;zayif;19,7;49,0;43,1;yukari;zayif;zayif;asagi;0,81;-0,26;3;19,44;-0,36;2050895544;18,55;AL;NEGATIF;NOTR;NEGATIF;AZALIYOR;SAT;SAT;NOTR;1;04.09.2026
BOSSA;izle;;36,8;8,3;16,9;11,5;6;0;zayif;14,2;46,1;34,0;yukari;zayif;zayif;asagi;0,27;-0,51;3;6,41;1,10;7807771;6,19;SAT;NEGATIF;NOTR;NEGATIF;AZALIYOR;SAT;AL;NOTR;1;04.09.2026
MIATK;izle;;36,7;1,3;17,4;18,0;14;0;zayif;15,4;51,0;43,4;asagi;zayif;zayif;asagi;2,98;-1,29;3;30,7;9,96;1592576438;31,12;AL;POZITIF;NOTR;POZITIF;ARTIYOR;AL;AL;NOTR;5;04.09.2026
EDATA;izle;;36,2;28,4;7,4;0,4;0;0;zayif;15,2;38,3;34,5;yukari;zayif;zayif;asagi;0,48;-0,89;1;17,75;-1,55;36896109;17,57;SAT;NEGATIF;NOTR;NEGATIF;AZALIYOR;SAT;AL;NOTR;1;04.09.2026
DENGE;izle;;36,2;4,5;19,0;12,6;22;2;zayif;23,6;51,4;76,5;asagi;guclu;zayif;asagi;1,24;-0,02;2;2,36;4,89;56742688;2,55;SAT;POZITIF;AL;POZITIF;ARTIYOR;SAT;SAT;UCUZ (AL);3;04.09.2026
HATEK;izle;;35,7;11,2;16,4;8,0;0;0;zayif;20,3;45,9;46,8;yukari;zayif;zayif;asagi;0,62;-1,32;1;12,8;0,08;23387021;11,48;AL;NEGATIF;AL;NEGATIF;AZALIYOR;SAT;SAT;NOTR;2;04.09.2026
DYOBY;izle;;34,8;15,0;11,1;8,7;22;2;zayif;30,2;44,4;59,7;yukari;zayif;zayif;asagi;0,19;-1,24;1;13,05;0,69;7824389;12,37;SAT;NEGATIF;AL;NEGATIF;AZALIYOR;SAT;SAT;NOTR;1;04.09.2026
KTLEV;izle;;34,7;21,0;3,7;10,0;6;0;zayif;19,7;35,6;35,5;asagi;zayif;zayif;asagi;3,29;-1,82;3;42,68;-7,18;19942151042;62,23;SAT;NEGATIF;NOTR;NEGATIF;ARTIYOR;SAT;SAT;PAHALI (SAT);0;04.09.2026
BASGZ;izle;;34,5;8,4;20,3;5,8;22;2;zayif;22,0;48,9;57,6;asagi;zayif;zayif;asagi;0,53;-0,83;2;44,44;0,54;8409826;46,46;AL;NEGATIF;AL;NEGATIF;AZALIYOR;SAT;SAT;NOTR;2;04.09.2026
ANHYT;izle;;34,3;6,1;17,3;10,9;0;0;zayif;14,8;45,4;46,2;asagi;zayif;zayif;asagi;0,60;-0,58;1;104,7;0,67;45094185;112,59;SAT;NEGATIF;NOTR;NEGATIF;AZALIYOR;SAT;AL;NOTR;1;04.09.2026
VKGYO;izle;;34,2;1,7;12,8;19,7;0;0;zayif;24,3;40,6;43,9;asagi;zayif;zayif;asagi;2,16;-2,07;1;1,9;0,00;79740047;2,01;AL;NEGATIF;SAT;NEGATIF;ARTIYOR;SAT;SAT;NOTR;1;04.09.2026
ULKER;izle;;34,2;5,5;17,9;10,8;32;3;zayif;26,2;46,5;54,5;asagi;zayif;zayif;asagi;0,87;-1,83;2;90,45;2,03;626815153;97,01;AL;NEGATIF;AL;NEGATIF;AZALIYOR;SAT;SAT;UCUZ (AL);2;04.09.2026
ISBIR;izle;;34,1;13,2;15,7;5,1;0;0;zayif;13,8;45,8;57,9;yukari;guclu;zayif;asagi;0,71;-0,74;2;70,7;-2,48;1374832;70,46;SAT;NEGATIF;NOTR;NEGATIF;ARTIYOR;SAT;SAT;NOTR;0;04.09.2026
MAKTK;izle;;34,1;13,2;12,8;8,0;0;0;zayif;25,5;41,1;73,1;yukari;zayif;zayif;asagi;0,57;-1,84;0;9,76;-1,51;25344641;9,45;AL;NEGATIF;AL;NEGATIF;AZALIYOR;SAT;SAT;UCUZ (AL);2;04.09.2026
AKMGY;izle;;33,9;21,6;8,3;4,0;10;0;zayif;16,6;40,4;25,9;yukari;zayif;zayif;asagi;0,30;-1,16;5;245,2;-0,33;3150330;241,49;SAT;NEGATIF;NOTR;NEGATIF;AZALIYOR;SAT;SAT;NOTR;0;04.09.2026
LYDYE;izle;;33,8;1,1;18,8;13,9;46;4;zayif;19,8;53,3;51,9;asagi;guclu;zayif;asagi;2,31;-0,15;3;13037,5;10,00;54913950;13268,29;SAT;POZITIF;NOTR;POZITIF;ARTIYOR;AL;AL;NOTR;4;04.09.2026
PAGYO;izle;;33,6;21,1;4,4;8,2;10;0;zayif;19,7;34,6;35,4;asagi;zayif;zayif;asagi;1,19;-2,13;4;138;-4,70;19643472;159,59;SAT;NEGATIF;NOTR;NEGATIF;ARTIYOR;SAT;SAT;NOTR;0;04.09.2026
CEMTS;izle;;33,5;0,5;14,4;18,5;42;3;zayif;15,9;43,1;49,8;asagi;zayif;zayif;asagi;1,25;-1,99;4;8,75;1,74;16964903;9,23;AL;NEGATIF;NOTR;NEGATIF;ARTIYOR;SAT;SAT;UCUZ (AL);1;04.09.2026
EUPWR;izle;;33,4;22,2;1,2;10,0;0;0;zayif;28,4;29,0;35,1;asagi;zayif;zayif;asagi;5,26;-3,46;2;69,4;-7,28;7085459485;88,15;SAT;NEGATIF;SAT;NEGATIF;ARTIYOR;SAT;SAT;NOTR;0;04.09.2026
GATEG;izle;;33,2;5,7;14,9;12,6;46;5;zayif;17,3;45,7;51,3;asagi;zayif;zayif;asagi;1,14;-1,08;3;284;1,61;4407112;306,19;SAT;NEGATIF;NOTR;NEGATIF;AZALIYOR;SAT;SAT;NOTR;0;04.09.2026
TOASO;izle;;33,1;2,9;20,2;10,0;8;0;zayif;17,4;51,1;51,7;asagi;zayif;zayif;asagi;1,37;-0,56;1;274,25;5,28;1391065111;286,53;AL;POZITIF;NOTR;NEGATIF;ARTIYOR;SAT;AL;NOTR;3;04.09.2026
DNISI;izle;;33,0;8,6;11,5;12,8;10;1;zayif;16,7;43,9;62,1;yukari;zayif;zayif;asagi;0,99;-0,97;2;4,47;2,76;18300229;4,34;SAT;NEGATIF;NOTR;NEGATIF;ARTIYOR;SAT;AL;NOTR;1;04.09.2026
NTHOL;izle;;32,9;10,8;9,4;12,7;46;5;zayif;15,1;41,3;36,6;asagi;zayif;zayif;asagi;0,81;-0,92;3;42,66;-1,52;64031807;46,66;SAT;NEGATIF;NOTR;NEGATIF;AZALIYOR;SAT;SAT;NOTR;0;04.09.2026
PRDGS;izle;;32,9;25,8;6,8;0,3;16;1;zayif;35,2;40,9;41,6;yukari;zayif;zayif;asagi;0,50;-1,18;3;7,08;0,57;31371799;6,87;SAT;NEGATIF;AL;NEGATIF;AZALIYOR;SAT;SAT;NOTR;1;04.09.2026
TSKB;izle;;32,6;0,4;18,6;13,6;6;0;zayif;14,7;45,8;43,0;asagi;zayif;zayif;asagi;1,88;-1,15;3;10,97;-0,63;334606062;11,64;AL;NEGATIF;NOTR;NEGATIF;ARTIYOR;SAT;AL;UCUZ (AL);2;04.09.2026
EDIP;izle;;32,6;18,7;13,8;0,1;10;1;zayif;28,6;45,7;68,9;yukari;zayif;zayif;asagi;0,35;-0,63;1;35,26;0,17;37488079;32,84;SAT;NEGATIF;AL;POZITIF;AZALIYOR;SAT;SAT;NOTR;2;04.09.2026
BIENY;izle;;32,3;12,0;10,7;9,6;0;0;zayif;22,3;42,7;80,1;yukari;zayif;zayif;asagi;0,33;-1,15;2;20,78;-2,07;27331913;20,10;SAT;NEGATIF;AL;NEGATIF;AZALIYOR;SAT;SAT;UCUZ (AL);1;04.09.2026
GENTS;izle;;31,6;0,8;12,9;18,0;0;0;zayif;17,7;41,2;61,9;asagi;zayif;zayif;asagi;1,44;-3,09;0;5,15;1,58;45439593;5,56;AL;NEGATIF;NOTR;NEGATIF;ARTIYOR;SAT;AL;UCUZ (AL);2;04.09.2026
ISSEN;izle;;31,6;2,3;21,5;7,8;8;0;zayif;17,9;50,8;73,3;asagi;zayif;zayif;asagi;0,99;-0,59;1;7,01;1,15;9023356;7,43;AL;POZITIF;NOTR;POZITIF;AZALIYOR;AL;SAT;NOTR;4;04.09.2026
TSGYO;izle;;31,2;11,2;12,0;8,0;16;1;zayif;20,3;45,8;69,5;yukari;zayif;zayif;asagi;0,54;-1,27;3;5,81;2,65;11808325;5,50;SAT;NEGATIF;AL;NEGATIF;ARTIYOR;SAT;SAT;UCUZ (AL);1;04.09.2026
CCOLA;izle;;31,1;14,6;10,2;6,4;0;0;zayif;28,1;43,9;51,7;asagi;zayif;zayif;asagi;0,42;-1,29;2;79;0,25;227305357;84,19;SAT;NEGATIF;SAT;NEGATIF;AZALIYOR;AL;AL;NOTR;2;04.09.2026
HRKET;izle;;31,0;16,8;6,1;8,0;0;0;zayif;13,2;38,8;26,2;yukari;zayif;zayif;asagi;0,48;-1,45;2;89;-2,73;102906250;86,29;SAT;NEGATIF;NOTR;NEGATIF;ARTIYOR;SAT;SAT;NOTR;0;04.09.2026
DESA;izle;;30,6;8,8;13,9;8,0;0;0;zayif;17,6;45,6;37,9;yukari;zayif;zayif;asagi;0,32;-1,35;2;9,75;1,35;14204463;9,23;SAT;NEGATIF;NOTR;NEGATIF;AZALIYOR;SAT;AL;NOTR;1;04.09.2026
IHLGM;izle;;30,5;3,2;14,2;13,1;0;0;zayif;20,1;43,7;54,9;asagi;zayif;zayif;asagi;1,01;-2,06;1;1,57;1,29;34222486;1,67;AL;NEGATIF;AL;NEGATIF;ARTIYOR;SAT;SAT;UCUZ (AL);2;04.09.2026
MAALT;izle;;30,5;12,8;17,7;0,0;0;0;zayif;24,4;46,5;24,5;yukari;zayif;zayif;asagi;0,59;-1,06;2;1006;-0,40;26497034;954,44;AL;NEGATIF;AL;NEGATIF;AZALIYOR;SAT;SAT;NOTR;2;04.09.2026
MACKO;izle;;30,3;8,7;18,9;2,7;0;0;zayif;17,0;48,7;80,8;yukari;guclu;yukselis;asagi;0,20;-0,28;2;34,52;-0,69;8566656;31,82;SAT;NEGATIF;NOTR;NEGATIF;AZALIYOR;SAT;SAT;NOTR;0;04.09.2026
EREGL;izle;;30,3;13,6;7,4;9,3;0;0;zayif;16,3;40,0;54,1;asagi;zayif;zayif;asagi;0,46;-1,55;0;37,2;1,69;3121149192;40,26;SAT;NEGATIF;NOTR;NEGATIF;AZALIYOR;SAT;SAT;NOTR;0;04.09.2026
BRKO;izle;;30,1;8,7;21,4;0,0;0;0;zayif;14,2;49,3;34,8;asagi;zayif;zayif;asagi;0,35;-0,41;2;12;0,00;1600284;13,21;AL;NEGATIF;NOTR;POZITIF;AZALIYOR;SAT;SAT;NOTR;2;04.09.2026
KNFRT;izle;;29,9;8,7;13,2;8,0;6;0;zayif;17,4;44,8;63,9;yukari;zayif;zayif;asagi;0,24;-0,68;3;11,87;0,25;15089797;11,09;SAT;NEGATIF;NOTR;NEGATIF;AZALIYOR;SAT;SAT;NOTR;0;04.09.2026
FMIZP;izle;;29,9;9,0;16,6;4,3;32;3;zayif;19,0;45,8;51,5;yukari;zayif;zayif;asagi;0,57;-0,69;2;288,25;2,58;12657922;280,92;SAT;NEGATIF;NOTR;NEGATIF;AZALIYOR;SAT;AL;NOTR;1;04.09.2026
CUSAN;izle;;29,7;4,3;17,4;8,0;0;0;zayif;21,1;47,0;38,6;asagi;zayif;zayif;asagi;0,18;-0,43;2;24,1;1,69;12412609;27,24;SAT;NEGATIF;AL;POZITIF;AZALIYOR;SAT;AL;NOTR;3;04.09.2026
ACSEL;izle;;29,7;3,9;7,8;18,0;10;0;zayif;18,4;37,6;43,7;asagi;zayif;zayif;asagi;2,10;-2,44;4;113,6;3,46;32876067;124,29;SAT;NEGATIF;NOTR;NEGATIF;ARTIYOR;SAT;AL;NOTR;1;04.09.2026
TUKAS;izle;;29,5;1,6;17,1;10,8;10;1;zayif;24,0;45,0;55,8;asagi;zayif;zayif;asagi;1,40;-1,95;2;1,99;3,11;161543965;2,11;AL;NEGATIF;SAT;NEGATIF;ARTIYOR;SAT;SAT;UCUZ (AL);1;04.09.2026
ONRYT;izle;;29,4;0,0;11,0;18,4;0;0;zayif;7,9;44,4;59,6;asagi;zayif;zayif;asagi;2,53;-1,16;2;58,05;2,83;150639402;64,39;SAT;NEGATIF;NOTR;NEGATIF;ARTIYOR;SAT;AL;NOTR;1;04.09.2026
BNTAS;izle;;29,4;12,9;11,4;5,1;6;0;zayif;24,5;42,8;49,3;yukari;zayif;zayif;asagi;0,57;-0,99;3;6,17;0,49;15865809;5,97;SAT;NEGATIF;AL;NEGATIF;AZALIYOR;SAT;AL;NOTR;2;04.09.2026
GOODY;izle;;29,3;9,1;16,3;4,0;0;0;zayif;14,7;47,9;54,2;yukari;zayif;zayif;asagi;0,26;-0,67;2;2,65;1,15;25799600;2,60;SAT;NEGATIF;NOTR;POZITIF;AZALIYOR;AL;AL;NOTR;3;04.09.2026
OZGYO;izle;;29,3;10,9;10,3;8,1;6;0;zayif;29,8;44,0;44,0;asagi;zayif;zayif;asagi;0,71;-1,00;3;2,03;1,00;25924681;2,25;SAT;NEGATIF;AL;NEGATIF;AZALIYOR;SAT;SAT;NOTR;1;04.09.2026
YAYLA;izle;;29,2;7,0;15,9;6,3;38;3;zayif;38,8;48,8;67,4;asagi;zayif;zayif;asagi;0,84;-0,63;3;21,98;7,22;40862315;24,12;SAT;NEGATIF;AL;NEGATIF;ARTIYOR;SAT;AL;UCUZ (AL);2;04.09.2026
BRKSN;izle;;29,0;9,0;12,8;7,3;6;0;zayif;19,1;44,2;49,5;yukari;zayif;zayif;asagi;0,79;-0,81;3;7,77;0,26;2246866;7,34;SAT;NEGATIF;NOTR;NEGATIF;AZALIYOR;SAT;SAT;NOTR;0;04.09.2026
COSMO;izle;;29,0;1,8;16,6;10,6;0;0;zayif;25,6;46,2;51,5;asagi;zayif;zayif;asagi;0,86;-1,40;1;120,8;3,69;6886204;142,77;AL;NEGATIF;SAT;POZITIF;ARTIYOR;SAT;SAT;UCUZ (AL);2;04.09.2026
EGEEN;izle;;29,0;2,1;13,6;13,4;0;0;zayif;17,3;48,0;43,6;asagi;zayif;zayif;asagi;2,66;-1,33;2;5140;6,86;152642580;5202,08;SAT;NEGATIF;NOTR;NEGATIF;ARTIYOR;AL;AL;UCUZ (AL);2;04.09.2026
MSGYO;izle;;29,0;0,1;19,2;9,8;6;0;zayif;12,2;49,1;36,9;asagi;zayif;zayif;asagi;1,27;-0,86;3;5,87;6,73;14529988;6,21;AL;NEGATIF;NOTR;NEGATIF;ARTIYOR;AL;AL;NOTR;3;04.09.2026
IZFAS;izle;;28,7;4,0;6,6;18,0;6;0;zayif;19,7;39,5;47,2;asagi;zayif;zayif;asagi;1,77;-1,88;3;50,95;3,01;610193912;63,36;SAT;NEGATIF;NOTR;NEGATIF;ARTIYOR;SAT;SAT;NOTR;0;04.09.2026
SUWEN;izle;;28,6;1,0;24,3;3,3;0;0;zayif;14,6;54,7;80,1;asagi;guclu;zayif;asagi;0,83;-0,05;2;6,75;0,60;45770798;7,06;AL;POZITIF;NOTR;POZITIF;AZALIYOR;AL;AL;UCUZ (AL);5;04.09.2026
ALGYO;izle;;28,6;8,7;19,9;0,0;0;0;zayif;16,9;47,3;56,1;yukari;guclu;zayif;asagi;0,64;-2,09;1;3,58;1,99;60056616;3,35;AL;NEGATIF;NOTR;NEGATIF;AZALIYOR;SAT;SAT;NOTR;1;04.09.2026
OTKAR;izle;;28,5;8,4;12,1;8,0;0;0;zayif;14,9;45,6;58,2;yukari;zayif;zayif;asagi;0,34;-1,31;2;312;1,13;64425504;298,05;SAT;NEGATIF;NOTR;NEGATIF;AZALIYOR;SAT;SAT;UCUZ (AL);0;04.09.2026
TATGD;izle;;28,5;9,4;13,5;5,6;0;0;zayif;10,1;45,3;41,0;asagi;zayif;zayif;asagi;0,91;-1,08;2;17,51;2,16;45979421;19,05;SAT;NEGATIF;NOTR;NEGATIF;AZALIYOR;SAT;SAT;NOTR;0;04.09.2026
CMBTN;izle;;28,2;3,9;14,5;9,9;6;0;zayif;22,0;45,3;46,9;asagi;zayif;zayif;asagi;0,81;-0,94;3;1533;1,93;27587868;1649,89;SAT;NEGATIF;AL;NEGATIF;AZALIYOR;SAT;AL;UCUZ (AL);2;04.09.2026
ODAS;izle;;27,7;11,1;14,1;2,5;6;0;zayif;18,0;43,4;54,7;asagi;zayif;zayif;asagi;0,85;-1,26;3;7,24;-0,55;321670847;7,86;AL;NEGATIF;NOTR;POZITIF;AZALIYOR;AL;SAT;NOTR;3;04.09.2026
AKSEN;izle;;27,6;11,5;8,1;8,0;0;0;zayif;23,2;38,7;34,5;asagi;zayif;zayif;asagi;0,28;-1,94;2;78,8;-0,69;296731880;89,03;SAT;NEGATIF;SAT;NEGATIF;AZALIYOR;SAT;AL;NOTR;1;04.09.2026
MEKAG;izle;;27,2;3,2;16,0;8,0;0;0;zayif;20,2;45,2;69,0;asagi;zayif;zayif;asagi;0,44;-2,08;1;2,97;0,68;13305743;3,17;AL;NEGATIF;AL;POZITIF;AZALIYOR;SAT;SAT;NOTR;3;04.09.2026
EMNIS;izle;;27,1;0,7;17,4;9,0;22;2;zayif;17,3;48,3;25,4;asagi;zayif;zayif;asagi;0,91;-0,61;2;155,8;3,87;1042302;158,24;SAT;NEGATIF;NOTR;NEGATIF;ARTIYOR;AL;AL;NOTR;2;04.09.2026
BESLR;izle;;26,9;10,4;15,5;1,1;22;2;zayif;18,1;47,8;37,8;yukari;zayif;zayif;asagi;0,52;-0,72;2;12,84;0,55;23440075;11,92;SAT;NEGATIF;NOTR;NEGATIF;AZALIYOR;SAT;SAT;NOTR;0;04.09.2026
MERKO;izle;;26,8;1,8;6,9;18,0;0;0;zayif;25,3;34,8;52,0;asagi;zayif;zayif;asagi;3,50;-4,22;2;1,24;4,20;92304191;1,37;SAT;NEGATIF;SAT;NEGATIF;ARTIYOR;SAT;AL;UCUZ (AL);1;04.09.2026
HTTBT;izle;;26,4;0,5;14,9;11,1;10;0;zayif;15,3;47,1;53,5;asagi;zayif;zayif;asagi;1,18;-1,10;4;36,44;4,53;20740190;37,68;SAT;NEGATIF;NOTR;NEGATIF;ARTIYOR;SAT;AL;NOTR;1;04.09.2026
MEPET;izle;;26,1;11,3;6,5;8,2;0;0;zayif;14,3;38,6;40,5;yukari;zayif;zayif;asagi;1,19;-1,70;2;18,7;-1,99;6955465;17,93;SAT;NEGATIF;NOTR;NEGATIF;AZALIYOR;SAT;SAT;NOTR;0;04.09.2026
GUNDG;izle;;26,0;14,1;3,9;8,0;0;0;zayif;20,4;34,6;68,2;asagi;zayif;zayif;asagi;0,25;-2,17;2;1256;-9,96;115747936;1924,69;SAT;NEGATIF;SAT;NEGATIF;AZALIYOR;SAT;SAT;NOTR;0;04.09.2026
OZYSR;izle;;25,9;9,5;7,8;8,6;0;0;zayif;25,5;37,6;30,5;asagi;zayif;zayif;asagi;0,52;-1,52;1;11,6;0,43;16532946;12,95;SAT;NEGATIF;SAT;NEGATIF;AZALIYOR;SAT;AL;NOTR;1;04.09.2026
KRDMB;izle;;25,8;21,0;0,4;4,5;0;0;zayif;19,2;24,1;42,8;asagi;zayif;zayif;asagi;0,97;-3,50;2;99,65;-9,98;205062760;126,79;SAT;NEGATIF;NOTR;NEGATIF;ARTIYOR;SAT;SAT;PAHALI (SAT);0;04.09.2026
SNGYO;izle;;25,8;11,5;14,3;0,0;0;0;zayif;20,9;44,4;50,8;yukari;zayif;zayif;asagi;0,70;-1,27;1;3,24;0,00;39824693;3,17;AL;NEGATIF;AL;POZITIF;AZALIYOR;SAT;SAT;UCUZ (AL);3;04.09.2026
BFREN;izle;;25,8;3,8;9,0;13,0;0;0;zayif;21,8;41,6;46,2;asagi;zayif;zayif;asagi;0,73;-1,47;2;125,8;0,88;20744294;134,63;SAT;NEGATIF;AL;NEGATIF;AZALIYOR;SAT;AL;UCUZ (AL);2;04.09.2026
MAGEN;izle;;25,8;0,5;16,8;8,5;0;0;zayif;15,6;45,1;53,6;asagi;zayif;zayif;asagi;0,49;-1,66;1;33,9;0,00;279735918;37,68;AL;NEGATIF;NOTR;NEGATIF;AZALIYOR;SAT;AL;NOTR;2;04.09.2026
SANEL;izle;;25,7;13,4;8,4;4,0;0;0;zayif;14,7;39,5;48,6;asagi;zayif;zayif;asagi;0,64;-1,60;2;53,7;1,80;17650062;66,92;SAT;NEGATIF;NOTR;NEGATIF;AZALIYOR;SAT;SAT;NOTR;0;04.09.2026
DOFER;izle;;25,5;8,4;9,1;8,0;0;0;zayif;14,9;41,9;39,5;yukari;zayif;zayif;asagi;0,69;-1,96;2;27,84;2,88;13937511;27,00;SAT;NEGATIF;NOTR;NEGATIF;AZALIYOR;SAT;AL;UCUZ (AL);1;04.09.2026
BYDNR;izle;;25,3;9,0;4,3;12,0;28;2;zayif;24,0;33,0;40,2;asagi;zayif;zayif;asagi;1,92;-1,66;3;35,76;-1,92;49758037;40,32;SAT;NEGATIF;SAT;NEGATIF;ARTIYOR;SAT;SAT;NOTR;0;04.09.2026
TCELL;izle;;25,2;1,9;8,6;14,7;6;0;zayif;26,0;40,3;43,7;asagi;zayif;zayif;asagi;0,96;-1,93;3;98,15;1,60;3166536304;105,37;SAT;NEGATIF;SAT;NEGATIF;ARTIYOR;SAT;AL;NOTR;1;04.09.2026
AYES;izle;;25,2;13,5;11,7;0,0;10;0;zayif;15,6;45,0;32,4;asagi;zayif;zayif;asagi;0,19;-1,04;4;29,94;-0,20;1007002;32,95;SAT;NEGATIF;NOTR;NEGATIF;AZALIYOR;SAT;AL;NOTR;1;04.09.2026
MARBL;izle;;25,2;0,5;14,3;10,3;10;1;zayif;15,9;45,0;59,3;asagi;zayif;zayif;asagi;0,60;-0,90;2;12,18;1,08;9388539;13,00;SAT;NEGATIF;NOTR;NEGATIF;AZALIYOR;SAT;SAT;NOTR;0;04.09.2026
IZMDC;izle;;25,1;22,4;2,0;0,6;28;2;zayif;32,5;31,7;40,5;asagi;zayif;zayif;asagi;0,74;-1,81;3;10;0,40;87016870;12,65;SAT;NEGATIF;SAT;NEGATIF;AZALIYOR;SAT;AL;NOTR;1;04.09.2026
RUZYE;izle;;25,1;1,4;5,6;18,0;6;0;zayif;22,6;38,0;34,1;asagi;zayif;zayif;asagi;2,81;-2,42;3;8,07;3,07;139853245;9,26;SAT;NEGATIF;SAT;NEGATIF;ARTIYOR;SAT;AL;UCUZ (AL);1;04.09.2026
KCAER;izle;;24,7;18,6;1,5;4,6;22;2;zayif;30,0;29,6;46,6;asagi;zayif;zayif;asagi;0,90;-1,74;2;13,9;-0,14;194709963;16,08;SAT;NEGATIF;SAT;NEGATIF;ARTIYOR;SAT;SAT;NOTR;0;04.09.2026
KLNMA;izle;;24,7;8,0;15,1;1,6;6;0;zayif;11,1;43,9;37,0;yukari;zayif;zayif;asagi;0,52;-1,94;3;8,85;-0,45;645802;8,79;AL;NEGATIF;NOTR;NEGATIF;AZALIYOR;SAT;AL;NOTR;2;04.09.2026
ADEL;izle;;24,7;12,0;12,5;0,2;10;1;zayif;30,7;44,2;49,8;asagi;guclu;zayif;asagi;0,41;-0,77;1;31,4;1,82;83629159;36,26;SAT;NEGATIF;AL;NEGATIF;AZALIYOR;SAT;AL;NOTR;2;04.09.2026
GLCVY;izle;;24,6;0,4;15,4;8,8;10;1;zayif;14,8;44,6;55,1;asagi;zayif;zayif;asagi;0,65;-1,28;1;51,35;0,79;22655517;55,12;AL;NEGATIF;NOTR;NEGATIF;AZALIYOR;SAT;SAT;UCUZ (AL);1;04.09.2026
DOKTA;izle;;24,6;12,2;11,7;0,6;10;1;zayif;22,9;44,7;61,7;yukari;zayif;zayif;asagi;0,59;-0,94;2;22,24;1,00;11337685;21,43;SAT;NEGATIF;AL;NEGATIF;AZALIYOR;SAT;SAT;NOTR;1;04.09.2026
AFYON;izle;;24,3;0,3;10,3;13,7;10;1;zayif;14,0;42,5;55,4;asagi;zayif;zayif;asagi;0,76;-1,31;2;12,36;0,08;13980829;13,12;SAT;NEGATIF;NOTR;NEGATIF;AZALIYOR;SAT;SAT;NOTR;0;04.09.2026
TURSG;izle;;24,2;5,6;12,1;6,6;10;0;zayif;14,8;43,6;42,2;asagi;zayif;zayif;asagi;0,88;-1,12;4;6,08;1,33;330765169;6,59;SAT;NEGATIF;NOTR;NEGATIF;AZALIYOR;SAT;AL;NOTR;1;04.09.2026
PLTUR;izle;;24,2;1,3;13,2;9,7;0;0;zayif;15,4;45,9;54,1;asagi;zayif;zayif;asagi;0,42;-1,20;1;20,48;1,19;31141396;22,84;SAT;NEGATIF;NOTR;NEGATIF;AZALIYOR;SAT;AL;NOTR;1;04.09.2026
INTEM;izle;;23,8;9,4;10,5;3,9;6;0;zayif;22,5;42,9;28,8;yukari;zayif;zayif;asagi;0,52;-1,42;3;244,9;2,99;8098843;237,10;SAT;NEGATIF;SAT;NEGATIF;ARTIYOR;SAT;AL;NOTR;1;04.09.2026
IZENR;izle;;23,7;0,9;4,8;18,0;6;0;zayif;18,6;27,6;29,6;asagi;zayif;zayif;asagi;1,38;-4,09;3;6,89;6,49;384766524;7,97;SAT;NEGATIF;NOTR;NEGATIF;ARTIYOR;SAT;AL;UCUZ (AL);1;04.09.2026
GARFA;izle;;23,6;0,0;15,6;8,0;0;0;zayif;10,7;43,4;61,6;asagi;zayif;zayif;asagi;0,46;-1,34;0;26,46;-0,23;13952728;28,60;AL;NEGATIF;NOTR;POZITIF;AZALIYOR;SAT;SAT;NOTR;2;04.09.2026
GEDZA;izle;;23,6;9,3;6,2;8,0;28;2;zayif;21,8;37,7;61,7;yukari;zayif;zayif;asagi;0,50;-1,95;3;27,46;-0,22;7129385;27,38;SAT;NEGATIF;SAT;NEGATIF;AZALIYOR;SAT;SAT;NOTR;0;04.09.2026
ERSU;izle;;23,5;7,4;7,7;8,4;10;1;zayif;15,8;39,9;47,4;asagi;zayif;zayif;asagi;0,58;-1,09;1;23;1,50;5068556;26,72;SAT;NEGATIF;NOTR;NEGATIF;AZALIYOR;SAT;AL;NOTR;1;04.09.2026
ISGYO;izle;;23,5;19,7;2,1;1,8;46;4;zayif;28,9;30,4;55,3;asagi;zayif;zayif;asagi;0,77;-1,86;3;23,7;-3,97;42101012;27,46;SAT;NEGATIF;SAT;NEGATIF;AZALIYOR;SAT;SAT;NOTR;0;04.09.2026
EGSER;izle;;23,5;2,6;12,9;8,0;22;2;zayif;18,6;44,7;64,0;asagi;zayif;zayif;asagi;0,58;-1,03;2;2,9;1,40;4724367;3,13;SAT;NEGATIF;NOTR;NEGATIF;AZALIYOR;SAT;AL;NOTR;1;04.09.2026
MOBTL;izle;;23,3;12,8;9,9;0,6;32;2;zayif;13,7;43,6;36,2;asagi;zayif;zayif;asagi;0,53;-1,36;4;12,78;3,06;27453600;14,33;SAT;NEGATIF;NOTR;NEGATIF;AZALIYOR;SAT;AL;NOTR;1;04.09.2026
PINSU;izle;;23,2;5,1;8,8;9,3;0;0;zayif;25,2;42,2;66,1;asagi;zayif;zayif;asagi;0,78;-1,46;0;10,11;0,90;28429310;11,02;SAT;NEGATIF;AL;NEGATIF;AZALIYOR;SAT;SAT;UCUZ (AL);1;04.09.2026
ISKPL;izle;;22,9;8,3;6,5;8,0;6;0;zayif;14,3;39,4;45,9;yukari;zayif;zayif;asagi;0,35;-2,50;3;7,25;-0,96;127940569;7,02;SAT;NEGATIF;NOTR;NEGATIF;AZALIYOR;SAT;SAT;NOTR;0;04.09.2026
MOGAN;izle;;22,8;15,1;0,0;7,7;38;3;zayif;33,0;24,4;25,1;asagi;zayif;zayif;asagi;1,16;-2,94;3;13,85;-0,79;309031643;17,66;SAT;NEGATIF;SAT;NEGATIF;AZALIYOR;SAT;AL;NOTR;1;04.09.2026
GESAN;izle;;22,6;12,4;0,1;10,0;10;1;zayif;30,3;25,5;37,4;asagi;zayif;zayif;asagi;5,83;-4,07;2;60,5;-9,97;5494362797;76,83;SAT;NEGATIF;SAT;NEGATIF;ARTIYOR;SAT;SAT;NOTR;0;04.09.2026
EPLAS;izle;;22,3;9,9;10,1;2,3;40;5;zayif;26,2;42,8;42,3;yukari;zayif;zayif;asagi;0,50;-0,95;2;5,47;0,37;12483262;5,32;SAT;NEGATIF;SAT;NEGATIF;AZALIYOR;SAT;SAT;NOTR;0;04.09.2026
DOGUB;izle;;22,3;3,9;8,4;10,0;6;0;zayif;14,3;39,8;44,4;asagi;zayif;zayif;asagi;1,49;-2,09;3;66,3;5,24;38500940;78,65;SAT;NEGATIF;NOTR;NEGATIF;ARTIYOR;AL;AL;NOTR;2;04.09.2026
MERIT;izle;;22,3;0,0;12,5;9,7;0;0;zayif;9,7;40,1;41,1;asagi;zayif;zayif;asagi;0,80;-1,74;0;15,59;0,13;30919335;16,57;AL;NEGATIF;NOTR;NEGATIF;AZALIYOR;SAT;AL;NOTR;2;04.09.2026
ICBCT;izle;;22,3;13,0;9,3;0,0;0;0;zayif;9,7;40,2;22,6;asagi;zayif;zayif;asagi;0,46;-1,21;2;19,46;2,53;17720295;21,90;SAT;NEGATIF;NOTR;NEGATIF;AZALIYOR;SAT;AL;NOTR;1;04.09.2026
GSRAY;izle;;22,1;7,4;10,8;3,8;0;0;zayif;35,4;41,5;81,0;asagi;zayif;zayif;asagi;0,44;-0,87;2;1,02;0,99;123444981;1,13;SAT;NEGATIF;SAT;NEGATIF;AZALIYOR;SAT;AL;UCUZ (AL);1;04.09.2026
TMPOL;izle;;21,9;4,3;7,6;10,0;10;0;zayif;21,7;36,9;40,4;asagi;zayif;zayif;asagi;1,95;-2,12;5;365;3,55;1166335600;486,23;SAT;NEGATIF;SAT;NEGATIF;ARTIYOR;SAT;AL;NOTR;1;04.09.2026
KENT;izle;;21,6;0,8;10,3;10,6;10;1;zayif;17,7;43,9;58,1;asagi;zayif;zayif;asagi;0,85;-1,19;2;351,25;-3,57;1580625;398,71;SAT;NEGATIF;NOTR;NEGATIF;ARTIYOR;SAT;SAT;UCUZ (AL);0;04.09.2026
TTKOM;izle;;21,5;8,6;9,1;3,9;0;0;zayif;16,4;41,8;40,9;yukari;zayif;zayif;asagi;0,93;-2,17;2;51,9;2,17;1700956639;50,42;SAT;NEGATIF;NOTR;NEGATIF;AZALIYOR;SAT;AL;NOTR;1;04.09.2026
HUBVC;izle;;21,5;1,1;13,6;6,8;10;0;zayif;14,8;43,7;37,8;asagi;zayif;zayif;asagi;0,87;-1,82;4;2,55;-4,85;4165647;2,75;AL;NEGATIF;NOTR;NEGATIF;ARTIYOR;AL;AL;NOTR;3;04.09.2026
ADESE;izle;;21,5;6,8;14,6;0,0;0;0;zayif;29,5;44,7;37,9;asagi;zayif;zayif;asagi;0,44;-1,54;0;0,85;2,41;47141989;0,93;AL;NEGATIF;AL;NEGATIF;AZALIYOR;SAT;AL;UCUZ (AL);3;04.09.2026
SKBNK;izle;;21,4;2,4;10,0;9,0;0;0;zayif;41,2;31,8;57,3;asagi;zayif;zayif;asagi;0,76;-7,47;1;6,24;-0,79;667204368;7,27;AL;NEGATIF;SAT;POZITIF;AZALIYOR;SAT;SAT;NOTR;2;04.09.2026
CEMAS;izle;;21,4;2,9;10,5;8,0;0;0;zayif;19,4;44,2;61,6;asagi;zayif;zayif;asagi;0,54;-1,29;0;4,08;1,24;32999591;4,52;SAT;NEGATIF;NOTR;NEGATIF;AZALIYOR;SAT;SAT;NOTR;0;04.09.2026
SODSN;izle;;21,4;10,4;11,0;0,0;10;0;zayif;30,2;34,9;40,5;yukari;zayif;zayif;asagi;0,43;-3,85;4;7,35;-0,68;281064;7,13;AL;NEGATIF;SAT;NEGATIF;AZALIYOR;SAT;AL;UCUZ (AL);2;04.09.2026
SUMAS;izle;;21,4;1,8;9,6;10,0;0;0;zayif;25,4;30,3;33,8;asagi;zayif;zayif;asagi;2,48;-5,17;2;255;-2,39;1883175;276,32;AL;NEGATIF;SAT;NEGATIF;ARTIYOR;SAT;SAT;NOTR;1;04.09.2026
DGATE;izle;;21,4;4,5;6,9;10,0;6;0;zayif;22,7;34,7;35,4;asagi;zayif;zayif;asagi;1,82;-2,24;3;89,3;5,56;59280733;106,46;SAT;NEGATIF;SAT;NEGATIF;ARTIYOR;SAT;AL;NOTR;1;04.09.2026
ISFIN;izle;;21,3;6,8;8,9;5,7;10;1;zayif;16,8;34,1;29,1;asagi;zayif;zayif;asagi;0,61;-1,42;2;19,23;-0,41;22700707;20,49;SAT;NEGATIF;NOTR;NEGATIF;AZALIYOR;SAT;AL;NOTR;1;04.09.2026
AKENR;izle;;21,1;3,4;9,8;8,0;10;1;zayif;20,6;43,9;44,9;asagi;zayif;zayif;asagi;0,51;-1,23;1;10,17;0,89;60507259;11,26;SAT;NEGATIF;AL;NEGATIF;AZALIYOR;SAT;SAT;NOTR;1;04.09.2026
BULGS;izle;;21,1;2,4;8,7;10,0;6;0;zayif;36,0;27,3;25,7;asagi;zayif;zayif;asagi;1,78;-3,34;3;31,66;0,00;156941279;34,96;AL;NEGATIF;SAT;NEGATIF;ARTIYOR;AL;AL;UCUZ (AL);3;04.09.2026
DAPGM;izle;;21,1;0,3;5,7;15,1;0;0;zayif;14,4;36,4;49,0;asagi;zayif;zayif;asagi;1,13;-2,46;2;7,65;2,00;850951399;9,11;SAT;NEGATIF;NOTR;NEGATIF;AZALIYOR;SAT;AL;UCUZ (AL);1;04.09.2026
KLKIM;izle;;21,0;0,8;11,8;8,4;0;0;zayif;18,0;44,5;61,7;asagi;zayif;zayif;asagi;0,70;-1,49;2;26,26;2,26;38262947;28,72;SAT;NEGATIF;NOTR;NEGATIF;ARTIYOR;SAT;AL;UCUZ (AL);1;04.09.2026
SRVGY;izle;;21,0;1,5;5,8;13,7;6;0;zayif;23,3;36,4;49,9;asagi;zayif;zayif;asagi;1,04;-2,87;3;2,42;0,41;42480682;2,61;SAT;NEGATIF;SAT;NEGATIF;AZALIYOR;SAT;SAT;UCUZ (AL);0;04.09.2026
MZHLD;izle;;20,9;9,3;8,4;3,1;0;0;zayif;21,7;41,2;45,8;yukari;zayif;zayif;asagi;0,55;-1,60;1;5,23;-1,32;949642;5,18;SAT;NEGATIF;SAT;NEGATIF;AZALIYOR;SAT;SAT;UCUZ (AL);0;04.09.2026
ONCSM;izle;;20,8;4,2;6,6;10,0;0;0;zayif;21,2;33,6;48,6;asagi;zayif;zayif;asagi;1,82;-3,08;2;196,4;9,97;291814655;231,37;SAT;NEGATIF;SAT;NEGATIF;ARTIYOR;SAT;AL;NOTR;1;04.09.2026
NUGYO;izle;;20,8;1,7;16,2;3,0;0;0;zayif;16,3;47,0;56,8;asagi;zayif;zayif;asagi;0,86;-0,80;1;9,02;1,81;14323372;9,70;SAT;NEGATIF;NOTR;NEGATIF;AZALIYOR;SAT;AL;NOTR;1;04.09.2026
AYCES;izle;;20,7;0,0;12,7;8,0;0;0;zayif;10,9;40,8;42,2;asagi;zayif;zayif;asagi;0,30;-2,75;2;440,75;1,32;16530770;489,81;AL;NEGATIF;NOTR;NEGATIF;AZALIYOR;SAT;SAT;NOTR;1;04.09.2026
SEGMN;izle;;20,7;7,4;5,4;8,0;10;0;zayif;21,2;38,5;37,7;asagi;zayif;zayif;asagi;0,47;-1,68;4;46,1;-1,91;29711634;56,19;SAT;NEGATIF;SAT;NEGATIF;AZALIYOR;SAT;SAT;NOTR;0;04.09.2026
DERIM;izle;;20,6;6,2;6,4;8,0;22;2;zayif;28,1;39,8;56,8;asagi;zayif;zayif;asagi;0,46;-1,42;1;34,28;-0,75;7452095;39,25;SAT;NEGATIF;AL;NEGATIF;AZALIYOR;SAT;SAT;NOTR;1;04.09.2026
SASA;izle;;20,6;0,4;9,4;10,7;0;0;zayif;15,3;43,1;50,8;asagi;zayif;zayif;asagi;0,81;-1,67;0;2,29;2,69;4610508044;2,51;SAT;NEGATIF;NOTR;NEGATIF;ARTIYOR;SAT;SAT;NOTR;0;04.09.2026
PSGYO;izle;;20,5;7,0;6,9;6,6;6;0;zayif;20,9;34,6;35,7;asagi;zayif;zayif;asagi;1,10;-1,96;3;3,03;2,71;416538203;3,47;SAT;NEGATIF;SAT;NEGATIF;AZALIYOR;SAT;AL;NOTR;1;04.09.2026
BAYRK;izle;;20,5;3,3;9,2;8,0;32;3;zayif;20,5;41,7;46,7;asagi;zayif;zayif;asagi;0,23;-1,55;2;4,19;0,96;10718376;4,69;SAT;NEGATIF;AL;NEGATIF;AZALIYOR;SAT;SAT;UCUZ (AL);1;04.09.2026
BASCM;izle;;20,5;1,0;17,3;2,1;10;1;zayif;17,0;49,9;68,4;asagi;guclu;zayif;asagi;0,40;-0,32;1;13,75;3,38;608273;14,23;SAT;NEGATIF;NOTR;NEGATIF;ARTIYOR;SAT;SAT;NOTR;0;04.09.2026
INFO;izle;;20,5;12,0;1,5;6,9;0;0;zayif;15,4;28,6;28,1;asagi;zayif;zayif;asagi;1,11;-2,52;2;4,83;-7,82;277257577;6,69;SAT;NEGATIF;NOTR;NEGATIF;ARTIYOR;SAT;AL;NOTR;1;04.09.2026
OYYAT;izle;;20,3;3,2;7,6;9,5;0;0;zayif;20,2;40,5;62,9;asagi;zayif;zayif;asagi;0,79;-2,30;1;34,26;-0,06;16876270;37,66;SAT;NEGATIF;AL;NEGATIF;AZALIYOR;SAT;SAT;NOTR;1;04.09.2026
RNPOL;izle;;20,2;11,8;7,2;1,2;22;2;zayif;16,4;41,4;51,0;yukari;zayif;zayif;asagi;0,48;-1,14;2;2,28;3,64;3892357;2,19;SAT;NEGATIF;NOTR;NEGATIF;AZALIYOR;SAT;AL;NOTR;1;04.09.2026
ECILC;izle;;20,2;0,9;15,1;4,3;0;0;zayif;18,8;46,9;70,6;asagi;guclu;zayif;asagi;0,83;-0,88;2;73,15;4,50;346512501;80,64;SAT;NEGATIF;NOTR;NEGATIF;ARTIYOR;SAT;AL;NOTR;1;04.09.2026
BMSTL;izle;;20,2;9,0;9,5;1,7;16;1;zayif;13,4;41,8;37,7;asagi;zayif;zayif;asagi;0,49;-0,95;3;43,24;-1,01;57056131;47,59;SAT;NEGATIF;NOTR;NEGATIF;AZALIYOR;SAT;SAT;NOTR;0;04.09.2026
TAVHL;izle;;20,1;0,3;16,3;3,5;50;5;zayif;14,0;45,3;48,6;asagi;zayif;zayif;asagi;0,71;-0,77;4;268,25;0,75;672280907;286,88;SAT;NEGATIF;NOTR;NEGATIF;AZALIYOR;SAT;AL;NOTR;1;04.09.2026
ICUGS;izle;;19,6;4,3;5,4;10,0;6;0;zayif;21,4;29,6;42,9;asagi;zayif;zayif;asagi;3,02;-3,60;3;4,03;9,81;145714810;4,82;SAT;NEGATIF;SAT;NEGATIF;ARTIYOR;SAT;AL;NOTR;1;04.09.2026
AKSUE;izle;;19,5;5,4;4,1;10,0;0;0;zayif;33,4;25,3;16,0;asagi;zayif;zayif;asagi;1,83;-4,10;2;29,7;3,05;135102746;36,50;SAT;NEGATIF;SAT;NEGATIF;AZALIYOR;SAT;AL;NOTR;1;04.09.2026
AKYHO;izle;;19,2;1,2;8,0;10,0;10;0;zayif;21,1;38,2;22,5;asagi;zayif;zayif;asagi;1,42;-2,18;4;2,09;5,56;3780877;2,27;SAT;NEGATIF;SAT;NEGATIF;ARTIYOR;SAT;AL;UCUZ (AL);1;04.09.2026
DESPC;izle;;19,1;2,7;9,5;6,9;0;0;zayif;18,9;44,2;66,5;asagi;zayif;zayif;asagi;0,87;-1,12;1;39,46;2,49;24644309;45,12;SAT;NEGATIF;NOTR;NEGATIF;AZALIYOR;SAT;AL;NOTR;1;04.09.2026
BURCE;izle;;19,0;0,3;5,2;13,5;16;1;zayif;14,2;34,4;60,4;asagi;zayif;zayif;asagi;1,03;-3,14;3;33;3,45;56680371;37,07;SAT;NEGATIF;NOTR;NEGATIF;ARTIYOR;SAT;AL;UCUZ (AL);1;04.09.2026
MHRGY;izle;;18,9;0,7;8,2;10,0;10;1;zayif;16,9;39,1;45,6;asagi;zayif;zayif;asagi;1,52;-2,58;2;3,22;2,22;14814769;3,46;SAT;NEGATIF;NOTR;NEGATIF;ARTIYOR;SAT;AL;NOTR;1;04.09.2026
FONET;izle;;18,9;11,3;4,1;3,5;32;2;zayif;17,5;35,5;28,7;asagi;zayif;zayif;asagi;0,91;-1,99;4;4,69;2,63;95837294;5,37;SAT;NEGATIF;NOTR;NEGATIF;ARTIYOR;SAT;AL;NOTR;1;04.09.2026
PENTA;izle;;18,9;0,0;9,3;9,6;32;3;zayif;10,9;41,8;61,0;asagi;zayif;zayif;asagi;0,69;-1,50;2;12,9;-0,31;16579893;13,99;SAT;NEGATIF;NOTR;NEGATIF;AZALIYOR;SAT;SAT;NOTR;0;04.09.2026
QNBFK;izle;;18,8;4,2;8,0;6,5;10;0;zayif;20,8;38,5;37,0;asagi;zayif;zayif;asagi;1,09;-1,95;4;40,7;0,15;1439356;44,44;SAT;NEGATIF;SAT;NEGATIF;AZALIYOR;SAT;AL;NOTR;1;04.09.2026
AEFES;izle;;18,8;5,7;8,0;5,0;6;0;zayif;31,1;38,5;40,5;asagi;zayif;zayif;asagi;0,62;-2,40;3;18,45;1,32;680762288;19,51;SAT;NEGATIF;SAT;NEGATIF;AZALIYOR;AL;AL;NOTR;2;04.09.2026
ZEDUR;izle;;18,6;2,4;5,1;11,0;0;0;zayif;33,3;32,6;51,7;asagi;zayif;zayif;asagi;0,88;-3,06;1;7,44;-0,13;9678614;8,21;SAT;NEGATIF;SAT;NEGATIF;AZALIYOR;SAT;SAT;NOTR;0;04.09.2026
ECOGR;izle;;18,5;11,1;4,2;3,3;6;0;zayif;14,9;32,8;51,6;asagi;zayif;zayif;asagi;0,90;-2,55;3;32,56;-2,46;173011793;37,31;SAT;NEGATIF;NOTR;NEGATIF;ARTIYOR;SAT;AL;NOTR;1;04.09.2026
BURVA;izle;;18,4;3,3;5,1;10,0;10;0;zayif;14,5;35,6;17,6;asagi;zayif;zayif;asagi;1,56;-3,02;4;649,5;3,51;20811929;790,13;SAT;NEGATIF;NOTR;NEGATIF;ARTIYOR;SAT;SAT;NOTR;0;04.09.2026
LKMNH;izle;;18,4;2,4;5,3;10,6;10;0;zayif;41,3;33,5;52,1;asagi;zayif;zayif;asagi;1,60;-2,87;4;12,97;-2,33;29884372;14,27;SAT;NEGATIF;SAT;NEGATIF;ARTIYOR;SAT;SAT;UCUZ (AL);0;04.09.2026
CONSE;izle;;18,3;3,0;12,5;2,8;16;1;zayif;19,7;39,9;37,4;asagi;zayif;zayif;asagi;0,87;-2,43;3;2,23;-0,45;13094179;2,44;AL;NEGATIF;NOTR;NEGATIF;AZALIYOR;SAT;SAT;UCUZ (AL);1;04.09.2026
ECZYT;izle;;18,3;4,3;12,5;1,5;40;4;zayif;11,7;44,6;36,9;asagi;zayif;zayif;asagi;0,67;-1,16;2;311,25;3,92;72565448;332,87;SAT;NEGATIF;NOTR;NEGATIF;ARTIYOR;SAT;AL;NOTR;1;04.09.2026
PKENT;izle;;18,3;3,5;11,9;2,8;16;1;zayif;21,0;38,0;40,9;asagi;zayif;zayif;asagi;0,87;-2,63;3;122,4;-0,73;16188257;132,80;AL;NEGATIF;AL;NEGATIF;AZALIYOR;SAT;SAT;UCUZ (AL);2;04.09.2026
ALCAR;izle;;18,2;0,8;13,1;4,3;0;0;zayif;14,1;41,9;54,9;asagi;zayif;zayif;asagi;0,72;-1,94;2;684,5;0,96;20900523;737,49;AL;NEGATIF;NOTR;NEGATIF;ARTIYOR;AL;AL;UCUZ (AL);3;04.09.2026
EGEPO;izle;;18,1;5,4;2,7;10,0;0;0;zayif;30,5;28,3;31,1;asagi;zayif;zayif;asagi;1,40;-4,06;1;13,94;-9,95;64359879;17,64;SAT;NEGATIF;SAT;NEGATIF;ARTIYOR;SAT;SAT;NOTR;0;04.09.2026
THYAO;izle;;18,1;3,5;8,4;6,2;0;0;zayif;15,6;39,6;36,2;asagi;zayif;zayif;asagi;0,97;-1,81;2;296;1,54;13260743168;313,33;SAT;NEGATIF;NOTR;NEGATIF;ARTIYOR;SAT;SAT;NOTR;0;04.09.2026
KLMSN;izle;;18,0;12,0;6,0;0,0;10;1;zayif;22,2;37,3;26,2;yukari;zayif;zayif;asagi;0,46;-2,37;2;27,5;0,59;9676398;26,86;SAT;NEGATIF;AL;NEGATIF;AZALIYOR;SAT;SAT;NOTR;1;04.09.2026
OYLUM;izle;;17,9;1,0;11,0;5,9;0;0;zayif;19,6;34,9;45,4;asagi;zayif;zayif;asagi;0,98;-1,95;2;7,17;0,70;3251717;7,76;AL;NEGATIF;NOTR;NEGATIF;AZALIYOR;SAT;AL;UCUZ (AL);2;04.09.2026
SMART;izle;;17,9;1,2;6,7;10,0;0;0;zayif;15,1;38,7;40,1;asagi;zayif;zayif;asagi;0,82;-2,77;2;22,72;2,34;19478674;25,47;SAT;NEGATIF;NOTR;NEGATIF;ARTIYOR;SAT;AL;NOTR;1;04.09.2026
VAKFN;izle;;17,8;2,4;7,4;8,0;0;0;zayif;35,0;36,2;51,2;asagi;zayif;zayif;asagi;1,18;-3,21;1;1,13;1,80;56334800;1,22;SAT;NEGATIF;SAT;NEGATIF;AZALIYOR;SAT;SAT;UCUZ (AL);0;04.09.2026
EUREN;izle;;17,8;0,5;14,7;2,6;0;0;zayif;13,2;45,0;60,7;asagi;zayif;zayif;asagi;0,84;-1,80;1;3,84;2,67;85216132;4,10;AL;NEGATIF;NOTR;NEGATIF;ARTIYOR;SAT;SAT;UCUZ (AL);1;04.09.2026
SKYLP;izle;;17,7;4,0;3,8;10,0;0;0;zayif;19,1;32,8;24,8;asagi;zayif;zayif;asagi;1,58;-3,21;2;203,8;-7,57;18572702;257,02;SAT;NEGATIF;NOTR;NEGATIF;ARTIYOR;SAT;AL;NOTR;1;04.09.2026
EUYO;izle;;17,7;0,3;9,4;8,0;10;1;zayif;13,9;43,1;39,2;asagi;zayif;zayif;asagi;0,67;-1,52;1;4,84;0,83;3034322;5,38;SAT;NEGATIF;NOTR;NEGATIF;AZALIYOR;AL;AL;NOTR;2;04.09.2026
YEOTK;izle;;17,7;11,2;6,5;0,0;10;0;zayif;16,3;33,3;20,3;asagi;zayif;zayif;asagi;0,65;-2,72;4;32,24;0,81;334575952;37,53;SAT;NEGATIF;NOTR;NEGATIF;AZALIYOR;SAT;AL;NOTR;1;04.09.2026
MRSHL;izle;;17,6;4,7;9,0;4,0;0;0;zayif;16,3;40,2;28,0;asagi;zayif;zayif;asagi;0,41;-1,33;1;1580;1,28;33894160;1801,84;SAT;NEGATIF;NOTR;NEGATIF;AZALIYOR;SAT;AL;NOTR;1;04.09.2026
MOPAS;izle;;17,4;2,4;3,1;11,9;0;0;zayif;30,1;27,9;42,8;asagi;zayif;zayif;asagi;0,93;-4,80;2;25,44;0,55;55414451;28,00;SAT;NEGATIF;SAT;NEGATIF;AZALIYOR;SAT;AL;UCUZ (AL);1;04.09.2026
GIPTA;izle;;17,4;7,4;10,0;0,0;0;0;zayif;35,2;42,4;69,0;asagi;zayif;zayif;asagi;0,60;-0,79;2;69,25;1,24;314090923;89,39;SAT;NEGATIF;SAT;NEGATIF;AZALIYOR;SAT;AL;NOTR;1;04.09.2026
CIMSA;izle;;17,3;0,5;6,1;10,7;6;0;zayif;15,9;37,7;47,2;asagi;zayif;zayif;asagi;0,75;-2,32;3;43,78;0,78;282881405;47,19;SAT;NEGATIF;NOTR;NEGATIF;AZALIYOR;SAT;AL;NOTR;1;04.09.2026
UNLU;izle;;17,3;2,4;5,3;9,5;10;0;zayif;30,8;33,6;42,4;asagi;zayif;zayif;asagi;1,27;-3,25;4;10,45;0,48;11448686;11,38;SAT;NEGATIF;SAT;NEGATIF;AZALIYOR;SAT;SAT;UCUZ (AL);0;04.09.2026
ESEN;izle;;17,3;6,4;8,5;2,4;6;0;zayif;28,5;43,2;38,7;asagi;zayif;zayif;asagi;0,44;-1,56;3;3,38;2,11;53973442;3,71;SAT;NEGATIF;AL;NEGATIF;AZALIYOR;SAT;SAT;UCUZ (AL);1;04.09.2026
GLBMD;izle;;17,2;0,7;8,6;8,0;0;0;zayif;16,8;39,8;20,5;asagi;zayif;zayif;asagi;0,52;-1,44;2;11,6;0,96;1587100;12,89;SAT;NEGATIF;NOTR;NEGATIF;AZALIYOR;SAT;AL;NOTR;1;04.09.2026
AKFYE;izle;;17,2;9,3;7,8;0,0;0;0;zayif;10,6;40,9;47,9;asagi;zayif;zayif;asagi;0,44;-1,34;1;22,46;-0,80;64345744;24,83;SAT;NEGATIF;NOTR;NEGATIF;AZALIYOR;SAT;SAT;NOTR;0;04.09.2026
DERHL;izle;;17,2;1,6;7,5;8,0;6;0;zayif;23,8;36,8;33,9;asagi;zayif;zayif;asagi;0,69;-2,87;3;2,05;1,99;31078840;2,28;SAT;NEGATIF;SAT;NEGATIF;AZALIYOR;SAT;AL;UCUZ (AL);1;04.09.2026
LOGO;izle;;17,1;0,0;11,6;5,4;40;4;zayif;9,3;43,8;47,2;asagi;zayif;zayif;asagi;0,61;-1,14;2;133,6;-0,15;49193524;142,96;SAT;NEGATIF;NOTR;NEGATIF;AZALIYOR;SAT;SAT;UCUZ (AL);0;04.09.2026
RAYSG;izle;;17,0;0,9;8,1;8,0;6;0;zayif;18,8;38,6;45,8;asagi;zayif;zayif;asagi;0,69;-3,00;3;153,9;2,60;14773169;166,26;SAT;NEGATIF;NOTR;NEGATIF;ARTIYOR;SAT;AL;UCUZ (AL);1;04.09.2026
SARKY;izle;;17,0;11,5;5,5;0,0;32;3;zayif;16,0;37,9;45,0;yukari;zayif;zayif;asagi;0,43;-2,20;2;23,48;0,17;64306601;23,35;SAT;NEGATIF;NOTR;NEGATIF;AZALIYOR;SAT;AL;NOTR;1;04.09.2026
ESCOM;izle;;17,0;10,3;3,8;2,9;50;4;zayif;17,2;35,1;17,5;asagi;zayif;zayif;asagi;0,88;-2,19;4;5,08;-0,39;111768138;5,69;SAT;NEGATIF;NOTR;NEGATIF;AZALIYOR;SAT;SAT;NOTR;0;04.09.2026
IHGZT;izle;;16,9;4,5;12,4;0,0;0;0;zayif;23,6;39,6;48,5;asagi;zayif;zayif;asagi;0,61;-2,25;1;1,16;0,00;10092249;1,26;AL;NEGATIF;AL;NEGATIF;AZALIYOR;SAT;SAT;UCUZ (AL);2;04.09.2026
SUNTK;izle;;16,7;1,0;7,7;8,0;0;0;zayif;19,4;37,2;57,5;asagi;zayif;zayif;asagi;0,32;-1,62;2;32,74;1,93;23149406;41,04;SAT;NEGATIF;NOTR;NEGATIF;AZALIYOR;SAT;AL;NOTR;1;04.09.2026
BINHO;izle;;16,6;10,8;5,9;0,0;0;0;zayif;17,7;38,1;56,6;asagi;zayif;zayif;asagi;0,48;-1,20;2;9,41;0,21;125379518;11,06;SAT;NEGATIF;NOTR;NEGATIF;AZALIYOR;SAT;AL;NOTR;1;04.09.2026
DGGYO;izle;;16,6;3,0;13,5;0,2;0;0;zayif;11,6;42,4;21,5;asagi;zayif;zayif;asagi;0,71;-1,40;1;32,82;-1,08;3095878;37,03;AL;NEGATIF;NOTR;NEGATIF;AZALIYOR;SAT;SAT;NOTR;1;04.09.2026
PATEK;izle;;16,5;0,7;7,8;8,0;0;0;zayif;17,2;42,3;67,7;asagi;zayif;zayif;asagi;0,57;-1,34;1;19,21;1,11;169777039;22,33;SAT;NEGATIF;NOTR;NEGATIF;AZALIYOR;SAT;SAT;NOTR;0;04.09.2026
BTCIM;izle;;16,4;2,4;4,0;10,0;10;0;zayif;49,0;21,7;25,3;asagi;zayif;zayif;asagi;1,38;-4,98;4;3,82;2,41;547001046;4,42;SAT;NEGATIF;SAT;NEGATIF;ARTIYOR;SAT;AL;NOTR;1;04.09.2026
CRDFA;izle;;16,3;5,4;10,9;0,0;0;0;zayif;37,4;34,6;42,2;asagi;zayif;zayif;asagi;0,62;-3,14;0;26;1,96;32566300;30,86;AL;NEGATIF;SAT;NEGATIF;AZALIYOR;AL;AL;NOTR;3;04.09.2026
PGSUS;izle;;16,3;0,7;12,9;2,7;0;0;zayif;17,2;41,4;51,3;asagi;zayif;zayif;asagi;0,86;-2,48;1;148,7;0,34;1279727665;158,55;AL;NEGATIF;NOTR;NEGATIF;AZALIYOR;SAT;SAT;UCUZ (AL);1;04.09.2026
IHYAY;izle;;16,1;4,8;11,3;0,0;28;2;zayif;24,2;36,2;26,5;asagi;zayif;zayif;asagi;0,32;-3,53;3;1,2;-0,83;1081297;1,31;AL;NEGATIF;AL;NEGATIF;AZALIYOR;SAT;SAT;UCUZ (AL);2;04.09.2026
GLRYH;izle;;15,9;1,2;5,7;8,9;0;0;zayif;20,7;39,0;63,2;asagi;zayif;zayif;asagi;0,72;-2,20;1;2,9;-1,36;21908563;3,34;SAT;NEGATIF;SAT;NEGATIF;AZALIYOR;SAT;SAT;UCUZ (AL);0;04.09.2026
BSOKE;izle;;15,8;5,4;4,6;5,7;10;0;zayif;30,7;26,9;3,9;asagi;zayif;zayif;asagi;1,04;-4,06;4;23,98;9,30;298247221;29,09;SAT;NEGATIF;SAT;NEGATIF;ARTIYOR;SAT;AL;NOTR;1;04.09.2026
BVSAN;izle;;15,8;0,3;6,5;9,0;0;0;zayif;14,6;36,8;36,8;asagi;zayif;zayif;asagi;0,76;-2,67;2;100,7;0,40;44418166;110,74;SAT;NEGATIF;NOTR;NEGATIF;AZALIYOR;SAT;SAT;NOTR;0;04.09.2026
FROTO;izle;;15,7;2,2;10,6;2,9;32;3;zayif;28,4;42,7;50,1;asagi;zayif;zayif;asagi;0,76;-2,01;2;77,2;2,05;1159075782;81,79;SAT;NEGATIF;SAT;NEGATIF;AZALIYOR;SAT;AL;UCUZ (AL);1;04.09.2026
KSTUR;izle;;15,7;2,4;3,4;10,0;0;0;zayif;29,4;29,2;24,0;asagi;zayif;zayif;asagi;2,82;-5,24;1;2209;-3,33;4831083;2398,95;SAT;NEGATIF;SAT;NEGATIF;ARTIYOR;SAT;SAT;UCUZ (AL);0;04.09.2026
DGNMO;izle;;15,7;4,5;3,3;8,0;10;1;zayif;22,8;32,1;36,2;asagi;zayif;zayif;asagi;0,37;-2,01;2;7,14;-0,14;16098958;8,76;SAT;NEGATIF;SAT;NEGATIF;AZALIYOR;SAT;SAT;NOTR;0;04.09.2026
DITAS;izle;;15,6;1,3;4,4;10,0;6;0;zayif;21,3;32,8;20,6;asagi;zayif;zayif;asagi;8,31;-3,24;3;20,6;-0,48;434877824;26,46;SAT;NEGATIF;SAT;NEGATIF;ARTIYOR;SAT;SAT;NOTR;0;04.09.2026
CGCAM;izle;;15,4;4,8;2,9;7,7;6;0;zayif;25,5;29,2;43,4;asagi;zayif;zayif;asagi;1,16;-4,18;3;32,2;3,27;82018874;36,28;SAT;NEGATIF;SAT;NEGATIF;ARTIYOR;SAT;AL;NOTR;1;04.09.2026
BRMEN;izle;;15,4;9,4;2,0;4,0;10;0;zayif;26,4;29,2;15,9;asagi;zayif;zayif;asagi;0,56;-3,91;4;12,32;-5,95;2118424;14,93;SAT;NEGATIF;SAT;NEGATIF;AZALIYOR;SAT;AL;NOTR;1;04.09.2026
HDFGS;izle;;15,4;0,0;7,4;8,0;0;0;zayif;10,9;40,8;50,0;asagi;zayif;zayif;asagi;0,42;-1,76;0;2,41;0,84;41964993;2,71;SAT;NEGATIF;NOTR;NEGATIF;AZALIYOR;SAT;SAT;NOTR;0;04.09.2026
SEGYO;izle;;15,3;1,6;9,5;4,3;0;0;zayif;23,7;29,8;26,9;asagi;zayif;zayif;asagi;0,96;-4,24;1;3,57;0,00;10360811;3,90;AL;NEGATIF;SAT;NEGATIF;AZALIYOR;SAT;SAT;UCUZ (AL);1;04.09.2026
PEKGY;izle;;15,3;5,3;0,0;10,0;32;3;zayif;28,6;24,8;49,1;asagi;zayif;zayif;asagi;4,26;-4,49;1;10,5;-8,70;7679643090;13,85;SAT;NEGATIF;SAT;NEGATIF;ARTIYOR;SAT;SAT;NOTR;0;04.09.2026
MAVI;izle;;15,2;2,1;4,6;8,6;10;0;zayif;27,2;34,0;46,6;asagi;zayif;zayif;asagi;1,10;-3,08;4;36,22;0,33;148645612;38,82;SAT;NEGATIF;SAT;NEGATIF;AZALIYOR;SAT;SAT;NOTR;0;04.09.2026
KLRHO;izle;;15,1;0,3;10,7;4,0;0;0;zayif;14,5;34,1;21,0;asagi;zayif;zayif;asagi;0,58;-4,74;2;63,25;0,80;123518079;73,00;AL;NEGATIF;NOTR;NEGATIF;AZALIYOR;SAT;SAT;UCUZ (AL);1;04.09.2026
GRTHO;izle;;15,0;1,2;7,6;6,2;0;0;zayif;20,7;37,1;36,7;asagi;zayif;zayif;asagi;1,07;-2,44;0;197,4;4,94;226963019;232,88;SAT;NEGATIF;SAT;NEGATIF;ARTIYOR;SAT;SAT;NOTR;0;04.09.2026
LYDHO;izle;;15,0;2,4;5,8;6,7;10;0;zayif;40,5;31,0;21,1;asagi;zayif;zayif;asagi;1,10;-3,24;5;145,7;9,96;82751335;161,57;SAT;NEGATIF;SAT;NEGATIF;ARTIYOR;AL;AL;NOTR;2;04.09.2026
KBORU;izle;;14,8;4,9;2,4;7,5;0;0;zayif;26,0;30,2;58,6;asagi;zayif;zayif;asagi;1,15;-4,00;2;17,6;2,80;282476709;21,98;SAT;NEGATIF;SAT;NEGATIF;AZALIYOR;SAT;SAT;NOTR;0;04.09.2026
ALCTL;izle;;14,6;5,4;6,7;2,4;10;1;zayif;47,7;34,0;16,2;asagi;zayif;zayif;asagi;0,85;-3,50;2;116;5,45;56588976;131,11;SAT;NEGATIF;SAT;NEGATIF;AZALIYOR;SAT;AL;NOTR;1;04.09.2026
INGRM;izle;;14,6;0,5;6,0;8,0;6;0;zayif;16,0;37,0;52,2;asagi;zayif;zayif;asagi;0,41;-1,50;3;371,5;0,47;6463357;411,43;SAT;NEGATIF;NOTR;NEGATIF;AZALIYOR;SAT;AL;NOTR;1;04.09.2026
DOFRB;izle;;14,5;3,8;4,8;5,8;0;0;zayif;18,0;33,7;55,9;asagi;zayif;zayif;asagi;1,05;-3,19;2;113,6;-3,48;578156522;138,35;SAT;NEGATIF;NOTR;NEGATIF;ARTIYOR;SAT;SAT;NOTR;0;04.09.2026
KRVGD;izle;;14,3;2,4;8,4;3,4;6;0;zayif;49,0;26,2;22,1;asagi;zayif;zayif;asagi;0,91;-4,21;3;2,22;0,00;16244202;2,40;AL;NEGATIF;SAT;NEGATIF;AZALIYOR;SAT;SAT;NOTR;1;04.09.2026
ANSGR;izle;;14,2;4,6;3,5;6,1;32;2;zayif;18,7;32,7;26,8;asagi;zayif;zayif;asagi;0,83;-2,09;6;26,18;-0,15;95194695;28,28;SAT;NEGATIF;NOTR;NEGATIF;AZALIYOR;SAT;SAT;NOTR;0;04.09.2026
SMRTG;izle;;14,2;3,6;2,1;8,4;0;0;zayif;16,7;25,8;35,6;asagi;zayif;zayif;asagi;1,21;-3,65;2;8,54;-5,11;223253867;10,03;SAT;NEGATIF;NOTR;NEGATIF;ARTIYOR;SAT;SAT;NOTR;0;04.09.2026
KATMR;izle;;14,1;2,4;1,7;10,0;10;0;zayif;43,8;20,6;27,8;asagi;zayif;zayif;asagi;1,77;-5,87;4;1,84;-1,08;259243140;2,09;SAT;NEGATIF;SAT;NEGATIF;ARTIYOR;SAT;SAT;UCUZ (AL);0;04.09.2026
KAPLM;izle;;14,1;2,4;1,8;10,0;6;0;zayif;29,5;24,3;27,8;asagi;zayif;zayif;asagi;2,20;-4,63;3;356,25;-5,32;72324806;425,93;SAT;NEGATIF;SAT;NEGATIF;ARTIYOR;SAT;AL;NOTR;1;04.09.2026
ORMA;izle;;13,9;0,7;4,8;8,5;10;0;zayif;17,1;34,6;12,2;asagi;zayif;zayif;asagi;1,21;-3,46;4;151;-0,66;1560283;163,53;SAT;NEGATIF;NOTR;NEGATIF;ARTIYOR;SAT;SAT;NOTR;0;04.09.2026
SISE;izle;;13,9;1,1;12,1;0,6;0;0;zayif;20,3;38,8;44,8;asagi;zayif;zayif;asagi;0,66;-2,46;1;39,08;1,03;1499273835;41,79;AL;NEGATIF;SAT;NEGATIF;AZALIYOR;SAT;SAT;NOTR;1;04.09.2026
PARSN;izle;;13,9;1,3;12,6;0,0;10;0;zayif;21,7;40,2;63,0;asagi;zayif;zayif;asagi;0,45;-2,32;5;70,7;2,54;11772186;76,10;AL;NEGATIF;SAT;NEGATIF;ARTIYOR;SAT;AL;UCUZ (AL);2;04.09.2026
BRISA;izle;;13,8;0,8;5,1;8,0;6;0;zayif;17,7;34,9;31,1;asagi;zayif;zayif;asagi;0,54;-2,81;3;74,7;0,88;8342197;80,47;SAT;NEGATIF;NOTR;NEGATIF;AZALIYOR;SAT;AL;NOTR;1;04.09.2026
DMSAS;izle;;13,8;0,8;5,0;8,0;22;2;zayif;17,8;37,2;40,8;asagi;zayif;zayif;asagi;0,45;-1,69;1;8,19;0,00;8993644;9,06;SAT;NEGATIF;NOTR;NEGATIF;AZALIYOR;SAT;SAT;UCUZ (AL);0;04.09.2026
NUHCM;izle;;13,8;1,0;8,9;3,9;0;0;zayif;19,1;37,9;32,5;asagi;zayif;zayif;asagi;0,43;-2,09;2;210,5;1,20;6155020;222,03;SAT;NEGATIF;NOTR;NEGATIF;AZALIYOR;SAT;AL;NOTR;1;04.09.2026
QNBTR;izle;;13,8;2,4;4,2;7,1;10;0;zayif;43,5;31,0;22,3;asagi;zayif;zayif;asagi;1,13;-5,98;4;182,6;-0,65;2748860;191,19;SAT;NEGATIF;SAT;NEGATIF;AZALIYOR;SAT;SAT;UCUZ (AL);0;04.09.2026
LUKSK;izle;;13,6;0,2;5,4;8,0;0;0;zayif;13,5;33,2;35,7;asagi;zayif;zayif;asagi;0,50;-2,93;2;82,35;0,55;5127935;91,07;SAT;NEGATIF;NOTR;NEGATIF;AZALIYOR;SAT;SAT;UCUZ (AL);0;04.09.2026
GRNYO;izle;;13,6;2,4;1,2;10,0;10;0;zayif;32,9;22,4;18,3;asagi;zayif;zayif;asagi;1,78;-5,03;4;11,19;-2,27;5798255;13,26;SAT;NEGATIF;SAT;NEGATIF;ARTIYOR;SAT;SAT;UCUZ (AL);0;04.09.2026
ATEKS;izle;;13,6;4,7;8,9;0,0;6;0;zayif;24,7;41,3;37,0;asagi;zayif;zayif;asagi;0,47;-2,60;3;96,65;2,82;659636;106,40;SAT;NEGATIF;SAT;NEGATIF;AZALIYOR;SAT;SAT;NOTR;0;04.09.2026
VRGYO;izle;;13,6;0,5;13,0;0,0;6;0;zayif;15,8;41,8;53,7;asagi;zayif;zayif;asagi;0,52;-2,21;3;1,76;-0,56;10399513;1,86;AL;NEGATIF;NOTR;NEGATIF;AZALIYOR;SAT;SAT;UCUZ (AL);1;04.09.2026
ALKIM;izle;;13,5;0,0;11,8;1,7;0;0;zayif;9,3;37,7;56,8;asagi;zayif;zayif;asagi;0,80;-2,34;2;15,3;0,39;19239306;16,48;AL;NEGATIF;NOTR;NEGATIF;AZALIYOR;SAT;SAT;NOTR;1;04.09.2026
ARCLK;izle;;13,4;0,4;8,0;5,0;0;0;zayif;15,0;38,3;42,3;asagi;zayif;zayif;asagi;0,85;-2,95;2;91,05;2,48;124866789;95,00;SAT;NEGATIF;NOTR;NEGATIF;ARTIYOR;SAT;AL;UCUZ (AL);1;04.09.2026
YONGA;izle;;13,3;1,4;1,9;10,0;6;0;zayif;22,2;24,0;7,0;asagi;zayif;zayif;asagi;1,52;-4,77;3;43,4;-0,60;1219453;46,60;SAT;NEGATIF;SAT;NEGATIF;AZALIYOR;SAT;SAT;UCUZ (AL);0;04.09.2026
BIZIM;izle;;13,3;4,2;7,9;1,2;16;1;zayif;22,8;39,9;61,9;asagi;zayif;zayif;asagi;0,77;-1,90;3;23,62;-0,67;4890663;25,28;SAT;NEGATIF;AL;NEGATIF;AZALIYOR;SAT;SAT;NOTR;1;04.09.2026
AKSA;izle;;13,2;5,4;7,3;0,5;0;0;zayif;31,7;36,0;22,8;asagi;zayif;zayif;asagi;0,69;-2,52;2;10,75;1,03;151222174;11,54;SAT;NEGATIF;SAT;NEGATIF;AZALIYOR;AL;AL;NOTR;2;04.09.2026
ASUZU;izle;;13,1;1,9;11,2;0,0;6;0;zayif;26,1;35,7;56,4;asagi;zayif;zayif;asagi;0,40;-3,73;3;46,62;1,39;8908196;50,06;AL;NEGATIF;SAT;NEGATIF;AZALIYOR;SAT;SAT;UCUZ (AL);1;04.09.2026
YESIL;izle;;13,0;0,6;4,4;8,0;6;0;zayif;16,5;32,3;39,8;asagi;zayif;zayif;asagi;0,63;-3,53;3;1,13;0,89;10724292;1,23;SAT;NEGATIF;NOTR;NEGATIF;ARTIYOR;SAT;SAT;UCUZ (AL);0;04.09.2026
YBTAS;izle;;13,0;2,4;2,5;8,0;10;0;zayif;33,7;30,3;38,2;asagi;zayif;zayif;asagi;1,18;-5,28;6;13;-2,26;1136681;14,22;SAT;NEGATIF;SAT;NEGATIF;AZALIYOR;SAT;SAT;UCUZ (AL);0;04.09.2026
SAMAT;izle;;12,9;0,8;11,7;0,4;10;0;zayif;17,9;37,2;27,1;asagi;zayif;zayif;asagi;0,72;-2,14;4;5,18;-1,15;5116747;5,77;AL;NEGATIF;NOTR;NEGATIF;ARTIYOR;SAT;SAT;UCUZ (AL);1;04.09.2026
SAFKR;izle;;12,8;2,4;0,4;10,0;16;1;zayif;33,5;19,7;7,9;asagi;zayif;zayif;asagi;3,62;-5,97;3;14,45;-9,69;215498789;17,99;SAT;NEGATIF;SAT;NEGATIF;ARTIYOR;SAT;SAT;UCUZ (AL);0;04.09.2026
MEGMT;izle;;12,8;2,4;5,9;4,5;0;0;zayif;43,6;31,2;23,0;asagi;zayif;zayif;asagi;0,73;-4,97;2;46,2;6,06;291590977;53,65;SAT;NEGATIF;SAT;NEGATIF;AZALIYOR;AL;AL;NOTR;2;04.09.2026
PENGD;izle;;12,7;2,4;9,4;0,9;10;0;zayif;36,2;29,8;6,5;asagi;zayif;zayif;asagi;0,75;-4,17;4;8,93;0,45;15567696;9,59;AL;NEGATIF;SAT;NEGATIF;AZALIYOR;SAT;AL;NOTR;2;04.09.2026
EGEGY;izle;;12,7;4,4;4,3;4,0;40;4;zayif;22,6;37,1;45,3;asagi;zayif;zayif;asagi;0,94;-2,20;2;25,68;6,73;103604394;30,39;SAT;NEGATIF;SAT;NEGATIF;ARTIYOR;SAT;SAT;NOTR;0;04.09.2026
MNDTR;izle;;12,7;1,1;11,3;0,3;0;0;zayif;20,4;36,0;55,1;asagi;zayif;zayif;asagi;0,66;-2,49;2;4,91;0,41;6176809;5,30;AL;NEGATIF;SAT;NEGATIF;AZALIYOR;SAT;SAT;UCUZ (AL);1;04.09.2026
HOROZ;izle;;12,7;0,7;8,0;4,0;0;0;zayif;17,2;38,2;18,4;asagi;zayif;zayif;asagi;0,22;-1,76;1;57;1,51;34788468;64,74;SAT;NEGATIF;NOTR;NEGATIF;AZALIYOR;SAT;AL;NOTR;1;04.09.2026
MTRYO;izle;;12,7;0,7;12,0;0,0;20;1;zayif;17,1;38,3;51,1;asagi;zayif;zayif;asagi;0,41;-1,74;4;8,59;-1,26;1073372;9,63;AL;NEGATIF;NOTR;NEGATIF;AZALIYOR;SAT;SAT;NOTR;1;04.09.2026
AVHOL;izle;;12,6;1,1;3,5;8,0;0;0;zayif;20,2;30,9;30,7;asagi;zayif;zayif;asagi;0,26;-3,48;2;33,58;0,24;20042290;36,89;SAT;NEGATIF;SAT;NEGATIF;AZALIYOR;SAT;SAT;NOTR;0;04.09.2026
A1YEN;izle;;12,5;0,6;3,9;8,0;0;0;zayif;16,6;31,8;55,0;asagi;zayif;zayif;asagi;0,35;-2,82;1;2,55;-0,39;19603451;2,86;SAT;NEGATIF;NOTR;NEGATIF;AZALIYOR;SAT;SAT;NOTR;0;04.09.2026
OTTO;izle;;12,5;1,6;0,8;10,0;10;0;zayif;24,1;23,2;18,8;asagi;zayif;zayif;asagi;1,55;-5,63;4;134,2;1,36;41058222;155,08;SAT;NEGATIF;SAT;NEGATIF;ARTIYOR;SAT;AL;UCUZ (AL);1;04.09.2026
IHEVA;izle;;12,3;0,9;9,1;2,3;0;0;zayif;18,8;40,4;36,8;asagi;zayif;zayif;asagi;0,47;-1,60;2;1,95;0,00;971605;2,07;SAT;NEGATIF;NOTR;NEGATIF;AZALIYOR;SAT;SAT;UCUZ (AL);0;04.09.2026
EKIZ;izle;;12,3;2,4;9,9;0,0;0;0;zayif;41,3;31,3;41,2;asagi;zayif;zayif;asagi;0,58;-5,75;1;57,05;0,35;437345;61,69;AL;NEGATIF;SAT;NEGATIF;AZALIYOR;SAT;SAT;UCUZ (AL);1;04.09.2026
KONTR;izle;;12,2;2,4;6,7;3,1;10;0;zayif;30,4;34,1;13,1;asagi;zayif;zayif;asagi;0,88;-7,37;4;3,33;3,42;12100737;3,62;SAT;NEGATIF;SAT;NEGATIF;AZALIYOR;SAT;AL;UCUZ (AL);1;04.09.2026
TEKTU;izle;;12,2;1,6;10,5;0,0;0;0;zayif;16,2;33,5;51,1;asagi;zayif;zayif;asagi;0,62;-2,77;2;7,17;-2,58;37929859;8,40;AL;NEGATIF;NOTR;NEGATIF;AZALIYOR;SAT;SAT;UCUZ (AL);1;04.09.2026
VKING;izle;;12,1;2,4;3,8;5,8;6;0;zayif;41,1;31,3;40,2;asagi;zayif;zayif;asagi;1,05;-3,37;3;20,38;2,31;7346419;22,41;SAT;NEGATIF;SAT;NEGATIF;AZALIYOR;SAT;AL;UCUZ (AL);1;04.09.2026
ULUSE;izle;;12,1;4,7;5,1;2,2;0;0;zayif;24,8;28,6;0,0;asagi;zayif;zayif;asagi;0,83;-3,28;2;228,7;1,06;39577450;265,73;SAT;NEGATIF;SAT;NEGATIF;AZALIYOR;SAT;AL;NOTR;1;04.09.2026
BIGCH;izle;;12,0;0,2;1,8;10,0;28;2;zayif;13,6;26,2;47,6;asagi;zayif;zayif;asagi;1,42;-3,75;3;5,3;-2,39;53004277;6,17;SAT;NEGATIF;NOTR;NEGATIF;ARTIYOR;SAT;SAT;UCUZ (AL);0;04.09.2026
ATAGY;izle;;12,0;2,4;3,2;6,3;0;0;zayif;40,4;26,9;31,4;asagi;zayif;zayif;asagi;1,08;-3,62;2;9,74;-0,41;2175692;10,61;SAT;NEGATIF;SAT;NEGATIF;AZALIYOR;SAT;SAT;UCUZ (AL);0;04.09.2026
CLEBI;izle;;12,0;0,5;10,7;0,8;6;0;zayif;15,4;42,8;23,6;asagi;zayif;zayif;asagi;0,58;-1,92;3;1451;1,54;21278915;1536,13;SAT;NEGATIF;NOTR;NEGATIF;AZALIYOR;SAT;AL;NOTR;1;04.09.2026
SEKFK;izle;;11,9;1,7;10,1;0,0;6;0;zayif;24,8;32,1;24,1;asagi;zayif;zayif;asagi;0,43;-2,95;3;4,43;-0,45;1645377;4,94;AL;NEGATIF;SAT;NEGATIF;AZALIYOR;AL;AL;NOTR;3;04.09.2026
AKGRT;izle;;11,8;2,3;9,5;0,1;10;0;zayif;29,0;29,8;41,5;asagi;zayif;zayif;asagi;0,47;-3,92;5;6,09;0,16;30377432;6,45;AL;NEGATIF;SAT;NEGATIF;AZALIYOR;SAT;SAT;UCUZ (AL);1;04.09.2026
KMPUR;izle;;11,8;5,0;6,8;0,0;6;0;zayif;26,9;34,2;34,4;asagi;zayif;zayif;asagi;0,38;-2,10;3;18,15;-0,87;20176320;20,80;SAT;NEGATIF;SAT;NEGATIF;AZALIYOR;SAT;SAT;NOTR;0;04.09.2026
GOZDE;izle;;11,6;3,8;7,9;0,0;6;0;zayif;17,6;38,0;45,2;asagi;zayif;zayif;asagi;0,41;-1,60;3;21,62;-0,46;15109245;23,83;SAT;NEGATIF;NOTR;NEGATIF;AZALIYOR;SAT;SAT;NOTR;0;04.09.2026
MGROS;izle;;11,6;2,4;6,5;2,7;10;0;zayif;37,6;33,3;49,7;asagi;zayif;zayif;asagi;0,86;-4,13;5;527;2,13;1712244607;568,11;SAT;NEGATIF;SAT;NEGATIF;AZALIYOR;SAT;AL;NOTR;1;04.09.2026
GSDHO;izle;;11,5;3,5;7,3;0,6;6;0;zayif;15,6;36,1;25,2;asagi;zayif;zayif;asagi;0,74;-2,82;3;4,5;1,35;37653422;4,97;SAT;NEGATIF;NOTR;NEGATIF;AZALIYOR;SAT;AL;NOTR;1;04.09.2026
IDGYO;izle;;11,4;2,4;9,0;0,0;0;0;zayif;34,2;28,3;35,5;asagi;zayif;zayif;asagi;0,53;-4,39;2;2,8;-4,44;2576692;3,34;AL;NEGATIF;SAT;NEGATIF;AZALIYOR;SAT;SAT;NOTR;1;04.09.2026
GOLTS;izle;;11,4;1,7;6,2;3,6;0;0;zayif;24,1;38,2;53,5;asagi;zayif;zayif;asagi;0,43;-2,43;2;291,75;-0,09;17608863;313,22;SAT;NEGATIF;SAT;NEGATIF;AZALIYOR;SAT;SAT;NOTR;0;04.09.2026
SEYKM;izle;;11,3;1,0;5,9;4,4;10;0;zayif;19,7;31,3;24,4;asagi;zayif;zayif;asagi;0,96;-2,55;5;4,25;2,41;5474965;4,71;SAT;NEGATIF;NOTR;NEGATIF;AZALIYOR;SAT;AL;NOTR;1;04.09.2026
GRSEL;izle;;11,1;5,3;5,4;0,5;0;0;zayif;28,7;29,6;5,6;asagi;zayif;zayif;asagi;0,64;-2,36;1;298;-1,32;71658868;329,74;SAT;NEGATIF;SAT;NEGATIF;AZALIYOR;SAT;AL;NOTR;1;04.09.2026
KUTPO;izle;;10,9;2,4;5,3;3,2;46;5;zayif;29,3;35,0;35,1;asagi;zayif;zayif;asagi;0,77;-2,43;3;77,95;0,65;10235537;83,78;SAT;NEGATIF;SAT;NEGATIF;AZALIYOR;SAT;AL;UCUZ (AL);1;04.09.2026
VAKKO;izle;;10,8;0,0;10,8;0,0;0;0;zayif;11,7;42,9;45,6;asagi;zayif;zayif;asagi;0,36;-1,23;1;66;0,76;5019168;72,32;SAT;NEGATIF;NOTR;NEGATIF;AZALIYOR;SAT;AL;NOTR;1;04.09.2026
VKFYO;izle;;10,8;0,5;6,5;3,8;32;3;zayif;15,7;36,9;56,9;asagi;zayif;zayif;asagi;0,93;-2,70;2;21,86;-2,24;4805549;25,27;SAT;NEGATIF;NOTR;NEGATIF;AZALIYOR;SAT;SAT;UCUZ (AL);0;04.09.2026
GLRMK;izle;;10,7;2,3;5,6;2,8;38;3;zayif;29,2;39,2;42,0;asagi;zayif;zayif;asagi;0,61;-1,58;3;158,3;2,13;476771264;178,38;SAT;NEGATIF;SAT;NEGATIF;AZALIYOR;SAT;AL;NOTR;1;04.09.2026
LINK;izle;;10,7;2,1;6,5;2,2;22;2;zayif;27,3;33,2;45,4;asagi;zayif;zayif;asagi;0,83;-3,43;1;5,22;1,75;74951495;5,77;SAT;NEGATIF;SAT;NEGATIF;ARTIYOR;SAT;AL;NOTR;1;04.09.2026
TEZOL;izle;;10,7;2,4;8,3;0,0;6;0;zayif;38,9;25,8;34,3;asagi;zayif;zayif;asagi;0,39;-6,52;3;8,75;0,81;25644719;10,10;AL;NEGATIF;SAT;NEGATIF;AZALIYOR;SAT;AL;UCUZ (AL);2;04.09.2026
TLMAN;izle;;10,7;4,6;6,1;0,0;6;0;zayif;23,8;36,3;47,8;asagi;zayif;zayif;asagi;0,48;-2,25;3;77,35;0,45;6680255;85,09;SAT;NEGATIF;AL;NEGATIF;AZALIYOR;SAT;SAT;UCUZ (AL);1;04.09.2026
ERBOS;izle;;10,6;0,4;6,7;3,5;0;0;zayif;14,8;34,0;36,9;asagi;zayif;zayif;asagi;0,91;-3,62;2;145,6;1,32;7850315;155,59;SAT;NEGATIF;NOTR;NEGATIF;AZALIYOR;SAT;SAT;UCUZ (AL);0;04.09.2026
LIDER;izle;;10,4;2,4;8,0;0,0;6;0;zayif;49,4;18,2;9,2;asagi;zayif;zayif;asagi;0,40;-8,94;3;23,4;-10,00;292033825;36,23;AL;NEGATIF;SAT;NEGATIF;AZALIYOR;SAT;SAT;UCUZ (AL);1;04.09.2026
DCTTR;izle;;10,4;2,4;8,0;0,0;10;0;zayif;48,1;19,9;24,9;asagi;zayif;zayif;asagi;0,37;-6,95;5;6,09;0,50;27720334;7,06;AL;NEGATIF;SAT;NEGATIF;ARTIYOR;SAT;AL;NOTR;2;04.09.2026
SURGY;izle;;10,4;2,4;8,0;0,0;0;0;zayif;41,1;15,6;41,5;asagi;zayif;zayif;asagi;0,40;-8,52;2;29,8;1,92;96145677;35,65;AL;NEGATIF;SAT;NEGATIF;AZALIYOR;AL;AL;UCUZ (AL);3;04.09.2026
BARMA;izle;;10,4;2,4;8,0;0,0;0;0;zayif;72,5;16,4;41,1;asagi;zayif;zayif;asagi;0,27;-15,70;2;8,69;10,00;5378762;10,60;AL;NEGATIF;SAT;NEGATIF;AZALIYOR;AL;AL;UCUZ (AL);3;04.09.2026
KFEIN;izle;;10,4;0,0;6,3;4,1;6;0;zayif;9,7;37,2;13,0;asagi;zayif;zayif;asagi;0,94;-2,32;3;7,89;0,64;35161540;8,78;SAT;NEGATIF;NOTR;NEGATIF;AZALIYOR;SAT;AL;NOTR;1;04.09.2026
USAK;izle;;10,3;0,5;9,8;0,0;0;0;zayif;15,3;31,0;37,7;asagi;zayif;zayif;asagi;0,58;-3,63;0;1,19;0,85;24568926;1,29;AL;NEGATIF;NOTR;NEGATIF;AZALIYOR;SAT;AL;UCUZ (AL);2;04.09.2026
YYAPI;izle;;10,2;2,4;7,1;0,7;0;0;zayif;39,5;35,4;33,8;asagi;zayif;zayif;asagi;0,71;-4,34;1;0,8;0,00;2191612;0,84;SAT;NEGATIF;SAT;NEGATIF;AZALIYOR;SAT;AL;UCUZ (AL);1;04.09.2026
OBASE;izle;;10,2;3,4;6,8;0,0;0;0;zayif;14,6;34,5;34,5;asagi;zayif;zayif;asagi;0,50;-2,49;2;34,82;1,46;11376181;39,28;SAT;NEGATIF;NOTR;NEGATIF;AZALIYOR;SAT;AL;NOTR;1;04.09.2026
KIMMR;izle;;10,1;2,4;3,3;4,4;0;0;zayif;36,3;27,8;31,9;asagi;zayif;zayif;asagi;0,96;-4,25;2;13,01;0,08;13394068;14,03;SAT;NEGATIF;SAT;NEGATIF;ARTIYOR;SAT;SAT;NOTR;0;04.09.2026
KZBGY;izle;;10,1;2,4;3,9;3,7;0;0;zayif;31,5;28,6;33,7;asagi;zayif;zayif;asagi;0,92;-5,40;1;1,84;0,55;53863628;2,02;SAT;NEGATIF;SAT;NEGATIF;AZALIYOR;SAT;SAT;UCUZ (AL);0;04.09.2026
AKFGY;izle;;10,0;1,0;5,2;3,8;10;0;zayif;19,5;35,4;35,7;asagi;zayif;zayif;asagi;0,68;-2,57;4;2,52;0,40;35811377;2,69;SAT;NEGATIF;NOTR;NEGATIF;AZALIYOR;SAT;SAT;NOTR;0;04.09.2026
MARMR;izle;;9,9;1,8;8,0;0,1;0;0;zayif;25,0;38,5;31,2;asagi;zayif;zayif;asagi;0,41;-1,88;2;2,18;0,46;69126741;2,44;SAT;NEGATIF;SAT;NEGATIF;AZALIYOR;SAT;AL;NOTR;1;04.09.2026
BAKAB;izle;;9,7;4,1;5,6;0,0;6;0;zayif;19,9;30,4;15,1;asagi;zayif;zayif;asagi;0,41;-3,85;3;37,5;1,02;5552775;42,32;SAT;NEGATIF;NOTR;NEGATIF;AZALIYOR;SAT;SAT;NOTR;0;04.09.2026
ULUFA;izle;;9,6;0,7;8,1;0,8;6;0;zayif;16,9;41,2;32,1;asagi;zayif;zayif;asagi;0,49;-1,83;3;1,64;0,00;17628900;1,80;SAT;NEGATIF;NOTR;NEGATIF;AZALIYOR;SAT;SAT;NOTR;0;04.09.2026
BRYAT;izle;;9,6;0,5;8,7;0,4;6;0;zayif;15,4;40,8;53,7;asagi;zayif;zayif;asagi;0,54;-2,50;3;1654;1,53;72701570;1780,06;SAT;NEGATIF;NOTR;NEGATIF;AZALIYOR;SAT;AL;UCUZ (AL);1;04.09.2026
TUREX;izle;;9,5;1,2;3,2;5,1;6;0;zayif;20,7;30,5;41,6;asagi;zayif;zayif;asagi;1,00;-3,78;3;5,98;0,17;91333102;6,70;SAT;NEGATIF;SAT;NEGATIF;ARTIYOR;SAT;SAT;NOTR;0;04.09.2026
EUHOL;izle;;9,5;1,1;8,4;0,0;10;0;zayif;19,9;39,7;32,4;asagi;zayif;zayif;asagi;0,27;-2,40;4;9,98;-0,20;2395150;11,06;SAT;NEGATIF;NOTR;NEGATIF;AZALIYOR;SAT;AL;NOTR;1;04.09.2026
HEDEF;izle;;9,4;5,4;4,0;0,0;0;0;zayif;34,5;21,7;26,4;asagi;zayif;zayif;asagi;0,03;-6,40;1;55,35;-10,00;11843516;98,34;SAT;NEGATIF;SAT;NEGATIF;AZALIYOR;SAT;AL;NOTR;1;04.09.2026
REEDR;izle;;9,4;0,2;3,3;5,9;6;0;zayif;13,7;28,4;34,9;asagi;zayif;zayif;asagi;1,06;-4,14;3;5,48;-1,26;67624488;6,03;SAT;NEGATIF;NOTR;NEGATIF;AZALIYOR;SAT;AL;NOTR;1;04.09.2026
KTSKR;izle;;9,4;3,5;5,9;0,0;6;0;zayif;15,4;31,3;35,2;asagi;zayif;zayif;asagi;0,53;-3,73;3;77;1,85;17457440;85,30;SAT;NEGATIF;NOTR;NEGATIF;AZALIYOR;SAT;AL;NOTR;1;04.09.2026
MMCAS;izle;;9,3;2,4;6,8;0,0;0;0;zayif;35,7;34,5;9,0;asagi;zayif;zayif;asagi;0,38;-4,39;2;46,7;6,09;413669;50,69;SAT;NEGATIF;SAT;NEGATIF;ARTIYOR;SAT;AL;UCUZ (AL);1;04.09.2026
INTEK;izle;;9,2;1,5;7,7;0,0;0;0;zayif;22,8;37,5;30,1;asagi;zayif;zayif;asagi;0,62;-3,57;1;230,7;2,08;1586755;251,36;SAT;NEGATIF;SAT;NEGATIF;AZALIYOR;SAT;AL;NOTR;1;04.09.2026
YYLGD;izle;;9,1;0,3;6,5;2,3;16;1;zayif;14,2;38,1;23,9;asagi;zayif;zayif;asagi;0,58;-2,43;3;9,86;0,51;49462256;10,53;SAT;NEGATIF;NOTR;NEGATIF;AZALIYOR;SAT;AL;NOTR;1;04.09.2026
GWIND;izle;;9,1;0,0;7,4;1,6;0;0;zayif;12,3;36,5;54,9;asagi;zayif;zayif;asagi;0,76;-3,17;2;22,34;1,64;63478887;23,62;SAT;NEGATIF;NOTR;NEGATIF;AZALIYOR;SAT;AL;NOTR;1;04.09.2026
TRILC;izle;;9,0;2,3;5,5;1,2;0;0;zayif;28,8;30,0;15,9;asagi;zayif;zayif;asagi;0,77;-9,29;1;1,05;1,94;3780362;1,09;SAT;NEGATIF;SAT;NEGATIF;ARTIYOR;SAT;AL;UCUZ (AL);1;04.09.2026
ELITE;izle;;8,6;1,5;5,0;2,1;20;1;zayif;22,9;31,9;38,9;asagi;zayif;zayif;asagi;0,83;-3,67;4;26,12;-0,53;37342458;28,87;SAT;NEGATIF;SAT;NEGATIF;AZALIYOR;SAT;SAT;NOTR;0;04.09.2026
SOKE;izle;;8,6;4,6;4,0;0,0;0;0;zayif;23,5;20,2;10,9;asagi;zayif;zayif;asagi;0,60;-5,02;1;11,42;1,06;20466205;13,23;SAT;NEGATIF;SAT;NEGATIF;ARTIYOR;SAT;AL;NOTR;1;04.09.2026
YATAS;izle;;8,5;2,2;6,3;0,0;0;0;zayif;27,9;32,7;15,2;asagi;zayif;zayif;asagi;0,52;-4,39;1;30,3;0,93;14813852;32,70;SAT;NEGATIF;SAT;NEGATIF;AZALIYOR;SAT;AL;UCUZ (AL);1;04.09.2026
AYEN;izle;;8,4;3,1;5,3;0,0;6;0;zayif;12,5;35,2;43,6;asagi;zayif;zayif;asagi;0,55;-2,60;3;30,02;-0,79;11258040;33,17;SAT;NEGATIF;NOTR;NEGATIF;AZALIYOR;SAT;SAT;NOTR;0;04.09.2026
TKNSA;izle;;8,3;2,2;6,1;0,0;16;1;zayif;27,8;40,9;24,2;asagi;zayif;zayif;asagi;0,29;-1,63;3;16,66;-0,54;48788693;20,00;SAT;NEGATIF;SAT;NEGATIF;AZALIYOR;SAT;SAT;UCUZ (AL);0;04.09.2026
CWENE;izle;;8,3;3,3;5,0;0,0;6;0;zayif;14,3;36,6;18,8;asagi;zayif;zayif;asagi;0,55;-2,32;3;31,24;1,49;1961342732;38,54;SAT;NEGATIF;NOTR;NEGATIF;AZALIYOR;SAT;SAT;NOTR;0;04.09.2026
ODINE;izle;;8,3;7,2;1,0;0,0;0;0;zayif;29,5;28,4;45,8;asagi;zayif;zayif;asagi;0,02;-3,59;0;1322;-9,95;13292710;1980,25;SAT;NEGATIF;SAT;NEGATIF;AZALIYOR;SAT;SAT;PAHALI (SAT);0;04.09.2026
EKSUN;izle;;8,2;3,8;4,4;0,0;32;2;zayif;17,9;35,0;48,0;asagi;zayif;zayif;asagi;0,44;-2,72;4;5,58;0,54;11557977;6,38;SAT;NEGATIF;NOTR;NEGATIF;AZALIYOR;SAT;SAT;NOTR;0;04.09.2026
MERCN;izle;;8,2;2,3;5,8;0,0;6;0;zayif;29,0;31,2;16,9;asagi;zayif;zayif;asagi;0,62;-3,56;3;16,92;0,83;39470265;19,80;SAT;NEGATIF;SAT;NEGATIF;AZALIYOR;SAT;AL;NOTR;1;04.09.2026
DOAS;izle;;8,0;1,4;6,6;0,0;10;0;zayif;22,6;33,7;25,8;asagi;zayif;zayif;asagi;0,67;-3,74;5;162,9;2,20;114916176;171,91;SAT;NEGATIF;SAT;NEGATIF;ARTIYOR;SAT;AL;NOTR;1;04.09.2026
AGYO;izle;;8,0;1,0;7,0;0,0;20;1;zayif;19,1;39,4;32,0;asagi;zayif;zayif;asagi;0,52;-1,85;4;7,13;0,42;959142;7,83;SAT;NEGATIF;NOTR;NEGATIF;AZALIYOR;SAT;SAT;NOTR;0;04.09.2026
IHAAS;izle;;7,9;1,2;6,7;0,0;38;3;zayif;21,2;40,9;40,1;asagi;zayif;zayif;asagi;0,57;-2,10;3;50,5;1,98;38314754;61,63;SAT;NEGATIF;SAT;NEGATIF;AZALIYOR;SAT;AL;NOTR;1;04.09.2026
YUNSA;izle;;7,8;4,8;0,3;2,7;10;0;zayif;25,3;22,0;11,5;asagi;zayif;zayif;asagi;0,86;-5,26;4;7,36;0,14;32816812;8,07;SAT;NEGATIF;SAT;NEGATIF;AZALIYOR;SAT;AL;NOTR;1;04.09.2026
HEKTS;izle;;7,8;2,2;4,6;1,1;6;0;zayif;28,0;32,2;42,7;asagi;zayif;zayif;asagi;0,76;-3,71;3;2,64;1,54;569888983;2,87;SAT;NEGATIF;SAT;NEGATIF;AZALIYOR;SAT;AL;NOTR;1;04.09.2026
SNICA;izle;;7,8;1,1;6,8;0,0;0;0;zayif;19,9;38,8;60,3;asagi;zayif;zayif;asagi;0,28;-2,99;1;3,1;1,64;16794979;3,58;SAT;NEGATIF;NOTR;NEGATIF;AZALIYOR;SAT;SAT;NOTR;0;04.09.2026
MEGAP;izle;;7,8;2,0;2,7;3,1;0;0;zayif;27,1;25,3;22,5;asagi;zayif;zayif;asagi;0,88;-6,40;1;1,65;-0,60;883493;1,74;SAT;NEGATIF;SAT;NEGATIF;ARTIYOR;SAT;SAT;UCUZ (AL);0;04.09.2026
MEDTR;izle;;7,8;1,0;5,9;0,9;0;0;zayif;19,1;35,3;29,6;asagi;zayif;zayif;asagi;0,75;-2,83;2;24,56;-0,49;5475456;26,26;SAT;NEGATIF;NOTR;NEGATIF;AZALIYOR;SAT;SAT;UCUZ (AL);0;04.09.2026
OSMEN;izle;;7,7;1,0;6,7;0,0;28;2;zayif;19,7;34,0;38,9;asagi;zayif;zayif;asagi;0,48;-2,75;3;6,86;0,73;13528976;7,81;SAT;NEGATIF;NOTR;NEGATIF;AZALIYOR;SAT;SAT;NOTR;0;04.09.2026
CEOEM;izle;;7,7;0,0;7,7;0,0;0;0;zayif;12,3;40,8;37,4;asagi;zayif;zayif;asagi;0,26;-1,20;1;23,4;0,34;7005983;26,21;SAT;NEGATIF;NOTR;NEGATIF;AZALIYOR;SAT;SAT;NOTR;0;04.09.2026
GEDIK;izle;;7,6;4,3;3,3;0,0;0;0;zayif;21,6;30,9;36,6;asagi;zayif;zayif;asagi;0,18;-2,65;2;5,73;0,53;21810277;6,38;SAT;NEGATIF;SAT;NEGATIF;AZALIYOR;SAT;AL;NOTR;1;04.09.2026
YAPRK;izle;;7,4;0,9;6,4;0,0;0;0;zayif;14,4;38,8;35,0;asagi;zayif;zayif;asagi;0,30;-1,94;2;10,52;0,00;13643030;11,84;SAT;NEGATIF;NOTR;NEGATIF;AZALIYOR;SAT;AL;NOTR;1;04.09.2026
LILAK;izle;;7,3;0,8;6,5;0,0;22;2;zayif;17,8;38,5;36,1;asagi;zayif;zayif;asagi;0,67;-2,90;2;28,2;1,37;46481975;30,52;SAT;NEGATIF;NOTR;NEGATIF;AZALIYOR;SAT;AL;NOTR;1;04.09.2026
AHSGY;izle;;7,2;4,0;0,1;3,2;10;0;zayif;19,0;24,8;30,6;asagi;zayif;zayif;asagi;0,89;-4,30;4;14,8;2,64;20518128;17,31;SAT;NEGATIF;NOTR;NEGATIF;AZALIYOR;SAT;AL;NOTR;1;04.09.2026
ENTRA;izle;;7,2;0,5;6,7;0,0;6;0;zayif;16,0;34,0;18,8;asagi;zayif;zayif;asagi;0,49;-2,56;3;4,22;1,44;35923054;4,62;SAT;NEGATIF;NOTR;NEGATIF;AZALIYOR;SAT;AL;NOTR;1;04.09.2026
LIDFA;izle;;7,2;0,0;6,9;0,3;0;0;zayif;10,9;38,7;29,6;asagi;zayif;zayif;asagi;0,72;-2,16;1;2,58;1,18;16439314;2,83;SAT;NEGATIF;NOTR;NEGATIF;AZALIYOR;SAT;SAT;NOTR;0;04.09.2026
BEGYO;izle;;7,2;1,5;5,6;0,0;10;0;zayif;23,3;36,0;42,9;asagi;zayif;zayif;asagi;0,59;-3,00;4;3,37;0,60;6909198;3,67;SAT;NEGATIF;SAT;NEGATIF;AZALIYOR;SAT;SAT;UCUZ (AL);0;04.09.2026
AZTEK;izle;;7,1;2,2;5,0;0,0;0;0;zayif;28,0;28,2;5,1;asagi;zayif;zayif;asagi;0,39;-3,90;2;3,65;0,00;11949323;4,11;SAT;NEGATIF;SAT;NEGATIF;AZALIYOR;SAT;SAT;NOTR;0;04.09.2026
OSTIM;izle;;7,1;0,7;6,4;0,0;10;0;zayif;17,1;36,9;45,2;asagi;zayif;zayif;asagi;0,54;-3,01;4;1,52;0,00;9730353;1,67;SAT;NEGATIF;NOTR;NEGATIF;AZALIYOR;SAT;AL;UCUZ (AL);1;04.09.2026
AGROT;izle;;6,9;0,7;6,2;0,0;22;2;zayif;17,1;32,5;29,3;asagi;zayif;zayif;asagi;0,30;-4,10;2;1,94;1,04;68600982;2,26;SAT;NEGATIF;NOTR;NEGATIF;AZALIYOR;SAT;AL;UCUZ (AL);1;04.09.2026
ALFAS;izle;;6,9;0,9;6,0;0,0;32;3;zayif;18,4;36,9;49,9;asagi;zayif;zayif;asagi;0,54;-2,89;2;38,56;2,01;42762770;43,07;SAT;NEGATIF;NOTR;NEGATIF;ARTIYOR;SAT;SAT;NOTR;0;04.09.2026
SILVR;izle;;6,8;0,8;6,0;0,0;10;0;zayif;17,7;35,3;22,3;asagi;zayif;zayif;asagi;0,66;-2,45;4;2,17;-0,46;1930556;2,36;SAT;NEGATIF;NOTR;NEGATIF;AZALIYOR;SAT;SAT;UCUZ (AL);0;04.09.2026
POLTK;izle;;6,6;0,8;5,6;0,3;6;0;zayif;17,7;30,2;16,8;asagi;zayif;zayif;asagi;0,72;-3,69;3;4015;0,38;19713650;4466,90;SAT;NEGATIF;NOTR;NEGATIF;AZALIYOR;SAT;AL;UCUZ (AL);1;04.09.2026
EKOS;izle;;6,5;1,7;3,3;1,5;10;1;zayif;24,5;30,1;38,5;asagi;zayif;zayif;asagi;0,79;-4,07;2;4,83;2,77;40970345;5,45;SAT;NEGATIF;SAT;NEGATIF;AZALIYOR;SAT;AL;UCUZ (AL);1;04.09.2026
ERCB;izle;;6,4;0,9;5,6;0,0;6;0;zayif;18,4;30,2;36,1;asagi;zayif;zayif;asagi;0,60;-3,48;3;43,32;1,12;19310973;47,15;SAT;NEGATIF;NOTR;NEGATIF;AZALIYOR;SAT;AL;UCUZ (AL);1;04.09.2026
ARZUM;izle;;6,4;0,8;5,6;0,0;0;0;zayif;17,9;35,0;66,4;asagi;zayif;zayif;asagi;0,29;-3,49;2;1,52;0,00;9812362;1,75;SAT;NEGATIF;NOTR;NEGATIF;AZALIYOR;SAT;SAT;UCUZ (AL);0;04.09.2026
KOPOL;izle;;6,2;0,9;3,5;1,8;0;0;zayif;18,8;31,2;45,2;asagi;zayif;zayif;asagi;0,81;-3,13;2;5;-0,40;51291320;5,70;SAT;NEGATIF;NOTR;NEGATIF;AZALIYOR;SAT;AL;NOTR;1;04.09.2026
ALKA;izle;;6,2;0,3;5,9;0,0;32;3;zayif;14,3;35,5;54,2;asagi;zayif;zayif;asagi;0,44;-3,12;1;7,83;0,64;9903235;8,61;SAT;NEGATIF;NOTR;NEGATIF;AZALIYOR;SAT;SAT;UCUZ (AL);0;04.09.2026
LRSHO;izle;;6,2;0,3;5,9;0,0;42;3;zayif;14,0;31,4;0,0;asagi;zayif;zayif;asagi;0,48;-4,17;4;2,41;0,00;35734805;2,71;SAT;NEGATIF;NOTR;NEGATIF;AZALIYOR;SAT;SAT;UCUZ (AL);0;04.09.2026
GZNMI;izle;;6,2;0,0;6,2;0,0;10;0;zayif;11,4;38,7;38,0;asagi;zayif;zayif;asagi;0,55;-1,96;4;52,95;2,22;48687949;61,48;SAT;NEGATIF;NOTR;NEGATIF;ARTIYOR;SAT;AL;NOTR;1;04.09.2026
BANVT;izle;;6,1;1,0;5,1;0,1;0;0;zayif;19,0;35,8;22,2;asagi;zayif;zayif;asagi;0,71;-2,27;2;149;0,34;9783340;159,85;SAT;NEGATIF;NOTR;NEGATIF;AZALIYOR;SAT;AL;NOTR;1;04.09.2026
GOKNR;izle;;6,1;1,5;4,6;0,0;0;0;zayif;22,9;26,9;25,6;asagi;zayif;zayif;asagi;0,56;-5,15;2;16,71;-1,30;76492632;19,02;SAT;NEGATIF;SAT;NEGATIF;AZALIYOR;AL;SAT;NOTR;1;04.09.2026
ENSRI;izle;;6,0;0,0;6,0;0,0;0;0;zayif;11,1;35,3;23,7;asagi;zayif;zayif;asagi;0,63;-5,91;2;4,63;-1,70;72547979;5,54;SAT;NEGATIF;NOTR;NEGATIF;AZALIYOR;SAT;SAT;UCUZ (AL);0;04.09.2026
EMKEL;izle;;6,0;2,4;1,2;2,4;10;0;zayif;37,1;14,7;14,4;asagi;zayif;zayif;asagi;0,84;-6,59;4;12,9;-2,27;47273546;15,03;SAT;NEGATIF;SAT;NEGATIF;AZALIYOR;SAT;AL;UCUZ (AL);1;04.09.2026
PRKAB;izle;;6,0;0,6;5,4;0,0;6;0;zayif;16,3;29,8;27,5;asagi;zayif;zayif;asagi;0,51;-3,58;3;30,3;0,93;8878658;33,14;SAT;NEGATIF;NOTR;NEGATIF;AZALIYOR;SAT;AL;NOTR;1;04.09.2026
DARDL;izle;;5,9;1,5;4,4;0,0;0;0;zayif;23,3;30,0;39,2;asagi;zayif;zayif;asagi;0,70;-3,71;2;1,57;0,64;18312631;1,72;SAT;NEGATIF;SAT;NEGATIF;AZALIYOR;SAT;SAT;UCUZ (AL);0;04.09.2026
QUAGR;izle;;5,9;0,1;5,6;0,2;0;0;zayif;12,5;36,4;61,9;asagi;zayif;zayif;asagi;0,71;-2,35;1;3,07;0,66;91701130;3,49;SAT;NEGATIF;NOTR;NEGATIF;AZALIYOR;SAT;AL;NOTR;1;04.09.2026
ARENA;izle;;5,8;0,5;5,3;0,0;0;0;zayif;15,8;33,2;46,8;asagi;zayif;zayif;asagi;0,61;-3,59;2;19,37;1,41;13767092;22,09;SAT;NEGATIF;NOTR;NEGATIF;AZALIYOR;SAT;SAT;UCUZ (AL);0;04.09.2026
ATLAS;izle;;5,8;2,4;3,4;0,0;0;0;zayif;34,7;27,9;33,5;asagi;zayif;zayif;asagi;0,49;-4,10;2;5,89;-1,34;2198949;6,66;SAT;NEGATIF;SAT;NEGATIF;AZALIYOR;SAT;SAT;NOTR;0;04.09.2026
LMKDC;izle;;5,7;1,2;3,2;1,3;20;1;zayif;20,9;32,2;23,8;asagi;zayif;zayif;asagi;0,78;-3,69;4;21,94;1,86;72959934;24,32;SAT;NEGATIF;SAT;NEGATIF;AZALIYOR;SAT;AL;UCUZ (AL);1;04.09.2026
KRTEK;izle;;5,7;1,1;4,6;0,0;6;0;zayif;20,0;27,1;4,0;asagi;zayif;zayif;asagi;0,23;-3,83;3;4,99;-1,96;1233787;5,80;SAT;NEGATIF;NOTR;NEGATIF;AZALIYOR;SAT;SAT;UCUZ (AL);0;04.09.2026
INVEO;izle;;5,6;0,2;5,4;0,0;0;0;zayif;13,7;33,1;39,8;asagi;zayif;zayif;asagi;0,37;-2,86;0;6,66;0,45;11976072;7,31;SAT;NEGATIF;NOTR;NEGATIF;AZALIYOR;SAT;SAT;UCUZ (AL);0;04.09.2026
BMSCH;izle;;5,6;2,4;1,5;1,6;10;0;zayif;30,2;22,2;26,8;asagi;zayif;zayif;asagi;0,80;-5,71;4;10,04;1,01;11809640;11,45;SAT;NEGATIF;SAT;NEGATIF;AZALIYOR;SAT;AL;UCUZ (AL);1;04.09.2026
KAREL;izle;;5,6;1,5;4,1;0,0;0;0;zayif;23,0;31,7;20,5;asagi;zayif;zayif;asagi;0,61;-3,66;0;8,1;-0,25;57093417;9,18;SAT;NEGATIF;SAT;NEGATIF;AZALIYOR;SAT;AL;NOTR;1;04.09.2026
CMENT;izle;;5,5;2,4;3,0;0,0;0;0;zayif;40,4;28,9;31,5;asagi;zayif;zayif;asagi;0,63;-4,54;2;252,5;-0,49;634028;266,53;SAT;NEGATIF;SAT;NEGATIF;AZALIYOR;SAT;SAT;UCUZ (AL);0;04.09.2026
KLSER;izle;;5,5;0,8;3,2;1,5;10;1;zayif;17,9;30,2;44,5;asagi;zayif;zayif;asagi;0,79;-3,50;2;22,98;0,35;28498877;24,77;SAT;NEGATIF;NOTR;NEGATIF;AZALIYOR;SAT;SAT;UCUZ (AL);0;04.09.2026
ATAKP;izle;;5,4;2,3;3,1;0,0;10;0;zayif;29,1;28,4;34,1;asagi;zayif;zayif;asagi;0,53;-4,40;4;41,74;0,77;9886870;45,68;SAT;NEGATIF;SAT;NEGATIF;AZALIYOR;SAT;SAT;UCUZ (AL);0;04.09.2026
PNLSN;izle;;5,4;0,4;5,0;0,0;0;0;zayif;15,1;35,9;56,8;asagi;zayif;zayif;asagi;0,50;-2,36;2;39,8;-0,40;20487886;44,88;SAT;NEGATIF;NOTR;NEGATIF;AZALIYOR;SAT;SAT;NOTR;0;04.09.2026
IMASM;izle;;5,2;0,5;4,7;0,0;40;4;zayif;15,8;31,1;11,3;asagi;zayif;zayif;asagi;0,59;-4,56;2;2,21;-0,45;39632807;2,44;SAT;NEGATIF;NOTR;NEGATIF;AZALIYOR;SAT;AL;UCUZ (AL);1;04.09.2026
BALSU;izle;;5,2;1,7;3,4;0,0;6;0;zayif;24,6;27,4;53,9;asagi;zayif;zayif;asagi;0,65;-4,83;3;8,68;-6,67;533204866;11,25;SAT;NEGATIF;SAT;NEGATIF;ARTIYOR;SAT;SAT;UCUZ (AL);0;04.09.2026
OYAYO;izle;;5,1;0,0;5,1;0,0;0;0;zayif;8,9;33,3;32,0;asagi;zayif;zayif;asagi;0,40;-2,73;2;41;-0,19;918195;45,25;SAT;NEGATIF;NOTR;NEGATIF;AZALIYOR;SAT;SAT;UCUZ (AL);0;04.09.2026
SMRVA;izle;;5,0;0,7;4,3;0,0;6;0;zayif;17,4;31,8;35,6;asagi;zayif;zayif;asagi;0,49;-3,79;3;10,4;-0,10;63468392;11,88;SAT;NEGATIF;NOTR;NEGATIF;AZALIYOR;SAT;SAT;UCUZ (AL);0;04.09.2026
KOTON;izle;;5,0;0,7;4,3;0,0;6;0;zayif;17,4;31,6;45,6;asagi;zayif;zayif;asagi;0,59;-3,62;3;12,09;-0,08;15332925;13,01;SAT;NEGATIF;NOTR;NEGATIF;AZALIYOR;SAT;SAT;UCUZ (AL);0;04.09.2026
A1CAP;izle;;5,0;2,2;2,3;0,5;6;0;zayif;27,9;25,6;41,5;asagi;zayif;zayif;asagi;0,73;-5,65;3;7,27;-1,49;44995368;8,25;SAT;NEGATIF;SAT;NEGATIF;AZALIYOR;SAT;SAT;UCUZ (AL);0;04.09.2026
KRSTL;izle;;4,9;2,4;2,4;0,0;10;0;zayif;34,6;25,6;34,2;asagi;zayif;zayif;asagi;0,67;-4,63;4;8,74;-0,46;28399232;9,39;SAT;NEGATIF;SAT;NEGATIF;AZALIYOR;SAT;SAT;NOTR;0;04.09.2026
RTALB;izle;;4,9;0,0;4,9;0,0;0;0;zayif;11,3;31,4;30,5;asagi;zayif;zayif;asagi;0,57;-3,85;2;2,76;0,36;26716256;3,01;SAT;NEGATIF;NOTR;NEGATIF;AZALIYOR;SAT;SAT;UCUZ (AL);0;04.09.2026
MAKIM;izle;;4,7;0,3;4,4;0,0;0;0;zayif;14,1;34,0;65,6;asagi;zayif;zayif;asagi;0,55;-2,81;2;14,8;1,30;9966409;16,71;SAT;NEGATIF;NOTR;NEGATIF;AZALIYOR;SAT;SAT;NOTR;0;04.09.2026
ANGEN;izle;;4,6;0,7;3,8;0,0;0;0;zayif;17,2;28,4;44,5;asagi;zayif;zayif;asagi;0,60;-3,89;2;8,77;-0,45;11386337;9,44;SAT;NEGATIF;NOTR;NEGATIF;ARTIYOR;SAT;SAT;UCUZ (AL);0;04.09.2026
KONKA;izle;;4,5;2,4;0,3;1,8;42;3;zayif;30,2;17,3;16,8;asagi;zayif;zayif;asagi;0,81;-6,63;6;9,18;-1,18;23294782;10,51;SAT;NEGATIF;SAT;NEGATIF;AZALIYOR;SAT;SAT;UCUZ (AL);0;04.09.2026
VSNMD;izle;;4,4;0,9;1,1;2,4;10;0;zayif;18,9;19,6;29,5;asagi;zayif;zayif;asagi;0,84;-5,34;4;40,76;0,94;38325364;45,36;SAT;NEGATIF;NOTR;NEGATIF;AZALIYOR;SAT;AL;UCUZ (AL);1;04.09.2026
YKSLN;izle;;4,4;0,3;4,1;0,0;0;0;zayif;14,2;30,3;40,3;asagi;zayif;zayif;asagi;0,52;-3,43;2;2,63;-0,75;10880357;2,88;SAT;NEGATIF;NOTR;NEGATIF;AZALIYOR;SAT;AL;UCUZ (AL);1;04.09.2026
NATEN;izle;;4,3;1,1;3,2;0,0;6;0;zayif;20,0;29,0;28,7;asagi;zayif;zayif;asagi;0,69;-4,35;3;5,05;1,61;27591417;5,59;SAT;NEGATIF;NOTR;NEGATIF;AZALIYOR;SAT;SAT;UCUZ (AL);0;04.09.2026
BORLS;izle;;4,3;1,3;3,0;0,0;10;0;zayif;21,9;27,1;31,5;asagi;zayif;zayif;asagi;0,48;-4,00;4;3,7;-2,89;39881327;4,72;SAT;NEGATIF;SAT;NEGATIF;AZALIYOR;SAT;SAT;NOTR;0;04.09.2026
FZLGY;izle;;4,2;2,4;1,8;0,0;0;0;zayif;29,8;23,6;41,4;asagi;zayif;zayif;asagi;0,59;-5,33;2;7,99;1,78;103112420;9,66;SAT;NEGATIF;SAT;NEGATIF;AZALIYOR;SAT;SAT;UCUZ (AL);0;04.09.2026
FORMT;izle;;4,2;2,4;1,8;0,0;0;0;zayif;38,4;19,8;42,9;asagi;zayif;zayif;asagi;0,57;-6,70;2;1,47;1,38;16564902;1,62;SAT;NEGATIF;SAT;NEGATIF;AZALIYOR;SAT;AL;UCUZ (AL);1;04.09.2026
TATEN;izle;;4,2;1,4;2,8;0,0;0;0;zayif;22,3;24,9;46,8;asagi;zayif;zayif;asagi;0,49;-5,07;1;7,62;0,40;178790072;9,19;SAT;NEGATIF;SAT;NEGATIF;AZALIYOR;SAT;SAT;UCUZ (AL);0;04.09.2026
SELVA;izle;;4,1;0,9;3,2;0,0;0;0;zayif;18,5;29,8;42,2;asagi;zayif;zayif;asagi;0,47;-4,40;2;1,54;0,65;24573336;1,70;SAT;NEGATIF;NOTR;NEGATIF;AZALIYOR;SAT;AL;UCUZ (AL);1;04.09.2026
PAMEL;izle;;3,8;0,3;3,5;0,0;10;0;zayif;14,1;29,9;61,4;asagi;zayif;zayif;asagi;0,67;-3,18;4;71,3;-2,79;16413688;79,53;SAT;NEGATIF;NOTR;NEGATIF;ARTIYOR;SAT;SAT;NOTR;0;04.09.2026
TMSN;izle;;3,8;0,2;3,5;0,0;0;0;zayif;13,6;28,7;47,0;asagi;zayif;zayif;asagi;0,70;-4,14;1;70,55;0,71;25940318;77,43;SAT;NEGATIF;NOTR;NEGATIF;AZALIYOR;SAT;SAT;UCUZ (AL);0;04.09.2026
BEYAZ;izle;;3,7;0,2;3,6;0,0;0;0;zayif;13,1;29,9;26,5;asagi;zayif;zayif;asagi;0,42;-3,31;2;21,58;-1,01;6847809;23,91;SAT;NEGATIF;NOTR;NEGATIF;AZALIYOR;SAT;SAT;UCUZ (AL);0;04.09.2026
ORCAY;izle;;3,5;0,3;3,2;0,0;0;0;zayif;14,2;27,2;14,5;asagi;zayif;zayif;asagi;0,48;-3,32;1;3,28;-0,61;2111913;3,67;SAT;NEGATIF;NOTR;NEGATIF;AZALIYOR;SAT;SAT;NOTR;0;04.09.2026
ALVES;izle;;3,4;2,4;0,9;0,0;6;0;zayif;29,9;18,6;35,9;asagi;zayif;zayif;asagi;0,55;-7,78;3;1,24;0,81;99143883;1,53;SAT;NEGATIF;SAT;NEGATIF;AZALIYOR;SAT;AL;UCUZ (AL);1;04.09.2026
IZINV;izle;;2,7;0,4;2,3;0,0;6;0;zayif;14,8;26,7;11,9;asagi;zayif;zayif;asagi;0,65;-3,98;3;49;0,41;10379670;55,01;SAT;NEGATIF;NOTR;NEGATIF;AZALIYOR;SAT;SAT;UCUZ (AL);0;04.09.2026