hisse;durum;yeni_sinyal;konfluans;trend_35;momentum_30;hacim_35;risk;uyumsuzluk;rejim;adx;rsi;mfi;supertrend;goreli_guc;usd_trend;haftalik_trend;hacim_orani;ema50_uzaklik_atr;dagitim_gun;kapanis;degisim%;islem_hacmi_tl;st_cizgisi;osc_macd;osc_rsi;osc_adx;osc_momentum;osc_atr;osc_wavetrend;osc_stochrsi;osc_sharpe;osc_al_sayisi;tarih
RYSAS;GUCLU AL;;98,4;35,0;28,4;35,0;28;0;guclu trend;32,1;75,2;86,8;yukari;guclu;yukselis;yukari;2,27;4,36;1;30,02;4,24;1137590669;24,54;AL;POZITIF;AL;POZITIF;ARTIYOR;AL;AL;NOTR;6;01.09.2026
AGESA;izle;;98,2;33,2;30,0;35,0;58;4;guclu trend;25,3;71,3;73,8;yukari;guclu;yukselis;yukari;1,41;2,69;1;264,5;1,24;105487890;239,61;AL;POZITIF;AL;POZITIF;AZALIYOR;AL;SAT;NOTR;5;01.09.2026
RYGYO;GUCLU AL;;97,7;35,0;30,0;32,7;28;0;guclu trend;49,8;71,4;80,8;yukari;guclu;yukselis;yukari;1,39;4,70;0;48,28;-4,96;217894399;43,73;AL;POZITIF;AL;POZITIF;ARTIYOR;AL;SAT;NOTR;5;01.09.2026
INDES;GUCLU AL;;97,5;34,2;29,6;33,8;0;0;guclu trend;27,9;57,5;80,6;yukari;guclu;yukselis;yukari;1,42;1,35;1;11,54;-2,78;124679787;10,83;AL;POZITIF;AL;POZITIF;ARTIYOR;SAT;SAT;NOTR;4;01.09.2026
AHGAZ;GUCLU AL;;96,3;32,2;30,0;34,1;28;0;guclu trend;22,7;71,3;87,3;yukari;guclu;yukselis;yukari;1,37;3,36;1;38,5;1,37;257489810;34,46;AL;POZITIF;AL;POZITIF;AZALIYOR;AL;SAT;NOTR;5;01.09.2026
SANFM;GUCLU AL;;96,2;35,0;30,0;31,2;0;0;guclu trend;31,3;57,1;67,3;yukari;guclu;yukselis;yukari;2,55;1,52;1;10,42;0,29;153089973;9,99;AL;POZITIF;AL;POZITIF;ARTIYOR;SAT;SAT;NOTR;4;01.09.2026
ARSAN;GUCLU AL;;95,9;35,0;30,0;30,9;10;0;guclu trend;39,2;61,0;90,7;yukari;guclu;yukselis;yukari;1,33;2,12;1;4,08;-7,27;161793481;3,79;AL;POZITIF;AL;POZITIF;ARTIYOR;SAT;SAT;NOTR;4;01.09.2026
KUVVA;GUCLU AL;;95,2;35,0;30,0;30,2;36;1;guclu trend;35,5;70,2;85,6;yukari;guclu;yukselis;yukari;1,01;2,89;2;193,8;3,09;41835606;163,41;AL;POZITIF;AL;POZITIF;ARTIYOR;AL;AL;NOTR;6;01.09.2026
OFSYM;GUCLU AL;;95,0;30,0;30,0;35,0;18;0;zayif;45,5;65,6;67,6;yukari;guclu;yukselis;yukari;1,60;2,46;0;69;2,91;391937250;56,91;AL;POZITIF;AL;POZITIF;AZALIYOR;AL;AL;NOTR;6;01.09.2026
TBORG;GUCLU AL;;95,0;30,0;30,0;35,0;36;0;zayif;42,5;71,1;84,9;yukari;guclu;yukselis;yukari;1,50;3,69;0;165;2,48;92747325;143,79;AL;POZITIF;AL;POZITIF;ARTIYOR;SAT;AL;NOTR;5;01.09.2026
BAHKM;izle;;94,5;35,0;26,4;33,1;45;1;guclu trend;43,4;79,2;85,8;yukari;guclu;yukselis;yukari;1,39;3,87;0;161,6;0,25;264672035;138,64;AL;POZITIF;AL;POZITIF;ARTIYOR;AL;SAT;NOTR;5;01.09.2026
KRDMA;GUCLU AL;;94,4;35,0;28,9;30,6;40;0;guclu trend;43,7;74,2;95,5;yukari;guclu;yukselis;yukari;2,51;4,42;1;63,05;-5,40;1812089786;53,49;AL;POZITIF;AL;POZITIF;ARTIYOR;AL;SAT;NOTR;5;01.09.2026
BIMAS;GUCLU AL;;94,1;33,9;29,7;30,5;0;0;guclu trend;27,3;56,0;47,6;yukari;guclu;yukselis;yukari;1,04;1,46;1;408,25;0,68;4407206945;383,65;AL;POZITIF;AL;POZITIF;ARTIYOR;SAT;SAT;NOTR;4;01.09.2026
BIGEN;izle;;93,8;35,0;24,9;33,9;57;2;guclu trend;41,7;82,2;88,7;yukari;guclu;yukselis;yukari;1,31;5,77;0;186;1,20;1290537192;151,17;AL;POZITIF;AL;POZITIF;AZALIYOR;AL;AL;PAHALI (SAT);6;01.09.2026
ANELE;izle;;93,6;35,0;23,6;35,0;67;3;guclu trend;34,8;84,8;92,7;yukari;guclu;yukselis;yukari;1,43;5,38;0;193;1,31;1625920201;152,16;AL;POZITIF;AL;POZITIF;ARTIYOR;AL;AL;PAHALI (SAT);6;01.09.2026
TGSAS;GUCLU AL;;92,5;35,0;30,0;27,5;0;0;guclu trend;30,0;58,0;75,2;yukari;guclu;yukselis;yukari;1,42;1,91;0;232,6;0,17;261543116;212,54;AL;POZITIF;AL;POZITIF;ARTIYOR;SAT;SAT;NOTR;4;01.09.2026
DEVA;GUCLU AL;;92,3;35,0;27,7;29,6;36;0;guclu trend;41,7;76,6;72,6;yukari;guclu;yukselis;yukari;0,98;4,94;0;95,65;2,14;91171954;82,47;AL;POZITIF;AL;POZITIF;AZALIYOR;AL;AL;NOTR;6;01.09.2026
TARKM;GUCLU AL;;92,2;34,8;30,0;27,4;10;0;guclu trend;29,4;65,6;82,0;yukari;guclu;yukselis;yukari;0,93;2,24;0;550;-2,40;95662050;478,25;AL;POZITIF;AL;POZITIF;AZALIYOR;AL;SAT;NOTR;5;01.09.2026
ENERY;GUCLU AL;;92,2;32,9;30,0;29,3;10;0;guclu trend;24,5;69,8;89,1;yukari;guclu;yukselis;yukari;1,70;2,56;0;10,17;2,94;638053688;8,98;AL;POZITIF;AL;POZITIF;ARTIYOR;AL;AL;NOTR;6;01.09.2026
POLHO;GUCLU AL;;91,8;35,0;22,9;33,9;10;1;guclu trend;31,6;54,2;39,5;yukari;guclu;yukselis;yukari;1,60;0,94;2;22,24;2,02;57291686;20,89;SAT;POZITIF;AL;NEGATIF;ARTIYOR;SAT;AL;NOTR;3;01.09.2026
TNZTP;GUCLU AL;;91,7;32,1;30,0;29,6;28;0;guclu trend;22,6;71,6;45,7;yukari;guclu;yukselis;yukari;0,97;3,19;1;32;0,00;125413472;27,67;AL;POZITIF;AL;POZITIF;ARTIYOR;AL;AL;NOTR;6;01.09.2026
BRLSM;GUCLU AL;EVET;91,5;35,0;30,0;26,5;10;0;guclu trend;33,2;63,3;66,2;yukari;guclu;yukselis;yukari;1,65;2,45;1;22,04;-9,97;431001523;21,64;AL;POZITIF;AL;POZITIF;ARTIYOR;AL;SAT;NOTR;5;01.09.2026
KRDMD;GUCLU AL;;91,5;33,6;29,0;28,8;0;0;guclu trend;26,5;52,7;80,5;yukari;guclu;yukselis;yukari;1,07;1,08;2;44,4;-6,29;2999943498;41,86;AL;POZITIF;AL;POZITIF;ARTIYOR;SAT;SAT;NOTR;4;01.09.2026
AKSGY;GUCLU AL;;91,1;35,0;22,3;33,8;0;0;guclu trend;30,3;54,6;69,2;yukari;guclu;yukselis;yukari;1,25;1,22;1;9,97;-0,40;65280509;9,55;SAT;POZITIF;AL;POZITIF;ARTIYOR;SAT;SAT;NOTR;3;01.09.2026
CATES;GUCLU AL;;91,0;35,0;22,0;34,0;35;0;guclu trend;52,0;88,5;95,1;yukari;guclu;yukselis;yukari;1,24;6,17;1;72,2;3,07;308249308;60,79;AL;POZITIF;AL;POZITIF;ARTIYOR;SAT;AL;NOTR;5;01.09.2026
AYGAZ;izle;;90,8;35,0;24,9;30,9;42;2;guclu trend;44,5;66,3;80,9;yukari;guclu;yukselis;yukari;1,10;3,64;2;331,5;-1,04;527037264;299,67;SAT;POZITIF;AL;POZITIF;ARTIYOR;AL;AL;NOTR;5;01.09.2026
HUNER;GUCLU AL;;90,3;33,7;30,0;26,7;30;2;guclu trend;26,6;59,7;71,1;yukari;guclu;yukselis;yukari;0,84;1,50;1;3,97;-0,75;130494900;3,50;AL;POZITIF;AL;POZITIF;AZALIYOR;AL;AL;NOTR;6;01.09.2026
NETAS;GUCLU AL;;89,6;35,0;30,0;24,6;20;0;guclu trend;41,4;64,7;64,6;yukari;guclu;yukselis;yukari;1,00;3,34;0;95,2;3,87;208180409;83,84;AL;POZITIF;AL;POZITIF;ARTIYOR;SAT;SAT;NOTR;4;01.09.2026
ATSYH;izle;;89,3;29,2;30,0;30,2;52;3;ilimli;15,0;59,3;69,3;yukari;guclu;yukselis;yukari;1,01;3,08;2;129;-2,05;5698446;112,53;AL;POZITIF;NOTR;POZITIF;AZALIYOR;AL;AL;NOTR;5;01.09.2026
RGYAS;izle;;89,3;32,8;24,0;32,5;40;4;guclu trend;24,4;47,7;77,9;yukari;guclu;zayif;yukari;1,24;0,31;1;203,4;-5,57;570941766;199,35;AL;NEGATIF;AL;NEGATIF;ARTIYOR;SAT;SAT;NOTR;2;01.09.2026
ALBRK;izle;;89,0;33,5;27,8;27,8;32;3;guclu trend;30,2;54,4;60,0;yukari;guclu;yukselis;yukari;1,02;0,92;1;8,68;0,00;117724201;8,39;AL;POZITIF;AL;POZITIF;AZALIYOR;SAT;SAT;NOTR;4;01.09.2026
VBTYZ;GUCLU AL;;89,0;35,0;30,0;24,0;10;0;guclu trend;34,2;62,1;73,0;yukari;guclu;yukselis;yukari;0,69;2,75;0;37,94;0,53;84741911;32,80;AL;POZITIF;AL;POZITIF;AZALIYOR;SAT;SAT;NOTR;4;01.09.2026
BORSK;GUCLU AL;EVET;88,8;25,1;28,9;34,8;8;0;zayif;28,0;59,8;75,6;yukari;guclu;yukselis;yukari;1,92;1,04;2;6,38;3,91;86437388;5,76;AL;POZITIF;AL;POZITIF;ARTIYOR;AL;AL;NOTR;6;01.09.2026
DMLKT;GUCLU AL;;88,8;35,0;30,0;23,8;26;0;guclu trend;51,4;69,8;81,7;yukari;guclu;yukselis;yukari;0,37;3,81;3;6,89;-0,29;24075038;6,58;AL;POZITIF;AL;NEGATIF;AZALIYOR;SAT;SAT;NOTR;3;01.09.2026
ARASE;GUCLU AL;;88,4;33,7;30,0;24,7;8;0;guclu trend;26,6;59,2;77,5;yukari;guclu;yukselis;yukari;0,65;1,53;0;125;3,99;34226375;108,17;AL;POZITIF;AL;POZITIF;AZALIYOR;AL;AL;NOTR;6;01.09.2026
SELEC;GUCLU AL;;88,1;35,0;22,8;30,3;35;0;guclu trend;49,6;86,4;100,0;yukari;guclu;yukselis;yukari;1,02;6,16;0;338;1,35;2058110054;285,89;AL;POZITIF;AL;POZITIF;AZALIYOR;AL;SAT;PAHALI (SAT);5;01.09.2026
TUPRS;GUCLU AL;;87,8;35,0;24,8;28,0;38;1;guclu trend;52,1;71,7;81,3;yukari;guclu;yukselis;yukari;0,89;5,39;1;402,75;0,62;12014976546;364,54;SAT;POZITIF;AL;POZITIF;ARTIYOR;AL;AL;NOTR;5;01.09.2026
TRHOL;izle;;87,2;35,0;22,0;30,2;45;1;guclu trend;45,3;94,5;100,0;yukari;guclu;yukselis;yukari;1,01;7,67;0;3350;6,86;1221477000;2711,55;AL;POZITIF;AL;POZITIF;ARTIYOR;AL;SAT;PAHALI (SAT);5;01.09.2026
TRCAS;GUCLU AL;;87,0;32,1;29,8;25,0;14;0;guclu trend;22,6;57,3;63,1;yukari;guclu;yukselis;yukari;0,30;1,42;3;47,5;0,72;14075913;42,75;AL;POZITIF;AL;POZITIF;AZALIYOR;AL;AL;NOTR;6;01.09.2026
PRZMA;GUCLU AL;EVET;86,9;35,0;30,0;21,9;32;2;guclu trend;30,7;60,7;73,4;yukari;guclu;yukselis;yukari;0,32;2,47;1;87;-4,40;145311315;67,71;AL;POZITIF;AL;NEGATIF;AZALIYOR;AL;SAT;PAHALI (SAT);4;01.09.2026
GUBRF;GUCLU AL;;86,4;34,7;28,0;23,8;0;0;guclu trend;29,1;54,5;68,9;yukari;guclu;yukselis;yukari;0,90;0,63;1;471;-2,23;1612569765;437,48;AL;POZITIF;AL;POZITIF;AZALIYOR;SAT;SAT;NOTR;4;01.09.2026
CRFSA;izle;;86,3;27,0;26,0;33,3;20;0;guclu trend;55,5;67,3;64,6;asagi;guclu;yukselis;yukari;1,58;4,32;1;317,5;9,96;1532483918;337,96;SAT;POZITIF;AL;POZITIF;ARTIYOR;AL;AL;NOTR;5;01.09.2026
KCHOL;GUCLU AL;;85,7;35,0;24,9;25,8;32;2;guclu trend;30,3;59,1;70,6;yukari;guclu;yukselis;yukari;1,49;1,77;5;214,7;-0,09;10576389516;202,86;SAT;POZITIF;AL;POZITIF;ARTIYOR;SAT;SAT;NOTR;3;01.09.2026
BIOEN;GUCLU AL;;85,6;27,1;29,2;29,3;6;0;zayif;27,7;56,0;62,9;yukari;guclu;yukselis;yukari;1,10;1,15;3;19,38;1,47;163297101;17,84;AL;POZITIF;AL;POZITIF;ARTIYOR;SAT;SAT;NOTR;4;01.09.2026
AKFIS;GUCLU AL;;85,5;30,2;30,0;25,4;10;1;guclu trend;28,1;53,2;69,7;yukari;guclu;yukselis;yukari;1,04;1,57;2;17;-4,49;392483794;16,36;AL;POZITIF;SAT;POZITIF;ARTIYOR;SAT;SAT;PAHALI (SAT);3;01.09.2026
TRMET;GUCLU AL;;85,0;33,4;28,1;23,5;0;0;guclu trend;26,0;50,2;65,0;yukari;guclu;yukselis;yukari;0,84;0,69;1;134,7;-6,91;798148686;128,36;AL;POZITIF;AL;POZITIF;ARTIYOR;SAT;SAT;NOTR;4;01.09.2026
ORGE;GUCLU AL;;84,7;34,6;29,9;20,1;30;2;guclu trend;29,1;60,0;65,4;yukari;guclu;yukselis;yukari;0,63;1,47;2;23,54;-2,00;106804393;20,44;AL;POZITIF;AL;POZITIF;AZALIYOR;AL;SAT;NOTR;5;01.09.2026
PSDTC;GUCLU AL;;84,4;35,0;30,0;19,4;22;2;guclu trend;30,8;59,1;65,9;yukari;guclu;yukselis;yukari;0,67;1,85;0;169,5;-2,75;68884122;147,49;AL;POZITIF;AL;POZITIF;AZALIYOR;AL;SAT;NOTR;5;01.09.2026
DIRIT;AL;;84,1;25,2;26,0;32,9;16;0;zayif;17,6;60,6;75,4;yukari;guclu;yukselis;yukari;1,99;2,16;3;27,9;4,18;4314121;25,07;SAT;POZITIF;NOTR;POZITIF;ARTIYOR;AL;AL;NOTR;4;01.09.2026
MARTI;GUCLU AL;EVET;84,0;22,8;27,3;33,9;28;0;zayif;26,5;77,4;90,1;yukari;guclu;yukselis;yukari;3,14;3,39;0;1,87;10,00;489932376;1,53;AL;POZITIF;AL;POZITIF;ARTIYOR;AL;AL;NOTR;6;01.09.2026
TRENJ;GUCLU AL;;83,9;31,7;29,6;22,6;10;1;guclu trend;21,5;54,1;63,4;yukari;guclu;yukselis;yukari;0,50;1,33;2;104;-2,71;122375552;95,86;AL;POZITIF;AL;POZITIF;ARTIYOR;SAT;SAT;NOTR;4;01.09.2026
OZSUB;GUCLU AL;;83,8;35,0;24,4;24,4;26;1;guclu trend;33,7;64,7;54,9;yukari;guclu;yukselis;yukari;0,63;2,86;3;43,88;1,11;117471411;37,97;SAT;POZITIF;AL;POZITIF;ARTIYOR;SAT;SAT;NOTR;3;01.09.2026
ALARK;GUCLU AL;;83,7;34,2;26,7;22,8;0;0;guclu trend;28,0;53,9;43,1;yukari;guclu;yukselis;yukari;0,58;0,86;2;107,9;-0,37;354841774;98,31;AL;POZITIF;AL;POZITIF;AZALIYOR;SAT;SAT;NOTR;4;01.09.2026
KRGYO;GUCLU AL;;83,7;30,0;30,0;23,7;10;0;zayif;42,1;66,5;77,8;yukari;guclu;yukselis;yukari;0,63;2,59;1;3,11;-2,51;50853022;2,79;AL;POZITIF;AL;POZITIF;ARTIYOR;SAT;SAT;NOTR;4;01.09.2026
PASEU;GUCLU AL;;83,7;35,0;30,0;18,7;10;0;guclu trend;46,6;58,8;85,7;yukari;guclu;yukselis;yukari;0,83;2,96;1;217,1;-9,99;2492920656;207,58;AL;POZITIF;AL;POZITIF;ARTIYOR;SAT;SAT;NOTR;4;01.09.2026
MRGYO;GUCLU AL;;83,6;22,5;28,3;32,9;18;0;zayif;31,5;75,5;73,9;yukari;guclu;yukselis;yukari;1,89;2,30;0;1,61;0,63;278460834;1,37;AL;POZITIF;AL;POZITIF;ARTIYOR;AL;SAT;NOTR;5;01.09.2026
EGPRO;GUCLU AL;;83,6;35,0;26,6;22,0;8;0;guclu trend;30,5;54,6;62,1;yukari;guclu;yukselis;yukari;1,05;0,71;1;37,92;-1,40;55423986;36,68;AL;POZITIF;AL;POZITIF;AZALIYOR;SAT;SAT;NOTR;4;01.09.2026
BOBET;izle;;83,4;29,3;30,0;24,2;40;3;zayif;37,0;58,6;64,6;yukari;guclu;yukselis;yukari;0,73;1,49;1;20,78;3,90;119292868;18,10;AL;POZITIF;AL;POZITIF;ARTIYOR;SAT;SAT;NOTR;4;01.09.2026
DURKN;GUCLU AL;;82,5;33,9;27,8;20,8;0;0;guclu trend;27,1;52,9;66,8;yukari;guclu;yukselis;yukari;0,53;0,67;1;21,7;-3,04;32810704;19,66;AL;POZITIF;AL;POZITIF;ARTIYOR;SAT;SAT;NOTR;4;01.09.2026
KLSYN;GUCLU AL;;82,3;34,1;24,8;23,4;0;0;guclu trend;27,7;58,1;57,3;yukari;guclu;yukselis;yukari;0,30;1,57;0;15,54;-0,96;17178211;13,93;SAT;POZITIF;AL;NEGATIF;AZALIYOR;SAT;SAT;NOTR;2;01.09.2026
NTGAZ;izle;;82,2;22,7;27,6;31,8;32;3;ilimli;21,5;61,3;75,0;yukari;guclu;yukselis;yukari;1,65;0,93;1;11,69;0,43;85974783;10,47;AL;POZITIF;AL;POZITIF;ARTIYOR;AL;AL;NOTR;6;01.09.2026
KRPLS;GUCLU AL;;82,0;35,0;24,5;22,5;0;0;guclu trend;44,8;55,9;76,7;yukari;guclu;yukselis;yukari;0,45;1,38;0;10,45;-0,95;19456218;9,48;SAT;POZITIF;AL;POZITIF;AZALIYOR;SAT;SAT;NOTR;3;01.09.2026
IEYHO;GUCLU AL;;82,0;35,0;22,0;25,0;35;0;guclu trend;83,6;91,9;100,0;yukari;guclu;yukselis;yukari;0,57;10,74;0;208,5;0,43;269719979;197,06;AL;POZITIF;AL;POZITIF;AZALIYOR;AL;AL;PAHALI (SAT);6;01.09.2026
DAGI;GUCLU AL;;81,9;30,4;30,0;21,5;0;0;guclu trend;30,7;59,6;75,3;yukari;guclu;yukselis;yukari;0,65;2,04;1;10,61;1,82;66054030;9,74;AL;POZITIF;SAT;POZITIF;ARTIYOR;SAT;SAT;NOTR;3;01.09.2026
GENIL;GUCLU AL;;81,9;35,0;24,6;22,2;38;2;guclu trend;47,6;60,0;52,7;yukari;guclu;yukselis;yukari;0,52;2,13;3;11,62;1,75;343557582;10,34;SAT;POZITIF;AL;POZITIF;AZALIYOR;SAT;SAT;NOTR;3;01.09.2026
ETYAT;GUCLU AL;;81,7;33,6;24,9;23,2;0;0;guclu trend;26,4;59,4;55,9;yukari;guclu;yukselis;yukari;0,56;1,95;2;15,45;-1,47;8064236;13,55;SAT;POZITIF;AL;NEGATIF;ARTIYOR;AL;AL;NOTR;4;01.09.2026
VERUS;GUCLU AL;;81,6;35,0;24,8;21,8;10;0;guclu trend;37,0;60,1;71,0;yukari;guclu;yukselis;yukari;0,75;2,51;1;684;2,09;48070836;667,54;SAT;POZITIF;AL;POZITIF;AZALIYOR;SAT;SAT;NOTR;3;01.09.2026
OZRDN;AL;;81,3;21,1;29,7;30,6;0;0;ilimli;12,2;64,3;62,9;yukari;guclu;yukselis;yukari;2,50;1,35;2;32,24;5,84;21582681;25,56;AL;POZITIF;NOTR;POZITIF;ARTIYOR;AL;AL;NOTR;5;01.09.2026
EUKYO;GUCLU AL;EVET;81,1;35,0;22,2;23,9;0;0;guclu trend;48,3;51,8;47,5;yukari;guclu;yukselis;yukari;0,81;1,40;2;13,2;1,54;11092844;12,26;SAT;POZITIF;AL;POZITIF;AZALIYOR;SAT;AL;PAHALI (SAT);4;01.09.2026
HATSN;GUCLU AL;;81,0;35,0;30,0;16,0;10;0;guclu trend;35,1;59,3;85,2;yukari;guclu;yukselis;yukari;0,28;2,36;1;72,9;-10,00;148891179;69,32;AL;POZITIF;AL;POZITIF;ARTIYOR;AL;SAT;NOTR;5;01.09.2026
ENJSA;izle;;80,5;28,8;25,2;26,4;32;3;ilimli;14,2;50,9;59,0;yukari;guclu;yukselis;yukari;0,90;0,29;1;110,8;0,64;465327314;103,75;AL;POZITIF;NOTR;POZITIF;AZALIYOR;SAT;SAT;NOTR;3;01.09.2026
AYDEM;izle;;80,4;34,2;24,8;21,4;40;4;guclu trend;29,7;51,2;75,8;yukari;guclu;yukselis;yukari;0,44;0,30;1;26,3;-0,08;55492842;24,22;AL;POZITIF;AL;NEGATIF;AZALIYOR;SAT;SAT;NOTR;3;01.09.2026
EGGUB;GUCLU AL;;80,3;26,5;29,3;24,5;0;0;zayif;23,9;57,7;73,7;yukari;guclu;yukselis;yukari;0,87;1,22;1;108,4;-3,21;75040225;100,13;AL;POZITIF;AL;POZITIF;ARTIYOR;SAT;SAT;NOTR;4;01.09.2026
VAKBN;GUCLU AL;EVET;80,2;21,9;27,7;30,5;0;0;ilimli;20,1;57,2;66,1;yukari;guclu;yukselis;yukari;1,19;1,01;0;32,56;2,58;1876466044;29,98;AL;POZITIF;AL;POZITIF;AZALIYOR;AL;SAT;NOTR;5;01.09.2026
BRSAN;GUCLU AL;;79,9;35,0;30,0;14,9;10;0;guclu trend;37,2;60,9;65,5;yukari;guclu;yukselis;yukari;0,45;2,69;1;707;-2,35;1049369699;635,12;AL;POZITIF;AL;POZITIF;AZALIYOR;SAT;SAT;NOTR;4;01.09.2026
ARTMS;GUCLU AL;EVET;79,8;20,0;28,4;31,4;10;1;zayif;20,6;61,6;72,6;yukari;guclu;yukselis;yukari;1,40;1,28;0;42,3;5,17;82233273;36,10;AL;POZITIF;AL;POZITIF;ARTIYOR;AL;SAT;NOTR;5;01.09.2026
BRKVY;GUCLU AL;EVET;79,8;21,0;30,0;28,8;0;0;zayif;34,2;66,3;81,5;yukari;guclu;yukselis;yukari;1,49;1,81;0;90,05;2,91;75778246;76,09;AL;POZITIF;AL;POZITIF;ARTIYOR;AL;AL;NOTR;6;01.09.2026
MANAS;GUCLU AL;;79,5;32,3;26,0;21,2;6;0;guclu trend;23,1;62,6;67,9;yukari;guclu;yukselis;yukari;1,01;1,85;3;33,78;2,05;755486119;30,47;SAT;POZITIF;AL;NEGATIF;AZALIYOR;SAT;AL;NOTR;3;01.09.2026
BUCIM;AL;;79,5;15,0;30,0;34,4;10;0;zayif;36,0;68,1;91,5;yukari;guclu;yukselis;yukari;2,36;2,57;0;5,89;2,97;81697027;5,32;AL;POZITIF;AL;POZITIF;ARTIYOR;AL;AL;UCUZ (AL);6;01.09.2026
ARDYZ;GUCLU AL;;79,4;35,0;22,8;21,6;0;0;guclu trend;54,7;49,1;63,3;yukari;guclu;yukselis;yukari;0,91;1,20;2;82,35;-4,80;397736253;80,55;SAT;NEGATIF;AL;NEGATIF;ARTIYOR;SAT;SAT;NOTR;1;01.09.2026
ASELS;GUCLU AL;;79,2;32,5;20,4;26,3;0;0;guclu trend;23,6;50,4;61,1;yukari;guclu;yukselis;yukari;0,90;0,36;2;384,5;-0,45;12288445437;363,22;SAT;POZITIF;AL;POZITIF;AZALIYOR;SAT;SAT;NOTR;3;01.09.2026
AVPGY;AL;;79,2;17,1;30,0;32,1;0;0;zayif;19,2;67,4;65,7;yukari;guclu;yukselis;yukari;1,78;1,99;1;56,9;4,02;67943949;51,03;AL;POZITIF;NOTR;POZITIF;ARTIYOR;AL;AL;NOTR;5;01.09.2026
RUBNS;GUCLU AL;;79,1;35,0;24,0;20,1;0;0;guclu trend;43,3;60,7;65,8;yukari;guclu;yukselis;yukari;0,61;1,86;0;32,9;2,81;87748807;29,16;SAT;POZITIF;AL;NEGATIF;AZALIYOR;SAT;AL;NOTR;3;01.09.2026
PRDGS;GUCLU AL;;78,8;35,0;20,3;23,5;10;1;guclu trend;42,4;49,7;58,1;yukari;guclu;yukselis;yukari;0,87;0,21;2;7,8;-0,38;71817213;6,87;SAT;NEGATIF;AL;NEGATIF;ARTIYOR;SAT;SAT;NOTR;1;01.09.2026
GESAN;izle;;78,8;26,8;25,2;26,7;0;0;guclu trend;29,5;46,6;56,9;asagi;guclu;yukselis;yukari;1,18;0,43;1;82,9;-9,99;1104427706;100,18;AL;NEGATIF;AL;POZITIF;ARTIYOR;SAT;SAT;NOTR;3;01.09.2026
CELHA;GUCLU AL;;78,5;35,0;22,8;20,7;10;1;guclu trend;30,2;49,7;53,3;yukari;guclu;yukselis;yukari;0,41;1,09;2;24,7;0,57;32204675;21,70;SAT;NEGATIF;AL;NEGATIF;AZALIYOR;SAT;SAT;NOTR;1;01.09.2026
BYDNR;GUCLU AL;EVET;78,1;25,7;20,4;32,0;22;2;ilimli;24,2;53,6;58,0;yukari;guclu;zayif;yukari;1,74;0,28;2;39,04;1,67;46781124;35,98;SAT;POZITIF;AL;POZITIF;ARTIYOR;SAT;AL;NOTR;4;01.09.2026
ALKLC;GUCLU AL;EVET;78,0;35,0;26,0;17,0;30;1;guclu trend;56,8;65,7;30,9;yukari;guclu;yukselis;yukari;0,30;2,93;4;427;0,29;268995909;401,45;SAT;POZITIF;AL;POZITIF;AZALIYOR;AL;AL;NOTR;5;01.09.2026
OZATD;izle;;78,0;35,0;18,8;24,2;45;1;guclu trend;52,7;86,4;61,4;yukari;guclu;yukselis;yukari;0,15;5,99;1;4820;-0,31;432845640;4260,49;SAT;POZITIF;AL;POZITIF;ARTIYOR;AL;AL;PAHALI (SAT);5;01.09.2026
TKFEN;GUCLU AL;;77,9;35,0;23,0;19,9;16;0;guclu trend;40,6;57,3;38,9;yukari;guclu;yukselis;yukari;0,53;2,52;3;214,3;2,39;996361277;197,64;SAT;POZITIF;AL;NEGATIF;AZALIYOR;SAT;SAT;PAHALI (SAT);2;01.09.2026
ALTNY;GUCLU AL;;77,7;30,0;27,4;20,3;0;0;guclu trend;20,6;51,6;75,3;yukari;guclu;yukselis;yukari;0,61;0,65;1;17,4;-1,92;279487796;16,42;AL;POZITIF;AL;POZITIF;AZALIYOR;SAT;SAT;NOTR;4;01.09.2026
SOKM;AL;;77,7;30,3;24,8;22,6;22;2;ilimli;17,8;57,0;64,7;yukari;guclu;yukselis;yukari;0,58;1,54;2;56,55;2,08;176153476;52,67;SAT;POZITIF;NOTR;POZITIF;AZALIYOR;SAT;SAT;NOTR;2;01.09.2026
RODRG;AL;;77,3;22,6;24,3;30,4;0;0;ilimli;16,2;52,9;51,4;yukari;guclu;zayif;yukari;1,50;0,28;2;25,6;-2,96;11257114;22,52;AL;POZITIF;NOTR;POZITIF;ARTIYOR;AL;AL;NOTR;5;01.09.2026
DOHOL;AL;;77,3;29,5;25,0;22,7;0;0;ilimli;17,2;52,1;57,7;yukari;guclu;yukselis;yukari;0,61;0,35;1;21,64;-2,17;143587957;20,39;AL;POZITIF;NOTR;POZITIF;ARTIYOR;AL;SAT;NOTR;4;01.09.2026
METRO;AL;;77,2;28,6;22,8;25,9;0;0;ilimli;16,1;48,9;50,4;yukari;zayif;zayif;yukari;1,06;0,25;1;8,41;-4,10;66763626;7,70;AL;NEGATIF;NOTR;NEGATIF;ARTIYOR;SAT;SAT;NOTR;1;01.09.2026
KTLEV;AL;;77,0;28,6;28,4;20,0;0;0;ilimli;16,6;50,1;59,1;yukari;guclu;yukselis;yukari;0,88;0,82;1;56,55;-9,95;5202582017;53,21;AL;POZITIF;NOTR;NEGATIF;ARTIYOR;SAT;SAT;PAHALI (SAT);2;01.09.2026
KORDS;GUCLU AL;;76,7;35,0;23,2;18,5;0;0;guclu trend;30,9;51,8;57,2;yukari;guclu;yukselis;yukari;0,42;1,09;2;83,7;-0,36;97806631;80,94;SAT;POZITIF;AL;NEGATIF;AZALIYOR;SAT;SAT;NOTR;2;01.09.2026
YKBNK;GUCLU AL;EVET;76,5;23,0;26,9;26,7;30;2;zayif;20,1;58,9;66,8;yukari;guclu;yukselis;yukari;1,24;1,00;1;36,82;0,82;9166423502;34,06;AL;POZITIF;AL;POZITIF;ARTIYOR;SAT;SAT;NOTR;4;01.09.2026
BLUME;GUCLU AL;;76,2;20,9;25,0;30,3;10;1;zayif;20,5;59,0;58,6;yukari;guclu;yukselis;yukari;1,22;1,60;2;41;-2,10;157224832;38,48;SAT;POZITIF;SAT;POZITIF;ARTIYOR;SAT;SAT;NOTR;2;01.09.2026
ATATP;GUCLU AL;;75,9;35,0;24,5;16,3;0;0;guclu trend;49,9;54,9;55,9;yukari;guclu;yukselis;yukari;0,60;1,63;1;297;-0,75;311534586;267,66;SAT;POZITIF;AL;POZITIF;AZALIYOR;SAT;SAT;NOTR;3;01.09.2026
CVKMD;AL;;75,7;29,9;22,2;23,7;6;0;ilimli;16,8;52,6;51,4;yukari;guclu;yukselis;yukari;0,87;0,63;3;16,16;-3,58;639168432;14,58;SAT;POZITIF;NOTR;NEGATIF;ARTIYOR;AL;AL;NOTR;3;01.09.2026
INVES;GUCLU AL;;75,7;29,5;24,1;22,1;0;0;guclu trend;23,0;54,3;57,6;yukari;guclu;yukselis;yukari;0,68;1,81;1;795,5;1,08;49643973;779,75;SAT;POZITIF;SAT;POZITIF;ARTIYOR;SAT;SAT;NOTR;2;01.09.2026
KCAER;GUCLU AL;;75,5;35,0;18,8;21,8;22;2;guclu trend;31,6;45,5;67,9;yukari;guclu;yukselis;yukari;0,69;0,40;1;15,36;-3,40;167458038;14,75;SAT;NEGATIF;AL;NEGATIF;ARTIYOR;SAT;SAT;NOTR;1;01.09.2026
TURGG;AL;;75,3;15,8;28,8;30,7;22;2;zayif;26,1;65,0;83,5;yukari;guclu;yukselis;yukari;5,63;0,99;2;28,92;2,70;100420969;25,33;AL;POZITIF;AL;POZITIF;ARTIYOR;AL;AL;NOTR;6;01.09.2026
HALKB;GUCLU AL;;75,2;28,0;29,2;18,0;0;0;ilimli;30,5;58,1;30,2;yukari;guclu;yukselis;yukari;1,87;1,16;2;40,88;-3,08;3530076791;40,42;AL;POZITIF;AL;POZITIF;ARTIYOR;AL;SAT;NOTR;5;01.09.2026
AKBNK;GUCLU AL;EVET;75,1;21,6;26,2;27,3;0;0;zayif;21,3;57,7;56,5;yukari;guclu;yukselis;yukari;1,17;0,83;1;71,95;0,14;12206025023;66,67;AL;POZITIF;AL;POZITIF;ARTIYOR;SAT;SAT;NOTR;4;01.09.2026
HURGZ;izle;;74,5;30,1;18,2;26,2;6;0;guclu trend;27,3;47,3;66,1;yukari;guclu;yukselis;yukari;1,18;-0,03;3;7,23;5,55;84101833;6,80;SAT;NEGATIF;SAT;NEGATIF;ARTIYOR;SAT;AL;NOTR;1;01.09.2026
HKTM;AL;;74,4;30,0;28,8;15,7;20;1;zayif;54,1;56,3;54,4;yukari;guclu;yukselis;yukari;1,04;0,97;4;13,6;-1,16;234367508;12,25;AL;POZITIF;AL;POZITIF;AZALIYOR;SAT;SAT;NOTR;4;01.09.2026
CEMZY;AL;;73,6;35,0;22,6;16,0;0;0;guclu trend;44,8;50,0;79,9;yukari;guclu;yukselis;yukari;0,42;0,49;1;14,85;-3,95;415636591;13,41;SAT;POZITIF;AL;POZITIF;AZALIYOR;SAT;SAT;NOTR;3;01.09.2026
BJKAS;izle;;73,6;27,0;23,3;23,3;0;0;guclu trend;45,5;51,2;59,0;asagi;guclu;yukselis;yukari;1,14;1,05;0;2,25;1,81;1016244520;2,92;SAT;POZITIF;AL;POZITIF;AZALIYOR;SAT;SAT;NOTR;3;01.09.2026
DOCO;AL;;73,4;29,0;17,4;27,0;28;2;ilimli;19,7;46,7;42,9;yukari;zayif;zayif;yukari;1,01;0,34;3;11290;-0,96;62512730;10942,74;SAT;NEGATIF;NOTR;NEGATIF;AZALIYOR;SAT;SAT;NOTR;0;01.09.2026
SAHOL;AL;;73,3;21,8;26,2;25,3;22;2;zayif;23,4;60,1;56,6;yukari;guclu;yukselis;yukari;0,93;0,86;1;93,2;0,00;3214910234;88,21;AL;POZITIF;AL;POZITIF;ARTIYOR;SAT;SAT;NOTR;4;01.09.2026
ADGYO;AL;;73,2;29,8;22,8;20,5;6;0;guclu trend;25,3;52,5;56,6;yukari;guclu;yukselis;yukari;0,66;0,72;3;58,3;0,78;40584088;54,81;SAT;POZITIF;SAT;POZITIF;AZALIYOR;SAT;SAT;NOTR;2;01.09.2026
EBEBK;izle;;72,7;25,2;24,4;23,1;10;1;guclu trend;25,4;49,7;76,2;asagi;guclu;zayif;yukari;0,82;0,34;0;82,6;-2,59;46591439;87,54;AL;NEGATIF;AL;POZITIF;ARTIYOR;SAT;SAT;NOTR;3;01.09.2026
EFOR;izle;;72,4;28,6;17,5;26,4;40;4;ilimli;16,3;46,6;45,1;yukari;guclu;zayif;yukari;1,22;0,25;2;18,18;0,89;1860372581;17,85;SAT;NEGATIF;NOTR;NEGATIF;AZALIYOR;SAT;SAT;NOTR;0;01.09.2026
EDIP;AL;;72,0;25,4;25,3;21,3;22;1;ilimli;25,0;53,9;67,4;yukari;guclu;yukselis;yukari;5,54;0,48;2;37,88;-5,91;671436106;32,84;AL;POZITIF;AL;POZITIF;ARTIYOR;AL;AL;NOTR;6;01.09.2026
RALYH;izle;;71,2;32,2;23,2;15,8;32;3;guclu trend;22,8;52,6;53,1;yukari;guclu;yukselis;yukari;0,79;0,95;2;258,5;-4,70;456384077;235,06;SAT;POZITIF;AL;NEGATIF;ARTIYOR;SAT;SAT;NOTR;2;01.09.2026
MACKO;AL;EVET;71,0;13,3;27,8;30,0;8;0;zayif;20,7;55,2;76,9;yukari;guclu;yukselis;yukari;1,28;0,55;1;35,94;5,71;59936958;31,82;AL;POZITIF;SAT;NEGATIF;ARTIYOR;SAT;SAT;NOTR;2;01.09.2026
ISBTR;AL;;71,0;28,0;18,1;25,0;0;0;ilimli;11,6;47,8;51,4;yukari;zayif;zayif;yukari;1,24;0,38;2;500000;-3,85;3000000;482449,90;SAT;NEGATIF;NOTR;POZITIF;ARTIYOR;SAT;SAT;NOTR;1;01.09.2026
SONME;AL;EVET;70,6;27,7;23,1;19,9;6;0;zayif;35,8;56,2;53,8;yukari;guclu;yukselis;yukari;0,55;0,88;3;141;3,60;3734244;126,44;SAT;POZITIF;AL;NEGATIF;ARTIYOR;SAT;SAT;NOTR;2;01.09.2026
SKYMD;AL;;70,3;28,6;18,3;23,4;10;1;ilimli;13,6;50,8;47,6;yukari;zayif;zayif;yukari;0,78;0,31;1;14,62;0,83;23192028;13,12;SAT;POZITIF;NOTR;NEGATIF;AZALIYOR;AL;AL;NOTR;3;01.09.2026
EYGYO;AL;;70,0;18,4;28,6;22,9;10;1;zayif;25,9;56,1;74,9;yukari;guclu;yukselis;yukari;0,29;0,92;0;2,7;-2,53;9884044;2,31;AL;POZITIF;AL;POZITIF;AZALIYOR;AL;SAT;NOTR;5;01.09.2026
SAYAS;AL;;69,7;35,0;22,9;11,9;0;0;guclu trend;32,9;51,3;60,0;yukari;guclu;yukselis;yukari;0,64;0,76;0;56,7;-2,07;135068472;51,71;SAT;POZITIF;AL;POZITIF;AZALIYOR;SAT;SAT;NOTR;3;01.09.2026
EUPWR;izle;;69,3;26,8;24,1;18,4;0;0;guclu trend;29,6;47,1;62,0;asagi;guclu;zayif;yukari;0,33;0,39;1;92,35;-9,99;464979110;112,06;AL;NEGATIF;AL;NEGATIF;ARTIYOR;SAT;SAT;NOTR;2;01.09.2026
KGYO;izle;;69,2;28,9;22,3;18,1;40;4;ilimli;18,4;49,3;55,4;yukari;guclu;yukselis;yukari;0,63;0,45;2;11,75;-9,96;194662144;10,80;SAT;NEGATIF;NOTR;NEGATIF;ARTIYOR;SAT;SAT;NOTR;0;01.09.2026
MTRKS;AL;;68,5;34,3;23,1;11,1;0;0;guclu trend;28,2;51,4;63,8;yukari;guclu;yukselis;yukari;0,68;0,94;1;31,92;-1,66;40260377;31,00;SAT;POZITIF;AL;NEGATIF;AZALIYOR;SAT;SAT;NOTR;2;01.09.2026
PCILT;AL;;68,5;32,1;24,4;12,0;0;0;guclu trend;22,7;50,5;72,1;yukari;guclu;zayif;yukari;0,60;0,25;2;33,26;-1,71;48570077;29,53;AL;POZITIF;AL;POZITIF;AZALIYOR;SAT;SAT;NOTR;4;01.09.2026
FRIGO;AL;;68,3;21,6;28,7;18,0;10;1;zayif;21,2;56,9;64,5;yukari;guclu;yukselis;asagi;1,31;0,95;2;2,5;-6,02;153386988;2,39;AL;POZITIF;AL;POZITIF;ARTIYOR;AL;SAT;NOTR;5;01.09.2026
KRDMB;izle;;67,4;28,3;10,1;29,1;0;0;zayif;14,0;41,6;48,2;yukari;zayif;zayif;yukari;1,89;-0,38;1;124,8;-6,73;490300886;121,64;SAT;NEGATIF;NOTR;NEGATIF;ARTIYOR;SAT;SAT;PAHALI (SAT);0;01.09.2026
KLYPV;AL;;66,9;23,4;24,3;19,3;0;0;zayif;27,3;51,6;70,0;yukari;guclu;zayif;yukari;0,57;0,30;0;61,6;-0,96;89525190;59,40;AL;POZITIF;AL;POZITIF;AZALIYOR;SAT;SAT;NOTR;4;01.09.2026
PAGYO;izle;;66,7;32,0;10,1;24,6;6;0;guclu trend;22,4;43,7;35,6;yukari;zayif;zayif;yukari;1,08;-0,54;3;149,3;-2,48;17808355;143,65;SAT;NEGATIF;AL;NEGATIF;AZALIYOR;SAT;SAT;NOTR;1;01.09.2026
TSPOR;AL;;66,6;26,6;22,5;17,5;10;1;zayif;48,1;49,4;64,8;yukari;guclu;yukselis;yukari;0,51;0,58;2;1,06;-2,75;250090767;1,05;SAT;NEGATIF;AL;NEGATIF;ARTIYOR;SAT;SAT;NOTR;1;01.09.2026
PETUN;AL;;66,4;17,4;26,2;22,8;0;0;zayif;29,2;60,9;79,7;yukari;guclu;yukselis;asagi;1,19;0,68;1;11,75;-1,51;36262122;10,87;AL;POZITIF;AL;POZITIF;AZALIYOR;AL;SAT;NOTR;5;01.09.2026
YGGYO;izle;;66,1;29,2;17,0;19,9;0;0;zayif;15,0;49,2;43,9;yukari;zayif;zayif;yukari;0,83;-0,01;1;225,8;-3,46;31056984;215,58;SAT;NEGATIF;NOTR;POZITIF;ARTIYOR;AL;AL;NOTR;3;01.09.2026
PKART;izle;;66,0;23,8;16,2;26,0;0;0;guclu trend;21,8;48,0;64,9;asagi;zayif;zayif;yukari;2,01;-0,16;0;126,7;3,18;148228357;140,43;SAT;NEGATIF;AL;NEGATIF;ARTIYOR;SAT;SAT;NOTR;1;01.09.2026
ASTOR;AL;;65,6;28,7;18,5;18,4;10;1;ilimli;17,4;46,9;49,4;yukari;guclu;zayif;yukari;1,05;0,16;2;316,75;-2,76;11199338302;300,57;SAT;NEGATIF;NOTR;NEGATIF;ARTIYOR;SAT;SAT;NOTR;0;01.09.2026
KLGYO;AL;;65,4;15,0;29,0;21,5;0;0;zayif;31,2;61,2;80,5;yukari;guclu;yukselis;asagi;1,18;1,22;1;5;1,21;55558725;4,49;AL;POZITIF;AL;POZITIF;ARTIYOR;AL;SAT;UCUZ (AL);5;01.09.2026
AKCNS;AL;;65,2;28,7;20,8;15,7;16;1;ilimli;13,8;50,2;32,3;yukari;guclu;yukselis;yukari;0,53;1,03;3;240,1;-0,54;39123815;231,75;SAT;POZITIF;NOTR;NEGATIF;AZALIYOR;SAT;SAT;NOTR;1;01.09.2026
KERVN;izle;;64,7;22,4;22,0;20,3;38;2;guclu trend;29,5;49,9;39,3;asagi;guclu;yukselis;yukari;0,56;2,45;3;9,8;4,70;7436632;10,95;SAT;NEGATIF;SAT;NEGATIF;ARTIYOR;SAT;SAT;PAHALI (SAT);0;01.09.2026
GARAN;AL;;64,5;13,5;25,1;25,9;8;0;zayif;20,2;55,6;63,0;yukari;guclu;zayif;yukari;0,93;0,60;2;132,9;1,53;4233069002;124,55;AL;POZITIF;AL;POZITIF;AZALIYOR;SAT;SAT;NOTR;4;01.09.2026
ISGYO;izle;;64,3;30,3;12,7;21,3;40;4;guclu trend;28,8;42,9;45,4;yukari;zayif;zayif;yukari;0,74;0,02;1;25,98;-1,22;45230167;25,24;SAT;NEGATIF;SAT;NEGATIF;AZALIYOR;SAT;SAT;NOTR;0;01.09.2026
PETKM;izle;;63,8;9,9;25,5;28,3;8;0;ilimli;13,0;54,7;80,8;asagi;guclu;yukselis;yukari;1,18;0,43;0;20,42;1,79;1950715208;21,04;AL;POZITIF;NOTR;POZITIF;ARTIYOR;AL;AL;NOTR;5;01.09.2026
KNFRT;AL;;63,1;20,6;26,6;16,0;14;0;zayif;20,2;55,0;78,5;yukari;guclu;yukselis;yukari;0,63;0,54;3;12,68;-1,25;46902787;11,09;AL;POZITIF;AL;POZITIF;AZALIYOR;SAT;SAT;NOTR;4;01.09.2026
ULUUN;izle;;61,4;20,6;21,1;19,7;8;0;zayif;12,5;50,4;65,5;yukari;zayif;zayif;asagi;1,41;-0,02;2;8,61;1,65;119207844;7,98;AL;POZITIF;NOTR;POZITIF;ARTIYOR;SAT;SAT;NOTR;3;01.09.2026
ENDAE;izle;;60,8;35,0;17,8;8,0;22;2;guclu trend;31,4;47,1;71,8;yukari;guclu;zayif;yukari;0,35;-0,03;2;17,73;-2,21;49147046;16,70;SAT;NEGATIF;AL;NEGATIF;AZALIYOR;SAT;SAT;NOTR;1;01.09.2026
AKMGY;AL;;60,7;27,6;18,6;14,5;10;0;ilimli;15,9;48,1;57,6;yukari;guclu;yukselis;yukari;0,54;0,05;4;258,5;-1,90;6268884;241,49;SAT;NEGATIF;NOTR;NEGATIF;AZALIYOR;SAT;SAT;NOTR;0;01.09.2026
GSDDE;izle;;60,0;30,0;12,6;17,3;0;0;guclu trend;26,9;44,7;69,3;yukari;zayif;zayif;yukari;0,76;-0,38;2;13,02;-3,27;62266822;12,38;SAT;NEGATIF;SAT;POZITIF;ARTIYOR;SAT;SAT;NOTR;1;01.09.2026
PNSUT;izle;;59,8;13,7;23,8;22,3;0;0;zayif;26,6;56,8;78,3;yukari;guclu;zayif;asagi;2,07;0,17;1;11,26;-4,50;84930104;10,32;AL;POZITIF;AL;POZITIF;ARTIYOR;AL;SAT;NOTR;5;01.09.2026
ENKAI;izle;;59,7;21,2;23,5;14,9;0;0;ilimli;26,7;56,1;56,6;yukari;guclu;zayif;asagi;0,77;0,20;0;88,9;1,72;1242155961;80,56;AL;POZITIF;AL;POZITIF;AZALIYOR;AL;SAT;NOTR;5;01.09.2026
SEKUR;izle;;59,7;20,7;19,6;19,4;22;2;ilimli;17,3;53,5;33,0;asagi;zayif;zayif;yukari;1,35;0,69;2;10,94;9,95;35934695;11,78;SAT;POZITIF;NOTR;POZITIF;ARTIYOR;AL;AL;NOTR;4;01.09.2026
ZRGYO;izle;;59,4;19,1;23,7;16,5;50;5;zayif;27,6;58,2;62,7;yukari;guclu;yukselis;yukari;0,50;1,20;4;19,49;-0,15;9930291;18,29;SAT;POZITIF;AL;NEGATIF;AZALIYOR;SAT;SAT;NOTR;2;01.09.2026
BINBN;izle;;59,3;28,7;14,9;15,6;10;1;zayif;30,3;46,1;52,7;yukari;zayif;zayif;asagi;0,86;-0,38;1;175,4;0,23;48284287;165,95;SAT;NEGATIF;AL;NEGATIF;AZALIYOR;SAT;SAT;NOTR;1;01.09.2026
ISDMR;izle;;59,2;13,5;20,5;25,2;0;0;zayif;13,3;49,7;74,0;asagi;zayif;zayif;yukari;1,15;-0,24;0;53,55;0,47;109229684;56,72;AL;NEGATIF;NOTR;POZITIF;AZALIYOR;AL;SAT;NOTR;3;01.09.2026
DMRGD;izle;;58,8;21,3;19,5;18,0;10;0;guclu trend;21,9;46,1;60,7;asagi;zayif;zayif;yukari;3,11;0,00;4;11,1;-5,13;1035031710;12,14;AL;NEGATIF;SAT;POZITIF;ARTIYOR;SAT;SAT;PAHALI (SAT);2;01.09.2026
TRALT;izle;;58,8;31,3;16,4;11,1;10;1;guclu trend;20,5;46,3;63,0;yukari;zayif;zayif;yukari;0,62;-0,20;2;49,36;-6,69;3780011308;48,12;SAT;NEGATIF;AL;POZITIF;ARTIYOR;SAT;SAT;NOTR;2;01.09.2026
EPLAS;izle;;58,7;21,3;24,4;13,0;40;4;zayif;31,7;50,2;48,2;yukari;guclu;yukselis;asagi;0,51;0,10;1;5,8;-2,19;16067891;5,32;AL;POZITIF;AL;POZITIF;ARTIYOR;SAT;SAT;NOTR;4;01.09.2026
GSRAY;izle;;58,5;20,0;24,9;13,6;0;0;zayif;43,0;49,1;85,7;yukari;guclu;yukselis;asagi;0,55;0,15;1;1,06;-2,75;162293308;1,04;AL;NEGATIF;AL;NEGATIF;ARTIYOR;SAT;SAT;UCUZ (AL);2;01.09.2026
BIGTK;izle;;58,5;29,1;20,0;9,4;10;0;guclu trend;20,2;46,2;57,2;yukari;guclu;yukselis;yukari;0,57;0,30;4;330;-4,28;117853560;308,63;SAT;NEGATIF;SAT;NEGATIF;ARTIYOR;SAT;SAT;NOTR;0;01.09.2026
DURDO;izle;;58,4;21,3;17,0;20,1;0;0;zayif;15,4;48,0;52,5;asagi;zayif;zayif;yukari;0,54;-0,18;2;4,98;-0,40;5939422;5,27;SAT;NEGATIF;NOTR;NEGATIF;AZALIYOR;AL;AL;NOTR;2;01.09.2026
CANTE;izle;;58,3;13,3;24,7;20,3;0;0;zayif;25,6;56,5;70,1;yukari;guclu;yukselis;asagi;2,03;0,14;1;1,3;-5,80;788366684;1,23;AL;POZITIF;AL;POZITIF;ARTIYOR;AL;AL;UCUZ (AL);6;01.09.2026
MNDRS;izle;;57,4;20,0;24,0;13,4;0;0;zayif;33,0;50,3;67,8;yukari;guclu;yukselis;asagi;0,56;0,04;0;11,3;-2,75;21343474;10,97;AL;POZITIF;AL;NEGATIF;ARTIYOR;SAT;SAT;UCUZ (AL);3;01.09.2026
TDGYO;izle;;55,4;16,8;20,4;18,2;10;1;zayif;21,8;51,0;48,2;yukari;guclu;yukselis;asagi;1,11;0,18;1;16,74;1,76;14772180;16,24;SAT;POZITIF;AL;POZITIF;ARTIYOR;SAT;AL;UCUZ (AL);4;01.09.2026
IZMDC;izle;;55,4;22,4;8,8;24,1;28;2;guclu trend;30,8;38,7;44,4;asagi;zayif;zayif;yukari;1,19;-0,53;3;11,37;-9,47;149167214;14,43;SAT;NEGATIF;SAT;NEGATIF;ARTIYOR;SAT;SAT;NOTR;0;01.09.2026
BRKO;izle;;54,8;14,0;24,7;16,0;8;0;ilimli;15,4;53,7;58,8;asagi;guclu;zayif;yukari;0,70;0,52;2;12,5;6,84;3415950;13,21;AL;POZITIF;NOTR;NEGATIF;ARTIYOR;SAT;SAT;NOTR;2;01.09.2026
HRKET;izle;;54,6;28,3;10,3;16,0;0;0;zayif;14,0;44,4;69,4;yukari;zayif;zayif;yukari;0,43;-0,65;2;93,9;1,62;107780110;86,29;SAT;NEGATIF;NOTR;NEGATIF;AZALIYOR;SAT;SAT;NOTR;0;01.09.2026
OYAKC;izle;;54,6;14,7;24,9;15,0;0;0;zayif;24,4;49,1;77,0;yukari;guclu;yukselis;asagi;0,64;0,16;1;21,7;-3,47;359107463;21,29;AL;NEGATIF;SAT;POZITIF;ARTIYOR;SAT;SAT;UCUZ (AL);2;01.09.2026
BAGFS;izle;;53,8;15,0;24,9;14,0;32;3;zayif;36,1;53,6;67,5;yukari;guclu;yukselis;asagi;0,49;0,04;0;26,1;-1,29;15037437;24,47;AL;POZITIF;AL;NEGATIF;AZALIYOR;SAT;SAT;NOTR;3;01.09.2026
OBAMS;izle;;52,7;15,0;23,1;14,6;0;0;zayif;32,6;54,0;68,5;yukari;guclu;yukselis;asagi;1,09;-0,42;1;5,5;-5,66;296450226;4,83;AL;POZITIF;AL;POZITIF;ARTIYOR;AL;AL;UCUZ (AL);6;01.09.2026
KAYSE;izle;;52,6;15,0;20,3;17,3;0;0;zayif;41,9;49,9;72,8;yukari;zayif;zayif;asagi;1,04;-0,62;0;4,03;-4,28;49746062;3,85;AL;NEGATIF;AL;POZITIF;ARTIYOR;AL;SAT;NOTR;4;01.09.2026
GIPTA;izle;;52,4;22,5;21,8;8,0;0;0;guclu trend;40,2;47,7;79,4;asagi;guclu;yukselis;yukari;0,61;0,22;1;76,4;-9,96;327432828;100,20;SAT;NEGATIF;AL;NEGATIF;ARTIYOR;SAT;SAT;NOTR;1;01.09.2026
GUNDG;izle;;52,1;29,2;6,9;16,0;0;0;guclu trend;20,5;39,5;78,0;yukari;zayif;zayif;yukari;0,17;-1,23;1;1500;-9,96;150492000;1413,91;SAT;NEGATIF;SAT;NEGATIF;AZALIYOR;SAT;SAT;PAHALI (SAT);0;01.09.2026
ESEN;izle;;52,0;15,0;21,8;15,2;8;0;zayif;34,0;50,0;58,1;yukari;zayif;zayif;asagi;0,86;-0,34;2;3,55;-2,20;106543608;3,37;AL;POZITIF;AL;POZITIF;ARTIYOR;SAT;SAT;UCUZ (AL);4;01.09.2026
KONYA;izle;;51,7;13,0;22,3;16,4;10;1;zayif;24,8;50,9;57,0;yukari;zayif;zayif;asagi;1,00;-0,05;1;3800;-2,06;48347400;3704,36;AL;POZITIF;AL;POZITIF;ARTIYOR;SAT;AL;UCUZ (AL);5;01.09.2026
DSTKF;izle;;51,6;15,1;18,5;18,0;0;0;zayif;27,1;51,7;97,6;asagi;zayif;zayif;asagi;2,52;-0,42;0;2190;5,24;9226148070;2370,64;AL;POZITIF;SAT;POZITIF;ARTIYOR;SAT;SAT;PAHALI (SAT);3;01.09.2026
ERSU;izle;;51,2;25,1;8,1;18,0;0;0;zayif;17,7;39,0;52,0;yukari;zayif;zayif;asagi;1,46;-1,00;1;23,22;-8,22;13478421;22,74;SAT;NEGATIF;NOTR;NEGATIF;ARTIYOR;SAT;SAT;NOTR;0;01.09.2026
AGHOL;izle;;50,9;9,8;19,6;21,6;22;2;zayif;24,9;50,0;51,2;asagi;zayif;zayif;asagi;1,21;-0,42;2;32,38;1,19;208309542;33,14;AL;NEGATIF;SAT;POZITIF;AZALIYOR;AL;AL;NOTR;4;01.09.2026
OZKGY;izle;;50,8;17,3;22,3;11,2;0;0;zayif;30,1;52,7;63,1;yukari;zayif;zayif;asagi;0,62;0,14;1;13,36;-1,40;47085864;12,25;AL;POZITIF;AL;POZITIF;AZALIYOR;AL;SAT;NOTR;5;01.09.2026
TRGYO;izle;;50,8;22,0;20,0;8,8;0;0;zayif;19,4;47,2;55,9;yukari;zayif;zayif;asagi;0,86;-0,47;2;94,4;-2,18;127912755;91,22;AL;NEGATIF;NOTR;POZITIF;ARTIYOR;SAT;SAT;NOTR;2;01.09.2026
MARKA;izle;;50,4;20,1;14,7;15,6;46;4;ilimli;12,8;45,1;41,0;asagi;zayif;zayif;yukari;0,95;0,21;3;82,55;-0,78;35583178;90,30;SAT;NEGATIF;NOTR;NEGATIF;ARTIYOR;SAT;SAT;NOTR;0;31.08.2026
ARMGD;izle;;50,4;28,8;11,4;10,2;22;2;zayif;17,6;42,8;55,2;yukari;zayif;zayif;yukari;0,48;-0,01;2;185,7;-0,11;93515735;181,05;SAT;NEGATIF;NOTR;NEGATIF;AZALIYOR;SAT;SAT;PAHALI (SAT);0;01.09.2026
BMSTL;izle;;50,1;21,1;17,4;11,7;10;1;zayif;15,7;48,0;29,8;asagi;zayif;zayif;yukari;0,73;-0,11;2;44,66;2,53;95379960;48,55;SAT;NEGATIF;NOTR;NEGATIF;AZALIYOR;SAT;AL;NOTR;1;01.09.2026
DUNYH;izle;;49,9;22,4;9,1;18,4;20;1;guclu trend;30,9;40,2;53,0;asagi;zayif;zayif;yukari;1,86;-0,63;4;138,1;-4,76;308866450;168,50;SAT;NEGATIF;SAT;NEGATIF;ARTIYOR;SAT;SAT;NOTR;0;01.09.2026
TCKRC;izle;;49,6;21,7;9,1;18,8;6;0;guclu trend;24,8;40,0;49,6;asagi;zayif;zayif;yukari;1,31;-0,58;3;144,4;-2,17;619010021;167,41;SAT;NEGATIF;SAT;NEGATIF;ARTIYOR;SAT;SAT;NOTR;0;01.09.2026
BIENY;izle;;49,5;12,7;24,7;12,2;8;0;zayif;24,1;55,1;89,5;yukari;guclu;yukselis;asagi;0,69;0,29;2;22;-0,45;58923414;20,10;AL;POZITIF;AL;POZITIF;AZALIYOR;SAT;SAT;UCUZ (AL);4;01.09.2026
NIBAS;izle;;49,3;11,9;28,9;8,5;0;0;zayif;22,1;62,1;67,7;yukari;guclu;yukselis;asagi;0,91;1,02;2;4,46;9,85;82097744;3,94;AL;POZITIF;AL;POZITIF;ARTIYOR;AL;SAT;NOTR;5;01.09.2026
SEGMN;izle;;48,9;21,6;8,7;18,7;6;0;zayif;19,0;43,2;52,6;yukari;zayif;zayif;asagi;1,49;-0,96;3;48,78;2,48;117239462;46,64;SAT;NEGATIF;NOTR;NEGATIF;ARTIYOR;SAT;SAT;NOTR;0;01.09.2026
KUYAS;izle;;48,7;8,7;20,7;19,3;0;0;zayif;25,1;53,0;56,9;asagi;zayif;zayif;asagi;1,78;-0,27;1;67,1;2,44;706566892;72,64;AL;POZITIF;SAT;POZITIF;AZALIYOR;AL;AL;NOTR;5;01.09.2026
VANGD;izle;;48,2;30,4;6,6;11,1;0;0;guclu trend;34,4;37,5;44,0;yukari;zayif;zayif;asagi;1,51;-1,09;1;89,55;-9,22;28685462;88,63;SAT;NEGATIF;SAT;NEGATIF;ARTIYOR;SAT;SAT;NOTR;0;01.09.2026
GEDZA;izle;;48,1;14,9;21,0;12,2;0;0;zayif;25,3;49,8;68,8;yukari;zayif;zayif;asagi;0,93;-0,43;2;29;0,90;14015149;27,38;AL;NEGATIF;AL;POZITIF;AZALIYOR;SAT;SAT;NOTR;3;01.09.2026
MAKTK;izle;;47,9;13,5;16,4;18,0;0;0;zayif;26,1;46,9;78,9;yukari;zayif;zayif;asagi;1,43;-1,33;1;10,12;-5,60;63256851;9,45;AL;NEGATIF;AL;POZITIF;ARTIYOR;AL;SAT;UCUZ (AL);4;01.09.2026
MEPET;izle;;47,7;11,0;18,7;18,0;0;0;zayif;12,1;47,6;50,5;yukari;zayif;zayif;asagi;2,73;-0,71;2;20;0,25;16194540;17,93;AL;NEGATIF;NOTR;NEGATIF;ARTIYOR;SAT;SAT;NOTR;1;01.09.2026
EKGYO;izle;;47,7;14,7;23,3;9,7;0;0;zayif;24,3;52,7;56,8;yukari;zayif;zayif;asagi;1,02;0,20;2;19,75;-1,25;2586580357;18,55;AL;POZITIF;AL;POZITIF;ARTIYOR;SAT;SAT;NOTR;4;01.09.2026
HATEK;izle;;47,6;11,1;18,5;18,0;30;2;zayif;20,0;53,1;62,8;yukari;zayif;zayif;asagi;1,74;-0,43;1;13,57;5,11;73405558;11,48;AL;POZITIF;AL;POZITIF;ARTIYOR;AL;AL;NOTR;6;01.09.2026
ADEL;izle;;47,5;20,0;25,3;2,2;10;1;zayif;36,9;49,2;60,0;yukari;guclu;yukselis;asagi;0,52;-0,00;0;32,88;-3,58;109768992;31,81;AL;NEGATIF;AL;POZITIF;AZALIYOR;SAT;SAT;NOTR;3;01.09.2026
TTRAK;izle;;47,5;13,4;22,5;11,6;6;0;zayif;25,8;52,2;78,1;yukari;zayif;zayif;asagi;0,98;-0,11;3;427,25;-0,06;49889128;407,42;AL;POZITIF;AL;POZITIF;ARTIYOR;SAT;SAT;UCUZ (AL);4;01.09.2026
SNGYO;izle;;47,4;12,2;19,5;15,7;0;0;zayif;22,7;50,8;64,8;yukari;zayif;zayif;asagi;1,39;-0,43;2;3,37;-0,88;78425632;3,17;AL;POZITIF;AL;POZITIF;ARTIYOR;AL;SAT;UCUZ (AL);5;01.09.2026
ESCAR;izle;;47,4;14,1;13,0;20,3;10;1;zayif;20,0;46,4;71,3;asagi;zayif;zayif;asagi;4,42;-0,65;1;45;5,19;590220540;48,26;SAT;NEGATIF;NOTR;NEGATIF;ARTIYOR;SAT;SAT;NOTR;0;01.09.2026
PRKME;izle;;47,3;14,7;21,2;11,4;0;0;zayif;24,3;51,0;65,3;yukari;zayif;zayif;asagi;0,90;0,00;1;18,63;-4,56;74869424;16,33;AL;POZITIF;AL;POZITIF;AZALIYOR;AL;AL;NOTR;6;01.09.2026
TERA;izle;;47,0;10,1;28,8;8,1;10;1;zayif;17,4;64,0;76,8;yukari;guclu;yukselis;asagi;0,63;1,01;1;190;1,33;1868238460;171,70;AL;POZITIF;NOTR;POZITIF;AZALIYOR;AL;AL;UCUZ (AL);5;01.09.2026
KARSN;izle;;46,9;10,6;18,3;18,0;0;0;zayif;18,6;56,7;68,8;yukari;zayif;zayif;asagi;2,83;-0,50;2;10,28;4,05;496310083;9,16;AL;POZITIF;NOTR;POZITIF;ARTIYOR;AL;AL;NOTR;5;01.09.2026
YIGIT;izle;;46,3;11,1;19,7;15,5;0;0;zayif;20,0;49,5;76,7;yukari;zayif;zayif;asagi;1,08;-0,63;1;21,62;-0,28;78504901;20,59;AL;NEGATIF;NOTR;POZITIF;ARTIYOR;AL;SAT;NOTR;3;01.09.2026
GMTAS;izle;;45,7;20,0;14,9;10,7;0;0;zayif;12,3;45,4;45,7;asagi;zayif;zayif;yukari;0,48;-0,49;2;44,24;1,28;58616452;48,51;SAT;NEGATIF;NOTR;NEGATIF;AZALIYOR;SAT;SAT;NOTR;0;01.09.2026
SKTAS;izle;;45,5;4,8;22,7;18,0;8;0;zayif;24,3;55,1;61,0;asagi;zayif;zayif;asagi;4,40;0,16;2;3,36;7,69;205136222;3,49;AL;POZITIF;AL;POZITIF;ARTIYOR;SAT;AL;NOTR;5;01.09.2026
MOGAN;izle;;45,2;22,4;6,7;16,0;32;3;guclu trend;30,8;36,0;35,8;asagi;zayif;zayif;yukari;0,68;-0,70;2;17,18;-9,96;276999926;21,99;SAT;NEGATIF;SAT;NEGATIF;ARTIYOR;SAT;SAT;NOTR;0;01.09.2026
AVOD;izle;;45,2;7,0;18,9;19,3;6;0;zayif;30,0;46,8;72,1;asagi;zayif;zayif;asagi;1,73;-0,81;3;3,9;1,83;30660884;4,16;AL;NEGATIF;AL;NEGATIF;ARTIYOR;SAT;SAT;NOTR;2;01.09.2026
FENER;izle;;44,4;13,2;20,7;10,5;0;0;zayif;25,5;46,7;59,0;yukari;zayif;zayif;asagi;0,63;-0,57;1;3,09;-1,28;290042461;3,05;AL;NEGATIF;AL;NEGATIF;AZALIYOR;SAT;SAT;NOTR;2;01.09.2026
BOSSA;izle;;44,2;16,1;16,0;12,1;6;0;zayif;16,9;47,8;62,1;yukari;zayif;zayif;asagi;0,70;-0,23;3;6,49;0,62;20412932;6,19;SAT;NEGATIF;NOTR;NEGATIF;AZALIYOR;SAT;SAT;NOTR;0;01.09.2026
PEKGY;izle;;44,1;26,9;9,2;8,0;32;3;zayif;29,7;41,3;76,0;asagi;zayif;zayif;asagi;0,10;-0,88;0;14,18;-9,97;230820282;16,98;SAT;NEGATIF;AL;NEGATIF;ARTIYOR;SAT;SAT;NOTR;1;01.09.2026
PAPIL;izle;;44,0;13,4;19,5;11,2;0;0;zayif;25,9;51,4;81,9;yukari;zayif;zayif;asagi;0,89;-0,43;1;12,98;-6,75;95127175;11,65;AL;POZITIF;AL;POZITIF;ARTIYOR;AL;SAT;NOTR;5;01.09.2026
DERIM;izle;;44,0;14,7;15,8;13,5;22;2;zayif;29,3;47,5;63,2;yukari;zayif;zayif;asagi;1,01;-0,36;1;36,16;0,89;17421816;34,92;SAT;NEGATIF;AL;POZITIF;ARTIYOR;SAT;SAT;NOTR;2;01.09.2026
COSMO;izle;;43,9;15,0;17,8;11,2;0;0;zayif;30,6;48,7;55,5;yukari;zayif;zayif;asagi;0,89;-1,09;1;124,6;0,24;7257327;120,67;AL;NEGATIF;AL;POZITIF;ARTIYOR;SAT;SAT;NOTR;3;01.09.2026
SANKO;izle;;43,8;12,7;17,8;13,4;32;3;zayif;24,0;50,2;66,8;yukari;zayif;zayif;asagi;1,02;-0,91;0;19,15;1,06;11511601;17,58;AL;POZITIF;AL;POZITIF;ARTIYOR;AL;AL;NOTR;6;01.09.2026
GLRYH;izle;;43,7;12,6;19,3;11,8;0;0;zayif;23,9;46,8;80,7;yukari;zayif;zayif;asagi;0,63;-0,84;0;3,11;-2,81;20114370;3,03;AL;NEGATIF;AL;NEGATIF;ARTIYOR;SAT;SAT;UCUZ (AL);2;01.09.2026
DYOBY;izle;;43,4;15,0;19,7;8,8;22;2;zayif;31,9;47,6;70,6;yukari;zayif;zayif;asagi;0,50;-0,76;0;13,31;-3,55;21673072;12,37;AL;NEGATIF;AL;NEGATIF;AZALIYOR;SAT;SAT;NOTR;2;01.09.2026
MZHLD;izle;;43,3;13,3;18,0;12,0;0;0;zayif;25,7;46,3;55,0;yukari;zayif;zayif;asagi;0,67;-1,03;1;5,35;-0,19;1227451;5,18;AL;NEGATIF;AL;POZITIF;ARTIYOR;SAT;SAT;NOTR;3;01.09.2026
ODAS;izle;;43,2;16,5;18,1;8,6;0;0;zayif;21,0;48,5;69,0;asagi;zayif;zayif;asagi;0,98;-0,61;2;7,47;2,05;373926567;7,86;AL;NEGATIF;AL;NEGATIF;AZALIYOR;AL;AL;NOTR;4;01.09.2026
TUCLK;izle;;43,2;15,0;16,5;11,6;0;0;zayif;32,5;45,0;73,8;yukari;zayif;zayif;asagi;0,45;-0,97;0;3,83;-1,79;15572837;3,67;AL;NEGATIF;AL;NEGATIF;AZALIYOR;SAT;SAT;UCUZ (AL);2;01.09.2026
FORTE;izle;;42,8;22,4;12,4;8,0;16;1;guclu trend;34,2;43,2;57,0;asagi;guclu;zayif;yukari;0,35;-0,31;3;111,8;-2,02;124960649;137,17;SAT;NEGATIF;SAT;NEGATIF;AZALIYOR;SAT;SAT;NOTR;0;01.09.2026
GARFA;izle;;42,7;2,3;21,9;18,5;0;0;zayif;12,2;55,3;73,3;asagi;zayif;zayif;asagi;1,25;-0,14;0;27,46;0,22;42199649;28,60;AL;POZITIF;NOTR;POZITIF;AZALIYOR;AL;SAT;NOTR;4;01.09.2026
GLYHO;izle;;42,5;21,5;9,2;11,8;0;0;zayif;15,8;42,0;44,8;asagi;zayif;zayif;yukari;0,48;-0,72;2;16,5;-0,30;23420826;17,60;SAT;NEGATIF;NOTR;NEGATIF;AZALIYOR;SAT;SAT;NOTR;0;01.09.2026
MPARK;izle;;42,5;22,0;7,7;12,7;10;0;zayif;25,6;39,2;53,0;yukari;zayif;zayif;asagi;1,14;-1,37;4;413,5;-1,78;413346178;410,98;SAT;NEGATIF;SAT;NEGATIF;ARTIYOR;SAT;SAT;NOTR;0;01.09.2026
KARTN;izle;;42,3;21,2;8,1;12,9;10;1;guclu trend;21,2;36,8;36,5;asagi;zayif;zayif;yukari;0,76;-1,27;2;157,2;-5,07;92994018;192,74;SAT;NEGATIF;SAT;NEGATIF;AZALIYOR;SAT;AL;NOTR;1;01.09.2026
ECILC;izle;;41,9;10,9;22,4;8,5;0;0;zayif;19,6;49,8;72,5;yukari;guclu;zayif;asagi;1,02;-0,44;1;75,05;-3,47;422109569;70,39;AL;NEGATIF;NOTR;POZITIF;ARTIYOR;SAT;SAT;NOTR;2;01.09.2026
PATEK;izle;;41,7;9,0;14,7;18,0;0;0;zayif;19,3;43,9;73,9;yukari;zayif;zayif;asagi;1,33;-1,05;1;19,6;-5,41;413226114;19,14;AL;NEGATIF;NOTR;POZITIF;ARTIYOR;SAT;SAT;NOTR;2;01.09.2026
OYYAT;izle;;41,6;4,3;19,3;18,0;20;0;zayif;23,0;52,6;85,3;asagi;zayif;zayif;asagi;6,52;-0,90;1;37;2,72;136089996;37,66;AL;POZITIF;AL;POZITIF;ARTIYOR;AL;SAT;NOTR;5;01.09.2026
BNTAS;izle;;41,5;13,8;15,2;12,4;0;0;zayif;27,0;45,5;47,0;yukari;zayif;zayif;asagi;1,15;-0,63;2;6,25;-1,57;36135181;5,97;SAT;NEGATIF;AL;NEGATIF;ARTIYOR;SAT;SAT;NOTR;1;01.09.2026
DGGYO;izle;;41,4;8,7;18,7;14,0;0;0;zayif;10,8;49,8;49,4;asagi;zayif;zayif;asagi;1,73;-0,34;2;34,72;5,34;7687702;37,18;AL;NEGATIF;NOTR;POZITIF;ARTIYOR;AL;AL;NOTR;4;01.09.2026
OZGYO;izle;;41,2;13,6;19,6;8,0;6;0;zayif;31,0;47,5;52,0;asagi;zayif;zayif;asagi;0,42;-0,49;3;2,08;0,48;25915040;2,29;AL;NEGATIF;AL;POZITIF;AZALIYOR;SAT;SAT;NOTR;3;01.09.2026
ISMEN;izle;;41,0;3,7;18,5;18,8;0;0;zayif;21,6;51,6;66,0;asagi;zayif;zayif;asagi;1,41;-0,99;2;33,94;2,17;316470374;34,47;AL;POZITIF;AL;POZITIF;ARTIYOR;AL;AL;UCUZ (AL);6;01.09.2026
ISKPL;izle;;40,6;9,0;23,5;8,0;0;0;zayif;14,7;49,1;65,7;yukari;guclu;yukselis;asagi;0,38;-1,14;1;8,12;-0,85;168291377;7,02;AL;NEGATIF;NOTR;POZITIF;AZALIYOR;SAT;SAT;NOTR;2;01.09.2026
AVGYO;izle;;40,5;21,1;11,4;8,0;0;0;zayif;19,9;45,0;51,4;asagi;zayif;zayif;yukari;0,48;-0,32;2;15;1,01;13134900;18,21;SAT;NEGATIF;NOTR;NEGATIF;AZALIYOR;SAT;AL;NOTR;1;01.09.2026
BESLR;izle;;40,5;11,3;19,9;9,4;30;2;zayif;20,4;48,8;48,3;yukari;zayif;zayif;asagi;0,69;-0,59;2;12,92;0,94;30280927;11,92;AL;NEGATIF;AL;NEGATIF;AZALIYOR;SAT;SAT;NOTR;2;01.09.2026
ISCTR;izle;;40,4;4,9;18,0;17,6;0;0;zayif;24,5;50,5;50,0;asagi;zayif;zayif;asagi;1,21;-0,86;1;12,75;0,87;9313500839;13,05;AL;POZITIF;AL;POZITIF;AZALIYOR;AL;SAT;NOTR;5;01.09.2026
SDTTR;izle;;40,4;23,4;8,2;8,8;0;0;zayif;21,8;41,1;56,5;yukari;zayif;zayif;asagi;0,63;-1,07;1;21,18;-5,02;156943016;20,76;SAT;NEGATIF;SAT;NEGATIF;AZALIYOR;SAT;SAT;NOTR;0;01.09.2026
KRONT;izle;;40,3;22,2;8,5;9,6;6;0;guclu trend;28,0;41,0;52,4;asagi;zayif;zayif;yukari;0,80;-0,59;3;23,3;-6,65;28321313;28,86;SAT;NEGATIF;SAT;NEGATIF;ARTIYOR;SAT;SAT;NOTR;0;01.09.2026
ALTIN;izle;;40,1;13,8;17,0;9,3;0;0;zayif;33,3;45,9;52,1;asagi;guclu;yukselis;asagi;0,91;-0,43;2;73,05;-1,92;1359263192;79,40;SAT;NEGATIF;AL;NEGATIF;ARTIYOR;SAT;SAT;NOTR;1;01.09.2026
IHLAS;izle;;40,1;15,0;16,4;8,6;0;0;zayif;31,7;47,0;59,7;yukari;zayif;zayif;asagi;0,74;-2,01;1;1,06;-0,93;95399934;0,99;AL;NEGATIF;AL;POZITIF;AZALIYOR;AL;SAT;UCUZ (AL);4;01.09.2026
FLAP;izle;;40,0;7,6;24,3;8,1;0;0;zayif;25,0;54,3;64,4;asagi;guclu;yukselis;asagi;0,95;0,01;2;10,95;-1,44;9848321;11,32;AL;POZITIF;AL;POZITIF;AZALIYOR;AL;SAT;NOTR;5;01.09.2026
FMIZP;izle;;39,7;17,0;17,4;5,3;32;3;zayif;21,2;49,2;50,8;yukari;zayif;zayif;asagi;0,57;-0,06;1;294,5;-0,59;12539221;280,92;SAT;NEGATIF;AL;POZITIF;AZALIYOR;SAT;SAT;NOTR;2;01.09.2026
ALGYO;izle;;39,4;10,9;19,1;9,4;0;0;zayif;19,4;48,3;64,6;yukari;zayif;zayif;asagi;0,78;-2,05;1;3,62;-1,36;78748647;3,35;AL;NEGATIF;NOTR;NEGATIF;AZALIYOR;SAT;SAT;NOTR;1;01.09.2026
TATGD;izle;;38,9;11,3;18,0;9,7;0;0;zayif;11,5;46,9;41,0;asagi;zayif;zayif;asagi;0,87;-0,76;2;17,79;-0,11;44859655;19,42;AL;NEGATIF;NOTR;NEGATIF;AZALIYOR;AL;SAT;NOTR;2;01.09.2026
CEOEM;izle;;38,7;0,3;21,9;16,5;0;0;zayif;12,0;51,4;50,2;asagi;zayif;zayif;yukari;0,65;0,03;1;24,86;-1,11;19337326;26,21;AL;POZITIF;NOTR;NEGATIF;AZALIYOR;SAT;SAT;NOTR;2;01.09.2026
GATEG;izle;;38,6;8,2;16,0;14,4;46;5;zayif;15,4;48,7;59,9;asagi;zayif;zayif;asagi;0,57;-0,45;3;291,25;-1,27;2479994;308,77;SAT;NEGATIF;NOTR;NEGATIF;AZALIYOR;SAT;SAT;NOTR;0;01.09.2026
SANEL;izle;;38,5;13,4;11,0;14,0;6;0;zayif;15,0;43,8;45,1;asagi;zayif;zayif;asagi;1,44;-0,89;3;58;0,43;42273068;70,12;SAT;NEGATIF;NOTR;POZITIF;ARTIYOR;AL;AL;NOTR;3;01.09.2026
EREGL;izle;;38,3;14,9;13,4;10,0;0;0;zayif;16,8;41,1;55,8;asagi;zayif;zayif;asagi;0,65;-1,24;0;37,78;-2,58;4593423799;41,35;AL;NEGATIF;NOTR;POZITIF;ARTIYOR;AL;SAT;NOTR;3;01.09.2026
MAALT;izle;;38,3;11,5;16,8;10,0;6;0;zayif;20,9;46,1;41,7;yukari;zayif;zayif;asagi;1,41;-1,17;3;1004;-1,38;58857492;954,44;AL;NEGATIF;AL;NEGATIF;ARTIYOR;AL;SAT;NOTR;3;01.09.2026
OTKAR;izle;;37,9;10,0;19,3;8,6;0;0;zayif;17,0;49,9;70,7;yukari;zayif;zayif;asagi;0,36;-0,64;1;321;1,02;76916415;298,05;AL;NEGATIF;NOTR;NEGATIF;AZALIYOR;SAT;SAT;UCUZ (AL);1;01.09.2026
ISBIR;izle;;37,8;13,3;18,5;6,1;6;0;zayif;14,0;49,6;59,5;yukari;guclu;yukselis;asagi;0,62;-0,03;3;72,25;-0,62;1347752;70,46;SAT;NEGATIF;NOTR;NEGATIF;AZALIYOR;SAT;SAT;NOTR;0;01.09.2026
IZFAS;izle;;37,8;11,9;13,7;12,3;38;3;zayif;18,3;43,0;60,6;yukari;zayif;zayif;asagi;0,96;-1,39;3;55;-5,90;335149925;52,44;AL;NEGATIF;NOTR;NEGATIF;ARTIYOR;AL;SAT;NOTR;2;01.09.2026
MEKAG;izle;;37,8;3,2;16,6;18,0;8;0;zayif;20,2;51,8;81,0;asagi;zayif;zayif;asagi;2,57;-1,42;1;3,08;4,41;80950075;3,17;AL;POZITIF;AL;POZITIF;ARTIYOR;AL;SAT;NOTR;5;01.09.2026
NTHOL;izle;;37,7;12,0;12,8;12,9;40;5;zayif;13,1;44,4;41,9;asagi;zayif;zayif;asagi;0,78;-0,52;2;43,26;0,98;66909247;46,92;SAT;NEGATIF;NOTR;NEGATIF;AZALIYOR;SAT;AL;NOTR;1;01.09.2026
ESCOM;izle;;37,4;28,3;7,2;1,9;50;4;zayif;14,0;41,0;33,3;yukari;zayif;zayif;asagi;0,82;-1,18;4;5,36;-2,01;130025941;5,25;SAT;NEGATIF;NOTR;NEGATIF;AZALIYOR;SAT;SAT;NOTR;0;01.09.2026
EGEPO;izle;;37,3;15,4;8,6;13,4;0;0;zayif;29,4;40,2;20,1;asagi;zayif;zayif;asagi;1,01;-1,72;1;16,52;3,31;45146566;18,26;SAT;NEGATIF;SAT;NEGATIF;ARTIYOR;AL;AL;PAHALI (SAT);2;01.09.2026
OZYSR;izle;;37,3;12,3;7,3;17,7;0;0;zayif;21,7;40,6;32,8;asagi;zayif;zayif;asagi;1,17;-1,12;2;11,93;5,02;37935551;12,95;SAT;NEGATIF;SAT;NEGATIF;ARTIYOR;SAT;AL;NOTR;1;01.09.2026
ULKER;izle;;37,2;15,0;14,2;8,0;32;3;zayif;32,3;44,8;62,1;yukari;zayif;zayif;asagi;0,70;-2,06;1;90,3;0,39;501746351;89,00;AL;NEGATIF;AL;NEGATIF;AZALIYOR;SAT;SAT;UCUZ (AL);2;01.09.2026
TSGYO;izle;;37,2;12,5;16,6;8,0;6;0;zayif;23,7;45,6;64,8;yukari;zayif;zayif;asagi;0,34;-1,23;3;5,85;-1,02;7831307;5,50;AL;NEGATIF;AL;NEGATIF;AZALIYOR;SAT;SAT;UCUZ (AL);2;01.09.2026
EDATA;izle;;36,6;28,1;7,7;0,8;0;0;zayif;12,9;39,1;58,0;yukari;zayif;zayif;asagi;0,51;-0,80;1;17,92;-4,78;43322729;17,57;SAT;NEGATIF;NOTR;NEGATIF;AZALIYOR;SAT;SAT;NOTR;0;01.09.2026
KOCMT;izle;;36,6;22,4;5,7;8,5;38;3;guclu trend;33,8;37,7;46,6;asagi;zayif;zayif;yukari;0,73;-1,11;3;4,18;-9,91;216519360;5,67;SAT;NEGATIF;SAT;NEGATIF;ARTIYOR;SAT;SAT;NOTR;0;01.09.2026
GLRMK;izle;;36,3;20,0;11,5;4,8;0;0;zayif;33,5;43,3;47,0;yukari;zayif;zayif;asagi;0,58;-0,80;1;165,4;-2,48;520260407;160,87;SAT;NEGATIF;AL;NEGATIF;AZALIYOR;SAT;SAT;NOTR;1;01.09.2026
VESTL;izle;;35,9;0,7;17,2;18,0;0;0;zayif;13,8;48,1;68,6;asagi;zayif;zayif;asagi;2,11;-0,98;2;22,6;-1,57;387663947;24,54;AL;NEGATIF;NOTR;POZITIF;ARTIYOR;AL;SAT;UCUZ (AL);3;01.09.2026
PGSUS;izle;;35,8;1,2;16,0;18,6;0;0;zayif;20,6;46,2;48,7;asagi;zayif;zayif;asagi;1,77;-1,90;2;151,9;3,33;2624638935;158,55;AL;NEGATIF;SAT;POZITIF;ARTIYOR;SAT;SAT;UCUZ (AL);2;01.09.2026
ISSEN;izle;;35,7;0,1;18,9;16,7;0;0;zayif;12,2;49,4;54,4;asagi;zayif;zayif;asagi;1,17;-0,98;0;6,98;0,72;7561574;7,43;AL;NEGATIF;NOTR;POZITIF;AZALIYOR;AL;SAT;NOTR;3;01.09.2026
TEHOL;izle;;35,7;22,4;5,3;8,0;10;1;zayif;66,2;29,2;69,6;asagi;zayif;zayif;asagi;0,53;-2,47;2;36,5;1,39;1136923170;41,33;SAT;NEGATIF;SAT;NEGATIF;AZALIYOR;SAT;AL;NOTR;1;01.09.2026
AGYO;izle;;35,6;9,2;14,7;11,7;16;1;zayif;20,6;44,6;33,9;yukari;zayif;zayif;asagi;0,90;-1,24;3;7,34;-2,13;1703680;7,21;AL;NEGATIF;SAT;POZITIF;ARTIYOR;SAT;SAT;NOTR;2;01.09.2026
HDFGS;izle;;35,5;0,0;17,5;18,0;0;0;zayif;10,6;46,6;60,0;asagi;zayif;zayif;asagi;2,25;-0,98;1;2,51;2,87;293282986;2,76;AL;NEGATIF;NOTR;NEGATIF;ARTIYOR;SAT;SAT;NOTR;1;01.09.2026
ETILR;izle;;35,2;28,2;7,1;0,0;6;0;zayif;13,1;39,4;54,8;yukari;zayif;zayif;asagi;0,46;-1,11;3;5,5;-2,31;17873444;5,44;SAT;NEGATIF;NOTR;NEGATIF;AZALIYOR;SAT;SAT;NOTR;0;01.09.2026
TSKB;izle;;35,1;0,2;17,3;17,6;14;0;zayif;13,7;46,1;48,1;asagi;zayif;zayif;asagi;1,05;-1,21;3;10,99;0,55;170564020;11,64;AL;NEGATIF;NOTR;POZITIF;AZALIYOR;SAT;SAT;UCUZ (AL);2;01.09.2026
SNICA;izle;;35,0;12,3;12,9;9,8;0;0;zayif;23,1;41,3;57,5;yukari;zayif;zayif;asagi;0,81;-2,43;2;3,23;0,31;50273681;3,10;AL;NEGATIF;AL;POZITIF;AZALIYOR;SAT;SAT;NOTR;3;01.09.2026
ODINE;izle;;35,0;22,4;7,5;5,0;0;0;zayif;29,8;36,7;45,8;asagi;zayif;zayif;asagi;1,00;-1,63;1;1812;-9,99;1228244268;2486,69;SAT;NEGATIF;SAT;NEGATIF;ARTIYOR;SAT;AL;PAHALI (SAT);1;01.09.2026
JANTS;izle;;34,8;15,0;19,7;0,1;40;4;zayif;32,8;47,8;24,5;yukari;zayif;zayif;asagi;0,58;-0,66;2;15,35;-0,97;38231815;14,45;AL;NEGATIF;AL;POZITIF;AZALIYOR;SAT;SAT;UCUZ (AL);3;01.09.2026
MARBL;izle;;34,7;2,1;19,8;12,8;0;0;zayif;17,5;47,8;69,5;asagi;zayif;zayif;asagi;0,81;-0,57;1;12,34;-1,12;13353842;13,00;AL;NEGATIF;NOTR;POZITIF;ARTIYOR;SAT;SAT;NOTR;2;01.09.2026
AFYON;izle;;34,7;1,7;19,5;13,5;10;1;zayif;16,4;46,9;63,7;asagi;zayif;zayif;asagi;0,44;-0,78;2;12,54;-0,63;8320227;13,12;AL;NEGATIF;NOTR;POZITIF;AZALIYOR;SAT;SAT;NOTR;2;01.09.2026
EGEGY;izle;;34,7;11,0;5,7;18,0;0;0;zayif;19,4;35,7;64,6;asagi;zayif;zayif;asagi;1,59;-2,15;1;26,64;-10,00;138367787;32,95;SAT;NEGATIF;NOTR;NEGATIF;ARTIYOR;SAT;SAT;NOTR;0;01.09.2026
KZGYO;izle;;34,6;2,7;13,8;18,0;0;0;zayif;19,0;44,5;63,4;asagi;zayif;zayif;asagi;1,97;-1,71;1;19,67;0,67;40711569;20,98;AL;NEGATIF;NOTR;POZITIF;ARTIYOR;AL;SAT;UCUZ (AL);3;01.09.2026
SMRTG;izle;;34,3;9,3;14,9;10,0;0;0;zayif;14,2;44,0;42,1;asagi;zayif;zayif;asagi;2,94;-0,98;1;10,2;-1,07;606107083;11,24;AL;NEGATIF;NOTR;POZITIF;ARTIYOR;AL;AL;NOTR;4;01.09.2026
BERA;izle;;34,1;14,5;17,0;2,6;8;0;zayif;28,6;48,9;66,8;yukari;zayif;zayif;asagi;0,86;-1,23;1;13,58;-0,15;96008156;12,59;AL;NEGATIF;AL;POZITIF;AZALIYOR;AL;SAT;NOTR;4;01.09.2026
KLMSN;izle;;34,0;13,3;14,0;6,8;10;1;zayif;25,6;44,3;44,6;yukari;zayif;zayif;asagi;0,87;-1,41;1;28,5;0,49;18308999;26,86;AL;NEGATIF;AL;NEGATIF;ARTIYOR;SAT;SAT;NOTR;2;01.09.2026
CEMAS;izle;;34,0;11,5;14,5;8,0;0;0;zayif;20,9;43,6;60,2;yukari;zayif;zayif;asagi;0,62;-1,27;0;4,09;-0,24;38075225;4,05;AL;NEGATIF;AL;POZITIF;AZALIYOR;SAT;SAT;NOTR;3;01.09.2026
EKSUN;izle;;33,9;3,7;12,2;18,0;10;0;zayif;17,2;39,0;53,6;asagi;zayif;zayif;asagi;1,43;-1,88;4;5,85;-5,34;41580770;6,76;AL;NEGATIF;NOTR;NEGATIF;ARTIYOR;SAT;SAT;NOTR;1;01.09.2026
LOGO;izle;;33,8;0,0;20,7;13,2;40;4;zayif;10,9;48,3;63,0;asagi;zayif;zayif;asagi;1,12;-0,59;2;135,7;1,19;96048460;143,73;AL;NEGATIF;NOTR;POZITIF;ARTIYOR;SAT;SAT;NOTR;2;01.09.2026
INFO;izle;;33,8;20,3;3,5;10,0;0;0;zayif;14,3;33,0;22,5;asagi;zayif;zayif;asagi;1,30;-1,60;1;5,5;-6,78;368499962;6,96;SAT;NEGATIF;NOTR;NEGATIF;ARTIYOR;SAT;SAT;NOTR;0;01.09.2026
BIZIM;izle;;33,7;5,4;18,9;9,5;10;1;zayif;25,8;47,8;68,7;asagi;zayif;zayif;asagi;0,72;-0,93;2;24,36;0,74;4938893;25,28;AL;NEGATIF;AL;POZITIF;AZALIYOR;SAT;SAT;NOTR;3;01.09.2026
DOKTA;izle;;33,7;13,1;20,6;0,0;10;1;zayif;25,1;48,8;71,7;yukari;zayif;zayif;asagi;0,47;-0,47;2;22,8;0,35;8779938;21,43;AL;NEGATIF;AL;NEGATIF;AZALIYOR;SAT;SAT;NOTR;2;01.09.2026
BASCM;izle;;33,3;11,0;21,8;0,6;0;0;zayif;18,4;49,6;55,2;yukari;zayif;zayif;asagi;0,60;-0,34;1;13,78;-2,68;930453;13,78;AL;NEGATIF;NOTR;POZITIF;ARTIYOR;SAT;SAT;NOTR;2;01.09.2026
YYLGD;izle;;32,5;8,1;13,0;11,3;16;1;zayif;13,1;41,8;29,2;yukari;zayif;zayif;asagi;1,19;-1,84;3;10,04;-0,89;100192001;10,00;AL;NEGATIF;NOTR;NEGATIF;ARTIYOR;SAT;SAT;NOTR;1;01.09.2026
IHLGM;izle;;32,3;3,7;16,0;12,5;0;0;zayif;21,6;46,0;83,2;asagi;zayif;zayif;asagi;0,97;-1,88;1;1,59;0,00;33902470;1,69;AL;NEGATIF;AL;POZITIF;ARTIYOR;AL;SAT;UCUZ (AL);4;01.09.2026
GOLTS;izle;;32,2;14,2;13,6;4,4;0;0;zayif;27,9;42,4;59,4;yukari;zayif;zayif;asagi;0,52;-1,82;1;297,25;-1,49;21579756;294,80;AL;NEGATIF;AL;NEGATIF;AZALIYOR;SAT;SAT;NOTR;2;01.09.2026
DGNMO;izle;;32,2;9,1;5,0;18,0;10;1;zayif;18,9;37,0;53,8;asagi;zayif;zayif;asagi;2,30;-1,46;2;7,55;3,85;111203701;8,76;SAT;NEGATIF;NOTR;NEGATIF;ARTIYOR;SAT;AL;NOTR;1;01.09.2026
RNPOL;izle;;31,8;21,4;9,6;0,8;0;0;zayif;15,4;42,1;66,8;yukari;zayif;zayif;asagi;0,65;-0,83;2;2,34;-4,88;5724901;2,19;SAT;NEGATIF;NOTR;NEGATIF;ARTIYOR;SAT;SAT;NOTR;0;01.09.2026
CRDFA;izle;;31,8;6,1;11,7;14,0;22;2;zayif;39,8;37,5;28,8;asagi;zayif;zayif;asagi;1,85;-2,71;0;27,5;10,00;113610888;30,86;AL;NEGATIF;SAT;POZITIF;ARTIYOR;AL;AL;NOTR;4;01.09.2026
PINSU;izle;;31,7;4,6;14,8;12,3;0;0;zayif;23,8;44,8;69,5;asagi;zayif;zayif;asagi;0,96;-1,21;1;10,27;-4,02;38861978;11,02;AL;NEGATIF;AL;POZITIF;ARTIYOR;AL;SAT;UCUZ (AL);4;01.09.2026
BVSAN;izle;;31,6;0,3;13,3;18,0;0;0;zayif;14,4;42,7;55,3;asagi;zayif;zayif;asagi;1,45;-1,80;2;104,6;0,87;89041064;113,53;AL;NEGATIF;NOTR;NEGATIF;ARTIYOR;AL;SAT;NOTR;2;01.09.2026
SNPAM;izle;;31,6;9,1;15,6;6,9;10;0;zayif;20,2;44,2;62,5;yukari;zayif;zayif;asagi;0,95;-1,25;4;19,61;-1,90;791028;19,14;AL;NEGATIF;SAT;NEGATIF;ARTIYOR;SAT;SAT;NOTR;1;01.09.2026
IHGZT;izle;;31,5;4,5;16,0;11,0;0;0;zayif;23,5;45,9;69,9;asagi;zayif;zayif;asagi;0,88;-1,55;0;1,19;0,00;16553519;1,26;AL;NEGATIF;AL;POZITIF;AZALIYOR;AL;SAT;UCUZ (AL);4;01.09.2026
LUKSK;izle;;31,3;1,0;12,3;18,0;0;0;zayif;14,6;39,4;45,2;asagi;zayif;zayif;asagi;3,34;-2,11;2;85,8;3,00;37122914;92,50;AL;NEGATIF;NOTR;NEGATIF;ARTIYOR;SAT;AL;UCUZ (AL);2;01.09.2026
SERNT;izle;;31,3;2,6;13,8;14,8;0;0;zayif;18,8;44,4;58,8;asagi;zayif;zayif;asagi;1,11;-1,61;2;7,95;0,00;31170543;8,46;AL;NEGATIF;NOTR;POZITIF;ARTIYOR;AL;SAT;NOTR;3;01.09.2026
ANHYT;izle;;31,1;6,1;14,2;10,9;0;0;zayif;14,4;44,6;34,3;asagi;zayif;zayif;asagi;0,57;-0,61;0;104,7;0,58;48161895;114,76;SAT;NEGATIF;NOTR;POZITIF;AZALIYOR;SAT;AL;NOTR;2;01.09.2026
BRKSN;izle;;31,1;8,8;16,1;6,3;0;0;zayif;17,7;46,7;55,8;yukari;zayif;zayif;asagi;0,63;-0,51;2;7,85;-1,88;1839616;7,34;SAT;NEGATIF;NOTR;NEGATIF;ARTIYOR;SAT;SAT;NOTR;0;01.09.2026
DNISI;izle;;31,1;8,8;14,3;8,0;10;1;zayif;17,6;42,4;60,2;yukari;zayif;zayif;asagi;0,46;-1,02;2;4,48;-2,61;9625186;4,34;AL;NEGATIF;NOTR;NEGATIF;AZALIYOR;SAT;SAT;NOTR;1;01.09.2026
FADE;izle;;30,8;7,8;15,0;8,0;0;0;zayif;13,2;46,2;49,3;asagi;zayif;zayif;asagi;0,45;-0,52;1;15,52;-2,94;42614723;17,54;SAT;NEGATIF;NOTR;POZITIF;ARTIYOR;AL;AL;NOTR;3;01.09.2026
BASGZ;izle;;30,6;8,7;19,0;2,9;30;2;zayif;22,5;48,9;54,4;asagi;zayif;zayif;asagi;0,76;-0,81;2;44,5;0,27;12547042;46,46;AL;NEGATIF;AL;NEGATIF;AZALIYOR;AL;AL;NOTR;4;01.09.2026
GLCVY;izle;;30,6;2,1;18,6;9,8;10;1;zayif;17,5;49,5;54,8;asagi;zayif;zayif;asagi;0,46;-0,80;1;52,55;0,77;16872701;55,12;AL;NEGATIF;NOTR;POZITIF;AZALIYOR;SAT;SAT;UCUZ (AL);2;01.09.2026
AKENR;izle;;30,6;4,0;18,6;8,0;18;1;zayif;22,2;48,1;63,1;asagi;zayif;zayif;asagi;0,65;-0,67;0;10,48;-0,38;77592411;11,26;AL;NEGATIF;AL;NEGATIF;ARTIYOR;SAT;SAT;NOTR;2;01.09.2026
ZOREN;izle;;30,5;7,0;12,8;10,7;0;0;zayif;35,6;41,0;70,8;asagi;zayif;zayif;asagi;0,86;-2,52;0;2,31;-0,43;73837471;2,42;AL;NEGATIF;AL;POZITIF;ARTIYOR;AL;SAT;UCUZ (AL);4;01.09.2026
DESA;izle;;30,4;9,0;13,5;8,0;6;0;zayif;19,1;43,2;54,5;yukari;zayif;zayif;asagi;0,42;-1,71;3;9,63;-3,60;19941284;9,23;AL;NEGATIF;NOTR;NEGATIF;ARTIYOR;SAT;SAT;NOTR;1;01.09.2026
SASA;izle;;30,4;0,3;17,5;12,6;0;0;zayif;14,0;46,3;51,3;asagi;zayif;zayif;asagi;0,85;-1,10;0;2,36;0,43;5106875989;2,59;AL;NEGATIF;NOTR;POZITIF;AZALIYOR;AL;AL;NOTR;4;01.09.2026
DENGE;izle;;30,3;13,0;15,3;2,0;22;2;zayif;24,8;44,8;79,7;yukari;zayif;zayif;asagi;0,54;-0,90;1;2,28;-2,56;23094736;2,24;AL;NEGATIF;AL;NEGATIF;AZALIYOR;SAT;SAT;UCUZ (AL);2;01.09.2026
PENTA;izle;;30,1;0,3;14,6;15,2;0;0;zayif;12,8;42,7;60,1;asagi;zayif;zayif;asagi;1,02;-1,35;1;13,01;-1,44;24224633;13,99;AL;NEGATIF;NOTR;NEGATIF;ARTIYOR;SAT;SAT;NOTR;1;01.09.2026
ICBCT;izle;;30,1;13,0;8,6;8,5;0;0;zayif;10,9;38,6;37,7;asagi;zayif;zayif;asagi;0,73;-1,27;2;19,54;0,62;27797291;22,37;SAT;NEGATIF;NOTR;NEGATIF;AZALIYOR;SAT;SAT;NOTR;0;01.09.2026
CASA;izle;;30,0;0,9;16,9;12,3;14;0;zayif;18,4;48,9;37,9;asagi;zayif;zayif;asagi;0,85;-1,71;3;69,8;2,57;898186;72,08;AL;NEGATIF;NOTR;POZITIF;ARTIYOR;AL;AL;UCUZ (AL);4;01.09.2026
KLNMA;izle;;29,4;8,0;13,9;7,5;0;0;zayif;9,6;43,4;39,7;yukari;zayif;zayif;asagi;1,05;-1,91;2;8,85;-0,45;1286631;8,79;AL;NEGATIF;NOTR;NEGATIF;AZALIYOR;SAT;SAT;NOTR;1;01.09.2026
MAGEN;izle;;28,9;0,5;12,8;15,5;0;0;zayif;15,6;41,1;55,0;asagi;zayif;zayif;asagi;1,15;-2,35;2;32,98;-5,12;634394342;37,68;AL;NEGATIF;NOTR;NEGATIF;ARTIYOR;AL;SAT;NOTR;2;01.09.2026
BFREN;izle;;28,8;5,5;10,4;12,9;32;3;zayif;26,1;43,2;43,9;asagi;zayif;zayif;asagi;0,60;-1,18;1;127,1;-0,70;17267298;134,63;SAT;NEGATIF;AL;NEGATIF;AZALIYOR;SAT;SAT;UCUZ (AL);1;01.09.2026
VRGYO;izle;;28,0;2,5;16,9;8,6;14;0;zayif;18,4;50,7;66,4;asagi;zayif;zayif;asagi;0,98;-1,32;3;1,82;1,68;21046218;1,86;AL;POZITIF;NOTR;POZITIF;AZALIYOR;AL;SAT;UCUZ (AL);4;01.09.2026
MOBTL;izle;;28,0;12,3;8,7;6,9;28;2;zayif;13,8;40,8;43,9;asagi;zayif;zayif;asagi;0,88;-1,64;3;12,7;-1,78;46787727;14,35;SAT;NEGATIF;NOTR;NEGATIF;AZALIYOR;AL;SAT;NOTR;1;01.09.2026
CUSAN;izle;;27,9;4,3;15,6;8,0;6;0;zayif;22,9;45,3;15,0;asagi;zayif;zayif;asagi;0,43;-0,58;3;23,92;-0,33;28160920;27,74;SAT;NEGATIF;AL;NEGATIF;AZALIYOR;SAT;AL;NOTR;2;01.09.2026
KBORU;izle;;27,6;4,4;5,2;18,0;0;0;zayif;22,5;33,3;71,6;asagi;zayif;zayif;asagi;2,41;-3,25;2;19,46;-9,99;578907678;24,81;SAT;NEGATIF;SAT;NEGATIF;ARTIYOR;SAT;SAT;NOTR;0;01.09.2026
TEKTU;izle;;27,5;2,1;16,9;8,4;0;0;zayif;17,5;51,4;69,9;asagi;zayif;zayif;asagi;0,72;-1,10;0;8,04;-0,74;40845427;8,40;AL;POZITIF;NOTR;POZITIF;AZALIYOR;AL;AL;UCUZ (AL);5;01.09.2026
BALAT;izle;;27,5;0,5;13,9;13,0;0;0;zayif;15,8;45,1;40,5;asagi;zayif;zayif;asagi;1,11;-1,38;2;69;1,55;2177226;72,93;SAT;NEGATIF;NOTR;NEGATIF;ARTIYOR;SAT;SAT;NOTR;0;01.09.2026
AYCES;izle;;27,4;0,1;13,2;14,1;6;0;zayif;12,2;42,5;62,5;asagi;zayif;zayif;asagi;1,06;-2,61;3;449,25;0,06;60513975;489,81;AL;NEGATIF;NOTR;NEGATIF;ARTIYOR;AL;AL;NOTR;3;01.09.2026
AYES;izle;;27,3;13,3;13,3;0,7;0;0;zayif;14,2;47,0;40,1;asagi;zayif;zayif;asagi;0,15;-0,66;2;30,48;3,32;1330757;32,95;SAT;NEGATIF;NOTR;NEGATIF;ARTIYOR;SAT;AL;NOTR;1;01.09.2026
GOODY;izle;;26,9;9,5;13,4;4,0;0;0;zayif;15,7;45,8;77,1;yukari;zayif;zayif;asagi;0,29;-0,88;2;2,63;0,77;27853378;2,60;SAT;NEGATIF;NOTR;NEGATIF;AZALIYOR;SAT;SAT;NOTR;0;01.09.2026
ECZYT;izle;;26,4;5,4;10,9;10,1;40;4;zayif;10,1;43,8;52,0;asagi;zayif;zayif;asagi;0,54;-1,09;1;315;-1,49;62199900;345,11;SAT;NEGATIF;NOTR;NEGATIF;AZALIYOR;SAT;SAT;NOTR;0;01.09.2026
SRVGY;izle;;26,3;1,6;16,7;8,0;0;0;zayif;23,8;45,1;68,7;asagi;zayif;zayif;asagi;0,59;-1,71;2;2,52;-0,79;31927735;2,61;AL;NEGATIF;SAT;POZITIF;AZALIYOR;SAT;SAT;UCUZ (AL);2;01.09.2026
GEREL;izle;;26,3;20,8;5,5;0,0;32;2;zayif;18,1;37,2;37,5;asagi;zayif;zayif;asagi;0,34;-1,22;4;36,98;-3,45;97035631;44,39;SAT;NEGATIF;NOTR;NEGATIF;AZALIYOR;SAT;SAT;NOTR;0;01.09.2026
ANSGR;izle;;26,1;14,8;6,2;5,1;32;2;zayif;14,7;38,2;29,1;yukari;zayif;zayif;asagi;0,42;-1,43;4;26,86;-1,25;60183832;26,74;SAT;NEGATIF;NOTR;NEGATIF;ARTIYOR;SAT;AL;NOTR;1;01.09.2026
PAMEL;izle;;26,1;9,3;6,8;10,0;10;0;zayif;15,4;38,4;65,8;yukari;zayif;zayif;asagi;7,32;-1,95;4;75,4;-0,40;210526677;73,17;SAT;NEGATIF;NOTR;NEGATIF;ARTIYOR;SAT;SAT;NOTR;0;01.09.2026
BURVA;izle;;25,9;14,1;9,8;2,0;10;0;zayif;11,6;44,5;36,4;yukari;zayif;zayif;asagi;0,82;-1,63;4;758,5;6,01;14712625;698,58;SAT;NEGATIF;NOTR;NEGATIF;ARTIYOR;SAT;SAT;NOTR;0;01.09.2026
ASGYO;izle;;25,8;3,8;13,0;8,9;0;0;zayif;21,8;41,7;52,7;asagi;zayif;zayif;asagi;0,71;-1,61;0;10,95;0,09;24260721;11,76;AL;NEGATIF;AL;NEGATIF;AZALIYOR;SAT;SAT;NOTR;2;01.09.2026
KUTPO;izle;;25,7;7,0;12,9;5,9;46;5;zayif;35,4;41,1;52,8;asagi;zayif;zayif;asagi;0,85;-1,71;3;80,25;-0,19;10963354;86,50;AL;NEGATIF;AL;NEGATIF;AZALIYOR;SAT;SAT;UCUZ (AL);2;01.09.2026
TMPOL;izle;;25,4;11,4;4,7;9,2;10;0;zayif;22,6;38,3;54,4;asagi;zayif;zayif;asagi;1,25;-1,74;4;390;-8,18;752204310;554,65;SAT;NEGATIF;SAT;NEGATIF;AZALIYOR;SAT;AL;NOTR;1;01.09.2026
PKENT;izle;;25,3;3,8;13,0;8,5;0;0;zayif;21,8;41,6;53,0;asagi;zayif;zayif;asagi;0,68;-2,15;2;124,5;-0,88;13133007;136,60;AL;NEGATIF;AL;NEGATIF;AZALIYOR;SAT;SAT;UCUZ (AL);2;01.09.2026
GRTHO;izle;;25,2;8,8;6,4;10,0;0;0;zayif;18,1;37,1;35,9;yukari;zayif;zayif;asagi;4,33;-2,35;0;205,7;-6,54;926350203;204,73;SAT;NEGATIF;NOTR;NEGATIF;ARTIYOR;SAT;SAT;NOTR;0;01.09.2026
SEGYO;izle;;25,2;1,2;12,8;11,2;0;0;zayif;20,5;40,9;33,3;asagi;zayif;zayif;asagi;0,89;-2,80;1;3,81;-0,26;10294308;4,09;AL;NEGATIF;SAT;POZITIF;AZALIYOR;AL;AL;UCUZ (AL);4;01.09.2026
AKSEN;izle;;25,2;11,3;5,9;8,0;6;0;zayif;23,3;36,3;50,1;asagi;zayif;zayif;asagi;0,63;-2,22;3;78,55;-1,07;660877597;89,03;SAT;NEGATIF;SAT;NEGATIF;AZALIYOR;SAT;SAT;NOTR;0;01.09.2026
CONSE;izle;;25,1;3,1;12,9;9,1;6;0;zayif;19,9;41,4;47,6;asagi;zayif;zayif;asagi;1,25;-2,22;3;2,26;-0,44;19149222;2,44;AL;NEGATIF;NOTR;POZITIF;ARTIYOR;AL;SAT;UCUZ (AL);3;01.09.2026
ALKA;izle;;25,1;0,9;12,8;11,4;0;0;zayif;14,4;41,0;62,8;asagi;zayif;zayif;asagi;0,88;-2,40;0;8,11;-0,61;21533145;8,81;AL;NEGATIF;NOTR;POZITIF;AZALIYOR;SAT;SAT;NOTR;2;01.09.2026
VKGYO;izle;;25,1;2,0;13,1;10,0;0;0;zayif;26,8;42,0;49,2;asagi;zayif;zayif;asagi;0,43;-2,13;0;1,91;0,00;13537723;2,01;AL;NEGATIF;SAT;POZITIF;AZALIYOR;SAT;SAT;NOTR;2;01.09.2026
EUREN;izle;;24,9;1,0;13,5;10,4;0;0;zayif;14,6;43,5;67,1;asagi;zayif;zayif;asagi;1,30;-1,98;1;3,85;-1,53;132670134;4,10;AL;NEGATIF;NOTR;POZITIF;ARTIYOR;AL;SAT;UCUZ (AL);3;01.09.2026
KENT;izle;;24,5;0,9;14,7;8,9;10;1;zayif;18,3;46,3;57,4;asagi;zayif;zayif;asagi;0,48;-0,87;1;358,75;-2,84;1152664;404,52;SAT;NEGATIF;NOTR;NEGATIF;AZALIYOR;SAT;SAT;UCUZ (AL);0;01.09.2026
CCOLA;izle;;24,5;11,4;7,9;5,1;6;0;zayif;28,2;38,1;32,9;asagi;zayif;zayif;asagi;0,69;-2,24;3;76,75;2,06;361761509;84,19;SAT;NEGATIF;SAT;NEGATIF;AZALIYOR;SAT;AL;NOTR;1;01.09.2026
KATMR;izle;;24,4;2,4;9,3;12,7;0;0;zayif;39,7;29,2;48,1;asagi;zayif;zayif;asagi;0,98;-4,60;1;2,01;-1,95;135594347;2,23;AL;NEGATIF;SAT;NEGATIF;ARTIYOR;SAT;SAT;UCUZ (AL);1;01.09.2026
ADESE;izle;;24,3;7,0;13,3;4,0;0;0;zayif;31,1;42,8;48,6;asagi;zayif;zayif;asagi;0,59;-1,71;0;0,85;0,00;61048191;0,93;AL;NEGATIF;AL;NEGATIF;AZALIYOR;SAT;SAT;UCUZ (AL);2;01.09.2026
AKFYE;izle;;24,1;11,2;9,6;3,4;0;0;zayif;12,2;43,4;46,1;asagi;zayif;zayif;asagi;0,90;-1,01;1;22,78;0,53;142235131;25,16;SAT;NEGATIF;NOTR;POZITIF;AZALIYOR;SAT;SAT;NOTR;1;01.09.2026
DOFRB;izle;;24,1;3,4;10,7;10,0;0;0;zayif;15,2;33,9;50,7;asagi;zayif;zayif;asagi;1,31;-3,05;2;117,8;-6,80;742436267;144,99;AL;NEGATIF;NOTR;NEGATIF;ARTIYOR;SAT;SAT;NOTR;1;01.09.2026
KSTUR;izle;;24,1;2,4;11,7;10,0;0;0;zayif;29,6;37,2;44,2;asagi;zayif;zayif;asagi;1,37;-3,62;2;2352;-2,81;2128560;2520,17;AL;NEGATIF;SAT;NEGATIF;ARTIYOR;SAT;AL;NOTR;2;01.09.2026
TTKOM;izle;;23,9;8,3;6,5;9,1;0;0;zayif;14,1;37,9;25,8;yukari;zayif;zayif;asagi;1,01;-2,61;1;51,55;0,88;1994875920;50,42;SAT;NEGATIF;NOTR;NEGATIF;AZALIYOR;SAT;SAT;NOTR;0;01.09.2026
DERHL;izle;;23,7;9,8;5,9;8,0;0;0;zayif;24,9;37,1;46,9;yukari;zayif;zayif;asagi;0,48;-2,66;2;2,09;0,48;25125012;2,05;SAT;NEGATIF;SAT;NEGATIF;AZALIYOR;SAT;SAT;UCUZ (AL);0;01.09.2026
PLTUR;izle;;23,6;0,9;13,6;9,2;0;0;zayif;18,3;43,6;51,6;asagi;zayif;zayif;asagi;0,59;-1,55;2;20,26;1,00;41896262;22,91;AL;NEGATIF;NOTR;POZITIF;AZALIYOR;SAT;SAT;NOTR;2;01.09.2026
CEMTS;izle;;23,3;0,4;13,3;9,7;38;3;zayif;14,6;42,5;61,6;asagi;zayif;zayif;asagi;0,68;-2,07;3;8,81;0,69;9352564;9,39;AL;NEGATIF;NOTR;NEGATIF;AZALIYOR;SAT;SAT;UCUZ (AL);1;01.09.2026
SODSN;izle;;23,2;10,4;10,5;2,2;6;0;zayif;31,2;33,4;36,5;yukari;zayif;zayif;asagi;0,83;-3,91;3;7,38;-1,99;601160;7,13;AL;NEGATIF;SAT;NEGATIF;ARTIYOR;SAT;SAT;UCUZ (AL);1;01.09.2026
UFUK;izle;;23,0;17,5;5,4;0,1;32;3;zayif;16,5;36,3;45,5;asagi;zayif;zayif;asagi;0,38;-1,12;2;1595;-1,42;31777185;1913,63;SAT;NEGATIF;NOTR;NEGATIF;AZALIYOR;SAT;AL;NOTR;1;01.09.2026
SMRVA;izle;;22,9;3,0;11,9;8,0;0;0;zayif;19,8;37,9;58,0;asagi;zayif;zayif;asagi;0,35;-2,83;1;11,02;-0,90;49727056;12,64;AL;NEGATIF;NOTR;NEGATIF;AZALIYOR;SAT;SAT;UCUZ (AL);1;01.09.2026
VAKFN;izle;;22,8;2,4;10,4;10,0;0;0;zayif;33,2;32,9;44,2;asagi;zayif;zayif;asagi;1,35;-3,56;1;1,13;-3,42;63650078;1,26;AL;NEGATIF;SAT;NEGATIF;ARTIYOR;SAT;SAT;UCUZ (AL);1;01.09.2026
TURSG;izle;;22,8;5,5;9,5;7,8;0;0;zayif;11,8;43,0;49,1;asagi;zayif;zayif;asagi;0,70;-1,15;2;6,1;2,18;258866261;6,60;SAT;NEGATIF;NOTR;NEGATIF;ARTIYOR;SAT;SAT;NOTR;0;01.09.2026
KLSER;izle;;22,7;3,1;11,4;8,2;10;1;zayif;20,0;36,3;59,3;asagi;zayif;zayif;asagi;0,71;-2,49;1;23,84;-1,81;25739738;25,99;AL;NEGATIF;AL;NEGATIF;ARTIYOR;SAT;SAT;UCUZ (AL);2;01.09.2026
TUKAS;izle;;22,6;1,4;14,1;7,1;8;0;zayif;21,9;44,9;50,7;asagi;zayif;zayif;asagi;1,07;-2,08;1;2,01;-0,50;116027586;2,12;AL;NEGATIF;SAT;POZITIF;AZALIYOR;AL;SAT;UCUZ (AL);3;01.09.2026
GOZDE;izle;;22,5;12,6;9,9;0,0;0;0;zayif;16,6;41,3;38,3;asagi;zayif;zayif;asagi;0,31;-1,07;2;22,1;-0,54;13470304;24,59;SAT;NEGATIF;NOTR;NEGATIF;AZALIYOR;SAT;AL;NOTR;1;01.09.2026
PSGYO;izle;;22,3;12,0;5,3;5,0;0;0;zayif;22,7;36,3;52,6;asagi;zayif;zayif;asagi;1,00;-1,45;2;3,16;-1,56;489034338;3,63;SAT;NEGATIF;SAT;NEGATIF;ARTIYOR;SAT;AL;NOTR;1;01.09.2026
AKFGY;izle;;22,3;8,8;6,2;7,3;6;0;zayif;18,2;37,2;39,6;yukari;zayif;zayif;asagi;0,88;-2,26;3;2,55;-0,39;46645536;2,55;SAT;NEGATIF;NOTR;NEGATIF;AZALIYOR;SAT;SAT;NOTR;0;01.09.2026
ATAGY;izle;;22,3;2,4;9,8;10,0;0;0;zayif;34,9;31,1;43,9;asagi;zayif;zayif;asagi;1,72;-3,18;1;9,96;0,61;3493291;10,83;AL;NEGATIF;SAT;NEGATIF;ARTIYOR;SAT;SAT;UCUZ (AL);1;01.09.2026
SARKY;izle;;22,2;13,3;8,6;0,2;0;0;zayif;18,0;43,1;58,5;yukari;zayif;zayif;asagi;0,52;-1,33;2;24,54;-2,08;92846869;23,35;SAT;NEGATIF;NOTR;NEGATIF;AZALIYOR;SAT;SAT;NOTR;0;01.09.2026
DARDL;izle;;22,1;4,9;10,7;6,5;0;0;zayif;24,7;34,0;58,2;asagi;zayif;zayif;asagi;1,09;-3,28;1;1,62;-1,22;30029995;1,80;AL;NEGATIF;AL;NEGATIF;AZALIYOR;SAT;SAT;UCUZ (AL);2;01.09.2026
DZGYO;izle;;22,1;0,4;11,4;10,4;0;0;zayif;14,9;36,2;60,1;asagi;zayif;zayif;asagi;0,84;-2,92;2;6,99;-0,99;6524165;7,58;AL;NEGATIF;NOTR;NEGATIF;AZALIYOR;SAT;SAT;NOTR;1;01.09.2026
RAYSG;izle;;21,8;0,7;11,9;9,3;0;0;zayif;17,2;37,9;50,3;asagi;zayif;zayif;asagi;0,78;-3,07;2;156,3;0,84;17925266;169,54;AL;NEGATIF;NOTR;NEGATIF;AZALIYOR;SAT;SAT;UCUZ (AL);1;01.09.2026
ZEDUR;izle;;21,8;2,4;11,3;8,0;0;0;zayif;32,0;36,1;63,7;asagi;zayif;zayif;asagi;0,70;-2,55;1;7,64;-2,30;8299156;8,49;AL;NEGATIF;SAT;NEGATIF;ARTIYOR;SAT;SAT;NOTR;1;01.09.2026
YESIL;izle;;21,8;0,0;11,0;10,7;0;0;zayif;11,9;35,0;43,0;asagi;zayif;zayif;asagi;0,86;-3,15;2;1,16;0,87;15997395;1,27;AL;NEGATIF;NOTR;NEGATIF;AZALIYOR;SAT;SAT;UCUZ (AL);1;01.09.2026
HLGYO;izle;;21,6;10,0;11,6;0,0;0;0;zayif;40,2;37,2;61,4;asagi;zayif;zayif;asagi;0,40;-3,22;1;4,37;-0,23;40824557;4,67;AL;NEGATIF;AL;POZITIF;AZALIYOR;AL;SAT;NOTR;4;01.09.2026
ARENA;izle;;21,6;2,2;11,5;7,9;0;0;zayif;17,5;36,8;59,2;asagi;zayif;zayif;asagi;1,17;-2,96;2;20,3;-2,31;28278935;23,39;AL;NEGATIF;NOTR;NEGATIF;AZALIYOR;SAT;SAT;UCUZ (AL);1;01.09.2026
ULAS;izle;;21,5;8,9;12,6;0,0;6;0;zayif;18,7;40,3;55,5;yukari;zayif;zayif;asagi;0,48;-2,38;3;21;0,29;2405109;19,75;AL;NEGATIF;NOTR;NEGATIF;AZALIYOR;SAT;SAT;NOTR;1;01.09.2026
KLKIM;izle;;21,4;0,7;12,7;8,0;0;0;zayif;17,3;40,7;66,8;asagi;zayif;zayif;asagi;0,65;-1,98;1;26;-2,55;35145916;29,27;AL;NEGATIF;NOTR;NEGATIF;ARTIYOR;SAT;SAT;NOTR;1;01.09.2026
TOASO;izle;;21,4;3,8;13,2;4,4;0;0;zayif;17,6;42,3;51,3;asagi;zayif;zayif;asagi;0,96;-1,47;0;268;-1,20;956919728;292,97;AL;NEGATIF;NOTR;POZITIF;AZALIYOR;SAT;SAT;NOTR;2;01.09.2026
A1CAP;izle;;21,4;1,6;9,8;10,0;6;0;zayif;23,6;31,0;56,6;asagi;zayif;zayif;asagi;1,59;-4,73;3;7,72;-3,74;104765951;8,80;AL;NEGATIF;SAT;NEGATIF;ARTIYOR;SAT;SAT;UCUZ (AL);1;01.09.2026
A1YEN;izle;;21,3;0,5;12,9;8,0;0;0;zayif;15,3;41,3;71,0;asagi;zayif;zayif;asagi;0,39;-1,57;1;2,71;-1,45;24240335;2,98;AL;NEGATIF;NOTR;NEGATIF;AZALIYOR;SAT;SAT;NOTR;1;01.09.2026
YYAPI;izle;;21,3;2,4;7,9;11,0;0;0;zayif;37,2;38,0;35,6;asagi;zayif;zayif;asagi;1,76;-4,05;0;0,81;2,53;5194450;0,85;SAT;NEGATIF;SAT;NEGATIF;ARTIYOR;SAT;AL;UCUZ (AL);1;01.09.2026
BINHO;izle;;21,3;12,9;7,8;0,5;0;0;zayif;19,1;39,9;65,0;asagi;zayif;zayif;asagi;0,72;-1,01;2;9,58;-1,64;202130097;11,61;SAT;NEGATIF;NOTR;NEGATIF;AZALIYOR;SAT;SAT;NOTR;0;01.09.2026
ISFIN;izle;;21,1;7,7;7,3;6,1;20;1;zayif;16,0;37,4;38,0;asagi;zayif;zayif;asagi;0,67;-1,18;4;19,4;-0,10;25994312;20,57;SAT;NEGATIF;NOTR;NEGATIF;AZALIYOR;SAT;SAT;NOTR;0;01.09.2026
THYAO;izle;;21,1;4,4;13,3;3,4;0;0;zayif;13,1;41,7;39,2;asagi;zayif;zayif;asagi;0,75;-1,37;2;301,5;-0,25;10443964824;321,77;AL;NEGATIF;NOTR;POZITIF;AZALIYOR;SAT;SAT;NOTR;2;01.09.2026
KOPOL;izle;;20,9;0,7;12,2;8,0;0;0;zayif;17,2;39,1;59,4;asagi;zayif;zayif;asagi;0,60;-1,89;1;5,39;-2,00;40376107;6,06;AL;NEGATIF;NOTR;NEGATIF;AZALIYOR;SAT;SAT;NOTR;1;01.09.2026
INTEM;izle;;20,8;9,5;7,2;4,1;6;0;zayif;23,1;40,8;47,1;yukari;zayif;zayif;asagi;0,64;-1,53;3;245,7;-1,92;10086722;237,10;SAT;NEGATIF;SAT;NEGATIF;ARTIYOR;SAT;SAT;NOTR;0;01.09.2026
SKBNK;izle;;20,7;2,4;10,2;8,0;0;0;zayif;46,3;32,5;64,3;asagi;zayif;zayif;asagi;0,69;-7,26;0;6,32;1,28;700754825;7,36;AL;NEGATIF;SAT;POZITIF;AZALIYOR;AL;SAT;NOTR;3;01.09.2026
VESBE;izle;;20,7;1,9;9,6;9,1;0;0;zayif;17,0;30,5;45,4;asagi;zayif;zayif;asagi;1,00;-3,22;1;5,28;-1,31;51788009;5,68;AL;NEGATIF;NOTR;NEGATIF;ARTIYOR;AL;AL;UCUZ (AL);3;01.09.2026
DOGUB;izle;;20,6;3,6;8,0;8,9;6;0;zayif;16,7;38,4;31,1;asagi;zayif;zayif;asagi;1,24;-2,32;3;67,3;9,97;29009800;78,65;SAT;NEGATIF;NOTR;NEGATIF;ARTIYOR;SAT;AL;NOTR;1;01.09.2026
IHEVA;izle;;20,6;4,2;13,8;2,6;6;0;zayif;22,9;41,6;52,1;asagi;zayif;zayif;asagi;0,66;-1,53;3;1,96;-0,51;1526023;2,09;AL;NEGATIF;AL;NEGATIF;AZALIYOR;SAT;SAT;UCUZ (AL);2;01.09.2026
BURCE;izle;;20,6;1,5;11,0;8,0;0;0;zayif;15,9;35,1;74,2;asagi;zayif;zayif;asagi;0,45;-2,69;1;34,4;-1,49;30009941;39,07;AL;NEGATIF;NOTR;NEGATIF;AZALIYOR;SAT;SAT;NOTR;1;01.09.2026
LIDER;izle;;20,4;2,4;8,0;10,0;6;0;zayif;46,5;22,1;15,8;asagi;zayif;zayif;asagi;2,27;-7,63;3;31,24;-4,00;2185311008;45,02;AL;NEGATIF;SAT;NEGATIF;AZALIYOR;AL;AL;UCUZ (AL);3;01.09.2026
MRSHL;izle;;20,4;13,4;7,0;0,0;0;0;zayif;18,2;39,6;52,6;yukari;zayif;zayif;asagi;0,46;-1,35;2;1585;-3,12;41804375;1560,78;SAT;NEGATIF;NOTR;NEGATIF;AZALIYOR;SAT;AL;NOTR;1;01.09.2026
HOROZ;izle;;20,3;9,1;6,8;4,4;0;0;zayif;20,1;40,2;48,2;yukari;zayif;zayif;asagi;0,96;-1,40;1;58,5;0,17;158755019;58,38;SAT;NEGATIF;SAT;NEGATIF;ARTIYOR;SAT;SAT;NOTR;0;01.09.2026
SUWEN;izle;;20,3;0,0;7,6;12,7;0;0;zayif;11,7;41,2;31,8;asagi;zayif;zayif;asagi;0,98;-1,75;1;6,17;2,66;28261031;7,06;SAT;NEGATIF;NOTR;NEGATIF;ARTIYOR;SAT;AL;UCUZ (AL);1;01.09.2026
KAPLM;izle;;20,2;4,7;11,6;4,0;0;0;zayif;24,2;36,9;46,3;asagi;zayif;zayif;asagi;0,57;-2,82;2;407,75;-1,15;20350395;462,32;AL;NEGATIF;SAT;NEGATIF;AZALIYOR;SAT;SAT;NOTR;1;01.09.2026
TMSN;izle;;20,1;0,7;11,4;8,0;0;0;zayif;13,8;36,5;63,5;asagi;zayif;zayif;asagi;0,65;-2,95;1;74,7;-0,33;25249123;81,05;AL;NEGATIF;NOTR;NEGATIF;AZALIYOR;AL;SAT;UCUZ (AL);2;01.09.2026
EKOS;izle;;20,1;1,2;9,9;9,0;10;1;zayif;20,5;31,4;56,5;asagi;zayif;zayif;asagi;1,24;-3,46;1;5,09;-3,78;65835053;5,87;AL;NEGATIF;SAT;NEGATIF;ARTIYOR;SAT;SAT;NOTR;1;01.09.2026
AKGRT;izle;;20,0;2,2;10,2;7,7;10;0;zayif;27,9;32,4;46,9;asagi;zayif;zayif;asagi;1,12;-3,66;5;6,17;-0,80;72215926;6,56;AL;NEGATIF;SAT;NEGATIF;ARTIYOR;AL;SAT;NOTR;2;01.09.2026
KTSKR;izle;;19,9;3,0;9,9;7,0;6;0;zayif;11,6;31,3;45,0;asagi;zayif;zayif;asagi;1,12;-3,39;3;79;-0,63;42230714;89,73;AL;NEGATIF;NOTR;NEGATIF;AZALIYOR;SAT;SAT;NOTR;1;01.09.2026
BAYRK;izle;;19,7;3,5;8,3;8,0;32;3;zayif;20,9;42,7;57,1;asagi;zayif;zayif;asagi;0,40;-1,39;1;4,24;-0,24;18457437;4,79;SAT;NEGATIF;AL;NEGATIF;AZALIYOR;SAT;SAT;UCUZ (AL);1;01.09.2026
OYAYO;izle;;19,7;8,0;8,3;3,4;0;0;zayif;7,9;39,2;36,5;yukari;zayif;zayif;asagi;0,91;-1,97;2;42,54;-0,23;2785902;41,73;SAT;NEGATIF;NOTR;NEGATIF;AZALIYOR;AL;AL;UCUZ (AL);2;01.09.2026
INVEO;izle;;19,7;0,0;11,7;8,0;0;0;zayif;11,5;37,2;36,7;asagi;zayif;zayif;asagi;0,57;-2,29;1;6,84;-0,15;20090455;7,55;AL;NEGATIF;NOTR;NEGATIF;AZALIYOR;SAT;SAT;UCUZ (AL);1;01.09.2026
ORMA;izle;;19,6;8,2;7,2;4,2;10;0;zayif;13,6;40,1;27,6;yukari;zayif;zayif;asagi;0,95;-2,52;4;157,7;-1,68;1137648;153,19;SAT;NEGATIF;NOTR;NEGATIF;AZALIYOR;SAT;AL;NOTR;1;01.09.2026
KMPUR;izle;;19,5;13,8;4,1;1,6;6;0;zayif;23,7;36,9;32,4;asagi;zayif;zayif;asagi;0,80;-1,68;3;18,66;1,03;49778592;21,56;SAT;NEGATIF;SAT;NEGATIF;AZALIYOR;SAT;AL;NOTR;1;01.09.2026
DMSAS;izle;;19,5;3,8;6,7;9,0;22;2;zayif;21,7;38,5;62,3;asagi;zayif;zayif;asagi;0,75;-1,42;1;8,3;-3,49;15463572;9,08;SAT;NEGATIF;AL;NEGATIF;ARTIYOR;SAT;SAT;UCUZ (AL);1;01.09.2026
FONET;izle;;19,3;13,2;6,1;0,0;28;2;zayif;13,4;38,1;42,8;asagi;zayif;zayif;asagi;0,69;-1,40;3;4,9;-2,00;78040992;5,57;SAT;NEGATIF;NOTR;NEGATIF;AZALIYOR;SAT;SAT;NOTR;0;01.09.2026
MEGAP;izle;;19,2;9,4;9,8;0,1;0;0;zayif;22,1;30,8;34,4;yukari;zayif;zayif;asagi;0,71;-5,94;1;1,71;0,00;704886;1,70;AL;NEGATIF;SAT;NEGATIF;AZALIYOR;SAT;SAT;UCUZ (AL);1;01.09.2026
EGSER;izle;;19,0;3,8;7,2;8,0;0;0;zayif;21,8;39,6;73,8;asagi;zayif;zayif;asagi;0,23;-1,51;1;2,86;-1,72;2090437;3,13;SAT;NEGATIF;AL;NEGATIF;AZALIYOR;SAT;SAT;NOTR;1;01.09.2026
CIMSA;izle;;19,0;0,2;11,3;7,5;0;0;zayif;13,8;35,9;54,1;asagi;zayif;zayif;asagi;1,04;-2,44;2;43,8;-1,97;410730777;48,41;AL;NEGATIF;NOTR;NEGATIF;ARTIYOR;SAT;SAT;NOTR;1;01.09.2026
KZBGY;izle;;18,9;2,4;9,9;6,6;0;0;zayif;29,6;31,4;41,8;asagi;zayif;zayif;asagi;1,10;-5,09;0;1,9;-2,06;67274892;2,12;AL;NEGATIF;SAT;NEGATIF;ARTIYOR;SAT;SAT;UCUZ (AL);1;01.09.2026
DESPC;izle;;18,9;4,1;14,8;0,0;0;0;zayif;22,6;44,3;63,7;asagi;zayif;zayif;asagi;0,69;-1,08;2;39,94;-1,82;19244769;45,83;AL;NEGATIF;AL;NEGATIF;AZALIYOR;SAT;SAT;NOTR;2;01.09.2026
HUBVC;izle;;18,9;0,8;8,1;10,0;10;0;zayif;18,0;38,5;28,6;asagi;zayif;zayif;asagi;1,45;-2,53;4;2,51;3,29;6534589;2,75;SAT;NEGATIF;NOTR;NEGATIF;ARTIYOR;AL;AL;NOTR;2;01.09.2026
YEOTK;izle;;18,6;13,1;5,5;0,0;10;0;zayif;12,5;35,7;38,7;asagi;zayif;zayif;asagi;0,65;-2,27;4;33,5;-2,28;342508456;39,60;SAT;NEGATIF;NOTR;NEGATIF;AZALIYOR;SAT;SAT;NOTR;0;01.09.2026
PENGD;izle;;18,5;2,4;8,7;7,3;10;0;zayif;32,4;27,3;21,6;asagi;zayif;zayif;asagi;1,14;-4,40;4;8,95;-0,89;23466273;9,71;AL;NEGATIF;SAT;NEGATIF;AZALIYOR;SAT;AL;NOTR;2;01.09.2026
BARMA;izle;;18,4;2,4;8,0;8,0;0;0;zayif;71,3;11,6;54,6;asagi;zayif;zayif;asagi;0,39;-15,53;2;8,5;-5,56;7317625;11,87;AL;NEGATIF;SAT;NEGATIF;AZALIYOR;AL;SAT;UCUZ (AL);2;01.09.2026
INGRM;izle;;18,2;0,6;7,6;10,0;6;0;zayif;16,5;39,7;64,1;asagi;zayif;zayif;asagi;4,39;-1,38;3;378;0,00;68513256;411,43;SAT;NEGATIF;NOTR;NEGATIF;ARTIYOR;SAT;SAT;NOTR;0;01.09.2026
ONCSM;izle;;18,0;3,5;4,5;10,0;0;0;zayif;16,0;32,8;61,9;asagi;zayif;zayif;asagi;1,31;-2,66;2;215,9;-3,62;187135643;257,98;SAT;NEGATIF;NOTR;NEGATIF;ARTIYOR;SAT;SAT;NOTR;0;01.09.2026
MARMR;izle;;18,0;10,4;6,6;1,1;0;0;zayif;29,5;40,7;51,3;yukari;zayif;zayif;asagi;0,38;-1,41;1;2,23;-1,33;69762660;2,19;SAT;NEGATIF;SAT;NEGATIF;AZALIYOR;SAT;SAT;NOTR;0;01.09.2026
TABGD;izle;;18,0;4,2;5,3;8,5;10;0;zayif;20,5;37,5;23,8;asagi;zayif;zayif;asagi;1,21;-1,75;5;232,7;-1,31;194153710;260,68;SAT;NEGATIF;SAT;NEGATIF;AZALIYOR;SAT;AL;NOTR;1;01.09.2026
TCELL;izle;;17,8;1,3;4,8;11,6;6;0;zayif;21,9;34,8;39,1;asagi;zayif;zayif;asagi;1,91;-2,68;3;96,55;1,58;5854515481;105,37;SAT;NEGATIF;SAT;NEGATIF;AZALIYOR;SAT;SAT;NOTR;0;01.09.2026
MEDTR;izle;;17,7;1,1;13,1;3,5;0;0;zayif;19,8;42,1;52,2;asagi;zayif;zayif;asagi;0,89;-1,99;2;25,26;-0,08;6526628;26,93;AL;NEGATIF;NOTR;NEGATIF;AZALIYOR;SAT;SAT;NOTR;1;01.09.2026
LIDFA;izle;;17,7;0,0;12,1;5,6;0;0;zayif;11,6;38,6;46,5;asagi;zayif;zayif;asagi;0,80;-2,10;2;2,6;-2,62;21924612;2,91;AL;NEGATIF;NOTR;NEGATIF;ARTIYOR;SAT;SAT;NOTR;1;01.09.2026
BULGS;izle;;17,7;2,4;5,2;10,0;6;0;zayif;34,4;29,1;24,6;asagi;zayif;zayif;asagi;1,49;-3,60;3;32,36;1,76;117919031;34,96;SAT;NEGATIF;SAT;NEGATIF;ARTIYOR;AL;AL;UCUZ (AL);2;01.09.2026
TAVHL;izle;;17,7;0,0;5,6;12,1;10;0;zayif;11,9;37,5;50,8;asagi;zayif;zayif;asagi;1,86;-1,72;4;260,25;-1,79;1756217749;291,96;SAT;NEGATIF;NOTR;NEGATIF;ARTIYOR;SAT;SAT;NOTR;0;01.09.2026
PNLSN;izle;;17,7;11,3;6,2;0,1;0;0;zayif;14,0;38,6;62,9;yukari;zayif;zayif;asagi;0,52;-1,87;1;40,78;-0,63;23313722;40,62;SAT;NEGATIF;NOTR;NEGATIF;AZALIYOR;SAT;SAT;NOTR;0;01.09.2026
CWENE;izle;;17,5;9,6;7,9;0,0;6;0;zayif;12,3;41,9;24,7;asagi;zayif;zayif;asagi;0,36;-1,39;3;34,52;-7,95;1699682366;42,91;SAT;NEGATIF;NOTR;NEGATIF;ARTIYOR;SAT;SAT;NOTR;0;01.09.2026
HEKTS;izle;;17,4;1,8;10,4;5,2;0;0;zayif;24,9;33,1;47,7;asagi;zayif;zayif;asagi;1,01;-3,28;2;2,71;-0,73;834676119;2,99;AL;NEGATIF;SAT;NEGATIF;AZALIYOR;SAT;SAT;NOTR;1;01.09.2026
NATEN;izle;;17,2;0,3;10,0;6,9;0;0;zayif;14,5;31,8;53,2;asagi;zayif;zayif;asagi;1,11;-3,66;2;5,29;-3,64;44966566;5,96;AL;NEGATIF;NOTR;NEGATIF;ARTIYOR;SAT;SAT;UCUZ (AL);1;01.09.2026
IHAAS;izle;;17,1;9,3;7,8;0,0;6;0;zayif;21,5;42,3;47,4;yukari;zayif;zayif;asagi;0,54;-1,81;3;52;0,10;38949092;51,22;SAT;NEGATIF;SAT;NEGATIF;AZALIYOR;SAT;SAT;NOTR;0;01.09.2026
ELITE;izle;;17,1;1,5;11,5;4,0;10;1;zayif;23,1;36,8;48,1;asagi;zayif;zayif;asagi;0,70;-3,14;2;27,02;-0,81;30906152;29,95;AL;NEGATIF;SAT;NEGATIF;AZALIYOR;SAT;SAT;NOTR;1;01.09.2026
SISE;izle;;17,0;0,8;12,5;3,7;0;0;zayif;18,1;39,9;47,5;asagi;zayif;zayif;asagi;0,85;-2,26;1;39,56;-0,15;1970418801;42,02;AL;NEGATIF;NOTR;POZITIF;AZALIYOR;SAT;SAT;NOTR;2;01.09.2026
IHYAY;izle;;17,0;5,5;11,5;0,0;22;2;zayif;26,2;36,5;37,7;asagi;zayif;zayif;asagi;0,56;-3,24;2;1,21;-0,82;2291211;1,34;AL;NEGATIF;AL;NEGATIF;AZALIYOR;SAT;AL;UCUZ (AL);3;01.09.2026
TLMAN;izle;;16,9;5,2;11,7;0,0;0;0;zayif;25,5;37,3;58,0;asagi;zayif;zayif;asagi;0,61;-2,33;2;78,05;-2,25;8389126;85,09;AL;NEGATIF;AL;NEGATIF;ARTIYOR;SAT;SAT;UCUZ (AL);2;01.09.2026
ARZUM;izle;;16,9;3,6;13,3;0,0;0;0;zayif;21,3;42,6;74,2;asagi;zayif;zayif;asagi;0,28;-2,42;1;1,63;-0,61;10469518;1,83;AL;NEGATIF;AL;NEGATIF;AZALIYOR;SAT;SAT;UCUZ (AL);2;01.09.2026
GRSEL;izle;;16,9;4,9;1,2;10,8;0;0;zayif;26,2;28,0;0,0;asagi;zayif;zayif;asagi;1,38;-2,45;2;300;0,00;141880200;332,83;SAT;NEGATIF;SAT;NEGATIF;ARTIYOR;SAT;SAT;NOTR;0;01.09.2026
BRMEN;izle;;16,9;14,5;2,4;0,0;10;0;zayif;22,8;31,8;12,5;asagi;zayif;zayif;asagi;0,69;-3,40;4;13,05;0,38;2583665;15,17;SAT;NEGATIF;SAT;NEGATIF;AZALIYOR;SAT;AL;NOTR;1;01.09.2026
KIMMR;izle;;16,8;2,4;10,4;4,0;0;0;zayif;32,9;32,9;38,3;asagi;zayif;zayif;asagi;0,70;-3,67;1;13,39;0,37;9766853;14,39;AL;NEGATIF;SAT;NEGATIF;AZALIYOR;SAT;SAT;NOTR;1;01.09.2026
LKMNH;izle;;16,8;2,4;12,8;1,6;0;0;zayif;37,8;41,0;48,7;asagi;zayif;zayif;asagi;0,42;-1,95;2;13,46;-0,15;8327890;14,48;AL;NEGATIF;SAT;NEGATIF;ARTIYOR;SAT;SAT;UCUZ (AL);1;01.09.2026
HTTBT;izle;;16,7;0,1;4,7;11,9;10;0;zayif;12,8;32,9;46,2;asagi;zayif;zayif;asagi;1,32;-2,57;4;35,4;-1,39;21943221;38,27;SAT;NEGATIF;NOTR;NEGATIF;ARTIYOR;SAT;SAT;UCUZ (AL);0;01.09.2026
RUZYE;izle;;16,5;9,4;7,2;0,0;0;0;zayif;22,0;39,0;55,4;yukari;zayif;zayif;asagi;0,49;-2,24;1;8,33;-3,14;27793495;8,09;SAT;NEGATIF;SAT;NEGATIF;ARTIYOR;SAT;SAT;UCUZ (AL);0;01.09.2026
GZNMI;izle;;16,5;0,0;6,5;10,0;6;0;zayif;10,4;38,1;42,2;asagi;zayif;zayif;asagi;1,39;-2,03;3;53,6;-6,78;126345009;65,91;SAT;NEGATIF;NOTR;NEGATIF;ARTIYOR;SAT;AL;UCUZ (AL);1;01.09.2026
SAMAT;izle;;16,4;2,9;13,5;0,0;0;0;zayif;19,5;43,2;32,2;asagi;zayif;zayif;asagi;0,40;-1,57;1;5,36;-0,19;2880062;5,96;AL;NEGATIF;NOTR;POZITIF;AZALIYOR;SAT;SAT;NOTR;2;01.09.2026
NUHCM;izle;;16,3;0,7;7,4;8,3;6;0;zayif;16,8;38,6;36,2;asagi;zayif;zayif;asagi;0,93;-1,73;3;213;-1,43;13329114;228,04;SAT;NEGATIF;NOTR;NEGATIF;AZALIYOR;SAT;SAT;NOTR;0;01.09.2026
UNLU;izle;;16,3;1,9;11,9;2,4;0;0;zayif;26,3;38,1;50,4;asagi;zayif;zayif;asagi;0,84;-2,91;2;10,76;-2,00;7603027;11,69;AL;NEGATIF;SAT;POZITIF;AZALIYOR;SAT;SAT;UCUZ (AL);2;01.09.2026
BEYAZ;izle;;16,0;0,0;6,0;10,0;0;0;zayif;10,3;35,2;32,8;asagi;zayif;zayif;asagi;2,09;-2,61;2;22,36;-2,87;34982779;25,07;SAT;NEGATIF;NOTR;NEGATIF;ARTIYOR;SAT;SAT;NOTR;0;01.09.2026
ENSRI;izle;;16,0;0,0;12,8;3,3;0;0;zayif;11,0;40,9;31,3;asagi;zayif;zayif;asagi;0,90;-4,88;2;5,02;-1,38;116346291;6,08;AL;NEGATIF;NOTR;NEGATIF;AZALIYOR;SAT;SAT;UCUZ (AL);1;01.09.2026
LYDHO;izle;;15,9;5,4;0,5;10,0;10;0;zayif;31,1;12,4;36,4;asagi;zayif;zayif;asagi;1,69;-4,69;5;143,2;-3,24;104221676;164,87;SAT;NEGATIF;SAT;NEGATIF;ARTIYOR;SAT;SAT;NOTR;0;01.09.2026
LMKDC;izle;;15,7;8,5;5,5;1,7;16;1;zayif;15,8;35,7;38,9;yukari;zayif;zayif;asagi;0,80;-2,96;3;23;-1,71;82905478;22,85;SAT;NEGATIF;NOTR;NEGATIF;AZALIYOR;SAT;SAT;UCUZ (AL);0;01.09.2026
DAPGM;izle;;15,5;0,2;5,3;10,0;0;0;zayif;13,8;33,6;35,4;asagi;zayif;zayif;asagi;1,58;-2,77;2;7,76;-4,32;1140379639;9,11;SAT;NEGATIF;NOTR;NEGATIF;ARTIYOR;SAT;SAT;UCUZ (AL);0;01.09.2026
SUNTK;izle;;15,4;11,1;4,3;0,0;6;0;zayif;20,2;36,5;35,0;asagi;zayif;zayif;asagi;0,17;-1,61;3;33,24;-2,06;14530766;41,86;SAT;NEGATIF;SAT;NEGATIF;AZALIYOR;SAT;SAT;NOTR;0;01.09.2026
GRNYO;izle;;15,3;2,0;4,4;8,9;10;0;zayif;26,8;30,8;21,4;asagi;zayif;zayif;asagi;1,23;-3,71;5;12,7;-4,37;4385424;14,89;SAT;NEGATIF;SAT;NEGATIF;ARTIYOR;SAT;SAT;NOTR;0;01.09.2026
KOTON;izle;;15,2;0,5;11,5;3,2;6;0;zayif;15,9;36,5;55,0;asagi;zayif;zayif;asagi;0,89;-2,94;3;12,39;-1,35;23625066;13,37;AL;NEGATIF;NOTR;NEGATIF;ARTIYOR;SAT;SAT;UCUZ (AL);1;01.09.2026
SOKE;izle;;15,2;3,7;1,5;10,0;0;0;zayif;17,0;20,1;15,1;asagi;zayif;zayif;asagi;2,39;-5,06;2;11,81;-7,59;82130413;14,05;SAT;NEGATIF;NOTR;NEGATIF;ARTIYOR;SAT;SAT;NOTR;0;01.09.2026
SKYLP;izle;;15,2;3,8;4,5;6,8;6;0;zayif;18,0;34,3;26,4;asagi;zayif;zayif;asagi;1,11;-2,72;3;217,8;-4,47;15482749;269,70;SAT;NEGATIF;NOTR;NEGATIF;ARTIYOR;SAT;SAT;NOTR;0;01.09.2026
MTRYO;izle;;15,1;1,2;12,3;1,6;16;1;zayif;20,8;39,3;42,5;asagi;zayif;zayif;asagi;0,79;-1,52;3;8,73;-1,80;2100787;9,63;AL;NEGATIF;SAT;POZITIF;AZALIYOR;SAT;SAT;NOTR;2;01.09.2026
GENTS;izle;;15,1;0,9;11,6;2,6;0;0;zayif;18,3;37,2;51,9;asagi;zayif;zayif;asagi;0,85;-3,78;0;5,13;0,00;27158564;5,59;AL;NEGATIF;NOTR;POZITIF;AZALIYOR;SAT;SAT;UCUZ (AL);2;01.09.2026
YUNSA;izle;;15,0;3,8;1,3;10,0;10;0;zayif;17,5;24,7;16,6;asagi;zayif;zayif;asagi;1,87;-4,74;4;7,62;-5,11;70703816;8,60;SAT;NEGATIF;NOTR;NEGATIF;ARTIYOR;SAT;AL;NOTR;1;01.09.2026
VKFYO;izle;;14,9;1,9;13,0;0,0;0;0;zayif;16,9;41,5;55,8;asagi;zayif;zayif;asagi;0,61;-2,04;1;22,76;-1,90;3364065;25,77;AL;NEGATIF;NOTR;POZITIF;AZALIYOR;SAT;SAT;UCUZ (AL);2;01.09.2026
BSOKE;izle;;14,8;4,3;0,5;10,0;10;0;zayif;21,6;23,8;5,9;asagi;zayif;zayif;asagi;3,83;-3,68;4;26,88;2,21;843738551;31,87;SAT;NEGATIF;SAT;NEGATIF;ARTIYOR;SAT;AL;NOTR;1;01.09.2026
DOFER;izle;;14,8;8,1;5,6;1,0;0;0;zayif;12,8;36,2;62,8;yukari;zayif;zayif;asagi;0,76;-2,52;2;27,44;-2,00;15692113;27,00;SAT;NEGATIF;NOTR;NEGATIF;AZALIYOR;SAT;SAT;UCUZ (AL);0;01.09.2026
BAKAB;izle;;14,5;3,7;6,5;4,3;10;0;zayif;16,8;33,4;20,2;asagi;zayif;zayif;asagi;0,96;-3,13;5;39,3;2,45;14517499;43,91;SAT;NEGATIF;NOTR;NEGATIF;AZALIYOR;SAT;AL;NOTR;1;01.09.2026
VAKKO;izle;;14,5;0,4;13,2;0,9;0;0;zayif;13,0;41,4;55,4;asagi;zayif;zayif;asagi;0,76;-1,38;2;65,8;-0,98;10170640;72,32;AL;NEGATIF;NOTR;NEGATIF;ARTIYOR;SAT;SAT;NOTR;1;01.09.2026
AHSGY;izle;;14,5;3,0;2,4;9,1;10;0;zayif;11,8;27,7;44,1;asagi;zayif;zayif;asagi;1,24;-3,16;4;16,3;-2,63;33420640;18,95;SAT;NEGATIF;NOTR;NEGATIF;ARTIYOR;SAT;SAT;NOTR;0;01.09.2026
ICUGS;izle;;14,5;3,2;1,3;10,0;10;0;zayif;13,6;24,4;50,4;asagi;zayif;zayif;asagi;2,39;-3,51;4;4,28;-9,89;98755997;5,46;SAT;NEGATIF;NOTR;NEGATIF;ARTIYOR;SAT;SAT;NOTR;0;01.09.2026
ULUFA;izle;;14,5;0,6;8,5;5,4;0;0;zayif;16,7;43,6;49,6;asagi;zayif;zayif;asagi;0,34;-1,60;2;1,66;1,22;14739354;1,81;SAT;NEGATIF;NOTR;NEGATIF;AZALIYOR;SAT;SAT;NOTR;0;01.09.2026
KRTEK;izle;;14,4;8,8;5,6;0,0;10;0;zayif;17,7;30,4;18,9;yukari;zayif;zayif;asagi;0,32;-3,27;4;5,18;-1,89;2172471;5,18;SAT;NEGATIF;NOTR;NEGATIF;ARTIYOR;SAT;SAT;UCUZ (AL);0;01.09.2026
BEGYO;izle;;14,3;1,3;13,0;0,0;6;0;zayif;21,3;41,8;57,9;asagi;zayif;zayif;asagi;0,67;-2,13;3;3,5;-0,85;9073537;3,76;AL;NEGATIF;SAT;NEGATIF;AZALIYOR;SAT;SAT;UCUZ (AL);1;01.09.2026
EGEEN;izle;;14,3;0,3;4,6;9,4;0;0;zayif;14,2;31,9;42,0;asagi;zayif;zayif;asagi;1,14;-3,28;2;4987,5;-1,72;55540800;5376,14;SAT;NEGATIF;NOTR;NEGATIF;ARTIYOR;SAT;SAT;UCUZ (AL);0;01.09.2026
MHRGY;izle;;14,3;0,1;11,2;2,9;10;1;zayif;12,8;35,7;47,6;asagi;zayif;zayif;asagi;0,88;-2,93;2;3,22;-0,92;8100731;3,52;AL;NEGATIF;NOTR;NEGATIF;AZALIYOR;SAT;SAT;NOTR;1;01.09.2026
BTCIM;izle;;14,3;2,4;1,8;10,0;10;0;zayif;41,7;20,1;25,0;asagi;zayif;zayif;asagi;1,71;-5,18;4;4;-2,20;686876428;4,57;SAT;NEGATIF;SAT;NEGATIF;ARTIYOR;SAT;SAT;NOTR;0;01.09.2026
AKYHO;izle;;14,2;1,0;3,3;10,0;6;0;zayif;19,1;27,8;22,7;asagi;zayif;zayif;asagi;3,32;-3,12;3;2,06;-2,83;7861632;2,32;SAT;NEGATIF;NOTR;NEGATIF;ARTIYOR;SAT;SAT;UCUZ (AL);0;01.09.2026
GSDHO;izle;;14,2;3,0;11,2;0,0;10;0;zayif;11,6;35,7;40,6;asagi;zayif;zayif;asagi;0,64;-2,88;5;4,54;-1,09;35852457;5,08;AL;NEGATIF;NOTR;NEGATIF;AZALIYOR;SAT;SAT;NOTR;1;01.09.2026
SUMAS;izle;;14,1;1,7;12,2;0,2;0;0;zayif;24,2;38,9;32,4;asagi;zayif;zayif;asagi;0,71;-3,66;1;273;0,74;576303;291,52;AL;NEGATIF;SAT;NEGATIF;AZALIYOR;AL;AL;NOTR;3;01.09.2026
BIGCH;izle;;14,0;0,0;4,0;10,0;0;0;zayif;9,1;30,4;49,9;asagi;zayif;zayif;asagi;1,46;-3,07;2;5,57;-3,97;57919222;6,69;SAT;NEGATIF;NOTR;NEGATIF;ARTIYOR;SAT;SAT;UCUZ (AL);0;01.09.2026
ATEKS;izle;;14,0;4,2;6,4;3,3;10;0;zayif;21,1;39,8;48,2;asagi;zayif;zayif;asagi;0,90;-2,76;4;96,5;-1,53;1274476;109,64;SAT;NEGATIF;SAT;NEGATIF;AZALIYOR;SAT;AL;NOTR;1;01.09.2026
QNBTR;izle;;14,0;2,4;11,5;0,0;0;0;zayif;40,3;36,7;43,5;asagi;zayif;zayif;asagi;0,42;-4,81;2;187,6;-0,21;1043619;197,73;AL;NEGATIF;SAT;NEGATIF;AZALIYOR;SAT;SAT;UCUZ (AL);1;01.09.2026
AVHOL;izle;;13,9;0,4;5,5;8,0;0;0;zayif;15,0;35,7;35,1;asagi;zayif;zayif;asagi;0,32;-2,73;2;34,98;-1,58;26909589;38,68;SAT;NEGATIF;NOTR;NEGATIF;AZALIYOR;SAT;SAT;NOTR;0;01.09.2026
ARCLK;izle;;13,9;0,0;3,7;10,2;0;0;zayif;12,0;29,0;36,2;asagi;zayif;zayif;asagi;1,19;-3,98;2;90,25;-0,44;167361676;96,21;SAT;NEGATIF;NOTR;NEGATIF;ARTIYOR;SAT;SAT;UCUZ (AL);0;01.09.2026
VKING;izle;;13,9;2,4;4,5;6,9;6;0;zayif;35,8;30,7;39,9;asagi;zayif;zayif;asagi;1,12;-3,20;3;20,96;-2,24;8197666;23,16;SAT;NEGATIF;SAT;NEGATIF;AZALIYOR;SAT;SAT;UCUZ (AL);0;01.09.2026
SAFKR;izle;;13,7;1,9;1,8;10,0;16;1;zayif;25,9;26,6;26,7;asagi;zayif;zayif;asagi;1,35;-4,43;3;16,83;-6,24;77490032;19,66;SAT;NEGATIF;SAT;NEGATIF;ARTIYOR;SAT;SAT;UCUZ (AL);0;01.09.2026
MERKO;izle;;13,7;1,2;8,5;4,0;0;0;zayif;20,5;26,8;48,0;asagi;zayif;zayif;asagi;0,94;-5,47;2;1,24;-4,62;22285074;1,40;AL;NEGATIF;SAT;NEGATIF;ARTIYOR;SAT;SAT;UCUZ (AL);1;01.09.2026
ERBOS;izle;;13,6;0,0;10,6;3,0;0;0;zayif;10,0;33,5;44,4;asagi;zayif;zayif;asagi;0,88;-3,45;2;147,6;-1,27;7346642;159,90;AL;NEGATIF;NOTR;NEGATIF;ARTIYOR;SAT;SAT;UCUZ (AL);1;01.09.2026
LILAK;izle;;13,5;0,5;13,0;0,0;22;2;zayif;16,0;41,5;41,3;asagi;zayif;zayif;asagi;0,65;-2,20;2;28,98;-0,41;53563183;31,00;AL;NEGATIF;NOTR;NEGATIF;AZALIYOR;SAT;SAT;NOTR;1;01.09.2026
OSTIM;izle;;13,5;0,7;10,4;2,4;6;0;zayif;16,9;32,9;56,6;asagi;zayif;zayif;asagi;0,84;-3,52;3;1,51;-1,31;14453098;1,67;AL;NEGATIF;NOTR;NEGATIF;AZALIYOR;SAT;SAT;UCUZ (AL);1;01.09.2026
KRSTL;izle;;13,5;2,4;10,2;0,8;16;1;zayif;30,3;32,4;33,1;asagi;zayif;zayif;asagi;0,75;-3,31;3;9,14;0,11;32066164;9,84;AL;NEGATIF;SAT;NEGATIF;AZALIYOR;SAT;SAT;NOTR;1;01.09.2026
DGATE;izle;;13,4;7,6;4,5;1,2;6;0;zayif;16,3;33,5;30,9;asagi;zayif;zayif;asagi;0,77;-2,06;3;93,1;-3,32;26777794;110,87;SAT;NEGATIF;NOTR;NEGATIF;AZALIYOR;SAT;SAT;NOTR;0;01.09.2026
YAPRK;izle;;13,3;1,4;7,9;4,0;0;0;zayif;15,6;42,0;37,8;asagi;zayif;zayif;asagi;0,27;-1,57;1;10,73;-0,46;18971069;12,20;SAT;NEGATIF;NOTR;NEGATIF;AZALIYOR;SAT;SAT;NOTR;0;01.09.2026
ALFAS;izle;;13,3;0,9;12,4;0,0;38;3;zayif;18,8;39,6;54,1;asagi;zayif;zayif;asagi;0,62;-2,29;3;40;-1,77;52709560;43,63;AL;NEGATIF;NOTR;POZITIF;AZALIYOR;SAT;SAT;NOTR;2;01.09.2026
ASUZU;izle;;13,3;1,8;11,5;0,0;6;0;zayif;25,1;36,6;57,8;asagi;zayif;zayif;asagi;0,50;-3,50;3;47,48;-1,08;11218622;50,78;AL;NEGATIF;SAT;POZITIF;AZALIYOR;SAT;SAT;NOTR;2;01.09.2026
QNBFK;izle;;13,3;3,7;8,6;0,9;10;0;zayif;17,2;40,5;37,3;asagi;zayif;zayif;asagi;0,76;-1,65;4;41,44;-0,48;1020004;45,68;SAT;NEGATIF;NOTR;NEGATIF;AZALIYOR;SAT;SAT;NOTR;0;01.09.2026
BLCYT;izle;;13,2;2,4;0,8;10,0;6;0;zayif;29,7;15,4;58,1;asagi;zayif;zayif;asagi;8,28;-7,84;3;1,98;-90,89;72433740;11,32;SAT;NEGATIF;SAT;NEGATIF;ARTIYOR;SAT;SAT;UCUZ (AL);0;01.09.2026
MEGMT;izle;;13,1;5,4;4,2;3,4;0;0;zayif;39,3;25,8;25,7;asagi;zayif;zayif;asagi;0,90;-5,55;2;45;1,67;346636080;55,44;SAT;NEGATIF;SAT;NEGATIF;AZALIYOR;AL;SAT;NOTR;1;01.09.2026
EKIZ;izle;;13,1;2,4;10,6;0,0;0;0;zayif;40,5;33,7;40,1;asagi;zayif;zayif;asagi;0,52;-5,20;2;58,65;-2,49;393072;64,88;AL;NEGATIF;SAT;NEGATIF;AZALIYOR;AL;AL;UCUZ (AL);3;01.09.2026
MNDTR;izle;;13,0;1,5;11,1;0,3;0;0;zayif;23,4;35,5;57,8;asagi;zayif;zayif;asagi;0,57;-2,71;2;4,92;-0,61;5227574;5,37;AL;NEGATIF;SAT;NEGATIF;AZALIYOR;SAT;SAT;UCUZ (AL);1;01.09.2026
DITAS;izle;;13,0;0,7;12,3;0,0;6;0;zayif;17,4;39,2;59,0;asagi;zayif;zayif;asagi;0,49;-2,59;3;22,86;-4,75;19378948;28,34;AL;NEGATIF;NOTR;NEGATIF;ARTIYOR;SAT;SAT;NOTR;1;01.09.2026
ORCAY;izle;;12,9;0,1;5,4;7,4;6;0;zayif;12,7;33,1;22,3;asagi;zayif;zayif;asagi;1,15;-2,50;3;3,42;0,00;5124077;3,82;SAT;NEGATIF;NOTR;NEGATIF;AZALIYOR;SAT;SAT;NOTR;0;01.09.2026
SILVR;izle;;12,7;0,7;12,0;0,0;0;0;zayif;17,4;38,3;31,8;asagi;zayif;zayif;asagi;0,50;-2,23;2;2,2;-1,35;1474469;2,42;AL;NEGATIF;NOTR;NEGATIF;AZALIYOR;SAT;SAT;UCUZ (AL);1;01.09.2026
EUYO;izle;;12,7;0,5;4,2;8,0;10;1;zayif;15,6;33,0;43,7;asagi;zayif;zayif;asagi;0,39;-2,56;1;4,63;-2,53;2370477;5,38;SAT;NEGATIF;NOTR;NEGATIF;AZALIYOR;SAT;SAT;NOTR;0;01.09.2026
OTTO;izle;;12,7;0,6;2,0;10,0;10;0;zayif;16,8;27,0;26,0;asagi;zayif;zayif;asagi;1,51;-5,11;4;146,5;-2,59;43926267;170,42;SAT;NEGATIF;NOTR;NEGATIF;ARTIYOR;SAT;SAT;UCUZ (AL);0;01.09.2026
FROTO;izle;;12,6;1,9;7,2;3,5;32;3;zayif;26,0;39,5;49,6;asagi;zayif;zayif;asagi;0,79;-2,26;2;77,25;0,39;1311979315;82,71;SAT;NEGATIF;SAT;NEGATIF;AZALIYOR;SAT;SAT;UCUZ (AL);0;01.09.2026
YAYLA;izle;;12,6;7,0;5,6;0,0;38;3;zayif;40,8;37,0;78,8;asagi;zayif;zayif;asagi;0,28;-1,85;3;20,8;-1,05;12246582;24,43;SAT;NEGATIF;AL;NEGATIF;AZALIYOR;SAT;SAT;UCUZ (AL);1;01.09.2026
ALCTL;izle;;12,6;5,4;5,3;1,9;20;1;zayif;44,3;29,2;17,8;asagi;zayif;zayif;asagi;0,81;-3,79;4;116,1;0,52;54211734;134,98;SAT;NEGATIF;SAT;NEGATIF;AZALIYOR;SAT;AL;NOTR;1;01.09.2026
IDGYO;izle;;12,4;2,4;10,0;0,0;0;0;zayif;31,5;31,6;36,4;asagi;zayif;zayif;asagi;0,69;-3,72;1;3;-0,66;3501375;3,47;AL;NEGATIF;SAT;NEGATIF;AZALIYOR;AL;SAT;NOTR;2;01.09.2026
ALKIM;izle;;12,3;0,0;12,3;0,0;0;0;zayif;10,3;39,4;67,7;asagi;zayif;zayif;asagi;0,69;-2,18;2;15,45;-0,19;17920656;16,80;AL;NEGATIF;NOTR;NEGATIF;AZALIYOR;SAT;SAT;NOTR;1;01.09.2026
KONTR;izle;;12,3;2,1;5,5;4,7;10;0;zayif;27,1;33,6;23,5;asagi;zayif;zayif;asagi;0,98;-7,12;4;3,43;-3,92;13758557;3,85;SAT;NEGATIF;SAT;NEGATIF;AZALIYOR;SAT;SAT;UCUZ (AL);0;01.09.2026
LYDYE;izle;;12,2;0,9;1,4;10,0;46;4;zayif;18,4;24,9;36,4;asagi;zayif;zayif;asagi;1,33;-4,22;3;11080;-7,74;23467440;13268,29;SAT;NEGATIF;NOTR;NEGATIF;ARTIYOR;SAT;SAT;NOTR;0;01.09.2026
EMNIS;izle;;12,1;0,6;5,3;6,3;28;2;zayif;16,4;39,4;25,2;asagi;zayif;zayif;asagi;0,83;-2,15;3;151;-1,95;901621;161,71;SAT;NEGATIF;NOTR;NEGATIF;AZALIYOR;SAT;AL;NOTR;1;01.09.2026
QUAGR;izle;;12,1;0,1;6,2;5,7;0;0;zayif;13,0;36,1;64,1;asagi;zayif;zayif;asagi;1,04;-2,33;1;3,11;-2,20;135808071;3,60;SAT;NEGATIF;NOTR;NEGATIF;AZALIYOR;SAT;SAT;NOTR;0;01.09.2026
SEKFK;izle;;12,0;2,0;10,0;0,0;6;0;zayif;27,0;31,7;17,4;asagi;zayif;zayif;asagi;0,38;-3,31;3;4,44;-0,89;1583712;4,97;AL;NEGATIF;SAT;NEGATIF;AZALIYOR;AL;AL;NOTR;3;01.09.2026
KRVGD;izle;;12,0;2,4;9,5;0,0;6;0;zayif;45,3;30,1;21,1;asagi;zayif;zayif;asagi;0,59;-3,80;3;2,27;0,44;10260779;2,44;AL;NEGATIF;SAT;NEGATIF;AZALIYOR;AL;AL;NOTR;3;01.09.2026
PARSN;izle;;11,9;1,2;10,7;0,0;6;0;zayif;21,0;34,0;71,5;asagi;zayif;zayif;asagi;0,41;-2,92;3;70;-0,78;11258380;77,36;AL;NEGATIF;SAT;NEGATIF;AZALIYOR;SAT;SAT;UCUZ (AL);1;01.09.2026
AKSA;izle;;11,9;5,0;6,6;0,3;10;0;zayif;27,0;33,5;18,7;asagi;zayif;zayif;asagi;0,59;-2,78;4;10,7;-0,65;134020014;11,66;SAT;NEGATIF;SAT;NEGATIF;AZALIYOR;SAT;SAT;NOTR;0;01.09.2026
SMART;izle;;11,8;0,7;11,0;0,1;0;0;zayif;17,2;35,1;61,4;asagi;zayif;zayif;asagi;0,70;-3,32;2;22,58;-4,16;17256765;26,21;AL;NEGATIF;NOTR;NEGATIF;ARTIYOR;SAT;SAT;NOTR;1;01.09.2026
TEZOL;izle;;11,8;2,4;9,4;0,0;0;0;zayif;36,9;29,5;40,0;asagi;zayif;zayif;asagi;0,42;-6,20;2;9,37;0,21;33799108;10,75;AL;NEGATIF;SAT;NEGATIF;AZALIYOR;SAT;SAT;UCUZ (AL);1;01.09.2026
TRILC;izle;;11,8;1,6;9,0;1,2;0;0;zayif;23,6;28,4;16,0;asagi;zayif;zayif;asagi;0,77;-10,02;1;1,07;-1,83;3814280;1,14;AL;NEGATIF;SAT;NEGATIF;ARTIYOR;SAT;AL;UCUZ (AL);2;01.09.2026
KLRHO;izle;;11,8;0,1;11,7;0,0;0;0;zayif;12,8;37,2;23,6;asagi;zayif;zayif;asagi;0,38;-4,22;1;66;0,23;84137196;75,34;AL;NEGATIF;NOTR;NEGATIF;AZALIYOR;AL;AL;UCUZ (AL);3;01.09.2026
FZLGY;izle;;11,8;1,6;8,7;1,5;0;0;zayif;23,7;27,3;68,5;asagi;zayif;zayif;asagi;0,79;-4,48;1;8,95;-4,89;154289372;10,85;AL;NEGATIF;SAT;NEGATIF;ARTIYOR;SAT;SAT;UCUZ (AL);1;01.09.2026
CMBTN;izle;;11,6;4,5;7,2;0,0;0;0;zayif;23,5;39,9;53,7;asagi;zayif;zayif;asagi;0,52;-1,48;2;1510;-2,27;20720220;1670,91;SAT;NEGATIF;AL;NEGATIF;AZALIYOR;SAT;SAT;UCUZ (AL);1;01.09.2026
NUGYO;izle;;11,6;2,4;9,2;0,0;0;0;zayif;18,2;42,6;55,6;asagi;zayif;zayif;asagi;0,43;-1,25;1;8,91;-0,34;7106857;9,70;SAT;NEGATIF;NOTR;NEGATIF;AZALIYOR;SAT;SAT;NOTR;0;01.09.2026
FORMT;izle;;11,5;2,4;8,0;1,1;0;0;zayif;33,4;19,2;53,4;asagi;zayif;zayif;asagi;0,77;-6,31;2;1,53;-1,92;23821606;1,70;AL;NEGATIF;SAT;NEGATIF;AZALIYOR;SAT;SAT;UCUZ (AL);1;01.09.2026
SELVA;izle;;11,4;3,5;5,5;2,4;6;0;zayif;20,9;33,7;56,3;asagi;zayif;zayif;asagi;0,85;-3,54;3;1,61;-3,01;45375490;1,83;SAT;NEGATIF;AL;NEGATIF;AZALIYOR;SAT;SAT;UCUZ (AL);1;01.09.2026
AEFES;izle;;11,4;5,2;6,0;0,2;6;0;zayif;28,5;31,5;36,7;asagi;zayif;zayif;asagi;0,69;-3,15;3;18,08;1,35;741631457;19,72;SAT;NEGATIF;SAT;NEGATIF;AZALIYOR;SAT;AL;NOTR;1;01.09.2026
MAVI;izle;;11,3;1,3;6,6;3,3;0;0;zayif;21,9;38,4;47,1;asagi;zayif;zayif;asagi;0,83;-2,47;2;37,08;0,54;116363455;39,76;SAT;NEGATIF;SAT;NEGATIF;AZALIYOR;SAT;SAT;NOTR;0;01.09.2026
OYLUM;izle;;11,3;1,3;9,3;0,7;0;0;zayif;21,4;29,5;22,6;asagi;zayif;zayif;asagi;0,68;-2,40;1;7,11;-0,84;2089807;7,83;AL;NEGATIF;SAT;NEGATIF;AZALIYOR;SAT;SAT;UCUZ (AL);1;01.09.2026
BORLS;izle;;11,3;0,9;10,3;0,0;6;0;zayif;18,8;32,8;36,5;asagi;zayif;zayif;asagi;0,64;-3,12;3;4,13;-2,36;46712898;5,21;AL;NEGATIF;NOTR;NEGATIF;AZALIYOR;SAT;SAT;NOTR;1;01.09.2026
ALCAR;izle;;11,2;0,4;10,9;0,0;6;0;zayif;14,7;34,5;42,1;asagi;zayif;zayif;asagi;0,61;-3,02;3;671;-1,61;18042519;737,49;AL;NEGATIF;NOTR;NEGATIF;AZALIYOR;SAT;SAT;UCUZ (AL);1;01.09.2026
ANGEN;izle;;11,1;0,7;10,4;0,0;0;0;zayif;16,9;33,1;43,6;asagi;zayif;zayif;asagi;0,64;-3,44;1;8,96;-0,55;13234019;9,57;AL;NEGATIF;NOTR;NEGATIF;AZALIYOR;SAT;SAT;UCUZ (AL);1;01.09.2026
IMASM;izle;;11,0;0,4;10,6;0,0;40;4;zayif;14,8;33,7;4,3;asagi;zayif;zayif;asagi;0,39;-4,22;1;2,26;-0,44;26237420;2,53;AL;NEGATIF;NOTR;NEGATIF;AZALIYOR;SAT;SAT;UCUZ (AL);1;01.09.2026
TUREX;izle;;10,9;4,2;6,8;0,0;0;0;zayif;22,7;37,8;52,8;asagi;zayif;zayif;asagi;0,68;-2,69;2;6,35;-1,40;64208698;7,06;SAT;NEGATIF;AL;NEGATIF;AZALIYOR;SAT;SAT;NOTR;1;01.09.2026
RTALB;izle;;10,9;0,0;10,9;0,0;0;0;zayif;9,6;34,6;40,8;asagi;zayif;zayif;asagi;0,65;-3,36;2;2,83;-1,39;32022143;3,11;AL;NEGATIF;NOTR;NEGATIF;AZALIYOR;SAT;SAT;UCUZ (AL);1;01.09.2026
GWIND;izle;;10,8;0,0;10,8;0,0;0;0;zayif;11,1;34,5;52,4;asagi;zayif;zayif;asagi;0,67;-3,10;1;22,5;-0,62;56744325;24,24;AL;NEGATIF;NOTR;NEGATIF;AZALIYOR;SAT;SAT;NOTR;1;01.09.2026
BALSU;izle;;10,8;1,3;9,5;0,0;0;0;zayif;21,5;30,1;39,2;asagi;zayif;zayif;asagi;0,35;-4,24;2;9,6;-3,42;340498109;11,87;AL;NEGATIF;SAT;NEGATIF;AZALIYOR;SAT;SAT;UCUZ (AL);1;01.09.2026
LINK;izle;;10,8;1,7;4,9;4,2;28;2;zayif;24,3;31,6;57,6;asagi;zayif;zayif;asagi;0,71;-3,45;3;5,26;-2,77;67454214;5,97;SAT;NEGATIF;SAT;NEGATIF;ARTIYOR;SAT;SAT;NOTR;0;01.09.2026
YKSLN;izle;;10,6;0,2;10,5;0,0;0;0;zayif;13,2;33,2;41,1;asagi;zayif;zayif;asagi;0,62;-3,21;2;2,68;-0,37;12704701;2,93;AL;NEGATIF;NOTR;NEGATIF;AZALIYOR;SAT;SAT;UCUZ (AL);1;01.09.2026
TATEN;izle;;10,5;1,2;9,3;0,0;0;0;zayif;20,5;29,4;56,6;asagi;zayif;zayif;asagi;0,39;-4,18;1;8,32;-1,19;154969610;10,06;AL;NEGATIF;SAT;NEGATIF;AZALIYOR;SAT;SAT;UCUZ (AL);1;01.09.2026
SURGY;izle;;10,4;2,4;8,0;0,0;0;0;zayif;38,1;13,9;26,8;asagi;zayif;zayif;asagi;0,43;-8,20;1;30,64;-2,42;104487302;38,36;AL;NEGATIF;SAT;NEGATIF;AZALIYOR;AL;AL;UCUZ (AL);3;01.09.2026
DCTTR;izle;;10,4;2,4;8,0;0,0;10;0;zayif;43,6;20,2;23,6;asagi;zayif;zayif;asagi;0,42;-6,99;4;6,24;-3,70;50036045;7,55;AL;NEGATIF;SAT;NEGATIF;AZALIYOR;SAT;SAT;NOTR;1;01.09.2026
MMCAS;izle;;10,3;2,4;3,3;4,6;0;0;zayif;31,6;30,1;28,2;asagi;zayif;zayif;asagi;0,97;-4,73;1;47,28;-0,80;1085312;53,75;SAT;NEGATIF;SAT;NEGATIF;AZALIYOR;SAT;SAT;UCUZ (AL);0;01.09.2026
OBASE;izle;;10,3;3,2;6,1;1,0;6;0;zayif;13,5;36,9;32,9;asagi;zayif;zayif;asagi;0,76;-1,90;3;36,08;-2,49;19140873;41,09;SAT;NEGATIF;NOTR;NEGATIF;AZALIYOR;SAT;SAT;NOTR;0;01.09.2026
MSGYO;izle;;10,2;0,4;7,6;2,2;10;1;zayif;13,0;36,9;22,2;asagi;zayif;zayif;asagi;0,83;-2,11;2;5,68;-0,35;9897996;6,21;SAT;NEGATIF;NOTR;NEGATIF;AZALIYOR;AL;AL;NOTR;2;01.09.2026
ACSEL;izle;;10,2;3,4;5,3;1,5;6;0;zayif;14,8;33,3;36,8;asagi;zayif;zayif;asagi;0,79;-2,76;3;114;-1,64;12244854;128,20;SAT;NEGATIF;NOTR;NEGATIF;AZALIYOR;SAT;SAT;NOTR;0;01.09.2026
TKNSA;izle;;10,2;2,4;7,7;0,0;10;1;zayif;30,7;42,1;32,2;asagi;zayif;zayif;asagi;0,60;-1,45;2;16,9;-6,11;98847187;21,44;SAT;NEGATIF;SAT;NEGATIF;ARTIYOR;SAT;SAT;UCUZ (AL);0;01.09.2026
ONRYT;izle;;10,1;0,0;7,8;2,3;0;0;zayif;7,5;41,4;58,1;asagi;zayif;zayif;asagi;0,83;-1,59;2;57,75;-1,03;44148547;64,39;SAT;NEGATIF;NOTR;NEGATIF;AZALIYOR;SAT;SAT;NOTR;0;01.09.2026
AYEN;izle;;10,0;3,0;7,0;0,0;6;0;zayif;9,9;39,7;52,3;asagi;zayif;zayif;asagi;0,58;-1,88;3;31;0,78;14446000;34,27;SAT;NEGATIF;NOTR;NEGATIF;AZALIYOR;SAT;AL;NOTR;1;01.09.2026
CMENT;izle;;10,0;2,4;7,3;0,2;6;0;zayif;32,8;36,1;39,9;asagi;zayif;zayif;asagi;0,49;-4,12;3;262;-0,38;489678;274,34;SAT;NEGATIF;SAT;NEGATIF;AZALIYOR;SAT;AL;UCUZ (AL);1;01.09.2026
ULUSE;izle;;9,7;5,2;3,0;1,5;6;0;zayif;18,7;30,9;17,3;asagi;zayif;zayif;asagi;0,79;-2,69;3;240;-2,64;40629360;288,66;SAT;NEGATIF;NOTR;NEGATIF;AZALIYOR;SAT;AL;NOTR;1;01.09.2026
HEDEF;izle;;9,4;5,4;4,0;0,0;6;0;zayif;32,1;24,5;31,1;asagi;zayif;zayif;asagi;0,23;-5,14;3;75,85;-9,97;119650341;129,57;SAT;NEGATIF;SAT;NEGATIF;AZALIYOR;SAT;SAT;NOTR;0;01.09.2026
BRISA;izle;;9,4;3,5;6,0;0,0;6;0;zayif;20,9;36,0;42,5;asagi;zayif;zayif;asagi;0,53;-2,49;3;76,05;-0,46;8742328;82,35;SAT;NEGATIF;AL;NEGATIF;AZALIYOR;SAT;SAT;NOTR;1;01.09.2026
MAKIM;izle;;9,4;0,3;5,9;3,2;0;0;zayif;14,5;35,4;72,3;asagi;zayif;zayif;asagi;0,89;-2,50;2;15,18;-3,00;16091088;17,50;SAT;NEGATIF;NOTR;NEGATIF;ARTIYOR;SAT;SAT;NOTR;0;01.09.2026
MGROS;izle;;9,2;5,4;3,8;0,0;6;0;zayif;33,0;30,5;42,9;asagi;zayif;zayif;asagi;0,67;-4,41;3;529;-0,84;1289967029;580,75;SAT;NEGATIF;SAT;NEGATIF;AZALIYOR;SAT;SAT;NOTR;0;01.09.2026
USAK;izle;;9,1;0,0;9,0;0,1;0;0;zayif;11,0;28,2;48,2;asagi;zayif;zayif;asagi;0,71;-3,70;0;1,2;-1,64;34305778;1,32;AL;NEGATIF;NOTR;NEGATIF;AZALIYOR;SAT;SAT;UCUZ (AL);1;01.09.2026
GEDIK;izle;;9,1;4,2;4,8;0,0;0;0;zayif;21,1;33,5;39,7;asagi;zayif;zayif;asagi;0,19;-2,10;1;5,89;-2,48;25352622;6,71;SAT;NEGATIF;SAT;NEGATIF;AZALIYOR;SAT;SAT;NOTR;0;01.09.2026
MOPAS;izle;;9,1;2,1;2,9;4,0;6;0;zayif;27,5;25,4;51,2;asagi;zayif;zayif;asagi;0,69;-5,07;3;25,88;0,08;41092652;28,49;SAT;NEGATIF;SAT;NEGATIF;AZALIYOR;SAT;SAT;NOTR;0;01.09.2026
SEYKM;izle;;9,0;0,1;5,1;3,8;6;0;zayif;13,0;33,8;27,3;asagi;zayif;zayif;asagi;0,93;-1,84;3;4,45;0,23;5808042;4,95;SAT;NEGATIF;NOTR;NEGATIF;AZALIYOR;SAT;AL;UCUZ (AL);1;01.09.2026
CLEBI;izle;;9,0;0,6;7,4;0,9;6;0;zayif;16,7;40,8;41,8;asagi;zayif;zayif;asagi;0,71;-2,01;3;1452;0,41;27046404;1553,35;SAT;NEGATIF;NOTR;NEGATIF;AZALIYOR;SAT;SAT;NOTR;0;01.09.2026
INTEK;izle;;8,9;1,2;7,7;0,0;0;0;zayif;20,6;37,3;40,8;asagi;zayif;zayif;asagi;0,41;-3,29;0;234;-1,06;1103544;260,78;SAT;NEGATIF;SAT;NEGATIF;AZALIYOR;SAT;SAT;NOTR;0;01.09.2026
BANVT;izle;;8,7;0,9;6,8;1,0;6;0;zayif;18,6;38,9;39,5;asagi;zayif;zayif;asagi;0,72;-1,78;3;151,8;-0,78;12448207;164,34;SAT;NEGATIF;NOTR;NEGATIF;AZALIYOR;SAT;SAT;NOTR;0;01.09.2026
ATLAS;izle;;8,7;2,4;3,9;2,4;0;0;zayif;32,0;29,0;25,2;asagi;zayif;zayif;asagi;0,84;-3,85;2;5,98;-1,97;3799847;6,85;SAT;NEGATIF;SAT;NEGATIF;AZALIYOR;SAT;SAT;NOTR;0;01.09.2026
CGCAM;izle;;8,7;4,2;4,5;0,0;0;0;zayif;20,5;30,2;46,0;asagi;zayif;zayif;asagi;0,51;-3,48;2;34,3;-1,89;37170293;39,36;SAT;NEGATIF;SAT;NEGATIF;AZALIYOR;SAT;SAT;NOTR;0;01.09.2026
KONKA;izle;;8,6;1,4;1,5;5,8;42;3;zayif;22,1;20,9;26,1;asagi;zayif;zayif;asagi;1,05;-5,77;5;9,84;-2,96;32954062;11,33;SAT;NEGATIF;SAT;NEGATIF;ARTIYOR;SAT;SAT;UCUZ (AL);0;01.09.2026
ATAKP;izle;;8,6;1,8;4,5;2,4;6;0;zayif;25,5;30,0;38,5;asagi;zayif;zayif;asagi;0,84;-3,96;3;42,92;-2,32;16836786;47,94;SAT;NEGATIF;SAT;NEGATIF;ARTIYOR;SAT;SAT;UCUZ (AL);0;01.09.2026
BRYAT;izle;;8,6;0,6;7,4;0,6;0;0;zayif;16,3;40,2;55,4;asagi;zayif;zayif;asagi;0,44;-2,44;2;1664;-0,89;59850752;1827,34;SAT;NEGATIF;NOTR;NEGATIF;AZALIYOR;SAT;SAT;UCUZ (AL);0;01.09.2026
LRSHO;izle;;8,3;1,7;6,7;0,0;38;3;zayif;16,3;34,0;51,5;asagi;zayif;zayif;asagi;0,42;-3,78;3;2,47;-0,40;30697570;2,78;SAT;NEGATIF;NOTR;NEGATIF;AZALIYOR;SAT;SAT;UCUZ (AL);0;01.09.2026
YATAS;izle;;8,3;2,0;4,8;1,6;0;0;zayif;26,3;31,7;25,4;asagi;zayif;zayif;asagi;0,79;-4,36;2;30,5;-0,72;22523122;33,43;SAT;NEGATIF;SAT;NEGATIF;AZALIYOR;SAT;SAT;NOTR;0;01.09.2026
KAREL;izle;;7,9;1,1;6,1;0,7;0;0;zayif;20,2;36,8;37,2;asagi;zayif;zayif;asagi;0,74;-2,81;2;8,53;-0,35;75284535;9,80;SAT;NEGATIF;SAT;NEGATIF;AZALIYOR;SAT;SAT;NOTR;0;01.09.2026
YBTAS;izle;;7,8;2,4;5,3;0,2;10;0;zayif;29,5;36,6;31,2;asagi;zayif;zayif;asagi;0,67;-3,66;4;13,65;-1,44;648634;14,83;SAT;NEGATIF;SAT;NEGATIF;ARTIYOR;SAT;SAT;UCUZ (AL);0;01.09.2026
KFEIN;izle;;7,4;0,0;7,4;0,0;10;0;zayif;8,6;39,6;34,9;asagi;zayif;zayif;asagi;0,60;-2,11;4;8,06;-1,23;21984641;9,03;SAT;NEGATIF;NOTR;NEGATIF;AZALIYOR;SAT;SAT;NOTR;0;01.09.2026
ERCB;izle;;7,2;0,2;3,7;3,3;6;0;zayif;13,4;29,0;41,9;asagi;zayif;zayif;asagi;0,90;-3,56;3;43,74;-3,02;30249491;48,79;SAT;NEGATIF;NOTR;NEGATIF;ARTIYOR;SAT;SAT;UCUZ (AL);0;01.09.2026
POLTK;izle;;7,1;0,5;4,5;2,1;0;0;zayif;15,6;32,7;52,5;asagi;zayif;zayif;asagi;0,83;-3,30;2;4127,5;-1,49;23601045;4616,54;SAT;NEGATIF;NOTR;NEGATIF;AZALIYOR;SAT;SAT;UCUZ (AL);0;01.09.2026
MERIT;izle;;7,1;0,0;7,1;0,0;0;0;zayif;7,2;38,8;44,7;asagi;zayif;zayif;asagi;0,57;-1,97;2;15,54;-0,26;21288805;16,75;SAT;NEGATIF;NOTR;NEGATIF;AZALIYOR;SAT;SAT;NOTR;0;01.09.2026
BMSCH;izle;;7,1;1,8;3,0;2,3;0;0;zayif;25,2;26,4;45,6;asagi;zayif;zayif;asagi;0,84;-4,68;2;10,83;-0,09;12863073;12,19;SAT;NEGATIF;SAT;NEGATIF;AZALIYOR;SAT;SAT;UCUZ (AL);0;01.09.2026
GLBMD;izle;;7,1;0,7;6,2;0,2;6;0;zayif;16,9;36,8;21,7;asagi;zayif;zayif;asagi;0,71;-1,65;3;11,56;0,43;2233461;12,97;SAT;NEGATIF;NOTR;NEGATIF;AZALIYOR;SAT;SAT;NOTR;0;01.09.2026
MERCN;izle;;6,9;1,7;3,0;2,2;10;0;zayif;24,6;29,7;30,2;asagi;zayif;zayif;asagi;0,83;-3,49;4;17,12;-0,70;57866833;20,79;SAT;NEGATIF;SAT;NEGATIF;AZALIYOR;SAT;AL;NOTR;1;01.09.2026
AZTEK;izle;;6,8;1,7;5,1;0,0;6;0;zayif;24,7;28,6;4,4;asagi;zayif;zayif;asagi;0,57;-3,63;3;3,72;-1,59;18834025;4,27;SAT;NEGATIF;SAT;NEGATIF;AZALIYOR;SAT;SAT;NOTR;0;01.09.2026
GOKNR;izle;;6,8;1,1;5,6;0,0;0;0;zayif;20,2;30,5;43,0;asagi;zayif;zayif;asagi;0,53;-4,45;1;17,57;-0,28;73534632;20,19;SAT;NEGATIF;SAT;NEGATIF;AZALIYOR;AL;AL;NOTR;2;01.09.2026
DOAS;izle;;6,6;1,2;5,5;0,0;6;0;zayif;20,6;29,9;27,2;asagi;zayif;zayif;asagi;0,58;-3,82;3;164,2;0,24;103878010;175,70;SAT;NEGATIF;SAT;NEGATIF;AZALIYOR;SAT;AL;NOTR;1;01.09.2026
ALVES;izle;;6,3;1,8;2,0;2,5;6;0;zayif;25,2;20,8;35,4;asagi;zayif;zayif;asagi;0,85;-7,00;3;1,38;-4,17;187068913;1,72;SAT;NEGATIF;SAT;NEGATIF;AZALIYOR;SAT;SAT;UCUZ (AL);0;01.09.2026
YONGA;izle;;6,3;0,9;5,4;0,0;0;0;zayif;18,4;29,6;6,8;asagi;zayif;zayif;asagi;0,46;-3,85;2;44,96;0,09;346732;48,48;SAT;NEGATIF;NOTR;NEGATIF;ARTIYOR;SAT;AL;UCUZ (AL);1;01.09.2026
OSMEN;izle;;6,2;0,7;5,6;0,0;32;2;zayif;16,9;37,6;48,9;asagi;zayif;zayif;asagi;0,62;-1,97;4;7,2;0,70;17572313;8,27;SAT;NEGATIF;NOTR;NEGATIF;AZALIYOR;SAT;SAT;NOTR;0;01.09.2026
MIATK;izle;;5,9;0,4;4,1;1,4;10;0;zayif;15,0;29,3;49,2;asagi;zayif;zayif;asagi;0,78;-4,18;5;27,44;-2,90;321004453;32,05;SAT;NEGATIF;NOTR;NEGATIF;ARTIYOR;SAT;SAT;UCUZ (AL);0;01.09.2026
EUHOL;izle;;5,5;1,0;4,5;0,0;6;0;zayif;19,2;39,3;26,3;asagi;zayif;zayif;asagi;0,56;-2,25;3;10;1,21;5036460;11,34;SAT;NEGATIF;NOTR;NEGATIF;AZALIYOR;SAT;AL;NOTR;1;01.09.2026
IZINV;izle;;5,4;0,0;4,3;1,1;0;0;zayif;12,3;30,6;33,3;asagi;zayif;zayif;asagi;0,76;-3,35;2;51,1;-3,22;12052395;58,02;SAT;NEGATIF;NOTR;NEGATIF;ARTIYOR;SAT;SAT;UCUZ (AL);0;01.09.2026
AKSUE;izle;;5,4;4,7;0,0;0,6;6;0;zayif;24,8;20,3;28,1;asagi;zayif;zayif;asagi;0,74;-4,52;3;30,3;-9,98;46071908;38,63;SAT;NEGATIF;SAT;NEGATIF;ARTIYOR;SAT;AL;NOTR;1;01.09.2026
AGROT;izle;;4,8;1,0;3,8;0,0;22;2;zayif;19,4;33,6;31,7;asagi;zayif;zayif;asagi;0,44;-3,64;2;2;-1,48;100511088;2,41;SAT;NEGATIF;NOTR;NEGATIF;AZALIYOR;SAT;SAT;UCUZ (AL);0;01.09.2026
IZENR;izle;;4,8;0,0;1,7;3,1;6;0;zayif;10,0;20,6;42,9;asagi;zayif;zayif;asagi;0,89;-4,59;3;7,12;-6,32;212400714;8,42;SAT;NEGATIF;NOTR;NEGATIF;ARTIYOR;SAT;SAT;UCUZ (AL);0;01.09.2026
EMKEL;izle;;4,8;2,4;1,8;0,5;10;0;zayif;30,7;20,1;21,0;asagi;zayif;zayif;asagi;0,73;-5,42;4;14,36;-2,31;44824726;16,56;SAT;NEGATIF;SAT;NEGATIF;AZALIYOR;SAT;SAT;UCUZ (AL);0;01.09.2026
REEDR;izle;;4,6;0,0;4,6;0,0;0;0;zayif;10,4;31,0;36,5;asagi;zayif;zayif;asagi;0,59;-4,12;2;5,65;-1,74;52741982;6,18;SAT;NEGATIF;NOTR;NEGATIF;AZALIYOR;SAT;SAT;NOTR;0;01.09.2026
ENTRA;izle;;4,1;0,0;4,1;0,0;6;0;zayif;11,2;33,2;38,0;asagi;zayif;zayif;asagi;0,57;-2,70;3;4,27;-0,47;50659703;4,69;SAT;NEGATIF;NOTR;NEGATIF;AZALIYOR;SAT;SAT;NOTR;0;01.09.2026
PRKAB;izle;;3,9;0,5;3,5;0,0;16;1;zayif;15,4;28,5;34,1;asagi;zayif;zayif;asagi;0,64;-3,51;3;30,54;-1,67;12960107;34,01;SAT;NEGATIF;NOTR;NEGATIF;AZALIYOR;SAT;SAT;NOTR;0;01.09.2026
VSNMD;izle;;2,0;0,0;2,0;0,0;10;0;zayif;12,1;20,7;27,7;asagi;zayif;zayif;asagi;0,61;-4,58;5;42,62;-1,57;31416864;47,85;SAT;NEGATIF;NOTR;NEGATIF;AZALIYOR;SAT;SAT;UCUZ (AL);0;01.09.2026