hisse;durum;yeni_sinyal;konfluans;trend_35;momentum_30;hacim_35;risk;uyumsuzluk;rejim;adx;rsi;mfi;supertrend;goreli_guc;usd_trend;haftalik_trend;hacim_orani;ema50_uzaklik_atr;dagitim_gun;kapanis;degisim%;islem_hacmi_tl;st_cizgisi;osc_macd;osc_rsi;osc_adx;osc_momentum;osc_atr;osc_wavetrend;osc_stochrsi;osc_sharpe;osc_al_sayisi;tarih
CELHA;GUCLU AL;;99,3;35,0;29,3;35,0;28;0;guclu trend;30,8;73,4;69,5;yukari;guclu;yukselis;yukari;2,09;3,63;1;29,5;3,87;147148124;24,80;AL;POZITIF;AL;POZITIF;AZALIYOR;AL;AL;NOTR;6;15.09.2026
AHGAZ;GUCLU AL;;98,9;35,0;28,9;35,0;36;0;guclu trend;36,3;74,2;87,6;yukari;guclu;yukselis;yukari;1,61;4,31;0;41,1;0,78;395950208;37,30;AL;POZITIF;AL;POZITIF;AZALIYOR;AL;AL;NOTR;6;15.09.2026
ISDMR;GUCLU AL;;98,6;34,3;30,0;34,3;18;0;guclu trend;28,3;69,1;76,0;yukari;guclu;yukselis;yukari;1,86;2,24;0;61;1,67;210257545;54,38;AL;POZITIF;AL;POZITIF;ARTIYOR;AL;SAT;NOTR;5;15.09.2026
FLAP;GUCLU AL;;97,7;35,0;30,0;32,7;0;0;guclu trend;41,3;69,9;73,3;yukari;guclu;yukselis;yukari;1,33;2,06;0;12,92;-1,82;23140973;10,92;AL;POZITIF;AL;POZITIF;ARTIYOR;AL;SAT;NOTR;5;15.09.2026
BMSTL;AL;EVET;94,6;30,2;30,0;34,5;20;1;ilimli;17,6;68,6;68,9;yukari;guclu;yukselis;yukari;4,25;2,84;1;49,86;9,97;634459276;42,10;AL;POZITIF;NOTR;POZITIF;ARTIYOR;AL;AL;NOTR;5;15.09.2026
SKYMD;GUCLU AL;;94,2;35,0;30,0;29,2;10;1;guclu trend;31,9;60,6;77,7;yukari;guclu;yukselis;yukari;1,03;1,90;2;16,96;-0,24;60548760;14,07;AL;POZITIF;AL;POZITIF;ARTIYOR;SAT;SAT;NOTR;4;15.09.2026
EUKYO;GUCLU AL;;93,8;35,0;30,0;28,8;10;0;guclu trend;46,8;64,8;53,4;yukari;guclu;yukselis;yukari;0,94;2,31;0;14,3;-0,69;14199457;12,51;AL;POZITIF;AL;POZITIF;AZALIYOR;AL;AL;PAHALI (SAT);6;15.09.2026
TKFEN;GUCLU AL;;93,5;34,1;26,0;33,3;20;0;guclu trend;27,8;64,4;60,4;yukari;guclu;yukselis;yukari;2,07;3,05;1;230;6,33;2582124900;197,64;SAT;POZITIF;AL;POZITIF;ARTIYOR;AL;AL;NOTR;5;15.09.2026
TDGYO;GUCLU AL;EVET;93,2;30,0;28,2;35,0;28;0;zayif;31,7;75,6;88,0;yukari;guclu;yukselis;yukari;2,36;3,21;0;20,48;9,99;68586619;16,24;AL;POZITIF;AL;POZITIF;ARTIYOR;AL;SAT;UCUZ (AL);5;15.09.2026
TRCAS;GUCLU AL;;92,9;33,1;30,0;29,9;8;0;guclu trend;25,0;58,4;72,0;yukari;guclu;yukselis;yukari;1,00;1,64;1;49,08;-0,85;51472306;45,06;AL;POZITIF;AL;POZITIF;ARTIYOR;SAT;SAT;NOTR;4;15.09.2026
IEYHO;izle;;92,0;35,0;22,0;35,0;55;0;guclu trend;90,6;95,8;100,0;yukari;guclu;yukselis;yukari;7,09;11,41;0;230;0,22;3419645520;220,62;AL;POZITIF;AL;POZITIF;ARTIYOR;SAT;AL;PAHALI (SAT);5;15.09.2026
BIMAS;GUCLU AL;;91,8;34,9;29,6;27,2;0;0;guclu trend;29,9;53,1;47,8;yukari;guclu;yukselis;yukari;0,90;1,34;1;415,75;-3,26;3380675698;402,48;AL;POZITIF;AL;POZITIF;ARTIYOR;SAT;SAT;NOTR;4;15.09.2026
ENERY;GUCLU AL;;91,8;35,0;23,5;33,3;35;0;guclu trend;49,6;85,0;95,2;yukari;guclu;yukselis;yukari;1,20;6,70;0;12,7;2,42;770990495;11,31;AL;POZITIF;AL;POZITIF;AZALIYOR;AL;AL;NOTR;6;15.09.2026
PATEK;GUCLU AL;;90,1;27,2;30,0;32,8;10;0;zayif;22,9;64,1;49,7;yukari;guclu;yukselis;yukari;2,71;2,29;1;25,16;9,97;2075873931;19,78;AL;POZITIF;AL;POZITIF;ARTIYOR;AL;SAT;NOTR;5;15.09.2026
KLSYN;GUCLU AL;;89,5;35,0;23,3;31,2;0;0;guclu trend;30,8;50,6;76,3;yukari;guclu;yukselis;yukari;1,82;0,85;1;15,69;-6,72;98984931;14,59;SAT;POZITIF;AL;POZITIF;ARTIYOR;SAT;SAT;NOTR;3;15.09.2026
BAHKM;GUCLU AL;EVET;89,2;35,0;30,0;24,2;18;1;guclu trend;45,5;59,8;75,5;yukari;guclu;yukselis;yukari;1,06;2,08;2;170,1;-10,00;344709181;146,75;AL;POZITIF;AL;POZITIF;ARTIYOR;AL;AL;NOTR;6;15.09.2026
KZGYO;GUCLU AL;;88,9;30,0;30,0;28,9;20;0;zayif;42,1;67,6;75,5;yukari;guclu;yukselis;yukari;1,99;3,11;1;27,76;-9,99;262942082;25,85;AL;POZITIF;AL;POZITIF;ARTIYOR;SAT;SAT;NOTR;4;15.09.2026
KRGYO;GUCLU AL;;88,3;35,0;28,3;25,0;28;0;guclu trend;47,5;75,5;69,6;yukari;guclu;yukselis;yukari;0,62;4,23;2;3,68;-0,27;53508764;3,16;AL;POZITIF;AL;POZITIF;AZALIYOR;AL;AL;NOTR;6;15.09.2026
HUNER;GUCLU AL;;88,0;32,5;23,4;32,1;28;2;guclu trend;23,6;54,5;70,9;yukari;guclu;yukselis;yukari;1,22;0,84;3;3,93;0,00;274291611;3,50;SAT;POZITIF;AL;NEGATIF;ARTIYOR;AL;SAT;NOTR;3;15.09.2026
TERA;GUCLU AL;;87,9;30,0;22,9;35,0;35;0;zayif;34,5;86,1;100,0;yukari;guclu;yukselis;yukari;1,51;5,37;0;224;3,80;5582497984;200,24;AL;POZITIF;AL;POZITIF;ARTIYOR;AL;AL;NOTR;6;15.09.2026
CEOEM;GUCLU AL;EVET;87,7;26,3;26,4;35,0;35;0;zayif;20,4;79,2;85,0;yukari;guclu;yukselis;yukari;4,21;4,79;1;31,8;6,78;284410487;26,51;AL;POZITIF;AL;POZITIF;ARTIYOR;AL;AL;NOTR;6;15.09.2026
DEVA;GUCLU AL;;87,1;35,0;30,0;22,1;18;0;guclu trend;49,1;59,7;69,8;yukari;guclu;yukselis;yukari;0,79;2,74;2;97,2;-6,72;86856365;91,73;AL;POZITIF;AL;POZITIF;ARTIYOR;SAT;SAT;NOTR;4;15.09.2026
AVPGY;GUCLU AL;;87,0;25,6;29,3;32,0;0;0;zayif;28,9;60,3;58,7;yukari;guclu;yukselis;yukari;1,32;1,21;0;56,8;-2,41;54215827;51,57;AL;POZITIF;AL;NEGATIF;ARTIYOR;AL;AL;NOTR;5;15.09.2026
TEHOL;GUCLU AL;;86,9;35,0;30,0;21,9;10;1;guclu trend;35,9;58,3;86,1;yukari;guclu;yukselis;yukari;0,40;1,96;1;47,82;-1,03;1293177371;41,63;AL;POZITIF;AL;POZITIF;AZALIYOR;AL;AL;NOTR;6;15.09.2026
TNZTP;izle;;86,5;30,1;30,0;26,4;48;3;ilimli;17,4;63,8;53,5;yukari;guclu;yukselis;yukari;0,80;2,39;3;31,7;-0,25;113753453;28,16;AL;POZITIF;NOTR;NEGATIF;AZALIYOR;AL;AL;NOTR;4;15.09.2026
SASA;GUCLU AL;;86,4;24,3;30,0;32,1;0;0;zayif;23,9;63,5;61,9;yukari;guclu;yukselis;yukari;1,72;1,90;2;2,8;-4,76;20071109290;2,45;AL;POZITIF;AL;POZITIF;ARTIYOR;AL;SAT;NOTR;5;15.09.2026
PETKM;GUCLU AL;;85,3;34,4;29,7;21,2;6;0;guclu trend;28,6;55,7;51,8;yukari;guclu;yukselis;yukari;0,86;1,35;3;22,68;-4,14;1968066957;21,89;AL;POZITIF;AL;POZITIF;ARTIYOR;SAT;SAT;NOTR;4;15.09.2026
EGEEN;GUCLU AL;;85,1;23,3;30,0;31,8;22;0;zayif;28,3;66,2;81,8;yukari;guclu;yukselis;yukari;2,67;2,81;1;6260;-4,02;413316500;5541,03;AL;POZITIF;AL;POZITIF;ARTIYOR;AL;AL;NOTR;6;15.09.2026
TUPRS;izle;;85,0;35,0;24,4;25,7;42;2;guclu trend;44,5;68,1;69,0;yukari;guclu;yukselis;yukari;0,74;4,34;2;412,5;-0,78;9104338650;374,32;SAT;POZITIF;AL;POZITIF;ARTIYOR;SAT;AL;NOTR;4;15.09.2026
OZATD;izle;;84,9;35,0;24,9;25,0;56;2;guclu trend;35,4;74,3;90,9;yukari;guclu;yukselis;yukari;0,06;5,09;3;4980;3,11;121800840;4306,40;SAT;POZITIF;AL;POZITIF;ARTIYOR;AL;AL;PAHALI (SAT);5;15.09.2026
BOBET;izle;;84,6;35,0;29,6;20,1;32;3;guclu trend;43,8;54,6;75,0;yukari;guclu;yukselis;yukari;0,53;1,32;0;22,4;0,63;101379242;20,54;AL;POZITIF;AL;POZITIF;AZALIYOR;SAT;SAT;NOTR;4;15.09.2026
VAKBN;GUCLU AL;;84,5;35,0;28,3;21,2;6;0;guclu trend;30,6;52,0;62,6;yukari;guclu;yukselis;yukari;0,73;0,76;3;33,88;-5,20;1997767606;31,66;AL;POZITIF;AL;POZITIF;ARTIYOR;SAT;SAT;NOTR;4;15.09.2026
AGHOL;GUCLU AL;;84,2;32,3;25,6;26,2;0;0;guclu trend;25,8;52,9;70,7;yukari;guclu;zayif;yukari;0,89;0,43;1;33,72;-2,20;158802654;31,63;AL;POZITIF;AL;POZITIF;ARTIYOR;SAT;SAT;NOTR;4;15.09.2026
CEMZY;GUCLU AL;EVET;83,6;32,9;25,2;25,5;0;0;guclu trend;24,7;57,7;28,1;yukari;guclu;yukselis;yukari;1,14;1,16;2;15,65;9,98;1156305368;13,41;SAT;POZITIF;AL;POZITIF;ARTIYOR;SAT;AL;NOTR;4;15.09.2026
YKSLN;GUCLU AL;;83,6;30,0;22,0;31,6;35;0;zayif;34,4;91,0;88,7;yukari;guclu;yukselis;yukari;1,09;8,71;0;5,08;9,96;82805158;4,22;AL;POZITIF;AL;POZITIF;ARTIYOR;AL;SAT;NOTR;5;15.09.2026
BJKAS;GUCLU AL;;83,1;35,0;30,0;18,1;10;0;guclu trend;31,0;58,6;57,5;yukari;guclu;yukselis;yukari;0,77;2,14;1;2,62;-2,96;1089435014;2,14;AL;POZITIF;AL;POZITIF;AZALIYOR;AL;AL;NOTR;6;15.09.2026
KRPLS;GUCLU AL;;83,1;35,0;30,0;18,1;0;0;guclu trend;48,9;57,1;67,8;yukari;guclu;yukselis;yukari;1,36;1,57;2;12;-4,08;113554044;11,28;AL;POZITIF;AL;POZITIF;ARTIYOR;SAT;SAT;NOTR;4;15.09.2026
DZGYO;GUCLU AL;EVET;83,0;21,6;30,0;31,4;0;0;zayif;27,3;63,0;75,9;yukari;guclu;yukselis;yukari;1,99;1,62;0;8,07;5,22;42688307;6,97;AL;POZITIF;AL;POZITIF;ARTIYOR;AL;SAT;NOTR;5;15.09.2026
GENIL;GUCLU AL;;82,5;35,0;21,8;25,7;28;2;guclu trend;38,1;47,8;41,0;yukari;guclu;yukselis;yukari;1,06;0,55;3;11,1;-5,13;489448906;10,37;SAT;NEGATIF;AL;NEGATIF;AZALIYOR;SAT;SAT;NOTR;1;15.09.2026
GMTAS;GUCLU AL;EVET;82,3;31,5;29,1;21,7;0;0;guclu trend;21,0;56,7;60,8;yukari;guclu;yukselis;yukari;0,61;1,12;0;48,76;-3,06;98534988;43,62;AL;POZITIF;AL;POZITIF;AZALIYOR;AL;SAT;NOTR;5;15.09.2026
TRHOL;GUCLU AL;EVET;82,0;35,0;22,0;25,0;35;0;guclu trend;67,8;97,9;100,0;yukari;guclu;yukselis;yukari;0,60;8,95;0;4500;3,45;941683500;3703,90;AL;POZITIF;AL;POZITIF;ARTIYOR;AL;SAT;PAHALI (SAT);5;15.09.2026
ALKLC;GUCLU AL;;82,0;35,0;22,0;25,0;35;0;guclu trend;70,8;92,5;70,4;yukari;guclu;yukselis;yukari;0,39;6,65;0;520;1,96;499824000;469,12;AL;POZITIF;AL;POZITIF;AZALIYOR;AL;AL;NOTR;6;15.09.2026
MARTI;GUCLU AL;;82,0;35,0;22,0;25,0;35;0;guclu trend;55,8;89,5;92,6;yukari;guclu;yukselis;yukari;0,34;6,59;0;3,04;9,75;187507808;2,32;AL;POZITIF;AL;POZITIF;ARTIYOR;AL;AL;NOTR;6;15.09.2026
HURGZ;GUCLU AL;;81,7;32,0;27,7;22,0;0;0;guclu trend;22,2;51,0;67,8;yukari;guclu;yukselis;yukari;0,86;0,51;1;7,65;-9,47;57643752;7,13;AL;POZITIF;AL;POZITIF;ARTIYOR;AL;SAT;NOTR;5;15.09.2026
KONYA;AL;;81,6;21,2;29,8;30,6;10;1;zayif;36,5;59,4;72,5;yukari;guclu;yukselis;yukari;1,16;1,40;0;4122,5;-4,13;102048365;3764,83;AL;POZITIF;AL;POZITIF;ARTIYOR;AL;AL;NOTR;6;15.09.2026
GATEG;izle;;80,9;20,1;27,1;33,7;46;5;ilimli;20,6;54,5;78,6;yukari;guclu;yukselis;yukari;9,57;0,65;3;299;2,22;75807862;251,47;AL;POZITIF;SAT;POZITIF;AZALIYOR;AL;AL;NOTR;5;15.09.2026
ZRGYO;izle;;80,7;20,4;26,0;34,3;40;4;zayif;22,2;62,6;70,8;yukari;guclu;yukselis;yukari;3,74;1,64;1;20,06;1,83;84566140;18,80;SAT;POZITIF;AL;POZITIF;ARTIYOR;AL;AL;NOTR;5;15.09.2026
EPLAS;izle;;80,6;29,4;30,0;21,2;52;5;zayif;28,4;60,4;34,4;yukari;guclu;yukselis;yukari;6,48;1,59;2;6,39;-5,61;254407140;5,66;AL;POZITIF;AL;POZITIF;ARTIYOR;AL;AL;NOTR;6;15.09.2026
DMLKT;GUCLU AL;;80,4;35,0;24,4;21,0;20;0;guclu trend;45,2;62,6;58,3;yukari;guclu;yukselis;yukari;0,50;3,05;2;7,06;-0,42;30382837;6,62;SAT;POZITIF;AL;POZITIF;AZALIYOR;SAT;SAT;NOTR;3;15.09.2026
NETAS;GUCLU AL;;79,6;35,0;24,1;20,5;10;0;guclu trend;46,5;58,0;70,5;yukari;guclu;yukselis;yukari;0,23;2,19;2;96,95;-1,42;64454687;83,84;SAT;POZITIF;AL;POZITIF;AZALIYOR;SAT;AL;NOTR;4;15.09.2026
GSDDE;GUCLU AL;EVET;79,4;31,3;25,1;23,0;0;0;guclu trend;20,4;50,7;40,3;yukari;guclu;zayif;yukari;1,00;0,23;1;13,48;-4,73;80082361;12,38;AL;POZITIF;AL;POZITIF;ARTIYOR;AL;AL;NOTR;6;15.09.2026
SOKM;AL;;79,3;30,9;24,9;23,5;22;2;ilimli;19,3;55,0;69,4;yukari;guclu;yukselis;yukari;0,69;1,49;1;58,3;-3,48;194840874;54,83;SAT;POZITIF;NOTR;POZITIF;ARTIYOR;SAT;SAT;NOTR;2;15.09.2026
OFSYM;GUCLU AL;;78,7;35,0;22,1;21,5;20;1;guclu trend;41,5;51,0;70,6;yukari;guclu;yukselis;yukari;0,29;0,80;4;64,55;-2,20;43353265;58,06;SAT;POZITIF;AL;NEGATIF;AZALIYOR;SAT;SAT;NOTR;2;15.09.2026
EGGUB;AL;;78,6;29,8;24,1;24,6;0;0;ilimli;18,2;55,9;58,0;yukari;guclu;yukselis;yukari;0,73;1,15;1;109,4;-1,80;58079366;100,88;SAT;POZITIF;NOTR;POZITIF;ARTIYOR;AL;SAT;NOTR;3;15.09.2026
EFOR;izle;;78,5;20,9;30,0;27,6;40;4;ilimli;14,4;57,0;57,6;asagi;guclu;yukselis;yukari;1,03;1,49;1;19,99;-1,53;1721754992;20,83;AL;POZITIF;NOTR;POZITIF;AZALIYOR;AL;AL;NOTR;5;15.09.2026
RALYH;izle;;78,4;30,9;23,0;24,4;42;3;ilimli;19,5;52,2;55,1;yukari;guclu;yukselis;yukari;1,38;0,88;4;265;-1,85;709384595;243,30;SAT;POZITIF;NOTR;POZITIF;ARTIYOR;SAT;SAT;NOTR;2;15.09.2026
KCHOL;GUCLU AL;;78,1;35,0;24,9;18,2;10;1;guclu trend;35,9;55,4;68,4;yukari;guclu;yukselis;yukari;0,86;1,53;2;218,8;-2,97;5797601801;208,31;SAT;POZITIF;AL;POZITIF;ARTIYOR;SAT;SAT;NOTR;3;15.09.2026
ALARK;GUCLU AL;;77,9;34,5;21,6;21,8;0;0;guclu trend;28,6;48,1;76,3;yukari;guclu;yukselis;yukari;0,61;0,38;1;109;-3,71;386928854;106,27;SAT;NEGATIF;AL;POZITIF;ARTIYOR;SAT;SAT;NOTR;2;15.09.2026
ENJSA;izle;;77,8;30,4;21,8;25,7;32;3;ilimli;18,2;50,1;55,9;yukari;guclu;yukselis;yukari;0,83;0,39;2;112,8;-1,31;397970695;106,65;SAT;POZITIF;NOTR;POZITIF;ARTIYOR;SAT;SAT;NOTR;2;15.09.2026
CATES;GUCLU AL;;77,6;35,0;23,3;19,3;6;0;guclu trend;34,9;52,2;55,9;yukari;guclu;yukselis;yukari;0,45;1,38;3;63;-5,69;93758994;60,79;SAT;POZITIF;AL;NEGATIF;ARTIYOR;SAT;SAT;NOTR;2;15.09.2026
MRGYO;GUCLU AL;;77,5;30,0;22,5;25,0;35;0;zayif;47,1;87,1;81,0;yukari;guclu;yukselis;yukari;0,55;6,38;1;2,36;9,77;248869887;1,84;AL;POZITIF;AL;POZITIF;ARTIYOR;AL;AL;NOTR;6;15.09.2026
AYGAZ;izle;;77,4;35,0;23,9;18,5;50;4;guclu trend;44,1;56,2;71,3;yukari;guclu;yukselis;yukari;0,88;2,22;2;326,75;-2,46;399303531;299,67;SAT;POZITIF;AL;NEGATIF;AZALIYOR;SAT;SAT;NOTR;2;15.09.2026
MZHLD;AL;;77,2;15,1;30,0;32,1;12;0;zayif;25,4;61,5;55,9;yukari;guclu;yukselis;yukari;3,42;1,57;2;5,9;-5,90;13144598;5,33;AL;POZITIF;AL;POZITIF;ARTIYOR;AL;AL;NOTR;6;15.09.2026
DURDO;izle;;77,2;24,0;27,1;26,1;40;4;guclu trend;22,3;54,2;66,5;asagi;guclu;yukselis;yukari;1,63;0,68;2;5,15;-0,77;18293809;5,27;AL;POZITIF;AL;POZITIF;ARTIYOR;AL;SAT;NOTR;5;15.09.2026
KRDMD;GUCLU AL;;77,0;32,2;21,2;23,6;0;0;guclu trend;22,9;48,0;50,7;yukari;guclu;yukselis;yukari;0,81;0,39;2;44;-3,30;1972638756;41,86;SAT;NEGATIF;AL;NEGATIF;ARTIYOR;SAT;SAT;NOTR;1;15.09.2026
BOSSA;AL;EVET;76,6;18,2;27,0;31,4;0;0;zayif;13,6;54,7;48,4;yukari;guclu;yukselis;yukari;2,07;0,69;1;6,68;5,03;27642702;6,19;AL;POZITIF;NOTR;POZITIF;ARTIYOR;AL;SAT;NOTR;4;15.09.2026
DSTKF;AL;;76,5;30,5;30,0;16,0;10;0;ilimli;18,3;68,9;95,1;yukari;guclu;yukselis;yukari;0,32;2,61;1;2720;4,41;1491596320;2211,80;AL;POZITIF;NOTR;POZITIF;AZALIYOR;AL;AL;PAHALI (SAT);5;15.09.2026
KARSN;izle;;76,3;27,0;29,8;19,5;0;0;guclu trend;43,2;55,7;80,0;asagi;guclu;yukselis;yukari;0,91;1,42;0;13;-9,28;601659461;17,14;AL;POZITIF;AL;POZITIF;ARTIYOR;SAT;SAT;NOTR;4;15.09.2026
HALKB;GUCLU AL;;76,1;34,4;29,9;11,8;10;1;guclu trend;28,3;55,0;25,0;yukari;guclu;yukselis;yukari;0,78;1,46;2;46,08;-2,12;2197351619;44,37;AL;POZITIF;AL;POZITIF;AZALIYOR;SAT;SAT;NOTR;4;15.09.2026
RYSAS;GUCLU AL;;76,0;35,0;21,0;20,1;10;1;guclu trend;30,5;46,8;70,3;yukari;guclu;yukselis;yukari;0,86;0,30;2;25,28;-6,51;429981781;24,77;SAT;NEGATIF;AL;NEGATIF;ARTIYOR;SAT;SAT;NOTR;1;15.09.2026
ARTMS;GUCLU AL;EVET;75,9;27,9;27,4;20,6;8;0;guclu trend;21,3;54,7;57,0;yukari;guclu;yukselis;yukari;0,47;0,52;0;41,56;1,32;20138812;37,04;AL;POZITIF;AL;NEGATIF;ARTIYOR;SAT;SAT;NOTR;3;15.09.2026
BIGEN;izle;;74,3;22,2;26,0;26,0;10;0;guclu trend;28,4;56,7;76,7;asagi;guclu;yukselis;yukari;1,89;2,17;0;156,9;4,67;2354477487;157,93;SAT;POZITIF;SAT;NEGATIF;ARTIYOR;AL;AL;PAHALI (SAT);3;15.09.2026
ETILR;AL;;74,3;29,5;23,7;21,0;0;0;ilimli;16,0;49,4;58,6;yukari;guclu;zayif;yukari;0,78;0,15;1;6;-7,41;37841658;5,30;AL;NEGATIF;NOTR;POZITIF;ARTIYOR;AL;SAT;NOTR;3;15.09.2026
EBEBK;izle;;73,3;23,1;24,5;25,7;0;0;ilimli;19,9;50,1;55,2;asagi;guclu;zayif;yukari;0,98;0,23;2;82,5;0,18;55248353;87,54;AL;POZITIF;NOTR;NEGATIF;AZALIYOR;AL;AL;NOTR;4;15.09.2026
KGYO;AL;EVET;71,9;29,1;23,7;19,1;10;1;ilimli;19,9;51,4;41,6;yukari;guclu;yukselis;yukari;0,74;0,52;2;11,86;4,13;186557883;10,80;SAT;POZITIF;NOTR;POZITIF;AZALIYOR;AL;AL;NOTR;4;15.09.2026
BAGFS;AL;;71,2;20,0;28,2;23,0;0;0;zayif;38,7;55,1;50,6;yukari;guclu;yukselis;yukari;0,53;0,74;1;27,38;-3,39;16843656;25,76;AL;POZITIF;AL;POZITIF;ARTIYOR;SAT;SAT;NOTR;4;15.09.2026
AKSGY;AL;;70,6;28,8;20,5;21,3;16;1;ilimli;18,1;49,1;49,3;yukari;guclu;zayif;yukari;1,00;0,44;3;9,89;-1,10;58687389;9,55;SAT;NEGATIF;NOTR;NEGATIF;ARTIYOR;SAT;SAT;NOTR;0;15.09.2026
OZRDN;AL;;69,5;25,3;25,3;18,9;8;0;ilimli;23,1;54,0;59,6;yukari;guclu;zayif;yukari;0,78;0,25;0;30,14;1,01;6505598;25,56;AL;POZITIF;AL;NEGATIF;AZALIYOR;AL;AL;NOTR;5;15.09.2026
ANHYT;izle;;69,2;16,3;25,6;27,3;6;0;ilimli;13,3;53,7;62,0;asagi;guclu;zayif;yukari;1,13;0,36;3;107,7;-0,28;82053722;112,43;AL;POZITIF;NOTR;POZITIF;ARTIYOR;AL;SAT;NOTR;4;15.09.2026
KUVVA;izle;;69,0;29,9;20,4;18,7;38;3;guclu trend;26,0;45,1;47,1;yukari;guclu;yukselis;yukari;0,39;0,13;3;170,1;-4,92;11467632;163,41;SAT;NEGATIF;SAT;NEGATIF;ARTIYOR;SAT;SAT;NOTR;0;15.09.2026
TARKM;AL;;68,8;34,4;22,2;12,3;0;0;guclu trend;28,4;51,2;62,1;yukari;guclu;yukselis;yukari;0,40;0,52;1;514,5;-1,25;43298262;478,25;SAT;POZITIF;AL;NEGATIF;AZALIYOR;SAT;SAT;NOTR;2;15.09.2026
VESTL;AL;;68,7;20,0;28,4;20,2;0;0;zayif;38,0;57,9;80,1;yukari;guclu;yukselis;yukari;1,79;0,82;2;25,64;-2,36;731421280;22,39;AL;POZITIF;AL;POZITIF;ARTIYOR;SAT;SAT;NOTR;4;15.09.2026
INDES;izle;;67,8;29,7;16,2;22,0;0;0;guclu trend;24,1;44,3;38,7;yukari;guclu;zayif;yukari;0,51;-0,19;2;11,15;-4,37;47062801;10,83;SAT;NEGATIF;SAT;NEGATIF;ARTIYOR;SAT;SAT;NOTR;0;15.09.2026
ARSAN;izle;;67,5;27,0;22,1;18,5;0;0;guclu trend;32,2;50,0;53,5;asagi;guclu;yukselis;yukari;0,47;0,66;1;3,87;-4,91;61445813;4,47;SAT;NEGATIF;AL;NEGATIF;ARTIYOR;SAT;SAT;NOTR;1;15.09.2026
TRMET;izle;;67,3;28,6;17,6;21,1;0;0;zayif;16,2;45,0;56,7;yukari;guclu;zayif;yukari;0,75;-0,12;1;132,1;-3,22;569070023;128,36;SAT;NEGATIF;NOTR;NEGATIF;ARTIYOR;SAT;SAT;NOTR;0;15.09.2026
TRALT;izle;;66,7;28,3;18,2;20,1;10;1;zayif;14,1;47,2;51,7;yukari;guclu;zayif;yukari;0,61;-0,05;1;50,45;-3,44;3019829037;48,12;SAT;NEGATIF;NOTR;POZITIF;AZALIYOR;SAT;SAT;NOTR;1;15.09.2026
TRENJ;AL;;66,2;29,8;22,1;14,2;16;1;ilimli;16,7;49,4;50,3;yukari;guclu;yukselis;yukari;0,53;0,64;3;103,6;-2,17;105781609;98,12;SAT;NEGATIF;NOTR;NEGATIF;AZALIYOR;SAT;SAT;NOTR;0;15.09.2026
BVSAN;izle;;66,2;15,4;27,4;23,4;0;0;zayif;23,6;52,2;57,5;asagi;guclu;yukselis;yukari;1,14;0,39;1;116,6;-2,51;186169856;143,47;AL;POZITIF;AL;POZITIF;ARTIYOR;SAT;SAT;NOTR;4;15.09.2026
KUYAS;AL;;65,4;21,5;26,3;17,6;0;0;ilimli;19,8;53,0;56,9;yukari;guclu;yukselis;asagi;1,10;0,20;1;69,65;-4,20;949855288;63,45;AL;POZITIF;NOTR;POZITIF;AZALIYOR;SAT;SAT;NOTR;3;15.09.2026
KNFRT;AL;EVET;65,1;17,3;23,2;24,6;6;0;zayif;15,2;52,4;52,6;yukari;guclu;yukselis;yukari;1,09;0,30;3;12,51;3,47;61188937;11,09;SAT;POZITIF;NOTR;NEGATIF;AZALIYOR;SAT;AL;NOTR;2;15.09.2026
OZSUB;AL;;64,9;29,1;21,3;14,5;16;1;ilimli;19,9;46,8;28,5;yukari;guclu;yukselis;yukari;0,87;0,53;3;39,8;-0,55;98791202;37,97;SAT;NEGATIF;NOTR;NEGATIF;AZALIYOR;SAT;SAT;NOTR;0;15.09.2026
ARASE;izle;;64,4;29,5;11,5;23,5;0;0;guclu trend;22,7;42,8;56,0;yukari;zayif;zayif;yukari;0,88;-0,73;2;114,6;-4,66;31594418;109,35;SAT;NEGATIF;SAT;NEGATIF;ARTIYOR;SAT;SAT;NOTR;0;15.09.2026
MPARK;izle;;64,4;24,4;24,4;15,6;0;0;zayif;18,7;48,3;45,8;yukari;guclu;zayif;asagi;0,94;-0,17;1;427,25;-2,57;213702332;411,23;AL;NEGATIF;NOTR;POZITIF;ARTIYOR;AL;SAT;NOTR;3;15.09.2026
ECOGR;AL;;64,4;22,9;25,2;16,3;0;0;ilimli;17,0;55,1;69,7;yukari;guclu;zayif;yukari;0,71;0,33;2;36,94;-2,79;179180684;32,54;AL;POZITIF;NOTR;POZITIF;ARTIYOR;AL;SAT;NOTR;4;15.09.2026
DNISI;AL;;63,7;18,4;26,4;19,0;10;1;zayif;18,5;52,1;57,0;yukari;guclu;yukselis;yukari;0,56;0,29;1;4,75;-3,06;13664610;4,36;AL;POZITIF;NOTR;POZITIF;AZALIYOR;AL;SAT;NOTR;4;15.09.2026
ORGE;AL;;63,6;31,3;21,3;11,0;28;2;guclu trend;20,4;49,0;51,3;yukari;guclu;yukselis;yukari;0,57;0,38;3;22,5;-1,06;70503953;20,44;SAT;NEGATIF;AL;NEGATIF;AZALIYOR;SAT;SAT;NOTR;1;15.09.2026
BRSAN;izle;;63,0;30,3;16,3;16,4;10;0;guclu trend;29,2;42,8;42,0;yukari;guclu;yukselis;yukari;1,04;-0,05;4;647,5;-5,13;1650899023;641,87;SAT;NEGATIF;SAT;NEGATIF;ARTIYOR;SAT;SAT;NOTR;0;15.09.2026
ASELS;izle;;62,6;28,6;17,6;16,3;0;0;zayif;16,7;45,4;40,6;yukari;guclu;zayif;yukari;0,84;-0,33;2;377;1,21;9896181009;363,22;SAT;NEGATIF;NOTR;NEGATIF;AZALIYOR;SAT;SAT;NOTR;0;15.09.2026
YGGYO;izle;;62,2;21,0;19,5;21,7;0;0;zayif;12,0;49,1;56,0;yukari;guclu;zayif;yukari;0,96;-0,17;2;223,6;0,77;25881924;215,58;SAT;NEGATIF;NOTR;NEGATIF;AZALIYOR;AL;SAT;NOTR;1;15.09.2026
INVES;izle;;62,2;21,0;24,6;16,7;10;0;ilimli;19,3;49,7;20,9;asagi;guclu;yukselis;yukari;0,52;0,88;4;773;-0,58;31083103;846,10;SAT;NEGATIF;NOTR;NEGATIF;AZALIYOR;SAT;AL;NOTR;1;15.09.2026
MANAS;izle;;62,0;21,6;21,4;19,1;0;0;guclu trend;23,9;47,2;65,2;asagi;guclu;yukselis;yukari;0,80;0,37;1;33,44;-2,51;794370410;41,33;SAT;NEGATIF;SAT;NEGATIF;AZALIYOR;SAT;SAT;NOTR;0;15.09.2026
ZOREN;AL;EVET;61,2;15,0;27,8;18,4;0;0;zayif;43,1;60,5;70,9;yukari;guclu;yukselis;asagi;3,86;0,57;2;2,52;4,56;796880239;2,20;AL;POZITIF;AL;POZITIF;ARTIYOR;AL;SAT;UCUZ (AL);5;15.09.2026
AVGYO;izle;;61,1;22,4;23,0;15,7;0;0;ilimli;18,1;52,0;40,5;asagi;guclu;yukselis;yukari;0,96;0,65;2;16,58;-0,84;28280208;18,21;SAT;POZITIF;NOTR;POZITIF;AZALIYOR;AL;AL;NOTR;4;15.09.2026
MAALT;izle;;60,8;16,9;25,9;18,0;52;5;zayif;32,6;57,2;48,5;yukari;guclu;zayif;asagi;3,77;0,24;2;1050;2,74;188145300;954,44;AL;POZITIF;AL;POZITIF;ARTIYOR;AL;AL;NOTR;6;15.09.2026
DOCO;izle;;60,7;19,9;10,4;30,5;22;2;zayif;14,7;40,6;13,4;asagi;zayif;zayif;yukari;1,84;-0,85;2;10972,5;0,64;71749178;11770,09;SAT;NEGATIF;NOTR;NEGATIF;AZALIYOR;SAT;SAT;NOTR;0;15.09.2026
METRO;izle;;60,5;28,3;12,2;20,1;0;0;zayif;14,0;42,4;42,9;yukari;zayif;zayif;yukari;0,75;-0,60;2;8,15;-4,68;42853735;7,70;SAT;NEGATIF;NOTR;NEGATIF;ARTIYOR;SAT;SAT;NOTR;0;15.09.2026
RYGYO;izle;;60,3;27,0;20,5;12,8;6;0;guclu trend;35,4;45,2;62,5;asagi;guclu;yukselis;yukari;0,96;0,41;3;42,2;-4,09;134445655;51,91;SAT;NEGATIF;AL;NEGATIF;ARTIYOR;SAT;SAT;NOTR;1;15.09.2026
EKGYO;izle;;59,9;20,4;24,8;14,7;0;0;zayif;25,7;48,6;37,0;yukari;guclu;zayif;asagi;0,85;-0,10;2;19,8;-3,79;2892483931;18,90;AL;NEGATIF;AL;POZITIF;ARTIYOR;SAT;SAT;NOTR;3;15.09.2026
ISCTR;izle;;59,8;19,9;26,9;13,0;0;0;zayif;29,5;53,2;62,3;yukari;guclu;yukselis;asagi;0,80;0,36;2;13,36;-3,47;8580475578;12,87;AL;POZITIF;AL;POZITIF;ARTIYOR;SAT;SAT;NOTR;4;15.09.2026
MIATK;izle;;59,4;14,0;27,5;18,0;0;0;zayif;27,3;55,3;68,0;yukari;guclu;yukselis;asagi;1,57;0,41;0;34,68;-9,97;1354248590;31,50;AL;POZITIF;AL;POZITIF;ARTIYOR;AL;SAT;NOTR;5;15.09.2026
GUBRF;izle;;59,1;27,5;19,5;12,1;10;1;zayif;28,4;45,5;56,6;yukari;guclu;yukselis;asagi;0,43;-0,37;2;461;-3,71;748938295;452,83;SAT;NEGATIF;SAT;NEGATIF;AZALIYOR;SAT;SAT;NOTR;0;15.09.2026
ARMGD;izle;;58,8;21,1;11,7;26,0;28;2;guclu trend;20,4;43,8;50,5;asagi;zayif;zayif;yukari;1,37;-0,64;3;176,2;9,99;333333927;205,67;SAT;NEGATIF;SAT;NEGATIF;ARTIYOR;SAT;SAT;NOTR;0;15.09.2026
ATATP;izle;;58,8;35,0;15,8;8,0;22;2;guclu trend;36,7;43,8;33,6;yukari;guclu;zayif;yukari;0,49;0,01;2;270,25;-4,17;159994216;267,66;SAT;NEGATIF;AL;NEGATIF;ARTIYOR;SAT;AL;NOTR;2;15.09.2026
HATSN;izle;;58,8;26,5;16,2;16,0;6;0;guclu trend;28,8;45,6;34,7;asagi;guclu;zayif;yukari;0,37;-0,30;3;60,05;-3,38;207755045;78,27;SAT;NEGATIF;AL;NEGATIF;AZALIYOR;SAT;SAT;NOTR;1;15.09.2026
ADGYO;izle;;58,5;27,3;19,6;11,7;10;0;zayif;17,4;45,7;43,9;yukari;guclu;yukselis;yukari;0,73;-0,12;4;56,55;-4,56;42380662;54,81;SAT;NEGATIF;NOTR;NEGATIF;ARTIYOR;SAT;SAT;NOTR;0;15.09.2026
KOCMT;izle;;58,3;17,9;14,4;26,0;32;3;zayif;24,5;46,5;52,7;asagi;zayif;zayif;yukari;2,49;-0,46;2;4,22;1,69;730657890;4,76;SAT;NEGATIF;AL;POZITIF;ARTIYOR;AL;AL;NOTR;4;15.09.2026
AGESA;izle;;58,1;29,7;14,3;14,1;6;0;guclu trend;24,9;43,9;68,3;yukari;guclu;zayif;yukari;0,63;-0,45;3;244;-1,61;35259708;239,61;SAT;NEGATIF;SAT;NEGATIF;AZALIYOR;SAT;SAT;NOTR;0;15.09.2026
TOASO;izle;;57,3;19,8;25,8;11,8;0;0;ilimli;23,0;53,3;48,1;yukari;guclu;zayif;asagi;0,93;0,22;1;284,25;0,00;997930688;263,78;AL;POZITIF;AL;POZITIF;AZALIYOR;AL;SAT;NOTR;5;15.09.2026
KERVN;izle;;57,2;29,8;11,4;16,0;22;2;guclu trend;25,4;43,1;43,1;yukari;zayif;zayif;yukari;0,37;-0,53;1;8,6;-9,57;3586295;8,56;SAT;NEGATIF;SAT;NEGATIF;ARTIYOR;SAT;SAT;NOTR;0;15.09.2026
SELEC;izle;;57,2;22,4;18,8;16,0;0;0;guclu trend;43,3;43,7;84,9;asagi;guclu;yukselis;yukari;0,01;0,73;0;291,75;-9,95;8491092;356,96;SAT;NEGATIF;SAT;NEGATIF;ARTIYOR;SAT;SAT;PAHALI (SAT);0;15.09.2026
POLHO;izle;;56,9;29,7;13,0;14,1;22;2;guclu trend;24,8;42,4;32,5;yukari;guclu;zayif;yukari;0,67;-0,47;2;21,6;-2,17;25448321;21,29;SAT;NEGATIF;SAT;NEGATIF;ARTIYOR;SAT;SAT;NOTR;0;15.09.2026
ATLAS;izle;;56,4;14,0;24,0;18,4;0;0;zayif;27,4;59,7;63,3;yukari;guclu;zayif;asagi;2,30;0,21;0;6,9;1,17;13654693;5,76;AL;POZITIF;AL;POZITIF;ARTIYOR;AL;AL;NOTR;6;15.09.2026
IHYAY;izle;;56,0;14,6;23,4;18,0;0;0;zayif;28,9;54,0;61,8;yukari;guclu;zayif;asagi;2,83;-0,54;2;1,29;-5,15;11541558;1,17;AL;POZITIF;AL;POZITIF;ARTIYOR;AL;SAT;UCUZ (AL);5;15.09.2026
BEYAZ;izle;;55,8;9,2;25,7;20,9;0;0;zayif;15,2;57,8;54,0;yukari;guclu;zayif;asagi;3,39;0,21;0;24,08;7,21;76154276;20,56;AL;POZITIF;NOTR;POZITIF;ARTIYOR;AL;AL;NOTR;5;15.09.2026
PNSUT;izle;;55,5;20,0;24,2;11,3;0;0;zayif;39,7;48,3;73,6;yukari;guclu;zayif;asagi;0,68;-0,27;1;11,21;-3,78;40329500;10,59;AL;NEGATIF;AL;NEGATIF;ARTIYOR;SAT;SAT;NOTR;2;15.09.2026
CRFSA;izle;;55,2;27,0;20,2;8,0;50;4;guclu trend;45,0;46,3;48,8;asagi;guclu;yukselis;yukari;0,44;0,49;4;246,7;-3,54;358962069;322,90;SAT;NEGATIF;AL;NEGATIF;AZALIYOR;SAT;AL;NOTR;2;15.09.2026
BUCIM;izle;;54,8;20,0;20,6;14,2;0;0;zayif;36,1;48,2;71,6;yukari;guclu;yukselis;asagi;0,26;-0,06;2;5,55;-3,65;8565654;5,40;SAT;NEGATIF;AL;NEGATIF;ARTIYOR;SAT;SAT;UCUZ (AL);1;15.09.2026
ISBTR;izle;;54,8;25,3;10,7;18,8;32;3;zayif;11,7;44,5;51,8;yukari;zayif;zayif;yukari;0,87;-0,39;1;490000;0,00;1960000;482449,90;SAT;NEGATIF;NOTR;NEGATIF;AZALIYOR;SAT;SAT;NOTR;0;14.09.2026
DENGE;izle;;54,6;19,6;25,5;9,4;22;2;zayif;29,1;51,2;71,1;yukari;guclu;zayif;asagi;0,99;0,20;2;2,41;0,84;58618647;2,22;AL;POZITIF;AL;POZITIF;ARTIYOR;SAT;SAT;UCUZ (AL);4;15.09.2026
TURGG;izle;;54,5;20,0;23,9;10,6;32;3;zayif;38,1;46,5;71,4;yukari;guclu;zayif;asagi;0,41;-0,30;0;27,86;-7,13;14948645;25,81;AL;NEGATIF;AL;NEGATIF;ARTIYOR;SAT;SAT;NOTR;2;15.09.2026
SANKO;izle;;54,1;15,0;26,7;12,4;40;3;zayif;39,3;56,0;87,8;yukari;guclu;yukselis;asagi;0,80;0,29;1;20;-3,38;8164220;18,50;AL;POZITIF;AL;POZITIF;ARTIYOR;AL;SAT;NOTR;5;15.09.2026
DOHOL;izle;;53,7;25,3;18,2;10,2;10;0;zayif;10,8;47,2;44,7;yukari;guclu;zayif;asagi;0,89;-0,22;4;21,34;-1,84;232475058;20,39;SAT;NEGATIF;NOTR;NEGATIF;ARTIYOR;SAT;SAT;NOTR;0;15.09.2026
IHGZT;izle;;53,5;15,0;20,5;18,0;0;0;zayif;32,5;47,8;75,9;yukari;zayif;zayif;asagi;1,66;-0,85;1;1,19;-5,56;55890880;1,14;AL;NEGATIF;AL;NEGATIF;ARTIYOR;AL;AL;UCUZ (AL);4;15.09.2026
IHEVA;izle;;53,3;10,3;21,5;21,6;0;0;zayif;17,8;47,6;47,1;yukari;guclu;zayif;asagi;3,81;-0,66;1;1,97;-5,74;12188266;1,89;AL;NEGATIF;NOTR;POZITIF;ARTIYOR;AL;AL;NOTR;4;15.09.2026
BORSK;izle;;53,3;26,3;15,7;11,3;0;0;zayif;33,2;44,8;59,6;yukari;guclu;zayif;asagi;0,47;-0,39;0;6,15;-1,91;31959502;5,97;SAT;NEGATIF;AL;NEGATIF;AZALIYOR;SAT;SAT;NOTR;1;15.09.2026
AKFGY;izle;;53,2;15,9;25,2;12,1;0;0;zayif;26,0;53,3;61,5;yukari;guclu;zayif;asagi;0,53;0,23;1;2,71;-4,24;46388406;2,63;AL;POZITIF;AL;POZITIF;ARTIYOR;AL;SAT;NOTR;5;15.09.2026
EGPRO;izle;;53,1;23,6;20,3;9,2;6;0;guclu trend;21,3;48,9;49,0;asagi;guclu;yukselis;yukari;0,77;0,02;3;37,08;-2,32;45695760;41,75;SAT;NEGATIF;AL;NEGATIF;ARTIYOR;SAT;SAT;NOTR;1;15.09.2026
MEPET;izle;;53,1;16,0;26,9;10,2;0;0;ilimli;11,4;53,4;57,2;yukari;guclu;yukselis;asagi;0,62;0,16;1;20,94;-0,95;4989374;17,93;AL;POZITIF;NOTR;POZITIF;AZALIYOR;AL;SAT;NOTR;4;15.09.2026
GOZDE;izle;;53,0;15,7;19,3;18,0;0;0;zayif;17,6;45,3;52,9;yukari;zayif;zayif;asagi;1,39;-0,70;1;22,24;-5,36;40172690;21,51;AL;NEGATIF;NOTR;POZITIF;ARTIYOR;AL;SAT;NOTR;3;15.09.2026
IHLAS;izle;;52,7;15,0;27,7;10,0;12;0;zayif;36,6;56,3;44,7;yukari;guclu;yukselis;asagi;4,34;0,52;2;1,15;-9,45;601358187;1,07;AL;POZITIF;AL;POZITIF;ARTIYOR;AL;AL;UCUZ (AL);6;15.09.2026
PETUN;izle;;52,0;20,0;18,9;13,1;32;3;zayif;46,7;47,3;72,7;yukari;guclu;zayif;asagi;0,54;-0,30;1;11,46;-2,30;21586343;10,87;SAT;NEGATIF;AL;NEGATIF;ARTIYOR;SAT;SAT;NOTR;1;15.09.2026
CANTE;izle;;51,7;15,0;23,4;13,3;0;0;zayif;33,7;47,4;61,8;yukari;guclu;zayif;asagi;0,89;-0,62;2;1,27;-3,79;430237207;1,23;AL;NEGATIF;AL;NEGATIF;ARTIYOR;SAT;SAT;UCUZ (AL);2;15.09.2026
IHLGM;izle;;51,7;13,0;20,6;18,0;0;0;zayif;25,0;47,8;71,0;yukari;zayif;zayif;asagi;2,30;-0,93;0;1,59;-8,09;109226344;1,52;AL;NEGATIF;AL;NEGATIF;ARTIYOR;AL;SAT;UCUZ (AL);3;15.09.2026
EYGYO;izle;;51,7;16,1;14,8;20,7;6;0;zayif;20,0;44,4;59,7;yukari;guclu;zayif;asagi;1,24;-0,51;3;2,52;-4,91;22392259;2,35;SAT;NEGATIF;NOTR;NEGATIF;ARTIYOR;SAT;SAT;UCUZ (AL);0;15.09.2026
AHSGY;izle;;51,2;15,9;17,3;18,0;6;0;zayif;24,5;48,5;54,6;yukari;zayif;zayif;asagi;1,53;-0,94;3;16,92;-9,95;94263655;15,17;AL;NEGATIF;AL;POZITIF;ARTIYOR;AL;AL;NOTR;5;15.09.2026
JANTS;izle;;50,8;20,0;27,5;3,3;40;4;zayif;43,7;54,1;32,2;yukari;guclu;yukselis;asagi;0,76;0,43;1;16,15;-0,92;71600250;15,25;AL;POZITIF;AL;POZITIF;AZALIYOR;AL;SAT;NOTR;5;15.09.2026
TGSAS;izle;;50,6;20,6;14,0;16,0;0;0;zayif;16,7;44,0;58,4;asagi;guclu;zayif;yukari;0,36;-0,32;2;198;-5,04;63142398;260,20;SAT;NEGATIF;NOTR;NEGATIF;ARTIYOR;SAT;SAT;NOTR;0;15.09.2026
AKFYE;izle;;50,6;21,6;19,1;9,9;0;0;zayif;21,3;45,5;66,3;asagi;zayif;zayif;asagi;0,81;-0,63;0;23;-6,43;206181499;28,53;AL;NEGATIF;AL;POZITIF;ARTIYOR;SAT;SAT;NOTR;3;15.09.2026
ANELE;izle;;50,6;22,4;12,1;16,0;0;0;guclu trend;32,7;38,5;65,6;asagi;guclu;zayif;yukari;0,56;-0,42;0;144;-10,00;574239600;195,96;SAT;NEGATIF;SAT;NEGATIF;ARTIYOR;SAT;SAT;PAHALI (SAT);0;15.09.2026
VBTYZ;izle;;50,6;30,3;11,2;9,1;46;5;guclu trend;28,8;40,6;28,2;yukari;zayif;zayif;yukari;0,61;-0,47;3;32,8;-3,19;54131972;32,80;SAT;NEGATIF;SAT;NEGATIF;AZALIYOR;SAT;SAT;NOTR;0;15.09.2026
ALBRK;izle;;50,3;24,4;13,3;12,6;0;0;zayif;31,5;41,5;50,7;yukari;guclu;zayif;asagi;1,17;-0,62;2;8,4;-3,45;157502730;8,39;SAT;NEGATIF;SAT;NEGATIF;ARTIYOR;SAT;SAT;NOTR;0;15.09.2026
KLYPV;izle;;50,0;25,8;14,2;10,0;0;0;zayif;29,1;44,6;43,0;yukari;zayif;zayif;asagi;0,49;-0,50;2;59,9;-3,39;91730021;59,40;SAT;NEGATIF;AL;NEGATIF;ARTIYOR;SAT;SAT;NOTR;1;15.09.2026
AYDEM;izle;;49,4;23,9;13,7;11,8;40;4;zayif;19,8;44,5;41,0;yukari;guclu;zayif;asagi;0,70;-0,58;2;25,4;-2,46;56772048;24,22;SAT;NEGATIF;NOTR;NEGATIF;ARTIYOR;SAT;SAT;NOTR;0;15.09.2026
TTKOM;izle;;49,0;11,8;23,5;13,7;0;0;zayif;21,7;50,8;50,1;yukari;guclu;zayif;asagi;0,85;-0,28;1;54,85;-4,44;1873274388;52,54;AL;POZITIF;AL;POZITIF;ARTIYOR;AL;SAT;NOTR;5;15.09.2026
SISE;izle;;48,9;17,4;25,3;6,3;0;0;zayif;29,2;52,3;69,4;yukari;guclu;zayif;asagi;0,83;0,14;2;42,4;-2,57;2934049642;40,91;AL;POZITIF;AL;POZITIF;AZALIYOR;AL;SAT;NOTR;5;15.09.2026
FORTE;izle;;47,8;23,7;16,1;8,0;10;1;guclu trend;21,5;45,3;39,7;asagi;zayif;zayif;yukari;0,64;-0,27;2;112,3;-4,99;134939343;130,93;SAT;NEGATIF;AL;POZITIF;ARTIYOR;AL;SAT;NOTR;3;15.09.2026
VESBE;izle;;47,5;15,0;22,5;10,0;6;0;zayif;35,0;51,8;84,8;yukari;guclu;zayif;asagi;2,01;-0,34;3;5,72;-0,69;306337151;5,12;AL;POZITIF;AL;POZITIF;ARTIYOR;AL;SAT;UCUZ (AL);5;15.09.2026
PRZMA;izle;;47,2;29,2;10,1;8,0;28;2;guclu trend;20,6;43,3;59,9;yukari;zayif;zayif;yukari;0,22;-0,32;3;69,85;-1,27;56530303;67,71;SAT;NEGATIF;SAT;NEGATIF;AZALIYOR;SAT;SAT;PAHALI (SAT);0;15.09.2026
KRDMA;izle;;47,0;27,0;12,0;8,0;20;1;guclu trend;37,0;40,3;50,4;asagi;guclu;zayif;yukari;0,50;-0,42;4;47,58;-6,34;306651244;61,16;SAT;NEGATIF;AL;NEGATIF;ARTIYOR;SAT;SAT;NOTR;1;15.09.2026
ALCAR;izle;;46,7;11,8;16,9;18,0;0;0;zayif;21,7;45,6;78,3;yukari;zayif;zayif;asagi;1,45;-1,10;0;692;-8,22;47528636;664,39;AL;NEGATIF;AL;POZITIF;ARTIYOR;AL;SAT;UCUZ (AL);4;15.09.2026
EREGL;izle;;46,7;14,4;19,6;12,7;10;1;zayif;15,6;46,7;45,0;asagi;zayif;zayif;yukari;0,83;-0,62;1;38,26;-1,54;4944970746;40,26;AL;NEGATIF;NOTR;POZITIF;AZALIYOR;AL;SAT;NOTR;3;15.09.2026
ENKAI;izle;;46,2;12,7;18,0;15,5;6;0;zayif;20,5;44,8;58,8;yukari;zayif;zayif;asagi;0,83;-1,07;3;85,8;-3,92;1075857611;83,42;AL;NEGATIF;SAT;NEGATIF;ARTIYOR;SAT;SAT;NOTR;1;15.09.2026
BMSCH;izle;;45,8;13,9;13,9;18,0;0;0;zayif;27,2;44,6;53,2;yukari;zayif;zayif;asagi;1,41;-2,21;2;10,95;-0,99;34086956;10,06;AL;NEGATIF;AL;POZITIF;ARTIYOR;AL;SAT;UCUZ (AL);4;15.09.2026
HKTM;izle;;45,7;23,2;22,5;0,0;16;1;zayif;47,3;47,7;34,4;yukari;guclu;yukselis;asagi;0,39;-0,01;3;12,6;0,24;86938929;12,25;SAT;NEGATIF;AL;NEGATIF;AZALIYOR;SAT;AL;NOTR;2;15.09.2026
AGYO;izle;;45,6;5,1;26,8;13,7;16;1;zayif;19,9;58,7;56,3;asagi;guclu;yukselis;asagi;0,76;0,36;3;7,73;-0,13;1791126;7,83;AL;POZITIF;NOTR;POZITIF;ARTIYOR;AL;SAT;NOTR;4;15.09.2026
AVOD;izle;;45,4;20,0;17,4;8,0;0;0;zayif;41,7;45,6;70,5;yukari;guclu;zayif;asagi;0,47;-0,47;0;4,01;-5,65;22868212;3,92;SAT;NEGATIF;AL;POZITIF;ARTIYOR;SAT;SAT;NOTR;2;15.09.2026
AKFIS;izle;;45,3;21,0;6,3;18,0;6;0;zayif;19,6;38,0;29,3;asagi;zayif;zayif;yukari;1,43;-0,87;3;14,74;-3,79;410562845;18,35;SAT;NEGATIF;NOTR;NEGATIF;ARTIYOR;SAT;SAT;PAHALI (SAT);0;15.09.2026
ISMEN;izle;;45,3;13,3;19,2;12,8;0;0;zayif;25,7;45,2;67,3;yukari;zayif;zayif;asagi;0,65;-1,18;2;33,56;-4,00;169419035;32,52;AL;NEGATIF;AL;NEGATIF;ARTIYOR;SAT;SAT;UCUZ (AL);2;15.09.2026
KRTEK;izle;;45,2;10,6;22,6;12,0;0;0;zayif;18,6;56,4;55,5;yukari;zayif;zayif;asagi;0,84;-0,16;2;5,85;0,69;4460988;5,00;AL;POZITIF;NOTR;POZITIF;ARTIYOR;AL;AL;NOTR;5;15.09.2026
GRTHO;izle;;45,2;11,4;20,3;13,5;0;0;zayif;20,7;50,6;49,8;yukari;zayif;zayif;asagi;0,92;-0,32;1;220,3;-6,14;278175454;187,30;AL;POZITIF;AL;POZITIF;ARTIYOR;AL;AL;NOTR;6;15.09.2026
GLCVY;izle;;43,6;2,0;21,5;20,0;10;1;zayif;17,2;48,5;40,0;asagi;guclu;zayif;asagi;1,81;-0,67;1;52;0,00;63226124;55,12;AL;NEGATIF;NOTR;NEGATIF;ARTIYOR;SAT;SAT;UCUZ (AL);1;15.09.2026
NUHCM;izle;;43,5;10,5;20,4;12,7;0;0;zayif;18,4;45,0;38,5;yukari;zayif;zayif;asagi;0,34;-0,89;0;214;-2,55;4885192;204,30;AL;NEGATIF;NOTR;POZITIF;ARTIYOR;AL;SAT;NOTR;3;15.09.2026
KUTPO;izle;;43,5;3,3;19,3;21,0;40;5;zayif;20,4;46,3;36,6;asagi;zayif;zayif;asagi;2,46;-1,16;1;79,6;2,12;37762399;83,78;AL;NEGATIF;AL;NEGATIF;ARTIYOR;AL;AL;UCUZ (AL);4;15.09.2026
ISBIR;izle;;43,4;13,3;16,9;13,2;0;0;zayif;14,5;46,7;44,2;yukari;guclu;zayif;asagi;0,48;-0,55;1;71;0,00;845965;70,46;SAT;NEGATIF;NOTR;NEGATIF;ARTIYOR;SAT;SAT;NOTR;0;15.09.2026
MRSHL;izle;;43,4;17,4;19,1;6,9;0;0;zayif;22,9;47,0;49,6;yukari;zayif;zayif;asagi;1,11;-0,54;1;1628;-3,33;72657640;1462,12;AL;NEGATIF;AL;POZITIF;ARTIYOR;AL;SAT;NOTR;4;15.09.2026
KSTUR;izle;;43,3;14,8;16,2;12,2;0;0;zayif;29,5;49,9;32,6;yukari;zayif;zayif;asagi;1,19;-1,57;2;2350;6,38;2411100;2128,87;AL;NEGATIF;AL;NEGATIF;ARTIYOR;AL;AL;NOTR;4;15.09.2026
AEFES;izle;;43,0;15,6;17,1;10,3;0;0;zayif;22,3;45,3;57,3;yukari;zayif;zayif;asagi;0,70;-1,27;1;18,98;-3,65;618275455;18,27;AL;NEGATIF;SAT;POZITIF;ARTIYOR;AL;SAT;NOTR;3;15.09.2026
MHRGY;izle;;42,1;11,6;14,1;16,3;10;1;zayif;21,4;42,3;57,3;yukari;zayif;zayif;asagi;1,20;-1,56;1;2,16;-4,00;18468259;2,07;AL;NEGATIF;AL;POZITIF;ARTIYOR;SAT;SAT;NOTR;3;15.09.2026
OZGYO;izle;;41,9;10,5;14,5;17,0;0;0;zayif;27,3;45,2;44,8;asagi;zayif;zayif;asagi;1,24;-0,87;2;2,04;0,00;39616541;2,25;SAT;NEGATIF;AL;NEGATIF;AZALIYOR;SAT;SAT;NOTR;1;15.09.2026
SONME;izle;;41,7;21,7;18,5;1,5;6;0;zayif;34,1;45,6;31,7;yukari;guclu;zayif;asagi;0,70;-0,16;3;133,7;-0,52;3866069;126,44;SAT;NEGATIF;AL;NEGATIF;AZALIYOR;SAT;SAT;NOTR;1;15.09.2026
ANSGR;izle;;41,4;8,2;13,8;19,4;28;2;zayif;16,9;44,9;50,3;asagi;zayif;zayif;asagi;1,38;-0,96;3;26,78;0,68;147886444;28,02;SAT;NEGATIF;NOTR;NEGATIF;AZALIYOR;AL;AL;NOTR;2;15.09.2026
RGYAS;izle;;41,3;21,0;5,9;14,4;40;4;zayif;19,5;36,4;39,8;asagi;zayif;zayif;asagi;0,80;-1,57;2;192,5;-3,22;383535653;212,70;SAT;NEGATIF;NOTR;NEGATIF;ARTIYOR;SAT;SAT;NOTR;0;15.09.2026
NTGAZ;izle;;41,0;17,7;16,6;6,7;38;3;zayif;24,2;46,1;61,8;yukari;guclu;zayif;asagi;0,73;-0,64;3;11,09;-1,42;29877591;10,47;SAT;NEGATIF;AL;NEGATIF;AZALIYOR;SAT;SAT;NOTR;1;15.09.2026
BASGZ;izle;;40,8;7,7;16,1;17,1;22;2;zayif;24,0;42,3;57,9;asagi;zayif;zayif;asagi;1,58;-1,42;1;43,74;-3,40;23933172;46,46;AL;NEGATIF;AL;NEGATIF;ARTIYOR;SAT;SAT;NOTR;2;15.09.2026
RUZYE;izle;;40,5;8,9;13,5;18,0;6;0;zayif;18,7;42,9;43,3;yukari;zayif;zayif;asagi;1,70;-1,43;3;8,3;-6,00;107265316;8,13;AL;NEGATIF;NOTR;NEGATIF;ARTIYOR;SAT;SAT;UCUZ (AL);1;15.09.2026
FROTO;izle;;40,4;9,7;20,0;10,7;32;3;zayif;24,1;45,6;48,1;yukari;zayif;zayif;asagi;1,11;-1,20;1;78,4;-4,10;1811467672;76,70;AL;NEGATIF;SAT;POZITIF;ARTIYOR;SAT;SAT;UCUZ (AL);2;15.09.2026
ALTNY;izle;;40,3;21,4;16,7;2,2;0;0;zayif;14,4;45,1;50,7;yukari;guclu;zayif;asagi;0,67;-0,39;1;16,62;0,00;349512567;16,42;SAT;NEGATIF;NOTR;NEGATIF;AZALIYOR;SAT;SAT;NOTR;0;15.09.2026
TSKB;izle;;40,2;0,9;23,6;15,7;0;0;zayif;14,4;50,5;54,7;asagi;guclu;zayif;asagi;1,45;-0,20;2;11,23;-2,26;311991063;11,64;AL;POZITIF;NOTR;POZITIF;ARTIYOR;AL;SAT;NOTR;4;15.09.2026
CMBTN;izle;;40,1;6,9;22,7;10,5;0;0;zayif;29,6;50,0;57,2;asagi;guclu;zayif;asagi;0,85;-0,25;2;1560;-1,27;30772560;1649,89;AL;NEGATIF;AL;POZITIF;ARTIYOR;AL;AL;UCUZ (AL);5;15.09.2026
LOGO;izle;;40,0;10,1;18,9;10,9;10;1;zayif;17,4;44,8;49,8;yukari;guclu;zayif;asagi;0,72;-0,87;0;134,4;-3,66;55200634;131,11;AL;NEGATIF;NOTR;NEGATIF;ARTIYOR;SAT;SAT;NOTR;1;15.09.2026
OZYSR;izle;;39,7;14,4;7,2;18,0;0;0;zayif;21,0;40,4;44,9;yukari;zayif;zayif;asagi;1,35;-1,57;2;11,4;-4,12;41450126;11,14;SAT;NEGATIF;SAT;NEGATIF;ARTIYOR;SAT;SAT;NOTR;0;15.09.2026
SAHOL;izle;;39,6;14,5;13,8;11,3;32;3;zayif;17,9;41,9;46,0;yukari;guclu;zayif;asagi;1,10;-0,76;2;90,3;-4,90;3592801498;89,95;SAT;NEGATIF;NOTR;NEGATIF;ARTIYOR;SAT;SAT;NOTR;0;15.09.2026
AYCES;izle;;39,1;0,0;21,1;18,0;0;0;zayif;10,6;54,9;51,1;asagi;guclu;zayif;asagi;1,40;-0,92;2;466,75;9,95;60815658;477,34;AL;POZITIF;NOTR;POZITIF;ARTIYOR;AL;AL;NOTR;5;15.09.2026
BIOEN;izle;;38,5;14,1;17,1;7,4;6;0;zayif;19,7;45,0;48,2;yukari;guclu;zayif;asagi;0,59;-0,38;3;18,07;-1,58;105635178;17,84;SAT;NEGATIF;NOTR;NEGATIF;ARTIYOR;SAT;SAT;NOTR;0;15.09.2026
BIGTK;izle;;37,9;17,6;12,3;8,0;32;3;guclu trend;23,9;44,8;45,3;asagi;zayif;zayif;asagi;0,30;-0,50;1;300,25;-4,00;65860438;367,92;SAT;NEGATIF;SAT;NEGATIF;AZALIYOR;AL;AL;NOTR;2;15.09.2026
BINBN;izle;;37,7;15,6;10,6;11,5;0;0;zayif;22,5;42,3;37,7;yukari;zayif;zayif;asagi;0,66;-0,89;1;170,3;-4,27;33883910;165,95;SAT;NEGATIF;AL;NEGATIF;ARTIYOR;SAT;SAT;NOTR;1;15.09.2026
ARDYZ;izle;;37,4;22,4;6,9;8,0;0;0;guclu trend;32,5;37,7;40,8;asagi;zayif;zayif;yukari;0,65;-0,78;2;74,4;-4,25;214367827;89,83;SAT;NEGATIF;SAT;NEGATIF;AZALIYOR;SAT;SAT;NOTR;0;15.09.2026
OSTIM;izle;;37,4;2,5;19,0;15,9;0;0;zayif;18,4;47,6;50,2;asagi;zayif;zayif;asagi;1,17;-1,27;2;1,59;-4,79;25334550;1,67;AL;NEGATIF;NOTR;POZITIF;ARTIYOR;AL;SAT;UCUZ (AL);3;15.09.2026
CCOLA;izle;;36,8;11,7;13,3;11,8;0;0;zayif;21,6;42,5;48,6;asagi;zayif;zayif;asagi;1,59;-1,49;2;78;-3,29;722130630;84,19;AL;NEGATIF;SAT;POZITIF;ARTIYOR;SAT;SAT;NOTR;2;15.09.2026
TTRAK;izle;;36,7;9,3;13,0;14,3;0;0;zayif;21,7;43,6;35,0;yukari;guclu;zayif;asagi;1,19;-0,96;2;419,5;-1,53;48170346;409,40;SAT;NEGATIF;SAT;NEGATIF;ARTIYOR;SAT;SAT;UCUZ (AL);0;15.09.2026
DMRGD;izle;;36,5;14,5;10,1;12,0;0;0;zayif;22,7;40,5;22,1;asagi;zayif;zayif;yukari;0,45;-0,89;2;10,5;0,00;147820575;11,92;SAT;NEGATIF;SAT;NEGATIF;AZALIYOR;SAT;SAT;PAHALI (SAT);0;15.09.2026
OBAMS;izle;;36,5;13,0;15,5;8,0;0;0;zayif;25,0;45,9;56,3;yukari;guclu;zayif;asagi;0,45;-1,39;0;5,19;-4,07;111517130;4,83;SAT;NEGATIF;AL;NEGATIF;ARTIYOR;SAT;SAT;UCUZ (AL);1;15.09.2026
PRKME;izle;;36,5;12,7;15,7;8,0;6;0;zayif;24,2;46,0;69,2;yukari;zayif;zayif;asagi;0,62;-0,62;3;18,1;-0,82;37094574;16,36;SAT;NEGATIF;AL;NEGATIF;AZALIYOR;SAT;SAT;NOTR;1;15.09.2026
BIZIM;izle;;36,4;13,4;21,3;1,7;16;1;zayif;25,8;46,8;44,8;yukari;guclu;zayif;asagi;0,74;-0,76;3;24,26;-1,30;6325577;23,23;AL;NEGATIF;AL;NEGATIF;AZALIYOR;SAT;SAT;NOTR;2;15.09.2026
ATSYH;izle;;36,4;20,3;7,3;8,8;32;3;zayif;14,5;41,2;62,2;asagi;zayif;zayif;yukari;0,62;-0,95;2;110;-5,98;2738560;128,94;SAT;NEGATIF;NOTR;NEGATIF;ARTIYOR;SAT;SAT;NOTR;0;15.09.2026
GRNYO;izle;;36,3;10,4;11,8;14,0;0;0;zayif;32,4;37,7;45,6;yukari;zayif;zayif;asagi;1,30;-3,28;1;11,44;-8,48;6488848;10,80;AL;NEGATIF;SAT;NEGATIF;ARTIYOR;AL;SAT;NOTR;2;15.09.2026
AKSA;izle;;36,0;13,6;13,2;9,2;0;0;zayif;22,9;42,4;52,1;yukari;zayif;zayif;asagi;0,57;-1,65;0;10,92;-1,53;116413643;10,52;AL;NEGATIF;SAT;POZITIF;AZALIYOR;AL;SAT;NOTR;3;15.09.2026
ALGYO;izle;;35,9;8,6;17,0;10,2;32;3;zayif;16,7;43,4;53,3;yukari;zayif;zayif;asagi;1,59;-2,26;1;3,5;-5,41;132170378;3,35;AL;NEGATIF;NOTR;NEGATIF;ARTIYOR;SAT;SAT;NOTR;1;15.09.2026
YKBNK;izle;;35,3;18,3;12,5;4,6;22;2;zayif;14,1;42,1;47,2;yukari;guclu;zayif;asagi;0,98;-1,03;2;34,68;-5,35;7932207588;34,06;SAT;NEGATIF;NOTR;NEGATIF;ARTIYOR;SAT;SAT;NOTR;0;15.09.2026
MAVI;izle;;35,1;2,3;11,4;21,4;6;0;zayif;29,2;36,3;39,2;asagi;zayif;zayif;asagi;1,33;-2,38;3;35,94;-4,21;217636862;38,68;AL;NEGATIF;SAT;NEGATIF;ARTIYOR;AL;SAT;UCUZ (AL);2;15.09.2026
ALTIN;izle;;35,1;7,9;17,2;10,0;0;0;zayif;18,0;45,9;40,7;asagi;guclu;zayif;asagi;0,57;-0,45;2;73,27;0,12;796717025;77,86;SAT;NEGATIF;NOTR;POZITIF;AZALIYOR;SAT;SAT;UCUZ (AL);1;15.09.2026
DAGI;izle;;35,1;21,8;5,3;8,0;6;0;guclu trend;25,3;37,4;21,3;asagi;zayif;zayif;yukari;0,59;-1,21;3;8,81;-1,67;39999479;10,46;SAT;NEGATIF;SAT;NEGATIF;AZALIYOR;SAT;SAT;NOTR;0;15.09.2026
GOODY;izle;;35,0;9,6;17,3;8,0;0;0;zayif;16,2;43,6;55,5;yukari;zayif;zayif;asagi;0,62;-1,10;1;2,61;-2,25;22877903;2,60;AL;NEGATIF;NOTR;NEGATIF;ARTIYOR;SAT;SAT;NOTR;1;15.09.2026
AKBNK;izle;;34,3;14,8;15,2;4,4;0;0;zayif;17,5;44,0;38,1;yukari;guclu;zayif;asagi;0,84;-0,55;2;69,55;-4,14;10464589675;67,48;SAT;NEGATIF;NOTR;NEGATIF;ARTIYOR;SAT;SAT;NOTR;0;15.09.2026
ARCLK;izle;;34,2;8,5;14,0;11,7;0;0;zayif;15,8;40,8;44,1;yukari;zayif;zayif;asagi;0,68;-2,17;2;91,2;-3,34;103024262;89,48;AL;NEGATIF;NOTR;POZITIF;ARTIYOR;AL;SAT;UCUZ (AL);3;15.09.2026
ANGEN;izle;;34,1;10,6;13,5;10,0;6;0;zayif;18,8;43,2;31,0;yukari;zayif;zayif;asagi;5,59;-1,98;3;8,84;-9,98;107623747;8,71;AL;NEGATIF;NOTR;NEGATIF;ARTIYOR;AL;SAT;NOTR;2;15.09.2026
CUSAN;izle;;34,0;4,3;21,7;8,0;0;0;zayif;20,4;46,4;60,1;asagi;zayif;zayif;asagi;0,52;-0,45;1;24,16;-2,03;11761789;27,24;AL;NEGATIF;AL;POZITIF;AZALIYOR;AL;SAT;NOTR;4;15.09.2026
ETYAT;izle;;33,9;21,8;2,9;9,2;46;4;guclu trend;25,2;30,8;27,0;asagi;zayif;zayif;asagi;1,25;-1,37;3;12,79;-7,32;14541130;16,21;SAT;NEGATIF;SAT;NEGATIF;ARTIYOR;SAT;SAT;NOTR;0;15.09.2026
VERUS;izle;;33,9;22,4;7,4;4,0;10;1;zayif;31,6;36,5;34,9;asagi;zayif;zayif;asagi;0,45;-1,62;2;523;-3,77;22881250;650,43;SAT;NEGATIF;SAT;NEGATIF;AZALIYOR;SAT;SAT;NOTR;0;15.09.2026
GLRMK;izle;;33,7;5,0;16,3;12,5;32;3;zayif;24,7;45,5;42,0;asagi;guclu;zayif;asagi;0,59;-0,73;2;164,2;-3,86;425141057;178,38;SAT;NEGATIF;AL;NEGATIF;AZALIYOR;AL;SAT;NOTR;2;15.09.2026
ADESE;izle;;33,4;7,0;15,2;11,2;6;0;zayif;31,0;43,1;39,5;asagi;zayif;zayif;asagi;1,79;-1,59;3;0,84;0,00;196433527;0,92;AL;NEGATIF;AL;NEGATIF;AZALIYOR;SAT;SAT;UCUZ (AL);2;15.09.2026
SUWEN;izle;;32,9;3,9;27,2;1,8;18;1;zayif;22,1;56,5;81,2;asagi;guclu;yukselis;asagi;0,58;0,28;2;6,87;-0,43;31825495;7,06;AL;POZITIF;AL;POZITIF;AZALIYOR;AL;AL;UCUZ (AL);6;15.09.2026
AKENR;izle;;32,7;3,7;12,0;17,0;10;1;zayif;21,5;44,2;58,2;asagi;zayif;zayif;asagi;1,24;-1,19;2;10,18;0,20;110148974;11,26;SAT;NEGATIF;AL;NEGATIF;ARTIYOR;SAT;SAT;NOTR;1;15.09.2026
MACKO;izle;;32,6;8,8;18,0;5,9;10;0;zayif;14,0;46,9;65,8;yukari;guclu;zayif;asagi;0,55;-0,44;4;34,24;-0,23;16769896;31,82;SAT;NEGATIF;NOTR;NEGATIF;AZALIYOR;SAT;SAT;NOTR;0;15.09.2026
GLYHO;izle;;32,6;16,3;8,7;7,6;50;4;zayif;20,4;39,9;49,7;asagi;zayif;zayif;asagi;0,98;-1,31;4;16,17;-1,40;44768876;17,60;SAT;NEGATIF;AL;NEGATIF;AZALIYOR;SAT;SAT;NOTR;1;15.09.2026
TURSG;izle;;32,5;4,9;16,1;11,5;6;0;zayif;12,8;43,0;51,3;asagi;zayif;zayif;asagi;0,58;-1,14;3;6,06;-2,10;234282254;6,59;AL;NEGATIF;NOTR;NEGATIF;ARTIYOR;SAT;SAT;NOTR;1;15.09.2026
NIBAS;izle;;32,5;13,4;19,1;0,0;32;3;zayif;25,9;47,3;51,4;yukari;guclu;yukselis;asagi;0,27;-0,48;1;4,11;-3,52;38015992;3,94;SAT;NEGATIF;AL;NEGATIF;AZALIYOR;SAT;SAT;NOTR;1;15.09.2026
SERNT;izle;;32,2;8,7;15,5;8,0;0;0;zayif;16,8;43,8;46,2;yukari;zayif;zayif;asagi;0,67;-1,33;2;7,95;0,25;22935019;7,61;AL;NEGATIF;NOTR;NEGATIF;AZALIYOR;SAT;SAT;NOTR;1;15.09.2026
TRGYO;izle;;32,1;18,6;8,7;4,8;0;0;zayif;17,9;39,2;47,3;yukari;zayif;zayif;asagi;0,62;-1,52;2;92;-2,02;74312080;91,22;SAT;NEGATIF;NOTR;NEGATIF;ARTIYOR;SAT;SAT;NOTR;0;15.09.2026
GARAN;izle;;32,0;13,6;11,9;6,5;22;2;zayif;16,4;41,0;56,2;yukari;guclu;zayif;asagi;0,81;-1,02;2;127,8;-4,56;3680875280;125,31;SAT;NEGATIF;NOTR;NEGATIF;ARTIYOR;SAT;SAT;NOTR;0;15.09.2026
YESIL;izle;;32,0;1,2;12,7;18,0;6;0;zayif;21,1;40,8;39,0;asagi;zayif;zayif;asagi;2,91;-2,65;3;1,14;2,70;49687875;1,21;AL;NEGATIF;SAT;NEGATIF;ARTIYOR;AL;AL;UCUZ (AL);3;15.09.2026
BLCYT;izle;;31,9;14,8;9,1;8,0;0;0;zayif;29,4;42,9;59,5;yukari;zayif;zayif;asagi;0,43;-1,63;1;1,98;-1,98;40617126;1,88;SAT;NEGATIF;AL;NEGATIF;AZALIYOR;SAT;SAT;UCUZ (AL);1;15.09.2026
BFREN;izle;;31,8;4,2;7,6;20,0;0;0;zayif;22,8;36,4;46,9;asagi;zayif;zayif;asagi;1,17;-1,84;1;123,2;-2,99;28385034;134,63;SAT;NEGATIF;AL;NEGATIF;ARTIYOR;SAT;SAT;UCUZ (AL);1;15.09.2026
RTALB;izle;;31,8;9,0;12,8;10,0;6;0;zayif;14,6;41,1;24,5;yukari;zayif;zayif;asagi;5,79;-2,45;3;2,74;-9,57;275932253;2,68;AL;NEGATIF;NOTR;NEGATIF;ARTIYOR;AL;SAT;NOTR;2;15.09.2026
DOKTA;izle;;31,7;12,3;13,9;5,5;10;1;zayif;23,0;44,8;44,5;yukari;zayif;zayif;asagi;0,49;-0,83;2;22,32;-2,53;9111783;21,43;SAT;NEGATIF;AL;NEGATIF;ARTIYOR;SAT;SAT;NOTR;1;15.09.2026
MAGEN;izle;;31,7;0,1;13,5;18,1;32;3;zayif;13,0;43,3;60,7;asagi;zayif;zayif;asagi;1,43;-1,64;2;33,54;-4,55;897677641;37,68;AL;NEGATIF;NOTR;POZITIF;ARTIYOR;SAT;SAT;NOTR;2;15.09.2026
BLUME;izle;;31,6;6,1;16,8;8,8;16;1;zayif;19,8;43,5;30,8;asagi;guclu;zayif;asagi;0,61;-0,40;3;36,9;1,77;73804317;44,04;SAT;NEGATIF;NOTR;NEGATIF;AZALIYOR;SAT;AL;UCUZ (AL);1;15.09.2026
IZFAS;izle;;31,6;3,8;9,8;18,0;0;0;zayif;18,0;43,3;57,2;asagi;zayif;zayif;asagi;1,52;-1,39;1;51;8,65;518337888;63,36;SAT;NEGATIF;NOTR;NEGATIF;ARTIYOR;SAT;SAT;NOTR;0;15.09.2026
FMIZP;izle;;31,4;8,6;15,8;7,0;32;3;zayif;16,5;45,4;38,0;yukari;zayif;zayif;asagi;0,88;-0,73;2;286,75;-2,05;14066521;280,92;SAT;NEGATIF;NOTR;NEGATIF;ARTIYOR;SAT;AL;NOTR;1;15.09.2026
EMNIS;izle;;31,4;8,2;9,1;14,0;6;0;zayif;13,7;41,3;33,7;yukari;zayif;zayif;asagi;1,37;-1,92;3;150,9;-2,01;1262580;150,46;SAT;NEGATIF;NOTR;NEGATIF;ARTIYOR;SAT;SAT;NOTR;0;15.09.2026
FZLGY;izle;;31,3;5,1;16,0;10,2;0;0;zayif;25,2;47,5;50,9;asagi;zayif;zayif;asagi;1,07;-1,91;2;9,45;0,43;220670437;9,66;AL;NEGATIF;AL;POZITIF;AZALIYOR;AL;AL;NOTR;5;15.09.2026
YIGIT;izle;;30,9;10,9;10,9;9,2;0;0;zayif;19,5;42,1;59,3;yukari;zayif;zayif;asagi;0,51;-1,34;1;21,1;-2,59;40545507;20,59;SAT;NEGATIF;NOTR;NEGATIF;AZALIYOR;SAT;SAT;NOTR;0;15.09.2026
YEOTK;izle;;30,9;11,1;12,6;7,3;10;0;zayif;16,3;40,2;49,6;asagi;zayif;zayif;asagi;1,14;-2,07;4;32,34;-5,82;622234989;37,14;AL;NEGATIF;NOTR;NEGATIF;ARTIYOR;AL;AL;NOTR;3;15.09.2026
MOBTL;izle;;30,7;8,5;12,4;9,7;10;0;zayif;11,5;39,7;33,0;asagi;zayif;zayif;asagi;1,28;-1,96;5;12,4;-1,59;56379750;14,08;AL;NEGATIF;NOTR;NEGATIF;AZALIYOR;SAT;SAT;NOTR;1;15.09.2026
PCILT;izle;;30,2;17,0;5,8;7,5;6;0;zayif;13,9;38,7;20,3;yukari;zayif;zayif;asagi;1,15;-1,50;3;29,76;-2,36;87942348;29,53;SAT;NEGATIF;NOTR;NEGATIF;ARTIYOR;SAT;AL;NOTR;1;15.09.2026
DIRIT;izle;;30,2;5,0;15,3;9,9;6;0;zayif;11,9;44,5;56,0;asagi;guclu;yukselis;asagi;0,67;-0,49;3;25,04;-2,64;944859;28,86;SAT;NEGATIF;NOTR;NEGATIF;AZALIYOR;SAT;SAT;NOTR;0;15.09.2026
LKMNH;izle;;30,2;2,4;14,5;13,3;6;0;zayif;37,8;43,9;71,1;asagi;zayif;zayif;asagi;0,94;-1,46;3;13,16;-2,66;29633885;13,89;AL;NEGATIF;SAT;NEGATIF;ARTIYOR;AL;AL;UCUZ (AL);3;15.09.2026
DYOBY;izle;;30,1;14,0;8,1;8,0;40;5;zayif;27,5;39,1;54,5;yukari;zayif;zayif;asagi;0,57;-1,99;2;12,72;-2,08;13314266;12,37;SAT;NEGATIF;AL;NEGATIF;AZALIYOR;SAT;SAT;NOTR;1;15.09.2026
OYAKC;izle;;30,1;5,8;11,0;13,3;6;0;zayif;17,8;41,2;54,7;asagi;zayif;zayif;asagi;0,44;-1,10;3;20,96;-3,76;170061748;23,41;SAT;NEGATIF;NOTR;NEGATIF;ARTIYOR;SAT;SAT;NOTR;0;15.09.2026
TMSN;izle;;30,1;0,2;11,9;18,0;0;0;zayif;12,5;38,0;65,7;asagi;zayif;zayif;asagi;2,85;-2,72;2;71,1;1,50;128192802;77,43;AL;NEGATIF;NOTR;NEGATIF;ARTIYOR;SAT;SAT;UCUZ (AL);1;15.09.2026
ATAGY;izle;;30,0;2,4;17,6;10,0;6;0;zayif;33,4;46,6;37,9;asagi;zayif;zayif;asagi;1,45;-1,37;3;10,17;-0,49;3126594;10,60;AL;NEGATIF;SAT;POZITIF;ARTIYOR;AL;SAT;UCUZ (AL);3;15.09.2026
PGSUS;izle;;30,0;2,9;15,7;11,3;0;0;zayif;19,4;44,7;60,0;asagi;zayif;zayif;asagi;0,84;-1,54;1;150;-4,21;1388871150;158,55;AL;NEGATIF;NOTR;NEGATIF;ARTIYOR;AL;SAT;UCUZ (AL);2;15.09.2026
RNPOL;izle;;29,9;11,6;8,3;10,0;32;2;zayif;16,6;39,2;15,9;yukari;zayif;zayif;asagi;1,49;-1,60;5;2,2;-1,35;10118194;2,19;SAT;NEGATIF;NOTR;NEGATIF;AZALIYOR;SAT;AL;NOTR;1;15.09.2026
DERHL;izle;;29,7;1,8;13,8;14,1;0;0;zayif;16,5;42,0;54,3;asagi;zayif;zayif;asagi;1,07;-2,21;2;2,08;-1,42;30046286;2,28;AL;NEGATIF;NOTR;NEGATIF;ARTIYOR;AL;AL;NOTR;3;15.09.2026
ASGYO;izle;;29,4;0,2;16,6;12,5;0;0;zayif;13,8;43,0;54,7;asagi;zayif;zayif;asagi;0,91;-1,14;1;11,02;-2,13;32588498;11,69;AL;NEGATIF;NOTR;POZITIF;ARTIYOR;SAT;SAT;NOTR;2;15.09.2026
MGROS;izle;;29,2;2,4;10,6;16,1;10;0;zayif;36,4;33,8;56,7;asagi;zayif;zayif;asagi;1,18;-4,13;4;513;-4,74;2010644505;568,11;AL;NEGATIF;SAT;NEGATIF;ARTIYOR;AL;SAT;NOTR;2;15.09.2026
TUCLK;izle;;28,9;15,0;10,3;3,6;6;0;zayif;30,7;41,4;38,2;yukari;zayif;zayif;asagi;0,51;-1,21;3;3,76;-1,57;18328849;3,67;SAT;NEGATIF;AL;NEGATIF;AZALIYOR;SAT;SAT;NOTR;1;15.09.2026
TCELL;izle;;28,9;1,1;15,6;12,2;0;0;zayif;20,4;44,1;49,8;asagi;zayif;zayif;asagi;0,64;-1,34;1;99,4;-2,93;2253427522;105,37;AL;NEGATIF;SAT;POZITIF;ARTIYOR;AL;SAT;NOTR;3;15.09.2026
TSPOR;izle;;28,8;7,1;7,8;13,9;6;0;zayif;27,5;39,9;40,2;asagi;zayif;zayif;asagi;1,05;-1,17;3;0,97;-3,96;411760384;1,12;SAT;NEGATIF;SAT;NEGATIF;ARTIYOR;SAT;SAT;NOTR;0;15.09.2026
EDATA;izle;;28,6;14,0;4,6;10,0;6;0;zayif;20,1;34,8;27,6;asagi;zayif;zayif;asagi;1,64;-1,81;3;16,2;-6,20;99420080;19,32;SAT;NEGATIF;SAT;NEGATIF;ARTIYOR;SAT;AL;NOTR;1;15.09.2026
SEKUR;izle;;28,6;13,9;4,6;10,0;6;0;zayif;18,8;33,4;23,6;asagi;zayif;zayif;asagi;1,36;-2,16;3;8,81;-6,28;26561375;10,89;SAT;NEGATIF;NOTR;NEGATIF;ARTIYOR;SAT;SAT;NOTR;0;15.09.2026
TCKRC;izle;;28,5;14,9;3,6;10,0;0;0;zayif;25,8;33,8;31,2;asagi;zayif;zayif;asagi;1,41;-2,11;2;130,1;-6,40;489214249;156,01;SAT;NEGATIF;SAT;NEGATIF;ARTIYOR;SAT;AL;NOTR;1;15.09.2026
TATGD;izle;;28,4;8,6;16,3;3,6;10;0;zayif;9,5;44,0;51,9;asagi;zayif;zayif;asagi;0,80;-1,16;4;17,44;-1,69;35988626;19,05;AL;NEGATIF;NOTR;NEGATIF;ARTIYOR;SAT;SAT;NOTR;1;15.09.2026
BNTAS;izle;;28,4;12,8;10,5;5,0;50;4;zayif;24,4;41,3;35,0;yukari;zayif;zayif;asagi;0,72;-1,31;4;6,12;-0,65;17636096;5,97;SAT;NEGATIF;AL;NEGATIF;AZALIYOR;SAT;SAT;NOTR;1;15.09.2026
CRDFA;izle;;28,3;5,4;8,9;14,0;6;0;zayif;36,8;27,9;42,7;asagi;zayif;zayif;asagi;2,10;-4,11;3;23,08;0,79;96169975;28,22;AL;NEGATIF;SAT;NEGATIF;ARTIYOR;SAT;SAT;NOTR;1;15.09.2026
KARTN;izle;;28,1;13,3;6,8;8,0;0;0;zayif;14,3;37,9;50,3;asagi;zayif;zayif;asagi;0,35;-1,62;1;150,1;-6,60;47420042;188,10;SAT;NEGATIF;NOTR;NEGATIF;ARTIYOR;SAT;SAT;NOTR;0;15.09.2026
BRKVY;izle;;28,0;7,0;11,8;9,2;0;0;zayif;30,9;43,2;53,5;asagi;zayif;zayif;asagi;0,31;-0,94;1;79,5;-1,43;15315119;92,61;SAT;NEGATIF;AL;NEGATIF;AZALIYOR;SAT;SAT;UCUZ (AL);1;15.09.2026
CVKMD;izle;;28,0;12,5;3,6;11,9;0;0;zayif;14,6;34,2;41,0;asagi;zayif;zayif;asagi;0,90;-1,98;2;14,2;0,14;400991684;16,37;SAT;NEGATIF;NOTR;NEGATIF;AZALIYOR;SAT;SAT;NOTR;0;15.09.2026
PAPIL;izle;;27,9;11,7;8,2;8,0;0;0;zayif;21,5;42,1;65,1;yukari;zayif;zayif;asagi;0,40;-1,52;2;12,1;-2,65;39713434;11,65;SAT;NEGATIF;AL;NEGATIF;AZALIYOR;SAT;SAT;UCUZ (AL);1;15.09.2026
EDIP;izle;;27,7;18,0;9,7;0,0;40;5;zayif;31,2;43,0;74,8;yukari;zayif;zayif;asagi;0,29;-1,06;2;34,64;-0,92;23354704;32,84;SAT;NEGATIF;AL;NEGATIF;AZALIYOR;SAT;SAT;NOTR;1;15.09.2026
AKCNS;izle;;27,6;16,0;0,2;11,4;38;3;zayif;20,3;25,6;30,4;asagi;zayif;zayif;asagi;1,67;-3,19;3;209,9;-2,19;143119475;238,75;SAT;NEGATIF;SAT;NEGATIF;ARTIYOR;SAT;SAT;NOTR;0;15.09.2026
HEKTS;izle;;27,6;9,3;12,6;5,7;0;0;zayif;21,8;40,4;35,2;yukari;zayif;zayif;asagi;1,04;-2,24;1;2,67;-5,99;1282577378;2,59;AL;NEGATIF;SAT;NEGATIF;ARTIYOR;SAT;SAT;NOTR;1;15.09.2026
AFYON;izle;;27,5;1,9;9,5;16,1;20;1;zayif;16,9;39,8;43,7;asagi;zayif;zayif;asagi;0,85;-1,48;4;12,23;-2,00;17162347;13,12;SAT;NEGATIF;NOTR;NEGATIF;ARTIYOR;SAT;SAT;NOTR;0;15.09.2026
EUPWR;izle;;27,3;15,4;7,0;4,8;16;1;zayif;30,2;35,1;35,7;asagi;zayif;zayif;asagi;0,75;-2,64;3;69,9;-2,92;1210850719;88,15;SAT;NEGATIF;SAT;NEGATIF;ARTIYOR;SAT;SAT;NOTR;0;15.09.2026
ENTRA;izle;;27,1;0,3;12,8;14,0;0;0;zayif;14,5;40,9;46,4;asagi;zayif;zayif;asagi;1,76;-1,60;1;4,27;1,67;135848009;4,62;AL;NEGATIF;NOTR;NEGATIF;ARTIYOR;SAT;SAT;NOTR;1;15.09.2026
PAGYO;izle;;26,8;14,2;7,0;5,6;6;0;zayif;20,5;35,1;26,1;asagi;zayif;zayif;asagi;1,04;-2,43;3;134,2;1,51;18340443;149,84;SAT;NEGATIF;SAT;NEGATIF;ARTIYOR;SAT;AL;NOTR;1;15.09.2026
OTKAR;izle;;26,7;8,2;8,6;9,9;10;0;zayif;13,6;41,3;20,5;yukari;zayif;zayif;asagi;0,81;-1,89;4;304;-3,03;100360432;298,05;SAT;NEGATIF;NOTR;NEGATIF;ARTIYOR;SAT;SAT;UCUZ (AL);0;15.09.2026
ULKER;izle;;26,7;1,6;15,3;9,8;38;3;zayif;23,8;42,1;52,7;asagi;zayif;zayif;asagi;0,75;-2,16;3;89,15;-4,35;506301126;97,01;AL;NEGATIF;SAT;NEGATIF;ARTIYOR;SAT;SAT;UCUZ (AL);1;15.09.2026
BRKO;izle;;26,5;3,1;14,3;9,1;10;0;zayif;12,5;45,9;30,2;asagi;zayif;zayif;asagi;1,25;-1,18;4;11,39;5,86;4700915;12,12;SAT;NEGATIF;NOTR;NEGATIF;ARTIYOR;SAT;AL;NOTR;1;15.09.2026
KLNMA;izle;;26,3;8,0;16,1;2,1;0;0;zayif;9,6;43,5;26,7;yukari;zayif;zayif;asagi;0,74;-1,91;1;8,82;-0,34;1077072;8,79;AL;NEGATIF;NOTR;NEGATIF;ARTIYOR;SAT;SAT;NOTR;1;15.09.2026
CONSE;izle;;26,3;4,8;11,4;10,0;10;1;zayif;24,4;36,4;42,5;asagi;zayif;zayif;asagi;1,51;-2,39;2;2,18;-3,11;33103978;2,44;AL;NEGATIF;AL;NEGATIF;ARTIYOR;SAT;SAT;UCUZ (AL);2;15.09.2026
USHOL;izle;;26,1;12,2;3,9;10,0;40;4;zayif;18,9;32,9;40,1;asagi;zayif;zayif;asagi;2,21;-2,12;1;67,9;-6,67;85217488;86,35;SAT;NEGATIF;NOTR;NEGATIF;ARTIYOR;SAT;SAT;NOTR;0;15.09.2026
INVEO;izle;;26,0;0,2;11,8;14,0;0;0;zayif;13,5;37,6;55,6;asagi;zayif;zayif;asagi;1,06;-2,60;2;6,63;1,22;25125956;7,20;AL;NEGATIF;NOTR;NEGATIF;ARTIYOR;SAT;SAT;UCUZ (AL);1;15.09.2026
HATEK;izle;;25,8;11,9;13,9;0,0;0;0;zayif;21,9;44,2;43,5;yukari;zayif;zayif;asagi;0,57;-1,42;2;12,67;-0,78;17891117;11,49;AL;NEGATIF;AL;NEGATIF;AZALIYOR;SAT;SAT;NOTR;2;15.09.2026
OYAYO;izle;;25,8;0,0;16,0;9,8;0;0;zayif;8,7;45,2;29,4;asagi;zayif;zayif;asagi;1,29;-1,59;2;41,68;3,22;3165138;44,74;AL;NEGATIF;NOTR;NEGATIF;ARTIYOR;AL;AL;NOTR;3;15.09.2026
SANFM;izle;;25,5;11,8;3,3;10,5;0;0;zayif;22,3;34,5;32,7;asagi;zayif;zayif;asagi;0,85;-1,98;2;8,54;-2,40;42039089;10,10;SAT;NEGATIF;SAT;NEGATIF;AZALIYOR;SAT;SAT;NOTR;0;15.09.2026
REEDR;izle;;25,5;1,7;5,7;18,0;10;0;zayif;16,5;30,7;60,7;asagi;zayif;zayif;asagi;6,38;-3,82;4;5,35;1,33;548790551;5,80;SAT;NEGATIF;NOTR;NEGATIF;ARTIYOR;AL;SAT;NOTR;1;15.09.2026
TUKAS;izle;;25,4;0,9;19,5;5,0;10;1;zayif;18,6;45,5;48,8;asagi;zayif;zayif;asagi;0,87;-1,29;2;2;-1,96;111152396;2,11;AL;NEGATIF;NOTR;NEGATIF;ARTIYOR;SAT;SAT;UCUZ (AL);1;15.09.2026
OZKGY;izle;;25,2;9,5;7,2;8,5;6;0;zayif;22,8;37,1;42,5;yukari;zayif;zayif;asagi;0,41;-1,67;3;12,58;-2,78;26530226;12,25;SAT;NEGATIF;SAT;NEGATIF;ARTIYOR;SAT;SAT;NOTR;0;15.09.2026
IZMDC;izle;;25,1;13,3;4,3;7,5;22;2;zayif;29,4;35,5;21,8;asagi;zayif;zayif;asagi;1,15;-2,19;2;9,41;-6,46;131127964;12,29;SAT;NEGATIF;SAT;NEGATIF;AZALIYOR;SAT;AL;NOTR;1;15.09.2026
EKIZ;izle;;25,0;2,4;12,5;10,0;0;0;zayif;35,3;40,1;47,6;asagi;zayif;zayif;asagi;1,73;-3,46;2;57,8;-3,10;1265704;61,69;AL;NEGATIF;SAT;NEGATIF;ARTIYOR;SAT;SAT;UCUZ (AL);1;15.09.2026
SODSN;izle;;24,9;10,4;4,5;10,0;6;0;zayif;30,6;30,7;33,9;yukari;zayif;zayif;asagi;1,55;-4,48;3;7,13;-0,28;888854;7,13;SAT;NEGATIF;SAT;NEGATIF;AZALIYOR;SAT;SAT;UCUZ (AL);0;15.09.2026
VANGD;izle;;24,9;14,1;9,5;1,4;0;0;zayif;19,9;39,3;17,7;asagi;zayif;zayif;asagi;0,59;-1,15;2;88,5;0,91;9555699;99,94;SAT;NEGATIF;NOTR;NEGATIF;AZALIYOR;SAT;SAT;NOTR;0;15.09.2026
MTRKS;izle;;24,9;14,8;3,4;6,7;10;0;zayif;17,9;33,1;44,3;asagi;zayif;zayif;asagi;1,10;-1,83;4;26,98;-9,95;47369487;34,58;SAT;NEGATIF;NOTR;NEGATIF;ARTIYOR;SAT;SAT;NOTR;0;15.09.2026
VKGYO;izle;;24,9;0,8;14,0;10,0;0;0;zayif;18,1;40,5;43,6;asagi;zayif;zayif;asagi;0,73;-1,92;2;1,89;-1,05;38728600;2,01;AL;NEGATIF;NOTR;NEGATIF;ARTIYOR;SAT;SAT;NOTR;1;15.09.2026
BERA;izle;;24,8;9,5;15,4;0,0;6;0;zayif;22,7;42,3;53,3;yukari;zayif;zayif;asagi;0,55;-1,84;3;13,2;-2,44;55591127;12,71;AL;NEGATIF;SAT;NEGATIF;ARTIYOR;SAT;SAT;NOTR;1;15.09.2026
MERIT;izle;;24,8;0,0;14,3;10,5;0;0;zayif;9,2;42,0;50,7;asagi;zayif;zayif;asagi;0,82;-1,53;2;15,53;-1,77;23101387;16,57;AL;NEGATIF;NOTR;NEGATIF;ARTIYOR;AL;SAT;NOTR;2;15.09.2026
GARFA;izle;;24,3;0,0;17,8;6,5;0;0;zayif;10,4;44,7;54,6;asagi;zayif;zayif;asagi;0,98;-1,09;2;26,44;-2,87;29303664;28,47;AL;NEGATIF;NOTR;NEGATIF;ARTIYOR;AL;SAT;NOTR;2;15.09.2026
BALAT;izle;;23,8;0,7;12,6;10,5;22;2;zayif;17,0;45,4;47,7;asagi;zayif;zayif;asagi;0,60;-1,06;1;69,3;0,07;1411156;75,83;SAT;NEGATIF;NOTR;POZITIF;AZALIYOR;SAT;SAT;UCUZ (AL);1;15.09.2026
CEMAS;izle;;23,7;3,9;11,8;8,0;0;0;zayif;22,0;44,2;50,9;asagi;zayif;zayif;asagi;0,43;-1,26;1;4,07;-0,49;27924083;4,52;SAT;NEGATIF;AL;NEGATIF;AZALIYOR;SAT;SAT;NOTR;1;15.09.2026
VAKKO;izle;;23,4;1,2;18,0;4,2;0;0;zayif;15,1;44,9;39,1;asagi;zayif;zayif;asagi;0,82;-0,93;0;66,4;-0,75;9970425;72,32;AL;NEGATIF;NOTR;POZITIF;AZALIYOR;SAT;SAT;NOTR;2;15.09.2026
SKTAS;izle;;23,4;2,6;20,7;0,0;6;0;zayif;18,8;46,5;67,0;asagi;zayif;zayif;asagi;0,63;-0,75;3;3,21;-0,31;35371125;3,49;AL;NEGATIF;NOTR;NEGATIF;AZALIYOR;SAT;SAT;NOTR;1;15.09.2026
GSDHO;izle;;23,3;0,0;13,3;10,0;0;0;zayif;10,9;42,5;33,8;asagi;zayif;zayif;asagi;1,48;-1,74;1;4,6;-2,34;85935857;4,97;AL;NEGATIF;NOTR;POZITIF;ARTIYOR;AL;SAT;NOTR;3;15.09.2026
ASUZU;izle;;23,2;0,7;12,5;10,0;6;0;zayif;17,5;39,8;31,2;asagi;zayif;zayif;asagi;1,42;-2,82;3;47,02;-2,20;24901322;50,06;AL;NEGATIF;NOTR;NEGATIF;ARTIYOR;SAT;SAT;UCUZ (AL);1;15.09.2026
PRKAB;izle;;23,2;11,0;12,2;0,0;0;0;zayif;19,7;38,9;62,1;yukari;zayif;zayif;asagi;0,55;-2,43;2;30,42;-2,31;16680716;29,97;AL;NEGATIF;NOTR;NEGATIF;ARTIYOR;SAT;SAT;NOTR;1;15.09.2026
UNLU;izle;;23,1;2,4;10,7;10,0;10;0;zayif;34,5;33,9;29,3;asagi;zayif;zayif;asagi;1,51;-2,62;4;10,3;-2,74;15765056;11,30;AL;NEGATIF;SAT;NEGATIF;ARTIYOR;SAT;SAT;UCUZ (AL);1;15.09.2026
AYEN;izle;;23,0;3,0;12,0;8,0;0;0;zayif;11,9;38,4;48,9;asagi;zayif;zayif;asagi;0,54;-2,38;2;29,9;-2,54;10747525;33,17;AL;NEGATIF;NOTR;NEGATIF;ARTIYOR;SAT;SAT;NOTR;1;15.09.2026
IMASM;izle;;23,0;0,8;12,2;10,0;46;4;zayif;13,9;39,0;27,7;asagi;zayif;zayif;asagi;1,52;-3,04;3;2,23;-1,76;69373262;2,44;AL;NEGATIF;NOTR;NEGATIF;ARTIYOR;AL;SAT;UCUZ (AL);2;15.09.2026
POLTK;izle;;22,9;1,4;11,5;10,0;0;0;zayif;15,5;36,7;48,4;asagi;zayif;zayif;asagi;1,99;-2,35;2;4075;-0,79;48207250;4459,83;AL;NEGATIF;NOTR;NEGATIF;ARTIYOR;AL;AL;UCUZ (AL);3;15.09.2026
ESCAR;izle;;22,3;7,5;6,9;8,0;16;1;zayif;15,7;39,8;67,8;asagi;zayif;zayif;asagi;0,58;-1,61;3;42,3;-4,94;82858424;48,26;SAT;NEGATIF;NOTR;NEGATIF;ARTIYOR;SAT;AL;NOTR;1;15.09.2026
ADEL;izle;;22,3;4,4;9,9;8,0;0;0;zayif;23,3;41,8;37,3;asagi;zayif;zayif;asagi;0,28;-1,17;2;30,76;-0,77;44542510;35,57;SAT;NEGATIF;AL;NEGATIF;AZALIYOR;SAT;SAT;NOTR;1;15.09.2026
PENTA;izle;;22,1;0,0;8,6;13,5;42;3;zayif;9,0;39,6;55,8;asagi;zayif;zayif;asagi;1,27;-1,74;4;12,75;-0,23;27984108;13,91;SAT;NEGATIF;NOTR;NEGATIF;ARTIYOR;SAT;SAT;NOTR;0;15.09.2026
INTEK;izle;;22,0;2,2;9,8;10,0;6;0;zayif;28,2;31,0;27,6;asagi;zayif;zayif;asagi;1,55;-5,75;3;215,6;-2,58;2755368;231,10;AL;NEGATIF;SAT;NEGATIF;AZALIYOR;SAT;SAT;NOTR;1;15.09.2026
HLGYO;izle;;21,7;10,4;11,2;0,0;42;3;zayif;30,2;35,7;58,9;yukari;zayif;zayif;asagi;0,54;-3,32;4;4,18;-3,46;73142083;4,16;AL;NEGATIF;SAT;NEGATIF;ARTIYOR;SAT;SAT;NOTR;1;15.09.2026
SKBNK;izle;;21,6;1,9;11,7;8,0;10;1;zayif;25,9;37,4;54,6;asagi;zayif;zayif;asagi;0,69;-6,29;1;6,32;-2,47;583657536;7,12;AL;NEGATIF;SAT;NEGATIF;AZALIYOR;AL;SAT;NOTR;2;15.09.2026
DURKN;izle;;21,6;15,3;6,2;0,1;22;2;zayif;23,2;38,6;33,3;asagi;zayif;zayif;asagi;0,32;-1,27;2;19,5;-1,56;12835173;22,70;SAT;NEGATIF;SAT;NEGATIF;AZALIYOR;SAT;AL;NOTR;1;15.09.2026
KIMMR;izle;;21,5;2,4;9,1;10,0;0;0;zayif;36,6;28,5;28,5;asagi;zayif;zayif;asagi;2,91;-4,06;2;12,76;-2,00;39209400;13,88;AL;NEGATIF;SAT;NEGATIF;ARTIYOR;AL;SAT;NOTR;2;15.09.2026
RUBNS;izle;;21,5;12,2;9,3;0,0;6;0;zayif;27,9;37,9;32,5;asagi;guclu;zayif;asagi;0,41;-1,08;3;27,3;-5,21;26057495;33,50;SAT;NEGATIF;SAT;NEGATIF;AZALIYOR;SAT;SAT;NOTR;0;15.09.2026
BRKSN;izle;;21,5;8,8;8,2;4,5;10;0;zayif;17,7;37,8;28,3;yukari;zayif;zayif;asagi;0,61;-1,55;4;7,56;-2,20;1586466;7,34;SAT;NEGATIF;NOTR;NEGATIF;ARTIYOR;SAT;SAT;NOTR;0;15.09.2026
NATEN;izle;;21,3;0,6;11,1;9,7;0;0;zayif;16,1;35,3;54,6;asagi;zayif;zayif;asagi;0,80;-3,19;1;5,09;-3,23;32140123;5,59;AL;NEGATIF;NOTR;NEGATIF;ARTIYOR;AL;SAT;UCUZ (AL);2;15.09.2026
EGSER;izle;;21,2;2,3;10,9;8,0;22;2;zayif;17,9;41,6;46,1;asagi;zayif;zayif;asagi;0,49;-1,29;2;2,87;-1,37;2764510;3,13;SAT;NEGATIF;NOTR;POZITIF;AZALIYOR;SAT;SAT;NOTR;1;15.09.2026
LRSHO;izle;;21,1;0,2;10,8;10,0;42;3;zayif;12,6;34,5;33,8;asagi;zayif;zayif;asagi;1,77;-3,71;4;2,4;-1,23;67109942;2,69;AL;NEGATIF;NOTR;NEGATIF;ARTIYOR;SAT;SAT;UCUZ (AL);1;15.09.2026
ASTOR;izle;;21,1;14,2;3,6;3,3;46;4;zayif;20,6;34,0;27,4;asagi;zayif;zayif;asagi;0,90;-2,23;3;272,25;-3,63;8244315610;322,40;SAT;NEGATIF;SAT;NEGATIF;AZALIYOR;SAT;SAT;NOTR;0;15.09.2026
SAYAS;izle;;21,0;14,7;6,3;0,0;0;0;zayif;20,0;38,5;19,0;asagi;zayif;zayif;asagi;0,45;-1,31;0;50;-2,34;57776750;59,84;SAT;NEGATIF;NOTR;NEGATIF;AZALIYOR;SAT;SAT;NOTR;0;15.09.2026
BINHO;izle;;20,3;4,5;15,3;0,5;6;0;zayif;13,7;45,2;61,7;asagi;zayif;zayif;asagi;0,67;-0,60;3;9,65;-1,73;213053414;11,00;SAT;NEGATIF;NOTR;POZITIF;AZALIYOR;AL;SAT;NOTR;2;15.09.2026
PEKGY;izle;;20,2;4,5;7,7;8,0;32;3;zayif;23,2;37,3;48,1;asagi;zayif;zayif;asagi;0,62;-2,49;1;11,7;0,00;1450619762;13,39;SAT;NEGATIF;SAT;NEGATIF;AZALIYOR;AL;AL;NOTR;2;15.09.2026
HRKET;izle;;20,2;3,9;6,3;10,0;10;0;zayif;18,3;32,7;31,0;asagi;zayif;zayif;asagi;2,67;-2,41;4;80;-2,02;375204080;97,81;SAT;NEGATIF;NOTR;NEGATIF;ARTIYOR;SAT;SAT;NOTR;0;15.09.2026
DAPGM;izle;;20,2;0,1;12,1;8,0;0;0;zayif;12,4;38,7;47,0;asagi;zayif;zayif;asagi;0,57;-2,36;0;7,6;-2,56;373733435;9,03;AL;NEGATIF;NOTR;NEGATIF;AZALIYOR;SAT;SAT;UCUZ (AL);1;15.09.2026
BESLR;izle;;20,1;8,7;9,9;1,5;22;2;zayif;16,9;41,7;39,5;yukari;zayif;zayif;asagi;0,54;-1,53;2;12,53;-2,94;19721907;12,16;SAT;NEGATIF;NOTR;NEGATIF;ARTIYOR;SAT;SAT;NOTR;0;15.09.2026
ULAS;izle;;20,1;9,5;8,4;2,1;0;0;zayif;16,0;41,7;39,3;yukari;zayif;zayif;asagi;0,83;-1,85;2;21;-0,76;3311175;19,75;SAT;NEGATIF;NOTR;NEGATIF;AZALIYOR;SAT;SAT;UCUZ (AL);0;15.09.2026
SUMAS;izle;;19,9;2,1;11,2;6,6;0;0;zayif;27,4;35,7;39,3;asagi;zayif;zayif;asagi;1,10;-5,04;2;255,5;1,29;703647;269,20;AL;NEGATIF;SAT;NEGATIF;AZALIYOR;SAT;SAT;NOTR;1;15.09.2026
USAK;izle;;19,8;0,4;9,4;10,0;0;0;zayif;15,1;29,7;40,9;asagi;zayif;zayif;asagi;1,64;-3,78;1;1,16;-0,85;67309780;1,28;AL;NEGATIF;NOTR;NEGATIF;ARTIYOR;SAT;SAT;UCUZ (AL);1;15.09.2026
KAYSE;izle;;19,8;2,0;7,2;10,6;0;0;zayif;27,0;37,8;54,8;asagi;zayif;zayif;asagi;0,38;-1,92;1;3,82;-3,05;17504948;4,31;SAT;NEGATIF;SAT;NEGATIF;ARTIYOR;SAT;SAT;NOTR;0;15.09.2026
KRDMB;izle;;19,7;15,4;4,3;0,0;6;0;zayif;33,3;25,9;33,0;asagi;zayif;zayif;asagi;0,57;-3,58;3;95;-2,41;95559645;115,79;SAT;NEGATIF;SAT;NEGATIF;AZALIYOR;SAT;SAT;PAHALI (SAT);0;15.09.2026
PSDTC;izle;;19,4;14,0;5,4;0,0;50;4;zayif;20,7;38,1;51,0;asagi;zayif;zayif;asagi;0,52;-1,21;5;136,6;-3,60;31491627;166,80;SAT;NEGATIF;SAT;NEGATIF;AZALIYOR;SAT;SAT;NOTR;0;15.09.2026
ODAS;izle;;19,4;6,4;12,1;0,8;46;4;zayif;16,0;38,6;61,4;asagi;zayif;zayif;asagi;0,75;-1,91;3;6,99;-3,05;290938989;7,86;AL;NEGATIF;NOTR;NEGATIF;ARTIYOR;SAT;SAT;NOTR;1;15.09.2026
MERCN;izle;;18,9;1,4;12,2;5,3;0;0;zayif;22,3;38,8;44,7;asagi;zayif;zayif;asagi;1,02;-2,57;1;17,43;-5,27;77876874;19,80;AL;NEGATIF;SAT;POZITIF;ARTIYOR;AL;SAT;NOTR;3;15.09.2026
BRISA;izle;;18,7;0,4;14,1;4,2;0;0;zayif;15,1;41,8;38,6;asagi;zayif;zayif;asagi;0,90;-2,01;1;75,5;-2,27;11321527;80,47;AL;NEGATIF;NOTR;NEGATIF;ARTIYOR;AL;SAT;NOTR;2;15.09.2026
TABGD;izle;;18,6;3,7;5,0;9,9;0;0;zayif;17,3;35,7;40,0;asagi;zayif;zayif;asagi;1,16;-2,32;2;225;-2,98;161690400;251,28;SAT;NEGATIF;NOTR;NEGATIF;AZALIYOR;SAT;AL;NOTR;1;15.09.2026
AKMGY;izle;;18,6;4,0;7,4;7,2;6;0;zayif;11,4;38,7;46,9;asagi;zayif;zayif;asagi;0,49;-1,30;3;240,9;-1,67;4020380;274,44;SAT;NEGATIF;NOTR;NEGATIF;AZALIYOR;SAT;SAT;NOTR;0;15.09.2026
KRVGD;izle;;18,5;2,4;11,1;5,0;0;0;zayif;39,5;35,2;56,4;asagi;zayif;zayif;asagi;0,76;-3,03;1;2,24;-2,61;17054612;2,40;AL;NEGATIF;SAT;NEGATIF;ARTIYOR;AL;SAT;NOTR;2;15.09.2026
MARBL;izle;;18,4;0,1;7,3;10,9;16;1;zayif;13,1;37,3;32,8;asagi;zayif;zayif;asagi;0,81;-1,74;3;11,83;-1,42;13137736;13,00;SAT;NEGATIF;NOTR;NEGATIF;ARTIYOR;SAT;SAT;NOTR;0;15.09.2026
NUGYO;izle;;18,3;0,6;9,2;8,5;0;0;zayif;16,3;40,2;38,1;asagi;zayif;zayif;asagi;1,08;-1,51;1;8,8;-2,33;16326033;9,70;SAT;NEGATIF;NOTR;NEGATIF;ARTIYOR;SAT;SAT;NOTR;0;15.09.2026
ULUSE;izle;;18,2;5,4;6,6;6,2;0;0;zayif;33,0;33,5;34,0;asagi;zayif;zayif;asagi;0,83;-3,08;1;224,7;-2,81;39584051;259,22;SAT;NEGATIF;SAT;NEGATIF;AZALIYOR;AL;AL;NOTR;2;15.09.2026
SDTTR;izle;;18,2;3,5;4,7;10,0;10;1;zayif;15,5;35,4;51,8;asagi;zayif;zayif;asagi;1,34;-2,00;1;19,53;-2,11;299424566;23,86;SAT;NEGATIF;NOTR;NEGATIF;ARTIYOR;SAT;SAT;NOTR;0;15.09.2026
DESA;izle;;17,8;8,3;9,5;0,0;0;0;zayif;14,3;42,2;47,8;yukari;zayif;zayif;asagi;0,38;-1,58;2;9,54;-0,21;12779937;9,23;SAT;NEGATIF;NOTR;NEGATIF;AZALIYOR;SAT;SAT;NOTR;0;15.09.2026
ISSEN;izle;;17,8;4,9;10,3;2,5;16;1;zayif;24,7;40,6;61,8;asagi;zayif;zayif;asagi;0,46;-1,40;3;6,81;-0,44;3869912;7,43;SAT;NEGATIF;AL;NEGATIF;AZALIYOR;SAT;SAT;NOTR;1;15.09.2026
ECZYT;izle;;17,6;3,6;4,1;10,0;46;4;zayif;16,2;32,4;30,2;asagi;zayif;zayif;asagi;1,53;-3,07;3;289,75;-3,98;133957510;323,31;SAT;NEGATIF;NOTR;NEGATIF;ARTIYOR;SAT;SAT;NOTR;0;15.09.2026
UFUK;izle;;17,6;3,6;6,0;8,0;32;3;zayif;16,1;31,7;61,4;asagi;zayif;zayif;asagi;0,24;-2,34;2;1389;-1,49;54597423;1725,85;SAT;NEGATIF;NOTR;NEGATIF;AZALIYOR;SAT;SAT;UCUZ (AL);0;15.09.2026
DGGYO;izle;;17,6;3,8;13,7;0,0;0;0;zayif;14,1;42,8;30,5;asagi;zayif;zayif;asagi;0,67;-1,33;1;32,7;-0,12;2409892;36,55;AL;NEGATIF;NOTR;NEGATIF;AZALIYOR;SAT;SAT;NOTR;1;15.09.2026
BRYAT;izle;;17,5;0,2;14,5;2,8;0;0;zayif;12,6;42,9;47,1;asagi;zayif;zayif;asagi;0,73;-2,01;1;1661;-1,66;88016390;1780,06;AL;NEGATIF;NOTR;NEGATIF;AZALIYOR;AL;SAT;UCUZ (AL);2;15.09.2026
YBTAS;izle;;17,5;2,4;5,0;10,0;10;0;zayif;44,1;28,5;17,2;asagi;zayif;zayif;asagi;1,37;-6,37;7;12,68;-0,16;1214135;13,40;SAT;NEGATIF;SAT;NEGATIF;AZALIYOR;AL;AL;UCUZ (AL);2;15.09.2026
YATAS;izle;;17,5;2,3;10,6;4,5;0;0;zayif;29,1;33,7;49,0;asagi;zayif;zayif;asagi;0,97;-3,88;2;29,72;-3,63;28734515;32,70;AL;NEGATIF;SAT;NEGATIF;ARTIYOR;SAT;SAT;UCUZ (AL);1;15.09.2026
GUNDG;izle;;17,4;4,9;4,5;8,0;0;0;zayif;26,1;26,8;16,1;asagi;zayif;zayif;asagi;0,02;-4,63;2;733,5;-10,00;2948670;1210,37;SAT;NEGATIF;SAT;NEGATIF;AZALIYOR;SAT;SAT;NOTR;0;15.09.2026
GRSEL;izle;;17,4;2,2;5,2;10,0;6;0;zayif;28,1;29,2;33,0;asagi;zayif;zayif;asagi;1,83;-2,43;3;293;-0,68;201276057;323,41;SAT;NEGATIF;SAT;NEGATIF;ARTIYOR;AL;SAT;NOTR;1;15.09.2026
CLEBI;izle;;17,3;0,1;6,6;10,6;10;0;zayif;13,0;35,6;30,5;asagi;zayif;zayif;asagi;1,15;-2,97;5;1408;-2,56;33821568;1519,55;SAT;NEGATIF;NOTR;NEGATIF;ARTIYOR;SAT;SAT;NOTR;0;15.09.2026
ESEN;izle;;17,2;5,4;9,1;2,7;40;4;zayif;26,0;42,3;41,8;asagi;zayif;zayif;asagi;0,61;-1,55;2;3,35;-0,59;68869119;3,71;SAT;NEGATIF;AL;NEGATIF;AZALIYOR;SAT;SAT;UCUZ (AL);1;15.09.2026
TRILC;izle;;17,2;2,4;10,8;4,0;0;0;zayif;36,0;34,3;36,3;asagi;zayif;zayif;asagi;0,68;-7,10;1;1,02;-3,77;2717704;1,13;AL;NEGATIF;SAT;NEGATIF;ARTIYOR;SAT;SAT;UCUZ (AL);1;15.09.2026
MNDRS;izle;;17,2;1,5;9,3;6,4;6;0;zayif;22,7;41,2;37,6;asagi;zayif;zayif;asagi;0,91;-1,34;3;10,7;-4,29;33807025;12,29;SAT;NEGATIF;SAT;NEGATIF;ARTIYOR;SAT;SAT;UCUZ (AL);0;15.09.2026
ALCTL;izle;;17,1;2,4;8,6;6,1;6;0;zayif;50,6;26,9;19,5;asagi;zayif;zayif;asagi;1,07;-4,73;3;105,2;-5,40;50132008;124,62;AL;NEGATIF;SAT;NEGATIF;ARTIYOR;SAT;SAT;NOTR;1;15.09.2026
KMPUR;izle;;17,1;5,2;7,9;4,0;0;0;zayif;27,8;38,0;38,4;asagi;zayif;zayif;asagi;0,49;-1,68;2;18,25;0,33;24051675;20,61;SAT;NEGATIF;SAT;NEGATIF;AZALIYOR;SAT;AL;NOTR;1;15.09.2026
SMRTG;izle;;17,1;4,5;5,7;6,8;0;0;zayif;23,3;30,8;24,9;asagi;zayif;zayif;asagi;1,11;-3,64;2;8,25;3,13;197480077;9,42;SAT;NEGATIF;SAT;NEGATIF;AZALIYOR;AL;AL;NOTR;2;15.09.2026
SEGMN;izle;;17,1;5,0;2,1;10,0;6;0;zayif;26,5;27,9;15,5;asagi;zayif;zayif;asagi;2,38;-3,46;3;39,76;-9,96;103411824;51,09;SAT;NEGATIF;SAT;NEGATIF;ARTIYOR;SAT;SAT;NOTR;0;15.09.2026
VAKFN;izle;;17,0;2,4;4,5;10,0;0;0;zayif;35,0;30,3;25,3;asagi;zayif;zayif;asagi;2,14;-3,60;2;1,09;-2,68;126100633;1,21;SAT;NEGATIF;SAT;NEGATIF;ARTIYOR;SAT;SAT;UCUZ (AL);0;15.09.2026
ULUUN;izle;;16,9;3,8;5,1;8,0;0;0;zayif;17,8;36,6;38,7;asagi;zayif;zayif;asagi;0,48;-2,19;2;7,69;-1,91;37837730;8,90;SAT;NEGATIF;NOTR;NEGATIF;AZALIYOR;SAT;SAT;NOTR;0;15.09.2026
ICUGS;izle;;16,9;5,4;1,4;10,0;6;0;zayif;31,1;24,1;40,9;asagi;zayif;zayif;asagi;1,79;-4,63;3;3,41;-4,75;93921627;4,51;SAT;NEGATIF;SAT;NEGATIF;ARTIYOR;SAT;SAT;NOTR;0;15.09.2026
ONRYT;izle;;16,8;0,0;8,8;8,0;0;0;zayif;9,4;41,8;56,3;asagi;zayif;zayif;asagi;0,52;-1,41;1;14,25;-1,66;32068542;16,10;SAT;NEGATIF;NOTR;NEGATIF;AZALIYOR;SAT;SAT;NOTR;0;15.09.2026
BYDNR;izle;;16,7;4,5;2,3;10,0;0;0;zayif;22,8;28,0;28,3;asagi;zayif;zayif;asagi;1,48;-3,42;2;32,02;-9,55;35590326;38,67;SAT;NEGATIF;SAT;NEGATIF;ARTIYOR;SAT;SAT;NOTR;0;15.09.2026
ESCOM;izle;;16,7;7,7;5,0;4,0;32;3;zayif;17,5;34,7;38,1;asagi;zayif;zayif;asagi;0,51;-2,49;1;4,98;-3,68;48266583;5,64;SAT;NEGATIF;NOTR;NEGATIF;ARTIYOR;SAT;SAT;NOTR;0;15.09.2026
BRLSM;izle;;16,7;11,2;5,5;0,0;0;0;zayif;20,5;39,9;27,6;asagi;zayif;zayif;asagi;0,32;-1,31;2;16,26;-3,33;95888521;21,61;SAT;NEGATIF;SAT;NEGATIF;AZALIYOR;SAT;SAT;NOTR;0;15.09.2026
AKSUE;izle;;16,6;5,4;4,7;6,5;0;0;zayif;40,5;27,2;27,0;asagi;zayif;zayif;asagi;1,09;-4,48;1;25,9;-9,94;89411799;34,49;SAT;NEGATIF;SAT;NEGATIF;ARTIYOR;AL;AL;NOTR;2;15.09.2026
KONTR;izle;;16,6;2,4;11,9;2,2;0;0;zayif;36,9;38,1;29,3;asagi;zayif;zayif;asagi;0,83;-6,30;2;3,35;-3,74;10698711;3,56;AL;NEGATIF;SAT;NEGATIF;AZALIYOR;AL;AL;UCUZ (AL);3;15.09.2026
AVHOL;izle;;16,3;1,6;11,9;2,8;6;0;zayif;23,7;38,0;53,2;asagi;zayif;zayif;asagi;0,87;-2,43;3;34,16;-1,10;57627203;36,64;AL;NEGATIF;SAT;NEGATIF;AZALIYOR;AL;AL;NOTR;3;15.09.2026
MMCAS;izle;;16,3;2,4;3,8;10,0;6;0;zayif;29,8;30,4;45,2;asagi;zayif;zayif;asagi;2,38;-5,27;3;38,88;-10,00;4365019;49,69;SAT;NEGATIF;SAT;NEGATIF;ARTIYOR;SAT;SAT;UCUZ (AL);0;15.09.2026
BRMEN;izle;;16,2;5,4;3,8;7,0;10;0;zayif;35,7;29,9;19,0;asagi;zayif;zayif;asagi;1,12;-4,61;4;11,23;-7,19;2799100;13,32;SAT;NEGATIF;SAT;NEGATIF;ARTIYOR;AL;AL;NOTR;2;15.09.2026
BALSU;izle;;16,2;2,3;9,9;4,0;6;0;zayif;29,0;31,4;52,1;asagi;zayif;zayif;asagi;0,53;-4,68;3;8,11;-1,22;259752838;10,21;AL;NEGATIF;SAT;NEGATIF;AZALIYOR;SAT;SAT;UCUZ (AL);1;15.09.2026
PKENT;izle;;16,2;3,0;5,6;7,6;16;1;zayif;19,6;34,4;41,2;asagi;zayif;zayif;asagi;1,16;-3,04;3;120;-0,99;16642080;130,67;SAT;NEGATIF;NOTR;NEGATIF;ARTIYOR;SAT;SAT;UCUZ (AL);0;15.09.2026
MTRYO;izle;;16,2;2,0;14,1;0,0;16;1;zayif;17,2;43,2;33,6;asagi;zayif;zayif;asagi;0,70;-1,30;3;8,74;-2,56;1685920;9,63;AL;NEGATIF;NOTR;POZITIF;AZALIYOR;AL;SAT;NOTR;3;15.09.2026
AKSEN;izle;;16,1;4,6;5,1;6,4;0;0;zayif;21,0;32,2;50,1;asagi;zayif;zayif;asagi;1,09;-2,83;1;74,45;-4,67;577368014;85,29;SAT;NEGATIF;SAT;NEGATIF;ARTIYOR;SAT;SAT;NOTR;0;15.09.2026
GIPTA;izle;;16,0;6,5;9,6;0,0;0;0;zayif;23,0;42,1;36,2;asagi;zayif;zayif;asagi;0,54;-0,93;2;68,55;-2,63;287236016;88,62;SAT;NEGATIF;SAT;NEGATIF;AZALIYOR;SAT;SAT;NOTR;0;15.09.2026
EUYO;izle;;15,8;0,0;6,7;9,1;16;1;zayif;12,0;37,8;34,8;asagi;zayif;zayif;asagi;1,01;-2,06;3;4,61;-1,71;3548206;5,37;SAT;NEGATIF;NOTR;NEGATIF;AZALIYOR;SAT;SAT;NOTR;0;15.09.2026
PENGD;izle;;15,7;1,9;12,1;1,8;0;0;zayif;26,2;38,5;43,3;asagi;zayif;zayif;asagi;0,81;-2,90;1;9,02;-0,44;18630639;9,59;AL;NEGATIF;SAT;POZITIF;AZALIYOR;SAT;SAT;NOTR;2;15.09.2026
GLRYH;izle;;15,6;0,3;6,7;8,7;0;0;zayif;14,0;40,3;59,0;asagi;zayif;zayif;asagi;0,69;-1,98;1;2,9;-4,61;16688299;3,34;SAT;NEGATIF;NOTR;NEGATIF;ARTIYOR;SAT;SAT;UCUZ (AL);0;15.09.2026
SNPAM;izle;;15,5;0,4;3,7;11,4;16;1;zayif;15,2;33,2;47,4;asagi;zayif;zayif;asagi;1,49;-3,21;3;18,2;-5,75;1156446;20,59;SAT;NEGATIF;NOTR;NEGATIF;ARTIYOR;SAT;SAT;UCUZ (AL);0;15.09.2026
YUNSA;izle;;15,3;2,4;3,8;9,1;0;0;zayif;31,1;28,5;38,8;asagi;zayif;zayif;asagi;1,24;-4,69;1;7,25;-4,86;47843859;8,07;SAT;NEGATIF;SAT;NEGATIF;ARTIYOR;AL;SAT;NOTR;1;15.09.2026
DUNYH;izle;;15,3;5,4;0,5;9,3;38;3;zayif;36,8;23,3;6,4;asagi;zayif;zayif;asagi;0,78;-3,30;3;103,1;-7,86;93903789;138,52;SAT;NEGATIF;SAT;NEGATIF;ARTIYOR;SAT;AL;NOTR;1;15.09.2026
OBASE;izle;;15,3;3,0;12,3;0,0;0;0;zayif;11,4;39,3;42,5;asagi;zayif;zayif;asagi;0,40;-2,18;1;35,08;-0,11;8202300;38,87;AL;NEGATIF;NOTR;NEGATIF;AZALIYOR;SAT;SAT;NOTR;1;15.09.2026
YAYLA;izle;;15,3;7,0;8,3;0,0;32;3;zayif;38,6;41,9;58,7;asagi;zayif;zayif;asagi;0,37;-1,40;1;21;-2,33;8841693;24,12;SAT;NEGATIF;AL;POZITIF;AZALIYOR;SAT;SAT;UCUZ (AL);2;15.09.2026
TSGYO;izle;;15,2;8,5;6,7;0,0;16;1;zayif;15,6;39,1;45,1;yukari;zayif;zayif;asagi;0,54;-2,19;3;5,56;-2,46;10268147;5,50;SAT;NEGATIF;NOTR;NEGATIF;ARTIYOR;SAT;SAT;UCUZ (AL);0;15.09.2026
ORCAY;izle;;15,2;0,0;11,7;3,5;0;0;zayif;10,7;37,4;36,7;asagi;zayif;zayif;asagi;0,91;-2,32;2;3,33;-0,30;4255021;3,67;AL;NEGATIF;NOTR;NEGATIF;ARTIYOR;AL;SAT;NOTR;2;15.09.2026
IZINV;izle;;15,2;1,0;4,1;10,0;10;0;zayif;14,7;30,2;43,4;asagi;zayif;zayif;asagi;2,95;-3,57;5;47,72;-1,08;39805686;54,23;SAT;NEGATIF;NOTR;NEGATIF;ARTIYOR;AL;SAT;UCUZ (AL);1;15.09.2026
KORDS;izle;;15,2;5,2;0,0;10,0;10;0;zayif;27,8;13,3;15,5;asagi;zayif;zayif;asagi;5,85;-7,71;6;3,74;-6,97;89422891;35,85;SAT;NEGATIF;SAT;NEGATIF;AZALIYOR;SAT;SAT;NOTR;0;15.09.2026
KZBGY;izle;;15,0;2,4;2,5;10,0;10;0;zayif;31,2;23,4;28,6;asagi;zayif;zayif;asagi;1,65;-6,13;4;1,72;-3,37;90201379;1,95;SAT;NEGATIF;SAT;NEGATIF;ARTIYOR;SAT;SAT;UCUZ (AL);0;15.09.2026
SNGYO;izle;;14,9;0,6;4,2;10,0;6;0;zayif;16,7;33,1;35,7;asagi;zayif;zayif;asagi;1,79;-2,93;3;3;-4,15;126286308;3,43;SAT;NEGATIF;NOTR;NEGATIF;ARTIYOR;SAT;SAT;UCUZ (AL);0;15.09.2026
INFO;izle;;14,8;4,3;0,5;10,0;0;0;zayif;21,7;19,5;29,9;asagi;zayif;zayif;asagi;2,00;-5,35;2;2,42;-45,00;278328863;4,22;SAT;NEGATIF;SAT;NEGATIF;ARTIYOR;SAT;SAT;NOTR;0;15.09.2026
PSGYO;izle;;14,8;3,4;4,7;6,7;0;0;zayif;15,2;32,7;25,4;asagi;zayif;zayif;asagi;1,10;-2,70;2;2,87;-6,51;399578893;3,43;SAT;NEGATIF;NOTR;NEGATIF;ARTIYOR;SAT;SAT;NOTR;0;15.09.2026
PLTUR;izle;;14,7;0,2;6,6;8,0;0;0;zayif;13,1;39,0;45,9;asagi;zayif;zayif;asagi;0,33;-2,22;2;19,56;-2,59;24865005;22,08;SAT;NEGATIF;NOTR;NEGATIF;AZALIYOR;SAT;SAT;NOTR;0;15.09.2026
BARMA;izle;;14,6;2,4;8,2;4,0;8;0;zayif;64,9;25,6;36,1;asagi;zayif;zayif;asagi;0,35;-15,10;2;9,34;-4,21;3309881;10,60;AL;NEGATIF;SAT;POZITIF;AZALIYOR;AL;SAT;UCUZ (AL);3;15.09.2026
QUAGR;izle;;14,6;0,1;4,5;10,0;0;0;zayif;12,9;32,1;52,6;asagi;zayif;zayif;asagi;1,31;-3,11;2;2,83;-7,21;166019236;3,43;SAT;NEGATIF;NOTR;NEGATIF;ARTIYOR;SAT;SAT;NOTR;0;15.09.2026
A1YEN;izle;;14,5;0,1;6,4;8,0;0;0;zayif;12,9;37,5;54,7;asagi;zayif;zayif;asagi;0,49;-2,31;2;2,56;-1,54;21596731;2,86;SAT;NEGATIF;NOTR;NEGATIF;AZALIYOR;SAT;SAT;NOTR;0;15.09.2026
SURGY;izle;;14,4;2,4;8,0;4,0;0;0;zayif;40,5;18,6;45,5;asagi;zayif;zayif;asagi;0,44;-8,83;2;28,84;-3,09;60507675;34,08;AL;NEGATIF;SAT;NEGATIF;AZALIYOR;AL;SAT;UCUZ (AL);2;15.09.2026
KRONT;izle;;14,4;10,5;4,0;0,0;6;0;zayif;21,1;34,4;33,2;asagi;zayif;zayif;asagi;0,61;-2,09;3;20,8;-2,44;17200144;25,11;SAT;NEGATIF;SAT;NEGATIF;AZALIYOR;SAT;SAT;NOTR;0;15.09.2026
EGEGY;izle;;14,4;5,0;2,9;6,6;46;4;zayif;26,6;30,7;20,9;asagi;zayif;zayif;asagi;1,09;-3,53;3;22,36;-5,33;129011051;28,38;SAT;NEGATIF;SAT;NEGATIF;AZALIYOR;SAT;SAT;NOTR;0;15.09.2026
GLBMD;izle;;14,3;0,7;5,6;7,9;0;0;zayif;17,5;33,9;27,3;asagi;zayif;zayif;asagi;1,18;-2,15;2;11,22;-1,67;2236112;12,42;SAT;NEGATIF;NOTR;NEGATIF;AZALIYOR;SAT;SAT;NOTR;0;15.09.2026
ERCB;izle;;14,2;8,3;5,9;0,0;0;0;zayif;14,2;35,2;39,7;yukari;zayif;zayif;asagi;0,54;-3,06;1;42,38;-1,90;19191783;41,03;SAT;NEGATIF;NOTR;NEGATIF;AZALIYOR;SAT;SAT;UCUZ (AL);0;15.09.2026
MEGAP;izle;;14,2;2,4;8,0;3,7;6;0;zayif;32,7;24,8;23,9;asagi;zayif;zayif;asagi;0,92;-7,21;3;1,61;-1,83;862382;1,71;AL;NEGATIF;SAT;NEGATIF;AZALIYOR;SAT;SAT;UCUZ (AL);1;15.09.2026
SOKE;izle;;14,2;2,4;1,7;10,0;0;0;zayif;33,2;15,8;22,4;asagi;zayif;zayif;asagi;3,28;-6,81;2;9,76;-9,71;109146461;12,21;SAT;NEGATIF;SAT;NEGATIF;ARTIYOR;SAT;SAT;NOTR;0;15.09.2026
SANEL;izle;;14,0;3,7;3,6;6,7;10;0;zayif;17,0;30,3;33,2;asagi;zayif;zayif;asagi;1,10;-3,19;5;44,82;-4,88;23464301;57,39;SAT;NEGATIF;NOTR;NEGATIF;AZALIYOR;SAT;AL;NOTR;1;15.09.2026
KAPLM;izle;;14,0;2,4;2,9;8,6;10;0;zayif;37,9;27,8;28,8;asagi;zayif;zayif;asagi;1,22;-4,60;4;334,75;-8,35;39839937;410,35;SAT;NEGATIF;SAT;NEGATIF;ARTIYOR;SAT;SAT;NOTR;0;15.09.2026
EUREN;izle;;13,9;0,3;13,4;0,2;22;2;zayif;14,3;40,2;58,4;asagi;zayif;zayif;asagi;0,52;-2,27;1;3,75;-1,57;54428606;4,10;AL;NEGATIF;NOTR;NEGATIF;AZALIYOR;SAT;SAT;UCUZ (AL);1;15.09.2026
SUNTK;izle;;13,9;1,1;4,8;8,0;6;0;zayif;19,8;33,3;59,3;asagi;zayif;zayif;asagi;0,45;-2,23;3;30,92;-2,40;20395450;37,85;SAT;NEGATIF;NOTR;NEGATIF;AZALIYOR;SAT;SAT;UCUZ (AL);0;15.09.2026
YYAPI;izle;;13,8;2,4;3,1;8,3;0;0;zayif;45,4;27,1;29,1;asagi;zayif;zayif;asagi;1,20;-5,37;2;0,77;0,00;3542086;0,81;SAT;NEGATIF;SAT;NEGATIF;AZALIYOR;SAT;SAT;UCUZ (AL);0;15.09.2026
AKYHO;izle;;13,8;0,9;12,9;0,0;0;0;zayif;18,6;41,4;22,6;asagi;zayif;zayif;asagi;0,48;-1,65;2;2,08;0,00;1612420;2,27;AL;NEGATIF;NOTR;POZITIF;AZALIYOR;SAT;SAT;UCUZ (AL);2;15.09.2026
DOAS;izle;;13,6;1,1;10,5;2,0;10;0;zayif;20,3;33,4;32,5;asagi;zayif;zayif;asagi;0,79;-3,88;4;160,3;-1,78;100630890;171,91;AL;NEGATIF;SAT;NEGATIF;ARTIYOR;SAT;SAT;NOTR;1;15.09.2026
BULGS;izle;;13,6;2,4;2,6;8,5;6;0;zayif;41,8;22,8;34,9;asagi;zayif;zayif;asagi;1,21;-4,90;3;27,94;-8,03;103588807;33,45;SAT;NEGATIF;SAT;NEGATIF;ARTIYOR;SAT;AL;UCUZ (AL);1;15.09.2026
BASCM;izle;;13,5;0,7;6,0;6,9;10;1;zayif;17,1;38,2;40,3;asagi;zayif;zayif;asagi;0,84;-2,63;2;13,02;0,15;1039686;13,82;SAT;NEGATIF;NOTR;NEGATIF;AZALIYOR;SAT;SAT;NOTR;0;15.09.2026
DOGUB;izle;;13,5;3,0;5,0;5,6;0;0;zayif;11,5;32,4;52,2;asagi;zayif;zayif;asagi;1,03;-3,11;2;57,9;-5,85;26844698;76,33;SAT;NEGATIF;NOTR;NEGATIF;AZALIYOR;SAT;SAT;NOTR;0;15.09.2026
BURCE;izle;;13,5;0,1;3,3;10,0;20;1;zayif;13,1;28,5;28,6;asagi;zayif;zayif;asagi;1,41;-4,11;4;30,5;-2,87;63898903;35,66;SAT;NEGATIF;NOTR;NEGATIF;ARTIYOR;SAT;SAT;NOTR;0;15.09.2026
SAMAT;izle;;13,4;0,5;5,9;7,0;10;0;zayif;15,5;35,3;37,1;asagi;zayif;zayif;asagi;1,12;-2,16;6;5,08;-0,39;6165388;5,67;SAT;NEGATIF;NOTR;NEGATIF;ARTIYOR;SAT;SAT;NOTR;0;15.09.2026
PARSN;izle;;13,4;0,9;12,5;0,0;10;0;zayif;18,3;40,1;34,8;asagi;zayif;zayif;asagi;0,54;-2,21;4;69,85;-1,34;13345331;76,10;AL;NEGATIF;NOTR;NEGATIF;AZALIYOR;SAT;SAT;UCUZ (AL);1;15.09.2026
VKING;izle;;13,4;2,4;10,6;0,3;0;0;zayif;37,7;33,7;56,6;asagi;zayif;zayif;asagi;0,72;-2,72;1;20,34;-0,68;4988548;22,35;AL;NEGATIF;SAT;NEGATIF;AZALIYOR;AL;SAT;UCUZ (AL);2;15.09.2026
QNBFK;izle;;13,3;1,9;11,4;0,0;6;0;zayif;26,0;36,4;59,1;asagi;zayif;zayif;asagi;0,63;-2,59;3;40;-2,44;677240;43,27;AL;NEGATIF;SAT;NEGATIF;AZALIYOR;SAT;SAT;NOTR;1;15.09.2026
MNDTR;izle;;13,3;0,8;11,9;0,6;0;0;zayif;18,2;37,8;60,3;asagi;zayif;zayif;asagi;0,73;-2,18;1;4,88;-2,20;7064874;5,30;AL;NEGATIF;NOTR;NEGATIF;AZALIYOR;SAT;SAT;UCUZ (AL);1;15.09.2026
MEDTR;izle;;13,3;1,4;2,0;10,0;10;0;zayif;22,0;25,9;20,4;asagi;zayif;zayif;asagi;1,41;-4,47;4;22,88;-3,05;8320770;25,27;SAT;NEGATIF;SAT;NEGATIF;ARTIYOR;SAT;SAT;UCUZ (AL);0;15.09.2026
HTTBT;izle;;13,3;1,2;2,1;10,0;10;0;zayif;20,9;26,1;31,2;asagi;zayif;zayif;asagi;1,59;-4,12;5;32,9;-3,91;26452587;36,39;SAT;NEGATIF;SAT;NEGATIF;ARTIYOR;SAT;SAT;UCUZ (AL);0;15.09.2026
SELVA;izle;;13,2;0,5;2,8;10,0;0;0;zayif;15,5;27,2;41,4;asagi;zayif;zayif;asagi;1,56;-4,92;2;1,46;-0,68;50174032;1,66;SAT;NEGATIF;NOTR;NEGATIF;ARTIYOR;SAT;SAT;UCUZ (AL);0;15.09.2026
MAKTK;izle;;13,2;1,1;4,1;8,0;6;0;zayif;20,3;31,4;64,0;asagi;zayif;zayif;asagi;0,42;-3,13;3;9,07;-2,99;16781758;10,59;SAT;NEGATIF;SAT;NEGATIF;ARTIYOR;SAT;SAT;UCUZ (AL);0;15.09.2026
VKFYO;izle;;13,2;0,3;12,9;0,0;32;3;zayif;12,9;41,2;17,2;asagi;zayif;zayif;asagi;0,54;-2,34;1;21,8;-1,54;2632895;24,79;AL;NEGATIF;NOTR;NEGATIF;AZALIYOR;SAT;AL;UCUZ (AL);2;15.09.2026
GOKNR;izle;;13,2;0,7;12,5;0,0;0;0;zayif;16,9;40,1;55,1;asagi;zayif;zayif;asagi;0,50;-3,08;2;17,75;-0,67;57176460;19,02;AL;NEGATIF;NOTR;POZITIF;AZALIYOR;AL;SAT;NOTR;3;15.09.2026
LINK;izle;;13,1;2,4;10,0;0,7;22;2;zayif;29,8;31,5;51,1;asagi;zayif;zayif;asagi;0,74;-3,51;1;5,05;-1,56;52546977;5,73;AL;NEGATIF;SAT;NEGATIF;AZALIYOR;SAT;SAT;NOTR;1;15.09.2026
IZENR;izle;;13,1;1,6;3,5;8,0;0;0;zayif;23,7;28,1;34,3;asagi;zayif;zayif;asagi;0,49;-4,37;1;6,6;-2,94;113899493;7,72;SAT;NEGATIF;SAT;NEGATIF;ARTIYOR;SAT;SAT;UCUZ (AL);0;15.09.2026
ALKIM;izle;;13,1;0,3;12,5;0,2;22;2;zayif;14,4;39,4;35,5;asagi;zayif;zayif;asagi;0,71;-2,12;1;15,18;-3,68;19315594;16,48;AL;NEGATIF;NOTR;NEGATIF;ARTIYOR;SAT;SAT;NOTR;1;15.09.2026
ERBOS;izle;;13,0;1,0;10,5;1,4;0;0;zayif;19,7;33,4;34,7;asagi;zayif;zayif;asagi;0,78;-3,29;2;143,6;-1,24;5577711;155,59;AL;NEGATIF;NOTR;NEGATIF;ARTIYOR;SAT;SAT;UCUZ (AL);1;15.09.2026
DCTTR;izle;;12,8;2,4;9,2;1,2;10;0;zayif;45,7;28,9;27,8;asagi;zayif;zayif;asagi;0,77;-5,76;4;5,87;-0,51;45396942;6,97;AL;NEGATIF;SAT;NEGATIF;AZALIYOR;SAT;AL;UCUZ (AL);2;15.09.2026
HUBVC;izle;;12,8;1,0;1,8;10,0;10;0;zayif;19,5;23,5;39,0;asagi;zayif;zayif;asagi;2,08;-4,44;4;2,1;-7,49;9064077;2,56;SAT;NEGATIF;NOTR;NEGATIF;ARTIYOR;SAT;SAT;NOTR;0;15.09.2026
IDGYO;izle;;12,7;2,4;10,3;0,0;10;0;zayif;35,4;32,6;27,6;asagi;zayif;zayif;asagi;0,65;-3,95;4;2,77;-1,77;2766274;3,26;AL;NEGATIF;SAT;NEGATIF;AZALIYOR;SAT;SAT;NOTR;1;15.09.2026
PINSU;izle;;12,7;6,0;6,7;0,0;22;2;zayif;27,4;37,4;66,3;asagi;zayif;zayif;asagi;0,45;-2,02;1;9,89;-1,40;15758845;10,91;SAT;NEGATIF;AL;NEGATIF;AZALIYOR;SAT;SAT;UCUZ (AL);1;15.09.2026
KFEIN;izle;;12,7;0,0;11,9;0,8;0;0;zayif;8,2;38,1;35,7;asagi;zayif;zayif;asagi;0,75;-2,20;1;7,82;-3,22;23547506;8,78;AL;NEGATIF;NOTR;NEGATIF;AZALIYOR;SAT;SAT;NOTR;1;15.09.2026
SEYKM;izle;;12,7;0,7;12,0;0,0;6;0;zayif;17,3;38,2;31,8;asagi;zayif;zayif;asagi;0,49;-1,79;3;4,26;-0,47;2641784;4,71;AL;NEGATIF;NOTR;NEGATIF;ARTIYOR;SAT;SAT;NOTR;1;15.09.2026
YYLGD;izle;;12,5;0,0;6,9;5,6;10;1;zayif;11,5;36,9;30,2;asagi;zayif;zayif;asagi;0,88;-2,69;1;9,71;-2,51;54520291;10,53;SAT;NEGATIF;NOTR;NEGATIF;ARTIYOR;SAT;SAT;NOTR;0;15.09.2026
ISFIN;izle;;12,5;3,4;4,1;5,0;20;1;zayif;15,2;30,3;25,6;asagi;zayif;zayif;asagi;0,74;-2,52;4;18,64;-2,36;24655184;20,15;SAT;NEGATIF;NOTR;NEGATIF;ARTIYOR;SAT;SAT;NOTR;0;15.09.2026
SILVR;izle;;12,4;0,1;12,4;0,0;6;0;zayif;12,4;38,4;39,7;asagi;zayif;zayif;asagi;0,62;-1,92;3;2,16;-0,92;1452989;2,36;AL;NEGATIF;NOTR;NEGATIF;AZALIYOR;SAT;SAT;UCUZ (AL);1;15.09.2026
CGCAM;izle;;12,4;2,4;2,2;7,7;6;0;zayif;32,2;24,6;25,8;asagi;zayif;zayif;asagi;1,16;-5,31;3;29,46;-5,09;74484160;34,34;SAT;NEGATIF;SAT;NEGATIF;ARTIYOR;SAT;SAT;NOTR;0;15.09.2026
GSRAY;izle;;12,4;1,7;7,8;2,9;0;0;zayif;24,3;38,7;31,8;asagi;zayif;zayif;asagi;0,52;-1,48;2;1;-0,99;123745778;1,09;SAT;NEGATIF;SAT;NEGATIF;AZALIYOR;SAT;SAT;UCUZ (AL);0;15.09.2026
GWIND;izle;;12,2;0,0;11,5;0,7;6;0;zayif;11,2;36,7;48,6;asagi;zayif;zayif;asagi;0,72;-3,15;3;22,12;-2,38;52306390;23,62;AL;NEGATIF;NOTR;NEGATIF;ARTIYOR;SAT;SAT;NOTR;1;15.09.2026
NTHOL;izle;;12,2;1,5;2,0;8,7;46;5;zayif;23,1;27,8;31,4;asagi;zayif;zayif;asagi;1,22;-3,17;3;39,1;-3,65;82111134;43,85;SAT;NEGATIF;SAT;NEGATIF;ARTIYOR;SAT;AL;UCUZ (AL);1;15.09.2026
SNICA;izle;;12,2;0,2;11,9;0,0;0;0;zayif;13,7;38,1;39,5;asagi;zayif;zayif;asagi;0,47;-3,20;2;3,06;-1,29;23176492;3,45;AL;NEGATIF;NOTR;NEGATIF;AZALIYOR;SAT;SAT;UCUZ (AL);1;15.09.2026
ALKA;izle;;12,1;0,2;12,0;0,0;32;3;zayif;13,1;38,3;49,4;asagi;zayif;zayif;asagi;0,64;-2,73;1;7,8;-3,47;13174832;8,61;AL;NEGATIF;NOTR;NEGATIF;ARTIYOR;SAT;SAT;UCUZ (AL);1;15.09.2026
QNBTR;izle;;12,0;2,4;3,7;5,9;10;0;zayif;48,9;28,8;25,8;asagi;zayif;zayif;asagi;1,05;-6,85;4;177;-2,21;2171790;186,82;SAT;NEGATIF;SAT;NEGATIF;ARTIYOR;SAT;SAT;UCUZ (AL);0;15.09.2026
TAVHL;izle;;12,0;0,0;5,2;6,9;40;5;zayif;11,9;34,9;35,0;asagi;zayif;zayif;asagi;0,89;-2,27;2;254,75;-5,12;793108335;286,33;SAT;NEGATIF;NOTR;NEGATIF;ARTIYOR;SAT;SAT;NOTR;0;15.09.2026
DMSAS;izle;;12,0;0,3;3,2;8,4;32;2;zayif;14,5;31,3;28,2;asagi;zayif;zayif;asagi;1,20;-3,00;4;7,76;-3,12;17504822;8,63;SAT;NEGATIF;NOTR;NEGATIF;AZALIYOR;SAT;SAT;UCUZ (AL);0;15.09.2026
GEREL;izle;;11,8;6,8;4,4;0,6;28;2;zayif;17,1;33,5;46,7;asagi;zayif;zayif;asagi;0,74;-2,40;3;32,96;-8,09;143743570;41,94;SAT;NEGATIF;NOTR;NEGATIF;ARTIYOR;SAT;SAT;NOTR;0;15.09.2026
KCAER;izle;;11,8;5,4;0,1;6,2;32;2;zayif;30,9;24,6;24,7;asagi;zayif;zayif;asagi;1,07;-3,39;4;12,74;-5,00;176618085;14,90;SAT;NEGATIF;SAT;NEGATIF;ARTIYOR;SAT;SAT;NOTR;0;15.09.2026
KENT;izle;;11,7;1,4;5,2;5,1;6;0;zayif;22,2;38,0;27,1;asagi;zayif;zayif;asagi;1,01;-2,36;3;330;-3,08;1374120;375,71;SAT;NEGATIF;SAT;NEGATIF;AZALIYOR;SAT;AL;UCUZ (AL);1;15.09.2026
TEZOL;izle;;11,7;2,4;9,3;0,0;6;0;zayif;35,1;29,3;29,3;asagi;zayif;zayif;asagi;0,51;-6,26;3;8,64;-2,04;19333253;9,84;AL;NEGATIF;SAT;NEGATIF;AZALIYOR;SAT;SAT;UCUZ (AL);1;15.09.2026
MOGAN;izle;;11,7;5,4;5,1;1,1;28;2;zayif;34,8;28,8;19,4;asagi;zayif;zayif;asagi;0,77;-3,32;3;12,61;-5,47;197978160;16,61;SAT;NEGATIF;SAT;NEGATIF;AZALIYOR;SAT;AL;NOTR;1;15.09.2026
DESPC;izle;;11,7;2,3;9,4;0,0;0;0;zayif;17,8;44,1;60,5;asagi;zayif;zayif;asagi;0,49;-1,21;1;39,24;-0,56;10741008;44,37;SAT;NEGATIF;NOTR;NEGATIF;AZALIYOR;SAT;AL;NOTR;1;15.09.2026
HDFGS;izle;;11,6;0,3;1,3;10,0;32;2;zayif;14,0;25,7;38,7;asagi;zayif;zayif;asagi;1,90;-3,83;4;2,07;1,47;180037234;2,46;SAT;NEGATIF;NOTR;NEGATIF;ARTIYOR;SAT;AL;NOTR;1;15.09.2026
CMENT;izle;;11,5;2,4;8,5;0,6;6;0;zayif;52,0;39,9;27,0;asagi;zayif;zayif;asagi;0,73;-3,62;3;250;2,25;787000;257,52;SAT;NEGATIF;SAT;NEGATIF;ARTIYOR;AL;AL;UCUZ (AL);2;15.09.2026
SAFKR;izle;;11,5;2,4;4,0;5,0;0;0;zayif;44,2;20,1;8,5;asagi;zayif;zayif;asagi;1,00;-6,56;2;13;-4,55;66310387;15,76;SAT;NEGATIF;SAT;NEGATIF;AZALIYOR;AL;SAT;UCUZ (AL);1;15.09.2026
GESAN;izle;;11,4;5,4;5,3;0,7;10;1;zayif;33,2;29,2;21,6;asagi;zayif;zayif;asagi;0,74;-3,57;2;59,3;-2,95;792795932;74,35;SAT;NEGATIF;SAT;NEGATIF;AZALIYOR;SAT;SAT;NOTR;0;15.09.2026
VRGYO;izle;;11,4;0,4;6,1;4,9;0;0;zayif;14,9;36,4;55,9;asagi;zayif;zayif;asagi;0,75;-2,74;1;1,7;-1,73;14515911;1,86;SAT;NEGATIF;NOTR;NEGATIF;ARTIYOR;SAT;SAT;UCUZ (AL);0;15.09.2026
KTLEV;izle;;11,3;5,4;1,9;4,0;6;0;zayif;31,2;31,3;26,3;asagi;zayif;zayif;asagi;0,02;-3,48;3;30,5;-9,98;115024742;46,01;SAT;NEGATIF;SAT;NEGATIF;AZALIYOR;SAT;SAT;PAHALI (SAT);0;15.09.2026
AYES;izle;;11,3;7,5;3,6;0,2;10;0;zayif;25,1;33,1;13,5;asagi;zayif;zayif;asagi;0,71;-3,10;6;27,2;-0,07;2063909;29,95;SAT;NEGATIF;SAT;NEGATIF;AZALIYOR;SAT;SAT;NOTR;0;15.09.2026
AGROT;izle;;11,3;0,6;6,0;4,7;22;2;zayif;13,5;31,5;29,5;asagi;zayif;zayif;asagi;0,98;-4,18;1;1,9;0,00;236823296;2,16;SAT;NEGATIF;NOTR;NEGATIF;ARTIYOR;AL;SAT;UCUZ (AL);1;15.09.2026
INGRM;izle;;11,2;1,9;6,7;2,6;0;0;zayif;16,9;39,5;49,3;asagi;zayif;zayif;asagi;0,86;-1,65;1;363;0,00;21390138;411,43;SAT;NEGATIF;NOTR;NEGATIF;ARTIYOR;SAT;SAT;NOTR;0;15.09.2026
KATMR;izle;;11,2;2,4;3,2;5,6;10;0;zayif;45,9;26,5;22,1;asagi;zayif;zayif;asagi;1,04;-5,48;4;1,81;-1,63;146768815;2,03;SAT;NEGATIF;SAT;NEGATIF;AZALIYOR;AL;SAT;UCUZ (AL);1;15.09.2026
FRIGO;izle;;11,1;0,5;10,2;0,4;20;1;zayif;15,4;42,7;45,8;asagi;zayif;zayif;asagi;0,38;-1,11;4;2,23;-0,89;37110197;2,67;SAT;NEGATIF;NOTR;NEGATIF;AZALIYOR;SAT;SAT;NOTR;0;15.09.2026
MEGMT;izle;;10,9;2,4;8,5;0,0;6;0;zayif;43,1;26,6;54,8;asagi;zayif;zayif;asagi;0,64;-5,72;3;41,96;-3,76;220310560;51,25;AL;NEGATIF;SAT;NEGATIF;AZALIYOR;SAT;SAT;NOTR;1;15.09.2026
AZTEK;izle;;10,9;2,4;2,9;5,5;6;0;zayif;30,5;25,1;28,8;asagi;zayif;zayif;asagi;1,03;-4,58;3;3,46;-4,42;19278694;3,97;SAT;NEGATIF;SAT;NEGATIF;ARTIYOR;SAT;SAT;NOTR;0;15.09.2026
GENTS;izle;;10,8;0,3;10,5;0,0;6;0;zayif;14,6;33,3;35,1;asagi;zayif;zayif;asagi;0,67;-4,05;3;4,9;-3,16;19783358;5,48;AL;NEGATIF;NOTR;NEGATIF;ARTIYOR;SAT;SAT;UCUZ (AL);1;15.09.2026
ATEKS;izle;;10,7;5,2;5,6;0,0;6;0;zayif;27,9;34,9;36,6;asagi;zayif;zayif;asagi;0,55;-4,23;3;90;-3,38;607050;100,88;SAT;NEGATIF;SAT;NEGATIF;AZALIYOR;SAT;SAT;NOTR;0;15.09.2026
BAKAB;izle;;10,7;1,2;9,5;0,0;6;0;zayif;20,9;30,1;20,0;asagi;zayif;zayif;asagi;0,65;-4,01;3;36,38;-1,57;7955287;41,18;AL;NEGATIF;SAT;NEGATIF;ARTIYOR;SAT;SAT;NOTR;1;15.09.2026
CIMSA;izle;;10,7;0,1;6,4;4,1;6;0;zayif;13,1;36,7;44,9;asagi;zayif;zayif;asagi;0,82;-2,65;3;43,02;-4,06;280543358;47,19;SAT;NEGATIF;NOTR;NEGATIF;ARTIYOR;SAT;SAT;NOTR;0;15.09.2026
ARENA;izle;;10,6;0,0;10,6;0,0;0;0;zayif;12,3;33,6;40,0;asagi;zayif;zayif;asagi;0,55;-3,73;2;18,98;-3,01;10158077;21,68;AL;NEGATIF;NOTR;NEGATIF;AZALIYOR;SAT;SAT;UCUZ (AL);1;15.09.2026
SEKFK;izle;;10,5;1,6;8,9;0,0;6;0;zayif;23,8;28,1;37,2;asagi;zayif;zayif;asagi;0,65;-3,34;3;4,28;-0,47;1941164;4,75;AL;NEGATIF;SAT;NEGATIF;AZALIYOR;SAT;SAT;NOTR;1;15.09.2026
OYYAT;izle;;10,5;0,5;8,6;1,4;0;0;zayif;15,5;40,3;58,7;asagi;zayif;zayif;asagi;0,79;-2,32;2;33,66;1,32;18298518;37,57;SAT;NEGATIF;NOTR;NEGATIF;AZALIYOR;SAT;AL;NOTR;1;15.09.2026
SMART;izle;;10,5;0,0;4,9;5,5;6;0;zayif;11,7;33,5;32,1;asagi;zayif;zayif;asagi;1,03;-3,49;3;21,44;-0,83;19748941;24,72;SAT;NEGATIF;NOTR;NEGATIF;ARTIYOR;SAT;SAT;NOTR;0;15.09.2026
LIDFA;izle;;10,5;0,2;0,3;10,0;10;0;zayif;13,5;10,9;35,4;asagi;zayif;zayif;asagi;1,68;-7,66;4;1,55;-37,25;24949691;2,11;SAT;NEGATIF;NOTR;NEGATIF;ARTIYOR;SAT;SAT;NOTR;0;15.09.2026
LIDER;izle;;10,4;2,4;8,0;0,0;10;0;zayif;53,9;20,2;30,0;asagi;zayif;zayif;asagi;0,41;-9,78;4;21,66;-2,78;234340731;29,87;AL;NEGATIF;SAT;NEGATIF;AZALIYOR;AL;AL;UCUZ (AL);3;15.09.2026
BORLS;izle;;10,4;2,4;4,0;4,0;10;0;zayif;35,6;20,1;0,0;asagi;zayif;zayif;asagi;0,61;-5,33;5;2,86;0,70;54088114;3,81;SAT;NEGATIF;SAT;NEGATIF;AZALIYOR;AL;SAT;NOTR;1;15.09.2026
KLMSN;izle;;10,2;0,9;4,6;4,7;16;1;zayif;18,6;32,6;25,8;asagi;zayif;zayif;asagi;0,98;-2,98;3;26,62;-2,20;15692357;29,33;SAT;NEGATIF;NOTR;NEGATIF;ARTIYOR;SAT;SAT;NOTR;0;15.09.2026
DGNMO;izle;;10,2;5,4;4,7;0,0;16;1;zayif;33,0;27,4;3,0;asagi;zayif;zayif;asagi;0,64;-2,46;3;6,78;-0,29;23184454;8,07;SAT;NEGATIF;SAT;NEGATIF;ARTIYOR;SAT;SAT;NOTR;0;15.09.2026
TMPOL;izle;;10,2;4,9;5,3;0,0;0;0;zayif;25,8;29,3;15,4;asagi;zayif;zayif;asagi;0,32;-3,88;2;288,25;-0,69;151123710;391,87;SAT;NEGATIF;SAT;NEGATIF;AZALIYOR;SAT;SAT;NOTR;0;15.09.2026
KAREL;izle;;10,2;1,8;3,6;4,7;10;0;zayif;25,4;28,7;34,3;asagi;zayif;zayif;asagi;0,98;-4,57;4;7,66;-4,01;71704325;8,76;SAT;NEGATIF;SAT;NEGATIF;ARTIYOR;SAT;SAT;NOTR;0;15.09.2026
TATEN;izle;;10,2;1,5;8,7;0,0;0;0;zayif;22,9;27,3;29,2;asagi;zayif;zayif;asagi;0,45;-5,35;2;7,18;-3,49;97782359;8,70;AL;NEGATIF;SAT;NEGATIF;AZALIYOR;SAT;SAT;UCUZ (AL);1;15.09.2026
KBORU;izle;;10,1;5,3;2,8;2,0;6;0;zayif;29,2;27,9;31,4;asagi;zayif;zayif;asagi;0,82;-4,39;3;16,1;-6,94;191473098;20,86;SAT;NEGATIF;SAT;NEGATIF;ARTIYOR;SAT;SAT;NOTR;0;15.09.2026
ECILC;izle;;10,1;0,8;4,8;4,5;10;1;zayif;17,7;36,3;58,0;asagi;zayif;zayif;asagi;0,97;-2,56;2;67,05;-3,46;361667767;77,53;SAT;NEGATIF;NOTR;NEGATIF;ARTIYOR;SAT;SAT;NOTR;0;15.09.2026
ICBCT;izle;;10,1;5,3;4,8;0,0;6;0;zayif;9,0;32,9;21,5;asagi;zayif;zayif;asagi;0,56;-2,65;3;18,1;-3,77;14031464;20,75;SAT;NEGATIF;NOTR;NEGATIF;ARTIYOR;SAT;SAT;NOTR;0;15.09.2026
TBORG;izle;;10,1;7,0;3,2;0,0;0;0;zayif;26,3;35,1;32,0;asagi;zayif;zayif;asagi;0,32;-2,10;2;129,2;-1,60;15726612;146,32;SAT;NEGATIF;SAT;NEGATIF;AZALIYOR;SAT;SAT;UCUZ (AL);0;15.09.2026
AKGRT;izle;;10,1;2,2;2,6;5,3;10;0;zayif;28,0;25,2;28,1;asagi;zayif;zayif;asagi;1,02;-5,12;4;5,76;-4,00;78176258;6,30;SAT;NEGATIF;SAT;NEGATIF;ARTIYOR;SAT;SAT;UCUZ (AL);0;15.09.2026
PKART;izle;;10,0;4,3;1,6;4,1;6;0;zayif;21,2;27,8;50,0;asagi;zayif;zayif;asagi;0,94;-3,10;3;101,1;-4,62;51790093;127,47;SAT;NEGATIF;SAT;NEGATIF;ARTIYOR;SAT;AL;NOTR;1;15.09.2026
CEMTS;izle;;9,9;0,3;6,9;2,7;38;3;zayif;14,1;35,9;40,8;asagi;zayif;zayif;asagi;0,84;-2,77;3;8,51;-2,41;9702813;9,23;SAT;NEGATIF;NOTR;NEGATIF;ARTIYOR;SAT;SAT;UCUZ (AL);0;15.09.2026
BANVT;izle;;9,9;2,0;6,5;1,4;0;0;zayif;17,2;37,5;38,6;asagi;zayif;zayif;asagi;0,78;-2,08;2;147;-2,00;11061015;159,85;SAT;NEGATIF;NOTR;NEGATIF;ARTIYOR;SAT;SAT;NOTR;0;15.09.2026
PASEU;izle;;9,8;5,4;4,4;0,0;10;0;zayif;37,2;26,2;24,7;asagi;zayif;zayif;asagi;0,02;-4,82;4;75,95;-9,96;23582551;122,47;SAT;NEGATIF;SAT;NEGATIF;AZALIYOR;SAT;AL;NOTR;1;15.09.2026
SARKY;izle;;9,8;3,3;5,4;1,1;38;3;zayif;14,4;36,6;35,5;asagi;zayif;zayif;asagi;0,76;-2,67;3;22,36;-4,53;120585244;26,41;SAT;NEGATIF;NOTR;NEGATIF;AZALIYOR;SAT;SAT;NOTR;0;15.09.2026
BSOKE;izle;;9,4;5,4;4,0;0,0;10;0;zayif;41,5;19,3;7,5;asagi;zayif;zayif;asagi;0,52;-5,36;4;19;-0,52;128914107;25,31;SAT;NEGATIF;SAT;NEGATIF;AZALIYOR;AL;SAT;NOTR;1;15.09.2026
HEDEF;izle;;9,4;5,4;4,0;0,0;0;0;zayif;42,0;17,6;-0,0;asagi;zayif;zayif;asagi;0,06;-8,89;1;26,52;-9,98;19097715;54,37;SAT;NEGATIF;SAT;NEGATIF;AZALIYOR;SAT;SAT;NOTR;0;15.09.2026
ODINE;izle;;9,4;5,4;4,0;0,0;0;0;zayif;36,8;19,5;21,9;asagi;zayif;zayif;asagi;0,04;-6,93;0;633,5;-9,95;10191748;1095,60;SAT;NEGATIF;SAT;NEGATIF;AZALIYOR;SAT;AL;NOTR;1;15.09.2026
EUHOL;izle;;9,4;2,1;3,3;4,0;10;0;zayif;27,7;32,0;16,3;asagi;zayif;zayif;asagi;0,63;-4,08;4;8,97;-4,98;3825212;10,31;SAT;NEGATIF;SAT;NEGATIF;ARTIYOR;SAT;SAT;NOTR;0;15.09.2026
TEKTU;izle;;9,4;1,0;4,3;4,0;40;5;zayif;14,7;31,3;30,8;asagi;zayif;zayif;asagi;0,50;-3,29;2;6,83;-2,57;28558259;8,03;SAT;NEGATIF;NOTR;NEGATIF;AZALIYOR;SAT;SAT;UCUZ (AL);0;15.09.2026
COSMO;izle;;9,3;0,9;8,5;0,0;0;0;zayif;18,3;39,9;23,9;asagi;zayif;zayif;asagi;0,64;-2,20;2;113,6;0,53;4865488;132,54;SAT;NEGATIF;NOTR;NEGATIF;AZALIYOR;SAT;SAT;UCUZ (AL);0;15.09.2026
BURVA;izle;;9,3;4,0;4,2;1,0;10;0;zayif;19,5;32,3;7,6;asagi;zayif;zayif;asagi;0,76;-3,58;5;573;-2,22;33842526;754,79;SAT;NEGATIF;NOTR;NEGATIF;ARTIYOR;SAT;SAT;NOTR;0;15.09.2026
ACSEL;izle;;9,2;1,3;5,3;2,6;6;0;zayif;21,8;33,4;35,2;asagi;zayif;zayif;asagi;0,85;-2,96;3;109,1;-1,89;11946886;123,18;SAT;NEGATIF;SAT;NEGATIF;AZALIYOR;SAT;SAT;NOTR;0;15.09.2026
MEKAG;izle;;9,2;0,9;4,1;4,1;6;0;zayif;18,9;31,2;44,1;asagi;zayif;zayif;asagi;0,95;-3,53;3;2,72;-3,20;24239261;3,17;SAT;NEGATIF;NOTR;NEGATIF;ARTIYOR;SAT;SAT;NOTR;0;15.09.2026
MERKO;izle;;9,0;2,4;3,3;3,3;6;0;zayif;31,5;27,5;45,0;asagi;zayif;zayif;asagi;0,90;-5,36;3;1,15;-3,36;22148110;1,31;SAT;NEGATIF;SAT;NEGATIF;ARTIYOR;SAT;SAT;UCUZ (AL);0;15.09.2026
DOFER;izle;;8,9;0,3;5,5;3,1;0;0;zayif;14,2;35,2;43,9;asagi;zayif;zayif;asagi;0,89;-2,87;1;26,72;-1,40;10558141;29,38;SAT;NEGATIF;NOTR;NEGATIF;AZALIYOR;SAT;SAT;UCUZ (AL);0;15.09.2026
GOLTS;izle;;8,9;0,7;5,7;2,5;6;0;zayif;17,4;36,3;25,8;asagi;zayif;zayif;asagi;0,68;-2,98;3;284,75;-2,82;25220023;310,74;SAT;NEGATIF;NOTR;NEGATIF;ARTIYOR;SAT;SAT;NOTR;0;15.09.2026
ISKPL;izle;;8,8;0,6;3,3;4,8;6;0;zayif;16,6;31,3;25,5;asagi;zayif;zayif;asagi;0,99;-3,67;3;6,48;-7,03;256911432;7,97;SAT;NEGATIF;NOTR;NEGATIF;ARTIYOR;SAT;AL;UCUZ (AL);1;15.09.2026
SKYLP;izle;;8,8;2,4;4,2;2,1;0;0;zayif;34,2;25,8;21,5;asagi;zayif;zayif;asagi;0,83;-4,66;1;158;-4,18;8892398;212,09;SAT;NEGATIF;SAT;NEGATIF;AZALIYOR;AL;SAT;UCUZ (AL);1;15.09.2026
TLMAN;izle;;8,8;1,3;5,8;1,6;0;0;zayif;21,7;35,0;31,4;asagi;zayif;zayif;asagi;0,80;-2,61;2;76;-2,56;10721016;84,45;SAT;NEGATIF;SAT;NEGATIF;ARTIYOR;SAT;SAT;UCUZ (AL);0;15.09.2026
DITAS;izle;;8,7;2,3;2,4;4,0;10;0;zayif;28,6;28,0;31,9;asagi;zayif;zayif;asagi;0,69;-4,55;4;16,73;-9,32;36912888;22,87;SAT;NEGATIF;SAT;NEGATIF;ARTIYOR;SAT;SAT;NOTR;0;15.09.2026
OYLUM;izle;;8,7;1,1;2,6;4,9;10;0;zayif;20,0;21,1;37,5;asagi;zayif;zayif;asagi;1,00;-3,37;4;6,76;-1,89;2710517;7,40;SAT;NEGATIF;NOTR;NEGATIF;ARTIYOR;SAT;SAT;UCUZ (AL);0;15.09.2026
PRDGS;izle;;8,6;4,7;4,0;0,0;20;1;zayif;24,2;34,4;25,2;asagi;zayif;zayif;asagi;0,54;-2,34;4;6,61;-3,50;22115084;7,78;SAT;NEGATIF;SAT;NEGATIF;AZALIYOR;SAT;SAT;NOTR;0;15.09.2026
FADE;izle;;8,6;3,0;5,6;0,0;0;0;zayif;10,4;37,3;53,1;asagi;zayif;zayif;asagi;0,63;-1,89;2;14,7;-3,10;22581773;16,47;SAT;NEGATIF;NOTR;NEGATIF;ARTIYOR;SAT;SAT;NOTR;0;15.09.2026
MARMR;izle;;8,6;1,3;1,2;6,2;10;0;zayif;21,5;26,4;22,7;asagi;zayif;zayif;asagi;1,07;-3,93;5;1,94;-4,43;103848745;2,26;SAT;NEGATIF;SAT;NEGATIF;ARTIYOR;SAT;SAT;NOTR;0;15.09.2026
BTCIM;izle;;8,5;2,4;2,6;3,5;0;0;zayif;51,1;24,0;46,5;asagi;zayif;zayif;asagi;0,91;-5,23;2;3,5;-5,91;419869625;4,29;SAT;NEGATIF;SAT;NEGATIF;ARTIYOR;SAT;SAT;NOTR;0;15.09.2026
RAYSG;izle;;8,5;0,8;5,4;2,3;10;0;zayif;17,8;34,7;32,3;asagi;zayif;zayif;asagi;0,84;-3,69;5;146,4;-2,72;19197432;163,65;SAT;NEGATIF;NOTR;NEGATIF;ARTIYOR;SAT;SAT;UCUZ (AL);0;15.09.2026
KLRHO;izle;;8,5;1,2;2,6;4,7;0;0;zayif;20,9;24,5;26,0;asagi;zayif;zayif;asagi;0,74;-6,10;2;55,15;-5,73;110361051;66,23;SAT;NEGATIF;SAT;NEGATIF;ARTIYOR;SAT;SAT;UCUZ (AL);0;15.09.2026
LYDYE;izle;;8,4;0,6;7,8;0,0;50;4;zayif;16,3;41,5;44,6;asagi;zayif;zayif;asagi;0,61;-1,75;4;11802,5;-1,67;16794958;13268,29;SAT;NEGATIF;NOTR;POZITIF;AZALIYOR;SAT;SAT;UCUZ (AL);1;15.09.2026
ZEDUR;izle;;8,4;2,4;4,4;1,5;10;0;zayif;34,4;30,9;45,5;asagi;zayif;zayif;asagi;0,79;-3,31;4;7,26;-0,68;8178978;7,92;SAT;NEGATIF;SAT;NEGATIF;ARTIYOR;SAT;SAT;NOTR;0;15.09.2026
DGATE;izle;;8,3;4,2;4,1;0,0;6;0;zayif;20,8;31,3;34,5;asagi;zayif;zayif;asagi;0,48;-2,92;3;82,5;-4,95;12208515;101,52;SAT;NEGATIF;SAT;NEGATIF;AZALIYOR;SAT;SAT;NOTR;0;15.09.2026
CWENE;izle;;8,2;3,9;4,4;0,0;6;0;zayif;18,6;34,1;38,2;asagi;zayif;zayif;asagi;0,19;-3,25;3;28,9;-1,90;361848953;35,14;SAT;NEGATIF;NOTR;NEGATIF;AZALIYOR;SAT;SAT;NOTR;0;15.09.2026
INTEM;izle;;8,2;0,9;4,6;2,7;0;0;zayif;18,6;33,7;34,3;asagi;zayif;zayif;asagi;0,80;-2,54;2;229,4;-3,86;8984451;265,20;SAT;NEGATIF;NOTR;NEGATIF;ARTIYOR;SAT;SAT;NOTR;0;15.09.2026
KOTON;izle;;8,2;0,5;5,7;2,1;6;0;zayif;15,4;34,5;21,1;asagi;zayif;zayif;asagi;0,82;-3,44;3;12,05;-0,50;21061713;12,82;SAT;NEGATIF;NOTR;NEGATIF;AZALIYOR;SAT;SAT;UCUZ (AL);0;15.09.2026
CASA;izle;;8,2;0,8;5,5;1,9;0;0;zayif;17,6;36,7;47,6;asagi;zayif;zayif;asagi;0,81;-3,78;2;65,25;-1,14;854775;70,19;SAT;NEGATIF;NOTR;NEGATIF;AZALIYOR;SAT;SAT;UCUZ (AL);0;15.09.2026
RODRG;izle;;8,2;3,7;4,3;0,1;6;0;zayif;17,0;35,3;57,2;asagi;zayif;zayif;asagi;0,71;-2,08;3;22,1;-2,81;4894067;26,40;SAT;NEGATIF;NOTR;NEGATIF;AZALIYOR;SAT;SAT;NOTR;0;15.09.2026
MOPAS;izle;;8,1;2,4;2,4;3,2;6;0;zayif;31,3;23,9;39,1;asagi;zayif;zayif;asagi;0,89;-5,74;3;23,8;-4,72;47303642;26,99;SAT;NEGATIF;SAT;NEGATIF;ARTIYOR;SAT;SAT;UCUZ (AL);0;15.09.2026
KLKIM;izle;;7,9;0,5;7,1;0,4;6;0;zayif;15,4;37,3;36,6;asagi;zayif;zayif;asagi;0,71;-2,31;3;25,4;0,00;36361091;27,97;SAT;NEGATIF;NOTR;NEGATIF;AZALIYOR;SAT;SAT;UCUZ (AL);0;15.09.2026
FENER;izle;;7,9;0,9;2,6;4,3;6;0;zayif;18,9;30,1;48,3;asagi;zayif;zayif;asagi;0,96;-3,39;3;2,72;-5,88;368091820;3,09;SAT;NEGATIF;NOTR;NEGATIF;ARTIYOR;SAT;SAT;NOTR;0;15.09.2026
ISGYO;izle;;7,8;5,2;2,6;0,0;40;4;zayif;23,3;29,6;37,0;asagi;zayif;zayif;asagi;0,58;-2,30;2;22,38;-4,68;23846987;26,59;SAT;NEGATIF;SAT;NEGATIF;AZALIYOR;SAT;SAT;NOTR;0;15.09.2026
ENDAE;izle;;7,6;4,0;3,6;0,0;28;2;zayif;19,6;33,7;23,2;asagi;zayif;zayif;asagi;0,33;-2,11;3;15,58;-4,00;27946017;18,55;SAT;NEGATIF;NOTR;NEGATIF;ARTIYOR;SAT;SAT;NOTR;0;15.09.2026
VSNMD;izle;;7,6;1,3;2,3;4,0;0;0;zayif;21,8;20,3;32,8;asagi;zayif;zayif;asagi;0,64;-5,79;2;37,94;-4,39;24696588;43,60;SAT;NEGATIF;SAT;NEGATIF;ARTIYOR;SAT;SAT;UCUZ (AL);0;15.09.2026
DERIM;izle;;7,6;1,6;6,0;0,0;22;2;zayif;23,5;38,6;40,8;asagi;zayif;zayif;asagi;0,70;-1,75;2;33,58;-2,10;10264298;37,97;SAT;NEGATIF;SAT;NEGATIF;ARTIYOR;SAT;SAT;NOTR;0;15.09.2026
A1CAP;izle;;7,6;2,4;2,5;2,7;6;0;zayif;38,5;25,3;25,8;asagi;zayif;zayif;asagi;0,86;-5,21;3;6,97;-0,57;47950694;7,94;SAT;NEGATIF;SAT;NEGATIF;AZALIYOR;SAT;SAT;UCUZ (AL);0;15.09.2026
EGEPO;izle;;7,5;5,4;0,0;2,1;6;0;zayif;44,0;17,8;19,9;asagi;zayif;zayif;asagi;0,82;-6,82;3;9,14;-9,68;44337537;12,88;SAT;NEGATIF;SAT;NEGATIF;ARTIYOR;SAT;AL;NOTR;1;15.09.2026
ALVES;izle;;7,5;2,4;1,0;4,0;0;0;zayif;36,6;16,8;15,8;asagi;zayif;zayif;asagi;0,13;-9,32;0;0,89;-9,18;11488729;1,19;SAT;NEGATIF;SAT;NEGATIF;AZALIYOR;SAT;SAT;UCUZ (AL);0;15.09.2026
THYAO;izle;;7,5;0,3;5,2;2,0;6;0;zayif;14,1;33,5;29,6;asagi;zayif;zayif;asagi;0,81;-2,90;3;285,25;-3,47;11010697066;312,20;SAT;NEGATIF;NOTR;NEGATIF;ARTIYOR;SAT;SAT;NOTR;0;15.09.2026
ERSU;izle;;7,3;3,4;3,9;0,0;10;1;zayif;13,1;32,3;44,0;asagi;zayif;zayif;asagi;0,48;-1,80;1;21,74;-2,95;4421199;25,63;SAT;NEGATIF;NOTR;NEGATIF;AZALIYOR;SAT;SAT;NOTR;0;15.09.2026
LMKDC;izle;;7,3;1,3;4,2;1,8;20;1;zayif;21,8;31,9;25,7;asagi;zayif;zayif;asagi;0,81;-3,90;5;21,36;-2,64;68299049;24,10;SAT;NEGATIF;SAT;NEGATIF;ARTIYOR;SAT;SAT;UCUZ (AL);0;15.09.2026
FORMT;izle;;7,2;2,4;2,8;2,0;6;0;zayif;42,9;19,7;23,2;asagi;zayif;zayif;asagi;0,82;-6,69;3;1,41;-2,08;19474928;1,57;SAT;NEGATIF;SAT;NEGATIF;ARTIYOR;SAT;SAT;UCUZ (AL);0;15.09.2026
DOFRB;izle;;7,2;4,6;2,6;0,0;0;0;zayif;23,6;28,1;46,8;asagi;zayif;zayif;asagi;0,60;-4,68;2;98,3;-4,56;268035102;122,39;SAT;NEGATIF;SAT;NEGATIF;AZALIYOR;SAT;SAT;NOTR;0;15.09.2026
ULUFA;izle;;7,1;0,4;5,6;1,1;0;0;zayif;14,6;35,0;36,5;asagi;zayif;zayif;asagi;0,77;-2,60;2;1,58;-3,07;20808249;1,77;SAT;NEGATIF;NOTR;NEGATIF;ARTIYOR;SAT;SAT;NOTR;0;15.09.2026
ONCSM;izle;;7,0;2,4;4,6;0,0;6;0;zayif;32,6;26,9;7,9;asagi;zayif;zayif;asagi;0,35;-4,78;3;158,4;-2,82;53350862;206,21;SAT;NEGATIF;SAT;NEGATIF;AZALIYOR;SAT;SAT;UCUZ (AL);0;15.09.2026
KLGYO;izle;;7,0;1,5;5,5;0,0;6;0;zayif;23,1;37,1;38,9;asagi;zayif;zayif;asagi;0,55;-1,85;3;4,4;-3,51;22256758;5,09;SAT;NEGATIF;SAT;NEGATIF;ARTIYOR;SAT;SAT;UCUZ (AL);0;15.09.2026
EKOS;izle;;6,8;2,1;2,9;1,8;16;1;zayif;27,3;27,3;32,3;asagi;zayif;zayif;asagi;0,81;-4,47;3;4,58;-1,29;37509426;5,32;SAT;NEGATIF;SAT;NEGATIF;ARTIYOR;SAT;SAT;UCUZ (AL);0;15.09.2026
IHAAS;izle;;6,8;0,9;5,8;0,0;38;3;zayif;18,9;37,0;31,6;asagi;zayif;zayif;asagi;0,55;-2,77;3;48,06;-2,04;29940034;56,83;SAT;NEGATIF;NOTR;NEGATIF;AZALIYOR;SAT;SAT;NOTR;0;15.09.2026
MSGYO;izle;;6,8;0,0;6,8;0,0;0;0;zayif;11,3;38,2;49,6;asagi;zayif;zayif;asagi;0,50;-2,27;2;5,52;-0,54;5334048;6,16;SAT;NEGATIF;NOTR;NEGATIF;AZALIYOR;SAT;SAT;NOTR;0;15.09.2026
TKNSA;izle;;6,7;1,3;5,4;0,0;20;1;zayif;21,7;37,4;21,6;asagi;zayif;zayif;asagi;0,28;-2,26;4;15,94;-2,69;41929405;18,82;SAT;NEGATIF;SAT;NEGATIF;AZALIYOR;SAT;SAT;UCUZ (AL);0;15.09.2026
FONET;izle;;6,6;5,0;1,6;0,1;28;2;zayif;26,6;26,7;25,6;asagi;zayif;zayif;asagi;0,70;-3,67;3;4,26;-3,84;52447659;4,96;SAT;NEGATIF;SAT;NEGATIF;ARTIYOR;SAT;SAT;NOTR;0;15.09.2026
LUKSK;izle;;6,5;0,0;4,6;1,9;6;0;zayif;12,1;30,8;41,1;asagi;zayif;zayif;asagi;0,81;-3,58;3;79,4;-1,24;6389000;88,69;SAT;NEGATIF;NOTR;NEGATIF;AZALIYOR;SAT;SAT;UCUZ (AL);0;15.09.2026
OSMEN;izle;;6,4;1,3;5,1;0,0;28;2;zayif;21,8;34,1;26,8;asagi;zayif;zayif;asagi;0,53;-3,17;3;6,7;-1,76;12605045;7,58;SAT;NEGATIF;SAT;NEGATIF;AZALIYOR;SAT;SAT;NOTR;0;15.09.2026
OTTO;izle;;6,3;2,4;1,8;2,1;0;0;zayif;31,6;20,5;19,6;asagi;zayif;zayif;asagi;0,83;-6,03;2;121;-3,35;21786292;146,59;SAT;NEGATIF;SAT;NEGATIF;AZALIYOR;SAT;SAT;UCUZ (AL);0;15.09.2026
ORMA;izle;;6,3;1,5;4,8;0,0;10;0;zayif;22,9;33,6;22,8;asagi;zayif;zayif;asagi;0,69;-4,35;5;146,2;-1,88;891381;159,11;SAT;NEGATIF;SAT;NEGATIF;AZALIYOR;SAT;SAT;NOTR;0;15.09.2026
SRVGY;izle;;6,3;0,8;5,5;0,0;0;0;zayif;17,6;35,3;31,0;asagi;zayif;zayif;asagi;0,65;-3,01;2;2,37;-2,47;24308332;2,61;SAT;NEGATIF;NOTR;NEGATIF;ARTIYOR;SAT;SAT;UCUZ (AL);0;15.09.2026
LILAK;izle;;6,2;0,6;5,6;0,0;28;2;zayif;16,2;35,4;45,2;asagi;zayif;zayif;asagi;0,65;-3,41;3;27,38;-1,72;42162325;30,09;SAT;NEGATIF;NOTR;NEGATIF;AZALIYOR;SAT;SAT;NOTR;0;15.09.2026
KRSTL;izle;;6,2;2,4;2,2;1,6;10;0;zayif;40,5;20,2;24,7;asagi;zayif;zayif;asagi;0,79;-6,21;4;8,16;-4,23;24581257;9,03;SAT;NEGATIF;SAT;NEGATIF;ARTIYOR;SAT;SAT;NOTR;0;15.09.2026
HOROZ;izle;;6,2;0,2;6,0;0,0;0;0;zayif;13,2;38,1;41,0;asagi;zayif;zayif;asagi;0,41;-2,14;1;55,55;-2,03;34448277;63,45;SAT;NEGATIF;NOTR;NEGATIF;AZALIYOR;SAT;SAT;NOTR;0;15.09.2026
SEGYO;izle;;6,0;2,2;2,3;1,4;6;0;zayif;28,2;25,0;26,6;asagi;zayif;zayif;asagi;0,79;-5,24;3;3,35;-1,76;8902143;3,73;SAT;NEGATIF;SAT;NEGATIF;ARTIYOR;SAT;SAT;UCUZ (AL);0;15.09.2026
KONKA;izle;;5,6;2,4;2,3;0,8;42;3;zayif;40,7;20,4;21,1;asagi;zayif;zayif;asagi;0,75;-6,74;4;8,83;-2,65;19591086;10,11;SAT;NEGATIF;SAT;NEGATIF;ARTIYOR;AL;SAT;UCUZ (AL);1;15.09.2026
YAPRK;izle;;5,6;0,1;5,4;0,0;6;0;zayif;13,0;35,0;9,3;asagi;zayif;zayif;asagi;0,54;-2,75;3;10,21;-3,13;15032112;11,37;SAT;NEGATIF;NOTR;NEGATIF;ARTIYOR;SAT;SAT;NOTR;0;15.09.2026
KOPOL;izle;;5,5;0,8;4,7;0,0;0;0;zayif;18,2;33,3;30,7;asagi;zayif;zayif;asagi;0,70;-3,25;2;4,9;-2,39;33044767;5,63;SAT;NEGATIF;NOTR;NEGATIF;AZALIYOR;SAT;SAT;NOTR;0;15.09.2026
ALFAS;izle;;5,5;0,9;4,6;0,0;42;3;zayif;18,8;32,2;43,5;asagi;zayif;zayif;asagi;0,63;-3,95;4;36,56;-3,38;44838939;41,29;SAT;NEGATIF;NOTR;NEGATIF;ARTIYOR;SAT;SAT;NOTR;0;15.09.2026
DARDL;izle;;5,4;1,3;2,6;1,6;46;4;zayif;21,3;24,7;48,1;asagi;zayif;zayif;asagi;0,80;-4,59;3;1,49;-2,61;19737930;1,67;SAT;NEGATIF;SAT;NEGATIF;ARTIYOR;SAT;SAT;UCUZ (AL);0;15.09.2026
BAYRK;izle;;5,4;1,0;4,4;0,0;38;3;zayif;19,2;32,6;47,0;asagi;zayif;zayif;asagi;0,58;-2,76;3;3,97;-2,22;16627801;4,46;SAT;NEGATIF;NOTR;NEGATIF;ARTIYOR;SAT;SAT;UCUZ (AL);0;15.09.2026
KLSER;izle;;5,3;0,2;4,1;1,0;16;1;zayif;13,3;31,6;23,9;asagi;zayif;zayif;asagi;0,76;-3,69;3;22,58;-1,05;23582394;24,46;SAT;NEGATIF;NOTR;NEGATIF;AZALIYOR;SAT;SAT;UCUZ (AL);0;15.09.2026
KTSKR;izle;;5,3;0,6;3,7;1,0;0;0;zayif;16,3;27,9;27,8;asagi;zayif;zayif;asagi;0,76;-4,41;2;73;-2,01;21624644;82,65;SAT;NEGATIF;NOTR;NEGATIF;AZALIYOR;SAT;SAT;NOTR;0;15.09.2026
BIENY;izle;;5,1;0,5;4,7;0,0;6;0;zayif;15,4;35,2;48,7;asagi;zayif;zayif;asagi;0,33;-2,19;3;19,83;-1,54;23684198;22,03;SAT;NEGATIF;NOTR;NEGATIF;ARTIYOR;SAT;SAT;UCUZ (AL);0;15.09.2026
BIGCH;izle;;5,1;0,8;4,3;0,0;28;2;zayif;17,8;30,7;41,8;asagi;zayif;zayif;asagi;0,68;-3,53;3;5,14;-5,51;21937643;6,17;SAT;NEGATIF;NOTR;NEGATIF;ARTIYOR;SAT;SAT;UCUZ (AL);0;15.09.2026
ARZUM;izle;;5,1;0,1;4,9;0,0;10;0;zayif;13,0;32,4;46,4;asagi;zayif;zayif;asagi;0,55;-4,03;4;1,47;-2,00;10400566;1,67;SAT;NEGATIF;NOTR;NEGATIF;AZALIYOR;SAT;SAT;UCUZ (AL);0;15.09.2026
YONGA;izle;;5,0;1,8;3,1;0,1;6;0;zayif;25,5;26,5;17,5;asagi;zayif;zayif;asagi;0,71;-4,80;3;42,3;-0,52;519148;45,73;SAT;NEGATIF;SAT;NEGATIF;ARTIYOR;SAT;SAT;UCUZ (AL);0;15.09.2026
EMKEL;izle;;4,9;2,4;2,5;0,0;0;0;zayif;48,1;16,0;34,7;asagi;zayif;zayif;asagi;0,50;-7,40;2;12,01;-2,20;25698542;13,85;SAT;NEGATIF;SAT;NEGATIF;AZALIYOR;AL;SAT;UCUZ (AL);1;15.09.2026
LYDHO;izle;;4,9;2,4;2,4;0,0;6;0;zayif;45,7;25,9;29,6;asagi;zayif;zayif;asagi;0,47;-4,56;3;128;-4,83;26323456;156,27;SAT;NEGATIF;SAT;NEGATIF;ARTIYOR;AL;SAT;UCUZ (AL);1;15.09.2026
GEDZA;izle;;4,8;1,4;2,6;0,9;32;2;zayif;22,5;29,5;13,4;asagi;zayif;zayif;asagi;0,75;-3,44;4;25,78;-3,30;9513851;28,85;SAT;NEGATIF;SAT;NEGATIF;ARTIYOR;SAT;SAT;NOTR;0;15.09.2026
PNLSN;izle;;4,8;0,2;4,6;0,0;6;0;zayif;13,4;32,5;20,2;asagi;zayif;zayif;asagi;0,63;-3,08;3;37,96;-4,14;20987287;43,79;SAT;NEGATIF;NOTR;NEGATIF;ARTIYOR;SAT;SAT;NOTR;0;15.09.2026
TUREX;izle;;4,7;1,1;3,6;0,0;6;0;zayif;19,9;30,1;18,5;asagi;zayif;zayif;asagi;0,56;-4,39;3;5,8;-1,53;46592224;6,40;SAT;NEGATIF;NOTR;NEGATIF;AZALIYOR;SAT;SAT;NOTR;0;15.09.2026
ATAKP;izle;;4,3;2,4;1,9;0,0;10;0;zayif;37,0;20,4;14,0;asagi;zayif;zayif;asagi;0,65;-6,25;4;38,1;-3,10;8477212;42,75;SAT;NEGATIF;SAT;NEGATIF;ARTIYOR;SAT;SAT;UCUZ (AL);0;15.09.2026
EKSUN;izle;;4,3;1,0;3,3;0,0;22;2;zayif;19,2;30,6;47,5;asagi;zayif;zayif;asagi;0,48;-3,72;2;5,31;-2,57;10677953;5,98;SAT;NEGATIF;NOTR;NEGATIF;AZALIYOR;SAT;SAT;NOTR;0;15.09.2026
ELITE;izle;;4,1;1,8;2,4;0,0;20;1;zayif;25,1;24,4;53,1;asagi;zayif;zayif;asagi;0,49;-4,84;4;24,56;-2,07;21072529;27,35;SAT;NEGATIF;SAT;NEGATIF;AZALIYOR;SAT;SAT;UCUZ (AL);0;15.09.2026
GZNMI;izle;;4,0;1,2;2,8;0,0;10;0;zayif;21,0;28,5;27,4;asagi;zayif;zayif;asagi;0,40;-3,66;5;47;-3,73;29264174;56,04;SAT;NEGATIF;SAT;NEGATIF;AZALIYOR;SAT;AL;NOTR;1;15.09.2026
BEGYO;izle;;3,9;1,3;2,6;0,0;10;0;zayif;21,9;27,5;21,5;asagi;zayif;zayif;asagi;0,68;-4,09;4;3,18;-2,15;7140044;3,54;SAT;NEGATIF;SAT;NEGATIF;ARTIYOR;SAT;SAT;UCUZ (AL);0;15.09.2026
SMRVA;izle;;3,9;0,2;3,7;0,0;10;0;zayif;13,3;29,7;25,6;asagi;zayif;zayif;asagi;0,65;-4,52;4;9,83;-3,53;51550270;11,35;SAT;NEGATIF;NOTR;NEGATIF;ARTIYOR;SAT;SAT;UCUZ (AL);0;15.09.2026
GEDIK;izle;;3,8;1,2;2,6;0,0;0;0;zayif;20,7;27,0;26,2;asagi;zayif;zayif;asagi;0,31;-3,61;2;5,5;-0,90;14419708;6,05;SAT;NEGATIF;SAT;NEGATIF;AZALIYOR;SAT;SAT;NOTR;0;15.09.2026
MAKIM;izle;;3,3;0,5;2,8;0,0;0;0;zayif;15,7;28,2;23,2;asagi;zayif;zayif;asagi;0,64;-3,93;1;13,96;-2,10;10996027;15,71;SAT;NEGATIF;NOTR;NEGATIF;AZALIYOR;SAT;SAT;NOTR;0;15.09.2026
ENSRI;izle;;3,2;0,3;2,8;0,0;6;0;zayif;14,4;28,4;11,6;asagi;zayif;zayif;asagi;0,55;-6,87;3;4,07;-1,93;54301195;4,91;SAT;NEGATIF;NOTR;NEGATIF;AZALIYOR;SAT;SAT;UCUZ (AL);0;15.09.2026
PAMEL;izle;;1,8;0,3;1,5;0,0;6;0;zayif;14,3;22,1;59,4;asagi;zayif;zayif;asagi;0,42;-4,73;3;65,7;-3,10;8798873;73,96;SAT;NEGATIF;NOTR;NEGATIF;ARTIYOR;SAT;SAT;NOTR;0;15.09.2026