hisse;durum;yeni_sinyal;konfluans;trend_35;momentum_30;hacim_35;risk;uyumsuzluk;rejim;adx;rsi;mfi;supertrend;goreli_guc;usd_trend;haftalik_trend;hacim_orani;ema50_uzaklik_atr;dagitim_gun;kapanis;degisim%;islem_hacmi_tl;st_cizgisi;osc_macd;osc_rsi;osc_adx;osc_momentum;osc_atr;osc_wavetrend;osc_stochrsi;osc_sharpe;osc_al_sayisi;tarih
RYSAS;GUCLU AL;;98,1;35,0;28,1;35,0;28;0;guclu trend;34,1;75,7;88,3;yukari;guclu;yukselis;yukari;1,92;4,29;1;30,28;0,87;995705022;24,77;AL;POZITIF;AL;POZITIF;ARTIYOR;AL;SAT;NOTR;5;02.09.2026
RYGYO;GUCLU AL;;97,6;35,0;30,0;32,6;28;0;guclu trend;50,0;71,1;71,0;yukari;guclu;yukselis;yukari;1,46;4,17;0;48,22;-0,12;237402635;43,73;AL;POZITIF;AL;POZITIF;ARTIYOR;AL;SAT;NOTR;5;02.09.2026
MANAS;GUCLU AL;;97,1;32,6;30,0;34,4;32;0;guclu trend;23,9;70,2;69,1;yukari;guclu;yukselis;yukari;1,27;2,67;3;35,4;4,80;1008993031;30,47;AL;POZITIF;AL;POZITIF;ARTIYOR;AL;AL;NOTR;6;02.09.2026
CATES;GUCLU AL;;96,9;35,0;29,1;32,8;36;0;guclu trend;53,0;73,7;85,4;yukari;guclu;yukselis;yukari;1,28;4,67;2;68,3;-5,40;307672786;60,79;AL;POZITIF;AL;POZITIF;ARTIYOR;SAT;SAT;NOTR;4;02.09.2026
DMLKT;GUCLU AL;;96,9;35,0;29,0;32,9;36;0;guclu trend;52,2;74,1;82,3;yukari;guclu;yukselis;yukari;1,19;4,24;2;7,03;2,03;82375171;6,58;AL;POZITIF;AL;POZITIF;ARTIYOR;SAT;SAT;NOTR;4;02.09.2026
ALBRK;izle;;96,3;35,0;29,5;31,8;32;3;guclu trend;29,9;57,8;66,7;yukari;guclu;yukselis;yukari;1,23;1,30;1;8,8;1,38;144744424;8,39;AL;POZITIF;AL;POZITIF;ARTIYOR;SAT;SAT;NOTR;4;02.09.2026
BAHKM;GUCLU AL;EVET;96,1;35,0;29,0;32,0;38;1;guclu trend;43,6;73,9;76,6;yukari;guclu;yukselis;yukari;1,72;3,11;1;158,1;-2,17;342432901;138,64;AL;POZITIF;AL;POZITIF;ARTIYOR;SAT;SAT;NOTR;4;02.09.2026
KUVVA;GUCLU AL;;95,1;35,0;30,0;30,1;24;1;guclu trend;35,8;61,6;79,7;yukari;guclu;yukselis;yukari;1,13;2,08;3;186,5;-3,77;42857887;163,41;AL;POZITIF;AL;NEGATIF;ARTIYOR;SAT;SAT;NOTR;3;02.09.2026
TNZTP;GUCLU AL;;94,1;31,8;30,0;32,3;10;0;guclu trend;21,8;63,5;40,2;yukari;guclu;yukselis;yukari;1,18;2,32;2;31,06;-2,94;149895063;27,67;AL;POZITIF;AL;POZITIF;ARTIYOR;AL;SAT;NOTR;5;02.09.2026
SKYMD;AL;;94,0;29,0;30,0;35,0;10;1;ilimli;14,6;59,4;62,3;yukari;guclu;yukselis;yukari;2,48;1,52;1;15,58;6,57;83313520;13,12;AL;POZITIF;NOTR;POZITIF;ARTIYOR;AL;AL;NOTR;5;02.09.2026
ENERY;GUCLU AL;;93,9;33,8;29,2;30,8;28;0;guclu trend;27,0;73,5;89,2;yukari;guclu;yukselis;yukari;1,44;3,25;0;10,5;3,24;576601232;9,24;AL;POZITIF;AL;POZITIF;ARTIYOR;AL;SAT;NOTR;5;02.09.2026
TARKM;GUCLU AL;;93,7;34,8;29,8;29,2;0;0;guclu trend;29,4;58,7;78,2;yukari;guclu;yukselis;yukari;1,15;1,41;1;530;-3,64;117460190;478,25;AL;POZITIF;AL;POZITIF;ARTIYOR;AL;SAT;NOTR;5;02.09.2026
BORSK;GUCLU AL;;93,6;28,6;30,0;35,0;8;0;zayif;29,5;64,5;78,7;yukari;guclu;yukselis;yukari;2,43;1,53;2;6,55;2,66;124965190;5,76;AL;POZITIF;AL;POZITIF;ARTIYOR;AL;AL;NOTR;6;02.09.2026
AHGAZ;GUCLU AL;;93,5;32,8;30,0;30,6;28;0;guclu trend;24,4;71,9;87,1;yukari;guclu;yukselis;yukari;1,07;3,46;1;38,7;0,52;210422697;34,89;AL;POZITIF;AL;POZITIF;AZALIYOR;AL;SAT;NOTR;5;02.09.2026
DURKN;GUCLU AL;;93,4;33,1;29,7;30,5;0;0;guclu trend;25,2;58,9;72,4;yukari;guclu;yukselis;yukari;1,14;1,37;1;22,8;5,07;75296202;19,66;AL;POZITIF;AL;POZITIF;ARTIYOR;SAT;SAT;NOTR;4;02.09.2026
NETAS;GUCLU AL;;93,1;35,0;30,0;28,1;18;0;guclu trend;42,5;62,6;66,8;yukari;guclu;yukselis;yukari;1,26;2,90;1;93,5;-1,79;273655707;83,84;AL;POZITIF;AL;POZITIF;ARTIYOR;SAT;SAT;NOTR;4;02.09.2026
KRDMA;GUCLU AL;;92,9;35,0;30,0;27,9;28;0;guclu trend;44,6;65,0;86,6;yukari;guclu;yukselis;yukari;1,51;3,16;1;59,45;-5,71;1087927034;53,49;AL;POZITIF;AL;POZITIF;ARTIYOR;SAT;SAT;NOTR;4;02.09.2026
VAKBN;GUCLU AL;;92,2;31,9;30,0;30,2;0;0;guclu trend;22,0;63,6;67,1;yukari;guclu;yukselis;yukari;1,04;2,07;0;34,08;4,67;1747160684;29,98;AL;POZITIF;AL;POZITIF;ARTIYOR;AL;SAT;NOTR;5;02.09.2026
BIGEN;GUCLU AL;;92,0;35,0;24,8;32,2;35;0;guclu trend;43,6;82,5;90,7;yukari;guclu;yukselis;yukari;1,18;5,87;0;187;0,54;1220307770;153,75;AL;POZITIF;AL;POZITIF;AZALIYOR;AL;AL;PAHALI (SAT);6;02.09.2026
MRGYO;GUCLU AL;;90,7;30,0;26,9;33,9;25;0;zayif;34,5;78,3;78,1;yukari;guclu;yukselis;yukari;2,72;2,61;0;1,66;3,11;467663198;1,38;AL;POZITIF;AL;POZITIF;ARTIYOR;AL;SAT;NOTR;5;02.09.2026
HUNER;GUCLU AL;;90,3;33,7;28,7;27,9;30;2;guclu trend;26,7;55,0;68,5;yukari;guclu;yukselis;yukari;0,98;0,95;2;3,88;-2,27;154105669;3,50;AL;POZITIF;AL;POZITIF;AZALIYOR;SAT;SAT;NOTR;4;02.09.2026
OFSYM;GUCLU AL;;90,0;35,0;30,0;25,0;10;0;guclu trend;46,9;66,6;66,9;yukari;guclu;yukselis;yukari;0,57;2,56;0;69,7;1,01;141675705;57,37;AL;POZITIF;AL;POZITIF;AZALIYOR;AL;AL;NOTR;6;02.09.2026
ALARK;GUCLU AL;;90,0;33,9;29,7;26,4;0;0;guclu trend;27,1;58,0;47,7;yukari;guclu;yukselis;yukari;0,85;1,37;2;110,4;2,32;538427093;98,31;AL;POZITIF;AL;NEGATIF;ARTIYOR;SAT;SAT;NOTR;3;02.09.2026
ARSAN;GUCLU AL;;89,1;35,0;30,0;24,1;0;0;guclu trend;39,2;56,4;87,0;yukari;guclu;yukselis;yukari;0,97;1,51;1;3,97;-2,70;118376416;3,79;AL;POZITIF;AL;POZITIF;AZALIYOR;SAT;SAT;NOTR;4;02.09.2026
INDES;GUCLU AL;;88,9;33,9;30,0;25,0;0;0;guclu trend;27,2;59,9;76,3;yukari;guclu;yukselis;yukari;0,72;1,66;1;11,69;1,30;65537846;10,83;AL;POZITIF;AL;POZITIF;AZALIYOR;SAT;SAT;NOTR;4;02.09.2026
VBTYZ;GUCLU AL;;88,8;35,0;30,0;23,8;20;1;guclu trend;33,7;61,5;72,3;yukari;guclu;yukselis;yukari;0,61;2,58;0;37,8;-0,37;74086639;32,80;AL;POZITIF;AL;POZITIF;ARTIYOR;SAT;SAT;NOTR;4;02.09.2026
TUPRS;GUCLU AL;;88,8;35,0;24,4;29,3;30;1;guclu trend;50,9;65,4;73,9;yukari;guclu;yukselis;yukari;1,05;4,51;2;392,25;-2,61;13382534852;364,54;SAT;POZITIF;AL;NEGATIF;AZALIYOR;SAT;SAT;NOTR;2;02.09.2026
DEVA;GUCLU AL;;88,6;35,0;28,6;25,0;36;0;guclu trend;43,6;74,7;74,7;yukari;guclu;yukselis;yukari;0,60;4,67;0;95;-0,68;56363975;83,43;AL;POZITIF;AL;POZITIF;AZALIYOR;AL;AL;NOTR;6;02.09.2026
AGESA;izle;;88,5;33,5;30,0;25,0;40;4;guclu trend;26,1;64,5;72,8;yukari;guclu;yukselis;yukari;0,55;1,98;1;260;-1,70;40895400;239,61;AL;POZITIF;AL;POZITIF;ARTIYOR;AL;SAT;NOTR;5;02.09.2026
VERUS;GUCLU AL;;88,2;35,0;24,6;28,7;10;0;guclu trend;35,4;62,7;71,6;yukari;guclu;yukselis;yukari;1,09;2,90;1;700;2,34;72956800;667,54;SAT;POZITIF;AL;POZITIF;AZALIYOR;SAT;SAT;NOTR;3;02.09.2026
ENJSA;izle;;87,1;28,8;28,5;29,9;32;3;ilimli;14,0;54,7;65,0;yukari;guclu;yukselis;yukari;1,04;0,84;1;113,2;2,17;548238694;103,75;AL;POZITIF;NOTR;POZITIF;AZALIYOR;SAT;SAT;NOTR;3;02.09.2026
POLHO;GUCLU AL;;87,1;35,0;24,7;27,3;10;1;guclu trend;30,3;56,7;37,8;yukari;guclu;yukselis;yukari;0,88;1,14;2;22,42;0,81;32279060;20,89;SAT;POZITIF;AL;NEGATIF;ARTIYOR;SAT;AL;NOTR;3;02.09.2026
AKSGY;GUCLU AL;;85,8;30,3;21,2;34,3;0;0;guclu trend;28,7;51,6;61,9;yukari;guclu;yukselis;yukari;1,64;0,77;2;9,9;-0,70;89316949;9,55;SAT;POZITIF;SAT;NEGATIF;ARTIYOR;SAT;SAT;NOTR;1;02.09.2026
ARDYZ;GUCLU AL;;85,4;35,0;23,3;27,1;0;0;guclu trend;51,2;52,7;64,3;yukari;guclu;yukselis;yukari;1,15;1,65;2;85;3,22;536677080;80,55;SAT;POZITIF;AL;NEGATIF;ARTIYOR;SAT;AL;NOTR;3;02.09.2026
TRENJ;GUCLU AL;;85,4;31,4;30,0;24,0;10;1;guclu trend;20,6;57,6;63,1;yukari;guclu;yukselis;yukari;0,56;1,90;2;107;2,88;135698149;95,86;AL;POZITIF;AL;POZITIF;ARTIYOR;SAT;SAT;NOTR;4;02.09.2026
EUKYO;GUCLU AL;;85,0;35,0;25,9;24,1;0;0;guclu trend;47,2;54,8;51,9;yukari;guclu;yukselis;yukari;0,77;1,62;2;13,41;1,59;10701797;12,26;SAT;POZITIF;AL;POZITIF;ARTIYOR;SAT;AL;PAHALI (SAT);4;02.09.2026
MARTI;GUCLU AL;;84,7;24,9;24,8;35,0;35;0;zayif;29,7;82,3;91,2;yukari;guclu;yukselis;yukari;1,69;4,85;0;2,05;9,63;310699777;1,65;AL;POZITIF;AL;POZITIF;ARTIYOR;AL;SAT;NOTR;5;02.09.2026
AKCNS;AL;;84,2;28,8;21,5;33,8;16;1;ilimli;14,1;50,9;45,2;yukari;guclu;yukselis;yukari;1,94;1,04;3;240,6;0,21;146308138;231,75;SAT;POZITIF;NOTR;NEGATIF;ARTIYOR;SAT;SAT;NOTR;1;02.09.2026
GUBRF;GUCLU AL;;83,8;34,5;28,4;20,9;0;0;guclu trend;28,7;55,9;68,0;yukari;guclu;yukselis;yukari;0,69;0,83;1;475,75;1,01;1231484108;437,48;AL;POZITIF;AL;POZITIF;AZALIYOR;SAT;SAT;NOTR;4;02.09.2026
ANELE;izle;;83,5;35,0;23,5;25,0;67;3;guclu trend;37,3;85,0;92,9;yukari;guclu;yukselis;yukari;0,54;5,56;0;194;0,52;625440868;160,08;AL;POZITIF;AL;POZITIF;AZALIYOR;AL;AL;PAHALI (SAT);6;02.09.2026
KLSYN;GUCLU AL;;83,0;34,0;24,8;24,2;0;0;guclu trend;27,5;61,2;53,5;yukari;guclu;yukselis;yukari;0,56;1,91;0;15,81;1,74;32187168;13,93;SAT;POZITIF;AL;POZITIF;AZALIYOR;SAT;SAT;NOTR;3;02.09.2026
AYGAZ;izle;;82,8;35,0;24,5;23,3;42;2;guclu trend;44,3;61,6;75,9;yukari;guclu;yukselis;yukari;0,56;3,07;2;325;-1,96;254470450;299,67;SAT;POZITIF;AL;NEGATIF;AZALIYOR;SAT;SAT;NOTR;2;02.09.2026
BIMAS;GUCLU AL;;82,8;33,5;24,3;24,9;0;0;guclu trend;26,2;54,6;48,9;yukari;guclu;yukselis;yukari;0,72;1,24;1;406,25;-0,49;3048082375;383,65;SAT;POZITIF;AL;NEGATIF;AZALIYOR;SAT;SAT;NOTR;2;02.09.2026
ATSYH;izle;;82,7;29,0;29,2;24,5;32;3;ilimli;14,5;51,3;62,6;yukari;guclu;yukselis;yukari;0,86;1,37;2;120;-6,98;4538040;112,53;AL;POZITIF;NOTR;NEGATIF;ARTIYOR;AL;SAT;NOTR;3;02.09.2026
SOKM;AL;;82,6;30,1;24,8;27,7;22;2;ilimli;17,4;58,6;64,9;yukari;guclu;yukselis;yukari;0,98;1,72;2;57,1;0,97;297648996;52,67;SAT;POZITIF;NOTR;NEGATIF;AZALIYOR;SAT;SAT;NOTR;1;02.09.2026
PSDTC;GUCLU AL;;82,3;35,0;29,5;17,9;22;2;guclu trend;31,1;54,8;67,7;yukari;guclu;yukselis;yukari;0,72;1,26;1;163,1;-3,78;66408448;147,49;AL;POZITIF;AL;POZITIF;AZALIYOR;SAT;SAT;NOTR;4;02.09.2026
BRKVY;GUCLU AL;;82,3;22,8;30,0;29,6;0;0;zayif;36,5;68,0;82,8;yukari;guclu;yukselis;yukari;1,35;2,05;0;91,5;1,61;73396359;77,03;AL;POZITIF;AL;POZITIF;ARTIYOR;AL;AL;NOTR;6;02.09.2026
SELEC;GUCLU AL;;82,3;35,0;22,3;25,0;35;0;guclu trend;51,5;87,4;100,0;yukari;guclu;yukselis;yukari;0,54;6,52;0;345,75;2,29;1111830004;295,49;AL;POZITIF;AL;POZITIF;AZALIYOR;AL;SAT;PAHALI (SAT);5;02.09.2026
ARASE;GUCLU AL;;82,3;33,5;26,0;22,7;0;0;guclu trend;26,1;51,9;77,8;yukari;guclu;yukselis;yukari;0,49;0,59;0;120,2;-3,84;24453127;108,17;AL;POZITIF;AL;NEGATIF;ARTIYOR;AL;SAT;NOTR;4;02.09.2026
KRPLS;GUCLU AL;;82,1;35,0;24,4;22,7;0;0;guclu trend;43,5;56,5;71,7;yukari;guclu;yukselis;yukari;0,45;1,39;0;10,49;0,38;19520453;9,48;SAT;POZITIF;AL;NEGATIF;ARTIYOR;SAT;SAT;NOTR;2;02.09.2026
TRHOL;izle;;82,0;35,0;22,0;25,0;45;1;guclu trend;48,0;95,0;100,0;yukari;guclu;yukselis;yukari;0,26;7,94;0;3442,5;2,76;318007823;2899,90;AL;POZITIF;AL;POZITIF;AZALIYOR;AL;SAT;PAHALI (SAT);5;02.09.2026
IEYHO;GUCLU AL;;82,0;35,0;22,0;25,0;35;0;guclu trend;84,4;92,4;100,0;yukari;guclu;yukselis;yukari;0,58;10,84;0;210,5;0,96;215935531;198,84;AL;POZITIF;AL;POZITIF;AZALIYOR;AL;AL;PAHALI (SAT);6;02.09.2026
PRZMA;GUCLU AL;;81,9;35,0;29,4;17,5;30;2;guclu trend;30,1;52,0;68,7;yukari;guclu;yukselis;yukari;0,36;1,25;1;79;-9,20;145812591;67,71;AL;POZITIF;AL;NEGATIF;ARTIYOR;SAT;SAT;PAHALI (SAT);3;02.09.2026
KRDMD;GUCLU AL;;81,8;33,0;24,2;24,7;0;0;guclu trend;24,7;53,4;75,2;yukari;guclu;yukselis;yukari;0,81;1,15;2;44,6;0,45;2294500743;41,86;SAT;POZITIF;AL;NEGATIF;AZALIYOR;SAT;SAT;NOTR;2;02.09.2026
OZSUB;GUCLU AL;;81,2;35,0;24,0;22,2;10;1;guclu trend;32,6;55,4;61,0;yukari;guclu;yukselis;yukari;0,61;1,92;2;42;-4,28;101972934;37,97;SAT;POZITIF;AL;NEGATIF;ARTIYOR;SAT;SAT;NOTR;2;02.09.2026
ETYAT;GUCLU AL;;81,1;33,3;24,8;23,1;0;0;guclu trend;25,6;58,7;48,5;yukari;guclu;yukselis;yukari;0,64;1,79;2;15,4;-0,32;8974827;13,55;SAT;POZITIF;AL;NEGATIF;ARTIYOR;SAT;SAT;NOTR;2;02.09.2026
AKFIS;GUCLU AL;;81,0;30,0;24,9;26,1;10;1;guclu trend;26,5;56,5;70,5;yukari;guclu;yukselis;yukari;0,99;1,88;2;17,54;3,18;391742219;16,36;SAT;POZITIF;SAT;POZITIF;ARTIYOR;SAT;SAT;PAHALI (SAT);2;02.09.2026
ADGYO;GUCLU AL;EVET;80,8;32,6;22,9;25,4;6;0;guclu trend;23,8;53,4;61,4;yukari;guclu;yukselis;yukari;0,97;0,82;3;58,7;0,69;56443807;54,81;SAT;POZITIF;AL;NEGATIF;AZALIYOR;SAT;SAT;NOTR;2;02.09.2026
CRFSA;izle;;80,8;27,0;24,7;29,1;20;0;guclu trend;56,3;61,2;68,2;asagi;guclu;yukselis;yukari;1,62;3,07;1;297,75;-6,22;1581880841;337,96;SAT;POZITIF;AL;POZITIF;ARTIYOR;AL;AL;NOTR;5;02.09.2026
TRMET;GUCLU AL;;80,6;32,9;23,8;23,9;0;0;guclu trend;24,5;52,8;58,5;yukari;guclu;yukselis;yukari;0,80;1,09;1;137,7;2,23;763728952;128,36;SAT;POZITIF;AL;POZITIF;ARTIYOR;SAT;SAT;NOTR;3;02.09.2026
KCHOL;GUCLU AL;;80,5;34,9;24,5;21,1;32;2;guclu trend;29,8;56,4;63,0;yukari;guclu;yukselis;yukari;1,04;1,42;5;213;-0,79;7372589874;202,86;SAT;POZITIF;AL;NEGATIF;ARTIYOR;SAT;SAT;NOTR;2;02.09.2026
TBORG;AL;;80,2;23,0;28,1;29,1;0;0;zayif;40,2;50,4;78,6;yukari;guclu;yukselis;yukari;1,24;0,70;0;147,4;-10,67;72306038;143,79;AL;POZITIF;AL;NEGATIF;ARTIYOR;SAT;SAT;NOTR;3;02.09.2026
GENIL;GUCLU AL;;80,2;35,0;24,2;21,0;28;2;guclu trend;46,2;55,2;57,8;yukari;guclu;yukselis;yukari;0,45;1,59;3;11,33;-2,50;282698286;10,34;SAT;POZITIF;AL;POZITIF;AZALIYOR;SAT;SAT;NOTR;3;02.09.2026
EGGUB;GUCLU AL;;80,2;29,1;28,3;22,7;0;0;guclu trend;23,1;54,3;74,3;yukari;guclu;yukselis;yukari;0,35;0,77;1;106,5;-1,75;29621271;100,13;AL;POZITIF;AL;POZITIF;AZALIYOR;SAT;SAT;NOTR;4;02.09.2026
RODRG;AL;;79,8;22,7;29,3;27,8;0;0;ilimli;16,4;59,9;57,3;yukari;guclu;yukselis;yukari;0,96;1,20;2;27,28;6,56;7946964;22,52;AL;POZITIF;NOTR;POZITIF;ARTIYOR;AL;AL;NOTR;5;02.09.2026
TGSAS;GUCLU AL;;79,7;34,4;29,3;16,0;0;0;guclu trend;28,5;53,3;72,6;yukari;guclu;yukselis;yukari;0,58;1,19;0;219,9;-5,46;103959704;212,54;AL;POZITIF;AL;POZITIF;AZALIYOR;SAT;SAT;NOTR;4;02.09.2026
BUCIM;AL;;79,6;15,1;30,0;34,6;18;0;zayif;37,1;68,1;83,4;yukari;guclu;yukselis;yukari;1,30;2,36;0;5,89;0,00;47171508;5,32;AL;POZITIF;AL;POZITIF;ARTIYOR;AL;AL;UCUZ (AL);6;02.09.2026
KGYO;izle;;79,6;28,9;22,1;28,6;40;4;ilimli;18,5;50,5;45,5;yukari;guclu;yukselis;yukari;1,39;0,55;1;11,89;1,19;452810603;10,80;SAT;POZITIF;NOTR;NEGATIF;ARTIYOR;SAT;SAT;NOTR;1;02.09.2026
HALKB;GUCLU AL;;79,1;27,9;30,0;21,2;10;0;ilimli;29,6;65,7;36,1;yukari;guclu;yukselis;yukari;1,70;2,76;2;44,96;9,98;3689285283;40,42;AL;POZITIF;AL;POZITIF;ARTIYOR;AL;SAT;NOTR;5;02.09.2026
DAGI;GUCLU AL;;78,9;30,4;21,6;26,8;0;0;guclu trend;29,5;47,7;65,0;yukari;guclu;yukselis;yukari;1,21;0,68;2;9,92;-6,50;117928057;9,74;SAT;NEGATIF;SAT;NEGATIF;ARTIYOR;SAT;SAT;NOTR;0;02.09.2026
RUBNS;GUCLU AL;;78,3;35,0;23,9;19,4;0;0;guclu trend;42,0;58,1;60,3;yukari;guclu;yukselis;yukari;0,47;1,55;0;32,38;-1,58;61487774;29,16;SAT;POZITIF;AL;NEGATIF;AZALIYOR;SAT;SAT;NOTR;2;02.09.2026
CELHA;GUCLU AL;;78,2;34,8;22,7;20,7;10;1;guclu trend;29,4;49,9;55,2;yukari;guclu;yukselis;yukari;0,55;1,07;2;24,74;0,16;41248062;21,70;SAT;NEGATIF;AL;NEGATIF;ARTIYOR;SAT;SAT;NOTR;1;02.09.2026
TURGG;GUCLU AL;EVET;78,2;17,9;29,1;31,2;34;2;zayif;28,6;67,0;88,5;yukari;guclu;yukselis;yukari;5,16;1,10;1;29,24;1,11;121638342;25,81;AL;POZITIF;AL;POZITIF;ARTIYOR;AL;AL;NOTR;6;02.09.2026
ALKLC;GUCLU AL;;78,0;35,0;26,0;17,0;30;1;guclu trend;57,4;65,7;33,3;yukari;guclu;yukselis;yukari;0,29;2,86;4;427;0,00;258971657;403,95;SAT;POZITIF;AL;POZITIF;AZALIYOR;AL;AL;NOTR;5;02.09.2026
BIOEN;GUCLU AL;;77,6;24,3;28,0;25,4;6;0;zayif;27,9;52,3;58,5;yukari;guclu;yukselis;yukari;0,93;0,64;3;18,9;-2,48;134520410;17,84;AL;POZITIF;AL;POZITIF;AZALIYOR;SAT;SAT;NOTR;4;02.09.2026
ARMGD;AL;EVET;77,5;28,7;24,3;24,5;22;2;ilimli;17,3;52,5;53,9;yukari;guclu;yukselis;yukari;0,90;1,12;2;197,9;6,57;184128139;181,05;SAT;POZITIF;NOTR;NEGATIF;ARTIYOR;SAT;AL;PAHALI (SAT);2;02.09.2026
OZATD;izle;;77,5;35,0;18,8;23,7;45;1;guclu trend;52,1;82,0;64,0;yukari;guclu;yukselis;yukari;0,09;5,77;0;4772,5;-0,99;259008348;4260,49;SAT;POZITIF;AL;POZITIF;AZALIYOR;AL;SAT;PAHALI (SAT);4;02.09.2026
EGPRO;GUCLU AL;;76,9;34,9;25,9;16,0;0;0;guclu trend;29,9;52,3;59,3;yukari;guclu;yukselis;yukari;0,50;0,42;1;37,42;-1,32;26184907;36,68;AL;POZITIF;AL;POZITIF;AZALIYOR;SAT;SAT;NOTR;4;02.09.2026
AYDEM;izle;;76,8;34,2;21,0;21,6;40;4;guclu trend;28,8;51,9;73,8;yukari;guclu;yukselis;yukari;0,48;0,38;1;26,4;0,38;60340632;24,22;SAT;POZITIF;AL;NEGATIF;AZALIYOR;SAT;SAT;NOTR;2;02.09.2026
DOHOL;AL;;76,8;28,8;25,4;22,6;0;0;ilimli;16,3;51,5;61,3;yukari;guclu;yukselis;yukari;0,26;0,26;1;21,58;-0,28;59243941;20,39;AL;POZITIF;NOTR;POZITIF;AZALIYOR;SAT;SAT;NOTR;3;02.09.2026
TKFEN;GUCLU AL;;76,6;35,0;22,8;18,8;0;0;guclu trend;38,0;53,8;42,9;yukari;guclu;yukselis;yukari;0,50;2,04;2;209,3;-2,33;873913941;197,64;SAT;POZITIF;AL;NEGATIF;AZALIYOR;SAT;SAT;NOTR;2;02.09.2026
KRGYO;GUCLU AL;;76,6;25,7;29,6;21,3;0;0;zayif;40,7;55,9;75,4;yukari;guclu;yukselis;yukari;0,58;1,34;1;2,96;-4,82;44056871;2,79;AL;POZITIF;AL;POZITIF;ARTIYOR;SAT;SAT;NOTR;4;02.09.2026
OZRDN;AL;;75,8;21,9;26,1;27,9;0;0;ilimli;14,2;54,7;59,6;yukari;guclu;yukselis;yukari;1,37;0,36;2;30,4;-5,71;11482293;25,56;AL;POZITIF;NOTR;POZITIF;ARTIYOR;AL;AL;NOTR;5;02.09.2026
KORDS;GUCLU AL;;75,8;34,8;22,7;18,4;6;0;guclu trend;29,5;51,5;51,1;yukari;guclu;yukselis;yukari;0,53;1,00;3;83,55;-0,18;122156283;80,94;SAT;POZITIF;AL;NEGATIF;ARTIYOR;SAT;SAT;NOTR;2;02.09.2026
TRCAS;GUCLU AL;;75,8;31,7;21,9;22,1;10;0;guclu trend;21,6;50,8;62,1;yukari;guclu;yukselis;yukari;1,08;0,50;4;46,04;-3,07;49834110;42,75;SAT;POZITIF;AL;NEGATIF;ARTIYOR;SAT;SAT;NOTR;2;02.09.2026
INVES;GUCLU AL;;75,2;29,3;23,8;22,1;0;0;guclu trend;21,6;54,5;57,0;yukari;guclu;yukselis;yukari;0,37;1,87;1;796,5;0,13;25366932;779,75;SAT;POZITIF;SAT;POZITIF;AZALIYOR;SAT;SAT;NOTR;2;02.09.2026
KARSN;GUCLU AL;EVET;75,1;18,9;30,0;26,3;0;0;zayif;20,6;69,8;72,0;yukari;guclu;yukselis;yukari;2,69;1,76;1;11,3;9,92;577192011;9,16;AL;POZITIF;AL;POZITIF;ARTIYOR;AL;AL;NOTR;6;02.09.2026
ORGE;GUCLU AL;;75,0;34,7;29,1;11,3;22;2;guclu trend;29,2;56,1;60,7;yukari;guclu;yukselis;yukari;0,64;1,11;2;23,12;-1,78;104694412;20,44;AL;POZITIF;AL;POZITIF;AZALIYOR;SAT;SAT;NOTR;4;02.09.2026
ALTNY;AL;;74,6;29,9;22,9;21,8;0;0;ilimli;19,6;52,0;75,0;yukari;guclu;yukselis;yukari;0,78;0,69;1;17,45;0,29;363749194;16,42;SAT;POZITIF;NOTR;POZITIF;AZALIYOR;SAT;SAT;NOTR;2;02.09.2026
PASEU;izle;;74,5;27,0;24,7;22,8;0;0;guclu trend;44,2;51,4;77,8;asagi;guclu;yukselis;yukari;1,11;1,61;2;195,4;-10,00;3076851640;262,29;SAT;POZITIF;AL;POZITIF;ARTIYOR;SAT;SAT;NOTR;3;02.09.2026
DURDO;izle;;74,4;21,5;25,1;27,8;0;0;ilimli;15,8;53,8;51,2;asagi;guclu;zayif;yukari;1,09;0,53;2;5,1;2,41;12410717;5,27;AL;POZITIF;NOTR;NEGATIF;AZALIYOR;AL;AL;NOTR;4;02.09.2026
BLUME;AL;;74,2;20,9;24,7;28,6;10;1;zayif;20,7;59,0;53,1;yukari;guclu;yukselis;yukari;1,12;1,50;2;41;0,00;144877108;38,48;SAT;POZITIF;SAT;POZITIF;ARTIYOR;SAT;SAT;NOTR;2;02.09.2026
RGYAS;izle;;74,1;29,5;20,5;24,1;40;4;guclu trend;23,0;49,4;72,1;yukari;guclu;zayif;yukari;0,72;0,53;1;204,7;0,64;333348218;199,35;SAT;NEGATIF;SAT;POZITIF;AZALIYOR;SAT;SAT;NOTR;1;02.09.2026
BRSAN;AL;;74,0;35,0;24,9;14,1;10;0;guclu trend;36,1;57,8;60,8;yukari;guclu;yukselis;yukari;0,58;2,20;2;694,5;-1,77;1325945651;635,12;SAT;POZITIF;AL;POZITIF;AZALIYOR;SAT;SAT;NOTR;3;02.09.2026
BRLSM;izle;;73,7;27,0;28,7;18,0;0;0;guclu trend;32,3;53,4;59,6;asagi;guclu;yukselis;yukari;2,09;0,96;2;19,88;-9,80;525074437;26,82;AL;POZITIF;AL;POZITIF;ARTIYOR;SAT;SAT;NOTR;4;02.09.2026
CEMZY;AL;;73,2;35,0;22,2;16,0;0;0;guclu trend;42,3;50,5;76,9;yukari;guclu;yukselis;yukari;0,64;0,51;1;14,9;0,34;648402883;13,41;SAT;POZITIF;AL;NEGATIF;ARTIYOR;SAT;SAT;NOTR;2;02.09.2026
ZRGYO;izle;;73,1;18,7;23,7;30,7;46;5;zayif;25,8;59,1;52,1;yukari;guclu;yukselis;yukari;1,41;1,20;3;19,54;0,26;28409323;18,29;SAT;POZITIF;AL;POZITIF;ARTIYOR;SAT;SAT;NOTR;3;02.09.2026
BOBET;izle;;72,9;28,2;29,4;15,3;40;3;zayif;36,9;57,1;59,4;yukari;guclu;yukselis;yukari;0,55;1,24;1;20,6;-0,87;87312379;18,10;AL;POZITIF;AL;POZITIF;ARTIYOR;SAT;SAT;NOTR;4;02.09.2026
HURGZ;AL;EVET;72,5;29,9;23,3;19,3;6;0;guclu trend;26,1;50,2;64,7;yukari;guclu;yukselis;yukari;0,70;0,34;3;7,4;2,35;49028478;6,80;SAT;POZITIF;SAT;NEGATIF;AZALIYOR;SAT;AL;NOTR;2;02.09.2026
CVKMD;AL;;72,4;28,5;22,9;21,0;6;0;ilimli;15,7;53,2;43,1;yukari;guclu;yukselis;yukari;0,67;0,68;3;16,22;0,37;457181348;14,58;SAT;POZITIF;NOTR;NEGATIF;ARTIYOR;SAT;SAT;NOTR;1;02.09.2026
TRALT;AL;EVET;71,7;29,0;18,9;23,7;10;1;ilimli;19,3;48,6;55,8;yukari;guclu;zayif;yukari;0,92;0,16;2;50,3;1,90;5591198307;48,12;SAT;NEGATIF;NOTR;NEGATIF;ARTIYOR;SAT;SAT;NOTR;0;02.09.2026
HATSN;izle;;71,6;27,0;28,6;16,0;0;0;guclu trend;34,6;51,1;84,4;asagi;guclu;yukselis;yukari;0,13;0,92;1;65,65;-9,95;60528184;85,52;AL;POZITIF;AL;POZITIF;ARTIYOR;SAT;SAT;NOTR;4;02.09.2026
AKBNK;AL;;71,6;20,4;26,1;25,1;0;0;zayif;19,8;55,7;49,3;yukari;guclu;yukselis;yukari;1,05;0,57;1;71,5;-0,63;11024576706;66,67;AL;POZITIF;NOTR;POZITIF;ARTIYOR;SAT;SAT;NOTR;3;02.09.2026
AVPGY;AL;;71,4;15,3;29,0;27,1;0;0;zayif;21,0;60,5;64,3;yukari;guclu;yukselis;yukari;1,06;1,16;1;55,7;-2,11;39495478;51,09;AL;POZITIF;AL;POZITIF;ARTIYOR;AL;SAT;NOTR;5;02.09.2026
ISBTR;AL;;71,0;28,0;18,1;25,0;0;0;ilimli;11,6;47,8;51,4;yukari;zayif;zayif;yukari;1,24;0,38;2;500000;-3,85;3000000;482449,90;SAT;NEGATIF;NOTR;POZITIF;ARTIYOR;SAT;SAT;NOTR;1;01.09.2026
SANFM;izle;;70,1;26,6;25,4;18,1;0;0;guclu trend;29,1;47,7;69,2;asagi;guclu;yukselis;yukari;0,66;0,26;1;9,74;-6,53;37505857;11,82;AL;NEGATIF;AL;POZITIF;ARTIYOR;SAT;SAT;NOTR;3;02.09.2026
DIRIT;AL;;69,8;21,5;23,6;24,6;6;0;zayif;16,8;53,9;67,7;yukari;guclu;yukselis;yukari;0,94;1,05;3;26,6;-4,66;1969171;25,07;SAT;POZITIF;NOTR;NEGATIF;ARTIYOR;AL;AL;NOTR;3;02.09.2026
ISDMR;izle;;69,6;13,9;26,2;29,5;8;0;ilimli;14,4;58,7;74,5;asagi;guclu;zayif;yukari;1,36;0,71;0;55,55;3,73;137070125;56,72;AL;POZITIF;NOTR;POZITIF;ARTIYOR;AL;SAT;NOTR;4;02.09.2026
KLYPV;AL;;69,0;23,9;25,6;19,4;0;0;zayif;27,6;52,4;66,6;yukari;guclu;yukselis;yukari;0,67;0,39;0;61,85;0,41;108741701;59,40;AL;POZITIF;AL;POZITIF;AZALIYOR;SAT;SAT;NOTR;4;02.09.2026
RALYH;izle;;68,8;29,3;22,8;16,7;38;3;guclu trend;21,3;52,4;46,4;yukari;guclu;yukselis;yukari;0,84;0,89;3;258,25;-0,10;483685722;235,06;SAT;POZITIF;SAT;NEGATIF;ARTIYOR;SAT;SAT;NOTR;1;02.09.2026
PCILT;AL;;68,7;32,0;24,9;11,8;0;0;guclu trend;22,4;50,0;71,3;yukari;guclu;zayif;yukari;0,53;0,19;2;33,14;-0,36;42693268;29,53;AL;POZITIF;AL;POZITIF;AZALIYOR;SAT;SAT;NOTR;4;02.09.2026
EBEBK;izle;;68,5;24,7;23,3;20,5;10;1;guclu trend;24,1;47,1;71,8;asagi;guclu;zayif;yukari;0,55;-0,03;0;81,5;-1,33;30359402;87,54;AL;NEGATIF;AL;POZITIF;AZALIYOR;SAT;SAT;NOTR;3;02.09.2026
KCAER;AL;;68,5;30,4;16,5;21,6;22;2;guclu trend;29,8;44,6;60,9;yukari;guclu;zayif;yukari;0,64;0,29;1;15,3;-0,39;151175062;14,75;SAT;NEGATIF;SAT;NEGATIF;AZALIYOR;SAT;SAT;NOTR;0;02.09.2026
PKART;izle;;68,1;23,6;18,1;26,5;0;0;guclu trend;21,3;49,4;63,7;asagi;guclu;zayif;yukari;2,16;0,00;0;128;1,03;175801856;140,43;SAT;NEGATIF;AL;NEGATIF;AZALIYOR;SAT;SAT;NOTR;1;02.09.2026
BINBN;izle;;68,1;29,7;17,0;21,4;10;1;guclu trend;29,1;47,9;52,1;yukari;guclu;zayif;yukari;0,64;-0,15;1;177,4;1,14;36467408;165,95;SAT;NEGATIF;AL;NEGATIF;AZALIYOR;SAT;SAT;NOTR;1;02.09.2026
BJKAS;izle;;67,5;27,0;21,9;18,7;0;0;guclu trend;43,0;49,2;55,4;asagi;guclu;yukselis;yukari;0,86;0,68;0;2,18;-3,11;766081842;2,92;SAT;NEGATIF;AL;NEGATIF;ARTIYOR;SAT;SAT;NOTR;1;02.09.2026
YKBNK;AL;;67,2;23,4;24,9;18,9;22;2;ilimli;18,8;53,0;56,7;yukari;guclu;zayif;yukari;1,60;0,31;2;36,08;-2,01;12005787050;34,06;AL;POZITIF;NOTR;POZITIF;ARTIYOR;SAT;SAT;NOTR;3;02.09.2026
ATATP;AL;;67,1;35,0;24,1;8,0;22;2;guclu trend;49,3;53,7;52,8;yukari;guclu;yukselis;yukari;0,40;1,48;1;293,75;-1,09;202249519;267,66;SAT;POZITIF;AL;NEGATIF;AZALIYOR;SAT;SAT;NOTR;2;02.09.2026
SAYAS;AL;;67,1;35,0;21,4;10,7;0;0;guclu trend;31,2;48,3;60,8;yukari;guclu;yukselis;yukari;0,54;0,35;0;55,25;-2,56;105467609;51,71;SAT;NEGATIF;AL;POZITIF;AZALIYOR;SAT;SAT;NOTR;2;02.09.2026
ASELS;AL;;66,2;32,1;19,6;14,5;0;0;guclu trend;22,5;48,5;54,8;yukari;guclu;yukselis;yukari;0,68;0,11;2;380,75;-0,98;8890893631;363,22;SAT;NEGATIF;AL;NEGATIF;AZALIYOR;SAT;SAT;NOTR;1;02.09.2026
METRO;izle;;65,5;28,5;17,0;20,0;0;0;zayif;15,7;46,4;44,4;yukari;zayif;zayif;yukari;0,65;-0,02;1;8,3;-1,31;40426113;7,70;SAT;NEGATIF;NOTR;NEGATIF;AZALIYOR;SAT;SAT;NOTR;0;02.09.2026
GMTAS;izle;;64,7;20,0;19,2;25,5;0;0;ilimli;11,8;49,9;45,5;asagi;zayif;zayif;yukari;0,92;0,17;1;45,46;2,76;115522725;48,51;SAT;NEGATIF;NOTR;NEGATIF;ARTIYOR;SAT;AL;NOTR;1;02.09.2026
MTRKS;AL;;64,5;33,7;20,8;10,0;0;0;guclu trend;26,6;48,1;59,1;yukari;guclu;yukselis;yukari;0,44;0,50;1;31,16;-2,38;25562480;31,00;SAT;NEGATIF;AL;NEGATIF;AZALIYOR;SAT;SAT;NOTR;1;02.09.2026
CANTE;AL;EVET;63,8;14,1;28,1;21,7;0;0;zayif;27,6;59,6;65,5;yukari;guclu;yukselis;asagi;1,57;0,67;1;1,33;2,31;651129237;1,23;AL;POZITIF;AL;POZITIF;ARTIYOR;AL;SAT;UCUZ (AL);5;02.09.2026
SAHOL;izle;;63,0;17,9;25,7;19,3;32;3;zayif;21,9;56,3;47,7;yukari;guclu;zayif;yukari;1,08;0,49;1;92,5;-0,75;3739348668;88,21;AL;POZITIF;SAT;POZITIF;ARTIYOR;SAT;SAT;NOTR;3;02.09.2026
YGGYO;izle;;62,8;29,0;16,5;17,4;0;0;zayif;14,5;47,3;47,3;yukari;zayif;zayif;yukari;0,55;-0,30;1;223,5;-1,02;19863786;215,58;SAT;NEGATIF;NOTR;POZITIF;AZALIYOR;SAT;AL;NOTR;2;02.09.2026
DOCO;izle;;62,3;28,9;12,3;21,1;28;2;zayif;18,9;42,1;34,2;yukari;zayif;zayif;yukari;0,54;-0,29;3;11117,5;-1,53;31540348;10942,74;SAT;NEGATIF;NOTR;NEGATIF;AZALIYOR;SAT;SAT;NOTR;0;02.09.2026
SONME;AL;;61,6;24,3;21,6;15,7;10;0;zayif;35,9;50,5;43,5;yukari;guclu;yukselis;yukari;1,01;0,34;4;136,9;-2,91;6894558;126,44;SAT;POZITIF;AL;NEGATIF;ARTIYOR;SAT;SAT;NOTR;2;02.09.2026
ASTOR;AL;;61,6;28,7;18,6;14,3;10;1;ilimli;16,9;46,6;41,4;yukari;guclu;zayif;yukari;0,81;0,11;2;316;-0,24;8645078388;300,57;SAT;NEGATIF;NOTR;NEGATIF;AZALIYOR;SAT;SAT;NOTR;0;02.09.2026
ARTMS;AL;;61,4;16,6;25,0;19,8;10;1;zayif;21,8;55,5;72,3;yukari;guclu;zayif;yukari;0,59;0,48;0;40,9;-3,31;28602147;36,40;AL;POZITIF;AL;POZITIF;AZALIYOR;AL;SAT;NOTR;5;02.09.2026
OYAKC;AL;;60,3;15,2;21,7;23,4;0;0;zayif;23,8;51,4;72,6;yukari;guclu;yukselis;yukari;0,50;0,44;1;21,9;0,92;275713795;21,29;SAT;POZITIF;SAT;POZITIF;ARTIYOR;SAT;SAT;NOTR;2;02.09.2026
TTRAK;AL;EVET;60,0;13,0;24,5;22,5;6;0;zayif;24,9;54,6;70,5;yukari;guclu;zayif;asagi;1,13;0,20;3;430,25;0,70;58113868;407,42;AL;POZITIF;AL;POZITIF;ARTIYOR;SAT;SAT;UCUZ (AL);4;02.09.2026
KUYAS;izle;;60,0;14,6;24,8;20,6;0;0;ilimli;23,5;57,3;67,6;asagi;guclu;zayif;asagi;2,38;0,26;1;69,05;2,91;1058870633;72,64;AL;POZITIF;AL;POZITIF;ARTIYOR;AL;AL;NOTR;6;02.09.2026
EYGYO;izle;;60,0;18,2;27,8;14,0;10;1;zayif;25,3;53,2;67,2;yukari;guclu;yukselis;asagi;0,59;0,56;1;2,65;-1,85;16827725;2,31;AL;POZITIF;AL;POZITIF;AZALIYOR;SAT;SAT;NOTR;4;02.09.2026
PAGYO;izle;;59,5;31,5;9,9;18,1;0;0;guclu trend;21,0;43,3;35,5;yukari;zayif;zayif;yukari;0,68;-0,61;2;148,8;-0,33;11383349;143,65;SAT;NEGATIF;AL;POZITIF;AZALIYOR;SAT;SAT;NOTR;2;02.09.2026
PETUN;izle;;59,0;15,4;24,1;19,5;0;0;zayif;32,2;53,8;77,8;yukari;guclu;zayif;asagi;1,05;0,02;1;11,5;-2,13;32638104;10,87;AL;POZITIF;AL;POZITIF;ARTIYOR;AL;SAT;NOTR;5;02.09.2026
PNSUT;izle;;58,9;14,3;23,1;21,6;0;0;zayif;28,1;53,9;71,9;yukari;guclu;zayif;asagi;1,29;-0,16;1;11,11;-1,33;54457276;10,32;AL;POZITIF;AL;POZITIF;ARTIYOR;AL;SAT;NOTR;5;02.09.2026
HKTM;izle;;58,8;27,7;22,6;8,4;20;1;zayif;54,2;52,1;53,4;yukari;guclu;yukselis;yukari;0,62;0,52;4;13,1;-3,68;138134535;12,25;SAT;POZITIF;AL;NEGATIF;AZALIYOR;SAT;SAT;NOTR;2;02.09.2026
ISMEN;izle;;58,6;11,8;22,9;23,9;0;0;zayif;21,9;56,9;72,4;yukari;guclu;zayif;asagi;1,49;-0,14;2;34,7;2,24;354895638;31,47;AL;POZITIF;AL;POZITIF;ARTIYOR;AL;AL;UCUZ (AL);6;02.09.2026
VANGD;izle;;58,3;30,4;8,2;19,6;0;0;guclu trend;32,4;39,5;33,2;yukari;zayif;zayif;yukari;1,31;-0,86;1;90,55;1,12;25922563;88,63;SAT;NEGATIF;SAT;NEGATIF;AZALIYOR;SAT;SAT;NOTR;0;02.09.2026
MNDRS;izle;;58,3;20,0;24,9;13,4;0;0;zayif;31,6;50,3;64,4;yukari;guclu;yukselis;asagi;0,54;0,03;0;11,3;0,00;20923498;10,97;AL;POZITIF;AL;POZITIF;ARTIYOR;SAT;SAT;UCUZ (AL);4;02.09.2026
AVGYO;izle;;58,2;22,9;24,6;10,8;0;0;ilimli;19,3;54,0;48,3;asagi;guclu;yukselis;yukari;0,70;0,89;2;16,38;9,20;20765336;18,21;SAT;POZITIF;NOTR;NEGATIF;ARTIYOR;SAT;AL;NOTR;2;02.09.2026
AGHOL;izle;;58,2;13,7;21,6;22,9;22;2;zayif;24,3;51,8;60,8;asagi;zayif;zayif;asagi;1,27;-0,15;2;32,64;0,80;222958193;33,14;AL;POZITIF;AL;POZITIF;ARTIYOR;AL;AL;NOTR;6;02.09.2026
GARAN;izle;;58,0;17,3;24,9;15,9;22;2;zayif;18,9;53,3;57,1;yukari;guclu;zayif;asagi;0,82;0,32;2;132;-0,68;3711433968;124,55;AL;POZITIF;NOTR;NEGATIF;ARTIYOR;SAT;SAT;NOTR;2;02.09.2026
FRIGO;izle;;57,9;21,3;28,6;8,0;10;1;zayif;20,6;56,9;64,8;yukari;guclu;yukselis;asagi;0,67;0,91;1;2,5;0,00;77256545;2,39;AL;POZITIF;AL;POZITIF;ARTIYOR;SAT;SAT;NOTR;4;02.09.2026
KRDMB;izle;;57,8;28,5;8,6;20,7;0;0;zayif;15,4;39,7;43,2;yukari;zayif;zayif;yukari;0,84;-0,60;1;123;-1,44;212927760;121,64;SAT;NEGATIF;NOTR;NEGATIF;ARTIYOR;SAT;SAT;PAHALI (SAT);0;02.09.2026
KLGYO;izle;;57,6;15,0;29,0;13,6;0;0;zayif;31,7;60,2;75,8;yukari;guclu;yukselis;asagi;0,72;1,09;1;4,98;-0,40;34102517;4,49;AL;POZITIF;AL;POZITIF;AZALIYOR;AL;SAT;UCUZ (AL);5;02.09.2026
KNFRT;izle;;57,5;17,1;24,4;16,0;6;0;zayif;19,2;50,2;74,9;yukari;guclu;zayif;yukari;0,27;0,00;3;12,33;-2,76;18755730;11,09;AL;POZITIF;NOTR;POZITIF;AZALIYOR;SAT;SAT;NOTR;3;02.09.2026
VESTL;izle;;57,3;9,3;29,1;18,9;0;0;zayif;15,5;66,2;72,0;yukari;guclu;yukselis;asagi;2,29;1,12;1;24,86;10,00;507713642;20,30;AL;POZITIF;NOTR;POZITIF;ARTIYOR;AL;SAT;UCUZ (AL);4;02.09.2026
NTGAZ;izle;;57,1;19,9;24,4;12,8;40;3;ilimli;22,9;53,2;75,1;yukari;guclu;zayif;asagi;0,61;0,07;1;11,35;-2,91;31141347;10,47;AL;POZITIF;AL;POZITIF;ARTIYOR;AL;SAT;NOTR;5;02.09.2026
EKGYO;izle;;56,4;15,8;26,3;14,3;0;0;zayif;22,5;55,6;50,6;yukari;guclu;yukselis;yukari;0,77;0,62;2;20,06;1,57;1992909867;18,55;AL;POZITIF;AL;POZITIF;ARTIYOR;SAT;SAT;NOTR;4;02.09.2026
YIGIT;izle;;55,9;11,1;23,8;21,0;0;0;zayif;19,9;53,9;78,3;yukari;guclu;zayif;asagi;1,32;0,05;1;22,1;2,22;103181806;20,59;AL;POZITIF;NOTR;POZITIF;ARTIYOR;SAT;SAT;NOTR;3;02.09.2026
BYDNR;izle;;55,6;25,5;17,1;13,0;22;2;zayif;23,5;46,8;59,7;yukari;guclu;zayif;asagi;0,63;-0,32;2;38,22;-2,10;15519384;35,98;SAT;NEGATIF;AL;NEGATIF;AZALIYOR;SAT;AL;NOTR;2;02.09.2026
DMRGD;izle;;55,4;21,3;22,2;11,9;10;0;guclu trend;21,5;49,8;58,6;asagi;zayif;zayif;yukari;0,91;0,43;4;11,35;2,25;302177588;12,14;AL;NEGATIF;SAT;POZITIF;ARTIYOR;SAT;SAT;PAHALI (SAT);2;02.09.2026
BAGFS;izle;;54,6;15,0;25,7;13,9;32;3;zayif;35,5;53,4;64,5;yukari;guclu;yukselis;asagi;0,50;0,02;0;26,08;-0,08;15119463;24,47;AL;POZITIF;AL;NEGATIF;AZALIYOR;SAT;SAT;NOTR;3;02.09.2026
OBAMS;izle;;54,6;15,0;24,8;14,8;8;0;zayif;32,4;54,4;63,3;yukari;guclu;yukselis;asagi;1,11;-0,33;0;5,52;0,36;306478851;4,83;AL;POZITIF;AL;POZITIF;AZALIYOR;AL;SAT;UCUZ (AL);5;02.09.2026
NIBAS;izle;;54,2;12,4;27,9;13,9;18;0;zayif;23,2;59,1;74,2;yukari;guclu;yukselis;asagi;3,19;0,62;3;4,36;-2,24;329356924;3,94;AL;POZITIF;AL;POZITIF;ARTIYOR;AL;SAT;NOTR;5;02.09.2026
ZOREN;izle;;54,1;15,0;21,1;18,0;0;0;zayif;36,5;61,5;75,2;yukari;zayif;zayif;asagi;3,04;-0,44;0;2,44;5,63;308889636;2,18;AL;POZITIF;AL;POZITIF;ARTIYOR;AL;SAT;UCUZ (AL);5;02.09.2026
ENKAI;izle;;54,0;17,9;21,0;15,1;0;0;zayif;24,9;50,3;56,1;yukari;zayif;zayif;asagi;0,82;-0,57;1;86,8;-2,36;1282420350;80,56;AL;POZITIF;AL;POZITIF;ARTIYOR;AL;SAT;NOTR;5;02.09.2026
BIGTK;izle;;53,3;29,0;15,8;8,5;6;0;ilimli;19,7;44,3;58,9;yukari;guclu;zayif;yukari;0,45;0,06;3;323,25;-2,05;90497393;308,63;SAT;NEGATIF;NOTR;NEGATIF;AZALIYOR;SAT;SAT;NOTR;0;02.09.2026
CASA;izle;;53,1;8,7;23,0;21,3;6;0;zayif;17,3;55,9;48,2;yukari;guclu;zayif;asagi;1,94;-0,33;3;72,35;3,65;2237641;66,38;AL;POZITIF;NOTR;POZITIF;ARTIYOR;AL;AL;UCUZ (AL);5;02.09.2026
SDTTR;izle;;52,5;25,6;8,1;18,9;0;0;zayif;20,6;41,3;53,6;yukari;zayif;zayif;asagi;1,54;-0,99;1;21,22;0,19;405631462;20,76;SAT;NEGATIF;AL;NEGATIF;ARTIYOR;SAT;SAT;NOTR;1;02.09.2026
KERVN;izle;;52,1;22,4;16,3;13,4;28;2;guclu trend;29,9;41,8;39,3;asagi;guclu;yukselis;yukari;1,00;0,32;3;8,95;-8,67;11584137;10,73;SAT;NEGATIF;SAT;NEGATIF;ARTIYOR;SAT;AL;PAHALI (SAT);1;02.09.2026
EDIP;izle;;52,0;20,3;20,7;11,0;10;1;zayif;26,7;47,8;65,3;yukari;zayif;zayif;asagi;1,32;-0,31;2;36;-4,96;153007416;32,84;AL;NEGATIF;AL;POZITIF;ARTIYOR;AL;SAT;NOTR;4;02.09.2026
ULAS;izle;;52,0;10,8;23,2;18,0;14;0;zayif;19,3;56,8;59,3;yukari;guclu;zayif;asagi;2,07;-0,15;3;22,96;9,33;11992100;19,75;AL;POZITIF;NOTR;POZITIF;ARTIYOR;AL;AL;NOTR;5;02.09.2026
OZKGY;izle;;52,0;17,2;23,5;11,3;0;0;zayif;29,3;53,0;59,9;yukari;guclu;zayif;asagi;0,52;0,18;0;13,38;0,15;39447277;12,25;AL;POZITIF;AL;POZITIF;AZALIYOR;SAT;SAT;NOTR;4;02.09.2026
ISBIR;izle;;52,0;13,2;23,7;15,0;6;0;zayif;13,6;53,0;63,3;yukari;guclu;yukselis;asagi;0,55;0,60;3;73,7;2,01;1227474;70,46;SAT;POZITIF;NOTR;NEGATIF;AZALIYOR;SAT;SAT;NOTR;1;02.09.2026
DSTKF;izle;;51,8;14,9;18,9;18,0;0;0;zayif;26,2;52,6;97,8;asagi;zayif;zayif;asagi;1,62;-0,26;0;2216;1,19;6308632896;2370,64;AL;POZITIF;SAT;POZITIF;AZALIYOR;SAT;AL;PAHALI (SAT);4;02.09.2026
TRGYO;izle;;51,0;21,8;20,1;9,1;0;0;zayif;19,5;45,8;50,9;yukari;zayif;zayif;asagi;0,89;-0,64;2;93,95;-0,48;134418963;91,22;AL;NEGATIF;NOTR;NEGATIF;ARTIYOR;SAT;SAT;NOTR;1;02.09.2026
ULUUN;izle;;50,9;19,6;21,2;10,2;0;0;zayif;12,6;49,3;61,1;yukari;zayif;zayif;asagi;0,75;-0,18;2;8,54;-0,81;63126476;7,98;AL;NEGATIF;NOTR;POZITIF;AZALIYOR;SAT;SAT;NOTR;2;02.09.2026
TEHOL;izle;;50,8;22,4;9,7;18,6;10;1;guclu trend;63,7;40,1;70,6;asagi;zayif;zayif;yukari;0,86;-0,99;2;39,58;8,44;2017271762;41,33;SAT;NEGATIF;SAT;NEGATIF;ARTIYOR;SAT;AL;NOTR;1;02.09.2026
BLCYT;izle;;50,7;13,4;19,3;18,0;0;0;zayif;26,0;48,8;63,7;yukari;zayif;zayif;asagi;1,80;-1,31;1;2,06;4,04;109798134;1,86;AL;NEGATIF;AL;POZITIF;ARTIYOR;SAT;SAT;UCUZ (AL);3;02.09.2026
PETKM;izle;;50,5;7,2;23,3;20,0;0;0;zayif;12,7;50,1;71,3;asagi;guclu;zayif;asagi;1,23;-0,19;1;19,95;-2,30;1979856214;21,04;AL;POZITIF;NOTR;NEGATIF;ARTIYOR;AL;SAT;NOTR;3;02.09.2026
MARKA;izle;;50,4;20,1;14,7;15,6;46;4;ilimli;12,8;45,1;41,0;asagi;zayif;zayif;yukari;0,95;0,21;3;82,55;-0,78;35583178;90,30;SAT;NEGATIF;NOTR;NEGATIF;ARTIYOR;SAT;SAT;NOTR;0;31.08.2026
KTLEV;izle;;50,3;20,7;11,6;18,0;0;0;zayif;17,1;43,5;53,8;asagi;zayif;zayif;yukari;2,46;-0,33;2;51;-9,81;14323289922;68,49;SAT;NEGATIF;NOTR;NEGATIF;ARTIYOR;SAT;SAT;PAHALI (SAT);0;02.09.2026
VESBE;izle;;50,0;10,5;21,5;18,0;0;0;zayif;18,4;59,5;55,3;yukari;zayif;zayif;asagi;3,71;-0,21;0;5,8;9,85;247991975;4,99;AL;POZITIF;NOTR;POZITIF;ARTIYOR;AL;AL;UCUZ (AL);5;02.09.2026
GSDDE;izle;;49,8;29,8;12,0;8,1;0;0;guclu trend;25,1;43,8;65,7;yukari;zayif;zayif;yukari;0,61;-0,50;2;12,92;-0,77;45061149;12,38;SAT;NEGATIF;SAT;NEGATIF;AZALIYOR;SAT;SAT;NOTR;0;02.09.2026
AVOD;izle;;49,6;7,0;22,4;20,2;14;0;zayif;30,6;52,0;75,3;asagi;guclu;zayif;asagi;2,54;-0,27;3;3,98;2,05;49210881;4,16;AL;POZITIF;AL;POZITIF;ARTIYOR;AL;AL;NOTR;6;02.09.2026
BIENY;izle;;49,6;12,7;23,9;12,9;0;0;zayif;24,2;51,9;85,5;yukari;guclu;zayif;asagi;0,78;-0,06;2;21,72;-1,27;67820048;20,10;AL;POZITIF;AL;POZITIF;AZALIYOR;SAT;SAT;UCUZ (AL);4;02.09.2026
TDGYO;izle;;49,5;16,8;21,3;11,4;10;1;zayif;21,8;51,3;50,8;yukari;guclu;yukselis;asagi;0,68;0,20;1;16,76;0,12;9046914;16,24;SAT;POZITIF;AL;POZITIF;AZALIYOR;AL;AL;UCUZ (AL);5;02.09.2026
MAKTK;izle;;49,4;13,6;17,8;18,0;8;0;zayif;26,4;50,5;80,3;yukari;zayif;zayif;asagi;1,46;-0,91;1;10,29;1,68;68793630;9,45;AL;POZITIF;AL;POZITIF;ARTIYOR;AL;SAT;UCUZ (AL);5;02.09.2026
KAYSE;izle;;49,3;15,0;21,7;12,6;0;0;zayif;39,5;50,5;68,4;yukari;zayif;zayif;asagi;0,74;-0,51;0;4,04;0,25;35758355;3,85;AL;POZITIF;AL;POZITIF;ARTIYOR;SAT;SAT;NOTR;4;02.09.2026
TSPOR;izle;;49,3;14,3;19,0;16,0;16;1;zayif;45,4;45,3;60,5;asagi;guclu;yukselis;yukari;0,68;-0,10;3;1,02;-3,77;292209361;1,22;SAT;NEGATIF;AL;NEGATIF;AZALIYOR;SAT;SAT;NOTR;1;02.09.2026
EGEPO;izle;;49,0;15,3;13,9;19,9;0;0;zayif;28,5;47,8;35,8;asagi;zayif;zayif;asagi;2,77;-0,75;1;17,19;4,06;141117368;18,26;SAT;NEGATIF;SAT;NEGATIF;ARTIYOR;AL;AL;PAHALI (SAT);2;02.09.2026
TERA;izle;;48,5;10,5;29,5;8,5;10;1;zayif;18,5;65,7;76,0;yukari;guclu;yukselis;asagi;0,53;1,28;1;191,7;0,89;1559797722;174,72;AL;POZITIF;NOTR;POZITIF;AZALIYOR;AL;AL;UCUZ (AL);5;02.09.2026
ISGYO;izle;;48,4;22,2;7,1;19,1;40;4;guclu trend;28,4;37,4;47,7;asagi;zayif;zayif;yukari;0,50;-0,74;1;25,1;-3,39;29505326;28,63;SAT;NEGATIF;SAT;NEGATIF;ARTIYOR;SAT;SAT;NOTR;0;02.09.2026
AKMGY;izle;;47,9;25,5;16,7;5,7;10;0;zayif;15,7;45,3;51,0;yukari;guclu;zayif;asagi;0,62;-0,38;4;254;-1,74;7046468;241,49;SAT;NEGATIF;NOTR;NEGATIF;AZALIYOR;SAT;SAT;NOTR;0;02.09.2026
PRDGS;izle;;47,9;29,5;11,5;7,0;16;1;zayif;40,0;43,4;50,6;yukari;zayif;zayif;asagi;1,01;-0,73;3;7,32;-6,15;76448784;6,87;SAT;NEGATIF;AL;NEGATIF;ARTIYOR;SAT;SAT;NOTR;1;02.09.2026
PAPIL;izle;;47,7;13,3;18,6;15,8;0;0;zayif;25,6;49,2;74,8;yukari;zayif;zayif;asagi;1,17;-0,70;2;12,75;-1,77;126749293;11,65;AL;NEGATIF;AL;POZITIF;ARTIYOR;SAT;SAT;UCUZ (AL);3;02.09.2026
KONYA;izle;;47,0;13,3;21,3;12,4;10;1;zayif;25,5;47,9;57,4;yukari;zayif;zayif;asagi;0,80;-0,42;1;3750;-1,32;38692500;3704,36;AL;NEGATIF;AL;POZITIF;AZALIYOR;SAT;SAT;UCUZ (AL);3;02.09.2026
ALTIN;izle;;47,0;15,6;20,1;11,3;0;0;zayif;31,0;50,1;52,3;asagi;guclu;yukselis;asagi;0,98;0,22;2;74,22;1,60;1498862806;79,40;SAT;POZITIF;AL;NEGATIF;ARTIYOR;SAT;SAT;NOTR;2;02.09.2026
HATEK;izle;;46,5;11,3;17,7;17,6;30;2;zayif;20,4;50,2;55,1;yukari;zayif;zayif;asagi;1,27;-0,77;1;13,27;-2,21;52439258;11,48;AL;POZITIF;AL;POZITIF;ARTIYOR;AL;AL;NOTR;6;02.09.2026
NTHOL;izle;;46,2;12,8;16,7;16,7;40;5;zayif;13,9;46,0;39,0;asagi;zayif;zayif;asagi;0,99;-0,33;2;43,5;0,55;84767493;46,83;SAT;NEGATIF;NOTR;NEGATIF;ARTIYOR;SAT;SAT;NOTR;0;02.09.2026
SEKUR;izle;;45,9;20,6;15,1;10,2;22;2;zayif;16,7;47,0;33,2;asagi;zayif;zayif;yukari;0,83;-0,15;2;10,35;-5,39;20855840;11,78;SAT;NEGATIF;NOTR;POZITIF;AZALIYOR;AL;AL;NOTR;3;02.09.2026
OZGYO;izle;;45,5;15,2;22,3;8,0;6;0;zayif;31,1;50,5;53,6;asagi;zayif;zayif;asagi;0,36;-0,13;3;2,11;1,44;16842197;2,29;AL;POZITIF;AL;POZITIF;AZALIYOR;SAT;AL;NOTR;5;02.09.2026
SANKO;izle;;45,4;13,3;21,6;10,5;32;3;zayif;25,5;55,7;76,0;yukari;zayif;zayif;asagi;0,80;-0,28;0;19,52;1,93;9191734;17,58;AL;POZITIF;AL;POZITIF;ARTIYOR;AL;AL;NOTR;6;02.09.2026
ERSU;izle;;44,7;25,4;11,3;8,0;0;0;zayif;16,8;42,0;47,3;yukari;zayif;zayif;asagi;0,56;-0,72;1;23,6;1,64;5150747;22,74;SAT;NEGATIF;NOTR;NEGATIF;AZALIYOR;SAT;SAT;NOTR;0;02.09.2026
EUPWR;izle;;44,6;22,2;6,4;16,0;0;0;guclu trend;28,2;38,1;59,0;asagi;zayif;zayif;yukari;0,17;-1,34;1;83,15;-9,96;205190502;99,35;SAT;NEGATIF;SAT;NEGATIF;ARTIYOR;SAT;SAT;NOTR;0;02.09.2026
ESCAR;izle;;44,6;14,0;10,8;19,8;10;1;zayif;19,5;45,0;75,5;asagi;zayif;zayif;asagi;1,51;-0,82;1;44,54;-1,02;209315507;48,26;SAT;NEGATIF;NOTR;NEGATIF;ARTIYOR;SAT;SAT;NOTR;0;02.09.2026
MACKO;izle;;44,3;12,1;20,8;11,3;0;0;zayif;19,5;51,0;78,6;yukari;guclu;yukselis;asagi;0,49;0,02;1;35,02;-2,56;21595118;31,82;SAT;POZITIF;NOTR;NEGATIF;ARTIYOR;SAT;SAT;NOTR;1;02.09.2026
SUWEN;izle;;43,8;0,0;24,5;19,3;0;0;zayif;12,1;55,5;48,0;asagi;guclu;zayif;asagi;2,01;0,02;1;6,78;9,89;60596087;7,06;AL;POZITIF;NOTR;POZITIF;ARTIYOR;AL;AL;UCUZ (AL);5;02.09.2026
FORTE;izle;;43,6;22,4;12,4;8,7;20;1;guclu trend;32,7;43,0;46,6;asagi;guclu;zayif;yukari;0,74;-0,35;4;111,5;-0,27;271931441;134,98;SAT;NEGATIF;SAT;NEGATIF;AZALIYOR;SAT;SAT;NOTR;0;02.09.2026
GESAN;izle;;43,5;22,3;5,2;16,0;0;0;guclu trend;28,8;36,3;59,0;asagi;zayif;zayif;yukari;0,14;-1,46;1;74,65;-9,95;116594566;88,15;SAT;NEGATIF;SAT;NEGATIF;ARTIYOR;SAT;SAT;NOTR;0;02.09.2026
ISSEN;izle;;43,5;0,4;21,8;21,3;0;0;zayif;12,9;53,2;54,1;asagi;zayif;zayif;asagi;1,76;-0,52;0;7,06;1,15;12169993;7,43;AL;POZITIF;NOTR;POZITIF;ARTIYOR;AL;AL;NOTR;5;02.09.2026
ENDAE;izle;;43,4;31,2;12,2;0,0;28;2;zayif;29,7;43,6;66,6;yukari;zayif;zayif;asagi;0,37;-0,56;3;17,14;-3,33;50822517;16,70;SAT;NEGATIF;AL;NEGATIF;AZALIYOR;SAT;SAT;NOTR;1;02.09.2026
BRKO;izle;;43,1;10,9;22,8;9,4;6;0;zayif;14,8;51,1;56,2;asagi;zayif;zayif;asagi;0,78;-0,05;3;12,2;-2,40;3746779;13,21;AL;POZITIF;NOTR;NEGATIF;AZALIYOR;AL;SAT;NOTR;3;02.09.2026
DYOBY;izle;;42,9;15,0;19,0;9,0;22;2;zayif;31,4;45,1;68,9;yukari;zayif;zayif;asagi;0,26;-1,09;0;13,13;-1,35;11289266;12,37;AL;NEGATIF;AL;NEGATIF;AZALIYOR;SAT;SAT;NOTR;2;02.09.2026
SKTAS;izle;;42,9;5,1;19,8;18,0;8;0;zayif;25,2;48,9;63,9;asagi;zayif;zayif;asagi;2,83;-0,55;2;3,25;-3,27;146198338;3,49;AL;NEGATIF;AL;NEGATIF;ARTIYOR;AL;AL;NOTR;4;02.09.2026
OZYSR;izle;;42,8;12,8;10,0;20,0;0;0;zayif;23,3;41,2;47,8;asagi;zayif;zayif;asagi;2,28;-1,02;2;11,97;0,34;75991437;12,95;SAT;NEGATIF;SAT;NEGATIF;AZALIYOR;SAT;AL;NOTR;1;02.09.2026
KZGYO;izle;;42,8;2,6;21,1;19,1;0;0;zayif;18,7;54,2;65,8;asagi;zayif;zayif;asagi;1,67;-0,47;1;20,42;3,81;37285082;20,98;AL;POZITIF;NOTR;POZITIF;ARTIYOR;AL;SAT;NOTR;4;02.09.2026
SNGYO;izle;;42,5;12,0;20,2;10,2;0;0;zayif;22,4;50,3;55,4;yukari;zayif;zayif;asagi;1,22;-0,48;2;3,36;-0,30;70411962;3,17;AL;POZITIF;AL;POZITIF;AZALIYOR;SAT;SAT;UCUZ (AL);4;02.09.2026
PRKME;izle;;42,2;13,5;20,7;8,0;0;0;zayif;24,4;49,4;67,0;yukari;zayif;zayif;asagi;0,55;-0,21;1;18,41;-1,18;45247417;16,33;AL;NEGATIF;AL;POZITIF;AZALIYOR;AL;SAT;NOTR;4;02.09.2026
GEDZA;izle;;42,0;12,6;19,4;10,0;22;2;zayif;23,9;45,0;64,1;yukari;zayif;zayif;asagi;0,80;-0,99;2;28,46;-1,86;11960543;27,38;AL;NEGATIF;AL;POZITIF;AZALIYOR;SAT;SAT;NOTR;3;02.09.2026
BERA;izle;;41,9;14,3;18,3;9,3;8;0;zayif;28,2;49,2;61,2;yukari;zayif;zayif;asagi;0,78;-1,14;1;13,6;0,15;87971790;12,59;AL;NEGATIF;AL;POZITIF;AZALIYOR;SAT;SAT;NOTR;3;02.09.2026
DUNYH;izle;;41,8;22,4;6,9;12,5;20;1;guclu trend;30,1;38,6;51,4;asagi;zayif;zayif;yukari;0,97;-0,84;4;135,6;-1,81;162898585;164,93;SAT;NEGATIF;SAT;NEGATIF;ARTIYOR;SAT;SAT;NOTR;0;02.09.2026
EPLAS;izle;;41,8;20,0;11,3;10,5;40;4;zayif;29,9;43,3;50,1;yukari;zayif;zayif;asagi;0,52;-0,90;1;5,5;-5,17;15205377;5,32;SAT;NEGATIF;AL;NEGATIF;ARTIYOR;SAT;SAT;NOTR;1;02.09.2026
EDATA;izle;;41,4;28,3;8,3;4,9;0;0;zayif;13,9;38,9;52,7;yukari;zayif;zayif;asagi;0,95;-0,78;2;17,89;-0,17;76553278;17,57;SAT;NEGATIF;NOTR;NEGATIF;ARTIYOR;SAT;AL;NOTR;1;02.09.2026
IHLAS;izle;;40,5;15,0;17,5;8,0;0;0;zayif;32,1;47,0;38,9;yukari;zayif;zayif;asagi;0,61;-2,00;1;1,06;0,00;80432777;0,99;AL;NEGATIF;AL;NEGATIF;AZALIYOR;SAT;SAT;UCUZ (AL);2;02.09.2026
MAALT;izle;;40,0;12,0;18,0;10,0;14;0;zayif;22,2;47,8;39,2;yukari;zayif;zayif;asagi;1,54;-0,89;3;1013;0,90;68648984;954,44;AL;NEGATIF;AL;POZITIF;ARTIYOR;SAT;SAT;NOTR;3;02.09.2026
BESLR;izle;;39,9;11,0;20,8;8,1;22;2;zayif;19,7;48,7;42,4;yukari;zayif;zayif;asagi;0,87;-0,59;2;12,91;-0,08;38771815;11,92;AL;NEGATIF;NOTR;NEGATIF;AZALIYOR;SAT;SAT;NOTR;1;02.09.2026
MEPET;izle;;39,3;11,1;19,5;8,8;0;0;zayif;12,4;47,2;54,3;yukari;zayif;zayif;asagi;0,75;-0,74;2;19,94;-0,30;4507058;17,93;AL;NEGATIF;NOTR;NEGATIF;AZALIYOR;SAT;SAT;NOTR;1;02.09.2026
TUCLK;izle;;39,0;15,0;12,3;11,7;0;0;zayif;31,4;45,0;70,3;yukari;zayif;zayif;asagi;0,70;-0,95;0;3,83;0,00;24456718;3,67;SAT;NEGATIF;AL;NEGATIF;AZALIYOR;SAT;SAT;UCUZ (AL);1;02.09.2026
COSMO;izle;;38,7;14,4;16,3;8,0;0;0;zayif;28,5;45,9;51,7;yukari;zayif;zayif;asagi;0,61;-1,45;0;121,5;-2,49;4823064;120,67;AL;NEGATIF;AL;POZITIF;AZALIYOR;SAT;SAT;UCUZ (AL);3;02.09.2026
TCKRC;izle;;38,4;21,7;8,0;8,7;6;0;guclu trend;24,7;39,0;46,9;asagi;zayif;zayif;yukari;0,72;-0,75;3;143;-0,97;340114489;167,18;SAT;NEGATIF;SAT;NEGATIF;AZALIYOR;SAT;SAT;NOTR;0;02.09.2026
EREGL;izle;;38,3;13,6;12,9;11,9;0;0;zayif;16,1;40,2;46,7;asagi;zayif;zayif;asagi;0,83;-1,36;0;37,6;-0,48;5957085650;41,01;AL;NEGATIF;NOTR;NEGATIF;AZALIYOR;SAT;SAT;NOTR;1;02.09.2026
KARTN;izle;;38,1;21,2;7,1;9,8;0;0;guclu trend;20,6;35,2;29,9;asagi;zayif;zayif;yukari;0,81;-1,51;1;153,9;-2,10;85581482;188,10;SAT;NEGATIF;SAT;NEGATIF;AZALIYOR;SAT;SAT;NOTR;0;02.09.2026
ADEL;izle;;38,0;20,0;17,1;0,8;10;1;zayif;35,2;45,3;53,9;yukari;guclu;zayif;asagi;0,36;-0,54;0;31,9;-2,98;74347129;31,81;SAT;NEGATIF;AL;NEGATIF;AZALIYOR;SAT;SAT;NOTR;1;02.09.2026
ODAS;izle;;37,9;15,7;17,3;4,8;0;0;zayif;20,3;46,3;62,5;asagi;zayif;zayif;asagi;0,99;-0,92;2;7,37;-1,34;370429901;7,86;AL;NEGATIF;AL;POZITIF;AZALIYOR;AL;AL;NOTR;5;02.09.2026
ISKPL;izle;;37,9;8,3;21,6;8,0;0;0;zayif;13,9;46,4;61,7;yukari;guclu;yukselis;asagi;0,49;-1,49;2;7,9;-2,71;204288186;7,02;AL;NEGATIF;NOTR;POZITIF;AZALIYOR;SAT;SAT;NOTR;2;02.09.2026
FLAP;izle;;37,8;7,0;24,8;6,1;0;0;zayif;24,9;53,4;57,3;asagi;guclu;yukselis;asagi;1,07;-0,09;2;10,89;-0,55;11368332;11,32;AL;POZITIF;AL;POZITIF;AZALIYOR;AL;SAT;NOTR;5;02.09.2026
FENER;izle;;37,8;12,9;12,5;12,3;0;0;zayif;24,6;44,6;53,3;yukari;zayif;zayif;asagi;0,75;-0,89;2;3,05;-1,29;343017988;3,05;SAT;NEGATIF;AL;NEGATIF;AZALIYOR;SAT;SAT;NOTR;1;02.09.2026
GLYHO;izle;;37,8;21,8;7,4;8,5;6;0;zayif;16,6;39,3;43,9;asagi;zayif;zayif;asagi;1,01;-1,08;3;16,3;-1,21;49203636;17,60;SAT;NEGATIF;NOTR;NEGATIF;AZALIYOR;SAT;SAT;NOTR;0;02.09.2026
ULKER;izle;;37,7;15,0;14,7;8,0;32;3;zayif;30,2;44,0;58,7;yukari;zayif;zayif;asagi;0,48;-2,16;1;89,95;-0,39;346157553;89,00;AL;NEGATIF;AL;NEGATIF;AZALIYOR;SAT;SAT;UCUZ (AL);2;02.09.2026
DERIM;izle;;37,7;14,8;14,9;8,0;22;2;zayif;29,5;45,3;60,4;yukari;zayif;zayif;asagi;0,48;-0,64;1;35,66;-1,38;7878685;34,92;SAT;NEGATIF;AL;NEGATIF;AZALIYOR;SAT;SAT;NOTR;1;02.09.2026
SERNT;izle;;37,7;2,7;17,0;18,0;0;0;zayif;18,9;49,3;62,0;asagi;zayif;zayif;asagi;1,75;-1,07;2;8,09;1,76;48459416;8,46;AL;NEGATIF;NOTR;POZITIF;ARTIYOR;AL;AL;NOTR;4;02.09.2026
SUNTK;izle;;37,6;11,0;8,5;18,0;6;0;zayif;19,6;38,6;49,0;asagi;zayif;zayif;asagi;2,32;-1,31;3;33,9;1,99;200342356;41,86;SAT;NEGATIF;NOTR;NEGATIF;ARTIYOR;SAT;AL;NOTR;1;02.09.2026
ISCTR;izle;;36,9;4,4;19,5;13,1;0;0;zayif;23,2;51,2;43,9;asagi;zayif;zayif;asagi;0,94;-0,73;1;12,78;0,24;7146146221;13,05;AL;POZITIF;AL;POZITIF;ARTIYOR;SAT;SAT;NOTR;4;02.09.2026
BOSSA;izle;;36,9;14,5;11,4;11,1;6;0;zayif;15,7;43,9;52,8;yukari;zayif;zayif;asagi;0,43;-0,80;3;6,35;-2,16;12137212;6,19;SAT;NEGATIF;NOTR;NEGATIF;AZALIYOR;SAT;SAT;NOTR;0;02.09.2026
ETILR;izle;;36,8;28,1;8,3;0,4;6;0;zayif;13,0;41,6;41,2;yukari;zayif;zayif;asagi;0,51;-0,83;3;5,58;1,45;19813397;5,44;SAT;NEGATIF;NOTR;NEGATIF;AZALIYOR;SAT;SAT;NOTR;0;02.09.2026
PENTA;izle;;36,3;0,0;21,0;15,2;0;0;zayif;12,0;48,1;59,4;asagi;zayif;zayif;asagi;0,97;-0,70;1;13,25;1,84;23705390;13,99;AL;NEGATIF;NOTR;POZITIF;ARTIYOR;SAT;SAT;NOTR;2;02.09.2026
HRKET;izle;;36,2;20,0;8,2;8,0;0;0;zayif;13,7;41,5;58,4;yukari;zayif;zayif;asagi;0,34;-1,06;2;91,4;-2,66;82593976;86,29;SAT;NEGATIF;NOTR;NEGATIF;AZALIYOR;SAT;SAT;NOTR;0;02.09.2026
OTKAR;izle;;36,2;9,6;18,5;8,0;0;0;zayif;16,1;47,5;62,4;yukari;zayif;zayif;asagi;0,57;-1,00;2;316,5;-1,40;116948966;298,05;AL;NEGATIF;NOTR;NEGATIF;AZALIYOR;SAT;SAT;UCUZ (AL);1;02.09.2026
GARFA;izle;;36,1;0,0;19,8;16,4;0;0;zayif;12,0;48,0;71,3;asagi;zayif;zayif;asagi;1,18;-0,86;0;26,88;-2,11;39522470;28,60;AL;NEGATIF;NOTR;POZITIF;ARTIYOR;AL;SAT;NOTR;3;02.09.2026
OYYAT;izle;;36,1;4,2;13,9;18,0;0;0;zayif;22,9;44,6;72,1;asagi;zayif;zayif;asagi;2,65;-1,76;1;35,3;-4,59;56448371;37,66;AL;NEGATIF;AL;NEGATIF;ARTIYOR;SAT;SAT;NOTR;2;02.09.2026
INFO;izle;;36,0;20,3;5,7;10,0;0;0;zayif;14,4;37,1;33,7;asagi;zayif;zayif;asagi;1,34;-1,10;1;5,7;3,64;398785355;6,96;SAT;NEGATIF;NOTR;NEGATIF;ARTIYOR;SAT;AL;NOTR;1;02.09.2026
SEGMN;izle;;35,9;20,1;7,7;8,1;6;0;zayif;19,6;42,1;49,7;yukari;zayif;zayif;asagi;0,52;-1,12;3;48,16;-1,27;40904407;46,64;SAT;NEGATIF;NOTR;NEGATIF;AZALIYOR;SAT;SAT;NOTR;0;02.09.2026
AFYON;izle;;35,9;1,4;19,6;14,9;16;1;zayif;15,7;45,1;58,7;asagi;zayif;zayif;asagi;0,80;-0,98;3;12,47;-0,56;15389913;13,12;AL;NEGATIF;NOTR;POZITIF;AZALIYOR;SAT;SAT;NOTR;2;02.09.2026
DESPC;izle;;35,8;3,6;18,2;14,0;0;0;zayif;21,3;46,7;71,8;asagi;zayif;zayif;asagi;1,52;-0,73;2;40,5;1,40;44871611;45,83;AL;NEGATIF;AL;NEGATIF;ARTIYOR;SAT;SAT;NOTR;2;02.09.2026
BMSTL;izle;;35,7;18,9;14,0;2,9;10;1;zayif;15,3;44,7;36,1;asagi;zayif;zayif;asagi;0,73;-0,55;2;43,9;-1,70;93129021;48,55;SAT;NEGATIF;NOTR;NEGATIF;AZALIYOR;SAT;AL;NOTR;1;02.09.2026
IHEVA;izle;;35,0;3,6;16,4;15,0;6;0;zayif;21,4;44,0;33,1;asagi;zayif;zayif;asagi;0,95;-1,23;3;1,97;0,51;2228367;2,08;AL;NEGATIF;AL;NEGATIF;ARTIYOR;SAT;SAT;UCUZ (AL);2;02.09.2026
IZMDC;izle;;34,9;22,4;2,4;10,0;32;2;zayif;31,1;32,6;42,7;asagi;zayif;zayif;asagi;1,64;-1,76;4;10,24;-9,94;184781435;13,48;SAT;NEGATIF;SAT;NEGATIF;ARTIYOR;SAT;SAT;NOTR;0;02.09.2026
JANTS;izle;;34,2;15,0;19,2;0,0;40;4;zayif;32,6;45,7;24,5;yukari;zayif;zayif;asagi;0,44;-0,94;2;15,18;-1,11;28396391;14,45;AL;NEGATIF;AL;POZITIF;AZALIYOR;SAT;SAT;UCUZ (AL);3;02.09.2026
KLNMA;izle;;34,2;8,0;14,6;11,6;6;0;zayif;10,3;43,0;36,4;yukari;zayif;zayif;asagi;1,79;-1,99;3;8,84;-0,11;2301848;8,79;AL;NEGATIF;NOTR;NEGATIF;AZALIYOR;SAT;SAT;NOTR;1;02.09.2026
IZFAS;izle;;34,2;11,9;8,9;13,4;38;3;zayif;18,3;43,0;64,7;yukari;zayif;zayif;asagi;1,03;-1,28;3;54,95;-0,09;365861496;52,44;SAT;NEGATIF;NOTR;POZITIF;ARTIYOR;SAT;SAT;NOTR;1;02.09.2026
SNPAM;izle;;34,0;9,1;11,2;13,7;10;0;zayif;20,0;44,1;51,8;yukari;zayif;zayif;asagi;1,39;-1,27;5;19,6;-0,05;1047110;19,14;SAT;NEGATIF;SAT;NEGATIF;AZALIYOR;SAT;SAT;NOTR;0;02.09.2026
TSGYO;izle;;33,9;12,1;13,7;8,0;0;0;zayif;22,6;44,0;66,2;yukari;zayif;zayif;asagi;0,24;-1,48;2;5,79;-1,03;5551556;5,50;AL;NEGATIF;AL;NEGATIF;AZALIYOR;SAT;SAT;UCUZ (AL);2;02.09.2026
GUNDG;izle;;33,9;21,1;4,8;8,0;0;0;zayif;20,1;36,1;74,5;asagi;zayif;zayif;asagi;0,45;-1,86;2;1350;-10,00;271563300;2118,32;SAT;NEGATIF;SAT;NEGATIF;ARTIYOR;SAT;SAT;PAHALI (SAT);0;02.09.2026
MOGAN;izle;;33,7;22,4;1,3;10,0;38;3;zayif;31,0;29,3;33,2;asagi;zayif;zayif;asagi;1,87;-1,92;3;15,51;-9,72;578033179;19,88;SAT;NEGATIF;SAT;NEGATIF;ARTIYOR;SAT;SAT;NOTR;0;02.09.2026
MEKAG;izle;;33,1;3,4;16,0;13,7;0;0;zayif;20,7;46,6;74,6;asagi;zayif;zayif;asagi;1,04;-1,97;1;3;-2,60;32711121;3,17;AL;NEGATIF;AL;POZITIF;ARTIYOR;AL;SAT;NOTR;4;02.09.2026
BIZIM;izle;;33,0;5,2;18,8;8,9;10;1;zayif;25,4;46,0;65,7;asagi;zayif;zayif;asagi;0,70;-1,15;2;24,2;-0,66;4580866;25,28;AL;NEGATIF;AL;POZITIF;AZALIYOR;SAT;SAT;NOTR;3;02.09.2026
KRONT;izle;;32,9;22,0;6,0;4,9;10;0;zayif;26,7;37,8;43,2;asagi;zayif;zayif;asagi;1,00;-1,08;4;22,5;-3,43;33096825;27,73;SAT;NEGATIF;SAT;NEGATIF;AZALIYOR;SAT;SAT;NOTR;0;02.09.2026
AKSEN;izle;;32,1;14,5;9,6;8,0;6;0;zayif;23,3;42,6;47,8;asagi;zayif;zayif;asagi;0,64;-1,36;3;81,5;3,76;710344383;89,03;SAT;NEGATIF;SAT;NEGATIF;ARTIYOR;SAT;SAT;NOTR;0;02.09.2026
TSKB;izle;;32,1;0,3;18,1;13,6;6;0;zayif;14,4;45,6;41,4;asagi;zayif;zayif;asagi;1,33;-1,23;3;10,97;-0,18;216982804;11,64;AL;NEGATIF;NOTR;NEGATIF;ARTIYOR;SAT;SAT;NOTR;1;02.09.2026
MZHLD;izle;;32,0;12,8;15,5;3,7;0;0;zayif;24,5;44,2;53,9;yukari;zayif;zayif;asagi;0,65;-1,28;1;5,3;-0,93;1165709;5,18;AL;NEGATIF;AL;POZITIF;AZALIYOR;SAT;SAT;UCUZ (AL);3;02.09.2026
RNPOL;izle;;32,0;19,1;7,4;5,6;28;2;zayif;15,7;39,8;58,5;yukari;zayif;zayif;asagi;1,01;-1,12;3;2,29;-2,14;8858647;2,19;SAT;NEGATIF;NOTR;NEGATIF;AZALIYOR;SAT;SAT;NOTR;0;02.09.2026
MARBL;izle;;31,9;0,7;20,1;11,1;0;0;zayif;16,9;46,4;65,0;asagi;zayif;zayif;asagi;0,72;-0,68;1;12,28;-0,49;11798256;13,00;AL;NEGATIF;NOTR;POZITIF;ARTIYOR;SAT;SAT;NOTR;2;02.09.2026
ANHYT;izle;;31,9;5,2;13,2;13,5;0;0;zayif;14,8;42,6;34,1;asagi;zayif;zayif;asagi;0,88;-0,87;1;103,8;-0,86;70392385;112,91;SAT;NEGATIF;NOTR;NEGATIF;AZALIYOR;SAT;SAT;NOTR;0;02.09.2026
FMIZP;izle;;31,4;14,1;12,9;4,4;32;3;zayif;19,8;44,8;52,6;yukari;zayif;zayif;asagi;0,54;-0,70;1;289;-1,87;11787443;280,92;SAT;NEGATIF;NOTR;NEGATIF;ARTIYOR;SAT;SAT;NOTR;0;02.09.2026
PATEK;izle;;31,4;8,8;14,6;8,0;0;0;zayif;18,1;43,7;70,8;yukari;zayif;zayif;asagi;0,55;-1,09;1;19,56;-0,20;170390290;19,14;AL;NEGATIF;NOTR;NEGATIF;AZALIYOR;SAT;SAT;NOTR;1;02.09.2026
EUYO;izle;;31,3;0,4;13,7;17,2;10;1;zayif;14,9;46,6;42,9;asagi;zayif;zayif;asagi;1,25;-1,01;1;4,99;7,78;8287402;5,38;SAT;NEGATIF;NOTR;NEGATIF;ARTIYOR;SAT;AL;NOTR;1;02.09.2026
ALCAR;izle;;31,2;0,9;16,2;14,0;6;0;zayif;14,4;45,5;55,4;asagi;zayif;zayif;asagi;1,85;-1,41;3;703;4,77;59017553;737,49;AL;NEGATIF;NOTR;POZITIF;ARTIYOR;AL;AL;UCUZ (AL);4;02.09.2026
MPARK;izle;;31,2;14,7;7,6;8,9;10;0;zayif;25,6;38,5;44,9;yukari;zayif;zayif;asagi;0,92;-1,46;4;412,25;-0,30;323232033;410,98;SAT;NEGATIF;SAT;NEGATIF;AZALIYOR;SAT;SAT;NOTR;0;02.09.2026
FADE;izle;;30,9;7,2;15,6;8,0;0;0;zayif;12,4;46,0;57,5;asagi;zayif;zayif;asagi;0,24;-0,54;1;15,5;-0,13;22671742;17,38;SAT;NEGATIF;NOTR;POZITIF;AZALIYOR;SAT;SAT;NOTR;1;02.09.2026
AKENR;izle;;30,4;3,9;18,5;8,0;10;1;zayif;22,0;46,2;65,7;asagi;zayif;zayif;asagi;0,59;-0,89;0;10,36;-1,15;69887710;11,26;AL;NEGATIF;AL;NEGATIF;AZALIYOR;SAT;SAT;NOTR;2;02.09.2026
GIPTA;izle;;30,4;7,4;13,0;10,0;0;0;zayif;38,1;43,1;73,4;asagi;guclu;zayif;asagi;1,51;-0,63;2;70,6;-7,59;777890215;93,72;SAT;NEGATIF;SAT;NEGATIF;ARTIYOR;SAT;SAT;NOTR;0;02.09.2026
GEREL;izle;;30,4;21,0;8,2;1,3;32;2;zayif;19,0;36,9;28,4;asagi;zayif;zayif;asagi;0,78;-1,24;5;36,88;-0,27;213757254;42,73;SAT;NEGATIF;NOTR;NEGATIF;AZALIYOR;SAT;SAT;NOTR;0;02.09.2026
BNTAS;izle;;30,3;13,5;11,6;5,2;0;0;zayif;26,1;42,7;48,2;yukari;zayif;zayif;asagi;0,42;-0,96;2;6,18;-1,12;12890862;5,97;SAT;NEGATIF;AL;NEGATIF;AZALIYOR;SAT;SAT;NOTR;1;02.09.2026
CUSAN;izle;;30,0;4,7;17,3;8,0;6;0;zayif;22,4;46,5;26,2;asagi;zayif;zayif;asagi;0,42;-0,44;3;24,1;0,75;27989065;27,74;SAT;NEGATIF;AL;NEGATIF;AZALIYOR;SAT;AL;NOTR;2;02.09.2026
GSRAY;izle;;29,6;12,0;13,3;4,3;0;0;zayif;40,3;42,5;81,2;asagi;guclu;zayif;asagi;0,59;-0,64;2;1,03;-2,83;169910070;1,15;SAT;NEGATIF;AL;NEGATIF;AZALIYOR;SAT;SAT;UCUZ (AL);1;02.09.2026
DZGYO;izle;;29,6;0,5;12,9;16,2;0;0;zayif;15,4;41,3;59,9;asagi;zayif;zayif;asagi;1,19;-2,31;1;7,09;1,43;9569650;7,54;AL;NEGATIF;NOTR;POZITIF;AZALIYOR;SAT;SAT;NOTR;2;02.09.2026
ICBCT;izle;;29,1;13,0;8,1;8,0;0;0;zayif;10,8;37,8;40,5;asagi;zayif;zayif;asagi;0,49;-1,37;2;19,43;-0,56;18269912;22,07;SAT;NEGATIF;NOTR;NEGATIF;AZALIYOR;SAT;SAT;NOTR;0;02.09.2026
CCOLA;izle;;29,0;13,8;9,2;6,0;0;0;zayif;28,6;42,3;39,6;asagi;zayif;zayif;asagi;0,70;-1,59;2;78,35;2,08;377103486;84,19;SAT;NEGATIF;SAT;NEGATIF;AZALIYOR;AL;AL;NOTR;2;02.09.2026
ODINE;izle;;28,8;22,3;6,5;0,0;0;0;zayif;29,2;33,3;40,2;asagi;zayif;zayif;asagi;0,31;-2,34;1;1631;-9,99;317669870;2395,25;SAT;NEGATIF;SAT;NEGATIF;AZALIYOR;SAT;SAT;PAHALI (SAT);0;02.09.2026
GOODY;izle;;28,8;9,3;15,5;4,0;0;0;zayif;15,4;48,3;75,5;yukari;zayif;zayif;asagi;0,36;-0,60;2;2,66;1,14;35967108;2,60;SAT;NEGATIF;NOTR;NEGATIF;AZALIYOR;SAT;AL;NOTR;1;02.09.2026
VKGYO;izle;;28,7;2,0;13,2;13,5;0;0;zayif;26,5;42,0;44,9;asagi;zayif;zayif;asagi;0,91;-2,09;0;1,91;0,00;29521376;2,01;AL;NEGATIF;SAT;POZITIF;AZALIYOR;SAT;SAT;NOTR;2;02.09.2026
TATGD;izle;;28,7;9,0;14,2;5,5;6;0;zayif;10,7;43,5;40,9;asagi;zayif;zayif;asagi;0,91;-1,24;3;17,45;-1,91;46400213;19,39;AL;NEGATIF;NOTR;NEGATIF;AZALIYOR;SAT;SAT;NOTR;1;02.09.2026
GLCVY;izle;;28,5;1,9;17,6;9,1;10;1;zayif;16,9;45,4;55,5;asagi;zayif;zayif;asagi;0,44;-1,20;1;51,65;-1,71;15970955;55,12;AL;NEGATIF;NOTR;POZITIF;ARTIYOR;SAT;SAT;UCUZ (AL);2;02.09.2026
BRKSN;izle;;28,5;8,8;12,8;6,8;0;0;zayif;18,2;43,9;49,2;yukari;zayif;zayif;asagi;0,77;-0,84;2;7,77;-1,02;2153378;7,34;SAT;NEGATIF;NOTR;POZITIF;AZALIYOR;SAT;SAT;NOTR;1;02.09.2026
BASGZ;izle;;28,5;8,0;19,0;1,5;22;2;zayif;22,6;47,1;55,0;asagi;zayif;zayif;asagi;0,39;-1,05;2;44,2;-0,67;6224863;46,46;AL;NEGATIF;AL;NEGATIF;AZALIYOR;SAT;SAT;NOTR;2;02.09.2026
EFOR;izle;;28,5;12,7;7,8;8,0;40;4;zayif;16,0;40,8;47,4;asagi;zayif;zayif;asagi;0,54;-0,72;2;16,9;-7,04;723629456;21,41;SAT;NEGATIF;NOTR;NEGATIF;ARTIYOR;SAT;SAT;NOTR;0;02.09.2026
DOKTA;izle;;28,4;12,9;14,6;1,0;16;1;zayif;24,5;45,4;70,0;yukari;zayif;zayif;asagi;0,69;-0,82;3;22,4;-1,75;12986198;21,43;SAT;NEGATIF;AL;NEGATIF;ARTIYOR;SAT;SAT;NOTR;1;02.09.2026
ALGYO;izle;;28,3;8,9;18,9;0,5;0;0;zayif;18,4;45,4;59,8;yukari;zayif;zayif;asagi;0,73;-2,43;1;3,55;-1,93;71155362;3,35;AL;NEGATIF;NOTR;NEGATIF;AZALIYOR;SAT;SAT;NOTR;1;02.09.2026
ADESE;izle;;28,1;7,0;13,5;7,7;0;0;zayif;30,5;42,8;48,2;asagi;zayif;zayif;asagi;0,92;-1,65;0;0,85;0,00;98392374;0,93;AL;NEGATIF;AL;NEGATIF;AZALIYOR;SAT;SAT;UCUZ (AL);2;02.09.2026
PLTUR;izle;;28,1;2,0;16,5;9,6;0;0;zayif;17,0;45,3;51,8;asagi;zayif;zayif;asagi;0,41;-1,30;1;20,46;0,99;29708022;22,84;AL;NEGATIF;NOTR;POZITIF;AZALIYOR;SAT;SAT;NOTR;2;02.09.2026
KLMSN;izle;;28,0;13,0;7,5;7,5;10;1;zayif;24,9;40,1;43,1;yukari;zayif;zayif;asagi;1,15;-1,90;2;28;-1,75;24559612;26,86;SAT;NEGATIF;AL;NEGATIF;ARTIYOR;SAT;SAT;NOTR;1;02.09.2026
ECILC;izle;;27,7;9,0;11,5;7,2;0;0;zayif;19,1;43,6;65,4;yukari;zayif;zayif;asagi;1,03;-1,24;2;72,5;-3,40;422269870;70,39;SAT;NEGATIF;NOTR;NEGATIF;ARTIYOR;SAT;SAT;NOTR;0;02.09.2026
ONRYT;izle;;27,7;0,0;9,1;18,6;0;0;zayif;7,4;43,5;58,4;asagi;zayif;zayif;asagi;1,37;-1,30;2;58,3;0,95;76166152;64,39;SAT;NEGATIF;NOTR;NEGATIF;ARTIYOR;SAT;SAT;NOTR;0;02.09.2026
ASGYO;izle;;27,5;1,2;13,1;13,1;0;0;zayif;21,1;41,7;52,7;asagi;zayif;zayif;asagi;0,96;-1,45;0;10,95;0,00;32633847;11,69;AL;NEGATIF;SAT;NEGATIF;ARTIYOR;SAT;SAT;NOTR;1;02.09.2026
DGGYO;izle;;27,4;3,3;14,1;10,0;0;0;zayif;11,1;43,3;48,1;asagi;zayif;zayif;asagi;1,42;-1,24;2;33,08;-4,72;6071305;37,18;AL;NEGATIF;NOTR;NEGATIF;ARTIYOR;AL;AL;NOTR;3;02.09.2026
PINSU;izle;;27,4;5,0;14,4;8,0;0;0;zayif;25,0;43,1;65,1;asagi;zayif;zayif;asagi;0,59;-1,38;1;10,19;-0,78;23942597;11,02;AL;NEGATIF;AL;NEGATIF;ARTIYOR;SAT;SAT;UCUZ (AL);2;02.09.2026
KENT;izle;;27,4;0,7;17,1;9,5;10;1;zayif;17,5;48,1;55,1;asagi;guclu;zayif;asagi;0,35;-0,50;1;364;1,46;817544;404,52;SAT;NEGATIF;NOTR;POZITIF;AZALIYOR;SAT;SAT;UCUZ (AL);1;02.09.2026
SANEL;izle;;27,2;13,4;7,6;6,3;0;0;zayif;14,6;40,4;45,7;asagi;zayif;zayif;asagi;0,84;-1,42;2;55,05;-5,09;23966018;70,12;SAT;NEGATIF;NOTR;POZITIF;AZALIYOR;AL;AL;NOTR;3;02.09.2026
INGRM;izle;;27,0;0,7;8,4;18,0;6;0;zayif;16,9;40,6;51,3;asagi;zayif;zayif;asagi;2,27;-1,17;3;379;0,26;38885779;411,43;SAT;NEGATIF;NOTR;NEGATIF;ARTIYOR;SAT;SAT;NOTR;0;02.09.2026
PEKGY;izle;;26,8;14,7;4,0;8,0;32;3;zayif;28,2;33,3;73,4;asagi;zayif;zayif;asagi;0,08;-2,41;0;12,77;-9,94;152314737;15,71;SAT;NEGATIF;SAT;NEGATIF;ARTIYOR;SAT;SAT;NOTR;0;02.09.2026
CRDFA;izle;;26,8;5,4;11,3;10,0;22;2;zayif;38,7;36,0;41,3;asagi;zayif;zayif;asagi;1,67;-2,77;0;27;-1,82;102204099;30,86;AL;NEGATIF;SAT;POZITIF;ARTIYOR;AL;AL;NOTR;4;02.09.2026
BFREN;izle;;26,7;5,0;9,1;12,6;0;0;zayif;24,9;41,0;46,1;asagi;zayif;zayif;asagi;0,50;-1,46;1;126,1;-0,79;14307432;134,63;SAT;NEGATIF;AL;NEGATIF;AZALIYOR;SAT;SAT;UCUZ (AL);1;02.09.2026
IHLGM;izle;;26,5;3,8;14,1;8,6;0;0;zayif;21,8;44,1;62,7;asagi;zayif;zayif;asagi;0,74;-2,07;1;1,58;-0,63;25354385;1,69;AL;NEGATIF;AL;POZITIF;AZALIYOR;SAT;SAT;UCUZ (AL);3;02.09.2026
IHGZT;izle;;26,5;4,6;13,9;8,0;0;0;zayif;23,7;43,7;53,9;asagi;zayif;zayif;asagi;0,66;-1,78;0;1,18;-0,84;11090820;1,26;AL;NEGATIF;AL;NEGATIF;AZALIYOR;SAT;SAT;UCUZ (AL);2;02.09.2026
ESEN;izle;;26,4;7,0;8,4;11,1;6;0;zayif;32,3;41,5;52,1;asagi;zayif;zayif;asagi;1,23;-1,74;3;3,37;-5,07;150029573;3,83;SAT;NEGATIF;AL;NEGATIF;ARTIYOR;SAT;SAT;UCUZ (AL);1;02.09.2026
GLRMK;izle;;26,4;15,4;7,4;3,5;32;3;zayif;31,4;39,6;39,7;yukari;zayif;zayif;asagi;0,68;-1,37;2;160,9;-2,72;564921670;160,87;SAT;NEGATIF;SAT;NEGATIF;AZALIYOR;SAT;SAT;NOTR;0;02.09.2026
BULGS;izle;;26,3;2,4;5,9;18,0;0;0;zayif;34,7;31,3;36,2;asagi;zayif;zayif;asagi;1,92;-3,19;2;32,56;0,62;157664897;34,96;SAT;NEGATIF;SAT;NEGATIF;ARTIYOR;AL;AL;UCUZ (AL);2;02.09.2026
SODSN;izle;;26,2;10,4;12,1;3,6;6;0;zayif;31,0;38,8;36,6;yukari;zayif;zayif;asagi;0,92;-3,27;3;7,5;1,63;660443;7,13;AL;NEGATIF;SAT;NEGATIF;AZALIYOR;SAT;SAT;UCUZ (AL);1;02.09.2026
MTRYO;izle;;25,8;1,0;14,9;9,9;16;1;zayif;19,4;44,5;50,3;asagi;zayif;zayif;asagi;0,81;-1,06;3;8,92;2,18;2194151;9,63;AL;NEGATIF;NOTR;NEGATIF;ARTIYOR;SAT;SAT;NOTR;1;02.09.2026
KUTPO;izle;;25,7;7,0;6,2;12,5;50;5;zayif;33,5;36,3;47,3;asagi;zayif;zayif;asagi;1,30;-2,24;4;78,85;-1,74;16668259;85,49;SAT;NEGATIF;AL;NEGATIF;ARTIYOR;SAT;SAT;UCUZ (AL);1;02.09.2026
DAPGM;izle;;25,5;0,4;7,1;18,0;0;0;zayif;15,0;39,7;43,8;asagi;zayif;zayif;asagi;1,46;-2,03;2;8,04;3,61;1142391596;9,11;SAT;NEGATIF;NOTR;NEGATIF;ARTIYOR;SAT;SAT;UCUZ (AL);0;02.09.2026
PGSUS;izle;;25,4;2,9;12,9;9,6;0;0;zayif;19,5;41,4;57,0;asagi;zayif;zayif;asagi;1,27;-2,48;2;149;-1,91;1870340231;158,55;AL;NEGATIF;NOTR;NEGATIF;ARTIYOR;AL;AL;UCUZ (AL);3;02.09.2026
KOCMT;izle;;25,3;22,4;2,8;0,0;38;3;zayif;33,1;33,5;49,3;asagi;zayif;zayif;asagi;0,28;-2,01;3;3,77;-9,81;71913549;5,15;SAT;NEGATIF;SAT;NEGATIF;AZALIYOR;SAT;SAT;NOTR;0;02.09.2026
TEKTU;izle;;25,3;1,7;13,9;9,7;0;0;zayif;16,3;44,7;68,7;asagi;zayif;zayif;asagi;0,80;-1,72;1;7,78;-3,23;44315798;8,40;AL;NEGATIF;NOTR;POZITIF;AZALIYOR;AL;SAT;UCUZ (AL);3;02.09.2026
TLMAN;izle;;25,3;5,1;11,4;8,8;6;0;zayif;25,1;36,2;51,4;asagi;zayif;zayif;asagi;1,23;-2,29;3;77,6;-0,58;17544662;85,09;AL;NEGATIF;AL;NEGATIF;ARTIYOR;SAT;SAT;UCUZ (AL);2;02.09.2026
DGNMO;izle;;25,1;9,3;7,8;8,0;10;1;zayif;20,2;37,0;53,1;asagi;zayif;zayif;asagi;0,32;-1,41;1;7,55;0,00;15290268;8,76;SAT;NEGATIF;SAT;NEGATIF;AZALIYOR;SAT;AL;NOTR;1;02.09.2026
MOPAS;izle;;24,8;2,2;4,6;18,0;6;0;zayif;28,1;31,1;54,3;asagi;zayif;zayif;asagi;1,54;-4,29;3;26,34;1,78;95633876;28,49;SAT;NEGATIF;SAT;NEGATIF;ARTIYOR;SAT;SAT;UCUZ (AL);0;02.09.2026
TUKAS;izle;;24,7;1,3;12,8;10,6;0;0;zayif;21,6;40,5;49,3;asagi;zayif;zayif;asagi;1,32;-2,65;2;1,98;-1,49;141897894;2,12;AL;NEGATIF;SAT;NEGATIF;AZALIYOR;SAT;SAT;UCUZ (AL);1;02.09.2026
PKENT;izle;;24,6;3,8;12,6;8,2;0;0;zayif;21,7;40,3;53,8;asagi;zayif;zayif;asagi;0,61;-2,35;2;123,7;-0,64;11416397;134,69;AL;NEGATIF;AL;NEGATIF;AZALIYOR;SAT;SAT;UCUZ (AL);2;02.09.2026
ESCOM;izle;;24,5;19,5;4,9;0,0;50;4;zayif;14,9;37,3;25,1;asagi;zayif;zayif;asagi;0,68;-1,80;4;5,19;-3,17;106317980;5,90;SAT;NEGATIF;NOTR;NEGATIF;ARTIYOR;SAT;SAT;NOTR;0;02.09.2026
DNISI;izle;;24,5;8,7;7,7;8,0;10;1;zayif;17,3;40,7;59,8;yukari;zayif;zayif;asagi;0,48;-1,28;2;4,43;-1,12;9813389;4,34;SAT;NEGATIF;NOTR;POZITIF;AZALIYOR;SAT;SAT;NOTR;1;02.09.2026
CEOEM;izle;;24,3;0,0;16,3;8,0;0;0;zayif;11,8;44,3;50,5;asagi;zayif;zayif;asagi;0,59;-0,75;1;23,96;-3,62;16806287;26,21;AL;NEGATIF;NOTR;NEGATIF;ARTIYOR;SAT;SAT;NOTR;1;02.09.2026
MRSHL;izle;;24,2;13,1;7,1;4,0;0;0;zayif;17,5;39,7;43,1;yukari;zayif;zayif;asagi;0,46;-1,31;2;1586;0,06;41859298;1560,78;SAT;NEGATIF;NOTR;NEGATIF;AZALIYOR;SAT;AL;NOTR;1;02.09.2026
ORMA;izle;;24,2;8,3;5,9;10,0;10;0;zayif;14,3;37,0;20,6;yukari;zayif;zayif;asagi;1,56;-3,15;4;154;-2,35;1905596;153,19;SAT;NEGATIF;NOTR;NEGATIF;AZALIYOR;SAT;SAT;NOTR;0;02.09.2026
TCELL;izle;;24,2;1,5;5,3;17,3;6;0;zayif;23,3;36,7;40,7;asagi;zayif;zayif;asagi;1,15;-2,35;3;97,2;0,67;3640679557;105,37;SAT;NEGATIF;SAT;NEGATIF;ARTIYOR;SAT;SAT;NOTR;0;02.09.2026
SKYLP;izle;;24,2;3,8;8,8;11,5;6;0;zayif;18,0;41,0;32,6;asagi;zayif;zayif;asagi;0,91;-1,81;3;229,9;5,56;13662497;269,70;SAT;NEGATIF;NOTR;NEGATIF;ARTIYOR;SAT;AL;NOTR;1;02.09.2026
DOFRB;izle;;24,1;6,8;7,1;10,3;0;0;zayif;15,9;39,1;57,1;asagi;zayif;zayif;asagi;1,08;-2,27;2;122,9;4,33;658995453;144,99;SAT;NEGATIF;NOTR;NEGATIF;ARTIYOR;SAT;SAT;NOTR;0;02.09.2026
TURSG;izle;;24,1;5,0;9,0;10,1;6;0;zayif;13,1;41,5;48,8;asagi;zayif;zayif;asagi;1,10;-1,31;3;6,06;-0,66;404923722;6,60;SAT;NEGATIF;NOTR;NEGATIF;AZALIYOR;SAT;SAT;NOTR;0;02.09.2026
HUBVC;izle;;24,0;0,7;18,2;5,2;10;0;zayif;16,9;51,7;35,4;asagi;zayif;zayif;asagi;1,01;-1,03;4;2,67;6,37;4710916;2,75;AL;POZITIF;NOTR;POZITIF;ARTIYOR;AL;AL;NOTR;5;02.09.2026
ISFIN;izle;;24,0;7,5;8,0;8,5;16;1;zayif;16,2;36,8;31,8;asagi;zayif;zayif;asagi;0,85;-1,18;3;19,37;-0,15;32001797;20,57;SAT;NEGATIF;NOTR;NEGATIF;ARTIYOR;SAT;SAT;NOTR;0;02.09.2026
SMRTG;izle;;23,6;6,7;13,0;3,9;0;0;zayif;13,3;40,7;41,2;asagi;zayif;zayif;asagi;0,94;-1,39;1;9,99;-2,06;191201117;11,24;AL;NEGATIF;NOTR;POZITIF;AZALIYOR;AL;SAT;NOTR;3;02.09.2026
USAK;izle;;23,4;0,1;10,1;13,2;0;0;zayif;12,4;32,1;42,3;asagi;zayif;zayif;asagi;1,25;-3,30;0;1,21;0,83;59141330;1,31;AL;NEGATIF;NOTR;NEGATIF;ARTIYOR;SAT;SAT;UCUZ (AL);1;02.09.2026
YYAPI;izle;;23,4;2,4;7,9;13,0;0;0;zayif;37,9;38,0;37,0;asagi;zayif;zayif;asagi;1,18;-4,03;0;0,81;0,00;3602433;0,85;SAT;NEGATIF;SAT;NEGATIF;AZALIYOR;SAT;AL;UCUZ (AL);1;02.09.2026
UNLU;izle;;23,2;2,1;11,1;10,0;6;0;zayif;27,4;35,2;49,2;asagi;zayif;zayif;asagi;1,30;-3,24;3;10,6;-1,49;11824417;11,58;AL;NEGATIF;SAT;NEGATIF;ARTIYOR;SAT;SAT;UCUZ (AL);1;02.09.2026
PSGYO;izle;;23,0;9,7;4,4;9,0;6;0;zayif;21,8;34,2;42,5;asagi;zayif;zayif;asagi;1,24;-1,72;3;3,1;-1,90;594629064;3,57;SAT;NEGATIF;SAT;NEGATIF;ARTIYOR;SAT;SAT;NOTR;0;02.09.2026
GRSEL;izle;;22,9;5,1;6,4;11,4;0;0;zayif;27,6;32,9;0,0;asagi;zayif;zayif;asagi;2,12;-1,89;2;304,25;1,42;237936887;329,74;SAT;NEGATIF;SAT;NEGATIF;ARTIYOR;SAT;AL;NOTR;1;02.09.2026
MOBTL;izle;;22,8;13,2;9,6;0,0;28;2;zayif;13,5;42,6;39,1;asagi;zayif;zayif;asagi;0,41;-1,39;3;12,84;1,10;21700730;14,35;SAT;NEGATIF;NOTR;NEGATIF;AZALIYOR;SAT;SAT;NOTR;0;02.09.2026
ZEDUR;izle;;22,7;2,4;12,3;8,0;0;0;zayif;32,1;39,2;59,1;asagi;zayif;zayif;asagi;0,53;-2,26;1;7,71;0,92;6269541;8,38;AL;NEGATIF;SAT;NEGATIF;AZALIYOR;SAT;SAT;NOTR;1;02.09.2026
GOLTS;izle;;22,6;10,0;8,4;4,2;0;0;zayif;26,5;41,2;58,7;yukari;zayif;zayif;asagi;0,42;-1,96;1;295,75;-0,50;17386847;294,80;SAT;NEGATIF;SAT;NEGATIF;AZALIYOR;SAT;SAT;NOTR;0;02.09.2026
SASA;izle;;22,6;0,3;12,5;9,8;0;0;zayif;14,4;39,9;42,2;asagi;zayif;zayif;asagi;0,78;-2,01;0;2,27;-3,81;4431595401;2,56;AL;NEGATIF;NOTR;NEGATIF;AZALIYOR;SAT;SAT;NOTR;1;02.09.2026
BASCM;izle;;22,5;0,7;21,5;0,3;0;0;zayif;17,2;48,1;51,6;asagi;guclu;zayif;asagi;0,66;-0,67;1;13,7;-0,58;1010320;14,38;AL;NEGATIF;NOTR;NEGATIF;AZALIYOR;SAT;SAT;NOTR;1;02.09.2026
SMRVA;izle;;22,4;2,8;11,6;8,0;0;0;zayif;19,1;37,2;51,3;asagi;zayif;zayif;asagi;0,37;-2,97;2;10,95;-0,64;51442925;12,49;AL;NEGATIF;NOTR;NEGATIF;AZALIYOR;SAT;SAT;UCUZ (AL);1;02.09.2026
YEOTK;izle;;22,3;12,6;4,8;4,9;10;0;zayif;13,8;33,7;37,9;asagi;zayif;zayif;asagi;0,99;-2,48;5;32,7;-2,39;519338522;38,25;SAT;NEGATIF;NOTR;NEGATIF;ARTIYOR;SAT;SAT;NOTR;0;02.09.2026
LOGO;izle;;22,3;0,0;12,5;9,8;40;4;zayif;10,4;44,8;54,1;asagi;zayif;zayif;asagi;0,95;-1,02;2;134,1;-1,18;79912470;143,73;SAT;NEGATIF;NOTR;NEGATIF;AZALIYOR;SAT;SAT;UCUZ (AL);0;02.09.2026
SRVGY;izle;;22,2;1,5;12,4;8,3;6;0;zayif;23,3;39,1;61,5;asagi;zayif;zayif;asagi;0,72;-2,45;3;2,46;-2,38;38662437;2,61;AL;NEGATIF;SAT;NEGATIF;ARTIYOR;SAT;SAT;UCUZ (AL);1;02.09.2026
GLBMD;izle;;22,1;0,7;9,0;12,4;6;0;zayif;16,8;40,3;24,3;asagi;zayif;zayif;asagi;0,97;-1,32;3;11,7;1,21;3071718;12,92;SAT;NEGATIF;NOTR;NEGATIF;ARTIYOR;SAT;AL;NOTR;1;02.09.2026
QNBTR;izle;;22,1;2,4;11,2;8,4;6;0;zayif;41,3;35,7;31,2;asagi;zayif;zayif;asagi;1,20;-4,91;3;186,8;-0,43;2983943;194,46;AL;NEGATIF;SAT;NEGATIF;AZALIYOR;SAT;SAT;UCUZ (AL);1;02.09.2026
SMART;izle;;22,1;0,6;6,7;14,8;0;0;zayif;16,2;37,2;53,8;asagi;zayif;zayif;asagi;1,11;-3,03;2;22,82;1,06;27458941;25,96;SAT;NEGATIF;NOTR;NEGATIF;AZALIYOR;SAT;SAT;NOTR;0;02.09.2026
CONSE;izle;;21,8;3,1;16,2;2,5;14;0;zayif;20,0;46,5;47,5;asagi;zayif;zayif;asagi;0,85;-1,69;3;2,3;1,77;13326421;2,44;AL;NEGATIF;NOTR;POZITIF;ARTIYOR;SAT;SAT;UCUZ (AL);2;02.09.2026
KOTON;izle;;21,8;0,6;11,4;9,8;6;0;zayif;16,2;36,3;48,7;asagi;zayif;zayif;asagi;1,29;-2,95;3;12,38;-0,08;34775197;13,20;AL;NEGATIF;NOTR;NEGATIF;AZALIYOR;SAT;SAT;UCUZ (AL);1;02.09.2026
KSTUR;izle;;21,6;2,3;11,4;7,8;0;0;zayif;29,0;36,4;34,4;asagi;zayif;zayif;asagi;1,17;-3,87;1;2340;-0,51;1825200;2520,17;AL;NEGATIF;SAT;NEGATIF;AZALIYOR;SAT;SAT;NOTR;1;02.09.2026
SKBNK;izle;;21,5;2,4;10,2;8,8;0;0;zayif;44,4;32,2;68,5;asagi;zayif;zayif;asagi;0,75;-7,28;0;6,29;-0,47;717748069;7,36;AL;NEGATIF;SAT;POZITIF;AZALIYOR;AL;SAT;NOTR;3;02.09.2026
DOGUB;izle;;21,4;3,5;7,9;10,0;10;0;zayif;15,7;38,1;35,1;asagi;zayif;zayif;asagi;1,83;-2,25;4;66,95;-0,52;45342490;78,65;SAT;NEGATIF;NOTR;NEGATIF;ARTIYOR;AL;AL;NOTR;2;02.09.2026
SNICA;izle;;21,4;9,3;12,1;0,0;0;0;zayif;21,7;38,6;59,1;yukari;zayif;zayif;asagi;0,66;-2,90;2;3,13;-3,10;40178261;3,10;AL;NEGATIF;SAT;NEGATIF;AZALIYOR;SAT;SAT;NOTR;1;02.09.2026
AKFYE;izle;;21,4;10,9;9,7;0,8;0;0;zayif;11,6;43,2;41,0;asagi;zayif;zayif;asagi;0,75;-1,02;1;22,76;-0,09;114755328;25,16;SAT;NEGATIF;NOTR;NEGATIF;AZALIYOR;SAT;SAT;NOTR;0;02.09.2026
AYCES;izle;;21,3;0,1;13,2;8,0;0;0;zayif;12,2;42,5;59,6;asagi;zayif;zayif;asagi;0,65;-2,51;2;449,25;0,00;37565387;489,81;AL;NEGATIF;NOTR;NEGATIF;AZALIYOR;AL;SAT;NOTR;2;02.09.2026
AYES;izle;;21,3;13,4;8,0;0,0;6;0;zayif;14,7;42,6;26,4;asagi;zayif;zayif;asagi;0,19;-1,36;3;29,56;-3,02;1323815;32,95;SAT;NEGATIF;NOTR;NEGATIF;ARTIYOR;SAT;AL;NOTR;1;02.09.2026
AGYO;izle;;21,1;1,0;12,6;7,5;20;1;zayif;19,7;40,5;33,2;asagi;zayif;zayif;asagi;1,15;-1,73;4;7,19;-2,04;2157115;7,83;AL;NEGATIF;NOTR;NEGATIF;ARTIYOR;SAT;SAT;NOTR;1;02.09.2026
BVSAN;izle;;21,0;0,3;12,8;8,0;0;0;zayif;13,9;41,0;50,2;asagi;zayif;zayif;asagi;0,68;-2,03;2;103,6;-0,96;41432126;113,53;AL;NEGATIF;NOTR;POZITIF;AZALIYOR;SAT;SAT;NOTR;2;02.09.2026
EGSER;izle;;21,0;3,2;9,8;8,0;22;2;zayif;20,3;42,7;69,0;asagi;zayif;zayif;asagi;0,38;-1,19;1;2,89;1,05;3295851;3,13;SAT;NEGATIF;AL;NEGATIF;AZALIYOR;SAT;SAT;NOTR;1;02.09.2026
DARDL;izle;;20,9;1,6;10,3;9,0;0;0;zayif;23,5;32,8;51,7;asagi;zayif;zayif;asagi;1,24;-3,39;2;1,61;-0,62;34239413;1,76;AL;NEGATIF;SAT;NEGATIF;AZALIYOR;SAT;SAT;UCUZ (AL);1;02.09.2026
BRMEN;izle;;20,9;14,6;5,9;0,3;10;0;zayif;23,8;31,5;19,2;asagi;zayif;zayif;asagi;0,72;-3,43;5;12,98;-0,54;2691805;15,17;SAT;NEGATIF;SAT;NEGATIF;AZALIYOR;SAT;AL;NOTR;1;02.09.2026
MAGEN;izle;;20,8;0,5;7,8;12,5;0;0;zayif;15,9;41,3;48,7;asagi;zayif;zayif;asagi;0,97;-2,21;2;33,02;0,12;542567668;37,68;SAT;NEGATIF;NOTR;NEGATIF;ARTIYOR;SAT;SAT;NOTR;0;02.09.2026
LYDYE;izle;;20,6;1,1;9,5;10,0;46;4;zayif;20,3;43,3;37,5;asagi;zayif;zayif;asagi;1,38;-1,74;3;12187,5;10,00;26678438;13268,29;SAT;NEGATIF;SAT;NEGATIF;ARTIYOR;SAT;AL;NOTR;1;02.09.2026
TMSN;izle;;20,5;0,1;9,8;10,5;0;0;zayif;13,0;31,0;57,1;asagi;zayif;zayif;asagi;1,09;-3,69;2;72,5;-2,95;41638780;80,43;AL;NEGATIF;NOTR;NEGATIF;ARTIYOR;SAT;SAT;UCUZ (AL);1;02.09.2026
GLRYH;izle;;20,4;1,4;8,7;10,3;0;0;zayif;22,1;42,9;74,5;asagi;zayif;zayif;asagi;0,61;-1,49;0;3,01;-3,22;19233232;3,51;SAT;NEGATIF;SAT;NEGATIF;AZALIYOR;SAT;SAT;UCUZ (AL);0;02.09.2026
TTKOM;izle;;20,3;8,4;5,5;6,3;0;0;zayif;15,2;35,5;27,2;yukari;zayif;zayif;asagi;1,08;-2,92;2;50,8;-1,45;2064706361;50,42;SAT;NEGATIF;NOTR;NEGATIF;ARTIYOR;SAT;SAT;NOTR;0;02.09.2026
DMSAS;izle;;20,0;3,2;8,1;8,6;22;2;zayif;20,3;40,9;57,2;asagi;zayif;zayif;asagi;0,65;-1,15;1;8,38;0,96;13361927;9,08;SAT;NEGATIF;AL;NEGATIF;AZALIYOR;SAT;SAT;UCUZ (AL);1;02.09.2026
INTEM;izle;;19,9;9,4;5,9;4,6;6;0;zayif;22,6;38,1;32,1;yukari;zayif;zayif;asagi;0,77;-1,93;3;241,8;-1,59;12187445;237,10;SAT;NEGATIF;SAT;NEGATIF;AZALIYOR;SAT;SAT;NOTR;0;02.09.2026
KRVGD;izle;;19,8;2,4;8,4;9,0;10;0;zayif;46,8;26,2;17,2;asagi;zayif;zayif;asagi;1,00;-4,34;4;2,22;-2,20;16825620;2,41;AL;NEGATIF;SAT;NEGATIF;ARTIYOR;SAT;SAT;NOTR;1;02.09.2026
LUKSK;izle;;19,8;0,6;11,1;8,0;0;0;zayif;13,6;35,4;35,3;asagi;zayif;zayif;asagi;0,63;-2,59;2;84;-2,10;6874308;92,50;AL;NEGATIF;NOTR;NEGATIF;AZALIYOR;SAT;AL;UCUZ (AL);2;02.09.2026
BINHO;izle;;19,7;10,9;7,3;1,5;0;0;zayif;18,1;39,8;61,1;asagi;zayif;zayif;asagi;0,78;-0,99;2;9,57;-0,10;213607597;11,36;SAT;NEGATIF;NOTR;NEGATIF;AZALIYOR;SAT;SAT;NOTR;0;02.09.2026
CEMAS;izle;;19,7;3,2;8,5;8,0;0;0;zayif;20,3;41,6;59,8;asagi;zayif;zayif;asagi;0,56;-1,58;0;4,04;-1,22;34157962;4,54;SAT;NEGATIF;AL;NEGATIF;AZALIYOR;SAT;SAT;NOTR;1;02.09.2026
THYAO;izle;;19,7;3,3;5,4;11,1;6;0;zayif;14,0;33,2;31,9;asagi;zayif;zayif;asagi;1,48;-2,63;3;291,5;-3,32;19839227942;316,66;SAT;NEGATIF;NOTR;NEGATIF;ARTIYOR;SAT;SAT;NOTR;0;02.09.2026
VRGYO;izle;;19,6;2,1;16,8;0,8;6;0;zayif;17,4;47,5;63,8;asagi;zayif;zayif;asagi;0,51;-1,64;3;1,8;-1,10;10775920;1,86;AL;NEGATIF;NOTR;POZITIF;AZALIYOR;AL;SAT;UCUZ (AL);3;02.09.2026
IZENR;izle;;19,6;0,1;1,4;18,0;6;0;zayif;13,0;21,0;35,1;asagi;zayif;zayif;asagi;3,80;-4,08;3;7,13;0,14;1078267661;8,10;SAT;NEGATIF;NOTR;NEGATIF;ARTIYOR;SAT;AL;UCUZ (AL);1;02.09.2026
BALAT;izle;;19,6;0,6;11,5;7,5;0;0;zayif;16,1;43,9;33,8;asagi;zayif;zayif;asagi;1,03;-1,60;2;68,5;-0,72;2051918;72,93;SAT;NEGATIF;NOTR;NEGATIF;AZALIYOR;SAT;SAT;NOTR;0;02.09.2026
AKGRT;izle;;19,5;2,2;9,3;8,1;10;0;zayif;28,3;29,3;42,8;asagi;zayif;zayif;asagi;1,18;-4,06;5;6,09;-1,30;76673563;6,48;AL;NEGATIF;SAT;NEGATIF;ARTIYOR;SAT;SAT;NOTR;1;02.09.2026
ALKIM;izle;;19,5;0,0;12,2;7,3;0;0;zayif;10,2;38,9;60,8;asagi;zayif;zayif;asagi;1,14;-2,20;2;15,42;-0,19;27000081;16,61;AL;NEGATIF;NOTR;NEGATIF;AZALIYOR;SAT;SAT;NOTR;1;02.09.2026
HDFGS;izle;;19,5;0,0;8,3;11,1;0;0;zayif;11,1;42,6;59,0;asagi;zayif;zayif;asagi;0,89;-1,46;1;2,45;-2,39;105164214;2,76;SAT;NEGATIF;NOTR;NEGATIF;AZALIYOR;SAT;SAT;NOTR;0;02.09.2026
OSTIM;izle;;19,5;0,7;12,5;6,3;6;0;zayif;17,0;40,0;59,6;asagi;zayif;zayif;asagi;1,08;-2,64;3;1,55;2,65;19397884;1,67;AL;NEGATIF;NOTR;NEGATIF;ARTIYOR;SAT;SAT;UCUZ (AL);1;02.09.2026
EUREN;izle;;19,3;1,0;13,5;4,9;0;0;zayif;14,5;42,9;66,1;asagi;zayif;zayif;asagi;0,98;-2,00;1;3,84;-0,26;100439174;4,10;AL;NEGATIF;NOTR;POZITIF;AZALIYOR;SAT;SAT;UCUZ (AL);2;02.09.2026
SARKY;izle;;19,1;11,7;7,1;0,4;32;3;zayif;17,0;40,8;54,5;yukari;zayif;zayif;asagi;0,53;-1,69;2;24,1;-1,79;90936241;23,35;SAT;NEGATIF;NOTR;NEGATIF;AZALIYOR;SAT;SAT;NOTR;0;02.09.2026
TOASO;izle;;19,1;0,8;11,4;6,9;0;0;zayif;18,2;36,2;43,1;asagi;zayif;zayif;asagi;1,12;-2,18;1;260,5;-2,80;1054974984;288,92;AL;NEGATIF;NOTR;NEGATIF;ARTIYOR;SAT;SAT;NOTR;1;02.09.2026
EKSUN;izle;;18,9;3,7;5,6;9,6;10;0;zayif;17,4;35,8;47,8;asagi;zayif;zayif;asagi;1,28;-2,44;4;5,66;-3,25;37503007;6,60;SAT;NEGATIF;NOTR;NEGATIF;ARTIYOR;SAT;SAT;NOTR;0;02.09.2026
ECZYT;izle;;18,8;3,0;6,3;9,5;40;4;zayif;10,6;37,4;41,9;asagi;zayif;zayif;asagi;1,23;-1,98;2;304,75;-3,25;141352193;339,03;SAT;NEGATIF;NOTR;NEGATIF;ARTIYOR;SAT;SAT;NOTR;0;02.09.2026
CEMTS;izle;;18,8;0,4;11,9;6,4;42;3;zayif;15,2;38,0;52,9;asagi;zayif;zayif;asagi;1,03;-2,61;4;8,67;-1,59;14067430;9,31;AL;NEGATIF;NOTR;NEGATIF;ARTIYOR;SAT;SAT;UCUZ (AL);1;02.09.2026
LKMNH;izle;;18,6;2,4;13,0;3,1;0;0;zayif;38,7;41,8;50,1;asagi;zayif;zayif;asagi;0,75;-1,83;2;13,49;0,22;14483700;14,48;AL;NEGATIF;SAT;NEGATIF;AZALIYOR;SAT;SAT;UCUZ (AL);1;02.09.2026
EMNIS;izle;;18,6;0,7;5,1;12,8;28;2;zayif;17,3;38,2;25,6;asagi;zayif;zayif;asagi;1,24;-2,43;3;149,9;-0,73;1342504;158,52;SAT;NEGATIF;NOTR;NEGATIF;AZALIYOR;SAT;SAT;NOTR;0;02.09.2026
FONET;izle;;18,5;13,3;5,2;0,0;28;2;zayif;14,2;37,3;37,8;asagi;zayif;zayif;asagi;0,62;-1,53;3;4,87;-0,61;68234369;5,48;SAT;NEGATIF;NOTR;NEGATIF;AZALIYOR;SAT;SAT;NOTR;0;02.09.2026
BAYRK;izle;;18,5;3,3;7,2;8,0;32;3;zayif;20,4;40,9;53,8;asagi;zayif;zayif;asagi;0,28;-1,65;1;4,19;-1,18;12905058;4,74;SAT;NEGATIF;AL;NEGATIF;AZALIYOR;SAT;SAT;UCUZ (AL);1;02.09.2026
CIMSA;izle;;18,4;0,4;6,5;11,5;0;0;zayif;14,8;37,5;47,8;asagi;zayif;zayif;asagi;0,79;-2,23;2;44;0,46;302466824;47,41;SAT;NEGATIF;NOTR;NEGATIF;AZALIYOR;SAT;SAT;NOTR;0;02.09.2026
TABGD;izle;;18,3;4,2;6,5;7,6;10;0;zayif;21,1;38,3;16,9;asagi;zayif;zayif;asagi;1,06;-1,61;5;233,5;0,34;160806547;254,84;SAT;NEGATIF;SAT;NEGATIF;AZALIYOR;SAT;SAT;NOTR;0;02.09.2026
NUGYO;izle;;18,3;2,1;14,1;2,2;0;0;zayif;17,4;45,2;56,3;asagi;zayif;zayif;asagi;0,81;-0,96;1;8,99;0,90;13767879;9,70;SAT;NEGATIF;NOTR;NEGATIF;AZALIYOR;SAT;SAT;NOTR;0;02.09.2026
EGEGY;izle;;18,1;4,2;3,9;10,0;0;0;zayif;20,5;32,9;52,2;asagi;zayif;zayif;asagi;4,11;-2,52;2;25,6;-3,90;424710810;31,11;SAT;NEGATIF;SAT;NEGATIF;ARTIYOR;SAT;SAT;NOTR;0;02.09.2026
ELITE;izle;;18,0;1,5;11,3;5,2;16;1;zayif;22,8;36,1;48,3;asagi;zayif;zayif;asagi;0,77;-3,17;3;26,9;-0,44;34787887;29,46;AL;NEGATIF;SAT;NEGATIF;AZALIYOR;SAT;SAT;NOTR;1;02.09.2026
HLGYO;izle;;18,0;7,0;11,0;0,0;0;0;zayif;38,0;35,0;57,7;asagi;zayif;zayif;asagi;0,52;-3,53;2;4,31;-1,37;52347040;4,67;AL;NEGATIF;AL;POZITIF;AZALIYOR;SAT;SAT;NOTR;3;02.09.2026
KAPLM;izle;;17,6;4,9;4,9;7,9;0;0;zayif;25,9;31,4;38,6;asagi;zayif;zayif;asagi;1,17;-3,42;2;389;-4,60;40639219;446,85;SAT;NEGATIF;SAT;NEGATIF;ARTIYOR;SAT;SAT;NOTR;0;02.09.2026
BALSU;izle;;17,2;1,4;10,6;5,2;0;0;zayif;22,4;33,6;46,0;asagi;zayif;zayif;asagi;0,77;-3,65;2;9,9;3,13;776399352;11,87;AL;NEGATIF;SAT;NEGATIF;ARTIYOR;SAT;SAT;UCUZ (AL);1;02.09.2026
DESA;izle;;17,0;8,9;8,2;0,0;0;0;zayif;18,5;42,8;52,6;yukari;zayif;zayif;asagi;0,29;-1,74;2;9,6;-0,31;13690694;9,23;SAT;NEGATIF;NOTR;NEGATIF;AZALIYOR;SAT;SAT;NOTR;0;02.09.2026
ALKA;izle;;17,0;0,2;12,5;4,3;0;0;zayif;13,7;40,0;56,6;asagi;zayif;zayif;asagi;0,59;-2,52;0;8,07;-0,49;13878891;8,78;AL;NEGATIF;NOTR;POZITIF;AZALIYOR;SAT;SAT;NOTR;2;02.09.2026
CMENT;izle;;17,0;2,4;4,5;10,0;6;0;zayif;35,5;32,1;38,5;asagi;zayif;zayif;asagi;1,81;-3,74;3;257;-1,91;1868133;266,53;SAT;NEGATIF;SAT;NEGATIF;ARTIYOR;SAT;SAT;UCUZ (AL);0;02.09.2026
TEZOL;izle;;16,9;2,4;8,3;6,1;6;0;zayif;37,6;25,9;39,7;asagi;zayif;zayif;asagi;1,07;-6,50;3;8,9;-5,02;80415425;10,32;AL;NEGATIF;SAT;NEGATIF;ARTIYOR;SAT;SAT;UCUZ (AL);1;02.09.2026
GATEG;izle;;16,7;3,8;8,4;4,5;50;5;zayif;15,8;42,9;52,0;asagi;zayif;zayif;asagi;0,64;-1,68;4;279,75;-3,95;2552719;308,77;SAT;NEGATIF;NOTR;NEGATIF;ARTIYOR;SAT;SAT;NOTR;0;02.09.2026
IHAAS;izle;;16,6;9,3;7,4;0,0;32;3;zayif;21,3;41,8;45,9;yukari;zayif;zayif;asagi;0,25;-1,91;2;51,65;-0,67;17616885;51,22;SAT;NEGATIF;SAT;NEGATIF;AZALIYOR;SAT;SAT;NOTR;0;02.09.2026
CGCAM;izle;;16,6;4,4;2,3;10,0;6;0;zayif;22,0;25,1;44,6;asagi;zayif;zayif;asagi;1,34;-4,50;3;32,26;-5,95;91965550;38,05;SAT;NEGATIF;SAT;NEGATIF;ARTIYOR;SAT;SAT;NOTR;0;02.09.2026
TMPOL;izle;;16,4;11,3;3,8;1,2;10;0;zayif;21,8;36,8;48,6;asagi;zayif;zayif;asagi;0,77;-2,08;4;373,75;-4,17;454818618;524,31;SAT;NEGATIF;SAT;NEGATIF;AZALIYOR;SAT;SAT;NOTR;0;02.09.2026
KLKIM;izle;;16,4;0,8;7,6;8,0;0;0;zayif;17,9;40,2;62,6;asagi;zayif;zayif;asagi;0,66;-2,02;2;25,92;-0,31;35888340;28,72;SAT;NEGATIF;NOTR;NEGATIF;AZALIYOR;SAT;SAT;UCUZ (AL);0;02.09.2026
IHYAY;izle;;16,3;5,3;11,0;0,0;22;2;zayif;25,5;35,1;19,3;asagi;zayif;zayif;asagi;0,30;-3,47;2;1,2;-0,83;1089527;1,32;AL;NEGATIF;AL;NEGATIF;AZALIYOR;SAT;SAT;UCUZ (AL);2;02.09.2026
DITAS;izle;;16,2;0,8;7,4;8,0;0;0;zayif;18,0;39,9;53,2;asagi;zayif;zayif;asagi;0,40;-2,50;2;23;0,61;15458346;27,68;SAT;NEGATIF;NOTR;NEGATIF;AZALIYOR;SAT;SAT;NOTR;0;02.09.2026
KATMR;izle;;16,1;2,4;3,8;9,8;0;0;zayif;40,5;27,9;40,6;asagi;zayif;zayif;asagi;1,29;-4,85;2;1,99;-1,00;182996277;2,19;SAT;NEGATIF;SAT;NEGATIF;AZALIYOR;SAT;SAT;UCUZ (AL);0;02.09.2026
YAYLA;izle;;16,0;7,0;5,8;3,3;38;3;zayif;40,1;37,7;76,4;asagi;zayif;zayif;asagi;0,90;-1,72;3;20,86;0,29;40352669;24,43;SAT;NEGATIF;AL;NEGATIF;ARTIYOR;SAT;AL;UCUZ (AL);2;02.09.2026
PENGD;izle;;16,0;2,4;9,5;4,0;10;0;zayif;33,7;30,1;12,3;asagi;zayif;zayif;asagi;0,94;-4,01;4;9,01;0,67;19692112;9,69;AL;NEGATIF;SAT;NEGATIF;ARTIYOR;SAT;SAT;NOTR;1;02.09.2026
EKIZ;izle;;15,8;2,4;9,5;3,9;0;0;zayif;40,9;30,1;40,5;asagi;zayif;zayif;asagi;0,93;-5,81;2;56,8;-3,15;705513;62,38;AL;NEGATIF;SAT;NEGATIF;ARTIYOR;SAT;SAT;UCUZ (AL);1;02.09.2026
SAMAT;izle;;15,8;2,9;12,9;0,0;0;0;zayif;19,4;41,5;34,3;asagi;zayif;zayif;asagi;0,56;-1,80;2;5,31;-0,93;3953199;5,91;AL;NEGATIF;NOTR;NEGATIF;AZALIYOR;SAT;SAT;NOTR;1;02.09.2026
MHRGY;izle;;15,8;0,3;11,0;4,4;10;1;zayif;14,1;35,1;42,6;asagi;zayif;zayif;asagi;0,97;-2,97;2;3,21;-0,31;9010557;3,48;AL;NEGATIF;NOTR;NEGATIF;AZALIYOR;SAT;SAT;NOTR;1;02.09.2026
GRTHO;izle;;15,7;0,9;4,8;10,0;0;0;zayif;18,9;33,9;32,5;asagi;zayif;zayif;asagi;2,34;-2,73;0;197,3;-4,08;512714434;241,58;SAT;NEGATIF;NOTR;NEGATIF;ARTIYOR;SAT;SAT;NOTR;0;02.09.2026
BRISA;izle;;15,6;1,0;6,6;8,0;6;0;zayif;19,5;38,3;38,0;asagi;zayif;zayif;asagi;0,65;-2,17;3;76,5;0,59;10762173;81,93;SAT;NEGATIF;NOTR;NEGATIF;ARTIYOR;SAT;SAT;NOTR;0;02.09.2026
A1CAP;izle;;15,5;1,8;9,7;4,1;6;0;zayif;25,0;30,7;48,8;asagi;zayif;zayif;asagi;0,94;-4,64;3;7,7;-0,26;63067404;8,49;AL;NEGATIF;SAT;NEGATIF;AZALIYOR;SAT;SAT;UCUZ (AL);1;02.09.2026
RUZYE;izle;;15,5;9,3;6,2;0,0;0;0;zayif;21,7;37,5;50,1;yukari;zayif;zayif;asagi;0,63;-2,47;2;8,22;-1,32;30597396;8,09;SAT;NEGATIF;SAT;NEGATIF;AZALIYOR;SAT;SAT;UCUZ (AL);0;02.09.2026
KLRHO;izle;;15,4;0,1;11,3;4,0;0;0;zayif;13,0;36,0;24,2;asagi;zayif;zayif;asagi;0,29;-4,49;1;65,15;-1,29;63093149;74,26;AL;NEGATIF;NOTR;NEGATIF;AZALIYOR;AL;AL;UCUZ (AL);3;02.09.2026
OSMEN;izle;;15,4;0,8;4,6;10,0;32;2;zayif;17,8;35,2;42,1;asagi;zayif;zayif;asagi;1,58;-2,39;4;7,01;-2,64;45631798;8,09;SAT;NEGATIF;NOTR;NEGATIF;AZALIYOR;SAT;SAT;NOTR;0;02.09.2026
INVEO;izle;;15,3;0,0;11,3;4,0;0;0;zayif;12,3;36,0;37,2;asagi;zayif;zayif;asagi;0,60;-2,36;1;6,8;-0,58;20469333;7,41;AL;NEGATIF;NOTR;NEGATIF;ARTIYOR;SAT;SAT;UCUZ (AL);1;02.09.2026
MERIT;izle;;15,3;0,0;7,3;8,0;0;0;zayif;8,2;39,3;21,5;asagi;zayif;zayif;asagi;0,54;-1,83;1;15,56;0,13;20068837;16,57;SAT;NEGATIF;NOTR;NEGATIF;ARTIYOR;SAT;SAT;NOTR;0;02.09.2026
AKSUE;izle;;15,2;5,2;0,0;10,0;0;0;zayif;27,9;17,9;18,6;asagi;zayif;zayif;asagi;4,02;-5,16;2;27,7;-8,58;260714810;37,42;SAT;NEGATIF;SAT;NEGATIF;ARTIYOR;SAT;AL;NOTR;1;02.09.2026
ANSGR;izle;;15,0;5,6;5,0;4,5;32;2;zayif;16,8;35,2;22,1;asagi;zayif;zayif;asagi;0,66;-1,85;5;26,5;-1,34;88875939;28,55;SAT;NEGATIF;NOTR;NEGATIF;ARTIYOR;SAT;SAT;NOTR;0;02.09.2026
AKFGY;izle;;15,0;0,9;5,8;8,4;10;0;zayif;18,6;36,3;34,5;asagi;zayif;zayif;asagi;0,96;-2,36;4;2,54;-0,39;51514898;2,72;SAT;NEGATIF;NOTR;NEGATIF;AZALIYOR;SAT;SAT;NOTR;0;02.09.2026
RAYSG;izle;;15,0;0,8;6,2;8,0;0;0;zayif;17,6;36,1;45,9;asagi;zayif;zayif;asagi;0,66;-3,20;2;154,8;-0,96;15053371;167,48;SAT;NEGATIF;NOTR;NEGATIF;ARTIYOR;SAT;SAT;UCUZ (AL);0;02.09.2026
A1YEN;izle;;15,0;0,4;6,5;8,0;0;0;zayif;15,1;37,3;66,9;asagi;zayif;zayif;asagi;0,58;-2,07;2;2,65;-2,21;35043256;2,98;SAT;NEGATIF;NOTR;NEGATIF;AZALIYOR;SAT;SAT;NOTR;0;02.09.2026
DERHL;izle;;14,9;9,6;5,3;0,0;0;0;zayif;24,1;35,9;37,8;yukari;zayif;zayif;asagi;0,40;-2,84;2;2,07;-0,96;20215307;2,05;SAT;NEGATIF;SAT;NEGATIF;AZALIYOR;SAT;AL;UCUZ (AL);1;02.09.2026
SAFKR;izle;;14,9;2,2;2,7;10,0;10;1;zayif;28,1;29,6;16,0;asagi;zayif;zayif;asagi;1,43;-3,98;2;17,07;1,43;84913657;19,25;SAT;NEGATIF;SAT;NEGATIF;AZALIYOR;SAT;AL;UCUZ (AL);1;02.09.2026
KOPOL;izle;;14,9;0,7;6,2;8,0;0;0;zayif;16,9;36,9;54,3;asagi;zayif;zayif;asagi;0,53;-2,28;1;5,29;-1,86;34873685;6,04;SAT;NEGATIF;NOTR;NEGATIF;AZALIYOR;SAT;SAT;NOTR;0;02.09.2026
BSOKE;izle;;14,8;4,7;0,1;10,0;6;0;zayif;24,5;19,5;5,6;asagi;zayif;zayif;asagi;1,48;-4,65;3;24,34;-9,45;304172161;31,87;SAT;NEGATIF;SAT;NEGATIF;ARTIYOR;SAT;AL;NOTR;1;02.09.2026
HTTBT;izle;;14,8;0,3;3,3;11,2;10;0;zayif;14,5;29,6;44,5;asagi;zayif;zayif;asagi;1,56;-3,06;5;34,84;-1,58;25645550;37,68;SAT;NEGATIF;NOTR;NEGATIF;AZALIYOR;SAT;SAT;UCUZ (AL);0;02.09.2026
SOKE;izle;;14,8;4,0;1,1;9,7;0;0;zayif;19,2;19,4;14,8;asagi;zayif;zayif;asagi;1,28;-5,07;1;11,64;-1,44;45344772;13,62;SAT;NEGATIF;NOTR;NEGATIF;ARTIYOR;SAT;SAT;NOTR;0;02.09.2026
PAMEL;izle;;14,6;9,3;5,3;0,0;10;0;zayif;15,4;34,3;60,3;yukari;zayif;zayif;asagi;0,68;-2,57;4;73,55;-2,45;17466507;73,17;SAT;NEGATIF;NOTR;NEGATIF;AZALIYOR;SAT;SAT;NOTR;0;02.09.2026
ATAKP;izle;;14,6;2,0;3,1;9,5;10;0;zayif;26,6;27,0;39,1;asagi;zayif;zayif;asagi;1,27;-4,55;4;41,76;-2,70;25909825;46,74;SAT;NEGATIF;SAT;NEGATIF;AZALIYOR;SAT;SAT;UCUZ (AL);0;02.09.2026
MMCAS;izle;;14,6;2,4;2,1;10,0;0;0;zayif;33,2;27,1;16,4;asagi;zayif;zayif;asagi;1,37;-5,44;2;45;-4,82;1467000;53,23;SAT;NEGATIF;SAT;NEGATIF;AZALIYOR;SAT;AL;UCUZ (AL);1;02.09.2026
GOZDE;izle;;14,6;5,1;9,5;0,0;6;0;zayif;16,8;40,6;40,0;asagi;zayif;zayif;asagi;0,52;-1,17;3;22;-0,45;21359448;24,32;SAT;NEGATIF;NOTR;NEGATIF;AZALIYOR;SAT;SAT;NOTR;0;02.09.2026
KFEIN;izle;;14,5;0,0;8,8;5,8;10;0;zayif;8,8;40,8;30,6;asagi;zayif;zayif;asagi;1,05;-1,85;4;8,1;0,50;39273911;8,90;SAT;NEGATIF;NOTR;NEGATIF;ARTIYOR;SAT;SAT;NOTR;0;02.09.2026
ARZUM;izle;;14,5;3,1;11,4;0,0;0;0;zayif;20,0;36,3;70,8;asagi;zayif;zayif;asagi;0,58;-3,33;2;1,54;-5,52;20105673;1,83;AL;NEGATIF;AL;NEGATIF;ARTIYOR;SAT;SAT;UCUZ (AL);2;02.09.2026
BARMA;izle;;14,4;2,4;8,0;4,0;0;0;zayif;72,0;11,3;25,9;asagi;zayif;zayif;asagi;0,29;-16,01;2;8,1;-4,71;5157311;11,18;AL;NEGATIF;SAT;NEGATIF;AZALIYOR;AL;SAT;UCUZ (AL);2;02.09.2026
DOFER;izle;;14,4;8,2;6,1;0,0;0;0;zayif;13,7;38,4;54,0;yukari;zayif;zayif;asagi;0,44;-2,26;2;27,68;0,87;8948390;27,00;SAT;NEGATIF;NOTR;NEGATIF;AZALIYOR;SAT;SAT;UCUZ (AL);0;02.09.2026
TAVHL;izle;;14,3;0,2;5,9;8,3;50;5;zayif;13,1;38,2;45,0;asagi;zayif;zayif;asagi;1,07;-1,60;4;261;0,29;1034562501;286,88;SAT;NEGATIF;NOTR;NEGATIF;AZALIYOR;SAT;SAT;NOTR;0;02.09.2026
SILVR;izle;;14,3;0,7;11,7;1,9;6;0;zayif;17,3;37,3;35,0;asagi;zayif;zayif;asagi;0,81;-2,28;3;2,19;-0,45;2422015;2,39;AL;NEGATIF;NOTR;NEGATIF;AZALIYOR;SAT;SAT;UCUZ (AL);1;02.09.2026
VAKFN;izle;;14,2;2,4;10,4;1,3;0;0;zayif;33,8;32,9;41,7;asagi;zayif;zayif;asagi;0,78;-3,45;1;1,13;0,00;36899957;1,23;AL;NEGATIF;SAT;NEGATIF;AZALIYOR;SAT;SAT;UCUZ (AL);1;02.09.2026
AKSA;izle;;14,1;5,3;6,6;2,2;6;0;zayif;28,7;33,8;11,7;asagi;zayif;zayif;asagi;0,81;-2,67;3;10,71;0,09;184779148;11,55;SAT;NEGATIF;SAT;NEGATIF;AZALIYOR;SAT;SAT;NOTR;0;02.09.2026
QUAGR;izle;;14,1;0,1;6,9;7,1;0;0;zayif;12,6;39,1;65,4;asagi;zayif;zayif;asagi;1,13;-1,91;1;3,16;1,61;152061469;3,60;SAT;NEGATIF;NOTR;NEGATIF;ARTIYOR;SAT;SAT;NOTR;0;02.09.2026
ATAGY;izle;;14,1;2,4;4,2;7,4;0;0;zayif;36,7;29,3;37,5;asagi;zayif;zayif;asagi;1,14;-3,41;1;9,87;-0,90;2360144;10,77;SAT;NEGATIF;SAT;NEGATIF;AZALIYOR;SAT;SAT;UCUZ (AL);0;02.09.2026
OYLUM;izle;;14,1;1,1;4,2;8,7;0;0;zayif;20,4;29,2;29,4;asagi;zayif;zayif;asagi;1,19;-2,38;2;7,1;-0,14;3697815;7,83;SAT;NEGATIF;SAT;NEGATIF;AZALIYOR;SAT;SAT;UCUZ (AL);0;02.09.2026
ICUGS;izle;;14,0;3,6;0,4;10,0;6;0;zayif;16,2;21,3;46,7;asagi;zayif;zayif;asagi;2,16;-4,21;3;3,97;-7,24;89269825;5,05;SAT;NEGATIF;NOTR;NEGATIF;ARTIYOR;SAT;SAT;NOTR;0;02.09.2026
MEDTR;izle;;14,0;0,9;12,2;0,9;0;0;zayif;18,6;39,0;53,4;asagi;zayif;zayif;asagi;0,75;-2,43;2;24,96;-1,19;5513689;26,93;AL;NEGATIF;NOTR;NEGATIF;AZALIYOR;SAT;SAT;NOTR;1;02.09.2026
DENGE;izle;;14,0;4,8;8,2;1,1;22;2;zayif;24,2;41,8;75,2;asagi;zayif;zayif;asagi;0,68;-1,37;2;2,23;-2,19;28404473;2,56;SAT;NEGATIF;AL;NEGATIF;AZALIYOR;SAT;SAT;UCUZ (AL);1;02.09.2026
YESIL;izle;;14,0;0,1;5,8;8,0;0;0;zayif;13,0;35,0;44,4;asagi;zayif;zayif;asagi;0,51;-3,07;2;1,16;0,00;9202154;1,26;SAT;NEGATIF;NOTR;NEGATIF;AZALIYOR;SAT;SAT;UCUZ (AL);0;02.09.2026
BEGYO;izle;;13,9;1,3;12,1;0,5;10;0;zayif;21,7;38,6;53,5;asagi;zayif;zayif;asagi;0,73;-2,54;4;3,44;-1,71;9644377;3,76;AL;NEGATIF;SAT;NEGATIF;ARTIYOR;SAT;SAT;UCUZ (AL);1;02.09.2026
SEGYO;izle;;13,9;1,2;11,2;1,5;0;0;zayif;21,0;35,6;32,7;asagi;zayif;zayif;asagi;0,79;-3,47;0;3,71;-2,62;8844588;4,07;AL;NEGATIF;SAT;POZITIF;ARTIYOR;SAT;SAT;UCUZ (AL);2;02.09.2026
SISE;izle;;13,7;0,9;11,7;1,1;0;0;zayif;18,9;37,2;40,6;asagi;zayif;zayif;asagi;0,73;-2,57;1;39,1;-1,16;1653681324;41,94;AL;NEGATIF;NOTR;POZITIF;ARTIYOR;SAT;SAT;NOTR;2;02.09.2026
MEGAP;izle;;13,7;1,6;8,6;3,5;0;0;zayif;23,6;27,0;27,6;asagi;zayif;zayif;asagi;0,91;-6,57;2;1,67;-2,34;882144;1,79;AL;NEGATIF;SAT;NEGATIF;ARTIYOR;SAT;SAT;UCUZ (AL);1;02.09.2026
ENTRA;izle;;13,6;0,1;3,5;10,0;10;0;zayif;12,9;31,5;28,1;asagi;zayif;zayif;asagi;1,43;-2,81;4;4,22;-1,17;114018040;4,67;SAT;NEGATIF;NOTR;NEGATIF;ARTIYOR;SAT;SAT;NOTR;0;02.09.2026
IDGYO;izle;;13,5;2,4;9,1;2,0;0;0;zayif;32,3;28,6;35,7;asagi;zayif;zayif;asagi;0,82;-4,22;2;2,88;-4,00;3978654;3,41;AL;NEGATIF;SAT;NEGATIF;AZALIYOR;SAT;SAT;NOTR;1;02.09.2026
HEDEF;izle;;13,4;5,4;4,0;4,0;0;0;zayif;32,8;23,5;31,4;asagi;zayif;zayif;asagi;0,05;-5,57;2;68,3;-9,95;24339115;116,82;SAT;NEGATIF;SAT;NEGATIF;AZALIYOR;SAT;SAT;NOTR;0;02.09.2026
BURCE;izle;;13,4;1,1;4,3;8,0;10;1;zayif;14,8;29,6;67,2;asagi;zayif;zayif;asagi;0,59;-3,46;2;33;-4,07;33763653;38,09;SAT;NEGATIF;NOTR;NEGATIF;AZALIYOR;SAT;SAT;NOTR;0;02.09.2026
FZLGY;izle;;13,4;1,9;2,5;9,0;0;0;zayif;25,6;22,9;58,6;asagi;zayif;zayif;asagi;1,24;-5,30;2;8,21;-8,27;218642308;10,44;SAT;NEGATIF;SAT;NEGATIF;ARTIYOR;SAT;SAT;UCUZ (AL);0;02.09.2026
UFUK;izle;;13,2;10,8;2,4;0,0;32;3;zayif;17,3;30,9;46,4;asagi;zayif;zayif;asagi;0,33;-1,94;2;1499;-6,02;26395891;1838,67;SAT;NEGATIF;NOTR;NEGATIF;ARTIYOR;SAT;SAT;NOTR;0;02.09.2026
ARENA;izle;;13,1;1,8;11,3;0,0;0;0;zayif;16,8;35,8;54,8;asagi;zayif;zayif;asagi;0,62;-3,10;2;20,14;-0,79;14428377;23,03;AL;NEGATIF;NOTR;NEGATIF;AZALIYOR;SAT;SAT;UCUZ (AL);1;02.09.2026
BURVA;izle;;13,1;3,0;6,5;3,6;10;0;zayif;11,4;38,0;25,7;asagi;zayif;zayif;asagi;0,92;-2,65;5;697;-8,11;14139342;864,19;SAT;NEGATIF;NOTR;NEGATIF;ARTIYOR;SAT;AL;NOTR;1;02.09.2026
AVHOL;izle;;12,9;0,6;4,4;8,0;0;0;zayif;16,3;32,7;35,6;asagi;zayif;zayif;asagi;0,27;-3,27;1;34,2;-2,23;21617786;38,01;SAT;NEGATIF;NOTR;NEGATIF;AZALIYOR;SAT;SAT;NOTR;0;02.09.2026
ORCAY;izle;;12,9;0,1;5,1;7,7;6;0;zayif;13,0;32,2;22,1;asagi;zayif;zayif;asagi;1,16;-2,58;3;3,4;-0,58;5294575;3,77;SAT;NEGATIF;NOTR;NEGATIF;AZALIYOR;SAT;SAT;NOTR;0;02.09.2026
SUMAS;izle;;12,9;1,6;11,2;0,0;0;0;zayif;24,1;35,8;35,8;asagi;zayif;zayif;asagi;0,45;-4,24;1;267;-2,20;333216;291,52;AL;NEGATIF;SAT;NEGATIF;AZALIYOR;AL;AL;NOTR;3;02.09.2026
GENTS;izle;;12,9;0,9;10,5;1,5;0;0;zayif;18,8;33,2;45,5;asagi;zayif;zayif;asagi;0,79;-4,40;0;5;-2,53;23020885;5,56;AL;NEGATIF;NOTR;NEGATIF;AZALIYOR;SAT;SAT;UCUZ (AL);1;02.09.2026
VKFYO;izle;;12,8;0,6;12,3;0,0;32;3;zayif;16,1;39,3;57,1;asagi;zayif;zayif;asagi;0,32;-2,38;1;22,32;-1,93;1660407;25,77;AL;NEGATIF;NOTR;NEGATIF;AZALIYOR;SAT;SAT;UCUZ (AL);1;02.09.2026
KZBGY;izle;;12,7;2,4;9,7;0,6;0;0;zayif;29,8;30,8;34,0;asagi;zayif;zayif;asagi;0,73;-5,13;0;1,89;-0,53;45324179;2,09;AL;NEGATIF;SAT;NEGATIF;AZALIYOR;SAT;SAT;UCUZ (AL);1;02.09.2026
ASUZU;izle;;12,7;1,8;10,9;0,0;6;0;zayif;25,1;34,6;61,4;asagi;zayif;zayif;asagi;0,45;-3,73;3;46,98;-1,05;9915693;50,78;AL;NEGATIF;SAT;NEGATIF;AZALIYOR;SAT;SAT;UCUZ (AL);1;02.09.2026
KONKA;izle;;12,7;1,7;0,9;10,0;42;3;zayif;24,9;19,3;20,8;asagi;zayif;zayif;asagi;1,34;-6,18;6;9,55;-2,95;42628020;11,00;SAT;NEGATIF;SAT;NEGATIF;AZALIYOR;SAT;SAT;UCUZ (AL);0;02.09.2026
NUHCM;izle;;12,6;0,7;6,4;5,5;0;0;zayif;17,3;35,8;37,1;asagi;zayif;zayif;asagi;0,79;-2,12;2;211;-0,94;11408137;224,28;SAT;NEGATIF;NOTR;NEGATIF;AZALIYOR;SAT;SAT;NOTR;0;02.09.2026
LILAK;izle;;12,5;0,6;11,9;0,0;28;2;zayif;16,3;38,0;36,0;asagi;zayif;zayif;asagi;0,67;-2,77;3;28,4;-2,00;53904506;31,00;AL;NEGATIF;NOTR;NEGATIF;AZALIYOR;SAT;SAT;NOTR;1;02.09.2026
YYLGD;izle;;12,5;0,2;8,1;4,2;16;1;zayif;13,2;40,5;29,8;asagi;zayif;zayif;asagi;0,78;-2,01;3;9,99;-0,50;66327416;10,69;SAT;NEGATIF;NOTR;NEGATIF;AZALIYOR;SAT;SAT;NOTR;0;02.09.2026
EGEEN;izle;;12,5;0,6;2,7;9,1;6;0;zayif;16,4;27,3;34,9;asagi;zayif;zayif;asagi;1,19;-4,00;3;4870;-2,36;58089360;5259,53;SAT;NEGATIF;NOTR;NEGATIF;ARTIYOR;SAT;SAT;UCUZ (AL);0;02.09.2026
ENSRI;izle;;12,5;0,0;12,5;0,0;0;0;zayif;10,5;39,8;30,9;asagi;zayif;zayif;asagi;0,69;-5,08;2;4,95;-1,39;86459200;5,97;AL;NEGATIF;NOTR;NEGATIF;AZALIYOR;SAT;SAT;UCUZ (AL);1;02.09.2026
MNDTR;izle;;12,3;1,5;10,7;0,1;0;0;zayif;23,2;34,1;57,8;asagi;zayif;zayif;asagi;0,55;-2,90;2;4,89;-0,61;4917687;5,30;AL;NEGATIF;SAT;NEGATIF;AZALIYOR;SAT;SAT;UCUZ (AL);1;02.09.2026
CWENE;izle;;12,3;5,7;6,6;0,0;6;0;zayif;12,3;39,7;25,4;asagi;zayif;zayif;asagi;0,48;-1,82;3;33,34;-3,42;2075158315;41,16;SAT;NEGATIF;NOTR;NEGATIF;AZALIYOR;SAT;SAT;NOTR;0;02.09.2026
ALFAS;izle;;12,3;0,8;11,4;0,0;32;3;zayif;18,1;36,4;55,2;asagi;zayif;zayif;asagi;0,59;-2,83;2;39,06;-2,35;47443995;43,63;AL;NEGATIF;NOTR;NEGATIF;AZALIYOR;SAT;SAT;NOTR;1;02.09.2026
ALCTL;izle;;12,2;5,4;5,0;1,8;20;1;zayif;45,4;28,4;17,9;asagi;zayif;zayif;asagi;0,81;-3,97;4;114,6;-1,29;53183683;134,52;SAT;NEGATIF;SAT;NEGATIF;AZALIYOR;SAT;SAT;NOTR;0;02.09.2026
MAVI;izle;;12,1;1,5;6,1;4,5;6;0;zayif;23,3;37,0;47,2;asagi;zayif;zayif;asagi;0,89;-2,65;3;36,86;-0,59;119209921;39,38;SAT;NEGATIF;SAT;NEGATIF;AZALIYOR;SAT;SAT;NOTR;0;02.09.2026
QNBFK;izle;;12,1;3,9;8,2;0,0;10;0;zayif;18,5;39,0;38,8;asagi;zayif;zayif;asagi;0,47;-1,93;4;40,92;-1,25;623171;45,15;SAT;NEGATIF;NOTR;NEGATIF;AZALIYOR;SAT;SAT;NOTR;0;02.09.2026
DGATE;izle;;12,1;7,7;4,3;0,0;0;0;zayif;17,9;33,4;23,0;asagi;zayif;zayif;asagi;0,41;-2,04;2;93;-0,11;13476909;109,41;SAT;NEGATIF;NOTR;NEGATIF;AZALIYOR;SAT;SAT;NOTR;0;02.09.2026
SEKFK;izle;;11,9;2,0;9,9;0,0;6;0;zayif;26,9;31,3;18,1;asagi;zayif;zayif;asagi;0,45;-3,25;3;4,43;-0,23;1841963;4,94;AL;NEGATIF;SAT;NEGATIF;AZALIYOR;AL;SAT;NOTR;2;02.09.2026
LIDFA;izle;;11,9;0,0;11,9;0,0;0;0;zayif;11,4;37,9;41,0;asagi;zayif;zayif;asagi;0,70;-2,15;2;2,59;-0,38;18200782;2,85;AL;NEGATIF;NOTR;NEGATIF;AZALIYOR;SAT;SAT;NOTR;1;02.09.2026
PARSN;izle;;11,8;1,3;10,6;0,0;10;0;zayif;21,3;33,6;68,2;asagi;zayif;zayif;asagi;0,46;-2,89;4;69,85;-0,21;12434348;76,54;AL;NEGATIF;SAT;NEGATIF;AZALIYOR;SAT;SAT;UCUZ (AL);1;02.09.2026
MERKO;izle;;11,6;1,4;4,8;5,4;0;0;zayif;22,0;31,3;41,1;asagi;zayif;zayif;asagi;1,02;-4,87;2;1,26;1,61;24787555;1,38;SAT;NEGATIF;SAT;NEGATIF;AZALIYOR;SAT;SAT;UCUZ (AL);0;02.09.2026
AKYHO;izle;;11,6;1,1;2,2;8,3;6;0;zayif;20,3;25,5;22,8;asagi;zayif;zayif;asagi;1,20;-3,42;3;2,02;-1,94;2853012;2,28;SAT;NEGATIF;SAT;NEGATIF;AZALIYOR;SAT;SAT;UCUZ (AL);0;02.09.2026
AEFES;izle;;11,2;5,4;5,8;0,0;6;0;zayif;30,0;30,9;39,9;asagi;zayif;zayif;asagi;0,61;-3,27;3;17,99;-0,50;648823076;19,51;SAT;NEGATIF;SAT;NEGATIF;AZALIYOR;SAT;AL;NOTR;1;02.09.2026
NATEN;izle;;11,2;0,6;4,5;6,2;0;0;zayif;16,2;30,0;47,7;asagi;zayif;zayif;asagi;1,07;-3,86;2;5,22;-1,32;43520576;5,75;SAT;NEGATIF;NOTR;NEGATIF;ARTIYOR;SAT;SAT;UCUZ (AL);0;02.09.2026
OYAYO;izle;;11,1;0,0;5,8;5,3;0;0;zayif;8,0;34,9;36,9;asagi;zayif;zayif;asagi;1,02;-2,51;2;41,44;-2,59;2704664;46,57;SAT;NEGATIF;NOTR;NEGATIF;AZALIYOR;SAT;SAT;UCUZ (AL);0;02.09.2026
ARCLK;izle;;11,1;0,1;3,6;7,3;0;0;zayif;13,0;29,0;37,7;asagi;zayif;zayif;asagi;1,01;-3,85;1;90,25;0,00;145956542;95,21;SAT;NEGATIF;NOTR;NEGATIF;AZALIYOR;SAT;SAT;UCUZ (AL);0;02.09.2026
IMASM;izle;;11,0;0,4;10,6;0,0;40;4;zayif;14,7;33,7;6,4;asagi;zayif;zayif;asagi;0,43;-4,19;1;2,26;0,00;29465925;2,52;AL;NEGATIF;NOTR;NEGATIF;AZALIYOR;SAT;SAT;UCUZ (AL);1;02.09.2026
CMBTN;izle;;10,9;4,2;6,5;0,2;6;0;zayif;22,9;38,8;42,1;asagi;zayif;zayif;asagi;0,71;-1,62;3;1501;-0,60;28730641;1652,77;SAT;NEGATIF;AL;NEGATIF;AZALIYOR;SAT;SAT;UCUZ (AL);1;02.09.2026
LIDER;izle;;10,8;2,4;8,0;0,3;0;0;zayif;47,3;20,5;16,1;asagi;zayif;zayif;asagi;0,72;-8,15;2;28,16;-9,86;638473820;42,10;AL;NEGATIF;SAT;NEGATIF;AZALIYOR;AL;SAT;UCUZ (AL);2;02.09.2026
TRILC;izle;;10,7;1,8;2,6;6,4;0;0;zayif;25,3;24,9;15,9;asagi;zayif;zayif;asagi;1,08;-10,67;2;1,03;-3,74;5234263;1,11;SAT;NEGATIF;SAT;NEGATIF;ARTIYOR;SAT;AL;UCUZ (AL);1;02.09.2026
MEGMT;izle;;10,6;2,4;4,2;4,0;0;0;zayif;41,0;25,6;26,7;asagi;zayif;zayif;asagi;0,44;-5,64;2;44,84;-0,36;169395162;54,65;SAT;NEGATIF;SAT;NEGATIF;AZALIYOR;AL;SAT;NOTR;1;02.09.2026
ANGEN;izle;;10,6;0,7;10,0;0,0;0;0;zayif;16,8;31,5;51,7;asagi;zayif;zayif;asagi;0,56;-3,60;1;8,9;-0,67;11211419;9,51;AL;NEGATIF;NOTR;NEGATIF;AZALIYOR;SAT;SAT;UCUZ (AL);1;02.09.2026
ERBOS;izle;;10,6;0,0;4,5;6,1;6;0;zayif;11,5;30,3;46,8;asagi;zayif;zayif;asagi;1,07;-3,94;3;145;-1,76;8939830;157,23;SAT;NEGATIF;NOTR;NEGATIF;AZALIYOR;SAT;SAT;UCUZ (AL);0;02.09.2026
RTALB;izle;;10,5;0,0;10,5;0,0;0;0;zayif;9,7;33,4;29,7;asagi;zayif;zayif;asagi;0,61;-3,52;2;2,81;-0,71;29269811;3,08;AL;NEGATIF;NOTR;NEGATIF;AZALIYOR;SAT;SAT;NOTR;1;02.09.2026
SURGY;izle;;10,4;2,4;8,0;0,0;0;0;zayif;39,0;13,6;28,7;asagi;zayif;zayif;asagi;0,48;-8,35;2;30,28;-1,17;116246525;37,44;AL;NEGATIF;SAT;NEGATIF;AZALIYOR;AL;SAT;UCUZ (AL);2;02.09.2026
DCTTR;izle;;10,4;2,4;8,0;0,0;10;0;zayif;45,1;19,8;22,9;asagi;zayif;zayif;asagi;0,21;-7,26;4;6,16;-1,28;23692481;7,36;AL;NEGATIF;SAT;NEGATIF;AZALIYOR;SAT;SAT;UCUZ (AL);1;02.09.2026
REEDR;izle;;10,4;0,0;3,3;7,1;6;0;zayif;12,2;27,9;35,5;asagi;zayif;zayif;asagi;1,13;-4,67;3;5,51;-2,48;80058713;6,03;SAT;NEGATIF;NOTR;NEGATIF;ARTIYOR;SAT;SAT;NOTR;0;02.09.2026
FROTO;izle;;10,4;2,1;5,9;2,4;32;3;zayif;27,2;36,0;43,1;asagi;zayif;zayif;asagi;0,76;-2,67;2;76,25;-1,29;1199980029;81,79;SAT;NEGATIF;SAT;NEGATIF;AZALIYOR;SAT;SAT;UCUZ (AL);0;02.09.2026
ATEKS;izle;;10,3;4,4;5,9;0,0;6;0;zayif;22,3;38,6;48,6;asagi;zayif;zayif;asagi;0,68;-3,10;3;95;-1,55;941165;107,60;SAT;NEGATIF;SAT;NEGATIF;AZALIYOR;SAT;SAT;NOTR;0;02.09.2026
ULUFA;izle;;10,2;0,6;8,5;1,1;6;0;zayif;16,7;42,4;42,2;asagi;zayif;zayif;asagi;0,42;-1,72;3;1,65;-0,60;17648128;1,81;SAT;NEGATIF;NOTR;NEGATIF;AZALIYOR;SAT;SAT;NOTR;0;02.09.2026
TATEN;izle;;10,2;1,2;9,0;0,0;0;0;zayif;20,7;28,3;58,6;asagi;zayif;zayif;asagi;0,37;-4,38;1;8,18;-1,68;144515307;9,82;AL;NEGATIF;SAT;NEGATIF;AZALIYOR;SAT;SAT;UCUZ (AL);1;02.09.2026
YBTAS;izle;;10,0;2,4;5,1;2,5;10;0;zayif;30,7;36,4;37,5;asagi;zayif;zayif;asagi;0,81;-3,83;5;13,63;-0,15;775765;14,74;SAT;NEGATIF;SAT;NEGATIF;AZALIYOR;SAT;AL;UCUZ (AL);1;02.09.2026
TKNSA;izle;;10,0;2,4;7,1;0,5;10;1;zayif;29,7;41,8;29,9;asagi;zayif;zayif;asagi;0,73;-1,44;2;16,83;-0,41;122024165;20,61;SAT;NEGATIF;SAT;NEGATIF;ARTIYOR;SAT;SAT;UCUZ (AL);0;02.09.2026
BTCIM;izle;;10,0;2,4;1,3;6,2;10;0;zayif;44,4;17,9;25,2;asagi;zayif;zayif;asagi;1,07;-5,45;4;3,84;-4,00;412504328;4,49;SAT;NEGATIF;SAT;NEGATIF;ARTIYOR;SAT;SAT;NOTR;0;02.09.2026
EUHOL;izle;;10,0;1,0;9,0;0,0;6;0;zayif;19,5;41,4;29,4;asagi;zayif;zayif;asagi;0,25;-1,91;3;10,15;1,50;2276635;11,34;SAT;NEGATIF;NOTR;NEGATIF;AZALIYOR;SAT;AL;NOTR;1;02.09.2026
YONGA;izle;;10,0;1,0;5,1;3,9;6;0;zayif;19,5;28,6;7,0;asagi;zayif;zayif;asagi;0,93;-3,93;3;44,7;-0,58;711222;48,10;SAT;NEGATIF;NOTR;NEGATIF;AZALIYOR;SAT;AL;UCUZ (AL);1;02.09.2026
MSGYO;izle;;9,9;0,4;9,5;0,0;10;1;zayif;13,2;42,6;28,1;asagi;zayif;zayif;asagi;0,67;-1,56;2;5,78;1,76;8035934;6,21;SAT;NEGATIF;NOTR;NEGATIF;AZALIYOR;AL;AL;NOTR;2;02.09.2026
BORLS;izle;;9,8;1,0;4,1;4,7;10;0;zayif;19,7;29,4;37,5;asagi;zayif;zayif;asagi;0,98;-3,72;4;3,88;-6,05;70111491;5,01;SAT;NEGATIF;NOTR;NEGATIF;AZALIYOR;SAT;SAT;NOTR;0;02.09.2026
YUNSA;izle;;9,8;4,1;0,7;4,9;10;0;zayif;20,2;22,9;16,4;asagi;zayif;zayif;asagi;1,00;-5,12;4;7,47;-1,97;37918377;8,27;SAT;NEGATIF;SAT;NEGATIF;AZALIYOR;SAT;SAT;NOTR;0;02.09.2026
KONTR;izle;;9,7;2,2;4,4;3,1;10;0;zayif;28,3;31,5;16,2;asagi;zayif;zayif;asagi;0,88;-7,69;4;3,3;-3,79;11689557;3,76;SAT;NEGATIF;SAT;NEGATIF;AZALIYOR;SAT;AL;UCUZ (AL);1;02.09.2026
LYDHO;izle;;9,7;5,4;0,3;3,9;10;0;zayif;34,3;12,2;36,0;asagi;zayif;zayif;asagi;0,94;-4,54;5;142,5;-0,49;58193153;163,71;SAT;NEGATIF;SAT;NEGATIF;ARTIYOR;SAT;AL;NOTR;1;02.09.2026
MERCN;izle;;9,7;1,9;6,3;1,5;10;0;zayif;26,1;32,6;26,4;asagi;zayif;zayif;asagi;0,79;-3,17;4;17,45;1,93;52292467;20,47;SAT;NEGATIF;SAT;NEGATIF;AZALIYOR;SAT;AL;NOTR;1;02.09.2026
BAKAB;izle;;9,5;3,8;5,8;0,0;10;0;zayif;17,6;30,9;20,3;asagi;zayif;zayif;asagi;0,59;-3,62;4;38,24;-2,70;8474328;43,83;SAT;NEGATIF;NOTR;NEGATIF;AZALIYOR;SAT;AL;NOTR;1;02.09.2026
TUREX;izle;;9,3;1,3;5,2;2,8;6;0;zayif;21,3;34,3;48,7;asagi;zayif;zayif;asagi;0,87;-3,30;3;6,19;-2,52;80768234;6,91;SAT;NEGATIF;SAT;NEGATIF;AZALIYOR;SAT;SAT;NOTR;0;02.09.2026
KMPUR;izle;;9,2;5,6;3,7;0,0;0;0;zayif;24,8;35,7;33,6;asagi;zayif;zayif;asagi;0,38;-1,87;2;18,42;-1,29;22426037;21,34;SAT;NEGATIF;SAT;NEGATIF;AZALIYOR;SAT;AL;NOTR;1;02.09.2026
YAPRK;izle;;9,2;1,3;7,9;0,0;0;0;zayif;15,4;41,6;39,9;asagi;zayif;zayif;asagi;0,43;-1,60;2;10,7;-0,28;27957602;12,17;SAT;NEGATIF;NOTR;NEGATIF;AZALIYOR;SAT;SAT;NOTR;0;02.09.2026
SEYKM;izle;;9,2;0,4;3,6;5,2;10;0;zayif;15,0;29,4;25,2;asagi;zayif;zayif;asagi;1,01;-2,31;4;4,34;-2,47;6194525;4,84;SAT;NEGATIF;NOTR;NEGATIF;ARTIYOR;SAT;AL;UCUZ (AL);1;02.09.2026
BEYAZ;izle;;9,2;0,0;4,6;4,6;0;0;zayif;11,0;31,9;27,9;asagi;zayif;zayif;asagi;0,98;-3,13;2;21,88;-2,15;16097619;24,34;SAT;NEGATIF;NOTR;NEGATIF;AZALIYOR;SAT;SAT;UCUZ (AL);0;02.09.2026
PNLSN;izle;;9,2;3,3;5,9;0,0;0;0;zayif;14,3;37,9;63,2;asagi;zayif;zayif;asagi;0,50;-1,99;1;40,52;-0,64;21512027;46,08;SAT;NEGATIF;NOTR;NEGATIF;AZALIYOR;SAT;SAT;NOTR;0;02.09.2026
GSDHO;izle;;9,1;3,1;5,9;0,0;10;0;zayif;13,0;35,4;34,1;asagi;zayif;zayif;asagi;0,67;-2,83;5;4,53;-0,22;35766511;5,02;SAT;NEGATIF;NOTR;NEGATIF;AZALIYOR;SAT;SAT;NOTR;0;02.09.2026
ACSEL;izle;;8,9;3,5;5,4;0,0;6;0;zayif;16,0;34,1;37,8;asagi;zayif;zayif;asagi;0,60;-2,72;3;114,3;0,26;9269387;125,81;SAT;NEGATIF;NOTR;NEGATIF;AZALIYOR;SAT;SAT;NOTR;0;02.09.2026
AYEN;izle;;8,9;3,0;5,9;0,0;6;0;zayif;10,8;36,6;46,1;asagi;zayif;zayif;asagi;0,59;-2,37;3;30,32;-2,19;13324973;33,93;SAT;NEGATIF;NOTR;NEGATIF;AZALIYOR;SAT;SAT;NOTR;0;02.09.2026
INTEK;izle;;8,8;1,2;7,6;0,0;0;0;zayif;21,1;36,9;30,8;asagi;zayif;zayif;asagi;0,65;-3,50;1;232,7;-0,56;1706156;256,81;SAT;NEGATIF;SAT;NEGATIF;AZALIYOR;SAT;SAT;NOTR;0;02.09.2026
EKOS;izle;;8,6;1,3;4,0;3,3;10;1;zayif;21,3;29,1;50,9;asagi;zayif;zayif;asagi;0,90;-3,88;1;4,98;-2,16;47299786;5,68;SAT;NEGATIF;SAT;NEGATIF;AZALIYOR;SAT;SAT;UCUZ (AL);0;02.09.2026
LMKDC;izle;;8,5;0,7;4,5;3,3;20;1;zayif;17,0;33,8;32,8;asagi;zayif;zayif;asagi;0,90;-3,22;4;22,7;-1,30;82929343;25,26;SAT;NEGATIF;NOTR;NEGATIF;AZALIYOR;SAT;SAT;UCUZ (AL);0;02.09.2026
OBASE;izle;;8,4;3,2;5,2;0,0;6;0;zayif;13,3;34,7;33,4;asagi;zayif;zayif;asagi;0,40;-2,25;3;35,4;-1,88;9571629;40,77;SAT;NEGATIF;NOTR;NEGATIF;AZALIYOR;SAT;SAT;NOTR;0;02.09.2026
BANVT;izle;;8,3;0,9;5,5;2,0;10;0;zayif;18,7;35,7;27,3;asagi;zayif;zayif;asagi;0,82;-2,26;4;149,4;-1,58;14131148;160,90;SAT;NEGATIF;NOTR;NEGATIF;ARTIYOR;SAT;SAT;NOTR;0;02.09.2026
KBORU;izle;;8,3;4,5;3,8;0,0;0;0;zayif;23,2;31,4;72,1;asagi;zayif;zayif;asagi;0,45;-3,70;2;18,76;-3,60;104052959;23,39;SAT;NEGATIF;SAT;NEGATIF;AZALIYOR;SAT;SAT;NOTR;0;02.09.2026
CLEBI;izle;;8,3;0,6;6,4;1,3;10;0;zayif;16,3;37,9;41,9;asagi;zayif;zayif;asagi;0,76;-2,45;4;1435;-1,17;28440265;1542,37;SAT;NEGATIF;NOTR;NEGATIF;AZALIYOR;SAT;SAT;NOTR;0;02.09.2026
GEDIK;izle;;8,2;4,3;3,9;0,0;0;0;zayif;21,2;31,5;40,8;asagi;zayif;zayif;asagi;0,24;-2,37;2;5,8;-1,53;31350636;6,49;SAT;NEGATIF;SAT;NEGATIF;AZALIYOR;SAT;SAT;NOTR;0;02.09.2026
YATAS;izle;;8,2;2,0;6,1;0,0;0;0;zayif;26,8;32,1;21,8;asagi;zayif;zayif;asagi;0,55;-4,26;1;30,54;0,13;15745813;33,05;SAT;NEGATIF;SAT;NEGATIF;AZALIYOR;SAT;SAT;NOTR;0;02.09.2026
VAKKO;izle;;8,0;0,4;7,7;0,0;0;0;zayif;12,9;40,5;51,2;asagi;zayif;zayif;asagi;0,65;-1,46;2;65,5;-0,46;8764686;72,32;SAT;NEGATIF;NOTR;NEGATIF;AZALIYOR;SAT;SAT;NOTR;0;02.09.2026
AZTEK;izle;;7,7;1,9;5,8;0,0;6;0;zayif;25,8;31,0;4,6;asagi;zayif;zayif;asagi;0,51;-3,35;3;3,76;1,08;17011582;4,22;SAT;NEGATIF;SAT;NEGATIF;AZALIYOR;SAT;AL;NOTR;1;02.09.2026
KAREL;izle;;7,6;1,2;5,7;0,7;0;0;zayif;21,0;35,7;28,5;asagi;zayif;zayif;asagi;0,74;-2,97;1;8,44;-1,06;73519962;9,51;SAT;NEGATIF;SAT;NEGATIF;AZALIYOR;SAT;SAT;NOTR;0;02.09.2026
MAKIM;izle;;7,6;0,3;5,6;1,7;0;0;zayif;14,1;35,5;71,4;asagi;zayif;zayif;asagi;0,80;-2,42;2;15,19;0,07;14879835;17,01;SAT;NEGATIF;NOTR;NEGATIF;AZALIYOR;SAT;SAT;NOTR;0;02.09.2026
MARMR;izle;;7,6;2,1;5,2;0,3;0;0;zayif;27,7;38,6;53,1;asagi;zayif;zayif;asagi;0,49;-1,78;2;2,19;-1,79;85388729;2,52;SAT;NEGATIF;SAT;NEGATIF;AZALIYOR;SAT;AL;NOTR;1;02.09.2026
OTTO;izle;;7,5;0,9;1,7;4,9;10;0;zayif;18,7;26,2;25,6;asagi;zayif;zayif;asagi;0,99;-5,20;4;145;-1,02;26814415;166,63;SAT;NEGATIF;NOTR;NEGATIF;AZALIYOR;SAT;AL;UCUZ (AL);1;02.09.2026
KRSTL;izle;;7,5;2,4;3,8;1,2;10;0;zayif;31,5;28,5;33,7;asagi;zayif;zayif;asagi;0,77;-4,00;4;8,93;-2,30;32960871;9,72;SAT;NEGATIF;SAT;NEGATIF;AZALIYOR;SAT;SAT;NOTR;0;02.09.2026
KTSKR;izle;;7,4;3,1;4,3;0,0;6;0;zayif;12,6;29,9;46,2;asagi;zayif;zayif;asagi;0,52;-3,61;3;78;-1,27;18884112;88,14;SAT;NEGATIF;NOTR;NEGATIF;AZALIYOR;SAT;SAT;NOTR;0;02.09.2026
MGROS;izle;;7,3;2,4;3,4;1,4;10;0;zayif;34,6;29,6;47,4;asagi;zayif;zayif;asagi;0,79;-4,49;4;525;-0,76;1519653975;571,68;SAT;NEGATIF;SAT;NEGATIF;AZALIYOR;SAT;SAT;NOTR;0;02.09.2026
BRYAT;izle;;7,3;0,5;6,6;0,1;6;0;zayif;15,8;38,3;56,3;asagi;zayif;zayif;asagi;0,58;-2,76;3;1645;-1,14;77956550;1798,66;SAT;NEGATIF;NOTR;NEGATIF;AZALIYOR;SAT;SAT;UCUZ (AL);0;02.09.2026
BMSCH;izle;;7,0;2,0;2,2;2,8;6;0;zayif;26,6;23,3;40,8;asagi;zayif;zayif;asagi;0,87;-5,30;3;10,46;-3,42;13159098;11,99;SAT;NEGATIF;SAT;NEGATIF;AZALIYOR;SAT;SAT;UCUZ (AL);0;02.09.2026
GOKNR;izle;;7,0;1,2;5,8;0,0;0;0;zayif;20,8;31,0;46,8;asagi;zayif;zayif;asagi;0,57;-4,32;1;17,62;0,28;80096538;19,82;SAT;NEGATIF;SAT;NEGATIF;AZALIYOR;AL;AL;NOTR;2;02.09.2026
KIMMR;izle;;7,0;2,4;4,1;0,4;0;0;zayif;33,8;29,3;29,9;asagi;zayif;zayif;asagi;0,73;-4,28;2;13,14;-1,87;10218479;14,20;SAT;NEGATIF;SAT;NEGATIF;AZALIYOR;SAT;SAT;NOTR;0;02.09.2026
LRSHO;izle;;6,8;0,5;6,3;0,0;42;3;zayif;15,5;32,7;42,9;asagi;zayif;zayif;asagi;0,43;-4,02;4;2,44;-1,21;31378205;2,73;SAT;NEGATIF;NOTR;NEGATIF;AZALIYOR;SAT;SAT;UCUZ (AL);0;02.09.2026
GZNMI;izle;;6,6;0,0;6,6;0,0;6;0;zayif;10,4;39,2;41,8;asagi;zayif;zayif;asagi;0,60;-1,85;3;54;0,75;54282690;63,98;SAT;NEGATIF;NOTR;NEGATIF;AZALIYOR;SAT;SAT;NOTR;0;02.09.2026
HOROZ;izle;;6,6;1,0;5,6;0,0;0;0;zayif;19,4;38,2;37,8;asagi;zayif;zayif;asagi;0,39;-1,68;1;57,6;-1,54;62363117;65,85;SAT;NEGATIF;NOTR;NEGATIF;AZALIYOR;SAT;SAT;NOTR;0;02.09.2026
ULUSE;izle;;6,5;4,2;2,4;0,0;0;0;zayif;20,6;29,3;12,8;asagi;zayif;zayif;asagi;0,59;-3,03;2;235;-2,08;29195460;278,24;SAT;NEGATIF;SAT;NEGATIF;AZALIYOR;SAT;SAT;NOTR;0;02.09.2026
VKING;izle;;6,5;2,4;3,5;0,5;6;0;zayif;37,6;28,6;40,6;asagi;zayif;zayif;asagi;0,73;-3,34;3;20,68;-1,34;5273834;22,80;SAT;NEGATIF;SAT;NEGATIF;ARTIYOR;SAT;SAT;UCUZ (AL);0;02.09.2026
ATLAS;izle;;6,3;2,4;3,6;0,3;0;0;zayif;33,1;28,5;26,5;asagi;zayif;zayif;asagi;0,72;-3,94;2;5,95;-0,50;3199708;6,74;SAT;NEGATIF;SAT;NEGATIF;AZALIYOR;SAT;SAT;NOTR;0;02.09.2026
HEKTS;izle;;6,3;1,9;4,4;0,0;0;0;zayif;25,7;29,8;48,0;asagi;zayif;zayif;asagi;0,67;-3,81;2;2,65;-2,21;516908107;2,94;SAT;NEGATIF;SAT;NEGATIF;AZALIYOR;SAT;SAT;NOTR;0;02.09.2026
LINK;izle;;6,1;1,8;4,3;0,0;28;2;zayif;25,3;30,5;51,7;asagi;zayif;zayif;asagi;0,68;-3,67;3;5,21;-0,95;62334420;5,81;SAT;NEGATIF;SAT;NEGATIF;AZALIYOR;SAT;SAT;NOTR;0;02.09.2026
KRTEK;izle;;6,1;0,9;5,2;0,0;10;0;zayif;18,7;28,8;20,2;asagi;zayif;zayif;asagi;0,35;-3,56;4;5,09;-1,74;2168564;5,90;SAT;NEGATIF;NOTR;NEGATIF;AZALIYOR;SAT;SAT;UCUZ (AL);0;02.09.2026
DOAS;izle;;6,0;1,2;4,7;0,0;10;0;zayif;21,2;27,4;29,8;asagi;zayif;zayif;asagi;0,66;-4,34;4;161,7;-1,52;114688150;173,89;SAT;NEGATIF;SAT;NEGATIF;AZALIYOR;SAT;AL;UCUZ (AL);1;02.09.2026
GRNYO;izle;;5,9;2,2;2,9;0,7;10;0;zayif;28,4;27,6;21,3;asagi;zayif;zayif;asagi;0,74;-4,26;4;12,21;-3,86;2346909;14,36;SAT;NEGATIF;SAT;NEGATIF;ARTIYOR;SAT;SAT;NOTR;0;02.09.2026
ONCSM;izle;;5,7;3,7;2,0;0,0;0;0;zayif;17,1;27,5;58,0;asagi;zayif;zayif;asagi;0,63;-3,69;1;198,4;-8,11;84076365;251,37;SAT;NEGATIF;NOTR;NEGATIF;ARTIYOR;SAT;SAT;NOTR;0;02.09.2026
KLSER;izle;;5,6;0,9;4,7;0,0;10;1;zayif;18,9;32,4;54,7;asagi;zayif;zayif;asagi;0,68;-3,09;1;23,38;-1,93;24407013;25,39;SAT;NEGATIF;NOTR;NEGATIF;ARTIYOR;SAT;SAT;UCUZ (AL);0;02.09.2026
AHSGY;izle;;5,5;3,2;1,0;1,3;10;0;zayif;13,8;24,6;38,4;asagi;zayif;zayif;asagi;0,78;-3,83;4;15,61;-4,23;19150129;18,55;SAT;NEGATIF;NOTR;NEGATIF;AZALIYOR;SAT;SAT;NOTR;0;02.09.2026
SELVA;izle;;5,4;1,0;4,4;0,0;6;0;zayif;19,4;31,6;36,5;asagi;zayif;zayif;asagi;0,64;-4,00;3;1,58;-1,86;33849433;1,77;SAT;NEGATIF;NOTR;NEGATIF;AZALIYOR;SAT;SAT;UCUZ (AL);0;02.09.2026
YKSLN;izle;;5,0;0,3;4,7;0,0;0;0;zayif;14,3;31,5;34,8;asagi;zayif;zayif;asagi;0,57;-3,52;2;2,65;-1,12;11485498;2,89;SAT;NEGATIF;NOTR;NEGATIF;AZALIYOR;SAT;SAT;UCUZ (AL);0;02.09.2026
FORMT;izle;;5,0;2,4;2,5;0,0;0;0;zayif;34,9;18,1;47,2;asagi;zayif;zayif;asagi;0,68;-6,46;2;1,51;-1,31;20821346;1,67;SAT;NEGATIF;SAT;NEGATIF;AZALIYOR;SAT;SAT;UCUZ (AL);0;02.09.2026
GWIND;izle;;4,9;0,0;4,9;0,0;0;0;zayif;11,4;31,7;53,7;asagi;zayif;zayif;asagi;0,70;-3,57;2;22,2;-1,33;58073846;23,89;SAT;NEGATIF;NOTR;NEGATIF;AZALIYOR;SAT;SAT;NOTR;0;02.09.2026
MIATK;izle;;4,6;0,6;4,0;0,0;10;0;zayif;16,3;29,8;37,1;asagi;zayif;zayif;asagi;0,69;-4,10;4;27,5;0,22;282458303;31,12;SAT;NEGATIF;NOTR;NEGATIF;AZALIYOR;SAT;SAT;UCUZ (AL);0;02.09.2026
ERCB;izle;;4,6;0,4;2,7;1,5;6;0;zayif;15,3;26,8;36,1;asagi;zayif;zayif;asagi;0,79;-3,89;3;42,98;-1,74;25664518;47,47;SAT;NEGATIF;NOTR;NEGATIF;AZALIYOR;SAT;SAT;UCUZ (AL);0;02.09.2026
POLTK;izle;;4,5;0,6;3,8;0,1;0;0;zayif;16,3;31,0;43,0;asagi;zayif;zayif;asagi;0,71;-3,49;2;4065;-1,51;19776225;4595,01;SAT;NEGATIF;NOTR;NEGATIF;ARTIYOR;SAT;SAT;UCUZ (AL);0;02.09.2026
AGROT;izle;;4,3;0,9;3,5;0,0;22;2;zayif;18,3;33,0;30,9;asagi;zayif;zayif;asagi;0,33;-3,83;2;1,98;-1,00;75622718;2,35;SAT;NEGATIF;NOTR;NEGATIF;AZALIYOR;SAT;SAT;UCUZ (AL);0;02.09.2026
EMKEL;izle;;4,1;2,4;1,6;0,0;6;0;zayif;32,6;18,3;21,4;asagi;zayif;zayif;asagi;0,62;-5,95;3;13,94;-2,92;36800485;16,07;SAT;NEGATIF;SAT;NEGATIF;AZALIYOR;SAT;SAT;UCUZ (AL);0;02.09.2026
PRKAB;izle;;4,0;0,5;3,5;0,0;16;1;zayif;15,5;29,0;34,3;asagi;zayif;zayif;asagi;0,66;-3,47;3;30,58;0,13;13209367;33,42;SAT;NEGATIF;NOTR;NEGATIF;AZALIYOR;SAT;SAT;NOTR;0;02.09.2026
IZINV;izle;;3,9;0,0;3,9;0,0;0;0;zayif;12,3;30,0;29,1;asagi;zayif;zayif;asagi;0,52;-3,44;2;50,85;-0,49;8198901;57,35;SAT;NEGATIF;NOTR;NEGATIF;AZALIYOR;SAT;SAT;UCUZ (AL);0;02.09.2026
ALVES;izle;;3,8;2,0;1,5;0,3;6;0;zayif;26,6;19,3;35,5;asagi;zayif;zayif;asagi;0,72;-7,48;3;1,31;-5,07;152540365;1,65;SAT;NEGATIF;SAT;NEGATIF;AZALIYOR;SAT;SAT;UCUZ (AL);0;02.09.2026
BIGCH;izle;;3,4;0,0;3,4;0,0;0;0;zayif;10,4;29,6;49,9;asagi;zayif;zayif;asagi;0,51;-3,24;2;5,52;-0,90;19622634;6,42;SAT;NEGATIF;NOTR;NEGATIF;AZALIYOR;SAT;SAT;UCUZ (AL);0;02.09.2026
VSNMD;izle;;2,7;0,3;1,6;0,8;10;0;zayif;14,2;19,0;27,9;asagi;zayif;zayif;asagi;0,75;-5,04;6;41,76;-2,02;37653405;46,66;SAT;NEGATIF;NOTR;NEGATIF;AZALIYOR;SAT;SAT;UCUZ (AL);0;02.09.2026