hisse;durum;yeni_sinyal;konfluans;trend_35;momentum_30;hacim_35;risk;uyumsuzluk;rejim;adx;rsi;mfi;supertrend;goreli_guc;usd_trend;haftalik_trend;hacim_orani;ema50_uzaklik_atr;dagitim_gun;kapanis;degisim%;islem_hacmi_tl;st_cizgisi;osc_macd;osc_rsi;osc_adx;osc_momentum;osc_atr;osc_wavetrend;osc_stochrsi;osc_sharpe;osc_al_sayisi;tarih
VAKBN;GUCLU AL;;100,0;35,0;30,0;35,0;26;0;guclu trend;30,2;68,7;72,7;yukari;guclu;yukselis;yukari;3,39;3,49;3;38,08;9,99;9841626346;31,66;AL;POZITIF;AL;POZITIF;ARTIYOR;AL;SAT;NOTR;5;11.09.2026
KLSYN;GUCLU AL;;100,0;35,0;30,0;35,0;10;0;guclu trend;31,1;69,7;83,2;yukari;guclu;yukselis;yukari;1,48;2,75;0;17;4,17;85630530;14,43;AL;POZITIF;AL;POZITIF;ARTIYOR;AL;AL;NOTR;6;11.09.2026
AHGAZ;GUCLU AL;;99,8;35,0;29,8;35,0;36;0;guclu trend;33,1;72,4;87,8;yukari;guclu;yukselis;yukari;1,50;4,10;0;40,54;3,31;338391515;36,38;AL;POZITIF;AL;POZITIF;ARTIYOR;AL;AL;NOTR;6;11.09.2026
DEVA;GUCLU AL;;98,3;35,0;30,0;33,3;28;0;guclu trend;48,3;72,0;91,5;yukari;guclu;yukselis;yukari;1,59;4,60;2;102,6;-2,38;200034500;91,73;AL;POZITIF;AL;POZITIF;ARTIYOR;AL;AL;NOTR;6;11.09.2026
FLAP;GUCLU AL;;97,7;35,0;28,6;34,2;18;0;guclu trend;37,6;74,9;77,7;yukari;guclu;yukselis;yukari;1,92;2,82;0;13,19;9,46;30577137;10,19;AL;POZITIF;AL;POZITIF;ARTIYOR;AL;AL;NOTR;6;11.09.2026
BAHKM;izle;;97,3;35,0;29,8;32,5;46;1;guclu trend;44,9;72,4;80,8;yukari;guclu;yukselis;yukari;1,15;3,79;2;183,7;10,00;367967449;138,64;AL;POZITIF;AL;POZITIF;ARTIYOR;SAT;SAT;NOTR;4;11.09.2026
CELHA;GUCLU AL;;97,1;34,0;30,0;33,1;10;0;guclu trend;27,5;65,3;50,6;yukari;guclu;yukselis;yukari;1,18;2,52;2;27,4;2,62;83116996;22,84;AL;POZITIF;AL;POZITIF;ARTIYOR;AL;AL;NOTR;6;11.09.2026
HURGZ;GUCLU AL;;96,0;31,6;30,0;34,4;0;0;guclu trend;21,3;63,8;63,4;yukari;guclu;yukselis;yukari;1,33;2,05;2;8,24;3,26;96925900;6,97;AL;POZITIF;AL;POZITIF;ARTIYOR;AL;AL;NOTR;6;11.09.2026
HUNER;GUCLU AL;;95,6;32,7;29,3;33,5;36;2;guclu trend;24,1;57,5;64,5;yukari;guclu;yukselis;yukari;1,26;1,22;3;3,99;-1,72;279129308;3,50;AL;POZITIF;AL;POZITIF;ARTIYOR;AL;AL;NOTR;6;11.09.2026
ENERY;GUCLU AL;;94,8;35,0;24,8;35,0;35;0;guclu trend;44,4;82,5;94,9;yukari;guclu;yukselis;yukari;1,86;5,84;0;12,18;6,19;1061851937;10,54;AL;POZITIF;AL;POZITIF;ARTIYOR;AL;AL;NOTR;6;11.09.2026
ISDMR;GUCLU AL;;94,3;33,3;29,9;31,1;18;0;guclu trend;25,7;72,2;70,5;yukari;guclu;yukselis;yukari;1,12;2,44;0;61;0,74;125209881;53,30;AL;POZITIF;AL;POZITIF;ARTIYOR;AL;SAT;NOTR;5;11.09.2026
KERVN;GUCLU AL;;94,0;34,3;26,0;33,7;32;2;guclu trend;28,2;58,4;40,7;yukari;guclu;yukselis;yukari;2,04;2,80;2;10,5;6,06;24603779;8,56;SAT;POZITIF;AL;POZITIF;ARTIYOR;AL;AL;PAHALI (SAT);5;11.09.2026
TURGG;GUCLU AL;;93,9;30,0;30,0;33,9;22;2;zayif;38,4;64,5;75,1;yukari;guclu;yukselis;yukari;1,45;1,53;0;31,16;4,92;57690465;25,81;AL;POZITIF;AL;POZITIF;ARTIYOR;SAT;SAT;NOTR;4;11.09.2026
KARSN;GUCLU AL;;93,6;35,0;30,0;28,6;28;0;guclu trend;43,5;70,9;90,9;yukari;guclu;yukselis;yukari;1,20;3,92;0;14,86;-9,99;835407608;13,02;AL;POZITIF;AL;POZITIF;ARTIYOR;AL;SAT;NOTR;5;11.09.2026
OZATD;izle;;93,4;35,0;26,0;32,4;48;2;guclu trend;38,2;64,9;89,2;yukari;guclu;yukselis;yukari;1,79;4,02;3;4650;4,49;4380867300;4260,49;SAT;POZITIF;AL;NEGATIF;ARTIYOR;SAT;AL;PAHALI (SAT);3;11.09.2026
TEHOL;GUCLU AL;;93,3;35,0;29,9;28,3;20;1;guclu trend;40,3;59,3;90,2;yukari;guclu;yukselis;yukari;1,08;2,10;1;48;-1,60;3590460096;41,63;AL;POZITIF;AL;POZITIF;ARTIYOR;AL;AL;NOTR;6;11.09.2026
PETKM;GUCLU AL;;93,2;33,8;30,0;29,4;20;0;guclu trend;26,9;68,9;53,5;yukari;guclu;yukselis;yukari;1,12;3,27;2;24,68;-1,20;2747896201;21,89;AL;POZITIF;AL;POZITIF;ARTIYOR;AL;SAT;NOTR;5;11.09.2026
BJKAS;GUCLU AL;EVET;93,1;35,0;30,0;28,1;20;0;guclu trend;30,8;65,7;42,1;yukari;guclu;yukselis;yukari;1,16;3,33;0;2,83;9,69;1678881143;2,06;AL;POZITIF;AL;POZITIF;ARTIYOR;AL;AL;NOTR;6;11.09.2026
KRGYO;GUCLU AL;;92,3;30,0;27,3;35,0;34;0;zayif;44,5;77,4;79,9;yukari;guclu;yukselis;yukari;1,62;4,47;3;3,71;3,92;151216513;3,04;AL;POZITIF;AL;POZITIF;ARTIYOR;AL;AL;NOTR;6;11.09.2026
ALKLC;izle;;92,0;35,0;22,0;35,0;45;1;guclu trend;67,6;90,8;65,6;yukari;guclu;yukselis;yukari;1,42;6,62;1;502,5;5,68;1725892028;454,30;AL;POZITIF;AL;POZITIF;ARTIYOR;AL;AL;NOTR;6;11.09.2026
IEYHO;izle;;92,0;35,0;22,0;35,0;55;0;guclu trend;89,4;95,4;100,0;yukari;guclu;yukselis;yukari;2,88;11,75;0;227;0,67;866927755;215,91;AL;POZITIF;AL;POZITIF;ARTIYOR;SAT;AL;PAHALI (SAT);5;11.09.2026
BOBET;izle;;91,7;35,0;30,0;26,7;52;3;guclu trend;45,4;68,8;80,4;yukari;guclu;yukselis;yukari;0,81;3,32;0;24,72;4,66;177264574;20,54;AL;POZITIF;AL;POZITIF;ARTIYOR;AL;SAT;NOTR;5;11.09.2026
GENIL;GUCLU AL;;91,7;35,0;26,0;30,7;38;2;guclu trend;39,7;60,1;57,4;yukari;guclu;yukselis;yukari;1,12;2,19;3;12,05;0,92;555822397;10,37;SAT;POZITIF;AL;POZITIF;AZALIYOR;AL;AL;NOTR;5;11.09.2026
EUKYO;GUCLU AL;;91,1;35,0;30,0;26,1;10;0;guclu trend;45,1;64,7;34,1;yukari;guclu;yukselis;yukari;0,80;2,32;1;14,19;3,20;11696618;12,40;AL;POZITIF;AL;POZITIF;ARTIYOR;AL;AL;NOTR;6;11.09.2026
PATEK;AL;;90,9;25,9;30,0;35,0;28;0;zayif;19,5;70,0;78,8;yukari;guclu;yukselis;yukari;3,94;3,22;2;25,26;9,92;2312483737;19,72;AL;POZITIF;NOTR;POZITIF;ARTIYOR;AL;AL;NOTR;5;11.09.2026
ALARK;GUCLU AL;;90,2;35,0;30,0;25,2;10;0;guclu trend;30,4;68,4;75,7;yukari;guclu;yukselis;yukari;0,71;2,73;1;117,4;0,69;495058425;106,27;AL;POZITIF;AL;POZITIF;AZALIYOR;AL;AL;NOTR;6;11.09.2026
BIMAS;GUCLU AL;;90,2;34,8;30,0;25,4;20;0;guclu trend;29,5;69,5;61,1;yukari;guclu;yukselis;yukari;0,72;3,35;1;434,75;1,10;3131385998;402,48;AL;POZITIF;AL;POZITIF;AZALIYOR;AL;AL;NOTR;6;11.09.2026
SKYMD;GUCLU AL;;90,1;34,3;30,0;25,9;10;1;guclu trend;28,1;60,0;74,5;yukari;guclu;yukselis;yukari;0,86;1,89;1;16,82;-4,70;49230761;14,03;AL;POZITIF;AL;POZITIF;ARTIYOR;AL;SAT;NOTR;5;11.09.2026
ALBRK;GUCLU AL;;90,0;35,0;30,0;25,0;0;0;guclu trend;35,2;64,0;65,7;yukari;guclu;yukselis;yukari;0,61;2,04;2;9,15;-0,65;81206277;8,39;AL;POZITIF;AL;POZITIF;AZALIYOR;AL;AL;NOTR;6;11.09.2026
KCHOL;GUCLU AL;;90,0;35,0;30,0;25,0;20;1;guclu trend;34,8;67,5;60,5;yukari;guclu;yukselis;yukari;0,67;2,86;2;225,5;0,53;4634334386;208,00;AL;POZITIF;AL;POZITIF;AZALIYOR;AL;AL;NOTR;6;11.09.2026
KONYA;GUCLU AL;EVET;89,8;24,8;30,0;34,9;20;1;zayif;34,3;68,8;69,6;yukari;guclu;yukselis;yukari;2,86;2,50;0;4260;6,50;228003720;3704,36;AL;POZITIF;AL;POZITIF;ARTIYOR;AL;AL;NOTR;6;11.09.2026
HALKB;GUCLU AL;;89,4;35,0;30,0;24,4;36;1;guclu trend;31,0;64,7;28,5;yukari;guclu;yukselis;yukari;1,42;3,03;3;50;-0,10;4140398800;44,37;AL;POZITIF;AL;POZITIF;AZALIYOR;SAT;SAT;NOTR;4;11.09.2026
GUBRF;GUCLU AL;;89,3;35,0;30,0;24,3;10;1;guclu trend;31,8;61,2;60,4;yukari;guclu;yukselis;yukari;0,51;1,76;1;502,5;-0,40;983134718;452,83;AL;POZITIF;AL;POZITIF;AZALIYOR;AL;SAT;NOTR;5;11.09.2026
TRALT;AL;;89,3;29,4;28,4;31,5;10;1;ilimli;15,5;55,7;54,1;yukari;guclu;yukselis;yukari;1,21;1,25;1;53,65;2,29;6740397206;48,12;AL;POZITIF;NOTR;NEGATIF;AZALIYOR;AL;AL;NOTR;4;11.09.2026
MRGYO;GUCLU AL;;89,3;30,0;24,3;35,0;35;0;zayif;42,2;83,5;76,9;yukari;guclu;yukselis;yukari;2,45;5,70;1;2,14;9,74;936508683;1,68;AL;POZITIF;AL;POZITIF;ARTIYOR;AL;AL;NOTR;6;11.09.2026
SASA;GUCLU AL;;88,8;24,2;30,0;34,6;10;0;zayif;21,0;69,5;65,4;yukari;guclu;yukselis;yukari;1,73;2,44;1;2,82;1,81;18329876484;2,45;AL;POZITIF;AL;POZITIF;ARTIYOR;AL;SAT;NOTR;5;11.09.2026
TNZTP;izle;;88,5;29,8;26,0;32,6;48;3;ilimli;16,7;62,7;49,5;yukari;guclu;yukselis;yukari;1,17;2,37;3;31,38;5,51;166651837;27,67;SAT;POZITIF;NOTR;NEGATIF;ARTIYOR;AL;AL;NOTR;3;11.09.2026
AKFYE;GUCLU AL;EVET;88,5;31,3;27,3;29,8;0;0;guclu trend;20,6;57,0;70,9;yukari;guclu;yukselis;yukari;1,41;1,14;0;25,42;-8,82;382472853;23,70;AL;POZITIF;AL;POZITIF;ARTIYOR;AL;SAT;NOTR;5;11.09.2026
GMTAS;AL;;88,5;30,1;29,7;28,7;0;0;ilimli;17,3;60,4;72,5;yukari;guclu;yukselis;yukari;0,92;1,59;0;49,32;3,05;144854813;42,49;AL;POZITIF;NOTR;POZITIF;AZALIYOR;AL;SAT;NOTR;4;11.09.2026
BVSAN;GUCLU AL;EVET;87,9;27,9;30,0;30,0;22;0;zayif;24,7;63,6;69,1;yukari;guclu;yukselis;yukari;3,35;2,33;2;128,8;-8,26;558941382;124,25;AL;POZITIF;AL;POZITIF;ARTIYOR;AL;SAT;NOTR;5;11.09.2026
TRCAS;GUCLU AL;;87,7;32,7;30,0;25,0;10;0;guclu trend;24,0;60,8;67,5;yukari;guclu;yukselis;yukari;0,52;2,13;2;49,48;0,45;25308723;45,06;AL;POZITIF;AL;POZITIF;AZALIYOR;AL;AL;NOTR;6;11.09.2026
MARTI;GUCLU AL;;87,6;30,0;22,6;35,0;35;0;zayif;50,4;86,7;90,6;yukari;guclu;yukselis;yukari;2,17;6,05;0;2,74;7,45;1025837752;2,10;AL;POZITIF;AL;POZITIF;ARTIYOR;AL;AL;NOTR;6;11.09.2026
KRPLS;GUCLU AL;;87,5;35,0;29,8;22,8;40;0;guclu trend;49,9;72,4;79,0;yukari;guclu;yukselis;yukari;2,57;3,59;2;13,33;-3,05;217908149;11,28;AL;POZITIF;AL;POZITIF;ARTIYOR;AL;SAT;NOTR;5;11.09.2026
CEOEM;AL;;87,5;24,0;29,9;33,5;28;0;zayif;14,7;72,1;74,3;yukari;guclu;yukselis;yukari;4,74;3,25;1;28,92;9,96;212177682;23,72;AL;POZITIF;NOTR;POZITIF;ARTIYOR;AL;AL;NOTR;5;11.09.2026
TERA;GUCLU AL;EVET;87,3;25,4;27,0;35,0;35;0;zayif;28,9;78,1;100,0;yukari;guclu;yukselis;yukari;2,45;3,36;0;205,6;5,01;7592402351;187,65;AL;POZITIF;AL;POZITIF;ARTIYOR;AL;SAT;NOTR;5;11.09.2026
TUPRS;izle;;86,0;35,0;26,0;25,0;42;2;guclu trend;45,6;69,8;58,9;yukari;guclu;yukselis;yukari;0,66;4,69;1;413,5;-0,78;8295756088;372,22;SAT;POZITIF;AL;POZITIF;AZALIYOR;AL;AL;NOTR;5;11.09.2026
DMLKT;GUCLU AL;;86,0;35,0;26,0;25,0;20;0;guclu trend;46,6;64,9;60,1;yukari;guclu;yukselis;yukari;0,47;3,32;2;7,1;0,71;33992954;6,62;SAT;POZITIF;AL;POZITIF;AZALIYOR;AL;AL;NOTR;5;11.09.2026
SELEC;GUCLU AL;;86,0;35,0;30,0;21,0;28;0;guclu trend;48,8;66,9;88,1;yukari;guclu;yukselis;yukari;0,04;4,72;0;360;-10,00;85017960;347,57;AL;POZITIF;AL;POZITIF;ARTIYOR;SAT;SAT;PAHALI (SAT);4;11.09.2026
EGGUB;AL;;86,0;31,0;30,0;25,0;0;0;ilimli;19,6;62,4;76,4;yukari;guclu;yukselis;yukari;0,69;2,06;2;112,2;0,18;60165230;100,88;AL;POZITIF;NOTR;NEGATIF;AZALIYOR;AL;AL;NOTR;4;11.09.2026
EPLAS;izle;;85,9;21,1;30,0;34,8;40;5;zayif;23,6;60,7;53,6;yukari;guclu;yukselis;yukari;3,21;1,52;2;6,16;10,00;80754557;5,32;AL;POZITIF;AL;POZITIF;ARTIYOR;AL;AL;NOTR;6;11.09.2026
SOKM;izle;;85,8;30,8;30,0;25,0;50;2;ilimli;19,1;70,5;66,6;yukari;guclu;yukselis;yukari;0,68;3,18;1;61,4;1,32;217026221;54,56;AL;POZITIF;NOTR;POZITIF;AZALIYOR;AL;AL;NOTR;5;11.09.2026
CATES;GUCLU AL;;85,7;35,0;26,0;24,7;10;0;guclu trend;39,0;60,9;60,8;yukari;guclu;yukselis;yukari;0,85;2,59;2;67;3,24;204567348;60,79;SAT;POZITIF;AL;NEGATIF;AZALIYOR;SAT;AL;NOTR;3;11.09.2026
KZGYO;GUCLU AL;;85,7;30,0;22,0;33,7;35;0;zayif;38,3;88,6;83,2;yukari;guclu;yukselis;yukari;2,09;5,92;0;30,06;0,07;249748219;25,85;AL;POZITIF;AL;POZITIF;ARTIYOR;AL;SAT;NOTR;5;11.09.2026
ENJSA;izle;;85,6;30,9;29,7;25,0;32;3;ilimli;19,5;59,2;66,2;yukari;guclu;yukselis;yukari;0,57;1,69;2;117,3;0,26;287174916;106,65;AL;POZITIF;NOTR;NEGATIF;AZALIYOR;AL;AL;NOTR;4;11.09.2026
KRDMD;GUCLU AL;;85,0;32,4;25,0;27,6;0;0;guclu trend;23,3;55,9;54,9;yukari;guclu;yukselis;yukari;0,92;1,49;1;46;-1,08;2655096218;41,86;SAT;POZITIF;AL;NEGATIF;AZALIYOR;AL;SAT;NOTR;3;11.09.2026
ETILR;AL;;84,4;29,4;27,5;27,5;0;0;ilimli;15,7;55,7;57,1;yukari;guclu;yukselis;yukari;1,01;1,08;1;6,35;-2,31;50350699;5,19;AL;POZITIF;NOTR;POZITIF;AZALIYOR;AL;SAT;NOTR;4;11.09.2026
EKGYO;GUCLU AL;;84,1;26,3;29,0;28,8;0;0;zayif;24,9;56,8;41,9;yukari;guclu;yukselis;yukari;1,05;1,26;2;20,92;0,58;3792525107;18,90;AL;POZITIF;AL;POZITIF;AZALIYOR;AL;SAT;NOTR;5;11.09.2026
AKSGY;AL;;84,1;31,0;24,0;29,0;16;1;ilimli;19,7;61,7;65,5;yukari;guclu;yukselis;yukari;0,94;1,81;3;10,2;2,72;58331168;9,55;SAT;POZITIF;NOTR;POZITIF;ARTIYOR;AL;AL;NOTR;4;11.09.2026
MHRGY;izle;;84,0;35,0;22,0;27,0;45;1;guclu trend;35,2;92,0;60,7;yukari;guclu;yukselis;yukari;0,92;7,87;1;2,31;2,67;22102212;1,84;AL;POZITIF;AL;POZITIF;AZALIYOR;AL;AL;NOTR;6;11.09.2026
RYSAS;GUCLU AL;;83,8;35,0;23,8;25,0;10;1;guclu trend;33,0;53,8;71,2;yukari;guclu;yukselis;yukari;1,02;1,22;2;26,6;0,76;498456230;24,77;SAT;POZITIF;AL;NEGATIF;AZALIYOR;SAT;SAT;NOTR;2;11.09.2026
BORSK;GUCLU AL;;83,8;31,6;26,4;25,9;0;0;guclu trend;36,7;52,9;60,9;yukari;guclu;yukselis;yukari;0,96;0,56;1;6,45;-3,15;70288843;5,97;AL;POZITIF;AL;POZITIF;AZALIYOR;SAT;SAT;NOTR;4;11.09.2026
KUYAS;GUCLU AL;EVET;83,8;24,3;28,6;31,0;0;0;ilimli;20,4;63,1;69,8;yukari;guclu;yukselis;yukari;2,32;1,20;1;72,65;0,48;1776129691;63,45;AL;POZITIF;AL;POZITIF;AZALIYOR;AL;AL;NOTR;6;11.09.2026
AKFGY;GUCLU AL;EVET;83,5;21,2;29,5;32,8;12;0;zayif;22,7;69,6;65,4;yukari;guclu;yukselis;yukari;4,70;2,05;2;2,87;0,00;417898967;2,63;AL;POZITIF;AL;POZITIF;ARTIYOR;AL;AL;NOTR;6;11.09.2026
MPARK;GUCLU AL;EVET;83,4;30,9;27,6;24,9;0;0;guclu trend;20,2;60,7;45,2;yukari;guclu;yukselis;yukari;0,71;1,27;2;443;0,00;169363773;411,23;AL;POZITIF;AL;POZITIF;AZALIYOR;AL;AL;NOTR;6;11.09.2026
TTKOM;AL;EVET;83,2;19,4;30,0;33,9;18;0;zayif;19,2;71,9;61,1;yukari;guclu;yukselis;yukari;3,50;2,86;2;60,85;9,94;7930280266;51,92;AL;POZITIF;NOTR;POZITIF;ARTIYOR;AL;AL;NOTR;5;11.09.2026
INDES;GUCLU AL;;83,2;33,5;24,9;24,9;0;0;guclu trend;26,0;59,3;50,6;yukari;guclu;yukselis;yukari;0,59;1,65;2;11,83;0,00;59723944;10,83;SAT;POZITIF;AL;NEGATIF;AZALIYOR;AL;SAT;NOTR;3;11.09.2026
TKFEN;GUCLU AL;;83,0;33,8;26,0;23,2;10;0;guclu trend;27,0;57,6;59,2;yukari;guclu;yukselis;yukari;0,86;2,25;2;217,3;2,79;1028450261;197,64;SAT;POZITIF;AL;NEGATIF;AZALIYOR;AL;AL;NOTR;4;11.09.2026
AGHOL;GUCLU AL;EVET;82,9;33,4;25,0;24,5;0;0;guclu trend;25,9;56,8;72,2;yukari;zayif;yukselis;yukari;0,74;0,91;1;34,2;0,59;134694409;31,63;AL;POZITIF;AL;POZITIF;AZALIYOR;AL;SAT;NOTR;5;11.09.2026
EFOR;izle;;82,7;20,4;30,0;32,2;40;4;ilimli;13,1;58,0;47,6;asagi;guclu;yukselis;yukari;1,53;1,67;1;20,06;6,70;2426985439;20,83;AL;POZITIF;NOTR;POZITIF;ARTIYOR;AL;AL;NOTR;5;11.09.2026
SISE;GUCLU AL;EVET;82,2;23,3;29,8;29,0;0;0;zayif;27,2;64,6;74,0;yukari;guclu;yukselis;yukari;1,69;1,71;2;44,98;2,09;6789222231;40,91;AL;POZITIF;AL;POZITIF;ARTIYOR;AL;SAT;NOTR;5;11.09.2026
TOASO;GUCLU AL;EVET;82,1;24,6;29,6;27,9;0;0;ilimli;21,3;66,9;55,4;yukari;guclu;yukselis;yukari;1,31;1,85;1;299,75;3,10;1454807549;263,78;AL;POZITIF;AL;POZITIF;ARTIYOR;AL;SAT;NOTR;5;11.09.2026
TRHOL;izle;;82,0;35,0;22,0;25,0;43;0;guclu trend;63,8;97,2;100,0;yukari;guclu;yukselis;yukari;0,37;8,48;0;4100;3,80;560199400;3400,87;AL;POZITIF;AL;POZITIF;ARTIYOR;SAT;SAT;PAHALI (SAT);4;11.09.2026
METRO;AL;;81,6;28,1;21,4;32,1;0;0;ilimli;12,6;55,2;52,2;yukari;guclu;yukselis;yukari;1,70;0,86;1;8,67;3,21;105834248;7,70;SAT;POZITIF;NOTR;NEGATIF;ARTIYOR;AL;AL;NOTR;3;11.09.2026
OFSYM;GUCLU AL;;81,4;35,0;23,7;22,7;10;1;guclu trend;45,4;54,9;61,3;yukari;guclu;yukselis;yukari;0,20;1,31;2;66,1;-0,60;30989002;58,06;SAT;POZITIF;AL;NEGATIF;AZALIYOR;SAT;AL;NOTR;3;11.09.2026
ARASE;GUCLU AL;;81,2;33,0;24,8;23,5;0;0;guclu trend;24,8;52,5;63,4;yukari;guclu;yukselis;yukari;0,33;0,72;0;122;-0,89;15576106;109,35;AL;POZITIF;AL;POZITIF;AZALIYOR;AL;SAT;NOTR;5;11.09.2026
TRMET;AL;;80,9;30,3;23,2;27,4;0;0;ilimli;17,9;54,1;52,2;yukari;guclu;yukselis;yukari;0,96;1,26;1;140;0,86;789841080;128,36;SAT;POZITIF;NOTR;NEGATIF;AZALIYOR;SAT;SAT;NOTR;1;11.09.2026
GOZDE;AL;EVET;80,8;23,1;27,9;29,8;0;0;ilimli;17,5;62,8;58,8;yukari;guclu;yukselis;yukari;2,35;1,76;2;24,4;5,17;72569480;21,35;AL;POZITIF;NOTR;POZITIF;ARTIYOR;AL;AL;NOTR;5;11.09.2026
YKSLN;GUCLU AL;;79,9;28,8;23,1;28,1;35;0;zayif;26,8;85,8;81,6;yukari;guclu;yukselis;yukari;0,88;6,94;1;4,2;9,95;48282049;3,63;AL;POZITIF;AL;POZITIF;ARTIYOR;AL;SAT;NOTR;5;11.09.2026
AYGAZ;izle;;79,9;35,0;23,8;21,1;56;4;guclu trend;43,5;58,4;65,1;yukari;guclu;yukselis;yukari;1,02;2,52;3;327,75;-0,30;461411694;299,67;SAT;POZITIF;AL;NEGATIF;AZALIYOR;SAT;AL;NOTR;3;11.09.2026
VBTYZ;GUCLU AL;;79,5;35,0;23,1;21,4;10;1;guclu trend;31,9;51,5;49,1;yukari;guclu;yukselis;yukari;0,61;1,19;2;36,1;-1,37;68979230;32,80;SAT;POZITIF;AL;NEGATIF;AZALIYOR;SAT;SAT;NOTR;2;11.09.2026
AGESA;GUCLU AL;;79,4;34,3;21,0;24,1;0;0;guclu trend;28,2;53,3;80,8;yukari;guclu;yukselis;yukari;0,64;0,94;2;254;-1,17;37073586;239,61;SAT;POZITIF;AL;NEGATIF;AZALIYOR;SAT;SAT;NOTR;2;11.09.2026
NETAS;GUCLU AL;;78,8;35,0;24,3;19,5;0;0;guclu trend;46,2;56,9;49,8;yukari;guclu;yukselis;yukari;0,31;2,05;2;94,9;-2,22;84206383;83,84;SAT;POZITIF;AL;POZITIF;AZALIYOR;SAT;SAT;NOTR;3;11.09.2026
ZRGYO;izle;;78,5;18,9;25,4;34,1;52;4;zayif;19,3;64,5;55,2;yukari;guclu;yukselis;yukari;3,95;1,78;1;20;0,70;73760020;18,80;SAT;POZITIF;NOTR;POZITIF;ARTIYOR;AL;AL;NOTR;4;11.09.2026
OZSUB;GUCLU AL;;78,4;32,1;25,1;21,2;16;1;guclu trend;22,7;51,7;40,7;yukari;guclu;yukselis;yukari;0,52;1,10;3;41,14;0,29;69005068;37,97;SAT;POZITIF;AL;NEGATIF;AZALIYOR;SAT;AL;NOTR;3;11.09.2026
PNSUT;GUCLU AL;;77,5;25,8;29,1;22,6;0;0;zayif;40,9;60,5;76,7;yukari;guclu;yukselis;yukari;0,52;1,13;0;12,03;-2,83;31667171;10,59;AL;POZITIF;AL;POZITIF;AZALIYOR;AL;SAT;NOTR;5;11.09.2026
EGEEN;AL;;77,2;12,2;30,0;35,0;10;0;zayif;22,9;67,1;65,2;yukari;guclu;yukselis;yukari;2,68;2,81;2;6027,5;9,99;282177413;5184,40;AL;POZITIF;AL;POZITIF;ARTIYOR;AL;SAT;UCUZ (AL);5;11.09.2026
BUCIM;AL;;77,2;20,0;30,0;27,1;18;0;zayif;37,7;63,7;74,2;yukari;guclu;yukselis;yukari;0,83;2,11;2;5,87;0,69;29370081;5,40;AL;POZITIF;AL;POZITIF;AZALIYOR;AL;AL;UCUZ (AL);6;11.09.2026
SAHOL;izle;;76,6;22,4;28,1;26,2;32;3;zayif;18,8;61,7;53,8;yukari;guclu;yukselis;yukari;0,90;1,31;2;95,3;0,53;3084865193;89,95;AL;POZITIF;NOTR;POZITIF;AZALIYOR;AL;SAT;NOTR;4;11.09.2026
BIOEN;GUCLU AL;EVET;76,6;24,4;23,9;28,2;6;0;zayif;22,3;54,8;51,4;yukari;guclu;yukselis;yukari;1,04;0,88;3;19,32;1,36;194575004;17,84;SAT;POZITIF;AL;NEGATIF;AZALIYOR;SAT;AL;NOTR;3;11.09.2026
AVOD;GUCLU AL;;76,5;27,8;28,1;20,6;0;0;zayif;42,7;56,2;72,5;yukari;guclu;yukselis;yukari;0,80;0,78;1;4,33;-2,91;42670964;3,92;AL;POZITIF;AL;POZITIF;AZALIYOR;SAT;SAT;NOTR;4;11.09.2026
RYGYO;GUCLU AL;;76,3;35,0;22,8;18,5;0;0;guclu trend;38,8;51,0;66,3;yukari;guclu;yukselis;yukari;0,37;1,30;2;44,12;0,27;53568122;43,73;SAT;POZITIF;AL;NEGATIF;AZALIYOR;SAT;SAT;NOTR;2;11.09.2026
MANAS;GUCLU AL;;76,2;30,0;22,1;24,1;0;0;guclu trend;26,9;50,3;69,2;yukari;guclu;yukselis;yukari;1,04;0,75;1;34,2;-4,74;1065906133;33,87;SAT;POZITIF;SAT;POZITIF;ARTIYOR;SAT;SAT;PAHALI (SAT);2;11.09.2026
KLYPV;GUCLU AL;;76,0;29,4;17,8;28,8;0;0;guclu trend;30,1;50,7;42,0;yukari;zayif;zayif;yukari;1,27;0,24;2;61,7;-3,22;233875763;59,40;SAT;POZITIF;AL;NEGATIF;ARTIYOR;AL;AL;NOTR;4;11.09.2026
AYDEM;izle;;75,6;31,7;21,7;22,2;40;4;guclu trend;21,6;55,7;51,5;yukari;guclu;yukselis;yukari;0,49;0,76;2;26,76;-0,15;54840499;24,22;SAT;POZITIF;AL;NEGATIF;AZALIYOR;AL;AL;NOTR;4;11.09.2026
MRSHL;AL;EVET;75,6;24,1;25,5;26,0;0;0;ilimli;20,0;60,7;60,0;yukari;zayif;yukselis;yukari;2,20;1,11;0;1788;9,96;156686016;1442,70;AL;POZITIF;NOTR;POZITIF;ARTIYOR;AL;AL;NOTR;5;11.09.2026
ADGYO;AL;;75,5;28,7;25,0;21,8;6;0;ilimli;17,1;55,8;43,2;yukari;guclu;yukselis;yukari;0,51;1,09;3;59,9;-0,17;33129911;54,81;SAT;POZITIF;NOTR;NEGATIF;AZALIYOR;AL;AL;NOTR;3;11.09.2026
AKBNK;AL;;75,4;21,7;26,5;27,1;8;0;zayif;18,9;56,0;44,7;yukari;guclu;yukselis;yukari;1,13;0,82;2;72,7;0,83;14245206444;67,48;AL;POZITIF;NOTR;NEGATIF;AZALIYOR;SAT;SAT;NOTR;2;11.09.2026
EBEBK;izle;;75,3;22,3;26,4;26,7;0;0;ilimli;17,9;56,3;71,5;asagi;guclu;yukselis;yukari;0,95;1,14;1;85,2;4,16;53563451;87,54;AL;POZITIF;NOTR;POZITIF;ARTIYOR;AL;AL;NOTR;5;11.09.2026
BAGFS;AL;;75,3;21,2;30,0;24,1;0;0;zayif;40,0;61,6;58,4;yukari;guclu;yukselis;yukari;0,65;1,54;1;28;-2,98;25061680;25,76;AL;POZITIF;AL;POZITIF;ARTIYOR;AL;SAT;NOTR;5;11.09.2026
ISCTR;AL;;74,9;19,3;29,6;26,0;0;0;zayif;28,9;64,0;65,0;yukari;guclu;yukselis;yukari;0,99;1,73;2;13,93;1,38;10885615077;12,87;AL;POZITIF;AL;POZITIF;AZALIYOR;AL;SAT;NOTR;5;11.09.2026
ARSAN;izle;;74,5;27,0;26,0;21,5;0;0;guclu trend;33,0;58,7;67,2;asagi;guclu;yukselis;yukari;0,74;1,89;2;4,08;1,75;100506932;4,47;SAT;POZITIF;AL;NEGATIF;AZALIYOR;SAT;AL;NOTR;3;11.09.2026
ORGE;AL;;73,9;32,2;21,7;20,0;22;2;guclu trend;22,9;53,2;47,7;yukari;guclu;yukselis;yukari;0,37;0,86;2;23;-1,63;55137233;20,44;SAT;POZITIF;AL;NEGATIF;AZALIYOR;AL;SAT;NOTR;3;11.09.2026
KUVVA;izle;;73,4;30,3;22,3;20,8;42;3;guclu trend;28,9;51,2;41,0;yukari;guclu;yukselis;yukari;0,31;0,85;4;178;-1,11;12214360;163,41;SAT;POZITIF;SAT;NEGATIF;AZALIYOR;SAT;AL;NOTR;2;11.09.2026
DURDO;izle;;73,3;23,4;26,0;23,9;40;4;guclu trend;20,8;57,3;64,7;asagi;guclu;yukselis;yukari;0,68;1,12;0;5,2;0,00;7263053;5,27;AL;POZITIF;AL;POZITIF;AZALIYOR;AL;AL;NOTR;6;11.09.2026
BRSAN;AL;;73,2;35,0;23,7;14,5;10;0;guclu trend;32,4;55,5;38,0;yukari;guclu;yukselis;yukari;0,58;2,07;4;701;-0,50;997537721;641,87;SAT;POZITIF;AL;NEGATIF;AZALIYOR;SAT;SAT;NOTR;2;11.09.2026
ENKAI;AL;;73,1;22,2;26,6;24,3;0;0;ilimli;21,8;61,1;75,3;yukari;guclu;yukselis;yukari;0,61;1,12;1;91,25;1,67;1009205199;83,42;AL;POZITIF;AL;POZITIF;AZALIYOR;AL;SAT;NOTR;5;11.09.2026
PETUN;AL;;72,9;24,1;25,9;22,9;0;0;zayif;48,3;56,0;75,7;yukari;guclu;yukselis;yukari;0,46;0,63;0;11,9;-2,46;18922845;10,87;AL;POZITIF;AL;POZITIF;AZALIYOR;SAT;SAT;NOTR;4;11.09.2026
GSDDE;AL;EVET;72,7;30,3;20,1;22,2;0;0;ilimli;18,0;54,3;40,6;yukari;zayif;zayif;yukari;0,90;0,66;2;13,69;4,03;70187713;12,38;SAT;POZITIF;NOTR;NEGATIF;ARTIYOR;AL;AL;NOTR;3;11.09.2026
FMIZP;izle;;72,6;13,9;26,0;32,7;38;3;zayif;17,1;57,3;39,7;yukari;guclu;yukselis;yukari;1,82;1,02;3;303;4,39;29871255;280,92;AL;POZITIF;NOTR;POZITIF;ARTIYOR;AL;AL;NOTR;5;11.09.2026
SANKO;izle;;72,5;15,7;27,1;29,7;40;3;zayif;35,8;66,0;87,7;yukari;guclu;yukselis;yukari;2,06;1,10;1;20,44;3,44;19419390;18,11;AL;POZITIF;AL;POZITIF;ARTIYOR;AL;AL;NOTR;6;11.09.2026
MIATK;AL;;72,3;16,3;30,0;26,0;0;0;zayif;25,3;69,3;71,2;yukari;guclu;yukselis;yukari;2,17;1,78;2;37,4;-1,79;1820600098;31,50;AL;POZITIF;AL;POZITIF;ARTIYOR;AL;SAT;NOTR;5;11.09.2026
AVPGY;AL;;72,2;22,1;27,5;22,7;8;0;zayif;23,9;60,5;59,4;yukari;guclu;yukselis;yukari;0,78;1,18;0;55,95;0,63;29900911;51,49;AL;POZITIF;AL;POZITIF;ARTIYOR;AL;AL;NOTR;6;11.09.2026
AVGYO;izle;;72,1;22,7;29,1;20,3;0;0;ilimli;19,1;55,3;35,1;asagi;guclu;yukselis;yukari;1,14;1,13;2;17,13;6,27;35543996;18,21;AL;POZITIF;NOTR;POZITIF;AZALIYOR;SAT;SAT;NOTR;3;11.09.2026
TRENJ;AL;;71,8;30,6;24,8;16,4;16;1;ilimli;18,6;57,7;54,3;yukari;guclu;yukselis;yukari;0,62;1,76;3;108,3;0,46;142714599;98,12;SAT;POZITIF;NOTR;NEGATIF;AZALIYOR;AL;SAT;NOTR;2;11.09.2026
RALYH;izle;;71,5;31,4;22,1;18,1;38;3;guclu trend;20,6;51,7;47,0;yukari;guclu;yukselis;yukari;0,60;0,85;3;263,25;-2,95;304842184;243,30;SAT;POZITIF;AL;NEGATIF;AZALIYOR;SAT;SAT;NOTR;2;11.09.2026
GLRMK;izle;;71,5;10,9;27,8;32,8;38;3;zayif;25,3;57,1;50,3;asagi;guclu;yukselis;yukari;1,22;0,89;3;177;3,33;966421239;178,38;AL;POZITIF;AL;NEGATIF;ARTIYOR;AL;AL;NOTR;5;11.09.2026
EGPRO;izle;;71,0;24,4;29,2;17,4;0;0;guclu trend;23,4;56,2;57,2;asagi;guclu;yukselis;yukari;0,49;1,22;2;39;3,78;29756220;41,75;AL;POZITIF;AL;NEGATIF;AZALIYOR;AL;SAT;NOTR;4;11.09.2026
ATSYH;izle;;70,7;29,2;20,8;20,7;32;3;ilimli;15,2;50,4;61,3;yukari;guclu;yukselis;yukari;1,13;1,23;1;122;-2,17;5712894;114,03;SAT;POZITIF;NOTR;POZITIF;AZALIYOR;SAT;SAT;NOTR;2;11.09.2026
LOGO;AL;;70,5;10,7;25,6;34,2;10;1;zayif;15,5;58,6;54,9;yukari;guclu;yukselis;yukari;1,36;0,88;1;140,9;-1,54;108093408;131,11;AL;POZITIF;NOTR;POZITIF;ARTIYOR;AL;SAT;NOTR;4;11.09.2026
TARKM;AL;;70,4;34,5;22,8;13,1;0;0;guclu trend;28,7;54,0;70,4;yukari;guclu;yukselis;yukari;0,43;0,88;1;523;-0,48;47397398;478,25;SAT;POZITIF;AL;NEGATIF;AZALIYOR;SAT;SAT;NOTR;2;11.09.2026
EYGYO;AL;;70,4;16,8;25,0;28,5;10;1;zayif;21,9;57,9;78,0;yukari;guclu;yukselis;yukari;0,99;1,07;2;2,74;0,74;18564988;2,35;SAT;POZITIF;AL;NEGATIF;ARTIYOR;AL;AL;NOTR;4;11.09.2026
KGYO;AL;EVET;69,9;29,2;22,7;18,0;16;1;guclu trend;20,6;48,5;36,7;yukari;guclu;yukselis;yukari;0,73;0,19;3;11,6;5,36;214477956;10,80;SAT;NEGATIF;SAT;NEGATIF;AZALIYOR;SAT;AL;NOTR;1;11.09.2026
BIGEN;izle;;69,6;22,4;25,8;21,4;0;0;guclu trend;32,0;50,8;67,7;asagi;guclu;yukselis;yukari;1,02;1,41;0;144;6,59;990925344;157,93;SAT;POZITIF;SAT;NEGATIF;AZALIYOR;SAT;AL;PAHALI (SAT);2;11.09.2026
DSTKF;AL;;69,4;23,5;29,9;16,0;0;0;ilimli;18,4;62,8;95,2;yukari;guclu;yukselis;yukari;0,53;1,48;1;2525;4,77;2314283700;2030,15;AL;POZITIF;NOTR;POZITIF;ARTIYOR;AL;AL;PAHALI (SAT);5;11.09.2026
GARAN;AL;;69,0;18,3;25,4;25,3;22;2;zayif;16,8;56,3;70,1;yukari;guclu;yukselis;yukari;0,86;0,77;2;134,2;0,60;4092727327;125,31;AL;POZITIF;NOTR;POZITIF;AZALIYOR;AL;SAT;NOTR;4;11.09.2026
ASELS;AL;;68,9;30,3;21,2;17,5;0;0;ilimli;17,9;53,9;48,7;yukari;guclu;yukselis;yukari;0,78;0,81;2;393,75;-1,19;9584113613;363,22;SAT;POZITIF;NOTR;NEGATIF;AZALIYOR;AL;AL;NOTR;3;11.09.2026
DOHOL;AL;;68,9;28,0;20,8;20,1;6;0;ilimli;11,4;54,5;45,7;yukari;guclu;yukselis;yukari;0,92;0,65;3;21,88;1,11;245403783;20,39;SAT;POZITIF;NOTR;NEGATIF;AZALIYOR;SAT;AL;NOTR;2;11.09.2026
DNISI;AL;;68,8;16,1;26,9;25,8;10;1;zayif;17,7;57,5;60,5;yukari;guclu;yukselis;yukari;1,04;0,97;1;4,88;-2,79;25534868;4,36;AL;POZITIF;NOTR;POZITIF;ARTIYOR;AL;AL;NOTR;5;11.09.2026
TDGYO;AL;;68,5;18,9;28,4;21,2;10;1;zayif;27,1;59,2;82,6;yukari;guclu;yukselis;yukari;0,67;1,08;0;17,77;-3,84;14101668;16,24;AL;POZITIF;AL;POZITIF;ARTIYOR;AL;SAT;UCUZ (AL);5;11.09.2026
SONME;AL;;68,4;26,3;22,5;19,7;0;0;zayif;34,9;54,5;31,3;yukari;guclu;yukselis;yukari;0,96;0,60;2;139,4;-0,43;6236895;126,44;SAT;POZITIF;AL;POZITIF;ARTIYOR;AL;AL;NOTR;5;11.09.2026
VESTL;AL;;67,8;20,0;29,2;18,6;0;0;zayif;33,2;60,7;74,9;yukari;guclu;yukselis;yukari;0,50;1,17;1;25,86;-0,39;187080369;22,39;AL;POZITIF;AL;POZITIF;AZALIYOR;AL;SAT;NOTR;5;11.09.2026
INVES;izle;;67,2;21,2;24,8;21,2;0;0;guclu trend;20,6;52,1;35,1;asagi;guclu;yukselis;yukari;0,27;1,21;2;781;0,77;18747905;846,10;SAT;POZITIF;SAT;NEGATIF;AZALIYOR;SAT;AL;PAHALI (SAT);2;11.09.2026
OZYSR;izle;;66,0;22,2;19,5;24,2;0;0;zayif;20,8;49,9;47,3;yukari;zayif;zayif;yukari;0,97;-0,07;2;12,45;3,84;33489155;11,14;AL;NEGATIF;SAT;NEGATIF;AZALIYOR;AL;SAT;NOTR;2;11.09.2026
ARTMS;AL;;65,7;22,0;23,5;20,2;0;0;zayif;21,3;53,5;58,3;yukari;zayif;yukselis;yukari;0,50;0,39;0;41,22;-0,53;22556862;37,04;AL;POZITIF;AL;POZITIF;ARTIYOR;SAT;SAT;NOTR;4;11.09.2026
ECOGR;AL;EVET;65,5;22,5;24,6;18,3;0;0;ilimli;15,9;59,8;70,2;yukari;zayif;yukselis;yukari;0,77;0,81;2;37,7;3,91;202858460;32,03;AL;POZITIF;NOTR;POZITIF;ARTIYOR;AL;AL;NOTR;5;11.09.2026
JANTS;izle;;65,3;15,0;28,5;21,7;52;4;zayif;40,6;60,2;37,8;yukari;guclu;yukselis;yukari;3,79;1,17;1;16,67;-4,52;380001018;15,25;AL;POZITIF;AL;POZITIF;ARTIYOR;AL;AL;NOTR;6;11.09.2026
AKFIS;AL;;65,0;28,8;17,9;18,3;0;0;ilimli;17,7;47,2;48,8;yukari;zayif;yukselis;yukari;0,50;0,56;2;16,48;-5,99;170183670;16,36;SAT;NEGATIF;NOTR;NEGATIF;ARTIYOR;SAT;SAT;PAHALI (SAT);0;11.09.2026
AEFES;AL;EVET;64,6;23,5;20,2;20,8;0;0;ilimli;24,6;55,6;62,0;yukari;zayif;zayif;yukari;0,75;0,11;1;19,74;0,82;716175234;18,25;AL;POZITIF;AL;POZITIF;AZALIYOR;AL;AL;NOTR;6;11.09.2026
PRZMA;AL;;64,2;32,4;19,4;12,4;22;2;guclu trend;23,3;49,4;49,0;yukari;guclu;yukselis;yukari;0,17;0,67;2;77;-4,17;52024742;67,71;SAT;NEGATIF;AL;NEGATIF;AZALIYOR;SAT;SAT;PAHALI (SAT);1;11.09.2026
HATSN;izle;;63,7;27,0;20,7;16,0;6;0;guclu trend;29,9;49,3;55,1;asagi;guclu;yukselis;yukari;0,45;0,39;3;64,15;-5,38;273181300;78,27;SAT;NEGATIF;AL;NEGATIF;AZALIYOR;SAT;SAT;NOTR;1;11.09.2026
MZHLD;AL;EVET;63,6;10,8;27,6;25,2;6;0;zayif;19,2;63,6;55,4;yukari;guclu;yukselis;asagi;4,45;1,27;3;5,7;9,83;10424251;5,18;AL;POZITIF;NOTR;POZITIF;ARTIYOR;AL;AL;NOTR;5;11.09.2026
SAYAS;izle;;63,2;29,2;15,8;18,2;0;0;guclu trend;20,8;45,7;42,2;yukari;zayif;yukselis;yukari;0,74;-0,15;0;53,8;0,47;104602372;51,71;SAT;NEGATIF;SAT;NEGATIF;AZALIYOR;SAT;SAT;NOTR;0;11.09.2026
ANELE;izle;;63,1;22,4;24,7;16,0;0;0;guclu trend;34,5;53,2;68,1;asagi;guclu;yukselis;yukari;0,02;2,04;0;177,7;-9,98;24014023;221,63;SAT;POZITIF;SAT;NEGATIF;ARTIYOR;SAT;SAT;PAHALI (SAT);1;11.09.2026
POLHO;AL;;62,6;30,1;17,3;15,3;10;1;guclu trend;27,4;47,8;33,0;yukari;zayif;zayif;yukari;0,52;0,26;1;22,12;-0,09;21791341;21,29;SAT;NEGATIF;SAT;NEGATIF;AZALIYOR;SAT;SAT;NOTR;0;11.09.2026
IHLAS;AL;EVET;62,3;15,0;29,3;18,0;0;0;zayif;31,9;65,2;55,9;yukari;guclu;yukselis;asagi;2,48;1,22;2;1,16;9,43;256132140;0,99;AL;POZITIF;AL;POZITIF;ARTIYOR;AL;AL;UCUZ (AL);6;11.09.2026
YKBNK;AL;;62,1;25,2;21,1;15,8;22;2;ilimli;14,4;55,0;55,2;yukari;guclu;yukselis;yukari;0,83;0,70;2;36,7;1,38;7087111237;34,06;SAT;POZITIF;NOTR;NEGATIF;AZALIYOR;SAT;SAT;NOTR;1;11.09.2026
ATATP;AL;;62,1;35,0;19,1;8,0;22;2;guclu trend;40,2;46,3;27,1;yukari;guclu;yukselis;yukari;0,45;0,43;2;277,75;-3,39;162063514;267,66;SAT;NEGATIF;AL;NEGATIF;AZALIYOR;SAT;SAT;NOTR;1;11.09.2026
ANHYT;izle;;62,0;10,8;25,0;26,2;0;0;ilimli;13,4;58,7;63,7;asagi;guclu;yukselis;yukari;1,02;0,85;2;109,1;1,68;74365942;112,43;AL;POZITIF;NOTR;POZITIF;AZALIYOR;AL;AL;NOTR;5;11.09.2026
ALTNY;AL;;60,8;28,2;20,1;12,6;0;0;ilimli;15,4;51,4;48,5;yukari;guclu;yukselis;yukari;0,67;0,51;1;17,49;-2,07;370674892;16,42;SAT;POZITIF;NOTR;NEGATIF;AZALIYOR;AL;AL;NOTR;3;11.09.2026
ETYAT;izle;;60,8;29,7;13,1;18,1;46;4;guclu trend;24,3;43,2;38,3;yukari;zayif;zayif;yukari;1,09;0,15;3;14,4;-0,69;14234688;13,55;SAT;NEGATIF;SAT;NEGATIF;ARTIYOR;SAT;SAT;NOTR;0;11.09.2026
RGYAS;izle;;60,7;20,9;16,8;23,0;40;4;zayif;18,8;46,9;51,6;asagi;zayif;zayif;yukari;0,58;-0,04;1;201,3;0,40;287529472;214,80;SAT;NEGATIF;NOTR;NEGATIF;AZALIYOR;SAT;AL;NOTR;1;11.09.2026
KRDMA;izle;;60,2;27,0;21,2;11,9;20;1;guclu trend;41,5;47,2;63,5;asagi;guclu;yukselis;yukari;0,94;0,62;4;51,5;-6,96;669709039;65,05;SAT;NEGATIF;AL;NEGATIF;ARTIYOR;SAT;SAT;NOTR;1;11.09.2026
MTRKS;AL;;60,1;30,4;19,1;10,6;6;0;ilimli;18,1;49,2;49,1;yukari;guclu;yukselis;yukari;0,64;0,48;3;31,58;-0,06;32328572;31,00;SAT;NEGATIF;NOTR;NEGATIF;AZALIYOR;SAT;SAT;NOTR;0;11.09.2026
CEMZY;izle;;59,6;30,0;13,6;16,0;6;0;guclu trend;27,0;44,7;8,2;yukari;zayif;zayif;yukari;0,34;-0,16;3;14,2;-2,14;317794765;13,41;SAT;NEGATIF;SAT;NEGATIF;AZALIYOR;SAT;SAT;NOTR;0;11.09.2026
TTRAK;izle;;59,2;17,4;24,6;17,1;6;0;zayif;23,4;56,3;42,8;yukari;guclu;yukselis;asagi;0,76;0,67;3;436;-0,85;33323044;409,40;AL;POZITIF;AL;POZITIF;AZALIYOR;AL;AL;UCUZ (AL);6;11.09.2026
TSPOR;izle;;58,7;16,4;20,2;22,0;10;1;zayif;30,9;48,8;55,6;asagi;guclu;yukselis;yukari;1,02;0,31;2;1,04;1,96;433576083;1,15;SAT;NEGATIF;AL;NEGATIF;AZALIYOR;SAT;AL;NOTR;2;11.09.2026
TGSAS;izle;;58,3;20,8;21,5;16,0;0;0;ilimli;18,2;49,6;69,8;asagi;guclu;yukselis;yukari;0,66;0,54;1;212,8;0,09;129327498;268,75;SAT;NEGATIF;NOTR;NEGATIF;AZALIYOR;SAT;SAT;NOTR;0;11.09.2026
RUZYE;izle;;58,3;11,4;26,3;20,6;6;0;zayif;20,9;56,5;52,5;yukari;guclu;yukselis;asagi;1,16;0,44;3;9,46;-4,35;83294572;8,13;AL;POZITIF;AL;POZITIF;ARTIYOR;AL;AL;NOTR;6;11.09.2026
BOSSA;izle;;57,7;15,9;21,3;20,4;0;0;zayif;13,8;50,2;35,9;yukari;zayif;zayif;yukari;0,64;0,04;2;6,54;-0,91;8728506;6,19;AL;POZITIF;NOTR;NEGATIF;AZALIYOR;AL;AL;NOTR;4;11.09.2026
OYAKC;izle;;57,6;10,2;22,9;24,4;6;0;zayif;18,2;55,2;70,6;asagi;guclu;yukselis;yukari;0,40;0,97;3;22,32;0,72;178310128;23,43;SAT;POZITIF;NOTR;NEGATIF;AZALIYOR;AL;SAT;NOTR;2;11.09.2026
NTGAZ;izle;;57,3;20,1;21,9;15,2;40;3;zayif;24,6;51,6;64,6;yukari;zayif;zayif;asagi;0,61;-0,02;2;11,32;-1,48;26677550;10,47;AL;POZITIF;AL;NEGATIF;AZALIYOR;AL;AL;NOTR;5;11.09.2026
DENGE;izle;;57,1;19,8;24,2;13,1;22;2;zayif;29,4;53,2;74,2;yukari;guclu;yukselis;yukari;0,60;0,48;2;2,44;-2,79;35161383;2,22;AL;POZITIF;AL;NEGATIF;AZALIYOR;AL;SAT;UCUZ (AL);4;11.09.2026
DZGYO;izle;;57,1;14,0;22,4;20,7;0;0;zayif;25,0;54,1;72,0;yukari;zayif;zayif;asagi;1,39;0,22;1;7,6;-3,68;24964472;6,97;AL;POZITIF;AL;POZITIF;ARTIYOR;AL;SAT;NOTR;5;11.09.2026
OZRDN;izle;;57,0;24,1;20,4;12,5;0;0;zayif;20,0;50,4;59,5;yukari;zayif;zayif;yukari;0,53;-0,12;0;29,46;-1,47;4154037;25,56;AL;POZITIF;AL;POZITIF;AZALIYOR;AL;AL;NOTR;6;11.09.2026
YIGIT;izle;;56,9;11,7;23,6;21,6;8;0;zayif;21,4;55,1;72,8;yukari;zayif;yukselis;asagi;1,44;0,27;1;22,26;1,74;119168732;20,59;AL;POZITIF;AL;NEGATIF;ARTIYOR;AL;SAT;NOTR;4;11.09.2026
NUHCM;izle;;56,3;10,7;23,2;22,4;0;0;zayif;19,0;56,9;44,7;yukari;zayif;zayif;asagi;1,17;0,44;1;222,2;1,18;18040640;204,30;AL;POZITIF;NOTR;POZITIF;ARTIYOR;AL;AL;NOTR;5;11.09.2026
EREGL;izle;;56,3;14,6;20,8;20,9;0;0;ilimli;16,2;53,3;53,3;asagi;zayif;zayif;yukari;0,76;0,27;0;39,4;1,08;4795768552;40,26;AL;POZITIF;NOTR;POZITIF;AZALIYOR;AL;SAT;NOTR;4;11.09.2026
IZMDC;izle;;56,0;22,4;11,6;22,0;32;2;guclu trend;30,6;43,7;32,8;asagi;zayif;zayif;yukari;1,51;-0,66;4;10,82;9,96;191461642;12,29;SAT;NEGATIF;SAT;NEGATIF;ARTIYOR;SAT;AL;NOTR;1;11.09.2026
CRFSA;izle;;55,7;27,0;20,7;8,0;50;4;guclu trend;49,1;46,7;47,2;asagi;guclu;yukselis;yukari;0,58;0,61;4;248,5;-5,33;463765113;326,40;SAT;NEGATIF;AL;NEGATIF;AZALIYOR;SAT;SAT;NOTR;1;11.09.2026
FROTO;izle;;55,5;13,4;25,5;16,6;32;3;zayif;25,8;59,7;54,7;yukari;guclu;yukselis;asagi;0,89;0,73;1;82,85;1,16;1517853259;76,70;AL;POZITIF;AL;POZITIF;AZALIYOR;AL;SAT;NOTR;5;11.09.2026
YGGYO;izle;;55,3;21,1;16,8;17,4;0;0;zayif;12,8;49,1;49,9;yukari;zayif;zayif;yukari;0,62;-0,16;2;223,8;-0,53;19341020;215,58;SAT;NEGATIF;NOTR;NEGATIF;AZALIYOR;AL;AL;NOTR;2;11.09.2026
AKSA;izle;;54,3;22,0;18,9;13,4;0;0;zayif;25,4;51,0;56,4;yukari;zayif;zayif;asagi;0,84;-0,26;1;11,39;0,44;183370594;10,52;AL;POZITIF;AL;POZITIF;AZALIYOR;AL;SAT;NOTR;5;11.09.2026
ISMEN;izle;;54,3;14,0;24,6;15,6;0;0;zayif;27,4;55,8;71,6;yukari;guclu;yukselis;asagi;0,38;0,54;2;35,68;-0,56;107963862;32,52;AL;POZITIF;AL;POZITIF;AZALIYOR;AL;SAT;NOTR;5;11.09.2026
FORTE;izle;;54,2;24,0;18,2;12,0;10;1;guclu trend;22,3;47,7;39,1;asagi;zayif;zayif;yukari;0,37;0,15;2;115,1;-2,62;86926398;130,93;SAT;NEGATIF;AL;NEGATIF;AZALIYOR;AL;AL;NOTR;3;11.09.2026
ISBTR;izle;;54,2;25,3;10,3;18,5;32;3;zayif;10,9;44,5;56,7;yukari;zayif;zayif;yukari;0,85;-0,37;1;490000;-2,00;1960000;482449,90;SAT;NEGATIF;NOTR;NEGATIF;ARTIYOR;SAT;SAT;NOTR;0;11.09.2026
HKTM;izle;;54,0;24,0;22,0;8,0;16;1;zayif;50,4;48,5;25,2;yukari;guclu;yukselis;yukari;0,19;0,10;3;12,69;0,79;42477009;12,25;SAT;NEGATIF;AL;NEGATIF;AZALIYOR;SAT;SAT;NOTR;1;11.09.2026
DOCO;izle;;53,4;29,2;11,1;13,1;22;2;zayif;15,0;43,5;31,3;yukari;zayif;zayif;yukari;0,51;-0,35;2;11132,5;-0,76;21129485;10942,74;SAT;NEGATIF;NOTR;NEGATIF;AZALIYOR;SAT;SAT;NOTR;0;11.09.2026
NIBAS;izle;;53,1;19,1;27,6;6,5;18;1;zayif;27,6;54,8;59,1;yukari;guclu;yukselis;asagi;0,61;0,46;1;4,42;-2,86;91677810;3,94;AL;POZITIF;AL;POZITIF;AZALIYOR;SAT;SAT;NOTR;4;11.09.2026
ARDYZ;izle;;52,4;22,4;20,8;9,2;0;0;guclu trend;34,5;46,1;37,3;asagi;guclu;yukselis;yukari;0,41;0,50;2;80,45;-0,31;178740270;94,26;SAT;NEGATIF;SAT;NEGATIF;AZALIYOR;SAT;SAT;NOTR;0;11.09.2026
CANTE;izle;;52,4;15,0;25,4;11,9;0;0;zayif;35,2;55,4;61,3;yukari;guclu;yukselis;asagi;0,70;0,32;1;1,32;-2,22;343815249;1,23;AL;POZITIF;AL;POZITIF;ARTIYOR;SAT;SAT;UCUZ (AL);4;11.09.2026
TRGYO;izle;;51,6;21,7;15,8;14,1;6;0;zayif;17,4;48,7;53,6;yukari;zayif;zayif;yukari;0,56;-0,31;3;94,5;-0,26;72125235;91,22;SAT;NEGATIF;NOTR;NEGATIF;AZALIYOR;AL;AL;NOTR;2;11.09.2026
IHGZT;izle;;50,9;6,8;24,1;20,1;0;0;zayif;29,4;60,8;76,5;asagi;zayif;yukselis;asagi;2,53;0,50;1;1,25;5,93;62373095;1,26;AL;POZITIF;AL;POZITIF;ARTIYOR;AL;AL;UCUZ (AL);6;11.09.2026
TCKRC;izle;;50,7;21,9;10,8;18,0;0;0;guclu trend;25,9;42,1;30,8;asagi;zayif;zayif;yukari;1,37;-0,77;2;141;3,68;532000755;157,71;SAT;NEGATIF;SAT;NEGATIF;ARTIYOR;SAT;AL;NOTR;1;11.09.2026
ARMGD;izle;;50,6;20,8;8,9;20,9;28;2;zayif;17,8;41,4;58,2;asagi;zayif;zayif;yukari;0,97;-0,69;3;178;-6,81;229560548;213,15;SAT;NEGATIF;NOTR;NEGATIF;ARTIYOR;SAT;SAT;NOTR;0;11.09.2026
CMBTN;izle;;49,7;5,7;24,5;19,6;6;0;zayif;26,7;59,4;62,3;asagi;zayif;yukselis;asagi;3,00;0,76;3;1620;4,92;107161380;1649,89;AL;POZITIF;AL;POZITIF;ARTIYOR;AL;AL;UCUZ (AL);6;11.09.2026
ALGYO;izle;;49,5;10,0;25,2;14,3;32;3;zayif;17,1;57,3;55,9;yukari;guclu;yukselis;asagi;1,06;-0,32;0;3,8;2,43;98314854;3,35;AL;POZITIF;NOTR;NEGATIF;AZALIYOR;AL;AL;NOTR;4;11.09.2026
USHOL;izle;;49,5;13,7;9,8;26,0;40;4;zayif;16,9;40,5;51,0;asagi;zayif;zayif;yukari;1,47;-1,00;0;74,8;1,84;57307048;90,30;SAT;NEGATIF;NOTR;NEGATIF;ARTIYOR;SAT;AL;NOTR;1;11.09.2026
TCELL;izle;;49,4;5,3;21,1;23,0;0;0;zayif;22,4;54,8;53,9;asagi;zayif;zayif;asagi;1,38;0,02;1;103,7;2,07;5065043366;105,37;AL;POZITIF;AL;POZITIF;ARTIYOR;AL;AL;NOTR;6;11.09.2026
KAYSE;izle;;49,4;14,9;21,2;13,3;8;0;zayif;29,6;51,0;51,3;yukari;zayif;zayif;asagi;0,38;-0,29;0;4,06;-0,25;18912126;3,85;AL;POZITIF;AL;NEGATIF;AZALIYOR;SAT;SAT;NOTR;3;11.09.2026
BIZIM;izle;;49,2;13,6;23,0;12,5;16;1;zayif;26,5;54,4;49,7;yukari;zayif;zayif;asagi;0,82;0,23;3;25,12;-1,57;6870647;23,23;AL;POZITIF;AL;POZITIF;ARTIYOR;AL;SAT;NOTR;5;11.09.2026
BMSCH;izle;;49,2;15,0;16,2;18,0;0;0;zayif;30,1;52,2;62,8;yukari;zayif;zayif;asagi;4,59;-1,43;2;11,6;3,76;108669020;10,06;AL;POZITIF;AL;POZITIF;ARTIYOR;AL;AL;UCUZ (AL);6;11.09.2026
BFREN;izle;;48,9;4,5;20,2;24,1;0;0;zayif;23,6;50,7;60,0;asagi;zayif;zayif;asagi;2,14;-0,41;2;128,8;0,16;50959334;134,63;AL;POZITIF;AL;NEGATIF;ARTIYOR;AL;AL;UCUZ (AL);5;11.09.2026
DOKTA;izle;;48,8;13,6;24,3;11,0;10;1;zayif;24,3;56,4;50,6;yukari;guclu;yukselis;asagi;0,46;0,36;1;23,44;0,60;9648888;21,43;AL;POZITIF;AL;POZITIF;AZALIYOR;AL;AL;NOTR;6;11.09.2026
BINBN;izle;;48,7;19,8;15,9;13,0;0;0;zayif;24,1;47,9;29,3;yukari;zayif;zayif;asagi;0,41;-0,21;2;176;-0,34;24530528;165,95;SAT;NEGATIF;AL;NEGATIF;AZALIYOR;AL;AL;NOTR;3;11.09.2026
SERNT;izle;;48,7;10,8;19,8;18,0;6;0;zayif;19,3;53,2;52,5;yukari;zayif;zayif;asagi;1,36;-0,31;3;8,3;-1,19;47330924;7,61;AL;POZITIF;NOTR;POZITIF;AZALIYOR;AL;SAT;NOTR;4;11.09.2026
KRTEK;izle;;48,4;10,5;18,7;19,3;6;0;zayif;18,4;55,2;46,1;yukari;zayif;zayif;asagi;2,35;-0,34;3;5,8;2,11;13028070;4,98;AL;POZITIF;NOTR;POZITIF;ARTIYOR;AL;AL;UCUZ (AL);5;11.09.2026
BRKVY;izle;;48,0;20,0;16,9;11,1;0;0;zayif;34,3;49,0;64,9;yukari;zayif;yukselis;asagi;0,47;-0,17;1;82,95;0,18;25739883;79,73;SAT;NEGATIF;AL;NEGATIF;ARTIYOR;SAT;SAT;NOTR;1;11.09.2026
CUSAN;izle;;47,6;8,3;23,2;16,0;0;0;zayif;21,3;53,1;65,9;asagi;zayif;zayif;yukari;0,40;0,32;1;25;0,24;10642700;27,24;AL;POZITIF;AL;POZITIF;AZALIYOR;AL;SAT;NOTR;5;11.09.2026
CVKMD;izle;;47,4;28,0;8,2;11,1;0;0;zayif;12,2;41,6;37,2;yukari;zayif;zayif;asagi;0,41;-0,85;2;15,08;-0,79;200131883;14,58;SAT;NEGATIF;NOTR;NEGATIF;AZALIYOR;SAT;SAT;NOTR;0;11.09.2026
ARCLK;izle;;46,9;9,7;20,8;16,3;0;0;zayif;16,5;56,5;50,8;yukari;zayif;zayif;asagi;0,85;-0,18;2;95,8;0,95;136554661;89,48;AL;POZITIF;NOTR;POZITIF;ARTIYOR;AL;SAT;NOTR;4;11.09.2026
AGYO;izle;;46,8;5,1;24,8;16,8;16;1;zayif;18,3;60,7;54,2;asagi;guclu;yukselis;asagi;0,93;0,58;3;7,78;1,83;2108497;7,83;AL;POZITIF;NOTR;POZITIF;ARTIYOR;AL;AL;NOTR;5;11.09.2026
RUBNS;izle;;46,5;16,9;21,6;8,0;0;0;zayif;29,4;45,4;29,8;asagi;guclu;yukselis;asagi;0,39;-0,10;2;29,18;0,00;29907603;34,29;SAT;NEGATIF;SAT;NEGATIF;AZALIYOR;SAT;AL;NOTR;1;11.09.2026
GARFA;izle;;46,5;2,9;22,9;20,7;0;0;zayif;10,2;57,1;65,5;asagi;zayif;zayif;asagi;1,67;0,24;2;27,54;3,22;51778698;28,47;AL;POZITIF;NOTR;POZITIF;ARTIYOR;AL;AL;NOTR;5;11.09.2026
ZOREN;izle;;46,4;15,0;22,7;8,7;0;0;zayif;42,2;58,4;67,1;yukari;zayif;zayif;asagi;0,74;0,10;1;2,47;-1,98;118969410;2,20;AL;POZITIF;AL;POZITIF;AZALIYOR;AL;AL;UCUZ (AL);6;11.09.2026
GRTHO;izle;;46,1;3,2;21,5;21,5;0;0;zayif;20,2;55,4;52,7;asagi;zayif;zayif;asagi;1,48;0,31;1;228,8;4,28;442549765;232,15;AL;POZITIF;AL;NEGATIF;ARTIYOR;AL;AL;NOTR;5;11.09.2026
MEPET;izle;;46,1;15,0;22,9;8,2;0;0;ilimli;12,4;52,4;51,2;yukari;zayif;yukselis;asagi;0,58;0,01;1;20,72;-2,54;4743077;17,93;AL;POZITIF;NOTR;POZITIF;AZALIYOR;AL;AL;NOTR;5;11.09.2026
HEKTS;izle;;46,1;12,8;17,1;16,2;0;0;zayif;24,4;49,3;37,1;yukari;zayif;zayif;asagi;1,19;-1,07;2;2,84;-1,73;1455723025;2,59;AL;NEGATIF;AL;NEGATIF;ARTIYOR;AL;SAT;NOTR;3;11.09.2026
TURSG;izle;;46,0;7,1;18,9;20,1;10;0;zayif;12,7;48,5;56,3;asagi;zayif;zayif;asagi;1,16;-0,51;4;6,18;0,49;481459574;6,59;AL;NEGATIF;NOTR;NEGATIF;AZALIYOR;AL;SAT;NOTR;2;11.09.2026
OZGYO;izle;;46,0;12,4;18,5;15,1;6;0;zayif;28,1;48,2;37,8;asagi;zayif;zayif;asagi;1,13;-0,49;3;2,07;0,98;36939024;2,25;AL;NEGATIF;AL;NEGATIF;AZALIYOR;AL;SAT;NOTR;3;11.09.2026
GRNYO;izle;;45,9;10,4;17,4;18,0;0;0;zayif;35,9;53,2;53,1;yukari;zayif;zayif;asagi;3,81;-0,89;2;13,62;9,93;19810876;10,80;AL;POZITIF;SAT;NEGATIF;ARTIYOR;AL;AL;NOTR;4;11.09.2026
HLGYO;izle;;45,7;15,0;16,0;14,7;42;3;zayif;34,0;45,5;69,0;yukari;zayif;zayif;asagi;1,10;-1,84;4;4,48;-1,54;164729358;4,16;AL;NEGATIF;AL;POZITIF;AZALIYOR;AL;SAT;NOTR;4;11.09.2026
OBAMS;izle;;45,3;13,8;23,5;8,0;8;0;zayif;26,9;53,5;61,6;yukari;guclu;yukselis;asagi;0,57;-0,34;0;5,46;0,74;159590345;4,83;AL;POZITIF;AL;NEGATIF;AZALIYOR;AL;AL;NOTR;5;11.09.2026
ISBIR;izle;;45,3;13,1;13,3;18,9;0;0;zayif;13,0;45,4;44,9;yukari;zayif;zayif;asagi;1,52;-0,82;2;70,5;-4,08;2655594;70,46;SAT;NEGATIF;NOTR;NEGATIF;ARTIYOR;SAT;AL;NOTR;1;11.09.2026
KARTN;izle;;45,1;13,4;15,7;16,0;0;0;zayif;15,1;44,2;46,5;asagi;zayif;zayif;yukari;0,62;-0,68;1;161,5;3,19;91315169;188,10;AL;NEGATIF;NOTR;POZITIF;AZALIYOR;SAT;SAT;NOTR;2;11.09.2026
SANFM;izle;;44,7;18,6;10,0;16,1;6;0;zayif;22,3;40,7;50,8;asagi;zayif;zayif;asagi;1,18;-0,93;3;9,08;1,57;61540063;10,40;SAT;NEGATIF;SAT;NEGATIF;AZALIYOR;SAT;AL;NOTR;1;11.09.2026
YEOTK;izle;;44,5;13,8;16,7;14,0;10;0;zayif;17,9;46,9;40,9;asagi;zayif;zayif;asagi;1,36;-1,20;4;34,44;9,96;783824988;37,14;AL;NEGATIF;NOTR;NEGATIF;ARTIYOR;AL;AL;NOTR;3;11.09.2026
GLYHO;izle;;44,5;16,7;15,4;12,4;46;4;zayif;21,5;47,7;44,9;asagi;zayif;zayif;yukari;0,49;-0,25;3;16,7;-0,06;23271233;17,60;SAT;NEGATIF;AL;NEGATIF;AZALIYOR;AL;SAT;NOTR;2;11.09.2026
BASGZ;izle;;44,3;11,2;20,9;12,2;22;2;zayif;24,9;52,9;52,9;asagi;zayif;zayif;asagi;0,57;-0,23;1;45,1;-0,66;9006696;46,46;AL;POZITIF;AL;POZITIF;AZALIYOR;AL;AL;NOTR;6;11.09.2026
DIRIT;izle;;44,1;15,2;18,0;10,9;0;0;zayif;13,3;47,2;63,9;yukari;guclu;yukselis;asagi;0,49;-0,02;2;25,62;-3,61;813204;25,07;SAT;NEGATIF;NOTR;NEGATIF;AZALIYOR;SAT;SAT;NOTR;0;11.09.2026
ALTIN;izle;;44,0;12,1;20,1;11,9;0;0;zayif;20,0;50,4;36,4;asagi;guclu;yukselis;asagi;1,01;0,27;2;74,5;0,63;1430760208;79,40;SAT;POZITIF;AL;NEGATIF;AZALIYOR;SAT;AL;UCUZ (AL);3;11.09.2026
IHLGM;izle;;43,7;3,5;22,3;18,0;0;0;zayif;20,9;59,7;65,1;asagi;zayif;zayif;asagi;4,02;-0,04;0;1,65;3,77;118559527;1,67;AL;POZITIF;AL;POZITIF;ARTIYOR;AL;AL;UCUZ (AL);6;11.09.2026
ASTOR;izle;;43,6;20,9;10,2;12,5;46;4;zayif;18,7;41,3;34,5;asagi;zayif;zayif;yukari;0,90;-0,96;3;294;3,07;8792637420;337,55;SAT;NEGATIF;NOTR;NEGATIF;AZALIYOR;SAT;SAT;NOTR;0;11.09.2026
BLCYT;izle;;43,3;15,0;20,3;8,0;0;0;zayif;32,2;48,6;57,7;yukari;zayif;zayif;asagi;0,66;-0,78;2;2,11;-4,09;64811311;1,88;AL;NEGATIF;AL;NEGATIF;AZALIYOR;SAT;SAT;UCUZ (AL);2;11.09.2026
KORDS;izle;;43,0;21,2;13,8;8,0;10;0;guclu trend;20,5;44,7;26,5;asagi;zayif;zayif;yukari;0,66;-0,34;5;77,65;0,84;127742636;90,24;SAT;NEGATIF;SAT;NEGATIF;AZALIYOR;SAT;SAT;NOTR;0;11.09.2026
BERA;izle;;42,7;13,1;21,5;8,0;6;0;zayif;25,2;53,8;50,9;yukari;zayif;zayif;asagi;0,55;-0,33;3;13,95;-1,13;60695962;12,71;AL;POZITIF;AL;POZITIF;AZALIYOR;AL;AL;NOTR;6;11.09.2026
TSKB;izle;;42,6;1,0;22,6;18,9;0;0;zayif;14,7;54,5;55,6;asagi;zayif;zayif;asagi;1,00;0,26;2;11,36;0,62;206231030;11,64;AL;POZITIF;NOTR;POZITIF;AZALIYOR;AL;SAT;NOTR;4;11.09.2026
PSDTC;izle;;42,4;24,1;10,3;8,0;50;4;guclu trend;23,5;43,5;48,2;asagi;zayif;zayif;yukari;0,44;-0,37;4;145;-1,09;29234900;172,94;SAT;NEGATIF;AL;NEGATIF;AZALIYOR;SAT;SAT;NOTR;1;11.09.2026
IHEVA;izle;;42,4;1,2;19,9;21,3;0;0;zayif;15,1;52,2;38,1;asagi;zayif;zayif;asagi;1,70;-0,42;2;1,99;2,05;3633523;2,06;AL;POZITIF;NOTR;NEGATIF;ARTIYOR;AL;AL;NOTR;4;11.09.2026
KLGYO;izle;;42,4;13,1;17,7;11,5;6;0;zayif;25,2;52,2;45,4;yukari;zayif;yukselis;asagi;0,38;0,12;3;4,8;0,00;16680710;4,49;SAT;POZITIF;AL;NEGATIF;AZALIYOR;SAT;AL;UCUZ (AL);3;11.09.2026
VKGYO;izle;;42,3;3,1;18,3;20,9;0;0;zayif;19,9;52,0;52,6;asagi;zayif;zayif;asagi;1,40;-0,72;1;1,95;1,04;73999361;2,01;AL;POZITIF;NOTR;POZITIF;AZALIYOR;AL;AL;NOTR;5;11.09.2026
GLCVY;izle;;42,1;1,6;20,7;19,7;10;1;zayif;16,2;52,2;54,3;asagi;zayif;zayif;asagi;1,24;-0,26;2;53;-2,03;43604319;55,12;AL;POZITIF;NOTR;POZITIF;ARTIYOR;AL;AL;UCUZ (AL);5;11.09.2026
MAVI;izle;;42,0;2,4;17,0;22,7;6;0;zayif;29,3;48,3;56,2;asagi;zayif;zayif;asagi;1,33;-1,08;3;37,5;1,90;214579350;38,68;AL;NEGATIF;SAT;NEGATIF;ARTIYOR;AL;AL;NOTR;3;11.09.2026
VERUS;izle;;41,8;22,4;9,5;9,9;10;1;zayif;32,1;39,8;45,0;asagi;zayif;zayif;asagi;0,82;-1,07;1;549,5;1,57;45999744;650,43;SAT;NEGATIF;SAT;NEGATIF;AZALIYOR;SAT;AL;NOTR;1;11.09.2026
GOODY;izle;;41,5;10,7;22,8;8,0;0;0;zayif;17,4;53,5;51,5;yukari;zayif;zayif;asagi;0,40;0,11;1;2,73;0,37;28643373;2,60;AL;POZITIF;NOTR;POZITIF;AZALIYOR;AL;SAT;NOTR;4;11.09.2026
BESLR;izle;;41,5;10,4;21,2;9,9;22;2;zayif;18,1;50,8;45,4;yukari;zayif;zayif;asagi;0,49;-0,22;1;13,07;-0,15;20261219;12,16;AL;POZITIF;NOTR;NEGATIF;AZALIYOR;AL;SAT;NOTR;3;11.09.2026
BNTAS;izle;;41,2;13,7;15,6;11,9;50;4;zayif;26,7;48,2;43,7;yukari;zayif;zayif;asagi;0,81;-0,35;4;6,29;-0,94;20190120;5,97;SAT;NEGATIF;AL;NEGATIF;AZALIYOR;AL;SAT;NOTR;2;11.09.2026
LKMNH;izle;;40,9;2,4;17,7;20,7;10;0;zayif;42,9;50,9;65,2;asagi;zayif;zayif;asagi;7,14;-0,76;4;13,59;6,84;223246219;13,89;AL;POZITIF;SAT;NEGATIF;ARTIYOR;AL;AL;UCUZ (AL);4;11.09.2026
BRYAT;izle;;40,8;0,7;18,6;21,5;0;0;zayif;13,8;52,1;45,8;asagi;zayif;zayif;asagi;1,68;-0,73;2;1729;1,53;203071050;1780,06;AL;POZITIF;NOTR;POZITIF;ARTIYOR;AL;AL;UCUZ (AL);5;11.09.2026
PCILT;izle;;40,8;21,5;14,1;5,2;6;0;zayif;15,3;45,2;42,7;yukari;zayif;zayif;asagi;0,93;-0,61;3;31,4;2,55;70018138;29,53;SAT;NEGATIF;NOTR;NEGATIF;ARTIYOR;SAT;AL;NOTR;1;11.09.2026
PRKME;izle;;40,2;13,2;19,0;8,0;0;0;zayif;25,4;47,6;71,5;yukari;zayif;zayif;asagi;0,39;-0,41;2;18,29;-0,81;25828717;16,36;AL;NEGATIF;AL;NEGATIF;AZALIYOR;SAT;SAT;NOTR;2;11.09.2026
DYOBY;izle;;40,1;15,0;15,6;9,5;40;5;zayif;30,2;48,7;50,2;yukari;zayif;zayif;asagi;0,52;-0,68;1;13,3;0,08;16441473;12,37;SAT;NEGATIF;AL;NEGATIF;AZALIYOR;SAT;SAT;NOTR;1;11.09.2026
MAGEN;izle;;39,9;1,0;20,4;18,6;32;3;zayif;14,4;52,7;67,0;asagi;zayif;zayif;asagi;1,15;-0,46;0;36;-3,33;720992916;37,68;AL;POZITIF;NOTR;POZITIF;AZALIYOR;AL;SAT;NOTR;4;11.09.2026
ALCAR;izle;;39,9;2,7;19,2;18,0;12;0;zayif;18,9;54,8;80,6;asagi;zayif;zayif;asagi;3,31;-0,13;1;725,5;2,47;99901350;737,49;AL;POZITIF;NOTR;POZITIF;ARTIYOR;AL;AL;NOTR;5;11.09.2026
FRIGO;izle;;39,8;5,5;14,5;19,8;20;1;zayif;15,5;45,6;56,5;asagi;zayif;zayif;asagi;1,31;-0,64;4;2,3;-6,12;137472930;2,74;SAT;NEGATIF;NOTR;NEGATIF;ARTIYOR;SAT;SAT;NOTR;0;11.09.2026
PAPIL;izle;;39,7;12,3;19,4;8,0;8;0;zayif;23,2;49,5;71,3;yukari;zayif;zayif;asagi;0,37;-0,53;1;12,81;-3,32;39048531;11,65;AL;NEGATIF;AL;NEGATIF;ARTIYOR;AL;AL;UCUZ (AL);4;11.09.2026
AKMGY;izle;;39,3;21,3;7,9;10,1;10;0;zayif;13,1;41,4;52,0;yukari;zayif;zayif;asagi;0,83;-0,96;4;245;-3,07;7137830;241,49;SAT;NEGATIF;NOTR;NEGATIF;ARTIYOR;SAT;SAT;NOTR;0;11.09.2026
BANVT;izle;;39,1;1,8;18,0;19,3;6;0;zayif;16,5;48,9;46,2;asagi;zayif;zayif;asagi;3,13;-0,64;3;154;2,87;45022516;159,85;AL;NEGATIF;NOTR;NEGATIF;ARTIYOR;AL;AL;NOTR;3;11.09.2026
OZKGY;izle;;39,0;13,6;15,0;10,4;0;0;zayif;25,0;47,6;47,6;yukari;zayif;zayif;asagi;0,31;-0,37;1;13,13;-1,65;22145518;12,25;SAT;NEGATIF;AL;NEGATIF;AZALIYOR;SAT;SAT;NOTR;1;11.09.2026
IHYAY;izle;;38,9;4,9;16,0;18,0;22;2;zayif;24,6;47,2;56,2;asagi;zayif;zayif;asagi;1,97;-2,05;2;1,24;1,64;5308984;1,31;AL;NEGATIF;AL;NEGATIF;ARTIYOR;AL;SAT;UCUZ (AL);3;11.09.2026
BINHO;izle;;38,9;8,7;15,6;14,7;0;0;zayif;14,9;49,5;65,3;asagi;zayif;zayif;yukari;0,99;-0,09;2;9,94;-0,60;330516570;11,00;SAT;NEGATIF;NOTR;NEGATIF;AZALIYOR;AL;AL;NOTR;2;11.09.2026
HATEK;izle;;38,3;11,7;16,6;10,0;8;0;zayif;21,6;45,6;41,1;yukari;zayif;zayif;asagi;1,54;-1,24;1;12,81;-3,54;52060545;11,49;AL;NEGATIF;AL;NEGATIF;ARTIYOR;AL;SAT;NOTR;3;11.09.2026
KLMSN;izle;;38,2;11,2;16,3;10,6;16;1;zayif;20,3;45,5;35,2;yukari;zayif;zayif;asagi;1,10;-1,35;3;28,2;-0,35;19633150;26,86;AL;NEGATIF;AL;NEGATIF;AZALIYOR;AL;AL;NOTR;4;11.09.2026
BRKSN;izle;;38,2;8,8;15,2;14,3;10;0;zayif;17,8;45,6;34,2;yukari;zayif;zayif;asagi;1,21;-0,68;4;7,77;-1,52;3419290;7,34;SAT;NEGATIF;NOTR;NEGATIF;AZALIYOR;AL;AL;NOTR;2;11.09.2026
ODAS;izle;;38,1;14,6;17,9;5,6;40;4;zayif;17,6;47,6;66,4;asagi;zayif;zayif;asagi;0,80;-0,67;2;7,4;-1,07;328315149;7,86;AL;NEGATIF;NOTR;NEGATIF;AZALIYOR;AL;SAT;NOTR;2;11.09.2026
ULKER;izle;;37,8;5,3;21,8;10,6;32;3;zayif;25,7;54,7;59,2;asagi;zayif;zayif;asagi;0,44;-0,29;2;94,25;0,05;322975994;97,01;AL;POZITIF;AL;POZITIF;AZALIYOR;AL;SAT;NOTR;5;11.09.2026
DURKN;izle;;37,8;27,3;8,9;1,6;28;2;zayif;21,8;42,8;57,7;yukari;zayif;zayif;asagi;0,44;-0,63;3;20,22;0,10;18423777;19,66;SAT;NEGATIF;SAT;NEGATIF;AZALIYOR;SAT;SAT;NOTR;0;11.09.2026
DAGI;izle;;37,7;21,7;8,0;8,0;6;0;guclu trend;24,6;41,0;39,8;asagi;zayif;zayif;yukari;0,60;-0,64;3;9,16;-2,55;42899843;11,02;SAT;NEGATIF;SAT;NEGATIF;AZALIYOR;SAT;SAT;NOTR;0;11.09.2026
ADEL;izle;;37,3;10,6;17,5;9,2;10;1;zayif;26,5;47,5;46,2;asagi;zayif;zayif;asagi;0,37;-0,34;1;32,14;0,63;64668219;36,26;SAT;NEGATIF;AL;NEGATIF;AZALIYOR;SAT;SAT;NOTR;1;11.09.2026
OTKAR;izle;;37,3;9,0;19,8;8,5;6;0;zayif;14,7;49,9;41,8;yukari;zayif;zayif;asagi;0,29;-0,54;3;320;0,39;42720000;298,05;AL;NEGATIF;NOTR;NEGATIF;AZALIYOR;SAT;SAT;UCUZ (AL);1;11.09.2026
AKCNS;izle;;37,2;20,7;2,9;13,7;16;1;zayif;17,2;31,1;37,3;asagi;zayif;zayif;asagi;1,87;-2,25;3;220,5;-4,71;156435489;248,28;SAT;NEGATIF;NOTR;NEGATIF;ARTIYOR;SAT;SAT;NOTR;0;11.09.2026
DMRGD;izle;;37,1;21,3;7,8;8,0;10;0;guclu trend;21,8;39,7;26,4;asagi;zayif;zayif;yukari;0,41;-0,97;4;10,46;-1,32;134701610;12,14;SAT;NEGATIF;SAT;NEGATIF;AZALIYOR;SAT;AL;NOTR;1;11.09.2026
MOGAN;izle;;37,0;15,4;7,5;14,0;38;3;zayif;36,5;36,7;30,7;asagi;zayif;zayif;asagi;1,66;-1,87;3;14,76;9,99;456081092;16,61;SAT;NEGATIF;SAT;NEGATIF;ARTIYOR;SAT;AL;NOTR;1;11.09.2026
KRVGD;izle;;36,5;2,4;16,0;18,0;12;0;zayif;42,1;45,5;53,9;asagi;zayif;zayif;asagi;2,73;-2,11;2;2,32;0,00;65822699;2,40;AL;NEGATIF;SAT;POZITIF;AZALIYOR;AL;SAT;NOTR;3;11.09.2026
TAVHL;izle;;36,3;0,7;21,7;13,9;46;5;zayif;11,5;50,8;54,1;asagi;zayif;zayif;asagi;0,97;-0,04;3;274,5;-0,27;920806682;286,88;AL;POZITIF;NOTR;NEGATIF;AZALIYOR;AL;AL;NOTR;4;11.09.2026
MAALT;izle;;36,2;14,6;17,6;4,0;54;5;zayif;28,9;48,3;31,1;yukari;zayif;zayif;asagi;0,61;-0,90;3;1012;0,10;23878140;954,44;AL;NEGATIF;AL;NEGATIF;AZALIYOR;SAT;AL;NOTR;3;11.09.2026
ULAS;izle;;36,1;10,2;16,4;9,6;0;0;zayif;17,7;46,0;45,7;yukari;zayif;zayif;asagi;0,79;-1,35;2;21,54;0,09;3748477;19,75;AL;NEGATIF;NOTR;POZITIF;AZALIYOR;SAT;SAT;UCUZ (AL);2;11.09.2026
BEYAZ;izle;;36,1;0,4;17,0;18,8;0;0;zayif;13,1;48,9;49,6;asagi;zayif;zayif;asagi;2,61;-1,09;2;22,96;2,23;50549471;23,83;AL;NEGATIF;NOTR;NEGATIF;ARTIYOR;AL;AL;NOTR;3;11.09.2026
CCOLA;izle;;36,0;14,5;17,8;3,7;0;0;zayif;23,0;47,7;50,0;asagi;zayif;zayif;asagi;0,74;-0,72;2;80,2;0,88;348414865;84,19;AL;NEGATIF;SAT;POZITIF;AZALIYOR;AL;SAT;NOTR;3;11.09.2026
MERCN;izle;;35,9;1,5;16,4;18,0;0;0;zayif;23,1;47,3;42,6;asagi;zayif;zayif;asagi;1,80;-1,32;1;18,96;1,94;153130194;19,80;AL;NEGATIF;SAT;POZITIF;ARTIYOR;AL;AL;NOTR;4;11.09.2026
BLUME;izle;;35,8;6,2;11,1;18,5;16;1;zayif;20,7;43,0;22,9;asagi;zayif;zayif;asagi;1,28;-0,38;3;37,02;1,42;161691588;44,83;SAT;NEGATIF;SAT;NEGATIF;AZALIYOR;SAT;AL;UCUZ (AL);1;11.09.2026
VESBE;izle;;35,7;15,0;20,7;0,0;0;0;zayif;31,2;53,8;80,9;yukari;zayif;zayif;asagi;0,45;-0,17;2;5,78;0,17;60541506;5,12;AL;POZITIF;AL;POZITIF;AZALIYOR;AL;AL;UCUZ (AL);6;11.09.2026
TSGYO;izle;;35,4;10,0;17,0;8,4;16;1;zayif;17,1;46,8;64,4;yukari;zayif;zayif;asagi;0,35;-1,06;3;5,83;0,52;7129017;5,50;AL;NEGATIF;NOTR;NEGATIF;AZALIYOR;SAT;SAT;UCUZ (AL);1;11.09.2026
KRONT;izle;;35,2;21,2;8,2;5,8;10;0;zayif;20,5;38,3;33,2;asagi;zayif;zayif;asagi;1,05;-1,41;4;21,82;-0,64;35776770;25,91;SAT;NEGATIF;SAT;NEGATIF;AZALIYOR;SAT;SAT;NOTR;0;11.09.2026
KLNMA;izle;;35,2;8,0;16,2;11,0;0;0;zayif;10,2;46,4;30,4;yukari;zayif;zayif;asagi;1,25;-1,42;2;8,89;0,00;1837927;8,79;AL;NEGATIF;NOTR;NEGATIF;AZALIYOR;SAT;SAT;NOTR;1;11.09.2026
TUCLK;izle;;35,1;15,0;15,0;5,1;0;0;zayif;31,9;48,7;60,3;yukari;zayif;zayif;asagi;0,49;-0,40;2;3,88;0,78;19274478;3,67;SAT;NEGATIF;AL;NEGATIF;AZALIYOR;SAT;SAT;NOTR;1;11.09.2026
PEKGY;izle;;34,9;8,7;8,2;18,0;32;3;zayif;26,7;38,9;56,4;asagi;zayif;zayif;asagi;1,41;-2,18;1;12;0,59;3475056960;13,39;SAT;NEGATIF;AL;NEGATIF;ARTIYOR;AL;AL;NOTR;3;11.09.2026
AFYON;izle;;34,4;1,8;19,2;13,4;16;1;zayif;16,7;48,3;35,2;asagi;zayif;zayif;asagi;0,62;-0,59;3;12,52;0,16;12763639;13,12;AL;NEGATIF;NOTR;NEGATIF;AZALIYOR;AL;AL;NOTR;3;11.09.2026
EDIP;izle;;34,3;20,5;13,2;0,6;40;5;zayif;31,9;47,1;72,6;yukari;zayif;zayif;asagi;0,30;-0,48;2;35,66;-0,11;26348710;32,84;SAT;NEGATIF;AL;NEGATIF;AZALIYOR;SAT;SAT;NOTR;1;11.09.2026
PGSUS;izle;;34,3;2,2;18,4;13,6;0;0;zayif;17,7;52,4;60,8;asagi;zayif;zayif;asagi;0,95;-0,74;2;154,2;0,59;1529215741;158,55;AL;POZITIF;NOTR;POZITIF;AZALIYOR;AL;SAT;UCUZ (AL);4;11.09.2026
AKSEN;izle;;34,0;12,5;13,0;8,5;0;0;zayif;20,1;41,7;56,7;asagi;zayif;zayif;asagi;0,73;-1,50;2;80;0,06;434218720;89,03;AL;NEGATIF;SAT;NEGATIF;AZALIYOR;AL;AL;NOTR;3;11.09.2026
AHSGY;izle;;34,0;12,8;13,2;8,0;6;0;zayif;25,0;49,8;56,8;yukari;zayif;zayif;asagi;0,45;-0,98;3;17,09;9,97;26160398;13,66;SAT;NEGATIF;SAT;NEGATIF;ARTIYOR;AL;AL;NOTR;2;11.09.2026
SUWEN;izle;;33,9;2,8;25,0;6,0;10;1;zayif;19,3;57,5;77,1;asagi;guclu;yukselis;asagi;0,50;0,39;1;6,9;3,45;27672698;7,06;AL;POZITIF;NOTR;POZITIF;AZALIYOR;AL;SAT;UCUZ (AL);4;11.09.2026
EGSER;izle;;33,5;3,0;20,0;10,4;22;2;zayif;19,8;48,8;67,1;asagi;zayif;zayif;asagi;0,80;-0,49;2;2,95;-1,34;4683107;3,13;AL;NEGATIF;NOTR;NEGATIF;AZALIYOR;AL;SAT;NOTR;2;11.09.2026
TABGD;izle;;33,3;3,7;10,1;19,5;0;0;zayif;17,5;42,8;39,1;asagi;zayif;zayif;asagi;1,14;-1,20;2;234,8;1,69;167822126;254,84;SAT;NEGATIF;NOTR;NEGATIF;AZALIYOR;SAT;SAT;NOTR;0;11.09.2026
VRGYO;izle;;33,3;1,7;17,0;14,6;0;0;zayif;16,3;48,7;66,8;asagi;zayif;zayif;asagi;1,04;-1,18;2;1,8;-2,17;22539143;1,86;AL;NEGATIF;NOTR;NEGATIF;AZALIYOR;AL;AL;UCUZ (AL);3;11.09.2026
DOGUB;izle;;33,2;3,1;12,1;18,0;0;0;zayif;12,2;38,6;53,5;asagi;zayif;zayif;asagi;1,84;-2,23;1;63,65;0,24;51309984;78,65;AL;NEGATIF;NOTR;NEGATIF;AZALIYOR;AL;SAT;NOTR;2;11.09.2026
MGROS;izle;;33,0;2,4;13,8;16,7;10;0;zayif;36,9;44,3;63,8;asagi;zayif;zayif;asagi;1,22;-2,40;4;547,5;1,01;2288516603;568,11;AL;NEGATIF;SAT;NEGATIF;AZALIYOR;AL;AL;NOTR;3;11.09.2026
RNPOL;izle;;32,9;13,5;13,6;5,8;32;2;zayif;16,9;45,3;48,4;yukari;zayif;zayif;asagi;0,70;-0,80;4;2,31;3,12;5050954;2,19;SAT;NEGATIF;NOTR;NEGATIF;AZALIYOR;SAT;AL;NOTR;1;11.09.2026
OSTIM;izle;;32,9;1,6;19,6;11,6;0;0;zayif;16,2;55,1;47,3;asagi;zayif;zayif;asagi;0,92;-0,54;2;1,64;2,50;19904050;1,67;AL;POZITIF;NOTR;POZITIF;ARTIYOR;AL;AL;UCUZ (AL);5;11.09.2026
ESCOM;izle;;32,9;13,7;10,3;8,9;38;3;zayif;17,2;43,1;34,8;asagi;zayif;zayif;asagi;0,99;-1,15;3;5,28;1,34;110495959;5,69;SAT;NEGATIF;NOTR;NEGATIF;AZALIYOR;AL;AL;NOTR;2;11.09.2026
BIGTK;izle;;32,8;14,4;10,5;8,0;32;3;zayif;25,0;41,5;59,9;asagi;zayif;zayif;asagi;0,57;-0,85;2;291;4,68;113018871;367,92;SAT;NEGATIF;SAT;NEGATIF;AZALIYOR;SAT;AL;NOTR;1;11.09.2026
ONRYT;izle;;32,8;0,0;21,3;11,6;0;0;zayif;9,7;52,6;55,6;asagi;zayif;zayif;asagi;0,77;-0,06;2;60,85;-1,85;50441973;64,39;AL;POZITIF;NOTR;POZITIF;AZALIYOR;AL;AL;NOTR;5;11.09.2026
TATGD;izle;;32,7;11,2;18,6;2,9;6;0;zayif;10,0;48,9;55,9;asagi;zayif;zayif;asagi;0,38;-0,53;3;17,83;0,11;18161442;19,05;AL;NEGATIF;NOTR;NEGATIF;AZALIYOR;AL;SAT;NOTR;2;11.09.2026
TUKAS;izle;;32,7;3,4;19,1;10,2;10;1;zayif;20,7;51,0;51,6;asagi;zayif;zayif;asagi;0,93;-0,76;2;2,04;-0,49;119376190;2,11;AL;POZITIF;AL;NEGATIF;AZALIYOR;AL;SAT;UCUZ (AL);4;11.09.2026
CEMAS;izle;;32,7;4,4;20,3;8,0;0;0;zayif;23,3;49,3;60,9;asagi;zayif;zayif;asagi;0,53;-0,51;0;4,19;-2,56;35638963;4,52;AL;NEGATIF;AL;NEGATIF;AZALIYOR;AL;SAT;NOTR;3;11.09.2026
NUGYO;izle;;32,7;2,4;19,8;10,4;0;0;zayif;18,2;49,3;34,5;asagi;zayif;zayif;asagi;0,73;-0,45;0;9,12;-0,65;12247440;9,70;AL;NEGATIF;NOTR;POZITIF;AZALIYOR;AL;SAT;NOTR;3;11.09.2026
UNLU;izle;;32,7;2,4;12,7;17,6;10;0;zayif;33,7;40,5;29,8;asagi;zayif;zayif;asagi;1,27;-2,03;4;10,62;-1,58;13046638;11,30;AL;NEGATIF;SAT;NEGATIF;ARTIYOR;AL;AL;UCUZ (AL);3;11.09.2026
KTLEV;izle;;32,6;15,2;7,5;10,0;10;0;zayif;27,9;36,6;27,5;asagi;zayif;zayif;asagi;2,25;-2,23;4;37,64;-10,00;14524341775;51,07;SAT;NEGATIF;SAT;NEGATIF;ARTIYOR;SAT;AL;PAHALI (SAT);1;11.09.2026
MOBTL;izle;;32,6;13,0;17,8;1,8;10;0;zayif;10,5;47,9;43,1;asagi;zayif;zayif;asagi;0,36;-0,73;5;13,15;-0,08;17762967;14,33;AL;NEGATIF;NOTR;POZITIF;AZALIYOR;AL;SAT;NOTR;3;11.09.2026
LINK;izle;;32,5;2,3;12,2;18,0;22;2;zayif;28,9;38,9;57,3;asagi;zayif;zayif;asagi;2,11;-2,46;2;5,31;0,76;164041262;5,77;AL;NEGATIF;SAT;NEGATIF;ARTIYOR;AL;AL;NOTR;3;11.09.2026
POLTK;izle;;32,3;1,8;12,5;18,0;0;0;zayif;16,6;40,0;39,1;asagi;zayif;zayif;asagi;2,07;-2,21;2;4147,5;1,22;49703640;4459,83;AL;NEGATIF;NOTR;NEGATIF;ARTIYOR;AL;AL;UCUZ (AL);3;11.09.2026
EMNIS;izle;;32,3;8,3;14,4;9,5;0;0;zayif;14,3;44,7;30,8;yukari;zayif;zayif;asagi;0,98;-1,31;2;153,5;-0,97;912558;150,46;AL;NEGATIF;NOTR;NEGATIF;AZALIYOR;SAT;SAT;NOTR;1;11.09.2026
ESEN;izle;;32,2;6,5;15,5;10,2;46;4;zayif;28,7;48,5;46,3;asagi;zayif;zayif;asagi;0,85;-0,58;3;3,48;-0,85;112453319;3,71;SAT;NEGATIF;AL;NEGATIF;AZALIYOR;AL;AL;UCUZ (AL);3;11.09.2026
AKENR;izle;;32,1;4,1;19,9;8,0;10;1;zayif;22,6;49,7;56,1;asagi;zayif;zayif;asagi;0,43;-0,51;1;10,5;-1,78;51021264;11,26;AL;NEGATIF;AL;NEGATIF;AZALIYOR;AL;AL;NOTR;4;11.09.2026
ASGYO;izle;;32,1;2,5;19,6;10,0;0;0;zayif;15,3;51,2;57,8;asagi;zayif;zayif;asagi;0,47;-0,32;1;11,26;-0,27;16622913;11,69;AL;POZITIF;NOTR;POZITIF;AZALIYOR;AL;SAT;NOTR;4;11.09.2026
MERIT;izle;;31,9;0,0;19,2;12,7;0;0;zayif;8,6;53,2;50,1;asagi;zayif;zayif;asagi;0,94;-0,33;1;16,07;2,36;28202111;16,57;AL;POZITIF;NOTR;POZITIF;ARTIYOR;AL;SAT;NOTR;4;11.09.2026
ADESE;izle;;31,8;7,0;16,4;8,4;0;0;zayif;31,3;45,8;55,5;asagi;zayif;zayif;asagi;1,12;-1,34;2;0,85;-1,16;120523287;0,93;AL;NEGATIF;AL;NEGATIF;ARTIYOR;AL;SAT;UCUZ (AL);3;11.09.2026
CIMSA;izle;;31,8;0,6;18,7;12,5;6;0;zayif;13,5;50,6;50,0;asagi;zayif;zayif;asagi;0,48;-0,67;3;45,66;0,66;177382434;47,19;AL;POZITIF;NOTR;NEGATIF;AZALIYOR;AL;SAT;NOTR;3;11.09.2026
SRVGY;izle;;31,7;2,4;16,0;13,2;6;0;zayif;18,3;45,1;36,3;asagi;zayif;zayif;asagi;0,96;-1,64;3;2,48;-1,20;36719959;2,61;AL;NEGATIF;NOTR;NEGATIF;ARTIYOR;AL;AL;UCUZ (AL);3;11.09.2026
MNDRS;izle;;31,5;10,2;16,3;5,1;6;0;zayif;25,3;48,7;53,5;asagi;zayif;zayif;asagi;0,67;-0,17;3;11,22;-1,58;27399846;12,36;SAT;NEGATIF;AL;NEGATIF;AZALIYOR;SAT;SAT;NOTR;1;11.09.2026
EUREN;izle;;31,5;1,5;18,3;11,8;22;2;zayif;15,8;50,3;56,9;asagi;zayif;zayif;asagi;0,85;-0,93;1;3,93;-0,51;94231787;4,10;AL;POZITIF;NOTR;NEGATIF;AZALIYOR;AL;SAT;UCUZ (AL);3;11.09.2026
CONSE;izle;;31,3;4,6;16,0;10,7;10;1;zayif;23,9;45,3;55,3;asagi;zayif;zayif;asagi;0,86;-1,60;2;2,27;-0,44;16756779;2,44;AL;NEGATIF;AL;NEGATIF;AZALIYOR;SAT;SAT;UCUZ (AL);2;11.09.2026
MMCAS;izle;;31,3;10,3;13,0;8,0;0;0;zayif;29,0;41,5;50,9;yukari;zayif;zayif;asagi;0,50;-2,92;1;48;-2,32;984576;46,81;AL;NEGATIF;SAT;NEGATIF;AZALIYOR;AL;SAT;UCUZ (AL);2;11.09.2026
SODSN;izle;;31,2;10,3;11,1;9,8;6;0;zayif;28,8;35,2;42,1;yukari;zayif;zayif;asagi;1,29;-3,84;3;7,3;-2,14;738665;7,13;AL;NEGATIF;SAT;NEGATIF;ARTIYOR;SAT;SAT;UCUZ (AL);1;11.09.2026
VAKFN;izle;;30,9;2,4;13,2;15,3;0;0;zayif;33,8;42,2;39,7;asagi;zayif;zayif;asagi;1,14;-2,15;1;1,15;0,00;64522192;1,22;AL;NEGATIF;SAT;NEGATIF;AZALIYOR;AL;AL;UCUZ (AL);3;11.09.2026
PSGYO;izle;;30,6;10,3;9,5;10,8;0;0;zayif;15,6;41,8;24,4;asagi;zayif;zayif;asagi;0,87;-1,32;2;3,12;0,65;330974124;3,47;SAT;NEGATIF;NOTR;NEGATIF;AZALIYOR;AL;AL;NOTR;2;11.09.2026
ULUFA;izle;;30,6;0,2;17,1;13,2;0;0;zayif;13,8;46,9;42,3;asagi;zayif;zayif;asagi;0,91;-1,13;2;1,67;0,00;27580723;1,79;AL;NEGATIF;NOTR;NEGATIF;AZALIYOR;AL;SAT;NOTR;2;11.09.2026
GATEG;izle;;30,5;4,3;12,5;13,7;50;5;zayif;21,8;45,5;44,5;asagi;zayif;zayif;asagi;1,69;-1,29;4;275;10,00;6606325;297,49;SAT;NEGATIF;SAT;NEGATIF;ARTIYOR;SAT;AL;NOTR;1;11.09.2026
BRISA;izle;;30,4;1,8;18,5;10,2;0;0;zayif;16,5;50,5;30,6;asagi;zayif;zayif;asagi;0,54;-0,76;1;78,45;2,35;7790085;80,47;AL;POZITIF;NOTR;NEGATIF;AZALIYOR;AL;AL;NOTR;4;11.09.2026
SEKUR;izle;;30,4;13,8;8,6;8,0;0;0;zayif;17,9;41,3;38,1;asagi;zayif;zayif;yukari;0,60;-1,01;2;9,64;-3,31;12118001;11,42;SAT;NEGATIF;NOTR;NEGATIF;AZALIYOR;SAT;AL;NOTR;1;11.09.2026
ALKA;izle;;30,3;0,7;16,8;12,8;32;3;zayif;13,7;49,9;54,0;asagi;zayif;zayif;asagi;0,90;-1,19;1;8,27;0,61;21114964;8,61;AL;NEGATIF;NOTR;NEGATIF;AZALIYOR;AL;AL;UCUZ (AL);3;11.09.2026
ECILC;izle;;30,3;0,6;14,1;15,5;10;1;zayif;16,3;46,1;69,9;asagi;zayif;zayif;asagi;1,51;-0,99;2;72,3;0,98;602863862;80,64;SAT;NEGATIF;NOTR;NEGATIF;ARTIYOR;SAT;SAT;NOTR;0;11.09.2026
KCAER;izle;;30,1;17,9;6,5;5,7;32;2;zayif;28,7;33,2;23,6;asagi;zayif;zayif;asagi;0,74;-1,79;4;13,87;-2,32;139494363;15,69;SAT;NEGATIF;SAT;NEGATIF;AZALIYOR;SAT;SAT;NOTR;0;11.09.2026
ESCAR;izle;;30,0;10,9;10,3;8,8;10;1;zayif;16,7;42,8;68,4;asagi;zayif;zayif;asagi;0,16;-1,11;2;43,54;1,11;24380441;48,26;SAT;NEGATIF;NOTR;NEGATIF;AZALIYOR;SAT;SAT;NOTR;0;11.09.2026
YAYLA;izle;;30,0;7,0;19,0;4,0;32;3;zayif;40,8;49,1;55,0;asagi;zayif;zayif;asagi;0,27;-0,46;1;22,16;-1,95;7786847;24,12;AL;NEGATIF;AL;POZITIF;AZALIYOR;AL;SAT;UCUZ (AL);4;11.09.2026
FZLGY;izle;;29,9;6,6;13,2;10,0;6;0;zayif;29,1;42,5;59,9;asagi;zayif;zayif;asagi;3,32;-2,72;3;9,09;-0,55;632628713;9,66;AL;NEGATIF;AL;NEGATIF;ARTIYOR;AL;AL;NOTR;4;11.09.2026
VANGD;izle;;29,7;21,3;5,9;2,5;6;0;zayif;21,8;38,1;21,1;asagi;zayif;zayif;asagi;0,77;-1,22;3;88,3;-1,67;12879791;102,42;SAT;NEGATIF;SAT;NEGATIF;AZALIYOR;SAT;SAT;NOTR;0;11.09.2026
ALKIM;izle;;29,7;1,1;18,8;9,7;0;0;zayif;14,9;52,0;41,1;asagi;zayif;zayif;asagi;0,72;-0,58;1;15,99;0,00;20808874;16,48;AL;POZITIF;NOTR;POZITIF;ARTIYOR;AL;SAT;NOTR;4;11.09.2026
AKYHO;izle;;29,7;0,8;18,0;10,8;6;0;zayif;18,2;50,6;28,7;asagi;zayif;zayif;asagi;2,24;-0,64;3;2,21;-2,21;7363106;2,27;AL;POZITIF;NOTR;POZITIF;AZALIYOR;AL;AL;UCUZ (AL);5;11.09.2026
CEMTS;izle;;29,6;0,1;17,0;12,5;38;3;zayif;12,9;48,0;40,1;asagi;zayif;zayif;asagi;0,85;-1,29;3;8,87;-0,11;10721471;9,23;AL;NEGATIF;NOTR;NEGATIF;AZALIYOR;AL;SAT;UCUZ (AL);2;11.09.2026
ULUUN;izle;;29,4;13,3;8,1;8,0;0;0;zayif;14,8;42,1;43,5;yukari;zayif;zayif;asagi;0,49;-1,26;2;8,07;-2,77;39644400;7,98;SAT;NEGATIF;NOTR;NEGATIF;AZALIYOR;SAT;SAT;NOTR;0;11.09.2026
BRLSM;izle;;29,4;19,8;9,6;0,0;6;0;zayif;23,5;43,7;40,6;asagi;zayif;zayif;asagi;0,54;-0,63;3;17,41;-3,49;171300959;23,27;SAT;NEGATIF;AL;NEGATIF;AZALIYOR;SAT;SAT;NOTR;1;11.09.2026
DESA;izle;;29,3;8,2;13,1;8,0;6;0;zayif;13,4;46,5;52,3;yukari;zayif;zayif;asagi;0,40;-1,16;3;9,78;0,41;14528043;9,23;SAT;NEGATIF;NOTR;NEGATIF;AZALIYOR;SAT;SAT;NOTR;0;11.09.2026
KNFRT;izle;;29,3;14,7;14,5;0,0;10;0;zayif;16,5;46,2;56,5;yukari;zayif;zayif;asagi;0,35;-0,50;5;12,01;-1,64;21205865;11,09;SAT;NEGATIF;NOTR;NEGATIF;AZALIYOR;SAT;SAT;NOTR;0;11.09.2026
INTEM;izle;;29,2;11,1;9,9;8,2;0;0;zayif;20,1;44,8;32,1;yukari;zayif;zayif;asagi;0,68;-0,98;2;246,2;-0,57;8534277;237,10;SAT;NEGATIF;AL;NEGATIF;AZALIYOR;AL;SAT;NOTR;2;11.09.2026
AYEN;izle;;29,0;4,5;16,5;8,0;0;0;zayif;12,8;46,0;53,6;asagi;zayif;zayif;asagi;0,59;-1,27;2;31,26;-2,19;13062116;33,17;AL;NEGATIF;NOTR;NEGATIF;AZALIYOR;AL;AL;NOTR;3;11.09.2026
KENT;izle;;28,9;1,1;13,5;14,3;16;1;zayif;20,0;45,6;43,4;asagi;zayif;zayif;asagi;1,08;-0,97;3;351,75;3,15;1607498;386,46;SAT;NEGATIF;SAT;NEGATIF;ARTIYOR;SAT;AL;UCUZ (AL);1;11.09.2026
MACKO;izle;;28,8;8,8;15,7;4,3;6;0;zayif;14,0;47,7;76,7;yukari;zayif;zayif;asagi;0,49;-0,38;3;34,38;-0,58;19792704;31,82;SAT;NEGATIF;NOTR;NEGATIF;ARTIYOR;SAT;SAT;NOTR;0;11.09.2026
THYAO;izle;;28,8;4,1;17,1;7,5;0;0;zayif;12,9;46,0;36,8;asagi;zayif;zayif;asagi;0,77;-1,03;2;300,25;0,33;10864487401;313,33;AL;NEGATIF;NOTR;NEGATIF;AZALIYOR;AL;SAT;NOTR;2;11.09.2026
PENGD;izle;;28,7;6,4;16,0;6,3;0;0;zayif;28,6;47,9;39,6;asagi;zayif;zayif;asagi;0,84;-1,80;2;9,39;-0,95;19717845;9,59;AL;NEGATIF;AL;POZITIF;AZALIYOR;AL;SAT;NOTR;4;11.09.2026
SKBNK;izle;;28,7;6,9;12,4;9,4;18;1;zayif;29,8;39,6;56,1;asagi;zayif;zayif;asagi;0,78;-5,97;1;6,49;1,56;792602186;7,12;AL;NEGATIF;AL;NEGATIF;AZALIYOR;AL;SAT;NOTR;3;11.09.2026
EKIZ;izle;;28,7;2,4;12,2;14,0;0;0;zayif;35,3;39,0;58,0;asagi;zayif;zayif;asagi;2,37;-3,87;1;58,05;-4,21;1691055;61,69;AL;NEGATIF;SAT;NEGATIF;ARTIYOR;AL;AL;UCUZ (AL);3;11.09.2026
DESPC;izle;;28,5;2,7;17,8;8,0;0;0;zayif;18,9;47,5;63,7;asagi;zayif;zayif;asagi;0,52;-0,73;1;40,14;1,83;12112646;45,12;AL;NEGATIF;NOTR;NEGATIF;AZALIYOR;SAT;SAT;NOTR;1;11.09.2026
DERIM;izle;;28,2;5,4;13,5;9,3;22;2;zayif;25,9;45,1;36,0;asagi;zayif;zayif;asagi;0,77;-0,86;1;35,04;-0,79;12564188;39,16;SAT;NEGATIF;AL;NEGATIF;AZALIYOR;SAT;AL;NOTR;2;11.09.2026
GUNDG;izle;;28,2;4,7;5,5;18,0;0;0;zayif;24,3;30,0;20,0;asagi;zayif;zayif;asagi;1,73;-3,69;2;905,5;-9,99;373920792;1459,12;SAT;NEGATIF;SAT;NEGATIF;AZALIYOR;SAT;AL;NOTR;1;11.09.2026
NATEN;izle;;28,0;2,2;14,0;11,9;6;0;zayif;17,5;45,0;54,7;asagi;zayif;zayif;asagi;0,93;-2,01;3;5,39;0,19;42753297;5,59;AL;NEGATIF;NOTR;NEGATIF;ARTIYOR;AL;AL;UCUZ (AL);3;11.09.2026
PRKAB;izle;;27,7;11,2;16,1;0,4;0;0;zayif;20,2;46,2;65,7;yukari;zayif;zayif;asagi;0,70;-1,44;1;31,82;-1,06;22352214;29,97;AL;NEGATIF;AL;NEGATIF;AZALIYOR;AL;SAT;NOTR;3;11.09.2026
MAKTK;izle;;27,6;12,0;7,6;8,0;0;0;zayif;22,4;40,4;73,6;yukari;zayif;zayif;asagi;0,32;-1,97;1;9,67;-0,41;13693368;9,45;SAT;NEGATIF;AL;NEGATIF;AZALIYOR;SAT;SAT;UCUZ (AL);1;11.09.2026
EUPWR;izle;;27,3;15,4;7,8;4,0;10;1;zayif;29,8;37,8;46,7;asagi;zayif;zayif;asagi;0,62;-2,19;2;73,4;2,44;1058863482;88,15;SAT;NEGATIF;SAT;NEGATIF;AZALIYOR;SAT;AL;NOTR;1;11.09.2026
GSRAY;izle;;27,2;6,9;16,1;4,3;0;0;zayif;26,0;45,3;50,1;asagi;zayif;zayif;asagi;0,31;-0,54;1;1,03;0,98;85819242;1,11;SAT;NEGATIF;SAT;NEGATIF;AZALIYOR;SAT;SAT;UCUZ (AL);0;11.09.2026
ULUSE;izle;;27,2;5,4;7,7;14,0;0;0;zayif;32,8;37,4;25,8;asagi;zayif;zayif;asagi;1,37;-2,57;2;233,6;3,41;70360320;259,22;SAT;NEGATIF;SAT;NEGATIF;ARTIYOR;AL;AL;NOTR;2;11.09.2026
DAPGM;izle;;27,1;0,6;16,6;9,9;0;0;zayif;13,5;46,9;46,7;asagi;zayif;zayif;asagi;0,81;-1,23;2;8,2;1,23;583422505;9,11;AL;NEGATIF;NOTR;NEGATIF;ARTIYOR;AL;AL;UCUZ (AL);3;11.09.2026
DGGYO;izle;;26,7;5,2;17,5;4,0;0;0;zayif;13,7;46,2;28,6;asagi;zayif;zayif;asagi;0,61;-0,87;0;33,42;-0,24;2418338;36,55;AL;NEGATIF;NOTR;POZITIF;AZALIYOR;AL;AL;NOTR;4;11.09.2026
YATAS;izle;;26,6;2,2;16,0;8,3;0;0;zayif;28,3;45,2;54,6;asagi;zayif;zayif;asagi;0,72;-2,44;1;31,46;1,22;22938681;32,70;AL;NEGATIF;SAT;NEGATIF;AZALIYOR;AL;AL;NOTR;3;11.09.2026
MNDTR;izle;;26,5;3,2;17,4;5,9;0;0;zayif;20,2;49,8;59,8;asagi;zayif;zayif;asagi;0,54;-0,91;0;5,1;-0,39;5696369;5,30;AL;NEGATIF;AL;POZITIF;ARTIYOR;AL;SAT;UCUZ (AL);4;11.09.2026
ISGYO;izle;;26,3;17,9;4,2;4,2;46;4;zayif;25,1;34,6;49,4;asagi;zayif;zayif;asagi;0,61;-1,54;3;23,5;-2,16;28789568;26,59;SAT;NEGATIF;SAT;NEGATIF;AZALIYOR;SAT;SAT;NOTR;0;11.09.2026
ERCB;izle;;26,3;8,9;13,4;4,0;0;0;zayif;14,3;43,0;47,6;yukari;zayif;zayif;asagi;0,63;-1,90;2;44,78;-0,04;24596669;41,03;AL;NEGATIF;NOTR;NEGATIF;AZALIYOR;AL;SAT;UCUZ (AL);2;11.09.2026
KMPUR;izle;;26,2;8,3;9,9;8,0;0;0;zayif;27,5;42,0;32,9;asagi;zayif;zayif;asagi;0,56;-1,17;2;18,8;0,11;28349535;20,76;SAT;NEGATIF;SAT;NEGATIF;AZALIYOR;AL;AL;NOTR;2;11.09.2026
SNGYO;izle;;26,2;10,3;12,7;3,1;0;0;zayif;18,0;45,2;44,8;yukari;zayif;zayif;asagi;0,89;-1,19;2;3,24;0,62;62010136;3,17;SAT;NEGATIF;NOTR;NEGATIF;AZALIYOR;SAT;SAT;UCUZ (AL);0;11.09.2026
TRILC;izle;;26,0;10,4;11,6;4,0;0;0;zayif;33,5;37,0;38,1;yukari;zayif;zayif;asagi;0,59;-6,50;1;1,05;-4,55;2524974;1,03;AL;NEGATIF;SAT;NEGATIF;ARTIYOR;AL;AL;UCUZ (AL);3;11.09.2026
BMSTL;izle;;25,6;9,6;10,1;5,9;10;1;zayif;13,1;44,1;43,2;asagi;zayif;zayif;asagi;0,52;-0,77;1;43,44;-1,45;51947290;47,29;SAT;NEGATIF;NOTR;NEGATIF;AZALIYOR;AL;AL;NOTR;2;11.09.2026
YONGA;izle;;25,6;1,5;10,1;14,0;10;0;zayif;23,0;31,9;18,2;asagi;zayif;zayif;asagi;1,33;-4,30;4;43,7;-1,84;1048407;46,60;AL;NEGATIF;SAT;NEGATIF;AZALIYOR;AL;AL;UCUZ (AL);3;11.09.2026
ISSEN;izle;;25,6;5,2;18,0;2,4;10;1;zayif;25,5;45,3;66,1;asagi;zayif;zayif;asagi;0,63;-0,96;2;6,91;-0,43;5626702;7,43;AL;NEGATIF;AL;NEGATIF;AZALIYOR;SAT;SAT;NOTR;2;11.09.2026
PRDGS;izle;;25,5;16,8;8,7;0,0;20;1;zayif;27,0;40,0;23,0;yukari;zayif;zayif;asagi;0,57;-1,41;5;7;-1,13;29940743;6,87;SAT;NEGATIF;AL;NEGATIF;AZALIYOR;SAT;SAT;NOTR;1;11.09.2026
KUTPO;izle;;25,5;1,4;12,7;11,4;40;5;zayif;22,1;40,6;25,8;asagi;zayif;zayif;asagi;1,00;-1,91;1;78,7;0,00;14050783;83,78;AL;NEGATIF;SAT;NEGATIF;AZALIYOR;AL;SAT;UCUZ (AL);2;11.09.2026
KLRHO;izle;;25,5;0,7;10,7;14,0;0;0;zayif;17,5;34,1;20,3;asagi;zayif;zayif;asagi;1,90;-4,52;1;62,2;0,16;401452857;70,14;AL;NEGATIF;NOTR;NEGATIF;AZALIYOR;SAT;SAT;UCUZ (AL);1;11.09.2026
GEREL;izle;;25,4;13,5;7,9;4,0;28;2;zayif;15,8;40,6;51,4;asagi;zayif;zayif;asagi;0,59;-1,25;3;36,2;-6,27;131932095;42,71;SAT;NEGATIF;NOTR;NEGATIF;AZALIYOR;SAT;SAT;NOTR;0;11.09.2026
ICBCT;izle;;25,3;12,3;9,0;4,0;6;0;zayif;8,2;40,9;35,2;asagi;zayif;zayif;asagi;0,55;-1,41;3;19,25;0,63;15600951;21,47;SAT;NEGATIF;NOTR;NEGATIF;AZALIYOR;SAT;SAT;NOTR;0;11.09.2026
IZFAS;izle;;25,2;3,6;13,5;8,0;0;0;zayif;16,7;42,7;63,5;asagi;zayif;zayif;asagi;0,55;-1,41;2;52,15;-9,93;176934051;63,36;AL;NEGATIF;NOTR;NEGATIF;ARTIYOR;AL;SAT;NOTR;2;11.09.2026
BRMEN;izle;;25,1;11,6;7,4;6,2;10;0;zayif;33,1;36,2;19,3;asagi;zayif;zayif;asagi;1,07;-3,15;4;12,5;2,46;2910075;13,81;SAT;NEGATIF;SAT;NEGATIF;AZALIYOR;AL;AL;NOTR;2;11.09.2026
TBORG;izle;;24,9;7,1;9,7;8,2;0;0;zayif;27,2;40,0;38,1;asagi;zayif;zayif;asagi;0,46;-1,14;2;135;0,22;25094880;152,27;SAT;NEGATIF;SAT;NEGATIF;AZALIYOR;SAT;AL;NOTR;1;11.09.2026
DOFER;izle;;24,9;8,1;8,0;8,8;0;0;zayif;12,7;41,7;48,6;yukari;zayif;zayif;asagi;0,59;-1,94;2;27,72;-1,00;9463857;27,00;SAT;NEGATIF;NOTR;NEGATIF;AZALIYOR;AL;AL;UCUZ (AL);2;11.09.2026
KONTR;izle;;24,8;2,4;13,1;9,2;0;0;zayif;34,3;42,1;21,6;asagi;zayif;zayif;asagi;1,01;-5,33;2;3,5;6,06;14095407;3,56;AL;NEGATIF;SAT;NEGATIF;ARTIYOR;AL;AL;UCUZ (AL);3;11.09.2026
YYLGD;izle;;24,6;0,0;16,8;7,8;10;1;zayif;11,1;46,9;35,7;asagi;zayif;zayif;asagi;0,56;-1,24;2;10,1;-0,10;37211511;10,53;AL;NEGATIF;NOTR;NEGATIF;AZALIYOR;AL;SAT;NOTR;2;11.09.2026
IDGYO;izle;;24,3;2,4;11,5;10,4;10;0;zayif;35,2;36,7;37,1;asagi;zayif;zayif;asagi;1,08;-3,29;4;2,9;-1,36;5637670;3,32;AL;NEGATIF;SAT;NEGATIF;AZALIYOR;AL;SAT;NOTR;2;11.09.2026
PKENT;izle;;24,3;3,3;12,6;8,5;10;1;zayif;20,4;40,3;46,7;asagi;zayif;zayif;asagi;0,56;-2,38;1;122,9;-1,21;8326352;132,33;AL;NEGATIF;AL;NEGATIF;ARTIYOR;AL;SAT;UCUZ (AL);3;11.09.2026
PARSN;izle;;24,3;3,3;17,0;4,0;10;0;zayif;20,5;49,4;43,1;asagi;zayif;zayif;asagi;0,59;-1,08;4;72,8;-0,34;15699247;76,10;AL;NEGATIF;AL;POZITIF;AZALIYOR;AL;AL;UCUZ (AL);5;11.09.2026
MARBL;izle;;24,3;1,0;12,9;10,4;16;1;zayif;14,7;45,6;53,5;asagi;zayif;zayif;asagi;0,62;-0,82;3;12,19;-1,22;10168362;13,00;SAT;NEGATIF;NOTR;NEGATIF;AZALIYOR;SAT;AL;NOTR;1;11.09.2026
BULGS;izle;;24,2;2,4;11,8;10,0;6;0;zayif;40,5;37,6;36,6;asagi;zayif;zayif;asagi;2,00;-2,75;3;31,82;4,33;187415154;34,37;AL;NEGATIF;SAT;NEGATIF;ARTIYOR;AL;AL;UCUZ (AL);3;11.09.2026
ISFIN;izle;;24,2;6,3;7,0;10,9;20;1;zayif;14,7;39,0;37,9;asagi;zayif;zayif;asagi;1,02;-1,30;4;19,2;-0,26;34861805;20,44;SAT;NEGATIF;NOTR;NEGATIF;AZALIYOR;SAT;SAT;NOTR;0;11.09.2026
KRDMB;izle;;24,2;15,4;4,8;4,0;0;0;zayif;29,3;27,7;35,1;asagi;zayif;zayif;asagi;0,20;-3,33;2;98;-3,26;38969112;120,75;SAT;NEGATIF;SAT;NEGATIF;AZALIYOR;SAT;SAT;PAHALI (SAT);0;11.09.2026
PENTA;izle;;24,1;0,0;12,7;11,4;38;3;zayif;9,9;45,5;54,3;asagi;zayif;zayif;asagi;0,63;-1,02;3;13,06;-0,31;14167880;13,99;SAT;NEGATIF;NOTR;NEGATIF;AZALIYOR;SAT;SAT;NOTR;0;11.09.2026
BALSU;izle;;24,1;2,2;10,9;10,9;6;0;zayif;28,5;34,8;51,0;asagi;zayif;zayif;asagi;1,11;-3,97;3;8,73;0,58;678792202;10,57;AL;NEGATIF;SAT;NEGATIF;AZALIYOR;AL;AL;UCUZ (AL);3;11.09.2026
SARKY;izle;;24,0;12,4;9,6;2,0;32;3;zayif;15,6;44,9;52,0;yukari;zayif;zayif;asagi;0,59;-1,17;1;24,28;-1,54;102228439;23,35;SAT;NEGATIF;NOTR;NEGATIF;AZALIYOR;SAT;SAT;NOTR;0;11.09.2026
MTRYO;izle;;24,0;2,1;17,9;4,0;20;1;zayif;17,5;49,5;41,0;asagi;zayif;zayif;asagi;0,45;-0,70;4;8,99;1,35;1152293;9,63;AL;NEGATIF;NOTR;NEGATIF;AZALIYOR;AL;AL;NOTR;3;11.09.2026
PASEU;izle;;23,7;12,4;1,2;10,0;10;0;zayif;36,2;29,1;36,9;asagi;zayif;zayif;asagi;3,30;-3,80;5;93,7;-9,99;4205845092;147,06;SAT;NEGATIF;SAT;NEGATIF;AZALIYOR;SAT;SAT;NOTR;0;11.09.2026
KLKIM;izle;;23,7;0,3;14,1;9,2;6;0;zayif;14,3;47,0;32,8;asagi;zayif;zayif;asagi;0,52;-1,13;3;26,52;-0,67;28214681;28,72;SAT;NEGATIF;NOTR;NEGATIF;AZALIYOR;AL;AL;UCUZ (AL);2;11.09.2026
PINSU;izle;;23,5;6,5;17,0;0,0;22;2;zayif;28,7;45,1;69,7;asagi;zayif;zayif;asagi;0,50;-1,05;1;10,22;-0,97;18361232;11,02;AL;NEGATIF;AL;NEGATIF;AZALIYOR;AL;SAT;UCUZ (AL);3;11.09.2026
QNBFK;izle;;23,5;4,8;12,7;6,0;0;0;zayif;25,1;40,8;52,5;asagi;zayif;zayif;asagi;0,82;-1,86;2;41;0,05;954070;44,07;AL;NEGATIF;SAT;NEGATIF;AZALIYOR;AL;AL;NOTR;3;11.09.2026
ATLAS;izle;;23,4;2,1;13,2;8,0;0;0;zayif;27,8;42,4;38,8;asagi;zayif;zayif;asagi;0,47;-2,08;1;6,21;0,16;2224062;6,60;AL;NEGATIF;SAT;NEGATIF;ARTIYOR;AL;AL;NOTR;3;11.09.2026
KOCMT;izle;;23,1;15,1;8,1;0,0;38;3;zayif;27,4;38,5;50,3;asagi;zayif;zayif;asagi;0,51;-1,69;3;3,78;-2,83;131934066;4,76;SAT;NEGATIF;SAT;NEGATIF;AZALIYOR;SAT;SAT;NOTR;0;11.09.2026
PLTUR;izle;;23,1;0,3;13,7;9,1;0;0;zayif;14,3;43,7;54,6;asagi;zayif;zayif;asagi;0,28;-1,44;2;20,2;-1,08;22683893;22,67;AL;NEGATIF;NOTR;NEGATIF;AZALIYOR;SAT;SAT;NOTR;1;11.09.2026
AKGRT;izle;;23,0;1,9;11,1;10,0;10;0;zayif;26,2;35,3;34,5;asagi;zayif;zayif;asagi;1,23;-3,41;5;6,06;0,83;96512166;6,42;AL;NEGATIF;SAT;NEGATIF;AZALIYOR;SAT;SAT;UCUZ (AL);1;11.09.2026
GOLTS;izle;;23,0;0,9;13,3;8,8;6;0;zayif;18,4;47,4;24,1;asagi;zayif;zayif;asagi;0,54;-1,17;3;299,25;1,10;25175304;313,22;SAT;NEGATIF;NOTR;NEGATIF;AZALIYOR;SAT;AL;NOTR;1;11.09.2026
GIPTA;izle;;22,8;6,9;11,9;4,0;0;0;zayif;25,8;44,9;62,8;asagi;zayif;zayif;asagi;0,41;-0,47;1;71,6;-2,59;232654391;89,39;SAT;NEGATIF;SAT;NEGATIF;AZALIYOR;SAT;SAT;NOTR;0;11.09.2026
ACSEL;izle;;22,7;4,1;6,6;12,1;10;0;zayif;20,1;36,9;33,6;asagi;zayif;zayif;asagi;0,94;-2,59;4;111,6;-1,76;13891298;124,29;SAT;NEGATIF;SAT;NEGATIF;AZALIYOR;AL;SAT;NOTR;1;11.09.2026
VAKKO;izle;;22,5;0,6;17,3;4,6;0;0;zayif;13,4;45,6;49,1;asagi;zayif;zayif;asagi;0,32;-0,94;1;66,6;-0,52;4309686;72,32;AL;NEGATIF;NOTR;NEGATIF;AZALIYOR;AL;SAT;NOTR;2;11.09.2026
AVHOL;izle;;22,4;1,6;12,8;8,0;6;0;zayif;24,0;41,0;39,0;asagi;zayif;zayif;asagi;0,63;-2,20;3;34,68;1,23;42295034;36,64;AL;NEGATIF;SAT;NEGATIF;ARTIYOR;AL;AL;NOTR;3;11.09.2026
GWIND;izle;;22,3;0,0;16,0;6,3;6;0;zayif;11,6;46,8;55,2;asagi;zayif;zayif;asagi;0,73;-1,75;3;22,98;-0,69;56278893;23,62;AL;NEGATIF;NOTR;NEGATIF;AZALIYOR;AL;AL;NOTR;3;11.09.2026
TLMAN;izle;;22,3;4,7;13,6;4,0;0;0;zayif;24,1;43,7;28,7;asagi;zayif;zayif;asagi;0,37;-1,60;2;78,9;-0,13;4922098;85,09;AL;NEGATIF;AL;NEGATIF;AZALIYOR;SAT;SAT;UCUZ (AL);2;11.09.2026
SNICA;izle;;22,3;1,3;12,9;8,0;0;0;zayif;15,4;41,4;58,4;asagi;zayif;zayif;asagi;0,42;-2,58;1;3,15;-1,25;21702791;3,57;AL;NEGATIF;NOTR;NEGATIF;AZALIYOR;AL;AL;UCUZ (AL);3;11.09.2026
SKTAS;izle;;22,3;3,5;18,8;0,0;6;0;zayif;21,0;48,4;66,6;asagi;zayif;zayif;asagi;0,66;-0,53;3;3,24;0,31;37921073;3,49;AL;NEGATIF;AL;POZITIF;AZALIYOR;SAT;SAT;NOTR;3;11.09.2026
FENER;izle;;22,0;0,9;8,8;12,3;0;0;zayif;18,6;40,9;56,0;asagi;zayif;zayif;asagi;0,84;-1,53;2;2,95;0,00;372079125;3,25;SAT;NEGATIF;NOTR;NEGATIF;AZALIYOR;SAT;AL;NOTR;1;11.09.2026
SEGYO;izle;;21,8;1,8;10,0;10,0;6;0;zayif;25,5;31,6;34,8;asagi;zayif;zayif;asagi;1,40;-4,17;3;3,53;-3,29;16432517;3,90;AL;NEGATIF;SAT;NEGATIF;ARTIYOR;AL;SAT;UCUZ (AL);2;11.09.2026
SEGMN;izle;;21,8;6,0;7,8;8,0;6;0;zayif;23,5;37,7;17,0;asagi;zayif;zayif;asagi;0,63;-1,92;3;45,4;-2,95;30275308;53,54;SAT;NEGATIF;SAT;NEGATIF;AZALIYOR;SAT;SAT;NOTR;0;11.09.2026
GLRYH;izle;;21,6;1,3;10,1;10,1;0;0;zayif;15,5;44,4;66,1;asagi;zayif;zayif;asagi;0,41;-1,35;1;3;-1,64;11338029;3,34;SAT;NEGATIF;NOTR;NEGATIF;AZALIYOR;SAT;SAT;UCUZ (AL);0;11.09.2026
PAGYO;izle;;21,4;14,0;7,4;0,0;6;0;zayif;19,0;36,4;21,0;asagi;zayif;zayif;asagi;0,45;-2,08;3;137,6;0,36;7502778;153,12;SAT;NEGATIF;NOTR;NEGATIF;AZALIYOR;AL;AL;NOTR;2;11.09.2026
EUYO;izle;;21,4;0,5;9,3;11,6;16;1;zayif;13,3;42,6;41,1;asagi;zayif;zayif;asagi;0,91;-1,50;3;4,77;0,21;3815404;5,38;SAT;NEGATIF;NOTR;NEGATIF;ARTIYOR;AL;AL;NOTR;2;11.09.2026
TMSN;izle;;21,3;0,5;12,8;8,0;0;0;zayif;13,3;40,9;59,6;asagi;zayif;zayif;asagi;0,60;-2,50;1;73;-0,88;24251695;77,43;AL;NEGATIF;NOTR;NEGATIF;AZALIYOR;AL;AL;UCUZ (AL);3;11.09.2026
USAK;izle;;21,3;0,4;11,6;9,3;0;0;zayif;15,2;36,9;32,1;asagi;zayif;zayif;asagi;0,78;-3,03;0;1,2;-0,83;32870184;1,29;AL;NEGATIF;NOTR;NEGATIF;AZALIYOR;AL;SAT;UCUZ (AL);2;11.09.2026
DCTTR;izle;;21,3;2,4;8,8;10,0;10;0;zayif;49,1;27,7;31,4;asagi;zayif;zayif;asagi;4,78;-5,86;6;5,83;-9,75;286775345;6,97;AL;NEGATIF;SAT;NEGATIF;ARTIYOR;AL;AL;UCUZ (AL);3;11.09.2026
CLEBI;izle;;21,2;0,6;16,6;4,1;10;0;zayif;13,5;46,5;40,7;asagi;zayif;zayif;asagi;0,70;-1,43;4;1463;-0,14;23412389;1536,13;AL;NEGATIF;NOTR;NEGATIF;AZALIYOR;AL;AL;NOTR;3;11.09.2026
ASUZU;izle;;21,0;1,0;16,0;4,0;0;0;zayif;19,3;45,4;36,9;asagi;zayif;zayif;asagi;0,45;-2,26;2;48,12;-0,46;8150614;50,06;AL;NEGATIF;NOTR;NEGATIF;AZALIYOR;AL;SAT;NOTR;2;11.09.2026
ENDAE;izle;;20,9;13,8;7,1;0,0;28;2;zayif;20,8;40,3;39,9;asagi;zayif;zayif;asagi;0,63;-1,06;3;16,61;-3,37;63196665;19,53;SAT;NEGATIF;SAT;NEGATIF;AZALIYOR;SAT;SAT;NOTR;0;11.09.2026
KIMMR;izle;;20,7;2,4;10,3;8,0;0;0;zayif;37,3;32,7;26,5;asagi;zayif;zayif;asagi;0,56;-3,83;2;13,01;0,23;6916077;13,89;AL;NEGATIF;SAT;NEGATIF;AZALIYOR;AL;AL;NOTR;3;11.09.2026
ATAGY;izle;;20,7;2,4;13,8;4,4;0;0;zayif;36,9;44,5;35,4;asagi;zayif;zayif;asagi;0,97;-1,69;2;10,11;-0,79;2069881;10,60;AL;NEGATIF;SAT;NEGATIF;AZALIYOR;AL;AL;UCUZ (AL);3;11.09.2026
SEYKM;izle;;20,6;1,9;14,8;4,0;6;0;zayif;16,9;44,8;30,9;asagi;zayif;zayif;asagi;0,53;-1,15;3;4,43;0,00;3092849;4,71;AL;NEGATIF;NOTR;NEGATIF;AZALIYOR;AL;AL;NOTR;3;11.09.2026
INVEO;izle;;20,6;0,0;12,6;8,0;0;0;zayif;11,8;40,2;49,1;asagi;zayif;zayif;asagi;0,59;-2,23;1;6,77;-0,88;14092615;7,31;AL;NEGATIF;NOTR;NEGATIF;AZALIYOR;AL;SAT;UCUZ (AL);2;11.09.2026
SILVR;izle;;20,3;0,3;11,6;8,4;10;0;zayif;14,1;37,1;37,7;asagi;zayif;zayif;asagi;0,96;-2,03;4;2,16;-0,92;2365913;2,36;AL;NEGATIF;NOTR;NEGATIF;AZALIYOR;SAT;SAT;UCUZ (AL);1;11.09.2026
SDTTR;izle;;20,2;4,8;7,4;8,0;10;1;zayif;14,9;41,0;49,5;asagi;zayif;zayif;asagi;0,49;-1,21;0;20,7;0,00;115743574;24,56;SAT;NEGATIF;NOTR;NEGATIF;AZALIYOR;SAT;SAT;NOTR;0;11.09.2026
EDATA;izle;;20,2;14,2;6,0;0,0;0;0;zayif;21,0;31,6;29,3;asagi;zayif;zayif;asagi;0,69;-1,94;2;16,41;-0,12;47898804;19,32;SAT;NEGATIF;SAT;NEGATIF;AZALIYOR;SAT;SAT;NOTR;0;11.09.2026
LUKSK;izle;;20,0;0,0;12,0;8,0;0;0;zayif;10,4;38,5;45,7;asagi;zayif;zayif;asagi;0,36;-2,64;2;83,05;0,85;3018037;90,21;AL;NEGATIF;NOTR;NEGATIF;AZALIYOR;AL;SAT;UCUZ (AL);2;11.09.2026
RODRG;izle;;19,7;11,5;7,2;1,0;0;0;zayif;15,5;40,3;57,7;yukari;zayif;zayif;asagi;0,52;-1,24;2;23,36;-0,60;3839940;22,52;SAT;NEGATIF;NOTR;NEGATIF;AZALIYOR;SAT;SAT;NOTR;0;11.09.2026
ANSGR;izle;;19,7;6,0;8,7;5,0;28;2;zayif;18,5;40,2;36,5;asagi;zayif;zayif;asagi;0,73;-1,43;3;26,5;0,76;77540908;28,02;SAT;NEGATIF;NOTR;NEGATIF;AZALIYOR;AL;AL;NOTR;2;11.09.2026
DOAS;izle;;19,6;1,1;12,5;6,0;10;0;zayif;19,9;40,1;38,9;asagi;zayif;zayif;asagi;0,76;-2,86;4;165,1;0,36;108968807;171,91;AL;NEGATIF;NOTR;NEGATIF;AZALIYOR;AL;SAT;NOTR;2;11.09.2026
GSDHO;izle;;19,6;0,0;13,7;5,9;0;0;zayif;12,2;43,9;30,3;asagi;zayif;zayif;asagi;0,81;-1,76;2;4,65;-0,64;42967665;4,97;AL;NEGATIF;NOTR;NEGATIF;AZALIYOR;AL;SAT;NOTR;2;11.09.2026
CRDFA;izle;;19,5;5,4;9,5;4,6;0;0;zayif;36,2;29,9;33,7;asagi;zayif;zayif;asagi;0,98;-3,86;2;24,12;-2,98;43622636;29,34;AL;NEGATIF;SAT;NEGATIF;AZALIYOR;SAT;SAT;NOTR;1;11.09.2026
AYCES;izle;;19,5;0,0;11,5;8,0;0;0;zayif;9,7;36,5;48,6;asagi;zayif;zayif;asagi;0,58;-3,29;2;427;-1,16;23012738;477,34;AL;NEGATIF;NOTR;NEGATIF;ARTIYOR;SAT;SAT;NOTR;1;11.09.2026
HEDEF;izle;;19,4;5,4;4,0;10,0;0;0;zayif;39,8;18,5;-0,0;asagi;zayif;zayif;asagi;2,33;-8,13;1;32,72;-9,96;964519113;67,06;SAT;NEGATIF;SAT;NEGATIF;AZALIYOR;SAT;AL;NOTR;1;11.09.2026
GEDZA;izle;;19,3;1,1;8,5;9,7;28;2;zayif;20,2;40,1;34,9;asagi;zayif;zayif;asagi;0,58;-1,76;3;27,46;0,37;8183986;29,87;SAT;NEGATIF;SAT;NEGATIF;AZALIYOR;SAT;SAT;NOTR;0;11.09.2026
HOROZ;izle;;19,3;1,0;10,2;8,0;0;0;zayif;14,7;43,9;36,1;asagi;zayif;zayif;asagi;0,38;-1,26;0;58;1,75;44549800;64,74;SAT;NEGATIF;NOTR;NEGATIF;AZALIYOR;SAT;SAT;NOTR;0;11.09.2026
OYLUM;izle;;19,2;0,8;8,4;10,0;6;0;zayif;17,9;26,5;35,7;asagi;zayif;zayif;asagi;1,35;-2,77;3;6,94;-0,72;4015408;7,59;AL;NEGATIF;NOTR;NEGATIF;AZALIYOR;SAT;SAT;UCUZ (AL);1;11.09.2026
KATMR;izle;;19,2;2,4;5,9;10,9;10;0;zayif;45,5;31,4;27,3;asagi;zayif;zayif;asagi;0,87;-4,59;4;1,89;0,53;138519597;2,06;SAT;NEGATIF;SAT;NEGATIF;AZALIYOR;AL;AL;UCUZ (AL);2;11.09.2026
BARMA;izle;;19,1;2,4;8,7;8,0;0;0;zayif;67,4;27,3;33,3;asagi;zayif;zayif;asagi;0,35;-14,42;2;10;1,11;4337300;10,60;AL;NEGATIF;SAT;POZITIF;AZALIYOR;AL;AL;UCUZ (AL);4;11.09.2026
A1YEN;izle;;18,9;0,9;9,5;8,4;0;0;zayif;14,3;43,4;63,9;asagi;zayif;zayif;asagi;0,52;-1,53;1;2,65;-2,21;26375042;2,86;SAT;NEGATIF;NOTR;NEGATIF;AZALIYOR;AL;AL;NOTR;2;11.09.2026
IMASM;izle;;18,6;1,0;13,6;4,0;46;4;zayif;14,6;43,7;17,4;asagi;zayif;zayif;asagi;0,62;-2,64;3;2,31;-1,28;30983600;2,44;AL;NEGATIF;NOTR;NEGATIF;AZALIYOR;AL;SAT;UCUZ (AL);2;11.09.2026
BTCIM;izle;;18,6;2,4;6,1;10,0;6;0;zayif;50,1;32,1;48,3;asagi;zayif;zayif;asagi;1,78;-3,79;3;3,91;-0,26;907573861;4,42;SAT;NEGATIF;SAT;NEGATIF;AZALIYOR;AL;AL;NOTR;2;11.09.2026
TKNSA;izle;;18,4;1,4;9,0;8,0;20;1;zayif;22,5;41,5;52,1;asagi;zayif;zayif;asagi;0,58;-1,59;4;16,59;0,48;99543666;19,65;SAT;NEGATIF;SAT;NEGATIF;AZALIYOR;SAT;SAT;UCUZ (AL);0;11.09.2026
ALCTL;izle;;18,4;5,4;10,2;2,8;6;0;zayif;49,6;32,2;18,8;asagi;zayif;zayif;asagi;0,87;-3,74;3;112,4;0,54;46574514;129,01;AL;NEGATIF;SAT;NEGATIF;AZALIYOR;SAT;SAT;NOTR;1;11.09.2026
BAYRK;izle;;18,4;3,7;6,7;8,0;32;3;zayif;21,4;38,7;47,3;asagi;zayif;zayif;asagi;0,37;-1,97;2;4,12;-1,90;15434583;4,56;SAT;NEGATIF;AL;NEGATIF;AZALIYOR;SAT;SAT;NOTR;1;11.09.2026
PKART;izle;;18,2;12,7;5,5;0,0;0;0;zayif;17,8;37,7;55,3;asagi;zayif;zayif;asagi;0,60;-1,50;2;115,4;-0,69;40804863;136,76;SAT;NEGATIF;NOTR;NEGATIF;AZALIYOR;SAT;SAT;NOTR;0;11.09.2026
QNBTR;izle;;18,2;2,4;11,8;4,0;6;0;zayif;47,0;37,6;25,9;asagi;zayif;zayif;asagi;0,69;-5,03;3;184,2;0,00;1461627;189,30;AL;NEGATIF;SAT;NEGATIF;AZALIYOR;AL;AL;UCUZ (AL);3;11.09.2026
BEGYO;izle;;18,1;1,2;5,6;11,4;10;0;zayif;20,5;35,3;35,8;asagi;zayif;zayif;asagi;1,14;-2,91;5;3,34;-1,18;13201380;3,66;SAT;NEGATIF;SAT;NEGATIF;AZALIYOR;SAT;SAT;UCUZ (AL);0;11.09.2026
ERSU;izle;;18,1;5,9;8,5;3,7;10;1;zayif;14,4;37,6;42,8;asagi;zayif;zayif;asagi;0,88;-1,20;2;22,6;0,00;8318811;26,11;SAT;NEGATIF;NOTR;NEGATIF;AZALIYOR;SAT;SAT;NOTR;0;11.09.2026
LILAK;izle;;18,0;0,4;13,3;4,3;28;2;zayif;15,0;42,7;40,3;asagi;zayif;zayif;asagi;0,72;-2,26;3;28,54;-1,86;48907542;30,52;AL;NEGATIF;NOTR;NEGATIF;ARTIYOR;AL;SAT;NOTR;2;11.09.2026
SAMAT;izle;;17,9;0,4;12,9;4,5;10;0;zayif;14,9;41,4;36,5;asagi;zayif;zayif;asagi;0,73;-1,57;4;5,24;0,38;4177946;5,77;AL;NEGATIF;NOTR;NEGATIF;ARTIYOR;AL;AL;NOTR;3;11.09.2026
GOKNR;izle;;17,8;0,9;12,8;4,0;0;0;zayif;18,9;41,1;41,5;asagi;zayif;zayif;asagi;0,38;-3,04;1;17,9;0,17;55949905;19,02;AL;NEGATIF;NOTR;NEGATIF;AZALIYOR;AL;SAT;NOTR;2;11.09.2026
TEKTU;izle;;17,8;1,3;8,6;7,9;40;5;zayif;15,2;40,3;49,5;asagi;zayif;zayif;asagi;0,93;-2,10;2;7,34;1,66;58394897;8,36;SAT;NEGATIF;NOTR;NEGATIF;ARTIYOR;SAT;AL;UCUZ (AL);1;11.09.2026
DERHL;izle;;17,7;0,9;8,9;8,0;0;0;zayif;18,5;41,2;40,3;asagi;zayif;zayif;asagi;0,55;-2,33;1;2,08;-1,89;19105314;2,28;SAT;NEGATIF;NOTR;NEGATIF;AZALIYOR;AL;AL;UCUZ (AL);2;11.09.2026
PNLSN;izle;;17,6;0,0;9,3;8,4;0;0;zayif;12,0;42,5;37,5;asagi;zayif;zayif;asagi;0,37;-1,59;2;40,98;0,39;14693461;44,88;SAT;NEGATIF;NOTR;NEGATIF;AZALIYOR;AL;AL;NOTR;2;11.09.2026
EGEGY;izle;;17,6;4,6;5,8;7,2;46;4;zayif;23,8;38,2;25,6;asagi;zayif;zayif;asagi;1,13;-2,14;3;25,36;-2,84;143712939;30,39;SAT;NEGATIF;SAT;NEGATIF;AZALIYOR;SAT;SAT;NOTR;0;11.09.2026
BALAT;izle;;17,6;0,7;11,8;5,0;22;2;zayif;17,1;45,3;44,1;asagi;zayif;zayif;asagi;0,86;-1,07;2;69,25;-1,98;2010258;77,82;SAT;NEGATIF;NOTR;NEGATIF;AZALIYOR;SAT;SAT;UCUZ (AL);0;11.09.2026
ATEKS;izle;;17,5;4,9;12,6;0,0;6;0;zayif;25,6;40,5;41,4;asagi;zayif;zayif;asagi;0,53;-2,86;3;95,4;-2,65;654062;105,69;AL;NEGATIF;SAT;NEGATIF;ARTIYOR;AL;AL;NOTR;3;11.09.2026
BRKO;izle;;17,5;3,0;6,1;8,3;10;0;zayif;12,1;39,7;40,3;asagi;zayif;zayif;asagi;1,20;-2,32;4;10,9;-4,05;4311550;12,70;SAT;NEGATIF;NOTR;NEGATIF;AZALIYOR;SAT;SAT;NOTR;0;11.09.2026
SUMAS;izle;;17,5;2,0;11,5;4,0;0;0;zayif;26,7;36,5;30,8;asagi;zayif;zayif;asagi;0,40;-4,83;2;260;-0,48;277940;276,32;AL;NEGATIF;SAT;NEGATIF;AZALIYOR;AL;AL;NOTR;3;11.09.2026
FONET;izle;;17,3;9,1;4,2;4,0;28;2;zayif;23,1;33,8;23,3;asagi;zayif;zayif;asagi;0,57;-2,38;3;4,58;-2,14;51527405;5,23;SAT;NEGATIF;SAT;NEGATIF;AZALIYOR;SAT;SAT;NOTR;0;11.09.2026
YBTAS;izle;;17,3;2,4;4,9;10,0;10;0;zayif;41,5;27,9;13,1;asagi;zayif;zayif;asagi;1,61;-6,11;6;12,67;-0,63;1394118;13,54;SAT;NEGATIF;SAT;NEGATIF;AZALIYOR;SAT;SAT;UCUZ (AL);0;11.09.2026
ERBOS;izle;;17,2;0,6;12,5;4,0;0;0;zayif;16,7;40,1;31,9;asagi;zayif;zayif;asagi;0,43;-2,67;2;147,6;-0,54;3321443;155,59;AL;NEGATIF;NOTR;NEGATIF;AZALIYOR;AL;AL;UCUZ (AL);3;11.09.2026
KFEIN;izle;;17,1;0,0;13,1;4,0;0;0;zayif;8,2;42,1;25,6;asagi;zayif;zayif;asagi;0,45;-1,81;2;8,01;-1,48;15859039;8,78;AL;NEGATIF;NOTR;NEGATIF;AZALIYOR;AL;SAT;NOTR;2;11.09.2026
BIGCH;izle;;17,1;0,5;12,6;4,0;28;2;zayif;15,5;40,4;55,9;asagi;zayif;zayif;asagi;0,41;-2,11;3;5,65;0,00;14438513;6,17;AL;NEGATIF;NOTR;NEGATIF;AZALIYOR;AL;AL;UCUZ (AL);3;11.09.2026
ENTRA;izle;;17,1;0,2;12,6;4,2;0;0;zayif;13,8;40,5;36,0;asagi;zayif;zayif;asagi;0,71;-1,72;2;4,3;-2,49;53056698;4,62;AL;NEGATIF;NOTR;NEGATIF;ARTIYOR;AL;SAT;NOTR;2;11.09.2026
KOPOL;izle;;17,0;0,8;8,3;8,0;0;0;zayif;17,6;39,2;37,7;asagi;zayif;zayif;asagi;0,59;-2,24;1;5,16;0,19;29644969;5,70;SAT;NEGATIF;NOTR;NEGATIF;AZALIYOR;AL;AL;NOTR;2;11.09.2026
INFO;izle;;17,0;6,7;7,1;3,3;0;0;zayif;18,3;35,3;29,8;asagi;zayif;zayif;asagi;0,90;-2,15;2;4,88;-5,24;230270096;6,11;SAT;NEGATIF;NOTR;NEGATIF;AZALIYOR;AL;AL;NOTR;2;11.09.2026
TEZOL;izle;;16,9;2,4;10,5;4,0;6;0;zayif;35,8;33,2;25,8;asagi;zayif;zayif;asagi;0,45;-5,56;3;9;-2,17;20306007;10,09;AL;NEGATIF;SAT;NEGATIF;AZALIYOR;AL;AL;UCUZ (AL);3;11.09.2026
AYES;izle;;16,7;11,2;5,5;0,0;10;0;zayif;21,5;37,5;21,3;asagi;zayif;zayif;asagi;0,45;-2,33;6;28,24;-1,94;1794934;31,60;SAT;NEGATIF;SAT;NEGATIF;AZALIYOR;SAT;SAT;NOTR;0;11.09.2026
LIDFA;izle;;16,6;0,0;6,6;10,0;6;0;zayif;8,9;37,3;48,8;asagi;zayif;zayif;asagi;1,46;-2,22;3;2,55;-0,78;33410967;2,80;SAT;NEGATIF;NOTR;NEGATIF;AZALIYOR;SAT;SAT;NOTR;0;11.09.2026
ORCAY;izle;;16,6;0,0;12,6;4,0;0;0;zayif;11,3;40,3;38,7;asagi;zayif;zayif;asagi;0,57;-2,08;2;3,39;-2,02;2775834;3,67;AL;NEGATIF;NOTR;NEGATIF;AZALIYOR;AL;SAT;NOTR;2;11.09.2026
VKFYO;izle;;16,6;0,6;16,0;0,0;32;3;zayif;13,5;46,3;46,2;asagi;zayif;zayif;asagi;0,64;-1,58;2;22,72;3,27;3490610;24,79;AL;NEGATIF;NOTR;NEGATIF;AZALIYOR;AL;AL;UCUZ (AL);3;11.09.2026
SUNTK;izle;;16,6;0,9;7,6;8,0;0;0;zayif;18,8;37,1;60,7;asagi;zayif;zayif;asagi;0,24;-1,68;2;32,44;-2,23;13729841;39,56;SAT;NEGATIF;NOTR;NEGATIF;AZALIYOR;AL;AL;UCUZ (AL);2;11.09.2026
KLSER;izle;;16,5;0,6;7,8;8,1;10;1;zayif;13,5;37,8;31,8;asagi;zayif;zayif;asagi;0,55;-2,66;2;23,3;-0,34;17949738;24,77;SAT;NEGATIF;NOTR;NEGATIF;AZALIYOR;AL;SAT;UCUZ (AL);1;11.09.2026
MEGAP;izle;;16,5;2,4;10,0;4,0;0;0;zayif;30,5;31,8;21,8;asagi;zayif;zayif;asagi;0,44;-5,85;1;1,67;0,00;430726;1,74;AL;NEGATIF;SAT;NEGATIF;AZALIYOR;AL;AL;UCUZ (AL);3;11.09.2026
RTALB;izle;;16,5;0,0;11,0;5,4;6;0;zayif;12,3;35,0;33,3;asagi;zayif;zayif;asagi;0,79;-3,55;3;2,76;-1,78;27687964;3,00;AL;NEGATIF;NOTR;NEGATIF;AZALIYOR;AL;SAT;NOTR;2;11.09.2026
ANGEN;izle;;16,4;0,3;12,1;4,0;6;0;zayif;14,1;38,8;29,3;asagi;zayif;zayif;asagi;0,51;-2,88;3;8,93;-1,22;7118040;9,43;AL;NEGATIF;NOTR;NEGATIF;AZALIYOR;AL;AL;NOTR;3;11.09.2026
OBASE;izle;;16,3;3,1;13,2;0,0;0;0;zayif;12,2;42,5;53,4;asagi;zayif;zayif;asagi;0,39;-1,64;1;35,96;-0,17;8982053;39,28;AL;NEGATIF;NOTR;NEGATIF;AZALIYOR;AL;SAT;NOTR;2;11.09.2026
YESIL;izle;;16,3;1,3;7,0;8,0;6;0;zayif;21,4;35,0;42,5;asagi;zayif;zayif;asagi;0,60;-3,29;3;1,13;-0,88;9487665;1,23;SAT;NEGATIF;SAT;NEGATIF;AZALIYOR;AL;AL;UCUZ (AL);2;11.09.2026
ECZYT;izle;;16,2;3,1;7,8;5,3;40;4;zayif;13,0;42,3;38,3;asagi;zayif;zayif;asagi;0,72;-1,48;2;307,25;0,08;68200590;332,87;SAT;NEGATIF;NOTR;NEGATIF;AZALIYOR;SAT;SAT;NOTR;0;11.09.2026
KSTUR;izle;;16,2;2,4;8,9;4,8;0;0;zayif;32,1;41,5;30,3;asagi;zayif;zayif;asagi;0,99;-3,59;2;2250;5,68;1809000;2297,26;SAT;NEGATIF;SAT;NEGATIF;ARTIYOR;AL;AL;NOTR;2;11.09.2026
ARENA;izle;;16,1;0,0;12,1;4,0;0;0;zayif;12,3;38,6;43,6;asagi;zayif;zayif;asagi;0,38;-3,04;2;19,72;-0,65;7603184;22,09;AL;NEGATIF;NOTR;NEGATIF;AZALIYOR;SAT;SAT;NOTR;1;11.09.2026
MEDTR;izle;;16,1;1,1;5,0;10,0;10;0;zayif;19,7;33,3;33,7;asagi;zayif;zayif;asagi;1,45;-3,27;4;23,94;-2,68;9337031;26,02;SAT;NEGATIF;NOTR;NEGATIF;ARTIYOR;SAT;AL;UCUZ (AL);1;11.09.2026
BIENY;izle;;16,0;9,7;5,8;0,5;6;0;zayif;16,4;39,0;69,3;yukari;zayif;zayif;asagi;0,27;-1,74;3;20,26;-0,88;21243745;20,10;SAT;NEGATIF;NOTR;NEGATIF;AZALIYOR;SAT;SAT;UCUZ (AL);0;11.09.2026
IZENR;izle;;16,0;1,4;6,6;8,0;0;0;zayif;22,0;33,7;38,5;asagi;zayif;zayif;asagi;0,40;-3,47;1;7,06;-0,84;108913773;7,97;SAT;NEGATIF;SAT;NEGATIF;AZALIYOR;AL;AL;UCUZ (AL);2;11.09.2026
KBORU;izle;;15,9;5,1;6,8;4,0;0;0;zayif;27,6;34,3;60,9;asagi;zayif;zayif;asagi;0,31;-3,26;2;18,08;-1,74;80440614;21,66;SAT;NEGATIF;SAT;NEGATIF;AZALIYOR;AL;AL;NOTR;2;11.09.2026
ARZUM;izle;;15,9;0,2;11,7;4,0;6;0;zayif;13,1;37,4;40,5;asagi;zayif;zayif;asagi;0,52;-3,26;3;1,53;-1,29;14529599;1,72;AL;NEGATIF;NOTR;NEGATIF;AZALIYOR;AL;SAT;UCUZ (AL);2;11.09.2026
SAFKR;izle;;15,8;2,4;4,0;9,4;0;0;zayif;41,8;24,5;8,6;asagi;zayif;zayif;asagi;1,02;-5,43;2;14,26;0,07;71443014;16,62;SAT;NEGATIF;SAT;NEGATIF;AZALIYOR;AL;AL;UCUZ (AL);2;11.09.2026
MEKAG;izle;;15,8;2,8;13,0;0,0;0;0;zayif;19,1;41,8;60,6;asagi;zayif;zayif;asagi;0,68;-2,45;2;2,92;-2,01;19376612;3,17;AL;NEGATIF;NOTR;NEGATIF;AZALIYOR;SAT;SAT;NOTR;1;11.09.2026
FORMT;izle;;15,7;2,4;8,0;5,3;6;0;zayif;41,0;24,0;25,2;asagi;zayif;zayif;asagi;1,02;-6,02;3;1,47;-0,68;25536567;1,61;AL;NEGATIF;SAT;NEGATIF;AZALIYOR;AL;SAT;UCUZ (AL);2;11.09.2026
KRSTL;izle;;15,7;2,4;9,3;4,0;6;0;zayif;37,6;29,2;46,8;asagi;zayif;zayif;asagi;0,50;-4,51;3;8,74;-1,02;16962295;9,36;AL;NEGATIF;SAT;NEGATIF;AZALIYOR;AL;SAT;NOTR;2;11.09.2026
LYDYE;izle;;15,7;0,7;13,6;1,3;50;4;zayif;17,2;43,6;39,7;asagi;zayif;zayif;asagi;0,76;-1,47;5;12002,5;0,02;21076390;13268,29;AL;NEGATIF;NOTR;NEGATIF;AZALIYOR;SAT;SAT;UCUZ (AL);1;11.09.2026
BAKAB;izle;;15,6;1,0;10,6;4,0;0;0;zayif;19,6;33,7;37,8;asagi;zayif;zayif;asagi;0,36;-3,57;2;37,6;-0,95;4656497;42,27;AL;NEGATIF;NOTR;NEGATIF;AZALIYOR;AL;SAT;NOTR;2;11.09.2026
ELITE;izle;;15,6;1,5;10,1;4,0;16;1;zayif;22,9;32,0;57,6;asagi;zayif;zayif;asagi;0,45;-3,62;3;25,94;-0,23;21100348;28,39;AL;NEGATIF;SAT;NEGATIF;AZALIYOR;SAT;SAT;NOTR;1;11.09.2026
GENTS;izle;;15,5;0,3;13,3;2,0;0;0;zayif;13,8;42,6;51,7;asagi;zayif;zayif;asagi;0,82;-2,75;2;5,16;-0,39;26258951;5,56;AL;NEGATIF;NOTR;NEGATIF;AZALIYOR;AL;SAT;UCUZ (AL);2;11.09.2026
TATEN;izle;;15,5;1,4;10,1;4,0;0;0;zayif;22,1;31,9;25,6;asagi;zayif;zayif;asagi;0,45;-4,45;1;7,73;-1,53;120184007;9,11;AL;NEGATIF;SAT;NEGATIF;AZALIYOR;AL;AL;UCUZ (AL);3;11.09.2026
EGEPO;izle;;15,4;5,4;0,0;10,0;6;0;zayif;39,5;20,2;26,8;asagi;zayif;zayif;asagi;4,34;-6,25;3;10,26;-10,00;241606748;13,89;SAT;NEGATIF;SAT;NEGATIF;ARTIYOR;SAT;SAT;NOTR;0;11.09.2026
GESAN;izle;;15,2;5,4;5,8;4,0;16;1;zayif;32,3;31,0;34,4;asagi;zayif;zayif;asagi;0,59;-3,20;3;61,4;-0,32;645133852;76,75;SAT;NEGATIF;SAT;NEGATIF;AZALIYOR;SAT;AL;NOTR;1;11.09.2026
KTSKR;izle;;15,0;0,4;10,6;4,0;0;0;zayif;14,7;33,7;38,3;asagi;zayif;zayif;asagi;0,62;-3,49;2;76,65;-0,33;18611080;85,30;AL;NEGATIF;NOTR;NEGATIF;AZALIYOR;AL;SAT;NOTR;2;11.09.2026
INTEK;izle;;14,8;1,9;10,8;2,1;6;0;zayif;26,1;34,4;45,6;asagi;zayif;zayif;asagi;0,83;-4,81;3;223,6;-1,76;1581746;240,57;AL;NEGATIF;SAT;NEGATIF;AZALIYOR;SAT;SAT;NOTR;1;11.09.2026
DARDL;izle;;14,8;1,1;10,8;2,9;46;4;zayif;19,9;34,4;51,1;asagi;zayif;zayif;asagi;0,87;-3,26;3;1,58;0,00;22714211;1,71;AL;NEGATIF;NOTR;NEGATIF;AZALIYOR;AL;SAT;UCUZ (AL);2;11.09.2026
SEKFK;izle;;14,8;1,5;10,0;3,3;6;0;zayif;23,0;31,7;36,5;asagi;zayif;zayif;asagi;0,90;-2,93;3;4,37;-1,80;3022978;4,88;AL;NEGATIF;SAT;NEGATIF;AZALIYOR;AL;SAT;NOTR;2;11.09.2026
UFUK;izle;;14,7;3,5;3,1;8,0;32;3;zayif;16,0;31,5;60,9;asagi;zayif;zayif;asagi;0,11;-2,32;2;1398;-1,41;24930534;1742,06;SAT;NEGATIF;NOTR;NEGATIF;AZALIYOR;SAT;SAT;NOTR;0;11.09.2026
KZBGY;izle;;14,7;2,4;9,9;2,3;0;0;zayif;29,7;31,4;28,5;asagi;zayif;zayif;asagi;0,84;-4,94;2;1,84;-1,08;45738061;2,02;AL;NEGATIF;SAT;NEGATIF;AZALIYOR;AL;SAT;UCUZ (AL);2;11.09.2026
MERKO;izle;;14,6;2,3;10,7;1,6;6;0;zayif;29,0;34,1;44,1;asagi;zayif;zayif;asagi;0,79;-4,17;3;1,22;-0,81;20964518;1,36;AL;NEGATIF;SAT;NEGATIF;AZALIYOR;AL;SAT;UCUZ (AL);2;11.09.2026
SANEL;izle;;14,6;3,5;4,1;7,0;10;0;zayif;15,6;31,5;26,9;asagi;zayif;zayif;asagi;1,12;-2,96;4;46,56;-4,28;24922357;60,22;SAT;NEGATIF;NOTR;NEGATIF;AZALIYOR;SAT;SAT;NOTR;0;11.09.2026
KAPLM;izle;;14,5;2,4;7,1;4,9;0;0;zayif;35,2;35,3;38,8;asagi;zayif;zayif;asagi;0,76;-3,41;2;368,25;-0,20;27418054;425,93;SAT;NEGATIF;SAT;NEGATIF;AZALIYOR;AL;AL;NOTR;2;11.09.2026
SMRVA;izle;;14,5;0,6;5,9;8,0;0;0;zayif;13,5;35,4;46,3;asagi;zayif;zayif;asagi;0,48;-3,57;2;10,39;-2,17;44281733;11,79;SAT;NEGATIF;NOTR;NEGATIF;AZALIYOR;AL;AL;UCUZ (AL);2;11.09.2026
SURGY;izle;;14,4;2,4;8,0;4,0;0;0;zayif;40,3;20,8;55,4;asagi;zayif;zayif;asagi;0,34;-8,23;2;30,3;-2,45;64881087;35,41;AL;NEGATIF;SAT;NEGATIF;AZALIYOR;AL;SAT;NOTR;2;11.09.2026
AKSUE;izle;;14,4;5,4;4,4;4,5;0;0;zayif;37,8;26,4;24,3;asagi;zayif;zayif;asagi;0,97;-4,51;1;27,4;1,48;80365378;34,49;SAT;NEGATIF;SAT;NEGATIF;AZALIYOR;AL;SAT;NOTR;1;11.09.2026
OTTO;izle;;14,3;2,3;2,0;10,0;6;0;zayif;28,9;23,9;18,9;asagi;zayif;zayif;asagi;1,50;-5,42;3;128,7;-5,44;41439598;155,08;SAT;NEGATIF;SAT;NEGATIF;ARTIYOR;AL;SAT;UCUZ (AL);1;11.09.2026
BASCM;izle;;14,2;0,4;5,3;8,5;10;1;zayif;15,1;37,7;48,2;asagi;zayif;zayif;asagi;1,01;-2,62;2;13;-4,06;1534169;14,21;SAT;NEGATIF;NOTR;NEGATIF;ARTIYOR;SAT;SAT;NOTR;0;11.09.2026
SNPAM;izle;;14,1;0,4;9,4;4,2;10;1;zayif;15,3;44,2;60,2;asagi;zayif;zayif;asagi;0,61;-1,17;2;19,55;-0,76;484351;21,36;SAT;NEGATIF;NOTR;NEGATIF;AZALIYOR;SAT;SAT;NOTR;0;11.09.2026
HDFGS;izle;;14,1;0,0;4,1;10,0;28;2;zayif;10,2;31,4;42,1;asagi;zayif;zayif;asagi;1,36;-2,90;3;2,26;-4,24;132607656;2,59;SAT;NEGATIF;NOTR;NEGATIF;ARTIYOR;SAT;SAT;NOTR;0;11.09.2026
DITAS;izle;;14,0;2,0;6,8;5,2;6;0;zayif;26,7;34,2;40,5;asagi;zayif;zayif;asagi;0,77;-3,39;3;19,28;-2,82;46521329;24,58;SAT;NEGATIF;SAT;NEGATIF;AZALIYOR;SAT;AL;NOTR;1;11.09.2026
YUNSA;izle;;13,9;2,3;6,5;5,1;6;0;zayif;29,0;33,5;31,7;asagi;zayif;zayif;asagi;0,76;-3,90;3;7,58;0,40;30843626;8,07;SAT;NEGATIF;SAT;NEGATIF;AZALIYOR;AL;AL;NOTR;2;11.09.2026
HTTBT;izle;;13,9;0,7;6,0;7,2;10;0;zayif;17,2;36,3;39,1;asagi;zayif;zayif;asagi;1,05;-2,44;6;34,88;-1,19;17615202;37,68;SAT;NEGATIF;NOTR;NEGATIF;AZALIYOR;SAT;SAT;UCUZ (AL);0;11.09.2026
HRKET;izle;;13,9;3,7;3,5;6,7;6;0;zayif;16,8;32,3;14,2;asagi;zayif;zayif;asagi;1,10;-2,51;3;80,6;-1,71;150627376;98,42;SAT;NEGATIF;NOTR;NEGATIF;AZALIYOR;SAT;SAT;NOTR;0;11.09.2026
BURCE;izle;;13,8;0,0;5,8;8,0;16;1;zayif;11,5;34,8;55,7;asagi;zayif;zayif;asagi;0,50;-3,32;3;32,34;-2,36;24267548;36,66;SAT;NEGATIF;NOTR;NEGATIF;AZALIYOR;SAT;SAT;NOTR;0;11.09.2026
FADE;izle;;13,7;4,9;8,8;0,0;0;0;zayif;10,0;42,6;57,5;asagi;zayif;zayif;asagi;0,41;-1,08;2;15,2;-1,23;16080430;16,83;SAT;NEGATIF;NOTR;NEGATIF;AZALIYOR;SAT;SAT;NOTR;0;11.09.2026
KONKA;izle;;13,6;2,4;4,0;7,2;42;3;zayif;38,4;24,4;20,3;asagi;zayif;zayif;asagi;0,89;-5,96;4;9,33;-2,00;25337938;10,51;SAT;NEGATIF;SAT;NEGATIF;AZALIYOR;AL;AL;UCUZ (AL);2;11.09.2026
RAYSG;izle;;13,5;0,6;12,9;0,0;10;0;zayif;16,6;41,2;30,0;asagi;zayif;zayif;asagi;0,41;-2,54;4;152,9;0,46;9746458;166,26;AL;NEGATIF;NOTR;NEGATIF;AZALIYOR;AL;SAT;UCUZ (AL);2;11.09.2026
MOPAS;izle;;13,4;2,4;9,9;1,1;6;0;zayif;29,6;31,4;42,7;asagi;zayif;zayif;asagi;0,76;-4,46;3;25,36;-1,86;43565183;28,00;AL;NEGATIF;SAT;NEGATIF;ARTIYOR;AL;SAT;UCUZ (AL);2;11.09.2026
MSGYO;izle;;13,3;0,0;13,3;0,0;6;0;zayif;11,7;42,6;47,5;asagi;zayif;zayif;asagi;0,67;-1,63;3;5,67;-0,18;7437849;6,21;AL;NEGATIF;NOTR;NEGATIF;AZALIYOR;SAT;SAT;NOTR;1;11.09.2026
VKING;izle;;13,3;2,4;6,8;4,0;0;0;zayif;40,1;34,4;45,0;asagi;zayif;zayif;asagi;0,68;-2,74;2;20,44;-1,54;4635996;22,35;SAT;NEGATIF;SAT;NEGATIF;AZALIYOR;AL;AL;UCUZ (AL);2;11.09.2026
ALFAS;izle;;13,2;0,7;12,5;0,0;38;3;zayif;16,8;40,2;38,3;asagi;zayif;zayif;asagi;0,56;-2,54;3;38,94;-0,92;42350832;43,05;AL;NEGATIF;NOTR;NEGATIF;AZALIYOR;SAT;SAT;NOTR;1;11.09.2026
DGNMO;izle;;13,2;5,4;5,1;2,6;20;1;zayif;29,9;28,8;25,2;asagi;zayif;zayif;asagi;0,86;-2,39;4;6,88;-0,15;34777547;8,18;SAT;NEGATIF;SAT;NEGATIF;AZALIYOR;SAT;SAT;NOTR;0;11.09.2026
CGCAM;izle;;13,2;2,4;6,0;4,8;6;0;zayif;29,3;31,6;39,2;asagi;zayif;zayif;asagi;0,99;-4,06;3;32,06;-0,87;69184646;36,15;SAT;NEGATIF;SAT;NEGATIF;AZALIYOR;AL;SAT;NOTR;1;11.09.2026
INGRM;izle;;13,1;1,9;7,6;3,6;0;0;zayif;16,9;41,3;45,5;asagi;zayif;zayif;asagi;0,92;-1,46;2;367,5;-1,47;22964340;411,43;SAT;NEGATIF;NOTR;NEGATIF;AZALIYOR;SAT;SAT;NOTR;0;11.09.2026
CWENE;izle;;12,9;3,6;5,4;4,0;10;0;zayif;16,3;36,6;42,5;asagi;zayif;zayif;asagi;0,32;-2,66;4;30,22;-2,58;713764427;37,21;SAT;NEGATIF;NOTR;NEGATIF;AZALIYOR;SAT;SAT;NOTR;0;11.09.2026
MEGMT;izle;;12,9;2,4;10,5;0,0;0;0;zayif;42,2;33,3;43,8;asagi;zayif;zayif;asagi;0,58;-4,67;2;46,88;-0,04;237756139;53,65;AL;NEGATIF;SAT;NEGATIF;AZALIYOR;AL;SAT;NOTR;2;11.09.2026
OSMEN;izle;;12,9;1,2;7,7;4,0;28;2;zayif;20,6;37,3;24,5;asagi;zayif;zayif;asagi;0,42;-2,62;3;6,9;-2,27;11586935;7,75;SAT;NEGATIF;SAT;NEGATIF;AZALIYOR;AL;AL;NOTR;2;11.09.2026
LRSHO;izle;;12,8;0,4;11,9;0,5;42;3;zayif;13,0;38,1;21,3;asagi;zayif;zayif;asagi;0,73;-3,36;4;2,46;-0,40;34620222;2,69;AL;NEGATIF;NOTR;NEGATIF;AZALIYOR;AL;SAT;UCUZ (AL);2;11.09.2026
OYAYO;izle;;12,8;0,0;12,8;0,0;0;0;zayif;9,0;41,0;26,5;asagi;zayif;zayif;asagi;0,55;-2,10;1;41;-1,35;1316018;44,74;AL;NEGATIF;NOTR;NEGATIF;AZALIYOR;AL;SAT;UCUZ (AL);2;11.09.2026
BYDNR;izle;;12,5;6,1;5,0;1,4;0;0;zayif;22,7;35,7;29,7;asagi;zayif;zayif;asagi;0,54;-1,91;1;34,9;-4,12;13890793;39,74;SAT;NEGATIF;SAT;NEGATIF;ARTIYOR;AL;AL;NOTR;2;11.09.2026
KOTON;izle;;12,5;0,5;8,0;4,0;6;0;zayif;15,8;38,3;27,1;asagi;zayif;zayif;asagi;0,46;-2,88;3;12,23;-0,08;12606305;12,93;SAT;NEGATIF;NOTR;NEGATIF;AZALIYOR;AL;AL;UCUZ (AL);2;11.09.2026
GLBMD;izle;;12,5;0,6;11,9;0,0;0;0;zayif;16,2;38,1;22,0;asagi;zayif;zayif;asagi;0,41;-1,69;2;11,44;0,62;886406;12,57;AL;NEGATIF;NOTR;NEGATIF;AZALIYOR;SAT;SAT;NOTR;1;11.09.2026
TUREX;izle;;12,3;1,0;7,3;4,0;6;0;zayif;19,3;35,9;16,5;asagi;zayif;zayif;asagi;0,55;-3,36;3;6,05;-0,66;49732652;6,61;SAT;NEGATIF;NOTR;NEGATIF;AZALIYOR;AL;AL;NOTR;2;11.09.2026
AZTEK;izle;;12,1;2,3;9,8;0,0;6;0;zayif;29,0;31,0;25,8;asagi;zayif;zayif;asagi;0,70;-3,75;3;3,65;-1,35;16603865;4,05;AL;NEGATIF;SAT;NEGATIF;AZALIYOR;AL;SAT;NOTR;2;11.09.2026
EKSUN;izle;;11,9;0,8;7,2;4,0;22;2;zayif;17,7;35,5;43,0;asagi;zayif;zayif;asagi;0,54;-2,79;2;5,55;-1,94;14053255;6,20;SAT;NEGATIF;NOTR;NEGATIF;AZALIYOR;SAT;SAT;NOTR;0;11.09.2026
DGATE;izle;;11,7;4,1;7,5;0,0;0;0;zayif;20,4;36,8;32,0;asagi;zayif;zayif;asagi;0,29;-2,04;2;88,2;-0,56;8991990;106,33;SAT;NEGATIF;SAT;NEGATIF;AZALIYOR;SAT;SAT;NOTR;0;11.09.2026
ORMA;izle;;11,5;1,2;6,1;4,3;10;0;zayif;20,5;37,0;26,7;asagi;zayif;zayif;asagi;0,96;-3,48;5;150;-0,40;1233150;162,89;SAT;NEGATIF;SAT;NEGATIF;AZALIYOR;SAT;SAT;NOTR;0;11.09.2026
CMENT;izle;;11,4;2,4;7,3;1,7;6;0;zayif;50,5;35,9;21,0;asagi;zayif;zayif;asagi;0,80;-4,19;3;248,9;3,71;838793;257,52;SAT;NEGATIF;SAT;NEGATIF;ARTIYOR;AL;AL;UCUZ (AL);2;11.09.2026
DOFRB;izle;;11,4;4,2;7,2;0,0;0;0;zayif;20,6;35,7;59,4;asagi;zayif;zayif;asagi;0,39;-3,17;1;112,3;-1,40;198767406;133,26;SAT;NEGATIF;SAT;NEGATIF;AZALIYOR;SAT;SAT;NOTR;0;11.09.2026
SELVA;izle;;11,0;0,3;6,7;4,0;0;0;zayif;14,2;34,0;50,0;asagi;zayif;zayif;asagi;0,53;-3,94;1;1,55;-1,90;17854771;1,70;SAT;NEGATIF;NOTR;NEGATIF;AZALIYOR;AL;SAT;UCUZ (AL);1;11.09.2026
MAKIM;izle;;10,9;0,3;6,7;4,0;0;0;zayif;14,0;33,9;28,7;asagi;zayif;zayif;asagi;0,50;-2,99;1;14,62;-0,14;8923039;16,26;SAT;NEGATIF;NOTR;NEGATIF;AZALIYOR;SAT;AL;NOTR;1;11.09.2026
LMKDC;izle;;10,9;1,2;8,4;1,3;20;1;zayif;20,7;39,7;33,9;asagi;zayif;zayif;asagi;0,78;-2,69;5;22,56;-0,79;70723660;24,32;SAT;NEGATIF;SAT;NEGATIF;AZALIYOR;AL;AL;UCUZ (AL);2;11.09.2026
IHAAS;izle;;10,7;1,0;8,6;1,0;32;3;zayif;19,2;40,5;35,3;asagi;zayif;zayif;asagi;0,76;-2,25;2;49,86;-1,27;44297718;58,62;SAT;NEGATIF;NOTR;NEGATIF;AZALIYOR;SAT;AL;NOTR;1;11.09.2026
ZEDUR;izle;;10,7;2,4;6,0;2,2;6;0;zayif;33,0;35,2;57,6;asagi;zayif;zayif;asagi;0,83;-2,92;3;7,43;-0,67;8966747;8,11;SAT;NEGATIF;SAT;NEGATIF;AZALIYOR;SAT;SAT;NOTR;0;11.09.2026
ICUGS;izle;;10,6;5,1;5,5;0,0;0;0;zayif;27,7;29,9;51,7;asagi;zayif;zayif;asagi;0,50;-3,67;2;3,89;-1,27;28883954;4,76;SAT;NEGATIF;SAT;NEGATIF;AZALIYOR;AL;SAT;NOTR;1;11.09.2026
LIDER;izle;;10,4;2,4;8,0;0,0;10;0;zayif;53,4;18,8;20,3;asagi;zayif;zayif;asagi;0,25;-9,89;4;21,58;-3,83;149250690;30,78;AL;NEGATIF;SAT;NEGATIF;AZALIYOR;AL;AL;UCUZ (AL);3;11.09.2026
EMKEL;izle;;10,4;2,4;4,0;4,0;6;0;zayif;45,2;20,0;33,1;asagi;zayif;zayif;asagi;0,53;-6,41;3;12,94;-0,69;29926234;14,64;SAT;NEGATIF;SAT;NEGATIF;AZALIYOR;AL;AL;UCUZ (AL);2;11.09.2026
EUHOL;izle;;10,3;1,7;8,3;0,3;10;0;zayif;24,4;39,2;15,8;asagi;zayif;zayif;asagi;0,72;-2,67;4;9,7;-3,00;4947262;10,60;SAT;NEGATIF;SAT;NEGATIF;AZALIYOR;AL;AL;NOTR;2;11.09.2026
TMPOL;izle;;10,3;4,6;5,6;0,0;6;0;zayif;24,1;30,4;12,7;asagi;zayif;zayif;asagi;0,46;-3,58;3;299;-5,97;221152958;417,67;SAT;NEGATIF;SAT;NEGATIF;AZALIYOR;SAT;AL;NOTR;1;11.09.2026
DUNYH;izle;;10,0;5,4;4,5;0,0;42;3;zayif;34,3;26,7;14,5;asagi;zayif;zayif;asagi;0,66;-2,79;5;111,4;-3,88;75062768;142,83;SAT;NEGATIF;SAT;NEGATIF;AZALIYOR;SAT;AL;NOTR;1;11.09.2026
QUAGR;izle;;9,8;0,2;8,1;1,5;0;0;zayif;13,5;38,7;59,3;asagi;zayif;zayif;asagi;0,79;-2,43;1;3,03;-2,26;102309062;3,43;SAT;NEGATIF;NOTR;NEGATIF;AZALIYOR;SAT;AL;NOTR;1;11.09.2026
GRSEL;izle;;9,7;2,4;6,4;1,0;0;0;zayif;29,4;32,9;23,9;asagi;zayif;zayif;asagi;0,73;-2,10;2;298,5;0,00;79113843;323,71;SAT;NEGATIF;SAT;NEGATIF;AZALIYOR;AL;AL;NOTR;2;11.09.2026
VSNMD;izle;;9,7;1,2;4,6;4,0;0;0;zayif;20,5;26,9;30,5;asagi;zayif;zayif;asagi;0,55;-4,47;2;40,82;-0,97;23789447;45,34;SAT;NEGATIF;SAT;NEGATIF;AZALIYOR;AL;AL;UCUZ (AL);2;11.09.2026
GEDIK;izle;;9,7;4,0;5,7;0,0;0;0;zayif;19,7;30,6;30,5;asagi;zayif;zayif;asagi;0,36;-2,96;1;5,65;-0,88;18732038;6,20;SAT;NEGATIF;NOTR;NEGATIF;AZALIYOR;AL;SAT;NOTR;1;11.09.2026
DMSAS;izle;;9,5;0,3;7,9;1,2;32;2;zayif;14,1;38,1;30,4;asagi;zayif;zayif;asagi;0,77;-1,92;4;8,1;-1,10;12511446;8,90;SAT;NEGATIF;NOTR;NEGATIF;AZALIYOR;SAT;AL;UCUZ (AL);1;11.09.2026
BSOKE;izle;;9,4;5,4;4,0;0,0;6;0;zayif;38,8;22,0;7,1;asagi;zayif;zayif;asagi;0,62;-4,73;3;20,84;-1,79;163887469;27,60;SAT;NEGATIF;SAT;NEGATIF;AZALIYOR;AL;AL;NOTR;2;11.09.2026
ODINE;izle;;9,4;5,4;4,0;0,0;0;0;zayif;34,2;21,3;62,2;asagi;zayif;zayif;asagi;0,03;-6,07;0;781,5;-9,97;12371927;1300,07;SAT;NEGATIF;SAT;NEGATIF;AZALIYOR;SAT;SAT;NOTR;0;11.09.2026
MARMR;izle;;9,4;1,0;7,3;1,1;6;0;zayif;19,5;36,0;31,2;asagi;zayif;zayif;asagi;0,77;-2,28;3;2,13;-1,84;91084619;2,39;SAT;NEGATIF;NOTR;NEGATIF;AZALIYOR;SAT;SAT;NOTR;0;11.09.2026
SMRTG;izle;;9,2;4,2;5,0;0,0;0;0;zayif;20,8;28,2;35,7;asagi;zayif;zayif;asagi;0,45;-3,76;2;8,35;-1,30;82216697;9,75;SAT;NEGATIF;SAT;NEGATIF;AZALIYOR;SAT;SAT;NOTR;0;11.09.2026
BURVA;izle;;9,1;3,8;5,3;0,0;10;0;zayif;17,6;35,4;10,2;asagi;zayif;zayif;asagi;0,20;-3,15;4;610;-3,79;9423890;787,91;SAT;NEGATIF;NOTR;NEGATIF;AZALIYOR;AL;SAT;NOTR;1;11.09.2026
KAREL;izle;;8,6;1,6;6,9;0,0;0;0;zayif;24,0;34,8;34,3;asagi;zayif;zayif;asagi;0,59;-3,47;2;8,12;-0,85;46614037;9,05;SAT;NEGATIF;SAT;NEGATIF;AZALIYOR;AL;AL;NOTR;2;11.09.2026
YAPRK;izle;;8,6;0,7;7,8;0,0;6;0;zayif;13,9;41,7;45,8;asagi;zayif;zayif;asagi;0,40;-1,81;3;10,59;-0,66;12246255;11,63;SAT;NEGATIF;NOTR;NEGATIF;AZALIYOR;SAT;SAT;NOTR;0;11.09.2026
LYDHO;izle;;8,4;2,4;6,0;0,0;10;0;zayif;44,2;31,7;29,4;asagi;zayif;zayif;asagi;0,29;-3,50;4;138,5;-0,36;19149703;161,57;SAT;NEGATIF;SAT;NEGATIF;AZALIYOR;AL;AL;NOTR;2;11.09.2026
ALVES;izle;;8,2;2,4;1,7;4,0;0;0;zayif;33,5;20,4;13,2;asagi;zayif;zayif;asagi;0,06;-8,11;2;1,08;-10,00;6523597;1,39;SAT;NEGATIF;SAT;NEGATIF;ARTIYOR;AL;AL;UCUZ (AL);2;11.09.2026
COSMO;izle;;8,0;1,0;7,0;0,0;0;0;zayif;19,7;40,5;50,5;asagi;zayif;zayif;asagi;0,52;-2,09;2;114,6;-1,38;3954158;135,89;SAT;NEGATIF;NOTR;NEGATIF;AZALIYOR;SAT;SAT;UCUZ (AL);0;11.09.2026
EKOS;izle;;8,0;1,9;6,1;0,0;16;1;zayif;26,2;31,9;40,2;asagi;zayif;zayif;asagi;0,69;-3,87;3;4,8;-2,04;34936474;5,45;SAT;NEGATIF;SAT;NEGATIF;AZALIYOR;AL;SAT;UCUZ (AL);1;11.09.2026
ISKPL;izle;;7,9;0,5;7,3;0,0;10;0;zayif;15,8;36,1;32,5;asagi;zayif;zayif;asagi;0,58;-3,12;4;6,93;-1,28;170780557;8,18;SAT;NEGATIF;NOTR;NEGATIF;AZALIYOR;SAT;SAT;UCUZ (AL);0;11.09.2026
ONCSM;izle;;7,7;2,4;5,4;0,0;6;0;zayif;29,5;29,6;25,4;asagi;zayif;zayif;asagi;0,38;-4,14;3;169,7;-2,25;61249312;219,89;SAT;NEGATIF;SAT;NEGATIF;AZALIYOR;SAT;AL;UCUZ (AL);1;11.09.2026
CASA;izle;;7,7;0,5;7,0;0,2;0;0;zayif;15,9;38,5;45,1;asagi;zayif;zayif;asagi;0,71;-3,23;2;66;-3,72;721050;73,15;SAT;NEGATIF;NOTR;NEGATIF;ARTIYOR;SAT;SAT;UCUZ (AL);0;11.09.2026
ATAKP;izle;;7,6;2,4;2,4;2,8;10;0;zayif;33,8;25,0;35,0;asagi;zayif;zayif;asagi;0,87;-5,32;5;40;-1,43;12830360;43,98;SAT;NEGATIF;SAT;NEGATIF;AZALIYOR;SAT;SAT;UCUZ (AL);0;11.09.2026
SKYLP;izle;;7,4;2,4;5,0;0,0;0;0;zayif;30,1;28,2;21,3;asagi;zayif;zayif;asagi;0,66;-4,29;2;169;-2,71;7517120;218,44;SAT;NEGATIF;SAT;NEGATIF;AZALIYOR;AL;AL;UCUZ (AL);2;11.09.2026
NTHOL;izle;;7,4;1,0;5,0;1,4;40;5;zayif;19,2;35,9;36,9;asagi;zayif;zayif;asagi;0,55;-1,82;2;41,2;-0,15;38711973;44,96;SAT;NEGATIF;NOTR;NEGATIF;AZALIYOR;SAT;SAT;NOTR;0;11.09.2026
GZNMI;izle;;7,1;0,7;6,4;0,0;10;0;zayif;17,5;32,8;26,0;asagi;zayif;zayif;asagi;0,38;-2,92;5;49,52;-0,96;31300503;57,94;SAT;NEGATIF;NOTR;NEGATIF;AZALIYOR;SAT;SAT;NOTR;0;11.09.2026
SMART;izle;;7,1;0,4;6,7;0,0;0;0;zayif;13,1;38,1;25,4;asagi;zayif;zayif;asagi;0,61;-2,96;2;22,28;0,09;13229151;25,00;SAT;NEGATIF;NOTR;NEGATIF;AZALIYOR;SAT;SAT;NOTR;0;11.09.2026
OYYAT;izle;;7,0;0,6;6,3;0,0;6;0;zayif;16,5;38,2;59,6;asagi;zayif;zayif;asagi;0,65;-2,45;3;33,46;-1,01;15664868;37,66;SAT;NEGATIF;NOTR;NEGATIF;AZALIYOR;SAT;SAT;NOTR;0;11.09.2026
IZINV;izle;;6,9;0,4;6,5;0,0;6;0;zayif;15,0;33,4;23,3;asagi;zayif;zayif;asagi;0,31;-3,57;3;49,02;-0,16;4774156;54,81;SAT;NEGATIF;NOTR;NEGATIF;AZALIYOR;AL;SAT;UCUZ (AL);1;11.09.2026
AGROT;izle;;6,8;0,3;6,5;0,0;22;2;zayif;14,3;33,4;10,1;asagi;zayif;zayif;asagi;0,29;-4,21;1;1,94;-0,51;67203136;2,19;SAT;NEGATIF;NOTR;NEGATIF;AZALIYOR;AL;AL;UCUZ (AL);2;11.09.2026
YYAPI;izle;;6,6;2,4;4,2;0,0;0;0;zayif;43,5;29,7;29,1;asagi;zayif;zayif;asagi;0,62;-4,90;1;0,78;-1,27;1822179;0,82;SAT;NEGATIF;SAT;NEGATIF;AZALIYOR;AL;SAT;UCUZ (AL);1;11.09.2026
BORLS;izle;;6,4;2,4;4,0;0,0;10;0;zayif;32,0;20,6;0,0;asagi;zayif;zayif;asagi;0,58;-5,16;5;2,98;0,00;52258204;3,95;SAT;NEGATIF;SAT;NEGATIF;AZALIYOR;SAT;AL;NOTR;1;11.09.2026
HUBVC;izle;;6,4;0,5;5,9;0,0;6;0;zayif;15,8;34,7;43,0;asagi;zayif;zayif;asagi;0,62;-2,71;3;2,39;-1,65;2727055;2,73;SAT;NEGATIF;NOTR;NEGATIF;AZALIYOR;SAT;SAT;NOTR;0;11.09.2026
SOKE;izle;;6,4;2,4;4,0;0,0;0;0;zayif;29,6;22,2;25,9;asagi;zayif;zayif;asagi;0,55;-5,28;2;11,21;-0,53;18403188;12,87;SAT;NEGATIF;SAT;NEGATIF;AZALIYOR;AL;SAT;NOTR;1;11.09.2026
A1CAP;izle;;5,7;2,4;3,3;0,0;10;0;zayif;35,4;27,6;26,8;asagi;zayif;zayif;asagi;0,64;-4,92;4;7,15;-2,46;38476602;8,11;SAT;NEGATIF;SAT;NEGATIF;AZALIYOR;AL;SAT;UCUZ (AL);1;11.09.2026
REEDR;izle;;5,6;0,6;4,1;0,9;10;0;zayif;16,3;29,6;38,8;asagi;zayif;zayif;asagi;0,76;-4,34;4;5,41;-0,55;46524399;5,89;SAT;NEGATIF;NOTR;NEGATIF;AZALIYOR;SAT;SAT;NOTR;0;11.09.2026
ENSRI;izle;;5,2;0,0;4,9;0,3;0;0;zayif;12,0;33,1;16,6;asagi;zayif;zayif;asagi;0,72;-6,09;2;4,41;-3,71;75234635;5,28;SAT;NEGATIF;NOTR;NEGATIF;AZALIYOR;SAT;SAT;UCUZ (AL);0;11.09.2026
PAMEL;izle;;3,4;0,0;2,7;0,8;10;0;zayif;12,0;27,6;66,1;asagi;zayif;zayif;asagi;0,75;-3,81;5;69,1;-1,99;16773334;75,83;SAT;NEGATIF;NOTR;NEGATIF;ARTIYOR;SAT;SAT;NOTR;0;11.09.2026