hisse;durum;yeni_sinyal;konfluans;trend_35;momentum_30;hacim_35;risk;uyumsuzluk;rejim;adx;rsi;mfi;supertrend;goreli_guc;usd_trend;haftalik_trend;hacim_orani;ema50_uzaklik_atr;dagitim_gun;kapanis;degisim%;islem_hacmi_tl;st_cizgisi;osc_macd;osc_rsi;osc_adx;osc_momentum;osc_atr;osc_wavetrend;osc_stochrsi;osc_sharpe;osc_al_sayisi;tarih
POLHO;GUCLU AL;;99,8;34,8;30,0;35,0;10;1;guclu trend;29,5;62,8;37,4;yukari;guclu;yukselis;yukari;1,34;1,94;1;23,18;3,48;56357928;20,89;AL;POZITIF;AL;POZITIF;ARTIYOR;AL;AL;NOTR;6;07.09.2026
KRPLS;GUCLU AL;;98,8;35,0;28,8;35,0;28;0;guclu trend;43,7;74,4;79,3;yukari;guclu;yukselis;yukari;2,04;4,27;0;12,43;10,00;101028914;10,07;AL;POZITIF;AL;POZITIF;ARTIYOR;AL;AL;NOTR;6;07.09.2026
BAHKM;izle;;98,1;35,0;28,7;34,3;46;1;guclu trend;45,7;74,6;78,9;yukari;guclu;yukselis;yukari;2,42;3,41;2;168,7;-1,40;570553522;138,64;AL;POZITIF;AL;POZITIF;ARTIYOR;SAT;SAT;NOTR;4;07.09.2026
ENERY;GUCLU AL;;97,1;35,0;30,0;32,1;28;0;guclu trend;34,6;71,8;97,2;yukari;guclu;yukselis;yukari;1,52;3,27;0;10,79;-2,26;702543255;9,63;AL;POZITIF;AL;POZITIF;ARTIYOR;AL;SAT;NOTR;5;07.09.2026
SKYMD;AL;;95,7;30,7;30,0;35,0;20;1;ilimli;19,0;68,3;77,2;yukari;guclu;yukselis;yukari;2,73;2,90;1;17,13;9,95;130158862;13,60;AL;POZITIF;NOTR;POZITIF;ARTIYOR;AL;AL;NOTR;5;07.09.2026
CATES;GUCLU AL;;95,7;35,0;30,0;30,7;16;0;guclu trend;50,4;58,8;67,2;yukari;guclu;yukselis;yukari;1,48;2,56;3;64,9;-9,86;364036301;60,79;AL;POZITIF;AL;POZITIF;ARTIYOR;SAT;SAT;NOTR;4;07.09.2026
TRCAS;GUCLU AL;;95,2;31,7;30,0;33,5;6;0;guclu trend;21,5;59,8;68,3;yukari;guclu;yukselis;yukari;1,21;1,88;3;48,86;-0,69;61155424;43,80;AL;POZITIF;AL;POZITIF;AZALIYOR;AL;AL;NOTR;6;07.09.2026
KLSYN;GUCLU AL;;95,1;34,1;26,0;35,0;10;0;guclu trend;27,8;64,1;68,7;yukari;guclu;yukselis;yukari;1,63;2,25;0;16,15;2,93;79041265;14,08;SAT;POZITIF;AL;POZITIF;ARTIYOR;AL;AL;NOTR;5;07.09.2026
BORSK;GUCLU AL;;95,0;30,0;30,0;35,0;0;0;zayif;34,3;67,1;71,4;yukari;guclu;yukselis;yukari;1,92;1,97;2;6,8;3,50;120402520;5,78;AL;POZITIF;AL;POZITIF;ARTIYOR;AL;AL;NOTR;6;07.09.2026
VAKBN;GUCLU AL;;94,9;33,5;29,4;32,0;8;0;guclu trend;26,0;58,5;63,2;yukari;guclu;yukselis;yukari;1,21;1,24;2;33,32;-0,89;2260552117;30,13;AL;POZITIF;AL;POZITIF;ARTIYOR;AL;SAT;NOTR;5;07.09.2026
TURGG;GUCLU AL;EVET;94,4;30,0;30,0;34,4;30;2;zayif;32,5;71,1;74,1;yukari;guclu;yukselis;yukari;2,62;1,98;1;31,22;7,95;88526183;25,81;AL;POZITIF;AL;POZITIF;ARTIYOR;AL;SAT;NOTR;5;07.09.2026
ATSYH;izle;;94,0;29,0;30,0;35,0;52;3;ilimli;14,6;61,3;63,3;yukari;guclu;yukselis;yukari;1,31;3,45;2;134;8,94;7994038;112,53;AL;POZITIF;NOTR;POZITIF;ARTIYOR;AL;AL;NOTR;5;07.09.2026
ALKLC;izle;;93,9;35,0;24,7;34,2;45;1;guclu trend;61,3;82,7;47,1;yukari;guclu;yukselis;yukari;1,25;5,17;2;460;0,99;1295251440;429,36;AL;POZITIF;AL;POZITIF;ARTIYOR;AL;AL;NOTR;6;07.09.2026
RYSAS;GUCLU AL;;93,8;35,0;30,0;28,8;10;0;guclu trend;35,7;62,7;77,5;yukari;guclu;yukselis;yukari;1,08;2,42;2;28,12;-0,64;512932899;24,77;AL;POZITIF;AL;POZITIF;ARTIYOR;SAT;SAT;NOTR;4;07.09.2026
ISDMR;AL;EVET;93,1;30,3;30,0;32,8;10;0;ilimli;18,0;68,7;77,3;yukari;guclu;yukselis;yukari;1,92;2,23;0;59,5;7,79;202629452;49,77;AL;POZITIF;NOTR;POZITIF;ARTIYOR;AL;AL;NOTR;5;07.09.2026
BOBET;izle;;92,2;30,0;30,0;32,2;60;3;zayif;40,5;71,3;66,8;yukari;guclu;yukselis;yukari;1,13;3,43;0;23,8;8,38;248599044;19,08;AL;POZITIF;AL;POZITIF;ARTIYOR;AL;AL;NOTR;6;07.09.2026
OFSYM;GUCLU AL;;92,2;35,0;30,0;27,2;0;0;guclu trend;49,1;57,8;69,3;yukari;guclu;yukselis;yukari;0,93;1,62;1;66,95;-4,36;188761106;58,06;AL;POZITIF;AL;NEGATIF;AZALIYOR;SAT;SAT;NOTR;3;07.09.2026
MARTI;GUCLU AL;;91,5;30,0;28,5;33,0;28;0;zayif;38,9;75,0;84,8;yukari;guclu;yukselis;yukari;1,37;3,49;0;2,08;3,48;360421668;1,68;AL;POZITIF;AL;POZITIF;ARTIYOR;AL;SAT;NOTR;5;07.09.2026
AHGAZ;GUCLU AL;;90,8;34,6;30,0;26,2;28;0;guclu trend;29,0;68,6;89,1;yukari;guclu;yukselis;yukari;0,79;3,27;0;38,94;-1,91;170630952;35,70;AL;POZITIF;AL;POZITIF;ARTIYOR;AL;SAT;NOTR;5;07.09.2026
AVOD;GUCLU AL;;90,7;30,0;30,0;30,7;18;0;zayif;37,0;65,5;89,9;yukari;guclu;yukselis;yukari;4,25;1,74;3;4,5;-4,46;187786017;3,92;AL;POZITIF;AL;POZITIF;ARTIYOR;AL;AL;NOTR;6;07.09.2026
ETYAT;GUCLU AL;;90,6;33,5;30,0;27,1;10;0;guclu trend;26,2;65,6;48,5;yukari;guclu;yukselis;yukari;0,83;2,35;1;16,17;0,25;11848002;13,55;AL;POZITIF;AL;POZITIF;AZALIYOR;AL;AL;NOTR;6;07.09.2026
INDES;GUCLU AL;;90,5;33,0;30,0;27,5;0;0;guclu trend;24,9;60,5;72,4;yukari;guclu;yukselis;yukari;0,85;1,82;2;11,84;1,20;81523515;10,83;AL;POZITIF;AL;POZITIF;AZALIYOR;SAT;SAT;NOTR;4;07.09.2026
DEVA;GUCLU AL;;90,0;35,0;30,0;25,0;28;0;guclu trend;44,0;67,9;62,8;yukari;guclu;yukselis;yukari;0,59;3,94;1;94,3;2,00;57219637;83,43;AL;POZITIF;AL;POZITIF;AZALIYOR;SAT;SAT;NOTR;4;07.09.2026
HALKB;GUCLU AL;;89,3;35,0;30,0;24,3;20;0;guclu trend;31,4;65,6;39,1;yukari;guclu;yukselis;yukari;2,19;3,58;2;49,92;-8,15;5408171908;44,37;AL;POZITIF;AL;POZITIF;ARTIYOR;AL;AL;NOTR;6;07.09.2026
ALARK;GUCLU AL;;88,8;33,6;30,0;25,2;10;0;guclu trend;26,5;63,4;49,8;yukari;guclu;yukselis;yukari;0,71;2,13;1;113,9;1,70;471512627;100,97;AL;POZITIF;AL;POZITIF;AZALIYOR;AL;AL;NOTR;6;07.09.2026
ALBRK;izle;;88,6;35,0;26,0;27,6;32;3;guclu trend;30,7;59,5;68,5;yukari;guclu;yukselis;yukari;0,95;1,51;2;8,89;2,30;116988933;8,39;SAT;POZITIF;AL;NEGATIF;ARTIYOR;SAT;AL;NOTR;3;07.09.2026
GUBRF;GUCLU AL;;88,5;34,6;29,9;23,9;18;1;guclu trend;29,1;60,2;77,7;yukari;guclu;yukselis;yukari;0,79;1,47;1;491,25;2,61;1491243413;437,48;AL;POZITIF;AL;NEGATIF;ARTIYOR;AL;SAT;NOTR;4;07.09.2026
BIMAS;GUCLU AL;;88,4;33,4;30,0;25,0;18;0;guclu trend;25,9;61,1;49,0;yukari;guclu;yukselis;yukari;0,68;2,16;1;418;0,54;2934141386;385,67;AL;POZITIF;AL;POZITIF;AZALIYOR;AL;AL;NOTR;6;07.09.2026
PNSUT;GUCLU AL;EVET;88,1;23,4;30,0;34,7;8;0;zayif;32,9;67,9;75,0;yukari;guclu;yukselis;yukari;2,15;1,98;0;12,29;9,54;113755417;10,32;AL;POZITIF;AL;POZITIF;ARTIYOR;AL;AL;NOTR;6;07.09.2026
PETUN;GUCLU AL;EVET;87,8;22,8;30,0;34,9;8;0;zayif;39,7;66,6;79,2;yukari;guclu;yukselis;yukari;2,27;1,65;1;12,29;5,04;87981468;10,87;AL;POZITIF;AL;POZITIF;ARTIYOR;AL;AL;NOTR;6;07.09.2026
TRHOL;GUCLU AL;;87,7;35,0;22,0;30,7;35;0;guclu trend;55,3;95,8;100,0;yukari;guclu;yukselis;yukari;1,04;8,12;0;3650;0,69;1396263700;3080,24;AL;POZITIF;AL;POZITIF;AZALIYOR;SAT;SAT;PAHALI (SAT);4;07.09.2026
NETAS;GUCLU AL;;87,4;35,0;30,0;22,4;28;0;guclu trend;46,3;64,6;71,5;yukari;guclu;yukselis;yukari;0,74;3,22;1;99,7;-3,30;194831148;83,84;AL;POZITIF;AL;NEGATIF;ARTIYOR;AL;SAT;NOTR;4;07.09.2026
MANAS;GUCLU AL;;86,9;34,8;25,1;27,0;35;0;guclu trend;29,5;81,8;80,2;yukari;guclu;yukselis;yukari;0,82;3,96;2;39,6;6,39;867561473;32,49;AL;POZITIF;AL;POZITIF;ARTIYOR;AL;AL;PAHALI (SAT);6;07.09.2026
RYGYO;GUCLU AL;;86,8;35,0;24,7;27,0;0;0;guclu trend;48,4;54,0;72,5;yukari;guclu;yukselis;yukari;1,18;1,81;1;44,72;-9,51;184564628;43,73;SAT;POZITIF;AL;POZITIF;ARTIYOR;SAT;SAT;NOTR;3;07.09.2026
AGESA;izle;;86,7;34,0;28,3;24,3;40;4;guclu trend;27,5;55,4;81,2;yukari;guclu;yukselis;yukari;0,72;1,11;2;254;-1,93;46179740;239,61;AL;POZITIF;AL;POZITIF;AZALIYOR;SAT;SAT;NOTR;4;07.09.2026
ARASE;GUCLU AL;;86,1;32,4;20,7;33,0;0;0;guclu trend;23,3;52,8;63,0;yukari;guclu;yukselis;yukari;1,50;0,68;0;120,8;0,92;79531579;108,17;SAT;POZITIF;AL;NEGATIF;AZALIYOR;SAT;SAT;NOTR;2;07.09.2026
ADGYO;GUCLU AL;EVET;86,1;31,2;25,0;29,9;10;0;guclu trend;20,3;55,4;59,6;yukari;guclu;yukselis;yukari;1,20;1,08;4;59,65;3,56;75298223;54,81;SAT;POZITIF;AL;NEGATIF;ARTIYOR;SAT;AL;NOTR;3;07.09.2026
HUNER;GUCLU AL;;86,0;33,7;29,0;23,4;22;2;guclu trend;26,6;55,9;69,0;yukari;guclu;yukselis;yukari;0,64;1,08;2;3,9;0,26;99982288;3,50;AL;POZITIF;AL;NEGATIF;AZALIYOR;SAT;SAT;NOTR;3;07.09.2026
PETKM;AL;EVET;85,8;21,8;30,0;34,0;10;0;ilimli;14,1;65,2;60,3;yukari;guclu;yukselis;yukari;1,30;2,25;2;22,06;9,97;2077188902;18,58;AL;POZITIF;NOTR;POZITIF;ARTIYOR;AL;AL;NOTR;5;07.09.2026
KZGYO;GUCLU AL;EVET;85,6;22,9;27,7;35,0;28;0;zayif;24,6;76,6;82,7;yukari;guclu;yukselis;yukari;3,38;3,38;0;23,9;7,08;140435779;19,92;AL;POZITIF;AL;POZITIF;ARTIYOR;AL;AL;NOTR;6;07.09.2026
BRSAN;GUCLU AL;EVET;85,4;35,0;26,0;24,4;20;0;guclu trend;34,3;63,1;58,5;yukari;guclu;yukselis;yukari;0,54;3,17;2;728;1,75;1210775384;635,12;SAT;POZITIF;AL;NEGATIF;AZALIYOR;SAT;AL;NOTR;3;07.09.2026
ARTMS;GUCLU AL;EVET;85,2;22,0;30,0;33,2;10;1;zayif;22,3;64,6;73,1;yukari;guclu;yukselis;yukari;1,59;1,87;0;43,9;3,83;74544263;37,04;AL;POZITIF;AL;POZITIF;ARTIYOR;AL;AL;NOTR;6;07.09.2026
AGHOL;GUCLU AL;EVET;84,7;25,5;28,7;30,4;22;2;ilimli;23,7;63,3;68,7;yukari;guclu;yukselis;yukari;1,07;1,49;2;34,54;5,05;211095078;30,33;AL;POZITIF;AL;POZITIF;ARTIYOR;AL;SAT;NOTR;5;07.09.2026
TUPRS;GUCLU AL;;84,7;35,0;23,6;26,1;30;1;guclu trend;46,8;65,2;62,0;yukari;guclu;yukselis;yukari;0,84;4,33;2;394,25;1,48;10034212479;364,54;SAT;POZITIF;AL;NEGATIF;AZALIYOR;SAT;SAT;NOTR;2;07.09.2026
DMLKT;GUCLU AL;;84,6;35,0;25,0;24,6;26;0;guclu trend;50,3;64,2;63,8;yukari;guclu;yukselis;yukari;0,62;3,26;3;7,01;2,19;46732263;6,62;SAT;POZITIF;AL;POZITIF;ARTIYOR;SAT;AL;NOTR;4;07.09.2026
EUKYO;GUCLU AL;;84,2;35,0;25,5;23,6;0;0;guclu trend;45,3;56,4;56,3;yukari;guclu;yukselis;yukari;0,38;1,68;2;13,6;-1,45;5017434;12,26;SAT;POZITIF;AL;NEGATIF;ARTIYOR;AL;AL;PAHALI (SAT);4;07.09.2026
KARSN;GUCLU AL;EVET;83,9;25,0;23,9;35,0;35;0;zayif;30,1;84,2;90,7;yukari;guclu;yukselis;yukari;2,48;5,45;0;13,94;9,94;1074345596;11,37;AL;POZITIF;AL;POZITIF;ARTIYOR;AL;SAT;NOTR;5;07.09.2026
SAYAS;GUCLU AL;EVET;83,7;33,5;24,8;25,4;0;0;guclu trend;26,1;53,7;66,7;yukari;guclu;yukselis;yukari;0,98;1,01;0;57,7;3,41;178964743;51,71;SAT;POZITIF;AL;NEGATIF;ARTIYOR;SAT;AL;NOTR;3;07.09.2026
VBTYZ;GUCLU AL;;83,1;35,0;24,9;23,2;10;1;guclu trend;33,7;57,2;78,1;yukari;guclu;yukselis;yukari;0,53;2,06;1;37,42;-4,05;61371494;32,80;SAT;POZITIF;AL;NEGATIF;ARTIYOR;SAT;SAT;NOTR;2;07.09.2026
TARKM;GUCLU AL;;82,5;34,2;27,1;21,2;0;0;guclu trend;28,0;52,1;76,5;yukari;guclu;yukselis;yukari;0,78;0,56;1;509,5;-2,11;80948851;478,25;AL;POZITIF;AL;POZITIF;AZALIYOR;SAT;SAT;NOTR;4;07.09.2026
TEHOL;GUCLU AL;;82,3;35,0;25,8;21,5;10;1;guclu trend;52,0;56,2;78,3;yukari;guclu;yukselis;yukari;0,78;1,65;0;46,1;2,44;2309726126;37,38;SAT;POZITIF;AL;NEGATIF;ARTIYOR;AL;AL;NOTR;4;07.09.2026
GENIL;GUCLU AL;;82,2;35,0;26,0;21,2;32;2;guclu trend;39,8;54,9;59,2;yukari;guclu;yukselis;yukari;0,69;1,51;4;11,36;1,43;391170172;10,34;SAT;POZITIF;AL;NEGATIF;AZALIYOR;SAT;AL;NOTR;3;07.09.2026
KRDMD;GUCLU AL;EVET;82,1;31,5;25,8;24,8;0;0;guclu trend;21,0;55,3;62,5;yukari;guclu;yukselis;yukari;0,78;1,41;1;45,2;3,86;2177466924;41,86;SAT;POZITIF;AL;NEGATIF;ARTIYOR;SAT;AL;NOTR;3;07.09.2026
SELEC;izle;;82,0;35,0;22,0;25,0;43;0;guclu trend;49,5;89,7;90,2;yukari;guclu;yukselis;yukari;0,31;6,39;0;365;2,53;715167130;308,19;AL;POZITIF;AL;POZITIF;AZALIYOR;AL;AL;PAHALI (SAT);6;07.09.2026
ANELE;izle;;82,0;35,0;22,0;25,0;43;0;guclu trend;37,7;89,1;82,9;yukari;guclu;yukselis;yukari;0,35;6,11;0;214,8;5,29;501713515;170,49;AL;POZITIF;AL;POZITIF;ARTIYOR;SAT;SAT;PAHALI (SAT);4;07.09.2026
IEYHO;GUCLU AL;;82,0;35,0;22,0;25,0;35;0;guclu trend;86,8;93,8;100,0;yukari;guclu;yukselis;yukari;0,66;11,38;0;217;1,12;167865124;206,29;AL;POZITIF;AL;POZITIF;ARTIYOR;SAT;SAT;PAHALI (SAT);4;07.09.2026
AYGAZ;GUCLU AL;;81,5;35,0;23,8;22,7;38;2;guclu trend;43,8;55,0;67,2;yukari;guclu;yukselis;yukari;1,20;2,13;3;318,5;-2,23;492579042;299,67;SAT;POZITIF;AL;NEGATIF;AZALIYOR;SAT;SAT;NOTR;2;07.09.2026
RODRG;AL;;81,5;29,8;27,0;24,6;0;0;ilimli;16,7;54,5;60,0;yukari;guclu;yukselis;yukari;1,48;0,57;2;26,36;-2,37;12388040;22,52;AL;POZITIF;NOTR;POZITIF;AZALIYOR;AL;SAT;NOTR;4;07.09.2026
ASELS;AL;;81,3;30,8;24,3;26,2;0;0;ilimli;19,2;54,8;59,6;yukari;guclu;yukselis;yukari;0,83;0,86;2;392,5;1,09;11059417550;363,22;SAT;POZITIF;NOTR;NEGATIF;AZALIYOR;SAT;AL;NOTR;2;07.09.2026
AVGYO;izle;;81,2;23,1;30,0;28,2;6;0;ilimli;19,8;60,4;43,3;asagi;guclu;yukselis;yukari;1,60;1,88;3;17,6;10,00;47047035;18,21;AL;POZITIF;NOTR;NEGATIF;ARTIYOR;AL;AL;NOTR;4;07.09.2026
AKFIS;GUCLU AL;EVET;81,0;32,1;26,0;23,0;20;1;guclu trend;22,4;59,3;66,6;yukari;guclu;yukselis;yukari;0,43;2,20;2;18,18;4,30;171086381;16,36;SAT;POZITIF;AL;POZITIF;AZALIYOR;SAT;AL;PAHALI (SAT);4;07.09.2026
KUVVA;GUCLU AL;;81,0;35,0;24,1;21,8;16;1;guclu trend;33,9;54,8;63,3;yukari;guclu;yukselis;yukari;0,69;1,39;3;182;-4,46;26222378;163,41;SAT;POZITIF;AL;NEGATIF;ARTIYOR;SAT;SAT;NOTR;2;07.09.2026
AKCNS;AL;;80,9;29,1;25,4;26,5;20;1;ilimli;14,9;61,6;50,6;yukari;guclu;yukselis;yukari;0,79;2,23;2;248,8;2,01;63838099;231,75;SAT;POZITIF;NOTR;POZITIF;AZALIYOR;AL;AL;NOTR;4;07.09.2026
GMTAS;izle;;80,8;20,3;27,0;33,5;0;0;ilimli;12,8;55,4;56,9;asagi;guclu;yukselis;yukari;1,51;0,95;0;47,06;2,35;205709943;48,51;AL;POZITIF;NOTR;POZITIF;ARTIYOR;AL;AL;NOTR;5;07.09.2026
ENJSA;izle;;80,6;29,1;27,4;24,1;40;3;ilimli;14,7;53,7;70,3;yukari;guclu;yukselis;yukari;0,56;0,73;2;113;-0,62;289846130;103,75;AL;POZITIF;NOTR;POZITIF;AZALIYOR;AL;SAT;NOTR;4;07.09.2026
KCHOL;izle;;80,4;35,0;26,0;19,4;42;2;guclu trend;29,9;63,1;65,2;yukari;guclu;yukselis;yukari;0,85;2,38;4;219,7;2,14;5696868895;202,86;SAT;POZITIF;AL;POZITIF;AZALIYOR;AL;AL;NOTR;5;07.09.2026
DENGE;GUCLU AL;EVET;80,3;16,8;30,0;33,5;30;2;zayif;25,0;61,9;79,0;yukari;guclu;yukselis;yukari;2,20;1,77;2;2,56;8,47;118653253;2,13;AL;POZITIF;AL;POZITIF;ARTIYOR;AL;AL;UCUZ (AL);6;07.09.2026
OZATD;GUCLU AL;;79,7;35,0;22,9;21,8;30;1;guclu trend;47,8;67,1;90,5;yukari;guclu;yukselis;yukari;0,06;4,78;2;4600;-1,71;148437400;4260,49;SAT;POZITIF;AL;POZITIF;AZALIYOR;SAT;SAT;PAHALI (SAT);3;07.09.2026
CELHA;GUCLU AL;EVET;79,5;33,3;22,6;23,5;16;1;guclu trend;25,7;47,9;29,2;yukari;guclu;yukselis;yukari;0,90;0,78;3;24,42;0,33;61303089;21,70;SAT;NEGATIF;AL;NEGATIF;AZALIYOR;SAT;SAT;NOTR;1;07.09.2026
BALAT;AL;;79,3;16,5;30,0;32,8;10;0;zayif;17,6;65,4;49,1;yukari;guclu;yukselis;yukari;1,19;2,92;1;78,95;0,00;3059549;71,29;AL;POZITIF;NOTR;POZITIF;AZALIYOR;AL;AL;NOTR;5;07.09.2026
SOKM;AL;;78,4;29,7;24,9;23,9;22;2;ilimli;16,2;61,1;68,4;yukari;guclu;yukselis;yukari;0,66;1,90;2;58;0,00;201163430;52,67;SAT;POZITIF;NOTR;NEGATIF;AZALIYOR;AL;AL;NOTR;3;07.09.2026
DOHOL;AL;;78,3;28,9;26,3;23,1;0;0;ilimli;14,3;53,9;77,2;yukari;guclu;yukselis;yukari;0,38;0,60;2;21,82;0,09;84887197;20,39;AL;POZITIF;NOTR;POZITIF;AZALIYOR;SAT;AL;NOTR;4;07.09.2026
MRGYO;GUCLU AL;;78,2;24,5;29,5;24,2;0;0;zayif;36,1;61,5;64,7;yukari;guclu;yukselis;yukari;0,89;1,27;1;1,57;0,00;172996625;1,38;AL;POZITIF;AL;POZITIF;AZALIYOR;SAT;SAT;NOTR;4;07.09.2026
DIRIT;AL;;78,0;24,9;30,0;23,1;10;0;zayif;16,9;59,3;66,0;yukari;guclu;yukselis;yukari;0,52;2,11;1;28;0,00;1099224;25,07;AL;POZITIF;NOTR;POZITIF;AZALIYOR;AL;AL;NOTR;5;07.09.2026
ARDYZ;GUCLU AL;;77,3;35,0;22,4;19,9;0;0;guclu trend;44,4;50,6;49,9;yukari;guclu;yukselis;yukari;0,76;1,17;1;83,7;-2,39;357329948;80,55;SAT;POZITIF;AL;NEGATIF;ARTIYOR;SAT;AL;NOTR;3;07.09.2026
TRMET;GUCLU AL;;77,2;31,5;23,4;22,4;0;0;guclu trend;20,9;53,1;64,6;yukari;guclu;yukselis;yukari;0,44;1,11;1;138,2;0,66;391447078;128,36;SAT;POZITIF;AL;NEGATIF;AZALIYOR;SAT;AL;NOTR;3;07.09.2026
ORGE;GUCLU AL;EVET;77,2;33,1;24,7;19,4;22;2;guclu trend;25,1;54,3;52,6;yukari;guclu;yukselis;yukari;0,72;0,93;2;23;2,95;116194137;20,44;SAT;POZITIF;AL;NEGATIF;AZALIYOR;SAT;AL;NOTR;3;07.09.2026
METRO;AL;;76,8;28,3;22,1;26,4;0;0;ilimli;14,4;54,0;42,1;yukari;guclu;yukselis;yukari;0,98;0,74;0;8,61;1,41;62928226;7,70;SAT;POZITIF;NOTR;NEGATIF;AZALIYOR;SAT;AL;NOTR;2;07.09.2026
KRGYO;GUCLU AL;EVET;76,4;29,0;24,6;22,7;0;0;zayif;38,9;60,0;61,6;yukari;guclu;yukselis;yukari;0,56;1,74;2;3,05;3,74;38443688;2,79;SAT;POZITIF;AL;POZITIF;AZALIYOR;SAT;AL;NOTR;4;07.09.2026
TKFEN;GUCLU AL;;76,0;35,0;22,7;18,3;0;0;guclu trend;30,9;51,8;42,3;yukari;guclu;yukselis;yukari;0,51;1,66;1;207;-1,80;722700549;197,64;SAT;POZITIF;AL;NEGATIF;AZALIYOR;SAT;SAT;NOTR;2;07.09.2026
ETILR;izle;;74,9;20,2;23,7;31,0;6;0;ilimli;12,4;56,0;51,6;asagi;guclu;yukselis;yukari;2,02;0,92;3;6,18;8,61;90175847;6,46;SAT;POZITIF;NOTR;NEGATIF;ARTIYOR;AL;AL;NOTR;3;07.09.2026
AKBNK;AL;;74,6;22,1;29,0;23,5;8;0;zayif;18,3;61,4;59,2;yukari;guclu;yukselis;yukari;0,89;1,22;1;73,05;1,67;9942544469;66,67;AL;POZITIF;NOTR;POZITIF;AZALIYOR;AL;AL;NOTR;5;07.09.2026
EGGUB;AL;;74,4;28,1;23,3;22,9;0;0;ilimli;19,4;54,7;71,1;yukari;guclu;yukselis;yukari;0,43;0,89;2;107;0,75;36469880;100,13;SAT;POZITIF;NOTR;POZITIF;AZALIYOR;SAT;SAT;NOTR;2;07.09.2026
NIBAS;AL;EVET;74,3;16,0;30,0;28,4;18;1;zayif;24,9;65,8;68,0;yukari;guclu;yukselis;yukari;1,19;1,68;2;4,75;9,95;156089536;3,94;AL;POZITIF;AL;POZITIF;ARTIYOR;AL;AL;NOTR;6;07.09.2026
FLAP;AL;EVET;73,8;21,6;28,1;24,2;8;0;zayif;29,0;59,1;65,2;yukari;guclu;yukselis;yukari;1,15;0,68;1;11,39;3,83;14691209;9,47;AL;POZITIF;AL;POZITIF;ARTIYOR;AL;AL;NOTR;6;07.09.2026
KERVN;izle;;73,6;22,4;24,0;27,2;28;2;guclu trend;32,5;46,6;30,5;asagi;guclu;yukselis;yukari;1,36;0,66;3;9,13;10,00;14531418;9,48;SAT;NEGATIF;SAT;NEGATIF;ARTIYOR;SAT;AL;NOTR;1;07.09.2026
AKSGY;AL;;73,5;29,7;19,6;24,2;16;1;guclu trend;24,2;50,2;55,5;yukari;guclu;zayif;yukari;0,67;0,62;3;9,88;-0,80;39524100;9,55;SAT;POZITIF;SAT;NEGATIF;AZALIYOR;SAT;AL;NOTR;2;07.09.2026
DURDO;izle;;73,1;21,7;24,8;26,6;40;4;ilimli;16,5;53,7;50,9;asagi;guclu;zayif;yukari;1,01;0,55;1;5,1;2,00;11264941;5,27;AL;POZITIF;NOTR;POZITIF;AZALIYOR;AL;AL;NOTR;5;07.09.2026
DOCO;AL;;72,5;30,0;20,4;22,2;22;2;ilimli;17,1;50,0;40,8;yukari;guclu;zayif;yukari;0,58;0,55;2;11375;-1,22;30962750;10942,74;SAT;NEGATIF;NOTR;NEGATIF;ARTIYOR;SAT;AL;NOTR;1;07.09.2026
MTRKS;AL;;72,5;32,2;25,9;14,4;0;0;guclu trend;22,7;57,2;59,9;yukari;guclu;yukselis;yukari;0,79;1,45;2;33,18;6,69;50302506;31,00;SAT;POZITIF;AL;NEGATIF;ARTIYOR;SAT;AL;NOTR;3;07.09.2026
HURGZ;AL;;72,4;29,4;23,5;19,5;6;0;guclu trend;22,1;51,0;68,0;yukari;guclu;yukselis;yukari;0,48;0,42;3;7,44;0,81;31726169;6,80;SAT;POZITIF;SAT;NEGATIF;AZALIYOR;SAT;AL;NOTR;2;07.09.2026
VESTL;AL;;72,4;12,4;30,0;29,9;8;0;zayif;23,4;70,4;89,6;yukari;guclu;yukselis;yukari;2,27;2,03;1;26,62;0,60;746271495;22,39;AL;POZITIF;AL;POZITIF;ARTIYOR;AL;AL;NOTR;6;07.09.2026
RALYH;izle;;72,1;31,0;23,5;17,6;38;3;ilimli;19,6;54,6;40,4;yukari;guclu;yukselis;yukari;0,84;1,14;3;263,75;-2,76;462319463;235,06;SAT;POZITIF;NOTR;NEGATIF;ARTIYOR;AL;AL;NOTR;3;07.09.2026
DAGI;izle;;72,1;22,2;25,1;24,8;0;0;guclu trend;28,2;53,1;55,7;asagi;guclu;yukselis;yukari;1,00;1,12;2;10,23;9,76;92149896;11,10;SAT;POZITIF;SAT;NEGATIF;ARTIYOR;SAT;AL;NOTR;2;07.09.2026
BIOEN;AL;;71,3;24,4;22,8;24,0;10;0;zayif;25,3;53,3;63,5;yukari;guclu;yukselis;yukari;1,89;0,69;5;19,1;-1,14;324353851;17,84;SAT;POZITIF;AL;NEGATIF;ARTIYOR;SAT;SAT;NOTR;2;07.09.2026
SAHOL;izle;;70,8;20,9;28,0;21,8;40;3;zayif;18,5;61,8;61,0;yukari;guclu;yukselis;yukari;0,68;1,11;1;94,05;1,57;2467730925;88,21;AL;POZITIF;NOTR;NEGATIF;AZALIYOR;SAT;AL;NOTR;3;07.09.2026
TRALT;AL;;70,7;29,6;20,0;21,1;10;1;ilimli;16,1;50,9;61,9;yukari;guclu;yukselis;yukari;0,71;0,50;2;51,3;0,98;4121493505;48,12;SAT;POZITIF;NOTR;NEGATIF;AZALIYOR;SAT;AL;NOTR;2;07.09.2026
ATATP;AL;;70,6;35,0;26,0;9,6;22;2;guclu trend;47,4;56,6;41,2;yukari;guclu;yukselis;yukari;0,37;1,87;1;305,75;-1,69;185822926;267,66;SAT;POZITIF;AL;NEGATIF;AZALIYOR;SAT;AL;NOTR;3;07.09.2026
ARSAN;izle;;70,5;27,0;24,0;19,5;0;0;guclu trend;35,2;55,3;80,1;asagi;guclu;yukselis;yukari;0,51;1,38;1;3,96;1,80;66214320;4,47;SAT;POZITIF;AL;NEGATIF;AZALIYOR;SAT;SAT;NOTR;2;07.09.2026
RUBNS;AL;;70,3;30,9;19,6;19,8;0;0;guclu trend;36,1;45,8;39,5;yukari;guclu;yukselis;yukari;0,93;0,04;1;29,52;-4,16;82493906;29,16;SAT;NEGATIF;AL;NEGATIF;ARTIYOR;SAT;SAT;NOTR;1;07.09.2026
GARAN;AL;EVET;70,2;17,6;26,3;26,3;30;2;zayif;16,5;56,8;61,6;yukari;guclu;yukselis;yukari;0,94;0,73;1;133,5;1,60;4246546223;124,55;AL;POZITIF;NOTR;POZITIF;AZALIYOR;SAT;AL;NOTR;4;07.09.2026
KNFRT;AL;EVET;70,1;22,1;24,8;23,2;6;0;zayif;17,4;57,4;74,0;yukari;guclu;yukselis;yukari;1,13;0,97;3;12,96;9,18;82400717;11,09;SAT;POZITIF;NOTR;POZITIF;ARTIYOR;SAT;AL;NOTR;3;07.09.2026
CEMZY;AL;;69,9;30,4;23,5;16,0;0;0;guclu trend;35,1;50,2;73,0;yukari;guclu;yukselis;yukari;0,16;0,43;1;14,8;2,07;164198126;13,41;SAT;POZITIF;SAT;NEGATIF;AZALIYOR;SAT;AL;NOTR;2;07.09.2026
TRENJ;AL;;69,8;30,5;24,3;15,1;16;1;ilimli;18,4;54,5;76,4;yukari;guclu;yukselis;yukari;0,58;1,36;3;105;-0,19;132926850;95,86;SAT;POZITIF;NOTR;NEGATIF;AZALIYOR;SAT;SAT;NOTR;1;07.09.2026
CRFSA;izle;;69,6;27,0;24,3;18,3;10;0;guclu trend;55,7;58,1;55,6;asagi;guclu;yukselis;yukari;0,60;2,51;1;292,75;4,37;578153146;337,96;SAT;POZITIF;AL;POZITIF;AZALIYOR;SAT;SAT;NOTR;3;07.09.2026
KRDMA;AL;;69,6;35,0;24,6;10,0;0;0;guclu trend;44,6;55,7;76,1;yukari;guclu;yukselis;yukari;0,82;1,79;2;55,15;-1,87;584294837;53,49;SAT;POZITIF;AL;POZITIF;AZALIYOR;SAT;SAT;NOTR;3;07.09.2026
BRKVY;AL;;69,3;20,8;27,6;20,8;0;0;zayif;39,2;54,3;70,9;yukari;guclu;yukselis;asagi;1,18;0,49;0;86;-5,18;66859496;79,73;AL;POZITIF;AL;POZITIF;ARTIYOR;SAT;SAT;UCUZ (AL);4;07.09.2026
TOASO;AL;EVET;69,0;16,4;26,4;26,2;0;0;zayif;17,7;61,0;59,6;yukari;guclu;yukselis;yukari;1,49;0,86;1;288;5,01;1620034560;251,91;AL;POZITIF;NOTR;POZITIF;ARTIYOR;AL;AL;NOTR;5;07.09.2026
KGYO;izle;;68,9;28,9;21,5;18,6;40;4;ilimli;18,4;50,1;39,4;yukari;guclu;yukselis;yukari;0,55;0,50;2;11,89;-2,38;181874351;10,80;SAT;POZITIF;NOTR;NEGATIF;AZALIYOR;SAT;AL;NOTR;2;07.09.2026
GSDDE;AL;EVET;68,7;31,5;18,4;18,9;6;0;guclu trend;20,9;49,0;62,7;yukari;zayif;zayif;yukari;0,79;0,03;3;13,28;3,59;60157138;12,38;SAT;NEGATIF;AL;NEGATIF;AZALIYOR;SAT;AL;NOTR;2;07.09.2026
TNZTP;izle;;68,3;29,0;22,1;17,3;42;3;ilimli;19,1;48,7;38,2;yukari;guclu;yukselis;yukari;0,98;0,62;4;28,82;-0,62;128322462;27,67;SAT;NEGATIF;NOTR;NEGATIF;AZALIYOR;SAT;SAT;NOTR;0;07.09.2026
TGSAS;izle;;67,9;24,7;24,8;18,5;0;0;guclu trend;24,0;57,1;72,6;asagi;guclu;yukselis;yukari;0,75;1,72;1;233,6;0,17;152741229;279,18;SAT;POZITIF;AL;POZITIF;AZALIYOR;SAT;AL;NOTR;4;07.09.2026
GEREL;izle;;67,7;15,8;22,5;29,4;28;2;ilimli;19,2;53,7;39,1;asagi;guclu;yukselis;yukari;1,78;0,49;3;40,8;5,92;497286924;42,71;SAT;POZITIF;NOTR;POZITIF;ARTIYOR;AL;AL;NOTR;4;07.09.2026
CVKMD;AL;EVET;66,6;28,4;18,5;19,6;0;0;ilimli;13,1;48,4;34,6;yukari;guclu;yukselis;yukari;0,66;0,09;2;15,76;0,70;381369085;14,58;SAT;NEGATIF;NOTR;NEGATIF;AZALIYOR;SAT;SAT;NOTR;0;07.09.2026
KORDS;izle;;65,8;25,3;23,2;17,3;6;0;guclu trend;25,6;49,5;27,7;asagi;guclu;yukselis;yukari;0,70;0,44;3;81,5;3,82;156984404;90,24;SAT;NEGATIF;AL;NEGATIF;ARTIYOR;SAT;AL;NOTR;2;07.09.2026
HATSN;izle;;65,7;27,0;22,7;16,0;0;0;guclu trend;30,0;52,0;78,2;asagi;guclu;yukselis;yukari;0,51;0,93;2;66;10,00;269013294;78,27;SAT;POZITIF;AL;NEGATIF;ARTIYOR;SAT;SAT;NOTR;2;07.09.2026
PRZMA;AL;;65,0;33,2;22,9;8,9;22;2;guclu trend;25,4;51,3;60,5;yukari;guclu;yukselis;yukari;0,26;1,01;1;78;4,07;98553078;67,71;SAT;POZITIF;AL;NEGATIF;ARTIYOR;SAT;SAT;PAHALI (SAT);2;07.09.2026
BUCIM;AL;;63,6;20,0;28,9;14,7;0;0;zayif;36,8;57,3;79,7;yukari;guclu;yukselis;asagi;0,33;1,02;1;5,67;-0,53;11048551;5,32;AL;POZITIF;AL;NEGATIF;AZALIYOR;SAT;SAT;UCUZ (AL);3;07.09.2026
BLUME;AL;;63,3;14,4;21,0;27,8;20;1;zayif;20,4;48,2;42,3;yukari;guclu;yukselis;yukari;1,24;0,30;4;38,7;-4,91;154230955;38,48;SAT;NEGATIF;SAT;NEGATIF;ARTIYOR;SAT;AL;NOTR;1;07.09.2026
VANGD;izle;;63,1;33,8;18,0;11,2;0;0;guclu trend;27,0;46,1;39,0;yukari;zayif;zayif;yukari;0,67;-0,17;1;93,75;-0,27;13525688;88,63;SAT;NEGATIF;AL;NEGATIF;AZALIYOR;SAT;AL;NOTR;2;07.09.2026
KLYPV;AL;;63,0;24,1;19,6;19,3;0;0;zayif;29,0;51,6;66,6;yukari;guclu;zayif;yukari;0,45;0,30;0;61,7;-0,88;74880909;59,40;SAT;POZITIF;AL;NEGATIF;AZALIYOR;SAT;SAT;NOTR;2;07.09.2026
BJKAS;izle;;62,7;22,4;24,2;16,0;0;0;guclu trend;35,1;50,7;51,3;asagi;guclu;yukselis;yukari;0,48;0,75;0;2,2;10,00;472300688;2,68;SAT;POZITIF;SAT;NEGATIF;AZALIYOR;SAT;AL;NOTR;2;07.09.2026
OZSUB;AL;;62,5;30,1;16,6;15,8;16;1;guclu trend;27,6;42,6;42,8;yukari;guclu;yukselis;yukari;1,03;0,27;3;38,6;-0,87;158531976;37,97;SAT;NEGATIF;SAT;NEGATIF;ARTIYOR;SAT;SAT;NOTR;0;07.09.2026
DSTKF;AL;EVET;61,9;22,4;23,6;16,0;0;0;ilimli;22,2;59,2;98,2;yukari;zayif;zayif;yukari;0,65;0,77;0;2390;3,02;2796775610;1802,90;AL;POZITIF;SAT;POZITIF;ARTIYOR;AL;AL;PAHALI (SAT);5;07.09.2026
PSDTC;izle;;61,9;34,5;19,4;8,0;40;4;guclu trend;28,7;47,3;60,9;yukari;guclu;yukselis;yukari;0,49;0,19;2;150,9;0,47;40060479;147,49;SAT;NEGATIF;AL;NEGATIF;AZALIYOR;SAT;SAT;NOTR;1;07.09.2026
EGPRO;izle;;61,8;25,4;20,5;16,0;0;0;guclu trend;25,9;51,8;61,0;asagi;guclu;yukselis;yukari;0,56;0,36;2;37,36;-1,01;31755066;41,75;SAT;POZITIF;AL;POZITIF;AZALIYOR;SAT;SAT;NOTR;3;07.09.2026
RGYAS;izle;;61,6;21,2;8,7;31,8;40;4;guclu trend;20,7;39,7;62,2;asagi;zayif;zayif;yukari;2,38;-0,97;2;196,6;-3,63;1185951360;215,61;SAT;NEGATIF;SAT;NEGATIF;ARTIYOR;SAT;SAT;NOTR;0;07.09.2026
EKGYO;AL;EVET;61,4;13,9;25,3;22,2;6;0;zayif;19,0;54,3;45,3;yukari;guclu;yukselis;yukari;1,26;0,48;3;19,96;2,67;3412107529;18,55;AL;POZITIF;NOTR;NEGATIF;ARTIYOR;SAT;SAT;NOTR;2;07.09.2026
DURKN;izle;;61,1;29,3;18,0;13,8;22;2;guclu trend;21,5;47,3;73,6;yukari;guclu;zayif;yukari;0,85;-0,00;2;21;-4,11;40638843;19,66;SAT;NEGATIF;SAT;NEGATIF;AZALIYOR;SAT;SAT;NOTR;0;07.09.2026
ISBTR;izle;;60,8;28,0;16,9;16,0;32;3;ilimli;11,4;48,2;59,1;yukari;zayif;zayif;yukari;0,43;0,32;1;499997,5;-2,52;999995;482449,90;SAT;NEGATIF;NOTR;POZITIF;ARTIYOR;SAT;AL;NOTR;2;07.09.2026
BIGEN;izle;;60,4;22,4;22,0;16,0;0;0;guclu trend;38,2;45,0;87,5;asagi;guclu;yukselis;yukari;0,03;0,88;0;136,4;-9,97;22064200;174,30;SAT;NEGATIF;SAT;NEGATIF;ARTIYOR;SAT;SAT;PAHALI (SAT);0;07.09.2026
BLCYT;AL;EVET;60,4;14,8;26,9;18,7;8;0;zayif;29,5;56,7;74,3;yukari;guclu;yukselis;asagi;1,48;0,17;2;2,25;3,69;128798726;1,86;AL;POZITIF;AL;POZITIF;ARTIYOR;AL;AL;NOTR;6;07.09.2026
TSPOR;izle;;59,6;16,4;22,3;20,9;10;1;zayif;39,1;47,9;58,6;asagi;guclu;yukselis;yukari;0,95;0,26;2;1,04;0,97;382746532;1,20;SAT;NEGATIF;AL;NEGATIF;AZALIYOR;SAT;AL;NOTR;2;07.09.2026
OZRDN;izle;;59,6;22,8;22,5;14,3;0;0;zayif;16,6;50,8;62,7;yukari;zayif;zayif;yukari;0,80;-0,08;1;29,56;0,14;6414077;25,56;AL;POZITIF;NOTR;POZITIF;ARTIYOR;AL;SAT;NOTR;4;07.09.2026
PRKME;izle;;59,1;18,4;24,7;16,0;0;0;zayif;26,1;54,8;79,2;yukari;guclu;zayif;yukari;0,58;0,54;0;19,14;0,26;44797304;16,36;AL;POZITIF;AL;POZITIF;AZALIYOR;AL;AL;NOTR;6;07.09.2026
TDGYO;izle;;58,9;16,6;20,8;21,5;10;1;zayif;21,3;52,1;64,9;yukari;guclu;yukselis;asagi;1,51;0,28;1;16,82;1,20;17735412;16,24;SAT;POZITIF;AL;NEGATIF;AZALIYOR;AL;SAT;UCUZ (AL);3;07.09.2026
SASA;izle;;58,9;9,2;26,7;22,9;0;0;zayif;15,1;58,2;61,8;yukari;guclu;yukselis;asagi;1,40;0,71;0;2,51;9,61;8631349968;2,13;AL;POZITIF;NOTR;POZITIF;ARTIYOR;AL;AL;NOTR;5;07.09.2026
KARTN;izle;;58,6;21,9;10,7;26,0;0;0;zayif;16,8;41,8;36,7;asagi;zayif;zayif;yukari;3,78;-0,80;1;161,1;0,69;547559890;188,10;SAT;NEGATIF;NOTR;NEGATIF;AZALIYOR;AL;AL;NOTR;2;07.09.2026
KUYAS;izle;;58,1;13,4;24,1;20,6;0;0;ilimli;21,1;56,0;66,1;asagi;guclu;zayif;asagi;1,47;0,23;1;69;0,44;795861042;72,64;AL;POZITIF;AL;POZITIF;AZALIYOR;AL;SAT;NOTR;5;07.09.2026
BAGFS;izle;;58,1;15,0;24,8;18,3;0;0;zayif;34,8;59,2;48,5;yukari;guclu;yukselis;asagi;0,88;0,98;0;26,84;3,47;27474927;24,47;SAT;POZITIF;AL;POZITIF;ARTIYOR;AL;AL;NOTR;5;07.09.2026
ENKAI;izle;;57,9;19,3;24,3;14,4;8;0;ilimli;21,2;56,2;75,2;yukari;guclu;zayif;asagi;0,53;0,30;1;89;2,01;844258450;81,02;AL;POZITIF;AL;POZITIF;AZALIYOR;AL;AL;NOTR;6;07.09.2026
KOCMT;izle;;57,7;22,4;10,4;24,8;32;3;guclu trend;32,4;42,4;46,7;asagi;zayif;zayif;yukari;1,23;-0,97;2;4,11;9,89;364824717;4,76;SAT;NEGATIF;SAT;NEGATIF;AZALIYOR;SAT;AL;NOTR;1;07.09.2026
ZRGYO;izle;;57,6;14,4;22,8;20,5;40;5;zayif;21,1;56,0;51,0;yukari;guclu;yukselis;yukari;0,32;1,05;2;19,48;-1,12;6240340;18,29;SAT;POZITIF;SAT;NEGATIF;AZALIYOR;SAT;AL;NOTR;2;07.09.2026
KRONT;izle;;57,4;23,9;15,7;17,9;6;0;guclu trend;22,1;45,8;49,5;asagi;zayif;zayif;yukari;0,78;-0,23;3;23,74;-4,27;28961067;27,73;SAT;NEGATIF;AL;NEGATIF;AZALIYOR;SAT;AL;NOTR;2;07.09.2026
INGRM;izle;;57,4;3,7;26,2;27,5;0;0;zayif;16,4;60,2;70,4;asagi;guclu;yukselis;yukari;5,60;0,66;2;408,5;9,96;124871097;411,43;AL;POZITIF;NOTR;POZITIF;ARTIYOR;AL;AL;NOTR;5;07.09.2026
EFOR;izle;;57,0;20,2;19,3;17,4;40;4;ilimli;16,0;47,7;52,3;asagi;zayif;zayif;yukari;0,70;0,21;1;18,08;1,01;983380204;20,83;SAT;NEGATIF;NOTR;NEGATIF;AZALIYOR;SAT;AL;NOTR;1;07.09.2026
EBEBK;izle;;57,0;21,0;15,6;20,4;10;1;zayif;19,5;46,0;68,4;asagi;zayif;zayif;yukari;0,72;-0,29;1;80,65;-1,35;33519672;87,54;SAT;NEGATIF;NOTR;NEGATIF;AZALIYOR;SAT;SAT;NOTR;0;07.09.2026
UFUK;izle;;56,8;21,9;15,3;19,5;32;3;zayif;16,8;45,8;74,8;asagi;zayif;zayif;asagi;3,57;-0,33;2;1650;0,00;838878150;1791,10;SAT;NEGATIF;NOTR;NEGATIF;ARTIYOR;AL;AL;NOTR;2;07.09.2026
PKART;izle;;56,5;22,1;18,2;16,2;0;0;zayif;17,3;48,9;70,7;asagi;zayif;zayif;yukari;0,41;-0,08;0;127,2;-0,62;34212984;140,43;SAT;NEGATIF;NOTR;NEGATIF;AZALIYOR;SAT;AL;NOTR;1;07.09.2026
BRLSM;izle;;56,3;26,0;22,3;8,0;0;0;guclu trend;27,5;51,0;54,3;asagi;guclu;yukselis;yukari;0,61;0,52;2;19,28;0,16;160367936;24,25;SAT;POZITIF;AL;POZITIF;AZALIYOR;SAT;SAT;NOTR;3;07.09.2026
YKBNK;izle;;56,3;23,5;20,7;12,1;22;2;ilimli;15,7;54,4;62,9;yukari;guclu;yukselis;yukari;0,88;0,46;2;36,26;1,00;6911709110;34,06;SAT;POZITIF;NOTR;NEGATIF;AZALIYOR;SAT;SAT;NOTR;1;07.09.2026
YIGIT;izle;;55,8;11,3;23,5;21,0;8;0;zayif;20,6;53,6;78,7;yukari;guclu;zayif;asagi;1,58;0,02;0;22,08;0,45;116930690;20,59;AL;POZITIF;AL;POZITIF;ARTIYOR;AL;AL;NOTR;6;07.09.2026
AYDEM;izle;;55,8;28,4;15,3;12,0;40;4;zayif;24,1;45,5;44,5;yukari;zayif;zayif;asagi;0,42;-0,40;2;25,54;-1,77;51997525;24,22;SAT;NEGATIF;AL;NEGATIF;AZALIYOR;SAT;SAT;NOTR;1;07.09.2026
ESCAR;izle;;55,5;15,0;21,3;19,2;10;1;zayif;17,1;50,2;71,5;asagi;zayif;zayif;yukari;0,40;-0,14;2;45,92;1,01;66813095;48,26;AL;POZITIF;NOTR;NEGATIF;AZALIYOR;AL;AL;NOTR;4;07.09.2026
SNPAM;izle;;54,9;10,7;27,3;16,9;6;0;zayif;19,0;57,5;68,7;yukari;guclu;yukselis;asagi;0,84;0,79;3;20,8;-2,26;749091;19,55;AL;POZITIF;NOTR;POZITIF;ARTIYOR;AL;AL;NOTR;5;07.09.2026
EYGYO;izle;;54,6;17,3;21,5;15,7;10;1;zayif;23,2;51,3;77,8;yukari;guclu;yukselis;asagi;0,84;0,31;2;2,62;1,95;17253973;2,31;SAT;POZITIF;AL;NEGATIF;ARTIYOR;SAT;SAT;UCUZ (AL);2;07.09.2026
CANTE;izle;;54,4;15,0;26,1;13,3;0;0;zayif;31,9;55,9;62,1;yukari;guclu;yukselis;asagi;0,84;0,22;1;1,31;-1,50;370093083;1,23;AL;POZITIF;AL;POZITIF;AZALIYOR;SAT;SAT;UCUZ (AL);4;07.09.2026
TERA;izle;;53,9;12,0;30,0;11,8;10;1;zayif;22,4;68,7;85,8;yukari;guclu;yukselis;asagi;0,67;1,84;0;195;0,31;1888542045;180,58;AL;POZITIF;AL;POZITIF;AZALIYOR;AL;SAT;UCUZ (AL);5;07.09.2026
HKTM;izle;;53,6;24,7;20,9;8,0;16;1;zayif;53,2;49,2;44,7;yukari;guclu;yukselis;yukari;0,52;0,19;3;12,76;-1,09;118747495;12,25;SAT;NEGATIF;AL;NEGATIF;AZALIYOR;SAT;SAT;NOTR;1;07.09.2026
KONYA;izle;;53,3;14,4;23,7;15,2;10;1;zayif;28,4;52,7;63,6;yukari;guclu;zayif;asagi;0,91;0,22;1;3835;-1,03;46112040;3704,36;AL;POZITIF;AL;NEGATIF;AZALIYOR;AL;AL;UCUZ (AL);5;07.09.2026
ISCTR;izle;;53,0;12,1;22,7;18,1;0;0;zayif;22,6;57,3;49,4;yukari;zayif;zayif;asagi;1,18;0,06;1;13,05;0,31;9630678372;12,04;AL;POZITIF;AL;POZITIF;AZALIYOR;AL;AL;NOTR;6;07.09.2026
SERNT;izle;;52,9;11,4;23,5;18,0;0;0;zayif;20,8;61,3;73,0;yukari;zayif;zayif;asagi;1,56;0,32;1;8,51;1,92;47799700;7,61;AL;POZITIF;AL;POZITIF;AZALIYOR;AL;AL;NOTR;6;07.09.2026
OYAKC;izle;;52,6;7,0;22,2;23,4;0;0;zayif;22,5;51,6;71,6;asagi;guclu;yukselis;yukari;0,43;0,42;2;21,88;1,48;220358447;23,43;SAT;POZITIF;SAT;NEGATIF;AZALIYOR;SAT;AL;NOTR;2;07.09.2026
TTRAK;izle;;52,5;12,2;24,7;15,6;14;0;zayif;22,8;55,3;63,0;yukari;guclu;zayif;asagi;0,53;0,37;3;432;0,58;24986880;407,42;AL;POZITIF;AL;NEGATIF;ARTIYOR;SAT;SAT;UCUZ (AL);3;07.09.2026
BINBN;izle;;52,1;23,2;16,3;12,6;0;0;zayif;26,8;46,3;44,7;yukari;zayif;zayif;asagi;0,35;-0,41;2;174,5;-0,29;20385788;165,95;SAT;NEGATIF;SAT;NEGATIF;AZALIYOR;SAT;AL;NOTR;1;07.09.2026
ADEL;izle;;51,8;11,9;21,8;18,0;10;1;zayif;29,7;50,6;56,8;asagi;guclu;yukselis;asagi;1,17;0,09;1;32,88;4,71;237981462;36,26;SAT;POZITIF;AL;NEGATIF;ARTIYOR;SAT;AL;NOTR;3;07.09.2026
FADE;izle;;51,7;10,8;24,4;16,6;8;0;ilimli;11,1;52,1;73,0;asagi;guclu;zayif;yukari;0,34;0,25;1;16,01;1,07;23149387;17,28;AL;POZITIF;NOTR;POZITIF;AZALIYOR;AL;AL;NOTR;5;07.09.2026
MEPET;izle;;51,7;14,4;19,3;18,0;0;0;zayif;14,1;53,1;47,2;yukari;guclu;zayif;asagi;2,75;-0,07;2;20,56;9,95;19953110;17,93;SAT;POZITIF;NOTR;NEGATIF;ARTIYOR;SAT;AL;NOTR;2;07.09.2026
EREGL;izle;;51,1;14,3;18,2;18,6;0;0;zayif;15,3;47,7;59,9;asagi;zayif;zayif;yukari;0,64;-0,58;0;38,32;3,01;4315501949;40,26;AL;NEGATIF;NOTR;POZITIF;ARTIYOR;SAT;AL;NOTR;3;07.09.2026
SONME;izle;;50,9;22,5;18,6;9,8;10;0;zayif;34,6;47,7;34,5;yukari;guclu;yukselis;yukari;0,43;0,05;5;134,7;-0,07;3006639;126,44;SAT;NEGATIF;AL;NEGATIF;AZALIYOR;SAT;SAT;NOTR;1;07.09.2026
SANFM;izle;;50,8;21,7;12,3;16,7;0;0;guclu trend;24,6;44,0;59,7;asagi;zayif;zayif;yukari;0,40;-0,31;2;9,44;-1,46;21651065;11,07;SAT;NEGATIF;SAT;NEGATIF;AZALIYOR;SAT;SAT;NOTR;0;07.09.2026
ZOREN;izle;;50,5;15,0;17,5;18,0;0;0;zayif;37,8;50,5;63,5;yukari;zayif;zayif;asagi;2,30;-1,09;1;2,36;0,43;302021422;2,18;AL;POZITIF;AL;POZITIF;ARTIYOR;AL;SAT;UCUZ (AL);5;07.09.2026
TUCLK;izle;;50,4;15,0;19,6;15,8;0;0;zayif;30,0;53,2;63,4;yukari;guclu;zayif;asagi;0,86;0,04;0;3,95;3,67;31159607;3,67;SAT;POZITIF;AL;POZITIF;ARTIYOR;SAT;AL;NOTR;4;07.09.2026
MARKA;izle;;50,4;20,1;14,7;15,6;46;4;ilimli;12,8;45,1;41,0;asagi;zayif;zayif;yukari;0,95;0,21;3;82,55;-0,78;35583178;90,30;SAT;NEGATIF;NOTR;NEGATIF;ARTIYOR;SAT;SAT;NOTR;0;31.08.2026
BASGZ;izle;;49,6;10,1;22,0;17,6;30;2;zayif;22,3;53,2;54,1;asagi;zayif;zayif;asagi;1,13;-0,26;2;45,06;1,40;18356453;46,46;AL;POZITIF;AL;POZITIF;AZALIYOR;AL;SAT;NOTR;5;07.09.2026
OZYSR;izle;;48,8;14,8;15,5;18,6;0;0;zayif;24,9;48,1;32,5;asagi;zayif;zayif;asagi;1,15;-0,35;1;12,28;5,86;39974065;12,95;SAT;NEGATIF;SAT;NEGATIF;ARTIYOR;AL;AL;NOTR;2;07.09.2026
KAYSE;izle;;48,5;15,0;21,6;11,9;0;0;zayif;33,0;50,7;71,5;yukari;zayif;zayif;asagi;0,40;-0,44;0;4,04;1,51;19612495;3,85;AL;POZITIF;AL;NEGATIF;AZALIYOR;SAT;SAT;NOTR;3;07.09.2026
INVES;izle;;48,4;21,3;15,8;11,3;6;0;guclu trend;21,4;43,7;52,4;asagi;guclu;yukselis;yukari;0,69;0,30;3;750;-1,96;49574250;852,24;SAT;NEGATIF;SAT;NEGATIF;ARTIYOR;SAT;SAT;NOTR;0;07.09.2026
YKSLN;izle;;48,3;9,0;20,1;19,1;0;0;zayif;14,7;55,0;56,5;yukari;zayif;zayif;asagi;3,39;-0,37;2;2,89;9,89;90283918;2,60;AL;POZITIF;NOTR;POZITIF;ARTIYOR;AL;AL;UCUZ (AL);5;07.09.2026
EMNIS;izle;;47,8;9,7;21,3;16,7;22;2;zayif;16,5;54,1;33,0;yukari;guclu;zayif;asagi;1,06;0,60;2;160;2,70;1198400;150,46;SAT;POZITIF;NOTR;POZITIF;ARTIYOR;AL;AL;NOTR;4;07.09.2026
ESEN;izle;;47,5;6,4;18,8;22,3;40;4;zayif;28,6;51,3;48,5;asagi;guclu;zayif;asagi;1,29;-0,17;2;3,54;4,73;166650637;3,71;SAT;POZITIF;AL;NEGATIF;ARTIYOR;SAT;AL;UCUZ (AL);3;07.09.2026
PRDGS;izle;;47,0;27,4;10,8;8,9;16;1;zayif;33,4;42,6;34,1;yukari;zayif;zayif;asagi;0,61;-0,95;3;7,18;1,41;38850980;6,87;SAT;NEGATIF;AL;NEGATIF;AZALIYOR;SAT;AL;NOTR;2;07.09.2026
GLYHO;izle;;47,0;15,8;12,6;18,5;40;4;zayif;19,1;44,3;45,2;asagi;zayif;zayif;yukari;1,10;-0,61;2;16,53;-0,66;53151554;17,60;SAT;NEGATIF;NOTR;NEGATIF;AZALIYOR;SAT;AL;NOTR;1;07.09.2026
IZMDC;izle;;46,9;22,4;9,8;14,7;28;2;guclu trend;32,1;39,6;41,8;asagi;zayif;zayif;yukari;1,10;-0,90;3;10,78;7,80;137815972;12,65;SAT;NEGATIF;SAT;NEGATIF;AZALIYOR;SAT;AL;NOTR;1;07.09.2026
KLGYO;izle;;46,6;13,9;22,0;10,8;6;0;zayif;27,1;49,2;61,2;yukari;zayif;zayif;asagi;0,60;-0,26;3;4,72;-0,63;26897958;4,49;AL;NEGATIF;AL;NEGATIF;AZALIYOR;SAT;SAT;UCUZ (AL);2;07.09.2026
ALTNY;izle;;46,6;21,6;15,0;10,0;0;0;zayif;17,8;45,1;72,3;yukari;zayif;zayif;asagi;0,46;-0,35;1;16,53;-2,13;215581814;16,42;SAT;NEGATIF;NOTR;NEGATIF;AZALIYOR;SAT;SAT;NOTR;0;07.09.2026
OZKGY;izle;;46,3;14,5;21,3;10,5;0;0;zayif;26,8;48,7;60,5;yukari;zayif;zayif;asagi;0,30;-0,29;1;13,16;-0,45;21550382;12,25;AL;NEGATIF;AL;NEGATIF;AZALIYOR;SAT;SAT;NOTR;2;07.09.2026
SANKO;izle;;46,2;15,0;22,2;9,1;32;3;zayif;31,2;55,3;78,1;yukari;zayif;zayif;asagi;0,53;-0,15;0;19,6;-1,36;5929706;17,89;AL;POZITIF;AL;POZITIF;ARTIYOR;AL;SAT;NOTR;5;07.09.2026
MIATK;izle;;45,6;9,7;27,9;8,0;6;0;zayif;16,3;62,7;48,1;yukari;guclu;yukselis;asagi;0,44;0,60;3;33,76;9,97;252124575;28,63;AL;POZITIF;NOTR;POZITIF;ARTIYOR;AL;AL;NOTR;5;07.09.2026
BERA;izle;;45,5;13,2;21,5;10,7;8;0;zayif;25,5;53,8;63,9;yukari;zayif;zayif;asagi;0,86;-0,46;2;13,87;1,84;101423820;12,59;AL;POZITIF;AL;POZITIF;AZALIYOR;AL;AL;NOTR;6;07.09.2026
MACKO;izle;;45,4;11,6;22,1;11,7;0;0;zayif;16,2;52,1;73,9;yukari;guclu;yukselis;asagi;0,65;0,17;2;35,24;2,09;28337682;31,82;SAT;POZITIF;NOTR;NEGATIF;AZALIYOR;SAT;SAT;NOTR;1;07.09.2026
ISMEN;izle;;45,4;12,3;18,9;14,1;0;0;zayif;23,1;49,1;76,8;yukari;zayif;zayif;asagi;1,03;-0,96;2;33,84;-1,91;249545364;31,75;AL;NEGATIF;AL;POZITIF;ARTIYOR;AL;SAT;UCUZ (AL);4;07.09.2026
FORTE;izle;;45,3;22,3;15,0;8,0;16;1;guclu trend;28,7;43,8;42,4;asagi;zayif;zayif;yukari;0,37;-0,33;3;111,4;0,63;122264396;130,93;SAT;NEGATIF;SAT;NEGATIF;AZALIYOR;SAT;AL;NOTR;1;07.09.2026
MPARK;izle;;44,7;19,6;18,5;6,6;10;0;zayif;21,4;48,5;46,6;yukari;guclu;zayif;asagi;0,56;-0,29;4;424,25;-0,59;145008650;410,98;SAT;NEGATIF;AL;NEGATIF;AZALIYOR;SAT;AL;NOTR;2;07.09.2026
ENDAE;izle;;44,6;29,8;14,8;0,0;28;2;zayif;25,3;44,6;58,7;yukari;zayif;zayif;asagi;0,56;-0,46;3;17,2;-0,58;75935781;16,70;SAT;NEGATIF;AL;NEGATIF;ARTIYOR;SAT;AL;NOTR;2;07.09.2026
JANTS;izle;;44,5;15,0;21,2;8,3;40;4;zayif;34,5;49,8;28,8;yukari;zayif;zayif;asagi;0,44;-0,41;1;15,44;0,65;33103190;14,45;AL;NEGATIF;AL;NEGATIF;AZALIYOR;SAT;SAT;UCUZ (AL);2;07.09.2026
BNTAS;izle;;44,5;14,7;20,9;8,9;46;4;zayif;25,1;53,6;53,5;yukari;guclu;yukselis;asagi;0,82;0,28;3;6,4;3,73;22489229;5,97;SAT;POZITIF;AL;NEGATIF;ARTIYOR;SAT;AL;NOTR;3;07.09.2026
SISE;izle;;44,3;4,3;22,5;17,5;0;0;zayif;20,4;57,0;58,4;asagi;zayif;zayif;asagi;1,98;0,05;1;41,66;6,60;5186894381;41,79;AL;POZITIF;AL;POZITIF;ARTIYOR;AL;AL;NOTR;6;07.09.2026
VERUS;izle;;44,2;22,4;5,7;16,0;10;1;guclu trend;31,8;37,2;61,9;asagi;zayif;zayif;yukari;0,21;-1,29;2;558;-9,93;11444022;692,51;SAT;NEGATIF;SAT;NEGATIF;ARTIYOR;SAT;SAT;NOTR;0;07.09.2026
VESBE;izle;;44,2;13,0;21,2;10,0;12;0;zayif;24,8;54,4;83,5;yukari;zayif;zayif;asagi;2,84;-0,19;2;5,78;-3,51;328521993;5,12;AL;POZITIF;AL;POZITIF;ARTIYOR;AL;AL;UCUZ (AL);6;07.09.2026
ULUUN;izle;;44,1;18,7;16,4;9,0;0;0;zayif;13,6;48,9;54,4;yukari;zayif;zayif;asagi;0,56;-0,27;2;8,47;2,05;48342288;7,98;SAT;NEGATIF;NOTR;NEGATIF;AZALIYOR;SAT;AL;NOTR;1;07.09.2026
GATEG;izle;;44,1;9,7;19,4;15,0;46;5;ilimli;17,0;51,9;56,1;asagi;guclu;zayif;asagi;0,48;0,10;3;294,5;3,70;1764644;306,19;SAT;POZITIF;NOTR;NEGATIF;ARTIYOR;AL;AL;NOTR;3;07.09.2026
GIPTA;izle;;44,0;12,8;23,1;8,0;0;0;zayif;32,9;49,3;68,5;asagi;guclu;yukselis;yukari;0,60;0,26;2;76,15;9,96;343628626;89,39;SAT;NEGATIF;SAT;NEGATIF;ARTIYOR;SAT;AL;NOTR;1;07.09.2026
GSRAY;izle;;43,5;12,0;18,8;12,7;0;0;zayif;32,9;46,7;78,5;asagi;guclu;zayif;asagi;0,62;-0,30;2;1,04;1,96;177507658;1,13;SAT;NEGATIF;AL;NEGATIF;AZALIYOR;SAT;AL;UCUZ (AL);2;07.09.2026
CUSAN;izle;;43,4;7,4;20,0;16,0;0;0;zayif;21,1;51,8;47,3;asagi;guclu;zayif;yukari;0,31;0,16;2;24,8;2,90;19945946;27,24;SAT;POZITIF;AL;POZITIF;AZALIYOR;AL;AL;NOTR;5;07.09.2026
ANHYT;izle;;43,3;6,0;16,4;20,9;0;0;zayif;14,8;45,1;44,8;asagi;zayif;zayif;asagi;1,37;-0,60;2;104,6;-0,10;103728159;112,43;SAT;NEGATIF;NOTR;NEGATIF;AZALIYOR;SAT;AL;NOTR;1;07.09.2026
AKMGY;izle;;43,3;23,5;14,0;5,8;10;0;zayif;15,5;43,9;32,3;yukari;zayif;zayif;asagi;0,76;-0,66;4;249,6;1,79;7532429;241,49;SAT;NEGATIF;NOTR;NEGATIF;ARTIYOR;SAT;AL;NOTR;1;07.09.2026
PINSU;izle;;43,3;5,4;19,8;18,0;22;2;zayif;25,9;49,4;71,2;asagi;zayif;zayif;asagi;1,35;-0,64;0;10,38;2,67;50814532;11,02;AL;NEGATIF;AL;POZITIF;ARTIYOR;AL;AL;UCUZ (AL);5;07.09.2026
PLTUR;izle;;43,2;1,5;20,6;21,1;8;0;zayif;15,8;51,3;59,9;asagi;zayif;zayif;asagi;1,73;-0,38;1;21,12;3,13;140906283;22,84;AL;POZITIF;NOTR;NEGATIF;ARTIYOR;AL;AL;NOTR;4;07.09.2026
BVSAN;izle;;42,9;2,0;22,5;18,4;0;0;zayif;15,0;56,1;47,0;asagi;zayif;zayif;asagi;1,39;0,10;2;110,7;9,93;92965528;110,74;AL;POZITIF;NOTR;POZITIF;ARTIYOR;AL;AL;NOTR;5;07.09.2026
BESLR;izle;;42,7;10,4;22,5;9,9;30;2;zayif;18,1;51,5;43,2;yukari;zayif;zayif;asagi;0,61;-0,19;2;13,07;1,79;28437680;11,92;AL;POZITIF;NOTR;NEGATIF;AZALIYOR;SAT;AL;NOTR;3;07.09.2026
OBAMS;izle;;42,7;14,6;19,9;8,2;0;0;zayif;29,0;48,6;52,6;yukari;zayif;zayif;asagi;0,71;-1,13;0;5,26;2,73;192060768;4,83;AL;NEGATIF;AL;NEGATIF;ARTIYOR;SAT;SAT;UCUZ (AL);2;07.09.2026
CCOLA;izle;;42,6;15,1;16,9;10,6;0;0;zayif;27,5;45,2;49,5;asagi;zayif;zayif;asagi;0,55;-1,11;1;79,45;0,57;295079207;84,19;AL;NEGATIF;SAT;NEGATIF;AZALIYOR;AL;AL;NOTR;3;07.09.2026
NTGAZ;izle;;42,5;17,7;20,9;4,0;38;3;zayif;23,3;47,8;74,9;yukari;zayif;zayif;asagi;0,71;-0,54;3;11,11;-1,68;34195302;10,47;AL;NEGATIF;AL;NEGATIF;AZALIYOR;SAT;SAT;NOTR;2;07.09.2026
DMRGD;izle;;42,3;21,1;8,7;12,5;10;0;guclu trend;20,2;40,6;45,0;asagi;zayif;zayif;yukari;0,97;-0,83;5;10,6;-0,93;326608546;12,14;SAT;NEGATIF;SAT;NEGATIF;AZALIYOR;SAT;SAT;NOTR;0;07.09.2026
ARMGD;izle;;42,2;20,9;6,7;14,6;28;2;zayif;18,5;38,4;39,5;asagi;zayif;zayif;yukari;1,10;-0,99;3;176;-5,33;195258448;213,15;SAT;NEGATIF;NOTR;NEGATIF;ARTIYOR;SAT;SAT;NOTR;0;07.09.2026
AVPGY;izle;;42,0;12,2;23,8;6,0;0;0;zayif;21,5;52,2;61,5;yukari;guclu;zayif;asagi;0,84;0,07;0;54;0,00;31381506;51,09;AL;POZITIF;AL;POZITIF;AZALIYOR;SAT;SAT;NOTR;4;07.09.2026
MNDRS;izle;;41,8;10,8;17,9;13,1;0;0;zayif;27,0;49,8;51,5;asagi;guclu;zayif;asagi;0,48;-0,07;1;11,23;1,81;18790350;12,36;SAT;NEGATIF;AL;NEGATIF;AZALIYOR;SAT;AL;UCUZ (AL);2;07.09.2026
PCILT;izle;;41,7;28,9;10,8;2,0;0;0;zayif;19,0;44,2;66,1;yukari;zayif;zayif;asagi;0,73;-0,64;2;31,46;1,03;54326481;29,53;SAT;NEGATIF;NOTR;NEGATIF;AZALIYOR;SAT;SAT;NOTR;0;07.09.2026
ASTOR;izle;;40,8;20,8;9,0;11,1;46;4;zayif;17,6;42,3;46,4;asagi;zayif;zayif;yukari;0,75;-0,64;3;301;2,03;7897377334;348,90;SAT;NEGATIF;NOTR;NEGATIF;AZALIYOR;SAT;AL;NOTR;1;07.09.2026
IHLAS;izle;;40,8;15,0;17,8;8,0;0;0;zayif;31,4;47,9;53,5;yukari;zayif;zayif;asagi;0,31;-1,90;1;1,06;0,95;40433217;0,99;AL;NEGATIF;AL;NEGATIF;AZALIYOR;SAT;AL;UCUZ (AL);3;07.09.2026
MMCAS;izle;;40,5;10,4;12,0;18,0;0;0;zayif;34,2;46,1;51,2;yukari;zayif;zayif;asagi;7,82;-2,29;2;51,35;9,96;14981363;42,73;SAT;NEGATIF;SAT;NEGATIF;ARTIYOR;AL;AL;UCUZ (AL);2;07.09.2026
FRIGO;izle;;40,3;5,7;20,2;14,4;10;1;zayif;17,3;48,9;55,2;asagi;guclu;yukselis;asagi;1,09;-0,18;2;2,36;0,85;114948909;2,74;SAT;NEGATIF;NOTR;POZITIF;AZALIYOR;SAT;SAT;NOTR;1;07.09.2026
ALTIN;izle;;40,3;14,2;19,4;6,7;6;0;zayif;25,8;50,1;50,7;asagi;guclu;yukselis;asagi;0,62;0,23;3;74,41;-0,77;901875616;79,40;SAT;POZITIF;AL;NEGATIF;AZALIYOR;SAT;AL;NOTR;3;07.09.2026
DESPC;izle;;40,2;2,8;19,4;18,0;8;0;zayif;19,2;49,6;69,3;asagi;zayif;zayif;asagi;1,72;-0,41;1;40,88;3,60;52277589;45,12;AL;NEGATIF;NOTR;NEGATIF;ARTIYOR;SAT;AL;NOTR;2;07.09.2026
FROTO;izle;;40,2;2,0;20,8;17,3;32;3;zayif;26,7;53,1;58,0;asagi;zayif;zayif;asagi;1,34;-0,67;2;79,65;3,17;2152840893;81,79;AL;POZITIF;SAT;NEGATIF;ARTIYOR;AL;AL;UCUZ (AL);4;07.09.2026
YGGYO;izle;;40,0;21,4;10,3;8,4;0;0;zayif;14,9;43,5;44,4;yukari;zayif;zayif;asagi;0,47;-0,93;2;218,2;-2,24;15419976;215,58;SAT;NEGATIF;NOTR;NEGATIF;AZALIYOR;SAT;SAT;NOTR;0;07.09.2026
GOODY;izle;;40,0;9,3;22,8;8,0;0;0;zayif;15,3;52,8;26,2;yukari;zayif;zayif;asagi;0,47;-0,07;2;2,71;2,26;47475493;2,60;AL;POZITIF;NOTR;POZITIF;AZALIYOR;AL;AL;NOTR;5;07.09.2026
DYOBY;izle;;40,0;15,0;15,8;9,2;40;5;zayif;30,0;47,3;46,1;yukari;zayif;zayif;asagi;0,34;-0,90;1;13,21;1,23;14394052;12,37;SAT;NEGATIF;AL;NEGATIF;AZALIYOR;SAT;AL;NOTR;2;07.09.2026
CASA;izle;;39,8;8,6;17,0;14,1;6;0;zayif;16,4;46,9;45,4;yukari;zayif;zayif;asagi;0,99;-1,80;3;69,1;0,00;1136211;66,38;AL;NEGATIF;NOTR;NEGATIF;AZALIYOR;AL;SAT;UCUZ (AL);2;07.09.2026
MSGYO;izle;;39,7;0,5;20,4;18,9;0;0;zayif;13,2;51,7;48,5;asagi;zayif;zayif;asagi;2,02;-0,47;2;5,95;1,36;24064799;6,21;AL;POZITIF;NOTR;POZITIF;ARTIYOR;AL;AL;NOTR;5;07.09.2026
HLGYO;izle;;39,2;7,0;16,0;16,2;32;3;zayif;35,9;48,8;73,7;asagi;zayif;zayif;asagi;1,19;-1,63;2;4,56;-1,94;148276740;4,67;AL;NEGATIF;AL;POZITIF;AZALIYOR;AL;AL;NOTR;5;07.09.2026
PAPIL;izle;;38,8;12,3;18,5;8,0;0;0;zayif;23,2;48,7;73,6;yukari;zayif;zayif;asagi;0,53;-0,76;2;12,68;1,04;53644363;11,65;AL;NEGATIF;AL;NEGATIF;AZALIYOR;SAT;SAT;UCUZ (AL);2;07.09.2026
DGATE;izle;;38,4;10,5;9,9;18,0;6;0;zayif;23,3;42,8;46,6;asagi;zayif;zayif;asagi;1,96;-1,27;3;94,65;5,99;70629628;106,46;SAT;NEGATIF;SAT;NEGATIF;ARTIYOR;AL;AL;NOTR;2;07.09.2026
ULAS;izle;;38,1;10,6;19,1;8,4;0;0;zayif;18,7;50,6;38,5;yukari;zayif;zayif;asagi;0,69;-0,82;2;22,12;0,55;3883078;19,75;AL;POZITIF;NOTR;POZITIF;AZALIYOR;AL;SAT;UCUZ (AL);4;07.09.2026
TRGYO;izle;;37,9;20,9;11,4;5,6;6;0;zayif;19,3;44,5;55,3;yukari;zayif;zayif;asagi;0,51;-0,85;3;93,4;-0,69;71329860;91,22;SAT;NEGATIF;NOTR;NEGATIF;AZALIYOR;SAT;SAT;NOTR;0;07.09.2026
BOSSA;izle;;37,6;9,0;16,9;11,7;6;0;zayif;13,2;47,2;41,3;yukari;zayif;zayif;asagi;0,47;-0,37;3;6,44;0,47;11423433;6,19;SAT;NEGATIF;NOTR;NEGATIF;AZALIYOR;SAT;AL;NOTR;1;07.09.2026
ISBIR;izle;;37,1;13,3;16,3;7,5;0;0;zayif;13,9;47,6;59,1;yukari;guclu;zayif;asagi;0,82;-0,41;2;71,4;0,99;1473696;70,46;SAT;NEGATIF;NOTR;NEGATIF;AZALIYOR;SAT;SAT;NOTR;0;07.09.2026
YAYLA;izle;;37,0;7,0;24,4;5,6;32;3;zayif;39,1;55,6;74,1;asagi;guclu;zayif;asagi;0,80;0,21;2;23;4,64;41167217;24,12;AL;POZITIF;AL;POZITIF;ARTIYOR;AL;AL;NOTR;6;07.09.2026
OZGYO;izle;;36,9;12,9;15,8;8,2;6;0;zayif;29,6;47,9;42,1;asagi;zayif;zayif;asagi;0,71;-0,50;3;2,07;1,97;25561370;2,25;SAT;NEGATIF;AL;NEGATIF;AZALIYOR;SAT;SAT;NOTR;1;07.09.2026
SEKUR;izle;;36,8;20,8;8,0;8,0;22;2;zayif;17,5;40,3;38,0;asagi;zayif;zayif;yukari;0,59;-1,06;2;9,66;-2,62;14247756;11,78;SAT;NEGATIF;NOTR;NEGATIF;AZALIYOR;SAT;SAT;NOTR;0;07.09.2026
TABGD;izle;;36,7;6,6;17,2;13,0;10;0;zayif;20,0;46,5;42,0;asagi;zayif;zayif;asagi;0,67;-0,62;4;241;0,75;97862388;254,84;SAT;NEGATIF;SAT;NEGATIF;AZALIYOR;AL;AL;NOTR;2;07.09.2026
DZGYO;izle;;36,6;10,2;18,4;8,0;0;0;zayif;17,6;50,1;65,7;yukari;zayif;zayif;asagi;0,58;-0,79;1;7,32;0,00;8186871;6,86;AL;POZITIF;NOTR;POZITIF;AZALIYOR;AL;AL;NOTR;5;07.09.2026
MNDTR;izle;;36,6;3,0;17,6;15,9;0;0;zayif;19,8;50,5;63,8;asagi;zayif;zayif;asagi;1,33;-1,09;2;5,1;3,87;13137350;5,30;AL;POZITIF;NOTR;POZITIF;ARTIYOR;AL;AL;UCUZ (AL);5;07.09.2026
HATEK;izle;;36,3;11,2;17,2;8,0;8;0;zayif;20,1;48,4;45,0;yukari;zayif;zayif;asagi;0,37;-1,01;1;13,03;1,80;13299356;11,48;AL;NEGATIF;AL;NEGATIF;AZALIYOR;SAT;SAT;NOTR;2;07.09.2026
IHGZT;izle;;36,1;4,8;13,3;18,0;0;0;zayif;24,4;42,7;65,7;asagi;zayif;zayif;asagi;3,96;-1,82;1;1,17;0,86;73232995;1,26;AL;NEGATIF;AL;NEGATIF;ARTIYOR;SAT;SAT;UCUZ (AL);2;07.09.2026
HEKTS;izle;;36,1;1,9;16,2;18,0;14;0;zayif;26,3;47,9;55,2;asagi;zayif;zayif;asagi;2,57;-1,70;3;2,81;6,44;2213419272;2,87;AL;NEGATIF;SAT;NEGATIF;ARTIYOR;AL;AL;NOTR;3;07.09.2026
CEMAS;izle;;35,9;3,2;18,7;14,0;0;0;zayif;20,1;52,2;65,8;asagi;guclu;zayif;asagi;1,05;-0,26;0;4,23;3,68;67942205;4,52;SAT;POZITIF;AL;NEGATIF;ARTIYOR;SAT;AL;NOTR;3;07.09.2026
SKTAS;izle;;35,8;4,8;23,0;8,0;0;0;zayif;24,2;53,8;63,4;asagi;zayif;zayif;asagi;0,70;0,10;2;3,34;2,14;40693324;3,49;AL;POZITIF;AL;POZITIF;AZALIYOR;AL;AL;NOTR;6;07.09.2026
ISSEN;izle;;35,1;3,4;22,1;9,5;8;0;zayif;20,8;53,5;80,1;asagi;zayif;zayif;asagi;1,07;-0,32;1;7,07;0,86;10106989;7,43;AL;POZITIF;AL;POZITIF;ARTIYOR;AL;SAT;NOTR;5;07.09.2026
NUGYO;izle;;35,0;1,7;21,6;11,7;8;0;zayif;16,5;50,9;52,1;asagi;zayif;zayif;asagi;0,86;-0,34;1;9,15;1,44;14666087;9,70;AL;POZITIF;NOTR;NEGATIF;AZALIYOR;AL;AL;NOTR;4;07.09.2026
CONSE;izle;;35,0;3,3;13,7;18,0;16;1;zayif;20,5;43,8;48,7;asagi;zayif;zayif;asagi;2,24;-1,92;3;2,26;1,35;36676274;2,44;AL;NEGATIF;AL;NEGATIF;ARTIYOR;SAT;SAT;UCUZ (AL);2;07.09.2026
OBASE;izle;;34,9;6,8;14,2;14,0;0;0;zayif;14,2;49,2;44,6;asagi;zayif;zayif;asagi;1,51;-0,58;2;37,88;8,79;38276793;39,28;SAT;NEGATIF;NOTR;POZITIF;ARTIYOR;AL;AL;NOTR;3;07.09.2026
PASEU;izle;;34,9;22,4;4,5;8,0;10;0;zayif;37,4;38,1;65,9;asagi;zayif;zayif;asagi;0,60;-1,27;4;142,6;-9,97;1079449202;211,89;SAT;NEGATIF;SAT;NEGATIF;ARTIYOR;SAT;SAT;NOTR;0;07.09.2026
EUPWR;izle;;34,8;22,3;2,5;10,0;10;1;zayif;28,6;33,5;46,2;asagi;zayif;zayif;asagi;2,32;-2,64;2;72,85;4,97;3624952402;88,15;SAT;NEGATIF;SAT;NEGATIF;ARTIYOR;SAT;AL;NOTR;1;07.09.2026
ASGYO;izle;;34,6;3,3;20,2;11,1;8;0;zayif;18,1;51,3;72,2;asagi;zayif;zayif;asagi;0,77;-0,39;0;11,24;1,17;29928152;11,69;AL;POZITIF;NOTR;NEGATIF;AZALIYOR;AL;AL;NOTR;4;07.09.2026
EDIP;izle;;34,5;20,0;14,0;0,5;10;1;zayif;29,4;46,9;71,4;yukari;zayif;zayif;asagi;0,31;-0,48;1;35,58;0,91;32526133;32,84;SAT;NEGATIF;AL;NEGATIF;AZALIYOR;SAT;SAT;NOTR;1;07.09.2026
MAKTK;izle;;34,3;13,0;13,4;8,0;0;0;zayif;24,8;42,9;75,8;yukari;zayif;zayif;asagi;0,52;-1,67;0;9,84;0,82;22908947;9,45;AL;NEGATIF;AL;NEGATIF;AZALIYOR;SAT;SAT;UCUZ (AL);2;07.09.2026
INTEM;izle;;34,2;9,3;14,5;10,4;6;0;zayif;21,3;46,2;36,5;yukari;zayif;zayif;asagi;1,05;-0,95;3;248,4;1,43;15534688;237,10;SAT;NEGATIF;SAT;NEGATIF;ARTIYOR;SAT;AL;NOTR;1;07.09.2026
KLNMA;izle;;34,1;8,0;14,5;11,6;6;0;zayif;11,6;43,9;35,5;yukari;zayif;zayif;asagi;1,70;-2,00;3;8,85;0,00;2220899;8,79;AL;NEGATIF;NOTR;NEGATIF;AZALIYOR;SAT;AL;NOTR;2;07.09.2026
VKGYO;izle;;34,0;1,6;12,7;19,7;0;0;zayif;23,4;40,6;41,8;asagi;zayif;zayif;asagi;1,44;-2,00;1;1,9;0,00;55802248;2,01;AL;NEGATIF;SAT;NEGATIF;AZALIYOR;SAT;SAT;NOTR;1;07.09.2026
ULKER;izle;;33,5;5,2;20,3;8,0;40;3;zayif;25,3;52,3;54,3;asagi;zayif;zayif;asagi;0,67;-0,94;2;92,6;2,38;489435263;97,01;AL;POZITIF;AL;POZITIF;AZALIYOR;AL;AL;UCUZ (AL);6;07.09.2026
KTLEV;izle;;33,4;21,3;2,2;10,0;6;0;zayif;21,4;32,2;28,7;asagi;zayif;zayif;asagi;1,37;-2,50;3;38,42;-9,98;7574964194;58,28;SAT;NEGATIF;SAT;NEGATIF;ARTIYOR;SAT;AL;PAHALI (SAT);1;07.09.2026
MOBTL;izle;;33,2;13,3;18,0;2,0;28;2;zayif;12,8;48,6;42,4;asagi;zayif;zayif;asagi;0,62;-0,65;3;13,2;3,29;33071557;14,33;AL;NEGATIF;NOTR;POZITIF;AZALIYOR;AL;AL;NOTR;4;07.09.2026
TURSG;izle;;32,6;6,9;15,5;10,2;6;0;zayif;14,9;47,1;47,4;asagi;zayif;zayif;asagi;0,82;-0,73;3;6,15;1,15;310157181;6,59;SAT;NEGATIF;NOTR;NEGATIF;AZALIYOR;SAT;AL;NOTR;1;07.09.2026
TATGD;izle;;32,6;10,7;18,7;3,2;0;0;zayif;9,8;47,8;46,5;asagi;zayif;zayif;asagi;0,73;-0,72;2;17,72;1,20;36886058;19,05;AL;NEGATIF;NOTR;POZITIF;ARTIYOR;SAT;AL;NOTR;3;07.09.2026
CEMTS;izle;;32,4;0,5;17,3;14,6;50;3;zayif;15,3;47,3;46,9;asagi;zayif;zayif;asagi;0,98;-1,47;4;8,85;1,14;13343729;9,23;AL;NEGATIF;NOTR;NEGATIF;AZALIYOR;SAT;AL;UCUZ (AL);2;07.09.2026
DNISI;izle;;32,2;8,5;15,5;8,1;10;1;zayif;15,9;47,5;61,6;yukari;zayif;zayif;asagi;0,54;-0,54;2;4,55;1,79;10009336;4,34;SAT;NEGATIF;NOTR;NEGATIF;AZALIYOR;SAT;AL;NOTR;1;07.09.2026
TSGYO;izle;;32,1;11,0;13,1;8,0;16;1;zayif;19,7;46,4;68,4;yukari;zayif;zayif;asagi;0,46;-1,15;3;5,83;0,34;10019724;5,50;SAT;NEGATIF;NOTR;NEGATIF;AZALIYOR;SAT;AL;UCUZ (AL);1;07.09.2026
SDTTR;izle;;32,1;10,8;11,8;9,4;10;1;zayif;17,8;44,7;68,5;asagi;zayif;zayif;asagi;0,57;-0,69;1;21,48;-0,65;153949587;24,84;SAT;NEGATIF;NOTR;NEGATIF;AZALIYOR;SAT;AL;NOTR;1;07.09.2026
NTHOL;izle;;31,9;4,6;11,9;15,4;40;5;zayif;15,9;43,1;35,4;asagi;zayif;zayif;asagi;0,96;-0,73;2;42,9;0,56;74450333;46,19;SAT;NEGATIF;NOTR;NEGATIF;AZALIYOR;SAT;SAT;NOTR;0;07.09.2026
EPLAS;izle;;31,8;12,9;16,0;2,9;40;5;zayif;24,6;45,3;46,5;yukari;zayif;zayif;asagi;0,33;-0,66;2;5,55;1,46;8139325;5,32;SAT;NEGATIF;AL;NEGATIF;AZALIYOR;SAT;AL;NOTR;2;07.09.2026
BASCM;izle;;31,8;1,9;16,7;13,1;10;1;zayif;16,0;49,9;68,7;asagi;zayif;zayif;asagi;1,28;-0,29;1;13,75;0,00;1998343;14,23;SAT;NEGATIF;NOTR;NEGATIF;ARTIYOR;SAT;AL;NOTR;1;07.09.2026
AKFYE;izle;;31,7;9,4;8,3;14,0;0;0;zayif;10,8;41,2;57,4;asagi;zayif;zayif;asagi;1,46;-1,19;1;22,48;0,09;218057641;24,83;SAT;NEGATIF;NOTR;NEGATIF;ARTIYOR;SAT;SAT;NOTR;0;07.09.2026
LYDYE;izle;;31,6;1,0;18,3;12,3;50;4;zayif;19,4;48,8;62,8;asagi;zayif;zayif;asagi;2,47;-0,75;4;12575;-3,55;61164800;13268,29;AL;NEGATIF;NOTR;NEGATIF;ARTIYOR;AL;AL;NOTR;3;07.09.2026
BIGTK;izle;;31,6;16,0;7,7;8,0;32;3;zayif;21,1;40,6;63,2;asagi;zayif;zayif;asagi;0,59;-0,78;2;297;-10,00;133046496;394,41;SAT;NEGATIF;SAT;NEGATIF;ARTIYOR;SAT;AL;NOTR;1;07.09.2026
OTKAR;izle;;31,5;8,3;15,1;8,1;0;0;zayif;13,9;48,8;54,9;yukari;zayif;zayif;asagi;0,54;-0,84;2;317,25;1,68;97281223;298,05;SAT;NEGATIF;NOTR;NEGATIF;AZALIYOR;SAT;AL;UCUZ (AL);1;07.09.2026
AFYON;izle;;31,3;0,9;10,9;19,5;10;1;zayif;14,3;43,9;61,4;asagi;zayif;zayif;asagi;1,10;-1,08;2;12,4;0,32;20607448;13,12;SAT;NEGATIF;NOTR;NEGATIF;ARTIYOR;SAT;SAT;NOTR;0;07.09.2026
IZFAS;izle;;31,3;4,0;9,2;18,0;0;0;zayif;19,5;42,2;54,2;asagi;zayif;zayif;asagi;1,31;-1,47;2;52,65;3,34;482506608;63,36;SAT;NEGATIF;NOTR;POZITIF;ARTIYOR;SAT;SAT;NOTR;1;07.09.2026
KCAER;izle;;31,2;21,6;4,3;5,4;22;2;zayif;30,1;36,1;43,9;asagi;zayif;zayif;asagi;0,88;-1,15;2;14,27;2,66;191590418;16,05;SAT;NEGATIF;SAT;NEGATIF;AZALIYOR;SAT;AL;NOTR;1;07.09.2026
ODAS;izle;;31,0;12,6;17,4;0,9;40;4;zayif;16,9;46,6;59,6;asagi;zayif;zayif;asagi;0,75;-0,89;2;7,35;1,52;290078591;7,86;AL;NEGATIF;NOTR;POZITIF;AZALIYOR;AL;SAT;NOTR;3;07.09.2026
DOKTA;izle;;30,7;12,0;13,9;4,9;10;1;zayif;22,2;45,9;60,7;yukari;zayif;zayif;asagi;0,47;-0,82;2;22,36;0,54;9049852;21,43;SAT;NEGATIF;AL;NEGATIF;AZALIYOR;SAT;SAT;NOTR;1;07.09.2026
DESA;izle;;30,6;8,6;13,9;8,0;0;0;zayif;16,6;46,4;41,8;yukari;zayif;zayif;asagi;0,45;-1,20;2;9,79;0,41;19657752;9,23;SAT;NEGATIF;NOTR;NEGATIF;ARTIYOR;SAT;AL;NOTR;1;07.09.2026
TBORG;izle;;30,4;7,4;13,3;9,6;0;0;zayif;33,5;43,7;70,4;asagi;guclu;zayif;asagi;0,64;-0,43;2;139,6;-2,92;36626852;163,04;SAT;NEGATIF;SAT;NEGATIF;AZALIYOR;SAT;SAT;NOTR;0;07.09.2026
SNGYO;izle;;30,1;11,1;9,0;10,0;0;0;zayif;19,9;43,9;48,5;yukari;zayif;zayif;asagi;1,56;-1,33;2;3,23;-0,31;91047201;3,17;SAT;NEGATIF;NOTR;NEGATIF;AZALIYOR;SAT;SAT;UCUZ (AL);0;07.09.2026
MAALT;izle;;30,1;13,2;17,0;0,0;46;5;zayif;25,3;46,2;24,3;yukari;zayif;zayif;asagi;0,60;-1,12;3;1004;-0,20;26664232;954,44;AL;NEGATIF;AL;NEGATIF;AZALIYOR;SAT;SAT;NOTR;2;07.09.2026
TTKOM;izle;;30,0;8,6;9,8;11,7;0;0;zayif;16,1;44,3;47,1;yukari;zayif;zayif;asagi;0,92;-1,85;2;52,35;0,87;1660732502;50,42;SAT;NEGATIF;NOTR;NEGATIF;AZALIYOR;AL;AL;NOTR;2;07.09.2026
SODSN;izle;;30,0;10,4;11,7;7,9;6;0;zayif;29,8;37,3;48,0;yukari;zayif;zayif;asagi;0,93;-3,58;3;7,4;0,68;599245;7,13;AL;NEGATIF;SAT;NEGATIF;AZALIYOR;SAT;SAT;UCUZ (AL);1;07.09.2026
AKSUE;izle;;29,3;5,4;5,8;18,0;0;0;zayif;34,1;31,1;26,2;asagi;zayif;zayif;asagi;1,88;-3,29;2;31,36;5,59;150273388;36,50;SAT;NEGATIF;SAT;NEGATIF;ARTIYOR;AL;AL;NOTR;2;07.09.2026
AKSEN;izle;;28,9;12,4;8,6;8,0;0;0;zayif;23,2;40,2;37,2;asagi;zayif;zayif;asagi;0,29;-1,78;2;79,45;0,82;292214240;89,03;SAT;NEGATIF;SAT;NEGATIF;AZALIYOR;SAT;SAT;NOTR;0;07.09.2026
CIMSA;izle;;28,9;0,4;13,3;15,1;6;0;zayif;14,9;46,3;52,8;asagi;zayif;zayif;asagi;0,95;-1,32;3;44,94;2,65;367872908;47,19;SAT;NEGATIF;NOTR;NEGATIF;ARTIYOR;SAT;AL;NOTR;1;07.09.2026
FMIZP;izle;;28,8;8,9;15,7;4,2;32;3;zayif;18,3;45,4;56,3;yukari;zayif;zayif;asagi;0,61;-0,74;2;287,75;-0,17;10831198;280,92;SAT;NEGATIF;NOTR;NEGATIF;AZALIYOR;SAT;AL;NOTR;1;07.09.2026
EGSER;izle;;28,8;2,5;17,4;8,8;22;2;zayif;18,5;50,3;68,5;asagi;zayif;zayif;asagi;0,70;-0,39;2;2,96;2,07;5829383;3,13;SAT;POZITIF;NOTR;NEGATIF;ARTIYOR;SAT;AL;NOTR;2;07.09.2026
TUKAS;izle;;28,8;1,5;18,9;8,3;18;1;zayif;23,4;50,8;62,6;asagi;zayif;zayif;asagi;1,10;-1,07;2;2,03;2,01;130679533;2,11;AL;POZITIF;SAT;NEGATIF;ARTIYOR;SAT;AL;UCUZ (AL);3;07.09.2026
BRKSN;izle;;28,4;9,0;9,9;9,5;10;0;zayif;19,7;41,5;41,4;yukari;zayif;zayif;asagi;0,95;-1,11;4;7,7;-0,90;2698673;7,34;SAT;NEGATIF;NOTR;NEGATIF;AZALIYOR;SAT;SAT;NOTR;0;07.09.2026
ONRYT;izle;;28,1;0,0;14,8;13,3;0;0;zayif;7,4;48,0;55,9;asagi;zayif;zayif;asagi;0,95;-0,72;2;59,1;1,81;58137202;64,39;SAT;NEGATIF;NOTR;NEGATIF;ARTIYOR;SAT;AL;NOTR;1;07.09.2026
AEFES;izle;;27,9;7,7;13,6;6,6;0;0;zayif;30,2;43,6;47,4;asagi;zayif;zayif;asagi;0,75;-1,72;2;18,79;1,84;842686385;19,51;AL;NEGATIF;SAT;NEGATIF;AZALIYOR;AL;AL;NOTR;3;07.09.2026
EGEPO;izle;;27,7;5,4;4,2;18,0;0;0;zayif;32,4;33,9;29,6;asagi;zayif;zayif;asagi;1,44;-3,12;1;14,55;4,38;72365211;16,84;SAT;NEGATIF;SAT;NEGATIF;ARTIYOR;SAT;SAT;NOTR;0;07.09.2026
BIENY;izle;;27,6;11,4;7,2;9,0;0;0;zayif;20,8;40,3;77,6;yukari;zayif;zayif;asagi;0,28;-1,49;2;20,5;-1,35;22947331;20,10;SAT;NEGATIF;AL;NEGATIF;AZALIYOR;SAT;SAT;UCUZ (AL);1;07.09.2026
MEKAG;izle;;27,5;3,2;16,3;8,0;8;0;zayif;20,3;48,8;73,5;asagi;zayif;zayif;asagi;0,52;-1,67;1;3,02;1,68;15562875;3,17;AL;NEGATIF;AL;NEGATIF;AZALIYOR;SAT;SAT;NOTR;2;07.09.2026
IHLGM;izle;;27,5;2,8;16,6;8,0;0;0;zayif;19,3;45,9;60,7;asagi;zayif;zayif;asagi;0,38;-1,81;0;1,58;0,64;12631591;1,67;AL;NEGATIF;NOTR;NEGATIF;AZALIYOR;SAT;SAT;UCUZ (AL);1;07.09.2026
ALGYO;izle;;27,4;8,6;18,8;0,0;32;3;zayif;16,1;46,0;48,0;yukari;zayif;zayif;asagi;0,57;-2,27;1;3,55;-0,84;52461020;3,35;AL;NEGATIF;NOTR;NEGATIF;AZALIYOR;SAT;AL;NOTR;2;07.09.2026
DOGUB;izle;;27,4;3,8;9,5;14,0;6;0;zayif;14,1;43,4;46,6;asagi;zayif;zayif;asagi;1,76;-1,57;3;68,6;3,47;48361628;78,65;SAT;NEGATIF;NOTR;NEGATIF;ARTIYOR;AL;AL;NOTR;2;07.09.2026
RUZYE;izle;;27,3;1,5;9,6;16,2;6;0;zayif;22,7;43,6;30,5;asagi;zayif;zayif;asagi;1,19;-1,72;3;8,36;3,59;61762284;9,26;SAT;NEGATIF;SAT;NEGATIF;ARTIYOR;SAT;AL;UCUZ (AL);1;07.09.2026
LOGO;izle;;27,1;0,0;18,9;8,1;40;4;zayif;9,4;52,5;53,6;asagi;guclu;zayif;asagi;0,78;-0,09;2;137;2,54;61157622;142,96;SAT;POZITIF;NOTR;NEGATIF;ARTIYOR;SAT;AL;NOTR;2;07.09.2026
ERSU;izle;;26,8;7,8;10,4;8,6;10;1;zayif;15,4;40,7;49,7;asagi;zayif;zayif;asagi;0,33;-1,02;1;23,1;0,43;2912240;26,72;SAT;NEGATIF;NOTR;NEGATIF;AZALIYOR;SAT;AL;NOTR;1;07.09.2026
GENTS;izle;;26,8;0,6;13,5;12,7;8;0;zayif;16,6;43,3;60,8;asagi;zayif;zayif;asagi;0,98;-2,80;0;5,19;0,78;31503087;5,56;AL;NEGATIF;NOTR;NEGATIF;AZALIYOR;AL;AL;UCUZ (AL);3;07.09.2026
YEOTK;izle;;26,8;13,6;7,7;5,4;10;0;zayif;16,7;37,4;29,9;asagi;zayif;zayif;asagi;1,03;-2,23;4;33,04;2,48;557743317;37,53;SAT;NEGATIF;NOTR;NEGATIF;AZALIYOR;AL;AL;NOTR;2;07.09.2026
SRVGY;izle;;26,7;1,4;9,4;15,9;6;0;zayif;22,3;42,0;56,1;asagi;zayif;zayif;asagi;1,18;-2,19;3;2,46;1,65;50479291;2,61;SAT;NEGATIF;SAT;NEGATIF;ARTIYOR;SAT;AL;UCUZ (AL);1;07.09.2026
ARCLK;izle;;26,6;0,8;17,2;8,7;0;0;zayif;14,0;48,6;47,8;asagi;zayif;zayif;asagi;1,00;-1,54;2;93,4;2,58;155047643;95,00;AL;NEGATIF;NOTR;POZITIF;ARTIYOR;AL;AL;UCUZ (AL);4;07.09.2026
DERIM;izle;;26,5;6,1;12,5;8,0;22;2;zayif;27,6;44,6;63,5;asagi;zayif;zayif;asagi;0,43;-0,87;1;35,14;2,51;6906240;39,25;SAT;NEGATIF;AL;NEGATIF;AZALIYOR;SAT;AL;NOTR;2;07.09.2026
ALKIM;izle;;26,4;0,0;16,4;10,0;8;0;zayif;9,4;46,8;58,6;asagi;zayif;zayif;asagi;1,47;-1,42;2;15,67;2,42;37867213;16,48;AL;NEGATIF;NOTR;NEGATIF;ARTIYOR;AL;AL;NOTR;3;07.09.2026
EDATA;izle;;26,2;20,5;5,7;0,0;0;0;zayif;15,9;36,5;22,1;asagi;zayif;zayif;asagi;0,47;-1,10;1;17,51;-1,35;35093122;20,65;SAT;NEGATIF;NOTR;NEGATIF;AZALIYOR;SAT;AL;NOTR;1;07.09.2026
AKENR;izle;;26,2;3,3;14,9;8,0;10;1;zayif;20,5;47,1;52,6;asagi;zayif;zayif;asagi;0,49;-0,86;1;10,34;1,67;58151767;11,26;SAT;NEGATIF;AL;NEGATIF;AZALIYOR;SAT;AL;NOTR;2;07.09.2026
MAGEN;izle;;26,1;0,5;16,7;8,9;32;3;zayif;15,6;46,4;48,2;asagi;zayif;zayif;asagi;0,62;-1,47;1;34,2;0,88;347111908;37,68;AL;NEGATIF;NOTR;NEGATIF;AZALIYOR;AL;AL;NOTR;3;07.09.2026
GUNDG;izle;;26,1;10,9;2,8;12,4;6;0;zayif;21,1;32,0;62,1;asagi;zayif;zayif;asagi;0,96;-2,74;3;1131;-9,95;288300948;1788,62;SAT;NEGATIF;SAT;NEGATIF;AZALIYOR;SAT;SAT;NOTR;0;07.09.2026
MERKO;izle;;26,0;2,0;6,9;17,1;0;0;zayif;26,4;34,8;50,7;asagi;zayif;zayif;asagi;1,24;-4,12;2;1,24;0,00;33133563;1,37;SAT;NEGATIF;SAT;NEGATIF;AZALIYOR;SAT;AL;UCUZ (AL);1;07.09.2026
PENTA;izle;;25,9;0,0;15,6;10,3;32;3;zayif;10,5;46,8;60,4;asagi;zayif;zayif;asagi;0,60;-0,91;2;13,12;1,71;14438337;13,99;SAT;NEGATIF;NOTR;NEGATIF;AZALIYOR;SAT;SAT;NOTR;0;07.09.2026
DOFER;izle;;25,8;8,4;9,4;8,1;0;0;zayif;14,8;42,9;35,6;yukari;zayif;zayif;asagi;0,63;-1,83;2;27,96;0,43;11951222;27,00;SAT;NEGATIF;NOTR;NEGATIF;AZALIYOR;SAT;AL;UCUZ (AL);1;07.09.2026
SANEL;izle;;25,8;13,3;8,5;4,0;0;0;zayif;14,5;40,0;54,1;asagi;zayif;zayif;asagi;0,54;-1,49;1;53,95;0,47;14560566;66,92;SAT;NEGATIF;NOTR;NEGATIF;AZALIYOR;SAT;SAT;NOTR;0;07.09.2026
SEGMN;izle;;25,8;9,1;8,7;8,0;10;0;zayif;21,5;40,5;42,6;asagi;zayif;zayif;asagi;0,39;-1,46;4;46,8;1,52;24012331;56,19;SAT;NEGATIF;SAT;NEGATIF;AZALIYOR;SAT;SAT;NOTR;0;07.09.2026
GESAN;izle;;25,7;13,8;1,8;10,0;10;1;zayif;30,6;31,2;45,9;asagi;zayif;zayif;asagi;1,79;-3,03;2;64;5,79;1918993152;76,83;SAT;NEGATIF;SAT;NEGATIF;ARTIYOR;SAT;AL;NOTR;1;07.09.2026
TAVHL;izle;;25,7;0,2;16,5;8,9;46;5;zayif;13,7;46,7;53,0;asagi;zayif;zayif;asagi;0,77;-0,58;3;269,75;0,56;726853784;286,88;SAT;NEGATIF;NOTR;NEGATIF;AZALIYOR;SAT;AL;NOTR;1;07.09.2026
TSKB;izle;;25,6;0,4;20,2;5,0;14;0;zayif;15,2;50,1;48,1;asagi;zayif;zayif;asagi;0,75;-0,60;3;11,11;1,28;136733014;11,64;AL;POZITIF;NOTR;NEGATIF;AZALIYOR;AL;AL;UCUZ (AL);4;07.09.2026
BIZIM;izle;;25,6;4,0;9,6;12,0;16;1;zayif;22,3;43,9;68,5;asagi;zayif;zayif;asagi;0,91;-1,37;3;23,9;1,19;6011543;25,28;SAT;NEGATIF;AL;NEGATIF;ARTIYOR;SAT;SAT;NOTR;1;07.09.2026
SUWEN;izle;;25,4;1,4;23,2;0,9;0;0;zayif;15,5;53,9;78,7;asagi;guclu;zayif;asagi;0,67;-0,13;2;6,72;-0,44;37136393;7,06;AL;POZITIF;NOTR;POZITIF;AZALIYOR;AL;AL;UCUZ (AL);5;07.09.2026
PENGD;izle;;25,4;2,4;12,6;10,3;6;0;zayif;35,2;40,3;13,8;asagi;zayif;zayif;asagi;1,08;-3,06;3;9,17;2,69;22376542;9,59;AL;NEGATIF;SAT;NEGATIF;ARTIYOR;AL;AL;NOTR;3;07.09.2026
TCKRC;izle;;25,3;21,9;3,5;0,0;6;0;guclu trend;25,8;35,7;20,6;asagi;zayif;zayif;asagi;0,60;-1,40;3;137,5;-2,90;265323025;160,83;SAT;NEGATIF;SAT;NEGATIF;AZALIYOR;SAT;AL;NOTR;1;07.09.2026
GSDHO;izle;;25,3;3,4;16,3;5,6;14;0;zayif;14,9;47,0;31,7;asagi;zayif;zayif;asagi;1,03;-1,35;3;4,74;5,33;55830047;4,97;AL;NEGATIF;NOTR;NEGATIF;ARTIYOR;AL;AL;NOTR;3;07.09.2026
GEDZA;izle;;25,1;9,2;7,9;8,0;28;2;zayif;20,9;42,0;59,2;yukari;zayif;zayif;asagi;0,49;-1,49;3;27,86;1,46;7000689;27,38;SAT;NEGATIF;SAT;NEGATIF;AZALIYOR;SAT;SAT;NOTR;0;07.09.2026
ACSEL;izle;;25,0;3,9;5,5;15,6;10;0;zayif;18,9;35,4;43,6;asagi;zayif;zayif;asagi;1,16;-2,78;4;111,8;-1,58;17839814;124,29;SAT;NEGATIF;NOTR;NEGATIF;AZALIYOR;SAT;AL;NOTR;1;07.09.2026
MERIT;izle;;24,9;0,0;13,3;11,6;0;0;zayif;10,0;42,7;48,1;asagi;zayif;zayif;asagi;0,92;-1,50;0;15,68;0,58;36117234;16,57;AL;NEGATIF;NOTR;NEGATIF;AZALIYOR;AL;AL;NOTR;3;07.09.2026
MAVI;izle;;24,7;2,3;7,1;15,3;10;0;zayif;28,9;35,4;53,3;asagi;zayif;zayif;asagi;1,00;-2,91;4;36,34;0,33;138132628;38,68;SAT;NEGATIF;SAT;NEGATIF;AZALIYOR;SAT;AL;NOTR;1;07.09.2026
AGYO;izle;;24,5;0,8;9,2;14,5;20;1;zayif;18,2;42,3;38,1;asagi;zayif;zayif;asagi;1,09;-1,53;4;7,2;0,98;2029723;7,83;SAT;NEGATIF;NOTR;NEGATIF;AZALIYOR;SAT;SAT;NOTR;0;07.09.2026
DUNYH;izle;;24,4;14,4;2,0;8,0;50;4;zayif;31,3;31,0;32,2;asagi;zayif;zayif;asagi;0,35;-2,01;5;119,9;-2,60;60905963;153,64;SAT;NEGATIF;SAT;NEGATIF;AZALIYOR;SAT;AL;NOTR;1;07.09.2026
MERCN;izle;;24,1;2,2;9,1;12,8;0;0;zayif;28,5;42,0;17,4;asagi;zayif;zayif;asagi;1,23;-2,17;2;18,25;7,86;85904721;19,80;SAT;NEGATIF;SAT;NEGATIF;ARTIYOR;AL;AL;NOTR;2;07.09.2026
KLKIM;izle;;24,1;0,8;14,6;8,7;0;0;zayif;17,8;46,7;65,7;asagi;zayif;zayif;asagi;0,62;-1,25;2;26,48;0,84;33712429;28,72;SAT;NEGATIF;NOTR;NEGATIF;AZALIYOR;SAT;AL;UCUZ (AL);1;07.09.2026
TCELL;izle;;24,1;2,0;9,4;12,7;0;0;zayif;26,6;42,9;44,3;asagi;zayif;zayif;asagi;0,82;-1,62;2;99,05;0,92;2762809475;105,37;SAT;NEGATIF;SAT;NEGATIF;AZALIYOR;AL;AL;NOTR;2;07.09.2026
KLMSN;izle;;24,1;11,6;8,4;4,0;10;1;zayif;21,4;39,7;21,7;yukari;zayif;zayif;asagi;0,66;-2,06;2;27,7;0,73;13003765;26,86;SAT;NEGATIF;AL;NEGATIF;AZALIYOR;SAT;AL;NOTR;2;07.09.2026
FENER;izle;;24,0;1,4;6,2;16,4;0;0;zayif;22,3;39,0;51,1;asagi;zayif;zayif;asagi;1,10;-1,73;1;2,93;-5,18;500993551;3,28;SAT;NEGATIF;SAT;NEGATIF;ARTIYOR;SAT;AL;NOTR;1;07.09.2026
ALKA;izle;;23,7;0,2;9,4;14,1;32;3;zayif;13,4;43,0;53,8;asagi;zayif;zayif;asagi;1,06;-2,22;1;8,04;2,68;24311111;8,61;SAT;NEGATIF;NOTR;NEGATIF;ARTIYOR;SAT;AL;UCUZ (AL);1;07.09.2026
ERCB;izle;;23,6;0,7;8,9;14,0;6;0;zayif;17,2;41,4;49,2;asagi;zayif;zayif;asagi;1,90;-2,14;3;44,96;3,79;64161787;47,15;SAT;NEGATIF;NOTR;NEGATIF;ARTIYOR;AL;AL;UCUZ (AL);2;07.09.2026
CEOEM;izle;;23,6;0,0;15,6;8,0;0;0;zayif;12,2;47,9;31,7;asagi;zayif;zayif;asagi;0,37;-0,44;1;24,2;3,42;10308885;26,21;SAT;NEGATIF;NOTR;NEGATIF;AZALIYOR;SAT;AL;NOTR;1;07.09.2026
USAK;izle;;23,4;0,5;10,9;12,0;0;0;zayif;15,7;34,6;42,6;asagi;zayif;zayif;asagi;0,94;-3,28;0;1,2;0,84;39175754;1,29;AL;NEGATIF;NOTR;NEGATIF;AZALIYOR;SAT;AL;UCUZ (AL);2;07.09.2026
ECZYT;izle;;23,2;5,6;15,6;2,1;40;4;zayif;11,6;47,3;41,2;asagi;zayif;zayif;asagi;0,45;-0,80;2;315;1,20;47478375;332,87;SAT;NEGATIF;NOTR;NEGATIF;AZALIYOR;SAT;AL;NOTR;1;07.09.2026
AKSA;izle;;23,1;6,6;8,6;7,9;0;0;zayif;31,5;40,4;29,5;asagi;zayif;zayif;asagi;0,87;-1,91;2;10,91;1,49;188459504;11,54;SAT;NEGATIF;SAT;NEGATIF;AZALIYOR;AL;AL;NOTR;2;07.09.2026
DGGYO;izle;;23,0;3,0;13,5;6,6;0;0;zayif;11,5;42,4;21,4;asagi;zayif;zayif;asagi;0,85;-1,40;1;32,82;0,00;3740660;36,55;AL;NEGATIF;NOTR;NEGATIF;AZALIYOR;SAT;SAT;NOTR;1;07.09.2026
PSGYO;izle;;23,0;9,4;8,2;5,4;6;0;zayif;19,9;38,8;41,4;asagi;zayif;zayif;asagi;1,02;-1,53;3;3,1;2,31;383678599;3,47;SAT;NEGATIF;NOTR;NEGATIF;AZALIYOR;SAT;AL;NOTR;1;07.09.2026
VAKFN;izle;;23,0;2,4;8,2;12,3;0;0;zayif;34,9;39,1;58,1;asagi;zayif;zayif;asagi;0,96;-2,82;1;1,14;0,88;46777044;1,22;SAT;NEGATIF;SAT;NEGATIF;AZALIYOR;SAT;AL;UCUZ (AL);1;07.09.2026
ECOGR;izle;;22,7;13,5;8,6;0,6;6;0;zayif;15,8;40,4;50,7;asagi;zayif;zayif;asagi;0,74;-1,74;3;33,72;3,56;139721248;37,31;SAT;NEGATIF;NOTR;NEGATIF;AZALIYOR;SAT;AL;NOTR;1;07.09.2026
KENT;izle;;22,5;0,8;8,7;13,0;16;1;zayif;17,9;43,4;50,7;asagi;zayif;zayif;asagi;1,00;-1,30;3;349,75;-0,43;1685795;395,15;SAT;NEGATIF;NOTR;NEGATIF;AZALIYOR;SAT;SAT;UCUZ (AL);0;07.09.2026
GLRMK;izle;;22,4;2,1;15,8;4,5;38;3;zayif;27,1;45,2;46,9;asagi;zayif;zayif;asagi;0,71;-0,81;3;163,7;3,41;545019506;178,38;SAT;NEGATIF;SAT;NEGATIF;ARTIYOR;SAT;AL;NOTR;1;07.09.2026
GLCVY;izle;;22,3;0,2;13,6;8,5;10;1;zayif;13,8;43,0;59,4;asagi;zayif;zayif;asagi;0,45;-1,47;1;51;-0,68;15573921;55,12;AL;NEGATIF;NOTR;NEGATIF;AZALIYOR;SAT;SAT;UCUZ (AL);1;07.09.2026
BMSTL;izle;;22,2;9,1;11,4;1,8;16;1;zayif;12,6;42,3;39,0;asagi;zayif;zayif;asagi;0,48;-0,90;3;43,32;0,19;52389648;47,29;SAT;NEGATIF;NOTR;NEGATIF;AZALIYOR;SAT;SAT;NOTR;0;07.09.2026
SUMAS;izle;;22,2;1,9;10,3;10,0;0;0;zayif;26,0;32,7;34,8;asagi;zayif;zayif;asagi;1,55;-4,93;2;257,5;0,98;1183985;276,32;AL;NEGATIF;SAT;NEGATIF;AZALIYOR;SAT;SAT;NOTR;1;07.09.2026
BAYRK;izle;;22,0;3,5;10,5;8,0;32;3;zayif;21,0;43,9;27,1;asagi;zayif;zayif;asagi;0,49;-1,29;2;4,23;0,95;22920538;4,69;SAT;NEGATIF;AL;NEGATIF;AZALIYOR;SAT;AL;UCUZ (AL);2;07.09.2026
TLMAN;izle;;21,9;4,6;13,2;4,2;6;0;zayif;23,9;46,8;52,0;asagi;zayif;zayif;asagi;0,95;-1,26;3;79,85;3,23;13563561;85,09;SAT;NEGATIF;AL;NEGATIF;ARTIYOR;SAT;AL;UCUZ (AL);2;07.09.2026
ISGYO;izle;;21,8;19,5;1,8;0,5;46;4;zayif;30,1;30,1;58,3;asagi;zayif;zayif;asagi;0,70;-1,81;3;23,64;-0,25;35586450;26,59;SAT;NEGATIF;SAT;NEGATIF;ARTIYOR;SAT;AL;NOTR;1;07.09.2026
MARBL;izle;;21,8;0,4;11,1;10,2;16;1;zayif;15,1;44,4;64,5;asagi;zayif;zayif;asagi;0,70;-0,97;3;12,15;-0,25;10769468;13,00;SAT;NEGATIF;NOTR;NEGATIF;AZALIYOR;SAT;SAT;NOTR;0;07.09.2026
ISFIN;izle;;21,7;7,1;8,9;5,7;10;1;zayif;17,4;35,2;28,6;asagi;zayif;zayif;asagi;0,70;-1,32;2;19,26;0,16;25972399;20,44;SAT;NEGATIF;NOTR;NEGATIF;AZALIYOR;SAT;AL;NOTR;1;07.09.2026
MARMR;izle;;21,7;1,6;8,3;11,8;0;0;zayif;23,5;39,4;39,0;asagi;zayif;zayif;asagi;0,91;-1,70;2;2,19;0,46;137874255;2,44;SAT;NEGATIF;SAT;NEGATIF;ARTIYOR;SAT;AL;NOTR;1;07.09.2026
IHEVA;izle;;21,6;0,8;8,4;12,3;0;0;zayif;17,7;40,4;35,2;asagi;zayif;zayif;asagi;1,31;-1,57;2;1,95;0,00;2734620;2,07;SAT;NEGATIF;NOTR;NEGATIF;AZALIYOR;SAT;SAT;UCUZ (AL);0;07.09.2026
IHYAY;izle;;21,5;4,9;13,7;2,9;30;2;zayif;24,6;43,9;36,0;asagi;zayif;zayif;asagi;0,87;-2,63;2;1,23;2,50;2730636;1,31;AL;NEGATIF;AL;NEGATIF;ARTIYOR;AL;AL;UCUZ (AL);4;07.09.2026
HOROZ;izle;;21,4;1,8;11,6;8,0;0;0;zayif;16,6;44,9;27,1;asagi;zayif;zayif;asagi;0,50;-1,02;1;58,95;3,42;81984948;64,74;SAT;NEGATIF;NOTR;NEGATIF;ARTIYOR;SAT;AL;NOTR;1;07.09.2026
GLRYH;izle;;21,4;1,1;7,0;13,4;0;0;zayif;19,8;43,3;61,8;asagi;zayif;zayif;asagi;0,91;-1,56;1;2,98;2,76;28073233;3,34;SAT;NEGATIF;NOTR;NEGATIF;AZALIYOR;SAT;AL;UCUZ (AL);1;07.09.2026
SARKY;izle;;21,4;11,4;9,5;0,5;32;3;zayif;15,1;43,2;49,1;yukari;zayif;zayif;asagi;0,60;-1,52;2;24,16;2,90;92307121;23,35;SAT;NEGATIF;NOTR;NEGATIF;AZALIYOR;SAT;AL;NOTR;1;07.09.2026
AYES;izle;;21,3;13,7;7,6;0,0;10;0;zayif;16,8;42,4;16,1;asagi;zayif;zayif;asagi;0,20;-1,41;4;29,44;-1,67;1042500;32,58;SAT;NEGATIF;NOTR;NEGATIF;ARTIYOR;SAT;SAT;NOTR;0;07.09.2026
TMSN;izle;;21,3;0,1;6,9;14,2;0;0;zayif;12,7;34,8;52,5;asagi;zayif;zayif;asagi;1,07;-3,35;1;71,9;1,91;40929075;77,43;SAT;NEGATIF;NOTR;NEGATIF;ARTIYOR;SAT;AL;UCUZ (AL);1;07.09.2026
VAKKO;izle;;21,1;0,0;19,8;1,3;8;0;zayif;11,8;49,4;55,3;asagi;zayif;zayif;asagi;0,76;-0,66;1;67,5;2,27;10508063;72,32;AL;NEGATIF;NOTR;POZITIF;AZALIYOR;SAT;AL;NOTR;3;07.09.2026
BANVT;izle;;21,0;2,3;8,4;10,3;0;0;zayif;18,0;39,5;31,9;asagi;zayif;zayif;asagi;1,45;-1,73;2;150,5;1,01;20935303;159,85;SAT;NEGATIF;NOTR;NEGATIF;ARTIYOR;SAT;AL;NOTR;1;07.09.2026
OYYAT;izle;;21,0;2,8;7,4;10,8;0;0;zayif;19,2;40,5;62,9;asagi;zayif;zayif;asagi;1,11;-2,28;2;34,24;-0,06;24617053;37,66;SAT;NEGATIF;NOTR;NEGATIF;AZALIYOR;SAT;SAT;NOTR;0;07.09.2026
OYLUM;izle;;20,8;0,9;10,1;9,8;0;0;zayif;18,9;32,0;55,3;asagi;zayif;zayif;asagi;1,24;-2,17;2;7,1;-0,98;4022839;7,76;AL;NEGATIF;NOTR;NEGATIF;AZALIYOR;SAT;AL;UCUZ (AL);2;07.09.2026
ADESE;izle;;20,8;6,6;14,2;0,0;0;0;zayif;29,1;44,7;45,1;asagi;zayif;zayif;asagi;0,51;-1,55;0;0,85;0,00;54721418;0,93;AL;NEGATIF;AL;NEGATIF;AZALIYOR;SAT;AL;UCUZ (AL);3;07.09.2026
FONET;izle;;20,8;12,9;7,9;0,0;32;2;zayif;19,0;38,0;20,7;asagi;zayif;zayif;asagi;0,57;-1,71;4;4,75;1,28;60338272;5,37;SAT;NEGATIF;NOTR;NEGATIF;AZALIYOR;SAT;AL;NOTR;1;07.09.2026
NUHCM;izle;;20,8;0,9;15,0;4,9;0;0;zayif;18,5;46,9;37,4;asagi;zayif;zayif;asagi;0,59;-1,00;2;215;2,14;8272770;222,03;SAT;NEGATIF;NOTR;NEGATIF;ARTIYOR;SAT;AL;NOTR;1;07.09.2026
ESCOM;izle;;20,7;12,6;8,2;0,0;50;4;zayif;17,7;38,9;23,6;asagi;zayif;zayif;asagi;0,54;-1,72;4;5,18;1,97;68504863;5,69;SAT;NEGATIF;NOTR;NEGATIF;AZALIYOR;SAT;AL;NOTR;1;07.09.2026
ICBCT;izle;;20,7;12,5;8,2;0,0;6;0;zayif;9,3;38,6;28,5;asagi;zayif;zayif;asagi;0,52;-1,45;3;19,23;-1,18;18842342;21,90;SAT;NEGATIF;NOTR;NEGATIF;AZALIYOR;SAT;AL;NOTR;1;07.09.2026
AYCES;izle;;20,6;0,0;12,6;8,0;0;0;zayif;10,5;40,4;45,9;asagi;zayif;zayif;asagi;0,45;-2,81;2;439,5;-0,28;24315777;489,81;AL;NEGATIF;NOTR;POZITIF;AZALIYOR;SAT;SAT;NOTR;2;07.09.2026
KLSER;izle;;20,6;1,9;8,6;10,1;10;1;zayif;16,8;40,4;49,4;asagi;zayif;zayif;asagi;0,82;-2,26;2;23,64;2,87;30359788;24,77;SAT;NEGATIF;NOTR;NEGATIF;ARTIYOR;SAT;AL;UCUZ (AL);1;07.09.2026
SKBNK;izle;;20,5;2,4;10,1;8,0;18;1;zayif;39,8;32,0;48,2;asagi;zayif;zayif;asagi;0,60;-7,59;1;6,25;0,16;532448663;7,12;AL;NEGATIF;SAT;NEGATIF;AZALIYOR;SAT;SAT;NOTR;1;07.09.2026
PGSUS;izle;;20,2;1,6;13,4;5,2;8;0;zayif;16,0;43,0;56,1;asagi;zayif;zayif;asagi;0,77;-2,26;1;149,4;0,47;1159609783;158,55;AL;NEGATIF;NOTR;NEGATIF;AZALIYOR;SAT;SAT;UCUZ (AL);1;07.09.2026
KRDMB;izle;;20,2;14,3;1,7;4,2;0;0;zayif;21,7;29,8;30,7;asagi;zayif;zayif;asagi;0,95;-2,69;2;104;4,37;215280936;125,61;SAT;NEGATIF;SAT;NEGATIF;ARTIYOR;SAT;AL;PAHALI (SAT);1;07.09.2026
BYDNR;izle;;20,2;6,3;2,9;10,9;28;2;zayif;24,3;29,6;38,8;asagi;zayif;zayif;asagi;1,45;-2,04;3;34,9;-2,40;38264186;40,32;SAT;NEGATIF;SAT;NEGATIF;ARTIYOR;SAT;SAT;NOTR;0;07.09.2026
OSTIM;izle;;20,1;0,5;16,0;3,6;18;0;zayif;16,0;45,2;50,8;asagi;zayif;zayif;asagi;0,92;-1,98;4;1,57;3,29;17427477;1,67;AL;NEGATIF;NOTR;NEGATIF;ARTIYOR;AL;AL;UCUZ (AL);3;07.09.2026
LUKSK;izle;;20,1;0,1;12,0;8,0;8;0;zayif;12,9;38,2;39,7;asagi;zayif;zayif;asagi;0,32;-2,45;2;83,7;1,64;3271749;91,07;AL;NEGATIF;NOTR;NEGATIF;AZALIYOR;SAT;SAT;UCUZ (AL);1;07.09.2026
AKYHO;izle;;20,1;1,2;9,6;9,4;10;0;zayif;20,6;43,5;24,2;asagi;zayif;zayif;asagi;1,26;-1,60;4;2,14;2,39;3523944;2,27;SAT;NEGATIF;SAT;NEGATIF;ARTIYOR;AL;AL;UCUZ (AL);2;07.09.2026
KAPLM;izle;;19,7;2,4;7,3;10,0;6;0;zayif;31,4;35,8;38,3;asagi;zayif;zayif;asagi;1,85;-3,30;3;379,75;6,60;65187126;425,93;SAT;NEGATIF;SAT;NEGATIF;ARTIYOR;SAT;AL;NOTR;1;07.09.2026
INVEO;izle;;19,7;0,3;11,4;8,0;0;0;zayif;14,0;36,3;45,2;asagi;zayif;zayif;asagi;0,58;-2,60;0;6,72;0,90;17785992;7,31;AL;NEGATIF;NOTR;NEGATIF;AZALIYOR;SAT;AL;UCUZ (AL);2;07.09.2026
BRISA;izle;;19,6;2,0;9,2;8,4;6;0;zayif;17,1;42,3;36,9;asagi;zayif;zayif;asagi;0,66;-1,94;3;76,35;2,21;9954284;80,47;SAT;NEGATIF;NOTR;NEGATIF;ARTIYOR;SAT;AL;NOTR;1;07.09.2026
HTTBT;izle;;19,5;0,4;9,2;9,9;10;0;zayif;15,2;42,1;50,9;asagi;zayif;zayif;asagi;1,16;-1,71;5;35,74;-1,92;20564653;37,68;SAT;NEGATIF;NOTR;NEGATIF;ARTIYOR;AL;AL;UCUZ (AL);2;07.09.2026
EGEEN;izle;;19,2;1,6;9,5;8,1;0;0;zayif;16,1;43,5;49,8;asagi;zayif;zayif;asagi;1,04;-2,00;2;5035;-2,04;58985025;5202,08;SAT;NEGATIF;NOTR;NEGATIF;ARTIYOR;AL;AL;UCUZ (AL);2;07.09.2026
BRMEN;izle;;19,1;8,3;5,1;5,7;10;0;zayif;27,6;28,7;9,4;asagi;zayif;zayif;asagi;0,80;-4,09;4;12,18;-1,14;2895478;14,46;SAT;NEGATIF;SAT;NEGATIF;AZALIYOR;SAT;SAT;NOTR;0;07.09.2026
MZHLD;izle;;19,1;9,2;7,1;2,9;0;0;zayif;20,5;40,0;44,8;yukari;zayif;zayif;asagi;0,69;-1,74;2;5,2;-0,57;1164836;5,18;SAT;NEGATIF;SAT;NEGATIF;AZALIYOR;SAT;SAT;UCUZ (AL);0;07.09.2026
RNPOL;izle;;19,1;11,6;6,6;0,8;28;2;zayif;16,6;40,4;45,1;yukari;zayif;zayif;asagi;0,64;-1,26;3;2,26;-0,88;5009602;2,19;SAT;NEGATIF;NOTR;NEGATIF;AZALIYOR;SAT;AL;NOTR;1;07.09.2026
ZEDUR;izle;;19,0;2,4;5,8;10,8;0;0;zayif;33,8;35,0;59,0;asagi;zayif;zayif;asagi;0,87;-2,81;1;7,49;0,67;9398355;8,21;SAT;NEGATIF;SAT;NEGATIF;AZALIYOR;SAT;SAT;NOTR;0;07.09.2026
KBORU;izle;;19,0;5,1;6,0;8,0;0;0;zayif;27,3;31,5;58,2;asagi;zayif;zayif;asagi;0,62;-3,73;2;17,82;1,25;156396321;21,66;SAT;NEGATIF;SAT;NEGATIF;AZALIYOR;SAT;AL;NOTR;1;07.09.2026
KONTR;izle;;18,9;2,4;6,5;10,0;10;0;zayif;31,2;33,2;13,0;asagi;zayif;zayif;asagi;1,41;-7,65;4;3,28;-1,50;19168822;3,62;SAT;NEGATIF;SAT;NEGATIF;AZALIYOR;SAT;AL;UCUZ (AL);1;07.09.2026
EUYO;izle;;18,9;0,2;8,8;9,9;10;1;zayif;13,5;41,1;43,1;asagi;zayif;zayif;asagi;0,81;-1,82;2;4,76;-1,65;3593909;5,38;SAT;NEGATIF;NOTR;NEGATIF;AZALIYOR;AL;AL;NOTR;2;07.09.2026
PAGYO;izle;;18,9;14,1;4,0;0,8;10;0;zayif;20,0;34,3;35,7;asagi;zayif;zayif;asagi;0,75;-2,18;4;137,5;-0,36;12519100;154,93;SAT;NEGATIF;SAT;NEGATIF;AZALIYOR;SAT;SAT;NOTR;0;07.09.2026
KRVGD;izle;;18,7;2,4;12,0;4,2;6;0;zayif;48,7;38,2;29,9;asagi;zayif;zayif;asagi;0,71;-3,20;3;2,28;2,70;13292473;2,40;AL;NEGATIF;SAT;NEGATIF;AZALIYOR;AL;AL;NOTR;3;07.09.2026
DGNMO;izle;;18,6;4,7;6,0;8,0;16;1;zayif;24,1;31,5;32,7;asagi;zayif;zayif;asagi;0,58;-2,10;3;7,09;-0,70;24695973;8,73;SAT;NEGATIF;SAT;NEGATIF;AZALIYOR;SAT;SAT;NOTR;0;07.09.2026
BARMA;izle;;18,4;2,4;8,0;8,0;0;0;zayif;71,5;21,8;51,7;asagi;zayif;zayif;asagi;0,35;-14,72;2;9,55;9,90;7737038;10,60;AL;NEGATIF;SAT;NEGATIF;AZALIYOR;AL;AL;UCUZ (AL);3;07.09.2026
KUTPO;izle;;18,4;6,0;9,5;2,8;46;5;zayif;27,5;42,4;38,9;asagi;zayif;zayif;asagi;0,61;-1,70;3;79,4;1,86;8151442;83,78;SAT;NEGATIF;AL;NEGATIF;ARTIYOR;SAT;AL;UCUZ (AL);2;07.09.2026
MTRYO;izle;;18,2;1,7;7,5;9,0;20;1;zayif;16,4;40,0;52,3;asagi;zayif;zayif;asagi;1,24;-1,56;4;8,65;0,70;3320787;9,63;SAT;NEGATIF;NOTR;NEGATIF;AZALIYOR;SAT;SAT;NOTR;0;07.09.2026
BRKO;izle;;18,1;5,6;12,5;0,0;6;0;zayif;13,3;46,6;37,7;asagi;zayif;zayif;asagi;0,52;-0,99;3;11,7;-2,50;2256345;13,21;SAT;NEGATIF;NOTR;NEGATIF;AZALIYOR;SAT;SAT;NOTR;0;07.09.2026
BFREN;izle;;17,9;3,4;10,1;4,4;0;0;zayif;20,7;41,4;50,9;asagi;zayif;zayif;asagi;0,55;-1,47;2;125,7;-0,08;15417482;134,63;SAT;NEGATIF;AL;NEGATIF;AZALIYOR;SAT;AL;UCUZ (AL);2;07.09.2026
IZENR;izle;;17,9;1,2;5,6;11,2;0;0;zayif;20,6;30,2;34,4;asagi;zayif;zayif;asagi;0,89;-3,81;2;7;1,60;247941764;7,97;SAT;NEGATIF;SAT;NEGATIF;AZALIYOR;AL;AL;UCUZ (AL);2;07.09.2026
ORCAY;izle;;17,9;0,2;7,7;10,0;0;0;zayif;13,5;37,3;23,7;asagi;zayif;zayif;asagi;1,64;-2,31;1;3,39;3,35;7721427;3,67;SAT;NEGATIF;NOTR;NEGATIF;ARTIYOR;AL;AL;NOTR;2;07.09.2026
YESIL;izle;;17,8;0,9;7,1;9,9;6;0;zayif;18,3;35,2;46,1;asagi;zayif;zayif;asagi;0,81;-3,25;3;1,14;0,88;14006289;1,23;SAT;NEGATIF;NOTR;NEGATIF;AZALIYOR;SAT;AL;UCUZ (AL);1;07.09.2026
GLBMD;izle;;17,8;0,6;9,2;8,0;0;0;zayif;16,5;40,8;25,8;asagi;zayif;zayif;asagi;0,44;-1,32;2;11,64;0,34;1334095;12,89;SAT;NEGATIF;NOTR;NEGATIF;AZALIYOR;AL;AL;NOTR;2;07.09.2026
ALCAR;izle;;17,8;0,8;13,0;4,0;0;0;zayif;14,0;41,6;56,0;asagi;zayif;zayif;asagi;0,33;-1,98;2;683,5;-0,15;9093284;737,49;AL;NEGATIF;NOTR;NEGATIF;AZALIYOR;SAT;SAT;UCUZ (AL);1;07.09.2026
DERHL;izle;;17,7;1,5;8,2;8,0;6;0;zayif;23,1;39,0;14,4;asagi;zayif;zayif;asagi;0,56;-2,59;3;2,07;0,98;25026416;2,28;SAT;NEGATIF;SAT;NEGATIF;AZALIYOR;SAT;AL;UCUZ (AL);1;07.09.2026
EKIZ;izle;;17,7;2,4;11,2;4,0;0;0;zayif;40,8;35,8;48,3;asagi;zayif;zayif;asagi;0,53;-5,15;1;58,05;1,75;397120;61,69;AL;NEGATIF;SAT;NEGATIF;AZALIYOR;AL;AL;UCUZ (AL);3;07.09.2026
EUREN;izle;;17,7;0,3;16,7;0,6;22;2;zayif;12,9;47,1;66,0;asagi;zayif;zayif;asagi;0,66;-1,54;1;3,87;0,78;67267527;4,10;AL;NEGATIF;NOTR;NEGATIF;AZALIYOR;SAT;AL;UCUZ (AL);2;07.09.2026
PATEK;izle;;17,6;0,6;9,0;8,0;0;0;zayif;16,1;44,3;70,3;asagi;zayif;zayif;asagi;0,50;-1,07;1;19,47;1,35;148783295;22,33;SAT;NEGATIF;NOTR;NEGATIF;AZALIYOR;SAT;SAT;NOTR;0;07.09.2026
BURVA;izle;;17,6;3,6;4,0;10,0;10;0;zayif;16,3;32,7;4,2;asagi;zayif;zayif;asagi;14,77;-3,49;5;612,5;-5,70;672391475;787,91;SAT;NEGATIF;NOTR;NEGATIF;ARTIYOR;SAT;SAT;NOTR;0;07.09.2026
MHRGY;izle;;17,5;0,7;16,0;0,8;18;1;zayif;17,3;46,2;51,1;asagi;zayif;zayif;asagi;0,75;-1,71;2;3,3;2,48;7360581;3,46;AL;NEGATIF;NOTR;NEGATIF;AZALIYOR;AL;AL;NOTR;3;07.09.2026
VRGYO;izle;;17,5;0,4;16,6;0,5;6;0;zayif;15,0;47,2;48,0;asagi;zayif;zayif;asagi;0,54;-1,60;3;1,79;1,70;10245298;1,86;AL;NEGATIF;NOTR;POZITIF;AZALIYOR;SAT;SAT;UCUZ (AL);2;07.09.2026
MOPAS;izle;;17,4;2,4;5,6;9,3;0;0;zayif;30,4;30,2;41,7;asagi;zayif;zayif;asagi;0,78;-4,50;2;25,64;0,79;45992417;28,00;SAT;NEGATIF;SAT;NEGATIF;AZALIYOR;SAT;AL;UCUZ (AL);1;07.09.2026
AKGRT;izle;;17,3;2,2;11,9;3,2;10;0;zayif;28,0;38,0;47,1;asagi;zayif;zayif;asagi;0,85;-3,07;4;6,18;1,48;55073762;6,45;AL;NEGATIF;SAT;NEGATIF;ARTIYOR;AL;AL;UCUZ (AL);3;07.09.2026
KIMMR;izle;;17,2;2,4;5,0;9,8;0;0;zayif;37,6;28,2;37,0;asagi;zayif;zayif;asagi;0,81;-4,22;2;13,02;0,08;11263914;13,99;SAT;NEGATIF;SAT;NEGATIF;AZALIYOR;SAT;SAT;NOTR;0;07.09.2026
DAPGM;izle;;17,2;0,2;9,0;8,0;0;0;zayif;13,6;41,5;53,0;asagi;zayif;zayif;asagi;0,40;-1,91;2;7,92;3,53;298844821;9,11;SAT;NEGATIF;NOTR;NEGATIF;AZALIYOR;SAT;AL;UCUZ (AL);1;07.09.2026
SMART;izle;;17,1;1,0;8,1;8,0;0;0;zayif;14,6;38,5;42,1;asagi;zayif;zayif;asagi;0,68;-2,80;2;22,68;-0,18;15861167;25,47;SAT;NEGATIF;NOTR;NEGATIF;AZALIYOR;SAT;AL;NOTR;1;07.09.2026
HUBVC;izle;;17,0;0,4;12,6;4,0;6;0;zayif;14,9;40,4;39,2;asagi;zayif;zayif;asagi;0,59;-2,19;3;2,49;-2,35;2757184;2,75;AL;NEGATIF;NOTR;NEGATIF;ARTIYOR;AL;SAT;NOTR;2;07.09.2026
LYDHO;izle;;17,0;2,4;4,5;10,0;10;0;zayif;41,9;26,7;30,3;asagi;zayif;zayif;asagi;1,57;-3,87;6;137,3;-5,77;116132871;161,57;SAT;NEGATIF;SAT;NEGATIF;ARTIYOR;AL;AL;UCUZ (AL);2;07.09.2026
SMRTG;izle;;16,8;3,8;3,8;9,2;0;0;zayif;17,7;31,8;43,2;asagi;zayif;zayif;asagi;1,25;-2,88;2;8,85;3,63;247188748;10,03;SAT;NEGATIF;NOTR;NEGATIF;ARTIYOR;SAT;SAT;NOTR;0;07.09.2026
YUNSA;izle;;16,8;2,0;4,8;10,0;6;0;zayif;26,8;27,6;23,5;asagi;zayif;zayif;asagi;1,71;-4,56;3;7,5;1,90;69290003;8,07;SAT;NEGATIF;SAT;NEGATIF;AZALIYOR;SAT;AL;NOTR;1;07.09.2026
SUNTK;izle;;16,7;1,0;7,8;8,0;0;0;zayif;19,0;37,6;52,9;asagi;zayif;zayif;asagi;0,31;-1,56;2;32,84;0,31;22039581;41,04;SAT;NEGATIF;NOTR;NEGATIF;AZALIYOR;SAT;AL;NOTR;1;07.09.2026
GOLTS;izle;;16,7;1,4;10,8;4,4;0;0;zayif;22,6;44,3;41,0;asagi;zayif;zayif;asagi;0,45;-1,65;2;297;1,80;18963747;313,22;SAT;NEGATIF;SAT;NEGATIF;AZALIYOR;SAT;AL;NOTR;1;07.09.2026
BTCIM;izle;;16,4;2,4;4,0;10,0;10;0;zayif;49,7;24,5;35,8;asagi;zayif;zayif;asagi;1,79;-4,60;4;3,87;1,31;751844428;4,42;SAT;NEGATIF;SAT;NEGATIF;AZALIYOR;AL;AL;NOTR;2;07.09.2026
CRDFA;izle;;16,3;5,4;10,9;0,0;0;0;zayif;36,5;34,6;46,7;asagi;zayif;zayif;asagi;0,54;-3,09;0;26;0,00;26290576;30,86;AL;NEGATIF;SAT;NEGATIF;AZALIYOR;AL;SAT;NOTR;2;07.09.2026
ALCTL;izle;;16,3;5,4;6,8;4,0;0;0;zayif;47,8;34,4;20,9;asagi;zayif;zayif;asagi;0,43;-3,45;2;116,3;0,26;27581243;131,11;SAT;NEGATIF;SAT;NEGATIF;AZALIYOR;AL;AL;NOTR;2;07.09.2026
A1YEN;izle;;16,2;0,6;7,6;8,0;0;0;zayif;16,4;37,2;62,2;asagi;zayif;zayif;asagi;0,61;-2,22;1;2,6;1,96;33239887;2,86;SAT;NEGATIF;NOTR;NEGATIF;ARTIYOR;SAT;AL;NOTR;1;07.09.2026
THYAO;izle;;16,1;3,5;8,7;3,9;0;0;zayif;16,0;40,6;35,6;asagi;zayif;zayif;asagi;0,82;-1,68;1;296,75;0,25;11261382962;313,33;SAT;NEGATIF;NOTR;NEGATIF;AZALIYOR;SAT;AL;NOTR;1;07.09.2026
OTTO;izle;;16,1;1,8;4,3;10,0;10;0;zayif;25,3;26,1;19,4;asagi;zayif;zayif;asagi;1,33;-5,09;4;136,3;1,56;36373563;155,08;SAT;NEGATIF;SAT;NEGATIF;ARTIYOR;SAT;AL;UCUZ (AL);1;07.09.2026
MOGAN;izle;;16,1;16,0;0,1;0,0;32;3;zayif;34,0;25,4;21,8;asagi;zayif;zayif;asagi;0,65;-2,84;2;13,96;0,79;168318275;17,66;SAT;NEGATIF;SAT;NEGATIF;AZALIYOR;SAT;AL;NOTR;1;07.09.2026
PKENT;izle;;16,0;3,3;12,7;0,1;10;1;zayif;20,5;40,6;45,7;asagi;zayif;zayif;asagi;0,50;-2,38;2;123,3;0,74;8819896;132,33;AL;NEGATIF;AL;NEGATIF;AZALIYOR;SAT;AL;UCUZ (AL);3;07.09.2026
BIGCH;izle;;16,0;0,4;5,6;10,0;22;2;zayif;14,8;30,2;53,6;asagi;zayif;zayif;asagi;1,34;-3,18;2;5,4;1,89;45067369;6,17;SAT;NEGATIF;NOTR;NEGATIF;ARTIYOR;SAT;AL;UCUZ (AL);1;07.09.2026
YATAS;izle;;15,8;2,2;6,5;7,2;0;0;zayif;28,0;33,3;20,6;asagi;zayif;zayif;asagi;0,89;-4,23;1;30,36;0,20;26111877;32,70;SAT;NEGATIF;SAT;NEGATIF;AZALIYOR;SAT;AL;NOTR;1;07.09.2026
MEDTR;izle;;15,7;1,1;4,6;10,0;6;0;zayif;19,8;32,2;29,0;asagi;zayif;zayif;asagi;1,30;-3,22;3;24,2;-1,47;9587943;26,20;SAT;NEGATIF;NOTR;NEGATIF;ARTIYOR;SAT;SAT;UCUZ (AL);0;07.09.2026
PEKGY;izle;;15,5;5,3;0,2;10,0;32;3;zayif;29,1;25,7;49,3;asagi;zayif;zayif;asagi;1,89;-4,30;1;10,6;0,95;3579641539;13,58;SAT;NEGATIF;SAT;NEGATIF;AZALIYOR;SAT;AL;NOTR;1;07.09.2026
ELITE;izle;;15,4;1,5;5,5;8,4;16;1;zayif;23,0;33,7;40,4;asagi;zayif;zayif;asagi;1,20;-3,41;3;26,28;0,61;56326003;28,87;SAT;NEGATIF;SAT;NEGATIF;AZALIYOR;SAT;SAT;NOTR;0;07.09.2026
HDFGS;izle;;15,3;0,0;7,3;8,0;0;0;zayif;11,1;40,8;56,4;asagi;zayif;zayif;asagi;0,63;-1,74;0;2,41;0,00;61403163;2,70;SAT;NEGATIF;NOTR;NEGATIF;AZALIYOR;SAT;SAT;NOTR;0;07.09.2026
ASUZU;izle;;15,3;1,8;13,5;0,0;6;0;zayif;25,0;43,3;61,2;asagi;zayif;zayif;asagi;0,65;-2,69;3;47,8;2,53;14908533;50,06;AL;NEGATIF;SAT;NEGATIF;ARTIYOR;SAT;AL;NOTR;2;07.09.2026
GRTHO;izle;;15,2;1,2;7,5;6,5;0;0;zayif;20,7;36,8;42,2;asagi;zayif;zayif;asagi;1,09;-2,43;1;196,5;-0,46;237819627;232,88;SAT;NEGATIF;SAT;NEGATIF;AZALIYOR;SAT;AL;NOTR;1;07.09.2026
LILAK;izle;;15,1;0,8;8,9;5,5;22;2;zayif;18,0;41,2;42,1;asagi;zayif;zayif;asagi;1,03;-2,51;2;28,5;1,06;70947216;30,52;SAT;NEGATIF;NOTR;NEGATIF;AZALIYOR;SAT;AL;NOTR;1;07.09.2026
MAKIM;izle;;15,1;0,3;6,8;8,0;0;0;zayif;14,2;34,3;69,5;asagi;zayif;zayif;asagi;0,55;-2,78;2;14,82;0,14;9766632;16,71;SAT;NEGATIF;NOTR;NEGATIF;AZALIYOR;SAT;AL;NOTR;1;07.09.2026
ATLAS;izle;;15,0;2,4;5,7;6,9;0;0;zayif;35,6;30,6;35,1;asagi;zayif;zayif;asagi;1,11;-3,89;2;5,95;1,02;5171300;6,60;SAT;NEGATIF;SAT;NEGATIF;AZALIYOR;AL;SAT;NOTR;1;07.09.2026
BAKAB;izle;;15,0;4,1;6,9;4,0;0;0;zayif;20,2;34,6;18,4;asagi;zayif;zayif;asagi;0,54;-3,37;2;38,28;2,08;7203377;42,32;SAT;NEGATIF;SAT;NEGATIF;AZALIYOR;AL;AL;NOTR;2;07.09.2026
GRSEL;izle;;14,9;5,4;5,1;4,5;0;0;zayif;29,6;28,5;5,9;asagi;zayif;zayif;asagi;0,96;-2,55;2;296;-0,67;107554856;325,05;SAT;NEGATIF;SAT;NEGATIF;AZALIYOR;SAT;SAT;NOTR;0;07.09.2026
AVHOL;izle;;14,9;1,4;5,5;8,0;6;0;zayif;22,1;30,1;30,6;asagi;zayif;zayif;asagi;0,39;-3,62;3;33,36;-0,66;29201709;36,64;SAT;NEGATIF;SAT;NEGATIF;AZALIYOR;SAT;SAT;NOTR;0;07.09.2026
GOZDE;izle;;14,7;5,0;9,8;0,0;6;0;zayif;17,5;41,6;52,7;asagi;zayif;zayif;asagi;0,40;-1,17;3;21,94;1,48;13976833;23,83;SAT;NEGATIF;NOTR;NEGATIF;AZALIYOR;SAT;AL;NOTR;1;07.09.2026
ICUGS;izle;;14,7;4,5;4,9;5,3;6;0;zayif;23,4;27,9;47,6;asagi;zayif;zayif;asagi;1,02;-4,00;3;3,88;-3,72;48331938;4,82;SAT;NEGATIF;SAT;NEGATIF;AZALIYOR;SAT;AL;NOTR;1;07.09.2026
MGROS;izle;;14,5;2,4;6,6;5,4;10;0;zayif;38,6;33,8;48,2;asagi;zayif;zayif;asagi;1,02;-4,05;5;528;0,19;2078185296;568,11;SAT;NEGATIF;SAT;NEGATIF;AZALIYOR;AL;AL;NOTR;2;07.09.2026
YYAPI;izle;;14,4;2,4;7,1;4,9;0;0;zayif;40,3;35,4;36,1;asagi;zayif;zayif;asagi;0,53;-4,30;1;0,8;0,00;1564477;0,84;SAT;NEGATIF;SAT;NEGATIF;AZALIYOR;AL;SAT;UCUZ (AL);1;07.09.2026
INFO;izle;;14,4;3,6;0,8;10,0;6;0;zayif;16,5;27,0;26,5;asagi;zayif;zayif;asagi;1,77;-2,82;3;4,62;-4,35;430705631;6,39;SAT;NEGATIF;NOTR;NEGATIF;AZALIYOR;SAT;SAT;NOTR;0;07.09.2026
CGCAM;izle;;14,3;2,0;5,6;6,7;6;0;zayif;26,5;30,4;49,5;asagi;zayif;zayif;asagi;1,10;-3,98;3;32,4;0,62;79934267;36,28;SAT;NEGATIF;SAT;NEGATIF;AZALIYOR;SAT;AL;NOTR;1;07.09.2026
KSTUR;izle;;14,3;2,4;1,9;10,0;0;0;zayif;30,2;26,3;20,2;asagi;zayif;zayif;asagi;1,46;-5,96;1;2145;-2,90;2385240;2365,75;SAT;NEGATIF;SAT;NEGATIF;AZALIYOR;SAT;SAT;UCUZ (AL);0;07.09.2026
YYLGD;izle;;14,2;0,3;10,1;3,9;16;1;zayif;13,9;43,4;30,4;asagi;zayif;zayif;asagi;0,76;-1,79;3;10;1,42;65750800;10,53;SAT;NEGATIF;NOTR;NEGATIF;AZALIYOR;SAT;AL;NOTR;1;07.09.2026
ISKPL;izle;;14,2;8,4;5,8;0,0;6;0;zayif;14,7;38,3;47,9;yukari;zayif;zayif;asagi;0,35;-2,71;3;7,14;-1,52;122884519;7,02;SAT;NEGATIF;NOTR;NEGATIF;AZALIYOR;SAT;SAT;NOTR;0;07.09.2026
ANSGR;izle;;14,2;4,4;6,1;3,7;32;2;zayif;19,7;31,9;27,2;asagi;zayif;zayif;asagi;0,65;-2,22;5;26,08;-0,38;71610308;28,02;SAT;NEGATIF;NOTR;NEGATIF;AZALIYOR;SAT;SAT;NOTR;0;07.09.2026
ORMA;izle;;14,0;0,8;8,6;4,6;10;0;zayif;17,7;40,2;18,0;asagi;zayif;zayif;asagi;0,98;-2,63;4;154,8;2,52;1278029;163,53;SAT;NEGATIF;NOTR;NEGATIF;AZALIYOR;SAT;AL;NOTR;1;07.09.2026
DOAS;izle;;13,9;1,4;7,0;5,5;10;0;zayif;22,5;35,0;33,5;asagi;zayif;zayif;asagi;0,79;-3,54;4;163,5;0,37;132083148;171,91;SAT;NEGATIF;SAT;NEGATIF;AZALIYOR;AL;AL;NOTR;2;07.09.2026
BINHO;izle;;13,8;3,8;4,2;5,9;6;0;zayif;17,7;35,4;57,2;asagi;zayif;zayif;asagi;1,05;-1,58;3;9,18;-2,44;270463235;11,00;SAT;NEGATIF;NOTR;NEGATIF;AZALIYOR;SAT;AL;NOTR;1;07.09.2026
CLEBI;izle;;13,8;0,4;9,7;3,7;10;0;zayif;14,7;41,8;31,1;asagi;zayif;zayif;asagi;0,89;-2,06;4;1446;-0,34;31194558;1536,13;SAT;NEGATIF;NOTR;NEGATIF;AZALIYOR;SAT;AL;NOTR;1;07.09.2026
GARFA;izle;;13,8;0,0;13,8;0,0;0;0;zayif;10,2;41,7;63,9;asagi;zayif;zayif;asagi;0,51;-1,51;1;26,3;-0,60;15312991;28,47;AL;NEGATIF;NOTR;NEGATIF;AZALIYOR;SAT;SAT;NOTR;1;07.09.2026
ATEKS;izle;;13,8;4,7;9,0;0,0;0;0;zayif;24,6;41,8;36,3;asagi;zayif;zayif;asagi;0,30;-2,44;2;97;0,36;427382;106,40;SAT;NEGATIF;SAT;NEGATIF;AZALIYOR;AL;AL;NOTR;2;07.09.2026
CMBTN;izle;;13,6;3,8;9,8;0,0;6;0;zayif;21,8;42,5;51,8;asagi;zayif;zayif;asagi;0,66;-1,28;3;1515;-1,17;19801050;1649,89;SAT;NEGATIF;AL;NEGATIF;AZALIYOR;SAT;AL;UCUZ (AL);2;07.09.2026
OYAYO;izle;;13,6;0,0;3,6;10,0;0;0;zayif;9,7;29,3;30,9;asagi;zayif;zayif;asagi;1,47;-3,36;2;39,86;-2,78;3231849;44,74;SAT;NEGATIF;NOTR;NEGATIF;AZALIYOR;SAT;SAT;UCUZ (AL);0;07.09.2026
BORLS;izle;;13,6;1,6;2,0;10,0;10;0;zayif;23,7;23,0;26,9;asagi;zayif;zayif;asagi;3,29;-4,51;5;3,33;-10,00;282663397;4,72;SAT;NEGATIF;SAT;NEGATIF;ARTIYOR;SAT;SAT;NOTR;0;07.09.2026
SAMAT;izle;;13,5;0,7;12,8;0,0;10;0;zayif;17,4;40,9;32,7;asagi;zayif;zayif;asagi;0,67;-1,73;4;5,25;1,35;4765719;5,77;AL;NEGATIF;NOTR;NEGATIF;ARTIYOR;SAT;SAT;NOTR;1;07.09.2026
SNICA;izle;;13,5;0,9;8,5;4,0;0;0;zayif;18,8;40,1;59,8;asagi;zayif;zayif;asagi;0,33;-2,81;1;3,13;0,97;19561248;3,58;SAT;NEGATIF;NOTR;NEGATIF;AZALIYOR;SAT;SAT;NOTR;0;07.09.2026
PARSN;izle;;13,4;1,3;12,0;0,0;10;0;zayif;21,7;38,5;66,7;asagi;zayif;zayif;asagi;0,56;-2,54;5;70,15;-0,78;14580397;76,10;AL;NEGATIF;SAT;NEGATIF;AZALIYOR;SAT;AL;UCUZ (AL);2;07.09.2026
MRSHL;izle;;13,3;4,4;8,9;0,0;0;0;zayif;15,6;40,0;30,7;asagi;zayif;zayif;asagi;0,33;-1,34;0;1578;-0,13;23977710;1787,25;SAT;NEGATIF;NOTR;NEGATIF;AZALIYOR;SAT;AL;NOTR;1;07.09.2026
SMRVA;izle;;13,2;0,6;4,6;8,0;6;0;zayif;16,7;33,0;41,3;asagi;zayif;zayif;asagi;0,62;-3,66;3;10,46;0,58;77776721;11,79;SAT;NEGATIF;NOTR;NEGATIF;AZALIYOR;SAT;AL;UCUZ (AL);1;07.09.2026
QNBTR;izle;;13,2;2,4;3,0;7,8;10;0;zayif;44,9;28,4;21,1;asagi;zayif;zayif;asagi;1,17;-6,45;4;180;-1,42;2794140;189,30;SAT;NEGATIF;SAT;NEGATIF;ARTIYOR;SAT;SAT;UCUZ (AL);0;07.09.2026
CMENT;izle;;13,2;2,4;1,8;8,9;6;0;zayif;42,7;25,9;30,0;asagi;zayif;zayif;asagi;1,23;-5,23;3;247,9;-1,82;1220164;266,29;SAT;NEGATIF;SAT;NEGATIF;AZALIYOR;SAT;SAT;UCUZ (AL);0;07.09.2026
MEGMT;izle;;13,1;2,4;6,7;4,0;0;0;zayif;43,6;33,9;28,8;asagi;zayif;zayif;asagi;0,64;-4,56;2;47,32;2,42;262772219;53,65;SAT;NEGATIF;SAT;NEGATIF;AZALIYOR;AL;AL;NOTR;2;07.09.2026
ONCSM;izle;;13,1;1,5;1,6;10,0;6;0;zayif;23,3;29,0;45,0;asagi;zayif;zayif;asagi;1,94;-4,03;3;177,5;-9,62;306165668;231,37;SAT;NEGATIF;SAT;NEGATIF;ARTIYOR;SAT;AL;UCUZ (AL);1;07.09.2026
HRKET;izle;;13,0;3,9;4,4;4,7;6;0;zayif;13,6;34,7;12,0;asagi;zayif;zayif;asagi;0,98;-2,06;3;85,05;-4,44;202625842;103,78;SAT;NEGATIF;NOTR;NEGATIF;ARTIYOR;SAT;SAT;NOTR;0;07.09.2026
ULUFA;izle;;13,0;0,7;10,9;1,4;6;0;zayif;17,2;44,9;37,1;asagi;zayif;zayif;asagi;0,37;-1,45;3;1,66;1,22;12969958;1,79;SAT;NEGATIF;NOTR;NEGATIF;AZALIYOR;SAT;AL;NOTR;1;07.09.2026
SKYLP;izle;;13,0;1,2;1,8;10,0;6;0;zayif;20,9;28,0;23,6;asagi;zayif;zayif;asagi;1,98;-4,22;3;183,5;-9,96;21657955;240,84;SAT;NEGATIF;SAT;NEGATIF;ARTIYOR;SAT;SAT;NOTR;0;07.09.2026
EGEGY;izle;;13,0;4,5;8,5;0,0;40;4;zayif;23,1;39,9;48,9;asagi;zayif;zayif;asagi;0,58;-1,80;2;26,3;2,41;64250769;30,39;SAT;NEGATIF;SAT;NEGATIF;AZALIYOR;SAT;AL;NOTR;1;07.09.2026
ULUSE;izle;;12,9;5,0;4,6;3,3;6;0;zayif;26,8;27,1;0,0;asagi;zayif;zayif;asagi;0,90;-3,57;3;223,6;-2,23;42452249;264,26;SAT;NEGATIF;SAT;NEGATIF;AZALIYOR;SAT;AL;NOTR;1;07.09.2026
BURCE;izle;;12,7;0,3;4,5;8,0;10;1;zayif;14,0;32,4;61,0;asagi;zayif;zayif;asagi;0,65;-3,45;2;32,44;-1,70;35297380;36,91;SAT;NEGATIF;NOTR;NEGATIF;AZALIYOR;SAT;AL;UCUZ (AL);1;07.09.2026
AKFGY;izle;;12,7;1,0;7,6;4,0;10;0;zayif;19,6;37,1;39,3;asagi;zayif;zayif;asagi;0,54;-2,37;4;2,53;0,40;28180673;2,69;SAT;NEGATIF;NOTR;NEGATIF;AZALIYOR;SAT;SAT;NOTR;0;07.09.2026
IDGYO;izle;;12,6;2,4;10,2;0,0;0;0;zayif;35,2;32,3;41,4;asagi;zayif;zayif;asagi;0,61;-3,94;2;2,87;2,50;3019759;3,32;AL;NEGATIF;SAT;NEGATIF;AZALIYOR;SAT;AL;NOTR;2;07.09.2026
AYEN;izle;;12,5;3,1;8,3;1,2;6;0;zayif;12,6;39,3;50,3;asagi;zayif;zayif;asagi;0,77;-2,12;3;30,5;1,60;15806168;33,17;SAT;NEGATIF;NOTR;NEGATIF;AZALIYOR;SAT;AL;NOTR;1;07.09.2026
RAYSG;izle;;12,5;1,0;5,5;6,0;10;0;zayif;19,4;35,5;44,8;asagi;zayif;zayif;asagi;1,06;-3,49;4;151;-1,88;22622216;166,26;SAT;NEGATIF;NOTR;NEGATIF;AZALIYOR;SAT;AL;UCUZ (AL);1;07.09.2026
SAFKR;izle;;12,5;2,4;0,0;10,0;16;1;zayif;36,3;18,7;7,3;asagi;zayif;zayif;asagi;2,26;-6,02;3;14,06;-2,70;139833364;17,43;SAT;NEGATIF;SAT;NEGATIF;ARTIYOR;SAT;SAT;UCUZ (AL);0;07.09.2026
SEGYO;izle;;12,4;1,8;9,5;1,2;0;0;zayif;25,1;29,8;31,9;asagi;zayif;zayif;asagi;0,77;-4,23;1;3,57;0,00;8301803;3,90;AL;NEGATIF;SAT;NEGATIF;AZALIYOR;SAT;SAT;UCUZ (AL);1;07.09.2026
QNBFK;izle;;12,4;4,4;8,0;0,0;6;0;zayif;22,0;38,5;41,5;asagi;zayif;zayif;asagi;0,56;-2,02;3;40,7;0,00;699145;44,44;SAT;NEGATIF;SAT;NEGATIF;AZALIYOR;AL;AL;NOTR;2;07.09.2026
KFEIN;izle;;12,4;0,0;8,4;4,0;6;0;zayif;9,9;39,6;16,3;asagi;zayif;zayif;asagi;0,36;-2,07;3;7,96;0,89;12913007;8,78;SAT;NEGATIF;NOTR;NEGATIF;AZALIYOR;SAT;AL;NOTR;1;07.09.2026
VKING;izle;;12,2;2,4;6,1;3,7;6;0;zayif;42,7;31,9;46,0;asagi;zayif;zayif;asagi;0,92;-3,27;3;20,42;0,20;6363056;22,35;SAT;NEGATIF;SAT;NEGATIF;AZALIYOR;SAT;AL;UCUZ (AL);1;07.09.2026
AZTEK;izle;;12,1;2,3;5,8;4,0;0;0;zayif;28,9;30,8;12,0;asagi;zayif;zayif;asagi;0,57;-3,66;2;3,69;1,10;16491466;4,10;SAT;NEGATIF;SAT;NEGATIF;AZALIYOR;SAT;AL;NOTR;1;07.09.2026
ECILC;izle;;11,9;0,9;9,8;1,2;10;1;zayif;18,4;44,1;74,9;asagi;zayif;zayif;asagi;0,67;-1,29;2;71,8;-1,85;274526797;80,64;SAT;NEGATIF;NOTR;NEGATIF;AZALIYOR;SAT;AL;NOTR;1;07.09.2026
KMPUR;izle;;11,7;5,2;6,6;0,0;6;0;zayif;27,8;33,5;29,2;asagi;zayif;zayif;asagi;0,58;-2,19;3;18,03;-0,66;30436984;20,76;SAT;NEGATIF;SAT;NEGATIF;AZALIYOR;SAT;SAT;NOTR;0;07.09.2026
SEKFK;izle;;11,7;1,7;10,0;0,0;6;0;zayif;24,3;31,7;25,5;asagi;zayif;zayif;asagi;0,38;-2,82;3;4,42;-0,23;1400641;4,94;AL;NEGATIF;SAT;NEGATIF;ARTIYOR;AL;AL;NOTR;3;07.09.2026
CWENE;izle;;11,6;3,4;8,2;0,0;6;0;zayif;15,0;38,9;23,7;asagi;zayif;zayif;asagi;0,54;-2,02;3;32;2,43;1792523040;38,54;SAT;NEGATIF;NOTR;NEGATIF;AZALIYOR;SAT;AL;NOTR;1;07.09.2026
TEZOL;izle;;11,4;2,4;9,0;0,0;6;0;zayif;39,3;28,2;22,6;asagi;zayif;zayif;asagi;0,45;-6,25;3;8,86;1,26;25195315;10,09;AL;NEGATIF;SAT;NEGATIF;AZALIYOR;SAT;AL;UCUZ (AL);2;07.09.2026
EKSUN;izle;;11,4;3,8;7,6;0,0;28;2;zayif;17,9;36,9;39,9;asagi;zayif;zayif;asagi;0,42;-2,49;3;5,64;1,08;11245692;6,37;SAT;NEGATIF;NOTR;NEGATIF;AZALIYOR;SAT;AL;NOTR;1;07.09.2026
TMPOL;izle;;11,3;4,3;6,9;0,0;10;0;zayif;21,8;34,8;41,9;asagi;zayif;zayif;asagi;0,52;-2,54;4;343,5;-5,89;295780637;486,23;SAT;NEGATIF;SAT;NEGATIF;AZALIYOR;SAT;AL;NOTR;1;07.09.2026
BULGS;izle;;11,2;2,4;8,4;0,4;6;0;zayif;37,0;26,4;30,6;asagi;zayif;zayif;asagi;0,72;-3,46;3;31,46;-0,63;62797746;34,96;AL;NEGATIF;SAT;NEGATIF;AZALIYOR;AL;SAT;UCUZ (AL);2;07.09.2026
LKMNH;izle;;11,0;2,4;4,6;4,0;6;0;zayif;42,8;32,2;40,8;asagi;zayif;zayif;asagi;0,92;-3,07;3;12,87;-0,77;16987345;14,02;SAT;NEGATIF;SAT;NEGATIF;AZALIYOR;SAT;SAT;UCUZ (AL);0;07.09.2026
TKNSA;izle;;11,0;2,0;9,0;0,0;16;1;zayif;26,9;41,5;19,8;asagi;zayif;zayif;asagi;0,26;-1,56;3;16,74;0,48;44347206;19,86;SAT;NEGATIF;SAT;NEGATIF;AZALIYOR;SAT;SAT;UCUZ (AL);0;07.09.2026
NATEN;izle;;10,9;1,1;7,2;2,6;6;0;zayif;20,3;35,5;36,8;asagi;zayif;zayif;asagi;0,86;-3,52;3;5,18;2,57;34500950;5,59;SAT;NEGATIF;SAT;NEGATIF;ARTIYOR;SAT;AL;UCUZ (AL);1;07.09.2026
KLRHO;izle;;10,8;0,5;10,3;0,0;0;0;zayif;15,4;32,6;23,0;asagi;zayif;zayif;asagi;0,41;-5,00;2;62,25;-1,58;86534908;71,83;AL;NEGATIF;NOTR;NEGATIF;AZALIYOR;SAT;SAT;UCUZ (AL);1;07.09.2026
GEDIK;izle;;10,7;4,3;6,4;0,0;0;0;zayif;21,7;32,9;39,4;asagi;zayif;zayif;asagi;0,14;-2,51;2;5,77;0,70;16295640;6,37;SAT;NEGATIF;SAT;NEGATIF;AZALIYOR;SAT;AL;NOTR;1;07.09.2026
BSOKE;izle;;10,7;5,4;4,4;0,8;6;0;zayif;32,2;26,4;7,6;asagi;zayif;zayif;asagi;0,75;-3,99;3;23,68;-1,25;211125552;29,09;SAT;NEGATIF;SAT;NEGATIF;ARTIYOR;AL;AL;NOTR;2;07.09.2026
RTALB;izle;;10,7;0,0;10,7;0,0;0;0;zayif;12,1;33,8;27,1;asagi;zayif;zayif;asagi;0,53;-3,60;2;2,78;0,72;23249513;3,00;AL;NEGATIF;NOTR;NEGATIF;AZALIYOR;SAT;AL;UCUZ (AL);2;07.09.2026
KOTON;izle;;10,7;0,8;3,8;6,0;10;0;zayif;18,1;30,8;37,6;asagi;zayif;zayif;asagi;1,06;-3,74;4;12,04;-0,41;27810245;12,94;SAT;NEGATIF;NOTR;NEGATIF;AZALIYOR;SAT;SAT;UCUZ (AL);0;07.09.2026
BRYAT;izle;;10,5;0,4;9,4;0,7;6;0;zayif;14,9;43,0;56,9;asagi;zayif;zayif;asagi;0,48;-2,22;3;1668;0,85;57887940;1780,06;SAT;NEGATIF;NOTR;NEGATIF;AZALIYOR;SAT;AL;UCUZ (AL);1;07.09.2026
COSMO;izle;;10,5;1,7;8,8;0,0;0;0;zayif;24,3;44,7;54,1;asagi;zayif;zayif;asagi;0,69;-1,60;1;119,1;-1,41;5567449;142,77;SAT;NEGATIF;SAT;NEGATIF;AZALIYOR;SAT;SAT;UCUZ (AL);0;07.09.2026
SURGY;izle;;10,4;2,4;8,0;0,0;0;0;zayif;41,1;17,8;51,7;asagi;zayif;zayif;asagi;0,56;-8,14;2;30,26;1,54;129758814;35,65;AL;NEGATIF;SAT;NEGATIF;AZALIYOR;AL;AL;UCUZ (AL);3;07.09.2026
LIDER;izle;;10,4;2,4;8,0;0,0;10;0;zayif;50,6;17,8;9,8;asagi;zayif;zayif;asagi;0,49;-9,22;4;22,6;-3,42;341807033;34,06;AL;NEGATIF;SAT;NEGATIF;AZALIYOR;SAT;SAT;UCUZ (AL);1;07.09.2026
DCTTR;izle;;10,4;2,4;8,0;0,0;10;0;zayif;49,3;19,9;30,9;asagi;zayif;zayif;asagi;0,26;-6,98;5;6,08;-0,16;17326559;7,06;AL;NEGATIF;SAT;NEGATIF;AZALIYOR;AL;AL;NOTR;3;07.09.2026
BALSU;izle;;10,4;2,0;2,2;6,2;10;0;zayif;26,5;24,0;54,4;asagi;zayif;zayif;asagi;1,07;-5,52;4;7,82;-9,91;659392636;10,70;SAT;NEGATIF;SAT;NEGATIF;ARTIYOR;SAT;SAT;UCUZ (AL);0;07.09.2026
ALFAS;izle;;10,3;0,8;9,3;0,2;32;3;zayif;18,1;42,6;53,7;asagi;zayif;zayif;asagi;0,71;-2,11;2;39,68;2,90;57498542;43,07;SAT;NEGATIF;NOTR;NEGATIF;AZALIYOR;SAT;AL;NOTR;1;07.09.2026
YAPRK;izle;;10,2;0,8;9,4;0,0;0;0;zayif;14,1;42,5;38,7;asagi;zayif;zayif;asagi;0,30;-1,60;2;10,67;1,43;13107007;11,84;SAT;NEGATIF;NOTR;NEGATIF;AZALIYOR;SAT;AL;NOTR;1;07.09.2026
GWIND;izle;;10,2;0,0;9,0;1,1;0;0;zayif;11,7;41,8;60,8;asagi;zayif;zayif;asagi;0,67;-2,51;2;22,66;1,43;56291360;23,62;SAT;NEGATIF;NOTR;NEGATIF;AZALIYOR;AL;AL;NOTR;2;07.09.2026
IHAAS;izle;;9,9;1,2;8,7;0,0;38;3;zayif;21,0;40,6;34,4;asagi;zayif;zayif;asagi;0,42;-2,18;3;50,3;-0,40;27958048;60,44;SAT;NEGATIF;SAT;NEGATIF;AZALIYOR;SAT;AL;NOTR;1;07.09.2026
REEDR;izle;;9,8;0,3;6,0;3,4;6;0;zayif;14,3;31,8;40,6;asagi;zayif;zayif;asagi;0,91;-3,79;3;5,54;1,09;58495397;6,03;SAT;NEGATIF;NOTR;NEGATIF;AZALIYOR;SAT;AL;NOTR;1;07.09.2026
KOPOL;izle;;9,8;1,0;7,2;1,6;0;0;zayif;19,1;35,6;50,9;asagi;zayif;zayif;asagi;0,80;-2,61;2;5,11;2,20;51767652;5,70;SAT;NEGATIF;NOTR;NEGATIF;AZALIYOR;SAT;AL;NOTR;1;07.09.2026
UNLU;izle;;9,6;2,4;5,6;1,6;10;0;zayif;32,9;34,7;42,4;asagi;zayif;zayif;asagi;0,79;-2,84;4;10,48;0,29;7109548;11,30;SAT;NEGATIF;SAT;NEGATIF;ARTIYOR;SAT;SAT;UCUZ (AL);0;07.09.2026
KTSKR;izle;;9,5;3,6;5,9;0,0;0;0;zayif;16,4;31,3;39,6;asagi;zayif;zayif;asagi;0,60;-3,72;2;77;0,00;18855375;85,30;SAT;NEGATIF;NOTR;NEGATIF;AZALIYOR;SAT;AL;NOTR;1;07.09.2026
HEDEF;izle;;9,4;5,4;4,0;0,0;0;0;zayif;35,5;20,9;14,2;asagi;zayif;zayif;asagi;0,04;-6,80;1;49,82;-9,99;12002136;90,17;SAT;NEGATIF;SAT;NEGATIF;AZALIYOR;SAT;AL;NOTR;1;07.09.2026
LMKDC;izle;;9,4;1,3;8,1;0,0;16;1;zayif;21,6;38,7;22,7;asagi;zayif;zayif;asagi;0,67;-2,87;3;22,56;2,83;64319575;24,32;SAT;NEGATIF;SAT;NEGATIF;AZALIYOR;SAT;AL;UCUZ (AL);1;07.09.2026
ATAGY;izle;;9,3;2,4;6,8;0,0;0;0;zayif;41,4;34,5;37,8;asagi;zayif;zayif;asagi;0,58;-3,01;2;9,9;1,64;1172457;10,61;SAT;NEGATIF;SAT;NEGATIF;AZALIYOR;AL;AL;UCUZ (AL);2;07.09.2026
INTEK;izle;;9,3;1,6;7,7;0,0;0;0;zayif;23,5;37,4;36,2;asagi;zayif;zayif;asagi;0,41;-3,71;1;230,4;-0,13;1047859;250,90;SAT;NEGATIF;SAT;NEGATIF;AZALIYOR;SAT;AL;NOTR;1;07.09.2026
ENTRA;izle;;9,2;0,5;8,7;0,0;0;0;zayif;16,0;40,6;23,9;asagi;zayif;zayif;asagi;0,59;-1,86;2;4,32;2,37;41606922;4,62;SAT;NEGATIF;NOTR;NEGATIF;AZALIYOR;AL;AL;NOTR;2;07.09.2026
EUHOL;izle;;9,2;1,1;8,1;0,0;10;0;zayif;20,3;38,6;33,7;asagi;zayif;zayif;asagi;0,51;-2,69;5;9,88;-1,00;4368837;10,94;SAT;NEGATIF;SAT;NEGATIF;AZALIYOR;SAT;SAT;NOTR;0;07.09.2026
LIDFA;izle;;9,1;0,0;9,1;0,0;0;0;zayif;10,4;42,1;35,8;asagi;zayif;zayif;asagi;0,63;-1,77;1;2,61;1,16;14280722;2,83;SAT;NEGATIF;NOTR;NEGATIF;ARTIYOR;SAT;AL;NOTR;1;07.09.2026
LINK;izle;;9,1;2,2;6,9;0,0;22;2;zayif;28,2;34,6;53,2;asagi;zayif;zayif;asagi;0,70;-3,28;1;5,25;0,57;63082509;5,77;SAT;NEGATIF;SAT;NEGATIF;AZALIYOR;SAT;AL;NOTR;1;07.09.2026
KZBGY;izle;;8,7;2,4;6,0;0,2;0;0;zayif;31,6;31,7;37,9;asagi;zayif;zayif;asagi;0,71;-4,94;1;1,86;1,09;40968606;2,02;SAT;NEGATIF;SAT;NEGATIF;AZALIYOR;SAT;AL;UCUZ (AL);1;07.09.2026
GRNYO;izle;;8,6;2,4;1,1;5,0;10;0;zayif;35,2;24,2;23,3;asagi;zayif;zayif;asagi;1,00;-4,69;4;11,3;0,98;3327556;13,26;SAT;NEGATIF;SAT;NEGATIF;AZALIYOR;SAT;AL;NOTR;1;07.09.2026
MEGAP;izle;;8,5;2,2;2,6;3,6;0;0;zayif;28,5;25,3;28,9;asagi;zayif;zayif;asagi;0,92;-6,37;1;1,65;0,00;909483;1,74;SAT;NEGATIF;SAT;NEGATIF;AZALIYOR;SAT;SAT;UCUZ (AL);0;07.09.2026
YBTAS;izle;;8,5;2,4;6,1;0,0;10;0;zayif;35,1;31,9;39,3;asagi;zayif;zayif;asagi;0,38;-5,08;6;13,08;0,62;352781;14,11;SAT;NEGATIF;SAT;NEGATIF;AZALIYOR;SAT;AL;UCUZ (AL);1;07.09.2026
DOFRB;izle;;8,5;4,0;4,5;0,0;0;0;zayif;19,4;33,2;56,3;asagi;zayif;zayif;asagi;0,68;-3,22;2;112,7;-0,79;367178629;135,98;SAT;NEGATIF;NOTR;NEGATIF;AZALIYOR;SAT;SAT;NOTR;0;07.09.2026
ERBOS;izle;;8,4;0,4;8,0;0,0;0;0;zayif;15,3;38,3;41,6;asagi;zayif;zayif;asagi;0,48;-3,14;2;147,3;1,17;4034252;155,59;SAT;NEGATIF;NOTR;NEGATIF;AZALIYOR;AL;AL;UCUZ (AL);2;07.09.2026
SILVR;izle;;8,4;0,8;7,7;0,0;10;0;zayif;17,6;37,2;28,6;asagi;zayif;zayif;asagi;0,66;-2,24;4;2,18;0,46;1881575;2,36;SAT;NEGATIF;NOTR;NEGATIF;AZALIYOR;SAT;AL;UCUZ (AL);1;07.09.2026
PNLSN;izle;;8,2;0,4;7,8;0,0;0;0;zayif;15,2;37,7;55,5;asagi;zayif;zayif;asagi;0,48;-2,18;2;40,14;0,85;19828558;44,88;SAT;NEGATIF;NOTR;NEGATIF;AZALIYOR;SAT;AL;NOTR;1;07.09.2026
KONKA;izle;;8,2;2,4;4,0;1,7;42;3;zayif;32,7;19,1;12,9;asagi;zayif;zayif;asagi;0,80;-6,44;5;9,25;0,76;23175043;10,51;SAT;NEGATIF;SAT;NEGATIF;AZALIYOR;SAT;AL;UCUZ (AL);1;07.09.2026
SEYKM;izle;;8,1;1,2;2,7;4,2;10;0;zayif;20,9;28,3;26,2;asagi;zayif;zayif;asagi;0,95;-2,96;4;4,15;-2,35;5229610;4,71;SAT;NEGATIF;SAT;NEGATIF;ARTIYOR;SAT;AL;NOTR;1;07.09.2026
KRTEK;izle;;8,1;1,0;7,2;0,0;6;0;zayif;19,1;35,6;8,9;asagi;zayif;zayif;asagi;0,63;-2,87;3;5,19;4,01;3320604;5,80;SAT;NEGATIF;NOTR;NEGATIF;ARTIYOR;AL;AL;UCUZ (AL);2;07.09.2026
OSMEN;izle;;8,1;1,1;7,0;0,0;28;2;zayif;20,4;35,0;30,3;asagi;zayif;zayif;asagi;0,61;-2,65;3;6,9;0,58;17383901;7,79;SAT;NEGATIF;SAT;NEGATIF;AZALIYOR;SAT;AL;NOTR;1;07.09.2026
ANGEN;izle;;8,0;0,8;6,7;0,5;0;0;zayif;17,7;34,1;48,5;asagi;zayif;zayif;asagi;0,73;-3,38;2;8,87;1,14;14054710;9,43;SAT;NEGATIF;NOTR;NEGATIF;AZALIYOR;SAT;AL;UCUZ (AL);1;07.09.2026
VSNMD;izle;;8,0;1,2;4,0;2,8;10;0;zayif;20,6;20,7;36,1;asagi;zayif;zayif;asagi;0,87;-5,10;4;40,9;0,34;39509482;45,36;SAT;NEGATIF;SAT;NEGATIF;AZALIYOR;AL;AL;UCUZ (AL);2;07.09.2026
YONGA;izle;;8,0;1,4;6,5;0,0;6;0;zayif;22,5;33,4;5,2;asagi;zayif;zayif;asagi;0,70;-3,82;3;44,4;2,30;574980;46,60;SAT;NEGATIF;SAT;NEGATIF;AZALIYOR;AL;AL;UCUZ (AL);2;07.09.2026
TUREX;izle;;8,0;1,2;6,8;0,0;6;0;zayif;20,7;34,3;37,4;asagi;zayif;zayif;asagi;0,69;-3,36;3;6,07;1,51;63889075;6,69;SAT;NEGATIF;SAT;NEGATIF;AZALIYOR;SAT;AL;NOTR;1;07.09.2026
KRSTL;izle;;7,6;2,4;5,1;0,0;6;0;zayif;35,9;28,7;38,1;asagi;zayif;zayif;asagi;0,45;-4,35;3;8,81;0,80;19247322;9,39;SAT;NEGATIF;SAT;NEGATIF;AZALIYOR;SAT;AL;NOTR;1;07.09.2026
BEGYO;izle;;7,4;1,6;5,8;0,0;10;0;zayif;23,6;36,8;48,3;asagi;zayif;zayif;asagi;0,69;-2,87;4;3,38;0,30;7947455;3,67;SAT;NEGATIF;SAT;NEGATIF;AZALIYOR;SAT;AL;UCUZ (AL);1;07.09.2026
DARDL;izle;;7,4;1,5;4,3;1,6;40;4;zayif;22,9;30,0;44,4;asagi;zayif;zayif;asagi;0,79;-3,64;2;1,57;0,00;20676270;1,72;SAT;NEGATIF;SAT;NEGATIF;AZALIYOR;SAT;AL;UCUZ (AL);1;07.09.2026
TRILC;izle;;7,3;2,4;4,9;0,0;0;0;zayif;30,5;27,9;21,0;asagi;zayif;zayif;asagi;0,62;-9,81;1;1,03;-1,90;2990784;1,09;SAT;NEGATIF;SAT;NEGATIF;AZALIYOR;SAT;AL;UCUZ (AL);1;07.09.2026
EMKEL;izle;;7,3;2,4;4,0;0,8;10;0;zayif;39,3;16,3;18,9;asagi;zayif;zayif;asagi;0,75;-6,41;4;12,99;0,70;42037601;15,02;SAT;NEGATIF;SAT;NEGATIF;AZALIYOR;SAT;AL;UCUZ (AL);1;07.09.2026
TEKTU;izle;;7,2;1,4;5,8;0,0;0;0;zayif;15,6;34,4;51,3;asagi;zayif;zayif;asagi;0,55;-2,69;2;7,2;0,42;33621113;8,40;SAT;NEGATIF;NOTR;NEGATIF;AZALIYOR;SAT;SAT;UCUZ (AL);0;07.09.2026
ATAKP;izle;;7,2;2,4;4,7;0,0;10;0;zayif;30,1;27,4;37,0;asagi;zayif;zayif;asagi;0,36;-4,64;4;41,38;-0,86;6334244;45,62;SAT;NEGATIF;SAT;NEGATIF;AZALIYOR;SAT;SAT;UCUZ (AL);0;07.09.2026
PRKAB;izle;;7,1;0,6;6,5;0,0;6;0;zayif;16,4;33,4;31,6;asagi;zayif;zayif;asagi;0,53;-3,28;3;30,6;0,99;9063781;33,14;SAT;NEGATIF;NOTR;NEGATIF;AZALIYOR;AL;AL;NOTR;2;07.09.2026
GOKNR;izle;;7,1;1,6;5,5;0,0;0;0;zayif;23,6;29,9;30,1;asagi;zayif;zayif;asagi;0,36;-4,75;1;16,97;1,56;49604040;19,02;SAT;NEGATIF;SAT;NEGATIF;AZALIYOR;AL;SAT;NOTR;1;07.09.2026
AGROT;izle;;6,8;0,6;6,2;0,0;22;2;zayif;16,5;32,5;30,1;asagi;zayif;zayif;asagi;0,21;-4,13;1;1,94;0,00;47797575;2,26;SAT;NEGATIF;NOTR;NEGATIF;AZALIYOR;SAT;AL;UCUZ (AL);1;07.09.2026
IMASM;izle;;6,8;0,6;6,2;0,0;40;4;zayif;16,3;32,3;18,8;asagi;zayif;zayif;asagi;0,37;-4,41;2;2,22;0,45;24807994;2,44;SAT;NEGATIF;NOTR;NEGATIF;AZALIYOR;SAT;AL;UCUZ (AL);1;07.09.2026
SELVA;izle;;6,8;0,8;5,9;0,0;0;0;zayif;18,1;31,5;49,4;asagi;zayif;zayif;asagi;0,45;-4,22;2;1,55;0,65;23150389;1,70;SAT;NEGATIF;NOTR;NEGATIF;AZALIYOR;SAT;AL;UCUZ (AL);1;07.09.2026
LRSHO;izle;;6,7;0,2;6,5;0,0;42;3;zayif;13,3;33,4;0,0;asagi;zayif;zayif;asagi;0,35;-3,96;4;2,43;0,83;26248571;2,69;SAT;NEGATIF;NOTR;NEGATIF;AZALIYOR;SAT;AL;UCUZ (AL);1;07.09.2026
SOKE;izle;;6,7;1,7;4,0;0,9;0;0;zayif;24,8;23,6;15,2;asagi;zayif;zayif;asagi;0,76;-4,67;1;11,62;1,75;26040641;13,23;SAT;NEGATIF;SAT;NEGATIF;AZALIYOR;AL;AL;NOTR;2;07.09.2026
ARZUM;izle;;6,6;0,6;6,0;0,0;0;0;zayif;16,7;36,3;51,6;asagi;zayif;zayif;asagi;0,52;-3,28;2;1,53;0,66;17569059;1,75;SAT;NEGATIF;NOTR;NEGATIF;AZALIYOR;SAT;SAT;UCUZ (AL);0;07.09.2026
FZLGY;izle;;6,6;2,4;4,1;0,0;0;0;zayif;30,8;25,4;46,1;asagi;zayif;zayif;asagi;0,60;-5,09;2;8,09;1,25;104618561;9,66;SAT;NEGATIF;SAT;NEGATIF;AZALIYOR;SAT;AL;UCUZ (AL);1;07.09.2026
VKFYO;izle;;6,5;0,6;6,0;0,0;32;3;zayif;16,1;35,8;59,5;asagi;zayif;zayif;asagi;0,49;-2,82;2;21,64;-1,01;2473236;24,79;SAT;NEGATIF;NOTR;NEGATIF;AZALIYOR;SAT;SAT;UCUZ (AL);0;07.09.2026
ALVES;izle;;6,4;2,4;4,0;0,0;6;0;zayif;31,3;19,5;39,3;asagi;zayif;zayif;asagi;0,44;-7,60;3;1,25;0,81;76832966;1,53;SAT;NEGATIF;SAT;NEGATIF;AZALIYOR;AL;AL;UCUZ (AL);2;07.09.2026
FORMT;izle;;6,4;2,4;4,0;0,0;0;0;zayif;39,1;22,0;48,5;asagi;zayif;zayif;asagi;0,66;-6,29;2;1,48;0,68;17676947;1,62;SAT;NEGATIF;SAT;NEGATIF;AZALIYOR;SAT;AL;UCUZ (AL);1;07.09.2026
BMSCH;izle;;6,4;2,4;4,0;0,0;6;0;zayif;31,7;23,9;32,5;asagi;zayif;zayif;asagi;0,66;-5,43;3;10,11;0,70;9730622;11,44;SAT;NEGATIF;SAT;NEGATIF;AZALIYOR;SAT;AL;UCUZ (AL);1;07.09.2026
ENSRI;izle;;6,4;0,0;5,4;1,1;6;0;zayif;11,8;34,2;23,4;asagi;zayif;zayif;asagi;0,76;-6,06;3;4,55;-1,73;85692939;5,43;SAT;NEGATIF;NOTR;NEGATIF;AZALIYOR;SAT;SAT;UCUZ (AL);0;07.09.2026
BEYAZ;izle;;6,3;0,3;6,0;0,0;0;0;zayif;14,2;31,8;31,7;asagi;zayif;zayif;asagi;0,68;-3,07;2;21,7;0,56;10828756;23,83;SAT;NEGATIF;NOTR;NEGATIF;AZALIYOR;SAT;AL;NOTR;1;07.09.2026
POLTK;izle;;6,3;0,9;5,4;0,0;6;0;zayif;18,4;29,8;21,8;asagi;zayif;zayif;asagi;0,46;-3,74;3;4002,5;-0,31;12323698;4459,83;SAT;NEGATIF;NOTR;NEGATIF;AZALIYOR;SAT;AL;UCUZ (AL);1;07.09.2026
DMSAS;izle;;6,1;0,7;4,7;0,7;22;2;zayif;17,1;36,4;43,2;asagi;zayif;zayif;asagi;0,74;-1,79;2;8,15;-0,49;14936146;9,01;SAT;NEGATIF;NOTR;NEGATIF;AZALIYOR;SAT;SAT;UCUZ (AL);0;07.09.2026
IZINV;izle;;6,1;0,5;5,6;0,0;6;0;zayif;15,8;30,2;17,0;asagi;zayif;zayif;asagi;0,46;-3,68;3;49,6;1,22;7358160;54,88;SAT;NEGATIF;NOTR;NEGATIF;AZALIYOR;SAT;AL;UCUZ (AL);1;07.09.2026
ODINE;izle;;5,9;5,4;0,5;0,0;0;0;zayif;30,1;26,5;49,7;asagi;zayif;zayif;asagi;0,01;-4,14;0;1190;-9,98;7354200;1822,03;SAT;NEGATIF;SAT;NEGATIF;AZALIYOR;SAT;SAT;PAHALI (SAT);0;07.09.2026
ARENA;izle;;5,8;0,4;5,4;0,0;0;0;zayif;14,9;33,7;51,4;asagi;zayif;zayif;asagi;0,56;-3,46;2;19,42;0,26;12463504;22,09;SAT;NEGATIF;NOTR;NEGATIF;AZALIYOR;SAT;SAT;UCUZ (AL);0;07.09.2026
KAREL;izle;;5,5;1,6;3,9;0,0;0;0;zayif;23,9;31,3;21,7;asagi;zayif;zayif;asagi;0,65;-3,77;1;8,06;-0,49;60712933;9,14;SAT;NEGATIF;SAT;NEGATIF;AZALIYOR;SAT;AL;NOTR;1;07.09.2026
GZNMI;izle;;5,4;0,0;5,3;0,0;6;0;zayif;12,3;36,4;34,3;asagi;zayif;zayif;asagi;0,45;-2,37;3;51,55;-2,64;38158857;61,48;SAT;NEGATIF;NOTR;NEGATIF;AZALIYOR;SAT;AL;NOTR;1;07.09.2026
A1CAP;izle;;5,3;2,4;2,9;0,0;6;0;zayif;29,4;27,8;34,6;asagi;zayif;zayif;asagi;0,69;-5,36;3;7,34;0,96;38239220;8,16;SAT;NEGATIF;SAT;NEGATIF;AZALIYOR;SAT;SAT;UCUZ (AL);0;07.09.2026
QUAGR;izle;;5,2;0,1;5,2;0,0;0;0;zayif;12,6;35,3;59,7;asagi;zayif;zayif;asagi;0,45;-2,56;1;3,04;-0,98;56902939;3,48;SAT;NEGATIF;NOTR;NEGATIF;AZALIYOR;SAT;SAT;NOTR;0;07.09.2026
EKOS;izle;;5,1;1,9;3,2;0,0;10;1;zayif;25,9;29,9;43,0;asagi;zayif;zayif;asagi;0,54;-4,16;2;4,82;-0,21;27568771;5,45;SAT;NEGATIF;SAT;NEGATIF;AZALIYOR;SAT;AL;UCUZ (AL);1;07.09.2026
KATMR;izle;;5,0;2,4;1,5;1,0;10;0;zayif;45,4;22,2;31,7;asagi;zayif;zayif;asagi;0,76;-5,64;4;1,85;0,54;113957127;2,06;SAT;NEGATIF;SAT;NEGATIF;AZALIYOR;SAT;SAT;UCUZ (AL);0;07.09.2026
DITAS;izle;;4,9;1,5;3,4;0,0;6;0;zayif;23,1;30,8;20,6;asagi;zayif;zayif;asagi;0,39;-3,60;3;19,82;-3,79;18446018;25,80;SAT;NEGATIF;SAT;NEGATIF;AZALIYOR;SAT;SAT;NOTR;0;07.09.2026
AHSGY;izle;;4,3;4,3;0,0;0,0;10;0;zayif;21,4;22,8;31,5;asagi;zayif;zayif;asagi;0,63;-4,77;4;14,23;-3,85;13377068;17,26;SAT;NEGATIF;SAT;NEGATIF;AZALIYOR;SAT;AL;NOTR;1;07.09.2026
TATEN;izle;;4,2;1,5;2,7;0,0;0;0;zayif;23,1;24,1;40,5;asagi;zayif;zayif;asagi;0,43;-5,30;1;7,5;-1,57;134776418;9,11;SAT;NEGATIF;SAT;NEGATIF;AZALIYOR;SAT;SAT;UCUZ (AL);0;07.09.2026
PAMEL;izle;;3,3;0,2;3,1;0,0;10;0;zayif;13,4;29,3;61,6;asagi;zayif;zayif;asagi;0,60;-3,29;4;70,95;-0,49;14552696;78,50;SAT;NEGATIF;NOTR;NEGATIF;AZALIYOR;SAT;AL;NOTR;1;07.09.2026