hisse;durum;yeni_sinyal;konfluans;trend_35;momentum_30;hacim_35;risk;uyumsuzluk;rejim;adx;rsi;mfi;supertrend;goreli_guc;usd_trend;haftalik_trend;hacim_orani;ema50_uzaklik_atr;dagitim_gun;kapanis;degisim%;islem_hacmi_tl;st_cizgisi;osc_macd;osc_rsi;osc_adx;osc_momentum;osc_atr;osc_wavetrend;osc_stochrsi;osc_sharpe;osc_al_sayisi;tarih
ISDMR;GUCLU AL;;98,3;33,3;30,0;35,0;8;0;guclu trend;25,6;64,5;82,8;yukari;guclu;yukselis;yukari;1,52;1,92;0;62,4;1,22;211131149;54,38;AL;POZITIF;AL;POZITIF;ARTIYOR;AL;AL;NOTR;6;21.09.2026
ENERY;GUCLU AL;;95,9;35,0;30,0;30,9;10;0;guclu trend;43,4;60,0;56,0;yukari;guclu;yukselis;yukari;1,53;2,33;2;11,84;-7,86;1365373361;11,31;AL;POZITIF;AL;POZITIF;ARTIYOR;SAT;SAT;NOTR;4;21.09.2026
CEOEM;GUCLU AL;;95,5;32,5;30,0;33,0;10;0;guclu trend;23,6;63,8;77,3;yukari;guclu;yukselis;yukari;1,65;2,18;0;30,42;0,66;145515378;26,51;AL;POZITIF;AL;POZITIF;ARTIYOR;SAT;SAT;NOTR;4;21.09.2026
AHGAZ;GUCLU AL;;95,0;34,7;30,0;30,3;18;0;guclu trend;29,3;67,1;60,1;yukari;guclu;yukselis;yukari;1,02;2,84;1;41,6;-0,38;324490067;37,30;AL;POZITIF;AL;POZITIF;ARTIYOR;AL;AL;NOTR;6;21.09.2026
BIMAS;GUCLU AL;;94,1;33,1;26,0;35,0;20;1;guclu trend;25,2;61,4;71,9;yukari;guclu;yukselis;yukari;1,49;2,24;2;433;3,16;6495790658;402,48;SAT;POZITIF;AL;POZITIF;ARTIYOR;AL;AL;NOTR;5;21.09.2026
TKFEN;GUCLU AL;;93,4;35,0;30,0;28,4;10;0;guclu trend;33,3;61,4;47,7;yukari;guclu;yukselis;yukari;1,16;2,40;2;239,3;-2,25;1610492111;203,20;AL;POZITIF;AL;POZITIF;ARTIYOR;AL;SAT;PAHALI (SAT);5;21.09.2026
TUPRS;izle;;92,3;35,0;24,1;33,2;48;2;guclu trend;34,5;64,6;52,9;yukari;guclu;yukselis;yukari;1,19;3,46;3;414,75;-0,60;14828932514;374,32;SAT;POZITIF;AL;POZITIF;ARTIYOR;AL;AL;NOTR;5;21.09.2026
BAHKM;izle;;90,3;35,0;30,0;25,3;42;3;guclu trend;41,2;65,0;70,3;yukari;guclu;yukselis;yukari;0,87;2,64;0;186,7;4,42;365726443;146,75;AL;POZITIF;AL;POZITIF;ARTIYOR;SAT;AL;NOTR;5;21.09.2026
BOSSA;GUCLU AL;EVET;88,5;25,6;29,5;33,4;0;0;zayif;21,1;61,1;80,1;yukari;guclu;yukselis;yukari;2,35;1,28;1;6,96;-0,71;59366385;6,19;AL;POZITIF;AL;POZITIF;ARTIYOR;AL;SAT;NOTR;5;21.09.2026
MPARK;AL;;87,7;28,1;28,1;31,6;8;0;ilimli;16,1;55,5;70,4;yukari;guclu;yukselis;yukari;1,11;0,68;2;439,25;0,57;281716062;411,23;AL;POZITIF;NOTR;POZITIF;AZALIYOR;AL;AL;NOTR;5;21.09.2026
AGHOL;GUCLU AL;;81,5;29,0;27,7;24,8;0;0;guclu trend;21,4;53,3;66,4;yukari;guclu;zayif;yukari;0,78;0,53;2;34,02;-0,12;150375612;31,63;AL;POZITIF;SAT;NEGATIF;ARTIYOR;SAT;SAT;NOTR;2;21.09.2026
RYGYO;izle;;80,2;27,0;26,0;27,2;0;0;guclu trend;30,6;61,8;60,0;asagi;guclu;yukselis;yukari;0,99;2,03;2;48;3,00;177933936;50,89;SAT;POZITIF;AL;POZITIF;ARTIYOR;AL;AL;NOTR;5;21.09.2026
DEVA;GUCLU AL;;79,7;35,0;24,2;20,5;10;0;guclu trend;42,8;56,3;60,7;yukari;guclu;yukselis;yukari;0,60;2,14;2;96,7;-2,42;55029069;91,73;SAT;POZITIF;AL;POZITIF;ARTIYOR;SAT;AL;NOTR;4;21.09.2026
DMLKT;GUCLU AL;;79,1;35,0;23,6;20,6;6;0;guclu trend;34,9;55,3;58,6;yukari;guclu;yukselis;yukari;0,96;1,96;3;6,95;-0,43;45967731;6,62;SAT;POZITIF;AL;NEGATIF;AZALIYOR;SAT;SAT;NOTR;2;21.09.2026
SOKM;AL;;78,1;28,9;25,5;23,8;22;2;ilimli;18,3;55,2;77,4;yukari;guclu;yukselis;yukari;0,66;1,27;2;58,6;-0,34;168041712;54,83;SAT;POZITIF;NOTR;POZITIF;ARTIYOR;SAT;AL;NOTR;3;21.09.2026
AYGAZ;izle;;77,1;35,0;21,4;20,6;40;4;guclu trend;35,0;47,2;59,2;yukari;guclu;yukselis;yukari;1,14;0,69;2;311,5;-3,93;483857000;299,67;SAT;NEGATIF;AL;NEGATIF;ARTIYOR;SAT;AL;NOTR;2;21.09.2026
TRENJ;izle;;76,9;28,8;24,5;23,6;50;5;ilimli;17,8;52,8;64,3;yukari;guclu;yukselis;yukari;1,21;0,87;4;105,5;3,03;189287784;98,12;SAT;POZITIF;NOTR;POZITIF;ARTIYOR;SAT;AL;NOTR;3;21.09.2026
TRCAS;GUCLU AL;EVET;76,2;29,3;24,2;22,7;10;1;guclu trend;21,2;52,4;60,3;yukari;guclu;yukselis;yukari;1,12;0,74;1;47,9;2,00;48749746;45,06;SAT;POZITIF;SAT;NEGATIF;ARTIYOR;SAT;SAT;NOTR;1;21.09.2026
ORGE;AL;;74,7;29,0;23,1;22,6;28;2;ilimli;19,3;49,1;40,0;yukari;guclu;yukselis;yukari;1,27;0,26;3;22,42;0,99;125929217;20,44;SAT;NEGATIF;NOTR;NEGATIF;ARTIYOR;SAT;AL;NOTR;1;21.09.2026
ALARK;izle;;73,0;21,8;20,1;31,1;16;1;guclu trend;25,5;46,6;67,2;asagi;guclu;zayif;yukari;1,35;-0,02;3;107,4;-0,37;668581647;117,47;SAT;NEGATIF;SAT;NEGATIF;ARTIYOR;SAT;AL;NOTR;1;21.09.2026
TAVHL;izle;;73,0;11,0;27,8;34,1;46;5;zayif;12,9;55,6;48,7;yukari;guclu;yukselis;yukari;1,38;0,58;3;279,25;1,09;1569100724;251,55;AL;POZITIF;NOTR;POZITIF;ARTIYOR;AL;AL;NOTR;5;21.09.2026
VAKBN;izle;;72,7;24,5;24,7;23,5;0;0;guclu trend;23,7;53,5;65,6;asagi;guclu;yukselis;yukari;0,82;0,94;2;34,36;3,81;2618052641;38,36;SAT;POZITIF;AL;POZITIF;ARTIYOR;SAT;AL;NOTR;4;21.09.2026
HALKB;AL;;72,6;32,4;24,1;16,0;10;1;guclu trend;23,4;56,5;38,1;yukari;guclu;yukselis;yukari;0,72;1,63;1;47,24;1,55;2319072492;44,37;SAT;POZITIF;AL;NEGATIF;AZALIYOR;SAT;AL;NOTR;3;21.09.2026
GMTAS;izle;;72,4;20,7;22,7;29,0;0;0;ilimli;17,4;49,7;62,5;asagi;guclu;zayif;yukari;2,96;0,08;1;46;10,00;513944108;50,60;SAT;NEGATIF;NOTR;NEGATIF;ARTIYOR;SAT;AL;NOTR;1;21.09.2026
KRDMD;izle;;72,2;21,1;24,7;26,4;46;4;guclu trend;20,3;53,5;47,4;asagi;guclu;yukselis;yukari;0,89;0,94;3;45,4;3,13;2177417369;48,15;SAT;POZITIF;SAT;POZITIF;ARTIYOR;SAT;AL;NOTR;3;21.09.2026
HUNER;izle;;71,9;29,1;21,9;20,9;46;5;guclu trend;20,3;50,0;58,0;yukari;guclu;yukselis;yukari;1,08;0,31;3;3,86;-0,52;258949196;3,50;SAT;POZITIF;SAT;NEGATIF;ARTIYOR;SAT;SAT;NOTR;1;21.09.2026
BMSTL;izle;;71,8;32,1;26,1;13,6;0;0;guclu trend;23,5;48,4;62,7;yukari;guclu;zayif;yukari;0,87;-0,03;0;45,1;-4,61;139738020;43,46;AL;NEGATIF;AL;POZITIF;AZALIYOR;SAT;SAT;NOTR;3;21.09.2026
ETILR;izle;;71,4;28,6;17,6;25,2;22;2;zayif;16,4;47,2;63,3;yukari;guclu;zayif;yukari;1,13;-0,24;2;5,8;4,50;56008263;5,30;SAT;NEGATIF;NOTR;NEGATIF;ARTIYOR;SAT;SAT;NOTR;0;21.09.2026
TOASO;AL;EVET;71,3;18,6;28,0;24,7;18;1;ilimli;18,7;55,9;64,7;yukari;guclu;yukselis;yukari;0,93;0,65;0;290;1,93;996922850;263,78;AL;POZITIF;NOTR;POZITIF;ARTIYOR;AL;AL;NOTR;5;21.09.2026
ZRGYO;izle;;70,9;14,6;23,5;32,9;40;4;zayif;20,1;50,8;36,5;yukari;guclu;yukselis;yukari;3,16;0,44;2;19,5;2,79;124520351;18,80;SAT;POZITIF;SAT;POZITIF;ARTIYOR;SAT;SAT;NOTR;2;21.09.2026
YKBNK;izle;;70,2;16,9;23,8;29,5;0;0;ilimli;18,7;53,6;54,6;asagi;guclu;yukselis;yukari;1,22;0,56;2;36,58;0,94;11839308569;37,23;SAT;POZITIF;NOTR;POZITIF;AZALIYOR;AL;AL;NOTR;4;21.09.2026
TRALT;izle;;70,0;20,5;23,1;26,4;10;1;ilimli;15,8;50,3;64,6;asagi;guclu;zayif;yukari;1,04;0,26;2;51,15;1,89;5187601338;56,70;SAT;POZITIF;NOTR;NEGATIF;ARTIYOR;SAT;AL;NOTR;2;21.09.2026
KCHOL;izle;;69,7;22,3;26,0;21,4;28;2;guclu trend;29,2;56,3;73,1;asagi;guclu;yukselis;yukari;1,01;1,54;3;222,3;3,54;7429666140;229,66;SAT;POZITIF;SAT;POZITIF;ARTIYOR;SAT;AL;NOTR;3;21.09.2026
KRGYO;izle;;68,9;22,4;22,7;23,7;10;1;guclu trend;41,1;51,6;54,5;asagi;guclu;yukselis;yukari;1,00;0,91;1;3,22;7,69;84336237;3,78;SAT;POZITIF;SAT;POZITIF;ARTIYOR;SAT;SAT;NOTR;2;21.09.2026
ASELS;izle;;67,2;21,0;22,1;24,0;0;0;zayif;19,7;48,0;39,8;asagi;guclu;zayif;yukari;1,05;-0,15;2;378;1,41;12656459466;413,49;SAT;NEGATIF;NOTR;NEGATIF;ARTIYOR;SAT;AL;NOTR;1;21.09.2026
KRPLS;AL;;65,8;35,0;22,8;8,0;28;2;guclu trend;41,6;52,4;63,8;yukari;guclu;yukselis;yukari;0,66;0,87;3;11,56;0,52;54855090;11,28;SAT;POZITIF;AL;NEGATIF;ARTIYOR;SAT;SAT;NOTR;2;21.09.2026
YKSLN;izle;;65,7;22,6;27,0;16,0;0;0;guclu trend;32,4;48,3;87,4;asagi;guclu;yukselis;yukari;0,02;0,22;0;3,35;-9,95;861667;4,31;AL;NEGATIF;AL;POZITIF;ARTIYOR;SAT;SAT;NOTR;3;21.09.2026
MARTI;izle;;64,8;27,0;21,8;16,0;0;0;guclu trend;54,6;47,7;82,6;asagi;guclu;yukselis;yukari;0,01;0,39;1;2,01;-9,87;2004161;2,74;SAT;NEGATIF;AL;NEGATIF;ARTIYOR;SAT;SAT;NOTR;1;21.09.2026
ALBRK;izle;;62,6;17,8;22,3;22,5;0;0;guclu trend;27,9;47,5;59,5;asagi;guclu;zayif;yukari;0,76;-0,10;2;8,53;-2,18;118795928;9,13;SAT;NEGATIF;SAT;NEGATIF;AZALIYOR;SAT;AL;NOTR;1;21.09.2026
CRFSA;izle;;62,3;22,4;23,6;16,2;50;4;guclu trend;35,0;47,9;37,9;asagi;guclu;yukselis;yukari;0,71;0,47;4;247,4;4,17;429402779;305,34;SAT;NEGATIF;SAT;NEGATIF;AZALIYOR;SAT;AL;NOTR;1;21.09.2026
CELHA;izle;;61,7;26,2;15,6;19,9;0;0;guclu trend;27,8;42,5;68,8;asagi;guclu;zayif;yukari;0,94;-0,07;0;24,4;-7,29;56349214;31,08;SAT;NEGATIF;AL;NEGATIF;ARTIYOR;SAT;SAT;NOTR;1;21.09.2026
ENJSA;izle;;61,4;27,6;18,4;15,4;32;3;zayif;21,5;45,4;48,3;yukari;guclu;zayif;asagi;0,79;-0,46;2;109;0,93;387767936;106,65;SAT;NEGATIF;SAT;NEGATIF;ARTIYOR;SAT;AL;NOTR;1;21.09.2026
GARAN;izle;;61,3;8,6;23,5;29,2;46;4;zayif;18,8;52,8;65,9;asagi;guclu;yukselis;yukari;1,02;0,41;3;133,1;2,46;5310582322;136,38;SAT;POZITIF;NOTR;NEGATIF;ARTIYOR;AL;AL;NOTR;3;21.09.2026
EBEBK;izle;;61,0;20,6;18,9;21,5;32;3;zayif;16,2;47,3;46,3;asagi;guclu;zayif;yukari;0,78;-0,23;2;80,9;0,43;42515215;87,54;SAT;NEGATIF;NOTR;POZITIF;AZALIYOR;SAT;AL;NOTR;2;21.09.2026
FLAP;AL;;60,5;31,0;21,3;8,1;0;0;guclu trend;36,0;49,5;58,0;yukari;guclu;yukselis;asagi;1,13;0,08;2;11,41;-2,89;19558440;10,92;SAT;NEGATIF;AL;POZITIF;ARTIYOR;SAT;SAT;NOTR;2;21.09.2026
UNLU;AL;EVET;60,5;15,8;30,0;14,7;16;0;zayif;32,0;67,8;44,2;yukari;guclu;yukselis;yukari;0,94;2,15;3;12,74;9,92;28747785;10,33;AL;POZITIF;AL;POZITIF;ARTIYOR;AL;AL;UCUZ (AL);6;21.09.2026
INVES;izle;;58,7;21,0;17,8;19,9;0;0;zayif;19,3;42,8;35,9;asagi;guclu;zayif;yukari;0,74;-0,07;2;748,5;-5,85;40860615;846,10;SAT;NEGATIF;NOTR;NEGATIF;ARTIYOR;SAT;SAT;NOTR;0;21.09.2026
OZSUB;izle;;57,8;21,0;23,2;13,5;10;1;ilimli;19,7;47,3;19,8;asagi;guclu;zayif;yukari;0,85;0,30;2;39,34;5,13;83615400;45,04;SAT;NEGATIF;NOTR;POZITIF;ARTIYOR;SAT;AL;NOTR;2;21.09.2026
BRSAN;izle;;56,7;21,9;23,3;11,6;6;0;guclu trend;25,9;46,7;39,1;asagi;guclu;yukselis;yukari;0,70;0,33;3;659;0,53;956250517;709,48;SAT;NEGATIF;SAT;NEGATIF;AZALIYOR;SAT;AL;NOTR;1;21.09.2026
TNZTP;izle;;55,7;20,8;22,9;12,0;32;3;ilimli;17,8;47,9;41,4;asagi;guclu;yukselis;yukari;0,86;0,18;1;28,82;6,74;119825000;32,10;SAT;NEGATIF;NOTR;NEGATIF;ARTIYOR;SAT;AL;NOTR;1;21.09.2026
TRHOL;izle;;55,6;22,4;17,2;16,0;0;0;guclu trend;57,7;43,0;96,6;asagi;guclu;yukselis;yukari;0,00;0,53;0;2955;-9,98;1146540;3775,96;SAT;NEGATIF;SAT;NEGATIF;ARTIYOR;SAT;SAT;PAHALI (SAT);0;21.09.2026
RYSAS;izle;;55,5;21,8;14,7;19,0;10;1;guclu trend;25,4;41,8;40,3;asagi;guclu;zayif;yukari;0,88;-0,45;1;24;-0,74;447544464;28,46;SAT;NEGATIF;SAT;NEGATIF;AZALIYOR;SAT;AL;NOTR;1;21.09.2026
TRMET;izle;;55,4;21,0;17,9;16,5;0;0;zayif;19,4;44,5;57,6;asagi;guclu;zayif;asagi;1,01;-0,41;2;129,7;-0,61;684139485;146,21;SAT;NEGATIF;NOTR;NEGATIF;ARTIYOR;SAT;AL;NOTR;1;21.09.2026
TURSG;izle;;54,7;7,6;24,7;22,4;0;0;zayif;16,0;50,6;64,0;asagi;guclu;zayif;asagi;1,54;-0,26;2;6,18;0,65;804506331;6,53;AL;POZITIF;NOTR;POZITIF;ARTIYOR;AL;AL;NOTR;5;21.09.2026
ISCTR;izle;;54,6;8,7;24,1;21,8;6;0;zayif;24,8;54,6;69,4;asagi;guclu;yukselis;yukari;0,74;0,68;3;13,56;2,26;8466443803;14,36;SAT;POZITIF;SAT;POZITIF;AZALIYOR;SAT;AL;NOTR;3;21.09.2026
AKBNK;izle;;54,3;11,6;23,9;18,8;38;3;zayif;19,1;53,7;51,0;asagi;guclu;yukselis;yukari;0,97;0,58;3;72,45;2,48;13949548575;74,93;SAT;POZITIF;NOTR;NEGATIF;AZALIYOR;AL;AL;NOTR;3;21.09.2026
PETKM;izle;;53,2;23,3;20,9;9,0;10;1;guclu trend;21,9;48,7;35,0;asagi;guclu;yukselis;yukari;0,76;0,16;2;21,3;-0,65;1827328683;25,34;SAT;NEGATIF;AL;NEGATIF;AZALIYOR;SAT;SAT;NOTR;1;21.09.2026
LOGO;izle;;52,4;8,6;27,0;16,8;10;1;zayif;16,1;52,0;53,8;yukari;guclu;yukselis;asagi;1,22;0,22;1;138,8;-3,28;111198787;121,32;AL;POZITIF;NOTR;POZITIF;ARTIYOR;AL;AL;NOTR;5;21.09.2026
AZTEK;izle;;52,0;10,4;23,5;18,0;10;0;zayif;33,5;54,8;66,3;yukari;guclu;zayif;asagi;6,32;-0,27;4;4;5,26;197130140;3,20;AL;POZITIF;SAT;POZITIF;ARTIYOR;AL;AL;NOTR;5;21.09.2026
GUBRF;izle;;51,3;15,5;17,8;18,0;22;2;zayif;29,8;43,9;52,7;asagi;guclu;zayif;asagi;1,16;-0,81;2;443,5;0,00;1850837262;485,59;SAT;NEGATIF;SAT;NEGATIF;AZALIYOR;SAT;AL;NOTR;1;21.09.2026
ALTIN;izle;;50,1;10,5;23,3;16,3;0;0;zayif;15,8;51,3;56,5;asagi;guclu;yukselis;asagi;0,79;0,35;1;74,55;-0,69;1059963008;77,86;SAT;POZITIF;NOTR;POZITIF;AZALIYOR;AL;AL;UCUZ (AL);4;21.09.2026
INDES;izle;;49,9;20,6;8,2;21,1;40;4;zayif;27,5;36,8;44,8;asagi;guclu;zayif;asagi;1,60;-1,34;2;10,5;0,10;113404211;11,79;SAT;NEGATIF;SAT;NEGATIF;ARTIYOR;SAT;AL;NOTR;1;21.09.2026
AGESA;izle;;49,9;21,1;18,5;10,2;6;0;zayif;27,8;44,4;54,0;asagi;guclu;zayif;asagi;0,97;-0,51;3;242;0,62;51597062;262,88;SAT;NEGATIF;SAT;NEGATIF;ARTIYOR;SAT;AL;NOTR;1;21.09.2026
MAVI;izle;;49,4;2,2;23,9;23,3;6;0;zayif;28,2;50,8;50,6;asagi;guclu;zayif;asagi;2,46;-0,41;3;37,4;6,92;681344374;38,42;AL;POZITIF;SAT;POZITIF;ARTIYOR;AL;AL;NOTR;5;21.09.2026
EFOR;izle;;48,8;15,2;12,8;20,8;0;0;zayif;11,9;44,0;51,3;asagi;zayif;zayif;yukari;0,97;-0,47;2;17,59;-9,33;1431082066;20,83;SAT;NEGATIF;NOTR;NEGATIF;ARTIYOR;SAT;SAT;NOTR;0;21.09.2026
ANSGR;izle;;48,6;8,1;24,4;16,2;0;0;zayif;18,8;49,9;60,0;asagi;guclu;zayif;asagi;1,08;-0,36;2;26,98;-0,44;137677564;28,02;AL;NEGATIF;NOTR;POZITIF;ARTIYOR;AL;AL;NOTR;4;21.09.2026
AKSGY;izle;;48,5;20,6;15,4;12,5;16;1;zayif;23,0;40,8;39,8;asagi;guclu;zayif;asagi;1,08;-0,84;3;9,49;2,37;56216672;10,14;SAT;NEGATIF;SAT;NEGATIF;ARTIYOR;SAT;AL;NOTR;1;21.09.2026
AVPGY;izle;;48,4;19,1;20,6;8,7;0;0;zayif;26,4;48,1;42,9;yukari;guclu;zayif;asagi;1,00;-0,16;2;54;-0,18;41021856;51,57;SAT;NEGATIF;AL;NEGATIF;ARTIYOR;SAT;SAT;NOTR;1;21.09.2026
ENKAI;izle;;47,4;5,9;20,5;21,0;6;0;zayif;24,1;48,3;48,8;asagi;guclu;zayif;asagi;1,14;-0,55;3;86,3;1,11;1497964332;92,02;SAT;NEGATIF;SAT;NEGATIF;ARTIYOR;SAT;AL;NOTR;1;21.09.2026
TRGYO;izle;;46,5;12,7;19,9;13,9;0;0;zayif;16,8;46,5;57,8;asagi;guclu;zayif;asagi;1,22;-0,56;2;92,9;1,20;130696272;96,70;SAT;NEGATIF;NOTR;NEGATIF;ARTIYOR;SAT;AL;NOTR;1;21.09.2026
AKFIS;izle;;46,1;21,4;9,9;14,8;6;0;guclu trend;22,7;39,9;40,6;asagi;zayif;zayif;yukari;1,11;-0,90;3;14,3;-6,78;305645755;17,46;SAT;NEGATIF;SAT;NEGATIF;ARTIYOR;SAT;AL;PAHALI (SAT);1;21.09.2026
EREGL;izle;;45,6;13,9;16,5;15,2;10;1;zayif;18,5;46,5;37,5;asagi;zayif;zayif;asagi;1,04;-0,82;2;37,38;2,64;6090446193;40,26;SAT;NEGATIF;NOTR;NEGATIF;ARTIYOR;SAT;AL;NOTR;1;21.09.2026
AEFES;izle;;44,7;9,0;22,6;13,2;0;0;zayif;23,3;49,9;74,6;asagi;guclu;zayif;asagi;0,84;-0,49;2;19,2;2,18;736634496;20,18;AL;NEGATIF;SAT;POZITIF;ARTIYOR;SAT;AL;NOTR;3;21.09.2026
TUKAS;izle;;44,7;1,3;21,4;21,9;10;1;zayif;21,8;51,6;49,8;asagi;guclu;zayif;asagi;3,40;-0,41;1;2,02;9,78;541877465;2,08;SAT;POZITIF;SAT;NEGATIF;ARTIYOR;SAT;AL;UCUZ (AL);2;21.09.2026
NETAS;izle;;44,3;22,4;13,9;8,0;6;0;guclu trend;38,3;40,2;61,6;asagi;guclu;zayif;yukari;0,57;-0,59;3;78;-4,24;96825144;100,85;SAT;NEGATIF;SAT;NEGATIF;ARTIYOR;SAT;SAT;NOTR;0;21.09.2026
MRGYO;izle;;44,1;18,3;17,9;8,0;0;0;zayif;44,9;44,8;80,1;asagi;guclu;yukselis;asagi;0,01;-0,35;0;1,56;-9,83;1764405;2,06;SAT;NEGATIF;AL;NEGATIF;ARTIYOR;SAT;SAT;NOTR;1;21.09.2026
MTRYO;izle;;44,0;1,1;24,9;18,0;24;1;zayif;20,1;52,3;59,9;asagi;guclu;zayif;asagi;3,05;-0,21;3;9;3,09;8297370;9,34;AL;POZITIF;SAT;POZITIF;ARTIYOR;AL;AL;NOTR;5;21.09.2026
ARDYZ;izle;;43,7;22,4;5,1;16,2;10;0;zayif;38,2;28,6;33,6;asagi;zayif;zayif;asagi;1,19;-2,68;4;62;0,98;394402398;74,79;SAT;NEGATIF;SAT;NEGATIF;ARTIYOR;SAT;AL;NOTR;1;21.09.2026
ISGYO;izle;;42,4;15,1;16,0;11,3;0;0;zayif;20,2;46,0;44,3;asagi;zayif;zayif;asagi;1,67;-0,60;1;24,1;4,06;80428665;25,73;SAT;NEGATIF;AL;POZITIF;ARTIYOR;AL;AL;NOTR;4;21.09.2026
CCOLA;izle;;41,9;14,2;22,2;5,4;0;0;zayif;21,1;49,2;54,9;asagi;guclu;zayif;asagi;0,84;-0,46;2;80,1;0,12;373967035;84,19;AL;NEGATIF;SAT;POZITIF;ARTIYOR;AL;AL;NOTR;4;21.09.2026
YGGYO;izle;;41,8;13,7;13,1;15,0;0;0;zayif;17,0;43,1;43,8;asagi;guclu;zayif;asagi;0,84;-1,16;1;215,2;-2,80;24621032;236,77;SAT;NEGATIF;NOTR;NEGATIF;AZALIYOR;SAT;AL;NOTR;1;21.09.2026
ANHYT;izle;;41,8;4,6;16,9;20,3;6;0;zayif;15,5;45,3;56,1;asagi;guclu;zayif;asagi;3,42;-0,70;3;103,3;5,41;342394358;112,43;SAT;NEGATIF;NOTR;NEGATIF;ARTIYOR;SAT;SAT;NOTR;0;21.09.2026
EKGYO;izle;;41,0;6,5;20,4;14,1;10;1;zayif;22,8;46,6;45,1;asagi;guclu;zayif;asagi;0,90;-0,59;2;19,2;1,00;3201595238;21,81;SAT;NEGATIF;SAT;NEGATIF;AZALIYOR;SAT;AL;NOTR;1;21.09.2026
BIGEN;izle;;41,0;21,9;3,1;16,0;0;0;guclu trend;26,0;35,2;74,6;asagi;zayif;zayif;yukari;0,01;-1,86;0;103,1;-9,96;4797243;143,47;SAT;NEGATIF;SAT;NEGATIF;AZALIYOR;SAT;SAT;PAHALI (SAT);0;21.09.2026
KGYO;izle;;40,8;20,8;12,1;8,0;10;1;zayif;17,7;40,6;35,7;asagi;guclu;zayif;asagi;0,41;-0,97;2;10,62;-9,92;80425143;13,39;SAT;NEGATIF;NOTR;NEGATIF;ARTIYOR;SAT;SAT;NOTR;0;21.09.2026
SAHOL;izle;;40,5;2,8;21,7;16,0;28;2;zayif;23,9;47,9;59,7;asagi;guclu;zayif;asagi;1,34;-0,34;3;90,55;2,84;4528590222;96,46;SAT;NEGATIF;SAT;NEGATIF;ARTIYOR;SAT;AL;NOTR;1;21.09.2026
FROTO;izle;;40,0;2,0;18,9;19,1;32;3;zayif;26,6;47,1;55,7;asagi;guclu;zayif;asagi;1,05;-0,97;2;77,85;2,43;1922785231;83,94;SAT;NEGATIF;SAT;NEGATIF;ARTIYOR;SAT;AL;UCUZ (AL);1;21.09.2026
OFSYM;izle;;40,0;22,7;15,4;1,9;20;1;zayif;37,9;42,3;39,3;yukari;guclu;zayif;asagi;0,49;-0,57;4;59,65;-2,05;53536770;58,06;SAT;NEGATIF;SAT;NEGATIF;ARTIYOR;SAT;AL;NOTR;1;21.09.2026
KRDMA;izle;;39,8;22,4;9,4;8,0;20;1;zayif;31,2;37,6;22,1;asagi;zayif;zayif;yukari;0,64;-1,19;4;43,98;-0,27;354285552;54,46;SAT;NEGATIF;SAT;NEGATIF;AZALIYOR;SAT;AL;NOTR;1;21.09.2026
LMKDC;izle;;39,5;1,5;19,5;18,5;20;1;zayif;22,9;45,7;50,8;asagi;zayif;zayif;asagi;1,63;-1,52;4;22,38;0,36;172861844;23,16;AL;NEGATIF;SAT;NEGATIF;ARTIYOR;AL;AL;UCUZ (AL);3;21.09.2026
OZATD;izle;;39,1;22,4;0,7;16,0;22;2;guclu trend;32,6;27,2;67,6;asagi;zayif;zayif;yukari;0,00;-2,30;2;3270;-9,98;281220;4156,76;SAT;NEGATIF;SAT;NEGATIF;ARTIYOR;SAT;SAT;PAHALI (SAT);0;21.09.2026
ISFIN;izle;;38,8;5,5;14,5;18,8;10;0;zayif;22,2;43,3;54,4;asagi;guclu;zayif;asagi;1,50;-1,12;4;18,85;1,89;53183710;19,51;SAT;NEGATIF;SAT;NEGATIF;ARTIYOR;AL;AL;NOTR;2;21.09.2026
PGSUS;izle;;38,8;0,6;23,1;15,1;0;0;zayif;16,3;48,9;70,3;asagi;guclu;zayif;asagi;1,00;-0,87;2;151,2;2,44;1797682874;158,55;AL;NEGATIF;NOTR;POZITIF;ARTIYOR;SAT;AL;UCUZ (AL);3;21.09.2026
TCELL;izle;;37,1;1,6;22,5;13,0;0;0;zayif;24,0;48,1;69,4;asagi;guclu;zayif;asagi;0,72;-0,76;2;99,9;2,78;2635206755;105,37;AL;NEGATIF;SAT;POZITIF;ARTIYOR;SAT;AL;NOTR;3;21.09.2026
EGGUB;izle;;36,7;11,2;11,1;14,3;0;0;zayif;21,0;39,9;46,4;asagi;guclu;zayif;asagi;0,88;-1,21;2;99;-2,46;54516132;112,63;SAT;NEGATIF;SAT;NEGATIF;ARTIYOR;SAT;SAT;NOTR;0;21.09.2026
TUCLK;izle;;36,6;2,2;14,0;20,4;6;0;zayif;28,0;43,3;53,1;asagi;zayif;zayif;asagi;1,60;-1,00;3;3,66;7,33;70840138;4,11;SAT;NEGATIF;SAT;NEGATIF;ARTIYOR;SAT;AL;UCUZ (AL);1;21.09.2026
MGROS;izle;;35,5;2,4;17,6;15,5;6;0;zayif;37,2;46,7;67,8;asagi;zayif;zayif;asagi;1,15;-1,79;3;538;2,48;2104036762;553,46;AL;NEGATIF;SAT;POZITIF;ARTIYOR;AL;AL;NOTR;4;21.09.2026
DOCO;izle;;35,3;9,9;11,0;14,4;32;2;zayif;20,8;36,9;21,6;asagi;zayif;zayif;asagi;1,72;-1,49;4;10630;1,75;80841150;11429,62;SAT;NEGATIF;SAT;NEGATIF;ARTIYOR;SAT;AL;NOTR;1;21.09.2026
AVGYO;izle;;35,2;20,4;14,9;0,0;40;5;zayif;14,8;44,6;46,4;asagi;guclu;zayif;asagi;0,70;-0,46;2;15,18;-7,55;19866127;18,21;SAT;NEGATIF;NOTR;NEGATIF;ARTIYOR;SAT;SAT;NOTR;0;21.09.2026
ISMEN;izle;;35,1;9,2;17,4;8,5;0;0;zayif;21,2;46,8;53,5;yukari;guclu;zayif;asagi;0,89;-0,81;2;33,66;-0,06;242284377;32,52;SAT;NEGATIF;SAT;NEGATIF;AZALIYOR;SAT;AL;UCUZ (AL);1;21.09.2026
KERVN;izle;;35,1;22,1;3,0;10,0;22;2;zayif;27,5;35,0;31,4;asagi;zayif;zayif;asagi;1,30;-2,70;1;6,95;2,96;12395999;8,63;SAT;NEGATIF;SAT;NEGATIF;ARTIYOR;SAT;SAT;NOTR;0;21.09.2026
SKYMD;izle;;34,6;24,3;10,3;0,0;16;1;zayif;27,3;40,0;64,6;yukari;zayif;zayif;asagi;0,65;-0,90;3;14,12;-3,95;34512005;14,07;SAT;NEGATIF;SAT;NEGATIF;AZALIYOR;SAT;SAT;NOTR;0;21.09.2026
SONME;izle;;34,3;19,8;9,9;4,6;6;0;zayif;29,6;36,1;32,2;yukari;guclu;zayif;asagi;0,98;-1,01;3;126,6;-2,31;4441001;126,44;SAT;NEGATIF;AL;NEGATIF;AZALIYOR;SAT;AL;NOTR;2;21.09.2026
ATLAS;izle;;34,0;1,6;14,4;18,0;0;0;zayif;23,7;44,2;56,0;asagi;zayif;zayif;asagi;2,28;-1,23;0;6,04;-3,05;16099342;7,36;AL;NEGATIF;SAT;POZITIF;ARTIYOR;SAT;SAT;NOTR;2;21.09.2026
LIDFA;izle;;33,3;0,7;14,5;18,1;10;0;zayif;17,2;46,3;54,2;asagi;zayif;zayif;asagi;2,05;-1,27;4;1,65;2,48;60023766;1,70;SAT;NEGATIF;NOTR;NEGATIF;ARTIYOR;AL;AL;NOTR;2;21.09.2026
KRTEK;izle;;32,7;8,6;12,4;11,8;0;0;zayif;16,2;39,5;63,5;yukari;zayif;zayif;asagi;0,93;-1,76;2;5,2;-3,35;3390338;5,00;AL;NEGATIF;NOTR;POZITIF;ARTIYOR;SAT;SAT;UCUZ (AL);2;21.09.2026
EUKYO;izle;;32,4;22,4;1,9;8,0;0;0;zayif;43,3;27,6;58,1;asagi;zayif;zayif;asagi;0,30;-2,15;1;11,26;-9,99;2863418;13,73;SAT;NEGATIF;SAT;NEGATIF;ARTIYOR;SAT;SAT;NOTR;0;21.09.2026
TTKOM;izle;;32,2;0,8;19,9;11,5;0;0;zayif;18,1;48,6;63,6;asagi;guclu;zayif;asagi;0,77;-0,64;1;53,4;1,81;1810115500;59,69;SAT;NEGATIF;NOTR;POZITIF;AZALIYOR;SAT;AL;NOTR;2;21.09.2026
GLYHO;izle;;32,0;11,2;9,6;11,1;50;4;zayif;22,6;38,4;31,8;asagi;zayif;zayif;asagi;1,55;-1,79;4;15,52;1,24;81573073;16,97;SAT;NEGATIF;SAT;NEGATIF;ARTIYOR;SAT;AL;NOTR;1;21.09.2026
KARSN;izle;;31,9;12,4;3,4;16,1;0;0;zayif;35,3;36,4;69,1;asagi;zayif;zayif;asagi;1,18;-2,21;0;9,15;-3,48;592311141;12,37;SAT;NEGATIF;SAT;NEGATIF;AZALIYOR;SAT;SAT;NOTR;0;21.09.2026
EUPWR;izle;;31,6;7,2;7,6;16,9;10;1;zayif;35,4;36,9;40,9;asagi;zayif;zayif;asagi;1,23;-2,63;2;64,5;3,45;2155007952;76,39;SAT;NEGATIF;SAT;NEGATIF;ARTIYOR;SAT;AL;NOTR;1;21.09.2026
ARMGD;izle;;31,1;14,6;4,4;12,1;0;0;zayif;24,1;34,6;49,8;asagi;zayif;zayif;asagi;0,94;-2,24;2;149,8;-5,96;211236875;198,94;SAT;NEGATIF;SAT;NEGATIF;ARTIYOR;SAT;SAT;NOTR;0;21.09.2026
SELEC;izle;;31,0;22,4;0,5;8,0;0;0;zayif;42,5;26,8;67,7;asagi;zayif;zayif;asagi;0,00;-3,61;0;191,7;-9,96;1435833;259,94;SAT;NEGATIF;SAT;NEGATIF;AZALIYOR;SAT;SAT;NOTR;0;21.09.2026
OYAKC;izle;;30,8;1,9;13,2;15,6;6;0;zayif;26,3;41,4;50,9;asagi;guclu;zayif;asagi;0,92;-1,33;3;20,36;0,79;342254674;22,37;SAT;NEGATIF;SAT;NEGATIF;ARTIYOR;SAT;AL;NOTR;1;21.09.2026
ANELE;izle;;30,6;22,4;0,2;8,0;0;0;zayif;35,6;25,6;23,6;asagi;zayif;zayif;asagi;0,00;-3,63;0;94,6;-9,99;136413;136,80;SAT;NEGATIF;SAT;NEGATIF;AZALIYOR;SAT;SAT;PAHALI (SAT);0;21.09.2026
IEYHO;izle;;30,4;22,4;0,0;8,0;0;0;zayif;75,2;24,0;99,1;asagi;zayif;zayif;asagi;0,00;-4,27;0;151;-9,96;695657;178,86;SAT;NEGATIF;SAT;NEGATIF;ARTIYOR;SAT;SAT;PAHALI (SAT);0;21.09.2026
BASGZ;izle;;30,4;1,7;7,8;20,9;22;2;zayif;24,4;37,1;43,8;asagi;zayif;zayif;asagi;1,42;-1,89;2;41,66;0,10;19228965;45,41;SAT;NEGATIF;SAT;NEGATIF;ARTIYOR;SAT;AL;NOTR;1;21.09.2026
ASTOR;izle;;30,2;15,3;7,8;7,1;38;3;zayif;28,6;37,7;34,1;asagi;zayif;zayif;asagi;1,13;-2,18;3;261,75;5,54;10868841563;300,62;SAT;NEGATIF;SAT;NEGATIF;ARTIYOR;SAT;AL;NOTR;1;21.09.2026
DMRGD;izle;;30,1;14,2;7,9;8,0;0;0;zayif;20,7;39,9;67,9;asagi;zayif;zayif;asagi;0,53;-1,29;0;10,03;-9,96;243867835;11,92;SAT;NEGATIF;SAT;NEGATIF;ARTIYOR;AL;SAT;PAHALI (SAT);1;21.09.2026
ALKLC;izle;;30,0;21,3;0,8;8,0;0;0;zayif;59,5;27,5;97,5;asagi;zayif;zayif;asagi;0,00;-3,60;0;341,5;-9,95;536497;418,47;SAT;NEGATIF;SAT;NEGATIF;ARTIYOR;SAT;SAT;NOTR;0;21.09.2026
KLYPV;izle;;29,2;1,8;9,4;18,0;10;0;zayif;25,3;39,3;25,8;asagi;zayif;zayif;asagi;1,40;-1,16;4;57;1,15;221160969;63,79;SAT;NEGATIF;SAT;NEGATIF;ARTIYOR;SAT;AL;NOTR;1;21.09.2026
HURGZ;izle;;28,8;11,1;4,8;12,9;10;1;zayif;20,2;36,1;53,4;asagi;zayif;zayif;asagi;1,00;-1,64;2;6,49;-2,99;51850797;8,11;SAT;NEGATIF;SAT;NEGATIF;ARTIYOR;SAT;SAT;NOTR;0;21.09.2026
CLEBI;izle;;28,5;1,1;14,1;13,3;10;0;zayif;19,9;44,4;45,6;asagi;guclu;zayif;asagi;1,72;-1,70;4;1418;2,38;56667534;1485,54;SAT;NEGATIF;NOTR;NEGATIF;ARTIYOR;SAT;AL;NOTR;1;21.09.2026
SANKO;izle;;28,2;7,0;7,7;13,4;6;0;zayif;34,4;36,0;68,0;asagi;zayif;zayif;asagi;1,03;-1,83;3;18,05;-5,10;9920785;21,33;SAT;NEGATIF;AL;NEGATIF;ARTIYOR;SAT;SAT;NOTR;1;21.09.2026
RGYAS;izle;;28,2;13,9;10,0;4,3;46;4;zayif;26,8;35,4;24,4;asagi;zayif;zayif;asagi;0,52;-1,58;3;190,4;0,00;264202658;206,64;SAT;NEGATIF;SAT;NEGATIF;ARTIYOR;SAT;AL;NOTR;1;21.09.2026
AKSA;izle;;27,8;12,7;14,6;0,5;0;0;zayif;24,3;42,4;59,0;yukari;zayif;zayif;asagi;0,60;-1,61;1;10,75;-0,92;117682755;10,52;AL;NEGATIF;SAT;NEGATIF;AZALIYOR;SAT;AL;NOTR;2;21.09.2026
AKSEN;izle;;27,7;5,4;5,3;17,0;0;0;zayif;30,0;29,2;35,4;asagi;zayif;zayif;asagi;1,24;-3,57;2;67,2;2,36;612710851;77,56;SAT;NEGATIF;SAT;NEGATIF;ARTIYOR;SAT;AL;NOTR;1;21.09.2026
ZOREN;izle;;27,3;10,4;8,8;8,0;0;0;zayif;38,1;39,1;46,5;yukari;zayif;zayif;asagi;0,62;-1,70;1;2,23;-2,62;145243499;2,20;SAT;NEGATIF;SAT;NEGATIF;ARTIYOR;SAT;SAT;UCUZ (AL);0;21.09.2026
USHOL;izle;;27,2;10,5;8,2;8,5;40;4;zayif;25,8;39,0;37,8;asagi;zayif;zayif;asagi;1,21;-1,71;1;66,2;6,77;47805337;76,85;SAT;NEGATIF;SAT;NEGATIF;ARTIYOR;SAT;AL;NOTR;1;21.09.2026
EPLAS;izle;;27,2;11,6;12,5;3,0;10;1;zayif;28,9;43,4;22,8;asagi;zayif;zayif;asagi;0,88;-0,95;2;5,39;-3,58;32570212;6,67;SAT;NEGATIF;AL;NEGATIF;ARTIYOR;SAT;SAT;NOTR;1;21.09.2026
ATATP;izle;;27,0;22,4;4,6;0,0;32;2;guclu trend;30,1;35,3;28,7;asagi;zayif;zayif;asagi;0,57;-1,23;4;244,5;-2,20;146294619;298,63;SAT;NEGATIF;SAT;NEGATIF;ARTIYOR;SAT;AL;NOTR;1;21.09.2026
TTRAK;izle;;27,0;1,8;10,5;14,7;10;0;zayif;25,4;39,6;30,3;asagi;guclu;zayif;asagi;1,83;-1,60;4;406;-4,97;74824582;443,90;SAT;NEGATIF;SAT;NEGATIF;ARTIYOR;SAT;AL;UCUZ (AL);1;21.09.2026
ARASE;izle;;26,8;12,1;4,3;10,4;50;4;zayif;25,5;36,2;46,4;asagi;zayif;zayif;asagi;1,33;-2,04;4;104,6;-2,33;42805249;122,24;SAT;NEGATIF;SAT;NEGATIF;ARTIYOR;SAT;AL;NOTR;1;21.09.2026
GEDIK;izle;;26,6;1,8;6,8;18,0;0;0;zayif;25,1;34,3;61,9;asagi;zayif;zayif;asagi;4,43;-2,70;2;5,33;1,52;185247769;5,68;SAT;NEGATIF;SAT;NEGATIF;ARTIYOR;AL;AL;NOTR;2;21.09.2026
KONYA;izle;;26,0;7,4;8,1;10,4;10;1;zayif;31,4;37,4;56,8;asagi;zayif;zayif;asagi;1,79;-1,52;2;3572,5;-7,27;145350735;4327,38;SAT;NEGATIF;SAT;NEGATIF;ARTIYOR;SAT;SAT;UCUZ (AL);0;21.09.2026
TSKB;izle;;25,9;0,9;16,8;8,2;10;1;zayif;18,9;45,6;48,2;asagi;guclu;zayif;asagi;0,93;-0,94;2;10,85;-0,18;223228811;11,64;SAT;NEGATIF;NOTR;NEGATIF;AZALIYOR;SAT;AL;NOTR;1;21.09.2026
KLSYN;izle;;25,9;22,4;3,4;0,0;0;0;zayif;30,8;32,8;63,2;asagi;zayif;zayif;asagi;0,46;-1,44;1;13,4;-1,47;23391388;16,20;SAT;NEGATIF;SAT;NEGATIF;ARTIYOR;SAT;SAT;NOTR;0;21.09.2026
LILAK;izle;;25,4;1,0;6,4;18,0;28;2;zayif;19,5;33,0;62,5;asagi;zayif;zayif;asagi;1,38;-2,87;3;26,1;-0,76;116753730;28,71;SAT;NEGATIF;NOTR;NEGATIF;ARTIYOR;SAT;AL;NOTR;1;21.09.2026
THYAO;izle;;25,3;1,5;17,1;6,7;6;0;zayif;23,2;47,0;49,3;asagi;guclu;zayif;asagi;1,02;-1,01;3;293,5;2,80;15259477661;301,24;SAT;NEGATIF;SAT;NEGATIF;ARTIYOR;AL;AL;NOTR;2;21.09.2026
NTGAZ;izle;;25,1;4,6;9,7;10,8;38;3;zayif;23,6;39,8;36,6;asagi;guclu;zayif;asagi;1,11;-1,52;3;10,6;-0,19;41741189;11,69;SAT;NEGATIF;SAT;NEGATIF;ARTIYOR;SAT;AL;NOTR;1;21.09.2026
OZKGY;izle;;24,8;1,9;5,9;17,1;10;0;zayif;25,8;34,9;26,8;asagi;zayif;zayif;asagi;1,24;-2,37;4;12,06;0,58;51369425;13,15;SAT;NEGATIF;SAT;NEGATIF;ARTIYOR;SAT;AL;NOTR;1;21.09.2026
ALCAR;izle;;24,3;1,1;6,7;16,6;0;0;zayif;19,9;37,7;62,7;asagi;zayif;zayif;asagi;1,21;-1,97;2;649;-4,49;39712310;764,75;SAT;NEGATIF;NOTR;NEGATIF;ARTIYOR;SAT;SAT;UCUZ (AL);0;21.09.2026
BJKAS;izle;;24,3;11,9;4,4;8,0;0;0;zayif;25,9;37,3;60,0;asagi;zayif;zayif;asagi;0,04;-1,84;1;1,73;-9,90;30658958;2,41;SAT;NEGATIF;SAT;NEGATIF;AZALIYOR;SAT;SAT;NOTR;0;21.09.2026
TDGYO;izle;;23,8;12,0;3,8;8,0;0;0;zayif;31,5;33,2;68,5;asagi;zayif;zayif;asagi;0,07;-2,48;1;13,45;-9,97;1652064;18,02;SAT;NEGATIF;AL;NEGATIF;ARTIYOR;SAT;SAT;UCUZ (AL);1;21.09.2026
ISBTR;izle;;23,7;3,8;1,9;18,0;32;3;zayif;18,1;31,2;31,1;asagi;zayif;zayif;asagi;2,18;-3,27;1;446500;0,34;4911500;484154,37;SAT;NEGATIF;NOTR;NEGATIF;AZALIYOR;SAT;AL;NOTR;1;21.09.2026
TARKM;izle;;23,6;11,9;1,7;10,0;6;0;zayif;25,9;29,8;34,4;asagi;zayif;zayif;asagi;1,66;-2,69;3;417;-7,28;147087993;510,78;SAT;NEGATIF;SAT;NEGATIF;ARTIYOR;SAT;AL;NOTR;1;21.09.2026
GESAN;izle;;23,4;5,4;4,0;14,0;10;1;zayif;39,5;20,7;13,0;asagi;zayif;zayif;asagi;1,49;-5,29;1;45,54;-5,83;1450670825;60,43;SAT;NEGATIF;SAT;NEGATIF;AZALIYOR;SAT;SAT;NOTR;0;21.09.2026
GLRMK;izle;;23,4;2,0;3,4;18,0;32;3;zayif;26,3;33,0;33,8;asagi;zayif;zayif;asagi;1,72;-2,37;2;140,4;0,29;1382241370;167,95;SAT;NEGATIF;SAT;NEGATIF;ARTIYOR;SAT;SAT;NOTR;0;21.09.2026
IHGZT;izle;;23,3;2,0;3,3;18,0;0;0;zayif;26,7;30,7;68,3;asagi;zayif;zayif;asagi;1,54;-3,01;1;1,05;-2,78;49700213;1,24;SAT;NEGATIF;SAT;NEGATIF;ARTIYOR;SAT;SAT;UCUZ (AL);0;21.09.2026
EYGYO;izle;;22,6;1,5;3,1;18,0;0;0;zayif;23,0;33,4;37,8;asagi;zayif;zayif;asagi;2,27;-2,08;2;2,22;1,37;40388320;2,62;SAT;NEGATIF;SAT;NEGATIF;ARTIYOR;SAT;AL;UCUZ (AL);1;21.09.2026
OTKAR;izle;;22,1;8,5;11,0;2,6;10;0;zayif;15,6;41,4;36,1;yukari;guclu;zayif;asagi;0,86;-1,70;5;302;-0,90;89774332;298,05;SAT;NEGATIF;NOTR;NEGATIF;ARTIYOR;SAT;AL;UCUZ (AL);1;21.09.2026
SNPAM;izle;;22,0;0,6;9,6;11,8;10;1;zayif;16,6;36,7;38,1;asagi;zayif;zayif;asagi;1,70;-2,84;2;18,34;-1,03;1515709;20,00;SAT;NEGATIF;NOTR;NEGATIF;AZALIYOR;SAT;AL;UCUZ (AL);1;21.09.2026
TEHOL;izle;;21,9;13,0;0,9;8,0;10;1;zayif;34,4;27,5;78,8;asagi;zayif;zayif;asagi;0,00;-4,00;1;31,4;-9,98;1204724;40,26;SAT;NEGATIF;SAT;NEGATIF;ARTIYOR;SAT;SAT;NOTR;0;21.09.2026
BANVT;izle;;21,8;0,5;3,3;18,0;0;0;zayif;15,9;29,8;47,8;asagi;zayif;zayif;asagi;1,58;-2,89;2;137,7;-3,37;26131742;154,95;SAT;NEGATIF;NOTR;NEGATIF;ARTIYOR;SAT;AL;NOTR;1;21.09.2026
TBORG;izle;;21,6;1,7;11,9;8,0;0;0;zayif;24,5;40,4;11,7;asagi;zayif;zayif;asagi;0,64;-1,46;1;130,5;0,85;22210578;143,54;SAT;NEGATIF;SAT;NEGATIF;ARTIYOR;SAT;AL;UCUZ (AL);1;21.09.2026
ULKER;izle;;21,6;1,7;10,7;9,1;42;3;zayif;24,6;41,8;50,7;asagi;guclu;zayif;asagi;1,10;-2,01;4;87,2;-0,34;600152169;95,05;SAT;NEGATIF;SAT;NEGATIF;ARTIYOR;SAT;AL;UCUZ (AL);1;21.09.2026
VESTL;izle;;21,5;12,0;9,5;0,0;0;0;zayif;32,7;39,7;67,6;asagi;zayif;zayif;asagi;0,60;-1,19;2;22,3;-4,37;222796802;27,60;SAT;NEGATIF;AL;NEGATIF;AZALIYOR;SAT;SAT;UCUZ (AL);1;21.09.2026
MERIT;izle;;21,4;0,5;3,6;17,3;16;1;zayif;15,4;31,3;45,6;asagi;zayif;zayif;asagi;1,26;-2,83;3;14,46;0,21;33293615;15,90;SAT;NEGATIF;NOTR;NEGATIF;ARTIYOR;SAT;SAT;UCUZ (AL);0;21.09.2026
DOHOL;izle;;21,2;3,9;6,2;11,1;10;0;zayif;18,5;34,6;30,5;asagi;zayif;zayif;asagi;1,15;-2,00;5;19,84;-1,78;307137366;22,13;SAT;NEGATIF;NOTR;NEGATIF;ARTIYOR;SAT;AL;NOTR;1;21.09.2026
CATES;izle;;21,1;12,4;0,6;8,0;0;0;zayif;35,0;27,1;33,1;asagi;zayif;zayif;asagi;0,03;-3,03;2;41,38;-9,97;3346483;56,41;SAT;NEGATIF;SAT;NEGATIF;AZALIYOR;SAT;SAT;NOTR;0;21.09.2026
EGPRO;izle;;21,0;8,5;8,9;3,6;10;0;zayif;23,8;41,3;36,9;asagi;zayif;zayif;asagi;0,91;-1,41;4;33,88;1,50;50792557;39,72;SAT;NEGATIF;SAT;NEGATIF;ARTIYOR;SAT;AL;NOTR;1;21.09.2026
VKGYO;izle;;21,0;2,0;3,9;15,1;0;0;zayif;26,7;33,4;38,5;asagi;zayif;zayif;asagi;1,12;-3,15;2;1,76;1,73;56892465;1,91;SAT;NEGATIF;SAT;NEGATIF;ARTIYOR;SAT;AL;NOTR;1;21.09.2026
OZYSR;izle;;20,8;5,0;5,8;10,0;6;0;zayif;26,9;37,9;39,6;asagi;zayif;zayif;asagi;2,08;-1,84;3;10,87;-1,54;68864157;12,85;SAT;NEGATIF;SAT;NEGATIF;ARTIYOR;SAT;SAT;NOTR;0;21.09.2026
SURGY;izle;;20,4;2,4;8,0;10,0;6;0;zayif;44,2;13,0;35,1;asagi;zayif;zayif;asagi;1,33;-8,61;3;23,86;-5,32;108908803;30,39;AL;NEGATIF;SAT;NEGATIF;ARTIYOR;SAT;SAT;UCUZ (AL);1;21.09.2026
TABGD;izle;;20,4;0,9;10,5;9,0;0;0;zayif;18,5;39,0;48,6;asagi;zayif;zayif;asagi;0,85;-1,76;2;226,4;-1,57;139408517;247,65;SAT;NEGATIF;NOTR;NEGATIF;AZALIYOR;AL;AL;NOTR;2;21.09.2026
SISE;izle;;20,4;1,5;17,0;1,9;16;1;zayif;23,3;46,9;64,1;asagi;guclu;zayif;asagi;0,64;-0,76;3;40,36;1,87;2356896705;45,53;SAT;NEGATIF;SAT;NEGATIF;AZALIYOR;SAT;AL;NOTR;1;21.09.2026
ESCOM;izle;;20,4;4,8;5,5;10,0;32;3;zayif;25,5;30,1;29,6;asagi;zayif;zayif;asagi;1,55;-3,18;1;4,58;1,78;126347407;5,11;SAT;NEGATIF;SAT;NEGATIF;ARTIYOR;SAT;AL;NOTR;1;21.09.2026
PCILT;izle;;20,3;8,4;10,3;1,6;6;0;zayif;13,9;40,7;27,6;asagi;zayif;zayif;asagi;0,80;-1,32;3;29,64;-0,40;46488384;33,97;SAT;NEGATIF;NOTR;NEGATIF;ARTIYOR;SAT;AL;NOTR;1;21.09.2026
MRSHL;izle;;20,2;12,1;6,3;1,8;0;0;zayif;20,3;37,9;40,2;yukari;zayif;zayif;asagi;0,81;-1,78;2;1485;-3,82;45250920;1462,12;SAT;NEGATIF;SAT;NEGATIF;ARTIYOR;SAT;SAT;NOTR;0;21.09.2026
MANAS;izle;;20,1;12,1;0,0;8,0;0;0;zayif;27,7;22,4;60,7;asagi;zayif;zayif;asagi;0,00;-4,03;1;21,96;-10,00;610466;29,62;SAT;NEGATIF;SAT;NEGATIF;ARTIYOR;SAT;SAT;NOTR;0;21.09.2026
ATSYH;izle;;19,7;17,0;2,7;0,0;16;1;zayif;16,5;33,9;36,0;asagi;zayif;zayif;asagi;0,67;-3,29;3;91,55;-9,98;2396230;112,49;SAT;NEGATIF;NOTR;NEGATIF;ARTIYOR;SAT;AL;NOTR;1;21.09.2026
BUCIM;izle;;19,5;2,4;5,0;12,0;10;0;zayif;33,1;32,7;35,1;asagi;zayif;zayif;asagi;1,32;-2,52;4;5,04;-0,20;33817513;5,55;SAT;NEGATIF;SAT;NEGATIF;ARTIYOR;SAT;AL;UCUZ (AL);1;21.09.2026
YEOTK;izle;;19,5;4,1;5,4;10,0;10;0;zayif;19,9;34,4;39,1;asagi;zayif;zayif;asagi;1,60;-2,71;5;29,52;-1,40;807245448;35,85;SAT;NEGATIF;NOTR;NEGATIF;ARTIYOR;SAT;SAT;NOTR;0;21.09.2026
VBTYZ;izle;;19,5;17,9;1,3;0,4;46;5;zayif;31,2;29,2;14,4;asagi;zayif;zayif;asagi;0,72;-2,60;3;27,72;-3,75;43920372;33,71;SAT;NEGATIF;SAT;NEGATIF;ARTIYOR;SAT;AL;NOTR;1;21.09.2026
ARSAN;izle;;19,4;12,2;6,3;0,9;0;0;zayif;26,3;36,7;38,8;asagi;zayif;zayif;asagi;0,75;-1,46;2;3,43;-4,46;70449929;4,10;SAT;NEGATIF;SAT;NEGATIF;ARTIYOR;SAT;SAT;NOTR;0;21.09.2026
BAGFS;izle;;19,4;2,4;5,4;11,6;10;1;zayif;33,1;34,9;48,2;asagi;zayif;zayif;asagi;0,91;-2,04;2;23,56;-3,44;22503499;27,85;SAT;NEGATIF;SAT;NEGATIF;ARTIYOR;SAT;SAT;NOTR;0;21.09.2026
AKENR;izle;;19,2;1,2;2,7;15,3;10;1;zayif;21,0;29,7;48,7;asagi;zayif;zayif;asagi;1,14;-3,12;2;9,06;-2,79;79422316;10,35;SAT;NEGATIF;SAT;NEGATIF;ARTIYOR;SAT;SAT;NOTR;0;21.09.2026
KZGYO;izle;;19,1;7,4;3,7;8,0;0;0;zayif;34,9;35,6;72,8;asagi;zayif;zayif;asagi;0,04;-2,32;1;18,24;-9,97;3583649;24,47;SAT;NEGATIF;SAT;NEGATIF;ARTIYOR;SAT;SAT;NOTR;0;21.09.2026
FONET;izle;;19,1;5,4;4,1;9,6;28;2;zayif;36,0;25,2;26,0;asagi;zayif;zayif;asagi;1,28;-3,44;3;4,08;0,49;83653280;4,63;SAT;NEGATIF;SAT;NEGATIF;ARTIYOR;SAT;AL;NOTR;1;21.09.2026
GSDDE;izle;;19,0;10,9;8,2;0,0;0;0;zayif;19,3;39,5;37,7;asagi;zayif;zayif;asagi;0,69;-1,23;1;12,2;-4,31;41163044;14,87;SAT;NEGATIF;NOTR;NEGATIF;ARTIYOR;SAT;SAT;NOTR;0;21.09.2026
JANTS;izle;;18,9;7,0;11,9;0,0;46;4;zayif;38,7;41,9;32,5;asagi;guclu;zayif;asagi;0,60;-1,18;3;14,85;-1,66;41928559;17,03;SAT;NEGATIF;AL;NEGATIF;ARTIYOR;SAT;SAT;UCUZ (AL);1;21.09.2026
ECOGR;izle;;18,8;3,6;4,4;10,7;16;1;zayif;16,5;32,2;64,5;asagi;zayif;zayif;asagi;0,86;-2,62;3;30,44;-8,48;163051921;38,32;SAT;NEGATIF;NOTR;NEGATIF;ARTIYOR;SAT;SAT;NOTR;0;21.09.2026
INVEO;izle;;18,4;1,0;7,4;10,0;6;0;zayif;19,4;36,2;59,1;asagi;zayif;zayif;asagi;2,93;-2,19;3;6,36;-0,31;94470041;6,92;SAT;NEGATIF;NOTR;NEGATIF;ARTIYOR;AL;AL;UCUZ (AL);2;21.09.2026
TEZOL;izle;;18,4;2,4;8,0;7,9;10;0;zayif;38,2;22,1;28,0;asagi;zayif;zayif;asagi;1,17;-7,10;5;7,82;-3,58;37570502;8,97;AL;NEGATIF;SAT;NEGATIF;ARTIYOR;SAT;SAT;UCUZ (AL);1;21.09.2026
IHLAS;izle;;18,3;2,4;6,7;9,2;6;0;zayif;31,2;39,4;30,5;asagi;zayif;zayif;asagi;1,25;-2,37;3;0,97;-3,00;172645279;1,16;SAT;NEGATIF;SAT;NEGATIF;ARTIYOR;SAT;SAT;UCUZ (AL);0;21.09.2026
BALSU;izle;;18,0;2,4;5,6;10,0;6;0;zayif;34,4;30,3;52,0;asagi;zayif;zayif;asagi;2,18;-5,24;3;6,88;9,90;894147951;8,50;SAT;NEGATIF;SAT;NEGATIF;ARTIYOR;SAT;SAT;UCUZ (AL);0;21.09.2026
AGYO;izle;;17,9;0,5;13,9;3,5;10;1;zayif;15,6;42,2;45,9;asagi;guclu;zayif;asagi;0,82;-0,94;2;7,22;-4,12;2025520;7,83;SAT;NEGATIF;NOTR;POZITIF;AZALIYOR;SAT;SAT;NOTR;1;21.09.2026
VAKKO;izle;;17,8;0,4;6,9;10,5;0;0;zayif;13,1;32,8;42,8;asagi;zayif;zayif;asagi;1,38;-1,53;2;63;-0,40;14296464;72,32;SAT;NEGATIF;NOTR;NEGATIF;ARTIYOR;SAT;SAT;NOTR;0;21.09.2026
GOZDE;izle;;17,7;4,0;3,7;10,0;0;0;zayif;19,1;32,2;42,4;asagi;zayif;zayif;asagi;1,38;-2,77;1;19,72;-4,27;35315523;22,77;SAT;NEGATIF;NOTR;NEGATIF;ARTIYOR;SAT;SAT;NOTR;0;21.09.2026
DZGYO;izle;;17,7;1,6;6,1;10,0;6;0;zayif;23,7;38,0;53,3;asagi;zayif;zayif;asagi;2,42;-2,10;3;6,71;-5,36;57501519;7,97;SAT;NEGATIF;SAT;NEGATIF;ARTIYOR;SAT;SAT;NOTR;0;21.09.2026
RNPOL;izle;;17,6;4,6;8,5;4,6;32;2;zayif;23,5;40,0;19,7;asagi;zayif;zayif;asagi;0,98;-1,51;4;2,13;-2,74;7853129;2,47;SAT;NEGATIF;SAT;NEGATIF;ARTIYOR;SAT;AL;NOTR;1;21.09.2026
MEPET;izle;;17,6;0,6;7,0;10,0;0;0;zayif;16,4;40,6;53,2;asagi;zayif;zayif;asagi;1,30;-1,50;1;18,1;-4,23;9272503;22,37;SAT;NEGATIF;NOTR;NEGATIF;ARTIYOR;SAT;SAT;NOTR;0;21.09.2026
ADGYO;izle;;17,5;4,9;2,6;10,0;10;0;zayif;25,9;32,1;33,0;asagi;zayif;zayif;asagi;2,47;-1,96;4;49,38;0,49;139002873;57,79;SAT;NEGATIF;SAT;NEGATIF;ARTIYOR;SAT;AL;NOTR;1;21.09.2026
NTHOL;izle;;17,5;2,4;5,0;10,0;50;5;zayif;33,4;28,4;29,5;asagi;zayif;zayif;asagi;1,64;-2,94;4;38,3;-0,78;116447933;42,25;SAT;NEGATIF;SAT;NEGATIF;AZALIYOR;AL;AL;UCUZ (AL);2;21.09.2026
PAGYO;izle;;17,5;6,6;5,9;4,9;6;0;zayif;27,0;31,3;19,4;asagi;zayif;zayif;asagi;1,00;-3,37;3;124,3;2,73;16816298;140,46;SAT;NEGATIF;SAT;NEGATIF;ARTIYOR;SAT;AL;NOTR;1;21.09.2026
GUNDG;izle;;17,4;5,4;4,0;8,0;0;0;zayif;31,5;22,4;23,5;asagi;zayif;zayif;asagi;0,00;-6,31;0;482;-9,99;190872;858,85;SAT;NEGATIF;SAT;NEGATIF;AZALIYOR;SAT;SAT;NOTR;0;21.09.2026
ULUSE;izle;;17,4;5,4;1,9;10,0;0;0;zayif;38,7;21,9;34,1;asagi;zayif;zayif;asagi;1,52;-4,68;2;187,5;-6,48;51621375;230,88;SAT;NEGATIF;SAT;NEGATIF;ARTIYOR;SAT;SAT;NOTR;0;21.09.2026
ULUFA;izle;;17,4;1,7;5,7;10,0;0;0;zayif;24,4;30,5;21,2;asagi;zayif;zayif;asagi;1,81;-2,91;1;1,5;1,35;50436995;1,65;SAT;NEGATIF;SAT;NEGATIF;ARTIYOR;SAT;AL;NOTR;1;21.09.2026
PNSUT;izle;;17,3;2,4;6,9;8,0;22;2;zayif;31,4;37,5;57,1;asagi;zayif;zayif;asagi;0,63;-1,76;2;10,24;-1,92;35494318;11,96;SAT;NEGATIF;SAT;NEGATIF;AZALIYOR;SAT;AL;NOTR;1;21.09.2026
CVKMD;izle;;17,2;6,2;3,1;7,8;10;0;zayif;23,6;31,9;25,9;asagi;zayif;zayif;asagi;1,17;-2,41;4;13,3;-2,99;488305217;15,58;SAT;NEGATIF;SAT;NEGATIF;ARTIYOR;SAT;AL;NOTR;1;21.09.2026
ERCB;izle;;17,1;1,1;6,0;10,0;10;0;zayif;19,8;31,7;49,3;asagi;zayif;zayif;asagi;2,61;-3,70;4;38,92;4,18;92579821;44,54;SAT;NEGATIF;NOTR;NEGATIF;ARTIYOR;SAT;SAT;UCUZ (AL);0;21.09.2026
NUHCM;izle;;17,1;1,1;7,0;8,9;10;1;zayif;20,1;34,1;37,4;asagi;zayif;zayif;asagi;1,09;-1,89;2;203,6;-0,29;14961342;224,95;SAT;NEGATIF;SAT;NEGATIF;ARTIYOR;SAT;SAT;NOTR;0;21.09.2026
BRISA;izle;;17,0;1,0;6,0;10,0;6;0;zayif;19,0;37,4;54,2;asagi;zayif;zayif;asagi;1,52;-2,76;3;71,25;-2,93;19556558;80,01;SAT;NEGATIF;NOTR;NEGATIF;ARTIYOR;SAT;AL;UCUZ (AL);1;21.09.2026
PATEK;izle;;16,9;1,2;5,6;10,0;22;2;zayif;21,2;38,0;50,9;asagi;zayif;zayif;asagi;1,53;-2,09;2;16,8;-9,14;823543661;24,89;SAT;NEGATIF;SAT;NEGATIF;ARTIYOR;SAT;SAT;NOTR;0;21.09.2026
EGEEN;izle;;16,9;7,0;6,3;3,5;0;0;zayif;26,8;38,4;61,1;asagi;zayif;zayif;asagi;0,91;-2,10;2;4712,5;-9,98;132119650;6130,57;SAT;NEGATIF;SAT;NEGATIF;ARTIYOR;SAT;SAT;UCUZ (AL);0;21.09.2026
TERA;izle;;16,8;7,4;1,4;8,0;0;0;zayif;31,7;29,5;95,4;asagi;zayif;zayif;asagi;0,00;-4,07;0;147,1;-9,98;6252338;180,11;SAT;NEGATIF;SAT;NEGATIF;ARTIYOR;SAT;SAT;NOTR;0;21.09.2026
TCKRC;izle;;16,7;6,2;0,5;10,0;6;0;zayif;32,9;24,7;31,0;asagi;zayif;zayif;asagi;1,70;-3,30;3;112,7;-3,26;568371908;138,23;SAT;NEGATIF;SAT;NEGATIF;ARTIYOR;SAT;AL;NOTR;1;21.09.2026
VAKFN;izle;;16,5;2,4;4,1;10,0;6;0;zayif;43,9;25,2;21,2;asagi;zayif;zayif;asagi;1,51;-3,85;3;1,03;0,00;98597304;1,13;SAT;NEGATIF;SAT;NEGATIF;ARTIYOR;SAT;AL;UCUZ (AL);1;21.09.2026
ARCLK;izle;;16,5;0,9;6,1;9,4;6;0;zayif;18,7;35,8;43,5;asagi;zayif;zayif;asagi;1,16;-2,84;3;86,9;-0,29;181127929;94,85;SAT;NEGATIF;NOTR;NEGATIF;ARTIYOR;SAT;AL;UCUZ (AL);1;21.09.2026
DNISI;izle;;16,5;0,6;4,6;11,3;16;1;zayif;16,1;34,7;58,0;asagi;zayif;zayif;asagi;0,90;-2,08;3;4,15;-5,68;14920736;4,98;SAT;NEGATIF;NOTR;NEGATIF;ARTIYOR;SAT;SAT;NOTR;0;21.09.2026
OYLUM;izle;;16,3;2,3;4,0;10,0;10;0;zayif;28,8;22,0;36,8;asagi;zayif;zayif;asagi;2,66;-2,84;5;6,36;2,25;8256081;6,99;SAT;NEGATIF;SAT;NEGATIF;ARTIYOR;SAT;AL;UCUZ (AL);1;21.09.2026
KRONT;izle;;16,2;4,8;5,0;6,4;10;0;zayif;25,5;28,4;27,3;asagi;zayif;zayif;asagi;1,08;-2,76;4;19,01;-0,78;28996675;23,19;SAT;NEGATIF;SAT;NEGATIF;AZALIYOR;SAT;AL;NOTR;1;21.09.2026
PRZMA;izle;;16,1;15,1;1,0;0,0;22;2;zayif;23,9;28,4;22,6;asagi;zayif;zayif;asagi;0,00;-3,49;2;45,9;-10,00;207743;65,93;SAT;NEGATIF;SAT;NEGATIF;AZALIYOR;SAT;SAT;NOTR;0;21.09.2026
ATAKP;izle;;16,1;2,4;4,0;9,7;10;0;zayif;45,8;15,0;14,1;asagi;zayif;zayif;asagi;1,28;-6,77;5;34,88;-0,23;16988792;38,97;SAT;NEGATIF;SAT;NEGATIF;ARTIYOR;SAT;SAT;UCUZ (AL);0;21.09.2026
DSTKF;izle;;16,1;3,9;4,1;8,0;0;0;zayif;18,9;35,0;91,8;asagi;zayif;zayif;asagi;0,01;-2,86;1;1786;-9,98;28459910;2336,50;SAT;NEGATIF;NOTR;NEGATIF;ARTIYOR;SAT;SAT;NOTR;0;21.09.2026
KLGYO;izle;;15,9;2,2;5,7;8,0;0;0;zayif;28,0;30,6;16,2;asagi;zayif;zayif;asagi;1,18;-2,72;2;4,05;-0,25;42567347;4,64;SAT;NEGATIF;SAT;NEGATIF;ARTIYOR;SAT;AL;UCUZ (AL);1;21.09.2026
KLNMA;izle;;15,9;0,2;5,7;10,0;6;0;zayif;13,6;32,7;26,4;asagi;zayif;zayif;asagi;1,40;-4,06;3;8,37;-1,53;2057153;8,86;SAT;NEGATIF;NOTR;NEGATIF;ARTIYOR;SAT;SAT;NOTR;0;21.09.2026
REEDR;izle;;15,8;1,0;0,8;14,0;10;0;zayif;19,5;14,6;50,9;asagi;zayif;zayif;asagi;1,66;-6,51;4;4,28;-7,16;132099058;5,19;SAT;NEGATIF;NOTR;NEGATIF;ARTIYOR;SAT;SAT;UCUZ (AL);0;21.09.2026
SASA;izle;;15,8;6,1;9,7;0,0;6;0;zayif;20,4;41,5;46,8;asagi;zayif;zayif;asagi;0,66;-1,18;3;2,31;-1,70;7144512530;2,83;SAT;NEGATIF;SAT;NEGATIF;AZALIYOR;SAT;SAT;NOTR;0;21.09.2026
MHRGY;izle;;15,5;1,5;3,0;11,0;22;2;zayif;23,0;30,3;49,8;asagi;zayif;zayif;asagi;0,88;-3,03;2;1,94;1,04;13110636;2,18;SAT;NEGATIF;SAT;NEGATIF;ARTIYOR;SAT;SAT;NOTR;0;21.09.2026
AYES;izle;;15,5;5,4;0,0;10,0;10;0;zayif;32,6;20,6;3,6;asagi;zayif;zayif;asagi;1,44;-5,60;5;23,1;-7,89;2370453;27,61;SAT;NEGATIF;SAT;NEGATIF;ARTIYOR;SAT;AL;NOTR;1;21.09.2026
KCAER;izle;;15,4;5,4;0,0;10,0;32;2;zayif;39,4;16,6;13,9;asagi;zayif;zayif;asagi;1,77;-5,01;5;10,87;-8,04;242086966;13,40;SAT;NEGATIF;SAT;NEGATIF;ARTIYOR;SAT;SAT;NOTR;0;21.09.2026
POLHO;izle;;15,4;5,4;0,0;10,0;32;2;zayif;30,4;20,4;30,0;asagi;zayif;zayif;asagi;1,98;-4,06;5;17,67;-9,38;69684631;21,68;SAT;NEGATIF;SAT;NEGATIF;ARTIYOR;SAT;SAT;NOTR;0;21.09.2026
DOAS;izle;;15,4;2,2;4,0;9,2;10;0;zayif;28,2;29,7;37,2;asagi;zayif;zayif;asagi;1,25;-3,93;4;154,5;-0,06;158756939;165,49;SAT;NEGATIF;SAT;NEGATIF;ARTIYOR;SAT;AL;UCUZ (AL);1;21.09.2026
AKCNS;izle;;15,4;4,7;0,6;10,0;32;2;zayif;24,9;27,2;37,2;asagi;zayif;zayif;asagi;2,11;-3,64;4;195,1;-3,18;239695763;226,68;SAT;NEGATIF;SAT;NEGATIF;ARTIYOR;SAT;AL;NOTR;1;21.09.2026
BOBET;izle;;15,3;12,4;2,8;0,0;22;2;zayif;38,0;34,4;64,5;asagi;zayif;zayif;asagi;0,53;-2,25;2;16,9;-2,03;63781597;21,59;SAT;NEGATIF;SAT;NEGATIF;AZALIYOR;SAT;SAT;NOTR;0;21.09.2026
FMIZP;izle;;15,3;1,2;4,1;10,0;38;3;zayif;20,8;34,2;39,6;asagi;zayif;zayif;asagi;1,78;-2,62;3;260;-2,62;25770680;293,40;SAT;NEGATIF;SAT;NEGATIF;ARTIYOR;SAT;SAT;UCUZ (AL);0;21.09.2026
CIMSA;izle;;15,2;1,3;8,4;5,6;6;0;zayif;21,2;37,6;52,9;asagi;zayif;zayif;asagi;0,99;-2,56;3;41,72;0,97;346156222;45,98;SAT;NEGATIF;SAT;NEGATIF;ARTIYOR;SAT;AL;NOTR;1;21.09.2026
DESA;izle;;15,2;1,4;4,3;9,4;10;0;zayif;22,5;33,7;39,6;asagi;zayif;zayif;asagi;1,27;-2,63;4;8,85;-1,78;21354731;10,04;SAT;NEGATIF;SAT;NEGATIF;ARTIYOR;SAT;AL;UCUZ (AL);1;21.09.2026
IZMDC;izle;;15,2;5,4;0,2;9,5;6;0;zayif;33,2;25,3;16,2;asagi;zayif;zayif;asagi;1,27;-4,50;3;7;-6,29;115631523;9,53;SAT;NEGATIF;SAT;NEGATIF;AZALIYOR;SAT;SAT;NOTR;0;21.09.2026
DURDO;izle;;15,1;4,4;0,8;10,0;50;4;zayif;21,9;24,0;33,7;asagi;zayif;zayif;asagi;1,83;-3,87;4;4,25;-9,57;19490385;5,10;SAT;NEGATIF;SAT;NEGATIF;ARTIYOR;SAT;SAT;NOTR;0;21.09.2026
TURGG;izle;;15,0;2,4;4,6;8,0;32;3;zayif;31,6;35,9;55,4;asagi;zayif;zayif;asagi;0,34;-1,70;0;24,94;-1,97;11835701;30,52;SAT;NEGATIF;SAT;NEGATIF;ARTIYOR;SAT;SAT;NOTR;0;21.09.2026
GEREL;izle;;15,0;4,9;0,1;10,0;6;0;zayif;25,9;23,0;30,2;asagi;zayif;zayif;asagi;1,72;-4,34;3;25,78;-4,38;289998163;33,28;SAT;NEGATIF;SAT;NEGATIF;ARTIYOR;SAT;SAT;NOTR;0;21.09.2026
METRO;izle;;14,9;4,9;0,0;10,0;10;0;zayif;26,0;22,3;33,7;asagi;zayif;zayif;asagi;2,03;-3,88;5;6,48;-4,00;101790834;7,78;SAT;NEGATIF;SAT;NEGATIF;ARTIYOR;SAT;SAT;NOTR;0;21.09.2026
HRKET;izle;;14,9;4,4;0,5;10,0;0;0;zayif;22,3;14,1;39,2;asagi;zayif;zayif;asagi;12,08;-7,12;2;6,91;-92,15;454921246;48,03;SAT;NEGATIF;SAT;NEGATIF;ARTIYOR;SAT;AL;UCUZ (AL);1;21.09.2026
DENGE;izle;;14,9;1,7;3,2;10,0;28;2;zayif;24,3;32,0;53,6;asagi;zayif;zayif;asagi;1,37;-2,79;3;2,03;-8,56;76462006;2,48;SAT;NEGATIF;SAT;NEGATIF;ARTIYOR;SAT;SAT;UCUZ (AL);0;21.09.2026
MOBTL;izle;;14,9;4,0;0,8;10,0;10;0;zayif;19,7;22,6;14,4;asagi;zayif;zayif;asagi;2,14;-4,81;5;9,95;-7,87;76447820;12,30;SAT;NEGATIF;NOTR;NEGATIF;ARTIYOR;SAT;SAT;NOTR;0;21.09.2026
SAYAS;izle;;14,8;4,7;6,2;3,8;0;0;zayif;24,6;32,4;23,5;asagi;zayif;zayif;asagi;0,93;-2,20;1;46,04;0,22;96384602;53,91;SAT;NEGATIF;SAT;NEGATIF;ARTIYOR;SAT;AL;NOTR;1;21.09.2026
PETUN;izle;;14,7;2,4;3,9;8,4;38;3;zayif;37,2;32,6;57,3;asagi;zayif;zayif;asagi;0,46;-2,26;3;10,31;-4,63;17387629;12,03;SAT;NEGATIF;SAT;NEGATIF;ARTIYOR;SAT;AL;NOTR;1;21.09.2026
PSGYO;izle;;14,7;4,7;0,0;10,0;0;0;zayif;24,5;17,4;16,7;asagi;zayif;zayif;asagi;1,67;-6,14;2;2,03;-8,97;434937611;2,62;SAT;NEGATIF;SAT;NEGATIF;ARTIYOR;SAT;SAT;NOTR;0;21.09.2026
SKBNK;izle;;14,6;1,6;10,6;2,4;10;1;zayif;23,7;33,7;49,0;asagi;zayif;zayif;asagi;0,85;-6,66;2;5,91;-3,11;699924822;6,83;AL;NEGATIF;SAT;NEGATIF;AZALIYOR;SAT;SAT;NOTR;1;21.09.2026
SEKFK;izle;;14,6;2,4;2,2;10,0;6;0;zayif;31,7;19,2;16,7;asagi;zayif;zayif;asagi;1,35;-4,19;3;3,88;-4,43;2804088;4,48;SAT;NEGATIF;SAT;NEGATIF;ARTIYOR;SAT;AL;NOTR;1;21.09.2026
BIGTK;izle;;14,6;5,3;1,4;8,0;32;3;zayif;28,6;28,0;52,3;asagi;zayif;zayif;asagi;0,01;-3,76;1;201,3;-9,97;1487204;281,32;SAT;NEGATIF;SAT;NEGATIF;AZALIYOR;SAT;SAT;NOTR;0;21.09.2026
KENT;izle;;14,6;2,3;2,3;10,0;6;0;zayif;28,6;30,7;10,8;asagi;zayif;zayif;asagi;2,01;-3,79;3;305,75;-3,24;2793944;341,81;SAT;NEGATIF;SAT;NEGATIF;ARTIYOR;SAT;SAT;UCUZ (AL);0;21.09.2026
DCTTR;izle;;14,6;2,4;2,1;10,0;10;0;zayif;46,5;16,9;22,4;asagi;zayif;zayif;asagi;1,39;-7,85;5;4;-6,98;59123428;5,48;SAT;NEGATIF;SAT;NEGATIF;AZALIYOR;SAT;SAT;UCUZ (AL);0;21.09.2026
GLCVY;izle;;14,5;0,9;3,6;10,0;10;1;zayif;18,4;32,3;30,0;asagi;zayif;zayif;asagi;1,57;-2,68;2;46,12;-0,82;49920472;54,01;SAT;NEGATIF;NOTR;NEGATIF;ARTIYOR;SAT;SAT;UCUZ (AL);0;21.09.2026
OYAYO;izle;;14,4;0,0;4,4;10,0;6;0;zayif;11,6;32,0;19,5;asagi;zayif;zayif;asagi;2,32;-2,97;3;37,3;-2,46;5512381;43,06;SAT;NEGATIF;NOTR;NEGATIF;ARTIYOR;SAT;SAT;UCUZ (AL);0;21.09.2026
MNDTR;izle;;14,4;1,6;2,7;10,0;6;0;zayif;23,9;29,3;36,5;asagi;zayif;zayif;asagi;1,41;-3,15;3;4,46;2,76;12674696;4,95;SAT;NEGATIF;SAT;NEGATIF;ARTIYOR;SAT;AL;UCUZ (AL);1;21.09.2026
AKFYE;izle;;14,3;4,3;0,0;10,0;0;0;zayif;21,7;15,1;54,7;asagi;zayif;zayif;asagi;4,48;-7,14;2;3,49;-84,14;223565948;13,52;SAT;NEGATIF;SAT;NEGATIF;ARTIYOR;SAT;SAT;NOTR;0;21.09.2026
MERCN;izle;;14,3;2,2;2,1;10,0;10;0;zayif;28,1;26,4;36,5;asagi;zayif;zayif;asagi;1,85;-4,58;4;14,2;-6,39;124413115;18,09;SAT;NEGATIF;SAT;NEGATIF;ARTIYOR;SAT;SAT;NOTR;0;21.09.2026
ALCTL;izle;;14,3;2,4;1,9;10,0;10;0;zayif;56,3;19,2;20,7;asagi;zayif;zayif;asagi;1,45;-6,14;5;90,05;-1,58;55693043;106,69;SAT;NEGATIF;SAT;NEGATIF;ARTIYOR;SAT;SAT;NOTR;0;21.09.2026
GRSEL;izle;;14,2;2,4;1,8;10,0;0;0;zayif;30,3;19,8;39,3;asagi;zayif;zayif;asagi;1,60;-3,11;2;267,75;0,66;178842542;306,84;SAT;NEGATIF;SAT;NEGATIF;ARTIYOR;SAT;AL;NOTR;1;21.09.2026
MACKO;izle;;14,2;0,8;3,5;9,8;10;0;zayif;18,1;31,7;29,5;asagi;zayif;zayif;asagi;1,24;-2,13;4;30,7;0,00;28540009;35,64;SAT;NEGATIF;NOTR;NEGATIF;ARTIYOR;SAT;SAT;NOTR;0;21.09.2026
SANEL;izle;;14,1;4,5;5,1;4,5;10;0;zayif;23,0;28,8;19,5;asagi;zayif;zayif;asagi;0,97;-3,41;5;41,02;-0,44;17273317;51,77;SAT;NEGATIF;SAT;NEGATIF;AZALIYOR;SAT;AL;NOTR;1;21.09.2026
KRSTL;izle;;14,1;2,4;1,7;10,0;6;0;zayif;45,5;20,7;32,7;asagi;zayif;zayif;asagi;1,69;-5,40;3;7,84;-2,37;53199229;8,69;SAT;NEGATIF;SAT;NEGATIF;ARTIYOR;SAT;AL;NOTR;1;21.09.2026
QNBFK;izle;;14,1;2,4;1,6;10,0;10;0;zayif;32,3;23,8;33,6;asagi;zayif;zayif;asagi;2,26;-4,58;4;36;-5,16;2125800;40,10;SAT;NEGATIF;SAT;NEGATIF;ARTIYOR;SAT;AL;NOTR;1;21.09.2026
IHLGM;izle;;14,0;1,3;2,8;9,9;10;1;zayif;21,5;30,1;59,8;asagi;zayif;zayif;asagi;0,81;-3,44;2;1,37;-3,52;35231054;1,62;SAT;NEGATIF;SAT;NEGATIF;ARTIYOR;SAT;SAT;UCUZ (AL);0;21.09.2026
AYDEM;izle;;14,0;4,4;3,2;6,4;40;4;zayif;22,6;32,7;42,9;asagi;zayif;zayif;asagi;1,08;-2,41;2;22,94;-3,29;61146180;26,22;SAT;NEGATIF;SAT;NEGATIF;ARTIYOR;SAT;AL;NOTR;1;21.09.2026
BMSCH;izle;;14,0;1,7;4,3;8,0;0;0;zayif;24,4;30,9;64,2;asagi;zayif;zayif;asagi;0,49;-4,01;0;9,21;-3,96;14571804;11,53;SAT;NEGATIF;SAT;NEGATIF;ARTIYOR;SAT;SAT;UCUZ (AL);0;21.09.2026
CMENT;izle;;14,0;2,4;1,5;10,0;0;0;zayif;57,8;20,4;15,1;asagi;zayif;zayif;asagi;2,22;-5,76;2;211,1;-9,01;2182774;247,22;SAT;NEGATIF;SAT;NEGATIF;ARTIYOR;SAT;SAT;UCUZ (AL);0;21.09.2026
HTTBT;izle;;13,9;2,4;2,0;9,5;6;0;zayif;33,1;28,7;32,2;asagi;zayif;zayif;asagi;1,27;-4,07;3;30,74;1,18;23168062;34,43;SAT;NEGATIF;SAT;NEGATIF;ARTIYOR;SAT;AL;UCUZ (AL);1;21.09.2026
CEMZY;izle;;13,9;4,7;1,3;8,0;0;0;zayif;24,2;28,5;39,4;asagi;zayif;zayif;asagi;0,02;-3,26;2;10,37;-9,98;4570837;13,84;SAT;NEGATIF;SAT;NEGATIF;ARTIYOR;SAT;SAT;NOTR;0;21.09.2026
INTEM;izle;;13,8;1,5;2,3;10,0;0;0;zayif;23,0;29,4;31,2;asagi;zayif;zayif;asagi;1,37;-3,28;2;213;-0,23;14092293;246,03;SAT;NEGATIF;SAT;NEGATIF;ARTIYOR;SAT;AL;NOTR;1;21.09.2026
QNBTR;izle;;13,7;2,4;1,3;10,0;0;0;zayif;55,4;26,3;27,4;asagi;zayif;zayif;asagi;1,33;-7,08;2;164,4;-2,14;2825543;177,98;SAT;NEGATIF;SAT;NEGATIF;ARTIYOR;SAT;AL;UCUZ (AL);1;21.09.2026
KSTUR;izle;;13,6;2,2;11,4;0,0;0;0;zayif;28,4;36,3;29,4;asagi;zayif;zayif;asagi;0,68;-3,42;1;2100;-2,33;1159200;2369,14;AL;NEGATIF;SAT;NEGATIF;ARTIYOR;SAT;SAT;UCUZ (AL);1;21.09.2026
SUMAS;izle;;13,6;2,4;1,2;10,0;0;0;zayif;31,4;18,8;25,3;asagi;zayif;zayif;asagi;1,75;-8,53;2;210,6;-10,00;1129658;246,41;SAT;NEGATIF;SAT;NEGATIF;ARTIYOR;SAT;SAT;NOTR;0;21.09.2026
ACSEL;izle;;13,6;2,4;1,2;10,0;10;0;zayif;31,3;18,8;22,3;asagi;zayif;zayif;asagi;2,36;-4,88;4;92,5;-5,85;30382088;110,34;SAT;NEGATIF;SAT;NEGATIF;ARTIYOR;SAT;SAT;NOTR;0;21.09.2026
EKIZ;izle;;13,5;2,4;1,0;10,0;10;0;zayif;41,1;21,1;27,2;asagi;zayif;zayif;asagi;2,89;-6,43;4;45;-10,00;1845315;55,69;SAT;NEGATIF;SAT;NEGATIF;ARTIYOR;SAT;SAT;UCUZ (AL);0;21.09.2026
HEDEF;izle;;13,4;5,4;8,0;0,0;0;0;zayif;46,3;16,1;-0,0;asagi;zayif;zayif;asagi;0,01;-10,45;1;17,42;-9,97;1650510;38,01;AL;NEGATIF;SAT;NEGATIF;AZALIYOR;AL;AL;NOTR;3;21.09.2026
KNFRT;izle;;13,4;0,5;3,9;9,1;0;0;zayif;15,8;33,3;42,7;asagi;zayif;zayif;asagi;0,76;-2,45;2;10,33;-7,35;29244953;13,10;SAT;NEGATIF;NOTR;NEGATIF;ARTIYOR;SAT;SAT;NOTR;0;21.09.2026
ZEDUR;izle;;13,4;2,4;1,0;10,0;10;0;zayif;42,5;15,5;22,8;asagi;zayif;zayif;asagi;1,37;-4,79;6;6,18;-3,44;11365836;7,27;SAT;NEGATIF;SAT;NEGATIF;ARTIYOR;SAT;SAT;UCUZ (AL);0;21.09.2026
AVHOL;izle;;13,4;2,4;0,9;10,0;6;0;zayif;31,9;16,3;30,9;asagi;zayif;zayif;asagi;1,59;-5,64;3;26,7;-7,74;63546694;32,68;SAT;NEGATIF;SAT;NEGATIF;ARTIYOR;SAT;SAT;UCUZ (AL);0;21.09.2026
PARSN;izle;;13,4;1,5;1,8;10,0;10;0;zayif;23,3;26,0;26,1;asagi;zayif;zayif;asagi;1,73;-3,96;4;62,8;-3,16;29118602;70,91;SAT;NEGATIF;SAT;NEGATIF;ARTIYOR;SAT;SAT;UCUZ (AL);0;21.09.2026
MERKO;izle;;13,3;2,4;1,1;9,7;6;0;zayif;40,3;19,0;32,8;asagi;zayif;zayif;asagi;1,28;-6,45;3;1,02;-1,92;32144132;1,17;SAT;NEGATIF;SAT;NEGATIF;ARTIYOR;SAT;SAT;UCUZ (AL);0;21.09.2026
ISBIR;izle;;13,2;1,1;2,1;10,0;6;0;zayif;20,0;31,5;34,0;asagi;zayif;zayif;asagi;1,31;-3,75;3;63;-3,08;2001006;70,14;SAT;NEGATIF;SAT;NEGATIF;AZALIYOR;SAT;SAT;UCUZ (AL);0;21.09.2026
ARTMS;izle;;13,2;1,1;3,2;8,9;6;0;zayif;20,3;31,2;33,1;asagi;zayif;zayif;asagi;1,23;-2,47;3;34;-8,26;38810830;43,01;SAT;NEGATIF;SAT;NEGATIF;ARTIYOR;SAT;SAT;NOTR;0;21.09.2026
OTTO;izle;;13,2;2,4;0,8;10,0;0;0;zayif;40,3;12,9;20,1;asagi;zayif;zayif;asagi;1,38;-7,16;2;94,45;-4,88;32150780;121,36;SAT;NEGATIF;SAT;NEGATIF;ARTIYOR;SAT;AL;UCUZ (AL);1;21.09.2026
FORMT;izle;;13,2;2,4;0,7;10,0;10;0;zayif;51,1;10,9;17,6;asagi;zayif;zayif;asagi;1,68;-7,90;5;1,18;-0,84;36091882;1,33;SAT;NEGATIF;SAT;NEGATIF;ARTIYOR;SAT;SAT;UCUZ (AL);0;21.09.2026
ERBOS;izle;;13,2;2,4;0,8;10,0;10;0;zayif;29,7;16,4;31,9;asagi;zayif;zayif;asagi;1,31;-5,43;4;123,7;-1,04;8706748;139,49;SAT;NEGATIF;SAT;NEGATIF;AZALIYOR;SAT;SAT;UCUZ (AL);0;21.09.2026
GOKNR;izle;;13,2;1,1;10,0;2,1;6;0;zayif;20,0;31,6;54,3;asagi;zayif;zayif;asagi;0,83;-4,23;3;15,75;-9,95;68337423;19,02;AL;NEGATIF;SAT;NEGATIF;ARTIYOR;SAT;SAT;NOTR;1;21.09.2026
BALAT;izle;;13,2;1,1;2,1;10,0;28;2;zayif;20,2;30,8;35,0;asagi;zayif;zayif;asagi;1,75;-4,45;3;59,4;-10,00;3982532;70,49;SAT;NEGATIF;SAT;NEGATIF;ARTIYOR;SAT;SAT;UCUZ (AL);0;21.09.2026
BESLR;izle;;13,1;1,4;3,3;8,4;28;2;zayif;22,4;32,5;29,3;asagi;zayif;zayif;asagi;1,20;-3,05;3;11,57;-3,18;33441685;12,99;SAT;NEGATIF;SAT;NEGATIF;ARTIYOR;SAT;AL;NOTR;1;21.09.2026
HUBVC;izle;;13,0;2,4;0,6;10,0;10;0;zayif;30,3;15,8;24,7;asagi;zayif;zayif;asagi;1,38;-5,34;5;1,76;-7,85;5926210;2,29;SAT;NEGATIF;SAT;NEGATIF;ARTIYOR;SAT;AL;NOTR;1;21.09.2026
INTEK;izle;;13,0;2,4;0,6;10,0;10;0;zayif;36,5;18,7;14,2;asagi;zayif;zayif;asagi;1,84;-8,22;4;172,8;-8,76;2510957;202,44;SAT;NEGATIF;SAT;NEGATIF;ARTIYOR;SAT;SAT;UCUZ (AL);0;21.09.2026
LINK;izle;;13,0;2,4;0,5;10,0;10;0;zayif;39,3;16,8;31,3;asagi;zayif;zayif;asagi;1,61;-6,02;4;4,09;-2,15;104406796;4,75;SAT;NEGATIF;SAT;NEGATIF;ARTIYOR;SAT;SAT;NOTR;0;21.09.2026
OSMEN;izle;;13,0;2,4;0,8;9,8;32;2;zayif;31,4;20,8;20,4;asagi;zayif;zayif;asagi;1,29;-5,36;5;5,5;-5,01;21831090;6,62;SAT;NEGATIF;SAT;NEGATIF;ARTIYOR;SAT;SAT;UCUZ (AL);0;21.09.2026
PEKGY;izle;;12,9;4,8;0,1;8,0;32;3;zayif;25,1;21,4;34,1;asagi;zayif;zayif;asagi;0,00;-6,19;0;7,69;-9,95;3339144;10,41;SAT;NEGATIF;SAT;NEGATIF;AZALIYOR;SAT;SAT;UCUZ (AL);0;21.09.2026
CANTE;izle;;12,9;2,4;4,1;6,3;0;0;zayif;30,8;34,0;46,7;asagi;zayif;zayif;asagi;1,08;-2,55;2;1,11;-9,76;593496927;1,40;SAT;NEGATIF;SAT;NEGATIF;ARTIYOR;SAT;SAT;UCUZ (AL);0;21.09.2026
KTSKR;izle;;12,9;1,9;0,9;10,0;10;0;zayif;26,1;16,2;19,5;asagi;zayif;zayif;asagi;1,56;-6,23;5;60,75;-5,81;35782236;72,64;SAT;NEGATIF;SAT;NEGATIF;ARTIYOR;SAT;SAT;NOTR;0;21.09.2026
KAYSE;izle;;12,8;2,4;0,4;10,0;10;0;zayif;29,9;23,8;33,5;asagi;zayif;zayif;asagi;1,52;-3,87;4;3,4;-5,03;47806407;3,94;SAT;NEGATIF;SAT;NEGATIF;ARTIYOR;SAT;AL;UCUZ (AL);1;21.09.2026
GEDZA;izle;;12,8;2,4;0,4;10,0;32;2;zayif;31,4;22,0;13,6;asagi;zayif;zayif;asagi;1,30;-4,57;5;23,8;-4,03;12736951;26,80;SAT;NEGATIF;SAT;NEGATIF;ARTIYOR;SAT;AL;NOTR;1;21.09.2026
KUYAS;izle;;12,8;4,8;0,0;8,0;0;0;zayif;25,4;21,2;44,2;asagi;zayif;zayif;asagi;0,04;-5,33;0;45,78;-9,97;22694977;58,00;SAT;NEGATIF;SAT;NEGATIF;ARTIYOR;SAT;SAT;NOTR;0;21.09.2026
KZBGY;izle;;12,8;2,4;0,3;10,0;10;0;zayif;40,1;13,1;15,5;asagi;zayif;zayif;asagi;1,87;-7,55;4;1,42;-3,40;102260208;1,68;SAT;NEGATIF;SAT;NEGATIF;ARTIYOR;SAT;AL;UCUZ (AL);1;21.09.2026
CGCAM;izle;;12,8;2,4;0,3;10,0;10;0;zayif;41,9;14,9;23,7;asagi;zayif;zayif;asagi;1,72;-7,03;5;23,2;-6,75;94337464;28,99;SAT;NEGATIF;SAT;NEGATIF;ARTIYOR;SAT;SAT;UCUZ (AL);0;21.09.2026
SILVR;izle;;12,8;1,3;1,4;10,0;10;0;zayif;21,8;18,0;22,4;asagi;zayif;zayif;asagi;2,74;-4,16;4;1,85;-7,50;8047953;2,21;SAT;NEGATIF;SAT;NEGATIF;ARTIYOR;SAT;SAT;UCUZ (AL);0;21.09.2026
CONSE;izle;;12,7;1,9;0,8;10,0;16;1;zayif;26,3;18,9;29,2;asagi;zayif;zayif;asagi;2,15;-4,53;3;1,83;-4,19;44510927;2,21;SAT;NEGATIF;SAT;NEGATIF;ARTIYOR;SAT;AL;UCUZ (AL);1;21.09.2026
DERIM;izle;;12,7;1,3;1,4;10,0;32;2;zayif;21,5;26,7;37,4;asagi;zayif;zayif;asagi;1,36;-3,08;5;29,82;-0,60;14114820;34,04;SAT;NEGATIF;SAT;NEGATIF;ARTIYOR;SAT;AL;NOTR;1;21.09.2026
BLUME;izle;;12,7;6,2;4,0;2,5;16;1;zayif;21,2;34,1;27,1;asagi;zayif;zayif;asagi;0,85;-1,85;3;32,42;-7,11;86446763;41,84;SAT;NEGATIF;SAT;NEGATIF;ARTIYOR;SAT;SAT;UCUZ (AL);0;21.09.2026
KAREL;izle;;12,7;2,4;0,3;10,0;10;0;zayif;34,7;16,6;12,3;asagi;zayif;zayif;asagi;2,29;-6,50;6;6,08;-1,78;131171367;7,56;SAT;NEGATIF;SAT;NEGATIF;ARTIYOR;SAT;AL;UCUZ (AL);1;21.09.2026
DYOBY;izle;;12,7;2,2;0,4;10,0;50;5;zayif;28,2;23,8;25,2;asagi;zayif;zayif;asagi;1,92;-4,11;4;11,22;-2,86;33852838;12,58;SAT;NEGATIF;SAT;NEGATIF;ARTIYOR;SAT;SAT;NOTR;0;21.09.2026
ECILC;izle;;12,6;2,1;1,8;8,8;16;1;zayif;27,1;29,7;43,4;asagi;zayif;zayif;asagi;1,23;-4,05;3;57,4;-5,28;429670455;69,49;SAT;NEGATIF;SAT;NEGATIF;ARTIYOR;SAT;AL;UCUZ (AL);1;21.09.2026
SODSN;izle;;12,6;2,4;0,2;10,0;10;0;zayif;39,7;16,4;25,4;asagi;zayif;zayif;asagi;2,09;-6,26;4;6,18;-0,96;1071377;6,70;SAT;NEGATIF;SAT;NEGATIF;ARTIYOR;SAT;AL;UCUZ (AL);1;21.09.2026
MEGAP;izle;;12,6;2,4;0,1;10,0;10;0;zayif;42,2;10,1;13,3;asagi;zayif;zayif;asagi;2,26;-8,72;5;1,3;-9,72;1924147;1,55;SAT;NEGATIF;SAT;NEGATIF;ARTIYOR;SAT;AL;UCUZ (AL);1;21.09.2026
USAK;izle;;12,6;1,6;1,0;10,0;10;0;zayif;23,8;14,8;22,9;asagi;zayif;zayif;asagi;4,47;-5,68;4;1;-3,85;216316360;1,15;SAT;NEGATIF;SAT;NEGATIF;ARTIYOR;SAT;SAT;UCUZ (AL);0;21.09.2026
EGSER;izle;;12,6;1,1;1,5;10,0;28;2;zayif;20,0;26,1;47,3;asagi;zayif;zayif;asagi;1,86;-3,24;3;2,6;-3,35;9297704;2,92;SAT;NEGATIF;NOTR;NEGATIF;ARTIYOR;SAT;SAT;NOTR;0;21.09.2026
BEGYO;izle;;12,6;2,4;0,1;10,0;10;0;zayif;31,4;15,5;18,5;asagi;zayif;zayif;asagi;1,81;-5,98;5;2,73;-4,21;16411613;3,14;SAT;NEGATIF;SAT;NEGATIF;ARTIYOR;SAT;AL;UCUZ (AL);1;21.09.2026
SARKY;izle;;12,5;0,7;8,1;3,7;38;3;zayif;17,3;38,7;45,2;asagi;zayif;zayif;asagi;0,92;-2,32;3;22,18;1,19;131589060;25,25;SAT;NEGATIF;NOTR;NEGATIF;ARTIYOR;SAT;AL;NOTR;1;21.09.2026
NUGYO;izle;;12,5;1,6;0,9;10,0;6;0;zayif;23,6;25,0;33,4;asagi;zayif;zayif;asagi;1,49;-3,18;3;7,92;-1,86;21121317;8,93;SAT;NEGATIF;SAT;NEGATIF;ARTIYOR;SAT;AL;UCUZ (AL);1;21.09.2026
ASUZU;izle;;12,5;1,0;5,2;6,4;10;0;zayif;19,0;34,2;56,4;asagi;zayif;zayif;asagi;1,08;-3,04;4;44,02;-3,34;19150505;49,84;SAT;NEGATIF;NOTR;NEGATIF;ARTIYOR;SAT;AL;UCUZ (AL);1;21.09.2026
TLMAN;izle;;12,5;1,8;0,7;10,0;10;0;zayif;24,9;23,3;19,8;asagi;zayif;zayif;asagi;1,51;-4,52;4;67;-1,62;15720478;75,16;SAT;NEGATIF;SAT;NEGATIF;ARTIYOR;SAT;SAT;UCUZ (AL);0;21.09.2026
ARZUM;izle;;12,5;1,2;1,2;10,0;10;0;zayif;21,1;20,9;19,2;asagi;zayif;zayif;asagi;1,46;-5,40;5;1,27;-3,79;21031467;1,47;SAT;NEGATIF;SAT;NEGATIF;ARTIYOR;SAT;AL;UCUZ (AL);1;21.09.2026
GENIL;izle;;12,4;12,4;0,0;0,0;46;5;zayif;37,3;24,1;34,9;asagi;zayif;zayif;asagi;0,44;-4,47;3;7,35;-9,93;131496719;9,76;SAT;NEGATIF;SAT;NEGATIF;ARTIYOR;SAT;SAT;UCUZ (AL);0;21.09.2026
EGEGY;izle;;12,4;2,4;0,0;10,0;40;4;zayif;35,5;18,9;15,1;asagi;zayif;zayif;asagi;2,93;-6,36;2;14,69;-9,99;217142718;21,95;SAT;NEGATIF;SAT;NEGATIF;ARTIYOR;SAT;SAT;UCUZ (AL);0;21.09.2026
SEGYO;izle;;12,4;2,4;0,0;10,0;10;0;zayif;38,9;12,7;17,6;asagi;zayif;zayif;asagi;1,64;-7,20;5;2,68;-4,96;15722062;3,22;SAT;NEGATIF;SAT;NEGATIF;ARTIYOR;SAT;SAT;UCUZ (AL);0;21.09.2026
YYAPI;izle;;12,4;2,4;0,0;10,0;0;0;zayif;52,9;11,7;15,4;asagi;zayif;zayif;asagi;1,91;-9,00;2;0,65;-2,99;5329266;0,71;SAT;NEGATIF;SAT;NEGATIF;ARTIYOR;SAT;SAT;UCUZ (AL);0;21.09.2026
ORMA;izle;;12,4;2,4;0,0;10,0;10;0;zayif;33,0;18,6;12,7;asagi;zayif;zayif;asagi;2,37;-7,66;5;119,8;-5,30;2859027;133,87;SAT;NEGATIF;SAT;NEGATIF;ARTIYOR;SAT;AL;UCUZ (AL);1;21.09.2026
YONGA;izle;;12,4;2,4;0,0;10,0;6;0;zayif;34,0;11,6;16,0;asagi;zayif;zayif;asagi;2,65;-8,77;3;34,2;-9,95;1739070;40,01;SAT;NEGATIF;SAT;NEGATIF;ARTIYOR;SAT;SAT;UCUZ (AL);0;21.09.2026
KONTR;izle;;12,4;2,4;1,8;8,2;6;0;zayif;44,9;23,3;23,0;asagi;zayif;zayif;asagi;1,19;-9,15;3;2,56;-9,86;14342484;3,03;SAT;NEGATIF;SAT;NEGATIF;ARTIYOR;SAT;SAT;UCUZ (AL);0;21.09.2026
EMNIS;izle;;12,4;0,7;1,7;10,0;10;0;zayif;17,2;30,8;24,9;asagi;zayif;zayif;asagi;1,87;-4,57;4;135;3,45;1926585;146,11;SAT;NEGATIF;NOTR;NEGATIF;ARTIYOR;SAT;AL;NOTR;1;21.09.2026
KUVVA;izle;;12,4;12,3;0,1;0,0;38;3;zayif;29,0;25,3;19,0;asagi;zayif;zayif;asagi;0,14;-2,87;3;127,8;-9,94;2838949;169,19;SAT;NEGATIF;SAT;NEGATIF;ARTIYOR;SAT;AL;NOTR;1;21.09.2026
LRSHO;izle;;12,4;0,7;1,7;10,0;0;0;zayif;17,0;23,7;31,1;asagi;zayif;zayif;asagi;1,57;-4,72;2;2,1;0,96;54536030;2,41;SAT;NEGATIF;NOTR;NEGATIF;ARTIYOR;SAT;SAT;UCUZ (AL);0;21.09.2026
SEYKM;izle;;12,3;1,9;0,4;10,0;6;0;zayif;26,1;17,5;29,2;asagi;zayif;zayif;asagi;1,99;-5,20;3;3,2;-4,19;8855866;3,93;SAT;NEGATIF;SAT;NEGATIF;ARTIYOR;SAT;SAT;UCUZ (AL);0;21.09.2026
DOFER;izle;;12,3;1,7;0,6;10,0;6;0;zayif;24,4;21,6;37,0;asagi;zayif;zayif;asagi;1,43;-4,83;3;23,4;-2,50;14992778;26,29;SAT;NEGATIF;SAT;NEGATIF;ARTIYOR;SAT;SAT;UCUZ (AL);0;21.09.2026
BRKSN;izle;;12,3;1,9;0,3;10,2;6;0;zayif;25,7;19,3;20,1;asagi;zayif;zayif;asagi;1,54;-4,31;3;6,62;-3,50;3282567;7,54;SAT;NEGATIF;SAT;NEGATIF;ARTIYOR;SAT;SAT;NOTR;0;21.09.2026
GOLTS;izle;;12,3;1,6;0,7;10,0;10;0;zayif;23,5;25,8;23,3;asagi;zayif;zayif;asagi;1,86;-4,60;5;259,25;-3,45;49401902;288,77;SAT;NEGATIF;SAT;NEGATIF;ARTIYOR;SAT;SAT;UCUZ (AL);0;21.09.2026
AKMGY;izle;;12,3;3,3;4,2;4,7;6;0;zayif;14,5;33,2;39,2;asagi;zayif;zayif;asagi;0,93;-2,10;3;228,5;-0,22;7034373;257,38;SAT;NEGATIF;NOTR;NEGATIF;ARTIYOR;SAT;SAT;NOTR;0;21.09.2026
KLMSN;izle;;12,3;1,9;0,4;10,0;20;1;zayif;26,0;18,5;16,8;asagi;zayif;zayif;asagi;1,42;-4,94;4;22,98;-3,69;20588816;26,36;SAT;NEGATIF;SAT;NEGATIF;ARTIYOR;SAT;SAT;UCUZ (AL);0;21.09.2026
PKENT;izle;;12,2;1,7;0,5;10,0;20;1;zayif;24,8;16,1;17,9;asagi;zayif;zayif;asagi;1,75;-5,43;4;102,1;-5,99;23394173;118,57;SAT;NEGATIF;SAT;NEGATIF;ARTIYOR;SAT;AL;UCUZ (AL);1;21.09.2026
SRVGY;izle;;12,2;1,9;0,3;10,0;10;0;zayif;26,0;21,5;22,2;asagi;zayif;zayif;asagi;2,38;-4,94;4;2,1;-3,23;80215279;2,37;SAT;NEGATIF;SAT;NEGATIF;ARTIYOR;SAT;SAT;UCUZ (AL);0;21.09.2026
MEDTR;izle;;12,2;2,4;0,0;9,7;10;0;zayif;33,7;15,1;9,1;asagi;zayif;zayif;asagi;1,28;-6,06;4;19,98;-0,10;7595277;22,19;SAT;NEGATIF;SAT;NEGATIF;ARTIYOR;SAT;AL;UCUZ (AL);1;21.09.2026
KOPOL;izle;;12,2;2,2;0,0;10,0;6;0;zayif;28,0;17,7;21,3;asagi;zayif;zayif;asagi;2,31;-6,24;3;3,66;-1,88;86465439;4,38;SAT;NEGATIF;SAT;NEGATIF;ARTIYOR;SAT;SAT;UCUZ (AL);0;21.09.2026
BRYAT;izle;;12,1;0,6;3,7;7,7;0;0;zayif;16,6;31,4;39,7;asagi;zayif;zayif;asagi;1,16;-3,46;2;1532;-2,42;110725300;1704,86;SAT;NEGATIF;NOTR;NEGATIF;ARTIYOR;SAT;SAT;UCUZ (AL);0;21.09.2026
POLTK;izle;;12,1;0,7;1,4;10,0;0;0;zayif;17,4;17,4;44,4;asagi;zayif;zayif;asagi;1,32;-5,04;2;3315;-4,81;30309045;3948,54;SAT;NEGATIF;NOTR;NEGATIF;ARTIYOR;SAT;SAT;UCUZ (AL);0;21.09.2026
BAYRK;izle;;12,0;1,7;0,3;10,0;42;3;zayif;24,8;17,9;20,0;asagi;zayif;zayif;asagi;1,76;-4,95;5;3,26;-6,86;30777471;3,93;SAT;NEGATIF;SAT;NEGATIF;ARTIYOR;SAT;AL;UCUZ (AL);1;21.09.2026
ALFAS;izle;;11,9;2,3;1,3;8,4;42;3;zayif;28,6;23,9;21,8;asagi;zayif;zayif;asagi;1,20;-4,02;6;33,04;-1,55;70131464;38,86;SAT;NEGATIF;SAT;NEGATIF;ARTIYOR;SAT;SAT;NOTR;0;21.09.2026
BERA;izle;;11,9;2,1;3,3;6,6;10;0;zayif;27,2;32,9;37,6;asagi;zayif;zayif;asagi;1,09;-3,40;4;11,91;-1,57;92630847;13,52;SAT;NEGATIF;SAT;NEGATIF;ARTIYOR;SAT;AL;UCUZ (AL);1;21.09.2026
CASA;izle;;11,9;1,9;0,0;10,0;6;0;zayif;26,2;19,5;24,9;asagi;zayif;zayif;asagi;2,69;-7,34;3;54,3;-9,95;2714620;60,85;SAT;NEGATIF;SAT;NEGATIF;ARTIYOR;SAT;SAT;UCUZ (AL);0;21.09.2026
OSTIM;izle;;11,9;0,7;3,3;7,9;6;0;zayif;17,5;30,4;44,1;asagi;zayif;zayif;asagi;1,17;-3,37;3;1,39;-1,42;21697505;1,59;SAT;NEGATIF;NOTR;NEGATIF;ARTIYOR;SAT;SAT;UCUZ (AL);0;21.09.2026
DMSAS;izle;;11,8;1,8;0,0;10,0;32;2;zayif;25,5;12,7;8,8;asagi;zayif;zayif;asagi;1,63;-7,38;5;5,53;-9,79;20631789;7,01;SAT;NEGATIF;SAT;NEGATIF;ARTIYOR;SAT;SAT;UCUZ (AL);0;21.09.2026
BASCM;izle;;11,8;1,8;0,0;10,0;20;1;zayif;25,5;18,4;24,0;asagi;zayif;zayif;asagi;1,75;-7,68;4;10,75;-9,97;1618337;12,49;SAT;NEGATIF;SAT;NEGATIF;ARTIYOR;SAT;SAT;UCUZ (AL);0;21.09.2026
ENDAE;izle;;11,8;4,4;2,2;5,2;22;2;zayif;22,6;29,1;24,9;asagi;zayif;zayif;asagi;1,01;-2,62;2;14,63;-1,42;59533742;16,89;SAT;NEGATIF;SAT;NEGATIF;ARTIYOR;SAT;AL;NOTR;1;21.09.2026
MIATK;izle;;11,8;1,8;2,0;8,0;0;0;zayif;25,3;29,9;71,2;asagi;zayif;zayif;asagi;0,07;-3,89;0;22,78;-9,96;36108669;31,01;SAT;NEGATIF;SAT;NEGATIF;AZALIYOR;SAT;SAT;UCUZ (AL);0;21.09.2026
DOKTA;izle;;11,8;1,8;1,9;8,1;16;1;zayif;25,0;28,1;40,2;asagi;zayif;zayif;asagi;1,19;-3,22;3;19,21;-5,09;11568281;22,92;SAT;NEGATIF;SAT;NEGATIF;ARTIYOR;SAT;SAT;NOTR;0;21.09.2026
YESIL;izle;;11,8;2,0;1,1;8,7;0;0;zayif;26,4;22,1;34,8;asagi;zayif;zayif;asagi;1,22;-5,15;2;0,98;-1,01;19667338;1,09;SAT;NEGATIF;SAT;NEGATIF;ARTIYOR;SAT;SAT;UCUZ (AL);0;21.09.2026
VERUS;izle;;11,8;5,4;5,8;0,6;10;1;zayif;34,1;30,9;30,6;asagi;zayif;zayif;asagi;0,73;-2,46;2;470;-5,24;32968620;607,66;SAT;NEGATIF;SAT;NEGATIF;ARTIYOR;SAT;SAT;NOTR;0;21.09.2026
BARMA;izle;;11,8;2,4;8,0;1,3;10;0;zayif;63,5;19,5;28,7;asagi;zayif;zayif;asagi;0,78;-16,34;4;6,67;-9,74;4135046;8,94;AL;NEGATIF;SAT;NEGATIF;AZALIYOR;SAT;SAT;UCUZ (AL);1;21.09.2026
AKYHO;izle;;11,7;1,8;1,3;8,6;10;0;zayif;25,5;24,5;25,0;asagi;zayif;zayif;asagi;1,22;-4,11;5;1,7;-6,59;3729117;2,11;SAT;NEGATIF;SAT;NEGATIF;ARTIYOR;SAT;SAT;UCUZ (AL);0;21.09.2026
ULAS;izle;;11,7;1,1;0,8;9,8;10;0;zayif;20,0;22,9;34,4;asagi;zayif;zayif;asagi;1,29;-4,38;5;17,31;-5,77;4606814;20,99;SAT;NEGATIF;SAT;NEGATIF;ARTIYOR;SAT;SAT;UCUZ (AL);0;21.09.2026
ORCAY;izle;;11,7;0,8;0,9;10,0;10;0;zayif;17,9;17,9;28,5;asagi;zayif;zayif;asagi;1,74;-4,92;4;2,61;-6,79;8306743;3,23;SAT;NEGATIF;NOTR;NEGATIF;ARTIYOR;SAT;SAT;UCUZ (AL);0;21.09.2026
ODAS;izle;;11,7;3,9;4,8;3,0;46;4;zayif;18,7;33,9;33,5;asagi;zayif;zayif;asagi;0,88;-2,40;3;6,61;-2,36;380909737;7,59;SAT;NEGATIF;NOTR;NEGATIF;ARTIYOR;SAT;SAT;NOTR;0;21.09.2026
DOFRB;izle;;11,7;5,4;0,8;5,4;0;0;zayif;31,9;22,0;30,2;asagi;zayif;zayif;asagi;1,03;-5,88;2;82,25;-7,95;402861569;106,83;SAT;NEGATIF;SAT;NEGATIF;ARTIYOR;SAT;AL;NOTR;1;21.09.2026
IMASM;izle;;11,5;0,6;1,0;10,0;6;0;zayif;16,3;22,3;24,9;asagi;zayif;zayif;asagi;1,40;-5,95;3;1,78;-4,81;53833216;2,15;SAT;NEGATIF;NOTR;NEGATIF;AZALIYOR;SAT;SAT;UCUZ (AL);0;21.09.2026
OYYAT;izle;;11,5;1,5;0,6;9,4;0;0;zayif;22,9;23,5;27,7;asagi;zayif;zayif;asagi;1,26;-4,75;2;28,1;0,21;27138306;32,28;SAT;NEGATIF;SAT;NEGATIF;ARTIYOR;SAT;SAT;UCUZ (AL);0;21.09.2026
YYLGD;izle;;11,5;1,5;0,0;10,0;10;0;zayif;22,7;20,6;22,8;asagi;zayif;zayif;asagi;1,30;-5,18;4;8,5;-1,16;66065094;9,39;SAT;NEGATIF;SAT;NEGATIF;ARTIYOR;SAT;SAT;NOTR;0;21.09.2026
IZFAS;izle;;11,4;1,4;2,0;8,0;0;0;zayif;22,2;28,9;59,2;asagi;zayif;zayif;asagi;0,01;-4,22;0;33,48;-10,00;2304629;49,66;SAT;NEGATIF;SAT;NEGATIF;AZALIYOR;SAT;SAT;UCUZ (AL);0;21.09.2026
MARBL;izle;;11,4;1,3;0,1;10,0;20;1;zayif;21,3;17,0;30,0;asagi;zayif;zayif;asagi;1,45;-4,64;4;9,98;-4,04;20587283;11,54;SAT;NEGATIF;SAT;NEGATIF;ARTIYOR;SAT;AL;NOTR;1;21.09.2026
RAYSG;izle;;11,4;2,1;1,4;7,9;10;0;zayif;27,3;25,6;30,4;asagi;zayif;zayif;asagi;1,18;-4,79;5;132,5;-2,65;20784348;150,30;SAT;NEGATIF;SAT;NEGATIF;ARTIYOR;SAT;SAT;UCUZ (AL);0;21.09.2026
ICBCT;izle;;11,4;3,2;2,5;5,6;6;0;zayif;13,4;28,1;33,6;asagi;zayif;zayif;asagi;1,04;-3,36;3;16,62;-2,86;23389127;19,40;SAT;NEGATIF;NOTR;NEGATIF;ARTIYOR;SAT;AL;NOTR;1;21.09.2026
KOCMT;izle;;11,3;4,4;2,9;4,0;0;0;zayif;22,1;30,2;59,9;asagi;zayif;zayif;asagi;0,03;-3,63;1;2,78;-9,74;5704657;3,97;SAT;NEGATIF;SAT;NEGATIF;AZALIYOR;SAT;SAT;NOTR;0;21.09.2026
ONRYT;izle;;11,3;1,0;0,3;9,9;6;0;zayif;19,3;23,7;48,1;asagi;zayif;zayif;asagi;1,30;-4,08;3;11,35;-3,81;61778345;13,81;SAT;NEGATIF;NOTR;NEGATIF;ARTIYOR;SAT;SAT;UCUZ (AL);0;21.09.2026
FZLGY;izle;;11,3;1,7;9,6;0,0;0;0;zayif;24,3;30,3;49,2;asagi;zayif;zayif;asagi;0,03;-4,17;2;7,46;-9,90;4357073;9,59;AL;NEGATIF;SAT;NEGATIF;ARTIYOR;SAT;SAT;UCUZ (AL);1;21.09.2026
MARMR;izle;;11,2;2,4;0,0;8,7;10;0;zayif;31,1;16,7;23,0;asagi;zayif;zayif;asagi;1,22;-5,48;6;1,6;-4,19;96868789;1,92;SAT;NEGATIF;SAT;NEGATIF;ARTIYOR;SAT;AL;NOTR;1;21.09.2026
EUYO;izle;;11,1;0,9;1,2;9,0;10;0;zayif;18,6;20,4;27,5;asagi;zayif;zayif;asagi;1,24;-4,52;4;3,69;-9,78;4145010;4,64;SAT;NEGATIF;NOTR;NEGATIF;ARTIYOR;SAT;SAT;NOTR;0;21.09.2026
GATEG;izle;;11,1;2,0;1,1;8,0;0;0;zayif;26,4;28,8;70,4;asagi;zayif;zayif;asagi;0,14;-5,30;2;196,4;-9,99;705469;250,33;SAT;NEGATIF;SAT;NEGATIF;ARTIYOR;SAT;SAT;NOTR;0;21.09.2026
TRILC;izle;;11,0;2,4;5,9;2,7;0;0;zayif;42,9;31,2;47,1;asagi;zayif;zayif;asagi;0,86;-7,67;1;0,96;2,13;3185966;1,05;SAT;NEGATIF;SAT;NEGATIF;AZALIYOR;SAT;SAT;UCUZ (AL);0;21.09.2026
DAPGM;izle;;11,0;1,0;0,0;10,0;0;0;zayif;19,0;20,4;54,3;asagi;zayif;zayif;asagi;2,05;-6,10;1;5,16;-7,03;775220056;6,81;SAT;NEGATIF;NOTR;NEGATIF;ARTIYOR;SAT;SAT;UCUZ (AL);0;21.09.2026
OZGYO;izle;;10,9;4,9;1,1;5,0;6;0;zayif;25,7;25,5;33,9;asagi;zayif;zayif;asagi;1,00;-3,78;3;1,75;-3,85;26351750;1,99;SAT;NEGATIF;SAT;NEGATIF;ARTIYOR;SAT;SAT;NOTR;0;21.09.2026
YAYLA;izle;;10,9;2,4;0,7;7,8;6;0;zayif;32,9;24,9;48,8;asagi;zayif;zayif;asagi;1,17;-3,95;3;16,83;-4,92;20452977;20,57;SAT;NEGATIF;SAT;NEGATIF;ARTIYOR;SAT;SAT;UCUZ (AL);0;21.09.2026
BFREN;izle;;10,9;1,5;1,0;8,5;0;0;zayif;22,7;23,8;38,5;asagi;zayif;zayif;asagi;1,19;-3,69;2;113;-3,42;26864168;126,06;SAT;NEGATIF;SAT;NEGATIF;ARTIYOR;SAT;AL;UCUZ (AL);1;21.09.2026
AKFGY;izle;;10,8;1,3;4,8;4,7;16;1;zayif;21,5;35,2;55,0;asagi;zayif;zayif;asagi;0,98;-2,24;3;2,4;-2,44;87569364;2,77;SAT;NEGATIF;SAT;NEGATIF;ARTIYOR;SAT;SAT;NOTR;0;21.09.2026
PENTA;izle;;10,8;0,8;0,0;10,0;42;3;zayif;17,7;20,8;32,8;asagi;zayif;zayif;asagi;1,48;-4,87;6;10,75;0,94;31123357;12,03;SAT;NEGATIF;NOTR;NEGATIF;ARTIYOR;SAT;AL;NOTR;1;21.09.2026
RTALB;izle;;10,7;0,5;0,9;9,3;0;0;zayif;15,5;24,1;14,7;asagi;zayif;zayif;asagi;1,26;-5,09;2;2,16;-6,90;56248247;2,71;SAT;NEGATIF;NOTR;NEGATIF;ARTIYOR;SAT;SAT;UCUZ (AL);0;21.09.2026
CEMTS;izle;;10,7;1,8;0,7;8,1;42;3;zayif;25,5;21,9;27,4;asagi;zayif;zayif;asagi;1,18;-4,13;4;7,75;0,00;14834291;8,58;SAT;NEGATIF;SAT;NEGATIF;ARTIYOR;SAT;SAT;UCUZ (AL);0;21.09.2026
KATMR;izle;;10,6;2,4;1,3;6,9;10;0;zayif;51,3;17,1;15,1;asagi;zayif;zayif;asagi;1,11;-6,75;4;1,58;-1,86;132499802;1,80;SAT;NEGATIF;SAT;NEGATIF;ARTIYOR;SAT;SAT;UCUZ (AL);0;21.09.2026
EKSUN;izle;;10,6;2,2;0,2;8,2;28;2;zayif;28,4;18,7;24,8;asagi;zayif;zayif;asagi;1,19;-5,90;3;4,41;-5,16;20979953;5,15;SAT;NEGATIF;SAT;NEGATIF;ARTIYOR;SAT;AL;NOTR;1;21.09.2026
BNTAS;izle;;10,6;2,1;0,1;8,3;50;4;zayif;27,7;24,9;13,2;asagi;zayif;zayif;asagi;1,20;-4,11;5;5,38;-2,54;26384768;5,99;SAT;NEGATIF;SAT;NEGATIF;ARTIYOR;SAT;SAT;NOTR;0;21.09.2026
LIDER;izle;;10,4;2,4;8,0;0,0;0;0;zayif;55,5;15,4;20,8;asagi;zayif;zayif;asagi;0,01;-11,60;2;14,22;-10,00;3773064;21,50;AL;NEGATIF;SAT;NEGATIF;AZALIYOR;SAT;SAT;UCUZ (AL);1;21.09.2026
YUNSA;izle;;10,4;2,4;1,3;6,7;6;0;zayif;40,0;19,8;37,1;asagi;zayif;zayif;asagi;1,10;-5,66;3;6,49;-1,52;39162536;7,32;SAT;NEGATIF;SAT;NEGATIF;ARTIYOR;SAT;SAT;NOTR;0;21.09.2026
MAKTK;izle;;10,4;1,9;0,0;8,5;10;0;zayif;25,9;17,6;37,1;asagi;zayif;zayif;asagi;1,21;-5,55;6;7,36;-4,29;41806485;8,79;SAT;NEGATIF;SAT;NEGATIF;ARTIYOR;SAT;SAT;UCUZ (AL);0;21.09.2026
QUAGR;izle;;10,4;0,9;0,8;8,7;10;0;zayif;18,5;21,7;40,7;asagi;zayif;zayif;asagi;1,22;-4,80;4;2,38;-4,03;129725353;2,88;SAT;NEGATIF;NOTR;NEGATIF;ARTIYOR;SAT;SAT;NOTR;0;21.09.2026
ALGYO;izle;;10,4;1,2;3,1;6,1;32;3;zayif;20,8;32,0;36,9;asagi;zayif;zayif;asagi;1,07;-3,99;2;3,11;-4,31;82566939;3,63;SAT;NEGATIF;SAT;NEGATIF;ARTIYOR;SAT;AL;NOTR;1;21.09.2026
EGEPO;izle;;10,4;5,4;4,0;0,9;6;0;zayif;52,8;14,3;16,0;asagi;zayif;zayif;asagi;0,75;-7,67;3;7,16;-2,05;34643925;10,54;SAT;NEGATIF;SAT;NEGATIF;ARTIYOR;AL;SAT;NOTR;1;21.09.2026
ERSU;izle;;10,3;3,9;0,0;6,5;10;1;zayif;18,3;14,4;25,6;asagi;zayif;zayif;asagi;1,09;-5,14;2;15,72;-9,97;7142225;20,59;SAT;NEGATIF;NOTR;NEGATIF;ARTIYOR;SAT;AL;NOTR;1;21.09.2026
CRDFA;izle;;10,3;5,4;0,9;4,0;6;0;zayif;42,1;14,9;37,4;asagi;zayif;zayif;asagi;0,03;-7,36;3;15,16;-9,98;917044;20,45;SAT;NEGATIF;SAT;NEGATIF;AZALIYOR;SAT;SAT;NOTR;0;21.09.2026
DGGYO;izle;;10,2;3,9;1,6;4,8;6;0;zayif;18,5;25,6;13,9;asagi;zayif;zayif;asagi;0,99;-3,57;3;27,6;-4,23;3271897;32,80;SAT;NEGATIF;NOTR;NEGATIF;ARTIYOR;SAT;SAT;NOTR;0;21.09.2026
AYEN;izle;;10,2;3,5;2,7;3,9;6;0;zayif;15,9;28,1;43,0;asagi;zayif;zayif;asagi;0,94;-3,71;3;27,48;-2,90;15987012;30,84;SAT;NEGATIF;NOTR;NEGATIF;ARTIYOR;SAT;SAT;NOTR;0;21.09.2026
ENTRA;izle;;10,1;1,4;7,1;1,6;0;0;zayif;22,4;35,2;43,8;asagi;zayif;zayif;asagi;0,80;-2,37;0;3,98;-0,50;62244199;4,51;SAT;NEGATIF;SAT;NEGATIF;AZALIYOR;SAT;AL;NOTR;1;21.09.2026
KONKA;izle;;10,0;2,4;1,7;5,9;42;3;zayif;48,2;13,7;26,2;asagi;zayif;zayif;asagi;1,05;-7,61;4;7,65;-6,02;23432447;9,17;SAT;NEGATIF;SAT;NEGATIF;ARTIYOR;SAT;SAT;UCUZ (AL);0;21.09.2026
KLKIM;izle;;10,0;1,6;1,7;6,7;6;0;zayif;23,8;28,3;31,6;asagi;zayif;zayif;asagi;1,10;-3,58;3;23,38;1,12;41466862;25,96;SAT;NEGATIF;SAT;NEGATIF;ARTIYOR;SAT;AL;UCUZ (AL);1;21.09.2026
PENGD;izle;;10,0;2,4;1,4;6,1;6;0;zayif;31,1;22,4;42,2;asagi;zayif;zayif;asagi;1,07;-4,73;3;7,94;-2,82;23133158;8,91;SAT;NEGATIF;SAT;NEGATIF;ARTIYOR;SAT;SAT;NOTR;0;21.09.2026
TMSN;izle;;10,0;0,0;2,3;7,7;6;0;zayif;12,2;25,4;34,2;asagi;zayif;zayif;asagi;1,16;-3,51;3;63,95;-3,91;60695904;76,49;SAT;NEGATIF;NOTR;NEGATIF;ARTIYOR;SAT;SAT;UCUZ (AL);0;21.09.2026
BORLS;izle;;9,9;2,4;4,0;3,5;10;0;zayif;44,0;14,2;0,0;asagi;zayif;zayif;asagi;0,91;-7,02;4;2,15;-5,70;61857543;3,01;SAT;NEGATIF;SAT;NEGATIF;AZALIYOR;SAT;SAT;UCUZ (AL);0;21.09.2026
ADESE;izle;;9,9;2,4;1,1;6,4;10;0;zayif;29,4;22,7;26,4;asagi;zayif;zayif;asagi;1,09;-4,03;4;0,72;-4,00;102638147;0,85;SAT;NEGATIF;SAT;NEGATIF;ARTIYOR;SAT;SAT;UCUZ (AL);0;21.09.2026
SOKE;izle;;9,9;2,4;0,6;6,8;6;0;zayif;42,3;11,6;16,4;asagi;zayif;zayif;asagi;1,11;-8,05;3;8,06;-5,06;32499629;10,22;SAT;NEGATIF;SAT;NEGATIF;AZALIYOR;SAT;SAT;NOTR;0;21.09.2026
TATGD;izle;;9,8;3,3;5,8;0,8;10;0;zayif;13,9;36,4;40,0;asagi;zayif;zayif;asagi;0,75;-2,24;5;16,4;-1,03;28605848;18,28;SAT;NEGATIF;NOTR;NEGATIF;ARTIYOR;SAT;SAT;NOTR;0;21.09.2026
MOPAS;izle;;9,8;2,4;0,9;6,5;10;0;zayif;40,7;15,4;31,4;asagi;zayif;zayif;asagi;1,09;-6,09;5;20,74;-3,17;49819761;24,47;SAT;NEGATIF;SAT;NEGATIF;ARTIYOR;SAT;SAT;UCUZ (AL);0;21.09.2026
GWIND;izle;;9,8;0,9;2,8;6,2;10;0;zayif;18,3;28,2;39,1;asagi;zayif;zayif;asagi;1,07;-4,03;4;20,8;-3,17;70728445;22,84;SAT;NEGATIF;NOTR;NEGATIF;ARTIYOR;SAT;SAT;NOTR;0;21.09.2026
IHYAY;izle;;9,7;1,9;3,9;3,8;0;0;zayif;26,3;32,3;51,2;asagi;zayif;zayif;asagi;0,93;-3,45;2;1,07;-0,93;3389308;1,25;SAT;NEGATIF;SAT;NEGATIF;ARTIYOR;SAT;SAT;UCUZ (AL);0;21.09.2026
EUHOL;izle;;9,7;2,4;0,0;7,3;10;0;zayif;36,7;20,8;11,2;asagi;zayif;zayif;asagi;1,14;-6,30;4;7,21;-2,17;5147753;8,51;SAT;NEGATIF;SAT;NEGATIF;ARTIYOR;SAT;AL;UCUZ (AL);1;21.09.2026
DIRIT;izle;;9,7;0,4;1,4;7,9;10;0;zayif;14,7;29,4;32,7;asagi;zayif;zayif;asagi;1,17;-3,01;5;20,8;-9,96;1410240;26,06;SAT;NEGATIF;NOTR;NEGATIF;ARTIYOR;SAT;AL;NOTR;1;21.09.2026
ELITE;izle;;9,7;2,4;0,7;6,5;16;1;zayif;34,8;17,8;33,0;asagi;zayif;zayif;asagi;1,09;-6,17;3;21,3;-4,14;35109919;24,43;SAT;NEGATIF;SAT;NEGATIF;ARTIYOR;SAT;AL;UCUZ (AL);1;21.09.2026
HLGYO;izle;;9,6;1,8;4,5;3,3;42;3;zayif;25,3;33,5;57,7;asagi;zayif;zayif;asagi;0,90;-3,50;5;3,97;-1,73;121520465;4,57;SAT;NEGATIF;SAT;NEGATIF;AZALIYOR;SAT;AL;NOTR;1;21.09.2026
KTLEV;izle;;9,4;5,4;4,0;0,0;0;0;zayif;38,6;24,8;23,0;asagi;zayif;zayif;asagi;0,03;-5,52;1;20,04;-9,97;69996073;32,88;SAT;NEGATIF;SAT;NEGATIF;AZALIYOR;SAT;SAT;NOTR;0;21.09.2026
PASEU;izle;;9,4;5,4;4,0;0,0;0;0;zayif;40,7;22,3;0,0;asagi;zayif;zayif;asagi;0,01;-6,60;1;49,92;-9,97;6359708;87,07;SAT;NEGATIF;SAT;NEGATIF;AZALIYOR;SAT;AL;UCUZ (AL);1;21.09.2026
ODINE;izle;;9,4;5,4;4,0;0,0;0;0;zayif;42,2;17,0;-0,0;asagi;zayif;zayif;asagi;0,03;-8,56;0;416,25;-9,95;4803941;774,70;SAT;NEGATIF;SAT;NEGATIF;AZALIYOR;SAT;SAT;NOTR;0;21.09.2026
MAGEN;izle;;9,4;0,9;0,5;8,0;32;3;zayif;18,8;23,8;38,4;asagi;zayif;zayif;asagi;0,49;-4,94;2;24,52;-9,99;229710054;31,48;SAT;NEGATIF;NOTR;NEGATIF;ARTIYOR;SAT;SAT;UCUZ (AL);0;21.09.2026
ATEKS;izle;;9,4;2,4;2,7;4,2;10;0;zayif;36,0;29,5;38,2;asagi;zayif;zayif;asagi;0,95;-5,08;4;83,9;-0,83;1011498;91,44;SAT;NEGATIF;SAT;NEGATIF;AZALIYOR;SAT;SAT;NOTR;0;21.09.2026
KFEIN;izle;;9,4;0,7;0,5;8,1;6;0;zayif;17,4;19,6;27,8;asagi;zayif;zayif;asagi;1,19;-4,87;3;6,38;-3,19;26342535;7,50;SAT;NEGATIF;NOTR;NEGATIF;ARTIYOR;SAT;SAT;UCUZ (AL);0;21.09.2026
KORDS;izle;;9,4;5,0;0,3;4,0;10;0;zayif;26,9;26,0;12,9;asagi;zayif;zayif;asagi;0,70;-3,36;4;3,07;-2,23;82045581;3,90;SAT;NEGATIF;SAT;NEGATIF;AZALIYOR;SAT;AL;NOTR;1;21.09.2026
ALKA;izle;;9,3;1,2;0,6;7,5;38;3;zayif;20,7;23,8;32,4;asagi;zayif;zayif;asagi;1,15;-4,87;3;6,79;-3,00;20026657;7,75;SAT;NEGATIF;SAT;NEGATIF;ARTIYOR;SAT;SAT;UCUZ (AL);0;21.09.2026
FORTE;izle;;9,3;5,2;4,0;0,1;0;0;zayif;20,9;34,5;33,3;asagi;zayif;zayif;asagi;0,71;-1,92;2;97,2;-0,21;116438310;118,40;SAT;NEGATIF;SAT;NEGATIF;AZALIYOR;SAT;SAT;NOTR;0;21.09.2026
ALKIM;izle;;9,3;1,2;0,4;7,6;28;2;zayif;21,1;23,3;29,6;asagi;zayif;zayif;asagi;1,16;-4,71;3;13,24;-2,58;24762070;14,93;SAT;NEGATIF;SAT;NEGATIF;ARTIYOR;SAT;SAT;UCUZ (AL);0;21.09.2026
ALTNY;izle;;9,2;4,2;1,8;3,3;6;0;zayif;20,5;30,4;32,6;asagi;zayif;zayif;asagi;0,90;-2,81;3;13,84;-1,91;318191274;16,67;SAT;NEGATIF;SAT;NEGATIF;AZALIYOR;SAT;SAT;NOTR;0;21.09.2026
SAFKR;izle;;9,2;2,4;4,0;2,8;6;0;zayif;50,9;15,3;8,2;asagi;zayif;zayif;asagi;0,87;-7,23;3;11,18;-4,44;53003620;13,91;SAT;NEGATIF;SAT;NEGATIF;AZALIYOR;SAT;SAT;UCUZ (AL);0;21.09.2026
VKFYO;izle;;9,2;0,7;2,9;5,5;32;3;zayif;17,4;29,3;18,1;asagi;zayif;zayif;asagi;1,03;-4,18;2;18,52;-7,35;4135331;22,67;SAT;NEGATIF;NOTR;NEGATIF;ARTIYOR;SAT;SAT;UCUZ (AL);0;21.09.2026
PINSU;izle;;9,1;1,9;1,0;6,2;32;2;zayif;25,9;24,2;32,1;asagi;zayif;zayif;asagi;1,07;-3,79;4;8,98;-1,97;34712675;9,98;SAT;NEGATIF;SAT;NEGATIF;ARTIYOR;SAT;SAT;UCUZ (AL);0;21.09.2026
CMBTN;izle;;9,1;2,0;4,2;2,9;6;0;zayif;26,4;32,1;55,3;asagi;zayif;zayif;asagi;0,88;-2,35;3;1400;-4,96;27437200;1617,06;SAT;NEGATIF;SAT;NEGATIF;ARTIYOR;SAT;SAT;UCUZ (AL);0;21.09.2026
COSMO;izle;;9,0;1,3;1,1;6,7;6;0;zayif;21,3;24,2;30,1;asagi;zayif;zayif;asagi;1,10;-4,31;3;93,3;-7,62;7054693;115,62;SAT;NEGATIF;SAT;NEGATIF;ARTIYOR;SAT;SAT;UCUZ (AL);0;21.09.2026
SAMAT;izle;;9,0;2,0;1,0;6,0;10;0;zayif;27,0;16,9;18,0;asagi;zayif;zayif;asagi;1,06;-4,17;5;4,15;-4,38;4693384;5,19;SAT;NEGATIF;SAT;NEGATIF;ARTIYOR;SAT;AL;UCUZ (AL);1;21.09.2026
EUREN;izle;;8,9;1,4;0,0;7,5;32;2;zayif;22,5;21,6;33,7;asagi;zayif;zayif;asagi;1,15;-5,17;4;3,13;-3,10;106004834;3,61;SAT;NEGATIF;SAT;NEGATIF;ARTIYOR;SAT;SAT;UCUZ (AL);0;21.09.2026
GSRAY;izle;;8,9;2,4;0,3;6,2;0;0;zayif;29,4;24,8;18,3;asagi;zayif;zayif;asagi;1,07;-3,55;2;0,91;-3,19;180189095;1,01;SAT;NEGATIF;SAT;NEGATIF;ARTIYOR;SAT;SAT;UCUZ (AL);0;21.09.2026
ANGEN;izle;;8,8;0,7;1,5;6,5;10;0;zayif;17,3;26,8;24,1;asagi;zayif;zayif;asagi;1,09;-4,32;4;7,38;-4,40;19970885;8,77;SAT;NEGATIF;NOTR;NEGATIF;ARTIYOR;SAT;SAT;UCUZ (AL);0;21.09.2026
LKMNH;izle;;8,8;2,4;5,9;0,4;10;1;zayif;36,8;36,8;66,5;asagi;zayif;zayif;asagi;0,72;-2,58;2;12,14;-2,72;23753415;13,89;SAT;NEGATIF;SAT;NEGATIF;ARTIYOR;SAT;AL;UCUZ (AL);1;21.09.2026
YATAS;izle;;8,8;2,4;1,4;4,9;6;0;zayif;38,5;25,1;31,9;asagi;zayif;zayif;asagi;1,00;-5,22;3;26,52;-0,45;24739049;29,86;SAT;NEGATIF;SAT;NEGATIF;ARTIYOR;SAT;SAT;UCUZ (AL);0;21.09.2026
BAKAB;izle;;8,7;2,3;2,3;4,1;10;0;zayif;28,5;23,7;23,4;asagi;zayif;zayif;asagi;0,95;-4,72;5;33,1;-2,88;7908815;37,77;SAT;NEGATIF;SAT;NEGATIF;ARTIYOR;SAT;SAT;NOTR;0;21.09.2026
PAPIL;izle;;8,7;1,9;0,3;6,5;10;0;zayif;25,9;25,7;32,5;asagi;zayif;zayif;asagi;1,09;-3,97;4;9,57;-1,14;88581872;11,64;SAT;NEGATIF;SAT;NEGATIF;ARTIYOR;SAT;SAT;UCUZ (AL);0;21.09.2026
MEKAG;izle;;8,6;1,6;0,5;6,6;10;0;zayif;23,9;19,7;16,7;asagi;zayif;zayif;asagi;1,09;-4,93;5;2,35;-1,26;24116548;2,72;SAT;NEGATIF;SAT;NEGATIF;ARTIYOR;SAT;AL;UCUZ (AL);1;21.09.2026
ECZYT;izle;;8,5;2,4;0,0;6,1;40;4;zayif;29,5;14,1;19,7;asagi;zayif;zayif;asagi;1,07;-7,44;2;211,5;-9,96;76379841;260,96;SAT;NEGATIF;SAT;NEGATIF;ARTIYOR;SAT;SAT;NOTR;0;21.09.2026
EKOS;izle;;8,4;2,4;0,9;5,1;16;1;zayif;35,1;17,8;25,5;asagi;zayif;zayif;asagi;1,01;-5,86;3;3,91;-1,01;35824925;4,55;SAT;NEGATIF;SAT;NEGATIF;ARTIYOR;SAT;SAT;UCUZ (AL);0;21.09.2026
BURVA;izle;;8,4;4,3;4,1;0,0;0;0;zayif;21,2;31,0;17,0;asagi;zayif;zayif;asagi;0,39;-3,75;2;508,5;-10,00;17587490;720,12;SAT;NEGATIF;SAT;NEGATIF;AZALIYOR;SAT;SAT;NOTR;0;21.09.2026
SERNT;izle;;8,4;1,7;0,0;6,6;10;0;zayif;24,8;19,5;35,0;asagi;zayif;zayif;asagi;1,10;-4,99;4;6;-3,69;31662006;7,25;SAT;NEGATIF;SAT;NEGATIF;ARTIYOR;SAT;SAT;NOTR;0;21.09.2026
GSDHO;izle;;8,2;0,7;2,7;4,8;0;0;zayif;17,1;28,0;31,4;asagi;zayif;zayif;asagi;0,99;-3,39;2;4,07;-2,40;45755042;4,77;SAT;NEGATIF;NOTR;NEGATIF;AZALIYOR;SAT;SAT;NOTR;0;21.09.2026
TUREX;izle;;8,2;2,3;0,3;5,6;6;0;zayif;28,7;18,0;16,8;asagi;zayif;zayif;asagi;1,04;-6,31;3;4,95;-1,79;62935993;5,58;SAT;NEGATIF;SAT;NEGATIF;ARTIYOR;SAT;SAT;UCUZ (AL);0;21.09.2026
VSNMD;izle;;8,2;2,4;1,2;4,6;0;0;zayif;29,8;12,7;28,4;asagi;zayif;zayif;asagi;0,98;-6,53;2;32,38;-7,54;35781810;39,05;SAT;NEGATIF;SAT;NEGATIF;ARTIYOR;SAT;SAT;UCUZ (AL);0;21.09.2026
KMPUR;izle;;8,2;5,4;1,3;1,4;6;0;zayif;34,4;22,7;41,2;asagi;zayif;zayif;asagi;0,79;-3,79;3;15,34;-4,07;24537036;18,55;SAT;NEGATIF;SAT;NEGATIF;ARTIYOR;SAT;SAT;NOTR;0;21.09.2026
GLBMD;izle;;8,1;2,2;1,3;4,7;10;0;zayif;28,1;17,7;18,2;asagi;zayif;zayif;asagi;0,98;-4,12;5;9,73;-3,66;1605937;11,18;SAT;NEGATIF;SAT;NEGATIF;ARTIYOR;SAT;SAT;UCUZ (AL);0;21.09.2026
VKING;izle;;8,1;2,4;1,2;4,4;0;0;zayif;42,3;17,2;49,4;asagi;zayif;zayif;asagi;0,97;-4,58;2;17,43;-0,17;5984939;19,58;SAT;NEGATIF;SAT;NEGATIF;ARTIYOR;SAT;SAT;UCUZ (AL);0;21.09.2026
EDIP;izle;;8,1;4,9;3,2;0,0;50;5;zayif;26,1;31,2;19,9;asagi;zayif;zayif;asagi;0,43;-2,91;4;30,8;-3,27;28003422;35,37;SAT;NEGATIF;SAT;NEGATIF;ARTIYOR;SAT;SAT;NOTR;0;21.09.2026
KLSER;izle;;8,0;1,2;0,3;6,5;20;1;zayif;21,1;19,5;23,1;asagi;zayif;zayif;asagi;1,09;-5,84;4;20,1;-2,14;23516618;22,17;SAT;NEGATIF;SAT;NEGATIF;ARTIYOR;SAT;SAT;UCUZ (AL);0;21.09.2026
BORSK;izle;;8,0;2,4;3,4;2,1;0;0;zayif;30,1;32,2;46,0;asagi;zayif;zayif;asagi;0,83;-1,91;2;5,55;-3,31;53095218;6,67;SAT;NEGATIF;SAT;NEGATIF;ARTIYOR;SAT;SAT;NOTR;0;21.09.2026
MTRKS;izle;;7,8;4,9;0,1;2,9;10;0;zayif;25,6;25,3;33,8;asagi;zayif;zayif;asagi;0,88;-3,13;4;23,06;-1,96;30622412;29,41;SAT;NEGATIF;SAT;NEGATIF;AZALIYOR;SAT;SAT;NOTR;0;21.09.2026
AFYON;izle;;7,8;1,1;1,6;5,1;20;1;zayif;19,7;27,2;40,7;asagi;zayif;zayif;asagi;0,88;-3,54;4;11,3;-2,16;14076195;12,38;SAT;NEGATIF;NOTR;NEGATIF;ARTIYOR;SAT;AL;NOTR;1;21.09.2026
KIMMR;izle;;7,7;2,4;1,2;4,1;0;0;zayif;44,0;22,4;25,7;asagi;zayif;zayif;asagi;0,94;-5,01;1;11,52;0,52;11497098;12,64;SAT;NEGATIF;SAT;NEGATIF;ARTIYOR;SAT;AL;NOTR;1;21.09.2026
MEGMT;izle;;7,5;2,4;2,2;2,9;10;0;zayif;47,4;19,5;40,3;asagi;zayif;zayif;asagi;0,87;-6,74;4;3,59;-0,39;218057860;4,56;SAT;NEGATIF;SAT;NEGATIF;ARTIYOR;SAT;SAT;UCUZ (AL);0;21.09.2026
ESEN;izle;;7,4;2,1;1,2;4,1;46;4;zayif;27,4;27,4;29,0;asagi;zayif;zayif;asagi;0,95;-3,85;3;2,91;-3,00;92653320;3,36;SAT;NEGATIF;SAT;NEGATIF;ARTIYOR;SAT;SAT;UCUZ (AL);0;21.09.2026
PAMEL;izle;;7,4;1,8;0,0;5,6;6;0;zayif;25,4;11,4;4,2;asagi;zayif;zayif;asagi;1,04;-6,54;3;52,9;-4,94;18440517;62,55;SAT;NEGATIF;SAT;NEGATIF;ARTIYOR;SAT;SAT;UCUZ (AL);0;21.09.2026
TSPOR;izle;;7,4;2,1;2,1;3,2;10;0;zayif;27,6;31,2;32,7;asagi;zayif;zayif;asagi;0,89;-2,54;4;0,88;0,00;302412408;1,03;SAT;NEGATIF;SAT;NEGATIF;ARTIYOR;SAT;AL;NOTR;1;21.09.2026
MZHLD;izle;;7,4;1,4;5,9;0,0;0;0;zayif;22,5;38,3;43,0;asagi;zayif;zayif;asagi;0,65;-2,18;1;4,85;-3,00;2134834;5,72;SAT;NEGATIF;SAT;NEGATIF;ARTIYOR;SAT;SAT;UCUZ (AL);0;21.09.2026
OBASE;izle;;7,3;0,9;1,3;5,1;10;0;zayif;19,0;23,3;36,6;asagi;zayif;zayif;asagi;1,01;-4,77;4;29,04;-7,40;15007436;35,29;SAT;NEGATIF;NOTR;NEGATIF;ARTIYOR;SAT;SAT;NOTR;0;21.09.2026
SDTTR;izle;;7,3;4,3;2,2;0,8;10;1;zayif;21,4;29,0;41,6;asagi;zayif;zayif;asagi;0,75;-3,19;2;17,45;-1,08;132983414;20,98;SAT;NEGATIF;SAT;NEGATIF;AZALIYOR;SAT;SAT;NOTR;0;21.09.2026
FENER;izle;;7,2;1,7;4,9;0,6;10;0;zayif;24,8;27,9;36,6;asagi;zayif;zayif;asagi;0,74;-3,96;4;2,58;-0,39;249158913;2,93;SAT;NEGATIF;SAT;NEGATIF;AZALIYOR;SAT;AL;NOTR;1;21.09.2026
PKART;izle;;7,1;5,4;0,3;1,4;10;0;zayif;29,8;21,9;31,7;asagi;zayif;zayif;asagi;0,79;-4,00;5;89,9;-4,36;38694758;111,43;SAT;NEGATIF;SAT;NEGATIF;ARTIYOR;SAT;SAT;NOTR;0;21.09.2026
VESBE;izle;;7,1;2,4;4,7;0,0;0;0;zayif;29,9;34,3;77,3;asagi;zayif;zayif;asagi;0,43;-2,48;2;5,01;-2,53;58309992;5,93;SAT;NEGATIF;SAT;NEGATIF;AZALIYOR;SAT;SAT;UCUZ (AL);0;21.09.2026
SELVA;izle;;7,1;1,6;0,4;5,1;6;0;zayif;24,1;16,5;18,0;asagi;zayif;zayif;asagi;1,00;-6,69;3;1,23;-3,15;28589186;1,43;SAT;NEGATIF;SAT;NEGATIF;ARTIYOR;SAT;AL;UCUZ (AL);1;21.09.2026
GLRYH;izle;;7,1;1,4;0,0;5,7;0;0;zayif;22,1;19,1;24,2;asagi;zayif;zayif;asagi;1,04;-6,61;2;1,97;-9,63;22157628;2,53;SAT;NEGATIF;SAT;NEGATIF;ARTIYOR;SAT;SAT;UCUZ (AL);0;21.09.2026
IDGYO;izle;;7,0;2,4;4,6;0,0;10;0;zayif;39,2;30,6;29,6;asagi;zayif;zayif;asagi;0,64;-4,24;4;2,45;-7,55;2362537;2,97;SAT;NEGATIF;SAT;NEGATIF;ARTIYOR;SAT;AL;UCUZ (AL);1;21.09.2026
KRDMB;izle;;7,0;5,4;1,5;0,0;0;0;zayif;39,4;25,7;20,3;asagi;zayif;zayif;asagi;0,67;-4,02;2;79,5;-9,97;101740284;110,96;SAT;NEGATIF;SAT;NEGATIF;ARTIYOR;SAT;AL;PAHALI (SAT);1;21.09.2026
BIZIM;izle;;7,0;1,7;1,8;3,5;32;2;zayif;24,3;29,0;35,4;asagi;zayif;zayif;asagi;0,91;-3,53;4;21,04;-1,77;5515362;23,86;SAT;NEGATIF;SAT;NEGATIF;ARTIYOR;SAT;SAT;UCUZ (AL);0;21.09.2026
NATEN;izle;;6,9;1,5;1,2;4,2;6;0;zayif;23,2;21,2;42,8;asagi;zayif;zayif;asagi;0,95;-4,98;3;4,34;-2,69;33833598;5,09;SAT;NEGATIF;SAT;NEGATIF;ARTIYOR;SAT;SAT;UCUZ (AL);0;21.09.2026
GRNYO;izle;;6,9;2,4;2,5;1,9;0;0;zayif;31,6;27,8;48,0;asagi;zayif;zayif;asagi;0,82;-5,24;0;8,92;-9,99;3652071;11,68;SAT;NEGATIF;SAT;NEGATIF;ARTIYOR;SAT;SAT;UCUZ (AL);0;21.09.2026
MAALT;izle;;6,8;2,3;3,9;0,6;40;5;zayif;29,1;31,9;47,1;asagi;zayif;zayif;asagi;0,74;-2,82;1;906,5;-3,77;34676345;1042,90;SAT;NEGATIF;SAT;NEGATIF;ARTIYOR;SAT;SAT;NOTR;0;21.09.2026
OZRDN;izle;;6,7;4,4;2,3;0,0;0;0;zayif;22,1;27,7;29,3;asagi;zayif;zayif;asagi;0,30;-2,70;2;23,32;-9,96;1973688;31,17;SAT;NEGATIF;SAT;NEGATIF;ARTIYOR;SAT;SAT;NOTR;0;21.09.2026
BRMEN;izle;;6,7;5,4;0,5;0,7;0;0;zayif;43,9;19,1;11,7;asagi;zayif;zayif;asagi;0,74;-7,35;2;7,94;-9,98;2293890;10,36;SAT;NEGATIF;SAT;NEGATIF;ARTIYOR;SAT;SAT;NOTR;0;21.09.2026
GZNMI;izle;;6,7;2,4;0,7;3,5;10;0;zayif;32,2;19,7;9,8;asagi;zayif;zayif;asagi;0,91;-5,17;5;37,8;-6,90;47351002;47,94;SAT;NEGATIF;SAT;NEGATIF;ARTIYOR;SAT;AL;NOTR;1;21.09.2026
SMRVA;izle;;6,6;1,4;0,0;5,2;10;0;zayif;22,4;16,9;25,4;asagi;zayif;zayif;asagi;1,01;-6,47;4;7,64;0,00;65835530;9,03;SAT;NEGATIF;SAT;NEGATIF;ARTIYOR;SAT;SAT;UCUZ (AL);0;21.09.2026
HATSN;izle;;6,6;4,7;1,8;0,0;6;0;zayif;24,8;31,1;17,3;asagi;zayif;zayif;asagi;0,10;-3,64;3;39,42;-10,00;32304256;56,17;SAT;NEGATIF;SAT;NEGATIF;AZALIYOR;SAT;SAT;NOTR;0;21.09.2026
KOTON;izle;;6,5;1,6;1,2;3,7;10;0;zayif;23,8;19,9;19,7;asagi;zayif;zayif;asagi;0,92;-5,20;4;10,92;-3,45;20539898;12,12;SAT;NEGATIF;SAT;NEGATIF;ARTIYOR;SAT;SAT;UCUZ (AL);0;21.09.2026
DGNMO;izle;;6,5;5,4;1,0;0,0;10;1;zayif;42,4;17,4;4,9;asagi;zayif;zayif;asagi;0,27;-4,47;2;5,29;-9,88;6938427;7,08;SAT;NEGATIF;SAT;NEGATIF;ARTIYOR;SAT;AL;NOTR;1;21.09.2026
ALVES;izle;;6,4;2,4;4,0;0,0;0;0;zayif;44,0;12,8;28,4;asagi;zayif;zayif;asagi;0,17;-11,33;1;0,62;-8,82;8185915;0,90;SAT;NEGATIF;SAT;NEGATIF;AZALIYOR;AL;SAT;UCUZ (AL);1;21.09.2026
AYCES;izle;;6,3;0,0;6,3;0,0;6;0;zayif;10,9;36,9;22,2;asagi;zayif;zayif;asagi;0,55;-3,09;3;405,75;-1,40;23049440;467,91;SAT;NEGATIF;NOTR;NEGATIF;ARTIYOR;SAT;SAT;NOTR;0;21.09.2026
ASGYO;izle;;6,3;1,4;0,7;4,2;0;0;zayif;22,4;22,0;44,5;asagi;zayif;zayif;asagi;0,95;-3,88;2;9,81;-2,49;29298340;10,89;SAT;NEGATIF;SAT;NEGATIF;ARTIYOR;SAT;SAT;NOTR;0;21.09.2026
DGATE;izle;;6,2;5,1;1,1;0,0;6;0;zayif;27,7;19,6;35,5;asagi;zayif;zayif;asagi;0,54;-4,91;3;64,6;-9,97;9771461;86,36;SAT;NEGATIF;SAT;NEGATIF;ARTIYOR;SAT;SAT;NOTR;0;21.09.2026
BRLSM;izle;;6,2;4,1;2,1;0,0;6;0;zayif;20,1;32,0;11,1;asagi;zayif;zayif;asagi;0,42;-2,75;3;13,66;-4,41;107715493;18,14;SAT;NEGATIF;SAT;NEGATIF;AZALIYOR;SAT;SAT;NOTR;0;21.09.2026
ULUUN;izle;;6,1;5,1;1,0;0,0;10;0;zayif;27,4;27,2;21,3;asagi;zayif;zayif;asagi;0,62;-3,79;4;6,87;-1,86;40430369;7,92;SAT;NEGATIF;SAT;NEGATIF;AZALIYOR;SAT;AL;NOTR;1;21.09.2026
FADE;izle;;6,1;4,1;0,0;2,0;10;0;zayif;20,1;20,9;24,1;asagi;zayif;zayif;asagi;0,82;-4,81;4;12,11;-4,80;22373794;14,27;SAT;NEGATIF;SAT;NEGATIF;ARTIYOR;SAT;AL;NOTR;1;21.09.2026
SMART;izle;;6,1;0,6;0,9;4,6;10;0;zayif;16,5;21,1;25,2;asagi;zayif;zayif;asagi;0,97;-5,20;5;18,17;-3,45;15081391;21,36;SAT;NEGATIF;NOTR;NEGATIF;ARTIYOR;SAT;AL;NOTR;1;21.09.2026
DESPC;izle;;6,1;1,3;1,2;3,5;0;0;zayif;21,8;25,9;48,4;asagi;zayif;zayif;asagi;0,91;-3,86;2;32,16;-4,34;15032131;38,72;SAT;NEGATIF;SAT;NEGATIF;ARTIYOR;SAT;SAT;UCUZ (AL);0;21.09.2026
INFO;izle;;6,0;4,8;1,2;0,0;0;0;zayif;25,5;25,8;41,2;asagi;zayif;zayif;asagi;0,01;-4,79;1;1,61;-9,55;1878810;2,31;SAT;NEGATIF;SAT;NEGATIF;AZALIYOR;SAT;SAT;NOTR;0;21.09.2026
AKSUE;izle;;6,0;5,4;0,5;0,0;6;0;zayif;47,9;18,4;25,9;asagi;zayif;zayif;asagi;0,65;-7,07;3;17,22;-9,98;37747118;25,70;SAT;NEGATIF;SAT;NEGATIF;AZALIYOR;SAT;SAT;NOTR;0;21.09.2026
AHSGY;izle;;5,9;1,4;3,8;0,7;0;0;zayif;22,1;31,9;49,5;asagi;zayif;zayif;asagi;0,74;-3,86;2;12,22;-1,93;36817381;16,52;SAT;NEGATIF;SAT;NEGATIF;ARTIYOR;SAT;SAT;NOTR;0;21.09.2026
GENTS;izle;;5,9;1,3;1,6;3,0;10;0;zayif;21,5;23,1;39,4;asagi;zayif;zayif;asagi;0,88;-4,50;5;4,46;-4,29;24220034;5,21;SAT;NEGATIF;SAT;NEGATIF;ARTIYOR;SAT;SAT;UCUZ (AL);0;21.09.2026
HDFGS;izle;;5,9;1,9;0,0;4,0;32;2;zayif;26,0;12,4;14,4;asagi;zayif;zayif;asagi;0,05;-7,56;4;1,38;-9,80;2814898;1,80;SAT;NEGATIF;SAT;NEGATIF;ARTIYOR;SAT;SAT;UCUZ (AL);0;21.09.2026
SEGMN;izle;;5,9;5,4;0,2;0,3;0;0;zayif;36,4;21,0;11,6;asagi;zayif;zayif;asagi;0,72;-4,60;2;31,4;-7,54;25476076;42,80;SAT;NEGATIF;SAT;NEGATIF;ARTIYOR;SAT;AL;NOTR;1;21.09.2026
CWENE;izle;;5,8;5,1;0,7;0,0;6;0;zayif;27,2;25,4;27,3;asagi;zayif;zayif;asagi;0,52;-4,92;3;23,4;-2,01;678251270;29,23;SAT;NEGATIF;SAT;NEGATIF;AZALIYOR;SAT;AL;NOTR;1;21.09.2026
RODRG;izle;;5,7;4,8;0,9;0,0;10;0;zayif;25,1;26,6;30,8;asagi;zayif;zayif;asagi;0,47;-3,28;4;19,4;-3,58;2824155;23,47;SAT;NEGATIF;SAT;NEGATIF;ARTIYOR;SAT;SAT;NOTR;0;21.09.2026
ICUGS;izle;;5,7;5,4;0,3;0,0;6;0;zayif;40,0;15,5;43,7;asagi;zayif;zayif;asagi;0,06;-7,04;3;2,34;-10,00;2287958;3,28;SAT;NEGATIF;SAT;NEGATIF;AZALIYOR;SAT;SAT;NOTR;0;21.09.2026
PNLSN;izle;;5,7;1,3;1,4;3,0;10;0;zayif;21,7;24,3;21,9;asagi;zayif;zayif;asagi;0,88;-3,93;4;34,54;-2,70;24243108;39,61;SAT;NEGATIF;SAT;NEGATIF;ARTIYOR;SAT;AL;NOTR;1;21.09.2026
YAPRK;izle;;5,7;0,1;1,7;3,9;6;0;zayif;12,7;23,4;45,3;asagi;zayif;zayif;asagi;0,93;-3,05;3;9,3;-4,22;38714765;11,15;SAT;NEGATIF;NOTR;NEGATIF;ARTIYOR;SAT;SAT;NOTR;0;21.09.2026
DERHL;izle;;5,7;1,5;0,6;3,6;6;0;zayif;23,3;21,4;50,9;asagi;zayif;zayif;asagi;0,91;-5,28;3;1,67;-4,02;19946609;1,97;SAT;NEGATIF;SAT;NEGATIF;ARTIYOR;SAT;SAT;UCUZ (AL);0;21.09.2026
MAKIM;izle;;5,6;1,5;1,1;2,9;6;0;zayif;23,2;21,0;27,0;asagi;zayif;zayif;asagi;0,88;-4,64;3;12,31;-2,61;9221803;14,48;SAT;NEGATIF;SAT;NEGATIF;ARTIYOR;SAT;AL;NOTR;1;21.09.2026
MSGYO;izle;;5,5;0,8;2,3;2,4;6;0;zayif;18,2;27,3;31,5;asagi;zayif;zayif;asagi;0,85;-3,49;3;5,07;-2,31;8240099;5,73;SAT;NEGATIF;NOTR;NEGATIF;ARTIYOR;SAT;SAT;NOTR;0;21.09.2026
LUKSK;izle;;5,5;1,5;0,9;3,2;10;0;zayif;22,7;17,3;14,9;asagi;zayif;zayif;asagi;0,89;-5,37;5;68,15;-2,99;6031957;77,87;SAT;NEGATIF;SAT;NEGATIF;ARTIYOR;SAT;SAT;UCUZ (AL);0;21.09.2026
HKTM;izle;;5,5;2,4;3,1;0,0;16;1;zayif;37,2;32,7;17,3;asagi;zayif;zayif;asagi;0,32;-1,98;3;10,81;-4,34;40958106;13,37;SAT;NEGATIF;SAT;NEGATIF;AZALIYOR;SAT;SAT;NOTR;0;21.09.2026
DARDL;izle;;5,5;2,4;0,4;2,7;50;4;zayif;31,7;13,7;16,7;asagi;zayif;zayif;asagi;0,86;-6,32;4;1,28;-2,29;18707840;1,46;SAT;NEGATIF;SAT;NEGATIF;ARTIYOR;SAT;AL;UCUZ (AL);1;21.09.2026
SKTAS;izle;;5,5;1,7;1,2;2,6;10;0;zayif;24,7;25,8;49,7;asagi;zayif;zayif;asagi;0,85;-3,49;6;2,7;-3,91;36326329;3,14;SAT;NEGATIF;SAT;NEGATIF;ARTIYOR;SAT;SAT;UCUZ (AL);0;21.09.2026
MOGAN;izle;;5,4;5,4;0,0;0,0;28;2;zayif;37,8;18,8;21,0;asagi;zayif;zayif;asagi;0,15;-6,12;3;8,39;-9,98;26523819;11,92;SAT;NEGATIF;SAT;NEGATIF;AZALIYOR;SAT;SAT;NOTR;0;21.09.2026
DUNYH;izle;;5,4;5,4;0,0;0,0;38;3;zayif;45,1;13,6;3,4;asagi;zayif;zayif;asagi;0,01;-6,14;3;67,85;-9,95;751167;96,81;SAT;NEGATIF;SAT;NEGATIF;AZALIYOR;SAT;AL;UCUZ (AL);1;21.09.2026
DURKN;izle;;5,4;5,4;0,0;0,0;32;2;zayif;33,3;19,0;25,8;asagi;zayif;zayif;asagi;0,61;-5,42;4;13,5;-10,00;16685757;17,70;SAT;NEGATIF;SAT;NEGATIF;ARTIYOR;SAT;AL;NOTR;1;21.09.2026
SANFM;izle;;5,4;5,4;0,0;0,0;0;0;zayif;30,3;18,2;19,1;asagi;zayif;zayif;asagi;0,60;-5,75;2;6;-9,91;19487838;7,99;SAT;NEGATIF;SAT;NEGATIF;ARTIYOR;SAT;AL;NOTR;1;21.09.2026
DAGI;izle;;5,4;5,4;0,0;0,0;10;0;zayif;32,6;20,0;10,9;asagi;zayif;zayif;asagi;0,30;-4,90;4;6,06;-9,96;13388958;8,12;SAT;NEGATIF;SAT;NEGATIF;ARTIYOR;SAT;AL;NOTR;1;21.09.2026
ETYAT;izle;;5,4;5,4;0,0;0,0;50;4;zayif;33,3;15,8;16,9;asagi;zayif;zayif;asagi;0,64;-4,81;4;8,41;-9,96;4559902;11,76;SAT;NEGATIF;SAT;NEGATIF;AZALIYOR;SAT;SAT;NOTR;0;21.09.2026
BYDNR;izle;;5,4;5,4;0,0;0,0;0;0;zayif;32,7;14,4;10,7;asagi;zayif;zayif;asagi;0,46;-6,42;2;22,98;-9,95;8845967;30,77;SAT;NEGATIF;SAT;NEGATIF;ARTIYOR;SAT;AL;NOTR;1;21.09.2026
GOODY;izle;;5,4;0,9;1,9;2,6;6;0;zayif;18,9;27,7;39,5;asagi;zayif;zayif;asagi;0,86;-3,31;3;2,32;-4,53;23392502;2,66;SAT;NEGATIF;NOTR;NEGATIF;ARTIYOR;SAT;AL;NOTR;1;21.09.2026
KUTPO;izle;;5,3;0,9;2,1;2,4;0;0;zayif;18,4;26,1;31,6;asagi;zayif;zayif;asagi;0,84;-3,34;2;71,65;-2,45;11042340;80,38;SAT;NEGATIF;NOTR;NEGATIF;ARTIYOR;SAT;SAT;UCUZ (AL);0;21.09.2026
BVSAN;izle;;5,3;1,4;3,0;0,9;0;0;zayif;21,9;33,4;49,0;asagi;zayif;zayif;asagi;0,75;-3,18;0;85,7;-3,44;102778039;111,88;SAT;NEGATIF;SAT;NEGATIF;AZALIYOR;SAT;SAT;NOTR;0;21.09.2026
IHEVA;izle;;5,3;1,0;0,8;3,4;0;0;zayif;19,5;25,0;37,2;asagi;zayif;zayif;asagi;0,90;-3,78;2;1,67;-4,02;2726941;1,95;SAT;NEGATIF;NOTR;NEGATIF;ARTIYOR;SAT;SAT;UCUZ (AL);0;21.09.2026
KARTN;izle;;5,3;4,2;1,0;0,0;6;0;zayif;21,0;24,2;42,0;asagi;zayif;zayif;asagi;0,27;-3,96;3;113,1;-9,95;27416345;155,84;SAT;NEGATIF;SAT;NEGATIF;ARTIYOR;SAT;SAT;NOTR;0;21.09.2026
IZINV;izle;;5,2;1,1;0,2;3,8;10;0;zayif;20,4;14,9;35,2;asagi;zayif;zayif;asagi;0,93;-6,40;6;36,58;-4,54;9874698;44,06;SAT;NEGATIF;SAT;NEGATIF;ARTIYOR;SAT;SAT;UCUZ (AL);0;21.09.2026
SEKUR;izle;;5,1;5,1;0,0;0,0;6;0;zayif;27,4;18,5;8,4;asagi;zayif;zayif;asagi;0,04;-5,56;3;5,97;-9,95;489785;7,99;SAT;NEGATIF;SAT;NEGATIF;AZALIYOR;SAT;AL;NOTR;1;21.09.2026
SNICA;izle;;5,0;0,9;1,3;2,9;6;0;zayif;18,3;24,8;36,6;asagi;zayif;zayif;asagi;0,87;-5,38;3;2,58;-3,73;34622509;3,02;SAT;NEGATIF;NOTR;NEGATIF;ARTIYOR;SAT;SAT;UCUZ (AL);0;21.09.2026
TKNSA;izle;;5,0;1,7;3,3;0,0;16;1;zayif;24,7;31,5;26,2;asagi;zayif;zayif;asagi;0,57;-3,16;3;14,85;-1,98;41498741;17,09;SAT;NEGATIF;SAT;NEGATIF;AZALIYOR;SAT;SAT;UCUZ (AL);0;21.09.2026
INGRM;izle;;5,0;0,5;1,3;3,2;0;0;zayif;15,9;25,5;36,4;asagi;zayif;zayif;asagi;0,89;-3,68;2;318,5;-3,78;20692308;368,29;SAT;NEGATIF;NOTR;NEGATIF;ARTIYOR;SAT;SAT;NOTR;0;21.09.2026
MNDRS;izle;;4,9;1,6;3,3;0,0;6;0;zayif;23,8;33,8;35,2;asagi;zayif;zayif;asagi;0,65;-2,68;3;9,95;-1,87;20101279;11,28;SAT;NEGATIF;SAT;NEGATIF;AZALIYOR;SAT;SAT;UCUZ (AL);0;21.09.2026
VANGD;izle;;4,9;4,9;0,0;0,0;6;0;zayif;26,2;17,0;21,2;asagi;zayif;zayif;asagi;0,08;-5,42;3;61,65;-9,93;754719;78,06;SAT;NEGATIF;SAT;NEGATIF;ARTIYOR;SAT;SAT;NOTR;0;21.09.2026
GARFA;izle;;4,9;0,8;4,1;0,0;0;0;zayif;17,8;33,5;36,2;asagi;zayif;zayif;asagi;0,54;-2,67;1;24,3;-1,30;14486445;27,33;SAT;NEGATIF;NOTR;NEGATIF;ARTIYOR;SAT;SAT;NOTR;0;21.09.2026
YBTAS;izle;;4,9;2,4;0,8;1,6;10;0;zayif;51,1;16,6;11,0;asagi;zayif;zayif;asagi;0,80;-7,84;5;11,2;-5,64;626808;12,54;SAT;NEGATIF;SAT;NEGATIF;ARTIYOR;SAT;SAT;UCUZ (AL);0;21.09.2026
EDATA;izle;;4,9;4,9;0,0;0,0;6;0;zayif;25,7;18,1;28,9;asagi;zayif;zayif;asagi;0,11;-5,30;3;11,22;-9,95;4319958;14,84;SAT;NEGATIF;SAT;NEGATIF;ARTIYOR;SAT;SAT;NOTR;0;21.09.2026
TGSAS;izle;;4,8;4,3;0,5;0,0;6;0;zayif;21,3;26,8;32,0;asagi;zayif;zayif;asagi;0,01;-3,90;3;130;-9,97;634400;181,39;SAT;NEGATIF;SAT;NEGATIF;AZALIYOR;SAT;AL;NOTR;1;21.09.2026
PSDTC;izle;;4,8;4,8;0,0;0,0;50;4;zayif;24,9;21,1;0,0;asagi;zayif;zayif;asagi;0,17;-4,95;4;92,45;-9,98;6282717;125,12;SAT;NEGATIF;SAT;NEGATIF;ARTIYOR;SAT;AL;UCUZ (AL);1;21.09.2026
AVOD;izle;;4,7;2,4;2,3;0,0;0;0;zayif;34,1;30,7;63,5;asagi;zayif;zayif;asagi;0,69;-2,68;2;3,36;-5,88;28412963;4,17;SAT;NEGATIF;SAT;NEGATIF;ARTIYOR;SAT;SAT;NOTR;0;21.09.2026
BEYAZ;izle;;4,6;0,5;3,9;0,2;0;0;zayif;15,5;31,8;46,9;asagi;zayif;zayif;asagi;0,71;-3,43;1;19,38;-5,00;15640532;23,16;SAT;NEGATIF;NOTR;NEGATIF;ARTIYOR;SAT;SAT;UCUZ (AL);0;21.09.2026
SNGYO;izle;;4,6;1,5;0,4;2,7;10;0;zayif;23,2;25,0;19,0;asagi;zayif;zayif;asagi;0,86;-4,15;4;2,69;-2,18;73023224;3,10;SAT;NEGATIF;SAT;NEGATIF;ARTIYOR;SAT;AL;UCUZ (AL);1;21.09.2026
RALYH;izle;;4,6;4,6;0,0;0,0;32;3;zayif;23,7;23,9;47,8;asagi;zayif;zayif;asagi;0,01;-4,43;2;178,2;-10,00;1873595;227,44;SAT;NEGATIF;SAT;NEGATIF;ARTIYOR;SAT;SAT;NOTR;0;21.09.2026
BLCYT;izle;;4,6;2,1;2,5;0,0;0;0;zayif;27,1;31,6;55,3;asagi;zayif;zayif;asagi;0,46;-3,35;1;1,66;-2,35;31660320;2,06;SAT;NEGATIF;SAT;NEGATIF;ARTIYOR;SAT;AL;UCUZ (AL);1;21.09.2026
ESCAR;izle;;4,6;4,6;0,0;0,0;10;1;zayif;23,4;19,4;47,3;asagi;zayif;zayif;asagi;0,00;-5,41;2;30,26;-9,99;179775;38,43;SAT;NEGATIF;SAT;NEGATIF;ARTIYOR;SAT;SAT;NOTR;0;21.09.2026
ATAGY;izle;;4,5;2,4;2,1;0,0;10;0;zayif;36,8;24,6;32,4;asagi;zayif;zayif;asagi;0,48;-3,48;4;8,94;-3,35;875208;10,26;SAT;NEGATIF;SAT;NEGATIF;ARTIYOR;SAT;SAT;UCUZ (AL);0;21.09.2026
UFUK;izle;;4,5;4,5;0,0;0,0;38;3;zayif;22,9;16,8;58,5;asagi;zayif;zayif;asagi;0,00;-5,83;3;915,5;-9,98;639019;1246,32;SAT;NEGATIF;SAT;NEGATIF;AZALIYOR;SAT;SAT;UCUZ (AL);0;21.09.2026
PRKAB;izle;;4,5;0,8;2,5;1,2;16;1;zayif;17,9;27,5;52,1;asagi;zayif;zayif;asagi;0,77;-3,51;3;27,42;-0,51;26325092;31,65;SAT;NEGATIF;NOTR;NEGATIF;ARTIYOR;SAT;SAT;NOTR;0;21.09.2026
AKGRT;izle;;4,4;2,4;2,0;0,0;10;0;zayif;38,0;27,1;28,6;asagi;zayif;zayif;asagi;0,52;-4,70;4;5,48;-0,72;37589063;6,01;SAT;NEGATIF;SAT;NEGATIF;AZALIYOR;SAT;AL;UCUZ (AL);1;21.09.2026
ARENA;izle;;4,4;1,2;1,5;1,7;0;0;zayif;20,6;23,6;27,4;asagi;zayif;zayif;asagi;0,80;-4,69;2;16,42;-3,41;11831825;19,65;SAT;NEGATIF;SAT;NEGATIF;ARTIYOR;SAT;SAT;UCUZ (AL);0;21.09.2026
TSGYO;izle;;4,4;1,2;3,2;0,0;16;1;zayif;20,6;32,0;25,7;asagi;zayif;zayif;asagi;0,51;-3,49;3;5,12;-1,16;7982362;5,76;SAT;NEGATIF;SAT;NEGATIF;AZALIYOR;SAT;AL;UCUZ (AL);1;21.09.2026
KRVGD;izle;;4,4;2,4;1,9;0,0;0;0;zayif;43,8;23,1;45,4;asagi;zayif;zayif;asagi;0,67;-4,47;1;2,03;-2,40;13340833;2,27;SAT;NEGATIF;SAT;NEGATIF;ARTIYOR;SAT;SAT;UCUZ (AL);0;21.09.2026
PRKME;izle;;4,3;1,4;2,9;0,0;10;0;zayif;22,6;31,1;39,7;asagi;zayif;zayif;asagi;0,54;-2,74;4;15,98;-2,32;25711005;18,37;SAT;NEGATIF;SAT;NEGATIF;ARTIYOR;SAT;SAT;NOTR;0;21.09.2026
AGROT;izle;;4,3;0,6;1,5;2,2;22;2;zayif;16,3;19,8;38,0;asagi;zayif;zayif;asagi;0,83;-6,21;2;1,58;-4,82;72267336;1,89;SAT;NEGATIF;NOTR;NEGATIF;ARTIYOR;SAT;SAT;UCUZ (AL);0;21.09.2026
NIBAS;izle;;4,2;1,6;2,6;0,0;32;3;zayif;23,6;33,1;47,8;asagi;zayif;zayif;asagi;0,33;-2,75;2;3,3;-2,65;35540145;4,18;SAT;NEGATIF;SAT;NEGATIF;AZALIYOR;SAT;AL;NOTR;1;21.09.2026
SUNTK;izle;;4,0;2,0;2,0;0,0;10;0;zayif;26,8;25,2;59,4;asagi;zayif;zayif;asagi;0,51;-3,25;4;27,2;-5,16;14390976;34,50;SAT;NEGATIF;SAT;NEGATIF;AZALIYOR;SAT;AL;UCUZ (AL);1;21.09.2026
HATEK;izle;;4,0;1,1;2,9;0,0;6;0;zayif;19,7;29,8;14,8;asagi;zayif;zayif;asagi;0,50;-3,21;3;10,95;-4,62;10641834;13,27;SAT;NEGATIF;NOTR;NEGATIF;ARTIYOR;SAT;SAT;NOTR;0;21.09.2026
TEKTU;izle;;4,0;1,0;0,2;2,8;50;5;zayif;19,2;17,2;15,2;asagi;zayif;zayif;asagi;0,87;-5,93;4;5,33;-5,33;39265316;6,55;SAT;NEGATIF;NOTR;NEGATIF;ARTIYOR;SAT;SAT;UCUZ (AL);0;21.09.2026
ADEL;izle;;3,9;1,4;2,5;0,0;6;0;zayif;22,5;31,0;32,8;asagi;zayif;zayif;asagi;0,51;-2,86;3;27,58;-4,24;62951874;32,45;SAT;NEGATIF;SAT;NEGATIF;ARTIYOR;SAT;SAT;NOTR;0;21.09.2026
OBAMS;izle;;3,7;2,0;1,4;0,3;0;0;zayif;26,6;28,7;36,3;asagi;zayif;zayif;asagi;0,72;-4,11;2;4,25;-3,19;132850461;5,11;SAT;NEGATIF;SAT;NEGATIF;AZALIYOR;SAT;SAT;UCUZ (AL);0;21.09.2026
HEKTS;izle;;3,6;1,9;1,7;0,0;40;4;zayif;26,0;27,8;27,0;asagi;zayif;zayif;asagi;0,63;-4,31;2;2,27;-2,99;701126206;2,73;SAT;NEGATIF;SAT;NEGATIF;AZALIYOR;SAT;SAT;NOTR;0;21.09.2026
SUWEN;izle;;3,4;1,1;2,3;0,0;10;1;zayif;20,3;28,3;77,4;asagi;zayif;zayif;asagi;0,52;-3,22;2;5,37;-8,98;22427982;6,80;SAT;NEGATIF;SAT;NEGATIF;ARTIYOR;SAT;SAT;UCUZ (AL);0;21.09.2026
EMKEL;izle;;3,4;2,4;0,9;0,0;6;0;zayif;55,9;8,9;23,0;asagi;zayif;zayif;asagi;0,65;-9,15;3;9,13;-9,96;20797200;11,65;SAT;NEGATIF;SAT;NEGATIF;ARTIYOR;SAT;SAT;UCUZ (AL);0;21.09.2026
TATEN;izle;;3,4;2,4;0,9;0,0;0;0;zayif;30,5;15,5;22,5;asagi;zayif;zayif;asagi;0,07;-8,14;2;4,91;-9,91;7290314;6,45;SAT;NEGATIF;SAT;NEGATIF;ARTIYOR;SAT;SAT;UCUZ (AL);0;21.09.2026
RUBNS;izle;;3,3;2,4;0,3;0,5;10;0;zayif;33,0;25,3;10,5;asagi;zayif;zayif;asagi;0,73;-2,75;4;22,66;-5,43;31820441;29,95;SAT;NEGATIF;SAT;NEGATIF;AZALIYOR;SAT;SAT;NOTR;0;21.09.2026
BTCIM;izle;;3,2;2,4;0,8;0,0;6;0;zayif;56,9;14,2;45,8;asagi;zayif;zayif;asagi;0,60;-7,23;3;2,62;-9,97;238590523;3,46;SAT;NEGATIF;SAT;NEGATIF;ARTIYOR;SAT;SAT;UCUZ (AL);0;21.09.2026
BSOKE;izle;;3,2;2,4;0,8;0,0;10;0;zayif;48,2;12,5;10,3;asagi;zayif;zayif;asagi;0,02;-7,52;4;12,88;-9,99;3696058;18,78;SAT;NEGATIF;SAT;NEGATIF;AZALIYOR;SAT;SAT;NOTR;0;21.09.2026
GRTHO;izle;;3,2;1,3;1,9;0,0;0;0;zayif;21,5;28,3;57,4;asagi;zayif;zayif;asagi;0,02;-4,62;0;144,7;-9,96;3789114;194,55;SAT;NEGATIF;SAT;NEGATIF;ARTIYOR;SAT;SAT;UCUZ (AL);0;21.09.2026
KBORU;izle;;2,8;2,4;0,4;0,0;6;0;zayif;36,4;18,1;18,6;asagi;zayif;zayif;asagi;0,08;-6,80;3;11,46;-9,98;13514067;15,54;SAT;NEGATIF;SAT;NEGATIF;AZALIYOR;SAT;SAT;NOTR;0;21.09.2026
BIGCH;izle;;2,8;2,1;0,7;0,0;28;2;zayif;27,7;20,8;27,3;asagi;zayif;zayif;asagi;0,61;-5,50;3;4,13;-3,95;15512094;5,16;SAT;NEGATIF;SAT;NEGATIF;AZALIYOR;SAT;SAT;UCUZ (AL);0;21.09.2026
BURCE;izle;;2,7;1,2;1,4;0,0;16;1;zayif;21,2;19,4;26,2;asagi;zayif;zayif;asagi;0,65;-4,85;3;26,84;-5,09;29803029;32,62;SAT;NEGATIF;SAT;NEGATIF;ARTIYOR;SAT;SAT;UCUZ (AL);0;21.09.2026
ISSEN;izle;;2,6;2,0;0,6;0,0;20;1;zayif;26,5;19,6;53,8;asagi;zayif;zayif;asagi;0,67;-4,00;4;5,98;-2,61;5179607;6,77;SAT;NEGATIF;SAT;NEGATIF;ARTIYOR;SAT;AL;UCUZ (AL);1;21.09.2026
TMPOL;izle;;2,6;2,4;0,1;0,0;0;0;zayif;32,1;20,7;7,3;asagi;zayif;zayif;asagi;0,00;-6,29;1;189,3;-9,99;769126;279,70;SAT;NEGATIF;SAT;NEGATIF;AZALIYOR;SAT;SAT;NOTR;0;21.09.2026
IHAAS;izle;;2,5;1,8;0,7;0,0;38;3;zayif;25,0;22,5;32,8;asagi;zayif;zayif;asagi;0,18;-5,33;3;37,4;-9,97;6711767;48,45;SAT;NEGATIF;SAT;NEGATIF;ARTIYOR;SAT;AL;NOTR;1;21.09.2026
BRKVY;izle;;2,4;2,4;0,0;0,0;10;0;zayif;31,7;24,2;34,1;asagi;zayif;zayif;asagi;0,62;-4,15;4;61;-4,61;23618041;75,84;SAT;NEGATIF;SAT;NEGATIF;ARTIYOR;SAT;AL;UCUZ (AL);1;21.09.2026
ONCSM;izle;;2,4;2,4;0,0;0,0;0;0;zayif;41,5;17,4;10,8;asagi;zayif;zayif;asagi;0,12;-7,31;2;104,1;-9,95;9861497;148,63;SAT;NEGATIF;SAT;NEGATIF;AZALIYOR;SAT;SAT;UCUZ (AL);0;21.09.2026
A1CAP;izle;;2,4;2,4;0,0;0,0;10;0;zayif;47,7;10,7;13,8;asagi;zayif;zayif;asagi;0,08;-8,94;4;4,71;-9,94;3341401;5,92;SAT;NEGATIF;SAT;NEGATIF;ARTIYOR;SAT;AL;UCUZ (AL);1;21.09.2026
SKYLP;izle;;2,4;2,4;0,0;0,0;0;0;zayif;43,2;16,9;17,0;asagi;zayif;zayif;asagi;0,04;-7,25;1;103,7;-9,98;301871;149,99;SAT;NEGATIF;SAT;NEGATIF;AZALIYOR;SAT;SAT;UCUZ (AL);0;21.09.2026
IZENR;izle;;2,4;2,4;0,0;0,0;6;0;zayif;33,3;14,0;31,5;asagi;zayif;zayif;asagi;0,11;-8,10;3;4,34;-9,96;14831729;5,63;SAT;NEGATIF;SAT;NEGATIF;ARTIYOR;SAT;SAT;UCUZ (AL);0;21.09.2026
SMRTG;izle;;2,4;2,4;0,0;0,0;0;0;zayif;32,7;15,5;15,9;asagi;zayif;zayif;asagi;0,13;-7,37;1;5,43;-9,95;14895120;7,11;SAT;NEGATIF;SAT;NEGATIF;ARTIYOR;SAT;SAT;NOTR;0;21.09.2026
KLRHO;izle;;2,4;2,4;0,0;0,0;0;0;zayif;32,8;13,2;7,5;asagi;zayif;zayif;asagi;0,04;-8,83;2;38,12;-9,97;6417006;49,10;SAT;NEGATIF;SAT;NEGATIF;ARTIYOR;SAT;SAT;UCUZ (AL);0;21.09.2026
BULGS;izle;;2,4;2,4;0,0;0,0;0;0;zayif;50,3;10,7;30,4;asagi;zayif;zayif;asagi;0,02;-8,22;2;18,96;-9,97;1021679;24,46;SAT;NEGATIF;SAT;NEGATIF;ARTIYOR;SAT;SAT;UCUZ (AL);0;21.09.2026
PRDGS;izle;;2,4;2,4;0,0;0,0;20;1;zayif;30,7;17,3;8,4;asagi;zayif;zayif;asagi;0,09;-6,54;4;4,37;-9,90;2332741;5,62;SAT;NEGATIF;SAT;NEGATIF;ARTIYOR;SAT;SAT;UCUZ (AL);0;21.09.2026
KAPLM;izle;;2,4;2,4;0,0;0,0;10;0;zayif;47,6;14,8;21,3;asagi;zayif;zayif;asagi;0,08;-8,04;4;220;-9,98;1909160;290,59;SAT;NEGATIF;SAT;NEGATIF;ARTIYOR;SAT;SAT;NOTR;0;21.09.2026
DITAS;izle;;2,4;2,4;0,0;0,0;6;0;zayif;36,2;18,7;32,9;asagi;zayif;zayif;asagi;0,02;-7,11;3;10,99;-9,99;710514;15,93;SAT;NEGATIF;SAT;NEGATIF;AZALIYOR;SAT;SAT;UCUZ (AL);0;21.09.2026
LYDHO;izle;;2,4;2,4;0,0;0,0;6;0;zayif;53,0;13,5;30,5;asagi;zayif;zayif;asagi;0,01;-8,05;3;84,65;-9,99;308380;111,81;SAT;NEGATIF;SAT;NEGATIF;ARTIYOR;SAT;SAT;UCUZ (AL);0;21.09.2026
MMCAS;izle;;2,4;2,4;0,0;0,0;0;0;zayif;35,9;20,5;44,3;asagi;zayif;zayif;asagi;0,22;-8,23;2;25,54;-9,94;286329;35,21;SAT;NEGATIF;SAT;NEGATIF;AZALIYOR;SAT;SAT;UCUZ (AL);0;21.09.2026
BIENY;izle;;2,4;1,5;0,0;1,0;10;0;zayif;22,7;18,8;10,7;asagi;zayif;zayif;asagi;0,76;-4,61;5;16,73;-3,91;35933999;19,43;SAT;NEGATIF;SAT;NEGATIF;ARTIYOR;SAT;AL;UCUZ (AL);1;21.09.2026
CEMAS;izle;;2,3;1,9;0,0;0,4;6;0;zayif;26,0;23,6;34,9;asagi;zayif;zayif;asagi;0,72;-4,69;3;3,26;-3,83;38766769;3,87;SAT;NEGATIF;SAT;NEGATIF;ARTIYOR;SAT;SAT;NOTR;0;21.09.2026
ENSRI;izle;;2,3;1,4;0,9;0,0;6;0;zayif;22,1;21,6;9,9;asagi;zayif;zayif;asagi;0,60;-8,01;3;3,47;-0,86;50595369;4,13;SAT;NEGATIF;SAT;NEGATIF;AZALIYOR;SAT;AL;UCUZ (AL);1;21.09.2026
GIPTA;izle;;2,2;1,7;0,4;0,0;0;0;zayif;24,7;26,4;26,4;asagi;zayif;zayif;asagi;0,01;-4,34;1;45;-10,00;3599910;62,98;SAT;NEGATIF;SAT;NEGATIF;AZALIYOR;SAT;SAT;NOTR;0;21.09.2026
CUSAN;izle;;2,1;1,4;0,7;0,0;6;0;zayif;22,2;24,8;42,7;asagi;zayif;zayif;asagi;0,62;-3,78;3;19,54;-5,15;10264479;23,45;SAT;NEGATIF;SAT;NEGATIF;ARTIYOR;SAT;SAT;NOTR;0;21.09.2026
BINBN;izle;;2,0;2,0;0,1;0,0;0;0;zayif;26,6;19,1;21,7;asagi;zayif;zayif;asagi;0,04;-4,57;1;122,3;-9,94;1811508;157,73;SAT;NEGATIF;SAT;NEGATIF;ARTIYOR;SAT;SAT;UCUZ (AL);0;21.09.2026
BIOEN;izle;;1,9;1,9;0,0;0,0;0;0;zayif;25,6;23,4;45,8;asagi;zayif;zayif;asagi;0,26;-4,40;2;12,99;-9,98;29186737;17,01;SAT;NEGATIF;SAT;NEGATIF;ARTIYOR;SAT;SAT;NOTR;0;21.09.2026
YIGIT;izle;;1,8;1,6;0,2;0,0;0;0;zayif;24,0;24,9;48,7;asagi;zayif;zayif;asagi;0,60;-3,94;2;18,38;-3,47;42760776;21,23;SAT;NEGATIF;SAT;NEGATIF;ARTIYOR;SAT;SAT;NOTR;0;21.09.2026
VRGYO;izle;;1,8;1,8;0,0;0,0;10;1;zayif;24,9;16,0;40,4;asagi;zayif;zayif;asagi;0,33;-6,67;2;1,31;-9,66;5059018;1,55;SAT;NEGATIF;SAT;NEGATIF;ARTIYOR;SAT;SAT;UCUZ (AL);0;21.09.2026
ISKPL;izle;;1,8;1,8;0,0;0,0;0;0;zayif;24,9;17,2;16,8;asagi;zayif;zayif;asagi;0,08;-6,54;2;4,27;-9,92;12666332;5,84;SAT;NEGATIF;SAT;NEGATIF;AZALIYOR;SAT;AL;UCUZ (AL);1;21.09.2026
LYDYE;izle;;1,7;1,6;0,1;0,0;10;0;zayif;23,6;20,6;45,2;asagi;zayif;zayif;asagi;0,05;-5,72;4;8405;-9,99;1050625;10632,76;SAT;NEGATIF;SAT;NEGATIF;ARTIYOR;SAT;SAT;UCUZ (AL);0;21.09.2026
FRIGO;izle;;1,7;1,2;0,5;0,0;10;0;zayif;21,1;26,5;26,2;asagi;zayif;zayif;asagi;0,37;-3,77;4;1,71;-10,00;27622743;2,31;SAT;NEGATIF;SAT;NEGATIF;ARTIYOR;SAT;SAT;UCUZ (AL);0;21.09.2026
DOGUB;izle;;1,6;1,0;0,7;0,0;0;0;zayif;19,1;19,7;54,2;asagi;zayif;zayif;asagi;0,07;-5,88;1;39,18;-9,97;1246668;54,70;SAT;NEGATIF;NOTR;NEGATIF;AZALIYOR;SAT;SAT;NOTR;0;21.09.2026
RUZYE;izle;;1,6;1,6;0,0;0,0;10;1;zayif;23,6;25,1;40,8;asagi;zayif;zayif;asagi;0,07;-4,93;1;5,56;-9,89;2822128;7,64;SAT;NEGATIF;SAT;NEGATIF;AZALIYOR;SAT;SAT;UCUZ (AL);0;21.09.2026
PLTUR;izle;;1,5;1,1;0,4;0,0;10;0;zayif;20,3;24,7;53,4;asagi;zayif;zayif;asagi;0,58;-4,39;5;16,71;-3,13;33474892;19,41;SAT;NEGATIF;SAT;NEGATIF;ARTIYOR;SAT;AL;UCUZ (AL);1;21.09.2026
A1YEN;izle;;1,4;1,4;0,0;0,0;6;0;zayif;22,6;14,8;36,5;asagi;zayif;zayif;asagi;0,14;-6,98;3;1,76;-9,74;3529080;2,18;SAT;NEGATIF;SAT;NEGATIF;ARTIYOR;SAT;SAT;UCUZ (AL);0;21.09.2026
HOROZ;izle;;1,4;1,1;0,4;0,0;6;0;zayif;19,9;23,5;26,5;asagi;zayif;zayif;asagi;0,67;-4,23;3;45,92;-1,88;35422183;54,80;SAT;NEGATIF;NOTR;NEGATIF;AZALIYOR;SAT;SAT;NOTR;0;21.09.2026
BINHO;izle;;1,4;1,4;0,0;0,0;6;0;zayif;22,5;20,4;47,6;asagi;zayif;zayif;asagi;0,07;-5,35;3;6,35;-9,93;13444563;8,24;SAT;NEGATIF;SAT;NEGATIF;ARTIYOR;SAT;SAT;UCUZ (AL);0;21.09.2026
BRKO;izle;;0,9;0,9;0,0;0,0;6;0;zayif;18,9;24,4;23,0;asagi;zayif;zayif;asagi;0,51;-6,32;3;7,49;-9,98;1391170;9,54;SAT;NEGATIF;NOTR;NEGATIF;ARTIYOR;SAT;SAT;NOTR;0;21.09.2026