hisse;durum;yeni_sinyal;konfluans;trend_35;momentum_30;hacim_35;risk;uyumsuzluk;rejim;adx;rsi;mfi;supertrend;goreli_guc;usd_trend;haftalik_trend;hacim_orani;ema50_uzaklik_atr;dagitim_gun;kapanis;degisim%;islem_hacmi_tl;st_cizgisi;osc_macd;osc_rsi;osc_adx;osc_momentum;osc_atr;osc_wavetrend;osc_stochrsi;osc_sharpe;osc_al_sayisi;tarih
HRKET;GUCLU AL;;96,7;32,2;30,0;34,5;18;0;guclu trend;22,8;71,6;78,1;yukari;guclu;yukselis;yukari;1,67;2,40;1;8,23;1,86;678314872;6,26;AL;POZITIF;AL;POZITIF;ARTIYOR;AL;SAT;NOTR;5;25.09.2026
ETILR;AL;;93,8;28,8;30,0;35,0;22;2;ilimli;14,1;60,4;63,9;yukari;guclu;yukselis;yukari;1,48;1,60;2;6,73;9,97;88729202;5,30;AL;POZITIF;NOTR;POZITIF;ARTIYOR;AL;AL;NOTR;5;25.09.2026
ENERY;GUCLU AL;;91,8;35,0;30,0;26,8;36;0;guclu trend;39,2;71,2;58,8;yukari;guclu;yukselis;yukari;0,81;4,41;2;13,51;3,60;887679670;11,31;AL;POZITIF;AL;POZITIF;AZALIYOR;AL;AL;NOTR;6;25.09.2026
SKYMD;GUCLU AL;;91,7;32,9;26,0;32,8;0;0;guclu trend;24,6;59,4;60,1;yukari;guclu;yukselis;yukari;1,24;1,51;2;17,01;8,27;85167080;14,07;SAT;POZITIF;AL;POZITIF;ARTIYOR;AL;AL;NOTR;5;25.09.2026
BAHKM;GUCLU AL;;91,1;35,0;24,9;31,2;22;2;guclu trend;38,3;59,2;69,5;yukari;guclu;yukselis;yukari;1,27;1,83;0;183,4;6,13;483822772;146,75;SAT;POZITIF;AL;NEGATIF;ARTIYOR;SAT;SAT;NOTR;2;25.09.2026
TKFEN;GUCLU AL;;91,0;35,0;29,3;26,7;28;0;guclu trend;40,3;73,5;58,4;yukari;guclu;yukselis;yukari;0,80;4,16;1;277,5;1,28;1399257675;226,08;AL;POZITIF;AL;POZITIF;AZALIYOR;AL;AL;PAHALI (SAT);6;25.09.2026
HUNER;izle;;90,9;29,9;30,0;31,1;50;5;ilimli;16,8;66,2;65,9;yukari;guclu;yukselis;yukari;1,06;2,24;1;4,36;6,86;293623363;3,50;AL;POZITIF;NOTR;POZITIF;ARTIYOR;AL;AL;NOTR;5;25.09.2026
AHGAZ;GUCLU AL;;88,6;34,8;28,9;25,0;28;0;guclu trend;29,4;74,3;62,2;yukari;guclu;yukselis;yukari;0,65;3,85;1;44,26;0,05;217839399;39,15;AL;POZITIF;AL;POZITIF;AZALIYOR;AL;AL;NOTR;6;25.09.2026
ISDMR;GUCLU AL;;88,4;33,8;30,0;24,6;8;0;guclu trend;27,0;65,6;81,1;yukari;guclu;yukselis;yukari;0,71;1,98;1;63,45;1,60;106191697;54,52;AL;POZITIF;AL;POZITIF;ARTIYOR;AL;AL;NOTR;6;25.09.2026
GMTAS;izle;;83,7;22,1;29,1;32,5;0;0;ilimli;17,4;57,6;66,9;asagi;guclu;yukselis;yukari;1,73;1,09;1;49,6;1,18;314459387;50,60;AL;POZITIF;NOTR;POZITIF;ARTIYOR;AL;AL;NOTR;5;25.09.2026
TUCLK;GUCLU AL;EVET;83,4;18,4;30,0;35,0;0;0;zayif;26,3;64,3;67,6;yukari;guclu;yukselis;yukari;1,93;1,74;1;4,37;9,80;98329016;3,31;AL;POZITIF;AL;POZITIF;ARTIYOR;AL;AL;NOTR;6;25.09.2026
UNLU;GUCLU AL;;82,6;30,0;30,0;22,6;28;0;zayif;39,9;66,8;85,3;yukari;guclu;yukselis;yukari;3,59;2,58;3;13,97;-4,90;322938399;11,75;AL;POZITIF;AL;POZITIF;ARTIYOR;AL;AL;NOTR;6;25.09.2026
RYGYO;izle;;81,4;27,0;30,0;24,4;10;0;guclu trend;32,7;66,0;74,8;asagi;guclu;yukselis;yukari;0,44;2,38;1;49,9;1,30;78109917;50,89;AL;POZITIF;AL;POZITIF;AZALIYOR;AL;AL;NOTR;6;25.09.2026
TRMET;izle;;80,6;20,5;28,9;31,1;0;0;ilimli;15,9;54,6;68,7;asagi;guclu;yukselis;yukari;1,18;1,04;2;140,4;1,67;953101328;146,21;AL;POZITIF;NOTR;POZITIF;AZALIYOR;AL;AL;NOTR;5;25.09.2026
AGHOL;AL;;80,5;29,6;27,5;23,5;0;0;ilimli;17,8;52,2;68,3;yukari;guclu;zayif;yukari;0,31;0,42;2;34;-0,29;62032048;31,63;AL;POZITIF;NOTR;NEGATIF;AZALIYOR;SAT;SAT;NOTR;2;25.09.2026
MEPET;AL;;80,5;22,6;29,1;28,8;0;0;ilimli;16,1;58,7;65,4;yukari;guclu;yukselis;yukari;1,00;1,13;1;22,46;-2,60;12060436;17,41;AL;POZITIF;NOTR;POZITIF;AZALIYOR;AL;AL;NOTR;5;25.09.2026
BIMAS;GUCLU AL;;80,5;31,7;24,4;24,4;10;1;guclu trend;21,5;54,8;63,0;yukari;guclu;yukselis;yukari;0,64;1,38;2;424,75;0,47;2610764527;402,48;SAT;POZITIF;AL;NEGATIF;AZALIYOR;SAT;SAT;NOTR;2;25.09.2026
DEVA;GUCLU AL;;79,9;35,0;23,9;21,0;0;0;guclu trend;37,7;55,0;62,6;yukari;guclu;yukselis;yukari;0,29;2,02;1;97,75;1,82;24561545;91,73;SAT;POZITIF;AL;NEGATIF;AZALIYOR;SAT;SAT;NOTR;2;25.09.2026
TUPRS;izle;;78,2;30,2;23,7;24,3;42;2;guclu trend;28,0;56,5;58,9;yukari;guclu;yukselis;yukari;0,59;2,33;4;406;-1,16;6756389318;374,32;SAT;POZITIF;SAT;NEGATIF;AZALIYOR;SAT;AL;NOTR;2;25.09.2026
KRDMD;izle;;77,1;22,1;30,0;25,0;40;4;ilimli;17,4;57,9;64,6;asagi;guclu;yukselis;yukari;0,67;1,56;2;46,96;1,65;1544825839;48,15;AL;POZITIF;NOTR;POZITIF;AZALIYOR;AL;AL;NOTR;5;25.09.2026
ORGE;AL;;75,4;29,6;23,8;22,0;10;0;ilimli;16,1;52,7;56,7;yukari;guclu;yukselis;yukari;0,54;0,58;4;22,84;1,24;52578913;20,44;SAT;POZITIF;NOTR;NEGATIF;AZALIYOR;AL;AL;NOTR;3;25.09.2026
TOASO;AL;EVET;75,4;19,1;28,1;28,2;18;1;ilimli;15,6;55,6;64,1;yukari;guclu;yukselis;yukari;1,00;0,68;1;290;3,76;1084211690;263,78;AL;POZITIF;NOTR;NEGATIF;ARTIYOR;AL;SAT;NOTR;3;25.09.2026
TUKAS;AL;;74,2;15,1;30,0;29,1;10;1;zayif;26,3;65,4;66,4;yukari;guclu;yukselis;yukari;1,68;1,89;2;2,29;-1,72;448441025;2,00;AL;POZITIF;AL;POZITIF;ARTIYOR;AL;SAT;NOTR;5;25.09.2026
SOKM;AL;;72,9;28,4;21,9;22,6;28;2;ilimli;14,8;49,6;65,4;yukari;guclu;yukselis;yukari;0,47;0,61;3;57,25;-0,43;108295188;54,83;SAT;NEGATIF;NOTR;NEGATIF;AZALIYOR;SAT;SAT;NOTR;0;25.09.2026
KRPLS;AL;;71,8;35,0;24,8;12,0;22;2;guclu trend;36,3;53,0;60,1;yukari;guclu;yukselis;yukari;0,29;0,98;1;11,8;3,51;25201343;11,28;SAT;POZITIF;AL;NEGATIF;AZALIYOR;SAT;AL;NOTR;3;25.09.2026
FLAP;AL;;71,6;35,0;24,6;12,0;0;0;guclu trend;31,6;56,5;62,6;yukari;guclu;yukselis;yukari;0,44;0,92;2;12,2;1,67;7486896;10,92;SAT;POZITIF;AL;NEGATIF;AZALIYOR;SAT;AL;NOTR;3;25.09.2026
CELHA;izle;;70,7;24,4;25,6;20,7;0;0;guclu trend;23,3;56,7;79,8;asagi;guclu;yukselis;yukari;0,62;1,33;0;27,56;0,95;47600226;31,08;SAT;POZITIF;AL;POZITIF;AZALIYOR;AL;AL;NOTR;5;25.09.2026
TRENJ;izle;;70,2;28,4;24,0;17,8;46;5;ilimli;15,0;51,7;59,5;yukari;guclu;yukselis;yukari;0,60;0,65;3;105;3,65;88788735;98,12;SAT;POZITIF;NOTR;NEGATIF;AZALIYOR;SAT;SAT;NOTR;1;25.09.2026
RYSAS;izle;;67,8;24,5;24,2;19,1;10;1;guclu trend;23,6;52,1;48,5;asagi;guclu;yukselis;yukari;0,29;0,73;0;26,24;-3,74;149482248;28,46;SAT;POZITIF;AL;NEGATIF;AZALIYOR;AL;AL;NOTR;4;25.09.2026
DMLKT;AL;;67,4;30,1;22,0;15,4;10;0;guclu trend;27,4;49,3;49,1;yukari;guclu;yukselis;yukari;0,54;1,20;5;6,84;0,44;25144476;6,62;SAT;NEGATIF;SAT;NEGATIF;AZALIYOR;SAT;AL;NOTR;1;25.09.2026
VAKBN;izle;;65,7;22,7;22,3;20,6;0;0;ilimli;19,0;51,5;71,4;asagi;guclu;yukselis;yukari;0,33;0,61;1;33,8;0,06;931045370;38,36;SAT;POZITIF;NOTR;NEGATIF;AZALIYOR;SAT;SAT;NOTR;1;25.09.2026
ALARK;izle;;65,3;21,1;22,2;22,0;20;1;guclu trend;23,9;46,7;53,6;asagi;guclu;zayif;yukari;0,77;-0,12;4;107;1,90;340720100;117,47;SAT;NEGATIF;SAT;NEGATIF;AZALIYOR;SAT;SAT;NOTR;0;25.09.2026
KRTEK;AL;;65,2;10,1;28,8;26,3;0;0;zayif;17,4;60,2;73,4;yukari;guclu;yukselis;yukari;0,97;0,98;1;6,32;-3,95;5110567;5,02;AL;POZITIF;NOTR;POZITIF;ARTIYOR;AL;AL;NOTR;5;25.09.2026
AKFIS;izle;;64,3;22,9;23,0;18,4;0;0;ilimli;19,3;50,2;44,2;asagi;guclu;zayif;yukari;0,83;0,23;2;15,75;5,00;212183764;17,46;SAT;POZITIF;NOTR;NEGATIF;AZALIYOR;AL;AL;PAHALI (SAT);3;25.09.2026
KCHOL;izle;;63,0;21,8;22,3;18,9;22;2;guclu trend;25,0;50,4;65,5;asagi;guclu;yukselis;yukari;0,44;0,69;2;216,5;0,23;2949176856;229,66;SAT;POZITIF;SAT;NEGATIF;AZALIYOR;SAT;SAT;NOTR;1;25.09.2026
KLSYN;izle;;63,0;22,3;22,5;18,2;0;0;guclu trend;29,1;48,1;57,3;asagi;guclu;zayif;yukari;0,50;-0,01;1;14,7;5,00;26936530;16,20;SAT;NEGATIF;SAT;NEGATIF;AZALIYOR;AL;AL;NOTR;2;25.09.2026
EBEBK;izle;;62,8;20,2;20,5;22,2;38;3;zayif;13,5;46,8;51,5;asagi;guclu;zayif;yukari;0,83;-0,30;3;80,65;0,00;45774924;87,54;SAT;NEGATIF;NOTR;NEGATIF;AZALIYOR;SAT;SAT;NOTR;0;25.09.2026
TRALT;izle;;62,1;20,5;22,1;19,6;16;1;zayif;15,7;47,7;65,3;asagi;guclu;zayif;yukari;0,69;-0,19;3;49,84;2,98;3092959456;56,70;SAT;NEGATIF;NOTR;NEGATIF;AZALIYOR;SAT;SAT;NOTR;0;25.09.2026
BRSAN;izle;;62,0;21,3;24,2;16,5;0;0;guclu trend;21,5;50,5;43,2;asagi;guclu;yukselis;yukari;0,69;0,73;1;672;3,86;801002496;709,48;SAT;POZITIF;SAT;NEGATIF;ARTIYOR;SAT;SAT;NOTR;1;25.09.2026
ZRGYO;izle;;60,0;14,1;23,3;22,6;40;4;zayif;19,0;50,6;38,7;yukari;guclu;zayif;yukari;0,56;0,33;1;19,41;2,16;25159126;18,80;SAT;POZITIF;NOTR;NEGATIF;AZALIYOR;SAT;SAT;NOTR;1;25.09.2026
HALKB;izle;;59,6;28,9;21,3;9,4;10;1;ilimli;18,4;50,1;29,3;yukari;guclu;yukselis;yukari;0,18;0,71;0;44,9;-0,66;549041510;44,37;SAT;POZITIF;NOTR;NEGATIF;AZALIYOR;SAT;SAT;NOTR;1;25.09.2026
KRGYO;izle;;59,2;21,4;20,6;17,2;10;1;guclu trend;35,0;48,2;55,6;asagi;guclu;yukselis;yukari;0,52;0,34;0;3,11;3,32;34071020;3,78;SAT;NEGATIF;SAT;NEGATIF;AZALIYOR;SAT;SAT;NOTR;0;25.09.2026
DMRGD;izle;;58,0;14,3;17,7;26,0;40;4;zayif;21,6;47,0;73,5;asagi;zayif;zayif;yukari;1,60;-0,54;0;10,28;9,01;1027122551;11,42;SAT;NEGATIF;SAT;NEGATIF;ARTIYOR;SAT;AL;NOTR;1;25.09.2026
TNZTP;izle;;57,3;20,7;23,1;13,5;40;5;ilimli;17,0;49,3;59,6;asagi;guclu;zayif;yukari;0,65;0,24;1;28,9;5,32;82337458;32,10;SAT;NEGATIF;NOTR;NEGATIF;ARTIYOR;SAT;SAT;NOTR;0;25.09.2026
ARSAN;izle;;57,2;19,0;21,9;16,3;0;0;guclu trend;20,3;46,6;52,1;asagi;guclu;zayif;yukari;0,40;-0,24;1;3,68;0,55;31792186;4,10;SAT;NEGATIF;SAT;NEGATIF;AZALIYOR;SAT;AL;NOTR;1;25.09.2026
AVGYO;izle;;56,7;20,1;22,9;13,7;40;5;ilimli;12,4;49,6;35,5;asagi;guclu;zayif;yukari;0,33;0,15;1;16;1,07;9129616;18,21;SAT;NEGATIF;NOTR;NEGATIF;AZALIYOR;AL;AL;NOTR;2;25.09.2026
ASELS;izle;;56,2;21,4;21,4;13,4;0;0;guclu trend;22,5;46,2;38,5;asagi;guclu;zayif;asagi;0,61;-0,48;2;372,25;1,22;6718729455;413,49;SAT;NEGATIF;SAT;NEGATIF;AZALIYOR;SAT;SAT;NOTR;0;25.09.2026
LMKDC;izle;;55,7;9,2;26,5;20,0;0;0;zayif;20,9;56,4;65,6;yukari;guclu;zayif;asagi;1,15;0,00;2;23,9;7,66;131720859;19,63;AL;POZITIF;SAT;POZITIF;ARTIYOR;AL;SAT;NOTR;4;25.09.2026
OZSUB;izle;;54,5;20,5;23,0;11,0;6;0;ilimli;15,7;48,0;33,5;asagi;guclu;zayif;yukari;0,35;0,21;3;39,24;3,48;34272334;45,04;SAT;NEGATIF;NOTR;NEGATIF;AZALIYOR;SAT;SAT;NOTR;0;25.09.2026
NETAS;izle;;53,2;22,4;18,8;12,0;0;0;guclu trend;30,7;42,4;33,9;asagi;guclu;zayif;yukari;0,49;-0,41;2;79;0,32;57933860;98,75;SAT;NEGATIF;SAT;NEGATIF;AZALIYOR;SAT;AL;NOTR;1;25.09.2026
MPARK;izle;;51,3;23,4;20,7;7,2;46;4;zayif;13,4;47,7;63,1;yukari;guclu;zayif;asagi;0,62;-0,21;3;427;0,12;153247738;411,23;SAT;NEGATIF;NOTR;NEGATIF;AZALIYOR;SAT;SAT;NOTR;0;25.09.2026
MAVI;izle;;51,1;9,4;26,5;15,2;6;0;zayif;22,2;52,4;56,0;yukari;guclu;zayif;asagi;0,77;-0,02;3;38,04;1,39;235281356;33,49;AL;POZITIF;SAT;POZITIF;AZALIYOR;AL;SAT;NOTR;4;25.09.2026
EGEEN;izle;;50,4;9,5;23,7;17,2;0;0;zayif;23,7;52,8;68,7;asagi;guclu;yukselis;yukari;0,69;0,52;2;5657,5;-0,96;161402818;6130,57;SAT;POZITIF;AL;NEGATIF;AZALIYOR;AL;AL;UCUZ (AL);4;25.09.2026
ALBRK;izle;;50,1;15,7;21,5;12,9;6;0;zayif;25,0;45,5;50,3;asagi;guclu;zayif;asagi;0,27;-0,44;3;8,41;0,72;41442302;9,13;SAT;NEGATIF;SAT;NEGATIF;AZALIYOR;SAT;SAT;NOTR;0;25.09.2026
AYGAZ;izle;;49,8;22,4;16,0;11,4;40;4;guclu trend;30,1;42,1;61,4;asagi;guclu;zayif;yukari;0,30;-0,24;1;299,25;-2,05;118991077;343,97;SAT;NEGATIF;SAT;NEGATIF;AZALIYOR;SAT;AL;NOTR;1;25.09.2026
TAVHL;izle;;49,6;8,5;26,3;14,9;40;5;zayif;12,4;49,9;50,2;yukari;guclu;zayif;asagi;0,47;-0,10;2;272,75;0,28;487006853;251,55;AL;NEGATIF;NOTR;NEGATIF;AZALIYOR;AL;SAT;NOTR;2;25.09.2026
PETKM;izle;;49,4;21,0;20,3;8,0;16;1;guclu trend;20,4;47,4;39,6;asagi;guclu;zayif;yukari;0,64;-0,10;3;21,06;-4,27;1593524696;25,30;SAT;NEGATIF;AL;NEGATIF;AZALIYOR;SAT;AL;NOTR;2;25.09.2026
TUREX;izle;;49,3;13,5;21,7;14,0;6;0;zayif;26,3;51,8;50,2;yukari;guclu;zayif;asagi;1,66;-1,06;3;6;8,11;141125502;4,85;AL;POZITIF;AL;NEGATIF;ARTIYOR;AL;AL;NOTR;5;25.09.2026
ENJSA;izle;;49,2;18,1;17,9;13,1;32;3;zayif;25,0;43,6;40,7;asagi;guclu;zayif;asagi;0,46;-0,82;2;107,3;1,32;192640626;118,84;SAT;NEGATIF;SAT;NEGATIF;AZALIYOR;SAT;SAT;NOTR;0;25.09.2026
INVES;izle;;48,5;21,5;8,5;18,6;10;0;guclu trend;22,8;34,0;43,7;asagi;guclu;zayif;yukari;1,39;-1,26;4;706;-1,26;63418568;815,54;SAT;NEGATIF;SAT;NEGATIF;AZALIYOR;SAT;SAT;NOTR;0;25.09.2026
GUBRF;izle;;48,5;12,0;22,3;14,2;22;2;zayif;29,2;49,8;50,8;asagi;guclu;zayif;asagi;0,84;-0,10;2;458;6,45;1337229470;485,59;SAT;NEGATIF;SAT;NEGATIF;ARTIYOR;SAT;AL;NOTR;1;25.09.2026
LOGO;izle;;48,4;15,0;27,2;6,2;10;1;zayif;14,9;51,9;58,6;yukari;guclu;yukselis;asagi;0,44;0,30;2;140;0,14;42624540;127,89;AL;POZITIF;NOTR;NEGATIF;AZALIYOR;AL;SAT;NOTR;3;25.09.2026
CRFSA;izle;;47,9;22,2;17,7;8,0;40;4;guclu trend;28,1;44,4;41,1;asagi;guclu;zayif;yukari;0,59;-0,22;2;234,2;-6,24;327668986;305,34;SAT;NEGATIF;SAT;NEGATIF;AZALIYOR;SAT;SAT;NOTR;0;25.09.2026
EREGL;izle;;47,7;13,4;24,4;9,9;10;1;zayif;14,7;48,1;39,6;asagi;guclu;zayif;asagi;0,49;-0,55;2;37,74;-0,53;2547202954;40,26;AL;NEGATIF;NOTR;NEGATIF;AZALIYOR;AL;AL;NOTR;3;25.09.2026
TRCAS;izle;;47,5;26,7;15,7;5,2;10;1;zayif;22,0;41,4;42,8;yukari;guclu;zayif;asagi;0,36;-0,51;1;45,5;-1,34;14917721;45,06;SAT;NEGATIF;SAT;NEGATIF;AZALIYOR;SAT;SAT;NOTR;0;25.09.2026
YKBNK;izle;;47,4;14,2;21,3;11,9;0;0;zayif;18,0;49,5;58,8;asagi;guclu;yukselis;asagi;0,36;-0,05;2;35,78;0,22;3210240029;37,23;SAT;NEGATIF;NOTR;NEGATIF;AZALIYOR;SAT;SAT;NOTR;0;25.09.2026
EGGUB;izle;;46,9;12,8;21,4;12,6;0;0;zayif;20,4;46,5;52,7;asagi;guclu;zayif;asagi;0,58;-0,46;2;102;2,26;29385384;112,63;SAT;NEGATIF;SAT;NEGATIF;AZALIYOR;SAT;SAT;NOTR;0;25.09.2026
OFSYM;izle;;45,6;23,7;19,6;2,3;20;1;zayif;36,0;44,7;31,3;yukari;guclu;zayif;asagi;0,38;-0,36;4;60,2;2,73;33120475;58,06;SAT;NEGATIF;SAT;NEGATIF;AZALIYOR;SAT;AL;NOTR;1;25.09.2026
AKSGY;izle;;45,1;13,2;16,0;15,8;20;1;zayif;29,0;39,5;45,1;asagi;guclu;zayif;asagi;1,66;-1,02;4;9,41;-0,63;84217100;10,14;SAT;NEGATIF;SAT;NEGATIF;ARTIYOR;SAT;AL;NOTR;1;25.09.2026
ADGYO;izle;;44,7;8,3;21,4;15,1;10;0;zayif;25,0;46,5;39,1;asagi;guclu;zayif;asagi;1,32;-0,47;4;54;0,00;92945394;57,79;SAT;NEGATIF;SAT;NEGATIF;AZALIYOR;AL;AL;NOTR;2;25.09.2026
CVKMD;izle;;44,4;14,3;14,8;15,3;6;0;zayif;28,6;43,9;36,6;asagi;guclu;zayif;asagi;1,11;-1,04;3;14,22;-0,35;497754377;15,58;SAT;NEGATIF;SAT;NEGATIF;AZALIYOR;AL;AL;NOTR;2;25.09.2026
KRDMA;izle;;44,2;22,1;11,9;10,2;10;1;zayif;27,3;39,8;39,0;asagi;zayif;zayif;yukari;0,83;-1,08;2;43,98;1,99;402373284;53,95;SAT;NEGATIF;SAT;NEGATIF;AZALIYOR;SAT;AL;NOTR;1;25.09.2026
AKBNK;izle;;43,5;8,9;21,2;13,3;32;3;zayif;17,6;49,3;52,7;asagi;guclu;yukselis;asagi;0,43;0,00;2;70,9;0,35;5681875661;74,93;SAT;NEGATIF;NOTR;NEGATIF;AZALIYOR;SAT;SAT;NOTR;0;25.09.2026
INDES;izle;;43,0;14,4;17,0;11,6;40;4;zayif;26,1;42,1;49,2;asagi;guclu;zayif;asagi;0,46;-0,92;2;10,61;2,41;30804713;11,79;SAT;NEGATIF;SAT;NEGATIF;AZALIYOR;SAT;SAT;NOTR;0;25.09.2026
ECILC;izle;;42,6;1,8;20,3;20,5;16;1;zayif;25,5;49,9;56,5;asagi;guclu;zayif;asagi;1,41;-0,72;3;68,5;9,42;625208337;69,49;SAT;NEGATIF;SAT;NEGATIF;ARTIYOR;AL;AL;NOTR;2;25.09.2026
YGGYO;izle;;42,5;14,7;15,4;12,4;0;0;zayif;24,8;43,3;52,2;asagi;guclu;zayif;asagi;0,59;-1,33;2;212;3,77;16339052;233,05;SAT;NEGATIF;SAT;NEGATIF;ARTIYOR;SAT;SAT;NOTR;0;25.09.2026
BOSSA;izle;;42,0;15,0;16,0;11,1;0;0;zayif;17,1;42,9;73,3;yukari;guclu;zayif;asagi;0,27;-0,72;1;6,35;-0,63;6697923;6,19;SAT;NEGATIF;NOTR;NEGATIF;AZALIYOR;SAT;SAT;NOTR;0;25.09.2026
ARMGD;izle;;41,9;15,4;8,7;17,8;6;0;zayif;30,8;40,6;55,9;asagi;zayif;zayif;asagi;1,29;-1,84;3;146,9;9,96;341279990;168,05;SAT;NEGATIF;SAT;NEGATIF;AZALIYOR;AL;AL;NOTR;2;25.09.2026
RGYAS;izle;;40,8;14,7;17,0;9,1;6;0;zayif;24,3;43,3;39,4;asagi;guclu;zayif;asagi;0,22;-0,90;3;193,8;-0,67;113026292;206,64;SAT;NEGATIF;SAT;NEGATIF;AZALIYOR;AL;SAT;NOTR;1;25.09.2026
TTKOM;izle;;39,4;0,8;26,3;12,3;0;0;zayif;14,2;51,7;68,2;asagi;guclu;zayif;asagi;0,51;-0,11;1;54,65;0,18;1219592845;59,69;AL;POZITIF;NOTR;NEGATIF;AZALIYOR;AL;SAT;NOTR;3;25.09.2026
TCELL;izle;;39,2;1,7;24,8;12,7;0;0;zayif;24,3;48,3;61,5;asagi;guclu;zayif;asagi;0,35;-0,72;2;99,95;0,50;1157537342;105,37;AL;NEGATIF;SAT;NEGATIF;AZALIYOR;AL;SAT;NOTR;2;25.09.2026
ORMA;izle;;39,0;10,4;20,8;7,8;6;0;zayif;31,6;50,6;32,4;yukari;guclu;zayif;asagi;0,91;-1,34;3;148;3,21;1398156;126,59;AL;POZITIF;SAT;NEGATIF;AZALIYOR;AL;AL;NOTR;4;25.09.2026
AKCNS;izle;;38,8;10,7;12,3;15,8;28;2;zayif;23,2;43,3;42,5;asagi;zayif;zayif;asagi;1,05;-1,27;3;212,2;0,24;182812634;225,55;SAT;NEGATIF;SAT;NEGATIF;AZALIYOR;AL;AL;NOTR;2;25.09.2026
ALTIN;izle;;38,3;7,4;21,4;9,5;0;0;zayif;12,8;46,5;49,3;asagi;guclu;zayif;asagi;0,91;-0,45;1;73,37;0,67;1105180968;76,76;SAT;NEGATIF;NOTR;NEGATIF;AZALIYOR;SAT;SAT;UCUZ (AL);0;25.09.2026
TCKRC;izle;;37,8;15,4;15,7;6,7;6;0;zayif;31,6;46,7;53,0;asagi;zayif;zayif;asagi;0,86;-0,86;3;131,3;6,40;363234754;138,23;SAT;NEGATIF;SAT;NEGATIF;ARTIYOR;AL;AL;NOTR;2;25.09.2026
DURDO;izle;;37,8;11,3;14,9;11,6;50;4;zayif;27,9;43,2;46,7;asagi;guclu;zayif;asagi;0,91;-1,18;4;4,7;1,08;10501064;5,10;SAT;NEGATIF;SAT;NEGATIF;AZALIYOR;SAT;AL;NOTR;1;25.09.2026
KERVN;izle;;37,3;14,8;10,5;12,0;22;2;zayif;25,3;43,9;37,8;asagi;zayif;zayif;yukari;0,27;-1,15;1;7,87;0,00;2861013;8,63;SAT;NEGATIF;SAT;NEGATIF;AZALIYOR;AL;AL;NOTR;2;25.09.2026
OYAKC;izle;;37,1;1,9;21,6;13,6;6;0;zayif;25,8;48,2;55,4;asagi;guclu;zayif;asagi;0,41;-0,38;3;21,1;0,96;132513233;22,37;SAT;NEGATIF;SAT;NEGATIF;AZALIYOR;AL;AL;NOTR;2;25.09.2026
FMIZP;izle;;37,1;1,0;19,6;16,5;32;3;zayif;19,4;46,2;53,9;asagi;guclu;zayif;asagi;1,75;-0,85;2;277;0,36;36423838;293,40;SAT;NEGATIF;NOTR;NEGATIF;ARTIYOR;AL;AL;NOTR;2;25.09.2026
GARAN;izle;;37,1;5,9;20,5;10,8;46;4;zayif;18,1;47,7;66,3;asagi;guclu;zayif;asagi;0,51;-0,32;3;129,8;0,31;2311574063;136,38;SAT;NEGATIF;NOTR;NEGATIF;AZALIYOR;SAT;SAT;NOTR;0;25.09.2026
ENKAI;izle;;36,9;3,1;20,2;13,6;6;0;zayif;23,6;48,5;53,1;asagi;guclu;zayif;asagi;0,34;-0,49;3;86,45;0,06;382124129;92,02;SAT;NEGATIF;SAT;NEGATIF;AZALIYOR;AL;SAT;NOTR;1;25.09.2026
GLYHO;izle;;36,4;11,5;13,5;11,4;50;4;zayif;20,6;41,1;35,2;asagi;guclu;zayif;asagi;1,37;-1,39;4;15,62;-0,19;80193658;16,97;SAT;NEGATIF;SAT;NEGATIF;ARTIYOR;AL;SAT;NOTR;1;25.09.2026
PCILT;izle;;36,2;11,9;24,0;0,4;0;0;zayif;11,2;46,5;38,2;asagi;guclu;zayif;asagi;0,67;-0,63;2;30,7;-1,22;37551964;33,97;AL;NEGATIF;NOTR;NEGATIF;AZALIYOR;AL;AL;NOTR;3;25.09.2026
AKSA;izle;;36,2;12,8;18,6;4,7;0;0;zayif;23,4;44,8;55,7;yukari;guclu;zayif;asagi;0,39;-1,32;2;10,81;1,41;70112774;10,52;AL;NEGATIF;SAT;NEGATIF;AZALIYOR;SAT;SAT;NOTR;1;25.09.2026
CCOLA;izle;;36,1;11,3;19,0;5,8;6;0;zayif;22,7;44,6;31,8;asagi;guclu;zayif;asagi;0,94;-1,16;3;77,9;1,17;407793880;84,19;AL;NEGATIF;SAT;NEGATIF;AZALIYOR;SAT;SAT;NOTR;1;25.09.2026
PNSUT;izle;;36,1;5,8;20,9;9,4;28;2;zayif;26,9;46,5;51,3;asagi;guclu;zayif;asagi;0,40;-0,68;3;10,74;2,29;21863772;11,96;SAT;NEGATIF;AL;NEGATIF;AZALIYOR;SAT;AL;NOTR;2;25.09.2026
BMSTL;izle;;35,9;18,5;16,3;1,1;22;2;zayif;20,3;44,4;53,4;asagi;guclu;zayif;asagi;0,61;-0,63;1;43,46;2,40;103824202;49,89;SAT;NEGATIF;AL;POZITIF;AZALIYOR;SAT;SAT;NOTR;2;25.09.2026
ISGYO;izle;;35,6;11,9;18,9;4,7;0;0;zayif;16,9;44,4;53,5;asagi;zayif;zayif;asagi;0,30;-0,81;2;23,76;-0,34;13241187;25,73;AL;NEGATIF;NOTR;POZITIF;AZALIYOR;AL;SAT;NOTR;3;25.09.2026
ARDYZ;izle;;34,9;15,4;8,8;10,7;6;0;zayif;36,5;40,2;34,0;asagi;zayif;zayif;asagi;0,86;-1,40;3;67;5,85;328692888;74,79;SAT;NEGATIF;SAT;NEGATIF;AZALIYOR;AL;AL;NOTR;2;25.09.2026
AVPGY;izle;;34,8;14,3;17,4;3,0;0;0;zayif;21,7;44,9;54,1;yukari;guclu;zayif;asagi;0,35;-0,47;2;53,3;-0,84;12711943;51,57;SAT;NEGATIF;SAT;NEGATIF;AZALIYOR;SAT;SAT;NOTR;0;25.09.2026
BLCYT;izle;;34,7;5,0;11,7;18,0;0;0;zayif;24,8;43,2;41,0;asagi;zayif;zayif;asagi;2,13;-1,86;1;1,82;1,68;161163608;2,05;SAT;NEGATIF;AL;NEGATIF;ARTIYOR;AL;AL;UCUZ (AL);3;25.09.2026
SANKO;izle;;34,6;5,8;18,4;10,3;6;0;zayif;27,0;45,0;60,3;asagi;guclu;zayif;asagi;0,70;-0,87;3;18,64;4,25;6947426;21,15;SAT;NEGATIF;AL;NEGATIF;ARTIYOR;SAT;AL;NOTR;2;25.09.2026
KONYA;izle;;34,6;10,1;21,6;2,9;10;1;zayif;25,2;46,7;63,2;asagi;guclu;zayif;asagi;0,32;-0,39;2;3782,5;-0,07;30203263;4312,77;SAT;NEGATIF;AL;NEGATIF;AZALIYOR;SAT;AL;UCUZ (AL);2;25.09.2026
AYDEM;izle;;34,6;5,1;19,6;9,9;0;0;zayif;22,2;45,3;53,8;asagi;guclu;zayif;asagi;0,60;-0,92;2;24,38;3,66;32972487;26,22;SAT;NEGATIF;SAT;NEGATIF;AZALIYOR;AL;AL;NOTR;2;25.09.2026
DOCO;izle;;33,9;10,1;15,3;8,5;28;2;zayif;21,4;41,4;26,9;asagi;guclu;zayif;asagi;0,70;-1,15;3;10640;2,55;34899200;11429,62;SAT;NEGATIF;SAT;NEGATIF;AZALIYOR;AL;AL;NOTR;2;25.09.2026
FONET;izle;;33,8;5,7;10,1;18,0;0;0;zayif;36,8;43,4;37,2;asagi;zayif;zayif;asagi;1,84;-1,68;2;4,37;8,17;128684295;4,63;SAT;NEGATIF;SAT;NEGATIF;ARTIYOR;AL;AL;NOTR;2;25.09.2026
MAKIM;izle;;33,4;1,8;13,6;18,0;6;0;zayif;25,0;46,1;60,8;asagi;zayif;zayif;asagi;4,59;-1,64;3;13,96;9,49;73078464;14,48;SAT;NEGATIF;SAT;NEGATIF;ARTIYOR;AL;AL;NOTR;2;25.09.2026
THYAO;izle;;33,3;1,7;22,6;8,9;0;0;zayif;24,7;45,6;63,0;asagi;guclu;zayif;asagi;0,45;-1,19;2;290,75;0,78;6074858685;301,24;AL;NEGATIF;SAT;NEGATIF;AZALIYOR;AL;SAT;NOTR;2;25.09.2026
EPLAS;izle;;33,1;5,1;22,1;5,9;22;2;zayif;25,1;49,1;33,4;asagi;guclu;zayif;asagi;0,81;-0,15;2;5,68;1,07;33250396;6,67;SAT;NEGATIF;AL;NEGATIF;ARTIYOR;SAT;AL;NOTR;2;25.09.2026
ODAS;izle;;33,1;8,2;17,6;7,3;46;4;zayif;20,2;46,9;48,0;asagi;guclu;zayif;asagi;0,90;-0,96;3;7,05;2,92;408591619;7,59;SAT;NEGATIF;SAT;NEGATIF;AZALIYOR;AL;AL;NOTR;2;25.09.2026
ATATP;izle;;32,5;21,9;10,6;0,0;22;2;guclu trend;26,0;39,2;26,5;asagi;zayif;zayif;asagi;0,58;-1,11;2;244,1;2,69;99510050;298,63;SAT;NEGATIF;SAT;NEGATIF;AZALIYOR;SAT;AL;NOTR;1;25.09.2026
BLUME;izle;;32,4;1,2;22,3;8,9;10;1;zayif;20,7;49,6;42,1;asagi;guclu;zayif;asagi;0,60;-0,08;2;37;0,00;64483785;40,56;SAT;NEGATIF;SAT;NEGATIF;AZALIYOR;AL;AL;NOTR;2;25.09.2026
TRGYO;izle;;32,3;8,8;15,1;8,4;0;0;zayif;13,8;41,0;56,2;asagi;guclu;zayif;asagi;0,42;-1,13;2;91,2;0,22;41527555;96,70;SAT;NEGATIF;NOTR;NEGATIF;AZALIYOR;SAT;SAT;NOTR;0;25.09.2026
MIATK;izle;;32,1;2,1;12,8;17,3;0;0;zayif;27,1;45,3;74,4;asagi;zayif;zayif;asagi;1,26;-1,57;0;27,28;10,00;1000774384;28,61;SAT;NEGATIF;SAT;NEGATIF;AZALIYOR;AL;AL;NOTR;2;25.09.2026
AKMGY;izle;;31,6;3,6;9,4;18,6;6;0;zayif;16,5;35,3;78,2;asagi;zayif;zayif;asagi;11,00;-1,87;3;227,3;1,70;168082668;255,22;SAT;NEGATIF;NOTR;NEGATIF;ARTIYOR;AL;AL;NOTR;2;25.09.2026
TRHOL;izle;;31,6;22,4;1,1;8,0;0;0;zayif;50,6;28,8;94,2;asagi;zayif;zayif;asagi;0,00;-3,24;0;1940;-9,98;104760;2736,82;SAT;NEGATIF;SAT;NEGATIF;AZALIYOR;SAT;AL;NOTR;1;25.09.2026
EKGYO;izle;;31,4;0,9;19,5;11,0;16;1;zayif;18,9;46,8;50,0;asagi;guclu;zayif;asagi;0,59;-0,55;3;19,25;-1,69;2042999863;21,81;SAT;NEGATIF;NOTR;NEGATIF;AZALIYOR;SAT;SAT;NOTR;0;25.09.2026
AEFES;izle;;31,3;6,9;22,5;1,9;14;0;zayif;23,7;46,7;61,6;asagi;guclu;zayif;asagi;0,66;-0,96;3;18,83;0,75;516307641;20,18;AL;NEGATIF;SAT;NEGATIF;AZALIYOR;SAT;SAT;NOTR;1;25.09.2026
SNPAM;izle;;30,9;0,4;19,0;11,5;10;1;zayif;15,0;46,3;28,8;asagi;guclu;zayif;asagi;0,46;-1,51;2;19,04;0,21;432360;19,88;SAT;NEGATIF;NOTR;NEGATIF;AZALIYOR;AL;AL;UCUZ (AL);2;25.09.2026
ISCTR;izle;;30,5;6,2;20,4;4,0;10;0;zayif;20,5;48,3;71,0;asagi;guclu;zayif;asagi;0,50;-0,29;4;13,07;-0,98;5069001882;14,36;SAT;NEGATIF;SAT;NEGATIF;AZALIYOR;SAT;SAT;NOTR;0;25.09.2026
ULKER;izle;;30,5;1,7;16,9;12,0;10;0;zayif;24,3;44,9;51,4;asagi;guclu;zayif;asagi;0,35;-1,61;4;88,1;0,69;165941284;95,05;SAT;NEGATIF;SAT;NEGATIF;AZALIYOR;SAT;AL;UCUZ (AL);1;25.09.2026
POLHO;izle;;30,0;9,2;14,3;6,5;20;1;zayif;32,4;44,3;25,8;asagi;guclu;zayif;asagi;0,62;-1,14;4;20;6,38;26427660;21,16;SAT;NEGATIF;SAT;NEGATIF;ARTIYOR;AL;AL;NOTR;2;25.09.2026
ENTRA;izle;;29,8;1,3;20,5;8,0;0;0;zayif;21,8;45,5;60,4;asagi;guclu;zayif;asagi;0,40;-1,25;0;4,18;-0,71;33963650;4,51;AL;NEGATIF;SAT;NEGATIF;AZALIYOR;AL;AL;NOTR;3;25.09.2026
KOCMT;izle;;29,6;4,2;7,4;18,0;0;0;zayif;21,1;36,2;72,5;asagi;zayif;zayif;asagi;1,84;-2,97;0;2,88;-4,95;417467339;3,66;SAT;NEGATIF;SAT;NEGATIF;AZALIYOR;AL;AL;NOTR;2;25.09.2026
OZATD;izle;;29,5;21,5;0,0;8,0;32;3;zayif;38,4;17,5;76,2;asagi;zayif;zayif;asagi;0,00;-5,63;1;2150;-9,97;479450;3016,77;SAT;NEGATIF;SAT;NEGATIF;AZALIYOR;SAT;AL;PAHALI (SAT);1;25.09.2026
ATEKS;izle;;29,3;10,4;14,8;4,0;0;0;zayif;33,5;44,9;54,4;yukari;zayif;zayif;asagi;0,47;-2,12;2;91,5;-3,68;416417;85,73;AL;NEGATIF;SAT;NEGATIF;ARTIYOR;AL;AL;NOTR;3;25.09.2026
KGYO;izle;;29,2;4,6;6,5;18,0;0;0;zayif;24,0;33,4;37,2;asagi;zayif;zayif;asagi;1,85;-2,72;1;8,52;9,94;270067795;10,43;SAT;NEGATIF;SAT;NEGATIF;ARTIYOR;SAT;AL;NOTR;1;25.09.2026
ASGYO;izle;;28,7;1,8;13,1;13,8;0;0;zayif;25,3;40,6;39,5;asagi;guclu;zayif;asagi;1,05;-1,74;2;10,33;3,20;35211778;10,89;SAT;NEGATIF;SAT;NEGATIF;ARTIYOR;AL;AL;NOTR;2;25.09.2026
PETUN;izle;;28,4;6,9;12,3;9,1;42;3;zayif;29,8;38,8;54,6;asagi;guclu;zayif;asagi;0,44;-1,66;4;10,5;0,00;16054122;11,99;SAT;NEGATIF;AL;NEGATIF;AZALIYOR;SAT;AL;NOTR;2;25.09.2026
AZTEK;izle;;28,1;10,4;13,0;4,6;0;0;zayif;31,3;41,8;53,4;yukari;zayif;zayif;asagi;0,74;-1,97;2;3,45;2,68;22307507;3,20;AL;NEGATIF;SAT;NEGATIF;AZALIYOR;SAT;SAT;NOTR;1;25.09.2026
BJKAS;izle;;28,1;11,7;8,3;8,0;0;0;zayif;24,7;39,3;72,7;asagi;zayif;zayif;asagi;0,70;-1,71;1;1,71;5,56;457845250;2,32;SAT;NEGATIF;SAT;NEGATIF;AZALIYOR;SAT;SAT;NOTR;0;25.09.2026
ASTOR;izle;;28,0;15,0;8,2;4,8;32;3;zayif;32,3;39,1;42,4;asagi;zayif;zayif;asagi;0,75;-2,03;2;261,25;0,29;6836709248;300,62;SAT;NEGATIF;SAT;NEGATIF;AZALIYOR;AL;AL;NOTR;2;25.09.2026
AYES;izle;;27,8;5,4;8,4;14,0;6;0;zayif;33,8;39,6;37,9;asagi;zayif;zayif;asagi;3,68;-3,00;3;25,6;0,23;8106803;26,18;SAT;NEGATIF;SAT;NEGATIF;AZALIYOR;AL;AL;NOTR;2;25.09.2026
OTKAR;izle;;27,4;8,2;15,2;4,0;10;0;zayif;13,4;43,6;46,0;yukari;guclu;zayif;asagi;0,42;-1,41;4;303,25;-0,90;42303072;298,05;SAT;NEGATIF;NOTR;NEGATIF;AZALIYOR;AL;SAT;UCUZ (AL);1;25.09.2026
FROTO;izle;;27,1;1,6;15,9;9,6;38;3;zayif;23,9;44,7;51,5;asagi;guclu;zayif;asagi;0,52;-1,30;3;76,8;-0,78;911177242;83,94;SAT;NEGATIF;SAT;NEGATIF;AZALIYOR;SAT;SAT;UCUZ (AL);0;25.09.2026
GSDDE;izle;;27,1;10,9;16,2;0,0;0;0;zayif;14,9;44,2;42,3;asagi;guclu;zayif;asagi;0,65;-0,80;2;12,48;3,48;32673539;14,56;SAT;NEGATIF;NOTR;NEGATIF;AZALIYOR;SAT;AL;NOTR;1;25.09.2026
BAKAB;izle;;27,0;2,4;11,1;13,4;10;0;zayif;34,8;35,4;38,3;asagi;zayif;zayif;asagi;1,26;-3,42;4;34,46;3,86;9136931;37,77;AL;NEGATIF;SAT;NEGATIF;ARTIYOR;AL;AL;NOTR;3;25.09.2026
GEREL;izle;;26,8;5,4;8,0;13,4;0;0;zayif;30,5;38,2;30,8;asagi;zayif;zayif;asagi;1,26;-2,59;2;29,26;10,00;252977951;32,80;SAT;NEGATIF;SAT;NEGATIF;ARTIYOR;AL;AL;NOTR;2;25.09.2026
ECZYT;izle;;26,8;2,4;6,3;18,0;0;0;zayif;37,8;32,7;58,0;asagi;zayif;zayif;asagi;2,75;-3,70;1;241;3,48;364986306;260,96;SAT;NEGATIF;SAT;NEGATIF;ARTIYOR;AL;AL;NOTR;2;25.09.2026
SAHOL;izle;;26,7;2,1;15,5;9,1;28;2;zayif;27,1;43,4;62,6;asagi;guclu;zayif;asagi;0,48;-1,04;3;88,25;0,06;1553139196;96,46;SAT;NEGATIF;SAT;NEGATIF;AZALIYOR;SAT;SAT;NOTR;0;25.09.2026
KRVGD;izle;;26,6;2,4;14,7;9,5;0;0;zayif;38,0;40,2;54,8;asagi;zayif;zayif;asagi;0,79;-2,43;1;2,13;-1,84;16983581;2,27;AL;NEGATIF;SAT;NEGATIF;ARTIYOR;AL;AL;UCUZ (AL);3;25.09.2026
EGPRO;izle;;26,6;8,5;14,1;4,0;10;0;zayif;25,7;42,2;40,6;asagi;guclu;zayif;asagi;0,40;-1,38;4;33,8;1,14;16512111;39,27;SAT;NEGATIF;SAT;NEGATIF;AZALIYOR;SAT;SAT;NOTR;0;25.09.2026
AGESA;izle;;26,6;9,7;13,1;3,8;6;0;zayif;29,8;37,2;59,7;asagi;guclu;zayif;asagi;0,42;-1,59;3;232,5;0,48;18723690;255,30;SAT;NEGATIF;SAT;NEGATIF;AZALIYOR;SAT;SAT;NOTR;0;25.09.2026
TURSG;izle;;26,4;3,9;11,3;11,2;0;0;zayif;18,9;38,1;62,5;asagi;guclu;zayif;asagi;0,76;-1,57;2;5,89;-0,67;388314636;6,53;SAT;NEGATIF;NOTR;NEGATIF;AZALIYOR;SAT;SAT;NOTR;0;25.09.2026
KBORU;izle;;26,1;2,4;6,1;17,6;10;0;zayif;39,5;31,9;55,6;asagi;zayif;zayif;asagi;1,28;-4,26;4;13,27;3,11;243936929;15,54;SAT;NEGATIF;SAT;NEGATIF;AZALIYOR;AL;AL;NOTR;2;25.09.2026
EUKYO;izle;;26,0;9,0;0,1;16,9;40;4;zayif;42,5;25,5;44,4;asagi;zayif;zayif;asagi;1,23;-3,10;1;9,68;1,47;9784012;12,15;SAT;NEGATIF;SAT;NEGATIF;ARTIYOR;SAT;AL;NOTR;1;25.09.2026
YEOTK;izle;;25,9;7,6;13,8;4,5;6;0;zayif;19,5;44,3;50,9;asagi;zayif;zayif;asagi;0,97;-1,57;3;31,2;5,83;553116502;35,85;AL;NEGATIF;NOTR;NEGATIF;ARTIYOR;AL;SAT;NOTR;2;25.09.2026
ARTMS;izle;;25,6;1,5;9,4;14,7;10;0;zayif;22,7;40,0;29,8;asagi;zayif;zayif;asagi;1,10;-1,63;4;35;2,70;35294735;40,58;SAT;NEGATIF;SAT;NEGATIF;ARTIYOR;SAT;AL;NOTR;1;25.09.2026
BARMA;izle;;25,2;2,4;8,8;14,0;14;0;zayif;61,5;27,6;30,1;asagi;zayif;zayif;asagi;1,63;-13,47;3;7,43;3,63;8318955;8,52;AL;NEGATIF;SAT;NEGATIF;ARTIYOR;AL;AL;UCUZ (AL);3;25.09.2026
TURGG;izle;;25,2;5,1;12,0;8,0;10;1;zayif;25,2;40,6;47,1;asagi;zayif;zayif;asagi;0,17;-1,34;0;25,18;1,21;6335414;30,52;SAT;NEGATIF;AL;NEGATIF;AZALIYOR;SAT;AL;NOTR;2;25.09.2026
AKSEN;izle;;25,1;5,4;9,1;10,5;0;0;zayif;32,3;42,1;48,5;asagi;zayif;zayif;asagi;0,85;-2,06;2;72;4,35;464033232;77,56;SAT;NEGATIF;SAT;NEGATIF;AZALIYOR;AL;AL;NOTR;2;25.09.2026
VRGYO;izle;;25,1;2,4;4,6;18,0;10;1;zayif;37,0;27,1;41,1;asagi;zayif;zayif;asagi;2,21;-5,41;2;1,26;9,57;39742420;1,43;SAT;NEGATIF;SAT;NEGATIF;ARTIYOR;SAT;AL;UCUZ (AL);1;25.09.2026
KAPLM;izle;;24,4;2,4;4,0;18,0;10;0;zayif;56,9;17,4;37,3;asagi;zayif;zayif;asagi;6,90;-8,03;4;176,4;9,98;254774167;233,24;SAT;NEGATIF;SAT;NEGATIF;ARTIYOR;AL;AL;UCUZ (AL);2;25.09.2026
SMRTG;izle;;24,4;2,4;4,0;18,0;0;0;zayif;43,1;23,8;21,6;asagi;zayif;zayif;asagi;2,02;-6,09;2;5,39;10,00;363937753;6,78;SAT;NEGATIF;SAT;NEGATIF;ARTIYOR;AL;AL;NOTR;2;25.09.2026
BORSK;izle;;24,4;2,4;13,7;8,3;0;0;zayif;31,4;39,4;33,2;asagi;guclu;zayif;asagi;0,39;-1,22;2;5,74;1,06;26620869;6,67;SAT;NEGATIF;SAT;NEGATIF;AZALIYOR;SAT;AL;NOTR;1;25.09.2026
TABGD;izle;;23,9;1,4;10,4;12,2;0;0;zayif;22,0;37,6;33,8;asagi;zayif;zayif;asagi;0,87;-2,04;1;220,2;2,42;147659514;246,39;SAT;NEGATIF;SAT;NEGATIF;ARTIYOR;SAT;SAT;NOTR;0;25.09.2026
ARASE;izle;;23,8;6,9;6,9;10,0;50;4;zayif;32,2;34,6;31,1;asagi;zayif;zayif;asagi;1,36;-2,47;5;99,25;2,64;42419351;115,47;SAT;NEGATIF;SAT;NEGATIF;ARTIYOR;SAT;AL;NOTR;1;25.09.2026
PGSUS;izle;;23,8;0,4;14,2;9,2;0;0;zayif;14,7;43,2;68,4;asagi;guclu;zayif;asagi;0,38;-1,70;1;146,7;0,69;616748512;158,55;SAT;NEGATIF;NOTR;NEGATIF;AZALIYOR;SAT;SAT;UCUZ (AL);0;25.09.2026
KUVVA;izle;;23,8;5,4;4,3;14,0;32;3;zayif;37,5;26,0;23,7;asagi;zayif;zayif;asagi;1,42;-3,32;2;111,9;3,42;26712656;149,13;SAT;NEGATIF;SAT;NEGATIF;ARTIYOR;SAT;AL;NOTR;1;25.09.2026
ETYAT;izle;;23,7;5,4;7,5;10,8;40;4;zayif;38,7;36,5;19,5;asagi;zayif;zayif;asagi;1,11;-2,62;2;10,06;9,95;9872230;10,84;SAT;NEGATIF;SAT;NEGATIF;AZALIYOR;AL;AL;NOTR;2;25.09.2026
OZYSR;izle;;23,6;5,2;10,3;8,0;0;0;zayif;28,4;41,9;35,8;asagi;zayif;zayif;asagi;0,35;-1,49;2;11,08;-1,25;12347186;12,85;SAT;NEGATIF;SAT;NEGATIF;AZALIYOR;AL;AL;NOTR;2;25.09.2026
EUHOL;izle;;23,5;10,4;8,3;4,7;6;0;zayif;38,4;39,5;22,0;yukari;zayif;zayif;asagi;0,98;-3,20;3;8,2;-5,09;4850923;7,11;SAT;NEGATIF;SAT;NEGATIF;ARTIYOR;AL;AL;NOTR;2;25.09.2026
DOHOL;izle;;23,5;5,4;13,9;4,3;6;0;zayif;22,4;39,4;36,5;asagi;guclu;zayif;asagi;0,56;-1,45;3;20,14;0,30;142502483;22,13;SAT;NEGATIF;SAT;NEGATIF;AZALIYOR;SAT;AL;NOTR;1;25.09.2026
CEMZY;izle;;23,4;5,4;0,0;18,0;0;0;zayif;30,7;22,2;52,1;asagi;zayif;zayif;asagi;1,91;-4,63;0;7,72;-9,92;346286467;11,77;SAT;NEGATIF;SAT;NEGATIF;ARTIYOR;SAT;AL;NOTR;1;25.09.2026
CLEBI;izle;;23,4;1,5;15,2;6,7;6;0;zayif;22,8;43,0;42,0;asagi;guclu;zayif;asagi;0,45;-1,93;3;1400;1,30;14639800;1485,54;SAT;NEGATIF;SAT;NEGATIF;AZALIYOR;SAT;SAT;NOTR;0;25.09.2026
GENIL;izle;;23,2;5,4;5,6;12,2;40;5;zayif;41,6;30,2;27,5;asagi;zayif;zayif;asagi;0,95;-3,54;2;7,35;8,89;335971969;8,82;SAT;NEGATIF;SAT;NEGATIF;AZALIYOR;SAT;AL;UCUZ (AL);1;25.09.2026
MARTI;izle;;23,1;12,4;2,6;8,0;0;0;zayif;42,8;33,8;85,7;asagi;zayif;zayif;asagi;0,02;-2,64;1;1,33;-9,52;4382444;1,98;SAT;NEGATIF;SAT;NEGATIF;AZALIYOR;SAT;AL;NOTR;1;25.09.2026
BALSU;izle;;23,1;2,4;11,9;8,8;6;0;zayif;37,0;37,9;68,2;asagi;zayif;zayif;asagi;0,75;-4,05;3;7,4;6,78;345565666;8,50;AL;NEGATIF;SAT;NEGATIF;AZALIYOR;AL;AL;UCUZ (AL);3;25.09.2026
TATGD;izle;;22,9;4,6;13,6;4,7;10;0;zayif;14,3;42,2;39,6;asagi;guclu;zayif;asagi;0,62;-1,55;4;16,76;0,36;20853613;18,28;SAT;NEGATIF;NOTR;NEGATIF;AZALIYOR;AL;AL;NOTR;2;25.09.2026
TTRAK;izle;;22,6;2,1;15,7;4,8;6;0;zayif;27,3;41,2;27,5;asagi;guclu;zayif;asagi;0,42;-1,48;3;407;-0,12;16725258;443,90;SAT;NEGATIF;SAT;NEGATIF;AZALIYOR;SAT;SAT;UCUZ (AL);0;25.09.2026
INTEK;izle;;22,3;10,4;7,9;4,0;0;0;zayif;40,3;38,0;16,7;yukari;zayif;zayif;asagi;0,53;-4,41;2;197;6,66;819914;165,76;SAT;NEGATIF;SAT;NEGATIF;ARTIYOR;AL;AL;NOTR;2;25.09.2026
CIMSA;izle;;22,1;1,6;14,7;5,9;6;0;zayif;23,4;44,3;56,7;asagi;guclu;zayif;asagi;0,56;-1,66;3;42,8;1,18;180114684;45,98;SAT;NEGATIF;SAT;NEGATIF;AZALIYOR;AL;AL;NOTR;2;25.09.2026
MRSHL;izle;;21,8;12,9;9,0;0,0;0;0;zayif;16,8;39,8;48,0;yukari;zayif;zayif;asagi;0,42;-1,57;2;1491;-0,93;25364892;1462,12;SAT;NEGATIF;NOTR;NEGATIF;AZALIYOR;SAT;AL;NOTR;1;25.09.2026
KRDMB;izle;;21,7;5,4;7,0;9,3;0;0;zayif;43,6;35,0;42,9;asagi;zayif;zayif;asagi;1,02;-3,48;2;78,85;9,97;197279940;94,34;SAT;NEGATIF;SAT;NEGATIF;AZALIYOR;AL;AL;NOTR;2;25.09.2026
KARSN;izle;;21,6;5,3;8,3;8,0;0;0;zayif;29,0;39,3;57,2;asagi;zayif;zayif;asagi;0,26;-1,89;0;9,37;0,32;135859575;12,21;SAT;NEGATIF;SAT;NEGATIF;AZALIYOR;SAT;SAT;NOTR;0;25.09.2026
MTRYO;izle;;21,6;1,1;12,5;8,0;6;0;zayif;19,9;41,9;62,6;asagi;guclu;zayif;asagi;0,26;-1,20;3;8,37;-1,06;684314;9,34;SAT;NEGATIF;NOTR;NEGATIF;AZALIYOR;SAT;SAT;NOTR;0;25.09.2026
OZKGY;izle;;21,6;1,9;13,1;6,6;10;0;zayif;25,6;38,3;38,5;asagi;guclu;zayif;asagi;0,76;-1,93;4;12,17;-0,08;29248173;13,15;SAT;NEGATIF;SAT;NEGATIF;AZALIYOR;AL;SAT;NOTR;1;25.09.2026
CANTE;izle;;21,5;2,4;11,1;8,0;0;0;zayif;31,9;39,1;53,5;asagi;zayif;zayif;asagi;0,45;-1,93;2;1,14;0,88;247785016;1,36;SAT;NEGATIF;SAT;NEGATIF;AZALIYOR;SAT;AL;UCUZ (AL);1;25.09.2026
DIRIT;izle;;21,5;0,6;6,9;14,0;10;0;zayif;16,5;34,5;15,1;asagi;zayif;zayif;asagi;1,91;-2,52;4;21,14;0,67;2556608;24,99;SAT;NEGATIF;NOTR;NEGATIF;AZALIYOR;SAT;AL;NOTR;1;25.09.2026
KRONT;izle;;21,3;5,1;7,6;8,6;6;0;zayif;27,3;37,1;19,9;asagi;zayif;zayif;asagi;1,21;-2,09;3;19,52;-3,75;34119867;23,19;SAT;NEGATIF;SAT;NEGATIF;AZALIYOR;AL;AL;NOTR;2;25.09.2026
ECOGR;izle;;21,3;5,3;8,0;8,0;16;1;zayif;19,4;38,3;62,9;asagi;zayif;zayif;asagi;0,39;-2,04;3;31,12;3,11;64330828;36,25;SAT;NEGATIF;NOTR;NEGATIF;ARTIYOR;SAT;AL;NOTR;1;25.09.2026
VBTYZ;izle;;21,3;11,0;6,2;4,0;40;5;zayif;32,0;32,5;11,1;asagi;zayif;zayif;asagi;0,63;-2,25;2;27,78;1,39;29248756;33,71;SAT;NEGATIF;SAT;NEGATIF;AZALIYOR;SAT;AL;NOTR;1;25.09.2026
DNISI;izle;;21,2;0,6;8,8;11,8;20;1;zayif;16,6;35,9;51,7;asagi;zayif;zayif;asagi;0,93;-2,09;4;4,1;1,23;14520548;4,69;SAT;NEGATIF;NOTR;NEGATIF;ARTIYOR;SAT;SAT;NOTR;0;25.09.2026
EUPWR;izle;;21,0;5,4;7,6;8,0;10;1;zayif;35,5;36,9;47,4;asagi;zayif;zayif;asagi;0,45;-2,64;2;61,5;1,99;765844986;76,39;SAT;NEGATIF;SAT;NEGATIF;AZALIYOR;SAT;SAT;NOTR;0;25.09.2026
YKSLN;izle;;20,9;7,3;3,6;10,0;0;0;zayif;28,7;36,9;53,6;asagi;zayif;zayif;asagi;1,30;-2,61;1;2,48;-2,75;64750008;3,46;SAT;NEGATIF;SAT;NEGATIF;AZALIYOR;SAT;SAT;NOTR;0;25.09.2026
OYYAT;izle;;20,8;1,2;4,5;15,0;0;0;zayif;21,0;33,1;52,2;asagi;zayif;zayif;asagi;1,12;-3,41;1;28,7;-4,52;35722373;32,28;SAT;NEGATIF;SAT;NEGATIF;ARTIYOR;AL;AL;UCUZ (AL);2;25.09.2026
DGATE;izle;;20,7;5,4;5,3;10,0;6;0;zayif;35,3;29,3;20,8;asagi;zayif;zayif;asagi;1,53;-3,77;3;68;4,94;35371764;81,83;SAT;NEGATIF;SAT;NEGATIF;ARTIYOR;AL;AL;NOTR;2;25.09.2026
HLGYO;izle;;20,5;1,0;10,6;8,8;42;3;zayif;19,7;40,6;49,2;asagi;zayif;zayif;asagi;0,75;-2,72;4;4,09;0,74;100048455;4,57;SAT;NEGATIF;NOTR;NEGATIF;AZALIYOR;AL;AL;NOTR;2;25.09.2026
ISKPL;izle;;20,4;2,4;4,0;14,0;0;0;zayif;35,5;19,2;29,7;asagi;zayif;zayif;asagi;2,80;-7,40;1;3,44;9,90;304204886;4,66;SAT;NEGATIF;SAT;NEGATIF;AZALIYOR;SAT;AL;UCUZ (AL);1;25.09.2026
DITAS;izle;;20,4;2,4;4,0;14,0;0;0;zayif;42,2;24,3;67,5;asagi;zayif;zayif;asagi;1,36;-6,48;2;10,4;6,01;62754526;14,67;SAT;NEGATIF;SAT;NEGATIF;AZALIYOR;AL;AL;UCUZ (AL);2;25.09.2026
PKENT;izle;;20,4;2,4;4,0;14,0;20;1;zayif;32,7;17,9;18,2;asagi;zayif;zayif;asagi;1,31;-5,52;5;98,5;0,25;15972859;111,85;SAT;NEGATIF;SAT;NEGATIF;AZALIYOR;AL;AL;UCUZ (AL);2;25.09.2026
BAGFS;izle;;20,4;2,4;10,0;8,0;10;1;zayif;31,3;35,7;47,7;asagi;zayif;zayif;asagi;0,58;-2,21;1;23,26;1,04;13109127;26,75;SAT;NEGATIF;SAT;NEGATIF;AZALIYOR;SAT;SAT;NOTR;0;25.09.2026
GLRMK;izle;;20,2;2,0;10,1;8,0;32;3;zayif;27,0;40,5;44,4;asagi;zayif;zayif;asagi;0,56;-1,64;2;146,8;2,37;475811243;167,95;SAT;NEGATIF;SAT;NEGATIF;AZALIYOR;AL;AL;NOTR;2;25.09.2026
MOBTL;izle;;19,9;5,2;7,0;7,7;6;0;zayif;28,4;35,0;25,2;asagi;zayif;zayif;asagi;0,92;-2,97;3;10,65;2,90;34966016;12,09;SAT;NEGATIF;SAT;NEGATIF;AZALIYOR;AL;AL;NOTR;2;25.09.2026
CATES;izle;;19,8;5,4;4,3;10,0;0;0;zayif;41,4;26,0;38,4;asagi;zayif;zayif;asagi;1,37;-4,24;2;33,72;8,77;144075343;46,08;SAT;NEGATIF;SAT;NEGATIF;AZALIYOR;SAT;AL;NOTR;1;25.09.2026
BTCIM;izle;;19,7;2,4;4,0;13,3;10;0;zayif;63,4;12,7;35,5;asagi;zayif;zayif;asagi;1,26;-7,23;4;2,29;0,44;575796460;3,07;SAT;NEGATIF;SAT;NEGATIF;AZALIYOR;AL;AL;UCUZ (AL);2;25.09.2026
MGROS;izle;;19,6;2,4;15,5;1,6;6;0;zayif;33,0;41,8;62,6;asagi;zayif;zayif;asagi;0,80;-2,49;3;523,5;-0,95;1431035936;553,46;AL;NEGATIF;SAT;NEGATIF;AZALIYOR;AL;SAT;NOTR;2;25.09.2026
MRGYO;izle;;19,6;7,4;2,1;10,0;0;0;zayif;37,5;32,1;74,3;asagi;zayif;zayif;asagi;1,94;-3,38;0;1,07;-6,96;385026007;1,54;SAT;NEGATIF;SAT;NEGATIF;AZALIYOR;SAT;SAT;UCUZ (AL);0;25.09.2026
CEOEM;izle;;19,6;6,5;3,0;10,0;0;0;zayif;23,3;33,3;58,9;asagi;zayif;zayif;asagi;3,10;-2,58;0;20,24;-8,83;227062440;28,11;SAT;NEGATIF;SAT;NEGATIF;ARTIYOR;SAT;SAT;NOTR;0;25.09.2026
TGSAS;izle;;19,4;5,4;4,0;10,0;10;0;zayif;29,4;25,1;10,5;asagi;zayif;zayif;asagi;1,59;-4,59;4;107;5,31;108819214;152,78;SAT;NEGATIF;SAT;NEGATIF;AZALIYOR;SAT;AL;UCUZ (AL);1;25.09.2026
GSDHO;izle;;19,3;1,3;8,0;10,0;6;0;zayif;21,8;37,8;45,8;asagi;zayif;zayif;asagi;2,48;-2,43;3;4,19;3,71;135969170;4,71;SAT;NEGATIF;SAT;NEGATIF;ARTIYOR;AL;AL;NOTR;2;25.09.2026
IDGYO;izle;;19,2;2,4;6,8;10,0;10;0;zayif;41,0;34,3;35,3;asagi;zayif;zayif;asagi;1,70;-3,83;4;2,4;6,67;5906249;2,83;SAT;NEGATIF;SAT;NEGATIF;ARTIYOR;AL;AL;UCUZ (AL);2;25.09.2026
PINSU;izle;;19,2;4,1;7,1;8,0;28;2;zayif;22,6;32,2;51,7;asagi;zayif;zayif;asagi;0,44;-2,45;3;9,18;-0,33;16587663;9,98;SAT;NEGATIF;AL;NEGATIF;AZALIYOR;AL;AL;UCUZ (AL);3;25.09.2026
LIDFA;izle;;19,1;0,8;14,3;4,0;0;0;zayif;17,9;40,5;55,5;asagi;zayif;zayif;asagi;0,40;-1,88;2;1,58;-0,63;11702363;1,70;AL;NEGATIF;NOTR;NEGATIF;AZALIYOR;AL;SAT;NOTR;2;25.09.2026
NUHCM;izle;;19,1;1,0;15,0;3,1;10;1;zayif;19,4;40,6;46,5;asagi;guclu;zayif;asagi;0,64;-1,27;2;206,9;-0,10;8126204;224,95;SAT;NEGATIF;NOTR;NEGATIF;AZALIYOR;AL;AL;NOTR;2;25.09.2026
SISE;izle;;19,1;1,1;13,3;4,7;10;1;zayif;20,3;43,4;63,0;asagi;guclu;zayif;asagi;0,29;-1,36;2;39,24;0,26;1001577731;44,35;SAT;NEGATIF;SAT;NEGATIF;AZALIYOR;SAT;SAT;NOTR;0;25.09.2026
KNFRT;izle;;18,9;0,7;10,2;8,0;0;0;zayif;17,5;40,6;39,8;asagi;zayif;zayif;asagi;0,57;-1,82;0;10,67;2,50;20643783;12,77;SAT;NEGATIF;NOTR;NEGATIF;AZALIYOR;SAT;AL;NOTR;1;25.09.2026
ANHYT;izle;;18,9;3,8;10,3;4,8;10;0;zayif;17,6;39,6;54,6;asagi;guclu;zayif;asagi;0,68;-1,52;4;99,75;-0,75;68716279;112,11;SAT;NEGATIF;NOTR;NEGATIF;AZALIYOR;SAT;SAT;NOTR;0;25.09.2026
BASGZ;izle;;18,8;1,6;10,7;6,4;28;2;zayif;24,1;34,9;38,5;asagi;guclu;zayif;asagi;0,65;-2,23;3;40,92;-0,49;8493642;45,41;SAT;NEGATIF;SAT;NEGATIF;AZALIYOR;SAT;SAT;NOTR;0;25.09.2026
KMPUR;izle;;18,6;5,4;3,2;10,0;10;0;zayif;37,6;28,8;40,6;asagi;zayif;zayif;asagi;3,51;-3,31;4;15,19;-5,36;111424908;18,55;SAT;NEGATIF;SAT;NEGATIF;ARTIYOR;AL;AL;NOTR;2;25.09.2026
VKFYO;izle;;18,5;1,0;7,8;9,7;32;3;zayif;19,3;37,8;33,8;asagi;zayif;zayif;asagi;1,28;-3,16;2;19,05;4,10;4260609;21,67;SAT;NEGATIF;NOTR;NEGATIF;ARTIYOR;AL;AL;UCUZ (AL);2;25.09.2026
DMSAS;izle;;18,3;2,4;5,9;10,0;32;2;zayif;36,0;31,2;25,2;asagi;zayif;zayif;asagi;1,53;-4,22;5;6,05;10,00;32596021;6,57;SAT;NEGATIF;SAT;NEGATIF;ARTIYOR;AL;AL;UCUZ (AL);2;25.09.2026
SEKFK;izle;;18,2;2,4;11,7;4,0;0;0;zayif;31,3;37,5;27,0;asagi;zayif;zayif;asagi;0,60;-2,53;2;4,1;0,49;1229479;4,48;AL;NEGATIF;SAT;NEGATIF;AZALIYOR;AL;AL;NOTR;3;25.09.2026
ULUFA;izle;;18,2;2,2;6,3;9,6;0;0;zayif;28,1;29,6;27,2;asagi;zayif;zayif;asagi;1,04;-2,84;2;1,48;-1,99;28533716;1,65;SAT;NEGATIF;SAT;NEGATIF;ARTIYOR;AL;AL;UCUZ (AL);2;25.09.2026
PSDTC;izle;;18,0;5,4;4,5;8,0;40;4;zayif;30,8;26,7;37,1;asagi;zayif;zayif;asagi;0,56;-4,05;2;93,95;0,43;20763796;124,59;SAT;NEGATIF;SAT;NEGATIF;AZALIYOR;SAT;AL;UCUZ (AL);1;25.09.2026
VKING;izle;;17,9;2,4;5,5;10,0;10;0;zayif;44,4;30,0;44,6;asagi;zayif;zayif;asagi;1,36;-3,26;4;17,53;6,44;8678805;19,58;SAT;NEGATIF;SAT;NEGATIF;ARTIYOR;AL;AL;UCUZ (AL);2;25.09.2026
KLNMA;izle;;17,9;0,9;10,7;6,3;6;0;zayif;18,4;33,6;28,2;asagi;guclu;zayif;asagi;1,08;-4,28;3;8,3;0,48;1568078;8,68;SAT;NEGATIF;NOTR;NEGATIF;AZALIYOR;SAT;AL;NOTR;1;25.09.2026
ATAKP;izle;;17,8;2,4;5,9;9,5;6;0;zayif;46,2;31,4;41,2;asagi;zayif;zayif;asagi;1,27;-4,54;3;36,5;3,40;17549638;38,97;SAT;NEGATIF;SAT;NEGATIF;ARTIYOR;AL;AL;UCUZ (AL);2;25.09.2026
OBAMS;izle;;17,5;2,0;7,5;8,0;0;0;zayif;26,9;36,6;50,4;asagi;zayif;zayif;asagi;0,26;-3,11;2;4,46;1,13;39273988;5,11;SAT;NEGATIF;SAT;NEGATIF;AZALIYOR;SAT;AL;UCUZ (AL);1;25.09.2026
KLYPV;izle;;17,5;2,1;6,8;8,6;10;0;zayif;27,3;32,4;20,1;asagi;zayif;zayif;asagi;0,73;-2,32;4;53,15;1,05;92940801;61,74;SAT;NEGATIF;SAT;NEGATIF;AZALIYOR;SAT;AL;NOTR;1;25.09.2026
DAGI;izle;;17,5;5,4;4,0;8,0;10;0;zayif;42,2;20,3;4,7;asagi;zayif;zayif;asagi;1,18;-4,91;4;5,58;-0,53;49237485;7,43;SAT;NEGATIF;SAT;NEGATIF;AZALIYOR;SAT;SAT;NOTR;0;25.09.2026
GUNDG;izle;;17,4;5,4;4,0;8,0;0;0;zayif;37,6;19,6;49,9;asagi;zayif;zayif;asagi;0,19;-7,87;0;316,75;-9,95;5821548;606,04;SAT;NEGATIF;SAT;NEGATIF;AZALIYOR;AL;SAT;NOTR;1;25.09.2026
ANELE;izle;;17,4;5,4;4,0;8,0;0;0;zayif;41,3;19,7;8,9;asagi;zayif;zayif;asagi;0,00;-5,86;0;62,1;-10,00;1002170;98,05;SAT;NEGATIF;SAT;NEGATIF;AZALIYOR;SAT;SAT;NOTR;0;25.09.2026
SELEC;izle;;17,4;5,4;4,0;8,0;0;0;zayif;46,5;20,0;92,8;asagi;zayif;zayif;asagi;0,00;-6,22;0;126;-9,94;846342;187,48;SAT;NEGATIF;SAT;NEGATIF;AZALIYOR;SAT;SAT;NOTR;0;25.09.2026
METRO;izle;;17,3;6,3;7,0;4,0;10;0;zayif;34,9;35,0;40,0;asagi;zayif;zayif;asagi;0,68;-2,47;4;6,83;5,24;33918921;7,78;SAT;NEGATIF;SAT;NEGATIF;ARTIYOR;AL;AL;NOTR;2;25.09.2026
JANTS;izle;;17,1;7,0;10,1;0,0;46;4;zayif;30,9;38,8;22,9;asagi;guclu;zayif;asagi;0,36;-1,66;3;14,45;0,56;22566522;16,52;SAT;NEGATIF;AL;NEGATIF;AZALIYOR;SAT;AL;UCUZ (AL);2;25.09.2026
ISFIN;izle;;17,0;4,7;7,9;4,5;6;0;zayif;24,1;32,8;50,2;asagi;zayif;zayif;asagi;0,81;-2,37;3;18;-1,26;24548616;19,51;SAT;NEGATIF;SAT;NEGATIF;AZALIYOR;SAT;SAT;NOTR;0;25.09.2026
ESCOM;izle;;17,0;5,4;7,0;4,6;0;0;zayif;30,0;34,8;38,1;asagi;zayif;zayif;asagi;0,74;-2,94;1;4,52;2,96;55458904;5,11;SAT;NEGATIF;SAT;NEGATIF;AZALIYOR;AL;AL;NOTR;2;25.09.2026
PATEK;izle;;17,0;1,2;7,8;8,0;22;2;zayif;21,0;37,5;46,9;asagi;zayif;zayif;asagi;0,39;-2,27;1;15,95;0,25;209497747;22,06;SAT;NEGATIF;SAT;NEGATIF;AZALIYOR;SAT;AL;NOTR;1;25.09.2026
NTGAZ;izle;;16,9;1,6;12,1;3,2;42;3;zayif;23,6;36,4;45,7;asagi;guclu;zayif;asagi;0,62;-1,90;4;10,4;-0,48;21726910;11,60;SAT;NEGATIF;SAT;NEGATIF;AZALIYOR;SAT;SAT;NOTR;0;25.09.2026
ULUUN;izle;;16,7;5,4;7,3;4,0;10;0;zayif;32,2;36,0;32,0;asagi;zayif;zayif;asagi;0,48;-2,87;4;7,12;2,45;26423815;7,92;SAT;NEGATIF;SAT;NEGATIF;AZALIYOR;AL;AL;NOTR;2;25.09.2026
BUCIM;izle;;16,7;1,9;12,6;2,2;10;0;zayif;26,1;36,5;43,9;asagi;guclu;zayif;asagi;0,36;-2,00;4;5,06;0,20;9080737;5,55;SAT;NEGATIF;SAT;NEGATIF;AZALIYOR;SAT;SAT;UCUZ (AL);0;25.09.2026
SEGYO;izle;;16,7;2,4;6,2;8,0;6;0;zayif;41,2;32,4;42,4;asagi;zayif;zayif;asagi;0,37;-4,56;3;2,9;3,20;4756577;3,22;SAT;NEGATIF;SAT;NEGATIF;AZALIYOR;AL;AL;UCUZ (AL);2;25.09.2026
PAGYO;izle;;16,6;5,6;7,0;4,0;10;0;zayif;33,8;35,0;28,5;asagi;zayif;zayif;asagi;0,50;-3,12;4;122,5;4,88;7894023;137,61;SAT;NEGATIF;SAT;NEGATIF;ARTIYOR;AL;AL;NOTR;2;25.09.2026
MERKO;izle;;16,6;2,4;4,1;10,0;0;0;zayif;47,0;25,5;31,3;asagi;zayif;zayif;asagi;1,40;-5,87;2;1,01;4,12;35862374;1,13;SAT;NEGATIF;SAT;NEGATIF;ARTIYOR;AL;AL;UCUZ (AL);2;25.09.2026
CEMTS;izle;;16,5;2,4;9,7;4,3;10;0;zayif;30,9;35,1;32,2;asagi;zayif;zayif;asagi;0,72;-2,71;4;8;0,63;10537576;8,58;SAT;NEGATIF;SAT;NEGATIF;ARTIYOR;AL;AL;UCUZ (AL);2;25.09.2026
BSOKE;izle;;16,4;2,4;4,0;10,0;0;0;zayif;55,4;9,7;6,5;asagi;zayif;zayif;asagi;2,47;-9,15;2;8,98;-4,47;362956208;14,09;SAT;NEGATIF;SAT;NEGATIF;AZALIYOR;AL;SAT;UCUZ (AL);1;25.09.2026
BULGS;izle;;16,4;2,4;4,0;10,0;0;0;zayif;59,3;7,6;12,2;asagi;zayif;zayif;asagi;4,02;-9,34;2;13,69;-1,08;289875989;19,08;SAT;NEGATIF;SAT;NEGATIF;ARTIYOR;AL;AL;UCUZ (AL);2;25.09.2026
KUYAS;izle;;16,4;2,4;4,0;10,0;0;0;zayif;36,1;22,1;34,8;asagi;zayif;zayif;asagi;1,38;-6,30;0;36,76;9,99;898561844;46,72;SAT;NEGATIF;SAT;NEGATIF;ARTIYOR;SAT;AL;UCUZ (AL);1;25.09.2026
HDFGS;izle;;16,4;2,4;4,0;10,0;22;2;zayif;38,9;8,9;9,4;asagi;zayif;zayif;asagi;4,92;-9,15;1;0,99;-2,94;212009926;1,40;SAT;NEGATIF;SAT;NEGATIF;ARTIYOR;AL;SAT;UCUZ (AL);1;25.09.2026
ONCSM;izle;;16,4;2,4;4,0;10,0;0;0;zayif;50,4;19,9;18,3;asagi;zayif;zayif;asagi;1,51;-7,79;2;89,1;10,00;183539318;124,26;SAT;NEGATIF;SAT;NEGATIF;AZALIYOR;AL;AL;UCUZ (AL);2;25.09.2026
GIPTA;izle;;16,4;2,4;4,0;10,0;0;0;zayif;31,4;20,6;26,2;asagi;zayif;zayif;asagi;4,34;-6,12;1;31,5;-4,02;617648409;48,65;SAT;NEGATIF;SAT;NEGATIF;AZALIYOR;SAT;AL;UCUZ (AL);1;25.09.2026
SANFM;izle;;16,4;2,4;4,0;10,0;0;0;zayif;40,4;15,9;25,8;asagi;zayif;zayif;asagi;2,50;-6,85;2;4,82;2,34;84541518;6,51;SAT;NEGATIF;SAT;NEGATIF;AZALIYOR;SAT;AL;UCUZ (AL);1;25.09.2026
BRKVY;izle;;16,4;2,4;4,0;10,0;10;0;zayif;35,1;23,8;16,2;asagi;zayif;zayif;asagi;1,65;-4,48;4;55,6;-3,05;51778223;70,65;SAT;NEGATIF;SAT;NEGATIF;ARTIYOR;SAT;SAT;UCUZ (AL);0;25.09.2026
GZNMI;izle;;16,4;2,4;4,0;10,0;10;0;zayif;42,5;15,2;4,5;asagi;zayif;zayif;asagi;2,28;-6,35;4;32,18;-3,07;91724939;42,20;SAT;NEGATIF;SAT;NEGATIF;AZALIYOR;AL;SAT;UCUZ (AL);1;25.09.2026
ICUGS;izle;;16,4;2,4;4,0;10,0;6;0;zayif;46,0;15,4;36,4;asagi;zayif;zayif;asagi;2,78;-7,66;3;1,81;-9,95;106876341;2,86;SAT;NEGATIF;SAT;NEGATIF;AZALIYOR;AL;AL;NOTR;2;25.09.2026
SEYKM;izle;;16,4;2,4;4,0;10,0;10;0;zayif;37,3;14,3;22,9;asagi;zayif;zayif;asagi;1,68;-5,69;6;2,87;-2,38;6965941;3,55;SAT;NEGATIF;SAT;NEGATIF;ARTIYOR;AL;SAT;UCUZ (AL);1;25.09.2026
MMCAS;izle;;16,4;2,4;4,0;10,0;6;0;zayif;43,4;15,9;6,0;asagi;zayif;zayif;asagi;2,76;-10,35;3;16,77;-9,98;4125655;25,35;SAT;NEGATIF;SAT;NEGATIF;AZALIYOR;SAT;AL;UCUZ (AL);1;25.09.2026
SONME;izle;;16,3;4,4;12,0;0,0;10;0;zayif;23,2;33,8;34,9;asagi;guclu;zayif;asagi;0,52;-1,21;4;124,2;0,40;2228521;143,75;SAT;NEGATIF;AL;NEGATIF;AZALIYOR;SAT;AL;UCUZ (AL);2;25.09.2026
BESLR;izle;;16,3;1,7;9,8;4,8;6;0;zayif;24,5;36,5;42,8;asagi;zayif;zayif;asagi;0,68;-2,69;3;11,59;-0,09;18327557;12,92;SAT;NEGATIF;SAT;NEGATIF;AZALIYOR;SAT;AL;NOTR;1;25.09.2026
RNPOL;izle;;16,2;2,4;10,2;3,5;32;2;zayif;31,5;41,7;20,3;asagi;zayif;zayif;asagi;0,91;-1,49;4;2,08;4,52;6715800;2,41;SAT;NEGATIF;SAT;NEGATIF;AZALIYOR;SAT;AL;NOTR;1;25.09.2026
BRISA;izle;;16,2;1,2;12,9;2,1;6;0;zayif;20,7;42,1;64,4;asagi;guclu;zayif;asagi;0,52;-2,06;3;72,4;1,47;6981098;80,01;SAT;NEGATIF;SAT;NEGATIF;AZALIYOR;SAT;SAT;UCUZ (AL);0;25.09.2026
ALCAR;izle;;16,1;0,6;7,5;8,0;0;0;zayif;16,7;38,5;60,7;asagi;zayif;zayif;asagi;0,30;-1,94;2;644;1,26;10050264;750,08;SAT;NEGATIF;NOTR;NEGATIF;AZALIYOR;SAT;AL;UCUZ (AL);1;25.09.2026
ISMEN;izle;;16,0;1,0;9,2;5,7;10;0;zayif;19,7;38,4;46,1;asagi;guclu;zayif;asagi;0,89;-2,18;4;31,72;-1,80;220964216;36,10;SAT;NEGATIF;NOTR;NEGATIF;AZALIYOR;SAT;SAT;UCUZ (AL);0;25.09.2026
CWENE;izle;;15,9;5,4;6,5;4,0;0;0;zayif;29,3;33,4;43,5;asagi;zayif;zayif;asagi;0,25;-3,91;2;24,74;1,31;302740263;29,23;SAT;NEGATIF;SAT;NEGATIF;AZALIYOR;AL;AL;NOTR;2;25.09.2026
SAYAS;izle;;15,8;5,0;6,8;4,0;0;0;zayif;26,9;34,4;13,9;asagi;zayif;zayif;asagi;0,50;-2,26;1;45,28;1,66;39821043;53,91;SAT;NEGATIF;SAT;NEGATIF;AZALIYOR;SAT;SAT;NOTR;0;25.09.2026
BMSCH;izle;;15,8;1,7;6,1;8,0;0;0;zayif;24,3;32,1;66,1;asagi;zayif;zayif;asagi;0,27;-4,24;0;8,92;1,36;7249757;10,78;SAT;NEGATIF;SAT;NEGATIF;AZALIYOR;SAT;SAT;UCUZ (AL);0;25.09.2026
MEGMT;izle;;15,6;2,4;9,2;4,0;6;0;zayif;47,7;28,9;39,7;asagi;zayif;zayif;asagi;0,55;-5,72;3;3,64;1,96;124493922;4,36;AL;NEGATIF;SAT;NEGATIF;AZALIYOR;AL;AL;UCUZ (AL);3;25.09.2026
IHGZT;izle;;15,6;1,5;6,1;8,0;0;0;zayif;22,8;32,1;63,6;asagi;zayif;zayif;asagi;0,23;-3,01;1;1,02;0,99;7964775;1,19;SAT;NEGATIF;SAT;NEGATIF;AZALIYOR;SAT;AL;UCUZ (AL);1;25.09.2026
YUNSA;izle;;15,6;2,4;7,1;6,0;0;0;zayif;42,2;35,4;44,0;asagi;zayif;zayif;asagi;0,82;-3,84;2;6,79;4,78;30576368;7,32;SAT;NEGATIF;SAT;NEGATIF;ARTIYOR;AL;AL;NOTR;2;25.09.2026
EMNIS;izle;;15,5;0,8;10,0;4,7;0;0;zayif;17,8;39,3;26,0;asagi;zayif;zayif;asagi;0,70;-2,83;2;140;-2,78;682640;146,11;SAT;NEGATIF;NOTR;NEGATIF;AZALIYOR;AL;AL;NOTR;2;25.09.2026
FORTE;izle;;15,4;4,3;7,2;4,0;0;0;zayif;21,4;35,5;34,8;asagi;zayif;zayif;asagi;0,46;-2,03;2;95,8;1,48;57836759;115,19;SAT;NEGATIF;SAT;NEGATIF;AZALIYOR;SAT;SAT;NOTR;0;25.09.2026
GLBMD;izle;;15,4;1,9;9,4;4,0;10;0;zayif;26,2;39,5;21,5;asagi;zayif;zayif;asagi;0,33;-1,83;4;10,56;-1,03;515581;11,18;SAT;NEGATIF;SAT;NEGATIF;AZALIYOR;AL;AL;UCUZ (AL);2;25.09.2026
AKENR;izle;;15,3;1,9;5,4;8,0;6;0;zayif;25,9;29,8;49,1;asagi;zayif;zayif;asagi;0,41;-3,29;3;8,8;0,57;23473586;10,12;SAT;NEGATIF;SAT;NEGATIF;AZALIYOR;SAT;SAT;NOTR;0;25.09.2026
MERCN;izle;;15,1;2,4;6,1;6,5;10;0;zayif;32,0;31,9;42,6;asagi;zayif;zayif;asagi;0,85;-3,92;4;14,41;0,77;64826454;17,60;SAT;NEGATIF;SAT;NEGATIF;AZALIYOR;SAT;AL;NOTR;1;25.09.2026
ENDAE;izle;;14,9;4,8;6,1;4,0;22;2;zayif;25,5;32,0;27,5;asagi;zayif;zayif;asagi;0,61;-2,27;1;14,83;-0,27;28884628;16,89;SAT;NEGATIF;SAT;NEGATIF;AZALIYOR;AL;AL;NOTR;2;25.09.2026
ISBTR;izle;;14,7;4,9;5,8;4,0;38;3;zayif;25,8;29,3;29,8;asagi;zayif;zayif;asagi;0,48;-4,18;3;439997,5;-1,45;879995;470145,54;SAT;NEGATIF;SAT;NEGATIF;AZALIYOR;SAT;SAT;NOTR;0;25.09.2026
BRYAT;izle;;14,7;1,4;7,9;5,4;6;0;zayif;22,0;34,4;40,0;asagi;zayif;zayif;asagi;0,79;-3,27;3;1520;1,33;69874400;1685,69;SAT;NEGATIF;SAT;NEGATIF;AZALIYOR;SAT;SAT;UCUZ (AL);0;25.09.2026
USHOL;izle;;14,6;6,5;8,1;0,0;40;4;zayif;27,6;38,7;45,5;asagi;zayif;zayif;asagi;0,67;-1,90;2;63,7;4,68;26069034;76,85;SAT;NEGATIF;SAT;NEGATIF;AZALIYOR;AL;AL;NOTR;2;25.09.2026
HATSN;izle;;14,5;5,0;5,6;3,9;0;0;zayif;26,9;30,3;14,4;asagi;zayif;zayif;asagi;0,94;-3,86;2;36,2;2,20;217758675;51,28;SAT;NEGATIF;SAT;NEGATIF;AZALIYOR;SAT;AL;NOTR;1;25.09.2026
DOFRB;izle;;14,5;5,4;5,1;4,0;0;0;zayif;36,3;28,6;34,3;asagi;zayif;zayif;asagi;0,49;-5,14;2;84,5;3,68;172958741;103,05;SAT;NEGATIF;SAT;NEGATIF;AZALIYOR;AL;AL;NOTR;2;25.09.2026
AKFYE;izle;;14,5;3,2;11,3;0,0;0;0;zayif;13,4;41,6;56,5;asagi;zayif;zayif;asagi;0,54;-1,21;2;3,56;1,42;134151484;4,33;SAT;NEGATIF;NOTR;NEGATIF;AZALIYOR;SAT;AL;NOTR;1;25.09.2026
SANEL;izle;;14,3;4,5;9,8;0,0;0;0;zayif;23,1;31,1;29,4;asagi;zayif;zayif;asagi;0,62;-3,15;2;40,26;-6,76;10187833;51,77;AL;NEGATIF;SAT;NEGATIF;AZALIYOR;AL;AL;NOTR;3;25.09.2026
EDIP;izle;;14,2;1,3;8,9;4,0;46;5;zayif;21,5;37,8;44,7;asagi;zayif;zayif;asagi;0,32;-2,01;3;31,8;-1,06;21265391;35,37;SAT;NEGATIF;SAT;NEGATIF;AZALIYOR;AL;AL;NOTR;2;25.09.2026
DOAS;izle;;14,2;2,4;11,8;0,0;6;0;zayif;29,4;33,8;41,3;asagi;zayif;zayif;asagi;0,40;-3,54;3;154,6;-0,51;50036290;165,49;AL;NEGATIF;SAT;NEGATIF;AZALIYOR;AL;SAT;UCUZ (AL);2;25.09.2026
TSKB;izle;;14,2;1,7;9,8;2,7;10;1;zayif;24,2;38,3;47,7;asagi;guclu;zayif;asagi;0,65;-2,14;2;10,35;-0,96;147111071;11,59;SAT;NEGATIF;SAT;NEGATIF;AZALIYOR;SAT;SAT;UCUZ (AL);0;25.09.2026
OZRDN;izle;;14,2;4,7;0,7;8,8;10;0;zayif;24,6;25,4;27,8;asagi;zayif;zayif;asagi;1,23;-3,33;4;20,8;-5,45;7600861;27,86;SAT;NEGATIF;SAT;NEGATIF;AZALIYOR;SAT;SAT;NOTR;0;25.09.2026
CMBTN;izle;;14,1;1,6;2,5;10,0;6;0;zayif;23,5;29,0;49,0;asagi;zayif;zayif;asagi;1,38;-3,05;3;1303;-5,78;43094119;1591,60;SAT;NEGATIF;SAT;NEGATIF;ARTIYOR;SAT;SAT;UCUZ (AL);0;25.09.2026
DZGYO;izle;;14,1;1,4;12,7;0,0;6;0;zayif;22,3;40,8;48,5;asagi;guclu;zayif;asagi;0,44;-1,76;3;6,79;1,34;11258954;7,73;SAT;NEGATIF;SAT;NEGATIF;AZALIYOR;SAT;AL;NOTR;1;25.09.2026
RAYSG;izle;;14,0;2,4;5,5;6,0;10;0;zayif;30,8;30,1;38,3;asagi;zayif;zayif;asagi;0,82;-4,09;4;130,4;1,40;14312965;150,12;SAT;NEGATIF;SAT;NEGATIF;AZALIYOR;AL;AL;UCUZ (AL);2;25.09.2026
MOGAN;izle;;13,9;5,4;4,5;4,0;22;2;zayif;41,8;26,5;40,8;asagi;zayif;zayif;asagi;0,57;-4,94;2;9,18;3,96;121345279;11,92;SAT;NEGATIF;SAT;NEGATIF;AZALIYOR;AL;AL;NOTR;2;25.09.2026
KLGYO;izle;;13,9;2,4;4,9;6,6;6;0;zayif;31,1;27,9;23,7;asagi;zayif;zayif;asagi;1,09;-3,31;3;3,77;0,53;34778382;4,60;SAT;NEGATIF;SAT;NEGATIF;ARTIYOR;SAT;SAT;UCUZ (AL);0;25.09.2026
ICBCT;izle;;13,9;3,9;6,0;4,0;6;0;zayif;18,5;31,6;46,4;asagi;zayif;zayif;asagi;0,47;-3,41;3;16,44;2,11;9457340;18,70;SAT;NEGATIF;NOTR;NEGATIF;AZALIYOR;AL;AL;NOTR;2;25.09.2026
BIGEN;izle;;13,9;5,4;0,4;8,0;0;0;zayif;30,5;26,4;72,5;asagi;zayif;zayif;asagi;0,01;-4,39;0;67,7;-9,97;3255490;103,19;SAT;NEGATIF;SAT;NEGATIF;AZALIYOR;SAT;AL;PAHALI (SAT);1;25.09.2026
LKMNH;izle;;13,7;2,4;11,3;0,0;10;1;zayif;38,4;42,1;71,5;asagi;zayif;zayif;asagi;0,67;-2,11;2;12,28;5,05;23103567;13,64;SAT;NEGATIF;SAT;NEGATIF;ARTIYOR;SAT;AL;UCUZ (AL);1;25.09.2026
BRMEN;izle;;13,6;5,4;4,0;4,2;0;0;zayif;52,1;23,2;6,8;asagi;zayif;zayif;asagi;0,95;-6,90;2;7,32;9,91;3712770;9,17;SAT;NEGATIF;SAT;NEGATIF;ARTIYOR;AL;AL;NOTR;2;25.09.2026
MEGAP;izle;;13,6;2,4;4,0;7,1;10;0;zayif;48,8;23,4;19,8;asagi;zayif;zayif;asagi;1,13;-7,54;6;1,33;-1,48;988790;1,50;SAT;NEGATIF;SAT;NEGATIF;AZALIYOR;AL;AL;UCUZ (AL);2;25.09.2026
GLRYH;izle;;13,5;2,4;4,0;7,1;6;0;zayif;33,3;19,6;16,1;asagi;zayif;zayif;asagi;1,12;-6,15;3;1,82;-3,19;21311574;2,36;SAT;NEGATIF;SAT;NEGATIF;AZALIYOR;SAT;SAT;UCUZ (AL);0;25.09.2026
TSPOR;izle;;13,5;2,4;7,1;4,0;10;0;zayif;30,5;34,0;30,9;asagi;zayif;zayif;asagi;0,67;-2,20;4;0,89;-1,11;164611971;1,03;SAT;NEGATIF;SAT;NEGATIF;AZALIYOR;SAT;AL;UCUZ (AL);1;25.09.2026
VANGD;izle;;13,4;5,4;4,0;4,0;0;0;zayif;34,5;21,6;32,7;asagi;zayif;zayif;asagi;0,40;-4,65;1;60,7;0,83;4831599;77,29;SAT;NEGATIF;SAT;NEGATIF;AZALIYOR;AL;AL;NOTR;2;25.09.2026
AKSUE;izle;;13,4;5,4;4,0;4,0;6;0;zayif;52,5;23,2;16,7;asagi;zayif;zayif;asagi;0,26;-6,55;3;18;0,00;16401276;24,42;SAT;NEGATIF;SAT;NEGATIF;AZALIYOR;AL;AL;NOTR;2;25.09.2026
TEHOL;izle;;13,4;5,4;0,0;8,0;0;0;zayif;39,8;18,8;62,3;asagi;zayif;zayif;asagi;0,00;-6,99;0;20,62;-9,96;993348;29,18;SAT;NEGATIF;SAT;NEGATIF;AZALIYOR;SAT;SAT;NOTR;0;25.09.2026
IEYHO;izle;;13,4;5,4;0,0;8,0;0;0;zayif;72,1;14,4;98,9;asagi;zayif;zayif;asagi;0,00;-8,23;0;99,2;-9,98;375571;130,65;SAT;NEGATIF;SAT;NEGATIF;ARTIYOR;SAT;AL;NOTR;1;25.09.2026
ALKLC;izle;;13,4;5,4;0,0;8,0;10;1;zayif;59,0;17,0;96,1;asagi;zayif;zayif;asagi;0,00;-7,26;0;224,2;-10,00;297065;304,55;SAT;NEGATIF;SAT;NEGATIF;ARTIYOR;SAT;AL;NOTR;1;25.09.2026
MANAS;izle;;13,4;5,4;0,0;8,0;0;0;zayif;36,2;15,3;28,9;asagi;zayif;zayif;asagi;0,00;-6,65;1;14,42;-9,99;784203;21,36;SAT;NEGATIF;SAT;NEGATIF;AZALIYOR;SAT;SAT;NOTR;0;25.09.2026
GRTHO;izle;;13,4;2,4;4,6;6,5;0;0;zayif;29,4;27,0;49,8;asagi;zayif;zayif;asagi;1,09;-5,66;0;116,1;9,94;201803511;158,68;SAT;NEGATIF;SAT;NEGATIF;AZALIYOR;SAT;AL;UCUZ (AL);1;25.09.2026
ZOREN;izle;;13,4;2,4;2,9;8,0;6;0;zayif;34,6;31,6;39,5;asagi;zayif;zayif;asagi;0,26;-2,81;3;2,06;0,49;58196178;2,45;SAT;NEGATIF;SAT;NEGATIF;AZALIYOR;SAT;AL;UCUZ (AL);1;25.09.2026
A1YEN;izle;;13,4;2,4;4,0;6,9;6;0;zayif;33,8;16,7;51,2;asagi;zayif;zayif;asagi;0,87;-6,55;3;1,6;-2,44;20779715;2,09;SAT;NEGATIF;SAT;NEGATIF;AZALIYOR;AL;SAT;UCUZ (AL);1;25.09.2026
EGEPO;izle;;13,3;2,4;4,0;6,9;0;0;zayif;58,7;20,4;12,4;asagi;zayif;zayif;asagi;1,11;-7,03;2;7,48;7,78;54432656;9,45;SAT;NEGATIF;SAT;NEGATIF;ARTIYOR;AL;AL;NOTR;2;25.09.2026
ERBOS;izle;;13,2;2,4;0,7;10,0;10;0;zayif;36,1;18,0;5,5;asagi;zayif;zayif;asagi;15,99;-5,44;6;117,9;-3,52;463507108;138,85;SAT;NEGATIF;SAT;NEGATIF;ARTIYOR;AL;AL;UCUZ (AL);2;25.09.2026
EFOR;izle;;13,2;4,0;3,0;6,2;0;0;zayif;19,1;34,1;49,7;asagi;zayif;zayif;asagi;1,07;-2,61;1;13,92;5,45;1219744092;18,01;SAT;NEGATIF;NOTR;NEGATIF;AZALIYOR;SAT;AL;NOTR;1;25.09.2026
RUBNS;izle;;13,1;2,4;0,6;10,0;10;0;zayif;37,7;24,2;23,1;asagi;zayif;zayif;asagi;1,46;-3,48;5;20,1;-9,95;58693226;28,00;SAT;NEGATIF;SAT;NEGATIF;ARTIYOR;SAT;SAT;NOTR;0;25.09.2026
HTTBT;izle;;13,0;2,4;6,6;4,0;0;0;zayif;40,4;33,6;35,9;asagi;zayif;zayif;asagi;0,55;-3,41;1;31,12;1,43;9485905;34,43;SAT;NEGATIF;SAT;NEGATIF;AZALIYOR;AL;AL;UCUZ (AL);2;25.09.2026
DSTKF;izle;;13,0;5,0;0,0;8,0;22;2;zayif;26,7;24,4;77,9;asagi;zayif;zayif;asagi;0,00;-5,77;0;1174;-9,97;331068;1690,87;SAT;NEGATIF;SAT;NEGATIF;AZALIYOR;SAT;AL;NOTR;1;25.09.2026
AKFGY;izle;;13,0;0,7;12,3;0,0;16;1;zayif;17,3;40,7;58,6;asagi;guclu;zayif;asagi;0,62;-1,67;3;2,45;0,41;50460499;2,77;SAT;NEGATIF;NOTR;NEGATIF;AZALIYOR;SAT;SAT;NOTR;0;25.09.2026
ANSGR;izle;;12,9;4,3;6,6;2,0;0;0;zayif;21,7;32,2;58,9;asagi;zayif;zayif;asagi;0,44;-2,69;2;24,84;-1,11;41884686;27,59;SAT;NEGATIF;SAT;NEGATIF;AZALIYOR;SAT;SAT;NOTR;0;25.09.2026
VKGYO;izle;;12,9;2,4;2,4;8,0;6;0;zayif;34,6;28,7;47,2;asagi;zayif;zayif;asagi;0,57;-3,93;3;1,69;-0,59;26914518;1,87;SAT;NEGATIF;SAT;NEGATIF;AZALIYOR;SAT;SAT;UCUZ (AL);0;25.09.2026
GOKNR;izle;;12,8;1,9;7,2;3,7;6;0;zayif;26,0;35,8;59,9;asagi;zayif;zayif;asagi;0,92;-3,35;3;15,85;2,72;71344210;18,14;SAT;NEGATIF;SAT;NEGATIF;ARTIYOR;SAT;AL;UCUZ (AL);1;25.09.2026
QUAGR;izle;;12,8;2,0;4,2;6,6;10;0;zayif;26,8;25,8;36,3;asagi;zayif;zayif;asagi;1,09;-5,05;4;2,21;7,28;102717644;2,66;SAT;NEGATIF;SAT;NEGATIF;ARTIYOR;SAT;AL;NOTR;1;25.09.2026
KSTUR;izle;;12,8;2,4;4,2;6,1;0;0;zayif;32,1;31,7;42,9;asagi;zayif;zayif;asagi;1,07;-4,16;2;2000;0,00;1790000;2205,85;SAT;NEGATIF;SAT;NEGATIF;ARTIYOR;SAT;SAT;UCUZ (AL);0;25.09.2026
OTTO;izle;;12,7;2,4;4,0;6,3;0;0;zayif;47,6;18,0;19,3;asagi;zayif;zayif;asagi;1,08;-6,52;1;94,8;3,04;27368191;117,61;SAT;NEGATIF;SAT;NEGATIF;AZALIYOR;AL;AL;UCUZ (AL);2;25.09.2026
TBORG;izle;;12,6;1,3;11,3;0,0;6;0;zayif;21,7;37,7;24,0;asagi;zayif;zayif;asagi;0,28;-1,86;3;127,6;-0,23;8343254;143,26;SAT;NEGATIF;SAT;NEGATIF;AZALIYOR;SAT;AL;UCUZ (AL);1;25.09.2026
CEMAS;izle;;12,4;2,0;6,4;4,0;6;0;zayif;26,5;33,0;31,3;asagi;zayif;zayif;asagi;0,35;-3,55;3;3,34;1,52;13069223;3,87;SAT;NEGATIF;SAT;NEGATIF;AZALIYOR;SAT;AL;NOTR;1;25.09.2026
BIGCH;izle;;12,3;2,4;4,0;5,9;32;2;zayif;36,6;20,7;24,5;asagi;zayif;zayif;asagi;1,05;-5,92;4;3,89;-2,75;22051531;4,84;SAT;NEGATIF;SAT;NEGATIF;AZALIYOR;AL;SAT;UCUZ (AL);1;25.09.2026
BASCM;izle;;12,3;2,4;4,3;5,6;10;1;zayif;33,0;25,9;15,8;asagi;zayif;zayif;asagi;0,79;-6,15;2;11,01;0,00;816414;11,95;SAT;NEGATIF;SAT;NEGATIF;AZALIYOR;SAT;AL;UCUZ (AL);1;25.09.2026
ERCB;izle;;12,2;1,9;6,4;4,0;10;0;zayif;25,6;33,0;41,3;asagi;zayif;zayif;asagi;0,49;-3,73;4;38,04;2,48;16071710;43,43;SAT;NEGATIF;SAT;NEGATIF;AZALIYOR;SAT;SAT;UCUZ (AL);0;25.09.2026
YATAS;izle;;12,1;2,4;5,7;4,0;6;0;zayif;43,1;30,7;33,1;asagi;zayif;zayif;asagi;0,57;-4,73;3;26,62;1,22;13933760;29,70;SAT;NEGATIF;SAT;NEGATIF;AZALIYOR;AL;AL;UCUZ (AL);2;25.09.2026
BALAT;izle;;12,1;2,1;0,0;10,0;22;2;zayif;27,3;23,5;15,8;asagi;zayif;zayif;asagi;1,55;-6,82;2;51,15;-5,45;3259790;58,93;SAT;NEGATIF;SAT;NEGATIF;ARTIYOR;SAT;SAT;UCUZ (AL);0;25.09.2026
GRSEL;izle;;12,1;2,2;5,9;4,0;0;0;zayif;28,1;31,3;51,6;asagi;zayif;zayif;asagi;0,29;-2,58;2;271,25;0,93;34028041;306,84;SAT;NEGATIF;SAT;NEGATIF;AZALIYOR;AL;AL;NOTR;2;25.09.2026
SKBNK;izle;;12,0;2,1;9,9;0,0;16;1;zayif;27,6;31,3;47,9;asagi;zayif;zayif;asagi;0,41;-7,21;3;5,45;3,22;278698280;6,22;AL;NEGATIF;SAT;NEGATIF;AZALIYOR;SAT;AL;NOTR;2;25.09.2026
KLKIM;izle;;12,0;2,3;5,6;4,2;6;0;zayif;28,8;28,7;26,6;asagi;zayif;zayif;asagi;0,71;-3,77;3;22,94;-0,35;24473631;25,56;SAT;NEGATIF;SAT;NEGATIF;AZALIYOR;SAT;SAT;UCUZ (AL);0;25.09.2026
BURCE;izle;;12,0;1,9;4,8;5,3;10;1;zayif;25,6;27,7;28,8;asagi;zayif;zayif;asagi;0,78;-4,09;2;26,76;1,67;30378434;32,43;SAT;NEGATIF;SAT;NEGATIF;AZALIYOR;AL;AL;UCUZ (AL);2;25.09.2026
BINHO;izle;;11,9;2,4;5,4;4,2;0;0;zayif;29,5;29,6;63,5;asagi;zayif;zayif;asagi;0,71;-3,78;2;6,84;-1,44;150801747;8,24;SAT;NEGATIF;SAT;NEGATIF;AZALIYOR;AL;AL;NOTR;2;25.09.2026
EKSUN;izle;;11,8;2,4;5,3;4,0;22;2;zayif;32,8;29,4;39,0;asagi;zayif;zayif;asagi;0,19;-4,38;2;4,63;0,65;2924433;5,15;SAT;NEGATIF;SAT;NEGATIF;AZALIYOR;AL;AL;NOTR;2;25.09.2026
DOKTA;izle;;11,8;2,4;0,0;9,3;10;0;zayif;31,7;21,9;35,9;asagi;zayif;zayif;asagi;1,26;-4,62;4;17,19;-1,38;11776302;20,44;SAT;NEGATIF;SAT;NEGATIF;AZALIYOR;SAT;SAT;UCUZ (AL);0;25.09.2026
AFYON;izle;;11,8;1,8;6,1;3,8;20;1;zayif;25,4;27,0;37,0;asagi;zayif;zayif;asagi;0,84;-3,65;5;11,15;-0,71;12998826;12,16;SAT;NEGATIF;SAT;NEGATIF;AZALIYOR;SAT;SAT;UCUZ (AL);0;25.09.2026
HATEK;izle;;11,7;1,7;0,0;10,0;10;0;zayif;24,8;19,0;11,4;asagi;zayif;zayif;asagi;1,34;-5,50;4;8,73;-2,57;22871055;10,91;SAT;NEGATIF;SAT;NEGATIF;AZALIYOR;SAT;AL;UCUZ (AL);1;25.09.2026
YIGIT;izle;;11,7;2,4;5,3;4,0;0;0;zayif;29,7;29,5;34,2;asagi;zayif;zayif;asagi;0,44;-3,50;1;18,5;0,43;26236737;20,79;SAT;NEGATIF;SAT;NEGATIF;AZALIYOR;SAT;AL;UCUZ (AL);1;25.09.2026
ATSYH;izle;;11,5;4,6;6,9;0,0;10;1;zayif;23,8;34,6;22,9;asagi;zayif;zayif;asagi;0,37;-3,57;2;84,7;8,59;1483605;100,19;SAT;NEGATIF;SAT;NEGATIF;AZALIYOR;SAT;AL;NOTR;1;25.09.2026
EKOS;izle;;11,4;2,4;4,0;5,0;16;1;zayif;40,3;22,0;36,9;asagi;zayif;zayif;asagi;1,00;-5,87;3;3,75;2,74;32501655;4,40;SAT;NEGATIF;SAT;NEGATIF;AZALIYOR;AL;AL;UCUZ (AL);2;25.09.2026
SRVGY;izle;;11,4;2,1;7,1;2,1;10;0;zayif;27,7;32,9;31,9;asagi;zayif;zayif;asagi;0,83;-3,39;4;2,18;-0,46;30979930;2,37;SAT;NEGATIF;SAT;NEGATIF;AZALIYOR;AL;AL;UCUZ (AL);2;25.09.2026
VERUS;izle;;11,3;5,4;5,2;0,7;10;1;zayif;38,9;29,0;31,5;asagi;zayif;zayif;asagi;0,74;-3,21;2;423;4,00;27673083;538,78;SAT;NEGATIF;SAT;NEGATIF;AZALIYOR;SAT;AL;NOTR;1;25.09.2026
GEDIK;izle;;11,3;1,7;6,8;2,7;6;0;zayif;24,7;34,4;55,1;asagi;zayif;zayif;asagi;0,86;-2,95;3;5,14;3,42;39404001;5,68;SAT;NEGATIF;SAT;NEGATIF;AZALIYOR;SAT;SAT;NOTR;0;25.09.2026
HOROZ;izle;;11,3;1,5;6,5;3,3;10;0;zayif;23,1;33,3;37,6;asagi;zayif;zayif;asagi;0,90;-3,11;4;47,7;4,24;46196782;54,80;SAT;NEGATIF;SAT;NEGATIF;ARTIYOR;AL;AL;NOTR;2;25.09.2026
GWIND;izle;;11,3;1,6;9,7;0,0;6;0;zayif;23,8;37,1;39,2;asagi;zayif;zayif;asagi;0,52;-3,10;3;21,02;2,04;33245442;22,84;SAT;NEGATIF;SAT;NEGATIF;AZALIYOR;SAT;AL;NOTR;1;25.09.2026
AYCES;izle;;11,2;0,0;7,2;4,0;0;0;zayif;11,2;35,5;29,0;asagi;zayif;zayif;asagi;0,41;-3,27;2;398,25;-1,06;13078132;458,99;SAT;NEGATIF;NOTR;NEGATIF;AZALIYOR;AL;AL;NOTR;2;25.09.2026
EYGYO;izle;;11,1;2,0;5,2;4,0;6;0;zayif;26,3;28,9;36,6;asagi;zayif;zayif;asagi;0,40;-2,90;3;2,05;0,99;5981789;2,49;SAT;NEGATIF;SAT;NEGATIF;AZALIYOR;SAT;AL;UCUZ (AL);1;25.09.2026
OBASE;izle;;11,1;2,4;4,4;4,3;10;0;zayif;29,4;26,5;13,0;asagi;zayif;zayif;asagi;0,96;-4,84;5;27,38;4,90;10032662;31,98;SAT;NEGATIF;SAT;NEGATIF;AZALIYOR;SAT;AL;NOTR;1;25.09.2026
EKIZ;izle;;11,1;2,4;5,9;2,7;10;0;zayif;44,1;31,5;30,6;asagi;zayif;zayif;asagi;0,86;-4,81;4;47,38;1,89;622763;54,80;SAT;NEGATIF;SAT;NEGATIF;AZALIYOR;AL;AL;UCUZ (AL);2;25.09.2026
OYLUM;izle;;11,0;2,4;4,6;4,0;10;0;zayif;32,3;27,0;23,8;asagi;zayif;zayif;asagi;0,39;-2,93;4;6,18;3,00;1159801;6,99;SAT;NEGATIF;SAT;NEGATIF;AZALIYOR;AL;AL;UCUZ (AL);2;25.09.2026
KENT;izle;;11,0;2,4;4,4;4,2;6;0;zayif;36,7;26,4;12,4;asagi;zayif;zayif;asagi;0,95;-4,64;3;290;0,00;1199150;323,49;SAT;NEGATIF;SAT;NEGATIF;AZALIYOR;SAT;AL;UCUZ (AL);1;25.09.2026
TARKM;izle;;11,0;4,9;6,1;0,0;10;0;zayif;25,9;32,0;38,1;asagi;zayif;zayif;asagi;0,64;-2,62;4;409,75;3,47;46137850;487,95;SAT;NEGATIF;SAT;NEGATIF;AZALIYOR;SAT;AL;NOTR;1;25.09.2026
KORDS;izle;;11,0;5,4;5,5;0,0;6;0;zayif;31,6;30,1;12,8;asagi;zayif;zayif;asagi;0,40;-3,28;3;3,07;2,68;44202977;3,77;SAT;NEGATIF;SAT;NEGATIF;AZALIYOR;AL;AL;NOTR;2;25.09.2026
OSMEN;izle;;10,9;2,4;4,0;4,5;10;0;zayif;39,2;24,4;23,8;asagi;zayif;zayif;asagi;0,73;-5,18;4;5,37;2,48;12017405;6,26;SAT;NEGATIF;SAT;NEGATIF;AZALIYOR;AL;AL;UCUZ (AL);2;25.09.2026
EGEGY;izle;;10,7;2,4;4,2;4,0;40;4;zayif;42,3;25,8;26,9;asagi;zayif;zayif;asagi;0,57;-5,12;1;15,98;-1,42;57090340;21,18;SAT;NEGATIF;SAT;NEGATIF;AZALIYOR;AL;AL;UCUZ (AL);2;25.09.2026
DESA;izle;;10,7;1,9;8,7;0,0;6;0;zayif;26,3;34,3;40,9;asagi;zayif;zayif;asagi;0,66;-2,60;3;8,76;-0,23;10517414;10,04;SAT;NEGATIF;SAT;NEGATIF;AZALIYOR;AL;AL;UCUZ (AL);2;25.09.2026
ALCTL;izle;;10,6;2,4;4,2;4,0;10;0;zayif;58,5;25,6;23,8;asagi;zayif;zayif;asagi;0,49;-5,00;4;93,45;0,59;18410585;106,69;SAT;NEGATIF;SAT;NEGATIF;AZALIYOR;AL;AL;NOTR;2;25.09.2026
VAKKO;izle;;10,6;0,0;9,4;1,2;6;0;zayif;11,8;35,1;38,3;asagi;guclu;zayif;asagi;0,55;-1,53;3;62,4;0,40;4596509;72,32;SAT;NEGATIF;NOTR;NEGATIF;AZALIYOR;SAT;SAT;NOTR;0;25.09.2026
NTHOL;izle;;10,6;2,4;6,8;1,3;10;0;zayif;34,1;34,3;28,1;asagi;zayif;zayif;asagi;0,78;-2,77;4;37,58;1,95;58876548;42,16;SAT;NEGATIF;SAT;NEGATIF;AZALIYOR;SAT;SAT;UCUZ (AL);0;25.09.2026
ARCLK;izle;;10,5;1,0;7,6;1,9;10;0;zayif;19,3;35,2;45,5;asagi;zayif;zayif;asagi;0,56;-2,98;4;85,8;-0,75;80756933;94,40;SAT;NEGATIF;NOTR;NEGATIF;AZALIYOR;SAT;SAT;UCUZ (AL);0;25.09.2026
TATEN;izle;;10,4;2,4;4,0;4,0;0;0;zayif;38,3;21,7;51,8;asagi;zayif;zayif;asagi;0,50;-7,16;2;5,02;3,72;50493037;6,39;SAT;NEGATIF;SAT;NEGATIF;AZALIYOR;AL;AL;UCUZ (AL);2;25.09.2026
SURGY;izle;;10,4;2,4;8,0;0,0;10;0;zayif;44,9;11,8;24,6;asagi;zayif;zayif;asagi;0,47;-9,38;4;21,78;0,55;27055072;26,86;AL;NEGATIF;SAT;NEGATIF;AZALIYOR;SAT;AL;UCUZ (AL);2;25.09.2026
A1CAP;izle;;10,4;2,4;4,0;4,0;10;0;zayif;56,4;17,2;29,0;asagi;zayif;zayif;asagi;0,65;-7,59;4;4,43;4,98;28601196;5,66;SAT;NEGATIF;SAT;NEGATIF;AZALIYOR;AL;AL;UCUZ (AL);2;25.09.2026
SMRVA;izle;;10,4;2,4;4,0;4,0;10;0;zayif;30,3;20,1;26,0;asagi;zayif;zayif;asagi;0,63;-6,31;4;7,4;1,51;31243459;8,82;SAT;NEGATIF;SAT;NEGATIF;ARTIYOR;AL;AL;UCUZ (AL);2;25.09.2026
SAFKR;izle;;10,4;2,4;4,0;4,0;10;0;zayif;55,2;20,3;15,7;asagi;zayif;zayif;asagi;0,58;-6,66;4;11,18;2,29;36002999;13,15;SAT;NEGATIF;SAT;NEGATIF;AZALIYOR;AL;AL;UCUZ (AL);2;25.09.2026
KIMMR;izle;;10,4;2,4;4,0;4,0;0;0;zayif;46,2;23,1;26,4;asagi;zayif;zayif;asagi;0,43;-4,82;1;11,33;0,53;4887286;12,59;SAT;NEGATIF;SAT;NEGATIF;AZALIYOR;AL;AL;NOTR;2;25.09.2026
FADE;izle;;10,4;2,4;4,0;4,0;6;0;zayif;30,2;23,0;19,6;asagi;zayif;zayif;asagi;0,47;-4,80;3;11,83;0,17;9341512;13,70;SAT;NEGATIF;SAT;NEGATIF;AZALIYOR;SAT;AL;NOTR;1;25.09.2026
TERA;izle;;10,4;2,4;0,0;8,0;10;1;zayif;37,0;18,7;93,8;asagi;zayif;zayif;asagi;0,00;-7,57;0;96,6;-9,97;659005;131,10;SAT;NEGATIF;SAT;NEGATIF;ARTIYOR;SAT;SAT;UCUZ (AL);0;25.09.2026
MNDTR;izle;;10,4;2,4;4,0;4,0;6;0;zayif;32,6;24,3;25,1;asagi;zayif;zayif;asagi;0,37;-4,20;3;4,19;0,48;2677456;4,79;SAT;NEGATIF;SAT;NEGATIF;AZALIYOR;SAT;SAT;UCUZ (AL);0;25.09.2026
LIDER;izle;;10,4;2,4;8,0;0,0;0;0;zayif;58,8;12,8;46,8;asagi;zayif;zayif;asagi;0,08;-13,41;1;9,34;-9,93;9060818;15,36;AL;NEGATIF;SAT;NEGATIF;AZALIYOR;SAT;AL;UCUZ (AL);2;25.09.2026
HEDEF;izle;;10,4;2,4;8,0;0,0;0;0;zayif;50,4;15,0;-0,0;asagi;zayif;zayif;asagi;0,06;-12,09;0;11,44;-9,99;4537379;26,47;AL;NEGATIF;SAT;NEGATIF;AZALIYOR;AL;AL;UCUZ (AL);3;25.09.2026
MAGEN;izle;;10,4;2,4;0,0;8,0;32;3;zayif;30,2;15,4;35,3;asagi;zayif;zayif;asagi;0,01;-7,75;2;16,11;-10,00;3457415;22,82;SAT;NEGATIF;SAT;NEGATIF;AZALIYOR;SAT;SAT;UCUZ (AL);0;25.09.2026
PEKGY;izle;;10,4;2,4;0,0;8,0;0;0;zayif;32,2;15,6;66,6;asagi;zayif;zayif;asagi;0,00;-8,55;0;5,06;-9,96;1975672;7,51;SAT;NEGATIF;SAT;NEGATIF;AZALIYOR;SAT;AL;UCUZ (AL);1;25.09.2026
ASUZU;izle;;10,4;1,0;9,4;0,0;10;0;zayif;19,3;36,4;63,1;asagi;zayif;zayif;asagi;0,33;-2,78;4;44,16;-0,32;5388447;49,70;SAT;NEGATIF;NOTR;NEGATIF;AZALIYOR;SAT;SAT;UCUZ (AL);0;25.09.2026
GENTS;izle;;10,4;2,3;4,2;4,0;6;0;zayif;28,6;25,6;25,6;asagi;zayif;zayif;asagi;0,34;-4,37;3;4,36;1,63;7712605;4,99;SAT;NEGATIF;SAT;NEGATIF;AZALIYOR;SAT;AL;UCUZ (AL);1;25.09.2026
IZFAS;izle;;10,4;2,4;0,0;8,0;0;0;zayif;29,8;22,3;62,6;asagi;zayif;zayif;asagi;0,01;-6,31;0;22;-9,98;1129568;35,54;SAT;NEGATIF;SAT;NEGATIF;AZALIYOR;SAT;SAT;UCUZ (AL);0;25.09.2026
FORMT;izle;;10,4;2,4;4,0;4,0;10;0;zayif;59,5;11,2;11,0;asagi;zayif;zayif;asagi;0,94;-8,65;5;1,03;1,98;20574215;1,23;SAT;NEGATIF;SAT;NEGATIF;AZALIYOR;AL;AL;UCUZ (AL);2;25.09.2026
GESAN;izle;;10,4;5,4;5,0;0,0;10;1;zayif;40,3;28,2;20,6;asagi;zayif;zayif;asagi;0,67;-4,34;0;46,52;2,33;705146811;60,43;SAT;NEGATIF;SAT;NEGATIF;AZALIYOR;SAT;AL;NOTR;1;25.09.2026
AYEN;izle;;10,3;1,1;6,6;2,6;6;0;zayif;20,0;33,7;52,7;asagi;zayif;zayif;asagi;0,86;-3,18;3;27,64;1,84;12892623;30,69;SAT;NEGATIF;SAT;NEGATIF;AZALIYOR;AL;AL;NOTR;2;25.09.2026
IZMDC;izle;;10,3;5,4;4,9;0,0;6;0;zayif;36,7;28,0;23,7;asagi;zayif;zayif;asagi;0,58;-4,42;3;6,97;-3,60;53555124;9,20;SAT;NEGATIF;SAT;NEGATIF;AZALIYOR;AL;SAT;NOTR;1;25.09.2026
DERIM;izle;;10,3;1,6;4,0;4,7;32;2;zayif;23,8;24,2;41,4;asagi;zayif;zayif;asagi;0,98;-3,81;5;27,98;0,00;8955559;33,11;SAT;NEGATIF;SAT;NEGATIF;AZALIYOR;SAT;AL;UCUZ (AL);1;25.09.2026
KCAER;izle;;10,3;5,4;4,8;0,0;6;0;zayif;45,8;27,8;27,9;asagi;zayif;zayif;asagi;0,65;-4,01;3;11,2;1,73;96893059;13,22;SAT;NEGATIF;SAT;NEGATIF;AZALIYOR;AL;AL;NOTR;2;25.09.2026
DESPC;izle;;10,2;2,4;6,5;1,4;0;0;zayif;29,4;33,3;29,2;asagi;zayif;zayif;asagi;0,78;-3,25;2;32,22;6,13;12347187;37,72;SAT;NEGATIF;SAT;NEGATIF;AZALIYOR;SAT;AL;UCUZ (AL);1;25.09.2026
INVEO;izle;;10,2;1,2;6,4;2,6;6;0;zayif;20,7;32,9;46,7;asagi;zayif;zayif;asagi;0,85;-2,65;3;6,11;1,50;29122472;6,92;SAT;NEGATIF;SAT;NEGATIF;AZALIYOR;SAT;SAT;UCUZ (AL);0;25.09.2026
CASA;izle;;10,1;2,4;4,0;3,7;6;0;zayif;35,4;20,5;14,5;asagi;zayif;zayif;asagi;0,92;-8,20;3;51,2;-1,54;857651;57,21;SAT;NEGATIF;SAT;NEGATIF;AZALIYOR;SAT;AL;UCUZ (AL);1;25.09.2026
BORLS;izle;;10,0;2,4;4,0;3,6;10;0;zayif;51,5;12,4;0,0;asagi;zayif;zayif;asagi;0,91;-7,86;4;1,91;-5,91;58804748;2,63;SAT;NEGATIF;SAT;NEGATIF;AZALIYOR;AL;SAT;UCUZ (AL);1;25.09.2026
BRLSM;izle;;9,9;4,3;5,6;0,0;0;0;zayif;21,3;30,4;12,9;asagi;zayif;zayif;asagi;0,30;-2,99;2;13,06;0,08;57210479;16,95;SAT;NEGATIF;SAT;NEGATIF;AZALIYOR;SAT;SAT;NOTR;0;25.09.2026
SARKY;izle;;9,8;1,2;4,5;4,0;38;3;zayif;21,0;34,2;50,6;asagi;zayif;zayif;asagi;0,51;-3,14;3;21,08;-0,66;56005934;24,32;SAT;NEGATIF;SAT;NEGATIF;AZALIYOR;SAT;SAT;NOTR;0;25.09.2026
EGSER;izle;;9,8;1,9;7,9;0,0;22;2;zayif;25,8;32,4;39,4;asagi;zayif;zayif;asagi;0,66;-2,90;2;2,61;-0,38;2798980;2,90;SAT;NEGATIF;SAT;NEGATIF;AZALIYOR;SAT;AL;NOTR;1;25.09.2026
IHLGM;izle;;9,8;1,5;0,3;8,0;16;1;zayif;22,8;25,5;58,4;asagi;zayif;zayif;asagi;0,46;-4,45;3;1,27;0,79;19229989;1,48;SAT;NEGATIF;SAT;NEGATIF;AZALIYOR;SAT;AL;UCUZ (AL);1;25.09.2026
DGGYO;izle;;9,7;1,4;7,7;0,6;10;0;zayif;22,1;37,4;30,6;asagi;zayif;zayif;asagi;0,74;-2,29;4;28,84;4,80;2443873;32,80;SAT;NEGATIF;SAT;NEGATIF;ARTIYOR;AL;AL;NOTR;2;25.09.2026
SDTTR;izle;;9,7;4,9;4,8;0,0;20;1;zayif;26,2;27,5;23,6;asagi;zayif;zayif;asagi;0,45;-3,66;4;16,65;0,91;62992245;19,97;SAT;NEGATIF;SAT;NEGATIF;AZALIYOR;SAT;AL;NOTR;1;25.09.2026
GATEG;izle;;9,6;2,4;7,2;0,0;0;0;zayif;32,9;35,6;52,9;asagi;zayif;zayif;asagi;0,47;-4,46;0;192,7;9,99;3796575;213,50;SAT;NEGATIF;SAT;NEGATIF;ARTIYOR;AL;AL;UCUZ (AL);2;25.09.2026
MAALT;izle;;9,6;4,2;5,3;0,0;40;5;zayif;22,9;33,5;64,1;asagi;zayif;zayif;asagi;0,38;-2,73;1;900;-1,64;17698500;1032,72;SAT;NEGATIF;AL;NEGATIF;AZALIYOR;SAT;AL;NOTR;2;25.09.2026
BOBET;izle;;9,5;2,4;7,1;0,0;28;2;zayif;34,9;35,2;45,8;asagi;zayif;zayif;asagi;0,24;-2,37;3;16,7;1,52;26339507;20,54;SAT;NEGATIF;SAT;NEGATIF;AZALIYOR;SAT;SAT;NOTR;0;25.09.2026
PKART;izle;;9,5;5,4;4,0;0,0;6;0;zayif;34,0;25,0;6,9;asagi;zayif;zayif;asagi;0,37;-3,91;3;88,85;1,54;16754089;108,85;SAT;NEGATIF;SAT;NEGATIF;AZALIYOR;AL;AL;NOTR;2;25.09.2026
KTLEV;izle;;9,4;5,4;4,0;0,0;0;0;zayif;46,0;20,9;53,2;asagi;zayif;zayif;asagi;0,03;-7,25;0;13,16;-9,99;41312425;23,33;SAT;NEGATIF;SAT;NEGATIF;AZALIYOR;SAT;AL;NOTR;1;25.09.2026
ODINE;izle;;9,4;5,4;4,0;0,0;0;0;zayif;47,5;15,2;-0,0;asagi;zayif;zayif;asagi;0,02;-10,16;0;273,5;-9,96;560402;545,00;SAT;NEGATIF;SAT;NEGATIF;AZALIYOR;AL;AL;NOTR;2;25.09.2026
MTRKS;izle;;9,4;5,4;4,0;0,0;6;0;zayif;31,7;24,0;21,9;asagi;zayif;zayif;asagi;0,61;-3,54;3;22,12;-0,45;16823941;27,52;SAT;NEGATIF;SAT;NEGATIF;AZALIYOR;SAT;SAT;NOTR;0;25.09.2026
PRZMA;izle;;9,4;5,4;4,0;0,0;0;0;zayif;31,7;21,8;22,1;asagi;zayif;zayif;asagi;0,01;-5,70;1;30,14;-9,98;244013;47,29;SAT;NEGATIF;SAT;NEGATIF;AZALIYOR;SAT;AL;NOTR;1;25.09.2026
AGYO;izle;;9,4;0,5;8,9;0,0;16;1;zayif;15,5;35,3;36,9;asagi;guclu;zayif;asagi;0,47;-1,67;3;6,93;-1,70;986167;7,83;SAT;NEGATIF;NOTR;NEGATIF;AZALIYOR;SAT;SAT;NOTR;0;25.09.2026
MNDRS;izle;;9,4;1,8;6,7;0,9;6;0;zayif;25,5;31,8;40,8;asagi;zayif;zayif;asagi;0,75;-3,14;3;9,66;-0,51;19030364;10,90;SAT;NEGATIF;SAT;NEGATIF;AZALIYOR;SAT;SAT;UCUZ (AL);0;25.09.2026
MACKO;izle;;9,4;2,0;4,0;3,4;0;0;zayif;26,7;21,9;12,4;asagi;zayif;zayif;asagi;0,90;-3,90;2;26,9;-0,44;17071655;31,74;SAT;NEGATIF;SAT;NEGATIF;AZALIYOR;SAT;SAT;NOTR;0;25.09.2026
QNBTR;izle;;9,4;2,4;5,4;1,6;0;0;zayif;59,7;29,6;43,2;asagi;zayif;zayif;asagi;0,79;-7,34;2;166;0,00;1713452;174,51;SAT;NEGATIF;SAT;NEGATIF;AZALIYOR;AL;AL;UCUZ (AL);2;25.09.2026
BERA;izle;;9,3;2,4;2,5;4,4;10;0;zayif;31,6;30,5;35,6;asagi;zayif;zayif;asagi;0,96;-3,82;4;11,44;-0,69;77820817;13,19;SAT;NEGATIF;SAT;NEGATIF;AZALIYOR;SAT;SAT;UCUZ (AL);0;25.09.2026
BIGTK;izle;;9,2;2,4;0,0;6,8;32;3;zayif;37,2;20,8;43,6;asagi;zayif;zayif;asagi;1,11;-6,09;1;132,2;-9,95;72904070;208,17;SAT;NEGATIF;SAT;NEGATIF;AZALIYOR;SAT;SAT;UCUZ (AL);0;25.09.2026
KARTN;izle;;9,2;5,2;4,0;0,0;6;0;zayif;28,1;24,6;36,9;asagi;zayif;zayif;asagi;0,69;-4,31;3;101,9;-4,77;71283126;142,49;SAT;NEGATIF;SAT;NEGATIF;AZALIYOR;AL;AL;NOTR;2;25.09.2026
LINK;izle;;9,1;2,4;4,0;2,6;10;0;zayif;44,3;24,2;30,6;asagi;zayif;zayif;asagi;0,86;-5,32;4;3,98;3,92;54686545;4,64;SAT;NEGATIF;SAT;NEGATIF;ARTIYOR;AL;AL;NOTR;2;25.09.2026
ARZUM;izle;;9,0;2,4;4,3;2,4;6;0;zayif;29,3;25,9;22,7;asagi;zayif;zayif;asagi;0,84;-5,32;3;1,24;4,20;10011381;1,42;SAT;NEGATIF;SAT;NEGATIF;AZALIYOR;AL;AL;UCUZ (AL);2;25.09.2026
CMENT;izle;;9,0;2,4;6,5;0,0;0;0;zayif;60,6;33,5;27,5;asagi;zayif;zayif;asagi;0,41;-4,37;1;223;-0,84;410320;247,22;SAT;NEGATIF;SAT;NEGATIF;AZALIYOR;AL;AL;UCUZ (AL);2;25.09.2026
MZHLD;izle;;8,9;1,2;7,7;0,0;22;2;zayif;21,1;36,6;42,0;asagi;zayif;zayif;asagi;0,66;-2,26;1;4,7;1,29;2201663;5,47;SAT;NEGATIF;SAT;NEGATIF;ARTIYOR;SAT;AL;UCUZ (AL);1;25.09.2026
MARMR;izle;;8,9;2,4;4,0;2,5;10;0;zayif;38,9;19,0;20,5;asagi;zayif;zayif;asagi;0,85;-5,48;5;1,55;1,31;59951487;1,85;SAT;NEGATIF;SAT;NEGATIF;AZALIYOR;AL;AL;NOTR;2;25.09.2026
REEDR;izle;;8,9;2,2;4,0;2,7;0;0;zayif;28,2;12,2;38,8;asagi;zayif;zayif;asagi;0,86;-6,57;2;3,97;-1,49;74127729;4,80;SAT;NEGATIF;SAT;NEGATIF;AZALIYOR;AL;SAT;UCUZ (AL);1;25.09.2026
SODSN;izle;;8,8;2,4;4,0;2,3;6;0;zayif;46,8;18,8;23,4;asagi;zayif;zayif;asagi;0,84;-6,18;3;6,07;0,00;449623;6,70;SAT;NEGATIF;SAT;NEGATIF;ARTIYOR;AL;AL;UCUZ (AL);2;25.09.2026
KLRHO;izle;;8,8;2,4;0,0;6,3;0;0;zayif;45,0;9,0;8,0;asagi;zayif;zayif;asagi;1,08;-11,08;2;25,04;-9,99;91479033;35,58;SAT;NEGATIF;SAT;NEGATIF;AZALIYOR;AL;SAT;UCUZ (AL);1;25.09.2026
IHYAY;izle;;8,8;1,7;7,1;0,0;0;0;zayif;24,4;35,2;50,1;asagi;zayif;zayif;asagi;0,42;-3,29;1;1,05;1,94;1519439;1,24;SAT;NEGATIF;SAT;NEGATIF;AZALIYOR;SAT;AL;UCUZ (AL);1;25.09.2026
BURVA;izle;;8,8;2,0;6,8;0,0;0;0;zayif;26,7;34,2;60,9;asagi;zayif;zayif;asagi;0,28;-3,56;2;479,5;4,30;12809363;648,35;SAT;NEGATIF;SAT;NEGATIF;AZALIYOR;AL;AL;NOTR;2;25.09.2026
GOZDE;izle;;8,7;1,6;7,1;0,0;0;0;zayif;23,9;35,4;47,2;asagi;zayif;zayif;asagi;0,43;-2,54;1;19,8;1,85;11987098;22,34;SAT;NEGATIF;SAT;NEGATIF;AZALIYOR;SAT;AL;NOTR;1;25.09.2026
ULUSE;izle;;8,5;5,4;1,3;1,7;6;0;zayif;45,4;17,9;41,1;asagi;zayif;zayif;asagi;0,80;-5,60;3;168,2;-2,32;23405030;210,77;SAT;NEGATIF;SAT;NEGATIF;AZALIYOR;SAT;SAT;NOTR;0;25.09.2026
MERIT;izle;;8,4;1,2;3,2;4,0;16;1;zayif;21,0;28,4;29,0;asagi;zayif;zayif;asagi;0,41;-3,41;3;14,03;-0,14;9960206;15,55;SAT;NEGATIF;SAT;NEGATIF;AZALIYOR;SAT;SAT;UCUZ (AL);0;25.09.2026
SUNTK;izle;;8,4;2,4;5,9;0,0;10;0;zayif;34,2;31,4;28,9;asagi;zayif;zayif;asagi;0,57;-3,08;4;26,9;7,17;14304774;32,24;SAT;NEGATIF;SAT;NEGATIF;AZALIYOR;SAT;AL;UCUZ (AL);1;25.09.2026
EMKEL;izle;;8,4;2,4;4,0;1,9;6;0;zayif;63,4;8,4;22,6;asagi;zayif;zayif;asagi;0,82;-9,29;3;8,36;0,48;24758775;10,31;SAT;NEGATIF;SAT;NEGATIF;AZALIYOR;AL;AL;UCUZ (AL);2;25.09.2026
QNBFK;izle;;8,4;2,4;5,9;0,0;6;0;zayif;34,8;31,4;30,4;asagi;zayif;zayif;asagi;0,45;-3,91;3;36,6;-0,05;419985;39,57;SAT;NEGATIF;SAT;NEGATIF;AZALIYOR;AL;AL;NOTR;2;25.09.2026
YYLGD;izle;;8,3;1,9;6,5;0,0;10;0;zayif;25,7;33,3;30,3;asagi;zayif;zayif;asagi;0,57;-3,70;4;8,7;1,75;28961291;9,39;SAT;NEGATIF;SAT;NEGATIF;AZALIYOR;AL;AL;NOTR;2;25.09.2026
INTEM;izle;;8,3;2,0;5,8;0,5;0;0;zayif;26,9;30,9;31,8;asagi;zayif;zayif;asagi;0,73;-3,01;2;212,6;-0,89;7359787;243,22;SAT;NEGATIF;SAT;NEGATIF;AZALIYOR;AL;AL;NOTR;2;25.09.2026
CUSAN;izle;;8,3;2,2;4,9;1,3;10;0;zayif;27,9;28,0;25,7;asagi;zayif;zayif;asagi;0,78;-3,60;4;19,3;2,33;10951380;22,28;SAT;NEGATIF;SAT;NEGATIF;AZALIYOR;SAT;AL;NOTR;1;25.09.2026
TSGYO;izle;;8,1;1,9;6,2;0,0;16;1;zayif;25,9;32,3;18,0;asagi;zayif;zayif;asagi;0,40;-3,70;3;5,07;-1,36;3126370;5,68;SAT;NEGATIF;SAT;NEGATIF;AZALIYOR;AL;AL;UCUZ (AL);2;25.09.2026
IHEVA;izle;;8,1;1,8;6,2;0,0;0;0;zayif;25,3;32,5;44,2;asagi;zayif;zayif;asagi;0,68;-3,14;2;1,69;3,68;2077809;1,89;SAT;NEGATIF;SAT;NEGATIF;AZALIYOR;SAT;AL;UCUZ (AL);1;25.09.2026
KRSTL;izle;;8,0;2,4;4,8;0,7;10;0;zayif;45,4;27,8;44,5;asagi;zayif;zayif;asagi;0,74;-4,63;4;7,86;0,90;22100905;8,63;SAT;NEGATIF;SAT;NEGATIF;AZALIYOR;AL;AL;UCUZ (AL);2;25.09.2026
BNTAS;izle;;7,9;2,4;5,5;0,0;46;4;zayif;32,8;29,9;17,4;asagi;zayif;zayif;asagi;0,56;-3,82;3;5,36;1,32;11332096;5,92;SAT;NEGATIF;SAT;NEGATIF;AZALIYOR;SAT;AL;UCUZ (AL);1;25.09.2026
NUGYO;izle;;7,9;2,4;4,0;1,4;10;0;zayif;32,1;23,9;20,5;asagi;zayif;zayif;asagi;0,79;-3,53;4;7,68;0,66;9398223;8,64;SAT;NEGATIF;SAT;NEGATIF;AZALIYOR;SAT;AL;UCUZ (AL);1;25.09.2026
BEGYO;izle;;7,8;2,4;5,4;0,0;6;0;zayif;30,3;29,6;42,4;asagi;zayif;zayif;asagi;0,63;-4,15;3;2,79;-0,36;6823068;3,14;SAT;NEGATIF;SAT;NEGATIF;AZALIYOR;AL;AL;UCUZ (AL);2;25.09.2026
ADEL;izle;;7,8;1,9;5,9;0,0;10;0;zayif;26,1;31,2;25,3;asagi;zayif;zayif;asagi;0,52;-3,31;5;26,48;2,24;36278739;30,47;SAT;NEGATIF;SAT;NEGATIF;AZALIYOR;SAT;AL;NOTR;1;25.09.2026
SEGMN;izle;;7,8;2,4;4,0;1,3;0;0;zayif;45,5;20,0;4,2;asagi;zayif;zayif;asagi;0,78;-5,08;2;27,1;3,36;27428371;37,14;SAT;NEGATIF;SAT;NEGATIF;AZALIYOR;SAT;AL;NOTR;1;25.09.2026
ALGYO;izle;;7,7;1,9;5,8;0,0;32;3;zayif;26,3;31,0;45,1;asagi;zayif;zayif;asagi;0,39;-4,18;2;3,05;0,00;27129466;3,48;SAT;NEGATIF;SAT;NEGATIF;AZALIYOR;SAT;SAT;UCUZ (AL);0;25.09.2026
GOLTS;izle;;7,7;2,4;5,3;0,0;10;0;zayif;29,6;29,5;30,1;asagi;zayif;zayif;asagi;0,57;-4,10;4;258,5;0,49;14387852;286,18;SAT;NEGATIF;SAT;NEGATIF;AZALIYOR;SAT;SAT;UCUZ (AL);0;25.09.2026
NIBAS;izle;;7,7;1,5;6,2;0,0;32;3;zayif;23,3;32,2;40,2;asagi;zayif;zayif;asagi;0,23;-2,92;2;3,22;-0,31;17502864;4,05;SAT;NEGATIF;SAT;NEGATIF;AZALIYOR;SAT;AL;NOTR;1;25.09.2026
GRNYO;izle;;7,7;2,4;4,0;1,3;0;0;zayif;35,2;24,8;42,1;asagi;zayif;zayif;asagi;0,78;-5,96;1;8,04;-0,62;3839542;10,47;SAT;NEGATIF;SAT;NEGATIF;AZALIYOR;SAT;SAT;UCUZ (AL);0;25.09.2026
ALFAS;izle;;7,6;2,4;4,6;0,6;42;3;zayif;33,7;26,9;25,5;asagi;zayif;zayif;asagi;0,74;-3,68;6;32,94;-0,12;41352711;38,71;SAT;NEGATIF;SAT;NEGATIF;AZALIYOR;AL;SAT;NOTR;1;25.09.2026
SAMAT;izle;;7,6;2,4;5,2;0,0;10;0;zayif;35,5;28,9;28,1;asagi;zayif;zayif;asagi;0,32;-3,28;5;4,22;-1,40;1385624;5,19;SAT;NEGATIF;SAT;NEGATIF;AZALIYOR;AL;AL;UCUZ (AL);2;25.09.2026
ISBIR;izle;;7,6;2,1;5,1;0,4;0;0;zayif;27,4;28,8;33,1;asagi;zayif;zayif;asagi;0,72;-4,90;2;60,25;0,42;894050;65,81;SAT;NEGATIF;SAT;NEGATIF;AZALIYOR;SAT;SAT;UCUZ (AL);0;25.09.2026
CGCAM;izle;;7,6;2,4;4,0;1,1;10;0;zayif;49,2;21,6;23,2;asagi;zayif;zayif;asagi;0,77;-6,27;5;23,1;3,87;41444865;27,78;SAT;NEGATIF;SAT;NEGATIF;AZALIYOR;AL;AL;UCUZ (AL);2;25.09.2026
SNGYO;izle;;7,6;1,6;6,0;0,0;10;0;zayif;23,4;31,7;29,4;asagi;zayif;zayif;asagi;0,47;-3,20;5;2,73;-0,73;41738178;3,10;SAT;NEGATIF;SAT;NEGATIF;ARTIYOR;AL;AL;UCUZ (AL);2;25.09.2026
BVSAN;izle;;7,5;1,6;5,9;0,0;0;0;zayif;24,1;31,3;48,2;asagi;zayif;zayif;asagi;0,31;-3,74;1;79,55;1,21;40203536;102,69;SAT;NEGATIF;SAT;NEGATIF;AZALIYOR;SAT;AL;NOTR;1;25.09.2026
TEZOL;izle;;7,5;2,4;2,7;2,4;10;0;zayif;42,8;20,6;35,0;asagi;zayif;zayif;asagi;0,84;-7,44;5;7,45;0,54;23397112;8,53;SAT;NEGATIF;SAT;NEGATIF;AZALIYOR;SAT;AL;UCUZ (AL);1;25.09.2026
HKTM;izle;;7,5;2,4;5,1;0,0;20;1;zayif;33,8;28,6;25,3;asagi;zayif;zayif;asagi;0,30;-2,54;4;10,11;-1,37;23966331;12,56;SAT;NEGATIF;SAT;NEGATIF;AZALIYOR;SAT;SAT;NOTR;0;25.09.2026
KLMSN;izle;;7,5;2,4;4,0;1,0;10;0;zayif;33,3;23,4;22,5;asagi;zayif;zayif;asagi;0,76;-4,42;4;22,78;2,34;10782503;25,82;SAT;NEGATIF;SAT;NEGATIF;ARTIYOR;AL;AL;UCUZ (AL);2;25.09.2026
AVOD;izle;;7,4;2,4;5,0;0,0;0;0;zayif;32,1;28,3;25,7;asagi;zayif;zayif;asagi;0,43;-3,14;2;3,21;0,00;17977390;3,89;SAT;NEGATIF;SAT;NEGATIF;AZALIYOR;SAT;SAT;NOTR;0;25.09.2026
YAYLA;izle;;7,4;2,4;4,5;0,5;6;0;zayif;33,6;26,6;20,5;asagi;zayif;zayif;asagi;0,73;-4,26;3;15,95;2,97;12411062;19,35;SAT;NEGATIF;SAT;NEGATIF;AZALIYOR;SAT;AL;UCUZ (AL);1;25.09.2026
MHRGY;izle;;7,4;2,3;5,1;0,0;28;2;zayif;28,6;28,8;48,2;asagi;zayif;zayif;asagi;0,27;-3,67;3;1,84;2,22;3848719;2,12;SAT;NEGATIF;SAT;NEGATIF;AZALIYOR;SAT;AL;NOTR;1;25.09.2026
DURKN;izle;;7,4;2,4;4,0;0,9;28;2;zayif;43,9;16,9;9,3;asagi;zayif;zayif;asagi;0,76;-6,32;3;11,62;1,48;17940548;14,96;SAT;NEGATIF;SAT;NEGATIF;AZALIYOR;SAT;AL;NOTR;1;25.09.2026
BIOEN;izle;;7,3;2,4;4,0;0,9;6;0;zayif;35,8;18,9;21,0;asagi;zayif;zayif;asagi;0,75;-5,93;3;10,2;1,90;76114348;13,58;SAT;NEGATIF;SAT;NEGATIF;AZALIYOR;SAT;AL;UCUZ (AL);1;25.09.2026
TRILC;izle;;7,3;2,4;2,0;2,9;6;0;zayif;49,3;25,7;36,3;asagi;zayif;zayif;asagi;0,87;-9,31;3;0,9;-1,10;2669087;0,98;SAT;NEGATIF;SAT;NEGATIF;AZALIYOR;SAT;SAT;UCUZ (AL);0;25.09.2026
SUWEN;izle;;7,3;1,7;5,6;0,0;16;1;zayif;24,6;30,3;38,4;asagi;zayif;zayif;asagi;0,39;-2,82;3;5,27;2,13;17240773;6,30;SAT;NEGATIF;SAT;NEGATIF;AZALIYOR;SAT;AL;UCUZ (AL);1;25.09.2026
PRKME;izle;;7,3;1,9;5,3;0,0;6;0;zayif;26,3;29,5;31,4;asagi;zayif;zayif;asagi;0,63;-3,26;3;15,12;2,23;24777325;17,75;SAT;NEGATIF;SAT;NEGATIF;ARTIYOR;SAT;AL;NOTR;1;25.09.2026
POLTK;izle;;7,2;1,5;4,0;1,7;0;0;zayif;23,3;19,7;52,5;asagi;zayif;zayif;asagi;0,80;-5,02;2;3225;1,57;19027500;3804,42;SAT;NEGATIF;SAT;NEGATIF;AZALIYOR;AL;AL;UCUZ (AL);2;25.09.2026
OZGYO;izle;;7,2;2,4;4,7;0,0;6;0;zayif;31,8;27,4;29,0;asagi;zayif;zayif;asagi;0,41;-3,99;3;1,67;3,73;9433803;1,88;SAT;NEGATIF;SAT;NEGATIF;ARTIYOR;SAT;AL;NOTR;1;25.09.2026
AKYHO;izle;;7,2;2,4;4,7;0,0;10;0;zayif;33,9;27,4;21,7;asagi;zayif;zayif;asagi;0,24;-3,94;5;1,68;0,00;727558;2,02;SAT;NEGATIF;SAT;NEGATIF;AZALIYOR;SAT;SAT;UCUZ (AL);0;25.09.2026
YBTAS;izle;;7,2;2,4;4,0;0,7;10;0;zayif;56,7;14,3;7,2;asagi;zayif;zayif;asagi;0,74;-8,95;5;10,78;-1,10;559978;11,70;SAT;NEGATIF;SAT;NEGATIF;AZALIYOR;SAT;SAT;UCUZ (AL);0;25.09.2026
PENGD;izle;;7,1;2,4;4,0;0,7;10;0;zayif;37,4;18,8;44,2;asagi;zayif;zayif;asagi;0,74;-5,33;5;7,6;-0,91;15873026;8,65;SAT;NEGATIF;SAT;NEGATIF;AZALIYOR;SAT;SAT;NOTR;0;25.09.2026
HEKTS;izle;;7,1;2,4;4,6;0,0;40;4;zayif;31,1;27,0;21,6;asagi;zayif;zayif;asagi;0,43;-4,75;2;2,18;0,93;438327885;2,55;SAT;NEGATIF;SAT;NEGATIF;AZALIYOR;SAT;SAT;UCUZ (AL);0;25.09.2026
AKGRT;izle;;7,0;2,4;4,6;0,0;0;0;zayif;42,6;27,0;26,7;asagi;zayif;zayif;asagi;0,60;-4,96;2;5,33;0,19;40054577;5,86;SAT;NEGATIF;SAT;NEGATIF;AZALIYOR;AL;SAT;UCUZ (AL);1;25.09.2026
ALKA;izle;;7,0;2,2;4,0;0,8;42;3;zayif;28,1;20,6;30,3;asagi;zayif;zayif;asagi;0,75;-5,08;5;6,48;-1,37;11427020;7,63;SAT;NEGATIF;SAT;NEGATIF;ARTIYOR;SAT;SAT;UCUZ (AL);0;25.09.2026
BIENY;izle;;7,0;2,4;4,0;0,6;10;0;zayif;29,7;23,0;23,3;asagi;zayif;zayif;asagi;0,74;-4,42;4;16,19;2,15;20576260;19,02;SAT;NEGATIF;SAT;NEGATIF;AZALIYOR;SAT;AL;UCUZ (AL);1;25.09.2026
ACSEL;izle;;7,0;2,4;4,5;0,0;6;0;zayif;38,2;26,7;15,6;asagi;zayif;zayif;asagi;0,68;-4,61;3;91,1;1,45;9302130;105,84;SAT;NEGATIF;SAT;NEGATIF;AZALIYOR;AL;AL;NOTR;2;25.09.2026
ZEDUR;izle;;6,9;2,4;4,0;0,5;10;0;zayif;50,1;13,1;24,1;asagi;zayif;zayif;asagi;0,73;-5,13;6;5,9;-0,17;5225123;6,91;SAT;NEGATIF;SAT;NEGATIF;AZALIYOR;AL;SAT;UCUZ (AL);1;25.09.2026
PSGYO;izle;;6,9;2,4;4,0;0,5;6;0;zayif;33,9;22,0;22,2;asagi;zayif;zayif;asagi;0,73;-5,80;3;1,96;3,70;191086501;2,43;SAT;NEGATIF;SAT;NEGATIF;AZALIYOR;AL;AL;NOTR;2;25.09.2026
BRKO;izle;;6,9;2,1;4,8;0,0;0;0;zayif;27,6;27,6;13,6;asagi;zayif;zayif;asagi;0,66;-6,08;1;6,99;9,91;2725401;8,46;SAT;NEGATIF;SAT;NEGATIF;AZALIYOR;AL;AL;NOTR;2;25.09.2026
YESIL;izle;;6,9;2,4;4,0;0,4;0;0;zayif;35,3;19,1;27,2;asagi;zayif;zayif;asagi;0,73;-5,97;1;0,9;1,12;10637624;1,03;SAT;NEGATIF;SAT;NEGATIF;AZALIYOR;SAT;AL;UCUZ (AL);1;25.09.2026
BIZIM;izle;;6,9;2,0;4,9;0,0;32;2;zayif;26,5;28,0;35,4;asagi;zayif;zayif;asagi;0,31;-3,90;4;20,44;-0,78;1747743;23,26;SAT;NEGATIF;SAT;NEGATIF;AZALIYOR;SAT;SAT;UCUZ (AL);0;25.09.2026
LUKSK;izle;;6,8;2,4;4,4;0,0;10;0;zayif;33,0;26,3;21,9;asagi;zayif;zayif;asagi;0,47;-4,63;5;68,65;3,39;2968495;76,98;SAT;NEGATIF;SAT;NEGATIF;AZALIYOR;AL;AL;UCUZ (AL);2;25.09.2026
ALTNY;izle;;6,8;1,9;4,9;0,0;0;0;zayif;26,3;27,9;34,3;asagi;zayif;zayif;asagi;0,47;-3,51;2;13,08;0,23;142489570;15,70;SAT;NEGATIF;SAT;NEGATIF;AZALIYOR;SAT;SAT;NOTR;0;25.09.2026
DCTTR;izle;;6,8;2,4;4,0;0,3;6;0;zayif;50,0;17,1;20,3;asagi;zayif;zayif;asagi;0,72;-8,58;3;3,65;2,53;27616068;4,81;SAT;NEGATIF;SAT;NEGATIF;AZALIYOR;AL;AL;UCUZ (AL);2;25.09.2026
HURGZ;izle;;6,8;4,5;2,3;0,0;10;1;zayif;22,9;31,0;41,5;asagi;zayif;zayif;asagi;0,49;-2,48;2;6;-2,60;22519584;7,51;SAT;NEGATIF;SAT;NEGATIF;AZALIYOR;SAT;SAT;NOTR;0;25.09.2026
PLTUR;izle;;6,7;2,1;4,7;0,0;10;0;zayif;27,1;27,3;26,4;asagi;zayif;zayif;asagi;0,54;-4,26;5;16,42;1,48;17492620;18,93;SAT;NEGATIF;SAT;NEGATIF;AZALIYOR;SAT;AL;UCUZ (AL);1;25.09.2026
RODRG;izle;;6,7;2,4;4,3;0,0;10;0;zayif;33,7;26,0;2,9;asagi;zayif;zayif;asagi;0,38;-3,82;4;18;2,86;1787472;21,89;SAT;NEGATIF;SAT;NEGATIF;AZALIYOR;SAT;AL;NOTR;1;25.09.2026
EUREN;izle;;6,7;2,4;4,3;0,0;32;2;zayif;31,2;25,9;32,4;asagi;zayif;zayif;asagi;0,37;-5,07;5;3,09;1,64;31462275;3,51;SAT;NEGATIF;SAT;NEGATIF;AZALIYOR;SAT;AL;UCUZ (AL);1;25.09.2026
AVHOL;izle;;6,7;2,4;4,0;0,3;10;0;zayif;40,6;17,4;37,8;asagi;zayif;zayif;asagi;0,72;-5,24;4;26,1;-0,08;25945958;31,28;SAT;NEGATIF;SAT;NEGATIF;AZALIYOR;AL;SAT;UCUZ (AL);1;25.09.2026
SUMAS;izle;;6,7;2,4;4,3;0,0;0;0;zayif;37,6;25,9;26,9;asagi;zayif;zayif;asagi;0,42;-6,98;1;214,5;1,08;278207;234,63;SAT;NEGATIF;SAT;NEGATIF;AZALIYOR;AL;AL;NOTR;2;25.09.2026
PARSN;izle;;6,7;2,4;4,2;0,0;6;0;zayif;29,9;25,8;26,6;asagi;zayif;zayif;asagi;0,41;-4,29;3;61,35;0,57;6614880;68,83;SAT;NEGATIF;SAT;NEGATIF;AZALIYOR;SAT;AL;UCUZ (AL);1;25.09.2026
BYDNR;izle;;6,6;2,4;4,0;0,2;0;0;zayif;42,3;15,2;18,8;asagi;zayif;zayif;asagi;0,71;-6,18;2;21,56;1,79;12749118;27,02;SAT;NEGATIF;SAT;NEGATIF;ARTIYOR;AL;AL;NOTR;2;25.09.2026
AHSGY;izle;;6,6;1,7;2,0;3,0;40;4;zayif;24,4;27,7;49,8;asagi;zayif;zayif;asagi;0,88;-4,29;2;10,65;0,47;41828642;14,94;SAT;NEGATIF;SAT;NEGATIF;ARTIYOR;SAT;SAT;NOTR;0;25.09.2026
ERSU;izle;;6,6;2,2;4,0;0,3;10;1;zayif;28,4;16,5;18,0;asagi;zayif;zayif;asagi;0,72;-5,57;1;13,9;-1,21;5089179;18,03;SAT;NEGATIF;SAT;NEGATIF;AZALIYOR;SAT;AL;NOTR;1;25.09.2026
ADESE;izle;;6,5;2,4;4,1;0,0;6;0;zayif;34,1;25,3;21,6;asagi;zayif;zayif;asagi;0,57;-4,19;3;0,7;1,45;50403709;0,80;SAT;NEGATIF;SAT;NEGATIF;AZALIYOR;SAT;SAT;UCUZ (AL);0;25.09.2026
GARFA;izle;;6,5;1,6;4,8;0,0;40;4;zayif;23,9;32,7;45,3;asagi;zayif;zayif;asagi;0,25;-3,00;0;23,78;-0,42;5937604;26,75;SAT;NEGATIF;SAT;NEGATIF;AZALIYOR;SAT;SAT;NOTR;0;25.09.2026
MSGYO;izle;;6,5;1,8;4,6;0,0;6;0;zayif;25,4;27,1;4,0;asagi;zayif;zayif;asagi;0,69;-3,69;3;4,9;1,24;6231521;5,55;SAT;NEGATIF;SAT;NEGATIF;ARTIYOR;SAT;AL;NOTR;1;25.09.2026
FENER;izle;;6,5;2,4;4,0;0,0;10;0;zayif;30,7;25,0;26,1;asagi;zayif;zayif;asagi;0,52;-4,90;4;2,45;0,82;132006590;2,74;SAT;NEGATIF;SAT;NEGATIF;AZALIYOR;SAT;AL;NOTR;1;25.09.2026
PAHOL;izle;;6,4;2,4;4,0;0,0;10;0;zayif;35,0;18,0;36,1;asagi;zayif;zayif;asagi;0,62;-5,59;4;0,96;0,00;162019424;1,15;SAT;NEGATIF;SAT;NEGATIF;AZALIYOR;SAT;SAT;UCUZ (AL);0;25.09.2026
IZENR;izle;;6,4;2,4;4,0;0,0;6;0;zayif;43,5;18,0;23,4;asagi;zayif;zayif;asagi;0,41;-7,65;3;4,21;5,25;60887752;5,27;SAT;NEGATIF;SAT;NEGATIF;AZALIYOR;AL;AL;UCUZ (AL);2;25.09.2026
KATMR;izle;;6,4;2,4;4,0;0,0;10;0;zayif;52,3;24,9;33,8;asagi;zayif;zayif;asagi;0,41;-6,09;4;1,57;0,64;49926655;1,80;SAT;NEGATIF;SAT;NEGATIF;AZALIYOR;AL;AL;UCUZ (AL);2;25.09.2026
GSRAY;izle;;6,4;2,4;4,0;0,0;6;0;zayif;37,1;21,3;4,6;asagi;zayif;zayif;asagi;0,59;-4,12;3;0,88;0,00;79197734;0,97;SAT;NEGATIF;SAT;NEGATIF;AZALIYOR;SAT;SAT;UCUZ (AL);0;25.09.2026
FRIGO;izle;;6,4;2,4;4,0;0,0;0;0;zayif;30,1;23,5;22,5;asagi;zayif;zayif;asagi;0,43;-4,32;2;1,58;-0,63;22106467;2,04;SAT;NEGATIF;SAT;NEGATIF;AZALIYOR;SAT;AL;UCUZ (AL);1;25.09.2026
VSNMD;izle;;6,4;2,4;4,0;0,0;10;0;zayif;37,8;13,6;23,9;asagi;zayif;zayif;asagi;0,55;-6,93;4;30,76;1,32;18558646;36,09;SAT;NEGATIF;SAT;NEGATIF;AZALIYOR;AL;AL;UCUZ (AL);2;25.09.2026
PAPIL;izle;;6,4;2,4;4,0;0,0;10;0;zayif;33,8;21,3;35,9;asagi;zayif;zayif;asagi;0,58;-5,35;5;8,26;1,35;34311990;10,40;SAT;NEGATIF;SAT;NEGATIF;AZALIYOR;SAT;AL;UCUZ (AL);1;25.09.2026
MAKTK;izle;;6,4;2,4;4,0;0,0;10;0;zayif;34,1;21,1;27,3;asagi;zayif;zayif;asagi;0,63;-5,72;6;7,04;3,53;15449871;8,30;SAT;NEGATIF;SAT;NEGATIF;AZALIYOR;SAT;AL;UCUZ (AL);1;25.09.2026
KAYSE;izle;;6,4;2,4;4,0;0,0;10;0;zayif;35,4;24,4;20,2;asagi;zayif;zayif;asagi;0,51;-3,79;6;3,35;0,60;15337148;3,83;SAT;NEGATIF;SAT;NEGATIF;AZALIYOR;SAT;AL;UCUZ (AL);1;25.09.2026
DERHL;izle;;6,4;2,4;4,0;0,0;10;0;zayif;31,6;24,3;47,2;asagi;zayif;zayif;asagi;0,58;-5,53;4;1,59;2,58;11394450;1,85;SAT;NEGATIF;SAT;NEGATIF;AZALIYOR;SAT;AL;UCUZ (AL);1;25.09.2026
SELVA;izle;;6,4;2,4;4,0;0,0;10;0;zayif;33,3;20,5;23,5;asagi;zayif;zayif;asagi;0,45;-6,54;4;1,2;1,69;10433418;1,39;SAT;NEGATIF;SAT;NEGATIF;AZALIYOR;AL;AL;UCUZ (AL);2;25.09.2026
NATEN;izle;;6,4;2,4;4,0;0,0;6;0;zayif;30,7;23,3;50,3;asagi;zayif;zayif;asagi;0,31;-5,37;3;4,2;-0,94;10007206;4,91;SAT;NEGATIF;SAT;NEGATIF;AZALIYOR;AL;SAT;UCUZ (AL);1;25.09.2026
KOPOL;izle;;6,4;2,4;4,0;0,0;10;0;zayif;37,1;16,0;19,9;asagi;zayif;zayif;asagi;0,57;-6,87;5;3,42;0,29;18428499;4,14;SAT;NEGATIF;SAT;NEGATIF;AZALIYOR;AL;AL;UCUZ (AL);2;25.09.2026
KAREL;izle;;6,4;2,4;4,0;0,0;10;0;zayif;40,6;22,2;21,9;asagi;zayif;zayif;asagi;0,63;-5,27;6;6,18;-0,32;40742596;7,32;SAT;NEGATIF;SAT;NEGATIF;AZALIYOR;AL;AL;UCUZ (AL);2;25.09.2026
DUNYH;izle;;6,4;2,4;4,0;0,0;32;3;zayif;53,8;10,0;5,1;asagi;zayif;zayif;asagi;0,50;-8,18;1;44,56;-9,98;25946263;69,81;SAT;NEGATIF;SAT;NEGATIF;AZALIYOR;SAT;AL;UCUZ (AL);1;25.09.2026
BAYRK;izle;;6,4;2,4;4,0;0,0;10;0;zayif;32,6;18,0;3,8;asagi;zayif;zayif;asagi;0,65;-5,81;6;2,98;2,41;8970771;3,53;SAT;NEGATIF;SAT;NEGATIF;AZALIYOR;SAT;AL;UCUZ (AL);1;25.09.2026
DYOBY;izle;;6,4;2,4;4,0;0,0;50;5;zayif;33,6;23,8;26,4;asagi;zayif;zayif;asagi;0,46;-4,43;4;10,9;0,37;7335144;12,28;SAT;NEGATIF;SAT;NEGATIF;AZALIYOR;SAT;SAT;NOTR;0;25.09.2026
ESEN;izle;;6,4;2,4;4,0;0,0;46;4;zayif;32,6;22,3;17,6;asagi;zayif;zayif;asagi;0,41;-5,01;3;2,7;0,00;34502973;3,11;SAT;NEGATIF;SAT;NEGATIF;AZALIYOR;SAT;SAT;UCUZ (AL);0;25.09.2026
KOTON;izle;;6,4;2,4;4,0;0,0;10;0;zayif;32,6;23,6;31,9;asagi;zayif;zayif;asagi;0,30;-5,09;4;10,81;-0,09;5850804;11,84;SAT;NEGATIF;SAT;NEGATIF;AZALIYOR;SAT;SAT;UCUZ (AL);0;25.09.2026
ONRYT;izle;;6,4;2,4;4,0;0,0;10;0;zayif;30,1;22,4;34,8;asagi;zayif;zayif;asagi;0,57;-4,73;4;10,54;1,74;25608058;12,69;SAT;NEGATIF;SAT;NEGATIF;AZALIYOR;SAT;AL;UCUZ (AL);1;25.09.2026
MEKAG;izle;;6,4;2,4;4,0;0,0;6;0;zayif;31,1;18,4;13,4;asagi;zayif;zayif;asagi;0,63;-5,63;3;2,22;0,91;11185339;2,59;SAT;NEGATIF;SAT;NEGATIF;AZALIYOR;AL;AL;UCUZ (AL);2;25.09.2026
DOFER;izle;;6,4;2,4;4,0;0,0;10;0;zayif;35,1;21,9;25,7;asagi;zayif;zayif;asagi;0,56;-5,31;4;22,06;2,22;5756667;25,22;SAT;NEGATIF;SAT;NEGATIF;AZALIYOR;SAT;AL;UCUZ (AL);1;25.09.2026
KZBGY;izle;;6,4;2,4;4,0;0,0;10;0;zayif;43,5;20,9;27,0;asagi;zayif;zayif;asagi;0,53;-6,52;4;1,42;-1,39;29042834;1,68;SAT;NEGATIF;SAT;NEGATIF;AZALIYOR;AL;AL;UCUZ (AL);2;25.09.2026
PAMEL;izle;;6,4;2,4;4,0;0,0;0;0;zayif;35,3;12,8;18,3;asagi;zayif;zayif;asagi;0,46;-6,76;2;50;1,58;7816200;59,40;SAT;NEGATIF;SAT;NEGATIF;AZALIYOR;AL;AL;UCUZ (AL);2;25.09.2026
DGNMO;izle;;6,4;2,4;4,0;0,0;0;0;zayif;51,7;15,1;0,0;asagi;zayif;zayif;asagi;0,17;-5,55;1;4,56;1,33;2714550;5,95;SAT;NEGATIF;SAT;NEGATIF;AZALIYOR;SAT;AL;NOTR;1;25.09.2026
PASEU;izle;;6,4;2,4;4,0;0,0;0;0;zayif;45,1;19,7;0,0;asagi;zayif;zayif;asagi;0,03;-8,21;0;32,78;-9,99;7511439;61,51;SAT;NEGATIF;SAT;NEGATIF;AZALIYOR;SAT;SAT;UCUZ (AL);0;25.09.2026
SILVR;izle;;6,4;2,4;4,0;0,0;6;0;zayif;33,0;18,1;18,5;asagi;zayif;zayif;asagi;0,58;-4,37;3;1,77;1,14;1699758;2,05;SAT;NEGATIF;SAT;NEGATIF;ARTIYOR;AL;AL;UCUZ (AL);2;25.09.2026
MOPAS;izle;;6,4;2,4;4,0;0,0;10;0;zayif;48,9;13,9;14,2;asagi;zayif;zayif;asagi;0,62;-6,62;4;19,85;-1,15;25955046;23,09;SAT;NEGATIF;SAT;NEGATIF;AZALIYOR;AL;SAT;UCUZ (AL);1;25.09.2026
KONKA;izle;;6,4;2,4;4,0;0,0;10;0;zayif;54,4;16,9;26,9;asagi;zayif;zayif;asagi;0,68;-7,37;4;7,33;-0,27;13806817;8,61;SAT;NEGATIF;SAT;NEGATIF;AZALIYOR;AL;SAT;UCUZ (AL);1;25.09.2026
CONSE;izle;;6,4;2,4;4,0;0,0;16;1;zayif;32,8;16,8;20,3;asagi;zayif;zayif;asagi;0,28;-5,13;3;1,73;-1,14;5654531;2,05;SAT;NEGATIF;SAT;NEGATIF;AZALIYOR;SAT;SAT;UCUZ (AL);0;25.09.2026
TMPOL;izle;;6,4;2,4;4,0;0,0;0;0;zayif;40,0;16,4;0,0;asagi;zayif;zayif;asagi;0,01;-8,23;0;124,3;-9,99;785825;200,15;SAT;NEGATIF;SAT;NEGATIF;AZALIYOR;SAT;SAT;UCUZ (AL);0;25.09.2026
VAKFN;izle;;6,4;2,4;4,0;0,0;10;0;zayif;50,0;24,4;13,6;asagi;zayif;zayif;asagi;0,24;-4,30;5;1;1,01;15387821;1,11;SAT;NEGATIF;SAT;NEGATIF;AZALIYOR;AL;SAT;UCUZ (AL);1;25.09.2026
ATAGY;izle;;6,4;2,4;4,0;0,0;10;0;zayif;42,4;24,6;40,1;asagi;zayif;zayif;asagi;0,50;-3,22;5;8,8;-0,45;836194;10,26;SAT;NEGATIF;SAT;NEGATIF;ARTIYOR;SAT;SAT;UCUZ (AL);0;25.09.2026
YONGA;izle;;6,4;2,4;4,0;0,0;0;0;zayif;43,1;21,7;17,2;asagi;zayif;zayif;asagi;0,68;-7,86;2;34,98;3,92;470271;37,52;SAT;NEGATIF;SAT;NEGATIF;ARTIYOR;AL;AL;UCUZ (AL);2;25.09.2026
ELITE;izle;;6,4;2,4;4,0;0,0;6;0;zayif;42,5;20,1;35,4;asagi;zayif;zayif;asagi;0,43;-5,95;3;20,96;1,45;10929697;23,79;SAT;NEGATIF;SAT;NEGATIF;AZALIYOR;AL;AL;UCUZ (AL);2;25.09.2026
PNLSN;izle;;6,4;2,4;4,0;0,0;10;0;zayif;31,3;22,7;26,8;asagi;zayif;zayif;asagi;0,68;-4,26;5;33,6;0,24;13268909;38,84;SAT;NEGATIF;SAT;NEGATIF;AZALIYOR;AL;AL;NOTR;2;25.09.2026
DARDL;izle;;6,4;2,4;4,0;0,0;50;4;zayif;41,8;14,0;17,4;asagi;zayif;zayif;asagi;0,62;-6,75;4;1,2;-1,64;12560303;1,40;SAT;NEGATIF;SAT;NEGATIF;ARTIYOR;AL;SAT;UCUZ (AL);1;25.09.2026
SOKE;izle;;6,4;2,4;4,0;0,0;10;0;zayif;50,0;11,8;16,5;asagi;zayif;zayif;asagi;0,60;-8,25;4;7,71;-2,41;16468830;9,49;SAT;NEGATIF;SAT;NEGATIF;AZALIYOR;AL;SAT;UCUZ (AL);1;25.09.2026
SKYLP;izle;;6,4;2,4;4,0;0,0;0;0;zayif;52,1;13,0;14,1;asagi;zayif;zayif;asagi;0,23;-9,26;1;68,1;-9,98;894766;107,53;SAT;NEGATIF;SAT;NEGATIF;AZALIYOR;AL;AL;UCUZ (AL);2;25.09.2026
MARBL;izle;;6,4;2,4;4,0;0,0;20;1;zayif;32,3;20,8;31,9;asagi;zayif;zayif;asagi;0,70;-4,86;5;9,52;2,26;8571608;11,03;SAT;NEGATIF;SAT;NEGATIF;AZALIYOR;SAT;AL;UCUZ (AL);1;25.09.2026
ALKIM;izle;;6,4;2,4;4,0;0,0;32;2;zayif;30,1;20,0;18,8;asagi;zayif;zayif;asagi;0,39;-5,03;5;12,6;-0,79;7650153;14,46;SAT;NEGATIF;SAT;NEGATIF;AZALIYOR;SAT;SAT;UCUZ (AL);0;25.09.2026
KTSKR;izle;;6,4;2,4;4,0;0,0;10;0;zayif;35,6;22,9;21,8;asagi;zayif;zayif;asagi;0,49;-5,51;5;61,75;0,49;10325279;70,85;SAT;NEGATIF;SAT;NEGATIF;AZALIYOR;AL;AL;NOTR;2;25.09.2026
SKTAS;izle;;6,4;2,4;4,0;0,0;10;0;zayif;33,7;22,0;16,2;asagi;zayif;zayif;asagi;0,30;-4,40;5;2,5;0,40;11640810;2,95;SAT;NEGATIF;SAT;NEGATIF;AZALIYOR;SAT;SAT;UCUZ (AL);0;25.09.2026
PRDGS;izle;;6,4;2,4;4,0;0,0;0;0;zayif;39,8;16,7;2,5;asagi;zayif;zayif;asagi;0,42;-6,80;2;4;1,27;9186936;5,15;SAT;NEGATIF;SAT;NEGATIF;AZALIYOR;AL;AL;UCUZ (AL);2;25.09.2026
SERNT;izle;;6,4;2,4;4,0;0,0;6;0;zayif;34,1;16,9;12,3;asagi;zayif;zayif;asagi;0,34;-5,50;3;5,6;-0,36;9118883;6,83;SAT;NEGATIF;SAT;NEGATIF;AZALIYOR;SAT;AL;UCUZ (AL);1;25.09.2026
GEDZA;izle;;6,4;2,4;4,0;0,0;32;2;zayif;36,8;24,0;15,1;asagi;zayif;zayif;asagi;0,30;-4,37;4;23,28;1,22;2594998;26,11;SAT;NEGATIF;SAT;NEGATIF;AZALIYOR;SAT;AL;NOTR;1;25.09.2026
MEDTR;izle;;6,4;2,4;4,0;0,0;6;0;zayif;40,8;19,4;15,1;asagi;zayif;zayif;asagi;0,32;-5,92;3;19,4;2,16;1824143;21,76;SAT;NEGATIF;SAT;NEGATIF;AZALIYOR;AL;AL;UCUZ (AL);2;25.09.2026
ALVES;izle;;6,4;2,4;4,0;0,0;0;0;zayif;51,0;13,1;70,5;asagi;zayif;zayif;asagi;0,16;-12,11;1;0,59;0,00;5626384;0,79;SAT;NEGATIF;SAT;NEGATIF;AZALIYOR;AL;SAT;UCUZ (AL);1;25.09.2026
HUBVC;izle;;6,4;2,4;4,0;0,0;10;0;zayif;40,8;13,7;8,8;asagi;zayif;zayif;asagi;0,31;-5,62;4;1,58;0,64;1260892;2,03;SAT;NEGATIF;SAT;NEGATIF;AZALIYOR;AL;AL;UCUZ (AL);2;25.09.2026
RUZYE;izle;;6,4;2,4;4,0;0,0;10;1;zayif;29,8;23,7;44,1;asagi;zayif;zayif;asagi;0,44;-5,13;1;5,18;-0,77;19785735;7,08;SAT;NEGATIF;SAT;NEGATIF;AZALIYOR;SAT;AL;UCUZ (AL);1;25.09.2026
IHLAS;izle;;6,4;1,6;4,7;0,0;22;2;zayif;24,1;36,6;32,4;asagi;zayif;zayif;asagi;0,32;-3,01;2;0,93;0,00;41264124;1,09;SAT;NEGATIF;SAT;NEGATIF;AZALIYOR;SAT;AL;UCUZ (AL);1;25.09.2026
ENSRI;izle;;6,4;2,4;4,0;0,0;0;0;zayif;29,4;21,4;20,7;asagi;zayif;zayif;asagi;0,47;-8,33;2;3,26;1,87;23891243;3,94;SAT;NEGATIF;SAT;NEGATIF;AZALIYOR;AL;AL;UCUZ (AL);2;25.09.2026
IZINV;izle;;6,4;2,4;4,0;0,0;10;0;zayif;29,3;18,3;34,2;asagi;zayif;zayif;asagi;0,67;-6,31;5;33,76;3,81;6302418;40,50;SAT;NEGATIF;SAT;NEGATIF;ARTIYOR;AL;AL;UCUZ (AL);2;25.09.2026
COSMO;izle;;6,3;2,3;4,0;0,0;0;0;zayif;29,2;21,6;20,0;asagi;zayif;zayif;asagi;0,51;-4,37;2;88,65;-1,45;1987356;109,79;SAT;NEGATIF;SAT;NEGATIF;AZALIYOR;SAT;SAT;UCUZ (AL);0;25.09.2026
ARENA;izle;;6,3;2,3;4,0;0,0;6;0;zayif;29,1;22,4;37,5;asagi;zayif;zayif;asagi;0,38;-4,94;3;15,64;0,32;4746380;18,76;SAT;NEGATIF;SAT;NEGATIF;AZALIYOR;SAT;SAT;UCUZ (AL);0;25.09.2026
KLSER;izle;;6,3;2,3;4,0;0,0;20;1;zayif;28,9;23,8;23,1;asagi;zayif;zayif;asagi;0,45;-5,68;5;19,86;0,86;9230451;21,73;SAT;NEGATIF;SAT;NEGATIF;AZALIYOR;AL;AL;UCUZ (AL);2;25.09.2026
ULAS;izle;;6,3;2,3;4,0;0,0;10;0;zayif;28,7;19,9;20,7;asagi;zayif;zayif;asagi;0,63;-4,38;4;16,39;-0,12;2030983;20,00;SAT;NEGATIF;SAT;NEGATIF;AZALIYOR;SAT;AL;UCUZ (AL);1;25.09.2026
BFREN;izle;;6,2;1,9;4,3;0,0;6;0;zayif;26,1;25,9;41,0;asagi;zayif;zayif;asagi;0,60;-3,89;3;110,8;0,36;13108416;122,41;SAT;NEGATIF;SAT;NEGATIF;AZALIYOR;SAT;SAT;UCUZ (AL);0;25.09.2026
TLMAN;izle;;6,2;2,2;4,0;0,0;10;0;zayif;28,0;23,3;17,4;asagi;zayif;zayif;asagi;0,66;-4,27;6;65,05;0,54;5979006;74,30;SAT;NEGATIF;SAT;NEGATIF;AZALIYOR;SAT;SAT;UCUZ (AL);0;25.09.2026
ORCAY;izle;;6,1;2,1;4,0;0,0;10;0;zayif;27,1;16,9;27,8;asagi;zayif;zayif;asagi;0,41;-5,12;4;2,47;0,41;1746947;3,00;SAT;NEGATIF;SAT;NEGATIF;AZALIYOR;AL;AL;UCUZ (AL);2;25.09.2026
ATLAS;izle;;6,0;1,1;4,9;0,0;22;2;zayif;20,3;34,4;44,2;asagi;zayif;zayif;asagi;0,52;-2,56;1;5,23;-2,43;3395593;6,93;SAT;NEGATIF;SAT;NEGATIF;AZALIYOR;SAT;SAT;NOTR;0;25.09.2026
TEKTU;izle;;6,0;2,0;4,0;0,0;50;5;zayif;26,9;14,6;25,2;asagi;zayif;zayif;asagi;0,50;-6,91;5;4,89;0,00;17152164;5,90;SAT;NEGATIF;SAT;NEGATIF;AZALIYOR;AL;AL;UCUZ (AL);2;25.09.2026
PENTA;izle;;6,0;2,0;4,0;0,0;42;3;zayif;26,8;18,2;26,5;asagi;zayif;zayif;asagi;0,59;-5,42;7;10,25;0,20;10579568;11,68;SAT;NEGATIF;SAT;NEGATIF;AZALIYOR;SAT;SAT;UCUZ (AL);0;25.09.2026
LILAK;izle;;6,0;0,9;5,1;0,0;28;2;zayif;18,4;28,7;50,0;asagi;zayif;zayif;asagi;0,69;-3,46;3;25,2;-0,87;59045969;28,71;SAT;NEGATIF;NOTR;NEGATIF;AZALIYOR;SAT;SAT;NOTR;0;25.09.2026
KFEIN;izle;;6,0;2,0;4,0;0,0;6;0;zayif;26,5;24,6;37,8;asagi;zayif;zayif;asagi;0,65;-4,61;3;6,27;2,96;13635864;7,34;SAT;NEGATIF;SAT;NEGATIF;AZALIYOR;AL;AL;UCUZ (AL);2;25.09.2026
GOODY;izle;;5,9;1,9;4,0;0,0;6;0;zayif;25,6;25,1;15,3;asagi;zayif;zayif;asagi;0,55;-3,81;3;2,21;0,91;14066126;2,51;SAT;NEGATIF;SAT;NEGATIF;AZALIYOR;SAT;AL;NOTR;1;25.09.2026
EUYO;izle;;5,8;1,8;4,0;0,0;6;0;zayif;25,1;24,2;21,3;asagi;zayif;zayif;asagi;0,31;-3,86;3;3,67;-0,81;1067423;4,45;SAT;NEGATIF;SAT;NEGATIF;AZALIYOR;AL;AL;NOTR;2;25.09.2026
SNICA;izle;;5,7;1,7;4,0;0,0;6;0;zayif;24,7;21,5;35,3;asagi;zayif;zayif;asagi;0,43;-6,05;3;2,43;-0,82;9749427;2,84;SAT;NEGATIF;SAT;NEGATIF;AZALIYOR;SAT;AL;UCUZ (AL);1;25.09.2026
TKNSA;izle;;5,5;2,0;2,3;1,3;10;0;zayif;26,8;27,9;22,9;asagi;zayif;zayif;asagi;0,78;-3,93;4;13,93;-2,59;39147967;16,35;SAT;NEGATIF;SAT;NEGATIF;AZALIYOR;SAT;SAT;UCUZ (AL);0;25.09.2026
ANGEN;izle;;5,5;1,0;4,5;0,0;50;4;zayif;19,3;26,7;26,3;asagi;zayif;zayif;asagi;0,32;-4,65;4;7,09;1,72;5557787;8,24;SAT;NEGATIF;NOTR;NEGATIF;AZALIYOR;SAT;AL;UCUZ (AL);1;25.09.2026
SEKUR;izle;;5,4;5,4;0,0;0,0;0;0;zayif;38,2;12,9;11,0;asagi;zayif;zayif;asagi;0,17;-7,97;2;3,94;-9,84;1082807;5,78;SAT;NEGATIF;SAT;NEGATIF;AZALIYOR;SAT;SAT;NOTR;0;25.09.2026
INFO;izle;;5,4;5,4;0,0;0,0;0;0;zayif;34,4;19,8;49,6;asagi;zayif;zayif;asagi;0,06;-6,90;1;1,07;-9,32;4683188;1,67;SAT;NEGATIF;SAT;NEGATIF;AZALIYOR;SAT;SAT;UCUZ (AL);0;25.09.2026
RALYH;izle;;5,4;5,4;0,0;0,0;32;3;zayif;34,3;15,8;42,6;asagi;zayif;zayif;asagi;0,03;-7,37;1;117;-10,00;3627351;164,87;SAT;NEGATIF;SAT;NEGATIF;AZALIYOR;SAT;AL;UCUZ (AL);1;25.09.2026
EDATA;izle;;5,4;5,4;0,0;0,0;0;0;zayif;36,2;12,1;22,5;asagi;zayif;zayif;asagi;0,10;-7,83;2;7,38;-9,89;2130791;10,73;SAT;NEGATIF;SAT;NEGATIF;AZALIYOR;SAT;AL;NOTR;1;25.09.2026
AGROT;izle;;5,4;1,4;4,0;0,0;22;2;zayif;22,5;16,5;36,7;asagi;zayif;zayif;asagi;0,70;-7,07;2;1,45;0,00;39584105;1,72;SAT;NEGATIF;SAT;NEGATIF;AZALIYOR;SAT;SAT;UCUZ (AL);0;25.09.2026
LRSHO;izle;;5,4;1,4;4,0;0,0;0;0;zayif;22,2;20,2;39,5;asagi;zayif;zayif;asagi;0,58;-5,24;2;1,99;-1,49;18947276;2,33;SAT;NEGATIF;SAT;NEGATIF;AZALIYOR;AL;SAT;UCUZ (AL);1;25.09.2026
SMART;izle;;5,4;1,4;4,0;0,0;10;0;zayif;22,2;19,7;33,9;asagi;zayif;zayif;asagi;0,56;-5,52;5;17,27;0,76;8200176;20,37;SAT;NEGATIF;SAT;NEGATIF;AZALIYOR;AL;AL;NOTR;2;25.09.2026
INGRM;izle;;5,3;0,8;4,5;0,0;0;0;zayif;17,9;26,7;14,2;asagi;zayif;zayif;asagi;0,17;-3,43;1;315,25;0,48;3937157;364,79;SAT;NEGATIF;NOTR;NEGATIF;AZALIYOR;AL;AL;UCUZ (AL);2;25.09.2026
RTALB;izle;;5,3;1,3;4,0;0,0;40;4;zayif;21,5;22,7;11,6;asagi;zayif;zayif;asagi;0,53;-5,48;1;2,01;1,52;23689018;2,48;SAT;NEGATIF;SAT;NEGATIF;AZALIYOR;SAT;AL;UCUZ (AL);1;25.09.2026
FZLGY;izle;;5,2;2,4;1,2;1,5;0;0;zayif;30,7;22,4;44,7;asagi;zayif;zayif;asagi;0,79;-5,66;2;5,8;-6,60;98641743;8,11;SAT;NEGATIF;SAT;NEGATIF;AZALIYOR;SAT;SAT;UCUZ (AL);0;25.09.2026
BANVT;izle;;4,9;0,7;4,1;0,0;0;0;zayif;17,4;25,4;46,4;asagi;zayif;zayif;asagi;0,40;-3,61;1;132,9;-0,30;6105293;148,26;SAT;NEGATIF;NOTR;NEGATIF;AZALIYOR;SAT;SAT;UCUZ (AL);0;25.09.2026
VESTL;izle;;4,9;1,9;2,9;0,0;6;0;zayif;26,3;32,5;44,0;asagi;zayif;zayif;asagi;0,50;-2,33;3;20,44;-2,76;173567813;25,18;SAT;NEGATIF;SAT;NEGATIF;AZALIYOR;SAT;SAT;UCUZ (AL);0;25.09.2026
SASA;izle;;4,8;1,2;3,1;0,5;10;0;zayif;20,5;33,5;42,8;asagi;zayif;zayif;asagi;0,73;-2,44;4;2,08;-1,42;7312547008;2,57;SAT;NEGATIF;SAT;NEGATIF;AZALIYOR;SAT;SAT;UCUZ (AL);0;25.09.2026
OYAYO;izle;;4,8;0,2;4,6;0,0;6;0;zayif;13,6;32,9;30,7;asagi;zayif;zayif;asagi;0,64;-2,76;3;36,4;-0,05;1632613;42,94;SAT;NEGATIF;NOTR;NEGATIF;ARTIYOR;AL;AL;UCUZ (AL);2;25.09.2026
TMSN;izle;;4,7;0,3;4,5;0,0;10;0;zayif;13,9;26,6;43,0;asagi;zayif;zayif;asagi;0,33;-3,35;4;63,6;0,08;16563284;74,54;SAT;NEGATIF;NOTR;NEGATIF;AZALIYOR;AL;SAT;UCUZ (AL);1;25.09.2026
YYAPI;izle;;4,7;2,4;0,0;2,3;10;0;zayif;60,7;14,7;10,9;asagi;zayif;zayif;asagi;0,84;-9,54;4;0,59;-3,28;2017142;0,66;SAT;NEGATIF;SAT;NEGATIF;AZALIYOR;AL;AL;UCUZ (AL);2;25.09.2026
PRKAB;izle;;4,5;0,5;4,0;0,0;20;1;zayif;15,4;24,2;51,2;asagi;zayif;zayif;asagi;0,27;-3,96;4;26,2;0,31;8171046;30,41;SAT;NEGATIF;NOTR;NEGATIF;AZALIYOR;SAT;SAT;NOTR;0;25.09.2026
KZGYO;izle;;3,8;2,4;1,3;0,0;0;0;zayif;33,8;29,4;56,3;asagi;zayif;zayif;asagi;0,34;-3,82;1;15;-2,09;29521230;20,66;SAT;NEGATIF;SAT;NEGATIF;AZALIYOR;SAT;SAT;UCUZ (AL);0;25.09.2026
KONTR;izle;;3,4;2,4;0,9;0,0;6;0;zayif;49,4;25,7;29,5;asagi;zayif;zayif;asagi;0,62;-8,41;3;2,28;-0,87;7597001;2,80;SAT;NEGATIF;SAT;NEGATIF;AZALIYOR;SAT;AL;UCUZ (AL);1;25.09.2026
VAKFA;izle;;3,4;2,0;1,4;0,0;10;1;zayif;26,7;26,8;43,1;asagi;zayif;zayif;asagi;0,64;-3,65;2;9,55;-1,24;36478546;10,90;SAT;NEGATIF;SAT;NEGATIF;AZALIYOR;SAT;SAT;UCUZ (AL);0;25.09.2026
VESBE;izle;;3,1;1,8;1,3;0,0;10;0;zayif;25,1;26,9;46,1;asagi;zayif;zayif;asagi;0,50;-3,68;4;4,6;-1,71;65841755;5,44;SAT;NEGATIF;SAT;NEGATIF;AZALIYOR;SAT;SAT;UCUZ (AL);0;25.09.2026
GLCVY;izle;;3,1;1,5;1,6;0,0;16;1;zayif;23,2;27,0;22,1;asagi;zayif;zayif;asagi;0,69;-3,54;3;43,36;-1,45;18760918;50,35;SAT;NEGATIF;SAT;NEGATIF;ARTIYOR;SAT;SAT;UCUZ (AL);0;25.09.2026
BEYAZ;izle;;3,1;1,0;2,1;0,0;0;0;zayif;19,2;28,5;50,3;asagi;zayif;zayif;asagi;0,46;-4,02;2;18,3;-0,54;9325552;21,53;SAT;NEGATIF;NOTR;NEGATIF;AZALIYOR;SAT;SAT;UCUZ (AL);0;25.09.2026
YAPRK;izle;;2,9;0,4;2,5;0,0;6;0;zayif;14,9;27,3;49,8;asagi;zayif;zayif;asagi;0,37;-2,95;3;9,11;-1,51;12974444;10,96;SAT;NEGATIF;NOTR;NEGATIF;AZALIYOR;SAT;AL;UCUZ (AL);1;25.09.2026
IMASM;izle;;2,7;1,5;0,2;1,0;10;0;zayif;23,2;18,9;27,0;asagi;zayif;zayif;asagi;0,76;-6,77;4;1,62;-1,82;27277673;1,96;SAT;NEGATIF;SAT;NEGATIF;AZALIYOR;SAT;SAT;UCUZ (AL);0;25.09.2026
BRKSN;izle;;2,6;2,4;0,2;0,0;6;0;zayif;35,8;20,5;20,6;asagi;zayif;zayif;asagi;0,68;-4,47;3;6,37;-0,47;1304812;7,18;SAT;NEGATIF;SAT;NEGATIF;AZALIYOR;SAT;SAT;UCUZ (AL);0;25.09.2026
OSTIM;izle;;2,6;1,0;1,6;0,0;6;0;zayif;19,4;27,0;43,5;asagi;zayif;zayif;asagi;0,52;-4,12;3;1,31;-2,24;9066684;1,54;SAT;NEGATIF;NOTR;NEGATIF;AZALIYOR;SAT;SAT;UCUZ (AL);0;25.09.2026
USAK;izle;;2,4;2,4;0,0;0,0;10;0;zayif;37,4;6,1;13,1;asagi;zayif;zayif;asagi;0,65;-9,13;4;0,66;-9,59;31169829;0,85;SAT;NEGATIF;SAT;NEGATIF;ARTIYOR;SAT;AL;UCUZ (AL);1;25.09.2026
LYDHO;izle;;2,4;2,4;0,0;0,0;6;0;zayif;61,0;9,5;11,9;asagi;zayif;zayif;asagi;0,11;-10,34;3;55,6;-9,96;3551728;80,81;SAT;NEGATIF;SAT;NEGATIF;AZALIYOR;AL;SAT;UCUZ (AL);1;25.09.2026
UFUK;izle;;2,4;2,4;0,0;0,0;32;3;zayif;33,1;11,8;0,8;asagi;zayif;zayif;asagi;0,02;-8,17;2;601,5;-9,96;1812921;898,42;SAT;NEGATIF;SAT;NEGATIF;AZALIYOR;SAT;AL;UCUZ (AL);1;25.09.2026
ISSEN;izle;;2,4;2,4;0,0;0,0;20;1;zayif;33,8;14,6;13,5;asagi;zayif;zayif;asagi;0,32;-5,43;4;5,43;-2,34;2282571;6,33;SAT;NEGATIF;SAT;NEGATIF;AZALIYOR;SAT;SAT;UCUZ (AL);0;25.09.2026
IHAAS;izle;;2,4;2,4;0,0;0,0;38;3;zayif;31,3;14,3;19,0;asagi;zayif;zayif;asagi;0,21;-7,30;3;25,72;-9,94;4079475;35,90;SAT;NEGATIF;SAT;NEGATIF;AZALIYOR;SAT;AL;NOTR;1;25.09.2026
BINBN;izle;;2,4;2,4;0,0;0,0;0;0;zayif;37,0;11,7;10,3;asagi;zayif;zayif;asagi;0,22;-7,02;2;80,3;-9,98;7298949;116,82;SAT;NEGATIF;SAT;NEGATIF;AZALIYOR;SAT;SAT;UCUZ (AL);0;25.09.2026
ESCAR;izle;;2,4;2,4;0,0;0,0;10;1;zayif;35,2;12,3;12,9;asagi;zayif;zayif;asagi;0,05;-8,15;1;19,88;-9,96;2812086;28,01;SAT;NEGATIF;SAT;NEGATIF;AZALIYOR;SAT;SAT;NOTR;0;25.09.2026
CRDFA;izle;;2,4;2,4;0,0;0,0;0;0;zayif;49,8;10,5;24,6;asagi;zayif;zayif;asagi;0,09;-9,58;1;9,97;-9,94;1423576;14,76;SAT;NEGATIF;SAT;NEGATIF;AZALIYOR;SAT;AL;UCUZ (AL);1;25.09.2026
DOGUB;izle;;2,4;2,4;0,0;0,0;0;0;zayif;30,1;14,3;29,9;asagi;zayif;zayif;asagi;0,28;-7,78;1;25,74;-10,00;3012249;40,01;SAT;NEGATIF;SAT;NEGATIF;AZALIYOR;SAT;AL;NOTR;1;25.09.2026
LYDYE;izle;;2,4;2,4;0,0;0,0;0;0;zayif;35,7;13,2;7,4;asagi;zayif;zayif;asagi;0,07;-8,53;2;5517,5;-9,99;811073;7713,66;SAT;NEGATIF;SAT;NEGATIF;AZALIYOR;SAT;SAT;UCUZ (AL);0;25.09.2026
KUTPO;izle;;2,4;1,3;1,1;0,0;10;0;zayif;21,7;22,7;31,9;asagi;zayif;zayif;asagi;0,61;-3,92;4;68,55;-0,15;7629272;77,31;SAT;NEGATIF;SAT;NEGATIF;AZALIYOR;SAT;SAT;UCUZ (AL);0;25.09.2026
DAPGM;izle;;2,3;2,3;0,0;0,0;0;0;zayif;29,0;16,8;27,7;asagi;zayif;zayif;asagi;0,59;-7,69;2;4,01;-9,89;169075904;5,66;SAT;NEGATIF;SAT;NEGATIF;AZALIYOR;AL;AL;UCUZ (AL);2;25.09.2026
TDGYO;izle;;2,2;2,2;0,0;0,0;0;0;zayif;28,2;23,6;59,5;asagi;zayif;zayif;asagi;0,31;-4,51;2;9,72;-10,00;5471505;14,22;SAT;NEGATIF;SAT;NEGATIF;AZALIYOR;SAT;SAT;UCUZ (AL);0;25.09.2026
DENGE;izle;;2,2;1,9;0,3;0,0;22;2;zayif;25,9;26,0;34,6;asagi;zayif;zayif;asagi;0,37;-4,04;2;1,85;-0,54;15866127;2,18;SAT;NEGATIF;SAT;NEGATIF;AZALIYOR;SAT;SAT;UCUZ (AL);0;25.09.2026