hisse;durum;yeni_sinyal;konfluans;trend_35;momentum_30;hacim_35;risk;uyumsuzluk;rejim;adx;rsi;mfi;supertrend;goreli_guc;usd_trend;haftalik_trend;hacim_orani;ema50_uzaklik_atr;dagitim_gun;kapanis;degisim%;islem_hacmi_tl;st_cizgisi;osc_macd;osc_rsi;osc_adx;osc_momentum;osc_atr;osc_wavetrend;osc_stochrsi;osc_sharpe;osc_al_sayisi;tarih
TKFEN;GUCLU AL;;98,6;35,0;28,6;35,0;28;0;guclu trend;30,0;74,7;58,5;yukari;guclu;yukselis;yukari;1,34;4,49;1;258;9,93;1975629840;203,20;AL;POZITIF;AL;POZITIF;ARTIYOR;AL;AL;PAHALI (SAT);6;17.09.2026
ISDMR;GUCLU AL;;98,6;33,6;30,0;35,0;8;0;guclu trend;26,4;64,5;69,9;yukari;guclu;yukselis;yukari;1,99;2,06;0;62,1;8,38;247826010;54,38;AL;POZITIF;AL;POZITIF;ARTIYOR;SAT;SAT;NOTR;4;17.09.2026
ENERY;GUCLU AL;;98,2;35,0;29,0;34,2;28;0;guclu trend;46,9;73,9;62,2;yukari;guclu;yukselis;yukari;2,25;4,16;1;12,66;6,03;1891917629;11,31;AL;POZITIF;AL;POZITIF;ARTIYOR;SAT;SAT;NOTR;4;17.09.2026
CEOEM;GUCLU AL;;97,3;32,4;29,8;35,0;28;0;guclu trend;23,4;72,3;82,8;yukari;guclu;yukselis;yukari;2,21;3,60;0;32;6,67;178730496;26,51;AL;POZITIF;AL;POZITIF;ARTIYOR;AL;SAT;NOTR;5;17.09.2026
CELHA;GUCLU AL;;96,5;35,0;30,0;31,5;0;0;guclu trend;30,6;61,7;71,8;yukari;guclu;yukselis;yukari;1,51;1,93;0;28;-1,20;103418028;24,80;AL;POZITIF;AL;POZITIF;ARTIYOR;AL;SAT;NOTR;5;17.09.2026
AGHOL;GUCLU AL;EVET;96,1;32,5;29,5;34,1;8;0;guclu trend;23,5;58,7;74,1;yukari;guclu;yukselis;yukari;1,26;1,27;2;34,88;5,00;240450861;31,63;AL;POZITIF;AL;POZITIF;ARTIYOR;SAT;SAT;NOTR;4;17.09.2026
AHGAZ;GUCLU AL;;95,2;30,4;30,0;34,8;18;0;guclu trend;32,3;65,8;59,6;yukari;guclu;yukselis;yukari;1,78;2,86;1;40,98;5,08;531729146;37,30;AL;POZITIF;SAT;POZITIF;ARTIYOR;SAT;SAT;NOTR;3;17.09.2026
KRGYO;GUCLU AL;;91,8;35,0;30,0;26,8;0;0;guclu trend;46,1;55,6;56,7;yukari;guclu;yukselis;yukari;1,10;1,66;1;3,32;-9,78;92189455;3,16;AL;POZITIF;AL;POZITIF;ARTIYOR;SAT;SAT;NOTR;4;17.09.2026
HUNER;GUCLU AL;;91,6;31,7;25,3;34,6;22;2;guclu trend;21,5;58,4;66,5;yukari;guclu;yukselis;yukari;1,94;1,20;2;4,02;2,55;496448413;3,50;SAT;POZITIF;AL;POZITIF;ARTIYOR;SAT;AL;NOTR;4;17.09.2026
EUKYO;GUCLU AL;;89,9;35,0;29,6;25,2;0;0;guclu trend;48,1;56,0;51,2;yukari;guclu;yukselis;yukari;0,95;1,35;1;13,9;-1,77;13512093;12,63;AL;POZITIF;AL;POZITIF;ARTIYOR;SAT;SAT;NOTR;4;17.09.2026
TUPRS;izle;;88,7;35,0;24,0;29,7;42;2;guclu trend;39,0;64,5;62,2;yukari;guclu;yukselis;yukari;0,98;3,63;2;412;2,55;11913109368;374,32;SAT;POZITIF;AL;POZITIF;ARTIYOR;SAT;SAT;NOTR;3;17.09.2026
BIMAS;GUCLU AL;;88,1;30,2;23,7;34,2;0;0;guclu trend;27,9;54,0;52,9;yukari;guclu;yukselis;yukari;1,53;1,25;2;418;3,08;6093718950;402,48;SAT;POZITIF;SAT;POZITIF;ARTIYOR;SAT;SAT;NOTR;2;17.09.2026
BMSTL;GUCLU AL;;85,7;31,8;29,9;24,0;0;0;guclu trend;21,8;61,5;69,7;yukari;guclu;yukselis;yukari;2,50;1,46;0;48,4;-1,87;413571514;43,46;AL;POZITIF;AL;POZITIF;ARTIYOR;AL;AL;NOTR;6;17.09.2026
HALKB;GUCLU AL;;84,1;33,3;24,6;26,2;10;1;guclu trend;25,5;58,3;29,0;yukari;guclu;yukselis;yukari;1,65;1,89;2;47,8;2,18;5336329573;44,37;SAT;POZITIF;AL;NEGATIF;ARTIYOR;SAT;SAT;NOTR;2;17.09.2026
BAHKM;GUCLU AL;;84,1;35,0;24,9;24,2;10;1;guclu trend;42,3;58,5;63,1;yukari;guclu;yukselis;yukari;1,06;1,83;1;170;5,00;380992270;146,75;SAT;POZITIF;AL;POZITIF;ARTIYOR;SAT;SAT;NOTR;3;17.09.2026
BOSSA;AL;;83,4;22,0;28,9;32,5;0;0;zayif;17,0;58,6;64,4;yukari;guclu;yukselis;yukari;1,87;1,04;0;6,83;0,00;39894419;6,19;AL;POZITIF;NOTR;POZITIF;ARTIYOR;AL;AL;NOTR;5;17.09.2026
ENJSA;izle;;82,8;29,0;20,7;33,0;38;3;ilimli;19,6;48,7;45,8;yukari;guclu;zayif;yukari;1,32;0,06;3;111,5;3,91;663950723;106,65;SAT;NEGATIF;NOTR;NEGATIF;ARTIYOR;SAT;SAT;NOTR;0;17.09.2026
DMLKT;GUCLU AL;;82,7;35,0;23,9;23,8;16;0;guclu trend;39,8;59,2;56,9;yukari;guclu;yukselis;yukari;1,13;2,48;3;7,02;1,01;57031329;6,62;SAT;POZITIF;AL;NEGATIF;AZALIYOR;SAT;SAT;NOTR;2;17.09.2026
DMRGD;izle;;82,5;24,1;29,9;28,5;0;0;guclu trend;22,5;62,1;50,7;asagi;guclu;yukselis;yukari;5,83;1,47;1;11,88;10,00;2860157639;11,92;AL;POZITIF;AL;POZITIF;ARTIYOR;AL;AL;PAHALI (SAT);6;17.09.2026
DEVA;GUCLU AL;;81,6;35,0;24,6;22,0;10;0;guclu trend;45,8;61,3;65,9;yukari;guclu;yukselis;yukari;0,67;2,96;1;99,9;6,05;66943290;91,73;SAT;POZITIF;AL;POZITIF;ARTIYOR;SAT;SAT;NOTR;3;17.09.2026
MRGYO;GUCLU AL;;81,0;35,0;30,0;16,0;10;0;guclu trend;49,4;58,6;75,5;yukari;guclu;yukselis;yukari;0,01;2,18;0;1,92;-9,86;4051384;1,84;AL;POZITIF;AL;POZITIF;ARTIYOR;SAT;SAT;NOTR;4;17.09.2026
MARTI;GUCLU AL;;81,0;35,0;30,0;16,0;10;0;guclu trend;58,5;61,7;84,6;yukari;guclu;yukselis;yukari;0,02;2,61;1;2,47;-9,85;7669738;2,32;AL;POZITIF;AL;POZITIF;ARTIYOR;SAT;SAT;NOTR;4;17.09.2026
GSDDE;GUCLU AL;EVET;79,7;31,4;23,0;25,4;0;0;guclu trend;20,6;50,9;36,8;yukari;guclu;zayif;yukari;1,14;0,21;1;13,48;3,85;85052518;12,38;SAT;POZITIF;AL;POZITIF;ARTIYOR;SAT;SAT;NOTR;3;17.09.2026
ZRGYO;izle;;78,7;19,6;25,3;33,9;40;4;zayif;22,2;57,5;67,7;yukari;guclu;yukselis;yukari;2,11;1,18;1;19,91;1,84;58288596;18,80;SAT;POZITIF;AL;POZITIF;AZALIYOR;SAT;SAT;NOTR;3;17.09.2026
SOKM;AL;;78,7;28,9;22,4;27,4;22;2;ilimli;18,8;50,6;69,9;yukari;guclu;yukselis;yukari;0,99;0,79;2;57,15;1,60;255687900;54,83;SAT;POZITIF;NOTR;NEGATIF;ARTIYOR;SAT;SAT;NOTR;1;17.09.2026
HURGZ;izle;;77,7;29,1;21,0;27,6;0;0;zayif;19,9;46,3;60,8;yukari;guclu;zayif;yukari;1,42;-0,13;2;7,35;-4,30;82760493;7,13;SAT;NEGATIF;NOTR;POZITIF;ARTIYOR;SAT;SAT;NOTR;1;17.09.2026
MPARK;AL;EVET;77,6;27,9;23,5;26,2;0;0;ilimli;18,1;53,3;52,1;yukari;guclu;yukselis;yukari;1,54;0,43;2;435;4,95;370827930;411,23;SAT;POZITIF;NOTR;POZITIF;ARTIYOR;SAT;SAT;NOTR;2;17.09.2026
KCHOL;izle;;77,1;22,4;25,3;29,4;28;2;guclu trend;32,1;53,8;73,2;asagi;guclu;yukselis;yukari;1,67;1,18;3;218,7;5,91;11729641857;229,66;SAT;POZITIF;SAT;POZITIF;ARTIYOR;SAT;SAT;NOTR;2;17.09.2026
KRDMD;izle;;76,6;21,4;23,4;31,8;46;4;guclu trend;22,2;49,3;43,0;asagi;guclu;yukselis;yukari;1,32;0,39;3;44,08;6,06;3196187155;48,15;SAT;NEGATIF;SAT;POZITIF;ARTIYOR;SAT;SAT;NOTR;1;17.09.2026
KGYO;izle;;75,9;28,9;20,3;26,7;16;1;zayif;18,8;46,4;30,3;yukari;guclu;yukselis;yukari;1,79;-0,12;3;11,38;-4,21;400991381;10,80;SAT;NEGATIF;NOTR;NEGATIF;ARTIYOR;SAT;AL;NOTR;1;17.09.2026
AVPGY;AL;EVET;75,3;21,9;27,2;26,2;0;0;zayif;28,3;52,1;47,6;yukari;guclu;yukselis;yukari;1,04;0,30;1;55,05;1,57;44741007;51,57;AL;POZITIF;AL;POZITIF;ARTIYOR;SAT;SAT;NOTR;4;17.09.2026
ANHYT;izle;;74,4;16,4;27,5;30,4;6;0;ilimli;13,4;54,6;54,3;asagi;guclu;zayif;yukari;1,53;0,44;3;108,2;2,17;116776040;112,43;AL;POZITIF;NOTR;POZITIF;ARTIYOR;SAT;SAT;NOTR;3;17.09.2026
AYGAZ;izle;;74,3;35,0;23,3;16,0;40;4;guclu trend;39,5;52,0;67,1;yukari;guclu;yukselis;yukari;0,79;1,44;2;320;1,75;338364160;299,67;SAT;POZITIF;AL;NEGATIF;ARTIYOR;SAT;SAT;NOTR;2;17.09.2026
OFSYM;AL;EVET;73,7;29,6;23,4;20,7;20;1;guclu trend;39,1;49,1;62,8;yukari;guclu;yukselis;yukari;0,49;0,41;5;63,4;4,97;65831453;58,06;SAT;NEGATIF;SAT;NEGATIF;ARTIYOR;SAT;AL;NOTR;1;17.09.2026
INVES;izle;;73,5;20,9;24,7;27,8;6;0;ilimli;18,8;52,4;22,1;asagi;guclu;yukselis;yukari;1,10;0,95;3;782;0,13;69529966;846,10;SAT;POZITIF;NOTR;NEGATIF;ARTIYOR;SAT;AL;NOTR;2;17.09.2026
PETKM;izle;;73,3;25,1;22,0;26,2;16;1;guclu trend;25,0;49,9;43,5;asagi;guclu;yukselis;yukari;1,50;0,35;3;21,54;2,67;3584682729;25,53;SAT;NEGATIF;AL;POZITIF;ARTIYOR;SAT;SAT;NOTR;2;17.09.2026
ALARK;izle;;73,0;22,0;21,5;29,4;10;1;guclu trend;26,8;49,9;69,6;asagi;guclu;yukselis;yukari;1,15;0,46;2;109,5;4,68;637517541;117,47;SAT;NEGATIF;SAT;NEGATIF;ARTIYOR;SAT;SAT;NOTR;0;17.09.2026
TRMET;izle;;72,5;20,8;21,5;30,2;0;0;zayif;17,8;46,7;48,8;asagi;guclu;zayif;yukari;1,51;-0,08;2;132;5,52;1125550932;146,21;SAT;NEGATIF;NOTR;NEGATIF;ARTIYOR;SAT;AL;NOTR;1;17.09.2026
ALBRK;izle;;72,2;18,3;22,4;31,6;0;0;guclu trend;30,0;47,6;51,4;asagi;guclu;zayif;yukari;2,16;-0,05;2;8,54;6,88;343191369;9,13;SAT;NEGATIF;SAT;NEGATIF;ARTIYOR;SAT;AL;NOTR;1;17.09.2026
EBEBK;izle;;72,0;22,2;22,4;27,3;0;0;ilimli;17,7;51,0;53,6;asagi;guclu;zayif;yukari;1,07;0,30;2;82,75;3,18;61101524;87,54;SAT;POZITIF;NOTR;POZITIF;ARTIYOR;SAT;SAT;NOTR;2;17.09.2026
KONYA;AL;;71,3;20,0;27,7;23,6;10;1;zayif;34,2;52,3;66,2;yukari;guclu;yukselis;yukari;0,84;0,51;1;3977,5;-1,00;75954340;3764,83;AL;POZITIF;AL;POZITIF;AZALIYOR;SAT;SAT;NOTR;4;17.09.2026
SKYMD;izle;;71,0;34,9;20,8;15,4;16;1;guclu trend;29,6;45,7;68,5;yukari;guclu;zayif;yukari;1,02;-0,10;3;15,08;-9,97;55348094;14,07;SAT;NEGATIF;AL;NEGATIF;ARTIYOR;SAT;SAT;NOTR;1;17.09.2026
VAKBN;izle;;70,9;20,1;21,3;29,5;6;0;guclu trend;26,9;49,8;60,4;asagi;guclu;yukselis;yukari;1,45;0,25;3;33;6,93;4276203261;38,36;SAT;NEGATIF;SAT;NEGATIF;ARTIYOR;SAT;SAT;NOTR;0;17.09.2026
TRENJ;izle;;70,7;28,7;23,9;18,1;46;5;ilimli;17,3;50,3;49,8;yukari;guclu;yukselis;yukari;0,93;0,60;3;103,8;4,80;163849649;98,12;SAT;POZITIF;NOTR;NEGATIF;ARTIYOR;SAT;AL;NOTR;2;17.09.2026
EFOR;izle;;70,6;19,3;23,6;27,7;40;4;zayif;12,8;46,0;41,6;asagi;guclu;zayif;yukari;1,38;-0,04;2;18,19;-8,59;1982542816;20,83;AL;NEGATIF;NOTR;POZITIF;ARTIYOR;SAT;SAT;NOTR;2;17.09.2026
TRCAS;AL;;69,8;29,4;21,6;18,8;0;0;guclu trend;22,5;48,5;57,6;yukari;guclu;yukselis;yukari;0,94;0,38;1;47,14;-0,13;44145102;45,06;SAT;NEGATIF;SAT;NEGATIF;ARTIYOR;SAT;SAT;NOTR;0;17.09.2026
EPLAS;AL;EVET;69,1;23,9;27,3;18,0;10;1;zayif;29,8;51,5;23,7;yukari;guclu;yukselis;yukari;1,61;0,32;1;5,93;2,95;63494099;5,66;AL;POZITIF;AL;POZITIF;ARTIYOR;SAT;SAT;NOTR;4;17.09.2026
TRHOL;izle;;68,5;27,0;25,0;16,5;20;0;guclu trend;65,6;59,0;98,4;asagi;guclu;yukselis;yukari;0,00;3,66;0;3645;-10,00;2044845;4416,41;SAT;POZITIF;AL;POZITIF;ARTIYOR;SAT;SAT;PAHALI (SAT);3;17.09.2026
RYGYO;izle;;68,2;27,0;23,9;17,3;6;0;guclu trend;31,1;47,8;53,9;asagi;guclu;yukselis;yukari;0,53;0,62;3;42,94;0,80;76474337;50,89;SAT;NEGATIF;AL;NEGATIF;ARTIYOR;SAT;AL;NOTR;2;17.09.2026
BRSAN;izle;;68,1;22,2;23,9;22,1;6;0;guclu trend;27,8;48,1;31,3;asagi;guclu;yukselis;yukari;1,34;0,60;3;666;4,47;2106488736;709,48;SAT;NEGATIF;SAT;NEGATIF;ARTIYOR;SAT;AL;NOTR;1;17.09.2026
YKSLN;izle;;68,0;22,0;30,0;16,0;20;0;zayif;36,1;62,6;83,6;asagi;guclu;yukselis;yukari;0,04;3,33;0;4,13;-9,83;2164347;5,04;AL;POZITIF;AL;POZITIF;ARTIYOR;AL;SAT;NOTR;5;17.09.2026
KRPLS;AL;;67,7;35,0;24,4;8,3;0;0;guclu trend;45,7;55,5;65,4;yukari;guclu;yukselis;yukari;0,72;1,32;2;11,88;2,77;59704271;11,28;SAT;POZITIF;AL;POZITIF;AZALIYOR;SAT;SAT;NOTR;3;17.09.2026
TRALT;izle;;67,5;20,5;17,7;29,3;10;1;zayif;15,7;46,3;53,0;asagi;guclu;zayif;yukari;1,43;-0,32;2;49,56;4,69;7207957782;56,70;SAT;NEGATIF;NOTR;NEGATIF;ARTIYOR;SAT;SAT;NOTR;0;17.09.2026
EGEEN;AL;;67,4;19,8;28,9;18,6;0;0;zayif;29,6;55,7;65,6;yukari;guclu;yukselis;yukari;1,19;1,04;1;5815;-4,20;197907710;5541,03;AL;POZITIF;AL;POZITIF;AZALIYOR;AL;SAT;UCUZ (AL);5;17.09.2026
ARSAN;izle;;66,9;26,3;20,9;19,7;0;0;guclu trend;28,2;48,4;46,0;asagi;guclu;yukselis;yukari;0,81;0,35;2;3,82;1,33;94933494;4,37;SAT;NEGATIF;AL;POZITIF;ARTIYOR;SAT;SAT;NOTR;2;17.09.2026
ORGE;AL;EVET;66,8;29,1;21,0;16,7;28;2;guclu trend;20,1;48,4;43,3;yukari;guclu;yukselis;yukari;1,04;0,22;3;22,36;2,10;111664722;20,44;SAT;NEGATIF;SAT;POZITIF;AZALIYOR;SAT;SAT;NOTR;1;17.09.2026
ASELS;izle;;66,8;20,8;22,3;23,6;0;0;zayif;18,2;48,4;33,7;asagi;guclu;zayif;yukari;1,25;-0,07;2;379,75;5,49;15331951689;413,49;SAT;NEGATIF;NOTR;NEGATIF;ARTIYOR;SAT;AL;NOTR;1;17.09.2026
DURDO;izle;;66,5;23,3;18,8;24,5;40;4;guclu trend;20,4;45,0;39,5;asagi;guclu;zayif;yukari;1,53;-0,40;2;4,98;-0,40;16865049;5,27;SAT;NEGATIF;AL;POZITIF;ARTIYOR;SAT;SAT;NOTR;2;17.09.2026
ARASE;izle;;65,5;21,6;18,5;25,5;46;4;guclu trend;23,4;45,3;53,2;asagi;guclu;zayif;yukari;0,99;-0,52;3;114,9;5,22;34829982;126,57;SAT;NEGATIF;SAT;NEGATIF;ARTIYOR;SAT;AL;NOTR;1;17.09.2026
GMTAS;izle;;65,3;28,9;12,6;23,8;0;0;zayif;18,6;42,5;55,3;yukari;zayif;zayif;yukari;1,11;-0,75;1;43,98;-1,39;166352151;43,62;SAT;NEGATIF;NOTR;NEGATIF;AZALIYOR;SAT;SAT;NOTR;0;17.09.2026
NETAS;AL;;63,2;35,0;20,2;8,0;6;0;guclu trend;43,2;45,1;68,4;yukari;guclu;yukselis;yukari;0,52;0,22;3;84,15;-10,00;114152084;83,84;SAT;NEGATIF;AL;NEGATIF;ARTIYOR;SAT;SAT;NOTR;1;17.09.2026
CRFSA;izle;;62,9;22,4;23,8;16,7;50;4;guclu trend;39,3;47,8;49,0;asagi;guclu;yukselis;yukari;0,74;0,54;4;248,9;8,31;539716502;305,34;SAT;NEGATIF;SAT;NEGATIF;ARTIYOR;SAT;AL;NOTR;1;17.09.2026
TDGYO;izle;;62,0;20,0;24,0;18,0;0;0;zayif;35,0;45,6;71,5;yukari;guclu;zayif;asagi;1,49;-0,34;1;16,6;-9,98;41704927;16,24;AL;NEGATIF;AL;NEGATIF;ARTIYOR;SAT;SAT;UCUZ (AL);2;17.09.2026
FLAP;AL;;61,5;31,0;26,7;3,8;0;0;guclu trend;39,5;49,5;63,4;yukari;guclu;yukselis;asagi;0,87;0,09;1;11,4;-2,15;14407491;10,92;AL;NEGATIF;AL;POZITIF;AZALIYOR;SAT;SAT;NOTR;3;17.09.2026
AKSGY;izle;;59,5;29,0;12,4;18,0;16;1;zayif;19,7;39,3;49,0;yukari;guclu;zayif;yukari;0,91;-0,79;3;9,56;-0,52;47999555;9,55;SAT;NEGATIF;NOTR;NEGATIF;ARTIYOR;SAT;SAT;NOTR;0;17.09.2026
OZSUB;izle;;59,4;29,0;16,0;14,3;16;1;zayif;19,7;41,7;13,7;yukari;guclu;zayif;yukari;0,96;-0,09;3;38,3;-0,78;94929308;37,97;SAT;NEGATIF;NOTR;NEGATIF;ARTIYOR;SAT;SAT;NOTR;0;17.09.2026
TOASO;izle;;58,9;17,8;27,5;13,6;0;0;ilimli;21,0;54,4;50,8;yukari;guclu;yukselis;asagi;0,93;0,45;0;287;5,42;1021303563;263,78;AL;POZITIF;SAT;POZITIF;ARTIYOR;SAT;SAT;NOTR;3;17.09.2026
BJKAS;izle;;58,6;22,1;20,5;16,0;0;0;guclu trend;27,6;45,3;53,9;asagi;guclu;zayif;yukari;0,08;-0,14;1;2,13;-9,75;92088927;2,83;SAT;NEGATIF;SAT;POZITIF;ARTIYOR;SAT;SAT;NOTR;1;17.09.2026
GARAN;izle;;58,6;3,1;23,2;32,3;46;4;zayif;18,6;52,0;57,8;asagi;guclu;yukselis;yukari;1,73;0,30;3;132,5;9,59;8820622785;136,38;SAT;POZITIF;NOTR;POZITIF;ARTIYOR;SAT;AL;NOTR;3;17.09.2026
ATSYH;izle;;58,4;20,4;18,0;20,0;38;3;zayif;15,2;45,5;55,4;asagi;zayif;zayif;yukari;1,36;-0,29;3;113;8,76;6114543;123,52;SAT;NEGATIF;NOTR;NEGATIF;ARTIYOR;SAT;AL;NOTR;1;17.09.2026
ETILR;izle;;58,1;28,4;16,0;13,7;0;0;zayif;15,0;45,6;59,4;yukari;zayif;zayif;yukari;0,94;-0,42;2;5,75;-3,20;45082622;5,30;SAT;NEGATIF;NOTR;POZITIF;ARTIYOR;SAT;SAT;NOTR;1;17.09.2026
KNFRT;izle;;57,7;9,3;22,4;26,1;0;0;zayif;14,0;49,7;42,2;yukari;guclu;yukselis;yukari;1,21;-0,06;2;12,27;1,91;66061484;11,09;SAT;NEGATIF;NOTR;POZITIF;ARTIYOR;SAT;AL;NOTR;2;17.09.2026
SANKO;izle;;56,7;15,0;27,7;14,1;8;0;zayif;37,6;57,6;83,2;yukari;guclu;yukselis;asagi;0,84;0,50;2;20,2;2,38;8783748;18,50;AL;POZITIF;AL;POZITIF;ARTIYOR;SAT;SAT;NOTR;4;17.09.2026
INDES;izle;;56,7;21,8;12,4;22,5;40;4;guclu trend;25,5;40,9;43,0;asagi;guclu;zayif;asagi;1,82;-0,82;2;10,82;2,17;136521523;12,03;SAT;NEGATIF;SAT;NEGATIF;ARTIYOR;SAT;SAT;NOTR;0;17.09.2026
ARMGD;izle;;56,2;21,3;12,9;22,0;32;2;guclu trend;21,3;45,0;52,2;asagi;zayif;zayif;yukari;1,06;-0,54;4;176,9;3,15;279006326;205,67;SAT;NEGATIF;SAT;NEGATIF;AZALIYOR;AL;AL;NOTR;2;17.09.2026
ISMEN;izle;;55,8;9,6;22,0;24,3;6;0;zayif;23,7;51,3;67,1;yukari;guclu;zayif;asagi;1,29;-0,12;3;34,72;5,66;359066081;32,52;SAT;POZITIF;SAT;NEGATIF;ARTIYOR;SAT;SAT;NOTR;1;17.09.2026
ZOREN;izle;;55,3;15,0;26,2;14,1;0;0;zayif;42,5;53,2;53,1;yukari;guclu;zayif;asagi;1,06;-0,12;1;2,45;-3,92;264479908;2,20;AL;POZITIF;AL;POZITIF;ARTIYOR;AL;AL;UCUZ (AL);6;17.09.2026
ALKLC;izle;;54,8;22,4;16,2;16,2;0;0;guclu trend;63,5;41,7;78,4;asagi;guclu;zayif;yukari;0,00;-0,27;0;421,25;-9,99;3367051;488,30;SAT;NEGATIF;SAT;NEGATIF;ARTIYOR;SAT;SAT;NOTR;0;17.09.2026
AKBNK;izle;;54,7;10,2;23,2;21,3;38;3;zayif;19,0;51,7;44,2;asagi;guclu;yukselis;yukari;1,55;0,30;3;71,55;9,74;21693200711;74,93;SAT;POZITIF;NOTR;NEGATIF;ARTIYOR;SAT;AL;NOTR;2;17.09.2026
OZATD;izle;;54,5;22,4;16,0;16,0;28;2;guclu trend;32,0;39,3;87,3;asagi;guclu;zayif;yukari;0,00;0,39;3;4035;-9,98;6092850;4861,34;SAT;NEGATIF;SAT;NEGATIF;ARTIYOR;SAT;SAT;PAHALI (SAT);0;17.09.2026
ALTIN;izle;;53,2;10,1;23,0;20,1;0;0;zayif;15,8;50,4;47,6;asagi;guclu;yukselis;asagi;1,03;0,20;2;74,27;1,13;1427578057;77,86;SAT;POZITIF;NOTR;NEGATIF;AZALIYOR;SAT;AL;UCUZ (AL);2;17.09.2026
AKSA;izle;;52,9;15,8;20,6;16,5;0;0;zayif;23,9;48,0;57,8;yukari;zayif;zayif;asagi;1,09;-0,74;1;11,12;4,81;229579550;10,52;AL;NEGATIF;SAT;POZITIF;ARTIYOR;SAT;SAT;NOTR;2;17.09.2026
IEYHO;izle;;52,5;22,4;14,1;16,0;0;0;guclu trend;80,4;37,6;99,8;asagi;guclu;zayif;yukari;0,02;-0,08;0;186,3;-10,00;6443186;208,30;SAT;NEGATIF;SAT;NEGATIF;ARTIYOR;SAT;SAT;PAHALI (SAT);0;17.09.2026
DSTKF;izle;;52,1;20,7;23,4;8,0;0;0;zayif;17,1;46,0;95,9;asagi;guclu;zayif;asagi;0,00;-0,70;1;2204;-9,97;14711700;2736,97;AL;NEGATIF;NOTR;NEGATIF;ARTIYOR;SAT;SAT;PAHALI (SAT);1;17.09.2026
ECOGR;izle;;51,9;22,2;21,8;8,0;0;0;zayif;15,0;46,7;61,4;yukari;guclu;zayif;asagi;0,41;-0,60;2;35,2;-5,43;97598934;32,54;AL;NEGATIF;NOTR;POZITIF;ARTIYOR;SAT;SAT;NOTR;2;17.09.2026
BIGEN;izle;;51,6;21,9;13,7;16,0;0;0;guclu trend;25,7;43,1;75,2;asagi;guclu;zayif;yukari;0,00;-0,14;0;127,2;-9,98;2356889;157,93;SAT;NEGATIF;SAT;NEGATIF;ARTIYOR;SAT;SAT;PAHALI (SAT);0;17.09.2026
RYSAS;izle;;51,3;22,1;13,2;16,0;10;1;guclu trend;27,4;40,4;57,9;asagi;guclu;zayif;yukari;0,33;-0,60;2;23,8;-5,18;156884388;29,30;SAT;NEGATIF;SAT;NEGATIF;ARTIYOR;SAT;SAT;NOTR;0;17.09.2026
TNZTP;izle;;50,6;20,7;17,0;12,9;32;3;zayif;16,8;43,0;38,6;asagi;guclu;zayif;yukari;0,97;-0,24;2;28,14;-2,97;127151012;33,23;SAT;NEGATIF;NOTR;NEGATIF;AZALIYOR;SAT;SAT;NOTR;0;17.09.2026
CANTE;izle;;50,6;10,4;18,2;21,9;0;0;zayif;30,3;45,6;58,3;yukari;guclu;zayif;asagi;1,37;-0,79;2;1,25;-7,41;794638450;1,23;SAT;NEGATIF;SAT;NEGATIF;ARTIYOR;SAT;SAT;UCUZ (AL);0;17.09.2026
AVGYO;izle;;50,3;20,6;19,2;10,5;40;5;zayif;16,5;46,6;42,0;asagi;guclu;zayif;yukari;0,81;-0,13;2;15,63;-0,32;22851076;18,21;SAT;NEGATIF;NOTR;NEGATIF;ARTIYOR;SAT;SAT;NOTR;0;17.09.2026
PATEK;izle;;49,9;17,4;24,5;8,0;0;0;zayif;23,4;47,3;53,4;yukari;guclu;zayif;asagi;0,61;-0,37;1;20,52;-9,92;407995282;19,78;AL;NEGATIF;AL;POZITIF;ARTIYOR;SAT;SAT;NOTR;3;17.09.2026
MAVI;izle;;49,8;2,4;23,7;23,7;0;0;zayif;30,8;52,0;49,7;asagi;guclu;zayif;asagi;3,79;-0,37;2;37,72;9,97;804020849;38,42;AL;POZITIF;SAT;POZITIF;ARTIYOR;SAT;SAT;NOTR;3;17.09.2026
CCOLA;izle;;49,3;14,3;21,8;13,2;8;0;zayif;21,7;49,8;53,3;asagi;zayif;zayif;asagi;1,37;-0,38;2;80,4;5,10;662754164;84,19;AL;NEGATIF;SAT;POZITIF;ARTIYOR;SAT;SAT;NOTR;2;17.09.2026
DOHOL;izle;;49,3;23,0;13,8;12,5;10;0;zayif;14,4;43,2;34,5;yukari;guclu;zayif;asagi;1,09;-0,80;4;20,86;1,66;288869635;20,39;SAT;NEGATIF;NOTR;NEGATIF;ARTIYOR;SAT;SAT;NOTR;0;17.09.2026
AGESA;izle;;48,8;20,5;14,0;14,3;10;0;zayif;26,3;43,2;61,0;asagi;guclu;zayif;asagi;1,23;-0,67;4;241;2,25;67010773;262,88;SAT;NEGATIF;SAT;NEGATIF;ARTIYOR;SAT;AL;NOTR;1;17.09.2026
ISCTR;izle;;47,4;2,4;23,3;21,7;6;0;zayif;27,2;52,7;65,7;asagi;guclu;yukselis;asagi;1,30;0,36;3;13,37;9,41;14930276593;14,36;SAT;POZITIF;SAT;POZITIF;ARTIYOR;SAT;SAT;NOTR;2;17.09.2026
KZGYO;izle;;47,4;13,2;26,2;8,0;0;0;zayif;38,3;46,2;71,1;asagi;guclu;yukselis;asagi;0,07;-0,14;1;22,5;-10,00;8221118;28,69;AL;NEGATIF;AL;POZITIF;ARTIYOR;SAT;SAT;NOTR;3;17.09.2026
EGPRO;izle;;47,1;21,3;19,7;6,1;6;0;guclu trend;21,7;47,7;38,7;asagi;guclu;zayif;asagi;1,07;-0,27;3;36,46;4,71;62583663;40,99;SAT;NEGATIF;SAT;POZITIF;ARTIYOR;SAT;SAT;NOTR;1;17.09.2026
AGYO;izle;;46,7;2,3;25,8;18,6;10;1;zayif;18,0;51,4;49,8;asagi;guclu;zayif;asagi;1,12;-0,15;2;7,54;2,03;2770445;7,83;AL;POZITIF;NOTR;POZITIF;ARTIYOR;SAT;SAT;NOTR;3;17.09.2026
YGGYO;izle;;46,5;13,3;12,6;20,6;0;0;zayif;14,0;43,0;42,3;asagi;guclu;zayif;asagi;1,54;-1,12;2;216,3;1,03;42798632;237,12;SAT;NEGATIF;NOTR;NEGATIF;ARTIYOR;SAT;SAT;NOTR;0;17.09.2026
TSKB;izle;;46,3;0,6;21,8;23,9;16;1;zayif;16,7;51,0;50,1;asagi;guclu;zayif;asagi;1,77;-0,09;3;11,22;7,37;414603796;11,64;SAT;POZITIF;NOTR;POZITIF;ARTIYOR;SAT;SAT;NOTR;2;17.09.2026
BAGFS;izle;;45,5;7,4;19,6;18,5;10;1;zayif;34,9;45,6;49,4;asagi;guclu;zayif;asagi;1,07;-0,46;2;25,88;1,49;29646135;29,23;SAT;NEGATIF;SAT;POZITIF;ARTIYOR;SAT;SAT;NOTR;1;17.09.2026
KRDMA;izle;;45,3;22,4;14,4;8,4;20;1;guclu trend;33,7;40,6;50,1;asagi;guclu;zayif;yukari;0,72;-0,68;5;46,2;6,21;420813716;56,58;SAT;NEGATIF;SAT;NEGATIF;ARTIYOR;SAT;AL;NOTR;1;17.09.2026
MAALT;izle;;45,2;15,0;17,7;12,5;40;5;zayif;32,1;43,5;40,2;yukari;guclu;zayif;asagi;0,97;-1,24;2;987;-0,30;48891045;954,44;AL;NEGATIF;AL;NEGATIF;ARTIYOR;SAT;SAT;NOTR;2;17.09.2026
HRKET;izle;;45,2;10,6;16,6;18,0;10;0;zayif;18,7;48,8;35,9;asagi;zayif;zayif;asagi;1,94;-0,55;4;89,5;7,83;361434115;97,81;SAT;NEGATIF;NOTR;NEGATIF;ARTIYOR;AL;AL;NOTR;2;17.09.2026
ATATP;izle;;44,7;22,4;14,3;8,0;28;2;guclu trend;32,0;41,9;26,6;asagi;guclu;zayif;yukari;0,55;-0,26;3;265;-1,03;156833095;315,46;SAT;NEGATIF;SAT;NEGATIF;AZALIYOR;SAT;SAT;NOTR;0;17.09.2026
TURGG;izle;;44,6;20,0;15,1;9,5;32;3;zayif;34,0;43,8;66,4;yukari;guclu;zayif;asagi;0,41;-0,63;0;27,2;-3,55;15160491;25,81;SAT;NEGATIF;AL;NEGATIF;AZALIYOR;SAT;SAT;NOTR;1;17.09.2026
EKGYO;izle;;44,4;6,6;17,5;20,3;10;1;zayif;24,0;46,5;41,2;asagi;guclu;zayif;asagi;1,26;-0,59;2;19,24;5,71;4465409195;21,83;SAT;NEGATIF;SAT;NEGATIF;ARTIYOR;SAT;SAT;NOTR;0;17.09.2026
OZRDN;izle;;43,9;25,7;13,6;4,6;0;0;zayif;24,1;44,3;54,4;yukari;zayif;zayif;asagi;0,97;-0,59;1;28,36;-2,21;7962382;25,56;SAT;NEGATIF;AL;NEGATIF;ARTIYOR;SAT;SAT;NOTR;1;17.09.2026
ALCAR;izle;;43,7;11,3;19,3;13,1;0;0;zayif;20,6;47,4;64,9;yukari;zayif;zayif;asagi;1,01;-0,78;1;698,5;1,38;35348291;664,39;AL;NEGATIF;AL;POZITIF;ARTIYOR;SAT;SAT;NOTR;3;17.09.2026
SAHOL;izle;;43,6;7,4;21,3;14,9;46;4;zayif;21,0;47,2;50,2;asagi;guclu;zayif;asagi;1,39;-0,38;3;90,6;7,47;4727658849;96,46;SAT;NEGATIF;SAT;NEGATIF;ARTIYOR;SAT;SAT;NOTR;0;17.09.2026
ISBTR;izle;;43,4;24,0;11,4;8,0;32;3;zayif;13,5;42,1;42,0;yukari;guclu;zayif;yukari;0,67;-0,88;0;483997,5;-0,76;1451993;482449,90;SAT;NEGATIF;NOTR;NEGATIF;AZALIYOR;SAT;SAT;NOTR;0;17.09.2026
VESTL;izle;;43,4;20,0;21,0;2,4;0;0;zayif;36,5;48,5;71,3;yukari;guclu;zayif;asagi;0,84;-0,13;1;24,1;1,09;340256067;22,39;SAT;NEGATIF;AL;POZITIF;AZALIYOR;SAT;SAT;NOTR;2;17.09.2026
TTRAK;izle;;43,1;9,6;17,3;16,2;6;0;zayif;24,1;45,2;31,2;yukari;guclu;zayif;asagi;1,56;-0,74;3;419;2,32;61729175;409,40;SAT;NEGATIF;SAT;NEGATIF;ARTIYOR;SAT;SAT;UCUZ (AL);0;17.09.2026
AKFIS;izle;;43,0;21,5;3,8;17,8;6;0;guclu trend;23,1;34,8;21,0;asagi;zayif;zayif;yukari;1,29;-1,33;3;13,95;0,50;356323148;17,46;SAT;NEGATIF;SAT;NEGATIF;ARTIYOR;SAT;AL;PAHALI (SAT);1;17.09.2026
EGGUB;izle;;43,0;12,9;16,5;13,6;0;0;zayif;19,3;44,5;47,7;asagi;guclu;zayif;asagi;0,74;-0,54;1;102,4;2,09;51278131;115,04;SAT;NEGATIF;NOTR;NEGATIF;ARTIYOR;SAT;SAT;NOTR;0;17.09.2026
AEFES;izle;;42,6;8,3;20,6;13,7;0;0;zayif;23,0;48,4;65,5;asagi;zayif;zayif;asagi;0,89;-0,75;2;19,08;5,18;792908285;20,18;AL;NEGATIF;SAT;POZITIF;ARTIYOR;SAT;SAT;NOTR;2;17.09.2026
PETUN;izle;;41,9;15,0;14,8;12,0;32;3;zayif;41,9;43,8;70,1;yukari;guclu;zayif;asagi;0,53;-0,74;2;11,2;1,36;21213427;10,87;SAT;NEGATIF;AL;NEGATIF;ARTIYOR;SAT;SAT;NOTR;1;17.09.2026
LOGO;izle;;41,9;0,9;23,0;18,0;10;1;zayif;18,4;52,5;53,7;asagi;guclu;zayif;asagi;1,74;0,22;1;138,4;8,63;150543354;142,97;SAT;POZITIF;NOTR;POZITIF;ARTIYOR;SAT;SAT;NOTR;2;17.09.2026
KRTEK;izle;;41,8;10,1;22,4;9,3;0;0;zayif;17,3;52,3;60,2;yukari;guclu;zayif;asagi;0,61;-0,48;2;5,72;1,24;2624101;5,00;AL;POZITIF;NOTR;POZITIF;ARTIYOR;AL;SAT;UCUZ (AL);4;17.09.2026
ENKAI;izle;;41,6;5,0;17,0;19,7;6;0;zayif;22,3;46,8;49,7;asagi;guclu;zayif;asagi;1,08;-0,78;3;85,75;4,64;1393914270;92,02;SAT;NEGATIF;SAT;NEGATIF;ARTIYOR;SAT;SAT;NOTR;0;17.09.2026
KUVVA;izle;;41,6;22,0;9,6;10,0;42;3;guclu trend;26,4;37,4;36,6;asagi;zayif;zayif;asagi;1,78;-0,80;4;157,6;-3,67;43855825;196,10;SAT;NEGATIF;SAT;NEGATIF;ARTIYOR;SAT;SAT;NOTR;0;17.09.2026
UNLU;izle;;41,5;15,0;16,5;10,0;6;0;zayif;32,1;44,6;19,5;yukari;zayif;zayif;asagi;8,67;-1,31;3;10,54;-6,97;174837288;9,82;AL;NEGATIF;AL;POZITIF;ARTIYOR;AL;AL;UCUZ (AL);5;17.09.2026
DZGYO;izle;;41,4;13,3;18,2;10,0;0;0;zayif;25,5;44,5;61,0;yukari;zayif;zayif;asagi;1,87;-1,09;2;7,15;-1,65;41548993;6,97;AL;NEGATIF;AL;NEGATIF;ARTIYOR;SAT;SAT;NOTR;2;17.09.2026
MZHLD;izle;;41,0;5,1;21,2;14,8;0;0;zayif;25,0;45,5;44,7;asagi;guclu;zayif;asagi;1,53;-0,96;2;5,25;-2,42;5430395;6,13;AL;NEGATIF;AL;NEGATIF;ARTIYOR;SAT;SAT;UCUZ (AL);2;17.09.2026
BLUME;izle;;41,0;6,1;23,0;11,9;16;1;zayif;20,1;50,2;32,9;asagi;guclu;yukselis;asagi;0,79;0,20;3;38,3;6,39;97054728;43,39;SAT;POZITIF;SAT;NEGATIF;ARTIYOR;SAT;AL;UCUZ (AL);2;17.09.2026
TCELL;izle;;40,9;1,4;20,3;19,2;0;0;zayif;22,2;45,7;51,5;asagi;zayif;zayif;asagi;1,13;-1,07;2;99,15;3,55;4157746284;105,37;AL;NEGATIF;SAT;POZITIF;ARTIYOR;SAT;SAT;NOTR;2;17.09.2026
SELEC;izle;;40,8;22,4;2,4;16,0;0;0;guclu trend;41,9;33,0;82,1;asagi;zayif;zayif;yukari;0,00;-1,79;0;236,5;-9,99;1837132;305,03;SAT;NEGATIF;SAT;NEGATIF;ARTIYOR;SAT;AL;NOTR;1;17.09.2026
PGSUS;izle;;40,6;0,8;20,8;19,0;0;0;zayif;17,7;46,9;64,5;asagi;guclu;zayif;asagi;1,56;-1,18;2;150,2;3,44;2776911268;158,55;AL;NEGATIF;NOTR;POZITIF;ARTIYOR;SAT;SAT;UCUZ (AL);2;17.09.2026
TAVHL;izle;;40,5;0,9;22,5;17,1;46;5;zayif;13,3;52,0;37,0;asagi;guclu;zayif;asagi;1,48;0,07;3;273,75;8,42;1550157281;279,10;SAT;POZITIF;NOTR;POZITIF;ARTIYOR;SAT;AL;NOTR;3;17.09.2026
TTKOM;izle;;40,5;1,1;21,5;18,0;0;0;zayif;19,9;47,1;53,0;asagi;guclu;zayif;asagi;1,19;-0,93;1;52,8;5,94;2767800605;59,69;AL;NEGATIF;NOTR;POZITIF;ARTIYOR;SAT;SAT;NOTR;2;17.09.2026
AKCNS;izle;;40,3;12,3;7,4;20,6;28;2;zayif;22,4;36,3;44,6;asagi;zayif;zayif;asagi;4,07;-1,93;3;215,5;5,64;437667355;230,13;SAT;NEGATIF;SAT;NEGATIF;ARTIYOR;SAT;AL;NOTR;1;17.09.2026
TRGYO;izle;;40,1;10,7;14,6;14,8;6;0;zayif;19,0;42,6;47,9;asagi;guclu;zayif;asagi;1,90;-0,96;3;92;2,34;218668452;96,70;SAT;NEGATIF;NOTR;NEGATIF;ARTIYOR;SAT;AL;NOTR;1;17.09.2026
GUBRF;izle;;39,9;12,3;8,7;18,9;28;2;zayif;29,2;39,4;36,8;asagi;zayif;zayif;asagi;2,78;-1,46;3;429,25;3,43;4704161052;485,59;SAT;NEGATIF;SAT;NEGATIF;ARTIYOR;SAT;SAT;NOTR;0;17.09.2026
BMSCH;izle;;39,5;9,8;12,0;17,7;0;0;zayif;24,9;38,4;64,1;yukari;zayif;zayif;asagi;1,28;-2,85;0;10,25;-8,32;41794334;10,06;AL;NEGATIF;SAT;POZITIF;ARTIYOR;AL;SAT;UCUZ (AL);3;17.09.2026
CVKMD;izle;;39,4;12,6;8,5;18,3;6;0;zayif;19,0;37,8;35,3;asagi;zayif;zayif;asagi;1,45;-1,67;3;14,15;4,27;652477244;15,92;SAT;NEGATIF;NOTR;NEGATIF;ARTIYOR;SAT;AL;NOTR;1;17.09.2026
SASA;izle;;39,0;6,4;22,6;10,0;0;0;zayif;22,0;45,5;49,1;asagi;guclu;zayif;asagi;1,75;-0,57;2;2,42;-3,97;19787288404;2,94;AL;NEGATIF;SAT;POZITIF;ARTIYOR;SAT;SAT;NOTR;2;17.09.2026
TABGD;izle;;38,5;3,9;13,1;21,5;0;0;zayif;18,4;43,0;40,6;asagi;zayif;zayif;asagi;1,54;-1,27;2;231,5;2,03;248213837;247,65;SAT;NEGATIF;NOTR;NEGATIF;ARTIYOR;SAT;AL;NOTR;1;17.09.2026
YKBNK;izle;;38,3;5,9;21,9;10,5;22;2;zayif;18,0;48,6;47,1;asagi;guclu;zayif;asagi;1,47;-0,27;2;35,32;9,96;13470862358;37,23;SAT;NEGATIF;NOTR;NEGATIF;ARTIYOR;SAT;AL;NOTR;1;17.09.2026
ULKER;izle;;37,5;1,7;15,0;20,8;38;3;zayif;24,3;45,8;50,7;asagi;guclu;zayif;asagi;1,32;-1,47;3;89,6;5,10;763415654;95,05;SAT;NEGATIF;SAT;POZITIF;ARTIYOR;SAT;SAT;UCUZ (AL);1;17.09.2026
KARSN;izle;;37,2;17,0;12,0;8,2;0;0;zayif;38,3;42,1;75,7;asagi;guclu;zayif;asagi;0,71;-1,02;0;10,53;-10,00;386952702;14,33;SAT;NEGATIF;AL;NEGATIF;ARTIYOR;SAT;SAT;NOTR;1;17.09.2026
PNSUT;izle;;37,1;15,0;12,7;9,3;22;2;zayif;34,9;42,8;66,2;yukari;guclu;zayif;asagi;0,52;-1,03;1;10,73;0,28;30079098;10,59;SAT;NEGATIF;AL;NEGATIF;AZALIYOR;SAT;SAT;NOTR;1;17.09.2026
LKMNH;izle;;36,7;2,4;15,2;19,1;6;0;zayif;36,9;46,1;69,6;asagi;zayif;zayif;asagi;1,31;-1,20;3;13,1;6,16;44195876;13,89;SAT;NEGATIF;SAT;NEGATIF;ARTIYOR;SAT;SAT;UCUZ (AL);0;17.09.2026
ANSGR;izle;;36,7;5,3;12,7;18,6;6;0;zayif;18,7;41,8;51,9;asagi;zayif;zayif;asagi;1,31;-1,28;3;26,32;1,70;149852578;28,02;SAT;NEGATIF;NOTR;POZITIF;ARTIYOR;SAT;SAT;NOTR;1;17.09.2026
TEHOL;izle;;36,6;22,4;6,2;8,0;10;1;guclu trend;33,6;37,0;78,6;asagi;zayif;zayif;asagi;0,00;-1,70;1;38,74;-9,99;7917526;47,11;SAT;NEGATIF;SAT;NEGATIF;ARTIYOR;SAT;SAT;NOTR;0;17.09.2026
SONME;izle;;36,5;20,0;13,3;3,1;6;0;zayif;32,1;40,3;38,6;yukari;guclu;zayif;asagi;0,88;-0,64;3;129,8;-0,38;4064817;126,44;SAT;NEGATIF;AL;NEGATIF;ARTIYOR;SAT;SAT;NOTR;1;17.09.2026
TURSG;izle;;36,4;4,2;11,2;21,0;0;0;zayif;15,2;41,0;55,7;asagi;zayif;zayif;asagi;4,27;-1,19;2;6;0,33;2104613034;6,53;SAT;NEGATIF;NOTR;NEGATIF;ARTIYOR;SAT;SAT;NOTR;0;17.09.2026
TERA;izle;;36,4;12,0;16,4;8,0;0;0;zayif;32,3;43,3;96,9;asagi;guclu;zayif;asagi;0,01;-0,95;0;181,5;-9,97;29096084;210,18;SAT;NEGATIF;AL;NEGATIF;ARTIYOR;SAT;SAT;NOTR;1;17.09.2026
ARTMS;izle;;35,9;9,0;12,7;14,2;0;0;zayif;19,6;43,0;45,3;yukari;zayif;zayif;asagi;1,01;-0,81;2;38,5;-1,18;38240857;37,04;SAT;NEGATIF;NOTR;NEGATIF;ARTIYOR;SAT;SAT;NOTR;0;17.09.2026
KRDMB;izle;;35,8;15,4;6,4;14,0;6;0;zayif;38,0;32,9;22,7;asagi;zayif;zayif;asagi;2,54;-2,86;3;94,05;10,00;437987652;110,96;SAT;NEGATIF;SAT;NEGATIF;ARTIYOR;SAT;AL;PAHALI (SAT);1;17.09.2026
EREGL;izle;;35,8;10,8;6,9;18,1;10;1;zayif;17,5;40,3;32,0;asagi;zayif;zayif;asagi;1,93;-1,75;2;36,14;3,91;11276377827;40,26;SAT;NEGATIF;NOTR;NEGATIF;ARTIYOR;SAT;SAT;NOTR;0;17.09.2026
CATES;izle;;35,6;22,4;5,2;8,0;6;0;zayif;33,3;35,3;45,5;asagi;zayif;zayif;asagi;0,32;-1,19;3;51,05;-9,96;50440208;68,56;SAT;NEGATIF;SAT;NEGATIF;ARTIYOR;SAT;SAT;NOTR;0;17.09.2026
CEMZY;izle;;35,3;21,5;5,8;8,0;0;0;zayif;22,7;38,0;30,5;asagi;zayif;zayif;asagi;0,38;-1,38;2;12,79;-9,99;228826862;16,74;SAT;NEGATIF;SAT;NEGATIF;ARTIYOR;SAT;SAT;NOTR;0;17.09.2026
KERVN;izle;;35,2;21,9;3,3;10,0;22;2;zayif;25,9;35,1;34,5;asagi;zayif;zayif;asagi;4,22;-2,53;1;7,18;-7,24;40383608;9,18;SAT;NEGATIF;SAT;NEGATIF;ARTIYOR;SAT;SAT;NOTR;0;17.09.2026
KLSYN;izle;;34,9;22,4;4,6;7,9;0;0;zayif;29,7;34,0;63,2;asagi;zayif;zayif;asagi;1,17;-1,41;1;13,6;-3,75;57394094;16,83;SAT;NEGATIF;SAT;NEGATIF;ARTIYOR;SAT;SAT;NOTR;0;17.09.2026
DOCO;izle;;34,8;16,2;5,8;12,9;32;2;zayif;17,3;33,2;11,2;asagi;zayif;zayif;asagi;2,59;-1,88;4;10600;-1,30;109148200;11585,83;SAT;NEGATIF;NOTR;NEGATIF;ARTIYOR;SAT;SAT;NOTR;0;17.09.2026
IHLAS;izle;;34,4;7,0;17,4;10,0;0;0;zayif;35,0;44,4;32,2;asagi;guclu;zayif;asagi;1,54;-1,55;2;1,03;-0,96;209290214;1,21;AL;NEGATIF;AL;NEGATIF;AZALIYOR;SAT;SAT;UCUZ (AL);2;17.09.2026
POLHO;izle;;34,4;17,5;4,6;12,4;32;2;zayif;26,1;32,7;31,5;asagi;zayif;zayif;asagi;1,24;-1,85;4;20,38;-2,67;46000717;23,43;SAT;NEGATIF;SAT;NEGATIF;ARTIYOR;SAT;SAT;NOTR;0;17.09.2026
PCILT;izle;;34,3;12,6;16,4;5,3;6;0;zayif;13,8;45,0;27,3;asagi;zayif;zayif;asagi;0,99;-0,78;3;30,74;4,77;72515721;34,31;SAT;NEGATIF;NOTR;NEGATIF;ARTIYOR;SAT;AL;NOTR;1;17.09.2026
OTKAR;izle;;33,8;8,4;13,9;11,6;10;0;zayif;14,7;43,8;27,1;yukari;guclu;zayif;asagi;0,92;-1,45;4;306,5;1,91;106621849;298,05;SAT;NEGATIF;NOTR;NEGATIF;ARTIYOR;SAT;SAT;UCUZ (AL);0;17.09.2026
BUCIM;izle;;33,5;7,4;13,2;12,9;6;0;zayif;33,1;41,6;57,4;asagi;guclu;zayif;asagi;0,64;-1,07;3;5,36;0,00;19800338;5,90;SAT;NEGATIF;SAT;NEGATIF;ARTIYOR;SAT;SAT;UCUZ (AL);0;17.09.2026
MGROS;izle;;33,4;2,4;13,0;18,0;6;0;zayif;38,1;41,6;56,2;asagi;zayif;zayif;asagi;1,40;-2,73;3;524,5;5,32;2506770124;553,46;AL;NEGATIF;SAT;POZITIF;ARTIYOR;SAT;SAT;NOTR;2;17.09.2026
BOBET;izle;;33,4;12,4;5,1;15,9;32;3;zayif;39,3;37,9;68,2;asagi;zayif;zayif;asagi;1,17;-1,54;2;18,15;-9,97;180414321;23,60;SAT;NEGATIF;SAT;NEGATIF;ARTIYOR;SAT;SAT;NOTR;0;17.09.2026
MACKO;izle;;33,3;8,5;11,0;13,8;10;0;zayif;15,3;39,8;44,7;yukari;guclu;zayif;asagi;1,42;-1,17;4;32,78;0,37;36617882;31,82;SAT;NEGATIF;NOTR;NEGATIF;ARTIYOR;SAT;SAT;NOTR;0;17.09.2026
FMIZP;izle;;32,7;0,7;18,3;13,7;32;3;zayif;17,4;45,5;42,5;asagi;guclu;zayif;asagi;1,30;-0,79;2;284,5;2,99;22043629;310,00;SAT;NEGATIF;NOTR;POZITIF;ARTIYOR;SAT;SAT;NOTR;1;17.09.2026
TBORG;izle;;32,5;1,9;13,4;17,2;6;0;zayif;25,8;41,8;40,7;asagi;guclu;zayif;asagi;1,25;-1,22;3;132,7;5,23;48939893;143,54;SAT;NEGATIF;SAT;NEGATIF;ARTIYOR;SAT;AL;NOTR;1;17.09.2026
DNISI;izle;;32,2;8,7;12,8;10,7;10;1;zayif;17,4;42,8;54,8;yukari;guclu;zayif;asagi;0,84;-1,02;2;4,46;-0,67;18358025;4,36;SAT;NEGATIF;NOTR;POZITIF;AZALIYOR;SAT;SAT;NOTR;1;17.09.2026
GLYHO;izle;;32,2;12,8;7,6;11,7;50;4;zayif;21,3;39,4;47,8;asagi;zayif;zayif;asagi;2,12;-1,66;4;15,75;3,82;108188136;17,17;SAT;NEGATIF;SAT;NEGATIF;ARTIYOR;SAT;SAT;NOTR;0;17.09.2026
ANELE;izle;;32,1;22,4;1,7;8,0;0;0;zayif;33,5;30,5;56,6;asagi;zayif;zayif;asagi;0,00;-2,21;0;116,7;-9,95;456764;161,04;SAT;NEGATIF;SAT;NEGATIF;AZALIYOR;SAT;AL;PAHALI (SAT);1;17.09.2026
MRSHL;izle;;31,9;14,9;16,9;0,0;0;0;zayif;22,1;44,5;48,3;yukari;zayif;zayif;asagi;0,58;-0,89;1;1587;1,08;36324843;1462,12;AL;NEGATIF;AL;POZITIF;AZALIYOR;SAT;SAT;NOTR;3;17.09.2026
FROTO;izle;;31,8;1,8;15,6;14,3;32;3;zayif;25,3;45,3;53,3;asagi;guclu;zayif;asagi;1,81;-1,22;2;77,45;3,75;3242155981;83,94;SAT;NEGATIF;SAT;POZITIF;ARTIYOR;SAT;SAT;UCUZ (AL);1;17.09.2026
MANAS;izle;;31,7;21,7;2,0;8,0;0;0;zayif;24,7;30,1;69,5;asagi;zayif;zayif;asagi;0,01;-2,20;1;27,1;-9,97;7099658;34,75;SAT;NEGATIF;SAT;NEGATIF;ARTIYOR;SAT;SAT;NOTR;0;17.09.2026
SKBNK;izle;;31,6;1,7;12,0;18,0;10;1;zayif;24,4;38,2;46,5;asagi;zayif;zayif;asagi;1,51;-5,93;2;6,26;2,62;1326784514;7,08;AL;NEGATIF;SAT;NEGATIF;AZALIYOR;SAT;SAT;NOTR;1;17.09.2026
KLYPV;izle;;31,2;6,9;12,5;11,9;6;0;zayif;25,7;42,6;28,6;asagi;guclu;zayif;asagi;0,87;-0,83;3;58,7;2,09;165912322;65,87;SAT;NEGATIF;SAT;NEGATIF;ARTIYOR;SAT;AL;NOTR;1;17.09.2026
TUCLK;izle;;31,1;7,0;8,0;16,2;6;0;zayif;30,6;37,2;46,1;asagi;zayif;zayif;asagi;1,98;-1,47;3;3,64;-5,21;85054005;4,16;SAT;NEGATIF;AL;NEGATIF;ARTIYOR;SAT;SAT;UCUZ (AL);1;17.09.2026
DENGE;izle;;30,4;13,5;11,5;5,4;22;2;zayif;26,3;42,2;55,4;yukari;zayif;zayif;asagi;0,93;-1,09;2;2,26;-3,00;54920251;2,22;SAT;NEGATIF;AL;POZITIF;ARTIYOR;SAT;SAT;UCUZ (AL);2;17.09.2026
NTGAZ;izle;;29,8;4,6;10,6;14,6;38;3;zayif;23,5;41,7;55,6;asagi;zayif;zayif;asagi;1,54;-1,35;3;10,72;3,08;62664746;11,80;SAT;NEGATIF;SAT;NEGATIF;ARTIYOR;SAT;SAT;NOTR;0;17.09.2026
SISE;izle;;29,4;1,9;15,8;11,7;16;1;zayif;25,7;45,9;57,8;asagi;guclu;zayif;asagi;1,39;-0,90;3;40,18;5,13;5057568180;45,53;SAT;NEGATIF;SAT;POZITIF;ARTIYOR;SAT;SAT;NOTR;1;17.09.2026
ISBIR;izle;;29,4;0,6;9,7;19,2;0;0;zayif;16,4;40,9;36,6;asagi;guclu;zayif;asagi;1,16;-1,68;2;68,3;0,44;1865615;74,46;SAT;NEGATIF;NOTR;NEGATIF;AZALIYOR;SAT;SAT;UCUZ (AL);0;17.09.2026
ARDYZ;izle;;29,4;19,3;0,1;10,0;10;0;zayif;34,8;25,3;29,5;asagi;zayif;zayif;asagi;2,82;-3,34;4;60,3;-10,00;812475266;79,30;SAT;NEGATIF;SAT;NEGATIF;ARTIYOR;SAT;SAT;NOTR;0;17.09.2026
ASTOR;izle;;28,4;12,1;6,3;10,0;46;4;zayif;25,0;32,6;16,9;asagi;zayif;zayif;asagi;1,60;-2,79;3;255,5;4,07;14857820926;300,62;SAT;NEGATIF;SAT;NEGATIF;ARTIYOR;SAT;AL;NOTR;1;17.09.2026
TARKM;izle;;28,3;17,1;8,5;2,7;0;0;zayif;25,4;38,3;46,5;asagi;zayif;zayif;asagi;0,86;-1,31;2;465;-5,58;84187320;560,01;SAT;NEGATIF;SAT;NEGATIF;ARTIYOR;SAT;SAT;NOTR;0;17.09.2026
BORSK;izle;;28,3;7,4;10,8;10,1;0;0;zayif;30,7;39,3;55,7;asagi;guclu;zayif;asagi;0,73;-1,02;1;5,91;0,00;48907649;6,89;SAT;NEGATIF;SAT;NEGATIF;ARTIYOR;SAT;SAT;NOTR;0;17.09.2026
ISGYO;izle;;28,1;10,0;9,3;8,8;0;0;zayif;22,2;40,6;37,7;asagi;zayif;zayif;asagi;1,23;-1,25;2;23,4;7,24;52931900;25,73;SAT;NEGATIF;SAT;NEGATIF;ARTIYOR;SAT;AL;NOTR;1;17.09.2026
VBTYZ;izle;;27,9;22,3;4,2;1,4;50;5;guclu trend;29,0;35,8;13,6;asagi;zayif;zayif;asagi;0,78;-1,37;4;30,78;0,52;59060510;36,77;SAT;NEGATIF;SAT;NEGATIF;AZALIYOR;SAT;AL;NOTR;1;17.09.2026
ATLAS;izle;;27,2;1,8;11,4;14,0;0;0;zayif;25,3;36,4;53,9;asagi;zayif;zayif;asagi;1,75;-2,44;0;5,67;-10,00;9579936;7,55;AL;NEGATIF;SAT;NEGATIF;ARTIYOR;SAT;SAT;NOTR;1;17.09.2026
AYDEM;izle;;27,2;4,9;9,4;12,8;40;4;zayif;20,6;40,2;42,0;asagi;zayif;zayif;asagi;0,87;-1,27;2;24,46;2,00;58200466;27,53;SAT;NEGATIF;SAT;NEGATIF;ARTIYOR;SAT;SAT;NOTR;0;17.09.2026
JANTS;izle;;26,8;7,0;19,3;0,4;40;4;zayif;41,7;47,5;32,4;asagi;guclu;zayif;asagi;0,42;-0,41;2;15,48;1,57;38477382;17,63;SAT;NEGATIF;AL;POZITIF;AZALIYOR;SAT;SAT;NOTR;2;17.09.2026
GRNYO;izle;;26,8;2,4;6,3;18,0;0;0;zayif;31,3;36,8;49,1;asagi;zayif;zayif;asagi;2,24;-3,35;0;11,01;2,90;12072564;13,46;SAT;NEGATIF;SAT;NEGATIF;ARTIYOR;SAT;SAT;NOTR;0;17.09.2026
OZKGY;izle;;26,5;1,6;12,6;12,2;10;0;zayif;23,6;40,9;27,6;asagi;guclu;zayif;asagi;0,92;-1,43;4;12,58;3,03;48507474;13,54;SAT;NEGATIF;SAT;NEGATIF;ARTIYOR;SAT;AL;NOTR;1;17.09.2026
IHYAY;izle;;26,4;5,7;13,2;7,5;0;0;zayif;26,8;40,2;51,4;asagi;zayif;zayif;asagi;0,91;-2,40;2;1,17;-0,85;3604108;1,34;AL;NEGATIF;AL;NEGATIF;ARTIYOR;SAT;SAT;UCUZ (AL);2;17.09.2026
CMBTN;izle;;26,4;6,3;19,5;0,6;0;0;zayif;28,2;44,6;54,6;asagi;guclu;zayif;asagi;0,73;-0,82;2;1520;-0,26;26859920;1649,89;AL;NEGATIF;AL;POZITIF;AZALIYOR;SAT;SAT;UCUZ (AL);3;17.09.2026
CLEBI;izle;;26,3;0,6;12,4;13,3;10;0;zayif;16,5;42,3;36,8;asagi;zayif;zayif;asagi;1,65;-2,03;5;1417;3,89;52596206;1485,54;SAT;NEGATIF;NOTR;NEGATIF;ARTIYOR;SAT;SAT;NOTR;0;17.09.2026
AFYON;izle;;26,3;0,7;7,4;18,2;20;1;zayif;17,4;36,0;41,5;asagi;zayif;zayif;asagi;1,04;-2,16;4;11,9;1,54;21808618;12,84;SAT;NEGATIF;NOTR;NEGATIF;AZALIYOR;SAT;SAT;NOTR;0;17.09.2026
BEYAZ;izle;;26,3;9,3;7,0;10,0;0;0;zayif;15,3;38,4;44,3;yukari;zayif;zayif;asagi;1,43;-2,47;0;20,98;-3,85;32870058;20,56;SAT;NEGATIF;NOTR;NEGATIF;AZALIYOR;SAT;SAT;NOTR;0;17.09.2026
BFREN;izle;;26,2;1,4;6,2;18,6;0;0;zayif;21,9;33,2;38,5;asagi;zayif;zayif;asagi;1,15;-2,25;1;120,4;0,75;28033816;130,80;SAT;NEGATIF;SAT;NEGATIF;ARTIYOR;SAT;SAT;UCUZ (AL);0;17.09.2026
EDIP;izle;;26,2;17,2;9,0;0,0;46;5;zayif;28,0;41,3;71,6;yukari;zayif;zayif;asagi;0,27;-1,34;3;34;1,25;21058988;32,84;SAT;NEGATIF;AL;NEGATIF;AZALIYOR;SAT;AL;NOTR;2;17.09.2026
BALAT;izle;;26,1;0,9;6,6;18,6;22;2;zayif;18,3;40,8;34,7;asagi;zayif;zayif;asagi;1,55;-2,13;2;66,45;0,68;3768380;73,04;SAT;NEGATIF;NOTR;NEGATIF;AZALIYOR;SAT;SAT;UCUZ (AL);0;17.09.2026
RGYAS;izle;;25,5;14,1;6,9;4,5;46;4;zayif;23,1;36,3;35,6;asagi;zayif;zayif;asagi;0,65;-1,57;3;191,3;0,68;337220388;207,92;SAT;NEGATIF;SAT;NEGATIF;AZALIYOR;SAT;SAT;NOTR;0;17.09.2026
EGSER;izle;;25,4;0,8;8,1;16,6;22;2;zayif;17,6;36,3;52,5;asagi;zayif;zayif;asagi;1,19;-1,85;2;2,79;0,36;6670544;3,09;SAT;NEGATIF;NOTR;NEGATIF;ARTIYOR;SAT;SAT;NOTR;0;17.09.2026
AKSEN;izle;;25,4;4,8;2,6;18,0;0;0;zayif;25,3;27,9;34,2;asagi;zayif;zayif;asagi;1,66;-3,53;2;68,5;2,16;839526479;78,26;SAT;NEGATIF;SAT;NEGATIF;ARTIYOR;SAT;SAT;NOTR;0;17.09.2026
BRYAT;izle;;25,4;0,3;8,2;16,9;0;0;zayif;14,1;39,0;41,0;asagi;zayif;zayif;asagi;1,16;-2,41;1;1616;1,00;133105072;1761,66;SAT;NEGATIF;NOTR;NEGATIF;ARTIYOR;SAT;SAT;UCUZ (AL);0;17.09.2026
HLGYO;izle;;25,4;2,2;6,2;17,0;42;3;zayif;27,9;37,8;64,9;asagi;zayif;zayif;asagi;1,24;-2,83;4;4,14;3,50;177122841;4,62;SAT;NEGATIF;SAT;NEGATIF;ARTIYOR;SAT;SAT;NOTR;0;17.09.2026
BRISA;izle;;25,3;0,7;12,5;12,1;0;0;zayif;17,4;44,4;47,7;asagi;zayif;zayif;asagi;2,02;-1,68;2;75;5,63;25566900;80,43;SAT;NEGATIF;NOTR;POZITIF;ARTIYOR;SAT;SAT;NOTR;1;17.09.2026
VESBE;izle;;25,2;15,0;10,2;0,0;0;0;zayif;33,6;42,4;80,6;yukari;zayif;zayif;asagi;0,45;-1,35;2;5,38;0,75;66326550;5,12;SAT;NEGATIF;AL;NEGATIF;AZALIYOR;SAT;SAT;UCUZ (AL);1;17.09.2026
MERIT;izle;;25,1;0,0;7,6;17,6;6;0;zayif;11,6;37,5;47,5;asagi;zayif;zayif;asagi;1,19;-2,12;3;15,06;1,62;32673604;16,33;SAT;NEGATIF;NOTR;NEGATIF;ARTIYOR;SAT;SAT;NOTR;0;17.09.2026
NUHCM;izle;;25,1;8,9;11,3;4,9;10;1;zayif;18,5;40,3;39,0;yukari;guclu;zayif;asagi;0,77;-1,27;1;209,9;-0,24;10570774;204,30;SAT;NEGATIF;NOTR;POZITIF;ARTIYOR;SAT;SAT;NOTR;1;17.09.2026
OYAKC;izle;;24,9;1,4;9,4;14,1;6;0;zayif;22,3;41,3;41,9;asagi;zayif;zayif;asagi;1,48;-1,40;3;20,42;5,26;576366384;22,37;SAT;NEGATIF;SAT;NEGATIF;ARTIYOR;SAT;SAT;NOTR;0;17.09.2026
FORTE;izle;;24,7;15,5;5,0;4,2;0;0;zayif;20,4;36,5;31,4;asagi;zayif;zayif;asagi;0,95;-1,62;2;100,3;-2,43;174607757;129,82;SAT;NEGATIF;SAT;NEGATIF;ARTIYOR;SAT;SAT;NOTR;0;17.09.2026
ENTRA;izle;;24,6;0,9;5,7;18,0;0;0;zayif;18,4;36,7;40,9;asagi;zayif;zayif;asagi;1,61;-2,40;0;4,03;4,13;126044734;4,51;SAT;NEGATIF;NOTR;NEGATIF;ARTIYOR;SAT;SAT;NOTR;0;17.09.2026
GENIL;izle;;24,6;12,4;2,1;10,0;46;5;zayif;35,9;31,6;33,9;asagi;zayif;zayif;asagi;1,43;-2,50;3;9;-9,91;546098328;11,41;SAT;NEGATIF;SAT;NEGATIF;ARTIYOR;SAT;SAT;NOTR;0;17.09.2026
KORDS;izle;;24,5;4,5;2,0;18,0;10;0;zayif;23,4;30,5;12,8;asagi;zayif;zayif;asagi;3,68;-2,51;4;3,38;0,30;487541056;4,16;SAT;NEGATIF;SAT;NEGATIF;ARTIYOR;SAT;SAT;NOTR;0;17.09.2026
PRZMA;izle;;24,4;21,2;3,1;0,0;22;2;zayif;21,1;34,1;31,6;asagi;zayif;zayif;asagi;0,01;-2,09;2;56,65;-9,94;1829568;77,61;SAT;NEGATIF;SAT;NEGATIF;AZALIYOR;SAT;SAT;NOTR;0;17.09.2026
KSTUR;izle;;24,2;10,2;13,3;0,8;0;0;zayif;28,1;42,6;27,3;yukari;zayif;zayif;asagi;0,75;-2,49;1;2225;-0,67;1397300;2128,87;AL;NEGATIF;SAT;NEGATIF;ARTIYOR;AL;SAT;NOTR;2;17.09.2026
HKTM;izle;;24,2;12,0;12,2;0,0;16;1;zayif;41,5;40,2;12,2;asagi;guclu;zayif;asagi;0,23;-0,91;3;11,79;-1,26;39546218;14,21;SAT;NEGATIF;AL;NEGATIF;AZALIYOR;SAT;SAT;NOTR;1;17.09.2026
TMSN;izle;;23,9;0,0;5,9;18,0;0;0;zayif;11,1;35,1;35,8;asagi;zayif;zayif;asagi;1,86;-2,47;2;69,6;0,22;104148326;77,43;SAT;NEGATIF;NOTR;NEGATIF;ARTIYOR;SAT;SAT;UCUZ (AL);0;17.09.2026
ADGYO;izle;;23,8;11,3;3,0;9,6;10;0;zayif;21,3;31,8;40,3;asagi;zayif;zayif;asagi;1,28;-2,16;4;49,52;-8,21;64817273;61,77;SAT;NEGATIF;SAT;NEGATIF;ARTIYOR;SAT;SAT;NOTR;0;17.09.2026
LMKDC;izle;;23,7;1,7;12,0;10,0;20;1;zayif;24,5;44,6;39,2;asagi;zayif;zayif;asagi;2,65;-2,02;4;22,24;9,99;242251980;23,16;SAT;NEGATIF;SAT;POZITIF;ARTIYOR;SAT;AL;NOTR;2;17.09.2026
AKMGY;izle;;23,5;3,2;11,1;9,2;0;0;zayif;12,4;39,0;38,9;asagi;zayif;zayif;asagi;1,09;-1,34;2;238,8;1,62;9023536;265,48;SAT;NEGATIF;NOTR;NEGATIF;ARTIYOR;SAT;AL;NOTR;1;17.09.2026
BASGZ;izle;;23,0;1,9;8,6;12,6;22;2;zayif;25,7;39,4;44,5;asagi;zayif;zayif;asagi;1,54;-2,05;2;42,3;3,68;24311248;45,41;SAT;NEGATIF;SAT;NEGATIF;ARTIYOR;SAT;SAT;NOTR;0;17.09.2026
CMENT;izle;;23,0;2,4;6,6;14,0;0;0;zayif;54,6;33,6;20,3;asagi;zayif;zayif;asagi;1,50;-3,85;2;241,1;0,00;1544728;253,71;SAT;NEGATIF;SAT;NEGATIF;ARTIYOR;SAT;SAT;UCUZ (AL);0;17.09.2026
KARTN;izle;;23,0;9,2;3,8;10,0;6;0;zayif;17,1;30,9;47,2;asagi;zayif;zayif;asagi;1,63;-2,59;3;133,9;-5,30;204607904;175,48;SAT;NEGATIF;NOTR;NEGATIF;ARTIYOR;SAT;SAT;NOTR;0;17.09.2026
IHGZT;izle;;23,0;6,9;7,5;8,6;0;0;zayif;29,6;38,1;71,2;asagi;zayif;zayif;asagi;0,45;-2,10;0;1,12;-1,75;14505841;1,29;SAT;NEGATIF;AL;NEGATIF;AZALIYOR;SAT;SAT;UCUZ (AL);1;17.09.2026
THYAO;izle;;22,9;1,0;11,1;10,7;6;0;zayif;19,6;42,9;37,8;asagi;zayif;zayif;asagi;1,41;-1,59;3;289,25;5,95;21035470511;301,24;SAT;NEGATIF;NOTR;NEGATIF;ARTIYOR;SAT;SAT;NOTR;0;17.09.2026
ALTNY;izle;;22,5;10,7;3,6;8,3;0;0;zayif;17,1;34,2;32,7;asagi;zayif;zayif;asagi;1,20;-2,13;2;14,68;-1,87;511267744;17,57;SAT;NEGATIF;NOTR;NEGATIF;ARTIYOR;SAT;SAT;NOTR;0;17.09.2026
ISFIN;izle;;22,4;4,1;9,4;9,0;20;1;zayif;19,8;36,3;34,0;asagi;zayif;zayif;asagi;1,01;-2,13;5;18,48;3,41;34527071;19,51;SAT;NEGATIF;NOTR;NEGATIF;ARTIYOR;SAT;AL;NOTR;1;17.09.2026
AHSGY;izle;;22,4;1,4;6,3;14,7;0;0;zayif;22,1;36,2;50,7;asagi;zayif;zayif;asagi;1,10;-3,28;2;13,71;-9,98;57553607;17,69;SAT;NEGATIF;SAT;NEGATIF;ARTIYOR;SAT;SAT;NOTR;0;17.09.2026
MTRKS;izle;;22,2;11,3;0,9;10,0;6;0;zayif;21,6;27,9;30,8;asagi;zayif;zayif;asagi;1,65;-2,63;3;24,42;0,49;64556541;30,84;SAT;NEGATIF;SAT;NEGATIF;ARTIYOR;SAT;SAT;NOTR;0;17.09.2026
ODAS;izle;;21,8;7,6;8,2;6,0;40;4;zayif;16,6;42,0;45,4;asagi;zayif;zayif;asagi;1,06;-1,37;2;7,06;2,62;475041144;7,86;SAT;NEGATIF;NOTR;NEGATIF;ARTIYOR;SAT;SAT;NOTR;0;17.09.2026
GLCVY;izle;;21,8;0,7;6,0;15,1;10;1;zayif;17,2;36,9;36,0;asagi;zayif;zayif;asagi;1,13;-2,11;1;48,1;0,21;36715452;55,12;SAT;NEGATIF;NOTR;NEGATIF;ARTIYOR;SAT;SAT;UCUZ (AL);0;17.09.2026
SUMAS;izle;;21,7;2,2;9,5;10,0;0;0;zayif;28,0;30,0;32,4;asagi;zayif;zayif;asagi;1,41;-6,03;1;245;-3,92;949620;264,85;AL;NEGATIF;SAT;NEGATIF;ARTIYOR;SAT;SAT;NOTR;1;17.09.2026
OYAYO;izle;;21,3;0,0;7,3;14,0;0;0;zayif;8,7;39,6;21,8;asagi;zayif;zayif;asagi;1,36;-2,16;2;40;0,10;3200480;44,74;SAT;NEGATIF;NOTR;NEGATIF;ARTIYOR;SAT;SAT;NOTR;0;17.09.2026
TCKRC;izle;;21,2;10,2;1,0;10,0;0;0;zayif;29,2;26,8;29,0;asagi;zayif;zayif;asagi;1,88;-3,16;2;117;-0,09;609719292;139,82;SAT;NEGATIF;SAT;NEGATIF;ARTIYOR;SAT;SAT;NOTR;0;17.09.2026
DIRIT;izle;;21,1;5,1;8,9;7,2;10;0;zayif;12,7;38,9;59,0;asagi;zayif;zayif;asagi;1,13;-1,31;4;23,68;-0,50;1484049;28,04;SAT;NEGATIF;NOTR;NEGATIF;ARTIYOR;SAT;SAT;NOTR;0;17.09.2026
AYCES;izle;;21,1;0,0;12,6;8,5;6;0;zayif;10,4;40,4;18,6;asagi;zayif;zayif;asagi;1,21;-2,69;3;419,75;-0,12;52519540;477,34;AL;NEGATIF;NOTR;NEGATIF;ARTIYOR;SAT;AL;NOTR;2;17.09.2026
DAGI;izle;;21,1;12,2;0,8;8,1;10;0;zayif;28,0;26,9;15,1;asagi;zayif;zayif;asagi;1,19;-3,07;4;7,47;-10,00;68410387;9,94;SAT;NEGATIF;SAT;NEGATIF;ARTIYOR;SAT;SAT;NOTR;0;17.09.2026
TGSAS;izle;;20,6;10,8;2,5;7,3;6;0;zayif;18,1;33,1;23,2;asagi;zayif;zayif;asagi;1,14;-2,35;3;160,4;-9,99;168403318;222,08;SAT;NEGATIF;NOTR;NEGATIF;ARTIYOR;SAT;SAT;NOTR;0;17.09.2026
DCTTR;izle;;20,4;2,4;8,0;10,0;10;0;zayif;45,1;20,7;21,9;asagi;zayif;zayif;asagi;2,04;-6,80;5;4,77;-9,83;103255145;6,76;AL;NEGATIF;SAT;NEGATIF;ARTIYOR;SAT;SAT;UCUZ (AL);1;17.09.2026
OZYSR;izle;;20,4;4,6;5,7;10,2;0;0;zayif;23,7;37,0;42,6;asagi;zayif;zayif;asagi;0,83;-2,06;2;10,85;-6,55;25121884;13,27;SAT;NEGATIF;SAT;NEGATIF;ARTIYOR;SAT;SAT;NOTR;0;17.09.2026
KLNMA;izle;;20,2;0,0;13,8;6,4;0;0;zayif;10,7;43,6;27,9;asagi;guclu;zayif;asagi;1,01;-1,93;1;8,76;1,86;1504460;9,07;SAT;NEGATIF;NOTR;NEGATIF;ARTIYOR;SAT;AL;NOTR;1;17.09.2026
ASUZU;izle;;20,1;1,1;9,0;10,0;6;0;zayif;19,8;41,5;41,2;asagi;zayif;zayif;asagi;1,71;-2,47;3;46,32;4,51;30525297;49,84;SAT;NEGATIF;NOTR;POZITIF;ARTIYOR;SAT;SAT;UCUZ (AL);1;17.09.2026
ETYAT;izle;;20,0;12,3;0,0;7,7;50;4;zayif;28,5;20,6;20,5;asagi;zayif;zayif;asagi;1,16;-3,29;4;10,37;-9,98;10674826;14,67;SAT;NEGATIF;SAT;NEGATIF;ARTIYOR;SAT;AL;NOTR;1;17.09.2026
YEOTK;izle;;19,9;3,8;6,1;10,0;10;0;zayif;18,0;36,0;41,1;asagi;zayif;zayif;asagi;1,38;-2,66;4;30,18;2,24;701163158;36,55;SAT;NEGATIF;NOTR;NEGATIF;ARTIYOR;SAT;SAT;NOTR;0;17.09.2026
IHLGM;izle;;19,8;4,3;7,6;8,0;0;0;zayif;23,0;38,4;62,9;asagi;zayif;zayif;asagi;0,53;-2,16;0;1,49;-1,32;24340272;1,73;SAT;NEGATIF;AL;NEGATIF;AZALIYOR;SAT;SAT;UCUZ (AL);1;17.09.2026
AVOD;izle;;19,8;12,0;7,8;0,0;0;0;zayif;36,7;39,0;67,1;asagi;zayif;zayif;asagi;0,60;-1,37;1;3,76;-2,59;27243982;4,62;SAT;NEGATIF;AL;NEGATIF;AZALIYOR;SAT;SAT;NOTR;1;17.09.2026
AZTEK;izle;;19,8;2,4;7,3;10,0;10;0;zayif;34,9;36,1;28,6;asagi;zayif;zayif;asagi;1,57;-3,39;4;3,46;9,84;31241150;3,76;SAT;NEGATIF;SAT;NEGATIF;ARTIYOR;SAT;AL;NOTR;1;17.09.2026
VERUS;izle;;19,4;9,8;6,2;3,4;10;1;zayif;32,4;32,5;29,8;asagi;zayif;zayif;asagi;0,90;-2,15;2;490;-5,68;43729560;635,37;SAT;NEGATIF;SAT;NEGATIF;ARTIYOR;SAT;SAT;NOTR;0;17.09.2026
QNBTR;izle;;19,2;2,4;6,8;10,0;10;0;zayif;52,2;34,2;30,0;asagi;zayif;zayif;asagi;1,92;-5,38;4;175;3,55;4231325;182,44;SAT;NEGATIF;SAT;NEGATIF;ARTIYOR;SAT;AL;UCUZ (AL);1;17.09.2026
MOBTL;izle;;19,2;5,2;5,7;8,3;10;0;zayif;14,2;35,6;14,5;asagi;zayif;zayif;asagi;1,20;-2,34;4;12;-3,23;50463252;13,91;SAT;NEGATIF;NOTR;NEGATIF;ARTIYOR;SAT;SAT;NOTR;0;17.09.2026
RUBNS;izle;;19,1;12,4;2,2;4,5;10;0;zayif;30,2;30,7;28,2;asagi;zayif;zayif;asagi;0,97;-1,90;4;24,9;-1,58;51672779;32,01;SAT;NEGATIF;SAT;NEGATIF;ARTIYOR;SAT;SAT;NOTR;0;17.09.2026
KONTR;izle;;18,9;2,4;10,5;5,9;0;0;zayif;40,5;33,4;28,5;asagi;zayif;zayif;asagi;1,06;-7,13;2;3,15;0,00;13019407;3,52;AL;NEGATIF;SAT;NEGATIF;AZALIYOR;SAT;SAT;UCUZ (AL);1;17.09.2026
GOKNR;izle;;18,8;0,8;13,4;4,6;6;0;zayif;18,0;42,9;52,5;asagi;zayif;zayif;asagi;0,98;-2,43;3;17,8;4,28;100374823;19,02;AL;NEGATIF;NOTR;POZITIF;ARTIYOR;SAT;SAT;NOTR;2;17.09.2026
RALYH;izle;;18,8;13,0;3,3;2,5;38;3;zayif;19,9;33,3;49,8;asagi;zayif;zayif;asagi;0,85;-2,21;3;220;-7,76;336645760;270,19;SAT;NEGATIF;NOTR;NEGATIF;ARTIYOR;SAT;SAT;NOTR;0;17.09.2026
FZLGY;izle;;18,7;1,6;16,0;1,1;0;0;zayif;23,6;45,0;49,2;asagi;zayif;zayif;asagi;0,77;-2,12;1;9,19;2,22;147683704;9,66;AL;NEGATIF;SAT;POZITIF;ARTIYOR;AL;SAT;NOTR;3;17.09.2026
KOCMT;izle;;18,6;4,4;5,7;8,6;0;0;zayif;22,0;36,3;52,8;asagi;zayif;zayif;asagi;0,97;-2,23;1;3,42;-10,00;239190525;4,75;SAT;NEGATIF;SAT;POZITIF;AZALIYOR;SAT;SAT;NOTR;1;17.09.2026
HTTBT;izle;;18,6;2,1;6,5;10,0;10;0;zayif;27,1;33,5;32,7;asagi;zayif;zayif;asagi;2,09;-3,27;4;32,7;4,47;38509613;35,00;SAT;NEGATIF;SAT;NEGATIF;ARTIYOR;SAT;AL;UCUZ (AL);1;17.09.2026
DGGYO;izle;;18,6;3,4;5,1;10,0;6;0;zayif;15,3;33,9;26,2;asagi;zayif;zayif;asagi;2,98;-2,31;3;30,52;-3,05;10856330;35,10;SAT;NEGATIF;NOTR;NEGATIF;ARTIYOR;SAT;SAT;NOTR;0;17.09.2026
TUKAS;izle;;18,6;1,2;6,9;10,5;10;1;zayif;21,1;35,2;32,6;asagi;zayif;zayif;asagi;1,56;-2,49;1;1,9;-0,52;202545687;2,11;SAT;NEGATIF;SAT;NEGATIF;AZALIYOR;SAT;SAT;UCUZ (AL);0;17.09.2026
TATGD;izle;;18,5;6,7;10,6;1,2;10;0;zayif;12,1;42,9;37,8;asagi;zayif;zayif;asagi;0,67;-1,40;4;17,14;2,82;28170087;18,64;SAT;NEGATIF;NOTR;NEGATIF;ARTIYOR;SAT;SAT;NOTR;0;17.09.2026
ICBCT;izle;;18,2;3,5;4,7;10,0;6;0;zayif;11,4;34,0;31,9;asagi;zayif;zayif;asagi;1,59;-2,43;3;17,78;2,60;39378824;19,95;SAT;NEGATIF;NOTR;NEGATIF;ARTIYOR;SAT;SAT;NOTR;0;17.09.2026
AKFGY;izle;;18,1;1,5;6,6;10,0;0;0;zayif;23,1;37,3;56,7;asagi;zayif;zayif;asagi;1,91;-2,00;2;2,45;-3,54;164933733;2,89;SAT;NEGATIF;SAT;NEGATIF;ARTIYOR;SAT;SAT;NOTR;0;17.09.2026
GATEG;izle;;18,1;4,4;5,7;8,0;40;5;zayif;22,3;37,4;71,5;asagi;zayif;zayif;asagi;0,52;-3,04;2;242,4;-9,97;3353604;292,83;SAT;NEGATIF;SAT;NEGATIF;ARTIYOR;SAT;SAT;NOTR;0;17.09.2026
GSRAY;izle;;18,0;1,9;5,5;10,6;0;0;zayif;26,2;33,2;17,8;asagi;zayif;zayif;asagi;1,24;-2,20;2;0,97;0,00;260707197;1,06;SAT;NEGATIF;SAT;NEGATIF;AZALIYOR;SAT;SAT;UCUZ (AL);0;17.09.2026
DGATE;izle;;17,9;4,6;3,3;10,0;6;0;zayif;23,8;28,9;33,7;asagi;zayif;zayif;asagi;1,86;-2,99;3;79,7;-1,60;43761278;96,29;SAT;NEGATIF;SAT;NEGATIF;ARTIYOR;SAT;SAT;NOTR;0;17.09.2026
CIMSA;izle;;17,8;0,7;5,9;11,2;6;0;zayif;17,4;37,8;44,3;asagi;zayif;zayif;asagi;1,48;-2,55;3;42,1;3,75;523395157;45,98;SAT;NEGATIF;NOTR;NEGATIF;ARTIYOR;SAT;SAT;NOTR;0;17.09.2026
ARCLK;izle;;17,8;0,8;9,6;7,4;0;0;zayif;18,0;41,1;42,7;asagi;zayif;zayif;asagi;0,97;-2,19;2;89,75;3,34;147851637;96,02;SAT;NEGATIF;NOTR;POZITIF;ARTIYOR;SAT;SAT;UCUZ (AL);1;17.09.2026
AKFYE;izle;;17,8;5,0;7,0;5,8;0;0;zayif;19,0;40,3;56,4;asagi;zayif;zayif;asagi;1,05;-1,42;1;21,6;-0,46;266973883;26,83;SAT;NEGATIF;NOTR;NEGATIF;AZALIYOR;SAT;SAT;NOTR;0;17.09.2026
NTHOL;izle;;17,7;2,2;5,4;10,0;50;5;zayif;28,5;29,7;31,8;asagi;zayif;zayif;asagi;1,47;-2,96;4;38,68;1,63;101183786;42,31;SAT;NEGATIF;SAT;NEGATIF;ARTIYOR;SAT;AL;UCUZ (AL);1;17.09.2026
KRONT;izle;;17,6;5,4;5,8;6,3;6;0;zayif;23,8;31,1;20,2;asagi;zayif;zayif;asagi;1,08;-2,48;3;19,8;0,10;28529681;23,57;SAT;NEGATIF;SAT;NEGATIF;ARTIYOR;SAT;SAT;NOTR;0;17.09.2026
IZMDC;izle;;17,5;5,4;2,1;10,0;0;0;zayif;30,6;29,5;15,7;asagi;zayif;zayif;asagi;1,40;-3,48;2;8,1;-9,19;141949122;11,02;SAT;NEGATIF;SAT;NEGATIF;ARTIYOR;SAT;SAT;NOTR;0;17.09.2026
ECILC;izle;;17,4;1,4;7,6;8,4;10;1;zayif;22,2;37,2;54,1;asagi;zayif;zayif;asagi;1,20;-2,79;2;64,3;6,55;469234394;72,90;SAT;NEGATIF;SAT;NEGATIF;ARTIYOR;SAT;AL;NOTR;1;17.09.2026
EYGYO;izle;;17,3;6,2;3,7;7,4;6;0;zayif;20,5;33,6;50,8;asagi;zayif;zayif;asagi;1,15;-2,10;3;2,26;-5,44;19325020;2,75;SAT;NEGATIF;SAT;NEGATIF;ARTIYOR;SAT;SAT;UCUZ (AL);0;17.09.2026
GUNDG;izle;;17,3;5,3;4,0;8,0;0;0;zayif;28,6;24,3;19,5;asagi;zayif;zayif;asagi;0,01;-5,50;1;594,5;-9,99;1461281;1020,27;SAT;NEGATIF;SAT;NEGATIF;AZALIYOR;SAT;SAT;NOTR;0;17.09.2026
BIGTK;izle;;17,2;4,8;4,4;8,0;32;3;zayif;25,3;34,7;43,8;asagi;zayif;zayif;asagi;0,33;-2,24;1;248,4;-10,00;60168193;344,59;SAT;NEGATIF;SAT;NEGATIF;ARTIYOR;SAT;SAT;NOTR;0;17.09.2026
OSTIM;izle;;17,2;0,6;6,5;10,0;0;0;zayif;16,8;36,8;46,1;asagi;zayif;zayif;asagi;1,33;-2,58;2;1,48;-3,90;28436162;1,67;SAT;NEGATIF;NOTR;NEGATIF;ARTIYOR;SAT;SAT;UCUZ (AL);0;17.09.2026
QNBFK;izle;;17,1;2,3;4,9;10,0;6;0;zayif;28,7;32,7;41,7;asagi;zayif;zayif;asagi;1,53;-2,90;3;39;0,00;1565616;42,21;SAT;NEGATIF;SAT;NEGATIF;ARTIYOR;SAT;SAT;NOTR;0;17.09.2026
BURVA;izle;;17,1;4,2;8,2;4,7;6;0;zayif;20,6;39,0;18,8;asagi;zayif;zayif;asagi;0,98;-2,41;3;607,5;-3,57;51416978;754,79;SAT;NEGATIF;SAT;NEGATIF;ARTIYOR;AL;AL;NOTR;2;17.09.2026
METRO;izle;;17,1;9,1;1,7;6,3;6;0;zayif;19,5;27,8;45,0;asagi;zayif;zayif;asagi;1,08;-2,88;3;7,12;-6,07;56059235;8,63;SAT;NEGATIF;NOTR;NEGATIF;ARTIYOR;SAT;SAT;NOTR;0;17.09.2026
BRMEN;izle;;17,0;5,4;1,5;10,0;6;0;zayif;39,7;24,5;12,1;asagi;zayif;zayif;asagi;8,00;-5,73;3;9,8;-3,07;27800385;11,82;SAT;NEGATIF;SAT;NEGATIF;ARTIYOR;SAT;SAT;NOTR;0;17.09.2026
ATAGY;izle;;16,9;2,4;10,9;3,6;10;0;zayif;33,5;34,7;29,2;asagi;zayif;zayif;asagi;0,91;-2,52;4;9,65;-1,03;1811923;10,60;AL;NEGATIF;SAT;NEGATIF;AZALIYOR;SAT;SAT;UCUZ (AL);1;17.09.2026
MERCN;izle;;16,8;1,7;5,1;10,0;6;0;zayif;24,8;32,5;38,4;asagi;zayif;zayif;asagi;2,08;-3,42;3;15,97;-5,22;155209204;19,53;SAT;NEGATIF;SAT;NEGATIF;ARTIYOR;SAT;SAT;NOTR;0;17.09.2026
IZFAS;izle;;16,7;4,0;4,7;8,0;0;0;zayif;19,3;34,4;50,6;asagi;zayif;zayif;asagi;0,07;-2,93;0;41,32;-9,98;18272820;58,54;SAT;NEGATIF;NOTR;NEGATIF;AZALIYOR;SAT;SAT;NOTR;0;17.09.2026
DOAS;izle;;16,6;1,7;5,1;9,8;6;0;zayif;24,3;32,2;38,3;asagi;zayif;zayif;asagi;1,29;-3,77;3;156,9;1,23;162427901;168,25;SAT;NEGATIF;SAT;NEGATIF;ARTIYOR;SAT;SAT;UCUZ (AL);0;17.09.2026
EUPWR;izle;;16,6;5,4;1,1;10,0;10;1;zayif;32,7;26,9;24,5;asagi;zayif;zayif;asagi;1,53;-4,47;2;56,7;-9,93;2099454260;76,98;SAT;NEGATIF;SAT;NEGATIF;ARTIYOR;SAT;SAT;NOTR;0;17.09.2026
MIATK;izle;;16,6;1,7;6,8;8,0;0;0;zayif;24,8;38,5;68,7;asagi;zayif;zayif;asagi;0,15;-2,09;0;28,1;-9,99;100216936;36,40;SAT;NEGATIF;SAT;POZITIF;ARTIYOR;SAT;SAT;NOTR;1;17.09.2026
VKGYO;izle;;16,5;1,4;4,9;10,2;0;0;zayif;22,2;33,9;41,6;asagi;zayif;zayif;asagi;0,77;-2,97;2;1,8;2,27;39688038;1,95;SAT;NEGATIF;SAT;NEGATIF;ARTIYOR;SAT;SAT;NOTR;0;17.09.2026
BINBN;izle;;16,5;4,5;3,0;9,0;0;0;zayif;23,0;29,0;18,9;asagi;zayif;zayif;asagi;1,24;-2,42;1;150,8;-9,97;73869078;193,64;SAT;NEGATIF;SAT;NEGATIF;ARTIYOR;SAT;SAT;NOTR;0;17.09.2026
ICUGS;izle;;16,4;5,4;1,0;10,0;6;0;zayif;35,3;19,2;38,3;asagi;zayif;zayif;asagi;1,54;-5,74;3;2,88;-9,72;76576864;4,02;SAT;NEGATIF;SAT;NEGATIF;ARTIYOR;SAT;SAT;NOTR;0;17.09.2026
PRKME;izle;;16,4;9,4;7,0;0,0;10;0;zayif;22,1;37,8;57,4;yukari;zayif;zayif;asagi;0,52;-1,69;4;17,06;-2,18;28549245;16,36;SAT;NEGATIF;SAT;NEGATIF;ARTIYOR;SAT;SAT;NOTR;0;17.09.2026
AKENR;izle;;16,3;1,1;7,2;8,0;10;1;zayif;20,1;37,4;43,3;asagi;zayif;zayif;asagi;0,64;-2,03;1;9,71;0,31;48715352;10,90;SAT;NEGATIF;SAT;NEGATIF;AZALIYOR;SAT;SAT;NOTR;0;17.09.2026
ADEL;izle;;16,3;1,4;6,9;8,0;0;0;zayif;22,4;37,9;29,9;asagi;zayif;zayif;asagi;0,51;-1,73;2;29,66;0,27;75774715;33,66;SAT;NEGATIF;SAT;NEGATIF;AZALIYOR;SAT;SAT;NOTR;0;17.09.2026
TEZOL;izle;;16,2;2,4;8,0;5,8;10;0;zayif;36,3;24,8;29,2;asagi;zayif;zayif;asagi;1,05;-6,90;4;8,15;-2,04;36093114;9,29;AL;NEGATIF;SAT;NEGATIF;AZALIYOR;SAT;SAT;UCUZ (AL);1;17.09.2026
GARFA;izle;;16,0;0,2;10,1;5,7;0;0;zayif;13,8;41,4;53,3;asagi;zayif;zayif;asagi;1,01;-1,57;2;25,68;2,97;29576760;28,24;SAT;NEGATIF;NOTR;NEGATIF;ARTIYOR;SAT;SAT;NOTR;0;17.09.2026
PARSN;izle;;16,0;1,1;4,9;10,0;6;0;zayif;19,8;33,4;29,8;asagi;zayif;zayif;asagi;1,62;-3,04;3;66,85;0,30;26993763;74,19;SAT;NEGATIF;NOTR;NEGATIF;AZALIYOR;SAT;SAT;UCUZ (AL);0;17.09.2026
DYOBY;izle;;16,0;1,9;4,5;9,5;46;5;zayif;26,1;32,7;45,0;asagi;zayif;zayif;asagi;1,23;-2,77;3;12,21;-0,73;24389035;13,59;SAT;NEGATIF;SAT;NEGATIF;ARTIYOR;SAT;SAT;NOTR;0;17.09.2026
GEREL;izle;;15,9;4,3;1,7;10,0;28;2;zayif;21,3;27,9;31,1;asagi;zayif;zayif;asagi;1,64;-3,31;3;29,5;-0,61;302701093;36,51;SAT;NEGATIF;SAT;NEGATIF;ARTIYOR;SAT;SAT;NOTR;0;17.09.2026
BRKO;izle;;15,9;3,4;2,5;10,0;10;0;zayif;14,6;31,6;27,6;asagi;zayif;zayif;asagi;2,46;-4,31;4;9,24;-9,94;8391786;11,16;SAT;NEGATIF;NOTR;NEGATIF;ARTIYOR;SAT;AL;NOTR;1;17.09.2026
HATSN;izle;;15,7;11,9;3,9;0,0;6;0;zayif;25,6;36,8;14,3;asagi;zayif;zayif;asagi;0,51;-2,17;3;48,66;-9,97;229315067;67,32;SAT;NEGATIF;SAT;NEGATIF;AZALIYOR;SAT;SAT;NOTR;0;17.09.2026
DESPC;izle;;15,7;0,9;4,8;10,0;0;0;zayif;18,5;34,2;49,0;asagi;zayif;zayif;asagi;1,88;-2,41;2;36,04;-2,22;39657587;43,25;SAT;NEGATIF;NOTR;NEGATIF;ARTIYOR;SAT;SAT;NOTR;0;17.09.2026
PAGYO;izle;;15,7;6,7;2,4;6,6;6;0;zayif;23,5;28,5;15,8;asagi;zayif;zayif;asagi;1,10;-3,62;3;125;-2,34;18658250;143,24;SAT;NEGATIF;SAT;NEGATIF;AZALIYOR;SAT;SAT;NOTR;0;17.09.2026
KENT;izle;;15,7;1,8;3,9;10,0;10;0;zayif;25,1;35,1;11,3;asagi;zayif;zayif;asagi;1,35;-2,98;4;320,5;-1,38;1881015;361,50;SAT;NEGATIF;SAT;NEGATIF;AZALIYOR;SAT;SAT;UCUZ (AL);0;17.09.2026
MOGAN;izle;;15,6;5,4;0,2;9,9;28;2;zayif;35,6;22,8;18,6;asagi;zayif;zayif;asagi;1,29;-4,80;3;10,35;-10,00;287393387;14,52;SAT;NEGATIF;SAT;NEGATIF;AZALIYOR;SAT;SAT;NOTR;0;17.09.2026
BYDNR;izle;;15,5;5,1;0,5;10,0;0;0;zayif;27,2;20,1;28,6;asagi;zayif;zayif;asagi;2,17;-4,67;2;27,98;-9,97;50185683;36,20;SAT;NEGATIF;SAT;NEGATIF;ARTIYOR;SAT;SAT;NOTR;0;17.09.2026
BESLR;izle;;15,5;1,0;9,4;5,1;22;2;zayif;19,1;40,6;28,8;asagi;zayif;zayif;asagi;0,92;-1,77;2;12,3;2,24;27936793;13,41;SAT;NEGATIF;NOTR;NEGATIF;ARTIYOR;SAT;SAT;NOTR;0;17.09.2026
SEGMN;izle;;15,5;5,4;0,0;10,0;6;0;zayif;31,4;20,8;9,9;asagi;zayif;zayif;asagi;1,64;-5,08;3;33,18;-7,32;59345084;42,80;SAT;NEGATIF;SAT;NEGATIF;ARTIYOR;SAT;AL;NOTR;1;17.09.2026
ULUSE;izle;;15,5;5,4;3,0;7,0;0;0;zayif;35,4;26,7;34,9;asagi;zayif;zayif;asagi;1,12;-3,94;2;205,2;-4,96;42911424;246,56;SAT;NEGATIF;SAT;NEGATIF;ARTIYOR;SAT;SAT;NOTR;0;17.09.2026
BANVT;izle;;15,4;0,6;4,1;10,8;0;0;zayif;16,4;32,4;35,4;asagi;zayif;zayif;asagi;1,11;-2,94;2;141,4;0,78;16140386;154,95;SAT;NEGATIF;NOTR;NEGATIF;AZALIYOR;SAT;SAT;NOTR;0;17.09.2026
OZGYO;izle;;15,4;4,7;6,8;4,0;0;0;zayif;24,2;37,2;33,2;asagi;zayif;zayif;asagi;0,94;-1,89;2;1,95;-0,51;29010996;2,17;SAT;NEGATIF;SAT;NEGATIF;ARTIYOR;SAT;SAT;NOTR;0;17.09.2026
KUYAS;izle;;15,3;4,2;3,1;8,0;0;0;zayif;21,0;29,9;53,8;asagi;zayif;zayif;asagi;0,06;-3,19;1;56,45;-9,97;42856727;67,79;SAT;NEGATIF;SAT;NEGATIF;ARTIYOR;SAT;SAT;NOTR;0;17.09.2026
EGEPO;izle;;15,3;5,4;4,0;5,8;6;0;zayif;48,6;15,5;19,2;asagi;zayif;zayif;asagi;1,05;-7,52;3;7,87;-4,37;51889657;11,05;SAT;NEGATIF;SAT;NEGATIF;AZALIYOR;SAT;SAT;NOTR;0;17.09.2026
EDATA;izle;;15,3;4,3;1,0;10,0;6;0;zayif;21,4;24,7;26,4;asagi;zayif;zayif;asagi;1,63;-3,55;3;13,84;-9,95;90940979;18,12;SAT;NEGATIF;SAT;NEGATIF;ARTIYOR;SAT;SAT;NOTR;0;17.09.2026
BALSU;izle;;15,3;2,4;2,8;10,0;10;0;zayif;31,2;25,9;43,1;asagi;zayif;zayif;asagi;1,35;-5,82;5;6,95;-4,79;528592925;9,06;SAT;NEGATIF;SAT;NEGATIF;AZALIYOR;SAT;SAT;UCUZ (AL);0;17.09.2026
DURKN;izle;;15,2;5,1;0,0;10,0;32;2;zayif;27,7;25,0;35,2;asagi;zayif;zayif;asagi;1,55;-3,77;4;16,1;-8,26;53525835;20,12;SAT;NEGATIF;SAT;NEGATIF;ARTIYOR;SAT;SAT;NOTR;0;17.09.2026
INTEM;izle;;15,1;1,1;4,0;10,0;0;0;zayif;20,2;34,2;32,2;asagi;zayif;zayif;asagi;1,37;-2,71;2;224;2,61;15339296;250,65;SAT;NEGATIF;SAT;NEGATIF;ARTIYOR;SAT;SAT;NOTR;0;17.09.2026
SAYAS;izle;;15,1;11,4;2,9;0,9;0;0;zayif;22,0;33,2;21,4;asagi;zayif;zayif;asagi;0,75;-2,15;1;46,68;-3,11;86420318;56,64;SAT;NEGATIF;SAT;NEGATIF;AZALIYOR;SAT;SAT;NOTR;0;17.09.2026
RTALB;izle;;14,9;0,2;4,7;10,0;0;0;zayif;13,8;32,4;15,4;asagi;zayif;zayif;asagi;2,05;-3,54;2;2,5;-5,30;102082940;3,07;SAT;NEGATIF;NOTR;NEGATIF;ARTIYOR;SAT;SAT;UCUZ (AL);0;17.09.2026
GSDHO;izle;;14,9;0,2;5,3;9,3;0;0;zayif;13,7;33,9;30,7;asagi;zayif;zayif;asagi;1,26;-2,53;1;4,32;-1,14;67865718;4,94;SAT;NEGATIF;NOTR;NEGATIF;ARTIYOR;SAT;SAT;NOTR;0;17.09.2026
HEKTS;izle;;14,9;1,6;4,1;9,2;40;4;zayif;23,6;32,4;26,4;asagi;zayif;zayif;asagi;1,25;-3,36;1;2,43;0,83;1508169090;2,82;SAT;NEGATIF;SAT;NEGATIF;ARTIYOR;SAT;SAT;NOTR;0;17.09.2026
VANGD;izle;;14,8;4,3;1,0;9,5;6;0;zayif;21,7;25,1;16,9;asagi;zayif;zayif;asagi;1,27;-3,29;3;76,05;-10,00;17752504;94,51;SAT;NEGATIF;SAT;NEGATIF;ARTIYOR;SAT;SAT;NOTR;0;17.09.2026
ERBOS;izle;;14,8;1,6;3,1;10,0;6;0;zayif;23,9;27,3;33,6;asagi;zayif;zayif;asagi;1,42;-3,49;3;138,8;-0,86;9905462;153,70;SAT;NEGATIF;SAT;NEGATIF;ARTIYOR;SAT;SAT;UCUZ (AL);0;17.09.2026
OBAMS;izle;;14,7;1,7;4,9;8,0;0;0;zayif;24,7;36,1;47,9;asagi;zayif;zayif;asagi;0,67;-2,78;1;4,73;-1,46;144217553;5,57;SAT;NEGATIF;SAT;NEGATIF;ARTIYOR;SAT;SAT;UCUZ (AL);0;17.09.2026
VKING;izle;;14,6;2,4;2,2;10,0;0;0;zayif;38,8;21,6;46,6;asagi;zayif;zayif;asagi;1,48;-4,17;2;18,57;-4,92;9899983;21,72;SAT;NEGATIF;SAT;NEGATIF;ARTIYOR;SAT;SAT;UCUZ (AL);0;17.09.2026
ULAS;izle;;14,6;0,6;4,0;10,0;10;0;zayif;16,2;31,8;36,2;asagi;zayif;zayif;asagi;1,35;-3,15;4;19,48;-3,56;5312547;22,75;SAT;NEGATIF;NOTR;NEGATIF;ARTIYOR;SAT;SAT;UCUZ (AL);0;17.09.2026
BRLSM;izle;;14,6;11,0;3,5;0,0;0;0;zayif;19,5;36,3;8,3;asagi;zayif;zayif;asagi;0,45;-1,95;2;15,13;-3,32;128887341;19,77;SAT;NEGATIF;NOTR;NEGATIF;AZALIYOR;SAT;SAT;NOTR;0;17.09.2026
GLRMK;izle;;14,5;1,7;2,9;10,0;32;3;zayif;24,2;30,5;29,9;asagi;zayif;zayif;asagi;2,02;-3,27;2;137,7;-10,00;1334993376;177,62;SAT;NEGATIF;SAT;NEGATIF;ARTIYOR;SAT;SAT;NOTR;0;17.09.2026
GRSEL;izle;;14,5;2,4;2,1;10,0;6;0;zayif;30,0;20,7;28,7;asagi;zayif;zayif;asagi;1,40;-3,23;3;276;-2,82;154090524;314,62;SAT;NEGATIF;SAT;NEGATIF;ARTIYOR;SAT;SAT;NOTR;0;17.09.2026
VKFYO;izle;;14,5;0,3;6,1;8,1;32;3;zayif;14,5;37,4;18,2;asagi;zayif;zayif;asagi;1,18;-2,86;2;20,66;2,38;5309847;23,51;SAT;NEGATIF;NOTR;NEGATIF;ARTIYOR;SAT;SAT;UCUZ (AL);0;17.09.2026
GOODY;izle;;14,5;0,6;7,4;6,5;0;0;zayif;16,5;36,5;43,6;asagi;zayif;zayif;asagi;1,09;-2,00;2;2,5;-0,40;34056533;2,78;SAT;NEGATIF;NOTR;NEGATIF;AZALIYOR;SAT;SAT;NOTR;0;17.09.2026
ERSU;izle;;14,5;3,3;1,1;10,0;10;1;zayif;14,5;22,4;23,1;asagi;zayif;zayif;asagi;1,39;-3,11;2;19,4;-6,19;11233104;23,53;SAT;NEGATIF;NOTR;NEGATIF;ARTIYOR;SAT;SAT;NOTR;0;17.09.2026
YAPRK;izle;;14,4;0,1;4,4;10,0;6;0;zayif;12,4;31,9;48,6;asagi;zayif;zayif;asagi;2,54;-2,31;3;10,01;-1,18;106393757;11,37;SAT;NEGATIF;NOTR;NEGATIF;ARTIYOR;SAT;SAT;NOTR;0;17.09.2026
REEDR;izle;;14,4;0,6;2,3;11,5;6;0;zayif;16,3;23,6;54,4;asagi;zayif;zayif;asagi;1,15;-4,39;3;5,03;-3,08;99868713;5,80;SAT;NEGATIF;NOTR;NEGATIF;ARTIYOR;SAT;SAT;NOTR;0;17.09.2026
KATMR;izle;;14,4;2,4;2,0;10,0;10;0;zayif;48,3;20,6;15,2;asagi;zayif;zayif;asagi;1,33;-6,10;4;1,68;-2,33;166499241;1,92;SAT;NEGATIF;SAT;NEGATIF;ARTIYOR;SAT;SAT;UCUZ (AL);0;17.09.2026
ALGYO;izle;;14,4;0,8;8,4;5,2;32;3;zayif;18,0;39,0;35,2;asagi;zayif;zayif;asagi;1,01;-2,87;1;3,35;0,90;83352918;3,80;SAT;NEGATIF;NOTR;NEGATIF;AZALIYOR;SAT;SAT;NOTR;0;17.09.2026
ESEN;izle;;14,4;1,8;3,5;9,0;46;4;zayif;25,6;32,6;27,2;asagi;zayif;zayif;asagi;1,23;-3,08;3;3,09;-3,13;127497167;3,57;SAT;NEGATIF;SAT;NEGATIF;ARTIYOR;SAT;SAT;UCUZ (AL);0;17.09.2026
INTEK;izle;;14,3;2,4;1,9;10,0;6;0;zayif;32,1;24,7;15,5;asagi;zayif;zayif;asagi;1,75;-6,67;3;197,3;-3,76;2713664;217,52;SAT;NEGATIF;SAT;NEGATIF;ARTIYOR;SAT;SAT;UCUZ (AL);0;17.09.2026
BTCIM;izle;;14,3;2,4;1,8;10,0;6;0;zayif;53,8;18,7;43,5;asagi;zayif;zayif;asagi;1,59;-5,85;3;3,11;-7,44;719158098;4,00;SAT;NEGATIF;SAT;NEGATIF;ARTIYOR;SAT;SAT;NOTR;0;17.09.2026
YESIL;izle;;14,3;1,4;2,9;10,0;0;0;zayif;22,4;27,1;34,2;asagi;zayif;zayif;asagi;1,57;-4,46;2;1,04;-5,45;26160748;1,19;SAT;NEGATIF;SAT;NEGATIF;ARTIYOR;SAT;SAT;UCUZ (AL);0;17.09.2026
PEKGY;izle;;14,3;4,5;1,8;8,0;32;3;zayif;23,0;27,0;33,7;asagi;zayif;zayif;asagi;0,01;-4,62;1;9,48;-9,97;14228020;12,21;SAT;NEGATIF;SAT;NEGATIF;ARTIYOR;SAT;SAT;UCUZ (AL);0;17.09.2026
MERKO;izle;;14,3;2,4;1,8;10,0;6;0;zayif;35,6;23,1;32,8;asagi;zayif;zayif;asagi;1,32;-5,85;3;1,09;-2,68;33374759;1,25;SAT;NEGATIF;SAT;NEGATIF;AZALIYOR;SAT;SAT;UCUZ (AL);0;17.09.2026
EMKEL;izle;;14,2;2,4;1,8;10,0;6;0;zayif;52,0;11,7;21,4;asagi;zayif;zayif;asagi;1,38;-8,01;3;10,59;-5,78;53415907;12,86;SAT;NEGATIF;SAT;NEGATIF;ARTIYOR;SAT;SAT;UCUZ (AL);0;17.09.2026
MEGAP;izle;;14,2;2,4;1,8;10,0;6;0;zayif;37,0;18,1;16,1;asagi;zayif;zayif;asagi;1,68;-6,86;3;1,52;0,00;1508039;1,67;SAT;NEGATIF;SAT;NEGATIF;ARTIYOR;SAT;SAT;UCUZ (AL);0;17.09.2026
VAKFN;izle;;14,2;2,4;1,7;10,0;6;0;zayif;39,6;25,2;20,3;asagi;zayif;zayif;asagi;1,46;-4,18;3;1,03;0,98;92309384;1,15;SAT;NEGATIF;SAT;NEGATIF;ARTIYOR;SAT;SAT;UCUZ (AL);0;17.09.2026
LINK;izle;;14,2;2,4;1,7;10,0;28;2;zayif;34,0;20,6;32,7;asagi;zayif;zayif;asagi;1,92;-5,35;3;4,44;-6,53;128019355;5,30;SAT;NEGATIF;SAT;NEGATIF;ARTIYOR;SAT;SAT;NOTR;0;17.09.2026
HATEK;izle;;14,2;9,0;5,1;0,0;6;0;zayif;19,7;34,9;31,4;yukari;zayif;zayif;asagi;0,63;-2,58;3;11,64;-1,61;17296959;11,49;SAT;NEGATIF;NOTR;NEGATIF;AZALIYOR;SAT;SAT;NOTR;0;17.09.2026
KIMMR;izle;;14,1;2,4;1,7;10,0;0;0;zayif;40,0;24,5;26,1;asagi;zayif;zayif;asagi;1,74;-4,83;1;11,93;1,97;22430500;13,31;SAT;NEGATIF;SAT;NEGATIF;ARTIYOR;SAT;SAT;NOTR;0;17.09.2026
ZEDUR;izle;;14,1;2,4;1,7;10,0;10;0;zayif;37,8;21,1;23,3;asagi;zayif;zayif;asagi;1,47;-4,63;5;6,72;-4,00;13833940;7,59;SAT;NEGATIF;SAT;NEGATIF;ARTIYOR;SAT;SAT;NOTR;0;17.09.2026
FORMT;izle;;14,0;2,4;1,6;10,0;10;0;zayif;46,8;13,1;16,7;asagi;zayif;zayif;asagi;1,51;-7,83;4;1,26;-3,82;34123203;1,46;SAT;NEGATIF;SAT;NEGATIF;ARTIYOR;SAT;SAT;UCUZ (AL);0;17.09.2026
KCAER;izle;;14,0;5,4;0,0;8,5;32;2;zayif;35,1;21,8;14,1;asagi;zayif;zayif;asagi;1,21;-3,86;4;12,06;0,50;183235286;13,96;SAT;NEGATIF;SAT;NEGATIF;AZALIYOR;SAT;SAT;NOTR;0;17.09.2026
EUYO;izle;;14,0;0,3;3,7;10,0;20;1;zayif;14,2;29,3;30,6;asagi;zayif;zayif;asagi;1,59;-2,99;4;4,27;-6,77;5487236;5,10;SAT;NEGATIF;NOTR;NEGATIF;ARTIYOR;SAT;SAT;NOTR;0;17.09.2026
MNDRS;izle;;14,0;1,5;7,3;5,2;6;0;zayif;22,7;38,7;34,3;asagi;zayif;zayif;asagi;0,91;-1,83;3;10,4;1,36;32297616;11,68;SAT;NEGATIF;SAT;NEGATIF;AZALIYOR;SAT;SAT;UCUZ (AL);0;17.09.2026
ARENA;izle;;13,9;0,6;3,3;10,0;0;0;zayif;16,3;28,7;22,9;asagi;zayif;zayif;asagi;1,38;-3,87;2;17,7;1,32;24016298;20,94;SAT;NEGATIF;NOTR;NEGATIF;ARTIYOR;SAT;SAT;UCUZ (AL);0;17.09.2026
KZBGY;izle;;13,9;2,4;1,4;10,0;6;0;zayif;35,5;17,8;16,4;asagi;zayif;zayif;asagi;1,96;-6,49;3;1,59;-1,24;108877355;1,78;SAT;NEGATIF;SAT;NEGATIF;ARTIYOR;SAT;SAT;UCUZ (AL);0;17.09.2026
YBTAS;izle;;13,8;2,4;1,4;10,0;10;0;zayif;47,4;21,9;18,3;asagi;zayif;zayif;asagi;1,35;-7,19;6;12;-3,23;1176096;13,01;SAT;NEGATIF;SAT;NEGATIF;ARTIYOR;SAT;SAT;UCUZ (AL);0;17.09.2026
PSDTC;izle;;13,8;11,3;0,8;1,7;50;4;zayif;21,7;27,5;26,2;asagi;zayif;zayif;asagi;0,80;-3,20;5;114,1;-9,94;41912239;146,57;SAT;NEGATIF;SAT;NEGATIF;ARTIYOR;SAT;AL;NOTR;1;17.09.2026
YAYLA;izle;;13,8;2,4;4,9;6,4;32;3;zayif;34,0;34,4;54,0;asagi;zayif;zayif;asagi;1,08;-2,31;2;19,55;-5,37;25213987;24,02;SAT;NEGATIF;SAT;NEGATIF;ARTIYOR;SAT;SAT;UCUZ (AL);0;17.09.2026
PAPIL;izle;;13,8;1,4;2,3;10,0;6;0;zayif;22,6;29,3;47,3;asagi;zayif;zayif;asagi;1,51;-3,56;3;10,3;-7,54;128387131;12,88;SAT;NEGATIF;SAT;NEGATIF;ARTIYOR;SAT;SAT;UCUZ (AL);0;17.09.2026
NATEN;izle;;13,8;0,9;2,8;10,0;0;0;zayif;18,9;26,9;41,2;asagi;zayif;zayif;asagi;1,88;-4,10;2;4,71;-2,48;71847937;5,45;SAT;NEGATIF;NOTR;NEGATIF;ARTIYOR;SAT;SAT;UCUZ (AL);0;17.09.2026
YONGA;izle;;13,8;2,3;1,6;9,8;0;0;zayif;28,7;19,7;17,5;asagi;zayif;zayif;asagi;1,29;-6,38;2;39,9;-3,62;906448;43,40;SAT;NEGATIF;SAT;NEGATIF;ARTIYOR;SAT;SAT;UCUZ (AL);0;17.09.2026
SILVR;izle;;13,7;0,6;3,1;10,0;10;0;zayif;16,5;27,7;25,3;asagi;zayif;zayif;asagi;3,16;-2,78;4;2,04;-0,49;9204298;2,28;SAT;NEGATIF;NOTR;NEGATIF;ARTIYOR;SAT;SAT;UCUZ (AL);0;17.09.2026
OTTO;izle;;13,7;2,4;1,3;10,0;0;0;zayif;35,6;15,6;19,5;asagi;zayif;zayif;asagi;1,38;-6,69;2;106;-6,28;34576776;137,13;SAT;NEGATIF;SAT;NEGATIF;ARTIYOR;SAT;SAT;UCUZ (AL);0;17.09.2026
INVEO;izle;;13,6;0,9;2,8;10,0;6;0;zayif;18,3;26,9;25,2;asagi;zayif;zayif;asagi;1,60;-3,51;3;6,15;-2,69;38001606;6,92;SAT;NEGATIF;NOTR;NEGATIF;ARTIYOR;SAT;SAT;UCUZ (AL);0;17.09.2026
A1CAP;izle;;13,6;2,4;1,1;10,0;10;0;zayif;42,7;15,4;11,6;asagi;zayif;zayif;asagi;2,79;-7,26;5;5,81;-9,92;149509584;7,20;SAT;NEGATIF;SAT;NEGATIF;ARTIYOR;SAT;SAT;UCUZ (AL);0;17.09.2026
VSNMD;izle;;13,6;1,8;1,8;10,0;0;0;zayif;25,3;16,1;28,1;asagi;zayif;zayif;asagi;1,48;-5,90;2;35,3;-5,61;60413232;41,86;SAT;NEGATIF;SAT;NEGATIF;ARTIYOR;SAT;SAT;UCUZ (AL);0;17.09.2026
OSMEN;izle;;13,6;1,9;1,6;10,0;32;2;zayif;26,3;24,8;18,0;asagi;zayif;zayif;asagi;1,53;-4,59;4;5,95;-7,47;29078822;7,09;SAT;NEGATIF;SAT;NEGATIF;ARTIYOR;SAT;SAT;UCUZ (AL);0;17.09.2026
DERIM;izle;;13,5;3,6;3,2;6,7;32;2;zayif;21,3;31,2;49,3;asagi;zayif;zayif;asagi;1,10;-2,62;4;31,44;-1,44;14079335;37,07;SAT;NEGATIF;AL;NEGATIF;ARTIYOR;SAT;SAT;NOTR;1;17.09.2026
BNTAS;izle;;13,5;1,8;4,7;7,1;50;4;zayif;24,9;33,3;33,6;asagi;zayif;zayif;asagi;0,99;-2,64;4;5,8;1,05;22543713;6,35;SAT;NEGATIF;SAT;NEGATIF;ARTIYOR;SAT;SAT;NOTR;0;17.09.2026
LYDHO;izle;;13,5;2,4;1,0;10,0;10;0;zayif;49,0;17,7;25,7;asagi;zayif;zayif;asagi;2,38;-6,53;4;104,5;-9,99;123223892;136,61;SAT;NEGATIF;SAT;NEGATIF;ARTIYOR;SAT;SAT;UCUZ (AL);0;17.09.2026
VAKKO;izle;;13,5;0,2;11,4;1,9;0;0;zayif;13,2;39,9;30,9;asagi;zayif;zayif;asagi;0,66;-1,21;1;65,1;0,31;7612534;72,32;SAT;NEGATIF;NOTR;NEGATIF;ARTIYOR;SAT;SAT;NOTR;0;17.09.2026
SODSN;izle;;13,5;2,4;1,0;10,0;10;0;zayif;34,7;17,7;26,8;asagi;zayif;zayif;asagi;1,76;-6,73;4;6,32;-7,20;847708;7,12;SAT;NEGATIF;SAT;NEGATIF;ARTIYOR;SAT;SAT;UCUZ (AL);0;17.09.2026
CGCAM;izle;;13,4;2,4;1,0;10,0;10;0;zayif;36,9;17,2;24,3;asagi;zayif;zayif;asagi;1,82;-6,72;4;25,06;-8,81;101537431;31,78;SAT;NEGATIF;SAT;NEGATIF;ARTIYOR;SAT;SAT;UCUZ (AL);0;17.09.2026
GOLTS;izle;;13,4;1,1;5,2;7,2;6;0;zayif;19,9;34,8;25,4;asagi;zayif;zayif;asagi;1,04;-3,06;3;279;1,18;30419928;300,66;SAT;NEGATIF;NOTR;NEGATIF;ARTIYOR;SAT;SAT;NOTR;0;17.09.2026
ULUFA;izle;;13,4;1,0;2,4;10,0;0;0;zayif;19,5;28,0;22,9;asagi;zayif;zayif;asagi;2,00;-3,31;1;1,5;0,00;55401179;1,68;SAT;NEGATIF;NOTR;NEGATIF;ARTIYOR;SAT;SAT;NOTR;0;17.09.2026
FONET;izle;;13,4;5,4;0,7;7,3;28;2;zayif;31,3;22,9;25,5;asagi;zayif;zayif;asagi;1,14;-4,13;3;4,04;-1,94;74289548;4,73;SAT;NEGATIF;SAT;NEGATIF;ARTIYOR;SAT;SAT;NOTR;0;17.09.2026
KUTPO;izle;;13,4;2,5;7,0;3,9;0;0;zayif;18,3;35,1;32,0;asagi;zayif;zayif;asagi;0,81;-2,15;1;76;-1,30;12253556;83,78;SAT;NEGATIF;NOTR;NEGATIF;AZALIYOR;SAT;SAT;UCUZ (AL);0;17.09.2026
ACSEL;izle;;13,4;1,9;2,3;9,1;6;0;zayif;26,2;26,0;25,0;asagi;zayif;zayif;asagi;1,25;-3,75;3;102,3;-0,97;16863030;116,95;SAT;NEGATIF;SAT;NEGATIF;ARTIYOR;SAT;SAT;NOTR;0;17.09.2026
MAGEN;izle;;13,4;0,3;5,1;8,0;32;3;zayif;14,5;33,9;42,4;asagi;zayif;zayif;asagi;0,60;-2,85;2;30,26;-9,99;358799326;37,68;SAT;NEGATIF;NOTR;NEGATIF;ARTIYOR;SAT;SAT;NOTR;0;17.09.2026
CEMAS;izle;;13,4;1,5;1,9;10,0;6;0;zayif;22,7;27,8;33,8;asagi;zayif;zayif;asagi;1,42;-3,95;3;3,5;-9,79;83081485;4,28;SAT;NEGATIF;SAT;NEGATIF;ARTIYOR;SAT;SAT;NOTR;0;17.09.2026
IZENR;izle;;13,4;2,2;1,2;10,0;6;0;zayif;27,9;18,5;27,9;asagi;zayif;zayif;asagi;1,32;-6,55;3;5,35;-9,93;235107895;6,76;SAT;NEGATIF;SAT;NEGATIF;ARTIYOR;SAT;SAT;UCUZ (AL);0;17.09.2026
PENTA;izle;;13,3;0,0;1,9;11,4;42;3;zayif;11,7;27,0;36,2;asagi;zayif;zayif;asagi;1,48;-3,53;6;11,83;-3,74;31189263;13,32;SAT;NEGATIF;NOTR;NEGATIF;ARTIYOR;SAT;SAT;NOTR;0;17.09.2026
SEGYO;izle;;13,3;2,4;0,8;10,0;6;0;zayif;33,3;16,8;23,9;asagi;zayif;zayif;asagi;1,52;-6,61;3;2,99;-3,55;15071983;3,45;SAT;NEGATIF;SAT;NEGATIF;ARTIYOR;SAT;SAT;UCUZ (AL);0;17.09.2026
KLKIM;izle;;13,2;1,0;2,7;9,6;6;0;zayif;19,2;29,9;32,3;asagi;zayif;zayif;asagi;1,28;-3,23;3;24,12;0,33;55100235;27,06;SAT;NEGATIF;NOTR;NEGATIF;ARTIYOR;SAT;SAT;UCUZ (AL);0;17.09.2026
DESA;izle;;13,2;0,9;5,6;6,8;6;0;zayif;18,4;36,4;38,7;asagi;zayif;zayif;asagi;1,11;-2,33;3;9,05;1,69;23145339;10,41;SAT;NEGATIF;NOTR;NEGATIF;ARTIYOR;SAT;AL;NOTR;1;17.09.2026
DERHL;izle;;13,2;1,0;2,2;10,0;6;0;zayif;19,0;26,7;50,4;asagi;zayif;zayif;asagi;1,78;-4,30;3;1,82;-3,70;43832370;2,16;SAT;NEGATIF;NOTR;NEGATIF;ARTIYOR;SAT;SAT;UCUZ (AL);0;17.09.2026
ENDAE;izle;;13,2;4,1;7,0;2,0;28;2;zayif;20,3;35,1;24,3;asagi;zayif;zayif;asagi;0,82;-1,81;3;15,65;0,97;66720269;18,13;SAT;NEGATIF;SAT;NEGATIF;AZALIYOR;SAT;AL;NOTR;1;17.09.2026
SEYKM;izle;;13,1;1,1;2,0;10,0;6;0;zayif;20,2;24,2;29,9;asagi;zayif;zayif;asagi;1,89;-3,79;3;3,71;-9,95;9094731;4,61;SAT;NEGATIF;SAT;NEGATIF;ARTIYOR;SAT;SAT;NOTR;0;17.09.2026
YYAPI;izle;;13,1;2,4;0,7;10,0;0;0;zayif;48,9;14,7;27,7;asagi;zayif;zayif;asagi;1,53;-8,04;2;0,69;-5,48;4228962;0,77;SAT;NEGATIF;SAT;NEGATIF;ARTIYOR;SAT;SAT;UCUZ (AL);0;17.09.2026
DARDL;izle;;13,1;1,9;1,2;10,0;50;4;zayif;26,3;16,9;33,6;asagi;zayif;zayif;asagi;1,64;-5,81;4;1,36;-2,16;37388569;1,56;SAT;NEGATIF;SAT;NEGATIF;ARTIYOR;SAT;SAT;UCUZ (AL);0;17.09.2026
SNPAM;izle;;13,1;0,6;9,0;3,5;10;1;zayif;16,1;37,0;43,7;asagi;zayif;zayif;asagi;0,79;-2,61;2;18,43;1,88;657785;20,04;SAT;NEGATIF;NOTR;NEGATIF;ARTIYOR;SAT;AL;UCUZ (AL);1;17.09.2026
KAPLM;izle;;13,1;2,4;0,6;10,0;10;0;zayif;42,5;19,1;20,3;asagi;zayif;zayif;asagi;2,08;-6,54;5;271,5;-9,95;60328658;357,58;SAT;NEGATIF;SAT;NEGATIF;ARTIYOR;SAT;SAT;NOTR;0;17.09.2026
ANGEN;izle;;13,1;2,0;4,8;6,3;6;0;zayif;17,2;33,2;24,7;asagi;zayif;zayif;asagi;1,08;-3,30;3;8,07;-3,35;20810367;9,62;SAT;NEGATIF;NOTR;NEGATIF;ARTIYOR;SAT;SAT;UCUZ (AL);0;17.09.2026
KLGYO;izle;;13,0;1,9;1,2;10,0;6;0;zayif;25,8;27,9;18,6;asagi;zayif;zayif;asagi;1,42;-3,21;3;4;-1,48;53335452;4,74;SAT;NEGATIF;SAT;NEGATIF;ARTIYOR;SAT;SAT;UCUZ (AL);0;17.09.2026
GOZDE;izle;;13,0;3,7;7,7;1,7;0;0;zayif;17,2;40,1;45,6;asagi;zayif;zayif;asagi;0,80;-1,50;0;21,32;0,00;21605923;24,38;SAT;NEGATIF;NOTR;NEGATIF;AZALIYOR;SAT;SAT;NOTR;0;17.09.2026
SMRTG;izle;;13,0;2,1;0,9;10,0;0;0;zayif;27,3;20,4;24,4;asagi;zayif;zayif;asagi;1,78;-5,77;1;6,69;-9,96;271757935;8,76;SAT;NEGATIF;SAT;NEGATIF;ARTIYOR;SAT;SAT;NOTR;0;17.09.2026
GEDIK;izle;;13,0;1,7;1,3;10,0;0;0;zayif;24,7;18,3;17,0;asagi;zayif;zayif;asagi;1,42;-4,98;2;4,99;-5,13;37510239;5,68;SAT;NEGATIF;SAT;NEGATIF;ARTIYOR;SAT;SAT;NOTR;0;17.09.2026
BERA;izle;;13,0;1,7;8,5;2,8;6;0;zayif;24,7;40,2;47,3;asagi;zayif;zayif;asagi;0,87;-2,19;3;12,76;3,74;88104967;14,13;SAT;NEGATIF;SAT;NEGATIF;ARTIYOR;SAT;SAT;UCUZ (AL);0;17.09.2026
USAK;izle;;12,9;0,9;2,0;10,0;0;0;zayif;18,7;21,2;30,4;asagi;zayif;zayif;asagi;1,52;-4,63;2;1,09;-0,91;62653184;1,21;SAT;NEGATIF;NOTR;NEGATIF;ARTIYOR;SAT;SAT;UCUZ (AL);0;17.09.2026
HUBVC;izle;;12,9;1,8;1,2;10,0;10;0;zayif;25,0;21,1;32,0;asagi;zayif;zayif;asagi;2,26;-4,27;4;2,01;-0,99;10528929;2,41;SAT;NEGATIF;SAT;NEGATIF;ARTIYOR;SAT;SAT;NOTR;0;17.09.2026
ADESE;izle;;12,9;2,2;5,5;5,2;6;0;zayif;28,3;34,1;27,4;asagi;zayif;zayif;asagi;1,01;-2,51;3;0,8;0,00;106566830;0,89;SAT;NEGATIF;SAT;NEGATIF;ARTIYOR;SAT;SAT;UCUZ (AL);0;17.09.2026
NUGYO;izle;;12,9;1,0;2,7;9,2;0;0;zayif;19,4;29,1;36,2;asagi;zayif;zayif;asagi;1,22;-2,84;2;8,21;-1,32;17568152;9,40;SAT;NEGATIF;NOTR;NEGATIF;ARTIYOR;SAT;SAT;NOTR;0;17.09.2026
BURCE;izle;;12,9;0,7;2,2;10,0;16;1;zayif;16,9;25,8;25,8;asagi;zayif;zayif;asagi;1,58;-3,80;3;29,58;-0,60;78711345;34,41;SAT;NEGATIF;NOTR;NEGATIF;ARTIYOR;SAT;SAT;UCUZ (AL);0;17.09.2026
CEMTS;izle;;12,9;1,0;2,5;9,4;38;3;zayif;19,4;28,1;29,5;asagi;zayif;zayif;asagi;1,26;-3,54;3;8,15;-0,24;15516524;8,91;SAT;NEGATIF;NOTR;NEGATIF;ARTIYOR;SAT;SAT;UCUZ (AL);0;17.09.2026
BRKVY;izle;;12,9;2,4;1,9;8,6;6;0;zayif;29,7;29,4;51,5;asagi;zayif;zayif;asagi;0,74;-3,17;3;67,9;-9,95;30321152;86,39;SAT;NEGATIF;SAT;NEGATIF;ARTIYOR;SAT;SAT;UCUZ (AL);0;17.09.2026
BIOEN;izle;;12,9;6,3;3,0;3,6;6;0;zayif;21,9;32,4;40,3;asagi;zayif;zayif;asagi;0,91;-2,36;3;15,71;-3,44;128400469;18,88;SAT;NEGATIF;SAT;NEGATIF;ARTIYOR;SAT;SAT;NOTR;0;17.09.2026
KLMSN;izle;;12,8;1,3;1,5;10,0;16;1;zayif;21,4;25,9;25,1;asagi;zayif;zayif;asagi;1,44;-3,80;3;25,18;0,32;22182724;28,18;SAT;NEGATIF;SAT;NEGATIF;ARTIYOR;SAT;SAT;UCUZ (AL);0;17.09.2026
MAKIM;izle;;12,8;1,0;1,9;9,8;0;0;zayif;19,2;26,5;25,4;asagi;zayif;zayif;asagi;1,29;-3,88;2;13,31;1,60;21670384;15,18;SAT;NEGATIF;NOTR;NEGATIF;ARTIYOR;SAT;AL;NOTR;1;17.09.2026
BEGYO;izle;;12,7;1,9;0,8;10,0;10;0;zayif;26,2;20,2;19,7;asagi;zayif;zayif;asagi;1,34;-5,23;4;2,95;-2,96;12775704;3,35;SAT;NEGATIF;SAT;NEGATIF;ARTIYOR;SAT;SAT;UCUZ (AL);0;17.09.2026
EUHOL;izle;;12,7;2,4;0,3;10,0;10;0;zayif;31,7;24,3;16,7;asagi;zayif;zayif;asagi;1,80;-5,79;5;7,88;-9,94;9661770;9,79;SAT;NEGATIF;SAT;NEGATIF;ARTIYOR;SAT;SAT;UCUZ (AL);0;17.09.2026
SRVGY;izle;;12,7;1,3;1,4;10,0;6;0;zayif;21,5;26,1;23,3;asagi;zayif;zayif;asagi;1,38;-4,11;3;2,21;-0,45;46516347;2,51;SAT;NEGATIF;SAT;NEGATIF;ARTIYOR;SAT;SAT;UCUZ (AL);0;17.09.2026
MEDTR;izle;;12,7;2,1;0,5;10,0;10;0;zayif;27,7;17,8;9,5;asagi;zayif;zayif;asagi;2,17;-5,53;5;20,96;-3,14;12918968;24,10;SAT;NEGATIF;SAT;NEGATIF;ARTIYOR;SAT;SAT;UCUZ (AL);0;17.09.2026
IDGYO;izle;;12,6;2,4;2,9;7,2;10;0;zayif;38,7;25,0;20,1;asagi;zayif;zayif;asagi;1,13;-4,97;4;2,46;-3,53;4358581;2,97;SAT;NEGATIF;SAT;NEGATIF;ARTIYOR;SAT;SAT;UCUZ (AL);0;17.09.2026
TKNSA;izle;;12,6;1,5;7,1;4,0;20;1;zayif;22,9;35,4;22,1;asagi;zayif;zayif;asagi;0,58;-2,54;4;15,53;0,45;54952020;17,96;SAT;NEGATIF;SAT;NEGATIF;AZALIYOR;SAT;AL;UCUZ (AL);1;17.09.2026
LIDFA;izle;;12,6;0,5;2,1;10,0;10;0;zayif;15,8;28,1;33,6;asagi;zayif;zayif;asagi;1,67;-3,70;4;1,5;3,45;39655686;1,70;SAT;NEGATIF;NOTR;NEGATIF;ARTIYOR;SAT;AL;NOTR;1;17.09.2026
SANFM;izle;;12,6;4,9;0,0;7,7;6;0;zayif;25,6;22,5;14,0;asagi;zayif;zayif;asagi;1,16;-4,63;3;6,93;-9,88;44039187;8,62;SAT;NEGATIF;SAT;NEGATIF;ARTIYOR;SAT;SAT;NOTR;0;17.09.2026
SDTTR;izle;;12,5;3,8;6,9;1,8;10;1;zayif;17,9;34,6;40,5;asagi;zayif;zayif;asagi;0,81;-2,29;1;18,93;2,16;162012878;22,42;SAT;NEGATIF;NOTR;NEGATIF;AZALIYOR;SAT;AL;NOTR;1;17.09.2026
YUNSA;izle;;12,5;2,4;1,7;8,4;0;0;zayif;35,6;21,5;34,9;asagi;zayif;zayif;asagi;1,20;-5,53;2;6,67;-1,48;43337391;7,60;SAT;NEGATIF;SAT;NEGATIF;ARTIYOR;SAT;SAT;NOTR;0;17.09.2026
AKGRT;izle;;12,5;2,4;3,3;6,7;10;0;zayif;33,2;30,6;27,4;asagi;zayif;zayif;asagi;1,10;-4,13;4;5,64;3,68;82277036;6,06;SAT;NEGATIF;SAT;NEGATIF;ARTIYOR;SAT;SAT;UCUZ (AL);0;17.09.2026
LRSHO;izle;;12,5;0,3;2,2;10,0;32;3;zayif;14,1;23,4;32,5;asagi;zayif;zayif;asagi;1,36;-5,19;2;2,14;-3,17;46323305;2,49;SAT;NEGATIF;NOTR;NEGATIF;ARTIYOR;SAT;SAT;UCUZ (AL);0;17.09.2026
SNGYO;izle;;12,4;1,1;1,4;10,0;10;0;zayif;19,8;27,5;20,7;asagi;zayif;zayif;asagi;1,52;-3,90;4;2,78;1,09;120673484;3,19;SAT;NEGATIF;NOTR;NEGATIF;ARTIYOR;SAT;AL;UCUZ (AL);1;17.09.2026
SERNT;izle;;12,4;1,1;1,3;10,0;10;0;zayif;19,7;24,9;40,9;asagi;zayif;zayif;asagi;1,89;-3,99;4;6,69;-7,60;60635832;8,34;SAT;NEGATIF;NOTR;NEGATIF;ARTIYOR;SAT;SAT;NOTR;0;17.09.2026
TUREX;izle;;12,4;1,6;1,0;9,7;6;0;zayif;23,8;22,0;17,2;asagi;zayif;zayif;asagi;1,28;-5,68;3;5,3;-1,49;88572021;6,00;SAT;NEGATIF;SAT;NEGATIF;ARTIYOR;SAT;SAT;UCUZ (AL);0;17.09.2026
KOPOL;izle;;12,4;1,4;1,0;10,0;6;0;zayif;22,3;21,9;21,8;asagi;zayif;zayif;asagi;1,84;-5,31;3;4,14;-9,80;75818714;5,20;SAT;NEGATIF;SAT;NEGATIF;ARTIYOR;SAT;SAT;UCUZ (AL);0;17.09.2026
GLBMD;izle;;12,3;1,3;2,1;8,9;10;0;zayif;21,7;22,1;17,1;asagi;zayif;zayif;asagi;1,23;-3,74;4;10,3;-7,54;2156017;12,07;SAT;NEGATIF;SAT;NEGATIF;ARTIYOR;SAT;SAT;UCUZ (AL);0;17.09.2026
RUZYE;izle;;12,3;1,1;3,5;7,7;10;1;zayif;20,2;31,8;39,8;asagi;zayif;zayif;asagi;1,16;-3,32;1;6,85;-9,99;64632415;9,44;SAT;NEGATIF;SAT;NEGATIF;ARTIYOR;SAT;SAT;UCUZ (AL);0;17.09.2026
YATAS;izle;;12,3;2,4;3,8;6,0;0;0;zayif;33,7;30,2;33,7;asagi;zayif;zayif;asagi;1,06;-4,41;2;28,1;2,26;28480277;31,26;SAT;NEGATIF;SAT;NEGATIF;ARTIYOR;SAT;SAT;UCUZ (AL);0;17.09.2026
KOTON;izle;;12,3;1,0;2,3;9,0;10;0;zayif;19,3;26,2;19,4;asagi;zayif;zayif;asagi;1,24;-4,20;4;11,49;0,26;31710286;12,48;SAT;NEGATIF;NOTR;NEGATIF;ARTIYOR;SAT;SAT;UCUZ (AL);0;17.09.2026
QUAGR;izle;;12,3;0,4;1,9;10,0;6;0;zayif;14,8;26,4;40,4;asagi;zayif;zayif;asagi;1,43;-3,99;3;2,61;-3,33;158274138;3,14;SAT;NEGATIF;NOTR;NEGATIF;AZALIYOR;SAT;SAT;NOTR;0;17.09.2026
AYES;izle;;12,2;5,2;1,4;5,6;10;0;zayif;28,1;28,0;8,5;asagi;zayif;zayif;asagi;1,04;-4,20;6;25,8;-1,53;1778626;28,98;SAT;NEGATIF;SAT;NEGATIF;AZALIYOR;SAT;SAT;NOTR;0;17.09.2026
USHOL;izle;;12,2;4,5;0,8;6,8;40;4;zayif;23,3;25,3;34,7;asagi;zayif;zayif;asagi;1,11;-3,46;1;58,1;-4,99;36934635;76,98;SAT;NEGATIF;SAT;NEGATIF;ARTIYOR;SAT;SAT;NOTR;0;17.09.2026
ONRYT;izle;;12,1;0,2;1,9;9,9;6;0;zayif;13,5;27,2;48,5;asagi;zayif;zayif;asagi;1,30;-3,69;3;12,13;-8,66;66956387;15,20;SAT;NEGATIF;NOTR;NEGATIF;ARTIYOR;SAT;SAT;NOTR;0;17.09.2026
ORCAY;izle;;12,0;0,1;1,8;10,0;10;0;zayif;12,9;21,6;35,4;asagi;zayif;zayif;asagi;1,84;-4,87;4;2,82;-9,90;7965877;3,48;SAT;NEGATIF;NOTR;NEGATIF;ARTIYOR;SAT;SAT;UCUZ (AL);0;17.09.2026
VRGYO;izle;;11,9;0,9;1,0;10,0;10;1;zayif;19,0;23,7;44,8;asagi;zayif;zayif;asagi;1,56;-4,65;2;1,52;-5,00;28865562;1,79;SAT;NEGATIF;NOTR;NEGATIF;ARTIYOR;SAT;SAT;UCUZ (AL);0;17.09.2026
MARMR;izle;;11,9;1,9;0,0;10,0;10;0;zayif;26,0;20,1;23,1;asagi;zayif;zayif;asagi;1,48;-4,86;5;1,74;-2,25;137641242;2,11;SAT;NEGATIF;SAT;NEGATIF;ARTIYOR;SAT;AL;NOTR;1;17.09.2026
IZINV;izle;;11,9;0,6;1,3;10,0;10;0;zayif;16,2;18,4;34,1;asagi;zayif;zayif;asagi;2,15;-5,73;5;40,42;-9,33;25200496;49,84;SAT;NEGATIF;NOTR;NEGATIF;ARTIYOR;SAT;SAT;UCUZ (AL);0;17.09.2026
CASA;izle;;11,8;1,3;2,1;8,5;10;0;zayif;21,4;29,1;33,4;asagi;zayif;zayif;asagi;1,21;-5,00;4;61,55;-1,68;1223614;66,32;SAT;NEGATIF;SAT;NEGATIF;ARTIYOR;SAT;SAT;UCUZ (AL);0;17.09.2026
BARMA;izle;;11,8;2,4;8,0;1,3;6;0;zayif;63,9;22,1;26,2;asagi;zayif;zayif;asagi;0,78;-15,53;3;7,87;-6,42;5505104;9,89;AL;NEGATIF;SAT;NEGATIF;AZALIYOR;SAT;SAT;UCUZ (AL);1;17.09.2026
BVSAN;izle;;11,8;1,3;6,6;3,9;0;0;zayif;21,3;39,0;53,9;asagi;zayif;zayif;asagi;0,93;-2,00;0;97,15;-9,96;133700064;128,12;SAT;NEGATIF;SAT;NEGATIF;ARTIYOR;SAT;SAT;NOTR;0;17.09.2026
AKSUE;izle;;11,8;5,4;1,1;5,2;0;0;zayif;44,0;21,7;26,7;asagi;zayif;zayif;asagi;1,01;-5,91;2;21;-9,95;68226732;29,93;SAT;NEGATIF;SAT;NEGATIF;AZALIYOR;SAT;SAT;NOTR;0;17.09.2026
SMRVA;izle;;11,7;0,7;1,1;10,0;10;0;zayif;16,9;19,9;26,3;asagi;zayif;zayif;asagi;1,47;-6,10;4;8,37;-10,00;101118146;10,46;SAT;NEGATIF;NOTR;NEGATIF;ARTIYOR;SAT;SAT;UCUZ (AL);0;17.09.2026
A1YEN;izle;;11,7;0,6;1,1;10,0;6;0;zayif;16,5;21,9;33,0;asagi;zayif;zayif;asagi;1,59;-4,88;3;2,16;-10,00;55458516;2,68;SAT;NEGATIF;NOTR;NEGATIF;ARTIYOR;SAT;SAT;NOTR;0;17.09.2026
KFEIN;izle;;11,7;0,0;1,7;10,0;6;0;zayif;12,0;24,3;26,2;asagi;zayif;zayif;asagi;1,36;-3,94;3;6,9;-4,56;34921914;8,37;SAT;NEGATIF;NOTR;NEGATIF;ARTIYOR;SAT;SAT;NOTR;0;17.09.2026
HOROZ;izle;;11,7;0,5;1,1;10,0;6;0;zayif;15,8;25,4;39,9;asagi;zayif;zayif;asagi;1,38;-4,00;3;47,52;-7,91;86106478;59,71;SAT;NEGATIF;NOTR;NEGATIF;ARTIYOR;SAT;SAT;NOTR;0;17.09.2026
GLRYH;izle;;11,6;0,6;1,0;10,0;0;0;zayif;16,7;26,3;22,9;asagi;zayif;zayif;asagi;2,64;-4,59;2;2,42;-9,70;67050826;3,03;SAT;NEGATIF;NOTR;NEGATIF;ARTIYOR;SAT;SAT;UCUZ (AL);0;17.09.2026
ECZYT;izle;;11,6;1,4;0,1;10,0;40;4;zayif;22,5;22,8;20,6;asagi;zayif;zayif;asagi;2,03;-4,87;2;261;0,00;173089197;295,82;SAT;NEGATIF;SAT;NEGATIF;AZALIYOR;SAT;SAT;NOTR;0;17.09.2026
AYEN;izle;;11,5;3,2;5,4;3,0;0;0;zayif;13,2;34,5;42,1;asagi;zayif;zayif;asagi;0,88;-2,75;2;29,06;0,00;16917511;32,32;SAT;NEGATIF;NOTR;NEGATIF;AZALIYOR;SAT;SAT;NOTR;0;17.09.2026
BASCM;izle;;11,4;1,1;3,5;6,8;16;1;zayif;20,0;32,6;24,6;asagi;zayif;zayif;asagi;0,93;-3,99;3;12,61;-1,25;1008207;13,45;SAT;NEGATIF;NOTR;NEGATIF;AZALIYOR;SAT;AL;NOTR;1;17.09.2026
KAREL;izle;;11,4;2,4;1,1;7,9;10;0;zayif;29,7;20,2;13,1;asagi;zayif;zayif;asagi;1,17;-6,12;5;6,7;-3,87;78758540;7,93;SAT;NEGATIF;SAT;NEGATIF;ARTIYOR;SAT;SAT;NOTR;0;17.09.2026
EKIZ;izle;;11,4;2,4;3,4;5,6;0;0;zayif;37,6;28,1;32,9;asagi;zayif;zayif;asagi;1,03;-5,18;2;51,2;-5,19;670669;61,69;SAT;NEGATIF;SAT;NEGATIF;ARTIYOR;SAT;SAT;UCUZ (AL);0;17.09.2026
TSPOR;izle;;11,4;7,0;3,3;1,1;6;0;zayif;26,6;34,8;33,6;asagi;zayif;zayif;asagi;0,77;-2,08;3;0,92;-1,08;281348963;1,07;SAT;NEGATIF;SAT;NEGATIF;ARTIYOR;SAT;SAT;NOTR;0;17.09.2026
MEGMT;izle;;11,3;2,4;2,7;6,1;10;0;zayif;45,6;20,9;34,0;asagi;zayif;zayif;asagi;1,07;-6,79;4;36,1;-4,45;333095278;44,64;SAT;NEGATIF;SAT;NEGATIF;ARTIYOR;SAT;SAT;UCUZ (AL);0;17.09.2026
DMSAS;izle;;11,3;0,9;0,3;10,0;32;2;zayif;18,9;19,4;9,3;asagi;zayif;zayif;asagi;2,66;-5,24;6;6,75;-9,88;37347527;8,16;SAT;NEGATIF;NOTR;NEGATIF;ARTIYOR;SAT;SAT;UCUZ (AL);0;17.09.2026
MEPET;izle;;11,2;0,2;6,1;4,9;0;0;zayif;13,3;37,6;54,4;asagi;zayif;zayif;asagi;1,00;-1,89;2;17,85;-5,95;6872179;22,37;SAT;NEGATIF;NOTR;NEGATIF;ARTIYOR;SAT;SAT;NOTR;0;17.09.2026
SARKY;izle;;11,2;0,5;8,3;2,4;38;3;zayif;15,7;39,3;45,1;asagi;zayif;zayif;asagi;0,84;-2,24;3;22,5;3,50;129307208;25,49;SAT;NEGATIF;NOTR;NEGATIF;ARTIYOR;SAT;SAT;NOTR;0;17.09.2026
LILAK;izle;;11,1;1,2;2,9;6,9;28;2;zayif;20,8;30,2;36,3;asagi;zayif;zayif;asagi;1,12;-4,15;3;25,9;1,17;70536397;28,71;SAT;NEGATIF;SAT;NEGATIF;ARTIYOR;SAT;SAT;NOTR;0;17.09.2026
SAMAT;izle;;11,1;1,2;1,8;8,1;10;0;zayif;20,6;23,1;17,9;asagi;zayif;zayif;asagi;1,19;-3,47;5;4,59;-2,96;6014731;5,47;SAT;NEGATIF;SAT;NEGATIF;ARTIYOR;SAT;SAT;NOTR;0;17.09.2026
BINHO;izle;;11,0;3,7;2,1;5,2;10;0;zayif;16,9;27,8;40,8;asagi;zayif;zayif;asagi;1,01;-3,42;4;7,83;-9,90;270233713;9,95;SAT;NEGATIF;NOTR;NEGATIF;ARTIYOR;SAT;SAT;NOTR;0;17.09.2026
GRTHO;izle;;11,0;1,0;6,0;4,0;0;0;zayif;19,3;36,0;41,7;asagi;zayif;zayif;asagi;0,47;-2,83;1;178,5;-9,98;116511948;232,93;SAT;NEGATIF;NOTR;NEGATIF;ARTIYOR;SAT;SAT;UCUZ (AL);0;17.09.2026
AKYHO;izle;;10,9;1,3;4,2;5,4;6;0;zayif;21,2;31,4;22,0;asagi;zayif;zayif;asagi;1,02;-2,99;3;1,89;-3,08;3217984;2,27;SAT;NEGATIF;SAT;NEGATIF;AZALIYOR;SAT;SAT;UCUZ (AL);0;17.09.2026
PKENT;izle;;10,9;1,2;1,4;8,2;20;1;zayif;21,1;22,0;18,5;asagi;zayif;zayif;asagi;1,19;-4,70;4;110,4;-3,58;16183536;123,77;SAT;NEGATIF;SAT;NEGATIF;ARTIYOR;SAT;SAT;UCUZ (AL);0;17.09.2026
MNDTR;izle;;10,8;1,1;4,1;5,6;0;0;zayif;19,8;30,6;39,9;asagi;zayif;zayif;asagi;1,04;-2,75;2;4,69;-1,05;9235248;5,27;SAT;NEGATIF;NOTR;NEGATIF;ARTIYOR;SAT;SAT;UCUZ (AL);0;17.09.2026
EKOS;izle;;10,7;2,4;1,4;6,9;16;1;zayif;31,0;19,4;23,0;asagi;zayif;zayif;asagi;1,11;-5,67;3;4,06;-6,24;45092106;4,86;SAT;NEGATIF;SAT;NEGATIF;ARTIYOR;SAT;SAT;UCUZ (AL);0;17.09.2026
BIZIM;izle;;10,6;1,6;6,7;2,3;32;2;zayif;23,6;37,1;41,6;asagi;zayif;zayif;asagi;0,84;-2,18;4;22,74;0,53;6128248;25,67;SAT;NEGATIF;SAT;NEGATIF;AZALIYOR;SAT;SAT;NOTR;0;17.09.2026
ATAKP;izle;;10,5;2,4;1,2;6,8;10;0;zayif;41,4;16,9;14,7;asagi;zayif;zayif;asagi;1,11;-6,63;4;36,16;-0,06;14449319;40,32;SAT;NEGATIF;SAT;NEGATIF;ARTIYOR;SAT;SAT;UCUZ (AL);0;17.09.2026
LIDER;izle;;10,4;2,4;8,0;0,0;6;0;zayif;54,3;17,4;22,7;asagi;zayif;zayif;asagi;0,38;-10,67;3;17,55;-10,00;147802994;26,48;AL;NEGATIF;SAT;NEGATIF;AZALIYOR;SAT;SAT;UCUZ (AL);1;17.09.2026
SURGY;izle;;10,4;2,4;8,0;0,0;0;0;zayif;42,7;15,7;33,9;asagi;zayif;zayif;asagi;0,65;-9,14;2;26,48;-0,82;62735171;30,90;AL;NEGATIF;SAT;NEGATIF;AZALIYOR;SAT;SAT;UCUZ (AL);1;17.09.2026
YYLGD;izle;;10,4;0,6;1,3;8,4;0;0;zayif;16,8;26,1;22,0;asagi;zayif;zayif;asagi;1,21;-4,27;2;9,03;-0,11;65674206;9,93;SAT;NEGATIF;NOTR;NEGATIF;ARTIYOR;SAT;SAT;NOTR;0;17.09.2026
EUREN;izle;;10,3;0,8;2,0;7,6;28;2;zayif;17,7;27,1;47,0;asagi;zayif;zayif;asagi;1,16;-4,19;3;3,38;-4,25;112088817;3,92;SAT;NEGATIF;NOTR;NEGATIF;ARTIYOR;SAT;SAT;UCUZ (AL);0;17.09.2026
GZNMI;izle;;10,3;2,0;0,8;7,5;10;0;zayif;26,6;20,1;8,1;asagi;zayif;zayif;asagi;1,15;-5,25;5;39,98;-7,02;64059074;49,85;SAT;NEGATIF;SAT;NEGATIF;ARTIYOR;SAT;AL;NOTR;1;17.09.2026
KMPUR;izle;;10,2;5,4;2,5;2,2;0;0;zayif;30,3;27,2;38,4;asagi;zayif;zayif;asagi;0,83;-3,09;2;16,42;-3,70;32220096;20,31;SAT;NEGATIF;SAT;NEGATIF;ARTIYOR;SAT;SAT;NOTR;0;17.09.2026
ORMA;izle;;10,2;2,1;1,1;7,0;10;0;zayif;27,3;25,3;14,0;asagi;zayif;zayif;asagi;1,12;-6,19;4;134,5;-3,58;1385619;149,18;SAT;NEGATIF;SAT;NEGATIF;ARTIYOR;SAT;SAT;NOTR;0;17.09.2026
MTRYO;izle;;10,0;0,9;3,7;5,3;16;1;zayif;18,8;29,6;28,3;asagi;zayif;zayif;asagi;1,02;-2,74;3;7,94;-4,45;1912508;9,34;SAT;NEGATIF;NOTR;NEGATIF;ARTIYOR;SAT;SAT;NOTR;0;17.09.2026
MOPAS;izle;;9,9;2,4;1,2;6,2;10;0;zayif;36,0;17,7;28,3;asagi;zayif;zayif;asagi;1,07;-6,10;4;21,74;-1,54;52597886;24,50;SAT;NEGATIF;SAT;NEGATIF;ARTIYOR;SAT;SAT;UCUZ (AL);0;17.09.2026
MARBL;izle;;9,9;0,5;2,3;7,0;16;1;zayif;15,7;27,7;31,4;asagi;zayif;zayif;asagi;1,12;-2,74;3;11,24;-2,26;18165279;12,64;SAT;NEGATIF;NOTR;NEGATIF;ARTIYOR;SAT;SAT;NOTR;0;17.09.2026
TRILC;izle;;9,9;2,4;3,7;3,7;0;0;zayif;39,5;28,5;38,4;asagi;zayif;zayif;asagi;0,92;-7,86;1;0,96;-3,03;3485331;1,05;SAT;NEGATIF;SAT;NEGATIF;ARTIYOR;SAT;SAT;UCUZ (AL);0;17.09.2026
PRKAB;izle;;9,9;2,9;5,2;1,7;10;1;zayif;19,6;33,7;53,3;asagi;zayif;zayif;asagi;0,80;-2,71;2;29,22;-1,62;28255039;34,14;SAT;NEGATIF;NOTR;NEGATIF;ARTIYOR;SAT;SAT;NOTR;0;17.09.2026
EMNIS;izle;;9,8;0,2;5,1;4,5;6;0;zayif;13,4;34,3;29,4;asagi;zayif;zayif;asagi;0,84;-3,32;3;145;-2,68;779665;157,07;SAT;NEGATIF;NOTR;NEGATIF;ARTIYOR;SAT;SAT;NOTR;0;17.09.2026
RAYSG;izle;;9,7;1,4;4,0;4,3;10;0;zayif;22,4;32,1;29,3;asagi;zayif;zayif;asagi;0,96;-3,85;5;141,8;0,93;22015868;155,41;SAT;NEGATIF;SAT;NEGATIF;ARTIYOR;SAT;SAT;UCUZ (AL);0;17.09.2026
ALKA;izle;;9,6;0,6;2,7;6,4;32;3;zayif;16,2;28,6;31,1;asagi;zayif;zayif;asagi;1,08;-4,22;2;7,2;-3,36;20558059;8,18;SAT;NEGATIF;NOTR;NEGATIF;ARTIYOR;SAT;SAT;UCUZ (AL);0;17.09.2026
DOKTA;izle;;9,6;1,5;8,1;0,0;10;1;zayif;22,9;38,4;42,9;asagi;zayif;zayif;asagi;0,62;-1,61;2;21,24;1,72;7230372;24,48;SAT;NEGATIF;SAT;NEGATIF;ARTIYOR;SAT;SAT;NOTR;0;17.09.2026
POLTK;izle;;9,6;0,3;3,4;5,8;0;0;zayif;14,4;27,2;47,1;asagi;zayif;zayif;asagi;1,05;-3,41;1;3810;-2,56;25138380;4399,46;SAT;NEGATIF;NOTR;NEGATIF;ARTIYOR;SAT;SAT;UCUZ (AL);0;17.09.2026
HEDEF;izle;;9,4;5,4;4,0;0,0;0;0;zayif;44,2;16,8;-0,0;asagi;zayif;zayif;asagi;0,05;-9,66;1;21,5;-9,97;10961238;45,49;SAT;NEGATIF;SAT;NEGATIF;AZALIYOR;AL;AL;NOTR;2;17.09.2026
ODINE;izle;;9,4;5,4;4,0;0,0;0;0;zayif;39,5;18,1;42,5;asagi;zayif;zayif;asagi;0,02;-7,76;0;513,5;-9,99;3876412;921,91;SAT;NEGATIF;SAT;NEGATIF;AZALIYOR;SAT;AL;NOTR;1;17.09.2026
PASEU;izle;;9,4;5,4;4,0;0,0;6;0;zayif;38,8;24,0;0,0;asagi;zayif;zayif;asagi;0,02;-5,74;3;61,6;-9,94;11231282;103,36;SAT;NEGATIF;SAT;NEGATIF;AZALIYOR;SAT;AL;UCUZ (AL);1;17.09.2026
OYLUM;izle;;9,4;1,7;1,9;5,8;10;0;zayif;24,7;14,9;30,2;asagi;zayif;zayif;asagi;1,05;-4,06;4;6,44;-2,13;2824082;7,19;SAT;NEGATIF;SAT;NEGATIF;ARTIYOR;SAT;AL;UCUZ (AL);1;17.09.2026
AVHOL;izle;;9,4;2,0;3,6;3,8;6;0;zayif;26,8;27,8;33,8;asagi;zayif;zayif;asagi;0,93;-3,34;3;31,9;-3,92;54204193;36,08;SAT;NEGATIF;SAT;NEGATIF;ARTIYOR;SAT;SAT;NOTR;0;17.09.2026
PRDGS;izle;;9,3;5,0;0,0;4,3;20;1;zayif;26,4;22,8;6,5;asagi;zayif;zayif;asagi;0,96;-4,79;4;5,38;-9,88;32382215;6,87;SAT;NEGATIF;SAT;NEGATIF;ARTIYOR;SAT;AL;NOTR;1;17.09.2026
GEDZA;izle;;9,3;2,0;1,3;6,0;32;2;zayif;26,8;27,2;12,8;asagi;zayif;zayif;asagi;1,06;-3,74;5;25,08;0,48;13337243;27,78;SAT;NEGATIF;SAT;NEGATIF;AZALIYOR;SAT;AL;NOTR;1;17.09.2026
DOFRB;izle;;9,1;5,1;1,0;3,0;6;0;zayif;27,6;23,9;26,6;asagi;zayif;zayif;asagi;0,88;-5,59;3;88,6;-6,98;359160567;112,88;SAT;NEGATIF;SAT;NEGATIF;AZALIYOR;SAT;SAT;NOTR;0;17.09.2026
IHEVA;izle;;9,0;0,7;5,4;2,9;0;0;zayif;16,8;34,4;37,7;asagi;zayif;zayif;asagi;0,56;-2,37;1;1,83;-1,08;1768034;2,07;SAT;NEGATIF;NOTR;NEGATIF;ARTIYOR;SAT;SAT;UCUZ (AL);0;17.09.2026
ATEKS;izle;;8,9;2,4;3,0;3,4;10;0;zayif;31,4;30,2;28,8;asagi;zayif;zayif;asagi;0,90;-5,54;4;84,7;-1,51;954993;94,23;SAT;NEGATIF;SAT;NEGATIF;AZALIYOR;SAT;SAT;NOTR;0;17.09.2026
BRKSN;izle;;8,8;1,1;3,1;4,5;6;0;zayif;20,4;28,3;22,0;asagi;zayif;zayif;asagi;0,73;-2,77;3;7,2;-2,70;1683180;8,07;SAT;NEGATIF;SAT;NEGATIF;ARTIYOR;SAT;SAT;NOTR;0;17.09.2026
PKART;izle;;8,8;4,8;0,5;3,4;10;0;zayif;25,3;25,3;42,6;asagi;zayif;zayif;asagi;0,90;-3,37;4;96,6;-2,42;49109025;121,07;SAT;NEGATIF;SAT;NEGATIF;ARTIYOR;SAT;SAT;NOTR;0;17.09.2026
GWIND;izle;;8,7;0,3;4,8;3,6;6;0;zayif;14,5;33,4;38,5;asagi;zayif;zayif;asagi;0,92;-3,58;3;21,5;1,13;64625345;23,05;SAT;NEGATIF;NOTR;NEGATIF;ARTIYOR;SAT;SAT;NOTR;0;17.09.2026
PENGD;izle;;8,7;2,2;3,6;3,0;0;0;zayif;27,8;28,7;42,3;asagi;zayif;zayif;asagi;0,88;-4,01;2;8,46;-0,24;19411724;9,49;SAT;NEGATIF;SAT;NEGATIF;ARTIYOR;SAT;SAT;NOTR;0;17.09.2026
ESCOM;izle;;8,6;4,3;3,4;0,9;32;3;zayif;21,2;31,3;29,0;asagi;zayif;zayif;asagi;0,76;-2,94;2;4,76;1,06;65790421;5,34;SAT;NEGATIF;SAT;NEGATIF;ARTIYOR;SAT;SAT;NOTR;0;17.09.2026
DOFER;izle;;8,6;0,9;1,5;6,2;0;0;zayif;18,8;25,8;36,0;asagi;zayif;zayif;asagi;1,07;-4,33;2;24,66;-2,14;11708815;27,89;SAT;NEGATIF;NOTR;NEGATIF;ARTIYOR;SAT;SAT;UCUZ (AL);0;17.09.2026
BORLS;izle;;8,6;2,4;1,6;4,5;10;0;zayif;39,8;15,8;0,0;asagi;zayif;zayif;asagi;0,97;-6,49;4;2,37;-8,14;74787943;3,31;SAT;NEGATIF;SAT;NEGATIF;AZALIYOR;SAT;SAT;NOTR;0;17.09.2026
KAYSE;izle;;8,5;2,1;4,5;1,9;0;0;zayif;27,6;32,6;45,3;asagi;zayif;zayif;asagi;0,73;-2,48;2;3,69;-1,07;31889884;4,15;SAT;NEGATIF;SAT;NEGATIF;ARTIYOR;SAT;SAT;NOTR;0;17.09.2026
KRVGD;izle;;8,5;2,4;2,5;3,5;0;0;zayif;41,2;22,4;46,8;asagi;zayif;zayif;asagi;0,91;-4,63;1;2,06;-1,90;18327725;2,35;SAT;NEGATIF;SAT;NEGATIF;ARTIYOR;SAT;SAT;UCUZ (AL);0;17.09.2026
ASGYO;izle;;8,5;0,8;2,7;5,0;0;0;zayif;17,6;28,3;45,2;asagi;zayif;zayif;asagi;1,00;-2,89;2;10,31;-0,87;33599671;11,35;SAT;NEGATIF;NOTR;NEGATIF;ARTIYOR;SAT;SAT;NOTR;0;17.09.2026
OBASE;izle;;8,4;3,3;5,0;0,2;0;0;zayif;14,2;33,2;35,0;asagi;zayif;zayif;asagi;0,71;-2,90;2;33,28;-2,75;13067592;37,96;SAT;NEGATIF;NOTR;NEGATIF;ARTIYOR;SAT;SAT;NOTR;0;17.09.2026
RODRG;izle;;8,4;4,2;1,9;2,3;10;0;zayif;20,5;29,2;50,1;asagi;zayif;zayif;asagi;0,84;-3,03;5;20,3;-5,58;5435650;24,73;SAT;NEGATIF;SAT;NEGATIF;ARTIYOR;SAT;AL;NOTR;1;17.09.2026
KRSTL;izle;;8,4;2,4;1,4;4,5;6;0;zayif;44,6;22,2;22,5;asagi;zayif;zayif;asagi;0,97;-5,80;3;8,01;1,39;29531156;8,69;SAT;NEGATIF;SAT;NEGATIF;ARTIYOR;SAT;AL;NOTR;1;17.09.2026
SUWEN;izle;;8,4;1,1;7,3;0,0;10;1;zayif;19,9;38,5;80,2;asagi;zayif;zayif;asagi;0,46;-1,68;1;6,1;-3,79;23061282;7,06;SAT;NEGATIF;NOTR;NEGATIF;ARTIYOR;SAT;SAT;UCUZ (AL);0;17.09.2026
SEKFK;izle;;8,3;2,1;2,5;3,7;6;0;zayif;27,6;20,7;17,0;asagi;zayif;zayif;asagi;0,92;-4,09;3;4,03;-0,74;2117950;4,50;SAT;NEGATIF;SAT;NEGATIF;ARTIYOR;SAT;SAT;NOTR;0;17.09.2026
ARZUM;izle;;8,2;0,6;1,7;5,8;10;0;zayif;16,5;24,8;32,1;asagi;zayif;zayif;asagi;1,05;-5,03;4;1,35;-1,46;15547970;1,56;SAT;NEGATIF;NOTR;NEGATIF;AZALIYOR;SAT;SAT;UCUZ (AL);0;17.09.2026
IMASM;izle;;8,1;0,2;4,1;3,8;46;4;zayif;13,5;30,3;26,7;asagi;zayif;zayif;asagi;0,93;-4,26;3;2,04;-2,39;38355031;2,41;SAT;NEGATIF;NOTR;NEGATIF;AZALIYOR;SAT;SAT;UCUZ (AL);0;17.09.2026
FADE;izle;;8,1;3,4;1,7;3,0;6;0;zayif;14,8;28,1;21,2;asagi;zayif;zayif;asagi;0,88;-3,34;3;13,5;-0,66;28500296;15,37;SAT;NEGATIF;NOTR;NEGATIF;ARTIYOR;SAT;SAT;NOTR;0;17.09.2026
ULUUN;izle;;8,1;4,4;2,7;1,0;6;0;zayif;22,5;31,1;16,6;asagi;zayif;zayif;asagi;0,76;-3,03;3;7,23;-0,28;53762989;8,39;SAT;NEGATIF;SAT;NEGATIF;AZALIYOR;SAT;SAT;NOTR;0;17.09.2026
BAYRK;izle;;8,0;1,2;0,8;6,0;42;3;zayif;20,9;20,4;20,7;asagi;zayif;zayif;asagi;1,06;-4,81;4;3,48;-7,45;20679329;4,13;SAT;NEGATIF;SAT;NEGATIF;ARTIYOR;SAT;SAT;UCUZ (AL);0;17.09.2026
KBORU;izle;;8,0;5,4;1,3;1,3;6;0;zayif;32,4;23,1;13,9;asagi;zayif;zayif;asagi;0,78;-5,33;3;14,14;-4,65;170097045;18,45;SAT;NEGATIF;SAT;NEGATIF;AZALIYOR;SAT;SAT;NOTR;0;17.09.2026
SEKUR;izle;;8,0;4,4;1,0;2,6;10;0;zayif;22,4;24,1;23,6;asagi;zayif;zayif;asagi;0,86;-3,95;4;7,36;-9,91;13787407;9,68;SAT;NEGATIF;SAT;NEGATIF;ARTIYOR;SAT;SAT;NOTR;0;17.09.2026
FENER;izle;;8,0;1,4;1,8;4,8;6;0;zayif;22,1;29,6;32,9;asagi;zayif;zayif;asagi;0,99;-3,65;3;2,63;1,94;359083584;2,95;SAT;NEGATIF;SAT;NEGATIF;AZALIYOR;SAT;AL;NOTR;1;17.09.2026
ALFAS;izle;;7,9;1,5;1,4;4,9;42;3;zayif;23,3;25,5;26,3;asagi;zayif;zayif;asagi;0,99;-4,90;5;33,8;-3,10;67815103;38,86;SAT;NEGATIF;SAT;NEGATIF;ARTIYOR;SAT;SAT;NOTR;0;17.09.2026
CUSAN;izle;;7,8;1,0;5,8;1,0;0;0;zayif;19,6;36,2;51,3;asagi;zayif;zayif;asagi;0,76;-1,82;2;22,52;-3,18;14938439;25,82;SAT;NEGATIF;NOTR;NEGATIF;ARTIYOR;SAT;SAT;NOTR;0;17.09.2026
RNPOL;izle;;7,8;4,0;3,9;0,0;32;2;zayif;19,1;32,3;14,8;asagi;zayif;zayif;asagi;0,51;-2,49;5;2,05;-3,76;3529247;2,47;SAT;NEGATIF;NOTR;NEGATIF;ARTIYOR;SAT;SAT;NOTR;0;17.09.2026
FRIGO;izle;;7,8;0,7;3,7;3,4;10;0;zayif;16,9;34,4;23,2;asagi;zayif;zayif;asagi;0,91;-2,49;4;2,01;-9,87;79507544;2,58;SAT;NEGATIF;NOTR;NEGATIF;ARTIYOR;SAT;SAT;NOTR;0;17.09.2026
ESCAR;izle;;7,8;3,9;2,6;1,3;16;1;zayif;18,5;28,4;58,1;asagi;zayif;zayif;asagi;0,78;-3,24;3;37,34;-9,98;94750474;47,09;SAT;NEGATIF;NOTR;NEGATIF;ARTIYOR;SAT;SAT;NOTR;0;17.09.2026
CRDFA;izle;;7,7;5,4;2,2;0,0;6;0;zayif;38,8;19,2;41,6;asagi;zayif;zayif;asagi;0,22;-5,95;3;18,71;-9,96;8445114;24,00;SAT;NEGATIF;SAT;NEGATIF;ARTIYOR;SAT;SAT;NOTR;0;17.09.2026
INFO;izle;;7,6;4,3;3,3;0,0;6;0;zayif;21,9;30,7;34,3;asagi;zayif;zayif;asagi;0,10;-3,52;3;1,97;-9,63;21511959;2,71;SAT;NEGATIF;SAT;NEGATIF;AZALIYOR;SAT;AL;NOTR;1;17.09.2026
ALCTL;izle;;7,4;2,4;2,4;2,5;10;0;zayif;53,3;21,6;19,9;asagi;zayif;zayif;asagi;0,85;-5,71;4;95,4;-2,35;36291782;114,59;SAT;NEGATIF;SAT;NEGATIF;AZALIYOR;SAT;SAT;NOTR;0;17.09.2026
DGNMO;izle;;7,3;5,4;1,2;0,6;20;1;zayif;37,5;17,5;3,5;asagi;zayif;zayif;asagi;0,74;-4,17;4;5,74;-6,06;22191615;7,21;SAT;NEGATIF;SAT;NEGATIF;ARTIYOR;SAT;AL;NOTR;1;17.09.2026
ERCB;izle;;7,3;0,6;3,1;3,6;6;0;zayif;16,6;28,9;38,0;asagi;zayif;zayif;asagi;0,91;-3,99;3;39,88;-3,11;30383096;46,14;SAT;NEGATIF;NOTR;NEGATIF;ARTIYOR;SAT;SAT;UCUZ (AL);0;17.09.2026
KONKA;izle;;7,1;2,4;2,1;2,5;42;3;zayif;44,4;17,2;22,5;asagi;zayif;zayif;asagi;0,85;-6,73;4;8,33;-1,65;21172194;9,64;SAT;NEGATIF;SAT;NEGATIF;AZALIYOR;SAT;SAT;UCUZ (AL);0;17.09.2026
EKSUN;izle;;7,0;1,5;1,0;4,6;28;2;zayif;23,3;24,8;21,3;asagi;zayif;zayif;asagi;0,97;-4,66;3;4,94;-0,80;18955002;5,67;SAT;NEGATIF;SAT;NEGATIF;AZALIYOR;SAT;SAT;NOTR;0;17.09.2026
SAFKR;izle;;7,0;2,4;0,9;3,7;6;0;zayif;47,6;17,0;8,2;asagi;zayif;zayif;asagi;0,92;-7,04;3;11,86;-1,66;58474900;14,46;SAT;NEGATIF;SAT;NEGATIF;AZALIYOR;SAT;SAT;UCUZ (AL);0;17.09.2026
SKTAS;izle;;6,9;1,2;4,5;1,2;10;0;zayif;20,8;33,4;64,8;asagi;zayif;zayif;asagi;0,77;-2,34;5;2,94;-2,97;38133970;3,38;SAT;NEGATIF;SAT;NEGATIF;ARTIYOR;SAT;SAT;NOTR;0;17.09.2026
SANEL;izle;;6,7;4,1;1,8;0,9;10;0;zayif;19,9;25,5;34,0;asagi;zayif;zayif;asagi;0,75;-4,02;5;39,8;-4,69;13705011;52,67;SAT;NEGATIF;NOTR;NEGATIF;ARTIYOR;SAT;SAT;NOTR;0;17.09.2026
LYDYE;izle;;6,7;0,9;3,4;2,4;50;4;zayif;18,5;29,7;43,1;asagi;zayif;zayif;asagi;0,85;-3,57;5;10372,5;-10,00;20942078;13073,71;SAT;NEGATIF;NOTR;NEGATIF;ARTIYOR;SAT;SAT;UCUZ (AL);0;17.09.2026
LUKSK;izle;;6,7;0,7;1,8;4,2;10;0;zayif;16,8;22,5;41,5;asagi;zayif;zayif;asagi;0,95;-4,60;4;73,6;-2,00;6979341;84,58;SAT;NEGATIF;NOTR;NEGATIF;ARTIYOR;SAT;SAT;UCUZ (AL);0;17.09.2026
NIBAS;izle;;6,7;1,6;5,1;0,0;32;3;zayif;23,6;38,0;49,0;asagi;zayif;zayif;asagi;0,34;-1,89;1;3,62;-3,72;43032055;4,67;SAT;NEGATIF;SAT;NEGATIF;AZALIYOR;SAT;SAT;NOTR;0;17.09.2026
BULGS;izle;;6,6;2,4;0,9;3,2;0;0;zayif;45,8;14,9;33,4;asagi;zayif;zayif;asagi;0,89;-6,56;2;23,4;-10,00;64153534;29,77;SAT;NEGATIF;SAT;NEGATIF;ARTIYOR;SAT;SAT;UCUZ (AL);0;17.09.2026
BLCYT;izle;;6,5;2,1;4,5;0,0;0;0;zayif;27,2;35,8;50,8;asagi;zayif;zayif;asagi;0,48;-2,68;2;1,79;-1,65;41615565;2,24;SAT;NEGATIF;SAT;NEGATIF;AZALIYOR;SAT;SAT;UCUZ (AL);0;17.09.2026
MHRGY;izle;;6,5;1,2;3,5;1,8;22;2;zayif;21,0;29,9;50,4;asagi;zayif;zayif;asagi;0,81;-3,26;2;1,96;-2,00;12002327;2,31;SAT;NEGATIF;SAT;NEGATIF;AZALIYOR;SAT;SAT;NOTR;0;17.09.2026
SMART;izle;;6,5;0,2;1,7;4,6;10;0;zayif;13,1;25,3;24,8;asagi;zayif;zayif;asagi;0,98;-4,64;4;19,52;-3,84;17092122;23,24;SAT;NEGATIF;NOTR;NEGATIF;ARTIYOR;SAT;SAT;NOTR;0;17.09.2026
KTLEV;izle;;6,2;5,4;0,8;0,0;0;0;zayif;34,9;27,6;20,0;asagi;zayif;zayif;asagi;0,04;-4,56;2;24,72;-9,98;148227473;38,93;SAT;NEGATIF;SAT;NEGATIF;AZALIYOR;SAT;SAT;NOTR;0;17.09.2026
KTSKR;izle;;6,2;1,2;1,8;3,2;6;0;zayif;20,9;21,2;18,7;asagi;zayif;zayif;asagi;0,89;-5,23;3;67,15;-2,33;22220002;77,44;SAT;NEGATIF;SAT;NEGATIF;ARTIYOR;SAT;SAT;NOTR;0;17.09.2026
BIGCH;izle;;6,1;1,4;2,2;2,5;32;2;zayif;22,5;27,0;23,1;asagi;zayif;zayif;asagi;0,85;-4,27;4;4,75;1,50;25820497;5,63;SAT;NEGATIF;SAT;NEGATIF;AZALIYOR;SAT;SAT;UCUZ (AL);0;17.09.2026
YIGIT;izle;;6,0;1,2;4,8;0,0;0;0;zayif;20,8;33,4;45,5;asagi;zayif;zayif;asagi;0,69;-2,52;2;19,96;-0,70;54133017;22,35;SAT;NEGATIF;SAT;NEGATIF;AZALIYOR;SAT;SAT;NOTR;0;17.09.2026
BIENY;izle;;5,9;0,8;1,2;3,9;10;0;zayif;18,1;26,2;10,1;asagi;zayif;zayif;asagi;0,93;-3,26;4;18,5;-1,70;54842214;21,29;SAT;NEGATIF;NOTR;NEGATIF;ARTIYOR;SAT;SAT;UCUZ (AL);0;17.09.2026
CWENE;izle;;5,9;4,4;1,4;0,0;0;0;zayif;22,5;26,8;21,6;asagi;zayif;zayif;asagi;0,59;-4,84;2;24,42;-8,47;893181305;31,84;SAT;NEGATIF;SAT;NEGATIF;ARTIYOR;SAT;SAT;NOTR;0;17.09.2026
COSMO;izle;;5,9;0,9;5,0;0,0;0;0;zayif;18,3;35,1;30,8;asagi;zayif;zayif;asagi;0,55;-2,71;2;108,8;-1,54;3983821;128,34;SAT;NEGATIF;NOTR;NEGATIF;ARTIYOR;SAT;SAT;UCUZ (AL);0;17.09.2026
TSGYO;izle;;5,8;0,8;5,1;0,0;16;1;zayif;17,8;36,5;24,6;asagi;zayif;zayif;asagi;0,53;-2,75;3;5,35;2,29;9108305;5,99;SAT;NEGATIF;NOTR;NEGATIF;AZALIYOR;SAT;SAT;UCUZ (AL);0;17.09.2026
TMPOL;izle;;5,7;5,3;0,5;0,0;0;0;zayif;28,6;24,1;5,4;asagi;zayif;zayif;asagi;0,01;-5,16;1;233,6;-9,98;2248400;329,66;SAT;NEGATIF;SAT;NEGATIF;AZALIYOR;SAT;AL;NOTR;1;17.09.2026
SOKE;izle;;5,6;2,4;1,0;2,2;0;0;zayif;37,8;14,2;12,4;asagi;zayif;zayif;asagi;0,83;-7,28;2;9,04;0,44;26045126;10,95;SAT;NEGATIF;SAT;NEGATIF;AZALIYOR;SAT;SAT;NOTR;0;17.09.2026
ALKIM;izle;;5,6;0,7;2,5;2,4;22;2;zayif;17,3;28,4;29,4;asagi;zayif;zayif;asagi;0,84;-3,73;2;14,01;-0,07;20832015;15,70;SAT;NEGATIF;NOTR;NEGATIF;AZALIYOR;SAT;SAT;UCUZ (AL);0;17.09.2026
TLMAN;izle;;5,5;1,4;4,1;0,0;0;0;zayif;22,1;32,6;20,9;asagi;zayif;zayif;asagi;0,69;-3,08;2;73,35;1,87;8958089;80,60;SAT;NEGATIF;SAT;NEGATIF;ARTIYOR;SAT;SAT;UCUZ (AL);0;17.09.2026
GENTS;izle;;5,5;0,9;3,2;1,3;10;0;zayif;18,9;28,7;36,2;asagi;zayif;zayif;asagi;0,78;-4,24;4;4,71;0,21;22534326;5,21;SAT;NEGATIF;NOTR;NEGATIF;ARTIYOR;SAT;SAT;UCUZ (AL);0;17.09.2026
GESAN;izle;;5,4;5,4;0,0;0,0;10;1;zayif;36,0;21,7;14,8;asagi;zayif;zayif;asagi;0,39;-5,42;1;48,06;-10,00;322313140;62,34;SAT;NEGATIF;SAT;NEGATIF;ARTIYOR;SAT;SAT;NOTR;0;17.09.2026
DUNYH;izle;;5,4;5,4;0,0;0,0;38;3;zayif;40,7;17,1;2,5;asagi;zayif;zayif;asagi;0,36;-4,83;3;83,7;-10,00;36217241;118,04;SAT;NEGATIF;SAT;NEGATIF;AZALIYOR;SAT;SAT;NOTR;0;17.09.2026
TATEN;izle;;5,4;1,9;2,3;1,3;0;0;zayif;26,0;20,2;18,9;asagi;zayif;zayif;asagi;0,78;-6,71;2;6,05;-9,97;115967326;7,83;SAT;NEGATIF;SAT;NEGATIF;ARTIYOR;SAT;SAT;UCUZ (AL);0;17.09.2026
PNLSN;izle;;5,4;0,6;3,3;1,4;10;0;zayif;16,8;29,8;21,0;asagi;zayif;zayif;asagi;0,79;-3,31;4;36,94;-0,59;24835907;42,30;SAT;NEGATIF;NOTR;NEGATIF;ARTIYOR;SAT;SAT;NOTR;0;17.09.2026
BAKAB;izle;;5,3;1,7;3,6;0,0;10;0;zayif;24,5;28,0;20,1;asagi;zayif;zayif;asagi;0,64;-4,24;4;34,96;1,10;6428270;39,33;SAT;NEGATIF;SAT;NEGATIF;ARTIYOR;SAT;SAT;NOTR;0;17.09.2026
SNICA;izle;;5,3;0,4;4,6;0,3;6;0;zayif;15,0;32,3;33,2;asagi;zayif;zayif;asagi;0,72;-3,97;3;2,88;-1,03;31898370;3,29;SAT;NEGATIF;NOTR;NEGATIF;ARTIYOR;SAT;SAT;UCUZ (AL);0;17.09.2026
PINSU;izle;;5,2;1,8;3,4;0,0;22;2;zayif;25,3;30,7;58,8;asagi;zayif;zayif;asagi;0,42;-2,92;2;9,47;0,32;14112601;10,46;SAT;NEGATIF;SAT;NEGATIF;AZALIYOR;SAT;SAT;UCUZ (AL);0;17.09.2026
DOGUB;izle;;5,1;3,3;1,8;0,0;0;0;zayif;14,3;24,8;54,4;asagi;zayif;zayif;asagi;0,49;-4,52;1;48,34;-9,98;10719492;65,11;SAT;NEGATIF;NOTR;NEGATIF;AZALIYOR;SAT;SAT;NOTR;0;17.09.2026
SUNTK;izle;;4,9;1,5;3,3;0,0;6;0;zayif;23,1;29,0;55,5;asagi;zayif;zayif;asagi;0,70;-2,61;3;29,04;-1,56;23705613;36,09;SAT;NEGATIF;SAT;NEGATIF;ARTIYOR;SAT;SAT;UCUZ (AL);0;17.09.2026
KLRHO;izle;;4,9;2,0;1,3;1,7;0;0;zayif;26,5;17,7;9,5;asagi;zayif;zayif;asagi;0,80;-7,33;2;47,04;-9,97;159728177;60,07;SAT;NEGATIF;SAT;NEGATIF;ARTIYOR;SAT;SAT;UCUZ (AL);0;17.09.2026
PAMEL;izle;;4,9;1,0;0,9;3,0;10;0;zayif;19,2;16,0;56,4;asagi;zayif;zayif;asagi;0,88;-5,34;4;60;-5,06;17479980;71,07;SAT;NEGATIF;NOTR;NEGATIF;ARTIYOR;SAT;AL;UCUZ (AL);1;17.09.2026
SELVA;izle;;4,9;1,0;1,2;2,7;0;0;zayif;19,3;20,7;16,9;asagi;zayif;zayif;asagi;0,86;-5,91;2;1,34;-2,19;25849219;1,54;SAT;NEGATIF;NOTR;NEGATIF;ARTIYOR;SAT;SAT;UCUZ (AL);0;17.09.2026
KLSER;izle;;4,9;0,6;1,1;3,1;16;1;zayif;16,5;25,2;22,7;asagi;zayif;zayif;asagi;0,89;-4,80;3;21,38;0,47;26522873;23,36;SAT;NEGATIF;NOTR;NEGATIF;AZALIYOR;SAT;SAT;UCUZ (AL);0;17.09.2026
MSGYO;izle;;4,8;0,3;3,8;0,7;0;0;zayif;13,9;31,0;43,7;asagi;zayif;zayif;asagi;0,74;-3,19;2;5,24;-1,69;7612672;5,95;SAT;NEGATIF;NOTR;NEGATIF;ARTIYOR;SAT;SAT;NOTR;0;17.09.2026
PSGYO;izle;;4,7;4,0;0,7;0,0;0;0;zayif;19,1;21,5;17,5;asagi;zayif;zayif;asagi;0,29;-5,10;2;2,34;-9,65;84082499;2,90;SAT;NEGATIF;NOTR;NEGATIF;ARTIYOR;SAT;SAT;NOTR;0;17.09.2026
MEKAG;izle;;4,6;1,2;1,5;2,0;6;0;zayif;20,5;25,6;38,6;asagi;zayif;zayif;asagi;0,82;-4,07;3;2,57;-2,65;20371945;3,03;SAT;NEGATIF;SAT;NEGATIF;ARTIYOR;SAT;SAT;UCUZ (AL);0;17.09.2026
MMCAS;izle;;4,5;2,4;0,4;1,6;0;0;zayif;32,4;24,3;44,0;asagi;zayif;zayif;asagi;0,80;-6,92;2;31,5;-10,00;1255433;42,66;SAT;NEGATIF;SAT;NEGATIF;ARTIYOR;SAT;SAT;UCUZ (AL);0;17.09.2026
UFUK;izle;;4,5;3,9;0,6;0,0;38;3;zayif;18,6;21,8;53,6;asagi;zayif;zayif;asagi;0,16;-4,30;3;1130;-9,96;33238950;1512,66;SAT;NEGATIF;NOTR;NEGATIF;ARTIYOR;SAT;SAT;UCUZ (AL);0;17.09.2026
INGRM;izle;;4,3;0,4;3,9;0,0;0;0;zayif;15,1;32,1;47,2;asagi;zayif;zayif;asagi;0,56;-2,67;1;342,5;-2,00;13460593;394,41;SAT;NEGATIF;NOTR;NEGATIF;AZALIYOR;SAT;SAT;NOTR;0;17.09.2026
ISSEN;izle;;4,1;1,7;2,4;0,0;16;1;zayif;24,2;26,8;53,8;asagi;zayif;zayif;asagi;0,68;-2,89;3;6,38;-2,89;5609998;7,14;SAT;NEGATIF;SAT;NEGATIF;ARTIYOR;SAT;SAT;NOTR;0;17.09.2026
IHAAS;izle;;3,9;1,3;2,6;0,0;38;3;zayif;21,4;28,3;28,6;asagi;zayif;zayif;asagi;0,45;-4,01;3;42,62;-7,35;20510449;53,13;SAT;NEGATIF;SAT;NEGATIF;ARTIYOR;SAT;SAT;NOTR;0;17.09.2026
GIPTA;izle;;3,9;1,5;2,4;0,0;0;0;zayif;22,7;32,3;21,6;asagi;zayif;zayif;asagi;0,07;-2,85;1;55,55;-9,97;30796587;74,04;SAT;NEGATIF;SAT;NEGATIF;ARTIYOR;SAT;SAT;NOTR;0;17.09.2026
BSOKE;izle;;3,6;2,4;1,2;0,0;10;0;zayif;44,6;15,4;8,3;asagi;zayif;zayif;asagi;0,49;-6,34;4;15,9;-9,97;106796166;23,28;SAT;NEGATIF;SAT;NEGATIF;ARTIYOR;SAT;SAT;NOTR;0;17.09.2026
CONSE;izle;;3,6;1,6;1,7;0,3;16;1;zayif;24,0;24,9;29,7;asagi;zayif;zayif;asagi;0,72;-3,83;3;1,99;-1,49;14841209;2,33;SAT;NEGATIF;SAT;NEGATIF;ARTIYOR;SAT;SAT;UCUZ (AL);0;17.09.2026
ELITE;izle;;3,6;2,4;1,2;0,0;16;1;zayif;29,8;22,4;31,5;asagi;zayif;zayif;asagi;0,65;-5,51;3;22,94;1,87;23790982;25,69;SAT;NEGATIF;SAT;NEGATIF;ARTIYOR;SAT;AL;UCUZ (AL);1;17.09.2026
OYYAT;izle;;3,5;0,8;2,4;0,3;0;0;zayif;18,1;28,1;52,1;asagi;zayif;zayif;asagi;0,72;-4,07;2;30,22;-3,45;15319183;35,40;SAT;NEGATIF;NOTR;NEGATIF;AZALIYOR;SAT;AL;NOTR;1;17.09.2026
TEKTU;izle;;3,4;0,5;1,2;1,7;40;5;zayif;15,7;21,7;19,9;asagi;zayif;zayif;asagi;0,80;-4,98;2;5,97;-4,63;40212487;7,26;SAT;NEGATIF;NOTR;NEGATIF;ARTIYOR;SAT;SAT;UCUZ (AL);0;17.09.2026
DITAS;izle;;3,1;2,4;0,6;0,0;10;0;zayif;32,1;22,3;31,8;asagi;zayif;zayif;asagi;0,65;-5,93;4;13,56;-9,96;28994467;19,35;SAT;NEGATIF;SAT;NEGATIF;AZALIYOR;SAT;SAT;UCUZ (AL);0;17.09.2026
ONCSM;izle;;3,0;2,4;0,6;0,0;6;0;zayif;36,8;21,0;8,3;asagi;zayif;zayif;asagi;0,66;-6,07;3;128,4;-9,96;77949714;180,65;SAT;NEGATIF;SAT;NEGATIF;AZALIYOR;SAT;SAT;UCUZ (AL);0;17.09.2026
PLTUR;izle;;3,0;0,5;2,5;0,0;10;0;zayif;16,0;29,3;48,8;asagi;zayif;zayif;asagi;0,66;-3,68;4;17,83;-3,62;46522517;20,90;SAT;NEGATIF;NOTR;NEGATIF;ARTIYOR;SAT;SAT;NOTR;0;17.09.2026
SKYLP;izle;;3,0;2,4;0,5;0,0;0;0;zayif;38,5;20,3;14,1;asagi;zayif;zayif;asagi;0,29;-6,05;2;128;-9,99;2640512;176,63;SAT;NEGATIF;SAT;NEGATIF;AZALIYOR;SAT;SAT;UCUZ (AL);0;17.09.2026
ALVES;izle;;2,9;2,4;0,5;0,0;0;0;zayif;40,3;14,3;16,5;asagi;zayif;zayif;asagi;0,17;-10,39;0;0,73;-9,88;11330064;1,02;SAT;NEGATIF;SAT;NEGATIF;AZALIYOR;SAT;SAT;UCUZ (AL);0;17.09.2026
AGROT;izle;;2,6;0,3;2,3;0,0;22;2;zayif;13,9;24,8;35,5;asagi;zayif;zayif;asagi;0,43;-5,17;1;1,74;-3,33;74288625;2,06;SAT;NEGATIF;NOTR;NEGATIF;ARTIYOR;SAT;SAT;UCUZ (AL);0;17.09.2026
EGEGY;izle;;2,5;2,4;0,0;0,0;40;4;zayif;30,7;23,2;15,4;asagi;zayif;zayif;asagi;0,26;-5,34;2;18,13;-9,98;23789461;23,78;SAT;NEGATIF;SAT;NEGATIF;ARTIYOR;SAT;SAT;UCUZ (AL);0;17.09.2026
MAKTK;izle;;2,4;1,4;1,0;0,0;10;0;zayif;22,1;22,4;54,5;asagi;zayif;zayif;asagi;0,58;-4,59;4;8,13;-5,24;21019408;9,83;SAT;NEGATIF;SAT;NEGATIF;ARTIYOR;SAT;SAT;UCUZ (AL);0;17.09.2026
ENSRI;izle;;2,1;0,8;1,3;0,0;10;0;zayif;17,8;24,5;8,4;asagi;zayif;zayif;asagi;0,50;-7,50;4;3,75;-3,60;45040309;4,57;SAT;NEGATIF;NOTR;NEGATIF;AZALIYOR;SAT;AL;UCUZ (AL);1;17.09.2026
DAPGM;izle;;2,0;0,3;1,7;0,0;0;0;zayif;14,5;25,8;47,0;asagi;zayif;zayif;asagi;0,12;-4,72;1;6,16;-9,94;57782180;7,68;SAT;NEGATIF;NOTR;NEGATIF;ARTIYOR;SAT;SAT;UCUZ (AL);0;17.09.2026
ISKPL;izle;;1,6;1,1;0,5;0,0;0;0;zayif;20,0;22,0;13,7;asagi;zayif;zayif;asagi;0,69;-5,14;2;5,26;-9,93;143139381;7,00;SAT;NEGATIF;SAT;NEGATIF;ARTIYOR;SAT;SAT;UCUZ (AL);0;17.09.2026
HDFGS;izle;;1,0;1,0;0,0;0,0;32;2;zayif;19,4;16,5;30,5;asagi;zayif;zayif;asagi;0,12;-5,97;4;1,69;-9,63;9633395;2,09;SAT;NEGATIF;NOTR;NEGATIF;ARTIYOR;SAT;SAT;UCUZ (AL);0;17.09.2026