hisse;durum;yeni_sinyal;konfluans;trend_35;momentum_30;hacim_35;risk;uyumsuzluk;rejim;adx;rsi;mfi;supertrend;goreli_guc;usd_trend;haftalik_trend;hacim_orani;ema50_uzaklik_atr;dagitim_gun;kapanis;degisim%;islem_hacmi_tl;st_cizgisi;osc_macd;osc_rsi;osc_adx;osc_momentum;osc_atr;osc_wavetrend;osc_stochrsi;osc_sharpe;osc_al_sayisi;tarih
ENERY;GUCLU AL;;98,4;35,0;28,5;35,0;36;0;guclu trend;45,4;75,1;64,0;yukari;guclu;yukselis;yukari;1,50;4,16;1;12,85;1,50;1363439947;11,31;AL;POZITIF;AL;POZITIF;ARTIYOR;SAT;SAT;NOTR;4;18.09.2026
ISDMR;GUCLU AL;;98,2;33,3;30,0;34,8;8;0;guclu trend;25,7;62,9;76,4;yukari;guclu;yukselis;yukari;1,80;1,86;0;61,65;-0,72;235055606;54,38;AL;POZITIF;AL;POZITIF;AZALIYOR;SAT;SAT;NOTR;4;18.09.2026
TKFEN;GUCLU AL;;96,9;35,0;30,0;31,9;10;0;guclu trend;32,0;65,0;54,7;yukari;guclu;yukselis;yukari;1,70;2,99;2;244,8;-5,12;2426216717;203,20;AL;POZITIF;AL;POZITIF;ARTIYOR;AL;SAT;PAHALI (SAT);5;18.09.2026
CEOEM;GUCLU AL;;95,6;32,9;30,0;32,7;10;0;guclu trend;24,6;63,2;84,4;yukari;guclu;yukselis;yukari;1,74;2,36;0;30,22;-5,56;142724074;26,51;AL;POZITIF;AL;POZITIF;ARTIYOR;AL;SAT;NOTR;5;18.09.2026
AHGAZ;GUCLU AL;;94,1;35,0;30,0;29,1;28;0;guclu trend;30,5;68,2;59,4;yukari;guclu;yukselis;yukari;0,94;3,13;1;41,76;1,90;297815073;37,30;AL;POZITIF;AL;POZITIF;ARTIYOR;SAT;SAT;NOTR;4;18.09.2026
AGHOL;GUCLU AL;;93,6;32,2;27,9;33,6;0;0;guclu trend;23,0;53,6;72,5;yukari;guclu;zayif;yukari;1,56;0,59;2;34,06;-2,35;303197215;31,63;AL;POZITIF;AL;POZITIF;AZALIYOR;AL;SAT;NOTR;5;18.09.2026
BOSSA;AL;;89,5;25,7;30,0;33,8;0;0;zayif;19,1;63,1;72,3;yukari;guclu;yukselis;yukari;2,04;1,54;0;7,01;2,64;48844404;6,19;AL;POZITIF;NOTR;POZITIF;ARTIYOR;AL;AL;NOTR;5;18.09.2026
MPARK;AL;;89,4;27,9;27,7;33,8;0;0;ilimli;17,1;54,2;60,0;yukari;guclu;yukselis;yukari;1,27;0,52;2;436,75;0,40;312463179;411,23;AL;POZITIF;NOTR;POZITIF;ARTIYOR;AL;AL;NOTR;5;18.09.2026
CELHA;GUCLU AL;;88,5;34,9;28,7;24,9;0;0;guclu trend;29,8;51,3;70,5;yukari;guclu;yukselis;yukari;1,08;0,94;0;26,32;-6,00;69737025;24,80;AL;POZITIF;AL;POZITIF;ARTIYOR;SAT;SAT;NOTR;4;18.09.2026
TUPRS;izle;;88,0;35,0;26,0;27,0;42;2;guclu trend;37,0;66,4;61,3;yukari;guclu;yukselis;yukari;0,82;3,89;2;417,25;1,27;10068242083;374,32;SAT;POZITIF;AL;POZITIF;AZALIYOR;SAT;SAT;PAHALI (SAT);3;18.09.2026
BIMAS;GUCLU AL;;87,5;30,0;25,7;31,7;10;1;guclu trend;26,7;55,0;63,1;yukari;guclu;yukselis;yukari;1,14;1,38;2;419,75;0,42;4627202273;402,48;SAT;POZITIF;SAT;POZITIF;AZALIYOR;SAT;AL;NOTR;3;18.09.2026
BAHKM;GUCLU AL;;86,2;35,0;26,0;25,2;20;1;guclu trend;41,4;62,1;69,7;yukari;guclu;yukselis;yukari;0,98;2,31;1;178,8;5,18;385957859;146,75;SAT;POZITIF;AL;POZITIF;ARTIYOR;SAT;SAT;NOTR;3;18.09.2026
AYGAZ;izle;;84,8;35,0;26,0;23,8;40;4;guclu trend;37,5;54,2;66,7;yukari;guclu;yukselis;yukari;0,74;1,72;2;324,25;1,33;318816219;299,67;SAT;POZITIF;AL;NEGATIF;AZALIYOR;SAT;AL;NOTR;3;18.09.2026
RYGYO;izle;;84,0;27,0;26,0;31,0;6;0;guclu trend;30,7;58,6;51,2;asagi;guclu;yukselis;yukari;1,96;1,74;3;46,6;8,52;332342393;50,89;SAT;POZITIF;AL;NEGATIF;ARTIYOR;SAT;AL;NOTR;3;18.09.2026
SOKM;AL;;82,3;28,9;25,8;27,6;22;2;ilimli;18,5;55,9;77,2;yukari;guclu;yukselis;yukari;0,92;1,41;2;58,8;2,89;238838779;54,83;SAT;POZITIF;NOTR;POZITIF;ARTIYOR;SAT;AL;NOTR;3;18.09.2026
DEVA;GUCLU AL;;81,2;35,0;24,5;21,7;10;0;guclu trend;44,7;60,0;65,6;yukari;guclu;yukselis;yukari;0,71;2,72;2;99,1;-0,80;67422883;91,73;SAT;POZITIF;AL;POZITIF;AZALIYOR;SAT;AL;NOTR;4;18.09.2026
BMSTL;GUCLU AL;;79,2;32,1;28,6;18,5;0;0;guclu trend;22,7;56,6;67,2;yukari;guclu;yukselis;yukari;1,04;0,90;0;47,28;-2,31;171529949;43,46;AL;POZITIF;AL;POZITIF;ARTIYOR;AL;SAT;NOTR;5;18.09.2026
EFOR;izle;;79,0;20,0;28,4;30,6;0;0;ilimli;12,0;52,7;50,5;asagi;guclu;yukselis;yukari;1,73;0,80;2;19,4;6,65;2762160166;20,83;AL;POZITIF;NOTR;POZITIF;ARTIYOR;SAT;SAT;NOTR;3;18.09.2026
INVES;izle;;78,4;20,9;25,5;32,0;0;0;ilimli;18,5;56,3;35,5;asagi;guclu;yukselis;yukari;1,56;1,29;2;795;1,66;99756600;846,10;SAT;POZITIF;NOTR;POZITIF;AZALIYOR;AL;AL;NOTR;4;18.09.2026
LOGO;AL;EVET;76,4;12,3;29,1;35,0;18;1;zayif;17,2;58,1;61,5;yukari;guclu;yukselis;yukari;1,50;1,11;1;143,5;3,68;137478166;121,32;AL;POZITIF;NOTR;POZITIF;ARTIYOR;AL;AL;NOTR;5;18.09.2026
HUNER;izle;;76,3;31,2;22,4;22,8;40;5;guclu trend;20,2;51,0;60,0;yukari;guclu;yukselis;yukari;0,67;0,46;2;3,88;-3,48;158851146;3,50;SAT;POZITIF;AL;NEGATIF;AZALIYOR;SAT;SAT;NOTR;2;18.09.2026
DMRGD;izle;;75,2;24,0;25,3;26,0;12;0;guclu trend;22,2;51,2;61,4;asagi;guclu;zayif;yukari;2,62;0,22;1;11,14;-6,23;1328566883;11,92;AL;POZITIF;AL;POZITIF;ARTIYOR;AL;AL;PAHALI (SAT);6;18.09.2026
DMLKT;GUCLU AL;;75,2;35,0;23,8;16,4;10;0;guclu trend;37,5;57,0;62,3;yukari;guclu;yukselis;yukari;0,69;2,19;2;6,98;-0,57;34031597;6,62;SAT;POZITIF;AL;POZITIF;AZALIYOR;SAT;SAT;NOTR;3;18.09.2026
ALBRK;izle;;74,6;20,5;23,5;30,6;0;0;guclu trend;28,9;51,1;59,5;asagi;guclu;yukselis;yukari;1,18;0,44;2;8,72;2,11;197217118;9,13;SAT;POZITIF;SAT;POZITIF;AZALIYOR;SAT;AL;NOTR;3;18.09.2026
YKSLN;izle;;73,0;27,0;30,0;16,0;0;0;guclu trend;34,7;54,4;86,2;asagi;guclu;yukselis;yukari;0,02;1,61;0;3,72;-9,93;1109657;4,67;AL;POZITIF;AL;POZITIF;ARTIYOR;SAT;SAT;NOTR;4;18.09.2026
MARTI;izle;;72,8;27,0;29,8;16,0;0;0;guclu trend;57,1;53,8;83,9;asagi;guclu;yukselis;yukari;0,00;1,42;1;2,23;-9,72;805574;2,97;AL;POZITIF;AL;POZITIF;ARTIYOR;SAT;SAT;NOTR;4;18.09.2026
FLAP;AL;;71,9;34,5;22,7;14,8;0;0;guclu trend;38,3;53,1;64,0;yukari;guclu;yukselis;yukari;0,97;0,50;1;11,75;3,07;16855446;10,92;SAT;POZITIF;AL;POZITIF;AZALIYOR;SAT;SAT;NOTR;3;18.09.2026
HALKB;AL;;71,8;32,8;24,0;15,0;10;1;guclu trend;24,4;55,0;32,5;yukari;guclu;yukselis;yukari;0,51;1,40;2;46,52;-2,68;1599002559;44,37;SAT;POZITIF;AL;NEGATIF;AZALIYOR;SAT;AL;NOTR;3;18.09.2026
MRGYO;izle;;71,4;27,0;28,4;16,0;0;0;guclu trend;47,7;50,7;81,2;asagi;guclu;yukselis;yukari;0,01;0,80;0;1,73;-9,90;1750461;2,23;AL;POZITIF;AL;POZITIF;ARTIYOR;SAT;SAT;NOTR;4;18.09.2026
TRMET;izle;;71,0;20,9;21,2;28,9;0;0;zayif;18,4;45,3;56,8;asagi;guclu;zayif;yukari;1,26;-0,31;2;130,5;-1,14;895295250;146,21;SAT;NEGATIF;NOTR;NEGATIF;AZALIYOR;SAT;AL;NOTR;1;18.09.2026
KGYO;AL;EVET;70,4;28,8;23,3;18,2;16;1;ilimli;18,0;50,8;34,5;yukari;guclu;yukselis;yukari;0,56;0,36;3;11,79;3,60;124323322;10,80;SAT;POZITIF;NOTR;NEGATIF;ARTIYOR;SAT;AL;NOTR;2;18.09.2026
KRPLS;AL;;70,3;35,0;22,9;12,4;28;2;guclu trend;43,5;51,9;61,7;yukari;guclu;yukselis;yukari;0,96;0,86;3;11,5;-3,20;78623568;11,28;SAT;POZITIF;AL;POZITIF;ARTIYOR;SAT;SAT;NOTR;3;18.09.2026
KCHOL;izle;;68,9;22,4;21,9;24,5;28;2;guclu trend;30,4;49,9;73,9;asagi;guclu;yukselis;yukari;1,37;0,63;3;214,7;-1,83;9672743839;229,66;SAT;NEGATIF;SAT;NEGATIF;AZALIYOR;SAT;AL;NOTR;1;18.09.2026
TRENJ;izle;;68,8;28,7;20,9;19,2;50;5;ilimli;17,3;48,2;57,0;yukari;guclu;yukselis;yukari;1,03;0,30;4;102,4;-1,35;166517862;98,12;SAT;NEGATIF;NOTR;NEGATIF;AZALIYOR;SAT;AL;NOTR;1;18.09.2026
ORGE;AL;;67,1;29,1;20,7;17,4;28;2;ilimli;19,9;47,1;30,6;yukari;guclu;zayif;yukari;0,98;0,08;3;22,2;-0,72;103066408;20,44;SAT;NEGATIF;NOTR;NEGATIF;AZALIYOR;SAT;SAT;NOTR;0;18.09.2026
TRHOL;izle;;66,4;27,0;23,4;16,0;0;0;guclu trend;61,6;49,7;97,1;asagi;guclu;yukselis;yukari;0,05;1,93;0;3282,5;-9,95;40404293;4085,52;SAT;NEGATIF;AL;NEGATIF;ARTIYOR;SAT;SAT;PAHALI (SAT);1;18.09.2026
TRALT;izle;;66,1;20,6;22,3;23,3;10;1;zayif;16,1;47,9;58,3;asagi;guclu;zayif;yukari;0,90;-0,08;2;50,2;1,29;4507248817;56,70;SAT;NEGATIF;NOTR;NEGATIF;AZALIYOR;SAT;AL;NOTR;1;18.09.2026
YGGYO;izle;;66,0;13,5;21,5;31,0;0;0;zayif;15,5;48,4;43,1;asagi;guclu;zayif;yukari;2,35;-0,34;2;221,4;2,36;71919797;236,77;SAT;NEGATIF;NOTR;NEGATIF;ARTIYOR;SAT;AL;NOTR;1;18.09.2026
TRCAS;AL;;65,0;29,3;21,1;14,7;0;0;guclu trend;21,4;47,7;58,3;yukari;guclu;yukselis;yukari;0,60;0,28;1;46,96;-0,38;27090050;45,06;SAT;NEGATIF;SAT;NEGATIF;AZALIYOR;SAT;SAT;NOTR;0;18.09.2026
AKFIS;izle;;64,0;21,6;16,9;25,6;6;0;guclu trend;23,7;44,9;30,9;asagi;guclu;zayif;yukari;1,27;-0,22;3;15,34;9,96;383747894;17,46;SAT;NEGATIF;SAT;NEGATIF;ARTIYOR;SAT;AL;PAHALI (SAT);1;18.09.2026
RYSAS;izle;;63,8;22,0;15,8;26,0;10;1;guclu trend;26,5;42,6;45,6;asagi;guclu;zayif;yukari;1,89;-0,35;2;24,18;1,60;949623534;28,46;SAT;NEGATIF;SAT;NEGATIF;AZALIYOR;SAT;SAT;NOTR;0;18.09.2026
ALARK;izle;;63,7;21,9;20,4;21,3;10;1;guclu trend;25,9;47,2;75,7;asagi;guclu;zayif;yukari;0,71;0,07;2;107,8;-1,55;354026735;117,47;SAT;NEGATIF;SAT;NEGATIF;AZALIYOR;SAT;AL;NOTR;1;18.09.2026
AVGYO;izle;;63,1;20,5;23,6;19,1;40;5;ilimli;15,5;51,5;47,1;asagi;guclu;yukselis;yukari;1,19;0,46;2;16,42;5,05;36159402;18,21;SAT;POZITIF;NOTR;POZITIF;ARTIYOR;SAT;SAT;NOTR;2;18.09.2026
VAKBN;izle;;61,1;20,1;21,3;19,7;0;0;guclu trend;25,2;50,0;65,1;asagi;guclu;yukselis;yukari;0,69;0,30;2;33,1;0,30;2074764204;38,36;SAT;POZITIF;SAT;NEGATIF;AZALIYOR;SAT;AL;NOTR;2;18.09.2026
OFSYM;izle;;60,7;24,9;16,9;18,8;20;1;guclu trend;38,3;44,4;55,8;yukari;guclu;yukselis;yukari;0,53;-0,26;5;60,9;-3,94;65953056;58,06;SAT;NEGATIF;SAT;NEGATIF;ARTIYOR;SAT;AL;NOTR;1;18.09.2026
EBEBK;izle;;60,6;21,9;18,8;19,9;0;0;zayif;16,8;46,5;46,0;asagi;guclu;zayif;yukari;0,60;-0,35;2;80,55;-2,66;33097673;87,54;SAT;NEGATIF;NOTR;NEGATIF;AZALIYOR;SAT;SAT;NOTR;0;18.09.2026
TOASO;izle;;59,3;16,7;27,0;15,6;10;1;ilimli;19,9;52,8;58,4;yukari;guclu;yukselis;asagi;1,02;0,21;0;284,5;-0,87;1084649991;263,78;AL;POZITIF;NOTR;POZITIF;ARTIYOR;SAT;SAT;NOTR;3;18.09.2026
KRDMD;izle;;59,3;21,3;23,3;14,6;46;4;guclu trend;21,5;49,1;39,2;asagi;guclu;zayif;yukari;0,75;0,35;3;44,02;-0,14;1805357704;48,15;SAT;NEGATIF;SAT;POZITIF;AZALIYOR;SAT;AL;NOTR;2;18.09.2026
ANSGR;izle;;57,8;8,5;25,3;24,0;0;0;zayif;18,6;51,3;63,0;asagi;guclu;zayif;asagi;1,80;-0,25;2;27,1;2,96;226230800;28,02;AL;POZITIF;NOTR;POZITIF;ARTIYOR;AL;SAT;NOTR;4;18.09.2026
TTRAK;izle;;57,2;9,7;22,4;25,1;6;0;zayif;24,7;50,8;40,0;yukari;guclu;zayif;asagi;1,36;-0,05;3;427,25;1,97;55361346;409,40;SAT;POZITIF;SAT;NEGATIF;ARTIYOR;SAT;AL;UCUZ (AL);2;18.09.2026
SKYMD;izle;;57,2;29,1;16,2;12,0;16;1;guclu trend;28,4;43,4;65,3;yukari;guclu;zayif;yukari;0,88;-0,42;3;14,7;-2,52;47885059;14,07;SAT;NEGATIF;SAT;NEGATIF;ARTIYOR;SAT;SAT;NOTR;0;18.09.2026
BRSAN;izle;;56,4;22,0;23,0;11,3;6;0;guclu trend;26,7;45,9;38,9;asagi;guclu;yukselis;yukari;0,59;0,22;3;655,5;-1,58;882559301;709,48;SAT;NEGATIF;SAT;NEGATIF;AZALIYOR;SAT;AL;NOTR;1;18.09.2026
PETKM;izle;;55,9;24,4;21,4;10,0;10;1;guclu trend;23,4;49,4;39,5;asagi;guclu;yukselis;yukari;0,82;0,27;2;21,44;-0,46;1986366945;25,35;SAT;NEGATIF;AL;POZITIF;AZALIYOR;SAT;SAT;NOTR;2;18.09.2026
EUKYO;izle;;54,4;27,0;11,0;16,4;0;0;guclu trend;45,6;36,8;54,7;asagi;zayif;zayif;yukari;0,40;-0,63;1;12,51;-10,00;4751974;15,49;SAT;NEGATIF;AL;NEGATIF;ARTIYOR;SAT;SAT;NOTR;1;18.09.2026
ALTIN;izle;;54,4;11,3;24,1;18,9;0;0;zayif;15,9;53,7;55,5;asagi;guclu;yukselis;asagi;0,92;0,70;1;75,07;1,08;1278941916;77,86;SAT;POZITIF;NOTR;POZITIF;ARTIYOR;AL;AL;UCUZ (AL);4;18.09.2026
AVPGY;izle;;54,3;19,6;20,9;13,7;0;0;zayif;27,2;48,4;45,6;yukari;guclu;zayif;asagi;1,44;-0,12;2;54,1;-1,73;61515920;51,57;SAT;NEGATIF;AL;POZITIF;ARTIYOR;SAT;SAT;NOTR;2;18.09.2026
GUBRF;izle;;53,9;15,4;18,2;20,3;22;2;zayif;29,5;43,9;45,4;asagi;guclu;zayif;asagi;1,30;-0,83;2;443,5;3,32;2211570849;485,59;SAT;NEGATIF;SAT;NEGATIF;ARTIYOR;SAT;AL;NOTR;1;18.09.2026
SANKO;izle;;53,7;15,0;21,2;17,6;6;0;zayif;36,9;43,7;74,7;yukari;guclu;zayif;asagi;1,21;-0,86;3;19,02;-5,84;12205514;18,50;AL;NEGATIF;AL;NEGATIF;ARTIYOR;SAT;SAT;NOTR;2;18.09.2026
CRFSA;izle;;53,1;22,4;22,6;8,0;50;4;guclu trend;36,8;45,0;44,6;asagi;guclu;yukselis;yukari;0,44;0,06;4;237,5;-4,58;266236313;305,34;SAT;NEGATIF;SAT;NEGATIF;AZALIYOR;SAT;AL;NOTR;1;18.09.2026
UNLU;izle;;52,7;15,0;27,7;10,0;6;0;zayif;31,3;58,4;40,0;yukari;guclu;yukselis;asagi;4,37;0,50;3;11,59;9,96;119131895;9,82;AL;POZITIF;AL;POZITIF;ARTIYOR;AL;AL;UCUZ (AL);6;18.09.2026
OZSUB;izle;;51,3;21,1;13,5;16,6;16;1;guclu trend;20,2;38,9;13,6;asagi;guclu;zayif;yukari;1,16;-0,40;3;37,42;-2,30;113279957;45,04;SAT;NEGATIF;SAT;NEGATIF;ARTIYOR;SAT;SAT;NOTR;0;18.09.2026
ENJSA;izle;;50,5;26,4;15,3;8,8;38;3;zayif;20,2;43,7;47,6;yukari;guclu;zayif;asagi;0,90;-0,71;3;108;-3,14;434391768;106,65;SAT;NEGATIF;SAT;NEGATIF;AZALIYOR;SAT;AL;NOTR;1;18.09.2026
YKBNK;izle;;49,7;8,8;23,3;17,5;0;0;ilimli;18,6;52,3;53,7;asagi;guclu;yukselis;yukari;1,02;0,35;2;36,24;2,60;9602978194;37,23;SAT;POZITIF;NOTR;POZITIF;AZALIYOR;SAT;AL;NOTR;3;18.09.2026
ZRGYO;izle;;49,5;16,5;17,5;15,5;40;4;zayif;21,0;43,7;45,5;yukari;guclu;zayif;asagi;4,95;-0,35;2;18,97;-4,72;168166868;18,80;SAT;NEGATIF;AL;NEGATIF;ARTIYOR;SAT;SAT;UCUZ (AL);1;18.09.2026
ASELS;izle;;48,7;20,9;21,4;6,4;0;0;zayif;18,8;45,6;39,9;asagi;guclu;zayif;asagi;0,75;-0,48;2;372,75;-1,84;8930332945;413,49;SAT;NEGATIF;NOTR;NEGATIF;AZALIYOR;SAT;AL;NOTR;1;18.09.2026
TAVHL;izle;;48,4;1,8;23,2;23,4;46;5;zayif;12,8;53,6;47,8;asagi;guclu;zayif;asagi;1,17;0,32;3;276,25;0,91;1268917358;279,10;SAT;POZITIF;NOTR;POZITIF;AZALIYOR;AL;AL;NOTR;4;18.09.2026
AGESA;izle;;47,5;20,3;17,5;9,7;10;0;zayif;26,9;42,8;57,6;asagi;guclu;zayif;asagi;0,96;-0,72;4;240,5;-0,21;51128857;262,88;SAT;NEGATIF;SAT;NEGATIF;AZALIYOR;SAT;AL;NOTR;1;18.09.2026
HRKET;izle;;46,8;8,6;20,2;18,0;6;0;zayif;18,2;46,8;43,2;asagi;zayif;zayif;asagi;1,61;-0,77;3;88;-1,68;312382048;97,81;AL;NEGATIF;NOTR;NEGATIF;AZALIYOR;AL;AL;NOTR;3;18.09.2026
NETAS;izle;;46,7;22,4;16,3;8,0;6;0;guclu trend;40,2;42,9;67,6;asagi;guclu;yukselis;yukari;0,66;-0,15;3;81,45;-3,21;127494744;108,15;SAT;NEGATIF;SAT;NEGATIF;ARTIYOR;SAT;SAT;NOTR;0;18.09.2026
GSDDE;izle;;46,0;31,3;14,6;0,0;0;0;zayif;20,6;43,9;36,7;yukari;guclu;zayif;asagi;0,70;-0,64;1;12,75;-5,42;45899286;12,38;SAT;NEGATIF;AL;NEGATIF;ARTIYOR;SAT;SAT;NOTR;1;18.09.2026
KONYA;izle;;44,6;20,0;20,9;3,7;10;1;zayif;32,4;46,9;60,8;yukari;guclu;zayif;asagi;0,65;-0,18;1;3852,5;-3,14;55591575;3764,83;SAT;NEGATIF;AL;NEGATIF;ARTIYOR;SAT;SAT;NOTR;1;18.09.2026
EGEEN;izle;;44,5;11,3;23,2;10,0;0;0;zayif;28,1;45,4;62,6;asagi;guclu;zayif;asagi;1,39;-0,72;2;5235;-9,97;218603130;6716,05;AL;NEGATIF;AL;POZITIF;ARTIYOR;SAT;SAT;UCUZ (AL);3;18.09.2026
TURSG;izle;;44,4;6,8;20,1;17,4;0;0;zayif;15,8;48,6;61,4;asagi;guclu;zayif;asagi;1,02;-0,47;2;6,14;2,33;528270895;6,53;SAT;NEGATIF;NOTR;POZITIF;ARTIYOR;SAT;AL;NOTR;2;18.09.2026
KRGYO;izle;;43,7;17,3;18,5;8,0;0;0;guclu trend;42,9;44,1;56,0;asagi;guclu;yukselis;yukari;0,66;-0,06;1;2,99;-9,94;50004389;3,86;SAT;NEGATIF;SAT;POZITIF;ARTIYOR;SAT;SAT;NOTR;1;18.09.2026
ATATP;izle;;43,7;22,4;7,7;13,5;32;2;guclu trend;30,8;36,9;27,1;asagi;zayif;zayif;yukari;1,03;-1,00;4;250;-5,66;277775000;308,73;SAT;NEGATIF;SAT;NEGATIF;ARTIYOR;SAT;SAT;NOTR;0;18.09.2026
BIGEN;izle;;43,5;21,8;5,7;16,0;0;0;guclu trend;25,6;38,7;68,5;asagi;zayif;zayif;yukari;0,01;-1,06;0;114,5;-9,98;4210967;155,55;SAT;NEGATIF;SAT;NEGATIF;AZALIYOR;SAT;SAT;PAHALI (SAT);0;18.09.2026
SONME;izle;;42,9;20,0;14,2;8,7;6;0;zayif;31,0;40,0;37,9;yukari;guclu;zayif;asagi;1,21;-0,64;3;129,6;-0,15;5568264;126,44;SAT;NEGATIF;AL;NEGATIF;ARTIYOR;SAT;AL;NOTR;2;18.09.2026
AKBNK;izle;;42,7;8,9;22,5;11,3;38;3;zayif;19,2;49,8;50,7;asagi;guclu;yukselis;asagi;1,07;0,01;3;70,7;-1,19;14942018608;74,93;SAT;NEGATIF;NOTR;NEGATIF;ARTIYOR;SAT;AL;NOTR;1;18.09.2026
ECOGR;izle;;41,6;20,1;13,5;8,0;10;1;zayif;15,4;39,8;64,4;yukari;zayif;zayif;asagi;0,49;-1,46;2;33,26;-5,51;104189378;32,54;AL;NEGATIF;NOTR;POZITIF;ARTIYOR;SAT;SAT;NOTR;2;18.09.2026
OZATD;izle;;41,5;22,4;3,1;16,0;28;2;guclu trend;32,0;32,1;69,1;asagi;zayif;zayif;yukari;0,00;-1,09;3;3632,5;-9,98;1078853;4496,96;SAT;NEGATIF;SAT;NEGATIF;ARTIYOR;SAT;SAT;PAHALI (SAT);0;18.09.2026
TNZTP;izle;;40,5;19,0;11,6;9,8;32;3;zayif;17,9;38,4;41,7;asagi;guclu;zayif;asagi;1,29;-0,85;2;27;-4,05;167757669;32,10;SAT;NEGATIF;NOTR;NEGATIF;ARTIYOR;SAT;SAT;NOTR;0;18.09.2026
ZOREN;izle;;40,4;15,0;17,4;8,0;0;0;zayif;39,8;42,3;47,2;yukari;guclu;zayif;asagi;0,68;-1,35;1;2,29;-6,53;161009616;2,20;AL;NEGATIF;AL;NEGATIF;ARTIYOR;SAT;SAT;UCUZ (AL);2;18.09.2026
IEYHO;izle;;40,3;22,4;1,8;16,0;0;0;guclu trend;77,3;29,2;99,2;asagi;zayif;zayif;yukari;0,14;-2,54;0;167,7;-9,98;45600649;193,08;SAT;NEGATIF;SAT;NEGATIF;ARTIYOR;SAT;SAT;PAHALI (SAT);0;18.09.2026
ARSAN;izle;;40,2;17,3;13,3;9,7;0;0;zayif;26,6;40,9;35,8;asagi;guclu;zayif;asagi;0,80;-0,77;2;3,59;-6,02;81067506;4,29;SAT;NEGATIF;SAT;NEGATIF;ARTIYOR;SAT;SAT;NOTR;0;18.09.2026
AGYO;izle;;40,2;0,6;26,1;13,5;10;1;zayif;16,7;51,1;46,4;asagi;guclu;zayif;asagi;1,35;-0,17;2;7,53;-0,13;3448123;7,83;AL;POZITIF;NOTR;POZITIF;ARTIYOR;SAT;SAT;NOTR;3;18.09.2026
EGGUB;izle;;40,1;12,1;15,6;12,4;0;0;zayif;20,0;43,2;45,1;asagi;guclu;zayif;asagi;0,64;-0,71;1;101,5;-0,88;41713760;113,81;SAT;NEGATIF;NOTR;NEGATIF;AZALIYOR;SAT;SAT;NOTR;0;18.09.2026
CCOLA;izle;;39,8;14,2;22,3;3,3;0;0;zayif;21,1;48,9;60,9;asagi;guclu;zayif;asagi;0,72;-0,52;2;80;-0,50;344386400;84,19;AL;NEGATIF;SAT;POZITIF;AZALIYOR;AL;AL;NOTR;4;18.09.2026
ETILR;izle;;39,7;27,6;10,7;1,3;0;0;zayif;15,4;42,7;59,2;yukari;zayif;zayif;asagi;0,77;-0,85;2;5,55;-3,48;36372474;5,30;SAT;NEGATIF;NOTR;NEGATIF;ARTIYOR;SAT;SAT;NOTR;0;18.09.2026
INDES;izle;;39,5;20,4;8,0;11,1;40;4;zayif;26,1;36,6;44,2;asagi;guclu;zayif;asagi;0,58;-1,50;2;10,49;-3,05;40904276;11,96;SAT;NEGATIF;SAT;NEGATIF;ARTIYOR;SAT;AL;NOTR;1;18.09.2026
CANTE;izle;;38,7;10,4;14,8;13,4;0;0;zayif;30,2;43,6;45,6;yukari;guclu;zayif;asagi;0,83;-1,02;2;1,23;-1,60;489865544;1,23;SAT;NEGATIF;SAT;NEGATIF;ARTIYOR;SAT;SAT;UCUZ (AL);0;18.09.2026
ISMEN;izle;;38,6;9,4;17,9;11,3;6;0;zayif;22,1;46,9;60,2;yukari;guclu;zayif;asagi;1,06;-0,82;3;33,68;-3,00;293083528;32,52;SAT;NEGATIF;SAT;NEGATIF;ARTIYOR;SAT;AL;UCUZ (AL);1;18.09.2026
DURDO;izle;;38,2;17,2;7,2;13,7;46;4;zayif;20,2;34,1;36,9;asagi;zayif;zayif;asagi;1,70;-1,93;3;4,7;-5,62;18868728;5,27;SAT;NEGATIF;SAT;NEGATIF;ARTIYOR;SAT;SAT;NOTR;0;18.09.2026
ATLAS;izle;;37,7;1,8;17,9;18,0;8;0;zayif;25,4;46,9;46,9;asagi;zayif;zayif;asagi;3,27;-1,03;0;6,23;9,88;22630867;7,36;AL;NEGATIF;SAT;POZITIF;ARTIYOR;SAT;SAT;NOTR;2;18.09.2026
GARAN;izle;;37,1;1,0;21,9;14,2;46;4;zayif;18,7;48,5;65,4;asagi;guclu;zayif;asagi;1,16;-0,25;3;129,9;-1,96;5915570658;136,38;SAT;NEGATIF;NOTR;NEGATIF;ARTIYOR;SAT;AL;NOTR;1;18.09.2026
MTRYO;izle;;36,8;1,2;17,6;18,0;16;1;zayif;20,5;47,8;47,2;asagi;guclu;zayif;asagi;3,90;-0,78;3;8,73;9,95;9153056;9,34;SAT;NEGATIF;SAT;POZITIF;ARTIYOR;SAT;AL;NOTR;2;18.09.2026
KRDMA;izle;;36,5;22,4;6,1;8,0;20;1;zayif;32,1;37,7;39,8;asagi;zayif;zayif;yukari;0,66;-1,19;5;44,1;-4,55;362115199;56,58;SAT;NEGATIF;SAT;NEGATIF;AZALIYOR;SAT;AL;NOTR;1;18.09.2026
AKSGY;izle;;36,5;17,6;7,2;11,6;20;1;zayif;20,9;32,7;47,6;asagi;guclu;zayif;asagi;1,09;-1,79;4;9,27;-3,03;55637845;10,25;SAT;NEGATIF;SAT;NEGATIF;ARTIYOR;SAT;SAT;NOTR;0;18.09.2026
AEFES;izle;;36,4;6,6;19,8;10,1;0;0;zayif;23,0;45,6;74,6;asagi;zayif;zayif;asagi;0,72;-1,16;2;18,79;-1,52;624467574;20,18;AL;NEGATIF;SAT;POZITIF;AZALIYOR;SAT;SAT;NOTR;2;18.09.2026
VESTL;izle;;36,2;20,0;16,2;0,0;0;0;zayif;34,9;44,4;65,9;yukari;guclu;zayif;asagi;0,51;-0,60;1;23,32;-3,24;197277849;22,39;SAT;NEGATIF;AL;NEGATIF;AZALIYOR;SAT;SAT;NOTR;1;18.09.2026
LMKDC;izle;;35,4;1,5;15,5;18,4;20;1;zayif;23,4;45,1;53,7;asagi;zayif;zayif;asagi;2,92;-1,77;4;22,3;0,27;299069136;23,16;SAT;NEGATIF;SAT;POZITIF;ARTIYOR;AL;AL;NOTR;3;18.09.2026
RGYAS;izle;;35,4;13,7;10,3;11,4;50;4;zayif;25,0;35,4;23,4;asagi;zayif;zayif;asagi;1,12;-1,65;4;190,4;-0,47;588362275;206,79;SAT;NEGATIF;SAT;NEGATIF;ARTIYOR;SAT;AL;NOTR;1;18.09.2026
ENKAI;izle;;35,1;4,6;17,5;13,0;6;0;zayif;23,0;46,0;57,2;asagi;guclu;zayif;asagi;0,62;-0,89;3;85,35;-0,47;781193187;92,02;SAT;NEGATIF;SAT;NEGATIF;AZALIYOR;SAT;AL;NOTR;1;18.09.2026
EPLAS;izle;;34,7;12,0;19,5;3,3;10;1;zayif;29,9;46,2;23,4;asagi;guclu;zayif;asagi;0,90;-0,50;1;5,59;-5,73;33255335;7,04;SAT;NEGATIF;AL;POZITIF;AZALIYOR;SAT;SAT;NOTR;2;18.09.2026
AKSA;izle;;34,7;13,2;16,2;5,3;0;0;zayif;24,0;43,8;58,7;yukari;zayif;zayif;asagi;0,96;-1,39;1;10,85;-2,43;193357210;10,52;AL;NEGATIF;SAT;POZITIF;ARTIYOR;SAT;AL;NOTR;3;18.09.2026
ALCAR;izle;;34,1;11,1;15,1;8,0;0;0;zayif;20,0;43,3;65,0;yukari;zayif;zayif;asagi;0,57;-1,29;1;679,5;-2,72;19381379;664,39;AL;NEGATIF;NOTR;NEGATIF;AZALIYOR;SAT;SAT;UCUZ (AL);1;18.09.2026
TEHOL;izle;;33,7;22,4;3,3;8,0;10;1;zayif;33,8;31,5;75,3;asagi;zayif;zayif;asagi;0,10;-2,96;1;34,88;-9,96;210951624;43,57;SAT;NEGATIF;SAT;NEGATIF;ARTIYOR;SAT;SAT;NOTR;0;18.09.2026
ALKLC;izle;;33,7;22,4;3,2;8,0;0;0;zayif;61,0;33,0;97,6;asagi;zayif;zayif;asagi;0,03;-2,16;0;379,25;-9,97;25820857;452,19;SAT;NEGATIF;SAT;NEGATIF;ARTIYOR;SAT;SAT;NOTR;0;18.09.2026
TRGYO;izle;;33,6;10,3;15,4;8,0;6;0;zayif;17,9;42,0;48,9;asagi;guclu;zayif;asagi;0,90;-1,01;3;91,8;-0,22;96573600;96,70;SAT;NEGATIF;NOTR;NEGATIF;AZALIYOR;SAT;AL;NOTR;1;18.09.2026
HURGZ;izle;;33,6;12,3;7,8;13,5;0;0;zayif;19,6;38,2;60,6;asagi;zayif;zayif;asagi;1,03;-1,35;2;6,69;-8,98;54670513;8,48;SAT;NEGATIF;NOTR;NEGATIF;ARTIYOR;SAT;SAT;NOTR;0;18.09.2026
KLSYN;izle;;33,5;22,4;5,6;5,4;0;0;zayif;30,3;34,0;63,6;asagi;zayif;zayif;asagi;1,03;-1,30;1;13,6;0,00;52456057;16,20;SAT;NEGATIF;SAT;NEGATIF;ARTIYOR;SAT;SAT;NOTR;0;18.09.2026
ARMGD;izle;;33,4;14,4;5,6;13,3;28;2;zayif;22,4;37,8;51,2;asagi;zayif;zayif;asagi;1,02;-1,72;3;159,3;-9,95;240178362;205,67;SAT;NEGATIF;SAT;NEGATIF;ARTIYOR;SAT;AL;NOTR;1;18.09.2026
TSKB;izle;;32,6;0,8;17,4;14,4;10;1;zayif;17,6;45,9;48,9;asagi;guclu;zayif;asagi;1,35;-0,93;2;10,87;-3,12;321741782;11,64;SAT;NEGATIF;NOTR;NEGATIF;ARTIYOR;SAT;SAT;NOTR;0;18.09.2026
KRTEK;izle;;32,5;9,6;14,9;8,0;0;0;zayif;16,1;43,4;64,9;yukari;zayif;zayif;asagi;0,39;-1,39;2;5,38;-5,94;1516660;5,00;AL;NEGATIF;NOTR;POZITIF;ARTIYOR;AL;SAT;UCUZ (AL);3;18.09.2026
OTKAR;izle;;32,3;8,4;14,3;9,6;10;0;zayif;15,0;42,9;36,4;yukari;guclu;zayif;asagi;1,27;-1,54;5;304,75;-0,57;149019398;298,05;SAT;NEGATIF;NOTR;NEGATIF;AZALIYOR;SAT;AL;UCUZ (AL);1;18.09.2026
ARDYZ;izle;;32,0;21,3;0,7;10,0;10;0;zayif;36,6;27,4;26,8;asagi;zayif;zayif;asagi;3,08;-2,91;4;61,4;1,82;1017688422;74,79;SAT;NEGATIF;SAT;NEGATIF;ARTIYOR;SAT;AL;NOTR;1;18.09.2026
BAGFS;izle;;32,0;7,4;9,7;14,9;10;1;zayif;33,5;38,3;49,0;asagi;guclu;zayif;asagi;1,02;-1,51;2;24,4;-5,72;26277995;29,23;SAT;NEGATIF;SAT;NEGATIF;ARTIYOR;SAT;SAT;NOTR;0;18.09.2026
SNPAM;izle;;31,8;0,6;11,0;20,3;10;1;zayif;16,3;38,3;39,9;asagi;zayif;zayif;asagi;1,89;-2,48;2;18,53;0,54;1632604;20,04;SAT;NEGATIF;NOTR;NEGATIF;AZALIYOR;SAT;AL;UCUZ (AL);1;18.09.2026
SELEC;izle;;31,8;22,4;1,4;8,0;0;0;zayif;42,0;29,5;73,7;asagi;zayif;zayif;asagi;0,09;-2,77;0;212,9;-9,98;74523516;281,65;SAT;NEGATIF;SAT;NEGATIF;ARTIYOR;SAT;AL;NOTR;1;18.09.2026
BJKAS;izle;;31,5;15,1;8,4;8,0;0;0;zayif;26,4;40,9;55,5;asagi;zayif;zayif;asagi;0,46;-1,04;1;1,92;-9,86;422660842;2,65;SAT;NEGATIF;SAT;NEGATIF;AZALIYOR;SAT;SAT;NOTR;0;18.09.2026
EGPRO;izle;;31,4;13,7;7,6;10,0;10;0;zayif;22,7;39,5;36,6;asagi;zayif;zayif;asagi;1,62;-1,73;4;33,38;-8,45;89230248;40,99;SAT;NEGATIF;SAT;NEGATIF;ARTIYOR;SAT;SAT;NOTR;0;18.09.2026
AZTEK;izle;;31,3;10,4;17,6;3,3;10;0;zayif;34,2;49,0;36,8;yukari;zayif;zayif;asagi;0,90;-1,38;4;3,8;9,83;19025240;3,20;AL;NEGATIF;SAT;POZITIF;ARTIYOR;AL;AL;NOTR;4;18.09.2026
ANELE;izle;;31,3;22,4;0,8;8,0;0;0;zayif;34,4;27,8;34,4;asagi;zayif;zayif;asagi;0,09;-2,96;0;105,1;-9,94;53478979;148,48;SAT;NEGATIF;SAT;NEGATIF;AZALIYOR;SAT;SAT;PAHALI (SAT);0;18.09.2026
MEPET;izle;;31,1;0,4;12,4;18,3;0;0;zayif;14,9;44,0;50,4;asagi;zayif;zayif;asagi;1,74;-1,05;1;18,9;5,88;12930378;22,37;SAT;NEGATIF;NOTR;POZITIF;ARTIYOR;SAT;SAT;NOTR;1;18.09.2026
GMTAS;izle;;30,5;20,9;6,6;3,1;0;0;zayif;18,4;37,6;54,3;asagi;zayif;zayif;asagi;0,89;-1,46;1;41,82;-4,91;124922780;50,60;SAT;NEGATIF;NOTR;NEGATIF;ARTIYOR;SAT;SAT;NOTR;0;18.09.2026
EREGL;izle;;30,3;11,8;8,7;9,8;10;1;zayif;18,3;41,7;30,5;asagi;zayif;zayif;asagi;0,79;-1,54;2;36,42;0,77;4498056616;40,26;SAT;NEGATIF;NOTR;NEGATIF;AZALIYOR;SAT;SAT;NOTR;0;18.09.2026
DNISI;izle;;29,6;9,7;11,9;8,0;10;1;zayif;16,4;41,1;59,2;yukari;guclu;zayif;asagi;0,53;-1,15;2;4,4;-1,35;9866688;4,36;SAT;NEGATIF;NOTR;NEGATIF;ARTIYOR;SAT;SAT;NOTR;0;18.09.2026
ARASE;izle;;29,0;21,6;5,8;1,6;46;4;zayif;24,0;38,2;54,3;asagi;zayif;zayif;asagi;0,71;-1,76;3;107,1;-6,79;22480718;126,57;SAT;NEGATIF;SAT;NEGATIF;ARTIYOR;SAT;AL;NOTR;1;18.09.2026
OZRDN;izle;;28,7;16,6;5,1;6,9;0;0;zayif;23,0;34,6;42,7;yukari;zayif;zayif;asagi;1,11;-1,65;2;25,9;-8,67;8351947;25,56;SAT;NEGATIF;AL;NEGATIF;ARTIYOR;SAT;SAT;NOTR;1;18.09.2026
ULKER;izle;;28,1;1,7;11,5;14,9;38;3;zayif;24,2;42,3;58,4;asagi;guclu;zayif;asagi;0,96;-2,04;3;87,5;-2,34;532930125;95,05;SAT;NEGATIF;SAT;NEGATIF;ARTIYOR;SAT;AL;UCUZ (AL);1;18.09.2026
DOHOL;izle;;28,0;4,7;8,9;14,4;10;0;zayif;16,2;37,3;31,7;asagi;guclu;zayif;asagi;1,77;-1,61;5;20,2;-3,16;468766068;22,71;SAT;NEGATIF;NOTR;NEGATIF;ARTIYOR;SAT;AL;NOTR;1;18.09.2026
DZGYO;izle;;28,0;12,7;12,8;2,4;0;0;zayif;24,2;43,6;59,6;yukari;guclu;zayif;asagi;0,85;-1,24;2;7,09;-0,84;19010807;6,97;SAT;NEGATIF;AL;NEGATIF;AZALIYOR;SAT;SAT;NOTR;1;18.09.2026
TABGD;izle;;27,9;0,9;13,0;14,0;0;0;zayif;18,3;41,8;47,5;asagi;guclu;zayif;asagi;0,87;-1,38;2;230;-0,65;142143910;247,65;SAT;NEGATIF;NOTR;NEGATIF;ARTIYOR;AL;AL;NOTR;2;18.09.2026
ISCTR;izle;;27,7;1,9;21,7;4,1;6;0;zayif;26,0;51,5;69,5;asagi;guclu;yukselis;asagi;0,66;0,15;3;13,26;-0,82;7444377486;14,36;SAT;POZITIF;SAT;POZITIF;AZALIYOR;SAT;AL;NOTR;3;18.09.2026
BANVT;izle;;27,6;1,4;8,1;18,0;0;0;zayif;15,7;34,8;50,3;asagi;zayif;zayif;asagi;3,09;-2,46;2;142,5;0,78;51350873;154,95;SAT;NEGATIF;NOTR;NEGATIF;ARTIYOR;SAT;SAT;NOTR;0;18.09.2026
GESAN;izle;;27,4;5,4;4,0;18,0;10;1;zayif;37,8;22,3;13,2;asagi;zayif;zayif;asagi;3,46;-4,92;1;48,36;0,62;3432399167;62,22;SAT;NEGATIF;SAT;NEGATIF;ARTIYOR;SAT;SAT;NOTR;0;18.09.2026
KNFRT;izle;;27,4;8,3;8,5;10,7;0;0;zayif;14,3;38,9;41,5;yukari;zayif;zayif;asagi;0,82;-1,54;2;11,15;-9,13;38633078;11,09;SAT;NEGATIF;NOTR;NEGATIF;ARTIYOR;SAT;SAT;NOTR;0;18.09.2026
OZYSR;izle;;27,3;4,8;6,2;16,3;0;0;zayif;25,0;39,2;41,9;asagi;zayif;zayif;asagi;1,20;-1,75;2;11,04;1,75;37719794;13,27;SAT;NEGATIF;SAT;NEGATIF;AZALIYOR;SAT;SAT;NOTR;0;18.09.2026
ISGYO;izle;;27,3;8,7;8,7;10,0;0;0;zayif;21,1;39,4;35,1;asagi;zayif;zayif;asagi;1,86;-1,36;1;23,16;-1,03;83806081;25,73;SAT;NEGATIF;SAT;NEGATIF;ARTIYOR;SAT;AL;NOTR;1;18.09.2026
PETUN;izle;;27,2;7,0;9,8;10,4;32;3;zayif;39,0;38,3;55,1;asagi;guclu;zayif;asagi;0,30;-1,44;2;10,81;-3,48;11752459;12,49;SAT;NEGATIF;AL;NEGATIF;ARTIYOR;SAT;SAT;NOTR;1;18.09.2026
FZLGY;izle;;26,9;1,6;11,3;14,0;0;0;zayif;23,5;36,1;46,6;asagi;zayif;zayif;asagi;1,39;-3,20;2;8,28;-9,90;238212578;9,66;AL;NEGATIF;SAT;POZITIF;ARTIYOR;AL;SAT;UCUZ (AL);3;18.09.2026
INVEO;izle;;26,5;1,0;7,5;18,0;6;0;zayif;19,7;36,7;46,7;asagi;zayif;zayif;asagi;3,91;-2,40;3;6,38;3,74;111663526;6,92;SAT;NEGATIF;NOTR;NEGATIF;ARTIYOR;SAT;AL;UCUZ (AL);1;18.09.2026
TCELL;izle;;26,5;1,5;11,1;13,8;0;0;zayif;23,1;42,2;59,1;asagi;zayif;zayif;asagi;0,84;-1,57;2;97,2;-1,97;3045145655;105,37;SAT;NEGATIF;SAT;NEGATIF;AZALIYOR;SAT;SAT;NOTR;0;18.09.2026
TDGYO;izle;;26,4;12,0;6,4;8,0;0;0;zayif;33,7;38,4;69,6;asagi;zayif;zayif;asagi;0,37;-1,50;1;14,94;-10,00;9470272;19,91;SAT;NEGATIF;AL;NEGATIF;ARTIYOR;SAT;SAT;UCUZ (AL);1;18.09.2026
AKFYE;izle;;26,3;6,9;9,5;10,0;0;0;zayif;18,3;42,5;55,7;asagi;zayif;zayif;asagi;0,82;-1,11;1;22;1,85;207372242;26,16;SAT;NEGATIF;NOTR;NEGATIF;AZALIYOR;SAT;SAT;NOTR;0;18.09.2026
DOCO;izle;;26,3;7,8;5,1;13,4;32;2;zayif;19,1;30,6;10,1;asagi;zayif;zayif;asagi;2,26;-2,19;4;10447,5;-1,44;100546740;11429,62;SAT;NEGATIF;NOTR;NEGATIF;ARTIYOR;SAT;SAT;NOTR;0;18.09.2026
RNPOL;izle;;26,3;4,3;12,0;10,0;32;2;zayif;21,4;42,8;12,7;asagi;zayif;zayif;asagi;2,52;-1,18;5;2,19;6,83;20880877;2,47;SAT;NEGATIF;SAT;NEGATIF;ARTIYOR;SAT;AL;NOTR;1;18.09.2026
DSTKF;izle;;26,2;11,1;7,1;8,0;0;0;zayif;17,7;39,7;93,5;asagi;zayif;zayif;asagi;0,05;-1,87;1;1984;-9,98;171905664;2529,67;SAT;NEGATIF;NOTR;NEGATIF;ARTIYOR;SAT;SAT;NOTR;0;18.09.2026
MANAS;izle;;26,2;18,0;0,2;8,0;0;0;zayif;26,0;25,6;63,0;asagi;zayif;zayif;asagi;0,04;-3,18;1;24,4;-9,96;29208386;32,10;SAT;NEGATIF;SAT;NEGATIF;ARTIYOR;SAT;SAT;NOTR;0;18.09.2026
KERVN;izle;;26,1;22,0;2,4;1,7;22;2;zayif;26,5;33,0;36,5;asagi;zayif;zayif;asagi;0,80;-3,15;1;6,75;-5,99;7199975;8,99;SAT;NEGATIF;SAT;NEGATIF;AZALIYOR;SAT;SAT;NOTR;0;18.09.2026
EKGYO;izle;;26,0;6,5;17,1;2,4;10;1;zayif;23,2;45,3;45,6;asagi;guclu;zayif;asagi;0,69;-0,82;2;19,01;-1,20;2422961277;21,83;SAT;NEGATIF;SAT;NEGATIF;AZALIYOR;SAT;AL;NOTR;1;18.09.2026
GLYHO;izle;;26,0;9,8;5,7;10,6;50;4;zayif;21,7;35,5;34,3;asagi;zayif;zayif;asagi;1,46;-2,26;4;15,33;-2,67;74563710;17,17;SAT;NEGATIF;SAT;NEGATIF;ARTIYOR;SAT;AL;NOTR;1;18.09.2026
VBTYZ;izle;;25,8;22,3;1,9;1,7;50;5;zayif;29,9;31,3;13,7;asagi;zayif;zayif;asagi;0,80;-2,20;4;28,8;-6,43;53751917;35,36;SAT;NEGATIF;SAT;NEGATIF;ARTIYOR;SAT;AL;NOTR;1;18.09.2026
LILAK;izle;;25,8;1,1;6,7;18,0;28;2;zayif;20,1;34,0;65,5;asagi;zayif;zayif;asagi;6,25;-2,98;3;26,3;1,54;544074570;28,71;SAT;NEGATIF;SAT;NEGATIF;ARTIYOR;SAT;AL;NOTR;1;18.09.2026
CATES;izle;;25,8;16,1;1,7;8,0;6;0;zayif;33,9;30,6;41,6;asagi;zayif;zayif;asagi;0,03;-2,18;3;45,96;-9,97;3549491;61,13;SAT;NEGATIF;SAT;NEGATIF;ARTIYOR;SAT;SAT;NOTR;0;18.09.2026
BLUME;izle;;25,6;6,1;10,8;8,7;16;1;zayif;20,0;39,7;36,2;asagi;guclu;zayif;asagi;0,74;-1,04;3;34,9;-8,88;82243979;43,39;SAT;NEGATIF;NOTR;NEGATIF;ARTIYOR;SAT;AL;UCUZ (AL);1;18.09.2026
KUVVA;izle;;25,5;13,5;2,1;9,9;42;3;zayif;27,4;30,1;27,3;asagi;zayif;zayif;asagi;1,29;-1,92;4;141,9;-9,96;29705488;188,69;SAT;NEGATIF;SAT;NEGATIF;ARTIYOR;SAT;SAT;NOTR;0;18.09.2026
ATSYH;izle;;25,3;20,5;4,4;0,4;38;3;zayif;15,4;38,8;42,9;asagi;zayif;zayif;asagi;0,72;-1,97;3;101,7;-10,00;2869466;123,52;SAT;NEGATIF;NOTR;NEGATIF;ARTIYOR;SAT;AL;NOTR;1;18.09.2026
KZGYO;izle;;25,2;7,4;9,7;8,0;0;0;zayif;36,2;40,1;71,7;asagi;zayif;zayif;asagi;0,04;-1,32;1;20,26;-9,96;3662805;26,51;SAT;NEGATIF;SAT;NEGATIF;ARTIYOR;SAT;SAT;NOTR;0;18.09.2026
KARSN;izle;;25,1;12,4;4,7;8,0;0;0;zayif;36,4;37,7;73,7;asagi;zayif;zayif;asagi;0,46;-1,96;0;9,48;-9,97;228905085;13,23;SAT;NEGATIF;SAT;NEGATIF;ARTIYOR;SAT;SAT;NOTR;0;18.09.2026
LIDFA;izle;;24,3;0,7;9,7;14,0;10;0;zayif;16,9;42,2;45,2;asagi;zayif;zayif;asagi;2,37;-1,97;4;1,61;7,33;63730464;1,70;SAT;NEGATIF;NOTR;NEGATIF;ARTIYOR;SAT;AL;NOTR;1;18.09.2026
MGROS;izle;;24,3;2,4;13,2;8,7;6;0;zayif;38,2;41,8;62,0;asagi;zayif;zayif;asagi;0,74;-2,64;3;525;0,10;1298516625;553,46;AL;NEGATIF;SAT;NEGATIF;AZALIYOR;SAT;AL;NOTR;2;18.09.2026
MRSHL;izle;;24,1;14,7;9,4;0,0;0;0;zayif;21,5;41,6;40,3;yukari;zayif;zayif;asagi;0,48;-1,30;1;1544;-2,71;28665904;1462,12;SAT;NEGATIF;AL;NEGATIF;AZALIYOR;SAT;SAT;NOTR;1;18.09.2026
KRDMB;izle;;24,1;8,6;5,4;10,0;0;0;zayif;38,6;29,7;17,5;asagi;zayif;zayif;asagi;2,36;-3,17;2;88,3;-6,11;407526575;110,96;SAT;NEGATIF;SAT;NEGATIF;ARTIYOR;AL;AL;PAHALI (SAT);2;18.09.2026
SAHOL;izle;;24,0;1,4;13,3;9,3;28;2;zayif;22,3;42,5;58,6;asagi;guclu;zayif;asagi;0,98;-1,13;3;88,05;-2,81;3211791397;96,46;SAT;NEGATIF;SAT;NEGATIF;AZALIYOR;SAT;AL;NOTR;1;18.09.2026
MAALT;izle;;23,7;7,0;7,5;9,3;40;5;zayif;30,7;36,3;45,5;asagi;zayif;zayif;asagi;0,78;-2,20;2;942;-4,56;37384212;1087,30;SAT;NEGATIF;AL;NEGATIF;ARTIYOR;SAT;SAT;NOTR;1;18.09.2026
IDGYO;izle;;23,6;2,4;11,1;10,0;10;0;zayif;38,9;35,5;29,1;asagi;zayif;zayif;asagi;1,54;-3,47;4;2,65;7,72;6212732;2,97;AL;NEGATIF;SAT;NEGATIF;ARTIYOR;SAT;AL;NOTR;2;18.09.2026
POLHO;izle;;23,2;12,9;1,3;9,1;32;2;zayif;28,0;27,5;30,7;asagi;zayif;zayif;asagi;1,16;-2,52;4;19,5;-4,32;41728557;22,66;SAT;NEGATIF;SAT;NEGATIF;ARTIYOR;SAT;AL;NOTR;1;18.09.2026
PRZMA;izle;;23,2;21,4;1,8;0,0;22;2;zayif;22,3;31,0;19,7;asagi;zayif;zayif;asagi;0,01;-2,82;2;51;-9,97;527187;71,56;SAT;NEGATIF;SAT;NEGATIF;AZALIYOR;SAT;SAT;NOTR;0;18.09.2026
GLRMK;izle;;23,1;1,8;3,3;18,0;32;3;zayif;25,3;32,6;25,0;asagi;zayif;zayif;asagi;4,02;-2,66;2;140;1,67;3083532620;167,95;SAT;NEGATIF;SAT;NEGATIF;ARTIYOR;SAT;SAT;NOTR;0;18.09.2026
MAVI;izle;;23,0;2,4;8,4;12,2;6;0;zayif;29,5;40,5;40,6;asagi;zayif;zayif;asagi;3,62;-2,08;3;34,98;-7,26;840806145;38,42;SAT;NEGATIF;SAT;NEGATIF;ARTIYOR;AL;AL;UCUZ (AL);2;18.09.2026
KUYAS;izle;;22,8;4,5;0,3;18,0;0;0;zayif;23,0;24,8;46,9;asagi;zayif;zayif;asagi;1,49;-4,35;0;50,85;-9,92;1028787539;64,06;SAT;NEGATIF;SAT;NEGATIF;ARTIYOR;SAT;SAT;NOTR;0;18.09.2026
CEMZY;izle;;22,7;11,5;3,2;8,0;0;0;zayif;23,1;32,5;35,8;asagi;zayif;zayif;asagi;0,02;-2,39;2;11,52;-9,93;5688219;14,99;SAT;NEGATIF;SAT;NEGATIF;ARTIYOR;SAT;SAT;NOTR;0;18.09.2026
FROTO;izle;;22,5;1,9;11,7;9,0;32;3;zayif;25,9;42,3;54,8;asagi;guclu;zayif;asagi;1,00;-1,70;2;76;-1,87;1754124460;83,94;SAT;NEGATIF;SAT;NEGATIF;AZALIYOR;SAT;SAT;UCUZ (AL);0;18.09.2026
TURGG;izle;;22,5;7,4;7,1;8,0;32;3;zayif;32,4;37,5;62,5;asagi;zayif;zayif;asagi;0,39;-1,50;0;25,44;-6,47;13432600;32,13;SAT;NEGATIF;SAT;NEGATIF;ARTIYOR;SAT;SAT;NOTR;0;18.09.2026
KSTUR;izle;;22,3;10,2;12,1;0,0;0;0;zayif;27,9;38,7;28,4;yukari;zayif;zayif;asagi;0,64;-3,18;1;2150;-3,37;1128750;2128,87;AL;NEGATIF;SAT;NEGATIF;AZALIYOR;SAT;SAT;UCUZ (AL);1;18.09.2026
PATEK;izle;;22,2;6,3;7,9;8,0;0;0;zayif;21,8;41,9;52,9;asagi;zayif;zayif;asagi;0,45;-1,39;1;18,49;-9,89;269411651;25,56;SAT;NEGATIF;SAT;NEGATIF;ARTIYOR;SAT;SAT;NOTR;0;18.09.2026
EUPWR;izle;;22,2;5,4;6,8;10,0;10;1;zayif;34,5;34,3;35,8;asagi;zayif;zayif;asagi;2,22;-3,16;2;62,35;9,96;3687255859;76,39;SAT;NEGATIF;SAT;NEGATIF;ARTIYOR;SAT;AL;NOTR;1;18.09.2026
CVKMD;izle;;22,2;9,2;6,9;6,1;6;0;zayif;21,0;34,6;25,2;asagi;zayif;zayif;asagi;1,07;-2,13;3;13,71;-3,11;462222806;15,92;SAT;NEGATIF;SAT;NEGATIF;ARTIYOR;SAT;AL;NOTR;1;18.09.2026
ARTMS;izle;;22,1;9,0;8,2;4,9;0;0;zayif;19,4;38,6;45,8;yukari;zayif;zayif;asagi;0,99;-1,37;2;37,06;-3,74;36373686;37,04;SAT;NEGATIF;NOTR;NEGATIF;ARTIYOR;SAT;SAT;NOTR;0;18.09.2026
IHLAS;izle;;22,1;7,0;10,2;4,9;0;0;zayif;33,6;41,8;31,5;asagi;zayif;zayif;asagi;0,99;-2,03;2;1;-2,91;135449982;1,20;SAT;NEGATIF;AL;NEGATIF;AZALIYOR;SAT;SAT;UCUZ (AL);1;18.09.2026
PGSUS;izle;;22,0;0,6;12,6;8,7;0;0;zayif;16,7;43,5;71,3;asagi;guclu;zayif;asagi;0,66;-1,64;2;147,6;-1,73;1144366859;158,55;SAT;NEGATIF;NOTR;NEGATIF;AZALIYOR;SAT;SAT;UCUZ (AL);0;18.09.2026
JANTS;izle;;22,0;7,0;15,0;0,0;40;4;zayif;40,7;44,0;32,6;asagi;guclu;zayif;asagi;0,43;-0,90;2;15,1;-2,45;31706225;17,51;SAT;NEGATIF;AL;NEGATIF;AZALIYOR;SAT;SAT;NOTR;1;18.09.2026
GEDIK;izle;;21,6;1,9;5,8;14,0;0;0;zayif;25,7;30,9;42,7;asagi;zayif;zayif;asagi;4,03;-3,42;2;5,25;5,21;133432567;5,68;SAT;NEGATIF;SAT;NEGATIF;ARTIYOR;SAT;AL;NOTR;1;18.09.2026
NUHCM;izle;;21,4;1,0;7,9;12,5;10;1;zayif;19,1;34,6;37,7;asagi;zayif;zayif;asagi;1,83;-1,94;2;204,2;-2,72;24599974;227,87;SAT;NEGATIF;NOTR;NEGATIF;ARTIYOR;SAT;SAT;NOTR;0;18.09.2026
BRISA;izle;;21,3;0,8;9,7;10,8;0;0;zayif;17,8;41,2;57,4;asagi;zayif;zayif;asagi;1,28;-2,15;2;73,4;-2,13;16299351;80,43;SAT;NEGATIF;NOTR;NEGATIF;ARTIYOR;SAT;SAT;UCUZ (AL);0;18.09.2026
USHOL;izle;;21,0;4,8;6,2;10,0;40;4;zayif;25,5;32,3;41,7;asagi;zayif;zayif;asagi;1,39;-2,66;1;62;6,71;50980988;76,85;SAT;NEGATIF;SAT;NEGATIF;ARTIYOR;SAT;AL;NOTR;1;18.09.2026
TTKOM;izle;;21,0;0,9;16,8;3,3;0;0;zayif;19,0;46,4;58,5;asagi;guclu;zayif;asagi;0,80;-1,04;1;52,45;-0,66;1854772409;59,69;SAT;NEGATIF;NOTR;POZITIF;AZALIYOR;SAT;SAT;NOTR;1;18.09.2026
VESBE;izle;;21,0;15,0;6,0;0,0;0;0;zayif;32,1;36,9;77,4;yukari;zayif;zayif;asagi;0,41;-2,10;2;5,14;-4,46;56286809;5,12;SAT;NEGATIF;AL;NEGATIF;AZALIYOR;SAT;SAT;UCUZ (AL);1;18.09.2026
SKBNK;izle;;20,9;1,6;11,3;8,0;10;1;zayif;23,7;36,1;49,1;asagi;zayif;zayif;asagi;0,62;-6,31;1;6,1;-2,56;538390179;7,05;AL;NEGATIF;SAT;NEGATIF;AZALIYOR;SAT;SAT;NOTR;1;18.09.2026
PCILT;izle;;20,9;8,8;10,9;1,2;0;0;zayif;13,4;41,2;27,5;asagi;zayif;zayif;asagi;0,77;-1,32;2;29,76;-3,19;45700676;34,31;SAT;NEGATIF;NOTR;NEGATIF;AZALIYOR;SAT;AL;NOTR;1;18.09.2026
ADGYO;izle;;20,8;11,6;2,3;7,0;10;0;zayif;23,4;31,3;41,5;asagi;zayif;zayif;asagi;1,12;-2,25;4;49,14;-0,77;57423972;58,51;SAT;NEGATIF;SAT;NEGATIF;AZALIYOR;SAT;SAT;NOTR;0;18.09.2026
TCKRC;izle;;20,8;9,8;0,9;10,0;0;0;zayif;31,0;26,6;30,7;asagi;zayif;zayif;asagi;1,30;-3,09;2;116,5;-0,43;434094262;138,92;SAT;NEGATIF;SAT;NEGATIF;AZALIYOR;SAT;SAT;NOTR;0;18.09.2026
GENIL;izle;;20,2;12,4;0,7;7,0;46;5;zayif;36,3;27,4;33,9;asagi;zayif;zayif;asagi;1,12;-3,52;3;8,16;-9,33;381504733;10,70;SAT;NEGATIF;SAT;NEGATIF;ARTIYOR;SAT;SAT;UCUZ (AL);0;18.09.2026
BMSCH;izle;;20,2;1,7;10,5;8,0;0;0;zayif;24,3;33,4;64,4;asagi;zayif;zayif;asagi;0,57;-3,68;0;9,59;-6,44;17492505;12,04;AL;NEGATIF;SAT;NEGATIF;ARTIYOR;SAT;SAT;UCUZ (AL);1;18.09.2026
TARKM;izle;;20,2;13,4;5,6;1,2;0;0;zayif;25,4;35,3;35,8;asagi;zayif;zayif;asagi;0,77;-1,74;2;449,75;-3,28;73921360;529,31;SAT;NEGATIF;SAT;NEGATIF;ARTIYOR;SAT;SAT;NOTR;0;18.09.2026
PNSUT;izle;;20,1;2,4;9,5;8,2;22;2;zayif;32,8;39,6;53,2;asagi;guclu;zayif;asagi;0,47;-1,48;1;10,44;-2,70;26637921;12,26;SAT;NEGATIF;SAT;NEGATIF;AZALIYOR;SAT;SAT;NOTR;0;18.09.2026
TERA;izle;;20,1;7,4;4,7;8,0;0;0;zayif;31,5;35,0;95,7;asagi;zayif;zayif;asagi;0,12;-2,71;0;163,4;-9,97;271059521;194,64;SAT;NEGATIF;SAT;NEGATIF;ARTIYOR;SAT;SAT;NOTR;0;18.09.2026
BASGZ;izle;;20,0;1,7;7,8;10,5;22;2;zayif;24,6;36,8;51,2;asagi;zayif;zayif;asagi;1,22;-2,24;2;41,62;-1,61;16958860;45,41;SAT;NEGATIF;SAT;NEGATIF;ARTIYOR;SAT;AL;NOTR;1;18.09.2026
ANHYT;izle;;19,7;3,3;6,4;10,0;10;0;zayif;14,5;33,5;43,3;asagi;zayif;zayif;asagi;4,02;-2,06;4;98;-9,43;330103494;112,43;SAT;NEGATIF;NOTR;NEGATIF;ARTIYOR;SAT;SAT;NOTR;0;18.09.2026
NTGAZ;izle;;19,5;4,5;10,2;4,8;38;3;zayif;23,3;40,1;48,9;asagi;guclu;zayif;asagi;0,74;-1,56;3;10,62;-0,93;27893929;11,79;SAT;NEGATIF;SAT;NEGATIF;AZALIYOR;SAT;AL;NOTR;1;18.09.2026
AYDEM;izle;;19,5;4,3;6,5;8,7;40;4;zayif;21,2;36,3;43,2;asagi;zayif;zayif;asagi;0,61;-1,88;2;23,72;-3,03;36996843;27,19;SAT;NEGATIF;SAT;NEGATIF;AZALIYOR;SAT;SAT;NOTR;0;18.09.2026
VERUS;izle;;19,4;11,2;6,7;1,6;10;1;zayif;33,0;33,9;36,1;asagi;zayif;zayif;asagi;0,80;-1,98;2;496;1,22;38445952;635,37;SAT;NEGATIF;SAT;NEGATIF;AZALIYOR;SAT;SAT;NOTR;0;18.09.2026
ARCLK;izle;;19,4;0,8;6,9;11,7;6;0;zayif;18,0;36,3;43,7;asagi;zayif;zayif;asagi;1,72;-2,88;3;87,15;-2,90;262116436;96,02;SAT;NEGATIF;NOTR;NEGATIF;ARTIYOR;SAT;SAT;UCUZ (AL);0;18.09.2026
GOZDE;izle;;19,3;3,8;5,5;10,0;0;0;zayif;17,7;36,2;44,5;asagi;zayif;zayif;asagi;1,43;-2,15;1;20,6;-3,38;37181414;23,79;SAT;NEGATIF;NOTR;NEGATIF;ARTIYOR;SAT;SAT;NOTR;0;18.09.2026
ASUZU;izle;;19,2;0,9;8,2;10,0;10;0;zayif;18,9;38,8;58,0;asagi;zayif;zayif;asagi;3,54;-2,47;4;45,54;-1,68;70795983;49,84;SAT;NEGATIF;NOTR;NEGATIF;ARTIYOR;SAT;SAT;UCUZ (AL);0;18.09.2026
ISFIN;izle;;19,1;4,3;10,7;4,2;20;1;zayif;21,5;36,7;44,4;asagi;zayif;zayif;asagi;0,72;-1,96;4;18,5;0,11;24317381;19,51;SAT;NEGATIF;SAT;NEGATIF;ARTIYOR;SAT;AL;NOTR;1;18.09.2026
SASA;izle;;19,0;6,2;12,7;0,0;0;0;zayif;21,2;42,9;48,4;asagi;zayif;zayif;asagi;0,61;-0,96;2;2,35;-2,89;6718904975;2,88;SAT;NEGATIF;SAT;POZITIF;AZALIYOR;SAT;SAT;NOTR;1;18.09.2026
DIRIT;izle;;18,9;5,2;6,8;6,9;10;0;zayif;13,5;36,7;50,5;asagi;zayif;zayif;asagi;1,11;-1,63;4;23,1;-2,45;1471355;26,96;SAT;NEGATIF;NOTR;NEGATIF;ARTIYOR;SAT;SAT;NOTR;0;18.09.2026
CLEBI;izle;;18,7;0,8;8,8;9,2;10;0;zayif;17,9;37,9;36,3;asagi;zayif;zayif;asagi;1,11;-2,76;5;1385;-2,26;34676245;1485,54;SAT;NEGATIF;NOTR;NEGATIF;ARTIYOR;SAT;AL;NOTR;1;18.09.2026
FMIZP;izle;;18,5;0,9;6,8;10,8;32;3;zayif;18,4;37,0;41,8;asagi;zayif;zayif;asagi;1,32;-2,27;2;267;-6,15;19660278;310,00;SAT;NEGATIF;NOTR;NEGATIF;ARTIYOR;SAT;SAT;NOTR;0;18.09.2026
MZHLD;izle;;18,2;4,5;9,1;4,6;0;0;zayif;23,5;40,8;43,6;asagi;zayif;zayif;asagi;0,98;-1,79;2;5;-4,76;3290645;5,97;SAT;NEGATIF;AL;NEGATIF;ARTIYOR;SAT;SAT;UCUZ (AL);1;18.09.2026
KORDS;izle;;18,1;4,8;0,6;12,6;10;0;zayif;25,1;27,0;12,8;asagi;zayif;zayif;asagi;0,98;-3,20;4;3,14;-7,10;118281831;4,11;SAT;NEGATIF;SAT;NEGATIF;ARTIYOR;SAT;SAT;NOTR;0;18.09.2026
BALAT;izle;;18,0;0,9;6,8;10,3;22;2;zayif;18,5;40,0;42,5;asagi;zayif;zayif;asagi;1,38;-2,32;2;66;-0,68;3383358;73,04;SAT;NEGATIF;NOTR;NEGATIF;AZALIYOR;SAT;SAT;UCUZ (AL);0;18.09.2026
MERIT;izle;;18,0;0,2;3,7;14,1;6;0;zayif;13,4;30,7;47,0;asagi;zayif;zayif;asagi;1,07;-3,09;3;14,43;-4,18;27656495;16,16;SAT;NEGATIF;NOTR;NEGATIF;ARTIYOR;SAT;SAT;NOTR;0;18.09.2026
BOBET;izle;;17,9;12,4;3,5;2,0;32;3;zayif;38,5;35,4;67,8;asagi;zayif;zayif;asagi;0,82;-2,05;2;17,25;-4,96;102506435;22,37;SAT;NEGATIF;SAT;NEGATIF;ARTIYOR;SAT;SAT;NOTR;0;18.09.2026
BUCIM;izle;;17,5;7,4;5,8;4,3;6;0;zayif;32,7;33,0;51,3;asagi;zayif;zayif;asagi;0,83;-2,61;3;5,05;-5,78;21698497;5,79;SAT;NEGATIF;SAT;NEGATIF;ARTIYOR;SAT;SAT;UCUZ (AL);0;18.09.2026
GUNDG;izle;;17,4;5,4;4,0;8,0;0;0;zayif;30,0;23,3;21,7;asagi;zayif;zayif;asagi;0,03;-5,91;1;535,5;-9,92;2233571;936,39;SAT;NEGATIF;SAT;NEGATIF;AZALIYOR;SAT;SAT;NOTR;0;18.09.2026
TATGD;izle;;17,0;3,1;7,4;6,5;10;0;zayif;12,7;37,8;38,8;asagi;zayif;zayif;asagi;1,09;-2,11;5;16,57;-3,33;42737294;18,64;SAT;NEGATIF;NOTR;NEGATIF;ARTIYOR;SAT;SAT;NOTR;0;18.09.2026
ISBIR;izle;;17,0;0,8;4,9;11,2;6;0;zayif;18,1;34,6;35,1;asagi;zayif;zayif;asagi;1,53;-2,98;3;65;-4,83;2310490;73,09;SAT;NEGATIF;NOTR;NEGATIF;ARTIYOR;SAT;SAT;UCUZ (AL);0;18.09.2026
OZKGY;izle;;16,9;1,7;5,2;10,0;10;0;zayif;24,4;33,3;26,9;asagi;zayif;zayif;asagi;1,46;-2,65;5;11,99;-4,69;61836123;13,54;SAT;NEGATIF;SAT;NEGATIF;ARTIYOR;SAT;AL;NOTR;1;18.09.2026
KRONT;izle;;16,9;4,7;2,2;10,0;10;0;zayif;24,5;28,9;27,3;asagi;zayif;zayif;asagi;1,49;-2,75;4;19,16;-3,23;39446608;23,57;SAT;NEGATIF;SAT;NEGATIF;ARTIYOR;SAT;AL;NOTR;1;18.09.2026
FORTE;izle;;16,7;12,3;4,1;0,3;0;0;zayif;20,4;34,6;33,1;asagi;zayif;zayif;asagi;0,72;-1,97;2;97,4;-2,89;123120418;121,69;SAT;NEGATIF;SAT;NEGATIF;AZALIYOR;SAT;SAT;NOTR;0;18.09.2026
GRNYO;izle;;16,7;2,4;4,3;10,0;0;0;zayif;31,1;31,6;47,6;asagi;zayif;zayif;asagi;1,30;-4,37;0;9,91;-9,99;6428934;13,07;SAT;NEGATIF;SAT;NEGATIF;ARTIYOR;SAT;SAT;NOTR;0;18.09.2026
ENTRA;izle;;16,6;1,2;5,5;10,0;0;0;zayif;20,5;35,8;39,5;asagi;zayif;zayif;asagi;1,38;-2,35;0;4;-0,74;109271772;4,51;SAT;NEGATIF;SAT;NEGATIF;ARTIYOR;SAT;SAT;NOTR;0;18.09.2026
BRMEN;izle;;16,5;5,4;1,1;10,0;6;0;zayif;41,7;21,4;11,6;asagi;zayif;zayif;asagi;2,01;-6,59;3;8,82;-10,00;6818054;11,23;SAT;NEGATIF;SAT;NEGATIF;ARTIYOR;SAT;SAT;NOTR;0;18.09.2026
AKCNS;izle;;16,5;4,9;1,5;10,0;28;2;zayif;23,5;29,6;40,9;asagi;zayif;zayif;asagi;1,85;-3,15;3;201,5;-6,50;199267985;230,13;SAT;NEGATIF;SAT;NEGATIF;ARTIYOR;SAT;AL;NOTR;1;18.09.2026
KRSTL;izle;;16,4;2,4;4,0;10,0;6;0;zayif;45,0;23,0;34,3;asagi;zayif;zayif;asagi;1,72;-5,01;3;8,03;0,25;54603237;8,69;SAT;NEGATIF;SAT;NEGATIF;ARTIYOR;SAT;AL;NOTR;1;18.09.2026
DOFRB;izle;;16,4;5,4;1,0;10,0;0;0;zayif;29,7;24,8;28,5;asagi;zayif;zayif;asagi;1,50;-5,24;2;89,35;0,85;632114706;110,81;SAT;NEGATIF;SAT;NEGATIF;ARTIYOR;SAT;AL;NOTR;1;18.09.2026
SANEL;izle;;16,2;4,3;5,2;6,7;10;0;zayif;21,6;29,0;31,9;asagi;zayif;zayif;asagi;1,10;-3,49;5;41,2;3,52;20391775;52,44;SAT;NEGATIF;SAT;NEGATIF;ARTIYOR;SAT;AL;NOTR;1;18.09.2026
PAGYO;izle;;16,2;4,8;1,4;10,0;6;0;zayif;25,2;26,1;13,4;asagi;zayif;zayif;asagi;3,14;-4,12;3;121;-3,20;52359846;141,22;SAT;NEGATIF;SAT;NEGATIF;ARTIYOR;SAT;SAT;NOTR;0;18.09.2026
AYES;izle;;16,1;5,4;0,7;10,0;10;0;zayif;30,3;25,7;9,1;asagi;zayif;zayif;asagi;1,85;-4,39;6;25,08;-2,79;3249164;27,77;SAT;NEGATIF;SAT;NEGATIF;ARTIYOR;SAT;SAT;NOTR;0;18.09.2026
KONTR;izle;;16,1;2,4;3,6;10,0;6;0;zayif;42,6;27,4;23,1;asagi;zayif;zayif;asagi;3,73;-8,26;3;2,84;-9,84;48720194;3,39;SAT;NEGATIF;SAT;NEGATIF;ARTIYOR;SAT;SAT;UCUZ (AL);0;18.09.2026
DOAS;izle;;16,0;1,9;4,1;10,0;10;0;zayif;26,2;29,8;38,3;asagi;zayif;zayif;asagi;1,37;-4,14;4;154,6;-1,47;171876241;167,65;SAT;NEGATIF;SAT;NEGATIF;ARTIYOR;SAT;SAT;UCUZ (AL);0;18.09.2026
CMENT;izle;;15,9;2,4;3,5;10,0;0;0;zayif;56,1;28,4;20,1;asagi;zayif;zayif;asagi;1,30;-4,22;2;232;-3,77;1332840;253,71;SAT;NEGATIF;SAT;NEGATIF;ARTIYOR;SAT;SAT;UCUZ (AL);0;18.09.2026
FONET;izle;;15,9;5,4;4,0;6,4;28;2;zayif;33,6;24,0;26,1;asagi;zayif;zayif;asagi;1,08;-3,87;3;4,06;0,50;70050489;4,64;SAT;NEGATIF;SAT;NEGATIF;ARTIYOR;SAT;AL;NOTR;1;18.09.2026
BIGTK;izle;;15,8;5,0;2,8;8,0;32;3;zayif;26,8;30,9;49,6;asagi;zayif;zayif;asagi;0,03;-3,05;1;223,6;-9,98;4726904;305,08;SAT;NEGATIF;SAT;NEGATIF;AZALIYOR;SAT;SAT;NOTR;0;18.09.2026
ISBTR;izle;;15,8;10,5;2,2;3,0;32;3;zayif;15,9;30,5;42,3;asagi;zayif;zayif;asagi;0,88;-3,29;1;445000;-8,06;1780000;501970,82;SAT;NEGATIF;NOTR;NEGATIF;ARTIYOR;SAT;AL;NOTR;1;18.09.2026
CMBTN;izle;;15,7;5,8;9,9;0,0;0;0;zayif;26,8;38,9;56,0;asagi;zayif;zayif;asagi;0,60;-1,50;2;1473;-3,09;20601378;1649,89;SAT;NEGATIF;AL;NEGATIF;ARTIYOR;SAT;SAT;UCUZ (AL);1;18.09.2026
SEGMN;izle;;15,6;5,4;0,2;10,0;0;0;zayif;34,1;23,4;10,0;asagi;zayif;zayif;asagi;2,64;-4,29;2;33,96;2,35;103080927;42,80;SAT;NEGATIF;SAT;NEGATIF;ARTIYOR;SAT;AL;NOTR;1;18.09.2026
LKMNH;izle;;15,6;2,4;7,6;5,5;0;0;zayif;36,5;39,8;68,2;asagi;zayif;zayif;asagi;1,03;-2,12;2;12,48;-4,73;34376347;13,89;SAT;NEGATIF;SAT;NEGATIF;ARTIYOR;SAT;SAT;UCUZ (AL);0;18.09.2026
SISE;izle;;15,6;1,7;12,8;1,1;16;1;zayif;24,3;44,4;60,9;asagi;guclu;zayif;asagi;0,50;-1,19;3;39,62;-1,39;1780639481;45,53;SAT;NEGATIF;SAT;POZITIF;AZALIYOR;SAT;SAT;NOTR;1;18.09.2026
KLYPV;izle;;15,6;1,7;7,3;6,5;10;0;zayif;24,7;36,9;27,3;asagi;zayif;zayif;asagi;1,09;-1,54;4;56,35;-4,00;202305460;65,87;SAT;NEGATIF;SAT;NEGATIF;ARTIYOR;SAT;AL;NOTR;1;18.09.2026
DOKTA;izle;;15,5;1,6;3,9;10,0;16;1;zayif;23,6;32,7;41,0;asagi;zayif;zayif;asagi;1,41;-2,43;3;20,24;-4,71;14491820;23,92;SAT;NEGATIF;SAT;NEGATIF;ARTIYOR;SAT;SAT;NOTR;0;18.09.2026
BVSAN;izle;;15,5;1,3;4,2;10,0;0;0;zayif;21,4;34,8;51,8;asagi;zayif;zayif;asagi;1,40;-2,90;0;88,75;-8,65;193680279;116,53;SAT;NEGATIF;SAT;NEGATIF;ARTIYOR;SAT;SAT;NOTR;0;18.09.2026
IZFAS;izle;;15,5;4,2;3,3;8,0;0;0;zayif;20,6;31,4;54,6;asagi;zayif;zayif;asagi;0,03;-3,60;0;37,2;-9,97;7536906;53,94;SAT;NEGATIF;SAT;NEGATIF;AZALIYOR;SAT;SAT;NOTR;0;18.09.2026
OYAYO;izle;;15,4;0,0;5,4;10,0;6;0;zayif;9,8;34,4;20,9;asagi;zayif;zayif;asagi;1,39;-2,81;3;38,24;-4,40;3169905;44,47;SAT;NEGATIF;NOTR;NEGATIF;ARTIYOR;SAT;SAT;UCUZ (AL);0;18.09.2026
OYAKC;izle;;15,3;1,7;9,1;4,5;6;0;zayif;24,3;39,9;50,6;asagi;guclu;zayif;asagi;0,76;-1,60;3;20,2;-1,08;286158412;22,37;SAT;NEGATIF;SAT;NEGATIF;ARTIYOR;SAT;AL;NOTR;1;18.09.2026
AHSGY;izle;;15,3;1,3;4,5;9,5;0;0;zayif;21,8;32,6;49,7;asagi;zayif;zayif;asagi;1,27;-3,97;2;12,46;-9,12;62812816;17,48;SAT;NEGATIF;SAT;NEGATIF;ARTIYOR;SAT;SAT;NOTR;0;18.09.2026
SUMAS;izle;;15,0;2,3;2,7;10,0;0;0;zayif;29,2;25,4;32,0;asagi;zayif;zayif;asagi;1,44;-7,04;1;234;-4,49;972972;253,77;SAT;NEGATIF;SAT;NEGATIF;ARTIYOR;SAT;SAT;NOTR;0;18.09.2026
BORSK;izle;;15,0;7,4;7,3;0,3;0;0;zayif;29,9;35,8;51,6;asagi;zayif;zayif;asagi;0,63;-1,49;1;5,74;-2,88;41322587;6,81;SAT;NEGATIF;SAT;NEGATIF;AZALIYOR;SAT;SAT;NOTR;0;18.09.2026
GEREL;izle;;14,9;4,6;0,4;10,0;28;2;zayif;23,4;24,4;32,0;asagi;zayif;zayif;asagi;1,40;-4,07;3;26,96;-8,61;235697045;36,13;SAT;NEGATIF;SAT;NEGATIF;ARTIYOR;SAT;SAT;NOTR;0;18.09.2026
HKTM;izle;;14,9;7,4;7,4;0,0;16;1;zayif;38,8;36,2;15,0;asagi;zayif;zayif;asagi;0,23;-1,46;3;11,3;-4,16;34530111;13,92;SAT;NEGATIF;SAT;NEGATIF;AZALIYOR;SAT;SAT;NOTR;0;18.09.2026
QNBTR;izle;;14,9;2,4;2,4;10,0;6;0;zayif;53,7;28,7;28,8;asagi;zayif;zayif;asagi;1,36;-6,59;3;168;-4,00;2953776;182,44;SAT;NEGATIF;SAT;NEGATIF;ARTIYOR;SAT;AL;UCUZ (AL);1;18.09.2026
OSTIM;izle;;14,9;0,7;4,2;10,0;6;0;zayif;16,8;31,7;45,0;asagi;zayif;zayif;asagi;1,76;-3,32;3;1,41;-4,73;32933071;1,65;SAT;NEGATIF;NOTR;NEGATIF;ARTIYOR;SAT;SAT;UCUZ (AL);0;18.09.2026
NTHOL;izle;;14,8;2,4;5,3;7,0;46;5;zayif;31,0;29,5;30,8;asagi;zayif;zayif;asagi;1,12;-2,85;3;38,6;-0,21;77509109;42,31;SAT;NEGATIF;SAT;NEGATIF;ARTIYOR;SAT;AL;UCUZ (AL);1;18.09.2026
EKIZ;izle;;14,8;2,4;2,3;10,0;6;0;zayif;39,0;26,5;31,1;asagi;zayif;zayif;asagi;1,74;-5,22;3;50;-2,34;1120300;60,55;SAT;NEGATIF;SAT;NEGATIF;ARTIYOR;SAT;SAT;UCUZ (AL);0;18.09.2026
IHGZT;izle;;14,7;2,1;4,6;8,0;0;0;zayif;27,6;33,6;72,0;asagi;zayif;zayif;asagi;0,32;-2,76;0;1,08;-3,57;10107589;1,26;SAT;NEGATIF;SAT;NEGATIF;ARTIYOR;SAT;SAT;UCUZ (AL);0;18.09.2026
ECILC;izle;;14,7;1,7;3,0;10,0;16;1;zayif;24,5;32,9;43,4;asagi;zayif;zayif;asagi;1,34;-3,51;3;60,6;-5,75;511414550;72,68;SAT;NEGATIF;SAT;NEGATIF;ARTIYOR;SAT;AL;NOTR;1;18.09.2026
KLNMA;izle;;14,6;0,0;8,4;6,1;0;0;zayif;11,9;35,9;27,3;asagi;zayif;zayif;asagi;1,07;-3,42;2;8,5;-2,97;1551395;9,03;SAT;NEGATIF;NOTR;NEGATIF;ARTIYOR;SAT;AL;NOTR;1;18.09.2026
PARSN;izle;;14,5;1,3;3,3;10,0;10;0;zayif;21,3;29,4;27,9;asagi;zayif;zayif;asagi;1,91;-3,57;4;64,85;-2,99;31322874;72,66;SAT;NEGATIF;SAT;NEGATIF;ARTIYOR;SAT;SAT;UCUZ (AL);0;18.09.2026
PSGYO;izle;;14,4;4,3;0,1;10,0;0;0;zayif;21,8;19,9;16,5;asagi;zayif;zayif;asagi;1,83;-5,38;2;2,23;-4,70;536378221;2,74;SAT;NEGATIF;SAT;NEGATIF;ARTIYOR;SAT;SAT;NOTR;0;18.09.2026
RUBNS;izle;;14,4;5,4;1,4;7,5;10;0;zayif;31,6;28,3;20,9;asagi;zayif;zayif;asagi;1,15;-2,20;5;23,96;-3,78;56291456;30,79;SAT;NEGATIF;SAT;NEGATIF;ARTIYOR;SAT;SAT;NOTR;0;18.09.2026
HATSN;izle;;14,4;11,8;2,6;0,0;6;0;zayif;24,9;33,7;16,9;asagi;zayif;zayif;asagi;0,06;-2,94;3;43,8;-9,99;24045937;60,95;SAT;NEGATIF;SAT;NEGATIF;AZALIYOR;SAT;SAT;NOTR;0;18.09.2026
IZMDC;izle;;14,3;5,4;1,0;7,9;0;0;zayif;31,8;27,0;15,9;asagi;zayif;zayif;asagi;1,17;-4,08;2;7,47;-7,78;109839276;10,22;SAT;NEGATIF;SAT;NEGATIF;AZALIYOR;SAT;SAT;NOTR;0;18.09.2026
YATAS;izle;;14,2;2,4;1,8;10,0;6;0;zayif;36,0;25,5;32,0;asagi;zayif;zayif;asagi;1,80;-5,35;3;26,64;-5,20;45815818;30,98;SAT;NEGATIF;SAT;NEGATIF;ARTIYOR;SAT;SAT;UCUZ (AL);0;18.09.2026
ADESE;izle;;14,2;2,2;2,0;10,0;10;0;zayif;28,5;26,1;27,1;asagi;zayif;zayif;asagi;1,34;-3,63;4;0,75;-6,25;132563405;0,87;SAT;NEGATIF;SAT;NEGATIF;ARTIYOR;SAT;SAT;UCUZ (AL);0;18.09.2026
ASTOR;izle;;14,2;8,9;2,2;3,1;38;3;zayif;26,8;30,8;25,9;asagi;zayif;zayif;asagi;0,89;-3,12;3;248;-2,94;7972135584;300,62;SAT;NEGATIF;SAT;NEGATIF;AZALIYOR;SAT;AL;NOTR;1;18.09.2026
AVHOL;izle;;14,2;2,3;1,8;10,0;10;0;zayif;29,1;20,0;32,9;asagi;zayif;zayif;asagi;1,49;-4,78;4;28,94;-9,28;73553470;35,28;SAT;NEGATIF;SAT;NEGATIF;ARTIYOR;SAT;SAT;NOTR;0;18.09.2026
AKSUE;izle;;14,1;5,4;0,8;7,8;6;0;zayif;45,9;20,0;25,8;asagi;zayif;zayif;asagi;1,17;-6,48;3;19,13;-8,90;74092040;27,49;SAT;NEGATIF;SAT;NEGATIF;AZALIYOR;SAT;SAT;NOTR;0;18.09.2026
GWIND;izle;;14,0;0,6;5,7;7,7;10;0;zayif;16,3;33,3;39,6;asagi;zayif;zayif;asagi;1,16;-3,33;4;21,48;-0,09;80668462;22,95;SAT;NEGATIF;NOTR;NEGATIF;ARTIYOR;SAT;SAT;NOTR;0;18.09.2026
BRKSN;izle;;14,0;1,5;0,8;11,7;10;0;zayif;23,0;22,4;21,0;asagi;zayif;zayif;asagi;1,58;-3,73;4;6,86;-4,72;3569320;7,73;SAT;NEGATIF;SAT;NEGATIF;ARTIYOR;SAT;SAT;NOTR;0;18.09.2026
KLGYO;izle;;14,0;2,1;2,0;10,0;6;0;zayif;27,2;30,8;18,5;asagi;zayif;zayif;asagi;1,30;-2,82;3;4,06;1,50;51449412;4,64;SAT;NEGATIF;SAT;NEGATIF;ARTIYOR;SAT;AL;UCUZ (AL);1;18.09.2026
SAFKR;izle;;14,0;2,4;4,0;7,5;6;0;zayif;49,3;16,6;8,1;asagi;zayif;zayif;asagi;1,15;-6,84;3;11,7;-1,35;73313054;14,20;SAT;NEGATIF;SAT;NEGATIF;ARTIYOR;SAT;SAT;UCUZ (AL);0;18.09.2026
MIATK;izle;;13,9;1,7;4,2;8,0;0;0;zayif;24,7;33,6;69,7;asagi;zayif;zayif;asagi;0,12;-3,05;0;25,3;-9,96;72611961;33,61;SAT;NEGATIF;SAT;NEGATIF;ARTIYOR;SAT;SAT;UCUZ (AL);0;18.09.2026
KCAER;izle;;13,8;5,4;4,0;4,4;32;2;zayif;37,1;20,6;14,4;asagi;zayif;zayif;asagi;0,96;-3,99;4;11,82;-1,99;140051303;13,80;SAT;NEGATIF;SAT;NEGATIF;ARTIYOR;SAT;AL;NOTR;1;18.09.2026
TEZOL;izle;;13,8;2,4;8,0;3,3;10;0;zayif;37,1;24,5;30,4;asagi;zayif;zayif;asagi;0,90;-6,87;4;8,11;-0,49;30496414;9,15;AL;NEGATIF;SAT;NEGATIF;AZALIYOR;SAT;SAT;UCUZ (AL);1;18.09.2026
OYLUM;izle;;13,8;2,2;1,6;10,0;10;0;zayif;28,0;12,2;23,9;asagi;zayif;zayif;asagi;1,50;-4,20;5;6,22;-3,42;4079026;6,99;SAT;NEGATIF;SAT;NEGATIF;ARTIYOR;SAT;SAT;UCUZ (AL);0;18.09.2026
BTCIM;izle;;13,8;2,4;1,3;10,0;6;0;zayif;55,2;16,6;43,6;asagi;zayif;zayif;asagi;1,39;-6,44;3;2,91;-6,43;618841333;3,74;SAT;NEGATIF;SAT;NEGATIF;AZALIYOR;SAT;SAT;UCUZ (AL);0;18.09.2026
IHLGM;izle;;13,7;1,3;4,4;8,0;0;0;zayif;21,7;33,2;62,3;asagi;zayif;zayif;asagi;0,64;-2,98;1;1,42;-4,70;28338446;1,69;SAT;NEGATIF;SAT;NEGATIF;ARTIYOR;SAT;SAT;UCUZ (AL);0;18.09.2026
INTEM;izle;;13,6;1,3;2,4;10,0;0;0;zayif;21,4;29,6;32,0;asagi;zayif;zayif;asagi;1,38;-3,49;2;213,5;-4,69;14261160;249,31;SAT;NEGATIF;SAT;NEGATIF;ARTIYOR;SAT;AL;NOTR;1;18.09.2026
BYDNR;izle;;13,6;5,4;0,0;8,2;0;0;zayif;29,8;16,9;20,6;asagi;zayif;zayif;asagi;1,19;-5,54;2;25,52;-8,79;25824530;32,24;SAT;NEGATIF;SAT;NEGATIF;ARTIYOR;SAT;SAT;NOTR;0;18.09.2026
GOKNR;izle;;13,6;0,9;12,7;0,0;0;0;zayif;18,5;40,8;54,1;asagi;zayif;zayif;asagi;0,58;-2,71;2;17,49;-1,74;57218535;19,02;AL;NEGATIF;NOTR;POZITIF;AZALIYOR;SAT;AL;NOTR;3;18.09.2026
MEGAP;izle;;13,6;2,4;1,2;10,0;10;0;zayif;39,5;14,2;14,6;asagi;zayif;zayif;asagi;2,12;-7,43;4;1,44;-5,26;1893637;1,62;SAT;NEGATIF;SAT;NEGATIF;ARTIYOR;SAT;SAT;UCUZ (AL);0;18.09.2026
GLBMD;izle;;13,5;1,8;1,7;10,0;10;0;zayif;25,0;20,4;17,7;asagi;zayif;zayif;asagi;1,37;-3,69;5;10,1;-1,94;2353714;11,26;SAT;NEGATIF;SAT;NEGATIF;ARTIYOR;SAT;SAT;UCUZ (AL);0;18.09.2026
ERBOS;izle;;13,5;2,0;1,4;10,0;10;0;zayif;26,7;17,0;32,3;asagi;zayif;zayif;asagi;1,93;-5,40;4;125;-9,94;12883250;149,46;SAT;NEGATIF;SAT;NEGATIF;ARTIYOR;SAT;SAT;UCUZ (AL);0;18.09.2026
HEDEF;izle;;13,4;5,4;8,0;0,0;0;0;zayif;45,3;16,4;-0,0;asagi;zayif;zayif;asagi;0,01;-10,05;1;19,35;-10,00;2279391;41,58;AL;NEGATIF;SAT;NEGATIF;AZALIYOR;AL;AL;NOTR;3;18.09.2026
ATAKP;izle;;13,4;2,4;1,0;10,0;10;0;zayif;43,7;15,1;14,1;asagi;zayif;zayif;asagi;1,49;-7,00;5;34,96;-3,32;19391403;39,47;SAT;NEGATIF;SAT;NEGATIF;ARTIYOR;SAT;AL;UCUZ (AL);1;18.09.2026
LINK;izle;;13,4;2,4;1,0;10,0;28;2;zayif;36,6;17,7;32,3;asagi;zayif;zayif;asagi;1,43;-6,04;3;4,18;-5,86;91193037;5,01;SAT;NEGATIF;SAT;NEGATIF;ARTIYOR;SAT;SAT;NOTR;0;18.09.2026
KRVGD;izle;;13,3;2,4;2,5;8,4;0;0;zayif;42,4;25,8;45,8;asagi;zayif;zayif;asagi;1,21;-4,15;1;2,08;0,97;25069595;2,30;SAT;NEGATIF;SAT;NEGATIF;ARTIYOR;SAT;SAT;UCUZ (AL);0;18.09.2026
OZGYO;izle;;13,3;4,7;2,7;6,0;6;0;zayif;24,4;28,8;34,0;asagi;zayif;zayif;asagi;1,06;-3,29;3;1,82;-6,67;28561324;2,11;SAT;NEGATIF;SAT;NEGATIF;ARTIYOR;SAT;SAT;NOTR;0;18.09.2026
ALFAS;izle;;13,3;1,9;1,4;10,0;42;3;zayif;26,1;25,0;22,2;asagi;zayif;zayif;asagi;3,41;-3,98;6;33,56;-0,71;207458188;38,86;SAT;NEGATIF;SAT;NEGATIF;ARTIYOR;SAT;SAT;NOTR;0;18.09.2026
MEGMT;izle;;13,3;2,4;2,3;8,5;10;0;zayif;46,9;19,6;33,1;asagi;zayif;zayif;asagi;1,21;-7,20;4;34,6;-4,16;308987515;43,73;SAT;NEGATIF;SAT;NEGATIF;AZALIYOR;SAT;SAT;UCUZ (AL);0;18.09.2026
PEKGY;izle;;13,3;4,6;0,7;8,0;32;3;zayif;23,9;23,9;33,9;asagi;zayif;zayif;asagi;0,01;-5,45;0;8,54;-9,92;19435136;11,28;SAT;NEGATIF;SAT;NEGATIF;ARTIYOR;SAT;SAT;UCUZ (AL);0;18.09.2026
COSMO;izle;;13,2;1,0;2,8;9,4;6;0;zayif;19,5;28,8;30,0;asagi;zayif;zayif;asagi;1,27;-3,53;3;101;-7,17;8899918;124,91;SAT;NEGATIF;NOTR;NEGATIF;ARTIYOR;SAT;SAT;UCUZ (AL);0;18.09.2026
KZBGY;izle;;13,2;2,4;0,8;10,0;6;0;zayif;37,7;14,3;16,1;asagi;zayif;zayif;asagi;1,69;-7,45;3;1,47;-7,55;92073268;1,77;SAT;NEGATIF;SAT;NEGATIF;ARTIYOR;SAT;AL;UCUZ (AL);1;18.09.2026
YESIL;izle;;13,1;1,6;1,5;10,0;0;0;zayif;24,1;22,8;35,3;asagi;zayif;zayif;asagi;1,37;-5,29;2;0,99;-4,81;21378686;1,15;SAT;NEGATIF;SAT;NEGATIF;ARTIYOR;SAT;SAT;UCUZ (AL);0;18.09.2026
AKENR;izle;;13,0;1,1;3,9;8,0;10;1;zayif;20,0;32,5;48,8;asagi;zayif;zayif;asagi;0,52;-2,80;1;9,32;-4,02;37243699;10,75;SAT;NEGATIF;NOTR;NEGATIF;ARTIYOR;SAT;SAT;NOTR;0;18.09.2026
TBORG;izle;;13,0;1,8;11,2;0,0;0;0;zayif;24,9;39,0;29,0;asagi;zayif;zayif;asagi;0,47;-1,74;2;129,4;-2,49;17374538;143,54;SAT;NEGATIF;SAT;NEGATIF;AZALIYOR;SAT;AL;NOTR;1;18.09.2026
KIMMR;izle;;12,9;2,4;1,2;9,3;0;0;zayif;41,8;20,8;25,9;asagi;zayif;zayif;asagi;1,26;-5,53;1;11,46;-3,94;15477922;13,11;SAT;NEGATIF;SAT;NEGATIF;ARTIYOR;SAT;SAT;NOTR;0;18.09.2026
MERKO;izle;;12,9;2,4;1,4;9,1;6;0;zayif;37,9;20,1;33,5;asagi;zayif;zayif;asagi;1,25;-6,41;3;1,04;-4,59;30864269;1,22;SAT;NEGATIF;SAT;NEGATIF;ARTIYOR;SAT;SAT;UCUZ (AL);0;18.09.2026
KAREL;izle;;12,9;2,4;0,4;10,0;10;0;zayif;32,2;17,2;13,1;asagi;zayif;zayif;asagi;1,32;-7,00;6;6,19;-7,61;74841606;7,56;SAT;NEGATIF;SAT;NEGATIF;ARTIYOR;SAT;SAT;NOTR;0;18.09.2026
YAPRK;izle;;12,8;0,0;2,8;10,0;6;0;zayif;11,6;27,8;46,8;asagi;zayif;zayif;asagi;1,35;-2,68;3;9,71;-3,00;57146399;11,37;SAT;NEGATIF;NOTR;NEGATIF;ARTIYOR;SAT;SAT;NOTR;0;18.09.2026
MNDTR;izle;;12,8;1,3;1,5;10,0;6;0;zayif;21,6;21,8;38,5;asagi;zayif;zayif;asagi;1,33;-4,20;3;4,34;-7,46;11211565;5,12;SAT;NEGATIF;SAT;NEGATIF;ARTIYOR;SAT;SAT;UCUZ (AL);0;18.09.2026
GOLTS;izle;;12,8;1,3;2,2;9,3;10;0;zayif;21,2;29,5;24,9;asagi;zayif;zayif;asagi;1,26;-4,05;4;268,5;-3,76;33662382;298,99;SAT;NEGATIF;SAT;NEGATIF;ARTIYOR;SAT;SAT;UCUZ (AL);0;18.09.2026
GATEG;izle;;12,8;1,7;3,2;8,0;40;5;zayif;24,2;32,5;71,4;asagi;zayif;zayif;asagi;0,31;-4,28;2;218,2;-9,98;1756074;270,85;SAT;NEGATIF;SAT;NEGATIF;ARTIYOR;SAT;SAT;NOTR;0;18.09.2026
EUYO;izle;;12,8;0,6;2,2;10,0;10;0;zayif;16,3;26,0;28,2;asagi;zayif;zayif;asagi;2,13;-3,39;5;4,09;-4,22;7671543;4,88;SAT;NEGATIF;NOTR;NEGATIF;ARTIYOR;SAT;SAT;NOTR;0;18.09.2026
RTALB;izle;;12,8;0,3;2,5;10,0;0;0;zayif;14,3;27,6;15,2;asagi;zayif;zayif;asagi;1,30;-4,38;2;2,32;-7,20;61008360;2,82;SAT;NEGATIF;NOTR;NEGATIF;ARTIYOR;SAT;SAT;UCUZ (AL);0;18.09.2026
ORMA;izle;;12,7;2,4;0,3;10,0;10;0;zayif;30,0;21,3;13,8;asagi;zayif;zayif;asagi;1,78;-7,20;5;126,5;-5,95;2078775;144,46;SAT;NEGATIF;SAT;NEGATIF;ARTIYOR;SAT;SAT;NOTR;0;18.09.2026
TMSN;izle;;12,7;0,0;3,8;8,9;0;0;zayif;11,0;29,3;35,6;asagi;zayif;zayif;asagi;0,75;-3,11;2;66,55;-4,38;40669637;77,43;SAT;NEGATIF;NOTR;NEGATIF;ARTIYOR;SAT;SAT;UCUZ (AL);0;18.09.2026
SEGYO;izle;;12,7;2,4;0,3;10,0;10;0;zayif;36,1;14,3;24,1;asagi;zayif;zayif;asagi;1,51;-7,06;4;2,82;-5,69;14706574;3,32;SAT;NEGATIF;SAT;NEGATIF;ARTIYOR;SAT;AL;UCUZ (AL);1;18.09.2026
USAK;izle;;12,7;1,2;1,4;10,0;6;0;zayif;21,1;17,2;29,1;asagi;zayif;zayif;asagi;1,95;-5,35;3;1,04;-4,59;80362312;1,19;SAT;NEGATIF;SAT;NEGATIF;ARTIYOR;SAT;SAT;UCUZ (AL);0;18.09.2026
YEOTK;izle;;12,6;3,9;5,8;2,9;10;0;zayif;18,8;35,5;41,3;asagi;zayif;zayif;asagi;0,87;-2,73;4;29,94;-0,80;430122321;35,85;SAT;NEGATIF;NOTR;NEGATIF;AZALIYOR;SAT;SAT;NOTR;0;18.09.2026
SODSN;izle;;12,6;2,4;0,2;10,0;6;0;zayif;37,0;17,0;26,7;asagi;zayif;zayif;asagi;1,42;-7,15;3;6,24;-1,27;693445;6,91;SAT;NEGATIF;SAT;NEGATIF;AZALIYOR;SAT;SAT;UCUZ (AL);0;18.09.2026
DENGE;izle;;12,6;1,7;9,7;1,2;22;2;zayif;24,6;40,1;57,2;asagi;zayif;zayif;asagi;0,51;-1,40;2;2,22;-1,77;29779950;2,56;SAT;NEGATIF;SAT;NEGATIF;AZALIYOR;SAT;SAT;UCUZ (AL);0;18.09.2026
KOCMT;izle;;12,5;4,3;4,2;4,0;0;0;zayif;21,8;32,9;56,7;asagi;zayif;zayif;asagi;0,04;-2,97;1;3,08;-9,94;8665737;4,30;SAT;NEGATIF;SAT;NEGATIF;AZALIYOR;SAT;SAT;NOTR;0;18.09.2026
PKENT;izle;;12,5;1,4;1,1;10,0;16;1;zayif;22,5;20,5;18,9;asagi;zayif;zayif;asagi;1,34;-4,57;3;108,6;-1,63;18487630;123,77;SAT;NEGATIF;SAT;NEGATIF;ARTIYOR;SAT;AL;UCUZ (AL);1;18.09.2026
BESLR;izle;;12,5;1,2;7,1;4,3;22;2;zayif;20,5;36,4;29,5;asagi;zayif;zayif;asagi;0,87;-2,42;2;11,95;-2,85;24847695;13,32;SAT;NEGATIF;SAT;NEGATIF;ARTIYOR;SAT;AL;NOTR;1;18.09.2026
BIZIM;izle;;12,5;1,6;2,8;8,1;32;2;zayif;23,6;30,6;39,9;asagi;zayif;zayif;asagi;1,19;-3,36;4;21,42;-5,80;8087250;25,07;SAT;NEGATIF;SAT;NEGATIF;ARTIYOR;SAT;SAT;NOTR;0;18.09.2026
POLTK;izle;;12,5;0,5;2,0;10,0;0;0;zayif;15,5;20,0;45,1;asagi;zayif;zayif;asagi;1,83;-4,64;2;3482,5;-8,60;43075043;4197,26;SAT;NEGATIF;NOTR;NEGATIF;ARTIYOR;SAT;SAT;UCUZ (AL);0;18.09.2026
MEDTR;izle;;12,4;2,4;0,0;10,0;10;0;zayif;30,6;15,1;9,1;asagi;zayif;zayif;asagi;1,56;-6,34;5;20;-4,58;8989420;23,14;SAT;NEGATIF;SAT;NEGATIF;ARTIYOR;SAT;AL;UCUZ (AL);1;18.09.2026
EUHOL;izle;;12,4;2,4;0,0;10,0;10;0;zayif;34,2;21,6;17,9;asagi;zayif;zayif;asagi;1,46;-6,43;5;7,37;-6,47;6956926;8,72;SAT;NEGATIF;SAT;NEGATIF;ARTIYOR;SAT;SAT;UCUZ (AL);0;18.09.2026
DERIM;izle;;12,4;1,2;1,6;9,6;32;2;zayif;20,8;27,1;47,6;asagi;zayif;zayif;asagi;1,28;-3,28;5;30;-4,58;13697760;36,01;SAT;NEGATIF;SAT;NEGATIF;ARTIYOR;SAT;SAT;NOTR;0;18.09.2026
THYAO;izle;;12,4;1,3;10,9;0,2;6;0;zayif;21,7;40,7;43,0;asagi;zayif;zayif;asagi;0,70;-1,94;3;285,5;-1,30;10271669323;301,24;SAT;NEGATIF;SAT;NEGATIF;AZALIYOR;SAT;AL;NOTR;1;18.09.2026
TGSAS;izle;;12,4;11,0;1,4;0,0;6;0;zayif;19,5;29,6;26,9;asagi;zayif;zayif;asagi;0,06;-3,17;3;144,4;-9,98;8118457;196,70;SAT;NEGATIF;NOTR;NEGATIF;AZALIYOR;SAT;AL;NOTR;1;18.09.2026
CEMTS;izle;;12,4;1,4;1,0;10,0;42;3;zayif;22,4;21,9;28,2;asagi;zayif;zayif;asagi;1,75;-4,56;4;7,75;-4,91;21512225;8,77;SAT;NEGATIF;SAT;NEGATIF;ARTIYOR;SAT;SAT;UCUZ (AL);0;18.09.2026
CIMSA;izle;;12,4;1,0;4,9;6,5;6;0;zayif;19,3;35,3;45,0;asagi;zayif;zayif;asagi;1,07;-2,96;3;41,32;-1,85;365670265;45,98;SAT;NEGATIF;NOTR;NEGATIF;AZALIYOR;SAT;AL;NOTR;1;18.09.2026
INTEK;izle;;12,3;2,4;1,3;8,6;6;0;zayif;34,2;22,5;15,1;asagi;zayif;zayif;asagi;1,21;-7,15;3;189,4;-4,00;1747783;214,50;SAT;NEGATIF;SAT;NEGATIF;ARTIYOR;SAT;SAT;UCUZ (AL);0;18.09.2026
KLMSN;izle;;12,3;1,6;0,7;10,0;16;1;zayif;23,5;21,0;24,8;asagi;zayif;zayif;asagi;1,38;-4,63;3;23,86;-5,24;20337906;27,50;SAT;NEGATIF;SAT;NEGATIF;ARTIYOR;SAT;SAT;UCUZ (AL);0;18.09.2026
SNGYO;izle;;12,2;1,3;0,9;10,0;10;0;zayif;21,5;26,7;18,9;asagi;zayif;zayif;asagi;2,40;-3,93;5;2,75;-1,08;209408227;3,12;SAT;NEGATIF;SAT;NEGATIF;ARTIYOR;SAT;AL;UCUZ (AL);1;18.09.2026
LRSHO;izle;;12,2;0,5;1,7;10,0;32;3;zayif;15,4;21,6;32,5;asagi;zayif;zayif;asagi;1,34;-5,34;2;2,08;-2,80;44387046;2,46;SAT;NEGATIF;NOTR;NEGATIF;ARTIYOR;SAT;SAT;UCUZ (AL);0;18.09.2026
RALYH;izle;;12,1;11,3;0,8;0,0;38;3;zayif;21,5;27,7;43,6;asagi;zayif;zayif;asagi;0,48;-3,41;3;198;-10,00;166650264;258,66;SAT;NEGATIF;SAT;NEGATIF;ARTIYOR;SAT;SAT;NOTR;0;18.09.2026
ODAS;izle;;12,1;3,7;5,9;2,5;40;4;zayif;17,1;36,5;33,5;asagi;zayif;zayif;asagi;0,85;-2,13;2;6,77;-4,11;372542268;7,86;SAT;NEGATIF;NOTR;NEGATIF;ARTIYOR;SAT;SAT;NOTR;0;18.09.2026
DGGYO;izle;;12,1;3,6;3,0;5,5;6;0;zayif;16,4;28,7;25,6;asagi;zayif;zayif;asagi;1,03;-3,14;3;28,82;-5,57;3534831;34,13;SAT;NEGATIF;NOTR;NEGATIF;ARTIYOR;SAT;SAT;NOTR;0;18.09.2026
VKGYO;izle;;12,1;1,7;2,4;8,0;0;0;zayif;24,2;28,3;42,2;asagi;zayif;zayif;asagi;0,70;-4,02;2;1,73;-3,89;34598106;1,94;SAT;NEGATIF;SAT;NEGATIF;ARTIYOR;SAT;AL;NOTR;1;18.09.2026
KAYSE;izle;;12,1;2,2;2,2;7,7;6;0;zayif;28,4;28,8;33,3;asagi;zayif;zayif;asagi;1,16;-3,05;3;3,58;-2,98;40701442;4,07;SAT;NEGATIF;SAT;NEGATIF;ARTIYOR;SAT;AL;NOTR;1;18.09.2026
IMASM;izle;;12,0;0,4;1,7;10,0;6;0;zayif;14,6;24,6;25,9;asagi;zayif;zayif;asagi;1,75;-5,38;3;1,87;-8,33;69225698;2,30;SAT;NEGATIF;NOTR;NEGATIF;ARTIYOR;SAT;SAT;UCUZ (AL);0;18.09.2026
KMPUR;izle;;12,0;5,4;1,7;4,9;6;0;zayif;32,4;25,3;39,0;asagi;zayif;zayif;asagi;0,99;-3,32;3;15,99;-2,62;34857720;18,81;SAT;NEGATIF;SAT;NEGATIF;ARTIYOR;SAT;SAT;NOTR;0;18.09.2026
ORCAY;izle;;11,9;0,5;1,4;10,0;10;0;zayif;15,5;21,2;29,7;asagi;zayif;zayif;asagi;3,52;-4,28;4;2,8;-0,71;17399276;3,34;SAT;NEGATIF;NOTR;NEGATIF;ARTIYOR;SAT;SAT;UCUZ (AL);0;18.09.2026
ECZYT;izle;;11,9;1,9;0,0;10,0;40;4;zayif;25,9;17,4;19,9;asagi;zayif;zayif;asagi;1,69;-6,33;2;234,9;-10,00;134849983;286,00;SAT;NEGATIF;SAT;NEGATIF;ARTIYOR;SAT;SAT;NOTR;0;18.09.2026
YAYLA;izle;;11,9;2,4;2,1;7,3;38;3;zayif;32,9;27,5;53,7;asagi;zayif;zayif;asagi;1,14;-3,54;3;17,7;-9,46;23883389;22,55;SAT;NEGATIF;SAT;NEGATIF;ARTIYOR;SAT;SAT;UCUZ (AL);0;18.09.2026
ULUSE;izle;;11,8;5,4;2,4;4,0;0;0;zayif;37,0;25,3;34,8;asagi;zayif;zayif;asagi;0,94;-4,09;2;200,5;-2,29;34218734;238,52;SAT;NEGATIF;SAT;NEGATIF;ARTIYOR;SAT;SAT;NOTR;0;18.09.2026
QUAGR;izle;;11,7;0,6;1,1;10,0;10;0;zayif;16,4;23,6;40,5;asagi;zayif;zayif;asagi;1,46;-4,55;4;2,48;-4,98;156993694;3,01;SAT;NEGATIF;NOTR;NEGATIF;ARTIYOR;SAT;SAT;NOTR;0;18.09.2026
TLMAN;izle;;11,6;1,5;1,1;9,0;6;0;zayif;23,1;24,6;20,8;asagi;zayif;zayif;asagi;1,24;-4,53;3;68,1;-7,16;15177651;79,31;SAT;NEGATIF;SAT;NEGATIF;ARTIYOR;SAT;SAT;UCUZ (AL);0;18.09.2026
SELVA;izle;;11,6;1,3;0,7;9,6;6;0;zayif;21,5;17,9;17,2;asagi;zayif;zayif;asagi;1,28;-6,62;3;1,27;-5,22;37316599;1,49;SAT;NEGATIF;SAT;NEGATIF;ARTIYOR;SAT;AL;UCUZ (AL);1;18.09.2026
FORMT;izle;;11,5;2,4;0,9;8,2;10;0;zayif;48,9;11,1;18,2;asagi;zayif;zayif;asagi;1,19;-8,46;4;1,19;-5,56;24998670;1,40;SAT;NEGATIF;SAT;NEGATIF;ARTIYOR;SAT;SAT;UCUZ (AL);0;18.09.2026
VRGYO;izle;;11,5;1,3;0,2;10,0;10;1;zayif;21,7;20,6;45,2;asagi;zayif;zayif;asagi;1,31;-5,40;2;1,45;-4,61;22422046;1,69;SAT;NEGATIF;SAT;NEGATIF;ARTIYOR;SAT;AL;UCUZ (AL);1;18.09.2026
ACSEL;izle;;11,5;2,2;1,6;7,6;6;0;zayif;28,4;22,6;24,4;asagi;zayif;zayif;asagi;1,16;-4,32;3;98,25;-3,96;15038440;115,79;SAT;NEGATIF;SAT;NEGATIF;ARTIYOR;SAT;SAT;NOTR;0;18.09.2026
PENGD;izle;;11,4;2,3;1,9;7,2;6;0;zayif;29,0;24,9;42,1;asagi;zayif;zayif;asagi;1,13;-4,64;3;8,17;-3,43;24812878;9,32;SAT;NEGATIF;SAT;NEGATIF;ARTIYOR;SAT;SAT;NOTR;0;18.09.2026
DMSAS;izle;;11,4;1,4;0,0;10,0;32;2;zayif;22,1;15,4;9,0;asagi;zayif;zayif;asagi;2,16;-6,39;6;6,13;-9,19;30351929;7,49;SAT;NEGATIF;SAT;NEGATIF;ARTIYOR;SAT;SAT;UCUZ (AL);0;18.09.2026
AKYHO;izle;;11,3;1,5;2,9;6,9;10;0;zayif;23,2;28,6;23,2;asagi;zayif;zayif;asagi;1,11;-3,42;4;1,82;-3,70;3489757;2,19;SAT;NEGATIF;SAT;NEGATIF;ARTIYOR;SAT;SAT;UCUZ (AL);0;18.09.2026
SMRVA;izle;;11,3;1,0;0,3;10,0;10;0;zayif;19,5;16,9;25,8;asagi;zayif;zayif;asagi;1,41;-6,90;4;7,64;-8,72;90681001;9,43;SAT;NEGATIF;NOTR;NEGATIF;ARTIYOR;SAT;SAT;UCUZ (AL);0;18.09.2026
HTTBT;izle;;11,2;2,4;1,2;7,6;10;0;zayif;30,1;26,1;32,3;asagi;zayif;zayif;asagi;1,16;-4,72;4;30,38;-7,09;20138537;35,00;SAT;NEGATIF;SAT;NEGATIF;ARTIYOR;SAT;AL;UCUZ (AL);1;18.09.2026
SEKFK;izle;;11,2;2,4;2,5;6,3;0;0;zayif;29,6;23,5;17,3;asagi;zayif;zayif;asagi;1,08;-3,66;2;4,06;0,74;2419776;4,50;SAT;NEGATIF;SAT;NEGATIF;ARTIYOR;SAT;AL;NOTR;1;18.09.2026
MERCN;izle;;11,0;1,9;3,6;5,4;6;0;zayif;26,2;29,5;38,6;asagi;zayif;zayif;asagi;1,03;-3,99;3;15,17;-5,01;72921689;19,07;SAT;NEGATIF;SAT;NEGATIF;AZALIYOR;SAT;SAT;NOTR;0;18.09.2026
DYOBY;izle;;11,0;2,0;1,2;7,7;46;5;zayif;26,7;26,3;26,4;asagi;zayif;zayif;asagi;1,16;-3,89;3;11,55;-5,41;21867742;13,19;SAT;NEGATIF;SAT;NEGATIF;ARTIYOR;SAT;SAT;NOTR;0;18.09.2026
KTSKR;izle;;10,9;1,5;1,4;8,0;10;0;zayif;23,4;18,9;19,1;asagi;zayif;zayif;asagi;1,18;-5,67;4;64,5;-3,95;28498938;74,94;SAT;NEGATIF;SAT;NEGATIF;ARTIYOR;SAT;SAT;NOTR;0;18.09.2026
MAGEN;izle;;10,9;0,6;2,3;8,0;32;3;zayif;16,4;27,9;36,7;asagi;zayif;zayif;asagi;0,19;-3,99;2;27,24;-9,98;96437854;35,18;SAT;NEGATIF;NOTR;NEGATIF;ARTIYOR;SAT;SAT;UCUZ (AL);0;18.09.2026
ERSU;izle;;10,9;3,6;0,5;6,8;10;1;zayif;16,1;17,5;24,2;asagi;zayif;zayif;asagi;1,11;-4,22;2;17,46;-10,00;8027881;22,40;SAT;NEGATIF;NOTR;NEGATIF;ARTIYOR;SAT;SAT;NOTR;0;18.09.2026
GRSEL;izle;;10,8;2,4;1,6;6,8;6;0;zayif;31,2;17,4;30,2;asagi;zayif;zayif;asagi;1,11;-3,97;3;266;-3,62;117517736;306,84;SAT;NEGATIF;SAT;NEGATIF;AZALIYOR;SAT;SAT;NOTR;0;18.09.2026
EYGYO;izle;;10,8;1,3;2,5;7,0;0;0;zayif;21,7;31,4;42,3;asagi;zayif;zayif;asagi;1,12;-2,44;2;2,19;-3,10;18529454;2,63;SAT;NEGATIF;SAT;NEGATIF;ARTIYOR;SAT;SAT;UCUZ (AL);0;18.09.2026
EMNIS;izle;;10,7;0,5;0,3;10,0;10;0;zayif;15,4;23,5;26,7;asagi;zayif;zayif;asagi;2,53;-5,88;4;130,5;-10,00;2343389;151,21;SAT;NEGATIF;NOTR;NEGATIF;ARTIYOR;SAT;SAT;UCUZ (AL);0;18.09.2026
METRO;izle;;10,7;4,5;0,1;6,1;10;0;zayif;22,7;24,5;35,2;asagi;zayif;zayif;asagi;1,07;-3,58;4;6,75;-5,20;54088520;8,12;SAT;NEGATIF;SAT;NEGATIF;ARTIYOR;SAT;SAT;NOTR;0;18.09.2026
ALGYO;izle;;10,6;1,0;6,1;3,5;32;3;zayif;19,1;35,8;37,1;asagi;zayif;zayif;asagi;0,91;-3,37;1;3,25;-2,99;73565196;3,73;SAT;NEGATIF;NOTR;NEGATIF;ARTIYOR;SAT;SAT;NOTR;0;18.09.2026
PENTA;izle;;10,6;0,4;0,2;10,0;42;3;zayif;14,6;18,6;33,4;asagi;zayif;zayif;asagi;2,21;-5,44;6;10,65;-9,97;44237682;12,73;SAT;NEGATIF;NOTR;NEGATIF;ARTIYOR;SAT;AL;UCUZ (AL);1;18.09.2026
AFYON;izle;;10,5;0,8;4,5;5,2;20;1;zayif;18,2;30,4;41,6;asagi;zayif;zayif;asagi;0,83;-3,04;4;11,55;-2,94;14918927;12,71;SAT;NEGATIF;NOTR;NEGATIF;ARTIYOR;SAT;SAT;NOTR;0;18.09.2026
YONGA;izle;;10,5;2,4;0,9;7,2;0;0;zayif;31,1;16,1;18,1;asagi;zayif;zayif;asagi;1,13;-7,38;2;37,98;-4,81;752612;42,58;SAT;NEGATIF;SAT;NEGATIF;ARTIYOR;SAT;SAT;UCUZ (AL);0;18.09.2026
TUREX;izle;;10,5;1,9;0,6;8,0;6;0;zayif;26,1;19,0;16,8;asagi;zayif;zayif;asagi;1,18;-6,36;3;5,04;-4,91;77048481;5,82;SAT;NEGATIF;SAT;NEGATIF;ARTIYOR;SAT;SAT;UCUZ (AL);0;18.09.2026
SURGY;izle;;10,4;2,4;8,0;0,0;0;0;zayif;44,0;14,3;35,3;asagi;zayif;zayif;asagi;0,63;-9,20;2;25,2;-4,83;55976306;30,39;AL;NEGATIF;SAT;NEGATIF;ARTIYOR;SAT;SAT;UCUZ (AL);1;18.09.2026
BARMA;izle;;10,4;2,4;8,0;0,0;6;0;zayif;63,6;21,0;27,6;asagi;zayif;zayif;asagi;0,46;-15,97;3;7,39;-6,10;2819551;9,72;AL;NEGATIF;SAT;NEGATIF;AZALIYOR;SAT;SAT;UCUZ (AL);1;18.09.2026
LIDER;izle;;10,4;2,4;8,0;0,0;6;0;zayif;54,8;16,4;12,9;asagi;zayif;zayif;asagi;0,02;-11,14;3;15,8;-9,97;6826027;23,36;AL;NEGATIF;SAT;NEGATIF;AZALIYOR;SAT;SAT;UCUZ (AL);1;18.09.2026
YYLGD;izle;;10,4;1,0;0,3;9,1;6;0;zayif;19,7;21,5;21,8;asagi;zayif;zayif;asagi;1,24;-5,19;3;8,6;-4,76;63878409;9,78;SAT;NEGATIF;NOTR;NEGATIF;ARTIYOR;SAT;SAT;NOTR;0;18.09.2026
HUBVC;izle;;10,3;2,1;0,9;7,3;10;0;zayif;27,6;18,7;32,4;asagi;zayif;zayif;asagi;1,14;-4,66;4;1,91;-4,98;5139277;2,36;SAT;NEGATIF;SAT;NEGATIF;ARTIYOR;SAT;AL;NOTR;1;18.09.2026
YYAPI;izle;;10,3;2,4;0,0;7,9;0;0;zayif;50,8;13,1;27,4;asagi;zayif;zayif;asagi;1,17;-8,70;2;0,67;-2,90;3202498;0,74;SAT;NEGATIF;SAT;NEGATIF;ARTIYOR;SAT;SAT;UCUZ (AL);0;18.09.2026
KLKIM;izle;;10,3;1,3;0,8;8,2;6;0;zayif;21,5;25,1;31,9;asagi;zayif;zayif;asagi;1,19;-4,07;3;23,12;-4,15;46406603;26,37;SAT;NEGATIF;SAT;NEGATIF;ARTIYOR;SAT;AL;UCUZ (AL);1;18.09.2026
ULAS;izle;;10,2;0,8;1,9;7,5;10;0;zayif;17,8;26,7;35,6;asagi;zayif;zayif;asagi;1,15;-3,85;4;18,37;-5,70;4300656;21,90;SAT;NEGATIF;NOTR;NEGATIF;ARTIYOR;SAT;SAT;UCUZ (AL);0;18.09.2026
BERA;izle;;10,0;1,9;4,1;4,1;6;0;zayif;25,6;34,3;37,5;asagi;zayif;zayif;asagi;0,94;-3,22;3;12,1;-5,17;82500571;14,08;SAT;NEGATIF;SAT;NEGATIF;ARTIYOR;SAT;AL;UCUZ (AL);1;18.09.2026
ANGEN;izle;;9,9;0,6;3,0;6,3;6;0;zayif;16,7;29,7;24,6;asagi;zayif;zayif;asagi;1,08;-3,91;3;7,72;-4,34;20208405;9,24;SAT;NEGATIF;NOTR;NEGATIF;ARTIYOR;SAT;SAT;UCUZ (AL);0;18.09.2026
BURVA;izle;;9,9;4,2;5,7;0,0;6;0;zayif;20,6;35,2;18,4;asagi;zayif;zayif;asagi;0,64;-2,97;3;565;-7,00;31759215;754,79;SAT;NEGATIF;SAT;NEGATIF;AZALIYOR;AL;AL;NOTR;2;18.09.2026
RODRG;izle;;9,9;4,5;1,7;3,7;10;0;zayif;22,9;28,7;40,2;asagi;zayif;zayif;asagi;0,92;-2,95;5;20,12;-0,89;5819328;23,67;SAT;NEGATIF;SAT;NEGATIF;ARTIYOR;SAT;SAT;NOTR;0;18.09.2026
REEDR;izle;;9,8;0,8;1,6;7,5;6;0;zayif;17,5;17,7;53,5;asagi;zayif;zayif;asagi;0,91;-5,62;3;4,61;-8,35;73623590;5,59;SAT;NEGATIF;NOTR;NEGATIF;ARTIYOR;SAT;SAT;UCUZ (AL);0;18.09.2026
ATAGY;izle;;9,7;2,4;3,6;3,6;10;0;zayif;35,0;28,3;29,7;asagi;zayif;zayif;asagi;0,91;-3,13;4;9,25;-4,15;1760784;10,50;SAT;NEGATIF;SAT;NEGATIF;ARTIYOR;SAT;SAT;UCUZ (AL);0;18.09.2026
TUCLK;izle;;9,7;6,6;3,0;0,0;6;0;zayif;29,0;29,4;45,5;asagi;zayif;zayif;asagi;0,68;-2,53;3;3,41;-6,32;27019664;4,11;SAT;NEGATIF;AL;NEGATIF;ARTIYOR;SAT;SAT;UCUZ (AL);1;18.09.2026
BALSU;izle;;9,5;2,4;2,1;5,0;10;0;zayif;32,7;23,1;44,0;asagi;zayif;zayif;asagi;1,00;-6,53;4;6,26;-9,93;348631413;8,66;SAT;NEGATIF;SAT;NEGATIF;AZALIYOR;SAT;SAT;UCUZ (AL);0;18.09.2026
BEGYO;izle;;9,5;2,3;0,4;6,8;10;0;zayif;28,7;17,8;19,5;asagi;zayif;zayif;asagi;1,11;-5,60;4;2,85;-3,39;10214967;3,26;SAT;NEGATIF;SAT;NEGATIF;ARTIYOR;SAT;AL;UCUZ (AL);1;18.09.2026
GZNMI;izle;;9,5;2,4;0,8;6,3;10;0;zayif;29,5;22,4;8,8;asagi;zayif;zayif;asagi;1,08;-4,61;5;40,6;1,55;61347859;49,05;SAT;NEGATIF;SAT;NEGATIF;ARTIYOR;SAT;AL;NOTR;1;18.09.2026
YBTAS;izle;;9,5;2,4;1,2;5,8;10;0;zayif;49,2;20,9;11,0;asagi;zayif;zayif;asagi;1,05;-7,06;5;11,87;-1,08;888339;12,65;SAT;NEGATIF;SAT;NEGATIF;ARTIYOR;SAT;SAT;UCUZ (AL);0;18.09.2026
SEYKM;izle;;9,5;1,5;1,1;6,9;6;0;zayif;23,0;19,1;30,4;asagi;zayif;zayif;asagi;1,11;-4,98;3;3,34;-9,97;4919182;4,14;SAT;NEGATIF;SAT;NEGATIF;ARTIYOR;SAT;SAT;UCUZ (AL);0;18.09.2026
PASEU;izle;;9,4;5,4;4,0;0,0;0;0;zayif;39,7;23,1;0,0;asagi;zayif;zayif;asagi;0,17;-6,17;2;55,45;-9,98;96694375;94,88;SAT;NEGATIF;SAT;NEGATIF;AZALIYOR;SAT;SAT;UCUZ (AL);0;18.09.2026
EGEPO;izle;;9,4;5,4;4,0;0,0;6;0;zayif;50,7;14,6;19,3;asagi;zayif;zayif;asagi;0,50;-7,95;3;7,31;-7,12;23198782;10,68;SAT;NEGATIF;SAT;NEGATIF;AZALIYOR;AL;SAT;NOTR;1;18.09.2026
ODINE;izle;;9,4;5,4;4,0;0,0;0;0;zayif;40,9;17,5;-0,0;asagi;zayif;zayif;asagi;0,08;-8,16;0;462,25;-9,98;12586605;845,20;SAT;NEGATIF;SAT;NEGATIF;AZALIYOR;SAT;AL;NOTR;1;18.09.2026
DUNYH;izle;;9,4;5,4;0,0;4,0;38;3;zayif;42,9;15,1;2,9;asagi;zayif;zayif;asagi;0,01;-5,52;3;75,35;-9,98;778290;105,02;SAT;NEGATIF;SAT;NEGATIF;AZALIYOR;SAT;SAT;UCUZ (AL);0;18.09.2026
ESEN;izle;;9,4;1,9;2,3;5,2;46;4;zayif;26,3;29,9;28,7;asagi;zayif;zayif;asagi;1,01;-3,48;3;3;-2,91;102045924;3,42;SAT;NEGATIF;SAT;NEGATIF;ARTIYOR;SAT;SAT;UCUZ (AL);0;18.09.2026
NUGYO;izle;;9,4;1,2;1,8;6,4;0;0;zayif;21,1;27,0;35,7;asagi;zayif;zayif;asagi;1,08;-3,04;2;8,07;-1,71;15608962;9,27;SAT;NEGATIF;SAT;NEGATIF;ARTIYOR;SAT;SAT;UCUZ (AL);0;18.09.2026
AKMGY;izle;;9,4;3,1;4,7;1,5;0;0;zayif;13,1;33,5;39,4;asagi;zayif;zayif;asagi;0,73;-2,16;2;229;-4,10;5812020;265,48;SAT;NEGATIF;NOTR;NEGATIF;AZALIYOR;SAT;AL;NOTR;1;18.09.2026
EDIP;izle;;9,3;5,0;4,4;0,0;50;5;zayif;26,4;34,1;66,2;asagi;zayif;zayif;asagi;0,33;-2,51;4;31,84;-6,35;24110235;37,69;SAT;NEGATIF;SAT;NEGATIF;ARTIYOR;SAT;AL;NOTR;1;18.09.2026
GLCVY;izle;;9,2;0,8;4,1;4,4;10;1;zayif;17,6;33,1;35,7;asagi;zayif;zayif;asagi;0,96;-2,71;1;46,5;-3,33;30717063;54,32;SAT;NEGATIF;NOTR;NEGATIF;AZALIYOR;SAT;SAT;UCUZ (AL);0;18.09.2026
IHEVA;izle;;9,2;0,8;2,5;5,9;0;0;zayif;17,8;28,6;38,1;asagi;zayif;zayif;asagi;1,01;-3,25;2;1,74;-4,92;3137312;2,02;SAT;NEGATIF;NOTR;NEGATIF;ARTIYOR;SAT;SAT;UCUZ (AL);0;18.09.2026
AKFGY;izle;;9,1;1,4;7,7;0,0;10;1;zayif;22,1;38,1;56,5;asagi;zayif;zayif;asagi;0,69;-1,84;2;2,46;0,41;60915514;2,78;SAT;NEGATIF;SAT;NEGATIF;AZALIYOR;SAT;SAT;NOTR;0;18.09.2026
TRILC;izle;;9,0;2,4;2,7;3,9;0;0;zayif;41,3;26,8;40,0;asagi;zayif;zayif;asagi;0,93;-8,37;1;0,94;-2,08;3401745;1,05;SAT;NEGATIF;SAT;NEGATIF;AZALIYOR;SAT;SAT;UCUZ (AL);0;18.09.2026
EGSER;izle;;8,9;0,8;4,6;3,5;22;2;zayif;18,2;30,3;52,5;asagi;zayif;zayif;asagi;0,91;-2,71;2;2,69;-3,58;4599970;3,03;SAT;NEGATIF;NOTR;NEGATIF;ARTIYOR;SAT;SAT;NOTR;0;18.09.2026
BRYAT;izle;;8,9;0,4;5,7;2,8;0;0;zayif;14,9;34,6;41,1;asagi;zayif;zayif;asagi;0,86;-3,07;1;1570;-2,85;98000970;1743,35;SAT;NEGATIF;NOTR;NEGATIF;ARTIYOR;SAT;SAT;UCUZ (AL);0;18.09.2026
QNBFK;izle;;8,8;2,4;3,5;2,9;6;0;zayif;30,2;29,1;44,3;asagi;zayif;zayif;asagi;0,88;-3,60;3;37,96;-2,67;868601;41,61;SAT;NEGATIF;SAT;NEGATIF;AZALIYOR;SAT;SAT;NOTR;0;18.09.2026
VSNMD;izle;;8,8;2,1;1,6;5,1;0;0;zayif;27,4;15,7;28,6;asagi;zayif;zayif;asagi;1,01;-5,78;2;35,02;-0,79;40581631;39,97;SAT;NEGATIF;SAT;NEGATIF;ARTIYOR;SAT;SAT;UCUZ (AL);0;18.09.2026
MARBL;izle;;8,8;0,9;0,8;7,1;20;1;zayif;18,3;19,7;31,0;asagi;zayif;zayif;asagi;1,13;-4,16;4;10,4;-7,47;17073722;12,15;SAT;NEGATIF;NOTR;NEGATIF;ARTIYOR;SAT;AL;NOTR;1;18.09.2026
ULUFA;izle;;8,6;1,3;1,7;5,6;0;0;zayif;21,9;26,4;23,1;asagi;zayif;zayif;asagi;1,04;-3,50;1;1,48;-1,33;27625104;1,65;SAT;NEGATIF;SAT;NEGATIF;AZALIYOR;SAT;SAT;NOTR;0;18.09.2026
DARDL;izle;;8,5;2,3;0,6;5,6;50;4;zayif;28,9;14,8;16,2;asagi;zayif;zayif;asagi;1,04;-6,31;4;1,31;-3,68;22778634;1,52;SAT;NEGATIF;SAT;NEGATIF;ARTIYOR;SAT;SAT;UCUZ (AL);0;18.09.2026
VAKKO;izle;;8,5;0,1;7,7;0,7;0;0;zayif;13,1;33,5;32,2;asagi;zayif;zayif;asagi;0,68;-1,76;1;63,25;-2,84;7169324;72,32;SAT;NEGATIF;NOTR;NEGATIF;ARTIYOR;SAT;SAT;NOTR;0;18.09.2026
TUKAS;izle;;8,5;1,5;3,9;3,1;10;1;zayif;22,8;30,4;33,1;asagi;zayif;zayif;asagi;0,88;-3,22;1;1,84;-3,16;111938634;2,08;SAT;NEGATIF;SAT;NEGATIF;ARTIYOR;SAT;SAT;UCUZ (AL);0;18.09.2026
BAYRK;izle;;8,5;1,5;0,6;6,3;42;3;zayif;22,9;21,7;21,0;asagi;zayif;zayif;asagi;1,08;-4,19;4;3,5;0,57;19895089;3,93;SAT;NEGATIF;SAT;NEGATIF;ARTIYOR;SAT;AL;UCUZ (AL);1;18.09.2026
OYYAT;izle;;8,4;1,1;0,8;6,5;6;0;zayif;20,3;23,1;53,2;asagi;zayif;zayif;asagi;1,09;-5,11;3;28,04;-7,21;22388931;33,91;SAT;NEGATIF;SAT;NEGATIF;ARTIYOR;SAT;SAT;UCUZ (AL);0;18.09.2026
DESA;izle;;8,4;1,1;6,3;1,0;6;0;zayif;20,2;35,9;39,8;asagi;zayif;zayif;asagi;0,76;-2,41;3;9,01;-0,44;13541201;10,28;SAT;NEGATIF;SAT;NEGATIF;AZALIYOR;SAT;AL;NOTR;1;18.09.2026
AKSEN;izle;;8,4;5,1;1,4;1,9;0;0;zayif;27,6;25,2;35,1;asagi;zayif;zayif;asagi;0,81;-4,11;2;65,65;-4,16;386560855;78,26;SAT;NEGATIF;SAT;NEGATIF;AZALIYOR;SAT;AL;NOTR;1;18.09.2026
CUSAN;izle;;8,4;1,2;2,3;4,9;6;0;zayif;20,5;28,1;39,7;asagi;zayif;zayif;asagi;0,99;-3,15;3;20,6;-8,53;17553425;25,28;SAT;NEGATIF;SAT;NEGATIF;ARTIYOR;SAT;SAT;NOTR;0;18.09.2026
MACKO;izle;;8,3;0,6;4,0;3,8;10;0;zayif;16,4;31,7;44,9;asagi;zayif;zayif;asagi;0,87;-2,25;4;30,7;-6,35;20064507;36,95;SAT;NEGATIF;NOTR;NEGATIF;ARTIYOR;SAT;SAT;NOTR;0;18.09.2026
MSGYO;izle;;8,2;0,6;3,3;4,4;6;0;zayif;16,1;29,9;31,1;asagi;zayif;zayif;asagi;0,96;-3,18;3;5,19;-0,95;9749747;5,75;SAT;NEGATIF;NOTR;NEGATIF;ARTIYOR;SAT;SAT;NOTR;0;18.09.2026
GARFA;izle;;8,2;0,5;6,1;1,6;0;0;zayif;15,5;35,2;44,1;asagi;zayif;zayif;asagi;0,80;-2,47;2;24,62;-4,13;22281297;28,24;SAT;NEGATIF;NOTR;NEGATIF;ARTIYOR;SAT;SAT;NOTR;0;18.09.2026
SANFM;izle;;8,1;5,2;0,0;2,9;6;0;zayif;28,0;21,2;15,1;asagi;zayif;zayif;asagi;0,87;-4,84;3;6,66;-3,90;31493235;8,07;SAT;NEGATIF;SAT;NEGATIF;ARTIYOR;SAT;AL;NOTR;1;18.09.2026
OTTO;izle;;8,0;2,4;1,0;4,6;0;0;zayif;37,9;14,0;19,6;asagi;zayif;zayif;asagi;0,97;-6,97;2;99,3;-6,32;22922511;129,15;SAT;NEGATIF;SAT;NEGATIF;ARTIYOR;SAT;SAT;UCUZ (AL);0;18.09.2026
VKING;izle;;8,0;2,4;1,4;4,1;0;0;zayif;40,2;17,3;48,1;asagi;zayif;zayif;asagi;0,95;-5,08;2;17,46;-5,98;5996078;20,70;SAT;NEGATIF;SAT;NEGATIF;ARTIYOR;SAT;SAT;UCUZ (AL);0;18.09.2026
YUNSA;izle;;7,9;2,4;1,4;4,1;0;0;zayif;37,8;20,7;35,1;asagi;zayif;zayif;asagi;0,94;-5,65;2;6,59;-1,20;34245989;7,46;SAT;NEGATIF;SAT;NEGATIF;AZALIYOR;SAT;SAT;NOTR;0;18.09.2026
PNLSN;izle;;7,9;0,9;2,0;4,9;10;0;zayif;18,9;26,3;22,0;asagi;zayif;zayif;asagi;1,00;-3,83;4;35,5;-3,90;30460633;41,47;SAT;NEGATIF;NOTR;NEGATIF;ARTIYOR;SAT;SAT;NOTR;0;18.09.2026
SRVGY;izle;;7,8;1,6;0,7;5,6;6;0;zayif;23,5;24,3;24,3;asagi;zayif;zayif;asagi;1,04;-4,46;3;2,17;-1,81;33566346;2,43;SAT;NEGATIF;SAT;NEGATIF;AZALIYOR;SAT;SAT;UCUZ (AL);0;18.09.2026
AYEN;izle;;7,8;3,3;4,0;0,5;0;0;zayif;14,2;31,2;43,3;asagi;zayif;zayif;asagi;0,73;-3,26;2;28,3;-2,62;13071657;31,83;SAT;NEGATIF;NOTR;NEGATIF;ARTIYOR;SAT;SAT;NOTR;0;18.09.2026
CGCAM;izle;;7,8;2,4;0,6;4,7;10;0;zayif;39,4;17,0;25,1;asagi;zayif;zayif;asagi;0,98;-6,56;4;24,88;-0,72;55152043;29,32;SAT;NEGATIF;SAT;NEGATIF;AZALIYOR;SAT;SAT;NOTR;0;18.09.2026
IHYAY;izle;;7,7;1,9;4,7;1,2;0;0;zayif;26,0;32,9;52,0;asagi;zayif;zayif;asagi;0,77;-3,59;1;1,08;-7,69;2818636;1,31;SAT;NEGATIF;SAT;NEGATIF;ARTIYOR;SAT;SAT;UCUZ (AL);0;18.09.2026
SAMAT;izle;;7,7;1,6;1,3;4,9;10;0;zayif;23,7;19,2;18,4;asagi;zayif;zayif;asagi;0,99;-4,07;4;4,34;-5,45;4637177;5,19;SAT;NEGATIF;SAT;NEGATIF;ARTIYOR;SAT;AL;UCUZ (AL);1;18.09.2026
GENTS;izle;;7,7;1,1;2,7;3,9;10;0;zayif;20,1;27,4;39,1;asagi;zayif;zayif;asagi;0,94;-3,92;5;4,66;-1,06;27012105;5,21;SAT;NEGATIF;SAT;NEGATIF;ARTIYOR;SAT;SAT;UCUZ (AL);0;18.09.2026
DERHL;izle;;7,7;1,2;1,1;5,4;6;0;zayif;20,9;23,7;50,2;asagi;zayif;zayif;asagi;1,03;-4,93;3;1,74;-4,40;23775085;2,05;SAT;NEGATIF;SAT;NEGATIF;ARTIYOR;SAT;SAT;UCUZ (AL);0;18.09.2026
MNDRS;izle;;7,6;1,5;5,6;0,5;6;0;zayif;23,1;35,8;35,1;asagi;zayif;zayif;asagi;0,64;-2,33;3;10,14;-2,50;21246413;11,51;SAT;NEGATIF;SAT;NEGATIF;AZALIYOR;SAT;AL;UCUZ (AL);1;18.09.2026
ZEDUR;izle;;7,6;2,4;1,4;3,7;10;0;zayif;40,2;17,5;23,3;asagi;zayif;zayif;asagi;0,92;-4,47;5;6,4;-4,76;8040672;7,59;SAT;NEGATIF;SAT;NEGATIF;ARTIYOR;SAT;SAT;UCUZ (AL);0;18.09.2026
MMCAS;izle;;7,6;2,4;0,0;5,1;0;0;zayif;34,1;22,2;43,5;asagi;zayif;zayif;asagi;1,01;-7,61;2;28,36;-9,97;1473217;38,16;SAT;NEGATIF;SAT;NEGATIF;AZALIYOR;SAT;SAT;UCUZ (AL);0;18.09.2026
OBAMS;izle;;7,5;1,8;2,6;3,1;0;0;zayif;25,6;30,6;33,9;asagi;zayif;zayif;asagi;0,89;-3,71;2;4,39;-7,19;180127372;5,40;SAT;NEGATIF;SAT;NEGATIF;ARTIYOR;SAT;SAT;UCUZ (AL);0;18.09.2026
ATEKS;izle;;7,4;2,4;3,0;1,9;10;0;zayif;33,8;30,2;28,9;asagi;zayif;zayif;asagi;0,81;-4,80;4;84,6;-0,12;864612;91,44;SAT;NEGATIF;SAT;NEGATIF;ARTIYOR;SAT;SAT;NOTR;0;18.09.2026
GOODY;izle;;7,3;0,7;5,2;1,4;0;0;zayif;17,2;32,7;45,5;asagi;zayif;zayif;asagi;0,79;-2,53;2;2,43;-2,80;22617988;2,77;SAT;NEGATIF;NOTR;NEGATIF;ARTIYOR;SAT;SAT;NOTR;0;18.09.2026
ESCOM;izle;;7,2;4,5;1,7;1,0;32;3;zayif;23,0;26,6;29,3;asagi;zayif;zayif;asagi;0,76;-3,88;1;4,5;-5,46;59842521;5,30;SAT;NEGATIF;SAT;NEGATIF;ARTIYOR;SAT;SAT;NOTR;0;18.09.2026
HLGYO;izle;;7,2;1,9;5,2;0,0;42;3;zayif;26,3;35,2;59,9;asagi;zayif;zayif;asagi;0,46;-3,24;4;4,04;-2,42;65284509;4,62;SAT;NEGATIF;SAT;NEGATIF;AZALIYOR;SAT;AL;NOTR;1;18.09.2026
BNTAS;izle;;7,1;1,9;1,2;4,0;50;4;zayif;25,9;27,3;12,8;asagi;zayif;zayif;asagi;0,93;-3,80;4;5,52;-4,83;20469154;6,25;SAT;NEGATIF;SAT;NEGATIF;ARTIYOR;SAT;SAT;NOTR;0;18.09.2026
SILVR;izle;;7,1;0,9;2,0;4,1;6;0;zayif;18,8;25,0;25,6;asagi;zayif;zayif;asagi;0,95;-3,03;3;2;-1,96;2711554;2,25;SAT;NEGATIF;NOTR;NEGATIF;ARTIYOR;SAT;SAT;UCUZ (AL);0;18.09.2026
KUTPO;izle;;7,1;0,8;3,7;2,6;0;0;zayif;17,7;29,4;31,6;asagi;zayif;zayif;asagi;0,80;-2,93;1;73,45;-3,36;10912834;83,42;SAT;NEGATIF;NOTR;NEGATIF;ARTIYOR;SAT;SAT;UCUZ (AL);0;18.09.2026
KLSER;izle;;7,0;0,9;0,6;5,6;16;1;zayif;18,6;21,3;22,9;asagi;zayif;zayif;asagi;1,03;-5,65;3;20,54;-3,93;23451032;22,91;SAT;NEGATIF;NOTR;NEGATIF;ARTIYOR;SAT;SAT;UCUZ (AL);0;18.09.2026
DGATE;izle;;7,0;4,8;1,7;0,5;6;0;zayif;25,4;23,3;33,9;asagi;zayif;zayif;asagi;0,73;-4,03;3;71,75;-9,97;15159771;94,15;SAT;NEGATIF;SAT;NEGATIF;ARTIYOR;SAT;SAT;NOTR;0;18.09.2026
CASA;izle;;7,0;1,6;0,9;4,5;6;0;zayif;23,4;26,9;33,9;asagi;zayif;zayif;asagi;0,97;-5,58;3;60,3;-2,03;981141;66,15;SAT;NEGATIF;SAT;NEGATIF;AZALIYOR;SAT;SAT;UCUZ (AL);0;18.09.2026
CRDFA;izle;;7,0;5,4;1,5;0,0;6;0;zayif;40,4;16,7;47,0;asagi;zayif;zayif;asagi;0,08;-6,70;3;16,84;-9,99;2674209;22,16;SAT;NEGATIF;SAT;NEGATIF;ARTIYOR;SAT;SAT;NOTR;0;18.09.2026
ICBCT;izle;;7,0;3,0;3,5;0,5;6;0;zayif;12,1;30,4;33,2;asagi;zayif;zayif;asagi;0,73;-3,02;3;17,11;-3,77;17268131;19,95;SAT;NEGATIF;NOTR;NEGATIF;ARTIYOR;SAT;AL;NOTR;1;18.09.2026
SAYAS;izle;;6,9;4,5;2,4;0,0;0;0;zayif;23,1;32,0;22,8;asagi;zayif;zayif;asagi;0,60;-2,35;1;45,94;-1,59;65396509;54,69;SAT;NEGATIF;SAT;NEGATIF;AZALIYOR;SAT;AL;NOTR;1;18.09.2026
AYCES;izle;;6,9;0,0;6,9;0,0;6;0;zayif;10,4;38,4;20,5;asagi;zayif;zayif;asagi;0,53;-2,96;3;411,5;-1,97;22654721;477,34;SAT;NEGATIF;NOTR;NEGATIF;AZALIYOR;SAT;SAT;NOTR;0;18.09.2026
ALTNY;izle;;6,9;3,9;2,4;0,6;0;0;zayif;18,6;31,6;32,8;asagi;zayif;zayif;asagi;0,74;-2,63;2;14,11;-3,88;274389184;17,40;SAT;NEGATIF;NOTR;NEGATIF;AZALIYOR;SAT;SAT;NOTR;0;18.09.2026
KATMR;izle;;6,9;2,4;1,5;2,9;6;0;zayif;49,7;18,1;15,1;asagi;zayif;zayif;asagi;0,87;-6,73;3;1,61;-4,17;104805035;1,87;SAT;NEGATIF;SAT;NEGATIF;ARTIYOR;SAT;SAT;UCUZ (AL);0;18.09.2026
DGNMO;izle;;6,8;5,4;1,3;0,0;16;1;zayif;40,1;21,5;3,7;asagi;zayif;zayif;asagi;0,52;-3,56;3;5,87;2,26;15608864;7,17;SAT;NEGATIF;SAT;NEGATIF;ARTIYOR;SAT;AL;NOTR;1;18.09.2026
SERNT;izle;;6,8;1,4;0,4;5,0;10;0;zayif;22,1;21,1;35,0;asagi;zayif;zayif;asagi;1,00;-4,81;4;6,23;-6,88;30528202;7,75;SAT;NEGATIF;SAT;NEGATIF;ARTIYOR;SAT;SAT;NOTR;0;18.09.2026
INFO;izle;;6,7;4,6;2,2;0,0;0;0;zayif;23,6;27,9;37,0;asagi;zayif;zayif;asagi;0,01;-4,19;2;1,78;-9,64;2748817;2,50;SAT;NEGATIF;SAT;NEGATIF;AZALIYOR;SAT;SAT;NOTR;0;18.09.2026
ENDAE;izle;;6,7;4,2;2,5;0,0;28;2;zayif;20,9;30,3;25,1;asagi;zayif;zayif;asagi;0,68;-2,61;3;14,84;-5,18;47826263;17,82;SAT;NEGATIF;SAT;NEGATIF;AZALIYOR;SAT;AL;NOTR;1;18.09.2026
BFREN;izle;;6,7;1,3;3,6;1,8;0;0;zayif;21,6;28,3;39,6;asagi;zayif;zayif;asagi;0,66;-3,04;1;117;-2,82;15266394;130,39;SAT;NEGATIF;SAT;NEGATIF;AZALIYOR;SAT;SAT;UCUZ (AL);0;18.09.2026
BRLSM;izle;;6,7;4,0;2,6;0,0;0;0;zayif;19,6;33,8;10,2;asagi;zayif;zayif;asagi;0,28;-2,43;2;14,29;-5,55;74821125;19,03;SAT;NEGATIF;NOTR;NEGATIF;AZALIYOR;SAT;AL;NOTR;1;18.09.2026
SDTTR;izle;;6,7;4,0;2,5;0,2;10;1;zayif;19,6;29,7;41,2;asagi;zayif;zayif;asagi;0,71;-3,11;1;17,64;-6,81;130086586;21,91;SAT;NEGATIF;NOTR;NEGATIF;ARTIYOR;SAT;AL;NOTR;1;18.09.2026
ARENA;izle;;6,6;0,9;2,1;3,7;0;0;zayif;18,3;25,8;25,3;asagi;zayif;zayif;asagi;0,92;-4,37;2;17;-3,95;15472737;20,39;SAT;NEGATIF;NOTR;NEGATIF;AZALIYOR;SAT;SAT;UCUZ (AL);0;18.09.2026
LUKSK;izle;;6,6;1,0;1,3;4,3;10;0;zayif;19,5;19,1;44,4;asagi;zayif;zayif;asagi;0,96;-5,22;5;70,25;-4,55;6724260;82,72;SAT;NEGATIF;NOTR;NEGATIF;ARTIYOR;SAT;SAT;UCUZ (AL);0;18.09.2026
SUNTK;izle;;6,6;1,8;3,0;1,7;10;0;zayif;24,9;28,3;59,3;asagi;zayif;zayif;asagi;0,80;-2,73;4;28,68;-1,24;24753048;35,47;SAT;NEGATIF;SAT;NEGATIF;AZALIYOR;SAT;SAT;UCUZ (AL);0;18.09.2026
DOFER;izle;;6,6;1,3;0,8;4,4;0;0;zayif;21,5;23,5;36,8;asagi;zayif;zayif;asagi;0,97;-4,70;2;24;-2,68;10146744;27,10;SAT;NEGATIF;SAT;NEGATIF;ARTIYOR;SAT;SAT;UCUZ (AL);0;18.09.2026
TSPOR;izle;;6,5;2,0;1,9;2,5;10;0;zayif;26,9;31,2;33,1;asagi;zayif;zayif;asagi;0,85;-2,82;4;0,88;-4,35;293359097;1,03;SAT;NEGATIF;SAT;NEGATIF;ARTIYOR;SAT;SAT;NOTR;0;18.09.2026
AVOD;izle;;6,5;2,4;4,0;0,0;0;0;zayif;34,8;34,7;66,5;asagi;zayif;zayif;asagi;0,41;-2,03;1;3,57;-5,05;17884700;4,44;SAT;NEGATIF;SAT;NEGATIF;ARTIYOR;SAT;SAT;NOTR;0;18.09.2026
BORLS;izle;;6,4;2,4;4,0;0,0;10;0;zayif;41,9;15,1;0,0;asagi;zayif;zayif;asagi;0,57;-6,73;4;2,28;-3,80;40143422;3,19;SAT;NEGATIF;SAT;NEGATIF;AZALIYOR;SAT;SAT;NOTR;0;18.09.2026
KONKA;izle;;6,4;2,4;2,0;2,0;38;3;zayif;46,3;16,1;25,5;asagi;zayif;zayif;asagi;0,82;-6,97;3;8,14;-2,28;19575349;9,41;SAT;NEGATIF;SAT;NEGATIF;AZALIYOR;SAT;SAT;UCUZ (AL);0;18.09.2026
KARTN;izle;;6,4;3,9;2,5;0,0;6;0;zayif;18,9;27,9;40,9;asagi;zayif;zayif;asagi;0,62;-3,11;3;125,6;-6,20;73189883;165,43;SAT;NEGATIF;NOTR;NEGATIF;ARTIYOR;SAT;SAT;NOTR;0;18.09.2026
MTRKS;izle;;6,4;4,6;0,3;1,5;6;0;zayif;23,5;26,1;33,2;asagi;zayif;zayif;asagi;0,79;-3,01;3;23,52;-3,69;28199963;30,53;SAT;NEGATIF;SAT;NEGATIF;AZALIYOR;SAT;AL;NOTR;1;18.09.2026
MEKAG;izle;;6,4;1,3;0,7;4,3;10;0;zayif;21,9;20,4;38,5;asagi;zayif;zayif;asagi;0,96;-5,08;4;2,38;-7,39;22479755;2,90;SAT;NEGATIF;SAT;NEGATIF;ARTIYOR;SAT;SAT;UCUZ (AL);0;18.09.2026
ULUUN;izle;;6,3;4,7;1,6;0,0;6;0;zayif;24,8;28,6;19,5;asagi;zayif;zayif;asagi;0,46;-3,58;3;7;-3,18;30755074;8,20;SAT;NEGATIF;SAT;NEGATIF;AZALIYOR;SAT;AL;NOTR;1;18.09.2026
KBORU;izle;;6,3;5,4;0,9;0,0;6;0;zayif;34,3;20,3;15,0;asagi;zayif;zayif;asagi;0,16;-6,11;3;12,73;-9,97;30567009;16,84;SAT;NEGATIF;SAT;NEGATIF;ARTIYOR;SAT;SAT;NOTR;0;18.09.2026
ASGYO;izle;;6,3;1,1;1,1;4,1;0;0;zayif;19,8;24,9;45,0;asagi;zayif;zayif;asagi;0,94;-3,44;2;10,06;-2,42;31480939;11,11;SAT;NEGATIF;NOTR;NEGATIF;ARTIYOR;SAT;SAT;NOTR;0;18.09.2026
BEYAZ;izle;;6,3;0,4;5,7;0,2;0;0;zayif;14,8;35,8;44,6;asagi;zayif;zayif;asagi;0,71;-2,86;0;20,4;-2,76;16198498;23,87;SAT;NEGATIF;NOTR;NEGATIF;ARTIYOR;SAT;SAT;NOTR;0;18.09.2026
ADEL;izle;;6,3;1,4;4,9;0,0;0;0;zayif;22,0;34,8;31,6;asagi;zayif;zayif;asagi;0,32;-2,22;2;28,8;-2,90;44904067;33,52;SAT;NEGATIF;SAT;NEGATIF;AZALIYOR;SAT;SAT;NOTR;0;18.09.2026
CEMAS;izle;;6,2;1,7;0,6;4,0;6;0;zayif;24,3;25,8;35,0;asagi;zayif;zayif;asagi;0,94;-4,24;3;3,39;-3,14;52088001;3,97;SAT;NEGATIF;SAT;NEGATIF;ARTIYOR;SAT;SAT;NOTR;0;18.09.2026
SUWEN;izle;;6,2;1,1;5,1;0,0;10;1;zayif;19,8;35,2;79,9;asagi;zayif;zayif;asagi;0,45;-2,09;1;5,9;-3,28;22203972;7,03;SAT;NEGATIF;NOTR;NEGATIF;ARTIYOR;SAT;SAT;UCUZ (AL);0;18.09.2026
ICUGS;izle;;6,1;5,4;0,6;0,0;6;0;zayif;37,6;17,2;39,5;asagi;zayif;zayif;asagi;0,28;-6,41;3;2,6;-9,72;12256085;3,61;SAT;NEGATIF;SAT;NEGATIF;AZALIYOR;SAT;SAT;NOTR;0;18.09.2026
KOTON;izle;;6,0;1,3;1,6;3,1;10;0;zayif;21,4;23,9;19,6;asagi;zayif;zayif;asagi;0,89;-4,46;4;11,31;-1,57;20906569;12,29;SAT;NEGATIF;SAT;NEGATIF;ARTIYOR;SAT;SAT;UCUZ (AL);0;18.09.2026
EUREN;izle;;6,0;1,1;0,5;4,4;28;2;zayif;19,9;23,6;33,0;asagi;zayif;zayif;asagi;0,96;-4,92;3;3,23;-4,44;90858808;3,74;SAT;NEGATIF;NOTR;NEGATIF;ARTIYOR;SAT;SAT;UCUZ (AL);0;18.09.2026
BRKVY;izle;;6,0;2,4;0,4;3,1;10;0;zayif;30,5;26,3;43,0;asagi;zayif;zayif;asagi;0,89;-3,76;4;63,95;-5,82;35139118;79,15;SAT;NEGATIF;SAT;NEGATIF;ARTIYOR;SAT;AL;UCUZ (AL);1;18.09.2026
KENT;izle;;6,0;2,0;3,3;0,6;6;0;zayif;26,6;33,7;11,7;asagi;zayif;zayif;asagi;0,74;-3,34;3;316;-1,40;1002036;355,15;SAT;NEGATIF;SAT;NEGATIF;AZALIYOR;SAT;SAT;UCUZ (AL);0;18.09.2026
MOBTL;izle;;5,9;3,6;2,2;0,0;10;0;zayif;16,6;26,8;15,1;asagi;zayif;zayif;asagi;0,49;-3,92;4;10,8;-10,00;17937148;13,35;SAT;NEGATIF;NOTR;NEGATIF;ARTIYOR;SAT;SAT;NOTR;0;18.09.2026
A1CAP;izle;;5,9;2,4;0,3;3,1;10;0;zayif;45,1;12,6;12,3;asagi;zayif;zayif;asagi;0,89;-8,17;4;5,23;-9,98;43703214;6,45;SAT;NEGATIF;SAT;NEGATIF;ARTIYOR;SAT;SAT;UCUZ (AL);0;18.09.2026
CWENE;izle;;5,8;4,8;1,0;0,0;6;0;zayif;25,0;26,0;26,0;asagi;zayif;zayif;asagi;0,66;-4,85;3;23,88;-2,21;916419787;29,60;SAT;NEGATIF;SAT;NEGATIF;ARTIYOR;SAT;SAT;NOTR;0;18.09.2026
KTLEV;izle;;5,8;5,4;0,3;0,0;0;0;zayif;36,7;26,1;21,8;asagi;zayif;zayif;asagi;0,06;-5,05;1;22,26;-9,95;189211180;35,79;SAT;NEGATIF;SAT;NEGATIF;AZALIYOR;SAT;SAT;NOTR;0;18.09.2026
TMPOL;izle;;5,8;5,4;0,3;0,0;0;0;zayif;30,3;22,3;6,1;asagi;zayif;zayif;asagi;0,00;-5,74;1;210,3;-9,97;646673;303,74;SAT;NEGATIF;SAT;NEGATIF;AZALIYOR;SAT;SAT;NOTR;0;18.09.2026
ERCB;izle;;5,6;0,9;1,3;3,5;10;0;zayif;18,5;24,0;37,7;asagi;zayif;zayif;asagi;0,91;-4,89;4;37,36;-6,32;28494547;44,54;SAT;NEGATIF;NOTR;NEGATIF;ARTIYOR;SAT;SAT;UCUZ (AL);0;18.09.2026
DESPC;izle;;5,6;1,1;2,6;2,0;0;0;zayif;19,9;28,6;47,7;asagi;zayif;zayif;asagi;0,82;-3,37;2;33,62;-6,71;16071133;40,95;SAT;NEGATIF;NOTR;NEGATIF;ARTIYOR;SAT;SAT;NOTR;0;18.09.2026
BINBN;izle;;5,6;4,7;0,9;0,0;0;0;zayif;24,5;22,9;20,6;asagi;zayif;zayif;asagi;0,06;-3,59;1;135,8;-9,95;3097462;170,66;SAT;NEGATIF;SAT;NEGATIF;ARTIYOR;SAT;SAT;UCUZ (AL);0;18.09.2026
SARKY;izle;;5,6;0,6;5,0;0,0;38;3;zayif;16,2;37,0;46,0;asagi;zayif;zayif;asagi;0,46;-2,70;3;21,92;-2,58;65434751;25,49;SAT;NEGATIF;NOTR;NEGATIF;AZALIYOR;SAT;AL;NOTR;1;18.09.2026
VKFYO;izle;;5,5;0,5;5,0;0,0;32;3;zayif;15,5;34,5;18,4;asagi;zayif;zayif;asagi;0,61;-3,31;1;19,99;-3,24;2617970;23,32;SAT;NEGATIF;NOTR;NEGATIF;AZALIYOR;SAT;SAT;UCUZ (AL);0;18.09.2026
MOGAN;izle;;5,4;5,4;0,0;0,0;28;2;zayif;36,6;20,6;19,9;asagi;zayif;zayif;asagi;0,35;-5,49;3;9,32;-9,95;69477776;13,08;SAT;NEGATIF;SAT;NEGATIF;AZALIYOR;SAT;SAT;NOTR;0;18.09.2026
DAGI;izle;;5,4;5,4;0,0;0,0;10;0;zayif;30,2;22,9;17,7;asagi;zayif;zayif;asagi;0,53;-4,05;4;6,73;-9,91;26725045;8,94;SAT;NEGATIF;SAT;NEGATIF;ARTIYOR;SAT;AL;NOTR;1;18.09.2026
DURKN;izle;;5,4;5,4;0,0;0,0;32;2;zayif;30,4;22,2;24,8;asagi;zayif;zayif;asagi;0,57;-4,48;4;15;-6,83;17926965;19,20;SAT;NEGATIF;SAT;NEGATIF;ARTIYOR;SAT;AL;NOTR;1;18.09.2026
ETYAT;izle;;5,4;5,4;0,0;0,0;50;4;zayif;30,8;17,8;16,6;asagi;zayif;zayif;asagi;0,53;-4,09;4;9,34;-9,93;4237399;12,99;SAT;NEGATIF;SAT;NEGATIF;AZALIYOR;SAT;SAT;NOTR;0;18.09.2026
HATEK;izle;;5,4;1,0;4,4;0,0;6;0;zayif;19,4;33,7;32,6;asagi;zayif;zayif;asagi;0,54;-2,70;3;11,48;-1,37;13306973;13,45;SAT;NEGATIF;NOTR;NEGATIF;AZALIYOR;SAT;SAT;NOTR;0;18.09.2026
PKART;izle;;5,4;5,1;0,3;0,0;10;0;zayif;27,4;23,9;43,0;asagi;zayif;zayif;asagi;0,59;-3,67;4;94;-2,69;30062140;116,59;SAT;NEGATIF;SAT;NEGATIF;AZALIYOR;SAT;AL;NOTR;1;18.09.2026
TKNSA;izle;;5,4;1,6;3,8;0,0;16;1;zayif;23,6;33,2;24,4;asagi;zayif;zayif;asagi;0,43;-2,93;3;15,15;-2,45;33917017;17,71;SAT;NEGATIF;SAT;NEGATIF;AZALIYOR;SAT;AL;UCUZ (AL);1;18.09.2026
PRKAB;izle;;5,3;2,4;2,9;0,0;10;1;zayif;18,2;27,9;53,2;asagi;zayif;zayif;asagi;0,52;-3,66;2;27,56;-5,68;17252009;32,96;SAT;NEGATIF;NOTR;NEGATIF;ARTIYOR;SAT;SAT;NOTR;0;18.09.2026
PRKME;izle;;5,3;1,4;3,9;0,0;10;0;zayif;21,9;33,3;36,2;asagi;zayif;zayif;asagi;0,47;-2,42;4;16,36;-4,10;23222529;19,10;SAT;NEGATIF;SAT;NEGATIF;ARTIYOR;SAT;AL;NOTR;1;18.09.2026
PRDGS;izle;;5,2;5,2;0,0;0,0;20;1;zayif;28,4;19,6;7,3;asagi;zayif;zayif;asagi;0,11;-5,73;4;4,85;-9,85;3083877;6,08;SAT;NEGATIF;SAT;NEGATIF;ARTIYOR;SAT;SAT;NOTR;0;18.09.2026
MOPAS;izle;;5,2;2,4;1,0;1,7;10;0;zayif;38,4;17,0;31,8;asagi;zayif;zayif;asagi;0,80;-6,08;4;21,42;-1,47;37835431;24,47;SAT;NEGATIF;SAT;NEGATIF;ARTIYOR;SAT;SAT;UCUZ (AL);0;18.09.2026
BLCYT;izle;;5,2;2,0;3,1;0,0;0;0;zayif;26,8;32,9;53,4;asagi;zayif;zayif;asagi;0,48;-3,21;1;1,7;-5,03;36405271;2,16;SAT;NEGATIF;SAT;NEGATIF;AZALIYOR;SAT;SAT;UCUZ (AL);0;18.09.2026
OSMEN;izle;;5,1;2,3;1,2;1,7;32;2;zayif;28,8;23,3;20,7;asagi;zayif;zayif;asagi;0,80;-4,89;4;5,79;-2,69;14262872;6,76;SAT;NEGATIF;SAT;NEGATIF;AZALIYOR;SAT;SAT;UCUZ (AL);0;18.09.2026
DCTTR;izle;;5,1;2,4;2,7;0,0;10;0;zayif;45,6;18,3;22,7;asagi;zayif;zayif;asagi;0,32;-7,49;5;4,3;-9,85;14008497;5,90;SAT;NEGATIF;SAT;NEGATIF;AZALIYOR;SAT;SAT;UCUZ (AL);0;18.09.2026
GSRAY;izle;;5,1;2,1;2,9;0,2;0;0;zayif;27,3;28,5;18,5;asagi;zayif;zayif;asagi;0,62;-2,98;2;0,94;-3,09;118771990;1,05;SAT;NEGATIF;SAT;NEGATIF;ARTIYOR;SAT;SAT;UCUZ (AL);0;18.09.2026
SEKUR;izle;;5,0;4,7;0,3;0,0;10;0;zayif;24,8;20,9;19,7;asagi;zayif;zayif;asagi;0,08;-4,81;4;6,63;-9,92;1078588;8,65;SAT;NEGATIF;SAT;NEGATIF;ARTIYOR;SAT;SAT;NOTR;0;18.09.2026
KFEIN;izle;;4,9;0,3;1,0;3,6;6;0;zayif;14,5;21,3;28,1;asagi;zayif;zayif;asagi;0,92;-4,61;3;6,59;-4,49;20776517;7,89;SAT;NEGATIF;NOTR;NEGATIF;AZALIYOR;SAT;SAT;NOTR;0;18.09.2026
EDATA;izle;;4,9;4,5;0,4;0,0;6;0;zayif;23,4;20,8;27,7;asagi;zayif;zayif;asagi;0,04;-4,49;3;12,46;-9,97;1786453;16,07;SAT;NEGATIF;SAT;NEGATIF;ARTIYOR;SAT;SAT;NOTR;0;18.09.2026
NIBAS;izle;;4,9;1,5;3,4;0,0;32;3;zayif;23,2;34,4;51,1;asagi;zayif;zayif;asagi;0,24;-2,56;1;3,39;-6,35;28100605;4,45;SAT;NEGATIF;SAT;NEGATIF;AZALIYOR;SAT;AL;NOTR;1;18.09.2026
GRTHO;izle;;4,9;1,1;3,8;0,0;0;0;zayif;20,1;31,6;44,8;asagi;zayif;zayif;asagi;0,02;-3,79;1;160,7;-9,97;4350953;210,75;SAT;NEGATIF;SAT;NEGATIF;ARTIYOR;SAT;SAT;UCUZ (AL);0;18.09.2026
ESCAR;izle;;4,9;4,2;0,7;0,0;10;1;zayif;20,8;23,0;61,3;asagi;zayif;zayif;asagi;0,04;-4,43;2;33,62;-9,96;4491733;41,58;SAT;NEGATIF;SAT;NEGATIF;ARTIYOR;SAT;SAT;NOTR;0;18.09.2026
NATEN;izle;;4,9;1,2;1,6;2,0;0;0;zayif;20,9;22,9;42,0;asagi;zayif;zayif;asagi;0,82;-4,79;2;4,46;-5,31;29651552;5,30;SAT;NEGATIF;SAT;NEGATIF;ARTIYOR;SAT;SAT;UCUZ (AL);0;18.09.2026
DOGUB;izle;;4,8;3,6;1,2;0,0;0;0;zayif;16,5;21,9;57,3;asagi;zayif;zayif;asagi;0,11;-5,23;1;43,52;-9,97;2124429;59,31;SAT;NEGATIF;NOTR;NEGATIF;AZALIYOR;SAT;SAT;NOTR;0;18.09.2026
OBASE;izle;;4,8;0,6;2,9;1,3;6;0;zayif;16,3;28,0;35,9;asagi;zayif;zayif;asagi;0,78;-3,77;3;31,36;-5,77;12482409;36,87;SAT;NEGATIF;NOTR;NEGATIF;ARTIYOR;SAT;SAT;NOTR;0;18.09.2026
AKGRT;izle;;4,8;2,4;2,3;0,0;10;0;zayif;35,6;28,0;27,8;asagi;zayif;zayif;asagi;0,65;-4,63;4;5,52;-2,13;47368213;6,06;SAT;NEGATIF;SAT;NEGATIF;AZALIYOR;SAT;AL;UCUZ (AL);1;18.09.2026
VANGD;izle;;4,8;4,6;0,2;0,0;6;0;zayif;23,7;20,2;18,2;asagi;zayif;zayif;asagi;0,11;-4,46;3;68,45;-9,99;1292336;84,42;SAT;NEGATIF;SAT;NEGATIF;ARTIYOR;SAT;SAT;NOTR;0;18.09.2026
ALKA;izle;;4,7;0,8;1,4;2,5;32;3;zayif;18,2;26,1;32,2;asagi;zayif;zayif;asagi;0,85;-4,57;2;7;-2,78;14926282;8,07;SAT;NEGATIF;NOTR;NEGATIF;ARTIYOR;SAT;SAT;UCUZ (AL);0;18.09.2026
BAKAB;izle;;4,7;1,9;2,8;0,0;10;0;zayif;26,2;25,9;22,0;asagi;zayif;zayif;asagi;0,37;-4,63;4;34,08;-2,52;3414646;39,03;SAT;NEGATIF;SAT;NEGATIF;AZALIYOR;SAT;SAT;NOTR;0;18.09.2026
TSGYO;izle;;4,7;0,9;3,7;0,0;16;1;zayif;18,9;33,1;25,7;asagi;zayif;zayif;asagi;0,32;-3,36;3;5,18;-3,18;5248780;5,96;SAT;NEGATIF;NOTR;NEGATIF;ARTIYOR;SAT;AL;UCUZ (AL);1;18.09.2026
IZINV;izle;;4,6;0,8;0,6;3,2;10;0;zayif;18,1;16,4;34,8;asagi;zayif;zayif;asagi;0,89;-6,20;5;38,32;-5,20;9887250;46,74;SAT;NEGATIF;NOTR;NEGATIF;ARTIYOR;SAT;SAT;UCUZ (AL);0;18.09.2026
BIOEN;izle;;4,6;1,6;0,8;2,2;6;0;zayif;23,5;27,6;43,2;asagi;zayif;zayif;asagi;0,83;-3,36;3;14,43;-8,15;108165779;18,50;SAT;NEGATIF;SAT;NEGATIF;ARTIYOR;SAT;SAT;NOTR;0;18.09.2026
VAKFN;izle;;4,5;2,4;1,6;0,5;6;0;zayif;41,7;25,2;21,9;asagi;zayif;zayif;asagi;0,73;-4,09;3;1,03;0,00;45889725;1,15;SAT;NEGATIF;SAT;NEGATIF;AZALIYOR;SAT;AL;UCUZ (AL);1;18.09.2026
RAYSG;izle;;4,5;1,7;2,3;0,5;10;0;zayif;24,5;27,9;30,7;asagi;zayif;zayif;asagi;0,73;-4,62;5;136,1;-4,02;13296562;155,41;SAT;NEGATIF;SAT;NEGATIF;ARTIYOR;SAT;SAT;UCUZ (AL);0;18.09.2026
HEKTS;izle;;4,5;1,7;2,8;0,0;40;4;zayif;24,7;29,7;26,9;asagi;zayif;zayif;asagi;0,56;-3,86;1;2,34;-3,70;639533162;2,82;SAT;NEGATIF;SAT;NEGATIF;AZALIYOR;SAT;SAT;NOTR;0;18.09.2026
PSDTC;izle;;4,5;4,5;0,0;0,0;50;4;zayif;23,1;23,8;0,0;asagi;zayif;zayif;asagi;0,54;-4,14;4;102,7;-9,99;24197763;133,84;SAT;NEGATIF;SAT;NEGATIF;ARTIYOR;SAT;SAT;NOTR;0;18.09.2026
ALCTL;izle;;4,5;2,4;2,0;0,0;10;0;zayif;54,7;19,8;20,8;asagi;zayif;zayif;asagi;0,66;-6,26;4;91,5;-4,09;25790556;110,07;SAT;NEGATIF;SAT;NEGATIF;AZALIYOR;SAT;SAT;NOTR;0;18.09.2026
GSDHO;izle;;4,2;0,4;3,8;0,0;0;0;zayif;15,3;30,2;31,9;asagi;zayif;zayif;asagi;0,67;-3,05;1;4,17;-3,47;32040716;4,94;SAT;NEGATIF;NOTR;NEGATIF;ARTIYOR;SAT;SAT;NOTR;0;18.09.2026
UFUK;izle;;4,2;4,2;0,0;0,0;38;3;zayif;20,6;18,9;58,1;asagi;zayif;zayif;asagi;0,13;-5,11;3;1017;-10,00;22839786;1350,75;SAT;NEGATIF;SAT;NEGATIF;ARTIYOR;SAT;SAT;UCUZ (AL);0;18.09.2026
PAPIL;izle;;4,2;1,6;0,8;1,8;6;0;zayif;24,0;26,2;32,2;asagi;zayif;zayif;asagi;0,81;-4,04;3;9,68;-6,02;65111571;12,62;SAT;NEGATIF;SAT;NEGATIF;ARTIYOR;SAT;SAT;UCUZ (AL);0;18.09.2026
ISSEN;izle;;4,0;1,8;1,1;1,2;20;1;zayif;25,0;22,1;52,9;asagi;zayif;zayif;asagi;0,77;-3,67;4;6,14;-3,76;6163946;6,96;SAT;NEGATIF;SAT;NEGATIF;ARTIYOR;SAT;AL;NOTR;1;18.09.2026
SKTAS;izle;;3,9;1,4;2,5;0,0;10;0;zayif;22,3;29,0;64,7;asagi;zayif;zayif;asagi;0,48;-3,12;5;2,81;-4,42;21074475;3,31;SAT;NEGATIF;SAT;NEGATIF;AZALIYOR;SAT;SAT;NOTR;0;18.09.2026
EMKEL;izle;;3,9;2,4;1,5;0,0;6;0;zayif;53,9;10,7;22,1;asagi;zayif;zayif;asagi;0,70;-8,36;3;10,14;-4,25;25147443;12,33;SAT;NEGATIF;SAT;NEGATIF;AZALIYOR;SAT;SAT;UCUZ (AL);0;18.09.2026
FADE;izle;;3,9;3,7;0,2;0,0;6;0;zayif;17,2;23,7;22,8;asagi;zayif;zayif;asagi;0,58;-4,28;3;12,72;-5,78;17111453;14,91;SAT;NEGATIF;NOTR;NEGATIF;ARTIYOR;SAT;AL;NOTR;1;18.09.2026
PINSU;izle;;3,9;1,8;1,7;0,4;28;2;zayif;25,2;26,4;31,7;asagi;zayif;zayif;asagi;0,72;-3,59;3;9,16;-3,27;23338004;10,29;SAT;NEGATIF;SAT;NEGATIF;ARTIYOR;SAT;SAT;UCUZ (AL);0;18.09.2026
SMART;izle;;3,8;0,3;1,2;2,3;10;0;zayif;14,4;23,0;24,9;asagi;zayif;zayif;asagi;0,84;-5,06;4;18,82;-3,59;13628334;22,46;SAT;NEGATIF;NOTR;NEGATIF;ARTIYOR;SAT;SAT;NOTR;0;18.09.2026
TATEN;izle;;3,8;2,2;1,6;0,0;0;0;zayif;28,1;17,5;20,9;asagi;zayif;zayif;asagi;0,16;-7,47;2;5,45;-9,92;19639925;6,98;SAT;NEGATIF;SAT;NEGATIF;ARTIYOR;SAT;SAT;UCUZ (AL);0;18.09.2026
HOROZ;izle;;3,7;0,8;0,6;2,3;6;0;zayif;17,8;24,5;40,8;asagi;zayif;zayif;asagi;0,84;-4,11;3;46,8;-1,52;48172550;55,77;SAT;NEGATIF;NOTR;NEGATIF;AZALIYOR;SAT;SAT;NOTR;0;18.09.2026
KOPOL;izle;;3,7;1,8;0,1;1,8;6;0;zayif;25,0;18,2;22,7;asagi;zayif;zayif;asagi;0,81;-6,35;3;3,73;-9,90;28343449;4,65;SAT;NEGATIF;SAT;NEGATIF;ARTIYOR;SAT;SAT;UCUZ (AL);0;18.09.2026
MHRGY;izle;;3,7;1,3;2,3;0,0;22;2;zayif;21,7;28,0;50,6;asagi;zayif;zayif;asagi;0,62;-3,57;2;1,92;-2,04;8965419;2,22;SAT;NEGATIF;SAT;NEGATIF;AZALIYOR;SAT;SAT;NOTR;0;18.09.2026
SOKE;izle;;3,6;2,4;0,8;0,4;0;0;zayif;40,0;12,7;14,9;asagi;zayif;zayif;asagi;0,72;-7,64;2;8,49;-6,08;21475285;10,84;SAT;NEGATIF;SAT;NEGATIF;ARTIYOR;SAT;SAT;NOTR;0;18.09.2026
FRIGO;izle;;3,6;0,9;2,5;0,2;10;0;zayif;18,9;31,1;23,5;asagi;zayif;zayif;asagi;0,71;-2,78;4;1,9;-5,47;59673038;2,52;SAT;NEGATIF;NOTR;NEGATIF;ARTIYOR;SAT;SAT;NOTR;0;18.09.2026
EKOS;izle;;3,4;2,4;1,0;0,0;16;1;zayif;33,0;18,2;24,1;asagi;zayif;zayif;asagi;0,63;-5,96;3;3,95;-2,71;23420739;4,72;SAT;NEGATIF;SAT;NEGATIF;AZALIYOR;SAT;SAT;UCUZ (AL);0;18.09.2026
BSOKE;izle;;3,4;2,4;1,0;0,0;10;0;zayif;46,4;13,8;8,4;asagi;zayif;zayif;asagi;0,04;-6,95;4;14,31;-10,00;7641597;20,39;SAT;NEGATIF;SAT;NEGATIF;AZALIYOR;SAT;SAT;NOTR;0;18.09.2026
ELITE;izle;;3,4;2,4;0,9;0,0;10;1;zayif;32,0;20,2;33,3;asagi;zayif;zayif;asagi;0,66;-5,98;2;22,22;-3,14;22627293;25,35;SAT;NEGATIF;SAT;NEGATIF;ARTIYOR;SAT;AL;UCUZ (AL);1;18.09.2026
TEKTU;izle;;3,4;0,7;0,6;2,0;46;5;zayif;17,1;19,1;20,6;asagi;zayif;zayif;asagi;0,82;-5,59;3;5,63;-5,70;39862827;6,92;SAT;NEGATIF;NOTR;NEGATIF;ARTIYOR;SAT;SAT;UCUZ (AL);0;18.09.2026
IHAAS;izle;;3,3;1,5;1,8;0,0;38;3;zayif;22,9;27,0;30,7;asagi;zayif;zayif;asagi;0,27;-4,33;3;41,54;-2,53;11666052;50,40;SAT;NEGATIF;SAT;NEGATIF;AZALIYOR;SAT;SAT;NOTR;0;18.09.2026
BIGCH;izle;;3,3;1,8;1,1;0,4;28;2;zayif;25,0;22,3;24,6;asagi;zayif;zayif;asagi;0,72;-5,13;3;4,3;-9,47;19617275;5,63;SAT;NEGATIF;SAT;NEGATIF;ARTIYOR;SAT;SAT;UCUZ (AL);0;18.09.2026
GEDZA;izle;;3,1;2,3;0,8;0,0;32;2;zayif;28,8;25,9;13,5;asagi;zayif;zayif;asagi;0,56;-3,98;4;24,8;-1,12;5888041;27,39;SAT;NEGATIF;SAT;NEGATIF;AZALIYOR;SAT;AL;NOTR;1;18.09.2026
YIGIT;izle;;3,0;1,4;1,6;0,0;0;0;zayif;22,1;28,0;47,1;asagi;zayif;zayif;asagi;0,65;-3,44;2;19,04;-4,61;48058807;21,84;SAT;NEGATIF;SAT;NEGATIF;ARTIYOR;SAT;SAT;NOTR;0;18.09.2026
KAPLM;izle;;3,0;2,4;0,0;0,5;10;0;zayif;45,0;16,7;20,6;asagi;zayif;zayif;asagi;0,73;-7,34;4;244,4;-9,98;19330329;320,00;SAT;NEGATIF;SAT;NEGATIF;ARTIYOR;SAT;SAT;NOTR;0;18.09.2026
SNICA;izle;;3,0;0,6;2,4;0,0;6;0;zayif;16,4;27,0;35,2;asagi;zayif;zayif;asagi;0,66;-5,01;3;2,68;-6,94;26799006;3,20;SAT;NEGATIF;NOTR;NEGATIF;ARTIYOR;SAT;SAT;UCUZ (AL);0;18.09.2026
INGRM;izle;;3,0;0,4;2,5;0,0;0;0;zayif;15,0;28,7;47,4;asagi;zayif;zayif;asagi;0,53;-3,23;1;331;-3,36;12309890;384,68;SAT;NEGATIF;NOTR;NEGATIF;AZALIYOR;SAT;SAT;NOTR;0;18.09.2026
FENER;izle;;2,9;1,6;1,3;0,0;6;0;zayif;23,6;28,3;34,3;asagi;zayif;zayif;asagi;0,60;-3,95;3;2,59;-1,52;209359570;2,94;SAT;NEGATIF;SAT;NEGATIF;AZALIYOR;SAT;AL;NOTR;1;18.09.2026
IZENR;izle;;2,9;2,4;0,4;0,0;6;0;zayif;30,5;15,9;29,7;asagi;zayif;zayif;asagi;0,21;-7,37;3;4,82;-9,91;33174720;6,18;SAT;NEGATIF;SAT;NEGATIF;ARTIYOR;SAT;SAT;UCUZ (AL);0;18.09.2026
KLRHO;izle;;2,9;2,4;0,5;0,0;0;0;zayif;29,6;15,1;9,8;asagi;zayif;zayif;asagi;0,25;-8,13;2;42,34;-9,99;44690929;54,48;SAT;NEGATIF;SAT;NEGATIF;ARTIYOR;SAT;SAT;UCUZ (AL);0;18.09.2026
RUZYE;izle;;2,8;1,3;1,5;0,0;10;1;zayif;21,7;28,0;39,9;asagi;zayif;zayif;asagi;0,60;-4,18;1;6,17;-9,93;30085574;8,49;SAT;NEGATIF;SAT;NEGATIF;ARTIYOR;SAT;SAT;UCUZ (AL);0;18.09.2026
CONSE;izle;;2,8;1,7;1,1;0,0;10;1;zayif;24,6;21,6;31,3;asagi;zayif;zayif;asagi;0,62;-4,46;2;1,91;-4,02;12412402;2,24;SAT;NEGATIF;SAT;NEGATIF;ARTIYOR;SAT;SAT;UCUZ (AL);0;18.09.2026
GIPTA;izle;;2,8;1,6;1,2;0,0;0;0;zayif;23,5;29,0;24,5;asagi;zayif;zayif;asagi;0,03;-3,64;1;50;-9,99;11051350;68,31;SAT;NEGATIF;SAT;NEGATIF;AZALIYOR;SAT;SAT;NOTR;0;18.09.2026
MAKIM;izle;;2,8;1,2;1,3;0,3;0;0;zayif;21,1;22,6;25,9;asagi;zayif;zayif;asagi;0,72;-4,53;2;12,64;-5,03;8768912;14,96;SAT;NEGATIF;SAT;NEGATIF;ARTIYOR;SAT;AL;NOTR;1;18.09.2026
LYDHO;izle;;2,8;2,4;0,3;0,0;10;0;zayif;51,0;15,3;27,4;asagi;zayif;zayif;asagi;0,08;-7,34;4;94,05;-10,00;3596190;121,09;SAT;NEGATIF;SAT;NEGATIF;ARTIYOR;SAT;SAT;UCUZ (AL);0;18.09.2026
SMRTG;izle;;2,8;2,4;0,3;0,0;0;0;zayif;30,0;17,6;12,5;asagi;zayif;zayif;asagi;0,45;-6,62;1;6,03;-9,87;61187773;7,75;SAT;NEGATIF;SAT;NEGATIF;ARTIYOR;SAT;SAT;NOTR;0;18.09.2026
ALVES;izle;;2,8;2,4;0,3;0,0;0;0;zayif;42,2;13,6;20,8;asagi;zayif;zayif;asagi;0,34;-10,85;1;0,68;-6,85;19369854;0,96;SAT;NEGATIF;SAT;NEGATIF;AZALIYOR;SAT;SAT;UCUZ (AL);0;18.09.2026
ONCSM;izle;;2,7;2,4;0,3;0,0;6;0;zayif;39,1;19,0;9,8;asagi;zayif;zayif;asagi;0,10;-6,71;3;115,6;-9,97;9788314;161,25;SAT;NEGATIF;SAT;NEGATIF;AZALIYOR;SAT;SAT;UCUZ (AL);0;18.09.2026
SKYLP;izle;;2,7;2,4;0,2;0,0;0;0;zayif;40,8;18,4;15,6;asagi;zayif;zayif;asagi;0,14;-6,67;2;115,2;-10,00;1092787;162,80;SAT;NEGATIF;SAT;NEGATIF;AZALIYOR;SAT;SAT;UCUZ (AL);0;18.09.2026
BURCE;izle;;2,7;0,9;1,8;0,0;16;1;zayif;18,9;22,4;26,2;asagi;zayif;zayif;asagi;0,67;-4,28;3;28,28;-4,39;32225626;33,77;SAT;NEGATIF;NOTR;NEGATIF;ARTIYOR;SAT;SAT;UCUZ (AL);0;18.09.2026
DITAS;izle;;2,6;2,4;0,2;0,0;6;0;zayif;34,1;20,4;32,3;asagi;zayif;zayif;asagi;0,05;-6,54;3;12,21;-9,96;2148911;17,29;SAT;NEGATIF;SAT;NEGATIF;AZALIYOR;SAT;SAT;UCUZ (AL);0;18.09.2026
ALKIM;izle;;2,5;0,9;1,0;0,6;22;2;zayif;18,9;25,5;30,2;asagi;zayif;zayif;asagi;0,74;-4,38;2;13,59;-3,00;16529204;15,46;SAT;NEGATIF;NOTR;NEGATIF;AZALIYOR;SAT;SAT;UCUZ (AL);0;18.09.2026
BULGS;izle;;2,5;2,4;0,0;0,0;0;0;zayif;48,0;12,4;36,1;asagi;zayif;zayif;asagi;0,03;-7,45;2;21,06;-10,00;2105537;26,47;SAT;NEGATIF;SAT;NEGATIF;ARTIYOR;SAT;SAT;UCUZ (AL);0;18.09.2026
EGEGY;izle;;2,4;2,4;0,0;0,0;40;4;zayif;33,1;20,8;15,8;asagi;zayif;zayif;asagi;0,04;-6,09;2;16,32;-9,98;3304555;21,95;SAT;NEGATIF;SAT;NEGATIF;ARTIYOR;SAT;SAT;UCUZ (AL);0;18.09.2026
ONRYT;izle;;2,4;0,6;0,9;0,9;6;0;zayif;16,4;25,6;49,0;asagi;zayif;zayif;asagi;0,76;-3,82;3;11,8;-2,72;37223442;14,12;SAT;NEGATIF;NOTR;NEGATIF;ARTIYOR;SAT;SAT;UCUZ (AL);0;18.09.2026
BASCM;izle;;2,4;1,4;0,2;0,8;16;1;zayif;22,3;25,8;25,2;asagi;zayif;zayif;asagi;0,71;-5,67;3;11,94;-5,31;717296;13,14;SAT;NEGATIF;SAT;NEGATIF;ARTIYOR;SAT;SAT;NOTR;0;18.09.2026
MARMR;izle;;2,4;2,2;0,0;0,2;10;0;zayif;28,5;18,3;23,4;asagi;zayif;zayif;asagi;0,71;-5,26;5;1,67;-4,02;58885980;2,01;SAT;NEGATIF;SAT;NEGATIF;ARTIYOR;SAT;AL;NOTR;1;18.09.2026
EKSUN;izle;;2,4;1,8;0,6;0,0;28;2;zayif;25,6;21,1;22,8;asagi;zayif;zayif;asagi;0,67;-5,51;3;4,65;-5,87;12282868;5,51;SAT;NEGATIF;SAT;NEGATIF;ARTIYOR;SAT;SAT;NOTR;0;18.09.2026
ARZUM;izle;;2,4;0,9;1,5;0,0;10;0;zayif;18,6;23,3;20,2;asagi;zayif;zayif;asagi;0,70;-5,19;4;1,32;-2,22;10063333;1,52;SAT;NEGATIF;NOTR;NEGATIF;ARTIYOR;SAT;SAT;UCUZ (AL);0;18.09.2026
AGROT;izle;;2,3;0,4;1,9;0,0;22;2;zayif;14,7;22,1;37,0;asagi;zayif;zayif;asagi;0,41;-5,79;1;1,66;-4,60;59711213;1,97;SAT;NEGATIF;NOTR;NEGATIF;AZALIYOR;SAT;SAT;UCUZ (AL);0;18.09.2026
LYDYE;izle;;2,3;1,2;1,0;0,0;50;4;zayif;20,9;24,3;43,0;asagi;zayif;zayif;asagi;0,50;-4,75;5;9337,5;-9,98;11233013;11501,96;SAT;NEGATIF;SAT;NEGATIF;ARTIYOR;SAT;SAT;UCUZ (AL);0;18.09.2026
PLTUR;izle;;2,1;0,8;1,2;0,0;10;0;zayif;18,0;26,8;52,6;asagi;zayif;zayif;asagi;0,34;-4,10;4;17,25;-3,25;23007567;20,00;SAT;NEGATIF;NOTR;NEGATIF;ARTIYOR;SAT;SAT;NOTR;0;18.09.2026
ENSRI;izle;;2,0;1,1;1,0;0,0;10;0;zayif;19,9;21,9;9,3;asagi;zayif;zayif;asagi;0,49;-8,13;4;3,5;-6,67;41221520;4,40;SAT;NEGATIF;NOTR;NEGATIF;AZALIYOR;SAT;SAT;UCUZ (AL);0;18.09.2026
MAKTK;izle;;1,9;1,6;0,3;0,0;10;0;zayif;23,7;19,4;35,0;asagi;zayif;zayif;asagi;0,64;-5,33;5;7,69;-5,41;22278668;9,32;SAT;NEGATIF;SAT;NEGATIF;AZALIYOR;SAT;AL;UCUZ (AL);1;18.09.2026
PAMEL;izle;;1,7;1,4;0,3;0,0;6;0;zayif;22,1;12,9;56,7;asagi;zayif;zayif;asagi;0,51;-6,28;3;55,65;-7,25;9338627;67,79;SAT;NEGATIF;SAT;NEGATIF;ARTIYOR;SAT;AL;UCUZ (AL);1;18.09.2026
BIENY;izle;;1,5;1,1;0,4;0,0;10;0;zayif;20,1;21,2;10,2;asagi;zayif;zayif;asagi;0,61;-4,22;4;17,41;-5,89;32244591;20,44;SAT;NEGATIF;SAT;NEGATIF;ARTIYOR;SAT;AL;UCUZ (AL);1;18.09.2026
HDFGS;izle;;1,5;1,5;0,0;0,0;32;2;zayif;22,7;14,2;32,4;asagi;zayif;zayif;asagi;0,05;-6,81;4;1,53;-9,47;3349427;1,94;SAT;NEGATIF;SAT;NEGATIF;ARTIYOR;SAT;SAT;UCUZ (AL);0;18.09.2026
BINHO;izle;;1,4;1,0;0,4;0,0;10;0;zayif;19,5;23,5;45,3;asagi;zayif;zayif;asagi;0,10;-4,46;4;7,05;-9,96;23715671;8,92;SAT;NEGATIF;NOTR;NEGATIF;ARTIYOR;SAT;SAT;NOTR;0;18.09.2026
ISKPL;izle;;1,4;1,4;0,0;0,0;0;0;zayif;22,3;19,3;15,9;asagi;zayif;zayif;asagi;0,07;-5,88;2;4,74;-9,89;12586568;6,33;SAT;NEGATIF;SAT;NEGATIF;AZALIYOR;SAT;SAT;UCUZ (AL);0;18.09.2026
BRKO;izle;;1,4;0,6;0,7;0,0;10;0;zayif;16,6;27,5;27,8;asagi;zayif;zayif;asagi;0,66;-5,40;4;8,32;-9,96;2007391;10,32;SAT;NEGATIF;NOTR;NEGATIF;ARTIYOR;SAT;SAT;NOTR;0;18.09.2026
DAPGM;izle;;1,2;0,6;0,5;0,0;0;0;zayif;16,6;22,3;51,7;asagi;zayif;zayif;asagi;0,06;-5,62;1;5,55;-9,90;24407030;7,10;SAT;NEGATIF;NOTR;NEGATIF;ARTIYOR;SAT;SAT;UCUZ (AL);0;18.09.2026
A1YEN;izle;;1,1;1,0;0,1;0,0;6;0;zayif;19,4;17,6;34,8;asagi;zayif;zayif;asagi;0,63;-6,04;3;1,95;-9,72;19123055;2,43;SAT;NEGATIF;NOTR;NEGATIF;ARTIYOR;SAT;SAT;UCUZ (AL);0;18.09.2026
GLRYH;izle;;1,0;1,0;0,0;0,0;0;0;zayif;19,3;22,1;24,3;asagi;zayif;zayif;asagi;0,57;-5,70;1;2,18;-9,92;13058841;2,72;SAT;NEGATIF;NOTR;NEGATIF;ARTIYOR;SAT;SAT;UCUZ (AL);0;18.09.2026