hisse;durum;yeni_sinyal;konfluans;trend_35;momentum_30;hacim_35;risk;uyumsuzluk;rejim;adx;rsi;mfi;supertrend;goreli_guc;usd_trend;haftalik_trend;hacim_orani;ema50_uzaklik_atr;dagitim_gun;kapanis;degisim%;islem_hacmi_tl;st_cizgisi;osc_macd;osc_rsi;osc_adx;osc_momentum;osc_atr;osc_wavetrend;osc_stochrsi;osc_sharpe;osc_al_sayisi;tarih
DURDO;GUCLU AL;;92,6;35,0;28,1;29,5;28;0;guclu trend;32,1;75,9;82,2;yukari;guclu;yukselis;yukari;1,01;4,38;1;6,43;1,10;27734410;5,37;AL;POZITIF;AL;POZITIF;ARTIYOR;AL;AL;NOTR;6;08.10.2026
CELHA;GUCLU AL;EVET;89,7;32,9;30,0;26,8;18;0;guclu trend;24,7;71,0;79,8;yukari;guclu;yukselis;yukari;0,83;2,86;2;31,2;2,09;76062293;26,16;AL;POZITIF;AL;POZITIF;ARTIYOR;AL;AL;NOTR;6;08.10.2026
HRKET;GUCLU AL;;89,7;35,0;29,7;25,0;26;0;guclu trend;33,1;72,6;90,2;yukari;guclu;yukselis;yukari;0,26;2,79;0;8,76;1,51;117409833;7,16;AL;POZITIF;AL;POZITIF;AZALIYOR;AL;AL;NOTR;6;08.10.2026
ENERY;GUCLU AL;;89,4;34,4;30,0;25,0;36;0;guclu trend;28,5;71,0;71,6;yukari;guclu;yukselis;yukari;0,57;4,25;1;14,15;1,07;681531326;12,15;AL;POZITIF;AL;POZITIF;AZALIYOR;AL;AL;NOTR;6;08.10.2026
AHGAZ;GUCLU AL;;88,0;33,4;28,3;26,4;28;0;guclu trend;25,8;75,3;83,6;yukari;guclu;yukselis;yukari;0,78;4,62;1;48,02;0,04;304468601;42,77;AL;POZITIF;AL;POZITIF;AZALIYOR;AL;AL;NOTR;6;08.10.2026
KRGYO;izle;;85,9;24,6;30,0;31,3;10;1;guclu trend;23,9;57,9;62,0;asagi;guclu;yukselis;yukari;1,22;1,70;2;3,5;5,42;88260225;3,68;AL;POZITIF;AL;POZITIF;AZALIYOR;AL;AL;NOTR;6;08.10.2026
INDES;izle;;83,6;31,6;27,0;25,0;40;4;guclu trend;21,2;51,1;59,1;yukari;guclu;zayif;yukari;0,87;0,22;2;11,21;-1,75;56290578;10,20;AL;POZITIF;AL;POZITIF;AZALIYOR;AL;SAT;NOTR;5;08.10.2026
SANKO;GUCLU AL;;83,0;28,9;30,0;24,1;0;0;zayif;33,4;64,1;80,6;yukari;guclu;yukselis;yukari;0,67;1,75;0;21,72;0,65;10623122;17,94;AL;POZITIF;AL;POZITIF;AZALIYOR;AL;SAT;NOTR;5;08.10.2026
ETILR;AL;;82,8;30,4;30,0;22,4;22;2;ilimli;18,2;58,3;73,9;yukari;guclu;yukselis;yukari;0,41;1,70;1;7,25;2,11;29884957;6,03;AL;POZITIF;NOTR;POZITIF;AZALIYOR;SAT;SAT;NOTR;3;08.10.2026
AKCNS;AL;EVET;82,5;22,8;28,2;31,4;22;2;ilimli;16,7;58,4;69,4;yukari;guclu;zayif;yukari;1,62;0,72;1;229,1;8,42;383170896;184,24;AL;POZITIF;NOTR;POZITIF;ARTIYOR;AL;AL;NOTR;5;08.10.2026
TUPRS;izle;;81,3;30,4;25,4;25,5;50;4;guclu trend;30,3;51,3;34,5;yukari;guclu;yukselis;yukari;0,88;1,23;4;392,25;3,29;7436755614;374,32;SAT;POZITIF;SAT;NEGATIF;ARTIYOR;AL;AL;NOTR;3;08.10.2026
TKFEN;GUCLU AL;;81,3;34,9;24,7;21,6;28;2;guclu trend;29,8;55,7;50,7;yukari;guclu;yukselis;yukari;0,63;1,89;3;255,5;-4,66;1004746596;226,08;SAT;POZITIF;AL;NEGATIF;ARTIYOR;AL;AL;PAHALI (SAT);4;08.10.2026
ISDMR;GUCLU AL;;80,1;32,8;23,9;23,4;0;0;guclu trend;24,3;55,6;56,6;yukari;guclu;yukselis;yukari;0,33;1,23;2;62,25;0,08;46451884;54,52;SAT;POZITIF;AL;NEGATIF;AZALIYOR;SAT;SAT;NOTR;2;08.10.2026
AKFIS;AL;;78,6;30,4;28,5;19,7;0;0;ilimli;18,1;53,8;61,0;yukari;guclu;yukselis;yukari;0,54;0,87;2;16,98;-2,19;152364359;14,38;AL;POZITIF;NOTR;POZITIF;AZALIYOR;AL;SAT;PAHALI (SAT);4;08.10.2026
GLYHO;AL;;78,4;23,3;30,0;25,2;0;0;ilimli;17,9;64,7;59,3;yukari;guclu;yukselis;yukari;0,80;1,68;1;17,55;2,99;61464259;15,23;AL;POZITIF;NOTR;POZITIF;ARTIYOR;AL;AL;NOTR;5;08.10.2026
GMTAS;izle;;76,4;30,2;20,6;25,6;0;0;zayif;17,7;47,5;70,2;yukari;guclu;zayif;yukari;1,09;-0,18;1;46,12;-4,47;240994618;40,93;SAT;NEGATIF;NOTR;NEGATIF;ARTIYOR;SAT;SAT;NOTR;0;08.10.2026
OTKAR;AL;;75,2;10,5;30,0;34,7;6;0;zayif;18,6;62,6;69,3;yukari;guclu;yukselis;yukari;1,73;1,56;3;344;2,15;285295024;298,04;AL;POZITIF;NOTR;POZITIF;ARTIYOR;AL;SAT;UCUZ (AL);4;08.10.2026
LOGO;izle;;74,1;20,9;28,8;24,4;40;4;zayif;17,3;55,8;54,5;yukari;guclu;yukselis;yukari;0,62;0,98;2;146,5;-1,68;62988261;129,10;AL;POZITIF;NOTR;POZITIF;AZALIYOR;AL;SAT;NOTR;4;08.10.2026
ALBRK;izle;;72,8;21,5;28,3;22,9;0;0;ilimli;19,3;55,0;65,7;asagi;guclu;yukselis;yukari;0,46;0,78;2;8,78;-0,45;74633020;9,13;AL;POZITIF;NOTR;POZITIF;AZALIYOR;AL;SAT;NOTR;4;08.10.2026
ENJSA;izle;;72,5;22,8;28,1;21,7;32;2;ilimli;19,1;55,1;80,3;asagi;guclu;zayif;yukari;0,82;0,68;4;113;-0,96;337546820;117,47;AL;POZITIF;NOTR;POZITIF;ARTIYOR;AL;SAT;NOTR;4;08.10.2026
DMLKT;AL;;71,5;29,1;26,0;16,4;0;0;ilimli;19,8;55,9;43,3;yukari;guclu;yukselis;yukari;0,52;1,94;2;6,98;0,87;17478562;6,64;SAT;POZITIF;NOTR;POZITIF;AZALIYOR;AL;AL;NOTR;4;08.10.2026
RYGYO;AL;;70,9;34,8;21,9;14,2;0;0;guclu trend;29,4;46,6;49,9;yukari;guclu;yukselis;yukari;0,92;0,41;2;45,86;-5,79;113107132;42,36;SAT;NEGATIF;AL;NEGATIF;ARTIYOR;SAT;SAT;NOTR;1;08.10.2026
ALARK;izle;;68,2;14,6;27,7;25,9;16;1;ilimli;24,1;53,0;48,6;asagi;guclu;zayif;yukari;0,96;0,49;3;108,3;4,13;393808149;111,34;AL;POZITIF;SAT;POZITIF;ARTIYOR;AL;AL;NOTR;5;08.10.2026
HKTM;AL;;67,4;19,0;28,5;19,9;0;0;zayif;30,0;59,9;53,7;yukari;guclu;yukselis;yukari;0,93;0,87;1;12,39;2,14;44758367;9,52;AL;POZITIF;AL;POZITIF;ARTIYOR;AL;AL;NOTR;6;08.10.2026
AYDEM;izle;;66,6;11,3;27,6;27,6;0;0;ilimli;16,9;56,0;53,6;asagi;guclu;yukselis;yukari;1,15;0,48;2;25,62;3,47;61249939;26,22;AL;POZITIF;NOTR;POZITIF;ARTIYOR;AL;AL;NOTR;5;08.10.2026
ORGE;izle;;65,9;28,7;23,5;13,7;42;3;ilimli;13,7;51,6;67,5;yukari;guclu;yukselis;yukari;0,42;0,41;5;22,7;3,18;35464619;20,44;SAT;POZITIF;NOTR;POZITIF;AZALIYOR;SAT;SAT;NOTR;2;08.10.2026
BAHKM;izle;;64,7;21,7;16,9;26,0;28;2;guclu trend;24,6;43,9;51,6;asagi;guclu;zayif;yukari;1,37;-0,44;3;147;-9,98;365135505;203,28;SAT;NEGATIF;SAT;NEGATIF;AZALIYOR;SAT;SAT;NOTR;0;08.10.2026
DZGYO;AL;EVET;63,4;11,6;28,6;23,2;0;0;zayif;19,1;60,2;55,0;yukari;guclu;yukselis;asagi;2,13;0,90;1;7,45;7,81;45790263;6,27;AL;POZITIF;NOTR;POZITIF;ARTIYOR;AL;AL;NOTR;5;08.10.2026
MEPET;AL;;63,2;24,2;27,0;11,9;0;0;ilimli;13,2;51,5;56,1;yukari;guclu;yukselis;asagi;0,52;0,21;0;21,06;-0,38;5934666;17,41;AL;POZITIF;NOTR;NEGATIF;AZALIYOR;SAT;SAT;NOTR;2;08.10.2026
TRMET;izle;;62,8;21,1;22,0;19,8;0;0;zayif;20,0;47,7;55,5;asagi;guclu;zayif;yukari;0,59;-0,23;2;130,8;3,40;574188064;146,21;SAT;NEGATIF;NOTR;NEGATIF;AZALIYOR;SAT;SAT;NOTR;0;08.10.2026
METRO;izle;;62,8;27,3;25,8;9,7;0;0;zayif;28,2;51,5;55,7;yukari;guclu;zayif;asagi;0,31;-0,28;0;7,65;0,13;15278144;6,47;AL;POZITIF;AL;POZITIF;AZALIYOR;AL;SAT;NOTR;5;08.10.2026
QNBFK;AL;EVET;62,8;12,7;28,4;21,7;0;0;zayif;29,4;58,9;51,7;yukari;guclu;zayif;yukari;1,04;0,81;1;41,96;6,50;1196867;37,01;AL;POZITIF;SAT;POZITIF;ARTIYOR;AL;SAT;NOTR;4;08.10.2026
NETAS;izle;;62,2;23,2;27,1;12,0;0;0;guclu trend;20,1;49,8;50,3;asagi;guclu;zayif;yukari;0,63;0,24;1;82,2;1,48;45200465;89,91;AL;NEGATIF;AL;POZITIF;AZALIYOR;AL;AL;NOTR;5;08.10.2026
AVGYO;izle;;61,4;20,0;27,2;14,2;46;5;ilimli;11,0;51,3;38,8;asagi;guclu;yukselis;yukari;0,43;0,30;3;16,17;-1,64;8620065;18,09;AL;POZITIF;NOTR;POZITIF;AZALIYOR;AL;SAT;NOTR;4;08.10.2026
HUNER;izle;;61,3;28,7;21,4;11,2;32;3;ilimli;17,2;48,3;59,9;yukari;guclu;yukselis;yukari;0,59;0,30;2;4,07;1,50;165384059;3,83;SAT;NEGATIF;NOTR;NEGATIF;AZALIYOR;SAT;SAT;NOTR;0;08.10.2026
CCOLA;izle;;60,9;15,3;26,4;19,3;0;0;zayif;17,9;52,0;39,3;asagi;guclu;zayif;asagi;1,19;-0,04;2;80,4;-2,55;498064412;84,13;AL;POZITIF;NOTR;POZITIF;ARTIYOR;AL;SAT;NOTR;4;08.10.2026
BRSAN;izle;;60,7;20,7;27,6;12,4;6;0;ilimli;17,0;50,3;50,9;asagi;guclu;zayif;yukari;0,70;0,48;3;670,5;1,75;735583424;709,48;AL;POZITIF;NOTR;POZITIF;AZALIYOR;SAT;SAT;NOTR;3;08.10.2026
AYGAZ;izle;;59,4;22,2;21,8;15,4;0;0;guclu trend;28,2;46,1;42,1;asagi;guclu;zayif;yukari;0,74;-0,31;2;295;2,97;199863090;321,43;SAT;NEGATIF;SAT;NEGATIF;AZALIYOR;AL;AL;NOTR;2;08.10.2026
INVES;izle;;59,3;15,3;26,0;18,0;6;0;zayif;29,2;47,5;31,7;asagi;guclu;zayif;yukari;0,44;-0,21;3;728,5;2,10;15894413;783,94;AL;NEGATIF;SAT;POZITIF;AZALIYOR;AL;AL;NOTR;4;08.10.2026
KCHOL;izle;;58,9;22,1;22,8;14,1;22;2;guclu trend;27,1;48,4;42,3;asagi;guclu;zayif;yukari;0,71;0,11;2;212,4;1,34;3920327546;229,66;SAT;NEGATIF;SAT;NEGATIF;AZALIYOR;SAT;SAT;NOTR;0;08.10.2026
EBEBK;izle;;58,7;13,0;22,2;23,5;32;3;zayif;11,8;49,4;48,3;asagi;guclu;zayif;yukari;0,91;-0,14;2;80,65;5,08;40159345;86,82;SAT;NEGATIF;NOTR;NEGATIF;ARTIYOR;SAT;SAT;NOTR;0;08.10.2026
KRDMD;izle;;58,6;20,3;17,3;21,0;46;4;zayif;14,1;44,3;52,7;asagi;guclu;zayif;yukari;0,72;-0,44;3;43,02;0,23;1356823654;48,15;SAT;NEGATIF;NOTR;NEGATIF;AZALIYOR;SAT;SAT;NOTR;0;08.10.2026
BIMAS;izle;;57,1;20,8;18,1;18,1;46;4;zayif;18,2;42,1;27,8;asagi;guclu;zayif;yukari;0,98;-0,66;3;401;1,71;3616081259;432,23;SAT;NEGATIF;NOTR;NEGATIF;AZALIYOR;SAT;SAT;NOTR;0;08.10.2026
DEVA;izle;;56,5;21,6;18,9;16,0;6;0;guclu trend;24,0;42,5;34,2;asagi;guclu;zayif;yukari;0,29;-0,37;3;87;1,16;14331423;98,08;SAT;NEGATIF;SAT;NEGATIF;AZALIYOR;SAT;AL;NOTR;1;08.10.2026
SOKM;izle;;56,4;20,3;22,4;13,7;22;2;zayif;14,0;46,5;38,7;asagi;guclu;zayif;yukari;0,72;-0,04;2;55,8;1,45;127343133;61,50;SAT;NEGATIF;NOTR;NEGATIF;AZALIYOR;SAT;SAT;NOTR;0;08.10.2026
FRIGO;izle;;55,9;14,6;26,7;14,5;0;0;zayif;29,0;56,6;69,1;yukari;guclu;zayif;asagi;1,09;0,10;1;2,1;0,96;65166501;1,65;AL;POZITIF;AL;POZITIF;ARTIYOR;AL;AL;NOTR;6;08.10.2026
VAKBN;izle;;55,5;19,6;23,5;12,4;0;0;ilimli;13,9;50,9;58,4;asagi;guclu;yukselis;yukari;0,51;0,44;2;33,66;-0,06;1075575006;37,38;SAT;POZITIF;NOTR;NEGATIF;AZALIYOR;SAT;SAT;NOTR;1;08.10.2026
TAVHL;izle;;55,2;10,3;27,3;17,6;16;1;zayif;14,9;54,3;48,4;yukari;guclu;zayif;asagi;0,83;0,35;3;275,75;0,18;739122230;251,55;AL;POZITIF;NOTR;POZITIF;ARTIYOR;AL;AL;NOTR;5;08.10.2026
YKBNK;izle;;54,5;7,1;26,3;21,1;0;0;zayif;19,2;49,5;67,1;asagi;guclu;zayif;asagi;1,05;-0,08;2;35,66;-2,57;7436469003;37,23;AL;NEGATIF;NOTR;NEGATIF;ARTIYOR;AL;SAT;NOTR;2;08.10.2026
RYSAS;izle;;53,9;20,3;16,5;17,0;10;1;zayif;14,5;42,9;58,5;asagi;guclu;zayif;yukari;0,76;-0,67;2;23,92;-2,76;258844611;28,46;SAT;NEGATIF;NOTR;NEGATIF;ARTIYOR;SAT;SAT;NOTR;0;08.10.2026
VERUS;izle;;53,9;20,0;23,8;10,0;0;0;zayif;31,8;52,0;77,4;asagi;guclu;zayif;asagi;0,82;-0,36;0;519,5;1,56;29897745;538,78;AL;POZITIF;AL;POZITIF;AZALIYOR;AL;AL;NOTR;6;08.10.2026
ATEKS;izle;;53,5;13,4;26,1;14,0;6;0;zayif;26,0;54,1;73,7;yukari;guclu;zayif;asagi;1,48;-0,18;3;94,6;9,55;1586537;75,24;AL;POZITIF;AL;NEGATIF;ARTIYOR;AL;AL;NOTR;5;08.10.2026
HALKB;izle;;53,2;20,5;20,3;12,4;10;1;ilimli;15,3;46,5;43,2;asagi;guclu;yukselis;yukari;0,43;0,14;2;43,92;-1,30;678874470;49,62;SAT;NEGATIF;NOTR;NEGATIF;AZALIYOR;SAT;SAT;NOTR;0;08.10.2026
YGGYO;izle;;51,8;13,9;19,6;18,3;0;0;zayif;35,0;41,7;45,2;asagi;guclu;zayif;asagi;1,11;-1,77;1;207,4;-3,04;28233155;229,06;AL;NEGATIF;SAT;POZITIF;ARTIYOR;SAT;SAT;NOTR;2;08.10.2026
PRKME;izle;;51,6;13,7;19,9;18,0;6;0;zayif;26,5;45,5;63,0;yukari;guclu;zayif;asagi;3,41;-1,33;3;15,61;-9,98;165297771;13,53;AL;NEGATIF;AL;POZITIF;ARTIYOR;AL;SAT;NOTR;4;08.10.2026
TRILC;izle;;51,5;10,4;23,0;18,0;0;0;zayif;48,6;55,0;51,1;yukari;guclu;zayif;asagi;1,82;-1,94;2;0,99;4,21;6830338;0,86;AL;POZITIF;SAT;POZITIF;ARTIYOR;AL;AL;UCUZ (AL);5;08.10.2026
BURVA;izle;;51,3;15,0;18,3;18,0;0;0;zayif;30,1;52,4;73,0;yukari;zayif;zayif;asagi;2,51;-1,05;0;563;4,84;60043387;357,85;AL;POZITIF;AL;POZITIF;ARTIYOR;AL;AL;NOTR;6;08.10.2026
FLAP;izle;;50,5;28,1;17,4;4,9;6;0;zayif;27,4;44,3;45,5;yukari;guclu;zayif;asagi;0,96;-0,36;3;11,32;-2,25;15732898;10,92;SAT;NEGATIF;AL;NEGATIF;AZALIYOR;SAT;SAT;NOTR;1;08.10.2026
MIATK;izle;;49,7;11,3;25,6;12,8;0;0;zayif;20,5;51,7;65,4;yukari;guclu;zayif;asagi;0,99;-0,38;1;28,72;-1,24;1069607529;21,74;AL;POZITIF;AL;POZITIF;AZALIYOR;AL;AL;NOTR;6;08.10.2026
CRFSA;izle;;49,6;14,4;20,3;14,8;0;0;zayif;22,6;48,3;53,7;asagi;guclu;zayif;yukari;0,87;-0,13;2;227,4;3,84;319393988;257,19;SAT;NEGATIF;SAT;NEGATIF;AZALIYOR;AL;AL;NOTR;2;08.10.2026
LMKDC;izle;;48,7;8,2;26,2;14,2;0;0;zayif;13,7;52,7;61,7;yukari;guclu;zayif;asagi;0,34;-0,12;1;23,72;0,00;38130493;20,92;AL;POZITIF;NOTR;POZITIF;AZALIYOR;SAT;SAT;UCUZ (AL);3;08.10.2026
EKIZ;izle;;48,1;15,0;25,1;8,0;0;0;zayif;34,9;56,5;50,7;yukari;guclu;zayif;asagi;0,37;-0,61;2;55,5;0,00;388667;47,68;AL;POZITIF;AL;POZITIF;AZALIYOR;AL;SAT;UCUZ (AL);5;08.10.2026
TRCAS;izle;;47,9;12,2;22,1;13,6;20;1;zayif;28,0;49,1;41,9;asagi;guclu;zayif;asagi;0,97;-0,17;4;45,4;3,89;29358319;48,19;SAT;NEGATIF;SAT;NEGATIF;ARTIYOR;AL;AL;NOTR;2;08.10.2026
OTTO;izle;;47,7;15,0;16,2;16,5;0;0;zayif;37,1;51,0;58,7;yukari;zayif;zayif;asagi;1,21;-1,63;2;118,6;2,68;55126110;94,23;AL;POZITIF;AL;POZITIF;ARTIYOR;AL;SAT;UCUZ (AL);5;08.10.2026
KRPLS;izle;;47,4;21,5;18,0;8,0;22;2;guclu trend;22,8;44,6;52,5;asagi;guclu;zayif;yukari;0,28;-0,14;2;10,97;-0,90;15483749;13,61;SAT;NEGATIF;SAT;NEGATIF;AZALIYOR;SAT;SAT;NOTR;0;08.10.2026
KLSYN;izle;;47,3;14,3;22,0;11,0;0;0;zayif;21,3;42,6;40,1;asagi;guclu;zayif;yukari;0,88;-0,76;2;14;-2,30;33380914;16,20;AL;NEGATIF;SAT;NEGATIF;AZALIYOR;SAT;SAT;NOTR;1;08.10.2026
MRGYO;izle;;47,2;14,0;23,2;10,0;0;0;zayif;27,5;46,8;54,5;yukari;guclu;zayif;asagi;1,39;-0,84;1;1,34;-6,94;319387971;1,03;AL;NEGATIF;AL;POZITIF;ARTIYOR;AL;AL;NOTR;5;08.10.2026
RTALB;izle;;47,2;13,0;20,2;14,0;52;4;zayif;24,8;50,5;64,3;yukari;guclu;zayif;asagi;2,52;-1,36;2;2,37;-2,07;221944573;1,94;AL;POZITIF;AL;POZITIF;ARTIYOR;AL;AL;UCUZ (AL);6;08.10.2026
MAVI;izle;;46,9;8,4;25,4;13,1;10;1;zayif;13,1;49,1;58,1;yukari;guclu;zayif;asagi;0,60;-0,46;2;37,24;0,38;194649272;33,59;AL;NEGATIF;NOTR;NEGATIF;AZALIYOR;SAT;SAT;UCUZ (AL);1;08.10.2026
COSMO;izle;;45,9;14,5;23,3;8,0;0;0;zayif;28,8;52,1;54,2;yukari;guclu;zayif;asagi;0,68;-1,02;1;102,4;2,09;2917786;79,65;AL;POZITIF;AL;POZITIF;ARTIYOR;AL;AL;UCUZ (AL);6;08.10.2026
ULUUN;izle;;44,6;10,4;20,2;14,0;0;0;zayif;37,2;48,2;66,1;yukari;guclu;zayif;asagi;1,73;-1,51;2;6,98;5,28;111195797;5,67;AL;NEGATIF;SAT;POZITIF;ARTIYOR;AL;AL;NOTR;4;08.10.2026
MARTI;izle;;44,5;6,9;19,5;18,0;0;0;zayif;29,8;47,6;54,3;asagi;guclu;zayif;asagi;2,18;-0,80;0;1,55;0,65;399803508;1,57;SAT;NEGATIF;AL;POZITIF;ARTIYOR;AL;AL;NOTR;4;08.10.2026
HTTBT;izle;;44,5;10,1;24,1;10,2;0;0;zayif;27,2;48,2;61,2;yukari;guclu;zayif;asagi;0,21;-1,01;1;33,16;-0,30;4171992;30,38;AL;NEGATIF;SAT;POZITIF;AZALIYOR;AL;SAT;UCUZ (AL);3;08.10.2026
ANGEN;izle;;44,4;2,9;23,5;18,0;52;4;zayif;19,4;49,8;63,7;asagi;guclu;zayif;asagi;2,83;-1,04;1;7,98;-2,44;111334718;8,21;AL;NEGATIF;NOTR;POZITIF;ARTIYOR;AL;AL;UCUZ (AL);4;08.10.2026
AKFYE;izle;;43,2;9,0;26,2;8,0;0;0;zayif;11,0;51,8;66,8;asagi;guclu;zayif;asagi;0,64;-0,13;1;3,75;1,08;121311334;4,09;AL;POZITIF;NOTR;POZITIF;AZALIYOR;AL;AL;NOTR;5;08.10.2026
PETKM;izle;;43,2;9,0;22,2;12,0;10;1;zayif;12,8;49,5;51,9;asagi;guclu;zayif;yukari;0,65;-0,12;2;20,64;2,69;1194045280;23,05;SAT;NEGATIF;NOTR;NEGATIF;AZALIYOR;AL;AL;NOTR;2;08.10.2026
BALSU;izle;;42,9;13,9;21,0;8,0;0;0;zayif;27,3;53,0;67,5;yukari;guclu;zayif;asagi;0,44;-1,31;2;8,7;0,35;219701326;6,88;AL;POZITIF;AL;POZITIF;AZALIYOR;AL;SAT;UCUZ (AL);5;08.10.2026
SAHOL;izle;;41,9;2,4;25,3;14,2;22;2;zayif;34,9;48,5;67,5;asagi;guclu;zayif;asagi;0,75;-0,52;2;88,75;1,31;2160590350;94,57;AL;NEGATIF;SAT;POZITIF;ARTIYOR;AL;AL;NOTR;4;08.10.2026
OZSUB;izle;;41,8;13,1;20,2;8,4;6;0;zayif;12,8;45,7;52,1;asagi;guclu;zayif;yukari;0,22;-0,44;3;37;1,15;13346640;42,59;SAT;NEGATIF;NOTR;NEGATIF;AZALIYOR;AL;SAT;NOTR;1;08.10.2026
TGSAS;izle;;41,7;10,4;13,3;18,0;0;0;zayif;31,9;42,6;24,4;yukari;zayif;zayif;asagi;1,80;-2,32;1;125,9;2,11;171722312;90,11;AL;NEGATIF;SAT;POZITIF;ARTIYOR;AL;SAT;NOTR;3;08.10.2026
HDFGS;izle;;41,6;10,4;13,1;18,0;0;0;zayif;45,7;42,1;66,0;yukari;zayif;zayif;asagi;1,83;-4,28;0;1,33;9,92;165449735;0,91;AL;NEGATIF;SAT;POZITIF;AZALIYOR;AL;AL;UCUZ (AL);4;08.10.2026
OZYSR;izle;;41,5;8,3;25,0;8,2;0;0;zayif;25,4;48,4;45,0;asagi;guclu;zayif;asagi;0,51;-0,65;2;11,49;0,44;14235949;12,68;AL;NEGATIF;SAT;POZITIF;AZALIYOR;AL;SAT;NOTR;3;08.10.2026
ATATP;izle;;41,3;14,1;21,6;5,6;0;0;zayif;20,0;45,5;47,0;asagi;guclu;zayif;asagi;0,79;-0,74;1;243,5;3,40;123690452;272,25;AL;NEGATIF;SAT;POZITIF;AZALIYOR;AL;SAT;NOTR;3;08.10.2026
INFO;izle;;41,2;10,4;12,8;18,0;0;0;zayif;42,7;41,0;95,8;yukari;zayif;zayif;asagi;4,24;-4,43;0;1,38;9,52;293020247;0,90;AL;NEGATIF;SAT;POZITIF;AZALIYOR;AL;AL;NOTR;4;08.10.2026
VKFYO;izle;;41,2;1,7;21,5;18,0;0;0;zayif;16,4;50,1;59,1;asagi;guclu;zayif;asagi;1,56;-1,35;0;19,69;10,00;5525152;20,39;AL;POZITIF;NOTR;POZITIF;ARTIYOR;AL;AL;UCUZ (AL);5;08.10.2026
SOKE;izle;;41,1;10,4;12,7;18,0;6;0;zayif;55,6;40,6;64,2;yukari;zayif;zayif;asagi;2,12;-4,73;3;7,99;9,90;95395558;5,79;AL;NEGATIF;SAT;POZITIF;ARTIYOR;AL;AL;UCUZ (AL);4;08.10.2026
EREGL;izle;;41,0;10,6;21,7;8,6;10;1;zayif;12,7;44,5;50,2;asagi;guclu;zayif;asagi;0,43;-1,12;1;36,6;0,22;1681982683;40,14;AL;NEGATIF;NOTR;NEGATIF;AZALIYOR;SAT;SAT;NOTR;1;08.10.2026
EKGYO;izle;;40,6;2,2;26,6;11,8;10;1;zayif;15,6;51,1;44,0;asagi;guclu;zayif;asagi;0,68;0,04;2;19,61;0,05;1654336212;21,06;AL;POZITIF;NOTR;POZITIF;AZALIYOR;AL;SAT;NOTR;4;08.10.2026
NTGAZ;izle;;40,5;1,3;25,7;13,5;6;0;zayif;18,0;50,2;58,5;asagi;guclu;zayif;asagi;0,67;-0,35;3;10,85;1,31;23052756;11,27;AL;POZITIF;NOTR;POZITIF;AZALIYOR;AL;SAT;NOTR;4;08.10.2026
AYES;izle;;40,5;15,2;24,0;1,3;0;0;zayif;30,3;49,4;61,6;yukari;guclu;zayif;asagi;0,78;-1,04;2;8;-1,23;1718296;6,90;AL;NEGATIF;SAT;POZITIF;AZALIYOR;AL;SAT;NOTR;3;08.10.2026
EMNIS;izle;;40,5;9,3;19,3;11,8;0;0;zayif;21,9;45,7;39,6;yukari;zayif;zayif;asagi;0,93;-2,00;2;133,9;6,27;964214;113,97;AL;NEGATIF;SAT;NEGATIF;ARTIYOR;AL;SAT;UCUZ (AL);2;08.10.2026
TCELL;izle;;40,4;1,8;25,7;12,9;6;0;zayif;25,6;51,1;58,6;asagi;guclu;zayif;asagi;0,56;-0,35;3;100,2;0,80;1190296842;105,37;AL;POZITIF;SAT;POZITIF;AZALIYOR;AL;SAT;NOTR;4;08.10.2026
GSDHO;izle;;40,0;4,9;23,3;11,8;0;0;zayif;24,6;47,8;75,2;asagi;guclu;zayif;asagi;0,93;-1,32;1;4,26;0,47;64861580;4,61;AL;NEGATIF;AL;POZITIF;AZALIYOR;AL;AL;NOTR;5;08.10.2026
DOCO;izle;;39,5;8,9;21,8;8,9;0;0;zayif;15,7;44,0;61,9;asagi;guclu;zayif;asagi;0,14;-1,03;2;10615;0,05;7345580;11391,83;AL;NEGATIF;NOTR;POZITIF;AZALIYOR;AL;SAT;NOTR;3;08.10.2026
TRGYO;izle;;39,5;8,6;24,7;6,2;10;0;zayif;11,1;46,8;45,1;asagi;guclu;zayif;asagi;0,49;-0,78;4;91,45;1,27;48672982;96,70;AL;NEGATIF;NOTR;POZITIF;AZALIYOR;SAT;SAT;NOTR;2;08.10.2026
EUYO;izle;;39,3;3,4;25,4;10,5;0;0;zayif;20,7;52,7;59,2;asagi;guclu;zayif;asagi;0,85;-0,49;2;4,39;3,29;4480531;4,42;AL;POZITIF;AL;POZITIF;ARTIYOR;AL;SAT;NOTR;5;08.10.2026
AGESA;izle;;38,6;8,2;13,8;16,6;10;0;zayif;31,0;39,0;46,4;asagi;guclu;zayif;asagi;1,26;-1,51;4;229,5;0,53;44642111;247,91;SAT;NEGATIF;SAT;NEGATIF;ARTIYOR;SAT;SAT;NOTR;0;08.10.2026
POLHO;izle;;38,1;5,4;15,6;17,1;10;1;zayif;31,2;42,2;42,3;asagi;zayif;zayif;asagi;1,24;-1,71;2;18,47;3,47;40186897;21,15;AL;NEGATIF;SAT;NEGATIF;ARTIYOR;AL;AL;NOTR;3;08.10.2026
OYLUM;izle;;38,1;5,2;24,8;8,0;0;0;zayif;25,5;51,2;71,2;asagi;guclu;zayif;asagi;0,56;-0,71;1;6,75;-2,46;1659150;6,99;AL;POZITIF;AL;POZITIF;AZALIYOR;AL;SAT;UCUZ (AL);5;08.10.2026
AKSGY;izle;;38,0;11,2;15,2;11,5;6;0;zayif;27,7;40,3;54,3;asagi;guclu;zayif;asagi;1,08;-1,14;3;9,3;-0,32;46273006;10,14;SAT;NEGATIF;SAT;NEGATIF;ARTIYOR;SAT;SAT;NOTR;0;08.10.2026
AEFES;izle;;38,0;5,2;23,8;9,0;0;0;zayif;27,8;46,8;43,0;asagi;guclu;zayif;asagi;0,71;-1,14;2;18,36;1,16;444183443;19,66;AL;NEGATIF;SAT;NEGATIF;AZALIYOR;AL;AL;NOTR;3;08.10.2026
VANGD;izle;;37,5;13,4;16,0;8,0;0;0;zayif;36,4;45,6;59,3;yukari;zayif;zayif;asagi;0,56;-1,74;1;68;-3,06;7198344;51,13;AL;NEGATIF;SAT;POZITIF;ARTIYOR;AL;AL;NOTR;4;08.10.2026
PCILT;izle;;36,1;10,9;25,0;0,3;0;0;zayif;9,2;46,2;48,5;asagi;guclu;zayif;asagi;0,34;-0,66;2;30,6;0,00;16751511;33,97;AL;NEGATIF;NOTR;NEGATIF;AZALIYOR;SAT;SAT;NOTR;1;08.10.2026
ETYAT;izle;;36,0;14,2;13,8;8,0;40;4;zayif;25,8;44,4;67,2;yukari;zayif;zayif;asagi;0,49;-1,54;2;10,5;1,06;4591850;7,85;AL;NEGATIF;SAT;POZITIF;AZALIYOR;AL;AL;NOTR;4;08.10.2026
BALAT;izle;;35,8;10,4;17,4;8,0;22;2;zayif;30,4;45,9;42,4;yukari;zayif;zayif;asagi;0,31;-2,07;1;57,5;-1,71;703513;49,04;AL;NEGATIF;SAT;POZITIF;AZALIYOR;AL;AL;UCUZ (AL);4;08.10.2026
ADEL;izle;;35,8;2,4;15,4;18,0;0;0;zayif;30,0;43,3;42,2;asagi;zayif;zayif;asagi;1,61;-1,89;1;26,46;6,78;76854287;28,51;AL;NEGATIF;SAT;POZITIF;ARTIYOR;AL;AL;NOTR;4;08.10.2026
LUKSK;izle;;35,8;2,4;15,3;18,0;6;0;zayif;42,6;44,9;69,7;asagi;zayif;zayif;asagi;8,61;-2,40;3;68,85;9,98;74355453;73,44;AL;NEGATIF;SAT;POZITIF;ARTIYOR;AL;SAT;UCUZ (AL);3;08.10.2026
KLGYO;izle;;35,8;1,5;25,2;9,0;0;0;zayif;23,2;51,2;53,4;asagi;guclu;zayif;asagi;0,60;-0,55;2;4,27;-0,23;24395829;4,33;AL;POZITIF;SAT;POZITIF;AZALIYOR;AL;SAT;UCUZ (AL);4;08.10.2026
TABGD;izle;;35,4;1,5;23,7;10,1;0;0;zayif;23,4;45,8;40,9;asagi;guclu;zayif;asagi;0,53;-1,16;1;224;-0,49;81795840;238,40;AL;NEGATIF;SAT;POZITIF;AZALIYOR;AL;SAT;NOTR;3;08.10.2026
BASCM;izle;;35,1;10,4;16,7;8,0;0;0;zayif;29,5;41,4;34,3;yukari;guclu;zayif;asagi;0,66;-3,70;2;11,54;-2,86;690404;11,12;AL;NEGATIF;SAT;POZITIF;ARTIYOR;AL;SAT;NOTR;3;08.10.2026
ANHYT;izle;;34,9;1,2;24,5;9,3;0;0;zayif;20,9;46,3;49,8;asagi;guclu;zayif;asagi;0,55;-0,87;2;100,9;0,70;60699220;107,49;AL;NEGATIF;SAT;POZITIF;AZALIYOR;AL;AL;NOTR;4;08.10.2026
TURGG;izle;;34,5;2,1;24,3;8,0;10;1;zayif;17,4;47,1;58,2;asagi;guclu;zayif;asagi;0,57;-0,85;2;25,14;4,75;8401310;28,79;AL;NEGATIF;NOTR;POZITIF;ARTIYOR;AL;AL;NOTR;4;08.10.2026
ERSU;izle;;34,5;10,4;16,0;8,0;0;0;zayif;34,0;47,1;34,8;yukari;zayif;zayif;asagi;0,58;-1,78;2;16,92;-3,26;6728204;12,02;AL;NEGATIF;SAT;POZITIF;ARTIYOR;AL;SAT;NOTR;3;08.10.2026
LYDYE;izle;;34,4;10,4;12,0;12,0;0;0;zayif;48,5;38,2;46,4;yukari;zayif;zayif;asagi;1,18;-5,41;0;6270;10,00;15938340;4473,72;AL;NEGATIF;SAT;POZITIF;AZALIYOR;AL;AL;UCUZ (AL);4;08.10.2026
ENTRA;izle;;34,0;0,8;25,2;8,0;0;0;zayif;18,0;51,5;75,7;asagi;guclu;zayif;asagi;0,60;-0,56;0;4,26;-1,16;38857641;4,51;AL;POZITIF;NOTR;POZITIF;AZALIYOR;AL;SAT;NOTR;4;08.10.2026
RGYAS;izle;;34,0;11,6;14,6;7,8;0;0;zayif;25,9;41,0;51,5;asagi;guclu;zayif;asagi;0,28;-1,48;1;188,3;1,24;100979453;203,66;SAT;NEGATIF;SAT;NEGATIF;AZALIYOR;SAT;SAT;NOTR;0;08.10.2026
KRTEK;izle;;33,8;9,3;20,8;3,6;0;0;zayif;15,5;48,6;68,2;yukari;guclu;zayif;asagi;0,74;-0,28;1;5,81;-3,97;4258945;5,02;SAT;NEGATIF;NOTR;NEGATIF;AZALIYOR;SAT;SAT;UCUZ (AL);0;08.10.2026
ASELS;izle;;33,7;11,2;14,1;8,4;10;0;zayif;25,8;42,3;39,7;asagi;guclu;zayif;asagi;1,06;-1,35;4;348,75;0,00;13063862869;390,08;SAT;NEGATIF;SAT;NEGATIF;AZALIYOR;SAT;SAT;NOTR;0;08.10.2026
EGGUB;izle;;33,6;1,4;20,8;11,5;0;0;zayif;21,9;45,9;52,1;asagi;guclu;zayif;asagi;0,52;-0,74;2;99,45;1,69;22260590;110,49;SAT;NEGATIF;SAT;NEGATIF;AZALIYOR;SAT;SAT;NOTR;0;08.10.2026
KRVGD;izle;;33,5;4,0;23,9;5,6;0;0;zayif;22,2;49,8;62,3;asagi;guclu;zayif;asagi;1,03;-1,09;1;2,18;4,81;19970125;2,27;AL;NEGATIF;AL;POZITIF;ARTIYOR;AL;SAT;UCUZ (AL);4;08.10.2026
ZRGYO;izle;;33,4;5,8;21,9;5,7;20;1;zayif;17,9;46,7;31,0;asagi;guclu;zayif;asagi;0,38;-0,25;4;19,05;2,42;17808588;20,43;SAT;NEGATIF;NOTR;POZITIF;ARTIYOR;SAT;AL;UCUZ (AL);2;08.10.2026
TOASO;izle;;33,1;0,9;20,7;11,6;10;1;zayif;18,3;46,7;43,6;asagi;guclu;zayif;asagi;0,70;-0,79;2;269;2,48;580485053;294,71;SAT;NEGATIF;NOTR;NEGATIF;AZALIYOR;SAT;AL;NOTR;1;08.10.2026
ENKAI;izle;;32,8;2,4;15,8;14,5;6;0;zayif;30,3;41,1;28,9;asagi;guclu;zayif;asagi;0,82;-1,81;3;81,6;2,00;727121035;88,47;SAT;NEGATIF;SAT;NEGATIF;ARTIYOR;SAT;SAT;NOTR;0;08.10.2026
MPARK;izle;;32,7;6,3;19,9;6,5;46;4;zayif;12,6;45,2;53,4;asagi;guclu;zayif;asagi;0,63;-0,59;3;420,25;-1,41;151853135;453,45;SAT;NEGATIF;NOTR;NEGATIF;AZALIYOR;SAT;SAT;NOTR;0;08.10.2026
SEKFK;izle;;32,4;1,6;19,6;11,2;6;0;zayif;23,8;44,6;57,8;asagi;guclu;zayif;asagi;0,89;-1,81;3;4,13;0,73;2296243;4,48;AL;NEGATIF;SAT;POZITIF;AZALIYOR;AL;SAT;NOTR;3;08.10.2026
TUREX;izle;;32,4;8,6;23,8;0,0;0;0;zayif;16,7;48,7;64,5;yukari;guclu;zayif;asagi;0,44;-1,17;0;5,8;0,52;40016155;5,03;AL;NEGATIF;NOTR;POZITIF;AZALIYOR;AL;SAT;NOTR;3;08.10.2026
AKSEN;izle;;32,4;5,3;18,8;8,3;0;0;zayif;28,6;44,7;61,9;asagi;guclu;zayif;asagi;0,72;-1,47;1;72,25;0,70;399704846;77,56;AL;NEGATIF;SAT;POZITIF;AZALIYOR;AL;SAT;NOTR;3;08.10.2026
BURCE;izle;;32,4;2,4;11,9;18,0;0;0;zayif;29,7;38,1;47,1;asagi;zayif;zayif;asagi;1,53;-3,04;1;26,14;1,32;59364280;29,24;AL;NEGATIF;SAT;NEGATIF;ARTIYOR;AL;SAT;UCUZ (AL);2;08.10.2026
YESIL;izle;;31,9;2,4;11,5;18,0;0;0;zayif;39,5;36,6;42,9;asagi;zayif;zayif;asagi;1,41;-3,70;2;0,89;2,30;23352829;0,95;AL;NEGATIF;SAT;NEGATIF;ARTIYOR;AL;AL;UCUZ (AL);3;08.10.2026
PLTUR;izle;;31,9;2,4;11,4;18,0;6;0;zayif;32,9;36,5;47,0;asagi;zayif;zayif;asagi;2,64;-3,46;3;15,61;4,62;56200230;17,27;AL;NEGATIF;SAT;NEGATIF;ARTIYOR;AL;AL;UCUZ (AL);3;08.10.2026
AGHOL;izle;;31,8;6,8;18,3;6,7;6;0;zayif;18,1;44,4;55,5;asagi;guclu;zayif;asagi;0,82;-0,84;3;32,14;1,26;109045171;35,05;SAT;NEGATIF;NOTR;NEGATIF;AZALIYOR;SAT;SAT;NOTR;0;08.10.2026
RAYSG;izle;;31,7;2,4;15,3;14,0;0;0;zayif;31,5;43,2;47,0;asagi;zayif;zayif;asagi;3,19;-2,59;2;130;9,98;58353620;141,98;AL;NEGATIF;SAT;POZITIF;ARTIYOR;AL;SAT;UCUZ (AL);3;08.10.2026
KERVN;izle;;31,7;14,5;13,1;4,0;0;0;zayif;23,2;42,1;44,1;asagi;zayif;zayif;asagi;0,32;-1,74;1;7,28;-0,55;2422413;8,58;AL;NEGATIF;SAT;NEGATIF;AZALIYOR;SAT;SAT;NOTR;1;08.10.2026
NUHCM;izle;;31,7;0,2;25,3;6,2;10;1;zayif;13,6;48,8;67,1;asagi;guclu;zayif;asagi;0,35;-0,52;2;211,3;-0,56;3821572;224,95;AL;NEGATIF;NOTR;POZITIF;AZALIYOR;AL;SAT;NOTR;3;08.10.2026
KARTN;izle;;31,4;5,4;12,0;14,0;0;0;zayif;38,1;38,2;47,3;asagi;zayif;zayif;asagi;1,47;-3,27;2;99,2;9,98;158334509;115,66;AL;NEGATIF;SAT;NEGATIF;AZALIYOR;AL;AL;NOTR;3;08.10.2026
KRDMB;izle;;31,3;5,4;13,4;12,4;0;0;zayif;35,3;43,1;55,3;asagi;zayif;zayif;asagi;0,97;-2,44;2;76,55;3,10;294953810;85,35;AL;NEGATIF;SAT;POZITIF;AZALIYOR;AL;AL;NOTR;4;08.10.2026
HLGYO;izle;;31,2;0,2;23,0;8,0;0;0;zayif;13,8;46,6;47,7;asagi;guclu;zayif;asagi;0,66;-1,75;1;4,15;0,00;63334204;4,49;AL;NEGATIF;NOTR;POZITIF;AZALIYOR;AL;SAT;NOTR;3;08.10.2026
YBTAS;izle;;31,2;10,4;12,7;8,0;0;0;zayif;51,2;40,8;48,2;yukari;zayif;zayif;asagi;0,41;-4,08;2;10,96;1,48;351432;10,27;AL;NEGATIF;SAT;POZITIF;AZALIYOR;AL;SAT;UCUZ (AL);3;08.10.2026
TCKRC;izle;;31,1;14,6;16,5;0,0;0;0;zayif;23,9;44,6;65,8;asagi;zayif;zayif;asagi;0,60;-1,27;2;123,8;0,08;251059839;138,23;AL;NEGATIF;SAT;POZITIF;AZALIYOR;SAT;SAT;NOTR;2;08.10.2026
AVPGY;izle;;31,0;1,3;15,4;14,4;6;0;zayif;21,2;42,3;41,5;asagi;guclu;zayif;asagi;1,23;-1,23;3;50,6;-4,35;51184683;56,21;SAT;NEGATIF;SAT;NEGATIF;ARTIYOR;AL;AL;NOTR;2;08.10.2026
SEKUR;izle;;30,6;2,4;10,2;18,0;0;0;zayif;46,9;32,2;87,6;asagi;zayif;zayif;asagi;1,76;-5,24;1;4,45;0,68;23138394;4,90;AL;NEGATIF;SAT;POZITIF;ARTIYOR;AL;AL;NOTR;4;08.10.2026
CRDFA;izle;;30,6;10,4;12,2;8,0;0;0;zayif;53,5;38,9;54,0;yukari;zayif;zayif;asagi;0,21;-6,05;0;12,88;9,99;4319334;9,17;AL;NEGATIF;SAT;POZITIF;AZALIYOR;AL;AL;UCUZ (AL);4;08.10.2026
FONET;izle;;30,4;4,8;15,2;10,4;0;0;zayif;25,2;42,3;55,7;asagi;zayif;zayif;asagi;0,84;-1,83;0;4,16;-5,45;67758321;4,63;AL;NEGATIF;SAT;POZITIF;ARTIYOR;AL;SAT;NOTR;3;08.10.2026
VAKFA;izle;;30,4;2,4;10,0;18,0;0;0;zayif;40,2;36,8;70,0;asagi;zayif;zayif;asagi;2,74;-2,90;2;9,3;1,53;212082975;10,18;SAT;NEGATIF;SAT;NEGATIF;ARTIYOR;AL;AL;UCUZ (AL);2;08.10.2026
TTKOM;izle;;30,3;0,2;18,9;11,2;10;0;zayif;13,2;46,2;68,8;asagi;guclu;zayif;asagi;0,35;-0,98;4;52,4;0,48;667118234;57,33;SAT;NEGATIF;NOTR;NEGATIF;AZALIYOR;SAT;SAT;NOTR;0;08.10.2026
CVKMD;izle;;30,2;5,4;10,8;14,0;6;0;zayif;42,8;42,7;43,7;asagi;zayif;zayif;asagi;1,75;-1,68;3;12,91;6,78;762103301;14,68;SAT;NEGATIF;SAT;NEGATIF;ARTIYOR;AL;AL;NOTR;2;08.10.2026
ISCTR;izle;;30,1;1,5;21,1;7,6;0;0;zayif;23,1;47,2;57,6;asagi;guclu;zayif;asagi;0,66;-0,62;2;12,79;-1,39;4609431791;13,91;SAT;NEGATIF;SAT;NEGATIF;AZALIYOR;AL;AL;NOTR;2;08.10.2026
EGPRO;izle;;30,1;8,4;21,7;0,0;0;0;zayif;24,9;45,0;54,1;asagi;guclu;zayif;asagi;0,30;-1,19;1;33,8;1,32;9838842;37,65;AL;NEGATIF;SAT;POZITIF;AZALIYOR;SAT;SAT;NOTR;2;08.10.2026
USHOL;izle;;30,0;5,4;16,0;8,6;0;0;zayif;33,9;45,5;52,8;asagi;zayif;zayif;asagi;0,73;-1,73;2;58,9;2,70;29379261;60,45;AL;NEGATIF;SAT;NEGATIF;AZALIYOR;AL;AL;NOTR;3;08.10.2026
SKYLP;izle;;29,8;2,4;9,4;18,0;0;0;zayif;59,3;29,6;64,6;asagi;zayif;zayif;asagi;2,54;-7,66;0;71,65;9,98;27294136;81,95;AL;NEGATIF;SAT;NEGATIF;AZALIYOR;AL;AL;UCUZ (AL);3;08.10.2026
ASTOR;izle;;29,6;5,4;6,9;17,3;0;0;zayif;38,0;34,5;63,2;asagi;zayif;zayif;asagi;1,26;-3,60;1;197,5;6,81;10814784395;243,65;SAT;NEGATIF;SAT;NEGATIF;AZALIYOR;AL;SAT;NOTR;1;08.10.2026
PAHOL;izle;;29,4;2,4;13,0;14,0;0;0;zayif;39,3;41,6;49,6;asagi;zayif;zayif;asagi;1,53;-2,79;2;0,98;7,69;437687608;1,03;AL;NEGATIF;SAT;POZITIF;ARTIYOR;AL;AL;UCUZ (AL);4;08.10.2026
ATSYH;izle;;29,3;9,3;16,0;4,0;10;1;zayif;26,3;45,9;29,3;asagi;zayif;zayif;asagi;0,55;-1,72;1;89;4,71;1918751;95,55;AL;NEGATIF;SAT;POZITIF;ARTIYOR;AL;AL;NOTR;4;08.10.2026
GEREL;izle;;29,3;2,4;12,9;14,0;0;0;zayif;34,1;41,2;47,0;asagi;zayif;zayif;asagi;1,51;-3,24;1;23,8;9,98;284976916;24,90;AL;NEGATIF;SAT;NEGATIF;AZALIYOR;AL;AL;NOTR;3;08.10.2026
ARDYZ;izle;;29,3;15,4;13,9;0,0;0;0;zayif;29,5;43,3;55,8;asagi;zayif;zayif;asagi;0,68;-1,32;2;64,65;-0,77;285340792;74,55;AL;NEGATIF;SAT;POZITIF;AZALIYOR;AL;SAT;NOTR;3;08.10.2026
ORMA;izle;;29,2;9,2;20,0;0,0;0;0;zayif;20,9;45,1;55,8;yukari;guclu;zayif;asagi;0,34;-2,15;2;137;1,33;338116;126,59;AL;NEGATIF;SAT;NEGATIF;ARTIYOR;AL;AL;NOTR;3;08.10.2026
ISBIR;izle;;29,1;10,4;14,6;4,0;0;0;zayif;31,3;39,8;37,8;yukari;zayif;zayif;asagi;0,32;-3,15;2;60,15;-0,08;382193;55,26;AL;NEGATIF;SAT;POZITIF;AZALIYOR;AL;SAT;UCUZ (AL);3;08.10.2026
GARAN;izle;;29,0;1,5;20,4;7,0;32;3;zayif;23,4;47,7;59,3;asagi;guclu;zayif;asagi;0,54;-0,46;1;128,5;-1,08;2003572129;136,38;SAT;NEGATIF;SAT;NEGATIF;AZALIYOR;AL;SAT;NOTR;1;08.10.2026
ISBTR;izle;;28,8;2,4;17,2;9,2;0;0;zayif;33,4;40,3;28,7;asagi;guclu;zayif;asagi;0,77;-3,41;2;436697,5;-0,01;1310093;437401,99;AL;NEGATIF;SAT;NEGATIF;AZALIYOR;AL;AL;NOTR;3;08.10.2026
VKING;izle;;28,7;2,4;12,2;14,0;10;0;zayif;43,4;39,0;48,3;asagi;zayif;zayif;asagi;4,47;-2,76;4;15,79;-9,98;47454745;18,08;AL;NEGATIF;SAT;NEGATIF;ARTIYOR;AL;AL;UCUZ (AL);3;08.10.2026
LIDFA;izle;;28,6;1,4;19,2;8,0;0;0;zayif;22,6;43,4;66,9;asagi;guclu;zayif;asagi;0,38;-1,64;2;1,55;1,31;10045491;1,70;AL;NEGATIF;SAT;NEGATIF;AZALIYOR;AL;SAT;NOTR;2;08.10.2026
AKBNK;izle;;27,8;1,7;18,3;7,7;38;3;zayif;24,6;44,3;44,2;asagi;guclu;zayif;asagi;0,87;-0,84;3;68,15;-1,59;9685923974;74,93;SAT;NEGATIF;SAT;NEGATIF;AZALIYOR;SAT;SAT;NOTR;0;08.10.2026
ONCSM;izle;;27,7;2,4;11,3;14,0;0;0;zayif;49,6;36,0;45,1;asagi;zayif;zayif;asagi;1,33;-5,33;2;102,1;7,14;223138835;111,98;AL;NEGATIF;SAT;POZITIF;ARTIYOR;AL;SAT;UCUZ (AL);3;08.10.2026
DGGYO;izle;;27,7;1,6;18,1;8,0;0;0;zayif;16,2;44,8;63,7;asagi;guclu;zayif;asagi;0,63;-1,45;0;29;1,75;2003204;32,80;AL;NEGATIF;NOTR;POZITIF;AZALIYOR;AL;SAT;NOTR;3;08.10.2026
EUHOL;izle;;27,7;10,4;13,3;4,0;0;0;zayif;33,6;42,5;48,9;yukari;zayif;zayif;asagi;0,53;-2,69;1;8,1;0,00;1856439;7,26;AL;NEGATIF;SAT;NEGATIF;AZALIYOR;SAT;SAT;UCUZ (AL);1;08.10.2026
SERNT;izle;;27,6;2,4;11,1;14,0;0;0;zayif;47,2;35,5;47,0;asagi;zayif;zayif;asagi;2,52;-4,14;2;5,52;8,66;57244901;5,99;AL;NEGATIF;SAT;NEGATIF;ARTIYOR;AL;AL;UCUZ (AL);3;08.10.2026
KORDS;izle;;27,6;5,4;13,2;8,9;6;0;zayif;34,2;42,4;53,4;asagi;zayif;zayif;asagi;0,76;-2,25;3;3,12;6,12;73885562;3,41;AL;NEGATIF;SAT;POZITIF;ARTIYOR;AL;SAT;NOTR;3;08.10.2026
AKSUE;izle;;27,6;2,4;10,4;14,7;0;0;zayif;55,1;33,1;40,8;asagi;zayif;zayif;asagi;1,10;-5,61;1;17,1;-3,93;52620342;20,79;AL;NEGATIF;SAT;NEGATIF;AZALIYOR;AL;AL;NOTR;3;08.10.2026
TTRAK;izle;;27,4;2,4;11,4;13,5;0;0;zayif;31,7;34,1;20,3;asagi;guclu;zayif;asagi;1,37;-2,52;2;391,25;-1,20;52110979;422,10;SAT;NEGATIF;SAT;NEGATIF;ARTIYOR;SAT;SAT;UCUZ (AL);0;08.10.2026
POLTK;izle;;27,2;2,4;10,7;14,0;6;0;zayif;32,2;34,2;39,8;asagi;zayif;zayif;asagi;1,75;-3,62;3;3065;4,34;60135300;3426,56;AL;NEGATIF;SAT;NEGATIF;ARTIYOR;AL;AL;UCUZ (AL);3;08.10.2026
YYAPI;izle;;27,2;10,4;12,7;4,0;6;0;zayif;61,0;40,8;31,5;yukari;zayif;zayif;asagi;0,51;-4,48;3;0,61;3,39;1039932;0,53;AL;NEGATIF;SAT;NEGATIF;ARTIYOR;AL;AL;UCUZ (AL);3;08.10.2026
DNISI;izle;;27,1;0,4;22,6;4,1;0;0;zayif;14,7;45,0;27,4;asagi;guclu;zayif;asagi;0,38;-1,27;2;4,14;0,98;4348172;4,45;AL;NEGATIF;NOTR;POZITIF;AZALIYOR;AL;SAT;NOTR;3;08.10.2026
KUVVA;izle;;27,1;2,4;6,6;18,0;0;0;zayif;50,9;33,7;42,6;asagi;zayif;zayif;asagi;1,58;-3,68;0;91,3;10,00;25808136;105,68;SAT;NEGATIF;SAT;NEGATIF;ARTIYOR;AL;AL;NOTR;2;08.10.2026
DGATE;izle;;27,0;2,4;10,5;14,0;0;0;zayif;36,7;33,4;49,4;asagi;zayif;zayif;asagi;1,32;-4,05;1;62,25;-1,11;28808927;75,08;AL;NEGATIF;SAT;NEGATIF;AZALIYOR;AL;SAT;NOTR;2;08.10.2026
TUKAS;izle;;26,9;1,2;21,0;4,6;10;1;zayif;20,9;46,4;59,1;asagi;guclu;zayif;asagi;0,35;-0,63;2;1,99;1,53;95283568;2,31;SAT;NEGATIF;SAT;NEGATIF;AZALIYOR;SAT;SAT;UCUZ (AL);0;08.10.2026
CIMSA;izle;;26,8;2,2;13,8;10,8;0;0;zayif;28,5;40,0;49,4;asagi;guclu;zayif;asagi;0,86;-2,32;2;41,12;0,49;240804436;44,72;SAT;NEGATIF;SAT;NEGATIF;AZALIYOR;SAT;SAT;NOTR;0;08.10.2026
GRSEL;izle;;26,7;1,1;17,6;8,0;0;0;zayif;20,4;44,1;66,6;asagi;guclu;zayif;asagi;0,53;-1,58;1;274,5;1,67;59470700;296,18;AL;NEGATIF;SAT;POZITIF;AZALIYOR;AL;AL;UCUZ (AL);4;08.10.2026
DOHOL;izle;;26,6;5,4;9,2;11,9;10;0;zayif;36,3;33,2;29,6;asagi;zayif;zayif;asagi;1,16;-3,14;4;18,37;0,77;269920660;20,17;SAT;NEGATIF;SAT;NEGATIF;AZALIYOR;SAT;SAT;NOTR;0;08.10.2026
GUBRF;izle;;26,5;5,4;13,0;8,0;22;2;zayif;34,8;40,2;46,9;asagi;guclu;zayif;asagi;0,46;-1,91;2;407,5;2,71;555752983;460,64;SAT;NEGATIF;SAT;NEGATIF;AZALIYOR;SAT;SAT;NOTR;0;08.10.2026
TDGYO;izle;;26,4;2,4;6,0;18,0;0;0;zayif;34,6;31,6;62,8;asagi;zayif;zayif;asagi;1,34;-4,43;0;8,08;7,88;25872968;10,30;SAT;NEGATIF;SAT;NEGATIF;AZALIYOR;AL;AL;UCUZ (AL);2;08.10.2026
OZGYO;izle;;26,4;2,4;11,2;12,8;6;0;zayif;34,7;35,6;25,4;asagi;zayif;zayif;asagi;1,23;-3,23;3;1,63;-1,21;21659451;1,81;AL;NEGATIF;SAT;POZITIF;ARTIYOR;AL;SAT;NOTR;3;08.10.2026
ALVES;izle;;26,4;10,4;12,0;4,0;0;0;zayif;53,0;38,2;43,4;yukari;zayif;zayif;asagi;0,66;-8,67;2;0,73;8,96;6294121;0,57;AL;NEGATIF;SAT;POZITIF;ARTIYOR;AL;AL;UCUZ (AL);4;08.10.2026
FROTO;izle;;26,3;2,0;16,2;8,1;10;0;zayif;26,6;42,5;45,8;asagi;guclu;zayif;asagi;0,57;-1,82;5;74,4;0,74;838954786;80,46;SAT;NEGATIF;SAT;NEGATIF;AZALIYOR;SAT;SAT;UCUZ (AL);0;08.10.2026
AKSA;izle;;26,1;1,9;20,2;4,0;6;0;zayif;25,7;44,0;35,9;asagi;guclu;zayif;asagi;0,60;-1,65;3;10,49;0,96;82649063;11,31;AL;NEGATIF;SAT;NEGATIF;AZALIYOR;SAT;SAT;NOTR;1;08.10.2026
SKYMD;izle;;26,1;11,9;4,2;10,0;28;2;zayif;25,7;36,8;49,7;asagi;zayif;zayif;asagi;1,64;-1,87;3;12,82;0,08;154285636;17,32;SAT;NEGATIF;SAT;NEGATIF;AZALIYOR;SAT;SAT;NOTR;0;08.10.2026
ISSEN;izle;;26,0;2,4;13,5;10,0;10;1;zayif;37,3;38,2;48,2;asagi;zayif;zayif;asagi;1,06;-2,92;2;5,65;1,99;5324001;6,03;AL;NEGATIF;SAT;POZITIF;ARTIYOR;AL;AL;UCUZ (AL);4;08.10.2026
ECILC;izle;;25,8;1,1;16,8;8,0;0;0;zayif;19,9;42,7;54,1;asagi;zayif;zayif;asagi;0,62;-2,05;1;62,35;0,65;229507794;69,49;AL;NEGATIF;NOTR;NEGATIF;AZALIYOR;SAT;SAT;UCUZ (AL);1;08.10.2026
THYAO;izle;;25,7;2,4;20,3;2,9;6;0;zayif;30,1;42,7;58,7;asagi;guclu;zayif;asagi;0,55;-1,69;3;284,25;-0,70;5824623032;301,24;AL;NEGATIF;SAT;NEGATIF;AZALIYOR;SAT;SAT;NOTR;1;08.10.2026
FORTE;izle;;25,5;4,0;11,5;10,0;0;0;zayif;19,3;36,6;39,8;asagi;zayif;zayif;asagi;1,31;-2,38;2;89,9;-3,59;144654134;108,16;AL;NEGATIF;NOTR;NEGATIF;AZALIYOR;SAT;SAT;NOTR;1;08.10.2026
BERA;izle;;25,4;9,8;15,6;0,0;0;0;zayif;25,5;40,4;53,2;yukari;zayif;zayif;asagi;0,61;-2,57;0;11,46;-1,04;53889172;10,94;AL;NEGATIF;SAT;NEGATIF;AZALIYOR;SAT;SAT;UCUZ (AL);1;08.10.2026
ORCAY;izle;;25,2;2,4;10,4;12,3;0;0;zayif;34,1;33,1;53,5;asagi;zayif;zayif;asagi;0,96;-3,67;1;2,48;2,48;4343685;2,82;AL;NEGATIF;SAT;POZITIF;AZALIYOR;AL;AL;UCUZ (AL);4;08.10.2026
GIPTA;izle;;25,1;2,4;4,6;18,0;0;0;zayif;42,2;27,0;35,7;asagi;zayif;zayif;asagi;2,59;-5,99;1;29,98;9,98;311156064;39,23;SAT;NEGATIF;SAT;NEGATIF;AZALIYOR;AL;AL;UCUZ (AL);2;08.10.2026
SONME;izle;;25,0;0,7;24,3;0,0;0;0;zayif;17,4;45,3;31,5;asagi;guclu;zayif;asagi;0,54;-0,76;2;122,4;-0,81;1885327;133,11;AL;NEGATIF;NOTR;NEGATIF;AZALIYOR;AL;AL;UCUZ (AL);3;08.10.2026
CMENT;izle;;25,0;2,4;22,5;0,0;6;0;zayif;52,8;46,9;47,1;asagi;guclu;zayif;asagi;0,21;-1,86;3;236,6;-0,96;219565;243,04;AL;NEGATIF;SAT;POZITIF;AZALIYOR;AL;SAT;UCUZ (AL);3;08.10.2026
AFYON;izle;;24,9;2,4;17,2;5,3;0;0;zayif;33,8;39,0;38,9;asagi;guclu;zayif;asagi;0,50;-2,74;2;11,04;1,66;7415402;11,80;AL;NEGATIF;SAT;NEGATIF;AZALIYOR;AL;SAT;UCUZ (AL);2;08.10.2026
VKGYO;izle;;24,9;2,4;14,4;8,0;0;0;zayif;43,4;35,2;44,5;asagi;zayif;zayif;asagi;0,57;-3,56;2;1,65;1,23;20473510;1,78;AL;NEGATIF;SAT;NEGATIF;AZALIYOR;AL;AL;UCUZ (AL);3;08.10.2026
MTRYO;izle;;24,9;2,4;14,4;8,0;6;0;zayif;31,1;42,5;69,0;asagi;guclu;zayif;asagi;0,38;-1,47;3;7,92;0,51;747862;9,34;SAT;NEGATIF;SAT;NEGATIF;AZALIYOR;AL;AL;UCUZ (AL);2;08.10.2026
GOLTS;izle;;24,7;2,4;14,2;8,0;0;0;zayif;29,7;36,1;56,8;asagi;zayif;zayif;asagi;0,44;-3,55;1;253,25;1,10;13629155;276,10;AL;NEGATIF;SAT;NEGATIF;AZALIYOR;SAT;SAT;UCUZ (AL);1;08.10.2026
TRENJ;izle;;24,5;6,7;13,7;4,1;50;5;zayif;23,4;40,5;42,9;asagi;guclu;zayif;asagi;0,49;-1,46;4;92,65;2,21;62145543;106,16;SAT;NEGATIF;SAT;NEGATIF;AZALIYOR;SAT;SAT;NOTR;0;08.10.2026
DIRIT;izle;;24,5;0,6;8,2;15,7;0;0;zayif;16,6;38,9;28,6;asagi;zayif;zayif;asagi;1,16;-2,27;2;20,4;0,99;1346176;23,34;SAT;NEGATIF;NOTR;NEGATIF;ARTIYOR;SAT;AL;NOTR;1;08.10.2026
ICUGS;izle;;24,5;2,4;8,1;14,0;10;0;zayif;56,0;25,2;38,2;asagi;zayif;zayif;asagi;2,54;-7,76;4;1,49;9,56;123961238;1,85;AL;NEGATIF;SAT;NEGATIF;AZALIYOR;AL;AL;NOTR;3;08.10.2026
GENIL;izle;;24,4;2,4;4,0;18,0;40;5;zayif;51,0;22,2;35,7;asagi;zayif;zayif;asagi;6,43;-6,26;2;4,25;9,82;2135639867;5,87;SAT;NEGATIF;SAT;NEGATIF;ARTIYOR;SAT;AL;UCUZ (AL);1;08.10.2026
KAPLM;izle;;24,4;2,4;8,0;14,0;0;0;zayif;69,2;19,5;42,8;asagi;zayif;zayif;asagi;1,32;-8,35;1;134,2;-1,11;77909944;189,60;AL;NEGATIF;SAT;NEGATIF;AZALIYOR;AL;AL;UCUZ (AL);3;08.10.2026
UFUK;izle;;24,4;2,4;4,0;18,0;0;0;zayif;52,6;12,2;94,1;asagi;zayif;zayif;asagi;7,73;-10,45;0;322;1,66;148982638;493,44;SAT;NEGATIF;SAT;NEGATIF;AZALIYOR;AL;AL;UCUZ (AL);2;08.10.2026
AVHOL;izle;;24,3;2,4;13,8;8,0;6;0;zayif;44,4;43,6;38,9;asagi;zayif;zayif;asagi;0,54;-2,50;3;28,3;3,66;21532508;29,81;AL;NEGATIF;SAT;POZITIF;AZALIYOR;AL;AL;UCUZ (AL);4;08.10.2026
OBAMS;izle;;24,1;1,3;14,9;8,0;0;0;zayif;21,5;39,4;57,2;asagi;zayif;zayif;asagi;0,51;-2,74;0;4,36;1,40;47953726;4,97;AL;NEGATIF;SAT;NEGATIF;AZALIYOR;SAT;SAT;UCUZ (AL);1;08.10.2026
DMSAS;izle;;23,9;10,3;13,6;0,0;0;0;zayif;28,8;43,7;50,5;yukari;zayif;zayif;asagi;0,59;-2,00;2;6,49;-0,92;17960173;5,29;AL;NEGATIF;SAT;POZITIF;AZALIYOR;AL;SAT;UCUZ (AL);3;08.10.2026
ULKER;izle;;23,9;1,8;19,0;3,0;0;0;zayif;25,6;45,8;39,3;asagi;guclu;zayif;asagi;0,49;-1,74;2;86,25;2,07;182033040;92,19;SAT;NEGATIF;SAT;NEGATIF;AZALIYOR;SAT;SAT;UCUZ (AL);0;08.10.2026
BRISA;izle;;23,8;1,3;20,6;1,8;0;0;zayif;21,9;43,8;50,5;asagi;guclu;zayif;asagi;0,31;-1,90;2;71,7;-0,42;3785903;77,10;AL;NEGATIF;SAT;POZITIF;AZALIYOR;AL;SAT;UCUZ (AL);3;08.10.2026
QNBTR;izle;;23,8;10,4;13,3;0,0;0;0;zayif;56,7;35,9;36,1;yukari;zayif;zayif;asagi;0,67;-5,79;2;159;-1,12;1317474;157,85;AL;NEGATIF;SAT;NEGATIF;AZALIYOR;AL;SAT;UCUZ (AL);2;08.10.2026
SAFKR;izle;;23,6;10,4;13,1;0,0;0;0;zayif;38,5;42,1;61,8;yukari;zayif;zayif;asagi;0,57;-3,11;1;12,45;-4,96;34426479;11,65;AL;NEGATIF;SAT;POZITIF;AZALIYOR;AL;SAT;UCUZ (AL);3;08.10.2026
KONKA;izle;;23,5;10,4;13,0;0,0;0;0;zayif;38,7;41,8;63,9;yukari;zayif;zayif;asagi;0,59;-3,01;1;8,05;-3,13;15191799;7,29;AL;NEGATIF;SAT;POZITIF;AZALIYOR;AL;SAT;UCUZ (AL);3;08.10.2026
KTLEV;izle;;23,4;5,4;8,0;10,0;0;0;zayif;57,3;19,7;27,7;asagi;zayif;zayif;asagi;2,98;-9,48;2;7,28;9,97;2922328231;12,76;AL;NEGATIF;SAT;NEGATIF;AZALIYOR;AL;AL;NOTR;3;08.10.2026
BLCYT;izle;;23,3;0,5;14,9;8,0;0;0;zayif;15,4;39,6;45,2;asagi;zayif;zayif;asagi;0,59;-2,30;0;1,72;0,00;25563932;2,05;AL;NEGATIF;NOTR;NEGATIF;AZALIYOR;SAT;SAT;UCUZ (AL);1;08.10.2026
KZGYO;izle;;23,3;2,1;13,2;8,0;0;0;zayif;27,5;42,4;29,8;asagi;zayif;zayif;asagi;0,33;-1,98;1;16,72;-0,77;20632313;18,61;AL;NEGATIF;SAT;POZITIF;AZALIYOR;AL;AL;UCUZ (AL);4;08.10.2026
KOCMT;izle;;23,3;3,6;11,8;8,0;6;0;zayif;16,1;37,6;81,8;asagi;zayif;zayif;asagi;0,60;-3,13;3;2,63;-2,23;124414667;3,52;AL;NEGATIF;NOTR;NEGATIF;AZALIYOR;AL;SAT;NOTR;2;08.10.2026
PSGYO;izle;;23,2;2,4;8,3;12,5;0;0;zayif;47,7;26,1;31,8;asagi;zayif;zayif;asagi;0,97;-5,73;1;1,72;2,38;237247276;2,10;AL;NEGATIF;SAT;NEGATIF;AZALIYOR;AL;AL;UCUZ (AL);3;08.10.2026
BNTAS;izle;;23,2;2,4;14,1;6,7;0;0;zayif;33,2;37,5;45,7;asagi;zayif;zayif;asagi;1,10;-2,64;2;5,32;-1,12;16854952;5,89;AL;NEGATIF;SAT;POZITIF;AZALIYOR;SAT;SAT;UCUZ (AL);2;08.10.2026
BAYRK;izle;;23,2;2,4;10,8;10,0;10;0;zayif;38,6;34,2;50,6;asagi;zayif;zayif;asagi;3,50;-4,10;4;2,86;-4,35;55351928;3,25;AL;NEGATIF;SAT;NEGATIF;ARTIYOR;AL;AL;UCUZ (AL);3;08.10.2026
OZKGY;izle;;23,2;1,8;11,8;9,6;6;0;zayif;24,9;35,0;42,1;asagi;guclu;zayif;asagi;1,21;-2,64;3;11,79;-1,67;42654204;12,81;SAT;NEGATIF;SAT;NEGATIF;ARTIYOR;SAT;SAT;UCUZ (AL);0;08.10.2026
MOBTL;izle;;23,1;5,4;13,7;4,0;0;0;zayif;38,1;43,3;61,0;asagi;zayif;zayif;asagi;0,70;-2,16;1;10,54;3,03;26144839;11,94;AL;NEGATIF;SAT;POZITIF;AZALIYOR;AL;AL;NOTR;4;08.10.2026
ALTIN;izle;;23,1;0,3;14,5;8,3;6;0;zayif;14,4;36,8;31,1;asagi;guclu;zayif;asagi;0,54;-2,34;3;70,67;0,26;524689415;73,37;SAT;NEGATIF;NOTR;NEGATIF;AZALIYOR;SAT;AL;UCUZ (AL);1;08.10.2026
MAKIM;izle;;23,1;2,4;20,0;0,8;6;0;zayif;18,1;45,8;61,3;asagi;guclu;zayif;asagi;0,75;-1,39;3;13,27;-2,14;15280246;14,48;AL;NEGATIF;NOTR;POZITIF;ARTIYOR;AL;SAT;NOTR;3;08.10.2026
UNLU;izle;;23,1;5,6;17,5;0,0;10;1;zayif;26,4;44,0;59,9;asagi;guclu;zayif;asagi;0,44;-0,97;2;10,47;-2,15;53861868;13,62;SAT;NEGATIF;AL;NEGATIF;AZALIYOR;SAT;AL;UCUZ (AL);2;08.10.2026
GLBMD;izle;;23,0;1,2;17,8;4,0;0;0;zayif;21,2;41,6;38,5;asagi;guclu;zayif;asagi;0,32;-1,38;1;10,36;0,10;439865;11,18;AL;NEGATIF;SAT;NEGATIF;AZALIYOR;AL;SAT;UCUZ (AL);2;08.10.2026
PINSU;izle;;23,0;0,9;14,1;8,0;0;0;zayif;18,3;35,5;69,4;asagi;zayif;zayif;asagi;0,33;-2,96;1;8,76;1,27;7241156;9,72;AL;NEGATIF;NOTR;NEGATIF;AZALIYOR;AL;SAT;UCUZ (AL);2;08.10.2026
CLEBI;izle;;22,9;2,4;14,2;6,2;10;0;zayif;32,2;39,0;42,8;asagi;guclu;zayif;asagi;0,51;-2,91;4;1335;1,14;15082830;1426,83;SAT;NEGATIF;SAT;NEGATIF;AZALIYOR;SAT;SAT;UCUZ (AL);0;08.10.2026
KLYPV;izle;;22,6;1,8;12,8;8,0;0;0;zayif;25,3;39,2;38,4;asagi;guclu;zayif;asagi;0,41;-1,59;1;53,3;0,57;48215980;61,19;SAT;NEGATIF;SAT;POZITIF;AZALIYOR;SAT;SAT;NOTR;1;08.10.2026
HEDEF;izle;;22,5;2,4;8,0;12,1;0;0;zayif;55,3;21,9;44,2;asagi;zayif;zayif;asagi;1,19;-14,08;0;12,48;9,96;150041624;18,22;AL;NEGATIF;SAT;NEGATIF;AZALIYOR;AL;AL;UCUZ (AL);3;08.10.2026
GENTS;izle;;22,4;2,4;10,7;9,3;0;0;zayif;35,2;34,0;43,3;asagi;zayif;zayif;asagi;0,78;-3,87;2;4,14;1,22;15078642;4,65;AL;NEGATIF;SAT;NEGATIF;AZALIYOR;AL;AL;UCUZ (AL);3;08.10.2026
VRGYO;izle;;22,4;9,9;12,6;0,0;10;1;zayif;25,7;40,2;52,0;yukari;zayif;zayif;asagi;0,58;-2,95;1;1,3;0,00;15343184;1,16;AL;NEGATIF;SAT;POZITIF;AZALIYOR;AL;AL;UCUZ (AL);4;08.10.2026
LRSHO;izle;;22,4;2,4;9,9;10,0;10;0;zayif;31,7;31,4;32,5;asagi;zayif;zayif;asagi;1,51;-4,56;5;1,85;5,71;45333142;2,10;AL;NEGATIF;SAT;NEGATIF;ARTIYOR;AL;AL;UCUZ (AL);3;08.10.2026
OYAKC;izle;;22,3;2,4;15,9;3,9;10;0;zayif;30,6;43,3;44,5;asagi;guclu;zayif;asagi;0,68;-1,25;4;20,34;-0,78;184264128;22,26;SAT;NEGATIF;SAT;NEGATIF;AZALIYOR;SAT;SAT;UCUZ (AL);0;08.10.2026
OYAYO;izle;;22,2;2,3;5,8;14,0;6;0;zayif;29,1;31,1;32,6;asagi;zayif;zayif;asagi;1,45;-3,81;3;31;1,97;3472992;37,23;SAT;NEGATIF;SAT;NEGATIF;AZALIYOR;AL;AL;UCUZ (AL);2;08.10.2026
SRVGY;izle;;22,0;1,8;16,2;4,0;0;0;zayif;25,2;39,8;45,6;asagi;guclu;zayif;asagi;0,38;-2,61;2;2,14;0,00;10853941;2,35;AL;NEGATIF;SAT;NEGATIF;AZALIYOR;AL;SAT;UCUZ (AL);2;08.10.2026
SEGMN;izle;;21,9;2,4;9,5;10,0;6;0;zayif;54,4;30,0;19,0;asagi;zayif;zayif;asagi;3,58;-5,08;3;21,56;-9,94;264274697;27,82;AL;NEGATIF;SAT;NEGATIF;ARTIYOR;AL;AL;NOTR;3;08.10.2026
PASEU;izle;;21,9;2,4;11,5;8,0;0;0;zayif;44,9;36,5;95,0;asagi;zayif;zayif;asagi;0,06;-6,30;0;50,05;9,90;13328215;50,70;AL;NEGATIF;SAT;POZITIF;AZALIYOR;AL;AL;UCUZ (AL);4;08.10.2026
CEMTS;izle;;21,8;2,4;15,4;4,0;6;0;zayif;36,3;36,3;45,2;asagi;guclu;zayif;asagi;0,42;-2,93;3;7,66;0,13;5420974;8,52;AL;NEGATIF;SAT;NEGATIF;AZALIYOR;SAT;SAT;UCUZ (AL);1;08.10.2026
BMSCH;izle;;21,7;1,2;12,6;8,0;0;0;zayif;20,5;40,3;36,1;asagi;zayif;zayif;asagi;0,19;-3,21;2;8,88;1,83;4748917;10,29;AL;NEGATIF;SAT;POZITIF;AZALIYOR;SAT;SAT;UCUZ (AL);2;08.10.2026
TURSG;izle;;21,7;2,4;13,7;5,5;0;0;zayif;34,5;40,2;50,1;asagi;guclu;zayif;asagi;0,79;-1,83;1;5,54;0,36;506491625;6,04;SAT;NEGATIF;SAT;NEGATIF;ARTIYOR;AL;AL;NOTR;2;08.10.2026
KSTUR;izle;;21,5;10,4;11,1;0,0;0;0;zayif;37,9;35,3;27,2;yukari;zayif;zayif;asagi;0,64;-4,06;0;1787;-5,45;705865;1712,35;AL;NEGATIF;SAT;NEGATIF;ARTIYOR;AL;SAT;UCUZ (AL);2;08.10.2026
YATAS;izle;;21,4;2,4;15,0;4,0;10;0;zayif;44,7;38,3;54,4;asagi;zayif;zayif;asagi;0,38;-3,79;4;26,7;0,98;8877109;28,92;AL;NEGATIF;SAT;POZITIF;AZALIYOR;AL;SAT;UCUZ (AL);3;08.10.2026
PKENT;izle;;21,4;2,4;10,9;8,0;0;0;zayif;37,0;34,7;32,8;asagi;zayif;zayif;asagi;0,59;-3,89;0;98,6;0,92;7447159;104,22;AL;NEGATIF;SAT;POZITIF;AZALIYOR;AL;AL;UCUZ (AL);4;08.10.2026
KLRHO;izle;;21,3;2,4;8,8;10,0;0;0;zayif;56,6;27,7;19,1;asagi;zayif;zayif;asagi;7,58;-8,41;1;13,66;-8,81;2016183298;15,51;AL;NEGATIF;SAT;NEGATIF;ARTIYOR;AL;AL;UCUZ (AL);3;08.10.2026
A1CAP;izle;;21,2;2,4;8,6;10,2;0;0;zayif;57,4;26,8;60,8;asagi;zayif;zayif;asagi;0,83;-5,84;0;4,41;1,15;38230356;5,42;AL;NEGATIF;SAT;POZITIF;AZALIYOR;AL;AL;UCUZ (AL);4;08.10.2026
MERKO;izle;;21,1;2,4;11,6;7,0;6;0;zayif;47,7;37,1;53,1;asagi;zayif;zayif;asagi;1,12;-3,91;3;0,99;2,06;22958389;1,08;AL;NEGATIF;SAT;POZITIF;AZALIYOR;AL;AL;UCUZ (AL);4;08.10.2026
PAMEL;izle;;21,0;2,4;11,0;7,5;0;0;zayif;39,9;35,1;51,9;asagi;zayif;zayif;asagi;0,91;-4,39;1;50;5,80;9574750;54,27;AL;NEGATIF;SAT;POZITIF;ARTIYOR;AL;SAT;UCUZ (AL);3;08.10.2026
KGYO;izle;;21,0;5,2;7,7;8,0;0;0;zayif;28,4;37,5;63,4;asagi;zayif;zayif;asagi;0,68;-2,35;1;8,49;4,17;81267808;10,43;SAT;NEGATIF;SAT;POZITIF;AZALIYOR;SAT;AL;NOTR;2;08.10.2026
CANTE;izle;;21,0;2,4;10,5;8,0;0;0;zayif;38,5;39,1;37,9;asagi;zayif;zayif;asagi;0,37;-2,14;1;1,06;0,00;160988634;1,23;SAT;NEGATIF;SAT;NEGATIF;AZALIYOR;AL;AL;UCUZ (AL);2;08.10.2026
ULUFA;izle;;20,9;2,4;14,1;4,4;6;0;zayif;34,8;34,6;36,8;asagi;zayif;zayif;asagi;0,72;-2,83;3;1,43;0,70;19027958;1,58;AL;NEGATIF;SAT;NEGATIF;AZALIYOR;AL;SAT;UCUZ (AL);2;08.10.2026
HOROZ;izle;;20,9;2,2;10,7;8,0;0;0;zayif;28,3;34,1;50,3;asagi;zayif;zayif;asagi;0,45;-3,42;2;43,54;1,11;19698193;51,18;AL;NEGATIF;SAT;NEGATIF;AZALIYOR;AL;SAT;UCUZ (AL);2;08.10.2026
BMSTL;izle;;20,9;4,9;12,0;4,0;32;2;zayif;25,8;41,5;16,4;asagi;zayif;zayif;asagi;0,56;-1,44;4;39,26;0,00;97247530;45,76;SAT;NEGATIF;SAT;NEGATIF;ARTIYOR;AL;AL;NOTR;2;08.10.2026
BAGFS;izle;;20,8;2,4;10,4;8,0;10;1;zayif;30,1;37,1;39,4;asagi;zayif;zayif;asagi;0,47;-2,62;2;22,1;1,19;7035159;24,84;SAT;NEGATIF;SAT;NEGATIF;AZALIYOR;SAT;AL;NOTR;1;08.10.2026
DMRGD;izle;;20,8;4,3;8,5;8,0;40;4;zayif;21,9;39,9;55,4;asagi;zayif;zayif;asagi;0,57;-2,40;1;7,9;-9,92;267707079;9,49;SAT;NEGATIF;SAT;NEGATIF;ARTIYOR;AL;AL;NOTR;2;08.10.2026
SODSN;izle;;20,8;2,4;14,3;4,0;0;0;zayif;48,6;39,3;52,8;asagi;zayif;zayif;asagi;0,35;-3,33;0;6,22;-1,27;171206;6,58;AL;NEGATIF;SAT;POZITIF;ARTIYOR;AL;SAT;UCUZ (AL);3;08.10.2026
EGSER;izle;;20,8;2,4;17,3;1,0;0;0;zayif;31,6;39,0;40,5;asagi;guclu;zayif;asagi;0,28;-2,12;2;2,59;-1,15;1079341;2,80;AL;NEGATIF;SAT;NEGATIF;AZALIYOR;AL;SAT;NOTR;2;08.10.2026
TSGYO;izle;;20,8;2,4;14,3;4,0;6;0;zayif;33,2;38,1;30,6;asagi;zayif;zayif;asagi;0,59;-3,36;3;4,89;1,87;3354305;5,32;AL;NEGATIF;SAT;NEGATIF;AZALIYOR;AL;SAT;UCUZ (AL);2;08.10.2026
NTHOL;izle;;20,7;1,7;15,1;4,0;0;0;zayif;24,3;39,0;44,2;asagi;zayif;zayif;asagi;0,30;-2,27;2;36,94;0,93;24684638;41,37;AL;NEGATIF;SAT;POZITIF;AZALIYOR;AL;SAT;UCUZ (AL);3;08.10.2026
GARFA;izle;;20,6;2,4;10,1;8,0;40;4;zayif;36,2;36,7;46,6;asagi;zayif;zayif;asagi;0,55;-3,20;1;22,6;0,09;9969267;25,09;SAT;NEGATIF;SAT;NEGATIF;AZALIYOR;AL;AL;UCUZ (AL);2;08.10.2026
TSKB;izle;;20,5;2,4;11,5;6,5;16;1;zayif;36,7;35,8;32,4;asagi;guclu;zayif;asagi;0,82;-3,03;3;9,8;0,00;184930704;10,66;SAT;NEGATIF;SAT;NEGATIF;AZALIYOR;SAT;SAT;UCUZ (AL);0;08.10.2026
LYDHO;izle;;20,4;2,4;8,0;10,0;0;0;zayif;68,8;23,8;20,2;asagi;zayif;zayif;asagi;5,11;-9,34;1;48,32;-6,90;316115287;58,66;AL;NEGATIF;SAT;NEGATIF;ARTIYOR;AL;AL;UCUZ (AL);3;08.10.2026
BSOKE;izle;;20,4;2,4;8,0;10,0;0;0;zayif;68,3;10,9;11,0;asagi;zayif;zayif;asagi;1,41;-11,07;2;5,62;7,05;200292068;8,64;AL;NEGATIF;SAT;NEGATIF;AZALIYOR;AL;AL;UCUZ (AL);3;08.10.2026
TMPOL;izle;;20,4;2,4;8,0;10,0;0;0;zayif;52,4;21,8;25,8;asagi;zayif;zayif;asagi;2,39;-9,69;0;88,05;9,99;109870991;121,23;AL;NEGATIF;SAT;NEGATIF;AZALIYOR;AL;AL;UCUZ (AL);3;08.10.2026
AHSGY;izle;;20,4;2,4;4,0;14,0;40;4;zayif;38,5;24,4;9,5;asagi;zayif;zayif;asagi;4,65;-6,28;2;6,53;9,93;199743323;9,27;SAT;NEGATIF;SAT;NEGATIF;ARTIYOR;AL;AL;UCUZ (AL);2;08.10.2026
LIDER;izle;;20,4;2,4;8,0;10,0;0;0;zayif;63,3;17,9;36,5;asagi;zayif;zayif;asagi;1,69;-13,86;2;8,37;-0,24;260752100;12,23;AL;NEGATIF;SAT;NEGATIF;AZALIYOR;AL;AL;UCUZ (AL);3;08.10.2026
BULGS;izle;;20,4;2,4;8,0;10,0;0;0;zayif;64,0;19,3;33,5;asagi;zayif;zayif;asagi;1,72;-7,81;2;12,12;0,17;166586019;16,93;AL;NEGATIF;SAT;NEGATIF;AZALIYOR;AL;AL;UCUZ (AL);3;08.10.2026
OZRDN;izle;;20,4;2,4;4,0;14,0;0;0;zayif;41,4;23,9;12,5;asagi;zayif;zayif;asagi;1,54;-5,11;1;13,88;-2,94;8755351;18,48;SAT;NEGATIF;SAT;NEGATIF;AZALIYOR;AL;AL;NOTR;2;08.10.2026
ODINE;izle;;20,4;2,4;8,0;10,0;0;0;zayif;57,3;12,8;-0,0;asagi;zayif;zayif;asagi;3,56;-14,04;0;106,2;-10,00;3882353;243,13;AL;NEGATIF;SAT;NEGATIF;AZALIYOR;AL;AL;UCUZ (AL);3;08.10.2026
DAGI;izle;;20,4;5,4;11,0;4,0;0;0;zayif;46,4;34,9;36,5;asagi;zayif;zayif;asagi;0,60;-3,29;0;5,82;-1,36;20075217;6,80;AL;NEGATIF;SAT;POZITIF;AZALIYOR;AL;AL;NOTR;4;08.10.2026
PKART;izle;;20,4;5,4;10,9;4,0;0;0;zayif;33,3;34,8;41,4;asagi;zayif;zayif;asagi;0,28;-3,20;2;87,1;-0,40;7638670;97,86;AL;NEGATIF;SAT;NEGATIF;AZALIYOR;AL;SAT;NOTR;2;08.10.2026
YKSLN;izle;;20,4;1,9;8,5;10,0;0;0;zayif;25,7;40,0;10,0;asagi;zayif;zayif;asagi;1,60;-2,30;2;2,3;1,32;99716408;2,90;SAT;NEGATIF;SAT;NEGATIF;AZALIYOR;AL;AL;NOTR;2;08.10.2026
CUSAN;izle;;20,2;2,4;13,8;4,0;0;0;zayif;35,0;41,7;52,0;asagi;zayif;zayif;asagi;0,63;-2,15;2;19,8;1,64;6385144;21,54;AL;NEGATIF;SAT;POZITIF;AZALIYOR;AL;AL;NOTR;4;08.10.2026
YONGA;izle;;20,1;2,4;12,3;5,4;0;0;zayif;42,2;39,2;36,6;asagi;zayif;zayif;asagi;0,78;-4,33;2;34,8;4,82;486574;36,16;AL;NEGATIF;SAT;POZITIF;ARTIYOR;AL;SAT;UCUZ (AL);3;08.10.2026
EUPWR;izle;;20,1;5,4;6,6;8,0;6;0;zayif;42,9;33,7;50,1;asagi;zayif;zayif;asagi;0,65;-3,67;3;49,98;2,75;668376492;65,78;SAT;NEGATIF;SAT;NEGATIF;AZALIYOR;SAT;SAT;NOTR;0;08.10.2026
IZENR;izle;;20,0;2,4;9,6;8,0;0;0;zayif;52,1;30,3;30,1;asagi;zayif;zayif;asagi;0,50;-6,24;0;4,03;-2,89;55674357;4,64;AL;NEGATIF;SAT;POZITIF;AZALIYOR;AL;AL;UCUZ (AL);4;08.10.2026
GEDIK;izle;;20,0;1,9;14,1;4,0;0;0;zayif;25,9;39,6;52,3;asagi;zayif;zayif;asagi;0,65;-2,64;2;5,03;-1,37;29403423;5,57;AL;NEGATIF;SAT;POZITIF;AZALIYOR;AL;SAT;NOTR;3;08.10.2026
FMIZP;izle;;20,0;0,2;17,2;2,6;0;0;zayif;13,4;44,7;55,6;asagi;guclu;zayif;asagi;0,31;-1,25;1;267,25;2,20;6685526;293,40;SAT;NEGATIF;NOTR;NEGATIF;AZALIYOR;SAT;SAT;UCUZ (AL);0;08.10.2026
OFSYM;izle;;19,9;2,4;9,5;8,0;10;1;zayif;36,1;38,5;54,9;asagi;zayif;zayif;asagi;0,42;-1,69;0;54,45;-1,71;17885246;64,30;SAT;NEGATIF;SAT;NEGATIF;AZALIYOR;SAT;SAT;UCUZ (AL);0;08.10.2026
BIGCH;izle;;19,8;2,4;9,4;8,0;0;0;zayif;40,8;29,5;36,0;asagi;zayif;zayif;asagi;0,21;-5,13;2;3,61;-0,28;4766034;4,26;AL;NEGATIF;SAT;NEGATIF;AZALIYOR;AL;SAT;UCUZ (AL);2;08.10.2026
ISGYO;izle;;19,7;4,5;15,2;0,0;6;0;zayif;11,9;37,0;52,5;asagi;guclu;zayif;asagi;0,45;-1,71;3;22,66;-3,57;12904236;25,73;AL;NEGATIF;NOTR;NEGATIF;AZALIYOR;SAT;SAT;NOTR;1;08.10.2026
EFOR;izle;;19,7;1,7;18,0;0,0;6;0;zayif;24,6;46,3;37,2;asagi;zayif;zayif;asagi;0,46;-1,10;3;15,34;9,57;516904172;17,45;AL;NEGATIF;SAT;POZITIF;ARTIYOR;AL;AL;NOTR;4;08.10.2026
OSMEN;izle;;19,7;2,4;12,2;5,0;0;0;zayif;39,8;39,0;36,6;asagi;zayif;zayif;asagi;0,76;-3,36;2;5,5;1,48;10817274;5,86;AL;NEGATIF;SAT;POZITIF;AZALIYOR;AL;AL;UCUZ (AL);4;08.10.2026
TKNSA;izle;;19,6;2,4;13,2;4,0;0;0;zayif;31,7;40,9;46,9;asagi;zayif;zayif;asagi;0,45;-2,53;2;13,95;1,90;16896533;15,25;AL;NEGATIF;SAT;NEGATIF;ARTIYOR;AL;AL;UCUZ (AL);3;08.10.2026
ATAKP;izle;;19,6;2,4;13,9;3,2;6;0;zayif;52,8;43,1;46,2;asagi;zayif;zayif;asagi;0,89;-2,89;3;35,3;9,97;10708608;36,43;AL;NEGATIF;SAT;NEGATIF;ARTIYOR;AL;AL;UCUZ (AL);3;08.10.2026
GLRMK;izle;;19,6;2,4;8,2;8,9;6;0;zayif;30,2;39,0;59,3;asagi;zayif;zayif;asagi;0,76;-2,46;3;134,4;3,46;560701210;156,43;SAT;NEGATIF;SAT;NEGATIF;AZALIYOR;SAT;SAT;UCUZ (AL);0;08.10.2026
CGCAM;izle;;19,5;2,4;8,0;9,1;10;0;zayif;54,5;22,7;37,6;asagi;zayif;zayif;asagi;1,24;-6,98;4;18,73;-3,00;57468435;23,51;AL;NEGATIF;SAT;NEGATIF;AZALIYOR;AL;SAT;UCUZ (AL);2;08.10.2026
SNGYO;izle;;19,5;1,2;14,3;4,0;0;0;zayif;20,7;37,2;55,8;asagi;zayif;zayif;asagi;0,52;-2,54;1;2,72;-1,81;40662991;3,07;AL;NEGATIF;SAT;NEGATIF;ARTIYOR;SAT;SAT;UCUZ (AL);1;08.10.2026
AKFGY;izle;;19,5;0,1;13,6;5,8;20;1;zayif;12,6;41,3;40,6;asagi;guclu;zayif;asagi;1,05;-1,81;4;2,4;-1,64;78994562;2,72;SAT;NEGATIF;NOTR;NEGATIF;ARTIYOR;SAT;SAT;UCUZ (AL);0;08.10.2026
SELEC;izle;;19,4;5,4;4,0;10,0;0;0;zayif;57,6;18,5;8,6;asagi;zayif;zayif;asagi;1,81;-8,24;0;74,2;4,58;430522275;114,66;SAT;NEGATIF;SAT;NEGATIF;AZALIYOR;AL;AL;NOTR;2;08.10.2026
ARZUM;izle;;19,4;2,4;10,6;6,3;6;0;zayif;35,8;33,5;39,1;asagi;zayif;zayif;asagi;1,08;-4,27;3;1,18;2,61;12536531;1,34;AL;NEGATIF;SAT;NEGATIF;ARTIYOR;AL;SAT;UCUZ (AL);2;08.10.2026
SUMAS;izle;;19,3;2,4;10,1;6,8;0;0;zayif;44,1;31,9;45,2;asagi;zayif;zayif;asagi;0,87;-6,49;2;200;2,30;490200;221,44;AL;NEGATIF;SAT;NEGATIF;AZALIYOR;AL;AL;NOTR;3;08.10.2026
PNLSN;izle;;19,3;2,4;12,0;4,8;6;0;zayif;37,5;38,4;33,9;asagi;zayif;zayif;asagi;0,75;-3,10;3;33,38;2,90;11599684;36,31;AL;NEGATIF;SAT;NEGATIF;ARTIYOR;AL;AL;NOTR;3;08.10.2026
BRMEN;izle;;19,2;2,4;12,7;4,0;0;0;zayif;50,3;40,8;24,6;asagi;zayif;zayif;asagi;0,16;-4,19;1;8,45;2,80;720946;9,17;AL;NEGATIF;SAT;POZITIF;AZALIYOR;AL;AL;NOTR;4;08.10.2026
IZMDC;izle;;19,1;5,4;9,6;4,0;6;0;zayif;41,0;30,5;42,1;asagi;zayif;zayif;asagi;0,30;-4,80;3;6,65;-0,30;19163598;7,98;AL;NEGATIF;SAT;NEGATIF;AZALIYOR;AL;AL;NOTR;3;08.10.2026
PNSUT;izle;;19,0;1,6;17,4;0,0;22;2;zayif;16,1;44,3;45,4;asagi;guclu;zayif;asagi;0,57;-1,22;2;10,23;1,39;13978292;11,73;SAT;NEGATIF;NOTR;NEGATIF;AZALIYOR;SAT;SAT;NOTR;0;08.10.2026
KNFRT;izle;;19,0;0,7;18,3;0,0;10;0;zayif;17,1;44,5;39,9;asagi;guclu;zayif;asagi;0,44;-1,32;4;10,6;1,53;18204504;12,40;AL;NEGATIF;NOTR;POZITIF;AZALIYOR;SAT;SAT;NOTR;2;08.10.2026
GRTHO;izle;;19,0;2,4;11,4;5,1;0;0;zayif;36,9;36,3;44,4;asagi;zayif;zayif;asagi;1,01;-4,03;2;121,5;7,05;242270393;154,45;AL;NEGATIF;SAT;POZITIF;AZALIYOR;AL;AL;UCUZ (AL);4;08.10.2026
TATGD;izle;;18,9;3,4;13,1;2,4;10;0;zayif;15,0;39,6;33,3;asagi;guclu;zayif;asagi;0,84;-2,17;4;16,02;-0,44;19701252;17,62;SAT;NEGATIF;NOTR;NEGATIF;AZALIYOR;SAT;SAT;NOTR;0;08.10.2026
ULAS;izle;;18,9;2,4;11,7;4,7;6;0;zayif;34,3;37,3;39,2;asagi;zayif;zayif;asagi;0,74;-3,30;3;15,54;3,53;2258351;17,13;AL;NEGATIF;SAT;NEGATIF;AZALIYOR;AL;SAT;UCUZ (AL);2;08.10.2026
DESA;izle;;18,8;2,0;16,9;0,0;6;0;zayif;26,5;39,6;36,6;asagi;guclu;zayif;asagi;0,62;-2,13;3;8,63;1,05;9443990;9,77;AL;NEGATIF;SAT;NEGATIF;AZALIYOR;SAT;SAT;UCUZ (AL);1;08.10.2026
KCAER;izle;;18,8;2,4;8,4;8,0;0;0;zayif;53,6;26,2;43,6;asagi;zayif;zayif;asagi;0,70;-4,44;1;10,48;0,38;109794401;11,91;AL;NEGATIF;SAT;NEGATIF;AZALIYOR;AL;AL;NOTR;3;08.10.2026
MERIT;izle;;18,8;2,4;8,3;8,1;16;1;zayif;35,6;29,7;24,5;asagi;zayif;zayif;asagi;1,19;-3,04;3;13,58;-0,66;24801344;15,06;SAT;NEGATIF;SAT;NEGATIF;ARTIYOR;SAT;SAT;UCUZ (AL);0;08.10.2026
ARCLK;izle;;18,7;2,0;8,8;8,0;6;0;zayif;26,6;31,6;21,3;asagi;zayif;zayif;asagi;0,46;-4,03;3;80,5;0,50;59287526;86,90;SAT;NEGATIF;SAT;NEGATIF;AZALIYOR;AL;SAT;UCUZ (AL);1;08.10.2026
CWENE;izle;;18,7;2,4;6,3;10,0;6;0;zayif;38,7;32,6;45,9;asagi;zayif;zayif;asagi;1,06;-5,31;3;19,29;6,69;592137202;23,38;SAT;NEGATIF;SAT;NEGATIF;AZALIYOR;AL;AL;UCUZ (AL);2;08.10.2026
INGRM;izle;;18,7;1,6;9,8;7,2;6;0;zayif;23,9;31,2;29,6;asagi;zayif;zayif;asagi;1,13;-3,39;3;301;0,67;11553283;345,50;AL;NEGATIF;SAT;NEGATIF;AZALIYOR;SAT;SAT;UCUZ (AL);1;08.10.2026
VBTYZ;izle;;18,5;5,4;6,2;6,9;46;4;zayif;40,1;32,3;47,9;asagi;zayif;zayif;asagi;0,87;-3,28;3;23,68;3,86;31836055;28,79;SAT;NEGATIF;SAT;NEGATIF;AZALIYOR;SAT;AL;NOTR;1;08.10.2026
OSTIM;izle;;18,5;2,3;6,9;9,3;10;0;zayif;28,5;34,7;37,4;asagi;zayif;zayif;asagi;1,26;-3,61;5;1,23;4,24;17430441;1,40;SAT;NEGATIF;SAT;NEGATIF;ARTIYOR;AL;AL;UCUZ (AL);2;08.10.2026
ISKPL;izle;;18,5;2,4;11,2;4,8;0;0;zayif;38,4;35,8;80,7;asagi;zayif;zayif;asagi;0,75;-4,78;2;3,84;-4,24;128346275;4,46;AL;NEGATIF;SAT;POZITIF;AZALIYOR;AL;AL;UCUZ (AL);4;08.10.2026
GUNDG;izle;;18,4;2,4;8,0;8,0;0;0;zayif;50,2;15,9;-0,0;asagi;zayif;zayif;asagi;0,07;-11,39;0;123;-9,96;193233;271,84;AL;NEGATIF;SAT;NEGATIF;AZALIYOR;AL;SAT;NOTR;2;08.10.2026
PARSN;izle;;18,4;2,4;12,0;4,0;6;0;zayif;38,4;31,6;33,1;asagi;zayif;zayif;asagi;0,64;-3,96;3;59,95;0,42;8571471;65,21;AL;NEGATIF;SAT;NEGATIF;AZALIYOR;AL;AL;UCUZ (AL);3;08.10.2026
KENT;izle;;18,4;2,4;10,0;6,0;6;0;zayif;41,7;31,5;22,4;asagi;zayif;zayif;asagi;1,06;-5,10;3;273,75;-2,23;1258429;304,04;AL;NEGATIF;SAT;NEGATIF;AZALIYOR;SAT;SAT;UCUZ (AL);1;08.10.2026
BLUME;izle;;18,3;1,1;9,2;8,0;0;0;zayif;20,0;39,9;56,1;asagi;zayif;zayif;asagi;0,36;-1,54;2;32,7;-2,50;21824209;40,24;SAT;NEGATIF;SAT;NEGATIF;AZALIYOR;SAT;SAT;UCUZ (AL);0;08.10.2026
CEOEM;izle;;18,3;2,4;7,8;8,0;0;0;zayif;30,9;37,7;23,2;asagi;zayif;zayif;asagi;0,27;-2,22;0;20,12;0,20;23804093;24,75;SAT;NEGATIF;SAT;NEGATIF;AZALIYOR;AL;AL;NOTR;2;08.10.2026
OBASE;izle;;18,2;2,4;10,1;5,6;0;0;zayif;42,0;32,1;39,7;asagi;zayif;zayif;asagi;0,80;-3,53;1;25,94;-4,49;7944177;31,80;AL;NEGATIF;SAT;NEGATIF;AZALIYOR;AL;AL;UCUZ (AL);3;08.10.2026
SKTAS;izle;;18,1;2,4;11,6;4,0;0;0;zayif;37,6;37,1;37,5;asagi;zayif;zayif;asagi;0,49;-3,06;1;2,49;2,05;9491300;2,70;AL;NEGATIF;SAT;NEGATIF;AZALIYOR;AL;AL;UCUZ (AL);3;08.10.2026
ARSAN;izle;;18,1;3,3;13,6;1,2;10;0;zayif;14,6;41,6;44,2;asagi;guclu;zayif;asagi;0,77;-1,25;4;3,41;-2,01;47092942;3,97;SAT;NEGATIF;NOTR;NEGATIF;AZALIYOR;SAT;SAT;NOTR;0;08.10.2026
AKGRT;izle;;18,1;2,4;12,0;3,6;6;0;zayif;48,1;32,4;37,9;asagi;zayif;zayif;asagi;0,91;-4,87;3;5,19;0,78;41553174;5,57;AL;NEGATIF;SAT;NEGATIF;AZALIYOR;AL;SAT;UCUZ (AL);2;08.10.2026
EPLAS;izle;;18,0;1,8;16,3;0,0;22;2;zayif;16,5;45,0;49,5;asagi;guclu;zayif;asagi;0,45;-0,99;1;5,26;-3,49;17714349;6,29;SAT;NEGATIF;NOTR;NEGATIF;AZALIYOR;AL;AL;NOTR;2;08.10.2026
ALCAR;izle;;18,0;0,9;9,1;8,0;10;0;zayif;18,6;36,7;39,2;asagi;zayif;zayif;asagi;0,56;-2,85;4;591,5;4,14;14260474;665,44;SAT;NEGATIF;NOTR;NEGATIF;ARTIYOR;SAT;AL;UCUZ (AL);1;08.10.2026
KTSKR;izle;;18,0;2,4;11,6;4,0;0;0;zayif;37,0;36,8;44,2;asagi;zayif;zayif;asagi;0,51;-3,60;1;62,95;-0,71;9411214;67,79;AL;NEGATIF;SAT;POZITIF;ARTIYOR;AL;SAT;NOTR;3;08.10.2026
MGROS;izle;;18,0;2,4;11,5;4,0;6;0;zayif;34,6;38,7;38,7;asagi;guclu;zayif;asagi;0,45;-3,04;3;501;0,40;704841369;544,75;SAT;NEGATIF;SAT;NEGATIF;AZALIYOR;SAT;SAT;UCUZ (AL);0;08.10.2026
KLKIM;izle;;17,9;2,4;11,5;4,0;10;0;zayif;30,8;30,3;45,2;asagi;zayif;zayif;asagi;0,48;-3,74;4;22,02;0,09;13322871;24,45;AL;NEGATIF;SAT;NEGATIF;AZALIYOR;SAT;SAT;UCUZ (AL);1;08.10.2026
KLNMA;izle;;17,9;2,4;5,5;10,0;6;0;zayif;41,3;27,3;27,5;asagi;zayif;zayif;asagi;1,47;-6,49;3;7,4;0,00;1904834;7,96;SAT;NEGATIF;SAT;NEGATIF;AZALIYOR;AL;AL;NOTR;2;08.10.2026
MEDTR;izle;;17,9;2,4;11,4;4,0;0;0;zayif;43,4;36,4;46,6;asagi;zayif;zayif;asagi;0,66;-3,49;2;19,28;2,72;3966455;20,53;AL;NEGATIF;SAT;POZITIF;AZALIYOR;AL;AL;UCUZ (AL);4;08.10.2026
HEKTS;izle;;17,7;2,4;11,3;4,0;40;4;zayif;35,6;35,9;41,3;asagi;zayif;zayif;asagi;0,56;-3,74;2;2,16;1,41;346651486;2,41;AL;NEGATIF;SAT;NEGATIF;AZALIYOR;AL;AL;UCUZ (AL);3;08.10.2026
BRKO;izle;;17,7;2,4;11,2;4,0;0;0;zayif;34,2;35,8;18,9;asagi;zayif;zayif;asagi;0,17;-5,19;2;6,79;-0,59;776946;7,69;AL;NEGATIF;SAT;POZITIF;AZALIYOR;AL;AL;NOTR;4;08.10.2026
ANSGR;izle;;17,6;2,4;12,9;2,3;0;0;zayif;30,3;39,3;28,2;asagi;guclu;zayif;asagi;0,79;-2,54;1;24,26;1,85;65133806;26,11;SAT;NEGATIF;SAT;NEGATIF;AZALIYOR;AL;AL;NOTR;2;08.10.2026
SISE;izle;;17,6;1,6;16,0;0,0;16;1;zayif;23,8;42,2;52,0;asagi;guclu;zayif;asagi;0,43;-1,92;3;37,82;0,69;916532754;41,32;SAT;NEGATIF;SAT;NEGATIF;AZALIYOR;AL;AL;NOTR;2;08.10.2026
SELVA;izle;;17,6;2,4;9,7;5,5;0;0;zayif;39,6;30,6;26,3;asagi;zayif;zayif;asagi;0,79;-5,11;2;1,16;1,75;15126023;1,30;AL;NEGATIF;SAT;NEGATIF;AZALIYOR;AL;AL;UCUZ (AL);3;08.10.2026
DESPC;izle;;17,5;2,4;11,0;4,0;6;0;zayif;37,1;35,1;49,5;asagi;zayif;zayif;asagi;0,27;-3,26;3;30,3;1,68;2723334;35,31;AL;NEGATIF;SAT;NEGATIF;AZALIYOR;AL;AL;UCUZ (AL);3;08.10.2026
MANAS;izle;;17,4;5,4;4,0;8,0;0;0;zayif;54,3;9,7;0,0;asagi;zayif;zayif;asagi;0,05;-10,87;0;5,62;-9,94;1294500;9,98;SAT;NEGATIF;SAT;NEGATIF;AZALIYOR;AL;SAT;NOTR;1;08.10.2026
TRHOL;izle;;17,4;5,4;4,0;8,0;0;0;zayif;53,4;17,9;-0,0;asagi;zayif;zayif;asagi;0,00;-8,02;0;753,5;-9,98;46717;1287,35;SAT;NEGATIF;SAT;NEGATIF;AZALIYOR;SAT;SAT;NOTR;0;08.10.2026
ANELE;izle;;17,4;5,4;4,0;8,0;0;0;zayif;54,8;13,9;-0,0;asagi;zayif;zayif;asagi;0,25;-9,77;0;24,12;-10,00;1609142;45,26;SAT;NEGATIF;SAT;NEGATIF;AZALIYOR;SAT;SAT;NOTR;0;08.10.2026
OZATD;izle;;17,4;5,4;4,0;8,0;22;2;zayif;54,5;10,5;-0,0;asagi;zayif;zayif;asagi;0,00;-10,23;0;834,5;-9,98;123506;1419,93;SAT;NEGATIF;SAT;NEGATIF;AZALIYOR;AL;AL;PAHALI (SAT);2;08.10.2026
TEHOL;izle;;17,4;5,4;4,0;8,0;0;0;zayif;54,6;11,8;0,0;asagi;zayif;zayif;asagi;0,00;-11,43;0;8,02;-9,99;195696;13,73;SAT;NEGATIF;SAT;NEGATIF;AZALIYOR;SAT;AL;UCUZ (AL);1;08.10.2026
IEYHO;izle;;17,4;5,4;4,0;8,0;0;0;zayif;74,9;8,3;0,0;asagi;zayif;zayif;asagi;0,03;-12,94;0;38,56;-9,99;1196787;62,26;SAT;NEGATIF;SAT;NEGATIF;AZALIYOR;SAT;SAT;UCUZ (AL);0;08.10.2026
BIGEN;izle;;17,4;5,4;4,0;8,0;0;0;zayif;45,0;18,0;0,0;asagi;zayif;zayif;asagi;0,00;-8,44;0;26,28;-10,00;259462;47,89;SAT;NEGATIF;SAT;NEGATIF;AZALIYOR;SAT;AL;NOTR;1;08.10.2026
ALKLC;izle;;17,4;5,4;4,0;8,0;10;1;zayif;66,6;10,0;-0,0;asagi;zayif;zayif;asagi;0,01;-11,95;0;87,1;-9,97;272362;144,25;SAT;NEGATIF;SAT;NEGATIF;AZALIYOR;SAT;AL;UCUZ (AL);1;08.10.2026
GLRYH;izle;;17,4;2,4;11,0;4,0;0;0;zayif;44,6;35,0;42,6;asagi;zayif;zayif;asagi;0,40;-3,99;2;1,94;2,11;8962905;2,18;AL;NEGATIF;SAT;POZITIF;AZALIYOR;AL;AL;UCUZ (AL);4;08.10.2026
MARMR;izle;;17,3;2,4;8,6;6,3;0;0;zayif;38,7;27,0;34,9;asagi;zayif;zayif;asagi;0,84;-4,59;2;1,44;0,70;64880136;1,74;AL;NEGATIF;SAT;NEGATIF;AZALIYOR;AL;SAT;UCUZ (AL);2;08.10.2026
ATLAS;izle;;17,3;0,8;12,4;4,0;28;2;zayif;18,2;39,7;40,7;asagi;zayif;zayif;asagi;0,39;-2,62;3;5;0,20;2402765;6,03;AL;NEGATIF;NOTR;NEGATIF;AZALIYOR;AL;SAT;NOTR;2;08.10.2026
BUCIM;izle;;17,3;1,1;14,8;1,3;6;0;zayif;20,2;38,8;41,7;asagi;guclu;zayif;asagi;0,49;-2,18;3;4,96;0,40;8376552;5,37;SAT;NEGATIF;SAT;NEGATIF;AZALIYOR;SAT;SAT;UCUZ (AL);0;08.10.2026
TBORG;izle;;17,3;1,2;16,0;0,0;6;0;zayif;21,0;38,2;39,0;asagi;guclu;zayif;asagi;0,24;-2,33;3;123,8;-0,08;3732199;135,09;AL;NEGATIF;SAT;NEGATIF;AZALIYOR;SAT;SAT;UCUZ (AL);1;08.10.2026
KRONT;izle;;17,2;4,5;12,8;0,0;6;0;zayif;22,8;40,9;42,2;asagi;zayif;zayif;asagi;0,69;-1,86;3;18,96;-4,53;15374493;21,87;AL;NEGATIF;SAT;NEGATIF;AZALIYOR;AL;SAT;NOTR;2;08.10.2026
SUNTK;izle;;17,2;2,4;10,8;4,0;6;0;zayif;39,8;34,2;29,4;asagi;zayif;zayif;asagi;0,67;-3,14;3;25,1;2,28;8726592;30,45;AL;NEGATIF;SAT;NEGATIF;ARTIYOR;AL;AL;UCUZ (AL);3;08.10.2026
PATEK;izle;;17,2;1,6;7,6;8,0;22;2;zayif;24,0;36,9;31,4;asagi;zayif;zayif;asagi;0,49;-2,97;2;14,01;-2,84;238539710;18,58;SAT;NEGATIF;SAT;NEGATIF;AZALIYOR;SAT;AL;NOTR;1;08.10.2026
TUCLK;izle;;17,2;1,7;5,5;10,0;0;0;zayif;24,7;38,1;45,5;asagi;zayif;zayif;asagi;3,43;-1,83;2;3,28;-0,30;303990882;4,32;SAT;NEGATIF;SAT;NEGATIF;ARTIYOR;SAT;SAT;UCUZ (AL);0;08.10.2026
EGEGY;izle;;17,2;2,4;10,7;4,0;0;0;zayif;43,2;34,1;45,4;asagi;zayif;zayif;asagi;0,18;-4,33;2;16,41;-0,49;14929605;19,57;AL;NEGATIF;SAT;POZITIF;AZALIYOR;AL;SAT;UCUZ (AL);3;08.10.2026
TRALT;izle;;17,2;5,4;7,3;4,4;10;0;zayif;30,2;34,6;35,4;asagi;zayif;zayif;asagi;0,73;-2,75;5;42,24;2,18;3026934789;48,17;SAT;NEGATIF;SAT;NEGATIF;AZALIYOR;SAT;AL;NOTR;1;08.10.2026
KAREL;izle;;17,2;2,4;10,7;4,0;6;0;zayif;40,3;34,0;24,1;asagi;zayif;zayif;asagi;0,22;-4,42;3;6,08;0,83;12581545;6,92;AL;NEGATIF;SAT;NEGATIF;AZALIYOR;AL;SAT;UCUZ (AL);2;08.10.2026
MSGYO;izle;;17,1;1,7;15,4;0,0;0;0;zayif;24,8;40,2;55,8;asagi;zayif;zayif;asagi;0,38;-2,27;1;4,96;0,61;2933478;5,51;AL;NEGATIF;SAT;POZITIF;AZALIYOR;SAT;SAT;NOTR;2;08.10.2026
ESCOM;izle;;17,0;5,3;11,7;0,0;0;0;zayif;29,1;37,4;39,0;asagi;zayif;zayif;asagi;0,59;-2,90;2;4,29;-0,92;36511692;4,88;AL;NEGATIF;SAT;NEGATIF;AZALIYOR;SAT;SAT;NOTR;1;08.10.2026
DOFER;izle;;17,0;2,4;10,6;4,0;0;0;zayif;42,5;33,5;32,7;asagi;zayif;zayif;asagi;0,39;-4,12;1;21,98;0,92;3389140;23,99;AL;NEGATIF;SAT;POZITIF;AZALIYOR;AL;SAT;UCUZ (AL);3;08.10.2026
SNPAM;izle;;16,9;0,9;14,8;1,1;20;1;zayif;18,8;39,9;34,0;asagi;guclu;zayif;asagi;0,32;-2,58;5;18,06;-0,22;219646;19,25;SAT;NEGATIF;NOTR;NEGATIF;AZALIYOR;SAT;SAT;UCUZ (AL);0;08.10.2026
KLMSN;izle;;16,9;2,4;10,4;4,0;0;0;zayif;38,3;33,1;41,8;asagi;zayif;zayif;asagi;0,58;-3,72;1;22,1;0,64;7644235;24,70;AL;NEGATIF;SAT;NEGATIF;AZALIYOR;AL;AL;UCUZ (AL);3;08.10.2026
PSDTC;izle;;16,9;2,4;5,8;8,6;0;0;zayif;36,5;31,0;65,9;asagi;zayif;zayif;asagi;0,74;-3,69;2;86,55;-0,86;27854300;116,74;SAT;NEGATIF;SAT;NEGATIF;AZALIYOR;SAT;SAT;UCUZ (AL);0;08.10.2026
BAKAB;izle;;16,7;2,4;10,3;4,0;0;0;zayif;46,1;32,7;50,1;asagi;zayif;zayif;asagi;0,64;-4,21;2;30,92;2,72;3791905;35,13;AL;NEGATIF;SAT;NEGATIF;AZALIYOR;SAT;SAT;NOTR;1;08.10.2026
ALFAS;izle;;16,7;2,4;10,2;4,0;6;0;zayif;36,7;32,4;38,0;asagi;zayif;zayif;asagi;0,40;-3,66;3;29,3;0,48;22789394;34,48;AL;NEGATIF;SAT;NEGATIF;AZALIYOR;AL;SAT;UCUZ (AL);2;08.10.2026
TNZTP;izle;;16,7;4,2;8,5;4,0;40;4;zayif;20,9;37,2;46,9;asagi;zayif;zayif;asagi;0,40;-1,90;2;24,58;0,66;28414431;28,69;SAT;NEGATIF;SAT;NEGATIF;AZALIYOR;SAT;SAT;NOTR;0;08.10.2026
YAPRK;izle;;16,5;0,7;11,9;4,0;6;0;zayif;16,9;37,9;45,6;asagi;zayif;zayif;asagi;0,43;-2,52;3;8,69;2,00;15074343;10,09;AL;NEGATIF;NOTR;NEGATIF;AZALIYOR;AL;SAT;UCUZ (AL);2;08.10.2026
SMRVA;izle;;16,5;2,4;8,0;6,1;10;0;zayif;42,2;21,9;15,3;asagi;zayif;zayif;asagi;1,06;-6,62;5;6,3;-1,72;42564936;7,69;AL;NEGATIF;SAT;NEGATIF;AZALIYOR;AL;SAT;UCUZ (AL);2;08.10.2026
MAGEN;izle;;16,4;2,4;4,0;10,0;0;0;zayif;52,9;13,4;-0,0;asagi;zayif;zayif;asagi;2,16;-10,34;0;7,96;9,49;398314030;12,44;SAT;NEGATIF;SAT;NEGATIF;AZALIYOR;AL;AL;UCUZ (AL);2;08.10.2026
DUNYH;izle;;16,4;2,4;4,0;10,0;6;0;zayif;68,0;10,3;3,2;asagi;zayif;zayif;asagi;3,28;-10,50;3;22,3;-9,94;190607198;40,94;SAT;NEGATIF;SAT;NEGATIF;AZALIYOR;AL;AL;UCUZ (AL);2;08.10.2026
EDATA;izle;;16,4;2,4;4,0;10,0;0;0;zayif;55,4;10,7;17,8;asagi;zayif;zayif;asagi;3,58;-10,02;1;4;3,63;183967760;6,30;SAT;NEGATIF;SAT;NEGATIF;AZALIYOR;AL;AL;UCUZ (AL);2;08.10.2026
BIGTK;izle;;16,4;2,4;4,0;10,0;6;0;zayif;55,2;14,1;-0,0;asagi;zayif;zayif;asagi;4,55;-9,61;3;51,5;-9,73;313098164;99,34;SAT;NEGATIF;SAT;NEGATIF;AZALIYOR;AL;SAT;UCUZ (AL);1;08.10.2026
IHAAS;izle;;16,4;2,4;4,0;10,0;0;0;zayif;48,3;9,5;10,5;asagi;zayif;zayif;asagi;2,81;-9,51;2;14,71;-5,46;73183015;22,31;SAT;NEGATIF;SAT;NEGATIF;AZALIYOR;AL;AL;UCUZ (AL);2;08.10.2026
BINBN;izle;;16,4;2,4;4,0;10,0;6;0;zayif;57,1;7,7;12,5;asagi;zayif;zayif;asagi;2,13;-9,32;3;42,56;-5,63;147798921;69,18;SAT;NEGATIF;SAT;NEGATIF;AZALIYOR;AL;SAT;UCUZ (AL);1;08.10.2026
TEKTU;izle;;16,4;2,4;4,0;10,0;46;5;zayif;40,2;21,0;14,5;asagi;zayif;zayif;asagi;1,75;-6,96;3;4,24;0,47;44628845;5,13;SAT;NEGATIF;SAT;NEGATIF;AZALIYOR;AL;SAT;UCUZ (AL);1;08.10.2026
DGNMO;izle;;16,4;2,4;4,0;10,0;6;0;zayif;64,7;24,9;31,7;asagi;zayif;zayif;asagi;2,58;-5,25;3;3,91;9,83;33315499;4,81;SAT;NEGATIF;SAT;NEGATIF;ARTIYOR;AL;AL;NOTR;2;08.10.2026
DOGUB;izle;;16,4;2,4;4,0;10,0;0;0;zayif;50,4;20,3;16,2;asagi;zayif;zayif;asagi;1,58;-8,73;0;19,81;9,99;16800881;27,93;SAT;NEGATIF;SAT;NEGATIF;AZALIYOR;AL;AL;UCUZ (AL);2;08.10.2026
MTRKS;izle;;16,2;5,4;10,8;0,0;6;0;zayif;37,1;34,3;39,3;asagi;zayif;zayif;asagi;0,32;-3,06;3;21,7;-0,18;6894806;25,27;AL;NEGATIF;SAT;NEGATIF;AZALIYOR;AL;SAT;NOTR;2;08.10.2026
BYDNR;izle;;16,1;2,4;9,6;4,0;0;0;zayif;44,8;30,4;40,8;asagi;zayif;zayif;asagi;0,43;-4,67;2;21,64;2,46;6356360;25,93;AL;NEGATIF;SAT;POZITIF;AZALIYOR;AL;AL;UCUZ (AL);4;08.10.2026
BANVT;izle;;16,0;2,4;13,6;0,0;0;0;zayif;18,2;34,8;41,2;asagi;zayif;zayif;asagi;0,27;-2,73;2;130,5;0,23;3850533;144,68;AL;NEGATIF;NOTR;NEGATIF;ARTIYOR;AL;SAT;UCUZ (AL);2;08.10.2026
ASUZU;izle;;16,0;1,5;10,4;4,0;0;0;zayif;23,2;34,5;41,1;asagi;guclu;zayif;asagi;0,45;-3,36;2;41,96;0,43;6000196;46,70;SAT;NEGATIF;SAT;NEGATIF;ARTIYOR;AL;SAT;UCUZ (AL);1;08.10.2026
SDTTR;izle;;15,9;2,4;9,4;4,0;6;0;zayif;31,5;29,8;36,3;asagi;zayif;zayif;asagi;0,47;-3,81;3;15,4;0,39;46321675;18,18;AL;NEGATIF;SAT;NEGATIF;AZALIYOR;SAT;SAT;NOTR;1;08.10.2026
SKBNK;izle;;15,8;2,4;9,4;4,0;0;0;zayif;39,5;29,5;16,7;asagi;zayif;zayif;asagi;0,42;-7,71;2;4,94;0,41;175434092;5,57;AL;NEGATIF;SAT;NEGATIF;AZALIYOR;AL;SAT;UCUZ (AL);2;08.10.2026
PRDGS;izle;;15,8;2,4;9,3;4,0;0;0;zayif;46,6;29,5;35,2;asagi;zayif;zayif;asagi;0,40;-5,11;0;4,11;-3,07;7376135;4,91;AL;NEGATIF;SAT;POZITIF;AZALIYOR;AL;AL;UCUZ (AL);4;08.10.2026
AKMGY;izle;;15,8;0,9;6,9;8,0;0;0;zayif;18,6;32,6;78,0;asagi;zayif;zayif;asagi;0,27;-3,05;1;209,7;1,30;3894129;234,75;SAT;NEGATIF;NOTR;NEGATIF;AZALIYOR;SAT;SAT;NOTR;0;08.10.2026
DITAS;izle;;15,7;2,4;8,0;5,3;6;0;zayif;49,1;25,0;50,4;asagi;zayif;zayif;asagi;1,02;-7,07;3;8,25;-0,60;37226830;11,86;AL;NEGATIF;SAT;NEGATIF;AZALIYOR;AL;SAT;UCUZ (AL);2;08.10.2026
BTCIM;izle;;15,6;2,4;8,0;5,1;0;0;zayif;70,4;22,6;33,9;asagi;zayif;zayif;asagi;1,01;-7,15;2;1,93;3,76;468103763;2,51;AL;NEGATIF;SAT;NEGATIF;AZALIYOR;AL;AL;UCUZ (AL);3;08.10.2026
PAGYO;izle;;15,6;5,4;10,1;0,0;6;0;zayif;48,0;32,0;47,7;asagi;zayif;zayif;asagi;0,65;-3,63;3;115;-2,46;8718495;132,16;AL;NEGATIF;SAT;NEGATIF;AZALIYOR;SAT;SAT;NOTR;1;08.10.2026
IHGZT;izle;;15,5;2,2;5,2;8,0;10;0;zayif;28,2;29,1;32,1;asagi;zayif;zayif;asagi;0,54;-3,96;4;0,93;0,00;14249055;1,06;SAT;NEGATIF;SAT;NEGATIF;AZALIYOR;SAT;SAT;UCUZ (AL);0;08.10.2026
GRNYO;izle;;15,4;2,4;12,9;0,0;0;0;zayif;32,4;41,5;36,6;asagi;zayif;zayif;asagi;0,45;-3,45;2;8,75;-4,58;2657121;9,34;AL;NEGATIF;SAT;POZITIF;AZALIYOR;AL;AL;UCUZ (AL);4;08.10.2026
CONSE;izle;;15,4;2,4;8,9;4,0;0;0;zayif;39,0;28,1;13,2;asagi;zayif;zayif;asagi;0,26;-4,77;2;1,65;0,61;3686229;1,88;AL;NEGATIF;SAT;NEGATIF;AZALIYOR;AL;AL;UCUZ (AL);3;08.10.2026
AGYO;izle;;15,3;1,6;9,7;4,0;0;0;zayif;23,4;32,1;21,6;asagi;guclu;zayif;asagi;0,49;-2,26;2;6,48;0,00;900098;7,42;SAT;NEGATIF;SAT;NEGATIF;AZALIYOR;SAT;AL;NOTR;1;08.10.2026
GSDDE;izle;;15,2;3,2;12,0;0,0;0;0;zayif;12,5;40,5;46,5;asagi;zayif;zayif;asagi;0,61;-1,59;2;11,54;-1,28;25704727;13,38;SAT;NEGATIF;NOTR;NEGATIF;AZALIYOR;SAT;SAT;NOTR;0;08.10.2026
BEYAZ;izle;;15,1;1,9;6,2;7,0;0;0;zayif;26,1;32,4;44,2;asagi;zayif;zayif;asagi;0,88;-4,04;1;16,8;0,54;15922670;19,46;SAT;NEGATIF;SAT;NEGATIF;AZALIYOR;AL;AL;UCUZ (AL);2;08.10.2026
BRKSN;izle;;15,0;2,4;5,5;7,0;6;0;zayif;48,2;29,9;46,1;asagi;zayif;zayif;asagi;0,88;-3,53;3;6,01;-1,31;1770252;6,70;SAT;NEGATIF;SAT;NEGATIF;AZALIYOR;AL;AL;UCUZ (AL);2;08.10.2026
INTEK;izle;;14,9;2,4;12,5;0,0;6;0;zayif;34,4;40,0;42,3;asagi;zayif;zayif;asagi;0,58;-4,29;3;179,1;5,48;747743;193,34;AL;NEGATIF;SAT;NEGATIF;ARTIYOR;AL;SAT;UCUZ (AL);2;08.10.2026
SEYKM;izle;;14,7;2,4;10,4;1,9;6;0;zayif;42,3;32,9;30,5;asagi;zayif;zayif;asagi;0,81;-3,70;3;2,85;-2,73;3794074;3,30;AL;NEGATIF;SAT;NEGATIF;ARTIYOR;AL;SAT;UCUZ (AL);2;08.10.2026
MNDRS;izle;;14,7;2,1;8,5;4,0;10;0;zayif;27,8;35,0;35,2;asagi;zayif;zayif;asagi;0,57;-3,13;4;9,2;0,66;12924758;10,15;SAT;NEGATIF;SAT;NEGATIF;AZALIYOR;AL;AL;UCUZ (AL);2;08.10.2026
KOPOL;izle;;14,7;2,4;8,2;4,0;0;0;zayif;46,4;25,8;19,2;asagi;zayif;zayif;asagi;0,37;-6,22;2;3,2;1,59;10635312;3,76;AL;NEGATIF;SAT;NEGATIF;AZALIYOR;AL;AL;UCUZ (AL);3;08.10.2026
MEGAP;izle;;14,6;2,4;4,0;8,2;10;0;zayif;55,7;23,6;18,0;asagi;zayif;zayif;asagi;1,19;-7,88;5;1,19;-0,83;1080535;1,37;SAT;NEGATIF;SAT;NEGATIF;AZALIYOR;AL;AL;UCUZ (AL);2;08.10.2026
CEMZY;izle;;14,4;2,4;4,0;8,0;0;0;zayif;45,4;23,0;39,1;asagi;zayif;zayif;asagi;0,49;-6,25;2;5,5;10,00;49832074;7,66;SAT;NEGATIF;SAT;NEGATIF;AZALIYOR;AL;AL;UCUZ (AL);2;08.10.2026
IZFAS;izle;;14,4;2,4;4,0;8,0;0;0;zayif;45,5;22,1;83,0;asagi;zayif;zayif;asagi;0,55;-8,63;0;12,73;9,93;18642028;19,20;SAT;NEGATIF;SAT;NEGATIF;AZALIYOR;AL;AL;UCUZ (AL);2;08.10.2026
SANFM;izle;;14,4;2,4;8,0;4,0;6;0;zayif;50,4;24,9;33,1;asagi;zayif;zayif;asagi;0,47;-6,56;3;4,12;3,00;15218823;5,31;AL;NEGATIF;SAT;NEGATIF;AZALIYOR;AL;AL;UCUZ (AL);3;08.10.2026
GZNMI;izle;;14,4;2,4;8,0;4,0;6;0;zayif;46,6;22,7;33,9;asagi;zayif;zayif;asagi;0,47;-5,91;3;29,36;2,66;15601581;36,35;AL;NEGATIF;SAT;NEGATIF;AZALIYOR;AL;AL;UCUZ (AL);3;08.10.2026
ENSRI;izle;;14,4;2,4;8,0;4,0;6;0;zayif;39,3;25,0;34,8;asagi;zayif;zayif;asagi;0,63;-8,14;3;2,92;1,74;19528049;3,44;AL;NEGATIF;SAT;NEGATIF;AZALIYOR;AL;AL;UCUZ (AL);3;08.10.2026
DCTTR;izle;;14,4;2,4;8,0;4,0;0;0;zayif;51,5;21,3;16,6;asagi;zayif;zayif;asagi;0,21;-8,67;1;3,35;-0,30;6423585;4,16;AL;NEGATIF;SAT;NEGATIF;AZALIYOR;AL;AL;UCUZ (AL);3;08.10.2026
SNICA;izle;;14,4;2,4;8,0;4,0;6;0;zayif;39,0;24,6;29,7;asagi;zayif;zayif;asagi;0,44;-5,95;3;2,24;0,90;6808812;2,57;AL;NEGATIF;SAT;NEGATIF;AZALIYOR;AL;AL;UCUZ (AL);3;08.10.2026
PEKGY;izle;;14,4;2,4;4,0;8,0;0;0;zayif;49,1;10,4;-0,0;asagi;zayif;zayif;asagi;0,05;-12,72;0;1,98;-9,59;2864973;3,51;SAT;NEGATIF;SAT;NEGATIF;AZALIYOR;AL;SAT;UCUZ (AL);1;08.10.2026
DSTKF;izle;;14,4;2,4;4,0;8,0;22;2;zayif;46,2;15,7;-0,0;asagi;zayif;zayif;asagi;0,00;-10,14;0;456;-9,97;228000;792,49;SAT;NEGATIF;SAT;NEGATIF;AZALIYOR;SAT;AL;NOTR;1;08.10.2026
TERA;izle;;14,4;2,4;4,0;8,0;10;1;zayif;52,0;11,6;-0,0;asagi;zayif;zayif;asagi;0,00;-11,74;0;41,7;-9,97;161796;67,62;SAT;NEGATIF;SAT;NEGATIF;AZALIYOR;SAT;SAT;UCUZ (AL);0;08.10.2026
BORSK;izle;;14,4;2,4;11,9;0,0;10;0;zayif;37,4;37,4;45,0;asagi;guclu;zayif;asagi;0,34;-2,02;4;5,41;0,37;10772971;6,10;SAT;NEGATIF;SAT;NEGATIF;AZALIYOR;SAT;SAT;NOTR;0;08.10.2026
ATAGY;izle;;14,4;2,4;11,9;0,0;10;0;zayif;48,1;33,9;42,6;asagi;zayif;zayif;asagi;0,44;-2,71;4;8,46;-0,47;474775;9,69;AL;NEGATIF;SAT;NEGATIF;AZALIYOR;AL;SAT;UCUZ (AL);2;08.10.2026
PETUN;izle;;14,4;1,2;13,2;0,0;38;3;zayif;20,9;39,2;53,6;asagi;guclu;zayif;asagi;0,57;-2,06;3;10,04;1,41;9060407;11,26;SAT;NEGATIF;SAT;NEGATIF;AZALIYOR;SAT;SAT;UCUZ (AL);0;08.10.2026
IHEVA;izle;;14,3;2,3;12,0;0,0;0;0;zayif;29,2;34,6;40,2;asagi;zayif;zayif;asagi;0,24;-2,84;2;1,62;-0,61;624361;1,85;AL;NEGATIF;SAT;NEGATIF;AZALIYOR;AL;AL;UCUZ (AL);3;08.10.2026
ARMGD;izle;;14,2;5,4;8,7;0,0;0;0;zayif;33,3;40,8;47,0;asagi;zayif;zayif;asagi;0,41;-2,50;1;127,8;-0,70;112286741;155,09;SAT;NEGATIF;SAT;NEGATIF;AZALIYOR;AL;AL;NOTR;2;08.10.2026
MEGMT;izle;;14,2;2,4;11,7;0,0;6;0;zayif;39,1;37,4;56,2;asagi;zayif;zayif;asagi;0,48;-4,33;3;3,66;-3,68;98978057;4,28;AL;NEGATIF;SAT;POZITIF;AZALIYOR;AL;SAT;UCUZ (AL);3;08.10.2026
ALTNY;izle;;14,2;2,4;11,7;0,0;0;0;zayif;30,5;37,4;42,7;asagi;zayif;zayif;asagi;0,50;-2,97;1;12,82;1,67;136144849;14,55;AL;NEGATIF;SAT;NEGATIF;AZALIYOR;SAT;SAT;UCUZ (AL);1;08.10.2026
IHYAY;izle;;14,1;1,4;12,7;0,0;0;0;zayif;22,4;37,0;39,9;asagi;zayif;zayif;asagi;0,33;-3,07;2;1,02;0,99;1144674;1,17;AL;NEGATIF;SAT;NEGATIF;AZALIYOR;AL;AL;UCUZ (AL);3;08.10.2026
MAKTK;izle;;14,0;2,4;9,6;1,9;10;0;zayif;44,0;30,5;32,7;asagi;zayif;zayif;asagi;0,82;-4,82;4;6,7;2,76;11608038;7,77;AL;NEGATIF;SAT;NEGATIF;AZALIYOR;AL;AL;UCUZ (AL);3;08.10.2026
EKSUN;izle;;14,0;2,4;11,6;0,0;6;0;zayif;29,7;37,0;52,6;asagi;zayif;zayif;asagi;0,48;-3,38;3;4,48;1,59;6126342;5,15;AL;NEGATIF;SAT;NEGATIF;AZALIYOR;AL;SAT;UCUZ (AL);2;08.10.2026
KONYA;izle;;14,0;1,2;12,8;0,0;6;0;zayif;20,5;37,6;48,0;asagi;guclu;zayif;asagi;0,36;-1,88;3;3447,5;-0,51;24018733;3955,38;SAT;NEGATIF;SAT;NEGATIF;AZALIYOR;SAT;SAT;UCUZ (AL);0;08.10.2026
BORLS;izle;;13,9;2,4;8,7;2,8;10;0;zayif;57,4;27,3;25,7;asagi;zayif;zayif;asagi;0,87;-6,83;4;1,74;8,75;40742780;2,18;AL;NEGATIF;SAT;NEGATIF;AZALIYOR;AL;AL;NOTR;3;08.10.2026
DURKN;izle;;13,9;2,4;4,0;7,4;0;0;zayif;58,6;18,1;20,6;asagi;zayif;zayif;asagi;0,91;-6,85;1;10,12;0,10;23816853;12,63;SAT;NEGATIF;SAT;NEGATIF;AZALIYOR;AL;AL;UCUZ (AL);2;08.10.2026
GOODY;izle;;13,8;2,4;11,3;0,0;0;0;zayif;32,5;33,0;17,2;asagi;zayif;zayif;asagi;0,40;-3,49;2;2,17;0,93;7611802;2,38;AL;NEGATIF;SAT;NEGATIF;AZALIYOR;AL;AL;NOTR;3;08.10.2026
KLSER;izle;;13,7;2,4;10,0;1,3;0;0;zayif;41,3;31,7;28,7;asagi;zayif;zayif;asagi;0,78;-5,30;2;18,73;2,07;12073620;20,42;AL;NEGATIF;SAT;NEGATIF;AZALIYOR;AL;SAT;UCUZ (AL);2;08.10.2026
ARASE;izle;;13,7;5,4;8,2;0,0;40;4;zayif;33,8;34,7;26,7;asagi;zayif;zayif;asagi;0,43;-2,44;2;96,95;1,04;11508741;110,73;SAT;NEGATIF;SAT;POZITIF;AZALIYOR;AL;AL;NOTR;3;08.10.2026
KRSTL;izle;;13,6;2,4;11,1;0,0;0;0;zayif;48,2;34,1;37,5;asagi;zayif;zayif;asagi;0,40;-3,79;2;7,57;1,07;12378426;8,43;AL;NEGATIF;SAT;NEGATIF;AZALIYOR;SAT;SAT;UCUZ (AL);1;08.10.2026
MHRGY;izle;;13,6;2,4;11,1;0,0;32;2;zayif;30,6;35,4;29,6;asagi;zayif;zayif;asagi;0,49;-3,52;4;1,75;-0,57;4516972;2,01;AL;NEGATIF;SAT;NEGATIF;AZALIYOR;SAT;SAT;UCUZ (AL);1;08.10.2026
YEOTK;izle;;13,6;5,3;8,3;0,0;6;0;zayif;28,7;39,3;51,9;asagi;zayif;zayif;asagi;0,57;-2,40;3;27,62;-0,07;315539774;33,97;SAT;NEGATIF;SAT;NEGATIF;AZALIYOR;SAT;SAT;NOTR;0;08.10.2026
IHLAS;izle;;13,5;1,5;8,0;4,0;28;2;zayif;23,3;36,7;28,1;asagi;zayif;zayif;asagi;0,40;-3,21;3;0,87;1,16;47017152;1,00;SAT;NEGATIF;SAT;NEGATIF;AZALIYOR;SAT;AL;UCUZ (AL);1;08.10.2026
A1YEN;izle;;13,4;2,4;10,9;0,0;0;0;zayif;37,4;34,7;46,6;asagi;zayif;zayif;asagi;0,68;-4,16;2;1,7;-1,16;20402064;1,97;AL;NEGATIF;SAT;POZITIF;AZALIYOR;AL;AL;UCUZ (AL);4;08.10.2026
BESLR;izle;;13,3;2,4;10,9;0,0;0;0;zayif;32,0;37,1;48,1;asagi;zayif;zayif;asagi;0,49;-3,10;2;11,01;2,23;11041401;11,98;SAT;NEGATIF;SAT;NEGATIF;AZALIYOR;AL;AL;UCUZ (AL);2;08.10.2026
SUWEN;izle;;13,1;2,4;6,6;4,0;10;1;zayif;32,8;33,8;22,2;asagi;zayif;zayif;asagi;0,29;-2,67;1;5;0,60;5504905;6,01;SAT;NEGATIF;SAT;NEGATIF;AZALIYOR;AL;AL;UCUZ (AL);2;08.10.2026
KFEIN;izle;;13,0;2,4;10,6;0,0;10;0;zayif;33,8;33,6;38,1;asagi;zayif;zayif;asagi;0,66;-3,90;4;6,07;-0,49;12924608;6,92;AL;NEGATIF;SAT;NEGATIF;AZALIYOR;AL;SAT;UCUZ (AL);2;08.10.2026
KRDMA;izle;;12,9;5,4;7,2;0,2;6;0;zayif;24,5;35,7;35,0;asagi;zayif;zayif;asagi;0,71;-2,22;3;38,92;-0,97;222995137;47,40;SAT;NEGATIF;SAT;NEGATIF;AZALIYOR;SAT;SAT;NOTR;0;08.10.2026
DERHL;izle;;12,8;2,4;10,4;0,0;10;0;zayif;30,4;33,0;44,8;asagi;zayif;zayif;asagi;0,55;-3,65;4;1,6;2,56;12732320;1,83;AL;NEGATIF;SAT;POZITIF;ARTIYOR;AL;AL;UCUZ (AL);4;08.10.2026
SANEL;izle;;12,8;2,4;2,5;7,8;6;0;zayif;32,8;23,7;37,0;asagi;zayif;zayif;asagi;1,17;-4,91;3;29,02;-6,39;12819237;40,83;SAT;NEGATIF;SAT;NEGATIF;AZALIYOR;SAT;SAT;NOTR;0;08.10.2026
SASA;izle;;12,8;2,1;6,7;4,0;0;0;zayif;27,4;33,9;29,1;asagi;zayif;zayif;asagi;0,34;-3,06;2;1,88;1,62;2280617030;2,24;SAT;NEGATIF;SAT;NEGATIF;AZALIYOR;SAT;AL;NOTR;1;08.10.2026
BARMA;izle;;12,8;2,4;8,0;2,3;10;0;zayif;57,9;23,9;30,5;asagi;zayif;zayif;asagi;0,84;-15,58;4;5,6;1,63;2937956;7,04;AL;NEGATIF;SAT;NEGATIF;AZALIYOR;AL;AL;UCUZ (AL);3;08.10.2026
BRKVY;izle;;12,7;2,4;6,3;4,0;6;0;zayif;38,1;32,6;31,0;asagi;zayif;zayif;asagi;0,66;-4,27;3;51,85;2,98;12752300;61,31;SAT;NEGATIF;SAT;NEGATIF;AZALIYOR;AL;AL;UCUZ (AL);2;08.10.2026
RUZYE;izle;;12,7;2,4;8,5;1,7;16;1;zayif;37,1;26,8;35,8;asagi;zayif;zayif;asagi;0,80;-5,16;3;4,72;-0,21;25163840;6,14;AL;NEGATIF;SAT;NEGATIF;AZALIYOR;AL;AL;UCUZ (AL);3;08.10.2026
SAMAT;izle;;12,6;2,4;6,2;4,0;0;0;zayif;44,6;32,2;48,5;asagi;zayif;zayif;asagi;0,54;-3,52;1;3,87;1,31;1792410;4,62;SAT;NEGATIF;SAT;NEGATIF;AZALIYOR;AL;SAT;UCUZ (AL);1;08.10.2026
KBORU;izle;;12,6;2,4;10,1;0,0;0;0;zayif;35,5;32,0;58,8;asagi;zayif;zayif;asagi;0,53;-4,76;1;11,55;0,79;71958002;14,81;AL;NEGATIF;SAT;NEGATIF;AZALIYOR;AL;SAT;NOTR;2;08.10.2026
FENER;izle;;12,5;2,4;10,1;0,0;0;0;zayif;33,2;32,0;35,3;asagi;zayif;zayif;asagi;0,45;-4,06;2;2,38;0,42;92092870;2,62;AL;NEGATIF;SAT;NEGATIF;AZALIYOR;AL;SAT;UCUZ (AL);2;08.10.2026
SEGYO;izle;;12,5;2,4;10,1;0,0;0;0;zayif;39,8;31,8;63,6;asagi;zayif;zayif;asagi;0,28;-4,61;2;2,74;0,00;3091821;3,15;AL;NEGATIF;SAT;NEGATIF;AZALIYOR;SAT;SAT;UCUZ (AL);1;08.10.2026
GWIND;izle;;12,5;2,4;10,0;0,0;6;0;zayif;36,2;34,1;37,5;asagi;zayif;zayif;asagi;0,56;-3,78;3;19,87;0,71;30063072;21,59;SAT;NEGATIF;SAT;NEGATIF;AZALIYOR;SAT;SAT;UCUZ (AL);0;08.10.2026
MOGAN;izle;;12,4;2,4;10,0;0,0;0;0;zayif;35,6;31,7;65,6;asagi;zayif;zayif;asagi;0,35;-4,51;2;9,1;0,55;59891541;11,41;AL;NEGATIF;SAT;POZITIF;AZALIYOR;AL;SAT;NOTR;3;08.10.2026
ECZYT;izle;;12,4;2,4;10,0;0,0;6;0;zayif;38,5;31,6;68,0;asagi;zayif;zayif;asagi;0,46;-4,35;3;220;-1,79;59343680;257,16;AL;NEGATIF;SAT;NEGATIF;AZALIYOR;AL;SAT;NOTR;2;08.10.2026
IDGYO;izle;;12,4;2,4;9,9;0,0;0;0;zayif;44,1;31,4;41,7;asagi;zayif;zayif;asagi;0,46;-4,63;1;2,09;0,48;1292997;2,55;AL;NEGATIF;SAT;NEGATIF;AZALIYOR;AL;AL;UCUZ (AL);3;08.10.2026
GESAN;izle;;12,4;2,4;9,9;0,0;0;0;zayif;42,0;31,4;38,6;asagi;zayif;zayif;asagi;0,43;-4,77;2;40,7;2,01;294514398;51,70;AL;NEGATIF;SAT;NEGATIF;AZALIYOR;SAT;SAT;NOTR;1;08.10.2026
YUNSA;izle;;12,4;2,4;9,9;0,0;6;0;zayif;42,3;31,4;46,3;asagi;zayif;zayif;asagi;0,43;-4,71;3;6,17;0,16;10929131;6,94;AL;NEGATIF;SAT;NEGATIF;AZALIYOR;SAT;SAT;UCUZ (AL);1;08.10.2026
ELITE;izle;;12,3;2,4;9,8;0,0;6;0;zayif;51,2;31,1;33,3;asagi;zayif;zayif;asagi;0,35;-5,27;3;19,99;2,51;5425346;22,19;AL;NEGATIF;SAT;NEGATIF;AZALIYOR;AL;SAT;UCUZ (AL);2;08.10.2026
ISMEN;izle;;12,3;2,2;10,0;0,0;10;0;zayif;28,3;35,1;22,6;asagi;zayif;zayif;asagi;0,66;-3,34;5;29,5;0,20;110750493;32,63;SAT;NEGATIF;SAT;NEGATIF;AZALIYOR;SAT;SAT;UCUZ (AL);0;08.10.2026
LINK;izle;;12,3;2,4;9,8;0,0;0;0;zayif;45,0;31,1;35,8;asagi;zayif;zayif;asagi;0,33;-4,83;2;3,65;1,11;20320955;4,26;AL;NEGATIF;SAT;NEGATIF;AZALIYOR;AL;SAT;UCUZ (AL);2;08.10.2026
DARDL;izle;;12,3;2,4;8,2;1,6;0;0;zayif;51,5;25,6;25,1;asagi;zayif;zayif;asagi;0,80;-5,52;2;1,12;0,90;12604384;1,30;AL;NEGATIF;SAT;NEGATIF;AZALIYOR;AL;SAT;UCUZ (AL);2;08.10.2026
KATMR;izle;;12,2;2,4;9,7;0,0;0;0;zayif;47,8;30,7;50,2;asagi;zayif;zayif;asagi;0,53;-5,18;2;1,5;0,67;56959890;1,69;AL;NEGATIF;SAT;NEGATIF;AZALIYOR;SAT;SAT;UCUZ (AL);1;08.10.2026
ULUSE;izle;;12,2;2,4;9,0;0,7;6;0;zayif;45,4;28,3;42,2;asagi;zayif;zayif;asagi;0,74;-5,06;3;146,4;-1,68;26041925;176,54;AL;NEGATIF;SAT;NEGATIF;AZALIYOR;AL;SAT;NOTR;2;08.10.2026
BJKAS;izle;;12,1;4,7;7,4;0,0;6;0;zayif;24,4;36,5;55,4;asagi;zayif;zayif;asagi;0,45;-2,64;3;1,54;0,00;183048818;1,90;SAT;NEGATIF;SAT;NEGATIF;AZALIYOR;SAT;SAT;NOTR;0;08.10.2026
HUBVC;izle;;12,1;2,4;9,6;0,0;0;0;zayif;47,0;30,5;37,3;asagi;zayif;zayif;asagi;0,52;-4,30;1;1,55;-3,13;2237780;1,95;AL;NEGATIF;SAT;NEGATIF;AZALIYOR;AL;SAT;UCUZ (AL);2;08.10.2026
AVOD;izle;;12,1;2,4;4,9;4,8;6;0;zayif;34,8;27,9;36,6;asagi;zayif;zayif;asagi;0,99;-4,02;3;2,87;1,41;16073071;3,41;SAT;NEGATIF;SAT;NEGATIF;AZALIYOR;SAT;AL;UCUZ (AL);1;08.10.2026
BASGZ;izle;;12,1;1,6;10,1;0,4;10;0;zayif;23,5;35,2;26,0;asagi;guclu;zayif;asagi;0,46;-2,68;4;39,06;-0,31;6868779;43,21;SAT;NEGATIF;SAT;NEGATIF;AZALIYOR;SAT;SAT;NOTR;0;08.10.2026
KONTR;izle;;12,1;2,4;9,4;0,2;0;0;zayif;48,6;29,6;29,8;asagi;zayif;zayif;asagi;0,71;-8,65;1;2,03;-1,93;7654761;2,43;AL;NEGATIF;SAT;NEGATIF;AZALIYOR;AL;SAT;UCUZ (AL);2;08.10.2026
DOFRB;izle;;12,1;2,4;9,6;0,0;6;0;zayif;39,4;30,4;38,4;asagi;zayif;zayif;asagi;0,47;-5,47;3;72,75;2,03;111317758;88,72;AL;NEGATIF;SAT;NEGATIF;AZALIYOR;AL;SAT;NOTR;2;08.10.2026
ALGYO;izle;;12,0;2,4;5,9;3,7;10;0;zayif;41,1;31,3;47,3;asagi;zayif;zayif;asagi;0,92;-4,24;4;2,87;-0,69;56880358;3,25;SAT;NEGATIF;SAT;NEGATIF;AZALIYOR;SAT;SAT;UCUZ (AL);0;08.10.2026
KMPUR;izle;;12,0;2,4;9,6;0,0;0;0;zayif;43,2;30,3;33,2;asagi;zayif;zayif;asagi;0,35;-3,65;2;13,98;0,36;9363958;16,57;AL;NEGATIF;SAT;NEGATIF;AZALIYOR;AL;SAT;NOTR;2;08.10.2026
ACSEL;izle;;12,0;2,4;9,6;0,0;0;0;zayif;43,8;30,2;32,8;asagi;zayif;zayif;asagi;0,40;-4,56;2;85,8;0,70;4367992;98,01;AL;NEGATIF;SAT;NEGATIF;AZALIYOR;AL;SAT;NOTR;2;08.10.2026
FADE;izle;;12,0;2,4;9,5;0,0;6;0;zayif;41,3;30,1;46,3;asagi;zayif;zayif;asagi;0,34;-4,64;3;11,36;-0,35;4981042;12,87;AL;NEGATIF;SAT;NEGATIF;AZALIYOR;AL;SAT;NOTR;2;08.10.2026
EGEEN;izle;;11,9;0,5;11,4;0,0;0;0;zayif;15,9;41,2;54,8;asagi;guclu;zayif;asagi;0,34;-1,59;2;4842,5;-0,26;71116955;5788,13;SAT;NEGATIF;NOTR;NEGATIF;AZALIYOR;SAT;SAT;UCUZ (AL);0;08.10.2026
NIBAS;izle;;11,9;2,1;5,8;4,0;32;3;zayif;27,1;31,1;53,1;asagi;zayif;zayif;asagi;0,42;-3,76;2;2,8;0,72;11743925;3,46;SAT;NEGATIF;SAT;NEGATIF;AZALIYOR;SAT;AL;NOTR;1;08.10.2026
KIMMR;izle;;11,8;2,4;9,3;0,0;6;0;zayif;53,6;29,4;26,0;asagi;zayif;zayif;asagi;0,32;-4,35;3;10,7;1,04;3020664;12,02;AL;NEGATIF;SAT;NEGATIF;AZALIYOR;AL;SAT;UCUZ (AL);2;08.10.2026
GEDZA;izle;;11,7;2,4;9,3;0,0;10;0;zayif;41,7;29,3;28,6;asagi;zayif;zayif;asagi;0,63;-4,27;4;21,92;-0,09;4083893;24,22;AL;NEGATIF;SAT;NEGATIF;ARTIYOR;SAT;SAT;UCUZ (AL);1;08.10.2026
MACKO;izle;;11,7;2,4;4,6;4,7;0;0;zayif;41,6;27,0;12,6;asagi;zayif;zayif;asagi;0,98;-4,48;2;23,52;4,07;22233621;27,77;SAT;NEGATIF;SAT;NEGATIF;AZALIYOR;AL;AL;NOTR;2;08.10.2026
NATEN;izle;;11,7;2,4;9,2;0,0;10;0;zayif;40,2;29,1;34,3;asagi;zayif;zayif;asagi;0,43;-5,17;5;3,95;1,02;9555050;4,46;AL;NEGATIF;SAT;NEGATIF;AZALIYOR;AL;SAT;UCUZ (AL);2;08.10.2026
PAPIL;izle;;11,7;2,4;9,2;0,0;0;0;zayif;36,2;29,1;36,5;asagi;zayif;zayif;asagi;0,23;-4,74;2;7,8;-0,13;9756622;9,41;AL;NEGATIF;SAT;NEGATIF;AZALIYOR;AL;AL;UCUZ (AL);3;08.10.2026
QUAGR;izle;;11,7;2,4;9,2;0,0;0;0;zayif;41,2;29,1;32,9;asagi;zayif;zayif;asagi;0,36;-5,29;1;1,97;1,03;28185909;2,36;AL;NEGATIF;SAT;NEGATIF;AZALIYOR;AL;SAT;NOTR;2;08.10.2026
CMBTN;izle;;11,7;1,9;5,7;4,0;0;0;zayif;26,3;30,7;29,6;asagi;zayif;zayif;asagi;0,32;-3,64;2;1212;0,17;7452588;1399,74;SAT;NEGATIF;SAT;NEGATIF;AZALIYOR;AL;SAT;UCUZ (AL);1;08.10.2026
EKOS;izle;;11,6;2,4;8,3;0,9;0;0;zayif;44,4;25,9;45,3;asagi;zayif;zayif;asagi;0,75;-6,04;2;3,29;1,23;19144382;3,87;AL;NEGATIF;SAT;NEGATIF;AZALIYOR;AL;SAT;UCUZ (AL);2;08.10.2026
PGSUS;izle;;11,6;2,0;9,4;0,2;10;0;zayif;26,8;35,0;40,5;asagi;guclu;zayif;asagi;0,68;-3,30;5;135,6;-0,66;823785458;148,07;SAT;NEGATIF;SAT;NEGATIF;AZALIYOR;SAT;SAT;UCUZ (AL);0;08.10.2026
MNDTR;izle;;11,5;2,4;5,0;4,0;6;0;zayif;46,0;28,4;27,9;asagi;zayif;zayif;asagi;0,59;-4,38;3;4;0,00;2805928;4,43;SAT;NEGATIF;SAT;NEGATIF;AZALIYOR;AL;SAT;UCUZ (AL);1;08.10.2026
ODAS;izle;;11,5;5,4;6,0;0,0;6;0;zayif;30,9;31,7;49,7;asagi;zayif;zayif;asagi;0,40;-3,30;3;5,92;0,34;140208818;6,79;SAT;NEGATIF;SAT;NEGATIF;AZALIYOR;SAT;SAT;NOTR;0;08.10.2026
ARENA;izle;;11,4;2,4;9,0;0,0;10;0;zayif;33,3;28,3;44,8;asagi;zayif;zayif;asagi;0,45;-4,09;4;14,87;-0,07;3578466;17,84;AL;NEGATIF;SAT;NEGATIF;AZALIYOR;SAT;SAT;UCUZ (AL);1;08.10.2026
EYGYO;izle;;11,4;2,4;4,9;4,1;6;0;zayif;36,7;28,0;18,4;asagi;zayif;zayif;asagi;0,95;-3,51;3;1,9;0,53;15756421;2,21;SAT;NEGATIF;SAT;NEGATIF;AZALIYOR;AL;AL;UCUZ (AL);2;08.10.2026
SURGY;izle;;11,4;2,4;8,0;1,0;10;0;zayif;45,7;16,0;26,6;asagi;zayif;zayif;asagi;0,76;-10,03;4;18,8;1,29;27439277;22,37;AL;NEGATIF;SAT;NEGATIF;AZALIYOR;SAT;SAT;UCUZ (AL);1;08.10.2026
IMASM;izle;;11,4;2,4;8,8;0,1;6;0;zayif;30,4;27,8;28,3;asagi;zayif;zayif;asagi;0,70;-5,67;3;1,56;1,30;18299738;1,81;AL;NEGATIF;SAT;NEGATIF;AZALIYOR;AL;AL;UCUZ (AL);3;08.10.2026
TEZOL;izle;;11,4;2,4;8,9;0,0;0;0;zayif;41,0;28,0;32,9;asagi;zayif;zayif;asagi;0,52;-6,32;2;7,23;-0,82;10091916;8,19;AL;NEGATIF;SAT;NEGATIF;AZALIYOR;SAT;SAT;UCUZ (AL);1;08.10.2026
TLMAN;izle;;11,3;1,7;9,6;0,0;0;0;zayif;24,6;30,4;44,6;asagi;zayif;zayif;asagi;0,52;-3,69;2;62,3;1,63;4399626;70,16;AL;NEGATIF;SAT;NEGATIF;AZALIYOR;AL;AL;UCUZ (AL);3;08.10.2026
SMRTG;izle;;11,3;2,4;8,8;0,0;0;0;zayif;52,7;27,7;34,4;asagi;zayif;zayif;asagi;0,57;-6,16;1;4,85;0,62;88205379;6,22;AL;NEGATIF;SAT;NEGATIF;AZALIYOR;AL;SAT;UCUZ (AL);2;08.10.2026
YIGIT;izle;;11,2;2,4;4,7;4,0;0;0;zayif;42,5;27,3;37,0;asagi;zayif;zayif;asagi;0,43;-5,19;2;16,35;0,80;15522690;18,14;SAT;NEGATIF;SAT;NEGATIF;AZALIYOR;AL;AL;UCUZ (AL);2;08.10.2026
ESCAR;izle;;11,1;2,4;4,0;4,6;0;0;zayif;53,0;17,1;46,1;asagi;zayif;zayif;asagi;0,98;-8,33;2;14,8;-3,90;39015952;21,68;SAT;NEGATIF;SAT;NEGATIF;AZALIYOR;AL;AL;UCUZ (AL);2;08.10.2026
KZBGY;izle;;11,0;2,4;8,6;0,0;10;0;zayif;44,9;26,9;49,6;asagi;zayif;zayif;asagi;0,56;-5,74;4;1,37;0,00;26281114;1,57;AL;NEGATIF;SAT;NEGATIF;AZALIYOR;AL;SAT;UCUZ (AL);2;08.10.2026
TARKM;izle;;11,0;5,4;5,5;0,0;0;0;zayif;32,4;30,2;36,1;asagi;zayif;zayif;asagi;0,40;-3,58;2;361,25;0,42;19114099;429,87;SAT;NEGATIF;SAT;NEGATIF;AZALIYOR;AL;AL;NOTR;2;08.10.2026
PENTA;izle;;10,9;2,4;8,4;0,0;6;0;zayif;38,9;26,4;30,7;asagi;zayif;zayif;asagi;0,45;-4,84;3;9,86;-0,50;7597495;10,95;AL;NEGATIF;SAT;NEGATIF;AZALIYOR;AL;AL;UCUZ (AL);3;08.10.2026
JANTS;izle;;10,9;1,6;9,2;0,0;10;0;zayif;23,9;33,9;34,1;asagi;zayif;zayif;asagi;0,44;-2,99;4;13,24;0,30;18931333;14,76;SAT;NEGATIF;SAT;NEGATIF;AZALIYOR;SAT;SAT;UCUZ (AL);0;08.10.2026
TATEN;izle;;10,8;2,4;8,3;0,0;6;0;zayif;42,3;26,0;56,3;asagi;zayif;zayif;asagi;0,44;-6,41;3;4,62;0,43;36847106;5,77;AL;NEGATIF;SAT;NEGATIF;AZALIYOR;AL;SAT;UCUZ (AL);2;08.10.2026
FZLGY;izle;;10,7;2,4;4,3;4,0;0;0;zayif;39,7;25,9;24,1;asagi;zayif;zayif;asagi;0,46;-5,47;2;5,26;-2,59;50469227;6,98;SAT;NEGATIF;SAT;NEGATIF;AZALIYOR;AL;AL;UCUZ (AL);2;08.10.2026
EMKEL;izle;;10,7;2,4;8,0;0,2;10;0;zayif;71,8;9,7;19,9;asagi;zayif;zayif;asagi;0,71;-9,88;4;6,99;-1,41;15144793;8,55;AL;NEGATIF;SAT;NEGATIF;AZALIYOR;AL;SAT;UCUZ (AL);2;08.10.2026
MAALT;izle;;10,5;0,8;5,7;4,0;0;0;zayif;18,0;30,7;50,0;asagi;zayif;zayif;asagi;0,35;-3,68;2;819,5;0,49;12185965;926,06;SAT;NEGATIF;NOTR;NEGATIF;AZALIYOR;SAT;SAT;NOTR;0;08.10.2026
HATEK;izle;;10,5;2,4;4,0;4,0;0;0;zayif;39,0;25,2;6,0;asagi;zayif;zayif;asagi;0,17;-4,76;1;8,26;1,98;1787761;9,75;SAT;NEGATIF;SAT;NEGATIF;AZALIYOR;AL;AL;UCUZ (AL);2;08.10.2026
ERBOS;izle;;10,5;2,4;8,0;0,0;0;0;zayif;40,8;25,1;5,4;asagi;zayif;zayif;asagi;0,16;-4,73;2;114,7;0,61;4603829;128,80;AL;NEGATIF;SAT;NEGATIF;AZALIYOR;AL;SAT;UCUZ (AL);2;08.10.2026
ALCTL;izle;;10,4;2,4;8,0;0,0;10;0;zayif;64,4;21,1;35,3;asagi;zayif;zayif;asagi;0,60;-6,39;4;79,05;-1,13;15414118;92,96;AL;NEGATIF;SAT;NEGATIF;AZALIYOR;SAT;SAT;UCUZ (AL);1;08.10.2026
REEDR;izle;;10,4;2,4;4,0;4,0;6;0;zayif;41,6;20,1;14,3;asagi;zayif;zayif;asagi;0,43;-6,17;3;3,3;0,30;46523747;4,10;SAT;NEGATIF;SAT;NEGATIF;AZALIYOR;AL;AL;UCUZ (AL);2;08.10.2026
AGROT;izle;;10,4;2,4;8,0;0,0;0;0;zayif;30,9;23,3;21,8;asagi;zayif;zayif;asagi;0,54;-6,79;2;1,33;0,00;23414117;1,55;AL;NEGATIF;SAT;NEGATIF;AZALIYOR;AL;SAT;UCUZ (AL);2;08.10.2026
EGEPO;izle;;10,4;2,4;8,0;0,0;0;0;zayif;62,0;18,6;25,1;asagi;zayif;zayif;asagi;0,67;-8,22;2;5,46;-2,85;21617876;7,55;AL;NEGATIF;SAT;NEGATIF;AZALIYOR;SAT;SAT;UCUZ (AL);1;08.10.2026
ALKIM;izle;;10,4;2,4;4,0;4,0;22;2;zayif;46,8;20,9;23,4;asagi;zayif;zayif;asagi;0,60;-5,43;2;11,81;0,43;8466329;13,06;SAT;NEGATIF;SAT;NEGATIF;AZALIYOR;AL;AL;UCUZ (AL);2;08.10.2026
MOPAS;izle;;10,4;2,4;8,0;0,0;6;0;zayif;56,6;18,3;17,9;asagi;zayif;zayif;asagi;0,62;-7,02;3;18,01;-0,39;19116318;20,60;AL;NEGATIF;SAT;NEGATIF;AZALIYOR;AL;SAT;UCUZ (AL);2;08.10.2026
FORMT;izle;;10,4;2,4;8,0;0,0;0;0;zayif;66,9;20,5;15,7;asagi;zayif;zayif;asagi;0,43;-7,71;2;0,94;0,00;9065489;1,11;AL;NEGATIF;SAT;NEGATIF;AZALIYOR;AL;SAT;UCUZ (AL);2;08.10.2026
RUBNS;izle;;10,4;2,4;4,0;4,0;0;0;zayif;53,0;22,4;46,2;asagi;zayif;zayif;asagi;0,49;-4,92;1;15,8;0,96;15958174;20,36;SAT;NEGATIF;SAT;NEGATIF;AZALIYOR;AL;AL;UCUZ (AL);2;08.10.2026
VSNMD;izle;;10,4;2,4;8,0;0,0;0;0;zayif;47,1;20,5;13,9;asagi;zayif;zayif;asagi;0,33;-6,98;1;27,26;0,74;8154311;31,89;AL;NEGATIF;SAT;NEGATIF;AZALIYOR;AL;SAT;UCUZ (AL);2;08.10.2026
IZINV;izle;;10,4;2,4;8,0;0,0;10;0;zayif;39,8;21,8;15,3;asagi;zayif;zayif;asagi;0,56;-6,45;4;29,96;1,35;4442559;36,14;AL;NEGATIF;SAT;NEGATIF;AZALIYOR;AL;AL;UCUZ (AL);3;08.10.2026
MMCAS;izle;;10,4;2,4;8,0;0,0;0;0;zayif;51,4;22,3;14,6;asagi;zayif;zayif;asagi;0,26;-10,58;2;15,82;-1,92;602489;21,65;AL;NEGATIF;SAT;NEGATIF;AZALIYOR;AL;AL;UCUZ (AL);3;08.10.2026
AYEN;izle;;10,4;2,4;6,3;1,6;6;0;zayif;30,1;32,8;43,6;asagi;zayif;zayif;asagi;0,80;-3,94;3;25,28;1,61;8632918;28,26;SAT;NEGATIF;SAT;NEGATIF;AZALIYOR;SAT;SAT;NOTR;0;08.10.2026
BFREN;izle;;10,4;2,4;8,0;0,0;0;0;zayif;29,6;33,7;42,4;asagi;zayif;zayif;asagi;0,35;-3,67;2;106;0,28;6466742;114,99;SAT;NEGATIF;SAT;NEGATIF;AZALIYOR;SAT;SAT;UCUZ (AL);0;08.10.2026
CATES;izle;;10,3;5,4;4,9;0,0;6;0;zayif;49,1;27,9;23,9;asagi;zayif;zayif;asagi;0,62;-4,91;3;30,1;2,73;40236837;38,54;SAT;NEGATIF;SAT;NEGATIF;AZALIYOR;AL;AL;NOTR;2;08.10.2026
EUKYO;izle;;10,3;6,1;4,2;0,0;40;4;zayif;39,6;25,7;34,6;asagi;zayif;zayif;asagi;0,62;-3,06;0;9,41;0,11;4236457;11,34;SAT;NEGATIF;SAT;NEGATIF;AZALIYOR;SAT;AL;NOTR;1;08.10.2026
ENDAE;izle;;10,2;2,4;2,0;5,8;10;0;zayif;30,2;21,1;44,5;asagi;zayif;zayif;asagi;1,05;-4,13;5;12,12;-0,41;35085424;14,41;SAT;NEGATIF;SAT;NEGATIF;AZALIYOR;SAT;SAT;NOTR;0;08.10.2026
ICBCT;izle;;10,2;5,4;4,7;0,0;0;0;zayif;33,7;27,5;24,4;asagi;zayif;zayif;asagi;0,59;-4,20;2;15,09;0,27;9665085;16,92;SAT;NEGATIF;SAT;NEGATIF;AZALIYOR;AL;SAT;NOTR;1;08.10.2026
ECOGR;izle;;10,2;5,4;4,7;0,0;20;1;zayif;32,6;27,3;15,0;asagi;zayif;zayif;asagi;0,41;-4,39;4;23,48;-0,84;35417279;29,86;SAT;NEGATIF;SAT;NEGATIF;AZALIYOR;SAT;SAT;NOTR;0;08.10.2026
SMART;izle;;10,1;1,9;8,2;0,0;0;0;zayif;25,9;25,5;43,5;asagi;zayif;zayif;asagi;0,50;-5,32;1;15,54;-1,58;5361611;18,27;AL;NEGATIF;SAT;NEGATIF;AZALIYOR;AL;SAT;NOTR;2;08.10.2026
ASGYO;izle;;10,1;1,8;8,2;0,0;0;0;zayif;25,5;32,2;34,9;asagi;zayif;zayif;asagi;0,60;-3,27;1;9,58;-0,73;16320545;10,55;SAT;NEGATIF;SAT;NEGATIF;AZALIYOR;SAT;SAT;UCUZ (AL);0;08.10.2026
BIZIM;izle;;9,9;2,4;5,1;2,4;16;1;zayif;37,3;28,6;24,9;asagi;zayif;zayif;asagi;0,84;-4,41;3;19;0,05;3324221;21,33;SAT;NEGATIF;SAT;NEGATIF;AZALIYOR;AL;AL;UCUZ (AL);2;08.10.2026
HATSN;izle;;9,8;2,4;4,6;2,8;10;0;zayif;32,5;26,9;34,0;asagi;zayif;zayif;asagi;0,87;-5,39;4;28,4;-0,70;101882416;37,93;SAT;NEGATIF;SAT;NEGATIF;AZALIYOR;AL;SAT;NOTR;1;08.10.2026
KARSN;izle;;9,6;1,1;8,6;0,0;0;0;zayif;19,8;38,1;47,7;asagi;zayif;zayif;asagi;0,28;-2,37;1;8,97;-0,44;67694464;10,74;SAT;NEGATIF;NOTR;NEGATIF;AZALIYOR;SAT;AL;NOTR;1;08.10.2026
BRYAT;izle;;9,6;2,4;7,1;0,0;0;0;zayif;30,6;34,8;35,3;asagi;zayif;zayif;asagi;0,64;-3,37;2;1428;-0,07;50177064;1583,73;SAT;NEGATIF;SAT;NEGATIF;ARTIYOR;SAT;SAT;UCUZ (AL);0;08.10.2026
ADGYO;izle;;9,6;2,4;7,1;0,0;0;0;zayif;31,7;35,3;37,2;asagi;zayif;zayif;asagi;0,33;-2,45;2;45,36;0,18;19367087;53,84;SAT;NEGATIF;SAT;NEGATIF;AZALIYOR;AL;SAT;UCUZ (AL);1;08.10.2026
PRZMA;izle;;9,4;5,4;4,0;0,0;0;0;zayif;49,5;15,2;0,0;asagi;zayif;zayif;asagi;0,37;-9,59;0;11,7;-10,00;2059586;21,85;SAT;NEGATIF;SAT;NEGATIF;AZALIYOR;AL;AL;NOTR;2;08.10.2026
YYLGD;izle;;9,3;2,4;6,9;0,0;0;0;zayif;36,0;34,5;38,7;asagi;zayif;zayif;asagi;0,53;-4,40;1;7,57;3,70;23853532;8,36;SAT;NEGATIF;SAT;NEGATIF;ARTIYOR;AL;AL;UCUZ (AL);2;08.10.2026
DOAS;izle;;9,3;2,4;6,8;0,0;10;0;zayif;41,5;30,8;30,2;asagi;zayif;zayif;asagi;0,68;-4,81;4;142,9;0,99;79883386;153,27;SAT;NEGATIF;SAT;NEGATIF;AZALIYOR;AL;AL;UCUZ (AL);2;08.10.2026
BOBET;izle;;9,1;2,4;6,7;0,0;6;0;zayif;32,6;33,9;45,1;asagi;zayif;zayif;asagi;0,26;-2,99;3;15,58;0,06;13421936;18,45;SAT;NEGATIF;SAT;NEGATIF;AZALIYOR;SAT;SAT;UCUZ (AL);0;08.10.2026
CEMAS;izle;;9,0;2,4;6,6;0,0;10;0;zayif;30,5;33,6;40,5;asagi;zayif;zayif;asagi;0,44;-3,59;4;3,11;0,32;12123669;3,64;SAT;NEGATIF;SAT;NEGATIF;AZALIYOR;AL;AL;NOTR;2;08.10.2026
RNPOL;izle;;9,0;2,4;6,5;0,0;6;0;zayif;43,6;33,5;38,0;asagi;zayif;zayif;asagi;0,42;-2,86;3;1,79;-2,72;2566321;2,19;SAT;NEGATIF;SAT;NEGATIF;AZALIYOR;AL;AL;NOTR;2;08.10.2026
INTEM;izle;;8,9;2,4;6,5;0,0;0;0;zayif;37,5;33,2;44,5;asagi;zayif;zayif;asagi;0,61;-3,50;1;197,8;1,75;4924627;220,81;SAT;NEGATIF;SAT;NEGATIF;AZALIYOR;AL;AL;UCUZ (AL);2;08.10.2026
GATEG;izle;;8,9;2,4;6,5;0,0;0;0;zayif;39,5;33,2;18,8;asagi;zayif;zayif;asagi;0,11;-6,08;1;137,8;9,98;708843;156,84;SAT;NEGATIF;SAT;NEGATIF;AZALIYOR;AL;AL;UCUZ (AL);2;08.10.2026
DERIM;izle;;8,9;2,1;6,8;0,0;6;0;zayif;27,3;34,4;35,6;asagi;zayif;zayif;asagi;0,31;-3,38;3;26,88;4,02;2456832;30,62;SAT;NEGATIF;SAT;NEGATIF;ARTIYOR;AL;AL;UCUZ (AL);2;08.10.2026
BOSSA;izle;;8,8;1,5;7,3;0,0;10;0;zayif;23,0;29,7;43,2;asagi;zayif;zayif;asagi;0,12;-2,65;4;5,61;-0,18;2240965;6,39;SAT;NEGATIF;SAT;NEGATIF;AZALIYOR;SAT;SAT;UCUZ (AL);0;08.10.2026
VAKKO;izle;;8,7;0,0;8,7;0,0;0;0;zayif;9,8;34,9;50,6;asagi;zayif;zayif;asagi;0,57;-2,13;1;58;-1,02;4556596;68,14;SAT;NEGATIF;NOTR;NEGATIF;AZALIYOR;SAT;SAT;NOTR;0;08.10.2026
BVSAN;izle;;8,6;2,4;6,2;0,0;6;0;zayif;30,1;32,3;24,0;asagi;zayif;zayif;asagi;0,40;-4,34;3;71,45;2,22;31574684;85,75;SAT;NEGATIF;SAT;NEGATIF;AZALIYOR;SAT;AL;UCUZ (AL);1;08.10.2026
BIENY;izle;;8,6;2,4;4,0;2,1;10;0;zayif;46,2;20,8;30,4;asagi;zayif;zayif;asagi;0,83;-6,08;5;13,86;-0,36;17305832;16,13;SAT;NEGATIF;SAT;NEGATIF;AZALIYOR;AL;SAT;UCUZ (AL);1;08.10.2026
YAYLA;izle;;8,5;2,4;4,7;1,4;10;0;zayif;39,3;27,3;34,5;asagi;zayif;zayif;asagi;0,79;-5,17;4;13,14;-3,67;9304920;16,71;SAT;NEGATIF;SAT;NEGATIF;AZALIYOR;AL;AL;UCUZ (AL);2;08.10.2026
ERCB;izle;;8,5;2,4;6,0;0,0;6;0;zayif;34,6;31,8;49,2;asagi;zayif;zayif;asagi;0,52;-4,39;3;34,5;1,17;11526243;39,29;SAT;NEGATIF;SAT;NEGATIF;AZALIYOR;SAT;SAT;UCUZ (AL);0;08.10.2026
MERCN;izle;;8,5;2,4;4,1;1,9;10;0;zayif;46,3;25,4;33,0;asagi;zayif;zayif;asagi;0,82;-6,13;4;10,69;-0,09;54945168;13,29;SAT;NEGATIF;SAT;NEGATIF;AZALIYOR;AL;AL;UCUZ (AL);2;08.10.2026
TSPOR;izle;;8,3;2,4;5,9;0,0;10;0;zayif;39,2;31,3;30,3;asagi;zayif;zayif;asagi;0,24;-3,24;5;0,81;0,00;42132789;0,92;SAT;NEGATIF;SAT;NEGATIF;AZALIYOR;AL;AL;UCUZ (AL);2;08.10.2026
LKMNH;izle;;8,3;2,4;5,8;0,0;16;1;zayif;45,3;31,0;21,4;asagi;zayif;zayif;asagi;0,44;-3,94;3;10,79;0,00;13460514;12,19;SAT;NEGATIF;SAT;NEGATIF;AZALIYOR;SAT;SAT;UCUZ (AL);0;08.10.2026
SAYAS;izle;;8,1;2,4;5,7;0,0;0;0;zayif;33,6;30,6;41,7;asagi;zayif;zayif;asagi;0,64;-3,65;2;39,48;0,92;33319185;46,84;SAT;NEGATIF;SAT;NEGATIF;AZALIYOR;SAT;SAT;NOTR;0;08.10.2026
GOZDE;izle;;8,1;2,4;5,6;0,0;0;0;zayif;32,4;30,4;42,7;asagi;zayif;zayif;asagi;0,41;-3,51;2;18,65;-0,11;9392494;20,67;SAT;NEGATIF;SAT;NEGATIF;AZALIYOR;SAT;SAT;UCUZ (AL);0;08.10.2026
CASA;izle;;8,0;2,4;5,6;0,0;6;0;zayif;43,7;30,2;23,2;asagi;zayif;zayif;asagi;0,43;-6,59;3;45,22;1,76;415210;47,93;SAT;NEGATIF;SAT;NEGATIF;AZALIYOR;AL;AL;UCUZ (AL);2;08.10.2026
MZHLD;izle;;8,0;2,4;5,6;0,0;22;2;zayif;30,9;30,2;15,2;asagi;zayif;zayif;asagi;0,17;-3,15;2;4,17;-0,71;508586;4,92;SAT;NEGATIF;SAT;NEGATIF;AZALIYOR;AL;AL;UCUZ (AL);2;08.10.2026
VESTL;izle;;8,0;2,1;5,8;0,0;6;0;zayif;27,7;31,1;26,9;asagi;zayif;zayif;asagi;0,44;-3,47;3;17,59;1,91;85002127;21,04;SAT;NEGATIF;SAT;NEGATIF;AZALIYOR;AL;AL;UCUZ (AL);2;08.10.2026
DENGE;izle;;8,0;1,8;6,1;0,0;0;0;zayif;25,4;32,1;26,8;asagi;zayif;zayif;asagi;0,32;-3,73;2;1,75;1,16;8756449;2,02;SAT;NEGATIF;SAT;NEGATIF;AZALIYOR;SAT;AL;UCUZ (AL);1;08.10.2026
PENGD;izle;;8,0;2,4;5,5;0,0;10;0;zayif;45,8;30,0;28,3;asagi;zayif;zayif;asagi;0,41;-5,07;4;7,04;2,18;7266357;7,72;SAT;NEGATIF;SAT;NEGATIF;AZALIYOR;AL;AL;NOTR;2;08.10.2026
AZTEK;izle;;7,9;2,4;5,5;0,0;20;1;zayif;37,7;34,1;53,0;asagi;zayif;zayif;asagi;0,46;-3,01;4;3,01;-1,95;11533694;3,76;SAT;NEGATIF;SAT;NEGATIF;AZALIYOR;SAT;SAT;UCUZ (AL);0;08.10.2026
GOKNR;izle;;7,8;2,3;5,5;0,0;0;0;zayif;29,0;30,0;31,0;asagi;zayif;zayif;asagi;0,51;-4,83;2;13,99;-0,14;26583015;16,15;SAT;NEGATIF;SAT;NEGATIF;AZALIYOR;SAT;SAT;UCUZ (AL);0;08.10.2026
BEGYO;izle;;7,8;2,4;5,4;0,0;10;0;zayif;31,7;29,5;50,8;asagi;zayif;zayif;asagi;0,49;-4,82;4;2,55;0,79;4806699;2,89;SAT;NEGATIF;SAT;NEGATIF;AZALIYOR;AL;SAT;UCUZ (AL);1;08.10.2026
AKYHO;izle;;7,8;2,4;5,3;0,0;0;0;zayif;39,8;29,4;42,7;asagi;zayif;zayif;asagi;0,66;-4,02;2;1,52;-1,30;1809414;1,84;SAT;NEGATIF;SAT;NEGATIF;AZALIYOR;AL;SAT;UCUZ (AL);1;08.10.2026
KUTPO;izle;;7,7;2,4;5,3;0,0;10;0;zayif;32,6;29,2;26,0;asagi;zayif;zayif;asagi;0,43;-4,21;4;64,75;-0,23;4537680;72,45;SAT;NEGATIF;SAT;NEGATIF;AZALIYOR;AL;AL;UCUZ (AL);2;08.10.2026
IHLGM;izle;;7,6;2,4;5,2;0,0;10;1;zayif;33,3;28,9;15,9;asagi;zayif;zayif;asagi;0,42;-4,59;2;1,18;0,85;14988343;1,35;SAT;NEGATIF;SAT;NEGATIF;AZALIYOR;AL;AL;UCUZ (AL);2;08.10.2026
HURGZ;izle;;7,6;2,4;5,2;0,0;10;1;zayif;31,4;28,9;21,1;asagi;zayif;zayif;asagi;0,44;-4,04;2;4,95;-0,20;13542660;6,06;SAT;NEGATIF;SAT;NEGATIF;AZALIYOR;SAT;AL;NOTR;1;08.10.2026
LILAK;izle;;7,5;2,4;5,1;0,0;0;0;zayif;30,1;28,7;13,6;asagi;zayif;zayif;asagi;0,29;-4,34;2;23,28;0,69;21372437;25,85;SAT;NEGATIF;SAT;NEGATIF;AZALIYOR;AL;SAT;UCUZ (AL);1;08.10.2026
KAYSE;izle;;7,5;2,4;5,1;0,0;6;0;zayif;48,0;28,6;17,9;asagi;zayif;zayif;asagi;0,41;-4,48;3;3,05;0,66;8926807;3,45;SAT;NEGATIF;SAT;NEGATIF;AZALIYOR;AL;AL;UCUZ (AL);2;08.10.2026
DYOBY;izle;;7,5;2,4;4,9;0,1;10;0;zayif;41,9;28,0;25,3;asagi;zayif;zayif;asagi;0,71;-4,45;4;10,16;1,20;8562787;11,17;SAT;NEGATIF;SAT;NEGATIF;ARTIYOR;AL;AL;UCUZ (AL);2;08.10.2026
AKENR;izle;;7,4;2,4;4,9;0,0;10;0;zayif;36,9;28,1;29,9;asagi;zayif;zayif;asagi;0,47;-4,42;4;7,78;0,26;18053436;8,94;SAT;NEGATIF;SAT;NEGATIF;AZALIYOR;AL;SAT;UCUZ (AL);1;08.10.2026
AYCES;izle;;7,4;0,6;6,8;0,0;0;0;zayif;16,6;34,2;39,0;asagi;zayif;zayif;asagi;0,57;-4,00;1;354;0,14;14333106;403,41;SAT;NEGATIF;NOTR;NEGATIF;AZALIYOR;AL;AL;NOTR;2;08.10.2026
INVEO;izle;;7,4;2,4;4,9;0,0;0;0;zayif;32,9;28,0;32,5;asagi;zayif;zayif;asagi;0,55;-4,27;2;5,38;-1,10;17158300;6,17;SAT;NEGATIF;SAT;NEGATIF;AZALIYOR;AL;SAT;UCUZ (AL);1;08.10.2026
BINHO;izle;;7,3;2,4;4,9;0,0;6;0;zayif;39,5;27,9;60,6;asagi;zayif;zayif;asagi;0,46;-4,75;3;5,71;0,35;69590831;7,22;SAT;NEGATIF;SAT;NEGATIF;AZALIYOR;SAT;AL;UCUZ (AL);1;08.10.2026
OYYAT;izle;;7,3;1,2;6,1;0,0;0;0;zayif;20,8;31,9;53,3;asagi;zayif;zayif;asagi;0,49;-3,36;1;27,1;1,27;12825807;32,12;SAT;NEGATIF;SAT;NEGATIF;AZALIYOR;SAT;SAT;UCUZ (AL);0;08.10.2026
ALKA;izle;;7,1;2,4;4,7;0,0;0;0;zayif;39,7;27,3;24,1;asagi;zayif;zayif;asagi;0,63;-5,16;2;6,01;1,01;7268614;6,78;SAT;NEGATIF;SAT;NEGATIF;AZALIYOR;AL;AL;UCUZ (AL);2;08.10.2026
ADESE;izle;;7,1;2,4;4,0;0,7;10;0;zayif;46,4;22,1;16,8;asagi;zayif;zayif;asagi;0,74;-5,50;4;0,58;-1,69;55428267;0,69;SAT;NEGATIF;SAT;NEGATIF;ARTIYOR;SAT;SAT;UCUZ (AL);0;08.10.2026
SARKY;izle;;7,0;1,8;5,2;0,0;6;0;zayif;25,3;33,5;39,1;asagi;zayif;zayif;asagi;0,58;-3,78;3;19,38;-1,37;38914633;22,45;SAT;NEGATIF;SAT;NEGATIF;AZALIYOR;SAT;SAT;UCUZ (AL);0;08.10.2026
ZOREN;izle;;6,9;2,4;4,5;0,0;6;0;zayif;38,6;26,6;7,7;asagi;zayif;zayif;asagi;0,32;-4,05;3;1,84;0,00;50417483;2,12;SAT;NEGATIF;SAT;NEGATIF;AZALIYOR;SAT;AL;UCUZ (AL);1;08.10.2026
NUGYO;izle;;6,9;2,4;4,5;0,0;6;0;zayif;44,6;26,6;28,6;asagi;zayif;zayif;asagi;0,41;-4,20;3;7,09;-0,14;3895558;7,99;SAT;NEGATIF;SAT;NEGATIF;AZALIYOR;SAT;SAT;UCUZ (AL);0;08.10.2026
KOTON;izle;;6,9;2,4;4,4;0,0;6;0;zayif;51,8;26,5;33,3;asagi;zayif;zayif;asagi;0,62;-5,43;3;9,91;1,02;9615921;10,81;SAT;NEGATIF;SAT;NEGATIF;AZALIYOR;AL;AL;UCUZ (AL);2;08.10.2026
EUREN;izle;;6,8;2,4;4,3;0,0;6;0;zayif;45,9;26,0;26,4;asagi;zayif;zayif;asagi;0,61;-5,95;3;2,74;0,74;34128706;3,10;SAT;NEGATIF;SAT;NEGATIF;AZALIYOR;SAT;SAT;UCUZ (AL);0;08.10.2026
SILVR;izle;;6,7;2,4;4,3;0,0;6;0;zayif;51,4;25,9;17,0;asagi;zayif;zayif;asagi;0,42;-4,10;3;1,61;-1,23;1066279;1,92;SAT;NEGATIF;SAT;NEGATIF;AZALIYOR;AL;SAT;UCUZ (AL);1;08.10.2026
VAKFN;izle;;6,7;2,4;4,0;0,3;10;0;zayif;58,2;24,0;21,8;asagi;zayif;zayif;asagi;0,72;-4,84;4;0,91;0,00;35524610;1,01;SAT;NEGATIF;SAT;NEGATIF;ARTIYOR;SAT;SAT;UCUZ (AL);0;08.10.2026
EDIP;izle;;6,7;0,7;5,9;0,0;6;0;zayif;17,5;31,5;39,1;asagi;zayif;zayif;asagi;0,68;-3,56;3;28,14;-0,85;14179943;32,36;SAT;NEGATIF;NOTR;NEGATIF;AZALIYOR;SAT;SAT;NOTR;0;08.10.2026
ESEN;izle;;6,7;2,4;4,2;0,0;6;0;zayif;45,9;25,7;12,3;asagi;zayif;zayif;asagi;0,60;-5,30;3;2,47;0,82;32837939;2,80;SAT;NEGATIF;SAT;NEGATIF;AZALIYOR;AL;AL;UCUZ (AL);2;08.10.2026
VESBE;izle;;6,7;2,4;4,2;0,0;10;0;zayif;32,0;25,7;22,4;asagi;zayif;zayif;asagi;0,30;-4,78;5;3,92;-0,25;19609655;4,68;SAT;NEGATIF;SAT;NEGATIF;AZALIYOR;AL;AL;UCUZ (AL);2;08.10.2026
BRLSM;izle;;6,6;2,4;4,1;0,0;0;0;zayif;31,5;25,5;19,1;asagi;zayif;zayif;asagi;0,49;-4,39;2;10,4;2,06;31963766;13,41;SAT;NEGATIF;SAT;NEGATIF;AZALIYOR;AL;AL;NOTR;2;08.10.2026
TMSN;izle;;6,6;2,1;4,4;0,0;10;0;zayif;27,5;26,5;47,2;asagi;zayif;zayif;asagi;0,24;-4,29;4;55,7;1,00;9955985;64,83;SAT;NEGATIF;SAT;NEGATIF;AZALIYOR;AL;AL;UCUZ (AL);2;08.10.2026
MARBL;izle;;6,5;2,4;4,0;0,0;10;0;zayif;47,7;22,5;41,6;asagi;zayif;zayif;asagi;0,70;-5,16;4;8,64;-0,46;7008682;9,96;SAT;NEGATIF;SAT;NEGATIF;AZALIYOR;AL;AL;UCUZ (AL);2;08.10.2026
KUYAS;izle;;6,4;2,4;4,0;0,0;0;0;zayif;54,0;12,4;15,3;asagi;zayif;zayif;asagi;0,44;-10,61;1;14,28;-9,96;91068472;23,99;SAT;NEGATIF;SAT;NEGATIF;AZALIYOR;SAT;SAT;UCUZ (AL);0;08.10.2026
GSRAY;izle;;6,4;2,4;4,0;0,0;6;0;zayif;48,6;24,3;10,8;asagi;zayif;zayif;asagi;0,37;-4,79;3;0,8;0,00;33537847;0,89;SAT;NEGATIF;SAT;NEGATIF;AZALIYOR;AL;AL;UCUZ (AL);2;08.10.2026
DAPGM;izle;;6,4;2,4;4,0;0,0;0;0;zayif;43,7;19,6;29,2;asagi;zayif;zayif;asagi;0,41;-8,61;0;3,06;0,66;66579165;4,08;SAT;NEGATIF;SAT;NEGATIF;AZALIYOR;AL;AL;UCUZ (AL);2;08.10.2026
BIOEN;izle;;6,4;2,4;4,0;0,0;0;0;zayif;40,7;22,3;34,5;asagi;zayif;zayif;asagi;0,41;-5,05;2;9,55;-1,75;42781078;12,76;SAT;NEGATIF;SAT;NEGATIF;AZALIYOR;AL;AL;UCUZ (AL);2;08.10.2026
MEKAG;izle;;6,4;2,4;4,0;0,0;6;0;zayif;42,9;19,2;29,8;asagi;zayif;zayif;asagi;0,66;-6,19;3;1,94;0,00;7788025;2,29;SAT;NEGATIF;SAT;NEGATIF;AZALIYOR;AL;AL;UCUZ (AL);2;08.10.2026
USAK;izle;;6,4;2,4;4,0;0,0;0;0;zayif;57,4;9,8;4,9;asagi;zayif;zayif;asagi;0,25;-10,78;0;0,41;-4,65;7478656;0,58;SAT;NEGATIF;SAT;NEGATIF;AZALIYOR;AL;AL;UCUZ (AL);2;08.10.2026
ONRYT;izle;;6,4;2,4;4,0;0,0;0;0;zayif;43,8;23,1;22,1;asagi;zayif;zayif;asagi;0,37;-5,43;2;9,17;0,00;10291225;11,07;SAT;NEGATIF;SAT;NEGATIF;AZALIYOR;AL;AL;UCUZ (AL);2;08.10.2026
GLCVY;izle;;6,4;2,4;4,0;0,0;10;0;zayif;39,4;24,7;11,8;asagi;zayif;zayif;asagi;0,35;-4,78;5;39,02;0,26;7881104;44,19;SAT;NEGATIF;SAT;NEGATIF;AZALIYOR;SAT;SAT;UCUZ (AL);0;08.10.2026
DOKTA;izle;;6,4;2,4;4,0;0,0;0;0;zayif;47,6;23,1;12,2;asagi;zayif;zayif;asagi;0,23;-5,18;2;15,41;-0,26;1657330;17,90;SAT;NEGATIF;SAT;NEGATIF;AZALIYOR;AL;AL;UCUZ (AL);2;08.10.2026
RALYH;izle;;6,4;2,4;4,0;0,0;32;3;zayif;55,9;9,7;-0,0;asagi;zayif;zayif;asagi;0,53;-11,78;0;45,46;-9,98;10034659;77,58;SAT;NEGATIF;SAT;NEGATIF;AZALIYOR;AL;SAT;UCUZ (AL);1;08.10.2026
ZEDUR;izle;;6,4;2,4;4,0;0,0;10;0;zayif;56,5;24,4;34,4;asagi;zayif;zayif;asagi;0,55;-5,06;4;5,44;1,68;3302619;6,23;SAT;NEGATIF;SAT;NEGATIF;AZALIYOR;AL;AL;UCUZ (AL);2;08.10.2026
RODRG;izle;;6,4;2,4;4,0;0,0;10;0;zayif;49,3;23,7;13,9;asagi;zayif;zayif;asagi;0,62;-5,03;4;15,52;2,24;1852343;18,33;SAT;NEGATIF;SAT;NEGATIF;AZALIYOR;AL;AL;UCUZ (AL);2;08.10.2026
MRSHL;izle;;6,4;1,4;5,0;0,0;10;0;zayif;22,1;28,5;23,3;asagi;zayif;zayif;asagi;0,52;-3,38;5;1263;-0,94;23009334;1503,44;SAT;NEGATIF;SAT;NEGATIF;AZALIYOR;SAT;SAT;NOTR;0;08.10.2026
PRKAB;izle;;5,8;1,1;4,7;0,0;16;1;zayif;19,9;27,5;28,5;asagi;zayif;zayif;asagi;0,39;-4,01;3;24,28;0,08;7068054;28,32;SAT;NEGATIF;NOTR;NEGATIF;AZALIYOR;AL;AL;UCUZ (AL);2;08.10.2026
ISFIN;izle;;5,4;2,4;3,0;0,0;6;0;zayif;36,0;19,9;36,5;asagi;zayif;zayif;asagi;0,56;-4,16;3;16,61;-0,78;13697420;18,14;SAT;NEGATIF;SAT;NEGATIF;AZALIYOR;SAT;SAT;UCUZ (AL);0;08.10.2026
ARTMS;izle;;4,4;1,3;3,1;0,0;10;0;zayif;21,7;28,9;39,5;asagi;zayif;zayif;asagi;0,59;-3,14;4;30;-4,03;12233940;37,76;SAT;NEGATIF;SAT;NEGATIF;AZALIYOR;SAT;SAT;NOTR;0;08.10.2026