hisse;durum;yeni_sinyal;konfluans;trend_35;momentum_30;hacim_35;risk;uyumsuzluk;rejim;adx;rsi;mfi;supertrend;goreli_guc;usd_trend;haftalik_trend;hacim_orani;ema50_uzaklik_atr;dagitim_gun;kapanis;degisim%;islem_hacmi_tl;st_cizgisi;osc_macd;osc_rsi;osc_adx;osc_momentum;osc_atr;osc_wavetrend;osc_stochrsi;osc_sharpe;osc_al_sayisi;tarih
ETYAT;GUCLU AL;;98,4;33,4;30,0;35,0;10;0;guclu trend;26,0;65,3;48,7;yukari;guclu;yukselis;yukari;1,31;2,40;1;16,13;4,74;19616645;13,55;AL;POZITIF;AL;POZITIF;ARTIYOR;AL;AL;NOTR;6;03.09.2026
RYGYO;GUCLU AL;;96,9;35,0;30,0;31,9;28;0;guclu trend;50,3;70,6;72,9;yukari;guclu;yukselis;yukari;1,26;3,76;0;48,12;-0,21;208122513;43,73;AL;POZITIF;AL;POZITIF;ARTIYOR;SAT;SAT;NOTR;4;03.09.2026
VAKBN;GUCLU AL;;96,8;32,7;30,0;34,0;0;0;guclu trend;24,2;61,4;72,5;yukari;guclu;yukselis;yukari;1,51;1,71;1;33,74;-1,00;2645993505;30,13;AL;POZITIF;AL;POZITIF;ARTIYOR;AL;AL;NOTR;6;03.09.2026
NETAS;GUCLU AL;;96,5;35,0;30,0;31,5;28;0;guclu trend;43,7;66,4;69,5;yukari;guclu;yukselis;yukari;1,38;3,51;1;99;5,88;339963030;83,84;AL;POZITIF;AL;POZITIF;ARTIYOR;SAT;SAT;NOTR;4;03.09.2026
POLHO;GUCLU AL;;95,9;34,9;26,0;35,0;10;1;guclu trend;29,8;62,1;37,5;yukari;guclu;yukselis;yukari;1,46;1,68;2;22,86;1,96;57793006;20,89;SAT;POZITIF;AL;POZITIF;ARTIYOR;AL;AL;NOTR;5;03.09.2026
TRCAS;GUCLU AL;;95,6;31,5;30,0;34,1;14;0;guclu trend;20,9;57,7;61,3;yukari;guclu;yukselis;yukari;1,25;1,55;3;48;4,26;61157616;42,75;AL;POZITIF;AL;POZITIF;ARTIYOR;SAT;SAT;NOTR;4;03.09.2026
MANAS;GUCLU AL;;95,4;33,3;30,0;32,1;24;0;guclu trend;25,7;70,9;70,8;yukari;guclu;yukselis;yukari;1,33;2,32;3;35,58;0,51;1111539232;30,47;AL;POZITIF;AL;POZITIF;ARTIYOR;AL;AL;NOTR;6;03.09.2026
BOBET;izle;;95,0;30,0;30,0;35,0;50;3;zayif;37,8;65,5;59,2;yukari;guclu;yukselis;yukari;1,69;2,56;1;22,16;7,57;310882507;18,14;AL;POZITIF;AL;POZITIF;ARTIYOR;AL;AL;NOTR;6;03.09.2026
ENERY;GUCLU AL;;94,8;34,8;29,2;30,8;28;0;guclu trend;29,5;73,5;89,7;yukari;guclu;yukselis;yukari;1,69;3,03;0;10,5;0,00;712272288;9,28;AL;POZITIF;AL;POZITIF;ARTIYOR;AL;SAT;NOTR;5;03.09.2026
AHGAZ;GUCLU AL;;93,6;33,5;29,8;30,3;28;0;guclu trend;26,1;72,4;87,0;yukari;guclu;yukselis;yukari;1,04;3,48;1;38,84;0,36;210484913;35,02;AL;POZITIF;AL;POZITIF;AZALIYOR;AL;AL;NOTR;6;03.09.2026
AYGAZ;izle;;93,5;35,0;26,0;32,5;42;2;guclu trend;44,5;65,6;75,5;yukari;guclu;yukselis;yukari;1,16;3,66;2;335;3,08;515073890;299,67;SAT;POZITIF;AL;POZITIF;ARTIYOR;SAT;SAT;NOTR;3;03.09.2026
RYSAS;GUCLU AL;;93,3;35,0;30,0;28,3;10;0;guclu trend;35,6;63,5;82,9;yukari;guclu;yukselis;yukari;1,04;2,73;1;28,24;-6,74;503357018;24,77;AL;POZITIF;AL;POZITIF;ARTIYOR;AL;SAT;NOTR;5;03.09.2026
ANELE;GUCLU AL;;93,1;35,0;23,1;35,0;35;0;guclu trend;36,9;85,8;81,3;yukari;guclu;yukselis;yukari;1,96;5,24;0;197,5;1,80;2497887965;160,08;AL;POZITIF;AL;POZITIF;ARTIYOR;SAT;SAT;PAHALI (SAT);4;03.09.2026
KLSYN;GUCLU AL;;93,0;34,0;24,7;34,3;0;0;guclu trend;27,4;61,7;52,2;yukari;guclu;yukselis;yukari;1,45;1,94;0;15,85;0,25;77868768;13,93;SAT;POZITIF;AL;NEGATIF;AZALIYOR;SAT;AL;NOTR;3;03.09.2026
SKYMD;AL;;92,4;29,4;28,9;34,1;10;1;ilimli;15,6;55,8;71,5;yukari;guclu;yukselis;yukari;1,86;1,02;1;15,25;-2,12;65017811;13,24;AL;POZITIF;NOTR;POZITIF;ARTIYOR;AL;AL;NOTR;5;03.09.2026
SELEC;izle;;92,0;35,0;22,0;35,0;43;0;guclu trend;50,5;88,0;90,3;yukari;guclu;yukselis;yukari;1,30;5,82;0;350;1,23;2803701950;295,49;AL;POZITIF;AL;POZITIF;ARTIYOR;SAT;SAT;PAHALI (SAT);4;03.09.2026
ALARK;GUCLU AL;;90,8;33,7;30,0;27,1;0;0;guclu trend;26,7;60,0;49,3;yukari;guclu;yukselis;yukari;0,86;1,67;1;111,7;1,18;563043398;99,25;AL;POZITIF;AL;POZITIF;AZALIYOR;AL;AL;NOTR;6;03.09.2026
ALKLC;izle;;90,8;35,0;24,8;31,0;48;1;guclu trend;58,3;74,5;39,4;yukari;guclu;yukselis;yukari;1,74;3,88;4;439,25;2,87;1671886967;404,85;SAT;POZITIF;AL;POZITIF;ARTIYOR;AL;AL;NOTR;5;03.09.2026
VERUS;GUCLU AL;;90,5;35,0;24,2;31,3;10;0;guclu trend;34,0;59,6;63,6;yukari;guclu;yukselis;yukari;1,33;2,46;2;688;-1,71;88471296;667,54;SAT;POZITIF;AL;POZITIF;AZALIYOR;SAT;AL;NOTR;4;03.09.2026
OFSYM;GUCLU AL;;89,6;35,0;30,0;24,6;10;0;guclu trend;48,0;62,8;68,7;yukari;guclu;yukselis;yukari;0,39;2,11;0;68,3;-2,01;83327366;57,37;AL;POZITIF;AL;POZITIF;AZALIYOR;AL;AL;NOTR;6;03.09.2026
DMLKT;GUCLU AL;;89,2;35,0;27,6;26,6;36;0;guclu trend;52,9;76,8;81,7;yukari;guclu;yukselis;yukari;0,80;4,81;2;7,14;1,56;56444235;6,62;AL;POZITIF;AL;POZITIF;AZALIYOR;AL;SAT;NOTR;5;03.09.2026
ALBRK;izle;;88,6;33,2;23,1;32,3;32;3;guclu trend;30,0;53,2;73,5;yukari;guclu;yukselis;yukari;1,45;0,76;2;8,67;-1,48;173121832;8,39;SAT;POZITIF;AL;POZITIF;ARTIYOR;SAT;SAT;NOTR;3;03.09.2026
DEVA;GUCLU AL;;88,4;35,0;30,0;23,4;28;0;guclu trend;43,6;63,2;72,8;yukari;guclu;yukselis;yukari;0,70;3,10;1;90,55;-4,68;63639808;83,43;AL;POZITIF;AL;POZITIF;ARTIYOR;SAT;SAT;NOTR;4;03.09.2026
GUBRF;GUCLU AL;;88,2;34,5;29,1;24,6;0;0;guclu trend;28,6;57,8;72,9;yukari;guclu;yukselis;yukari;0,89;1,11;0;482,25;1,37;1633126122;437,48;AL;POZITIF;AL;POZITIF;AZALIYOR;SAT;SAT;NOTR;4;03.09.2026
AKCNS;AL;;88,1;28,9;24,9;34,2;16;1;ilimli;14,4;53,4;42,7;yukari;guclu;yukselis;yukari;1,59;1,32;3;242,4;0,75;124433374;231,75;SAT;POZITIF;NOTR;NEGATIF;AZALIYOR;SAT;AL;NOTR;2;03.09.2026
ENJSA;izle;;87,9;28,9;29,1;29,9;40;3;ilimli;14,3;56,6;71,0;yukari;guclu;yukselis;yukari;1,01;1,12;1;114,5;1,15;539862233;103,75;AL;POZITIF;NOTR;POZITIF;AZALIYOR;SAT;SAT;NOTR;3;03.09.2026
VBTYZ;GUCLU AL;;87,9;35,0;30,0;22,9;20;1;guclu trend;33,3;58,4;69,9;yukari;guclu;yukselis;yukari;0,39;2,18;0;37,1;-1,85;47000840;32,80;AL;POZITIF;AL;POZITIF;AZALIYOR;SAT;SAT;NOTR;4;03.09.2026
AGESA;izle;;87,5;33,7;29,5;24,3;40;4;guclu trend;26,6;58,0;77,1;yukari;guclu;yukselis;yukari;0,43;1,31;1;255;-1,92;27956925;239,61;AL;POZITIF;AL;POZITIF;AZALIYOR;SAT;SAT;NOTR;4;03.09.2026
CATES;GUCLU AL;;87,4;35,0;28,7;23,7;36;0;guclu trend;53,9;74,6;85,5;yukari;guclu;yukselis;yukari;0,59;4,64;2;69,05;1,10;144176676;60,79;AL;POZITIF;AL;POZITIF;ARTIYOR;SAT;SAT;NOTR;4;03.09.2026
BORSK;GUCLU AL;;87,1;25,4;28,2;33,5;8;0;zayif;30,9;56,5;66,9;yukari;guclu;yukselis;yukari;1,75;0,72;2;6,36;-2,90;92825402;5,76;AL;POZITIF;AL;NEGATIF;ARTIYOR;AL;AL;NOTR;5;03.09.2026
AKSGY;GUCLU AL;;87,0;30,1;22,4;34,6;10;1;guclu trend;27,2;53,6;63,2;yukari;guclu;yukselis;yukari;1,75;0,94;2;9,95;0,51;103747645;9,55;SAT;POZITIF;SAT;NEGATIF;AZALIYOR;SAT;SAT;NOTR;1;03.09.2026
AVOD;GUCLU AL;EVET;87,0;24,4;30,0;32,6;6;0;zayif;32,1;68,5;77,4;yukari;guclu;yukselis;yukari;2,59;1,85;3;4,37;9,80;61426844;3,60;AL;POZITIF;AL;POZITIF;ARTIYOR;AL;AL;NOTR;6;03.09.2026
INDES;GUCLU AL;;86,7;33,5;28,5;24,7;0;0;guclu trend;26,1;53,5;72,4;yukari;guclu;yukselis;yukari;0,78;0,87;2;11,4;-2,48;69148741;10,83;AL;POZITIF;AL;NEGATIF;ARTIYOR;SAT;SAT;NOTR;3;03.09.2026
BAHKM;GUCLU AL;;86,3;35,0;30,0;21,3;28;1;guclu trend;43,8;70,3;73,9;yukari;guclu;yukselis;yukari;0,52;2,79;1;155,6;-1,58;102351813;138,64;AL;POZITIF;AL;POZITIF;AZALIYOR;SAT;SAT;NOTR;4;03.09.2026
HUNER;GUCLU AL;;85,6;33,7;28,7;23,1;22;2;guclu trend;26,6;55,0;63,8;yukari;guclu;yukselis;yukari;0,64;0,96;2;3,88;0,00;102275116;3,50;AL;POZITIF;AL;POZITIF;AZALIYOR;SAT;SAT;NOTR;4;03.09.2026
BRKVY;GUCLU AL;;85,5;25,0;30,0;30,5;18;0;zayif;38,9;70,2;84,0;yukari;guclu;yukselis;yukari;1,70;2,42;0;93,45;2,13;101891712;79,73;AL;POZITIF;AL;POZITIF;ARTIYOR;AL;AL;NOTR;6;03.09.2026
TRENJ;AL;;85,5;31,1;30,0;24,4;16;1;ilimli;19,9;55,5;67,0;yukari;guclu;yukselis;yukari;0,76;1,54;3;105,6;-1,31;179804486;95,86;AL;POZITIF;NOTR;POZITIF;AZALIYOR;SAT;SAT;NOTR;3;03.09.2026
BIMAS;GUCLU AL;;85,2;33,3;24,9;27,0;0;0;guclu trend;25,6;58,3;54,4;yukari;guclu;yukselis;yukari;0,82;1,76;1;412,75;1,60;3511452051;383,65;SAT;POZITIF;AL;POZITIF;AZALIYOR;SAT;SAT;NOTR;3;03.09.2026
EUKYO;GUCLU AL;;84,3;35,0;26,0;23,3;0;0;guclu trend;46,2;56,2;52,6;yukari;guclu;yukselis;yukari;0,53;1,72;2;13,51;0,75;7369556;12,26;SAT;POZITIF;AL;POZITIF;ARTIYOR;SAT;AL;PAHALI (SAT);4;03.09.2026
BIGEN;GUCLU AL;;84,1;35,0;30,0;19,1;20;0;guclu trend;43,1;64,1;88,9;yukari;guclu;yukselis;yukari;0,04;3,81;0;168,3;-10,00;38699070;153,75;AL;POZITIF;AL;POZITIF;ARTIYOR;SAT;SAT;PAHALI (SAT);4;03.09.2026
TUPRS;GUCLU AL;;83,9;35,0;24,1;24,9;30;1;guclu trend;49,6;64,6;67,5;yukari;guclu;yukselis;yukari;0,80;4,35;2;391;-0,32;9806845777;364,54;SAT;POZITIF;AL;NEGATIF;AZALIYOR;SAT;SAT;NOTR;2;03.09.2026
TNZTP;GUCLU AL;;83,7;29,1;30,0;24,6;6;0;guclu trend;20,3;56,1;39,6;yukari;guclu;yukselis;yukari;1,42;1,50;3;30,04;-3,28;183404203;27,67;AL;POZITIF;SAT;POZITIF;ARTIYOR;SAT;SAT;NOTR;3;03.09.2026
SOKM;AL;;83,6;29,9;26,0;27,7;22;2;ilimli;16,9;61,1;65,4;yukari;guclu;yukselis;yukari;0,93;2,01;2;58;1,58;288074632;52,67;SAT;POZITIF;NOTR;POZITIF;ARTIYOR;SAT;AL;NOTR;3;03.09.2026
MARTI;GUCLU AL;;83,2;25,0;24,0;34,2;35;0;zayif;33,0;84,0;94,0;yukari;guclu;yukselis;yukari;4,56;4,62;0;2,13;3,90;1079883104;1,68;AL;POZITIF;AL;POZITIF;ARTIYOR;AL;SAT;NOTR;5;03.09.2026
CRFSA;izle;;83,2;27,0;26,0;30,2;20;0;guclu trend;56,6;62,5;58,4;asagi;guclu;yukselis;yukari;1,34;3,25;1;305;2,43;1373821565;337,96;SAT;POZITIF;AL;POZITIF;AZALIYOR;AL;AL;NOTR;5;03.09.2026
RODRG;AL;;82,7;29,8;29,1;23,7;0;0;ilimli;16,7;59,4;63,8;yukari;guclu;yukselis;yukari;1,21;1,13;2;27,2;-0,29;10353979;22,52;AL;POZITIF;NOTR;POZITIF;AZALIYOR;AL;AL;NOTR;5;03.09.2026
TARKM;GUCLU AL;;82,4;34,5;28,0;19,9;0;0;guclu trend;28,8;52,7;77,3;yukari;guclu;yukselis;yukari;0,68;0,63;1;510;-3,77;67504110;478,25;AL;POZITIF;AL;POZITIF;ARTIYOR;SAT;SAT;NOTR;4;03.09.2026
DURKN;GUCLU AL;;82,3;32,4;28,3;21,5;22;2;guclu trend;23,4;53,7;77,6;yukari;guclu;yukselis;yukari;0,50;0,78;1;22,02;-3,42;30918546;19,66;AL;POZITIF;AL;POZITIF;AZALIYOR;SAT;SAT;NOTR;4;03.09.2026
TRHOL;GUCLU AL;;82,0;35,0;22,0;25,0;35;0;guclu trend;50,6;95,4;100,0;yukari;guclu;yukselis;yukari;0,57;7,92;0;3550;3,12;715569950;2899,90;AL;POZITIF;AL;POZITIF;ARTIYOR;AL;SAT;PAHALI (SAT);5;03.09.2026
IEYHO;GUCLU AL;;82,0;35,0;22,0;25,0;35;0;guclu trend;85,2;92,8;100,0;yukari;guclu;yukselis;yukari;0,60;11,15;0;212,5;0,95;186960050;201,02;AL;POZITIF;AL;POZITIF;AZALIYOR;AL;AL;PAHALI (SAT);6;03.09.2026
ARASE;GUCLU AL;;82,0;33,0;26,3;22,7;8;0;guclu trend;24,9;51,6;70,4;yukari;guclu;zayif;yukari;0,57;0,54;0;120;-0,17;28390320;108,17;AL;POZITIF;AL;NEGATIF;AZALIYOR;SAT;SAT;NOTR;3;03.09.2026
INVES;GUCLU AL;;81,7;29,2;23,4;29,1;0;0;guclu trend;20,7;51,7;51,6;yukari;guclu;yukselis;yukari;1,16;1,48;2;785,5;-1,38;81212845;779,75;SAT;POZITIF;SAT;NEGATIF;AZALIYOR;SAT;SAT;NOTR;1;03.09.2026
KUVVA;GUCLU AL;;81,1;35,0;24,6;21,5;16;1;guclu trend;36,0;55,9;76,8;yukari;guclu;yukselis;yukari;0,50;1,50;3;180,8;-3,06;18216323;163,41;SAT;POZITIF;AL;NEGATIF;AZALIYOR;SAT;SAT;NOTR;2;03.09.2026
KRPLS;GUCLU AL;;80,9;35,0;23,6;22,3;0;0;guclu trend;42,5;54,8;76,2;yukari;guclu;yukselis;yukari;0,34;1,17;0;10,4;-0,86;14296901;9,48;SAT;POZITIF;AL;NEGATIF;AZALIYOR;SAT;SAT;NOTR;2;03.09.2026
HALKB;GUCLU AL;;80,8;35,0;30,0;15,8;28;0;guclu trend;29,9;71,7;40,5;yukari;guclu;yukselis;yukari;0,51;4,26;1;49,44;9,96;1195214472;41,29;AL;POZITIF;AL;POZITIF;ARTIYOR;AL;AL;NOTR;6;03.09.2026
KCHOL;GUCLU AL;;80,3;34,9;26,0;19,5;32;2;guclu trend;29,6;60,3;63,0;yukari;guclu;yukselis;yukari;0,90;1,95;5;216,4;1,60;6181206536;202,86;SAT;POZITIF;AL;NEGATIF;AZALIYOR;SAT;SAT;NOTR;2;03.09.2026
KRDMA;GUCLU AL;;80,2;35,0;30,0;15,2;10;0;guclu trend;44,7;58,5;80,7;yukari;guclu;yukselis;yukari;1,13;2,22;1;56,45;-5,05;807825862;53,49;AL;POZITIF;AL;POZITIF;ARTIYOR;SAT;SAT;NOTR;4;03.09.2026
KARSN;GUCLU AL;;80,1;22,5;27,1;30,6;28;0;zayif;23,6;77,8;77,9;yukari;guclu;yukselis;yukari;3,49;3,68;1;12,43;10,00;984849907;10,35;AL;POZITIF;AL;POZITIF;ARTIYOR;AL;SAT;NOTR;5;03.09.2026
TRALT;AL;;79,8;30,3;22,5;27,0;10;1;ilimli;18,0;51,9;62,8;yukari;guclu;yukselis;yukari;1,04;0,66;2;51,7;2,78;6417109778;48,12;SAT;POZITIF;NOTR;POZITIF;AZALIYOR;SAT;SAT;NOTR;2;03.09.2026
ADGYO;GUCLU AL;;79,6;29,4;21,2;28,9;10;0;guclu trend;22,6;49,2;54,6;yukari;guclu;yukselis;yukari;1,27;0,27;4;57;-2,90;72726927;54,81;SAT;NEGATIF;SAT;NEGATIF;ARTIYOR;SAT;SAT;NOTR;0;03.09.2026
OZSUB;GUCLU AL;;79,6;30,4;23,8;25,3;10;1;guclu trend;30,6;55,8;62,7;yukari;guclu;yukselis;yukari;0,88;1,83;2;42,1;0,24;148499330;37,97;SAT;POZITIF;SAT;NEGATIF;ARTIYOR;SAT;SAT;NOTR;1;03.09.2026
TRMET;GUCLU AL;;79,1;32,4;24,0;22,8;0;0;guclu trend;23,2;53,8;65,6;yukari;guclu;yukselis;yukari;0,71;1,21;1;138,8;0,80;666878480;128,36;SAT;POZITIF;AL;POZITIF;AZALIYOR;SAT;SAT;NOTR;3;03.09.2026
ATSYH;izle;;78,7;28,8;24,9;25,1;32;3;ilimli;14,0;52,4;52,3;yukari;guclu;yukselis;yukari;0,86;1,59;2;121,4;1,17;4644036;112,53;SAT;POZITIF;NOTR;POZITIF;AZALIYOR;SAT;SAT;NOTR;2;03.09.2026
DIRIT;AL;;78,4;24,8;26,0;27,6;6;0;zayif;16,5;57,7;66,0;yukari;guclu;yukselis;yukari;1,02;1,76;3;27,58;3,68;2206152;25,07;SAT;POZITIF;NOTR;POZITIF;AZALIYOR;AL;AL;NOTR;4;03.09.2026
OZATD;izle;;78,1;35,0;19,7;23,4;45;1;guclu trend;50,8;79,9;74,8;yukari;guclu;yukselis;yukari;0,17;5,54;1;4750;-0,47;477503250;4260,49;SAT;POZITIF;AL;POZITIF;AZALIYOR;SAT;SAT;PAHALI (SAT);3;03.09.2026
MRGYO;AL;;77,8;20,3;28,2;29,3;12;0;zayif;35,7;57,0;65,5;yukari;guclu;yukselis;yukari;2,78;0,73;1;1,51;-9,04;492846141;1,38;AL;POZITIF;AL;POZITIF;ARTIYOR;AL;SAT;NOTR;5;03.09.2026
CELHA;GUCLU AL;;77,3;34,2;22,4;20,7;16;1;guclu trend;28,0;49,0;46,7;yukari;guclu;yukselis;yukari;0,71;0,95;3;24,6;-0,57;51572572;21,70;SAT;NEGATIF;AL;NEGATIF;AZALIYOR;SAT;SAT;NOTR;1;03.09.2026
KGYO;izle;;77,0;28,9;22,4;25,7;40;4;ilimli;18,6;52,5;43,6;yukari;guclu;yukselis;yukari;1,07;0,77;1;12,12;1,93;367641063;10,80;SAT;POZITIF;NOTR;NEGATIF;ARTIYOR;SAT;SAT;NOTR;1;03.09.2026
TEHOL;GUCLU AL;EVET;76,4;30,4;21,5;24,5;10;1;guclu trend;60,0;50,6;72,0;yukari;guclu;zayif;yukari;1,12;0,70;1;43,52;9,95;2897096197;33,70;SAT;POZITIF;SAT;NEGATIF;ARTIYOR;AL;AL;NOTR;3;03.09.2026
ARDYZ;GUCLU AL;;75,5;35,0;22,2;18,3;0;0;guclu trend;48,2;49,4;64,3;yukari;guclu;yukselis;yukari;0,59;1,14;2;82,65;-2,76;265199468;80,55;SAT;NEGATIF;AL;NEGATIF;AZALIYOR;SAT;AL;NOTR;2;03.09.2026
GENIL;GUCLU AL;;75,4;35,0;21,6;18,9;32;2;guclu trend;43,8;47,8;59,3;yukari;guclu;yukselis;yukari;0,69;0,66;4;10,81;-4,59;402842368;10,34;SAT;NEGATIF;AL;NEGATIF;ARTIYOR;SAT;SAT;NOTR;1;03.09.2026
DOHOL;AL;;74,7;27,6;24,9;22,2;0;0;ilimli;15,6;49,7;67,4;yukari;guclu;zayif;yukari;0,30;0,02;2;21,42;-0,74;67205421;20,39;AL;NEGATIF;NOTR;POZITIF;AZALIYOR;SAT;SAT;NOTR;2;03.09.2026
ARMGD;AL;;74,1;28,6;24,4;21,0;22;2;ilimli;16,7;52,2;47,4;yukari;guclu;yukselis;yukari;0,63;1,08;2;197,5;-0,20;128017130;181,05;SAT;POZITIF;NOTR;NEGATIF;AZALIYOR;AL;AL;PAHALI (SAT);3;03.09.2026
RUBNS;AL;;73,6;35,0;21,6;17,0;0;0;guclu trend;40,5;50,7;55,7;yukari;guclu;yukselis;yukari;0,33;0,69;0;30,72;-5,13;37288182;29,16;SAT;POZITIF;AL;NEGATIF;AZALIYOR;SAT;SAT;NOTR;2;03.09.2026
BUCIM;AL;;73,6;20,0;30,0;23,6;8;0;zayif;38,0;62,0;83,4;yukari;guclu;yukselis;yukari;0,70;1,64;0;5,77;-2,04;24400615;5,32;AL;POZITIF;AL;POZITIF;AZALIYOR;AL;SAT;UCUZ (AL);5;03.09.2026
KRGYO;AL;;73,4;24,1;28,6;20,6;0;0;zayif;39,9;53,5;69,0;yukari;guclu;yukselis;yukari;0,63;0,91;2;2,92;-1,35;47701540;2,79;AL;POZITIF;AL;POZITIF;ARTIYOR;SAT;SAT;NOTR;4;03.09.2026
PSDTC;AL;;73,3;35,0;29,1;9,2;22;2;guclu trend;31,0;53,7;67,2;yukari;guclu;yukselis;yukari;0,60;1,11;1;161,5;-0,98;53104430;147,49;AL;POZITIF;AL;POZITIF;AZALIYOR;SAT;SAT;NOTR;4;03.09.2026
RGYAS;izle;;73,0;29,3;20,1;23,6;40;4;guclu trend;21,6;48,5;68,8;yukari;guclu;zayif;yukari;0,49;0,40;1;204;-0,34;225195600;199,35;SAT;NEGATIF;SAT;NEGATIF;AZALIYOR;SAT;SAT;NOTR;0;03.09.2026
BRSAN;AL;;73,0;35,0;24,4;13,6;0;0;guclu trend;35,0;56,2;53,6;yukari;guclu;yukselis;yukari;0,35;1,97;2;688;-0,94;778642624;635,12;SAT;POZITIF;AL;NEGATIF;AZALIYOR;SAT;SAT;NOTR;2;03.09.2026
AKBNK;AL;;72,9;20,2;27,0;25,7;0;0;zayif;19,3;55,9;56,2;yukari;guclu;yukselis;yukari;1,08;0,58;1;71,55;0,07;11502330205;66,67;AL;POZITIF;NOTR;POZITIF;AZALIYOR;SAT;SAT;NOTR;3;03.09.2026
AKFIS;AL;;72,8;29,8;23,7;19,3;10;1;guclu trend;24,9;51,2;73,3;yukari;guclu;yukselis;yukari;0,40;1,21;2;16,82;-4,10;149403549;16,36;SAT;POZITIF;SAT;NEGATIF;ARTIYOR;SAT;SAT;PAHALI (SAT);1;03.09.2026
METRO;AL;EVET;72,3;28,5;19,4;24,4;0;0;ilimli;15,6;49,9;37,0;yukari;guclu;zayif;yukari;0,91;0,32;0;8,44;1,69;58638343;7,70;SAT;NEGATIF;NOTR;NEGATIF;AZALIYOR;SAT;SAT;NOTR;0;03.09.2026
KLYPV;AL;;72,0;24,1;26,2;21,7;0;0;zayif;28,1;52,4;67,5;yukari;guclu;yukselis;yukari;0,84;0,37;0;61,85;0,00;137498611;59,40;AL;POZITIF;AL;POZITIF;AZALIYOR;SAT;SAT;NOTR;4;03.09.2026
BRLSM;izle;;71,8;27,0;28,2;16,6;0;0;guclu trend;31,3;52,0;55,5;asagi;guclu;yukselis;yukari;1,22;0,72;2;19,53;-1,76;305990220;25,54;AL;POZITIF;AL;POZITIF;AZALIYOR;SAT;SAT;NOTR;4;03.09.2026
TKFEN;AL;;71,7;30,4;22,6;18,7;0;0;guclu trend;35,4;53,2;31,8;yukari;guclu;yukselis;yukari;0,38;1,93;2;208,5;-0,38;604941483;197,64;SAT;POZITIF;SAT;NEGATIF;AZALIYOR;SAT;SAT;NOTR;1;03.09.2026
AYDEM;izle;;71,5;31,6;19,1;20,8;40;4;guclu trend;27,2;48,7;66,5;yukari;guclu;zayif;yukari;0,36;-0,02;1;25,96;-1,67;44798549;24,22;SAT;NEGATIF;AL;NEGATIF;ARTIYOR;SAT;SAT;NOTR;1;03.09.2026
SAHOL;izle;;71,5;20,4;27,3;23,7;32;3;zayif;20,5;58,3;55,6;yukari;guclu;yukselis;yukari;0,85;0,70;1;93;0,54;2982737757;88,21;AL;POZITIF;AL;POZITIF;AZALIYOR;SAT;SAT;NOTR;4;03.09.2026
HURGZ;AL;;71,4;29,8;22,9;18,8;6;0;guclu trend;25,1;48,8;66,2;yukari;guclu;yukselis;yukari;0,59;0,16;3;7,32;-1,08;40175395;6,80;SAT;NEGATIF;SAT;NEGATIF;AZALIYOR;SAT;AL;NOTR;1;03.09.2026
ALTIN;izle;;71,4;18,6;25,5;27,3;0;0;zayif;29,7;56,6;57,6;asagi;guclu;yukselis;yukari;0,90;1,29;2;76,32;2,83;1406935236;79,40;SAT;POZITIF;AL;POZITIF;ARTIYOR;SAT;AL;NOTR;4;03.09.2026
KRDMD;AL;;71,2;29,5;20,6;21,1;0;0;guclu trend;23,1;47,2;70,8;yukari;guclu;yukselis;yukari;0,69;0,28;2;42,98;-3,63;1885202514;41,86;SAT;NEGATIF;SAT;NEGATIF;ARTIYOR;SAT;SAT;NOTR;0;03.09.2026
HATSN;izle;;71,1;27,0;18,1;26,0;0;0;guclu trend;32,9;45,2;77,5;asagi;guclu;zayif;yukari;2,02;-0,26;2;59,2;-9,82;937409800;78,92;SAT;NEGATIF;AL;POZITIF;ARTIYOR;SAT;SAT;NOTR;2;03.09.2026
ARSAN;izle;;69,9;27,0;22,8;20,1;0;0;guclu trend;37,7;49,8;82,7;asagi;guclu;yukselis;yukari;0,85;0,60;1;3,79;-4,53;102870113;4,55;SAT;NEGATIF;AL;POZITIF;ARTIYOR;SAT;SAT;NOTR;2;03.09.2026
RALYH;izle;;69,1;29,1;22,2;17,9;38;3;ilimli;19,8;51,0;40,8;yukari;guclu;yukselis;yukari;0,26;0,71;3;256,25;-0,77;141212456;235,06;SAT;POZITIF;NOTR;NEGATIF;AZALIYOR;SAT;SAT;NOTR;1;03.09.2026
PRZMA;AL;;69,1;34,4;22,8;12,0;22;2;guclu trend;28,4;48,8;64,7;yukari;guclu;yukselis;yukari;0,26;0,72;1;75,55;-4,37;98560188;67,71;SAT;NEGATIF;AL;NEGATIF;ARTIYOR;SAT;SAT;PAHALI (SAT);1;03.09.2026
BLUME;AL;;68,6;18,0;23,1;27,5;16;1;zayif;20,5;54,0;54,8;yukari;guclu;yukselis;yukari;1,13;0,97;3;39,98;-2,49;143666331;38,48;SAT;POZITIF;SAT;NEGATIF;ARTIYOR;SAT;SAT;NOTR;1;03.09.2026
DOCO;AL;EVET;68,6;28,8;18,0;21,8;22;2;ilimli;17,7;47,3;30,0;yukari;guclu;zayif;yukari;0,48;0,29;2;11277,5;1,44;26761508;10942,74;SAT;NEGATIF;NOTR;NEGATIF;ARTIYOR;SAT;SAT;NOTR;0;03.09.2026
CVKMD;AL;;68,1;28,4;20,1;19,6;6;0;ilimli;14,6;48,2;36,8;yukari;guclu;yukselis;yukari;0,41;0,09;3;15,76;-2,84;254247128;14,58;SAT;NEGATIF;NOTR;NEGATIF;AZALIYOR;SAT;SAT;NOTR;0;03.09.2026
ARTMS;AL;;67,3;16,8;25,8;24,6;10;1;zayif;21,6;55,9;66,4;yukari;guclu;zayif;yukari;0,98;0,49;0;41,02;0,29;42714413;36,40;AL;POZITIF;AL;POZITIF;ARTIYOR;AL;SAT;NOTR;5;03.09.2026
EGGUB;AL;;66,6;26,0;27,0;13,6;0;0;ilimli;21,6;50,3;67,9;yukari;guclu;yukselis;asagi;0,45;0,20;2;104,1;-2,25;36895018;100,13;AL;POZITIF;AL;POZITIF;AZALIYOR;SAT;SAT;NOTR;4;03.09.2026
CEMZY;izle;;66,5;35,0;15,5;16,0;0;0;guclu trend;40,0;43,5;76,0;yukari;guclu;zayif;yukari;0,19;-0,21;1;14,04;-5,77;181250868;13,41;SAT;NEGATIF;AL;NEGATIF;AZALIYOR;SAT;SAT;NOTR;1;03.09.2026
BIOEN;AL;;66,3;22,0;21,6;22,8;10;0;zayif;26,4;50,2;51,7;yukari;guclu;yukselis;yukari;1,66;0,30;4;18,61;-1,53;240783233;17,84;SAT;POZITIF;AL;NEGATIF;ARTIYOR;SAT;SAT;NOTR;2;03.09.2026
ATATP;AL;;66,2;35,0;23,2;8,0;22;2;guclu trend;48,3;51,9;43,5;yukari;guclu;yukselis;yukari;0,34;1,23;1;289;-1,62;162825779;267,66;SAT;POZITIF;AL;NEGATIF;AZALIYOR;SAT;SAT;NOTR;2;03.09.2026
KUYAS;izle;;65,4;16,4;27,6;21,5;0;0;ilimli;22,8;60,0;75,5;asagi;guclu;yukselis;asagi;2,38;0,61;1;70,35;1,88;1202391246;72,64;AL;POZITIF;AL;POZITIF;AZALIYOR;AL;AL;NOTR;6;03.09.2026
CANTE;AL;;65,2;14,8;28,4;22,0;0;0;zayif;29,5;60,6;68,3;yukari;guclu;yukselis;asagi;1,70;0,80;0;1,34;0,75;753037296;1,23;AL;POZITIF;AL;POZITIF;ARTIYOR;AL;SAT;UCUZ (AL);5;03.09.2026
ASELS;AL;;64,9;29,2;19,6;16,0;6;0;guclu trend;21,0;48,3;45,9;yukari;guclu;yukselis;yukari;0,80;0,08;3;380,25;-0,13;10232260945;363,22;SAT;NEGATIF;SAT;NEGATIF;ARTIYOR;SAT;SAT;NOTR;0;03.09.2026
OZRDN;AL;;64,8;22,1;26,2;16,5;0;0;ilimli;14,9;54,3;58,5;yukari;guclu;yukselis;yukari;0,86;0,29;2;30,3;-0,33;7267061;25,56;AL;POZITIF;NOTR;POZITIF;ARTIYOR;AL;SAT;NOTR;4;03.09.2026
TBORG;AL;;64,8;22,6;22,3;19,9;0;0;zayif;37,9;49,9;75,7;yukari;guclu;yukselis;yukari;0,53;0,61;0;146,8;-0,41;31022804;143,79;SAT;NEGATIF;AL;NEGATIF;AZALIYOR;SAT;SAT;NOTR;1;03.09.2026
TGSAS;izle;;64,7;25,6;23,0;16,0;0;0;guclu trend;26,5;50,6;69,3;asagi;guclu;yukselis;yukari;0,70;0,72;1;212;-3,59;123355168;279,18;SAT;POZITIF;AL;NEGATIF;ARTIYOR;SAT;SAT;NOTR;2;03.09.2026
PASEU;izle;;64,0;27,0;21,0;16,0;0;0;guclu trend;41,1;45,9;73,4;asagi;guclu;yukselis;yukari;0,46;0,47;2;175,9;-9,98;1082218418;249,31;SAT;NEGATIF;AL;NEGATIF;ARTIYOR;SAT;SAT;NOTR;1;03.09.2026
YGGYO;izle;;63,7;28,4;12,4;23,0;0;0;zayif;14,6;44,1;41,3;yukari;zayif;zayif;yukari;1,08;-0,75;2;219,6;-1,74;40031982;215,58;SAT;NEGATIF;NOTR;NEGATIF;ARTIYOR;SAT;SAT;NOTR;0;03.09.2026
MTRKS;AL;;63,7;33,0;20,8;9,9;0;0;guclu trend;24,7;47,9;53,7;yukari;guclu;yukselis;yukari;0,59;0,45;2;31,1;-0,19;34208507;31,00;SAT;NEGATIF;AL;NEGATIF;AZALIYOR;SAT;SAT;NOTR;1;03.09.2026
ISMEN;AL;EVET;63,7;12,2;26,6;24,9;0;0;zayif;22,8;61,3;78,5;yukari;guclu;yukselis;asagi;1,50;0,55;2;35,42;2,07;376819708;31,47;AL;POZITIF;AL;POZITIF;ARTIYOR;AL;AL;UCUZ (AL);6;03.09.2026
SAYAS;izle;;63,6;34,6;19,5;9,5;0;0;guclu trend;29,0;45,4;56,5;yukari;guclu;yukselis;yukari;0,33;-0,09;0;53,75;-2,71;59505711;51,71;SAT;NEGATIF;AL;NEGATIF;AZALIYOR;SAT;SAT;NOTR;1;03.09.2026
DURDO;izle;;63,1;21,5;21,6;20,0;0;0;zayif;15,8;46,7;47,1;asagi;zayif;zayif;yukari;0,54;-0,37;1;4,95;-2,94;5933827;5,27;AL;NEGATIF;NOTR;NEGATIF;ARTIYOR;AL;SAT;NOTR;2;03.09.2026
TURGG;AL;;62,5;14,8;26,4;21,3;34;2;zayif;29,6;54,7;73,4;yukari;guclu;yukselis;asagi;2,72;0,18;1;28,08;-3,97;70495739;25,81;AL;POZITIF;AL;POZITIF;ARTIYOR;AL;SAT;NOTR;5;03.09.2026
ZRGYO;izle;;61,7;17,9;23,4;20,5;46;5;zayif;24,2;57,8;51,3;yukari;guclu;yukselis;yukari;0,49;1,10;3;19,49;-0,26;9787917;18,29;SAT;POZITIF;AL;NEGATIF;AZALIYOR;SAT;SAT;NOTR;2;03.09.2026
AGHOL;izle;;61,6;14,6;23,6;23,4;22;2;ilimli;23,7;54,2;69,6;asagi;guclu;zayif;yukari;0,79;0,16;2;32,98;1,04;141921449;33,14;AL;POZITIF;AL;POZITIF;AZALIYOR;AL;AL;NOTR;6;03.09.2026
HKTM;AL;EVET;61,3;28,2;22,4;10,6;16;1;zayif;54,2;52,6;50,2;yukari;guclu;yukselis;yukari;0,82;0,57;3;13,16;0,46;188228270;12,25;SAT;POZITIF;AL;NEGATIF;AZALIYOR;SAT;SAT;NOTR;2;03.09.2026
EYGYO;AL;EVET;60,4;18,0;28,1;14,4;10;1;zayif;24,7;54,2;74,3;yukari;guclu;yukselis;asagi;0,54;0,68;1;2,67;0,75;13983543;2,31;AL;POZITIF;AL;POZITIF;AZALIYOR;SAT;SAT;NOTR;4;03.09.2026
DSTKF;izle;;60,2;14,8;19,4;26,0;8;0;zayif;25,3;53,9;98,0;asagi;zayif;zayif;yukari;1,50;-0,05;0;2250;1,53;6188663250;2370,64;AL;POZITIF;SAT;POZITIF;AZALIYOR;AL;AL;PAHALI (SAT);5;03.09.2026
KARTN;izle;;60,0;22,8;11,2;26,0;0;0;zayif;19,3;42,6;50,7;asagi;zayif;zayif;yukari;3,96;-0,67;1;163;5,91;517131355;188,10;SAT;NEGATIF;NOTR;NEGATIF;ARTIYOR;SAT;AL;NOTR;1;03.09.2026
KLGYO;izle;;60,0;15,0;24,2;20,8;0;0;zayif;29,9;51,2;68,5;yukari;guclu;zayif;asagi;1,27;-0,02;2;4,77;-4,22;59463073;4,49;AL;POZITIF;AL;POZITIF;ARTIYOR;SAT;SAT;UCUZ (AL);4;03.09.2026
BLCYT;izle;;59,6;13,6;27,1;18,9;8;0;zayif;26,5;58,1;69,5;yukari;guclu;yukselis;asagi;2,39;0,25;1;2,26;9,71;177856355;1,86;AL;POZITIF;AL;POZITIF;ARTIYOR;SAT;SAT;NOTR;4;03.09.2026
NTGAZ;izle;;59,4;19,7;24,6;15,1;40;3;zayif;23,3;52,5;66,9;yukari;guclu;zayif;asagi;0,84;-0,01;2;11,32;-0,26;42023576;10,47;AL;POZITIF;AL;POZITIF;AZALIYOR;SAT;SAT;NOTR;4;03.09.2026
ESCAR;izle;;59,4;14,0;17,5;27,9;10;1;zayif;19,5;48,9;69,3;asagi;zayif;zayif;yukari;1,24;-0,32;1;45,6;2,38;183370231;48,26;SAT;NEGATIF;NOTR;NEGATIF;ARTIYOR;SAT;AL;NOTR;1;03.09.2026
EGPRO;izle;;59,2;26,3;21,1;11,8;0;0;zayif;28,3;45,4;57,2;asagi;zayif;zayif;asagi;0,93;-0,57;2;35,72;-4,54;47786430;41,75;AL;NEGATIF;AL;NEGATIF;ARTIYOR;SAT;SAT;NOTR;2;03.09.2026
ISDMR;izle;;59,1;14,3;24,0;20,8;0;0;ilimli;15,4;52,6;74,6;asagi;guclu;zayif;yukari;0,84;0,13;0;54,35;-2,16;82781463;56,72;AL;POZITIF;NOTR;POZITIF;ARTIYOR;AL;SAT;NOTR;4;03.09.2026
KZGYO;izle;;59,1;11,0;27,2;20,9;0;0;zayif;19,8;62,0;72,7;yukari;guclu;yukselis;asagi;3,58;0,69;0;21,24;4,02;98904485;18,82;AL;POZITIF;NOTR;POZITIF;ARTIYOR;AL;AL;NOTR;5;03.09.2026
YKBNK;izle;;58,7;24,0;25,0;9,7;22;2;ilimli;17,4;51,7;58,7;yukari;guclu;zayif;asagi;1,24;0,15;2;35,9;-0,50;9463988264;34,06;AL;POZITIF;NOTR;POZITIF;AZALIYOR;SAT;SAT;NOTR;3;03.09.2026
ISBTR;izle;;58,6;26,3;16,4;16,0;32;3;zayif;12,3;45,1;48,5;yukari;zayif;zayif;yukari;0,64;-0,12;2;492000;-1,60;1476000;482449,90;SAT;NEGATIF;NOTR;NEGATIF;AZALIYOR;SAT;SAT;NOTR;0;03.09.2026
PCILT;izle;;58,3;31,7;16,4;10,2;0;0;guclu trend;21,5;45,7;68,3;yukari;zayif;zayif;yukari;0,52;-0,39;2;32;-3,44;39439584;29,53;SAT;NEGATIF;AL;NEGATIF;AZALIYOR;SAT;SAT;NOTR;1;03.09.2026
ORGE;izle;;58,2;34,1;15,8;8,3;22;2;guclu trend;27,7;44,8;55,2;yukari;guclu;zayif;yukari;0,69;-0,14;2;21,62;-6,49;105788303;20,44;SAT;NEGATIF;AL;NEGATIF;ARTIYOR;SAT;SAT;NOTR;1;03.09.2026
SANFM;izle;;58,0;22,1;18,5;17,4;0;0;guclu trend;27,3;45,8;66,0;asagi;guclu;zayif;yukari;0,44;-0,03;1;9,58;-1,64;24697326;11,39;SAT;NEGATIF;SAT;NEGATIF;AZALIYOR;SAT;SAT;NOTR;0;03.09.2026
AVGYO;izle;;57,0;22,8;23,9;10,3;6;0;ilimli;19,2;52,1;39,1;asagi;guclu;yukselis;yukari;0,71;0,62;3;16,1;-1,71;20942574;18,21;SAT;POZITIF;NOTR;NEGATIF;AZALIYOR;AL;AL;NOTR;3;03.09.2026
GARAN;izle;;56,2;16,5;24,8;14,9;22;2;zayif;18,3;51,7;56,4;yukari;guclu;zayif;asagi;0,78;0,14;1;131,4;-0,45;3434589308;124,55;AL;POZITIF;NOTR;POZITIF;AZALIYOR;SAT;SAT;NOTR;3;03.09.2026
KRONT;izle;;56,1;21,8;8,3;26,0;10;0;guclu trend;25,2;41,5;44,4;asagi;zayif;zayif;yukari;1,46;-0,64;4;23,1;2,67;51961394;27,73;SAT;NEGATIF;SAT;NEGATIF;ARTIYOR;SAT;SAT;NOTR;0;03.09.2026
FLAP;izle;;56,1;10,6;27,5;18,0;8;0;zayif;26,4;57,6;64,3;asagi;guclu;yukselis;asagi;1,68;0,41;2;11,2;2,85;19311074;11,32;AL;POZITIF;AL;POZITIF;ARTIYOR;AL;AL;NOTR;6;03.09.2026
DMRGD;izle;;55,8;21,2;16,6;18,0;10;0;guclu trend;20,6;44,4;49,9;asagi;zayif;zayif;yukari;2,03;-0,30;5;10,93;-3,70;696305476;12,14;AL;NEGATIF;SAT;NEGATIF;ARTIYOR;SAT;SAT;NOTR;1;03.09.2026
GLYHO;izle;;55,4;22,3;17,8;15,3;6;0;zayif;17,9;47,9;49,8;asagi;zayif;zayif;yukari;0,86;-0,17;3;16,77;2,88;42821323;17,60;SAT;NEGATIF;NOTR;NEGATIF;ARTIYOR;SAT;AL;NOTR;1;03.09.2026
SANKO;izle;;55,2;14,0;24,4;16,8;32;3;zayif;27,3;59,5;77,9;yukari;guclu;zayif;asagi;1,14;0,18;0;19,81;1,49;13542017;17,58;AL;POZITIF;AL;POZITIF;ARTIYOR;AL;AL;NOTR;6;03.09.2026
DZGYO;izle;;55,2;10,7;24,9;19,6;0;0;zayif;16,2;59,6;77,8;yukari;guclu;zayif;asagi;7,59;0,47;1;7,62;7,48;102366211;6,86;AL;POZITIF;NOTR;POZITIF;ARTIYOR;AL;AL;NOTR;5;03.09.2026
GMTAS;izle;;54,8;20,0;17,8;17,0;0;0;zayif;11,3;47,4;45,7;asagi;zayif;zayif;yukari;0,46;-0,22;0;44,72;-1,63;55541972;48,51;SAT;NEGATIF;NOTR;NEGATIF;AZALIYOR;AL;AL;NOTR;2;03.09.2026
NIBAS;izle;;54,8;12,5;28,0;14,2;16;1;zayif;23,7;59,7;67,6;yukari;guclu;yukselis;asagi;1,71;0,66;3;4,39;0,69;192206352;3,94;AL;POZITIF;AL;POZITIF;ARTIYOR;AL;AL;NOTR;6;03.09.2026
PKART;izle;;54,1;23,1;15,0;16,0;0;0;zayif;20,0;45,1;65,7;asagi;zayif;zayif;yukari;0,64;-0,49;0;123,9;-3,20;51512168;140,43;SAT;NEGATIF;NOTR;NEGATIF;AZALIYOR;SAT;SAT;NOTR;0;03.09.2026
SONME;izle;;53,9;23,1;20,7;10,0;10;0;zayif;36,0;48,6;45,2;yukari;guclu;yukselis;yukari;0,54;0,14;4;135,4;-1,10;3682880;126,44;SAT;NEGATIF;AL;NEGATIF;AZALIYOR;SAT;SAT;NOTR;1;03.09.2026
EBEBK;izle;;53,7;21,4;12,7;19,5;10;1;guclu trend;22,6;43,0;71,5;asagi;zayif;zayif;yukari;0,71;-0,65;1;79,6;-2,33;38027308;87,54;SAT;NEGATIF;SAT;NEGATIF;ARTIYOR;SAT;SAT;NOTR;0;03.09.2026
BINBN;izle;;53,6;21,2;10,7;21,7;0;0;zayif;28,3;43,0;44,8;yukari;zayif;zayif;asagi;2,11;-0,80;2;171;-3,61;124094187;165,95;SAT;NEGATIF;SAT;NEGATIF;ARTIYOR;SAT;SAT;NOTR;0;03.09.2026
JANTS;izle;;53,2;15,0;20,2;18,0;40;4;zayif;33,5;46,0;31,9;yukari;zayif;zayif;asagi;2,74;-0,81;2;15,2;0,13;198738115;14,45;AL;NEGATIF;AL;NEGATIF;ARTIYOR;SAT;SAT;UCUZ (AL);2;03.09.2026
ENKAI;izle;;52,4;17,4;21,7;13,2;0;0;zayif;23,3;50,6;51,7;yukari;zayif;zayif;asagi;0,56;-0,53;1;86,9;0,12;867464477;80,56;AL;POZITIF;AL;POZITIF;AZALIYOR;AL;SAT;NOTR;5;03.09.2026
EFOR;izle;;52,3;15,3;10,9;26,0;40;4;zayif;16,3;43,2;47,2;asagi;zayif;zayif;yukari;1,42;-0,38;1;17,3;2,37;1934288797;20,83;SAT;NEGATIF;NOTR;NEGATIF;ARTIYOR;SAT;AL;NOTR;1;03.09.2026
AVPGY;izle;;52,0;13,4;26,5;12,2;8;0;zayif;21,5;55,0;59,6;yukari;guclu;yukselis;asagi;0,65;0,44;0;54,6;-1,97;24050426;51,09;AL;POZITIF;AL;POZITIF;ARTIYOR;AL;SAT;NOTR;5;03.09.2026
BJKAS;izle;;51,8;21,1;14,6;16,1;0;0;guclu trend;40,0;43,5;55,6;asagi;guclu;zayif;yukari;0,71;-0,32;0;1,97;-9,63;584912097;2,77;SAT;NEGATIF;SAT;NEGATIF;ARTIYOR;SAT;SAT;NOTR;0;03.09.2026
KAYSE;izle;;51,6;15,0;22,1;14,6;0;0;zayif;37,4;49,9;68,8;yukari;guclu;zayif;asagi;0,86;-0,56;0;4,03;-0,25;42430113;3,85;AL;NEGATIF;AL;POZITIF;ARTIYOR;SAT;SAT;NOTR;3;03.09.2026
PETUN;izle;;51,0;15,0;23,0;13,0;0;0;zayif;34,6;50,0;74,8;yukari;guclu;zayif;asagi;0,51;-0,33;1;11,35;-1,30;15697992;10,87;AL;NEGATIF;AL;NEGATIF;AZALIYOR;SAT;SAT;NOTR;2;03.09.2026
ALTNY;izle;;51,0;22,6;17,6;10,8;0;0;zayif;18,7;45,8;71,3;yukari;guclu;zayif;asagi;0,73;-0,23;1;16,66;-4,53;331327283;16,42;SAT;NEGATIF;NOTR;NEGATIF;ARTIYOR;SAT;SAT;NOTR;0;03.09.2026
TDGYO;izle;;50,9;16,9;22,4;11,6;10;1;zayif;21,9;52,6;54,9;yukari;guclu;yukselis;asagi;0,53;0,32;1;16,85;0,54;6716966;16,24;SAT;POZITIF;AL;POZITIF;AZALIYOR;AL;AL;UCUZ (AL);5;03.09.2026
MARKA;izle;;50,4;20,1;14,7;15,6;46;4;ilimli;12,8;45,1;41,0;asagi;zayif;zayif;yukari;0,95;0,21;3;82,55;-0,78;35583178;90,30;SAT;NEGATIF;NOTR;NEGATIF;ARTIYOR;SAT;SAT;NOTR;0;31.08.2026
KONYA;izle;;50,1;13,6;23,0;13,6;10;1;zayif;26,3;49,8;57,7;yukari;guclu;zayif;asagi;0,85;-0,18;1;3780;0,80;41901300;3704,36;AL;NEGATIF;AL;POZITIF;AZALIYOR;SAT;SAT;UCUZ (AL);3;03.09.2026
TERA;izle;;50,0;11,0;30,0;9,0;10;1;zayif;19,8;67,8;80,0;yukari;guclu;yukselis;asagi;0,67;1,66;1;194;1,20;1875213118;177,30;AL;POZITIF;NOTR;POZITIF;AZALIYOR;AL;AL;UCUZ (AL);5;03.09.2026
VESTL;izle;;50,0;10,3;25,6;14,0;12;0;zayif;18,0;58,4;79,8;yukari;guclu;zayif;asagi;3,50;0,35;2;24,06;-3,22;897010285;21,42;AL;POZITIF;NOTR;POZITIF;ARTIYOR;AL;SAT;UCUZ (AL);4;03.09.2026
OZKGY;izle;;49,2;15,7;22,7;10,7;0;0;zayif;28,5;50,1;57,2;yukari;guclu;zayif;asagi;0,33;-0,13;0;13,23;-1,12;24281641;12,25;AL;POZITIF;AL;NEGATIF;AZALIYOR;SAT;SAT;NOTR;3;03.09.2026
EKGYO;izle;;49,2;12,2;23,1;13,8;6;0;zayif;21,2;49,7;49,5;yukari;guclu;zayif;asagi;1,33;-0,16;3;19,51;-2,74;3439371583;18,55;AL;NEGATIF;AL;POZITIF;ARTIYOR;SAT;SAT;NOTR;3;03.09.2026
TSPOR;izle;;49,1;14,3;18,8;16,0;16;1;zayif;42,9;45,3;58,9;asagi;guclu;yukselis;yukari;0,45;-0,10;3;1,02;0,00;192351076;1,20;SAT;NEGATIF;AL;NEGATIF;AZALIYOR;SAT;AL;NOTR;2;03.09.2026
TTRAK;izle;;49,0;12,6;22,0;14,5;6;0;zayif;23,8;47,7;66,1;yukari;guclu;zayif;asagi;0,42;-0,59;3;422,25;-1,86;20517972;407,42;AL;NEGATIF;AL;NEGATIF;ARTIYOR;SAT;SAT;UCUZ (AL);2;03.09.2026
EDATA;izle;;48,9;28,4;10,1;10,4;0;0;zayif;14,8;40,6;47,6;yukari;zayif;zayif;yukari;0,78;-0,65;2;18,03;0,78;62532764;17,57;SAT;NEGATIF;NOTR;NEGATIF;AZALIYOR;SAT;AL;NOTR;1;03.09.2026
YIGIT;izle;;48,5;11,1;24,5;12,8;0;0;zayif;20,0;53,9;78,7;yukari;guclu;zayif;asagi;0,81;0,05;0;22,1;0,00;64106045;20,59;AL;POZITIF;NOTR;POZITIF;AZALIYOR;AL;SAT;NOTR;4;03.09.2026
PNSUT;izle;;48,0;14,7;22,1;11,2;0;0;zayif;29,3;51,2;69,4;yukari;guclu;zayif;asagi;0,52;-0,45;1;10,96;-1,35;21859808;10,32;AL;POZITIF;AL;POZITIF;ARTIYOR;AL;SAT;NOTR;5;03.09.2026
DAGI;izle;;46,9;22,4;12,5;12,0;0;0;guclu trend;29,6;41,3;58,1;asagi;zayif;zayif;yukari;0,94;-0,19;2;9,42;-5,04;85323638;11,32;SAT;NEGATIF;SAT;NEGATIF;ARTIYOR;SAT;SAT;NOTR;0;03.09.2026
ZOREN;izle;;46,6;15,0;13,6;18,0;0;0;zayif;37,3;43,8;58,2;yukari;zayif;zayif;asagi;3,15;-1,93;1;2,3;-5,74;348622983;2,18;AL;NEGATIF;AL;POZITIF;ARTIYOR;AL;SAT;UCUZ (AL);4;03.09.2026
BAGFS;izle;;46,2;15,0;18,2;13,0;32;3;zayif;35,0;48,2;61,0;yukari;guclu;zayif;asagi;0,49;-0,61;0;25,56;-1,99;14394446;24,47;SAT;NEGATIF;AL;NEGATIF;AZALIYOR;SAT;SAT;NOTR;1;03.09.2026
PETKM;izle;;45,9;8,6;25,6;11,8;8;0;ilimli;12,4;52,5;65,4;asagi;guclu;yukselis;asagi;0,64;0,16;1;20,22;1,35;981084712;21,04;AL;POZITIF;NOTR;NEGATIF;AZALIYOR;SAT;SAT;NOTR;2;03.09.2026
ULAS;izle;;45,7;11,0;17,8;16,9;6;0;zayif;19,8;48,3;44,6;yukari;zayif;zayif;asagi;1,23;-1,23;3;21,8;-5,05;6958669;19,75;AL;NEGATIF;NOTR;NEGATIF;ARTIYOR;AL;AL;UCUZ (AL);3;03.09.2026
BALAT;izle;;45,5;1,3;21,9;22,3;0;0;zayif;15,3;53,4;36,9;asagi;guclu;yukselis;asagi;1,39;0,28;2;72,1;5,26;3035122;72,93;SAT;POZITIF;NOTR;NEGATIF;ARTIYOR;AL;AL;NOTR;3;03.09.2026
BIENY;izle;;44,6;12,5;21,6;10,5;0;0;zayif;23,7;46,7;83,0;yukari;guclu;zayif;asagi;0,38;-0,64;2;21,22;-2,30;32356893;20,10;AL;NEGATIF;AL;POZITIF;ARTIYOR;SAT;SAT;UCUZ (AL);3;03.09.2026
TRGYO;izle;;44,1;21,0;17,5;5,6;0;0;zayif;19,4;44,1;49,3;yukari;zayif;zayif;asagi;0,66;-0,88;2;93,4;-0,59;96607076;91,22;AL;NEGATIF;NOTR;POZITIF;AZALIYOR;SAT;SAT;NOTR;2;03.09.2026
PAGYO;izle;;44,1;29,1;7,1;7,9;6;0;zayif;19,8;39,8;34,6;yukari;zayif;zayif;asagi;1,12;-1,18;3;144,8;-2,69;18780270;143,65;SAT;NEGATIF;NOTR;NEGATIF;ARTIYOR;SAT;SAT;NOTR;0;03.09.2026
ISCTR;izle;;43,5;4,3;22,3;16,9;8;0;zayif;22,9;55,1;46,1;asagi;zayif;zayif;asagi;1,13;-0,23;1;12,95;1,33;8863332564;13,05;AL;POZITIF;AL;POZITIF;ARTIYOR;AL;AL;NOTR;6;03.09.2026
OBAMS;izle;;43,3;15,0;20,3;8,0;0;0;zayif;31,8;48,4;58,5;yukari;guclu;zayif;asagi;0,61;-1,20;0;5,27;-4,53;162705416;4,83;AL;NEGATIF;AL;POZITIF;ARTIYOR;SAT;SAT;UCUZ (AL);3;03.09.2026
BIGTK;izle;;42,4;17,1;7,2;18,0;6;0;guclu trend;20,0;38,6;58,6;asagi;zayif;zayif;yukari;2,12;-0,74;3;300;-7,19;421085400;394,41;SAT;NEGATIF;SAT;NEGATIF;ARTIYOR;SAT;SAT;NOTR;0;03.09.2026
SNPAM;izle;;42,3;9,0;18,7;14,7;10;0;zayif;19,3;50,2;61,4;yukari;guclu;zayif;asagi;1,81;-0,47;4;20;2,04;1448500;19,14;SAT;POZITIF;NOTR;NEGATIF;AZALIYOR;SAT;AL;NOTR;2;03.09.2026
MACKO;izle;;42,2;10,9;20,3;11,0;0;0;zayif;18,3;49,8;82,5;yukari;guclu;yukselis;asagi;0,52;-0,13;2;34,76;-0,74;23056134;31,82;SAT;NEGATIF;NOTR;POZITIF;AZALIYOR;SAT;AL;NOTR;2;03.09.2026
PAPIL;izle;;41,0;12,9;20,1;8,0;0;0;zayif;24,7;50,0;70,8;yukari;zayif;zayif;asagi;0,64;-0,58;2;12,83;0,63;70202655;11,65;AL;POZITIF;AL;POZITIF;AZALIYOR;SAT;SAT;UCUZ (AL);4;03.09.2026
PRKME;izle;;40,9;12,9;20,1;8,0;0;0;zayif;24,5;47,9;62,8;yukari;zayif;zayif;asagi;0,34;-0,42;1;18,21;-1,09;26465613;16,33;AL;NEGATIF;AL;POZITIF;AZALIYOR;SAT;SAT;NOTR;3;03.09.2026
ASTOR;izle;;40,5;20,7;6,8;13,1;46;4;zayif;17,2;38,5;41,5;asagi;zayif;zayif;yukari;0,94;-1,07;3;293,5;-7,12;9398189915;363,68;SAT;NEGATIF;NOTR;NEGATIF;ARTIYOR;SAT;SAT;NOTR;0;03.09.2026
FENER;izle;;40,3;12,6;15,9;11,8;0;0;zayif;23,9;45,9;57,1;yukari;zayif;zayif;asagi;0,69;-0,70;2;3,07;0,66;320923138;3,05;SAT;NEGATIF;AL;NEGATIF;AZALIYOR;SAT;SAT;NOTR;1;03.09.2026
ENDAE;izle;;40,0;29,1;10,9;0,0;22;2;zayif;27,8;42,5;62,4;yukari;zayif;zayif;asagi;0,31;-0,73;2;16,94;-1,17;42528615;16,70;SAT;NEGATIF;AL;NEGATIF;AZALIYOR;SAT;AL;NOTR;2;03.09.2026
GSDDE;izle;;40,0;29,6;9,6;0,8;6;0;zayif;23,5;41,7;61,6;yukari;zayif;zayif;asagi;0,75;-0,78;3;12,69;-1,78;53654437;12,38;SAT;NEGATIF;SAT;NEGATIF;AZALIYOR;SAT;SAT;NOTR;0;03.09.2026
SERNT;izle;;39,9;2,8;19,1;18,0;0;0;zayif;19,1;53,2;64,4;asagi;zayif;zayif;asagi;1,42;-0,66;2;8,21;1,48;40666987;8,46;AL;POZITIF;NOTR;POZITIF;AZALIYOR;AL;AL;NOTR;5;03.09.2026
AKMGY;izle;;39,8;21,9;9,6;8,3;10;0;zayif;16,2;40,8;33,8;yukari;zayif;zayif;asagi;0,95;-1,08;5;246;-3,15;10422282;241,49;SAT;NEGATIF;NOTR;NEGATIF;ARTIYOR;SAT;SAT;NOTR;0;03.09.2026
MZHLD;izle;;39,7;12,3;16,2;11,1;0;0;zayif;23,2;44,2;49,7;yukari;zayif;zayif;asagi;1,14;-1,26;1;5,3;0,00;2005615;5,18;AL;NEGATIF;AL;NEGATIF;AZALIYOR;SAT;SAT;UCUZ (AL);2;03.09.2026
ISBIR;izle;;39,6;13,2;20,2;6,2;6;0;zayif;13,2;50,0;63,4;yukari;guclu;yukselis;asagi;0,53;0,06;3;72,5;-1,63;1176023;70,46;SAT;NEGATIF;NOTR;NEGATIF;AZALIYOR;SAT;SAT;NOTR;0;03.09.2026
FORTE;izle;;39,6;22,4;9,1;8,0;20;1;guclu trend;31,4;40,9;39,5;asagi;zayif;zayif;yukari;0,30;-0,72;4;108,5;-2,69;106424287;132,69;SAT;NEGATIF;SAT;NEGATIF;AZALIYOR;SAT;SAT;NOTR;0;03.09.2026
EUPWR;izle;;39,2;22,2;3,0;14,0;0;0;zayif;27,9;32,2;52,0;asagi;zayif;zayif;asagi;1,06;-2,70;2;74,85;-9,98;1176345070;94,50;SAT;NEGATIF;SAT;NEGATIF;ARTIYOR;SAT;SAT;NOTR;0;03.09.2026
SEKUR;izle;;39,0;20,6;10,2;8,1;22;2;zayif;16,7;43,5;34,2;asagi;zayif;zayif;yukari;0,71;-0,63;2;10;-3,38;17443000;11,78;SAT;NEGATIF;NOTR;NEGATIF;ARTIYOR;AL;AL;NOTR;2;03.09.2026
VANGD;izle;;39,0;30,4;7,3;1,2;0;0;guclu trend;30,8;38,5;34,8;yukari;zayif;zayif;asagi;0,66;-0,99;1;89,75;-0,88;12988261;88,63;SAT;NEGATIF;SAT;NEGATIF;AZALIYOR;SAT;SAT;NOTR;0;03.09.2026
BYDNR;izle;;38,8;19,1;6,9;12,8;28;2;zayif;23,6;36,2;48,5;yukari;zayif;zayif;asagi;2,17;-1,39;3;36,46;-4,60;55530913;35,98;SAT;NEGATIF;SAT;NEGATIF;ARTIYOR;SAT;SAT;NOTR;0;03.09.2026
NTHOL;izle;;38,7;12,4;14,7;11,6;40;5;zayif;14,4;44,9;35,6;asagi;zayif;zayif;asagi;0,64;-0,45;2;43,32;-0,41;53683790;46,83;SAT;NEGATIF;NOTR;NEGATIF;AZALIYOR;SAT;AL;NOTR;1;03.09.2026
EPLAS;izle;;38,7;19,3;10,2;9,3;40;5;zayif;28,1;42,2;47,5;yukari;zayif;zayif;asagi;1,13;-1,03;2;5,45;-0,91;29723417;5,32;SAT;NEGATIF;AL;NEGATIF;ARTIYOR;SAT;SAT;NOTR;1;03.09.2026
HLGYO;izle;;38,2;7,0;13,2;18,0;0;0;zayif;37,0;42,2;66,0;asagi;zayif;zayif;asagi;2,47;-2,53;2;4,43;2,78;261492498;4,67;AL;NEGATIF;AL;POZITIF;ARTIYOR;SAT;AL;NOTR;4;03.09.2026
ULUUN;izle;;37,7;14,7;14,9;8,0;0;0;zayif;13,0;43,9;56,0;yukari;zayif;zayif;asagi;0,70;-0,98;2;8,18;-4,22;57250429;7,98;AL;NEGATIF;NOTR;NEGATIF;ARTIYOR;SAT;SAT;NOTR;1;03.09.2026
ISGYO;izle;;37,6;22,2;5,0;10,4;40;4;guclu trend;28,4;35,1;51,6;asagi;zayif;zayif;yukari;0,62;-1,06;2;24,68;-1,67;36249367;28,26;SAT;NEGATIF;SAT;NEGATIF;ARTIYOR;SAT;SAT;NOTR;0;03.09.2026
TUCLK;izle;;37,5;15,0;11,2;11,3;0;0;zayif;30,4;43,3;67,4;yukari;zayif;zayif;asagi;0,61;-1,15;0;3,8;-0,78;21315279;3,67;SAT;NEGATIF;AL;NEGATIF;AZALIYOR;SAT;SAT;NOTR;1;03.09.2026
EDIP;izle;;37,4;18,2;19,1;0,1;10;1;zayif;27,8;45,5;67,8;yukari;zayif;zayif;asagi;0,42;-0,65;1;35,2;-2,22;47014176;32,84;AL;NEGATIF;AL;POZITIF;AZALIYOR;SAT;SAT;NOTR;3;03.09.2026
VESBE;izle;;37,3;11,3;16,0;10,0;0;0;zayif;20,6;45,7;70,9;yukari;zayif;zayif;asagi;5,53;-1,63;1;5,45;-6,03;470381941;5,00;AL;NEGATIF;AL;POZITIF;ARTIYOR;AL;AL;UCUZ (AL);5;03.09.2026
KERVN;izle;;37,3;22,4;3,7;11,2;28;2;guclu trend;31,0;35,3;29,5;asagi;zayif;zayif;yukari;0,89;-1,50;3;8,06;-9,94;8758407;9,98;SAT;NEGATIF;SAT;NEGATIF;ARTIYOR;SAT;AL;NOTR;1;03.09.2026
KTLEV;izle;;36,7;20,9;5,9;10,0;0;0;zayif;18,3;38,5;46,4;asagi;zayif;zayif;asagi;1,82;-1,28;2;45,98;-9,84;10185539948;64,89;SAT;NEGATIF;NOTR;NEGATIF;ARTIYOR;SAT;SAT;PAHALI (SAT);0;03.09.2026
CASA;izle;;36,6;8,6;18,4;9,6;6;0;zayif;16,4;48,3;39,8;yukari;zayif;zayif;asagi;0,67;-1,58;3;69,65;-3,73;741981;66,38;AL;NEGATIF;NOTR;NEGATIF;ARTIYOR;AL;AL;UCUZ (AL);3;03.09.2026
ODAS;izle;;36,5;11,9;14,6;10,0;6;0;zayif;19,2;44,3;54,8;asagi;zayif;zayif;asagi;1,31;-1,16;3;7,28;-1,22;489828670;7,86;AL;NEGATIF;NOTR;POZITIF;ARTIYOR;AL;SAT;NOTR;3;03.09.2026
ASGYO;izle;;36,3;1,1;16,1;19,1;0;0;zayif;20,1;44,8;61,5;asagi;zayif;zayif;asagi;1,67;-1,10;0;11,04;0,82;60508915;11,69;AL;NEGATIF;SAT;NEGATIF;ARTIYOR;SAT;AL;NOTR;2;03.09.2026
HRKET;izle;;36,3;20,1;8,1;8,0;0;0;zayif;13,7;41,7;39,5;yukari;zayif;zayif;asagi;0,34;-1,04;1;91,5;0,11;79665756;86,29;SAT;NEGATIF;NOTR;NEGATIF;AZALIYOR;SAT;SAT;NOTR;0;03.09.2026
BERA;izle;;35,6;13,8;13,2;8,5;0;0;zayif;27,0;42,2;52,0;yukari;zayif;zayif;asagi;1,21;-1,88;2;13,14;-3,38;131324143;12,59;AL;NEGATIF;AL;NEGATIF;ARTIYOR;SAT;SAT;UCUZ (AL);2;03.09.2026
EGEPO;izle;;35,5;11,9;5,6;18,0;0;0;zayif;28,9;35,4;31,3;asagi;zayif;zayif;asagi;2,80;-2,69;1;15,48;-9,95;140883356;18,26;SAT;NEGATIF;SAT;NEGATIF;ARTIYOR;AL;AL;NOTR;2;03.09.2026
SUWEN;izle;;35,4;0,6;24,0;10,8;12;0;zayif;13,5;53,9;82,2;asagi;guclu;zayif;asagi;10,43;-0,16;2;6,71;-1,03;559803786;7,06;AL;POZITIF;NOTR;POZITIF;ARTIYOR;AL;AL;UCUZ (AL);5;03.09.2026
TCKRC;izle;;35,2;21,8;5,5;8,0;6;0;guclu trend;24,9;37,1;32,7;asagi;zayif;zayif;yukari;0,51;-1,09;3;140,3;-1,89;232702843;163,97;SAT;NEGATIF;SAT;NEGATIF;AZALIYOR;SAT;AL;NOTR;1;03.09.2026
KNFRT;izle;;35,2;13,8;13,4;8,0;10;0;zayif;18,1;44,4;71,1;yukari;zayif;zayif;asagi;0,39;-0,73;4;11,84;-3,97;25347818;11,09;SAT;NEGATIF;NOTR;NEGATIF;ARTIYOR;SAT;SAT;NOTR;0;03.09.2026
MPARK;izle;;35,2;15,5;10,7;8,9;10;0;zayif;24,6;41,8;42,6;yukari;zayif;zayif;asagi;0,89;-1,05;4;416;0,91;283619648;410,98;SAT;NEGATIF;SAT;NEGATIF;ARTIYOR;SAT;AL;NOTR;1;03.09.2026
HUBVC;izle;;35,1;1,5;19,4;14,3;10;0;zayif;15,8;52,3;38,6;asagi;zayif;zayif;asagi;1,78;-0,89;4;2,68;0,37;8889311;2,75;AL;POZITIF;NOTR;POZITIF;ARTIYOR;AL;AL;NOTR;5;03.09.2026
BRMEN;izle;;35,1;14,8;6,3;14,0;10;0;zayif;25,1;32,6;22,3;asagi;zayif;zayif;asagi;1,91;-3,09;5;13,1;0,92;7857066;15,17;SAT;NEGATIF;SAT;NEGATIF;ARTIYOR;SAT;AL;NOTR;1;03.09.2026
MAKTK;izle;;35,0;13,4;13,6;8,0;0;0;zayif;26,0;43,5;76,5;yukari;zayif;zayif;asagi;0,66;-1,55;0;9,91;-3,69;29871406;9,45;AL;NEGATIF;AL;POZITIF;ARTIYOR;SAT;SAT;UCUZ (AL);3;03.09.2026
VKGYO;izle;;34,6;1,8;13,1;19,7;0;0;zayif;25,2;40,6;48,6;asagi;zayif;zayif;asagi;1,55;-2,17;1;1,9;-0,52;52846480;2,01;AL;NEGATIF;SAT;NEGATIF;ARTIYOR;SAT;SAT;NOTR;1;03.09.2026
BMSTL;izle;;34,6;17,3;13,8;3,5;16;1;zayif;14,3;43,7;36,5;asagi;zayif;zayif;asagi;0,78;-0,67;3;43,68;-0,50;95734592;47,94;SAT;NEGATIF;NOTR;NEGATIF;AZALIYOR;SAT;AL;NOTR;1;03.09.2026
IZMDC;izle;;34,3;22,4;1,9;10,0;28;2;zayif;31,8;31,2;38,5;asagi;zayif;zayif;asagi;2,74;-1,85;3;9,96;-2,73;325380192;13,26;SAT;NEGATIF;SAT;NEGATIF;ARTIYOR;SAT;SAT;NOTR;0;03.09.2026
GUNDG;izle;;34,3;21,1;5,2;8,0;0;0;zayif;20,3;37,8;71,3;asagi;zayif;zayif;asagi;0,49;-1,54;2;1395;3,33;305453385;2009,99;SAT;NEGATIF;SAT;NEGATIF;ARTIYOR;SAT;SAT;PAHALI (SAT);0;03.09.2026
MNDRS;izle;;34,2;12,0;16,1;6,2;0;0;zayif;29,9;45,3;60,2;asagi;guclu;zayif;asagi;0,83;-0,71;1;10,95;-3,10;31951903;12,77;SAT;NEGATIF;AL;NEGATIF;ARTIYOR;SAT;SAT;UCUZ (AL);1;03.09.2026
OZGYO;izle;;34,1;10,0;8,9;15,1;6;0;zayif;30,6;42,0;44,0;asagi;zayif;zayif;asagi;1,13;-1,26;3;2,01;-4,74;43731910;2,29;SAT;NEGATIF;AL;NEGATIF;ARTIYOR;SAT;SAT;NOTR;1;03.09.2026
ISSEN;izle;;34,1;1,4;20,2;12,5;0;0;zayif;15,5;47,0;73,7;asagi;zayif;zayif;asagi;5,30;-0,94;1;6,93;-1,84;47586605;7,43;AL;NEGATIF;NOTR;NEGATIF;ARTIYOR;AL;SAT;NOTR;2;03.09.2026
TSKB;izle;;34,0;0,3;19,9;13,8;0;0;zayif;14,2;47,7;46,2;asagi;zayif;zayif;asagi;0,82;-0,94;2;11,04;0,64;136332850;11,64;AL;NEGATIF;NOTR;POZITIF;AZALIYOR;SAT;SAT;UCUZ (AL);2;03.09.2026
DYOBY;izle;;33,6;15,0;10,2;8,4;22;2;zayif;30,8;42,8;55,4;yukari;zayif;zayif;asagi;0,30;-1,41;1;12,96;-1,29;12610300;12,37;SAT;NEGATIF;AL;NEGATIF;AZALIYOR;SAT;SAT;NOTR;1;03.09.2026
OYAKC;izle;;33,2;6,6;13,1;13,5;0;0;zayif;23,6;42,5;67,9;asagi;guclu;zayif;asagi;0,57;-0,76;2;21,06;-3,84;300408369;23,63;SAT;NEGATIF;SAT;NEGATIF;ARTIYOR;SAT;SAT;UCUZ (AL);0;03.09.2026
BASGZ;izle;;33,1;7,8;19,7;5,5;22;2;zayif;22,1;47,1;54,2;asagi;zayif;zayif;asagi;0,66;-1,05;2;44,2;0,00;10271859;46,46;AL;NEGATIF;AL;POZITIF;AZALIYOR;SAT;SAT;NOTR;3;03.09.2026
SNGYO;izle;;32,3;11,8;14,5;6,0;0;0;zayif;21,7;44,4;51,5;yukari;zayif;zayif;asagi;1,06;-1,27;1;3,24;-3,57;60588914;3,17;AL;NEGATIF;AL;POZITIF;ARTIYOR;SAT;SAT;UCUZ (AL);3;03.09.2026
KORDS;izle;;32,1;22,2;9,9;0,0;6;0;guclu trend;28,0;40,7;41,9;asagi;zayif;zayif;asagi;0,70;-0,87;3;75,5;-9,63;144915229;93,40;SAT;NEGATIF;SAT;NEGATIF;ARTIYOR;SAT;SAT;NOTR;0;03.09.2026
PRDGS;izle;;32,0;25,2;6,7;0,0;16;1;zayif;37,6;40,2;50,5;yukari;zayif;zayif;asagi;0,62;-1,26;3;7,04;-3,83;41683692;6,87;SAT;NEGATIF;AL;NEGATIF;AZALIYOR;SAT;SAT;NOTR;1;03.09.2026
HATEK;izle;;31,7;11,4;16,3;4,0;0;0;zayif;20,7;45,8;51,9;yukari;zayif;zayif;asagi;0,51;-1,36;1;12,79;-3,62;19563763;11,48;AL;NEGATIF;AL;NEGATIF;AZALIYOR;AL;SAT;NOTR;3;03.09.2026
SEGMN;izle;;31,6;17,4;6,2;8,0;6;0;zayif;20,4;40,1;44,6;yukari;zayif;zayif;asagi;0,33;-1,42;3;47;-2,41;23028120;46,64;SAT;NEGATIF;SAT;NEGATIF;AZALIYOR;SAT;SAT;NOTR;0;03.09.2026
MAGEN;izle;;31,6;0,5;17,1;14,0;0;0;zayif;15,8;45,1;49,1;asagi;zayif;zayif;asagi;1,03;-1,69;2;33,9;2,67;598013459;37,68;AL;NEGATIF;NOTR;NEGATIF;ARTIYOR;SAT;SAT;NOTR;1;03.09.2026
BRKSN;izle;;31,5;8,9;12,6;10,1;6;0;zayif;18,4;43,2;48,6;yukari;guclu;zayif;asagi;0,97;-0,92;3;7,75;-0,26;2742221;7,34;SAT;NEGATIF;NOTR;NEGATIF;AZALIYOR;SAT;SAT;NOTR;0;03.09.2026
CCOLA;izle;;31,5;14,4;9,8;7,3;0;0;zayif;28,3;43,4;46,0;asagi;zayif;zayif;asagi;0,76;-1,37;2;78,8;0,57;417229767;84,19;SAT;NEGATIF;SAT;NEGATIF;AZALIYOR;AL;AL;NOTR;2;03.09.2026
PEKGY;izle;;31,4;12,2;1,2;18,0;32;3;zayif;28,0;28,1;64,2;asagi;zayif;zayif;asagi;1,83;-3,64;0;11,5;-9,95;3155170142;14,96;SAT;NEGATIF;SAT;NEGATIF;ARTIYOR;SAT;SAT;NOTR;0;03.09.2026
UFUK;izle;;31,3;11,0;2,3;18,0;32;3;zayif;18,2;31,0;34,9;asagi;zayif;zayif;asagi;4,55;-1,88;2;1500;0,07;465888000;1791,10;SAT;NEGATIF;NOTR;NEGATIF;AZALIYOR;SAT;SAT;NOTR;0;03.09.2026
BOSSA;izle;;30,9;8,4;11,5;11,0;10;0;zayif;15,0;43,6;26,7;yukari;zayif;zayif;asagi;0,45;-0,83;4;6,34;-0,16;12920020;6,19;SAT;NEGATIF;NOTR;NEGATIF;AZALIYOR;SAT;SAT;NOTR;0;03.09.2026
MAALT;izle;;30,8;12,4;18,4;0,0;8;0;zayif;23,4;47,2;24,0;yukari;zayif;zayif;asagi;0,66;-0,96;2;1010;-0,30;29659660;954,44;AL;NEGATIF;AL;POZITIF;AZALIYOR;SAT;SAT;NOTR;3;03.09.2026
KLNMA;izle;;30,8;8,0;18,1;4,7;6;0;zayif;10,6;45,4;42,7;yukari;zayif;zayif;asagi;0,87;-1,62;3;8,89;0,57;1126541;8,79;AL;NEGATIF;NOTR;NEGATIF;AZALIYOR;SAT;AL;NOTR;2;03.09.2026
BRKO;izle;;30,5;8,9;21,6;0,0;0;0;zayif;14,5;49,3;46,6;asagi;zayif;zayif;asagi;0,59;-0,40;2;12;-1,64;2747364;13,21;AL;NEGATIF;NOTR;NEGATIF;ARTIYOR;AL;SAT;NOTR;2;03.09.2026
OTKAR;izle;;30,3;8,5;13,9;8,0;0;0;zayif;15,4;43,3;64,8;yukari;zayif;zayif;asagi;0,32;-1,62;2;308,5;-2,53;61407851;298,05;AL;NEGATIF;NOTR;NEGATIF;AZALIYOR;SAT;SAT;UCUZ (AL);1;03.09.2026
OZYSR;izle;;30,3;8,9;5,2;16,3;0;0;zayif;24,3;36,8;41,6;asagi;zayif;zayif;asagi;1,17;-1,61;1;11,55;-3,51;37587315;12,95;SAT;NEGATIF;SAT;NEGATIF;ARTIYOR;SAT;AL;NOTR;1;03.09.2026
BESLR;izle;;30,3;10,8;15,0;4,5;22;2;zayif;19,1;46,7;45,3;yukari;zayif;zayif;asagi;0,92;-0,88;2;12,77;-1,08;41144621;11,92;SAT;NEGATIF;NOTR;NEGATIF;AZALIYOR;SAT;SAT;NOTR;0;03.09.2026
ANHYT;izle;;30,2;5,4;14,2;10,6;0;0;zayif;15,0;43,2;41,0;asagi;zayif;zayif;asagi;0,47;-0,81;1;104;0,19;36439416;112,59;SAT;NEGATIF;NOTR;NEGATIF;AZALIYOR;SAT;AL;NOTR;1;03.09.2026
BNTAS;izle;;29,9;13,2;10,6;6,1;6;0;zayif;25,3;41,2;48,7;yukari;zayif;zayif;asagi;0,77;-1,14;3;6,14;-0,65;24224738;5,97;SAT;NEGATIF;AL;NEGATIF;AZALIYOR;SAT;SAT;NOTR;1;03.09.2026
FADE;izle;;29,9;6,5;15,4;8,0;0;0;zayif;11,7;45,1;60,7;asagi;zayif;zayif;asagi;0,24;-0,67;1;15,41;-0,58;22216243;17,28;SAT;NEGATIF;NOTR;POZITIF;AZALIYOR;SAT;SAT;NOTR;1;03.09.2026
IHLAS;izle;;29,5;15,0;14,5;0,0;0;0;zayif;32,1;43,4;45,6;yukari;zayif;zayif;asagi;0,59;-2,55;1;1,04;-1,89;75617878;0,99;AL;NEGATIF;AL;NEGATIF;AZALIYOR;SAT;SAT;UCUZ (AL);2;03.09.2026
SKTAS;izle;;29,0;5,1;18,0;5,8;8;0;zayif;25,2;45,4;62,2;asagi;zayif;zayif;asagi;0,81;-0,98;2;3,18;-2,15;42106558;3,49;AL;NEGATIF;AL;NEGATIF;AZALIYOR;AL;AL;NOTR;4;03.09.2026
FRIGO;izle;;28,8;6,0;14,8;8,0;10;1;zayif;19,5;42,8;57,8;asagi;guclu;yukselis;asagi;1,18;-1,04;2;2,25;-10,00;127895600;2,80;SAT;NEGATIF;NOTR;NEGATIF;ARTIYOR;SAT;SAT;NOTR;0;03.09.2026
AKSEN;izle;;28,7;12,3;8,4;8,0;0;0;zayif;23,3;39,5;39,2;asagi;zayif;zayif;asagi;0,51;-1,83;2;79,35;-2,64;550933160;89,03;SAT;NEGATIF;SAT;NEGATIF;ARTIYOR;SAT;AL;NOTR;1;03.09.2026
KENT;izle;;28,0;0,7;17,7;9,6;10;1;zayif;17,4;48,2;57,6;asagi;guclu;zayif;asagi;0,64;-0,44;1;364,25;0,07;1402363;404,52;SAT;NEGATIF;NOTR;POZITIF;ARTIYOR;SAT;SAT;UCUZ (AL);1;03.09.2026
GESAN;izle;;27,9;19,1;1,8;7,0;10;1;zayif;29,3;29,9;53,6;asagi;zayif;zayif;asagi;1,12;-2,91;2;67,2;-9,98;850530173;82,18;SAT;NEGATIF;SAT;NEGATIF;ARTIYOR;SAT;SAT;NOTR;0;03.09.2026
OYYAT;izle;;27,9;3,7;12,7;11,5;0;0;zayif;21,6;40,6;68,1;asagi;zayif;zayif;asagi;0,91;-2,28;1;34,28;-2,89;19108392;37,66;AL;NEGATIF;AL;NEGATIF;AZALIYOR;SAT;SAT;NOTR;2;03.09.2026
KCAER;izle;;27,8;18,8;2,1;6,9;22;2;zayif;29,9;29,7;53,2;asagi;zayif;zayif;asagi;1,04;-1,78;2;13,92;-9,02;224935298;16,58;SAT;NEGATIF;SAT;NEGATIF;ARTIYOR;SAT;SAT;NOTR;0;03.09.2026
EREGL;izle;;27,7;13,2;6,0;8,6;0;0;zayif;16,2;35,1;48,0;asagi;zayif;zayif;asagi;0,66;-2,09;0;36,58;-2,71;4662812801;40,58;SAT;NEGATIF;NOTR;NEGATIF;ARTIYOR;SAT;SAT;NOTR;0;03.09.2026
BIZIM;izle;;27,4;4,8;14,5;8,2;10;1;zayif;24,3;41,5;62,4;asagi;zayif;zayif;asagi;0,60;-1,71;2;23,78;-1,74;3774219;25,28;AL;NEGATIF;AL;NEGATIF;AZALIYOR;SAT;SAT;NOTR;2;03.09.2026
TSGYO;izle;;27,2;11,6;7,6;8,0;16;1;zayif;21,2;40,7;66,1;yukari;zayif;zayif;asagi;0,48;-2,01;3;5,66;-2,25;10393916;5,50;SAT;NEGATIF;AL;NEGATIF;AZALIYOR;SAT;SAT;UCUZ (AL);1;03.09.2026
MEPET;izle;;26,9;11,2;7,8;8,0;0;0;zayif;13,1;41,0;48,5;yukari;zayif;zayif;asagi;0,47;-1,44;1;19,08;-4,31;2689212;17,93;SAT;NEGATIF;NOTR;NEGATIF;AZALIYOR;SAT;SAT;NOTR;0;03.09.2026
GOODY;izle;;26,8;9,2;13,6;4,0;0;0;zayif;15,0;45,3;66,1;yukari;zayif;zayif;asagi;0,15;-0,96;2;2,62;-1,50;14963734;2,60;SAT;NEGATIF;NOTR;NEGATIF;AZALIYOR;SAT;AL;NOTR;1;03.09.2026
MARBL;izle;;26,6;0,6;15,2;10,8;10;1;zayif;16,4;41,5;59,8;asagi;zayif;zayif;asagi;0,76;-1,22;2;12,05;-1,87;11805337;13,00;AL;NEGATIF;NOTR;NEGATIF;AZALIYOR;SAT;SAT;NOTR;1;03.09.2026
ERSU;izle;;26,6;12,8;5,8;8,0;0;0;zayif;16,1;37,1;47,4;asagi;zayif;zayif;asagi;0,45;-1,35;1;22,66;-3,98;3996544;27,35;SAT;NEGATIF;NOTR;NEGATIF;AZALIYOR;SAT;SAT;NOTR;0;03.09.2026
ICBCT;izle;;26,2;11,1;5,0;10,0;0;0;zayif;10,3;34,8;21,7;asagi;zayif;zayif;asagi;1,34;-1,70;2;18,98;-2,32;51253535;22,07;SAT;NEGATIF;NOTR;NEGATIF;ARTIYOR;SAT;SAT;NOTR;0;03.09.2026
AYES;izle;;26,1;13,4;12,7;0,0;6;0;zayif;15,2;45,3;26,6;asagi;zayif;zayif;asagi;0,16;-0,96;3;30;1,49;977460;32,95;SAT;NEGATIF;NOTR;NEGATIF;AZALIYOR;SAT;AL;NOTR;1;03.09.2026
MOBTL;izle;;26,1;9,4;6,7;10,0;32;2;zayif;13,5;38,6;29,7;asagi;zayif;zayif;asagi;1,73;-2,01;4;12,4;-3,43;89119916;14,35;SAT;NEGATIF;NOTR;NEGATIF;ARTIYOR;SAT;SAT;NOTR;0;03.09.2026
MOGAN;izle;;26,0;16,0;0,0;10,0;38;3;zayif;31,9;24,7;32,0;asagi;zayif;zayif;asagi;1,65;-2,93;3;13,96;-9,99;438209091;18,92;SAT;NEGATIF;SAT;NEGATIF;ARTIYOR;SAT;SAT;NOTR;0;03.09.2026
KRDMB;izle;;25,8;20,7;2,8;2,4;0;0;zayif;16,9;29,9;41,9;asagi;zayif;zayif;asagi;0,84;-2,22;1;110,7;-10,00;193930238;138,79;SAT;NEGATIF;NOTR;NEGATIF;ARTIYOR;SAT;SAT;PAHALI (SAT);0;03.09.2026
DESA;izle;;25,7;8,8;8,9;8,0;0;0;zayif;18,0;43,2;39,7;yukari;zayif;zayif;asagi;0,34;-1,66;2;9,62;0,21;16019618;9,23;SAT;NEGATIF;NOTR;NEGATIF;AZALIYOR;SAT;SAT;NOTR;0;03.09.2026
PINSU;izle;;25,7;5,1;12,6;8,0;0;0;zayif;25,0;39,6;61,7;asagi;zayif;zayif;asagi;0,50;-1,77;0;10,02;-1,67;20134078;11,02;AL;NEGATIF;AL;NEGATIF;ARTIYOR;SAT;SAT;UCUZ (AL);2;03.09.2026
INFO;izle;;25,7;20,3;3,0;2,4;0;0;zayif;14,6;32,2;28,7;asagi;zayif;zayif;asagi;0,84;-1,89;1;5,24;-8,07;226063797;6,96;SAT;NEGATIF;NOTR;NEGATIF;ARTIYOR;SAT;AL;NOTR;1;03.09.2026
CUSAN;izle;;25,5;3,8;13,7;8,0;0;0;zayif;21,8;44,1;32,4;asagi;zayif;zayif;asagi;0,21;-0,75;2;23,7;-1,66;14210449;27,44;SAT;NEGATIF;AL;NEGATIF;AZALIYOR;SAT;AL;NOTR;2;03.09.2026
ALGYO;izle;;25,2;8,8;16,4;0,0;0;0;zayif;17,7;43,7;49,6;yukari;zayif;zayif;asagi;0,63;-2,62;1;3,51;-1,13;58839260;3,35;AL;NEGATIF;NOTR;NEGATIF;AZALIYOR;SAT;SAT;NOTR;1;03.09.2026
MIATK;izle;;25,1;0,6;6,5;18,0;10;0;zayif;16,2;33,3;34,6;asagi;zayif;zayif;asagi;1,84;-3,48;4;27,92;1,53;801918491;31,12;SAT;NEGATIF;NOTR;NEGATIF;ARTIYOR;SAT;AL;NOTR;1;03.09.2026
MEKAG;izle;;24,9;3,3;13,6;8,0;0;0;zayif;20,5;43,7;70,9;asagi;zayif;zayif;asagi;0,60;-2,24;1;2,95;-1,67;18372337;3,17;AL;NEGATIF;AL;POZITIF;ARTIYOR;SAT;SAT;NOTR;3;03.09.2026
GEDZA;izle;;24,7;9,5;7,2;8,0;22;2;zayif;22,7;38,1;61,2;yukari;zayif;zayif;asagi;0,47;-1,90;2;27,52;-3,30;6782992;27,38;SAT;NEGATIF;SAT;NEGATIF;ARTIYOR;SAT;SAT;NOTR;0;03.09.2026
MNDTR;izle;;24,6;3,8;10,7;10,1;0;0;zayif;21,7;34,1;59,8;asagi;zayif;zayif;asagi;1,46;-2,72;2;4,89;0,00;13471779;5,30;AL;NEGATIF;AL;NEGATIF;ARTIYOR;SAT;SAT;UCUZ (AL);2;03.09.2026
ETILR;izle;;24,5;18,5;6,0;0,0;6;0;zayif;12,8;38,4;35,3;asagi;zayif;zayif;asagi;0,50;-1,31;3;5,41;-3,05;18450150;6,46;SAT;NEGATIF;NOTR;NEGATIF;AZALIYOR;SAT;SAT;NOTR;0;03.09.2026
AFYON;izle;;24,4;1,2;10,5;12,8;10;1;zayif;15,0;42,1;55,6;asagi;zayif;zayif;asagi;0,41;-1,36;2;12,35;-0,96;7419386;13,12;SAT;NEGATIF;NOTR;NEGATIF;AZALIYOR;SAT;SAT;NOTR;0;03.09.2026
ISKPL;izle;;24,3;8,3;8,1;8,0;6;0;zayif;14,1;40,1;53,4;yukari;zayif;zayif;asagi;0,57;-2,36;3;7,32;-7,34;216733342;7,02;SAT;NEGATIF;NOTR;NEGATIF;ARTIYOR;SAT;SAT;NOTR;0;03.09.2026
SDTTR;izle;;24,3;11,0;5,3;8,0;10;1;zayif;19,5;37,7;58,2;asagi;zayif;zayif;asagi;0,51;-1,56;1;20,4;-3,86;129232552;24,84;SAT;NEGATIF;NOTR;NEGATIF;AZALIYOR;SAT;SAT;NOTR;0;03.09.2026
GARFA;izle;;24,3;0,0;16,3;8,0;0;0;zayif;11,4;44,1;66,1;asagi;zayif;zayif;asagi;0,54;-1,29;0;26,52;-1,34;17198830;28,60;AL;NEGATIF;NOTR;NEGATIF;AZALIYOR;SAT;SAT;NOTR;1;03.09.2026
SANEL;izle;;24,2;13,3;6,5;4,4;0;0;zayif;14,5;37,9;46,9;asagi;zayif;zayif;asagi;0,72;-1,85;2;52,75;-4,18;19691470;68,09;SAT;NEGATIF;NOTR;NEGATIF;AZALIYOR;SAT;SAT;NOTR;0;03.09.2026
DGGYO;izle;;24,2;3,7;14,4;6,1;0;0;zayif;11,4;43,8;33,7;asagi;zayif;zayif;asagi;0,83;-1,18;1;33,18;0,30;3616089;37,18;AL;NEGATIF;NOTR;NEGATIF;AZALIYOR;SAT;AL;NOTR;2;03.09.2026
KOCMT;izle;;24,1;12,6;1,6;10,0;38;3;zayif;33,1;30,2;42,4;asagi;zayif;zayif;asagi;1,55;-2,81;3;3,4;-9,81;361398733;4,79;SAT;NEGATIF;SAT;NEGATIF;AZALIYOR;SAT;SAT;NOTR;0;03.09.2026
TURSG;izle;;24,1;4,0;7,7;12,4;10;0;zayif;14,0;39,3;42,3;asagi;zayif;zayif;asagi;1,26;-1,54;4;6;-0,99;473674458;6,60;SAT;NEGATIF;NOTR;NEGATIF;ARTIYOR;SAT;AL;NOTR;1;03.09.2026
ODINE;izle;;24,0;22,3;1,7;0,0;0;0;zayif;29,2;30,6;43,6;asagi;zayif;zayif;asagi;0,12;-2,99;0;1468;-9,99;111639932;2226,73;SAT;NEGATIF;SAT;NEGATIF;AZALIYOR;SAT;SAT;PAHALI (SAT);0;03.09.2026
IHLGM;izle;;23,9;3,8;12,2;8,0;0;0;zayif;21,6;38,9;65,5;asagi;zayif;zayif;asagi;0,61;-2,65;1;1,55;-1,90;20092949;1,69;AL;NEGATIF;AL;NEGATIF;AZALIYOR;SAT;SAT;UCUZ (AL);2;03.09.2026
ZEDUR;izle;;23,9;2,4;10,3;11,1;0;0;zayif;32,6;32,8;52,2;asagi;zayif;zayif;asagi;0,88;-3,11;1;7,45;-3,37;9891924;8,33;AL;NEGATIF;SAT;NEGATIF;ARTIYOR;SAT;SAT;NOTR;1;03.09.2026
ULKER;izle;;23,7;2,2;13,5;8,0;32;3;zayif;28,0;40,9;54,6;asagi;zayif;zayif;asagi;0,50;-2,60;2;88,65;-1,45;352083847;97,01;AL;NEGATIF;SAT;NEGATIF;AZALIYOR;SAT;SAT;UCUZ (AL);1;03.09.2026
MTRYO;izle;;23,4;0,8;12,6;10,0;20;1;zayif;18,1;40,2;48,7;asagi;zayif;zayif;asagi;1,53;-1,48;4;8,7;-2,47;4174373;9,63;AL;NEGATIF;NOTR;NEGATIF;AZALIYOR;SAT;SAT;NOTR;1;03.09.2026
ISFIN;izle;;23,3;7,2;10,3;5,9;10;1;zayif;16,2;35,6;28,7;asagi;zayif;zayif;asagi;0,53;-1,28;2;19,31;-0,31;19875474;20,57;SAT;NEGATIF;NOTR;NEGATIF;AZALIYOR;SAT;SAT;NOTR;0;03.09.2026
TEKTU;izle;;23,2;1,8;11,4;10,0;0;0;zayif;16,6;36,5;50,3;asagi;zayif;zayif;asagi;4,18;-2,36;2;7,36;-5,40;263546262;8,40;AL;NEGATIF;NOTR;NEGATIF;ARTIYOR;SAT;SAT;UCUZ (AL);1;03.09.2026
DOKTA;izle;;23,0;12,6;10,2;0,2;10;1;zayif;23,7;42,4;67,7;yukari;zayif;zayif;asagi;0,41;-1,16;2;22,02;-1,70;7646115;21,43;SAT;NEGATIF;AL;NEGATIF;AZALIYOR;SAT;SAT;NOTR;1;03.09.2026
DUNYH;izle;;22,9;16,4;2,6;4,0;20;1;zayif;29,9;31,5;45,7;asagi;zayif;zayif;asagi;0,94;-2,03;5;122,1;-9,96;147291672;163,45;SAT;NEGATIF;SAT;NEGATIF;ARTIYOR;SAT;SAT;NOTR;0;03.09.2026
GLCVY;izle;;22,9;0,5;13,9;8,5;10;1;zayif;15,8;42,4;57,9;asagi;zayif;zayif;asagi;0,42;-1,50;1;50,95;-1,36;14740803;55,12;AL;NEGATIF;NOTR;NEGATIF;ARTIYOR;SAT;SAT;UCUZ (AL);1;03.09.2026
DERIM;izle;;22,8;6,6;8,2;8,0;22;2;zayif;28,9;40,8;55,1;asagi;zayif;zayif;asagi;0,47;-1,26;1;34,54;-3,14;7529824;40,32;SAT;NEGATIF;AL;NEGATIF;AZALIYOR;SAT;SAT;NOTR;1;03.09.2026
DNISI;izle;;22,7;8,7;6,0;8,0;10;1;zayif;17,4;38,0;57,5;yukari;zayif;zayif;asagi;0,42;-1,67;2;4,35;-1,81;7671886;4,34;SAT;NEGATIF;NOTR;NEGATIF;AZALIYOR;SAT;SAT;NOTR;0;03.09.2026
GENTS;izle;;22,6;0,9;11,6;10,0;0;0;zayif;18,8;37,1;53,5;asagi;zayif;zayif;asagi;1,32;-3,80;0;5,07;1,40;39497409;5,56;AL;NEGATIF;NOTR;NEGATIF;ARTIYOR;SAT;SAT;UCUZ (AL);1;03.09.2026
ADEL;izle;;22,3;12,0;10,3;0,0;10;1;zayif;33,0;41,5;49,5;asagi;zayif;zayif;asagi;0,37;-1,11;1;30,84;-3,32;73798547;36,90;SAT;NEGATIF;AL;NEGATIF;AZALIYOR;SAT;SAT;NOTR;1;03.09.2026
TUKAS;izle;;22,3;1,5;10,8;10,0;6;0;zayif;22,7;34,4;48,3;asagi;zayif;zayif;asagi;1,30;-3,47;3;1,93;-2,53;142302530;2,11;AL;NEGATIF;SAT;NEGATIF;ARTIYOR;SAT;SAT;UCUZ (AL);1;03.09.2026
SODSN;izle;;21,8;10,4;11,4;0,0;6;0;zayif;30,3;36,2;39,4;yukari;zayif;zayif;asagi;0,28;-3,67;3;7,4;-1,33;192415;7,13;AL;NEGATIF;SAT;NEGATIF;AZALIYOR;SAT;SAT;UCUZ (AL);1;03.09.2026
MERIT;izle;;21,6;0,0;8,5;13,1;0;0;zayif;9,0;39,6;32,4;asagi;zayif;zayif;asagi;1,01;-1,77;0;15,57;0,06;38810047;16,57;SAT;NEGATIF;NOTR;NEGATIF;AZALIYOR;SAT;SAT;NOTR;0;03.09.2026
DENGE;izle;;21,3;4,5;9,5;7,3;22;2;zayif;23,5;43,4;75,7;asagi;zayif;zayif;asagi;1,05;-1,15;2;2,25;0,90;44644223;2,55;SAT;NEGATIF;AL;NEGATIF;AZALIYOR;SAT;SAT;UCUZ (AL);1;03.09.2026
SKBNK;izle;;20,6;2,4;10,2;8,0;0;0;zayif;42,7;32,2;67,2;asagi;zayif;zayif;asagi;0,66;-7,34;0;6,29;0,00;586217955;7,34;AL;NEGATIF;SAT;POZITIF;AZALIYOR;AL;SAT;NOTR;3;03.09.2026
AKFYE;izle;;20,6;10,3;9,3;1,0;0;0;zayif;11,3;42,3;47,0;asagi;zayif;zayif;asagi;0,76;-1,14;1;22,64;-0,53;114028352;25,16;SAT;NEGATIF;NOTR;NEGATIF;AZALIYOR;SAT;SAT;NOTR;0;03.09.2026
LKMNH;izle;;20,5;2,4;11,9;6,2;6;0;zayif;39,9;38,1;44,3;asagi;zayif;zayif;asagi;0,97;-2,23;3;13,28;-1,56;18281593;14,47;AL;NEGATIF;SAT;NEGATIF;ARTIYOR;SAT;SAT;UCUZ (AL);1;03.09.2026
EUYO;izle;;20,3;0,3;9,0;10,9;10;1;zayif;14,2;41,8;35,5;asagi;zayif;zayif;asagi;0,88;-1,69;1;4,8;-3,81;4857091;5,38;SAT;NEGATIF;NOTR;NEGATIF;AZALIYOR;AL;AL;NOTR;2;03.09.2026
GSRAY;izle;;20,3;7,4;9,5;3,3;0;0;zayif;37,8;38,7;80,5;asagi;zayif;zayif;asagi;0,44;-1,16;2;1,01;-1,94;124563519;1,14;SAT;NEGATIF;SAT;NEGATIF;AZALIYOR;SAT;SAT;UCUZ (AL);0;03.09.2026
KUTPO;izle;;20,2;7,0;4,6;8,6;46;5;zayif;31,1;32,2;41,9;asagi;zayif;zayif;asagi;1,11;-2,75;3;77,45;-1,78;14553552;84,72;SAT;NEGATIF;AL;NEGATIF;ARTIYOR;SAT;SAT;UCUZ (AL);1;03.09.2026
PENTA;izle;;20,2;0,0;10,5;9,7;32;3;zayif;11,5;42,5;60,2;asagi;zayif;zayif;asagi;0,60;-1,41;1;12,94;-2,34;14448299;13,99;SAT;NEGATIF;NOTR;NEGATIF;ARTIYOR;SAT;SAT;NOTR;0;03.09.2026
AKENR;izle;;20,1;3,6;8,5;8,0;10;1;zayif;21,3;42,1;62,0;asagi;zayif;zayif;asagi;0,61;-1,41;1;10,08;-2,70;71422052;11,26;SAT;NEGATIF;AL;NEGATIF;AZALIYOR;SAT;SAT;NOTR;1;03.09.2026
AYCES;izle;;20,0;0,0;12,0;8,0;0;0;zayif;11,6;38,2;39,8;asagi;zayif;zayif;asagi;0,36;-3,03;2;435;-3,17;20074815;489,81;AL;NEGATIF;NOTR;NEGATIF;AZALIYOR;SAT;SAT;NOTR;1;03.09.2026
KRVGD;izle;;19,9;2,4;8,4;9,1;6;0;zayif;48,2;26,2;17,0;asagi;zayif;zayif;asagi;1,25;-4,30;3;2,22;0,00;21911262;2,40;AL;NEGATIF;SAT;NEGATIF;AZALIYOR;SAT;SAT;NOTR;1;03.09.2026
FMIZP;izle;;19,6;9,0;7,5;3,1;32;3;zayif;19,4;39,3;45,4;yukari;zayif;zayif;asagi;0,65;-1,57;2;281;-2,77;13897417;280,92;SAT;NEGATIF;NOTR;NEGATIF;ARTIYOR;SAT;SAT;NOTR;0;03.09.2026
CEMAS;izle;;19,6;3,0;8,6;8,0;0;0;zayif;19,7;41,1;58,6;asagi;zayif;zayif;asagi;0,50;-1,63;0;4,03;-0,25;30366892;4,52;SAT;NEGATIF;NOTR;NEGATIF;AZALIYOR;SAT;SAT;NOTR;0;03.09.2026
LYDYE;izle;;19,6;1,0;8,5;10,0;50;4;zayif;19,6;40,1;39,9;asagi;zayif;zayif;asagi;2,50;-2,04;4;11852,5;-2,75;50266453;13268,29;SAT;NEGATIF;NOTR;NEGATIF;ARTIYOR;AL;AL;NOTR;2;03.09.2026
GIPTA;izle;;19,5;7,4;9,4;2,7;0;0;zayif;36,6;41,5;69,2;asagi;zayif;zayif;asagi;0,86;-0,92;2;68,4;-3,12;444488029;91,23;SAT;NEGATIF;SAT;NEGATIF;ARTIYOR;SAT;SAT;NOTR;0;03.09.2026
THYAO;izle;;19,5;3,4;5,0;11,1;6;0;zayif;15,1;33,2;30,3;asagi;zayif;zayif;asagi;1,48;-2,53;3;291,5;0,00;20433862581;313,33;SAT;NEGATIF;NOTR;NEGATIF;AZALIYOR;SAT;SAT;NOTR;0;03.09.2026
PLTUR;izle;;19,3;1,6;8,5;9,2;0;0;zayif;16,2;43,7;51,9;asagi;zayif;zayif;asagi;0,40;-1,52;1;20,24;-1,08;28601346;22,84;SAT;NEGATIF;NOTR;POZITIF;AZALIYOR;SAT;AL;NOTR;2;03.09.2026
EGSER;izle;;19,1;2,9;8,3;8,0;22;2;zayif;19,4;40,5;64,7;asagi;zayif;zayif;asagi;0,49;-1,46;2;2,86;-1,04;4118140;3,13;SAT;NEGATIF;NOTR;NEGATIF;AZALIYOR;SAT;SAT;NOTR;0;03.09.2026
CRDFA;izle;;19,0;5,4;10,1;3,5;0;0;zayif;37,9;32,0;40,9;asagi;zayif;zayif;asagi;0,91;-3,43;0;25,5;-5,56;53683697;30,86;AL;NEGATIF;SAT;NEGATIF;AZALIYOR;AL;AL;NOTR;3;03.09.2026
EMNIS;izle;;18,6;0,8;9,1;8,7;28;2;zayif;18,1;38,3;24,9;asagi;zayif;zayif;asagi;0,76;-2,48;3;150;0,07;831000;158,24;SAT;NEGATIF;NOTR;NEGATIF;AZALIYOR;SAT;SAT;NOTR;0;03.09.2026
ECOGR;izle;;18,6;13,3;5,3;0,0;0;0;zayif;13,9;35,8;56,8;asagi;zayif;zayif;asagi;0,64;-2,12;2;33,38;0,12;124902419;37,39;SAT;NEGATIF;NOTR;NEGATIF;AZALIYOR;SAT;SAT;NOTR;0;03.09.2026
GATEG;izle;;18,6;3,8;8,6;6,1;46;5;zayif;16,6;42,8;44,8;asagi;zayif;zayif;asagi;0,80;-1,58;3;279,5;-0,09;3035370;306,19;SAT;NEGATIF;NOTR;NEGATIF;ARTIYOR;SAT;SAT;NOTR;0;03.09.2026
KZBGY;izle;;18,6;2,4;8,6;7,5;0;0;zayif;30,6;27,0;33,6;asagi;zayif;zayif;asagi;1,15;-5,65;1;1,83;-3,17;66249633;2,07;AL;NEGATIF;SAT;NEGATIF;ARTIYOR;SAT;SAT;UCUZ (AL);1;03.09.2026
IDGYO;izle;;18,4;2,4;10,0;6,0;0;0;zayif;33,3;31,5;29,4;asagi;zayif;zayif;asagi;1,06;-3,82;2;2,93;1,74;5417174;3,35;AL;NEGATIF;SAT;NEGATIF;AZALIYOR;SAT;AL;NOTR;2;03.09.2026
IHGZT;izle;;18,4;4,6;12,4;1,4;0;0;zayif;23,9;39,6;53,4;asagi;zayif;zayif;asagi;0,78;-2,27;1;1,16;-1,69;13124031;1,26;AL;NEGATIF;AL;NEGATIF;AZALIYOR;SAT;SAT;UCUZ (AL);2;03.09.2026
CONSE;izle;;18,2;3,2;12,7;2,3;0;0;zayif;20,1;40,8;42,8;asagi;zayif;zayif;asagi;0,84;-2,31;2;2,24;-2,61;12933341;2,44;AL;NEGATIF;AL;NEGATIF;AZALIYOR;SAT;SAT;UCUZ (AL);2;03.09.2026
KLMSN;izle;;18,1;12,6;5,6;0,0;10;1;zayif;23,7;35,3;35,4;yukari;zayif;zayif;asagi;0,61;-2,59;2;27,34;-2,36;12795421;26,86;SAT;NEGATIF;AL;NEGATIF;AZALIYOR;SAT;SAT;NOTR;1;03.09.2026
LOGO;izle;;18,0;0,0;12,5;5,5;40;4;zayif;9,7;44,2;53,1;asagi;zayif;zayif;asagi;0,65;-1,08;2;133,8;-0,22;52416284;143,73;SAT;NEGATIF;NOTR;NEGATIF;AZALIYOR;SAT;SAT;UCUZ (AL);0;03.09.2026
IZFAS;izle;;18,0;3,9;6,0;8,0;6;0;zayif;18,6;37,0;50,0;asagi;zayif;zayif;asagi;0,53;-2,32;3;49,46;-9,99;169574550;67,43;SAT;NEGATIF;NOTR;NEGATIF;ARTIYOR;SAT;SAT;NOTR;0;03.09.2026
BAYRK;izle;;17,9;3,3;6,6;8,0;32;3;zayif;20,4;39,4;54,2;asagi;zayif;zayif;asagi;0,65;-1,77;2;4,15;-0,95;30161939;4,74;SAT;NEGATIF;AL;NEGATIF;ARTIYOR;SAT;SAT;UCUZ (AL);1;03.09.2026
ESEN;izle;;17,7;7,0;6,4;4,3;6;0;zayif;30,3;39,1;46,9;asagi;zayif;zayif;asagi;0,87;-2,17;3;3,31;-1,78;105482117;3,73;SAT;NEGATIF;AL;NEGATIF;AZALIYOR;SAT;SAT;UCUZ (AL);1;03.09.2026
TATGD;izle;;17,6;7,0;7,6;3,0;0;0;zayif;10,4;40,6;34,2;asagi;zayif;zayif;asagi;0,81;-1,68;2;17,14;-1,78;40593433;19,12;SAT;NEGATIF;NOTR;NEGATIF;AZALIYOR;SAT;SAT;NOTR;0;03.09.2026
SRVGY;izle;;17,5;1,5;5,7;10,3;6;0;zayif;23,2;34,9;55,9;asagi;zayif;zayif;asagi;0,84;-3,04;3;2,41;-2,03;33697948;2,61;SAT;NEGATIF;SAT;NEGATIF;ARTIYOR;SAT;SAT;UCUZ (AL);0;03.09.2026
KSTUR;izle;;17,4;2,3;5,2;10,0;0;0;zayif;28,8;33,1;27,6;asagi;zayif;zayif;asagi;1,58;-4,57;1;2285;-2,35;2483795;2486,16;SAT;NEGATIF;SAT;NEGATIF;AZALIYOR;SAT;SAT;UCUZ (AL);0;03.09.2026
UNLU;izle;;17,4;2,3;5,1;10,0;10;0;zayif;29,2;32,0;42,2;asagi;zayif;zayif;asagi;1,62;-3,49;4;10,4;-1,89;14505431;11,38;SAT;NEGATIF;SAT;NEGATIF;ARTIYOR;SAT;SAT;UCUZ (AL);0;03.09.2026
BURVA;izle;;17,3;3,1;4,2;10,0;10;0;zayif;12,6;32,3;25,2;asagi;zayif;zayif;asagi;1,56;-3,68;5;627,5;-9,97;20224325;827,83;SAT;NEGATIF;NOTR;NEGATIF;ARTIYOR;SAT;SAT;NOTR;0;03.09.2026
SARKY;izle;;17,2;11,6;5,6;0,0;32;3;zayif;16,4;37,6;50,7;yukari;zayif;zayif;asagi;0,58;-2,24;2;23,44;-2,74;94622990;23,35;SAT;NEGATIF;NOTR;NEGATIF;AZALIYOR;SAT;SAT;NOTR;0;03.09.2026
GLRYH;izle;;17,2;1,2;6,7;9,2;0;0;zayif;21,1;40,4;71,5;asagi;zayif;zayif;asagi;0,34;-1,95;0;2,94;-2,33;10323428;3,42;SAT;NEGATIF;SAT;NEGATIF;AZALIYOR;SAT;SAT;UCUZ (AL);0;03.09.2026
OSTIM;izle;;17,2;0,7;6,5;10,0;10;0;zayif;17,0;36,9;50,4;asagi;zayif;zayif;asagi;1,36;-3,07;4;1,52;-1,94;24781629;1,67;SAT;NEGATIF;NOTR;NEGATIF;AZALIYOR;SAT;SAT;UCUZ (AL);0;03.09.2026
GEREL;izle;;17,2;14,1;3,1;0,0;32;2;zayif;20,1;32,1;18,8;asagi;zayif;zayif;asagi;0,50;-1,95;4;35,1;-4,83;121412093;42,71;SAT;NEGATIF;SAT;NEGATIF;AZALIYOR;SAT;SAT;NOTR;0;03.09.2026
YYAPI;izle;;17,2;2,4;5,8;8,9;0;0;zayif;38,7;35,4;35,7;asagi;zayif;zayif;asagi;1,21;-4,37;1;0,8;-1,23;3770712;0,85;SAT;NEGATIF;SAT;NEGATIF;ARTIYOR;SAT;AL;UCUZ (AL);1;03.09.2026
BULGS;izle;;17,1;2,4;4,7;10,0;6;0;zayif;35,0;27,3;31,3;asagi;zayif;zayif;asagi;2,89;-3,65;3;31,66;-2,76;255641424;34,96;SAT;NEGATIF;SAT;NEGATIF;ARTIYOR;AL;AL;UCUZ (AL);2;03.09.2026
BINHO;izle;;17,0;10,8;5,9;0,3;0;0;zayif;17,9;37,7;57,0;asagi;zayif;zayif;asagi;0,72;-1,23;2;9,39;-1,88;194054200;11,15;SAT;NEGATIF;NOTR;NEGATIF;ARTIYOR;SAT;SAT;NOTR;0;03.09.2026
AGYO;izle;;16,9;1,0;6,8;9,1;20;1;zayif;19,4;38,2;29,4;asagi;zayif;zayif;asagi;1,24;-1,96;5;7,1;-1,25;2302267;7,83;SAT;NEGATIF;NOTR;NEGATIF;ARTIYOR;SAT;SAT;NOTR;0;03.09.2026
IHYAY;izle;;16,8;5,0;11,8;0,0;22;2;zayif;24,8;37,8;24,2;asagi;zayif;zayif;asagi;0,28;-3,23;2;1,21;0,83;955792;1,31;AL;NEGATIF;AL;NEGATIF;AZALIYOR;SAT;SAT;UCUZ (AL);2;03.09.2026
INTEM;izle;;16,7;9,4;4,7;2,6;6;0;zayif;22,4;35,5;32,7;yukari;zayif;zayif;asagi;0,62;-2,30;3;237,8;-1,65;9760263;237,10;SAT;NEGATIF;SAT;NEGATIF;AZALIYOR;SAT;AL;NOTR;1;03.09.2026
KBORU;izle;;16,6;4,7;1,8;10,0;0;0;zayif;24,7;27,4;64,6;asagi;zayif;zayif;asagi;1,90;-4,45;2;17,12;-8,74;443327861;22,69;SAT;NEGATIF;SAT;NEGATIF;ARTIYOR;SAT;SAT;NOTR;0;03.09.2026
TAVHL;izle;;16,4;0,2;13,1;3,1;50;5;zayif;13,8;43,4;49,0;asagi;zayif;zayif;asagi;0,60;-1,02;4;266,25;2,01;584782448;286,88;SAT;NEGATIF;NOTR;NEGATIF;AZALIYOR;SAT;SAT;NOTR;0;03.09.2026
RNPOL;izle;;16,4;11,6;4,8;0,0;28;2;zayif;16,1;35,9;54,0;yukari;zayif;zayif;asagi;0,55;-1,69;3;2,2;-3,93;4543748;2,19;SAT;NEGATIF;NOTR;NEGATIF;AZALIYOR;SAT;SAT;NOTR;0;03.09.2026
PKENT;izle;;16,2;3,7;12,4;0,1;0;0;zayif;21,6;39,6;41,1;asagi;zayif;zayif;asagi;0,58;-2,43;2;123,3;-0,32;10749171;134,04;AL;NEGATIF;AL;NEGATIF;AZALIYOR;SAT;SAT;UCUZ (AL);2;03.09.2026
BFREN;izle;;16,1;4,4;7,7;4,0;0;0;zayif;23,3;38,1;40,2;asagi;zayif;zayif;asagi;0,60;-1,82;2;124,7;-1,11;16639843;134,63;SAT;NEGATIF;AL;NEGATIF;AZALIYOR;SAT;SAT;UCUZ (AL);1;03.09.2026
VKFYO;izle;;16,1;0,5;12,4;3,2;32;3;zayif;15,7;39,6;56,3;asagi;zayif;zayif;asagi;0,89;-2,34;1;22,36;0,18;4686768;25,64;AL;NEGATIF;NOTR;NEGATIF;AZALIYOR;SAT;SAT;UCUZ (AL);1;03.09.2026
SUNTK;izle;;16,1;4,0;4,1;8,0;0;0;zayif;19,5;35,2;51,6;asagi;zayif;zayif;asagi;0,38;-1,85;2;32,12;-5,25;27436262;41,85;SAT;NEGATIF;NOTR;NEGATIF;AZALIYOR;SAT;AL;NOTR;1;03.09.2026
SEGYO;izle;;16,0;1,4;9,5;5,1;0;0;zayif;22,2;29,8;27,2;asagi;zayif;zayif;asagi;1,01;-4,33;1;3,57;-3,77;10799771;4,01;AL;NEGATIF;SAT;NEGATIF;ARTIYOR;SAT;SAT;UCUZ (AL);1;03.09.2026
PATEK;izle;;16,0;0,7;7,2;8,0;0;0;zayif;17,4;40,6;67,9;asagi;zayif;zayif;asagi;0,40;-1,55;1;19;-2,86;118428957;22,81;SAT;NEGATIF;NOTR;NEGATIF;AZALIYOR;SAT;SAT;NOTR;0;03.09.2026
DGNMO;izle;;15,6;4,3;3,3;8,0;10;1;zayif;21,5;32,2;48,2;asagi;zayif;zayif;asagi;0,27;-2,07;1;7,15;-5,30;12371616;8,76;SAT;NEGATIF;SAT;NEGATIF;ARTIYOR;SAT;AL;NOTR;1;03.09.2026
ORMA;izle;;15,6;0,5;5,1;10,0;10;0;zayif;15,5;35,4;15,5;asagi;zayif;zayif;asagi;1,58;-3,45;5;152;-1,30;2011872;166,45;SAT;NEGATIF;NOTR;NEGATIF;AZALIYOR;SAT;SAT;NOTR;0;03.09.2026
KONTR;izle;;15,6;2,4;3,7;9,5;10;0;zayif;29,6;30,3;6,7;asagi;zayif;zayif;asagi;1,27;-8,15;4;3,22;-2,42;16813362;3,62;SAT;NEGATIF;SAT;NEGATIF;AZALIYOR;SAT;SAT;UCUZ (AL);0;03.09.2026
PGSUS;izle;;15,6;0,8;12,6;2,1;0;0;zayif;18,2;40,2;51,5;asagi;zayif;zayif;asagi;0,83;-2,63;2;148,2;-0,54;1217752138;158,55;AL;NEGATIF;NOTR;NEGATIF;AZALIYOR;SAT;AL;UCUZ (AL);2;03.09.2026
SASA;izle;;15,5;0,4;6,5;8,5;0;0;zayif;15,1;37,4;43,2;asagi;zayif;zayif;asagi;0,73;-2,41;0;2,23;-1,76;4039999608;2,51;SAT;NEGATIF;NOTR;NEGATIF;AZALIYOR;SAT;SAT;NOTR;0;03.09.2026
AKSUE;izle;;15,4;5,4;0,0;10,0;0;0;zayif;30,9;22,1;18,0;asagi;zayif;zayif;asagi;1,90;-4,58;2;28,82;4,04;127752864;36,50;SAT;NEGATIF;SAT;NEGATIF;AZALIYOR;SAT;AL;NOTR;1;03.09.2026
IHEVA;izle;;15,4;3,1;9,5;2,8;0;0;zayif;20,0;40,4;34,6;asagi;zayif;zayif;asagi;0,73;-1,66;2;1,95;-1,02;1566794;2,08;SAT;NEGATIF;NOTR;NEGATIF;AZALIYOR;SAT;SAT;UCUZ (AL);0;03.09.2026
ALKIM;izle;;15,4;0,0;11,3;4,0;0;0;zayif;9,6;36,1;61,5;asagi;zayif;zayif;asagi;0,94;-2,48;2;15,24;-1,17;22401627;16,61;AL;NEGATIF;NOTR;NEGATIF;ARTIYOR;SAT;SAT;NOTR;1;03.09.2026
FONET;izle;;15,4;8,1;2,6;4,6;32;2;zayif;15,9;30,1;31,4;asagi;zayif;zayif;asagi;0,98;-2,65;4;4,57;-6,16;100838983;5,38;SAT;NEGATIF;NOTR;NEGATIF;ARTIYOR;SAT;SAT;NOTR;0;03.09.2026
TTKOM;izle;;15,3;8,6;5,4;1,3;0;0;zayif;16,1;35,5;34,1;yukari;zayif;zayif;asagi;0,78;-2,93;2;50,8;0,00;1414172280;50,42;SAT;NEGATIF;NOTR;NEGATIF;AZALIYOR;SAT;SAT;NOTR;0;03.09.2026
DAPGM;izle;;15,2;0,3;4,8;10,0;0;0;zayif;14,6;33,3;50,5;asagi;zayif;zayif;asagi;1,31;-2,76;2;7,5;-6,72;1002802695;9,11;SAT;NEGATIF;NOTR;NEGATIF;ARTIYOR;SAT;SAT;UCUZ (AL);0;03.09.2026
COSMO;izle;;15,1;2,0;13,0;0,1;0;0;zayif;26,8;41,6;48,0;asagi;zayif;zayif;asagi;0,71;-2,01;1;116,5;-4,12;5385795;144,82;AL;NEGATIF;SAT;POZITIF;AZALIYOR;SAT;SAT;UCUZ (AL);2;03.09.2026
BSOKE;izle;;15,1;5,1;0,0;10,0;10;0;zayif;27,6;16,4;4,0;asagi;zayif;zayif;asagi;6,01;-5,55;4;21,94;-9,86;1543558181;29,54;SAT;NEGATIF;SAT;NEGATIF;ARTIYOR;SAT;SAT;NOTR;0;03.09.2026
CWENE;izle;;15,0;3,2;4,8;7,1;10;0;zayif;13,2;35,3;26,5;asagi;zayif;zayif;asagi;1,13;-2,53;4;30,78;-7,68;4340089361;41,16;SAT;NEGATIF;NOTR;NEGATIF;ARTIYOR;SAT;SAT;NOTR;0;03.09.2026
MEGAP;izle;;14,9;1,8;3,1;10,0;0;0;zayif;25,2;26,1;26,8;asagi;zayif;zayif;asagi;1,39;-6,67;1;1,66;-0,60;1380996;1,76;SAT;NEGATIF;SAT;NEGATIF;AZALIYOR;SAT;SAT;UCUZ (AL);0;03.09.2026
HDFGS;izle;;14,9;0,0;6,9;8,0;0;0;zayif;11,0;39,0;54,6;asagi;zayif;zayif;asagi;0,67;-1,92;1;2,39;-2,45;71604202;2,76;SAT;NEGATIF;NOTR;NEGATIF;AZALIYOR;SAT;SAT;NOTR;0;03.09.2026
YKSLN;izle;;14,9;0,3;4,6;10,0;0;0;zayif;14,1;31,5;38,1;asagi;zayif;zayif;asagi;1,65;-3,27;2;2,65;0,00;34771090;2,89;SAT;NEGATIF;NOTR;NEGATIF;ARTIYOR;SAT;SAT;UCUZ (AL);0;03.09.2026
MRSHL;izle;;14,8;4,9;5,9;4,0;0;0;zayif;16,8;37,7;24,1;asagi;zayif;zayif;asagi;0,34;-1,56;1;1560;-1,64;29396640;1827,56;SAT;NEGATIF;NOTR;NEGATIF;AZALIYOR;SAT;SAT;NOTR;0;03.09.2026
BORLS;izle;;14,8;1,2;3,6;10,0;10;0;zayif;20,7;28,5;31,0;asagi;zayif;zayif;asagi;3,36;-3,72;5;3,81;-1,80;280436452;5,00;SAT;NEGATIF;SAT;NEGATIF;ARTIYOR;SAT;SAT;NOTR;0;03.09.2026
MEDTR;izle;;14,7;0,9;11,4;2,4;6;0;zayif;18,7;36,4;46,1;asagi;zayif;zayif;asagi;0,84;-2,72;3;24,68;-1,12;6176367;26,66;AL;NEGATIF;NOTR;NEGATIF;ARTIYOR;SAT;SAT;UCUZ (AL);1;03.09.2026
TABGD;izle;;14,7;4,3;6,5;3,9;10;0;zayif;21,2;37,6;24,0;asagi;zayif;zayif;asagi;0,77;-1,69;5;232,4;-0,47;112216896;254,84;SAT;NEGATIF;SAT;NEGATIF;AZALIYOR;SAT;SAT;NOTR;0;03.09.2026
INGRM;izle;;14,6;0,6;5,7;8,4;6;0;zayif;16,4;35,4;57,2;asagi;zayif;zayif;asagi;0,72;-1,59;3;369,75;-2,44;12061985;411,43;SAT;NEGATIF;NOTR;NEGATIF;ARTIYOR;SAT;SAT;NOTR;0;03.09.2026
ESCOM;izle;;14,6;10,6;4,0;0,0;46;4;zayif;15,9;35,5;26,5;asagi;zayif;zayif;asagi;0,53;-2,15;3;5,1;-1,73;73473288;5,81;SAT;NEGATIF;NOTR;NEGATIF;AZALIYOR;SAT;SAT;NOTR;0;03.09.2026
GRSEL;izle;;14,6;5,2;6,0;3,4;0;0;zayif;28,0;31,7;5,4;asagi;zayif;zayif;asagi;0,84;-2,02;2;302;-0,74;94502142;329,74;SAT;NEGATIF;SAT;NEGATIF;AZALIYOR;SAT;AL;NOTR;1;03.09.2026
KATMR;izle;;14,6;2,4;2,1;10,0;6;0;zayif;42,1;21,4;31,2;asagi;zayif;zayif;asagi;1,54;-6,07;3;1,86;-6,53;213014713;2,14;SAT;NEGATIF;SAT;NEGATIF;ARTIYOR;SAT;SAT;UCUZ (AL);0;03.09.2026
KLRHO;izle;;14,6;0,2;10,3;4,0;0;0;zayif;13,8;32,7;16,2;asagi;zayif;zayif;asagi;0,37;-4,96;2;62,75;-3,68;79015239;73,86;AL;NEGATIF;NOTR;NEGATIF;ARTIYOR;AL;SAT;UCUZ (AL);2;03.09.2026
VRGYO;izle;;14,5;0,6;13,9;0,0;10;0;zayif;16,2;43,2;59,1;asagi;zayif;zayif;asagi;0,69;-2,10;4;1,77;-1,67;14290945;1,86;AL;NEGATIF;NOTR;NEGATIF;ARTIYOR;SAT;SAT;UCUZ (AL);1;03.09.2026
ECZYT;izle;;14,4;3,0;4,8;6,6;40;4;zayif;11,5;34,6;40,6;asagi;zayif;zayif;asagi;1,10;-2,39;2;299,5;-1,72;120262428;332,87;SAT;NEGATIF;NOTR;NEGATIF;AZALIYOR;SAT;SAT;NOTR;0;03.09.2026
ONCSM;izle;;14,3;3,9;0,4;10,0;0;0;zayif;18,9;23,0;52,4;asagi;zayif;zayif;asagi;2,48;-4,73;2;178,6;-9,98;333133650;235,35;SAT;NEGATIF;NOTR;NEGATIF;ARTIYOR;SAT;SAT;UCUZ (AL);0;03.09.2026
YEOTK;izle;;14,3;10,1;4,2;0,0;10;0;zayif;15,1;32,0;31,3;asagi;zayif;zayif;asagi;0,55;-2,84;5;31,98;-2,20;278895054;38,03;SAT;NEGATIF;NOTR;NEGATIF;AZALIYOR;SAT;SAT;NOTR;0;03.09.2026
ARENA;izle;;14,3;0,6;9,6;4,1;0;0;zayif;16,1;30,2;45,9;asagi;zayif;zayif;asagi;0,95;-3,91;2;19,1;-5,16;21126720;22,70;AL;NEGATIF;NOTR;NEGATIF;ARTIYOR;SAT;SAT;UCUZ (AL);1;03.09.2026
DMSAS;izle;;14,2;0,9;5,3;8,0;22;2;zayif;18,9;37,2;51,0;asagi;zayif;zayif;asagi;0,44;-1,68;1;8,19;-2,27;8793775;9,08;SAT;NEGATIF;NOTR;NEGATIF;AZALIYOR;SAT;SAT;UCUZ (AL);0;03.09.2026
QNBFK;izle;;14,2;4,0;8,0;2,2;10;0;zayif;19,4;38,2;46,5;asagi;zayif;zayif;asagi;0,83;-2,07;5;40,64;-0,68;1116787;45,15;SAT;NEGATIF;NOTR;NEGATIF;AZALIYOR;SAT;SAT;NOTR;0;03.09.2026
PAMEL;izle;;14,2;9,2;5,0;0,0;6;0;zayif;15,0;33,9;60,9;yukari;zayif;zayif;asagi;0,54;-2,57;3;73,35;-0,27;13595129;73,17;SAT;NEGATIF;NOTR;NEGATIF;AZALIYOR;SAT;SAT;NOTR;0;03.09.2026
ADESE;izle;;14,2;7,0;6,8;0,3;0;0;zayif;30,0;37,8;45,5;asagi;zayif;zayif;asagi;0,72;-2,21;0;0,83;-2,35;76429484;0,93;SAT;NEGATIF;AL;NEGATIF;AZALIYOR;SAT;SAT;UCUZ (AL);1;03.09.2026
LUKSK;izle;;14,1;0,2;9,9;4,0;0;0;zayif;13,4;31,4;35,6;asagi;zayif;zayif;asagi;0,53;-3,09;2;81,9;-2,50;5589511;92,50;AL;NEGATIF;NOTR;NEGATIF;ARTIYOR;SAT;AL;UCUZ (AL);2;03.09.2026
REEDR;izle;;14,0;0,1;3,8;10,0;6;0;zayif;13,0;30,0;35,0;asagi;zayif;zayif;asagi;1,63;-3,88;3;5,55;0,73;107695780;6,03;SAT;NEGATIF;NOTR;NEGATIF;ARTIYOR;SAT;AL;NOTR;1;03.09.2026
GRNYO;izle;;14,0;2,4;1,5;10,0;10;0;zayif;30,5;23,6;19,1;asagi;zayif;zayif;asagi;2,93;-5,08;4;11,45;-6,22;9524305;13,84;SAT;NEGATIF;SAT;NEGATIF;ARTIYOR;SAT;SAT;UCUZ (AL);0;03.09.2026
EMKEL;izle;;13,9;2,4;1,4;10,0;10;0;zayif;34,8;15,6;14,4;asagi;zayif;zayif;asagi;1,40;-6,33;4;13,2;-5,31;82211818;15,90;SAT;NEGATIF;SAT;NEGATIF;ARTIYOR;SAT;SAT;UCUZ (AL);0;03.09.2026
SMART;izle;;13,8;0,5;5,3;8,0;0;0;zayif;15,7;34,1;45,6;asagi;zayif;zayif;asagi;0,51;-3,55;2;22,2;-2,72;11862970;25,47;SAT;NEGATIF;NOTR;NEGATIF;AZALIYOR;SAT;SAT;NOTR;0;03.09.2026
AKGRT;izle;;13,5;2,3;9,2;2,1;10;0;zayif;28,6;28,9;37,4;asagi;zayif;zayif;asagi;0,83;-4,02;5;6,08;-0,16;54101244;6,45;AL;NEGATIF;SAT;NEGATIF;AZALIYOR;SAT;SAT;UCUZ (AL);1;03.09.2026
EUREN;izle;;13,5;0,7;11,7;1,1;0;0;zayif;13,8;37,3;59,7;asagi;zayif;zayif;asagi;0,76;-2,69;1;3,74;-2,60;76286197;4,10;AL;NEGATIF;NOTR;NEGATIF;ARTIYOR;SAT;SAT;UCUZ (AL);1;03.09.2026
SMRVA;izle;;13,5;0,8;4,6;8,0;6;0;zayif;18,1;31,9;32,3;asagi;zayif;zayif;asagi;0,62;-3,78;3;10,41;-4,93;81612308;12,19;SAT;NEGATIF;NOTR;NEGATIF;ARTIYOR;SAT;SAT;UCUZ (AL);0;03.09.2026
BTCIM;izle;;13,4;2,4;1,0;10,0;10;0;zayif;46,8;16,5;24,4;asagi;zayif;zayif;asagi;1,83;-5,67;5;3,73;-2,86;694787148;4,42;SAT;NEGATIF;SAT;NEGATIF;ARTIYOR;SAT;SAT;NOTR;0;03.09.2026
ASUZU;izle;;13,4;1,8;9,8;1,7;6;0;zayif;25,5;31,0;61,6;asagi;zayif;zayif;asagi;0,80;-4,27;3;45,98;-2,13;17686989;50,68;AL;NEGATIF;SAT;NEGATIF;ARTIYOR;SAT;SAT;UCUZ (AL);1;03.09.2026
SAMAT;izle;;13,3;0,9;12,2;0,2;6;0;zayif;18,5;39,1;34,2;asagi;zayif;zayif;asagi;0,71;-1,99;3;5,24;-1,32;5021969;5,81;AL;NEGATIF;NOTR;NEGATIF;ARTIYOR;SAT;SAT;NOTR;1;03.09.2026
ALCAR;izle;;13,3;0,8;12,5;0,0;0;0;zayif;14,2;39,9;48,9;asagi;zayif;zayif;asagi;0,56;-2,27;2;678;-3,56;16931016;737,49;AL;NEGATIF;NOTR;NEGATIF;AZALIYOR;AL;AL;UCUZ (AL);3;03.09.2026
YONGA;izle;;13,3;1,2;2,1;10,0;6;0;zayif;20,8;24,9;6,8;asagi;zayif;zayif;asagi;1,51;-4,59;3;43,66;-2,33;1185063;47,84;SAT;NEGATIF;SAT;NEGATIF;ARTIYOR;SAT;AL;UCUZ (AL);1;03.09.2026
QNBTR;izle;;13,3;2,4;4,9;5,9;6;0;zayif;42,3;32,3;31,4;asagi;zayif;zayif;asagi;1,06;-5,65;3;183,8;-1,61;2597829;193,86;SAT;NEGATIF;SAT;NEGATIF;AZALIYOR;SAT;SAT;UCUZ (AL);0;03.09.2026
AEFES;izle;;13,2;5,4;6,9;0,9;6;0;zayif;30,8;34,6;34,3;asagi;zayif;zayif;asagi;0,73;-2,84;3;18,21;1,22;785659378;19,51;SAT;NEGATIF;SAT;NEGATIF;AZALIYOR;SAT;AL;NOTR;1;03.09.2026
VAKKO;izle;;13,2;0,1;8,2;4,9;0;0;zayif;12,3;40,5;47,2;asagi;zayif;zayif;asagi;0,99;-1,41;2;65,5;0,00;13811396;72,32;SAT;NEGATIF;NOTR;NEGATIF;AZALIYOR;SAT;SAT;NOTR;0;03.09.2026
DOFER;izle;;13,2;8,3;4,9;0,0;0;0;zayif;14,6;35,1;55,0;yukari;zayif;zayif;asagi;0,43;-2,81;2;27,06;-2,24;8478060;27,00;SAT;NEGATIF;NOTR;NEGATIF;AZALIYOR;SAT;AL;UCUZ (AL);1;03.09.2026
OYLUM;izle;;13,1;1,1;9,7;2,3;0;0;zayif;19,9;30,8;35,7;asagi;zayif;zayif;asagi;0,79;-2,24;2;7,12;0,28;2533517;7,77;AL;NEGATIF;NOTR;NEGATIF;AZALIYOR;SAT;AL;UCUZ (AL);2;03.09.2026
BVSAN;izle;;13,1;0,3;11,2;1,5;6;0;zayif;14,1;35,8;43,8;asagi;zayif;zayif;asagi;0,79;-2,77;3;100,3;-3,19;46667183;113,41;AL;NEGATIF;NOTR;NEGATIF;ARTIYOR;SAT;SAT;NOTR;1;03.09.2026
DARDL;izle;;13,1;1,6;8,8;2,7;0;0;zayif;23,4;27,7;43,9;asagi;zayif;zayif;asagi;0,86;-3,97;2;1,56;-3,11;23291850;1,75;AL;NEGATIF;SAT;NEGATIF;ARTIYOR;SAT;SAT;UCUZ (AL);1;03.09.2026
SMRTG;izle;;13,0;3,3;3,9;5,7;0;0;zayif;14,5;29,4;35,4;asagi;zayif;zayif;asagi;1,04;-3,08;2;9;-9,91;196577622;11,07;SAT;NEGATIF;NOTR;NEGATIF;ARTIYOR;SAT;SAT;NOTR;0;03.09.2026
A1YEN;izle;;13,0;0,5;4,5;8,0;0;0;zayif;15,8;32,3;61,0;asagi;zayif;zayif;asagi;0,50;-2,75;1;2,56;-3,40;29085578;2,93;SAT;NEGATIF;NOTR;NEGATIF;ARTIYOR;SAT;SAT;NOTR;0;03.09.2026
LMKDC;izle;;13,0;1,0;2,0;10,0;20;1;zayif;19,0;27,6;31,0;asagi;zayif;zayif;asagi;1,61;-4,20;4;21,54;-5,11;148540292;24,75;SAT;NEGATIF;NOTR;NEGATIF;ARTIYOR;SAT;SAT;UCUZ (AL);0;03.09.2026
ELITE;izle;;12,8;1,5;10,3;1,1;16;1;zayif;22,7;32,7;44,0;asagi;zayif;zayif;asagi;0,77;-3,64;3;26,26;-2,38;34080911;29,46;AL;NEGATIF;SAT;NEGATIF;ARTIYOR;SAT;SAT;NOTR;1;03.09.2026
AHSGY;izle;;12,8;3,6;0,3;8,9;10;0;zayif;16,5;20,4;31,1;asagi;zayif;zayif;asagi;1,23;-4,80;4;14,42;-7,62;27710395;17,82;SAT;NEGATIF;NOTR;NEGATIF;ARTIYOR;SAT;SAT;NOTR;0;03.09.2026
LIDER;izle;;12,8;2,4;8,0;2,3;6;0;zayif;48,3;19,4;16,6;asagi;zayif;zayif;asagi;0,84;-8,46;3;26;-7,67;705839810;39,59;AL;NEGATIF;SAT;NEGATIF;AZALIYOR;SAT;SAT;UCUZ (AL);1;03.09.2026
DOGUB;izle;;12,7;3,4;5,0;4,3;6;0;zayif;15,1;34,0;35,7;asagi;zayif;zayif;asagi;0,96;-2,85;3;63;-5,90;22862070;78,65;SAT;NEGATIF;NOTR;NEGATIF;AZALIYOR;AL;AL;NOTR;2;03.09.2026
ANSGR;izle;;12,7;4,6;4,1;4,0;32;2;zayif;17,6;33,0;26,6;asagi;zayif;zayif;asagi;0,47;-2,07;5;26,22;-1,06;57563886;28,55;SAT;NEGATIF;NOTR;NEGATIF;ARTIYOR;SAT;SAT;NOTR;0;03.09.2026
EKIZ;izle;;12,6;2,4;9,6;0,5;0;0;zayif;41,3;30,4;42,0;asagi;zayif;zayif;asagi;0,73;-5,91;2;56,85;0,09;541098;61,81;AL;NEGATIF;SAT;NEGATIF;AZALIYOR;SAT;SAT;UCUZ (AL);1;03.09.2026
LYDHO;izle;;12,4;2,4;0,0;10,0;10;0;zayif;37,5;9,5;12,2;asagi;zayif;zayif;asagi;3,40;-5,52;6;132,5;-7,02;228779005;161,57;SAT;NEGATIF;SAT;NEGATIF;ARTIYOR;SAT;SAT;UCUZ (AL);0;03.09.2026
IZINV;izle;;12,4;0,2;2,1;10,0;6;0;zayif;13,6;25,5;28,0;asagi;zayif;zayif;asagi;1,38;-4,10;3;48,8;-4,03;21885580;56,00;SAT;NEGATIF;NOTR;NEGATIF;ARTIYOR;SAT;SAT;UCUZ (AL);0;03.09.2026
AKYHO;izle;;12,3;1,3;1,7;9,3;10;0;zayif;21,7;23,5;18,9;asagi;zayif;zayif;asagi;1,26;-3,68;4;1,98;-1,98;3030940;2,27;SAT;NEGATIF;SAT;NEGATIF;ARTIYOR;SAT;SAT;UCUZ (AL);0;03.09.2026
GOLTS;izle;;12,3;1,8;6,9;3,6;0;0;zayif;25,2;38,4;56,7;asagi;zayif;zayif;asagi;0,45;-2,41;2;292;-1,27;18302852;316,37;SAT;NEGATIF;SAT;NEGATIF;AZALIYOR;SAT;SAT;NOTR;0;03.09.2026
AVHOL;izle;;12,3;0,9;3,4;8,0;0;0;zayif;18,3;30,3;36,2;asagi;zayif;zayif;asagi;0,66;-3,56;2;33,5;-2,05;51041237;37,19;SAT;NEGATIF;NOTR;NEGATIF;ARTIYOR;SAT;SAT;NOTR;0;03.09.2026
TCELL;izle;;12,3;1,7;4,9;5,6;6;0;zayif;24,5;35,7;38,3;asagi;zayif;zayif;asagi;0,52;-2,53;3;96,6;-0,62;1622729980;105,37;SAT;NEGATIF;SAT;NEGATIF;AZALIYOR;SAT;AL;NOTR;1;03.09.2026
OTTO;izle;;12,2;1,3;0,9;10,0;10;0;zayif;21,4;20,8;24,1;asagi;zayif;zayif;asagi;1,79;-6,11;5;132,4;-8,69;46089499;162,40;SAT;NEGATIF;SAT;NEGATIF;ARTIYOR;SAT;AL;UCUZ (AL);1;03.09.2026
SEKFK;izle;;12,2;1,9;10,3;0,0;0;0;zayif;25,6;32,8;21,7;asagi;zayif;zayif;asagi;0,26;-2,92;2;4,45;0,45;1018173;4,94;AL;NEGATIF;SAT;POZITIF;ARTIYOR;AL;SAT;NOTR;3;03.09.2026
SISE;izle;;12,2;1,0;10,9;0,2;0;0;zayif;19,6;34,8;34,6;asagi;zayif;zayif;asagi;0,68;-2,88;1;38,68;-1,07;1526701031;41,94;AL;NEGATIF;NOTR;NEGATIF;AZALIYOR;SAT;SAT;NOTR;1;03.09.2026
SILVR;izle;;12,1;0,7;11,4;0,0;6;0;zayif;17,2;36,3;36,4;asagi;zayif;zayif;asagi;0,42;-2,38;3;2,18;-0,46;1222263;2,38;AL;NEGATIF;NOTR;NEGATIF;AZALIYOR;SAT;SAT;UCUZ (AL);1;03.09.2026
SUMAS;izle;;12,1;1,7;10,4;0,0;0;0;zayif;24,5;33,0;36,9;asagi;zayif;zayif;asagi;0,68;-4,67;2;261,25;-2,15;481484;288,27;AL;NEGATIF;SAT;NEGATIF;ARTIYOR;SAT;SAT;NOTR;1;03.09.2026
KMPUR;izle;;12,1;5,1;7,0;0,0;6;0;zayif;25,7;35,1;37,6;asagi;zayif;zayif;asagi;0,51;-1,96;3;18,31;-0,60;28600312;21,34;SAT;NEGATIF;SAT;NEGATIF;AZALIYOR;SAT;AL;NOTR;1;03.09.2026
MERKO;izle;;12,1;1,6;2,4;8,0;6;0;zayif;24,1;25,4;34,0;asagi;zayif;zayif;asagi;1,18;-5,77;3;1,19;-5,56;26779758;1,37;SAT;NEGATIF;SAT;NEGATIF;ARTIYOR;SAT;SAT;UCUZ (AL);0;03.09.2026
YESIL;izle;;12,0;0,3;3,7;8,0;6;0;zayif;14,5;29,4;38,2;asagi;zayif;zayif;asagi;0,64;-3,96;3;1,12;-3,45;11274710;1,25;SAT;NEGATIF;NOTR;NEGATIF;ARTIYOR;SAT;SAT;UCUZ (AL);0;03.09.2026
YAYLA;izle;;12,0;7,0;5,0;0,0;38;3;zayif;39,2;35,4;53,6;asagi;zayif;zayif;asagi;0,23;-2,00;3;20,5;-1,73;10363898;24,12;SAT;NEGATIF;AL;NEGATIF;AZALIYOR;SAT;AL;UCUZ (AL);2;03.09.2026
DESPC;izle;;11,9;3,2;7,5;1,2;0;0;zayif;20,1;40,2;65,8;asagi;zayif;zayif;asagi;0,77;-1,60;2;38,5;-4,94;21743953;45,62;SAT;NEGATIF;AL;NEGATIF;ARTIYOR;SAT;SAT;NOTR;1;03.09.2026
MAVI;izle;;11,9;1,8;4,3;5,7;10;0;zayif;25,3;32,7;47,7;asagi;zayif;zayif;asagi;0,98;-3,30;4;36,1;-2,06;129299984;38,99;SAT;NEGATIF;SAT;NEGATIF;ARTIYOR;SAT;SAT;NOTR;0;03.09.2026
AKSA;izle;;11,9;5,4;6,3;0,1;6;0;zayif;30,4;32,8;16,8;asagi;zayif;zayif;asagi;0,36;-2,88;3;10,64;-0,65;79389456;11,55;SAT;NEGATIF;SAT;NEGATIF;AZALIYOR;SAT;SAT;NOTR;0;03.09.2026
EKOS;izle;;11,8;1,5;2,0;8,3;10;1;zayif;22,9;24,3;44,9;asagi;zayif;zayif;asagi;1,20;-4,76;2;4,7;-5,62;60781876;5,53;SAT;NEGATIF;SAT;NEGATIF;ARTIYOR;SAT;SAT;UCUZ (AL);0;03.09.2026
PENGD;izle;;11,7;2,4;8,8;0,4;10;0;zayif;34,9;27,8;6,4;asagi;zayif;zayif;asagi;0,72;-4,36;4;8,89;-1,33;14911917;9,69;AL;NEGATIF;SAT;NEGATIF;AZALIYOR;SAT;SAT;NOTR;1;03.09.2026
IZENR;izle;;11,6;0,5;0,8;10,3;6;0;zayif;15,9;16,1;34,9;asagi;zayif;zayif;asagi;0,84;-5,21;3;6,47;-9,26;216542114;8,10;SAT;NEGATIF;NOTR;NEGATIF;ARTIYOR;SAT;AL;UCUZ (AL);1;03.09.2026
TOASO;izle;;11,5;0,9;6,3;4,4;0;0;zayif;18,7;36,2;43,5;asagi;zayif;zayif;asagi;0,96;-2,19;1;260,5;0,00;905732971;286,53;SAT;NEGATIF;NOTR;NEGATIF;AZALIYOR;SAT;SAT;NOTR;0;03.09.2026
NUGYO;izle;;11,5;1,8;9,7;0,0;0;0;zayif;16,6;41,8;51,9;asagi;zayif;zayif;asagi;0,63;-1,37;1;8,86;-1,45;10404608;9,70;SAT;NEGATIF;NOTR;NEGATIF;AZALIYOR;SAT;SAT;NOTR;0;03.09.2026
ENSRI;izle;;11,4;0,0;11,4;0,0;0;0;zayif;10,7;36,4;26,8;asagi;zayif;zayif;asagi;0,67;-5,63;2;4,71;-4,85;79262301;5,77;AL;NEGATIF;NOTR;NEGATIF;AZALIYOR;SAT;SAT;UCUZ (AL);1;03.09.2026
IHAAS;izle;;11,4;1,3;6,1;4,0;38;3;zayif;21,4;38,7;35,7;asagi;zayif;zayif;asagi;0,49;-2,42;3;49,52;-4,12;32463777;61,63;SAT;NEGATIF;SAT;NEGATIF;AZALIYOR;SAT;SAT;NOTR;0;03.09.2026
KRSTL;izle;;11,3;2,4;2,8;6,1;10;0;zayif;33,0;26,2;33,3;asagi;zayif;zayif;asagi;1,06;-4,51;4;8,78;-1,68;45387314;9,55;SAT;NEGATIF;SAT;NEGATIF;AZALIYOR;SAT;SAT;NOTR;0;03.09.2026
HTTBT;izle;;11,2;0,5;3,3;7,4;10;0;zayif;15,4;29,9;46,2;asagi;zayif;zayif;asagi;1,08;-2,87;4;34,86;0,06;17694413;37,68;SAT;NEGATIF;NOTR;NEGATIF;ARTIYOR;SAT;SAT;UCUZ (AL);0;03.09.2026
BALSU;izle;;11,1;1,5;9,6;0,0;0;0;zayif;23,3;30,4;47,4;asagi;zayif;zayif;asagi;0,27;-4,27;2;9,3;-6,06;235021704;11,80;AL;NEGATIF;SAT;NEGATIF;AZALIYOR;SAT;SAT;UCUZ (AL);1;03.09.2026
ENTRA;izle;;11,1;0,3;2,8;7,9;6;0;zayif;14,5;29,6;18,4;asagi;zayif;zayif;asagi;1,18;-2,95;3;4,16;-1,42;87790265;4,67;SAT;NEGATIF;NOTR;NEGATIF;ARTIYOR;SAT;SAT;NOTR;0;03.09.2026
EUHOL;izle;;11,0;1,0;8,5;1,5;10;0;zayif;19,7;39,9;30,8;asagi;zayif;zayif;asagi;0,79;-2,28;4;10;-1,48;7098410;11,26;SAT;NEGATIF;NOTR;NEGATIF;AZALIYOR;SAT;AL;NOTR;1;03.09.2026
YBTAS;izle;;11,0;2,4;3,7;4,8;10;0;zayif;32,1;33,0;38,9;asagi;zayif;zayif;asagi;0,99;-4,59;5;13,3;-2,42;940536;14,44;SAT;NEGATIF;SAT;NEGATIF;AZALIYOR;SAT;SAT;UCUZ (AL);0;03.09.2026
CMBTN;izle;;10,9;4,1;6,9;0,0;6;0;zayif;22,5;39,4;39,3;asagi;zayif;zayif;asagi;0,60;-1,53;3;1504;0,20;24199360;1652,77;SAT;NEGATIF;AL;NEGATIF;AZALIYOR;SAT;AL;UCUZ (AL);2;03.09.2026
ALKA;izle;;10,8;0,3;10,6;0,0;32;3;zayif;14,0;33,5;50,8;asagi;zayif;zayif;asagi;0,62;-3,36;1;7,78;-3,59;14307521;8,73;AL;NEGATIF;NOTR;NEGATIF;ARTIYOR;SAT;SAT;NOTR;1;03.09.2026
MMCAS;izle;;10,7;2,4;1,5;6,7;0;0;zayif;35,1;25,9;9,9;asagi;zayif;zayif;asagi;1,10;-5,67;2;44,02;-2,18;1187792;50,69;SAT;NEGATIF;SAT;NEGATIF;AZALIYOR;SAT;AL;UCUZ (AL);1;03.09.2026
TLMAN;izle;;10,6;4,9;5,7;0,0;6;0;zayif;24,7;34,7;48,0;asagi;zayif;zayif;asagi;0,49;-2,43;3;77;-0,77;6706161;85,09;SAT;NEGATIF;AL;NEGATIF;AZALIYOR;SAT;SAT;UCUZ (AL);1;03.09.2026
NATEN;izle;;10,5;0,8;2,3;7,3;6;0;zayif;18,1;24,6;38,2;asagi;zayif;zayif;asagi;1,14;-4,78;3;4,97;-4,79;45465133;5,70;SAT;NEGATIF;NOTR;NEGATIF;ARTIYOR;SAT;SAT;UCUZ (AL);0;03.09.2026
SURGY;izle;;10,4;2,4;8,0;0,0;0;0;zayif;40,1;12,8;30,8;asagi;zayif;zayif;asagi;0,26;-8,76;2;29,24;-3,43;60393992;36,23;AL;NEGATIF;SAT;NEGATIF;AZALIYOR;AL;SAT;UCUZ (AL);2;03.09.2026
DCTTR;izle;;10,4;2,4;8,0;0,0;10;0;zayif;46,5;19,2;24,3;asagi;zayif;zayif;asagi;0,25;-7,45;5;6,06;-1,62;27459133;7,27;AL;NEGATIF;SAT;NEGATIF;AZALIYOR;SAT;SAT;UCUZ (AL);1;03.09.2026
TEZOL;izle;;10,4;2,4;8,0;0,0;6;0;zayif;38,3;24,4;33,5;asagi;zayif;zayif;asagi;0,53;-6,66;3;8,68;-2,47;36348490;10,32;AL;NEGATIF;SAT;NEGATIF;ARTIYOR;SAT;SAT;UCUZ (AL);1;03.09.2026
BARMA;izle;;10,4;2,4;8,0;0,0;0;0;zayif;72,7;11,1;32,2;asagi;zayif;zayif;asagi;0,46;-16,53;2;7,9;-2,47;8138225;10,60;AL;NEGATIF;SAT;NEGATIF;AZALIYOR;AL;SAT;UCUZ (AL);2;03.09.2026
BASCM;izle;;10,3;0,7;9,6;0,0;0;0;zayif;17,2;41,3;50,7;asagi;zayif;zayif;asagi;0,43;-2,17;1;13,3;-2,92;621017;14,23;SAT;NEGATIF;NOTR;NEGATIF;ARTIYOR;SAT;SAT;NOTR;0;03.09.2026
ATEKS;izle;;10,2;4,6;5,6;0,0;6;0;zayif;23,7;37,8;42,1;asagi;zayif;zayif;asagi;0,67;-3,28;3;94;-1,05;929566;106,40;SAT;NEGATIF;SAT;NEGATIF;AZALIYOR;SAT;SAT;NOTR;0;03.09.2026
GLRMK;izle;;10,2;2,4;4,1;3,6;38;3;zayif;30,2;35,2;41,4;asagi;zayif;zayif;asagi;0,81;-2,04;3;155;-3,67;645940335;181,91;SAT;NEGATIF;SAT;NEGATIF;ARTIYOR;SAT;SAT;NOTR;0;03.09.2026
INVEO;izle;;10,1;0,1;10,0;0,0;0;0;zayif;13,0;31,6;38,5;asagi;zayif;zayif;asagi;0,41;-2,98;0;6,63;-2,50;13412125;7,40;AL;NEGATIF;NOTR;NEGATIF;AZALIYOR;SAT;SAT;UCUZ (AL);1;03.09.2026
ATLAS;izle;;10,1;2,4;5,3;2,3;0;0;zayif;33,8;29,3;32,0;asagi;zayif;zayif;asagi;0,84;-3,88;2;5,97;0,34;3824579;6,74;SAT;NEGATIF;SAT;NEGATIF;AZALIYOR;SAT;SAT;NOTR;0;03.09.2026
BMSCH;izle;;10,0;2,2;1,7;6,1;10;0;zayif;28,4;19,7;36,6;asagi;zayif;zayif;asagi;1,07;-6,02;4;9,94;-4,97;15570533;11,67;SAT;NEGATIF;SAT;NEGATIF;ARTIYOR;SAT;SAT;UCUZ (AL);0;03.09.2026
ANGEN;izle;;9,9;0,7;9,3;0,0;0;0;zayif;16,8;29,3;53,0;asagi;zayif;zayif;asagi;0,53;-3,89;1;8,81;-1,01;10014829;9,50;AL;NEGATIF;NOTR;NEGATIF;AZALIYOR;SAT;SAT;UCUZ (AL);1;03.09.2026
ARCLK;izle;;9,9;0,3;2,2;7,4;0;0;zayif;14,3;25,4;37,0;asagi;zayif;zayif;asagi;1,06;-4,42;2;88,85;-1,55;149400742;95,00;SAT;NEGATIF;NOTR;NEGATIF;ARTIYOR;SAT;SAT;UCUZ (AL);0;03.09.2026
TMPOL;izle;;9,9;4,3;2,9;2,7;10;0;zayif;21,5;34,8;42,2;asagi;zayif;zayif;asagi;0,86;-2,55;5;352,5;-5,69;466815045;494,95;SAT;NEGATIF;SAT;NEGATIF;AZALIYOR;SAT;AL;NOTR;1;03.09.2026
ULUFA;izle;;9,8;0,6;8,4;0,8;6;0;zayif;16,7;41,2;29,9;asagi;zayif;zayif;asagi;0,51;-1,86;3;1,64;-0,61;19462065;1,81;SAT;NEGATIF;NOTR;NEGATIF;AZALIYOR;SAT;SAT;NOTR;0;03.09.2026
GOZDE;izle;;9,7;3,8;6,0;0,0;6;0;zayif;17,1;38,7;43,1;asagi;zayif;zayif;asagi;0,52;-1,50;3;21,72;-1,27;20244387;24,06;SAT;NEGATIF;NOTR;NEGATIF;AZALIYOR;SAT;SAT;NOTR;0;03.09.2026
ALCTL;izle;;9,7;5,4;4,3;0,0;16;1;zayif;46,8;25,9;19,6;asagi;zayif;zayif;asagi;0,65;-4,52;3;110;-4,01;40358010;131,11;SAT;NEGATIF;SAT;NEGATIF;AZALIYOR;SAT;SAT;NOTR;0;03.09.2026
SKYLP;izle;;9,7;3,8;5,6;0,3;0;0;zayif;17,9;37,8;34,0;asagi;zayif;zayif;asagi;0,72;-2,36;2;220,5;-4,09;8697182;269,70;SAT;NEGATIF;NOTR;NEGATIF;AZALIYOR;SAT;AL;NOTR;1;03.09.2026
FZLGY;izle;;9,7;2,1;2,0;5,5;0;0;zayif;27,8;21,0;48,9;asagi;zayif;zayif;asagi;1,03;-5,58;2;7,85;-4,38;177588894;9,97;SAT;NEGATIF;SAT;NEGATIF;ARTIYOR;SAT;SAT;UCUZ (AL);0;03.09.2026
ONRYT;izle;;9,6;0,0;6,5;3,1;0;0;zayif;7,8;38,5;53,1;asagi;zayif;zayif;asagi;0,89;-1,99;2;56,45;-3,17;46770406;64,39;SAT;NEGATIF;NOTR;NEGATIF;ARTIYOR;SAT;SAT;NOTR;0;03.09.2026
RTALB;izle;;9,6;0,0;9,6;0,0;0;0;zayif;10,4;30,2;29,9;asagi;zayif;zayif;asagi;0,64;-4,01;2;2,75;-2,14;30236366;3,05;AL;NEGATIF;NOTR;NEGATIF;AZALIYOR;SAT;SAT;UCUZ (AL);1;03.09.2026
CGCAM;izle;;9,5;4,6;1,6;3,3;6;0;zayif;23,7;22,8;43,8;asagi;zayif;zayif;asagi;0,90;-5,01;3;31,18;-3,35;60161935;36,47;SAT;NEGATIF;SAT;NEGATIF;AZALIYOR;SAT;SAT;NOTR;0;03.09.2026
MHRGY;izle;;9,5;0,5;4,8;4,2;10;1;zayif;15,8;31,8;34,9;asagi;zayif;zayif;asagi;0,95;-3,42;2;3,15;-1,87;8685511;3,46;SAT;NEGATIF;NOTR;NEGATIF;ARTIYOR;SAT;SAT;NOTR;0;03.09.2026
HEDEF;izle;;9,4;5,4;4,0;0,0;0;0;zayif;33,6;22,5;31,4;asagi;zayif;zayif;asagi;0,04;-5,99;2;61,5;-9,96;14909691;107,21;SAT;NEGATIF;SAT;NEGATIF;AZALIYOR;SAT;SAT;NOTR;0;03.09.2026
DOFRB;izle;;9,4;3,6;5,8;0,0;0;0;zayif;16,6;36,0;57,2;asagi;zayif;zayif;asagi;0,50;-2,83;1;117,7;-4,23;289865440;144,54;SAT;NEGATIF;NOTR;NEGATIF;AZALIYOR;SAT;SAT;NOTR;0;03.09.2026
SAFKR;izle;;9,4;2,4;1,0;6,0;10;1;zayif;30,6;24,7;9,3;asagi;zayif;zayif;asagi;1,06;-4,84;2;16;-6,27;59021872;19,03;SAT;NEGATIF;SAT;NEGATIF;ARTIYOR;SAT;AL;UCUZ (AL);1;03.09.2026
KAPLM;izle;;9,3;5,1;3,4;0,8;0;0;zayif;27,4;28,3;38,6;asagi;zayif;zayif;asagi;0,75;-3,94;2;376,25;-3,28;24931830;441,38;SAT;NEGATIF;SAT;NEGATIF;AZALIYOR;SAT;SAT;NOTR;0;03.09.2026
AKFGY;izle;;9,3;0,9;4,7;3,6;10;0;zayif;18,9;33,8;35,7;asagi;zayif;zayif;asagi;0,61;-2,76;4;2,51;-1,18;32608464;2,72;SAT;NEGATIF;NOTR;NEGATIF;AZALIYOR;SAT;SAT;NOTR;0;03.09.2026
CIMSA;izle;;9,2;0,5;5,4;3,4;6;0;zayif;15,4;34,9;47,1;asagi;zayif;zayif;asagi;0,82;-2,58;3;43,44;-1,27;306089274;47,41;SAT;NEGATIF;NOTR;NEGATIF;AZALIYOR;SAT;SAT;NOTR;0;03.09.2026
FROTO;izle;;9,2;2,2;5,3;1,7;32;3;zayif;27,9;34,1;43,7;asagi;zayif;zayif;asagi;0,74;-2,89;2;75,65;-0,79;1130986715;81,79;SAT;NEGATIF;SAT;NEGATIF;AZALIYOR;SAT;SAT;UCUZ (AL);0;03.09.2026
CMENT;izle;;9,1;2,4;3,5;3,1;0;0;zayif;38,0;29,8;36,4;asagi;zayif;zayif;asagi;0,89;-4,25;2;253,75;-1,26;912739;266,53;SAT;NEGATIF;SAT;NEGATIF;AZALIYOR;SAT;SAT;UCUZ (AL);0;03.09.2026
MOPAS;izle;;9,1;2,3;2,7;4,0;0;0;zayif;29,0;26,2;49,5;asagi;zayif;zayif;asagi;0,67;-5,02;2;25,3;-3,95;39453301;28,49;SAT;NEGATIF;SAT;NEGATIF;ARTIYOR;SAT;SAT;UCUZ (AL);0;03.09.2026
USAK;izle;;8,9;0,2;8,7;0,0;0;0;zayif;13,8;27,3;35,8;asagi;zayif;zayif;asagi;0,69;-3,90;0;1,18;-2,48;30779445;1,31;AL;NEGATIF;NOTR;NEGATIF;ARTIYOR;SAT;SAT;UCUZ (AL);1;03.09.2026
TKNSA;izle;;8,8;2,3;6,5;0,0;10;1;zayif;28,7;41,4;28,0;asagi;zayif;zayif;asagi;0,27;-1,52;2;16,75;-0,48;45594606;20,39;SAT;NEGATIF;SAT;NEGATIF;AZALIYOR;SAT;SAT;UCUZ (AL);0;03.09.2026
RUZYE;izle;;8,8;1,3;4,1;3,3;6;0;zayif;21,9;32,9;49,9;asagi;zayif;zayif;asagi;0,90;-3,21;3;7,83;-4,74;40141098;9,31;SAT;NEGATIF;SAT;NEGATIF;ARTIYOR;SAT;SAT;UCUZ (AL);0;03.09.2026
AYEN;izle;;8,7;3,0;5,7;0,0;6;0;zayif;11,6;36,4;41,4;asagi;zayif;zayif;asagi;0,67;-2,37;3;30,26;-0,20;14210762;33,74;SAT;NEGATIF;NOTR;NEGATIF;AZALIYOR;SAT;SAT;NOTR;0;03.09.2026
NUHCM;izle;;8,6;0,8;4,4;3,3;0;0;zayif;18,2;31,9;34,0;asagi;zayif;zayif;asagi;0,43;-2,68;2;208;-1,42;6065488;222,89;SAT;NEGATIF;NOTR;NEGATIF;ARTIYOR;SAT;SAT;NOTR;0;03.09.2026
SEYKM;izle;;8,5;0,7;1,9;5,9;10;0;zayif;17,4;23,7;17,3;asagi;zayif;zayif;asagi;1,05;-3,12;5;4,15;-4,38;5956537;4,76;SAT;NEGATIF;NOTR;NEGATIF;ARTIYOR;SAT;SAT;UCUZ (AL);0;03.09.2026
HEKTS;izle;;8,4;2,0;3,2;3,1;6;0;zayif;26,8;27,4;48,2;asagi;zayif;zayif;asagi;0,89;-4,20;3;2,6;-1,89;680480663;2,90;SAT;NEGATIF;SAT;NEGATIF;AZALIYOR;SAT;SAT;NOTR;0;03.09.2026
INTEK;izle;;8,3;1,4;6,9;0,0;0;0;zayif;22,0;34,7;32,6;asagi;zayif;zayif;asagi;0,62;-4,08;1;226;-2,88;1555784;251,36;SAT;NEGATIF;SAT;NEGATIF;AZALIYOR;SAT;SAT;NOTR;0;03.09.2026
YYLGD;izle;;8,2;0,2;5,9;2,1;16;1;zayif;13,7;36,2;30,6;asagi;zayif;zayif;asagi;0,55;-2,63;3;9,81;-1,80;46415191;10,64;SAT;NEGATIF;NOTR;NEGATIF;AZALIYOR;SAT;SAT;NOTR;0;03.09.2026
EKSUN;izle;;8,2;3,8;4,4;0,0;10;0;zayif;17,7;34,1;47,7;asagi;zayif;zayif;asagi;0,46;-2,81;4;5,55;-1,94;12879430;6,45;SAT;NEGATIF;NOTR;NEGATIF;AZALIYOR;SAT;SAT;NOTR;0;03.09.2026
GSDHO;izle;;8,2;3,3;4,9;0,0;10;0;zayif;14,3;32,9;30,7;asagi;zayif;zayif;asagi;0,58;-3,22;4;4,44;-1,99;29358159;5,02;SAT;NEGATIF;NOTR;NEGATIF;AZALIYOR;SAT;SAT;NOTR;0;03.09.2026
ECILC;izle;;8,1;1,0;7,0;0,1;0;0;zayif;19,1;38,6;71,0;asagi;zayif;zayif;asagi;0,67;-1,99;2;70;-3,45;265930560;80,64;SAT;NEGATIF;NOTR;NEGATIF;ARTIYOR;SAT;SAT;NOTR;0;03.09.2026
EGEGY;izle;;7,9;4,3;2,0;1,6;0;0;zayif;21,5;29,4;48,3;asagi;zayif;zayif;asagi;0,79;-3,26;2;24,06;-6,02;79169574;30,61;SAT;NEGATIF;SAT;NEGATIF;ARTIYOR;SAT;SAT;NOTR;0;03.09.2026
KOPOL;izle;;7,7;0,8;4,0;3,0;0;0;zayif;17,7;31,6;45,4;asagi;zayif;zayif;asagi;0,88;-3,13;2;5,02;-5,10;55535161;5,90;SAT;NEGATIF;NOTR;NEGATIF;ARTIYOR;SAT;SAT;NOTR;0;03.09.2026
YAPRK;izle;;7,7;1,1;6,6;0,0;0;0;zayif;14,9;38,8;33,5;asagi;zayif;zayif;asagi;0,34;-1,92;2;10,52;-1,68;19649929;12,06;SAT;NEGATIF;NOTR;NEGATIF;AZALIYOR;SAT;SAT;NOTR;0;03.09.2026
KLKIM;izle;;7,6;0,8;6,8;0,0;0;0;zayif;18,1;38,5;61,9;asagi;zayif;zayif;asagi;0,47;-2,21;2;25,68;-0,93;25166118;28,72;SAT;NEGATIF;NOTR;NEGATIF;AZALIYOR;SAT;SAT;UCUZ (AL);0;03.09.2026
PRKAB;izle;;7,6;0,5;2,5;4,6;6;0;zayif;15,9;26,3;28,4;asagi;zayif;zayif;asagi;0,97;-3,91;3;30,02;-1,83;18477130;33,28;SAT;NEGATIF;NOTR;NEGATIF;AZALIYOR;SAT;AL;NOTR;1;03.09.2026
MERCN;izle;;7,6;2,1;5,5;0,0;6;0;zayif;27,5;29,9;26,2;asagi;zayif;zayif;asagi;0,62;-3,66;3;16,78;-3,84;39304633;20,40;SAT;NEGATIF;SAT;NEGATIF;AZALIYOR;SAT;AL;NOTR;1;03.09.2026
CEOEM;izle;;7,5;0,0;7,5;0,0;0;0;zayif;12,0;40,0;47,5;asagi;zayif;zayif;asagi;0,62;-1,29;1;23,32;-2,67;17206359;26,21;SAT;NEGATIF;NOTR;NEGATIF;AZALIYOR;SAT;SAT;NOTR;0;03.09.2026
CEMTS;izle;;7,5;0,5;6,3;0,6;42;3;zayif;16,0;35,9;48,3;asagi;zayif;zayif;asagi;0,54;-2,86;4;8,6;-0,81;7209174;9,23;SAT;NEGATIF;NOTR;NEGATIF;AZALIYOR;SAT;SAT;UCUZ (AL);0;03.09.2026
SNICA;izle;;7,4;1,2;6,3;0,0;0;0;zayif;20,7;36,6;60,7;asagi;zayif;zayif;asagi;0,27;-3,31;1;3,05;-2,56;16059494;3,62;SAT;NEGATIF;SAT;NEGATIF;AZALIYOR;SAT;SAT;UCUZ (AL);0;03.09.2026
VKING;izle;;7,4;2,4;1,9;3,1;10;0;zayif;39,4;23,8;34,5;asagi;zayif;zayif;asagi;0,88;-4,12;4;19,92;-3,68;6097313;22,58;SAT;NEGATIF;SAT;NEGATIF;ARTIYOR;SAT;SAT;UCUZ (AL);0;03.09.2026
GRTHO;izle;;7,3;1,1;3,3;2,9;0;0;zayif;19,8;30,8;31,9;asagi;zayif;zayif;asagi;0,87;-3,29;0;188,1;-4,66;176250076;234,03;SAT;NEGATIF;NOTR;NEGATIF;ARTIYOR;SAT;SAT;UCUZ (AL);0;03.09.2026
OBASE;izle;;7,3;3,3;4,0;0,0;6;0;zayif;14,0;31,5;30,9;asagi;zayif;zayif;asagi;0,37;-2,79;3;34,32;-3,05;8368863;39,69;SAT;NEGATIF;NOTR;NEGATIF;AZALIYOR;SAT;SAT;NOTR;0;03.09.2026
GEDIK;izle;;7,2;4,3;3,0;0,0;0;0;zayif;21,4;29,5;42,1;asagi;zayif;zayif;asagi;0,14;-2,75;2;5,7;-1,72;17921473;6,45;SAT;NEGATIF;SAT;NEGATIF;AZALIYOR;SAT;SAT;NOTR;0;03.09.2026
ACSEL;izle;;7,1;3,8;3,3;0,0;10;0;zayif;17,9;28,7;29,8;asagi;zayif;zayif;asagi;0,61;-3,58;4;109,8;-3,94;9002502;124,29;SAT;NEGATIF;NOTR;NEGATIF;ARTIYOR;SAT;SAT;NOTR;0;03.09.2026
PSGYO;izle;;7,1;4,2;2,6;0,3;6;0;zayif;21,2;29,5;36,7;asagi;zayif;zayif;asagi;0,72;-2,49;3;2,95;-4,84;307814632;3,54;SAT;NEGATIF;SAT;NEGATIF;AZALIYOR;SAT;SAT;NOTR;0;03.09.2026
CLEBI;izle;;7,0;0,6;6,3;0,1;6;0;zayif;16,1;36,9;33,9;asagi;zayif;zayif;asagi;0,59;-2,60;3;1429;-0,42;21755096;1536,13;SAT;NEGATIF;NOTR;NEGATIF;AZALIYOR;SAT;SAT;NOTR;0;03.09.2026
MGROS;izle;;7,0;2,4;2,7;1,9;10;0;zayif;36,2;27,7;50,2;asagi;zayif;zayif;asagi;0,81;-4,88;5;516;-1,71;1576846980;568,51;SAT;NEGATIF;SAT;NEGATIF;AZALIYOR;SAT;SAT;NOTR;0;03.09.2026
AZTEK;izle;;7,0;2,0;5,0;0,0;6;0;zayif;26,8;28,2;4,9;asagi;zayif;zayif;asagi;0,25;-3,91;3;3,65;-2,93;8073150;4,19;SAT;NEGATIF;SAT;NEGATIF;AZALIYOR;SAT;AL;NOTR;1;03.09.2026
GLBMD;izle;;7,0;0,6;6,3;0,0;0;0;zayif;16,8;37,0;13,3;asagi;zayif;zayif;asagi;0,50;-1,68;2;11,49;-1,79;1522034;12,92;SAT;NEGATIF;NOTR;NEGATIF;AZALIYOR;SAT;AL;NOTR;1;03.09.2026
LIDFA;izle;;6,9;0,0;5,9;1,0;0;0;zayif;11,1;35,2;23,2;asagi;zayif;zayif;asagi;0,76;-2,50;2;2,55;-1,54;17698813;2,84;SAT;NEGATIF;NOTR;NEGATIF;AZALIYOR;SAT;SAT;NOTR;0;03.09.2026
MSGYO;izle;;6,9;0,1;5,1;1,7;16;1;zayif;12,3;33,5;29,0;asagi;zayif;zayif;asagi;0,80;-2,74;3;5,5;-4,84;9097891;6,21;SAT;NEGATIF;NOTR;NEGATIF;ARTIYOR;SAT;SAT;NOTR;0;03.09.2026
BAKAB;izle;;6,9;3,9;3,0;0,0;10;0;zayif;18,8;28,4;20,1;asagi;zayif;zayif;asagi;0,53;-4,05;4;37,12;-2,93;7232572;43,14;SAT;NEGATIF;NOTR;NEGATIF;AZALIYOR;SAT;AL;NOTR;1;03.09.2026
ALFAS;izle;;6,9;0,8;4,9;1,2;38;3;zayif;18,2;32,7;50,1;asagi;zayif;zayif;asagi;0,77;-3,49;3;37,8;-3,23;60412640;43,08;SAT;NEGATIF;NOTR;NEGATIF;AZALIYOR;SAT;SAT;NOTR;0;03.09.2026
KOTON;izle;;6,9;0,6;4,7;1,5;6;0;zayif;16,7;31,7;51,0;asagi;zayif;zayif;asagi;0,79;-3,66;3;12,1;-2,26;20817856;13,19;SAT;NEGATIF;NOTR;NEGATIF;ARTIYOR;SAT;SAT;UCUZ (AL);0;03.09.2026
BEGYO;izle;;6,8;1,4;5,4;0,0;10;0;zayif;22,5;34,2;49,1;asagi;zayif;zayif;asagi;0,45;-3,20;4;3,35;-2,62;5408920;3,74;SAT;NEGATIF;SAT;NEGATIF;ARTIYOR;SAT;SAT;UCUZ (AL);0;03.09.2026
ARZUM;izle;;6,8;0,9;5,8;0,0;0;0;zayif;18,9;35,0;64,2;asagi;zayif;zayif;asagi;0,34;-3,50;2;1,52;-1,30;11475682;1,77;SAT;NEGATIF;NOTR;NEGATIF;AZALIYOR;SAT;SAT;UCUZ (AL);0;03.09.2026
VAKFN;izle;;6,6;2,4;4,2;0,0;0;0;zayif;34,4;29,9;42,6;asagi;zayif;zayif;asagi;0,68;-3,91;1;1,11;-1,77;31092188;1,22;SAT;NEGATIF;SAT;NEGATIF;AZALIYOR;SAT;SAT;UCUZ (AL);0;03.09.2026
BEYAZ;izle;;6,6;0,0;4,2;2,4;0;0;zayif;12,1;31,4;23,1;asagi;zayif;zayif;asagi;0,84;-3,12;2;21,8;-0,37;13854380;24,02;SAT;NEGATIF;NOTR;NEGATIF;AZALIYOR;SAT;SAT;UCUZ (AL);0;03.09.2026
MARMR;izle;;6,5;1,9;4,6;0,0;0;0;zayif;26,2;37,6;45,4;asagi;zayif;zayif;asagi;0,47;-1,97;2;2,17;-0,91;79367309;2,47;SAT;NEGATIF;SAT;NEGATIF;AZALIYOR;SAT;AL;NOTR;1;03.09.2026
MEGMT;izle;;6,4;2,4;4,0;0,0;0;0;zayif;42,7;24,5;27,2;asagi;zayif;zayif;asagi;0,36;-5,96;2;43,56;-2,85;133985768;53,65;SAT;NEGATIF;SAT;NEGATIF;AZALIYOR;AL;AL;NOTR;2;03.09.2026
BRYAT;izle;;6,4;0,5;5,9;0,0;6;0;zayif;15,6;36,7;49,9;asagi;zayif;zayif;asagi;0,41;-3,02;3;1629;-0,97;53745597;1784,79;SAT;NEGATIF;NOTR;NEGATIF;AZALIYOR;SAT;SAT;UCUZ (AL);0;03.09.2026
KLSER;izle;;6,4;0,8;3,0;2,5;10;1;zayif;18,2;28,8;43,9;asagi;zayif;zayif;asagi;0,85;-3,68;2;22,9;-2,05;30058952;25,14;SAT;NEGATIF;NOTR;NEGATIF;ARTIYOR;SAT;SAT;UCUZ (AL);0;03.09.2026
KTSKR;izle;;6,3;3,3;3,0;0,0;6;0;zayif;14,0;26,7;39,9;asagi;zayif;zayif;asagi;0,51;-4,17;3;75,6;-3,08;17107524;86,51;SAT;NEGATIF;NOTR;NEGATIF;AZALIYOR;SAT;SAT;NOTR;0;03.09.2026
LILAK;izle;;6,2;0,7;5,6;0,0;22;2;zayif;17,0;34,8;36,2;asagi;zayif;zayif;asagi;0,68;-3,33;2;27,82;-2,04;51797585;30,77;SAT;NEGATIF;NOTR;NEGATIF;AZALIYOR;SAT;SAT;NOTR;0;03.09.2026
GOKNR;izle;;6,2;1,3;4,9;0,0;0;0;zayif;21,7;27,9;46,1;asagi;zayif;zayif;asagi;0,46;-4,96;1;16,93;-3,92;62164895;19,66;SAT;NEGATIF;SAT;NEGATIF;AZALIYOR;AL;SAT;NOTR;1;03.09.2026
DGATE;izle;;6,2;4,1;1,7;0,4;6;0;zayif;20,3;26,2;19,8;asagi;zayif;zayif;asagi;0,72;-3,24;3;84,6;-9,03;20719471;106,46;SAT;NEGATIF;SAT;NEGATIF;ARTIYOR;SAT;SAT;NOTR;0;03.09.2026
KRTEK;izle;;6,1;1,0;5,2;0,0;6;0;zayif;19,3;28,8;15,2;asagi;zayif;zayif;asagi;0,48;-3,49;3;5,09;0,00;2855963;5,90;SAT;NEGATIF;NOTR;NEGATIF;AZALIYOR;SAT;SAT;UCUZ (AL);0;03.09.2026
PARSN;izle;;6,1;1,3;4,8;0,0;10;0;zayif;21,7;31,1;64,5;asagi;zayif;zayif;asagi;0,47;-3,22;5;68,95;-1,29;12283580;76,10;SAT;NEGATIF;SAT;NEGATIF;AZALIYOR;SAT;SAT;UCUZ (AL);0;03.09.2026
ICUGS;izle;;6,1;3,9;0,0;2,2;6;0;zayif;18,9;18,8;41,3;asagi;zayif;zayif;asagi;0,83;-4,87;3;3,67;-7,56;32137698;4,82;SAT;NEGATIF;NOTR;NEGATIF;ARTIYOR;SAT;SAT;NOTR;0;03.09.2026
YATAS;izle;;6,1;2,1;4,0;0,0;0;0;zayif;27,3;29,6;18,3;asagi;zayif;zayif;asagi;0,60;-4,73;1;30,02;-1,70;16817204;32,91;SAT;NEGATIF;SAT;NEGATIF;AZALIYOR;SAT;SAT;NOTR;0;03.09.2026
ERBOS;izle;;6,1;0,2;3,7;2,3;0;0;zayif;13,2;28,7;37,6;asagi;zayif;zayif;asagi;0,84;-4,13;2;143,7;-0,90;7004800;155,68;SAT;NEGATIF;NOTR;NEGATIF;AZALIYOR;SAT;SAT;UCUZ (AL);0;03.09.2026
ATAGY;izle;;6,0;2,4;3,6;0,0;0;0;zayif;38,5;27,7;37,9;asagi;zayif;zayif;asagi;0,62;-3,62;1;9,78;-0,91;1224554;10,69;SAT;NEGATIF;SAT;NEGATIF;AZALIYOR;SAT;SAT;UCUZ (AL);0;03.09.2026
KFEIN;izle;;5,9;0,0;5,9;0,0;6;0;zayif;9,1;35,6;25,8;asagi;zayif;zayif;asagi;0,43;-2,56;3;7,84;-3,21;15724312;8,90;SAT;NEGATIF;NOTR;NEGATIF;ARTIYOR;SAT;SAT;NOTR;0;03.09.2026
ULUSE;izle;;5,9;4,4;1,4;0,0;0;0;zayif;22,6;26,8;6,2;asagi;zayif;zayif;asagi;0,48;-3,53;2;226,3;-3,70;22503951;273,01;SAT;NEGATIF;SAT;NEGATIF;AZALIYOR;SAT;SAT;NOTR;0;03.09.2026
DITAS;izle;;5,7;1,0;4,7;0,0;0;0;zayif;19,4;33,1;47,5;asagi;zayif;zayif;asagi;0,62;-3,61;2;20,7;-10,00;21597035;26,86;SAT;NEGATIF;NOTR;NEGATIF;ARTIYOR;SAT;SAT;NOTR;0;03.09.2026
BANVT;izle;;5,7;0,9;4,8;0,0;6;0;zayif;18,8;34,5;22,4;asagi;zayif;zayif;asagi;0,56;-2,44;3;148,5;-0,60;7870203;160,47;SAT;NEGATIF;NOTR;NEGATIF;AZALIYOR;SAT;SAT;NOTR;0;03.09.2026
KIMMR;izle;;5,7;2,4;3,2;0,0;0;0;zayif;35,0;27,5;30,8;asagi;zayif;zayif;asagi;0,44;-4,54;2;13;-1,07;6122701;14,06;SAT;NEGATIF;SAT;NEGATIF;AZALIYOR;SAT;SAT;NOTR;0;03.09.2026
KAREL;izle;;5,6;1,3;4,3;0,0;0;0;zayif;21,9;32,0;19,6;asagi;zayif;zayif;asagi;0,65;-3,61;1;8,12;-3,79;60806547;9,45;SAT;NEGATIF;SAT;NEGATIF;AZALIYOR;SAT;SAT;NOTR;0;03.09.2026
PNLSN;izle;;5,6;0,4;5,2;0,0;0;0;zayif;14,6;36,4;63,8;asagi;zayif;zayif;asagi;0,41;-2,26;1;39,96;-1,38;16999583;45,75;SAT;NEGATIF;NOTR;NEGATIF;AZALIYOR;SAT;SAT;NOTR;0;03.09.2026
DERHL;izle;;5,5;1,6;3,9;0,0;6;0;zayif;23,9;32,3;38,7;asagi;zayif;zayif;asagi;0,45;-3,41;3;2,01;-2,90;20383376;2,28;SAT;NEGATIF;SAT;NEGATIF;AZALIYOR;SAT;SAT;UCUZ (AL);0;03.09.2026
LINK;izle;;5,4;1,9;3,5;0,0;22;2;zayif;26,2;28,9;37,6;asagi;zayif;zayif;asagi;0,50;-4,01;2;5,13;-1,54;44313827;5,77;SAT;NEGATIF;SAT;NEGATIF;AZALIYOR;SAT;SAT;NOTR;0;03.09.2026
QUAGR;izle;;5,4;0,0;5,4;0,0;0;0;zayif;12,3;35,1;65,9;asagi;zayif;zayif;asagi;0,70;-2,51;1;3,05;-3,48;89706902;3,59;SAT;NEGATIF;NOTR;NEGATIF;AZALIYOR;SAT;SAT;NOTR;0;03.09.2026
IMASM;izle;;5,3;0,4;4,9;0,0;40;4;zayif;15,1;31,6;10,1;asagi;zayif;zayif;asagi;0,30;-4,52;1;2,22;-1,77;20186999;2,49;SAT;NEGATIF;NOTR;NEGATIF;AZALIYOR;SAT;SAT;UCUZ (AL);0;03.09.2026
POLTK;izle;;5,3;0,7;3,0;1,6;6;0;zayif;16,9;29,2;15,6;asagi;zayif;zayif;asagi;0,80;-3,85;3;4000;-1,60;22020000;4512,39;SAT;NEGATIF;NOTR;NEGATIF;AZALIYOR;SAT;SAT;UCUZ (AL);0;03.09.2026
SOKE;izle;;5,2;4,3;0,7;0,2;0;0;zayif;21,4;18,1;14,7;asagi;zayif;zayif;asagi;0,71;-5,39;1;11,3;-2,92;24282909;13,47;SAT;NEGATIF;SAT;NEGATIF;AZALIYOR;SAT;SAT;NOTR;0;03.09.2026
HOROZ;izle;;5,2;0,8;4,4;0,0;0;0;zayif;18,1;35,1;30,1;asagi;zayif;zayif;asagi;0,35;-2,07;1;56,15;-2,52;54536024;65,85;SAT;NEGATIF;NOTR;NEGATIF;ARTIYOR;SAT;SAT;NOTR;0;03.09.2026
GZNMI;izle;;5,2;0,0;5,2;0,0;10;0;zayif;10,5;35,5;42,9;asagi;zayif;zayif;asagi;0,61;-2,38;4;51,8;-4,07;53427245;63,95;SAT;NEGATIF;NOTR;NEGATIF;ARTIYOR;SAT;SAT;UCUZ (AL);0;03.09.2026
OYAYO;izle;;5,2;0,0;5,2;0,0;0;0;zayif;8,4;33,6;38,2;asagi;zayif;zayif;asagi;0,41;-2,71;2;41,08;-0,87;1011184;45,59;SAT;NEGATIF;NOTR;NEGATIF;AZALIYOR;SAT;SAT;UCUZ (AL);0;03.09.2026
RAYSG;izle;;5,2;0,8;4,2;0,1;6;0;zayif;18,2;31,1;41,9;asagi;zayif;zayif;asagi;0,70;-3,97;3;150;-3,10;14863200;167,32;SAT;NEGATIF;NOTR;NEGATIF;ARTIYOR;SAT;SAT;UCUZ (AL);0;03.09.2026
BRISA;izle;;5,1;0,9;4,2;0,0;6;0;zayif;18,5;31,6;26,6;asagi;zayif;zayif;asagi;0,50;-3,12;3;74,05;-3,20;7752961;81,78;SAT;NEGATIF;NOTR;NEGATIF;ARTIYOR;SAT;SAT;NOTR;0;03.09.2026
A1CAP;izle;;5,1;2,0;3,1;0,0;6;0;zayif;26,4;26,8;49,5;asagi;zayif;zayif;asagi;0,57;-5,40;3;7,38;-4,16;35943006;8,48;SAT;NEGATIF;SAT;NEGATIF;ARTIYOR;SAT;SAT;UCUZ (AL);0;03.09.2026
YUNSA;izle;;4,8;4,5;0,4;0,0;10;0;zayif;22,7;21,6;10,4;asagi;zayif;zayif;asagi;0,69;-5,46;4;7,35;-1,61;25743706;8,19;SAT;NEGATIF;SAT;NEGATIF;AZALIYOR;SAT;SAT;NOTR;0;03.09.2026
TMSN;izle;;4,7;0,2;3,0;1,5;0;0;zayif;13,1;26,3;52,1;asagi;zayif;zayif;asagi;0,79;-4,46;1;70,05;-3,38;29457286;78,73;SAT;NEGATIF;NOTR;NEGATIF;ARTIYOR;SAT;SAT;UCUZ (AL);0;03.09.2026
LRSHO;izle;;4,7;0,4;4,3;0,0;42;3;zayif;14,7;31,4;0,0;asagi;zayif;zayif;asagi;0,47;-4,30;4;2,41;-1,23;34346980;2,71;SAT;NEGATIF;NOTR;NEGATIF;AZALIYOR;SAT;SAT;UCUZ (AL);0;03.09.2026
ATAKP;izle;;4,6;2,2;2,5;0,0;10;0;zayif;27,9;26,1;40,0;asagi;zayif;zayif;asagi;0,46;-4,63;4;41,42;-0,81;8596183;46,07;SAT;NEGATIF;SAT;NEGATIF;AZALIYOR;SAT;SAT;UCUZ (AL);0;03.09.2026
BURCE;izle;;4,6;0,3;2,7;1,6;16;1;zayif;14,5;26,2;61,0;asagi;zayif;zayif;asagi;0,80;-3,98;3;31,9;-3,33;42816467;37,21;SAT;NEGATIF;NOTR;NEGATIF;ARTIYOR;SAT;SAT;UCUZ (AL);0;03.09.2026
TUREX;izle;;4,5;1,2;3,3;0,0;6;0;zayif;20,8;30,1;42,8;asagi;zayif;zayif;asagi;0,62;-4,07;3;5,97;-3,55;55337184;6,75;SAT;NEGATIF;SAT;NEGATIF;ARTIYOR;SAT;SAT;NOTR;0;03.09.2026
OSMEN;izle;;4,5;0,9;3,6;0,0;32;2;zayif;18,7;32,7;42,8;asagi;zayif;zayif;asagi;0,50;-2,87;4;6,81;-2,85;13929589;7,98;SAT;NEGATIF;NOTR;NEGATIF;AZALIYOR;SAT;SAT;NOTR;0;03.09.2026
FORMT;izle;;4,4;2,4;1,9;0,0;0;0;zayif;36,7;15,3;50,9;asagi;zayif;zayif;asagi;0,56;-7,21;2;1,45;-3,97;16447349;1,64;SAT;NEGATIF;SAT;NEGATIF;ARTIYOR;SAT;SAT;UCUZ (AL);0;03.09.2026
TATEN;izle;;4,2;1,3;2,9;0,0;0;0;zayif;21,5;24,3;54,4;asagi;zayif;zayif;asagi;0,56;-5,10;1;7,59;-7,21;207898009;9,59;SAT;NEGATIF;SAT;NEGATIF;ARTIYOR;SAT;SAT;UCUZ (AL);0;03.09.2026
TRILC;izle;;4,2;2,0;2,2;0,0;0;0;zayif;26,9;24,9;17,4;asagi;zayif;zayif;asagi;0,68;-11,04;1;1,03;0,00;3285293;1,09;SAT;NEGATIF;SAT;NEGATIF;AZALIYOR;SAT;SAT;UCUZ (AL);0;03.09.2026
MAKIM;izle;;4,0;0,3;3,7;0,0;0;0;zayif;14,0;31,1;68,9;asagi;zayif;zayif;asagi;0,51;-3,20;2;14,61;-3,82;9184971;16,85;SAT;NEGATIF;NOTR;NEGATIF;AZALIYOR;SAT;SAT;NOTR;0;03.09.2026
GWIND;izle;;3,9;0,0;3,9;0,0;0;0;zayif;12,0;29,8;48,2;asagi;zayif;zayif;asagi;0,66;-3,91;2;21,98;-0,99;54102231;23,62;SAT;NEGATIF;NOTR;NEGATIF;AZALIYOR;SAT;SAT;NOTR;0;03.09.2026
SELVA;izle;;3,8;0,9;2,9;0,0;0;0;zayif;18,8;28,3;41,5;asagi;zayif;zayif;asagi;0,59;-4,63;2;1,53;-3,16;30256432;1,74;SAT;NEGATIF;NOTR;NEGATIF;AZALIYOR;SAT;SAT;UCUZ (AL);0;03.09.2026
ORCAY;izle;;3,8;0,2;3,6;0,0;0;0;zayif;13,5;27,9;21,7;asagi;zayif;zayif;asagi;0,56;-3,18;2;3,3;-2,94;2447729;3,75;SAT;NEGATIF;NOTR;NEGATIF;AZALIYOR;SAT;SAT;NOTR;0;03.09.2026
AGROT;izle;;3,5;0,8;2,8;0,0;22;2;zayif;17,6;31,0;30,3;asagi;zayif;zayif;asagi;0,29;-4,27;2;1,92;-3,03;63955878;2,31;SAT;NEGATIF;NOTR;NEGATIF;AZALIYOR;SAT;AL;UCUZ (AL);1;03.09.2026
DOAS;izle;;3,4;1,4;1,8;0,2;10;0;zayif;22,0;25,3;30,4;asagi;zayif;zayif;asagi;0,71;-4,80;5;159,4;-1,42;122788052;171,91;SAT;NEGATIF;SAT;NEGATIF;AZALIYOR;SAT;SAT;UCUZ (AL);0;03.09.2026
ALVES;izle;;3,2;2,2;1,0;0,0;6;0;zayif;28,2;17,7;35,9;asagi;zayif;zayif;asagi;0,57;-8,05;3;1,23;-6,11;113058545;1,58;SAT;NEGATIF;SAT;NEGATIF;AZALIYOR;SAT;SAT;UCUZ (AL);0;03.09.2026
EGEEN;izle;;3,0;0,9;1,7;0,4;0;0;zayif;18,6;25,2;29,0;asagi;zayif;zayif;asagi;0,68;-4,38;2;4810;-1,23;32655090;5202,08;SAT;NEGATIF;NOTR;NEGATIF;AZALIYOR;SAT;SAT;UCUZ (AL);0;03.09.2026
ERCB;izle;;3,0;0,7;2,3;0,0;6;0;zayif;16,8;26,4;40,9;asagi;zayif;zayif;asagi;0,61;-3,86;3;42,84;-0,33;19647067;47,47;SAT;NEGATIF;NOTR;NEGATIF;AZALIYOR;SAT;SAT;UCUZ (AL);0;03.09.2026
KONKA;izle;;2,8;2,1;0,5;0,2;42;3;zayif;27,5;17,9;21,0;asagi;zayif;zayif;asagi;0,71;-6,56;5;9,29;-2,72;21143947;10,82;SAT;NEGATIF;SAT;NEGATIF;AZALIYOR;SAT;SAT;UCUZ (AL);0;03.09.2026
BIGCH;izle;;2,6;0,0;2,6;0,0;0;0;zayif;11,7;28,2;50,6;asagi;zayif;zayif;asagi;0,43;-3,52;2;5,43;-1,63;15625971;6,36;SAT;NEGATIF;NOTR;NEGATIF;AZALIYOR;SAT;SAT;UCUZ (AL);0;03.09.2026
VSNMD;izle;;1,8;0,6;1,2;0,0;10;0;zayif;16,6;16,6;28,7;asagi;zayif;zayif;asagi;0,64;-5,67;5;40,38;-3,30;29010082;45,66;SAT;NEGATIF;NOTR;NEGATIF;AZALIYOR;SAT;SAT;UCUZ (AL);0;03.09.2026