hisse;durum;yeni_sinyal;konfluans;trend_35;momentum_30;hacim_35;risk;uyumsuzluk;rejim;adx;rsi;mfi;supertrend;goreli_guc;usd_trend;haftalik_trend;hacim_orani;ema50_uzaklik_atr;dagitim_gun;kapanis;degisim%;islem_hacmi_tl;st_cizgisi;osc_macd;osc_rsi;osc_adx;osc_momentum;osc_atr;osc_wavetrend;osc_stochrsi;osc_sharpe;osc_al_sayisi;tarih
SKYMD;GUCLU AL;;98,1;33,2;30,0;34,9;0;0;guclu trend;25,3;61,4;59,4;yukari;guclu;yukselis;yukari;1,75;1,77;2;17,4;2,29;131351834;14,07;AL;POZITIF;AL;POZITIF;AZALIYOR;AL;AL;NOTR;6;28.09.2026
ENERY;GUCLU AL;;96,7;35,0;30,0;31,7;24;0;guclu trend;37,2;61,0;55,6;yukari;guclu;yukselis;yukari;1,23;2,80;3;12,7;-6,00;1290941932;11,31;AL;POZITIF;AL;POZITIF;ARTIYOR;SAT;SAT;NOTR;4;28.09.2026
HUNER;izle;;95,0;30,0;30,0;35,0;50;5;ilimli;17,0;67,2;72,5;yukari;guclu;yukselis;yukari;1,48;2,32;1;4,4;0,92;414164318;3,64;AL;POZITIF;NOTR;POZITIF;ARTIYOR;AL;AL;NOTR;5;28.09.2026
ETILR;AL;;94,2;29,2;30,0;35,0;32;2;ilimli;15,0;67,1;68,6;yukari;guclu;yukselis;yukari;2,75;2,81;2;7,4;9,96;203617490;5,57;AL;POZITIF;NOTR;POZITIF;ARTIYOR;AL;AL;NOTR;5;28.09.2026
TKFEN;GUCLU AL;;90,4;35,0;30,0;25,4;20;0;guclu trend;41,2;65,2;53,2;yukari;guclu;yukselis;yukari;0,82;3,23;2;264,75;-4,59;1361099606;226,08;AL;POZITIF;AL;POZITIF;ARTIYOR;AL;SAT;PAHALI (SAT);5;28.09.2026
HRKET;GUCLU AL;;90,2;32,5;30,0;27,6;18;0;guclu trend;23,7;71,8;76,5;yukari;guclu;yukselis;yukari;0,88;2,27;1;8,25;0,24;370898426;6,26;AL;POZITIF;AL;POZITIF;ARTIYOR;AL;SAT;NOTR;5;28.09.2026
AHGAZ;GUCLU AL;;87,5;30,1;30,0;27,4;0;0;guclu trend;27,5;57,0;59,7;yukari;guclu;yukselis;yukari;0,99;1,98;2;41,48;-6,28;308950838;39,15;AL;POZITIF;SAT;POZITIF;ARTIYOR;SAT;SAT;NOTR;3;28.09.2026
ISDMR;GUCLU AL;;87,2;33,8;30,0;23,5;0;0;guclu trend;26,9;60,9;77,0;yukari;guclu;yukselis;yukari;0,57;1,58;1;62,35;-1,73;82809591;54,52;AL;POZITIF;AL;POZITIF;AZALIYOR;SAT;SAT;NOTR;4;28.09.2026
BAHKM;GUCLU AL;;84,0;35,0;26,0;23,0;22;2;guclu trend;36,7;61,1;68,9;yukari;guclu;yukselis;yukari;0,57;2,06;0;188,3;2,67;217356196;146,75;SAT;POZITIF;AL;NEGATIF;AZALIYOR;SAT;SAT;NOTR;2;28.09.2026
KRDMD;izle;;83,2;22,0;30,0;31,2;40;4;ilimli;17,2;58,5;64,9;asagi;guclu;yukselis;yukari;1,07;1,62;2;47,16;0,43;2415658901;48,15;AL;POZITIF;NOTR;POZITIF;AZALIYOR;AL;AL;NOTR;5;28.09.2026
RYGYO;izle;;81,0;27,0;30,0;24,0;10;0;guclu trend;32,5;64,4;66,7;asagi;guclu;yukselis;yukari;0,61;2,18;0;49,54;-0,72;97318011;50,89;AL;POZITIF;AL;POZITIF;AZALIYOR;AL;AL;NOTR;6;28.09.2026
BIMAS;AL;;80,5;31,1;24,6;24,7;10;1;ilimli;20,0;55,8;57,6;yukari;guclu;yukselis;yukari;0,71;1,50;2;426,5;0,41;2775070018;402,48;SAT;POZITIF;NOTR;NEGATIF;AZALIYOR;SAT;SAT;NOTR;1;28.09.2026
FLAP;GUCLU AL;EVET;79,9;35,0;25,0;19,9;0;0;guclu trend;31,2;58,2;61,8;yukari;guclu;yukselis;yukari;0,90;1,06;2;12,37;1,39;15738512;10,92;SAT;POZITIF;AL;NEGATIF;ARTIYOR;AL;AL;NOTR;4;28.09.2026
TRMET;izle;;78,2;20,6;27,6;30,1;0;0;ilimli;16,1;50,8;61,7;asagi;guclu;zayif;yukari;1,19;0,47;2;136,8;-2,56;963810583;146,21;AL;POZITIF;NOTR;POZITIF;ARTIYOR;AL;SAT;NOTR;4;28.09.2026
UNLU;GUCLU AL;;76,4;25,9;30,0;20,6;18;0;zayif;40,7;61,2;70,8;yukari;guclu;yukselis;yukari;3,05;1,67;3;13,36;-4,37;308246649;11,75;AL;POZITIF;AL;POZITIF;ARTIYOR;AL;SAT;NOTR;5;28.09.2026
DEVA;GUCLU AL;;76,2;35,0;22,3;18,8;0;0;guclu trend;35,6;49,1;60,6;yukari;guclu;yukselis;yukari;0,25;1,04;1;93,25;-4,60;19315059;91,73;SAT;NEGATIF;AL;NEGATIF;AZALIYOR;SAT;SAT;NOTR;1;28.09.2026
SOKM;AL;;76,1;28,4;21,6;26,1;22;2;ilimli;14,8;48,8;58,1;yukari;guclu;yukselis;yukari;0,92;0,52;2;57,05;-0,35;205744264;54,83;SAT;NEGATIF;NOTR;NEGATIF;AZALIYOR;SAT;SAT;NOTR;0;28.09.2026
TUCLK;AL;;74,2;13,8;28,0;32,5;0;0;zayif;26,8;55,0;59,5;yukari;guclu;yukselis;yukari;1,34;0,62;1;4,09;-6,41;66572202;3,34;AL;POZITIF;AL;POZITIF;ARTIYOR;AL;SAT;NOTR;5;28.09.2026
KRPLS;AL;;71,8;35,0;24,8;12,0;22;2;guclu trend;34,7;53,4;46,0;yukari;guclu;yukselis;yukari;0,60;0,99;1;11,84;0,34;53471334;11,28;SAT;POZITIF;AL;NEGATIF;AZALIYOR;SAT;SAT;NOTR;2;28.09.2026
KRGYO;izle;;71,7;22,4;23,7;25,6;10;1;guclu trend;33,1;49,8;55,7;asagi;guclu;yukselis;yukari;1,16;0,52;0;3,16;1,61;78719563;3,78;SAT;NEGATIF;SAT;NEGATIF;ARTIYOR;SAT;SAT;NOTR;0;28.09.2026
CELHA;izle;;71,7;24,0;23,7;24,0;0;0;guclu trend;22,3;53,7;73,7;asagi;guclu;yukselis;yukari;0,95;1,03;1;27;-2,03;72227808;31,08;SAT;POZITIF;AL;NEGATIF;AZALIYOR;AL;AL;NOTR;4;28.09.2026
DMLKT;AL;;71,2;30,1;17,1;23,9;10;0;guclu trend;27,5;43,2;40,2;yukari;guclu;zayif;yukari;1,27;0,27;6;6,72;-1,75;58842175;6,62;SAT;NEGATIF;SAT;NEGATIF;ARTIYOR;SAT;AL;NOTR;1;28.09.2026
TUKAS;AL;;69,7;18,2;28,5;23,0;16;1;zayif;25,4;57,3;58,8;yukari;guclu;yukselis;yukari;1,64;0,86;3;2,19;-4,37;441853143;2,00;AL;POZITIF;AL;POZITIF;ARTIYOR;AL;SAT;NOTR;5;28.09.2026
GMTAS;izle;;69,2;22,4;26,4;20,5;0;0;zayif;18,1;48,1;60,6;asagi;guclu;zayif;yukari;0,78;-0,05;1;46,1;-7,06;133789023;50,60;AL;NEGATIF;NOTR;NEGATIF;ARTIYOR;AL;SAT;NOTR;2;28.09.2026
TUPRS;izle;;68,9;30,1;23,5;15,3;50;4;guclu trend;27,3;52,2;52,1;yukari;guclu;yukselis;yukari;0,64;1,82;5;398,25;-1,91;7034986688;374,32;SAT;POZITIF;SAT;NEGATIF;AZALIYOR;SAT;SAT;NOTR;1;28.09.2026
RYSAS;izle;;68,4;24,2;24,6;19,7;10;1;guclu trend;22,7;53,5;40,7;asagi;guclu;yukselis;yukari;0,34;0,88;0;26,54;1,14;165495027;28,46;SAT;POZITIF;AL;NEGATIF;AZALIYOR;AL;AL;NOTR;4;28.09.2026
LOGO;AL;EVET;67,3;14,7;27,4;25,2;10;1;zayif;13,8;52,7;53,1;yukari;guclu;yukselis;yukari;0,87;0,39;2;140,7;0,50;85344540;127,89;AL;POZITIF;NOTR;POZITIF;ARTIYOR;SAT;SAT;NOTR;3;28.09.2026
ORGE;izle;;66,2;28,4;20,9;16,9;10;0;zayif;15,3;46,3;51,1;yukari;guclu;zayif;yukari;0,72;-0,05;4;22,16;-2,98;63098761;20,44;SAT;NEGATIF;NOTR;NEGATIF;ARTIYOR;SAT;SAT;NOTR;0;28.09.2026
VAKBN;izle;;65,4;20,8;23,9;20,7;0;0;ilimli;18,0;51,6;66,4;asagi;guclu;yukselis;yukari;0,43;0,60;1;33,82;0,06;1167846706;38,21;SAT;POZITIF;NOTR;NEGATIF;AZALIYOR;SAT;SAT;NOTR;1;28.09.2026
AKFIS;izle;;63,5;22,4;22,8;18,3;0;0;ilimli;18,1;49,4;43,8;asagi;guclu;zayif;yukari;0,84;0,12;2;15,6;-0,95;211552349;17,46;SAT;NEGATIF;NOTR;POZITIF;AZALIYOR;AL;AL;PAHALI (SAT);3;28.09.2026
ZRGYO;izle;;62,1;15,1;23,9;23,1;40;4;zayif;18,4;53,0;40,6;yukari;guclu;yukselis;yukari;0,57;0,60;1;19,6;0,98;25855379;18,80;SAT;POZITIF;NOTR;NEGATIF;AZALIYOR;SAT;AL;NOTR;2;28.09.2026
HALKB;izle;;59,8;28,8;21,4;9,6;10;1;ilimli;17,8;50,7;34,5;yukari;guclu;yukselis;yukari;0,55;0,74;0;45,12;0,49;1500502644;44,37;SAT;POZITIF;NOTR;NEGATIF;ARTIYOR;SAT;AL;NOTR;2;28.09.2026
EBEBK;izle;;59,6;20,1;19,9;19,6;32;3;zayif;13,0;45,1;47,3;asagi;guclu;zayif;yukari;0,46;-0,53;2;79,9;-0,93;23922140;87,54;SAT;NEGATIF;NOTR;NEGATIF;AZALIYOR;SAT;SAT;NOTR;0;28.09.2026
AGHOL;izle;;58,4;24,3;20,1;13,9;6;0;zayif;17,0;45,6;61,8;yukari;guclu;zayif;asagi;0,57;-0,42;3;32,94;-3,12;98062874;31,63;SAT;NEGATIF;NOTR;NEGATIF;ARTIYOR;SAT;SAT;NOTR;0;28.09.2026
BRSAN;izle;;57,8;21,3;22,3;14,2;0;0;guclu trend;21,4;45,4;36,2;asagi;guclu;zayif;yukari;0,90;-0,07;2;649,5;-3,35;963712512;709,48;SAT;NEGATIF;SAT;NEGATIF;ARTIYOR;SAT;SAT;NOTR;0;28.09.2026
KCHOL;izle;;57,4;21,8;21,2;14,4;28;2;guclu trend;25,0;47,8;59,4;asagi;guclu;zayif;yukari;0,67;0,32;3;214;-1,15;4413972560;229,66;SAT;NEGATIF;SAT;NEGATIF;AZALIYOR;SAT;SAT;NOTR;0;28.09.2026
KLSYN;izle;;57,1;22,2;21,7;13,2;0;0;guclu trend;27,8;45,3;57,0;asagi;guclu;zayif;yukari;0,66;-0,35;2;14,39;-2,11;34324165;16,20;SAT;NEGATIF;SAT;NEGATIF;AZALIYOR;AL;AL;NOTR;2;28.09.2026
MEPET;izle;;54,7;15,8;26,7;12,1;0;0;ilimli;15,0;51,4;61,4;yukari;guclu;yukselis;asagi;0,64;0,11;1;20,8;-7,39;7257349;17,41;AL;POZITIF;NOTR;NEGATIF;ARTIYOR;AL;SAT;NOTR;3;28.09.2026
YKBNK;izle;;48,8;13,5;20,7;14,6;0;0;zayif;18,5;48,2;51,5;asagi;guclu;zayif;asagi;0,49;-0,24;2;35,52;-0,73;4217100207;37,23;SAT;NEGATIF;NOTR;NEGATIF;AZALIYOR;SAT;SAT;NOTR;0;28.09.2026
MAVI;izle;;48,5;9,3;25,4;13,9;6;0;zayif;21,3;49,5;52,0;yukari;guclu;zayif;asagi;0,74;-0,48;3;37,32;-1,89;225558647;33,49;AL;NEGATIF;SAT;NEGATIF;AZALIYOR;AL;SAT;NOTR;2;28.09.2026
KRTEK;izle;;48,1;9,9;26,9;11,3;0;0;zayif;17,0;53,5;70,0;yukari;guclu;yukselis;asagi;0,66;0,18;1;5,98;-5,38;3210405;5,02;AL;POZITIF;NOTR;POZITIF;ARTIYOR;AL;SAT;NOTR;4;28.09.2026
EREGL;izle;;47,8;13,3;24,8;9,6;10;1;zayif;14,5;46,8;31,7;asagi;guclu;zayif;asagi;0,62;-0,72;2;37,48;-0,69;3056467801;40,26;AL;NEGATIF;NOTR;NEGATIF;AZALIYOR;SAT;SAT;NOTR;1;28.09.2026
TOASO;izle;;47,5;13,7;20,6;13,3;10;1;zayif;14,9;48,4;57,7;yukari;guclu;zayif;asagi;0,66;-0,31;1;278,75;-3,88;667942980;263,78;SAT;NEGATIF;NOTR;NEGATIF;ARTIYOR;SAT;SAT;NOTR;0;28.09.2026
ETYAT;izle;;47,5;20,0;9,5;18,0;40;4;zayif;37,2;43,4;28,3;yukari;zayif;zayif;asagi;1,45;-1,62;2;11,06;9,94;14876684;7,33;SAT;NEGATIF;SAT;NEGATIF;AZALIYOR;AL;AL;NOTR;2;28.09.2026
ALARK;izle;;47,3;17,8;15,3;14,2;20;1;zayif;24,5;42,1;47,8;asagi;guclu;zayif;asagi;0,86;-0,81;5;104;-2,80;367932344;116,49;SAT;NEGATIF;SAT;NEGATIF;ARTIYOR;SAT;SAT;NOTR;0;28.09.2026
TAVHL;izle;;47,3;8,1;25,1;14,0;46;5;zayif;13,1;46,2;45,0;yukari;guclu;zayif;asagi;0,60;-0,59;3;267,75;-1,83;575579498;251,55;AL;NEGATIF;NOTR;NEGATIF;AZALIYOR;SAT;SAT;NOTR;1;28.09.2026
INVES;izle;;47,2;21,7;7,5;18,0;10;0;guclu trend;24,8;31,8;39,2;asagi;guclu;zayif;yukari;1,91;-1,47;4;694;-1,70;86544576;783,94;SAT;NEGATIF;SAT;NEGATIF;ARTIYOR;SAT;SAT;NOTR;0;28.09.2026
TRENJ;izle;;47,1;18,7;16,0;12,4;50;5;zayif;15,7;42,3;51,1;asagi;guclu;zayif;asagi;1,31;-0,71;4;97,7;-6,95;185654230;114,82;SAT;NEGATIF;NOTR;NEGATIF;ARTIYOR;SAT;SAT;NOTR;0;28.09.2026
PCILT;izle;;46,3;13,0;25,5;7,8;0;0;zayif;10,9;48,2;32,6;asagi;guclu;zayif;asagi;0,88;-0,43;1;31;0,98;49702951;33,97;AL;NEGATIF;NOTR;POZITIF;AZALIYOR;AL;SAT;NOTR;3;28.09.2026
AYGAZ;izle;;46,0;22,4;13,4;10,1;40;4;guclu trend;30,0;38,7;56,5;asagi;guclu;zayif;yukari;0,24;-0,82;1;291,25;-2,67;90072849;334,60;SAT;NEGATIF;SAT;NEGATIF;AZALIYOR;SAT;SAT;NOTR;0;28.09.2026
MPARK;izle;;45,1;21,6;17,0;6,5;46;4;zayif;13,5;43,7;59,4;yukari;guclu;zayif;asagi;0,39;-0,67;3;420,5;-1,52;91959145;411,23;SAT;NEGATIF;NOTR;NEGATIF;ARTIYOR;SAT;SAT;NOTR;0;28.09.2026
LMKDC;izle;;44,4;9,1;23,7;11,6;0;0;zayif;19,9;47,4;60,6;yukari;guclu;zayif;asagi;0,81;-1,20;1;22,5;-5,86;87715215;19,63;AL;NEGATIF;NOTR;POZITIF;ARTIYOR;AL;SAT;UCUZ (AL);3;28.09.2026
ARMGD;izle;;42,6;15,4;9,4;17,7;0;0;zayif;30,5;43,0;53,9;asagi;zayif;zayif;asagi;1,28;-1,48;2;151,9;3,40;366602447;168,05;SAT;NEGATIF;SAT;NEGATIF;AZALIYOR;AL;AL;NOTR;2;28.09.2026
NETAS;izle;;42,2;22,4;15,8;4,0;0;0;zayif;29,5;38,8;37,8;asagi;guclu;zayif;asagi;0,47;-0,96;2;75,2;-4,81;52408835;95,60;SAT;NEGATIF;SAT;NEGATIF;AZALIYOR;SAT;AL;NOTR;1;28.09.2026
AVGYO;izle;;41,9;20,0;17,8;4,0;40;5;zayif;12,4;44,9;28,0;asagi;guclu;zayif;asagi;0,44;-0,44;2;15,23;-4,81;11922333;18,21;SAT;NEGATIF;NOTR;NEGATIF;AZALIYOR;SAT;SAT;NOTR;0;28.09.2026
RGYAS;izle;;41,9;14,7;18,0;9,1;0;0;zayif;24,7;43,3;41,0;asagi;guclu;zayif;asagi;0,50;-0,85;2;193,8;0,00;233702451;206,64;SAT;NEGATIF;SAT;NEGATIF;ARTIYOR;SAT;SAT;NOTR;0;28.09.2026
ENJSA;izle;;41,8;10,9;17,9;13,0;32;3;zayif;26,1;43,1;33,4;asagi;guclu;zayif;asagi;0,60;-0,89;2;107;-0,28;233751558;117,55;SAT;NEGATIF;SAT;NEGATIF;AZALIYOR;SAT;SAT;NOTR;0;28.09.2026
KRDMA;izle;;40,9;22,0;12,1;6,8;16;1;zayif;26,7;38,8;39,1;asagi;zayif;zayif;asagi;1,11;-1,19;3;43,44;-1,23;504670238;53,33;SAT;NEGATIF;SAT;NEGATIF;AZALIYOR;SAT;AL;NOTR;1;28.09.2026
GUBRF;izle;;40,8;8,0;20,8;12,0;22;2;zayif;28,8;45,6;43,9;asagi;guclu;zayif;asagi;0,80;-0,73;1;442,25;-3,44;1216837165;485,59;SAT;NEGATIF;SAT;NEGATIF;ARTIYOR;SAT;AL;NOTR;1;28.09.2026
TRALT;izle;;40,7;15,9;12,4;12,4;20;1;zayif;16,9;40,6;58,2;asagi;guclu;zayif;asagi;0,92;-1,35;4;46,66;-6,38;3947689037;55,14;SAT;NEGATIF;NOTR;NEGATIF;ARTIYOR;SAT;SAT;NOTR;0;28.09.2026
OZSUB;izle;;39,8;20,5;11,3;8,0;10;0;zayif;15,5;39,6;27,5;asagi;guclu;zayif;yukari;0,52;-0,95;4;35,84;-8,66;45160371;45,04;SAT;NEGATIF;NOTR;NEGATIF;ARTIYOR;SAT;SAT;NOTR;0;28.09.2026
TUREX;izle;;39,0;9,7;15,3;14,0;0;0;zayif;24,4;43,8;42,9;yukari;zayif;zayif;asagi;1,57;-2,21;2;5,6;-6,67;131434649;4,85;AL;NEGATIF;SAT;NEGATIF;ARTIYOR;AL;AL;NOTR;3;28.09.2026
TTRAK;izle;;39,0;2,3;16,4;20,3;6;0;zayif;28,6;41,8;22,1;asagi;guclu;zayif;asagi;1,15;-1,35;3;407,75;0,18;46025597;438,34;SAT;NEGATIF;SAT;NEGATIF;ARTIYOR;SAT;SAT;UCUZ (AL);0;28.09.2026
ASELS;izle;;38,5;14,6;16,6;7,3;0;0;zayif;23,9;44,1;38,9;asagi;guclu;zayif;asagi;0,85;-0,78;2;367,25;-1,34;9145924590;407,99;SAT;NEGATIF;SAT;NEGATIF;ARTIYOR;SAT;SAT;NOTR;0;28.09.2026
YGGYO;izle;;38,2;14,4;12,3;11,5;0;0;zayif;27,1;40,4;47,5;asagi;guclu;zayif;asagi;0,61;-1,85;2;207,8;-1,98;15231117;231,20;SAT;NEGATIF;SAT;NEGATIF;AZALIYOR;SAT;SAT;NOTR;0;28.09.2026
EGEEN;izle;;38,1;9,0;19,0;10,2;6;0;zayif;22,2;45,4;64,8;asagi;guclu;zayif;asagi;0,83;-0,82;3;5132,5;-9,28;180997613;6130,57;SAT;NEGATIF;AL;NEGATIF;ARTIYOR;SAT;SAT;UCUZ (AL);1;28.09.2026
DOCO;izle;;38,0;9,2;15,6;13,1;28;2;zayif;21,1;39,9;32,4;asagi;guclu;zayif;asagi;1,22;-1,31;3;10567,5;-0,68;61693065;11429,62;SAT;NEGATIF;SAT;NEGATIF;ARTIYOR;AL;AL;NOTR;2;28.09.2026
INDES;izle;;37,9;11,9;15,3;10,7;40;4;zayif;26,1;39,1;43,9;asagi;guclu;zayif;asagi;0,65;-1,33;2;10,39;-2,07;41751353;11,79;SAT;NEGATIF;SAT;NEGATIF;AZALIYOR;SAT;SAT;NOTR;0;28.09.2026
CRFSA;izle;;37,7;22,1;7,6;8,0;40;4;guclu trend;27,7;39,4;43,9;asagi;zayif;zayif;yukari;0,39;-1,19;2;210,8;-9,99;183538712;289,39;SAT;NEGATIF;SAT;NEGATIF;ARTIYOR;SAT;SAT;NOTR;0;28.09.2026
GLYHO;izle;;37,3;11,9;16,1;9,3;46;4;zayif;20,9;41,9;30,0;asagi;guclu;zayif;asagi;1,17;-1,22;3;15,67;0,32;66029353;16,97;SAT;NEGATIF;SAT;NEGATIF;ARTIYOR;SAT;SAT;NOTR;0;28.09.2026
TTKOM;izle;;36,7;0,2;25,1;11,4;0;0;zayif;13,4;48,5;63,7;asagi;guclu;zayif;asagi;0,57;-0,60;2;53,55;-2,01;1313742793;59,69;AL;NEGATIF;NOTR;NEGATIF;AZALIYOR;AL;SAT;NOTR;2;28.09.2026
AKSEN;izle;;36,4;5,4;13,0;18,0;0;0;zayif;32,8;41,5;40,9;asagi;zayif;zayif;asagi;1,37;-2,00;2;71,6;-0,56;757805235;77,56;AL;NEGATIF;SAT;NEGATIF;ARTIYOR;AL;AL;NOTR;3;28.09.2026
BLCYT;izle;;36,2;1,5;17,6;17,1;0;0;zayif;23,3;45,5;42,3;asagi;guclu;zayif;asagi;1,25;-1,46;1;1,86;2,20;97170226;2,05;SAT;NEGATIF;SAT;NEGATIF;ARTIYOR;AL;AL;UCUZ (AL);2;28.09.2026
TCELL;izle;;36,2;1,8;21,7;12,8;6;0;zayif;24,9;44,8;54,4;asagi;guclu;zayif;asagi;0,75;-1,19;3;98,35;-1,60;2116724696;105,37;AL;NEGATIF;SAT;NEGATIF;AZALIYOR;SAT;SAT;NOTR;1;28.09.2026
CIMSA;izle;;36,1;1,7;20,7;13,7;6;0;zayif;24,1;44,7;49,7;asagi;guclu;zayif;asagi;0,93;-1,56;3;42,88;0,19;291748916;45,98;AL;NEGATIF;SAT;NEGATIF;AZALIYOR;AL;AL;NOTR;3;28.09.2026
MGROS;izle;;35,5;2,4;21,5;11,6;6;0;zayif;32,4;45,6;62,0;asagi;guclu;zayif;asagi;0,91;-1,93;3;532;1,62;1668078552;553,46;AL;NEGATIF;SAT;NEGATIF;AZALIYOR;SAT;SAT;NOTR;1;28.09.2026
ENKAI;izle;;34,5;1,8;19,1;13,5;0;0;zayif;23,8;46,0;46,7;asagi;guclu;zayif;asagi;0,62;-0,86;2;85,4;-1,21;654665725;92,02;SAT;NEGATIF;SAT;NEGATIF;AZALIYOR;SAT;SAT;NOTR;0;28.09.2026
AKBNK;izle;;34,4;7,8;20,3;6,3;32;3;zayif;18,1;47,3;44,3;asagi;guclu;zayif;asagi;0,63;-0,29;2;70,1;-1,13;8106384259;74,93;SAT;NEGATIF;NOTR;NEGATIF;AZALIYOR;SAT;SAT;NOTR;0;28.09.2026
ALBRK;izle;;33,9;14,0;15,7;4,1;6;0;zayif;25,1;42,9;44,1;asagi;guclu;zayif;asagi;0,52;-0,83;3;8,28;-1,55;75230366;9,13;SAT;NEGATIF;SAT;NEGATIF;AZALIYOR;SAT;SAT;NOTR;0;28.09.2026
AKSGY;izle;;33,7;12,6;15,6;5,5;16;1;zayif;30,3;37,9;44,6;asagi;guclu;zayif;asagi;0,56;-1,18;3;9,35;-0,64;28059518;10,14;SAT;NEGATIF;SAT;NEGATIF;AZALIYOR;SAT;SAT;NOTR;0;28.09.2026
ARDYZ;izle;;33,6;15,4;7,7;10,4;0;0;zayif;36,2;37,5;33,4;asagi;zayif;zayif;asagi;0,84;-1,87;2;64,35;-3,96;308279872;74,79;SAT;NEGATIF;SAT;NEGATIF;AZALIYOR;AL;AL;NOTR;2;28.09.2026
PETKM;izle;;33,4;15,9;16,2;1,2;20;1;zayif;19,4;43,8;29,8;asagi;guclu;zayif;asagi;0,77;-0,69;4;20,2;-4,08;1868237218;25,04;SAT;NEGATIF;NOTR;NEGATIF;AZALIYOR;SAT;SAT;NOTR;0;28.09.2026
ARSAN;izle;;32,9;12,1;12,8;8,0;0;0;zayif;19,9;40,8;52,1;asagi;guclu;zayif;asagi;0,69;-1,22;2;3,46;-5,98;49094878;4,10;SAT;NEGATIF;NOTR;NEGATIF;ARTIYOR;SAT;SAT;NOTR;0;28.09.2026
ARTMS;izle;;32,8;1,3;18,5;13,0;10;0;zayif;21,7;45,0;38,7;asagi;guclu;zayif;asagi;1,00;-1,00;4;36,4;4,00;32887946;40,58;SAT;NEGATIF;SAT;NEGATIF;ARTIYOR;AL;AL;NOTR;2;28.09.2026
AYDEM;izle;;32,5;4,4;17,7;10,5;0;0;zayif;22,0;44,0;56,2;asagi;guclu;zayif;asagi;0,76;-1,09;2;24,16;-0,90;41019621;26,22;SAT;NEGATIF;SAT;NEGATIF;AZALIYOR;AL;AL;NOTR;2;28.09.2026
ISGYO;izle;;31,9;10,5;20,7;0,7;0;0;zayif;15,9;44,4;44,5;asagi;guclu;zayif;asagi;0,58;-0,79;2;23,76;0,00;25638703;25,73;AL;NEGATIF;NOTR;POZITIF;AZALIYOR;AL;SAT;NOTR;3;28.09.2026
CCOLA;izle;;31,8;10,4;19,0;2,4;6;0;zayif;23,5;42,8;25,8;asagi;guclu;zayif;asagi;0,76;-1,40;3;77,2;-0,90;316043599;84,13;AL;NEGATIF;SAT;NEGATIF;AZALIYOR;SAT;SAT;NOTR;1;28.09.2026
FONET;izle;;31,7;5,4;12,3;14,0;0;0;zayif;36,1;39,3;33,3;asagi;zayif;zayif;asagi;1,51;-2,18;1;4,21;-3,66;104141650;4,63;AL;NEGATIF;SAT;NEGATIF;ARTIYOR;AL;AL;NOTR;3;28.09.2026
NUHCM;izle;;31,1;0,9;15,7;14,5;16;1;zayif;18,5;39,5;53,4;asagi;guclu;zayif;asagi;1,48;-1,34;3;206,1;-0,39;18767878;224,95;SAT;NEGATIF;NOTR;NEGATIF;AZALIYOR;AL;AL;NOTR;2;28.09.2026
AGESA;izle;;31,1;9,4;14,4;7,2;6;0;zayif;30,9;36,7;53,3;asagi;guclu;zayif;asagi;0,91;-1,64;3;231,9;-0,26;38073110;253,03;SAT;NEGATIF;SAT;NEGATIF;AZALIYOR;SAT;SAT;NOTR;0;28.09.2026
GOLTS;izle;;30,9;2,4;10,5;18,0;6;0;zayif;29,7;35,8;37,6;asagi;zayif;zayif;asagi;3,50;-3,09;3;264,75;2,42;105062596;286,18;SAT;NEGATIF;SAT;NEGATIF;ARTIYOR;AL;AL;UCUZ (AL);2;28.09.2026
TCKRC;izle;;30,6;11,5;7,0;12,1;10;0;zayif;31,4;38,8;47,2;asagi;zayif;zayif;asagi;1,19;-2,12;4;118,7;-9,60;444843325;138,23;SAT;NEGATIF;SAT;NEGATIF;ARTIYOR;AL;SAT;NOTR;1;28.09.2026
THYAO;izle;;30,4;1,9;20,2;8,4;6;0;zayif;25,7;43,1;56,9;asagi;guclu;zayif;asagi;0,62;-1,57;3;287;-1,29;8205421553;301,24;AL;NEGATIF;SAT;NEGATIF;AZALIYOR;SAT;SAT;NOTR;1;28.09.2026
TRCAS;izle;;30,4;15,0;11,8;3,6;10;1;zayif;23,0;35,5;37,9;asagi;guclu;zayif;asagi;0,40;-1,28;2;43,98;-3,34;15329933;50,41;SAT;NEGATIF;SAT;NEGATIF;AZALIYOR;SAT;AL;NOTR;1;28.09.2026
TRGYO;izle;;30,3;8,3;14,7;7,3;0;0;zayif;13,4;39,9;49,5;asagi;guclu;zayif;asagi;0,88;-1,23;2;90,9;-0,33;85364645;96,70;SAT;NEGATIF;NOTR;NEGATIF;AZALIYOR;SAT;SAT;NOTR;0;28.09.2026
ARCLK;izle;;30,2;1,1;13,2;15,8;10;0;zayif;20,1;38,7;37,7;asagi;guclu;zayif;asagi;1,27;-2,45;4;86,8;1,17;177756765;93,81;SAT;NEGATIF;SAT;NEGATIF;ARTIYOR;SAT;SAT;UCUZ (AL);0;28.09.2026
ISCTR;izle;;30,0;6,2;19,6;4,2;10;0;zayif;20,6;47,0;62,9;asagi;guclu;zayif;asagi;0,59;-0,50;4;12,96;-0,84;5950370354;14,36;SAT;NEGATIF;SAT;NEGATIF;AZALIYOR;SAT;SAT;NOTR;0;28.09.2026
KGYO;izle;;30,0;4,7;7,3;18,0;0;0;zayif;24,4;35,9;45,8;asagi;zayif;zayif;asagi;1,40;-2,34;1;8,79;3,17;217654095;10,43;SAT;NEGATIF;SAT;NEGATIF;AZALIYOR;SAT;AL;NOTR;1;28.09.2026
ORMA;izle;;29,2;10,4;14,8;4,0;6;0;zayif;30,1;43,3;33,8;yukari;zayif;zayif;asagi;0,37;-2,79;3;137,8;-6,89;507931;126,59;AL;NEGATIF;SAT;NEGATIF;ARTIYOR;AL;AL;NOTR;3;28.09.2026
ENTRA;izle;;28,8;1,4;16,3;11,1;0;0;zayif;22,3;40,9;54,8;asagi;guclu;zayif;asagi;1,13;-1,85;0;4,06;-2,87;93878199;4,51;AL;NEGATIF;SAT;NEGATIF;AZALIYOR;AL;SAT;NOTR;2;28.09.2026
DMRGD;izle;;28,8;14,3;6,5;8,0;40;4;zayif;21,2;39,5;73,1;asagi;zayif;zayif;asagi;0,48;-1,65;0;9,26;-9,92;276123060;11,42;SAT;NEGATIF;SAT;NEGATIF;ARTIYOR;SAT;AL;NOTR;1;28.09.2026
MIATK;izle;;28,6;1,9;8,7;18,0;0;0;zayif;25,9;40,6;64,8;asagi;zayif;zayif;asagi;2,43;-2,40;1;24,56;-9,97;1953403472;28,61;SAT;NEGATIF;SAT;NEGATIF;ARTIYOR;AL;AL;NOTR;2;28.09.2026
ECILC;izle;;28,5;1,7;12,9;14,0;16;1;zayif;24,3;44,0;49,0;asagi;zayif;zayif;asagi;1,30;-1,74;3;63,85;-6,79;535234501;69,49;SAT;NEGATIF;SAT;NEGATIF;ARTIYOR;AL;AL;NOTR;2;28.09.2026
GARAN;izle;;28,4;0,9;20,1;7,4;46;4;zayif;18,8;47,1;59,5;asagi;guclu;zayif;asagi;0,69;-0,41;3;129,4;-0,31;3082997831;136,38;SAT;NEGATIF;NOTR;NEGATIF;AZALIYOR;SAT;SAT;NOTR;0;28.09.2026
OTKAR;izle;;28,4;8,3;14,3;5,9;10;0;zayif;14,0;41,1;36,7;yukari;guclu;zayif;asagi;0,81;-1,73;4;298,5;-1,57;80113221;298,05;SAT;NEGATIF;NOTR;NEGATIF;ARTIYOR;SAT;SAT;UCUZ (AL);0;28.09.2026
VRGYO;izle;;28,3;2,4;7,8;18,0;10;1;zayif;36,8;37,8;47,3;asagi;zayif;zayif;asagi;2,68;-3,62;2;1,38;9,52;57767378;1,43;SAT;NEGATIF;SAT;NEGATIF;ARTIYOR;AL;AL;UCUZ (AL);2;28.09.2026
TRHOL;izle;;27,9;19,4;0,5;8,0;0;0;zayif;50,2;26,7;93,3;asagi;zayif;zayif;asagi;0,00;-3,92;0;1746;-10,00;38412;2521,34;SAT;NEGATIF;SAT;NEGATIF;AZALIYOR;SAT;AL;NOTR;1;28.09.2026
FMIZP;izle;;27,7;0,9;17,1;9,7;32;3;zayif;18,6;44,1;49,8;asagi;guclu;zayif;asagi;0,91;-1,16;2;272,5;-1,62;18847735;293,40;SAT;NEGATIF;NOTR;NEGATIF;AZALIYOR;AL;AL;NOTR;2;28.09.2026
ATEKS;izle;;27,6;2,4;11,2;14,0;6;0;zayif;33,1;35,6;44,7;asagi;zayif;zayif;asagi;1,57;-3,68;3;82,35;-10,00;1285648;103,33;AL;NEGATIF;SAT;NEGATIF;ARTIYOR;AL;SAT;NOTR;2;28.09.2026
EKGYO;izle;;27,5;0,9;16,4;10,2;16;1;zayif;18,9;44,7;45,5;asagi;guclu;zayif;asagi;0,55;-0,92;3;18,92;-1,71;1861814181;21,48;SAT;NEGATIF;NOTR;NEGATIF;AZALIYOR;SAT;SAT;NOTR;0;28.09.2026
NTHOL;izle;;27,3;2,4;10,9;14,0;10;0;zayif;31,8;38,5;34,7;asagi;zayif;zayif;asagi;2,12;-1,94;4;38,28;1,86;177378227;42,16;SAT;NEGATIF;SAT;NEGATIF;ARTIYOR;AL;AL;UCUZ (AL);2;28.09.2026
MERIT;izle;;27,0;1,5;8,4;17,1;10;1;zayif;23,1;30,1;21,8;asagi;zayif;zayif;asagi;1,24;-2,94;2;14,1;0,50;30880466;15,53;SAT;NEGATIF;SAT;NEGATIF;ARTIYOR;SAT;SAT;UCUZ (AL);0;28.09.2026
TNZTP;izle;;26,8;14,2;9,9;2,7;40;5;zayif;17,5;38,8;51,7;asagi;guclu;zayif;asagi;0,86;-1,29;2;26,02;-9,97;90625656;32,10;SAT;NEGATIF;NOTR;NEGATIF;ARTIYOR;SAT;SAT;NOTR;0;28.09.2026
SANKO;izle;;26,7;5,3;12,3;9,1;6;0;zayif;25,7;40,0;56,1;asagi;guclu;zayif;asagi;0,59;-1,52;3;17,95;-3,70;5232066;21,15;SAT;NEGATIF;AL;NEGATIF;AZALIYOR;SAT;AL;NOTR;2;28.09.2026
KLYPV;izle;;26,6;2,3;11,8;12,5;10;0;zayif;28,9;37,6;19,7;asagi;guclu;zayif;asagi;0,97;-1,65;4;54,5;2,54;127598561;61,19;SAT;NEGATIF;SAT;NEGATIF;ARTIYOR;SAT;AL;NOTR;1;28.09.2026
PNSUT;izle;;26,1;5,1;13,1;8,0;28;2;zayif;25,1;41,1;42,7;asagi;guclu;zayif;asagi;0,49;-1,41;3;10,26;-4,47;20651882;11,96;SAT;NEGATIF;AL;NEGATIF;AZALIYOR;SAT;SAT;NOTR;1;28.09.2026
DIRIT;izle;;26,1;0,6;7,4;18,0;10;0;zayif;16,7;35,5;25,8;asagi;zayif;zayif;asagi;1,73;-2,46;4;21,3;0,76;2402384;24,99;SAT;NEGATIF;NOTR;NEGATIF;AZALIYOR;SAT;AL;NOTR;1;28.09.2026
GLBMD;izle;;26,0;2,0;18,7;5,4;10;0;zayif;26,6;43,8;21,8;asagi;guclu;zayif;asagi;0,78;-1,26;4;10,8;2,27;1201014;11,18;AL;NEGATIF;SAT;NEGATIF;ARTIYOR;AL;AL;UCUZ (AL);3;28.09.2026
ATATP;izle;;26,0;21,9;4,1;0,0;28;2;zayif;25,8;35,0;27,2;asagi;zayif;zayif;asagi;0,70;-1,79;3;230;-5,78;107912550;288,46;SAT;NEGATIF;SAT;NEGATIF;ARTIYOR;SAT;SAT;NOTR;0;28.09.2026
DURDO;izle;;25,9;6,6;8,9;10,4;50;4;zayif;29,2;38,0;41,5;asagi;zayif;zayif;asagi;0,95;-2,04;4;4,5;-4,26;10581845;5,10;SAT;NEGATIF;SAT;NEGATIF;ARTIYOR;SAT;SAT;NOTR;0;28.09.2026
OZKGY;izle;;25,2;1,9;13,1;10,2;10;0;zayif;26,1;35,9;29,3;asagi;guclu;zayif;asagi;1,20;-2,30;4;12;-1,40;45782196;13,15;SAT;NEGATIF;SAT;NEGATIF;AZALIYOR;SAT;SAT;NOTR;0;28.09.2026
EFOR;izle;;25,1;4,1;7,0;14,0;0;0;zayif;20,2;34,9;49,9;asagi;zayif;zayif;asagi;1,06;-2,41;1;14,06;1,01;1244434108;18,01;SAT;NEGATIF;SAT;NEGATIF;ARTIYOR;SAT;AL;NOTR;1;28.09.2026
KERVN;izle;;24,9;14,8;6,0;4,0;0;0;zayif;25,4;39,1;33,2;asagi;zayif;zayif;asagi;0,41;-2,31;2;7,09;-9,91;3833684;8,63;SAT;NEGATIF;SAT;NEGATIF;ARTIYOR;SAT;SAT;NOTR;0;28.09.2026
MAKIM;izle;;24,8;1,6;12,7;10,4;0;0;zayif;23,9;40,5;59,9;asagi;zayif;zayif;asagi;0,85;-2,32;2;13,26;-5,01;12924111;14,48;AL;NEGATIF;SAT;NEGATIF;ARTIYOR;AL;AL;NOTR;3;28.09.2026
DGGYO;izle;;24,7;1,2;9,4;14,0;10;0;zayif;21,0;40,1;37,0;asagi;zayif;zayif;asagi;2,03;-1,80;4;29,34;1,73;7387988;32,80;SAT;NEGATIF;SAT;NEGATIF;ARTIYOR;AL;AL;NOTR;2;28.09.2026
SNPAM;izle;;24,6;0,4;13,2;11,0;10;1;zayif;15,3;39,6;28,6;asagi;guclu;zayif;asagi;0,76;-2,76;2;18,4;-3,36;700102;19,88;SAT;NEGATIF;NOTR;NEGATIF;ARTIYOR;AL;AL;UCUZ (AL);2;28.09.2026
EGGUB;izle;;23,9;4,3;14,3;5,4;6;0;zayif;21,2;41,9;45,4;asagi;guclu;zayif;asagi;0,84;-1,20;3;98,4;-3,53;41171839;112,63;SAT;NEGATIF;SAT;NEGATIF;ARTIYOR;SAT;SAT;NOTR;0;28.09.2026
ALGYO;izle;;23,9;2,2;8,8;13,0;32;3;zayif;28,0;33,7;38,2;asagi;zayif;zayif;asagi;1,24;-3,66;2;3,09;1,31;86197806;3,45;SAT;NEGATIF;SAT;NEGATIF;ARTIYOR;SAT;AL;UCUZ (AL);1;28.09.2026
OYAKC;izle;;23,6;1,9;16,7;5,0;10;0;zayif;26,3;44,4;49,3;asagi;guclu;zayif;asagi;0,72;-0,94;4;20,64;-2,18;221886357;22,37;SAT;NEGATIF;SAT;NEGATIF;AZALIYOR;AL;SAT;NOTR;1;28.09.2026
BRISA;izle;;23,5;1,3;13,2;9,0;0;0;zayif;21,7;40,2;57,2;asagi;guclu;zayif;asagi;1,15;-2,34;2;71,45;-1,31;14946197;78,76;SAT;NEGATIF;SAT;NEGATIF;AZALIYOR;SAT;SAT;UCUZ (AL);0;28.09.2026
ISFIN;izle;;23,5;4,9;8,3;10,2;6;0;zayif;26,1;31,2;41,7;asagi;guclu;zayif;asagi;1,18;-2,43;3;17,85;-0,83;33587917;19,36;SAT;NEGATIF;SAT;NEGATIF;ARTIYOR;SAT;SAT;NOTR;0;28.09.2026
BALSU;izle;;23,0;2,4;10,5;10,0;10;0;zayif;37,1;33,3;59,1;asagi;zayif;zayif;asagi;1,43;-4,87;4;6,66;-10,00;618686967;8,50;AL;NEGATIF;SAT;NEGATIF;ARTIYOR;AL;AL;UCUZ (AL);3;28.09.2026
BMSTL;izle;;22,8;6,4;14,0;2,3;22;2;zayif;18,8;41,1;49,3;asagi;guclu;zayif;asagi;0,84;-1,05;2;42,38;-2,49;141567508;49,52;SAT;NEGATIF;NOTR;NEGATIF;ARTIYOR;SAT;SAT;NOTR;0;28.09.2026
MARTI;izle;;22,4;12,4;2,0;8,0;0;0;zayif;41,3;31,6;84,6;asagi;zayif;zayif;asagi;0,02;-3,24;1;1,2;-9,77;4023166;1,83;SAT;NEGATIF;SAT;NEGATIF;AZALIYOR;SAT;SAT;NOTR;0;28.09.2026
TURSG;izle;;22,4;4,3;7,6;10,5;0;0;zayif;21,7;30,7;49,7;asagi;guclu;zayif;asagi;2,97;-2,32;2;5,66;-3,90;1656289371;6,24;SAT;NEGATIF;SAT;NEGATIF;ARTIYOR;SAT;SAT;NOTR;0;28.09.2026
BOSSA;izle;;22,4;0,6;12,1;9,6;0;0;zayif;16,6;38,1;70,8;asagi;guclu;zayif;asagi;0,45;-1,36;2;6,15;-3,15;10719266;7,11;SAT;NEGATIF;NOTR;NEGATIF;AZALIYOR;SAT;SAT;NOTR;0;28.09.2026
SAHOL;izle;;22,0;2,3;13,7;6,1;32;2;zayif;28,6;40,9;56,1;asagi;guclu;zayif;asagi;0,80;-1,44;4;86,9;-1,53;2453899232;96,22;SAT;NEGATIF;SAT;NEGATIF;AZALIYOR;SAT;SAT;NOTR;0;28.09.2026
KRSTL;izle;;22,0;2,4;5,6;14,0;6;0;zayif;46,4;30,3;37,4;asagi;zayif;zayif;asagi;1,72;-3,78;3;7,92;0,76;53433927;8,63;SAT;NEGATIF;SAT;NEGATIF;ARTIYOR;AL;AL;NOTR;2;28.09.2026
PGSUS;izle;;21,9;0,5;13,1;8,3;0;0;zayif;15,6;39,4;62,3;asagi;guclu;zayif;asagi;0,61;-2,24;2;143,7;-2,04;931237072;158,55;SAT;NEGATIF;NOTR;NEGATIF;ARTIYOR;SAT;SAT;UCUZ (AL);0;28.09.2026
ODAS;izle;;21,7;4,2;8,4;9,1;50;4;zayif;20,6;38,5;41,4;asagi;zayif;zayif;asagi;1,01;-2,13;4;6,61;-6,24;402234245;7,59;SAT;NEGATIF;SAT;NEGATIF;ARTIYOR;AL;AL;NOTR;2;28.09.2026
DESA;izle;;21,7;2,1;9,6;10,0;10;0;zayif;27,6;33,2;33,6;asagi;zayif;zayif;asagi;1,30;-2,66;4;8,69;-0,80;20920853;9,82;SAT;NEGATIF;SAT;NEGATIF;AZALIYOR;SAT;SAT;UCUZ (AL);0;28.09.2026
TATGD;izle;;21,7;3,5;8,7;9,5;6;0;zayif;15,4;35,8;31,3;asagi;zayif;zayif;asagi;1,03;-2,48;3;16,05;-4,24;32429683;18,03;SAT;NEGATIF;NOTR;NEGATIF;ARTIYOR;SAT;SAT;NOTR;0;28.09.2026
KRDMB;izle;;21,6;5,4;6,2;10,0;0;0;zayif;42,5;32,2;58,4;asagi;zayif;zayif;asagi;3,67;-3,85;2;73;-7,42;734337952;94,34;SAT;NEGATIF;SAT;NEGATIF;ARTIYOR;AL;AL;NOTR;2;28.09.2026
ALTIN;izle;;21,6;0,2;12,6;8,8;0;0;zayif;13,4;38,8;49,3;asagi;guclu;zayif;asagi;0,94;-1,84;2;71,39;-2,70;1100232696;75,26;SAT;NEGATIF;NOTR;NEGATIF;ARTIYOR;SAT;SAT;UCUZ (AL);0;28.09.2026
FROTO;izle;;21,6;1,7;13,9;6,0;42;3;zayif;24,4;40,7;43,3;asagi;guclu;zayif;asagi;0,79;-1,93;4;74,95;-2,41;1310152532;83,52;SAT;NEGATIF;SAT;NEGATIF;ARTIYOR;SAT;SAT;UCUZ (AL);0;28.09.2026
EUKYO;izle;;21,5;7,5;4,0;10,0;40;4;zayif;43,0;24,9;43,7;asagi;zayif;zayif;asagi;1,63;-3,11;1;9,55;-1,34;12955358;12,13;SAT;NEGATIF;SAT;NEGATIF;ARTIYOR;SAT;SAT;NOTR;0;28.09.2026
TSKB;izle;;21,5;2,0;7,9;11,6;16;1;zayif;26,4;34,4;37,9;asagi;guclu;zayif;asagi;1,52;-2,81;3;10,04;-3,00;342887686;11,26;SAT;NEGATIF;SAT;NEGATIF;ARTIYOR;SAT;SAT;UCUZ (AL);0;28.09.2026
ADGYO;izle;;21,2;4,8;7,1;9,3;6;0;zayif;25,2;37,4;33,7;asagi;zayif;zayif;asagi;1,26;-1,85;3;48,6;-10,00;80682172;57,79;SAT;NEGATIF;SAT;NEGATIF;ARTIYOR;SAT;SAT;NOTR;0;28.09.2026
ULKER;izle;;21,0;1,7;12,8;6,4;10;0;zayif;24,8;39,7;45,1;asagi;guclu;zayif;asagi;0,65;-2,49;4;85,15;-3,35;290054109;95,05;SAT;NEGATIF;SAT;NEGATIF;ARTIYOR;SAT;SAT;UCUZ (AL);0;28.09.2026
OFSYM;izle;;21,0;12,4;8,5;0,0;16;1;zayif;35,9;35,7;32,5;asagi;guclu;zayif;asagi;0,40;-1,68;3;55,1;-8,47;29569856;68,56;SAT;NEGATIF;SAT;NEGATIF;ARTIYOR;SAT;AL;NOTR;1;28.09.2026
MOBTL;izle;;20,7;5,4;6,2;9,1;6;0;zayif;30,0;32,3;20,2;asagi;zayif;zayif;asagi;1,00;-3,41;3;10,25;-3,76;36847254;12,09;SAT;NEGATIF;SAT;NEGATIF;AZALIYOR;AL;AL;NOTR;2;28.09.2026
OBASE;izle;;20,5;2,4;4,9;13,1;10;0;zayif;32,2;28,1;8,7;asagi;zayif;zayif;asagi;1,25;-4,12;5;27,7;1,17;13210407;31,98;SAT;NEGATIF;SAT;NEGATIF;ARTIYOR;SAT;AL;NOTR;1;28.09.2026
A1YEN;izle;;20,4;2,4;4,0;14,0;6;0;zayif;36,4;18,9;44,8;asagi;zayif;zayif;asagi;1,53;-6,14;3;1,63;1,87;37851311;2,04;SAT;NEGATIF;SAT;NEGATIF;AZALIYOR;AL;SAT;UCUZ (AL);1;28.09.2026
A1CAP;izle;;20,4;2,4;4,0;14,0;10;0;zayif;57,6;17,9;31,2;asagi;zayif;zayif;asagi;1,38;-7,16;4;4,46;0,68;61754360;5,66;SAT;NEGATIF;SAT;NEGATIF;ARTIYOR;AL;AL;UCUZ (AL);2;28.09.2026
BASCM;izle;;20,4;2,4;4,0;14,0;16;1;zayif;34,5;24,2;9,0;asagi;zayif;zayif;asagi;1,32;-6,74;3;10,76;-2,27;1364013;11,92;SAT;NEGATIF;SAT;NEGATIF;AZALIYOR;SAT;SAT;UCUZ (AL);0;28.09.2026
KRVGD;izle;;20,4;2,4;14,0;4,0;0;0;zayif;36,6;36,7;57,3;asagi;zayif;zayif;asagi;0,70;-2,80;1;2,08;-2,35;14754538;2,27;AL;NEGATIF;SAT;NEGATIF;ARTIYOR;AL;AL;UCUZ (AL);3;28.09.2026
VERUS;izle;;20,4;5,4;5,9;9,1;10;1;zayif;39,9;31,3;42,5;asagi;zayif;zayif;asagi;1,00;-2,78;2;432;2,13;37743408;538,78;SAT;NEGATIF;SAT;NEGATIF;ARTIYOR;SAT;AL;NOTR;1;28.09.2026
BJKAS;izle;;20,4;4,7;7,7;8,0;0;0;zayif;24,6;37,3;67,2;asagi;zayif;zayif;asagi;0,49;-2,15;0;1,61;-5,85;296687775;2,26;SAT;NEGATIF;SAT;NEGATIF;AZALIYOR;SAT;SAT;NOTR;0;28.09.2026
ANHYT;izle;;20,4;4,0;10,3;6,1;10;0;zayif;19,1;37,6;48,9;asagi;guclu;zayif;asagi;1,05;-1,78;5;98,5;-1,25;107393171;109,47;SAT;NEGATIF;NOTR;NEGATIF;AZALIYOR;SAT;SAT;NOTR;0;28.09.2026
METRO;izle;;20,4;7,1;7,3;6,0;10;0;zayif;36,6;36,0;40,4;asagi;zayif;zayif;asagi;0,82;-2,27;4;6,88;0,73;39825733;7,78;SAT;NEGATIF;SAT;NEGATIF;AZALIYOR;AL;AL;NOTR;2;28.09.2026
EPLAS;izle;;20,4;4,6;11,8;4,0;22;2;zayif;23,8;41,6;30,8;asagi;guclu;zayif;asagi;0,61;-1,29;2;5,2;-8,45;22918334;6,67;SAT;NEGATIF;AL;NEGATIF;ARTIYOR;SAT;AL;NOTR;2;28.09.2026
SMRTG;izle;;20,1;2,4;4,0;13,6;0;0;zayif;45,4;22,0;21,5;asagi;zayif;zayif;asagi;1,28;-6,50;1;5,03;-6,68;216156770;6,78;SAT;NEGATIF;SAT;NEGATIF;AZALIYOR;AL;AL;UCUZ (AL);2;28.09.2026
ECOGR;izle;;19,8;4,1;7,7;8,0;16;1;zayif;20,1;36,9;59,4;asagi;zayif;zayif;asagi;0,56;-2,19;3;30,6;-1,67;87916982;36,19;SAT;NEGATIF;SAT;NEGATIF;ARTIYOR;SAT;AL;NOTR;1;28.09.2026
BLUME;izle;;19,7;1,2;10,4;8,0;10;1;zayif;21,0;40,2;43,6;asagi;zayif;zayif;asagi;0,54;-1,36;2;33,32;-9,95;48194748;40,56;SAT;NEGATIF;SAT;NEGATIF;ARTIYOR;AL;AL;UCUZ (AL);2;28.09.2026
KOCMT;izle;;19,6;4,2;6,5;8,9;0;0;zayif;20,6;33,4;66,0;asagi;zayif;zayif;asagi;0,75;-3,62;0;2,6;-9,72;153785622;3,66;SAT;NEGATIF;SAT;NEGATIF;AZALIYOR;AL;AL;NOTR;2;28.09.2026
KNFRT;izle;;19,5;0,8;9,3;9,3;0;0;zayif;18,1;38,6;30,8;asagi;zayif;zayif;asagi;0,78;-2,18;1;10,37;-2,81;27462912;12,51;SAT;NEGATIF;NOTR;NEGATIF;AZALIYOR;SAT;SAT;NOTR;0;28.09.2026
POLHO;izle;;19,4;5,4;5,0;9,0;20;1;zayif;32,4;36,8;17,0;asagi;zayif;zayif;asagi;1,00;-2,44;5;18,36;-8,20;39786322;21,16;SAT;NEGATIF;SAT;NEGATIF;ARTIYOR;AL;AL;NOTR;2;28.09.2026
EKIZ;izle;;19,3;2,4;4,7;12,2;10;0;zayif;44,9;27,3;26,1;asagi;zayif;zayif;asagi;1,19;-5,50;5;44,16;-6,80;828221;54,27;SAT;NEGATIF;SAT;NEGATIF;ARTIYOR;AL;AL;UCUZ (AL);2;28.09.2026
AKMGY;izle;;19,3;3,6;3,9;11,8;6;0;zayif;16,5;29,4;74,2;asagi;zayif;zayif;asagi;0,93;-2,71;3;216,8;-4,62;13848967;255,22;SAT;NEGATIF;NOTR;NEGATIF;ARTIYOR;SAT;AL;NOTR;1;28.09.2026
AKSA;izle;;19,2;4,6;10,6;4,0;6;0;zayif;24,0;39,3;40,9;asagi;guclu;zayif;asagi;0,69;-2,29;3;10,43;-3,52;115729319;11,62;SAT;NEGATIF;SAT;NEGATIF;ARTIYOR;SAT;SAT;NOTR;0;28.09.2026
ASGYO;izle;;19,2;1,8;9,8;7,6;0;0;zayif;25,0;33,5;31,2;asagi;zayif;zayif;asagi;0,92;-2,70;2;9,9;-4,16;29702663;10,89;SAT;NEGATIF;SAT;NEGATIF;ARTIYOR;AL;AL;NOTR;2;28.09.2026
CLEBI;izle;;18,9;1,7;11,5;5,8;6;0;zayif;24,3;37,3;36,3;asagi;guclu;zayif;asagi;0,97;-2,86;3;1357;-3,07;30345234;1485,54;SAT;NEGATIF;SAT;NEGATIF;ARTIYOR;SAT;SAT;NOTR;0;28.09.2026
OZYSR;izle;;18,8;5,3;9,5;4,0;6;0;zayif;29,0;40,8;30,9;asagi;zayif;zayif;asagi;0,44;-1,65;3;10,95;-1,17;15034985;12,82;SAT;NEGATIF;SAT;NEGATIF;AZALIYOR;SAT;SAT;NOTR;0;28.09.2026
INTEK;izle;;18,7;10,4;4,3;4,0;6;0;zayif;39,8;31,1;13,2;yukari;zayif;zayif;asagi;0,59;-5,87;3;177,3;-10,00;805119;165,76;SAT;NEGATIF;SAT;NEGATIF;ARTIYOR;AL;AL;UCUZ (AL);2;28.09.2026
AKCNS;izle;;18,7;4,5;5,6;8,6;28;2;zayif;22,8;36,2;39,4;asagi;zayif;zayif;asagi;0,74;-2,41;3;197,5;-6,93;122635058;225,55;SAT;NEGATIF;SAT;NEGATIF;ARTIYOR;AL;AL;NOTR;2;28.09.2026
MOGAN;izle;;18,7;5,4;5,2;8,0;22;2;zayif;41,6;29,1;45,6;asagi;zayif;zayif;asagi;0,94;-4,36;1;9,5;3,49;208995649;11,92;SAT;NEGATIF;SAT;NEGATIF;ARTIYOR;AL;AL;NOTR;2;28.09.2026
ECZYT;izle;;18,5;2,4;5,2;10,9;0;0;zayif;38,4;28,9;53,5;asagi;zayif;zayif;asagi;0,88;-4,42;1;226,2;-6,14;111119619;260,96;SAT;NEGATIF;SAT;NEGATIF;ARTIYOR;AL;AL;NOTR;2;28.09.2026
CVKMD;izle;;18,5;5,4;4,9;8,1;0;0;zayif;30,8;34,0;37,2;asagi;zayif;zayif;asagi;0,95;-2,50;2;12,82;-9,85;377172938;15,58;SAT;NEGATIF;SAT;NEGATIF;ARTIYOR;SAT;SAT;NOTR;0;28.09.2026
GLRMK;izle;;18,5;2,1;7,9;8,4;38;3;zayif;27,6;36,9;40,5;asagi;zayif;zayif;asagi;0,72;-2,17;3;141;-3,95;577476075;167,95;SAT;NEGATIF;SAT;NEGATIF;AZALIYOR;SAT;SAT;NOTR;0;28.09.2026
BAKAB;izle;;18,2;2,4;4,3;11,5;6;0;zayif;36,5;29,4;31,7;asagi;zayif;zayif;asagi;1,15;-4,28;3;32,28;-6,33;7569079;37,77;SAT;NEGATIF;SAT;NEGATIF;ARTIYOR;AL;AL;NOTR;2;28.09.2026
AYES;izle;;18,2;5,4;6,6;6,1;0;0;zayif;33,7;33,8;34,6;asagi;zayif;zayif;asagi;0,83;-4,15;2;24;-6,25;1614216;26,18;SAT;NEGATIF;SAT;NEGATIF;ARTIYOR;AL;AL;NOTR;2;28.09.2026
YEOTK;izle;;18,2;4,1;12,5;1,6;0;0;zayif;20,0;40,1;47,2;asagi;zayif;zayif;asagi;0,79;-2,18;2;29,5;-5,45;428733117;35,85;AL;NEGATIF;NOTR;NEGATIF;ARTIYOR;SAT;SAT;NOTR;1;28.09.2026
GRTHO;izle;;18,0;2,4;5,6;10,0;0;0;zayif;30,4;30,3;58,4;asagi;zayif;zayif;asagi;2,01;-4,89;0;123;5,94;419071701;158,68;SAT;NEGATIF;SAT;NEGATIF;ARTIYOR;SAT;AL;UCUZ (AL);1;28.09.2026
DOHOL;izle;;18,0;4,6;10,2;3,2;10;0;zayif;23,7;35,3;38,8;asagi;guclu;zayif;asagi;0,58;-2,04;4;19,69;-2,23;146013735;21,84;SAT;NEGATIF;SAT;NEGATIF;AZALIYOR;SAT;SAT;NOTR;0;28.09.2026
KARSN;izle;;17,9;2,2;7,8;8,0;0;0;zayif;28,1;37,5;47,9;asagi;zayif;zayif;asagi;0,23;-2,27;0;8,99;-4,06;112949776;11,82;SAT;NEGATIF;SAT;NEGATIF;AZALIYOR;SAT;SAT;NOTR;0;28.09.2026
AEFES;izle;;17,7;4,7;11,2;1,8;10;0;zayif;24,7;39,3;54,4;asagi;guclu;zayif;asagi;0,80;-2,07;4;18,06;-4,09;572066339;20,18;SAT;NEGATIF;SAT;NEGATIF;ARTIYOR;SAT;SAT;NOTR;0;28.09.2026
GEREL;izle;;17,7;5,4;6,4;5,9;0;0;zayif;30,0;32,8;22,1;asagi;zayif;zayif;asagi;0,81;-3,50;1;26,34;-9,98;142985241;32,80;SAT;NEGATIF;SAT;NEGATIF;ARTIYOR;AL;AL;NOTR;2;28.09.2026
SEKFK;izle;;17,6;2,4;10,9;4,2;6;0;zayif;31,6;34,1;21,6;asagi;zayif;zayif;asagi;0,71;-2,85;3;4;-2,44;1390732;4,48;AL;NEGATIF;SAT;NEGATIF;ARTIYOR;AL;SAT;NOTR;2;28.09.2026
GWIND;izle;;17,5;1,9;6,0;9,6;10;0;zayif;25,6;32,6;31,5;asagi;zayif;zayif;asagi;1,28;-3,80;4;20,4;-2,95;78165252;22,68;SAT;NEGATIF;SAT;NEGATIF;ARTIYOR;SAT;SAT;NOTR;0;28.09.2026
OSMEN;izle;;17,5;2,4;4,0;11,0;10;0;zayif;41,0;22,2;16,7;asagi;zayif;zayif;asagi;1,12;-5,56;5;5,14;-4,28;16507835;6,19;SAT;NEGATIF;SAT;NEGATIF;ARTIYOR;AL;AL;UCUZ (AL);2;28.09.2026
SELEC;izle;;17,4;5,4;4,0;8,0;0;0;zayif;47,8;18,9;90,2;asagi;zayif;zayif;asagi;0,01;-6,76;0;113,4;-10,00;1071176;172,51;SAT;NEGATIF;SAT;NEGATIF;AZALIYOR;SAT;AL;NOTR;1;28.09.2026
MANAS;izle;;17,4;5,4;4,0;8,0;0;0;zayif;38,4;14,3;18,9;asagi;zayif;zayif;asagi;0,00;-7,19;1;12,98;-9,99;255576;19,66;SAT;NEGATIF;SAT;NEGATIF;AZALIYOR;SAT;SAT;NOTR;0;28.09.2026
ANELE;izle;;17,4;5,4;4,0;8,0;0;0;zayif;42,9;18,7;-0,0;asagi;zayif;zayif;asagi;0,00;-6,34;0;55,9;-9,98;82117;90,12;SAT;NEGATIF;SAT;NEGATIF;AZALIYOR;SAT;SAT;NOTR;0;28.09.2026
GUNDG;izle;;17,4;5,4;4,0;8,0;0;0;zayif;39,1;19,0;50,3;asagi;zayif;zayif;asagi;0,00;-8,25;0;285,25;-9,94;56765;555,06;SAT;NEGATIF;SAT;NEGATIF;AZALIYOR;AL;SAT;NOTR;1;28.09.2026
CEMTS;izle;;17,4;2,4;9,7;5,3;10;0;zayif;32,5;32,7;25,9;asagi;zayif;zayif;asagi;0,78;-2,97;4;7,88;-1,50;11198835;8,58;SAT;NEGATIF;SAT;NEGATIF;ARTIYOR;AL;SAT;UCUZ (AL);1;28.09.2026
QNBFK;izle;;17,4;2,4;2,4;12,5;10;0;zayif;35,5;27,2;24,1;asagi;zayif;zayif;asagi;1,21;-4,77;4;35,16;-3,93;1064047;39,57;SAT;NEGATIF;SAT;NEGATIF;ARTIYOR;AL;SAT;NOTR;1;28.09.2026
DMSAS;izle;;17,2;2,4;5,2;9,5;32;2;zayif;36,9;29,1;21,8;asagi;zayif;zayif;asagi;1,27;-4,43;4;5,81;-3,97;26720498;6,57;SAT;NEGATIF;SAT;NEGATIF;ARTIYOR;AL;AL;UCUZ (AL);2;28.09.2026
KONYA;izle;;17,2;1,7;11,5;4,0;16;1;zayif;24,4;39,6;56,7;asagi;guclu;zayif;asagi;0,47;-1,48;3;3540;-6,41;40897620;4301,98;SAT;NEGATIF;SAT;NEGATIF;ARTIYOR;SAT;SAT;UCUZ (AL);0;28.09.2026
AZTEK;izle;;17,1;10,4;6,7;0,0;0;0;zayif;31,7;37,4;50,9;yukari;zayif;zayif;asagi;0,44;-2,60;1;3,24;-6,09;12343655;3,20;SAT;NEGATIF;SAT;NEGATIF;ARTIYOR;SAT;SAT;NOTR;0;28.09.2026
BORSK;izle;;17,0;2,4;10,6;4,0;6;0;zayif;32,3;34,5;12,3;asagi;guclu;zayif;asagi;0,42;-1,83;3;5,53;-3,66;26503122;6,52;SAT;NEGATIF;SAT;NEGATIF;AZALIYOR;SAT;AL;NOTR;1;28.09.2026
KUVVA;izle;;17,0;5,4;4,0;7,6;22;2;zayif;39,6;23,1;25,8;asagi;zayif;zayif;asagi;0,91;-4,01;2;100,8;-9,92;15190862;147,35;SAT;NEGATIF;SAT;NEGATIF;AZALIYOR;SAT;SAT;NOTR;0;28.09.2026
FORTE;izle;;17,0;4,4;6,3;6,3;6;0;zayif;22,2;32,7;27,1;asagi;zayif;zayif;asagi;1,08;-2,50;3;92;-3,97;126516652;112,12;SAT;NEGATIF;SAT;NEGATIF;AZALIYOR;SAT;SAT;NOTR;0;28.09.2026
FADE;izle;;16,8;2,4;4,0;10,3;6;0;zayif;32,8;20,4;7,5;asagi;zayif;zayif;asagi;1,08;-5,23;3;11,28;-4,65;19883515;13,28;SAT;NEGATIF;SAT;NEGATIF;ARTIYOR;SAT;SAT;NOTR;0;28.09.2026
ULUSE;izle;;16,6;5,4;1,1;10,0;10;0;zayif;47,4;15,6;34,9;asagi;zayif;zayif;asagi;1,36;-6,17;4;155,7;-7,43;38101970;200,05;SAT;NEGATIF;SAT;NEGATIF;ARTIYOR;SAT;SAT;NOTR;0;28.09.2026
MTRKS;izle;;16,5;5,4;4,0;7,1;6;0;zayif;33,4;23,7;14,2;asagi;zayif;zayif;asagi;1,13;-3,46;3;22;-0,54;29832682;26,69;SAT;NEGATIF;SAT;NEGATIF;ARTIYOR;SAT;SAT;NOTR;0;28.09.2026
BRKO;izle;;16,5;2,3;4,2;10,0;0;0;zayif;29,1;25,6;13,0;asagi;zayif;zayif;asagi;1,75;-6,57;2;6,48;-7,30;7227993;8,46;SAT;NEGATIF;SAT;NEGATIF;ARTIYOR;AL;AL;NOTR;2;28.09.2026
BESLR;izle;;16,5;1,9;3,8;10,9;6;0;zayif;25,6;31,2;34,0;asagi;zayif;zayif;asagi;1,11;-3,68;3;11,04;-4,75;28682914;12,64;SAT;NEGATIF;SAT;NEGATIF;ARTIYOR;SAT;SAT;NOTR;0;28.09.2026
BIOEN;izle;;16,5;2,4;4,0;10,0;6;0;zayif;37,0;25,1;33,1;asagi;zayif;zayif;asagi;2,53;-4,77;3;10,95;7,35;291969048;13,58;SAT;NEGATIF;SAT;NEGATIF;ARTIYOR;SAT;AL;UCUZ (AL);1;28.09.2026
KUYAS;izle;;16,4;2,4;4,0;10,0;0;0;zayif;38,0;20,2;28,3;asagi;zayif;zayif;asagi;1,59;-6,76;1;33,1;-9,96;965349088;46,72;SAT;NEGATIF;SAT;NEGATIF;ARTIYOR;SAT;AL;UCUZ (AL);1;28.09.2026
GIPTA;izle;;16,4;2,4;4,0;10,0;0;0;zayif;33,1;22,9;14,0;asagi;zayif;zayif;asagi;2,38;-5,68;1;33;4,76;370834068;48,29;SAT;NEGATIF;SAT;NEGATIF;AZALIYOR;SAT;AL;UCUZ (AL);1;28.09.2026
ISKPL;izle;;16,4;2,4;4,0;10,0;0;0;zayif;37,2;18,1;32,7;asagi;zayif;zayif;asagi;2,74;-7,52;2;3,19;-7,27;290354680;4,66;SAT;NEGATIF;SAT;NEGATIF;ARTIYOR;AL;AL;UCUZ (AL);2;28.09.2026
ONCSM;izle;;16,4;2,4;4,0;10,0;0;0;zayif;52,1;19,1;18,2;asagi;zayif;zayif;asagi;1,36;-8,03;1;84;-5,72;156191784;124,15;SAT;NEGATIF;SAT;NEGATIF;AZALIYOR;AL;AL;UCUZ (AL);2;28.09.2026
BULGS;izle;;16,4;2,4;4,0;10,0;0;0;zayif;60,8;15,4;21,7;asagi;zayif;zayif;asagi;2,11;-7,95;2;15,05;9,93;180261104;19,08;SAT;NEGATIF;SAT;NEGATIF;ARTIYOR;AL;AL;UCUZ (AL);2;28.09.2026
DERHL;izle;;16,4;2,4;4,0;10,0;10;0;zayif;31,2;23,3;52,5;asagi;zayif;zayif;asagi;2,69;-5,27;5;1,56;-1,89;57574655;1,85;SAT;NEGATIF;SAT;NEGATIF;ARTIYOR;AL;AL;UCUZ (AL);2;28.09.2026
LYDHO;izle;;16,4;2,4;4,0;10,0;0;0;zayif;62,8;8,8;11,4;asagi;zayif;zayif;asagi;1,81;-10,83;2;50,05;-9,98;54965110;76,03;SAT;NEGATIF;SAT;NEGATIF;AZALIYOR;AL;SAT;UCUZ (AL);1;28.09.2026
SEGMN;izle;;16,4;2,4;4,0;10,0;6;0;zayif;47,4;17,8;4,0;asagi;zayif;zayif;asagi;1,53;-5,72;3;24,4;-9,96;48138052;36,02;SAT;NEGATIF;SAT;NEGATIF;AZALIYOR;AL;AL;NOTR;2;28.09.2026
IZINV;izle;;16,4;2,4;4,0;10,0;10;0;zayif;31,4;16,5;28,5;asagi;zayif;zayif;asagi;1,31;-6,74;5;31,8;-5,81;11899973;40,47;SAT;NEGATIF;SAT;NEGATIF;ARTIYOR;AL;AL;UCUZ (AL);2;28.09.2026
MMCAS;izle;;16,4;2,4;4,0;10,0;6;0;zayif;45,3;15,1;-0,0;asagi;zayif;zayif;asagi;2,97;-10,82;3;15,1;-9,96;4632031;23,53;SAT;NEGATIF;SAT;NEGATIF;AZALIYOR;AL;SAT;UCUZ (AL);1;28.09.2026
HTTBT;izle;;16,4;2,4;6,2;7,8;0;0;zayif;39,1;31,9;44,7;asagi;zayif;zayif;asagi;1,17;-3,17;2;30,7;-1,35;20243089;34,43;SAT;NEGATIF;SAT;NEGATIF;ARTIYOR;AL;AL;UCUZ (AL);2;28.09.2026
ORCAY;izle;;16,4;2,4;4,0;10,0;10;0;zayif;29,7;14,9;23,0;asagi;zayif;zayif;asagi;1,41;-5,48;5;2,34;-5,26;5808435;2,90;SAT;NEGATIF;SAT;NEGATIF;ARTIYOR;AL;AL;UCUZ (AL);2;28.09.2026
KFEIN;izle;;16,2;2,3;4,0;9,9;10;0;zayif;28,8;22,8;29,2;asagi;zayif;zayif;asagi;1,30;-4,80;4;6,09;-2,87;25814292;7,17;SAT;NEGATIF;SAT;NEGATIF;ARTIYOR;AL;AL;UCUZ (AL);2;28.09.2026
ALKIM;izle;;16,2;2,4;4,0;9,7;32;2;zayif;32,8;18,7;3,2;asagi;zayif;zayif;asagi;1,28;-5,08;6;12,36;-1,90;25087216;13,96;SAT;NEGATIF;SAT;NEGATIF;ARTIYOR;SAT;SAT;UCUZ (AL);0;28.09.2026
DGATE;izle;;16,0;2,4;4,0;9,5;0;0;zayif;36,4;24,8;22,8;asagi;zayif;zayif;asagi;1,27;-4,65;2;61,2;-10,00;27549425;81,83;SAT;NEGATIF;SAT;NEGATIF;ARTIYOR;AL;AL;NOTR;2;28.09.2026
CMENT;izle;;16,0;2,4;3,5;10,0;0;0;zayif;61,5;29,9;26,1;asagi;zayif;zayif;asagi;2,60;-4,89;2;215;-3,59;2725555;243,04;SAT;NEGATIF;SAT;NEGATIF;ARTIYOR;AL;SAT;UCUZ (AL);1;28.09.2026
YATAS;izle;;15,9;2,4;5,3;8,1;10;0;zayif;44,1;29,2;26,3;asagi;zayif;zayif;asagi;0,95;-4,94;4;26,24;-1,43;22684428;29,20;SAT;NEGATIF;SAT;NEGATIF;AZALIYOR;AL;SAT;UCUZ (AL);1;28.09.2026
KBORU;izle;;15,6;2,4;5,0;8,2;6;0;zayif;39,2;28,3;47,2;asagi;zayif;zayif;asagi;0,95;-4,85;3;11,95;-9,95;164587553;15,54;SAT;NEGATIF;SAT;NEGATIF;ARTIYOR;AL;AL;NOTR;2;28.09.2026
BARMA;izle;;15,6;2,4;8,3;4,9;8;0;zayif;60,6;26,1;35,6;asagi;zayif;zayif;asagi;0,75;-13,73;2;6,96;-6,33;3506302;8,52;AL;NEGATIF;SAT;NEGATIF;AZALIYOR;SAT;AL;UCUZ (AL);2;28.09.2026
RTALB;izle;;15,5;1,5;4,0;10,0;40;4;zayif;23,0;20,9;8,5;asagi;zayif;zayif;asagi;1,86;-5,53;2;1,92;-4,48;84691494;2,48;SAT;NEGATIF;SAT;NEGATIF;ARTIYOR;AL;AL;UCUZ (AL);2;28.09.2026
KOPOL;izle;;15,4;2,4;4,0;9,0;10;0;zayif;39,3;14,8;13,1;asagi;zayif;zayif;asagi;1,24;-7,02;5;3,27;-4,39;38953662;3,98;SAT;NEGATIF;SAT;NEGATIF;ARTIYOR;AL;AL;UCUZ (AL);2;28.09.2026
PRDGS;izle;;15,3;2,4;4,0;8,9;0;0;zayif;41,8;17,7;2,5;asagi;zayif;zayif;asagi;1,23;-6,43;2;4,04;1,00;26635053;5,12;SAT;NEGATIF;SAT;NEGATIF;ARTIYOR;AL;AL;UCUZ (AL);2;28.09.2026
EUHOL;izle;;15,3;10,4;4,8;0,0;6;0;zayif;38,6;33,7;23,7;yukari;zayif;zayif;asagi;0,56;-4,43;3;7,38;-10,00;2314043;7,11;SAT;NEGATIF;SAT;NEGATIF;ARTIYOR;AL;AL;UCUZ (AL);2;28.09.2026
ISBTR;izle;;15,2;5,2;0,0;10,0;42;3;zayif;28,4;22,1;28,2;asagi;zayif;zayif;asagi;1,41;-6,06;4;408000;-7,27;2448000;453032,48;SAT;NEGATIF;SAT;NEGATIF;ARTIYOR;SAT;SAT;NOTR;0;28.09.2026
RAYSG;izle;;15,2;2,4;2,0;10,8;10;0;zayif;31,9;26,6;22,3;asagi;zayif;zayif;asagi;1,11;-4,70;4;124,9;-4,22;18327077;146,84;SAT;NEGATIF;SAT;NEGATIF;ARTIYOR;SAT;SAT;UCUZ (AL);0;28.09.2026
OBAMS;izle;;15,1;2,1;9,0;4,0;0;0;zayif;27,3;36,4;44,6;asagi;zayif;zayif;asagi;0,55;-3,01;2;4,45;-0,22;74440588;5,07;SAT;NEGATIF;SAT;NEGATIF;ARTIYOR;SAT;AL;UCUZ (AL);1;28.09.2026
HDFGS;izle;;15,1;2,4;4,0;8,6;22;2;zayif;41,8;8,8;9,7;asagi;zayif;zayif;asagi;1,22;-8,87;0;0,98;-1,01;52964293;1,38;SAT;NEGATIF;SAT;NEGATIF;AZALIYOR;AL;AL;UCUZ (AL);2;28.09.2026
PKENT;izle;;15,1;2,4;0,1;12,5;20;1;zayif;35,0;14,8;12,6;asagi;zayif;zayif;asagi;1,21;-6,35;4;92,8;-5,79;13686051;109,54;SAT;NEGATIF;SAT;NEGATIF;ARTIYOR;SAT;SAT;UCUZ (AL);0;28.09.2026
BUCIM;izle;;14,8;1,8;7,9;5,1;10;0;zayif;25,6;33,1;37,9;asagi;guclu;zayif;asagi;0,68;-2,55;5;4,93;-2,57;16238533;5,55;SAT;NEGATIF;SAT;NEGATIF;ARTIYOR;SAT;SAT;UCUZ (AL);0;28.09.2026
MEGMT;izle;;14,7;2,4;8,1;4,2;10;0;zayif;47,6;25,2;39,9;asagi;zayif;zayif;asagi;0,71;-6,44;4;3,31;-9,07;147855592;4,36;AL;NEGATIF;SAT;NEGATIF;ARTIYOR;AL;AL;UCUZ (AL);3;28.09.2026
EGPRO;izle;;14,7;5,0;9,7;0,0;10;0;zayif;26,8;39,1;31,7;asagi;guclu;zayif;asagi;0,63;-1,93;4;32,7;-3,25;24896668;38,44;SAT;NEGATIF;SAT;NEGATIF;AZALIYOR;SAT;SAT;NOTR;0;28.09.2026
ALCAR;izle;;14,7;0,6;6,1;8,0;6;0;zayif;16,7;34,8;57,3;asagi;zayif;zayif;asagi;0,39;-2,45;3;623,5;-3,18;12347794;731,94;SAT;NEGATIF;NOTR;NEGATIF;AZALIYOR;SAT;SAT;UCUZ (AL);0;28.09.2026
TGSAS;izle;;14,7;5,4;4,0;5,2;10;0;zayif;31,3;23,2;10,7;asagi;zayif;zayif;asagi;1,01;-5,16;4;96,3;-10,00;60280430;149,18;SAT;NEGATIF;SAT;NEGATIF;AZALIYOR;SAT;AL;UCUZ (AL);1;28.09.2026
ULUUN;izle;;14,7;2,4;2,2;10,0;6;0;zayif;34,0;27,9;22,1;asagi;zayif;zayif;asagi;2,07;-4,38;3;6,42;-9,83;99339915;7,69;SAT;NEGATIF;SAT;NEGATIF;ARTIYOR;SAT;SAT;NOTR;0;28.09.2026
AVPGY;izle;;14,5;1,3;12,1;1,1;6;0;zayif;21,5;36,4;50,4;asagi;guclu;zayif;asagi;0,53;-1,49;3;51,05;-4,22;17956276;58,45;SAT;NEGATIF;SAT;NEGATIF;ARTIYOR;SAT;SAT;NOTR;0;28.09.2026
TURGG;izle;;14,5;1,6;4,8;8,0;10;1;zayif;24,0;35,7;31,6;asagi;zayif;zayif;asagi;0,20;-2,08;1;23,62;-6,20;6710253;30,29;SAT;NEGATIF;SAT;NEGATIF;AZALIYOR;SAT;SAT;NOTR;0;28.09.2026
PSDTC;izle;;14,4;2,4;4,0;8,0;40;4;zayif;32,3;24,1;38,1;asagi;zayif;zayif;asagi;0,57;-4,64;2;86;-8,46;17122342;121,62;SAT;NEGATIF;SAT;NEGATIF;AZALIYOR;SAT;SAT;UCUZ (AL);0;28.09.2026
KAPLM;izle;;14,4;2,4;4,0;8,0;6;0;zayif;58,9;16,1;38,0;asagi;zayif;zayif;asagi;0,24;-8,58;3;158,8;-9,98;7964614;231,72;SAT;NEGATIF;SAT;NEGATIF;AZALIYOR;AL;AL;UCUZ (AL);2;28.09.2026
IZFAS;izle;;14,4;2,4;4,0;8,0;0;0;zayif;31,8;21,2;68,0;asagi;zayif;zayif;asagi;0,00;-6,78;0;19,8;-10,00;279794;32,64;SAT;NEGATIF;SAT;NEGATIF;AZALIYOR;SAT;AL;UCUZ (AL);1;28.09.2026
PEKGY;izle;;14,4;2,4;4,0;8,0;0;0;zayif;34,1;14,7;75,5;asagi;zayif;zayif;asagi;0,00;-9,06;0;4,56;-9,88;2052488;6,92;SAT;NEGATIF;SAT;NEGATIF;AZALIYOR;SAT;SAT;UCUZ (AL);0;28.09.2026
DOAS;izle;;14,4;2,4;5,9;6,0;10;0;zayif;30,5;30,1;33,7;asagi;zayif;zayif;asagi;1,06;-4,10;4;151,3;-2,13;127656046;164,65;SAT;NEGATIF;SAT;NEGATIF;ARTIYOR;SAT;SAT;UCUZ (AL);0;28.09.2026
ARASE;izle;;14,3;6,2;6,7;1,4;50;4;zayif;33,9;34,1;25,5;asagi;zayif;zayif;asagi;0,79;-2,53;4;98,55;-0,71;24368459;115,26;SAT;NEGATIF;SAT;NEGATIF;AZALIYOR;SAT;AL;NOTR;1;28.09.2026
EGEGY;izle;;14,3;2,4;4,0;7,8;40;4;zayif;43,4;24,1;23,9;asagi;zayif;zayif;asagi;0,93;-5,59;1;15,07;-5,69;90747456;20,67;SAT;NEGATIF;SAT;NEGATIF;AZALIYOR;AL;SAT;UCUZ (AL);1;28.09.2026
EGSER;izle;;14,1;2,2;2,0;10,0;28;2;zayif;27,9;27,2;32,2;asagi;zayif;zayif;asagi;1,30;-3,74;3;2,49;-4,60;5345532;2,83;SAT;NEGATIF;SAT;NEGATIF;ARTIYOR;SAT;SAT;NOTR;0;28.09.2026
ALFAS;izle;;14,1;2,4;1,6;10,0;10;0;zayif;35,7;20,0;20,2;asagi;zayif;zayif;asagi;1,46;-4,97;6;29,66;-9,96;75564337;36,29;SAT;NEGATIF;SAT;NEGATIF;ARTIYOR;SAT;SAT;UCUZ (AL);0;28.09.2026
SOKE;izle;;14,0;2,4;1,6;10,0;10;0;zayif;52,0;10,1;10,7;asagi;zayif;zayif;asagi;1,40;-8,83;5;7,04;-8,69;32461046;8,95;SAT;NEGATIF;SAT;NEGATIF;ARTIYOR;AL;SAT;UCUZ (AL);1;28.09.2026
TSGYO;izle;;13,9;2,2;1,7;10,0;20;1;zayif;28,2;26,5;11,6;asagi;zayif;zayif;asagi;1,66;-4,78;4;4,76;-6,11;12481472;5,47;SAT;NEGATIF;SAT;NEGATIF;ARTIYOR;SAT;SAT;UCUZ (AL);0;28.09.2026
AKFGY;izle;;13,8;0,7;9,1;4,0;20;1;zayif;17,1;37,4;55,5;asagi;guclu;zayif;asagi;0,64;-2,19;4;2,39;-2,45;51376599;2,72;SAT;NEGATIF;NOTR;NEGATIF;AZALIYOR;SAT;SAT;NOTR;0;28.09.2026
KCAER;izle;;13,8;5,4;4,4;4,0;6;0;zayif;47,3;26,2;22,5;asagi;zayif;zayif;asagi;0,49;-4,32;3;10,92;-2,50;69206024;12,82;SAT;NEGATIF;SAT;NEGATIF;AZALIYOR;AL;SAT;NOTR;1;28.09.2026
VAKKO;izle;;13,6;0,0;3,6;10,0;10;0;zayif;12,2;25,8;30,9;asagi;zayif;zayif;asagi;1,54;-2,58;4;58,5;-6,25;12081069;70,75;SAT;NEGATIF;NOTR;NEGATIF;ARTIYOR;SAT;SAT;NOTR;0;28.09.2026
EKOS;izle;;13,6;2,4;1,1;10,0;20;1;zayif;42,0;17,7;29,2;asagi;zayif;zayif;asagi;1,32;-6,88;4;3,38;-9,87;39269573;4,28;SAT;NEGATIF;SAT;NEGATIF;ARTIYOR;SAT;SAT;UCUZ (AL);0;28.09.2026
NTGAZ;izle;;13,6;1,7;8,4;3,4;10;0;zayif;24,6;32,3;39,3;asagi;guclu;zayif;asagi;0,78;-2,47;4;10,15;-2,40;26233802;11,29;SAT;NEGATIF;SAT;NEGATIF;AZALIYOR;SAT;SAT;NOTR;0;28.09.2026
YKSLN;izle;;13,5;7,3;2,8;3,5;0;0;zayif;28,7;34,2;47,5;asagi;zayif;zayif;asagi;0,91;-3,36;1;2,24;-9,68;41739730;3,26;SAT;NEGATIF;SAT;NEGATIF;AZALIYOR;SAT;SAT;NOTR;0;28.09.2026
ASTOR;izle;;13,5;5,4;4,1;4,0;32;3;zayif;33,9;31,6;44,5;asagi;zayif;zayif;asagi;0,03;-3,37;1;235,2;-9,97;185759078;285,04;SAT;NEGATIF;SAT;NEGATIF;ARTIYOR;SAT;SAT;NOTR;0;28.09.2026
IEYHO;izle;;13,4;5,4;0,0;8,0;0;0;zayif;72,0;13,2;98,1;asagi;zayif;zayif;asagi;0,32;-8,90;0;89,3;-9,98;44545073;120,58;SAT;NEGATIF;SAT;NEGATIF;ARTIYOR;SAT;SAT;NOTR;0;28.09.2026
CEMZY;izle;;13,4;5,4;0,0;8,0;0;0;zayif;32,3;20,4;49,9;asagi;zayif;zayif;asagi;0,18;-5,20;0;6,95;-9,97;26960482;10,73;SAT;NEGATIF;SAT;NEGATIF;AZALIYOR;SAT;SAT;NOTR;0;28.09.2026
OZATD;izle;;13,4;5,4;0,0;8,0;32;3;zayif;40,2;16,1;89,7;asagi;zayif;zayif;asagi;0,01;-6,26;1;1935;-10,00;1642815;2779,60;SAT;NEGATIF;SAT;NEGATIF;AZALIYOR;SAT;AL;PAHALI (SAT);1;28.09.2026
TEHOL;izle;;13,4;5,4;0,0;8,0;0;0;zayif;41,5;17,5;59,4;asagi;zayif;zayif;asagi;0,00;-7,58;0;18,56;-9,99;346107;26,88;SAT;NEGATIF;SAT;NEGATIF;AZALIYOR;SAT;AL;NOTR;1;28.09.2026
ALKLC;izle;;13,4;5,4;0,0;8,0;10;1;zayif;59,6;15,6;95,7;asagi;zayif;zayif;asagi;0,00;-7,91;0;201,8;-9,99;300480;280,83;SAT;NEGATIF;SAT;NEGATIF;AZALIYOR;SAT;AL;NOTR;1;28.09.2026
BIGEN;izle;;13,4;5,4;0,0;8,0;0;0;zayif;32,0;24,9;72,9;asagi;zayif;zayif;asagi;0,00;-4,91;0;60,95;-9,97;1175177;94,92;SAT;NEGATIF;SAT;NEGATIF;AZALIYOR;SAT;AL;PAHALI (SAT);1;28.09.2026
OYAYO;izle;;13,4;0,4;3,0;10,0;6;0;zayif;14,9;28,5;20,8;asagi;zayif;zayif;asagi;1,33;-3,39;3;34,5;-5,22;3374445;42,23;SAT;NEGATIF;NOTR;NEGATIF;ARTIYOR;SAT;SAT;UCUZ (AL);0;28.09.2026
BASGZ;izle;;13,3;1,8;7,2;4,3;10;0;zayif;25,3;30,8;33,6;asagi;guclu;zayif;asagi;0,88;-2,74;4;39,9;-2,49;11438811;44,62;SAT;NEGATIF;SAT;NEGATIF;ARTIYOR;SAT;SAT;NOTR;0;28.09.2026
DSTKF;izle;;13,3;5,3;0,0;8,0;22;2;zayif;29,0;22,8;72,7;asagi;zayif;zayif;asagi;0,00;-6,35;0;1057;-9,97;798035;1557,29;SAT;NEGATIF;SAT;NEGATIF;AZALIYOR;SAT;AL;NOTR;1;28.09.2026
ISMEN;izle;;13,3;1,2;9,9;2,2;10;0;zayif;20,6;37,5;35,2;asagi;guclu;zayif;asagi;0,65;-2,31;4;31,48;-0,76;157278267;34,90;SAT;NEGATIF;SAT;NEGATIF;AZALIYOR;SAT;SAT;UCUZ (AL);0;28.09.2026
SISE;izle;;13,2;1,2;12,1;0,0;16;1;zayif;20,5;40,6;53,7;asagi;guclu;zayif;asagi;0,45;-1,84;3;38,38;-2,19;1514808860;43,48;SAT;NEGATIF;SAT;NEGATIF;AZALIYOR;SAT;SAT;NOTR;0;28.09.2026
DZGYO;izle;;13,1;1,4;7,7;4,0;6;0;zayif;22,3;36,6;45,7;asagi;zayif;zayif;asagi;0,27;-2,51;3;6,52;-3,98;6562739;7,67;SAT;NEGATIF;SAT;NEGATIF;AZALIYOR;SAT;SAT;NOTR;0;28.09.2026
GENIL;izle;;13,1;2,4;4,6;6,1;40;5;zayif;42,0;26,9;24,1;asagi;zayif;zayif;asagi;0,82;-4,35;2;6,62;-9,93;262911195;8,82;SAT;NEGATIF;SAT;NEGATIF;AZALIYOR;SAT;AL;UCUZ (AL);1;28.09.2026
KLGYO;izle;;13,0;2,4;0,6;10,0;6;0;zayif;32,8;23,9;23,0;asagi;zayif;zayif;asagi;1,55;-4,04;3;3,54;-6,10;47299873;4,34;SAT;NEGATIF;SAT;NEGATIF;ARTIYOR;SAT;SAT;UCUZ (AL);0;28.09.2026
AFYON;izle;;13,0;2,1;2,0;9,0;20;1;zayif;27,3;23,0;30,1;asagi;zayif;zayif;asagi;1,22;-4,46;5;10,82;-2,96;18819962;11,95;SAT;NEGATIF;SAT;NEGATIF;ARTIYOR;SAT;SAT;UCUZ (AL);0;28.09.2026
BRYAT;izle;;13,0;1,6;2,6;8,8;10;0;zayif;24,0;29,1;32,4;asagi;zayif;zayif;asagi;0,99;-4,23;4;1450;-4,61;83224200;1647,23;SAT;NEGATIF;SAT;NEGATIF;ARTIYOR;SAT;SAT;UCUZ (AL);0;28.09.2026
PENGD;izle;;13,0;2,4;0,5;10,0;10;0;zayif;39,4;14,3;35,5;asagi;zayif;zayif;asagi;2,06;-6,45;5;7,01;-7,76;43279894;8,31;SAT;NEGATIF;SAT;NEGATIF;ARTIYOR;SAT;SAT;NOTR;0;28.09.2026
FORMT;izle;;13,0;2,4;4,0;6,5;10;0;zayif;61,4;10,1;6,3;asagi;zayif;zayif;asagi;1,09;-8,90;5;0,98;-4,85;22106812;1,19;SAT;NEGATIF;SAT;NEGATIF;ARTIYOR;AL;AL;UCUZ (AL);2;28.09.2026
MEGAP;izle;;13,0;2,4;0,5;10,0;10;0;zayif;50,5;20,0;12,2;asagi;zayif;zayif;asagi;1,37;-8,08;6;1,25;-6,02;1180958;1,46;SAT;NEGATIF;SAT;NEGATIF;ARTIYOR;AL;SAT;UCUZ (AL);1;28.09.2026
HLGYO;izle;;12,9;1,0;7,1;4,8;42;3;zayif;19,5;36,1;42,2;asagi;zayif;zayif;asagi;0,75;-3,39;4;3,93;-3,91;93272038;4,49;SAT;NEGATIF;NOTR;NEGATIF;ARTIYOR;SAT;SAT;NOTR;0;28.09.2026
DGNMO;izle;;12,9;2,4;0,5;10,0;0;0;zayif;53,9;13,0;0,0;asagi;zayif;zayif;asagi;1,37;-6,22;2;4,11;-9,87;20276245;5,75;SAT;NEGATIF;SAT;NEGATIF;ARTIYOR;AL;AL;NOTR;2;28.09.2026
OYYAT;izle;;12,8;1,3;4,2;7,3;0;0;zayif;21,5;32,2;46,7;asagi;zayif;zayif;asagi;0,90;-3,34;1;28,36;-1,18;28329286;32,28;SAT;NEGATIF;SAT;NEGATIF;ARTIYOR;SAT;SAT;UCUZ (AL);0;28.09.2026
YESIL;izle;;12,8;2,4;0,3;10,0;0;0;zayif;38,0;16,3;25,1;asagi;zayif;zayif;asagi;1,45;-6,36;1;0,85;-5,56;20024009;1,00;SAT;NEGATIF;SAT;NEGATIF;ARTIYOR;SAT;AL;UCUZ (AL);1;28.09.2026
CEOEM;izle;;12,8;6,7;2,1;3,9;0;0;zayif;24,5;32,1;56,0;asagi;zayif;zayif;asagi;0,93;-2,83;0;19,6;-3,16;68539416;26,85;SAT;NEGATIF;SAT;NEGATIF;AZALIYOR;SAT;SAT;NOTR;0;28.09.2026
CGCAM;izle;;12,7;2,4;1,2;9,1;10;0;zayif;51,0;18,2;14,9;asagi;zayif;zayif;asagi;1,24;-7,13;6;20,84;-9,78;61399204;27,20;SAT;NEGATIF;SAT;NEGATIF;ARTIYOR;AL;AL;UCUZ (AL);2;28.09.2026
BINHO;izle;;12,6;2,4;4,4;5,7;6;0;zayif;31,0;26,3;58,1;asagi;zayif;zayif;asagi;0,80;-4,45;3;6,29;-8,04;151139429;8,24;SAT;NEGATIF;SAT;NEGATIF;ARTIYOR;SAT;SAT;UCUZ (AL);0;28.09.2026
VKFYO;izle;;12,5;0,9;6,8;4,8;32;3;zayif;18,9;34,3;23,5;asagi;zayif;zayif;asagi;0,99;-3,64;2;18,11;-4,93;3158927;21,67;SAT;NEGATIF;NOTR;NEGATIF;ARTIYOR;AL;AL;UCUZ (AL);2;28.09.2026
BINBN;izle;;12,4;2,4;0,0;10,0;6;0;zayif;39,6;10,8;8,9;asagi;zayif;zayif;asagi;4,33;-7,23;3;72,3;-9,96;157226472;116,82;SAT;NEGATIF;SAT;NEGATIF;ARTIYOR;SAT;SAT;UCUZ (AL);0;28.09.2026
ESCAR;izle;;12,4;2,4;0,0;10,0;10;1;zayif;38,1;11,4;12,6;asagi;zayif;zayif;asagi;1,57;-8,71;1;17,9;-9,96;84611868;26,47;SAT;NEGATIF;SAT;NEGATIF;AZALIYOR;SAT;AL;UCUZ (AL);1;28.09.2026
CASA;izle;;12,4;2,4;0,0;10,0;10;0;zayif;38,0;16,3;8,6;asagi;zayif;zayif;asagi;1,82;-9,31;4;46,08;-10,00;1597409;55,37;SAT;NEGATIF;SAT;NEGATIF;ARTIYOR;SAT;SAT;UCUZ (AL);0;28.09.2026
MEDTR;izle;;12,4;2,4;4,0;6,0;6;0;zayif;42,8;16,5;10,0;asagi;zayif;zayif;asagi;1,06;-6,53;3;18,45;-4,90;5945346;21,41;SAT;NEGATIF;SAT;NEGATIF;ARTIYOR;AL;AL;UCUZ (AL);2;28.09.2026
PATEK;izle;;12,4;1,3;3,1;8,0;22;2;zayif;21,6;33,9;43,9;asagi;zayif;zayif;asagi;0,36;-3,03;1;14,36;-9,97;172419170;20,78;SAT;NEGATIF;SAT;NEGATIF;AZALIYOR;SAT;AL;NOTR;1;28.09.2026
BMSCH;izle;;12,4;1,7;2,7;8,0;0;0;zayif;24,8;28,5;64,2;asagi;zayif;zayif;asagi;0,42;-4,91;1;8,35;-6,39;10539721;10,57;SAT;NEGATIF;SAT;NEGATIF;ARTIYOR;SAT;SAT;UCUZ (AL);0;28.09.2026
OZRDN;izle;;12,3;4,9;0,3;7,2;10;0;zayif;26,1;21,8;27,4;asagi;zayif;zayif;asagi;1,13;-4,11;4;18,72;-10,00;5948523;26,24;SAT;NEGATIF;SAT;NEGATIF;AZALIYOR;SAT;SAT;NOTR;0;28.09.2026
ALTNY;izle;;12,3;2,2;0,1;10,0;6;0;zayif;28,1;24,6;22,6;asagi;zayif;zayif;asagi;1,88;-4,23;3;12,3;-5,96;572805194;15,18;SAT;NEGATIF;SAT;NEGATIF;ARTIYOR;SAT;SAT;NOTR;0;28.09.2026
ALCTL;izle;;12,2;2,4;3,0;6,8;10;0;zayif;59,3;22,1;23,9;asagi;zayif;zayif;asagi;0,87;-5,72;5;88;-5,83;29957928;106,64;SAT;NEGATIF;SAT;NEGATIF;ARTIYOR;AL;SAT;NOTR;1;28.09.2026
SEGYO;izle;;12,2;2,4;5,7;4,0;10;0;zayif;41,6;30,8;39,1;asagi;zayif;zayif;asagi;0,45;-4,88;4;2,83;-2,41;5508660;3,22;SAT;NEGATIF;SAT;NEGATIF;AZALIYOR;AL;AL;UCUZ (AL);2;28.09.2026
TATEN;izle;;12,2;2,4;4,0;5,7;6;0;zayif;40,1;19,5;42,2;asagi;zayif;zayif;asagi;0,80;-7,72;3;4,58;-8,76;72419757;6,19;SAT;NEGATIF;SAT;NEGATIF;AZALIYOR;AL;AL;UCUZ (AL);2;28.09.2026
ESCOM;izle;;12,2;5,4;3,9;2,8;0;0;zayif;31,4;31,5;32,4;asagi;zayif;zayif;asagi;0,87;-3,43;2;4,34;-3,98;62969824;5,11;SAT;NEGATIF;SAT;NEGATIF;ARTIYOR;SAT;SAT;NOTR;0;28.09.2026
BAGFS;izle;;12,1;2,4;1,7;8,0;10;1;zayif;32,1;29,9;31,5;asagi;zayif;zayif;asagi;0,65;-3,25;2;21,72;-6,62;13446961;26,11;SAT;NEGATIF;SAT;NEGATIF;ARTIYOR;SAT;SAT;NOTR;0;28.09.2026
ARZUM;izle;;12,1;2,4;1,3;8,4;10;0;zayif;31,5;22,1;17,3;asagi;zayif;zayif;asagi;1,20;-6,03;4;1,16;-6,45;12936876;1,39;SAT;NEGATIF;SAT;NEGATIF;ARTIYOR;AL;AL;UCUZ (AL);2;28.09.2026
AKENR;izle;;12,1;2,2;1,0;8,9;6;0;zayif;27,9;25,2;43,7;asagi;zayif;zayif;asagi;0,75;-4,11;3;8,31;-5,57;37232722;9,86;SAT;NEGATIF;SAT;NEGATIF;ARTIYOR;SAT;SAT;UCUZ (AL);0;28.09.2026
ENDAE;izle;;12,0;5,0;2,4;4,6;22;2;zayif;26,8;26,9;28,2;asagi;zayif;zayif;asagi;0,74;-2,97;2;14,05;-5,26;32338969;16,82;SAT;NEGATIF;SAT;NEGATIF;ARTIYOR;SAT;SAT;NOTR;0;28.09.2026
ZOREN;izle;;12,0;2,4;1,6;8,0;6;0;zayif;34,9;28,0;37,0;asagi;zayif;zayif;asagi;0,36;-3,43;3;1,97;-4,37;74516184;2,38;SAT;NEGATIF;SAT;NEGATIF;AZALIYOR;SAT;AL;UCUZ (AL);1;28.09.2026
HATSN;izle;;11,9;5,1;5,0;1,7;0;0;zayif;27,7;28,4;11,1;asagi;zayif;zayif;asagi;0,80;-4,32;2;33,38;-7,79;162777303;48,61;SAT;NEGATIF;SAT;NEGATIF;AZALIYOR;SAT;AL;NOTR;1;28.09.2026
GSDHO;izle;;11,8;1,5;8,2;2,2;6;0;zayif;23,0;35,8;44,9;asagi;zayif;zayif;asagi;0,83;-2,64;3;4,12;-1,67;44438110;4,71;SAT;NEGATIF;SAT;NEGATIF;ARTIYOR;AL;AL;NOTR;2;28.09.2026
LUKSK;izle;;11,8;2,4;1,2;8,1;10;0;zayif;35,5;20,6;14,2;asagi;zayif;zayif;asagi;1,19;-5,69;5;63,05;-8,16;6630527;76,69;SAT;NEGATIF;SAT;NEGATIF;ARTIYOR;AL;AL;UCUZ (AL);2;28.09.2026
ERSU;izle;;11,8;2,4;4,0;5,4;10;1;zayif;30,9;15,2;15,5;asagi;zayif;zayif;asagi;1,02;-5,91;2;13,09;-5,83;6791249;17,44;SAT;NEGATIF;SAT;NEGATIF;AZALIYOR;AL;SAT;UCUZ (AL);1;28.09.2026
MARMR;izle;;11,8;2,4;4,0;5,4;10;0;zayif;40,9;16,3;13,3;asagi;zayif;zayif;asagi;1,02;-6,14;5;1,44;-7,10;68238213;1,79;SAT;NEGATIF;SAT;NEGATIF;ARTIYOR;AL;SAT;NOTR;1;28.09.2026
EUPWR;izle;;11,7;5,4;4,7;1,5;10;1;zayif;36,1;32,7;47,5;asagi;zayif;zayif;asagi;0,79;-3,45;2;55,35;-10,00;1209348737;76,39;SAT;NEGATIF;SAT;NEGATIF;AZALIYOR;SAT;SAT;NOTR;0;28.09.2026
PAGYO;izle;;11,7;5,4;6,2;0,0;6;0;zayif;35,7;32,5;22,0;asagi;zayif;zayif;asagi;0,44;-3,39;3;119;-2,86;6656622;137,61;SAT;NEGATIF;SAT;NEGATIF;ARTIYOR;AL;AL;NOTR;2;28.09.2026
AVHOL;izle;;11,6;2,4;4,0;5,2;10;0;zayif;42,9;17,0;32,2;asagi;zayif;zayif;asagi;0,77;-4,96;5;25,92;-0,69;27144772;30,48;SAT;NEGATIF;SAT;NEGATIF;ARTIYOR;AL;SAT;UCUZ (AL);1;28.09.2026
PINSU;izle;;11,6;1,4;2,3;8,0;32;2;zayif;21,9;26,3;52,8;asagi;zayif;zayif;asagi;0,58;-3,23;4;8,79;-4,25;16449720;9,98;SAT;NEGATIF;SAT;NEGATIF;ARTIYOR;AL;AL;UCUZ (AL);2;28.09.2026
TBORG;izle;;11,6;1,3;10,3;0,0;6;0;zayif;21,8;34,7;25,5;asagi;zayif;zayif;asagi;0,31;-2,37;3;124,6;-2,35;8058131;140,26;SAT;NEGATIF;SAT;NEGATIF;AZALIYOR;SAT;SAT;UCUZ (AL);0;28.09.2026
IHGZT;izle;;11,6;1,5;2,2;8,0;0;0;zayif;22,8;28,6;57,6;asagi;zayif;zayif;asagi;0,24;-3,62;2;0,98;-3,92;7874960;1,17;SAT;NEGATIF;SAT;NEGATIF;AZALIYOR;SAT;SAT;UCUZ (AL);0;28.09.2026
ULUFA;izle;;11,6;2,4;2,4;6,8;6;0;zayif;29,8;25,2;19,9;asagi;zayif;zayif;asagi;1,11;-3,43;3;1,43;-3,38;29499685;1,63;SAT;NEGATIF;SAT;NEGATIF;ARTIYOR;SAT;SAT;UCUZ (AL);0;28.09.2026
CEMAS;izle;;11,6;2,0;5,6;4,0;10;0;zayif;27,0;30,2;22,3;asagi;zayif;zayif;asagi;0,46;-4,11;4;3,2;-4,19;15323389;3,85;SAT;NEGATIF;SAT;NEGATIF;AZALIYOR;SAT;SAT;NOTR;0;28.09.2026
GSRAY;izle;;11,6;2,4;0,0;9,1;10;0;zayif;39,7;15,4;4,5;asagi;zayif;zayif;asagi;1,25;-5,49;4;0,81;-7,95;154527134;0,95;SAT;NEGATIF;SAT;NEGATIF;ARTIYOR;SAT;AL;UCUZ (AL);1;28.09.2026
ANGEN;izle;;11,5;0,9;0,6;10,0;50;4;zayif;18,8;23,8;22,2;asagi;zayif;zayif;asagi;1,75;-4,92;5;6,74;-4,94;29992339;8,24;SAT;NEGATIF;NOTR;NEGATIF;ARTIYOR;SAT;AL;UCUZ (AL);1;28.09.2026
PENTA;izle;;11,5;2,4;0,0;9,2;42;3;zayif;29,3;15,3;19,4;asagi;zayif;zayif;asagi;1,25;-6,14;7;9,69;-5,46;21733120;11,36;SAT;NEGATIF;SAT;NEGATIF;ARTIYOR;SAT;SAT;UCUZ (AL);0;28.09.2026
INTEM;izle;;11,5;2,3;1,5;7,7;6;0;zayif;28,8;24,7;24,9;asagi;zayif;zayif;asagi;1,16;-3,99;3;198,4;-6,68;10931642;238,48;SAT;NEGATIF;SAT;NEGATIF;ARTIYOR;SAT;SAT;UCUZ (AL);0;28.09.2026
DOFRB;izle;;11,5;2,4;4,4;4,6;0;0;zayif;37,5;26,4;22,5;asagi;zayif;zayif;asagi;0,74;-5,48;2;80;-5,33;233140880;100,01;SAT;NEGATIF;SAT;NEGATIF;ARTIYOR;AL;AL;NOTR;2;28.09.2026
DAGI;izle;;11,5;5,4;4,0;2,0;6;0;zayif;44,4;18,0;5,0;asagi;zayif;zayif;asagi;0,82;-5,35;3;5,03;-9,86;28573956;7,43;SAT;NEGATIF;SAT;NEGATIF;ARTIYOR;SAT;SAT;NOTR;0;28.09.2026
GRNYO;izle;;11,5;2,4;0,7;8,3;0;0;zayif;36,5;22,2;38,4;asagi;zayif;zayif;asagi;1,20;-6,63;2;7,29;-9,33;5611806;9,98;SAT;NEGATIF;SAT;NEGATIF;ARTIYOR;SAT;SAT;UCUZ (AL);0;28.09.2026
ALKA;izle;;11,3;2,4;0,3;8,6;42;3;zayif;30,5;17,0;14,6;asagi;zayif;zayif;asagi;1,21;-5,93;6;6,07;-6,33;17266042;7,26;SAT;NEGATIF;SAT;NEGATIF;ARTIYOR;SAT;SAT;UCUZ (AL);0;28.09.2026
KORDS;izle;;11,3;5,4;4,7;1,1;10;0;zayif;33,0;27,5;13,5;asagi;zayif;zayif;asagi;0,77;-3,80;4;2,91;-5,21;80881346;3,68;SAT;NEGATIF;SAT;NEGATIF;AZALIYOR;AL;AL;NOTR;2;28.09.2026
KAREL;izle;;11,2;2,4;4,0;4,8;10;0;zayif;41,8;19,2;15,9;asagi;zayif;zayif;asagi;0,75;-5,98;6;5,76;-6,80;44710399;7,27;SAT;NEGATIF;SAT;NEGATIF;ARTIYOR;AL;SAT;UCUZ (AL);1;28.09.2026
SKBNK;izle;;11,2;2,3;8,9;0,0;20;1;zayif;29,0;28,0;32,7;asagi;zayif;zayif;asagi;0,57;-7,77;4;5,14;-5,69;353405090;6,14;AL;NEGATIF;SAT;NEGATIF;ARTIYOR;SAT;AL;NOTR;2;28.09.2026
LRSHO;izle;;11,2;1,7;1,6;7,9;6;0;zayif;24,4;17,0;29,4;asagi;zayif;zayif;asagi;1,18;-5,77;3;1,88;-5,53;36678642;2,25;SAT;NEGATIF;SAT;NEGATIF;ARTIYOR;SAT;SAT;UCUZ (AL);0;28.09.2026
ANSGR;izle;;11,0;4,6;5,0;1,5;0;0;zayif;23,7;28,5;53,7;asagi;zayif;zayif;asagi;0,74;-3,28;2;24,2;-2,58;66625262;26,72;SAT;NEGATIF;SAT;NEGATIF;ARTIYOR;SAT;SAT;NOTR;0;28.09.2026
ATSYH;izle;;11,0;4,8;5,8;0,4;16;1;zayif;25,2;31,0;12,4;asagi;zayif;zayif;asagi;0,73;-4,55;3;76,25;-9,98;2382203;100,19;SAT;NEGATIF;SAT;NEGATIF;ARTIYOR;SAT;AL;NOTR;1;28.09.2026
ICBCT;izle;;11,0;4,1;2,9;4,0;6;0;zayif;20,2;28,6;36,9;asagi;zayif;zayif;asagi;0,67;-3,94;3;15,84;-3,65;12408961;18,44;SAT;NEGATIF;SAT;NEGATIF;ARTIYOR;AL;SAT;NOTR;1;28.09.2026
AYCES;izle;;11,0;0,1;2,4;8,5;6;0;zayif;12,7;26,7;28,3;asagi;zayif;zayif;asagi;1,21;-4,70;3;359,25;-9,79;33398036;442,62;SAT;NEGATIF;NOTR;NEGATIF;ARTIYOR;SAT;SAT;NOTR;0;28.09.2026
KOTON;izle;;11,0;2,4;0,9;7,6;10;0;zayif;35,3;18,0;22,9;asagi;zayif;zayif;asagi;1,16;-6,32;4;10,18;-5,83;21365774;11,54;SAT;NEGATIF;SAT;NEGATIF;ARTIYOR;SAT;SAT;UCUZ (AL);0;28.09.2026
YYAPI;izle;;10,8;2,4;0,0;8,3;10;0;zayif;62,7;12,3;11,0;asagi;zayif;zayif;asagi;1,20;-10,00;4;0,55;-6,78;2738575;0,64;SAT;NEGATIF;SAT;NEGATIF;ARTIYOR;AL;SAT;UCUZ (AL);1;28.09.2026
DURKN;izle;;10,8;2,4;4,0;4,3;32;2;zayif;46,4;15,7;9,2;asagi;zayif;zayif;asagi;0,96;-6,73;4;10,93;-5,94;21081117;14,48;SAT;NEGATIF;SAT;NEGATIF;AZALIYOR;SAT;AL;NOTR;1;28.09.2026
SEYKM;izle;;10,7;2,4;0,0;8,2;10;0;zayif;40,0;12,6;14,1;asagi;zayif;zayif;asagi;1,19;-6,12;5;2,67;-6,97;4675133;3,53;SAT;NEGATIF;SAT;NEGATIF;ARTIYOR;AL;SAT;UCUZ (AL);1;28.09.2026
USHOL;izle;;10,6;5,2;5,4;0,0;6;0;zayif;28,3;34,9;45,9;asagi;zayif;zayif;asagi;0,69;-2,51;3;59,75;-6,20;25217488;76,85;SAT;NEGATIF;SAT;NEGATIF;AZALIYOR;AL;SAT;NOTR;1;28.09.2026
ULAS;izle;;10,6;2,4;0,3;7,9;10;0;zayif;31,0;16,0;20,0;asagi;zayif;zayif;asagi;1,17;-5,33;5;14,95;-8,79;3494682;19,22;SAT;NEGATIF;SAT;NEGATIF;ARTIYOR;SAT;AL;UCUZ (AL);1;28.09.2026
VBTYZ;izle;;10,5;5,4;1,1;4,0;40;5;zayif;32,9;27,7;12,1;asagi;zayif;zayif;asagi;0,60;-3,15;2;25,56;-7,99;25200959;32,59;SAT;NEGATIF;SAT;NEGATIF;ARTIYOR;SAT;SAT;NOTR;0;28.09.2026
PSGYO;izle;;10,4;2,4;4,0;4,0;6;0;zayif;35,8;19,4;21,4;asagi;zayif;zayif;asagi;0,68;-6,57;3;1,77;-9,69;161837415;2,32;SAT;NEGATIF;SAT;NEGATIF;ARTIYOR;AL;AL;NOTR;2;28.09.2026
SAFKR;izle;;10,4;2,4;4,0;4,0;10;0;zayif;55,3;19,6;17,2;asagi;zayif;zayif;asagi;0,45;-6,70;4;10,99;-1,70;27140102;13,12;SAT;NEGATIF;SAT;NEGATIF;AZALIYOR;AL;AL;UCUZ (AL);2;28.09.2026
OTTO;izle;;10,4;2,4;4,0;4,0;0;0;zayif;49,2;15,5;14,4;asagi;zayif;zayif;asagi;0,62;-7,16;1;86,8;-8,44;14487962;114,32;SAT;NEGATIF;SAT;NEGATIF;ARTIYOR;AL;AL;UCUZ (AL);2;28.09.2026
SURGY;izle;;10,4;2,4;8,0;0,0;10;0;zayif;45,5;10,8;25,8;asagi;zayif;zayif;asagi;0,51;-9,80;5;20,64;-5,23;27191611;26,11;AL;NEGATIF;SAT;NEGATIF;AZALIYOR;SAT;AL;UCUZ (AL);2;28.09.2026
DITAS;izle;;10,4;2,4;4,0;4,0;0;0;zayif;43,1;22,6;69,9;asagi;zayif;zayif;asagi;0,63;-7,01;2;9,36;-10,00;26993379;14,56;SAT;NEGATIF;SAT;NEGATIF;AZALIYOR;AL;AL;UCUZ (AL);2;28.09.2026
HEDEF;izle;;10,4;2,4;8,0;0,0;0;0;zayif;51,3;14,8;-0,0;asagi;zayif;zayif;asagi;0,05;-12,52;0;10,3;-9,97;3471893;24,17;AL;NEGATIF;SAT;NEGATIF;AZALIYOR;AL;AL;UCUZ (AL);3;28.09.2026
SUMAS;izle;;10,4;2,4;4,0;4,0;0;0;zayif;38,9;24,4;24,4;asagi;zayif;zayif;asagi;0,31;-7,14;1;210,1;-2,05;197914;234,63;SAT;NEGATIF;SAT;NEGATIF;ARTIYOR;AL;AL;NOTR;2;28.09.2026
LIDER;izle;;10,4;2,4;8,0;0,0;0;0;zayif;59,8;12,3;39,4;asagi;zayif;zayif;asagi;0,15;-13,86;1;8,41;-9,96;13779482;14,11;AL;NEGATIF;SAT;NEGATIF;AZALIYOR;SAT;AL;UCUZ (AL);2;28.09.2026
ALVES;izle;;10,4;2,4;4,0;4,0;0;0;zayif;52,4;13,1;63,7;asagi;zayif;zayif;asagi;0,23;-12,41;1;0,59;0,00;6969876;0,78;SAT;NEGATIF;SAT;NEGATIF;AZALIYOR;AL;SAT;UCUZ (AL);1;28.09.2026
MAGEN;izle;;10,4;2,4;0,0;8,0;32;3;zayif;33,1;14,3;26,7;asagi;zayif;zayif;asagi;0,01;-8,31;1;14,5;-9,99;1653073;21,02;SAT;NEGATIF;SAT;NEGATIF;AZALIYOR;SAT;SAT;UCUZ (AL);0;28.09.2026
TERA;izle;;10,4;2,4;0,0;8,0;10;1;zayif;38,8;17,2;93,4;asagi;zayif;zayif;asagi;0,00;-8,20;0;86,95;-9,99;940451;120,90;SAT;NEGATIF;SAT;NEGATIF;AZALIYOR;SAT;SAT;UCUZ (AL);0;28.09.2026
KRONT;izle;;10,4;5,2;4,3;0,9;6;0;zayif;28,2;31,9;20,4;asagi;zayif;zayif;asagi;0,75;-2,92;3;18,1;-7,27;20045062;22,93;SAT;NEGATIF;SAT;NEGATIF;ARTIYOR;AL;AL;NOTR;2;28.09.2026
YUNSA;izle;;10,3;2,4;3,9;4,0;0;0;zayif;42,7;29,3;37,0;asagi;zayif;zayif;asagi;0,55;-4,96;2;6,34;-6,63;18790276;7,32;SAT;NEGATIF;SAT;NEGATIF;ARTIYOR;AL;AL;NOTR;2;28.09.2026
TABGD;izle;;10,3;1,6;7,5;1,3;0;0;zayif;23,6;34,2;28,3;asagi;zayif;zayif;asagi;0,76;-2,50;1;215;-2,36;123238860;242,16;SAT;NEGATIF;SAT;NEGATIF;ARTIYOR;SAT;AL;NOTR;1;28.09.2026
GSDDE;izle;;10,2;3,4;6,8;0,0;0;0;zayif;14,8;36,9;38,1;asagi;zayif;zayif;asagi;0,58;-1,85;2;11,58;-7,21;26723907;14,33;SAT;NEGATIF;NOTR;NEGATIF;ARTIYOR;SAT;AL;NOTR;1;28.09.2026
QNBTR;izle;;10,2;2,4;1,1;6,7;0;0;zayif;60,9;22,9;36,5;asagi;zayif;zayif;asagi;1,10;-8,71;2;156,8;-5,54;2295082;171,92;SAT;NEGATIF;SAT;NEGATIF;ARTIYOR;AL;SAT;UCUZ (AL);1;28.09.2026
GESAN;izle;;10,2;5,4;4,3;0,4;10;1;zayif;40,7;25,9;20,5;asagi;zayif;zayif;asagi;0,73;-4,79;1;43,48;-6,53;718741966;58,47;SAT;NEGATIF;SAT;NEGATIF;AZALIYOR;SAT;SAT;NOTR;0;28.09.2026
IZMDC;izle;;10,0;5,4;4,6;0,0;10;0;zayif;37,7;27,0;24,6;asagi;zayif;zayif;asagi;0,66;-4,67;4;6,75;-3,16;58545545;8,91;SAT;NEGATIF;SAT;NEGATIF;AZALIYOR;AL;SAT;NOTR;1;28.09.2026
KMPUR;izle;;10,0;2,4;1,6;6,0;6;0;zayif;39,1;23,3;33,2;asagi;zayif;zayif;asagi;1,06;-4,42;3;13,68;-9,94;30357876;17,79;SAT;NEGATIF;SAT;NEGATIF;ARTIYOR;SAT;SAT;NOTR;0;28.09.2026
MERCN;izle;;9,9;2,4;2,2;5,2;10;0;zayif;33,4;27,0;35,5;asagi;zayif;zayif;asagi;0,77;-4,90;4;12,97;-9,99;52677577;17,08;SAT;NEGATIF;SAT;NEGATIF;ARTIYOR;SAT;SAT;NOTR;0;28.09.2026
ATAKP;izle;;9,9;2,4;3,3;4,2;6;0;zayif;46,6;26,2;36,2;asagi;zayif;zayif;asagi;0,95;-5,26;3;34,58;-5,26;12600952;38,97;SAT;NEGATIF;SAT;NEGATIF;ARTIYOR;AL;AL;UCUZ (AL);2;28.09.2026
PARSN;izle;;9,9;2,4;1,1;6,3;6;0;zayif;31,9;23,1;11,1;asagi;zayif;zayif;asagi;0,84;-4,74;3;59,65;-2,77;13286381;67,31;SAT;NEGATIF;SAT;NEGATIF;ARTIYOR;SAT;SAT;UCUZ (AL);0;28.09.2026
PETUN;izle;;9,9;2,2;7,7;0,0;42;3;zayif;28,2;34,8;40,0;asagi;zayif;zayif;asagi;0,67;-2,26;5;10,14;-3,43;18119237;11,81;SAT;NEGATIF;SAT;NEGATIF;ARTIYOR;SAT;SAT;NOTR;0;28.09.2026
YBTAS;izle;;9,9;2,4;0,0;7,4;10;0;zayif;58,4;10,1;7,4;asagi;zayif;zayif;asagi;1,15;-10,11;6;9,71;-9,93;784403;11,40;SAT;NEGATIF;SAT;NEGATIF;ARTIYOR;SAT;SAT;UCUZ (AL);0;28.09.2026
GATEG;izle;;9,8;2,4;7,4;0,0;0;0;zayif;32,7;36,3;57,7;asagi;zayif;zayif;asagi;0,49;-4,34;0;194,7;1,04;4075655;213,50;SAT;NEGATIF;SAT;NEGATIF;AZALIYOR;AL;AL;UCUZ (AL);2;28.09.2026
BTCIM;izle;;9,8;2,4;4,0;3,3;10;0;zayif;64,9;11,2;36,4;asagi;zayif;zayif;asagi;0,90;-7,86;4;2,07;-9,61;375603746;2,92;SAT;NEGATIF;SAT;NEGATIF;AZALIYOR;AL;SAT;UCUZ (AL);1;28.09.2026
HURGZ;izle;;9,8;4,7;0,4;4,7;16;1;zayif;24,5;25,7;41,5;asagi;zayif;zayif;asagi;0,98;-3,51;3;5,4;-10,00;40640314;7,21;SAT;NEGATIF;SAT;NEGATIF;ARTIYOR;SAT;SAT;NOTR;0;28.09.2026
CWENE;izle;;9,8;2,4;3,3;4,0;0;0;zayif;30,2;28,9;25,5;asagi;zayif;zayif;asagi;0,07;-4,84;2;22,28;-9,94;63885806;28,29;SAT;NEGATIF;SAT;NEGATIF;ARTIYOR;AL;SAT;NOTR;1;28.09.2026
ISBIR;izle;;9,7;2,4;0,2;7,1;6;0;zayif;29,5;25,7;25,8;asagi;zayif;zayif;asagi;0,89;-5,75;3;58;-3,73;1051018;64,77;SAT;NEGATIF;SAT;NEGATIF;ARTIYOR;SAT;SAT;UCUZ (AL);0;28.09.2026
CATES;izle;;9,5;5,4;4,1;0,0;0;0;zayif;42,9;25,2;42,7;asagi;zayif;zayif;asagi;0,65;-4,51;2;32,4;-3,91;65129216;45,49;SAT;NEGATIF;SAT;NEGATIF;AZALIYOR;SAT;AL;NOTR;1;28.09.2026
DESPC;izle;;9,5;2,4;5,4;1,6;6;0;zayif;31,6;29,8;30,1;asagi;zayif;zayif;asagi;0,80;-3,79;3;30,48;-5,40;12111076;37,22;SAT;NEGATIF;SAT;NEGATIF;ARTIYOR;AL;AL;UCUZ (AL);2;28.09.2026
AKSUE;izle;;9,4;5,4;4,0;0,0;10;0;zayif;53,4;21,2;17,5;asagi;zayif;zayif;asagi;0,68;-7,08;4;16,29;-9,50;40298169;23,54;SAT;NEGATIF;SAT;NEGATIF;AZALIYOR;AL;SAT;NOTR;1;28.09.2026
KTLEV;izle;;9,4;5,4;4,0;0,0;0;0;zayif;47,7;20,2;56,1;asagi;zayif;zayif;asagi;0,03;-7,66;0;11,85;-9,95;35757411;21,40;SAT;NEGATIF;SAT;NEGATIF;AZALIYOR;SAT;SAT;NOTR;0;28.09.2026
PKART;izle;;9,4;5,4;4,0;0,0;0;0;zayif;35,2;22,9;7,8;asagi;zayif;zayif;asagi;0,37;-4,43;2;85,05;-4,28;16036943;105,64;SAT;NEGATIF;SAT;NEGATIF;AZALIYOR;AL;SAT;NOTR;1;28.09.2026
SEKUR;izle;;9,4;5,4;4,0;0,0;0;0;zayif;40,8;12,1;12,0;asagi;zayif;zayif;asagi;0,20;-8,49;1;3,55;-9,90;1111278;5,32;SAT;NEGATIF;SAT;NEGATIF;AZALIYOR;AL;AL;NOTR;2;28.09.2026
PRZMA;izle;;9,4;5,4;4,0;0,0;0;0;zayif;33,8;20,7;0,0;asagi;zayif;zayif;asagi;0,01;-6,17;0;27,14;-9,95;155784;43,48;SAT;NEGATIF;SAT;NEGATIF;AZALIYOR;SAT;AL;NOTR;1;28.09.2026
VANGD;izle;;9,4;5,4;0,0;4,0;0;0;zayif;36,6;18,5;32,9;asagi;zayif;zayif;asagi;0,58;-5,37;2;54,65;-9,97;6255458;75,94;SAT;NEGATIF;SAT;NEGATIF;ARTIYOR;AL;SAT;NOTR;1;28.09.2026
INFO;izle;;9,4;5,4;4,0;0,0;0;0;zayif;36,6;18,9;56,7;asagi;zayif;zayif;asagi;0,04;-7,35;1;0,97;-9,35;3090773;1,54;SAT;NEGATIF;SAT;NEGATIF;AZALIYOR;SAT;AL;UCUZ (AL);1;28.09.2026
EDATA;izle;;9,4;5,4;4,0;0,0;0;0;zayif;38,9;11,3;13,9;asagi;zayif;zayif;asagi;0,06;-8,36;2;6,65;-9,89;1152598;9,89;SAT;NEGATIF;SAT;NEGATIF;AZALIYOR;SAT;AL;NOTR;1;28.09.2026
BRMEN;izle;;9,4;5,4;4,0;0,0;0;0;zayif;53,9;21,7;6,9;asagi;zayif;zayif;asagi;0,35;-7,37;2;6,84;-6,56;1269593;9,17;SAT;NEGATIF;SAT;NEGATIF;AZALIYOR;AL;AL;NOTR;2;28.09.2026
ODINE;izle;;9,4;5,4;4,0;0,0;0;0;zayif;48,7;14,9;-0,0;asagi;zayif;zayif;asagi;0,05;-10,57;0;246,2;-9,98;675819;498,74;SAT;NEGATIF;SAT;NEGATIF;AZALIYOR;AL;SAT;NOTR;1;28.09.2026
EKSUN;izle;;9,4;2,4;1,6;5,4;28;2;zayif;33,9;24,9;30,4;asagi;zayif;zayif;asagi;0,78;-5,19;3;4,31;-6,91;10805674;5,15;SAT;NEGATIF;SAT;NEGATIF;ARTIYOR;AL;SAT;NOTR;1;28.09.2026
CUSAN;izle;;9,4;2,4;4,4;2,6;10;0;zayif;29,7;26,2;12,7;asagi;zayif;zayif;asagi;0,86;-3,71;4;18,8;-2,59;10912554;22,04;SAT;NEGATIF;SAT;NEGATIF;ARTIYOR;SAT;AL;NOTR;1;28.09.2026
INGRM;izle;;9,4;0,9;4,5;4,0;0;0;zayif;18,9;26,5;20,7;asagi;zayif;zayif;asagi;0,32;-3,19;2;314,75;-0,16;7181021;364,79;SAT;NEGATIF;NOTR;NEGATIF;ARTIYOR;AL;AL;UCUZ (AL);2;28.09.2026
EDIP;izle;;9,3;1,2;4,0;4,0;40;5;zayif;21,1;32,4;38,4;asagi;zayif;zayif;asagi;0,30;-2,81;2;30,14;-5,22;17306267;35,37;SAT;NEGATIF;SAT;NEGATIF;ARTIYOR;SAT;SAT;NOTR;0;28.09.2026
KIMMR;izle;;9,2;2,4;4,0;2,7;0;0;zayif;47,3;20,5;18,1;asagi;zayif;zayif;asagi;0,86;-5,27;2;11,02;-2,74;9558473;12,43;SAT;NEGATIF;SAT;NEGATIF;ARTIYOR;AL;SAT;NOTR;1;28.09.2026
CANTE;izle;;9,2;2,4;2,7;4,0;6;0;zayif;33,2;31,6;49,5;asagi;zayif;zayif;asagi;0,65;-3,26;3;1,03;-9,65;288301230;1,31;SAT;NEGATIF;SAT;NEGATIF;ARTIYOR;SAT;SAT;UCUZ (AL);0;28.09.2026
COSMO;izle;;9,1;2,4;4,0;2,6;6;0;zayif;31,5;19,6;20,2;asagi;zayif;zayif;asagi;0,86;-4,58;3;84,8;-4,34;3118605;106,75;SAT;NEGATIF;SAT;NEGATIF;ARTIYOR;SAT;AL;UCUZ (AL);1;28.09.2026
DOFER;izle;;9,1;2,4;4,0;2,6;10;0;zayif;37,7;20,3;18,1;asagi;zayif;zayif;asagi;0,86;-5,56;5;21,52;-2,45;8499130;24,70;SAT;NEGATIF;SAT;NEGATIF;ARTIYOR;AL;AL;UCUZ (AL);2;28.09.2026
SRVGY;izle;;8,9;2,3;2,6;4,0;10;0;zayif;28,6;28,1;27,2;asagi;zayif;zayif;asagi;0,56;-4,18;4;2,09;-4,13;19496392;2,37;SAT;NEGATIF;SAT;NEGATIF;ARTIYOR;SAT;SAT;UCUZ (AL);0;28.09.2026
AKFYE;izle;;8,9;3,2;5,1;0,6;6;0;zayif;13,5;35,9;52,1;asagi;zayif;zayif;asagi;0,74;-1,97;3;3,33;-6,46;174196346;4,25;SAT;NEGATIF;NOTR;NEGATIF;ARTIYOR;SAT;SAT;NOTR;0;28.09.2026
BRLSM;izle;;8,9;4,4;4,5;0,0;0;0;zayif;22,2;26,6;4,0;asagi;zayif;zayif;asagi;0,31;-3,79;2;11,78;-9,80;46976814;16,35;SAT;NEGATIF;SAT;NEGATIF;AZALIYOR;SAT;SAT;NOTR;0;28.09.2026
BYDNR;izle;;8,8;2,4;4,0;2,4;0;0;zayif;43,0;19,1;24,2;asagi;zayif;zayif;asagi;0,84;-5,53;2;22,2;2,97;15277707;27,02;SAT;NEGATIF;SAT;NEGATIF;ARTIYOR;AL;AL;NOTR;2;28.09.2026
AYEN;izle;;8,8;1,3;2,6;4,8;10;0;zayif;21,7;27,9;47,3;asagi;zayif;zayif;asagi;0,99;-4,14;4;26,14;-5,43;13933953;30,01;SAT;NEGATIF;SAT;NEGATIF;ARTIYOR;SAT;SAT;NOTR;0;28.09.2026
GEDZA;izle;;8,8;2,4;0,8;5,6;32;2;zayif;38,5;19,5;6,3;asagi;zayif;zayif;asagi;1,03;-5,23;4;21,94;-5,76;8241169;25,44;SAT;NEGATIF;SAT;NEGATIF;ARTIYOR;SAT;SAT;NOTR;0;28.09.2026
KENT;izle;;8,8;2,4;0,3;6,0;10;0;zayif;38,8;22,0;12,4;asagi;zayif;zayif;asagi;1,06;-5,61;4;271,5;-6,38;1252430;320,35;SAT;NEGATIF;SAT;NEGATIF;ARTIYOR;SAT;AL;UCUZ (AL);1;28.09.2026
BOBET;izle;;8,8;2,4;6,3;0,0;32;2;zayif;34,7;32,7;37,2;asagi;zayif;zayif;asagi;0,28;-2,91;4;15,94;-4,55;29369004;19,97;SAT;NEGATIF;SAT;NEGATIF;AZALIYOR;SAT;SAT;UCUZ (AL);0;28.09.2026
HUBVC;izle;;8,8;2,4;4,0;2,3;10;0;zayif;43,3;12,0;5,8;asagi;zayif;zayif;asagi;0,84;-6,16;4;1,46;-7,59;3077930;1,97;SAT;NEGATIF;SAT;NEGATIF;AZALIYOR;AL;AL;UCUZ (AL);2;28.09.2026
MACKO;izle;;8,8;2,3;0,0;6,4;6;0;zayif;29,2;18,3;12,2;asagi;zayif;zayif;asagi;1,09;-4,71;3;25,06;-6,84;19245178;31,12;SAT;NEGATIF;SAT;NEGATIF;ARTIYOR;SAT;AL;NOTR;1;28.09.2026
KLSER;izle;;8,7;2,4;0,6;5,6;10;0;zayif;31,2;19,6;15,3;asagi;zayif;zayif;asagi;1,04;-6,60;5;18,84;-5,14;20105558;21,36;SAT;NEGATIF;SAT;NEGATIF;ARTIYOR;AL;SAT;UCUZ (AL);1;28.09.2026
LIDFA;izle;;8,7;0,9;7,8;0,0;0;0;zayif;18,9;36,6;51,6;asagi;zayif;zayif;asagi;0,50;-2,40;2;1,53;-3,16;13740047;1,70;SAT;NEGATIF;NOTR;NEGATIF;AZALIYOR;SAT;SAT;NOTR;0;28.09.2026
LINK;izle;;8,7;2,4;0,8;5,4;10;0;zayif;45,6;19,8;25,4;asagi;zayif;zayif;asagi;1,02;-6,34;5;3,59;-9,80;59436708;4,59;SAT;NEGATIF;SAT;NEGATIF;ARTIYOR;AL;SAT;UCUZ (AL);1;28.09.2026
OYLUM;izle;;8,6;2,4;4,0;2,2;10;0;zayif;33,2;24,9;24,2;asagi;zayif;zayif;asagi;0,83;-3,25;5;6,07;-1,78;2413893;6,99;SAT;NEGATIF;SAT;NEGATIF;AZALIYOR;AL;AL;UCUZ (AL);2;28.09.2026
EMNIS;izle;;8,6;1,0;3,6;4,0;0;0;zayif;19,1;32,2;25,7;asagi;zayif;zayif;asagi;0,69;-4,37;2;130,5;-6,79;616874;146,11;SAT;NEGATIF;NOTR;NEGATIF;ARTIYOR;SAT;SAT;UCUZ (AL);0;28.09.2026
SANEL;izle;;8,6;4,6;4,0;0,0;0;0;zayif;23,9;28,5;30,2;asagi;zayif;zayif;asagi;0,60;-3,58;2;38,08;-5,41;9013231;50,78;SAT;NEGATIF;SAT;NEGATIF;AZALIYOR;AL;SAT;NOTR;1;28.09.2026
AGYO;izle;;8,5;0,7;4,2;3,6;16;1;zayif;17,1;28,1;29,7;asagi;zayif;zayif;asagi;0,92;-2,63;3;6,55;-5,48;1842528;7,77;SAT;NEGATIF;NOTR;NEGATIF;ARTIYOR;SAT;SAT;NOTR;0;28.09.2026
BAYRK;izle;;8,5;2,4;0,0;6,0;10;0;zayif;34,9;15,4;3,8;asagi;zayif;zayif;asagi;1,06;-6,48;6;2,76;-7,38;13627403;3,44;SAT;NEGATIF;SAT;NEGATIF;ARTIYOR;AL;AL;UCUZ (AL);2;28.09.2026
YAYLA;izle;;8,4;2,4;4,0;2,0;6;0;zayif;34,3;23,5;20,6;asagi;zayif;zayif;asagi;0,82;-4,93;3;14,85;-6,90;12798458;18,89;SAT;NEGATIF;SAT;NEGATIF;ARTIYOR;SAT;AL;UCUZ (AL);1;28.09.2026
MTRYO;izle;;8,4;1,2;7,1;0,0;6;0;zayif;21,2;35,4;59,3;asagi;zayif;zayif;asagi;0,52;-2,00;3;7,88;-5,85;1272636;9,34;SAT;NEGATIF;SAT;NEGATIF;AZALIYOR;SAT;SAT;UCUZ (AL);0;28.09.2026
REEDR;izle;;8,4;2,4;0,0;5,9;0;0;zayif;30,7;9,8;35,1;asagi;zayif;zayif;asagi;1,05;-7,51;2;3,58;-9,82;84631476;4,59;SAT;NEGATIF;SAT;NEGATIF;ARTIYOR;AL;SAT;UCUZ (AL);1;28.09.2026
IHEVA;izle;;8,4;2,0;1,0;5,3;6;0;zayif;26,9;26,2;41,8;asagi;zayif;zayif;asagi;1,02;-4,36;3;1,57;-7,10;2897361;1,89;SAT;NEGATIF;SAT;NEGATIF;ARTIYOR;SAT;AL;UCUZ (AL);1;28.09.2026
MAKTK;izle;;8,3;2,4;4,0;1,8;10;0;zayif;36,2;18,5;20,0;asagi;zayif;zayif;asagi;0,81;-6,33;6;6,6;-6,25;15513359;8,13;SAT;NEGATIF;SAT;NEGATIF;ARTIYOR;SAT;AL;UCUZ (AL);1;28.09.2026
IHYAY;izle;;8,3;1,6;6,6;0,0;0;0;zayif;24,1;33,7;47,2;asagi;zayif;zayif;asagi;0,56;-3,56;2;1,03;-1,90;1973451;1,23;SAT;NEGATIF;SAT;NEGATIF;AZALIYOR;SAT;AL;UCUZ (AL);1;28.09.2026
GOZDE;izle;;8,2;1,8;6,4;0,0;0;0;zayif;25,2;33,2;43,5;asagi;zayif;zayif;asagi;0,31;-2,91;1;19,37;-2,17;8150257;22,12;SAT;NEGATIF;SAT;NEGATIF;AZALIYOR;SAT;AL;NOTR;1;28.09.2026
VKING;izle;;8,0;2,4;4,0;1,6;10;0;zayif;45,1;24,3;37,9;asagi;zayif;zayif;asagi;0,80;-4,15;4;16,28;-7,13;4613052;19,58;SAT;NEGATIF;SAT;NEGATIF;ARTIYOR;AL;AL;UCUZ (AL);2;28.09.2026
RNPOL;izle;;8,0;2,4;5,5;0,0;28;2;zayif;32,8;36,0;16,4;asagi;zayif;zayif;asagi;0,52;-2,31;3;1,94;-6,73;3548889;2,41;SAT;NEGATIF;SAT;NEGATIF;ARTIYOR;SAT;AL;NOTR;1;28.09.2026
SAYAS;izle;;7,9;5,2;2,8;0,0;0;0;zayif;28,1;30,1;14,7;asagi;zayif;zayif;asagi;0,64;-3,02;2;42,7;-5,70;46463962;52,08;SAT;NEGATIF;SAT;NEGATIF;AZALIYOR;SAT;SAT;NOTR;0;28.09.2026
DYOBY;izle;;7,9;2,4;0,2;5,2;50;5;zayif;35,5;19,9;20,5;asagi;zayif;zayif;asagi;1,01;-5,14;5;10,32;-5,32;13607746;12,16;SAT;NEGATIF;SAT;NEGATIF;ARTIYOR;SAT;SAT;NOTR;0;28.09.2026
JANTS;izle;;7,9;2,4;5,5;0,0;10;0;zayif;29,7;32,5;18,9;asagi;zayif;zayif;asagi;0,42;-2,67;4;13,64;-5,61;24569882;16,03;SAT;NEGATIF;SAT;NEGATIF;ARTIYOR;SAT;SAT;UCUZ (AL);0;28.09.2026
PNLSN;izle;;7,9;2,4;4,0;1,4;10;0;zayif;33,8;20,1;17,3;asagi;zayif;zayif;asagi;0,79;-4,79;5;32,36;-3,69;13816296;37,69;SAT;NEGATIF;SAT;NEGATIF;ARTIYOR;AL;AL;NOTR;2;28.09.2026
BURCE;izle;;7,8;2,0;1,8;4,0;10;1;zayif;26,9;24,4;19,2;asagi;zayif;zayif;asagi;0,45;-4,72;2;25,34;-5,31;16468719;31,22;SAT;NEGATIF;SAT;NEGATIF;AZALIYOR;AL;AL;UCUZ (AL);2;28.09.2026
BEGYO;izle;;7,8;2,4;1,5;3,8;10;0;zayif;30,8;25,3;38,2;asagi;zayif;zayif;asagi;0,93;-4,90;4;2,62;-6,09;9520779;3,14;SAT;NEGATIF;SAT;NEGATIF;ARTIYOR;SAT;SAT;UCUZ (AL);0;28.09.2026
GENTS;izle;;7,7;2,4;1,3;4,0;10;0;zayif;30,9;21,0;17,5;asagi;zayif;zayif;asagi;0,52;-5,20;4;4,11;-5,73;10944909;4,86;SAT;NEGATIF;SAT;NEGATIF;ARTIYOR;SAT;SAT;UCUZ (AL);0;28.09.2026
KAYSE;izle;;7,7;2,4;0,3;5,0;10;0;zayif;37,4;19,6;10,7;asagi;zayif;zayif;asagi;1,00;-4,73;6;3,15;-5,97;27041405;3,71;SAT;NEGATIF;SAT;NEGATIF;ARTIYOR;SAT;AL;UCUZ (AL);1;28.09.2026
ACSEL;izle;;7,7;2,4;1,2;4,0;10;0;zayif;40,0;23,9;15,0;asagi;zayif;zayif;asagi;0,70;-5,14;4;86,9;-4,61;9076010;103,50;SAT;NEGATIF;SAT;NEGATIF;ARTIYOR;AL;SAT;NOTR;1;28.09.2026
RODRG;izle;;7,6;2,4;4,0;1,2;10;0;zayif;35,7;23,2;3,0;asagi;zayif;zayif;asagi;0,77;-4,43;5;16,98;-5,67;3251212;21,46;SAT;NEGATIF;SAT;NEGATIF;AZALIYOR;SAT;AL;NOTR;1;28.09.2026
KLNMA;izle;;7,6;1,1;4,9;1,6;6;0;zayif;20,3;28,0;17,9;asagi;guclu;zayif;asagi;0,79;-5,55;3;8,05;-3,01;1121124;8,60;SAT;NEGATIF;SAT;NEGATIF;ARTIYOR;SAT;SAT;NOTR;0;28.09.2026
KZGYO;izle;;7,6;2,4;5,2;0,0;0;0;zayif;34,0;28,9;52,1;asagi;zayif;zayif;asagi;0,32;-3,93;1;14,7;-2,00;27242069;19,63;SAT;NEGATIF;SAT;NEGATIF;AZALIYOR;SAT;SAT;UCUZ (AL);0;28.09.2026
BIENY;izle;;7,5;2,4;4,0;1,1;10;0;zayif;31,7;19,8;18,7;asagi;zayif;zayif;asagi;0,77;-5,08;4;15,3;-5,50;19998049;18,41;SAT;NEGATIF;SAT;NEGATIF;ARTIYOR;SAT;AL;UCUZ (AL);1;28.09.2026
ATLAS;izle;;7,5;1,2;3,3;3,0;22;2;zayif;20,6;30,3;38,7;asagi;zayif;zayif;asagi;0,88;-3,27;2;4,83;-7,65;5228852;6,62;SAT;NEGATIF;SAT;NEGATIF;AZALIYOR;SAT;SAT;NOTR;0;28.09.2026
KTSKR;izle;;7,5;2,4;4,0;1,0;10;0;zayif;37,9;20,1;8,3;asagi;zayif;zayif;asagi;0,76;-5,96;5;58,8;-4,78;14925380;70,50;SAT;NEGATIF;SAT;NEGATIF;ARTIYOR;AL;SAT;NOTR;1;28.09.2026
TEZOL;izle;;7,5;2,4;2,5;2,5;10;0;zayif;44,3;18,5;26,2;asagi;zayif;zayif;asagi;0,85;-7,82;4;7,17;-3,76;22173175;8,33;SAT;NEGATIF;SAT;NEGATIF;ARTIYOR;SAT;SAT;UCUZ (AL);0;28.09.2026
LKMNH;izle;;7,4;2,4;5,0;0,0;10;1;zayif;39,2;35,0;68,2;asagi;zayif;zayif;asagi;0,55;-3,31;2;11,43;-6,92;17661190;13,59;SAT;NEGATIF;SAT;NEGATIF;ARTIYOR;SAT;SAT;UCUZ (AL);0;28.09.2026
SILVR;izle;;7,3;2,4;0,7;4,2;10;0;zayif;35,9;15,2;13,0;asagi;zayif;zayif;asagi;0,95;-4,80;4;1,68;-5,08;2661676;2,03;SAT;NEGATIF;SAT;NEGATIF;ARTIYOR;AL;AL;UCUZ (AL);2;28.09.2026
MNDRS;izle;;7,3;2,0;1,4;3,9;10;0;zayif;26,7;28,0;34,6;asagi;zayif;zayif;asagi;0,94;-3,91;4;9,27;-4,04;22633901;10,64;SAT;NEGATIF;SAT;NEGATIF;ARTIYOR;SAT;SAT;UCUZ (AL);0;28.09.2026
SUNTK;izle;;7,3;2,4;4,9;0,0;10;0;zayif;35,4;27,9;28,9;asagi;zayif;zayif;asagi;0,69;-3,67;4;25,24;-6,17;15068558;32,24;SAT;NEGATIF;SAT;NEGATIF;ARTIYOR;AL;AL;UCUZ (AL);2;28.09.2026
KLMSN;izle;;7,3;2,4;4,0;0,8;6;0;zayif;34,6;20,2;17,5;asagi;zayif;zayif;asagi;0,75;-5,01;3;21,78;-4,39;10020455;25,40;SAT;NEGATIF;SAT;NEGATIF;ARTIYOR;AL;AL;UCUZ (AL);2;28.09.2026
ADESE;izle;;7,3;2,4;0,4;4,5;6;0;zayif;36,0;19,6;15,5;asagi;zayif;zayif;asagi;0,97;-5,42;3;0,64;-8,57;78182821;0,78;SAT;NEGATIF;SAT;NEGATIF;ARTIYOR;SAT;SAT;UCUZ (AL);0;28.09.2026
DNISI;izle;;7,2;0,8;2,7;3,8;10;0;zayif;17,7;30,6;45,0;asagi;zayif;zayif;asagi;0,93;-2,94;5;3,86;-5,85;13828763;4,62;SAT;NEGATIF;NOTR;NEGATIF;ARTIYOR;SAT;SAT;NOTR;0;28.09.2026
GLRYH;izle;;7,2;2,4;4,0;0,7;6;0;zayif;35,8;18,8;11,1;asagi;zayif;zayif;asagi;0,74;-6,30;3;1,76;-3,30;13414680;2,33;SAT;NEGATIF;SAT;NEGATIF;AZALIYOR;SAT;SAT;UCUZ (AL);0;28.09.2026
IDGYO;izle;;7,2;2,4;4,0;0,7;10;0;zayif;40,7;29,9;30,1;asagi;zayif;zayif;asagi;0,74;-4,59;4;2,21;-7,92;2392223;2,83;SAT;NEGATIF;SAT;NEGATIF;ARTIYOR;AL;AL;UCUZ (AL);2;28.09.2026
SNGYO;izle;;7,1;1,7;2,7;2,8;10;0;zayif;24,3;28,3;22,4;asagi;zayif;zayif;asagi;0,87;-3,72;4;2,63;-3,66;74476532;3,07;SAT;NEGATIF;SAT;NEGATIF;ARTIYOR;SAT;SAT;UCUZ (AL);0;28.09.2026
FENER;izle;;7,1;2,4;0,7;3,9;10;0;zayif;32,7;21,0;20,1;asagi;zayif;zayif;asagi;0,94;-5,55;5;2,31;-5,71;221091299;2,72;SAT;NEGATIF;SAT;NEGATIF;ARTIYOR;SAT;AL;NOTR;1;28.09.2026
ELITE;izle;;7,1;2,4;1,1;3,5;10;0;zayif;44,5;16,6;21,8;asagi;zayif;zayif;asagi;0,91;-6,72;4;19,65;-6,25;20886358;23,31;SAT;NEGATIF;SAT;NEGATIF;ARTIYOR;AL;AL;UCUZ (AL);2;28.09.2026
SUWEN;izle;;7,1;1,9;1,2;4,0;16;1;zayif;25,7;26,6;30,0;asagi;zayif;zayif;asagi;0,21;-3,45;3;4,96;-5,88;8689632;6,30;SAT;NEGATIF;SAT;NEGATIF;AZALIYOR;SAT;AL;UCUZ (AL);1;28.09.2026
ATAGY;izle;;7,1;2,4;1,6;3,0;10;0;zayif;44,1;20,3;41,7;asagi;zayif;zayif;asagi;0,88;-3,89;6;8,4;-4,55;1380658;9,96;SAT;NEGATIF;SAT;NEGATIF;ARTIYOR;SAT;SAT;UCUZ (AL);0;28.09.2026
SELVA;izle;;7,0;2,4;4,0;0,5;10;0;zayif;35,8;18,9;15,2;asagi;zayif;zayif;asagi;0,73;-6,69;4;1,16;-3,33;15869051;1,35;SAT;NEGATIF;SAT;NEGATIF;ARTIYOR;AL;SAT;UCUZ (AL);1;28.09.2026
BVSAN;izle;;6,9;1,8;5,2;0,0;0;0;zayif;25,1;28,9;46,2;asagi;zayif;zayif;asagi;0,40;-4,30;2;74,45;-6,41;48188730;98,68;SAT;NEGATIF;SAT;NEGATIF;AZALIYOR;SAT;AL;NOTR;1;28.09.2026
TARKM;izle;;6,9;5,0;0,6;1,2;10;0;zayif;26,7;27,1;28,9;asagi;zayif;zayif;asagi;0,77;-3,55;5;378;-7,75;48995982;473,66;SAT;NEGATIF;SAT;NEGATIF;ARTIYOR;SAT;AL;NOTR;1;28.09.2026
PLTUR;izle;;6,8;2,3;0,5;4,0;10;0;zayif;29,2;22,3;17,4;asagi;zayif;zayif;asagi;0,66;-5,34;6;15,1;-8,04;18412049;18,48;SAT;NEGATIF;SAT;NEGATIF;ARTIYOR;SAT;SAT;UCUZ (AL);0;28.09.2026
NIBAS;izle;;6,8;1,6;5,2;0,0;38;3;zayif;23,9;28,9;13,4;asagi;zayif;zayif;asagi;0,33;-3,49;3;3,02;-6,21;22773609;3,85;SAT;NEGATIF;SAT;NEGATIF;ARTIYOR;SAT;SAT;NOTR;0;28.09.2026
YIGIT;izle;;6,8;2,4;0,3;4,0;0;0;zayif;31,4;23,1;35,8;asagi;zayif;zayif;asagi;0,70;-4,79;2;17,18;-7,14;37789746;20,32;SAT;NEGATIF;SAT;NEGATIF;ARTIYOR;SAT;SAT;UCUZ (AL);0;28.09.2026
EYGYO;izle;;6,7;2,1;4,6;0,0;10;0;zayif;27,5;27,0;31,6;asagi;zayif;zayif;asagi;0,66;-3,27;4;1,99;-2,93;9295817;2,43;SAT;NEGATIF;SAT;NEGATIF;AZALIYOR;SAT;AL;UCUZ (AL);1;28.09.2026
GOKNR;izle;;6,7;1,9;4,5;0,3;0;0;zayif;26,2;31,5;48,2;asagi;zayif;zayif;asagi;0,72;-4,11;2;14,98;-5,49;51529657;18,14;SAT;NEGATIF;SAT;NEGATIF;AZALIYOR;SAT;SAT;UCUZ (AL);0;28.09.2026
KATMR;izle;;6,6;2,4;1,9;2,2;10;0;zayif;53,2;21,4;27,5;asagi;zayif;zayif;asagi;0,83;-6,78;5;1,48;-5,73;97705847;1,74;SAT;NEGATIF;SAT;NEGATIF;ARTIYOR;SAT;SAT;UCUZ (AL);0;28.09.2026
DOKTA;izle;;6,5;2,4;0,0;4,1;6;0;zayif;34,0;19,9;27,9;asagi;zayif;zayif;asagi;0,94;-5,00;3;16,5;-4,01;8619815;20,08;SAT;NEGATIF;SAT;NEGATIF;ARTIYOR;SAT;SAT;UCUZ (AL);0;28.09.2026
BERA;izle;;6,5;2,4;1,4;2,6;10;0;zayif;33,4;27,4;29,3;asagi;zayif;zayif;asagi;0,86;-4,37;4;11,02;-3,67;64010430;12,74;SAT;NEGATIF;SAT;NEGATIF;ARTIYOR;SAT;SAT;UCUZ (AL);0;28.09.2026
IZENR;izle;;6,4;2,4;4,0;0,0;0;0;zayif;45,7;15,9;19,1;asagi;zayif;zayif;asagi;0,41;-8,33;2;3,79;-9,98;53320843;5,17;SAT;NEGATIF;SAT;NEGATIF;ARTIYOR;AL;AL;UCUZ (AL);2;28.09.2026
ENSRI;izle;;6,4;2,4;4,0;0,0;0;0;zayif;31,1;19,3;8,9;asagi;zayif;zayif;asagi;0,52;-8,59;2;3,07;-5,83;23150348;3,88;SAT;NEGATIF;SAT;NEGATIF;ARTIYOR;AL;AL;UCUZ (AL);2;28.09.2026
SMRVA;izle;;6,4;2,4;4,0;0,0;6;0;zayif;32,0;18,8;20,1;asagi;zayif;zayif;asagi;0,63;-6,55;3;7,14;-3,51;29656126;8,82;SAT;NEGATIF;SAT;NEGATIF;AZALIYOR;AL;SAT;UCUZ (AL);1;28.09.2026
BSOKE;izle;;6,4;2,4;4,0;0,0;0;0;zayif;57,1;9,1;7,0;asagi;zayif;zayif;asagi;0,21;-9,62;1;8,09;-9,91;27372612;13,35;SAT;NEGATIF;SAT;NEGATIF;AZALIYOR;AL;AL;UCUZ (AL);2;28.09.2026
ICUGS;izle;;6,4;2,4;4,0;0,0;0;0;zayif;47,4;14,4;26,9;asagi;zayif;zayif;asagi;0,50;-8,16;2;1,63;-9,94;17436886;2,59;SAT;NEGATIF;SAT;NEGATIF;AZALIYOR;AL;SAT;NOTR;1;28.09.2026
KZBGY;izle;;6,4;2,4;4,0;0,0;10;0;zayif;44,8;18,8;23,2;asagi;zayif;zayif;asagi;0,55;-6,98;4;1,36;-4,23;28010760;1,63;SAT;NEGATIF;SAT;NEGATIF;AZALIYOR;AL;SAT;UCUZ (AL);1;28.09.2026
BORLS;izle;;6,4;2,4;4,0;0,0;6;0;zayif;53,3;11,2;0,0;asagi;zayif;zayif;asagi;0,31;-8,42;3;1,72;-9,95;18064716;2,47;SAT;NEGATIF;SAT;NEGATIF;AZALIYOR;AL;AL;UCUZ (AL);2;28.09.2026
EGEPO;izle;;6,4;2,4;4,0;0,0;0;0;zayif;59,2;19,1;5,6;asagi;zayif;zayif;asagi;0,57;-7,33;2;7,03;-6,02;26458663;9,45;SAT;NEGATIF;SAT;NEGATIF;AZALIYOR;AL;AL;NOTR;2;28.09.2026
RUZYE;izle;;6,4;2,4;4,0;0,0;10;1;zayif;31,4;22,5;37,8;asagi;zayif;zayif;asagi;0,59;-5,37;2;4,94;-4,63;25500878;6,73;SAT;NEGATIF;SAT;NEGATIF;AZALIYOR;SAT;SAT;UCUZ (AL);0;28.09.2026
KLRHO;izle;;6,4;2,4;4,0;0,0;0;0;zayif;47,8;8,3;3,3;asagi;zayif;zayif;asagi;0,14;-11,57;2;22,54;-9,98;10667641;32,77;SAT;NEGATIF;SAT;NEGATIF;AZALIYOR;AL;SAT;UCUZ (AL);1;28.09.2026
PAMEL;izle;;6,4;2,4;4,0;0,0;6;0;zayif;37,6;11,3;13,6;asagi;zayif;zayif;asagi;0,49;-7,25;3;47,12;-5,76;7836574;57,72;SAT;NEGATIF;SAT;NEGATIF;ARTIYOR;AL;AL;UCUZ (AL);2;28.09.2026
PASEU;izle;;6,4;2,4;4,0;0,0;0;0;zayif;46,2;19,1;0,0;asagi;zayif;zayif;asagi;0,01;-8,61;0;29,52;-9,95;2790555;56,36;SAT;NEGATIF;SAT;NEGATIF;AZALIYOR;SAT;SAT;UCUZ (AL);0;28.09.2026
CRDFA;izle;;6,4;2,4;4,0;0,0;0;0;zayif;51,7;9,9;27,7;asagi;zayif;zayif;asagi;0,53;-10,07;0;8,98;-9,93;7180821;13,59;SAT;NEGATIF;SAT;NEGATIF;AZALIYOR;AL;AL;UCUZ (AL);2;28.09.2026
DUNYH;izle;;6,4;2,4;4,0;0,0;32;3;zayif;55,9;9,4;0,0;asagi;zayif;zayif;asagi;0,51;-8,65;1;40,12;-9,96;22529306;66,12;SAT;NEGATIF;SAT;NEGATIF;AZALIYOR;SAT;AL;UCUZ (AL);1;28.09.2026
KONTR;izle;;6,4;2,4;4,0;0,0;6;0;zayif;50,1;24,7;24,2;asagi;zayif;zayif;asagi;0,45;-8,86;3;2,2;-3,51;5282402;2,75;SAT;NEGATIF;SAT;NEGATIF;AZALIYOR;AL;SAT;UCUZ (AL);1;28.09.2026
EMKEL;izle;;6,4;2,4;4,0;0,0;6;0;zayif;65,0;7,7;15,8;asagi;zayif;zayif;asagi;0,63;-9,54;3;7,94;-5,02;17915292;9,92;SAT;NEGATIF;SAT;NEGATIF;AZALIYOR;AL;AL;UCUZ (AL);2;28.09.2026
DCTTR;izle;;6,4;2,4;4,0;0,0;6;0;zayif;51,0;15,6;20,5;asagi;zayif;zayif;asagi;0,49;-9,12;3;3,35;-8,22;17065222;4,63;SAT;NEGATIF;SAT;NEGATIF;AZALIYOR;AL;AL;UCUZ (AL);2;28.09.2026
SANFM;izle;;6,4;2,4;4,0;0,0;0;0;zayif;42,8;14,4;21,8;asagi;zayif;zayif;asagi;0,55;-7,50;2;4,34;-9,96;16293337;6,16;SAT;NEGATIF;SAT;NEGATIF;AZALIYOR;SAT;AL;UCUZ (AL);1;28.09.2026
DOGUB;izle;;6,4;2,4;4,0;0,0;0;0;zayif;32,8;13,4;33,3;asagi;zayif;zayif;asagi;0,39;-8,25;1;23,18;-9,95;3650896;36,80;SAT;NEGATIF;SAT;NEGATIF;AZALIYOR;AL;AL;UCUZ (AL);2;28.09.2026
OZGYO;izle;;6,4;2,4;4,0;0,0;6;0;zayif;33,5;24,9;22,9;asagi;zayif;zayif;asagi;0,38;-4,45;3;1,61;-3,59;7893729;1,87;SAT;NEGATIF;SAT;NEGATIF;ARTIYOR;SAT;AL;NOTR;1;28.09.2026
TMPOL;izle;;6,4;2,4;4,0;0,0;0;0;zayif;41,9;15,7;0,0;asagi;zayif;zayif;asagi;0,00;-8,67;0;111,9;-9,98;170536;183,88;SAT;NEGATIF;SAT;NEGATIF;AZALIYOR;SAT;AL;UCUZ (AL);1;28.09.2026
SKYLP;izle;;6,4;2,4;4,0;0,0;0;0;zayif;54,2;12,3;15,7;asagi;zayif;zayif;asagi;0,13;-9,72;1;61,3;-9,99;429590;98,83;SAT;NEGATIF;SAT;NEGATIF;AZALIYOR;AL;SAT;UCUZ (AL);1;28.09.2026
UFUK;izle;;6,4;2,4;4,0;0,0;0;0;zayif;35,6;11,1;1,1;asagi;zayif;zayif;asagi;0,03;-8,67;2;541,5;-9,98;2075028;826,73;SAT;NEGATIF;SAT;NEGATIF;AZALIYOR;SAT;SAT;UCUZ (AL);0;28.09.2026
YONGA;izle;;6,4;2,4;4,0;0,0;0;0;zayif;44,3;19,6;13,6;asagi;zayif;zayif;asagi;0,64;-8,52;2;33,74;-3,54;409334;37,52;SAT;NEGATIF;SAT;NEGATIF;ARTIYOR;AL;AL;UCUZ (AL);2;28.09.2026
TEKTU;izle;;6,3;2,3;4,0;0,0;50;5;zayif;29,1;13,3;20,6;asagi;zayif;zayif;asagi;0,63;-7,21;6;4,67;-4,50;19841877;5,72;SAT;NEGATIF;SAT;NEGATIF;ARTIYOR;AL;SAT;UCUZ (AL);1;28.09.2026
QUAGR;izle;;6,3;2,3;4,0;0,0;10;0;zayif;28,9;23,2;31,8;asagi;zayif;zayif;asagi;0,54;-5,59;4;2,07;-6,33;46342918;2,64;SAT;NEGATIF;SAT;NEGATIF;ARTIYOR;AL;AL;NOTR;2;28.09.2026
SONME;izle;;6,3;1,5;4,8;0,0;10;0;zayif;22,9;26,8;29,5;asagi;zayif;zayif;asagi;0,66;-1,93;5;117,9;-5,07;2643908;140,28;SAT;NEGATIF;SAT;NEGATIF;ARTIYOR;SAT;AL;UCUZ (AL);1;28.09.2026
SDTTR;izle;;6,2;2,2;4,0;0,0;20;1;zayif;27,8;25,2;9,6;asagi;zayif;zayif;asagi;0,56;-4,11;5;15,98;-4,02;74793064;19,35;SAT;NEGATIF;SAT;NEGATIF;AZALIYOR;SAT;AL;NOTR;1;28.09.2026
GEDIK;izle;;6,2;1,8;4,4;0,0;6;0;zayif;25,1;31,3;50,2;asagi;zayif;zayif;asagi;0,62;-3,42;3;4,98;-3,11;27170123;5,68;SAT;NEGATIF;SAT;NEGATIF;AZALIYOR;SAT;AL;NOTR;1;28.09.2026
ARENA;izle;;6,2;2,4;1,4;2,3;10;0;zayif;31,7;20,1;24,3;asagi;zayif;zayif;asagi;0,84;-5,30;4;14,98;-4,22;9189736;18,11;SAT;NEGATIF;SAT;NEGATIF;ARTIYOR;SAT;SAT;UCUZ (AL);0;28.09.2026
CMBTN;izle;;6,2;1,7;0,8;3,7;6;0;zayif;24,5;24,6;40,5;asagi;zayif;zayif;asagi;0,92;-3,85;3;1220;-6,37;26782660;1495,49;SAT;NEGATIF;SAT;NEGATIF;ARTIYOR;SAT;SAT;UCUZ (AL);0;28.09.2026
SAMAT;izle;;6,1;2,4;1,6;2,1;10;0;zayif;37,6;25,1;28,6;asagi;zayif;zayif;asagi;0,83;-3,99;5;3,96;-6,16;3290942;5,04;SAT;NEGATIF;SAT;NEGATIF;AZALIYOR;SAT;SAT;UCUZ (AL);0;28.09.2026
DARDL;izle;;6,1;2,4;0,5;3,2;50;4;zayif;44,5;12,1;12,7;asagi;zayif;zayif;asagi;0,89;-7,03;5;1,14;-5,00;15417799;1,34;SAT;NEGATIF;SAT;NEGATIF;ARTIYOR;AL;SAT;UCUZ (AL);1;28.09.2026
KARTN;izle;;6,1;5,4;0,6;0,0;6;0;zayif;29,9;21,9;27,1;asagi;zayif;zayif;asagi;0,10;-5,01;3;91,75;-9,96;9207388;132,44;SAT;NEGATIF;SAT;NEGATIF;AZALIYOR;SAT;SAT;NOTR;0;28.09.2026
EUYO;izle;;6,0;2,0;4,0;0,0;10;0;zayif;26,7;21,8;22,4;asagi;zayif;zayif;asagi;0,54;-4,30;4;3,5;-4,63;1770836;4,42;SAT;NEGATIF;SAT;NEGATIF;AZALIYOR;AL;SAT;NOTR;1;28.09.2026
BURVA;izle;;5,9;2,2;3,8;0,0;0;0;zayif;28,0;30,9;56,8;asagi;zayif;zayif;asagi;0,19;-4,22;1;431,75;-9,96;7755525;642,86;SAT;NEGATIF;SAT;NEGATIF;AZALIYOR;AL;SAT;NOTR;1;28.09.2026
NUGYO;izle;;5,9;2,4;0,8;2,7;10;0;zayif;34,7;19,5;14,1;asagi;zayif;zayif;asagi;0,86;-4,29;5;7,29;-5,08;9743960;8,49;SAT;NEGATIF;SAT;NEGATIF;ARTIYOR;SAT;AL;UCUZ (AL);1;28.09.2026
MOPAS;izle;;5,9;2,4;1,0;2,4;10;0;zayif;51,0;11,4;7,9;asagi;zayif;zayif;asagi;0,85;-7,33;4;18,5;-6,80;30355947;22,31;SAT;NEGATIF;SAT;NEGATIF;ARTIYOR;AL;SAT;UCUZ (AL);1;28.09.2026
VAKFA;izle;;5,9;2,3;0,6;3,0;16;1;zayif;29,0;22,6;36,1;asagi;zayif;zayif;asagi;0,88;-4,34;3;9,1;-4,71;48317187;10,50;SAT;NEGATIF;SAT;NEGATIF;ARTIYOR;SAT;SAT;UCUZ (AL);0;28.09.2026
MERKO;izle;;5,8;2,4;1,5;1,9;0;0;zayif;48,4;21,1;22,6;asagi;zayif;zayif;asagi;0,81;-6,44;2;0,94;-6,93;18997177;1,13;SAT;NEGATIF;SAT;NEGATIF;ARTIYOR;AL;AL;UCUZ (AL);2;28.09.2026
PAHOL;izle;;5,8;2,4;0,0;3,3;10;0;zayif;37,5;14,5;30,9;asagi;zayif;zayif;asagi;0,90;-6,62;5;0,87;-9,37;213632308;1,09;SAT;NEGATIF;SAT;NEGATIF;ARTIYOR;SAT;SAT;UCUZ (AL);0;28.09.2026
ZEDUR;izle;;5,7;2,4;0,6;2,6;10;0;zayif;52,1;10,4;16,8;asagi;zayif;zayif;asagi;0,86;-6,01;7;5,48;-7,12;5700362;6,68;SAT;NEGATIF;SAT;NEGATIF;ARTIYOR;SAT;AL;UCUZ (AL);1;28.09.2026
ADEL;izle;;5,6;2,1;1,0;2,5;10;0;zayif;27,7;26,7;8,2;asagi;zayif;zayif;asagi;0,85;-4,21;5;24,78;-6,42;53924923;29,69;SAT;NEGATIF;SAT;NEGATIF;ARTIYOR;SAT;AL;NOTR;1;28.09.2026
RALYH;izle;;5,4;5,4;0,0;0,0;32;3;zayif;37,0;14,6;31,0;asagi;zayif;zayif;asagi;0,00;-7,95;1;105,3;-10,00;502176;151,90;SAT;NEGATIF;SAT;NEGATIF;AZALIYOR;SAT;SAT;UCUZ (AL);0;28.09.2026
EUREN;izle;;5,4;2,4;0,1;2,9;32;2;zayif;33,6;21,5;21,6;asagi;zayif;zayif;asagi;0,87;-6,00;6;2,88;-6,80;62759652;3,41;SAT;NEGATIF;SAT;NEGATIF;ARTIYOR;SAT;SAT;UCUZ (AL);0;28.09.2026
ASUZU;izle;;5,4;1,1;4,2;0,0;10;0;zayif;20,4;30,3;58,3;asagi;zayif;zayif;asagi;0,59;-3,74;4;42,06;-4,76;9266239;48,68;SAT;NEGATIF;SAT;NEGATIF;ARTIYOR;SAT;SAT;UCUZ (AL);0;28.09.2026
VAKFN;izle;;5,3;2,4;1,7;1,2;10;0;zayif;51,9;20,2;14,9;asagi;zayif;zayif;asagi;0,77;-4,95;5;0,96;-4,00;45985535;1,08;SAT;NEGATIF;SAT;NEGATIF;ARTIYOR;SAT;SAT;UCUZ (AL);0;28.09.2026
ERCB;izle;;5,3;2,1;3,2;0,0;6;0;zayif;27,3;29,7;24,4;asagi;zayif;zayif;asagi;0,46;-4,29;3;36,54;-3,94;14373996;43,07;SAT;NEGATIF;SAT;NEGATIF;ARTIYOR;SAT;SAT;UCUZ (AL);0;28.09.2026
MRSHL;izle;;5,3;0,6;4,7;0,0;0;0;zayif;16,3;33,8;40,8;asagi;zayif;zayif;asagi;0,64;-2,46;2;1395;-6,44;33601365;1719,89;SAT;NEGATIF;NOTR;NEGATIF;ARTIYOR;SAT;SAT;NOTR;0;28.09.2026
TSPOR;izle;;5,2;2,4;2,4;0,4;10;0;zayif;31,9;28,7;31,2;asagi;zayif;zayif;asagi;0,72;-3,11;5;0,84;-5,62;167370338;1,00;SAT;NEGATIF;SAT;NEGATIF;ARTIYOR;SAT;SAT;UCUZ (AL);0;28.09.2026
GRSEL;izle;;5,1;2,3;2,8;0,0;0;0;zayif;28,7;26,4;47,8;asagi;zayif;zayif;asagi;0,62;-3,30;1;260;-4,15;65594620;302,41;SAT;NEGATIF;SAT;NEGATIF;ARTIYOR;SAT;SAT;UCUZ (AL);0;28.09.2026
IHLAS;izle;;5,1;1,6;3,5;0,0;28;2;zayif;23,6;34,0;30,4;asagi;zayif;zayif;asagi;0,65;-3,42;3;0,9;-3,23;80055950;1,06;SAT;NEGATIF;SAT;NEGATIF;ARTIYOR;SAT;SAT;UCUZ (AL);0;28.09.2026
INVEO;izle;;5,0;1,3;3,0;0,7;0;0;zayif;21,7;27,9;43,6;asagi;zayif;zayif;asagi;0,74;-3,40;2;5,84;-4,42;24364439;6,89;SAT;NEGATIF;SAT;NEGATIF;AZALIYOR;SAT;SAT;UCUZ (AL);0;28.09.2026
BRKSN;izle;;5,0;2,4;0,0;2,5;10;0;zayif;38,7;16,0;21,1;asagi;zayif;zayif;asagi;0,85;-5,44;4;5,91;-7,22;1504503;6,99;SAT;NEGATIF;SAT;NEGATIF;ARTIYOR;SAT;SAT;UCUZ (AL);0;28.09.2026
MARBL;izle;;4,9;2,4;0,0;2,5;20;1;zayif;35,3;18,2;25,5;asagi;zayif;zayif;asagi;0,85;-5,22;5;9,09;-4,52;9943878;10,68;SAT;NEGATIF;SAT;NEGATIF;ARTIYOR;SAT;AL;UCUZ (AL);1;28.09.2026
TLMAN;izle;;4,9;2,3;0,7;1,8;10;0;zayif;28,8;19,3;12,2;asagi;zayif;zayif;asagi;0,81;-5,06;6;61,4;-5,61;6763087;72,86;SAT;NEGATIF;SAT;NEGATIF;ARTIYOR;SAT;SAT;UCUZ (AL);0;28.09.2026
GLCVY;izle;;4,8;1,8;0,8;2,3;20;1;zayif;25,2;24,2;18,1;asagi;zayif;zayif;asagi;0,84;-4,08;4;41,84;-3,51;21831610;48,95;SAT;NEGATIF;SAT;NEGATIF;AZALIYOR;SAT;SAT;UCUZ (AL);0;28.09.2026
BEYAZ;izle;;4,8;1,2;0,6;2,9;6;0;zayif;21,1;23,4;45,7;asagi;zayif;zayif;asagi;0,87;-5,11;3;16,67;-8,91;16264136;20,89;SAT;NEGATIF;SAT;NEGATIF;ARTIYOR;SAT;SAT;UCUZ (AL);0;28.09.2026
NATEN;izle;;4,8;2,4;1,0;1,4;10;0;zayif;33,1;19,9;43,7;asagi;zayif;zayif;asagi;0,78;-6,05;4;3,95;-5,95;23657012;4,72;SAT;NEGATIF;SAT;NEGATIF;ARTIYOR;SAT;SAT;UCUZ (AL);0;28.09.2026
KLKIM;izle;;4,7;2,4;1,7;0,6;6;0;zayif;30,4;25,6;20,7;asagi;zayif;zayif;asagi;0,74;-4,34;3;22,3;-2,79;24346850;25,07;SAT;NEGATIF;SAT;NEGATIF;AZALIYOR;SAT;SAT;UCUZ (AL);0;28.09.2026
SARKY;izle;;4,7;1,5;3,2;0,0;38;3;zayif;22,7;30,5;36,1;asagi;zayif;zayif;asagi;0,67;-3,79;3;20,14;-4,46;69229458;23,53;SAT;NEGATIF;SAT;NEGATIF;ARTIYOR;SAT;SAT;NOTR;0;28.09.2026
SERNT;izle;;4,5;2,4;0,0;2,1;10;0;zayif;36,6;14,5;13,5;asagi;zayif;zayif;asagi;0,83;-6,08;4;5,2;-7,14;20512892;6,53;SAT;NEGATIF;SAT;NEGATIF;ARTIYOR;SAT;AL;UCUZ (AL);1;28.09.2026
MRGYO;izle;;4,5;2,4;1,7;0,3;0;0;zayif;36,8;30,8;70,7;asagi;zayif;zayif;asagi;0,72;-3,69;0;1,01;-5,61;130925131;1,50;SAT;NEGATIF;SAT;NEGATIF;AZALIYOR;SAT;AL;UCUZ (AL);1;28.09.2026
KONKA;izle;;4,5;2,4;2,0;0,0;10;0;zayif;56,0;15,5;18,7;asagi;zayif;zayif;asagi;0,69;-7,57;4;7,07;-3,55;12350293;8,41;SAT;NEGATIF;SAT;NEGATIF;ARTIYOR;AL;SAT;UCUZ (AL);1;28.09.2026
PRKME;izle;;4,4;2,2;0,4;1,9;10;0;zayif;28,1;24,4;33,5;asagi;zayif;zayif;asagi;0,81;-4,28;4;13,99;-7,47;23042062;17,06;SAT;NEGATIF;SAT;NEGATIF;ARTIYOR;SAT;AL;NOTR;1;28.09.2026
MSGYO;izle;;4,4;2,1;1,3;1,0;10;0;zayif;27,6;22,5;4,1;asagi;zayif;zayif;asagi;0,76;-4,43;4;4,64;-5,31;5982978;5,51;SAT;NEGATIF;SAT;NEGATIF;ARTIYOR;SAT;AL;NOTR;1;28.09.2026
ONRYT;izle;;4,4;2,4;0,0;2,0;10;0;zayif;32,9;19,0;24,6;asagi;zayif;zayif;asagi;0,82;-5,54;4;9,65;-8,44;33544471;12,40;SAT;NEGATIF;SAT;NEGATIF;ARTIYOR;SAT;AL;UCUZ (AL);1;28.09.2026
TKNSA;izle;;4,4;2,2;1,6;0,6;10;0;zayif;28,1;26,0;13,5;asagi;zayif;zayif;asagi;0,73;-4,24;4;13,55;-2,73;33911897;15,85;SAT;NEGATIF;SAT;NEGATIF;AZALIYOR;SAT;SAT;UCUZ (AL);0;28.09.2026
MZHLD;izle;;4,3;1,3;3,0;0,0;22;2;zayif;21,6;31,7;39,9;asagi;zayif;zayif;asagi;0,66;-3,01;2;4,41;-6,17;2094600;5,45;SAT;NEGATIF;SAT;NEGATIF;ARTIYOR;SAT;AL;UCUZ (AL);1;28.09.2026
AKYHO;izle;;4,2;2,4;1,1;0,7;10;0;zayif;36,1;23,4;18,3;asagi;zayif;zayif;asagi;0,74;-4,78;5;1,56;-7,14;1960614;1,97;SAT;NEGATIF;SAT;NEGATIF;ARTIYOR;SAT;SAT;UCUZ (AL);0;28.09.2026
HATEK;izle;;4,2;2,0;0,0;2,1;10;0;zayif;27,0;16,7;4,8;asagi;zayif;zayif;asagi;0,83;-6,09;4;8,05;-7,79;12815463;10,55;SAT;NEGATIF;SAT;NEGATIF;ARTIYOR;SAT;SAT;UCUZ (AL);0;28.09.2026
HOROZ;izle;;4,1;1,7;2,4;0,0;10;0;zayif;24,1;28,1;28,5;asagi;zayif;zayif;asagi;0,66;-4,03;4;44,1;-7,55;30854653;54,80;SAT;NEGATIF;SAT;NEGATIF;ARTIYOR;AL;AL;UCUZ (AL);2;28.09.2026
VSNMD;izle;;4,1;2,4;0,9;0,7;10;0;zayif;40,0;11,3;20,1;asagi;zayif;zayif;asagi;0,74;-7,73;4;28,4;-7,67;22855269;35,20;SAT;NEGATIF;SAT;NEGATIF;ARTIYOR;AL;AL;UCUZ (AL);2;28.09.2026
BIGCH;izle;;4,1;2,4;0,8;0,9;28;2;zayif;38,9;18,6;12,5;asagi;zayif;zayif;asagi;0,75;-6,44;3;3,65;-6,17;14215374;4,62;SAT;NEGATIF;SAT;NEGATIF;ARTIYOR;AL;SAT;UCUZ (AL);1;28.09.2026
KSTUR;izle;;4,1;2,4;1,6;0,0;0;0;zayif;33,7;24,9;36,8;asagi;zayif;zayif;asagi;0,69;-5,43;2;1822;-8,90;1076802;2187,76;SAT;NEGATIF;SAT;NEGATIF;ARTIYOR;SAT;SAT;UCUZ (AL);0;28.09.2026
TRILC;izle;;4,0;2,4;1,6;0,0;6;0;zayif;51,0;23,2;29,7;asagi;zayif;zayif;asagi;0,50;-9,68;3;0,87;-3,33;1416721;0,97;SAT;NEGATIF;SAT;NEGATIF;ARTIYOR;SAT;SAT;UCUZ (AL);0;28.09.2026
AKGRT;izle;;4,0;2,4;1,5;0,0;6;0;zayif;44,3;24,0;21,1;asagi;zayif;zayif;asagi;0,66;-5,49;3;5,18;-2,81;42294027;5,75;SAT;NEGATIF;SAT;NEGATIF;ARTIYOR;SAT;SAT;UCUZ (AL);0;28.09.2026
SMART;izle;;3,8;1,6;0,8;1,4;10;0;zayif;24,1;16,2;24,3;asagi;zayif;zayif;asagi;0,78;-6,29;5;15,9;-7,93;10605316;19,89;SAT;NEGATIF;SAT;NEGATIF;ARTIYOR;SAT;AL;NOTR;1;28.09.2026
BIZIM;izle;;3,8;2,1;0,3;1,4;32;2;zayif;27,8;24,4;28,6;asagi;zayif;zayif;asagi;0,78;-4,61;4;19,52;-4,50;4302442;22,63;SAT;NEGATIF;SAT;NEGATIF;ARTIYOR;SAT;SAT;UCUZ (AL);0;28.09.2026
VKGYO;izle;;3,7;2,4;1,0;0,3;10;0;zayif;37,0;23,6;42,1;asagi;zayif;zayif;asagi;0,72;-5,00;4;1,61;-4,73;32156902;1,83;SAT;NEGATIF;SAT;NEGATIF;ARTIYOR;SAT;SAT;UCUZ (AL);0;28.09.2026
KUTPO;izle;;3,6;1,6;0,9;1,1;10;0;zayif;23,7;19,2;27,4;asagi;zayif;zayif;asagi;0,77;-4,54;5;65,8;-4,01;9316490;75,13;SAT;NEGATIF;SAT;NEGATIF;ARTIYOR;SAT;SAT;UCUZ (AL);0;28.09.2026
MHRGY;izle;;3,5;2,4;1,1;0,0;32;2;zayif;30,4;25,3;41,0;asagi;zayif;zayif;asagi;0,36;-4,32;4;1,76;-4,35;4833873;2,08;SAT;NEGATIF;SAT;NEGATIF;ARTIYOR;SAT;AL;NOTR;1;28.09.2026
GARFA;izle;;3,5;1,9;1,5;0,0;40;4;zayif;26,3;26,8;39,8;asagi;zayif;zayif;asagi;0,57;-4,07;1;22,5;-5,38;12174053;25,94;SAT;NEGATIF;SAT;NEGATIF;ARTIYOR;SAT;SAT;NOTR;0;28.09.2026
PAPIL;izle;;3,4;2,4;0,0;0,9;10;0;zayif;36,0;18,6;26,6;asagi;zayif;zayif;asagi;0,76;-6,12;5;7,51;-9,08;36785407;10,03;SAT;NEGATIF;SAT;NEGATIF;ARTIYOR;SAT;AL;UCUZ (AL);1;28.09.2026
BNTAS;izle;;3,4;2,4;0,9;0,0;40;4;zayif;34,4;26,2;11,7;asagi;zayif;zayif;asagi;0,64;-4,41;2;5,16;-3,73;10646736;5,89;SAT;NEGATIF;SAT;NEGATIF;ARTIYOR;SAT;SAT;UCUZ (AL);0;28.09.2026
MNDTR;izle;;3,2;2,4;0,8;0,0;10;0;zayif;34,8;21,8;10,6;asagi;zayif;zayif;asagi;0,47;-4,71;4;4,06;-3,10;3238118;4,69;SAT;NEGATIF;SAT;NEGATIF;AZALIYOR;SAT;SAT;UCUZ (AL);0;28.09.2026
FZLGY;izle;;3,2;2,4;0,7;0,0;0;0;zayif;32,7;20,4;42,4;asagi;zayif;zayif;asagi;0,59;-6,18;2;5,29;-8,79;68062542;7,68;SAT;NEGATIF;SAT;NEGATIF;AZALIYOR;SAT;SAT;UCUZ (AL);0;28.09.2026
HEKTS;izle;;3,2;2,4;0,7;0,0;46;4;zayif;32,9;24,3;3,2;asagi;zayif;zayif;asagi;0,48;-5,23;3;2,08;-4,59;461086267;2,47;SAT;NEGATIF;SAT;NEGATIF;ARTIYOR;SAT;SAT;UCUZ (AL);0;28.09.2026
SODSN;izle;;3,1;2,4;0,6;0,0;6;0;zayif;48,5;14,9;18,7;asagi;zayif;zayif;asagi;0,64;-7,20;3;5,7;-6,10;317199;6,60;SAT;NEGATIF;SAT;NEGATIF;ARTIYOR;AL;SAT;UCUZ (AL);1;28.09.2026
ERBOS;izle;;3,1;2,4;0,6;0,0;10;0;zayif;37,9;16,4;4,0;asagi;zayif;zayif;asagi;0,33;-5,78;6;114,5;-2,88;9450372;133,85;SAT;NEGATIF;SAT;NEGATIF;ARTIYOR;SAT;SAT;UCUZ (AL);0;28.09.2026
VESTL;izle;;3,0;1,9;1,0;0,0;10;0;zayif;26,2;27,6;46,2;asagi;zayif;zayif;asagi;0,60;-3,21;4;18,91;-7,49;180046081;23,72;SAT;NEGATIF;SAT;NEGATIF;ARTIYOR;SAT;SAT;UCUZ (AL);0;28.09.2026
HKTM;izle;;2,9;2,4;0,5;0,0;16;1;zayif;34,2;25,0;11,4;asagi;zayif;zayif;asagi;0,26;-3,20;3;9,5;-6,03;16649710;12,08;SAT;NEGATIF;SAT;NEGATIF;AZALIYOR;SAT;SAT;NOTR;0;28.09.2026
YYLGD;izle;;2,9;2,1;0,8;0,0;10;0;zayif;27,4;24,6;23,0;asagi;zayif;zayif;asagi;0,51;-5,45;4;7,83;-10,00;22965179;9,02;SAT;NEGATIF;SAT;NEGATIF;ARTIYOR;SAT;SAT;UCUZ (AL);0;28.09.2026
MAALT;izle;;2,9;1,4;1,5;0,0;40;5;zayif;22,5;26,3;59,8;asagi;zayif;zayif;asagi;0,67;-4,00;2;833;-7,44;26065403;993,92;SAT;NEGATIF;SAT;NEGATIF;ARTIYOR;SAT;SAT;NOTR;0;28.09.2026
BFREN;izle;;2,8;2,1;0,7;0,0;6;0;zayif;27,6;23,0;33,5;asagi;zayif;zayif;asagi;0,63;-4,38;3;107,9;-2,62;13212571;119,89;SAT;NEGATIF;SAT;NEGATIF;ARTIYOR;SAT;SAT;UCUZ (AL);0;28.09.2026
BRKVY;izle;;2,8;2,4;0,0;0,4;10;0;zayif;36,5;21,1;17,0;asagi;zayif;zayif;asagi;0,72;-5,13;4;51,15;-8,00;19955968;68,46;SAT;NEGATIF;SAT;NEGATIF;ARTIYOR;SAT;SAT;UCUZ (AL);0;28.09.2026
AHSGY;izle;;2,8;1,8;1,0;0,0;40;4;zayif;25,5;25,0;50,3;asagi;zayif;zayif;asagi;0,45;-4,94;2;9,59;-9,95;19365269;14,35;SAT;NEGATIF;SAT;NEGATIF;AZALIYOR;SAT;SAT;UCUZ (AL);0;28.09.2026
CONSE;izle;;2,8;2,4;0,4;0,0;16;1;zayif;34,9;14,2;8,0;asagi;zayif;zayif;asagi;0,41;-5,69;3;1,63;-5,78;7467335;1,99;SAT;NEGATIF;SAT;NEGATIF;ARTIYOR;SAT;SAT;UCUZ (AL);0;28.09.2026
GZNMI;izle;;2,8;2,4;0,3;0,0;6;0;zayif;45,0;13,8;4,6;asagi;zayif;zayif;asagi;0,64;-6,86;3;30,02;-6,71;22539706;39,52;SAT;NEGATIF;SAT;NEGATIF;AZALIYOR;AL;SAT;UCUZ (AL);1;28.09.2026
LILAK;izle;;2,8;1,0;1,8;0,0;28;2;zayif;19,3;24,1;45,5;asagi;zayif;zayif;asagi;0,67;-4,23;3;24,12;-4,29;54417711;27,94;SAT;NEGATIF;NOTR;NEGATIF;ARTIYOR;SAT;SAT;NOTR;0;28.09.2026
SNICA;izle;;2,7;2,0;0,7;0,0;10;0;zayif;26,7;19,7;27,4;asagi;zayif;zayif;asagi;0,66;-6,47;4;2,34;-3,70;13735173;2,75;SAT;NEGATIF;SAT;NEGATIF;AZALIYOR;SAT;AL;UCUZ (AL);1;28.09.2026
RUBNS;izle;;2,7;2,4;0,3;0,0;10;0;zayif;39,6;20,9;25,1;asagi;zayif;zayif;asagi;0,38;-4,26;4;18,09;-10,00;13411438;25,37;SAT;NEGATIF;SAT;NEGATIF;AZALIYOR;SAT;SAT;UCUZ (AL);0;28.09.2026
AVOD;izle;;2,7;2,4;0,2;0,0;0;0;zayif;32,5;25,6;30,6;asagi;zayif;zayif;asagi;0,40;-3,64;2;3,06;-4,67;16076148;3,78;SAT;NEGATIF;SAT;NEGATIF;AZALIYOR;SAT;SAT;NOTR;0;28.09.2026
MEKAG;izle;;2,7;2,4;0,2;0,0;10;0;zayif;33,3;15,4;6,3;asagi;zayif;zayif;asagi;0,68;-6,29;4;2,07;-6,76;11105910;2,52;SAT;NEGATIF;SAT;NEGATIF;ARTIYOR;SAT;AL;UCUZ (AL);1;28.09.2026
AGROT;izle;;2,7;1,7;0,9;0,0;0;0;zayif;24,7;14,2;31,5;asagi;zayif;zayif;asagi;0,65;-7,61;2;1,35;-6,90;33228365;1,66;SAT;NEGATIF;SAT;NEGATIF;ARTIYOR;SAT;AL;UCUZ (AL);1;28.09.2026
POLTK;izle;;2,6;1,8;0,8;0,0;0;0;zayif;25,0;16,5;45,9;asagi;zayif;zayif;asagi;0,66;-5,84;2;3010;-6,67;14381780;3668,23;SAT;NEGATIF;SAT;NEGATIF;ARTIYOR;SAT;AL;UCUZ (AL);1;28.09.2026
DERIM;izle;;2,6;1,8;0,8;0,0;32;2;zayif;25,0;21,8;37,8;asagi;zayif;zayif;asagi;0,64;-4,28;5;26,88;-3,93;5610367;32,18;SAT;NEGATIF;SAT;NEGATIF;ARTIYOR;SAT;SAT;UCUZ (AL);0;28.09.2026
TMSN;izle;;2,5;0,4;1,8;0,3;10;0;zayif;15,0;20,9;38,2;asagi;zayif;zayif;asagi;0,72;-4,28;4;59,45;-6,53;33701670;72,06;SAT;NEGATIF;NOTR;NEGATIF;ARTIYOR;SAT;SAT;UCUZ (AL);0;28.09.2026
ESEN;izle;;2,4;2,4;0,0;0,0;50;4;zayif;34,5;19,1;19,3;asagi;zayif;zayif;asagi;0,54;-5,80;4;2,54;-5,93;41021368;3,01;SAT;NEGATIF;SAT;NEGATIF;ARTIYOR;SAT;SAT;UCUZ (AL);0;28.09.2026
DAPGM;izle;;2,4;2,4;0,0;0,0;0;0;zayif;31,5;15,3;22,1;asagi;zayif;zayif;asagi;0,24;-8,29;2;3,61;-9,98;59507821;5,15;SAT;NEGATIF;SAT;NEGATIF;AZALIYOR;AL;AL;UCUZ (AL);2;28.09.2026
FRIGO;izle;;2,4;2,4;0,0;0,0;6;0;zayif;32,4;20,6;16,0;asagi;zayif;zayif;asagi;0,55;-5,01;3;1,44;-8,86;25093807;1,98;SAT;NEGATIF;SAT;NEGATIF;ARTIYOR;SAT;AL;UCUZ (AL);1;28.09.2026
USAK;izle;;2,4;2,4;0,0;0,0;10;0;zayif;40,7;5,4;10,8;asagi;zayif;zayif;asagi;0,31;-9,74;4;0,6;-9,09;13271628;0,79;SAT;NEGATIF;SAT;NEGATIF;ARTIYOR;SAT;AL;UCUZ (AL);1;28.09.2026
ISSEN;izle;;2,4;2,4;0,0;0,0;20;1;zayif;36,2;13,1;14,4;asagi;zayif;zayif;asagi;0,45;-5,81;5;5,25;-3,31;3117818;6,12;SAT;NEGATIF;SAT;NEGATIF;ARTIYOR;SAT;SAT;UCUZ (AL);0;28.09.2026
IHAAS;izle;;2,4;2,4;0,0;0,0;32;3;zayif;33,2;13,0;20,1;asagi;zayif;zayif;asagi;0,11;-7,87;2;23,16;-9,95;1855070;33,09;SAT;NEGATIF;SAT;NEGATIF;AZALIYOR;SAT;SAT;NOTR;0;28.09.2026
BIGTK;izle;;2,4;2,4;0,0;0,0;32;3;zayif;39,4;19,6;45,7;asagi;zayif;zayif;asagi;0,26;-6,59;1;119;-9,98;14152908;188,53;SAT;NEGATIF;SAT;NEGATIF;AZALIYOR;SAT;AL;UCUZ (AL);1;28.09.2026
SKTAS;izle;;2,4;2,4;0,0;0,0;10;0;zayif;36,3;17,8;4,5;asagi;zayif;zayif;asagi;0,38;-5,34;6;2,29;-8,40;13561911;2,84;SAT;NEGATIF;SAT;NEGATIF;ARTIYOR;SAT;SAT;UCUZ (AL);0;28.09.2026
LYDYE;izle;;2,4;2,4;0,0;0,0;0;0;zayif;38,6;12,2;7,7;asagi;zayif;zayif;asagi;0,04;-9,09;2;4967,5;-9,97;422238;7109,04;SAT;NEGATIF;SAT;NEGATIF;AZALIYOR;SAT;SAT;UCUZ (AL);0;28.09.2026
GOODY;izle;;2,4;2,1;0,3;0,0;10;0;zayif;27,6;22,2;7,7;asagi;zayif;zayif;asagi;0,65;-4,38;4;2,13;-3,62;15368962;2,47;SAT;NEGATIF;SAT;NEGATIF;ARTIYOR;SAT;AL;NOTR;1;28.09.2026
SASA;izle;;2,3;1,3;1,0;0,0;10;0;zayif;21,8;28,0;35,3;asagi;zayif;zayif;asagi;0,68;-3,52;4;1,88;-9,62;6283567005;2,46;SAT;NEGATIF;SAT;NEGATIF;ARTIYOR;SAT;SAT;UCUZ (AL);0;28.09.2026
BALAT;izle;;2,3;2,3;0,0;0,0;22;2;zayif;28,9;22,6;15,8;asagi;zayif;zayif;asagi;0,69;-6,99;2;50;-2,25;1420750;58,93;SAT;NEGATIF;SAT;NEGATIF;AZALIYOR;SAT;SAT;UCUZ (AL);0;28.09.2026
VESBE;izle;;2,3;1,8;0,4;0,0;10;0;zayif;25,5;23,1;48,6;asagi;zayif;zayif;asagi;0,40;-4,44;4;4,33;-5,87;47314759;5,26;SAT;NEGATIF;SAT;NEGATIF;ARTIYOR;SAT;AL;UCUZ (AL);1;28.09.2026
TDGYO;izle;;2,2;2,2;0,0;0,0;0;0;zayif;28,5;21,7;58,6;asagi;zayif;zayif;asagi;0,22;-5,12;2;8,75;-9,98;3519565;13,08;SAT;NEGATIF;SAT;NEGATIF;AZALIYOR;SAT;AL;UCUZ (AL);1;28.09.2026
BANVT;izle;;2,2;0,9;1,2;0,1;0;0;zayif;18,7;21,1;46,8;asagi;zayif;zayif;asagi;0,71;-4,42;2;127,4;-4,14;10234806;145,32;SAT;NEGATIF;NOTR;NEGATIF;ARTIYOR;SAT;SAT;UCUZ (AL);0;28.09.2026
YAPRK;izle;;2,2;0,6;1,6;0,0;10;0;zayif;16,3;23,1;47,2;asagi;zayif;zayif;asagi;0,59;-3,58;4;8,65;-5,05;19342576;10,59;SAT;NEGATIF;NOTR;NEGATIF;ARTIYOR;SAT;SAT;UCUZ (AL);0;28.09.2026
DENGE;izle;;2,1;2,1;0,0;0,0;28;2;zayif;27,3;22,4;21,0;asagi;zayif;zayif;asagi;0,62;-4,86;3;1,72;-7,03;23896208;2,10;SAT;NEGATIF;SAT;NEGATIF;ARTIYOR;SAT;AL;UCUZ (AL);1;28.09.2026
OSTIM;izle;;2,0;1,2;0,8;0,0;10;0;zayif;20,9;24,7;39,3;asagi;zayif;zayif;asagi;0,57;-4,47;4;1,27;-3,05;9338446;1,49;SAT;NEGATIF;SAT;NEGATIF;ARTIYOR;SAT;SAT;UCUZ (AL);0;28.09.2026
IMASM;izle;;1,9;1,8;0,0;0,0;10;0;zayif;25,5;16,8;17,3;asagi;zayif;zayif;asagi;0,60;-7,25;4;1,52;-6,17;19887704;1,87;SAT;NEGATIF;SAT;NEGATIF;ARTIYOR;SAT;SAT;UCUZ (AL);0;28.09.2026
IHLGM;izle;;1,8;1,7;0,1;0,0;20;1;zayif;24,3;22,6;56,2;asagi;zayif;zayif;asagi;0,55;-4,91;4;1,21;-4,72;22008112;1,44;SAT;NEGATIF;SAT;NEGATIF;ARTIYOR;SAT;AL;UCUZ (AL);1;28.09.2026
PRKAB;izle;;1,7;0,5;1,2;0,0;20;1;zayif;15,6;20,8;34,4;asagi;zayif;zayif;asagi;0,40;-4,61;5;24,98;-4,66;11415560;29,87;SAT;NEGATIF;NOTR;NEGATIF;ARTIYOR;SAT;SAT;NOTR;0;28.09.2026