hisse;durum;yeni_sinyal;konfluans;trend_35;momentum_30;hacim_35;risk;uyumsuzluk;rejim;adx;rsi;mfi;supertrend;goreli_guc;usd_trend;haftalik_trend;hacim_orani;ema50_uzaklik_atr;dagitim_gun;kapanis;degisim%;islem_hacmi_tl;st_cizgisi;osc_macd;osc_rsi;osc_adx;osc_momentum;osc_atr;osc_wavetrend;osc_stochrsi;osc_sharpe;osc_al_sayisi;tarih
TKFEN;GUCLU AL;;99,4;35,0;30,0;34,4;28;0;guclu trend;36,3;70,5;51,1;yukari;guclu;yukselis;yukari;1,26;3,65;1;266;8,70;2016635376;203,20;AL;POZITIF;AL;POZITIF;ARTIYOR;AL;SAT;PAHALI (SAT);5;23.09.2026
BAHKM;GUCLU AL;;99,0;35,0;30,0;34,0;32;2;guclu trend;41,2;66,9;80,8;yukari;guclu;yukselis;yukari;1,40;2,69;0;192;1,05;626042112;146,75;AL;POZITIF;AL;POZITIF;ARTIYOR;AL;AL;NOTR;6;23.09.2026
AHGAZ;GUCLU AL;;96,9;34,8;28,9;33,1;28;0;guclu trend;29,5;74,1;64,4;yukari;guclu;yukselis;yukari;1,19;3,86;1;44,2;0,45;410022935;38,39;AL;POZITIF;AL;POZITIF;AZALIYOR;AL;AL;NOTR;6;23.09.2026
ENERY;GUCLU AL;;96,0;35,0;30,0;31,0;28;0;guclu trend;40,5;68,3;58,3;yukari;guclu;yukselis;yukari;1,06;3,78;2;13,03;3,33;1091529302;11,31;AL;POZITIF;AL;POZITIF;AZALIYOR;SAT;SAT;NOTR;4;23.09.2026
AGHOL;AL;;91,8;30,9;29,1;31,8;8;0;ilimli;19,4;57,9;67,0;yukari;guclu;yukselis;yukari;1,12;1,12;2;34,84;2,05;234444074;31,63;AL;POZITIF;NOTR;NEGATIF;ARTIYOR;AL;AL;NOTR;4;23.09.2026
HRKET;AL;;88,8;23,8;30,0;35,0;10;0;ilimli;19,1;69,0;63,8;yukari;guclu;yukselis;yukari;2,05;2,31;2;7,93;9,99;645622100;5,91;AL;POZITIF;NOTR;POZITIF;ARTIYOR;AL;AL;NOTR;5;23.09.2026
ISDMR;GUCLU AL;;88,4;33,4;30,0;25,0;0;0;guclu trend;26,0;66,0;82,9;yukari;guclu;yukselis;yukari;0,68;2,08;0;63,1;1,12;97348913;54,38;AL;POZITIF;AL;POZITIF;AZALIYOR;AL;AL;NOTR;6;23.09.2026
BIMAS;GUCLU AL;;87,7;32,7;30,0;25,0;20;1;guclu trend;24,0;61,1;72,4;yukari;guclu;yukselis;yukari;0,67;2,18;2;433,75;0,81;2854466676;402,48;AL;POZITIF;AL;POZITIF;AZALIYOR;AL;AL;NOTR;6;23.09.2026
TUPRS;GUCLU AL;;86,1;30,4;26,0;29,6;38;2;guclu trend;31,0;59,5;59,0;yukari;guclu;yukselis;yukari;0,98;2,72;3;411;3,53;11828515884;374,32;SAT;POZITIF;SAT;NEGATIF;ARTIYOR;SAT;SAT;NOTR;1;23.09.2026
HUNER;izle;;86,0;30,3;29,7;26,0;40;5;ilimli;17,8;59,1;67,5;yukari;guclu;yukselis;yukari;0,76;1,36;1;4,11;-1,44;201965047;3,50;AL;POZITIF;NOTR;POZITIF;AZALIYOR;AL;AL;NOTR;5;23.09.2026
DEVA;GUCLU AL;;83,8;35,0;26,0;22,8;10;0;guclu trend;41,1;60,8;64,9;yukari;guclu;yukselis;yukari;0,52;2,86;1;101,4;-0,78;45560338;91,73;SAT;POZITIF;AL;POZITIF;AZALIYOR;AL;AL;NOTR;5;23.09.2026
TUKAS;GUCLU AL;EVET;81,2;16,2;30,0;35,0;20;1;zayif;23,1;70,0;71,0;yukari;guclu;yukselis;yukari;2,77;2,72;1;2,34;9,86;621436557;1,88;AL;POZITIF;AL;POZITIF;ARTIYOR;AL;AL;NOTR;6;23.09.2026
RYGYO;izle;;81,0;27,0;30,0;24,0;10;0;guclu trend;31,7;64,8;68,0;asagi;guclu;yukselis;yukari;0,72;2,29;2;49,32;1,52;135230853;50,89;AL;POZITIF;AL;POZITIF;AZALIYOR;AL;AL;NOTR;6;23.09.2026
SOKM;AL;;80,7;28,7;25,3;26,7;28;2;ilimli;16,8;54,6;69,9;yukari;guclu;yukselis;yukari;0,88;1,20;3;58,55;1,65;214235328;54,83;SAT;POZITIF;NOTR;NEGATIF;AZALIYOR;SAT;SAT;NOTR;1;23.09.2026
TRMET;izle;;80,6;20,7;25,9;34,0;0;0;ilimli;17,2;57,5;71,4;asagi;guclu;yukselis;yukari;1,45;1,46;2;142,8;3,55;1193830420;146,21;SAT;POZITIF;NOTR;POZITIF;AZALIYOR;AL;AL;NOTR;4;23.09.2026
ETILR;AL;EVET;79,9;28,5;24,3;27,1;22;2;ilimli;15,8;55,1;70,1;yukari;guclu;yukselis;yukari;1,01;0,77;1;6,29;6,61;55956356;5,30;SAT;POZITIF;NOTR;POZITIF;ARTIYOR;AL;AL;NOTR;4;23.09.2026
RYSAS;izle;;79,2;24,6;25,4;29,2;10;1;guclu trend;24,0;56,4;46,3;asagi;guclu;yukselis;yukari;1,22;1,24;1;27,02;2,35;743968356;28,46;SAT;POZITIF;AL;NEGATIF;ARTIYOR;AL;AL;NOTR;4;23.09.2026
CELHA;izle;;78,8;24,9;24,7;29,2;0;0;guclu trend;24,6;53,0;76,5;asagi;guclu;yukselis;yukari;1,33;0,95;0;26,66;3,33;94593013;31,08;SAT;POZITIF;AL;POZITIF;ARTIYOR;SAT;AL;NOTR;4;23.09.2026
TRENJ;izle;;77,6;29,5;24,1;24,0;46;5;ilimli;15,8;52,1;60,6;yukari;guclu;yukselis;yukari;0,83;0,70;3;105,2;-1,03;129250719;98,12;SAT;POZITIF;NOTR;NEGATIF;AZALIYOR;AL;AL;NOTR;3;23.09.2026
UNLU;GUCLU AL;EVET;77,3;21,1;30,0;26,1;20;0;zayif;35,3;68,1;73,2;yukari;guclu;yukselis;yukari;1,57;2,44;4;13,36;9,96;84769828;10,39;AL;POZITIF;AL;POZITIF;ARTIYOR;AL;AL;NOTR;6;23.09.2026
KRDMD;izle;;77,2;22,5;25,9;28,7;46;4;ilimli;18,5;57,5;60,5;asagi;guclu;yukselis;yukari;0,94;1,47;3;46,68;3,05;2265588079;48,15;SAT;POZITIF;NOTR;NEGATIF;ARTIYOR;AL;AL;NOTR;3;23.09.2026
ORGE;AL;;76,8;30,0;24,0;22,7;28;2;ilimli;17,1;53,5;54,8;yukari;guclu;yukselis;yukari;0,73;0,66;3;22,9;1,24;71648764;20,44;SAT;POZITIF;NOTR;NEGATIF;AZALIYOR;AL;AL;NOTR;3;23.09.2026
GMTAS;izle;;75,8;21,9;29,0;25,0;8;0;ilimli;16,9;56,3;68,5;asagi;guclu;yukselis;yukari;0,88;1,06;1;49,02;0,45;149095899;50,60;AL;POZITIF;NOTR;NEGATIF;AZALIYOR;AL;AL;NOTR;4;23.09.2026
LOGO;AL;;75,8;18,0;28,6;29,1;10;1;zayif;15,8;56,1;63,0;yukari;guclu;yukselis;yukari;1,28;0,90;2;143,5;-1,64;128023956;127,89;AL;POZITIF;NOTR;POZITIF;ARTIYOR;AL;AL;NOTR;5;23.09.2026
MPARK;AL;;75,0;26,1;27,1;21,9;6;0;ilimli;15,1;51,5;72,8;yukari;guclu;yukselis;yukari;0,82;0,24;3;433,25;-1,03;208112071;411,23;AL;POZITIF;NOTR;NEGATIF;AZALIYOR;AL;SAT;NOTR;3;23.09.2026
KRPLS;AL;;74,8;35,0;26,0;13,8;22;2;guclu trend;38,8;59,8;66,2;yukari;guclu;yukselis;yukari;0,71;1,73;2;12,45;5,96;64951550;11,28;SAT;POZITIF;AL;NEGATIF;AZALIYOR;SAT;AL;NOTR;3;23.09.2026
AYGAZ;izle;;73,7;30,4;23,6;19,7;40;4;guclu trend;32,2;46,7;57,2;yukari;guclu;yukselis;yukari;0,87;0,45;2;309;2,40;367756659;299,67;SAT;NEGATIF;SAT;NEGATIF;ARTIYOR;SAT;SAT;NOTR;0;23.09.2026
MEPET;izle;;73,3;11,5;28,6;33,2;0;0;zayif;15,9;57,8;65,7;asagi;guclu;yukselis;yukari;2,46;0,89;1;21,9;9,99;25368325;22,37;AL;POZITIF;NOTR;POZITIF;ARTIYOR;AL;AL;NOTR;5;23.09.2026
FLAP;AL;;73,0;35,0;24,7;13,4;0;0;guclu trend;33,7;56,8;62,2;yukari;guclu;yukselis;yukari;0,79;0,92;2;12,19;-0,08;13836784;10,92;SAT;POZITIF;AL;POZITIF;AZALIYOR;SAT;AL;NOTR;4;23.09.2026
SKYMD;AL;EVET;71,1;32,9;23,3;14,8;10;1;guclu trend;24,6;50,7;61,9;yukari;guclu;yukselis;yukari;0,90;0,36;2;15,54;6,88;53184174;14,07;SAT;POZITIF;AL;NEGATIF;ARTIYOR;SAT;AL;NOTR;3;23.09.2026
TAVHL;izle;;70,6;11,6;28,2;30,8;46;5;zayif;12,1;56,6;59,2;yukari;guclu;yukselis;yukari;1,08;0,72;3;281;1,08;1177607494;251,55;AL;POZITIF;NOTR;POZITIF;AZALIYOR;AL;SAT;NOTR;4;23.09.2026
VAKBN;izle;;70,0;23,7;24,8;21,5;0;0;guclu trend;21,5;53,7;64,5;asagi;guclu;yukselis;yukari;0,47;0,99;1;34,44;1,18;1466137422;38,36;SAT;POZITIF;AL;NEGATIF;AZALIYOR;AL;AL;NOTR;4;23.09.2026
KRTEK;AL;EVET;70,0;9,3;29,0;31,6;8;0;zayif;15,4;62,2;74,6;yukari;guclu;yukselis;yukari;3,06;1,09;1;6,29;9,97;14958067;5,00;AL;POZITIF;NOTR;POZITIF;ARTIYOR;AL;AL;NOTR;5;23.09.2026
DMLKT;AL;;69,3;30,4;23,1;15,8;10;0;guclu trend;30,2;52,0;45,3;yukari;guclu;yukselis;yukari;0,61;1,57;4;6,89;-0,29;28518551;6,62;SAT;POZITIF;SAT;NEGATIF;AZALIYOR;SAT;SAT;NOTR;1;23.09.2026
HALKB;AL;;69,0;31,6;22,9;14,5;10;1;guclu trend;21,2;53,3;29,9;yukari;guclu;yukselis;yukari;0,37;1,18;1;46,06;-1,12;1141419354;44,37;SAT;POZITIF;AL;NEGATIF;AZALIYOR;SAT;SAT;NOTR;2;23.09.2026
ASELS;izle;;68,8;21,2;22,7;24,9;0;0;guclu trend;20,7;49,9;50,5;asagi;guclu;zayif;yukari;0,84;0,08;2;381,5;1,87;9838915139;413,49;SAT;NEGATIF;SAT;NEGATIF;AZALIYOR;AL;AL;NOTR;2;23.09.2026
KCHOL;izle;;68,8;22,0;25,7;21,2;22;2;guclu trend;26,3;55,1;74,1;asagi;guclu;yukselis;yukari;0,77;1,36;2;221,1;0,00;5453364507;229,66;SAT;POZITIF;SAT;NEGATIF;AZALIYOR;AL;AL;NOTR;3;23.09.2026
CRFSA;izle;;68,7;27,0;25,1;16,6;40;4;guclu trend;31,6;52,1;38,9;asagi;guclu;yukselis;yukari;0,74;1,11;2;264,25;-2,85;458452082;305,34;SAT;POZITIF;AL;NEGATIF;AZALIYOR;AL;AL;NOTR;4;23.09.2026
ALARK;izle;;67,9;21,6;23,4;22,9;16;1;guclu trend;23,9;49,9;65,8;asagi;guclu;yukselis;yukari;0,76;0,40;3;109,2;0,37;349107377;117,47;SAT;NEGATIF;SAT;NEGATIF;AZALIYOR;SAT;AL;NOTR;1;23.09.2026
TUCLK;izle;;67,5;5,5;28,3;33,7;0;0;zayif;26,1;58,6;67,3;asagi;guclu;yukselis;yukari;1,82;0,78;2;4,09;3,02;79108359;4,11;AL;POZITIF;AL;POZITIF;ARTIYOR;AL;AL;NOTR;6;23.09.2026
ARSAN;izle;;67,1;24,4;23,7;19,0;0;0;guclu trend;23,3;51,3;56,3;asagi;guclu;yukselis;yukari;0,75;0,52;1;3,85;4,05;66397339;4,10;SAT;POZITIF;AL;NEGATIF;ARTIYOR;SAT;AL;NOTR;3;23.09.2026
ADGYO;izle;;67,1;14,5;23,2;29,4;6;0;ilimli;26,8;52,3;42,9;asagi;guclu;yukselis;yukari;1,48;0,31;3;56,9;9,95;102921346;57,79;SAT;POZITIF;SAT;NEGATIF;ARTIYOR;AL;AL;NOTR;3;23.09.2026
YKBNK;izle;;67,0;17,6;28,3;21,2;0;0;ilimli;17,7;54,8;60,6;asagi;guclu;yukselis;yukari;0,58;0,75;2;36,88;0,33;5503288699;37,23;AL;POZITIF;NOTR;POZITIF;AZALIYOR;AL;AL;NOTR;5;23.09.2026
EBEBK;izle;;66,5;21,2;23,2;22,1;32;3;ilimli;15,0;51,5;57,8;asagi;guclu;zayif;yukari;0,75;0,31;2;82,7;1,97;41368938;87,54;SAT;POZITIF;NOTR;NEGATIF;ARTIYOR;AL;AL;NOTR;3;23.09.2026
OZSUB;izle;;65,9;22,4;22,8;20,8;16;1;ilimli;18,1;46,7;26,2;asagi;guclu;zayif;yukari;1,54;0,13;3;39,04;-7,00;156009032;45,04;SAT;NEGATIF;NOTR;NEGATIF;ARTIYOR;AL;AL;NOTR;2;23.09.2026
KRGYO;izle;;65,5;22,4;23,1;19,9;10;1;guclu trend;37,2;53,7;59,7;asagi;guclu;yukselis;yukari;0,71;1,14;0;3,29;0,30;51470139;3,78;SAT;POZITIF;SAT;NEGATIF;AZALIYOR;SAT;AL;NOTR;2;23.09.2026
TRALT;izle;;64,8;20,4;22,3;22,1;16;1;zayif;15,0;47,9;65,5;asagi;guclu;zayif;yukari;0,84;-0,10;3;50,15;0,20;3988225540;56,70;SAT;NEGATIF;NOTR;NEGATIF;AZALIYOR;AL;AL;NOTR;2;23.09.2026
PETKM;izle;;64,1;23,2;25,7;15,1;10;1;guclu trend;20,3;57,1;39,0;asagi;guclu;yukselis;yukari;0,69;1,39;2;23;9,94;1800824376;25,30;SAT;POZITIF;AL;NEGATIF;ARTIYOR;SAT;AL;NOTR;3;23.09.2026
ENJSA;izle;;62,7;27,8;20,9;13,9;32;3;zayif;23,1;45,6;44,1;yukari;guclu;zayif;asagi;0,68;-0,43;2;109,1;0,00;309034805;106,65;SAT;NEGATIF;SAT;NEGATIF;AZALIYOR;SAT;AL;NOTR;1;23.09.2026
BRSAN;izle;;61,6;21,5;23,9;16,2;0;0;guclu trend;22,9;48,9;51,0;asagi;guclu;yukselis;yukari;0,70;0,60;2;667,5;-0,22;888315675;709,48;SAT;NEGATIF;SAT;NEGATIF;AZALIYOR;AL;AL;NOTR;2;23.09.2026
ALBRK;izle;;61,0;17,3;22,2;21,5;0;0;guclu trend;25,8;47,3;53,8;asagi;guclu;zayif;yukari;0,48;-0,13;2;8,52;-0,93;73416542;9,13;SAT;NEGATIF;SAT;NEGATIF;AZALIYOR;SAT;SAT;NOTR;0;23.09.2026
EGEEN;izle;;60,9;9,8;23,9;27,3;0;0;zayif;24,2;53,1;69,5;asagi;guclu;yukselis;yukari;1,45;0,60;2;5670;9,99;302245020;6130,57;SAT;POZITIF;AL;NEGATIF;ARTIYOR;SAT;SAT;UCUZ (AL);2;23.09.2026
GARAN;izle;;60,8;9,0;27,8;24,0;40;4;zayif;17,4;53,6;71,0;asagi;guclu;yukselis;yukari;0,66;0,54;2;133,8;-0,07;3195718403;136,38;AL;POZITIF;NOTR;NEGATIF;AZALIYOR;AL;AL;NOTR;4;23.09.2026
TRCAS;izle;;59,3;28,2;17,4;13,8;10;1;guclu trend;21,0;44,1;55,5;yukari;guclu;zayif;yukari;0,60;-0,21;1;46,1;-0,22;25272850;45,06;SAT;NEGATIF;SAT;NEGATIF;ARTIYOR;SAT;AL;NOTR;1;23.09.2026
AKBNK;izle;;59,0;12,1;24,2;22,6;32;3;zayif;17,5;54,7;55,1;asagi;guclu;yukselis;yukari;0,48;0,73;2;72,95;-0,21;6697071818;74,93;SAT;POZITIF;NOTR;NEGATIF;AZALIYOR;AL;AL;NOTR;3;23.09.2026
EREGL;izle;;58,8;14,9;25,0;18,9;10;1;zayif;16,9;51,8;48,4;asagi;guclu;zayif;yukari;0,68;-0,02;2;38,54;1,90;3844383075;40,26;AL;POZITIF;NOTR;NEGATIF;ARTIYOR;AL;AL;NOTR;4;23.09.2026
ISCTR;izle;;58,8;9,0;28,4;21,4;0;0;zayif;21,7;55,3;72,7;asagi;guclu;yukselis;yukari;0,45;0,82;2;13,64;0,96;4926484834;14,36;AL;POZITIF;SAT;NEGATIF;AZALIYOR;AL;AL;NOTR;4;23.09.2026
MAVI;izle;;58,6;13,0;27,5;18,1;6;0;zayif;24,9;55,6;60,7;yukari;guclu;zayif;asagi;0,88;0,44;3;38,78;0,73;269314031;33,49;AL;POZITIF;AL;POZITIF;AZALIYOR;AL;AL;NOTR;6;23.09.2026
AVGYO;izle;;57,2;20,2;22,9;14,1;40;5;ilimli;13,8;49,6;40,6;asagi;guclu;zayif;yukari;0,72;0,16;1;16,01;2,10;21651172;18,21;SAT;NEGATIF;NOTR;NEGATIF;AZALIYOR;SAT;SAT;NOTR;0;23.09.2026
KERVN;izle;;56,4;22,0;17,0;17,5;22;2;guclu trend;26,4;47,3;41,8;asagi;zayif;zayif;yukari;1,27;-0,33;1;8,4;9,95;14570086;8,63;SAT;NEGATIF;SAT;NEGATIF;ARTIYOR;AL;AL;NOTR;2;23.09.2026
INVES;izle;;56,3;21,2;16,2;18,9;0;0;guclu trend;20,5;41,9;37,8;asagi;guclu;zayif;yukari;0,30;-0,20;2;744;-1,06;15442464;846,10;SAT;NEGATIF;SAT;NEGATIF;AZALIYOR;SAT;SAT;NOTR;0;23.09.2026
KONYA;izle;;54,8;11,4;23,1;20,2;10;1;zayif;28,4;51,3;62,1;asagi;guclu;yukselis;asagi;1,16;0,28;2;3925;5,94;110924425;4312,77;SAT;POZITIF;AL;NEGATIF;ARTIYOR;SAT;AL;NOTR;3;23.09.2026
KLSYN;izle;;53,4;22,4;14,7;16,3;0;0;guclu trend;30,4;40,9;60,7;asagi;guclu;zayif;yukari;0,35;-0,72;1;14,07;1,88;18581911;16,20;SAT;NEGATIF;SAT;NEGATIF;AZALIYOR;SAT;AL;NOTR;1;23.09.2026
RGYAS;izle;;53,3;14,8;20,5;18,1;6;0;zayif;25,1;47,9;33,9;asagi;guclu;zayif;yukari;0,64;-0,31;3;197,6;-1,20;348745821;206,64;SAT;NEGATIF;SAT;NEGATIF;AZALIYOR;AL;AL;NOTR;2;23.09.2026
TNZTP;izle;;52,4;20,7;22,6;9,1;40;5;ilimli;16,9;47,0;50,9;asagi;guclu;zayif;yukari;0,51;0,06;1;28,62;-0,69;66020444;32,10;SAT;NEGATIF;NOTR;NEGATIF;AZALIYOR;SAT;AL;NOTR;1;23.09.2026
INDES;izle;;50,5;22,0;16,3;12,1;40;4;zayif;26,7;42,1;55,9;asagi;guclu;zayif;asagi;0,67;-0,75;2;10,73;-0,74;47313205;11,79;SAT;NEGATIF;SAT;NEGATIF;ARTIYOR;SAT;AL;NOTR;1;23.09.2026
ENKAI;izle;;50,1;8,7;22,9;18,5;6;0;ilimli;24,1;53,4;62,0;asagi;guclu;zayif;asagi;0,92;0,18;3;88,45;1,96;1130734098;92,02;SAT;POZITIF;SAT;NEGATIF;AZALIYOR;AL;AL;NOTR;3;23.09.2026
OTKAR;izle;;48,4;8,9;21,5;18,0;10;0;zayif;14,3;50,9;51,6;yukari;guclu;zayif;asagi;1,44;-0,43;4;315,75;2,60;152036783;298,05;SAT;POZITIF;NOTR;NEGATIF;ARTIYOR;AL;AL;UCUZ (AL);3;23.09.2026
EKGYO;izle;;48,1;4,0;22,9;21,1;10;1;zayif;20,5;51,2;54,4;asagi;guclu;yukselis;yukari;0,74;0,18;2;19,9;2,10;2642109070;21,81;SAT;POZITIF;SAT;NEGATIF;AZALIYOR;AL;AL;NOTR;3;23.09.2026
NETAS;izle;;47,8;22,4;17,4;8,0;0;0;guclu trend;35,0;40,9;47,1;asagi;guclu;zayif;yukari;0,42;-0,59;2;77,85;2,57;57492069;98,75;SAT;NEGATIF;SAT;NEGATIF;AZALIYOR;SAT;AL;NOTR;1;23.09.2026
EGGUB;izle;;47,6;12,9;21,4;13,2;0;0;zayif;20,2;46,0;57,7;asagi;guclu;zayif;asagi;0,73;-0,46;2;102,2;-2,29;42138900;112,63;SAT;NEGATIF;SAT;NEGATIF;AZALIYOR;SAT;AL;NOTR;1;23.09.2026
AKFIS;izle;;47,0;21,3;11,4;14,2;0;0;guclu trend;21,8;43,2;36,9;asagi;zayif;zayif;yukari;0,83;-0,70;2;14,46;9,05;218833215;17,46;SAT;NEGATIF;SAT;NEGATIF;ARTIYOR;SAT;SAT;PAHALI (SAT);0;23.09.2026
ATATP;izle;;46,0;22,2;13,9;10,0;28;2;guclu trend;28,0;41,5;40,7;asagi;zayif;zayif;yukari;0,82;-0,63;3;254,75;5,36;162967651;298,63;SAT;NEGATIF;SAT;NEGATIF;ARTIYOR;SAT;AL;NOTR;1;23.09.2026
GUBRF;izle;;45,8;9,6;21,1;15,1;22;2;zayif;29,4;45,9;57,2;asagi;guclu;zayif;asagi;0,96;-0,59;2;448,25;1,88;1517467897;485,59;SAT;NEGATIF;SAT;NEGATIF;AZALIYOR;SAT;AL;NOTR;1;23.09.2026
AKSA;izle;;45,0;14,7;20,9;9,5;0;0;zayif;23,4;47,2;64,8;yukari;zayif;zayif;asagi;0,61;-0,89;1;11;0,82;117180426;10,52;AL;NEGATIF;SAT;NEGATIF;AZALIYOR;AL;AL;NOTR;3;23.09.2026
YGGYO;izle;;44,1;14,1;16,6;13,5;0;0;zayif;19,8;44,8;55,1;asagi;guclu;zayif;asagi;0,38;-0,92;1;216,8;-0,18;10368460;236,77;SAT;NEGATIF;NOTR;NEGATIF;AZALIYOR;SAT;SAT;NOTR;0;23.09.2026
TRGYO;izle;;44,1;11,8;20,0;12,3;0;0;zayif;15,7;45,5;59,5;asagi;guclu;zayif;asagi;0,89;-0,65;2;92,6;-0,43;93974832;96,70;SAT;NEGATIF;NOTR;NEGATIF;AZALIYOR;AL;AL;NOTR;2;23.09.2026
BOSSA;izle;;44,0;15,9;16,5;11,6;0;0;zayif;19,4;44,7;75,1;yukari;guclu;zayif;asagi;0,60;-0,49;1;6,42;-0,31;15008695;6,19;SAT;NEGATIF;NOTR;NEGATIF;ARTIYOR;SAT;SAT;NOTR;0;23.09.2026
AVPGY;izle;;42,8;18,7;20,5;3,7;0;0;zayif;24,8;48,3;52,7;yukari;guclu;zayif;asagi;0,40;-0,14;2;54,05;-0,18;15282151;51,57;SAT;NEGATIF;AL;NEGATIF;AZALIYOR;SAT;SAT;NOTR;1;23.09.2026
AKSGY;izle;;42,4;20,7;15,6;6,1;16;1;zayif;26,4;41,1;40,4;asagi;guclu;zayif;asagi;0,30;-0,87;3;9,47;0,64;14650393;10,14;SAT;NEGATIF;SAT;NEGATIF;AZALIYOR;SAT;AL;NOTR;1;23.09.2026
OFSYM;izle;;42,2;22,3;18,1;1,8;16;1;zayif;37,2;41,9;36,0;yukari;guclu;zayif;asagi;0,27;-0,60;3;59,45;0,08;25985119;58,06;SAT;NEGATIF;SAT;NEGATIF;AZALIYOR;SAT;SAT;NOTR;0;23.09.2026
TRHOL;izle;;42,1;22,4;3,6;16,0;0;0;guclu trend;52,9;34,3;95,9;asagi;zayif;zayif;yukari;0,00;-1,62;0;2394;-10,00;45486;3218,43;SAT;NEGATIF;SAT;NEGATIF;ARTIYOR;SAT;AL;PAHALI (SAT);1;23.09.2026
ISGYO;izle;;42,1;15,2;21,3;5,6;0;0;zayif;18,8;47,2;49,4;asagi;zayif;zayif;asagi;0,70;-0,47;1;24,26;-2,49;33203473;25,73;AL;NEGATIF;NOTR;NEGATIF;AZALIYOR;AL;AL;NOTR;3;23.09.2026
MRSHL;izle;;42,1;13,5;12,5;16,1;0;0;zayif;18,3;43,2;49,3;yukari;zayif;zayif;asagi;1,19;-1,14;2;1540;2,67;71409800;1462,12;SAT;NEGATIF;NOTR;NEGATIF;ARTIYOR;SAT;SAT;NOTR;0;23.09.2026
EUKYO;izle;;41,5;22,4;1,0;18,0;40;4;zayif;42,2;28,4;58,7;asagi;zayif;zayif;asagi;2,99;-2,45;1;10,6;4,54;22571364;12,70;SAT;NEGATIF;SAT;NEGATIF;ARTIYOR;SAT;SAT;NOTR;0;23.09.2026
GLYHO;izle;;41,4;12,8;12,8;15,8;46;4;zayif;21,8;42,6;33,9;asagi;zayif;zayif;asagi;1,32;-1,31;3;15,76;-1,19;71725762;16,97;SAT;NEGATIF;SAT;NEGATIF;AZALIYOR;AL;AL;NOTR;2;23.09.2026
ARDYZ;izle;;41,2;15,4;7,8;18,0;6;0;zayif;37,5;37,6;35,8;asagi;zayif;zayif;asagi;1,47;-1,53;3;67;0,53;546311166;74,79;SAT;NEGATIF;SAT;NEGATIF;ARTIYOR;AL;AL;NOTR;2;23.09.2026
AGESA;izle;;41,1;19,6;16,4;5,1;6;0;zayif;28,1;41,9;61,4;asagi;guclu;zayif;asagi;0,54;-0,82;3;239,1;-0,66;27136176;262,88;SAT;NEGATIF;SAT;NEGATIF;AZALIYOR;SAT;AL;NOTR;1;23.09.2026
TTKOM;izle;;40,9;1,5;26,1;13,3;8;0;zayif;15,8;51,3;68,9;asagi;guclu;zayif;asagi;0,77;-0,17;1;54,5;0,74;1861565547;59,69;AL;POZITIF;NOTR;NEGATIF;AZALIYOR;AL;AL;NOTR;4;23.09.2026
CEOEM;izle;;40,9;11,3;15,9;13,7;0;0;zayif;21,9;43,0;69,9;asagi;guclu;zayif;asagi;1,04;-0,70;0;24,66;-9,93;78921124;32,41;SAT;NEGATIF;SAT;NEGATIF;ARTIYOR;SAT;SAT;NOTR;0;23.09.2026
TOASO;izle;;40,3;14,1;20,8;5,4;10;1;zayif;17,1;48,7;71,7;yukari;guclu;zayif;asagi;0,71;-0,28;1;279;-1,67;731502009;263,78;SAT;NEGATIF;NOTR;NEGATIF;AZALIYOR;SAT;SAT;NOTR;0;23.09.2026
FMIZP;izle;;39,8;1,4;20,8;17,6;38;3;zayif;22,2;49,4;57,3;asagi;guclu;zayif;asagi;3,15;-0,38;3;284,25;9,96;56563476;293,40;SAT;NEGATIF;SAT;NEGATIF;ARTIYOR;SAT;AL;NOTR;1;23.09.2026
TCELL;izle;;39,0;1,6;24,3;13,1;0;0;zayif;23,8;50,0;67,6;asagi;guclu;zayif;asagi;0,41;-0,49;2;100,8;0,50;1438987939;105,37;AL;POZITIF;SAT;NEGATIF;AZALIYOR;AL;AL;NOTR;4;23.09.2026
CCOLA;izle;;38,4;11,1;16,5;10,9;6;0;zayif;21,3;43,7;41,3;asagi;zayif;zayif;asagi;1,25;-1,24;3;77,85;-0,95;523264649;84,19;AL;NEGATIF;SAT;NEGATIF;AZALIYOR;SAT;SAT;NOTR;1;23.09.2026
SAHOL;izle;;37,8;3,7;22,1;12,1;28;2;zayif;25,0;49,1;66,2;asagi;guclu;zayif;asagi;0,80;-0,17;3;91,1;-0,05;2688858679;96,46;SAT;NEGATIF;SAT;NEGATIF;AZALIYOR;AL;AL;NOTR;2;23.09.2026
ULKER;izle;;37,7;1,7;19,7;16,3;42;3;zayif;24,6;48,5;61,7;asagi;guclu;zayif;asagi;0,89;-1,02;4;90,15;1,75;474297090;95,05;SAT;NEGATIF;SAT;NEGATIF;AZALIYOR;AL;AL;UCUZ (AL);2;23.09.2026
PNSUT;izle;;37,6;6,5;21,1;10,0;22;2;zayif;28,7;47,8;67,6;asagi;guclu;zayif;asagi;0,62;-0,51;2;10,9;4,31;38850031;11,96;SAT;NEGATIF;AL;NEGATIF;ARTIYOR;SAT;AL;NOTR;2;23.09.2026
OZYSR;izle;;37,6;10,1;16,3;11,2;6;0;zayif;28,5;47,0;41,8;asagi;zayif;zayif;asagi;0,85;-0,74;3;11,65;4,02;31398859;12,85;SAT;NEGATIF;SAT;NEGATIF;AZALIYOR;AL;AL;NOTR;2;23.09.2026
AZTEK;izle;;37,4;10,4;12,9;14,0;6;0;zayif;31,6;41,4;53,1;yukari;zayif;zayif;asagi;1,48;-2,01;3;3,48;-3,33;44620142;3,20;AL;NEGATIF;SAT;NEGATIF;ARTIYOR;AL;SAT;NOTR;2;23.09.2026
OYAKC;izle;;37,2;1,9;21,5;13,8;0;0;zayif;26,0;48,4;65,0;asagi;guclu;zayif;asagi;0,64;-0,33;2;21,16;-0,09;224212185;22,37;SAT;NEGATIF;SAT;NEGATIF;AZALIYOR;AL;AL;NOTR;2;23.09.2026
FROTO;izle;;37,0;1,7;20,5;14,8;32;3;zayif;24,7;48,7;60,4;asagi;guclu;zayif;asagi;0,75;-0,69;2;78,5;-0,88;1364764341;83,94;SAT;NEGATIF;SAT;NEGATIF;AZALIYOR;AL;AL;UCUZ (AL);2;23.09.2026
DMRGD;izle;;36,8;14,3;4,5;18,0;0;0;zayif;21,7;34,0;61,9;asagi;zayif;zayif;asagi;3,64;-2,14;0;9,12;1,00;1781319804;11,42;SAT;NEGATIF;SAT;NEGATIF;ARTIYOR;SAT;SAT;NOTR;0;23.09.2026
ZRGYO;izle;;36,7;13,9;17,3;5,5;40;4;zayif;18,9;44,2;40,4;yukari;guclu;zayif;asagi;0,67;-0,37;1;18,95;-1,81;27118852;18,80;SAT;NEGATIF;NOTR;NEGATIF;AZALIYOR;SAT;SAT;UCUZ (AL);0;23.09.2026
THYAO;izle;;36,7;2,4;24,2;10,1;0;0;zayif;23,3;50,6;66,3;asagi;guclu;zayif;asagi;0,70;-0,45;2;298,5;0,17;10193938877;301,24;AL;POZITIF;SAT;NEGATIF;AZALIYOR;AL;AL;NOTR;4;23.09.2026
TURSG;izle;;36,5;4,8;14,0;17,6;6;0;zayif;16,8;43,3;68,2;asagi;guclu;zayif;asagi;1,09;-1,01;3;6,02;-0,99;561498463;6,53;SAT;NEGATIF;NOTR;NEGATIF;AZALIYOR;SAT;SAT;NOTR;0;23.09.2026
AEFES;izle;;36,4;6,8;20,4;9,2;14;0;zayif;23,3;46,3;72,3;asagi;zayif;zayif;asagi;1,14;-1,01;3;18,82;-0,05;949989731;20,18;AL;NEGATIF;SAT;NEGATIF;AZALIYOR;AL;SAT;NOTR;2;23.09.2026
AYDEM;izle;;36,1;4,5;12,4;19,2;0;0;zayif;22,9;41,3;48,7;asagi;zayif;zayif;asagi;1,31;-1,34;2;24;0,84;71628144;26,22;SAT;NEGATIF;SAT;NEGATIF;ARTIYOR;SAT;AL;NOTR;1;23.09.2026
KNFRT;izle;;35,6;0,7;14,6;20,4;0;0;zayif;17,0;44,4;49,1;asagi;guclu;zayif;asagi;1,46;-1,05;1;11,33;5,89;56388288;12,77;SAT;NEGATIF;NOTR;NEGATIF;AZALIYOR;SAT;AL;NOTR;1;23.09.2026
KRDMA;izle;;35,5;22,4;8,3;4,8;16;1;zayif;29,3;37,8;34,2;asagi;zayif;zayif;asagi;0,99;-1,29;3;43,3;2,56;475276215;54,09;SAT;NEGATIF;SAT;NEGATIF;ARTIYOR;SAT;AL;NOTR;1;23.09.2026
YEOTK;izle;;35,1;11,8;16,5;6,8;10;0;zayif;19,1;46,1;52,0;asagi;zayif;zayif;asagi;1,11;-1,27;4;32,4;-0,18;630359593;35,85;AL;NEGATIF;NOTR;NEGATIF;AZALIYOR;AL;AL;NOTR;3;23.09.2026
VBTYZ;izle;;35,1;21,1;6,5;7,5;46;5;zayif;31,8;33,2;25,3;asagi;zayif;zayif;asagi;0,91;-2,05;3;28,54;2,96;49602920;33,71;SAT;NEGATIF;SAT;NEGATIF;ARTIYOR;SAT;AL;NOTR;1;23.09.2026
ALTIN;izle;;34,7;8,0;19,3;7,3;0;0;zayif;14,2;45,7;41,9;asagi;guclu;zayif;asagi;0,78;-0,53;0;73,3;-1,15;972966315;77,41;SAT;NEGATIF;NOTR;NEGATIF;AZALIYOR;SAT;SAT;UCUZ (AL);0;23.09.2026
BESLR;izle;;34,2;1,7;12,1;20,5;28;2;zayif;24,2;41,6;48,5;asagi;zayif;zayif;asagi;1,58;-1,83;3;12,05;3,52;46811286;12,95;SAT;NEGATIF;SAT;NEGATIF;ARTIYOR;SAT;AL;NOTR;1;23.09.2026
MTRYO;izle;;34,1;0,9;23,4;9,8;16;1;zayif;19,0;48,7;68,8;asagi;guclu;zayif;asagi;0,81;-0,51;3;8,8;-1,68;2218550;9,34;AL;NEGATIF;NOTR;NEGATIF;AZALIYOR;AL;AL;NOTR;3;23.09.2026
MRGYO;izle;;34,0;12,4;3,5;18,0;0;0;zayif;39,8;36,7;79,7;asagi;zayif;zayif;asagi;1,66;-2,17;0;1,27;-9,93;397559052;1,81;SAT;NEGATIF;SAT;NEGATIF;AZALIYOR;SAT;SAT;NOTR;0;23.09.2026
LMKDC;izle;;33,4;1,4;21,8;10,2;16;1;zayif;22,0;48,6;63,5;asagi;guclu;zayif;asagi;0,63;-1,13;3;22,76;-0,18;66939846;23,16;AL;NEGATIF;SAT;NEGATIF;AZALIYOR;AL;SAT;UCUZ (AL);2;23.09.2026
ISFIN;izle;;33,4;5,3;14,4;13,8;10;0;zayif;22,1;42,6;50,4;asagi;guclu;zayif;asagi;1,01;-1,16;4;18,8;-0,21;33270191;19,51;SAT;NEGATIF;SAT;NEGATIF;AZALIYOR;AL;AL;NOTR;2;23.09.2026
PGSUS;izle;;33,2;0,3;22,8;10,1;8;0;zayif;14,3;47,6;70,3;asagi;guclu;zayif;asagi;0,60;-1,03;1;150,3;-0,66;1017772983;158,55;AL;NEGATIF;NOTR;NEGATIF;AZALIYOR;AL;AL;UCUZ (AL);3;23.09.2026
TTRAK;izle;;32,6;1,9;17,1;13,6;6;0;zayif;26,3;44,5;35,1;asagi;guclu;zayif;asagi;0,65;-0,99;3;413,75;0,67;27240886;443,90;SAT;NEGATIF;SAT;NEGATIF;AZALIYOR;SAT;SAT;UCUZ (AL);0;23.09.2026
PETUN;izle;;32,6;7,0;15,0;10,6;38;3;zayif;33,1;43,2;66,8;asagi;guclu;zayif;asagi;0,55;-1,09;3;10,86;4,32;22107083;11,99;SAT;NEGATIF;AL;NEGATIF;ARTIYOR;SAT;AL;NOTR;2;23.09.2026
PCILT;izle;;32,1;12,8;18,5;0,8;0;0;zayif;12,5;47,1;37,3;asagi;guclu;zayif;asagi;0,71;-0,57;2;30,84;-0,77;40751729;33,97;SAT;NEGATIF;NOTR;POZITIF;AZALIYOR;AL;AL;NOTR;3;23.09.2026
BIGEN;izle;;31,7;22,2;1,5;8,0;0;0;zayif;27,8;30,0;72,4;asagi;zayif;zayif;asagi;0,01;-3,23;0;83,55;-9,97;4245593;121,80;SAT;NEGATIF;SAT;NEGATIF;AZALIYOR;SAT;SAT;PAHALI (SAT);0;23.09.2026
OZKGY;izle;;31,4;1,8;12,9;16,7;10;0;zayif;25,4;40,9;40,5;asagi;guclu;zayif;asagi;1,22;-1,59;4;12,35;0,00;49932050;13,15;SAT;NEGATIF;SAT;NEGATIF;AZALIYOR;AL;AL;NOTR;2;23.09.2026
BLUME;izle;;31,1;1,5;20,2;9,5;16;1;zayif;22,7;46,5;24,7;asagi;guclu;zayif;asagi;0,79;-0,45;3;35,96;9,84;83400518;40,56;SAT;NEGATIF;SAT;NEGATIF;ARTIYOR;SAT;AL;UCUZ (AL);1;23.09.2026
TURGG;izle;;30,6;2,3;16,3;12,0;32;3;zayif;28,9;44,7;56,2;asagi;guclu;zayif;asagi;0,92;-0,77;0;26,5;7,20;35224171;30,52;SAT;NEGATIF;SAT;NEGATIF;ARTIYOR;SAT;AL;NOTR;1;23.09.2026
ISMEN;izle;;30,5;9,0;14,0;7,6;6;0;zayif;19,5;44,9;44,0;yukari;guclu;zayif;asagi;0,87;-1,10;3;33,24;-0,78;231498252;32,52;SAT;NEGATIF;NOTR;NEGATIF;AZALIYOR;SAT;SAT;UCUZ (AL);0;23.09.2026
OZATD;izle;;30,4;22,4;0,0;8,0;32;3;zayif;35,1;21,2;73,7;asagi;zayif;zayif;asagi;0,00;-4,18;1;2652,5;-9,93;1312988;3546,28;SAT;NEGATIF;SAT;NEGATIF;ARTIYOR;SAT;AL;PAHALI (SAT);1;23.09.2026
ASTOR;izle;;30,3;15,4;8,6;6,2;32;3;zayif;30,7;40,5;46,9;asagi;zayif;zayif;asagi;0,83;-1,81;2;266;3,00;8095618762;300,62;SAT;NEGATIF;SAT;NEGATIF;AZALIYOR;AL;AL;NOTR;2;23.09.2026
MGROS;izle;;29,8;2,4;18,1;9,2;0;0;zayif;34,9;46,4;73,8;asagi;zayif;zayif;asagi;0,77;-1,83;2;537;-0,37;1419575073;553,46;AL;NEGATIF;SAT;POZITIF;AZALIYOR;AL;AL;NOTR;4;23.09.2026
EGPRO;izle;;29,6;10,6;14,8;4,2;10;0;zayif;24,4;43,7;48,1;asagi;guclu;zayif;asagi;0,56;-1,07;4;34,5;-0,75;30490100;39,72;SAT;NEGATIF;SAT;NEGATIF;AZALIYOR;SAT;AL;NOTR;1;23.09.2026
BMSTL;izle;;29,5;17,3;11,9;0,3;22;2;zayif;22,2;40,9;55,7;asagi;zayif;zayif;asagi;0,57;-0,99;0;42,7;-4,81;93213630;51,61;SAT;NEGATIF;AL;NEGATIF;ARTIYOR;SAT;SAT;NOTR;1;23.09.2026
TCKRC;izle;;29,2;15,4;10,0;3,8;0;0;zayif;33,2;43,2;40,7;asagi;zayif;zayif;asagi;0,93;-1,26;2;128,8;6,10;368247958;138,23;SAT;NEGATIF;SAT;NEGATIF;ARTIYOR;AL;AL;NOTR;2;23.09.2026
TUREX;izle;;29,2;10,4;8,8;10,0;0;0;zayif;29,5;41,1;34,3;yukari;zayif;zayif;asagi;2,07;-2,98;2;5,58;9,84;143370606;4,69;SAT;NEGATIF;SAT;NEGATIF;ARTIYOR;AL;AL;NOTR;2;23.09.2026
CLEBI;izle;;28,9;1,2;14,7;13,1;6;0;zayif;20,8;44,6;50,9;asagi;guclu;zayif;asagi;1,05;-1,63;3;1418;-0,77;34543898;1485,54;SAT;NEGATIF;SAT;NEGATIF;AZALIYOR;AL;AL;NOTR;2;23.09.2026
KOCMT;izle;;28,8;4,5;6,4;18,0;0;0;zayif;22,9;32,9;71,6;asagi;zayif;zayif;asagi;2,61;-3,42;0;2,76;9,96;490663203;3,66;SAT;NEGATIF;SAT;NEGATIF;ARTIYOR;SAT;SAT;NOTR;0;23.09.2026
LIDFA;izle;;28,8;0,7;18,6;9,5;6;0;zayif;17,0;45,7;61,9;asagi;zayif;zayif;asagi;0,79;-1,30;3;1,64;0,61;24311467;1,70;AL;NEGATIF;NOTR;NEGATIF;AZALIYOR;AL;AL;NOTR;3;23.09.2026
OYYAT;izle;;27,8;1,3;8,5;18,0;0;0;zayif;21,8;39,9;64,0;asagi;zayif;zayif;asagi;3,84;-2,52;1;30,98;0,26;118960257;32,28;SAT;NEGATIF;SAT;NEGATIF;ARTIYOR;AL;AL;NOTR;2;23.09.2026
BJKAS;izle;;27,8;11,8;4,2;11,8;0;0;zayif;25,0;38,0;68,4;asagi;zayif;zayif;asagi;0,93;-1,80;1;1,7;-8,11;641595426;2,41;SAT;NEGATIF;SAT;NEGATIF;AZALIYOR;SAT;AL;NOTR;1;23.09.2026
ANHYT;izle;;27,8;3,9;13,7;10,2;6;0;zayif;15,9;44,0;57,7;asagi;guclu;zayif;asagi;0,71;-0,87;3;102,5;-0,97;72521415;112,43;SAT;NEGATIF;NOTR;NEGATIF;AZALIYOR;SAT;AL;NOTR;1;23.09.2026
IHGZT;izle;;27,8;1,7;8,1;18,0;0;0;zayif;24,1;37,0;69,5;asagi;zayif;zayif;asagi;1,46;-2,17;1;1,08;2,86;53438874;1,24;SAT;NEGATIF;SAT;NEGATIF;ARTIYOR;SAT;AL;UCUZ (AL);1;23.09.2026
PSDTC;izle;;27,4;5,2;5,2;17,0;46;4;zayif;28,0;29,0;33,2;asagi;zayif;zayif;asagi;1,24;-3,61;3;101,7;0,10;57006003;124,59;SAT;NEGATIF;SAT;NEGATIF;AZALIYOR;SAT;AL;NOTR;1;23.09.2026
MARTI;izle;;27,2;12,4;6,7;8,0;0;0;zayif;47,7;39,3;77,5;asagi;zayif;zayif;asagi;0,02;-1,31;1;1,63;-9,94;5403256;2,33;SAT;NEGATIF;SAT;NEGATIF;AZALIYOR;SAT;AL;NOTR;1;23.09.2026
AKSEN;izle;;26,7;5,4;7,9;13,4;0;0;zayif;32,1;37,9;40,3;asagi;zayif;zayif;asagi;1,02;-2,54;2;70,8;3,21;537819102;77,56;SAT;NEGATIF;SAT;NEGATIF;AZALIYOR;AL;AL;NOTR;2;23.09.2026
SEGYO;izle;;26,5;2,4;6,0;18,0;10;0;zayif;40,7;31,8;44,6;asagi;zayif;zayif;asagi;2,39;-4,39;4;2,99;1,70;32002691;3,22;SAT;NEGATIF;SAT;NEGATIF;ARTIYOR;AL;AL;UCUZ (AL);2;23.09.2026
SISE;izle;;26,4;1,2;19,2;5,9;10;1;zayif;21,1;47,2;69,0;asagi;guclu;zayif;asagi;0,44;-0,74;2;40,4;0,35;1569815811;45,53;SAT;NEGATIF;SAT;NEGATIF;AZALIYOR;SAT;AL;NOTR;1;23.09.2026
KBORU;izle;;26,2;2,4;5,8;18,0;6;0;zayif;39,4;30,9;43,5;asagi;zayif;zayif;asagi;2,04;-4,49;3;13,44;6,67;361367126;15,54;SAT;NEGATIF;SAT;NEGATIF;ARTIYOR;AL;AL;NOTR;2;23.09.2026
MAKIM;izle;;26,1;1,8;6,3;18,0;6;0;zayif;25,5;32,5;47,0;asagi;zayif;zayif;asagi;3,01;-3,26;3;13;4,42;36062351;14,48;SAT;NEGATIF;SAT;NEGATIF;ARTIYOR;AL;AL;NOTR;2;23.09.2026
SANKO;izle;;26,1;7,0;10,1;8,9;0;0;zayif;30,0;40,0;64,9;asagi;guclu;zayif;asagi;0,21;-1,46;2;18,32;-1,40;1979018;21,15;SAT;NEGATIF;AL;NEGATIF;AZALIYOR;SAT;SAT;NOTR;1;23.09.2026
POLHO;izle;;25,8;6,3;8,1;11,4;32;2;zayif;32,8;38,6;26,0;asagi;zayif;zayif;asagi;1,53;-1,82;5;19,49;9,13;64322087;21,16;SAT;NEGATIF;SAT;NEGATIF;ARTIYOR;SAT;AL;NOTR;1;23.09.2026
DURDO;izle;;25,6;9,1;10,2;6,3;50;4;zayif;25,4;40,2;41,8;asagi;zayif;zayif;asagi;0,88;-1,60;4;4,62;-1,07;10865565;5,10;SAT;NEGATIF;SAT;NEGATIF;AZALIYOR;SAT;AL;NOTR;1;23.09.2026
TATGD;izle;;25,6;6,2;14,0;5,4;10;0;zayif;13,9;44,5;53,6;asagi;zayif;zayif;asagi;0,54;-1,23;4;17,02;0,59;21026287;18,28;SAT;NEGATIF;NOTR;NEGATIF;AZALIYOR;AL;AL;NOTR;2;23.09.2026
BASGZ;izle;;25,4;1,6;10,5;13,2;22;2;zayif;24,1;37,4;48,3;asagi;zayif;zayif;asagi;0,85;-1,86;2;41,5;0,73;11533805;45,41;SAT;NEGATIF;SAT;NEGATIF;AZALIYOR;SAT;SAT;NOTR;0;23.09.2026
KARSN;izle;;25,3;12,4;4,7;8,1;0;0;zayif;31,7;40,7;67,4;asagi;zayif;zayif;asagi;0,71;-1,59;0;9,7;-3,58;392948698;12,37;SAT;NEGATIF;SAT;NEGATIF;AZALIYOR;SAT;AL;NOTR;1;23.09.2026
ECILC;izle;;25,2;2,1;9,0;14,0;16;1;zayif;27,5;41,8;58,8;asagi;zayif;zayif;asagi;1,41;-2,05;3;63,75;1,03;584320643;69,49;SAT;NEGATIF;SAT;NEGATIF;ARTIYOR;AL;AL;NOTR;2;23.09.2026
NTGAZ;izle;;24,9;1,5;13,2;10,1;38;3;zayif;23,3;40,6;49,0;asagi;guclu;zayif;asagi;0,81;-1,39;3;10,63;0,00;29991089;11,69;SAT;NEGATIF;SAT;NEGATIF;AZALIYOR;SAT;AL;NOTR;1;23.09.2026
ALCAR;izle;;24,7;2,5;6,9;15,3;0;0;zayif;18,4;39,7;64,1;asagi;zayif;zayif;asagi;1,14;-1,70;2;656;0,31;38455376;759,45;SAT;NEGATIF;NOTR;NEGATIF;ARTIYOR;SAT;SAT;UCUZ (AL);0;23.09.2026
PINSU;izle;;24,6;1,9;4,7;18,0;28;2;zayif;26,0;27,3;54,3;asagi;zayif;zayif;asagi;2,08;-3,17;3;9,06;0,89;77669314;9,98;SAT;NEGATIF;SAT;NEGATIF;ARTIYOR;SAT;AL;UCUZ (AL);1;23.09.2026
DITAS;izle;;24,4;2,4;4,0;18,0;0;0;zayif;40,4;22,8;42,3;asagi;zayif;zayif;asagi;4,02;-6,68;2;10,89;10,00;162202172;14,67;SAT;NEGATIF;SAT;NEGATIF;ARTIYOR;SAT;AL;UCUZ (AL);1;23.09.2026
DOHOL;izle;;24,0;5,6;12,7;5,7;6;0;zayif;20,6;40,0;38,2;asagi;guclu;zayif;asagi;0,77;-1,36;3;20,24;-0,10;209226264;22,13;SAT;NEGATIF;SAT;NEGATIF;AZALIYOR;SAT;AL;NOTR;1;23.09.2026
VKGYO;izle;;23,7;2,4;6,7;14,6;0;0;zayif;30,5;33,5;42,5;asagi;zayif;zayif;asagi;1,09;-3,13;2;1,75;0,57;55115760;1,91;SAT;NEGATIF;SAT;NEGATIF;AZALIYOR;SAT;AL;NOTR;1;23.09.2026
AKCNS;izle;;23,7;9,5;8,8;5,4;32;2;zayif;26,5;41,1;33,8;asagi;zayif;zayif;asagi;0,95;-1,77;4;209;10,00;131076231;225,55;SAT;NEGATIF;SAT;NEGATIF;ARTIYOR;SAT;AL;NOTR;1;23.09.2026
USHOL;izle;;23,6;7,8;7,7;8,0;40;4;zayif;26,4;37,5;45,5;asagi;zayif;zayif;asagi;1,18;-1,87;2;64,6;-1,00;46656123;76,85;SAT;NEGATIF;SAT;NEGATIF;AZALIYOR;AL;AL;NOTR;2;23.09.2026
GSDDE;izle;;23,6;10,4;9,1;4,0;0;0;zayif;17,1;40,6;44,0;asagi;zayif;zayif;asagi;0,45;-1,13;1;12,25;-1,21;23294576;14,87;SAT;NEGATIF;NOTR;NEGATIF;AZALIYOR;SAT;SAT;NOTR;0;23.09.2026
VANGD;izle;;23,4;5,4;4,0;14,0;0;0;zayif;30,6;21,9;43,7;asagi;zayif;zayif;asagi;1,75;-4,38;2;62,75;-3,16;22234019;78,06;SAT;NEGATIF;SAT;NEGATIF;ARTIYOR;SAT;AL;NOTR;1;23.09.2026
EUPWR;izle;;23,0;6,5;7,9;8,5;10;1;zayif;34,9;38,1;45,2;asagi;zayif;zayif;asagi;0,73;-2,42;2;64,15;-6,01;1308787594;76,39;SAT;NEGATIF;SAT;NEGATIF;AZALIYOR;AL;AL;NOTR;2;23.09.2026
HLGYO;izle;;22,6;4,0;10,5;8,2;42;3;zayif;22,2;43,1;58,0;asagi;zayif;zayif;asagi;0,71;-2,27;4;4,19;1,45;96426406;4,57;SAT;NEGATIF;AL;NEGATIF;AZALIYOR;AL;AL;NOTR;3;23.09.2026
MIATK;izle;;22,6;2,1;2,5;18,0;0;0;zayif;27,6;33,2;74,2;asagi;zayif;zayif;asagi;3,15;-3,51;0;22,56;9,94;1880101873;28,61;SAT;NEGATIF;SAT;NEGATIF;ARTIYOR;SAT;SAT;UCUZ (AL);0;23.09.2026
YKSLN;izle;;22,6;7,4;5,2;10,0;0;0;zayif;29,6;39,8;65,6;asagi;zayif;zayif;asagi;4,12;-1,90;1;2,72;-9,93;193500958;3,79;SAT;NEGATIF;SAT;NEGATIF;ARTIYOR;SAT;SAT;NOTR;0;23.09.2026
BALAT;izle;;22,6;1,5;6,3;14,8;22;2;zayif;23,0;32,7;34,0;asagi;zayif;zayif;asagi;1,11;-4,36;2;60,1;1,01;2550945;66,53;SAT;NEGATIF;SAT;NEGATIF;AZALIYOR;SAT;AL;UCUZ (AL);1;23.09.2026
CATES;izle;;22,4;12,4;0,0;10,0;0;0;zayif;38,1;22,2;25,4;asagi;zayif;zayif;asagi;4,93;-4,48;2;33,54;-9,98;505773104;49,11;SAT;NEGATIF;SAT;NEGATIF;AZALIYOR;SAT;SAT;NOTR;0;23.09.2026
ATEKS;izle;;22,4;10,4;12,0;0,0;6;0;zayif;37,2;45,6;53,4;yukari;zayif;zayif;asagi;0,69;-2,24;3;92,4;10,00;768306;81,87;SAT;NEGATIF;SAT;NEGATIF;ARTIYOR;AL;AL;NOTR;2;23.09.2026
SEKFK;izle;;22,4;2,4;8,3;11,6;6;0;zayif;32,8;39,4;26,8;asagi;zayif;zayif;asagi;1,16;-2,43;3;4,17;4,25;2603890;4,48;SAT;NEGATIF;SAT;NEGATIF;ARTIYOR;AL;AL;NOTR;2;23.09.2026
ODAS;izle;;22,4;5,8;10,0;6,6;46;4;zayif;20,4;42,5;47,1;asagi;zayif;zayif;asagi;0,85;-1,46;3;6,9;3,76;404566279;7,59;SAT;NEGATIF;SAT;NEGATIF;AZALIYOR;SAT;AL;NOTR;1;23.09.2026
EPLAS;izle;;22,2;5,9;12,2;4,0;22;2;zayif;27,3;43,5;26,7;asagi;zayif;zayif;asagi;0,55;-0,96;2;5,38;-1,82;20731991;6,67;SAT;NEGATIF;AL;NEGATIF;AZALIYOR;SAT;SAT;NOTR;1;23.09.2026
GLRMK;izle;;22,1;2,0;8,4;11,8;32;3;zayif;26,7;39,5;45,4;asagi;zayif;zayif;asagi;0,93;-1,64;2;147,2;1,31;788274989;167,95;SAT;NEGATIF;SAT;NEGATIF;AZALIYOR;SAT;AL;NOTR;1;23.09.2026
EMNIS;izle;;22,0;0,8;10,9;10,4;10;0;zayif;17,6;42,6;33,4;asagi;zayif;zayif;asagi;0,97;-2,08;4;143,7;3,16;1108646;146,11;SAT;NEGATIF;NOTR;NEGATIF;ARTIYOR;SAT;AL;NOTR;1;23.09.2026
ANSGR;izle;;22,0;4,0;10,3;7,7;0;0;zayif;19,2;39,1;56,0;asagi;zayif;zayif;asagi;0,41;-1,65;1;25,82;-0,54;47613500;28,02;SAT;NEGATIF;NOTR;NEGATIF;AZALIYOR;SAT;SAT;NOTR;0;23.09.2026
SMRTG;izle;;22,0;2,4;4,0;15,5;0;0;zayif;38,1;17,3;19,4;asagi;zayif;zayif;asagi;1,15;-6,77;1;5,44;-2,16;179757304;7,05;SAT;NEGATIF;SAT;NEGATIF;AZALIYOR;SAT;AL;NOTR;1;23.09.2026
TSKB;izle;;21,9;1,2;13,9;6,8;10;1;zayif;20,9;44,4;49,6;asagi;guclu;zayif;asagi;0,85;-1,13;2;10,77;-0,92;200813834;11,64;SAT;NEGATIF;SAT;NEGATIF;AZALIYOR;SAT;SAT;UCUZ (AL);0;23.09.2026
BINHO;izle;;21,9;2,1;5,8;14,0;0;0;zayif;27,3;31,1;60,9;asagi;zayif;zayif;asagi;1,34;-3,61;2;7,08;7,44;314174490;8,24;SAT;NEGATIF;SAT;NEGATIF;ARTIYOR;SAT;AL;NOTR;1;23.09.2026
EFOR;izle;;21,8;10,4;3,5;8,0;0;0;zayif;14,8;32,8;57,3;asagi;zayif;zayif;asagi;0,05;-2,57;1;14,26;-9,97;54651778;18,83;SAT;NEGATIF;NOTR;NEGATIF;ARTIYOR;SAT;SAT;NOTR;0;23.09.2026
BRISA;izle;;21,8;1,0;11,5;9,2;6;0;zayif;19,5;42,3;66,2;asagi;zayif;zayif;asagi;1,15;-1,91;3;73;-0,41;15770190;80,01;SAT;NEGATIF;NOTR;NEGATIF;AZALIYOR;AL;SAT;UCUZ (AL);1;23.09.2026
RAYSG;izle;;21,8;2,4;6,4;13,0;10;0;zayif;29,7;32,9;42,7;asagi;zayif;zayif;asagi;1,24;-3,47;5;136,8;1,41;22256539;150,30;SAT;NEGATIF;SAT;NEGATIF;ARTIYOR;AL;AL;UCUZ (AL);2;23.09.2026
GEDIK;izle;;21,8;1,7;6,1;14,0;0;0;zayif;24,2;32,0;59,7;asagi;zayif;zayif;asagi;1,60;-2,89;2;5,22;-0,19;70274250;5,68;SAT;NEGATIF;SAT;NEGATIF;AZALIYOR;AL;AL;NOTR;2;23.09.2026
TDGYO;izle;;21,6;2,3;1,3;18,0;0;0;zayif;29,1;29,1;64,8;asagi;zayif;zayif;asagi;1,59;-3,12;1;12;-0,91;33105456;16,62;SAT;NEGATIF;SAT;NEGATIF;ARTIYOR;SAT;AL;UCUZ (AL);1;23.09.2026
FONET;izle;;21,5;5,4;6,7;9,4;6;0;zayif;37,0;33,9;41,0;asagi;zayif;zayif;asagi;0,78;-2,52;3;4,24;0,24;51309495;4,63;SAT;NEGATIF;SAT;NEGATIF;AZALIYOR;AL;AL;NOTR;2;23.09.2026
BASCM;izle;;21,2;2,4;4,7;14,0;20;1;zayif;30,0;27,3;30,3;asagi;zayif;zayif;asagi;1,50;-5,53;4;11,21;1,82;1559715;11,95;SAT;NEGATIF;SAT;NEGATIF;ARTIYOR;SAT;AL;UCUZ (AL);1;23.09.2026
DOFRB;izle;;21,1;5,4;4,5;11,2;0;0;zayif;34,7;26,6;27,7;asagi;zayif;zayif;asagi;1,13;-5,09;2;85,75;1,48;455526638;104,44;SAT;NEGATIF;SAT;NEGATIF;AZALIYOR;AL;AL;NOTR;2;23.09.2026
ECZYT;izle;;21,1;2,4;4,6;14,0;0;0;zayif;35,3;27,1;55,5;asagi;zayif;zayif;asagi;2,63;-4,61;2;231,6;-0,43;298771411;260,96;SAT;NEGATIF;SAT;NEGATIF;ARTIYOR;AL;AL;NOTR;2;23.09.2026
SNPAM;izle;;21,0;0,6;13,5;6,9;10;1;zayif;16,5;42,9;39,5;asagi;guclu;zayif;asagi;0,56;-2,00;2;18,78;1,62;504356;19,88;SAT;NEGATIF;NOTR;NEGATIF;AZALIYOR;AL;AL;UCUZ (AL);2;23.09.2026
KZGYO;izle;;20,9;7,4;1,9;11,6;0;0;zayif;34,1;31,3;62,0;asagi;zayif;zayif;asagi;0,92;-3,31;1;16;-2,56;83097568;22,21;SAT;NEGATIF;SAT;NEGATIF;AZALIYOR;SAT;SAT;UCUZ (AL);0;23.09.2026
CANTE;izle;;20,9;2,4;8,8;9,6;0;0;zayif;31,3;41,0;51,9;asagi;zayif;zayif;asagi;0,74;-1,55;2;1,17;0,00;453275415;1,40;SAT;NEGATIF;SAT;NEGATIF;AZALIYOR;SAT;AL;UCUZ (AL);1;23.09.2026
EGEGY;izle;;20,8;2,4;4,4;14,0;40;4;zayif;40,0;26,2;31,3;asagi;zayif;zayif;asagi;3,03;-5,08;2;16,26;6,34;299029237;21,18;SAT;NEGATIF;SAT;NEGATIF;AZALIYOR;SAT;AL;UCUZ (AL);1;23.09.2026
ENTRA;izle;;20,8;1,5;11,4;8,0;0;0;zayif;22,7;43,9;57,1;asagi;zayif;zayif;asagi;0,62;-1,42;0;4,15;1,72;51265817;4,51;SAT;NEGATIF;SAT;NEGATIF;AZALIYOR;AL;AL;NOTR;2;23.09.2026
IEYHO;izle;;20,6;12,6;0,0;8,0;0;0;zayif;72,9;17,9;99,0;asagi;zayif;zayif;asagi;0,00;-6,62;0;122,4;-9,93;137578;153,09;SAT;NEGATIF;SAT;NEGATIF;ARTIYOR;SAT;AL;NOTR;1;23.09.2026
ICUGS;izle;;20,4;2,4;4,0;14,0;0;0;zayif;43,6;18,1;55,5;asagi;zayif;zayif;asagi;2,71;-6,81;2;2,23;5,69;108507501;3,03;SAT;NEGATIF;SAT;NEGATIF;ARTIYOR;SAT;AL;NOTR;1;23.09.2026
VRGYO;izle;;20,4;2,4;0,0;18,0;10;1;zayif;31,9;15,7;36,2;asagi;zayif;zayif;asagi;3,51;-6,69;2;1,2;1,69;54929885;1,43;SAT;NEGATIF;SAT;NEGATIF;ARTIYOR;SAT;AL;UCUZ (AL);1;23.09.2026
SELEC;izle;;20,4;12,4;0,0;8,0;0;0;zayif;44,2;22,8;96,1;asagi;zayif;zayif;asagi;0,00;-5,03;0;155,4;-9,97;1279253;220,99;SAT;NEGATIF;SAT;NEGATIF;AZALIYOR;SAT;SAT;NOTR;0;23.09.2026
ANELE;izle;;20,4;12,4;0,0;8,0;0;0;zayif;38,3;22,2;24,9;asagi;zayif;zayif;asagi;0,00;-4,82;0;76,65;-9,98;141343;115,93;SAT;NEGATIF;SAT;NEGATIF;AZALIYOR;SAT;SAT;NOTR;0;23.09.2026
ALKLC;izle;;20,4;12,4;0,0;8,0;10;1;zayif;58,5;20,9;96,9;asagi;zayif;zayif;asagi;0,00;-5,71;0;276,75;-10,00;538556;357,50;SAT;NEGATIF;SAT;NEGATIF;ARTIYOR;SAT;AL;NOTR;1;23.09.2026
KMPUR;izle;;20,1;5,4;7,0;7,6;6;0;zayif;36,2;34,9;47,1;asagi;zayif;zayif;asagi;1,16;-2,50;3;16,4;3,80;35399187;18,55;SAT;NEGATIF;SAT;NEGATIF;ARTIYOR;SAT;AL;NOTR;1;23.09.2026
SONME;izle;;20,0;5,8;8,2;6,1;10;0;zayif;26,8;34,0;33,3;asagi;zayif;zayif;asagi;1,06;-1,20;4;124,9;-0,56;4833755;146,09;SAT;NEGATIF;AL;NEGATIF;AZALIYOR;SAT;AL;UCUZ (AL);2;23.09.2026
TABGD;izle;;20,0;1,0;7,3;11,6;0;0;zayif;19,7;36,2;40,6;asagi;zayif;zayif;asagi;1,29;-2,02;1;222,5;-2,03;220675278;247,65;SAT;NEGATIF;NOTR;NEGATIF;ARTIYOR;SAT;SAT;NOTR;0;23.09.2026
JANTS;izle;;19,7;7,0;12,7;0,0;50;4;zayif;35,3;42,5;24,9;asagi;guclu;zayif;asagi;0,52;-1,09;4;14,9;-0,07;35857714;17,03;SAT;NEGATIF;AL;NEGATIF;AZALIYOR;SAT;SAT;UCUZ (AL);1;23.09.2026
ESCOM;izle;;19,6;5,2;7,4;7,1;0;0;zayif;28,0;36,2;41,9;asagi;zayif;zayif;asagi;0,89;-2,50;1;4,71;3,29;71681212;5,11;SAT;NEGATIF;SAT;NEGATIF;ARTIYOR;AL;AL;NOTR;2;23.09.2026
BOBET;izle;;19,6;12,4;7,1;0,0;28;2;zayif;36,2;35,5;60,0;asagi;zayif;zayif;asagi;0,49;-2,15;3;17,02;-1,05;58129325;21,59;SAT;NEGATIF;SAT;NEGATIF;AZALIYOR;SAT;AL;NOTR;1;23.09.2026
CIMSA;izle;;19,5;1,4;12,2;5,8;0;0;zayif;22,3;43,2;58,2;asagi;zayif;zayif;asagi;0,58;-1,77;2;42,74;-0,42;194046567;45,98;SAT;NEGATIF;SAT;NEGATIF;AZALIYOR;AL;AL;NOTR;2;23.09.2026
DURKN;izle;;19,4;5,4;4,0;10,0;28;2;zayif;38,8;17,6;9,2;asagi;zayif;zayif;asagi;1,55;-5,72;3;12,71;0,00;40846114;16,36;SAT;NEGATIF;SAT;NEGATIF;AZALIYOR;SAT;AL;NOTR;1;23.09.2026
ETYAT;izle;;19,4;5,4;4,0;10,0;40;4;zayif;38,1;21,8;12,7;asagi;zayif;zayif;asagi;1,44;-4,42;2;8,32;9,91;10113559;10,84;SAT;NEGATIF;SAT;NEGATIF;ARTIYOR;SAT;AL;NOTR;1;23.09.2026
DOCO;izle;;19,4;7,4;6,1;5,9;32;2;zayif;20,7;33,0;27,9;asagi;zayif;zayif;asagi;0,85;-1,97;4;10400;-2,42;41579200;11429,62;SAT;NEGATIF;SAT;NEGATIF;ARTIYOR;SAT;AL;NOTR;1;23.09.2026
MERCN;izle;;19,3;2,4;6,8;10,0;10;0;zayif;30,4;34,4;49,5;asagi;zayif;zayif;asagi;1,63;-3,39;4;15,2;2,98;124448404;18,05;SAT;NEGATIF;SAT;NEGATIF;ARTIYOR;SAT;AL;NOTR;1;23.09.2026
NTHOL;izle;;19,1;2,4;6,7;10,0;10;0;zayif;33,2;33,9;23,1;asagi;zayif;zayif;asagi;2,07;-2,60;4;38,24;-4,06;156923844;42,25;SAT;NEGATIF;SAT;NEGATIF;ARTIYOR;AL;AL;UCUZ (AL);2;23.09.2026
CVKMD;izle;;19,1;10,5;8,6;0,0;6;0;zayif;25,5;39,2;40,1;asagi;zayif;zayif;asagi;0,68;-1,67;3;13,8;-1,85;286217589;15,58;SAT;NEGATIF;SAT;NEGATIF;AZALIYOR;AL;AL;NOTR;2;23.09.2026
MAALT;izle;;19,1;1,9;9,2;8,0;40;5;zayif;25,7;37,6;58,3;asagi;zayif;zayif;asagi;0,66;-2,23;0;930;1,69;31125240;1042,90;SAT;NEGATIF;SAT;NEGATIF;AZALIYOR;SAT;AL;NOTR;1;23.09.2026
SRVGY;izle;;19,0;2,1;6,9;10,0;10;0;zayif;27,4;34,7;38,1;asagi;zayif;zayif;asagi;1,99;-3,16;4;2,21;1,84;76383487;2,37;SAT;NEGATIF;SAT;NEGATIF;ARTIYOR;AL;AL;UCUZ (AL);2;23.09.2026
DESA;izle;;19,0;1,8;9,6;7,6;6;0;zayif;25,0;37,9;52,7;asagi;zayif;zayif;asagi;1,16;-2,13;3;9;1,81;19645128;10,04;SAT;NEGATIF;SAT;NEGATIF;ARTIYOR;SAT;AL;UCUZ (AL);1;23.09.2026
IHYAY;izle;;18,7;1,8;7,3;9,5;0;0;zayif;25,5;36,1;53,0;asagi;zayif;zayif;asagi;1,27;-3,03;2;1,08;3,85;4833383;1,24;SAT;NEGATIF;SAT;NEGATIF;ARTIYOR;SAT;AL;UCUZ (AL);1;23.09.2026
BUCIM;izle;;18,6;2,3;13,1;3,2;10;0;zayif;28,8;39,4;42,6;asagi;guclu;zayif;asagi;0,58;-1,52;4;5,17;-0,77;15840446;5,55;SAT;NEGATIF;SAT;NEGATIF;AZALIYOR;SAT;AL;UCUZ (AL);1;23.09.2026
BEGYO;izle;;18,6;2,4;6,1;10,0;10;0;zayif;31,2;32,1;47,3;asagi;zayif;zayif;asagi;2,32;-3,75;5;2,88;-4,00;25228561;3,14;SAT;NEGATIF;SAT;NEGATIF;ARTIYOR;AL;AL;UCUZ (AL);2;23.09.2026
GLBMD;izle;;18,4;2,1;10,7;5,6;10;0;zayif;27,6;43,7;30,7;asagi;zayif;zayif;asagi;1,03;-1,43;5;10,9;4,51;1843572;11,18;SAT;NEGATIF;SAT;NEGATIF;ARTIYOR;AL;AL;UCUZ (AL);2;23.09.2026
MOBTL;izle;;18,1;4,8;5,7;7,6;10;0;zayif;25,1;30,8;22,8;asagi;zayif;zayif;asagi;1,15;-3,70;4;10,34;6,82;43152191;12,09;SAT;NEGATIF;SAT;NEGATIF;ARTIYOR;SAT;AL;NOTR;1;23.09.2026
OYAYO;izle;;18,0;0,2;7,9;10,0;6;0;zayif;13,3;37,9;30,7;asagi;zayif;zayif;asagi;2,16;-2,20;3;38,24;3,52;5776037;42,94;SAT;NEGATIF;NOTR;NEGATIF;ARTIYOR;SAT;SAT;UCUZ (AL);0;23.09.2026
OBAMS;izle;;17,9;2,1;7,4;8,4;0;0;zayif;27,3;36,2;50,8;asagi;zayif;zayif;asagi;0,73;-3,12;2;4,48;3,23;119966435;5,11;SAT;NEGATIF;SAT;NEGATIF;AZALIYOR;SAT;AL;UCUZ (AL);1;23.09.2026
BFREN;izle;;17,9;1,7;5,4;10,8;6;0;zayif;24,1;29,0;49,8;asagi;zayif;zayif;asagi;1,40;-3,22;3;114,4;-0,52;31204659;126,00;SAT;NEGATIF;SAT;NEGATIF;AZALIYOR;SAT;AL;UCUZ (AL);1;23.09.2026
BAGFS;izle;;17,8;2,4;6,8;8,5;10;1;zayif;31,5;37,2;55,0;asagi;zayif;zayif;asagi;0,50;-1,81;2;23,82;-0,75;12111136;27,85;SAT;NEGATIF;SAT;NEGATIF;AZALIYOR;SAT;AL;NOTR;1;23.09.2026
KONTR;izle;;17,7;2,4;5,3;10,0;6;0;zayif;48,0;29,2;33,7;asagi;zayif;zayif;asagi;2,25;-7,31;3;2,54;9,96;29614546;2,80;SAT;NEGATIF;SAT;NEGATIF;ARTIYOR;SAT;AL;UCUZ (AL);1;23.09.2026
CEMTS;izle;;17,6;2,2;8,8;6,6;10;0;zayif;28,1;36,2;45,1;asagi;zayif;zayif;asagi;0,84;-2,60;4;8,1;0,25;12151418;8,58;SAT;NEGATIF;SAT;NEGATIF;AZALIYOR;AL;AL;UCUZ (AL);2;23.09.2026
GUNDG;izle;;17,4;5,4;4,0;8,0;0;0;zayif;34,5;20,8;34,1;asagi;zayif;zayif;asagi;0,01;-7,10;0;390,75;-9,97;389969;721,94;SAT;NEGATIF;SAT;NEGATIF;AZALIYOR;SAT;SAT;NOTR;0;23.09.2026
CMBTN;izle;;17,4;1,7;11,6;4,1;0;0;zayif;24,3;40,9;59,8;asagi;zayif;zayif;asagi;0,95;-1,39;2;1454;3,12;31122870;1617,06;SAT;NEGATIF;SAT;NEGATIF;ARTIYOR;SAT;AL;UCUZ (AL);1;23.09.2026
ZOREN;izle;;17,4;2,4;6,9;8,0;0;0;zayif;35,2;37,1;43,6;asagi;zayif;zayif;asagi;0,46;-1,96;2;2,19;0,00;108837050;2,60;SAT;NEGATIF;SAT;NEGATIF;AZALIYOR;SAT;SAT;UCUZ (AL);0;23.09.2026
QNBFK;izle;;17,1;2,4;6,7;7,9;10;0;zayif;34,5;34,0;32,9;asagi;zayif;zayif;asagi;1,18;-3,35;4;37,44;3,94;1180371;39,57;SAT;NEGATIF;SAT;NEGATIF;ARTIYOR;SAT;AL;NOTR;1;23.09.2026
MERIT;izle;;17,0;0,8;4,4;11,8;16;1;zayif;17,8;32,4;43,0;asagi;zayif;zayif;asagi;0,93;-2,77;3;14,43;-1,10;23715878;15,90;SAT;NEGATIF;NOTR;NEGATIF;AZALIYOR;SAT;AL;NOTR;1;23.09.2026
AGYO;izle;;16,9;0,4;9,9;6,6;16;1;zayif;15,2;38,2;44,7;asagi;zayif;zayif;asagi;1,06;-1,34;3;7,05;-0,14;2468304;7,83;SAT;NEGATIF;NOTR;NEGATIF;AZALIYOR;SAT;SAT;NOTR;0;23.09.2026
GESAN;izle;;16,7;5,4;4,9;6,4;10;1;zayif;40,0;27,9;23,7;asagi;zayif;zayif;asagi;0,85;-4,30;1;48,02;-4,06;906276274;60,43;SAT;NEGATIF;SAT;NEGATIF;ARTIYOR;SAT;AL;NOTR;1;23.09.2026
VKFYO;izle;;16,7;1,0;7,1;8,6;32;3;zayif;19,6;35,3;25,6;asagi;zayif;zayif;asagi;1,22;-3,48;2;19,02;5,78;4226910;21,67;SAT;NEGATIF;NOTR;NEGATIF;ARTIYOR;SAT;AL;UCUZ (AL);1;23.09.2026
MEGMT;izle;;16,6;2,4;4,5;9,7;10;0;zayif;48,8;26,5;44,2;asagi;zayif;zayif;asagi;1,28;-6,24;4;3,56;9,88;296357835;4,36;SAT;NEGATIF;SAT;NEGATIF;AZALIYOR;SAT;AL;UCUZ (AL);1;23.09.2026
YATAS;izle;;16,6;2,4;5,9;8,3;6;0;zayif;41,3;31,2;42,8;asagi;zayif;zayif;asagi;0,96;-4,48;3;27,22;0,96;23984957;29,86;SAT;NEGATIF;SAT;NEGATIF;AZALIYOR;SAT;AL;UCUZ (AL);1;23.09.2026
BURCE;izle;;16,6;1,6;4,9;10,0;16;1;zayif;24,1;28,1;36,0;asagi;zayif;zayif;asagi;1,69;-3,90;3;27,68;4,77;70593965;32,44;SAT;NEGATIF;SAT;NEGATIF;ARTIYOR;SAT;AL;UCUZ (AL);1;23.09.2026
ACSEL;izle;;16,5;2,4;5,4;8,7;10;0;zayif;35,2;29,6;28,0;asagi;zayif;zayif;asagi;1,22;-3,76;4;97,1;4,18;17183787;107,89;SAT;NEGATIF;SAT;NEGATIF;AZALIYOR;SAT;AL;NOTR;1;23.09.2026
CGCAM;izle;;16,4;2,4;4,0;10,0;10;0;zayif;45,8;18,0;37,7;asagi;zayif;zayif;asagi;1,50;-6,42;6;23,62;-0,34;82699927;28,99;SAT;NEGATIF;SAT;NEGATIF;AZALIYOR;AL;AL;UCUZ (AL);2;23.09.2026
ATAKP;izle;;16,4;2,4;4,0;10,0;10;0;zayif;46,2;24,2;35,0;asagi;zayif;zayif;asagi;1,46;-5,39;4;35,98;-0,28;20103501;38,97;SAT;NEGATIF;SAT;NEGATIF;ARTIYOR;AL;AL;UCUZ (AL);2;23.09.2026
CASA;izle;;16,4;2,4;4,0;10,0;0;0;zayif;31,1;24,5;20,7;asagi;zayif;zayif;asagi;1,41;-6,87;2;55;2,80;1429615;60,03;SAT;NEGATIF;SAT;NEGATIF;AZALIYOR;SAT;AL;UCUZ (AL);1;23.09.2026
VESTL;izle;;16,4;6,7;9,7;0,0;0;0;zayif;29,2;40,1;58,5;asagi;zayif;zayif;asagi;0,44;-1,20;2;22,28;0,91;166253137;26,88;SAT;NEGATIF;AL;NEGATIF;AZALIYOR;SAT;AL;UCUZ (AL);2;23.09.2026
ECOGR;izle;;16,3;3,8;4,5;8,0;16;1;zayif;18,0;34,8;61,6;asagi;zayif;zayif;asagi;0,38;-2,50;3;30,5;-3,54;69738433;37,47;SAT;NEGATIF;NOTR;NEGATIF;AZALIYOR;SAT;SAT;NOTR;0;23.09.2026
RUBNS;izle;;16,3;2,4;6,4;7,5;6;0;zayif;35,1;32,9;23,3;asagi;zayif;zayif;asagi;1,15;-1,98;3;23,94;1,27;51415627;29,82;SAT;NEGATIF;SAT;NEGATIF;AZALIYOR;SAT;AL;NOTR;1;23.09.2026
QNBTR;izle;;16,2;2,4;4,4;9,4;0;0;zayif;58,4;26,3;30,5;asagi;zayif;zayif;asagi;1,26;-7,58;2;164,4;0,00;2740877;174,51;SAT;NEGATIF;SAT;NEGATIF;AZALIYOR;SAT;SAT;UCUZ (AL);0;23.09.2026
AKENR;izle;;16,2;1,4;6,7;8,0;0;0;zayif;22,6;34,0;52,8;asagi;zayif;zayif;asagi;0,35;-2,63;2;9,24;0,43;24262087;10,35;SAT;NEGATIF;SAT;NEGATIF;AZALIYOR;SAT;AL;NOTR;1;23.09.2026
KRDMB;izle;;16,1;5,4;0,7;10,0;0;0;zayif;42,2;20,6;20,1;asagi;zayif;zayif;asagi;3,03;-5,35;2;65,2;-8,87;408428904;95,01;SAT;NEGATIF;SAT;NEGATIF;AZALIYOR;SAT;SAT;NOTR;0;23.09.2026
KORDS;izle;;16,0;5,4;4,8;5,9;10;0;zayif;29,3;27,8;16,9;asagi;zayif;zayif;asagi;0,81;-3,36;4;3,05;-3,48;91969407;3,90;SAT;NEGATIF;SAT;NEGATIF;AZALIYOR;SAT;AL;NOTR;1;23.09.2026
HATSN;izle;;16,0;4,9;1,2;10,0;0;0;zayif;25,8;28,9;18,8;asagi;zayif;zayif;asagi;2,42;-4,08;2;35,28;-0,56;577693136;51,74;SAT;NEGATIF;SAT;NEGATIF;ARTIYOR;SAT;SAT;NOTR;0;23.09.2026
BRYAT;izle;;16,0;0,9;8,3;6,7;0;0;zayif;18,9;36,5;49,8;asagi;zayif;zayif;asagi;0,86;-2,78;2;1563;0,06;81338520;1704,86;SAT;NEGATIF;NOTR;NEGATIF;AZALIYOR;SAT;AL;UCUZ (AL);1;23.09.2026
GOZDE;izle;;15,9;4,3;3,8;7,8;0;0;zayif;21,5;33,4;48,0;asagi;zayif;zayif;asagi;1,17;-2,59;1;19,77;-0,90;32025324;22,77;SAT;NEGATIF;SAT;NEGATIF;AZALIYOR;SAT;AL;NOTR;1;23.09.2026
KUVVA;izle;;15,8;5,4;0,4;10,0;32;3;zayif;33,2;26,2;30,4;asagi;zayif;zayif;asagi;1,87;-3,02;2;120,2;4,43;35787867;156,16;SAT;NEGATIF;SAT;NEGATIF;ARTIYOR;SAT;AL;NOTR;1;23.09.2026
LILAK;izle;;15,8;0,9;5,6;9,3;28;2;zayif;18,4;30,3;60,8;asagi;zayif;zayif;asagi;0,78;-3,31;3;25,52;-1,24;64298865;28,71;SAT;NEGATIF;NOTR;NEGATIF;AZALIYOR;SAT;SAT;NOTR;0;23.09.2026
ATSYH;izle;;15,7;4,1;1,6;10,0;16;1;zayif;20,4;30,2;32,0;asagi;zayif;zayif;asagi;2,54;-4,14;3;82,4;0,00;9882479;100,19;SAT;NEGATIF;SAT;NEGATIF;ARTIYOR;SAT;SAT;NOTR;0;23.09.2026
ARCLK;izle;;15,7;0,9;11,2;3,6;6;0;zayif;18,6;40,2;56,1;asagi;zayif;zayif;asagi;0,73;-2,25;3;88,3;0,34;112215614;94,85;SAT;NEGATIF;NOTR;NEGATIF;AZALIYOR;SAT;SAT;UCUZ (AL);0;23.09.2026
SANEL;izle;;15,7;4,5;7,2;4,0;6;0;zayif;23,2;35,5;29,8;asagi;zayif;zayif;asagi;0,56;-2,50;3;43,52;5,89;10336044;51,77;SAT;NEGATIF;SAT;NEGATIF;AZALIYOR;AL;AL;NOTR;2;23.09.2026
A1YEN;izle;;15,6;2,2;4,0;9,4;6;0;zayif;28,5;19,7;57,7;asagi;zayif;zayif;asagi;1,26;-5,64;3;1,79;-2,72;34356036;2,18;SAT;NEGATIF;SAT;NEGATIF;ARTIYOR;SAT;AL;UCUZ (AL);1;23.09.2026
ICBCT;izle;;15,6;3,5;6,1;6,0;6;0;zayif;15,7;31,9;50,6;asagi;zayif;zayif;asagi;0,82;-3,00;3;16,93;1,38;17473318;19,35;SAT;NEGATIF;NOTR;NEGATIF;AZALIYOR;SAT;SAT;NOTR;0;23.09.2026
ERSU;izle;;15,6;1,6;4,0;10,0;10;1;zayif;23,5;18,1;21,3;asagi;zayif;zayif;asagi;2,41;-5,05;1;14,86;5,02;17940300;18,86;SAT;NEGATIF;SAT;NEGATIF;ARTIYOR;SAT;AL;NOTR;1;23.09.2026
BRMEN;izle;;15,5;5,4;0,1;10,0;0;0;zayif;48,1;17,9;7,1;asagi;zayif;zayif;asagi;1,34;-7,74;1;7,4;-1,73;4864997;9,53;SAT;NEGATIF;SAT;NEGATIF;AZALIYOR;SAT;SAT;NOTR;0;23.09.2026
TBORG;izle;;15,5;1,5;10,0;4,0;0;0;zayif;22,7;38,1;20,9;asagi;zayif;zayif;asagi;0,50;-1,80;2;128;-0,93;15487616;143,54;SAT;NEGATIF;SAT;NEGATIF;AZALIYOR;SAT;AL;UCUZ (AL);1;23.09.2026
SANFM;izle;;15,4;5,4;0,0;10,0;0;0;zayif;35,5;14,4;15,6;asagi;zayif;zayif;asagi;3,69;-7,16;2;4,86;-10,00;112392302;6,88;SAT;NEGATIF;SAT;NEGATIF;ARTIYOR;SAT;SAT;UCUZ (AL);0;23.09.2026
BIGTK;izle;;15,4;5,4;0,0;10,0;32;3;zayif;32,8;23,7;63,9;asagi;zayif;zayif;asagi;1,41;-5,01;1;163,1;-9,99;120527801;244,72;SAT;NEGATIF;SAT;NEGATIF;AZALIYOR;SAT;SAT;UCUZ (AL);0;23.09.2026
SEGMN;izle;;15,4;5,4;0,0;10,0;6;0;zayif;41,3;17,9;3,7;asagi;zayif;zayif;asagi;1,95;-5,15;3;27,5;-2,69;70247485;39,27;SAT;NEGATIF;SAT;NEGATIF;ARTIYOR;SAT;SAT;NOTR;0;23.09.2026
DUNYH;izle;;15,4;5,4;0,0;10,0;32;3;zayif;49,6;11,5;3,6;asagi;zayif;zayif;asagi;2,60;-7,18;2;55;-9,98;173469670;86,24;SAT;NEGATIF;SAT;NEGATIF;AZALIYOR;SAT;AL;UCUZ (AL);1;23.09.2026
PSGYO;izle;;15,4;5,4;0,0;10,0;6;0;zayif;29,7;17,6;24,4;asagi;zayif;zayif;asagi;1,52;-6,41;3;1,88;-9,62;381216271;2,55;SAT;NEGATIF;SAT;NEGATIF;ARTIYOR;SAT;AL;NOTR;1;23.09.2026
ESCAR;izle;;15,3;5,3;0,0;10,0;10;1;zayif;29,3;15,0;40,6;asagi;zayif;zayif;asagi;1,65;-6,89;1;24,52;-9,99;125763668;34,56;SAT;NEGATIF;SAT;NEGATIF;ARTIYOR;SAT;SAT;NOTR;0;23.09.2026
FORTE;izle;;15,3;7,6;7,7;0,0;0;0;zayif;20,7;37,3;44,7;asagi;zayif;zayif;asagi;0,51;-1,61;1;99,4;0,40;74550994;118,40;SAT;NEGATIF;SAT;NEGATIF;AZALIYOR;SAT;AL;NOTR;1;23.09.2026
DIRIT;izle;;15,2;0,6;7,5;7,1;10;0;zayif;16,3;36,7;30,2;asagi;zayif;zayif;asagi;1,13;-2,00;4;21,96;5,58;1453488;24,99;SAT;NEGATIF;NOTR;NEGATIF;ARTIYOR;SAT;AL;NOTR;1;23.09.2026
METRO;izle;;15,2;5,7;5,6;3,9;10;0;zayif;31,0;30,3;46,8;asagi;zayif;zayif;asagi;0,94;-2,81;4;6,8;1,49;49306236;7,78;SAT;NEGATIF;SAT;NEGATIF;ARTIYOR;SAT;AL;NOTR;1;23.09.2026
RUZYE;izle;;15,1;2,0;4,2;8,8;10;1;zayif;27,0;25,7;43,4;asagi;zayif;zayif;asagi;1,23;-4,60;1;5,58;0,90;58944654;7,41;SAT;NEGATIF;SAT;NEGATIF;AZALIYOR;SAT;AL;UCUZ (AL);1;23.09.2026
NUHCM;izle;;15,1;1,1;11,2;2,7;10;1;zayif;20,4;37,6;48,1;asagi;zayif;zayif;asagi;0,61;-1,53;2;205,3;-0,44;7674319;224,95;SAT;NEGATIF;SAT;NEGATIF;AZALIYOR;SAT;AL;NOTR;1;23.09.2026
KLYPV;izle;;15,1;1,9;5,2;8,0;6;0;zayif;25,6;34,8;23,8;asagi;zayif;zayif;asagi;0,69;-1,77;3;55;-1,79;98670495;63,79;SAT;NEGATIF;SAT;NEGATIF;AZALIYOR;SAT;SAT;NOTR;0;23.09.2026
EKSUN;izle;;15,0;2,4;5,4;7,2;28;2;zayif;31,7;29,6;41,4;asagi;zayif;zayif;asagi;1,13;-4,37;3;4,69;5,16;20938632;5,15;SAT;NEGATIF;SAT;NEGATIF;ARTIYOR;SAT;AL;NOTR;1;23.09.2026
DOAS;izle;;14,9;2,3;12,6;0,0;6;0;zayif;28,6;38,3;51,0;asagi;zayif;zayif;asagi;0,65;-2,86;3;158,1;-0,25;86417934;165,49;AL;NEGATIF;SAT;NEGATIF;AZALIYOR;AL;AL;UCUZ (AL);3;23.09.2026
ARASE;izle;;14,9;7,5;2,9;4,5;50;4;zayif;28,6;33,1;48,2;asagi;zayif;zayif;asagi;0,97;-2,59;5;100;0,40;30767200;119,33;SAT;NEGATIF;SAT;NEGATIF;AZALIYOR;SAT;SAT;NOTR;0;23.09.2026
ENDAE;izle;;14,8;4,7;6,1;4,0;22;2;zayif;24,4;32,1;34,6;asagi;zayif;zayif;asagi;0,64;-2,27;2;14,86;0,41;32329431;16,89;SAT;NEGATIF;SAT;NEGATIF;AZALIYOR;SAT;AL;NOTR;1;23.09.2026
TGSAS;izle;;14,8;4,8;0,0;10,0;6;0;zayif;25,3;23,5;34,0;asagi;zayif;zayif;asagi;1,92;-4,89;3;110;-5,98;153202280;158,80;SAT;NEGATIF;SAT;NEGATIF;AZALIYOR;SAT;AL;UCUZ (AL);1;23.09.2026
KLGYO;izle;;14,7;2,3;2,4;10,0;6;0;zayif;29,0;30,4;24,9;asagi;zayif;zayif;asagi;1,30;-2,97;3;3,93;-5,30;43743576;4,64;SAT;NEGATIF;SAT;NEGATIF;ARTIYOR;SAT;AL;UCUZ (AL);1;23.09.2026
BMSCH;izle;;14,5;1,7;4,8;8,0;0;0;zayif;24,5;34,0;67,0;asagi;zayif;zayif;asagi;0,37;-3,72;0;9,33;3,09;10946311;11,08;SAT;NEGATIF;SAT;NEGATIF;AZALIYOR;SAT;SAT;UCUZ (AL);0;23.09.2026
KCAER;izle;;14,3;5,4;4,7;4,1;32;2;zayif;42,9;27,4;33,3;asagi;zayif;zayif;asagi;0,95;-3,81;4;11,48;-1,03;148380366;13,40;SAT;NEGATIF;SAT;NEGATIF;AZALIYOR;SAT;AL;NOTR;1;23.09.2026
BERA;izle;;14,2;2,3;7,9;4,0;6;0;zayif;28,8;36,0;52,6;asagi;zayif;zayif;asagi;0,67;-2,92;3;12,11;0,17;58205734;13,52;SAT;NEGATIF;SAT;NEGATIF;AZALIYOR;SAT;SAT;UCUZ (AL);0;23.09.2026
MNDRS;izle;;14,2;1,7;8,4;4,1;6;0;zayif;24,2;35,8;46,7;asagi;zayif;zayif;asagi;0,95;-2,41;3;10,02;-0,69;25991539;11,28;SAT;NEGATIF;SAT;NEGATIF;AZALIYOR;SAT;AL;UCUZ (AL);1;23.09.2026
KGYO;izle;;14,0;4,1;1,9;8,0;0;0;zayif;20,1;29,4;32,4;asagi;zayif;zayif;asagi;0,04;-3,03;1;8,61;-9,94;6544883;11,30;SAT;NEGATIF;SAT;NEGATIF;ARTIYOR;SAT;SAT;NOTR;0;23.09.2026
VAKKO;izle;;14,0;0,5;12,4;1,1;0;0;zayif;13,3;39,1;51,8;asagi;guclu;zayif;asagi;0,68;-1,21;2;63,85;-1,01;5935113;72,32;SAT;NEGATIF;NOTR;NEGATIF;AZALIYOR;SAT;AL;NOTR;1;23.09.2026
MOGAN;izle;;13,9;5,4;4,0;4,5;22;2;zayif;40,2;24,1;39,5;asagi;zayif;zayif;asagi;0,97;-5,14;2;9;-1,42;203801643;11,92;SAT;NEGATIF;SAT;NEGATIF;AZALIYOR;SAT;AL;NOTR;1;23.09.2026
INTEM;izle;;13,9;1,7;6,4;5,8;0;0;zayif;24,8;32,9;44,0;asagi;zayif;zayif;asagi;0,81;-2,75;2;216,5;0,74;8354519;246,03;SAT;NEGATIF;SAT;NEGATIF;AZALIYOR;AL;AL;NOTR;2;23.09.2026
EUYO;izle;;13,7;1,4;4,0;8,3;6;0;zayif;22,6;25,1;16,3;asagi;zayif;zayif;asagi;1,20;-3,85;3;3,73;3,61;4239451;4,45;SAT;NEGATIF;SAT;NEGATIF;ARTIYOR;SAT;AL;NOTR;1;23.09.2026
ISBIR;izle;;13,6;1,5;6,5;5,5;6;0;zayif;23,3;33,4;38,9;asagi;zayif;zayif;asagi;1,02;-3,59;3;63,6;0,08;1323071;69,46;SAT;NEGATIF;SAT;NEGATIF;AZALIYOR;SAT;AL;UCUZ (AL);1;23.09.2026
AKFGY;izle;;13,5;0,9;12,3;0,3;16;1;zayif;18,8;42,6;60,9;asagi;zayif;zayif;asagi;0,39;-1,36;3;2,49;-0,80;33542842;2,77;SAT;NEGATIF;NOTR;NEGATIF;AZALIYOR;SAT;AL;NOTR;1;23.09.2026
DSTKF;izle;;13,5;4,4;1,1;8,0;22;2;zayif;22,4;28,6;87,2;asagi;zayif;zayif;asagi;0,00;-4,47;1;1448;-9,95;9885496;1989,97;SAT;NEGATIF;SAT;NEGATIF;AZALIYOR;SAT;AL;NOTR;1;23.09.2026
ALGYO;izle;;13,5;1,6;6,6;5,3;32;3;zayif;23,5;33,6;48,4;asagi;zayif;zayif;asagi;0,78;-3,71;2;3,14;0,00;61615906;3,61;SAT;NEGATIF;SAT;NEGATIF;AZALIYOR;SAT;AL;NOTR;1;23.09.2026
HEDEF;izle;;13,4;5,4;8,0;0,0;0;0;zayif;48,4;15,5;-0,0;asagi;zayif;zayif;asagi;0,02;-11,25;1;14,12;-9,95;2586968;31,74;AL;NEGATIF;SAT;NEGATIF;AZALIYOR;AL;SAT;NOTR;2;23.09.2026
TEHOL;izle;;13,4;5,4;0,0;8,0;0;0;zayif;36,8;22,2;73,5;asagi;zayif;zayif;asagi;0,00;-5,67;1;25,44;-9,98;1264139;34,31;SAT;NEGATIF;SAT;NEGATIF;ARTIYOR;SAT;SAT;NOTR;0;23.09.2026
MANAS;izle;;13,4;5,4;0,0;8,0;0;0;zayif;31,8;18,1;52,1;asagi;zayif;zayif;asagi;0,00;-5,45;1;17,8;-9,96;845482;25,19;SAT;NEGATIF;SAT;NEGATIF;AZALIYOR;SAT;AL;NOTR;1;23.09.2026
OSMEN;izle;;13,4;2,4;4,0;7,0;32;2;zayif;35,5;23,4;30,3;asagi;zayif;zayif;asagi;1,12;-4,97;4;5,58;1,09;19283063;6,50;SAT;NEGATIF;SAT;NEGATIF;AZALIYOR;SAT;AL;UCUZ (AL);1;23.09.2026
DNISI;izle;;13,4;0,5;4,9;8,0;16;1;zayif;15,6;36,0;61,6;asagi;zayif;zayif;asagi;0,63;-2,04;3;4,15;-1,89;9846340;4,88;SAT;NEGATIF;NOTR;NEGATIF;AZALIYOR;SAT;SAT;NOTR;0;23.09.2026
GSDHO;izle;;13,3;1,0;3,7;8,6;6;0;zayif;19,5;31,3;42,9;asagi;zayif;zayif;asagi;1,22;-3,14;3;4,09;-1,92;55419660;4,77;SAT;NEGATIF;NOTR;NEGATIF;AZALIYOR;SAT;AL;NOTR;1;23.09.2026
MTRKS;izle;;13,3;5,3;4,0;4,0;6;0;zayif;28,6;25,0;40,3;asagi;zayif;zayif;asagi;0,46;-3,26;3;22,62;-2,67;15849314;29,06;SAT;NEGATIF;SAT;NEGATIF;AZALIYOR;SAT;AL;NOTR;1;23.09.2026
PEKGY;izle;;13,2;5,2;0,0;8,0;0;0;zayif;28,4;18,0;38,4;asagi;zayif;zayif;asagi;0,00;-7,46;0;6,24;-9,96;2135484;8,85;SAT;NEGATIF;SAT;NEGATIF;AZALIYOR;SAT;SAT;UCUZ (AL);0;23.09.2026
OYLUM;izle;;13,2;2,4;4,0;6,8;10;0;zayif;30,2;20,9;34,1;asagi;zayif;zayif;asagi;0,87;-2,82;6;6,28;-1,41;2596786;6,99;SAT;NEGATIF;SAT;NEGATIF;AZALIYOR;AL;AL;UCUZ (AL);2;23.09.2026
SARKY;izle;;13,2;0,9;8,2;4,0;38;3;zayif;18,8;39,1;53,7;asagi;zayif;zayif;asagi;0,60;-2,28;3;22,18;0,54;77849826;25,25;SAT;NEGATIF;NOTR;NEGATIF;AZALIYOR;AL;AL;NOTR;2;23.09.2026
CEMZY;izle;;13,1;5,1;0,0;8,0;0;0;zayif;27,6;23,0;49,1;asagi;zayif;zayif;asagi;0,01;-4,73;2;8,41;-9,96;2646358;11,77;SAT;NEGATIF;SAT;NEGATIF;AZALIYOR;SAT;SAT;NOTR;0;23.09.2026
AKFYE;izle;;13,1;4,1;9,0;0,0;0;0;zayif;14,9;40,4;57,7;asagi;zayif;zayif;asagi;0,43;-1,35;2;3,54;-0,56;108569789;4,36;SAT;NEGATIF;NOTR;NEGATIF;AZALIYOR;SAT;AL;NOTR;1;23.09.2026
KARTN;izle;;13,0;4,8;4,7;3,5;6;0;zayif;25,1;27,4;27,6;asagi;zayif;zayif;asagi;0,91;-3,76;3;111,4;6,10;101213138;143,66;SAT;NEGATIF;SAT;NEGATIF;ARTIYOR;SAT;AL;NOTR;1;23.09.2026
EGSER;izle;;13,0;1,5;10,1;1,5;28;2;zayif;22,8;37,7;51,4;asagi;zayif;zayif;asagi;0,75;-2,09;3;2,71;1,12;3423649;2,92;SAT;NEGATIF;SAT;NEGATIF;AZALIYOR;SAT;AL;NOTR;1;23.09.2026
GOLTS;izle;;13,0;2,0;5,9;5,1;10;0;zayif;26,8;31,3;34,7;asagi;zayif;zayif;asagi;1,01;-3,71;5;264,5;-0,19;26619809;288,77;SAT;NEGATIF;SAT;NEGATIF;ARTIYOR;SAT;AL;UCUZ (AL);1;23.09.2026
SMART;izle;;13,0;1,0;4,0;8,0;10;0;zayif;19,5;20,1;39,1;asagi;zayif;zayif;asagi;1,18;-5,16;5;17,85;-1,76;18636596;21,29;SAT;NEGATIF;NOTR;NEGATIF;ARTIYOR;SAT;AL;NOTR;1;23.09.2026
EKIZ;izle;;13,0;2,4;0,5;10,0;10;0;zayif;43,7;23,8;31,6;asagi;zayif;zayif;asagi;1,51;-6,15;5;45;-2,60;1003725;54,80;SAT;NEGATIF;SAT;NEGATIF;ARTIYOR;SAT;AL;UCUZ (AL);1;23.09.2026
AYES;izle;;12,9;5,4;4,2;3,3;10;0;zayif;36,1;25,6;9,3;asagi;zayif;zayif;asagi;0,90;-5,15;4;23,58;2,70;1547508;26,18;SAT;NEGATIF;SAT;NEGATIF;AZALIYOR;SAT;AL;NOTR;1;23.09.2026
ISBTR;izle;;12,9;4,4;5,9;2,7;32;3;zayif;22,2;31,2;35,7;asagi;zayif;zayif;asagi;0,86;-3,50;2;446492,5;-0,00;1785970;477604,47;SAT;NEGATIF;SAT;NEGATIF;AZALIYOR;SAT;AL;NOTR;1;23.09.2026
GWIND;izle;;12,9;1,2;7,3;4,4;6;0;zayif;20,6;34,9;46,3;asagi;zayif;zayif;asagi;0,96;-3,22;3;21,12;-1,22;65310326;22,84;SAT;NEGATIF;SAT;NEGATIF;AZALIYOR;AL;AL;NOTR;2;23.09.2026
KLKIM;izle;;12,9;1,9;6,9;4,0;0;0;zayif;26,1;32,8;38,0;asagi;zayif;zayif;asagi;0,70;-3,12;2;23,7;-0,50;25176273;25,96;SAT;NEGATIF;SAT;NEGATIF;AZALIYOR;SAT;AL;UCUZ (AL);1;23.09.2026
PAGYO;izle;;12,9;7,0;5,9;0,0;6;0;zayif;29,9;31,4;23,9;asagi;zayif;zayif;asagi;0,52;-3,27;3;124,2;-0,24;8564956;140,46;SAT;NEGATIF;SAT;NEGATIF;AZALIYOR;AL;AL;NOTR;2;23.09.2026
SAYAS;izle;;12,9;4,8;7,3;0,7;0;0;zayif;25,5;36,1;35,4;asagi;zayif;zayif;asagi;0,74;-1,83;1;46,98;-0,97;68637404;53,91;SAT;NEGATIF;SAT;NEGATIF;AZALIYOR;AL;AL;NOTR;2;23.09.2026
BSOKE;izle;;12,8;2,4;0,4;10,0;6;0;zayif;51,8;10,7;14,9;asagi;zayif;zayif;asagi;4,57;-8,56;3;10,44;-10,00;719563031;16,44;SAT;NEGATIF;SAT;NEGATIF;AZALIYOR;SAT;AL;UCUZ (AL);1;23.09.2026
DOFER;izle;;12,8;2,4;4,0;6,4;6;0;zayif;29,7;20,3;36,0;asagi;zayif;zayif;asagi;1,08;-4,98;3;22,96;-0,26;11384877;26,26;SAT;NEGATIF;SAT;NEGATIF;AZALIYOR;SAT;SAT;UCUZ (AL);0;23.09.2026
OTTO;izle;;12,7;2,4;4,0;6,3;0;0;zayif;44,3;12,2;21,2;asagi;zayif;zayif;asagi;1,08;-7,11;2;91,25;-0,82;24998759;120,85;SAT;NEGATIF;SAT;NEGATIF;AZALIYOR;AL;SAT;UCUZ (AL);1;23.09.2026
BTCIM;izle;;12,7;2,4;0,2;10,0;10;0;zayif;60,2;12,9;43,3;asagi;zayif;zayif;asagi;2,31;-7,33;4;2,37;0,42;989338343;3,22;SAT;NEGATIF;SAT;NEGATIF;ARTIYOR;SAT;SAT;UCUZ (AL);0;23.09.2026
TSGYO;izle;;12,6;1,5;7,1;4,0;10;1;zayif;23,3;35,3;33,0;asagi;zayif;zayif;asagi;0,33;-3,12;2;5,2;0,97;3266931;5,76;SAT;NEGATIF;SAT;NEGATIF;AZALIYOR;SAT;AL;UCUZ (AL);1;23.09.2026
FORMT;izle;;12,6;2,4;0,2;10,0;10;0;zayif;55,3;8,7;16,9;asagi;zayif;zayif;asagi;1,62;-9,05;6;1,08;-4,42;33563089;1,29;SAT;NEGATIF;SAT;NEGATIF;AZALIYOR;SAT;AL;UCUZ (AL);1;23.09.2026
HTTBT;izle;;12,5;2,4;6,0;4,0;0;0;zayif;36,8;31,7;36,9;asagi;zayif;zayif;asagi;0,52;-3,55;2;31,14;-0,06;9508101;34,43;SAT;NEGATIF;SAT;NEGATIF;AZALIYOR;AL;AL;UCUZ (AL);2;23.09.2026
ONCSM;izle;;12,4;2,4;0,0;10,0;0;0;zayif;46,1;15,0;9,0;asagi;zayif;zayif;asagi;6,92;-8,39;2;84,35;-9,98;675357975;130,06;SAT;NEGATIF;SAT;NEGATIF;AZALIYOR;SAT;SAT;UCUZ (AL);0;23.09.2026
BULGS;izle;;12,4;2,4;0,0;10,0;0;0;zayif;55,0;8,5;17,7;asagi;zayif;zayif;asagi;7,12;-9,14;2;15,37;-9,96;457645055;22,44;SAT;NEGATIF;SAT;NEGATIF;ARTIYOR;SAT;AL;UCUZ (AL);1;23.09.2026
LYDHO;izle;;12,4;2,4;0,0;10,0;6;0;zayif;57,1;11,1;32,7;asagi;zayif;zayif;asagi;5,45;-9,28;3;68,6;-9,97;221867629;98,64;SAT;NEGATIF;SAT;NEGATIF;AZALIYOR;SAT;SAT;UCUZ (AL);0;23.09.2026
USAK;izle;;12,4;2,4;0,0;10,0;10;0;zayif;30,4;8,5;16,5;asagi;zayif;zayif;asagi;4,05;-7,60;4;0,81;-10,00;230635297;1,02;SAT;NEGATIF;SAT;NEGATIF;ARTIYOR;SAT;AL;UCUZ (AL);1;23.09.2026
BINBN;izle;;12,4;2,4;0,0;10,0;0;0;zayif;31,6;14,4;17,4;asagi;zayif;zayif;asagi;3,79;-5,83;2;99,1;-9,99;149998256;145,64;SAT;NEGATIF;SAT;NEGATIF;ARTIYOR;SAT;SAT;UCUZ (AL);0;23.09.2026
BIOEN;izle;;12,4;2,4;0,0;10,0;6;0;zayif;30,7;18,3;44,6;asagi;zayif;zayif;asagi;1,78;-5,96;3;10,57;-9,66;190171741;14,79;SAT;NEGATIF;SAT;NEGATIF;ARTIYOR;SAT;AL;UCUZ (AL);1;23.09.2026
KAPLM;izle;;12,4;2,4;0,0;10,0;10;0;zayif;52,5;12,2;17,3;asagi;zayif;zayif;asagi;6,49;-8,71;4;178,2;-10,00;165774827;268,13;SAT;NEGATIF;SAT;NEGATIF;ARTIYOR;SAT;AL;UCUZ (AL);1;23.09.2026
DMSAS;izle;;12,4;2,4;0,0;10,0;32;2;zayif;32,2;11,6;6,6;asagi;zayif;zayif;asagi;3,79;-7,02;6;5,24;-2,06;61384567;6,57;SAT;NEGATIF;SAT;NEGATIF;ARTIYOR;SAT;AL;UCUZ (AL);1;23.09.2026
GATEG;izle;;12,4;2,4;0,0;10,0;0;0;zayif;31,3;23,7;51,8;asagi;zayif;zayif;asagi;7,51;-6,92;1;159,3;-9,90;49143731;213,50;SAT;NEGATIF;SAT;NEGATIF;ARTIYOR;SAT;SAT;UCUZ (AL);0;23.09.2026
MMCAS;izle;;12,4;2,4;0,0;10,0;0;0;zayif;39,6;17,8;42,7;asagi;zayif;zayif;asagi;3,01;-9,34;2;20,7;-10,00;3612564;29,91;SAT;NEGATIF;SAT;NEGATIF;AZALIYOR;SAT;SAT;UCUZ (AL);0;23.09.2026
PENGD;izle;;12,4;2,4;1,1;8,8;10;0;zayif;34,3;21,8;53,2;asagi;zayif;zayif;asagi;1,23;-4,71;4;7,89;-0,38;25429415;8,91;SAT;NEGATIF;SAT;NEGATIF;AZALIYOR;SAT;SAT;NOTR;0;23.09.2026
GARFA;izle;;12,3;1,2;8,3;2,9;40;4;zayif;20,6;36,2;43,6;asagi;zayif;zayif;asagi;0,87;-2,43;0;24,44;-1,29;22810439;27,33;SAT;NEGATIF;SAT;NEGATIF;AZALIYOR;SAT;SAT;NOTR;0;23.09.2026
IHAAS;izle;;12,2;2,2;0,0;10,0;38;3;zayif;28,3;17,8;24,8;asagi;zayif;zayif;asagi;3,02;-6,05;3;31,72;-9,16;91833936;43,76;SAT;NEGATIF;SAT;NEGATIF;ARTIYOR;SAT;SAT;NOTR;0;23.09.2026
ALFAS;izle;;12,2;2,4;5,2;4,6;42;3;zayif;31,0;29,0;35,6;asagi;zayif;zayif;asagi;0,97;-3,43;5;33,76;-0,35;57013517;38,86;SAT;NEGATIF;SAT;NEGATIF;AZALIYOR;AL;AL;NOTR;2;23.09.2026
MEGAP;izle;;12,2;2,4;4,6;5,2;10;0;zayif;46,0;26,9;26,1;asagi;zayif;zayif;asagi;1,01;-6,45;5;1,4;2,94;922232;1,53;SAT;NEGATIF;SAT;NEGATIF;AZALIYOR;SAT;AL;UCUZ (AL);1;23.09.2026
BALSU;izle;;12,2;2,4;6,1;3,6;6;0;zayif;36,5;32,0;54,5;asagi;zayif;zayif;asagi;0,92;-4,97;3;6,89;3,77;399057735;8,50;SAT;NEGATIF;SAT;NEGATIF;AZALIYOR;AL;AL;UCUZ (AL);2;23.09.2026
AKGRT;izle;;12,2;2,4;5,7;4,0;6;0;zayif;39,9;30,8;33,9;asagi;zayif;zayif;asagi;0,52;-4,23;3;5,52;-0,90;36367813;6,01;SAT;NEGATIF;SAT;NEGATIF;AZALIYOR;AL;AL;UCUZ (AL);2;23.09.2026
ERCB;izle;;12,1;1,4;5,9;4,8;10;0;zayif;22,4;31,4;45,7;asagi;zayif;zayif;asagi;0,75;-3,74;4;38,48;-1,89;24891750;44,54;SAT;NEGATIF;SAT;NEGATIF;AZALIYOR;SAT;AL;UCUZ (AL);1;23.09.2026
CWENE;izle;;12,1;5,3;6,9;0,0;6;0;zayif;28,6;34,6;46,3;asagi;zayif;zayif;asagi;0,56;-3,54;3;25,72;4,55;777345282;29,23;SAT;NEGATIF;SAT;NEGATIF;AZALIYOR;AL;AL;NOTR;2;23.09.2026
POLTK;izle;;12,1;1,1;0,9;10,0;0;0;zayif;20,2;18,4;55,9;asagi;zayif;zayif;asagi;1,40;-4,84;2;3325;0,45;34207600;3948,54;SAT;NEGATIF;SAT;NEGATIF;AZALIYOR;SAT;AL;UCUZ (AL);1;23.09.2026
ULUUN;izle;;12,0;5,4;6,6;0,0;10;0;zayif;29,7;33,7;31,6;asagi;zayif;zayif;asagi;0,33;-2,98;4;7,12;0,14;21467968;7,92;SAT;NEGATIF;SAT;NEGATIF;AZALIYOR;AL;AL;NOTR;2;23.09.2026
FZLGY;izle;;12,0;2,0;3,2;6,7;0;0;zayif;27,0;27,7;48,1;asagi;zayif;zayif;asagi;0,86;-4,46;2;6,9;-8,85;125551020;9,48;SAT;NEGATIF;SAT;NEGATIF;AZALIYOR;SAT;SAT;UCUZ (AL);0;23.09.2026
LINK;izle;;11,9;2,4;4,0;5,5;10;0;zayif;41,9;21,1;41,8;asagi;zayif;zayif;asagi;1,03;-5,42;4;4,13;-1,67;68089249;4,75;SAT;NEGATIF;SAT;NEGATIF;ARTIYOR;AL;AL;NOTR;2;23.09.2026
IHLAS;izle;;11,9;5,9;5,9;0,2;28;2;zayif;27,1;39,1;34,1;asagi;zayif;zayif;asagi;0,71;-2,50;3;0,96;1,05;95193740;1,14;SAT;NEGATIF;AL;NEGATIF;AZALIYOR;SAT;AL;UCUZ (AL);2;23.09.2026
BORSK;izle;;11,8;2,4;9,4;0,0;0;0;zayif;30,5;36,3;46,7;asagi;zayif;zayif;asagi;0,40;-1,56;2;5,66;-0,18;26076526;6,67;SAT;NEGATIF;SAT;NEGATIF;AZALIYOR;SAT;AL;NOTR;1;23.09.2026
INVEO;izle;;11,8;1,0;6,6;4,2;6;0;zayif;19,4;33,7;55,4;asagi;zayif;zayif;asagi;0,95;-2,37;3;6,25;-0,16;31418494;6,92;SAT;NEGATIF;NOTR;NEGATIF;AZALIYOR;AL;AL;UCUZ (AL);2;23.09.2026
BAKAB;izle;;11,8;2,4;5,3;4,0;10;0;zayif;31,8;29,4;36,4;asagi;zayif;zayif;asagi;0,63;-4,03;5;33,98;0,18;4505272;37,77;SAT;NEGATIF;SAT;NEGATIF;AZALIYOR;AL;AL;NOTR;2;23.09.2026
GRNYO;izle;;11,8;2,4;1,2;8,1;0;0;zayif;33,5;25,9;46,2;asagi;zayif;zayif;asagi;1,19;-5,54;0;8,36;-1,30;5727687;10,97;SAT;NEGATIF;SAT;NEGATIF;AZALIYOR;SAT;SAT;UCUZ (AL);0;23.09.2026
DOGUB;izle;;11,7;1,7;0,0;10,0;0;0;zayif;24,5;16,5;46,7;asagi;zayif;zayif;asagi;2,26;-6,77;1;31,76;-9,98;32097768;50,41;SAT;NEGATIF;SAT;NEGATIF;ARTIYOR;SAT;SAT;NOTR;0;23.09.2026
GENIL;izle;;11,6;5,4;0,0;6,2;46;5;zayif;39,8;22,8;32,6;asagi;zayif;zayif;asagi;1,07;-4,72;3;6,74;-9,89;318296561;9,43;SAT;NEGATIF;SAT;NEGATIF;ARTIYOR;SAT;AL;UCUZ (AL);1;23.09.2026
ULUFA;izle;;11,6;1,9;5,7;4,0;0;0;zayif;26,2;30,5;31,3;asagi;zayif;zayif;asagi;0,69;-2,66;1;1,5;0,00;19659153;1,65;SAT;NEGATIF;SAT;NEGATIF;AZALIYOR;AL;AL;UCUZ (AL);2;23.09.2026
BRKO;izle;;11,6;1,6;0,0;10,0;0;0;zayif;23,6;22,6;11,1;asagi;zayif;zayif;asagi;1,97;-6,62;2;6,99;-6,68;7842843;9,19;SAT;NEGATIF;SAT;NEGATIF;AZALIYOR;SAT;AL;NOTR;1;23.09.2026
KRSTL;izle;;11,4;2,4;5,0;4,0;6;0;zayif;44,9;28,2;48,7;asagi;zayif;zayif;asagi;0,70;-4,38;3;8,01;-0,25;21282938;8,69;SAT;NEGATIF;SAT;NEGATIF;AZALIYOR;AL;AL;NOTR;2;23.09.2026
GOKNR;izle;;11,4;1,7;5,3;4,4;6;0;zayif;24,2;33,4;57,0;asagi;zayif;zayif;asagi;0,97;-3,82;3;15,8;1,94;78703418;18,14;SAT;NEGATIF;SAT;NEGATIF;AZALIYOR;SAT;SAT;NOTR;0;23.09.2026
ORMA;izle;;11,3;2,4;7,2;1,7;10;0;zayif;35,7;35,6;23,9;asagi;zayif;zayif;asagi;0,80;-4,66;4;132;10,00;1055340;133,87;SAT;NEGATIF;SAT;NEGATIF;ARTIYOR;AL;AL;NOTR;2;23.09.2026
HEKTS;izle;;11,3;2,2;5,1;4,0;40;4;zayif;28,3;28,6;29,8;asagi;zayif;zayif;asagi;0,38;-4,23;2;2,27;-0,87;405610324;2,69;SAT;NEGATIF;SAT;NEGATIF;AZALIYOR;SAT;SAT;NOTR;0;23.09.2026
ZEDUR;izle;;11,2;2,4;4,0;4,8;10;0;zayif;46,4;15,2;29,4;asagi;zayif;zayif;asagi;0,99;-4,59;6;6,15;-0,49;8169193;7,22;SAT;NEGATIF;SAT;NEGATIF;AZALIYOR;SAT;SAT;UCUZ (AL);0;23.09.2026
SKBNK;izle;;11,2;1,8;9,4;0,0;16;1;zayif;25,3;29,6;43,0;asagi;zayif;zayif;asagi;0,39;-7,22;3;5,54;-1,25;306110473;6,53;AL;NEGATIF;SAT;NEGATIF;AZALIYOR;SAT;SAT;NOTR;1;23.09.2026
KLNMA;izle;;11,0;0,6;9,6;0,8;6;0;zayif;16,1;34,5;27,6;asagi;zayif;zayif;asagi;0,75;-3,97;3;8,38;0,72;1088311;8,75;SAT;NEGATIF;NOTR;NEGATIF;AZALIYOR;SAT;SAT;NOTR;0;23.09.2026
AKSUE;izle;;11,0;5,4;4,0;1,5;6;0;zayif;51,1;24,1;35,7;asagi;zayif;zayif;asagi;0,79;-6,29;3;18,81;4,91;51705248;24,87;SAT;NEGATIF;SAT;NEGATIF;AZALIYOR;AL;AL;NOTR;2;23.09.2026
KOTON;izle;;10,9;2,2;4,7;4,0;10;0;zayif;28,0;27,4;28,9;asagi;zayif;zayif;asagi;0,43;-4,41;4;11,14;0,27;9118591;12,12;SAT;NEGATIF;SAT;NEGATIF;AZALIYOR;SAT;AL;UCUZ (AL);1;23.09.2026
DAGI;izle;;10,9;5,4;4,0;1,4;10;0;zayif;37,6;22,6;17,2;asagi;zayif;zayif;asagi;0,79;-4,32;4;6,1;-2,87;33755845;8,00;SAT;NEGATIF;SAT;NEGATIF;AZALIYOR;SAT;AL;NOTR;1;23.09.2026
IHLGM;izle;;10,9;1,3;1,6;8,0;10;1;zayif;21,3;28,3;59,6;asagi;zayif;zayif;asagi;0,53;-3,72;2;1,34;-0,74;23093398;1,58;SAT;NEGATIF;SAT;NEGATIF;AZALIYOR;SAT;AL;UCUZ (AL);1;23.09.2026
IZMDC;izle;;10,8;5,4;5,4;0,0;6;0;zayif;35,0;29,6;30,1;asagi;zayif;zayif;asagi;0,57;-3,99;3;7,33;-2,27;56342573;9,53;SAT;NEGATIF;SAT;NEGATIF;AZALIYOR;SAT;AL;NOTR;1;23.09.2026
BARMA;izle;;10,8;2,4;8,4;0,0;6;0;zayif;63,0;26,2;35,9;asagi;zayif;zayif;asagi;0,70;-14,60;3;7,46;9,87;3907436;8,52;AL;NEGATIF;SAT;NEGATIF;AZALIYOR;SAT;AL;UCUZ (AL);2;23.09.2026
AKMGY;izle;;10,8;3,6;6,6;0,5;0;0;zayif;16,4;32,6;47,5;asagi;zayif;zayif;asagi;0,52;-2,22;2;226,9;-0,92;3759960;257,38;SAT;NEGATIF;NOTR;NEGATIF;AZALIYOR;SAT;SAT;NOTR;0;23.09.2026
HOROZ;izle;;10,7;1,3;5,0;4,4;10;0;zayif;21,6;28,4;40,4;asagi;zayif;zayif;asagi;0,97;-3,61;4;47,14;-0,46;50681722;54,80;SAT;NEGATIF;SAT;NEGATIF;AZALIYOR;AL;AL;NOTR;2;23.09.2026
TRILC;izle;;10,7;2,4;3,0;5,3;0;0;zayif;46,1;28,4;48,8;asagi;zayif;zayif;asagi;1,02;-8,59;2;0,93;-1,06;3456550;1,01;SAT;NEGATIF;SAT;NEGATIF;AZALIYOR;SAT;AL;UCUZ (AL);1;23.09.2026
INTEK;izle;;10,7;2,4;4,1;4,1;6;0;zayif;40,4;25,4;19,6;asagi;zayif;zayif;asagi;0,95;-6,91;3;180,6;2,85;1397483;196,67;SAT;NEGATIF;SAT;NEGATIF;AZALIYOR;SAT;AL;UCUZ (AL);1;23.09.2026
ERBOS;izle;;10,6;2,4;4,0;4,1;10;0;zayif;32,9;23,2;43,5;asagi;zayif;zayif;asagi;0,95;-4,55;4;126,5;1,44;6176742;139,49;SAT;NEGATIF;SAT;NEGATIF;ARTIYOR;SAT;AL;UCUZ (AL);1;23.09.2026
YYLGD;izle;;10,6;1,6;6,6;2,3;10;0;zayif;24,1;33,8;37,0;asagi;zayif;zayif;asagi;0,84;-3,35;4;8,91;-0,67;43503886;9,39;SAT;NEGATIF;SAT;NEGATIF;ARTIYOR;AL;AL;NOTR;2;23.09.2026
RODRG;izle;;10,6;5,4;0,1;5,0;10;0;zayif;29,5;22,7;10,4;asagi;zayif;zayif;asagi;1,00;-4,06;5;17,9;-1,70;5102377;22,24;SAT;NEGATIF;SAT;NEGATIF;AZALIYOR;SAT;SAT;NOTR;0;23.09.2026
IZENR;izle;;10,5;2,4;4,0;4,1;6;0;zayif;38,7;13,3;42,3;asagi;zayif;zayif;asagi;0,95;-8,01;3;4,15;-1,89;137473842;5,46;SAT;NEGATIF;SAT;NEGATIF;AZALIYOR;SAT;SAT;UCUZ (AL);0;23.09.2026
SURGY;izle;;10,5;2,4;8,0;0,1;10;0;zayif;44,3;12,4;42,4;asagi;zayif;zayif;asagi;0,70;-8,77;4;23,28;-1,94;47658467;29,31;AL;NEGATIF;SAT;NEGATIF;AZALIYOR;SAT;SAT;UCUZ (AL);1;23.09.2026
KRONT;izle;;10,5;5,1;5,4;0,0;0;0;zayif;27,3;29,7;22,5;asagi;zayif;zayif;asagi;0,44;-2,73;2;18,88;-2,63;11828037;23,19;SAT;NEGATIF;SAT;NEGATIF;AZALIYOR;AL;AL;NOTR;2;23.09.2026
VAKFN;izle;;10,4;2,4;4,0;4,0;10;0;zayif;46,9;23,9;24,1;asagi;zayif;zayif;asagi;0,61;-4,00;4;1,02;-0,97;38941847;1,13;SAT;NEGATIF;SAT;NEGATIF;AZALIYOR;AL;SAT;UCUZ (AL);1;23.09.2026
TATEN;izle;;10,4;2,4;4,0;4,0;0;0;zayif;34,7;18,9;43,7;asagi;zayif;zayif;asagi;0,66;-7,17;2;5,01;-2,15;72117547;6,45;SAT;NEGATIF;SAT;NEGATIF;AZALIYOR;SAT;AL;UCUZ (AL);1;23.09.2026
KUYAS;izle;;10,4;2,4;0,0;8,0;0;0;zayif;30,7;16,6;34,1;asagi;zayif;zayif;asagi;0,04;-6,90;0;37,1;-10,00;18089700;49,46;SAT;NEGATIF;SAT;NEGATIF;ARTIYOR;SAT;AL;UCUZ (AL);1;23.09.2026
TEZOL;izle;;10,4;2,4;8,0;0,0;10;0;zayif;40,2;23,0;41,7;asagi;zayif;zayif;asagi;0,47;-6,97;5;7,85;0,26;13717286;8,94;AL;NEGATIF;SAT;NEGATIF;AZALIYOR;SAT;AL;UCUZ (AL);2;23.09.2026
KIMMR;izle;;10,4;2,4;4,0;4,0;0;0;zayif;44,8;23,4;30,3;asagi;zayif;zayif;asagi;0,56;-4,71;1;11,51;0,44;6742650;12,64;SAT;NEGATIF;SAT;NEGATIF;AZALIYOR;AL;AL;NOTR;2;23.09.2026
LIDER;izle;;10,4;2,4;8,0;0,0;0;0;zayif;57,1;13,9;33,6;asagi;zayif;zayif;asagi;0,03;-12,51;2;11,52;-10,00;5771601;18,19;AL;NEGATIF;SAT;NEGATIF;AZALIYOR;SAT;AL;UCUZ (AL);2;23.09.2026
TERA;izle;;10,4;2,4;0,0;8,0;10;1;zayif;33,7;22,7;94,9;asagi;zayif;zayif;asagi;0,00;-6,08;0;119,2;-9,97;1853918;153,87;SAT;NEGATIF;SAT;NEGATIF;ARTIYOR;SAT;AL;NOTR;1;23.09.2026
KLMSN;izle;;10,4;2,4;4,0;3,9;10;0;zayif;30,3;18,9;23,7;asagi;zayif;zayif;asagi;0,93;-4,75;4;22,94;0,26;13332866;26,26;SAT;NEGATIF;SAT;NEGATIF;AZALIYOR;SAT;AL;UCUZ (AL);1;23.09.2026
ASUZU;izle;;10,3;0,9;9,4;0,0;10;0;zayif;18,8;39,2;66,0;asagi;zayif;zayif;asagi;0,70;-2,39;4;45;0,00;12158910;49,84;SAT;NEGATIF;NOTR;NEGATIF;AZALIYOR;SAT;SAT;UCUZ (AL);0;23.09.2026
RNPOL;izle;;10,3;5,2;4,2;0,9;32;2;zayif;28,1;32,6;18,4;asagi;zayif;zayif;asagi;0,75;-2,50;4;1,95;-3,94;5212467;2,44;SAT;NEGATIF;SAT;NEGATIF;AZALIYOR;SAT;SAT;NOTR;0;23.09.2026
EYGYO;izle;;10,2;1,7;1,7;6,9;6;0;zayif;24,4;29,2;38,2;asagi;zayif;zayif;asagi;1,11;-2,68;3;2,09;-2,79;17640432;2,61;SAT;NEGATIF;SAT;NEGATIF;AZALIYOR;SAT;AL;UCUZ (AL);1;23.09.2026
KENT;izle;;10,1;2,4;5,1;2,6;6;0;zayif;32,7;28,7;11,8;asagi;zayif;zayif;asagi;0,85;-4,06;3;298,5;-0,50;1170717;336,35;SAT;NEGATIF;SAT;NEGATIF;AZALIYOR;SAT;AL;UCUZ (AL);1;23.09.2026
YESIL;izle;;10,1;2,4;0,4;7,2;0;0;zayif;30,8;18,1;32,7;asagi;zayif;zayif;asagi;1,13;-5,83;1;0,92;-2,13;16768386;1,08;SAT;NEGATIF;SAT;NEGATIF;ARTIYOR;SAT;SAT;UCUZ (AL);0;23.09.2026
KATMR;izle;;10,1;2,4;4,6;3,0;10;0;zayif;51,4;27,1;29,7;asagi;zayif;zayif;asagi;0,88;-5,54;4;1,64;-1,20;114146224;1,80;SAT;NEGATIF;SAT;NEGATIF;AZALIYOR;AL;AL;UCUZ (AL);2;23.09.2026
GEREL;izle;;10,1;5,4;4,0;0,6;6;0;zayif;29,8;22,8;34,9;asagi;zayif;zayif;asagi;0,74;-4,47;3;25,32;0,56;121428111;32,80;SAT;NEGATIF;SAT;NEGATIF;AZALIYOR;SAT;AL;NOTR;1;23.09.2026
BRLSM;izle;;10,0;4,2;5,8;0,0;0;0;zayif;20,5;31,0;16,6;asagi;zayif;zayif;asagi;0,40;-2,84;2;13,25;-3,36;89394756;18,14;SAT;NEGATIF;SAT;NEGATIF;AZALIYOR;SAT;AL;NOTR;1;23.09.2026
IZFAS;izle;;9,9;1,9;0,1;8,0;0;0;zayif;25,8;25,1;57,5;asagi;zayif;zayif;asagi;0,12;-5,33;0;27,14;-9,95;16936011;42,05;SAT;NEGATIF;SAT;NEGATIF;AZALIYOR;SAT;SAT;UCUZ (AL);0;23.09.2026
SDTTR;izle;;9,8;4,6;5,2;0,0;16;1;zayif;23,7;29,1;38,1;asagi;zayif;zayif;asagi;0,55;-3,18;3;17,34;-1,25;91193886;20,98;SAT;NEGATIF;SAT;NEGATIF;AZALIYOR;SAT;SAT;NOTR;0;23.09.2026
CEMAS;izle;;9,8;2,0;7,2;0,6;6;0;zayif;26,5;35,8;43,2;asagi;zayif;zayif;asagi;0,74;-2,93;3;3,52;3,53;35194171;3,87;SAT;NEGATIF;SAT;NEGATIF;ARTIYOR;SAT;AL;NOTR;1;23.09.2026
GENTS;izle;;9,8;1,7;4,0;4,0;10;0;zayif;24,8;25,1;34,7;asagi;zayif;zayif;asagi;0,62;-3,99;4;4,49;0,45;15581512;5,12;SAT;NEGATIF;SAT;NEGATIF;AZALIYOR;SAT;AL;UCUZ (AL);1;23.09.2026
MARMR;izle;;9,7;2,4;4,0;3,3;10;0;zayif;35,1;18,1;29,4;asagi;zayif;zayif;asagi;0,90;-5,33;6;1,59;-1,85;70252773;1,92;SAT;NEGATIF;SAT;NEGATIF;AZALIYOR;SAT;AL;NOTR;1;23.09.2026
MAGEN;izle;;9,7;1,7;0,0;8,0;32;3;zayif;24,4;18,6;36,1;asagi;zayif;zayif;asagi;0,08;-6,49;2;19,88;-9,96;27691409;26,84;SAT;NEGATIF;SAT;NEGATIF;AZALIYOR;SAT;SAT;UCUZ (AL);0;23.09.2026
DZGYO;izle;;9,6;1,5;8,2;0,0;6;0;zayif;22,7;40,5;43,8;asagi;zayif;zayif;asagi;0,53;-1,76;3;6,82;1,04;13122314;7,93;SAT;NEGATIF;SAT;NEGATIF;AZALIYOR;SAT;SAT;NOTR;0;23.09.2026
KSTUR;izle;;9,5;2,4;4,8;2,3;0;0;zayif;29,8;32,6;36,3;asagi;zayif;zayif;asagi;0,84;-4,29;1;2020;-3,81;1399860;2342,50;SAT;NEGATIF;SAT;NEGATIF;AZALIYOR;SAT;SAT;UCUZ (AL);0;23.09.2026
KRVGD;izle;;9,5;2,4;7,1;0,0;0;0;zayif;43,3;35,2;54,9;asagi;zayif;zayif;asagi;0,45;-3,33;1;2,1;-1,41;8695663;2,27;SAT;NEGATIF;SAT;NEGATIF;AZALIYOR;AL;AL;UCUZ (AL);2;23.09.2026
PAPIL;izle;;9,5;2,4;0,0;7,1;10;0;zayif;29,6;21,9;39,6;asagi;zayif;zayif;asagi;1,13;-4,88;5;8,74;-6,92;76269855;11,36;SAT;NEGATIF;SAT;NEGATIF;AZALIYOR;SAT;AL;UCUZ (AL);1;23.09.2026
CMENT;izle;;9,5;2,4;7,0;0,0;0;0;zayif;59,8;35,1;22,9;asagi;zayif;zayif;asagi;0,66;-3,83;1;226,5;2,03;707133;247,22;SAT;NEGATIF;SAT;NEGATIF;AZALIYOR;AL;AL;UCUZ (AL);2;23.09.2026
KTLEV;izle;;9,4;5,4;4,0;0,0;0;0;zayif;42,4;22,6;31,3;asagi;zayif;zayif;asagi;0,02;-6,41;1;16,24;-9,98;41544047;27,72;SAT;NEGATIF;SAT;NEGATIF;AZALIYOR;SAT;AL;NOTR;1;23.09.2026
PASEU;izle;;9,4;5,4;4,0;0,0;0;0;zayif;42,9;20,8;0,0;asagi;zayif;zayif;asagi;0,04;-7,42;1;40,46;-9,97;14206356;73,24;SAT;NEGATIF;SAT;NEGATIF;AZALIYOR;SAT;AL;UCUZ (AL);1;23.09.2026
PKART;izle;;9,4;5,4;4,0;0,0;10;0;zayif;31,8;24,3;19,1;asagi;zayif;zayif;asagi;0,42;-3,74;4;90,55;-1,25;20398199;111,43;SAT;NEGATIF;SAT;NEGATIF;AZALIYOR;AL;AL;NOTR;2;23.09.2026
ODINE;izle;;9,4;5,4;4,0;0,0;0;0;zayif;44,9;16,1;-0,0;asagi;zayif;zayif;asagi;0,01;-9,36;0;337,5;-9,94;725625;650,23;SAT;NEGATIF;SAT;NEGATIF;AZALIYOR;AL;AL;NOTR;2;23.09.2026
BRKVY;izle;;9,4;2,4;5,0;2,0;10;0;zayif;32,7;28,3;13,8;asagi;zayif;zayif;asagi;0,82;-3,76;4;61,95;-2,82;28812264;75,84;SAT;NEGATIF;SAT;NEGATIF;AZALIYOR;SAT;AL;UCUZ (AL);1;23.09.2026
PAMEL;izle;;9,4;2,4;4,0;3,0;6;0;zayif;30,6;10,9;17,1;asagi;zayif;zayif;asagi;0,88;-6,61;3;51,95;-0,86;15250702;62,43;SAT;NEGATIF;SAT;NEGATIF;AZALIYOR;AL;SAT;UCUZ (AL);1;23.09.2026
SAMAT;izle;;9,4;2,4;7,0;0,0;10;0;zayif;31,6;34,9;32,3;asagi;zayif;zayif;asagi;0,65;-2,44;5;4,55;-0,22;3237821;5,19;SAT;NEGATIF;SAT;NEGATIF;ARTIYOR;AL;AL;NOTR;2;23.09.2026
TSPOR;izle;;9,4;2,3;7,1;0,0;6;0;zayif;28,9;35,3;40,9;asagi;zayif;zayif;asagi;0,51;-2,07;3;0,9;1,12;138753468;1,03;SAT;NEGATIF;SAT;NEGATIF;AZALIYOR;SAT;AL;UCUZ (AL);1;23.09.2026
TLMAN;izle;;9,3;2,1;4,0;3,2;10;0;zayif;27,7;24,5;26,4;asagi;zayif;zayif;asagi;0,89;-4,46;5;66,8;-1,11;8614127;75,16;SAT;NEGATIF;SAT;NEGATIF;AZALIYOR;SAT;SAT;UCUZ (AL);0;23.09.2026
EDIP;izle;;9,3;1,7;7,6;0,0;50;5;zayif;24,6;36,9;41,3;asagi;zayif;zayif;asagi;0,48;-2,20;4;31,76;3,12;31898537;35,37;SAT;NEGATIF;SAT;NEGATIF;AZALIYOR;SAT;AL;NOTR;1;23.09.2026
ORCAY;izle;;9,2;1,4;0,6;7,3;10;0;zayif;22,3;17,4;33,8;asagi;zayif;zayif;asagi;1,14;-4,94;5;2,55;-2,67;5075640;3,20;SAT;NEGATIF;SAT;NEGATIF;AZALIYOR;SAT;AL;UCUZ (AL);1;23.09.2026
YAPRK;izle;;9,1;0,3;6,6;2,2;0;0;zayif;14,2;33,6;54,1;asagi;zayif;zayif;asagi;0,83;-2,17;2;9,65;2,77;31945601;11,15;SAT;NEGATIF;NOTR;NEGATIF;ARTIYOR;SAT;AL;NOTR;1;23.09.2026
GLCVY;izle;;8,9;1,1;3,6;4,3;10;1;zayif;20,0;32,5;29,2;asagi;zayif;zayif;asagi;0,96;-2,71;2;45,88;-1,25;27834387;53,15;SAT;NEGATIF;NOTR;NEGATIF;AZALIYOR;SAT;AL;UCUZ (AL);1;23.09.2026
KOPOL;izle;;8,8;2,4;4,0;2,4;10;0;zayif;32,7;17,1;26,4;asagi;zayif;zayif;asagi;0,84;-6,41;4;3,59;-1,10;30824110;4,38;SAT;NEGATIF;SAT;NEGATIF;AZALIYOR;SAT;AL;UCUZ (AL);1;23.09.2026
EUHOL;izle;;8,8;2,4;6,3;0,0;6;0;zayif;39,6;32,8;15,2;asagi;zayif;zayif;asagi;0,58;-4,54;3;7,86;9,93;2799551;8,49;SAT;NEGATIF;SAT;NEGATIF;ARTIYOR;AL;AL;UCUZ (AL);2;23.09.2026
PARSN;izle;;8,8;2,0;4,8;1,9;10;0;zayif;26,6;27,8;35,5;asagi;zayif;zayif;asagi;0,82;-3,78;4;63,2;0,32;13622760;70,91;SAT;NEGATIF;SAT;NEGATIF;AZALIYOR;SAT;AL;UCUZ (AL);1;23.09.2026
ATLAS;izle;;8,7;1,2;6,4;1,1;22;2;zayif;21,0;37,5;49,8;asagi;zayif;zayif;asagi;0,77;-2,12;0;5,5;-4,51;5079646;7,36;SAT;NEGATIF;SAT;NEGATIF;AZALIYOR;SAT;SAT;NOTR;0;23.09.2026
NIBAS;izle;;8,6;1,6;6,6;0,4;32;3;zayif;23,4;33,8;45,6;asagi;zayif;zayif;asagi;0,72;-2,59;2;3,31;0,91;72533006;4,18;SAT;NEGATIF;SAT;NEGATIF;AZALIYOR;SAT;AL;NOTR;1;23.09.2026
EKOS;izle;;8,5;2,4;4,0;2,0;16;1;zayif;37,6;19,4;35,4;asagi;zayif;zayif;asagi;0,82;-5,79;3;3,86;-2,77;28302365;4,55;SAT;NEGATIF;SAT;NEGATIF;AZALIYOR;AL;AL;UCUZ (AL);2;23.09.2026
GEDZA;izle;;8,5;2,4;4,0;2,0;32;2;zayif;34,5;23,3;19,7;asagi;zayif;zayif;asagi;0,82;-4,19;4;23,8;-0,67;7575826;26,64;SAT;NEGATIF;SAT;NEGATIF;ARTIYOR;SAT;AL;NOTR;1;23.09.2026
BURVA;izle;;8,5;1,7;6,8;0,0;0;0;zayif;24,2;34,4;19,5;asagi;zayif;zayif;asagi;0,65;-3,43;2;503,5;9,99;30068013;648,35;SAT;NEGATIF;SAT;NEGATIF;ARTIYOR;SAT;SAT;NOTR;0;23.09.2026
LKMNH;izle;;8,2;2,4;5,8;0,0;16;1;zayif;37,4;37,1;66,6;asagi;zayif;zayif;asagi;0,50;-2,65;3;12,11;-1,14;16719030;13,89;SAT;NEGATIF;SAT;NEGATIF;AZALIYOR;SAT;SAT;UCUZ (AL);0;23.09.2026
YAYLA;izle;;8,2;2,4;0,0;5,7;6;0;zayif;33,0;24,7;38,3;asagi;zayif;zayif;asagi;1,04;-4,20;3;16,25;1,37;18071235;19,91;SAT;NEGATIF;SAT;NEGATIF;AZALIYOR;SAT;AL;UCUZ (AL);1;23.09.2026
AVHOL;izle;;8,2;2,4;0,6;5,1;6;0;zayif;36,4;19,1;38,7;asagi;zayif;zayif;asagi;1,01;-4,73;3;27,08;0,22;38704252;32,68;SAT;NEGATIF;SAT;NEGATIF;ARTIYOR;SAT;AL;UCUZ (AL);1;23.09.2026
HURGZ;izle;;8,2;4,3;3,5;0,4;10;1;zayif;21,3;34,1;49,3;asagi;zayif;zayif;asagi;0,73;-1,96;2;6,3;-2,02;35324724;7,89;SAT;NEGATIF;SAT;NEGATIF;AZALIYOR;SAT;SAT;NOTR;0;23.09.2026
GRSEL;izle;;8,2;2,3;5,9;0,0;0;0;zayif;28,6;31,4;48,5;asagi;zayif;zayif;asagi;0,60;-2,42;2;275;-1,52;70448125;306,84;SAT;NEGATIF;SAT;NEGATIF;AZALIYOR;AL;AL;NOTR;2;23.09.2026
SNGYO;izle;;8,1;1,5;6,6;0,0;10;0;zayif;23,2;33,8;28,9;asagi;zayif;zayif;asagi;0,65;-3,07;4;2,79;-1,41;58644712;3,10;SAT;NEGATIF;SAT;NEGATIF;ARTIYOR;AL;AL;UCUZ (AL);2;23.09.2026
KLSER;izle;;8,1;1,8;4,0;2,3;20;1;zayif;25,2;22,4;29,7;asagi;zayif;zayif;asagi;0,84;-5,64;5;20;-2,06;17706080;22,17;SAT;NEGATIF;SAT;NEGATIF;ARTIYOR;SAT;AL;UCUZ (AL);1;23.09.2026
AFYON;izle;;8,0;1,4;1,9;4,7;20;1;zayif;22,5;28,4;45,1;asagi;zayif;zayif;asagi;0,86;-3,56;4;11,25;-1,32;13226636;12,37;SAT;NEGATIF;SAT;NEGATIF;AZALIYOR;SAT;SAT;UCUZ (AL);0;23.09.2026
BNTAS;izle;;8,0;2,4;5,5;0,0;50;4;zayif;30,2;30,1;24,4;asagi;zayif;zayif;asagi;0,60;-3,42;4;5,48;-0,36;12804310;5,99;SAT;NEGATIF;SAT;NEGATIF;AZALIYOR;SAT;AL;NOTR;1;23.09.2026
OSTIM;izle;;8,0;0,8;6,4;0,8;6;0;zayif;17,9;32,9;48,4;asagi;zayif;zayif;asagi;0,75;-3,07;3;1,4;1,45;14088025;1,59;SAT;NEGATIF;NOTR;NEGATIF;AZALIYOR;SAT;AL;UCUZ (AL);1;23.09.2026
AKYHO;izle;;7,9;2,4;5,5;0,0;10;0;zayif;29,6;30,0;33,9;asagi;zayif;zayif;asagi;0,51;-3,54;5;1,75;-1,13;1629691;2,11;SAT;NEGATIF;SAT;NEGATIF;AZALIYOR;SAT;AL;UCUZ (AL);1;23.09.2026
ATAGY;izle;;7,8;2,4;2,5;2,9;10;0;zayif;39,7;27,2;41,6;asagi;zayif;zayif;asagi;0,87;-3,07;4;9;-0,33;1592154;10,26;SAT;NEGATIF;SAT;NEGATIF;AZALIYOR;SAT;SAT;UCUZ (AL);0;23.09.2026
TKNSA;izle;;7,8;1,8;6,0;0,0;20;1;zayif;25,2;31,7;28,1;asagi;zayif;zayif;asagi;0,65;-3,26;4;14,63;-3,11;35799274;17,09;SAT;NEGATIF;SAT;NEGATIF;AZALIYOR;SAT;AL;UCUZ (AL);1;23.09.2026
BLCYT;izle;;7,8;2,1;5,7;0,0;0;0;zayif;27,4;30,6;42,2;asagi;zayif;zayif;asagi;0,29;-3,52;1;1,63;-1,21;18784016;2,05;SAT;NEGATIF;SAT;NEGATIF;AZALIYOR;SAT;AL;UCUZ (AL);1;23.09.2026
TARKM;izle;;7,8;4,9;1,0;1,9;10;0;zayif;25,6;28,5;41,2;asagi;zayif;zayif;asagi;0,81;-2,75;4;408;-0,55;63899736;507,72;SAT;NEGATIF;SAT;NEGATIF;AZALIYOR;SAT;AL;NOTR;1;23.09.2026
SASA;izle;;7,8;1,0;6,8;0,0;6;0;zayif;19,3;39,6;48,6;asagi;zayif;zayif;asagi;0,52;-1,47;3;2,26;-1,31;5544921657;2,76;SAT;NEGATIF;NOTR;NEGATIF;AZALIYOR;SAT;SAT;NOTR;0;23.09.2026
BRKSN;izle;;7,8;2,4;4,2;1,1;6;0;zayif;30,5;25,8;19,2;asagi;zayif;zayif;asagi;0,42;-3,53;3;6,76;0,15;862657;7,54;SAT;NEGATIF;SAT;NEGATIF;AZALIYOR;SAT;AL;NOTR;1;23.09.2026
ULUSE;izle;;7,7;5,4;1,7;0,6;0;0;zayif;41,8;21,2;39,1;asagi;zayif;zayif;asagi;0,73;-4,82;2;183;-2,76;23699964;226,71;SAT;NEGATIF;SAT;NEGATIF;AZALIYOR;SAT;AL;NOTR;1;23.09.2026
DERIM;izle;;7,7;1,4;5,1;1,1;32;2;zayif;22,4;28,7;47,0;asagi;zayif;zayif;asagi;0,77;-3,02;4;29,7;1,64;7375757;34,04;SAT;NEGATIF;SAT;NEGATIF;AZALIYOR;SAT;AL;NOTR;1;23.09.2026
YUNSA;izle;;7,6;2,4;5,2;0,0;0;0;zayif;41,3;28,9;46,7;asagi;zayif;zayif;asagi;0,66;-4,46;2;6,74;0,60;24691060;7,32;SAT;NEGATIF;SAT;NEGATIF;AZALIYOR;AL;AL;NOTR;2;23.09.2026
BIZIM;izle;;7,6;1,8;5,8;0,0;32;2;zayif;25,2;31,0;38,6;asagi;zayif;zayif;asagi;0,56;-3,35;5;21,1;-1,22;3341502;23,86;SAT;NEGATIF;SAT;NEGATIF;AZALIYOR;SAT;AL;UCUZ (AL);1;23.09.2026
DARDL;izle;;7,6;2,4;4,0;1,1;50;4;zayif;36,7;16,7;23,4;asagi;zayif;zayif;asagi;0,77;-6,30;5;1,27;-2,31;16812222;1,46;SAT;NEGATIF;SAT;NEGATIF;AZALIYOR;AL;AL;UCUZ (AL);2;23.09.2026
SUMAS;izle;;7,6;2,4;0,5;4,6;0;0;zayif;35,2;21,6;29,1;asagi;zayif;zayif;asagi;0,98;-7,47;1;210;-2,33;650160;234,63;SAT;NEGATIF;SAT;NEGATIF;ARTIYOR;SAT;AL;NOTR;1;23.09.2026
KAREL;izle;;7,5;2,4;4,0;1,1;10;0;zayif;39,0;23,6;16,1;asagi;zayif;zayif;asagi;0,76;-5,26;6;6,35;1,28;51409517;7,32;SAT;NEGATIF;SAT;NEGATIF;AZALIYOR;AL;AL;NOTR;2;23.09.2026
FADE;izle;;7,5;1,8;4,2;1,5;6;0;zayif;25,3;25,6;32,6;asagi;zayif;zayif;asagi;0,79;-4,21;3;12,4;1,89;21278933;14,14;SAT;NEGATIF;SAT;NEGATIF;AZALIYOR;SAT;AL;NOTR;1;23.09.2026
DOKTA;izle;;7,5;2,1;5,4;0,0;16;1;zayif;27,5;29,5;46,0;asagi;zayif;zayif;asagi;0,64;-3,11;3;19,3;0,78;6115263;22,41;SAT;NEGATIF;SAT;NEGATIF;AZALIYOR;SAT;SAT;NOTR;0;23.09.2026
DGGYO;izle;;7,4;1,2;6,2;0,0;6;0;zayif;20,7;32,5;23,9;asagi;zayif;zayif;asagi;0,38;-2,85;3;28,48;-1,45;1261408;32,80;SAT;NEGATIF;SAT;NEGATIF;AZALIYOR;SAT;AL;NOTR;1;23.09.2026
BIENY;izle;;7,4;1,9;4,0;1,5;10;0;zayif;26,1;21,1;18,0;asagi;zayif;zayif;asagi;0,79;-4,25;4;16,63;1,40;29744884;19,43;SAT;NEGATIF;SAT;NEGATIF;AZALIYOR;SAT;AL;UCUZ (AL);1;23.09.2026
SODSN;izle;;7,3;2,4;4,0;0,9;10;0;zayif;43,8;19,4;29,4;asagi;zayif;zayif;asagi;0,75;-6,21;4;6,12;1,49;398761;6,70;SAT;NEGATIF;SAT;NEGATIF;AZALIYOR;AL;AL;UCUZ (AL);2;23.09.2026
PAHOL;izle;;7,3;2,4;0,0;4,9;10;0;zayif;30,7;19,4;39,5;asagi;zayif;zayif;asagi;0,99;-5,27;4;0,99;-3,88;285772844;1,20;SAT;NEGATIF;SAT;NEGATIF;ARTIYOR;SAT;AL;UCUZ (AL);1;23.09.2026
OZRDN;izle;;7,3;4,4;2,8;0,0;0;0;zayif;22,6;30,6;35,2;asagi;zayif;zayif;asagi;0,68;-2,45;2;23,24;-4,52;4595849;30,42;SAT;NEGATIF;SAT;NEGATIF;AZALIYOR;SAT;AL;NOTR;1;23.09.2026
ALTNY;izle;;7,2;1,5;5,7;0,0;0;0;zayif;23,3;30,7;35,6;asagi;zayif;zayif;asagi;0,60;-2,85;2;13,75;-1,57;204230153;16,67;SAT;NEGATIF;SAT;NEGATIF;AZALIYOR;SAT;AL;NOTR;1;23.09.2026
VSNMD;izle;;7,1;2,4;4,0;0,7;6;0;zayif;33,8;12,1;29,1;asagi;zayif;zayif;asagi;0,74;-6,83;3;31,76;-0,94;26098812;37,88;SAT;NEGATIF;SAT;NEGATIF;AZALIYOR;SAT;SAT;UCUZ (AL);0;23.09.2026
MOPAS;izle;;7,1;2,4;4,0;0,6;10;0;zayif;44,9;15,8;20,0;asagi;zayif;zayif;asagi;0,74;-6,01;4;20,64;-0,77;33850900;24,26;SAT;NEGATIF;SAT;NEGATIF;AZALIYOR;AL;AL;UCUZ (AL);2;23.09.2026
BANVT;izle;;7,0;0,6;2,5;4,0;0;0;zayif;16,1;28,0;50,8;asagi;zayif;zayif;asagi;0,50;-3,15;1;135,8;-0,37;7934522;153,12;SAT;NEGATIF;NOTR;NEGATIF;AZALIYOR;SAT;SAT;UCUZ (AL);0;23.09.2026
TMSN;izle;;7,0;0,3;2,7;4,0;6;0;zayif;14,0;27,4;41,7;asagi;zayif;zayif;asagi;0,55;-3,41;3;64,2;-0,70;29487253;75,80;SAT;NEGATIF;NOTR;NEGATIF;AZALIYOR;SAT;SAT;UCUZ (AL);0;23.09.2026
SMRVA;izle;;6,9;2,0;4,0;1,0;10;0;zayif;26,4;19,2;31,7;asagi;zayif;zayif;asagi;0,76;-6,36;4;7,58;-3,07;41932295;9,03;SAT;NEGATIF;SAT;NEGATIF;AZALIYOR;AL;AL;UCUZ (AL);2;23.09.2026
KTSKR;izle;;6,9;2,4;4,0;0,4;10;0;zayif;31,0;22,4;26,4;asagi;zayif;zayif;asagi;0,72;-5,62;5;62;-1,59;15991226;72,64;SAT;NEGATIF;SAT;NEGATIF;AZALIYOR;AL;AL;NOTR;2;23.09.2026
AYEN;izle;;6,8;0,8;6,0;0,0;6;0;zayif;17,8;31,8;52,5;asagi;zayif;zayif;asagi;0,58;-3,30;3;27,78;-0,79;9065975;30,84;SAT;NEGATIF;NOTR;NEGATIF;AZALIYOR;SAT;AL;NOTR;1;23.09.2026
YONGA;izle;;6,8;2,4;0,0;4,3;6;0;zayif;39,3;12,6;16,8;asagi;zayif;zayif;asagi;0,96;-8,93;3;34,08;-0,93;650144;37,87;SAT;NEGATIF;SAT;NEGATIF;AZALIYOR;SAT;AL;UCUZ (AL);1;23.09.2026
NATEN;izle;;6,8;2,0;4,7;0,0;6;0;zayif;26,9;27,4;53,0;asagi;zayif;zayif;asagi;0,43;-4,43;3;4,46;-0,45;15420303;5,09;SAT;NEGATIF;SAT;NEGATIF;AZALIYOR;SAT;AL;UCUZ (AL);1;23.09.2026
PNLSN;izle;;6,7;2,0;4,0;0,7;10;0;zayif;26,7;23,1;27,4;asagi;zayif;zayif;asagi;0,74;-4,11;5;33,96;-1,39;15974750;39,61;SAT;NEGATIF;SAT;NEGATIF;AZALIYOR;SAT;SAT;NOTR;0;23.09.2026
DYOBY;izle;;6,6;2,4;4,2;0,0;50;5;zayif;30,8;25,6;35,0;asagi;zayif;zayif;asagi;0,61;-3,97;4;11,22;-1,06;10220994;12,58;SAT;NEGATIF;SAT;NEGATIF;AZALIYOR;SAT;AL;NOTR;1;23.09.2026
LUKSK;izle;;6,5;2,2;4,0;0,3;10;0;zayif;28,2;19,3;22,1;asagi;zayif;zayif;asagi;0,72;-5,22;4;68;0,97;4698732;77,65;SAT;NEGATIF;SAT;NEGATIF;AZALIYOR;SAT;AL;UCUZ (AL);1;23.09.2026
DGATE;izle;;6,5;5,4;0,7;0,4;6;0;zayif;32,5;18,6;34,9;asagi;zayif;zayif;asagi;0,72;-4,92;3;62,5;-1,34;14580500;81,83;SAT;NEGATIF;SAT;NEGATIF;AZALIYOR;SAT;SAT;NOTR;0;23.09.2026
PLTUR;izle;;6,5;1,6;4,9;0,0;10;0;zayif;23,8;27,8;51,6;asagi;zayif;zayif;asagi;0,53;-3,85;5;16,98;0,59;19156123;19,41;SAT;NEGATIF;SAT;NEGATIF;AZALIYOR;SAT;AL;UCUZ (AL);1;23.09.2026
GSRAY;izle;;6,4;2,4;4,0;0,0;0;0;zayif;33,2;23,6;19,4;asagi;zayif;zayif;asagi;0,45;-3,70;2;0,9;-1,10;68963310;1,00;SAT;NEGATIF;SAT;NEGATIF;AZALIYOR;SAT;AL;UCUZ (AL);1;23.09.2026
KZBGY;izle;;6,4;2,4;4,0;0,0;6;0;zayif;41,6;23,5;30,1;asagi;zayif;zayif;asagi;0,61;-5,93;3;1,49;-0,67;36209840;1,68;SAT;NEGATIF;SAT;NEGATIF;AZALIYOR;AL;AL;UCUZ (AL);2;23.09.2026
BIGCH;izle;;6,4;2,4;4,0;0,0;32;2;zayif;32,3;23,3;32,2;asagi;zayif;zayif;asagi;0,69;-5,30;4;4,16;-1,65;16552619;5,13;SAT;NEGATIF;SAT;NEGATIF;AZALIYOR;SAT;AL;UCUZ (AL);1;23.09.2026
BORLS;izle;;6,4;2,4;4,0;0,0;6;0;zayif;47,8;13,6;0,0;asagi;zayif;zayif;asagi;0,55;-7,41;3;2,07;-1,43;36568887;2,83;SAT;NEGATIF;SAT;NEGATIF;AZALIYOR;AL;SAT;UCUZ (AL);1;23.09.2026
SAFKR;izle;;6,4;2,4;4,0;0,0;10;0;zayif;53,9;15,1;8,7;asagi;zayif;zayif;asagi;0,62;-7,33;4;10,82;-3,74;37188178;13,55;SAT;NEGATIF;SAT;NEGATIF;AZALIYOR;AL;AL;UCUZ (AL);2;23.09.2026
ELITE;izle;;6,4;2,4;4,0;0,0;16;1;zayif;39,0;17,2;40,1;asagi;zayif;zayif;asagi;0,55;-6,17;3;21;-1,50;16381995;24,43;SAT;NEGATIF;SAT;NEGATIF;AZALIYOR;AL;SAT;UCUZ (AL);1;23.09.2026
SOKE;izle;;6,4;2,4;4,0;0,0;6;0;zayif;46,3;12,9;21,9;asagi;zayif;zayif;asagi;0,60;-7,99;3;8,1;-0,49;18255521;9,93;SAT;NEGATIF;SAT;NEGATIF;AZALIYOR;AL;AL;NOTR;2;23.09.2026
ALCTL;izle;;6,4;2,4;4,0;0,0;6;0;zayif;57,5;24,5;33,0;asagi;zayif;zayif;asagi;0,60;-5,24;3;93;0,32;23452275;106,69;SAT;NEGATIF;SAT;NEGATIF;AZALIYOR;AL;AL;NOTR;2;23.09.2026
EGEPO;izle;;6,4;2,4;4,0;0,0;6;0;zayif;56,5;14,0;6,6;asagi;zayif;zayif;asagi;0,50;-7,86;3;6,98;-1,83;22114971;9,81;SAT;NEGATIF;SAT;NEGATIF;AZALIYOR;AL;SAT;NOTR;1;23.09.2026
MEDTR;izle;;6,4;2,4;4,0;0,0;10;0;zayif;37,1;15,8;13,7;asagi;zayif;zayif;asagi;0,58;-5,76;4;19,9;-0,80;3504609;22,19;SAT;NEGATIF;SAT;NEGATIF;AZALIYOR;AL;AL;UCUZ (AL);2;23.09.2026
ALVES;izle;;6,4;2,4;4,0;0,0;0;0;zayif;47,7;13,6;45,8;asagi;zayif;zayif;asagi;0,26;-11,38;1;0,62;-1,59;10904793;0,86;SAT;NEGATIF;SAT;NEGATIF;AZALIYOR;AL;AL;UCUZ (AL);2;23.09.2026
MERKO;izle;;6,4;2,4;4,0;0,0;6;0;zayif;44,3;18,4;38,6;asagi;zayif;zayif;asagi;0,57;-6,42;3;1,01;-0,98;14219269;1,16;SAT;NEGATIF;SAT;NEGATIF;AZALIYOR;AL;AL;UCUZ (AL);2;23.09.2026
YYAPI;izle;;6,4;2,4;4,0;0,0;0;0;zayif;56,9;18,6;11,3;asagi;zayif;zayif;asagi;0,52;-8,18;2;0,64;3,23;1417217;0,70;SAT;NEGATIF;SAT;NEGATIF;AZALIYOR;SAT;AL;UCUZ (AL);1;23.09.2026
KONKA;izle;;6,4;2,4;4,0;0,0;10;0;zayif;51,5;19,3;32,9;asagi;zayif;zayif;asagi;0,57;-6,75;4;7,75;-1,90;13021124;9,02;SAT;NEGATIF;SAT;NEGATIF;AZALIYOR;AL;AL;UCUZ (AL);2;23.09.2026
TMPOL;izle;;6,4;2,4;4,0;0,0;0;0;zayif;36,0;18,2;9,4;asagi;zayif;zayif;asagi;0,01;-7,30;0;153,4;-9,98;833269;236,83;SAT;NEGATIF;SAT;NEGATIF;AZALIYOR;SAT;SAT;UCUZ (AL);0;23.09.2026
YBTAS;izle;;6,4;2,4;4,0;0,0;10;0;zayif;54,2;16,1;6,9;asagi;zayif;zayif;asagi;0,35;-8,15;4;11,12;-0,18;293357;12,19;SAT;NEGATIF;SAT;NEGATIF;AZALIYOR;SAT;SAT;UCUZ (AL);0;23.09.2026
MAKTK;izle;;6,4;2,4;4,0;0,0;10;0;zayif;30,0;17,0;27,9;asagi;zayif;zayif;asagi;0,53;-5,68;6;7,2;-2,44;15832944;8,73;SAT;NEGATIF;SAT;NEGATIF;AZALIYOR;SAT;AL;UCUZ (AL);1;23.09.2026
TEKTU;izle;;6,4;1,5;4,0;1,0;50;5;zayif;22,9;16,0;23,7;asagi;zayif;zayif;asagi;0,76;-6,42;5;5,13;-1,35;28757990;6,29;SAT;NEGATIF;SAT;NEGATIF;AZALIYOR;SAT;AL;UCUZ (AL);1;23.09.2026
PKENT;izle;;6,4;2,3;4,0;0,2;20;1;zayif;28,6;20,9;22,9;asagi;zayif;zayif;asagi;0,71;-4,92;4;103,7;1,47;9928445;116,80;SAT;NEGATIF;SAT;NEGATIF;AZALIYOR;SAT;AL;UCUZ (AL);1;23.09.2026
ARZUM;izle;;6,4;1,8;4,0;0,6;10;0;zayif;25,3;20,1;25,7;asagi;zayif;zayif;asagi;0,74;-5,53;4;1,25;0,00;9611660;1,46;SAT;NEGATIF;SAT;NEGATIF;AZALIYOR;SAT;SAT;UCUZ (AL);0;23.09.2026
FENER;izle;;6,3;2,1;4,2;0,0;10;0;zayif;27,5;25,6;30,8;asagi;zayif;zayif;asagi;0,52;-4,54;4;2,51;-0,79;162437780;2,83;SAT;NEGATIF;SAT;NEGATIF;AZALIYOR;SAT;SAT;NOTR;0;23.09.2026
SELVA;izle;;6,3;2,3;4,0;0,0;6;0;zayif;28,8;19,4;25,5;asagi;zayif;zayif;asagi;0,38;-6,33;3;1,24;-0,80;10500372;1,43;SAT;NEGATIF;SAT;NEGATIF;AZALIYOR;AL;AL;UCUZ (AL);2;23.09.2026
ARMGD;izle;;6,3;5,2;1,1;0,0;6;0;zayif;28,2;27,0;42,6;asagi;zayif;zayif;asagi;0,12;-3,85;3;121,5;-9,93;21727845;168,05;SAT;NEGATIF;SAT;NEGATIF;AZALIYOR;SAT;SAT;NOTR;0;23.09.2026
VERUS;izle;;6,3;5,4;0,8;0,0;10;1;zayif;36,6;26,2;24,9;asagi;zayif;zayif;asagi;0,54;-3,33;2;423,25;-4,51;21414757;560,97;SAT;NEGATIF;SAT;NEGATIF;AZALIYOR;SAT;SAT;NOTR;0;23.09.2026
NUGYO;izle;;6,1;2,1;4,0;0,0;6;0;zayif;27,7;24,6;33,1;asagi;zayif;zayif;asagi;0,41;-3,24;3;7,85;-1,13;5281857;8,93;SAT;NEGATIF;SAT;NEGATIF;AZALIYOR;SAT;AL;UCUZ (AL);1;23.09.2026
ASGYO;izle;;6,1;2,0;4,2;0,0;6;0;zayif;26,4;25,5;45,3;asagi;zayif;zayif;asagi;0,70;-3,47;3;9,88;-0,40;21290274;10,89;SAT;NEGATIF;SAT;NEGATIF;AZALIYOR;SAT;AL;NOTR;1;23.09.2026
MEKAG;izle;;6,1;2,1;4,0;0,0;10;0;zayif;27,4;18,5;25,3;asagi;zayif;zayif;asagi;0,70;-5,23;4;2,3;-1,29;12932210;2,72;SAT;NEGATIF;SAT;NEGATIF;AZALIYOR;SAT;AL;UCUZ (AL);1;23.09.2026
DGNMO;izle;;6,1;5,4;0,6;0,0;0;0;zayif;47,3;15,0;-0,0;asagi;zayif;zayif;asagi;0,38;-5,02;2;4,84;-2,62;7662436;6,38;SAT;NEGATIF;SAT;NEGATIF;AZALIYOR;SAT;SAT;NOTR;0;23.09.2026
EUREN;izle;;6,0;2,0;4,0;0,0;32;2;zayif;27,0;24,4;40,0;asagi;zayif;zayif;asagi;0,57;-4,93;4;3,13;-1,88;52148658;3,61;SAT;NEGATIF;SAT;NEGATIF;AZALIYOR;SAT;AL;UCUZ (AL);1;23.09.2026
VAKFA;izle;;6,0;1,6;3,1;1,4;10;1;zayif;23,7;31,5;41,4;asagi;zayif;zayif;asagi;0,74;-2,90;1;9,96;-0,60;46977774;11,18;SAT;NEGATIF;SAT;NEGATIF;AZALIYOR;SAT;SAT;NOTR;0;23.09.2026
SILVR;izle;;6,0;2,1;0,7;3,1;10;0;zayif;27,4;16,3;21,8;asagi;zayif;zayif;asagi;0,89;-4,50;4;1,8;-1,64;2599715;2,10;SAT;NEGATIF;SAT;NEGATIF;AZALIYOR;SAT;AL;UCUZ (AL);1;23.09.2026
ISSEN;izle;;5,9;2,4;0,3;3,2;20;1;zayif;29,5;20,5;22,5;asagi;zayif;zayif;asagi;0,89;-4,03;4;5,93;-1,50;6848842;6,71;SAT;NEGATIF;SAT;NEGATIF;AZALIYOR;SAT;AL;UCUZ (AL);1;23.09.2026
ENSRI;izle;;5,9;1,9;4,0;0,0;6;0;zayif;25,9;20,1;15,3;asagi;zayif;zayif;asagi;0,40;-8,35;3;3,33;-2,63;31144954;4,09;SAT;NEGATIF;SAT;NEGATIF;AZALIYOR;SAT;SAT;UCUZ (AL);0;23.09.2026
IHEVA;izle;;5,9;1,4;4,5;0,0;0;0;zayif;22,5;26,5;40,1;asagi;zayif;zayif;asagi;0,41;-3,52;2;1,68;0,60;1244920;1,92;SAT;NEGATIF;SAT;NEGATIF;AZALIYOR;SAT;AL;UCUZ (AL);1;23.09.2026
MACKO;izle;;5,9;1,4;0,3;4,1;10;0;zayif;22,3;23,8;22,0;asagi;zayif;zayif;asagi;0,95;-3,46;4;27,78;-1,00;19891647;33,61;SAT;NEGATIF;SAT;NEGATIF;AZALIYOR;SAT;SAT;NOTR;0;23.09.2026
MZHLD;izle;;5,9;1,2;4,7;0,0;22;2;zayif;20,7;36,6;43,3;asagi;zayif;zayif;asagi;0,34;-2,40;1;4,75;-0,63;1115547;5,65;SAT;NEGATIF;SAT;NEGATIF;AZALIYOR;SAT;SAT;UCUZ (AL);0;23.09.2026
GOODY;izle;;5,8;1,4;0,7;3,7;6;0;zayif;22,1;25,3;30,3;asagi;zayif;zayif;asagi;0,92;-3,49;3;2,26;-2,59;24547096;2,62;SAT;NEGATIF;SAT;NEGATIF;ARTIYOR;SAT;SAT;NOTR;0;23.09.2026
BYDNR;izle;;5,8;5,4;0,0;0,3;0;0;zayif;38,4;13,0;11,7;asagi;zayif;zayif;asagi;0,72;-6,80;2;21,22;-0,56;13388844;27,74;SAT;NEGATIF;SAT;NEGATIF;AZALIYOR;SAT;SAT;NOTR;0;23.09.2026
INFO;izle;;5,7;5,4;0,3;0,0;0;0;zayif;29,8;22,3;35,9;asagi;zayif;zayif;asagi;0,06;-5,91;1;1,31;-9,66;6201672;1,96;SAT;NEGATIF;SAT;NEGATIF;AZALIYOR;SAT;SAT;NOTR;0;23.09.2026
AYCES;izle;;5,7;0,0;5,7;0,0;6;0;zayif;12,0;36,2;26,7;asagi;zayif;zayif;asagi;0,69;-3,28;3;401,25;0,38;26571176;463,08;SAT;NEGATIF;NOTR;NEGATIF;AZALIYOR;SAT;SAT;NOTR;0;23.09.2026
ALKA;izle;;5,7;1,7;4,0;0,0;42;3;zayif;24,6;23,8;37,7;asagi;zayif;zayif;asagi;0,69;-4,64;4;6,77;-0,44;12092987;7,71;SAT;NEGATIF;SAT;NEGATIF;AZALIYOR;SAT;AL;UCUZ (AL);1;23.09.2026
ARENA;izle;;5,7;1,7;4,0;0,0;6;0;zayif;24,5;24,9;38,6;asagi;zayif;zayif;asagi;0,55;-4,53;3;16,42;-1,08;7835739;19,65;SAT;NEGATIF;SAT;NEGATIF;AZALIYOR;SAT;AL;UCUZ (AL);1;23.09.2026
ONRYT;izle;;5,7;1,7;0,0;4,0;10;0;zayif;24,7;20,9;46,2;asagi;zayif;zayif;asagi;0,94;-4,74;4;10,68;-3,78;42463968;13,51;SAT;NEGATIF;SAT;NEGATIF;AZALIYOR;SAT;SAT;UCUZ (AL);0;23.09.2026
IDGYO;izle;;5,6;2,4;3,2;0,0;10;0;zayif;40,4;27,5;31,9;asagi;zayif;zayif;asagi;0,50;-4,77;4;2,3;-3,36;1605333;2,91;SAT;NEGATIF;SAT;NEGATIF;AZALIYOR;SAT;SAT;UCUZ (AL);0;23.09.2026
EDATA;izle;;5,4;5,4;0,0;0,0;0;0;zayif;30,9;14,4;25,3;asagi;zayif;zayif;asagi;0,09;-6,68;2;9,09;-10,00;2701166;12,63;SAT;NEGATIF;SAT;NEGATIF;AZALIYOR;SAT;SAT;NOTR;0;23.09.2026
SEKUR;izle;;5,4;5,4;0,0;0,0;0;0;zayif;32,8;15,1;9,8;asagi;zayif;zayif;asagi;0,33;-6,86;2;4,85;-9,85;2841314;6,80;SAT;NEGATIF;SAT;NEGATIF;AZALIYOR;SAT;AL;NOTR;1;23.09.2026
VESBE;izle;;5,4;1,9;3,5;0,0;6;0;zayif;26,0;32,3;64,6;asagi;zayif;zayif;asagi;0,61;-2,82;3;4,91;-1,01;82680251;5,79;SAT;NEGATIF;SAT;NEGATIF;AZALIYOR;SAT;SAT;UCUZ (AL);0;23.09.2026
INGRM;izle;;5,4;0,6;4,8;0,0;0;0;zayif;16,7;27,5;40,8;asagi;zayif;zayif;asagi;0,30;-3,30;2;321,25;0,71;6923580;368,29;SAT;NEGATIF;NOTR;NEGATIF;AZALIYOR;SAT;AL;NOTR;1;23.09.2026
PRDGS;izle;;5,4;2,4;0,0;2,9;6;0;zayif;35,5;15,9;9,3;asagi;zayif;zayif;asagi;0,87;-6,70;3;4,05;-3,80;20892051;5,46;SAT;NEGATIF;SAT;NEGATIF;AZALIYOR;SAT;SAT;UCUZ (AL);0;23.09.2026
RALYH;izle;;5,3;5,3;0,0;0,0;32;3;zayif;28,8;18,9;54,9;asagi;zayif;zayif;asagi;0,02;-6,07;2;144,4;-9,98;3616931;193,89;SAT;NEGATIF;SAT;NEGATIF;ARTIYOR;SAT;SAT;NOTR;0;23.09.2026
SNICA;izle;;5,3;1,3;4,0;0,0;0;0;zayif;21,4;24,8;44,7;asagi;zayif;zayif;asagi;0,39;-5,27;2;2,58;0,00;12681260;3,00;SAT;NEGATIF;SAT;NEGATIF;AZALIYOR;SAT;AL;UCUZ (AL);1;23.09.2026
MHRGY;izle;;5,3;1,8;1,5;1,9;28;2;zayif;25,6;26,4;52,4;asagi;zayif;zayif;asagi;0,81;-3,63;3;1,86;-2,62;11689566;2,18;SAT;NEGATIF;SAT;NEGATIF;AZALIYOR;SAT;AL;NOTR;1;23.09.2026
YIGIT;izle;;5,2;2,1;0,6;2,5;0;0;zayif;27,2;27,2;40,0;asagi;zayif;zayif;asagi;0,85;-3,90;1;18,33;-1,98;53794994;21,02;SAT;NEGATIF;SAT;NEGATIF;AZALIYOR;SAT;AL;UCUZ (AL);1;23.09.2026
EMKEL;izle;;5,1;2,4;0,6;2,0;0;0;zayif;59,9;8,1;28,5;asagi;zayif;zayif;asagi;0,82;-8,98;2;8,61;-2,49;26867867;10,85;SAT;NEGATIF;SAT;NEGATIF;AZALIYOR;SAT;AL;UCUZ (AL);1;23.09.2026
PRZMA;izle;;5,1;5,1;0,0;0,0;22;2;zayif;27,6;24,5;30,5;asagi;zayif;zayif;asagi;0,00;-4,67;1;37,2;-9,97;200471;55,90;SAT;NEGATIF;SAT;NEGATIF;AZALIYOR;SAT;SAT;NOTR;0;23.09.2026
VKING;izle;;5,1;2,4;1,0;1,7;6;0;zayif;42,9;14,9;55,7;asagi;zayif;zayif;asagi;0,80;-4,80;3;16,71;-2,96;4318349;19,58;SAT;NEGATIF;SAT;NEGATIF;AZALIYOR;SAT;AL;UCUZ (AL);1;23.09.2026
PATEK;izle;;5,0;1,2;3,7;0,1;22;2;zayif;21,0;34,8;48,2;asagi;zayif;zayif;asagi;0,71;-2,64;1;15,23;-9,99;349685141;23,09;SAT;NEGATIF;SAT;NEGATIF;ARTIYOR;SAT;SAT;NOTR;0;23.09.2026
SEYKM;izle;;5,0;2,4;0,0;2,6;10;0;zayif;31,7;15,7;31,9;asagi;zayif;zayif;asagi;0,86;-5,55;4;3,02;-4,43;3530972;3,89;SAT;NEGATIF;SAT;NEGATIF;AZALIYOR;SAT;SAT;UCUZ (AL);0;23.09.2026
REEDR;izle;;5,0;1,6;0,0;3,4;6;0;zayif;24,0;12,7;44,6;asagi;zayif;zayif;asagi;0,90;-6,90;3;4,03;-1,95;72595421;4,91;SAT;NEGATIF;SAT;NEGATIF;AZALIYOR;SAT;AL;UCUZ (AL);1;23.09.2026
HKTM;izle;;4,9;2,4;2,5;0,0;20;1;zayif;34,8;31,2;21,6;asagi;zayif;zayif;asagi;0,43;-2,24;4;10,51;-3,49;43584224;13,11;SAT;NEGATIF;SAT;NEGATIF;ARTIYOR;SAT;AL;NOTR;1;23.09.2026
ESEN;izle;;4,8;2,4;0,0;2,3;50;4;zayif;29,6;24,8;31,2;asagi;zayif;zayif;asagi;0,84;-4,42;4;2,81;-2,77;78966030;3,28;SAT;NEGATIF;SAT;NEGATIF;AZALIYOR;SAT;SAT;UCUZ (AL);0;23.09.2026
KAYSE;izle;;4,7;2,4;0,0;2,2;10;0;zayif;32,7;23,1;25,6;asagi;zayif;zayif;asagi;0,83;-4,08;5;3,35;-1,76;25080844;3,87;SAT;NEGATIF;SAT;NEGATIF;AZALIYOR;SAT;AL;UCUZ (AL);1;23.09.2026
BEYAZ;izle;;4,6;0,6;4,0;0,0;0;0;zayif;16,6;33,4;54,1;asagi;zayif;zayif;asagi;0,56;-3,23;1;19,59;0,00;12144213;22,90;SAT;NEGATIF;NOTR;NEGATIF;AZALIYOR;SAT;SAT;UCUZ (AL);0;23.09.2026
AVOD;izle;;4,6;2,4;2,1;0,0;0;0;zayif;32,6;31,4;60,9;asagi;zayif;zayif;asagi;0,40;-2,57;2;3,37;-0,30;17113376;4,14;SAT;NEGATIF;SAT;NEGATIF;AZALIYOR;SAT;AL;NOTR;1;23.09.2026
AHSGY;izle;;4,5;1,4;3,1;0,0;40;4;zayif;22,6;30,6;51,5;asagi;zayif;zayif;asagi;0,63;-3,86;2;11,77;-2,40;31593081;16,52;SAT;NEGATIF;SAT;NEGATIF;AZALIYOR;SAT;SAT;NOTR;0;23.09.2026
HUBVC;izle;;4,3;2,4;0,4;1,4;10;0;zayif;35,7;13,9;8,6;asagi;zayif;zayif;asagi;0,79;-5,43;4;1,65;-5,17;3256419;2,19;SAT;NEGATIF;SAT;NEGATIF;ARTIYOR;SAT;SAT;UCUZ (AL);0;23.09.2026
GLRYH;izle;;4,3;2,2;0,0;2,1;0;0;zayif;27,9;20,8;22,1;asagi;zayif;zayif;asagi;0,83;-6,01;2;1,9;-6,86;17807174;2,50;SAT;NEGATIF;SAT;NEGATIF;ARTIYOR;SAT;AL;UCUZ (AL);1;23.09.2026
SUNTK;izle;;4,3;2,4;1,8;0,0;10;0;zayif;30,4;23,8;29,4;asagi;zayif;zayif;asagi;0,51;-3,50;5;26,48;-2,58;13159157;33,28;SAT;NEGATIF;SAT;NEGATIF;AZALIYOR;SAT;SAT;UCUZ (AL);0;23.09.2026
DCTTR;izle;;4,2;2,4;1,7;0,0;6;0;zayif;48,1;16,2;22,4;asagi;zayif;zayif;asagi;0,46;-8,22;3;3,86;-1,28;18156896;5,20;SAT;NEGATIF;SAT;NEGATIF;AZALIYOR;SAT;SAT;UCUZ (AL);0;23.09.2026
PRKME;izle;;4,0;1,6;2,5;0,0;10;0;zayif;23,7;30,4;45,9;asagi;zayif;zayif;asagi;0,63;-2,82;4;15,8;-1,43;28506502;18,36;SAT;NEGATIF;SAT;NEGATIF;AZALIYOR;SAT;AL;NOTR;1;23.09.2026
DAPGM;izle;;4,0;1,6;0,0;2,4;0;0;zayif;24,1;17,1;30,5;asagi;zayif;zayif;asagi;0,84;-7,22;2;4,37;-9,90;271038329;6,12;SAT;NEGATIF;SAT;NEGATIF;AZALIYOR;SAT;SAT;UCUZ (AL);0;23.09.2026
ADEL;izle;;3,9;1,6;2,3;0,0;10;0;zayif;23,6;30,8;37,5;asagi;zayif;zayif;asagi;0,54;-3,08;4;27,16;-2,72;44978481;31,91;SAT;NEGATIF;SAT;NEGATIF;AZALIYOR;SAT;AL;NOTR;1;23.09.2026
BVSAN;izle;;3,8;1,5;2,3;0,0;0;0;zayif;22,7;32,8;50,3;asagi;zayif;zayif;asagi;0,68;-3,27;1;83,85;-3,06;91405472;110,40;SAT;NEGATIF;SAT;NEGATIF;AZALIYOR;SAT;SAT;NOTR;0;23.09.2026
MARBL;izle;;3,8;2,0;0,0;1,8;20;1;zayif;26,6;19,4;40,6;asagi;zayif;zayif;asagi;0,81;-4,41;4;10;-0,89;10667440;11,54;SAT;NEGATIF;SAT;NEGATIF;AZALIYOR;SAT;AL;UCUZ (AL);1;23.09.2026
MNDTR;izle;;3,6;2,2;1,4;0,0;6;0;zayif;28,2;25,8;32,5;asagi;zayif;zayif;asagi;0,45;-3,74;3;4,31;-2,27;3857760;4,95;SAT;NEGATIF;SAT;NEGATIF;AZALIYOR;SAT;AL;UCUZ (AL);1;23.09.2026
CUSAN;izle;;3,5;1,8;0,5;1,3;10;0;zayif;25,0;26,1;39,9;asagi;zayif;zayif;asagi;0,78;-3,65;4;19,57;-0,91;12027017;23,17;SAT;NEGATIF;SAT;NEGATIF;AZALIYOR;SAT;AL;NOTR;1;23.09.2026
DESPC;izle;;3,4;1,8;1,6;0,0;0;0;zayif;25,2;27,9;48,1;asagi;zayif;zayif;asagi;0,69;-3,64;2;32,24;-1,71;10999901;38,72;SAT;NEGATIF;SAT;NEGATIF;AZALIYOR;SAT;AL;UCUZ (AL);1;23.09.2026
A1CAP;izle;;3,4;2,4;0,0;0,9;6;0;zayif;52,2;13,6;28,5;asagi;zayif;zayif;asagi;0,76;-7,62;3;4,66;-3,92;35068583;5,92;SAT;NEGATIF;SAT;NEGATIF;AZALIYOR;SAT;AL;UCUZ (AL);1;23.09.2026
LRSHO;izle;;3,3;1,0;1,6;0,6;0;0;zayif;19,5;21,5;40,0;asagi;zayif;zayif;asagi;0,74;-4,90;2;2,03;-1,46;25802453;2,41;SAT;NEGATIF;NOTR;NEGATIF;ARTIYOR;SAT;AL;UCUZ (AL);1;23.09.2026
ADESE;izle;;3,1;2,4;0,7;0,0;10;0;zayif;31,2;23,8;28,5;asagi;zayif;zayif;asagi;0,63;-4,17;4;0,71;-2,74;58992153;0,83;SAT;NEGATIF;SAT;NEGATIF;AZALIYOR;SAT;AL;UCUZ (AL);1;23.09.2026
DENGE;izle;;3,1;1,7;1,4;0,0;22;2;zayif;24,4;29,2;49,0;asagi;zayif;zayif;asagi;0,61;-3,34;2;1,95;-2,50;29399984;2,33;SAT;NEGATIF;SAT;NEGATIF;AZALIYOR;SAT;SAT;UCUZ (AL);0;23.09.2026
KUTPO;izle;;3,0;1,0;2,0;0,0;6;0;zayif;19,1;26,8;37,2;asagi;zayif;zayif;asagi;0,56;-3,31;3;71,15;-1,45;7218452;80,38;SAT;NEGATIF;NOTR;NEGATIF;AZALIYOR;SAT;SAT;UCUZ (AL);0;23.09.2026
KFEIN;izle;;3,0;1,4;0,3;1,3;6;0;zayif;22,2;19,6;35,6;asagi;zayif;zayif;asagi;0,78;-4,98;3;6,21;-3,57;16594213;7,50;SAT;NEGATIF;SAT;NEGATIF;ARTIYOR;SAT;AL;UCUZ (AL);1;23.09.2026
MSGYO;izle;;2,9;1,3;1,6;0,0;6;0;zayif;21,7;25,8;30,5;asagi;zayif;zayif;asagi;0,66;-3,86;3;4,95;-2,94;6118299;5,70;SAT;NEGATIF;SAT;NEGATIF;AZALIYOR;SAT;AL;NOTR;1;23.09.2026
CONSE;izle;;2,8;2,3;0,5;0,0;16;1;zayif;29,3;18,9;27,9;asagi;zayif;zayif;asagi;0,61;-4,63;3;1,8;-2,17;13164986;2,16;SAT;NEGATIF;SAT;NEGATIF;AZALIYOR;SAT;AL;UCUZ (AL);1;23.09.2026
GZNMI;izle;;2,8;2,4;0,4;0,0;6;0;zayif;37,4;17,3;10,5;asagi;zayif;zayif;asagi;0,55;-5,85;3;35;-4,06;25279555;45,52;SAT;NEGATIF;SAT;NEGATIF;AZALIYOR;SAT;SAT;UCUZ (AL);0;23.09.2026
SKTAS;izle;;2,8;2,3;0,5;0,0;10;0;zayif;29,1;23,9;37,9;asagi;zayif;zayif;asagi;0,47;-3,86;5;2,61;-3,69;19155351;3,14;SAT;NEGATIF;SAT;NEGATIF;ARTIYOR;SAT;AL;UCUZ (AL);1;23.09.2026
COSMO;izle;;2,6;1,8;0,8;0,0;0;0;zayif;25,4;23,5;35,2;asagi;zayif;zayif;asagi;0,46;-4,08;2;92;-1,18;2269456;113,46;SAT;NEGATIF;SAT;NEGATIF;AZALIYOR;SAT;AL;UCUZ (AL);1;23.09.2026
SUWEN;izle;;2,6;1,4;1,2;0,0;16;1;zayif;22,3;26,9;31,0;asagi;zayif;zayif;asagi;0,51;-3,46;3;5,16;-4,97;21537051;6,46;SAT;NEGATIF;SAT;NEGATIF;AZALIYOR;SAT;SAT;UCUZ (AL);0;23.09.2026
ARTMS;izle;;2,5;1,4;1,1;0,0;10;0;zayif;22,5;27,4;35,9;asagi;zayif;zayif;asagi;0,57;-3,12;4;32;-3,56;16057120;40,58;SAT;NEGATIF;SAT;NEGATIF;AZALIYOR;SAT;AL;NOTR;1;23.09.2026
OZGYO;izle;;2,5;2,2;0,3;0,0;0;0;zayif;28,2;23,2;34,0;asagi;zayif;zayif;asagi;0,46;-4,15;2;1,7;-2,30;11543417;1,98;SAT;NEGATIF;SAT;NEGATIF;AZALIYOR;SAT;AL;NOTR;1;23.09.2026
DERHL;izle;;2,5;2,1;0,4;0,0;6;0;zayif;27,5;22,7;57,1;asagi;zayif;zayif;asagi;0,45;-5,26;3;1,64;-3,53;9435663;1,95;SAT;NEGATIF;SAT;NEGATIF;AZALIYOR;SAT;AL;UCUZ (AL);1;23.09.2026
KLRHO;izle;;2,4;2,4;0,0;0,0;0;0;zayif;39,1;10,6;7,8;asagi;zayif;zayif;asagi;0,09;-10,04;2;30,9;-9,97;9059942;41,84;SAT;NEGATIF;SAT;NEGATIF;AZALIYOR;SAT;AL;UCUZ (AL);1;23.09.2026
CRDFA;izle;;2,4;2,4;0,0;0,0;0;0;zayif;45,9;12,3;27,4;asagi;zayif;zayif;asagi;0,06;-8,54;2;12,29;-9,96;1349712;17,39;SAT;NEGATIF;SAT;NEGATIF;AZALIYOR;SAT;SAT;UCUZ (AL);0;23.09.2026
ISKPL;izle;;2,4;2,4;0,0;0,0;0;0;zayif;30,2;14,3;19,7;asagi;zayif;zayif;asagi;0,07;-7,72;2;3,47;-9,87;6935767;4,97;SAT;NEGATIF;SAT;NEGATIF;AZALIYOR;SAT;AL;UCUZ (AL);1;23.09.2026
SKYLP;izle;;2,4;2,4;0,0;0,0;0;0;zayif;47,7;14,6;10,3;asagi;zayif;zayif;asagi;0,20;-8,29;1;84,05;-9,96;1069620;127,13;SAT;NEGATIF;SAT;NEGATIF;AZALIYOR;SAT;SAT;UCUZ (AL);0;23.09.2026
HDFGS;izle;;2,4;2,4;0,0;0,0;22;2;zayif;32,6;10,0;17,0;asagi;zayif;zayif;asagi;0,06;-8,83;2;1,13;-9,60;2811876;1,54;SAT;NEGATIF;SAT;NEGATIF;AZALIYOR;SAT;AL;UCUZ (AL);1;23.09.2026
LYDYE;izle;;2,4;2,4;0,0;0,0;6;0;zayif;29,6;16,0;34,0;asagi;zayif;zayif;asagi;0,18;-7,28;3;6810;-9,98;2724000;9067,79;SAT;NEGATIF;SAT;NEGATIF;ARTIYOR;SAT;SAT;UCUZ (AL);0;23.09.2026
SERNT;izle;;2,4;2,4;0,0;0,0;6;0;zayif;29,6;18,2;26,6;asagi;zayif;zayif;asagi;0,62;-5,17;3;5,8;-3,17;17363541;7,25;SAT;NEGATIF;SAT;NEGATIF;AZALIYOR;SAT;AL;NOTR;1;23.09.2026
OBASE;izle;;2,4;1,6;0,8;0,0;10;0;zayif;23,8;23,7;38,4;asagi;zayif;zayif;asagi;0,32;-4,72;4;28,68;-2,18;4327755;34,58;SAT;NEGATIF;SAT;NEGATIF;ARTIYOR;SAT;SAT;NOTR;0;23.09.2026
PENTA;izle;;2,3;1,4;0,0;0,9;42;3;zayif;22,3;19,8;30,9;asagi;zayif;zayif;asagi;0,75;-4,98;7;10,58;-1,49;16048601;12,03;SAT;NEGATIF;SAT;NEGATIF;AZALIYOR;SAT;AL;UCUZ (AL);1;23.09.2026
ULAS;izle;;2,3;1,7;0,6;0,0;10;0;zayif;24,6;22,0;26,1;asagi;zayif;zayif;asagi;0,69;-4,01;5;17,05;-0,29;2309559;20,10;SAT;NEGATIF;SAT;NEGATIF;ARTIYOR;SAT;SAT;UCUZ (AL);0;23.09.2026
PRKAB;izle;;2,2;0,6;1,6;0,0;20;1;zayif;16,6;25,5;54,0;asagi;zayif;zayif;asagi;0,53;-3,65;4;26,8;-2,05;17403277;31,65;SAT;NEGATIF;NOTR;NEGATIF;ARTIYOR;SAT;SAT;NOTR;0;23.09.2026
BAYRK;izle;;2,2;2,2;0,0;0,0;42;3;zayif;28,5;15,3;9,3;asagi;zayif;zayif;asagi;0,68;-5,67;6;3,06;-4,08;11004375;3,75;SAT;NEGATIF;SAT;NEGATIF;AZALIYOR;SAT;SAT;UCUZ (AL);0;23.09.2026
AGROT;izle;;2,2;1,0;1,3;0,0;22;2;zayif;19,1;18,4;40,3;asagi;zayif;zayif;asagi;0,43;-6,52;2;1,53;-3,16;30060577;1,84;SAT;NEGATIF;NOTR;NEGATIF;AZALIYOR;SAT;AL;UCUZ (AL);1;23.09.2026
UFUK;izle;;2,2;2,2;0,0;0,0;32;3;zayif;27,9;13,8;65,4;asagi;zayif;zayif;asagi;0,00;-7,08;2;742;-9,95;466718;1059,27;SAT;NEGATIF;SAT;NEGATIF;AZALIYOR;SAT;SAT;UCUZ (AL);0;23.09.2026
GIPTA;izle;;2,1;2,1;0,0;0,0;0;0;zayif;27,8;22,6;37,0;asagi;zayif;zayif;asagi;0,06;-5,57;1;36,46;-9,98;9829835;53,45;SAT;NEGATIF;SAT;NEGATIF;AZALIYOR;SAT;SAT;UCUZ (AL);0;23.09.2026
ALKIM;izle;;2,0;1,8;0,2;0,0;32;2;zayif;25,2;22,9;28,2;asagi;zayif;zayif;asagi;0,60;-4,76;4;13,09;-1,43;12220209;14,93;SAT;NEGATIF;SAT;NEGATIF;AZALIYOR;SAT;AL;UCUZ (AL);1;23.09.2026
FRIGO;izle;;2,0;1,9;0,1;0,0;10;0;zayif;25,7;25,3;29,7;asagi;zayif;zayif;asagi;0,48;-3,85;4;1,66;-2,92;31100379;2,18;SAT;NEGATIF;SAT;NEGATIF;AZALIYOR;SAT;SAT;UCUZ (AL);0;23.09.2026
HATEK;izle;;1,9;1,2;0,6;0,0;10;0;zayif;21,1;24,1;17,2;asagi;zayif;zayif;asagi;0,49;-4,37;4;9,95;-4,88;9205342;12,39;SAT;NEGATIF;SAT;NEGATIF;AZALIYOR;SAT;AL;UCUZ (AL);1;23.09.2026
QUAGR;izle;;1,8;1,4;0,4;0,0;6;0;zayif;22,2;19,9;34,5;asagi;zayif;zayif;asagi;0,57;-5,23;3;2,28;-1,72;57193419;2,83;SAT;NEGATIF;SAT;NEGATIF;AZALIYOR;SAT;SAT;NOTR;0;23.09.2026
ANGEN;izle;;1,8;0,8;1,0;0,0;50;4;zayif;17,8;26,5;29,3;asagi;zayif;zayif;asagi;0,48;-4,39;4;7,31;-1,35;8571881;8,77;SAT;NEGATIF;NOTR;NEGATIF;AZALIYOR;SAT;SAT;UCUZ (AL);0;23.09.2026
GRTHO;izle;;1,8;1,8;0,0;0,0;0;0;zayif;25,3;23,6;72,0;asagi;zayif;zayif;asagi;0,07;-6,02;0;117,3;-9,98;10948899;165,47;SAT;NEGATIF;SAT;NEGATIF;AZALIYOR;SAT;SAT;UCUZ (AL);0;23.09.2026
IZINV;izle;;1,8;1,8;0,0;0,0;10;0;zayif;24,9;13,7;37,2;asagi;zayif;zayif;asagi;0,59;-6,82;5;33,9;0,53;5775780;42,16;SAT;NEGATIF;SAT;NEGATIF;AZALIYOR;SAT;AL;UCUZ (AL);1;23.09.2026
RTALB;izle;;1,6;0,8;0,3;0,4;40;4;zayif;18,2;23,3;14,0;asagi;zayif;zayif;asagi;0,73;-5,10;2;2,12;-1,40;33978398;2,61;SAT;NEGATIF;NOTR;NEGATIF;AZALIYOR;SAT;SAT;UCUZ (AL);0;23.09.2026
IMASM;izle;;1,5;1,0;0,5;0,0;0;0;zayif;19,2;22,3;29,6;asagi;zayif;zayif;asagi;0,52;-5,94;2;1,76;-1,68;20150020;2,11;SAT;NEGATIF;NOTR;NEGATIF;AZALIYOR;SAT;AL;UCUZ (AL);1;23.09.2026