hisse;durum;yeni_sinyal;konfluans;trend_35;momentum_30;hacim_35;risk;uyumsuzluk;rejim;adx;rsi;mfi;supertrend;goreli_guc;usd_trend;haftalik_trend;hacim_orani;ema50_uzaklik_atr;dagitim_gun;kapanis;degisim%;islem_hacmi_tl;st_cizgisi;osc_macd;osc_rsi;osc_adx;osc_momentum;osc_atr;osc_wavetrend;osc_stochrsi;osc_sharpe;osc_al_sayisi;tarih
SKYMD;GUCLU AL;;98,7;33,7;30,0;35,0;10;0;guclu trend;26,7;68,7;70,1;yukari;guclu;yukselis;yukari;1,83;2,99;1;19,14;10,00;163366293;14,28;AL;POZITIF;AL;POZITIF;ARTIYOR;AL;AL;NOTR;6;29.09.2026
ETILR;izle;;94,6;29,6;30,0;35,0;42;2;ilimli;16,2;68,8;78,3;yukari;guclu;yukselis;yukari;2,02;3,06;2;7,61;2,84;168077618;5,79;AL;POZITIF;NOTR;POZITIF;ARTIYOR;AL;AL;NOTR;5;29.09.2026
HUNER;izle;;94,4;30,4;30,0;34,0;42;3;ilimli;18,2;69,0;80,4;yukari;guclu;yukselis;yukari;1,80;2,46;1;4,47;1,59;547603174;3,81;AL;POZITIF;NOTR;POZITIF;ARTIYOR;AL;AL;NOTR;5;29.09.2026
TUCLK;GUCLU AL;EVET;91,8;26,8;30,0;35,0;0;0;zayif;26,9;63,2;68,9;yukari;guclu;yukselis;yukari;2,76;1,91;0;4,49;9,78;172562280;3,34;AL;POZITIF;AL;POZITIF;ARTIYOR;AL;SAT;NOTR;5;29.09.2026
ENERY;GUCLU AL;;89,4;35,0;30,0;24,4;34;0;guclu trend;35,4;63,6;55,6;yukari;guclu;yukselis;yukari;0,61;3,30;3;13,08;2,99;662192239;11,31;AL;POZITIF;AL;POZITIF;AZALIYOR;SAT;SAT;NOTR;4;29.09.2026
TKFEN;GUCLU AL;;88,2;35,0;29,8;23,4;6;0;guclu trend;39,5;52,0;53,3;yukari;guclu;yukselis;yukari;1,00;1,42;3;238,3;-9,99;1504841385;226,08;AL;POZITIF;AL;POZITIF;ARTIYOR;SAT;SAT;PAHALI (SAT);4;29.09.2026
ISDMR;GUCLU AL;;87,2;33,8;30,0;23,5;0;0;guclu trend;26,8;60,9;76,6;yukari;guclu;yukselis;yukari;0,69;1,53;1;62,35;0,00;98985987;54,52;AL;POZITIF;AL;POZITIF;AZALIYOR;SAT;SAT;NOTR;4;29.09.2026
HRKET;GUCLU AL;;85,3;32,9;30,0;22,4;0;0;guclu trend;24,5;64,1;74,0;yukari;guclu;yukselis;yukari;0,45;1,65;0;7,89;-4,36;184161524;6,26;AL;POZITIF;AL;POZITIF;AZALIYOR;AL;SAT;NOTR;5;29.09.2026
RYGYO;izle;;83,6;27,0;30,0;26,6;0;0;guclu trend;32,1;63,2;64,2;asagi;guclu;yukselis;yukari;0,87;2,00;1;49,3;-0,48;133928577;50,89;AL;POZITIF;AL;POZITIF;ARTIYOR;AL;SAT;NOTR;5;29.09.2026
GMTAS;izle;;83,3;22,6;28,6;32,1;0;0;ilimli;18,7;55,2;68,7;asagi;guclu;yukselis;yukari;1,42;0,90;1;49,24;6,81;272684177;50,60;AL;POZITIF;NOTR;POZITIF;ARTIYOR;AL;SAT;NOTR;4;29.09.2026
BIMAS;izle;;78,4;30,7;23,4;24,3;40;4;ilimli;18,8;52,5;51,3;yukari;guclu;yukselis;yukari;0,72;1,06;1;421,75;-1,11;2701964993;402,48;SAT;POZITIF;NOTR;POZITIF;AZALIYOR;SAT;SAT;NOTR;2;29.09.2026
AHGAZ;GUCLU AL;;78,3;29,9;24,9;23,5;10;0;guclu trend;25,9;59,7;59,5;yukari;guclu;yukselis;yukari;0,50;2,28;2;42,22;1,78;154868364;39,15;SAT;POZITIF;SAT;POZITIF;ARTIYOR;SAT;SAT;NOTR;2;29.09.2026
BAHKM;GUCLU AL;;77,6;35,0;23,6;19,0;22;2;guclu trend;34,4;52,8;68,4;yukari;guclu;yukselis;yukari;0,68;1,11;1;172,9;-8,18;238768157;146,75;SAT;POZITIF;AL;POZITIF;ARTIYOR;SAT;SAT;NOTR;3;29.09.2026
DEVA;AL;;74,6;35,0;21,3;18,2;0;0;guclu trend;33,4;47,7;57,8;yukari;guclu;yukselis;yukari;0,31;0,77;2;92,05;-1,29;22321112;91,73;SAT;NEGATIF;AL;NEGATIF;AZALIYOR;SAT;SAT;NOTR;1;29.09.2026
KRDMD;izle;;73,7;21,6;27,9;24,2;40;4;ilimli;16,1;50,5;57,4;asagi;guclu;yukselis;yukari;0,77;0,59;1;45,18;-4,20;1601862728;48,15;AL;POZITIF;NOTR;POZITIF;ARTIYOR;AL;SAT;NOTR;4;29.09.2026
CELHA;izle;;72,7;23,9;23,5;25,4;0;0;guclu trend;21,9;53,6;73,8;asagi;guclu;yukselis;yukari;1,04;0,95;2;26,98;-0,07;81065403;31,08;SAT;POZITIF;AL;NEGATIF;ARTIYOR;AL;SAT;NOTR;3;29.09.2026
DMLKT;AL;;70,6;30,1;25,0;15,4;10;0;guclu trend;27,7;49,9;36,3;yukari;guclu;yukselis;yukari;0,70;1,09;5;6,84;1,79;33378030;6,62;SAT;NEGATIF;SAT;NEGATIF;AZALIYOR;SAT;AL;NOTR;1;29.09.2026
FLAP;AL;;70,2;35,0;23,3;11,9;0;0;guclu trend;30,7;55,8;56,8;yukari;guclu;yukselis;yukari;0,66;0,82;2;12,19;-1,46;11406378;10,92;SAT;POZITIF;AL;NEGATIF;AZALIYOR;SAT;AL;NOTR;3;29.09.2026
GLYHO;izle;;70,1;14,1;26,1;29,9;40;4;zayif;19,9;51,2;39,8;asagi;guclu;zayif;yukari;1,94;-0,19;2;16,3;4,02;123540438;16,97;AL;POZITIF;NOTR;POZITIF;ARTIYOR;AL;AL;NOTR;5;29.09.2026
KRPLS;AL;;69,4;35,0;22,4;12,0;22;2;guclu trend;33,1;51,5;53,2;yukari;guclu;yukselis;yukari;0,35;0,77;1;11,64;-1,69;30685345;11,28;SAT;POZITIF;AL;NEGATIF;AZALIYOR;SAT;SAT;NOTR;2;29.09.2026
AKFIS;izle;;66,7;22,1;27,5;17,1;0;0;ilimli;17,3;51,8;47,8;asagi;guclu;zayif;yukari;0,61;0,44;1;16,03;2,76;150322447;17,46;AL;POZITIF;NOTR;POZITIF;AZALIYOR;AL;AL;PAHALI (SAT);5;29.09.2026
SOKM;AL;;66,5;28,3;21,4;16,7;22;2;ilimli;14,2;48,4;55,0;yukari;guclu;yukselis;yukari;0,84;0,45;2;56,95;-0,18;188324424;54,83;SAT;NEGATIF;NOTR;NEGATIF;ARTIYOR;SAT;SAT;NOTR;0;29.09.2026
TUPRS;izle;;65,1;30,1;21,6;13,5;50;4;guclu trend;27,4;45,0;44,1;yukari;guclu;yukselis;yukari;0,62;0,86;4;383,25;-3,77;6379947420;374,32;SAT;NEGATIF;SAT;NEGATIF;ARTIYOR;SAT;SAT;NOTR;0;29.09.2026
KRTEK;AL;EVET;63,5;10,0;28,5;25,0;0;0;zayif;17,0;58,6;73,4;yukari;guclu;yukselis;yukari;0,83;0,88;1;6,33;5,85;4306217;5,02;AL;POZITIF;NOTR;POZITIF;ARTIYOR;AL;SAT;NOTR;4;29.09.2026
VAKBN;izle;;63,0;20,5;22,0;20,5;0;0;ilimli;17,0;51,0;63,3;asagi;guclu;yukselis;yukari;0,36;0,51;1;33,68;-0,41;954818233;38,21;SAT;POZITIF;NOTR;NEGATIF;AZALIYOR;SAT;SAT;NOTR;1;29.09.2026
HALKB;AL;EVET;62,6;28,7;24,3;9,6;10;1;ilimli;17,1;50,8;40,7;yukari;guclu;yukselis;yukari;0,28;0,76;0;45,14;0,04;724042576;44,37;SAT;POZITIF;NOTR;NEGATIF;AZALIYOR;SAT;AL;NOTR;2;29.09.2026
RYSAS;izle;;62,4;23,8;21,2;17,4;10;1;guclu trend;21,8;47,1;40,6;asagi;guclu;zayif;yukari;0,43;0,08;1;25,22;-4,97;182247740;28,46;SAT;NEGATIF;AL;NEGATIF;AZALIYOR;SAT;SAT;NOTR;1;29.09.2026
ZRGYO;AL;;61,9;14,9;23,8;23,1;10;1;zayif;17,6;52,8;43,2;yukari;guclu;yukselis;yukari;0,60;0,58;2;19,59;-0,05;27556313;18,80;SAT;POZITIF;NOTR;NEGATIF;AZALIYOR;AL;AL;UCUZ (AL);3;29.09.2026
YKBNK;izle;;61,3;15,0;22,8;23,6;0;0;ilimli;18,4;50,7;60,0;asagi;guclu;yukselis;yukari;0,59;0,13;1;36;1,35;5064673896;37,23;SAT;POZITIF;NOTR;POZITIF;AZALIYOR;SAT;AL;NOTR;3;29.09.2026
TRMET;izle;;60,7;20,6;20,2;19,9;0;0;zayif;16,5;45,0;55,2;asagi;guclu;zayif;asagi;1,19;-0,42;2;130,5;-4,61;928430114;146,21;SAT;NEGATIF;NOTR;NEGATIF;ARTIYOR;SAT;SAT;NOTR;0;29.09.2026
ORGE;izle;;59,5;28,4;17,9;13,3;10;0;zayif;14,7;44,0;44,8;yukari;guclu;zayif;yukari;0,78;-0,30;4;21,88;-1,26;66246076;20,44;SAT;NEGATIF;NOTR;NEGATIF;AZALIYOR;SAT;SAT;NOTR;0;29.09.2026
AKSGY;izle;;58,6;15,4;21,9;21,2;16;1;zayif;29,9;47,8;44,3;asagi;guclu;zayif;yukari;1,08;-0,24;3;9,61;2,78;55225009;10,14;SAT;NEGATIF;SAT;NEGATIF;ARTIYOR;AL;AL;NOTR;2;29.09.2026
KCHOL;izle;;57,5;21,7;21,2;14,6;22;2;guclu trend;24,8;47,9;56,0;asagi;guclu;zayif;yukari;0,71;0,33;2;214,1;0,05;4441411581;229,66;SAT;NEGATIF;SAT;NEGATIF;AZALIYOR;SAT;SAT;NOTR;0;29.09.2026
LMKDC;izle;;56,6;8,9;25,5;22,3;0;0;zayif;18,6;52,1;62,4;yukari;guclu;zayif;asagi;1,41;-0,45;1;23,3;3,56;162433737;19,63;AL;POZITIF;NOTR;POZITIF;ARTIYOR;AL;SAT;NOTR;4;29.09.2026
KRGYO;izle;;55,3;19,0;20,0;16,4;10;1;guclu trend;31,4;46,4;49,7;asagi;guclu;yukselis;yukari;0,44;0,04;0;3,05;-3,48;28117316;3,78;SAT;NEGATIF;SAT;NEGATIF;AZALIYOR;SAT;SAT;NOTR;0;29.09.2026
YGGYO;izle;;55,1;15,3;17,3;22,4;0;0;zayif;29,2;44,3;54,2;asagi;guclu;zayif;asagi;1,31;-1,27;2;211,9;1,97;33948923;230,92;SAT;NEGATIF;SAT;NEGATIF;AZALIYOR;SAT;AL;NOTR;1;29.09.2026
BRSAN;izle;;51,6;21,3;19,8;10,6;0;0;guclu trend;21,2;44,4;37,6;asagi;guclu;zayif;yukari;0,64;-0,23;1;645;-0,69;670255620;709,48;SAT;NEGATIF;SAT;NEGATIF;AZALIYOR;SAT;AL;NOTR;1;29.09.2026
AGHOL;izle;;51,6;22,4;16,0;13,1;6;0;zayif;16,6;42,7;55,3;yukari;guclu;zayif;asagi;0,48;-0,83;3;32,4;-1,64;78850390;31,63;SAT;NEGATIF;NOTR;NEGATIF;AZALIYOR;SAT;SAT;NOTR;0;29.09.2026
MAVI;izle;;50,3;11,2;25,7;13,4;0;0;zayif;20,1;50,3;51,4;yukari;guclu;zayif;asagi;0,65;-0,34;2;37,5;0,48;201647138;33,49;AL;POZITIF;AL;POZITIF;ARTIYOR;AL;SAT;NOTR;5;29.09.2026
TUKAS;izle;;49,6;17,9;27,7;4,1;16;1;zayif;24,5;54,4;54,0;yukari;guclu;yukselis;asagi;0,66;0,50;3;2,15;-1,83;176750818;2,00;AL;POZITIF;AL;POZITIF;AZALIYOR;AL;SAT;UCUZ (AL);5;29.09.2026
KLSYN;izle;;47,9;22,1;17,8;8,0;0;0;guclu trend;27,1;42,0;40,3;asagi;guclu;zayif;yukari;0,51;-0,77;1;14;-2,71;26294282;16,20;SAT;NEGATIF;SAT;NEGATIF;AZALIYOR;AL;AL;NOTR;2;29.09.2026
UNLU;izle;;47,2;20,0;27,2;0,0;0;0;zayif;39,8;51,2;68,8;yukari;guclu;yukselis;asagi;0,51;0,28;2;12,03;-9,96;47006154;11,75;AL;POZITIF;AL;POZITIF;ARTIYOR;SAT;SAT;NOTR;4;29.09.2026
AYGAZ;izle;;45,8;22,4;13,3;10,1;40;4;guclu trend;29,7;38,6;51,4;asagi;guclu;zayif;yukari;0,52;-0,82;1;291;-0,09;191540274;334,19;SAT;NEGATIF;SAT;NEGATIF;AZALIYOR;SAT;SAT;NOTR;0;29.09.2026
AKSEN;izle;;44,6;6,5;20,1;18,0;0;0;zayif;32,2;47,0;40,9;asagi;guclu;zayif;asagi;1,85;-1,25;1;74,25;3,70;1106159794;77,56;AL;NEGATIF;SAT;NEGATIF;ARTIYOR;AL;AL;NOTR;3;29.09.2026
VRGYO;izle;;44,1;10,4;15,6;18,0;10;1;zayif;35,1;46,9;50,7;yukari;guclu;zayif;asagi;2,08;-1,97;2;1,51;9,42;52858260;1,16;SAT;NEGATIF;SAT;NEGATIF;ARTIYOR;AL;AL;UCUZ (AL);2;29.09.2026
MEPET;izle;;42,2;8,3;24,9;9,0;0;0;zayif;14,5;46,2;55,0;yukari;guclu;zayif;asagi;0,63;-0,69;1;19,41;-6,68;6378417;17,41;AL;NEGATIF;NOTR;NEGATIF;AZALIYOR;SAT;SAT;NOTR;1;29.09.2026
EREGL;izle;;41,7;11,7;21,2;8,8;10;1;zayif;14,1;43,4;34,0;asagi;guclu;zayif;asagi;0,45;-1,20;1;36,76;-1,92;2156165520;40,26;AL;NEGATIF;NOTR;NEGATIF;AZALIYOR;SAT;SAT;NOTR;1;29.09.2026
TTRAK;izle;;41,0;2,2;20,5;18,3;0;0;zayif;28,5;45,8;20,0;asagi;guclu;zayif;asagi;0,98;-0,86;2;413,25;1,35;39609186;438,34;SAT;NEGATIF;SAT;NEGATIF;AZALIYOR;SAT;AL;UCUZ (AL);1;29.09.2026
INDES;izle;;40,3;12,2;16,0;12,1;40;4;zayif;26,2;39,7;37,3;asagi;guclu;zayif;asagi;0,78;-1,25;2;10,42;0,29;47587692;11,79;SAT;NEGATIF;SAT;NEGATIF;AZALIYOR;SAT;AL;NOTR;1;29.09.2026
OFSYM;izle;;40,1;12,4;17,1;10,6;10;1;zayif;36,1;41,4;34,9;asagi;guclu;zayif;asagi;0,84;-1,00;2;57,4;4,17;53766063;66,99;SAT;NEGATIF;SAT;NEGATIF;ARTIYOR;SAT;AL;NOTR;1;29.09.2026
EBEBK;izle;;39,9;13,0;15,8;11,1;38;3;zayif;12,1;42,1;32,9;asagi;guclu;zayif;asagi;0,72;-0,94;3;78,55;-1,69;36058142;87,54;SAT;NEGATIF;NOTR;NEGATIF;AZALIYOR;SAT;SAT;NOTR;0;29.09.2026
EGEEN;izle;;39,8;8,4;19,1;12,3;6;0;zayif;20,8;46,1;58,6;asagi;guclu;zayif;asagi;0,96;-0,67;3;5180;0,93;218528660;6130,57;SAT;NEGATIF;AL;NEGATIF;ARTIYOR;SAT;SAT;UCUZ (AL);1;29.09.2026
NETAS;izle;;39,6;20,6;15,0;4,0;0;0;zayif;28,6;37,6;27,7;asagi;guclu;zayif;asagi;0,32;-1,16;2;73,85;-1,80;32872186;92,80;SAT;NEGATIF;SAT;NEGATIF;AZALIYOR;SAT;SAT;NOTR;0;29.09.2026
SANKO;izle;;39,6;5,5;16,7;17,4;6;0;zayif;26,1;41,8;57,3;asagi;guclu;zayif;asagi;1,16;-1,20;3;18,13;1,00;10389215;21,15;SAT;NEGATIF;AL;NEGATIF;ARTIYOR;SAT;AL;NOTR;2;29.09.2026
INVES;izle;;39,2;22,0;9,2;8,0;6;0;guclu trend;26,6;32,0;39,0;asagi;guclu;zayif;yukari;0,37;-1,40;3;694,5;0,07;16508960;783,94;SAT;NEGATIF;SAT;NEGATIF;AZALIYOR;SAT;AL;NOTR;1;29.09.2026
CCOLA;izle;;39,1;12,3;24,6;2,2;0;0;zayif;23,2;47,3;32,1;asagi;guclu;zayif;asagi;0,69;-0,81;2;78,6;1,81;288726332;84,13;AL;NEGATIF;SAT;POZITIF;AZALIYOR;SAT;AL;NOTR;3;29.09.2026
LOGO;izle;;39,0;13,1;20,9;5,0;0;0;zayif;12,9;47,9;48,3;yukari;guclu;zayif;asagi;0,53;-0,26;2;136,7;-2,84;49024448;127,89;SAT;NEGATIF;NOTR;POZITIF;ARTIYOR;SAT;SAT;NOTR;1;29.09.2026
OZSUB;izle;;39,0;20,5;10,6;8,0;6;0;zayif;15,4;38,5;19,2;asagi;guclu;zayif;yukari;0,27;-1,15;3;35,28;-1,56;21923768;44,07;SAT;NEGATIF;NOTR;NEGATIF;AZALIYOR;SAT;SAT;NOTR;0;29.09.2026
OYAKC;izle;;38,4;2,0;20,8;15,6;6;0;zayif;26,7;46,0;47,1;asagi;guclu;zayif;asagi;0,86;-0,72;3;20,8;0,78;261079894;22,37;SAT;NEGATIF;SAT;NEGATIF;AZALIYOR;SAT;SAT;NOTR;0;29.09.2026
CIMSA;izle;;38,1;1,7;23,5;12,9;0;0;zayif;24,2;46,6;47,3;asagi;guclu;zayif;asagi;0,86;-1,30;2;43,2;0,75;266362430;45,98;AL;NEGATIF;SAT;POZITIF;AZALIYOR;AL;AL;NOTR;4;29.09.2026
TOASO;izle;;38,0;13,0;20,0;5,0;10;1;zayif;14,6;47,4;50,1;yukari;guclu;zayif;asagi;0,62;-0,45;1;277;-0,63;607366820;263,78;SAT;NEGATIF;NOTR;NEGATIF;AZALIYOR;SAT;SAT;NOTR;0;29.09.2026
TCELL;izle;;37,9;1,9;21,6;14,4;6;0;zayif;25,7;44,6;45,6;asagi;guclu;zayif;asagi;0,85;-1,17;3;98,25;-0,10;2230321178;105,37;AL;NEGATIF;SAT;NEGATIF;AZALIYOR;SAT;SAT;NOTR;1;29.09.2026
PCILT;izle;;37,3;11,6;25,0;0,6;0;0;zayif;10,3;46,4;38,0;asagi;guclu;zayif;asagi;0,72;-0,63;1;30,66;-1,10;39908160;33,97;AL;NEGATIF;NOTR;POZITIF;AZALIYOR;AL;SAT;NOTR;3;29.09.2026
ETYAT;izle;;36,6;13,9;8,7;14,0;40;4;zayif;35,0;40,6;41,2;yukari;zayif;zayif;asagi;1,48;-2,03;2;10,47;-5,33;15150153;7,85;SAT;NEGATIF;SAT;NEGATIF;ARTIYOR;AL;AL;NOTR;2;29.09.2026
TRENJ;izle;;36,3;16,7;14,4;5,2;46;5;zayif;16,3;40,4;43,9;asagi;guclu;zayif;asagi;0,91;-1,02;3;96;-1,74;127671264;112,82;SAT;NEGATIF;NOTR;NEGATIF;AZALIYOR;SAT;SAT;NOTR;0;29.09.2026
AKFGY;izle;;35,7;1,6;21,3;12,8;20;1;zayif;16,0;49,7;56,5;asagi;guclu;zayif;asagi;1,14;-0,50;4;2,56;7,11;100082068;2,72;SAT;NEGATIF;NOTR;NEGATIF;ARTIYOR;SAT;AL;NOTR;1;29.09.2026
ENJSA;izle;;35,1;10,5;17,3;7,3;32;3;zayif;26,9;42,3;29,9;asagi;guclu;zayif;asagi;0,85;-1,00;2;106,5;-0,47;325935689;117,47;SAT;NEGATIF;SAT;NEGATIF;AZALIYOR;SAT;AL;NOTR;1;29.09.2026
THYAO;izle;;35,1;1,9;24,1;9,1;0;0;zayif;26,3;46,8;54,4;asagi;guclu;zayif;asagi;0,61;-1,04;2;291,5;1,57;8102958424;301,24;AL;NEGATIF;SAT;POZITIF;AZALIYOR;SAT;SAT;NOTR;2;29.09.2026
OZYSR;izle;;34,5;5,4;13,1;16,0;0;0;zayif;29,6;41,3;21,3;asagi;guclu;zayif;asagi;1,18;-1,54;2;10,99;0,37;40823630;12,68;SAT;NEGATIF;SAT;NEGATIF;AZALIYOR;SAT;SAT;NOTR;0;29.09.2026
ISGYO;izle;;34,2;10,7;22,7;0,8;0;0;zayif;15,0;44,9;35,1;asagi;guclu;zayif;asagi;0,30;-0,74;2;23,82;0,25;13011556;25,73;AL;NEGATIF;NOTR;POZITIF;AZALIYOR;AL;SAT;NOTR;3;29.09.2026
ARMGD;izle;;34,0;14,7;8,6;10,7;0;0;zayif;30,3;40,3;40,5;asagi;zayif;zayif;asagi;0,86;-1,96;2;144,2;-5,07;240227683;168,05;SAT;NEGATIF;SAT;NEGATIF;AZALIYOR;AL;AL;NOTR;2;29.09.2026
KLYPV;izle;;33,8;2,3;13,5;18,0;10;0;zayif;28,9;37,6;23,5;asagi;guclu;zayif;asagi;1,56;-1,52;4;54,5;0,00;215951999;61,19;SAT;NEGATIF;SAT;NEGATIF;ARTIYOR;AL;AL;NOTR;2;29.09.2026
TAVHL;izle;;33,8;8,2;19,8;5,8;46;5;zayif;13,5;45,2;44,0;yukari;guclu;zayif;asagi;0,68;-0,70;3;266,5;-0,47;606257386;251,55;SAT;NEGATIF;NOTR;POZITIF;AZALIYOR;SAT;SAT;NOTR;1;29.09.2026
AKBNK;izle;;33,7;7,5;20,0;6,1;32;3;zayif;18,4;46,7;54,5;asagi;guclu;zayif;asagi;0,67;-0,36;2;69,9;-0,29;8552191885;74,93;SAT;NEGATIF;NOTR;POZITIF;AZALIYOR;SAT;AL;NOTR;2;29.09.2026
CMENT;izle;;33,7;2,4;21,4;9,9;0;0;zayif;60,2;46,5;35,7;asagi;guclu;zayif;asagi;1,29;-2,05;2;236,4;9,95;1561186;243,04;AL;NEGATIF;SAT;NEGATIF;ARTIYOR;AL;AL;UCUZ (AL);3;29.09.2026
MAKIM;izle;;33,2;1,4;13,7;18,0;6;0;zayif;22,5;39,7;62,4;asagi;zayif;zayif;asagi;1,84;-2,28;3;13,15;-0,83;29279751;14,48;AL;NEGATIF;SAT;NEGATIF;ARTIYOR;AL;AL;NOTR;3;29.09.2026
DOCO;izle;;32,9;9,5;16,4;7,0;28;2;zayif;20,8;40,8;31,8;asagi;guclu;zayif;asagi;0,84;-1,21;3;10595;0,26;41903225;11429,62;SAT;NEGATIF;SAT;NEGATIF;AZALIYOR;AL;AL;NOTR;2;29.09.2026
ALBRK;izle;;32,6;12,2;13,8;6,6;10;0;zayif;25,4;40,3;36,7;asagi;guclu;zayif;asagi;0,90;-1,24;4;8,14;-1,69;127434606;9,13;SAT;NEGATIF;SAT;NEGATIF;AZALIYOR;SAT;SAT;NOTR;0;29.09.2026
ENKAI;izle;;32,2;1,7;16,3;14,3;0;0;zayif;24,2;44,4;38,3;asagi;guclu;zayif;asagi;0,46;-1,09;1;84,75;-0,76;471466538;92,02;SAT;NEGATIF;SAT;NEGATIF;AZALIYOR;SAT;SAT;NOTR;0;29.09.2026
NUHCM;izle;;32,0;0,8;20,5;10,6;16;1;zayif;17,8;45,7;47,4;asagi;guclu;zayif;asagi;1,00;-0,84;3;209,4;1,60;12892339;224,95;SAT;NEGATIF;NOTR;NEGATIF;AZALIYOR;AL;AL;NOTR;2;29.09.2026
AVGYO;izle;;31,5;17,1;14,5;0,0;46;5;zayif;12,9;41,1;34,4;asagi;guclu;zayif;asagi;0,51;-0,97;3;14,53;-4,60;13037696;18,21;SAT;NEGATIF;NOTR;NEGATIF;AZALIYOR;SAT;SAT;NOTR;0;29.09.2026
RGYAS;izle;;31,5;13,1;14,1;4,3;0;0;zayif;25,2;39,0;30,4;asagi;guclu;zayif;asagi;0,29;-1,40;2;190,3;-1,81;129220551;206,64;SAT;NEGATIF;SAT;NEGATIF;AZALIYOR;SAT;SAT;NOTR;0;29.09.2026
TRGYO;izle;;31,0;7,7;13,7;9,6;0;0;zayif;13,2;38,2;43,2;asagi;guclu;zayif;asagi;1,03;-1,39;2;90,4;-0,55;98341640;96,70;SAT;NEGATIF;NOTR;NEGATIF;AZALIYOR;SAT;SAT;NOTR;0;29.09.2026
TTKOM;izle;;30,9;0,1;19,3;11,5;0;0;zayif;13,1;46,3;58,6;asagi;guclu;zayif;asagi;0,50;-0,93;2;52,8;-1,40;1102582325;59,37;SAT;NEGATIF;NOTR;NEGATIF;AZALIYOR;SAT;SAT;NOTR;0;29.09.2026
ORMA;izle;;30,9;10,3;16,6;4,0;0;0;zayif;28,7;43,3;27,4;yukari;zayif;zayif;asagi;0,33;-2,81;2;137,8;0,00;450055;126,59;AL;NEGATIF;SAT;NEGATIF;AZALIYOR;AL;SAT;NOTR;2;29.09.2026
ARDYZ;izle;;30,7;14,8;7,1;8,8;0;0;zayif;36,4;35,3;33,9;asagi;zayif;zayif;asagi;0,75;-2,24;2;62,1;-3,50;263198741;74,79;SAT;NEGATIF;SAT;NEGATIF;AZALIYOR;AL;AL;NOTR;2;29.09.2026
CRFSA;izle;;29,8;22,2;4,2;3,4;46;4;zayif;27,9;36,0;45,4;asagi;zayif;zayif;asagi;0,91;-1,92;3;192,6;-8,63;362206064;269,40;SAT;NEGATIF;SAT;NEGATIF;AZALIYOR;SAT;SAT;NOTR;0;29.09.2026
TRALT;izle;;29,2;6,0;10,6;12,6;10;0;zayif;18,2;38,2;51,2;asagi;guclu;zayif;asagi;0,97;-1,81;4;45,38;-2,74;4080785881;53,80;SAT;NEGATIF;NOTR;NEGATIF;AZALIYOR;SAT;SAT;NOTR;0;29.09.2026
ALARK;izle;;29,1;14,3;12,0;2,7;20;1;zayif;25,3;37,7;38,7;asagi;guclu;zayif;asagi;0,74;-1,56;4;100,7;-3,17;305359961;114,81;SAT;NEGATIF;SAT;NEGATIF;AZALIYOR;SAT;SAT;NOTR;0;29.09.2026
DOHOL;izle;;29,0;4,8;14,2;9,9;6;0;zayif;25,1;35,8;47,4;asagi;guclu;zayif;asagi;1,10;-1,94;3;19,72;0,15;282741081;21,72;SAT;NEGATIF;SAT;NEGATIF;AZALIYOR;SAT;SAT;NOTR;0;29.09.2026
MSGYO;izle;;28,6;2,3;12,3;14,0;10;0;zayif;28,6;41,6;23,2;asagi;zayif;zayif;asagi;2,44;-2,19;4;5,1;9,91;22747474;5,51;SAT;NEGATIF;SAT;NEGATIF;ARTIYOR;AL;AL;NOTR;2;29.09.2026
TUREX;izle;;28,5;9,5;15,5;3,5;0;0;zayif;22,8;42,3;43,5;yukari;zayif;zayif;asagi;0,91;-2,44;2;5,51;-1,61;76045180;4,85;AL;NEGATIF;SAT;NEGATIF;AZALIYOR;AL;SAT;NOTR;2;29.09.2026
ASELS;izle;;28,3;8,3;8,9;11,1;6;0;zayif;26,0;34,5;27,2;asagi;guclu;zayif;asagi;1,41;-2,43;3;338,5;-7,83;14230635119;401,83;SAT;NEGATIF;SAT;NEGATIF;ARTIYOR;SAT;SAT;NOTR;0;29.09.2026
GARAN;izle;;28,1;1,0;19,9;7,2;40;4;zayif;19,4;46,6;55,9;asagi;guclu;zayif;asagi;0,59;-0,48;2;129,1;-0,23;2558737084;136,38;SAT;NEGATIF;NOTR;POZITIF;AZALIYOR;SAT;AL;NOTR;2;29.09.2026
KGYO;izle;;28,1;5,2;8,4;14,5;0;0;zayif;25,2;39,5;50,4;asagi;zayif;zayif;asagi;1,09;-1,79;1;9,2;4,66;178306129;10,43;SAT;NEGATIF;SAT;NEGATIF;ARTIYOR;AL;AL;NOTR;2;29.09.2026
AGESA;izle;;27,9;9,5;14,6;3,7;6;0;zayif;31,9;37,1;49,3;asagi;guclu;zayif;asagi;0,27;-1,59;3;232,2;0,13;10186382;252,48;SAT;NEGATIF;SAT;NEGATIF;AZALIYOR;SAT;SAT;NOTR;0;29.09.2026
FMIZP;izle;;27,7;0,8;14,4;12,5;6;0;zayif;17,8;41,7;45,0;asagi;guclu;zayif;asagi;1,06;-1,51;3;267,25;-1,93;22024340;293,40;SAT;NEGATIF;NOTR;NEGATIF;ARTIYOR;SAT;SAT;NOTR;0;29.09.2026
MIATK;izle;;27,7;1,8;7,9;18,0;0;0;zayif;25,2;38,0;49,4;asagi;zayif;zayif;asagi;1,76;-2,84;1;22,9;-6,76;1417174355;28,61;SAT;NEGATIF;SAT;NEGATIF;ARTIYOR;SAT;AL;UCUZ (AL);1;29.09.2026
BLUME;izle;;27,6;1,3;18,3;8,0;10;1;zayif;21,6;44,3;38,0;asagi;guclu;zayif;asagi;0,44;-0,84;2;34,64;3,96;39022029;40,56;SAT;NEGATIF;SAT;NEGATIF;AZALIYOR;SAT;SAT;NOTR;0;29.09.2026
MPARK;izle;;27,6;3,3;12,3;11,9;46;4;zayif;14,2;36,4;50,8;asagi;guclu;zayif;asagi;1,13;-1,67;3;406;-3,45;248169936;453,45;SAT;NEGATIF;NOTR;NEGATIF;ARTIYOR;SAT;SAT;NOTR;0;29.09.2026
MARTI;izle;;26,9;7,4;1,4;18,0;0;0;zayif;40,2;29,7;75,2;asagi;zayif;zayif;asagi;1,69;-3,80;1;1,08;-10,00;261202658;1,72;SAT;NEGATIF;SAT;NEGATIF;AZALIYOR;SAT;SAT;UCUZ (AL);0;29.09.2026
GRTHO;izle;;26,6;2,4;6,2;18,0;0;0;zayif;31,0;32,2;58,3;asagi;zayif;zayif;asagi;1,36;-4,54;0;127;3,25;272196941;158,68;SAT;NEGATIF;SAT;NEGATIF;AZALIYOR;AL;AL;UCUZ (AL);2;29.09.2026
ECILC;izle;;26,6;1,5;19,0;6,1;10;1;zayif;23,2;44,3;48,8;asagi;guclu;zayif;asagi;0,83;-1,65;2;64,1;0,39;341241670;69,49;AL;NEGATIF;SAT;NEGATIF;AZALIYOR;AL;AL;UCUZ (AL);3;29.09.2026
PSDTC;izle;;26,5;2,4;6,0;18,0;40;4;zayif;33,9;31,7;47,2;asagi;zayif;zayif;asagi;1,76;-3,59;1;94,6;10,00;60391883;119,52;SAT;NEGATIF;SAT;NEGATIF;ARTIYOR;SAT;AL;UCUZ (AL);1;29.09.2026
ULKER;izle;;26,4;1,8;13,9;10,7;6;0;zayif;25,3;40,9;36,3;asagi;guclu;zayif;asagi;0,69;-2,32;3;85,65;0,59;307094649;94,22;SAT;NEGATIF;SAT;NEGATIF;AZALIYOR;SAT;SAT;UCUZ (AL);0;29.09.2026
GUBRF;izle;;26,3;5,3;12,9;8,0;22;2;zayif;29,2;39,9;37,1;asagi;guclu;zayif;asagi;0,65;-1,70;1;417;-5,71;907427028;485,59;SAT;NEGATIF;SAT;NEGATIF;ARTIYOR;SAT;SAT;NOTR;0;29.09.2026
HTTBT;izle;;25,4;2,4;8,9;14,0;0;0;zayif;37,9;33,8;35,4;asagi;zayif;zayif;asagi;1,76;-2,89;1;30,92;0,72;31896825;34,43;SAT;NEGATIF;SAT;NEGATIF;ARTIYOR;AL;AL;UCUZ (AL);2;29.09.2026
BIOEN;izle;;25,4;2,4;4,9;18,0;0;0;zayif;37,4;28,1;42,7;asagi;zayif;zayif;asagi;2,14;-4,29;2;11,33;3,47;274967419;13,58;SAT;NEGATIF;SAT;NEGATIF;AZALIYOR;AL;AL;UCUZ (AL);2;29.09.2026
GOLTS;izle;;25,0;2,4;8,6;14,0;6;0;zayif;29,8;31,4;31,4;asagi;zayif;zayif;asagi;1,33;-3,87;3;255,75;-3,40;39858638;286,18;SAT;NEGATIF;SAT;NEGATIF;ARTIYOR;AL;AL;UCUZ (AL);2;29.09.2026
TRCAS;izle;;24,9;12,5;9,9;2,4;16;1;zayif;24,7;32,0;29,1;asagi;guclu;zayif;asagi;0,46;-1,67;3;42,9;-2,46;17311265;50,41;SAT;NEGATIF;SAT;NEGATIF;ARTIYOR;SAT;SAT;NOTR;0;29.09.2026
DITAS;izle;;24,8;2,4;4,3;18,0;0;0;zayif;44,2;26,2;50,8;asagi;zayif;zayif;asagi;1,88;-6,28;1;10,02;7,05;93734114;14,13;SAT;NEGATIF;SAT;NEGATIF;ARTIYOR;AL;AL;UCUZ (AL);2;29.09.2026
EGGUB;izle;;24,7;4,4;14,0;6,4;10;0;zayif;21,9;41,4;38,8;asagi;guclu;zayif;asagi;0,91;-1,25;4;98;-0,41;43236620;112,63;SAT;NEGATIF;SAT;NEGATIF;AZALIYOR;SAT;SAT;NOTR;0;29.09.2026
ISCTR;izle;;24,7;1,2;19,4;4,1;6;0;zayif;20,6;46,9;54,7;asagi;guclu;zayif;asagi;0,47;-0,52;3;12,95;-0,08;4667415017;14,36;SAT;NEGATIF;SAT;NEGATIF;AZALIYOR;SAT;SAT;NOTR;0;29.09.2026
AGYO;izle;;24,7;0,7;14,0;10,0;16;1;zayif;17,3;37,2;33,1;asagi;guclu;zayif;asagi;1,87;-1,67;3;6,8;3,82;4155704;7,77;SAT;NEGATIF;NOTR;NEGATIF;ARTIYOR;SAT;AL;NOTR;1;29.09.2026
AVPGY;izle;;24,5;1,4;12,0;11,1;6;0;zayif;22,0;36,4;40,6;asagi;guclu;zayif;asagi;2,22;-1,42;3;51,05;0,00;76185335;56,94;SAT;NEGATIF;SAT;NEGATIF;ARTIYOR;SAT;SAT;NOTR;0;29.09.2026
PETKM;izle;;24,5;10,8;13,7;0,0;16;1;zayif;18,1;40,8;13,2;asagi;guclu;zayif;asagi;0,55;-1,22;3;19,44;-3,76;1262812913;24,11;SAT;NEGATIF;NOTR;NEGATIF;AZALIYOR;SAT;SAT;NOTR;0;29.09.2026
ENTRA;izle;;24,2;1,4;18,7;4,0;0;0;zayif;22,6;41,9;43,8;asagi;guclu;zayif;asagi;0,45;-1,74;0;4,08;0,49;37128314;4,51;AL;NEGATIF;SAT;NEGATIF;AZALIYOR;AL;SAT;NOTR;2;29.09.2026
ARTMS;izle;;23,8;1,1;14,7;8,0;10;0;zayif;20,4;42,2;45,0;asagi;guclu;zayif;asagi;0,39;-1,33;4;35,38;-2,80;11350859;40,58;SAT;NEGATIF;SAT;NEGATIF;ARTIYOR;AL;AL;NOTR;2;29.09.2026
GLBMD;izle;;23,7;2,0;15,4;6,3;10;0;zayif;26,9;38,3;21,6;asagi;zayif;zayif;asagi;0,84;-1,78;4;10,35;-4,17;1200403;11,18;AL;NEGATIF;SAT;NEGATIF;ARTIYOR;AL;SAT;UCUZ (AL);2;29.09.2026
EUYO;izle;;23,4;2,1;7,3;14,0;6;0;zayif;27,2;36,1;35,0;asagi;zayif;zayif;asagi;1,84;-2,90;3;3,85;10,00;7074641;4,42;SAT;NEGATIF;SAT;NEGATIF;ARTIYOR;AL;AL;NOTR;2;29.09.2026
SNPAM;izle;;23,4;0,5;12,9;10,0;10;1;zayif;15,8;37,3;27,7;asagi;guclu;zayif;asagi;0,98;-3,28;2;18,15;-1,36;893869;19,49;SAT;NEGATIF;NOTR;NEGATIF;AZALIYOR;SAT;SAT;UCUZ (AL);0;29.09.2026
AYDEM;izle;;23,3;4,3;17,5;1,4;0;0;zayif;21,7;43,8;54,5;asagi;guclu;zayif;asagi;0,68;-1,12;2;24,12;-0,17;35799049;26,22;SAT;NEGATIF;SAT;NEGATIF;AZALIYOR;AL;AL;NOTR;2;29.09.2026
PNSUT;izle;;22,8;1,6;13,3;8,0;22;2;zayif;23,4;40,0;29,5;asagi;guclu;zayif;asagi;0,41;-1,56;2;10,15;-1,07;15711287;11,96;SAT;NEGATIF;SAT;NEGATIF;AZALIYOR;SAT;SAT;NOTR;0;29.09.2026
ASGYO;izle;;22,7;1,8;12,4;8,5;0;0;zayif;25,0;34,9;23,9;asagi;guclu;zayif;asagi;0,73;-2,49;2;9,95;0,51;23834767;10,89;SAT;NEGATIF;SAT;NEGATIF;AZALIYOR;SAT;AL;NOTR;1;29.09.2026
EUHOL;izle;;22,6;10,4;8,1;4,0;0;0;zayif;38,8;38,7;25,6;yukari;zayif;zayif;asagi;0,53;-3,44;2;7,81;5,83;2249592;7,11;SAT;NEGATIF;SAT;NEGATIF;ARTIYOR;AL;SAT;NOTR;1;29.09.2026
ISFIN;izle;;22,4;5,1;9,4;7,9;0;0;zayif;27,1;30,5;38,9;asagi;guclu;zayif;asagi;1,05;-2,47;2;17,78;-0,39;30085467;19,36;SAT;NEGATIF;SAT;NEGATIF;AZALIYOR;SAT;SAT;NOTR;0;29.09.2026
KRVGD;izle;;22,3;2,4;15,9;4,0;0;0;zayif;35,2;36,7;51,1;asagi;guclu;zayif;asagi;0,31;-2,78;1;2,08;0,00;6542954;2,27;AL;NEGATIF;SAT;NEGATIF;AZALIYOR;SAT;SAT;UCUZ (AL);1;29.09.2026
DMSAS;izle;;22,3;2,4;5,9;14,0;10;0;zayif;37,4;31,2;29,7;asagi;zayif;zayif;asagi;1,64;-3,98;4;5,91;1,72;37227592;6,57;SAT;NEGATIF;SAT;NEGATIF;ARTIYOR;AL;AL;UCUZ (AL);2;29.09.2026
MGROS;izle;;22,2;2,4;18,7;1,0;0;0;zayif;31,9;41,6;55,2;asagi;guclu;zayif;asagi;0,76;-2,57;2;520,5;-2,16;1365959601;553,46;AL;NEGATIF;SAT;POZITIF;AZALIYOR;SAT;SAT;NOTR;2;29.09.2026
ARSAN;izle;;22,1;11,1;11,0;0,0;0;0;zayif;19,8;38,7;53,6;asagi;guclu;zayif;asagi;0,45;-1,63;2;3,37;-2,60;29263146;4,03;SAT;NEGATIF;NOTR;NEGATIF;AZALIYOR;SAT;SAT;NOTR;0;29.09.2026
NTHOL;izle;;22,0;2,4;13,4;6,2;6;0;zayif;29,6;39,9;36,3;asagi;guclu;zayif;asagi;0,83;-1,76;3;38,52;0,63;70726033;42,16;SAT;NEGATIF;SAT;NEGATIF;AZALIYOR;AL;AL;UCUZ (AL);2;29.09.2026
BLCYT;izle;;22,0;1,4;12,6;8,0;0;0;zayif;22,2;41,4;25,5;asagi;guclu;zayif;asagi;0,65;-2,02;1;1,77;-4,84;47598525;2,05;SAT;NEGATIF;SAT;NEGATIF;AZALIYOR;AL;AL;UCUZ (AL);2;29.09.2026
BOSSA;izle;;21,4;0,6;11,8;9,1;0;0;zayif;16,4;36,3;68,6;asagi;guclu;zayif;asagi;0,24;-1,63;2;6,07;-1,30;5538845;6,96;SAT;NEGATIF;NOTR;NEGATIF;AZALIYOR;SAT;SAT;NOTR;0;29.09.2026
HLGYO;izle;;21,4;0,9;11,8;8,7;38;3;zayif;18,8;38,0;31,6;asagi;guclu;zayif;asagi;0,74;-2,94;3;3,97;1,02;95688247;4,49;SAT;NEGATIF;NOTR;NEGATIF;ARTIYOR;SAT;SAT;NOTR;0;29.09.2026
DMRGD;izle;;21,0;8,5;4,5;8,0;40;4;zayif;21,8;34,2;70,8;asagi;zayif;zayif;asagi;0,33;-2,60;0;8,34;-9,94;159629852;11,33;SAT;NEGATIF;SAT;NEGATIF;ARTIYOR;SAT;SAT;NOTR;0;29.09.2026
BALSU;izle;;20,7;2,4;10,8;7,5;6;0;zayif;37,5;34,3;48,3;asagi;zayif;zayif;asagi;0,91;-4,63;3;6,74;1,20;404180020;8,50;AL;NEGATIF;SAT;NEGATIF;AZALIYOR;AL;SAT;UCUZ (AL);2;29.09.2026
KRDMB;izle;;20,7;5,4;5,2;10,0;0;0;zayif;42,0;29,1;52,5;asagi;zayif;zayif;asagi;1,59;-4,37;2;65,8;-9,86;288642360;94,34;SAT;NEGATIF;SAT;NEGATIF;ARTIYOR;AL;AL;NOTR;2;29.09.2026
LIDER;izle;;20,4;2,4;8,0;10,0;0;0;zayif;60,7;11,8;18,5;asagi;zayif;zayif;asagi;2,99;-14,32;0;7,57;-9,99;204816358;12,95;AL;NEGATIF;SAT;NEGATIF;AZALIYOR;SAT;AL;UCUZ (AL);2;29.09.2026
OTTO;izle;;20,4;2,4;4,0;14,0;0;0;zayif;50,9;21,1;13,9;asagi;zayif;zayif;asagi;1,31;-6,32;1;90,6;4,38;32138810;112,88;SAT;NEGATIF;SAT;NEGATIF;ARTIYOR;AL;AL;UCUZ (AL);2;29.09.2026
TRHOL;izle;;20,4;12,4;0,0;8,0;0;0;zayif;50,0;25,0;92,1;asagi;zayif;zayif;asagi;0,00;-4,55;0;1572;-9,97;86460;2322,00;SAT;NEGATIF;SAT;NEGATIF;AZALIYOR;SAT;SAT;NOTR;0;29.09.2026
KERVN;izle;;20,4;14,9;5,5;0,0;0;0;zayif;25,9;37,9;33,4;asagi;zayif;zayif;asagi;0,31;-2,58;2;6,88;-2,96;2763228;8,58;SAT;NEGATIF;SAT;NEGATIF;AZALIYOR;SAT;SAT;NOTR;0;29.09.2026
DIRIT;izle;;20,3;0,5;11,8;8,0;6;0;zayif;15,7;39,3;30,1;asagi;guclu;zayif;asagi;0,39;-1,91;3;21,88;2,72;503131;24,99;SAT;NEGATIF;NOTR;NEGATIF;ARTIYOR;AL;AL;NOTR;2;29.09.2026
SAHOL;izle;;20,3;2,4;13,5;4,3;28;2;zayif;29,9;40,7;53,1;asagi;guclu;zayif;asagi;0,64;-1,46;3;86,8;-0,12;1929544296;96,22;SAT;NEGATIF;SAT;NEGATIF;AZALIYOR;SAT;SAT;NOTR;0;29.09.2026
TCKRC;izle;;20,2;10,8;6,8;2,5;6;0;zayif;31,4;38,4;40,0;asagi;zayif;zayif;asagi;0,85;-2,16;3;118;-0,59;307934334;138,23;SAT;NEGATIF;SAT;NEGATIF;AZALIYOR;SAT;SAT;NOTR;0;29.09.2026
BJKAS;izle;;20,1;4,7;7,3;8,0;0;0;zayif;24,7;36,2;61,9;asagi;zayif;zayif;asagi;0,57;-2,44;1;1,55;-3,73;319503416;2,16;SAT;NEGATIF;SAT;NEGATIF;AZALIYOR;SAT;AL;NOTR;1;29.09.2026
ARASE;izle;;20,0;6,0;8,0;6,1;46;4;zayif;35,5;33,9;14,4;asagi;zayif;zayif;asagi;0,82;-2,54;3;98,35;-0,20;25417672;114,34;SAT;NEGATIF;SAT;NEGATIF;AZALIYOR;SAT;AL;NOTR;1;29.09.2026
FONET;izle;;20,0;5,4;11,2;3,3;0;0;zayif;35,8;35,8;25,2;asagi;zayif;zayif;asagi;0,90;-2,70;1;4,06;-3,56;59206602;4,63;AL;NEGATIF;SAT;NEGATIF;AZALIYOR;AL;AL;NOTR;3;29.09.2026
MEGMT;izle;;19,9;2,4;9,9;7,6;6;0;zayif;47,8;31,2;33,3;asagi;zayif;zayif;asagi;0,92;-5,49;3;3,52;6,34;199694880;4,28;AL;NEGATIF;SAT;NEGATIF;ARTIYOR;AL;AL;UCUZ (AL);3;29.09.2026
DGGYO;izle;;19,8;1,2;4,7;14,0;6;0;zayif;20,5;33,1;27,4;asagi;zayif;zayif;asagi;1,50;-2,81;3;27,04;-7,84;4948644;32,80;SAT;NEGATIF;SAT;NEGATIF;ARTIYOR;AL;AL;NOTR;2;29.09.2026
VERUS;izle;;19,7;5,4;6,1;8,1;10;1;zayif;40,9;32,2;38,3;asagi;zayif;zayif;asagi;0,94;-2,63;1;435,25;0,75;36020420;538,78;SAT;NEGATIF;SAT;NEGATIF;AZALIYOR;AL;AL;NOTR;2;29.09.2026
VAKKO;izle;;19,7;0,0;9,4;10,3;10;0;zayif;11,8;33,1;34,2;asagi;guclu;zayif;asagi;1,80;-1,91;4;60;2,56;15012840;70,75;SAT;NEGATIF;NOTR;NEGATIF;ARTIYOR;SAT;AL;NOTR;1;29.09.2026
TURGG;izle;;19,6;1,5;10,1;8,0;10;1;zayif;23,0;36,7;35,9;asagi;zayif;zayif;asagi;0,14;-1,98;1;23,82;0,85;3959765;29,25;SAT;NEGATIF;SAT;NEGATIF;AZALIYOR;SAT;SAT;NOTR;0;29.09.2026
KARTN;izle;;19,4;5,4;4,0;10,0;6;0;zayif;32,0;21,1;18,9;asagi;zayif;zayif;asagi;1,37;-5,14;3;88,1;-3,98;119790451;123,17;SAT;NEGATIF;SAT;NEGATIF;AZALIYOR;SAT;SAT;NOTR;0;29.09.2026
AYES;izle;;19,4;5,4;0,0;14,0;0;0;zayif;36,5;12,8;37,1;asagi;zayif;zayif;asagi;2,13;-9,16;2;7,41;-69,13;1394747;15,47;SAT;NEGATIF;SAT;NEGATIF;ARTIYOR;SAT;SAT;NOTR;0;29.09.2026
AKMGY;izle;;19,4;3,6;7,8;8,0;6;0;zayif;16,6;29,4;71,8;asagi;zayif;zayif;asagi;0,41;-2,70;3;216,8;0,00;6183786;248,35;SAT;NEGATIF;NOTR;NEGATIF;AZALIYOR;SAT;SAT;NOTR;0;29.09.2026
EFOR;izle;;19,2;4,3;7,0;8,0;0;0;zayif;21,2;34,9;52,0;asagi;zayif;zayif;asagi;0,48;-2,42;1;14,05;-0,07;538220459;18,01;SAT;NEGATIF;SAT;NEGATIF;AZALIYOR;SAT;AL;NOTR;1;29.09.2026
FROTO;izle;;19,2;1,8;13,4;4,1;6;0;zayif;24,9;39,5;35,7;asagi;guclu;zayif;asagi;0,58;-2,11;3;74,4;-0,73;937583890;82,65;SAT;NEGATIF;SAT;NEGATIF;AZALIYOR;SAT;SAT;UCUZ (AL);0;29.09.2026
KARSN;izle;;19,1;2,0;9,1;8,0;0;0;zayif;26,9;38,5;41,2;asagi;zayif;zayif;asagi;0,39;-2,11;0;9,11;1,33;188918926;11,82;SAT;NEGATIF;SAT;NEGATIF;AZALIYOR;SAT;SAT;NOTR;0;29.09.2026
KRSTL;izle;;18,7;2,4;8,7;7,5;0;0;zayif;47,4;27,4;37,7;asagi;zayif;zayif;asagi;0,91;-4,17;2;7,75;-2,15;27773295;8,63;AL;NEGATIF;SAT;NEGATIF;AZALIYOR;AL;AL;NOTR;3;29.09.2026
MERIT;izle;;18,6;1,8;8,9;8,0;10;1;zayif;25,0;28,4;22,5;asagi;guclu;zayif;asagi;0,64;-3,19;2;13,94;-1,13;15725031;15,53;SAT;NEGATIF;SAT;NEGATIF;AZALIYOR;SAT;SAT;UCUZ (AL);0;29.09.2026
POLHO;izle;;18,6;5,4;9,2;4,0;20;1;zayif;32,3;37,3;17,8;asagi;zayif;zayif;asagi;0,59;-2,35;4;18,43;0,38;22753641;21,16;SAT;NEGATIF;SAT;NEGATIF;AZALIYOR;SAT;AL;NOTR;1;29.09.2026
ARCLK;izle;;18,6;1,1;9,2;8,2;6;0;zayif;20,4;33,4;27,0;asagi;guclu;zayif;asagi;1,11;-3,21;3;84,1;-3,11;150791973;93,81;SAT;NEGATIF;SAT;NEGATIF;ARTIYOR;SAT;SAT;UCUZ (AL);0;29.09.2026
EGPRO;izle;;18,4;5,1;13,3;0,0;6;0;zayif;27,7;38,5;32,9;asagi;guclu;zayif;asagi;0,46;-2,03;3;32,48;-0,67;17310671;37,92;SAT;NEGATIF;SAT;NEGATIF;AZALIYOR;SAT;SAT;NOTR;0;29.09.2026
AEFES;izle;;18,4;4,8;13,3;0,2;6;0;zayif;25,5;40,1;45,9;asagi;guclu;zayif;asagi;0,61;-1,97;3;18,12;0,33;426950416;19,99;SAT;NEGATIF;SAT;NEGATIF;AZALIYOR;SAT;SAT;NOTR;0;29.09.2026
OZKGY;izle;;18,4;2,0;14,5;1,9;6;0;zayif;26,7;36,7;26,8;asagi;guclu;zayif;asagi;0,55;-2,24;3;12,03;0,25;20455235;13,13;SAT;NEGATIF;SAT;NEGATIF;AZALIYOR;SAT;SAT;UCUZ (AL);0;29.09.2026
DESA;izle;;18,3;2,2;13,6;2,5;6;0;zayif;28,3;37,1;30,2;asagi;guclu;zayif;asagi;0,80;-2,27;3;8,82;1,50;12888472;9,82;SAT;NEGATIF;SAT;NEGATIF;AZALIYOR;AL;AL;UCUZ (AL);2;29.09.2026
EKGYO;izle;;18,3;0,9;15,5;1,9;10;1;zayif;18,9;43,7;27,8;asagi;guclu;zayif;asagi;0,44;-1,09;2;18,77;-0,79;1436924474;21,29;SAT;NEGATIF;NOTR;NEGATIF;AZALIYOR;SAT;SAT;NOTR;0;29.09.2026
EUPWR;izle;;18,3;5,4;4,8;8,0;10;1;zayif;36,9;33,1;37,9;asagi;zayif;zayif;asagi;0,45;-3,37;1;55,65;0,54;692619566;73,94;SAT;NEGATIF;SAT;NEGATIF;AZALIYOR;SAT;SAT;NOTR;0;29.09.2026
ALTIN;izle;;18,3;0,2;13,0;5,0;0;0;zayif;13,7;40,8;47,4;asagi;guclu;zayif;asagi;0,69;-1,56;2;71,76;0,52;785060284;75,26;SAT;NEGATIF;NOTR;NEGATIF;AZALIYOR;SAT;AL;UCUZ (AL);1;29.09.2026
TNZTP;izle;;18,1;10,9;7,2;0,0;40;5;zayif;18,6;36,1;47,1;asagi;zayif;zayif;asagi;0,60;-1,73;2;25,08;-3,61;59258648;30,96;SAT;NEGATIF;NOTR;NEGATIF;AZALIYOR;SAT;SAT;NOTR;0;29.09.2026
ODAS;izle;;18,0;4,4;3,6;10,0;50;4;zayif;22,1;30,3;31,7;asagi;zayif;zayif;asagi;1,73;-3,50;4;6;-9,23;658110120;7,45;SAT;NEGATIF;SAT;NEGATIF;ARTIYOR;SAT;SAT;NOTR;0;29.09.2026
VAKFA;izle;;17,9;2,4;5,4;10,0;16;1;zayif;31,0;27,3;37,1;asagi;zayif;zayif;asagi;1,56;-3,73;3;9,27;1,87;92945321;10,50;SAT;NEGATIF;SAT;NEGATIF;ARTIYOR;SAT;AL;UCUZ (AL);1;29.09.2026
AFYON;izle;;17,8;2,3;7,2;8,3;10;0;zayif;29,0;24,5;27,6;asagi;zayif;zayif;asagi;1,18;-4,19;4;10,86;0,37;18809900;11,94;SAT;NEGATIF;SAT;NEGATIF;AZALIYOR;SAT;SAT;UCUZ (AL);0;29.09.2026
PINSU;izle;;17,7;1,3;8,4;8,0;32;2;zayif;21,3;30,5;50,8;asagi;zayif;zayif;asagi;0,69;-2,86;4;8,91;1,37;19381353;9,98;SAT;NEGATIF;SAT;NEGATIF;AZALIYOR;SAT;SAT;UCUZ (AL);0;29.09.2026
INTEK;izle;;17,6;10,4;3,2;4,0;6;0;zayif;39,9;28,2;13,7;yukari;zayif;zayif;asagi;0,57;-6,63;3;167,1;-5,75;736911;165,76;SAT;NEGATIF;SAT;NEGATIF;ARTIYOR;AL;AL;UCUZ (AL);2;29.09.2026
SELEC;izle;;17,4;5,4;4,0;8,0;0;0;zayif;49,0;17,9;83,9;asagi;zayif;zayif;asagi;0,01;-7,26;0;102,1;-9,96;1444307;158,69;SAT;NEGATIF;SAT;NEGATIF;AZALIYOR;SAT;SAT;NOTR;0;29.09.2026
ANELE;izle;;17,4;5,4;4,0;8,0;0;0;zayif;44,5;17,9;-0,0;asagi;zayif;zayif;asagi;0,00;-6,80;0;50,35;-9,93;60219;82,81;SAT;NEGATIF;SAT;NEGATIF;AZALIYOR;SAT;AL;NOTR;1;29.09.2026
TEHOL;izle;;17,4;5,4;4,0;8,0;0;0;zayif;43,2;16,4;70,4;asagi;zayif;zayif;asagi;0,00;-8,12;0;16,71;-9,97;85639;24,75;SAT;NEGATIF;SAT;NEGATIF;AZALIYOR;SAT;SAT;NOTR;0;29.09.2026
BIGEN;izle;;17,4;5,4;4,0;8,0;0;0;zayif;33,6;23,7;97,4;asagi;zayif;zayif;asagi;0,01;-5,41;0;54,9;-9,93;1446999;87,28;SAT;NEGATIF;SAT;NEGATIF;AZALIYOR;SAT;AL;PAHALI (SAT);1;29.09.2026
OZATD;izle;;17,4;5,4;4,0;8,0;32;3;zayif;42,1;15,0;86,8;asagi;zayif;zayif;asagi;0,00;-6,84;1;1742;-9,97;80132;2560,04;SAT;NEGATIF;SAT;NEGATIF;AZALIYOR;SAT;AL;PAHALI (SAT);1;29.09.2026
MANAS;izle;;17,4;5,4;4,0;8,0;0;0;zayif;40,5;13,4;19,8;asagi;zayif;zayif;asagi;0,00;-7,69;0;11,69;-9,94;331213;18,09;SAT;NEGATIF;SAT;NEGATIF;AZALIYOR;SAT;SAT;NOTR;0;29.09.2026
GUNDG;izle;;17,4;5,4;4,0;8,0;0;0;zayif;40,6;18,5;52,4;asagi;zayif;zayif;asagi;0,01;-8,63;0;256,75;-9,99;117592;508,13;SAT;NEGATIF;SAT;NEGATIF;AZALIYOR;AL;SAT;NOTR;1;29.09.2026
IEYHO;izle;;17,4;5,4;4,0;8,0;0;0;zayif;72,1;12,2;98,0;asagi;zayif;zayif;asagi;0,00;-9,50;0;80,4;-9,97;79194;111,22;SAT;NEGATIF;SAT;NEGATIF;AZALIYOR;SAT;SAT;NOTR;0;29.09.2026
DERHL;izle;;17,2;2,4;4,8;10,0;10;0;zayif;31,2;27,6;45,3;asagi;zayif;zayif;asagi;1,55;-4,52;4;1,6;2,56;35289971;1,85;SAT;NEGATIF;SAT;NEGATIF;ARTIYOR;AL;AL;UCUZ (AL);2;29.09.2026
EKSUN;izle;;17,1;2,4;5,5;9,2;22;2;zayif;35,0;30,0;29,1;asagi;zayif;zayif;asagi;1,01;-4,38;2;4,45;3,25;13507072;5,15;SAT;NEGATIF;SAT;NEGATIF;ARTIYOR;AL;SAT;NOTR;1;29.09.2026
YEOTK;izle;;17,1;4,2;12,9;0,0;0;0;zayif;20,5;41,5;50,6;asagi;zayif;zayif;asagi;0,60;-2,01;2;29,9;1,36;327020486;35,85;AL;NEGATIF;SAT;NEGATIF;AZALIYOR;SAT;AL;NOTR;2;29.09.2026
VKGYO;izle;;17,0;2,4;5,8;8,7;6;0;zayif;39,3;27,1;25,8;asagi;zayif;zayif;asagi;0,74;-4,51;3;1,63;1,24;34597184;1,80;SAT;NEGATIF;SAT;NEGATIF;AZALIYOR;SAT;SAT;UCUZ (AL);0;29.09.2026
ATATP;izle;;16,9;13,6;3,2;0,1;28;2;zayif;26,0;32,3;28,1;asagi;zayif;zayif;asagi;0,71;-2,31;3;219,5;-4,57;99797870;278,08;SAT;NEGATIF;SAT;NEGATIF;AZALIYOR;SAT;SAT;NOTR;0;29.09.2026
TURSG;izle;;16,9;4,7;6,4;5,9;0;0;zayif;24,4;27,5;50,7;asagi;guclu;zayif;asagi;1,05;-2,82;2;5,53;-2,30;591552826;6,24;SAT;NEGATIF;SAT;NEGATIF;AZALIYOR;SAT;SAT;NOTR;0;29.09.2026
ECZYT;izle;;16,9;2,4;5,0;9,4;0;0;zayif;39,1;28,5;53,1;asagi;zayif;zayif;asagi;0,78;-4,50;0;224,3;-0,84;100874888;260,96;SAT;NEGATIF;SAT;NEGATIF;AZALIYOR;AL;AL;NOTR;2;29.09.2026
SEKFK;izle;;16,8;2,4;11,5;2,8;10;0;zayif;31,8;32,5;14,8;asagi;zayif;zayif;asagi;0,87;-3,08;4;3,95;-1,25;1686133;4,48;AL;NEGATIF;SAT;NEGATIF;AZALIYOR;SAT;SAT;NOTR;1;29.09.2026
BAKAB;izle;;16,5;2,4;4,1;10,0;6;0;zayif;38,2;29,0;21,3;asagi;zayif;zayif;asagi;1,35;-4,37;3;32,1;-0,56;8622349;37,03;SAT;NEGATIF;SAT;NEGATIF;AZALIYOR;SAT;AL;NOTR;1;29.09.2026
KLGYO;izle;;16,5;2,4;5,1;8,9;6;0;zayif;34,4;28,7;23,3;asagi;zayif;zayif;asagi;1,23;-3,51;3;3,64;2,82;38566568;4,33;SAT;NEGATIF;SAT;NEGATIF;AZALIYOR;SAT;AL;UCUZ (AL);1;29.09.2026
BTCIM;izle;;16,4;2,4;4,0;10,0;10;0;zayif;66,4;11,0;26,2;asagi;zayif;zayif;asagi;1,79;-7,81;4;2,03;-1,93;770056241;2,78;SAT;NEGATIF;SAT;NEGATIF;AZALIYOR;AL;SAT;UCUZ (AL);1;29.09.2026
KLRHO;izle;;16,4;2,4;4,0;10,0;0;0;zayif;50,5;7,8;-0,0;asagi;zayif;zayif;asagi;2,98;-12,04;1;20,3;-9,94;231611104;31,29;SAT;NEGATIF;SAT;NEGATIF;AZALIYOR;AL;SAT;UCUZ (AL);1;29.09.2026
BULGS;izle;;16,4;2,4;4,0;10,0;0;0;zayif;61,8;14,1;32,2;asagi;zayif;zayif;asagi;2,51;-8,35;2;13,6;-9,63;214575550;19,08;SAT;NEGATIF;SAT;NEGATIF;ARTIYOR;AL;AL;UCUZ (AL);2;29.09.2026
BSOKE;izle;;16,4;2,4;4,0;10,0;0;0;zayif;58,8;9,0;7,2;asagi;zayif;zayif;asagi;1,49;-9,65;1;7,86;-2,84;187861058;12,43;SAT;NEGATIF;SAT;NEGATIF;AZALIYOR;AL;SAT;UCUZ (AL);1;29.09.2026
ISKPL;izle;;16,4;2,4;4,0;10,0;0;0;zayif;38,9;17,1;33,1;asagi;zayif;zayif;asagi;1,32;-7,75;2;2,96;-7,21;133992848;4,56;SAT;NEGATIF;SAT;NEGATIF;AZALIYOR;AL;AL;UCUZ (AL);2;29.09.2026
BIGCH;izle;;16,4;2,4;4,0;10,0;32;2;zayif;40,5;18,1;3,4;asagi;zayif;zayif;asagi;3,80;-6,16;4;3,59;-1,64;78596983;4,62;SAT;NEGATIF;SAT;NEGATIF;ARTIYOR;AL;SAT;UCUZ (AL);1;29.09.2026
SEGMN;izle;;16,4;2,4;4,0;10,0;6;0;zayif;49,3;16,1;3,6;asagi;zayif;zayif;asagi;2,78;-6,24;3;21,96;-10,00;82786104;33,64;SAT;NEGATIF;SAT;NEGATIF;AZALIYOR;AL;AL;NOTR;2;29.09.2026
SANFM;izle;;16,4;2,4;4,0;10,0;6;0;zayif;45,1;13,1;21,8;asagi;zayif;zayif;asagi;1,43;-8,10;3;3,91;-9,91;36845736;5,68;SAT;NEGATIF;SAT;NEGATIF;AZALIYOR;SAT;AL;UCUZ (AL);1;29.09.2026
SKYLP;izle;;16,4;2,4;4,0;10,0;0;0;zayif;55,4;11,7;16,7;asagi;zayif;zayif;asagi;5,73;-9,84;1;55,2;-9,95;22217834;98,73;SAT;NEGATIF;SAT;NEGATIF;AZALIYOR;AL;SAT;UCUZ (AL);1;29.09.2026
DOGUB;izle;;16,4;2,4;4,0;10,0;0;0;zayif;35,5;12,9;35,1;asagi;zayif;zayif;asagi;2,32;-8,59;0;21,5;-7,25;21675827;34,97;SAT;NEGATIF;SAT;NEGATIF;AZALIYOR;AL;AL;UCUZ (AL);2;29.09.2026
MMCAS;izle;;16,4;2,4;4,0;10,0;0;0;zayif;47,2;14,6;-0,0;asagi;zayif;zayif;asagi;2,33;-11,07;2;13,93;-7,75;3763816;22,49;SAT;NEGATIF;SAT;NEGATIF;AZALIYOR;AL;SAT;UCUZ (AL);1;29.09.2026
EPLAS;izle;;16,3;1,4;10,9;4,0;22;2;zayif;22,4;40,2;30,5;asagi;guclu;zayif;asagi;0,51;-1,48;1;5,1;-1,92;18920949;6,39;SAT;NEGATIF;SAT;NEGATIF;AZALIYOR;SAT;SAT;NOTR;0;29.09.2026
BUCIM;izle;;16,3;1,8;13,3;1,2;10;0;zayif;25,1;33,6;36,0;asagi;guclu;zayif;asagi;0,50;-2,46;5;4,94;0,20;10501793;5,55;SAT;NEGATIF;SAT;NEGATIF;AZALIYOR;SAT;SAT;UCUZ (AL);0;29.09.2026
ECOGR;izle;;16,1;4,2;3,9;8,0;10;1;zayif;20,7;33,1;51,3;asagi;zayif;zayif;asagi;0,31;-2,83;2;29,12;-4,84;43967298;36,12;SAT;NEGATIF;SAT;NEGATIF;AZALIYOR;SAT;AL;NOTR;1;29.09.2026
CLEBI;izle;;16,0;1,9;12,6;1,5;0;0;zayif;25,7;36,8;30,3;asagi;guclu;zayif;asagi;0,50;-2,96;2;1353;-0,29;15460731;1468,56;SAT;NEGATIF;SAT;NEGATIF;AZALIYOR;SAT;SAT;NOTR;0;29.09.2026
BMSCH;izle;;16,0;1,8;6,1;8,0;0;0;zayif;25,3;32,1;63,1;asagi;zayif;zayif;asagi;0,69;-4,37;1;8,6;2,99;18175773;10,40;SAT;NEGATIF;SAT;NEGATIF;AZALIYOR;SAT;SAT;UCUZ (AL);0;29.09.2026
BMSTL;izle;;15,9;3,9;9,7;2,3;28;2;zayif;18,4;36,2;48,4;asagi;guclu;zayif;asagi;0,84;-1,74;3;40,54;-4,34;137655151;48,28;SAT;NEGATIF;NOTR;NEGATIF;ARTIYOR;SAT;AL;NOTR;1;29.09.2026
METRO;izle;;15,8;5,4;6,4;4,0;6;0;zayif;38,1;32,9;42,1;asagi;zayif;zayif;asagi;0,51;-2,82;3;6,61;-3,92;23195739;7,78;SAT;NEGATIF;SAT;NEGATIF;AZALIYOR;AL;AL;NOTR;2;29.09.2026
CVKMD;izle;;15,7;5,4;4,7;5,6;6;0;zayif;33,1;33,7;30,7;asagi;zayif;zayif;asagi;1,03;-2,50;3;12,77;-0,39;406266849;15,26;SAT;NEGATIF;SAT;NEGATIF;AZALIYOR;SAT;SAT;NOTR;0;29.09.2026
ANHYT;izle;;15,6;1,2;11,2;3,2;10;0;zayif;20,5;36,8;44,5;asagi;guclu;zayif;asagi;0,89;-1,89;4;98;-0,51;92561882;108,91;SAT;NEGATIF;SAT;NEGATIF;AZALIYOR;SAT;SAT;NOTR;0;29.09.2026
KONYA;izle;;15,4;1,6;13,6;0,2;6;0;zayif;23,5;40,5;50,8;asagi;guclu;zayif;asagi;0,51;-1,32;3;3562,5;0,64;44648813;4277,53;SAT;NEGATIF;SAT;NEGATIF;AZALIYOR;SAT;SAT;UCUZ (AL);0;29.09.2026
AKCNS;izle;;15,4;4,5;4,6;6,3;28;2;zayif;22,8;33,5;38,6;asagi;zayif;zayif;asagi;0,84;-2,91;3;190,7;-3,44;139134720;225,55;SAT;NEGATIF;SAT;NEGATIF;AZALIYOR;SAT;SAT;NOTR;0;29.09.2026
TSKB;izle;;15,3;2,3;8,5;4,6;10;1;zayif;28,5;33,6;30,4;asagi;guclu;zayif;asagi;0,90;-2,99;2;9,97;-0,70;202254182;11,12;SAT;NEGATIF;SAT;NEGATIF;AZALIYOR;SAT;SAT;UCUZ (AL);0;29.09.2026
EUKYO;izle;;15,2;7,0;4,0;4,2;40;4;zayif;42,6;24,7;49,1;asagi;zayif;zayif;asagi;0,95;-3,05;1;9,51;-0,42;7490571;12,13;SAT;NEGATIF;SAT;NEGATIF;AZALIYOR;SAT;SAT;NOTR;0;29.09.2026
AKSA;izle;;15,2;4,8;10,5;0,0;6;0;zayif;24,9;37,5;31,3;asagi;guclu;zayif;asagi;0,45;-2,62;3;10,29;-1,34;72515029;11,47;SAT;NEGATIF;SAT;NEGATIF;AZALIYOR;SAT;SAT;NOTR;0;29.09.2026
DURKN;izle;;15,1;2,4;4,0;8,6;32;2;zayif;48,6;15,6;9,4;asagi;zayif;zayif;asagi;1,22;-6,79;4;10,83;-0,91;27173456;13,97;SAT;NEGATIF;SAT;NEGATIF;AZALIYOR;AL;AL;NOTR;2;29.09.2026
KNFRT;izle;;15,0;1,0;4,1;10,0;0;0;zayif;19,3;34,4;31,3;asagi;zayif;zayif;asagi;1,58;-2,87;2;9,7;-6,46;53259606;12,40;SAT;NEGATIF;NOTR;NEGATIF;ARTIYOR;SAT;SAT;NOTR;0;29.09.2026
TABGD;izle;;15,0;1,8;8,6;4,7;0;0;zayif;25,3;33,6;30,3;asagi;guclu;zayif;asagi;0,98;-2,54;1;214;-0,47;156273286;238,40;SAT;NEGATIF;SAT;NEGATIF;AZALIYOR;SAT;AL;NOTR;1;29.09.2026
DURDO;izle;;15,0;5,4;8,3;1,3;46;4;zayif;31,0;35,7;38,6;asagi;guclu;zayif;asagi;0,54;-2,40;3;4,4;-2,22;5937809;5,09;SAT;NEGATIF;SAT;NEGATIF;ARTIYOR;SAT;SAT;NOTR;0;29.09.2026
YKSLN;izle;;14,9;2,3;2,6;10,0;0;0;zayif;28,8;33,8;35,2;asagi;zayif;zayif;asagi;2,01;-3,34;2;2,21;-1,34;100045016;3,17;SAT;NEGATIF;SAT;NEGATIF;AZALIYOR;SAT;SAT;UCUZ (AL);0;29.09.2026
GLRMK;izle;;14,9;2,2;4,7;8,0;38;3;zayif;28,3;34,3;34,6;asagi;zayif;zayif;asagi;0,46;-2,63;3;136,3;-3,33;354210307;167,95;SAT;NEGATIF;SAT;NEGATIF;AZALIYOR;SAT;SAT;NOTR;0;29.09.2026
MOBTL;izle;;14,7;5,4;2,2;7,1;0;0;zayif;31,9;27,5;20,3;asagi;zayif;zayif;asagi;0,88;-4,33;2;9,42;-8,10;29621718;12,09;SAT;NEGATIF;SAT;NEGATIF;ARTIYOR;AL;SAT;NOTR;1;29.09.2026
BRISA;izle;;14,6;1,4;12,1;1,1;0;0;zayif;22,4;38,7;55,2;asagi;guclu;zayif;asagi;0,66;-2,62;2;70,7;-1,05;8513623;78,76;SAT;NEGATIF;SAT;NEGATIF;AZALIYOR;SAT;SAT;UCUZ (AL);0;29.09.2026
BARMA;izle;;14,5;2,4;8,0;4,0;0;0;zayif;59,9;25,0;29,7;asagi;zayif;zayif;asagi;0,44;-14,15;2;6,63;-4,74;1862579;8,52;AL;NEGATIF;SAT;NEGATIF;AZALIYOR;SAT;SAT;UCUZ (AL);1;29.09.2026
PGSUS;izle;;14,5;0,6;13,0;0,8;6;0;zayif;16,5;37,9;54,8;asagi;guclu;zayif;asagi;0,75;-2,50;3;142,4;-0,90;1077848954;156,68;SAT;NEGATIF;NOTR;NEGATIF;AZALIYOR;SAT;SAT;UCUZ (AL);0;29.09.2026
KOCMT;izle;;14,5;4,2;3,8;6,5;0;0;zayif;20,5;31,9;68,0;asagi;zayif;zayif;asagi;0,85;-4,01;1;2,44;-6,15;164677193;3,54;SAT;NEGATIF;SAT;NEGATIF;AZALIYOR;SAT;SAT;NOTR;0;29.09.2026
SAFKR;izle;;14,4;2,4;8,0;4,0;6;0;zayif;54,6;21,3;8,9;asagi;zayif;zayif;asagi;0,48;-6,40;3;11,1;1,00;29114223;13,12;AL;NEGATIF;SAT;NEGATIF;AZALIYOR;AL;AL;UCUZ (AL);3;29.09.2026
PEKGY;izle;;14,4;2,4;4,0;8,0;0;0;zayif;36,1;13,9;70,9;asagi;zayif;zayif;asagi;0,00;-9,55;0;4,11;-9,87;731933;6,37;SAT;NEGATIF;SAT;NEGATIF;AZALIYOR;SAT;SAT;UCUZ (AL);0;29.09.2026
IZFAS;izle;;14,4;2,4;4,0;8,0;0;0;zayif;33,8;20,2;62,3;asagi;zayif;zayif;asagi;0,00;-7,22;0;17,82;-10,00;272593;29,97;SAT;NEGATIF;SAT;NEGATIF;AZALIYOR;SAT;AL;UCUZ (AL);1;29.09.2026
KAPLM;izle;;14,4;2,4;4,0;8,0;0;0;zayif;60,8;15,0;33,4;asagi;zayif;zayif;asagi;0,08;-9,10;2;143;-9,95;2414984;213,37;SAT;NEGATIF;SAT;NEGATIF;AZALIYOR;AL;AL;UCUZ (AL);2;29.09.2026
PKENT;izle;;14,4;2,4;4,0;7,9;16;1;zayif;37,4;14,8;4,9;asagi;zayif;zayif;asagi;1,18;-6,28;3;92,75;-0,05;13515716;105,04;SAT;NEGATIF;SAT;NEGATIF;AZALIYOR;SAT;SAT;UCUZ (AL);0;29.09.2026
SISE;izle;;14,4;1,2;13,2;0,0;10;1;zayif;20,6;40,1;35,7;asagi;guclu;zayif;asagi;0,32;-1,94;2;38,22;-0,42;1047543277;43,09;SAT;NEGATIF;SAT;NEGATIF;AZALIYOR;SAT;SAT;NOTR;0;29.09.2026
BNTAS;izle;;14,3;2,4;9,1;2,7;40;4;zayif;35,9;34,0;17,6;asagi;zayif;zayif;asagi;0,86;-3,25;2;5,34;3,49;14195050;5,89;SAT;NEGATIF;SAT;NEGATIF;ARTIYOR;AL;AL;UCUZ (AL);2;29.09.2026
GEREL;izle;;14,2;5,4;2,9;5,9;0;0;zayif;30,3;28,9;23,3;asagi;zayif;zayif;asagi;0,81;-4,33;2;23,72;-9,95;131784525;32,65;SAT;NEGATIF;SAT;NEGATIF;ARTIYOR;AL;AL;NOTR;2;29.09.2026
PAGYO;izle;;14,1;6,1;7,9;0,0;6;0;zayif;37,5;38,0;26,8;asagi;zayif;zayif;asagi;0,70;-2,63;3;123;3,36;10967418;137,61;SAT;NEGATIF;SAT;NEGATIF;ARTIYOR;AL;AL;NOTR;2;29.09.2026
EKIZ;izle;;14,0;2,4;1,5;10,0;10;0;zayif;45,6;25,7;21,0;asagi;zayif;zayif;asagi;1,40;-5,97;5;42,78;-3,12;994507;51,80;SAT;NEGATIF;SAT;NEGATIF;AZALIYOR;SAT;SAT;UCUZ (AL);0;29.09.2026
LUKSK;izle;;14,0;2,4;4,0;7,5;10;0;zayif;37,9;25,1;14,7;asagi;zayif;zayif;asagi;0,91;-5,10;4;64,5;2,30;4106135;73,74;SAT;NEGATIF;SAT;NEGATIF;AZALIYOR;AL;AL;UCUZ (AL);2;29.09.2026
KMPUR;izle;;13,9;2,4;1,4;10,0;6;0;zayif;40,6;24,2;24,0;asagi;zayif;zayif;asagi;1,68;-4,17;3;13,77;0,66;49464773;17,15;SAT;NEGATIF;SAT;NEGATIF;ARTIYOR;SAT;SAT;NOTR;0;29.09.2026
SOKE;izle;;13,8;2,4;1,4;10,0;10;0;zayif;54,1;8,8;3,8;asagi;zayif;zayif;asagi;3,48;-9,40;5;6,4;-9,09;79300890;8,44;SAT;NEGATIF;SAT;NEGATIF;ARTIYOR;SAT;SAT;UCUZ (AL);0;29.09.2026
ICBCT;izle;;13,8;4,3;5,5;4,0;6;0;zayif;21,9;29,9;31,3;asagi;zayif;zayif;asagi;0,60;-3,81;3;15,95;0,69;11002757;18,25;SAT;NEGATIF;SAT;NEGATIF;AZALIYOR;AL;AL;NOTR;2;29.09.2026
ALFAS;izle;;13,8;2,4;1,4;10,0;10;0;zayif;38,0;17,4;13,5;asagi;zayif;zayif;asagi;1,97;-5,01;5;27,88;-6,00;102489612;36,29;SAT;NEGATIF;SAT;NEGATIF;ARTIYOR;SAT;SAT;UCUZ (AL);0;29.09.2026
ICUGS;izle;;13,8;2,4;4,0;7,3;0;0;zayif;48,8;14,0;14,1;asagi;zayif;zayif;asagi;1,14;-8,35;2;1,56;-4,29;37984042;2,39;SAT;NEGATIF;SAT;NEGATIF;AZALIYOR;AL;SAT;UCUZ (AL);1;29.09.2026
ALGYO;izle;;13,7;2,4;7,3;4,0;32;3;zayif;29,6;30,5;30,7;asagi;zayif;zayif;asagi;0,60;-4,20;1;2,99;-3,24;39748890;3,45;SAT;NEGATIF;SAT;NEGATIF;AZALIYOR;SAT;AL;UCUZ (AL);1;29.09.2026
MERCN;izle;;13,6;2,4;1,2;10,0;10;0;zayif;35,1;23,5;28,6;asagi;zayif;zayif;asagi;1,42;-5,74;4;11,68;-9,95;90525735;15,66;SAT;NEGATIF;SAT;NEGATIF;ARTIYOR;SAT;SAT;NOTR;0;29.09.2026
KRDMA;izle;;13,6;9,3;3,6;0,7;10;1;zayif;26,7;33,6;30,5;asagi;zayif;zayif;asagi;0,74;-2,05;2;40,2;-7,46;280528504;52,14;SAT;NEGATIF;SAT;NEGATIF;ARTIYOR;SAT;SAT;NOTR;0;29.09.2026
ATSYH;izle;;13,6;5,0;6,8;1,8;10;1;zayif;26,5;34,3;17,2;asagi;zayif;zayif;asagi;0,81;-3,98;2;80;4,92;2755360;98,48;SAT;NEGATIF;SAT;NEGATIF;AZALIYOR;SAT;AL;NOTR;1;29.09.2026
A1YEN;izle;;13,6;2,4;4,0;7,1;0;0;zayif;38,7;18,0;38,6;asagi;zayif;zayif;asagi;1,13;-6,37;2;1,58;-3,07;27842307;2,01;SAT;NEGATIF;SAT;NEGATIF;AZALIYOR;AL;AL;UCUZ (AL);2;29.09.2026
CEMZY;izle;;13,4;5,4;0,0;8,0;0;0;zayif;34,0;18,9;46,8;asagi;zayif;zayif;asagi;0,18;-5,74;0;6,26;-9,93;22320606;9,66;SAT;NEGATIF;SAT;NEGATIF;AZALIYOR;SAT;SAT;NOTR;0;29.09.2026
ALKLC;izle;;13,4;5,4;0,0;8,0;10;1;zayif;60,3;14,5;94,3;asagi;zayif;zayif;asagi;0,00;-8,50;0;181,7;-9,96;117015;258,86;SAT;NEGATIF;SAT;NEGATIF;AZALIYOR;SAT;AL;NOTR;1;29.09.2026
ODINE;izle;;13,4;5,4;8,0;0,0;0;0;zayif;49,9;14,6;-0,0;asagi;zayif;zayif;asagi;0,07;-10,98;0;221,6;-9,99;392454;456,26;AL;NEGATIF;SAT;NEGATIF;AZALIYOR;AL;AL;NOTR;3;29.09.2026
DSTKF;izle;;13,4;5,4;0,0;8,0;22;2;zayif;31,2;21,5;66,9;asagi;zayif;zayif;asagi;0,00;-6,89;0;951,5;-9,98;179834;1433,41;SAT;NEGATIF;SAT;NEGATIF;AZALIYOR;SAT;AL;NOTR;1;29.09.2026
ISBTR;izle;;13,4;5,4;0,0;7,9;42;3;zayif;30,7;22,4;18,1;asagi;zayif;zayif;asagi;1,18;-6,20;4;408500;0,12;2042500;439032,48;SAT;NEGATIF;SAT;NEGATIF;AZALIYOR;SAT;SAT;NOTR;0;29.09.2026
MNDRS;izle;;13,4;2,2;5,7;5,5;10;0;zayif;27,9;27,6;20,3;asagi;zayif;zayif;asagi;1,03;-4,04;5;9,23;-0,43;25155184;10,41;SAT;NEGATIF;SAT;NEGATIF;AZALIYOR;SAT;SAT;UCUZ (AL);0;29.09.2026
KOPOL;izle;;13,4;2,4;4,0;6,9;10;0;zayif;41,5;13,7;4,4;asagi;zayif;zayif;asagi;1,12;-7,34;5;3,12;-4,59;34110960;3,89;SAT;NEGATIF;SAT;NEGATIF;AZALIYOR;AL;SAT;UCUZ (AL);1;29.09.2026
OBASE;izle;;13,4;2,4;0,9;10,0;10;0;zayif;34,8;23,2;8,4;asagi;zayif;zayif;asagi;1,81;-5,18;5;24,94;-9,96;17666698;31,98;SAT;NEGATIF;SAT;NEGATIF;ARTIYOR;AL;AL;NOTR;2;29.09.2026
BASCM;izle;;13,4;2,4;4,0;6,9;16;1;zayif;36,0;24,6;9,0;asagi;zayif;zayif;asagi;1,11;-6,79;3;10,78;0,19;1177661;11,70;SAT;NEGATIF;SAT;NEGATIF;AZALIYOR;AL;SAT;UCUZ (AL);1;29.09.2026
TGSAS;izle;;13,3;5,4;4,0;3,9;6;0;zayif;33,2;21,7;11,5;asagi;zayif;zayif;asagi;0,93;-5,69;3;86,7;-9,97;47599340;137,58;SAT;NEGATIF;SAT;NEGATIF;AZALIYOR;SAT;AL;UCUZ (AL);1;29.09.2026
TRILC;izle;;13,3;2,4;0,9;10,0;10;0;zayif;53,0;18,7;22,8;asagi;zayif;zayif;asagi;1,58;-10,55;4;0,8;-8,05;4190277;0,90;SAT;NEGATIF;SAT;NEGATIF;ARTIYOR;SAT;SAT;UCUZ (AL);0;29.09.2026
ALCAR;izle;;13,3;0,7;4,6;8,0;10;0;zayif;17,1;31,5;53,7;asagi;zayif;zayif;asagi;0,54;-2,97;4;603;-3,29;16625313;716,35;SAT;NEGATIF;NOTR;NEGATIF;AZALIYOR;SAT;SAT;UCUZ (AL);0;29.09.2026
ULUUN;izle;;13,3;2,4;0,8;10,0;10;0;zayif;36,4;23,5;12,1;asagi;zayif;zayif;asagi;2,49;-5,36;4;5,88;-8,41;113801008;7,27;SAT;NEGATIF;SAT;NEGATIF;ARTIYOR;SAT;SAT;NOTR;0;29.09.2026
TATGD;izle;;13,3;3,6;9,6;0,0;0;0;zayif;16,5;35,0;19,8;asagi;guclu;zayif;asagi;0,52;-2,61;2;15,95;-0,62;15810549;17,85;SAT;NEGATIF;NOTR;NEGATIF;AZALIYOR;SAT;SAT;NOTR;0;29.09.2026
ULUSE;izle;;13,2;2,4;0,8;10,0;10;0;zayif;49,4;13,5;34,5;asagi;zayif;zayif;asagi;1,32;-6,88;4;141,3;-9,25;34039311;188,32;SAT;NEGATIF;SAT;NEGATIF;ARTIYOR;SAT;SAT;NOTR;0;29.09.2026
BORSK;izle;;13,1;2,4;10,7;0,0;6;0;zayif;33,1;32,9;14,0;asagi;guclu;zayif;asagi;0,25;-2,09;3;5,45;-1,45;15234985;6,40;SAT;NEGATIF;SAT;NEGATIF;AZALIYOR;SAT;SAT;NOTR;0;29.09.2026
USHOL;izle;;13,0;5,4;3,7;4,0;6;0;zayif;29,6;30,1;39,9;asagi;zayif;zayif;asagi;0,94;-3,40;3;53,8;-9,96;29813808;74,24;SAT;NEGATIF;SAT;NEGATIF;ARTIYOR;SAT;SAT;NOTR;0;29.09.2026
HUBVC;izle;;13,0;2,4;4,0;6,5;6;0;zayif;45,7;17,6;5,4;asagi;zayif;zayif;asagi;1,09;-5,49;3;1,52;4,11;4188372;1,95;SAT;NEGATIF;SAT;NEGATIF;ARTIYOR;AL;AL;UCUZ (AL);2;29.09.2026
MEGAP;izle;;13,0;2,4;0,5;10,0;10;0;zayif;50,5;20,0;12,2;asagi;zayif;zayif;asagi;1,37;-8,08;6;1,25;-6,02;1180958;1,46;SAT;NEGATIF;SAT;NEGATIF;ARTIYOR;AL;SAT;UCUZ (AL);1;28.09.2026
IHEVA;izle;;12,9;2,1;6,8;4,0;6;0;zayif;27,7;33,2;40,7;asagi;zayif;zayif;asagi;0,48;-3,22;3;1,63;3,82;1433473;1,89;SAT;NEGATIF;SAT;NEGATIF;ARTIYOR;AL;AL;UCUZ (AL);2;29.09.2026
RTALB;izle;;12,9;1,7;4,0;7,2;40;4;zayif;24,5;20,1;6,0;asagi;zayif;zayif;asagi;1,13;-5,57;1;1,88;-2,08;52344592;2,43;SAT;NEGATIF;SAT;NEGATIF;AZALIYOR;AL;AL;UCUZ (AL);2;29.09.2026
VKFYO;izle;;12,9;0,9;6,7;5,3;32;3;zayif;18,7;33,9;25,3;asagi;zayif;zayif;asagi;0,78;-3,72;2;18;-0,61;2465964;21,48;SAT;NEGATIF;NOTR;NEGATIF;AZALIYOR;AL;AL;UCUZ (AL);2;29.09.2026
KLNMA;izle;;12,8;1,4;3,8;7,6;10;0;zayif;22,5;25,0;17,9;asagi;guclu;zayif;asagi;1,16;-6,39;4;7,88;-2,11;1625510;8,40;SAT;NEGATIF;SAT;NEGATIF;ARTIYOR;SAT;SAT;NOTR;0;29.09.2026
NTGAZ;izle;;12,8;1,8;9,2;1,7;10;0;zayif;25,5;31,1;33,1;asagi;guclu;zayif;asagi;0,67;-2,64;4;10,07;-0,79;20654708;11,27;SAT;NEGATIF;SAT;NEGATIF;AZALIYOR;SAT;SAT;NOTR;0;29.09.2026
YYLGD;izle;;12,7;2,4;0,3;10,0;6;0;zayif;29,7;20,7;13,7;asagi;zayif;zayif;asagi;3,49;-6,25;3;7,25;-7,41;160619197;8,56;SAT;NEGATIF;SAT;NEGATIF;ARTIYOR;SAT;SAT;UCUZ (AL);0;29.09.2026
REEDR;izle;;12,6;2,4;0,1;10,0;0;0;zayif;33,4;9,2;29,7;asagi;zayif;zayif;asagi;1,91;-7,28;2;3,47;-3,07;160614412;4,31;SAT;NEGATIF;SAT;NEGATIF;ARTIYOR;SAT;AL;UCUZ (AL);1;29.09.2026
ULAS;izle;;12,5;2,4;0,1;10,0;10;0;zayif;33,6;14,2;12,5;asagi;zayif;zayif;asagi;1,39;-5,80;5;14,1;-5,69;4086589;17,96;SAT;NEGATIF;SAT;NEGATIF;ARTIYOR;SAT;SAT;UCUZ (AL);0;29.09.2026
SEYKM;izle;;12,4;2,4;0,0;10,0;10;0;zayif;42,7;11,1;0,0;asagi;zayif;zayif;asagi;1,54;-6,67;6;2,46;-7,87;5778488;3,30;SAT;NEGATIF;SAT;NEGATIF;ARTIYOR;AL;SAT;UCUZ (AL);1;29.09.2026
YBTAS;izle;;12,4;2,4;0,0;10,0;10;0;zayif;60,2;10,6;7,3;asagi;zayif;zayif;asagi;1,88;-9,11;5;9,73;0,21;1377262;10,63;SAT;NEGATIF;SAT;NEGATIF;ARTIYOR;SAT;AL;UCUZ (AL);1;29.09.2026
CASA;izle;;12,4;2,4;0,0;10,0;10;0;zayif;40,6;13,9;8,4;asagi;zayif;zayif;asagi;1,71;-10,12;4;42;-8,85;1451100;50,87;SAT;NEGATIF;SAT;NEGATIF;ARTIYOR;SAT;SAT;UCUZ (AL);0;29.09.2026
IHYAY;izle;;12,4;1,6;6,8;4,0;0;0;zayif;24,0;33,7;44,7;asagi;zayif;zayif;asagi;0,45;-3,55;2;1,03;0,00;1560092;1,20;SAT;NEGATIF;SAT;NEGATIF;AZALIYOR;SAT;AL;UCUZ (AL);1;29.09.2026
ATEKS;izle;;12,4;2,4;6,0;4,0;0;0;zayif;33,0;35,1;37,0;asagi;zayif;zayif;asagi;0,69;-3,84;2;81,75;-0,73;543719;95,05;SAT;NEGATIF;SAT;NEGATIF;AZALIYOR;SAT;SAT;NOTR;0;29.09.2026
TKNSA;izle;;12,3;2,3;1,3;8,6;10;0;zayif;29,3;25,1;13,4;asagi;zayif;zayif;asagi;1,22;-4,38;4;13,35;-1,48;53929581;15,85;SAT;NEGATIF;SAT;NEGATIF;AZALIYOR;SAT;SAT;UCUZ (AL);0;29.09.2026
ERSU;izle;;12,2;2,4;4,0;5,7;16;1;zayif;33,4;13,4;-0,0;asagi;zayif;zayif;asagi;1,04;-6,60;3;11,79;-9,93;6197979;16,65;SAT;NEGATIF;SAT;NEGATIF;AZALIYOR;AL;SAT;UCUZ (AL);1;29.09.2026
KRONT;izle;;12,0;5,3;6,6;0,0;6;0;zayif;29,1;33,8;23,2;asagi;zayif;zayif;asagi;0,59;-2,68;3;18,37;1,49;15722203;22,44;SAT;NEGATIF;SAT;NEGATIF;AZALIYOR;SAT;SAT;NOTR;0;29.09.2026
OTKAR;izle;;11,9;0,4;11,6;0,0;6;0;zayif;14,8;35,7;40,6;asagi;guclu;zayif;asagi;0,67;-2,56;3;287,25;-3,77;63688496;329,71;SAT;NEGATIF;NOTR;NEGATIF;ARTIYOR;SAT;SAT;UCUZ (AL);0;29.09.2026
BANVT;izle;;11,9;1,0;6,3;4,6;0;0;zayif;19,6;27,8;47,1;asagi;zayif;zayif;asagi;0,98;-3,63;2;130,2;2,20;14692679;145,32;SAT;NEGATIF;NOTR;NEGATIF;ARTIYOR;AL;AL;UCUZ (AL);2;29.09.2026
EMNIS;izle;;11,9;1,3;0,6;10,0;0;0;zayif;21,3;25,5;23,8;asagi;zayif;zayif;asagi;1,62;-6,04;2;117,5;-9,96;1354188;141,53;SAT;NEGATIF;SAT;NEGATIF;ARTIYOR;SAT;SAT;UCUZ (AL);0;29.09.2026
TBORG;izle;;11,9;1,4;10,5;0,0;10;0;zayif;22,1;33,1;26,7;asagi;guclu;zayif;asagi;0,56;-2,67;4;123;-1,28;12656454;138,25;SAT;NEGATIF;SAT;NEGATIF;AZALIYOR;SAT;SAT;UCUZ (AL);0;29.09.2026
SEGYO;izle;;11,8;2,4;5,3;4,0;10;0;zayif;41,9;29,4;34,1;asagi;zayif;zayif;asagi;0,32;-5,21;4;2,77;-2,12;3828580;3,22;SAT;NEGATIF;SAT;NEGATIF;AZALIYOR;AL;AL;UCUZ (AL);2;29.09.2026
SKBNK;izle;;11,7;2,4;9,3;0,0;20;1;zayif;30,3;29,3;36,3;asagi;zayif;zayif;asagi;0,37;-7,66;4;5,19;0,97;223264743;6,00;AL;NEGATIF;SAT;NEGATIF;AZALIYOR;SAT;AL;NOTR;2;29.09.2026
HDFGS;izle;;11,6;2,4;4,0;5,2;22;2;zayif;44,6;8,2;0,0;asagi;zayif;zayif;asagi;1,01;-9,39;0;0,89;-9,18;36556859;1,32;SAT;NEGATIF;SAT;NEGATIF;AZALIYOR;AL;AL;UCUZ (AL);2;29.09.2026
ISMEN;izle;;11,6;1,3;9,1;1,2;6;0;zayif;21,3;34,8;20,7;asagi;guclu;zayif;asagi;0,51;-2,82;3;30,8;-2,16;115190460;34,83;SAT;NEGATIF;SAT;NEGATIF;AZALIYOR;SAT;SAT;UCUZ (AL);0;29.09.2026
MOPAS;izle;;11,6;2,4;4,0;5,1;10;0;zayif;53,0;12,0;0,0;asagi;zayif;zayif;asagi;1,01;-7,24;4;18,55;0,27;36565445;21,60;SAT;NEGATIF;SAT;NEGATIF;AZALIYOR;AL;AL;UCUZ (AL);2;29.09.2026
ZOREN;izle;;11,5;2,4;1,1;8,0;10;0;zayif;35,3;27,3;29,8;asagi;zayif;zayif;asagi;0,37;-3,63;4;1,95;-1,02;76486416;2,31;SAT;NEGATIF;SAT;NEGATIF;AZALIYOR;SAT;SAT;UCUZ (AL);0;29.09.2026
ASTOR;izle;;11,4;5,4;2,0;4,0;32;3;zayif;36,0;26,6;39,6;asagi;zayif;zayif;asagi;0,01;-4,46;1;211,7;-9,99;87149904;263,61;SAT;NEGATIF;SAT;NEGATIF;ARTIYOR;SAT;SAT;NOTR;0;29.09.2026
EDIP;izle;;11,4;1,3;2,2;7,9;46;5;zayif;21,6;27,5;30,8;asagi;zayif;zayif;asagi;1,17;-3,65;3;28,22;-6,37;35171969;34,35;SAT;NEGATIF;SAT;NEGATIF;ARTIYOR;SAT;SAT;NOTR;0;29.09.2026
IHGZT;izle;;11,3;1,5;1,8;8,0;6;0;zayif;23,0;27,8;53,2;asagi;zayif;zayif;asagi;0,26;-3,77;3;0,97;-1,02;8457657;1,13;SAT;NEGATIF;SAT;NEGATIF;AZALIYOR;SAT;SAT;UCUZ (AL);0;29.09.2026
ANSGR;izle;;11,3;4,9;5,8;0,6;0;0;zayif;25,7;27,8;46,7;asagi;guclu;zayif;asagi;0,61;-3,39;2;24,08;-0,50;54505826;26,46;SAT;NEGATIF;SAT;NEGATIF;AZALIYOR;SAT;SAT;NOTR;0;29.09.2026
KBORU;izle;;11,2;2,4;4,6;4,2;0;0;zayif;39,2;26,9;41,2;asagi;zayif;zayif;asagi;0,95;-5,14;2;11,36;-4,94;147345448;15,54;SAT;NEGATIF;SAT;NEGATIF;AZALIYOR;AL;SAT;NOTR;1;29.09.2026
SODSN;izle;;11,2;2,4;4,8;4,0;0;0;zayif;50,0;27,5;17,1;asagi;zayif;zayif;asagi;0,68;-5,62;2;5,99;5,09;348097;6,60;SAT;NEGATIF;SAT;NEGATIF;ARTIYOR;AL;AL;UCUZ (AL);2;29.09.2026
KENT;izle;;11,1;2,4;4,0;4,6;6;0;zayif;40,8;23,0;5,8;asagi;zayif;zayif;asagi;0,98;-5,65;3;272,75;0,46;1175553;307,84;SAT;NEGATIF;SAT;NEGATIF;AZALIYOR;SAT;AL;UCUZ (AL);1;29.09.2026
KLKIM;izle;;11,1;2,4;5,6;3,0;10;0;zayif;30,4;25,1;17,7;asagi;zayif;zayif;asagi;0,88;-4,02;4;22,18;-0,54;28848861;25,07;SAT;NEGATIF;SAT;NEGATIF;ARTIYOR;SAT;SAT;UCUZ (AL);0;29.09.2026
DAGI;izle;;11,0;5,4;4,0;1,6;6;0;zayif;46,7;17,2;5,1;asagi;zayif;zayif;asagi;0,79;-5,50;3;4,81;-4,37;26251499;6,89;SAT;NEGATIF;SAT;NEGATIF;AZALIYOR;SAT;SAT;NOTR;0;29.09.2026
VBTYZ;izle;;11,0;5,4;4,5;1,0;40;5;zayif;33,8;26,6;12,6;asagi;zayif;zayif;asagi;0,76;-3,42;2;24,98;-2,27;30448697;30,96;SAT;NEGATIF;SAT;NEGATIF;AZALIYOR;SAT;SAT;NOTR;0;29.09.2026
ELITE;izle;;10,9;2,4;4,0;4,4;6;0;zayif;46,3;16,7;9,8;asagi;zayif;zayif;asagi;0,96;-6,46;3;19,66;0,05;22070296;23,06;SAT;NEGATIF;SAT;NEGATIF;AZALIYOR;AL;AL;UCUZ (AL);2;29.09.2026
GENIL;izle;;10,9;2,4;4,4;4,0;40;5;zayif;42,7;26,3;18,7;asagi;zayif;zayif;asagi;0,70;-4,43;1;6,5;-1,81;219228029;8,78;SAT;NEGATIF;SAT;NEGATIF;AZALIYOR;SAT;AL;UCUZ (AL);1;29.09.2026
SONME;izle;;10,8;1,5;1,7;7,5;10;0;zayif;23,4;21,7;24,7;asagi;zayif;zayif;asagi;1,15;-2,61;5;111,4;-5,51;4419461;135,64;SAT;NEGATIF;SAT;NEGATIF;ARTIYOR;SAT;SAT;UCUZ (AL);0;29.09.2026
LIDFA;izle;;10,6;1,1;9,5;0,0;0;0;zayif;20,0;36,6;45,6;asagi;zayif;zayif;asagi;0,50;-2,36;2;1,53;0,00;13584833;1,70;SAT;NEGATIF;NOTR;NEGATIF;AZALIYOR;SAT;SAT;NOTR;0;29.09.2026
PETUN;izle;;10,6;2,0;8,6;0,0;42;3;zayif;26,7;34,0;44,3;asagi;guclu;zayif;asagi;0,42;-2,40;4;10,07;-0,69;10818412;11,60;SAT;NEGATIF;SAT;NEGATIF;AZALIYOR;SAT;SAT;NOTR;0;29.09.2026
OYLUM;izle;;10,6;2,4;8,1;0,0;10;0;zayif;34,3;32,0;29,2;asagi;zayif;zayif;asagi;0,68;-2,72;4;6,21;2,31;2028708;6,99;SAT;NEGATIF;SAT;NEGATIF;AZALIYOR;AL;AL;UCUZ (AL);2;29.09.2026
GIPTA;izle;;10,6;2,4;4,0;4,1;0;0;zayif;34,6;21,6;15,9;asagi;zayif;zayif;asagi;0,95;-6,10;0;30,14;-8,67;134972827;47,49;SAT;NEGATIF;SAT;NEGATIF;AZALIYOR;AL;AL;UCUZ (AL);2;29.09.2026
CWENE;izle;;10,5;2,4;2,0;6,1;0;0;zayif;31,6;25,6;16,6;asagi;zayif;zayif;asagi;1,07;-5,65;2;20,06;-9,96;887025537;26,51;SAT;NEGATIF;SAT;NEGATIF;ARTIYOR;SAT;SAT;NOTR;0;29.09.2026
BASGZ;izle;;10,5;2,0;7,0;1,5;6;0;zayif;26,5;28,6;29,1;asagi;guclu;zayif;asagi;0,75;-3,08;3;39,3;-1,50;9531508;44,36;SAT;NEGATIF;SAT;NEGATIF;AZALIYOR;SAT;SAT;NOTR;0;29.09.2026
BRMEN;izle;;10,5;5,4;5,0;0,0;0;0;zayif;54,8;28,4;9,4;asagi;zayif;zayif;asagi;0,49;-6,30;1;7,52;9,94;1939942;9,17;SAT;NEGATIF;SAT;NEGATIF;AZALIYOR;AL;AL;NOTR;2;29.09.2026
DOFRB;izle;;10,4;2,4;4,0;4,0;0;0;zayif;38,6;24,7;14,4;asagi;zayif;zayif;asagi;0,47;-5,91;2;76,4;-4,50;134969539;98,05;SAT;NEGATIF;SAT;NEGATIF;AZALIYOR;AL;AL;NOTR;2;29.09.2026
EGEGY;izle;;10,4;2,4;4,0;4,0;40;4;zayif;44,6;24,6;19,8;asagi;zayif;zayif;asagi;0,46;-5,48;1;15,15;0,53;44501474;20,16;SAT;NEGATIF;SAT;NEGATIF;AZALIYOR;AL;SAT;UCUZ (AL);1;29.09.2026
FADE;izle;;10,4;2,4;4,0;4,0;6;0;zayif;35,3;23,1;11,9;asagi;zayif;zayif;asagi;0,60;-5,03;3;11,44;1,42;10608667;13,21;SAT;NEGATIF;SAT;NEGATIF;AZALIYOR;AL;SAT;NOTR;1;29.09.2026
SURGY;izle;;10,4;2,4;8,0;0,0;10;0;zayif;46,2;10,4;16,3;asagi;zayif;zayif;asagi;0,50;-10,05;4;20,26;-1,84;25060729;25,06;AL;NEGATIF;SAT;NEGATIF;AZALIYOR;SAT;SAT;UCUZ (AL);1;29.09.2026
BYDNR;izle;;10,4;2,4;4,0;4,0;0;0;zayif;43,8;19,2;19,4;asagi;zayif;zayif;asagi;0,42;-5,48;1;22,22;0,09;7152107;27,02;SAT;NEGATIF;SAT;NEGATIF;AZALIYOR;AL;AL;NOTR;2;29.09.2026
HEDEF;izle;;10,4;2,4;8,0;0,0;0;0;zayif;52,2;14,6;-0,0;asagi;zayif;zayif;asagi;0,02;-12,96;0;9,27;-10,00;1102954;22,06;AL;NEGATIF;SAT;NEGATIF;AZALIYOR;AL;SAT;UCUZ (AL);2;29.09.2026
MAGEN;izle;;10,4;2,4;0,0;8,0;32;3;zayif;36,0;13,3;17,0;asagi;zayif;zayif;asagi;0,01;-8,83;0;13,05;-10,00;1181169;19,35;SAT;NEGATIF;SAT;NEGATIF;AZALIYOR;SAT;SAT;UCUZ (AL);0;29.09.2026
ALVES;izle;;10,4;2,4;8,0;0,0;0;0;zayif;53,6;12,9;13,4;asagi;zayif;zayif;asagi;0,19;-12,84;1;0,58;-1,69;4366132;0,76;AL;NEGATIF;SAT;NEGATIF;AZALIYOR;AL;SAT;UCUZ (AL);2;29.09.2026
TERA;izle;;10,4;2,4;0,0;8,0;10;1;zayif;40,7;16,0;92,9;asagi;zayif;zayif;asagi;0,00;-8,78;0;78,3;-9,95;355560;111,45;SAT;NEGATIF;SAT;NEGATIF;AZALIYOR;SAT;SAT;UCUZ (AL);0;29.09.2026
BORLS;izle;;10,4;2,4;2,1;5,9;10;0;zayif;55,2;10,2;0,0;asagi;zayif;zayif;asagi;1,05;-8,95;4;1,55;-9,88;56723254;2,26;SAT;NEGATIF;SAT;NEGATIF;AZALIYOR;AL;AL;UCUZ (AL);2;29.09.2026
MACKO;izle;;10,4;2,4;4,0;4,0;0;0;zayif;31,5;20,2;6,8;asagi;zayif;zayif;asagi;0,94;-4,50;2;25,3;0,96;15530835;30,30;SAT;NEGATIF;SAT;NEGATIF;AZALIYOR;SAT;AL;NOTR;1;29.09.2026
MOGAN;izle;;10,2;5,4;4,8;0,0;22;2;zayif;41,4;27,6;46,4;asagi;zayif;zayif;asagi;0,54;-4,72;1;9,04;-4,84;113963971;11,92;SAT;NEGATIF;SAT;NEGATIF;AZALIYOR;AL;AL;NOTR;2;29.09.2026
POLTK;izle;;10,2;2,0;4,0;4,2;0;0;zayif;26,7;16,2;39,4;asagi;zayif;zayif;asagi;0,71;-5,94;2;2987,5;-0,75;15400563;3567,66;SAT;NEGATIF;SAT;NEGATIF;AZALIYOR;SAT;SAT;UCUZ (AL);0;29.09.2026
GOZDE;izle;;10,2;2,0;8,2;0,0;0;0;zayif;26,4;34,3;37,9;asagi;zayif;zayif;asagi;0,50;-2,75;1;19,48;0,57;13293191;21,88;SAT;NEGATIF;SAT;NEGATIF;AZALIYOR;SAT;AL;NOTR;1;29.09.2026
KORDS;izle;;10,1;5,4;4,6;0,0;6;0;zayif;34,2;27,2;6,6;asagi;zayif;zayif;asagi;0,35;-3,92;3;2,89;-0,69;35667970;3,57;SAT;NEGATIF;SAT;NEGATIF;AZALIYOR;AL;AL;NOTR;2;29.09.2026
IZMDC;izle;;10,0;5,4;4,5;0,0;10;0;zayif;38,7;26,7;25,3;asagi;zayif;zayif;asagi;0,37;-4,82;4;6,69;-0,89;31548254;8,53;SAT;NEGATIF;SAT;NEGATIF;AZALIYOR;SAT;SAT;NOTR;0;29.09.2026
KFEIN;izle;;9,9;2,4;4,0;3,5;10;0;zayif;31,0;21,7;23,2;asagi;zayif;zayif;asagi;0,91;-5,04;4;5,98;-1,81;17847334;7,10;SAT;NEGATIF;SAT;NEGATIF;AZALIYOR;AL;AL;UCUZ (AL);2;29.09.2026
DOAS;izle;;9,9;2,4;6,3;1,1;6;0;zayif;31,6;28,5;25,9;asagi;zayif;zayif;asagi;0,77;-4,36;3;149,8;-0,99;91258759;162,91;SAT;NEGATIF;SAT;NEGATIF;AZALIYOR;SAT;SAT;UCUZ (AL);0;29.09.2026
HATSN;izle;;9,9;5,2;4,6;0,0;0;0;zayif;28,5;27,1;15,5;asagi;zayif;zayif;asagi;0,51;-4,74;1;31,18;-6,59;97517695;46,31;SAT;NEGATIF;SAT;NEGATIF;AZALIYOR;SAT;SAT;NOTR;0;29.09.2026
GOKNR;izle;;9,8;2,0;3,8;4,0;0;0;zayif;26,8;30,0;42,0;asagi;zayif;zayif;asagi;0,52;-4,37;2;14,64;-2,27;35784391;17,75;SAT;NEGATIF;SAT;NEGATIF;AZALIYOR;SAT;SAT;UCUZ (AL);0;29.09.2026
BRKO;izle;;9,8;2,4;5,2;2,1;0;0;zayif;30,5;28,9;11,8;asagi;zayif;zayif;asagi;0,83;-6,06;2;6,79;4,78;3650236;8,46;SAT;NEGATIF;SAT;NEGATIF;AZALIYOR;AL;AL;NOTR;2;29.09.2026
GESAN;izle;;9,7;5,4;4,3;0,0;10;1;zayif;41,2;25,9;22,6;asagi;zayif;zayif;asagi;0,46;-4,79;1;43,48;0,00;453664581;56,59;SAT;NEGATIF;SAT;NEGATIF;AZALIYOR;SAT;SAT;NOTR;0;29.09.2026
PATEK;izle;;9,7;1,5;2,0;6,3;22;2;zayif;22,8;30,9;39,5;asagi;zayif;zayif;asagi;1,08;-3,71;1;12,93;-9,96;479662064;19,09;SAT;NEGATIF;SAT;NEGATIF;AZALIYOR;SAT;SAT;UCUZ (AL);0;29.09.2026
DZGYO;izle;;9,7;1,5;8,2;0,0;10;0;zayif;22,8;35,4;37,6;asagi;guclu;zayif;asagi;0,64;-2,69;4;6,44;-1,23;15682147;7,46;SAT;NEGATIF;SAT;NEGATIF;AZALIYOR;SAT;SAT;NOTR;0;29.09.2026
OBAMS;izle;;9,6;2,1;7,5;0,0;0;0;zayif;27,1;33,4;39,0;asagi;zayif;zayif;asagi;0,55;-3,47;2;4,3;-3,37;66200874;5,07;SAT;NEGATIF;SAT;NEGATIF;AZALIYOR;AL;SAT;UCUZ (AL);1;29.09.2026
KCAER;izle;;9,5;5,4;4,1;0,0;6;0;zayif;48,7;25,2;23,7;asagi;zayif;zayif;asagi;0,52;-4,60;3;10,75;-1,56;71284583;12,67;SAT;NEGATIF;SAT;NEGATIF;AZALIYOR;AL;AL;NOTR;2;29.09.2026
KAREL;izle;;9,5;2,4;4,0;3,0;10;0;zayif;43,0;18,4;11,5;asagi;zayif;zayif;asagi;0,88;-6,11;6;5,64;-2,08;51648148;7,05;SAT;NEGATIF;SAT;NEGATIF;AZALIYOR;AL;SAT;UCUZ (AL);1;29.09.2026
CATES;izle;;9,4;5,4;4,0;0,0;0;0;zayif;44,3;24,4;36,4;asagi;zayif;zayif;asagi;0,33;-4,81;1;31,2;-3,70;30455162;44,03;SAT;NEGATIF;SAT;NEGATIF;AZALIYOR;SAT;AL;NOTR;1;29.09.2026
KTLEV;izle;;9,4;5,4;4,0;0,0;0;0;zayif;49,4;19,5;46,6;asagi;zayif;zayif;asagi;0,01;-8,06;0;10,67;-9,96;14804742;19,62;SAT;NEGATIF;SAT;NEGATIF;AZALIYOR;SAT;SAT;NOTR;0;29.09.2026
KUVVA;izle;;9,4;5,4;0,0;4,0;22;2;zayif;41,8;20,9;29,4;asagi;zayif;zayif;asagi;0,52;-4,65;2;90,75;-9,97;7527531;135,26;SAT;NEGATIF;SAT;NEGATIF;AZALIYOR;SAT;SAT;UCUZ (AL);0;29.09.2026
PKART;izle;;9,4;5,4;4,0;0,0;6;0;zayif;36,6;21,3;8,5;asagi;zayif;zayif;asagi;0,43;-4,83;3;82,05;-3,53;16093615;102,04;SAT;NEGATIF;SAT;NEGATIF;AZALIYOR;AL;SAT;NOTR;1;29.09.2026
MTRKS;izle;;9,4;5,4;4,0;0,0;0;0;zayif;35,0;21,2;15,3;asagi;zayif;zayif;asagi;0,27;-4,05;2;20,82;-5,36;6387056;26,52;SAT;NEGATIF;SAT;NEGATIF;AZALIYOR;SAT;AL;NOTR;1;29.09.2026
RALYH;izle;;9,4;5,4;4,0;0,0;32;3;zayif;39,7;13,7;13,3;asagi;zayif;zayif;asagi;0,00;-8,49;0;94,8;-9,97;399392;139,89;SAT;NEGATIF;SAT;NEGATIF;AZALIYOR;SAT;SAT;UCUZ (AL);0;29.09.2026
INFO;izle;;9,4;5,4;4,0;0,0;0;0;zayif;38,9;18,0;50,5;asagi;zayif;zayif;asagi;0,10;-7,80;1;0,88;-9,28;5874793;1,42;SAT;NEGATIF;SAT;NEGATIF;AZALIYOR;AL;SAT;UCUZ (AL);1;29.09.2026
EDATA;izle;;9,4;5,4;4,0;0,0;0;0;zayif;41,4;10,6;17,6;asagi;zayif;zayif;asagi;0,05;-8,86;1;5,99;-9,92;901938;9,10;SAT;NEGATIF;SAT;NEGATIF;AZALIYOR;AL;SAT;NOTR;1;29.09.2026
PRZMA;izle;;9,4;5,4;4,0;0,0;0;0;zayif;35,9;19,7;0,0;asagi;zayif;zayif;asagi;0,00;-6,63;0;24,44;-9,95;67943;39,95;SAT;NEGATIF;SAT;NEGATIF;AZALIYOR;SAT;SAT;NOTR;0;29.09.2026
SEKUR;izle;;9,4;5,4;4,0;0,0;0;0;zayif;43,3;11,4;12,8;asagi;zayif;zayif;asagi;0,14;-8,98;1;3,2;-9,86;631312;4,90;SAT;NEGATIF;SAT;NEGATIF;AZALIYOR;AL;AL;NOTR;2;29.09.2026
ADGYO;izle;;9,4;4,9;4,5;0,0;0;0;zayif;26,1;34,5;29,5;asagi;zayif;zayif;asagi;0,64;-2,32;2;46,5;-4,32;39673382;57,79;SAT;NEGATIF;SAT;NEGATIF;ARTIYOR;SAT;SAT;NOTR;0;29.09.2026
AVHOL;izle;;9,4;2,4;4,0;2,9;10;0;zayif;45,0;15,4;28,2;asagi;zayif;zayif;asagi;0,88;-5,40;5;24,98;-3,63;30205941;30,43;SAT;NEGATIF;SAT;NEGATIF;AZALIYOR;AL;SAT;UCUZ (AL);1;29.09.2026
TARKM;izle;;9,3;5,1;4,2;0,0;10;0;zayif;27,6;25,6;18,4;asagi;zayif;zayif;asagi;0,68;-3,94;5;366,5;-3,04;41199365;451,67;SAT;NEGATIF;SAT;NEGATIF;AZALIYOR;SAT;AL;NOTR;1;29.09.2026
GSDHO;izle;;9,1;1,7;5,2;2,3;10;0;zayif;24,3;32,4;44,7;asagi;zayif;zayif;asagi;0,84;-3,18;4;3,99;-3,16;43795050;4,70;SAT;NEGATIF;SAT;NEGATIF;AZALIYOR;AL;AL;NOTR;2;29.09.2026
CEMTS;izle;;9,1;2,4;6,7;0,0;10;0;zayif;33,9;29,2;21,6;asagi;zayif;zayif;asagi;0,52;-3,55;4;7,69;-2,41;7265727;8,58;SAT;NEGATIF;SAT;NEGATIF;AZALIYOR;SAT;SAT;UCUZ (AL);0;29.09.2026
MRSHL;izle;;9,0;0,5;4,9;3,5;6;0;zayif;16,0;33,1;29,4;asagi;zayif;zayif;asagi;0,91;-2,50;3;1382;-0,93;47893210;1710,30;SAT;NEGATIF;NOTR;NEGATIF;AZALIYOR;SAT;SAT;NOTR;0;29.09.2026
GWIND;izle;;9,0;2,1;6,9;0,0;6;0;zayif;27,3;31,6;23,4;asagi;zayif;zayif;asagi;0,44;-4,02;3;20,24;-0,78;26006639;22,36;SAT;NEGATIF;SAT;NEGATIF;AZALIYOR;SAT;SAT;NOTR;0;29.09.2026
BOBET;izle;;8,9;2,4;6,5;0,0;32;2;zayif;34,8;33,3;22,2;asagi;zayif;zayif;asagi;0,29;-2,79;4;16,03;0,56;29707630;19,46;SAT;NEGATIF;SAT;NEGATIF;AZALIYOR;SAT;AL;UCUZ (AL);1;29.09.2026
GATEG;izle;;8,8;2,4;6,3;0,0;0;0;zayif;33,1;32,8;57,9;asagi;zayif;zayif;asagi;0,10;-5,26;0;175,3;-9,96;762555;213,50;SAT;NEGATIF;SAT;NEGATIF;ARTIYOR;AL;AL;UCUZ (AL);2;29.09.2026
MRGYO;izle;;8,8;2,4;6,3;0,0;0;0;zayif;36,2;32,7;67,3;asagi;zayif;zayif;asagi;0,68;-3,36;0;1,05;3,96;127579770;1,48;SAT;NEGATIF;SAT;NEGATIF;AZALIYOR;SAT;AL;UCUZ (AL);1;29.09.2026
ESCOM;izle;;8,8;5,4;3,3;0,0;0;0;zayif;32,6;29,8;22,3;asagi;zayif;zayif;asagi;0,48;-3,80;2;4,24;-2,30;32479799;5,05;SAT;NEGATIF;SAT;NEGATIF;AZALIYOR;SAT;SAT;NOTR;0;29.09.2026
PENTA;izle;;8,5;2,4;4,0;2,1;42;3;zayif;31,7;16,4;14,2;asagi;zayif;zayif;asagi;0,83;-6,11;6;9,73;0,41;14256727;11,03;SAT;NEGATIF;SAT;NEGATIF;AZALIYOR;SAT;AL;UCUZ (AL);1;29.09.2026
QNBTR;izle;;8,5;2,4;6,1;0,0;0;0;zayif;62,0;28,5;31,7;asagi;zayif;zayif;asagi;0,36;-7,45;2;159,8;1,91;759370;170,97;SAT;NEGATIF;SAT;NEGATIF;ARTIYOR;AL;SAT;UCUZ (AL);1;29.09.2026
GSDDE;izle;;8,5;3,4;5,1;0,0;6;0;zayif;15,3;34,2;33,1;asagi;zayif;zayif;asagi;0,64;-2,32;3;11,17;-3,54;27854998;13,73;SAT;NEGATIF;NOTR;NEGATIF;AZALIYOR;SAT;SAT;NOTR;0;29.09.2026
AZTEK;izle;;8,4;2,4;5,9;0,0;10;1;zayif;32,2;35,9;49,0;asagi;zayif;zayif;asagi;0,21;-2,89;1;3,16;-2,47;5682498;4,05;SAT;NEGATIF;SAT;NEGATIF;AZALIYOR;SAT;SAT;NOTR;0;29.09.2026
MTRYO;izle;;8,3;1,5;6,8;0,0;6;0;zayif;22,9;33,7;57,4;asagi;zayif;zayif;asagi;0,12;-2,15;3;7,73;-1,90;270086;9,34;SAT;NEGATIF;SAT;NEGATIF;ARTIYOR;SAT;SAT;UCUZ (AL);0;29.09.2026
KONTR;izle;;8,3;2,4;0,6;5,3;0;0;zayif;51,1;22,7;23,0;asagi;zayif;zayif;asagi;1,02;-9,46;2;2,04;-7,27;11250163;2,55;SAT;NEGATIF;SAT;NEGATIF;AZALIYOR;AL;SAT;UCUZ (AL);1;29.09.2026
PRDGS;izle;;8,2;2,4;4,0;1,8;0;0;zayif;43,8;16,6;2,7;asagi;zayif;zayif;asagi;0,81;-6,63;1;3,85;-4,70;15834961;4,99;SAT;NEGATIF;SAT;NEGATIF;ARTIYOR;AL;AL;UCUZ (AL);2;29.09.2026
QNBFK;izle;;8,1;2,4;5,7;0,0;6;0;zayif;36,1;30,7;23,6;asagi;zayif;zayif;asagi;0,62;-4,31;3;35,66;1,42;545063;39,32;SAT;NEGATIF;SAT;NEGATIF;AZALIYOR;AL;SAT;NOTR;1;29.09.2026
SMRVA;izle;;8,1;2,4;4,0;1,7;6;0;zayif;33,9;17,0;6,5;asagi;zayif;zayif;asagi;0,80;-7,14;3;6,74;-5,60;35974076;8,49;SAT;NEGATIF;SAT;NEGATIF;AZALIYOR;AL;SAT;UCUZ (AL);1;29.09.2026
LKMNH;izle;;8,0;2,4;5,5;0,0;16;1;zayif;40,0;34,7;64,7;asagi;zayif;zayif;asagi;0,65;-3,21;3;11,39;-0,35;21120602;13,42;SAT;NEGATIF;SAT;NEGATIF;ARTIYOR;SAT;AL;UCUZ (AL);1;29.09.2026
TATEN;izle;;8,0;2,4;4,0;1,5;0;0;zayif;41,9;19,2;32,8;asagi;zayif;zayif;asagi;0,79;-7,78;2;4,53;-1,09;70002538;5,87;SAT;NEGATIF;SAT;NEGATIF;AZALIYOR;AL;AL;UCUZ (AL);2;29.09.2026
KSTUR;izle;;8,0;2,4;2,7;2,8;0;0;zayif;35,1;29,2;45,8;asagi;zayif;zayif;asagi;0,87;-4,93;2;1869;2,58;1371846;2165,39;SAT;NEGATIF;SAT;NEGATIF;AZALIYOR;SAT;SAT;UCUZ (AL);0;29.09.2026
BURCE;izle;;8,0;2,2;1,8;4,0;10;1;zayif;28,2;23,2;12,4;asagi;zayif;zayif;asagi;0,38;-5,02;1;24,8;-2,13;13443237;30,27;SAT;NEGATIF;SAT;NEGATIF;AZALIYOR;SAT;SAT;UCUZ (AL);0;29.09.2026
A1CAP;izle;;8,0;2,4;4,0;1,5;6;0;zayif;58,8;16,8;40,3;asagi;zayif;zayif;asagi;0,79;-7,35;3;4,26;-4,48;32880951;5,66;SAT;NEGATIF;SAT;NEGATIF;AZALIYOR;AL;AL;UCUZ (AL);2;29.09.2026
MARMR;izle;;7,9;2,4;5,5;0,0;10;0;zayif;42,0;29,9;7,9;asagi;zayif;zayif;asagi;0,40;-4,52;4;1,58;9,72;28721889;1,79;SAT;NEGATIF;SAT;NEGATIF;ARTIYOR;AL;AL;NOTR;2;29.09.2026
VKING;izle;;7,9;2,4;1,4;4,0;10;0;zayif;46,2;20,3;31,7;asagi;zayif;zayif;asagi;0,94;-4,95;5;15,07;-7,43;5003722;19,41;SAT;NEGATIF;SAT;NEGATIF;ARTIYOR;AL;AL;UCUZ (AL);2;29.09.2026
EUREN;izle;;7,9;2,4;4,0;1,4;32;2;zayif;35,9;21,5;8,8;asagi;zayif;zayif;asagi;0,78;-5,96;5;2,88;0,00;54626201;3,31;SAT;NEGATIF;SAT;NEGATIF;AZALIYOR;SAT;SAT;UCUZ (AL);0;29.09.2026
FORTE;izle;;7,8;4,5;3,3;0,0;6;0;zayif;23,0;31,1;29,5;asagi;zayif;zayif;asagi;0,47;-2,80;3;89,65;-2,55;53080510;110,62;SAT;NEGATIF;SAT;NEGATIF;AZALIYOR;SAT;SAT;NOTR;0;29.09.2026
SUNTK;izle;;7,7;2,4;5,3;0,0;6;0;zayif;36,6;29,2;18,9;asagi;zayif;zayif;asagi;0,68;-3,50;3;25,5;1,03;15268125;31,64;SAT;NEGATIF;SAT;NEGATIF;AZALIYOR;AL;AL;UCUZ (AL);2;29.09.2026
SNGYO;izle;;7,7;1,8;5,9;0,0;6;0;zayif;25,1;30,7;18,8;asagi;zayif;zayif;asagi;0,53;-3,48;3;2,66;1,14;45341902;3,07;SAT;NEGATIF;SAT;NEGATIF;AZALIYOR;SAT;SAT;UCUZ (AL);0;29.09.2026
GLRYH;izle;;7,7;2,4;4,0;1,2;6;0;zayif;38,2;18,2;7,7;asagi;zayif;zayif;asagi;0,77;-6,59;3;1,72;-2,27;13725772;2,22;SAT;NEGATIF;SAT;NEGATIF;AZALIYOR;AL;SAT;UCUZ (AL);1;29.09.2026
YUNSA;izle;;7,7;2,4;5,2;0,0;0;0;zayif;43,2;29,1;29,3;asagi;zayif;zayif;asagi;0,49;-5,01;2;6,32;-0,32;15545753;7,30;SAT;NEGATIF;SAT;NEGATIF;AZALIYOR;AL;AL;NOTR;2;29.09.2026
AKFYE;izle;;7,7;3,2;4,4;0,0;6;0;zayif;13,6;34,3;44,8;asagi;zayif;zayif;asagi;0,33;-2,23;3;3,26;-2,10;75093800;4,09;SAT;NEGATIF;NOTR;NEGATIF;AZALIYOR;SAT;SAT;NOTR;0;29.09.2026
FRIGO;izle;;7,6;2,4;4,0;1,2;0;0;zayif;34,8;20,2;5,3;asagi;zayif;zayif;asagi;0,77;-5,01;2;1,42;-1,39;32826521;1,84;SAT;NEGATIF;SAT;NEGATIF;AZALIYOR;SAT;AL;UCUZ (AL);1;29.09.2026
BESLR;izle;;7,6;2,0;4,9;0,7;6;0;zayif;26,7;30,7;27,7;asagi;zayif;zayif;asagi;0,74;-3,77;3;10,99;-0,45;18818584;12,37;SAT;NEGATIF;SAT;NEGATIF;AZALIYOR;SAT;SAT;NOTR;0;29.09.2026
YATAS;izle;;7,6;2,4;5,1;0,0;6;0;zayif;45,1;28,7;22,2;asagi;zayif;zayif;asagi;0,46;-5,05;3;26,1;-0,53;10807070;29,13;SAT;NEGATIF;SAT;NEGATIF;AZALIYOR;AL;SAT;UCUZ (AL);1;29.09.2026
SANEL;izle;;7,5;4,8;2,8;0,0;0;0;zayif;25,0;25,5;32,4;asagi;zayif;zayif;asagi;0,54;-4,09;1;35,12;-7,77;6976483;48,96;SAT;NEGATIF;SAT;NEGATIF;ARTIYOR;SAT;SAT;NOTR;0;29.09.2026
DESPC;izle;;7,4;2,4;5,0;0,0;0;0;zayif;33,7;28,2;24,9;asagi;zayif;zayif;asagi;0,35;-4,09;2;29,6;-2,89;5014151;36,65;SAT;NEGATIF;SAT;NEGATIF;AZALIYOR;AL;AL;UCUZ (AL);2;29.09.2026
GRNYO;izle;;7,4;2,4;4,0;0,9;0;0;zayif;37,7;21,5;35,7;asagi;zayif;zayif;asagi;0,76;-6,88;2;7,09;-2,74;3480843;9,41;SAT;NEGATIF;SAT;NEGATIF;AZALIYOR;SAT;SAT;UCUZ (AL);0;29.09.2026
CEMAS;izle;;7,3;2,1;5,2;0,0;10;0;zayif;27,6;29,1;23,9;asagi;zayif;zayif;asagi;0,51;-4,35;4;3,14;-1,88;16633462;3,75;SAT;NEGATIF;SAT;NEGATIF;AZALIYOR;SAT;SAT;NOTR;0;29.09.2026
OYYAT;izle;;7,3;1,4;5,9;0,0;0;0;zayif;21,9;31,5;46,2;asagi;zayif;zayif;asagi;0,62;-3,45;1;28,1;-0,92;16621853;32,28;SAT;NEGATIF;SAT;NEGATIF;AZALIYOR;SAT;SAT;UCUZ (AL);0;29.09.2026
OZGYO;izle;;7,2;2,4;4,0;0,8;10;0;zayif;35,2;23,7;24,3;asagi;zayif;zayif;asagi;0,75;-4,64;4;1,58;-1,86;15216293;1,84;SAT;NEGATIF;SAT;NEGATIF;AZALIYOR;AL;AL;NOTR;2;29.09.2026
KLSER;izle;;7,2;2,4;4,0;0,7;10;0;zayif;33,3;21,2;6,3;asagi;zayif;zayif;asagi;0,74;-6,33;4;18,95;0,58;14265977;20,92;SAT;NEGATIF;SAT;NEGATIF;AZALIYOR;AL;SAT;UCUZ (AL);1;29.09.2026
KZGYO;izle;;7,1;2,4;4,7;0,0;0;0;zayif;34,2;27,3;48,1;asagi;zayif;zayif;asagi;0,17;-4,40;0;13,9;-5,44;13915095;19,26;SAT;NEGATIF;SAT;NEGATIF;AZALIYOR;SAT;AL;UCUZ (AL);1;29.09.2026
TLMAN;izle;;7,1;2,4;4,0;0,7;10;0;zayif;29,7;19,1;5,8;asagi;zayif;zayif;asagi;0,74;-5,12;6;61,15;-0,41;6170463;70,50;SAT;NEGATIF;SAT;NEGATIF;AZALIYOR;SAT;SAT;UCUZ (AL);0;29.09.2026
ASUZU;izle;;7,1;1,3;5,9;0,0;6;0;zayif;21,4;30,3;54,2;asagi;zayif;zayif;asagi;0,41;-3,76;3;42,06;0,00;6411542;47,53;SAT;NEGATIF;SAT;NEGATIF;AZALIYOR;SAT;SAT;UCUZ (AL);0;29.09.2026
HOROZ;izle;;7,1;1,8;4,8;0,5;10;0;zayif;25,2;27,7;29,9;asagi;zayif;zayif;asagi;0,73;-4,11;4;43,8;-0,68;30665738;53,26;SAT;NEGATIF;SAT;NEGATIF;AZALIYOR;SAT;AL;UCUZ (AL);1;29.09.2026
ANGEN;izle;;7,1;0,9;4,8;1,4;50;4;zayif;18,4;27,7;19,1;asagi;zayif;zayif;asagi;0,79;-4,42;4;6,9;2,37;13903804;8,23;SAT;NEGATIF;NOTR;NEGATIF;AZALIYOR;SAT;AL;UCUZ (AL);1;29.09.2026
SAYAS;izle;;7,0;5,4;1,7;0,0;0;0;zayif;29,5;27,2;15,2;asagi;zayif;zayif;asagi;0,56;-3,66;2;40,6;-4,92;36665292;49,85;SAT;NEGATIF;SAT;NEGATIF;AZALIYOR;SAT;SAT;NOTR;0;29.09.2026
SUMAS;izle;;7,0;2,4;4,0;0,6;0;0;zayif;40,3;22,5;25,5;asagi;zayif;zayif;asagi;0,74;-7,58;2;204;-2,90;449616;230,25;SAT;NEGATIF;SAT;NEGATIF;AZALIYOR;AL;AL;UCUZ (AL);2;29.09.2026
INTEM;izle;;7,0;2,4;1,5;3,1;0;0;zayif;30,5;24,8;14,1;asagi;zayif;zayif;asagi;0,89;-3,88;2;198,5;0,05;8358637;231,48;SAT;NEGATIF;SAT;NEGATIF;AZALIYOR;SAT;SAT;NOTR;0;29.09.2026
DGNMO;izle;;6,9;2,4;4,0;0,5;0;0;zayif;56,0;12,3;0,0;asagi;zayif;zayif;asagi;0,73;-6,60;2;3,94;-4,14;8573007;5,32;SAT;NEGATIF;SAT;NEGATIF;AZALIYOR;SAT;AL;NOTR;1;29.09.2026
RAYSG;izle;;6,9;2,4;4,5;0,0;6;0;zayif;33,1;26,6;15,7;asagi;zayif;zayif;asagi;0,56;-4,52;3;124,8;-0,08;9125376;143,86;SAT;NEGATIF;SAT;NEGATIF;ARTIYOR;SAT;SAT;UCUZ (AL);0;29.09.2026
MHRGY;izle;;6,9;2,4;4,4;0,0;28;2;zayif;32,3;26,5;18,7;asagi;zayif;zayif;asagi;0,42;-4,10;3;1,77;0,57;5654343;2,03;SAT;NEGATIF;SAT;NEGATIF;AZALIYOR;SAT;AL;UCUZ (AL);1;29.09.2026
BVSAN;izle;;6,9;1,9;5,0;0,0;0;0;zayif;26,0;28,3;32,9;asagi;zayif;zayif;asagi;0,25;-4,52;2;73,25;-1,61;29769093;94,85;SAT;NEGATIF;SAT;NEGATIF;AZALIYOR;SAT;AL;NOTR;1;29.09.2026
RNPOL;izle;;6,8;2,4;4,4;0,0;28;2;zayif;34,3;32,8;16,7;asagi;zayif;zayif;asagi;0,61;-2,84;3;1,85;-4,64;3976261;2,33;SAT;NEGATIF;SAT;NEGATIF;AZALIYOR;SAT;SAT;NOTR;0;29.09.2026
JANTS;izle;;6,8;2,3;4,5;0,0;10;0;zayif;28,9;30,3;13,2;asagi;zayif;zayif;asagi;0,35;-3,08;4;13,31;-2,42;19859478;15,56;SAT;NEGATIF;SAT;NEGATIF;AZALIYOR;SAT;SAT;UCUZ (AL);0;29.09.2026
ENDAE;izle;;6,8;5,2;1,6;0,0;22;2;zayif;28,3;23,9;30,7;asagi;zayif;zayif;asagi;0,68;-3,54;2;13,47;-4,13;28194070;16,21;SAT;NEGATIF;SAT;NEGATIF;AZALIYOR;SAT;SAT;NOTR;0;29.09.2026
SUWEN;izle;;6,8;2,0;4,7;0,0;10;1;zayif;26,9;27,5;31,7;asagi;zayif;zayif;asagi;0,14;-3,28;2;4,99;0,60;5855620;6,27;SAT;NEGATIF;SAT;NEGATIF;AZALIYOR;SAT;AL;UCUZ (AL);1;29.09.2026
EMKEL;izle;;6,7;2,4;4,0;0,3;10;0;zayif;66,6;7,4;17,1;asagi;zayif;zayif;asagi;0,72;-9,83;4;7,77;-2,14;19795248;9,64;SAT;NEGATIF;SAT;NEGATIF;AZALIYOR;AL;AL;UCUZ (AL);2;29.09.2026
FORMT;izle;;6,7;2,4;4,0;0,2;10;0;zayif;63,3;9,7;-0,0;asagi;zayif;zayif;asagi;0,71;-9,20;5;0,96;-2,04;14114488;1,16;SAT;NEGATIF;SAT;NEGATIF;AZALIYOR;AL;AL;UCUZ (AL);2;29.09.2026
ULUFA;izle;;6,6;2,4;4,1;0,0;6;0;zayif;31,4;25,2;12,0;asagi;zayif;zayif;asagi;0,60;-3,39;3;1,43;0,00;16029993;1,61;SAT;NEGATIF;SAT;NEGATIF;AZALIYOR;SAT;SAT;UCUZ (AL);0;29.09.2026
EYGYO;izle;;6,5;2,3;4,2;0,0;6;0;zayif;28,8;25,8;24,5;asagi;zayif;zayif;asagi;0,43;-3,51;3;1,95;-2,01;6016791;2,37;SAT;NEGATIF;SAT;NEGATIF;AZALIYOR;SAT;SAT;UCUZ (AL);0;29.09.2026
CGCAM;izle;;6,5;2,4;1,1;3,0;10;0;zayif;52,8;17,0;15,1;asagi;zayif;zayif;asagi;0,88;-7,56;5;19,88;-4,61;42251878;25,49;SAT;NEGATIF;SAT;NEGATIF;AZALIYOR;AL;AL;UCUZ (AL);2;29.09.2026
BRYAT;izle;;6,5;2,0;3,6;0,9;10;0;zayif;26,4;28,6;25,7;asagi;zayif;zayif;asagi;0,76;-4,00;4;1443;-0,48;64077858;1606,90;SAT;NEGATIF;SAT;NEGATIF;ARTIYOR;SAT;SAT;UCUZ (AL);0;29.09.2026
ISBIR;izle;;6,5;2,4;4,0;0,0;6;0;zayif;31,6;25,1;19,6;asagi;zayif;zayif;asagi;0,59;-6,09;3;57,5;-0,86;687758;63,09;SAT;NEGATIF;SAT;NEGATIF;AZALIYOR;SAT;SAT;UCUZ (AL);0;29.09.2026
FENER;izle;;6,4;2,4;4,0;0,0;10;0;zayif;34,6;20,7;20,8;asagi;zayif;zayif;asagi;0,70;-5,60;4;2,3;-0,43;162844168;2,62;SAT;NEGATIF;SAT;NEGATIF;AZALIYOR;SAT;SAT;NOTR;0;29.09.2026
ONCSM;izle;;6,4;2,4;4,0;0,0;0;0;zayif;53,7;18,6;9,2;asagi;zayif;zayif;asagi;0,61;-8,34;1;81;-3,57;67632084;117,61;SAT;NEGATIF;SAT;NEGATIF;AZALIYOR;AL;AL;UCUZ (AL);2;29.09.2026
HEKTS;izle;;6,4;2,4;4,0;0,0;46;4;zayif;34,6;24,3;6,6;asagi;zayif;zayif;asagi;0,38;-5,25;3;2,08;0,00;359221957;2,45;SAT;NEGATIF;SAT;NEGATIF;AZALIYOR;SAT;SAT;UCUZ (AL);0;29.09.2026
KUYAS;izle;;6,4;2,4;4,0;0,0;0;0;zayif;40,0;18,6;19,8;asagi;zayif;zayif;asagi;0,13;-7,37;1;29,8;-9,97;66981698;43,54;SAT;NEGATIF;SAT;NEGATIF;AZALIYOR;SAT;AL;UCUZ (AL);1;29.09.2026
GZNMI;izle;;6,4;2,4;4,0;0,0;6;0;zayif;47,4;13,4;4,8;asagi;zayif;zayif;asagi;0,64;-7,06;3;29,38;-2,13;20821929;38,04;SAT;NEGATIF;SAT;NEGATIF;AZALIYOR;AL;AL;UCUZ (AL);2;29.09.2026
AKSUE;izle;;6,4;2,4;4,0;0,0;10;0;zayif;54,3;22,2;18,1;asagi;zayif;zayif;asagi;0,50;-6,98;4;16,53;1,47;30288349;22,03;SAT;NEGATIF;SAT;NEGATIF;AZALIYOR;AL;SAT;NOTR;1;29.09.2026
TEKTU;izle;;6,4;2,4;4,0;0,0;50;5;zayif;31,1;12,9;13,2;asagi;zayif;zayif;asagi;0,59;-7,50;6;4,59;-1,71;18311479;5,56;SAT;NEGATIF;SAT;NEGATIF;AZALIYOR;AL;SAT;UCUZ (AL);1;29.09.2026
SMRTG;izle;;6,4;2,4;4,0;0,0;0;0;zayif;47,6;21,5;21,5;asagi;zayif;zayif;asagi;0,63;-6,57;1;4,92;-2,19;98412797;6,67;SAT;NEGATIF;SAT;NEGATIF;AZALIYOR;AL;AL;UCUZ (AL);2;29.09.2026
KZBGY;izle;;6,4;2,4;4,0;0,0;6;0;zayif;46,0;20,2;20,3;asagi;zayif;zayif;asagi;0,65;-6,71;3;1,37;0,74;33144753;1,63;SAT;NEGATIF;SAT;NEGATIF;AZALIYOR;AL;SAT;UCUZ (AL);1;29.09.2026
EGEPO;izle;;6,4;2,4;4,0;0,0;0;0;zayif;59,7;18,3;6,3;asagi;zayif;zayif;asagi;0,49;-7,64;2;6,74;-4,13;21832592;9,25;SAT;NEGATIF;SAT;NEGATIF;AZALIYOR;AL;AL;UCUZ (AL);2;29.09.2026
VSNMD;izle;;6,4;2,4;4,0;0,0;10;0;zayif;42,1;10,9;-0,0;asagi;zayif;zayif;asagi;0,67;-7,90;4;27,88;-1,83;20280274;33,80;SAT;NEGATIF;SAT;NEGATIF;AZALIYOR;AL;AL;UCUZ (AL);2;29.09.2026
LYDHO;izle;;6,4;2,4;4,0;0,0;0;0;zayif;64,6;8,3;4,6;asagi;zayif;zayif;asagi;0,41;-11,31;2;45,06;-9,97;10685528;68,86;SAT;NEGATIF;SAT;NEGATIF;AZALIYOR;AL;SAT;UCUZ (AL);1;29.09.2026
RUZYE;izle;;6,4;2,4;4,0;0,0;10;1;zayif;32,9;21,2;24,5;asagi;zayif;zayif;asagi;0,54;-5,83;1;4,66;-5,67;22074504;6,51;SAT;NEGATIF;SAT;NEGATIF;AZALIYOR;SAT;SAT;UCUZ (AL);0;29.09.2026
PAPIL;izle;;6,4;2,4;4,0;0,0;10;0;zayif;38,2;17,9;17,9;asagi;zayif;zayif;asagi;0,45;-6,49;5;7,3;-2,80;20720203;9,41;SAT;NEGATIF;SAT;NEGATIF;AZALIYOR;SAT;AL;UCUZ (AL);1;29.09.2026
QUAGR;izle;;6,4;2,4;4,0;0,0;6;0;zayif;31,0;22,3;33,4;asagi;zayif;zayif;asagi;0,48;-5,85;3;2,02;-2,42;38376497;2,54;SAT;NEGATIF;SAT;NEGATIF;AZALIYOR;AL;AL;NOTR;2;29.09.2026
KTSKR;izle;;6,4;2,4;4,0;0,0;10;0;zayif;40,0;20,8;8,8;asagi;zayif;zayif;asagi;0,48;-5,92;4;59;0,34;8913602;68,60;SAT;NEGATIF;SAT;NEGATIF;AZALIYOR;AL;SAT;NOTR;1;29.09.2026
DAPGM;izle;;6,4;2,4;4,0;0,0;0;0;zayif;34,1;14,2;14,3;asagi;zayif;zayif;asagi;0,10;-8,84;2;3,25;-9,97;19095330;4,62;SAT;NEGATIF;SAT;NEGATIF;AZALIYOR;AL;SAT;UCUZ (AL);1;29.09.2026
ONRYT;izle;;6,4;2,4;4,0;0,0;10;0;zayif;35,5;18,0;17,0;asagi;zayif;zayif;asagi;0,63;-5,86;4;9,33;-3,32;24791881;11,76;SAT;NEGATIF;SAT;NEGATIF;AZALIYOR;SAT;SAT;UCUZ (AL);0;29.09.2026
BINBN;izle;;6,4;2,4;4,0;0,0;6;0;zayif;42,3;10,0;3,6;asagi;zayif;zayif;asagi;0,43;-7,75;3;65,1;-9,96;13912456;103,46;SAT;NEGATIF;SAT;NEGATIF;AZALIYOR;SAT;SAT;UCUZ (AL);0;29.09.2026
DCTTR;izle;;6,4;2,4;4,0;0,0;10;0;zayif;52,0;15,4;20,9;asagi;zayif;zayif;asagi;0,69;-9,22;4;3,29;-1,79;23694777;4,47;SAT;NEGATIF;SAT;NEGATIF;AZALIYOR;AL;AL;UCUZ (AL);2;29.09.2026
ENSRI;izle;;6,4;2,4;4,0;0,0;0;0;zayif;32,9;18,1;9,6;asagi;zayif;zayif;asagi;0,52;-8,94;2;2,95;-3,91;21095600;3,68;SAT;NEGATIF;SAT;NEGATIF;AZALIYOR;SAT;AL;UCUZ (AL);1;29.09.2026
DGATE;izle;;6,4;2,4;4,0;0,0;0;0;zayif;37,7;24,0;22,9;asagi;zayif;zayif;asagi;0,58;-4,87;1;59,75;-2,37;12048289;77,23;SAT;NEGATIF;SAT;NEGATIF;AZALIYOR;AL;AL;NOTR;2;29.09.2026
ARZUM;izle;;6,4;2,4;4,0;0,0;6;0;zayif;33,5;22,1;11,1;asagi;zayif;zayif;asagi;0,55;-5,98;3;1,16;0,00;5822135;1,35;SAT;NEGATIF;SAT;NEGATIF;AZALIYOR;AL;AL;UCUZ (AL);2;29.09.2026
SELVA;izle;;6,4;2,4;4,0;0,0;6;0;zayif;38,1;17,3;9,4;asagi;zayif;zayif;asagi;0,51;-7,22;3;1,12;-3,45;10118126;1,33;SAT;NEGATIF;SAT;NEGATIF;AZALIYOR;AL;AL;UCUZ (AL);2;29.09.2026
ARENA;izle;;6,4;2,4;4,0;0,0;6;0;zayif;34,1;20,8;14,2;asagi;zayif;zayif;asagi;0,55;-5,05;3;15,03;0,33;5593971;17,87;SAT;NEGATIF;SAT;NEGATIF;AZALIYOR;SAT;SAT;UCUZ (AL);0;29.09.2026
ESCAR;izle;;6,4;2,4;4,0;0,0;10;1;zayif;40,9;10,6;13,1;asagi;zayif;zayif;asagi;0,70;-9,24;0;16,11;-10,00;27478650;24,36;SAT;NEGATIF;SAT;NEGATIF;AZALIYOR;AL;AL;UCUZ (AL);2;29.09.2026
ESEN;izle;;6,4;2,4;4,0;0,0;50;4;zayif;36,3;18,5;9,3;asagi;zayif;zayif;asagi;0,36;-6,02;4;2,51;-1,18;26104718;2,93;SAT;NEGATIF;SAT;NEGATIF;AZALIYOR;SAT;SAT;UCUZ (AL);0;29.09.2026
KLMSN;izle;;6,4;2,4;4,0;0,0;6;0;zayif;36,2;19,1;11,0;asagi;zayif;zayif;asagi;0,68;-4,93;3;21,4;-1,74;8815644;24,87;SAT;NEGATIF;SAT;NEGATIF;ARTIYOR;AL;AL;UCUZ (AL);2;29.09.2026
IZENR;izle;;6,4;2,4;4,0;0,0;0;0;zayif;48,0;14,4;3,6;asagi;zayif;zayif;asagi;0,25;-8,94;2;3,42;-9,76;28021914;4,67;SAT;NEGATIF;SAT;NEGATIF;AZALIYOR;AL;AL;UCUZ (AL);2;29.09.2026
TEZOL;izle;;6,4;2,4;4,0;0,0;10;0;zayif;45,7;19,5;18,1;asagi;zayif;zayif;asagi;0,49;-7,69;4;7,2;0,42;12380868;8,19;SAT;NEGATIF;SAT;NEGATIF;AZALIYOR;SAT;AL;UCUZ (AL);1;29.09.2026
GEDZA;izle;;6,4;2,4;4,0;0,0;28;2;zayif;40,1;19,3;7,0;asagi;zayif;zayif;asagi;0,46;-5,33;3;21,88;-0,27;3530250;24,67;SAT;NEGATIF;SAT;NEGATIF;AZALIYOR;SAT;SAT;NOTR;0;29.09.2026
PARSN;izle;;6,4;2,4;4,0;0,0;6;0;zayif;33,8;22,3;10,7;asagi;zayif;zayif;asagi;0,53;-4,95;3;59,05;-1,01;8330951;66,38;SAT;NEGATIF;SAT;NEGATIF;AZALIYOR;SAT;SAT;UCUZ (AL);0;29.09.2026
SKTAS;izle;;6,4;2,4;4,0;0,0;10;0;zayif;38,7;18,6;5,1;asagi;zayif;zayif;asagi;0,48;-5,17;5;2,3;0,44;13943272;2,77;SAT;NEGATIF;SAT;NEGATIF;AZALIYOR;SAT;AL;UCUZ (AL);1;29.09.2026
ZEDUR;izle;;6,4;2,4;4,0;0,0;10;0;zayif;54,0;10,1;7,7;asagi;zayif;zayif;asagi;0,36;-6,14;6;5,44;-0,73;2325676;6,42;SAT;NEGATIF;SAT;NEGATIF;AZALIYOR;SAT;AL;UCUZ (AL);1;29.09.2026
KAYSE;izle;;6,4;2,4;4,0;0,0;10;0;zayif;39,2;19,4;-0,0;asagi;zayif;zayif;asagi;0,51;-4,77;6;3,14;-0,32;13136746;3,61;SAT;NEGATIF;SAT;NEGATIF;AZALIYOR;SAT;SAT;UCUZ (AL);0;29.09.2026
IZINV;izle;;6,4;2,4;4,0;0,0;10;0;zayif;33,5;15,7;23,3;asagi;zayif;zayif;asagi;0,69;-7,05;4;30,84;-3,02;6061880;38,89;SAT;NEGATIF;SAT;NEGATIF;AZALIYOR;AL;AL;UCUZ (AL);2;29.09.2026
BIENY;izle;;6,4;2,4;4,0;0,0;10;0;zayif;33,7;19,5;11,7;asagi;zayif;zayif;asagi;0,52;-5,21;4;15,2;-0,65;12647707;17,89;SAT;NEGATIF;SAT;NEGATIF;AZALIYOR;SAT;AL;UCUZ (AL);1;29.09.2026
PAMEL;izle;;6,4;2,4;4,0;0,0;6;0;zayif;39,8;10,8;14,1;asagi;zayif;zayif;asagi;0,61;-7,55;3;46,26;-1,83;5812615;55,75;SAT;NEGATIF;SAT;NEGATIF;AZALIYOR;AL;AL;UCUZ (AL);2;29.09.2026
ALCTL;izle;;6,4;2,4;4,0;0,0;10;0;zayif;60,1;21,5;26,3;asagi;zayif;zayif;asagi;0,51;-5,88;4;86,95;-1,19;16925339;102,61;SAT;NEGATIF;SAT;NEGATIF;AZALIYOR;SAT;SAT;NOTR;0;29.09.2026
DYOBY;izle;;6,4;2,4;4,0;0,0;50;5;zayif;37,2;20,6;10,9;asagi;zayif;zayif;asagi;0,49;-5,02;4;10,35;0,29;6329605;11,79;SAT;NEGATIF;SAT;NEGATIF;AZALIYOR;SAT;SAT;NOTR;0;29.09.2026
PLTUR;izle;;6,4;2,4;4,0;0,0;10;0;zayif;31,1;22,0;9,7;asagi;zayif;zayif;asagi;0,53;-5,40;5;15,03;-0,46;14352297;17,80;SAT;NEGATIF;SAT;NEGATIF;AZALIYOR;SAT;SAT;UCUZ (AL);0;29.09.2026
PNLSN;izle;;6,4;2,4;4,0;0,0;10;0;zayif;36,1;19,1;10,7;asagi;zayif;zayif;asagi;0,57;-4,94;4;31,84;-1,61;9563908;37,51;SAT;NEGATIF;SAT;NEGATIF;AZALIYOR;AL;SAT;NOTR;1;29.09.2026
YONGA;izle;;6,4;2,4;4,0;0,0;6;0;zayif;46,0;18,4;4,5;asagi;zayif;zayif;asagi;0,69;-8,24;3;32,98;-2,25;437711;36,57;SAT;NEGATIF;SAT;NEGATIF;ARTIYOR;AL;AL;UCUZ (AL);2;29.09.2026
BAYRK;izle;;6,4;2,4;4,0;0,0;10;0;zayif;37,0;16,0;4,0;asagi;zayif;zayif;asagi;0,60;-6,40;6;2,77;0,36;7584579;3,32;SAT;NEGATIF;SAT;NEGATIF;AZALIYOR;AL;AL;UCUZ (AL);2;29.09.2026
AVOD;izle;;6,4;2,4;4,0;0,0;0;0;zayif;33,0;23,8;34,0;asagi;zayif;zayif;asagi;0,36;-4,09;2;2,95;-3,59;13645812;3,66;SAT;NEGATIF;SAT;NEGATIF;AZALIYOR;SAT;SAT;NOTR;0;29.09.2026
CUSAN;izle;;6,4;2,4;4,0;0,0;10;0;zayif;31,3;24,3;13,2;asagi;zayif;zayif;asagi;0,59;-4,09;4;18,21;-3,14;6891392;22,04;SAT;NEGATIF;SAT;NEGATIF;AZALIYOR;SAT;AL;NOTR;1;29.09.2026
SERNT;izle;;6,4;2,4;4,0;0,0;10;0;zayif;38,9;13,8;14,2;asagi;zayif;zayif;asagi;0,52;-6,42;4;5,06;-2,69;12285306;6,31;SAT;NEGATIF;SAT;NEGATIF;AZALIYOR;SAT;AL;UCUZ (AL);1;29.09.2026
MERKO;izle;;6,4;2,4;4,0;0,0;0;0;zayif;49,6;21,1;16,9;asagi;zayif;zayif;asagi;0,42;-6,48;1;0,94;0,00;9771634;1,11;SAT;NEGATIF;SAT;NEGATIF;AZALIYOR;AL;AL;UCUZ (AL);2;29.09.2026
MEKAG;izle;;6,4;2,4;4,0;0,0;6;0;zayif;35,4;14,5;6,7;asagi;zayif;zayif;asagi;0,67;-6,63;3;2,02;-2,42;9093066;2,42;SAT;NEGATIF;SAT;NEGATIF;AZALIYOR;SAT;SAT;UCUZ (AL);0;29.09.2026
PASEU;izle;;6,4;2,4;4,0;0,0;0;0;zayif;47,3;18,7;0,0;asagi;zayif;zayif;asagi;0,01;-9,00;0;26,58;-9,96;1962136;51,62;SAT;NEGATIF;SAT;NEGATIF;AZALIYOR;SAT;AL;UCUZ (AL);1;29.09.2026
NUGYO;izle;;6,4;2,4;4,0;0,0;10;0;zayif;37,0;19,1;5,5;asagi;zayif;zayif;asagi;0,57;-4,39;4;7,25;-0,55;6409783;8,32;SAT;NEGATIF;SAT;NEGATIF;AZALIYOR;SAT;AL;UCUZ (AL);1;29.09.2026
OSMEN;izle;;6,4;2,4;4,0;0,0;10;0;zayif;42,8;21,0;8,6;asagi;zayif;zayif;asagi;0,61;-5,82;4;5;-2,72;8665320;6,07;SAT;NEGATIF;SAT;NEGATIF;AZALIYOR;AL;AL;UCUZ (AL);2;29.09.2026
MAKTK;izle;;6,4;2,4;4,0;0,0;10;0;zayif;38,2;17,9;11,4;asagi;zayif;zayif;asagi;0,49;-6,24;5;6,5;-1,52;8489462;8,13;SAT;NEGATIF;SAT;NEGATIF;ARTIYOR;AL;AL;UCUZ (AL);2;29.09.2026
CONSE;izle;;6,4;2,4;4,0;0,0;20;1;zayif;37,0;13,7;0,0;asagi;zayif;zayif;asagi;0,44;-5,91;4;1,61;-1,23;7677063;1,92;SAT;NEGATIF;SAT;NEGATIF;AZALIYOR;SAT;AL;UCUZ (AL);1;29.09.2026
KONKA;izle;;6,4;2,4;4,0;0,0;6;0;zayif;57,4;15,1;11,5;asagi;zayif;zayif;asagi;0,37;-7,83;3;6,98;-1,27;6199601;8,23;SAT;NEGATIF;SAT;NEGATIF;AZALIYOR;AL;SAT;UCUZ (AL);1;29.09.2026
DARDL;izle;;6,4;2,4;4,0;0,0;50;4;zayif;47,0;11,8;5,8;asagi;zayif;zayif;asagi;0,44;-7,17;4;1,13;-0,88;7226926;1,32;SAT;NEGATIF;SAT;NEGATIF;AZALIYOR;AL;SAT;UCUZ (AL);1;29.09.2026
TMPOL;izle;;6,4;2,4;4,0;0,0;0;0;zayif;43,8;15,0;0,0;asagi;zayif;zayif;asagi;0,01;-9,11;0;100,8;-9,92;661651;168,91;SAT;NEGATIF;SAT;NEGATIF;AZALIYOR;SAT;AL;UCUZ (AL);1;29.09.2026
KIMMR;izle;;6,4;2,4;4,0;0,0;0;0;zayif;48,2;20,0;11,3;asagi;zayif;zayif;asagi;0,63;-5,34;1;10,96;-0,54;6906345;12,28;SAT;NEGATIF;SAT;NEGATIF;AZALIYOR;AL;SAT;NOTR;1;29.09.2026
DOFER;izle;;6,4;2,4;4,0;0,0;10;0;zayif;40,2;18,7;3,9;asagi;zayif;zayif;asagi;0,62;-6,02;4;20,88;-2,97;5758245;24,32;SAT;NEGATIF;SAT;NEGATIF;AZALIYOR;AL;AL;UCUZ (AL);2;29.09.2026
ERBOS;izle;;6,4;2,4;4,0;0,0;10;0;zayif;39,6;18,7;1,7;asagi;zayif;zayif;asagi;0,11;-5,54;5;115,5;0,87;3026331;132,38;SAT;NEGATIF;SAT;NEGATIF;AZALIYOR;AL;SAT;UCUZ (AL);1;29.09.2026
CRDFA;izle;;6,4;2,4;4,0;0,0;0;0;zayif;53,6;9,3;32,1;asagi;zayif;zayif;asagi;0,20;-10,54;0;8,09;-9,91;2139247;12,51;SAT;NEGATIF;SAT;NEGATIF;AZALIYOR;AL;SAT;UCUZ (AL);1;29.09.2026
DUNYH;izle;;6,4;2,4;4,0;0,0;32;3;zayif;57,9;8,9;0,0;asagi;zayif;zayif;asagi;0,08;-9,11;1;36,12;-9,97;2802731;58,97;SAT;NEGATIF;SAT;NEGATIF;AZALIYOR;SAT;SAT;UCUZ (AL);0;29.09.2026
RODRG;izle;;6,4;2,4;4,0;0,0;10;0;zayif;37,8;22,2;3,1;asagi;zayif;zayif;asagi;0,66;-4,55;4;16,59;-2,30;2559240;20,81;SAT;NEGATIF;SAT;NEGATIF;AZALIYOR;SAT;AL;NOTR;1;29.09.2026
MNDTR;izle;;6,4;2,4;4,0;0,0;6;0;zayif;37,0;21,6;11,4;asagi;zayif;zayif;asagi;0,35;-4,70;3;4,05;-0,25;2345801;4,62;SAT;NEGATIF;SAT;NEGATIF;AZALIYOR;SAT;SAT;UCUZ (AL);0;29.09.2026
ORCAY;izle;;6,4;2,4;4,0;0,0;10;0;zayif;32,1;14,2;15,1;asagi;zayif;zayif;asagi;0,37;-5,65;4;2,29;-2,14;1472990;2,82;SAT;NEGATIF;SAT;NEGATIF;AZALIYOR;AL;AL;UCUZ (AL);2;29.09.2026
ISSEN;izle;;6,4;2,4;4,0;0,0;20;1;zayif;38,4;19,7;8,1;asagi;zayif;zayif;asagi;0,42;-5,11;4;5,38;2,48;2891094;6,12;SAT;NEGATIF;SAT;NEGATIF;AZALIYOR;SAT;AL;UCUZ (AL);1;29.09.2026
LYDYE;izle;;6,4;2,4;4,0;0,0;0;0;zayif;41,4;11,4;8,7;asagi;zayif;zayif;asagi;0,17;-9,61;2;4472,5;-9,96;1551958;6548,39;SAT;NEGATIF;SAT;NEGATIF;AZALIYOR;AL;AL;UCUZ (AL);2;29.09.2026
AKYHO;izle;;6,4;2,4;4,0;0,0;10;0;zayif;38,3;23,1;19,2;asagi;zayif;zayif;asagi;0,40;-4,78;5;1,55;-0,64;964443;1,92;SAT;NEGATIF;SAT;NEGATIF;AZALIYOR;SAT;SAT;UCUZ (AL);0;29.09.2026
MEDTR;izle;;6,4;2,4;4,0;0,0;6;0;zayif;44,7;16,0;4,9;asagi;zayif;zayif;asagi;0,38;-6,65;3;18,26;-1,03;2086735;20,73;SAT;NEGATIF;SAT;NEGATIF;AZALIYOR;AL;AL;UCUZ (AL);2;29.09.2026
BIGTK;izle;;6,4;2,4;4,0;0,0;32;3;zayif;41,6;18,6;50,7;asagi;zayif;zayif;asagi;0,01;-7,06;1;107,1;-10,00;652132;170,99;SAT;NEGATIF;SAT;NEGATIF;AZALIYOR;SAT;AL;UCUZ (AL);1;29.09.2026
UFUK;izle;;6,4;2,4;4,0;0,0;0;0;zayif;38,1;10,4;1,7;asagi;zayif;zayif;asagi;0,01;-9,15;1;487,5;-9,97;453375;760,41;SAT;NEGATIF;SAT;NEGATIF;AZALIYOR;AL;SAT;UCUZ (AL);1;29.09.2026
NIBAS;izle;;6,4;1,7;4,7;0,0;42;3;zayif;24,6;27,4;16,5;asagi;zayif;zayif;asagi;0,36;-3,82;4;2,92;-3,31;23884093;3,75;SAT;NEGATIF;SAT;NEGATIF;AZALIYOR;SAT;SAT;NOTR;0;29.09.2026
GOODY;izle;;6,4;2,4;4,0;0,0;6;0;zayif;29,6;21,6;0,0;asagi;zayif;zayif;asagi;0,62;-4,49;3;2,11;-0,94;14287378;2,43;SAT;NEGATIF;SAT;NEGATIF;AZALIYOR;SAT;AL;NOTR;1;29.09.2026
MARBL;izle;;6,4;2,4;0,0;3,9;20;1;zayif;38,0;16,5;12,2;asagi;zayif;zayif;asagi;0,94;-5,79;6;8,75;-3,74;10596233;10,48;SAT;NEGATIF;SAT;NEGATIF;AZALIYOR;SAT;AL;UCUZ (AL);1;29.09.2026
AYCES;izle;;6,4;0,4;1,4;4,6;6;0;zayif;14,6;24,9;28,0;asagi;zayif;zayif;asagi;0,98;-5,01;3;348,75;-2,92;25063965;413,17;SAT;NEGATIF;NOTR;NEGATIF;AZALIYOR;SAT;SAT;NOTR;0;29.09.2026
HATEK;izle;;6,3;2,3;4,0;0,0;6;0;zayif;29,0;18,0;-0,0;asagi;zayif;zayif;asagi;0,49;-6,02;3;8,13;0,99;6740624;10,22;SAT;NEGATIF;SAT;NEGATIF;AZALIYOR;SAT;AL;UCUZ (AL);1;29.09.2026
SNICA;izle;;6,3;2,3;4,0;0,0;6;0;zayif;28,6;18,6;18,5;asagi;zayif;zayif;asagi;0,38;-6,85;3;2,28;-2,56;7086819;2,69;SAT;NEGATIF;SAT;NEGATIF;AZALIYOR;SAT;AL;UCUZ (AL);1;29.09.2026
IMASM;izle;;6,1;2,1;4,0;0,0;6;0;zayif;27,7;16,8;20,7;asagi;zayif;zayif;asagi;0,40;-7,24;3;1,52;0,00;13158453;1,83;SAT;NEGATIF;SAT;NEGATIF;AZALIYOR;SAT;SAT;UCUZ (AL);0;29.09.2026
GARFA;izle;;6,0;2,2;3,7;0,0;40;4;zayif;28,5;28,8;32,3;asagi;zayif;zayif;asagi;0,55;-3,88;1;22,68;0,80;11117532;25,42;SAT;NEGATIF;SAT;NEGATIF;AZALIYOR;SAT;AL;NOTR;1;29.09.2026
BFREN;izle;;5,9;2,3;0,6;3,0;10;0;zayif;29,1;20,6;34,2;asagi;zayif;zayif;asagi;0,88;-4,89;4;105;-2,69;18179490;119,04;SAT;NEGATIF;SAT;NEGATIF;ARTIYOR;SAT;SAT;UCUZ (AL);0;29.09.2026
DERIM;izle;;5,9;1,9;4,0;0,0;32;2;zayif;26,1;21,4;41,3;asagi;zayif;zayif;asagi;0,24;-4,40;4;26,7;-0,67;1967683;31,62;SAT;NEGATIF;SAT;NEGATIF;AZALIYOR;SAT;SAT;UCUZ (AL);0;29.09.2026
BINHO;izle;;5,9;2,4;0,6;2,8;6;0;zayif;32,7;23,2;51,1;asagi;zayif;zayif;asagi;0,87;-5,22;3;5,67;-9,86;148752580;7,92;SAT;NEGATIF;SAT;NEGATIF;ARTIYOR;SAT;SAT;UCUZ (AL);0;29.09.2026
IHLGM;izle;;5,9;1,9;4,0;0,0;20;1;zayif;25,7;22,2;53,4;asagi;zayif;zayif;asagi;0,20;-5,06;4;1,2;-0,83;7795217;1,42;SAT;NEGATIF;SAT;NEGATIF;AZALIYOR;SAT;AL;UCUZ (AL);1;29.09.2026
KUTPO;izle;;5,9;1,9;4,0;0,0;10;0;zayif;25,6;20,1;24,5;asagi;zayif;zayif;asagi;0,57;-4,48;5;66;0,30;6866574;74,60;SAT;NEGATIF;SAT;NEGATIF;AZALIYOR;SAT;AL;UCUZ (AL);1;29.09.2026
PENGD;izle;;5,8;2,4;0,2;3,2;10;0;zayif;41,6;13,1;22,5;asagi;zayif;zayif;asagi;0,89;-6,81;5;6,8;-3,00;18177753;7,93;SAT;NEGATIF;SAT;NEGATIF;AZALIYOR;SAT;AL;NOTR;1;29.09.2026
IDGYO;izle;;5,8;2,4;3,4;0,0;6;0;zayif;40,9;28,1;31,7;asagi;zayif;zayif;asagi;0,56;-4,95;3;2,12;-4,07;1719424;2,75;SAT;NEGATIF;SAT;NEGATIF;AZALIYOR;AL;AL;UCUZ (AL);2;29.09.2026
BRLSM;izle;;5,7;1,5;4,2;0,0;0;0;zayif;23,2;25,7;7,2;asagi;zayif;zayif;asagi;0,22;-4,07;2;11,46;-2,72;30002291;15,22;SAT;NEGATIF;SAT;NEGATIF;AZALIYOR;SAT;AL;NOTR;1;29.09.2026
VAKFN;izle;;5,7;2,4;1,4;1,9;10;0;zayif;53,7;17,7;3,6;asagi;zayif;zayif;asagi;0,81;-5,49;5;0,93;-3,12;46785937;1,06;SAT;NEGATIF;SAT;NEGATIF;ARTIYOR;SAT;SAT;UCUZ (AL);0;29.09.2026
GEDIK;izle;;5,6;1,9;3,5;0,3;6;0;zayif;25,7;28,6;50,2;asagi;zayif;zayif;asagi;0,72;-3,95;3;4,83;-3,01;30853166;5,68;SAT;NEGATIF;SAT;NEGATIF;AZALIYOR;SAT;AL;NOTR;1;29.09.2026
EGSER;izle;;5,6;2,4;3,2;0,0;28;2;zayif;29,8;26,8;27,2;asagi;zayif;zayif;asagi;0,59;-3,81;3;2,48;-0,40;2415141;2,80;SAT;NEGATIF;SAT;NEGATIF;AZALIYOR;SAT;SAT;NOTR;0;29.09.2026
SRVGY;izle;;5,5;2,4;3,1;0,0;10;0;zayif;29,5;27,2;19,4;asagi;zayif;zayif;asagi;0,60;-4,33;5;2,07;-0,96;20553040;2,35;SAT;NEGATIF;SAT;NEGATIF;AZALIYOR;SAT;SAT;UCUZ (AL);0;29.09.2026
VANGD;izle;;5,4;5,4;0,0;0,0;0;0;zayif;39,0;16,3;34,6;asagi;zayif;zayif;asagi;0,51;-6,11;2;49,2;-9,97;4659781;68,63;SAT;NEGATIF;SAT;NEGATIF;AZALIYOR;SAT;SAT;NOTR;0;29.09.2026
ATAKP;izle;;5,3;2,4;2,9;0,0;0;0;zayif;47,0;24,9;30,0;asagi;zayif;zayif;asagi;0,27;-5,55;2;33,98;-1,74;3446965;38,97;SAT;NEGATIF;SAT;NEGATIF;AZALIYOR;AL;AL;UCUZ (AL);2;29.09.2026
AYEN;izle;;5,2;1,5;2,3;1,4;6;0;zayif;23,3;27,1;40,9;asagi;zayif;zayif;asagi;0,78;-4,25;3;25,9;-0,92;10880305;29,53;SAT;NEGATIF;SAT;NEGATIF;AZALIYOR;SAT;SAT;NOTR;0;29.09.2026
OZRDN;izle;;5,2;5,2;0,0;0,0;10;0;zayif;28,0;19,2;28,4;asagi;zayif;zayif;asagi;0,15;-4,81;4;16,85;-9,99;613846;23,61;SAT;NEGATIF;SAT;NEGATIF;AZALIYOR;SAT;SAT;NOTR;0;29.09.2026
BURVA;izle;;5,2;2,4;2,8;0,0;0;0;zayif;29,6;28,3;52,3;asagi;zayif;zayif;asagi;0,11;-4,83;0;388,75;-9,96;3838518;591,53;SAT;NEGATIF;SAT;NEGATIF;AZALIYOR;SAT;SAT;NOTR;0;29.09.2026
BERA;izle;;5,0;2,4;0,8;1,7;6;0;zayif;35,2;26,1;22,1;asagi;zayif;zayif;asagi;0,80;-4,67;3;10,82;-1,81;58223156;12,49;SAT;NEGATIF;SAT;NEGATIF;AZALIYOR;SAT;SAT;UCUZ (AL);0;29.09.2026
HURGZ;izle;;5,0;5,0;0,0;0,0;16;1;zayif;26,4;23,0;32,4;asagi;zayif;zayif;asagi;0,65;-4,19;3;5;-7,41;23769155;6,68;SAT;NEGATIF;SAT;NEGATIF;AZALIYOR;SAT;AL;NOTR;1;29.09.2026
BRKSN;izle;;4,9;2,4;0,0;2,5;10;0;zayif;41,4;15,3;9,7;asagi;zayif;zayif;asagi;0,85;-5,42;5;5,82;-1,52;1486696;6,85;SAT;NEGATIF;SAT;NEGATIF;ARTIYOR;SAT;SAT;UCUZ (AL);0;29.09.2026
SARKY;izle;;4,9;1,7;3,2;0,0;32;3;zayif;24,2;30,7;21,0;asagi;zayif;zayif;asagi;0,34;-3,75;2;20,16;0,10;34854644;23,17;SAT;NEGATIF;SAT;NEGATIF;AZALIYOR;SAT;SAT;NOTR;0;29.09.2026
KATMR;izle;;4,8;2,4;1,8;0,5;10;0;zayif;54,0;21,0;17,1;asagi;zayif;zayif;asagi;0,73;-6,88;4;1,47;-0,68;84496747;1,69;SAT;NEGATIF;SAT;NEGATIF;AZALIYOR;SAT;SAT;UCUZ (AL);0;29.09.2026
ERCB;izle;;4,8;2,3;2,4;0,0;10;0;zayif;29,2;27,5;27,5;asagi;zayif;zayif;asagi;0,67;-4,69;4;35,44;-3,01;20121379;41,62;SAT;NEGATIF;SAT;NEGATIF;AZALIYOR;SAT;AL;UCUZ (AL);1;29.09.2026
GRSEL;izle;;4,7;2,4;2,4;0,0;0;0;zayif;29,4;25,3;42,7;asagi;zayif;zayif;asagi;0,56;-3,51;0;257;-1,15;56390940;296,18;SAT;NEGATIF;SAT;NEGATIF;AZALIYOR;SAT;SAT;UCUZ (AL);0;29.09.2026
CANTE;izle;;4,5;2,4;2,1;0,0;0;0;zayif;34,9;30,5;42,0;asagi;zayif;zayif;asagi;0,60;-3,48;2;1,01;-1,94;250056216;1,23;SAT;NEGATIF;SAT;NEGATIF;AZALIYOR;SAT;SAT;UCUZ (AL);0;29.09.2026
IHLAS;izle;;4,5;1,5;3,0;0,0;22;2;zayif;23,1;32,4;28,0;asagi;zayif;zayif;asagi;0,46;-3,77;2;0,88;-2,22;55230652;1,04;SAT;NEGATIF;SAT;NEGATIF;AZALIYOR;SAT;SAT;UCUZ (AL);0;29.09.2026
GLCVY;izle;;4,5;2,1;0,6;1,8;20;1;zayif;27,1;23,1;18,1;asagi;zayif;zayif;asagi;0,81;-4,36;4;41,18;-1,58;21102032;48,05;SAT;NEGATIF;SAT;NEGATIF;AZALIYOR;SAT;SAT;UCUZ (AL);0;29.09.2026
AKENR;izle;;4,4;2,4;0,6;1,3;10;0;zayif;29,9;22,8;35,2;asagi;zayif;zayif;asagi;0,78;-4,63;4;8;-3,73;36142344;9,57;SAT;NEGATIF;SAT;NEGATIF;AZALIYOR;SAT;SAT;UCUZ (AL);0;29.09.2026
BRKVY;izle;;4,4;2,4;0,0;1,9;10;0;zayif;38,1;19,5;9,9;asagi;zayif;zayif;asagi;0,81;-5,63;5;48,26;-5,65;20412822;64,44;SAT;NEGATIF;SAT;NEGATIF;AZALIYOR;SAT;SAT;UCUZ (AL);0;29.09.2026
LINK;izle;;4,3;2,4;0,7;1,1;10;0;zayif;47,1;19,2;26,1;asagi;zayif;zayif;asagi;0,77;-6,52;5;3,52;-1,95;43671063;4,29;SAT;NEGATIF;SAT;NEGATIF;AZALIYOR;AL;AL;UCUZ (AL);2;29.09.2026
LRSHO;izle;;4,3;2,0;1,4;0,9;0;0;zayif;26,4;15,8;30,3;asagi;zayif;zayif;asagi;0,75;-6,14;2;1,83;-2,66;22879976;2,18;SAT;NEGATIF;SAT;NEGATIF;AZALIYOR;SAT;SAT;UCUZ (AL);0;29.09.2026
BAGFS;izle;;4,2;2,4;1,8;0,0;10;1;zayif;32,8;29,0;18,2;asagi;zayif;zayif;asagi;0,60;-3,49;2;21,44;-1,29;12212760;25,26;SAT;NEGATIF;SAT;NEGATIF;AZALIYOR;SAT;SAT;NOTR;0;29.09.2026
TSGYO;izle;;4,1;2,4;1,7;0,0;16;1;zayif;30,4;26,9;13,5;asagi;zayif;zayif;asagi;0,53;-4,64;3;4,77;0,21;3882484;5,32;SAT;NEGATIF;SAT;NEGATIF;AZALIYOR;SAT;SAT;UCUZ (AL);0;29.09.2026
MZHLD;izle;;4,0;1,4;2,7;0,0;22;2;zayif;22,1;30,8;39,4;asagi;zayif;zayif;asagi;0,25;-3,06;2;4,35;-1,36;765883;5,41;SAT;NEGATIF;SAT;NEGATIF;ARTIYOR;SAT;SAT;UCUZ (AL);0;29.09.2026
SAMAT;izle;;4,0;2,4;1,4;0,2;10;0;zayif;39,9;23,8;22,8;asagi;zayif;zayif;asagi;0,71;-4,23;4;3,86;-2,53;2777764;4,79;SAT;NEGATIF;SAT;NEGATIF;AZALIYOR;SAT;SAT;UCUZ (AL);0;29.09.2026
AKGRT;izle;;3,9;2,4;1,5;0,0;0;0;zayif;45,8;23,4;12,5;asagi;zayif;zayif;asagi;0,39;-5,66;2;5,15;-0,58;24341387;5,69;SAT;NEGATIF;SAT;NEGATIF;AZALIYOR;SAT;SAT;UCUZ (AL);0;29.09.2026
ATLAS;izle;;3,8;1,3;2,6;0,0;22;2;zayif;21,4;28,9;35,1;asagi;zayif;zayif;asagi;0,48;-3,54;2;4,68;-3,11;2740870;6,27;SAT;NEGATIF;SAT;NEGATIF;AZALIYOR;SAT;SAT;NOTR;0;29.09.2026
TSPOR;izle;;3,8;2,4;1,4;0,0;10;0;zayif;33,5;26,1;31,8;asagi;zayif;zayif;asagi;0,69;-3,64;4;0,81;-3,57;153154146;0,95;SAT;NEGATIF;SAT;NEGATIF;AZALIYOR;SAT;SAT;UCUZ (AL);0;29.09.2026
BEGYO;izle;;3,8;2,4;1,3;0,0;6;0;zayif;31,4;24,9;33,5;asagi;zayif;zayif;asagi;0,54;-5,08;3;2,6;-0,76;5461703;3,06;SAT;NEGATIF;SAT;NEGATIF;AZALIYOR;SAT;SAT;UCUZ (AL);0;29.09.2026
ATAGY;izle;;3,8;2,4;1,3;0,0;10;0;zayif;45,8;18,2;28,4;asagi;zayif;zayif;asagi;0,18;-4,35;5;8,15;-2,98;243546;9,69;SAT;NEGATIF;SAT;NEGATIF;AZALIYOR;SAT;SAT;UCUZ (AL);0;29.09.2026
VESTL;izle;;3,7;1,9;0,6;1,1;10;0;zayif;26,3;27,1;33,5;asagi;zayif;zayif;asagi;0,77;-3,28;4;18,73;-0,95;224056576;23,36;SAT;NEGATIF;SAT;NEGATIF;AZALIYOR;SAT;SAT;UCUZ (AL);0;29.09.2026
ACSEL;izle;;3,6;2,4;1,2;0,0;6;0;zayif;41,8;22,4;8,2;asagi;zayif;zayif;asagi;0,56;-5,38;3;84,55;-2,70;7044452;100,28;SAT;NEGATIF;SAT;NEGATIF;AZALIYOR;AL;SAT;NOTR;1;29.09.2026
GENTS;izle;;3,6;2,4;1,1;0,0;6;0;zayif;33,0;20,2;6,1;asagi;zayif;zayif;asagi;0,50;-5,41;3;4,06;-1,22;10170166;4,75;SAT;NEGATIF;SAT;NEGATIF;AZALIYOR;SAT;SAT;UCUZ (AL);0;29.09.2026
INVEO;izle;;3,5;1,5;2,0;0,0;0;0;zayif;23,0;25,4;40,0;asagi;zayif;zayif;asagi;0,44;-3,82;2;5,68;-2,74;14138667;6,71;SAT;NEGATIF;SAT;NEGATIF;AZALIYOR;SAT;SAT;UCUZ (AL);0;29.09.2026
EKOS;izle;;3,5;2,4;1,0;0,0;6;0;zayif;43,9;17,1;23,0;asagi;zayif;zayif;asagi;0,69;-7,02;3;3,31;-2,07;19241573;3,99;SAT;NEGATIF;SAT;NEGATIF;AZALIYOR;SAT;SAT;UCUZ (AL);0;29.09.2026
SDTTR;izle;;3,5;2,4;1,1;0,0;20;1;zayif;29,4;23,3;10,3;asagi;zayif;zayif;asagi;0,47;-4,58;4;15,4;-3,63;59025197;18,79;SAT;NEGATIF;SAT;NEGATIF;AZALIYOR;SAT;SAT;NOTR;0;29.09.2026
DNISI;izle;;3,5;0,9;2,6;0,0;10;0;zayif;18,7;29,8;36,5;asagi;zayif;zayif;asagi;0,58;-3,00;5;3,82;-1,04;8620376;4,60;SAT;NEGATIF;NOTR;NEGATIF;AZALIYOR;SAT;SAT;NOTR;0;29.09.2026
CEOEM;izle;;3,4;1,9;1,5;0,0;0;0;zayif;25,8;30,1;54,4;asagi;zayif;zayif;asagi;0,58;-3,34;0;18,47;-5,77;40576743;25,52;SAT;NEGATIF;SAT;NEGATIF;AZALIYOR;SAT;SAT;NOTR;0;29.09.2026
NATEN;izle;;3,3;2,4;0,8;0,0;10;0;zayif;35,3;19,5;39,8;asagi;zayif;zayif;asagi;0,43;-6,17;4;3,91;-1,01;12288477;4,59;SAT;NEGATIF;SAT;NEGATIF;AZALIYOR;SAT;SAT;UCUZ (AL);0;29.09.2026
COSMO;izle;;3,2;2,4;0,8;0,0;6;0;zayif;33,6;17,4;12,5;asagi;zayif;zayif;asagi;0,66;-5,16;3;80;-5,66;2170960;102,68;SAT;NEGATIF;SAT;NEGATIF;AZALIYOR;SAT;SAT;UCUZ (AL);0;29.09.2026
CMBTN;izle;;3,2;1,8;0,5;0,8;6;0;zayif;25,4;24,4;30,6;asagi;zayif;zayif;asagi;0,75;-3,80;3;1216;-0,33;21964608;1479,09;SAT;NEGATIF;SAT;NEGATIF;AZALIYOR;SAT;SAT;UCUZ (AL);0;29.09.2026
KOTON;izle;;3,2;2,4;0,7;0,0;6;0;zayif;37,9;17,7;9,0;asagi;zayif;zayif;asagi;0,48;-6,35;3;10,13;-0,49;8653471;11,21;SAT;NEGATIF;SAT;NEGATIF;AZALIYOR;SAT;SAT;UCUZ (AL);0;29.09.2026
SMART;izle;;3,1;1,9;0,7;0,6;10;0;zayif;26,0;15,4;27,0;asagi;zayif;zayif;asagi;0,73;-6,53;4;15,5;-2,52;9581620;19,01;SAT;NEGATIF;SAT;NEGATIF;AZALIYOR;SAT;SAT;NOTR;0;29.09.2026
SILVR;izle;;3,1;2,4;0,7;0,0;10;0;zayif;38,6;14,3;6,3;asagi;zayif;zayif;asagi;0,54;-4,97;4;1,65;-1,79;1487957;1,96;SAT;NEGATIF;SAT;NEGATIF;AZALIYOR;AL;AL;UCUZ (AL);2;29.09.2026
DOKTA;izle;;3,0;2,4;0,0;0,6;6;0;zayif;36,2;18,9;21,3;asagi;zayif;zayif;asagi;0,73;-5,30;3;16,1;-2,42;6554680;19,44;SAT;NEGATIF;SAT;NEGATIF;AZALIYOR;SAT;SAT;UCUZ (AL);0;29.09.2026
PAHOL;izle;;3,0;2,4;0,0;0,5;10;0;zayif;40,1;13,9;21,6;asagi;zayif;zayif;asagi;0,73;-6,76;5;0,85;-2,30;166596715;1,03;SAT;NEGATIF;SAT;NEGATIF;AZALIYOR;SAT;SAT;UCUZ (AL);0;29.09.2026
MAALT;izle;;2,9;1,5;1,2;0,3;40;5;zayif;22,7;26,1;60,6;asagi;zayif;zayif;asagi;0,72;-3,94;2;831;-0,24;26917752;947,85;SAT;NEGATIF;SAT;NEGATIF;AZALIYOR;SAT;SAT;NOTR;0;29.09.2026
FZLGY;izle;;2,9;2,4;0,5;0,0;0;0;zayif;34,8;19,5;39,6;asagi;zayif;zayif;asagi;0,56;-6,40;2;5,06;-4,35;60379209;7,20;SAT;NEGATIF;SAT;NEGATIF;AZALIYOR;SAT;SAT;UCUZ (AL);0;29.09.2026
AGROT;izle;;2,9;2,0;0,9;0,0;0;0;zayif;26,8;13,6;26,2;asagi;zayif;zayif;asagi;0,57;-7,82;2;1,32;-2,22;27393738;1,60;SAT;NEGATIF;SAT;NEGATIF;AZALIYOR;SAT;SAT;UCUZ (AL);0;29.09.2026
ALKIM;izle;;2,8;2,4;0,3;0,0;32;2;zayif;35,3;16,5;3,5;asagi;zayif;zayif;asagi;0,66;-5,72;5;11,9;-3,72;12283240;13,89;SAT;NEGATIF;SAT;NEGATIF;AZALIYOR;SAT;SAT;UCUZ (AL);0;29.09.2026
LILAK;izle;;2,8;1,1;1,6;0,0;0;0;zayif;20,4;23,2;41,9;asagi;zayif;zayif;asagi;0,49;-4,36;2;23,88;-1,00;38868186;27,49;SAT;NEGATIF;SAT;NEGATIF;AZALIYOR;SAT;SAT;NOTR;0;29.09.2026
AHSGY;izle;;2,8;2,0;0,7;0,0;40;4;zayif;26,9;22,8;57,3;asagi;zayif;zayif;asagi;0,22;-5,55;1;8,64;-9,91;8486649;12,99;SAT;NEGATIF;SAT;NEGATIF;AZALIYOR;SAT;SAT;UCUZ (AL);0;29.09.2026
OYAYO;izle;;2,7;0,6;2,2;0,0;6;0;zayif;16,1;26,6;22,7;asagi;zayif;zayif;asagi;0,39;-3,76;3;33,58;-2,67;947963;41,04;SAT;NEGATIF;NOTR;NEGATIF;AZALIYOR;SAT;SAT;UCUZ (AL);0;29.09.2026
HKTM;izle;;2,7;2,4;0,3;0,0;10;0;zayif;35,0;22,5;12,6;asagi;zayif;zayif;asagi;0,33;-3,76;4;9,01;-5,16;17610261;11,49;SAT;NEGATIF;SAT;NEGATIF;AZALIYOR;SAT;AL;NOTR;1;29.09.2026
ADESE;izle;;2,7;2,4;0,2;0,0;6;0;zayif;37,9;19,6;0,0;asagi;zayif;zayif;asagi;0,69;-5,38;3;0,64;0,00;55744228;0,75;SAT;NEGATIF;SAT;NEGATIF;AZALIYOR;SAT;SAT;UCUZ (AL);0;29.09.2026
INGRM;izle;;2,7;1,1;1,6;0,0;0;0;zayif;19,9;22,7;23,2;asagi;zayif;zayif;asagi;0,26;-3,87;2;300,75;-4,45;4962676;360,57;SAT;NEGATIF;NOTR;NEGATIF;AZALIYOR;AL;SAT;UCUZ (AL);1;29.09.2026
PRKME;izle;;2,7;2,4;0,2;0,0;6;0;zayif;30,0;23,7;23,5;asagi;zayif;zayif;asagi;0,48;-4,47;3;13,81;-1,29;12523239;16,27;SAT;NEGATIF;SAT;NEGATIF;AZALIYOR;SAT;AL;NOTR;1;29.09.2026
ADEL;izle;;2,6;2,4;0,3;0,0;10;0;zayif;29,5;25,0;8,8;asagi;zayif;zayif;asagi;0,62;-4,67;5;24,02;-3,07;36777743;28,51;SAT;NEGATIF;SAT;NEGATIF;AZALIYOR;SAT;SAT;NOTR;0;29.09.2026
ALKA;izle;;2,6;2,4;0,2;0,0;42;3;zayif;32,7;16,4;15,6;asagi;zayif;zayif;asagi;0,64;-6,15;6;5,99;-1,32;8803389;7,00;SAT;NEGATIF;SAT;NEGATIF;AZALIYOR;SAT;AL;UCUZ (AL);1;29.09.2026
YESIL;izle;;2,6;2,4;0,1;0,0;0;0;zayif;40,4;14,9;19,7;asagi;zayif;zayif;asagi;0,69;-6,90;1;0,82;-3,53;9040483;0,98;SAT;NEGATIF;SAT;NEGATIF;AZALIYOR;SAT;AL;UCUZ (AL);1;29.09.2026
YIGIT;izle;;2,6;2,4;0,1;0,0;0;0;zayif;33,1;22,3;26,6;asagi;zayif;zayif;asagi;0,47;-5,04;2;16,97;-1,22;24545442;19,48;SAT;NEGATIF;SAT;NEGATIF;AZALIYOR;SAT;SAT;UCUZ (AL);0;29.09.2026
YAYLA;izle;;2,5;2,4;0,1;0,0;6;0;zayif;35,5;20,9;5,3;asagi;zayif;zayif;asagi;0,68;-5,53;3;13,76;-7,34;9946444;17,83;SAT;NEGATIF;SAT;NEGATIF;ARTIYOR;SAT;SAT;UCUZ (AL);0;29.09.2026
ALTNY;izle;;2,4;2,4;0,0;0,0;6;0;zayif;30,0;22,4;9,5;asagi;zayif;zayif;asagi;0,56;-4,80;3;11,68;-5,04;160653378;14,55;SAT;NEGATIF;SAT;NEGATIF;AZALIYOR;SAT;SAT;UCUZ (AL);0;29.09.2026
GSRAY;izle;;2,4;2,4;0,0;0,0;6;0;zayif;42,1;14,8;4,4;asagi;zayif;zayif;asagi;0,52;-5,73;3;0,8;-1,23;61580594;0,90;SAT;NEGATIF;SAT;NEGATIF;AZALIYOR;SAT;SAT;UCUZ (AL);0;29.09.2026
USAK;izle;;2,4;2,4;0,0;0,0;6;0;zayif;44,0;4,9;5,9;asagi;zayif;zayif;asagi;0,19;-10,33;3;0,54;-10,00;7428315;0,73;SAT;NEGATIF;SAT;NEGATIF;ARTIYOR;SAT;SAT;UCUZ (AL);0;29.09.2026
BALAT;izle;;2,4;2,4;0,0;0,0;22;2;zayif;30,5;21,4;16,9;asagi;zayif;zayif;asagi;0,64;-7,29;2;48,5;-3,00;1260515;57,55;SAT;NEGATIF;SAT;NEGATIF;AZALIYOR;SAT;SAT;UCUZ (AL);0;29.09.2026
YYAPI;izle;;2,4;2,4;0,0;0,0;10;0;zayif;64,6;11,4;11,9;asagi;zayif;zayif;asagi;0,55;-10,54;4;0,53;-3,64;1152398;0,61;SAT;NEGATIF;SAT;NEGATIF;AZALIYOR;SAT;SAT;UCUZ (AL);0;29.09.2026
PSGYO;izle;;2,4;2,4;0,0;0,0;0;0;zayif;37,9;17,3;12,9;asagi;zayif;zayif;asagi;0,07;-7,26;2;1,6;-9,60;14134595;2,12;SAT;NEGATIF;SAT;NEGATIF;AZALIYOR;AL;AL;NOTR;2;29.09.2026
RUBNS;izle;;2,4;2,4;0,0;0,0;10;0;zayif;41,8;18,5;28,0;asagi;zayif;zayif;asagi;0,13;-4,95;4;16,29;-9,95;3837761;22,75;SAT;NEGATIF;SAT;NEGATIF;AZALIYOR;SAT;SAT;UCUZ (AL);0;29.09.2026
IHAAS;izle;;2,4;2,4;0,0;0,0;32;3;zayif;35,1;12,0;12,7;asagi;zayif;zayif;asagi;0,10;-8,41;2;20,86;-9,93;1479934;30,49;SAT;NEGATIF;SAT;NEGATIF;AZALIYOR;SAT;AL;UCUZ (AL);1;29.09.2026
SASA;izle;;2,4;1,5;0,9;0,0;6;0;zayif;23,3;28,0;23,0;asagi;zayif;zayif;asagi;0,64;-3,44;3;1,88;0,00;5974756299;2,34;SAT;NEGATIF;SAT;NEGATIF;AZALIYOR;SAT;AL;NOTR;1;29.09.2026
BIZIM;izle;;2,4;2,3;0,1;0,0;20;1;zayif;29,0;23,2;3,5;asagi;zayif;zayif;asagi;0,45;-4,95;4;19,2;-1,64;2397869;22,04;SAT;NEGATIF;SAT;NEGATIF;AZALIYOR;SAT;SAT;UCUZ (AL);0;29.09.2026
TDGYO;izle;;2,3;2,3;0,0;0,0;0;0;zayif;29,2;20,1;36,3;asagi;zayif;zayif;asagi;0,19;-5,68;2;7,88;-9,94;2697694;12,04;SAT;NEGATIF;SAT;NEGATIF;AZALIYOR;SAT;AL;UCUZ (AL);1;29.09.2026
DENGE;izle;;2,3;2,3;0,0;0,0;28;2;zayif;28,7;21,6;23,4;asagi;zayif;zayif;asagi;0,33;-5,06;3;1,69;-1,74;12524171;2,02;SAT;NEGATIF;SAT;NEGATIF;AZALIYOR;SAT;SAT;UCUZ (AL);0;29.09.2026
YAPRK;izle;;2,2;0,8;1,4;0,0;6;0;zayif;18,2;21,2;47,7;asagi;zayif;zayif;asagi;0,37;-3,87;3;8,4;-2,89;11949823;10,09;SAT;NEGATIF;NOTR;NEGATIF;AZALIYOR;SAT;SAT;UCUZ (AL);0;29.09.2026
VESBE;izle;;2,2;1,9;0,3;0,0;10;0;zayif;26,0;22,6;36,6;asagi;zayif;zayif;asagi;0,41;-4,47;4;4,29;-0,92;47682020;5,19;SAT;NEGATIF;SAT;NEGATIF;AZALIYOR;SAT;SAT;UCUZ (AL);0;29.09.2026
TMSN;izle;;2,1;0,6;1,5;0,0;10;0;zayif;16,4;19,0;30,6;asagi;zayif;zayif;asagi;0,43;-4,70;4;57,7;-2,94;19657640;69,13;SAT;NEGATIF;NOTR;NEGATIF;AZALIYOR;SAT;SAT;UCUZ (AL);0;29.09.2026
OSTIM;izle;;2,0;1,4;0,6;0,0;10;0;zayif;22,5;22,2;24,9;asagi;zayif;zayif;asagi;0,61;-5,03;4;1,22;-3,94;9517574;1,45;SAT;NEGATIF;SAT;NEGATIF;AZALIYOR;SAT;SAT;UCUZ (AL);0;29.09.2026
BEYAZ;izle;;1,9;1,5;0,3;0,0;6;0;zayif;23,3;22,4;40,9;asagi;zayif;zayif;asagi;0,52;-5,34;3;16,28;-2,34;8978469;19,70;SAT;NEGATIF;SAT;NEGATIF;AZALIYOR;SAT;SAT;UCUZ (AL);0;29.09.2026
PRKAB;izle;;1,8;0,6;1,2;0,0;20;1;zayif;16,3;19,6;2,8;asagi;zayif;zayif;asagi;0,28;-4,55;4;24,5;-1,92;7733548;29,56;SAT;NEGATIF;NOTR;NEGATIF;ARTIYOR;SAT;SAT;NOTR;0;29.09.2026