hisse;durum;yeni_sinyal;konfluans;trend_35;momentum_30;hacim_35;risk;uyumsuzluk;rejim;adx;rsi;mfi;supertrend;goreli_guc;usd_trend;haftalik_trend;hacim_orani;ema50_uzaklik_atr;dagitim_gun;kapanis;degisim%;islem_hacmi_tl;st_cizgisi;osc_macd;osc_rsi;osc_adx;osc_momentum;osc_atr;osc_wavetrend;osc_stochrsi;osc_sharpe;osc_al_sayisi;tarih
CELHA;GUCLU AL;;98,7;35,0;30,0;33,7;10;0;guclu trend;30,4;64,2;64,9;yukari;guclu;yukselis;yukari;1,72;2,49;1;28,34;-3,93;118358638;24,80;AL;POZITIF;AL;POZITIF;ARTIYOR;AL;SAT;NOTR;5;16.09.2026
AHGAZ;GUCLU AL;;97,3;35,0;30,0;32,3;20;0;guclu trend;34,8;58,3;70,8;yukari;guclu;yukselis;yukari;2,71;2,04;1;39;-5,11;709611747;37,30;AL;POZITIF;AL;POZITIF;ARTIYOR;SAT;SAT;NOTR;4;16.09.2026
ENERY;GUCLU AL;;96,3;35,0;30,0;31,3;32;0;guclu trend;48,8;68,9;73,6;yukari;guclu;yukselis;yukari;3,52;3,74;1;11,94;-5,98;2529102443;11,31;AL;POZITIF;AL;POZITIF;ARTIYOR;AL;SAT;NOTR;5;16.09.2026
KRGYO;GUCLU AL;;96,0;35,0;28,3;32,8;28;0;guclu trend;47,7;75,5;59,4;yukari;guclu;yukselis;yukari;1,17;3,96;2;3,68;0,00;104918934;3,16;AL;POZITIF;AL;POZITIF;ARTIYOR;AL;SAT;NOTR;5;16.09.2026
TKFEN;GUCLU AL;;94,6;34,3;26,0;34,3;20;0;guclu trend;28,3;66,5;55,9;yukari;guclu;yukselis;yukari;1,69;3,14;1;234,7;2,04;2203494563;197,64;SAT;POZITIF;AL;POZITIF;ARTIYOR;AL;AL;NOTR;5;16.09.2026
BMSTL;GUCLU AL;EVET;94,4;31,5;30,0;32,9;22;0;guclu trend;20,9;65,9;79,0;yukari;guclu;yukselis;yukari;3,60;2,11;1;49,32;-1,08;573022349;43,46;AL;POZITIF;AL;POZITIF;ARTIYOR;AL;AL;NOTR;6;16.09.2026
ISDMR;GUCLU AL;;93,1;33,9;27,9;31,2;0;0;guclu trend;27,3;52,7;67,5;yukari;guclu;yukselis;yukari;1,55;0,60;0;57,3;-6,07;166858058;54,38;AL;POZITIF;AL;POZITIF;ARTIYOR;SAT;SAT;NOTR;4;16.09.2026
BAHKM;GUCLU AL;;90,9;35,0;29,8;26,1;18;1;guclu trend;43,6;54,9;66,0;yukari;guclu;yukselis;yukari;1,51;1,41;1;161,9;-4,82;501116928;146,75;AL;POZITIF;AL;POZITIF;ARTIYOR;SAT;SAT;NOTR;4;16.09.2026
TUPRS;izle;;89,8;35,0;24,0;30,8;42;2;guclu trend;41,5;60,4;62,0;yukari;guclu;yukselis;yukari;1,11;3,13;2;401,75;-2,61;13163308217;374,32;SAT;POZITIF;AL;POZITIF;ARTIYOR;SAT;SAT;NOTR;3;16.09.2026
CEOEM;GUCLU AL;;89,3;27,0;30,0;32,3;10;0;zayif;22,3;67,4;78,0;yukari;guclu;yukselis;yukari;2,08;2,90;1;30;-5,66;144437700;26,51;AL;POZITIF;AL;POZITIF;ARTIYOR;AL;SAT;NOTR;5;16.09.2026
SKYMD;GUCLU AL;;87,1;35,0;30,0;22,2;24;1;guclu trend;30,9;58,6;74,1;yukari;guclu;yukselis;yukari;1,13;1,48;3;16,75;-1,24;65957313;14,07;AL;POZITIF;AL;POZITIF;ARTIYOR;SAT;SAT;NOTR;4;16.09.2026
HURGZ;GUCLU AL;;87,1;31,4;27,8;27,9;0;0;guclu trend;20,9;51,4;63,9;yukari;guclu;yukselis;yukari;1,20;0,54;1;7,68;0,39;80435021;7,13;AL;POZITIF;AL;POZITIF;ARTIYOR;SAT;SAT;NOTR;4;16.09.2026
EUKYO;GUCLU AL;;87,0;35,0;30,0;22,0;0;0;guclu trend;48,4;61,4;57,5;yukari;guclu;yukselis;yukari;0,49;1,78;0;14,15;-1,05;7365103;12,63;AL;POZITIF;AL;POZITIF;ARTIYOR;AL;SAT;PAHALI (SAT);5;16.09.2026
YKSLN;GUCLU AL;;86,5;30,0;29,0;27,5;28;0;zayif;36,3;74,0;82,4;yukari;guclu;yukselis;yukari;1,11;5,52;0;4,58;-9,84;74467461;4,22;AL;POZITIF;AL;POZITIF;ARTIYOR;AL;SAT;NOTR;5;16.09.2026
MARTI;GUCLU AL;;85,9;35,0;29,6;21,3;28;0;guclu trend;58,4;72,8;85,5;yukari;guclu;yukselis;yukari;0,95;4,06;1;2,74;-9,87;497236913;2,32;AL;POZITIF;AL;POZITIF;ARTIYOR;AL;SAT;NOTR;5;16.09.2026
TRHOL;GUCLU AL;;85,6;35,0;29,3;21,3;36;0;guclu trend;68,1;73,4;98,5;yukari;guclu;yukselis;yukari;0,18;5,91;0;4050;-10,00;190949400;3703,90;AL;POZITIF;AL;POZITIF;ARTIYOR;SAT;SAT;PAHALI (SAT);4;16.09.2026
TRCAS;GUCLU AL;;84,6;29,6;22,1;32,9;0;0;guclu trend;23,7;48,8;62,6;yukari;guclu;yukselis;yukari;1,55;0,43;1;47,2;-3,83;76483305;45,06;SAT;NEGATIF;SAT;POZITIF;ARTIYOR;SAT;SAT;NOTR;1;16.09.2026
BIMAS;GUCLU AL;;84,6;30,3;21,5;32,7;0;0;guclu trend;29,1;46,6;44,6;yukari;guclu;yukselis;yukari;1,90;0,31;2;405,5;-2,47;7148984870;402,48;SAT;NEGATIF;SAT;NEGATIF;ARTIYOR;SAT;SAT;NOTR;0;16.09.2026
MRGYO;GUCLU AL;;84,5;35,0;30,0;19,5;20;0;guclu trend;49,5;70,0;77,7;yukari;guclu;yukselis;yukari;0,42;3,87;1;2,13;-9,75;175115754;1,84;AL;POZITIF;AL;POZITIF;ARTIYOR;AL;SAT;NOTR;5;16.09.2026
AGHOL;izle;;83,1;29,9;26,5;26,8;0;0;guclu trend;24,1;49,6;70,1;yukari;guclu;zayif;yukari;0,96;-0,00;2;33,22;-1,48;170532511;31,63;AL;NEGATIF;AL;POZITIF;ARTIYOR;SAT;SAT;NOTR;3;16.09.2026
BOSSA;AL;;83,0;21,4;29,2;32,5;0;0;zayif;15,4;58,6;73,9;yukari;guclu;yukselis;yukari;7,10;1,14;1;6,83;2,25;140352928;6,19;AL;POZITIF;NOTR;POZITIF;ARTIYOR;AL;AL;NOTR;5;16.09.2026
DMLKT;GUCLU AL;;82,9;35,0;24,0;23,8;16;0;guclu trend;42,4;56,4;55,3;yukari;guclu;yukselis;yukari;1,16;2,13;3;6,95;-1,56;58997862;6,62;SAT;POZITIF;AL;NEGATIF;ARTIYOR;SAT;SAT;NOTR;2;16.09.2026
PATEK;GUCLU AL;;82,5;25,9;28,4;28,2;0;0;zayif;24,0;54,5;54,3;yukari;guclu;yukselis;yukari;1,90;0,83;1;22,78;-9,46;1415824975;19,78;AL;POZITIF;AL;POZITIF;ARTIYOR;AL;SAT;NOTR;5;16.09.2026
ETILR;AL;;82,0;28,5;26,5;27,0;0;0;ilimli;15,6;48,5;58,5;yukari;guclu;zayif;yukari;1,17;0,00;2;5,94;-1,00;57689500;5,30;AL;NEGATIF;NOTR;POZITIF;ARTIYOR;SAT;SAT;NOTR;2;16.09.2026
FLAP;GUCLU AL;;80,9;33,6;27,4;19,9;0;0;guclu trend;40,9;52,2;64,4;yukari;guclu;yukselis;yukari;1,40;0,40;1;11,65;-9,83;23262382;10,92;AL;POZITIF;AL;POZITIF;ARTIYOR;SAT;SAT;NOTR;4;16.09.2026
EGEEN;AL;;80,6;20,2;30,0;30,3;12;0;zayif;29,1;61,4;70,5;yukari;guclu;yukselis;yukari;2,52;1,87;1;6070;-3,04;423467480;5541,03;AL;POZITIF;AL;POZITIF;ARTIYOR;AL;SAT;UCUZ (AL);5;16.09.2026
HALKB;GUCLU AL;;79,7;33,6;24,8;21,2;10;1;guclu trend;26,5;56,4;22,8;yukari;guclu;yukselis;yukari;1,31;1,63;2;46,78;1,52;3925660416;44,37;SAT;POZITIF;AL;POZITIF;ARTIYOR;SAT;SAT;NOTR;3;16.09.2026
HUNER;GUCLU AL;;79,5;32,3;23,1;24,1;22;2;guclu trend;23,0;54,0;64,7;yukari;guclu;yukselis;yukari;0,99;0,77;2;3,92;-0,25;226827699;3,50;SAT;POZITIF;AL;POZITIF;AZALIYOR;SAT;SAT;NOTR;3;16.09.2026
BJKAS;GUCLU AL;;79,4;34,9;28,6;16,0;0;0;guclu trend;29,7;51,0;50,3;yukari;guclu;yukselis;yukari;0,48;0,88;1;2,36;-9,92;613443275;2,14;AL;POZITIF;AL;POZITIF;ARTIYOR;SAT;SAT;NOTR;4;16.09.2026
DEVA;GUCLU AL;;78,9;35,0;24,6;19,3;0;0;guclu trend;47,1;55,0;65,3;yukari;guclu;yukselis;yukari;0,65;1,99;2;94,2;-3,09;66347886;91,73;SAT;POZITIF;AL;NEGATIF;ARTIYOR;SAT;SAT;NOTR;2;16.09.2026
KRPLS;GUCLU AL;;78,7;35,0;28,9;14,8;0;0;guclu trend;47,3;52,9;64,6;yukari;guclu;yukselis;yukari;1,11;1,03;2;11,56;-3,67;91007094;11,28;AL;POZITIF;AL;POZITIF;ARTIYOR;SAT;SAT;NOTR;4;16.09.2026
OZATD;izle;;78,6;35,0;23,6;20,0;42;2;guclu trend;33,1;51,2;88,1;yukari;guclu;yukselis;yukari;0,28;2,29;4;4482,5;-9,99;561231413;4306,40;SAT;POZITIF;AL;NEGATIF;ARTIYOR;AL;AL;PAHALI (SAT);4;16.09.2026
GMTAS;izle;;78,6;31,1;22,0;25,5;0;0;zayif;19,9;44,0;57,3;yukari;guclu;zayif;yukari;1,18;-0,54;1;44,6;-8,53;180670140;43,62;AL;NEGATIF;NOTR;NEGATIF;ARTIYOR;SAT;SAT;NOTR;1;16.09.2026
ALKLC;izle;;77,9;27,0;30,0;20,9;10;0;guclu trend;67,7;57,1;81,0;asagi;guclu;yukselis;yukari;0,19;2,39;0;468;-10,00;219392784;544,89;AL;POZITIF;AL;POZITIF;ARTIYOR;SAT;SAT;NOTR;4;16.09.2026
KONYA;AL;;77,4;20,0;28,2;29,2;10;1;zayif;35,4;54,2;68,8;yukari;guclu;yukselis;yukari;1,15;0,74;1;4017,5;-2,55;103000665;3764,83;AL;POZITIF;AL;POZITIF;ARTIYOR;SAT;SAT;NOTR;4;16.09.2026
TDGYO;AL;;76,2;20,2;29,0;27,0;12;0;zayif;34,6;56,7;75,2;yukari;guclu;yukselis;yukari;2,61;1,06;1;18,44;-9,96;76793232;16,24;AL;POZITIF;AL;POZITIF;ARTIYOR;AL;SAT;UCUZ (AL);5;16.09.2026
EFOR;izle;;75,0;20,2;29,5;25,3;40;4;ilimli;13,6;56,4;50,3;asagi;guclu;yukselis;yukari;0,90;1,28;1;19,9;-0,45;1504141978;20,83;AL;POZITIF;NOTR;POZITIF;ARTIYOR;AL;SAT;NOTR;4;16.09.2026
SOKM;AL;;74,7;29,0;21,9;23,9;22;2;ilimli;19,0;47,4;69,7;yukari;guclu;yukselis;yukari;0,83;0,48;2;56,25;-3,52;209771663;54,83;SAT;NEGATIF;NOTR;NEGATIF;ARTIYOR;SAT;SAT;NOTR;0;16.09.2026
DSTKF;AL;;74,3;30,1;28,2;16,0;0;0;ilimli;17,5;54,9;95,9;yukari;guclu;yukselis;yukari;0,12;0,72;1;2448;-10,00;497440944;2211,80;AL;POZITIF;NOTR;POZITIF;ARTIYOR;AL;SAT;PAHALI (SAT);4;16.09.2026
DURDO;izle;;74,2;23,7;25,8;24,7;40;4;guclu trend;21,5;46,0;60,6;asagi;guclu;zayif;yukari;1,58;-0,30;2;5;-2,91;17605925;5,27;AL;NEGATIF;AL;NEGATIF;ARTIYOR;SAT;SAT;NOTR;2;16.09.2026
TERA;AL;;74,0;23,4;30,0;20,6;0;0;zayif;34,8;57,3;97,2;yukari;guclu;yukselis;yukari;0,34;1,48;0;201,6;-10,00;1107373680;200,24;AL;POZITIF;AL;POZITIF;ARTIYOR;AL;SAT;NOTR;5;16.09.2026
KGYO;AL;;73,5;29,0;23,7;20,7;10;1;ilimli;19,7;51,6;40,7;yukari;guclu;yukselis;yukari;0,83;0,52;2;11,88;0,17;192287078;10,80;SAT;POZITIF;NOTR;NEGATIF;ARTIYOR;AL;AL;NOTR;3;16.09.2026
AYGAZ;izle;;73,3;35,0;22,6;15,7;40;4;guclu trend;41,7;49,0;66,7;yukari;guclu;yukselis;yukari;0,82;1,09;2;314,5;-3,75;350828524;299,67;SAT;NEGATIF;AL;NEGATIF;ARTIYOR;SAT;SAT;NOTR;1;16.09.2026
ZRGYO;izle;;73,2;17,6;22,6;33,0;40;4;zayif;22,2;52,1;59,3;yukari;guclu;yukselis;yukari;2,94;0,63;1;19,55;-2,54;73413104;18,80;SAT;POZITIF;AL;POZITIF;ARTIYOR;SAT;SAT;NOTR;3;16.09.2026
TEHOL;izle;;71,9;30,4;24,4;17,0;10;1;guclu trend;34,2;45,1;87,0;yukari;guclu;zayif;yukari;0,18;-0,12;1;43,04;-10,00;534635735;41,63;AL;NEGATIF;SAT;POZITIF;ARTIYOR;SAT;SAT;NOTR;2;16.09.2026
EBEBK;izle;;71,9;22,6;19,6;29,7;6;0;zayif;18,8;45,3;52,1;asagi;guclu;zayif;yukari;1,44;-0,45;3;80,2;-2,79;79026433;87,54;SAT;NEGATIF;NOTR;NEGATIF;ARTIYOR;SAT;SAT;NOTR;0;16.09.2026
IEYHO;izle;;71,6;27,0;24,3;20,3;20;0;guclu trend;85,1;53,6;99,9;asagi;guclu;yukselis;yukari;0,01;3,87;0;207;-10,00;6179985;224,55;SAT;POZITIF;AL;NEGATIF;ARTIYOR;SAT;SAT;PAHALI (SAT);2;16.09.2026
INVES;izle;;71,1;20,8;25,0;25,3;10;0;ilimli;18,1;52,1;20,5;asagi;guclu;yukselis;yukari;0,94;1,06;4;781;1,03;58386779;846,10;SAT;POZITIF;NOTR;NEGATIF;ARTIYOR;AL;AL;NOTR;3;16.09.2026
RYGYO;izle;;70,4;27,0;20,8;22,7;6;0;guclu trend;33,1;46,6;57,3;asagi;guclu;yukselis;yukari;1,04;0,53;3;42,6;0,95;153120545;50,89;SAT;NEGATIF;AL;NEGATIF;ARTIYOR;SAT;AL;NOTR;2;16.09.2026
KZGYO;izle;;70,4;22,0;29,6;18,8;0;0;zayif;40,9;54,8;71,9;asagi;guclu;yukselis;yukari;0,87;1,31;1;25;-9,94;107124300;31,80;AL;POZITIF;AL;POZITIF;ARTIYOR;SAT;SAT;NOTR;4;16.09.2026
TNZTP;izle;;70,1;28,7;21,7;19,7;38;3;ilimli;16,9;46,9;46,2;yukari;guclu;yukselis;yukari;1,48;0,27;3;29;-8,52;199509879;28,16;SAT;NEGATIF;NOTR;NEGATIF;ARTIYOR;AL;SAT;NOTR;1;16.09.2026
GSDDE;izle;;69,8;31,3;20,0;18,5;0;0;guclu trend;20,6;45,4;38,2;yukari;guclu;zayif;yukari;1,41;-0,39;2;12,98;-3,71;108956573;12,38;SAT;NEGATIF;AL;POZITIF;ARTIYOR;AL;SAT;NOTR;3;16.09.2026
NETAS;AL;;69,7;35,0;23,8;10,8;0;0;guclu trend;45,7;54,1;63,5;yukari;guclu;yukselis;yukari;0,35;1,62;2;93,5;-3,56;91799142;83,84;SAT;POZITIF;AL;NEGATIF;AZALIYOR;SAT;AL;NOTR;3;16.09.2026
ECOGR;AL;;69,4;22,6;27,5;19,3;0;0;ilimli;16,0;56,3;60,3;yukari;guclu;zayif;yukari;0,87;0,44;2;37,22;0,76;224322521;32,54;AL;POZITIF;NOTR;POZITIF;ARTIYOR;AL;SAT;NOTR;4;16.09.2026
CEMZY;izle;;68,6;32,4;20,2;16,0;0;0;guclu trend;23,2;46,1;28,8;yukari;guclu;zayif;yukari;0,62;-0,17;2;14,21;-9,20;465272744;13,41;SAT;NEGATIF;AL;NEGATIF;ARTIYOR;AL;AL;NOTR;3;16.09.2026
KARSN;izle;;68,1;25,5;26,7;16,0;0;0;guclu trend;41,3;47,9;78,9;asagi;guclu;yukselis;yukari;0,21;0,08;0;11,7;-10,00;123511752;16,03;AL;NEGATIF;AL;POZITIF;ARTIYOR;SAT;SAT;NOTR;3;16.09.2026
PETKM;izle;;68,0;23,7;26,4;18,0;6;0;guclu trend;26,8;47,2;48,4;asagi;guclu;yukselis;yukari;1,58;-0,06;3;20,98;-7,50;3519781473;25,77;AL;NEGATIF;AL;POZITIF;ARTIYOR;SAT;SAT;NOTR;3;16.09.2026
RYSAS;AL;;67,8;30,3;20,4;17,2;10;1;guclu trend;28,8;46,0;64,8;yukari;guclu;yukselis;yukari;0,69;0,17;2;25,1;-0,71;355016709;24,77;SAT;NEGATIF;SAT;NEGATIF;ARTIYOR;SAT;SAT;NOTR;0;16.09.2026
OZRDN;izle;;66,1;26,0;25,1;14,9;0;0;zayif;25,0;47,5;53,5;yukari;guclu;zayif;asagi;1,12;-0,35;1;29;-3,78;9189810;25,56;AL;NEGATIF;AL;NEGATIF;ARTIYOR;AL;SAT;NOTR;3;16.09.2026
ARSAN;izle;;64,7;27,0;20,4;17,3;0;0;guclu trend;30,0;46,4;45,4;asagi;guclu;yukselis;yukari;0,62;0,11;2;3,77;-2,58;75087414;4,37;SAT;NEGATIF;AL;NEGATIF;ARTIYOR;SAT;SAT;NOTR;1;16.09.2026
SASA;AL;;63,0;17,3;26,5;19,2;0;0;zayif;23,0;49,4;55,4;yukari;guclu;zayif;asagi;1,45;0,01;2;2,52;-10,00;15950479613;2,45;AL;NEGATIF;AL;POZITIF;ARTIYOR;SAT;SAT;NOTR;3;16.09.2026
CANTE;AL;EVET;62,3;10,4;28,2;23,6;8;0;zayif;31,9;57,9;68,1;yukari;guclu;yukselis;asagi;2,97;0,74;2;1,35;6,30;1771377023;1,23;AL;POZITIF;SAT;POZITIF;ARTIYOR;SAT;SAT;UCUZ (AL);3;16.09.2026
TRENJ;izle;;62,2;28,7;16,5;17,0;50;5;zayif;17,0;42,7;40,9;yukari;guclu;zayif;yukari;1,00;-0,40;4;99,05;-4,39;188120217;98,12;SAT;NEGATIF;NOTR;NEGATIF;ARTIYOR;SAT;SAT;NOTR;0;16.09.2026
ZOREN;AL;;62,1;15,0;28,2;18,9;8;0;zayif;42,8;62,4;57,0;yukari;guclu;yukselis;asagi;3,50;0,72;2;2,55;1,19;869509470;2,20;AL;POZITIF;AL;POZITIF;ARTIYOR;AL;AL;NOTR;6;16.09.2026
TURGG;izle;;62,0;20,0;20,9;21,1;32;3;zayif;36,0;48,1;67,1;yukari;guclu;yukselis;asagi;1,30;-0,11;0;28,2;1,22;49518636;25,81;SAT;NEGATIF;AL;NEGATIF;ARTIYOR;SAT;SAT;NOTR;1;16.09.2026
TARKM;izle;;62,0;33,7;17,6;10,7;0;0;guclu trend;26,6;44,8;54,5;yukari;guclu;zayif;yukari;0,72;-0,34;1;492,5;-4,28;76328143;478,25;SAT;NEGATIF;AL;NEGATIF;ARTIYOR;SAT;SAT;NOTR;1;16.09.2026
ORGE;izle;;61,9;29,1;17,9;14,9;32;2;guclu trend;20,2;44,3;43,0;yukari;guclu;zayif;yukari;1,01;-0,19;4;21,9;-2,67;115187518;20,44;SAT;NEGATIF;SAT;NEGATIF;ARTIYOR;SAT;SAT;NOTR;0;16.09.2026
SANKO;izle;;61,4;15,0;26,3;20,1;0;0;zayif;38,3;52,0;79,8;yukari;guclu;zayif;asagi;1,35;-0,07;2;19,73;-1,35;13826153;18,50;AL;POZITIF;AL;POZITIF;ARTIYOR;SAT;SAT;NOTR;4;16.09.2026
KLSYN;izle;;60,8;22,4;11,9;26,4;0;0;guclu trend;29,6;37,3;70,2;asagi;guclu;zayif;yukari;1,39;-0,96;1;14,13;-9,94;70987354;17,19;SAT;NEGATIF;SAT;NEGATIF;ARTIYOR;SAT;SAT;NOTR;0;16.09.2026
AVPGY;izle;;60,5;20,3;26,3;13,8;0;0;zayif;28,6;48,9;47,7;yukari;guclu;zayif;asagi;1,82;-0,08;1;54,2;-4,58;75816803;51,57;AL;NEGATIF;AL;NEGATIF;ARTIYOR;SAT;SAT;NOTR;2;16.09.2026
KCHOL;izle;;60,1;21,2;16,2;22,7;28;2;guclu trend;34,0;40,8;65,9;asagi;guclu;zayif;yukari;1,33;-0,43;3;206,5;-5,62;8536970397;229,66;SAT;NEGATIF;SAT;NEGATIF;ARTIYOR;SAT;SAT;NOTR;0;16.09.2026
BIGEN;izle;;60,0;22,0;22,1;16,0;0;0;guclu trend;26,5;48,9;75,6;asagi;guclu;yukselis;yukari;0,20;0,92;0;141,3;-9,94;213256319;157,93;SAT;NEGATIF;SAT;NEGATIF;ARTIYOR;AL;AL;PAHALI (SAT);2;16.09.2026
AKSGY;izle;;60,0;28,9;15,7;15,4;10;1;zayif;18,9;40,6;49,2;yukari;guclu;zayif;yukari;0,73;-0,64;2;9,61;-2,83;39809771;9,55;SAT;NEGATIF;NOTR;NEGATIF;ARTIYOR;SAT;SAT;NOTR;0;16.09.2026
ATATP;izle;;59,9;35,0;16,5;8,4;28;2;guclu trend;34,4;42,9;35,9;yukari;guclu;zayif;yukari;0,73;-0,12;3;267,75;-0,93;219348029;267,66;SAT;NEGATIF;AL;NEGATIF;AZALIYOR;SAT;AL;NOTR;2;16.09.2026
TUCLK;izle;;58,9;15,0;21,3;22,6;6;0;zayif;31,0;47,2;58,0;yukari;guclu;zayif;asagi;3,19;-0,51;3;3,84;2,13;133947072;3,67;SAT;NEGATIF;AL;POZITIF;ARTIYOR;SAT;AL;UCUZ (AL);3;16.09.2026
MZHLD;izle;;58,5;13,3;25,3;19,9;0;0;zayif;25,6;48,1;47,9;yukari;guclu;zayif;asagi;1,89;-0,51;2;5,38;-8,81;7259939;5,33;AL;NEGATIF;AL;POZITIF;ARTIYOR;AL;SAT;NOTR;4;16.09.2026
ALARK;izle;;58,3;19,5;15,8;23,1;10;1;guclu trend;27,8;41,0;68,2;asagi;guclu;zayif;yukari;0,89;-0,66;2;104,6;-4,04;519165050;117,47;SAT;NEGATIF;SAT;NEGATIF;ARTIYOR;SAT;SAT;NOTR;0;16.09.2026
ARMGD;izle;;58,1;21,2;10,9;26,0;32;2;guclu trend;20,8;41,8;56,9;asagi;zayif;zayif;yukari;1,56;-0,94;4;171,5;-2,67;391740986;205,67;SAT;NEGATIF;SAT;NEGATIF;ARTIYOR;SAT;AL;NOTR;1;16.09.2026
KUVVA;izle;;57,3;29,9;15,8;11,6;38;3;guclu trend;25,8;40,9;46,2;yukari;guclu;zayif;yukari;0,86;-0,38;3;163,6;-3,82;21813442;163,41;SAT;NEGATIF;SAT;NEGATIF;ARTIYOR;SAT;SAT;NOTR;0;16.09.2026
EPLAS;izle;;56,8;20,5;26,3;10,0;10;1;zayif;29,4;48,8;25,7;yukari;guclu;zayif;asagi;1,79;-0,08;2;5,76;-9,86;68330926;5,66;AL;NEGATIF;AL;POZITIF;ARTIYOR;AL;SAT;NOTR;4;16.09.2026
DZGYO;izle;;56,6;13,8;24,1;18,7;0;0;zayif;26,8;46,4;67,0;yukari;guclu;zayif;asagi;2,00;-0,80;1;7,27;-9,91;41808919;6,97;AL;NEGATIF;AL;POZITIF;ARTIYOR;SAT;SAT;NOTR;3;16.09.2026
OZSUB;izle;;56,5;29,0;17,3;10,3;16;1;ilimli;19,2;42,7;20,3;yukari;guclu;zayif;yukari;0,67;0,03;3;38,6;-3,02;67460023;37,97;SAT;NEGATIF;NOTR;NEGATIF;AZALIYOR;SAT;SAT;NOTR;0;16.09.2026
KRDMD;izle;;56,5;21,4;14,0;21,0;46;4;guclu trend;22,7;40,3;42,1;asagi;guclu;zayif;yukari;1,29;-0,81;3;41,56;-5,55;2910105385;48,15;SAT;NEGATIF;SAT;NEGATIF;ARTIYOR;SAT;SAT;NOTR;0;16.09.2026
ENJSA;izle;;55,9;25,6;15,1;15,1;16;1;zayif;18,9;41,3;45,6;yukari;guclu;zayif;asagi;1,88;-0,93;3;107,3;-4,88;887725948;106,65;SAT;NEGATIF;NOTR;NEGATIF;ARTIYOR;SAT;SAT;NOTR;0;16.09.2026
DMRGD;izle;;55,2;14,6;18,6;22,0;0;0;zayif;23,8;46,7;27,6;asagi;guclu;zayif;yukari;1,90;-0,28;2;10,8;2,86;619089437;11,92;SAT;NEGATIF;SAT;NEGATIF;ARTIYOR;SAT;AL;PAHALI (SAT);1;16.09.2026
UNLU;izle;;55,1;10,4;26,7;18,0;6;0;zayif;33,0;58,0;39,3;yukari;guclu;zayif;asagi;2,31;0,07;3;11,33;10,00;29036139;9,82;AL;POZITIF;SAT;POZITIF;ARTIYOR;AL;AL;UCUZ (AL);5;16.09.2026
BOBET;izle;;55,0;21,0;18,0;16,0;32;3;guclu trend;41,0;44,6;70,5;asagi;guclu;zayif;yukari;0,58;-0,29;1;20,16;-10,00;100342912;26,65;SAT;NEGATIF;AL;NEGATIF;ARTIYOR;SAT;SAT;NOTR;1;16.09.2026
CATES;izle;;54,9;22,4;16,4;16,0;0;0;guclu trend;33,5;41,9;50,3;asagi;guclu;yukselis;yukari;0,30;-0,03;2;56,7;-10,00;54500891;74,91;SAT;NEGATIF;SAT;NEGATIF;ARTIYOR;SAT;SAT;NOTR;0;16.09.2026
MAALT;izle;;53,1;15,0;20,1;18,0;40;5;zayif;32,8;44,0;45,6;yukari;guclu;zayif;asagi;1,43;-1,23;2;990;-5,71;70682040;954,44;AL;NEGATIF;AL;NEGATIF;ARTIYOR;AL;SAT;NOTR;3;16.09.2026
VESTL;izle;;52,8;20,0;25,8;6,9;0;0;zayif;37,2;47,0;74,8;yukari;guclu;zayif;asagi;1,12;-0,29;2;23,84;-7,02;435897331;22,39;AL;NEGATIF;AL;NEGATIF;ARTIYOR;SAT;SAT;NOTR;2;16.09.2026
MPARK;izle;;52,8;21,1;15,1;16,5;0;0;zayif;19,3;40,9;43,6;yukari;guclu;zayif;asagi;1,54;-1,16;2;414,5;-2,98;342701968;411,23;SAT;NEGATIF;NOTR;POZITIF;ARTIYOR;SAT;SAT;NOTR;1;16.09.2026
BRSAN;izle;;52,4;22,3;14,4;15,7;6;0;guclu trend;28,9;40,9;30,9;asagi;guclu;zayif;yukari;1,04;-0,40;3;637,5;-1,54;1589966438;709,48;SAT;NEGATIF;SAT;NEGATIF;ARTIYOR;SAT;SAT;NOTR;0;16.09.2026
DENGE;izle;;51,6;19,2;20,1;12,2;22;2;zayif;28,0;46,2;62,1;yukari;guclu;zayif;asagi;1,25;-0,52;2;2,33;-3,32;75181898;2,22;SAT;NEGATIF;AL;POZITIF;ARTIYOR;SAT;SAT;UCUZ (AL);2;16.09.2026
ISBTR;izle;;51,1;24,8;15,3;11,0;32;3;zayif;12,5;43,6;41,1;yukari;guclu;zayif;yukari;0,88;-0,57;1;487697,5;-0,47;1950790;482449,90;SAT;NEGATIF;NOTR;NEGATIF;AZALIYOR;SAT;SAT;NOTR;0;16.09.2026
OFSYM;izle;;50,9;24,1;16,0;10,8;20;1;zayif;40,3;42,3;65,8;yukari;guclu;yukselis;asagi;0,72;-0,42;5;60,4;-6,43;99403300;58,06;SAT;NEGATIF;SAT;NEGATIF;ARTIYOR;SAT;SAT;NOTR;0;16.09.2026
SELEC;izle;;50,8;22,4;12,4;16,0;0;0;guclu trend;42,2;37,5;83,6;asagi;guclu;zayif;yukari;0,01;-0,65;0;262,75;-9,94;12181878;330,14;SAT;NEGATIF;SAT;NEGATIF;ARTIYOR;SAT;SAT;PAHALI (SAT);0;16.09.2026
AVGYO;izle;;50,8;20,7;20,9;9,2;40;5;zayif;17,0;46,9;42,8;asagi;guclu;zayif;yukari;0,72;-0,10;2;15,68;-5,43;20423984;18,21;SAT;NEGATIF;NOTR;NEGATIF;ARTIYOR;SAT;SAT;NOTR;0;16.09.2026
BMSCH;izle;;50,6;13,6;19,0;18,0;12;0;zayif;26,4;47,7;70,9;yukari;zayif;zayif;asagi;5,90;-1,65;1;11,18;2,10;200407358;10,06;AL;NEGATIF;AL;POZITIF;ARTIYOR;AL;SAT;UCUZ (AL);4;16.09.2026
CRFSA;izle;;50,5;27,0;15,5;8,0;50;4;guclu trend;41,9;42,2;44,8;asagi;guclu;yukselis;yukari;0,54;-0,25;4;229,8;-6,85;371753435;307,86;SAT;NEGATIF;AL;NEGATIF;ARTIYOR;SAT;SAT;NOTR;1;16.09.2026
ATLAS;izle;;50,3;13,7;18,6;18,0;0;0;zayif;26,7;45,9;57,4;yukari;zayif;zayif;asagi;1,91;-1,20;0;6,3;-8,70;11043428;5,76;AL;NEGATIF;AL;POZITIF;ARTIYOR;AL;SAT;NOTR;4;16.09.2026
ALTIN;izle;;48,8;8,0;21,7;19,1;0;0;zayif;16,7;46,7;48,5;asagi;guclu;zayif;asagi;1,00;-0,34;2;73,44;0,23;1365659616;77,86;SAT;NEGATIF;NOTR;NEGATIF;AZALIYOR;SAT;SAT;UCUZ (AL);0;16.09.2026
INDES;izle;;48,6;21,4;10,3;16,8;46;4;zayif;24,8;36,0;32,4;asagi;guclu;zayif;asagi;1,02;-1,42;3;10,59;-5,02;77798291;12,03;SAT;NEGATIF;SAT;NEGATIF;ARTIYOR;SAT;SAT;NOTR;0;16.09.2026
KERVN;izle;;48,6;21,8;4,8;21,9;22;2;guclu trend;25,4;38,0;42,6;asagi;zayif;zayif;yukari;1,05;-1,80;1;7,74;-10,00;9129500;10,05;SAT;NEGATIF;SAT;NEGATIF;ARTIYOR;SAT;SAT;NOTR;0;16.09.2026
TRALT;izle;;48,6;18,1;11,2;19,3;10;1;zayif;15,0;40,5;42,7;asagi;guclu;zayif;asagi;1,31;-1,17;2;47,34;-6,16;6142363911;56,70;SAT;NEGATIF;NOTR;NEGATIF;ARTIYOR;SAT;SAT;NOTR;0;16.09.2026
IHYAY;izle;;48,2;14,4;15,8;18,0;0;0;zayif;28,4;41,2;57,7;yukari;zayif;zayif;asagi;1,62;-2,34;2;1,18;-8,53;6415606;1,17;AL;NEGATIF;AL;NEGATIF;ARTIYOR;AL;SAT;UCUZ (AL);3;16.09.2026
TOASO;izle;;47,8;12,4;24,3;11,2;0;0;zayif;22,1;45,1;47,4;yukari;guclu;zayif;asagi;0,89;-0,85;0;272,25;-4,22;921297267;263,78;AL;NEGATIF;SAT;POZITIF;ARTIYOR;SAT;SAT;NOTR;2;16.09.2026
ALCAR;izle;;47,0;11,6;17,5;18,0;0;0;zayif;21,2;45,0;70,1;yukari;zayif;zayif;asagi;1,57;-1,09;1;689;-0,43;53976949;664,39;AL;NEGATIF;AL;NEGATIF;ARTIYOR;SAT;SAT;UCUZ (AL);2;16.09.2026
MANAS;izle;;46,8;21,6;9,2;16,0;0;0;guclu trend;23,9;36,6;65,7;asagi;zayif;zayif;yukari;0,35;-1,04;1;30,1;-9,99;314859455;39,37;SAT;NEGATIF;SAT;NEGATIF;ARTIYOR;SAT;SAT;NOTR;0;16.09.2026
OZYSR;izle;;46,5;16,7;11,2;18,7;0;0;zayif;22,4;42,9;42,4;yukari;zayif;zayif;asagi;1,37;-1,11;2;11,61;1,84;44447445;11,14;SAT;NEGATIF;SAT;NEGATIF;ARTIYOR;SAT;SAT;NOTR;0;16.09.2026
ANHYT;izle;;46,5;7,1;26,0;13,4;6;0;zayif;13,7;47,7;52,2;asagi;guclu;zayif;asagi;1,75;-0,21;3;105,9;-1,67;127401830;112,43;AL;NEGATIF;NOTR;POZITIF;ARTIYOR;SAT;SAT;NOTR;2;16.09.2026
ASELS;izle;;46,2;20,8;11,7;13,8;6;0;zayif;17,6;38,5;32,1;asagi;guclu;zayif;asagi;1,47;-1,31;3;360;-4,51;16710953040;413,49;SAT;NEGATIF;NOTR;NEGATIF;ARTIYOR;SAT;SAT;NOTR;0;16.09.2026
PETUN;izle;;46,2;20,0;14,6;11,6;32;3;zayif;44,2;40,8;66,5;yukari;guclu;zayif;asagi;0,71;-1,07;2;11,05;-3,58;28006070;10,87;SAT;NEGATIF;AL;NEGATIF;ARTIYOR;SAT;SAT;NOTR;1;16.09.2026
DOHOL;izle;;46,0;20,9;12,2;12,8;10;0;zayif;12,7;38,6;35,2;yukari;guclu;zayif;asagi;1,16;-1,36;5;20,52;-3,84;295243443;20,39;SAT;NEGATIF;NOTR;NEGATIF;ARTIYOR;SAT;SAT;NOTR;0;16.09.2026
KRTEK;izle;;45,8;10,3;22,9;12,7;0;0;zayif;17,8;50,3;55,2;yukari;guclu;zayif;asagi;0,94;-0,73;2;5,65;-3,42;4533283;5,00;AL;POZITIF;NOTR;POZITIF;ARTIYOR;AL;SAT;UCUZ (AL);4;16.09.2026
DNISI;izle;;44,7;13,8;21,3;9,7;10;1;zayif;17,8;43,7;54,6;yukari;guclu;zayif;asagi;0,76;-0,92;1;4,49;-5,47;17496614;4,36;AL;NEGATIF;NOTR;POZITIF;ARTIYOR;SAT;SAT;NOTR;2;16.09.2026
SONME;izle;;44,4;20,0;15,8;8,6;6;0;zayif;32,8;41,0;31,0;yukari;guclu;zayif;asagi;1,19;-0,62;3;130,3;-2,54;5712613;126,44;SAT;NEGATIF;AL;NEGATIF;AZALIYOR;SAT;SAT;NOTR;1;16.09.2026
EYGYO;izle;;44,1;14,1;10,8;19,3;6;0;zayif;20,0;38,5;58,2;yukari;guclu;zayif;asagi;1,33;-1,31;3;2,39;-5,16;22962200;2,35;SAT;NEGATIF;SAT;NEGATIF;ARTIYOR;SAT;SAT;UCUZ (AL);0;16.09.2026
BEYAZ;izle;;43,6;9,5;16,0;18,0;0;0;zayif;15,9;42,4;46,6;yukari;zayif;zayif;asagi;2,83;-1,79;0;21,82;-9,39;64903415;20,56;AL;NEGATIF;NOTR;NEGATIF;ARTIYOR;AL;SAT;NOTR;2;16.09.2026
ANELE;izle;;43,0;22,4;4,5;16,0;0;0;guclu trend;32,9;34,0;57,9;asagi;zayif;zayif;yukari;0,07;-1,38;0;129,6;-10,00;61385170;174,56;SAT;NEGATIF;SAT;NEGATIF;ARTIYOR;SAT;AL;PAHALI (SAT);1;16.09.2026
BAGFS;izle;;42,6;7,4;16,6;18,5;10;1;zayif;36,4;43,0;49,4;asagi;guclu;zayif;asagi;1,12;-0,81;2;25,5;-6,87;30204240;30,34;SAT;NEGATIF;SAT;NEGATIF;ARTIYOR;SAT;SAT;NOTR;0;16.09.2026
ATSYH;izle;;42,4;20,4;3,9;18,0;38;3;zayif;15,2;37,4;53,8;asagi;zayif;zayif;yukari;1,99;-1,96;3;103,9;-5,55;8323013;123,52;SAT;NEGATIF;NOTR;NEGATIF;ARTIYOR;SAT;SAT;NOTR;0;16.09.2026
ARTMS;izle;;42,3;16,0;16,6;9,6;0;0;zayif;19,8;44,6;53,0;yukari;guclu;zayif;asagi;0,58;-0,71;1;38,96;-6,26;22382598;37,04;SAT;NEGATIF;NOTR;NEGATIF;ARTIYOR;SAT;SAT;NOTR;0;16.09.2026
BVSAN;izle;;42,2;6,4;23,3;12,5;0;0;zayif;22,0;45,6;55,6;asagi;guclu;zayif;asagi;0,97;-0,73;1;107,9;-7,46;149392945;137,88;AL;NEGATIF;SAT;POZITIF;ARTIYOR;SAT;SAT;NOTR;2;16.09.2026
RGYAS;izle;;42,2;20,1;7,9;14,2;46;4;zayif;21,3;34,0;35,8;asagi;guclu;zayif;asagi;2,48;-1,83;3;190;-1,30;1282991910;207,92;SAT;NEGATIF;SAT;NEGATIF;ARTIYOR;SAT;SAT;NOTR;0;16.09.2026
POLHO;izle;;42,1;20,5;10,7;10,9;28;2;zayif;25,5;36,7;32,2;asagi;guclu;zayif;asagi;1,08;-1,26;3;20,94;-3,06;39727577;23,48;SAT;NEGATIF;SAT;NEGATIF;ARTIYOR;SAT;SAT;NOTR;0;16.09.2026
VERUS;izle;;42,1;22,4;9,7;10,0;16;1;zayif;31,7;36,0;28,1;asagi;zayif;zayif;asagi;1,43;-1,60;3;519,5;-0,67;74602278;650,43;SAT;NEGATIF;SAT;NEGATIF;ARTIYOR;SAT;SAT;NOTR;0;16.09.2026
KNFRT;izle;;42,0;8,3;20,0;13,7;6;0;zayif;14,4;46,9;44,9;yukari;guclu;zayif;asagi;1,00;-0,41;3;12,04;-3,76;54110758;11,09;SAT;NEGATIF;NOTR;NEGATIF;ARTIYOR;SAT;AL;NOTR;1;16.09.2026
EGGUB;izle;;42,0;10,9;14,8;16,3;0;0;zayif;18,8;40,8;59,0;asagi;guclu;zayif;asagi;0,97;-1,05;2;100,3;-8,32;67898486;117,45;SAT;NEGATIF;NOTR;NEGATIF;ARTIYOR;SAT;SAT;NOTR;0;16.09.2026
DOCO;izle;;40,7;17,5;9,7;13,5;28;2;zayif;16,0;35,8;12,4;asagi;guclu;zayif;asagi;2,08;-1,54;3;10740;-2,12;82859100;11640,08;SAT;NEGATIF;NOTR;NEGATIF;ARTIYOR;SAT;SAT;NOTR;0;16.09.2026
AGYO;izle;;40,5;2,8;25,1;12,6;16;1;zayif;19,1;46,7;57,8;asagi;guclu;zayif;asagi;1,60;-0,58;3;7,39;-4,40;3763202;7,83;AL;NEGATIF;NOTR;POZITIF;ARTIYOR;AL;SAT;NOTR;3;16.09.2026
BUCIM;izle;;40,2;7,4;14,4;18,4;6;0;zayif;34,5;41,6;63,5;asagi;guclu;zayif;asagi;1,03;-1,13;3;5,36;-3,42;34163407;5,95;SAT;NEGATIF;SAT;NEGATIF;ARTIYOR;SAT;SAT;UCUZ (AL);0;16.09.2026
EGPRO;izle;;39,7;18,4;13,3;7,9;10;0;zayif;21,5;41,8;27,2;asagi;guclu;zayif;asagi;1,18;-1,21;4;34,82;-6,09;67830126;40,99;SAT;NEGATIF;SAT;NEGATIF;ARTIYOR;SAT;SAT;NOTR;0;16.09.2026
IHLAS;izle;;39,5;7,0;22,5;10,0;0;0;zayif;36,0;45,2;39,5;asagi;guclu;zayif;asagi;2,25;-1,41;2;1,04;-9,57;295731685;1,28;AL;NEGATIF;AL;NEGATIF;ARTIYOR;AL;SAT;UCUZ (AL);3;16.09.2026
VAKBN;izle;;39,5;12,9;16,1;10,6;10;0;zayif;28,7;43,5;60,7;asagi;guclu;zayif;asagi;1,43;-0,90;4;30,86;-8,91;3758707234;38,36;SAT;NEGATIF;SAT;NEGATIF;ARTIYOR;SAT;SAT;NOTR;0;16.09.2026
AKFIS;izle;;39,5;21,3;3,3;15,0;6;0;guclu trend;21,2;34,3;18,8;asagi;zayif;zayif;yukari;1,12;-1,50;3;13,88;-5,83;306567393;17,76;SAT;NEGATIF;SAT;NEGATIF;ARTIYOR;SAT;SAT;PAHALI (SAT);0;16.09.2026
ADGYO;izle;;39,5;14,2;14,3;11,0;10;0;zayif;19,3;39,6;39,6;asagi;guclu;zayif;asagi;2,38;-0,90;5;53,95;-4,60;138352941;64,23;SAT;NEGATIF;NOTR;NEGATIF;ARTIYOR;SAT;SAT;NOTR;0;16.09.2026
TRMET;izle;;39,4;17,1;10,7;11,7;0;0;zayif;17,0;38,6;48,1;asagi;guclu;zayif;asagi;0,82;-1,20;2;125,1;-5,30;576211726;146,21;SAT;NEGATIF;NOTR;NEGATIF;ARTIYOR;SAT;SAT;NOTR;0;16.09.2026
AKFYE;izle;;39,4;12,6;8,8;18,0;0;0;zayif;20,1;40,7;61,7;asagi;zayif;zayif;asagi;1,67;-1,40;1;21,7;-5,65;419367950;27,07;SAT;NEGATIF;SAT;NEGATIF;ARTIYOR;SAT;SAT;NOTR;0;16.09.2026
PNSUT;izle;;39,1;15,0;14,9;9,2;22;2;zayif;37,2;42,3;65,7;yukari;guclu;zayif;asagi;0,63;-1,09;1;10,7;-4,55;35790334;10,59;SAT;NEGATIF;AL;NEGATIF;ARTIYOR;SAT;SAT;NOTR;1;16.09.2026
BORSK;izle;;38,5;7,4;13,1;18,0;0;0;zayif;31,6;39,3;57,0;asagi;guclu;zayif;asagi;1,21;-1,08;1;5,91;-3,90;80472463;7,09;SAT;NEGATIF;SAT;NEGATIF;ARTIYOR;SAT;SAT;NOTR;0;16.09.2026
CMBTN;izle;;37,7;6,7;23,9;7,2;0;0;zayif;29,1;45,1;54,9;asagi;guclu;zayif;asagi;1,13;-0,79;2;1524;-2,31;41114472;1649,89;AL;NEGATIF;AL;POZITIF;ARTIYOR;SAT;SAT;UCUZ (AL);3;16.09.2026
MIATK;izle;;37,6;5,3;24,3;8,0;0;0;zayif;25,7;45,3;67,8;asagi;guclu;zayif;asagi;0,42;-0,96;0;31,22;-9,98;322545090;41,24;AL;NEGATIF;AL;POZITIF;ARTIYOR;SAT;SAT;NOTR;3;16.09.2026
BINBN;izle;;37,5;12,4;12,4;12,8;0;0;zayif;22,6;39,8;19,7;yukari;guclu;zayif;asagi;5,19;-0,97;2;167,5;-1,64;340362848;165,95;SAT;NEGATIF;SAT;NEGATIF;ARTIYOR;SAT;SAT;NOTR;0;16.09.2026
IHLGM;izle;;37,5;4,7;16,2;16,5;0;0;zayif;24,1;40,1;66,4;asagi;guclu;zayif;asagi;1,21;-1,95;0;1,51;-5,03;55890778;1,78;AL;NEGATIF;AL;NEGATIF;ARTIYOR;SAT;SAT;UCUZ (AL);2;16.09.2026
AGESA;izle;;37,2;17,9;11,4;7,9;10;0;zayif;25,6;37,6;60,2;asagi;guclu;zayif;asagi;0,91;-1,35;4;235,7;-3,40;47963300;262,88;SAT;NEGATIF;SAT;NEGATIF;ARTIYOR;SAT;SAT;NOTR;0;16.09.2026
YGGYO;izle;;36,5;13,1;12,5;10,9;6;0;zayif;13,0;40,6;45,6;asagi;guclu;zayif;asagi;1,72;-1,50;3;214,1;-4,25;46293558;238,79;SAT;NEGATIF;NOTR;NEGATIF;ARTIYOR;SAT;SAT;NOTR;0;16.09.2026
AKFGY;izle;;36,4;4,9;18,0;13,5;0;0;zayif;24,6;41,8;62,6;asagi;guclu;zayif;asagi;1,20;-1,34;1;2,54;-6,27;101741089;2,97;AL;NEGATIF;AL;NEGATIF;ARTIYOR;SAT;SAT;NOTR;2;16.09.2026
TABGD;izle;;36,3;3,9;11,8;20,6;0;0;zayif;18,3;37,9;37,8;asagi;guclu;zayif;asagi;1,95;-1,92;2;226,9;0,84;293072208;247,65;SAT;NEGATIF;NOTR;NEGATIF;ARTIYOR;SAT;SAT;NOTR;0;16.09.2026
AHSGY;izle;;36,3;15,4;12,9;8,0;6;0;zayif;23,2;41,3;54,4;yukari;zayif;zayif;asagi;0,43;-2,22;3;15,23;-9,99;24276315;15,17;AL;NEGATIF;AL;NEGATIF;ARTIYOR;AL;SAT;NOTR;3;16.09.2026
METRO;izle;;36,2;20,6;5,6;10,0;6;0;zayif;16,7;33,1;42,4;asagi;zayif;zayif;asagi;1,30;-1,94;3;7,58;-6,99;71175154;8,97;SAT;NEGATIF;NOTR;NEGATIF;ARTIYOR;SAT;SAT;NOTR;0;16.09.2026
TTRAK;izle;;36,2;9,4;11,7;15,1;6;0;zayif;22,5;37,7;33,2;yukari;guclu;zayif;asagi;1,76;-1,78;3;409,5;-2,38;71587562;409,40;SAT;NEGATIF;SAT;NEGATIF;ARTIYOR;SAT;SAT;UCUZ (AL);0;16.09.2026
TCELL;izle;;36,1;1,3;14,6;20,3;0;0;zayif;21,4;37,2;49,9;asagi;zayif;zayif;asagi;1,29;-2,11;2;95,75;-3,67;4467935524;105,37;AL;NEGATIF;SAT;NEGATIF;ARTIYOR;SAT;SAT;NOTR;1;16.09.2026
AKSA;izle;;36,0;12,6;13,4;10,0;0;0;zayif;23,8;37,7;49,9;yukari;zayif;zayif;asagi;1,42;-2,30;1;10,61;-2,84;281201095;10,52;AL;NEGATIF;SAT;NEGATIF;ARTIYOR;SAT;SAT;NOTR;1;16.09.2026
MAGEN;izle;;35,8;0,2;17,4;18,2;32;3;zayif;13,4;43,7;51,3;asagi;guclu;zayif;asagi;1,78;-1,48;2;33,62;0,24;1177007085;37,68;AL;NEGATIF;NOTR;POZITIF;ARTIYOR;SAT;SAT;NOTR;2;16.09.2026
GENIL;izle;;35,5;14,6;10,8;10,0;32;2;zayif;36,3;37,9;35,3;asagi;guclu;zayif;asagi;2,49;-1,16;4;9,99;-10,00;1138283507;12,39;SAT;NEGATIF;SAT;NEGATIF;ARTIYOR;SAT;SAT;NOTR;0;16.09.2026
ENKAI;izle;;35,3;4,3;9,8;21,1;6;0;zayif;21,5;37,0;50,6;asagi;guclu;zayif;asagi;1,31;-2,20;3;81,95;-4,49;1590641059;92,02;SAT;NEGATIF;SAT;NEGATIF;ARTIYOR;SAT;SAT;NOTR;0;16.09.2026
AEFES;izle;;35,1;4,5;13,0;17,6;0;0;zayif;23,0;37,1;58,0;asagi;zayif;zayif;asagi;1,26;-2,45;2;18,14;-4,43;1055375840;20,18;AL;NEGATIF;SAT;POZITIF;ARTIYOR;SAT;SAT;NOTR;2;16.09.2026
GATEG;izle;;35,0;12,2;11,3;11,5;40;5;zayif;21,0;44,2;74,4;yukari;zayif;zayif;asagi;0,74;-1,46;2;269,25;-9,95;5446120;251,47;SAT;NEGATIF;SAT;NEGATIF;ARTIYOR;AL;AL;NOTR;2;16.09.2026
ARASE;izle;;35,0;21,5;7,9;5,5;6;0;zayif;23,1;37,3;55,2;asagi;zayif;zayif;asagi;0,90;-1,61;3;109,2;-4,71;30151321;126,57;SAT;NEGATIF;SAT;NEGATIF;ARTIYOR;SAT;SAT;NOTR;0;16.09.2026
PRZMA;izle;;34,6;21,2;5,5;8,0;22;2;guclu trend;20,5;38,1;47,9;asagi;zayif;zayif;yukari;0,19;-1,26;2;62,9;-9,95;34340947;86,90;SAT;NEGATIF;SAT;NEGATIF;AZALIYOR;SAT;SAT;PAHALI (SAT);0;16.09.2026
RALYH;izle;;34,3;20,9;11,8;1,6;38;3;zayif;18,9;39,4;60,2;asagi;guclu;zayif;asagi;0,20;-1,07;3;238,5;-10,00;86584802;289,77;SAT;NEGATIF;NOTR;NEGATIF;ARTIYOR;SAT;SAT;NOTR;0;16.09.2026
KOCMT;izle;;34,2;17,2;7,5;9,4;0;0;zayif;22,9;40,7;53,1;asagi;zayif;zayif;asagi;0,79;-1,40;2;3,8;-9,95;210970627;4,76;SAT;NEGATIF;AL;POZITIF;ARTIYOR;AL;AL;NOTR;4;16.09.2026
VESBE;izle;;34,2;15,0;15,9;3,3;6;0;zayif;34,3;41,0;81,6;yukari;zayif;zayif;asagi;0,90;-1,49;3;5,34;-6,64;129896718;5,12;AL;NEGATIF;AL;NEGATIF;ARTIYOR;SAT;SAT;UCUZ (AL);2;16.09.2026
CCOLA;izle;;34,2;9,5;14,1;10,5;0;0;zayif;22,2;39,3;46,3;asagi;zayif;zayif;asagi;1,27;-1,93;2;76,5;-1,92;568162593;84,19;AL;NEGATIF;SAT;NEGATIF;ARTIYOR;SAT;SAT;NOTR;1;16.09.2026
FORTE;izle;;33,9;18,4;6,5;9,1;10;1;zayif;20,7;38,1;29,8;asagi;zayif;zayif;asagi;1,25;-1,46;2;102,8;-8,46;240667856;129,82;SAT;NEGATIF;SAT;NEGATIF;ARTIYOR;SAT;SAT;NOTR;0;16.09.2026
ALBRK;izle;;33,5;12,4;8,6;12,5;6;0;zayif;31,2;34,1;41,7;asagi;guclu;zayif;asagi;2,03;-1,76;3;7,99;-4,88;274686948;9,13;SAT;NEGATIF;SAT;NEGATIF;ARTIYOR;SAT;SAT;NOTR;0;16.09.2026
BRKSN;izle;;33,0;8,9;8,9;15,2;10;0;zayif;18,8;33,1;27,1;yukari;guclu;zayif;asagi;1,69;-2,13;4;7,4;-2,12;4006330;7,34;SAT;NEGATIF;NOTR;NEGATIF;ARTIYOR;SAT;SAT;NOTR;0;16.09.2026
MRSHL;izle;;32,8;15,1;17,1;0,6;0;0;zayif;22,5;43,0;48,7;yukari;zayif;zayif;asagi;0,74;-1,07;1;1570;-3,56;46212950;1462,12;AL;NEGATIF;AL;NEGATIF;ARTIYOR;SAT;SAT;NOTR;2;16.09.2026
IHGZT;izle;;32,8;7,0;16,7;9,1;0;0;zayif;31,0;40,5;74,1;asagi;guclu;zayif;asagi;0,61;-1,75;1;1,14;-4,20;19901999;1,31;AL;NEGATIF;AL;NEGATIF;ARTIYOR;SAT;SAT;UCUZ (AL);2;16.09.2026
JANTS;izle;;32,0;7,0;22,6;2,4;40;4;zayif;42,7;44,9;31,7;asagi;guclu;zayif;asagi;0,85;-0,73;2;15,24;-5,63;76667777;18,09;AL;NEGATIF;AL;POZITIF;ARTIYOR;SAT;SAT;UCUZ (AL);3;16.09.2026
NUHCM;izle;;31,6;8,8;13,7;9,1;10;1;zayif;17,9;40,9;38,7;yukari;guclu;zayif;asagi;1,01;-1,39;1;210,4;-1,68;14193794;204,30;SAT;NEGATIF;NOTR;NEGATIF;ARTIYOR;SAT;SAT;NOTR;0;16.09.2026
BLUME;izle;;31,5;6,1;17,4;8,0;20;1;zayif;20,3;40,3;26,4;asagi;guclu;zayif;asagi;0,64;-0,71;4;36;-2,44;74000340;43,39;SAT;NEGATIF;SAT;NEGATIF;ARTIYOR;SAT;SAT;UCUZ (AL);0;16.09.2026
ANSGR;izle;;31,4;3,8;9,8;17,8;6;0;zayif;17,8;35,2;54,5;asagi;guclu;zayif;asagi;1,47;-1,95;3;25,88;-3,36;158892874;28,02;SAT;NEGATIF;NOTR;NEGATIF;ARTIYOR;SAT;AL;NOTR;1;16.09.2026
ARDYZ;izle;;30,8;22,4;1,6;6,8;6;0;zayif;33,3;30,2;33,5;asagi;zayif;zayif;asagi;1,11;-2,22;3;67;-9,95;326625603;84,93;SAT;NEGATIF;SAT;NEGATIF;ARTIYOR;SAT;SAT;NOTR;0;16.09.2026
TRGYO;izle;;30,8;8,3;8,8;13,8;6;0;zayif;20,2;33,2;36,0;asagi;guclu;zayif;asagi;1,63;-2,21;3;89,9;-2,28;185008267;96,70;SAT;NEGATIF;SAT;NEGATIF;ARTIYOR;SAT;SAT;NOTR;0;16.09.2026
ISMEN;izle;;30,8;9,8;12,8;8,1;6;0;zayif;25,3;42,2;60,9;yukari;guclu;zayif;asagi;0,96;-1,57;3;32,86;-2,09;243937886;32,52;SAT;NEGATIF;SAT;NEGATIF;ARTIYOR;SAT;SAT;UCUZ (AL);0;16.09.2026
KLYPV;izle;;30,6;7,1;10,7;12,8;6;0;zayif;27,2;38,1;42,2;asagi;guclu;zayif;asagi;0,97;-1,35;3;57,5;-4,01;182393738;66,63;SAT;NEGATIF;SAT;NEGATIF;ARTIYOR;SAT;SAT;NOTR;0;16.09.2026
GRTHO;izle;;30,1;9,0;13,1;8,0;0;0;zayif;19,3;41,9;49,9;yukari;zayif;zayif;asagi;0,36;-1,70;1;198,3;-9,99;99140085;187,30;AL;NEGATIF;NOTR;POZITIF;ARTIYOR;AL;SAT;NOTR;3;16.09.2026
HRKET;izle;;30,0;4,0;8,1;18,0;10;0;zayif;19,2;38,5;26,2;asagi;zayif;zayif;asagi;3,33;-1,72;4;83;3,75;551515163;97,81;SAT;NEGATIF;NOTR;NEGATIF;ARTIYOR;SAT;AL;NOTR;1;16.09.2026
KSTUR;izle;;30,0;10,2;14,5;5,2;0;0;zayif;28,4;43,4;32,7;yukari;zayif;zayif;asagi;0,77;-2,61;2;2240;-4,68;1491840;2128,87;AL;NEGATIF;SAT;NEGATIF;ARTIYOR;AL;AL;NOTR;3;16.09.2026
HATSN;izle;;29,6;22,9;6,6;0,0;10;0;zayif;27,0;40,7;26,9;asagi;zayif;zayif;asagi;0,55;-1,31;4;54,05;-9,99;274449523;74,76;SAT;NEGATIF;AL;NEGATIF;ARTIYOR;SAT;SAT;NOTR;1;16.09.2026
GOZDE;izle;;29,3;3,7;14,9;10,6;0;0;zayif;17,4;40,1;46,7;asagi;zayif;zayif;asagi;1,10;-1,54;0;21,32;-4,14;29633286;24,70;AL;NEGATIF;NOTR;NEGATIF;ARTIYOR;SAT;SAT;NOTR;1;16.09.2026
VANGD;izle;;29,2;14,2;5,1;10,0;6;0;zayif;20,5;33,5;16,7;asagi;zayif;zayif;asagi;1,42;-1,82;3;84,5;-4,52;22738021;98,91;SAT;NEGATIF;SAT;NEGATIF;ARTIYOR;SAT;SAT;NOTR;0;16.09.2026
TURSG;izle;;28,9;3,7;12,2;12,9;6;0;zayif;14,5;39,8;41,1;asagi;guclu;zayif;asagi;1,49;-1,43;3;5,98;-1,32;603559540;6,53;SAT;NEGATIF;NOTR;NEGATIF;ARTIYOR;SAT;SAT;NOTR;0;16.09.2026
AYDEM;izle;;28,8;11,1;8,5;9,2;40;4;zayif;20,2;36,0;41,8;asagi;zayif;zayif;asagi;0,54;-1,78;2;23,98;-5,59;37904850;27,67;SAT;NEGATIF;SAT;NEGATIF;ARTIYOR;SAT;SAT;NOTR;0;16.09.2026
VBTYZ;izle;;28,1;22,3;5,6;0,3;50;5;zayif;28,9;35,1;29,0;asagi;zayif;zayif;asagi;0,72;-1,48;4;30,62;-6,65;58513932;37,61;SAT;NEGATIF;SAT;NEGATIF;ARTIYOR;SAT;SAT;NOTR;0;16.09.2026
KRDMA;izle;;27,5;22,4;5,0;0,0;20;1;zayif;35,3;34,6;51,2;asagi;zayif;zayif;asagi;0,60;-1,42;5;43,5;-8,58;331054793;57,33;SAT;NEGATIF;SAT;NEGATIF;ARTIYOR;SAT;SAT;NOTR;0;16.09.2026
MACKO;izle;;27,4;8,4;12,4;6,6;10;0;zayif;14,7;39,0;57,5;yukari;guclu;zayif;asagi;0,88;-1,32;5;32,66;-4,61;23016874;31,82;SAT;NEGATIF;NOTR;NEGATIF;ARTIYOR;SAT;SAT;NOTR;0;16.09.2026
GUBRF;izle;;27,3;12,2;7,1;8,0;16;1;zayif;28,3;34,5;51,6;asagi;zayif;zayif;asagi;0,52;-2,36;3;415;-9,98;790139665;502,55;SAT;NEGATIF;SAT;NEGATIF;ARTIYOR;SAT;SAT;NOTR;0;16.09.2026
EKGYO;izle;;27,2;6,7;10,0;10,5;16;1;zayif;24,8;39,6;35,0;asagi;guclu;zayif;asagi;1,44;-1,77;3;18,2;-8,08;4645163468;21,83;SAT;NEGATIF;SAT;NEGATIF;ARTIYOR;SAT;SAT;NOTR;0;16.09.2026
MOBTL;izle;;27,2;8,6;8,6;10,0;10;0;zayif;12,9;39,7;21,1;asagi;zayif;zayif;asagi;1,33;-1,80;5;12,4;0,00;58049261;13,91;SAT;NEGATIF;NOTR;NEGATIF;ARTIYOR;SAT;SAT;NOTR;0;16.09.2026
HKTM;izle;;27,2;12,0;15,2;0,0;16;1;zayif;44,3;41,4;27,0;asagi;guclu;zayif;asagi;0,27;-0,74;3;11,94;-5,24;56022492;14,64;SAT;NEGATIF;AL;NEGATIF;ARTIYOR;SAT;SAT;NOTR;1;16.09.2026
TGSAS;izle;;27,1;13,5;5,6;8,0;6;0;zayif;17,1;37,6;42,4;asagi;zayif;zayif;asagi;0,50;-1,42;3;178,2;-10,00;80210315;240,91;SAT;NEGATIF;NOTR;NEGATIF;ARTIYOR;SAT;SAT;NOTR;0;16.09.2026
BURVA;izle;;27,1;4,2;8,8;14,0;10;0;zayif;21,0;41,1;14,1;asagi;zayif;zayif;asagi;1,33;-2,32;4;630;9,95;69301260;754,79;SAT;NEGATIF;SAT;NEGATIF;ARTIYOR;AL;AL;NOTR;2;16.09.2026
YAYLA;izle;;27,0;7,0;10,0;10,0;32;3;zayif;36,6;39,9;56,2;asagi;zayif;zayif;asagi;1,40;-1,56;2;20,66;-1,62;33499777;24,12;SAT;NEGATIF;AL;NEGATIF;ARTIYOR;SAT;SAT;UCUZ (AL);1;16.09.2026
MEPET;izle;;26,8;11,0;13,1;2,7;0;0;zayif;12,0;42,4;55,3;yukari;guclu;zayif;asagi;0,86;-1,22;1;18,98;-9,36;6331102;17,93;SAT;NEGATIF;NOTR;NEGATIF;ARTIYOR;SAT;SAT;NOTR;0;16.09.2026
EDIP;izle;;26,8;17,8;9,0;0,0;46;5;zayif;29,5;39,0;71,8;yukari;zayif;zayif;asagi;0,45;-1,64;3;33,58;-3,06;35763137;32,84;SAT;NEGATIF;AL;NEGATIF;ARTIYOR;SAT;SAT;NOTR;1;16.09.2026
KARTN;izle;;26,6;13,5;5,1;8,0;0;0;zayif;15,5;33,9;49,8;asagi;zayif;zayif;asagi;0,68;-2,22;2;141,4;-5,80;85369826;178,32;SAT;NEGATIF;NOTR;NEGATIF;ARTIYOR;SAT;SAT;NOTR;0;16.09.2026
PGSUS;izle;;26,6;0,9;15,6;10,0;0;0;zayif;18,7;38,4;57,9;asagi;guclu;zayif;asagi;1,46;-2,32;2;145,2;-3,20;2383207966;158,55;AL;NEGATIF;NOTR;NEGATIF;ARTIYOR;SAT;SAT;UCUZ (AL);1;16.09.2026
AVOD;izle;;26,5;12,0;13,7;0,8;0;0;zayif;39,3;41,5;68,4;asagi;guclu;zayif;asagi;0,75;-1,02;1;3,86;-3,74;35368767;4,73;SAT;NEGATIF;AL;NEGATIF;ARTIYOR;SAT;SAT;NOTR;1;16.09.2026
KUYAS;izle;;26,5;4,1;9,9;12,6;0;0;zayif;19,7;38,1;54,8;asagi;zayif;zayif;asagi;0,97;-1,72;1;62,7;-9,98;782496752;76,99;SAT;NEGATIF;NOTR;NEGATIF;ARTIYOR;SAT;SAT;NOTR;0;16.09.2026
SISE;izle;;26,5;2,1;14,4;10,0;16;1;zayif;27,2;38,9;63,3;asagi;zayif;zayif;asagi;1,88;-2,03;3;38,22;-9,86;6382897352;46,60;AL;NEGATIF;SAT;NEGATIF;ARTIYOR;SAT;SAT;NOTR;1;16.09.2026
OSTIM;izle;;26,4;2,2;17,5;6,8;0;0;zayif;17,6;42,2;48,2;asagi;guclu;zayif;asagi;1,11;-1,89;2;1,54;-3,14;23584479;1,67;AL;NEGATIF;NOTR;NEGATIF;ARTIYOR;SAT;SAT;UCUZ (AL);1;16.09.2026
BIGTK;izle;;26,3;11,7;6,6;8,0;32;3;zayif;24,2;39,6;49,2;asagi;zayif;zayif;asagi;0,34;-1,33;2;276;-8,08;67684032;367,92;SAT;NEGATIF;SAT;NEGATIF;ARTIYOR;SAT;AL;NOTR;1;16.09.2026
IZFAS;izle;;26,2;3,9;6,4;15,9;0;0;zayif;18,4;38,3;55,2;asagi;zayif;zayif;asagi;1,18;-2,18;0;45,9;-10,00;357459974;63,36;SAT;NEGATIF;NOTR;NEGATIF;ARTIYOR;SAT;SAT;NOTR;0;16.09.2026
ETYAT;izle;;26,1;21,9;0,2;4,0;46;4;zayif;26,6;24,7;20,6;asagi;zayif;zayif;asagi;0,94;-2,47;3;11,52;-9,93;9829233;15,05;SAT;NEGATIF;SAT;NEGATIF;ARTIYOR;SAT;SAT;NOTR;0;16.09.2026
YESIL;izle;;26,1;1,3;6,9;18,0;6;0;zayif;21,3;34,2;35,9;asagi;zayif;zayif;asagi;1,61;-3,41;3;1,1;-3,51;27745922;1,21;SAT;NEGATIF;SAT;NEGATIF;ARTIYOR;SAT;AL;UCUZ (AL);1;16.09.2026
KUTPO;izle;;26,1;2,9;10,9;12,3;0;0;zayif;19,4;37,7;31,8;asagi;guclu;zayif;asagi;2,50;-1,84;1;77;-3,27;40430467;83,78;SAT;NEGATIF;NOTR;NEGATIF;ARTIYOR;SAT;AL;UCUZ (AL);1;16.09.2026
ULAS;izle;;26,0;8,5;7,6;9,9;6;0;zayif;15,9;36,0;37,4;yukari;zayif;zayif;asagi;1,29;-2,56;3;20,2;-3,81;5119165;19,75;SAT;NEGATIF;NOTR;NEGATIF;ARTIYOR;SAT;SAT;UCUZ (AL);0;16.09.2026
NTGAZ;izle;;25,8;4,6;8,0;13,2;42;3;zayif;23,8;34,1;53,4;asagi;zayif;zayif;asagi;1,47;-2,28;4;10,4;-6,22;57797782;11,84;SAT;NEGATIF;SAT;NEGATIF;ARTIYOR;SAT;SAT;NOTR;0;16.09.2026
MAVI;izle;;25,7;2,4;4,0;19,3;6;0;zayif;31,1;28,4;36,8;asagi;zayif;zayif;asagi;2,01;-3,41;3;34,3;-4,56;327361292;38,42;SAT;NEGATIF;SAT;NEGATIF;ARTIYOR;SAT;SAT;UCUZ (AL);0;16.09.2026
ALTNY;izle;;25,7;10,5;5,3;10,0;0;0;zayif;15,4;35,5;39,8;asagi;zayif;zayif;asagi;1,35;-1,97;2;14,96;-9,99;645115143;18,92;SAT;NEGATIF;NOTR;NEGATIF;ARTIYOR;SAT;SAT;NOTR;0;16.09.2026
TTKOM;izle;;25,7;1,2;14,5;10,0;0;0;zayif;20,8;39,8;47,4;asagi;zayif;zayif;asagi;1,71;-2,26;1;49,84;-9,13;3624337637;60,22;AL;NEGATIF;SAT;NEGATIF;ARTIYOR;SAT;SAT;NOTR;1;16.09.2026
AKMGY;izle;;25,2;3,0;7,9;14,3;6;0;zayif;11,6;35,2;39,4;asagi;zayif;zayif;asagi;1,19;-1,79;3;235;-2,45;9574840;268,64;SAT;NEGATIF;NOTR;NEGATIF;AZALIYOR;SAT;SAT;NOTR;0;16.09.2026
DAGI;izle;;25,1;19,6;3,0;2,5;6;0;zayif;26,3;32,8;15,3;asagi;zayif;zayif;asagi;0,85;-1,97;3;8,3;-5,79;53800069;10,31;SAT;NEGATIF;SAT;NEGATIF;ARTIYOR;SAT;SAT;NOTR;0;16.09.2026
MERIT;izle;;24,9;0,0;6,9;18,0;6;0;zayif;10,4;32,1;48,1;asagi;zayif;zayif;asagi;1,33;-2,74;3;14,82;-4,57;36846862;16,49;SAT;NEGATIF;NOTR;NEGATIF;ARTIYOR;SAT;SAT;NOTR;0;16.09.2026
ASGYO;izle;;24,7;0,5;6,2;18,0;0;0;zayif;15,8;29,7;52,5;asagi;zayif;zayif;asagi;1,39;-2,75;2;10,4;-5,63;48211280;11,62;SAT;NEGATIF;NOTR;NEGATIF;ARTIYOR;SAT;SAT;NOTR;0;16.09.2026
SKBNK;izle;;24,7;1,8;10,9;12,0;10;1;zayif;25,1;34,7;48,9;asagi;zayif;zayif;asagi;0,94;-6,55;2;6,1;-3,48;771547343;7,09;AL;NEGATIF;SAT;NEGATIF;ARTIYOR;SAT;SAT;NOTR;1;16.09.2026
FROTO;izle;;24,5;1,7;10,4;12,5;32;3;zayif;24,8;37,4;45,0;asagi;guclu;zayif;asagi;1,88;-2,39;2;74,65;-4,78;3071880869;83,94;SAT;NEGATIF;SAT;NEGATIF;ARTIYOR;SAT;SAT;UCUZ (AL);0;16.09.2026
OZGYO;izle;;24,5;4,8;9,6;10,0;6;0;zayif;25,5;38,0;33,1;asagi;zayif;zayif;asagi;1,42;-1,84;3;1,96;-3,92;44841337;2,21;SAT;NEGATIF;SAT;NEGATIF;ARTIYOR;SAT;SAT;NOTR;0;16.09.2026
OTKAR;izle;;24,4;8,3;11,1;4,9;10;0;zayif;14,3;39,8;20,0;yukari;guclu;zayif;asagi;1,00;-2,04;4;300,75;-1,07;115791457;298,05;SAT;NEGATIF;NOTR;NEGATIF;ARTIYOR;SAT;SAT;UCUZ (AL);0;16.09.2026
AKBNK;izle;;24,3;5,9;8,4;10,0;38;3;zayif;18,7;33,4;36,1;asagi;guclu;zayif;asagi;1,65;-2,02;3;65,2;-6,25;20102019662;74,93;SAT;NEGATIF;NOTR;NEGATIF;ARTIYOR;SAT;SAT;NOTR;0;16.09.2026
DIRIT;izle;;24,2;5,0;11,2;8,0;6;0;zayif;11,8;39,4;57,9;asagi;guclu;zayif;asagi;0,55;-1,45;3;23,8;-4,95;707336;28,13;SAT;NEGATIF;NOTR;NEGATIF;ARTIYOR;SAT;SAT;NOTR;0;16.09.2026
FMIZP;izle;;24,2;0,7;11,2;12,3;38;3;zayif;17,0;39,4;35,2;asagi;guclu;zayif;asagi;1,55;-1,63;3;276,25;-3,66;24784874;310,00;SAT;NEGATIF;NOTR;NEGATIF;ARTIYOR;SAT;SAT;NOTR;0;16.09.2026
SAHOL;izle;;24,1;6,0;6,4;11,7;46;4;zayif;19,5;29,6;43,0;asagi;guclu;zayif;asagi;1,75;-2,56;3;84,3;-6,64;5447544062;96,46;SAT;NEGATIF;NOTR;NEGATIF;ARTIYOR;SAT;SAT;NOTR;0;16.09.2026
MHRGY;izle;;24,0;1,2;4,8;18,0;22;2;zayif;21,1;31,8;51,2;asagi;zayif;zayif;asagi;1,58;-2,96;2;2;-7,41;23553914;2,39;SAT;NEGATIF;SAT;NEGATIF;ARTIYOR;SAT;SAT;NOTR;0;16.09.2026
CUSAN;izle;;24,0;1,0;12,5;10,5;0;0;zayif;19,6;40,4;60,2;asagi;guclu;zayif;asagi;0,85;-1,23;2;23,26;-3,73;17928878;26,57;SAT;NEGATIF;NOTR;NEGATIF;ARTIYOR;SAT;SAT;NOTR;0;16.09.2026
LOGO;izle;;24,0;0,9;9,1;14,0;10;1;zayif;18,3;35,1;46,1;asagi;guclu;zayif;asagi;1,97;-2,19;1;127,4;-5,21;147656345;142,97;SAT;NEGATIF;NOTR;NEGATIF;ARTIYOR;SAT;SAT;UCUZ (AL);0;16.09.2026
ANGEN;izle;;23,8;2,4;11,4;10,0;6;0;zayif;18,1;36,4;26,3;asagi;zayif;zayif;asagi;2,85;-2,80;3;8,35;-5,54;57344068;10,01;AL;NEGATIF;NOTR;NEGATIF;ARTIYOR;SAT;SAT;UCUZ (AL);1;16.09.2026
ISCTR;izle;;23,6;2,2;11,4;10,0;6;0;zayif;28,3;38,9;60,2;asagi;guclu;zayif;asagi;1,39;-1,88;3;12,22;-8,53;14064480116;14,36;SAT;NEGATIF;SAT;NEGATIF;ARTIYOR;SAT;SAT;NOTR;0;16.09.2026
DYOBY;izle;;23,5;2,0;7,6;13,9;46;5;zayif;26,8;33,7;53,1;asagi;zayif;zayif;asagi;1,05;-2,71;3;12,3;-3,30;21648197;13,77;SAT;NEGATIF;SAT;NEGATIF;ARTIYOR;SAT;SAT;NOTR;0;16.09.2026
ESCAR;izle;;23,4;5,5;7,2;10,7;16;1;zayif;17,1;37,4;63,2;asagi;zayif;zayif;asagi;1,78;-1,76;3;41,48;-1,94;237116023;47,48;SAT;NEGATIF;NOTR;NEGATIF;ARTIYOR;SAT;SAT;NOTR;0;16.09.2026
AYCES;izle;;23,4;0,0;13,4;10,0;6;0;zayif;10,5;40,5;41,2;asagi;zayif;zayif;asagi;2,37;-2,87;3;420,25;-9,96;100709971;477,34;AL;NEGATIF;NOTR;NEGATIF;ARTIYOR;AL;AL;NOTR;3;16.09.2026
SUMAS;izle;;23,2;2,1;11,1;10,0;0;0;zayif;27,5;35,4;37,3;asagi;zayif;zayif;asagi;2,04;-4,98;2;255;-0,20;1388985;269,20;AL;NEGATIF;SAT;NEGATIF;AZALIYOR;SAT;SAT;NOTR;1;16.09.2026
RUBNS;izle;;23,0;12,3;4,6;6,1;10;0;zayif;28,7;31,8;27,6;asagi;zayif;zayif;asagi;1,07;-1,98;4;25,3;-7,33;62554857;32,31;SAT;NEGATIF;SAT;NEGATIF;ARTIYOR;SAT;SAT;NOTR;0;16.09.2026
KONTR;izle;;23,0;2,4;10,5;10,0;6;0;zayif;38,7;33,4;28,7;asagi;zayif;zayif;asagi;1,34;-6,89;3;3,15;-5,97;16496956;3,56;AL;NEGATIF;SAT;NEGATIF;ARTIYOR;AL;SAT;UCUZ (AL);2;16.09.2026
SUWEN;izle;;23,0;3,4;19,6;0,0;10;1;zayif;20,7;43,0;80,4;asagi;guclu;zayif;asagi;0,48;-1,13;2;6,34;-7,71;24837812;7,06;AL;NEGATIF;AL;NEGATIF;ARTIYOR;SAT;SAT;UCUZ (AL);2;16.09.2026
MERCN;izle;;22,9;1,5;11,3;10,0;0;0;zayif;23,3;36,1;42,5;asagi;zayif;zayif;asagi;1,39;-2,93;2;16,85;-3,33;104163431;19,80;AL;NEGATIF;SAT;NEGATIF;ARTIYOR;SAT;SAT;NOTR;1;16.09.2026
GLYHO;izle;;22,7;8,5;4,0;10,1;50;4;zayif;20,9;29,6;38,0;asagi;zayif;zayif;asagi;2,71;-2,89;4;15,17;-6,18;124989650;17,21;SAT;NEGATIF;SAT;NEGATIF;ARTIYOR;SAT;SAT;NOTR;0;16.09.2026
RTALB;izle;;22,7;1,0;11,6;10,0;6;0;zayif;14,7;37,1;21,3;asagi;zayif;zayif;asagi;2,59;-2,90;3;2,64;-3,65;129545320;3,16;AL;NEGATIF;NOTR;NEGATIF;ARTIYOR;AL;SAT;UCUZ (AL);2;16.09.2026
OYAKC;izle;;22,6;6,1;4,7;11,8;10;0;zayif;20,2;31,2;40,2;asagi;zayif;zayif;asagi;2,06;-2,87;4;19,4;-7,44;756277785;22,37;SAT;NEGATIF;SAT;NEGATIF;ARTIYOR;SAT;SAT;UCUZ (AL);0;16.09.2026
TSKB;izle;;22,5;0,5;9,6;12,4;16;1;zayif;15,8;36,5;47,5;asagi;guclu;zayif;asagi;1,48;-2,28;3;10,45;-6,95;307854910;11,64;SAT;NEGATIF;NOTR;NEGATIF;ARTIYOR;SAT;SAT;UCUZ (AL);0;16.09.2026
KAYSE;izle;;22,5;2,1;7,9;12,5;0;0;zayif;27,2;34,1;45,7;asagi;guclu;zayif;asagi;0,86;-2,37;2;3,73;-2,36;38905146;4,19;SAT;NEGATIF;SAT;NEGATIF;ARTIYOR;SAT;SAT;NOTR;0;16.09.2026
VKGYO;izle;;22,4;1,1;3,2;18,1;6;0;zayif;20,2;26,2;41,1;asagi;zayif;zayif;asagi;1,61;-3,87;3;1,76;-6,88;80543142;1,99;SAT;NEGATIF;SAT;NEGATIF;ARTIYOR;SAT;SAT;NOTR;0;16.09.2026
AYEN;izle;;22,3;3,1;5,9;13,2;6;0;zayif;12,6;34,5;48,1;asagi;zayif;zayif;asagi;1,25;-2,85;3;29,06;-2,81;24417781;32,63;SAT;NEGATIF;NOTR;NEGATIF;ARTIYOR;SAT;SAT;NOTR;0;16.09.2026
AKENR;izle;;22,2;1,2;9,0;12,1;10;1;zayif;20,7;36,8;56,6;asagi;zayif;zayif;asagi;0,94;-2,17;2;9,68;-4,91;78321896;11,16;SAT;NEGATIF;SAT;NEGATIF;ARTIYOR;SAT;SAT;NOTR;0;16.09.2026
PRKME;izle;;22,1;9,5;11,9;0,8;10;0;zayif;22,9;40,6;63,7;yukari;guclu;zayif;asagi;0,75;-1,36;4;17,44;-3,65;42494077;16,36;SAT;NEGATIF;SAT;NEGATIF;ARTIYOR;SAT;SAT;NOTR;0;16.09.2026
MGROS;izle;;22,1;2,4;9,6;10,0;10;0;zayif;37,7;30,4;49,2;asagi;zayif;zayif;asagi;1,48;-4,51;4;498;-2,92;2457843144;553,46;AL;NEGATIF;SAT;NEGATIF;ARTIYOR;SAT;SAT;NOTR;1;16.09.2026
VAKKO;izle;;22,0;0,3;12,6;9,1;0;0;zayif;14,1;38,8;38,5;asagi;guclu;zayif;asagi;1,18;-1,36;1;64,9;-2,26;13670731;72,32;SAT;NEGATIF;NOTR;NEGATIF;ARTIYOR;SAT;SAT;NOTR;0;16.09.2026
EMNIS;izle;;21,7;0,2;11,0;10,6;6;0;zayif;13,2;38,8;39,2;asagi;guclu;zayif;asagi;1,13;-2,32;3;149;-1,26;1051642;160,01;SAT;NEGATIF;NOTR;NEGATIF;ARTIYOR;SAT;SAT;NOTR;0;16.09.2026
REEDR;izle;;21,7;0,6;3,1;18,0;6;0;zayif;16,2;26,9;56,0;asagi;zayif;zayif;asagi;2,03;-3,93;3;5,19;-2,99;178252631;5,80;SAT;NEGATIF;NOTR;NEGATIF;ARTIYOR;SAT;SAT;NOTR;0;16.09.2026
GLRMK;izle;;21,5;1,6;8,7;11,1;32;3;zayif;24,0;37,9;41,0;asagi;zayif;zayif;asagi;1,29;-1,93;2;153;-6,82;886677993;178,38;SAT;NEGATIF;SAT;NEGATIF;ARTIYOR;SAT;SAT;NOTR;0;16.09.2026
INFO;izle;;21,4;4,2;6,7;10,5;6;0;zayif;20,6;34,1;31,5;asagi;zayif;zayif;asagi;1,09;-2,79;3;2,18;-9,92;265371206;2,99;SAT;NEGATIF;SAT;NEGATIF;ARTIYOR;AL;SAT;NOTR;1;16.09.2026
IHEVA;izle;;21,4;0,7;9,1;11,5;0;0;zayif;17,2;35,9;42,4;asagi;zayif;zayif;asagi;1,21;-2,23;1;1,85;-6,09;3820222;2,11;SAT;NEGATIF;NOTR;NEGATIF;ARTIYOR;SAT;SAT;UCUZ (AL);0;16.09.2026
OYAYO;izle;;21,4;0,0;13,3;8,0;0;0;zayif;8,7;39,4;28,8;asagi;zayif;zayif;asagi;1,18;-2,29;2;39,96;-4,13;2771825;44,74;AL;NEGATIF;NOTR;NEGATIF;ARTIYOR;SAT;SAT;NOTR;1;16.09.2026
EREGL;izle;;21,4;6,4;4,9;10,0;10;1;zayif;16,6;32,8;43,5;asagi;zayif;zayif;asagi;1,43;-2,85;2;34,78;-9,10;7913229489;40,26;SAT;NEGATIF;NOTR;NEGATIF;ARTIYOR;SAT;SAT;NOTR;0;16.09.2026
TUKAS;izle;;21,3;1,1;9,9;10,3;10;1;zayif;19,9;36,1;42,4;asagi;guclu;zayif;asagi;1,43;-2,42;2;1,91;-4,50;178187136;2,11;SAT;NEGATIF;NOTR;NEGATIF;ARTIYOR;SAT;SAT;UCUZ (AL);0;16.09.2026
TRILC;izle;;21,3;2,4;9,9;8,9;0;0;zayif;37,6;31,2;36,3;asagi;zayif;zayif;asagi;1,24;-7,76;1;0,99;-2,94;4878125;1,09;AL;NEGATIF;SAT;NEGATIF;AZALIYOR;SAT;SAT;UCUZ (AL);1;16.09.2026
AFYON;izle;;21,2;0,7;6,7;13,8;20;1;zayif;17,2;29,9;34,0;asagi;zayif;zayif;asagi;1,39;-2,79;4;11,72;-4,17;28230679;12,92;SAT;NEGATIF;NOTR;NEGATIF;ARTIYOR;SAT;SAT;NOTR;0;16.09.2026
ODAS;izle;;21,1;4,8;6,4;10,0;46;4;zayif;16,3;36,5;50,5;asagi;zayif;zayif;asagi;2,84;-1,98;3;6,88;-1,57;1213549330;7,86;SAT;NEGATIF;NOTR;NEGATIF;ARTIYOR;SAT;SAT;NOTR;0;16.09.2026
BFREN;izle;;21,1;1,4;7,0;12,7;0;0;zayif;22,3;30,2;43,7;asagi;zayif;zayif;asagi;1,48;-2,59;2;119,5;-3,00;36416550;132,56;SAT;NEGATIF;SAT;NEGATIF;ARTIYOR;SAT;SAT;UCUZ (AL);0;16.09.2026
ISSEN;izle;;21,1;1,6;8,4;11,1;20;1;zayif;24,0;31,8;57,4;asagi;guclu;zayif;asagi;1,60;-2,28;4;6,57;-3,52;13627225;7,33;SAT;NEGATIF;SAT;NEGATIF;ARTIYOR;SAT;SAT;NOTR;0;16.09.2026
TSPOR;izle;;21,1;7,0;6,3;7,7;6;0;zayif;26,9;35,8;31,4;asagi;zayif;zayif;asagi;1,16;-1,96;3;0,93;-4,12;440298325;1,08;SAT;NEGATIF;SAT;NEGATIF;ARTIYOR;SAT;SAT;NOTR;0;16.09.2026
TAVHL;izle;;21,1;0,2;7,6;13,3;46;5;zayif;13,7;33,6;33,8;asagi;zayif;zayif;asagi;1,46;-2,27;3;252,5;-0,88;1338805500;279,10;SAT;NEGATIF;NOTR;NEGATIF;ARTIYOR;SAT;SAT;NOTR;0;16.09.2026
IDGYO;izle;;21,0;2,4;8,6;10,0;10;0;zayif;36,9;26,9;26,4;asagi;zayif;zayif;asagi;1,64;-4,78;4;2,55;-7,94;6444393;3,15;AL;NEGATIF;SAT;NEGATIF;ARTIYOR;SAT;SAT;UCUZ (AL);1;16.09.2026
PCILT;izle;;21,0;7,4;6,8;6,8;6;0;zayif;14,2;37,2;19,7;asagi;zayif;zayif;asagi;1,11;-1,68;3;29,34;-1,41;85848195;34,31;SAT;NEGATIF;NOTR;NEGATIF;ARTIYOR;SAT;SAT;NOTR;0;16.09.2026
GOODY;izle;;20,8;0,6;10,2;10,0;0;0;zayif;16,2;37,1;49,8;asagi;guclu;zayif;asagi;1,98;-1,97;2;2,51;-3,83;65564892;2,86;SAT;NEGATIF;NOTR;NEGATIF;ARTIYOR;SAT;SAT;NOTR;0;16.09.2026
KLNMA;izle;;20,8;0,0;10,4;10,4;0;0;zayif;10,2;35,7;21,3;asagi;guclu;zayif;asagi;1,32;-3,26;1;8,6;-2,49;1902114;9,13;SAT;NEGATIF;NOTR;NEGATIF;ARTIYOR;SAT;SAT;NOTR;0;16.09.2026
ALGYO;izle;;20,6;0,7;9,8;10,0;32;3;zayif;17,4;37,4;46,1;asagi;guclu;zayif;asagi;1,44;-3,14;1;3,32;-5,14;116036317;3,89;SAT;NEGATIF;NOTR;NEGATIF;ARTIYOR;SAT;SAT;NOTR;0;16.09.2026
EGSER;izle;;20,5;0,8;9,7;10,0;28;2;zayif;17,9;35,1;43,2;asagi;guclu;zayif;asagi;1,54;-2,11;3;2,78;-3,14;8780377;3,09;SAT;NEGATIF;NOTR;NEGATIF;ARTIYOR;SAT;SAT;NOTR;0;16.09.2026
SAYAS;izle;;20,4;11,2;6,0;3,2;0;0;zayif;21,0;35,5;20,1;asagi;zayif;zayif;asagi;0,89;-1,75;1;48,18;-3,64;109557080;57,22;SAT;NEGATIF;SAT;NEGATIF;ARTIYOR;SAT;SAT;NOTR;0;16.09.2026
KORDS;izle;;20,3;11,3;2,0;7,0;10;0;zayif;21,5;30,1;15,2;asagi;zayif;zayif;asagi;1,12;-2,78;5;3,37;-9,89;134006958;4,43;SAT;NEGATIF;SAT;NEGATIF;ARTIYOR;SAT;SAT;NOTR;0;16.09.2026
DOAS;izle;;20,2;1,4;8,8;10,0;10;0;zayif;22,4;27,8;30,2;asagi;zayif;zayif;asagi;1,78;-4,42;4;155;-3,31;228673670;168,25;AL;NEGATIF;SAT;NEGATIF;ARTIYOR;SAT;SAT;UCUZ (AL);1;16.09.2026
EKIZ;izle;;20,1;2,4;10,2;7,4;0;0;zayif;36,2;32,4;40,2;asagi;zayif;zayif;asagi;1,15;-4,76;2;54;-6,57;786942;61,69;AL;NEGATIF;SAT;NEGATIF;ARTIYOR;SAT;SAT;UCUZ (AL);1;16.09.2026
ADESE;izle;;20,0;2,4;7,7;10,0;6;0;zayif;29,4;34,1;35,4;asagi;zayif;zayif;asagi;1,43;-2,67;3;0,8;-4,76;156621995;0,90;SAT;NEGATIF;SAT;NEGATIF;ARTIYOR;SAT;SAT;UCUZ (AL);0;16.09.2026
SEKUR;izle;;19,9;7,2;2,7;10,0;10;0;zayif;20,4;28,7;23,2;asagi;zayif;zayif;asagi;1,57;-2,95;4;8,17;-7,26;28317825;10,33;SAT;NEGATIF;SAT;NEGATIF;ARTIYOR;SAT;SAT;NOTR;0;16.09.2026
POLTK;izle;;19,9;0,4;9,6;10,0;0;0;zayif;14,6;30,3;47,9;asagi;zayif;zayif;asagi;1,38;-3,02;2;3910;-4,05;33676830;4459,83;AL;NEGATIF;NOTR;NEGATIF;ARTIYOR;SAT;SAT;UCUZ (AL);1;16.09.2026
PAGYO;izle;;19,9;9,1;3,2;7,6;10;0;zayif;21,9;30,5;24,9;asagi;zayif;zayif;asagi;1,16;-3,19;4;128;-4,62;19709056;148,54;SAT;NEGATIF;SAT;NEGATIF;ARTIYOR;SAT;SAT;NOTR;0;16.09.2026
PENTA;izle;;19,9;0,0;7,3;12,6;42;3;zayif;10,1;32,3;37,2;asagi;zayif;zayif;asagi;1,32;-2,71;5;12,29;-3,61;28263522;13,62;SAT;NEGATIF;NOTR;NEGATIF;ARTIYOR;SAT;SAT;NOTR;0;16.09.2026
PRKAB;izle;;19,9;3,1;6,8;10,0;16;1;zayif;20,1;35,7;53,6;asagi;zayif;zayif;asagi;3,40;-2,55;3;29,7;-2,37;119744341;34,64;SAT;NEGATIF;AL;NEGATIF;ARTIYOR;SAT;SAT;NOTR;1;16.09.2026
ULKER;izle;;19,9;1,6;8,5;9,8;42;3;zayif;24,1;35,3;41,6;asagi;zayif;zayif;asagi;1,29;-3,14;4;85,25;-4,37;725337861;95,05;SAT;NEGATIF;SAT;NEGATIF;ARTIYOR;SAT;SAT;UCUZ (AL);0;16.09.2026
GARAN;izle;;19,9;0,8;7,0;12,1;46;4;zayif;18,2;31,2;54,8;asagi;guclu;zayif;asagi;1,47;-2,47;3;120,9;-5,40;6534687194;136,38;SAT;NEGATIF;NOTR;NEGATIF;ARTIYOR;SAT;SAT;NOTR;0;16.09.2026
GSDHO;izle;;19,9;0,0;11,1;8,8;0;0;zayif;12,1;35,3;31,9;asagi;zayif;zayif;asagi;1,23;-2,56;1;4,37;-5,00;67546928;4,97;AL;NEGATIF;NOTR;NEGATIF;ARTIYOR;SAT;SAT;NOTR;1;16.09.2026
CVKMD;izle;;19,7;7,6;2,1;10,0;6;0;zayif;16,9;29,8;39,3;asagi;zayif;zayif;asagi;1,49;-2,60;3;13,57;-4,44;640380961;15,92;SAT;NEGATIF;NOTR;NEGATIF;ARTIYOR;SAT;AL;NOTR;1;16.09.2026
YKBNK;izle;;19,6;3,6;6,0;10,0;22;2;zayif;16,4;31,9;44,6;asagi;zayif;zayif;asagi;1,92;-2,70;2;32,12;-7,38;15378964522;37,23;SAT;NEGATIF;NOTR;NEGATIF;ARTIYOR;SAT;SAT;NOTR;0;16.09.2026
LKMNH;izle;;19,6;2,4;5,9;11,3;10;0;zayif;37,3;34,1;67,9;asagi;zayif;zayif;asagi;1,14;-2,66;4;12,34;-6,23;34793111;13,89;SAT;NEGATIF;SAT;NEGATIF;ARTIYOR;AL;SAT;UCUZ (AL);1;16.09.2026
GRNYO;izle;;19,5;2,4;5,6;11,4;0;0;zayif;32,2;34,0;44,6;asagi;zayif;zayif;asagi;1,15;-3,99;1;10,7;-6,47;5535356;13,46;SAT;NEGATIF;SAT;NEGATIF;ARTIYOR;SAT;SAT;NOTR;0;16.09.2026
RNPOL;izle;;19,4;3,8;5,6;10,0;32;2;zayif;17,9;35,8;14,2;asagi;zayif;zayif;asagi;2,66;-2,00;5;2,13;-3,18;19108106;2,47;SAT;NEGATIF;NOTR;NEGATIF;ARTIYOR;SAT;SAT;NOTR;0;16.09.2026
OBAMS;izle;;19,1;1,7;8,7;8,7;0;0;zayif;24,7;37,4;55,7;asagi;zayif;zayif;asagi;0,74;-2,66;1;4,8;-7,51;162944578;5,75;SAT;NEGATIF;SAT;NEGATIF;ARTIYOR;SAT;SAT;UCUZ (AL);0;16.09.2026
YEOTK;izle;;19,1;3,7;5,4;10,0;10;0;zayif;17,1;33,3;42,7;asagi;zayif;zayif;asagi;1,41;-3,11;4;29,52;-8,72;694806513;37,14;SAT;NEGATIF;NOTR;NEGATIF;ARTIYOR;SAT;SAT;NOTR;0;16.09.2026
EDATA;izle;;19,1;8,0;3,2;7,9;0;0;zayif;20,2;30,6;28,1;asagi;zayif;zayif;asagi;1,18;-2,45;2;15,37;-5,12;68669379;19,32;SAT;NEGATIF;SAT;NEGATIF;AZALIYOR;SAT;AL;NOTR;1;16.09.2026
BRKVY;izle;;19,0;2,4;8,6;8,0;0;0;zayif;29,7;37,3;57,1;asagi;guclu;zayif;asagi;0,46;-1,77;2;75,4;-5,16;21356070;90,22;SAT;NEGATIF;SAT;NEGATIF;ARTIYOR;SAT;SAT;UCUZ (AL);0;16.09.2026
ISFIN;izle;;18,9;3,8;2,9;12,3;20;1;zayif;17,6;22,7;26,8;asagi;zayif;zayif;asagi;1,31;-3,71;5;17,87;-4,13;42968379;19,51;SAT;NEGATIF;NOTR;NEGATIF;ARTIYOR;SAT;SAT;NOTR;0;16.09.2026
BNTAS;izle;;18,9;1,7;5,4;11,8;50;4;zayif;24,6;30,2;34,2;asagi;zayif;zayif;asagi;1,30;-3,11;5;5,74;-6,21;31321045;6,48;SAT;NEGATIF;SAT;NEGATIF;ARTIYOR;SAT;SAT;NOTR;0;16.09.2026
ARCLK;izle;;18,8;0,7;6,6;11,5;6;0;zayif;17,0;31,6;36,4;asagi;zayif;zayif;asagi;1,32;-3,53;3;86,85;-4,77;194375164;96,02;SAT;NEGATIF;NOTR;NEGATIF;ARTIYOR;SAT;SAT;UCUZ (AL);0;16.09.2026
GLCVY;izle;;18,7;0,7;8,0;10,0;10;1;zayif;17,1;36,5;36,9;asagi;zayif;zayif;asagi;1,74;-2,24;1;48;-7,69;56359344;55,12;SAT;NEGATIF;NOTR;NEGATIF;ARTIYOR;SAT;SAT;UCUZ (AL);0;16.09.2026
ATEKS;izle;;18,6;5,4;3,9;9,3;10;0;zayif;29,6;31,3;44,6;asagi;zayif;zayif;asagi;1,26;-5,13;4;86;-4,44;1380472;97,52;SAT;NEGATIF;SAT;NEGATIF;ARTIYOR;SAT;SAT;NOTR;0;16.09.2026
BALAT;izle;;18,6;0,8;8,0;9,8;22;2;zayif;17,7;39,7;41,4;asagi;zayif;zayif;asagi;1,27;-2,28;2;66;-4,76;2939376;75,19;SAT;NEGATIF;NOTR;NEGATIF;ARTIYOR;SAT;SAT;UCUZ (AL);0;16.09.2026
OZKGY;izle;;18,5;1,5;7,0;10,0;10;0;zayif;23,2;31,9;28,2;asagi;guclu;zayif;asagi;1,39;-2,39;4;12,21;-2,94;85787900;13,54;SAT;NEGATIF;SAT;NEGATIF;ARTIYOR;SAT;SAT;NOTR;0;16.09.2026
ASTOR;izle;;18,4;7,3;1,1;10,0;50;4;zayif;22,8;27,3;17,2;asagi;zayif;zayif;asagi;1,53;-3,58;4;245,5;-9,83;12942424156;308,68;SAT;NEGATIF;SAT;NEGATIF;ARTIYOR;SAT;SAT;NOTR;0;16.09.2026
CRDFA;izle;;18,3;5,4;2,9;10,0;6;0;zayif;37,5;22,7;40,4;asagi;zayif;zayif;asagi;1,50;-5,10;3;20,78;-9,97;63788200;27,11;SAT;NEGATIF;SAT;NEGATIF;ARTIYOR;SAT;SAT;NOTR;0;16.09.2026
BINHO;izle;;18,3;3,4;4,9;10,0;10;0;zayif;14,8;34,3;51,9;asagi;zayif;zayif;asagi;1,85;-2,17;4;8,69;-9,95;559345189;10,94;SAT;NEGATIF;NOTR;NEGATIF;ARTIYOR;SAT;SAT;NOTR;0;16.09.2026
EUYO;izle;;18,2;0,1;8,1;10,0;20;1;zayif;12,7;36,9;32,0;asagi;zayif;zayif;asagi;2,31;-2,03;4;4,58;-0,65;8225396;5,22;SAT;NEGATIF;NOTR;NEGATIF;ARTIYOR;SAT;SAT;NOTR;0;16.09.2026
BRKO;izle;;18,1;3,2;5,0;10,0;10;0;zayif;13,2;37,3;30,2;asagi;zayif;zayif;asagi;1,54;-2,95;4;10,26;-9,92;5446080;12,12;SAT;NEGATIF;NOTR;NEGATIF;ARTIYOR;SAT;AL;NOTR;1;16.09.2026
NATEN;izle;;18,1;0,7;4,0;13,4;0;0;zayif;17,2;29,2;48,6;asagi;zayif;zayif;asagi;1,02;-4,02;2;4,83;-5,11;39405164;5,59;SAT;NEGATIF;NOTR;NEGATIF;ARTIYOR;SAT;SAT;UCUZ (AL);0;16.09.2026
IMASM;izle;;18,1;0,2;10,2;7,7;46;4;zayif;13,6;32,3;26,7;asagi;zayif;zayif;asagi;1,16;-3,92;3;2,09;-6,28;49627464;2,44;AL;NEGATIF;NOTR;NEGATIF;ARTIYOR;SAT;SAT;UCUZ (AL);1;16.09.2026
YAPRK;izle;;18,1;0,5;7,6;10,0;6;0;zayif;13,3;33,7;56,2;asagi;zayif;zayif;asagi;6,37;-2,48;3;10,13;-0,78;244049103;11,37;SAT;NEGATIF;NOTR;NEGATIF;ARTIYOR;SAT;SAT;NOTR;0;16.09.2026
CLEBI;izle;;17,8;0,4;5,9;11,6;10;0;zayif;14,9;29,6;27,0;asagi;zayif;zayif;asagi;2,36;-3,76;5;1364;-3,13;71105320;1485,54;SAT;NEGATIF;NOTR;NEGATIF;ARTIYOR;SAT;SAT;NOTR;0;16.09.2026
GSRAY;izle;;17,8;1,8;7,7;8,3;0;0;zayif;25,3;33,2;17,9;asagi;guclu;zayif;asagi;1,11;-2,28;2;0,97;-3,00;250430655;1,07;SAT;NEGATIF;SAT;NEGATIF;ARTIYOR;SAT;SAT;UCUZ (AL);0;16.09.2026
TCKRC;izle;;17,7;10,1;1,1;6,6;0;0;zayif;27,2;26,8;30,7;asagi;zayif;zayif;asagi;1,10;-3,51;2;117,1;-9,99;340843204;147,90;SAT;NEGATIF;SAT;NEGATIF;ARTIYOR;SAT;SAT;NOTR;0;16.09.2026
MNDTR;izle;;17,7;1,0;7,0;9,8;0;0;zayif;19,0;32,3;49,5;asagi;zayif;zayif;asagi;1,29;-2,70;2;4,74;-2,87;11867590;5,27;SAT;NEGATIF;NOTR;NEGATIF;ARTIYOR;SAT;SAT;UCUZ (AL);0;16.09.2026
BASGZ;izle;;17,5;1,8;5,1;10,7;22;2;zayif;24,9;29,0;52,9;asagi;zayif;zayif;asagi;1,89;-3,42;2;40,8;-6,72;27457951;45,98;SAT;NEGATIF;SAT;NEGATIF;ARTIYOR;SAT;SAT;NOTR;0;16.09.2026
MARBL;izle;;17,5;0,3;7,2;10,0;20;1;zayif;14,3;31,4;32,5;asagi;zayif;zayif;asagi;1,48;-2,36;4;11,5;-2,79;24181441;12,76;SAT;NEGATIF;NOTR;NEGATIF;ARTIYOR;SAT;SAT;NOTR;0;16.09.2026
IZENR;izle;;17,5;1,8;2,0;13,7;0;0;zayif;25,5;22,2;33,9;asagi;zayif;zayif;asagi;1,04;-5,57;2;5,94;-10,00;206770859;7,44;SAT;NEGATIF;SAT;NEGATIF;ARTIYOR;SAT;SAT;UCUZ (AL);0;16.09.2026
BERA;izle;;17,4;1,6;5,8;10,0;10;0;zayif;23,7;32,8;50,0;asagi;zayif;zayif;asagi;1,38;-3,21;4;12,3;-6,82;133653239;14,25;SAT;NEGATIF;SAT;NEGATIF;ARTIYOR;SAT;SAT;UCUZ (AL);0;16.09.2026
MNDRS;izle;;17,4;1,5;7,9;8,0;10;0;zayif;22,7;36,1;26,7;asagi;zayif;zayif;asagi;1,12;-2,18;4;10,26;-4,11;38660593;11,76;SAT;NEGATIF;SAT;NEGATIF;ARTIYOR;SAT;SAT;UCUZ (AL);0;16.09.2026
PAPIL;izle;;17,4;1,3;4,6;11,4;0;0;zayif;21,6;34,4;58,1;asagi;zayif;zayif;asagi;0,91;-2,67;2;11,14;-7,93;81471198;13,70;SAT;NEGATIF;SAT;NEGATIF;ARTIYOR;SAT;SAT;UCUZ (AL);0;16.09.2026
FZLGY;izle;;17,3;1,7;13,1;2,5;0;0;zayif;24,1;42,1;49,9;asagi;zayif;zayif;asagi;0,85;-2,54;1;8,99;-4,87;159840995;9,66;AL;NEGATIF;SAT;POZITIF;AZALIYOR;AL;SAT;NOTR;3;16.09.2026
GUNDG;izle;;17,2;5,1;4,1;8,0;0;0;zayif;27,2;25,5;17,9;asagi;zayif;zayif;asagi;0,01;-5,07;1;660,5;-9,95;1371198;1111,58;SAT;NEGATIF;SAT;NEGATIF;AZALIYOR;SAT;SAT;NOTR;0;16.09.2026
TATGD;izle;;17,2;3,6;8,5;5,1;10;0;zayif;10,9;36,3;40,9;asagi;zayif;zayif;asagi;1,00;-2,23;4;16,67;-4,42;43548541;18,67;SAT;NEGATIF;NOTR;NEGATIF;ARTIYOR;SAT;SAT;NOTR;0;16.09.2026
NUGYO;izle;;17,2;0,8;5,7;10,7;0;0;zayif;17,8;30,8;36,1;asagi;zayif;zayif;asagi;1,75;-2,78;2;8,32;-5,45;25598652;9,46;SAT;NEGATIF;NOTR;NEGATIF;ARTIYOR;SAT;SAT;NOTR;0;16.09.2026
BESLR;izle;;17,0;0,8;8,4;7,8;28;2;zayif;18,0;35,3;32,4;asagi;zayif;zayif;asagi;1,17;-2,50;3;12,03;-3,99;38405895;13,44;SAT;NEGATIF;NOTR;NEGATIF;ARTIYOR;SAT;SAT;NOTR;0;16.09.2026
RUZYE;izle;;16,9;1,0;6,0;10,0;0;0;zayif;19,1;37,0;41,4;asagi;zayif;zayif;asagi;1,41;-2,38;2;7,61;-8,31;85100530;9,97;SAT;NEGATIF;NOTR;NEGATIF;ARTIYOR;SAT;SAT;UCUZ (AL);0;16.09.2026
PARSN;izle;;16,7;1,0;5,8;10,0;10;0;zayif;19,1;32,5;32,0;asagi;zayif;zayif;asagi;1,55;-3,24;4;66,65;-4,58;27707471;75,32;SAT;NEGATIF;NOTR;NEGATIF;ARTIYOR;SAT;SAT;UCUZ (AL);0;16.09.2026
ICUGS;izle;;16,7;5,4;1,3;10,0;6;0;zayif;33,1;21,9;39,1;asagi;zayif;zayif;asagi;1,66;-5,04;3;3,19;-6,45;85770809;4,23;SAT;NEGATIF;SAT;NEGATIF;ARTIYOR;SAT;SAT;NOTR;0;16.09.2026
BIOEN;izle;;16,6;6,1;5,3;5,1;10;0;zayif;20,3;34,9;48,6;asagi;zayif;zayif;asagi;1,01;-2,01;4;16,27;-9,96;149712782;20,46;SAT;NEGATIF;SAT;NEGATIF;ARTIYOR;SAT;SAT;NOTR;0;16.09.2026
MEGMT;izle;;16,5;2,4;8,0;6,1;10;0;zayif;44,2;22,3;42,5;asagi;zayif;zayif;asagi;1,06;-6,64;4;37,78;-9,96;334838511;48,68;AL;NEGATIF;SAT;NEGATIF;ARTIYOR;SAT;SAT;UCUZ (AL);1;16.09.2026
BIZIM;izle;;16,5;1,7;8,4;6,4;32;2;zayif;24,7;35,9;42,8;asagi;zayif;zayif;asagi;1,08;-2,37;4;22,62;-6,76;8151388;26,27;SAT;NEGATIF;SAT;NEGATIF;ARTIYOR;SAT;SAT;NOTR;0;16.09.2026
AKSEN;izle;;16,5;4,5;2,0;10,0;0;0;zayif;22,9;24,1;40,9;asagi;zayif;zayif;asagi;1,73;-4,38;2;67,05;-9,94;849384707;82,00;SAT;NEGATIF;SAT;NEGATIF;ARTIYOR;SAT;SAT;NOTR;0;16.09.2026
ERCB;izle;;16,4;8,4;4,5;3,5;0;0;zayif;15,3;31,9;38,7;yukari;zayif;zayif;asagi;0,91;-3,51;2;41,16;-2,88;31218584;41,03;SAT;NEGATIF;NOTR;NEGATIF;ARTIYOR;SAT;SAT;UCUZ (AL);0;16.09.2026
ATAGY;izle;;16,4;2,4;13,9;0,0;6;0;zayif;33,4;36,6;37,9;asagi;zayif;zayif;asagi;0,61;-2,31;3;9,75;-4,13;1216673;10,60;AL;NEGATIF;SAT;NEGATIF;ARTIYOR;SAT;SAT;UCUZ (AL);1;16.09.2026
PENGD;izle;;16,4;2,0;9,2;5,1;0;0;zayif;27,0;29,0;42,2;asagi;zayif;zayif;asagi;1,01;-4,17;2;8,48;-5,99;22204702;9,59;AL;NEGATIF;SAT;NEGATIF;ARTIYOR;SAT;SAT;NOTR;1;16.09.2026
PRDGS;izle;;16,2;4,7;1,4;10,0;20;1;zayif;24,8;27,4;15,8;asagi;zayif;zayif;asagi;1,75;-3,67;4;5,97;-9,68;65352760;7,44;SAT;NEGATIF;SAT;NEGATIF;ARTIYOR;SAT;SAT;NOTR;0;16.09.2026
DUNYH;izle;;16,1;5,4;0,3;10,4;42;3;zayif;38,7;19,7;2,3;asagi;zayif;zayif;asagi;1,08;-4,07;4;93;-9,80;121883568;129,69;SAT;NEGATIF;SAT;NEGATIF;ARTIYOR;SAT;AL;NOTR;1;16.09.2026
TMSN;izle;;16,1;0,0;6,1;10,0;0;0;zayif;11,8;34,5;48,3;asagi;zayif;zayif;asagi;3,86;-2,68;2;69,45;-2,32;205025637;77,43;SAT;NEGATIF;NOTR;NEGATIF;ARTIYOR;SAT;SAT;UCUZ (AL);0;16.09.2026
AVHOL;izle;;16,1;1,7;10,7;3,7;10;0;zayif;24,7;33,1;43,5;asagi;zayif;zayif;asagi;0,92;-2,91;4;33,2;-2,81;57352602;36,64;AL;NEGATIF;SAT;NEGATIF;ARTIYOR;SAT;SAT;NOTR;1;16.09.2026
MOGAN;izle;;16,1;5,4;0,6;10,0;28;2;zayif;35,0;25,6;18,5;asagi;zayif;zayif;asagi;1,65;-4,04;3;11,5;-8,80;399219303;15,71;SAT;NEGATIF;SAT;NEGATIF;ARTIYOR;SAT;SAT;NOTR;0;16.09.2026
BRISA;izle;;16,1;0,6;5,5;10,0;0;0;zayif;16,3;32,4;37,1;asagi;zayif;zayif;asagi;1,85;-3,47;2;71;-5,96;21360421;80,43;SAT;NEGATIF;NOTR;NEGATIF;ARTIYOR;SAT;SAT;UCUZ (AL);0;16.09.2026
GEREL;izle;;16,0;3,9;2,1;10,0;28;2;zayif;18,9;28,1;40,7;asagi;zayif;zayif;asagi;1,36;-3,46;3;29,68;-9,95;244104763;39,36;SAT;NEGATIF;NOTR;NEGATIF;ARTIYOR;SAT;SAT;NOTR;0;16.09.2026
DESA;izle;;16,0;0,6;5,4;10,0;6;0;zayif;16,4;32,9;37,1;asagi;zayif;zayif;asagi;1,36;-2,79;3;8,9;-6,71;31121280;10,44;SAT;NEGATIF;NOTR;NEGATIF;ARTIYOR;SAT;SAT;UCUZ (AL);0;16.09.2026
GOKNR;izle;;16,0;0,8;11,2;4,0;6;0;zayif;17,6;35,7;54,1;asagi;zayif;zayif;asagi;0,94;-3,55;3;17,07;-3,83;94611448;19,02;AL;NEGATIF;NOTR;NEGATIF;ARTIYOR;SAT;SAT;NOTR;1;16.09.2026
PEKGY;izle;;15,9;4,5;3,4;8,0;32;3;zayif;22,7;31,2;42,4;asagi;zayif;zayif;asagi;0,22;-3,65;1;10,53;-10,00;469373802;13,39;SAT;NEGATIF;SAT;NEGATIF;ARTIYOR;SAT;SAT;NOTR;0;16.09.2026
ISBIR;izle;;15,7;0,5;11,5;3,7;0;0;zayif;15,5;40,0;37,9;asagi;guclu;zayif;asagi;0,73;-1,78;2;68;-4,23;1152668;75,93;SAT;NEGATIF;NOTR;NEGATIF;ARTIYOR;SAT;SAT;UCUZ (AL);0;16.09.2026
CEMTS;izle;;15,7;0,7;5,0;10,0;38;3;zayif;16,9;28,5;36,6;asagi;zayif;zayif;asagi;2,58;-3,68;3;8,17;-4,00;30947094;9,02;SAT;NEGATIF;NOTR;NEGATIF;ARTIYOR;SAT;SAT;UCUZ (AL);0;16.09.2026
KMPUR;izle;;15,6;5,3;3,8;6,5;6;0;zayif;28,9;30,3;38,5;asagi;zayif;zayif;asagi;0,85;-2,81;3;17,05;-6,58;34454640;20,31;SAT;NEGATIF;SAT;NEGATIF;ARTIYOR;SAT;SAT;NOTR;0;16.09.2026
PKART;izle;;15,5;4,5;1,1;9,9;10;0;zayif;23,2;26,6;42,9;asagi;zayif;zayif;asagi;1,30;-3,20;4;99;-2,08;71625312;124,20;SAT;NEGATIF;SAT;NEGATIF;ARTIYOR;SAT;AL;NOTR;1;16.09.2026
BRLSM;izle;;15,5;11,1;4,5;0,0;0;0;zayif;19,8;38,0;22,9;asagi;zayif;zayif;asagi;0,43;-1,66;2;15,65;-3,75;125295277;20,73;SAT;NEGATIF;NOTR;NEGATIF;AZALIYOR;SAT;AL;NOTR;1;16.09.2026
INTEK;izle;;15,5;2,4;3,0;10,0;0;0;zayif;29,9;27,1;16,2;asagi;zayif;zayif;asagi;1,55;-6,71;2;205;-4,92;2505715;228,37;SAT;NEGATIF;SAT;NEGATIF;ARTIYOR;SAT;SAT;NOTR;0;16.09.2026
KCAER;izle;;15,4;5,4;0,0;10,0;32;2;zayif;33,1;20,7;14,2;asagi;zayif;zayif;asagi;1,41;-4,09;5;12;-5,81;214430832;14,13;SAT;NEGATIF;SAT;NEGATIF;ARTIYOR;SAT;SAT;NOTR;0;16.09.2026
EGEPO;izle;;15,4;5,4;0,0;10,0;10;0;zayif;46,3;16,2;19,3;asagi;zayif;zayif;asagi;1,32;-7,41;4;8,23;-9,96;66507033;11,96;SAT;NEGATIF;SAT;NEGATIF;ARTIYOR;SAT;SAT;NOTR;0;16.09.2026
ASUZU;izle;;15,4;0,9;4,5;10,0;10;0;zayif;18,8;30,1;29,3;asagi;zayif;zayif;asagi;1,51;-4,12;4;44,32;-5,74;25366907;49,84;SAT;NEGATIF;NOTR;NEGATIF;ARTIYOR;SAT;SAT;UCUZ (AL);0;16.09.2026
HATEK;izle;;15,3;9,2;6,0;0,1;6;0;zayif;20,8;36,4;38,8;yukari;zayif;zayif;asagi;0,71;-2,39;3;11,83;-6,63;19994735;11,49;SAT;NEGATIF;SAT;NEGATIF;ARTIYOR;SAT;SAT;NOTR;0;16.09.2026
GLBMD;izle;;15,3;1,0;6,4;7,9;6;0;zayif;19,2;32,5;17,0;asagi;zayif;zayif;asagi;1,17;-2,22;3;11,14;-0,71;2237502;12,20;SAT;NEGATIF;NOTR;NEGATIF;ARTIYOR;SAT;SAT;NOTR;0;16.09.2026
ERSU;izle;;15,3;3,2;2,1;10,0;10;1;zayif;13,5;27,1;36,6;asagi;zayif;zayif;asagi;1,52;-2,41;2;20,68;-4,88;14021764;24,61;SAT;NEGATIF;NOTR;NEGATIF;ARTIYOR;SAT;SAT;NOTR;0;16.09.2026
DCTTR;izle;;15,2;2,4;8,0;4,8;10;0;zayif;45,0;24,1;23,9;asagi;zayif;zayif;asagi;0,99;-6,59;5;5,29;-9,88;52727922;6,91;AL;NEGATIF;SAT;NEGATIF;ARTIYOR;SAT;SAT;UCUZ (AL);1;16.09.2026
YATAS;izle;;15,1;2,4;2,6;10,0;6;0;zayif;31,5;24,7;41,4;asagi;zayif;zayif;asagi;2,60;-5,20;3;27,48;-7,54;75982667;31,70;SAT;NEGATIF;SAT;NEGATIF;ARTIYOR;SAT;SAT;UCUZ (AL);0;16.09.2026
LINK;izle;;15,0;2,4;2,6;10,0;22;2;zayif;31,7;25,2;41,0;asagi;zayif;zayif;asagi;1,58;-4,43;2;4,75;-5,94;108072043;5,51;SAT;NEGATIF;SAT;NEGATIF;ARTIYOR;SAT;SAT;NOTR;0;16.09.2026
UFUK;izle;;15,0;3,7;1,3;10,0;38;3;zayif;17,0;25,8;55,5;asagi;zayif;zayif;asagi;2,20;-3,37;3;1255;-9,65;505502705;1654,02;SAT;NEGATIF;NOTR;NEGATIF;ARTIYOR;SAT;SAT;UCUZ (AL);0;16.09.2026
SERNT;izle;;14,9;0,8;4,1;10,0;6;0;zayif;17,8;31,0;43,7;asagi;zayif;zayif;asagi;1,38;-3,08;3;7,24;-8,93;44594874;8,68;SAT;NEGATIF;NOTR;NEGATIF;ARTIYOR;SAT;SAT;NOTR;0;16.09.2026
CEMAS;izle;;14,9;1,3;9,3;4,3;0;0;zayif;21,8;37,2;33,5;asagi;guclu;zayif;asagi;0,96;-2,23;2;3,88;-4,67;60542907;4,42;SAT;NEGATIF;SAT;NEGATIF;ARTIYOR;SAT;SAT;NOTR;0;16.09.2026
KLKIM;izle;;14,9;0,7;4,2;10,0;6;0;zayif;17,4;28,9;34,0;asagi;zayif;zayif;asagi;1,50;-3,49;3;24,04;-5,35;69829012;27,29;SAT;NEGATIF;NOTR;NEGATIF;ARTIYOR;SAT;SAT;UCUZ (AL);0;16.09.2026
TEZOL;izle;;14,9;2,4;8,4;4,1;6;0;zayif;35,6;26,3;29,2;asagi;zayif;zayif;asagi;0,94;-6,69;3;8,32;-3,70;33373575;9,61;AL;NEGATIF;SAT;NEGATIF;ARTIYOR;SAT;SAT;UCUZ (AL);1;16.09.2026
BANVT;izle;;14,9;0,6;4,2;10,0;0;0;zayif;16,7;30,0;36,3;asagi;zayif;zayif;asagi;1,62;-3,28;2;140,3;-4,56;22982964;157,89;SAT;NEGATIF;NOTR;NEGATIF;ARTIYOR;SAT;SAT;NOTR;0;16.09.2026
SILVR;izle;;14,8;0,3;4,5;10,0;6;0;zayif;14,4;28,4;29,8;asagi;zayif;zayif;asagi;3,19;-2,87;3;2,05;-5,09;8138418;2,35;SAT;NEGATIF;NOTR;NEGATIF;ARTIYOR;SAT;SAT;UCUZ (AL);0;16.09.2026
FRIGO;izle;;14,8;0,5;13,8;0,4;20;1;zayif;15,7;42,7;35,8;asagi;guclu;zayif;asagi;0,43;-1,10;4;2,23;0,00;41318477;2,59;SAT;NEGATIF;NOTR;NEGATIF;AZALIYOR;SAT;SAT;NOTR;0;16.09.2026
BRYAT;izle;;14,7;0,2;8,9;5,7;0;0;zayif;13,3;36,4;48,7;asagi;zayif;zayif;asagi;0,99;-2,91;1;1600;-3,67;111460800;1767,46;SAT;NEGATIF;NOTR;NEGATIF;ARTIYOR;SAT;SAT;UCUZ (AL);0;16.09.2026
BTCIM;izle;;14,7;2,4;2,3;10,0;6;0;zayif;52,4;21,9;45,7;asagi;zayif;zayif;asagi;1,46;-5,33;3;3,36;-4,00;667042360;4,07;SAT;NEGATIF;SAT;NEGATIF;ARTIYOR;SAT;SAT;NOTR;0;16.09.2026
SEKFK;izle;;14,7;1,9;2,9;10,0;6;0;zayif;25,6;21,4;27,8;asagi;zayif;zayif;asagi;1,39;-4,16;3;4,06;-5,14;3636030;4,64;SAT;NEGATIF;SAT;NEGATIF;ARTIYOR;SAT;SAT;NOTR;0;16.09.2026
MERKO;izle;;14,7;2,4;2,2;10,0;10;0;zayif;33,6;25,2;38,9;asagi;zayif;zayif;asagi;1,72;-5,40;4;1,12;-2,61;43487582;1,27;SAT;NEGATIF;SAT;NEGATIF;ARTIYOR;SAT;SAT;UCUZ (AL);0;16.09.2026
GWIND;izle;;14,7;0,1;5,0;9,5;6;0;zayif;12,9;29,6;47,2;asagi;zayif;zayif;asagi;1,27;-4,21;3;21,26;-3,89;89110886;23,26;SAT;NEGATIF;NOTR;NEGATIF;ARTIYOR;SAT;SAT;NOTR;0;16.09.2026
GRSEL;izle;;14,7;2,3;2,3;10,0;6;0;zayif;29,1;24,1;30,4;asagi;zayif;zayif;asagi;1,74;-2,86;3;284;-3,07;190715940;314,62;SAT;NEGATIF;SAT;NEGATIF;ARTIYOR;SAT;SAT;NOTR;0;16.09.2026
INVEO;izle;;14,7;0,5;4,2;10,0;6;0;zayif;15,5;30,1;36,1;asagi;zayif;zayif;asagi;2,58;-3,34;3;6,32;-4,68;62397284;7,20;SAT;NEGATIF;NOTR;NEGATIF;ARTIYOR;SAT;SAT;UCUZ (AL);0;16.09.2026
MEGAP;izle;;14,7;2,4;2,2;10,0;6;0;zayif;34,9;18,1;23,8;asagi;zayif;zayif;asagi;1,41;-7,49;3;1,52;-5,59;1252684;1,69;SAT;NEGATIF;SAT;NEGATIF;ARTIYOR;SAT;SAT;UCUZ (AL);0;16.09.2026
KONKA;izle;;14,6;2,4;2,2;10,0;42;3;zayif;42,6;18,0;21,1;asagi;zayif;zayif;asagi;1,30;-6,64;4;8,47;-4,08;33584634;9,74;SAT;NEGATIF;SAT;NEGATIF;ARTIYOR;SAT;SAT;UCUZ (AL);0;16.09.2026
ALCTL;izle;;14,6;2,4;2,9;9,3;10;0;zayif;52,0;22,7;19,6;asagi;zayif;zayif;asagi;1,26;-5,46;4;97,7;-7,13;56532737;117,98;SAT;NEGATIF;SAT;NEGATIF;ARTIYOR;SAT;SAT;NOTR;0;16.09.2026
FORMT;izle;;14,6;2,4;2,2;10,0;10;0;zayif;44,9;14,9;16,9;asagi;zayif;zayif;asagi;1,69;-7,41;4;1,31;-7,09;39107556;1,52;SAT;NEGATIF;SAT;NEGATIF;ARTIYOR;SAT;SAT;UCUZ (AL);0;16.09.2026
DERHL;izle;;14,6;0,7;3,8;10,0;6;0;zayif;17,4;29,8;52,5;asagi;zayif;zayif;asagi;1,59;-4,04;3;1,89;-9,13;40097078;2,24;SAT;NEGATIF;NOTR;NEGATIF;ARTIYOR;SAT;SAT;UCUZ (AL);0;16.09.2026
ACSEL;izle;;14,5;1,6;2,9;10,0;10;0;zayif;24,0;27,0;26,4;asagi;zayif;zayif;asagi;1,53;-3,77;4;103,3;-5,32;20837883;119,99;SAT;NEGATIF;SAT;NEGATIF;ARTIYOR;SAT;SAT;NOTR;0;16.09.2026
YUNSA;izle;;14,5;2,4;2,1;10,0;0;0;zayif;33,3;22,5;37,5;asagi;zayif;zayif;asagi;1,33;-5,70;2;6,77;-6,62;47979836;7,82;SAT;NEGATIF;SAT;NEGATIF;ARTIYOR;SAT;SAT;NOTR;0;16.09.2026
AZTEK;izle;;14,5;2,4;2,1;10,0;10;0;zayif;32,6;18,7;18,7;asagi;zayif;zayif;asagi;2,02;-5,87;4;3,15;-8,96;35188407;3,76;SAT;NEGATIF;SAT;NEGATIF;ARTIYOR;SAT;SAT;UCUZ (AL);0;16.09.2026
MTRKS;izle;;14,5;11,0;0,8;2,6;10;0;zayif;19,5;27,3;29,1;asagi;zayif;zayif;asagi;0,86;-3,00;4;24,3;-9,93;32621681;31,80;SAT;NEGATIF;NOTR;NEGATIF;ARTIYOR;SAT;SAT;NOTR;0;16.09.2026
VAKFN;izle;;14,5;2,4;2,0;10,0;6;0;zayif;37,4;22,1;21,3;asagi;zayif;zayif;asagi;2,36;-4,69;3;1,02;-6,42;142420526;1,17;SAT;NEGATIF;SAT;NEGATIF;ARTIYOR;SAT;SAT;UCUZ (AL);0;16.09.2026
SODSN;izle;;14,5;2,4;2,0;10,0;6;0;zayif;32,2;24,1;31,9;asagi;zayif;zayif;asagi;1,47;-5,65;3;6,81;-4,49;776286;7,50;SAT;NEGATIF;SAT;NEGATIF;ARTIYOR;SAT;SAT;UCUZ (AL);0;16.09.2026
ORMA;izle;;14,5;1,8;2,7;10,0;10;0;zayif;25,0;28,4;21,6;asagi;zayif;zayif;asagi;1,47;-5,47;5;139,5;-4,58;1824660;155,12;SAT;NEGATIF;SAT;NEGATIF;ARTIYOR;SAT;SAT;NOTR;0;16.09.2026
ULUSE;izle;;14,4;5,4;4,3;4,6;0;0;zayif;33,9;30,2;34,8;asagi;zayif;zayif;asagi;0,98;-3,52;2;215,9;-3,92;39882775;256,04;SAT;NEGATIF;SAT;NEGATIF;ARTIYOR;SAT;SAT;NOTR;0;16.09.2026
ECZYT;izle;;14,4;4,0;0,8;9,6;40;4;zayif;19,4;22,8;30,3;asagi;zayif;zayif;asagi;1,28;-5,05;2;261;-9,92;102499920;309,81;SAT;NEGATIF;NOTR;NEGATIF;ARTIYOR;SAT;SAT;NOTR;0;16.09.2026
CONSE;izle;;14,3;1,7;2,7;10,0;16;1;zayif;24,1;26,3;36,6;asagi;zayif;zayif;asagi;1,56;-3,68;3;2,02;-7,34;33270840;2,39;SAT;NEGATIF;SAT;NEGATIF;ARTIYOR;SAT;SAT;UCUZ (AL);0;16.09.2026
KZBGY;izle;;14,2;2,4;1,8;10,0;10;0;zayif;33,2;18,6;27,1;asagi;zayif;zayif;asagi;1,59;-6,95;4;1,61;-6,40;83858652;1,87;SAT;NEGATIF;SAT;NEGATIF;ARTIYOR;SAT;SAT;UCUZ (AL);0;16.09.2026
GLRYH;izle;;14,2;0,4;3,8;10,0;0;0;zayif;14,8;32,7;43,6;asagi;zayif;zayif;asagi;3,42;-3,26;2;2,68;-7,59;87872700;3,24;SAT;NEGATIF;NOTR;NEGATIF;ARTIYOR;SAT;SAT;UCUZ (AL);0;16.09.2026
LYDHO;izle;;14,1;2,4;1,7;10,0;10;0;zayif;47,2;21,2;28,0;asagi;zayif;zayif;asagi;1,81;-5,58;4;116,1;-9,30;94292008;147,35;SAT;NEGATIF;SAT;NEGATIF;ARTIYOR;SAT;SAT;UCUZ (AL);0;16.09.2026
PKENT;izle;;14,1;1,1;3,0;10,0;20;1;zayif;20,1;26,2;39,4;asagi;zayif;zayif;asagi;1,43;-4,00;4;114,5;-4,58;19735220;127,29;SAT;NEGATIF;SAT;NEGATIF;ARTIYOR;SAT;SAT;UCUZ (AL);0;16.09.2026
CGCAM;izle;;14,1;2,4;1,7;10,0;6;0;zayif;34,5;20,8;25,5;asagi;zayif;zayif;asagi;1,34;-5,97;3;27,48;-6,72;79666966;32,87;SAT;NEGATIF;SAT;NEGATIF;ARTIYOR;SAT;SAT;NOTR;0;16.09.2026
MOPAS;izle;;14,1;2,4;1,6;10,0;10;0;zayif;33,5;18,6;37,7;asagi;zayif;zayif;asagi;1,62;-6,61;4;22,08;-7,23;82905145;25,79;SAT;NEGATIF;SAT;NEGATIF;ARTIYOR;SAT;SAT;UCUZ (AL);0;16.09.2026
ESCOM;izle;;14,0;4,0;2,8;7,2;32;3;zayif;19,3;29,1;28,7;asagi;zayif;zayif;asagi;1,13;-3,42;2;4,71;-5,42;101241568;5,44;SAT;NEGATIF;NOTR;NEGATIF;ARTIYOR;SAT;SAT;NOTR;0;16.09.2026
OTTO;izle;;14,0;2,4;1,6;10,0;6;0;zayif;33,5;17,7;19,5;asagi;zayif;zayif;asagi;1,56;-6,32;3;113,1;-6,53;40437322;143,61;SAT;NEGATIF;SAT;NEGATIF;ARTIYOR;SAT;SAT;UCUZ (AL);0;16.09.2026
AKGRT;izle;;14,0;2,4;1,6;10,0;10;0;zayif;30,7;18,9;25,5;asagi;zayif;zayif;asagi;1,57;-5,93;4;5,44;-5,56;111374132;6,06;SAT;NEGATIF;SAT;NEGATIF;ARTIYOR;SAT;SAT;UCUZ (AL);0;16.09.2026
PSDTC;izle;;14,0;11,2;2,8;0,0;50;4;zayif;20,9;32,8;44,3;asagi;zayif;zayif;asagi;0,60;-2,10;5;126,7;-7,25;34365601;158,64;SAT;NEGATIF;SAT;NEGATIF;ARTIYOR;SAT;SAT;NOTR;0;16.09.2026
SEGYO;izle;;14,0;2,4;1,5;10,0;10;0;zayif;30,7;18,8;25,1;asagi;zayif;zayif;asagi;1,86;-6,19;4;3,1;-7,46;19164076;3,61;SAT;NEGATIF;SAT;NEGATIF;ARTIYOR;SAT;SAT;UCUZ (AL);0;16.09.2026
KRSTL;izle;;14,0;2,4;1,5;10,0;10;0;zayif;42,6;17,5;15,5;asagi;zayif;zayif;asagi;1,87;-6,61;4;7,9;-3,19;57878955;8,69;SAT;NEGATIF;SAT;NEGATIF;ARTIYOR;SAT;SAT;NOTR;0;16.09.2026
ERBOS;izle;;13,9;1,4;5,0;7,5;0;0;zayif;22,1;28,7;34,5;asagi;zayif;zayif;asagi;1,15;-3,70;2;140;-2,51;8035720;153,70;SAT;NEGATIF;SAT;NEGATIF;ARTIYOR;SAT;SAT;UCUZ (AL);0;16.09.2026
QNBTR;izle;;13,9;2,4;1,4;10,0;10;0;zayif;50,5;22,3;25,1;asagi;zayif;zayif;asagi;1,41;-8,23;4;169;-4,52;2875197;182,44;SAT;NEGATIF;SAT;NEGATIF;ARTIYOR;SAT;SAT;UCUZ (AL);0;16.09.2026
ENTRA;izle;;13,9;0,6;3,3;10,0;0;0;zayif;16,4;28,2;43,8;asagi;zayif;zayif;asagi;1,51;-3,43;0;3,87;-9,37;110028496;4,62;SAT;NEGATIF;NOTR;NEGATIF;ARTIYOR;SAT;SAT;NOTR;0;16.09.2026
KAREL;izle;;13,9;2,1;1,7;10,0;10;0;zayif;27,5;22,2;23,2;asagi;zayif;zayif;asagi;1,67;-5,78;5;6,97;-9,01;115005676;8,37;SAT;NEGATIF;SAT;NEGATIF;ARTIYOR;SAT;SAT;NOTR;0;16.09.2026
KAPLM;izle;;13,8;2,4;1,4;10,0;10;0;zayif;40,1;22,6;21,5;asagi;zayif;zayif;asagi;1,49;-5,70;4;301,5;-9,93;44656371;383,92;SAT;NEGATIF;SAT;NEGATIF;ARTIYOR;SAT;SAT;NOTR;0;16.09.2026
ALKIM;izle;;13,8;0,5;3,2;10,0;22;2;zayif;15,8;28,5;29,7;asagi;zayif;zayif;asagi;1,39;-3,86;2;14,02;-7,64;34926161;16,31;SAT;NEGATIF;NOTR;NEGATIF;ARTIYOR;SAT;SAT;UCUZ (AL);0;16.09.2026
VSNMD;izle;;13,7;1,5;2,2;10,0;0;0;zayif;23,4;19,4;28,4;asagi;zayif;zayif;asagi;2,80;-5,18;2;37,4;-1,42;118114847;43,60;SAT;NEGATIF;SAT;NEGATIF;ARTIYOR;SAT;SAT;UCUZ (AL);0;16.09.2026
OYLUM;izle;;13,6;1,4;2,3;10,0;10;0;zayif;22,2;17,2;30,5;asagi;zayif;zayif;asagi;1,93;-3,84;4;6,58;-2,66;5322121;7,31;SAT;NEGATIF;SAT;NEGATIF;ARTIYOR;SAT;SAT;UCUZ (AL);0;16.09.2026
KIMMR;izle;;13,6;2,4;2,0;9,2;0;0;zayif;38,4;17,9;27,4;asagi;zayif;zayif;asagi;1,25;-5,86;1;11,7;-8,31;15553547;13,55;SAT;NEGATIF;SAT;NEGATIF;ARTIYOR;SAT;SAT;NOTR;0;16.09.2026
SOKE;izle;;13,6;2,4;1,2;10,0;0;0;zayif;35,6;13,5;12,1;asagi;zayif;zayif;asagi;1,66;-7,45;2;9;-7,79;52199379;11,29;SAT;NEGATIF;SAT;NEGATIF;ARTIYOR;SAT;SAT;NOTR;0;16.09.2026
SURGY;izle;;13,6;2,4;8,0;3,2;0;0;zayif;41,6;16,0;45,0;asagi;zayif;zayif;asagi;0,89;-9,22;2;26,7;-7,42;94740144;32,40;AL;NEGATIF;SAT;NEGATIF;ARTIYOR;SAT;SAT;UCUZ (AL);1;16.09.2026
KLRHO;izle;;13,6;1,6;2,0;10,0;6;0;zayif;23,6;21,7;13,4;asagi;zayif;zayif;asagi;8,29;-6,38;3;52,25;-5,26;1826125169;62,74;SAT;NEGATIF;SAT;NEGATIF;ARTIYOR;SAT;SAT;UCUZ (AL);0;16.09.2026
LMKDC;izle;;13,6;1,6;2,0;10,0;20;1;zayif;23,8;26,4;24,5;asagi;zayif;zayif;asagi;1,50;-4,66;5;20,22;-5,34;119541934;23,16;SAT;NEGATIF;SAT;NEGATIF;ARTIYOR;SAT;SAT;UCUZ (AL);0;16.09.2026
CIMSA;izle;;13,5;0,5;3,0;10,0;10;0;zayif;15,3;28,7;43,1;asagi;zayif;zayif;asagi;1,68;-3,78;4;40,58;-5,67;552448613;46,13;SAT;NEGATIF;NOTR;NEGATIF;ARTIYOR;SAT;SAT;NOTR;0;16.09.2026
ULUFA;izle;;13,5;0,7;2,8;10,0;0;0;zayif;17,1;28,0;34,0;asagi;zayif;zayif;asagi;2,07;-3,53;2;1,5;-5,06;56305286;1,71;SAT;NEGATIF;NOTR;NEGATIF;ARTIYOR;SAT;SAT;UCUZ (AL);0;16.09.2026
ESEN;izle;;13,4;1,9;7,3;4,2;40;4;zayif;25,8;35,9;36,7;asagi;zayif;zayif;asagi;0,86;-2,52;2;3,19;-4,78;92381280;3,62;SAT;NEGATIF;SAT;NEGATIF;ARTIYOR;SAT;SAT;UCUZ (AL);0;16.09.2026
YIGIT;izle;;13,4;1,1;8,0;4,3;0;0;zayif;20,1;34,3;52,6;asagi;zayif;zayif;asagi;0,96;-2,43;2;20,1;-4,74;74085726;22,79;SAT;NEGATIF;SAT;NEGATIF;ARTIYOR;SAT;SAT;NOTR;0;16.09.2026
DARDL;izle;;13,4;1,6;1,8;10,0;46;4;zayif;23,9;18,3;42,1;asagi;zayif;zayif;asagi;1,32;-5,54;3;1,39;-6,71;30936203;1,60;SAT;NEGATIF;SAT;NEGATIF;ARTIYOR;SAT;SAT;UCUZ (AL);0;16.09.2026
SAFKR;izle;;13,4;2,4;0,9;10,0;6;0;zayif;45,9;17,5;8,1;asagi;zayif;zayif;asagi;1,50;-7,03;3;12,06;-7,23;96623743;15,02;SAT;NEGATIF;SAT;NEGATIF;ARTIYOR;SAT;SAT;UCUZ (AL);0;16.09.2026
FONET;izle;;13,3;5,3;0,8;7,2;32;2;zayif;29,0;24,2;25,3;asagi;zayif;zayif;asagi;1,13;-4,03;4;4,12;-3,29;77051630;4,79;SAT;NEGATIF;SAT;NEGATIF;ARTIYOR;SAT;SAT;NOTR;0;16.09.2026
LILAK;izle;;13,3;0,9;2,4;10,0;28;2;zayif;18,5;27,4;44,3;asagi;zayif;zayif;asagi;1,30;-4,64;3;25,6;-6,50;80982630;29,30;SAT;NEGATIF;NOTR;NEGATIF;ARTIYOR;SAT;SAT;NOTR;0;16.09.2026
SAMAT;izle;;13,3;0,8;2,5;10,0;10;0;zayif;17,9;25,8;27,6;asagi;zayif;zayif;asagi;2,08;-3,33;6;4,73;-6,89;11193597;5,56;SAT;NEGATIF;NOTR;NEGATIF;ARTIYOR;SAT;SAT;NOTR;0;16.09.2026
DOFER;izle;;13,3;0,6;2,6;10,0;0;0;zayif;16,5;27,8;36,6;asagi;zayif;zayif;asagi;1,35;-4,00;2;25,2;-5,69;15343675;28,68;SAT;NEGATIF;NOTR;NEGATIF;ARTIYOR;SAT;SAT;UCUZ (AL);0;16.09.2026
KOTON;izle;;13,2;0,7;2,5;10,0;10;0;zayif;17,4;25,1;19,9;asagi;zayif;zayif;asagi;1,37;-4,62;4;11,46;-4,90;34217394;12,58;SAT;NEGATIF;NOTR;NEGATIF;ARTIYOR;SAT;SAT;UCUZ (AL);0;16.09.2026
LRSHO;izle;;13,2;0,2;3,1;10,0;38;3;zayif;13,1;25,8;33,3;asagi;zayif;zayif;asagi;1,41;-4,94;3;2,21;-7,92;49963326;2,59;SAT;NEGATIF;NOTR;NEGATIF;ARTIYOR;SAT;SAT;UCUZ (AL);0;16.09.2026
SKYLP;izle;;13,2;2,4;0,8;10,0;0;0;zayif;36,3;22,6;21,0;asagi;zayif;zayif;asagi;1,47;-5,37;2;142,2;-10,00;14927303;200,30;SAT;NEGATIF;SAT;NEGATIF;ARTIYOR;AL;SAT;UCUZ (AL);1;16.09.2026
THYAO;izle;;13,2;0,7;2,5;10,0;6;0;zayif;17,1;26,9;28,8;asagi;zayif;zayif;asagi;1,61;-3,62;3;273;-4,29;21745380111;301,24;SAT;NEGATIF;NOTR;NEGATIF;ARTIYOR;SAT;SAT;NOTR;0;16.09.2026
USAK;izle;;13,1;0,6;2,5;10,0;0;0;zayif;16,8;22,2;33,6;asagi;zayif;zayif;asagi;1,79;-4,74;2;1,1;-5,17;72196828;1,24;SAT;NEGATIF;NOTR;NEGATIF;ARTIYOR;SAT;SAT;UCUZ (AL);0;16.09.2026
ULUUN;izle;;13,0;4,1;3,0;5,9;6;0;zayif;20,2;31,3;25,6;asagi;zayif;zayif;asagi;1,05;-3,05;3;7,25;-5,72;79862295;8,59;SAT;NEGATIF;SAT;NEGATIF;ARTIYOR;SAT;SAT;NOTR;0;16.09.2026
BIGCH;izle;;13,0;1,1;1,9;10,0;32;2;zayif;20,2;24,7;34,1;asagi;zayif;zayif;asagi;1,41;-4,59;4;4,68;-8,95;42971662;5,89;SAT;NEGATIF;SAT;NEGATIF;ARTIYOR;SAT;SAT;UCUZ (AL);0;16.09.2026
BEGYO;izle;;12,9;1,6;1,3;10,0;10;0;zayif;24,0;22,6;20,7;asagi;zayif;zayif;asagi;1,52;-4,81;4;3,04;-4,40;15011702;3,43;SAT;NEGATIF;SAT;NEGATIF;ARTIYOR;SAT;SAT;UCUZ (AL);0;16.09.2026
SUNTK;izle;;12,9;1,3;3,7;8,0;6;0;zayif;21,3;30,0;55,0;asagi;zayif;zayif;asagi;0,39;-2,70;3;29,5;-4,59;15931475;36,57;SAT;NEGATIF;SAT;NEGATIF;ARTIYOR;SAT;SAT;UCUZ (AL);0;16.09.2026
PSGYO;izle;;12,9;3,7;1,8;7,4;0;0;zayif;16,8;25,8;24,6;asagi;zayif;zayif;asagi;1,14;-4,01;2;2,59;-9,76;369338483;3,25;SAT;NEGATIF;NOTR;NEGATIF;ARTIYOR;SAT;SAT;NOTR;0;16.09.2026
TUREX;izle;;12,8;1,3;1,5;10,0;6;0;zayif;21,8;23,1;17,6;asagi;zayif;zayif;asagi;1,39;-5,60;3;5,38;-7,24;98437844;6,21;SAT;NEGATIF;SAT;NEGATIF;ARTIYOR;SAT;SAT;UCUZ (AL);0;16.09.2026
MEDTR;izle;;12,8;1,8;1,1;10,0;10;0;zayif;24,9;20,1;16,7;asagi;zayif;zayif;asagi;1,77;-5,28;5;21,64;-5,42;10186143;24,43;SAT;NEGATIF;SAT;NEGATIF;ARTIYOR;SAT;SAT;UCUZ (AL);0;16.09.2026
ARZUM;izle;;12,8;0,4;2,4;10,0;10;0;zayif;14,8;25,9;44,6;asagi;zayif;zayif;asagi;1,88;-4,90;4;1,37;-6,80;28284860;1,61;SAT;NEGATIF;NOTR;NEGATIF;ARTIYOR;SAT;SAT;UCUZ (AL);0;16.09.2026
BURCE;izle;;12,8;0,4;2,4;10,0;20;1;zayif;14,7;26,3;26,9;asagi;zayif;zayif;asagi;2,28;-4,22;4;29,76;-2,43;108721434;34,84;SAT;NEGATIF;NOTR;NEGATIF;ARTIYOR;SAT;SAT;UCUZ (AL);0;16.09.2026
KENT;izle;;12,8;1,6;6,2;5,0;6;0;zayif;23,7;36,4;11,5;asagi;zayif;zayif;asagi;1,00;-2,66;3;325;-1,52;1345500;366,89;SAT;NEGATIF;SAT;NEGATIF;AZALIYOR;SAT;SAT;UCUZ (AL);0;16.09.2026
BASCM;izle;;12,8;0,9;7,2;4,7;10;1;zayif;18,5;34,7;33,9;asagi;guclu;zayif;asagi;0,76;-3,44;2;12,77;-1,92;885600;13,69;SAT;NEGATIF;NOTR;NEGATIF;AZALIYOR;SAT;SAT;NOTR;0;16.09.2026
NTHOL;izle;;12,8;1,9;0,9;10,0;50;5;zayif;25,9;24,8;30,0;asagi;zayif;zayif;asagi;1,37;-3,56;4;38,06;-2,66;94760608;42,31;SAT;NEGATIF;SAT;NEGATIF;ARTIYOR;SAT;SAT;UCUZ (AL);0;16.09.2026
ATAKP;izle;;12,7;2,4;1,4;8,9;10;0;zayif;39,2;16,9;15,1;asagi;zayif;zayif;asagi;1,24;-6,98;4;36,18;-5,04;15671258;41,34;SAT;NEGATIF;SAT;NEGATIF;ARTIYOR;SAT;SAT;UCUZ (AL);0;16.09.2026
HUBVC;izle;;12,7;1,4;1,3;10,0;10;0;zayif;22,2;21,6;36,6;asagi;zayif;zayif;asagi;1,76;-4,55;4;2,03;-3,33;7655102;2,46;SAT;NEGATIF;SAT;NEGATIF;ARTIYOR;SAT;SAT;NOTR;0;16.09.2026
GOLTS;izle;;12,6;0,9;5,3;6,5;10;0;zayif;18,5;31,2;25,9;asagi;zayif;zayif;asagi;1,02;-3,85;4;275,75;-3,16;35024386;302,52;SAT;NEGATIF;NOTR;NEGATIF;ARTIYOR;SAT;SAT;UCUZ (AL);0;16.09.2026
ECILC;izle;;12,6;1,1;1,5;10,0;10;1;zayif;20,0;27,9;55,6;asagi;zayif;zayif;asagi;1,71;-4,18;2;60,35;-9,99;599775500;74,38;SAT;NEGATIF;SAT;NEGATIF;ARTIYOR;SAT;SAT;UCUZ (AL);0;16.09.2026
GARFA;izle;;12,6;0,0;7,9;4,7;0;0;zayif;12,2;33,8;48,1;asagi;zayif;zayif;asagi;0,98;-2,49;2;24,94;-5,67;27634967;28,30;SAT;NEGATIF;NOTR;NEGATIF;ARTIYOR;SAT;SAT;NOTR;0;16.09.2026
EKSUN;izle;;12,6;1,3;1,3;10,0;28;2;zayif;21,3;25,3;32,9;asagi;zayif;zayif;asagi;1,56;-4,65;3;4,98;-6,21;33055686;5,80;SAT;NEGATIF;SAT;NEGATIF;ARTIYOR;SAT;SAT;NOTR;0;16.09.2026
VKING;izle;;12,4;2,4;3,3;6,6;0;0;zayif;37,8;27,1;48,7;asagi;zayif;zayif;asagi;1,10;-3,48;2;19,53;-3,98;7490399;22,24;SAT;NEGATIF;SAT;NEGATIF;ARTIYOR;SAT;SAT;UCUZ (AL);0;16.09.2026
IZMDC;izle;;12,4;7,4;3,4;1,6;0;0;zayif;29,8;33,1;16,0;asagi;zayif;zayif;asagi;0,79;-2,66;1;8,92;-5,21;86124179;11,55;SAT;NEGATIF;SAT;NEGATIF;ARTIYOR;SAT;SAT;NOTR;0;16.09.2026
MTRYO;izle;;12,3;0,8;6,8;4,7;20;1;zayif;17,6;34,9;28,4;asagi;zayif;zayif;asagi;0,98;-2,15;4;8,31;-4,92;2112385;9,60;SAT;NEGATIF;NOTR;NEGATIF;ARTIYOR;SAT;SAT;NOTR;0;16.09.2026
DMSAS;izle;;12,3;0,6;1,7;10,0;32;2;zayif;16,2;27,1;20,7;asagi;zayif;zayif;asagi;1,59;-3,60;5;7,49;-3,48;22665032;8,44;SAT;NEGATIF;NOTR;NEGATIF;ARTIYOR;SAT;SAT;UCUZ (AL);0;16.09.2026
GEDZA;izle;;12,2;1,7;1,0;9,4;32;2;zayif;24,7;25,8;13,1;asagi;zayif;zayif;asagi;1,27;-4,01;5;24,96;-3,18;15710298;27,97;SAT;NEGATIF;SAT;NEGATIF;ARTIYOR;SAT;SAT;NOTR;0;16.09.2026
ISKPL;izle;;12,2;0,8;1,4;10,0;6;0;zayif;18,0;25,8;12,8;asagi;zayif;zayif;asagi;2,88;-4,29;3;5,84;-9,88;707547857;7,97;SAT;NEGATIF;NOTR;NEGATIF;ARTIYOR;SAT;SAT;UCUZ (AL);0;16.09.2026
HEKTS;izle;;12,1;1,4;4,2;6,5;40;4;zayif;22,4;31,1;31,4;asagi;zayif;zayif;asagi;1,09;-3,77;2;2,41;-9,74;1243281520;3,00;SAT;NEGATIF;SAT;NEGATIF;ARTIYOR;SAT;SAT;NOTR;0;16.09.2026
CWENE;izle;;12,1;4,1;2,9;5,1;6;0;zayif;20,4;30,2;33,0;asagi;zayif;zayif;asagi;1,00;-4,01;3;26,68;-7,68;1706881974;33,94;SAT;NEGATIF;SAT;NEGATIF;ARTIYOR;SAT;SAT;NOTR;0;16.09.2026
TLMAN;izle;;12,1;1,3;2,8;7,9;0;0;zayif;21,9;27,0;20,2;asagi;zayif;zayif;asagi;1,18;-3,72;2;72;-5,26;15052608;82,21;SAT;NEGATIF;SAT;NEGATIF;ARTIYOR;SAT;SAT;UCUZ (AL);0;16.09.2026
NIBAS;izle;;12,0;1,7;10,4;0,0;32;3;zayif;24,3;40,4;42,9;asagi;guclu;zayif;asagi;0,34;-1,52;1;3,76;-8,52;44952639;4,93;SAT;NEGATIF;SAT;NEGATIF;ARTIYOR;SAT;SAT;NOTR;0;16.09.2026
SNGYO;izle;;11,9;0,9;1,1;10,0;10;0;zayif;18,3;25,3;28,0;asagi;zayif;zayif;asagi;2,99;-4,29;4;2,75;-8,33;221329972;3,28;SAT;NEGATIF;NOTR;NEGATIF;ARTIYOR;SAT;SAT;UCUZ (AL);0;16.09.2026
SANEL;izle;;11,9;3,9;2,5;5,5;10;0;zayif;18,4;27,3;33,7;asagi;zayif;zayif;asagi;1,03;-3,73;5;41,76;-6,83;20379298;54,83;SAT;NEGATIF;NOTR;NEGATIF;ARTIYOR;SAT;AL;NOTR;1;16.09.2026
SNPAM;izle;;11,9;0,5;4,9;6,4;10;1;zayif;15,9;32,5;42,9;asagi;zayif;zayif;asagi;1,02;-3,33;2;18,09;-0,60;812386;20,04;SAT;NEGATIF;NOTR;NEGATIF;AZALIYOR;SAT;SAT;UCUZ (AL);0;16.09.2026
MARMR;izle;;11,8;1,6;0,2;10,0;10;0;zayif;23,7;21,2;24,0;asagi;zayif;zayif;asagi;1,64;-5,02;5;1,78;-8,25;152405743;2,15;SAT;NEGATIF;SAT;NEGATIF;ARTIYOR;SAT;SAT;NOTR;0;16.09.2026
EKOS;izle;;11,7;2,3;1,9;7,6;20;1;zayif;28,9;23,0;22,6;asagi;zayif;zayif;asagi;1,15;-5,09;4;4,33;-5,46;49689045;5,09;SAT;NEGATIF;SAT;NEGATIF;ARTIYOR;SAT;SAT;UCUZ (AL);0;16.09.2026
KTSKR;izle;;11,7;0,9;2,2;8,6;6;0;zayif;18,7;22,8;27,1;asagi;zayif;zayif;asagi;1,21;-5,08;3;68,75;-5,82;31263856;79,23;SAT;NEGATIF;NOTR;NEGATIF;ARTIYOR;SAT;SAT;NOTR;0;16.09.2026
ONRYT;izle;;11,7;0,0;4,8;6,9;0;0;zayif;11,1;33,8;50,0;asagi;zayif;zayif;asagi;1,11;-2,55;2;13,28;-6,81;62591269;15,86;SAT;NEGATIF;NOTR;NEGATIF;ARTIYOR;SAT;SAT;NOTR;0;16.09.2026
QNBFK;izle;;11,7;2,0;5,0;4,6;10;0;zayif;27,0;32,7;51,6;asagi;zayif;zayif;asagi;0,98;-3,34;4;39;-2,50;968838;42,45;SAT;NEGATIF;SAT;NEGATIF;AZALIYOR;SAT;SAT;NOTR;0;16.09.2026
BULGS;izle;;11,6;2,4;1,9;7,3;6;0;zayif;43,7;18,7;34,0;asagi;zayif;zayif;asagi;1,14;-5,49;3;26;-6,94;89631542;31,78;SAT;NEGATIF;SAT;NEGATIF;ARTIYOR;SAT;SAT;UCUZ (AL);0;16.09.2026
TBORG;izle;;11,6;7,0;4,6;0,0;6;0;zayif;26,7;32,7;32,7;asagi;zayif;zayif;asagi;0,58;-2,56;3;126,1;-2,40;22889672;143,54;SAT;NEGATIF;SAT;NEGATIF;ARTIYOR;SAT;SAT;UCUZ (AL);0;16.09.2026
KBORU;izle;;11,6;5,4;1,6;4,5;10;0;zayif;30,7;24,7;25,5;asagi;zayif;zayif;asagi;0,97;-5,02;4;14,83;-7,89;217279046;19,59;SAT;NEGATIF;SAT;NEGATIF;ARTIYOR;SAT;SAT;NOTR;0;16.09.2026
MAKTK;izle;;11,5;1,2;1,9;8,3;10;0;zayif;21,1;26,1;66,2;asagi;zayif;zayif;asagi;0,72;-3,87;4;8,58;-5,40;27488587;10,12;SAT;NEGATIF;SAT;NEGATIF;ARTIYOR;SAT;SAT;UCUZ (AL);0;16.09.2026
KATMR;izle;;11,5;2,4;2,3;6,7;10;0;zayif;47,1;22,2;16,5;asagi;zayif;zayif;asagi;1,10;-5,91;4;1,72;-4,97;141119032;1,97;SAT;NEGATIF;SAT;NEGATIF;ARTIYOR;SAT;SAT;UCUZ (AL);0;16.09.2026
MMCAS;izle;;11,4;2,4;1,9;7,1;0;0;zayif;31,0;27,0;43,9;asagi;zayif;zayif;asagi;1,13;-6,15;2;35;-9,98;1936270;46,21;SAT;NEGATIF;SAT;NEGATIF;ARTIYOR;SAT;SAT;UCUZ (AL);0;16.09.2026
PNLSN;izle;;11,4;0,4;3,7;7,4;10;0;zayif;15,1;30,4;20,5;asagi;zayif;zayif;asagi;1,14;-3,34;4;37,16;-2,11;37303958;42,66;SAT;NEGATIF;NOTR;NEGATIF;ARTIYOR;SAT;SAT;NOTR;0;16.09.2026
EUREN;izle;;11,4;0,5;4,9;5,9;22;2;zayif;15,9;31,5;56,7;asagi;zayif;zayif;asagi;1,05;-3,45;2;3,53;-5,87;104238422;4,01;SAT;NEGATIF;NOTR;NEGATIF;ARTIYOR;SAT;SAT;UCUZ (AL);0;16.09.2026
LIDFA;izle;;11,3;0,2;1,1;10,0;10;0;zayif;13,3;19,9;26,1;asagi;zayif;zayif;asagi;1,99;-4,93;4;1,45;-6,45;42612987;1,70;SAT;NEGATIF;NOTR;NEGATIF;ARTIYOR;SAT;SAT;NOTR;0;16.09.2026
YYLGD;izle;;11,2;0,3;2,0;8,9;0;0;zayif;14,2;26,2;23,1;asagi;zayif;zayif;asagi;1,23;-4,42;2;9,04;-6,90;70201684;10,18;SAT;NEGATIF;NOTR;NEGATIF;ARTIYOR;SAT;SAT;NOTR;0;16.09.2026
DOFRB;izle;;11,2;4,8;1,9;4,4;6;0;zayif;25,6;26,7;39,9;asagi;zayif;zayif;asagi;0,97;-4,88;3;95,25;-3,10;422901523;116,63;SAT;NEGATIF;SAT;NEGATIF;ARTIYOR;SAT;SAT;NOTR;0;16.09.2026
GENTS;izle;;11,2;0,6;3,3;7,2;10;0;zayif;16,6;28,1;35,3;asagi;zayif;zayif;asagi;1,13;-4,66;4;4,7;-4,08;32403769;5,32;SAT;NEGATIF;NOTR;NEGATIF;ARTIYOR;SAT;SAT;UCUZ (AL);0;16.09.2026
KRVGD;izle;;11,1;2,4;8,0;0,7;0;0;zayif;40,3;24,5;51,4;asagi;zayif;zayif;asagi;0,74;-4,40;0;2,1;-6,25;15428522;2,40;AL;NEGATIF;SAT;NEGATIF;ARTIYOR;SAT;SAT;UCUZ (AL);1;16.09.2026
DOKTA;izle;;11,0;1,5;7,9;1,6;10;1;zayif;22,9;34,6;36,5;asagi;zayif;zayif;asagi;0,80;-2,10;2;20,88;-6,45;12662008;24,48;SAT;NEGATIF;SAT;NEGATIF;ARTIYOR;SAT;SAT;NOTR;0;16.09.2026
KFEIN;izle;;11,0;0,0;3,3;7,7;0;0;zayif;9,8;28,1;27,0;asagi;zayif;zayif;asagi;1,16;-3,56;2;7,23;-7,54;33827196;8,55;SAT;NEGATIF;NOTR;NEGATIF;ARTIYOR;SAT;SAT;NOTR;0;16.09.2026
SKTAS;izle;;11,0;1,0;9,2;0,8;10;0;zayif;19,4;37,1;66,3;asagi;zayif;zayif;asagi;0,75;-1,92;4;3,03;-5,61;38690585;3,49;SAT;NEGATIF;NOTR;NEGATIF;ARTIYOR;SAT;SAT;NOTR;0;16.09.2026
KOPOL;izle;;10,9;1,1;2,5;7,3;6;0;zayif;20,0;27,7;32,7;asagi;zayif;zayif;asagi;1,14;-4,12;3;4,59;-6,33;51217377;5,42;SAT;NEGATIF;NOTR;NEGATIF;ARTIYOR;SAT;SAT;NOTR;0;16.09.2026
VRGYO;izle;;10,8;0,6;2,8;7,4;0;0;zayif;16,6;28,3;53,8;asagi;zayif;zayif;asagi;1,14;-3,98;2;1,6;-5,88;21323570;1,84;SAT;NEGATIF;NOTR;NEGATIF;ARTIYOR;SAT;SAT;UCUZ (AL);0;16.09.2026
DGGYO;izle;;10,8;3,3;7,0;0,5;0;0;zayif;14,0;37,5;30,6;asagi;zayif;zayif;asagi;0,73;-2,03;2;31,48;-3,73;2496270;35,71;SAT;NEGATIF;NOTR;NEGATIF;ARTIYOR;SAT;SAT;NOTR;0;16.09.2026
EMKEL;izle;;10,8;2,4;2,2;6,2;6;0;zayif;50,1;13,4;34,8;asagi;zayif;zayif;asagi;1,07;-7,77;3;11,24;-6,41;45600702;13,29;SAT;NEGATIF;SAT;NEGATIF;ARTIYOR;SAT;SAT;UCUZ (AL);0;16.09.2026
HTTBT;izle;;10,8;1,6;1,1;8,1;10;0;zayif;24,1;20,9;21,1;asagi;zayif;zayif;asagi;1,18;-4,88;4;31,3;-4,86;19316451;35,00;SAT;NEGATIF;SAT;NEGATIF;ARTIYOR;SAT;SAT;UCUZ (AL);0;16.09.2026
ALKA;izle;;10,7;0,3;4,6;5,8;32;3;zayif;14,4;32,2;40,3;asagi;zayif;zayif;asagi;1,05;-3,59;2;7,45;-4,49;20532081;8,48;SAT;NEGATIF;NOTR;NEGATIF;ARTIYOR;SAT;SAT;UCUZ (AL);0;16.09.2026
INTEM;izle;;10,7;1,0;2,4;7,3;0;0;zayif;19,2;28,6;34,1;asagi;zayif;zayif;asagi;1,14;-3,41;2;218,3;-4,84;12173281;256,57;SAT;NEGATIF;NOTR;NEGATIF;ARTIYOR;SAT;SAT;NOTR;0;16.09.2026
QUAGR;izle;;10,7;0,2;3,0;7,5;0;0;zayif;13,7;28,6;52,1;asagi;zayif;zayif;asagi;1,15;-3,60;2;2,7;-4,59;133848226;3,28;SAT;NEGATIF;NOTR;NEGATIF;ARTIYOR;SAT;SAT;NOTR;0;16.09.2026
FADE;izle;;10,7;3,1;2,3;5,2;6;0;zayif;12,6;28,6;33,0;asagi;zayif;zayif;asagi;1,01;-3,34;3;13,59;-7,55;33324542;15,87;SAT;NEGATIF;NOTR;NEGATIF;ARTIYOR;SAT;SAT;NOTR;0;16.09.2026
A1CAP;izle;;10,6;2,4;1,9;6,2;10;0;zayif;40,4;19,8;20,1;asagi;zayif;zayif;asagi;1,07;-6,13;4;6,45;-7,46;56505606;7,65;SAT;NEGATIF;SAT;NEGATIF;ARTIYOR;SAT;SAT;UCUZ (AL);0;16.09.2026
GIPTA;izle;;10,6;6,4;4,2;0,0;0;0;zayif;22,5;36,5;19,0;asagi;zayif;zayif;asagi;0,20;-1,96;1;61,7;-9,99;96485905;83,84;SAT;NEGATIF;SAT;NEGATIF;ARTIYOR;SAT;SAT;NOTR;0;16.09.2026
LIDER;izle;;10,4;2,4;8,0;0,0;10;0;zayif;54,0;18,7;21,2;asagi;zayif;zayif;asagi;0,34;-10,26;4;19,5;-9,97;164965242;28,58;AL;NEGATIF;SAT;NEGATIF;AZALIYOR;AL;AL;UCUZ (AL);3;16.09.2026
BARMA;izle;;10,4;2,4;8,0;0,0;6;0;zayif;64,2;23,3;24,6;asagi;zayif;zayif;asagi;0,51;-15,47;3;8,41;-9,96;4012874;10,60;AL;NEGATIF;SAT;POZITIF;AZALIYOR;SAT;SAT;UCUZ (AL);2;16.09.2026
SMART;izle;;10,4;0,0;3,0;7,4;10;0;zayif;12,4;28,3;24,2;asagi;zayif;zayif;asagi;1,14;-4,14;4;20,3;-5,32;20766047;23,85;SAT;NEGATIF;NOTR;NEGATIF;ARTIYOR;SAT;SAT;NOTR;0;16.09.2026
KRDMB;izle;;10,4;5,4;0,6;4,3;10;0;zayif;35,5;21,3;29,0;asagi;zayif;zayif;asagi;0,96;-4,43;4;85,5;-10,00;145616076;115,28;SAT;NEGATIF;SAT;NEGATIF;ARTIYOR;SAT;SAT;PAHALI (SAT);0;16.09.2026
PAMEL;izle;;10,3;0,6;1,3;8,3;10;0;zayif;16,7;19,0;57,5;asagi;zayif;zayif;asagi;1,20;-4,68;4;63,2;-3,81;24854538;73,90;SAT;NEGATIF;NOTR;NEGATIF;ARTIYOR;SAT;SAT;UCUZ (AL);0;16.09.2026
ICBCT;izle;;10,2;3,0;3,1;4,1;10;0;zayif;10,9;28,8;21,2;asagi;zayif;zayif;asagi;0,95;-3,31;4;17,33;-4,25;22599793;19,95;SAT;NEGATIF;NOTR;NEGATIF;ARTIYOR;SAT;SAT;NOTR;0;16.09.2026
MSGYO;izle;;10,2;0,1;5,2;4,9;6;0;zayif;12,5;33,1;43,9;asagi;zayif;zayif;asagi;1,00;-2,96;3;5,33;-3,44;10392114;6,04;SAT;NEGATIF;NOTR;NEGATIF;ARTIYOR;SAT;SAT;NOTR;0;16.09.2026
ADEL;izle;;10,2;1,5;8,7;0,0;6;0;zayif;22,8;37,4;41,3;asagi;guclu;zayif;asagi;0,48;-1,82;3;29,58;-3,84;73119512;34,42;SAT;NEGATIF;SAT;NEGATIF;ARTIYOR;SAT;SAT;NOTR;0;16.09.2026
DURKN;izle;;10,1;4,8;1,9;3,4;28;2;zayif;25,2;29,7;36,2;asagi;zayif;zayif;asagi;0,91;-2,77;3;17,55;-10,00;32454092;22,08;SAT;NEGATIF;SAT;NEGATIF;ARTIYOR;SAT;SAT;NOTR;0;16.09.2026
TSGYO;izle;;10,0;0,6;3,9;5,5;20;1;zayif;16,7;31,9;24,1;asagi;zayif;zayif;asagi;1,03;-3,38;4;5,23;-5,94;17726065;6,09;SAT;NEGATIF;NOTR;NEGATIF;ARTIYOR;SAT;SAT;UCUZ (AL);0;16.09.2026
USHOL;izle;;9,9;4,2;1,7;3,9;40;4;zayif;20,8;27,4;34,4;asagi;zayif;zayif;asagi;0,94;-3,17;1;61,15;-9,94;32898089;81,60;SAT;NEGATIF;SAT;NEGATIF;ARTIYOR;SAT;SAT;NOTR;0;16.09.2026
OSMEN;izle;;9,8;1,6;3,7;4,5;28;2;zayif;23,9;30,2;18,9;asagi;zayif;zayif;asagi;0,97;-3,60;3;6,43;-4,03;19695617;7,31;SAT;NEGATIF;SAT;NEGATIF;ARTIYOR;SAT;SAT;NOTR;0;16.09.2026
IZINV;izle;;9,8;0,4;2,1;7,3;10;0;zayif;14,9;23,9;36,0;asagi;zayif;zayif;asagi;1,14;-4,54;5;44,58;-6,58;14022773;52,69;SAT;NEGATIF;NOTR;NEGATIF;ARTIYOR;SAT;SAT;UCUZ (AL);0;16.09.2026
BRMEN;izle;;9,8;5,4;2,0;2,3;6;0;zayif;37,6;25,5;19,4;asagi;zayif;zayif;asagi;0,84;-5,69;3;10,11;-9,97;1843973;12,74;SAT;NEGATIF;SAT;NEGATIF;ARTIYOR;SAT;SAT;NOTR;0;16.09.2026
KRONT;izle;;9,7;5,1;2,8;1,9;6;0;zayif;22,2;30,9;25,0;asagi;zayif;zayif;asagi;0,81;-2,66;3;19,78;-4,90;21131904;24,58;SAT;NEGATIF;SAT;NEGATIF;ARTIYOR;SAT;SAT;NOTR;0;16.09.2026
LUKSK;izle;;9,6;0,3;2,3;7,1;10;0;zayif;14,3;24,2;41,8;asagi;zayif;zayif;asagi;1,12;-4,58;4;75,1;-5,42;8440564;85,76;SAT;NEGATIF;NOTR;NEGATIF;ARTIYOR;SAT;SAT;UCUZ (AL);0;16.09.2026
KLMSN;izle;;9,6;1,1;1,6;6,9;16;1;zayif;20,1;24,9;26,2;asagi;zayif;zayif;asagi;1,12;-4,18;3;25,1;-5,71;16551969;28,40;SAT;NEGATIF;SAT;NEGATIF;ARTIYOR;SAT;SAT;UCUZ (AL);0;16.09.2026
ENDAE;izle;;9,5;4,1;4,3;1,1;28;2;zayif;20,0;33,2;23,5;asagi;zayif;zayif;asagi;0,77;-2,03;3;15,5;-0,51;63593276;18,28;SAT;NEGATIF;NOTR;NEGATIF;ARTIYOR;SAT;SAT;NOTR;0;16.09.2026
IHAAS;izle;;9,5;1,1;4,6;3,8;42;3;zayif;20,2;33,3;39,3;asagi;zayif;zayif;asagi;0,93;-3,12;4;46;-4,29;47314588;55,03;SAT;NEGATIF;SAT;NEGATIF;ARTIYOR;SAT;SAT;NOTR;0;16.09.2026
TMPOL;izle;;9,5;5,0;4,4;0,0;0;0;zayif;27,0;26,4;17,1;asagi;zayif;zayif;asagi;0,15;-4,52;2;259,5;-9,97;49855659;375,22;SAT;NEGATIF;SAT;NEGATIF;ARTIYOR;SAT;SAT;NOTR;0;16.09.2026
PASEU;izle;;9,5;5,4;4,0;0,0;6;0;zayif;37,9;25,1;12,8;asagi;zayif;zayif;asagi;0,01;-5,29;3;68,4;-9,94;12077046;112,53;SAT;NEGATIF;SAT;NEGATIF;AZALIYOR;SAT;AL;UCUZ (AL);1;16.09.2026
ODINE;izle;;9,4;5,4;4,0;0,0;0;0;zayif;38,1;18,8;28,3;asagi;zayif;zayif;asagi;0,01;-7,35;0;570,5;-9,94;1827312;1005,29;SAT;NEGATIF;SAT;NEGATIF;AZALIYOR;SAT;AL;NOTR;1;16.09.2026
HEDEF;izle;;9,4;5,4;4,0;0,0;0;0;zayif;43,1;17,2;-0,0;asagi;zayif;zayif;asagi;0,04;-9,27;1;23,88;-9,95;11054912;49,74;SAT;NEGATIF;SAT;NEGATIF;AZALIYOR;SAT;AL;NOTR;1;16.09.2026
HOROZ;izle;;9,4;0,3;3,4;5,7;0;0;zayif;14,1;30,8;40,4;asagi;zayif;zayif;asagi;1,04;-3,08;2;51,6;-7,11;73649660;63,45;SAT;NEGATIF;NOTR;NEGATIF;ARTIYOR;SAT;SAT;NOTR;0;16.09.2026
AKSUE;izle;;9,3;5,4;1,4;2,5;0;0;zayif;42,2;24,1;27,8;asagi;zayif;zayif;asagi;0,85;-5,22;1;23,32;-9,96;62270860;32,78;SAT;NEGATIF;SAT;NEGATIF;ARTIYOR;SAT;AL;NOTR;1;16.09.2026
OBASE;izle;;9,3;3,1;6,2;0,0;0;0;zayif;12,8;36,2;29,1;asagi;zayif;zayif;asagi;0,63;-2,47;2;34,22;-2,45;12225916;37,96;SAT;NEGATIF;NOTR;NEGATIF;ARTIYOR;SAT;SAT;NOTR;0;16.09.2026
A1YEN;izle;;9,3;0,3;3,4;5,6;0;0;zayif;14,2;29,4;44,1;asagi;zayif;zayif;asagi;1,04;-3,43;2;2,4;-6,25;41468129;2,80;SAT;NEGATIF;NOTR;NEGATIF;ARTIYOR;SAT;SAT;NOTR;0;16.09.2026
HDFGS;izle;;9,3;0,6;0,6;8,1;32;2;zayif;16,4;20,0;28,6;asagi;zayif;zayif;asagi;1,19;-4,97;4;1,87;-9,66;104972358;2,37;SAT;NEGATIF;NOTR;NEGATIF;ARTIYOR;SAT;AL;NOTR;1;16.09.2026
ZEDUR;izle;;9,2;2,4;2,3;4,5;10;0;zayif;36,0;25,4;32,3;asagi;zayif;zayif;asagi;0,97;-3,94;5;7;-3,58;9626162;7,79;SAT;NEGATIF;SAT;NEGATIF;ARTIYOR;SAT;SAT;NOTR;0;16.09.2026
ISGYO;izle;;9,2;4,6;1,8;2,9;6;0;zayif;23,4;27,4;36,8;asagi;zayif;zayif;asagi;0,88;-2,64;3;21,82;-2,50;35296294;25,73;SAT;NEGATIF;SAT;NEGATIF;AZALIYOR;SAT;SAT;NOTR;0;16.09.2026
DOGUB;izle;;9,1;3,1;3,5;2,6;0;0;zayif;12,6;28,7;52,4;asagi;zayif;zayif;asagi;0,86;-3,72;1;53,7;-7,25;20929253;71,95;SAT;NEGATIF;NOTR;NEGATIF;AZALIYOR;SAT;SAT;NOTR;0;16.09.2026
SNICA;izle;;9,1;0,3;5,1;3,7;6;0;zayif;14,3;33,2;25,6;asagi;zayif;zayif;asagi;0,92;-3,94;3;2,91;-4,90;43256271;3,37;SAT;NEGATIF;NOTR;NEGATIF;ARTIYOR;SAT;SAT;UCUZ (AL);0;16.09.2026
AYES;izle;;9,0;5,0;2,2;1,9;10;0;zayif;26,5;29,4;7,9;asagi;zayif;zayif;asagi;0,81;-3,80;6;26,2;-3,68;2286553;29,95;SAT;NEGATIF;SAT;NEGATIF;ARTIYOR;SAT;SAT;NOTR;0;16.09.2026
SDTTR;izle;;8,8;3,6;3,2;1,9;10;1;zayif;16,7;31,3;39,9;asagi;zayif;zayif;asagi;0,82;-2,63;1;18,53;-5,12;164052483;22,94;SAT;NEGATIF;NOTR;NEGATIF;ARTIYOR;SAT;SAT;NOTR;0;16.09.2026
SELVA;izle;;8,7;0,7;1,6;6,4;0;0;zayif;17,3;22,1;34,3;asagi;zayif;zayif;asagi;1,08;-5,73;2;1,37;-6,16;33389687;1,59;SAT;NEGATIF;NOTR;NEGATIF;ARTIYOR;SAT;SAT;UCUZ (AL);0;16.09.2026
AKYHO;izle;;8,7;1,1;5,6;2,0;6;0;zayif;19,8;34,2;22,2;asagi;zayif;zayif;asagi;0,82;-2,57;3;1,95;-6,25;2609311;2,27;SAT;NEGATIF;NOTR;NEGATIF;ARTIYOR;SAT;SAT;UCUZ (AL);0;16.09.2026
COSMO;izle;;8,6;0,8;6,3;1,4;6;0;zayif;18,1;36,7;27,8;asagi;zayif;zayif;asagi;0,78;-2,58;3;110,5;-2,73;5817273;129,53;SAT;NEGATIF;NOTR;NEGATIF;AZALIYOR;SAT;AL;UCUZ (AL);1;16.09.2026
BAKAB;izle;;8,5;1,5;2,9;4,1;10;0;zayif;22,8;25,6;19,7;asagi;zayif;zayif;asagi;0,95;-4,65;4;34,58;-4,95;9843474;39,62;SAT;NEGATIF;SAT;NEGATIF;ARTIYOR;SAT;SAT;NOTR;0;16.09.2026
SRVGY;izle;;8,5;1,0;2,0;5,5;0;0;zayif;19,6;26,6;30,7;asagi;zayif;zayif;asagi;1,03;-4,35;2;2,22;-6,33;35488278;2,52;SAT;NEGATIF;NOTR;NEGATIF;ARTIYOR;SAT;SAT;UCUZ (AL);0;16.09.2026
RAYSG;izle;;8,5;1,1;3,4;3,9;10;0;zayif;20,1;29,9;31,7;asagi;zayif;zayif;asagi;0,94;-4,36;6;140,5;-4,03;20915533;158,73;SAT;NEGATIF;SAT;NEGATIF;ARTIYOR;SAT;SAT;UCUZ (AL);0;16.09.2026
VKFYO;izle;;8,5;0,2;5,2;3,1;32;3;zayif;13,5;33,8;18,5;asagi;zayif;zayif;asagi;0,89;-3,49;2;20,18;-7,43;3884549;24,18;SAT;NEGATIF;NOTR;NEGATIF;ARTIYOR;SAT;SAT;UCUZ (AL);0;16.09.2026
FENER;izle;;8,4;1,2;0,7;6,5;6;0;zayif;20,6;25,5;31,6;asagi;zayif;zayif;asagi;1,09;-4,19;3;2,58;-5,15;400450391;2,99;SAT;NEGATIF;SAT;NEGATIF;ARTIYOR;SAT;SAT;NOTR;0;16.09.2026
SMRTG;izle;;8,4;4,8;1,4;2,2;0;0;zayif;25,0;24,5;25,2;asagi;zayif;zayif;asagi;0,83;-4,86;2;7,43;-9,94;134032385;9,39;SAT;NEGATIF;SAT;NEGATIF;ARTIYOR;SAT;SAT;NOTR;0;16.09.2026
KLGYO;izle;;8,4;1,7;2,0;4,7;10;0;zayif;24,4;29,0;28,0;asagi;zayif;zayif;asagi;0,98;-3,15;4;4,06;-7,73;36260051;4,87;SAT;NEGATIF;SAT;NEGATIF;ARTIYOR;SAT;SAT;UCUZ (AL);0;16.09.2026
SMRVA;izle;;8,4;0,4;2,0;6,0;10;0;zayif;14,8;25,4;26,7;asagi;zayif;zayif;asagi;1,06;-4,90;4;9,3;-5,39;81239899;11,09;SAT;NEGATIF;NOTR;NEGATIF;ARTIYOR;SAT;SAT;UCUZ (AL);0;16.09.2026
LYDYE;izle;;8,2;0,7;7,6;0,0;50;4;zayif;16,9;38,7;44,0;asagi;zayif;zayif;asagi;0,68;-2,13;5;11525;-2,35;18221025;13268,29;SAT;NEGATIF;NOTR;NEGATIF;AZALIYOR;SAT;SAT;UCUZ (AL);0;16.09.2026
DERIM;izle;;8,2;1,5;4,2;2,6;28;2;zayif;22,8;32,6;39,3;asagi;zayif;zayif;asagi;0,86;-2,69;3;31,9;-5,00;12011722;37,07;SAT;NEGATIF;SAT;NEGATIF;ARTIYOR;SAT;SAT;NOTR;0;16.09.2026
BORLS;izle;;8,1;2,4;1,7;4,0;10;0;zayif;37,6;17,5;0,0;asagi;zayif;zayif;asagi;0,94;-5,99;5;2,58;-9,79;75942754;3,63;SAT;NEGATIF;SAT;NEGATIF;AZALIYOR;AL;SAT;NOTR;1;16.09.2026
BALSU;izle;;8,1;2,4;3,6;2,1;10;0;zayif;29,9;27,4;44,5;asagi;zayif;zayif;asagi;0,83;-5,50;4;7,3;-9,99;354109137;9,81;SAT;NEGATIF;SAT;NEGATIF;ARTIYOR;SAT;SAT;UCUZ (AL);0;16.09.2026
ORCAY;izle;;8,1;0,0;4,2;4,0;6;0;zayif;11,2;29,3;37,4;asagi;zayif;zayif;asagi;0,94;-3,43;3;3,13;-6,01;4232183;3,65;SAT;NEGATIF;NOTR;NEGATIF;ARTIYOR;SAT;SAT;NOTR;0;16.09.2026
ALFAS;izle;;8,1;1,2;2,6;4,2;42;3;zayif;21,0;27,9;34,8;asagi;zayif;zayif;asagi;0,95;-4,64;5;34,88;-4,60;65627418;39,89;SAT;NEGATIF;SAT;NEGATIF;ARTIYOR;SAT;SAT;NOTR;0;16.09.2026
YBTAS;izle;;8,1;2,4;4,1;1,5;10;0;zayif;45,5;25,4;17,4;asagi;zayif;zayif;asagi;0,79;-7,07;6;12,4;-2,21;685646;13,28;SAT;NEGATIF;SAT;NEGATIF;ARTIYOR;AL;AL;UCUZ (AL);2;16.09.2026
SEYKM;izle;;8,0;0,8;5,4;1,8;6;0;zayif;18,2;33,5;32,5;asagi;zayif;zayif;asagi;0,81;-2,29;3;4,12;-3,29;4126019;4,71;SAT;NEGATIF;NOTR;NEGATIF;ARTIYOR;SAT;SAT;NOTR;0;16.09.2026
DGATE;izle;;8,0;4,4;3,6;0,0;10;0;zayif;22,3;30,0;34,5;asagi;zayif;zayif;asagi;0,66;-2,96;4;81;-1,82;15109416;96,29;SAT;NEGATIF;SAT;NEGATIF;ARTIYOR;SAT;SAT;NOTR;0;16.09.2026
EUPWR;izle;;8,0;5,4;2,5;0,0;16;1;zayif;31,2;30,4;31,8;asagi;zayif;zayif;asagi;0,38;-3,60;3;62,95;-9,94;542633218;85,20;SAT;NEGATIF;SAT;NEGATIF;ARTIYOR;SAT;SAT;NOTR;0;16.09.2026
BSOKE;izle;;7,9;2,4;4,0;1,5;10;0;zayif;43,0;17,4;8,2;asagi;zayif;zayif;asagi;0,79;-5,79;5;17,66;-7,05;189009205;24,25;SAT;NEGATIF;SAT;NEGATIF;AZALIYOR;AL;SAT;NOTR;1;16.09.2026
KLSER;izle;;7,8;0,4;1,4;6,0;20;1;zayif;14,9;23,6;23,3;asagi;zayif;zayif;asagi;1,06;-5,15;4;21,28;-5,76;31368678;23,89;SAT;NEGATIF;NOTR;NEGATIF;ARTIYOR;SAT;SAT;UCUZ (AL);0;16.09.2026
CASA;izle;;7,8;1,0;3,8;3,0;6;0;zayif;19,1;31,0;40,6;asagi;zayif;zayif;asagi;0,88;-4,97;3;62,6;-4,06;874898;68,82;SAT;NEGATIF;NOTR;NEGATIF;ARTIYOR;SAT;SAT;UCUZ (AL);0;16.09.2026
HLGYO;izle;;7,8;2,4;4,4;1,0;42;3;zayif;29,6;31,2;59,2;asagi;zayif;zayif;asagi;0,76;-3,98;4;4;-4,31;100938540;4,62;SAT;NEGATIF;SAT;NEGATIF;ARTIYOR;SAT;SAT;NOTR;0;16.09.2026
CMENT;izle;;7,7;2,4;5,3;0,0;0;0;zayif;53,0;33,6;28,3;asagi;zayif;zayif;asagi;0,58;-4,64;2;241,1;-3,56;600098;257,52;SAT;NEGATIF;SAT;NEGATIF;ARTIYOR;AL;AL;UCUZ (AL);2;16.09.2026
INGRM;izle;;7,6;1,5;6,1;0,0;0;0;zayif;15,9;34,4;49,3;asagi;zayif;zayif;asagi;0,58;-2,35;1;349,5;-3,72;14162439;406,19;SAT;NEGATIF;NOTR;NEGATIF;ARTIYOR;SAT;SAT;NOTR;0;16.09.2026
PINSU;izle;;7,6;1,9;4,4;1,2;22;2;zayif;26,3;29,7;58,4;asagi;zayif;zayif;asagi;0,77;-3,10;2;9,44;-4,55;26331162;10,62;SAT;NEGATIF;SAT;NEGATIF;ARTIYOR;SAT;SAT;UCUZ (AL);0;16.09.2026
MEKAG;izle;;7,5;1,1;2,6;3,8;6;0;zayif;20,3;28,0;42,7;asagi;zayif;zayif;asagi;0,93;-3,96;3;2,64;-2,94;23399012;3,03;SAT;NEGATIF;SAT;NEGATIF;ARTIYOR;SAT;SAT;NOTR;0;16.09.2026
RODRG;izle;;7,5;3,9;3,5;0,1;10;0;zayif;18,6;33,1;50,1;asagi;zayif;zayif;asagi;0,71;-2,36;4;21,5;-2,71;4856313;25,56;SAT;NEGATIF;NOTR;NEGATIF;ARTIYOR;SAT;SAT;NOTR;0;16.09.2026
TATEN;izle;;7,5;1,7;2,9;2,8;6;0;zayif;24,3;24,0;29,3;asagi;zayif;zayif;asagi;0,87;-5,83;3;6,72;-6,41;178323741;8,28;SAT;NEGATIF;SAT;NEGATIF;ARTIYOR;SAT;SAT;UCUZ (AL);0;16.09.2026
BLCYT;izle;;7,4;2,2;5,2;0,0;0;0;zayif;28,1;36,8;55,7;asagi;zayif;zayif;asagi;0,67;-2,55;2;1,82;-8,08;58956503;2,36;SAT;NEGATIF;SAT;NEGATIF;ARTIYOR;SAT;SAT;UCUZ (AL);0;16.09.2026
DGNMO;izle;;7,0;5,4;1,6;0,0;16;1;zayif;35,1;20,2;3,4;asagi;zayif;zayif;asagi;0,39;-3,65;3;6,11;-9,88;12386443;7,85;SAT;NEGATIF;SAT;NEGATIF;ARTIYOR;SAT;SAT;NOTR;0;16.09.2026
SARKY;izle;;6,9;0,4;4,3;2,2;42;3;zayif;15,1;34,4;36,9;asagi;zayif;zayif;asagi;0,83;-3,00;4;21,74;-2,77;128767846;25,49;SAT;NEGATIF;NOTR;NEGATIF;ARTIYOR;SAT;SAT;NOTR;0;16.09.2026
KTLEV;izle;;6,7;5,4;1,3;0,0;0;0;zayif;33,0;29,3;23,6;asagi;zayif;zayif;asagi;0,01;-4,04;2;27,46;-9,97;62032332;42,34;SAT;NEGATIF;SAT;NEGATIF;AZALIYOR;SAT;SAT;PAHALI (SAT);0;16.09.2026
DESPC;izle;;6,7;0,8;5,9;0,0;0;0;zayif;18,2;36,4;54,4;asagi;zayif;zayif;asagi;0,65;-2,24;2;36,86;-6,07;13166613;43,25;SAT;NEGATIF;NOTR;NEGATIF;ARTIYOR;SAT;SAT;NOTR;0;16.09.2026
AKCNS;izle;;6,4;6,2;0,0;0,2;28;2;zayif;22,5;23,0;25,2;asagi;zayif;zayif;asagi;0,59;-3,71;3;204;-2,81;48746820;230,13;SAT;NEGATIF;SAT;NEGATIF;ARTIYOR;SAT;AL;NOTR;1;16.09.2026
BYDNR;izle;;6,3;4,8;1,3;0,3;0;0;zayif;24,9;25,8;28,3;asagi;zayif;zayif;asagi;0,72;-3,57;2;31,08;-2,94;16728033;36,20;SAT;NEGATIF;SAT;NEGATIF;ARTIYOR;SAT;SAT;NOTR;0;16.09.2026
YYAPI;izle;;6,3;2,4;1,7;2,2;0;0;zayif;47,0;19,3;30,8;asagi;zayif;zayif;asagi;0,83;-6,85;2;0,73;-5,19;2331148;0,80;SAT;NEGATIF;SAT;NEGATIF;ARTIYOR;SAT;SAT;UCUZ (AL);0;16.09.2026
ARENA;izle;;6,1;0,3;2,7;3,1;6;0;zayif;14,2;26,1;31,9;asagi;zayif;zayif;asagi;0,89;-4,78;3;17,47;-7,96;14905124;20,94;SAT;NEGATIF;NOTR;NEGATIF;ARTIYOR;SAT;SAT;UCUZ (AL);0;16.09.2026
SEGMN;izle;;5,9;5,3;0,6;0,0;6;0;zayif;28,8;23,2;16,9;asagi;zayif;zayif;asagi;0,53;-4,49;3;35,8;-9,96;20635800;46,28;SAT;NEGATIF;SAT;NEGATIF;ARTIYOR;SAT;SAT;NOTR;0;16.09.2026
TKNSA;izle;;5,8;1,4;4,4;0,0;20;1;zayif;22,3;34,7;21,9;asagi;zayif;zayif;asagi;0,42;-2,65;4;15,46;-3,01;56007560;18,28;SAT;NEGATIF;SAT;NEGATIF;ARTIYOR;SAT;SAT;UCUZ (AL);0;16.09.2026
GESAN;izle;;5,5;5,4;0,1;0,0;10;1;zayif;34,4;24,8;14,2;asagi;zayif;zayif;asagi;0,50;-4,55;2;53,4;-9,95;473484450;70,79;SAT;NEGATIF;SAT;NEGATIF;ARTIYOR;SAT;SAT;NOTR;0;16.09.2026
BAYRK;izle;;5,3;1,0;1,9;2,5;42;3;zayif;19,4;26,2;39,3;asagi;zayif;zayif;asagi;0,85;-3,82;4;3,76;-5,29;18916895;4,30;SAT;NEGATIF;NOTR;NEGATIF;ARTIYOR;SAT;SAT;UCUZ (AL);0;16.09.2026
SANFM;izle;;5,2;4,6;0,6;0,0;0;0;zayif;23,6;27,2;23,4;asagi;zayif;zayif;asagi;0,65;-3,46;2;7,69;-9,95;27750334;9,60;SAT;NEGATIF;SAT;NEGATIF;ARTIYOR;SAT;SAT;NOTR;0;16.09.2026
GEDIK;izle;;5,2;1,4;1,7;2,1;0;0;zayif;22,2;22,2;28,7;asagi;zayif;zayif;asagi;0,83;-4,39;2;5,26;-4,36;29310051;5,93;SAT;NEGATIF;SAT;NEGATIF;ARTIYOR;SAT;SAT;NOTR;0;16.09.2026
GZNMI;izle;;5,2;1,6;1,3;2,3;10;0;zayif;23,6;23,2;28,2;asagi;zayif;zayif;asagi;0,84;-4,63;6;43;-8,51;51338646;53,40;SAT;NEGATIF;SAT;NEGATIF;ARTIYOR;SAT;AL;NOTR;1;16.09.2026
EUHOL;izle;;5,1;2,4;2,4;0,4;10;0;zayif;29,5;30,2;16,5;asagi;zayif;zayif;asagi;0,72;-4,58;5;8,75;-2,45;4116271;10,00;SAT;NEGATIF;SAT;NEGATIF;AZALIYOR;SAT;SAT;NOTR;0;16.09.2026
ELITE;izle;;4,8;2,1;1,5;1,2;20;1;zayif;27,5;17,5;48,0;asagi;zayif;zayif;asagi;0,77;-6,19;4;22,52;-8,31;30658953;26,38;SAT;NEGATIF;SAT;NEGATIF;ARTIYOR;SAT;SAT;UCUZ (AL);0;16.09.2026
DAPGM;izle;;4,7;0,1;4,1;0,5;0;0;zayif;13,0;30,9;50,6;asagi;zayif;zayif;asagi;0,73;-3,66;1;6,84;-10,00;405824444;8,69;SAT;NEGATIF;NOTR;NEGATIF;ARTIYOR;SAT;SAT;UCUZ (AL);0;16.09.2026
ENSRI;izle;;4,5;0,6;1,9;2,0;10;0;zayif;16,1;26,1;4,9;asagi;zayif;zayif;asagi;0,82;-7,14;4;3,89;-4,42;77865971;4,74;SAT;NEGATIF;NOTR;NEGATIF;ARTIYOR;SAT;SAT;UCUZ (AL);0;16.09.2026
PLTUR;izle;;4,4;0,4;4,1;0,0;6;0;zayif;14,6;32,6;49,2;asagi;zayif;zayif;asagi;0,67;-3,05;3;18,5;-5,42;47634799;21,53;SAT;NEGATIF;NOTR;NEGATIF;ARTIYOR;SAT;SAT;NOTR;0;16.09.2026
OYYAT;izle;;4,4;0,6;3,8;0,0;0;0;zayif;16,7;31,2;55,5;asagi;zayif;zayif;asagi;0,70;-3,52;2;31,3;-7,01;15171580;36,77;SAT;NEGATIF;NOTR;NEGATIF;ARTIYOR;SAT;AL;NOTR;1;16.09.2026
MAKIM;izle;;4,4;0,8;1,4;2,1;0;0;zayif;17,9;22,7;22,5;asagi;zayif;zayif;asagi;0,83;-4,78;2;13,1;-6,16;13774689;15,18;SAT;NEGATIF;NOTR;NEGATIF;ARTIYOR;SAT;SAT;NOTR;0;16.09.2026
YONGA;izle;;4,3;2,0;2,2;0,0;0;0;zayif;26,9;23,6;17,9;asagi;zayif;zayif;asagi;0,68;-5,46;2;41,4;-2,13;483842;45,13;SAT;NEGATIF;SAT;NEGATIF;AZALIYOR;SAT;SAT;UCUZ (AL);0;16.09.2026
ONCSM;izle;;3,5;2,4;0,9;0,2;10;0;zayif;34,6;23,5;8,2;asagi;zayif;zayif;asagi;0,71;-5,35;4;142,6;-9,97;100381274;202,13;SAT;NEGATIF;SAT;NEGATIF;ARTIYOR;SAT;SAT;UCUZ (AL);0;16.09.2026
DITAS;izle;;3,5;2,4;1,1;0,0;10;0;zayif;30,2;24,8;31,7;asagi;zayif;zayif;asagi;0,61;-5,27;4;15,06;-9,98;29691302;21,24;SAT;NEGATIF;SAT;NEGATIF;ARTIYOR;SAT;SAT;UCUZ (AL);0;16.09.2026
TEKTU;izle;;3,5;0,4;1,8;1,3;40;5;zayif;14,8;24,4;30,6;asagi;zayif;zayif;asagi;0,78;-4,44;2;6,26;-8,35;40370239;7,69;SAT;NEGATIF;NOTR;NEGATIF;ARTIYOR;SAT;SAT;UCUZ (AL);0;16.09.2026
AGROT;izle;;3,4;0,2;3,2;0,0;22;2;zayif;13,5;27,1;34,4;asagi;zayif;zayif;asagi;0,40;-4,78;1;1,8;-5,26;81349146;2,14;SAT;NEGATIF;NOTR;NEGATIF;ARTIYOR;SAT;SAT;UCUZ (AL);0;16.09.2026
EGEGY;izle;;3,3;2,2;1,0;0,0;40;4;zayif;28,5;26,4;18,5;asagi;zayif;zayif;asagi;0,35;-4,49;2;20,14;-9,93;36369718;26,96;SAT;NEGATIF;SAT;NEGATIF;ARTIYOR;SAT;SAT;NOTR;0;16.09.2026
BIENY;izle;;3,2;0,6;2,6;0,0;6;0;zayif;16,6;28,0;35,2;asagi;zayif;zayif;asagi;0,60;-3,19;3;18,82;-5,09;35918478;21,50;SAT;NEGATIF;NOTR;NEGATIF;ARTIYOR;SAT;SAT;UCUZ (AL);0;16.09.2026
ALVES;izle;;3,2;2,4;0,7;0,0;0;0;zayif;38,4;15,5;16,6;asagi;zayif;zayif;asagi;0,19;-9,86;0;0,81;-8,99;15667529;1,11;SAT;NEGATIF;SAT;NEGATIF;AZALIYOR;SAT;SAT;UCUZ (AL);0;16.09.2026