hisse;durum;yeni_sinyal;konfluans;trend_35;momentum_30;hacim_35;risk;uyumsuzluk;rejim;adx;rsi;mfi;supertrend;goreli_guc;usd_trend;haftalik_trend;hacim_orani;ema50_uzaklik_atr;dagitim_gun;kapanis;degisim%;islem_hacmi_tl;st_cizgisi;osc_macd;osc_rsi;osc_adx;osc_momentum;osc_atr;osc_wavetrend;osc_stochrsi;osc_sharpe;osc_al_sayisi;tarih
DEVA;GUCLU AL;;98,5;35,0;29,3;34,1;28;0;guclu trend;49,4;73,3;76,7;yukari;guclu;yukselis;yukari;1,56;4,50;2;104,2;1,56;213427025;91,73;AL;POZITIF;AL;POZITIF;ARTIYOR;AL;AL;NOTR;6;14.09.2026
TRCAS;GUCLU AL;;98,1;33,1;30,0;35,0;8;0;guclu trend;25,1;60,9;76,5;yukari;guclu;yukselis;yukari;1,50;2,01;1;49,5;0,04;76273065;45,06;AL;POZITIF;AL;POZITIF;ARTIYOR;AL;SAT;NOTR;5;14.09.2026
FLAP;GUCLU AL;;97,5;35,0;28,8;33,6;18;0;guclu trend;40,2;74,3;83,7;yukari;guclu;yukselis;yukari;1,69;2,55;0;13,16;-0,23;28813096;10,92;AL;POZITIF;AL;POZITIF;ARTIYOR;AL;SAT;NOTR;5;14.09.2026
BAHKM;izle;;97,1;35,0;28,9;33,2;46;1;guclu trend;45,7;74,1;81,9;yukari;guclu;yukselis;yukari;1,58;3,80;2;189;2,89;545037444;146,75;AL;POZITIF;AL;POZITIF;ARTIYOR;AL;AL;NOTR;6;14.09.2026
CELHA;GUCLU AL;;96,9;34,6;30,0;32,2;20;0;guclu trend;29,0;69,5;59,0;yukari;guclu;yukselis;yukari;1,13;3,03;1;28,4;3,65;77599138;23,79;AL;POZITIF;AL;POZITIF;ARTIYOR;AL;AL;NOTR;6;14.09.2026
GMTAS;AL;;94,1;30,9;30,0;33,2;0;0;ilimli;19,4;63,0;67,6;yukari;guclu;yukselis;yukari;1,40;1,80;0;50,3;1,99;232514014;43,62;AL;POZITIF;NOTR;POZITIF;ARTIYOR;AL;SAT;NOTR;4;14.09.2026
HURGZ;GUCLU AL;;93,6;32,1;30,0;31,5;10;0;guclu trend;22,6;66,5;74,4;yukari;guclu;yukselis;yukari;1,14;2,34;1;8,45;2,55;87487236;7,13;AL;POZITIF;AL;POZITIF;ARTIYOR;AL;AL;NOTR;6;14.09.2026
KARSN;GUCLU AL;;93,5;35,0;30,0;28,5;28;0;guclu trend;43,7;66,1;84,5;yukari;guclu;yukselis;yukari;1,40;3,02;0;14,33;-3,57;985365407;13,02;AL;POZITIF;AL;POZITIF;ARTIYOR;SAT;SAT;NOTR;4;14.09.2026
AHGAZ;GUCLU AL;;93,5;35,0;29,4;29,1;36;0;guclu trend;34,7;73,2;87,1;yukari;guclu;yukselis;yukari;0,95;4,16;0;40,78;0,59;218024846;37,08;AL;POZITIF;AL;POZITIF;AZALIYOR;AL;AL;NOTR;6;14.09.2026
EPLAS;izle;;93,3;28,3;30,0;35,0;60;5;zayif;25,7;69,8;63,1;yukari;guclu;yukselis;yukari;2,00;3,26;1;6,77;9,90;58678650;5,66;AL;POZITIF;AL;POZITIF;ARTIYOR;AL;AL;NOTR;6;14.09.2026
VAKBN;GUCLU AL;;93,0;35,0;30,0;28,0;6;0;guclu trend;31,2;58,6;67,7;yukari;guclu;yukselis;yukari;0,98;1,91;3;35,74;-6,14;2762718834;31,66;AL;POZITIF;AL;POZITIF;ARTIYOR;AL;SAT;NOTR;5;14.09.2026
ENERY;GUCLU AL;;92,9;35,0;24,2;33,7;35;0;guclu trend;47,0;83,6;95,0;yukari;guclu;yukselis;yukari;1,22;6,23;0;12,4;1,81;733716333;11,00;AL;POZITIF;AL;POZITIF;AZALIYOR;AL;AL;NOTR;6;14.09.2026
AYGAZ;izle;;92,6;35,0;26,0;31,6;56;4;guclu trend;43,8;61,9;72,6;yukari;guclu;yukselis;yukari;1,11;2,98;3;335;2,21;513990165;299,67;SAT;POZITIF;AL;NEGATIF;ARTIYOR;AL;AL;NOTR;4;14.09.2026
EUKYO;GUCLU AL;;92,4;35,0;30,0;27,4;10;0;guclu trend;46,0;67,1;51,1;yukari;guclu;yukselis;yukari;0,85;2,53;0;14,4;1,48;12581280;12,46;AL;POZITIF;AL;POZITIF;ARTIYOR;AL;AL;PAHALI (SAT);6;14.09.2026
ETILR;AL;;92,4;29,8;29,6;32,9;0;0;ilimli;16,7;57,5;58,9;yukari;guclu;yukselis;yukari;1,28;1,35;1;6,48;2,05;67642919;5,30;AL;POZITIF;NOTR;POZITIF;ARTIYOR;AL;AL;NOTR;5;14.09.2026
ALKLC;GUCLU AL;;92,0;35,0;22,0;35,0;35;0;guclu trend;69,2;91,6;70,6;yukari;guclu;yukselis;yukari;1,48;6,12;0;510;1,49;1920758430;454,30;AL;POZITIF;AL;POZITIF;ARTIYOR;AL;AL;NOTR;6;14.09.2026
IEYHO;izle;;92,0;35,0;22,0;35,0;43;0;guclu trend;90,0;95,8;100,0;yukari;guclu;yukselis;yukari;1,65;12,12;0;229,5;1,10;522380786;217,60;AL;POZITIF;AL;POZITIF;AZALIYOR;SAT;AL;PAHALI (SAT);5;14.09.2026
BJKAS;GUCLU AL;;92,0;35,0;30,0;27,0;10;0;guclu trend;31,2;61,3;52,1;yukari;guclu;yukselis;yukari;1,22;2,58;1;2,7;-4,59;1725246751;2,14;AL;POZITIF;AL;POZITIF;ARTIYOR;AL;AL;NOTR;6;14.09.2026
SASA;GUCLU AL;;91,4;27,0;29,4;35,0;28;0;zayif;22,3;73,3;70,5;yukari;guclu;yukselis;yukari;1,59;3,10;1;2,94;4,26;18415760601;2,45;AL;POZITIF;AL;POZITIF;ARTIYOR;AL;AL;NOTR;6;14.09.2026
EGEEN;GUCLU AL;EVET;91,2;26,9;29,3;35,0;28;0;zayif;25,5;73,4;76,9;yukari;guclu;yukselis;yukari;4,48;4,24;1;6522,5;8,21;638794083;5401,00;AL;POZITIF;AL;POZITIF;ARTIYOR;AL;SAT;NOTR;5;14.09.2026
KRGYO;GUCLU AL;;91,0;35,0;27,9;28,1;34;0;guclu trend;46,1;76,1;77,0;yukari;guclu;yukselis;yukari;0,89;4,29;3;3,69;-0,54;80219932;3,15;AL;POZITIF;AL;POZITIF;AZALIYOR;AL;AL;NOTR;6;14.09.2026
KONYA;GUCLU AL;;90,9;25,9;30,0;35,0;20;1;zayif;35,9;70,0;76,6;yukari;guclu;yukselis;yukari;2,29;2,56;0;4300;0,94;202590200;3764,83;AL;POZITIF;AL;POZITIF;ARTIYOR;AL;AL;NOTR;6;14.09.2026
AVPGY;GUCLU AL;EVET;90,8;27,5;30,0;33,2;0;0;zayif;26,5;68,3;69,4;yukari;guclu;yukselis;yukari;1,59;2,06;0;58,2;4,02;66125734;51,57;AL;POZITIF;AL;POZITIF;ARTIYOR;AL;AL;NOTR;6;14.09.2026
KLSYN;GUCLU AL;;90,6;35,0;30,0;25,6;10;0;guclu trend;32,6;66,5;85,9;yukari;guclu;yukselis;yukari;0,76;2,46;0;16,82;-1,06;43564860;14,59;AL;POZITIF;AL;POZITIF;AZALIYOR;AL;AL;NOTR;6;14.09.2026
GSDDE;AL;;90,2;30,7;29,1;30,3;0;0;ilimli;19,0;59,3;54,2;yukari;guclu;yukselis;yukari;1,34;1,28;2;14,15;3,36;111448018;12,38;AL;POZITIF;NOTR;POZITIF;ARTIYOR;AL;AL;NOTR;5;14.09.2026
BIMAS;GUCLU AL;;90,0;35,0;30,0;25,0;10;0;guclu trend;30,8;64,6;55,4;yukari;guclu;yukselis;yukari;0,62;2,83;0;429,75;-1,15;2627005453;402,48;AL;POZITIF;AL;POZITIF;AZALIYOR;AL;SAT;NOTR;5;14.09.2026
KCHOL;GUCLU AL;;90,0;35,0;30,0;25,0;20;1;guclu trend;36,1;67,5;66,7;yukari;guclu;yukselis;yukari;0,62;2,80;2;225,5;0,00;4298609761;208,31;AL;POZITIF;AL;POZITIF;AZALIYOR;AL;AL;NOTR;6;14.09.2026
TERA;GUCLU AL;;89,4;30,0;24,4;35,0;35;0;zayif;31,6;83,3;100,0;yukari;guclu;yukselis;yukari;1,34;4,67;0;215,8;4,96;4573618156;193,99;AL;POZITIF;AL;POZITIF;ARTIYOR;AL;SAT;NOTR;5;14.09.2026
CEOEM;AL;;88,8;25,1;28,7;35,0;28;0;zayif;17,3;74,6;80,9;yukari;guclu;yukselis;yukari;4,09;3,72;1;29,78;2,97;215479533;25,40;AL;POZITIF;NOTR;POZITIF;ARTIYOR;AL;AL;NOTR;5;14.09.2026
SKYMD;GUCLU AL;;88,7;35,0;30,0;23,8;10;1;guclu trend;29,9;61,0;73,8;yukari;guclu;yukselis;yukari;0,68;2,02;1;17;1,07;39153108;14,03;AL;POZITIF;AL;POZITIF;AZALIYOR;AL;SAT;NOTR;5;14.09.2026
ALARK;GUCLU AL;;88,6;35,0;30,0;23,6;0;0;guclu trend;30,2;56,9;83,3;yukari;guclu;yukselis;yukari;0,52;1,52;0;113,2;-3,58;349403912;106,27;AL;POZITIF;AL;POZITIF;ARTIYOR;SAT;SAT;NOTR;4;14.09.2026
MRGYO;GUCLU AL;;88,4;30,0;24,2;34,2;35;0;zayif;44,7;83,7;80,5;yukari;guclu;yukselis;yukari;1,39;5,22;1;2,15;0,47;567988610;1,75;AL;POZITIF;AL;POZITIF;ARTIYOR;AL;AL;NOTR;6;14.09.2026
RYSAS;GUCLU AL;;88,1;35,0;24,2;28,9;10;1;guclu trend;32,2;55,9;72,2;yukari;guclu;yukselis;yukari;1,20;1,46;2;27,04;1,65;625877601;24,77;SAT;POZITIF;AL;NEGATIF;AZALIYOR;SAT;SAT;NOTR;2;14.09.2026
AGHOL;GUCLU AL;;88,0;33,5;27,2;27,4;0;0;guclu trend;26,1;58,3;76,1;yukari;guclu;yukselis;yukari;0,89;1,11;1;34,48;0,82;163862166;31,63;AL;POZITIF;AL;POZITIF;AZALIYOR;AL;SAT;NOTR;5;14.09.2026
TEHOL;GUCLU AL;;87,6;35,0;30,0;22,6;20;1;guclu trend;37,9;60,0;85,6;yukari;guclu;yukselis;yukari;0,71;2,22;1;48,32;0,67;2384067293;41,63;AL;POZITIF;AL;POZITIF;AZALIYOR;AL;AL;NOTR;6;14.09.2026
EGGUB;AL;;87,5;30,8;30,0;26,6;0;0;ilimli;19,3;60,5;66,8;yukari;guclu;yukselis;yukari;0,80;1,76;2;111,4;-0,71;65693805;100,88;AL;POZITIF;NOTR;NEGATIF;ARTIYOR;AL;AL;NOTR;4;14.09.2026
KZGYO;GUCLU AL;;87,0;30,0;22,0;35,0;35;0;zayif;41,2;89,4;85,6;yukari;guclu;yukselis;yukari;1,76;5,98;0;30,84;2,59;233672521;25,85;AL;POZITIF;AL;POZITIF;ARTIYOR;AL;SAT;NOTR;5;14.09.2026
YKSLN;GUCLU AL;;87,0;30,0;22,0;35,0;35;0;zayif;30,6;88,8;87,7;yukari;guclu;yukselis;yukari;2,56;7,61;0;4,62;10,00;170045074;3,63;AL;POZITIF;AL;POZITIF;ARTIYOR;AL;AL;NOTR;6;14.09.2026
ISDMR;GUCLU AL;;86,9;33,7;30,0;23,2;0;0;guclu trend;26,6;66,5;74,2;yukari;guclu;yukselis;yukari;0,69;2,00;0;60;-1,64;72880080;53,32;AL;POZITIF;AL;POZITIF;AZALIYOR;AL;SAT;NOTR;5;14.09.2026
PETKM;GUCLU AL;;86,7;34,4;30,0;22,4;10;0;guclu trend;28,4;61,7;52,7;yukari;guclu;yukselis;yukari;0,82;2,24;2;23,66;-4,13;1947374558;21,89;AL;POZITIF;AL;POZITIF;ARTIYOR;SAT;SAT;NOTR;4;14.09.2026
SOKM;GUCLU AL;EVET;86,5;31,2;30,0;25,3;32;2;guclu trend;20,2;64,9;67,6;yukari;guclu;yukselis;yukari;0,72;2,61;1;60,4;-1,63;224388537;54,83;AL;POZITIF;AL;POZITIF;AZALIYOR;AL;AL;NOTR;6;14.09.2026
TUPRS;izle;;86,4;35,0;26,0;25,4;50;2;guclu trend;45,5;70,5;67,3;yukari;guclu;yukselis;yukari;0,73;4,79;1;415,75;0,54;9070263507;374,32;SAT;POZITIF;AL;POZITIF;AZALIYOR;AL;AL;PAHALI (SAT);5;14.09.2026
ALBRK;GUCLU AL;;85,8;32,9;20,4;32,5;0;0;guclu trend;33,7;48,7;59,4;yukari;guclu;yukselis;yukari;2,06;0,38;2;8,7;-4,92;280849433;8,39;SAT;NEGATIF;AL;POZITIF;ARTIYOR;SAT;SAT;NOTR;2;14.09.2026
OZATD;izle;;85,3;35,0;26,0;24,3;56;2;guclu trend;36,3;70,6;91,2;yukari;guclu;yukselis;yukari;0,06;4,67;3;4830;3,87;134100120;4260,49;SAT;POZITIF;AL;NEGATIF;ARTIYOR;SAT;AL;PAHALI (SAT);3;14.09.2026
KRPLS;GUCLU AL;;84,9;35,0;30,0;19,9;10;0;guclu trend;50,3;62,4;72,3;yukari;guclu;yukselis;yukari;1,60;2,26;2;12,51;-6,15;134893841;11,28;AL;POZITIF;AL;POZITIF;ARTIYOR;AL;SAT;NOTR;5;14.09.2026
DMLKT;GUCLU AL;;84,6;35,0;24,6;25,0;20;0;guclu trend;45,8;64,3;56,6;yukari;guclu;yukselis;yukari;0,38;3,25;1;7,09;-0,14;25779141;6,62;SAT;POZITIF;AL;POZITIF;AZALIYOR;SAT;AL;NOTR;4;14.09.2026
TDGYO;AL;;84,4;21,0;30,0;33,4;10;1;zayif;29,3;66,0;86,3;yukari;guclu;yukselis;yukari;1,85;1,72;0;18,62;4,78;44022577;16,24;AL;POZITIF;AL;POZITIF;ARTIYOR;AL;SAT;UCUZ (AL);5;14.09.2026
KUYAS;GUCLU AL;;84,3;24,1;29,2;31,0;0;0;ilimli;20,1;63,2;60,1;yukari;guclu;yukselis;yukari;2,57;1,16;1;72,7;0,07;2222860805;63,45;AL;POZITIF;AL;POZITIF;ARTIYOR;AL;SAT;NOTR;5;14.09.2026
BOBET;izle;;84,2;35,0;29,4;19,8;32;3;guclu trend;45,0;54,0;75,6;yukari;guclu;yukselis;yukari;0,55;1,25;0;22,26;-9,95;108644894;20,54;AL;POZITIF;AL;POZITIF;ARTIYOR;SAT;SAT;NOTR;4;14.09.2026
MARTI;GUCLU AL;;84,2;30,0;22,5;31,7;35;0;zayif;53,1;87,1;92,4;yukari;guclu;yukselis;yukari;1,18;5,57;0;2,77;1,09;594224458;2,17;AL;POZITIF;AL;POZITIF;ARTIYOR;AL;AL;NOTR;6;14.09.2026
MZHLD;GUCLU AL;EVET;84,1;20,7;28,4;35,0;28;0;zayif;22,2;75,3;75,1;yukari;guclu;yukselis;yukari;5,37;3,72;2;6,27;10,00;18341399;5,33;AL;POZITIF;AL;POZITIF;ARTIYOR;AL;AL;NOTR;6;14.09.2026
PATEK;GUCLU AL;EVET;83,5;25,9;29,3;28,4;12;0;zayif;22,1;57,5;59,4;yukari;guclu;yukselis;yukari;2,88;1,20;2;22,88;-9,42;1760657481;19,78;AL;POZITIF;AL;POZITIF;ARTIYOR;AL;AL;NOTR;6;14.09.2026
EFOR;izle;;83,5;20,7;30,0;32,8;40;4;ilimli;13,8;59,1;59,1;asagi;guclu;yukselis;yukari;1,48;1,78;1;20,3;1,20;2439020802;20,83;AL;POZITIF;NOTR;POZITIF;ARTIYOR;AL;AL;NOTR;5;14.09.2026
CATES;GUCLU AL;;83,1;35,0;26,0;22,1;10;0;guclu trend;37,5;60,4;60,1;yukari;guclu;yukselis;yukari;0,38;2,37;2;66,8;-0,30;87540264;60,79;SAT;POZITIF;AL;NEGATIF;ARTIYOR;SAT;AL;NOTR;3;14.09.2026
ENJSA;izle;;82,4;30,9;27,3;24,2;32;3;ilimli;19,5;52,9;66,2;yukari;guclu;yukselis;yukari;0,51;0,82;1;114,3;-2,56;250869983;106,65;AL;POZITIF;NOTR;POZITIF;AZALIYOR;SAT;SAT;NOTR;3;14.09.2026
TRHOL;izle;;82,0;35,0;22,0;25,0;43;0;guclu trend;65,8;97,7;100,0;yukari;guclu;yukselis;yukari;0,55;8,88;0;4350;6,10;891258450;3547,66;AL;POZITIF;AL;POZITIF;ARTIYOR;SAT;SAT;PAHALI (SAT);4;14.09.2026
GENIL;GUCLU AL;;81,7;35,0;24,5;22,2;22;2;guclu trend;39,7;55,1;50,2;yukari;guclu;yukselis;yukari;0,56;1,57;2;11,7;-2,90;267228901;10,37;SAT;POZITIF;AL;POZITIF;AZALIYOR;AL;SAT;NOTR;4;14.09.2026
BAGFS;AL;;81,7;22,6;30,0;29,1;0;0;zayif;39,3;63,5;56,1;yukari;guclu;yukselis;yukari;0,97;1,66;1;28,34;1,21;38438165;25,76;AL;POZITIF;AL;POZITIF;ARTIYOR;AL;SAT;NOTR;5;14.09.2026
AKSGY;AL;;81,5;30,7;21,0;29,8;20;1;ilimli;19,0;53,1;57,4;yukari;guclu;yukselis;yukari;1,00;0,92;4;10;-1,96;61711760;9,55;SAT;POZITIF;NOTR;NEGATIF;ARTIYOR;AL;AL;NOTR;3;14.09.2026
INDES;GUCLU AL;;81,3;33,3;23,8;24,2;6;0;guclu trend;25,7;54,9;43,8;yukari;guclu;yukselis;yukari;0,62;1,17;3;11,66;-1,44;61094249;10,83;SAT;POZITIF;AL;NEGATIF;AZALIYOR;SAT;SAT;NOTR;2;14.09.2026
OFSYM;GUCLU AL;;81,1;35,0;23,5;22,6;16;1;guclu trend;44,1;54,7;69,2;yukari;guclu;yukselis;yukari;0,28;1,27;3;66;-0,15;41942868;58,06;SAT;POZITIF;AL;NEGATIF;AZALIYOR;SAT;AL;NOTR;3;14.09.2026
TNZTP;izle;;80,9;29,9;26,0;25,0;48;3;ilimli;16,8;64,4;55,2;yukari;guclu;yukselis;yukari;0,55;2,55;3;31,78;1,27;80256672;27,67;SAT;POZITIF;NOTR;NEGATIF;ARTIYOR;AL;AL;NOTR;3;14.09.2026
MPARK;GUCLU AL;;80,8;29,6;27,0;24,2;0;0;guclu trend;20,1;56,8;45,9;yukari;guclu;yukselis;yukari;0,61;0,86;1;438,5;-1,02;142519078;411,23;AL;POZITIF;AL;POZITIF;AZALIYOR;AL;AL;NOTR;6;14.09.2026
RYGYO;GUCLU AL;;80,8;35,0;22,4;23,4;6;0;guclu trend;37,6;50,7;67,2;yukari;guclu;yukselis;yukari;1,00;1,14;3;44;-0,27;143958936;43,73;SAT;POZITIF;AL;NEGATIF;ARTIYOR;SAT;SAT;NOTR;2;14.09.2026
NETAS;GUCLU AL;;80,4;35,0;24,3;21,2;10;0;guclu trend;46,3;59,6;57,3;yukari;guclu;yukselis;yukari;0,33;2,47;2;98,35;3,64;95779721;83,84;SAT;POZITIF;AL;POZITIF;AZALIYOR;SAT;AL;NOTR;4;14.09.2026
AKFYE;GUCLU AL;;80,2;31,7;24,4;24,1;0;0;guclu trend;21,6;52,6;67,5;yukari;guclu;zayif;yukari;1,05;0,47;0;24,58;-3,30;282896136;23,70;AL;POZITIF;AL;POZITIF;ARTIYOR;AL;SAT;NOTR;5;14.09.2026
TKFEN;GUCLU AL;;80,0;33,7;26,0;20,3;10;0;guclu trend;26,6;56,8;56,7;yukari;guclu;yukselis;yukari;0,57;2,15;1;216,3;-0,46;628604355;197,64;SAT;POZITIF;AL;POZITIF;AZALIYOR;AL;AL;NOTR;5;14.09.2026
KRDMD;GUCLU AL;;80,0;32,5;24,2;23,4;0;0;guclu trend;23,5;53,8;58,0;yukari;guclu;yukselis;yukari;0,47;1,22;1;45,5;-1,09;1223667127;41,86;SAT;POZITIF;AL;NEGATIF;AZALIYOR;SAT;SAT;NOTR;2;14.09.2026
GUBRF;GUCLU AL;;79,5;35,0;22,6;21,9;10;1;guclu trend;30,6;51,4;61,6;yukari;guclu;yukselis;yukari;0,66;0,51;2;478,75;-4,73;1195208950;452,83;SAT;POZITIF;AL;NEGATIF;ARTIYOR;SAT;SAT;NOTR;2;14.09.2026
HUNER;GUCLU AL;;79,5;32,5;23,5;23,4;28;2;guclu trend;23,7;54,5;66,5;yukari;guclu;yukselis;yukari;0,54;0,88;3;3,93;-1,50;117301693;3,50;SAT;POZITIF;AL;NEGATIF;AZALIYOR;AL;AL;NOTR;4;14.09.2026
HALKB;GUCLU AL;;79,4;34,9;30,0;14,5;10;1;guclu trend;29,8;57,3;27,8;yukari;guclu;yukselis;yukari;0,88;1,87;2;47,08;-5,84;2483956195;44,37;AL;POZITIF;AL;POZITIF;ARTIYOR;SAT;SAT;NOTR;4;14.09.2026
KLYPV;GUCLU AL;;78,7;29,8;19,4;29,6;0;0;guclu trend;29,6;51,8;41,9;yukari;guclu;yukselis;yukari;1,49;0,33;2;62;0,49;287981382;59,40;SAT;POZITIF;AL;NEGATIF;ARTIYOR;AL;AL;NOTR;4;14.09.2026
KERVN;GUCLU AL;;78,3;29,9;24,7;23,7;22;2;guclu trend;26,3;49,5;40,2;yukari;guclu;yukselis;yukari;0,98;0,95;1;9,51;-9,43;10792119;8,56;SAT;NEGATIF;SAT;POZITIF;ARTIYOR;AL;AL;NOTR;3;14.09.2026
DURDO;izle;;78,0;24,0;26,7;27,4;40;4;guclu trend;22,2;56,7;70,6;asagi;guclu;yukselis;yukari;0,87;0,99;1;5,19;-0,19;9345026;5,27;AL;POZITIF;AL;POZITIF;ARTIYOR;AL;AL;NOTR;6;14.09.2026
MIATK;GUCLU AL;EVET;77,2;20,3;30,0;26,9;18;0;zayif;27,1;71,8;75,9;yukari;guclu;yukselis;yukari;1,75;2,15;1;38,52;2,99;1574926101;31,50;AL;POZITIF;AL;POZITIF;ARTIYOR;AL;SAT;NOTR;5;14.09.2026
SANKO;izle;;76,9;17,1;29,5;30,3;32;3;zayif;37,7;68,6;93,1;yukari;guclu;yukselis;yukari;2,64;1,30;1;20,7;1,27;27291667;18,50;AL;POZITIF;AL;POZITIF;ARTIYOR;AL;AL;NOTR;6;14.09.2026
AKFGY;GUCLU AL;;76,9;20,5;29,6;26,8;0;0;zayif;25,3;64,9;58,5;yukari;guclu;yukselis;yukari;0,98;1,52;1;2,83;-1,39;88404638;2,63;AL;POZITIF;AL;POZITIF;ARTIYOR;AL;AL;NOTR;6;14.09.2026
TURGG;GUCLU AL;;76,7;26,1;28,6;22,0;22;2;zayif;39,4;57,1;73,1;yukari;guclu;yukselis;yukari;0,43;0,88;0;30;-3,72;16815990;25,81;AL;POZITIF;AL;POZITIF;AZALIYOR;SAT;SAT;NOTR;4;14.09.2026
DNISI;AL;;76,3;21,9;28,6;25,7;10;1;zayif;18,7;58,1;56,0;yukari;guclu;yukselis;yukari;1,02;1,03;1;4,9;0,41;25853405;4,36;AL;POZITIF;NOTR;POZITIF;AZALIYOR;AL;AL;NOTR;5;14.09.2026
RALYH;izle;;76,1;31,1;25,6;19,4;38;3;ilimli;19,9;55,4;55,2;yukari;guclu;yukselis;yukari;0,57;1,34;3;270;2,56;292068180;243,30;SAT;POZITIF;NOTR;NEGATIF;AZALIYOR;SAT;SAT;NOTR;1;14.09.2026
KUVVA;izle;;75,6;30,1;24,5;21,0;38;3;guclu trend;27,1;51,9;45,7;yukari;guclu;yukselis;yukari;0,48;0,87;3;178,9;0,51;19065194;163,41;SAT;POZITIF;SAT;NEGATIF;ARTIYOR;SAT;SAT;NOTR;1;14.09.2026
EKGYO;AL;;74,9;24,8;28,0;22,1;0;0;zayif;26,1;54,1;43,5;yukari;guclu;yukselis;yukari;0,58;0,85;1;20,58;-1,63;2019368171;18,90;AL;POZITIF;AL;POZITIF;AZALIYOR;AL;SAT;NOTR;5;14.09.2026
GOZDE;AL;;74,9;22,3;24,5;28,1;0;0;ilimli;18,5;54,4;56,1;yukari;zayif;zayif;yukari;1,46;0,65;1;23,5;-3,69;44200093;21,51;AL;POZITIF;NOTR;POZITIF;ARTIYOR;AL;SAT;NOTR;4;14.09.2026
ISCTR;AL;;74,7;23,9;30,0;20,8;0;0;zayif;29,9;62,2;69,0;yukari;guclu;yukselis;yukari;0,59;1,51;1;13,84;-0,65;6470838937;12,87;AL;POZITIF;AL;POZITIF;AZALIYOR;AL;SAT;NOTR;5;14.09.2026
VESTL;AL;;74,5;20,0;29,6;24,9;0;0;zayif;35,6;62,6;78,0;yukari;guclu;yukselis;yukari;1,04;1,31;1;26,26;1,55;404064957;22,39;AL;POZITIF;AL;POZITIF;ARTIYOR;SAT;SAT;NOTR;4;14.09.2026
BIGEN;izle;;74,5;22,4;26,0;26,0;0;0;guclu trend;30,4;53,6;74,2;asagi;guclu;yukselis;yukari;3,86;1,74;0;149,9;4,10;4186224622;157,93;SAT;POZITIF;SAT;NEGATIF;ARTIYOR;SAT;AL;PAHALI (SAT);2;14.09.2026
ARASE;AL;;74,4;32,8;18,9;22,7;0;0;guclu trend;24,3;49,9;55,7;yukari;guclu;zayif;yukari;0,56;0,35;1;120,2;-1,48;22190723;109,35;SAT;NEGATIF;AL;NEGATIF;AZALIYOR;SAT;SAT;NOTR;1;14.09.2026
OZRDN;AL;EVET;74,4;24,7;22,7;26,9;8;0;ilimli;21,6;52,4;65,2;yukari;zayif;zayif;yukari;1,29;0,09;0;29,84;1,29;10649269;25,56;AL;POZITIF;AL;NEGATIF;ARTIYOR;AL;AL;NOTR;5;14.09.2026
BUCIM;AL;;74,3;20,0;29,6;24,7;8;0;zayif;37,8;57,7;74,4;yukari;guclu;yukselis;yukari;0,74;1,33;2;5,76;-1,87;25829268;5,40;AL;POZITIF;AL;POZITIF;AZALIYOR;AL;SAT;UCUZ (AL);5;14.09.2026
ARSAN;izle;;73,8;27,0;26,0;20,8;0;0;guclu trend;33,4;58,2;64,6;asagi;guclu;yukselis;yukari;0,69;1,80;2;4,07;-0,25;95432102;4,47;SAT;POZITIF;AL;NEGATIF;AZALIYOR;AL;AL;NOTR;4;14.09.2026
BVSAN;izle;;73,8;18,7;28,4;26,7;0;0;zayif;24,4;54,8;63,0;asagi;guclu;yukselis;yukari;1,45;0,82;1;119,6;-7,14;236270637;146,62;AL;POZITIF;AL;POZITIF;ARTIYOR;AL;SAT;NOTR;5;14.09.2026
IHLAS;AL;;73,5;15,0;28,5;30,0;28;0;zayif;34,1;75,0;68,5;yukari;guclu;yukselis;yukari;3,19;3,49;2;1,27;9,48;395323181;1,07;AL;POZITIF;AL;POZITIF;ARTIYOR;AL;AL;UCUZ (AL);6;14.09.2026
EBEBK;izle;;73,1;22,7;22,7;27,7;0;0;ilimli;18,9;49,8;62,8;asagi;zayif;zayif;yukari;1,10;0,19;2;82,35;-3,35;63104311;87,54;AL;NEGATIF;NOTR;NEGATIF;ARTIYOR;AL;AL;NOTR;3;14.09.2026
OZSUB;AL;;73,0;31,7;21,4;19,9;10;1;guclu trend;21,4;47,6;34,6;yukari;guclu;yukselis;yukari;0,55;0,64;2;40,02;-2,72;66948498;37,97;SAT;NEGATIF;AL;NEGATIF;AZALIYOR;SAT;SAT;NOTR;1;14.09.2026
ADGYO;AL;;72,8;28,7;22,9;21,3;6;0;ilimli;16,9;53,6;43,8;yukari;guclu;yukselis;yukari;0,57;0,83;3;59,25;-1,09;34719967;54,81;SAT;POZITIF;NOTR;POZITIF;AZALIYOR;AL;AL;NOTR;4;14.09.2026
TRALT;AL;;72,0;29,1;21,1;21,8;10;1;ilimli;14,8;51,8;58,2;yukari;guclu;yukselis;yukari;0,36;0,68;1;52,25;-2,61;1869342921;48,12;SAT;POZITIF;NOTR;NEGATIF;AZALIYOR;AL;SAT;NOTR;2;14.09.2026
MANAS;AL;;71,1;29,8;22,8;18,6;0;0;guclu trend;25,2;50,7;65,4;yukari;guclu;yukselis;yukari;0,54;0,76;0;34,3;0,29;556548473;33,87;SAT;POZITIF;SAT;POZITIF;AZALIYOR;SAT;SAT;PAHALI (SAT);2;14.09.2026
TRMET;AL;;71,0;28,6;20,6;21,8;0;0;ilimli;16,7;49,8;54,7;yukari;guclu;yukselis;yukari;0,59;0,64;1;136,5;-2,50;453726546;128,36;SAT;NEGATIF;NOTR;NEGATIF;AZALIYOR;SAT;SAT;NOTR;0;14.09.2026
BRSAN;AL;;71,0;35,0;22,8;13,2;6;0;guclu trend;30,6;50,6;42,5;yukari;guclu;yukselis;yukari;0,54;1,32;3;682,5;-2,64;899506335;641,87;SAT;POZITIF;AL;NEGATIF;AZALIYOR;SAT;SAT;NOTR;2;14.09.2026
AVOD;AL;;70,9;25,7;27,1;18,1;0;0;zayif;42,9;53,3;71,3;yukari;guclu;yukselis;yukari;0,48;0,47;0;4,25;-1,85;25286833;3,92;AL;POZITIF;AL;POZITIF;AZALIYOR;SAT;SAT;NOTR;4;14.09.2026
IHEVA;AL;EVET;70,5;10,0;28,9;31,5;0;0;zayif;17,2;68,2;58,9;yukari;guclu;yukselis;yukari;5,00;1,49;1;2,09;5,03;14162413;1,89;AL;POZITIF;NOTR;POZITIF;ARTIYOR;AL;AL;NOTR;5;14.09.2026
TARKM;AL;;70,4;34,5;23,0;12,9;0;0;guclu trend;28,8;53,3;68,4;yukari;guclu;yukselis;yukari;0,56;0,79;1;521;-0,38;61740063;478,25;SAT;POZITIF;AL;NEGATIF;AZALIYOR;SAT;SAT;NOTR;2;14.09.2026
ARTMS;AL;;70,4;26,3;24,1;20,0;0;0;guclu trend;20,9;52,6;59,3;yukari;guclu;zayif;yukari;0,24;0,28;0;41,02;-0,49;10420393;37,04;AL;POZITIF;AL;POZITIF;AZALIYOR;SAT;SAT;NOTR;4;14.09.2026
METRO;AL;;70,4;28,1;20,8;21,4;0;0;ilimli;12,8;51,8;51,3;yukari;guclu;zayif;yukari;0,47;0,52;1;8,55;-1,38;28013742;7,70;SAT;POZITIF;NOTR;NEGATIF;AZALIYOR;AL;AL;NOTR;3;14.09.2026
PNSUT;AL;;70,3;22,2;27,0;21,1;0;0;zayif;41,0;54,4;75,9;yukari;guclu;yukselis;yukari;0,35;0,47;0;11,65;-3,16;20911261;10,59;AL;POZITIF;AL;NEGATIF;AZALIYOR;SAT;SAT;NOTR;3;14.09.2026
TRENJ;AL;;69,4;30,3;23,8;15,3;16;1;ilimli;17,9;53,3;58,2;yukari;guclu;yukselis;yukari;0,29;1,20;3;105,9;-2,22;60037569;98,12;SAT;POZITIF;NOTR;NEGATIF;AZALIYOR;SAT;SAT;NOTR;1;14.09.2026
DSTKF;AL;;69,4;23,4;30,0;16,0;0;0;ilimli;18,1;65,4;95,2;yukari;guclu;yukselis;yukari;0,45;1,93;1;2605;3,17;1998128780;2070,67;AL;POZITIF;NOTR;POZITIF;AZALIYOR;AL;AL;PAHALI (SAT);5;14.09.2026
AGESA;AL;;69,3;33,6;17,9;17,7;6;0;guclu trend;26,5;47,4;73,7;yukari;guclu;zayif;yukari;0,87;0,09;3;248;-2,36;49768888;239,61;SAT;NEGATIF;AL;NEGATIF;ARTIYOR;SAT;SAT;NOTR;1;14.09.2026
BMSTL;izle;;68,4;14,1;24,4;29,9;10;1;ilimli;14,9;54,1;56,2;asagi;guclu;zayif;yukari;2,27;0,49;1;45,34;4,37;253960448;47,29;AL;POZITIF;NOTR;POZITIF;ARTIYOR;AL;AL;NOTR;5;14.09.2026
KGYO;izle;;67,8;29,2;21,9;16,7;16;1;guclu trend;20,7;46,5;41,3;yukari;guclu;yukselis;yukari;0,37;-0,07;3;11,39;-1,81;96138183;10,80;SAT;NEGATIF;SAT;NEGATIF;AZALIYOR;SAT;AL;NOTR;1;14.09.2026
AYDEM;izle;;67,8;29,2;17,6;20,9;40;4;guclu trend;21,0;49,3;39,9;yukari;guclu;zayif;yukari;0,61;0,03;2;26,04;-2,69;58799414;24,22;SAT;NEGATIF;AL;NEGATIF;AZALIYOR;AL;AL;NOTR;3;14.09.2026
INVES;izle;;67,0;21,1;25,0;21,0;6;0;ilimli;19,9;51,1;30,4;asagi;guclu;yukselis;yukari;0,42;1,06;3;777,5;-0,45;26061800;846,10;SAT;POZITIF;NOTR;NEGATIF;AZALIYOR;AL;AL;NOTR;3;14.09.2026
ATATP;AL;;66,9;35,0;23,9;8,0;22;2;guclu trend;38,6;48,0;23,0;yukari;guclu;yukselis;yukari;0,62;0,62;2;282;1,53;219460014;267,66;SAT;NEGATIF;AL;NEGATIF;ARTIYOR;SAT;AL;NOTR;2;14.09.2026
ECOGR;AL;;66,9;22,7;26,8;17,4;0;0;ilimli;16,3;60,9;75,1;yukari;guclu;yukselis;yukari;0,47;0,96;1;38;0,80;124419942;32,38;AL;POZITIF;NOTR;POZITIF;AZALIYOR;AL;AL;NOTR;5;14.09.2026
GARAN;AL;;66,6;18,0;26,1;22,5;22;2;zayif;16,6;55,4;65,1;yukari;guclu;yukselis;yukari;0,51;0,68;1;133,9;-0,22;2386764554;125,31;AL;POZITIF;NOTR;POZITIF;AZALIYOR;SAT;SAT;NOTR;3;14.09.2026
AHSGY;AL;EVET;66,0;25,1;24,4;16,5;0;0;ilimli;24,3;59,0;59,5;yukari;zayif;zayif;yukari;0,53;0,72;2;18,79;9,95;34089758;15,17;AL;POZITIF;AL;POZITIF;ARTIYOR;AL;AL;NOTR;6;14.09.2026
ZRGYO;izle;;65,8;17,7;23,2;25,0;40;4;zayif;20,3;56,9;54,7;yukari;guclu;yukselis;yukari;0,80;1,15;1;19,7;-1,50;14744544;18,80;SAT;POZITIF;AL;POZITIF;AZALIYOR;AL;AL;NOTR;5;14.09.2026
SAHOL;izle;;65,0;21,8;28,5;14,7;40;3;zayif;18,5;59,8;54,3;yukari;guclu;yukselis;yukari;0,66;1,14;1;94,95;-0,37;2249956089;89,95;AL;POZITIF;NOTR;POZITIF;AZALIYOR;SAT;SAT;NOTR;3;14.09.2026
ORGE;AL;;64,5;31,9;21,2;11,5;22;2;guclu trend;21,9;51,0;50,4;yukari;guclu;yukselis;yukari;0,50;0,61;2;22,74;-1,13;65775132;20,44;SAT;POZITIF;AL;NEGATIF;AZALIYOR;SAT;SAT;NOTR;2;14.09.2026
TTKOM;AL;;64,5;13,7;27,8;23,0;0;0;zayif;21,4;58,4;55,4;yukari;guclu;yukselis;asagi;1,86;0,96;1;57,4;-5,67;4232428950;52,54;AL;POZITIF;AL;POZITIF;ARTIYOR;AL;SAT;NOTR;5;14.09.2026
CRFSA;izle;;64,3;27,0;21,3;16,0;50;4;guclu trend;46,9;48,7;53,1;asagi;guclu;yukselis;yukari;0,52;0,91;4;255,75;2,92;442182543;322,90;SAT;NEGATIF;AL;NEGATIF;AZALIYOR;SAT;AL;NOTR;2;14.09.2026
AEFES;AL;;63,8;22,9;21,0;20,0;0;0;ilimli;23,6;55,0;64,4;yukari;zayif;zayif;yukari;0,47;0,03;0;19,7;-0,20;438334889;18,27;AL;POZITIF;AL;POZITIF;AZALIYOR;AL;SAT;NOTR;5;14.09.2026
AKBNK;AL;;63,5;21,3;22,3;19,9;0;0;zayif;18,6;55,3;45,1;yukari;guclu;yukselis;yukari;0,69;0,74;1;72,55;-0,21;8734742569;67,48;SAT;POZITIF;NOTR;POZITIF;AZALIYOR;SAT;SAT;NOTR;2;14.09.2026
DOHOL;AL;;63,1;27,5;19,7;16,0;6;0;ilimli;10,8;52,5;51,6;yukari;guclu;yukselis;yukari;0,69;0,42;3;21,74;-0,64;183444055;20,39;SAT;POZITIF;NOTR;NEGATIF;AZALIYOR;AL;AL;NOTR;3;14.09.2026
SELEC;izle;;63,1;22,4;24,4;16,3;10;0;guclu trend;45,3;52,7;86,8;asagi;guclu;yukselis;yukari;0,01;2,46;0;324;-10,00;11877516;385,71;SAT;POZITIF;SAT;NEGATIF;ARTIYOR;SAT;SAT;PAHALI (SAT);1;14.09.2026
BIGTK;izle;;63,0;21,7;15,4;26,0;32;3;guclu trend;24,4;47,8;56,8;asagi;zayif;zayif;yukari;1,31;-0,06;1;312,75;7,47;294789080;367,92;SAT;NEGATIF;SAT;NEGATIF;ARTIYOR;AL;AL;NOTR;2;14.09.2026
CEMZY;izle;;62,9;29,9;16,9;16,0;0;0;guclu trend;26,2;45,0;9,4;yukari;guclu;zayif;yukari;0,18;-0,13;2;14,23;0,21;172201243;13,41;SAT;NEGATIF;SAT;NEGATIF;AZALIYOR;SAT;SAT;NOTR;0;14.09.2026
POLHO;AL;;62,8;29,9;17,7;15,2;10;1;guclu trend;25,8;47,4;32,8;yukari;guclu;zayif;yukari;0,58;0,21;1;22,08;-0,18;23172276;21,29;SAT;NEGATIF;SAT;POZITIF;AZALIYOR;SAT;SAT;NOTR;1;14.09.2026
AVGYO;izle;;62,6;22,6;28,3;11,7;0;0;ilimli;18,7;52,9;40,5;asagi;guclu;yukselis;yukari;0,64;0,78;2;16,72;-2,39;18756412;18,21;AL;POZITIF;NOTR;POZITIF;AZALIYOR;SAT;AL;NOTR;4;14.09.2026
EGPRO;izle;;62,2;24,2;21,8;16,2;6;0;guclu trend;22,7;52,2;57,1;asagi;guclu;yukselis;yukari;0,52;0,57;3;37,96;-2,67;30637630;41,75;SAT;POZITIF;AL;NEGATIF;AZALIYOR;SAT;SAT;NOTR;2;14.09.2026
PETUN;AL;;61,9;22,5;25,2;14,2;0;0;zayif;48,3;52,5;75,1;yukari;guclu;yukselis;asagi;0,35;0,27;0;11,73;-1,43;14160949;10,87;AL;POZITIF;AL;NEGATIF;AZALIYOR;SAT;SAT;NOTR;3;14.09.2026
IHGZT;AL;EVET;61,6;15,0;26,2;20,4;12;0;zayif;32,0;62,3;84,3;yukari;guclu;yukselis;asagi;5,28;0,66;1;1,26;0,80;175514341;1,14;AL;POZITIF;AL;POZITIF;ARTIYOR;AL;AL;UCUZ (AL);6;14.09.2026
HATSN;izle;;61,1;26,8;18,3;16,0;0;0;guclu trend;29,5;47,5;46,8;asagi;guclu;yukselis;yukari;0,30;0,06;2;62,15;-3,12;170679500;78,27;SAT;NEGATIF;AL;NEGATIF;AZALIYOR;SAT;SAT;NOTR;1;14.09.2026
BINBN;AL;EVET;60,7;20,9;18,2;21,6;0;0;ilimli;23,8;50,1;35,6;yukari;zayif;zayif;yukari;0,65;0,02;1;177,9;1,08;36352264;165,95;SAT;POZITIF;AL;POZITIF;AZALIYOR;AL;AL;NOTR;5;14.09.2026
ENKAI;AL;;60,6;19,8;24,3;16,5;8;0;ilimli;22,0;54,4;69,0;yukari;guclu;zayif;asagi;0,78;0,30;2;89,3;-2,14;1118254785;83,42;AL;POZITIF;AL;POZITIF;ARTIYOR;AL;SAT;NOTR;5;14.09.2026
SISE;AL;;60,5;20,1;27,0;13,4;0;0;zayif;28,8;57,3;74,4;yukari;guclu;yukselis;yukari;0,64;0,82;1;43,52;-3,25;2364715254;40,91;AL;POZITIF;AL;POZITIF;AZALIYOR;AL;SAT;NOTR;5;14.09.2026
IHYAY;AL;EVET;60,4;13,8;28,6;18,0;22;2;zayif;26,8;66,3;76,9;yukari;guclu;yukselis;asagi;5,43;0,90;2;1,36;9,68;20891247;1,17;AL;POZITIF;AL;POZITIF;ARTIYOR;AL;AL;UCUZ (AL);6;14.09.2026
IHLGM;izle;;59,9;12,5;29,4;18,0;0;0;zayif;23,6;69,4;82,8;yukari;guclu;yukselis;asagi;7,38;1,25;0;1,73;4,85;345439964;1,52;AL;POZITIF;AL;POZITIF;ARTIYOR;AL;AL;NOTR;6;14.09.2026
BORSK;izle;;59,5;28,4;18,9;12,2;0;0;zayif;35,3;47,9;59,4;yukari;guclu;yukselis;asagi;0,67;-0,01;0;6,27;-2,79;48461426;5,97;SAT;NEGATIF;AL;POZITIF;ARTIYOR;SAT;SAT;NOTR;2;14.09.2026
RGYAS;izle;;59,3;20,9;13,6;24,9;40;4;zayif;18,6;43,6;45,3;asagi;zayif;zayif;yukari;0,85;-0,48;2;198,9;-1,19;417111599;214,80;SAT;NEGATIF;NOTR;NEGATIF;AZALIYOR;SAT;AL;NOTR;1;14.09.2026
MRSHL;izle;;59,3;20,8;20,5;18,0;0;0;zayif;22,0;51,2;51,8;yukari;zayif;zayif;asagi;2,39;-0,01;1;1684;-5,82;162255084;1462,12;AL;POZITIF;AL;POZITIF;ARTIYOR;AL;SAT;NOTR;5;14.09.2026
FORTE;izle;;59,0;23,9;21,9;13,3;10;1;guclu trend;22,0;50,8;49,4;asagi;guclu;yukselis;yukari;0,75;0,55;2;118,2;2,69;174372068;130,93;SAT;POZITIF;AL;POZITIF;ARTIYOR;AL;AL;NOTR;5;14.09.2026
ANELE;izle;;57,8;22,4;19,4;16,0;0;0;guclu trend;33,2;44,6;67,8;asagi;guclu;yukselis;yukari;0,01;0,70;0;160;-9,96;16350080;204,84;SAT;NEGATIF;SAT;NEGATIF;ARTIYOR;SAT;SAT;PAHALI (SAT);0;14.09.2026
ANHYT;izle;;57,5;9,8;24,5;23,2;0;0;ilimli;13,8;54,7;70,1;asagi;guclu;zayif;yukari;0,87;0,47;2;108;-1,01;63440172;112,43;AL;POZITIF;NOTR;POZITIF;AZALIYOR;AL;SAT;NOTR;4;14.09.2026
DZGYO;izle;;57,4;15,3;24,9;17,2;0;0;zayif;25,8;55,6;73,0;yukari;guclu;yukselis;asagi;1,07;0,43;0;7,67;0,92;20052494;6,97;AL;POZITIF;AL;POZITIF;ARTIYOR;AL;SAT;NOTR;5;14.09.2026
TGSAS;izle;;56,8;20,7;20,1;16,0;0;0;ilimli;17,2;47,9;67,1;asagi;guclu;yukselis;yukari;0,23;0,29;1;208,5;-2,02;43348818;260,20;SAT;NEGATIF;NOTR;NEGATIF;AZALIYOR;SAT;SAT;NOTR;0;14.09.2026
LOGO;izle;;56,6;10,4;25,1;21,1;10;1;zayif;17,6;55,2;54,8;yukari;guclu;yukselis;asagi;1,02;0,49;0;139,5;-0,99;81509711;131,11;AL;POZITIF;NOTR;POZITIF;AZALIYOR;AL;SAT;NOTR;4;14.09.2026
YKBNK;izle;;56,3;24,7;22,0;9,5;22;2;ilimli;13,7;54,5;54,6;yukari;guclu;yukselis;yukari;0,57;0,64;1;36,64;-0,16;4829326736;34,06;SAT;POZITIF;NOTR;POZITIF;AZALIYOR;SAT;SAT;NOTR;2;14.09.2026
ATSYH;izle;;55,9;28,3;16,1;11,5;32;3;ilimli;14,3;46,3;61,3;yukari;zayif;zayif;yukari;0,42;0,29;1;117;-4,10;1998360;114,03;SAT;NEGATIF;NOTR;NEGATIF;AZALIYOR;SAT;SAT;NOTR;0;14.09.2026
VBTYZ;izle;;55,7;30,4;14,8;10,5;40;5;guclu trend;30,1;43,8;38,1;yukari;guclu;yukselis;yukari;0,43;0,06;2;33,88;-6,15;42744600;32,80;SAT;NEGATIF;SAT;NEGATIF;ARTIYOR;SAT;SAT;NOTR;0;14.09.2026
KRDMA;izle;;55,3;27,0;20,3;8,0;20;1;guclu trend;39,6;45,9;57,9;asagi;guclu;yukselis;yukari;0,28;0,44;4;50,8;-1,36;189058245;62,53;SAT;NEGATIF;AL;NEGATIF;AZALIYOR;SAT;SAT;NOTR;1;14.09.2026
NTGAZ;izle;;55,2;19,6;22,2;13,5;46;3;zayif;24,9;49,9;65,5;yukari;zayif;zayif;asagi;0,86;-0,21;3;11,25;-0,62;36395831;10,47;AL;NEGATIF;AL;NEGATIF;AZALIYOR;SAT;SAT;NOTR;2;14.09.2026
ANGEN;izle;;55,0;9,6;27,4;18,0;0;0;zayif;16,1;66,0;48,2;yukari;guclu;yukselis;asagi;2,64;1,18;2;9,82;9,97;43789688;8,71;AL;POZITIF;NOTR;POZITIF;ARTIYOR;AL;AL;NOTR;5;14.09.2026
YGGYO;izle;;54,8;21,0;16,7;17,1;0;0;zayif;12,4;47,3;55,2;yukari;zayif;zayif;yukari;0,48;-0,43;2;221,9;-0,85;14183182;215,58;SAT;NEGATIF;NOTR;NEGATIF;AZALIYOR;AL;AL;NOTR;2;14.09.2026
ISBTR;izle;;54,8;25,3;10,7;18,8;32;3;zayif;11,7;44,5;51,8;yukari;zayif;zayif;yukari;0,87;-0,39;1;490000;0,00;1960000;482449,90;SAT;NEGATIF;NOTR;NEGATIF;AZALIYOR;SAT;SAT;NOTR;0;14.09.2026
EYGYO;izle;;54,7;16,6;21,6;16,5;0;0;zayif;21,4;51,7;70,3;yukari;guclu;yukselis;asagi;0,85;0,40;2;2,65;-3,28;15468318;2,35;SAT;POZITIF;AL;NEGATIF;AZALIYOR;AL;AL;NOTR;4;14.09.2026
BIZIM;izle;;54,3;13,5;21,2;19,6;16;1;zayif;26,1;49,5;45,3;yukari;zayif;zayif;asagi;1,57;-0,39;3;24,58;-2,15;13650773;23,23;AL;NEGATIF;AL;POZITIF;ARTIYOR;AL;SAT;NOTR;4;14.09.2026
DIRIT;izle;;54,2;15,8;19,4;19,1;0;0;zayif;12,7;47,7;61,8;yukari;guclu;yukselis;yukari;0,33;0,06;2;25,72;0,39;485105;25,07;SAT;NEGATIF;NOTR;NEGATIF;ARTIYOR;SAT;SAT;NOTR;0;14.09.2026
MEPET;izle;;53,9;17,1;26,3;10,5;0;0;ilimli;11,9;54,7;57,3;yukari;guclu;yukselis;asagi;0,79;0,31;1;21,14;2,03;6465521;17,93;AL;POZITIF;NOTR;POZITIF;AZALIYOR;AL;SAT;NOTR;4;14.09.2026
ZOREN;izle;;53,8;15,0;20,8;18,0;0;0;zayif;42,1;52,2;62,9;yukari;zayif;zayif;asagi;1,55;-0,52;2;2,41;-2,43;252911876;2,20;AL;POZITIF;AL;POZITIF;ARTIYOR;AL;SAT;UCUZ (AL);5;14.09.2026
EREGL;izle;;53,8;14,6;20,0;19,3;0;0;zayif;16,1;50,0;54,5;asagi;zayif;zayif;yukari;0,60;-0,15;0;38,86;-1,37;3622655068;40,26;AL;POZITIF;NOTR;POZITIF;AZALIYOR;AL;SAT;NOTR;4;14.09.2026
GRTHO;izle;;53,7;11,5;25,3;17,0;0;0;zayif;20,9;57,8;54,4;yukari;guclu;yukselis;asagi;0,96;0,70;1;234,7;2,58;302718407;187,30;AL;POZITIF;AL;POZITIF;ARTIYOR;AL;AL;NOTR;6;14.09.2026
TOASO;izle;;53,6;19,5;24,0;10,1;0;0;ilimli;22,2;53,3;54,5;yukari;guclu;zayif;asagi;0,83;0,23;1;284,25;-5,17;877837052;263,78;AL;POZITIF;AL;POZITIF;ARTIYOR;AL;SAT;NOTR;5;14.09.2026
CANTE;izle;;53,5;15,0;26,6;11,9;8;0;zayif;35,4;55,4;63,8;yukari;guclu;yukselis;asagi;0,63;0,32;1;1,32;0,00;312116381;1,23;AL;POZITIF;AL;NEGATIF;AZALIYOR;SAT;SAT;UCUZ (AL);3;14.09.2026
ALCAR;izle;;53,5;11,6;23,9;18,0;0;0;zayif;21,1;61,6;86,9;yukari;zayif;zayif;asagi;2,16;0,78;0;754;3,93;73412456;664,39;AL;POZITIF;AL;POZITIF;ARTIYOR;AL;AL;NOTR;6;14.09.2026
MAALT;izle;;53,3;15,0;20,3;18,0;40;5;zayif;30,3;50,8;38,3;yukari;zayif;zayif;asagi;1,41;-0,56;2;1022;0,99;57226890;954,44;AL;POZITIF;AL;POZITIF;ARTIYOR;AL;AL;NOTR;6;14.09.2026
ASELS;izle;;53,1;28,7;11,9;12,5;0;0;zayif;17,2;42,9;40,1;yukari;zayif;zayif;asagi;1,12;-0,64;2;372,5;-5,40;13101256355;363,22;SAT;NEGATIF;NOTR;NEGATIF;ARTIYOR;SAT;SAT;NOTR;0;14.09.2026
BASGZ;izle;;52,8;11,9;22,8;18,1;22;2;zayif;25,6;54,4;62,5;asagi;zayif;zayif;asagi;1,04;-0,04;0;45,28;0,40;16990822;46,46;AL;POZITIF;AL;POZITIF;ARTIYOR;AL;AL;NOTR;6;14.09.2026
ATLAS;izle;;52,6;13,8;20,8;18,0;0;0;zayif;26,8;58,1;51,2;yukari;zayif;zayif;asagi;1,86;-0,00;0;6,82;9,82;9995078;5,53;AL;POZITIF;AL;POZITIF;ARTIYOR;AL;SAT;NOTR;5;14.09.2026
ISMEN;izle;;51,6;14,0;22,9;14,7;8;0;zayif;27,3;51,9;72,9;yukari;guclu;zayif;asagi;0,35;-0,07;1;34,96;-2,02;94086345;32,52;AL;POZITIF;AL;POZITIF;AZALIYOR;SAT;SAT;NOTR;4;14.09.2026
FMIZP;izle;;51,5;10,3;22,2;19,0;32;3;zayif;17,6;49,3;37,8;yukari;zayif;zayif;asagi;1,36;-0,13;2;292,75;-3,38;21970009;280,92;AL;NEGATIF;NOTR;NEGATIF;ARTIYOR;AL;AL;NOTR;3;14.09.2026
FROTO;izle;;51,2;13,4;24,5;13,3;32;3;zayif;25,9;55,7;55,7;yukari;guclu;yukselis;asagi;0,72;0,22;0;81,75;-1,33;1201781980;76,70;AL;POZITIF;AL;POZITIF;AZALIYOR;AL;SAT;NOTR;5;14.09.2026
HEKTS;izle;;48,8;12,3;18,5;18,0;0;0;zayif;23,2;49,3;35,9;yukari;zayif;zayif;asagi;1,42;-1,03;1;2,84;0,00;1818067123;2,59;AL;NEGATIF;AL;POZITIF;AZALIYOR;AL;SAT;NOTR;4;14.09.2026
BMSCH;izle;;48,6;14,6;16,0;18,0;0;0;zayif;28,9;45,8;56,3;yukari;zayif;zayif;asagi;2,22;-2,18;2;11,06;-4,66;52935814;10,06;AL;NEGATIF;AL;POZITIF;ARTIYOR;AL;AL;UCUZ (AL);5;14.09.2026
RUZYE;izle;;48,5;10,9;20,1;17,5;0;0;zayif;19,5;48,5;46,3;yukari;zayif;zayif;asagi;1,16;-0,65;2;8,83;-6,66;76823932;8,13;AL;NEGATIF;NOTR;POZITIF;ARTIYOR;AL;SAT;UCUZ (AL);3;14.09.2026
AGYO;izle;;48,5;4,9;25,2;18,3;20;1;zayif;19,2;59,1;52,4;asagi;guclu;yukselis;asagi;1,03;0,41;4;7,74;-0,51;2436978;7,83;AL;POZITIF;NOTR;POZITIF;ARTIYOR;AL;AL;NOTR;5;14.09.2026
MHRGY;izle;;48,2;11,8;20,0;16,3;10;1;zayif;21,9;51,0;59,8;yukari;zayif;zayif;asagi;1,15;-0,61;0;2,25;-2,60;17818664;2,07;AL;POZITIF;AL;POZITIF;AZALIYOR;AL;SAT;NOTR;5;14.09.2026
PRZMA;izle;;47,8;29,3;10,5;8,0;28;2;guclu trend;21,8;44,0;54,1;yukari;zayif;zayif;yukari;0,26;-0,20;3;70,75;-8,12;69749878;67,71;SAT;NEGATIF;SAT;NEGATIF;AZALIYOR;SAT;SAT;PAHALI (SAT);0;14.09.2026
CMBTN;izle;;47,4;6,4;22,5;18,5;0;0;zayif;28,5;52,9;59,0;asagi;zayif;zayif;asagi;1,49;0,07;2;1580;-2,47;53522500;1649,89;AL;POZITIF;AL;POZITIF;ARTIYOR;AL;AL;UCUZ (AL);6;14.09.2026
ETYAT;izle;;47,3;29,7;7,9;9,7;46;4;guclu trend;24,4;37,8;32,7;yukari;zayif;zayif;yukari;0,69;-0,44;3;13,8;-4,17;8493141;13,55;SAT;NEGATIF;SAT;NEGATIF;ARTIYOR;SAT;SAT;NOTR;0;14.09.2026
NUHCM;izle;;47,2;10,8;22,5;13,9;0;0;zayif;19,2;52,7;47,5;yukari;zayif;zayif;asagi;0,58;0,01;0;219,6;-1,17;8673761;204,30;AL;POZITIF;NOTR;POZITIF;AZALIYOR;AL;SAT;NOTR;4;14.09.2026
TSKB;izle;;47,1;1,1;25,5;20,5;0;0;zayif;14,9;57,4;63,6;asagi;guclu;yukselis;asagi;1,06;0,68;1;11,49;1,14;224007742;11,64;AL;POZITIF;NOTR;POZITIF;ARTIYOR;AL;SAT;NOTR;4;14.09.2026
BFREN;izle;;47,1;4,7;19,3;23,1;0;0;zayif;24,0;45,3;58,3;asagi;zayif;zayif;asagi;1,27;-0,89;1;127;-1,40;30753812;134,63;AL;NEGATIF;AL;NEGATIF;ARTIYOR;AL;SAT;UCUZ (AL);3;14.09.2026
DOKTA;izle;;46,7;12,5;22,4;11,7;10;1;zayif;23,6;50,3;50,4;yukari;guclu;zayif;asagi;0,80;-0,24;2;22,9;-2,30;15544108;21,43;AL;POZITIF;AL;POZITIF;ARTIYOR;AL;AL;NOTR;6;14.09.2026
DENGE;izle;;46,6;19,6;22,8;4,2;22;2;zayif;29,1;50,0;66,0;yukari;zayif;zayif;asagi;0,49;0,02;2;2,39;-2,05;28040778;2,22;AL;NEGATIF;AL;POZITIF;AZALIYOR;SAT;SAT;UCUZ (AL);3;14.09.2026
NIBAS;izle;;46,1;18,8;26,4;0,9;10;1;zayif;27,0;50,8;56,0;yukari;guclu;yukselis;asagi;0,28;-0,02;1;4,26;-3,62;41350197;3,94;AL;POZITIF;AL;POZITIF;AZALIYOR;SAT;SAT;NOTR;4;14.09.2026
OZYSR;izle;;46,1;19,1;15,2;11,8;0;0;zayif;20,5;44,6;47,4;yukari;zayif;zayif;asagi;0,83;-0,92;1;11,89;-4,50;25725715;11,14;AL;NEGATIF;SAT;POZITIF;ARTIYOR;SAT;SAT;NOTR;2;14.09.2026
GLRMK;izle;;45,9;7,1;24,5;14,3;32;3;zayif;25,6;51,0;51,2;asagi;guclu;yukselis;asagi;0,66;0,09;2;170,8;-3,50;497552527;178,38;AL;POZITIF;AL;POZITIF;AZALIYOR;AL;AL;NOTR;6;14.09.2026
LKMNH;izle;;45,7;7,0;18,2;20,5;18;0;zayif;40,2;49,7;73,4;asagi;zayif;zayif;asagi;3,11;-0,84;3;13,52;-0,52;101020047;13,89;AL;NEGATIF;AL;POZITIF;ARTIYOR;AL;AL;UCUZ (AL);5;14.09.2026
JANTS;izle;;45,6;15,0;26,9;3,7;40;4;zayif;42,5;55,8;37,0;yukari;guclu;yukselis;asagi;0,76;0,65;1;16,3;-2,22;72914448;15,25;AL;POZITIF;AL;POZITIF;AZALIYOR;AL;SAT;NOTR;5;14.09.2026
SONME;izle;;45,6;22,2;17,6;5,7;0;0;zayif;35,0;46,6;31,5;yukari;guclu;zayif;asagi;0,58;-0,07;2;134,4;-3,59;3589018;126,44;SAT;NEGATIF;AL;NEGATIF;AZALIYOR;SAT;AL;NOTR;2;14.09.2026
AKFIS;izle;;45,4;20,8;8,6;16,0;6;0;zayif;18,2;40,8;42,7;asagi;zayif;zayif;yukari;0,56;-0,43;3;15,32;-7,04;172890566;19,54;SAT;NEGATIF;NOTR;NEGATIF;ARTIYOR;SAT;SAT;PAHALI (SAT);0;14.09.2026
CUSAN;izle;;45,4;6,8;22,6;16,0;0;0;zayif;21,1;50,3;58,9;asagi;zayif;zayif;yukari;0,59;0,01;1;24,66;-1,36;14817158;27,24;AL;POZITIF;AL;POZITIF;AZALIYOR;AL;SAT;NOTR;5;14.09.2026
PGSUS;izle;;45,3;2,7;22,2;20,5;0;0;zayif;18,9;56,7;67,8;asagi;zayif;zayif;asagi;1,52;-0,11;1;156,6;1,56;2594474885;158,55;AL;POZITIF;NOTR;POZITIF;ARTIYOR;AL;AL;UCUZ (AL);5;14.09.2026
OBAMS;izle;;45,3;13,6;23,7;8,0;0;0;zayif;26,4;52,0;51,6;yukari;guclu;yukselis;asagi;0,54;-0,53;0;5,41;-0,92;148144448;4,83;AL;POZITIF;AL;NEGATIF;AZALIYOR;AL;AL;UCUZ (AL);5;14.09.2026
KOCMT;izle;;45,2;14,9;13,9;16,4;32;3;zayif;25,9;45,3;49,3;asagi;zayif;zayif;yukari;1,20;-0,67;2;4,15;9,79;322808999;4,76;SAT;NEGATIF;SAT;NEGATIF;ARTIYOR;AL;AL;NOTR;2;14.09.2026
HKTM;izle;;44,9;22,9;21,9;0,0;16;1;zayif;48,7;47,4;27,0;yukari;guclu;yukselis;asagi;0,49;-0,04;3;12,57;-0,95;108644471;12,25;SAT;NEGATIF;AL;NEGATIF;AZALIYOR;SAT;SAT;NOTR;1;14.09.2026
ARDYZ;izle;;44,8;22,4;11,6;10,7;0;0;guclu trend;33,1;42,0;38,8;asagi;zayif;zayif;yukari;0,86;-0,09;2;77,7;-3,42;315265963;91,95;SAT;NEGATIF;SAT;NEGATIF;AZALIYOR;SAT;SAT;NOTR;0;14.09.2026
VESBE;izle;;44,8;15,0;21,5;8,3;0;0;zayif;33,0;53,2;83,1;yukari;zayif;zayif;asagi;1,20;-0,22;2;5,76;-0,35;167567570;5,12;AL;POZITIF;AL;POZITIF;ARTIYOR;AL;SAT;UCUZ (AL);5;14.09.2026
KARTN;izle;;44,7;13,3;15,4;16,0;0;0;zayif;14,2;43,7;49,3;asagi;zayif;zayif;yukari;0,38;-0,75;1;160,7;-0,50;55218448;188,10;AL;NEGATIF;NOTR;NEGATIF;AZALIYOR;SAT;SAT;NOTR;1;14.09.2026
ISBIR;izle;;44,7;13,2;15,2;16,2;0;0;zayif;13,5;46,7;56,2;yukari;zayif;zayif;asagi;0,88;-0,58;1;71;0,71;1543966;70,46;SAT;NEGATIF;NOTR;NEGATIF;AZALIYOR;SAT;SAT;NOTR;0;14.09.2026
BRKVY;izle;;44,4;20,0;14,6;9,8;0;0;zayif;32,9;45,1;61,0;yukari;zayif;zayif;asagi;0,31;-0,68;1;80,65;-2,77;16472198;79,73;SAT;NEGATIF;AL;NEGATIF;AZALIYOR;SAT;SAT;UCUZ (AL);1;14.09.2026
TSPOR;izle;;44,3;12,7;15,5;16,0;10;1;zayif;28,7;44,7;37,2;asagi;zayif;zayif;yukari;0,69;-0,34;2;1,01;-2,88;291842417;1,14;SAT;NEGATIF;AL;NEGATIF;AZALIYOR;SAT;AL;NOTR;2;14.09.2026
TCKRC;izle;;44,2;21,8;9,7;12,6;0;0;guclu trend;25,3;40,4;32,2;asagi;zayif;zayif;yukari;0,98;-1,01;1;139;-1,42;358168945;157,71;SAT;NEGATIF;SAT;NEGATIF;AZALIYOR;SAT;AL;NOTR;1;14.09.2026
CCOLA;izle;;43,9;14,3;18,3;11,3;0;0;zayif;21,6;49,0;59,3;asagi;zayif;zayif;asagi;0,66;-0,52;1;80,65;0,56;306236115;84,19;AL;NEGATIF;SAT;POZITIF;AZALIYOR;AL;AL;NOTR;4;14.09.2026
BIOEN;izle;;43,7;18,2;17,4;8,2;0;0;zayif;20,9;47,1;48,0;yukari;guclu;zayif;asagi;0,50;-0,10;2;18,36;-4,97;90628650;17,84;SAT;NEGATIF;AL;NEGATIF;ARTIYOR;SAT;AL;NOTR;2;14.09.2026
KNFRT;izle;;43,6;14,4;16,3;12,9;10;0;zayif;15,6;47,3;54,4;yukari;zayif;zayif;asagi;0,99;-0,36;4;12,09;0,67;55382972;11,09;SAT;NEGATIF;NOTR;NEGATIF;AZALIYOR;SAT;SAT;NOTR;0;14.09.2026
ALGYO;izle;;43,5;10,2;22,8;10,4;32;3;zayif;17,7;52,0;55,9;yukari;guclu;yukselis;asagi;0,77;-1,01;0;3,7;-2,63;67803196;3,35;AL;POZITIF;NOTR;POZITIF;AZALIYOR;AL;SAT;NOTR;4;14.09.2026
RTALB;izle;;43,1;8,3;20,8;14,0;0;0;zayif;12,9;57,6;45,3;yukari;zayif;zayif;asagi;1,66;-0,23;2;3,03;9,78;66569909;2,68;AL;POZITIF;NOTR;POZITIF;ARTIYOR;AL;SAT;NOTR;4;14.09.2026
YIGIT;izle;;42,8;11,5;21,0;10,3;0;0;zayif;20,9;47,8;66,0;yukari;zayif;zayif;asagi;0,67;-0,58;1;21,66;-2,70;54397530;20,59;AL;NEGATIF;AL;NEGATIF;AZALIYOR;SAT;SAT;NOTR;2;14.09.2026
ARCLK;izle;;42,6;10,0;19,3;13,3;0;0;zayif;17,0;50,7;51,7;yukari;zayif;zayif;asagi;0,49;-0,85;1;94,35;-1,51;77434743;89,48;AL;POZITIF;NOTR;POZITIF;AZALIYOR;AL;SAT;NOTR;4;14.09.2026
AKSA;izle;;42,1;15,4;16,8;9,9;0;0;zayif;23,8;45,3;57,5;yukari;zayif;zayif;asagi;0,63;-1,17;0;11,09;-2,63;130703058;10,52;AL;NEGATIF;SAT;POZITIF;ARTIYOR;AL;SAT;NOTR;3;14.09.2026
YEOTK;izle;;41,6;14,9;16,7;10,0;10;0;zayif;16,8;46,5;58,1;asagi;zayif;zayif;asagi;2,76;-1,18;4;34,34;-0,29;1683408200;37,14;AL;NEGATIF;NOTR;POZITIF;ARTIYOR;AL;AL;NOTR;4;14.09.2026
TRGYO;izle;;41,3;20,9;14,6;5,8;0;0;zayif;17,2;46,1;55,3;yukari;zayif;zayif;asagi;0,43;-0,60;2;93,9;-0,63;54835534;91,22;SAT;NEGATIF;NOTR;NEGATIF;AZALIYOR;SAT;SAT;NOTR;0;14.09.2026
MAVI;izle;;40,8;2,3;18,1;20,4;0;0;zayif;28,9;48,5;48,3;asagi;zayif;zayif;asagi;1,16;-1,00;2;37,52;0,05;193460887;38,68;AL;NEGATIF;SAT;POZITIF;ARTIYOR;AL;AL;NOTR;4;14.09.2026
KRTEK;izle;;40,7;10,4;19,9;10,3;0;0;zayif;18,2;55,4;47,5;yukari;zayif;zayif;asagi;0,76;-0,29;2;5,81;0,17;4046328;4,98;AL;POZITIF;NOTR;POZITIF;ARTIYOR;AL;AL;UCUZ (AL);5;14.09.2026
IZMDC;izle;;40,6;22,4;8,2;10,0;28;2;zayif;29,7;39,0;27,6;asagi;zayif;zayif;asagi;1,41;-1,49;3;10,06;-7,02;167752522;12,29;SAT;NEGATIF;SAT;NEGATIF;ARTIYOR;SAT;AL;NOTR;1;14.09.2026
TTRAK;izle;;40,6;11,8;21,7;7,0;0;0;zayif;21,8;48,0;43,0;yukari;zayif;zayif;asagi;0,64;-0,37;2;426;-2,29;26082702;409,40;AL;NEGATIF;AL;NEGATIF;ARTIYOR;SAT;SAT;UCUZ (AL);2;14.09.2026
MTRKS;izle;;40,4;20,7;11,4;8,3;6;0;zayif;17,2;42,3;50,1;asagi;zayif;zayif;yukari;0,38;-0,38;3;29,96;-5,13;17980973;36,10;SAT;NEGATIF;NOTR;NEGATIF;AZALIYOR;SAT;SAT;NOTR;0;14.09.2026
ARMGD;izle;;40,0;20,9;4,1;15,0;28;2;zayif;18,7;33,7;52,8;asagi;zayif;zayif;asagi;1,12;-2,02;3;160,2;-10,00;241262001;208,56;SAT;NEGATIF;NOTR;NEGATIF;ARTIYOR;SAT;SAT;NOTR;0;14.09.2026
TURSG;izle;;39,8;7,2;20,2;12,5;6;0;zayif;12,5;49,0;57,5;asagi;zayif;zayif;asagi;0,62;-0,45;3;6,19;0,16;254012159;6,59;AL;NEGATIF;NOTR;POZITIF;AZALIYOR;AL;SAT;NOTR;3;14.09.2026
OYAKC;izle;;39,7;5,9;18,6;15,2;0;0;zayif;17,3;48,9;62,7;asagi;guclu;yukselis;asagi;0,40;0,12;2;21,78;-2,42;166168920;23,43;SAT;NEGATIF;NOTR;NEGATIF;AZALIYOR;SAT;SAT;NOTR;0;14.09.2026
AKMGY;izle;;39,6;13,9;10,9;14,8;6;0;zayif;12,2;41,4;51,9;yukari;zayif;zayif;asagi;1,11;-0,94;3;245;0,00;9456020;241,49;SAT;NEGATIF;NOTR;NEGATIF;AZALIYOR;SAT;SAT;NOTR;0;14.09.2026
ASGYO;izle;;39,5;2,3;20,8;16,4;0;0;zayif;14,7;51,2;61,9;asagi;zayif;zayif;asagi;1,08;-0,31;1;11,26;0,00;38954792;11,69;AL;POZITIF;NOTR;POZITIF;AZALIYOR;AL;SAT;NOTR;4;14.09.2026
BERA;izle;;39,3;12,6;18,7;8,0;0;0;zayif;23,7;46,9;52,5;yukari;zayif;zayif;asagi;0,50;-1,21;2;13,53;-3,01;52024947;12,71;AL;NEGATIF;AL;NEGATIF;AZALIYOR;SAT;SAT;NOTR;2;14.09.2026
GOODY;izle;;39,1;10,1;21,0;8,0;0;0;zayif;17,3;48,2;53,1;yukari;zayif;zayif;asagi;0,35;-0,51;0;2,67;-2,20;19409100;2,60;AL;NEGATIF;NOTR;POZITIF;AZALIYOR;SAT;SAT;NOTR;2;14.09.2026
MAGEN;izle;;39,0;0,2;18,7;20,1;32;3;zayif;13,4;49,2;63,6;asagi;zayif;zayif;asagi;1,43;-0,89;1;35,14;-2,39;912317155;37,68;AL;NEGATIF;NOTR;POZITIF;AZALIYOR;AL;SAT;NOTR;3;14.09.2026
ALTNY;izle;;38,9;21,4;15,2;2,2;0;0;zayif;14,8;45,1;49,7;yukari;zayif;zayif;asagi;0,47;-0,39;1;16,62;-4,97;242363975;16,42;SAT;NEGATIF;NOTR;NEGATIF;AZALIYOR;SAT;SAT;NOTR;0;14.09.2026
GRNYO;izle;;38,2;10,4;13,8;14,0;0;0;zayif;33,5;44,2;47,4;yukari;zayif;zayif;asagi;2,06;-2,21;2;12,5;-8,22;10609625;10,80;AL;NEGATIF;SAT;NEGATIF;ARTIYOR;AL;AL;NOTR;3;14.09.2026
DAGI;izle;;38,2;21,7;6,4;10,1;6;0;guclu trend;24,8;39,0;29,7;asagi;zayif;zayif;yukari;0,82;-0,97;3;8,96;-2,18;57003233;10,65;SAT;NEGATIF;SAT;NEGATIF;AZALIYOR;SAT;SAT;NOTR;0;14.09.2026
ESCAR;izle;;37,4;13,3;14,3;9,8;10;1;zayif;16,0;47,1;68,7;asagi;zayif;zayif;asagi;0,58;-0,62;2;44,5;2,20;86787594;48,26;SAT;NEGATIF;NOTR;POZITIF;AZALIYOR;SAT;AL;NOTR;2;14.09.2026
TCELL;izle;;36,9;3,6;20,4;12,9;0;0;zayif;21,3;51,2;55,3;asagi;zayif;zayif;asagi;0,46;-0,40;0;102,4;-1,25;1653375795;105,37;AL;POZITIF;AL;POZITIF;AZALIYOR;AL;SAT;NOTR;5;14.09.2026
ULKER;izle;;36,9;5,2;21,3;10,4;32;3;zayif;25,4;51,7;62,1;asagi;zayif;zayif;asagi;0,47;-0,70;2;93,2;-1,11;332643382;97,01;AL;POZITIF;AL;POZITIF;AZALIYOR;AL;SAT;NOTR;5;14.09.2026
MNDRS;izle;;36,9;9,7;16,8;10,3;6;0;zayif;24,1;48,1;52,6;asagi;guclu;zayif;asagi;1,03;-0,26;3;11,18;-0,36;41653728;12,36;SAT;NEGATIF;AL;NEGATIF;AZALIYOR;SAT;SAT;NOTR;1;14.09.2026
PCILT;izle;;36,8;19,8;7,4;9,6;6;0;zayif;14,2;41,5;29,0;yukari;zayif;zayif;asagi;1,27;-1,16;3;30,48;-2,93;95935556;29,53;SAT;NEGATIF;NOTR;NEGATIF;AZALIYOR;SAT;AL;NOTR;1;14.09.2026
SERNT;izle;;36,8;8,8;13,7;14,3;0;0;zayif;18,0;43,2;51,7;yukari;zayif;zayif;asagi;1,08;-1,40;2;7,93;-4,46;37009199;7,61;AL;NEGATIF;NOTR;NEGATIF;ARTIYOR;SAT;SAT;NOTR;1;14.09.2026
DMRGD;izle;;36,5;14,4;10,1;12,0;6;0;zayif;22,1;40,5;26,1;asagi;zayif;zayif;yukari;0,51;-0,89;3;10,5;0,38;170521029;12,14;SAT;NEGATIF;SAT;NEGATIF;AZALIYOR;SAT;SAT;NOTR;0;14.09.2026
OZGYO;izle;;36,3;10,6;17,8;8,0;0;0;zayif;27,5;45,2;37,6;asagi;zayif;zayif;asagi;0,62;-0,89;2;2,04;-1,45;19726771;2,25;AL;NEGATIF;AL;NEGATIF;AZALIYOR;SAT;SAT;NOTR;2;14.09.2026
OSTIM;izle;;36,2;1,9;23,4;10,8;0;0;zayif;17,0;58,7;53,0;asagi;guclu;zayif;asagi;0,87;-0,01;1;1,67;1,83;19188153;1,67;AL;POZITIF;NOTR;POZITIF;AZALIYOR;AL;AL;UCUZ (AL);5;14.09.2026
AFYON;izle;;35,9;2,1;19,8;14,0;16;1;zayif;17,3;47,0;42,9;asagi;zayif;zayif;asagi;0,75;-0,71;3;12,48;-0,32;15336809;13,12;AL;NEGATIF;NOTR;NEGATIF;AZALIYOR;SAT;AL;NOTR;2;14.09.2026
RUBNS;izle;;35,9;15,3;18,6;2,0;6;0;zayif;28,5;43,8;31,1;asagi;guclu;yukselis;asagi;0,82;-0,30;3;28,8;-1,30;59342458;33,81;SAT;NEGATIF;SAT;NEGATIF;AZALIYOR;SAT;AL;NOTR;1;14.09.2026
PRKME;izle;;35,8;12,8;15,0;8,0;0;0;zayif;24,4;47,3;69,7;yukari;zayif;zayif;asagi;0,36;-0,46;2;18,25;-0,22;22267975;16,36;SAT;NEGATIF;AL;NEGATIF;AZALIYOR;SAT;SAT;NOTR;1;14.09.2026
SUWEN;izle;;35,4;3,3;26,1;6,0;18;1;zayif;20,5;57,5;79,4;asagi;guclu;yukselis;asagi;0,33;0,38;1;6,9;0,00;18438111;7,06;AL;POZITIF;AL;POZITIF;AZALIYOR;AL;AL;UCUZ (AL);6;14.09.2026
GATEG;izle;;35,2;9,7;18,8;6,7;50;5;ilimli;21,2;52,3;47,9;asagi;zayif;zayif;asagi;0,58;0,17;4;292,5;6,36;2418975;297,49;SAT;POZITIF;SAT;NEGATIF;ARTIYOR;AL;AL;NOTR;3;14.09.2026
TUKAS;izle;;34,6;3,0;20,4;11,2;10;1;zayif;19,7;51,0;54,8;asagi;zayif;zayif;asagi;0,98;-0,71;2;2,04;0,00;127902804;2,11;AL;POZITIF;NOTR;POZITIF;ARTIYOR;AL;SAT;UCUZ (AL);4;14.09.2026
GSDHO;izle;;34,5;0,0;16,5;18,0;0;0;zayif;11,7;46,8;45,5;asagi;zayif;zayif;asagi;2,10;-1,30;1;4,71;1,29;120089075;4,97;AL;NEGATIF;NOTR;POZITIF;ARTIYOR;AL;SAT;NOTR;3;14.09.2026
EDATA;izle;;34,4;14,2;10,2;10,0;0;0;zayif;20,5;41,6;37,8;asagi;zayif;zayif;asagi;1,38;-0,97;2;17,27;5,24;90177170;19,32;SAT;NEGATIF;SAT;NEGATIF;ARTIYOR;SAT;AL;NOTR;1;14.09.2026
GLRYH;izle;;33,9;1,1;14,5;18,3;0;0;zayif;14,8;46,7;64,5;asagi;zayif;zayif;asagi;1,15;-0,98;1;3,04;1,33;30415720;3,34;SAT;NEGATIF;NOTR;NEGATIF;ARTIYOR;SAT;SAT;UCUZ (AL);0;14.09.2026
BRISA;izle;;33,9;1,6;17,4;14,9;0;0;zayif;16,2;46,7;38,2;asagi;zayif;zayif;asagi;1,02;-1,29;1;77,25;-1,53;13203416;80,47;AL;NEGATIF;NOTR;POZITIF;AZALIYOR;AL;SAT;NOTR;3;14.09.2026
OZKGY;izle;;33,6;12,5;11,3;9,8;0;0;zayif;23,6;43,5;50,8;yukari;zayif;zayif;asagi;0,37;-0,84;2;12,94;-1,45;25844117;12,25;SAT;NEGATIF;AL;NEGATIF;AZALIYOR;SAT;SAT;NOTR;1;14.09.2026
SANFM;izle;;33,0;14,4;4,1;14,5;0;0;zayif;22,2;36,8;41,2;asagi;zayif;zayif;asagi;1,09;-1,58;2;8,75;-3,63;55973978;10,30;SAT;NEGATIF;SAT;NEGATIF;AZALIYOR;SAT;AL;NOTR;1;14.09.2026
BLCYT;izle;;32,9;15,0;9,9;8,0;0;0;zayif;30,9;44,6;58,7;yukari;zayif;zayif;asagi;0,56;-1,38;1;2,02;-4,27;53681595;1,88;SAT;NEGATIF;AL;NEGATIF;AZALIYOR;SAT;SAT;UCUZ (AL);1;14.09.2026
DYOBY;izle;;32,9;14,7;9,7;8,5;40;5;zayif;29,2;43,2;53,1;yukari;zayif;zayif;asagi;0,44;-1,39;1;12,99;-2,33;13342666;12,37;SAT;NEGATIF;AL;NEGATIF;AZALIYOR;SAT;SAT;NOTR;1;14.09.2026
KAYSE;izle;;32,9;10,2;10,8;11,9;0;0;zayif;28,0;43,7;52,3;yukari;zayif;zayif;asagi;0,60;-1,12;1;3,94;-2,96;28995993;3,85;SAT;NEGATIF;SAT;NEGATIF;ARTIYOR;SAT;SAT;NOTR;0;14.09.2026
GARFA;izle;;32,9;1,6;22,3;8,9;0;0;zayif;10,7;53,0;63,6;asagi;zayif;zayif;asagi;1,11;-0,17;2;27,22;-1,16;34106633;28,47;AL;POZITIF;NOTR;NEGATIF;AZALIYOR;AL;AL;NOTR;4;14.09.2026
DURKN;izle;;32,7;25,0;7,0;0,7;22;2;zayif;22,4;40,4;43,2;yukari;zayif;zayif;asagi;0,42;-0,99;2;19,81;-2,03;17415407;19,66;SAT;NEGATIF;SAT;NEGATIF;AZALIYOR;SAT;SAT;NOTR;0;14.09.2026
PAPIL;izle;;32,5;12,1;12,4;8,0;0;0;zayif;22,6;45,4;63,0;yukari;zayif;zayif;asagi;0,43;-1,06;2;12,43;-2,97;43248184;11,65;SAT;NEGATIF;AL;NEGATIF;AZALIYOR;SAT;SAT;UCUZ (AL);1;14.09.2026
TATGD;izle;;32,4;10,5;19,1;2,7;6;0;zayif;9,8;47,8;57,5;asagi;zayif;zayif;asagi;0,40;-0,68;3;17,74;-0,50;18334272;19,05;AL;NEGATIF;NOTR;NEGATIF;AZALIYOR;AL;SAT;NOTR;2;14.09.2026
FZLGY;izle;;32,1;2,1;16,0;14,0;6;0;zayif;27,1;46,9;49,3;asagi;zayif;zayif;asagi;1,60;-2,00;3;9,41;3,52;322258887;9,66;AL;NEGATIF;SAT;NEGATIF;ARTIYOR;AL;AL;NOTR;3;14.09.2026
EGSER;izle;;32,1;2,8;19,4;9,9;22;2;zayif;19,2;45,0;60,4;asagi;zayif;zayif;asagi;0,81;-0,90;2;2,91;-1,36;4587260;3,13;AL;NEGATIF;NOTR;NEGATIF;AZALIYOR;SAT;SAT;NOTR;1;14.09.2026
BESLR;izle;;32,0;10,1;20,6;1,3;22;2;zayif;17,4;47,9;46,1;yukari;zayif;zayif;asagi;0,67;-0,62;2;12,91;-1,22;25871240;12,16;AL;NEGATIF;NOTR;POZITIF;AZALIYOR;SAT;SAT;NOTR;2;14.09.2026
DOCO;izle;;31,9;19,2;7,1;5,7;28;2;zayif;14,7;38,3;21,1;asagi;zayif;zayif;asagi;0,79;-1,13;3;10902,5;-2,07;31192053;11885,24;SAT;NEGATIF;NOTR;NEGATIF;ARTIYOR;SAT;SAT;NOTR;0;14.09.2026
GLCVY;izle;;31,7;2,1;19,6;10,0;10;1;zayif;17,4;48,5;42,7;asagi;zayif;zayif;asagi;0,55;-0,74;1;52;-1,89;17929704;55,12;AL;NEGATIF;NOTR;NEGATIF;AZALIYOR;AL;AL;UCUZ (AL);3;14.09.2026
VERUS;izle;;31,6;22,4;9,2;0,0;10;1;zayif;31,7;39,1;41,1;asagi;zayif;zayif;asagi;0,43;-1,19;1;543,5;-1,09;22642210;650,43;SAT;NEGATIF;SAT;NEGATIF;AZALIYOR;SAT;AL;NOTR;1;14.09.2026
YUNSA;izle;;31,4;2,4;11,0;18,0;0;0;zayif;29,9;35,0;40,3;asagi;zayif;zayif;asagi;1,39;-3,60;2;7,62;0,53;54887073;8,07;AL;NEGATIF;SAT;NEGATIF;AZALIYOR;AL;AL;NOTR;3;14.09.2026
ULAS;izle;;31,4;10,0;13,4;8,0;0;0;zayif;17,2;43,0;47,0;yukari;zayif;zayif;asagi;0,48;-1,73;1;21,16;-1,76;1995811;19,75;AL;NEGATIF;NOTR;POZITIF;AZALIYOR;SAT;SAT;UCUZ (AL);2;14.09.2026
TUCLK;izle;;31,3;15,0;11,9;4,4;0;0;zayif;31,8;44,8;34,4;yukari;zayif;zayif;asagi;0,45;-0,81;2;3,82;-1,55;16686150;3,67;SAT;NEGATIF;AL;NEGATIF;AZALIYOR;SAT;SAT;NOTR;1;14.09.2026
ADESE;izle;;31,3;7,0;13,4;10,8;6;0;zayif;31,2;43,1;48,7;asagi;zayif;zayif;asagi;1,91;-1,62;3;0,84;-1,18;203026390;0,93;AL;NEGATIF;AL;NEGATIF;ARTIYOR;SAT;SAT;UCUZ (AL);2;14.09.2026
BRYAT;izle;;31,0;0,6;16,5;13,9;0;0;zayif;13,5;46,4;46,9;asagi;zayif;zayif;asagi;0,90;-1,50;1;1689;-2,31;108315570;1780,06;AL;NEGATIF;NOTR;POZITIF;ARTIYOR;AL;AL;UCUZ (AL);4;14.09.2026
GLYHO;izle;;31,0;16,6;10,2;4,2;46;4;zayif;21,3;43,1;45,3;asagi;zayif;zayif;asagi;0,74;-0,85;3;16,4;-1,80;33375115;17,60;SAT;NEGATIF;AL;NEGATIF;AZALIYOR;SAT;SAT;NOTR;1;14.09.2026
BNTAS;izle;;30,9;13,3;10,6;7,0;50;4;zayif;25,7;42,8;44,0;yukari;zayif;zayif;asagi;0,82;-1,10;4;6,16;-2,07;19966309;5,97;SAT;NEGATIF;AL;NEGATIF;AZALIYOR;SAT;SAT;NOTR;1;14.09.2026
VAKFN;izle;;30,9;2,4;11,1;17,3;0;0;zayif;34,1;35,5;37,0;asagi;zayif;zayif;asagi;1,26;-2,90;1;1,12;-2,61;70532439;1,22;AL;NEGATIF;SAT;NEGATIF;ARTIYOR;SAT;SAT;UCUZ (AL);1;14.09.2026
SEKUR;izle;;30,8;13,8;7,0;10,0;6;0;zayif;17,9;38,8;24,2;asagi;zayif;zayif;asagi;2,32;-1,35;3;9,4;-2,49;48486920;11,31;SAT;NEGATIF;NOTR;NEGATIF;AZALIYOR;SAT;SAT;NOTR;0;14.09.2026
MACKO;izle;;30,6;8,8;16,6;5,2;6;0;zayif;14,2;47,4;70,9;yukari;guclu;zayif;asagi;0,39;-0,40;3;34,32;-0,17;15611756;31,82;SAT;NEGATIF;NOTR;POZITIF;ARTIYOR;SAT;SAT;NOTR;1;14.09.2026
BOSSA;izle;;30,5;8,4;11,0;11,1;0;0;zayif;13,0;44,0;36,4;yukari;zayif;zayif;asagi;0,51;-0,84;1;6,36;-2,75;6262151;6,19;SAT;NEGATIF;NOTR;NEGATIF;AZALIYOR;SAT;SAT;NOTR;0;14.09.2026
MERIT;izle;;30,5;0,0;17,9;12,6;0;0;zayif;9,4;47,4;58,4;asagi;zayif;zayif;asagi;0,97;-0,93;2;15,81;-1,62;27881299;16,57;AL;NEGATIF;NOTR;POZITIF;ARTIYOR;AL;AL;NOTR;4;14.09.2026
OTKAR;izle;;30,2;8,9;13,3;8,0;6;0;zayif;14,3;46,2;30,7;yukari;zayif;zayif;asagi;0,48;-1,10;3;313,5;-2,03;63764646;298,05;SAT;NEGATIF;NOTR;NEGATIF;AZALIYOR;SAT;SAT;UCUZ (AL);0;14.09.2026
BEYAZ;izle;;30,0;0,6;13,8;15,6;0;0;zayif;13,5;44,4;47,7;asagi;zayif;zayif;asagi;1,16;-1,58;1;22,46;-2,18;20943928;23,83;AL;NEGATIF;NOTR;NEGATIF;ARTIYOR;AL;SAT;NOTR;2;14.09.2026
KLNMA;izle;;29,9;8,0;14,9;7,0;0;0;zayif;10,2;44,7;28,3;yukari;zayif;zayif;asagi;1,02;-1,74;2;8,85;-0,45;1510828;8,79;AL;NEGATIF;NOTR;NEGATIF;AZALIYOR;SAT;SAT;NOTR;1;14.09.2026
AKSEN;izle;;29,6;9,7;11,9;8,0;0;0;zayif;19,8;38,1;57,8;asagi;zayif;zayif;asagi;0,61;-2,03;1;78,1;-2,38;346108897;88,25;AL;NEGATIF;NOTR;NEGATIF;AZALIYOR;SAT;SAT;NOTR;1;14.09.2026
ALTIN;izle;;29,3;7,9;15,5;5,9;0;0;zayif;18,9;45,6;38,4;asagi;guclu;zayif;asagi;0,65;-0,50;2;73,18;-1,77;904323167;78,61;SAT;NEGATIF;NOTR;NEGATIF;AZALIYOR;SAT;SAT;UCUZ (AL);0;14.09.2026
UNLU;izle;;29,3;2,4;12,5;14,4;6;0;zayif;33,7;39,9;30,7;asagi;zayif;zayif;asagi;1,08;-2,08;3;10,59;-0,28;11112182;11,30;AL;NEGATIF;SAT;NEGATIF;AZALIYOR;AL;AL;UCUZ (AL);3;14.09.2026
KFEIN;izle;;29,3;0,0;14,1;15,2;0;0;zayif;8,4;44,5;35,1;asagi;zayif;zayif;asagi;1,13;-1,41;1;8,08;0,87;37865159;8,78;AL;NEGATIF;NOTR;NEGATIF;ARTIYOR;AL;SAT;NOTR;2;14.09.2026
ASTOR;izle;;29,1;21,0;4,7;3,4;46;4;zayif;19,4;37,2;34,5;asagi;zayif;zayif;asagi;0,90;-1,64;3;282,5;-3,91;8566740463;332,66;SAT;NEGATIF;NOTR;NEGATIF;AZALIYOR;SAT;SAT;NOTR;0;14.09.2026
PSDTC;izle;;29,0;20,8;8,2;0,0;50;4;zayif;21,9;41,3;52,7;asagi;zayif;zayif;asagi;0,24;-0,71;4;141,7;-2,28;15033236;169,59;SAT;NEGATIF;AL;NEGATIF;AZALIYOR;SAT;SAT;NOTR;1;14.09.2026
CONSE;izle;;28,4;5,0;13,4;10,0;10;1;zayif;24,8;43,1;48,2;asagi;zayif;zayif;asagi;2,53;-1,71;2;2,25;-0,88;54489814;2,44;AL;NEGATIF;AL;NEGATIF;ARTIYOR;SAT;SAT;UCUZ (AL);2;14.09.2026
KLGYO;izle;;28,4;9,6;9,2;9,6;6;0;zayif;23,6;42,2;48,1;yukari;zayif;zayif;asagi;0,72;-1,09;3;4,56;-5,00;29855802;4,49;SAT;NEGATIF;SAT;NEGATIF;ARTIYOR;SAT;SAT;UCUZ (AL);0;14.09.2026
HATEK;izle;;28,4;11,9;16,5;0,0;0;0;zayif;22,0;45,2;41,6;yukari;zayif;zayif;asagi;0,38;-1,30;1;12,77;-0,31;12343788;11,49;AL;NEGATIF;AL;NEGATIF;AZALIYOR;SAT;SAT;NOTR;2;14.09.2026
EDIP;izle;;28,3;18,4;9,9;0,0;46;5;zayif;31,5;44,3;74,5;yukari;zayif;zayif;asagi;0,33;-0,87;3;34,96;-1,96;27351970;32,84;SAT;NEGATIF;AL;NEGATIF;AZALIYOR;SAT;SAT;NOTR;1;14.09.2026
DUNYH;izle;;28,2;5,4;4,7;18,0;42;3;zayif;35,5;27,4;8,9;asagi;zayif;zayif;asagi;2,74;-2,57;4;111,9;0,45;352888735;142,42;SAT;NEGATIF;SAT;NEGATIF;ARTIYOR;SAT;AL;NOTR;1;14.09.2026
IZFAS;izle;;28,0;3,7;6,3;18,0;0;0;zayif;17,0;37,2;55,8;asagi;zayif;zayif;asagi;1,53;-2,34;2;46,94;-9,99;458886989;63,36;SAT;NEGATIF;NOTR;NEGATIF;ARTIYOR;SAT;SAT;NOTR;0;14.09.2026
BINHO;izle;;27,7;7,0;15,5;5,3;0;0;zayif;14,1;47,7;60,7;asagi;zayif;zayif;asagi;0,57;-0,30;2;9,82;-1,21;189130804;11,00;SAT;NEGATIF;NOTR;POZITIF;AZALIYOR;AL;AL;NOTR;3;14.09.2026
BANVT;izle;;27,7;2,1;13,1;12,5;0;0;zayif;17,4;41,9;46,2;asagi;zayif;zayif;asagi;0,96;-1,51;2;150;-2,60;13764600;159,85;AL;NEGATIF;NOTR;NEGATIF;AZALIYOR;AL;AL;NOTR;3;14.09.2026
HLGYO;izle;;27,6;15,0;12,6;0,0;38;3;zayif;32,4;40,2;65,1;yukari;zayif;zayif;asagi;0,52;-2,62;3;4,33;-3,35;73202417;4,16;AL;NEGATIF;AL;NEGATIF;AZALIYOR;SAT;SAT;NOTR;2;14.09.2026
VKGYO;izle;;27,0;2,5;14,0;10,5;0;0;zayif;18,5;43,9;51,4;asagi;zayif;zayif;asagi;0,73;-1,56;1;1,91;-2,05;38697828;2,01;AL;NEGATIF;NOTR;NEGATIF;ARTIYOR;AL;SAT;NOTR;2;14.09.2026
QUAGR;izle;;26,9;0,4;8,5;18,0;0;0;zayif;13,1;40,0;60,8;asagi;zayif;zayif;asagi;1,31;-1,99;1;3,05;0,66;177599514;3,43;SAT;NEGATIF;NOTR;NEGATIF;ARTIYOR;AL;AL;NOTR;2;14.09.2026
SILVR;izle;;26,9;0,2;12,7;14,0;6;0;zayif;13,2;40,8;38,9;asagi;zayif;zayif;asagi;1,40;-1,70;3;2,18;0,93;3361588;2,36;AL;NEGATIF;NOTR;NEGATIF;AZALIYOR;SAT;SAT;UCUZ (AL);1;14.09.2026
RNPOL;izle;;26,8;11,6;9,0;6,2;32;2;zayif;16,3;40,8;30,9;yukari;zayif;zayif;asagi;0,82;-1,40;5;2,23;-3,46;5495222;2,19;SAT;NEGATIF;NOTR;NEGATIF;AZALIYOR;SAT;AL;NOTR;1;14.09.2026
SKBNK;izle;;26,7;6,2;12,3;8,2;18;1;zayif;27,9;39,5;60,1;asagi;zayif;zayif;asagi;0,71;-5,97;1;6,48;-0,15;654436837;7,12;AL;NEGATIF;AL;POZITIF;AZALIYOR;AL;AL;NOTR;5;14.09.2026
TRILC;izle;;26,7;10,4;12,2;4,0;0;0;zayif;34,6;39,0;34,3;yukari;zayif;zayif;asagi;0,70;-6,27;1;1,06;0,95;2982010;1,03;AL;NEGATIF;SAT;NEGATIF;AZALIYOR;AL;SAT;UCUZ (AL);2;14.09.2026
AKENR;izle;;26,6;3,8;14,8;8,0;10;1;zayif;21,9;43,8;56,4;asagi;zayif;zayif;asagi;0,56;-1,29;2;10,16;-3,24;50436109;11,26;AL;NEGATIF;AL;NEGATIF;AZALIYOR;SAT;SAT;NOTR;2;14.09.2026
EMNIS;izle;;26,5;8,2;13,3;5,0;0;0;zayif;13,6;45,6;35,2;yukari;zayif;zayif;asagi;0,64;-1,08;2;154;0,33;583044;150,46;SAT;NEGATIF;NOTR;NEGATIF;ARTIYOR;SAT;SAT;NOTR;0;14.09.2026
EKIZ;izle;;26,5;2,4;14,0;10,1;0;0;zayif;34,7;44,9;58,7;asagi;zayif;zayif;asagi;1,06;-2,95;1;59,65;2,76;790780;61,69;AL;NEGATIF;SAT;NEGATIF;AZALIYOR;AL;AL;UCUZ (AL);3;14.09.2026
PAGYO;izle;;26,2;12,6;3,5;10,0;10;0;zayif;19,8;32,0;18,2;asagi;zayif;zayif;asagi;2,65;-2,89;4;132,2;-3,92;45544090;150,33;SAT;NEGATIF;NOTR;NEGATIF;ARTIYOR;SAT;SAT;NOTR;0;14.09.2026
DERHL;izle;;26,1;2,0;13,9;10,2;0;0;zayif;17,2;44,7;47,9;asagi;zayif;zayif;asagi;0,83;-1,90;1;2,11;1,44;27631338;2,28;AL;NEGATIF;NOTR;POZITIF;AZALIYOR;AL;AL;NOTR;4;14.09.2026
USHOL;izle;;26,0;13,8;8,3;4,0;40;4;zayif;17,5;38,1;52,1;asagi;zayif;zayif;asagi;0,69;-1,34;0;72,75;-2,74;26216263;88,97;SAT;NEGATIF;NOTR;NEGATIF;AZALIYOR;SAT;AL;NOTR;1;14.09.2026
BRKSN;izle;;26,0;8,7;11,7;5,5;10;0;zayif;17,4;44,0;27,5;yukari;zayif;zayif;asagi;0,59;-0,84;4;7,73;-0,51;1629229;7,34;SAT;NEGATIF;NOTR;NEGATIF;AZALIYOR;SAT;SAT;NOTR;0;14.09.2026
TSGYO;izle;;25,8;9,5;8,3;8,0;10;1;zayif;16,0;42,9;70,1;yukari;zayif;zayif;asagi;0,28;-1,65;2;5,7;-2,23;5569641;5,50;SAT;NEGATIF;NOTR;NEGATIF;AZALIYOR;SAT;SAT;UCUZ (AL);0;14.09.2026
MMCAS;izle;;25,6;2,3;11,0;12,2;0;0;zayif;29,1;35,0;49,5;asagi;zayif;zayif;asagi;0,95;-4,21;2;43,2;-10,00;1746576;53,79;AL;NEGATIF;SAT;NEGATIF;ARTIYOR;SAT;SAT;UCUZ (AL);1;14.09.2026
SAYAS;izle;;25,5;17,4;8,1;0,0;0;0;zayif;20,2;40,6;31,2;asagi;zayif;zayif;asagi;0,58;-0,94;0;51,2;-4,83;76984320;61,63;SAT;NEGATIF;SAT;NEGATIF;AZALIYOR;SAT;SAT;NOTR;0;14.09.2026
DESPC;izle;;25,5;2,5;15,0;8,0;0;0;zayif;18,4;45,0;58,6;asagi;zayif;zayif;asagi;0,37;-1,08;1;39,46;-1,69;8321640;44,84;AL;NEGATIF;NOTR;NEGATIF;AZALIYOR;SAT;SAT;NOTR;1;14.09.2026
CEMAS;izle;;25,4;4,2;13,3;8,0;0;0;zayif;22,8;45,0;47,2;asagi;zayif;zayif;asagi;0,32;-1,15;0;4,09;-2,39;20747073;4,52;SAT;NEGATIF;AL;NEGATIF;AZALIYOR;SAT;SAT;NOTR;1;14.09.2026
POLTK;izle;;25,4;1,4;12,0;12,0;0;0;zayif;15,5;38,2;39,1;asagi;zayif;zayif;asagi;0,94;-2,39;1;4107,5;-0,96;21728675;4459,83;AL;NEGATIF;NOTR;NEGATIF;AZALIYOR;AL;AL;UCUZ (AL);3;14.09.2026
AKCNS;izle;;25,3;18,3;1,1;5,9;16;1;zayif;18,6;27,9;37,2;asagi;zayif;zayif;asagi;0,91;-2,84;3;214,6;-2,68;74925229;243,42;SAT;NEGATIF;NOTR;NEGATIF;ARTIYOR;SAT;SAT;NOTR;0;14.09.2026
ODAS;izle;;25,2;11,3;13,9;0,0;40;4;zayif;16,9;43,1;65,7;asagi;zayif;zayif;asagi;0,59;-1,29;2;7,21;-2,57;234444225;7,86;AL;NEGATIF;NOTR;NEGATIF;AZALIYOR;SAT;SAT;NOTR;1;14.09.2026
GEREL;izle;;25,1;13,5;7,1;4,4;28;2;zayif;15,9;39,8;45,4;asagi;zayif;zayif;asagi;0,96;-1,37;3;35,86;-0,94;210040340;42,71;SAT;NEGATIF;NOTR;NEGATIF;AZALIYOR;SAT;SAT;NOTR;0;14.09.2026
PRKAB;izle;;24,5;11,3;13,2;0,0;0;0;zayif;20,4;42,5;66,2;yukari;zayif;zayif;asagi;0,39;-1,96;1;31,14;-2,14;12072698;29,97;AL;NEGATIF;AL;POZITIF;AZALIYOR;AL;SAT;NOTR;4;14.09.2026
AYEN;izle;;24,5;3,2;13,3;8,0;0;0;zayif;12,6;42,5;45,7;asagi;zayif;zayif;asagi;0,49;-1,78;1;30,68;-1,86;10361495;33,17;AL;NEGATIF;NOTR;NEGATIF;AZALIYOR;AL;SAT;NOTR;2;14.09.2026
PSGYO;izle;;24,4;7,5;8,4;8,5;0;0;zayif;14,7;39,7;25,1;asagi;zayif;zayif;asagi;0,73;-1,61;2;3,07;-1,60;275369744;3,47;SAT;NEGATIF;NOTR;NEGATIF;AZALIYOR;AL;AL;NOTR;2;14.09.2026
DESA;izle;;24,4;8,3;8,1;8,0;0;0;zayif;13,9;42,6;54,7;yukari;zayif;zayif;asagi;0,36;-1,55;2;9,56;-2,25;12197747;9,23;SAT;NEGATIF;NOTR;NEGATIF;ARTIYOR;SAT;SAT;NOTR;0;14.09.2026
ESCOM;izle;;24,4;11,9;8,4;4,0;32;3;zayif;17,0;39,8;36,7;asagi;zayif;zayif;asagi;0,50;-1,65;2;5,17;-2,08;52400902;5,69;SAT;NEGATIF;NOTR;NEGATIF;AZALIYOR;AL;AL;NOTR;2;14.09.2026
VANGD;izle;;24,3;14,3;8,0;2,0;6;0;zayif;21,3;37,2;12,4;asagi;zayif;zayif;asagi;0,76;-1,36;3;87,7;-0,68;12489796;99,94;SAT;NEGATIF;SAT;NEGATIF;AZALIYOR;SAT;SAT;NOTR;0;14.09.2026
KIMMR;izle;;24,3;2,4;10,4;11,4;0;0;zayif;36,9;33,0;33,8;asagi;zayif;zayif;asagi;0,90;-3,76;1;13,02;0,08;10877754;13,88;AL;NEGATIF;SAT;NEGATIF;AZALIYOR;AL;AL;NOTR;3;14.09.2026
INTEM;izle;;24,2;10,8;6,8;6,7;0;0;zayif;19,1;39,2;32,9;yukari;zayif;zayif;asagi;0,63;-1,73;1;238,6;-3,09;7367968;237,10;SAT;NEGATIF;NOTR;NEGATIF;AZALIYOR;SAT;SAT;NOTR;0;14.09.2026
MOBTL;izle;;24,2;10,4;13,0;0,8;10;0;zayif;11,0;41,7;42,4;asagi;zayif;zayif;asagi;0,75;-1,64;5;12,6;-4,18;33262400;14,33;AL;NEGATIF;NOTR;NEGATIF;ARTIYOR;SAT;SAT;NOTR;1;14.09.2026
ALKIM;izle;;24,0;1,3;18,0;4,7;0;0;zayif;15,4;47,9;42,1;asagi;zayif;zayif;asagi;0,50;-1,06;0;15,76;-1,44;14008244;16,48;AL;NEGATIF;NOTR;POZITIF;AZALIYOR;AL;SAT;NOTR;3;14.09.2026
QNBTR;izle;;23,9;2,4;10,5;11,0;10;0;zayif;47,7;33,2;26,4;asagi;zayif;zayif;asagi;1,12;-5,90;4;181;-1,74;2302863;189,30;AL;NEGATIF;SAT;NEGATIF;ARTIYOR;AL;SAT;UCUZ (AL);2;14.09.2026
AVHOL;izle;;23,9;1,6;12,6;9,8;0;0;zayif;23,8;40,2;52,3;asagi;zayif;zayif;asagi;0,81;-2,19;2;34,54;-0,40;52548258;36,64;AL;NEGATIF;SAT;NEGATIF;ARTIYOR;AL;AL;NOTR;3;14.09.2026
VRGYO;izle;;23,9;0,4;12,4;11,1;0;0;zayif;15,2;39,6;58,9;asagi;zayif;zayif;asagi;0,88;-2,32;1;1,73;-3,89;18410473;1,86;AL;NEGATIF;NOTR;NEGATIF;ARTIYOR;SAT;SAT;UCUZ (AL);1;14.09.2026
AKYHO;izle;;23,8;0,8;12,9;10,0;6;0;zayif;18,2;41,4;22,4;asagi;zayif;zayif;asagi;2,28;-1,65;3;2,08;-5,88;7726349;2,27;AL;NEGATIF;NOTR;NEGATIF;ARTIYOR;AL;SAT;UCUZ (AL);2;14.09.2026
NATEN;izle;;23,5;0,6;12,6;10,3;0;0;zayif;16,3;40,4;54,5;asagi;zayif;zayif;asagi;0,84;-2,56;2;5,26;-2,41;36153768;5,59;AL;NEGATIF;NOTR;NEGATIF;ARTIYOR;AL;SAT;UCUZ (AL);2;14.09.2026
CVKMD;izle;;23,4;19,2;3,8;0,4;6;0;zayif;13,4;33,9;40,1;asagi;zayif;zayif;asagi;0,51;-2,08;3;14,18;-5,97;224538244;16,57;SAT;NEGATIF;NOTR;NEGATIF;ARTIYOR;SAT;SAT;NOTR;0;14.09.2026
MGROS;izle;;23,4;2,4;12,8;8,1;6;0;zayif;36,0;41,1;64,1;asagi;zayif;zayif;asagi;0,70;-2,92;3;538,5;-1,64;1274407638;568,11;AL;NEGATIF;SAT;POZITIF;AZALIYOR;AL;AL;NOTR;4;14.09.2026
BLUME;izle;;23,3;6,2;9,2;8,0;16;1;zayif;20,6;40,4;25,5;asagi;zayif;zayif;asagi;0,27;-0,69;3;36,26;-2,05;32543821;44,04;SAT;NEGATIF;SAT;NEGATIF;AZALIYOR;SAT;AL;UCUZ (AL);1;14.09.2026
KRVGD;izle;;23,3;2,4;13,3;7,6;0;0;zayif;40,3;42,5;53,9;asagi;zayif;zayif;asagi;0,91;-2,33;1;2,3;-0,86;22375920;2,40;AL;NEGATIF;SAT;POZITIF;AZALIYOR;AL;SAT;NOTR;3;14.09.2026
ALKA;izle;;23,2;0,4;13,9;8,9;32;3;zayif;13,1;44,7;53,5;asagi;zayif;zayif;asagi;0,66;-1,85;1;8,08;-2,30;14546448;8,61;AL;NEGATIF;NOTR;NEGATIF;AZALIYOR;AL;SAT;UCUZ (AL);2;14.09.2026
MARBL;izle;;23,1;0,2;8,4;14,6;16;1;zayif;13,7;40,9;46,3;asagi;zayif;zayif;asagi;0,99;-1,32;3;12;-1,56;16282536;13,00;SAT;NEGATIF;NOTR;NEGATIF;AZALIYOR;SAT;SAT;NOTR;0;14.09.2026
KLMSN;izle;;23,1;8,9;6,4;7,8;16;1;zayif;18,9;36,7;34,5;yukari;zayif;zayif;asagi;1,17;-2,40;3;27,22;-3,48;19642823;26,86;SAT;NEGATIF;NOTR;NEGATIF;ARTIYOR;SAT;SAT;NOTR;0;14.09.2026
NUGYO;izle;;23,1;0,7;19,3;3,1;0;0;zayif;17,2;45,9;35,6;asagi;zayif;zayif;asagi;0,61;-0,82;0;9,01;-1,21;10228431;9,70;AL;NEGATIF;NOTR;POZITIF;ARTIYOR;SAT;SAT;NOTR;2;14.09.2026
MERCN;izle;;23,1;1,4;13,7;8,0;0;0;zayif;22,2;43,9;43,9;asagi;zayif;zayif;asagi;0,58;-1,82;0;18,4;-2,95;46079856;19,80;AL;NEGATIF;SAT;POZITIF;AZALIYOR;AL;SAT;NOTR;3;14.09.2026
EUPWR;izle;;23,0;15,4;7,5;0,0;10;1;zayif;29,9;36,7;41,0;asagi;zayif;zayif;asagi;0,62;-2,39;2;72;-1,91;1048182696;88,15;SAT;NEGATIF;SAT;NEGATIF;AZALIYOR;SAT;AL;NOTR;1;14.09.2026
ADEL;izle;;22,6;5,0;9,6;8,0;10;1;zayif;24,9;42,7;28,8;asagi;zayif;zayif;asagi;0,45;-1,02;2;31;-3,55;74747634;36,26;SAT;NEGATIF;AL;NEGATIF;ARTIYOR;SAT;SAT;NOTR;1;14.09.2026
DOFER;izle;;22,6;8,2;6,5;8,0;0;0;zayif;13,1;37,5;49,6;yukari;zayif;zayif;asagi;0,69;-2,56;1;27,1;-2,24;8720075;27,00;SAT;NEGATIF;NOTR;NEGATIF;AZALIYOR;SAT;SAT;UCUZ (AL);0;14.09.2026
PKENT;izle;;22,6;3,1;11,5;8,0;10;1;zayif;20,0;36,7;46,7;asagi;zayif;zayif;asagi;0,69;-2,88;2;121,2;-1,38;9937309;130,67;AL;NEGATIF;NOTR;NEGATIF;AZALIYOR;SAT;SAT;UCUZ (AL);1;14.09.2026
BRLSM;izle;;22,5;15,3;7,2;0,0;0;0;zayif;21,9;41,7;38,0;asagi;zayif;zayif;asagi;0,39;-0,97;2;16,82;-3,39;121123578;22,35;SAT;NEGATIF;AL;NEGATIF;AZALIYOR;SAT;SAT;NOTR;1;14.09.2026
CLEBI;izle;;22,4;0,3;14,0;8,1;10;0;zayif;12,8;42,5;40,8;asagi;zayif;zayif;asagi;0,98;-1,98;4;1445;-1,23;29502565;1536,13;AL;NEGATIF;NOTR;NEGATIF;AZALIYOR;SAT;SAT;NOTR;1;14.09.2026
ASUZU;izle;;22,4;2,4;16,0;4,0;6;0;zayif;18,2;45,1;43,8;asagi;zayif;zayif;asagi;0,54;-2,22;3;48,08;-0,08;9289104;50,06;AL;NEGATIF;NOTR;POZITIF;AZALIYOR;AL;SAT;NOTR;3;14.09.2026
SKTAS;izle;;22,4;3,1;19,3;0,0;0;0;zayif;20,0;47,2;68,4;asagi;zayif;zayif;asagi;0,58;-0,68;2;3,22;-0,62;33434001;3,49;AL;NEGATIF;NOTR;POZITIF;AZALIYOR;SAT;SAT;NOTR;2;14.09.2026
VAKKO;izle;;22,4;0,9;19,2;2,3;0;0;zayif;14,3;47,2;56,1;asagi;zayif;zayif;asagi;0,56;-0,77;0;66,9;0,45;7507050;72,32;AL;NEGATIF;NOTR;POZITIF;ARTIYOR;AL;SAT;NOTR;3;14.09.2026
VKING;izle;;22,4;2,4;11,0;8,9;0;0;zayif;39,0;35,1;57,7;asagi;zayif;zayif;asagi;0,99;-2,63;1;20,48;0,20;6987428;22,35;AL;NEGATIF;SAT;NEGATIF;AZALIYOR;AL;SAT;UCUZ (AL);2;14.09.2026
LINK;izle;;22,3;2,3;10,6;9,4;22;2;zayif;29,2;33,6;57,7;asagi;zayif;zayif;asagi;0,78;-3,23;1;5,13;-3,39;57892542;5,77;AL;NEGATIF;SAT;NEGATIF;AZALIYOR;AL;SAT;NOTR;2;14.09.2026
YAYLA;izle;;22,1;7,0;15,1;0,0;32;3;zayif;40,0;44,8;57,4;asagi;zayif;zayif;asagi;0,38;-1,00;1;21,5;-2,98;9412851;24,12;AL;NEGATIF;AL;POZITIF;AZALIYOR;SAT;SAT;UCUZ (AL);3;14.09.2026
GOKNR;izle;;22,0;0,8;12,8;8,4;0;0;zayif;17,7;40,9;54,3;asagi;zayif;zayif;asagi;0,97;-2,96;2;17,87;-0,17;117168300;19,02;AL;NEGATIF;NOTR;POZITIF;AZALIYOR;AL;SAT;NOTR;3;14.09.2026
BYDNR;izle;;21,9;7,6;8,3;6,1;0;0;zayif;21,8;39,3;29,8;asagi;zayif;zayif;asagi;0,61;-1,61;1;35,4;1,43;15768470;39,53;SAT;NEGATIF;SAT;NEGATIF;AZALIYOR;AL;AL;NOTR;2;14.09.2026
ISSEN;izle;;21,9;5,2;14,8;1,9;10;1;zayif;25,4;42,0;66,1;asagi;zayif;zayif;asagi;0,41;-1,29;2;6,84;-1,01;3519406;7,43;AL;NEGATIF;AL;NEGATIF;AZALIYOR;SAT;SAT;NOTR;2;14.09.2026
SEYKM;izle;;21,8;0,6;12,2;9,0;6;0;zayif;16,8;38,9;30,1;asagi;zayif;zayif;asagi;1,00;-1,77;3;4,28;-3,39;5593609;4,71;AL;NEGATIF;NOTR;NEGATIF;ARTIYOR;AL;SAT;NOTR;2;14.09.2026
ISGYO;izle;;21,6;10,6;6,9;4,2;46;4;zayif;23,9;34,5;43,4;asagi;zayif;zayif;asagi;0,64;-1,52;3;23,48;-0,09;28736937;26,59;SAT;NEGATIF;SAT;NEGATIF;AZALIYOR;SAT;SAT;NOTR;0;14.09.2026
ANSGR;izle;;21,5;6,3;10,1;5,1;28;2;zayif;17,9;41,9;41,5;asagi;zayif;zayif;asagi;0,52;-1,26;3;26,6;0,38;54129191;28,02;SAT;NEGATIF;NOTR;NEGATIF;AZALIYOR;AL;AL;NOTR;2;14.09.2026
MTRYO;izle;;21,5;2,1;17,8;1,5;20;1;zayif;17,4;48,9;34,1;asagi;zayif;zayif;asagi;0,79;-0,73;4;8,97;-0,22;1984846;9,63;AL;NEGATIF;NOTR;POZITIF;AZALIYOR;AL;AL;NOTR;4;14.09.2026
AKSUE;izle;;21,4;5,4;5,9;10,0;0;0;zayif;39,2;31,4;27,2;asagi;zayif;zayif;asagi;1,57;-3,62;1;28,76;4,96;138805711;34,49;SAT;NEGATIF;SAT;NEGATIF;ARTIYOR;AL;AL;NOTR;2;14.09.2026
DAPGM;izle;;21,3;0,5;12,9;8,0;0;0;zayif;13,2;41,2;46,9;asagi;zayif;zayif;asagi;0,59;-2,00;1;7,8;-4,88;400590949;9,11;AL;NEGATIF;NOTR;NEGATIF;AZALIYOR;AL;SAT;UCUZ (AL);2;14.09.2026
MOGAN;izle;;21,3;5,4;5,9;10,0;38;3;zayif;35,4;31,2;19,6;asagi;zayif;zayif;asagi;2,81;-2,81;3;13,34;-9,62;771299991;16,61;SAT;NEGATIF;SAT;NEGATIF;ARTIYOR;AL;AL;NOTR;2;14.09.2026
PENGD;izle;;21,1;2,0;12,3;6,8;0;0;zayif;27,1;39,4;42,9;asagi;zayif;zayif;asagi;0,87;-2,81;2;9,06;-3,51;19769953;9,59;AL;NEGATIF;SAT;POZITIF;ARTIYOR;AL;SAT;NOTR;3;14.09.2026
CIMSA;izle;;20,9;0,1;17,1;3,7;0;0;zayif;12,6;45,5;53,6;asagi;zayif;zayif;asagi;0,49;-1,33;2;44,84;-1,80;173559722;47,19;AL;NEGATIF;NOTR;POZITIF;AZALIYOR;AL;SAT;NOTR;3;14.09.2026
KONTR;izle;;20,7;2,4;13,0;5,3;0;0;zayif;35,5;41,6;28,0;asagi;zayif;zayif;asagi;0,78;-5,60;2;3,48;-0,57;10534169;3,56;AL;NEGATIF;SAT;NEGATIF;AZALIYOR;AL;AL;UCUZ (AL);3;14.09.2026
HRKET;izle;;20,6;3,8;6,8;10,0;6;0;zayif;18,1;34,4;22,4;asagi;zayif;zayif;asagi;1,34;-2,26;3;81,65;1,30;180868712;97,81;SAT;NEGATIF;NOTR;NEGATIF;AZALIYOR;SAT;SAT;NOTR;0;14.09.2026
SODSN;izle;;20,4;10,4;9,9;0,2;0;0;zayif;29,6;31,2;35,8;yukari;zayif;zayif;asagi;0,71;-4,50;2;7,15;-2,05;395996;7,13;AL;NEGATIF;SAT;NEGATIF;ARTIYOR;SAT;SAT;UCUZ (AL);1;14.09.2026
PEKGY;izle;;20,4;4,8;7,7;8,0;32;3;zayif;24,9;37,3;52,6;asagi;zayif;zayif;asagi;0,55;-2,47;1;11,7;-2,50;1337963117;13,39;SAT;NEGATIF;SAT;NEGATIF;AZALIYOR;AL;AL;NOTR;2;14.09.2026
CEMTS;izle;;20,4;0,1;13,8;6,5;38;3;zayif;13,1;42,3;40,7;asagi;zayif;zayif;asagi;1,00;-1,95;3;8,72;-1,69;12496100;9,23;AL;NEGATIF;NOTR;NEGATIF;ARTIYOR;SAT;SAT;UCUZ (AL);1;14.09.2026
KRDMB;izle;;20,1;15,4;4,7;0,0;6;0;zayif;31,4;27,3;37,9;asagi;zayif;zayif;asagi;0,50;-3,30;3;97,35;-0,66;96773007;117,06;SAT;NEGATIF;SAT;NEGATIF;AZALIYOR;SAT;SAT;PAHALI (SAT);0;14.09.2026
TMSN;izle;;20,1;0,1;10,7;9,3;0;0;zayif;12,3;34,0;59,8;asagi;zayif;zayif;asagi;0,78;-3,50;2;70,05;-4,04;30416761;77,43;AL;NEGATIF;NOTR;NEGATIF;ARTIYOR;SAT;SAT;UCUZ (AL);1;14.09.2026
PARSN;izle;;20,1;2,8;13,3;4,0;10;0;zayif;19,1;42,8;43,2;asagi;zayif;zayif;asagi;0,64;-1,86;4;70,8;-2,75;16163357;76,10;AL;NEGATIF;NOTR;POZITIF;ARTIYOR;AL;SAT;UCUZ (AL);3;14.09.2026
ERCB;izle;;20,1;8,3;11,8;0,0;0;0;zayif;14,0;37,7;38,3;yukari;zayif;zayif;asagi;0,68;-2,69;2;43,2;-3,53;25829539;41,03;AL;NEGATIF;NOTR;NEGATIF;AZALIYOR;SAT;SAT;UCUZ (AL);1;14.09.2026
TLMAN;izle;;19,9;4,4;12,7;2,8;0;0;zayif;23,3;40,7;30,8;asagi;zayif;zayif;asagi;0,87;-1,90;2;78;-1,14;11784006;85,09;AL;NEGATIF;AL;NEGATIF;AZALIYOR;SAT;SAT;UCUZ (AL);2;14.09.2026
ULUFA;izle;;19,6;0,2;12,8;6,5;0;0;zayif;13,7;40,9;42,8;asagi;zayif;zayif;asagi;0,82;-1,82;2;1,63;-2,40;23291494;1,79;AL;NEGATIF;NOTR;NEGATIF;AZALIYOR;SAT;SAT;NOTR;1;14.09.2026
KTLEV;izle;;19,4;8,8;6,6;4,0;6;0;zayif;29,5;33,7;28,7;asagi;zayif;zayif;asagi;0,16;-2,88;3;33,88;-9,99;887316251;49,99;SAT;NEGATIF;SAT;NEGATIF;AZALIYOR;SAT;AL;PAHALI (SAT);1;14.09.2026
AYCES;izle;;19,2;0,0;11,2;8,0;0;0;zayif;10,3;35,7;52,7;asagi;zayif;zayif;asagi;0,52;-3,39;2;424,5;-0,59;19690857;477,34;AL;NEGATIF;NOTR;NEGATIF;AZALIYOR;SAT;SAT;NOTR;1;14.09.2026
SARKY;izle;;19,1;11,4;7,3;0,5;32;3;zayif;14,6;40,9;46,2;yukari;zayif;zayif;asagi;0,64;-1,86;2;23,42;-3,54;105547382;23,35;SAT;NEGATIF;NOTR;NEGATIF;AZALIYOR;SAT;SAT;NOTR;0;14.09.2026
PINSU;izle;;19,0;6,4;12,6;0,0;22;2;zayif;28,3;40,5;69,1;asagi;zayif;zayif;asagi;0,50;-1,62;1;10,03;-1,86;17965886;11,02;AL;NEGATIF;AL;NEGATIF;AZALIYOR;SAT;SAT;UCUZ (AL);2;14.09.2026
BRMEN;izle;;18,9;7,9;6,7;4,3;6;0;zayif;34,2;34,0;18,6;asagi;zayif;zayif;asagi;0,96;-3,66;3;12,1;-3,20;2536947;13,81;SAT;NEGATIF;SAT;NEGATIF;AZALIYOR;AL;AL;NOTR;2;14.09.2026
EGEGY;izle;;18,9;4,8;4,1;10,0;50;4;zayif;25,1;33,6;24,9;asagi;zayif;zayif;asagi;1,85;-2,92;4;23,62;-6,86;223033952;29,70;SAT;NEGATIF;SAT;NEGATIF;ARTIYOR;SAT;SAT;NOTR;0;14.09.2026
ATAGY;izle;;18,9;2,4;16,4;0,0;0;0;zayif;35,0;48,0;39,8;asagi;zayif;zayif;asagi;0,66;-1,31;2;10,22;1,09;1418505;10,60;AL;NEGATIF;SAT;POZITIF;ARTIYOR;AL;AL;UCUZ (AL);4;14.09.2026
YATAS;izle;;18,8;2,2;12,6;4,0;0;0;zayif;28,0;40,5;58,6;asagi;zayif;zayif;asagi;0,48;-3,03;1;30,84;-1,97;14604467;32,70;AL;NEGATIF;SAT;POZITIF;AZALIYOR;AL;SAT;UCUZ (AL);3;14.09.2026
EUREN;izle;;18,8;1,1;13,6;4,1;22;2;zayif;14,9;43,2;57,8;asagi;zayif;zayif;asagi;0,50;-1,85;0;3,81;-3,05;53354276;4,10;AL;NEGATIF;NOTR;NEGATIF;AZALIYOR;SAT;SAT;UCUZ (AL);1;14.09.2026
ULUSE;izle;;18,8;5,4;7,4;5,9;0;0;zayif;32,6;36,3;33,7;asagi;zayif;zayif;asagi;0,81;-2,67;2;231,2;-1,03;41279142;259,22;SAT;NEGATIF;SAT;NEGATIF;AZALIYOR;AL;AL;NOTR;2;14.09.2026
CRDFA;izle;;18,7;5,4;8,5;4,8;6;0;zayif;36,8;26,7;33,2;asagi;zayif;zayif;asagi;0,99;-4,41;3;22,9;-5,06;41683679;28,22;AL;NEGATIF;SAT;NEGATIF;AZALIYOR;SAT;SAT;NOTR;1;14.09.2026
QNBFK;izle;;18,5;1,8;12,7;4,0;0;0;zayif;25,3;40,8;56,5;asagi;zayif;zayif;asagi;0,49;-1,84;2;41;0,00;541446;44,07;AL;NEGATIF;SAT;NEGATIF;AZALIYOR;AL;AL;NOTR;3;14.09.2026
BRKO;izle;;18,5;3,1;5,4;10,0;10;0;zayif;12,9;38,6;28,5;asagi;zayif;zayif;asagi;2,49;-2,50;4;10,76;-1,28;8989550;12,12;SAT;NEGATIF;NOTR;NEGATIF;AZALIYOR;SAT;SAT;NOTR;0;14.09.2026
TBORG;izle;;18,5;7,0;3,5;8,0;0;0;zayif;26,6;36,8;29,7;asagi;zayif;zayif;asagi;0,34;-1,73;2;131,3;-2,74;18141852;150,31;SAT;NEGATIF;SAT;NEGATIF;AZALIYOR;SAT;AL;UCUZ (AL);1;14.09.2026
KMPUR;izle;;18,3;5,1;7,7;5,5;0;0;zayif;27,5;37,3;33,7;asagi;zayif;zayif;asagi;0,79;-1,75;2;18,19;-3,24;39127945;20,76;SAT;NEGATIF;SAT;NEGATIF;ARTIYOR;AL;AL;NOTR;2;14.09.2026
GRSEL;izle;;18,0;2,3;5,6;10,1;0;0;zayif;29,2;30,5;22,6;asagi;zayif;zayif;asagi;1,54;-2,40;2;295;-1,17;167730215;323,41;SAT;NEGATIF;SAT;NEGATIF;AZALIYOR;AL;SAT;NOTR;1;14.09.2026
THYAO;izle;;18,0;3,1;12,9;2,0;0;0;zayif;12,9;41,4;38,4;asagi;zayif;zayif;asagi;0,72;-1,67;2;295,5;-1,58;10015774515;313,33;AL;NEGATIF;NOTR;NEGATIF;AZALIYOR;SAT;SAT;NOTR;1;14.09.2026
KRONT;izle;;17,9;13,3;4,6;0,0;10;0;zayif;20,7;36,4;33,1;asagi;zayif;zayif;asagi;0,59;-1,75;4;21,32;-2,29;18866772;25,52;SAT;NEGATIF;SAT;NEGATIF;AZALIYOR;SAT;SAT;NOTR;0;14.09.2026
ESEN;izle;;17,9;6,0;8,5;3,4;40;4;zayif;27,5;43,3;46,7;asagi;zayif;zayif;asagi;0,77;-1,43;2;3,37;-3,16;90898309;3,71;SAT;NEGATIF;AL;NEGATIF;AZALIYOR;SAT;SAT;UCUZ (AL);1;14.09.2026
UFUK;izle;;17,9;3,6;6,3;8,0;32;3;zayif;16,1;32,8;61,7;asagi;zayif;zayif;asagi;0,05;-2,19;1;1410;0,86;12094980;1733,56;SAT;NEGATIF;NOTR;NEGATIF;AZALIYOR;SAT;SAT;UCUZ (AL);0;14.09.2026
SRVGY;izle;;17,9;0,7;7,5;9,7;0;0;zayif;17,5;40,2;35,8;asagi;zayif;zayif;asagi;0,79;-2,29;2;2,43;-2,02;30240723;2,61;SAT;NEGATIF;NOTR;NEGATIF;AZALIYOR;SAT;SAT;UCUZ (AL);0;14.09.2026
TAVHL;izle;;17,8;0,0;12,5;5,3;40;5;zayif;10,9;44,9;46,7;asagi;zayif;zayif;asagi;0,70;-0,76;2;268,5;-2,19;646374818;286,88;SAT;NEGATIF;NOTR;POZITIF;AZALIYOR;SAT;SAT;NOTR;1;14.09.2026
GUNDG;izle;;17,7;4,8;5,0;8,0;0;0;zayif;25,0;28,2;14,3;asagi;zayif;zayif;asagi;0,03;-4,17;2;815;-9,99;5483320;1317,68;SAT;NEGATIF;SAT;NEGATIF;AZALIYOR;SAT;AL;NOTR;1;14.09.2026
ULUUN;izle;;17,7;3,6;6,1;8,0;0;0;zayif;16,2;38,7;44,2;asagi;zayif;zayif;asagi;0,70;-1,84;2;7,84;-2,85;55805394;8,99;SAT;NEGATIF;NOTR;NEGATIF;AZALIYOR;SAT;SAT;NOTR;0;14.09.2026
GIPTA;izle;;17,7;6,7;11,0;0,0;0;0;zayif;24,4;43,8;53,3;asagi;zayif;zayif;asagi;0,33;-0,66;1;70,4;-1,68;180431680;88,75;SAT;NEGATIF;SAT;NEGATIF;AZALIYOR;SAT;SAT;NOTR;0;14.09.2026
DGGYO;izle;;17,6;3,8;13,8;0,0;0;0;zayif;13,9;43,0;29,5;asagi;zayif;zayif;asagi;0,58;-1,31;0;32,74;-2,03;2101581;36,55;AL;NEGATIF;NOTR;NEGATIF;AZALIYOR;SAT;SAT;NOTR;1;14.09.2026
DMSAS;izle;;17,6;0,3;7,3;10,0;32;2;zayif;14,0;36,1;29,1;asagi;zayif;zayif;asagi;1,71;-2,17;4;8,01;-1,11;26263709;8,84;SAT;NEGATIF;NOTR;NEGATIF;ARTIYOR;SAT;SAT;UCUZ (AL);0;14.09.2026
ISFIN;izle;;17,4;5,6;6,4;5,3;16;1;zayif;14,5;37,0;38,8;asagi;zayif;zayif;asagi;0,49;-1,58;3;19,09;-0,57;16481313;20,33;SAT;NEGATIF;NOTR;NEGATIF;AZALIYOR;SAT;SAT;NOTR;0;14.09.2026
SNICA;izle;;17,4;1,0;12,4;4,0;0;0;zayif;14,5;39,6;49,7;asagi;zayif;zayif;asagi;0,29;-2,92;1;3,1;-1,59;14512690;3,51;AL;NEGATIF;NOTR;NEGATIF;AZALIYOR;SAT;SAT;UCUZ (AL);1;14.09.2026
ICBCT;izle;;17,3;9,6;6,6;1,1;6;0;zayif;8,2;37,6;35,6;asagi;zayif;zayif;asagi;0,77;-1,90;3;18,81;-2,29;21081985;21,06;SAT;NEGATIF;NOTR;NEGATIF;AZALIYOR;SAT;SAT;NOTR;0;14.09.2026
MNDTR;izle;;17,3;2,9;13,5;1,0;0;0;zayif;19,4;43,2;60,5;asagi;zayif;zayif;asagi;0,54;-1,56;0;4,99;-2,16;5523516;5,30;AL;NEGATIF;NOTR;POZITIF;AZALIYOR;AL;SAT;UCUZ (AL);3;14.09.2026
CASA;izle;;17,2;0,6;6,5;10,1;0;0;zayif;16,7;38,5;43,9;asagi;zayif;zayif;asagi;1,45;-3,34;2;66;0,00;1537206;70,82;SAT;NEGATIF;NOTR;NEGATIF;AZALIYOR;SAT;SAT;UCUZ (AL);0;14.09.2026
KSTUR;izle;;17,1;2,4;8,2;6,5;0;0;zayif;31,4;39,1;25,3;asagi;zayif;zayif;asagi;0,85;-3,88;2;2209;-1,82;1537464;2297,26;SAT;NEGATIF;SAT;NEGATIF;ARTIYOR;AL;AL;NOTR;2;14.09.2026
PLTUR;izle;;17,1;0,2;8,1;8,8;0;0;zayif;13,3;42,8;33,8;asagi;zayif;zayif;asagi;0,25;-1,60;1;20,08;-0,59;19590510;22,51;SAT;NEGATIF;NOTR;POZITIF;AZALIYOR;SAT;SAT;NOTR;1;14.09.2026
RODRG;izle;;17,0;11,6;5,5;0,0;0;0;zayif;16,1;37,8;64,1;yukari;zayif;zayif;asagi;0,41;-1,64;2;22,74;-2,65;2886184;22,52;SAT;NEGATIF;NOTR;NEGATIF;AZALIYOR;SAT;SAT;NOTR;0;14.09.2026
YYLGD;izle;;17,0;0,0;13,9;3,1;10;1;zayif;10,7;42,9;38,3;asagi;zayif;zayif;asagi;0,54;-1,81;1;9,96;-1,39;34364102;10,53;AL;NEGATIF;NOTR;NEGATIF;AZALIYOR;SAT;SAT;NOTR;1;14.09.2026
KZBGY;izle;;16,9;2,4;8,6;5,9;6;0;zayif;30,1;27,0;28,8;asagi;zayif;zayif;asagi;1,05;-5,69;3;1,78;-3,26;55788634;1,98;AL;NEGATIF;SAT;NEGATIF;AZALIYOR;SAT;SAT;UCUZ (AL);1;14.09.2026
ATEKS;izle;;16,9;5,0;11,9;0,0;6;0;zayif;26,5;38,0;43,7;asagi;zayif;zayif;asagi;0,52;-3,45;3;93,15;-2,36;594856;103,56;AL;NEGATIF;SAT;NEGATIF;AZALIYOR;SAT;SAT;NOTR;1;14.09.2026
SDTTR;izle;;16,8;3,4;5,4;8,0;10;1;zayif;15,0;37,3;52,9;asagi;zayif;zayif;asagi;0,49;-1,77;0;19,95;-3,62;108884187;23,97;SAT;NEGATIF;NOTR;NEGATIF;AZALIYOR;SAT;SAT;NOTR;0;14.09.2026
INVEO;izle;;16,7;0,1;10,6;6,1;0;0;zayif;12,7;33,6;48,4;asagi;zayif;zayif;asagi;1,06;-3,09;2;6,55;-3,25;24812776;7,22;AL;NEGATIF;NOTR;NEGATIF;ARTIYOR;SAT;SAT;UCUZ (AL);1;14.09.2026
EUYO;izle;;16,7;0,1;8,5;8,0;10;1;zayif;12,4;40,1;40,5;asagi;zayif;zayif;asagi;0,49;-1,78;2;4,69;-1,68;1873214;5,38;SAT;NEGATIF;NOTR;NEGATIF;AZALIYOR;AL;AL;NOTR;2;14.09.2026
FRIGO;izle;;16,6;5,5;10,3;0,8;20;1;zayif;15,4;43,6;52,3;asagi;zayif;zayif;asagi;0,37;-0,97;4;2,25;-2,17;37166049;2,67;SAT;NEGATIF;NOTR;NEGATIF;AZALIYOR;SAT;SAT;NOTR;0;14.09.2026
BALSU;izle;;16,3;2,3;10,1;4,0;0;0;zayif;28,7;31,9;51,5;asagi;zayif;zayif;asagi;0,51;-4,55;2;8,21;-5,96;262775582;10,57;AL;NEGATIF;SAT;NEGATIF;AZALIYOR;AL;AL;UCUZ (AL);3;14.09.2026
ENDAE;izle;;16,3;11,2;5,1;0,0;28;2;zayif;19,8;37,7;21,6;asagi;zayif;zayif;asagi;0,36;-1,47;3;16,23;-2,29;33683206;18,86;SAT;NEGATIF;NOTR;NEGATIF;AZALIYOR;SAT;SAT;NOTR;0;14.09.2026
ERBOS;izle;;16,2;0,9;11,4;4,0;0;0;zayif;18,3;36,2;34,0;asagi;zayif;zayif;asagi;0,42;-2,97;1;145,4;-1,49;3023302;155,59;AL;NEGATIF;NOTR;NEGATIF;ARTIYOR;SAT;SAT;UCUZ (AL);1;14.09.2026
KENT;izle;;16,1;1,2;6,5;8,4;10;1;zayif;20,9;41,5;36,6;asagi;zayif;zayif;asagi;0,72;-1,68;2;340,5;-3,20;1021500;386,46;SAT;NEGATIF;SAT;NEGATIF;AZALIYOR;SAT;AL;UCUZ (AL);1;14.09.2026
AZTEK;izle;;16,1;2,4;9,5;4,2;6;0;zayif;29,3;29,9;27,8;asagi;zayif;zayif;asagi;0,95;-3,83;3;3,62;-0,82;22377225;4,04;AL;NEGATIF;SAT;NEGATIF;AZALIYOR;SAT;SAT;NOTR;1;14.09.2026
SUNTK;izle;;16,0;1,0;7,0;8,0;0;0;zayif;19,2;35,2;64,5;asagi;zayif;zayif;asagi;0,27;-1,93;2;31,68;-2,34;13763281;39,38;SAT;NEGATIF;NOTR;NEGATIF;AZALIYOR;SAT;SAT;UCUZ (AL);0;14.09.2026
TABGD;izle;;16,0;3,7;8,7;3,6;0;0;zayif;17,0;40,6;40,2;asagi;zayif;zayif;asagi;0,61;-1,52;1;231,9;-1,24;88439239;254,84;SAT;NEGATIF;NOTR;NEGATIF;AZALIYOR;SAT;AL;NOTR;1;14.09.2026
A1YEN;izle;;15,8;0,5;7,3;8,0;0;0;zayif;13,3;40,0;53,2;asagi;zayif;zayif;asagi;0,35;-1,99;1;2,6;-1,89;16401850;2,86;SAT;NEGATIF;NOTR;NEGATIF;AZALIYOR;AL;AL;NOTR;2;14.09.2026
ENTRA;izle;;15,6;0,3;11,4;4,0;0;0;zayif;13,9;36,3;36,7;asagi;zayif;zayif;asagi;0,64;-2,22;1;4,2;-2,33;46255280;4,62;AL;NEGATIF;NOTR;NEGATIF;ARTIYOR;SAT;SAT;NOTR;1;14.09.2026
EGEPO;izle;;15,4;5,4;0,0;10,0;6;0;zayif;41,8;19,9;20,0;asagi;zayif;zayif;asagi;1,59;-6,13;3;10,12;-1,36;92151303;13,25;SAT;NEGATIF;SAT;NEGATIF;ARTIYOR;SAT;SAT;NOTR;0;14.09.2026
FORMT;izle;;15,4;2,4;3,0;10,0;6;0;zayif;41,8;21,7;24,6;asagi;zayif;zayif;asagi;1,33;-6,37;3;1,44;-2,04;32349734;1,60;SAT;NEGATIF;SAT;NEGATIF;ARTIYOR;AL;SAT;UCUZ (AL);1;14.09.2026
BIGCH;izle;;15,4;0,6;11,3;3,5;32;2;zayif;16,3;35,9;47,9;asagi;zayif;zayif;asagi;0,91;-2,76;4;5,44;-3,72;31183886;6,17;AL;NEGATIF;NOTR;NEGATIF;AZALIYOR;AL;SAT;UCUZ (AL);2;14.09.2026
LYDYE;izle;;15,3;0,6;13,7;1,1;50;4;zayif;16,6;43,6;44,6;asagi;zayif;zayif;asagi;0,75;-1,46;5;12002,5;0,00;20992373;13268,29;AL;NEGATIF;NOTR;NEGATIF;AZALIYOR;SAT;SAT;UCUZ (AL);1;14.09.2026
OBASE;izle;;15,3;3,0;12,3;0,0;0;0;zayif;11,5;39,4;48,9;asagi;zayif;zayif;asagi;0,28;-2,17;1;35,12;-2,34;6259613;39,28;AL;NEGATIF;NOTR;NEGATIF;AZALIYOR;SAT;SAT;NOTR;1;14.09.2026
FENER;izle;;15,3;0,8;5,4;9,1;0;0;zayif;18,2;37,6;56,9;asagi;zayif;zayif;asagi;0,50;-2,05;2;2,89;-2,03;216685328;3,21;SAT;NEGATIF;NOTR;NEGATIF;AZALIYOR;SAT;AL;NOTR;1;14.09.2026
YONGA;izle;;15,2;1,6;3,6;10,0;6;0;zayif;24,0;27,3;17,3;asagi;zayif;zayif;asagi;1,35;-5,17;3;42,52;-2,70;1006831;46,05;SAT;NEGATIF;SAT;NEGATIF;ARTIYOR;SAT;SAT;UCUZ (AL);0;14.09.2026
MEDTR;izle;;15,0;1,2;3,9;10,0;10;0;zayif;20,5;30,6;26,2;asagi;zayif;zayif;asagi;2,07;-3,65;5;23,6;-1,42;12449307;25,69;SAT;NEGATIF;SAT;NEGATIF;ARTIYOR;SAT;SAT;UCUZ (AL);0;14.09.2026
MAKTK;izle;;14,9;1,2;5,7;8,0;0;0;zayif;21,0;35,2;71,1;asagi;zayif;zayif;asagi;0,42;-2,62;2;9,35;-3,31;17123450;10,74;SAT;NEGATIF;SAT;NEGATIF;AZALIYOR;SAT;SAT;UCUZ (AL);0;14.09.2026
KTSKR;izle;;14,8;0,5;9,5;4,8;0;0;zayif;15,3;30,1;26,7;asagi;zayif;zayif;asagi;0,75;-4,07;2;74,5;-2,80;21684343;83,89;AL;NEGATIF;NOTR;NEGATIF;AZALIYOR;SAT;SAT;NOTR;1;14.09.2026
TATEN;izle;;14,7;1,4;9,3;4,0;0;0;zayif;22,2;29,4;27,4;asagi;zayif;zayif;asagi;0,39;-4,97;1;7,44;-3,75;91376317;8,96;AL;NEGATIF;SAT;NEGATIF;AZALIYOR;AL;SAT;UCUZ (AL);2;14.09.2026
KORDS;izle;;14,7;4,7;0,0;10,0;10;0;zayif;24,3;13,4;26,5;asagi;zayif;zayif;asagi;7,03;-7,45;5;4,02;-94,82;87501547;39,39;SAT;NEGATIF;SAT;NEGATIF;ARTIYOR;SAT;SAT;NOTR;0;14.09.2026
GWIND;izle;;14,6;0,0;13,3;1,3;0;0;zayif;11,1;42,6;55,8;asagi;zayif;zayif;asagi;0,67;-2,35;2;22,66;-1,39;50627471;23,62;AL;NEGATIF;NOTR;POZITIF;AZALIYOR;AL;SAT;NOTR;3;14.09.2026
LIDFA;izle;;14,5;0,0;4,5;10,0;6;0;zayif;9,3;31,6;41,7;asagi;zayif;zayif;asagi;1,45;-2,99;3;2,47;-3,14;33101535;2,76;SAT;NEGATIF;NOTR;NEGATIF;ARTIYOR;SAT;SAT;NOTR;0;14.09.2026
KOPOL;izle;;14,5;0,8;5,6;8,1;0;0;zayif;17,7;35,9;37,9;asagi;zayif;zayif;asagi;0,70;-2,81;2;5,02;-2,71;34428159;5,70;SAT;NEGATIF;NOTR;NEGATIF;AZALIYOR;SAT;SAT;NOTR;0;14.09.2026
BALAT;izle;;14,5;0,7;11,4;2,4;22;2;zayif;16,9;45,3;45,9;asagi;zayif;zayif;asagi;0,63;-1,09;1;69,25;0,00;1484235;76,86;SAT;NEGATIF;NOTR;POZITIF;AZALIYOR;SAT;SAT;UCUZ (AL);1;14.09.2026
HUBVC;izle;;14,5;0,7;3,8;10,0;6;0;zayif;17,1;29,2;42,1;asagi;zayif;zayif;asagi;1,85;-3,50;3;2,27;-5,02;8230505;2,68;SAT;NEGATIF;NOTR;NEGATIF;ARTIYOR;SAT;SAT;NOTR;0;14.09.2026
DOGUB;izle;;14,5;3,0;6,3;5,1;0;0;zayif;11,5;36,2;53,0;asagi;zayif;zayif;asagi;1,01;-2,57;1;61,5;-3,38;27575555;78,57;SAT;NEGATIF;NOTR;POZITIF;AZALIYOR;SAT;SAT;NOTR;1;14.09.2026
LIDER;izle;;14,4;2,4;8,0;4,0;10;0;zayif;54,1;20,7;22,8;asagi;zayif;zayif;asagi;0,33;-9,77;4;22,28;3,24;197083511;29,87;AL;NEGATIF;SAT;NEGATIF;AZALIYOR;AL;AL;UCUZ (AL);3;14.09.2026
SURGY;izle;;14,4;2,4;8,0;4,0;0;0;zayif;40,3;20,0;42,7;asagi;zayif;zayif;asagi;0,23;-8,52;2;29,76;-1,78;35873775;34,64;AL;NEGATIF;SAT;NEGATIF;AZALIYOR;AL;SAT;NOTR;2;14.09.2026
BIENY;izle;;14,1;8,5;5,4;0,2;10;0;zayif;15,4;37,9;62,2;yukari;zayif;zayif;asagi;0,60;-1,89;4;20,14;-0,59;45161412;20,10;SAT;NEGATIF;NOTR;NEGATIF;AZALIYOR;SAT;SAT;UCUZ (AL);0;14.09.2026
KUTPO;izle;;14,0;1,2;6,8;6,0;40;5;zayif;20,6;38,0;25,9;asagi;zayif;zayif;asagi;0,66;-2,18;1;77,95;-0,95;8904930;83,78;SAT;NEGATIF;SAT;NEGATIF;ARTIYOR;SAT;SAT;UCUZ (AL);0;14.09.2026
KLRHO;izle;;14,0;0,9;9,0;4,0;0;0;zayif;18,9;28,4;22,4;asagi;zayif;zayif;asagi;0,55;-5,42;1;58,5;-5,95;91072274;68,90;AL;NEGATIF;NOTR;NEGATIF;ARTIYOR;SAT;SAT;UCUZ (AL);1;14.09.2026
VKFYO;izle;;14,0;0,5;13,4;0,0;32;3;zayif;13,4;43,0;31,5;asagi;zayif;zayif;asagi;0,54;-2,06;2;22,14;-2,55;2762983;24,79;AL;NEGATIF;NOTR;NEGATIF;AZALIYOR;AL;AL;UCUZ (AL);3;14.09.2026
SKYLP;izle;;13,9;2,4;4,7;6,8;0;0;zayif;32,4;27,3;21,2;asagi;zayif;zayif;asagi;1,11;-4,41;1;164,9;-2,43;12388277;212,09;SAT;NEGATIF;SAT;NEGATIF;AZALIYOR;AL;AL;UCUZ (AL);2;14.09.2026
TKNSA;izle;;13,9;1,3;8,6;4,0;16;1;zayif;21,9;40,2;33,6;asagi;zayif;zayif;asagi;0,19;-1,82;3;16,38;-1,27;31611729;19,20;SAT;NEGATIF;SAT;NEGATIF;AZALIYOR;SAT;SAT;UCUZ (AL);0;14.09.2026
IZENR;izle;;13,7;1,4;4,3;8,0;0;0;zayif;22,5;30,4;38,6;asagi;zayif;zayif;asagi;0,55;-4,06;1;6,8;-3,68;130483126;7,97;SAT;NEGATIF;SAT;NEGATIF;AZALIYOR;AL;SAT;UCUZ (AL);1;14.09.2026
BULGS;izle;;13,6;2,4;9,7;1,5;0;0;zayif;40,5;30,6;36,0;asagi;zayif;zayif;asagi;0,79;-3,66;2;30,38;-4,53;72239599;34,37;AL;NEGATIF;SAT;NEGATIF;ARTIYOR;AL;AL;UCUZ (AL);3;14.09.2026
BORLS;izle;;13,5;2,4;4,0;7,1;10;0;zayif;33,8;19,3;0,0;asagi;zayif;zayif;asagi;1,13;-5,42;5;2,84;-4,70;99809642;3,92;SAT;NEGATIF;SAT;NEGATIF;AZALIYOR;AL;SAT;NOTR;1;14.09.2026
IMASM;izle;;13,5;0,6;12,9;0,0;40;4;zayif;13,6;41,3;17,7;asagi;zayif;zayif;asagi;0,45;-3,02;2;2,27;-1,73;20867415;2,44;AL;NEGATIF;NOTR;NEGATIF;AZALIYOR;AL;SAT;UCUZ (AL);2;14.09.2026
ERSU;izle;;13,5;4,8;7,8;1,0;10;1;zayif;14,0;36,3;43,3;asagi;zayif;zayif;asagi;0,74;-1,33;2;22,4;-0,88;7022646;25,98;SAT;NEGATIF;NOTR;NEGATIF;AZALIYOR;SAT;SAT;NOTR;0;14.09.2026
GSRAY;izle;;13,4;1,8;8,3;3,3;0;0;zayif;24,9;40,8;41,9;asagi;zayif;zayif;asagi;0,30;-1,17;1;1,01;-1,94;80673344;1,11;SAT;NEGATIF;SAT;NEGATIF;AZALIYOR;SAT;SAT;UCUZ (AL);0;14.09.2026
SAFKR;izle;;13,4;2,4;4,0;6,9;0;0;zayif;42,9;22,1;8,6;asagi;zayif;zayif;asagi;0,87;-6,01;2;13,62;-4,49;59325111;16,40;SAT;NEGATIF;SAT;NEGATIF;AZALIYOR;AL;AL;UCUZ (AL);2;14.09.2026
SUMAS;izle;;13,3;2,1;10,2;1,1;0;0;zayif;27,4;32,2;31,6;asagi;zayif;zayif;asagi;0,76;-5,70;2;252,25;-2,98;493401;269,20;AL;NEGATIF;SAT;NEGATIF;ARTIYOR;SAT;SAT;NOTR;1;14.09.2026
SNGYO;izle;;13,3;1,9;6,5;4,9;6;0;zayif;16,8;38,9;44,3;asagi;zayif;zayif;asagi;1,00;-2,03;3;3,13;-3,40;69189442;3,52;SAT;NEGATIF;NOTR;NEGATIF;AZALIYOR;SAT;SAT;UCUZ (AL);0;14.09.2026
ISKPL;izle;;13,3;0,5;7,6;5,2;6;0;zayif;15,7;37,0;40,6;asagi;zayif;zayif;asagi;1,01;-2,91;3;6,97;0,58;283895635;8,18;SAT;NEGATIF;NOTR;NEGATIF;AZALIYOR;SAT;AL;UCUZ (AL);1;14.09.2026
SANEL;izle;;13,2;3,6;6,3;3,3;10;0;zayif;16,2;32,8;33,6;asagi;zayif;zayif;asagi;0,90;-2,73;4;47,12;1,20;20088340;60,22;SAT;NEGATIF;NOTR;NEGATIF;AZALIYOR;SAT;AL;NOTR;1;14.09.2026
AKGRT;izle;;13,2;2,0;10,4;0,9;10;0;zayif;26,5;32,8;34,8;asagi;zayif;zayif;asagi;0,71;-3,85;4;6;-0,99;55742742;6,40;AL;NEGATIF;SAT;NEGATIF;AZALIYOR;SAT;SAT;UCUZ (AL);1;14.09.2026
PASEU;izle;;13,2;12,4;0,8;0,0;10;0;zayif;36,6;27,6;31,0;asagi;zayif;zayif;asagi;0,06;-4,33;4;84,35;-9,98;67120922;133,24;SAT;NEGATIF;SAT;NEGATIF;AZALIYOR;SAT;AL;NOTR;1;14.09.2026
FADE;izle;;13,2;4,7;8,5;0,0;6;0;zayif;9,9;42,3;58,6;asagi;zayif;zayif;asagi;0,62;-1,11;3;15,17;-0,20;23344643;16,78;SAT;NEGATIF;NOTR;NEGATIF;AZALIYOR;SAT;SAT;NOTR;0;14.09.2026
DOAS;izle;;13,2;1,1;11,7;0,4;6;0;zayif;19,9;37,3;39,4;asagi;zayif;zayif;asagi;0,70;-3,28;3;163,2;-1,15;93578064;171,91;AL;NEGATIF;NOTR;NEGATIF;AZALIYOR;AL;SAT;NOTR;2;14.09.2026
IDGYO;izle;;13,2;2,4;10,7;0,0;10;0;zayif;35,1;34,1;26,2;asagi;zayif;zayif;asagi;0,62;-3,73;4;2,82;-2,76;2767635;3,32;AL;NEGATIF;SAT;NEGATIF;AZALIYOR;AL;SAT;NOTR;2;14.09.2026
DCTTR;izle;;13,0;2,4;9,3;1,3;10;0;zayif;47,3;29,2;31,9;asagi;zayif;zayif;asagi;0,78;-5,65;5;5,9;1,20;47535651;6,97;AL;NEGATIF;SAT;NEGATIF;AZALIYOR;AL;AL;UCUZ (AL);3;14.09.2026
GESAN;izle;;12,9;5,4;5,7;1,7;10;1;zayif;32,7;30,7;28,7;asagi;zayif;zayif;asagi;0,80;-3,25;2;61,1;-0,49;892017474;75,70;SAT;NEGATIF;SAT;NEGATIF;AZALIYOR;SAT;SAT;NOTR;0;14.09.2026
SEGMN;izle;;12,8;4,7;4,7;3,4;0;0;zayif;24,7;35,1;16,9;asagi;zayif;zayif;asagi;0,90;-2,26;2;44,16;-2,73;40999557;52,43;SAT;NEGATIF;SAT;NEGATIF;ARTIYOR;SAT;SAT;NOTR;0;14.09.2026
ECILC;izle;;12,7;0,6;6,5;5,6;10;1;zayif;16,6;40,4;64,5;asagi;zayif;zayif;asagi;0,80;-1,87;1;69,45;-3,94;302036939;79,85;SAT;NEGATIF;NOTR;NEGATIF;AZALIYOR;SAT;SAT;NOTR;0;14.09.2026
PRDGS;izle;;12,6;4,8;7,8;0,0;20;1;zayif;25,1;37,7;24,0;asagi;zayif;zayif;asagi;0,41;-1,76;4;6,85;-2,14;18947675;8,00;SAT;NEGATIF;SAT;NEGATIF;AZALIYOR;SAT;SAT;NOTR;0;14.09.2026
GOLTS;izle;;12,6;0,7;8,1;3,8;6;0;zayif;17,4;42,1;24,5;asagi;zayif;zayif;asagi;0,62;-1,99;3;293;-2,09;27931690;313,22;SAT;NEGATIF;NOTR;NEGATIF;ARTIYOR;SAT;SAT;NOTR;0;14.09.2026
DERIM;izle;;12,6;5,1;7,5;0,0;22;2;zayif;25,2;41,7;39,1;asagi;zayif;zayif;asagi;0,55;-1,35;1;34,3;-2,11;8587245;38,64;SAT;NEGATIF;AL;NEGATIF;AZALIYOR;SAT;AL;NOTR;2;14.09.2026
INTEK;izle;;12,6;2,0;10,5;0,0;6;0;zayif;27,0;33,4;37,6;asagi;zayif;zayif;asagi;0,69;-5,11;3;221,3;-1,03;1274467;238,55;AL;NEGATIF;SAT;NEGATIF;AZALIYOR;SAT;SAT;NOTR;1;14.09.2026
CWENE;izle;;12,5;3,7;4,8;4,0;6;0;zayif;17,4;35,1;37,2;asagi;zayif;zayif;asagi;0,19;-2,99;3;29,46;-2,51;400947183;36,04;SAT;NEGATIF;NOTR;NEGATIF;AZALIYOR;SAT;SAT;NOTR;0;14.09.2026
BURCE;izle;;12,5;0,0;4,5;8,0;16;1;zayif;12,0;31,4;52,1;asagi;zayif;zayif;asagi;0,40;-3,88;3;31,4;-2,91;17939260;35,66;SAT;NEGATIF;NOTR;NEGATIF;AZALIYOR;SAT;SAT;NOTR;0;14.09.2026
GLBMD;izle;;12,4;0,6;11,8;0,0;0;0;zayif;16,5;37,5;26,8;asagi;zayif;zayif;asagi;0,43;-1,76;1;11,41;-0,26;837334;12,57;AL;NEGATIF;NOTR;NEGATIF;AZALIYOR;SAT;SAT;NOTR;1;14.09.2026
ALCTL;izle;;12,3;2,4;9,9;0,0;0;0;zayif;49,8;31,2;19,6;asagi;zayif;zayif;asagi;0,58;-3,97;2;111,2;-1,07;29401280;127,56;AL;NEGATIF;SAT;NEGATIF;AZALIYOR;SAT;SAT;NOTR;1;14.09.2026
GENTS;izle;;12,3;0,2;12,1;0,0;0;0;zayif;13,7;38,6;45,1;asagi;zayif;zayif;asagi;0,33;-3,31;2;5,06;-1,94;10002694;5,56;AL;NEGATIF;NOTR;NEGATIF;AZALIYOR;SAT;SAT;UCUZ (AL);1;14.09.2026
SNPAM;izle;;12,3;0,4;7,9;4,1;16;1;zayif;14,6;41,8;54,2;asagi;zayif;zayif;asagi;0,67;-1,59;3;19,31;-1,23;521409;21,10;SAT;NEGATIF;NOTR;NEGATIF;AZALIYOR;SAT;SAT;NOTR;0;14.09.2026
TEZOL;izle;;12,3;2,4;9,9;0,0;6;0;zayif;35,2;31,2;27,4;asagi;zayif;zayif;asagi;0,58;-5,92;3;8,82;-2,00;24964710;10,06;AL;NEGATIF;SAT;NEGATIF;AZALIYOR;AL;SAT;UCUZ (AL);2;14.09.2026
MSGYO;izle;;12,2;0,0;12,2;0,0;0;0;zayif;11,4;39,0;48,5;asagi;zayif;zayif;asagi;0,56;-2,16;2;5,55;-2,12;6133105;6,21;AL;NEGATIF;NOTR;NEGATIF;AZALIYOR;SAT;SAT;NOTR;1;14.09.2026
OYAYO;izle;;12,2;0,0;12,2;0,0;0;0;zayif;8,5;38,9;26,6;asagi;zayif;zayif;asagi;0,65;-2,43;2;40,38;-1,51;1506739;44,74;AL;NEGATIF;NOTR;NEGATIF;AZALIYOR;SAT;SAT;UCUZ (AL);1;14.09.2026
KAPLM;izle;;12,0;2,4;6,9;2,7;6;0;zayif;36,2;34,5;39,8;asagi;zayif;zayif;asagi;0,86;-3,48;3;365,25;-0,81;30688670;421,71;SAT;NEGATIF;SAT;NEGATIF;AZALIYOR;AL;SAT;NOTR;1;14.09.2026
ORCAY;izle;;11,9;0,0;11,9;0,0;0;0;zayif;11,1;37,9;27,5;asagi;zayif;zayif;asagi;0,47;-2,39;1;3,34;-1,47;2184834;3,67;AL;NEGATIF;NOTR;NEGATIF;AZALIYOR;AL;SAT;NOTR;2;14.09.2026
ARENA;izle;;11,8;0,0;11,8;0,0;0;0;zayif;12,1;37,6;45,4;asagi;zayif;zayif;asagi;0,39;-3,15;1;19,57;-0,76;7531671;21,88;AL;NEGATIF;NOTR;NEGATIF;AZALIYOR;SAT;SAT;NOTR;1;14.09.2026
IHAAS;izle;;11,8;0,9;8,2;2,6;38;3;zayif;18,9;38,9;26,0;asagi;zayif;zayif;asagi;0,86;-2,48;3;49,06;-1,60;49076926;58,20;SAT;NEGATIF;NOTR;NEGATIF;AZALIYOR;SAT;SAT;NOTR;0;14.09.2026
KOTON;izle;;11,7;0,5;7,2;4,0;6;0;zayif;15,4;35,7;29,0;asagi;zayif;zayif;asagi;0,56;-3,31;3;12,11;-0,98;14629679;12,91;SAT;NEGATIF;NOTR;NEGATIF;AZALIYOR;SAT;SAT;UCUZ (AL);0;14.09.2026
RAYSG;izle;;11,7;0,7;7,0;4,0;10;0;zayif;16,8;38,7;32,1;asagi;zayif;zayif;asagi;0,48;-3,02;4;150,5;-1,57;11156866;165,84;SAT;NEGATIF;NOTR;NEGATIF;AZALIYOR;SAT;SAT;UCUZ (AL);0;14.09.2026
LRSHO;izle;;11,5;0,2;11,4;0,0;38;3;zayif;12,4;36,3;21,8;asagi;zayif;zayif;asagi;0,57;-3,66;3;2,43;-1,22;21781854;2,69;AL;NEGATIF;NOTR;NEGATIF;AZALIYOR;AL;SAT;UCUZ (AL);2;14.09.2026
MEGMT;izle;;11,5;2,4;9,1;0,0;0;0;zayif;42,6;28,6;48,9;asagi;zayif;zayif;asagi;0,59;-5,39;2;43,6;-7,00;217817796;52,93;AL;NEGATIF;SAT;NEGATIF;ARTIYOR;SAT;SAT;NOTR;1;14.09.2026
DARDL;izle;;11,4;1,1;9,0;1,3;40;4;zayif;20,3;28,4;50,8;asagi;zayif;zayif;asagi;0,78;-4,11;2;1,53;-3,16;19638768;1,70;AL;NEGATIF;SAT;NEGATIF;ARTIYOR;SAT;SAT;UCUZ (AL);1;14.09.2026
MEGAP;izle;;11,4;2,4;8,9;0,0;0;0;zayif;31,5;28,0;23,4;asagi;zayif;zayif;asagi;0,47;-6,54;2;1,64;-1,80;452291;1,74;AL;NEGATIF;SAT;NEGATIF;AZALIYOR;AL;SAT;UCUZ (AL);2;14.09.2026
HDFGS;izle;;11,3;0,0;1,3;10,0;32;2;zayif;12,0;22,7;41,3;asagi;zayif;zayif;asagi;1,37;-4,48;4;2,04;-9,73;123508524;2,46;SAT;NEGATIF;NOTR;NEGATIF;ARTIYOR;SAT;SAT;NOTR;0;14.09.2026
DGATE;izle;;11,2;4,1;7,1;0,0;6;0;zayif;20,2;35,3;33,8;asagi;zayif;zayif;asagi;0,35;-2,29;3;86,8;-1,59;9517967;104,08;SAT;NEGATIF;SAT;NEGATIF;AZALIYOR;SAT;SAT;NOTR;0;14.09.2026
KBORU;izle;;11,2;5,2;6,0;0,0;6;0;zayif;28,2;31,6;43,3;asagi;zayif;zayif;asagi;0,53;-3,71;3;17,3;-4,31;129489652;21,66;SAT;NEGATIF;SAT;NEGATIF;AZALIYOR;AL;SAT;NOTR;1;14.09.2026
BAKAB;izle;;11,1;1,1;10,0;0,0;0;0;zayif;20,0;31,7;19,2;asagi;zayif;zayif;asagi;0,40;-3,88;2;36,96;-1,70;4873841;41,75;AL;NEGATIF;NOTR;NEGATIF;AZALIYOR;SAT;SAT;NOTR;1;14.09.2026
AYES;izle;;11,1;7,3;3,8;0,0;10;0;zayif;23,2;33,2;20,5;asagi;zayif;zayif;asagi;0,58;-3,17;6;27,22;-3,61;1913620;30,70;SAT;NEGATIF;SAT;NEGATIF;AZALIYOR;SAT;SAT;NOTR;0;14.09.2026
PKART;izle;;11,0;4,0;2,9;4,1;6;0;zayif;19,3;30,7;54,8;asagi;zayif;zayif;asagi;0,94;-2,62;3;106;-8,15;57765018;132,46;SAT;NEGATIF;NOTR;NEGATIF;ARTIYOR;SAT;SAT;NOTR;0;14.09.2026
BARMA;izle;;10,9;2,4;8,5;0,0;14;0;zayif;66,0;26,7;33,7;asagi;zayif;zayif;asagi;0,57;-14,68;3;9,75;-2,50;6276611;10,60;AL;NEGATIF;SAT;POZITIF;AZALIYOR;AL;AL;UCUZ (AL);4;14.09.2026
PENTA;izle;;10,9;0,0;7,5;3,4;42;3;zayif;9,6;40,1;53,7;asagi;zayif;zayif;asagi;0,66;-1,75;4;12,78;-2,14;14275286;13,91;SAT;NEGATIF;NOTR;NEGATIF;AZALIYOR;SAT;SAT;NOTR;0;14.09.2026
INFO;izle;;10,9;3,9;3,0;4,0;0;0;zayif;18,9;30,7;35,1;asagi;zayif;zayif;asagi;0,68;-3,01;2;4,4;-9,84;158319141;6,02;SAT;NEGATIF;NOTR;NEGATIF;AZALIYOR;AL;AL;NOTR;2;14.09.2026
TEKTU;izle;;10,7;1,3;5,5;4,0;40;5;zayif;15,3;34,1;38,0;asagi;zayif;zayif;asagi;0,59;-2,86;2;7,01;-4,50;34598584;8,28;SAT;NEGATIF;NOTR;NEGATIF;AZALIYOR;SAT;SAT;UCUZ (AL);0;14.09.2026
SEKFK;izle;;10,7;1,5;9,2;0,0;6;0;zayif;23,3;28,9;36,5;asagi;zayif;zayif;asagi;0,64;-3,31;3;4,3;-1,60;1990367;4,79;AL;NEGATIF;SAT;NEGATIF;AZALIYOR;SAT;SAT;NOTR;1;14.09.2026
PNLSN;izle;;10,6;0,0;6,5;4,0;0;0;zayif;12,2;37,5;42,0;asagi;zayif;zayif;asagi;0,56;-2,33;2;39,6;-3,37;19745748;44,88;SAT;NEGATIF;NOTR;NEGATIF;ARTIYOR;SAT;SAT;NOTR;0;14.09.2026
ONRYT;izle;;10,5;0,3;0,2;10,0;0;0;zayif;14,3;13,0;55,7;asagi;zayif;zayif;asagi;3,22;-7,88;2;14,49;-76,19;58665199;35,54;SAT;NEGATIF;NOTR;NEGATIF;ARTIYOR;SAT;SAT;UCUZ (AL);0;14.09.2026
KONKA;izle;;10,4;2,4;4,0;4,0;38;3;zayif;39,4;22,2;20,9;asagi;zayif;zayif;asagi;0,53;-6,44;3;9,07;-2,79;14556869;10,32;SAT;NEGATIF;SAT;NEGATIF;AZALIYOR;AL;AL;UCUZ (AL);2;14.09.2026
USAK;izle;;10,4;0,5;9,9;0,0;0;0;zayif;15,6;31,3;32,4;asagi;zayif;zayif;asagi;0,61;-3,78;0;1,17;-2,50;24741630;1,28;AL;NEGATIF;NOTR;NEGATIF;AZALIYOR;SAT;SAT;UCUZ (AL);1;14.09.2026
BSOKE;izle;;10,3;5,4;4,0;0,9;10;0;zayif;40,1;19,4;7,0;asagi;zayif;zayif;asagi;0,75;-5,37;4;19,1;-8,35;185128870;26,35;SAT;NEGATIF;SAT;NEGATIF;AZALIYOR;AL;SAT;NOTR;1;14.09.2026
LUKSK;izle;;10,3;0,0;10,3;0,0;0;0;zayif;11,3;32,7;47,2;asagi;zayif;zayif;asagi;0,54;-3,36;2;80,4;-3,19;4351650;89,11;AL;NEGATIF;NOTR;NEGATIF;ARTIYOR;SAT;SAT;UCUZ (AL);1;14.09.2026
DGNMO;izle;;10,3;5,4;4,8;0,0;16;1;zayif;31,4;27,7;25,0;asagi;zayif;zayif;asagi;0,64;-2,54;3;6,8;-1,16;23009466;8,12;SAT;NEGATIF;SAT;NEGATIF;AZALIYOR;SAT;SAT;NOTR;0;14.09.2026
MOPAS;izle;;10,2;2,4;4,3;3,5;6;0;zayif;30,1;29,3;41,6;asagi;zayif;zayif;asagi;0,91;-4,83;3;24,98;-1,50;50994447;27,49;SAT;NEGATIF;SAT;NEGATIF;AZALIYOR;SAT;SAT;UCUZ (AL);0;14.09.2026
KATMR;izle;;10,2;2,4;3,8;4,0;10;0;zayif;45,6;28,3;27,4;asagi;zayif;zayif;asagi;0,69;-5,21;4;1,84;-2,65;106236306;2,06;SAT;NEGATIF;SAT;NEGATIF;AZALIYOR;AL;SAT;UCUZ (AL);1;14.09.2026
TMPOL;izle;;10,1;4,8;5,4;0,0;6;0;zayif;24,9;29,5;13,6;asagi;zayif;zayif;asagi;0,38;-3,80;3;290,25;-2,93;175427390;403,30;SAT;NEGATIF;SAT;NEGATIF;AZALIYOR;SAT;SAT;NOTR;0;14.09.2026
DITAS;izle;;10,0;2,1;3,9;4,0;6;0;zayif;27,3;32,0;35,4;asagi;zayif;zayif;asagi;0,51;-3,79;3;18,45;-4,30;29782876;24,24;SAT;NEGATIF;SAT;NEGATIF;AZALIYOR;SAT;SAT;NOTR;0;14.09.2026
FONET;izle;;10,0;5,7;2,9;1,4;28;2;zayif;24,7;30,2;24,1;asagi;zayif;zayif;asagi;0,78;-3,01;3;4,43;-3,28;65335004;5,07;SAT;NEGATIF;SAT;NEGATIF;AZALIYOR;SAT;SAT;NOTR;0;14.09.2026
ECZYT;izle;;10,0;3,3;6,5;0,2;40;4;zayif;14,2;38,8;39,3;asagi;zayif;zayif;asagi;0,57;-2,03;2;301,75;-1,79;50061230;329,71;SAT;NEGATIF;NOTR;NEGATIF;AZALIYOR;SAT;SAT;NOTR;0;14.09.2026
BASCM;izle;;9,9;0,6;4,7;4,6;10;1;zayif;16,1;37,7;48,6;asagi;zayif;zayif;asagi;0,71;-2,63;2;13;0,00;900796;13,96;SAT;NEGATIF;NOTR;NEGATIF;AZALIYOR;SAT;SAT;NOTR;0;14.09.2026
LMKDC;izle;;9,5;1,2;5,5;2,8;20;1;zayif;21,0;35,4;34,1;asagi;zayif;zayif;asagi;0,87;-3,37;5;21,94;-2,75;75733545;24,32;SAT;NEGATIF;SAT;NEGATIF;AZALIYOR;SAT;SAT;UCUZ (AL);0;14.09.2026
HEDEF;izle;;9,4;5,4;4,0;0,0;0;0;zayif;40,9;18,0;-0,0;asagi;zayif;zayif;asagi;0,06;-8,51;1;29,46;-9,96;23477558;59,43;SAT;NEGATIF;SAT;NEGATIF;AZALIYOR;SAT;SAT;NOTR;0;14.09.2026
ODINE;izle;;9,4;5,4;4,0;0,0;0;0;zayif;35,5;20,4;34,8;asagi;zayif;zayif;asagi;0,02;-6,51;0;703,5;-9,98;7011081;1193,61;SAT;NEGATIF;SAT;NEGATIF;AZALIYOR;SAT;AL;NOTR;1;14.09.2026
CMENT;izle;;9,3;2,4;6,3;0,6;6;0;zayif;51,6;32,7;21,3;asagi;zayif;zayif;asagi;0,73;-4,77;3;244,5;-1,77;756972;257,52;SAT;NEGATIF;SAT;NEGATIF;ARTIYOR;AL;AL;UCUZ (AL);2;14.09.2026
SEGYO;izle;;9,3;2,0;3,4;3,9;6;0;zayif;26,7;27,0;34,3;asagi;zayif;zayif;asagi;0,94;-4,98;3;3,41;-3,40;10740480;3,80;SAT;NEGATIF;SAT;NEGATIF;ARTIYOR;SAT;SAT;UCUZ (AL);0;14.09.2026
SMRVA;izle;;9,2;0,1;5,1;4,0;6;0;zayif;13,1;33,2;47,2;asagi;zayif;zayif;asagi;0,54;-3,95;3;10,19;-1,92;45035877;11,50;SAT;NEGATIF;NOTR;NEGATIF;AZALIYOR;SAT;SAT;UCUZ (AL);0;14.09.2026
GZNMI;izle;;9,1;1,0;6,0;2,2;10;0;zayif;19,2;31,6;26,7;asagi;zayif;zayif;asagi;0,83;-3,15;6;48,82;-1,41;66689633;56,69;SAT;NEGATIF;NOTR;NEGATIF;AZALIYOR;SAT;SAT;NOTR;0;14.09.2026
DOFRB;izle;;9,1;4,4;3,7;1,1;0;0;zayif;22,0;30,4;53,3;asagi;zayif;zayif;asagi;0,76;-4,17;2;103;-8,28;359144314;128,24;SAT;NEGATIF;SAT;NEGATIF;ARTIYOR;SAT;SAT;NOTR;0;14.09.2026
BAYRK;izle;;9,1;3,3;5,7;0,0;38;3;zayif;20,6;36,1;46,6;asagi;zayif;zayif;asagi;0,55;-2,28;3;4,06;-1,46;20903864;4,55;SAT;NEGATIF;AL;NEGATIF;ARTIYOR;SAT;SAT;UCUZ (AL);1;14.09.2026
KCAER;izle;;9,0;7,3;1,6;0,0;28;2;zayif;29,6;29,3;23,9;asagi;zayif;zayif;asagi;0,57;-2,48;3;13,41;-3,32;101585806;15,17;SAT;NEGATIF;SAT;NEGATIF;ARTIYOR;SAT;SAT;NOTR;0;14.09.2026
ACSEL;izle;;8,8;1,2;6,4;1,3;6;0;zayif;20,9;36,3;34,5;asagi;zayif;zayif;asagi;0,78;-2,55;3;111,2;-0,36;11218301;124,29;SAT;NEGATIF;SAT;NEGATIF;ARTIYOR;SAT;SAT;NOTR;0;14.09.2026
OTTO;izle;;8,8;2,4;1,9;4,4;6;0;zayif;30,2;22,3;18,8;asagi;zayif;zayif;asagi;0,97;-5,64;3;125,2;-2,72;26442490;150,84;SAT;NEGATIF;SAT;NEGATIF;ARTIYOR;SAT;SAT;UCUZ (AL);0;14.09.2026
SMART;izle;;8,8;0,0;5,3;3,4;6;0;zayif;12,3;34,5;25,4;asagi;zayif;zayif;asagi;0,90;-3,54;3;21,62;-2,96;17762408;24,72;SAT;NEGATIF;NOTR;NEGATIF;AZALIYOR;SAT;SAT;NOTR;0;14.09.2026
INGRM;izle;;8,6;1,8;6,8;0,0;0;0;zayif;16,6;39,5;45,7;asagi;zayif;zayif;asagi;0,29;-1,72;1;363;-1,22;7063980;411,43;SAT;NEGATIF;NOTR;NEGATIF;AZALIYOR;SAT;SAT;NOTR;0;14.09.2026
OSMEN;izle;;8,5;1,2;7,3;0,0;22;2;zayif;21,0;36,0;25,9;asagi;zayif;zayif;asagi;0,42;-2,84;2;6,82;-1,16;11256901;7,67;SAT;NEGATIF;SAT;NEGATIF;AZALIYOR;AL;SAT;NOTR;1;14.09.2026
BURVA;izle;;8,5;3,9;4,6;0,0;10;0;zayif;18,4;33,4;10,2;asagi;zayif;zayif;asagi;0,23;-3,55;4;586;-3,93;10308912;754,79;SAT;NEGATIF;NOTR;NEGATIF;AZALIYOR;SAT;SAT;NOTR;0;14.09.2026
YAPRK;izle;;8,0;0,5;7,5;0,0;0;0;zayif;13,4;40,8;42,6;asagi;zayif;zayif;asagi;0,36;-1,95;2;10,54;-0,47;10554250;11,54;SAT;NEGATIF;NOTR;NEGATIF;AZALIYOR;SAT;SAT;NOTR;0;14.09.2026
SAMAT;izle;;8,0;0,4;6,3;1,3;10;0;zayif;14,6;36,0;36,5;asagi;zayif;zayif;asagi;0,78;-2,19;5;5,1;-2,67;4257531;5,75;SAT;NEGATIF;NOTR;NEGATIF;AZALIYOR;SAT;SAT;NOTR;0;14.09.2026
VSNMD;izle;;7,8;1,2;2,7;4,0;0;0;zayif;20,8;24,0;31,5;asagi;zayif;zayif;asagi;0,64;-5,06;2;39,68;-2,79;26017025;44,66;SAT;NEGATIF;SAT;NEGATIF;AZALIYOR;AL;SAT;UCUZ (AL);1;14.09.2026
ALVES;izle;;7,8;2,4;1,4;4,0;0;0;zayif;34,9;18,4;14,9;asagi;zayif;zayif;asagi;0,08;-8,74;1;0,98;-9,26;7786050;1,29;SAT;NEGATIF;SAT;NEGATIF;AZALIYOR;SAT;SAT;UCUZ (AL);0;14.09.2026
YBTAS;izle;;7,8;2,4;5,1;0,3;10;0;zayif;42,8;28,7;17,9;asagi;zayif;zayif;asagi;0,72;-6,12;6;12,7;0,24;613321;13,50;SAT;NEGATIF;SAT;NEGATIF;AZALIYOR;AL;AL;UCUZ (AL);2;14.09.2026
LYDHO;izle;;7,7;2,4;5,3;0,0;10;0;zayif;44,8;29,3;29,3;asagi;zayif;zayif;asagi;0,58;-3,94;4;134,5;-2,89;33807382;159,95;SAT;NEGATIF;SAT;NEGATIF;AZALIYOR;AL;SAT;UCUZ (AL);1;14.09.2026
HOROZ;izle;;7,6;0,7;6,9;0,0;0;0;zayif;13,8;40,7;39,4;asagi;zayif;zayif;asagi;0,27;-1,74;0;56,7;-2,24;27777784;64,58;SAT;NEGATIF;NOTR;NEGATIF;AZALIYOR;SAT;AL;NOTR;1;14.09.2026
KAREL;izle;;7,5;1,7;5,2;0,7;6;0;zayif;24,4;32,8;34,9;asagi;zayif;zayif;asagi;0,74;-3,85;3;7,98;-1,72;55782817;8,90;SAT;NEGATIF;SAT;NEGATIF;AZALIYOR;SAT;SAT;NOTR;0;14.09.2026
MAKIM;izle;;7,4;0,4;3,7;3,3;0;0;zayif;14,8;30,6;29,7;asagi;zayif;zayif;asagi;0,90;-3,47;2;14,26;-2,46;15927308;15,92;SAT;NEGATIF;NOTR;NEGATIF;ARTIYOR;SAT;SAT;NOTR;0;14.09.2026
COSMO;izle;;7,3;1,0;6,4;0,0;0;0;zayif;19,1;38,9;41,0;asagi;zayif;zayif;asagi;0,35;-2,32;2;113;-1,40;2647251;132,54;SAT;NEGATIF;NOTR;NEGATIF;AZALIYOR;SAT;SAT;UCUZ (AL);0;14.09.2026
LILAK;izle;;7,3;0,5;6,9;0,0;22;2;zayif;15,4;38,2;42,7;asagi;zayif;zayif;asagi;0,63;-2,94;2;27,86;-2,38;42010094;30,52;SAT;NEGATIF;NOTR;NEGATIF;ARTIYOR;SAT;SAT;NOTR;0;14.09.2026
ONCSM;izle;;7,3;2,4;4,9;0,0;6;0;zayif;31,0;28,0;16,8;asagi;zayif;zayif;asagi;0,42;-4,51;3;163;-3,95;65275143;213,74;SAT;NEGATIF;SAT;NEGATIF;AZALIYOR;SAT;SAT;UCUZ (AL);0;14.09.2026
ZEDUR;izle;;7,3;2,4;4,9;0,0;6;0;zayif;33,4;32,1;52,6;asagi;zayif;zayif;asagi;0,66;-3,34;3;7,31;-1,62;6931532;8,02;SAT;NEGATIF;SAT;NEGATIF;AZALIYOR;SAT;SAT;NOTR;0;14.09.2026
MERKO;izle;;7,2;2,4;4,7;0,0;0;0;zayif;30,0;31,1;44,4;asagi;zayif;zayif;asagi;0,57;-4,74;2;1,19;-2,46;14448916;1,33;SAT;NEGATIF;SAT;NEGATIF;AZALIYOR;SAT;SAT;UCUZ (AL);0;14.09.2026
SELVA;izle;;7,1;0,4;3,2;3,6;0;0;zayif;14,8;27,9;43,4;asagi;zayif;zayif;asagi;0,91;-5,04;2;1,47;-5,16;29339001;1,67;SAT;NEGATIF;NOTR;NEGATIF;ARTIYOR;SAT;SAT;UCUZ (AL);0;14.09.2026
ICUGS;izle;;7,1;5,3;1,7;0,0;6;0;zayif;29,2;25,9;47,1;asagi;zayif;zayif;asagi;0,60;-4,44;3;3,58;-7,97;30593509;4,66;SAT;NEGATIF;SAT;NEGATIF;ARTIYOR;AL;SAT;NOTR;1;14.09.2026
ORMA;izle;;7,0;1,3;5,7;0,0;10;0;zayif;21,6;36,1;28,1;asagi;zayif;zayif;asagi;0,60;-3,76;4;149;-0,67;780164;161,36;SAT;NEGATIF;SAT;NEGATIF;AZALIYOR;SAT;SAT;NOTR;0;14.09.2026
ALFAS;izle;;7,0;0,7;6,3;0,0;38;3;zayif;17,5;36,2;42,5;asagi;zayif;zayif;asagi;0,57;-3,24;3;37,84;-2,82;42304817;42,17;SAT;NEGATIF;NOTR;NEGATIF;AZALIYOR;SAT;SAT;NOTR;0;14.09.2026
EUHOL;izle;;6,9;1,9;5,0;0,0;6;0;zayif;26,1;36,5;15,8;asagi;zayif;zayif;asagi;0,50;-3,10;3;9,44;-2,68;3253685;10,44;SAT;NEGATIF;SAT;NEGATIF;ARTIYOR;SAT;SAT;NOTR;0;14.09.2026
MEKAG;izle;;6,9;0,9;6,0;0,0;0;0;zayif;18,6;35,4;45,3;asagi;zayif;zayif;asagi;0,67;-3,29;2;2,81;-3,77;17568083;3,17;SAT;NEGATIF;NOTR;NEGATIF;ARTIYOR;SAT;SAT;NOTR;0;14.09.2026
REEDR;izle;;6,8;0,7;3,0;3,1;10;0;zayif;17,5;26,4;38,5;asagi;zayif;zayif;asagi;0,89;-4,99;5;5,28;-2,40;52985059;5,80;SAT;NEGATIF;NOTR;NEGATIF;AZALIYOR;SAT;SAT;NOTR;0;14.09.2026
YYAPI;izle;;6,8;2,4;3,1;1,2;0;0;zayif;44,4;27,1;29,8;asagi;zayif;zayif;asagi;0,77;-5,44;2;0,77;-1,28;2238725;0,82;SAT;NEGATIF;SAT;NEGATIF;AZALIYOR;SAT;SAT;UCUZ (AL);0;14.09.2026
KLKIM;izle;;6,7;0,4;6,0;0,3;6;0;zayif;14,8;37,3;34,7;asagi;zayif;zayif;asagi;0,72;-2,35;3;25,4;-4,22;37003990;28,45;SAT;NEGATIF;NOTR;NEGATIF;ARTIYOR;SAT;SAT;UCUZ (AL);0;14.09.2026
MARMR;izle;;6,7;1,1;2,8;2,8;10;0;zayif;20,2;30,4;31,1;asagi;zayif;zayif;asagi;0,87;-3,21;4;2,03;-4,69;88401242;2,33;SAT;NEGATIF;SAT;NEGATIF;ARTIYOR;SAT;SAT;NOTR;0;14.09.2026
OYYAT;izle;;6,5;0,6;5,9;0,0;0;0;zayif;16,1;37,1;58,9;asagi;zayif;zayif;asagi;0,56;-2,62;2;33,22;-0,72;13100241;37,58;SAT;NEGATIF;NOTR;NEGATIF;AZALIYOR;SAT;SAT;NOTR;0;14.09.2026
SOKE;izle;;6,4;2,4;4,0;0,0;0;0;zayif;31,1;20,1;26,2;asagi;zayif;zayif;asagi;0,37;-5,85;1;10,81;-3,57;11869056;12,62;SAT;NEGATIF;SAT;NEGATIF;AZALIYOR;AL;SAT;NOTR;1;14.09.2026
YESIL;izle;;6,4;1,4;4,6;0,3;6;0;zayif;22,4;31,6;24,1;asagi;zayif;zayif;asagi;0,72;-3,84;3;1,11;-1,77;10842002;1,21;SAT;NEGATIF;SAT;NEGATIF;AZALIYOR;SAT;SAT;UCUZ (AL);0;14.09.2026
TUREX;izle;;6,4;1,0;4,4;1,0;10;0;zayif;19,4;32,1;17,8;asagi;zayif;zayif;asagi;0,76;-4,05;4;5,89;-2,64;68284755;6,51;SAT;NEGATIF;NOTR;NEGATIF;AZALIYOR;SAT;AL;NOTR;1;14.09.2026
AGROT;izle;;6,3;0,3;6,0;0,0;22;2;zayif;14,3;31,5;12,6;asagi;zayif;zayif;asagi;0,15;-4,62;1;1,9;-2,06;33463231;2,16;SAT;NEGATIF;NOTR;NEGATIF;AZALIYOR;SAT;SAT;UCUZ (AL);0;14.09.2026
GEDZA;izle;;6,2;1,2;4,5;0,5;28;2;zayif;21,0;34,4;25,8;asagi;zayif;zayif;asagi;0,62;-2,61;3;26,66;-2,91;8393021;29,52;SAT;NEGATIF;SAT;NEGATIF;ARTIYOR;SAT;SAT;NOTR;0;14.09.2026
BTCIM;izle;;6,2;2,4;3,7;0,0;0;0;zayif;50,3;27,9;47,6;asagi;zayif;zayif;asagi;0,70;-4,53;2;3,72;-4,86;340475708;4,42;SAT;NEGATIF;SAT;NEGATIF;AZALIYOR;AL;AL;NOTR;2;14.09.2026
KRSTL;izle;;6,2;2,4;2,9;0,8;6;0;zayif;38,7;25,1;33,9;asagi;zayif;zayif;asagi;0,75;-5,26;3;8,52;-2,52;24172731;9,21;SAT;NEGATIF;SAT;NEGATIF;ARTIYOR;SAT;SAT;NOTR;0;14.09.2026
CGCAM;izle;;6,1;2,4;3,6;0,0;0;0;zayif;30,4;28,6;26,0;asagi;zayif;zayif;asagi;0,62;-4,70;2;31,04;-3,18;41028113;35,39;SAT;NEGATIF;SAT;NEGATIF;AZALIYOR;SAT;SAT;NOTR;0;14.09.2026
HTTBT;izle;;6,1;0,9;4,6;0,6;10;0;zayif;18,5;32,4;39,5;asagi;zayif;zayif;asagi;0,55;-3,07;5;34,24;-1,83;8984165;37,20;SAT;NEGATIF;NOTR;NEGATIF;AZALIYOR;SAT;SAT;UCUZ (AL);0;14.09.2026
ARZUM;izle;;6,0;0,1;5,9;0,0;6;0;zayif;12,8;34,8;43,8;asagi;zayif;zayif;asagi;0,39;-3,66;3;1,5;-1,96;10422092;1,70;SAT;NEGATIF;NOTR;NEGATIF;AZALIYOR;SAT;SAT;UCUZ (AL);0;14.09.2026
NTHOL;izle;;6,0;1,2;4,0;0,7;40;5;zayif;20,9;33,2;39,4;asagi;zayif;zayif;asagi;0,54;-2,24;2;40,58;-1,50;36432805;44,57;SAT;NEGATIF;SAT;NEGATIF;AZALIYOR;SAT;SAT;UCUZ (AL);0;14.09.2026
SMRTG;izle;;5,8;4,4;1,5;0,0;6;0;zayif;22,0;25,4;30,7;asagi;zayif;zayif;asagi;0,66;-4,30;3;8;-4,19;115329000;9,57;SAT;NEGATIF;SAT;NEGATIF;ARTIYOR;SAT;SAT;NOTR;0;14.09.2026
EKOS;izle;;5,4;2,0;3,4;0,0;16;1;zayif;26,6;28,5;41,5;asagi;zayif;zayif;asagi;0,55;-4,50;3;4,64;-3,33;25951330;5,33;SAT;NEGATIF;SAT;NEGATIF;AZALIYOR;SAT;SAT;UCUZ (AL);0;14.09.2026
EKSUN;izle;;5,2;0,8;4,3;0,0;22;2;zayif;18,2;33,4;45,2;asagi;zayif;zayif;asagi;0,33;-3,22;2;5,45;-1,80;8398979;6,09;SAT;NEGATIF;NOTR;NEGATIF;AZALIYOR;SAT;SAT;NOTR;0;14.09.2026
KLSER;izle;;5,1;0,2;5,0;0,0;10;1;zayif;13,2;33,5;32,2;asagi;zayif;zayif;asagi;0,60;-3,37;2;22,82;-2,06;18581870;24,77;SAT;NEGATIF;NOTR;NEGATIF;AZALIYOR;SAT;SAT;UCUZ (AL);0;14.09.2026
A1CAP;izle;;5,1;2,4;2,6;0,0;6;0;zayif;37,3;25,8;27,1;asagi;zayif;zayif;asagi;0,55;-5,23;3;7,01;-1,96;31269002;7,94;SAT;NEGATIF;SAT;NEGATIF;AZALIYOR;SAT;SAT;UCUZ (AL);0;14.09.2026
BEGYO;izle;;5,1;1,2;3,8;0,0;10;0;zayif;20,9;30,6;38,4;asagi;zayif;zayif;asagi;0,57;-3,65;4;3,25;-2,69;6221189;3,60;SAT;NEGATIF;SAT;NEGATIF;AZALIYOR;SAT;SAT;UCUZ (AL);0;14.09.2026
IZINV;izle;;5,0;0,5;4,5;0,0;10;0;zayif;15,4;31,5;25,0;asagi;zayif;zayif;asagi;0,49;-3,91;4;48,24;-1,59;6404728;54,23;SAT;NEGATIF;NOTR;NEGATIF;AZALIYOR;SAT;SAT;UCUZ (AL);0;14.09.2026
EMKEL;izle;;5,0;2,4;2,5;0,0;6;0;zayif;46,6;17,0;33,9;asagi;zayif;zayif;asagi;0,53;-7,11;3;12,28;-5,10;28213116;14,29;SAT;NEGATIF;SAT;NEGATIF;ARTIYOR;AL;AL;UCUZ (AL);2;14.09.2026
ELITE;izle;;4,9;1,6;3,3;0,0;16;1;zayif;23,8;26,9;59,2;asagi;zayif;zayif;asagi;0,45;-4,41;3;25,08;-3,32;19988258;27,89;SAT;NEGATIF;SAT;NEGATIF;ARTIYOR;SAT;SAT;NOTR;0;14.09.2026
ATAKP;izle;;4,6;2,4;2,2;0,0;10;0;zayif;35,2;23,2;26,7;asagi;zayif;zayif;asagi;0,52;-5,75;4;39,32;-1,70;7384964;43,27;SAT;NEGATIF;SAT;NEGATIF;AZALIYOR;SAT;SAT;UCUZ (AL);0;14.09.2026
ENSRI;izle;;4,3;0,2;3,4;0,7;6;0;zayif;13,1;29,4;16,5;asagi;zayif;zayif;asagi;0,74;-6,71;3;4,15;-5,90;74317515;5,08;SAT;NEGATIF;NOTR;NEGATIF;ARTIYOR;SAT;SAT;UCUZ (AL);0;14.09.2026
GEDIK;izle;;4,1;1,1;3,0;0,0;0;0;zayif;20,1;28,2;33,9;asagi;zayif;zayif;asagi;0,26;-3,42;1;5,55;-1,77;12610199;6,10;SAT;NEGATIF;SAT;NEGATIF;AZALIYOR;SAT;SAT;NOTR;0;14.09.2026
OYLUM;izle;;3,8;0,9;2,9;0,0;6;0;zayif;18,5;24,8;36,7;asagi;zayif;zayif;asagi;0,66;-2,96;3;6,89;-0,72;1872475;7,48;SAT;NEGATIF;NOTR;NEGATIF;AZALIYOR;SAT;SAT;UCUZ (AL);0;14.09.2026
PAMEL;izle;;1,9;0,1;1,8;0,0;10;0;zayif;12,7;25,3;62,4;asagi;zayif;zayif;asagi;0,42;-4,32;4;67,8;-1,88;9097201;74,85;SAT;NEGATIF;NOTR;NEGATIF;AZALIYOR;SAT;SAT;NOTR;0;14.09.2026