hisse;durum;yeni_sinyal;konfluans;trend_35;momentum_30;hacim_35;risk;uyumsuzluk;rejim;adx;rsi;mfi;supertrend;goreli_guc;usd_trend;haftalik_trend;hacim_orani;ema50_uzaklik_atr;dagitim_gun;kapanis;degisim%;islem_hacmi_tl;st_cizgisi;osc_macd;osc_rsi;osc_adx;osc_momentum;osc_atr;osc_wavetrend;osc_stochrsi;osc_sharpe;osc_al_sayisi;tarih
POLHO;GUCLU AL;;100,0;35,0;30,0;35,0;20;1;guclu trend;30,1;65,6;40,2;yukari;guclu;yukselis;yukari;1,42;2,32;1;23,5;1,38;59555181;21,14;AL;POZITIF;AL;POZITIF;AZALIYOR;AL;AL;NOTR;6;08.09.2026
ALBRK;izle;;99,9;35,0;30,0;34,9;50;3;guclu trend;31,7;65,0;69,0;yukari;guclu;yukselis;yukari;1,39;2,22;2;9,13;2,70;182651557;8,39;AL;POZITIF;AL;POZITIF;ARTIYOR;AL;AL;NOTR;6;08.09.2026
VAKBN;GUCLU AL;;99,0;34,0;30,0;35,0;28;0;guclu trend;27,3;70,4;66,4;yukari;guclu;yukselis;yukari;1,94;3,31;2;36,64;9,96;4226473171;30,35;AL;POZITIF;AL;POZITIF;ARTIYOR;AL;AL;NOTR;6;08.09.2026
HALKB;GUCLU AL;;98,1;35,0;30,0;33,1;32;0;guclu trend;31,4;66,6;29,8;yukari;guclu;yukselis;yukari;2,76;3,61;2;50,8;1,76;7506133781;44,37;AL;POZITIF;AL;POZITIF;ARTIYOR;AL;SAT;NOTR;5;08.09.2026
BAHKM;GUCLU AL;EVET;98,0;35,0;30,0;33,0;28;1;guclu trend;46,7;69,1;80,5;yukari;guclu;yukselis;yukari;1,32;2,85;2;164,2;-2,67;319136657;138,64;AL;POZITIF;AL;POZITIF;ARTIYOR;SAT;SAT;NOTR;4;08.09.2026
RYSAS;GUCLU AL;;97,4;35,0;30,0;32,4;10;0;guclu trend;35,7;62,6;80,0;yukari;guclu;yukselis;yukari;1,44;2,26;1;28,1;-0,07;716375134;24,77;AL;POZITIF;AL;POZITIF;ARTIYOR;SAT;SAT;NOTR;4;08.09.2026
KCHOL;izle;;97,2;35,0;30,0;32,2;48;2;guclu trend;30,8;67,7;65,4;yukari;guclu;yukselis;yukari;1,13;3,08;3;224,8;2,32;7863502876;203,49;AL;POZITIF;AL;POZITIF;ARTIYOR;AL;AL;NOTR;6;08.09.2026
SKYMD;GUCLU AL;EVET;96,0;31,6;30,0;34,4;20;1;guclu trend;21,3;67,0;80,3;yukari;guclu;yukselis;yukari;2,75;2,51;1;17,02;-0,64;143922856;14,00;AL;POZITIF;AL;POZITIF;ARTIYOR;AL;AL;NOTR;6;08.09.2026
BORSK;GUCLU AL;;95,0;30,0;30,0;35,0;22;0;zayif;36,3;69,2;80,5;yukari;guclu;yukselis;yukari;2,78;2,21;2;6,91;1,62;200000808;5,97;AL;POZITIF;AL;POZITIF;ARTIYOR;AL;AL;NOTR;6;08.09.2026
TURGG;GUCLU AL;;94,4;30,0;30,0;34,4;30;2;zayif;34,7;72,1;77,1;yukari;guclu;yukselis;yukari;2,38;1,97;1;31,5;0,90;85922802;25,81;AL;POZITIF;AL;POZITIF;ARTIYOR;AL;AL;NOTR;6;08.09.2026
BOBET;izle;;94,1;35,0;29,7;29,4;60;3;guclu trend;41,9;72,6;68,4;yukari;guclu;yukselis;yukari;0,97;3,66;0;24,18;1,60;224606618;19,88;AL;POZITIF;AL;POZITIF;AZALIYOR;AL;AL;NOTR;6;08.09.2026
PETKM;AL;;93,9;30,0;28,9;35,0;28;0;ilimli;17,1;74,1;67,5;yukari;guclu;yukselis;yukari;2,91;4,21;2;24,26;9,97;5561910555;20,47;AL;POZITIF;NOTR;POZITIF;ARTIYOR;AL;AL;NOTR;5;08.09.2026
TARKM;GUCLU AL;;93,6;34,3;30,0;29,3;0;0;guclu trend;28,2;59,3;79,8;yukari;guclu;yukselis;yukari;1,10;1,65;1;540,5;6,08;122142731;478,25;AL;POZITIF;AL;POZITIF;ARTIYOR;SAT;SAT;NOTR;4;08.09.2026
GMTAS;AL;EVET;93,3;29,1;29,6;34,6;0;0;ilimli;14,9;60,7;63,7;yukari;guclu;yukselis;yukari;1,66;1,70;0;48,9;3,91;245446753;42,49;AL;POZITIF;NOTR;POZITIF;ARTIYOR;AL;AL;NOTR;5;08.09.2026
ATSYH;izle;;92,4;29,4;30,0;33,0;50;3;ilimli;15,6;57,6;61,9;yukari;guclu;yukselis;yukari;1,20;2,73;2;130;-2,99;7346430;114,03;AL;POZITIF;NOTR;POZITIF;AZALIYOR;AL;AL;NOTR;5;08.09.2026
ETILR;AL;EVET;92,2;28,6;30,0;33,6;6;0;ilimli;13,6;61,4;59,9;yukari;guclu;yukselis;yukari;1,42;1,73;3;6,52;5,50;70097948;5,10;AL;POZITIF;NOTR;POZITIF;ARTIYOR;AL;AL;NOTR;5;08.09.2026
GUBRF;GUCLU AL;;92,2;34,9;30,0;27,3;18;1;guclu trend;29,7;63,6;77,6;yukari;guclu;yukselis;yukari;0,92;2,07;1;504;2,60;1803570048;440,23;AL;POZITIF;AL;POZITIF;AZALIYOR;AL;AL;NOTR;6;08.09.2026
TUPRS;izle;;91,9;35,0;23,6;33,4;42;2;guclu trend;45,9;65,2;61,9;yukari;guclu;yukselis;yukari;1,28;4,04;1;394,5;0,06;15215309150;364,54;SAT;POZITIF;AL;POZITIF;ARTIYOR;SAT;AL;NOTR;4;08.09.2026
AYGAZ;izle;;91,9;35,0;23,7;33,2;50;4;guclu trend;43,3;57,7;67,3;yukari;guclu;yukselis;yukari;1,38;2,50;2;324,25;1,81;589136634;299,67;SAT;POZITIF;AL;POZITIF;AZALIYOR;SAT;SAT;NOTR;3;08.09.2026
KRGYO;GUCLU AL;;90,9;30,0;30,0;30,9;36;0;zayif;39,9;70,4;66,5;yukari;guclu;yukselis;yukari;1,06;3,36;2;3,35;9,84;78731981;2,79;AL;POZITIF;AL;POZITIF;ARTIYOR;AL;AL;NOTR;6;08.09.2026
ENERY;GUCLU AL;;90,9;35,0;30,0;26,0;28;0;guclu trend;36,9;72,1;90,8;yukari;guclu;yukselis;yukari;0,92;3,30;0;10,82;0,28;435937410;9,64;AL;POZITIF;AL;POZITIF;AZALIYOR;AL;SAT;NOTR;5;08.09.2026
AVOD;GUCLU AL;;90,7;30,0;30,0;30,7;6;0;zayif;38,6;65,5;81,2;yukari;guclu;yukselis;yukari;2,07;1,60;3;4,5;0,00;100448420;3,92;AL;POZITIF;AL;POZITIF;ARTIYOR;AL;SAT;NOTR;5;08.09.2026
BIMAS;GUCLU AL;;90,6;33,5;30,0;27,1;18;0;guclu trend;26,0;62,5;47,2;yukari;guclu;yukselis;yukari;0,83;2,33;1;420,5;0,60;3595964620;385,67;AL;POZITIF;AL;POZITIF;AZALIYOR;AL;AL;NOTR;6;08.09.2026
RYGYO;GUCLU AL;;90,4;35,0;24,5;30,9;10;0;guclu trend;46,2;58,5;74,7;yukari;guclu;yukselis;yukari;1,56;2,26;1;46,5;3,98;261232211;43,73;SAT;POZITIF;AL;POZITIF;ARTIYOR;SAT;SAT;NOTR;3;08.09.2026
DEVA;GUCLU AL;;90,0;35,0;30,0;25,0;28;0;guclu trend;44,5;69,6;72,9;yukari;guclu;yukselis;yukari;0,37;4,32;1;95,8;1,59;35997137;84,52;AL;POZITIF;AL;POZITIF;AZALIYOR;SAT;AL;NOTR;5;08.09.2026
AGHOL;GUCLU AL;;89,6;25,9;28,7;35,0;0;0;ilimli;24,7;66,2;70,3;yukari;guclu;yukselis;yukari;1,32;1,91;2;35,16;1,80;274592252;30,97;AL;POZITIF;AL;POZITIF;ARTIYOR;AL;SAT;NOTR;5;08.09.2026
CELHA;GUCLU AL;;89,3;33,3;26,0;29,9;16;1;guclu trend;25,7;57,8;39,7;yukari;guclu;yukselis;yukari;1,12;1,71;3;25,94;6,22;78626864;21,70;SAT;POZITIF;AL;POZITIF;ARTIYOR;AL;AL;NOTR;5;08.09.2026
ENJSA;izle;;89,1;29,3;28,8;31,0;32;3;ilimli;15,3;57,4;69,8;yukari;guclu;yukselis;yukari;1,06;1,30;2;115,3;2,04;531886971;103,75;AL;POZITIF;NOTR;POZITIF;AZALIYOR;AL;SAT;NOTR;4;08.09.2026
AHGAZ;GUCLU AL;;88,9;34,9;30,0;24,0;10;0;guclu trend;29,8;64,0;85,3;yukari;guclu;yukselis;yukari;0,55;2,72;0;38,36;-1,49;118214933;35,70;AL;POZITIF;AL;POZITIF;AZALIYOR;SAT;SAT;NOTR;4;08.09.2026
AGESA;izle;;88,7;34,1;29,6;25,0;40;4;guclu trend;27,7;60,4;80,5;yukari;guclu;yukselis;yukari;0,63;1,85;1;260;2,36;39516880;239,61;AL;POZITIF;AL;POZITIF;AZALIYOR;SAT;SAT;NOTR;4;08.09.2026
ALARK;GUCLU AL;;88,7;33,7;30,0;25,0;10;0;guclu trend;26,7;65,0;45,4;yukari;guclu;yukselis;yukari;0,56;2,38;1;115;0,97;367144055;102,66;AL;POZITIF;AL;POZITIF;AZALIYOR;AL;AL;NOTR;6;08.09.2026
ISDMR;GUCLU AL;EVET;88,3;31,1;30,0;27,2;10;0;guclu trend;20,1;69,0;76,9;yukari;guclu;yukselis;yukari;0,96;2,25;0;59,65;0,25;103251883;52,22;AL;POZITIF;AL;POZITIF;AZALIYOR;AL;AL;NOTR;6;08.09.2026
INDES;GUCLU AL;;87,9;32,9;30,0;25,0;8;0;guclu trend;24,6;59,6;66,2;yukari;guclu;yukselis;yukari;0,59;1,73;2;11,8;-0,34;56577625;10,83;AL;POZITIF;AL;NEGATIF;AZALIYOR;AL;AL;NOTR;5;08.09.2026
KRPLS;GUCLU AL;;87,7;35,0;30,0;22,7;32;0;guclu trend;45,6;69,6;87,1;yukari;guclu;yukselis;yukari;6,10;3,24;1;12,14;-2,33;359792500;10,79;AL;POZITIF;AL;POZITIF;ARTIYOR;AL;AL;NOTR;6;08.09.2026
ALTNY;AL;EVET;87,4;29,9;25,6;31,9;0;0;ilimli;16,8;57,1;72,5;yukari;guclu;yukselis;yukari;1,27;1,34;1;18,18;9,98;688366666;16,42;SAT;POZITIF;NOTR;NEGATIF;ARTIYOR;SAT;AL;NOTR;2;08.09.2026
AVGYO;izle;;87,2;23,6;30,0;33,6;10;0;guclu trend;21,3;62,9;52,0;asagi;guclu;yukselis;yukari;1,38;2,26;2;18,13;3,01;43049050;18,21;AL;POZITIF;AL;POZITIF;ARTIYOR;AL;AL;NOTR;6;08.09.2026
KARSN;izle;;87,0;30,0;23,5;33,5;47;0;zayif;33,6;84,9;94,3;yukari;guclu;yukselis;yukari;3,09;5,10;0;14,15;1,51;1591283643;12,20;AL;POZITIF;AL;POZITIF;ARTIYOR;AL;SAT;NOTR;5;08.09.2026
TRCAS;GUCLU AL;;87,0;31,9;30,0;25,1;6;0;guclu trend;22,0;60,1;66,2;yukari;guclu;yukselis;yukari;0,71;1,92;3;48,98;0,25;35808200;44,01;AL;POZITIF;AL;POZITIF;AZALIYOR;AL;AL;NOTR;6;08.09.2026
YKBNK;AL;EVET;86,9;28,6;29,6;28,7;30;2;ilimli;15,6;62,8;65,2;yukari;guclu;yukselis;yukari;1,69;1,57;2;37,62;3,75;14362015100;34,06;AL;POZITIF;NOTR;POZITIF;ARTIYOR;AL;AL;NOTR;5;08.09.2026
MANAS;GUCLU AL;;86,8;35,0;25,7;26,1;35;0;guclu trend;31,6;80,6;80,7;yukari;guclu;yukselis;yukari;0,77;3,86;2;39,46;-0,35;809253217;33,87;AL;POZITIF;AL;POZITIF;AZALIYOR;AL;SAT;PAHALI (SAT);5;08.09.2026
IEYHO;GUCLU AL;;86,8;35,0;22,0;29,8;35;0;guclu trend;87,5;94,3;100,0;yukari;guclu;yukselis;yukari;0,99;11,69;0;219,9;1,34;256033968;208,14;AL;POZITIF;AL;POZITIF;ARTIYOR;SAT;SAT;PAHALI (SAT);4;08.09.2026
AKBNK;AL;;86,7;25,2;30,0;31,5;8;0;zayif;18,7;67,1;62,4;yukari;guclu;yukselis;yukari;2,01;1,98;1;74,95;2,60;24054779557;67,02;AL;POZITIF;NOTR;POZITIF;ARTIYOR;AL;AL;NOTR;5;08.09.2026
ETYAT;GUCLU AL;;86,5;33,4;25,0;28,1;0;0;guclu trend;26,0;58,1;48,4;yukari;guclu;yukselis;yukari;0,96;1,77;2;15,69;-2,97;13292835;13,55;SAT;POZITIF;AL;POZITIF;AZALIYOR;AL;AL;NOTR;5;08.09.2026
AKCNS;AL;;86,4;29,6;28,0;28,7;20;1;ilimli;16,2;62,4;50,4;yukari;guclu;yukselis;yukari;0,92;2,25;2;249,5;0,28;72196069;233,16;AL;POZITIF;NOTR;POZITIF;ARTIYOR;AL;AL;NOTR;5;08.09.2026
SISE;GUCLU AL;EVET;85,9;21,9;30,0;34,0;18;0;zayif;21,9;71,6;66,7;yukari;guclu;yukselis;yukari;3,24;2,81;1;45,82;9,99;10761054725;39,09;AL;POZITIF;AL;POZITIF;ARTIYOR;AL;AL;NOTR;6;08.09.2026
MARTI;GUCLU AL;;85,7;30,0;27,2;28,5;28;0;zayif;41,8;77,6;85,6;yukari;guclu;yukselis;yukari;0,95;3,84;0;2,18;4,81;272923513;1,70;AL;POZITIF;AL;POZITIF;ARTIYOR;AL;SAT;NOTR;5;08.09.2026
DOHOL;AL;;85,7;28,1;24,5;33,1;8;0;ilimli;13,6;53,2;64,2;yukari;guclu;yukselis;yukari;1,81;0,48;2;21,76;-0,27;428208360;20,39;AL;POZITIF;NOTR;POZITIF;ARTIYOR;SAT;AL;NOTR;4;08.09.2026
NETAS;GUCLU AL;;85,4;35,0;30,0;20,4;10;0;guclu trend;46,3;59,1;67,1;yukari;guclu;yukselis;yukari;0,75;2,34;2;95,05;-4,66;196026653;83,84;AL;POZITIF;AL;NEGATIF;ARTIYOR;SAT;SAT;NOTR;3;08.09.2026
BRSAN;GUCLU AL;;85,4;35,0;26,0;24,4;20;0;guclu trend;34,2;63,2;56,7;yukari;guclu;yukselis;yukari;0,57;3,13;2;728,5;0,07;1183017707;637,64;SAT;POZITIF;AL;POZITIF;AZALIYOR;AL;AL;NOTR;5;08.09.2026
PNSUT;GUCLU AL;;85,2;21,4;30,0;33,8;0;0;zayif;35,0;64,1;76,6;yukari;guclu;yukselis;yukari;1,38;1,53;0;12,08;-1,71;74449028;10,44;AL;POZITIF;AL;POZITIF;ARTIYOR;AL;AL;NOTR;6;08.09.2026
TEHOL;GUCLU AL;;84,6;35,0;29,0;20,6;10;1;guclu trend;48,5;57,2;78,4;yukari;guclu;yukselis;yukari;0,33;1,87;0;46,6;1,08;995138060;39,01;AL;POZITIF;AL;POZITIF;AZALIYOR;AL;AL;NOTR;6;08.09.2026
MRGYO;GUCLU AL;;84,6;28,0;30,0;26,6;8;0;zayif;36,5;65,1;65,9;yukari;guclu;yukselis;yukari;0,93;1,75;1;1,62;3,18;193438119;1,38;AL;POZITIF;AL;POZITIF;AZALIYOR;SAT;SAT;NOTR;4;08.09.2026
KUVVA;izle;;84,4;35,0;22,2;27,2;42;3;guclu trend;32,2;49,5;49,1;yukari;guclu;yukselis;yukari;1,13;0,74;4;175;-3,85;42927850;163,41;SAT;NEGATIF;AL;NEGATIF;ARTIYOR;SAT;SAT;NOTR;1;08.09.2026
CATES;GUCLU AL;;84,3;35,0;24,4;24,9;6;0;guclu trend;46,9;55,0;65,4;yukari;guclu;yukselis;yukari;1,03;1,92;3;63;-2,93;247891518;60,79;SAT;POZITIF;AL;NEGATIF;ARTIYOR;SAT;SAT;NOTR;2;08.09.2026
SOKM;AL;;84,2;29,7;26,0;28,6;32;2;ilimli;16,3;64,2;65,5;yukari;guclu;yukselis;yukari;0,93;2,29;2;59;1,72;289065603;52,67;SAT;POZITIF;NOTR;POZITIF;AZALIYOR;AL;AL;NOTR;4;08.09.2026
VBTYZ;GUCLU AL;;84,2;35,0;24,7;24,5;20;1;guclu trend;34,2;58,6;72,4;yukari;guclu;yukselis;yukari;0,74;2,21;1;37,9;1,28;88258412;32,80;SAT;POZITIF;AL;NEGATIF;AZALIYOR;SAT;SAT;NOTR;2;08.09.2026
EUKYO;GUCLU AL;;84,1;35,0;24,3;24,8;0;0;guclu trend;44,9;57,1;52,2;yukari;guclu;yukselis;yukari;0,76;1,69;1;13,65;0,37;10093588;12,26;SAT;POZITIF;AL;NEGATIF;ARTIYOR;AL;AL;PAHALI (SAT);4;08.09.2026
KZGYO;GUCLU AL;;83,7;24,2;24,5;35,0;35;0;zayif;28,0;83,0;87,9;yukari;guclu;yukselis;yukari;3,58;4,96;0;26,28;9,96;195104402;21,16;AL;POZITIF;AL;POZITIF;ARTIYOR;AL;AL;NOTR;6;08.09.2026
KLSYN;GUCLU AL;;83,7;34,4;24,7;24,6;0;0;guclu trend;28,3;60,2;68,9;yukari;guclu;yukselis;yukari;0,64;1,85;0;15,94;-1,30;30619449;14,12;SAT;POZITIF;AL;POZITIF;ARTIYOR;AL;AL;NOTR;5;08.09.2026
ALKLC;izle;;83,6;35,0;23,6;25,0;45;1;guclu trend;62,8;84,8;48,2;yukari;guclu;yukselis;yukari;0,55;5,67;2;468;1,74;573513408;433,70;AL;POZITIF;AL;POZITIF;ARTIYOR;AL;AL;NOTR;6;08.09.2026
OFSYM;GUCLU AL;;83,6;35,0;25,0;23,6;0;0;guclu trend;48,9;58,4;66,5;yukari;guclu;yukselis;yukari;0,32;1,71;1;67,3;0,52;59954138;58,06;SAT;POZITIF;AL;POZITIF;AZALIYOR;SAT;SAT;NOTR;3;08.09.2026
FLAP;GUCLU AL;EVET;83,5;25,0;29,5;29,0;0;0;zayif;31,1;63,9;70,1;yukari;guclu;yukselis;yukari;1,52;1,29;0;11,84;3,95;21018818;9,62;AL;POZITIF;AL;POZITIF;ARTIYOR;AL;AL;NOTR;6;08.09.2026
HUNER;GUCLU AL;;83,5;32,8;18,7;32,0;22;2;guclu trend;25,5;49,6;62,0;yukari;guclu;yukselis;yukari;1,32;0,33;2;3,79;-2,82;209950711;3,50;SAT;NEGATIF;AL;NEGATIF;ARTIYOR;SAT;SAT;NOTR;1;08.09.2026
NIBAS;GUCLU AL;EVET;83,4;20,1;30,0;33,3;18;1;zayif;26,6;68,1;73,0;yukari;guclu;yukselis;yukari;2,27;2,00;2;4,9;3,16;341339057;3,94;AL;POZITIF;AL;POZITIF;ARTIYOR;AL;AL;NOTR;6;08.09.2026
GENIL;GUCLU AL;;83,3;35,0;26,0;22,3;28;2;guclu trend;38,8;58,1;63,6;yukari;guclu;yukselis;yukari;0,44;1,93;3;11,64;2,46;243840982;10,34;SAT;POZITIF;AL;NEGATIF;AZALIYOR;SAT;AL;NOTR;3;08.09.2026
BAGFS;AL;;83,0;18,0;30,0;35,0;10;0;zayif;36,5;68,6;48,3;yukari;guclu;yukselis;yukari;2,46;2,52;0;28,46;6,04;91319545;25,13;AL;POZITIF;AL;POZITIF;ARTIYOR;AL;AL;NOTR;6;08.09.2026
KRDMD;GUCLU AL;;82,8;31,5;26,0;25,3;0;0;guclu trend;20,9;57,9;60,3;yukari;guclu;yukselis;yukari;0,76;1,79;0;45,98;1,73;2168279274;41,86;SAT;POZITIF;AL;POZITIF;AZALIYOR;SAT;AL;NOTR;4;08.09.2026
SAHOL;izle;;82,1;23,9;29,5;28,7;40;3;zayif;18,6;69,1;60,5;yukari;guclu;yukselis;yukari;1,03;2,04;1;96,5;2,60;3877846517;88,21;AL;POZITIF;NOTR;POZITIF;ARTIYOR;AL;AL;NOTR;5;08.09.2026
KONYA;AL;;82,0;20,0;29,5;32,5;10;1;zayif;30,2;63,5;72,7;yukari;guclu;yukselis;yukari;3,26;1,75;1;4062,5;5,93;198132188;3704,36;AL;POZITIF;AL;POZITIF;ARTIYOR;AL;AL;NOTR;6;08.09.2026
ISCTR;GUCLU AL;EVET;82,0;21,0;28,4;32,5;28;0;zayif;24,6;75,1;55,7;yukari;guclu;yukselis;yukari;2,66;3,09;1;14,35;9,96;25932921658;12,39;AL;POZITIF;AL;POZITIF;ARTIYOR;AL;AL;NOTR;6;08.09.2026
SELEC;izle;;82,0;35,0;22,0;25,0;43;0;guclu trend;49,4;90,7;89,2;yukari;guclu;yukselis;yukari;0,32;6,91;0;375;2,74;737235000;320,16;AL;POZITIF;AL;POZITIF;AZALIYOR;AL;SAT;PAHALI (SAT);5;08.09.2026
TRHOL;izle;;82,0;35,0;22,0;25,0;43;0;guclu trend;57,6;96,2;100,0;yukari;guclu;yukselis;yukari;0,39;8,32;0;3747,5;2,67;540576875;3144,71;AL;POZITIF;AL;POZITIF;ARTIYOR;SAT;AL;PAHALI (SAT);5;08.09.2026
ANELE;izle;;82,0;35,0;22,0;25,0;43;0;guclu trend;38,5;89,7;81,8;yukari;guclu;yukselis;yukari;0,34;6,31;0;218,6;1,77;492079530;182,84;AL;POZITIF;AL;POZITIF;AZALIYOR;AL;SAT;PAHALI (SAT);5;08.09.2026
PETUN;GUCLU AL;;82,0;20,5;28,0;33,5;8;0;zayif;42,3;60,7;81,3;yukari;guclu;yukselis;yukari;1,93;1,01;0;12,04;-2,03;76976163;10,87;AL;POZITIF;AL;POZITIF;ARTIYOR;AL;AL;NOTR;6;08.09.2026
TKFEN;GUCLU AL;;81,8;34,7;26,0;21,1;10;0;guclu trend;29,3;57,6;50,4;yukari;guclu;yukselis;yukari;0,75;2,39;1;216,1;4,40;1065078240;197,64;SAT;POZITIF;AL;NEGATIF;AZALIYOR;SAT;AL;NOTR;3;08.09.2026
TRMET;GUCLU AL;;81,4;31,2;26,0;24,2;0;0;guclu trend;20,2;56,1;64,3;yukari;guclu;yukselis;yukari;0,74;1,60;1;141,3;2,24;667240360;128,36;SAT;POZITIF;AL;POZITIF;AZALIYOR;SAT;AL;NOTR;4;08.09.2026
GARAN;AL;;80,8;19,7;27,9;33,3;30;2;zayif;16,5;62,0;63,5;yukari;guclu;yukselis;yukari;1,49;1,38;1;136;1,87;7077256808;124,55;AL;POZITIF;NOTR;POZITIF;ARTIYOR;AL;AL;NOTR;5;08.09.2026
EGGUB;AL;;80,6;29,7;25,5;25,4;0;0;ilimli;18,9;57,3;69,8;yukari;guclu;yukselis;yukari;0,80;1,28;2;108,7;1,59;71323505;100,13;SAT;POZITIF;NOTR;NEGATIF;AZALIYOR;SAT;AL;NOTR;2;08.09.2026
EGPRO;izle;;80,3;25,3;29,8;25,2;8;0;guclu trend;25,5;58,3;62,8;asagi;guclu;yukselis;yukari;1,15;1,42;2;39,28;5,14;71301999;41,75;AL;POZITIF;AL;POZITIF;ARTIYOR;AL;AL;NOTR;6;08.09.2026
PRZMA;GUCLU AL;EVET;80,2;33,1;26,0;21,2;22;2;guclu trend;25,0;58,0;50,7;yukari;guclu;yukselis;yukari;0,31;1,96;1;85,65;9,81;127303308;67,71;SAT;POZITIF;AL;POZITIF;ARTIYOR;SAT;AL;PAHALI (SAT);4;08.09.2026
SASA;AL;;80,1;15,1;30,0;35,0;10;0;zayif;16,7;68,5;75,5;yukari;guclu;yukselis;yukari;2,98;2,82;0;2,76;9,96;22281749310;2,33;AL;POZITIF;NOTR;POZITIF;ARTIYOR;AL;AL;NOTR;5;08.09.2026
TRALT;AL;;79,7;29,5;24,0;26,2;10;1;ilimli;15,9;55,0;61,6;yukari;guclu;yukselis;yukari;0,92;1,14;2;53;3,31;5340038532;48,12;SAT;POZITIF;NOTR;NEGATIF;AZALIYOR;SAT;AL;NOTR;2;08.09.2026
BVSAN;AL;EVET;79,7;20,0;30,0;29,7;10;0;zayif;17,1;67,7;56,7;yukari;guclu;yukselis;yukari;1,20;2,42;2;121,7;9,94;89862428;104,02;AL;POZITIF;NOTR;POZITIF;ARTIYOR;AL;AL;NOTR;5;08.09.2026
OZATD;izle;;79,0;35,0;22,6;21,4;48;2;guclu trend;45,1;64,1;88,4;yukari;guclu;yukselis;yukari;0,46;4,38;3;4560;-0,87;1206945360;4260,49;SAT;POZITIF;AL;POZITIF;ARTIYOR;SAT;SAT;PAHALI (SAT);3;08.09.2026
RALYH;izle;;78,6;31,0;26,0;21,6;32;3;ilimli;19,8;59,8;38,3;yukari;guclu;yukselis;yukari;0,98;1,87;2;273,75;3,79;558889916;235,06;SAT;POZITIF;NOTR;POZITIF;AZALIYOR;AL;AL;NOTR;4;08.09.2026
EKGYO;AL;;78,4;21,6;27,3;29,5;8;0;zayif;19,1;58,5;45,8;yukari;guclu;yukselis;yukari;1,15;1,13;2;20,44;2,40;3221214901;18,55;AL;POZITIF;NOTR;POZITIF;ARTIYOR;AL;AL;NOTR;5;08.09.2026
BJKAS;izle;;78,0;27,0;25,0;26,0;0;0;guclu trend;33,1;52,9;53,0;asagi;guclu;yukselis;yukari;1,31;1,09;0;2,28;3,64;1422102070;2,68;SAT;POZITIF;AL;NEGATIF;AZALIYOR;SAT;AL;NOTR;3;08.09.2026
ORGE;GUCLU AL;;77,9;32,9;25,3;19,7;22;2;guclu trend;24,5;56,3;60,7;yukari;guclu;yukselis;yukari;0,46;1,19;2;23,34;1,48;74170576;20,44;SAT;POZITIF;AL;NEGATIF;AZALIYOR;SAT;AL;NOTR;3;08.09.2026
AKFIS;GUCLU AL;;77,1;31,5;24,4;21,2;16;1;guclu trend;21,1;54,5;62,8;yukari;guclu;yukselis;yukari;0,45;1,57;3;17,53;-3,58;172157888;16,36;SAT;POZITIF;AL;NEGATIF;ARTIYOR;SAT;AL;PAHALI (SAT);3;08.09.2026
ADGYO;AL;;76,8;30,8;24,7;21,3;10;0;ilimli;19,2;54,3;57,7;yukari;guclu;yukselis;yukari;0,68;0,95;4;59,25;-0,67;42638848;54,81;SAT;POZITIF;NOTR;NEGATIF;AZALIYOR;SAT;AL;NOTR;2;08.09.2026
OZSUB;GUCLU AL;EVET;75,9;29,9;25,1;20,9;16;1;guclu trend;25,9;51,1;36,5;yukari;guclu;yukselis;yukari;0,54;1,12;3;40,84;5,80;84535614;37,97;SAT;POZITIF;SAT;NEGATIF;ARTIYOR;SAT;AL;NOTR;2;08.09.2026
AKSA;GUCLU AL;EVET;75,6;25,4;20,5;29,7;0;0;ilimli;29,8;54,0;46,0;yukari;zayif;zayif;yukari;2,39;0,18;1;11,55;5,87;593922529;10,29;AL;POZITIF;AL;POZITIF;ARTIYOR;AL;AL;NOTR;6;08.09.2026
DMLKT;GUCLU AL;;75,6;35,0;24,6;16,0;16;0;guclu trend;49,3;59,7;54,1;yukari;guclu;yukselis;yukari;0,55;2,55;3;6,92;-1,28;40662951;6,62;SAT;POZITIF;AL;NEGATIF;ARTIYOR;SAT;SAT;NOTR;2;08.09.2026
MTRKS;GUCLU AL;EVET;75,4;32,0;26,0;17,4;0;0;guclu trend;22,2;58,7;58,4;yukari;guclu;yukselis;yukari;0,57;1,63;2;33,56;1,15;33536038;31,00;SAT;POZITIF;AL;POZITIF;AZALIYOR;AL;AL;NOTR;5;08.09.2026
DENGE;AL;;75,3;16,6;29,6;29,1;22;2;zayif;26,7;60,5;81,4;yukari;guclu;yukselis;yukari;2,11;1,46;2;2,54;-0,78;121005448;2,22;AL;POZITIF;AL;POZITIF;ARTIYOR;AL;AL;UCUZ (AL);6;08.09.2026
ARASE;GUCLU AL;;75,2;32,3;19,8;23,2;0;0;guclu trend;23,0;53,4;70,0;yukari;guclu;yukselis;yukari;0,54;0,73;0;121,2;0,33;28629985;108,17;SAT;POZITIF;AL;NEGATIF;ARTIYOR;SAT;AL;NOTR;3;08.09.2026
CEMZY;GUCLU AL;EVET;75,1;35,0;23,9;16,2;0;0;guclu trend;32,6;51,9;65,6;yukari;guclu;yukselis;yukari;0,14;0,59;1;14,99;1,28;139949743;13,41;SAT;POZITIF;AL;NEGATIF;AZALIYOR;SAT;AL;NOTR;3;08.09.2026
ARDYZ;AL;;74,0;35,0;21,1;17,9;0;0;guclu trend;42,3;47,9;44,4;yukari;guclu;yukselis;yukari;0,44;0,80;1;81,8;-2,27;199725661;80,55;SAT;NEGATIF;AL;NEGATIF;AZALIYOR;SAT;SAT;NOTR;1;08.09.2026
TRENJ;AL;;73,8;30,5;26,0;17,3;26;1;ilimli;18,5;60,5;75,9;yukari;guclu;yukselis;yukari;0,72;2,35;3;109,7;4,48;169699208;95,86;SAT;POZITIF;NOTR;POZITIF;ARTIYOR;AL;SAT;NOTR;3;08.09.2026
BUCIM;AL;;73,7;20,0;30,0;23,7;0;0;zayif;36,7;60,4;80,0;yukari;guclu;yukselis;yukari;0,66;1,54;1;5,76;1,59;22484166;5,32;AL;POZITIF;AL;POZITIF;AZALIYOR;SAT;SAT;UCUZ (AL);4;08.09.2026
TNZTP;izle;;73,3;28,9;22,9;21,5;38;3;ilimli;18,8;52,4;44,9;yukari;guclu;yukselis;yukari;1,17;1,03;3;29,44;2,15;158331941;27,67;SAT;POZITIF;NOTR;POZITIF;AZALIYOR;SAT;SAT;NOTR;2;08.09.2026
DOCO;AL;;73,2;29,9;20,7;22,6;22;2;ilimli;16,9;52,9;35,3;yukari;zayif;zayif;yukari;0,48;0,89;2;11485;0,97;25657490;10942,74;SAT;POZITIF;NOTR;NEGATIF;AZALIYOR;AL;AL;NOTR;3;08.09.2026
YKSLN;AL;EVET;73,1;12,0;29,8;31,3;0;0;zayif;16,7;68,1;59,5;yukari;guclu;yukselis;yukari;2,84;1,90;1;3,17;9,69;93558996;2,60;AL;POZITIF;NOTR;POZITIF;ARTIYOR;AL;AL;NOTR;5;08.09.2026
SAYAS;AL;;72,9;33,1;20,7;19,1;0;0;guclu trend;25,1;49,6;62,2;yukari;guclu;yukselis;yukari;0,64;0,44;0;55,8;-3,29;103180784;51,71;SAT;NEGATIF;AL;NEGATIF;AZALIYOR;SAT;AL;NOTR;2;08.09.2026
BALAT;AL;;72,7;19,2;30,0;23,5;10;0;zayif;18,3;60,6;45,4;yukari;guclu;yukselis;yukari;0,54;2,10;1;77,15;-2,28;1314867;71,29;AL;POZITIF;NOTR;POZITIF;AZALIYOR;AL;AL;NOTR;5;08.09.2026
DURDO;izle;;72,6;22,2;26,0;24,4;40;4;ilimli;17,6;57,3;57,9;asagi;guclu;yukselis;yukari;0,82;1,09;1;5,19;1,76;9403351;5,27;AL;POZITIF;NOTR;POZITIF;AZALIYOR;AL;AL;NOTR;5;08.09.2026
KUYAS;izle;;72,4;16,2;26,2;29,9;0;0;ilimli;20,3;60,4;72,7;asagi;guclu;yukselis;yukari;1,71;0,81;1;71,05;2,97;932949308;72,64;AL;POZITIF;AL;POZITIF;ARTIYOR;AL;SAT;NOTR;5;08.09.2026
AKSGY;AL;;71,7;29,5;18,0;24,2;16;1;guclu trend;23,2;49,8;48,8;yukari;zayif;zayif;yukari;0,36;0,57;3;9,87;-0,10;20726980;9,55;SAT;NEGATIF;SAT;NEGATIF;AZALIYOR;SAT;SAT;NOTR;0;08.09.2026
SARKY;izle;;71,3;19,8;21,1;30,5;32;3;ilimli;15,6;56,2;54,5;yukari;guclu;yukselis;yukari;2,25;0,54;2;26,34;9,02;408613948;23,35;SAT;POZITIF;NOTR;POZITIF;ARTIYOR;AL;AL;NOTR;4;08.09.2026
VESTL;AL;;70,8;13,4;30,0;27,4;0;0;zayif;25,8;65,2;82,1;yukari;guclu;yukselis;yukari;1,21;1,50;1;26;-2,33;402900524;22,39;AL;POZITIF;AL;POZITIF;ARTIYOR;AL;AL;NOTR;6;08.09.2026
HURGZ;AL;;69,9;29,3;21,4;19,3;6;0;guclu trend;21,2;50,2;61,5;yukari;guclu;yukselis;yukari;0,64;0,32;3;7,4;-0,54;41384456;6,80;SAT;POZITIF;SAT;NEGATIF;AZALIYOR;SAT;AL;NOTR;2;08.09.2026
KNFRT;AL;;69,9;22,1;28,7;19,1;14;0;zayif;17,7;57,4;80,7;yukari;guclu;yukselis;yukari;0,88;0,92;3;12,96;0,00;65711879;11,09;AL;POZITIF;NOTR;POZITIF;ARTIYOR;AL;AL;NOTR;5;08.09.2026
ISBTR;izle;;69,6;28,0;15,6;26,0;32;3;ilimli;11,0;48,6;60,4;yukari;zayif;zayif;yukari;1,33;0,39;1;501002,5;0,20;3006015;482449,90;SAT;NEGATIF;NOTR;NEGATIF;AZALIYOR;SAT;AL;NOTR;1;08.09.2026
ASELS;AL;;69,6;30,3;22,1;17,2;0;0;ilimli;18,0;53,3;52,0;yukari;guclu;yukselis;yukari;0,79;0,68;2;390;-0,64;10457770440;363,22;SAT;POZITIF;NOTR;NEGATIF;AZALIYOR;SAT;AL;NOTR;2;08.09.2026
METRO;AL;;69,4;28,2;19,8;21,4;0;0;ilimli;13,6;52,1;41,6;yukari;zayif;zayif;yukari;0,54;0,55;0;8,54;-0,81;33575949;7,70;SAT;POZITIF;NOTR;NEGATIF;AZALIYOR;AL;AL;NOTR;3;08.09.2026
ARSAN;izle;;69,3;27,0;23,2;19,1;0;0;guclu trend;34,3;53,7;76,2;asagi;guclu;yukselis;yukari;0,39;1,15;1;3,92;-1,01;49836379;4,47;SAT;POZITIF;AL;NEGATIF;AZALIYOR;SAT;AL;NOTR;3;08.09.2026
HATSN;izle;;68,9;26,9;26,0;16,0;0;0;guclu trend;29,7;57,5;77,9;asagi;guclu;yukselis;yukari;0,26;2,00;2;72,6;10,00;152205464;78,27;SAT;POZITIF;AL;NEGATIF;ARTIYOR;SAT;AL;NOTR;3;08.09.2026
ISMEN;AL;EVET;68,5;12,7;29,1;26,7;0;0;zayif;24,1;63,7;78,2;yukari;guclu;yukselis;asagi;1,89;1,58;2;36,7;8,45;531512594;31,75;AL;POZITIF;AL;POZITIF;ARTIYOR;AL;SAT;NOTR;5;08.09.2026
TOASO;AL;;68,4;18,1;27,0;23,2;0;0;zayif;18,4;63,1;60,3;yukari;guclu;yukselis;yukari;1,09;1,21;1;291,75;1,30;1165988795;259,11;AL;POZITIF;NOTR;POZITIF;AZALIYOR;AL;AL;NOTR;5;08.09.2026
DIRIT;AL;;68,0;22,6;24,0;21,3;0;0;zayif;16,1;53,8;61,3;yukari;guclu;yukselis;yukari;0,23;1,19;1;27;-3,57;465669;25,07;SAT;POZITIF;NOTR;POZITIF;ARTIYOR;SAT;AL;NOTR;3;08.09.2026
KGYO;AL;;67,7;28,9;20,8;18,0;10;1;ilimli;18,7;48,4;45,0;yukari;guclu;yukselis;yukari;0,53;0,30;2;11,72;-1,43;172974331;10,80;SAT;NEGATIF;NOTR;NEGATIF;AZALIYOR;SAT;SAT;NOTR;0;08.09.2026
ARMGD;izle;;67,4;21,0;17,3;29,2;28;2;ilimli;19,3;48,2;53,8;asagi;zayif;zayif;yukari;2,78;0,32;3;189,8;7,84;585948472;213,15;SAT;NEGATIF;NOTR;NEGATIF;ARTIYOR;SAT;AL;PAHALI (SAT);1;08.09.2026
KRDMA;AL;;67,4;35,0;24,3;8,1;20;1;guclu trend;44,2;58,3;71,7;yukari;guclu;yukselis;yukari;0,70;2,14;2;56,7;2,81;528279797;53,49;SAT;POZITIF;AL;NEGATIF;AZALIYOR;SAT;SAT;NOTR;2;08.09.2026
KERVN;izle;;67,0;22,4;24,8;19,8;28;2;guclu trend;32,0;48,2;36,9;asagi;guclu;yukselis;yukari;0,81;0,97;3;9,3;1,86;8760693;9,48;SAT;NEGATIF;SAT;NEGATIF;AZALIYOR;SAT;AL;NOTR;1;08.09.2026
CRFSA;izle;;66,9;27,0;23,9;16,0;0;0;guclu trend;54,8;53,5;61,8;asagi;guclu;yukselis;yukari;0,64;1,78;2;275,5;-5,89;573974221;337,96;SAT;POZITIF;AL;POZITIF;AZALIYOR;SAT;SAT;NOTR;3;08.09.2026
GIPTA;izle;;66,6;21,3;24,0;21,4;0;0;zayif;31,3;51,7;72,0;asagi;guclu;yukselis;yukari;1,26;0,63;1;78,8;3,48;784115396;89,39;SAT;POZITIF;AL;NEGATIF;ARTIYOR;SAT;AL;NOTR;3;08.09.2026
ATATP;AL;;66,5;35,0;23,5;8,0;22;2;guclu trend;46,1;52,4;32,6;yukari;guclu;yukselis;yukari;0,35;1,31;1;294,5;-3,68;160042786;267,66;SAT;POZITIF;AL;NEGATIF;AZALIYOR;SAT;AL;NOTR;3;08.09.2026
DSTKF;AL;;66,4;24,5;25,9;16,0;0;0;ilimli;21,0;61,6;98,3;yukari;guclu;yukselis;yukari;0,59;1,16;0;2460;2,93;2474312280;1896,06;AL;POZITIF;AL;POZITIF;AZALIYOR;AL;AL;PAHALI (SAT);6;08.09.2026
GSDDE;izle;;65,0;31,1;16,6;17,3;0;0;zayif;19,9;48,4;60,3;yukari;zayif;zayif;yukari;0,47;-0,04;2;13,23;-0,38;35537077;12,38;SAT;NEGATIF;NOTR;NEGATIF;AZALIYOR;SAT;AL;NOTR;1;08.09.2026
EFOR;izle;;64,9;20,4;23,2;21,2;40;4;ilimli;14,9;53,0;51,8;asagi;guclu;yukselis;yukari;0,79;0,95;0;19,05;5,37;1177900076;20,83;SAT;POZITIF;NOTR;NEGATIF;ARTIYOR;AL;AL;NOTR;3;08.09.2026
TERA;AL;EVET;64,8;17,8;30,0;17,0;10;1;zayif;23,8;69,2;85,5;yukari;guclu;yukselis;asagi;0,49;1,94;0;195,5;0,26;1351385344;182,57;AL;POZITIF;AL;POZITIF;AZALIYOR;AL;AL;UCUZ (AL);6;08.09.2026
ARTMS;AL;;64,1;16,7;23,1;24,3;10;1;zayif;22,0;52,9;73,0;yukari;zayif;zayif;yukari;0,96;0,32;0;41;-6,61;41949232;37,04;AL;POZITIF;AL;POZITIF;ARTIYOR;AL;SAT;NOTR;5;08.09.2026
EBEBK;izle;;64,1;22,6;16,8;24,7;0;0;zayif;18,6;47,6;67,0;asagi;zayif;zayif;yukari;0,96;-0,08;1;81,25;0,74;45140550;87,54;SAT;NEGATIF;NOTR;NEGATIF;ARTIYOR;SAT;AL;NOTR;1;08.09.2026
BRLSM;izle;;63,9;25,6;26,0;12,3;0;0;guclu trend;26,5;58,4;56,1;asagi;guclu;yukselis;yukari;0,96;1,55;2;21,2;9,96;286775919;24,25;SAT;POZITIF;AL;POZITIF;ARTIYOR;SAT;AL;NOTR;4;08.09.2026
AKFYE;izle;;63,8;13,0;23,2;27,6;0;0;ilimli;12,1;56,2;66,4;asagi;zayif;zayif;yukari;1,56;0,57;1;24,1;7,21;261719734;24,83;AL;POZITIF;NOTR;POZITIF;ARTIYOR;AL;AL;NOTR;5;08.09.2026
EREGL;izle;;63,6;14,5;22,7;26,4;0;0;ilimli;15,8;56,4;67,9;asagi;zayif;zayif;yukari;1,06;0,68;0;39,92;4,18;7294082640;40,26;AL;POZITIF;NOTR;POZITIF;ARTIYOR;AL;AL;NOTR;5;08.09.2026
TGSAS;izle;;62,7;24,0;22,6;16,0;0;0;guclu trend;22,4;50,8;71,6;asagi;guclu;yukselis;yukari;0,46;0,74;1;216;-7,53;88713360;279,18;SAT;POZITIF;AL;NEGATIF;AZALIYOR;SAT;AL;NOTR;3;08.09.2026
FROTO;izle;;62,5;13,4;25,9;23,1;32;3;zayif;25,9;62,5;60,4;yukari;guclu;yukselis;asagi;1,68;0,85;1;82,8;3,95;2831411081;75,18;AL;POZITIF;AL;POZITIF;ARTIYOR;AL;AL;UCUZ (AL);6;08.09.2026
KARTN;izle;;62,3;21,9;15,5;25,0;0;0;zayif;16,8;48,6;44,0;asagi;zayif;zayif;yukari;1,24;-0,01;1;170,1;5,59;195082077;188,10;SAT;NEGATIF;NOTR;POZITIF;ARTIYOR;AL;AL;NOTR;3;08.09.2026
EGEEN;AL;EVET;62,1;10,0;27,1;24,9;0;0;zayif;17,2;62,0;54,2;yukari;guclu;yukselis;asagi;2,07;1,31;2;5537,5;9,98;136338788;4744,88;AL;POZITIF;NOTR;POZITIF;ARTIYOR;AL;AL;UCUZ (AL);5;08.09.2026
CVKMD;izle;;61,5;28,1;11,9;21,4;0;0;zayif;13,0;44,3;35,2;yukari;zayif;zayif;yukari;0,87;-0,43;2;15,38;-2,41;496675337;14,58;SAT;NEGATIF;NOTR;NEGATIF;AZALIYOR;SAT;SAT;NOTR;0;08.09.2026
ENKAI;AL;EVET;61,2;19,9;24,2;17,1;8;0;ilimli;20,8;57,8;74,5;yukari;zayif;yukselis;asagi;0,84;0,55;1;89,65;0,73;1359527189;81,59;AL;POZITIF;AL;POZITIF;AZALIYOR;AL;AL;NOTR;6;08.09.2026
OYAKC;izle;;61,1;12,0;24,4;24,7;0;0;zayif;21,3;56,9;70,1;asagi;guclu;yukselis;yukari;0,67;1,20;2;22,44;2,56;339635077;23,43;SAT;POZITIF;AL;NEGATIF;ARTIYOR;SAT;AL;NOTR;3;08.09.2026
ISGYO;izle;;60,9;22,4;10,1;28,4;46;4;guclu trend;29,6;40,1;61,3;asagi;zayif;zayif;yukari;1,72;-0,81;3;24,7;4,48;91249284;26,59;SAT;NEGATIF;SAT;NEGATIF;ARTIYOR;SAT;AL;NOTR;1;08.09.2026
HKTM;AL;EVET;60,9;28,3;23,9;8,7;16;1;zayif;52,8;52,8;46,0;yukari;guclu;yukselis;yukari;0,59;0,59;3;13,18;3,29;138269113;12,25;SAT;POZITIF;AL;NEGATIF;AZALIYOR;SAT;AL;NOTR;3;08.09.2026
KLYPV;AL;;60,6;23,7;17,8;19,2;0;0;zayif;28,8;50,8;64,0;yukari;zayif;zayif;yukari;0,54;0,22;1;61,5;-0,32;88337924;59,40;SAT;POZITIF;AL;NEGATIF;AZALIYOR;SAT;SAT;NOTR;2;08.09.2026
BLCYT;AL;;60,6;15,0;26,9;18,7;0;0;zayif;30,6;56,7;70,0;yukari;guclu;yukselis;asagi;1,37;0,16;2;2,25;0,00;126270538;1,86;AL;POZITIF;AL;POZITIF;AZALIYOR;AL;AL;NOTR;6;08.09.2026
TSKB;izle;;60,4;1,6;26,5;32,4;0;0;zayif;14,9;61,8;51,4;asagi;guclu;yukselis;yukari;1,77;1,25;2;11,62;4,59;362031384;11,64;AL;POZITIF;NOTR;POZITIF;ARTIYOR;AL;AL;NOTR;5;08.09.2026
PSDTC;izle;;59,7;34,1;17,7;8,0;40;4;guclu trend;27,6;47,3;60,6;yukari;guclu;yukselis;yukari;0,41;0,21;2;151;0,07;32013963;147,49;SAT;NEGATIF;AL;NEGATIF;AZALIYOR;SAT;SAT;NOTR;1;08.09.2026
MIATK;izle;;58,8;12,8;30,0;16,0;24;0;zayif;18,3;70,9;53,4;yukari;guclu;yukselis;yukari;0,43;2,34;3;37,12;9,95;264994557;31,50;AL;POZITIF;NOTR;POZITIF;ARTIYOR;AL;AL;NOTR;5;08.09.2026
BIOEN;izle;;58,5;23,7;21,0;13,8;10;0;zayif;25,0;52,6;55,3;yukari;guclu;yukselis;yukari;0,56;0,60;5;19,01;-0,47;96389369;17,84;SAT;POZITIF;AL;NEGATIF;AZALIYOR;AL;SAT;NOTR;3;08.09.2026
MNDRS;izle;;58,0;10,8;23,9;23,3;0;0;zayif;26,9;56,6;60,3;asagi;guclu;yukselis;yukari;0,71;0,98;1;11,71;4,27;29268583;12,36;SAT;POZITIF;AL;POZITIF;ARTIYOR;SAT;AL;NOTR;4;08.09.2026
DURKN;izle;;57,8;29,2;17,0;11,5;22;2;guclu trend;21,0;48,0;70,6;yukari;zayif;zayif;yukari;0,35;0,07;2;21,1;0,48;16312916;19,66;SAT;NEGATIF;SAT;NEGATIF;AZALIYOR;SAT;SAT;NOTR;0;08.09.2026
ZRGYO;izle;;57,4;14,7;22,0;20,7;40;4;zayif;19,8;57,5;54,2;yukari;guclu;yukselis;yukari;0,61;1,20;2;19,56;0,41;10512111;18,29;SAT;POZITIF;NOTR;NEGATIF;AZALIYOR;SAT;AL;NOTR;2;08.09.2026
OZYSR;izle;;57,1;14,5;19,2;23,3;0;0;ilimli;23,1;54,6;32,8;asagi;zayif;zayif;yukari;0,83;0,53;1;12,82;4,40;29364748;12,95;SAT;POZITIF;SAT;POZITIF;ARTIYOR;AL;AL;NOTR;4;08.09.2026
SONME;izle;;56,3;24,4;21,3;10,6;10;0;zayif;34,1;51,2;19,5;yukari;guclu;yukselis;yukari;0,51;0,37;4;137;1,71;3645022;126,44;SAT;POZITIF;AL;NEGATIF;AZALIYOR;SAT;AL;NOTR;3;08.09.2026
RGYAS;izle;;56,2;21,2;8,6;26,4;40;4;guclu trend;21,0;41,4;55,5;asagi;zayif;zayif;yukari;0,96;-0,73;2;197,7;0,56;488386218;214,80;SAT;NEGATIF;SAT;NEGATIF;AZALIYOR;SAT;SAT;NOTR;0;08.09.2026
TUCLK;izle;;56,1;15,0;18,1;22,9;0;0;zayif;31,1;52,5;69,0;yukari;zayif;zayif;asagi;1,41;-0,03;1;3,94;-0,25;53327892;3,67;SAT;POZITIF;AL;NEGATIF;ARTIYOR;AL;AL;NOTR;4;08.09.2026
BRKVY;izle;;55,5;20,0;23,4;12,1;0;0;zayif;37,8;50,4;69,6;yukari;guclu;yukselis;asagi;0,74;-0,01;0;83,7;-2,67;41008564;79,73;AL;POZITIF;AL;POZITIF;AZALIYOR;SAT;SAT;UCUZ (AL);4;08.09.2026
VANGD;izle;;55,4;33,2;8,4;13,8;0;0;guclu trend;25,3;42,0;40,0;yukari;zayif;zayif;yukari;0,41;-0,70;1;91;-2,93;7875231;88,63;SAT;NEGATIF;AL;NEGATIF;AZALIYOR;SAT;AL;NOTR;2;08.09.2026
CCOLA;izle;;55,2;14,9;19,0;21,3;0;0;zayif;25,8;51,1;47,9;asagi;zayif;zayif;yukari;0,79;-0,20;1;81,7;2,83;421507947;84,19;AL;POZITIF;SAT;POZITIF;ARTIYOR;AL;AL;NOTR;5;08.09.2026
NTGAZ;izle;;54,9;19,4;22,0;13,4;32;3;zayif;23,0;52,0;74,5;yukari;zayif;zayif;asagi;0,74;-0,03;2;11,3;1,71;34853166;10,47;AL;POZITIF;AL;POZITIF;AZALIYOR;SAT;SAT;NOTR;4;08.09.2026
HEKTS;izle;;54,8;13,4;23,4;18,0;0;0;zayif;26,0;59,3;63,7;yukari;guclu;yukselis;asagi;3,53;0,14;2;3;6,76;3769247826;2,57;AL;POZITIF;AL;POZITIF;ARTIYOR;AL;AL;NOTR;6;08.09.2026
ENDAE;izle;;54,3;29,9;16,3;8,1;28;2;guclu trend;24,3;45,3;60,1;yukari;zayif;zayif;yukari;0,41;-0,38;3;17,28;0,47;49312627;16,70;SAT;NEGATIF;AL;NEGATIF;AZALIYOR;SAT;AL;NOTR;2;08.09.2026
KORDS;izle;;54,3;24,7;19,4;10,2;10;0;guclu trend;24,1;47,3;29,0;asagi;guclu;yukselis;yukari;0,81;0,08;4;79,8;-2,09;179623017;90,24;SAT;NEGATIF;AL;NEGATIF;ARTIYOR;SAT;AL;NOTR;2;08.09.2026
TTRAK;izle;;54,1;12,2;25,7;16,2;14;0;zayif;22,8;59,2;61,6;yukari;guclu;yukselis;asagi;0,63;0,90;3;437,75;1,33;29639615;407,42;AL;POZITIF;AL;POZITIF;ARTIYOR;AL;AL;UCUZ (AL);6;08.09.2026
YGGYO;izle;;54,0;21,4;15,6;17,1;0;0;zayif;14,6;47,1;50,2;yukari;zayif;zayif;yukari;0,65;-0,43;2;221,8;1,65;21054809;215,58;SAT;NEGATIF;NOTR;NEGATIF;ARTIYOR;SAT;AL;NOTR;1;08.09.2026
CANTE;izle;;53,7;15,0;26,9;11,8;8;0;zayif;32,6;58,3;63,1;yukari;guclu;yukselis;asagi;0,71;0,59;1;1,33;1,53;321837213;1,23;AL;POZITIF;AL;POZITIF;AZALIYOR;SAT;SAT;UCUZ (AL);4;08.09.2026
KAYSE;izle;;53,2;15,0;22,9;15,3;8;0;zayif;32,1;54,9;73,0;yukari;zayif;zayif;asagi;0,85;0,08;0;4,11;1,73;42773711;3,85;AL;POZITIF;AL;POZITIF;ARTIYOR;AL;SAT;NOTR;5;08.09.2026
TRGYO;izle;;53,0;22,0;16,0;15,0;6;0;zayif;19,2;49,2;51,0;yukari;zayif;zayif;yukari;0,75;-0,27;3;94,6;1,28;103123933;91,22;SAT;NEGATIF;NOTR;NEGATIF;AZALIYOR;SAT;SAT;NOTR;0;08.09.2026
GEREL;izle;;52,7;15,4;17,3;20,0;28;2;zayif;18,2;48,8;47,1;asagi;zayif;zayif;yukari;1,08;-0,11;3;39,22;-3,87;292603987;42,71;SAT;NEGATIF;NOTR;POZITIF;AZALIYOR;AL;AL;NOTR;3;08.09.2026
AYDEM;izle;;52,0;25,5;14,3;12,2;40;4;zayif;22,4;46,2;48,9;yukari;zayif;zayif;asagi;0,60;-0,32;2;25,62;0,31;76568624;24,22;SAT;NEGATIF;SAT;NEGATIF;AZALIYOR;SAT;AL;NOTR;1;08.09.2026
PATEK;izle;;51,8;3,2;21,3;27,3;0;0;zayif;16,0;56,5;71,5;asagi;guclu;yukselis;yukari;1,61;0,63;1;21,4;9,91;561937806;22,33;SAT;POZITIF;NOTR;NEGATIF;ARTIYOR;AL;AL;NOTR;3;08.09.2026
TURSG;izle;;51,7;8,4;20,5;22,8;6;0;zayif;14,0;51,3;48,1;asagi;zayif;zayif;asagi;1,36;-0,23;3;6,24;1,46;534119096;6,59;AL;POZITIF;NOTR;POZITIF;AZALIYOR;AL;AL;NOTR;5;08.09.2026
BINBN;izle;;51,6;23,4;15,4;12,8;0;0;zayif;26,2;46,8;45,2;yukari;zayif;zayif;asagi;0,47;-0,36;2;175;0,29;27586475;165,95;SAT;NEGATIF;SAT;NEGATIF;AZALIYOR;SAT;AL;NOTR;1;08.09.2026
RODRG;izle;;51,6;27,0;20,4;4,2;0;0;zayif;15,5;47,7;58,5;yukari;zayif;zayif;asagi;0,65;-0,22;1;25,06;-4,93;5204887;22,52;AL;NEGATIF;NOTR;POZITIF;AZALIYOR;SAT;SAT;NOTR;2;08.09.2026
TSPOR;izle;;51,3;15,4;19,7;16,2;10;1;zayif;37,0;46,7;54,2;asagi;guclu;yukselis;yukari;0,51;0,07;2;1,03;-0,96;201032940;1,19;SAT;NEGATIF;AL;NEGATIF;AZALIYOR;SAT;AL;NOTR;2;08.09.2026
EYGYO;izle;;51,3;17,1;20,0;14,2;10;1;zayif;22,7;51,3;77,4;yukari;guclu;yukselis;asagi;0,74;0,30;2;2,62;0,00;14626454;2,31;SAT;POZITIF;AL;NEGATIF;AZALIYOR;SAT;SAT;UCUZ (AL);2;08.09.2026
KCAER;izle;;51,0;22,4;9,7;18,9;22;2;guclu trend;29,7;39,1;39,2;asagi;zayif;zayif;yukari;0,66;-0,86;2;14,45;1,26;142918216;16,05;SAT;NEGATIF;SAT;NEGATIF;AZALIYOR;SAT;AL;NOTR;1;08.09.2026
YIGIT;izle;;50,9;11,3;23,1;16,5;8;0;zayif;20,6;54,6;75,8;yukari;zayif;zayif;asagi;1,02;0,16;0;22,18;0,45;75522124;20,59;AL;POZITIF;AL;POZITIF;AZALIYOR;AL;SAT;NOTR;5;08.09.2026
AVPGY;izle;;50,8;13,7;24,8;12,3;0;0;zayif;21,2;55,7;61,1;yukari;guclu;yukselis;asagi;0,50;0,56;0;54,8;1,48;18707460;51,09;AL;POZITIF;AL;POZITIF;AZALIYOR;SAT;SAT;NOTR;4;08.09.2026
FORTE;izle;;50,7;22,0;20,7;8,0;10;1;guclu trend;26,9;49,0;48,5;asagi;guclu;yukselis;yukari;0,49;0,39;2;116,6;4,67;154798626;130,93;SAT;NEGATIF;SAT;NEGATIF;AZALIYOR;SAT;AL;NOTR;1;08.09.2026
BOSSA;izle;;50,7;11,3;18,7;20,7;6;0;zayif;13,0;52,2;38,5;yukari;zayif;zayif;yukari;0,43;0,27;3;6,58;2,17;9779137;6,19;SAT;POZITIF;NOTR;NEGATIF;AZALIYOR;AL;AL;NOTR;3;08.09.2026
PRKAB;izle;;50,6;9,9;20,9;19,7;0;0;zayif;17,0;57,5;60,0;yukari;zayif;zayif;asagi;6,25;-0,16;2;33,66;10,00;162686926;29,48;AL;POZITIF;NOTR;POZITIF;ARTIYOR;AL;AL;NOTR;5;08.09.2026
MARKA;izle;;50,4;20,1;14,7;15,6;46;4;ilimli;12,8;45,1;41,0;asagi;zayif;zayif;yukari;0,95;0,21;3;82,55;-0,78;35583178;90,30;SAT;NEGATIF;NOTR;NEGATIF;ARTIYOR;SAT;SAT;NOTR;0;31.08.2026
KOCMT;izle;;50,2;22,4;9,8;18,0;38;3;zayif;30,7;41,4;54,5;asagi;zayif;zayif;yukari;1,53;-1,14;3;4,02;-2,19;433352973;4,76;SAT;NEGATIF;SAT;NEGATIF;ARTIYOR;AL;AL;NOTR;2;08.09.2026
KLNMA;izle;;50,2;8,0;21,3;20,9;6;0;zayif;11,1;55,2;38,9;yukari;zayif;zayif;asagi;1,76;0,14;3;9,1;2,82;2512219;8,79;AL;POZITIF;NOTR;POZITIF;ARTIYOR;AL;AL;NOTR;5;08.09.2026
SANFM;izle;;50,2;21,6;11,7;17,0;0;0;guclu trend;23,4;44,9;57,3;asagi;zayif;zayif;yukari;0,56;-0,20;2;9,49;0,53;30527574;11,04;SAT;NEGATIF;SAT;NEGATIF;AZALIYOR;SAT;AL;NOTR;1;08.09.2026
FADE;izle;;49,7;10,4;22,8;16,5;0;0;ilimli;11,2;51,6;72,9;asagi;zayif;zayif;yukari;0,67;0,19;2;15,97;-0,25;37095707;17,28;AL;POZITIF;NOTR;POZITIF;AZALIYOR;AL;AL;NOTR;5;08.09.2026
OZKGY;izle;;49,7;15,4;21,5;12,7;0;0;zayif;26,5;51,3;68,5;yukari;zayif;zayif;asagi;0,81;-0,01;1;13,28;0,91;59946624;12,25;AL;POZITIF;AL;NEGATIF;ARTIYOR;SAT;SAT;NOTR;3;08.09.2026
ISBIR;izle;;49,4;13,2;18,5;17,7;0;0;zayif;13,8;49,2;55,9;yukari;zayif;zayif;asagi;0,93;-0,13;1;72;0,84;1626480;70,46;SAT;NEGATIF;NOTR;POZITIF;AZALIYOR;SAT;SAT;NOTR;1;08.09.2026
DAGI;izle;;48,4;22,0;14,7;11,7;0;0;guclu trend;26,7;46,0;49,8;asagi;zayif;zayif;yukari;0,86;0,13;2;9,63;-5,87;72818815;11,10;SAT;NEGATIF;SAT;NEGATIF;ARTIYOR;SAT;AL;NOTR;1;08.09.2026
TDGYO;izle;;48,1;16,7;19,8;11,7;10;1;zayif;21,5;52,9;63,9;yukari;zayif;yukselis;asagi;0,58;0,34;1;16,87;0,30;6506961;16,24;SAT;POZITIF;AL;POZITIF;AZALIYOR;AL;SAT;UCUZ (AL);4;08.09.2026
ODAS;izle;;48,0;14,7;19,2;14,2;40;4;zayif;16,4;52,4;65,9;asagi;zayif;zayif;yukari;1,07;-0,14;2;7,57;2,99;428244665;7,86;AL;POZITIF;NOTR;POZITIF;AZALIYOR;AL;AL;NOTR;5;08.09.2026
GLYHO;izle;;48,0;16,0;17,4;14,6;40;4;ilimli;19,6;51,4;52,4;asagi;zayif;zayif;yukari;0,79;0,22;2;16,95;2,54;38902691;17,60;SAT;POZITIF;NOTR;POZITIF;ARTIYOR;AL;AL;NOTR;4;08.09.2026
BNTAS;izle;;47,9;15,8;20,8;11,3;40;4;zayif;25,9;55,5;53,7;yukari;guclu;yukselis;asagi;0,58;0,54;2;6,45;0,78;15546990;5,97;SAT;POZITIF;AL;POZITIF;AZALIYOR;AL;AL;NOTR;5;08.09.2026
CUSAN;izle;;47,6;8,2;23,4;16,0;0;0;zayif;21,5;52,7;56,0;asagi;zayif;zayif;yukari;0,49;0,27;2;24,94;0,56;27757896;27,24;AL;POZITIF;AL;POZITIF;AZALIYOR;AL;AL;NOTR;6;08.09.2026
TTKOM;izle;;47,5;9,4;19,8;18,3;0;0;zayif;15,7;54,1;48,6;yukari;zayif;zayif;asagi;1,21;-0,40;2;54,5;4,11;2231812605;50,42;AL;POZITIF;NOTR;POZITIF;ARTIYOR;AL;AL;NOTR;5;08.09.2026
SERNT;izle;;47,5;11,2;18,3;18,0;0;0;zayif;20,2;51,9;67,3;yukari;zayif;zayif;asagi;1,96;-0,54;2;8,23;-3,29;61986739;7,61;AL;POZITIF;AL;POZITIF;ARTIYOR;AL;SAT;NOTR;5;08.09.2026
SANKO;izle;;47,4;15,0;22,6;9,8;32;3;zayif;33,0;58,2;85,3;yukari;zayif;zayif;asagi;0,72;0,17;0;19,81;1,07;6477890;17,91;AL;POZITIF;AL;POZITIF;AZALIYOR;AL;SAT;NOTR;5;08.09.2026
BIGEN;izle;;47,2;22,4;8,8;16,0;0;0;guclu trend;36,6;39,4;85,0;asagi;zayif;zayif;yukari;0,10;-0,23;0;122,8;-9,97;64939587;160,99;SAT;NEGATIF;SAT;NEGATIF;ARTIYOR;SAT;SAT;PAHALI (SAT);0;08.09.2026
INVES;izle;;47,2;21,3;14,5;11,3;6;0;guclu trend;21,9;43,9;49,6;asagi;guclu;yukselis;yukari;0,31;0,33;3;751;0,13;21589748;846,10;SAT;NEGATIF;SAT;NEGATIF;AZALIYOR;SAT;SAT;NOTR;0;08.09.2026
OTKAR;izle;;47,1;8,8;23,5;14,8;8;0;zayif;14,1;55,7;53,3;yukari;zayif;zayif;asagi;1,00;0,30;2;330;4,02;186104160;298,05;AL;POZITIF;NOTR;NEGATIF;ARTIYOR;AL;AL;UCUZ (AL);4;08.09.2026
MPARK;izle;;47,0;17,8;18,3;10,9;6;0;zayif;20,0;50,6;43,8;yukari;zayif;zayif;asagi;0,67;-0,04;3;427;0,65;168234157;410,98;SAT;POZITIF;SAT;NEGATIF;AZALIYOR;AL;AL;NOTR;3;08.09.2026
ERCB;izle;;47,0;9,8;19,2;18,0;6;0;zayif;16,7;53,8;63,0;yukari;zayif;zayif;asagi;3,02;-0,59;3;47,5;5,65;120536238;40,99;AL;POZITIF;NOTR;POZITIF;ARTIYOR;AL;AL;UCUZ (AL);5;08.09.2026
JANTS;izle;;46,8;15,0;22,6;9,2;48;4;zayif;35,4;54,5;32,3;yukari;zayif;zayif;asagi;0,56;0,11;1;15,75;2,01;44038827;14,45;AL;POZITIF;AL;POZITIF;AZALIYOR;AL;AL;UCUZ (AL);6;08.09.2026
MMCAS;izle;;46,7;15,0;17,0;14,7;0;0;zayif;32,2;51,9;56,1;yukari;zayif;zayif;asagi;1,10;-1,07;2;54,3;5,74;2241070;46,81;AL;POZITIF;AL;POZITIF;ARTIYOR;AL;AL;UCUZ (AL);6;08.09.2026
BIZIM;izle;;46,3;4,1;23,4;18,8;24;1;zayif;22,5;57,1;65,8;asagi;zayif;zayif;asagi;1,20;0,32;3;25,08;4,94;8509318;25,28;AL;POZITIF;AL;POZITIF;ARTIYOR;AL;AL;NOTR;6;08.09.2026
CEOEM;izle;;46,1;1,8;19,1;25,2;0;0;zayif;11,9;54,8;39,7;asagi;zayif;zayif;yukari;1,19;0,42;1;25,14;3,88;34915312;26,21;SAT;POZITIF;NOTR;POZITIF;ARTIYOR;SAT;AL;NOTR;3;08.09.2026
AKMGY;izle;;46,0;24,4;16,3;5,3;10;0;zayif;14,5;45,8;37,9;yukari;zayif;zayif;asagi;0,39;-0,42;4;252;0,96;3689784;241,49;SAT;NEGATIF;NOTR;NEGATIF;AZALIYOR;SAT;AL;NOTR;1;08.09.2026
BESLR;izle;;46,0;10,5;23,6;11,9;22;2;zayif;18,4;54,7;37,0;yukari;zayif;yukselis;asagi;0,78;0,29;1;13,28;1,61;37321501;11,92;AL;POZITIF;NOTR;POZITIF;AZALIYOR;AL;AL;NOTR;5;08.09.2026
SNPAM;izle;;45,8;10,4;21,2;14,2;6;0;zayif;18,2;49,7;64,7;yukari;zayif;zayif;asagi;0,78;-0,29;3;20,1;-3,37;651763;19,55;AL;NEGATIF;NOTR;POZITIF;ARTIYOR;AL;AL;NOTR;4;08.09.2026
ADEL;izle;;45,7;11,6;21,3;12,8;10;1;zayif;29,1;51,5;60,7;asagi;guclu;yukselis;asagi;0,84;0,22;1;33,12;0,73;168690957;36,26;SAT;POZITIF;AL;NEGATIF;ARTIYOR;SAT;AL;NOTR;3;08.09.2026
TATGD;izle;;45,6;13,0;20,7;11,9;8;0;zayif;9,9;52,4;45,9;asagi;zayif;zayif;asagi;0,71;-0,07;2;18,13;2,31;35543829;19,05;AL;POZITIF;NOTR;POZITIF;AZALIYOR;AL;AL;NOTR;5;08.09.2026
PAPIL;izle;;45,5;12,1;19,1;14,2;0;0;zayif;22,7;50,5;73,8;yukari;zayif;zayif;asagi;1,07;-0,51;1;12,85;1,34;114326617;11,65;AL;POZITIF;AL;NEGATIF;AZALIYOR;SAT;SAT;UCUZ (AL);3;08.09.2026
BMSTL;izle;;45,2;11,6;16,1;17,5;16;1;zayif;12,5;48,0;29,5;asagi;zayif;zayif;yukari;1,10;-0,24;3;44,28;2,22;121282920;47,29;SAT;NEGATIF;NOTR;POZITIF;ARTIYOR;AL;AL;NOTR;3;08.09.2026
ULUUN;izle;;44,4;19,2;15,9;9,4;0;0;zayif;13,3;49,6;58,1;yukari;zayif;zayif;asagi;0,71;-0,18;1;8,51;0,47;59921208;7,98;SAT;NEGATIF;NOTR;POZITIF;AZALIYOR;SAT;AL;NOTR;2;08.09.2026
SDTTR;izle;;44,3;12,3;14,6;17,4;10;1;zayif;16,8;46,9;67,4;asagi;zayif;zayif;asagi;1,14;-0,40;0;21,84;1,68;324338109;24,84;SAT;NEGATIF;NOTR;NEGATIF;ARTIYOR;SAT;AL;NOTR;1;08.09.2026
ANHYT;izle;;44,3;7,6;17,5;19,3;0;0;zayif;13,9;50,2;54,5;asagi;zayif;zayif;asagi;1,16;-0,06;2;106,2;1,53;89507696;112,43;SAT;POZITIF;NOTR;POZITIF;ARTIYOR;AL;AL;NOTR;4;08.09.2026
EDATA;izle;;44,2;20,7;11,2;12,3;0;0;zayif;17,0;42,2;30,3;asagi;zayif;zayif;yukari;0,90;-0,64;1;17,97;2,63;70555701;20,48;SAT;NEGATIF;NOTR;NEGATIF;ARTIYOR;SAT;AL;NOTR;1;08.09.2026
DZGYO;izle;;44,1;10,9;20,3;12,8;0;0;zayif;19,5;54,3;71,0;yukari;zayif;zayif;asagi;0,95;-0,12;1;7,47;2,05;13779102;6,86;AL;POZITIF;NOTR;POZITIF;ARTIYOR;AL;SAT;NOTR;4;08.09.2026
BERA;izle;;43,9;13,2;22,7;8,0;8;0;zayif;25,4;56,8;63,9;yukari;zayif;zayif;asagi;0,63;-0,01;2;14,1;1,66;74658414;12,59;AL;POZITIF;AL;POZITIF;AZALIYOR;AL;AL;NOTR;6;08.09.2026
PRKME;izle;;43,6;15,3;20,3;8,0;0;0;zayif;26,1;50,3;73,9;yukari;zayif;zayif;asagi;0,68;-0,04;1;18,6;-2,82;50512969;16,36;AL;POZITIF;AL;POZITIF;AZALIYOR;AL;AL;NOTR;6;08.09.2026
MNDTR;izle;;43,1;3,2;19,2;20,7;0;0;zayif;20,2;55,6;64,1;asagi;zayif;zayif;asagi;1,79;-0,46;1;5,19;1,76;18472694;5,30;AL;POZITIF;AL;POZITIF;ARTIYOR;AL;AL;UCUZ (AL);6;08.09.2026
ZOREN;izle;;43,1;15,0;18,9;9,2;0;0;zayif;38,0;54,6;64,3;yukari;zayif;zayif;asagi;0,77;-0,65;1;2,4;1,69;104603378;2,18;AL;POZITIF;AL;POZITIF;AZALIYOR;AL;AL;UCUZ (AL);6;08.09.2026
OBAMS;izle;;42,7;14,2;20,4;8,0;0;0;zayif;28,0;50,3;59,3;yukari;zayif;zayif;asagi;0,50;-0,87;0;5,33;1,33;136759229;4,83;AL;POZITIF;AL;NEGATIF;AZALIYOR;SAT;SAT;UCUZ (AL);3;08.09.2026
BFREN;izle;;42,5;3,6;15,5;23,4;0;0;zayif;21,3;49,2;58,4;asagi;zayif;zayif;asagi;1,50;-0,59;2;128,3;2,07;35876272;134,63;SAT;NEGATIF;AL;NEGATIF;ARTIYOR;AL;AL;UCUZ (AL);3;08.09.2026
KLGYO;izle;;42,5;13,4;17,4;11,7;6;0;zayif;25,9;51,7;56,0;yukari;zayif;zayif;asagi;0,72;0,04;3;4,78;1,27;33083107;4,49;SAT;POZITIF;AL;POZITIF;AZALIYOR;SAT;SAT;UCUZ (AL);3;08.09.2026
OZRDN;izle;;42,5;23,1;19,3;0,0;0;0;zayif;17,5;48,2;59,1;yukari;zayif;zayif;asagi;0,60;-0,37;1;29,02;-1,83;4680665;25,56;AL;NEGATIF;NOTR;POZITIF;AZALIYOR;SAT;SAT;NOTR;2;08.09.2026
EPLAS;izle;;42,3;12,6;16,5;13,1;40;5;zayif;23,9;47,6;47,5;yukari;zayif;zayif;asagi;0,77;-0,35;2;5,63;1,44;17698941;5,32;SAT;NEGATIF;AL;NEGATIF;ARTIYOR;SAT;AL;NOTR;2;08.09.2026
OZGYO;izle;;42,2;14,0;19,8;8,5;14;0;zayif;29,5;49,8;48,2;asagi;zayif;zayif;asagi;0,73;-0,25;3;2,09;0,97;25630853;2,25;AL;NEGATIF;AL;NEGATIF;AZALIYOR;AL;AL;NOTR;4;08.09.2026
THYAO;izle;;42,1;6,1;18,4;17,6;8;0;zayif;14,9;50,6;36,5;asagi;zayif;zayif;asagi;1,09;-0,46;1;305;2,78;15415590600;313,33;AL;POZITIF;NOTR;POZITIF;ARTIYOR;AL;AL;NOTR;5;08.09.2026
ASTOR;izle;;42,1;20,8;11,1;10,2;46;4;zayif;17,6;42,2;40,5;asagi;zayif;zayif;yukari;0,58;-0,65;3;300,75;-0,08;6088061198;348,87;SAT;NEGATIF;NOTR;NEGATIF;AZALIYOR;SAT;AL;NOTR;1;08.09.2026
AGYO;izle;;41,9;2,2;19,1;20,6;28;1;zayif;17,5;51,0;45,4;asagi;zayif;zayif;asagi;1,38;-0,57;4;7,44;3,33;2738091;7,83;AL;POZITIF;NOTR;NEGATIF;ARTIYOR;AL;AL;NOTR;4;08.09.2026
CEMAS;izle;;41,8;3,6;24,7;13,6;8;0;zayif;21,2;56,6;66,9;asagi;guclu;yukselis;asagi;0,96;0,37;0;4,33;2,36;64534043;4,52;AL;POZITIF;AL;NEGATIF;ARTIYOR;AL;AL;NOTR;5;08.09.2026
RUZYE;izle;;41,8;3,6;19,6;18,7;6;0;zayif;21,1;55,8;40,7;asagi;guclu;yukselis;asagi;1,55;0,08;3;9,19;9,93;92731337;9,26;SAT;POZITIF;AL;NEGATIF;ARTIYOR;AL;AL;UCUZ (AL);4;08.09.2026
RUBNS;izle;;41,7;15,6;15,4;10,7;0;0;zayif;33,9;43,1;31,5;asagi;guclu;yukselis;asagi;0,86;-0,31;1;28,8;-2,44;72307382;35,24;SAT;NEGATIF;SAT;NEGATIF;AZALIYOR;SAT;SAT;NOTR;0;08.09.2026
TABGD;izle;;41,7;8,1;16,1;17,5;6;0;zayif;18,6;46,7;42,6;asagi;zayif;zayif;asagi;0,97;-0,57;3;241,2;0,08;144353858;254,84;SAT;NEGATIF;NOTR;NEGATIF;AZALIYOR;AL;AL;NOTR;2;08.09.2026
ONRYT;izle;;41,6;0,0;21,2;20,4;0;0;zayif;7,9;53,2;55,5;asagi;zayif;zayif;asagi;1,35;-0,07;2;60,8;2,88;88271629;64,39;AL;POZITIF;NOTR;NEGATIF;ARTIYOR;AL;AL;NOTR;4;08.09.2026
DYOBY;izle;;41,6;15,0;16,7;9,9;40;5;zayif;30,1;50,7;57,1;yukari;zayif;zayif;asagi;0,33;-0,45;1;13,41;1,51;14143567;12,37;SAT;POZITIF;AL;NEGATIF;AZALIYOR;SAT;AL;NOTR;3;08.09.2026
AEFES;izle;;41,4;10,2;17,6;13,6;0;0;zayif;28,5;49,8;46,9;asagi;zayif;zayif;asagi;0,86;-0,80;2;19,26;2,50;1003502239;19,51;AL;NEGATIF;SAT;POZITIF;ARTIYOR;AL;AL;NOTR;4;08.09.2026
ALKIM;izle;;41,4;0,0;21,8;19,6;0;0;zayif;11,1;58,7;59,9;asagi;zayif;zayif;asagi;1,79;0,11;2;16,35;4,34;50697818;16,48;AL;POZITIF;NOTR;POZITIF;ARTIYOR;AL;AL;NOTR;5;08.09.2026
FRIGO;izle;;41,4;7,6;23,3;10,5;10;1;zayif;16,1;52,6;59,4;asagi;guclu;yukselis;asagi;0,52;0,34;2;2,43;2,97;55987244;2,74;SAT;POZITIF;NOTR;POZITIF;AZALIYOR;SAT;AL;NOTR;3;08.09.2026
DNISI;izle;;41,1;9,6;16,9;14,5;10;1;zayif;15,2;51,3;61,6;yukari;zayif;zayif;asagi;1,04;-0,06;2;4,64;1,98;20132552;4,34;SAT;POZITIF;NOTR;NEGATIF;ARTIYOR;AL;AL;NOTR;3;08.09.2026
PGSUS;izle;;40,5;1,7;19,2;19,6;0;0;zayif;16,4;55,1;57,1;asagi;zayif;zayif;asagi;1,38;-0,51;1;155,5;4,08;2216110894;158,55;AL;POZITIF;NOTR;POZITIF;ARTIYOR;AL;AL;UCUZ (AL);5;08.09.2026
ASGYO;izle;;40,5;3,6;20,2;16,7;0;0;zayif;16,9;53,4;72,6;asagi;zayif;zayif;asagi;1,09;-0,15;0;11,31;0,62;39218884;11,69;AL;POZITIF;NOTR;POZITIF;AZALIYOR;AL;AL;NOTR;5;08.09.2026
ISFIN;izle;;40,4;9,9;17,3;13,2;10;1;zayif;16,6;50,7;35,8;asagi;zayif;zayif;asagi;1,07;-0,09;2;19,77;2,65;41465756;20,44;SAT;POZITIF;NOTR;POZITIF;ARTIYOR;AL;AL;NOTR;4;08.09.2026
EMNIS;izle;;40,1;8,5;21,5;10,1;22;2;zayif;15,4;50,7;33,4;yukari;zayif;zayif;asagi;0,45;-0,07;1;157,7;-1,44;462849;150,46;AL;POZITIF;NOTR;NEGATIF;AZALIYOR;AL;AL;NOTR;4;08.09.2026
GOODY;izle;;39,9;9,7;22,2;8,0;0;0;zayif;15,8;53,6;37,8;yukari;zayif;zayif;asagi;0,32;0,03;1;2,72;0,37;31559015;2,60;AL;POZITIF;NOTR;POZITIF;AZALIYOR;AL;AL;NOTR;5;08.09.2026
IHGZT;izle;;39,8;5,1;16,7;18,0;0;0;zayif;25,2;48,5;73,5;asagi;zayif;zayif;asagi;3,71;-1,20;1;1,19;1,71;82482070;1,26;AL;NEGATIF;AL;NEGATIF;ARTIYOR;AL;AL;UCUZ (AL);4;08.09.2026
PCILT;izle;;39,8;28,8;9,6;1,4;0;0;zayif;17,9;44,1;66,0;yukari;zayif;zayif;asagi;0,59;-0,65;2;31,44;-0,06;43209816;29,53;SAT;NEGATIF;NOTR;NEGATIF;AZALIYOR;SAT;SAT;NOTR;0;08.09.2026
HLGYO;izle;;39,8;7,0;16,0;16,8;38;3;zayif;35,4;48,4;78,0;asagi;zayif;zayif;asagi;1,23;-1,64;3;4,55;-0,22;158735390;4,67;AL;NEGATIF;AL;POZITIF;AZALIYOR;AL;AL;NOTR;5;08.09.2026
IHLAS;izle;;39,8;15,0;16,8;8,0;0;0;zayif;31,2;47,9;47,8;yukari;zayif;zayif;asagi;0,30;-1,92;1;1,06;0,00;38198213;0,99;AL;NEGATIF;AL;NEGATIF;AZALIYOR;SAT;AL;UCUZ (AL);3;08.09.2026
EUREN;izle;;39,7;0,6;19,4;19,7;30;2;zayif;13,6;53,5;67,3;asagi;zayif;zayif;asagi;1,49;-0,67;1;3,97;2,58;159620794;4,10;AL;POZITIF;NOTR;POZITIF;ARTIYOR;AL;AL;UCUZ (AL);5;08.09.2026
PARSN;izle;;39,5;3,7;17,8;18,0;10;0;zayif;21,5;52,9;53,1;asagi;zayif;zayif;asagi;1,63;-0,73;4;73,8;5,20;45168626;76,10;AL;POZITIF;AL;POZITIF;ARTIYOR;AL;AL;NOTR;6;08.09.2026
EDIP;izle;;39,3;22,2;15,9;1,3;40;5;zayif;30,2;49,3;73,7;yukari;zayif;zayif;asagi;0,29;-0,18;1;36,2;1,74;29590640;32,84;SAT;NEGATIF;AL;POZITIF;AZALIYOR;SAT;AL;NOTR;3;08.09.2026
VESBE;izle;;39,3;13,5;19,2;6,6;0;0;zayif;26,1;52,8;81,6;yukari;zayif;zayif;asagi;1,10;-0,39;2;5,72;-1,04;130145015;5,12;AL;POZITIF;AL;POZITIF;AZALIYOR;AL;AL;UCUZ (AL);6;08.09.2026
TCKRC;izle;;39,3;21,9;9,4;8,0;6;0;guclu trend;26,2;39,0;26,5;asagi;zayif;zayif;yukari;0,57;-1,01;3;140,2;1,96;235629513;160,83;SAT;NEGATIF;SAT;NEGATIF;AZALIYOR;SAT;AL;NOTR;1;08.09.2026
MACKO;izle;;39,0;9,9;17,7;11,5;0;0;zayif;15,4;49,8;66,4;yukari;guclu;yukselis;asagi;0,36;-0,14;2;34,76;-1,36;15372923;31,82;SAT;NEGATIF;NOTR;NEGATIF;AZALIYOR;SAT;AL;NOTR;1;08.09.2026
ALTIN;izle;;38,9;13,4;17,8;7,6;6;0;zayif;24,1;49,8;43,9;asagi;guclu;yukselis;asagi;0,76;0,20;3;74,35;-0,08;1091569451;79,40;SAT;NEGATIF;AL;NEGATIF;AZALIYOR;SAT;SAT;NOTR;1;08.09.2026
TSGYO;izle;;38,8;10,8;19,2;8,8;18;1;zayif;19,3;50,9;65,9;yukari;zayif;zayif;asagi;0,31;-0,51;2;5,97;2,40;6736685;5,50;AL;POZITIF;NOTR;POZITIF;AZALIYOR;AL;AL;UCUZ (AL);5;08.09.2026
MRSHL;izle;;38,8;6,8;14,0;18,0;0;0;zayif;15,9;46,4;43,0;asagi;zayif;zayif;asagi;1,40;-0,66;0;1629;3,23;100848132;1787,25;SAT;NEGATIF;NOTR;NEGATIF;ARTIYOR;AL;AL;NOTR;2;08.09.2026
MOBTL;izle;;38,7;13,1;18,8;6,7;28;2;zayif;12,3;51,0;49,2;asagi;zayif;zayif;asagi;0,52;-0,28;3;13,42;1,67;27851720;14,33;AL;POZITIF;NOTR;POZITIF;AZALIYOR;AL;AL;NOTR;5;08.09.2026
PRDGS;izle;;38,5;27,2;10,5;0,8;16;1;zayif;31,7;42,5;36,0;yukari;zayif;zayif;asagi;0,50;-0,98;3;7,17;-0,14;28239755;6,87;SAT;NEGATIF;AL;NEGATIF;AZALIYOR;SAT;AL;NOTR;2;08.09.2026
GSRAY;izle;;38,4;12,0;14,1;12,3;0;0;zayif;30,6;44,6;74,5;asagi;zayif;zayif;asagi;0,41;-0,58;2;1,03;-0,96;114817355;1,13;SAT;NEGATIF;AL;NEGATIF;AZALIYOR;SAT;AL;UCUZ (AL);2;08.09.2026
SKBNK;izle;;38,1;7,0;13,1;18,0;18;1;zayif;37,0;42,0;60,3;asagi;zayif;zayif;asagi;2,42;-5,62;1;6,78;8,48;2432610052;7,12;AL;NEGATIF;AL;POZITIF;ARTIYOR;AL;AL;NOTR;5;08.09.2026
ALKA;izle;;38,0;0,6;17,7;19,8;40;3;zayif;13,5;51,9;64,5;asagi;zayif;zayif;asagi;1,77;-0,98;1;8,35;3,86;44400140;8,61;AL;POZITIF;NOTR;POZITIF;ARTIYOR;AL;AL;UCUZ (AL);5;08.09.2026
CONSE;izle;;38,0;3,7;16,3;18,0;24;1;zayif;21,5;48,7;57,0;asagi;zayif;zayif;asagi;2,62;-1,38;3;2,3;1,77;48078593;2,44;AL;NEGATIF;AL;POZITIF;ARTIYOR;AL;AL;UCUZ (AL);5;08.09.2026
MAGEN;izle;;37,9;0,4;17,7;19,8;32;3;zayif;15,2;49,5;56,3;asagi;zayif;zayif;asagi;1,42;-1,06;0;34,9;2,05;822654878;37,68;AL;NEGATIF;NOTR;POZITIF;AZALIYOR;AL;AL;NOTR;4;08.09.2026
HATEK;izle;;37,9;11,3;18,6;8,0;0;0;zayif;20,5;52,9;51,3;yukari;zayif;zayif;asagi;0,50;-0,39;1;13,47;3,38;18095773;11,48;AL;POZITIF;AL;POZITIF;AZALIYOR;AL;AL;NOTR;6;08.09.2026
PKART;izle;;37,9;13,7;9,7;14,5;0;0;zayif;16,9;43,3;68,3;asagi;zayif;zayif;asagi;1,09;-0,75;1;121,7;-4,32;87458366;140,43;SAT;NEGATIF;NOTR;NEGATIF;ARTIYOR;SAT;SAT;NOTR;0;08.09.2026
BASGZ;izle;;37,4;10,2;20,8;6,4;30;2;zayif;22,7;53,1;51,8;asagi;zayif;zayif;asagi;0,63;-0,28;2;45,04;-0,04;9853040;46,46;AL;POZITIF;AL;POZITIF;AZALIYOR;AL;AL;NOTR;6;08.09.2026
CMBTN;izle;;37,3;4,1;15,2;18,0;6;0;zayif;22,6;50,5;61,1;asagi;zayif;zayif;asagi;1,99;-0,34;3;1559;2,90;63094289;1649,89;SAT;POZITIF;AL;NEGATIF;ARTIYOR;AL;AL;UCUZ (AL);4;08.09.2026
INGRM;izle;;37,3;1,9;17,4;18,0;0;0;zayif;16,9;45,5;56,2;asagi;zayif;zayif;asagi;3,71;-0,90;2;378,5;-7,34;91362330;411,43;AL;NEGATIF;NOTR;NEGATIF;ARTIYOR;AL;AL;NOTR;3;08.09.2026
DOKTA;izle;;37,1;12,0;17,6;7,5;10;1;zayif;22,4;51,7;56,1;yukari;zayif;zayif;asagi;0,79;-0,19;2;22,94;2,59;15941235;21,43;SAT;POZITIF;AL;NEGATIF;AZALIYOR;SAT;AL;NOTR;3;08.09.2026
ULKER;izle;;37,0;5,1;22,9;9,0;32;3;zayif;25,2;57,5;43,0;asagi;guclu;yukselis;asagi;0,73;-0,05;2;94,85;2,43;555473280;97,01;AL;POZITIF;AL;POZITIF;AZALIYOR;AL;AL;UCUZ (AL);6;08.09.2026
DMRGD;izle;;37,0;21,2;7,8;8,0;10;0;guclu trend;20,5;39,5;34,1;asagi;zayif;zayif;yukari;0,68;-0,95;5;10,51;-0,85;219005804;12,14;SAT;NEGATIF;SAT;NEGATIF;AZALIYOR;SAT;SAT;NOTR;0;08.09.2026
MAKTK;izle;;37,0;12,7;16,2;8,0;0;0;zayif;24,2;46,1;78,3;yukari;zayif;zayif;asagi;0,51;-1,40;0;9,98;1,42;22997423;9,45;AL;NEGATIF;AL;NEGATIF;AZALIYOR;SAT;SAT;NOTR;2;08.09.2026
CEMTS;izle;;36,7;0,3;17,6;18,8;46;3;zayif;14,5;50,1;47,5;asagi;zayif;zayif;asagi;1,21;-1,14;3;8,92;0,79;15869911;9,23;AL;POZITIF;NOTR;POZITIF;AZALIYOR;AL;AL;UCUZ (AL);5;08.09.2026
ICBCT;izle;;36,7;13,0;11,7;12,0;6;0;zayif;9,3;45,0;36,2;asagi;zayif;zayif;asagi;0,94;-0,79;3;19,83;3,12;35525643;21,90;SAT;NEGATIF;NOTR;NEGATIF;AZALIYOR;AL;AL;NOTR;2;08.09.2026
MERCN;izle;;36,6;2,0;16,6;18,0;0;0;zayif;26,7;48,2;18,8;asagi;zayif;zayif;asagi;1,67;-1,23;2;19,2;5,21;127136621;19,80;AL;NEGATIF;SAT;POZITIF;ARTIYOR;AL;AL;NOTR;4;08.09.2026
MEPET;izle;;36,4;12,0;15,8;8,6;0;0;zayif;13,2;49,8;47,1;yukari;zayif;zayif;asagi;0,74;-0,43;2;20,08;-2,33;5315939;17,93;SAT;NEGATIF;NOTR;NEGATIF;ARTIYOR;AL;AL;NOTR;2;08.09.2026
MAALT;izle;;36,3;13,6;17,5;5,2;48;5;zayif;26,4;48,4;25,7;yukari;zayif;zayif;asagi;0,77;-0,85;2;1014;1,00;33927426;954,44;AL;NEGATIF;AL;POZITIF;AZALIYOR;SAT;AL;NOTR;4;08.09.2026
GLRMK;izle;;36,3;5,3;17,5;13,4;38;3;zayif;25,7;49,1;52,7;asagi;zayif;zayif;asagi;0,66;-0,27;3;167,6;2,38;509420200;178,38;SAT;NEGATIF;AL;NEGATIF;AZALIYOR;SAT;AL;NOTR;2;08.09.2026
ADESE;izle;;36,2;6,8;18,4;11,0;0;0;zayif;29,5;51,1;51,9;asagi;zayif;zayif;asagi;0,84;-0,81;0;0,87;2,35;91847028;0,93;AL;POZITIF;AL;POZITIF;ARTIYOR;AL;AL;UCUZ (AL);6;08.09.2026
ARCLK;izle;;36,0;0,7;19,2;16,1;0;0;zayif;13,8;54,2;54,6;asagi;zayif;zayif;asagi;0,92;-0,65;2;95;1,71;147184165;95,00;AL;POZITIF;NOTR;POZITIF;ARTIYOR;AL;AL;NOTR;5;08.09.2026
ULAS;izle;;35,8;10,4;17,2;8,1;0;0;zayif;18,2;49,4;39,3;yukari;zayif;zayif;asagi;0,35;-0,98;2;21,96;-0,72;1936762;19,75;AL;NEGATIF;NOTR;POZITIF;AZALIYOR;AL;SAT;UCUZ (AL);3;08.09.2026
CASA;izle;;35,7;8,5;16,5;10,7;0;0;zayif;15,8;48,5;52,2;yukari;zayif;zayif;asagi;0,73;-1,51;2;69,6;0,72;837706;66,38;AL;NEGATIF;NOTR;POZITIF;AZALIYOR;AL;SAT;UCUZ (AL);3;08.09.2026
GOLTS;izle;;35,6;3,7;14,7;17,2;0;0;zayif;21,5;49,9;51,7;asagi;zayif;zayif;asagi;1,17;-0,84;2;302,5;1,85;52395723;313,22;SAT;NEGATIF;AL;NEGATIF;AZALIYOR;SAT;AL;NOTR;2;08.09.2026
CIMSA;izle;;35,4;1,0;19,6;14,8;0;0;zayif;14,5;52,4;51,2;asagi;zayif;zayif;asagi;0,85;-0,49;2;45,94;2,23;334481009;47,19;AL;POZITIF;NOTR;POZITIF;AZALIYOR;AL;AL;NOTR;5;08.09.2026
BRISA;izle;;35,2;2,1;18,2;15,0;0;0;zayif;17,3;50,5;30,8;asagi;zayif;zayif;asagi;1,02;-0,85;2;78,55;2,88;15678030;80,47;AL;POZITIF;NOTR;NEGATIF;ARTIYOR;AL;AL;NOTR;4;08.09.2026
LOGO;izle;;35,2;0,0;22,6;12,6;10;1;zayif;9,8;54,1;52,6;asagi;zayif;zayif;asagi;1,03;0,12;1;137,7;0,51;79703376;142,96;AL;POZITIF;NOTR;POZITIF;AZALIYOR;AL;AL;NOTR;5;08.09.2026
UFUK;izle;;35,1;8,0;9,1;18,0;32;3;zayif;15,7;39,3;69,9;asagi;zayif;zayif;asagi;1,48;-1,16;1;1550;-6,06;349168500;1791,10;SAT;NEGATIF;NOTR;NEGATIF;AZALIYOR;AL;AL;NOTR;2;08.09.2026
SKTAS;izle;;34,9;4,6;21,1;9,2;6;0;zayif;24,0;52,7;70,9;asagi;zayif;zayif;asagi;0,77;-0,03;3;3,32;-0,60;45783099;3,49;AL;POZITIF;AL;POZITIF;AZALIYOR;AL;AL;NOTR;6;08.09.2026
TAVHL;izle;;34,9;1,1;18,2;15,6;46;5;zayif;13,0;51,7;53,5;asagi;zayif;zayif;asagi;0,88;0,06;3;275,25;2,04;838552153;286,88;SAT;POZITIF;NOTR;NEGATIF;AZALIYOR;AL;AL;NOTR;3;08.09.2026
AKSEN;izle;;34,9;13,6;13,2;8,0;0;0;zayif;22,7;42,4;35,3;asagi;zayif;zayif;asagi;0,54;-1,49;2;80,4;1,20;540248443;89,03;AL;NEGATIF;SAT;NEGATIF;AZALIYOR;AL;AL;NOTR;3;08.09.2026
AFYON;izle;;34,6;1,0;16,7;16,9;10;1;zayif;14,6;51,6;62,2;asagi;zayif;zayif;asagi;0,89;-0,27;2;12,64;1,94;17126075;13,12;SAT;POZITIF;NOTR;NEGATIF;AZALIYOR;AL;AL;NOTR;3;08.09.2026
VERUS;izle;;34,3;22,2;2,2;10,0;10;1;zayif;32,1;32,2;52,9;asagi;zayif;zayif;asagi;2,08;-2,40;2;510;-8,60;105082440;650,43;SAT;NEGATIF;SAT;NEGATIF;ARTIYOR;SAT;SAT;NOTR;0;08.09.2026
IZMDC;izle;;34,3;22,4;7,3;4,6;28;2;zayif;31,7;35,8;35,9;asagi;zayif;zayif;asagi;0,97;-1,58;3;10,13;-6,03;112213697;12,65;SAT;NEGATIF;SAT;NEGATIF;AZALIYOR;SAT;AL;NOTR;1;08.09.2026
NUGYO;izle;;34,1;1,8;21,7;10,6;0;0;zayif;16,7;53,1;50,5;asagi;zayif;zayif;asagi;0,77;-0,07;1;9,23;0,87;12884212;9,70;AL;POZITIF;NOTR;NEGATIF;AZALIYOR;AL;AL;NOTR;4;08.09.2026
VKGYO;izle;;34,1;1,4;16,0;16,7;8;0;zayif;22,2;45,3;50,3;asagi;zayif;zayif;asagi;1,09;-1,53;1;1,92;1,05;44106123;2,01;AL;NEGATIF;SAT;NEGATIF;AZALIYOR;AL;AL;NOTR;3;08.09.2026
ULUFA;izle;;33,9;0,6;17,7;15,6;6;0;zayif;16,3;48,4;37,6;asagi;zayif;zayif;asagi;1,04;-1,04;3;1,68;1,20;35976751;1,79;AL;NEGATIF;NOTR;POZITIF;AZALIYOR;AL;AL;NOTR;4;08.09.2026
ECZYT;izle;;33,8;5,9;14,7;13,2;40;4;zayif;11,3;48,1;48,0;asagi;zayif;zayif;asagi;0,88;-0,71;2;316;0,32;91354336;332,87;SAT;NEGATIF;NOTR;NEGATIF;AZALIYOR;AL;AL;NOTR;2;08.09.2026
NTHOL;izle;;33,7;6,1;15,4;12,3;40;5;zayif;15,7;47,5;39,9;asagi;zayif;zayif;asagi;0,73;-0,25;1;43,5;1,40;55331261;46,19;SAT;NEGATIF;NOTR;NEGATIF;AZALIYOR;SAT;AL;NOTR;1;08.09.2026
EGSER;izle;;33,6;2,6;21,8;9,3;22;2;zayif;18,7;52,9;70,0;asagi;zayif;zayif;asagi;0,64;-0,08;2;2,99;1,01;4490795;3,13;AL;POZITIF;NOTR;NEGATIF;AZALIYOR;AL;AL;NOTR;4;08.09.2026
FMIZP;izle;;33,4;10,6;17,7;5,2;32;3;zayif;17,5;50,5;55,5;yukari;zayif;zayif;asagi;0,60;-0,00;2;293,75;2,09;10059469;280,92;SAT;POZITIF;NOTR;NEGATIF;ARTIYOR;SAT;AL;NOTR;2;08.09.2026
TUKAS;izle;;33,1;1,5;19,4;12,2;18;1;zayif;22,8;53,4;61,9;asagi;zayif;zayif;asagi;0,81;-0,68;2;2,05;0,99;97419106;2,11;AL;POZITIF;SAT;POZITIF;AZALIYOR;AL;AL;UCUZ (AL);5;08.09.2026
GATEG;izle;;33,0;5,8;11,9;15,3;50;5;zayif;17,7;46,3;46,6;asagi;zayif;zayif;asagi;2,96;-0,92;4;284,25;-3,48;11635774;306,19;SAT;NEGATIF;NOTR;NEGATIF;ARTIYOR;AL;AL;NOTR;2;08.09.2026
SNGYO;izle;;32,8;10,7;11,8;10,3;0;0;zayif;19,0;45,8;52,6;yukari;zayif;zayif;asagi;1,85;-1,11;2;3,26;0,93;116606021;3,17;SAT;NEGATIF;NOTR;NEGATIF;AZALIYOR;SAT;SAT;UCUZ (AL);0;08.09.2026
VAKFN;izle;;32,7;2,4;12,2;18,0;8;0;zayif;35,1;39,1;46,1;asagi;zayif;zayif;asagi;2,33;-2,67;1;1,14;0,00;123571345;1,22;AL;NEGATIF;SAT;NEGATIF;ARTIYOR;AL;AL;UCUZ (AL);3;08.09.2026
ESEN;izle;;32,7;6,5;14,8;11,4;40;4;zayif;28,7;47,6;41,1;asagi;zayif;zayif;asagi;1,18;-0,75;2;3,46;-2,26;154055410;3,71;SAT;NEGATIF;AL;NEGATIF;ARTIYOR;SAT;AL;UCUZ (AL);2;08.09.2026
PLTUR;izle;;32,5;1,6;19,8;11,1;0;0;zayif;16,1;51,6;63,8;asagi;zayif;zayif;asagi;0,51;-0,32;1;21,16;0,19;42421653;22,84;AL;POZITIF;NOTR;NEGATIF;AZALIYOR;AL;AL;NOTR;4;08.09.2026
KRONT;izle;;32,5;21,2;8,6;2,7;10;0;guclu trend;21,1;42,4;51,8;asagi;zayif;zayif;asagi;0,86;-0,75;4;22,9;-3,54;30375774;27,73;SAT;NEGATIF;SAT;NEGATIF;AZALIYOR;SAT;AL;NOTR;1;08.09.2026
TCELL;izle;;32,4;1,9;14,0;16,5;0;0;zayif;26,1;49,6;44,9;asagi;zayif;zayif;asagi;0,98;-0,72;2;101,6;2,57;3414373766;105,37;SAT;NEGATIF;SAT;NEGATIF;ARTIYOR;AL;AL;NOTR;2;08.09.2026
PINSU;izle;;32,3;5,7;18,6;8,0;30;2;zayif;26,6;49,1;67,2;asagi;zayif;zayif;asagi;0,69;-0,66;0;10,37;-0,10;25984659;11,02;AL;NEGATIF;AL;POZITIF;AZALIYOR;AL;AL;UCUZ (AL);5;08.09.2026
BRKO;izle;;32,1;8,0;15,8;8,3;6;0;zayif;12,8;49,6;37,8;asagi;zayif;zayif;asagi;0,72;-0,36;3;12;2,56;3174228;13,18;SAT;NEGATIF;NOTR;NEGATIF;ARTIYOR;SAT;AL;NOTR;1;08.09.2026
INTEM;izle;;32,0;9,1;13,9;9,0;6;0;zayif;20,2;47,1;42,9;yukari;zayif;zayif;asagi;0,71;-0,84;3;249,4;0,40;10220911;237,10;SAT;NEGATIF;SAT;NEGATIF;AZALIYOR;AL;AL;NOTR;2;08.09.2026
DESA;izle;;31,9;8,5;15,4;8,1;0;0;zayif;15,5;50,4;66,8;yukari;zayif;zayif;asagi;0,36;-0,71;2;10;2,15;15956430;9,23;SAT;POZITIF;NOTR;NEGATIF;AZALIYOR;AL;AL;NOTR;3;08.09.2026
ALGYO;izle;;31,7;9,3;20,4;1,9;40;3;zayif;15,4;51,9;47,5;yukari;guclu;yukselis;asagi;0,82;-1,34;1;3,67;3,38;76301326;3,35;AL;POZITIF;NOTR;NEGATIF;ARTIYOR;SAT;AL;NOTR;3;08.09.2026
PENTA;izle;;31,6;0,0;16,3;15,3;32;3;zayif;10,5;50,2;67,3;asagi;zayif;zayif;asagi;0,91;-0,47;2;13,28;1,22;22409416;13,99;SAT;POZITIF;NOTR;POZITIF;AZALIYOR;SAT;AL;NOTR;3;08.09.2026
PENGD;izle;;31,5;2,4;16,0;13,1;0;0;zayif;33,3;46,0;16,0;asagi;zayif;zayif;asagi;1,24;-2,35;2;9,33;1,74;26138779;9,59;AL;NEGATIF;SAT;POZITIF;ARTIYOR;AL;AL;NOTR;4;08.09.2026
BASCM;izle;;31,5;2,6;18,9;10,0;10;1;zayif;15,1;52,2;67,0;asagi;zayif;zayif;asagi;0,76;0,18;1;13,88;0,95;1153206;14,23;SAT;POZITIF;NOTR;NEGATIF;AZALIYOR;SAT;AL;NOTR;2;08.09.2026
GOKNR;izle;;31,4;1,4;16,0;14,0;0;0;zayif;22,1;45,5;25,1;asagi;zayif;zayif;asagi;1,49;-2,31;1;18,66;9,96;238043549;19,02;AL;NEGATIF;SAT;POZITIF;ARTIYOR;AL;AL;NOTR;4;08.09.2026
GLCVY;izle;;31,2;0,6;20,4;10,2;18;1;zayif;13,6;53,2;56,1;asagi;zayif;zayif;asagi;0,64;-0,34;1;53;3,92;20802288;55,12;AL;POZITIF;NOTR;NEGATIF;ARTIYOR;SAT;AL;UCUZ (AL);3;08.09.2026
YAYLA;izle;;31,2;7,0;20,2;4,0;32;3;zayif;39,4;51,1;69,9;asagi;zayif;zayif;asagi;0,28;-0,29;2;22,38;-2,70;13963956;24,12;AL;POZITIF;AL;POZITIF;AZALIYOR;AL;AL;UCUZ (AL);6;08.09.2026
MARBL;izle;;31,2;0,3;15,0;15,8;16;1;zayif;14,4;48,0;65,1;asagi;zayif;zayif;asagi;1,01;-0,61;3;12,28;1,07;15771671;13,00;SAT;NEGATIF;NOTR;NEGATIF;AZALIYOR;SAT;AL;NOTR;1;08.09.2026
GEDZA;izle;;31,0;9,1;10,9;11,1;28;2;zayif;19,7;44,7;65,2;yukari;zayif;zayif;asagi;0,80;-1,19;3;28,12;0,93;11408284;27,38;SAT;NEGATIF;NOTR;NEGATIF;AZALIYOR;SAT;AL;NOTR;1;08.09.2026
HRKET;izle;;31,0;7,6;8,4;15,0;6;0;zayif;14,2;39,6;11,7;asagi;zayif;zayif;asagi;1,12;-1,49;3;87,9;3,35;244800094;102,00;SAT;NEGATIF;NOTR;NEGATIF;AZALIYOR;SAT;AL;NOTR;1;08.09.2026
ISSEN;izle;;30,9;4,3;20,8;5,8;8;0;zayif;23,0;53,0;74,6;asagi;zayif;zayif;asagi;0,85;-0,36;1;7,06;-0,14;8139926;7,43;AL;POZITIF;AL;POZITIF;AZALIYOR;AL;AL;NOTR;6;08.09.2026
RAYSG;izle;;30,8;0,8;12,0;18,0;6;0;zayif;18,2;46,7;50,0;asagi;zayif;zayif;asagi;2,21;-1,77;3;158,1;4,70;53097411;166,26;SAT;NEGATIF;NOTR;NEGATIF;ARTIYOR;AL;AL;UCUZ (AL);2;08.09.2026
AKENR;izle;;30,8;3,3;19,5;8,0;10;1;zayif;20,5;49,6;58,7;asagi;zayif;zayif;asagi;0,41;-0,56;1;10,48;1,35;48496053;11,26;AL;NEGATIF;AL;POZITIF;AZALIYOR;AL;AL;NOTR;5;08.09.2026
ARENA;izle;;30,5;0,9;13,3;16,3;0;0;zayif;14,4;42,5;52,6;asagi;zayif;zayif;asagi;1,20;-2,43;2;20,28;4,43;27423447;22,09;AL;NEGATIF;NOTR;NEGATIF;ARTIYOR;SAT;AL;NOTR;2;08.09.2026
GSDHO;izle;;30,4;3,3;17,0;10,1;0;0;zayif;14,0;49,0;30,5;asagi;zayif;zayif;asagi;1,07;-1,05;2;4,79;1,05;59455544;4,97;AL;NEGATIF;NOTR;POZITIF;AZALIYOR;AL;AL;NOTR;4;08.09.2026
SEKUR;izle;;30,3;13,8;7,8;8,7;6;0;zayif;18,1;40,1;41,0;asagi;zayif;zayif;yukari;0,74;-1,08;3;9,64;-0,21;16283570;11,60;SAT;NEGATIF;NOTR;NEGATIF;AZALIYOR;SAT;SAT;NOTR;0;08.09.2026
TLMAN;izle;;30,1;4,7;17,4;8,0;14;0;zayif;24,1;49,3;50,3;asagi;zayif;zayif;asagi;0,52;-1,01;3;80,55;0,88;7373708;85,09;AL;NEGATIF;AL;NEGATIF;AZALIYOR;AL;AL;UCUZ (AL);4;08.09.2026
GARFA;izle;;30,1;0,2;19,1;10,7;0;0;zayif;9,6;49,8;63,6;asagi;zayif;zayif;asagi;0,82;-0,68;1;26,9;2,28;24753380;28,47;AL;NEGATIF;NOTR;POZITIF;AZALIYOR;SAT;AL;NOTR;3;08.09.2026
ALCAR;izle;;30,1;0,9;13,5;15,7;0;0;zayif;14,3;43,2;57,2;asagi;zayif;zayif;asagi;1,16;-1,77;2;688;0,66;28880864;737,49;AL;NEGATIF;NOTR;NEGATIF;AZALIYOR;AL;AL;UCUZ (AL);3;08.09.2026
BRYAT;izle;;30,0;1,0;16,6;12,4;6;0;zayif;14,5;49,0;55,6;asagi;zayif;zayif;asagi;1,07;-1,23;3;1709;2,46;129458459;1780,06;AL;NEGATIF;NOTR;NEGATIF;ARTIYOR;AL;AL;UCUZ (AL);3;08.09.2026
MAVI;izle;;30,0;2,4;8,1;19,5;10;0;zayif;30,1;38,5;52,6;asagi;zayif;zayif;asagi;1,23;-2,56;4;36,62;0,77;177865940;38,68;SAT;NEGATIF;SAT;NEGATIF;AZALIYOR;AL;AL;NOTR;2;08.09.2026
BIENY;izle;;29,5;10,9;9,0;9,6;0;0;zayif;19,4;43,9;73,6;yukari;zayif;zayif;asagi;0,23;-1,10;2;20,8;1,46;19312301;20,10;SAT;NEGATIF;NOTR;NEGATIF;AZALIYOR;SAT;AL;UCUZ (AL);1;08.09.2026
PSGYO;izle;;29,4;9,7;8,5;11,3;6;0;zayif;19,1;39,4;34,4;asagi;zayif;zayif;asagi;0,90;-1,45;3;3,11;0,32;339823265;3,47;SAT;NEGATIF;NOTR;NEGATIF;AZALIYOR;AL;AL;NOTR;2;08.09.2026
ATLAS;izle;;29,3;2,4;12,9;14,0;0;0;zayif;33,7;41,3;43,6;asagi;zayif;zayif;asagi;1,59;-2,51;2;6,22;4,54;7856924;6,60;AL;NEGATIF;SAT;NEGATIF;ARTIYOR;AL;AL;NOTR;3;08.09.2026
PAGYO;izle;;29,2;14,0;8,0;7,1;10;0;zayif;19,7;38,4;42,6;asagi;zayif;zayif;asagi;1,12;-1,63;4;140,6;2,25;19372852;154,93;SAT;NEGATIF;NOTR;NEGATIF;AZALIYOR;SAT;AL;NOTR;1;08.09.2026
UNLU;izle;;28,9;2,4;8,5;18,0;6;0;zayif;34,4;40,0;45,6;asagi;zayif;zayif;asagi;1,54;-2,38;3;10,64;1,53;14645141;11,30;SAT;NEGATIF;SAT;NEGATIF;AZALIYOR;SAT;AL;UCUZ (AL);1;08.09.2026
VKFYO;izle;;28,9;1,3;16,2;11,5;40;3;zayif;15,2;47,2;58,8;asagi;zayif;zayif;asagi;1,15;-1,43;2;23,08;6,65;6309633;24,79;AL;NEGATIF;NOTR;NEGATIF;ARTIYOR;SAT;AL;UCUZ (AL);2;08.09.2026
DESPC;izle;;28,8;2,9;17,9;8,0;8;0;zayif;19,4;47,6;64,1;asagi;zayif;zayif;asagi;0,62;-0,68;1;40,3;-1,42;17897593;45,12;AL;NEGATIF;NOTR;NEGATIF;AZALIYOR;AL;AL;NOTR;3;08.09.2026
IMASM;izle;;28,8;1,6;16,0;11,2;40;4;zayif;16,1;51,8;37,2;asagi;zayif;zayif;asagi;1,13;-1,59;2;2,44;9,91;86720499;2,44;AL;POZITIF;NOTR;POZITIF;ARTIYOR;AL;AL;UCUZ (AL);5;08.09.2026
YYLGD;izle;;28,7;0,4;18,2;10,2;18;1;zayif;13,0;50,0;37,8;asagi;zayif;zayif;asagi;0,82;-0,92;2;10,2;2,00;63039815;10,53;AL;NEGATIF;NOTR;POZITIF;AZALIYOR;AL;AL;NOTR;4;08.09.2026
ICUGS;izle;;28,6;4,7;5,9;18,0;6;0;zayif;24,4;31,5;57,0;asagi;zayif;zayif;asagi;2,10;-3,38;3;4,01;3,35;111965901;4,82;SAT;NEGATIF;SAT;NEGATIF;ARTIYOR;AL;AL;NOTR;2;08.09.2026
ESCAR;izle;;28,4;10,9;8,7;8,8;16;1;zayif;16,7;42,0;64,2;asagi;zayif;zayif;asagi;0,42;-1,15;3;43,5;-5,27;66682107;48,26;SAT;NEGATIF;NOTR;NEGATIF;ARTIYOR;SAT;SAT;NOTR;0;08.09.2026
DERIM;izle;;28,3;5,9;14,4;8,0;22;2;zayif;27,2;46,1;62,6;asagi;zayif;zayif;asagi;0,35;-0,69;1;35,42;0,80;5655901;39,25;SAT;NEGATIF;AL;NEGATIF;AZALIYOR;SAT;AL;NOTR;2;08.09.2026
DOFER;izle;;27,9;8,4;9,5;10,1;0;0;zayif;14,7;43,3;43,9;yukari;zayif;zayif;asagi;0,79;-1,80;2;28;0,14;13879936;27,00;SAT;NEGATIF;NOTR;NEGATIF;AZALIYOR;AL;AL;UCUZ (AL);2;08.09.2026
SODSN;izle;;27,8;10,3;12,7;4,8;6;0;zayif;29,1;40,6;41,7;yukari;zayif;zayif;asagi;0,75;-3,18;3;7,47;0,95;455797;7,13;AL;NEGATIF;SAT;NEGATIF;AZALIYOR;AL;AL;UCUZ (AL);3;08.09.2026
DUNYH;izle;;27,7;14,0;5,7;8,0;42;3;zayif;31,9;30,8;31,9;asagi;zayif;zayif;asagi;0,43;-2,03;4;119,5;-0,33;56980349;152,53;SAT;NEGATIF;SAT;NEGATIF;AZALIYOR;SAT;AL;NOTR;1;08.09.2026
GENTS;izle;;27,7;1,4;16,0;10,3;0;0;zayif;15,6;47,6;60,8;asagi;zayif;zayif;asagi;0,84;-2,20;0;5,28;1,73;26996973;5,56;AL;NEGATIF;NOTR;NEGATIF;AZALIYOR;AL;AL;UCUZ (AL);3;08.09.2026
MERKO;izle;;27,6;2,1;8,0;17,5;0;0;zayif;27,1;38,4;51,9;asagi;zayif;zayif;asagi;1,27;-3,64;2;1,26;1,61;34259113;1,37;SAT;NEGATIF;SAT;NEGATIF;AZALIYOR;AL;AL;NOTR;2;08.09.2026
OYAYO;izle;;27,6;0,0;17,6;10,0;0;0;zayif;9,7;50,7;43,2;asagi;zayif;zayif;asagi;1,86;-0,83;2;43,7;9,63;4725674;44,74;AL;POZITIF;NOTR;POZITIF;ARTIYOR;AL;AL;NOTR;5;08.09.2026
USHOL;izle;;27,4;20,4;4,7;2,3;40;4;zayif;14,9;35,9;48,6;asagi;zayif;zayif;asagi;0,84;-1,42;1;72,9;-3,89;30286378;90,30;SAT;NEGATIF;NOTR;NEGATIF;ARTIYOR;SAT;AL;NOTR;1;08.09.2026
MEKAG;izle;;27,3;3,3;16,0;8,0;0;0;zayif;20,5;48,8;77,1;asagi;zayif;zayif;asagi;0,56;-1,68;0;3,02;0,00;16351035;3,17;AL;NEGATIF;AL;NEGATIF;AZALIYOR;AL;AL;NOTR;4;08.09.2026
LILAK;izle;;27,3;0,7;12,0;14,6;22;2;zayif;17,3;45,7;48,3;asagi;zayif;zayif;asagi;1,10;-1,87;2;29;1,75;77419705;30,52;SAT;NEGATIF;NOTR;NEGATIF;AZALIYOR;SAT;AL;NOTR;1;08.09.2026
AYES;izle;;27,2;13,8;13,4;0,0;10;0;zayif;17,9;46,0;14,5;asagi;zayif;zayif;asagi;0,18;-0,88;4;29,98;1,83;962958;32,58;SAT;NEGATIF;NOTR;NEGATIF;ARTIYOR;SAT;AL;NOTR;1;08.09.2026
ERSU;izle;;27,2;7,7;9,8;9,7;10;1;zayif;14,8;40,7;53,3;asagi;zayif;zayif;asagi;0,37;-1,03;1;23,1;0,00;3189902;26,72;SAT;NEGATIF;NOTR;NEGATIF;AZALIYOR;SAT;AL;NOTR;1;08.09.2026
ASUZU;izle;;27,1;1,6;16,0;9,6;14;0;zayif;23,4;48,8;60,9;asagi;zayif;zayif;asagi;0,79;-1,87;3;48,8;2,09;18710945;50,06;AL;NEGATIF;SAT;NEGATIF;ARTIYOR;AL;AL;NOTR;3;08.09.2026
KIMMR;izle;;27,1;2,4;7,4;17,2;0;0;zayif;37,6;36,3;37,0;asagi;zayif;zayif;asagi;1,25;-3,40;2;13,25;1,77;17099973;13,99;SAT;NEGATIF;SAT;NEGATIF;AZALIYOR;AL;AL;NOTR;2;08.09.2026
ACSEL;izle;;26,8;4,1;8,4;14,4;10;0;zayif;19,7;39,7;47,4;asagi;zayif;zayif;asagi;1,08;-2,24;4;113,8;1,79;16963028;124,29;SAT;NEGATIF;NOTR;NEGATIF;ARTIYOR;AL;AL;NOTR;2;08.09.2026
DOFRB;izle;;26,7;4,3;8,6;13,8;0;0;zayif;19,9;40,2;62,3;asagi;zayif;zayif;asagi;1,29;-2,32;2;119,3;5,86;736077302;135,98;SAT;NEGATIF;NOTR;NEGATIF;AZALIYOR;SAT;AL;NOTR;1;08.09.2026
TBORG;izle;;26,6;7,4;10,0;9,2;0;0;zayif;31,4;42,5;60,3;asagi;zayif;zayif;asagi;0,45;-0,63;2;138,2;-1,00;25836766;158,93;SAT;NEGATIF;SAT;NEGATIF;AZALIYOR;SAT;SAT;NOTR;0;08.09.2026
OBASE;izle;;26,6;3,7;16,7;6,1;0;0;zayif;13,9;45,1;51,8;asagi;zayif;zayif;asagi;0,83;-1,19;2;36,72;-3,06;20190198;39,28;AL;NEGATIF;NOTR;NEGATIF;ARTIYOR;AL;AL;NOTR;3;08.09.2026
KBORU;izle;;26,6;5,1;7,3;14,2;0;0;zayif;27,4;36,1;61,4;asagi;zayif;zayif;asagi;1,07;-3,00;2;18,6;4,38;289556039;21,66;SAT;NEGATIF;SAT;NEGATIF;ARTIYOR;SAT;AL;NOTR;1;08.09.2026
SMART;izle;;26,6;1,0;9,8;15,7;0;0;zayif;14,6;44,4;51,0;asagi;zayif;zayif;asagi;1,16;-2,08;2;23,36;3,00;28430241;25,47;SAT;NEGATIF;NOTR;NEGATIF;AZALIYOR;SAT;AL;NOTR;1;08.09.2026
ECOGR;izle;;26,5;13,6;8,9;4,0;6;0;zayif;16,3;41,5;55,1;asagi;zayif;zayif;asagi;0,57;-1,62;3;33,9;0,53;107815831;37,31;SAT;NEGATIF;NOTR;NEGATIF;AZALIYOR;SAT;AL;NOTR;1;08.09.2026
IHLGM;izle;;26,5;2,5;16,0;8,0;0;0;zayif;18,5;45,9;57,4;asagi;zayif;zayif;asagi;0,47;-1,81;0;1,58;0,00;15589462;1,67;AL;NEGATIF;NOTR;POZITIF;AZALIYOR;SAT;AL;UCUZ (AL);3;08.09.2026
SUWEN;izle;;26,5;1,7;23,4;1,4;0;0;zayif;16,5;55,7;79,3;asagi;guclu;yukselis;asagi;0,69;0,09;2;6,8;1,19;37935792;7,06;AL;POZITIF;NOTR;POZITIF;ARTIYOR;AL;AL;UCUZ (AL);5;08.09.2026
MSGYO;izle;;26,4;0,7;17,6;8,1;0;0;zayif;13,7;49,0;47,5;asagi;zayif;zayif;asagi;0,93;-0,80;2;5,87;-1,34;10942637;6,21;AL;NEGATIF;NOTR;POZITIF;AZALIYOR;AL;AL;NOTR;4;08.09.2026
BURCE;izle;;26,3;0,1;8,2;18,0;10;1;zayif;13,1;38,9;62,3;asagi;zayif;zayif;asagi;1,32;-2,70;2;33,4;2,96;75014997;36,91;SAT;NEGATIF;NOTR;NEGATIF;ARTIYOR;SAT;AL;UCUZ (AL);1;08.09.2026
TMSN;izle;;26,3;0,0;8,3;18,0;0;0;zayif;11,9;39,4;54,5;asagi;zayif;zayif;asagi;1,31;-2,84;1;73;1,53;50527680;77,43;SAT;NEGATIF;NOTR;NEGATIF;AZALIYOR;AL;AL;UCUZ (AL);2;08.09.2026
DGATE;izle;;26,2;4,4;7,8;14,0;6;0;zayif;22,4;37,5;48,0;asagi;zayif;zayif;asagi;1,63;-1,84;3;89;-5,97;55543654;106,46;SAT;NEGATIF;SAT;NEGATIF;ARTIYOR;AL;AL;NOTR;2;08.09.2026
BLUME;izle;;26,0;6,2;16,9;2,9;16;1;zayif;20,8;45,2;36,5;asagi;guclu;yukselis;asagi;0,76;-0,05;3;37,9;-2,07;92022489;45,13;SAT;NEGATIF;SAT;NEGATIF;ARTIYOR;SAT;AL;NOTR;1;08.09.2026
DOAS;izle;;25,8;1,3;13,0;11,5;10;0;zayif;21,8;41,8;40,7;asagi;zayif;zayif;asagi;0,87;-2,60;4;166,7;1,96;145878670;171,91;AL;NEGATIF;SAT;POZITIF;ARTIYOR;AL;AL;NOTR;4;08.09.2026
IHEVA;izle;;25,7;0,6;8,7;16,3;0;0;zayif;16,6;40,4;32,8;asagi;zayif;zayif;asagi;1,78;-1,49;2;1,95;0,00;3958521;2,07;SAT;NEGATIF;NOTR;NEGATIF;ARTIYOR;SAT;SAT;UCUZ (AL);0;08.09.2026
GLRYH;izle;;25,6;0,9;13,7;11,0;0;0;zayif;18,4;47,2;67,2;asagi;zayif;zayif;asagi;0,65;-0,93;1;3,06;2,68;20728376;3,34;SAT;NEGATIF;NOTR;NEGATIF;AZALIYOR;SAT;AL;UCUZ (AL);1;08.09.2026
YEOTK;izle;;25,5;13,7;7,8;4,0;6;0;zayif;17,0;37,7;37,4;asagi;zayif;zayif;asagi;0,51;-2,21;3;33,1;0,18;278177233;37,53;SAT;NEGATIF;NOTR;NEGATIF;AZALIYOR;AL;AL;NOTR;2;08.09.2026
AKGRT;izle;;25,4;2,1;12,9;10,5;6;0;zayif;27,1;41,3;40,3;asagi;zayif;zayif;asagi;1,03;-2,66;3;6,22;0,65;68047528;6,45;AL;NEGATIF;SAT;POZITIF;AZALIYOR;AL;AL;UCUZ (AL);4;08.09.2026
MERIT;izle;;25,4;0,0;17,2;8,1;0;0;zayif;9,3;47,7;53,7;asagi;zayif;zayif;asagi;0,61;-0,97;0;15,87;1,21;24149839;16,57;AL;NEGATIF;NOTR;POZITIF;AZALIYOR;AL;AL;NOTR;4;08.09.2026
IHYAY;izle;;25,1;5,0;16,0;4,1;22;2;zayif;24,9;46,3;43,4;asagi;zayif;zayif;asagi;0,71;-2,27;2;1,24;0,81;2146838;1,31;AL;NEGATIF;AL;POZITIF;ARTIYOR;AL;AL;UCUZ (AL);5;08.09.2026
NUHCM;izle;;25,0;0,9;14,9;9,1;0;0;zayif;18,9;48,7;38,6;asagi;zayif;zayif;asagi;0,64;-0,67;1;216;0,47;8984952;222,03;SAT;NEGATIF;NOTR;NEGATIF;ARTIYOR;AL;AL;NOTR;2;08.09.2026
BRKSN;izle;;24,9;9,1;8,7;7,1;10;0;zayif;20,4;41,5;47,4;yukari;zayif;zayif;asagi;0,81;-1,09;4;7,7;0,00;2313619;7,34;SAT;NEGATIF;SAT;NEGATIF;AZALIYOR;SAT;SAT;NOTR;0;08.09.2026
SEGMN;izle;;24,9;8,4;8,5;8,0;10;0;zayif;21,9;39,9;44,3;asagi;zayif;zayif;asagi;0,22;-1,56;4;46,5;-0,64;13419203;55,99;SAT;NEGATIF;SAT;NEGATIF;AZALIYOR;SAT;AL;NOTR;1;08.09.2026
ECILC;izle;;24,7;0,8;17,0;6,9;10;1;zayif;18,0;49,6;75,2;asagi;zayif;zayif;asagi;0,95;-0,50;2;74,1;3,20;414397210;80,64;SAT;NEGATIF;NOTR;NEGATIF;AZALIYOR;SAT;AL;NOTR;1;08.09.2026
CWENE;izle;;24,6;6,8;9,7;8,1;6;0;zayif;14,9;43,3;32,7;asagi;zayif;zayif;asagi;0,95;-1,40;3;33,5;4,69;3153970663;38,54;SAT;NEGATIF;NOTR;NEGATIF;AZALIYOR;SAT;AL;NOTR;1;08.09.2026
GWIND;izle;;24,5;0,0;16,0;8,5;0;0;zayif;11,1;46,3;59,7;asagi;zayif;zayif;asagi;0,87;-1,89;2;22,96;1,32;69713632;23,62;AL;NEGATIF;NOTR;NEGATIF;AZALIYOR;AL;AL;NOTR;3;08.09.2026
HOROZ;izle;;24,5;1,7;14,8;8,0;0;0;zayif;16,4;48,1;37,0;asagi;zayif;zayif;asagi;0,47;-0,63;1;60;1,78;78138840;64,74;SAT;NEGATIF;NOTR;NEGATIF;AZALIYOR;AL;AL;NOTR;2;08.09.2026
KRVGD;izle;;24,4;2,4;12,0;10,0;6;0;zayif;48,5;38,2;28,9;asagi;zayif;zayif;asagi;1,58;-3,12;3;2,28;0,00;30829305;2,40;AL;NEGATIF;SAT;NEGATIF;AZALIYOR;AL;AL;NOTR;3;08.09.2026
KLKIM;izle;;24,1;0,8;14,4;9,0;0;0;zayif;17,6;48,3;61,8;asagi;zayif;zayif;asagi;0,63;-1,06;2;26,64;0,60;34443868;28,72;SAT;NEGATIF;NOTR;NEGATIF;AZALIYOR;SAT;AL;UCUZ (AL);1;08.09.2026
BANVT;izle;;24,0;1,9;8,9;13,2;0;0;zayif;17,0;41,5;31,5;asagi;zayif;zayif;asagi;0,98;-1,50;2;151,3;0,53;12682874;159,85;SAT;NEGATIF;NOTR;NEGATIF;AZALIYOR;AL;AL;NOTR;2;08.09.2026
OYYAT;izle;;24,0;2,5;10,0;11,5;0;0;zayif;18,5;44,9;63,4;asagi;zayif;zayif;asagi;0,91;-1,76;2;34,98;2,16;21261544;37,66;SAT;NEGATIF;NOTR;NEGATIF;AZALIYOR;SAT;AL;NOTR;1;08.09.2026
ELITE;izle;;23,8;1,5;6,9;15,4;16;1;zayif;23,0;34,7;41,4;asagi;zayif;zayif;asagi;1,15;-3,30;3;26,36;0,30;56007408;28,87;SAT;NEGATIF;SAT;NEGATIF;AZALIYOR;SAT;AL;NOTR;1;08.09.2026
YUNSA;izle;;23,8;2,1;7,1;14,6;6;0;zayif;27,2;35,4;21,6;asagi;zayif;zayif;asagi;1,09;-3,52;3;7,72;2,93;46523661;8,07;SAT;NEGATIF;SAT;NEGATIF;ARTIYOR;AL;AL;NOTR;2;08.09.2026
KLMSN;izle;;23,6;11,5;12,2;0,0;10;1;zayif;20,9;45,2;28,0;yukari;zayif;zayif;asagi;0,63;-1,43;2;28,18;1,73;11638396;26,86;SAT;NEGATIF;AL;NEGATIF;AZALIYOR;SAT;AL;NOTR;2;08.09.2026
PASEU;izle;;23,5;12,4;3,1;8,0;10;0;zayif;36,5;35,2;62,8;asagi;zayif;zayif;asagi;0,04;-1,99;4;128,4;-9,96;64534225;191,34;SAT;NEGATIF;SAT;NEGATIF;AZALIYOR;SAT;SAT;NOTR;0;08.09.2026
MTRYO;izle;;23,5;1,5;14,0;8,0;28;1;zayif;15,8;43,4;46,9;asagi;zayif;zayif;asagi;0,48;-1,29;4;8,77;1,39;1263292;9,63;AL;NEGATIF;NOTR;NEGATIF;AZALIYOR;SAT;SAT;NOTR;1;08.09.2026
MGROS;izle;;23,5;2,4;8,3;12,8;10;0;zayif;38,6;39,2;46,9;asagi;zayif;zayif;asagi;0,99;-3,22;4;539;2,08;2071564033;568,11;SAT;NEGATIF;SAT;NEGATIF;ARTIYOR;AL;AL;NOTR;2;08.09.2026
CGCAM;izle;;23,4;2,1;7,0;14,3;6;0;zayif;27,2;35,1;57,7;asagi;zayif;zayif;asagi;1,08;-3,44;3;33,18;2,41;77294934;36,28;SAT;NEGATIF;SAT;NEGATIF;AZALIYOR;AL;AL;NOTR;2;08.09.2026
YATAS;izle;;22,9;2,3;11,9;8,7;0;0;zayif;28,8;38,1;27,6;asagi;zayif;zayif;asagi;0,98;-3,37;1;30,8;1,45;29803866;32,70;AL;NEGATIF;SAT;NEGATIF;ARTIYOR;AL;AL;NOTR;3;08.09.2026
BAYRK;izle;;22,6;3,7;10,4;8,4;32;3;zayif;21,5;44,5;35,6;asagi;zayif;zayif;asagi;0,39;-1,24;2;4,24;0,24;18332954;4,69;SAT;NEGATIF;AL;NEGATIF;AZALIYOR;SAT;AL;NOTR;2;08.09.2026
ERBOS;izle;;22,5;0,6;12,8;9,1;8;0;zayif;16,2;41,0;41,7;asagi;zayif;zayif;asagi;1,00;-2,63;2;148,4;0,75;8484622;155,59;AL;NEGATIF;NOTR;NEGATIF;ARTIYOR;AL;AL;UCUZ (AL);3;08.09.2026
RNPOL;izle;;22,3;11,7;9,6;1,0;28;2;zayif;16,8;41,1;43,3;yukari;zayif;zayif;asagi;0,60;-1,17;3;2,27;0,44;4759350;2,19;SAT;NEGATIF;NOTR;NEGATIF;AZALIYOR;SAT;AL;NOTR;1;08.09.2026
ISKPL;izle;;22,3;8,4;5,9;8,0;6;0;zayif;14,9;39,0;56,3;yukari;zayif;zayif;asagi;0,53;-2,59;3;7,18;0,56;186801938;7,02;SAT;NEGATIF;NOTR;NEGATIF;AZALIYOR;SAT;AL;NOTR;1;08.09.2026
KTSKR;izle;;22,1;0,5;7,6;14,0;0;0;zayif;15,6;36,9;51,3;asagi;zayif;zayif;asagi;1,49;-2,96;2;78,7;2,21;48542239;85,30;SAT;NEGATIF;NOTR;NEGATIF;ARTIYOR;AL;AL;NOTR;2;08.09.2026
POLTK;izle;;22,0;0,8;7,2;14,0;6;0;zayif;18,0;35,8;33,0;asagi;zayif;zayif;asagi;1,47;-3,00;3;4090;2,19;41304910;4459,83;SAT;NEGATIF;NOTR;NEGATIF;ARTIYOR;AL;AL;UCUZ (AL);2;08.09.2026
LIDFA;izle;;22,0;0,0;13,5;8,5;8;0;zayif;9,8;43,3;45,1;asagi;zayif;zayif;asagi;0,97;-1,64;1;2,62;0,38;22639522;2,83;AL;NEGATIF;NOTR;NEGATIF;AZALIYOR;AL;AL;NOTR;3;08.09.2026
INVEO;izle;;21,9;0,2;13,7;8,0;8;0;zayif;13,4;43,9;42,1;asagi;zayif;zayif;asagi;0,46;-1,83;0;6,88;2,38;13586149;7,31;AL;NEGATIF;NOTR;POZITIF;AZALIYOR;AL;AL;UCUZ (AL);4;08.09.2026
KFEIN;izle;;21,7;0,0;16,3;5,5;0;0;zayif;9,3;45,6;14,4;asagi;zayif;zayif;asagi;0,79;-1,39;2;8,15;2,39;29329063;8,78;AL;NEGATIF;NOTR;NEGATIF;ARTIYOR;AL;AL;NOTR;3;08.09.2026
OSTIM;izle;;21,7;0,4;16,0;5,3;10;0;zayif;14,9;48,1;53,4;asagi;zayif;zayif;asagi;0,78;-1,59;4;1,59;1,27;14985411;1,67;AL;NEGATIF;NOTR;NEGATIF;AZALIYOR;AL;AL;UCUZ (AL);3;08.09.2026
CRDFA;izle;;21,6;5,4;10,0;6,2;0;0;zayif;36,1;31,6;46,2;asagi;zayif;zayif;asagi;1,07;-3,61;1;24,9;-4,23;50180796;30,74;AL;NEGATIF;SAT;NEGATIF;AZALIYOR;SAT;SAT;NOTR;1;08.09.2026
ZEDUR;izle;;21,6;2,4;8,6;10,5;0;0;zayif;33,9;40,4;58,5;asagi;zayif;zayif;asagi;0,85;-2,30;1;7,61;1,60;9332790;8,21;SAT;NEGATIF;SAT;NEGATIF;AZALIYOR;SAT;AL;NOTR;1;08.09.2026
IZFAS;izle;;21,5;4,0;9,5;8,0;0;0;zayif;19,3;42,7;57,6;asagi;zayif;zayif;asagi;0,52;-1,41;2;52,95;0,57;192286284;63,36;SAT;NEGATIF;NOTR;NEGATIF;AZALIYOR;SAT;AL;NOTR;1;08.09.2026
AKFGY;izle;;21,5;0,9;10,0;10,6;10;0;zayif;18,8;44,8;39,6;asagi;zayif;zayif;asagi;0,80;-1,47;4;2,58;1,98;42309247;2,69;SAT;NEGATIF;NOTR;NEGATIF;ARTIYOR;AL;AL;NOTR;2;08.09.2026
ANSGR;izle;;21,5;6,2;8,2;7,1;32;2;zayif;19,8;39,1;28,0;asagi;zayif;zayif;asagi;0,85;-1,52;4;26,52;1,69;92539365;28,02;SAT;NEGATIF;NOTR;NEGATIF;ARTIYOR;SAT;AL;NOTR;1;08.09.2026
KUTPO;izle;;21,5;5,5;12,3;3,7;46;5;zayif;26,2;45,6;37,4;asagi;zayif;zayif;asagi;0,73;-1,37;3;80,1;0,88;9713086;83,78;SAT;NEGATIF;AL;NEGATIF;AZALIYOR;AL;AL;UCUZ (AL);3;08.09.2026
GOZDE;izle;;21,3;6,7;13,9;0,7;0;0;zayif;17,3;45,5;50,0;asagi;zayif;zayif;asagi;0,74;-0,68;2;22,3;1,64;26327202;23,83;SAT;NEGATIF;NOTR;NEGATIF;AZALIYOR;SAT;AL;NOTR;1;08.09.2026
AKSUE;izle;;21,3;5,4;5,7;10,2;0;0;zayif;34,7;30,5;27,0;asagi;zayif;zayif;asagi;1,07;-3,40;2;31;-1,15;87136815;36,50;SAT;NEGATIF;SAT;NEGATIF;AZALIYOR;AL;AL;NOTR;2;08.09.2026
HTTBT;izle;;21,3;0,5;8,6;12,2;10;0;zayif;15,5;40,4;44,3;asagi;zayif;zayif;asagi;1,34;-1,90;6;35,48;-0,73;23720757;37,68;SAT;NEGATIF;NOTR;NEGATIF;AZALIYOR;AL;AL;UCUZ (AL);2;08.09.2026
USAK;izle;;21,2;0,5;11,9;8,7;8;0;zayif;16,0;38,0;40,3;asagi;zayif;zayif;asagi;0,74;-2,99;0;1,21;0,83;30594884;1,29;AL;NEGATIF;NOTR;NEGATIF;AZALIYOR;AL;AL;UCUZ (AL);3;08.09.2026
AYCES;izle;;21,1;0,0;13,1;8,0;0;0;zayif;10,0;42,0;46,6;asagi;zayif;zayif;asagi;0,43;-2,67;1;442,75;0,74;23568468;489,81;AL;NEGATIF;NOTR;POZITIF;AZALIYOR;SAT;AL;NOTR;3;08.09.2026
ESCOM;izle;;21,1;12,8;8,3;0,0;46;4;zayif;18,1;39,2;28,5;asagi;zayif;zayif;asagi;0,51;-1,68;3;5,19;0,19;62249083;5,69;SAT;NEGATIF;NOTR;NEGATIF;AZALIYOR;SAT;AL;NOTR;1;08.09.2026
FONET;izle;;20,9;13,0;7,9;0,0;32;2;zayif;20,5;38,0;24,1;asagi;zayif;zayif;asagi;0,40;-1,72;4;4,75;0,00;40856584;5,37;SAT;NEGATIF;SAT;NEGATIF;AZALIYOR;SAT;AL;NOTR;1;08.09.2026
ALFAS;izle;;20,7;0,7;16,0;4,0;40;3;zayif;17,4;45,1;57,6;asagi;zayif;zayif;asagi;0,50;-1,78;2;40,2;1,31;41010914;43,07;AL;NEGATIF;NOTR;NEGATIF;AZALIYOR;AL;AL;NOTR;3;08.09.2026
OYLUM;izle;;20,7;0,9;10,4;9,5;0;0;zayif;18,4;32,9;46,9;asagi;zayif;zayif;asagi;0,98;-2,08;2;7,11;0,14;3177743;7,74;AL;NEGATIF;NOTR;NEGATIF;AZALIYOR;AL;AL;UCUZ (AL);3;08.09.2026
ATAGY;izle;;20,7;2,4;10,6;7,7;6;0;zayif;42,7;33,5;29,1;asagi;zayif;zayif;asagi;1,16;-2,98;3;9,86;-0,40;2370512;10,60;AL;NEGATIF;SAT;NEGATIF;ARTIYOR;AL;AL;UCUZ (AL);3;08.09.2026
VKING;izle;;20,6;2,4;7,6;10,6;0;0;zayif;42,5;36,9;47,2;asagi;zayif;zayif;asagi;1,10;-2,64;2;20,74;1,57;7699414;22,35;SAT;NEGATIF;SAT;NEGATIF;ARTIYOR;AL;AL;UCUZ (AL);2;08.09.2026
DAPGM;izle;;20,6;0,4;12,2;8,0;0;0;zayif;13,1;45,6;48,9;asagi;zayif;zayif;asagi;0,44;-1,43;2;8,15;2,90;327589258;9,11;SAT;NEGATIF;NOTR;NEGATIF;AZALIYOR;AL;AL;UCUZ (AL);2;08.09.2026
LUKSK;izle;;20,6;0,1;12,5;8,0;0;0;zayif;12,1;40,1;44,6;asagi;zayif;zayif;asagi;0,53;-2,26;2;84,2;0,60;5441593;91,07;AL;NEGATIF;NOTR;NEGATIF;AZALIYOR;AL;AL;UCUZ (AL);3;08.09.2026
ATEKS;izle;;20,6;4,7;9,9;5,9;0;0;zayif;24,7;44,7;41,1;asagi;zayif;zayif;asagi;0,81;-1,85;2;99,15;2,22;1128228;106,40;SAT;NEGATIF;SAT;NEGATIF;AZALIYOR;AL;AL;NOTR;2;08.09.2026
DOGUB;izle;;20,3;3,8;6,8;9,7;0;0;zayif;13,9;38,1;45,0;asagi;zayif;zayif;asagi;1,28;-2,29;2;63,7;-7,14;32397884;78,65;SAT;NEGATIF;NOTR;NEGATIF;AZALIYOR;AL;AL;NOTR;2;08.09.2026
NATEN;izle;;20,3;1,1;8,8;10,4;6;0;zayif;20,2;40,9;37,8;asagi;zayif;zayif;asagi;1,08;-2,84;3;5,3;2,32;45558127;5,59;SAT;NEGATIF;SAT;NEGATIF;AZALIYOR;AL;AL;UCUZ (AL);2;08.09.2026
SRVGY;izle;;20,1;1,2;9,9;8,9;6;0;zayif;21,1;44,6;54,3;asagi;zayif;zayif;asagi;0,76;-1,87;3;2,48;0,81;27709804;2,61;SAT;NEGATIF;SAT;NEGATIF;AZALIYOR;SAT;AL;UCUZ (AL);1;08.09.2026
SEYKM;izle;;19,8;1,2;9,1;9,6;10;0;zayif;20,5;42,0;25,0;asagi;zayif;zayif;asagi;1,27;-1,57;4;4,38;5,54;7189739;4,71;SAT;NEGATIF;SAT;NEGATIF;ARTIYOR;AL;AL;NOTR;2;08.09.2026
BINHO;izle;;19,8;3,7;9,4;6,7;6;0;zayif;17,4;40,0;57,0;asagi;zayif;zayif;asagi;1,10;-1,11;3;9,41;2,51;298505695;11,00;SAT;NEGATIF;NOTR;NEGATIF;ARTIYOR;SAT;AL;NOTR;1;08.09.2026
EUPWR;izle;;19,8;15,3;2,1;2,4;10;1;zayif;28,7;32,0;45,7;asagi;zayif;zayif;asagi;0,85;-3,01;2;70,45;-3,29;1305613146;88,15;SAT;NEGATIF;SAT;NEGATIF;AZALIYOR;SAT;AL;NOTR;1;08.09.2026
MZHLD;izle;;19,7;9,0;7,6;3,1;0;0;zayif;19,3;41,9;47,9;yukari;zayif;zayif;asagi;0,63;-1,57;2;5,23;0,58;1073520;5,18;SAT;NEGATIF;NOTR;NEGATIF;AZALIYOR;SAT;SAT;UCUZ (AL);0;08.09.2026
LYDYE;izle;;19,5;1,0;17,0;1,5;46;4;zayif;19,2;46,7;57,1;asagi;zayif;zayif;asagi;0,61;-1,06;3;12352,5;-1,77;13970678;13268,29;AL;NEGATIF;NOTR;NEGATIF;AZALIYOR;AL;AL;NOTR;3;08.09.2026
SILVR;izle;;19,5;0,6;12,8;6,1;6;0;zayif;16,7;40,9;37,7;asagi;zayif;zayif;asagi;1,07;-1,83;3;2,2;0,92;3118922;2,36;AL;NEGATIF;NOTR;NEGATIF;ARTIYOR;AL;AL;NOTR;3;08.09.2026
LRSHO;izle;;19,4;0,5;13,0;5,8;42;3;zayif;13,4;41,7;12,2;asagi;zayif;zayif;asagi;0,81;-2,85;4;2,52;3,70;64723446;2,69;AL;NEGATIF;NOTR;NEGATIF;ARTIYOR;AL;AL;UCUZ (AL);3;08.09.2026
KTLEV;izle;;19,2;17,8;1,3;0,0;6;0;zayif;23,4;29,5;24,5;asagi;zayif;zayif;asagi;0,44;-3,17;3;34,58;-9,99;2129748381;51,22;SAT;NEGATIF;SAT;NEGATIF;AZALIYOR;SAT;AL;PAHALI (SAT);1;08.09.2026
MARMR;izle;;19,0;1,4;8,9;8,7;0;0;zayif;22,1;41,3;44,5;asagi;zayif;zayif;asagi;0,63;-1,47;2;2,21;0,91;88039560;2,44;SAT;NEGATIF;SAT;NEGATIF;AZALIYOR;SAT;AL;NOTR;1;08.09.2026
DGGYO;izle;;19,0;4,1;14,9;0,0;0;0;zayif;12,6;44,6;20,1;asagi;zayif;zayif;asagi;0,63;-1,07;1;33,2;1,16;2743914;36,55;AL;NEGATIF;NOTR;NEGATIF;ARTIYOR;AL;AL;NOTR;3;08.09.2026
EKIZ;izle;;18,9;2,4;12,4;4,0;8;0;zayif;39,2;39,8;55,2;asagi;zayif;zayif;asagi;0,68;-4,38;1;59;1,64;500261;61,69;AL;NEGATIF;SAT;NEGATIF;ARTIYOR;AL;AL;UCUZ (AL);3;08.09.2026
VAKKO;izle;;18,9;0,0;18,2;0,6;0;0;zayif;12,1;48,4;52,6;asagi;zayif;zayif;asagi;0,49;-0,75;1;67,25;-0,37;6743225;72,32;AL;NEGATIF;NOTR;NEGATIF;AZALIYOR;AL;AL;NOTR;3;08.09.2026
DGNMO;izle;;18,8;4,8;6,0;8,0;16;1;zayif;25,3;31,5;34,1;asagi;zayif;zayif;asagi;0,30;-2,11;3;7,09;0,00;12478102;8,60;SAT;NEGATIF;SAT;NEGATIF;AZALIYOR;SAT;SAT;NOTR;0;08.09.2026
LKMNH;izle;;18,7;2,4;5,5;10,7;6;0;zayif;43,5;35,5;43,6;asagi;zayif;zayif;asagi;1,38;-2,70;3;12,99;0,93;25922857;14,02;SAT;NEGATIF;SAT;NEGATIF;AZALIYOR;SAT;SAT;UCUZ (AL);0;08.09.2026
KLSER;izle;;18,7;1,5;9,0;8,2;10;1;zayif;15,9;41,5;54,2;asagi;zayif;zayif;asagi;0,64;-2,09;2;23,72;0,34;23840355;24,77;SAT;NEGATIF;NOTR;NEGATIF;AZALIYOR;AL;AL;UCUZ (AL);2;08.09.2026
AHSGY;izle;;18,6;4,6;4,0;10,0;10;0;zayif;23,7;23,5;30,3;asagi;zayif;zayif;asagi;1,55;-4,67;4;14,29;0,42;31196085;16,87;SAT;NEGATIF;SAT;NEGATIF;AZALIYOR;SAT;AL;NOTR;1;08.09.2026
SANEL;izle;;18,6;12,0;6,6;0,0;0;0;zayif;14,3;37,9;56,0;asagi;zayif;zayif;asagi;0,64;-1,83;2;52,25;-3,15;15933429;66,57;SAT;NEGATIF;NOTR;NEGATIF;AZALIYOR;SAT;SAT;NOTR;0;08.09.2026
EGEPO;izle;;18,5;5,4;3,0;10,0;0;0;zayif;33,5;30,8;36,7;asagi;zayif;zayif;asagi;1,35;-3,71;1;13,82;-5,02;67701955;16,84;SAT;NEGATIF;SAT;NEGATIF;ARTIYOR;SAT;SAT;NOTR;0;08.09.2026
LINK;izle;;18,4;2,2;8,2;8,0;22;2;zayif;28,4;38,9;60,2;asagi;zayif;zayif;asagi;0,67;-2,78;1;5,34;1,71;57501179;5,77;SAT;NEGATIF;SAT;NEGATIF;AZALIYOR;AL;AL;NOTR;2;08.09.2026
DERHL;izle;;18,3;1,4;8,9;8,0;6;0;zayif;22,3;41,2;22,3;asagi;zayif;zayif;asagi;0,60;-2,32;3;2,09;0,97;23032734;2,28;SAT;NEGATIF;SAT;NEGATIF;AZALIYOR;AL;AL;UCUZ (AL);2;08.09.2026
CLEBI;izle;;18,0;0,7;13,6;3,7;10;0;zayif;13,9;48,7;28,7;asagi;zayif;zayif;asagi;0,75;-1,18;4;1474;1,94;26778158;1536,13;SAT;NEGATIF;NOTR;NEGATIF;AZALIYOR;AL;AL;NOTR;2;08.09.2026
SNICA;izle;;18,0;0,8;9,2;8,0;0;0;zayif;17,7;42,3;58,8;asagi;zayif;zayif;asagi;0,59;-2,48;1;3,18;1,60;32978413;3,58;SAT;NEGATIF;NOTR;NEGATIF;AZALIYOR;SAT;SAT;NOTR;0;08.09.2026
MOPAS;izle;;17,9;2,4;7,4;8,0;0;0;zayif;30,2;36,4;40,5;asagi;zayif;zayif;asagi;0,65;-3,83;2;26,18;2,11;38584084;28,00;SAT;NEGATIF;SAT;NEGATIF;AZALIYOR;AL;AL;NOTR;2;08.09.2026
VRGYO;izle;;17,7;0,3;16,2;1,2;6;0;zayif;14,3;48,9;53,7;asagi;zayif;zayif;asagi;0,72;-1,40;3;1,8;0,56;14104710;1,86;AL;NEGATIF;NOTR;NEGATIF;AZALIYOR;SAT;AL;UCUZ (AL);2;08.09.2026
IDGYO;izle;;17,6;2,4;11,2;4,0;0;0;zayif;35,1;35,6;49,3;asagi;zayif;zayif;asagi;0,62;-3,50;2;2,93;2,09;3158950;3,32;AL;NEGATIF;SAT;NEGATIF;AZALIYOR;AL;AL;NOTR;3;08.09.2026
BEGYO;izle;;17,6;1,5;8,1;8,0;6;0;zayif;23,2;38,7;44,0;asagi;zayif;zayif;asagi;0,61;-2,63;3;3,4;0,59;7064098;3,67;SAT;NEGATIF;SAT;NEGATIF;AZALIYOR;SAT;AL;UCUZ (AL);1;08.09.2026
KOPOL;izle;;17,5;1,0;8,5;8,0;0;0;zayif;19,0;40,0;50,2;asagi;zayif;zayif;asagi;0,69;-2,08;2;5,23;2,35;39557424;5,70;SAT;NEGATIF;NOTR;NEGATIF;AZALIYOR;SAT;AL;NOTR;1;08.09.2026
KZBGY;izle;;17,4;2,4;10,9;4,0;0;0;zayif;31,4;34,8;36,1;asagi;zayif;zayif;asagi;0,65;-4,60;1;1,88;1,08;37563163;2,02;AL;NEGATIF;SAT;NEGATIF;AZALIYOR;AL;AL;UCUZ (AL);3;08.09.2026
MOGAN;izle;;17,3;13,3;4,0;0,0;32;3;zayif;35,0;24,4;23,4;asagi;zayif;zayif;asagi;0,64;-3,11;2;13,62;-2,44;150463491;17,35;SAT;NEGATIF;SAT;NEGATIF;AZALIYOR;SAT;AL;NOTR;1;08.09.2026
A1YEN;izle;;17,1;0,6;8,6;8,0;0;0;zayif;16,2;40,2;59,5;asagi;zayif;zayif;asagi;0,49;-1,92;1;2,63;1,15;26253315;2,86;SAT;NEGATIF;NOTR;NEGATIF;AZALIYOR;SAT;AL;NOTR;1;08.09.2026
MEGMT;izle;;17,1;2,4;10,7;4,0;0;0;zayif;43,6;33,9;29,8;asagi;zayif;zayif;asagi;0,43;-4,62;1;47,3;-0,04;176278586;53,65;AL;NEGATIF;SAT;POZITIF;AZALIYOR;AL;AL;NOTR;4;08.09.2026
ALVES;izle;;17,1;2,4;4,6;10,0;6;0;zayif;31,6;27,0;35,0;asagi;zayif;zayif;asagi;1,06;-6,54;3;1,33;6,40;180546733;1,53;SAT;NEGATIF;SAT;NEGATIF;AZALIYOR;AL;AL;UCUZ (AL);2;08.09.2026
QNBFK;izle;;17,0;4,5;8,5;4,0;6;0;zayif;22,9;40,1;36,2;asagi;zayif;zayif;asagi;0,65;-1,85;3;41;0,74;792653;44,31;SAT;NEGATIF;SAT;NEGATIF;AZALIYOR;AL;AL;NOTR;2;08.09.2026
AVHOL;izle;;17,0;1,5;7,5;8,0;6;0;zayif;22,8;36,8;36,9;asagi;zayif;zayif;asagi;0,58;-2,83;3;34,18;2,46;42535711;36,64;SAT;NEGATIF;SAT;NEGATIF;AZALIYOR;AL;AL;NOTR;2;08.09.2026
HUBVC;izle;;17,0;0,4;12,6;4,0;0;0;zayif;14,9;40,4;35,1;asagi;zayif;zayif;asagi;0,50;-2,13;2;2,49;0,00;2279284;2,75;AL;NEGATIF;NOTR;NEGATIF;AZALIYOR;SAT;SAT;NOTR;1;08.09.2026
SUNTK;izle;;17,0;0,9;8,0;8,0;0;0;zayif;18,7;38,4;46,8;asagi;zayif;zayif;asagi;0,24;-1,49;1;33,06;0,67;15676622;40,39;SAT;NEGATIF;NOTR;NEGATIF;AZALIYOR;AL;AL;NOTR;2;08.09.2026
BEYAZ;izle;;16,9;0,3;8,8;7,9;0;0;zayif;14,0;40,9;39,4;asagi;zayif;zayif;asagi;1,17;-2,16;2;22,34;2,95;19242514;23,83;SAT;NEGATIF;NOTR;NEGATIF;ARTIYOR;AL;AL;NOTR;2;08.09.2026
PKENT;izle;;16,9;3,2;13,1;0,6;10;1;zayif;20,2;42,0;43,8;asagi;zayif;zayif;asagi;0,63;-2,25;2;123,8;0,41;10934016;132,33;AL;NEGATIF;AL;NEGATIF;AZALIYOR;SAT;AL;UCUZ (AL);3;08.09.2026
GLBMD;izle;;16,9;0,6;12,3;4,0;0;0;zayif;16,2;39,2;26,4;asagi;zayif;zayif;asagi;0,53;-1,48;2;11,55;-0,77;1423087;12,85;AL;NEGATIF;NOTR;NEGATIF;AZALIYOR;AL;AL;NOTR;3;08.09.2026
FENER;izle;;16,8;1,2;5,9;9,7;0;0;zayif;21,2;39,0;55,8;asagi;zayif;zayif;asagi;0,45;-1,74;1;2,93;0,00;199279326;3,28;SAT;NEGATIF;SAT;NEGATIF;AZALIYOR;SAT;SAT;NOTR;0;08.09.2026
BIGCH;izle;;16,8;0,4;9,6;6,9;22;2;zayif;15,0;43,6;54,1;asagi;zayif;zayif;asagi;1,11;-1,72;2;5,8;7,41;40210153;6,17;SAT;NEGATIF;NOTR;NEGATIF;ARTIYOR;AL;AL;UCUZ (AL);2;08.09.2026
KRDMB;izle;;16,7;14,6;1,3;0,7;0;0;zayif;24,0;28,9;25,3;asagi;zayif;zayif;asagi;0,74;-2,77;2;102,3;-1,63;163145278;124,74;SAT;NEGATIF;SAT;NEGATIF;ARTIYOR;SAT;AL;PAHALI (SAT);1;08.09.2026
YESIL;izle;;16,5;1,1;7,1;8,3;6;0;zayif;20,0;35,2;42,8;asagi;zayif;zayif;asagi;0,72;-3,23;3;1,14;0,00;12465393;1,23;SAT;NEGATIF;SAT;NEGATIF;AZALIYOR;SAT;AL;UCUZ (AL);1;08.09.2026
BTCIM;izle;;16,4;2,4;4,0;10,0;10;0;zayif;50,7;22,0;27,6;asagi;zayif;zayif;asagi;1,47;-5,09;4;3,72;-3,88;608394457;4,42;SAT;NEGATIF;SAT;NEGATIF;AZALIYOR;AL;AL;NOTR;2;08.09.2026
BIGTK;izle;;16,4;11,4;5,1;0,0;32;3;zayif;22,0;37,5;63,2;asagi;zayif;zayif;asagi;0,30;-1,33;2;280;-5,72;62284040;379,47;SAT;NEGATIF;SAT;NEGATIF;AZALIYOR;SAT;AL;NOTR;1;08.09.2026
SMRVA;izle;;16,2;0,5;7,7;8,0;0;0;zayif;15,6;37,4;45,7;asagi;zayif;zayif;asagi;0,46;-3,17;2;10,68;2,10;57090965;11,79;SAT;NEGATIF;NOTR;NEGATIF;AZALIYOR;SAT;AL;UCUZ (AL);1;08.09.2026
ALCTL;izle;;16,2;5,4;10,7;0,0;6;0;zayif;48,2;34,1;21,2;asagi;zayif;zayif;asagi;0,55;-3,44;3;115,8;-0,43;32893222;131,11;AL;NEGATIF;SAT;NEGATIF;AZALIYOR;AL;AL;NOTR;3;08.09.2026
RTALB;izle;;16,1;0,0;12,1;4,0;0;0;zayif;12,1;38,5;22,9;asagi;zayif;zayif;asagi;0,59;-3,07;2;2,82;1,44;25527802;3,00;AL;NEGATIF;NOTR;NEGATIF;AZALIYOR;AL;AL;UCUZ (AL);3;08.09.2026
YYAPI;izle;;16,0;2,4;5,0;8,5;0;0;zayif;40,9;32,6;35,2;asagi;zayif;zayif;asagi;1,19;-4,84;1;0,79;-1,25;3469055;0,84;SAT;NEGATIF;SAT;NEGATIF;AZALIYOR;SAT;SAT;UCUZ (AL);0;08.09.2026
KLRHO;izle;;15,9;0,5;11,2;4,2;0;0;zayif;15,8;35,8;30,8;asagi;zayif;zayif;asagi;0,71;-4,51;2;63,35;1,77;152614268;71,83;AL;NEGATIF;NOTR;NEGATIF;AZALIYOR;AL;AL;UCUZ (AL);3;08.09.2026
KMPUR;izle;;15,9;5,7;7,6;2,6;6;0;zayif;28,5;37,0;40,3;asagi;zayif;zayif;asagi;0,85;-1,80;3;18,34;1,72;43275926;20,76;SAT;NEGATIF;SAT;NEGATIF;AZALIYOR;SAT;AL;NOTR;1;08.09.2026
YBTAS;izle;;15,5;2,4;5,8;7,3;10;0;zayif;36,6;30,9;38,3;asagi;zayif;zayif;asagi;1,14;-5,44;7;12,98;-0,76;1050900;13,92;SAT;NEGATIF;SAT;NEGATIF;AZALIYOR;SAT;AL;UCUZ (AL);1;08.09.2026
IZENR;izle;;15,4;1,3;6,0;8,0;0;0;zayif;21,9;31,7;40,9;asagi;zayif;zayif;asagi;0,33;-3,66;2;7,06;0,86;91443895;7,97;SAT;NEGATIF;SAT;NEGATIF;AZALIYOR;AL;AL;UCUZ (AL);2;08.09.2026
BAKAB;izle;;15,3;4,1;7,2;4,0;0;0;zayif;20,4;35,5;24,9;asagi;zayif;zayif;asagi;0,44;-3,26;2;38,46;0,47;5829113;42,32;SAT;NEGATIF;SAT;NEGATIF;AZALIYOR;AL;AL;NOTR;2;08.09.2026
MAKIM;izle;;15,2;0,3;6,8;8,0;0;0;zayif;14,4;34,5;69,1;asagi;zayif;zayif;asagi;0,53;-2,80;2;14,83;0,07;9420995;16,47;SAT;NEGATIF;NOTR;NEGATIF;AZALIYOR;SAT;AL;NOTR;1;08.09.2026
GEDIK;izle;;15,2;4,2;7,0;4,0;0;0;zayif;20,8;34,9;20,6;asagi;zayif;zayif;asagi;0,39;-2,26;2;5,81;0,69;45027942;6,37;SAT;NEGATIF;SAT;NEGATIF;AZALIYOR;AL;AL;NOTR;2;08.09.2026
TKNSA;izle;;14,9;1,8;13,0;0,0;16;1;zayif;25,5;45,3;25,0;asagi;zayif;zayif;asagi;0,40;-1,07;3;17,22;2,87;70952789;19,86;SAT;NEGATIF;SAT;NEGATIF;AZALIYOR;SAT;AL;UCUZ (AL);1;08.09.2026
YAPRK;izle;;14,9;0,9;13,2;0,7;0;0;zayif;14,3;47,1;43,1;asagi;zayif;zayif;asagi;0,42;-1,12;2;10,87;1,87;15561025;11,84;SAT;NEGATIF;NOTR;NEGATIF;AZALIYOR;AL;AL;UCUZ (AL);2;08.09.2026
MEGAP;izle;;14,6;2,3;6,4;5,9;0;0;zayif;29,0;33,1;36,6;asagi;zayif;zayif;asagi;1,05;-5,25;1;1,68;1,82;1069335;1,74;SAT;NEGATIF;SAT;NEGATIF;ARTIYOR;AL;AL;UCUZ (AL);2;08.09.2026
DITAS;izle;;14,5;1,8;2,7;10,0;10;0;zayif;25,2;29,3;19,8;asagi;zayif;zayif;asagi;1,35;-3,82;4;19,26;-2,83;60383759;24,58;SAT;NEGATIF;SAT;NEGATIF;AZALIYOR;SAT;SAT;NOTR;0;08.09.2026
SEGYO;izle;;14,5;1,8;11,6;1,0;0;0;zayif;25,5;37,1;41,1;asagi;zayif;zayif;asagi;0,76;-3,43;1;3,65;2,24;8454028;3,90;AL;NEGATIF;SAT;NEGATIF;AZALIYOR;SAT;AL;UCUZ (AL);2;08.09.2026
SURGY;izle;;14,4;2,4;8,0;4,0;0;0;zayif;41,1;20,2;35,3;asagi;zayif;zayif;asagi;0,30;-7,97;2;30,74;1,59;68197366;35,65;AL;NEGATIF;SAT;NEGATIF;AZALIYOR;AL;AL;UCUZ (AL);3;08.09.2026
GUNDG;izle;;14,1;4,4;1,8;8,0;6;0;zayif;22,0;29,8;60,3;asagi;zayif;zayif;asagi;0,03;-3,27;3;1018;-9,99;7834528;1600,56;SAT;NEGATIF;SAT;NEGATIF;AZALIYOR;SAT;SAT;NOTR;0;08.09.2026
KONTR;izle;;14,1;2,4;6,7;5,0;6;0;zayif;31,8;34,0;19,9;asagi;zayif;zayif;asagi;1,00;-7,71;3;3,3;0,61;13698703;3,62;SAT;NEGATIF;SAT;NEGATIF;AZALIYOR;AL;AL;UCUZ (AL);2;08.09.2026
SAMAT;izle;;14,1;0,7;12,8;0,7;10;0;zayif;16,8;40,9;33,4;asagi;zayif;zayif;asagi;0,74;-1,68;4;5,25;0,00;4764548;5,77;AL;NEGATIF;NOTR;NEGATIF;AZALIYOR;SAT;AL;NOTR;2;08.09.2026
ORMA;izle;;14,0;0,8;8,0;5,2;10;0;zayif;18,2;38,2;18,4;asagi;zayif;zayif;asagi;1,01;-3,00;4;152,7;-1,36;1315663;163,53;SAT;NEGATIF;NOTR;NEGATIF;AZALIYOR;AL;AL;NOTR;2;08.09.2026
EGEGY;izle;;13,9;4,5;9,4;0,0;40;4;zayif;23,2;42,5;52,7;asagi;zayif;zayif;asagi;0,38;-1,44;2;26,9;2,28;43421442;30,39;SAT;NEGATIF;SAT;NEGATIF;AZALIYOR;SAT;AL;NOTR;1;08.09.2026
BMSCH;izle;;13,8;2,4;6,0;5,4;6;0;zayif;32,3;31,7;38,5;asagi;zayif;zayif;asagi;0,78;-4,59;3;10,44;3,26;11833291;11,44;SAT;NEGATIF;SAT;NEGATIF;AZALIYOR;AL;AL;UCUZ (AL);2;08.09.2026
ANGEN;izle;;13,8;0,7;13,1;0,0;8;0;zayif;17,1;42,1;45,6;asagi;zayif;zayif;asagi;0,49;-2,58;2;9,03;1,80;9438653;9,43;AL;NEGATIF;NOTR;NEGATIF;AZALIYOR;AL;AL;UCUZ (AL);3;08.09.2026
REEDR;izle;;13,8;0,4;6,9;6,6;6;0;zayif;14,7;34,5;37,6;asagi;zayif;zayif;asagi;0,85;-3,52;3;5,59;0,90;55129228;6,03;SAT;NEGATIF;NOTR;NEGATIF;AZALIYOR;AL;AL;NOTR;2;08.09.2026
CMENT;izle;;13,6;2,4;1,1;10,0;10;0;zayif;45,1;23,3;27,9;asagi;zayif;zayif;asagi;1,87;-5,90;4;243,3;-1,86;1934478;260,26;SAT;NEGATIF;SAT;NEGATIF;AZALIYOR;SAT;AL;UCUZ (AL);1;08.09.2026
TEZOL;izle;;13,6;2,4;10,8;0,3;6;0;zayif;38,7;34,2;30,1;asagi;zayif;zayif;asagi;0,72;-5,48;3;9,15;3,27;39375305;10,09;AL;NEGATIF;SAT;NEGATIF;AZALIYOR;AL;AL;UCUZ (AL);3;08.09.2026
BALSU;izle;;13,4;2,2;6,2;5,0;10;0;zayif;28,1;32,3;52,4;asagi;zayif;zayif;asagi;1,00;-4,41;4;8,6;9,97;661505455;10,57;SAT;NEGATIF;SAT;NEGATIF;AZALIYOR;SAT;SAT;UCUZ (AL);0;08.09.2026
BORLS;izle;;13,4;1,9;1,5;10,0;10;0;zayif;25,8;20,1;17,0;asagi;zayif;zayif;asagi;3,17;-5,23;5;3;-9,91;280760499;4,24;SAT;NEGATIF;SAT;NEGATIF;AZALIYOR;SAT;SAT;NOTR;0;08.09.2026
INFO;izle;;13,1;3,8;4,5;4,8;6;0;zayif;17,6;26,8;26,6;asagi;zayif;zayif;asagi;0,99;-2,83;3;4,6;-0,43;237408024;6,14;SAT;NEGATIF;NOTR;NEGATIF;AZALIYOR;SAT;SAT;NOTR;0;08.09.2026
AZTEK;izle;;13,1;2,3;6,7;4,0;0;0;zayif;29,2;34,1;18,0;asagi;zayif;zayif;asagi;0,56;-3,32;1;3,74;1,36;15208747;4,10;SAT;NEGATIF;SAT;NEGATIF;AZALIYOR;AL;AL;NOTR;2;08.09.2026
DARDL;izle;;13,0;1,4;11,6;0,0;40;4;zayif;22,0;37,1;42,3;asagi;zayif;zayif;asagi;0,53;-3,01;2;1,6;1,91;13825640;1,72;AL;NEGATIF;SAT;NEGATIF;AZALIYOR;SAT;AL;UCUZ (AL);2;08.09.2026
SUMAS;izle;;13,0;1,9;11,0;0,0;0;0;zayif;26,2;35,1;38,8;asagi;zayif;zayif;asagi;0,36;-4,67;2;260;0,97;265720;276,32;AL;NEGATIF;SAT;NEGATIF;AZALIYOR;SAT;AL;NOTR;2;08.09.2026
ENTRA;izle;;12,9;0,4;12,5;0,0;0;0;zayif;15,2;45,4;29,4;asagi;zayif;zayif;asagi;0,69;-1,28;2;4,4;1,85;47595297;4,62;SAT;NEGATIF;NOTR;NEGATIF;AZALIYOR;AL;AL;NOTR;2;08.09.2026
KRTEK;izle;;12,9;0,9;8,0;4,0;6;0;zayif;18,2;38,3;12,8;asagi;zayif;zayif;asagi;0,31;-2,55;3;5,26;1,35;1623552;5,80;SAT;NEGATIF;NOTR;NEGATIF;AZALIYOR;AL;AL;UCUZ (AL);2;08.09.2026
EKSUN;izle;;12,8;3,8;7,6;1,4;22;2;zayif;17,8;36,9;45,7;asagi;zayif;zayif;asagi;0,79;-2,50;2;5,64;0,00;21020105;6,35;SAT;NEGATIF;NOTR;NEGATIF;AZALIYOR;SAT;AL;NOTR;1;08.09.2026
EUYO;izle;;12,8;0,2;6,9;5,6;16;1;zayif;13,7;39,4;45,7;asagi;zayif;zayif;asagi;1,04;-2,03;3;4,69;-1,47;4588124;5,38;SAT;NEGATIF;NOTR;NEGATIF;AZALIYOR;SAT;SAT;NOTR;0;08.09.2026
SMRTG;izle;;12,8;3,9;2,6;6,3;0;0;zayif;18,6;28,6;42,6;asagi;zayif;zayif;asagi;1,08;-3,49;2;8,45;-4,52;205620559;10,03;SAT;NEGATIF;NOTR;NEGATIF;AZALIYOR;SAT;SAT;NOTR;0;08.09.2026
KOTON;izle;;12,6;0,9;6,9;4,8;10;0;zayif;18,7;34,7;38,1;asagi;zayif;zayif;asagi;0,99;-3,37;4;12,15;0,91;26657793;12,93;SAT;NEGATIF;NOTR;NEGATIF;AZALIYOR;SAT;AL;UCUZ (AL);1;08.09.2026
QUAGR;izle;;12,6;0,1;8,5;4,0;0;0;zayif;12,5;39,9;55,8;asagi;zayif;zayif;asagi;0,70;-2,07;1;3,11;2,30;90051975;3,48;SAT;NEGATIF;NOTR;NEGATIF;AZALIYOR;SAT;AL;NOTR;1;08.09.2026
BRMEN;izle;;12,5;7,6;5,0;0,0;10;0;zayif;28,9;28,2;9,9;asagi;zayif;zayif;asagi;0,65;-4,22;4;12,08;-0,82;2318357;14,17;SAT;NEGATIF;SAT;NEGATIF;AZALIYOR;SAT;SAT;NOTR;0;08.09.2026
OTTO;izle;;12,5;2,0;5,2;5,3;6;0;zayif;26,4;29,1;19,1;asagi;zayif;zayif;asagi;0,78;-4,73;3;138,5;1,61;21637994;155,08;SAT;NEGATIF;SAT;NEGATIF;AZALIYOR;AL;AL;UCUZ (AL);2;08.09.2026
SELVA;izle;;12,5;0,7;7,8;4,0;0;0;zayif;17,0;37,7;52,5;asagi;zayif;zayif;asagi;0,59;-3,39;2;1,59;2,58;31984499;1,70;SAT;NEGATIF;NOTR;NEGATIF;ARTIYOR;AL;AL;UCUZ (AL);2;08.09.2026
TUREX;izle;;12,5;1,2;7,3;4,0;6;0;zayif;20,6;36,0;24,7;asagi;zayif;zayif;asagi;0,60;-3,20;3;6,11;0,66;55554265;6,68;SAT;NEGATIF;SAT;NEGATIF;AZALIYOR;SAT;AL;NOTR;1;08.09.2026
SAFKR;izle;;12,4;2,4;0,0;10,0;16;1;zayif;39,0;18,8;7,1;asagi;zayif;zayif;asagi;1,62;-5,96;3;14,07;0,07;106176666;16,62;SAT;NEGATIF;SAT;NEGATIF;AZALIYOR;SAT;SAT;UCUZ (AL);0;08.09.2026
SEKFK;izle;;12,4;1,6;10,8;0,0;6;0;zayif;23,9;34,2;34,4;asagi;zayif;zayif;asagi;0,51;-2,59;3;4,45;0,68;1868902;4,94;AL;NEGATIF;SAT;NEGATIF;AZALIYOR;AL;AL;NOTR;3;08.09.2026
BURVA;izle;;12,3;3,7;8,6;0,0;10;0;zayif;17,1;40,3;6,9;asagi;zayif;zayif;asagi;0,51;-2,38;4;666;8,73;25621020;787,91;SAT;NEGATIF;NOTR;NEGATIF;ARTIYOR;SAT;AL;NOTR;1;08.09.2026
MHRGY;izle;;12,2;1,3;0,9;10,0;10;1;zayif;21,4;17,4;37,5;asagi;zayif;zayif;asagi;3,85;-6,95;2;2,24;-32,12;29558899;2,88;SAT;NEGATIF;SAT;NEGATIF;ARTIYOR;SAT;AL;UCUZ (AL);1;08.09.2026
HDFGS;izle;;12,0;0,0;8,5;3,5;22;2;zayif;10,5;40,1;55,5;asagi;zayif;zayif;asagi;0,91;-1,79;1;2,4;-0,41;90144118;2,67;SAT;NEGATIF;NOTR;NEGATIF;AZALIYOR;SAT;AL;NOTR;1;08.09.2026
AYEN;izle;;11,8;3,0;8,8;0,0;0;0;zayif;12,3;40,9;48,3;asagi;zayif;zayif;asagi;0,58;-1,94;2;30,7;0,66;11891399;33,17;SAT;NEGATIF;NOTR;NEGATIF;AZALIYOR;AL;AL;NOTR;2;08.09.2026
ORCAY;izle;;11,8;0,1;11,7;0,0;0;0;zayif;12,8;37,3;27,6;asagi;zayif;zayif;asagi;0,64;-2,24;1;3,39;0,00;3048532;3,67;AL;NEGATIF;NOTR;NEGATIF;AZALIYOR;AL;AL;NOTR;3;08.09.2026
BYDNR;izle;;11,6;7,1;3,3;1,2;28;2;zayif;24,6;31,5;34,3;asagi;zayif;zayif;asagi;0,60;-1,92;3;35,12;0,63;15799013;39,82;SAT;NEGATIF;SAT;NEGATIF;AZALIYOR;SAT;SAT;NOTR;0;08.09.2026
PNLSN;izle;;11,3;0,3;9,4;1,6;0;0;zayif;14,5;42,9;55,1;asagi;zayif;zayif;asagi;0,76;-1,54;2;41,2;2,64;31310476;44,88;SAT;NEGATIF;NOTR;NEGATIF;AZALIYOR;AL;AL;NOTR;2;08.09.2026
TMPOL;izle;;11,2;4,4;6,9;0,0;10;0;zayif;22,0;34,5;21,0;asagi;zayif;zayif;asagi;0,48;-2,64;4;340,5;-0,87;271146960;471,47;SAT;NEGATIF;SAT;NEGATIF;AZALIYOR;SAT;AL;NOTR;1;08.09.2026
KENT;izle;;11,2;0,9;7,3;3,0;16;1;zayif;18,3;43,1;50,8;asagi;zayif;zayif;asagi;0,88;-1,34;3;349;-0,21;1403329;389,85;SAT;NEGATIF;NOTR;NEGATIF;AZALIYOR;SAT;SAT;UCUZ (AL);0;08.09.2026
FORMT;izle;;11,1;2,4;4,4;4,3;0;0;zayif;39,6;26,4;47,8;asagi;zayif;zayif;asagi;0,72;-5,79;2;1,5;1,35;19001414;1,62;SAT;NEGATIF;SAT;NEGATIF;AZALIYOR;AL;AL;UCUZ (AL);2;08.09.2026
GRTHO;izle;;11,0;1,2;6,9;2,8;0;0;zayif;20,9;34,8;41,0;asagi;zayif;zayif;asagi;0,87;-2,81;1;191,5;-2,54;189369180;232,15;SAT;NEGATIF;SAT;NEGATIF;AZALIYOR;SAT;AL;NOTR;1;08.09.2026
LMKDC;izle;;10,7;1,3;9,3;0,1;16;1;zayif;21,6;42,8;17,4;asagi;zayif;zayif;asagi;0,71;-2,34;3;22,98;1,86;66977554;24,32;SAT;NEGATIF;SAT;NEGATIF;AZALIYOR;SAT;AL;UCUZ (AL);1;08.09.2026
GRSEL;izle;;10,7;5,4;5,1;0,2;0;0;zayif;30,4;28,5;10,2;asagi;zayif;zayif;asagi;0,54;-2,56;2;296;0,00;58472728;323,71;SAT;NEGATIF;SAT;NEGATIF;AZALIYOR;SAT;SAT;NOTR;0;08.09.2026
ULUSE;izle;;10,7;5,3;5,4;0,0;6;0;zayif;28,7;29,8;4,6;asagi;zayif;zayif;asagi;0,64;-3,31;3;227;1,52;30261597;263,31;SAT;NEGATIF;SAT;NEGATIF;AZALIYOR;SAT;AL;NOTR;1;08.09.2026
KAREL;izle;;10,6;1,7;7,9;1,1;0;0;zayif;24,3;37,9;27,6;asagi;zayif;zayif;asagi;0,76;-2,99;1;8,33;3,35;70397305;9,14;SAT;NEGATIF;SAT;NEGATIF;AZALIYOR;SAT;AL;NOTR;1;08.09.2026
QNBTR;izle;;10,5;2,4;7,7;0,4;10;0;zayif;45,6;37,2;26,4;asagi;zayif;zayif;asagi;0,72;-4,86;4;184;2,22;1739168;189,30;SAT;NEGATIF;SAT;NEGATIF;ARTIYOR;SAT;AL;UCUZ (AL);1;08.09.2026
LIDER;izle;;10,4;2,4;8,0;0,0;10;0;zayif;51,6;18,1;11,8;asagi;zayif;zayif;asagi;0,27;-9,36;4;22,72;0,53;186002892;33,20;AL;NEGATIF;SAT;NEGATIF;AZALIYOR;SAT;AL;UCUZ (AL);2;08.09.2026
BULGS;izle;;10,4;2,4;8,0;0,0;6;0;zayif;38,1;24,4;32,4;asagi;zayif;zayif;asagi;0,67;-3,79;3;31;-1,46;57166790;34,96;AL;NEGATIF;SAT;NEGATIF;AZALIYOR;SAT;SAT;UCUZ (AL);1;08.09.2026
BARMA;izle;;10,4;2,4;8,0;0,0;6;0;zayif;70,7;20,9;41,3;asagi;zayif;zayif;asagi;0,70;-15,13;3;9;-5,76;14634495;10,60;AL;NEGATIF;SAT;NEGATIF;AZALIYOR;AL;AL;UCUZ (AL);3;08.09.2026
DCTTR;izle;;10,4;2,4;8,0;0,0;10;0;zayif;50,4;19,6;32,5;asagi;zayif;zayif;asagi;0,45;-7,06;5;6,04;-0,66;26855555;7,06;AL;NEGATIF;SAT;NEGATIF;AZALIYOR;AL;AL;UCUZ (AL);3;08.09.2026
AKYHO;izle;;10,2;1,1;9,1;0,0;10;0;zayif;20,1;42,0;28,1;asagi;zayif;zayif;asagi;0,51;-1,77;4;2,12;-0,93;1415200;2,27;SAT;NEGATIF;SAT;NEGATIF;AZALIYOR;AL;AL;UCUZ (AL);2;08.09.2026
KONKA;izle;;10,1;2,4;4,0;3,7;42;3;zayif;34,9;21,4;18,3;asagi;zayif;zayif;asagi;0,92;-6,22;5;9,34;0,97;26102993;10,51;SAT;NEGATIF;SAT;NEGATIF;AZALIYOR;AL;AL;UCUZ (AL);2;08.09.2026
PEKGY;izle;;10,1;5,4;0,4;4,4;32;3;zayif;29,6;26,2;48,3;asagi;zayif;zayif;asagi;0,96;-4,21;1;10,65;0,47;1849121043;13,39;SAT;NEGATIF;SAT;NEGATIF;AZALIYOR;SAT;AL;NOTR;1;08.09.2026
COSMO;izle;;9,8;1,6;8,2;0,0;0;0;zayif;23,5;43,5;55,0;asagi;zayif;zayif;asagi;0,49;-1,79;1;117,7;-1,18;3848672;139,55;SAT;NEGATIF;SAT;NEGATIF;AZALIYOR;SAT;AL;UCUZ (AL);1;08.09.2026
IHAAS;izle;;9,5;1,2;8,3;0,0;42;3;zayif;20,9;39,4;36,7;asagi;zayif;zayif;asagi;0,43;-2,41;4;49,6;-1,39;27966712;59,33;SAT;NEGATIF;SAT;NEGATIF;AZALIYOR;SAT;AL;NOTR;1;08.09.2026
OSMEN;izle;;9,5;1,1;8,4;0,0;22;2;zayif;20,4;39,5;15,5;asagi;zayif;zayif;asagi;0,58;-2,08;2;7,08;2,61;16902884;7,79;SAT;NEGATIF;SAT;NEGATIF;AZALIYOR;AL;AL;NOTR;2;08.09.2026
TRILC;izle;;9,5;2,4;6,4;0,7;0;0;zayif;32,2;32,9;27,2;asagi;zayif;zayif;asagi;0,74;-8,67;1;1,05;1,94;3579719;1,09;SAT;NEGATIF;SAT;NEGATIF;ARTIYOR;AL;AL;UCUZ (AL);2;08.09.2026
SKYLP;izle;;9,5;1,5;0,2;7,7;6;0;zayif;23,1;24,5;23,5;asagi;zayif;zayif;asagi;1,16;-5,08;3;165,2;-9,97;11410694;219,27;SAT;NEGATIF;SAT;NEGATIF;ARTIYOR;SAT;SAT;NOTR;0;08.09.2026
HEDEF;izle;;9,4;5,4;4,0;0,0;0;0;zayif;36,5;20,2;19,1;asagi;zayif;zayif;asagi;0,04;-7,19;1;44,84;-10,00;12577172;82,65;SAT;NEGATIF;SAT;NEGATIF;AZALIYOR;SAT;SAT;NOTR;0;08.09.2026
VSNMD;izle;;9,4;1,4;4,0;4,0;10;0;zayif;22,3;24,4;40,7;asagi;zayif;zayif;asagi;0,57;-4,80;4;41,36;1,12;23440697;45,34;SAT;NEGATIF;SAT;NEGATIF;AZALIYOR;AL;AL;UCUZ (AL);2;08.09.2026
EKOS;izle;;9,4;2,0;7,2;0,2;10;1;zayif;26,7;35,6;50,7;asagi;zayif;zayif;asagi;0,71;-3,51;2;4,95;2,70;37042929;5,45;SAT;NEGATIF;SAT;NEGATIF;AZALIYOR;SAT;AL;UCUZ (AL);1;08.09.2026
INTEK;izle;;9,3;1,6;7,7;0,0;0;0;zayif;24,1;37,3;45,3;asagi;zayif;zayif;asagi;0,37;-3,80;1;230,3;-0,04;851189;250,11;SAT;NEGATIF;SAT;NEGATIF;AZALIYOR;AL;AL;NOTR;2;08.09.2026
DMSAS;izle;;9,2;0,6;8,6;0,0;22;2;zayif;16,4;39,9;39,4;asagi;zayif;zayif;asagi;0,46;-1,45;2;8,25;1,23;8562304;9,00;SAT;NEGATIF;NOTR;NEGATIF;AZALIYOR;SAT;AL;UCUZ (AL);1;08.09.2026
IZINV;izle;;9,2;0,4;8,7;0,0;0;0;zayif;15,3;40,8;23,1;asagi;zayif;zayif;asagi;0,58;-2,47;2;51,7;4,23;9482194;54,88;SAT;NEGATIF;NOTR;NEGATIF;ARTIYOR;AL;AL;UCUZ (AL);2;08.09.2026
EUHOL;izle;;9,0;1,2;3,4;4,5;10;0;zayif;21,1;35,3;24,6;asagi;zayif;zayif;asagi;0,97;-3,47;6;9,56;-3,24;7599359;10,70;SAT;NEGATIF;SAT;NEGATIF;AZALIYOR;SAT;SAT;NOTR;0;08.09.2026
ARZUM;izle;;9,0;0,5;8,5;0,0;0;0;zayif;15,6;40,1;33,9;asagi;zayif;zayif;asagi;0,27;-2,91;1;1,56;1,96;9022502;1,75;SAT;NEGATIF;NOTR;NEGATIF;AZALIYOR;SAT;AL;UCUZ (AL);1;08.09.2026
ENSRI;izle;;8,9;0,0;6,2;2,7;0;0;zayif;11,8;37,1;23,9;asagi;zayif;zayif;asagi;0,86;-5,41;2;4,66;2,42;96893488;5,43;SAT;NEGATIF;NOTR;NEGATIF;ARTIYOR;SAT;SAT;UCUZ (AL);0;08.09.2026
KATMR;izle;;8,9;2,4;5,0;1,4;10;0;zayif;46,2;28,2;41,6;asagi;zayif;zayif;asagi;0,79;-4,94;4;1,89;2,16;121476909;2,06;SAT;NEGATIF;SAT;NEGATIF;AZALIYOR;SAT;AL;UCUZ (AL);1;08.09.2026
KRSTL;izle;;8,7;2,4;6,3;0,0;6;0;zayif;36,4;32,6;35,0;asagi;zayif;zayif;asagi;0,49;-3,89;3;8,9;1,02;18969157;9,39;SAT;NEGATIF;SAT;NEGATIF;AZALIYOR;AL;AL;NOTR;2;08.09.2026
A1CAP;izle;;8,6;2,4;6,2;0,0;6;0;zayif;30,3;32,2;39,3;asagi;zayif;zayif;asagi;0,60;-4,79;3;7,48;1,91;32888715;8,16;SAT;NEGATIF;SAT;NEGATIF;AZALIYOR;SAT;AL;UCUZ (AL);1;08.09.2026
GRNYO;izle;;8,6;2,4;4,0;2,2;10;0;zayif;37,3;23,9;27,7;asagi;zayif;zayif;asagi;0,83;-4,66;4;11,25;-0,44;2785523;13,26;SAT;NEGATIF;SAT;NEGATIF;AZALIYOR;SAT;AL;NOTR;1;08.09.2026
YONGA;izle;;8,2;1,5;6,8;0,0;6;0;zayif;22,7;34,2;9,0;asagi;zayif;zayif;asagi;0,49;-3,83;3;44,5;0,23;389108;46,60;SAT;NEGATIF;SAT;NEGATIF;AZALIYOR;AL;AL;UCUZ (AL);2;08.09.2026
ATAKP;izle;;8,0;2,4;5,6;0,0;10;0;zayif;31,0;30,3;41,8;asagi;zayif;zayif;asagi;0,57;-4,39;4;41,78;0,97;9473531;45,32;SAT;NEGATIF;SAT;NEGATIF;AZALIYOR;SAT;AL;UCUZ (AL);1;08.09.2026
KSTUR;izle;;7,9;2,4;2,1;3,3;0;0;zayif;30,9;28,1;25,6;asagi;zayif;zayif;asagi;0,90;-5,77;1;2160;0,70;1518480;2359,03;SAT;NEGATIF;SAT;NEGATIF;AZALIYOR;SAT;SAT;UCUZ (AL);0;08.09.2026
TATEN;izle;;7,8;1,5;5,9;0,4;0;0;zayif;23,3;31,4;41,0;asagi;zayif;zayif;asagi;0,72;-4,46;1;7,87;4,93;239921703;9,11;SAT;NEGATIF;SAT;NEGATIF;AZALIYOR;SAT;AL;UCUZ (AL);1;08.09.2026
GZNMI;izle;;7,5;0,2;7,4;0,0;10;0;zayif;13,2;36,3;20,0;asagi;zayif;zayif;asagi;0,51;-2,40;4;51,5;-0,10;43830723;60,77;SAT;NEGATIF;NOTR;NEGATIF;AZALIYOR;SAT;AL;NOTR;1;08.09.2026
AGROT;izle;;7,5;0,5;6,9;0,0;22;2;zayif;15,8;34,8;20,4;asagi;zayif;zayif;asagi;0,25;-3,87;1;1,97;1,55;58809108;2,25;SAT;NEGATIF;NOTR;NEGATIF;AZALIYOR;SAT;AL;UCUZ (AL);1;08.09.2026
FZLGY;izle;;7,3;2,4;4,8;0,0;0;0;zayif;31,8;27,7;38,0;asagi;zayif;zayif;asagi;0,33;-4,85;2;8,21;1,48;55289974;9,66;SAT;NEGATIF;SAT;NEGATIF;AZALIYOR;AL;AL;UCUZ (AL);2;08.09.2026
TEKTU;izle;;7,1;1,2;5,9;0,0;0;0;zayif;15,1;35,3;49,5;asagi;zayif;zayif;asagi;0,35;-2,65;2;7,23;0,42;21592612;8,39;SAT;NEGATIF;NOTR;NEGATIF;AZALIYOR;SAT;SAT;UCUZ (AL);0;08.09.2026
MEDTR;izle;;7,0;1,2;5,8;0,0;6;0;zayif;20,5;36,2;25,9;asagi;zayif;zayif;asagi;0,69;-2,85;3;24,44;0,99;4870037;26,11;SAT;NEGATIF;SAT;NEGATIF;AZALIYOR;SAT;AL;NOTR;1;08.09.2026
GESAN;izle;;6,8;5,4;1,3;0,0;10;1;zayif;30,8;29,4;47,0;asagi;zayif;zayif;asagi;0,64;-3,48;2;61,5;-3,91;671358723;76,83;SAT;NEGATIF;SAT;NEGATIF;AZALIYOR;SAT;AL;NOTR;1;08.09.2026
EMKEL;izle;;6,7;2,4;4,0;0,3;6;0;zayif;41,1;18,7;27,9;asagi;zayif;zayif;asagi;0,72;-6,19;3;13,12;1,00;40825347;15,01;SAT;NEGATIF;SAT;NEGATIF;AZALIYOR;AL;AL;UCUZ (AL);2;08.09.2026
LYDHO;izle;;6,6;2,4;4,2;0,0;10;0;zayif;43,4;25,6;32,2;asagi;zayif;zayif;asagi;0,40;-4,10;6;135;-1,68;29213865;161,57;SAT;NEGATIF;SAT;NEGATIF;AZALIYOR;AL;AL;UCUZ (AL);2;08.09.2026
PAMEL;izle;;6,5;0,1;6,4;0,0;6;0;zayif;12,6;33,0;64,1;asagi;zayif;zayif;asagi;0,34;-2,96;3;71,8;1,20;8374465;78,50;SAT;NEGATIF;NOTR;NEGATIF;AZALIYOR;SAT;AL;NOTR;1;08.09.2026
KAPLM;izle;;6,5;2,4;4,0;0,0;0;0;zayif;33,1;32,4;40,5;asagi;zayif;zayif;asagi;0,67;-3,91;2;364,5;-4,02;22588065;425,93;SAT;NEGATIF;SAT;NEGATIF;AZALIYOR;SAT;AL;NOTR;1;08.09.2026
BSOKE;izle;;6,4;5,4;0,4;0,5;6;0;zayif;34,0;22,7;7,5;asagi;zayif;zayif;asagi;0,73;-4,83;3;21,34;-9,88;187239828;29,09;SAT;NEGATIF;SAT;NEGATIF;ARTIYOR;AL;AL;NOTR;2;08.09.2026
SOKE;izle;;5,9;1,9;4,0;0,0;0;0;zayif;25,9;25,2;20,1;asagi;zayif;zayif;asagi;0,68;-4,50;1;11,71;0,77;23521701;13,23;SAT;NEGATIF;SAT;NEGATIF;AZALIYOR;AL;AL;NOTR;2;08.09.2026
ONCSM;izle;;5,7;1,8;1,3;2,6;6;0;zayif;25,3;28,5;44,2;asagi;zayif;zayif;asagi;0,85;-4,08;3;175;-1,41;137438700;229,69;SAT;NEGATIF;SAT;NEGATIF;AZALIYOR;SAT;AL;UCUZ (AL);1;08.09.2026
ODINE;izle;;5,4;5,4;0,0;0,0;0;0;zayif;30,9;24,9;53,1;asagi;zayif;zayif;asagi;0,01;-4,66;0;1071;-10,00;5185782;1675,52;SAT;NEGATIF;SAT;NEGATIF;AZALIYOR;SAT;SAT;PAHALI (SAT);0;08.09.2026