hisse;durum;yeni_sinyal;konfluans;trend_35;momentum_30;hacim_35;risk;uyumsuzluk;rejim;adx;rsi;mfi;supertrend;goreli_guc;usd_trend;haftalik_trend;hacim_orani;ema50_uzaklik_atr;dagitim_gun;kapanis;degisim%;islem_hacmi_tl;st_cizgisi;osc_macd;osc_rsi;osc_adx;osc_momentum;osc_atr;osc_wavetrend;osc_stochrsi;osc_sharpe;osc_al_sayisi;tarih
DURDO;GUCLU AL;;97,2;35,0;28,4;33,8;28;0;guclu trend;30,6;75,2;84,1;yukari;guclu;yukselis;yukari;3,80;4,34;1;6,36;4,09;99887629;5,37;AL;POZITIF;AL;POZITIF;ARTIYOR;AL;AL;NOTR;6;07.10.2026
RYGYO;GUCLU AL;;91,0;35,0;24,7;31,3;0;0;guclu trend;30,5;54,9;61,8;yukari;guclu;yukselis;yukari;1,35;1,37;2;48,68;-6,83;174236624;42,36;SAT;POZITIF;AL;NEGATIF;ARTIYOR;AL;SAT;NOTR;3;07.10.2026
HRKET;GUCLU AL;;90,0;35,0;30,0;25,0;26;0;guclu trend;31,9;71,3;90,5;yukari;guclu;yukselis;yukari;0,46;2,53;0;8,63;1,89;213834960;6,98;AL;POZITIF;AL;POZITIF;AZALIYOR;AL;AL;NOTR;6;07.10.2026
ENERY;GUCLU AL;;89,8;34,8;30,0;25,0;20;0;guclu trend;29,4;69,9;72,9;yukari;guclu;yukselis;yukari;0,62;4,12;1;14;1,30;737261630;12,09;AL;POZITIF;AL;POZITIF;AZALIYOR;AL;AL;NOTR;6;07.10.2026
AHGAZ;GUCLU AL;;89,3;33,0;28,4;27,9;28;0;guclu trend;24,9;75,3;83,5;yukari;guclu;yukselis;yukari;0,87;4,67;1;48;2,13;337318512;42,35;AL;POZITIF;AL;POZITIF;AZALIYOR;AL;AL;NOTR;6;07.10.2026
AKFIS;AL;;88,0;30,5;29,3;28,2;0;0;ilimli;18,5;56,4;67,7;yukari;guclu;yukselis;yukari;1,15;1,21;2;17,36;0,35;330264695;14,38;AL;POZITIF;NOTR;POZITIF;ARTIYOR;AL;SAT;PAHALI (SAT);4;07.10.2026
SANKO;GUCLU AL;;87,0;23,2;30,0;33,8;0;0;zayif;31,5;63,4;79,8;yukari;guclu;yukselis;yukari;1,57;1,66;1;21,58;-2,71;24274198;17,94;AL;POZITIF;AL;POZITIF;ARTIYOR;AL;AL;NOTR;6;07.10.2026
GMTAS;AL;EVET;85,2;30,4;23,5;31,2;0;0;ilimli;18,2;51,7;65,5;yukari;guclu;yukselis;yukari;2,20;0,45;1;48,28;9,98;488330281;40,93;SAT;POZITIF;NOTR;NEGATIF;ARTIYOR;SAT;SAT;NOTR;1;07.10.2026
TKFEN;GUCLU AL;;85,0;35,0;26,0;24,0;32;2;guclu trend;30,0;61,7;47,4;yukari;guclu;yukselis;yukari;0,45;2,79;2;268;3,08;770498660;226,08;SAT;POZITIF;AL;POZITIF;AZALIYOR;AL;AL;PAHALI (SAT);5;07.10.2026
GLYHO;AL;EVET;83,8;23,0;28,7;32,0;0;0;ilimli;17,1;59,9;52,4;yukari;guclu;yukselis;yukari;1,76;0,96;1;17,04;0,95;129537211;15,06;AL;POZITIF;NOTR;POZITIF;ARTIYOR;AL;AL;NOTR;5;07.10.2026
INDES;izle;;83,5;32,1;27,9;23,5;40;4;guclu trend;22,6;54,0;60,2;yukari;guclu;yukselis;yukari;0,72;0,60;1;11,41;-4,92;47590163;10,20;AL;POZITIF;AL;POZITIF;ARTIYOR;AL;SAT;NOTR;5;07.10.2026
ETILR;AL;;82,0;30,8;29,8;21,3;22;2;ilimli;19,1;56,4;70,7;yukari;guclu;yukselis;yukari;0,43;1,43;2;7,1;-4,70;32656251;6,03;AL;POZITIF;NOTR;POZITIF;ARTIYOR;SAT;SAT;NOTR;3;07.10.2026
ISDMR;GUCLU AL;;80,0;32,8;23,9;23,4;6;0;guclu trend;24,3;55,5;60,8;yukari;guclu;yukselis;yukari;0,64;1,20;3;62,2;0,40;90927319;54,52;SAT;POZITIF;AL;NEGATIF;AZALIYOR;SAT;AL;NOTR;3;07.10.2026
CELHA;izle;;79,8;24,3;30,0;25,5;10;0;guclu trend;23,0;69,0;72,7;asagi;guclu;yukselis;yukari;0,73;2,64;2;30,56;2,07;63830672;31,08;AL;POZITIF;AL;POZITIF;AZALIYOR;AL;AL;NOTR;6;07.10.2026
LOGO;izle;;77,6;22,8;29,8;25,0;40;4;zayif;17,1;59,2;61,6;yukari;guclu;yukselis;yukari;0,52;1,41;1;149;-0,67;57092479;129,10;AL;POZITIF;NOTR;POZITIF;AZALIYOR;AL;SAT;NOTR;4;07.10.2026
ALBRK;izle;;76,2;22,4;28,7;25,1;6;0;guclu trend;20,2;56,1;71,8;asagi;guclu;yukselis;yukari;0,81;0,92;3;8,82;0,34;134338558;9,13;AL;POZITIF;AL;POZITIF;AZALIYOR;AL;AL;NOTR;6;07.10.2026
OTKAR;AL;;73,2;10,4;29,2;33,6;6;0;zayif;18,2;60,0;67,6;yukari;guclu;yukselis;yukari;2,08;1,15;3;336,75;-1,32;316222730;298,04;AL;POZITIF;NOTR;POZITIF;AZALIYOR;AL;SAT;UCUZ (AL);4;07.10.2026
MEPET;AL;;72,7;25,0;27,1;20,6;0;0;ilimli;14,1;51,8;54,1;yukari;guclu;yukselis;yukari;0,73;0,27;0;21,14;-4,77;8455641;17,41;AL;POZITIF;NOTR;NEGATIF;AZALIYOR;AL;AL;NOTR;4;07.10.2026
ENJSA;izle;;72,1;23,1;28,8;20,2;28;2;guclu trend;20,0;57,6;72,1;asagi;guclu;yukselis;yukari;0,54;1,00;3;114,1;2,24;225034752;117,47;AL;POZITIF;AL;POZITIF;AZALIYOR;AL;AL;NOTR;6;07.10.2026
DMLKT;AL;;71,2;29,3;26,0;16,0;6;0;guclu trend;21,2;52,8;45,5;yukari;guclu;yukselis;yukari;0,68;1,48;3;6,92;-0,72;22917877;6,64;SAT;POZITIF;SAT;POZITIF;AZALIYOR;AL;AL;NOTR;4;07.10.2026
TUPRS;izle;;71,2;30,4;23,7;17,0;50;4;guclu trend;31,2;45,6;36,0;yukari;guclu;zayif;yukari;0,52;0,50;4;379,75;0,13;4461971360;374,32;SAT;NEGATIF;SAT;NEGATIF;AZALIYOR;SAT;AL;NOTR;1;07.10.2026
KRGYO;izle;;69,9;24,9;24,8;20,1;10;1;guclu trend;24,6;53,7;53,9;asagi;guclu;yukselis;yukari;0,63;1,00;2;3,32;-2,35;45202567;3,68;SAT;POZITIF;AL;POZITIF;AZALIYOR;AL;AL;NOTR;5;07.10.2026
CCOLA;izle;;69,6;15,8;28,6;25,2;0;0;ilimli;19,2;59,0;47,2;asagi;guclu;zayif;yukari;0,99;0,90;1;82,5;0,49;425684903;84,13;AL;POZITIF;NOTR;POZITIF;AZALIYOR;AL;AL;NOTR;5;07.10.2026
HKTM;AL;;68,6;16,7;27,9;24,0;0;0;zayif;30,3;57,9;45,9;yukari;guclu;zayif;yukari;1,18;0,60;2;12,13;3,85;58845214;9,34;AL;POZITIF;AL;POZITIF;ARTIYOR;AL;AL;NOTR;6;07.10.2026
BRSAN;izle;;64,7;20,8;26,8;17,2;6;0;ilimli;17,6;47,9;54,2;asagi;guclu;zayif;yukari;0,80;0,11;3;659;-2,95;827977485;709,48;AL;NEGATIF;NOTR;NEGATIF;ARTIYOR;AL;SAT;NOTR;2;07.10.2026
AVGYO;izle;;64,1;20,0;27,7;16,4;46;5;ilimli;11,5;53,3;48,5;asagi;guclu;yukselis;yukari;0,78;0,53;3;16,44;-1,50;18095903;18,09;AL;POZITIF;NOTR;POZITIF;AZALIYOR;AL;SAT;NOTR;4;07.10.2026
HUNER;izle;;63,9;28,8;21,2;13,9;32;3;ilimli;17,9;46,2;56,0;yukari;guclu;yukselis;yukari;0,90;0,08;2;4,01;-3,61;279993113;3,83;SAT;NEGATIF;NOTR;NEGATIF;ARTIYOR;SAT;SAT;NOTR;0;07.10.2026
VAKBN;izle;;63,8;19,7;23,6;20,5;0;0;ilimli;14,0;51,0;66,1;asagi;guclu;yukselis;yukari;0,50;0,46;2;33,68;-0,12;1074295170;37,51;SAT;POZITIF;NOTR;NEGATIF;AZALIYOR;SAT;AL;NOTR;2;07.10.2026
BAHKM;izle;;63,5;25,5;21,6;16,4;22;2;guclu trend;26,0;49,2;61,5;asagi;guclu;yukselis;yukari;0,69;0,40;2;163,3;-9,98;206711999;203,28;SAT;NEGATIF;AL;NEGATIF;ARTIYOR;AL;AL;NOTR;3;07.10.2026
METRO;izle;;63,4;28,0;25,8;9,6;0;0;zayif;30,3;51,3;52,1;yukari;guclu;zayif;asagi;0,46;-0,31;0;7,64;-1,93;23108082;6,47;AL;POZITIF;AL;POZITIF;AZALIYOR;AL;SAT;NOTR;5;07.10.2026
YKBNK;izle;;63,2;10,0;28,0;25,2;0;0;ilimli;19,3;54,6;76,7;asagi;guclu;yukselis;yukari;0,74;0,64;1;36,6;0,38;5364619051;37,23;AL;POZITIF;NOTR;NEGATIF;AZALIYOR;AL;AL;NOTR;4;07.10.2026
RYSAS;izle;;63,1;21,4;20,2;21,5;10;1;zayif;15,6;45,8;50,5;asagi;guclu;zayif;yukari;1,01;-0,27;2;24,6;-4,28;353331079;28,46;SAT;NEGATIF;NOTR;NEGATIF;ARTIYOR;AL;AL;NOTR;2;07.10.2026
ORGE;izle;;62,0;28,9;20,9;12,2;42;3;zayif;14,2;46,6;60,9;yukari;guclu;zayif;yukari;0,59;-0,22;6;22;-2,65;49136142;20,44;SAT;NEGATIF;NOTR;NEGATIF;AZALIYOR;AL;SAT;NOTR;1;07.10.2026
PRKME;AL;EVET;61,9;13,8;27,0;21,0;0;0;zayif;26,9;56,8;77,2;yukari;guclu;zayif;asagi;3,97;0,22;2;17,34;7,70;181812206;13,53;AL;POZITIF;AL;POZITIF;ARTIYOR;AL;AL;NOTR;6;07.10.2026
HALKB;izle;;61,0;20,5;23,5;17,0;10;1;ilimli;15,5;48,7;40,6;asagi;guclu;yukselis;yukari;0,37;0,43;1;44,5;-1,64;631924698;50,46;SAT;NEGATIF;NOTR;NEGATIF;AZALIYOR;SAT;AL;NOTR;1;07.10.2026
FRIGO;izle;;59,4;15,0;26,4;18,0;0;0;zayif;30,1;55,8;59,9;yukari;guclu;zayif;asagi;1,92;-0,03;1;2,08;4,52;114840688;1,56;AL;POZITIF;AL;POZITIF;ARTIYOR;AL;AL;NOTR;6;07.10.2026
CRFSA;izle;;57,4;17,7;17,7;22,0;46;4;zayif;24,2;45,5;59,6;asagi;zayif;zayif;yukari;1,48;-0,54;3;219;-1,53;529274601;257,19;SAT;NEGATIF;AL;NEGATIF;AZALIYOR;AL;AL;NOTR;3;07.10.2026
FLAP;izle;;56,2;31,2;20,6;4,3;0;0;guclu trend;28,9;47,4;53,0;yukari;guclu;yukselis;asagi;0,86;-0,03;2;11,58;-1,53;14114156;10,92;SAT;NEGATIF;AL;NEGATIF;AZALIYOR;SAT;SAT;NOTR;1;07.10.2026
NETAS;izle;;55,9;21,3;22,6;12,0;0;0;guclu trend;21,3;48,4;41,1;asagi;guclu;zayif;yukari;0,63;0,04;1;81;2,27;45971955;89,91;SAT;NEGATIF;SAT;POZITIF;AZALIYOR;AL;AL;NOTR;3;07.10.2026
EKIZ;izle;;55,8;15,0;25,1;15,7;0;0;zayif;36,4;56,5;44,8;yukari;guclu;zayif;asagi;1,16;-0,59;2;55,5;8,82;1226273;44,36;AL;POZITIF;AL;POZITIF;ARTIYOR;AL;AL;UCUZ (AL);6;07.10.2026
MIATK;izle;;55,4;11,5;25,9;18,0;0;0;zayif;21,1;52,4;69,9;yukari;guclu;zayif;asagi;2,00;-0,26;1;29,08;-3,84;2230861499;21,74;AL;POZITIF;AL;POZITIF;ARTIYOR;AL;AL;NOTR;6;07.10.2026
MRGYO;izle;;54,6;14,5;26,1;14,0;12;0;zayif;28,6;50,5;60,7;yukari;guclu;zayif;asagi;2,79;-0,17;1;1,44;-2,70;711278901;1,03;AL;POZITIF;AL;POZITIF;ARTIYOR;AL;AL;NOTR;6;07.10.2026
COSMO;izle;;54,5;15,0;21,5;18,0;0;0;zayif;31,0;49,8;48,4;yukari;guclu;zayif;asagi;1,62;-1,36;1;100,3;1,47;6975364;79,65;AL;NEGATIF;AL;POZITIF;ARTIYOR;AL;AL;UCUZ (AL);5;07.10.2026
KCHOL;izle;;54,3;21,0;19,9;13,4;22;2;guclu trend;26,6;45,2;46,9;asagi;guclu;zayif;yukari;0,62;-0,29;2;209,6;-1,87;3414198923;229,66;SAT;NEGATIF;SAT;NEGATIF;AZALIYOR;SAT;AL;NOTR;1;07.10.2026
KRPLS;izle;;54,1;21,6;20,6;12,0;22;2;guclu trend;23,4;45,5;46,7;asagi;guclu;zayif;yukari;0,48;-0,03;2;11,07;-4,98;29178417;14,09;SAT;NEGATIF;SAT;NEGATIF;ARTIYOR;SAT;SAT;NOTR;0;07.10.2026
RTALB;izle;;53,1;12,7;22,4;18,0;40;4;zayif;24,2;52,6;51,0;yukari;guclu;zayif;asagi;1,39;-1,18;1;2,42;10,00;111144802;1,82;AL;POZITIF;AL;POZITIF;ARTIYOR;AL;AL;UCUZ (AL);6;07.10.2026
YGGYO;izle;;53,0;15,4;24,6;13,0;0;0;zayif;34,0;47,5;60,0;asagi;guclu;zayif;asagi;0,71;-0,83;1;213,9;1,33;18382566;230,48;AL;NEGATIF;SAT;NEGATIF;AZALIYOR;AL;AL;NOTR;3;07.10.2026
KRDMD;izle;;52,9;20,3;17,1;15,5;46;4;zayif;14,0;43,9;58,8;asagi;guclu;zayif;yukari;0,88;-0,49;3;42,92;-3,33;1655733381;48,15;SAT;NEGATIF;NOTR;NEGATIF;ARTIYOR;SAT;SAT;NOTR;0;07.10.2026
TAVHL;izle;;52,8;10,2;27,2;15,4;16;1;zayif;15,5;53,8;50,8;yukari;guclu;zayif;asagi;0,49;0,31;3;275,25;-0,09;434759302;251,55;AL;POZITIF;NOTR;NEGATIF;AZALIYOR;AL;AL;NOTR;4;07.10.2026
AYGAZ;izle;;52,8;22,4;17,0;13,4;0;0;guclu trend;29,3;41,0;44,1;asagi;guclu;zayif;yukari;0,56;-0,99;2;286,5;1,60;164211200;321,43;SAT;NEGATIF;SAT;NEGATIF;AZALIYOR;SAT;AL;NOTR;1;07.10.2026
SOKM;izle;;52,3;18,6;17,0;16,7;22;2;zayif;13,5;43,2;46,7;asagi;guclu;zayif;yukari;0,43;-0,40;2;55;-2,40;79989800;62,10;SAT;NEGATIF;NOTR;NEGATIF;AZALIYOR;SAT;SAT;NOTR;0;07.10.2026
KLSYN;izle;;51,7;14,3;25,6;11,8;0;0;zayif;21,5;45,9;38,4;asagi;guclu;zayif;yukari;0,86;-0,37;2;14,33;-0,83;34621079;16,20;AL;NEGATIF;SAT;POZITIF;AZALIYOR;AL;AL;NOTR;4;07.10.2026
KRTEK;izle;;51,1;9,7;27,0;14,3;8;0;zayif;16,4;52,3;70,4;yukari;guclu;yukselis;asagi;0,79;0,22;1;6,05;-3,97;4800748;5,02;AL;POZITIF;NOTR;NEGATIF;AZALIYOR;AL;AL;UCUZ (AL);4;07.10.2026
INVES;izle;;50,4;15,4;17,9;17,1;10;0;zayif;29,9;41,6;42,8;asagi;guclu;zayif;yukari;0,35;-0,70;4;713,5;0,21;12805185;783,94;SAT;NEGATIF;SAT;NEGATIF;AZALIYOR;AL;AL;NOTR;2;07.10.2026
FONET;izle;;50,3;10,0;23,6;16,7;0;0;zayif;26,4;48,5;55,7;asagi;guclu;zayif;asagi;1,22;-0,98;0;4,4;2,80;102049028;4,63;AL;NEGATIF;AL;POZITIF;AZALIYOR;AL;SAT;NOTR;4;07.10.2026
OZSUB;izle;;49,7;20,1;17,6;12,0;6;0;zayif;12,9;44,1;44,6;asagi;guclu;zayif;yukari;0,41;-0,62;3;36,58;-2,35;25945316;42,59;SAT;NEGATIF;NOTR;NEGATIF;AZALIYOR;AL;AL;NOTR;2;07.10.2026
TRILC;izle;;49,5;10,4;21,1;18,0;0;0;zayif;52,3;51,0;39,8;yukari;guclu;zayif;asagi;1,89;-3,03;2;0,95;7,95;6501183;0,79;AL;POZITIF;SAT;POZITIF;ARTIYOR;AL;AL;UCUZ (AL);5;07.10.2026
HTTBT;izle;;49,3;14,6;24,3;10,4;0;0;zayif;29,0;48,7;57,4;yukari;guclu;zayif;asagi;0,41;-0,95;1;33,26;-4,43;8310344;30,38;AL;NEGATIF;AL;POZITIF;ARTIYOR;AL;SAT;UCUZ (AL);4;07.10.2026
LMKDC;izle;;48,8;8,3;26,2;14,2;0;0;zayif;14,4;52,7;70,8;yukari;guclu;zayif;asagi;0,52;-0,12;1;23,72;-1,50;58825505;20,92;AL;POZITIF;NOTR;POZITIF;AZALIYOR;AL;SAT;UCUZ (AL);4;07.10.2026
NTGAZ;izle;;48,6;1,0;24,8;22,9;6;0;zayif;19,0;47,3;52,6;asagi;guclu;zayif;asagi;1,47;-0,72;3;10,71;-3,69;50791693;11,27;AL;NEGATIF;NOTR;POZITIF;ARTIYOR;AL;SAT;NOTR;3;07.10.2026
MAVI;izle;;48,4;8,3;25,2;15,0;18;1;zayif;14,1;48,3;45,1;yukari;guclu;zayif;asagi;0,83;-0,57;2;37,1;0,05;266361342;33,59;AL;NEGATIF;NOTR;NEGATIF;AZALIYOR;SAT;SAT;UCUZ (AL);1;07.10.2026
MPARK;izle;;48,0;7,9;26,1;14,1;46;4;zayif;12,1;48,7;59,8;asagi;guclu;zayif;asagi;1,11;-0,17;3;426,25;-0,64;277777748;453,45;AL;NEGATIF;NOTR;NEGATIF;AZALIYOR;AL;SAT;NOTR;2;07.10.2026
AYES;izle;;47,4;16,6;24,7;6,1;0;0;zayif;30,8;50,8;58,7;yukari;guclu;zayif;asagi;0,83;-0,78;2;8,1;-1,70;1840830;6,90;AL;POZITIF;SAT;POZITIF;AZALIYOR;AL;SAT;NOTR;4;07.10.2026
OYLUM;izle;;46,6;5,6;26,0;15,0;0;0;zayif;26,4;56,5;66,7;asagi;guclu;zayif;asagi;1,12;-0,20;1;6,92;1,17;3476850;6,99;AL;POZITIF;AL;POZITIF;AZALIYOR;AL;SAT;UCUZ (AL);5;07.10.2026
GSDHO;izle;;46,5;5,3;23,1;18,0;0;0;zayif;25,7;46,9;70,7;asagi;guclu;zayif;asagi;3,08;-1,44;2;4,24;4,69;207273138;4,61;AL;NEGATIF;AL;POZITIF;ARTIYOR;AL;AL;NOTR;5;07.10.2026
VERUS;izle;;46,3;15,4;22,9;8,0;0;0;zayif;34,3;50,3;77,8;asagi;guclu;zayif;asagi;0,50;-0,58;0;511,5;0,10;18367965;538,78;AL;POZITIF;SAT;POZITIF;AZALIYOR;AL;AL;NOTR;5;07.10.2026
ARDYZ;izle;;45,9;15,4;14,8;15,6;0;0;zayif;30,7;43,8;49,5;asagi;zayif;zayif;asagi;1,16;-1,22;2;65,15;-4,19;486521828;74,55;AL;NEGATIF;SAT;NEGATIF;ARTIYOR;AL;SAT;NOTR;2;07.10.2026
AYDEM;izle;;45,8;7,5;25,7;12,6;0;0;zayif;17,0;50,0;46,7;asagi;guclu;zayif;asagi;0,82;-0,35;2;24,76;1,14;44375392;26,22;AL;NEGATIF;NOTR;POZITIF;AZALIYOR;AL;AL;NOTR;4;07.10.2026
AKCNS;izle;;45,7;10,7;24,3;10,7;22;2;zayif;16,7;47,8;61,1;asagi;guclu;zayif;asagi;0,76;-0,79;1;211,3;1,73;163362792;225,55;AL;NEGATIF;NOTR;POZITIF;ARTIYOR;AL;AL;NOTR;4;07.10.2026
ANGEN;izle;;45,5;2,7;24,8;18,0;52;4;zayif;19,0;53,0;76,7;asagi;guclu;zayif;asagi;4,03;-0,72;1;8,18;2,12;141138677;8,21;AL;POZITIF;NOTR;POZITIF;ARTIYOR;AL;AL;UCUZ (AL);5;07.10.2026
TRGYO;izle;;45,4;7,2;20,8;17,5;10;0;zayif;11,4;42,5;39,8;asagi;guclu;zayif;asagi;1,21;-1,28;4;90,3;-1,47;120161036;96,70;AL;NEGATIF;NOTR;NEGATIF;ARTIYOR;AL;SAT;NOTR;2;07.10.2026
MARTI;izle;;44,6;7,0;19,6;18,0;0;0;zayif;31,5;47,3;41,8;asagi;guclu;zayif;asagi;2,02;-0,91;0;1,54;10,00;374134562;1,57;SAT;NEGATIF;AL;NEGATIF;ARTIYOR;AL;AL;NOTR;3;07.10.2026
VANGD;izle;;44,2;13,4;16,1;14,7;0;0;zayif;38,4;47,9;61,4;yukari;zayif;zayif;asagi;1,10;-1,46;1;70,15;1,15;14528416;51,13;AL;NEGATIF;SAT;POZITIF;AZALIYOR;AL;AL;NOTR;4;07.10.2026
DEVA;izle;;43,8;21,7;14,1;8,0;6;0;guclu trend;24,5;40,7;41,6;asagi;guclu;zayif;yukari;0,29;-0,60;3;86;-1,55;17775340;98,53;SAT;NEGATIF;SAT;NEGATIF;AZALIYOR;SAT;SAT;NOTR;0;07.10.2026
QNBFK;izle;;43,5;10,4;25,1;8,0;0;0;zayif;30,9;51,3;44,8;yukari;guclu;zayif;asagi;0,67;-0,61;1;39,4;-1,50;725196;37,01;AL;POZITIF;SAT;POZITIF;ARTIYOR;AL;SAT;NOTR;4;07.10.2026
TRMET;izle;;43,5;17,3;15,9;10,3;0;0;zayif;19,9;42,8;56,4;asagi;guclu;zayif;asagi;0,69;-0,86;2;126,5;-2,32;644605924;146,21;SAT;NEGATIF;NOTR;NEGATIF;AZALIYOR;SAT;SAT;NOTR;0;07.10.2026
ALARK;izle;;43,5;10,8;21,1;11,6;20;1;zayif;25,4;45,9;48,3;asagi;guclu;zayif;asagi;0,63;-0,60;4;104;-1,23;245294712;111,34;SAT;NEGATIF;SAT;NEGATIF;AZALIYOR;AL;AL;NOTR;2;07.10.2026
BALSU;izle;;43,3;14,7;20,2;8,4;0;0;zayif;29,2;52,7;65,9;yukari;guclu;zayif;asagi;0,72;-1,39;2;8,67;-1,48;365655022;6,88;AL;POZITIF;AL;POZITIF;ARTIYOR;AL;SAT;UCUZ (AL);5;07.10.2026
BIMAS;izle;;43,0;20,7;12,4;9,8;46;4;zayif;17,3;37,2;36,3;asagi;guclu;zayif;asagi;1,01;-1,23;3;394,25;-3,67;3660304918;438,16;SAT;NEGATIF;NOTR;NEGATIF;ARTIYOR;SAT;SAT;NOTR;0;07.10.2026
ASELS;izle;;42,4;11,1;14,9;16,4;10;0;zayif;25,3;42,3;45,5;asagi;guclu;zayif;asagi;1,38;-1,38;4;348,75;-7,25;16660833401;390,08;SAT;NEGATIF;SAT;NEGATIF;ARTIYOR;AL;SAT;NOTR;1;07.10.2026
BASCM;izle;;41,9;10,4;22,4;9,0;0;0;zayif;30,4;46,0;34,3;yukari;guclu;zayif;asagi;0,66;-2,72;2;11,88;-1,08;727080;11,12;AL;NEGATIF;SAT;POZITIF;AZALIYOR;AL;SAT;NOTR;3;07.10.2026
AKFYE;izle;;41,6;7,8;25,8;8,0;0;0;zayif;11,2;50,5;58,2;asagi;guclu;zayif;asagi;0,50;-0,30;1;3,71;3,63;122228447;4,09;AL;POZITIF;NOTR;POZITIF;ARTIYOR;AL;AL;NOTR;5;07.10.2026
ETYAT;izle;;41,6;13,2;13,6;14,8;40;4;zayif;27,2;43,5;63,6;yukari;zayif;zayif;asagi;1,11;-1,63;2;10,39;4,42;10758253;7,85;AL;NEGATIF;SAT;POZITIF;AZALIYOR;AL;AL;NOTR;4;07.10.2026
KONKA;izle;;41,4;15,0;13,9;12,5;0;0;zayif;41,6;44,6;63,2;yukari;zayif;zayif;asagi;1,21;-2,59;2;8,31;-3,48;32138318;7,29;AL;NEGATIF;AL;POZITIF;ARTIYOR;AL;SAT;UCUZ (AL);4;07.10.2026
TGSAS;izle;;41,4;10,4;13,0;18,0;0;0;zayif;32,9;41,5;27,6;yukari;zayif;zayif;asagi;2,14;-2,64;2;123,3;-10,00;186250938;90,11;AL;NEGATIF;SAT;POZITIF;ARTIYOR;AL;AL;NOTR;4;07.10.2026
OTTO;izle;;41,0;15,0;16,0;10,0;0;0;zayif;39,8;48,5;52,6;yukari;zayif;zayif;asagi;1,95;-2,08;2;115,5;-1,37;84209202;94,23;AL;NEGATIF;AL;POZITIF;ARTIYOR;AL;SAT;UCUZ (AL);4;07.10.2026
SAFKR;izle;;41,0;15,0;16,0;10,0;0;0;zayif;41,1;46,1;58,9;yukari;zayif;zayif;asagi;1,06;-2,54;1;13,1;-8,13;67280604;11,65;AL;NEGATIF;AL;POZITIF;ARTIYOR;AL;SAT;UCUZ (AL);4;07.10.2026
OZYSR;izle;;40,7;7,9;24,8;8,0;0;0;zayif;25,9;47,8;42,0;asagi;guclu;zayif;asagi;0,52;-0,74;2;11,44;-2,22;15132946;12,68;AL;NEGATIF;SAT;NEGATIF;AZALIYOR;AL;SAT;NOTR;2;07.10.2026
EREGL;izle;;40,3;10,4;21,4;8,5;10;1;zayif;12,8;44,0;56,9;asagi;guclu;zayif;asagi;0,52;-1,19;1;36,52;-1,51;2121585613;40,26;AL;NEGATIF;NOTR;NEGATIF;AZALIYOR;SAT;SAT;NOTR;1;07.10.2026
GARAN;izle;;39,7;2,0;26,2;11,6;32;3;zayif;23,1;50,0;66,8;asagi;guclu;zayif;asagi;0,59;-0,12;2;129,9;-0,99;2270027441;136,38;AL;NEGATIF;SAT;NEGATIF;AZALIYOR;AL;AL;NOTR;3;07.10.2026
DOCO;izle;;39,4;8,9;21,7;8,8;0;0;zayif;16,1;43,8;53,8;asagi;guclu;zayif;asagi;0,29;-1,06;2;10610;-1,69;15342060;11409,46;AL;NEGATIF;NOTR;POZITIF;AZALIYOR;AL;SAT;NOTR;3;07.10.2026
TCELL;izle;;39,4;1,9;25,0;12,5;6;0;zayif;25,9;48,9;48,9;asagi;guclu;zayif;asagi;0,60;-0,63;3;99,4;-1,29;1286920369;105,37;AL;NEGATIF;SAT;NEGATIF;AZALIYOR;AL;AL;NOTR;3;07.10.2026
VKING;izle;;39,1;2,4;18,7;18,0;10;0;zayif;46,1;47,8;62,9;asagi;zayif;zayif;asagi;4,19;-1,57;4;17,54;6,43;39256976;18,08;AL;NEGATIF;SAT;POZITIF;ARTIYOR;AL;AL;UCUZ (AL);4;07.10.2026
KLGYO;izle;;38,7;1,8;25,3;11,7;0;0;zayif;24,9;51,5;51,1;asagi;guclu;zayif;asagi;0,85;-0,52;2;4,28;0,94;34463874;4,33;AL;POZITIF;SAT;POZITIF;AZALIYOR;AL;SAT;UCUZ (AL);4;07.10.2026
TCKRC;izle;;38,4;14,7;16,8;6,8;6;0;zayif;24,6;44,5;63,8;asagi;zayif;zayif;asagi;1,11;-1,27;3;123,7;-2,60;462698613;138,23;AL;NEGATIF;SAT;NEGATIF;AZALIYOR;AL;SAT;NOTR;2;07.10.2026
AVPGY;izle;;38,2;1,3;21,9;15,1;0;0;zayif;21,5;49,4;40,8;asagi;guclu;zayif;asagi;1,15;-0,27;2;52,9;0,95;48607059;56,21;SAT;NEGATIF;SAT;NEGATIF;AZALIYOR;AL;AL;NOTR;2;07.10.2026
BALAT;izle;;37,3;10,4;18,9;8,0;22;2;zayif;31,1;47,3;47,2;yukari;zayif;zayif;asagi;0,44;-1,74;1;58,5;-1,85;1037790;49,04;AL;NEGATIF;SAT;NEGATIF;ARTIYOR;AL;AL;UCUZ (AL);3;07.10.2026
EGSER;izle;;36,9;2,4;19,3;15,2;0;0;zayif;31,6;41,0;37,7;asagi;guclu;zayif;asagi;1,28;-1,91;2;2,62;-1,50;5246057;2,80;AL;NEGATIF;SAT;NEGATIF;ARTIYOR;AL;AL;NOTR;3;07.10.2026
UNLU;izle;;36,8;6,1;20,7;10,0;10;1;zayif;27,7;45,4;62,9;asagi;guclu;zayif;asagi;1,45;-0,76;2;10,7;-3,52;180737659;13,62;SAT;NEGATIF;AL;NEGATIF;ARTIYOR;SAT;SAT;UCUZ (AL);1;07.10.2026
AKBNK;izle;;36,6;2,5;21,5;12,6;38;3;zayif;23,8;47,4;53,0;asagi;guclu;zayif;asagi;0,88;-0,42;3;69,25;-0,36;10167341577;74,93;SAT;NEGATIF;SAT;NEGATIF;AZALIYOR;AL;AL;NOTR;2;07.10.2026
EKGYO;izle;;36,5;2,2;26,6;7,8;10;1;zayif;16,1;51,0;51,3;asagi;guclu;zayif;asagi;0,46;0,03;2;19,6;-0,76;1236530131;21,06;AL;POZITIF;NOTR;NEGATIF;AZALIYOR;AL;AL;NOTR;4;07.10.2026
PCILT;izle;;36,1;10,9;25,0;0,3;0;0;zayif;9,5;46,2;45,9;asagi;guclu;zayif;asagi;0,50;-0,66;2;30,6;-1,03;25292981;33,97;AL;NEGATIF;NOTR;NEGATIF;AZALIYOR;SAT;SAT;NOTR;1;07.10.2026
TABGD;izle;;36,1;1,6;24,1;10,4;0;0;zayif;23,7;46,9;42,6;asagi;guclu;zayif;asagi;0,71;-1,03;1;225,1;0,09;109400851;238,40;AL;NEGATIF;SAT;POZITIF;AZALIYOR;AL;SAT;NOTR;3;07.10.2026
ENTRA;izle;;35,6;1,0;25,9;8,7;0;0;zayif;19,1;54,4;68,7;asagi;guclu;zayif;asagi;0,74;-0,25;0;4,31;1,65;49709036;4,51;AL;POZITIF;NOTR;POZITIF;AZALIYOR;AL;AL;NOTR;5;07.10.2026
NUHCM;izle;;35,5;0,9;25,7;8,9;10;1;zayif;14,3;50,8;58,2;asagi;guclu;zayif;asagi;0,85;-0,34;2;212,5;-0,09;9631138;224,95;AL;POZITIF;NOTR;POZITIF;AZALIYOR;AL;AL;NOTR;5;07.10.2026
AEFES;izle;;35,5;5,2;20,7;9,5;0;0;zayif;28,4;44,2;49,4;asagi;guclu;zayif;asagi;0,77;-1,51;2;18,15;-2,79;487525988;19,66;AL;NEGATIF;SAT;NEGATIF;ARTIYOR;AL;AL;NOTR;3;07.10.2026
DZGYO;izle;;35,2;2,6;24,4;8,2;0;0;zayif;18,7;49,0;39,3;asagi;guclu;zayif;asagi;0,85;-0,90;1;6,91;3,13;16298278;7,34;AL;NEGATIF;NOTR;POZITIF;AZALIYOR;AL;AL;NOTR;4;07.10.2026
AGESA;izle;;35,2;7,6;13,3;14,3;10;0;zayif;30,4;37,3;57,0;asagi;guclu;zayif;asagi;1,14;-1,78;4;228,3;-3,47;39499096;249,51;SAT;NEGATIF;SAT;NEGATIF;ARTIYOR;AL;SAT;NOTR;1;07.10.2026
BERA;izle;;35,1;9,9;17,1;8,1;0;0;zayif;26,3;41,4;52,1;yukari;guclu;zayif;asagi;0,70;-2,39;1;11,58;-4,06;63714202;10,94;AL;NEGATIF;SAT;NEGATIF;AZALIYOR;AL;SAT;UCUZ (AL);2;07.10.2026
AKSGY;izle;;34,8;11,7;15,7;7,5;0;0;zayif;28,2;41,1;45,2;asagi;guclu;zayif;asagi;0,82;-1,11;2;9,33;-1,89;35834151;10,14;SAT;NEGATIF;SAT;NEGATIF;ARTIYOR;SAT;SAT;NOTR;0;07.10.2026
THYAO;izle;;34,5;2,3;20,8;11,4;6;0;zayif;29,3;44,2;64,5;asagi;guclu;zayif;asagi;0,71;-1,47;3;286,25;-1,46;7751054028;301,24;AL;NEGATIF;SAT;NEGATIF;AZALIYOR;SAT;SAT;NOTR;1;07.10.2026
MAKIM;izle;;34,5;2,8;22,4;9,3;6;0;zayif;19,2;47,9;62,6;asagi;guclu;zayif;asagi;1,02;-1,16;3;13,56;-1,31;21025119;14,48;AL;NEGATIF;NOTR;POZITIF;ARTIYOR;AL;AL;NOTR;4;07.10.2026
ERSU;izle;;34,5;10,4;16,0;8,0;0;0;zayif;35,8;49,6;34,4;yukari;zayif;zayif;asagi;0,62;-1,49;2;17,49;7,50;7452909;11,85;AL;NEGATIF;SAT;POZITIF;ARTIYOR;AL;AL;NOTR;4;07.10.2026
OYAKC;izle;;34,3;2,4;22,0;9,9;10;0;zayif;29,8;44,6;51,5;asagi;guclu;zayif;asagi;0,80;-1,04;5;20,5;-1,06;217741406;22,37;AL;NEGATIF;SAT;NEGATIF;AZALIYOR;SAT;SAT;UCUZ (AL);1;07.10.2026
EUYO;izle;;34,1;3,6;22,5;8,0;0;0;zayif;21,3;49,7;50,2;asagi;guclu;zayif;asagi;0,67;-0,94;2;4,25;1,43;3316194;4,42;AL;NEGATIF;AL;POZITIF;AZALIYOR;AL;SAT;NOTR;4;07.10.2026
USHOL;izle;;33,7;5,4;13,6;14,6;0;0;zayif;35,0;43,5;54,6;asagi;zayif;zayif;asagi;1,10;-2,03;2;57,35;3,24;42124779;60,45;AL;NEGATIF;SAT;NEGATIF;AZALIYOR;AL;AL;NOTR;3;07.10.2026
SEKFK;izle;;33,1;1,7;19,0;12,4;6;0;zayif;24,5;43,1;57,6;asagi;guclu;zayif;asagi;0,96;-2,02;3;4,1;-4,43;2470890;4,48;AL;NEGATIF;SAT;NEGATIF;ARTIYOR;AL;SAT;NOTR;2;07.10.2026
DMRGD;izle;;32,8;14,4;10,3;8,0;40;4;zayif;22,7;45,0;65,7;asagi;zayif;zayif;asagi;0,34;-1,49;0;8,77;4,03;172377507;9,49;SAT;NEGATIF;SAT;NEGATIF;AZALIYOR;AL;AL;NOTR;2;07.10.2026
TUREX;izle;;32,3;8,8;23,5;0,0;0;0;zayif;18,0;48,0;59,7;yukari;guclu;zayif;asagi;0,62;-1,27;1;5,77;0,35;56483857;5,03;AL;NEGATIF;NOTR;POZITIF;ARTIYOR;AL;SAT;NOTR;3;07.10.2026
TRCAS;izle;;32,3;8,0;17,0;7,3;20;1;zayif;28,1;41,8;33,0;asagi;guclu;zayif;asagi;0,69;-1,08;4;43,7;-2,28;20185773;48,19;SAT;NEGATIF;SAT;NEGATIF;AZALIYOR;AL;AL;NOTR;2;07.10.2026
ISKPL;izle;;32,2;2,4;11,7;18,0;0;0;zayif;39,8;37,4;85,2;asagi;zayif;zayif;asagi;2,10;-4,53;2;4,01;0,00;370906422;4,46;AL;NEGATIF;SAT;POZITIF;ARTIYOR;AL;AL;UCUZ (AL);4;07.10.2026
BAYRK;izle;;32,1;2,4;11,7;18,0;10;0;zayif;41,3;37,3;31,6;asagi;zayif;zayif;asagi;3,52;-4,11;4;2,99;9,93;49485185;3,25;AL;NEGATIF;SAT;NEGATIF;ARTIYOR;AL;AL;UCUZ (AL);3;07.10.2026
HLGYO;izle;;32,0;1,0;23,0;8,0;0;0;zayif;14,7;46,6;47,6;asagi;guclu;zayif;asagi;0,56;-1,78;2;4,15;-0,95;55499278;4,49;AL;NEGATIF;NOTR;NEGATIF;AZALIYOR;AL;SAT;NOTR;2;07.10.2026
ISCTR;izle;;31,9;1,5;21,9;8,5;6;0;zayif;23,1;49,7;64,6;asagi;guclu;zayif;asagi;0,72;-0,24;3;12,97;0,78;5374963121;13,91;SAT;NEGATIF;SAT;NEGATIF;AZALIYOR;AL;AL;NOTR;2;07.10.2026
ARSAN;izle;;31,9;5,1;17,9;8,9;6;0;zayif;15,0;43,7;42,4;asagi;guclu;zayif;asagi;0,75;-0,93;3;3,48;-3,06;47964579;3,97;SAT;NEGATIF;NOTR;NEGATIF;AZALIYOR;AL;SAT;NOTR;1;07.10.2026
INFO;izle;;31,9;2,4;11,5;18,0;0;0;zayif;44,2;36,6;92,2;asagi;zayif;zayif;asagi;3,88;-5,26;0;1,26;9,57;238348691;1,30;AL;NEGATIF;SAT;NEGATIF;AZALIYOR;AL;AL;NOTR;3;07.10.2026
EBEBK;izle;;31,8;11,3;14,0;6,6;38;3;zayif;11,8;39,5;41,6;asagi;guclu;zayif;asagi;0,99;-1,47;3;76,75;-4,18;41510391;86,82;SAT;NEGATIF;NOTR;NEGATIF;ARTIYOR;SAT;SAT;NOTR;0;07.10.2026
KERVN;izle;;31,8;14,5;13,2;4,0;0;0;zayif;23,3;42,5;37,8;asagi;zayif;zayif;asagi;0,34;-1,66;1;7,32;-7,11;2659605;8,58;AL;NEGATIF;SAT;NEGATIF;ARTIYOR;SAT;SAT;NOTR;1;07.10.2026
SONME;izle;;31,5;2,5;25,0;4,0;0;0;zayif;18,4;46,5;28,9;asagi;guclu;zayif;asagi;0,52;-0,64;2;123,4;-0,08;1966379;133,11;AL;NEGATIF;NOTR;NEGATIF;AZALIYOR;AL;AL;UCUZ (AL);3;07.10.2026
SAHOL;izle;;31,5;2,4;20,2;8,8;22;2;zayif;34,6;45,2;68,5;asagi;guclu;zayif;asagi;0,62;-0,97;2;87,6;-1,35;1770961633;94,57;SAT;NEGATIF;SAT;NEGATIF;AZALIYOR;AL;AL;NOTR;2;07.10.2026
GRNYO;izle;;31,4;7,0;13,8;10,6;6;0;zayif;34,7;44,3;34,6;asagi;zayif;zayif;asagi;1,10;-2,94;3;9,17;-0,54;6883901;9,34;AL;NEGATIF;AL;POZITIF;ARTIYOR;AL;AL;UCUZ (AL);5;07.10.2026
EPLAS;izle;;31,4;2,1;25,4;4,0;22;2;zayif;17,3;48,2;47,2;asagi;guclu;zayif;asagi;0,50;-0,48;1;5,45;-3,54;20354845;6,29;AL;NEGATIF;NOTR;POZITIF;AZALIYOR;AL;AL;NOTR;4;07.10.2026
PETKM;izle;;31,4;6,3;21,1;4,0;16;1;zayif;13,3;46,2;44,9;asagi;guclu;zayif;asagi;0,53;-0,59;3;20,1;1,62;1040225069;23,05;SAT;NEGATIF;NOTR;NEGATIF;AZALIYOR;AL;AL;NOTR;2;07.10.2026
ISGYO;izle;;31,4;8,5;21,4;1,4;6;0;zayif;11,8;43,3;43,6;asagi;guclu;zayif;asagi;0,77;-0,97;3;23,5;0,86;24746487;25,73;AL;NEGATIF;NOTR;NEGATIF;AZALIYOR;SAT;SAT;NOTR;1;07.10.2026
AKSUE;izle;;31,3;2,4;10,9;18,0;0;0;zayif;56,4;34,6;39,3;asagi;zayif;zayif;asagi;1,70;-5,37;2;17,8;5,14;91299938;20,79;AL;NEGATIF;SAT;NEGATIF;ARTIYOR;AL;AL;NOTR;3;07.10.2026
BURVA;izle;;31,1;10,4;16,0;4,6;0;0;zayif;32,1;49,8;54,8;yukari;zayif;zayif;asagi;0,74;-1,62;0;537;9,98;15019890;357,85;AL;NEGATIF;SAT;POZITIF;AZALIYOR;AL;AL;NOTR;4;07.10.2026
RGYAS;izle;;30,9;10,1;13,6;7,2;0;0;zayif;25,1;37,5;43,8;asagi;guclu;zayif;asagi;0,62;-1,90;1;186;-4,62;228686070;204,70;SAT;NEGATIF;SAT;NEGATIF;ARTIYOR;SAT;SAT;NOTR;0;07.10.2026
ENKAI;izle;;30,6;2,3;12,1;16,2;6;0;zayif;29,0;36,2;35,5;asagi;guclu;zayif;asagi;0,98;-2,49;3;80;-3,21;854700080;89,31;SAT;NEGATIF;SAT;NEGATIF;ARTIYOR;SAT;SAT;NOTR;0;07.10.2026
YBTAS;izle;;30,5;10,4;12,0;8,0;6;0;zayif;52,5;38,5;43,1;yukari;zayif;zayif;asagi;0,38;-4,54;3;10,8;-6,49;322596;10,27;AL;NEGATIF;SAT;NEGATIF;ARTIYOR;AL;SAT;UCUZ (AL);2;07.10.2026
SEKUR;izle;;30,5;2,4;10,0;18,0;0;0;zayif;48,0;31,8;85,1;asagi;zayif;zayif;asagi;3,11;-5,51;1;4,42;9,95;38559231;4,90;AL;NEGATIF;SAT;NEGATIF;AZALIYOR;AL;AL;NOTR;3;07.10.2026
ULUUN;izle;;30,5;2,4;14,0;14,0;6;0;zayif;39,1;41,7;59,5;asagi;zayif;zayif;asagi;2,99;-2,51;3;6,63;-0,15;179658885;6,92;AL;NEGATIF;SAT;NEGATIF;ARTIYOR;AL;AL;NOTR;3;07.10.2026
TATGD;izle;;30,2;3,4;19,1;7,8;10;0;zayif;14,6;40,3;30,8;asagi;guclu;zayif;asagi;1,17;-2,08;4;16,09;-3,25;28484932;17,62;AL;NEGATIF;NOTR;NEGATIF;ARTIYOR;AL;SAT;NOTR;2;07.10.2026
ATATP;izle;;30,2;14,2;12,0;4,0;0;0;zayif;21,1;41,8;37,8;asagi;zayif;zayif;asagi;0,61;-1,20;1;235,5;-1,67;92042585;272,25;SAT;NEGATIF;SAT;NEGATIF;AZALIYOR;AL;SAT;NOTR;1;07.10.2026
TURSG;izle;;30,1;2,4;13,7;14,0;0;0;zayif;34,6;39,4;50,2;asagi;guclu;zayif;asagi;1,57;-1,99;1;5,52;6,15;1008661138;6,04;SAT;NEGATIF;SAT;NEGATIF;ARTIYOR;AL;AL;NOTR;2;07.10.2026
SOKE;izle;;30,1;2,4;9,7;18,0;6;0;zayif;57,9;30,6;55,7;asagi;zayif;zayif;asagi;3,16;-6,47;3;7,27;4,30;118209051;7,84;AL;NEGATIF;SAT;NEGATIF;ARTIYOR;AL;AL;UCUZ (AL);3;07.10.2026
VRGYO;izle;;30,0;10,1;12,6;7,4;10;1;zayif;27,2;40,2;51,1;yukari;zayif;zayif;asagi;1,14;-3,01;1;1,3;-5,80;32052888;1,16;AL;NEGATIF;SAT;POZITIF;ARTIYOR;AL;AL;UCUZ (AL);4;07.10.2026
TTKOM;izle;;29,7;0,1;18,6;11,0;10;0;zayif;12,7;45,2;74,5;asagi;guclu;zayif;asagi;0,51;-1,11;4;52,15;-1,79;983522247;57,74;SAT;NEGATIF;NOTR;NEGATIF;AZALIYOR;SAT;SAT;NOTR;0;07.10.2026
ISBIR;izle;;29,6;10,4;15,2;4,0;0;0;zayif;32,1;39,9;31,0;yukari;zayif;zayif;asagi;0,41;-3,12;2;60,2;-1,71;494182;55,26;AL;NEGATIF;SAT;NEGATIF;AZALIYOR;AL;AL;UCUZ (AL);3;07.10.2026
DAGI;izle;;29,5;5,4;11,2;12,9;0;0;zayif;47,5;35,7;35,9;asagi;zayif;zayif;asagi;1,23;-3,20;1;5,9;5,92;43691329;6,80;AL;NEGATIF;SAT;NEGATIF;AZALIYOR;AL;AL;NOTR;3;07.10.2026
AFYON;izle;;29,5;2,4;14,9;12,2;6;0;zayif;33,3;33,9;37,4;asagi;guclu;zayif;asagi;1,15;-3,39;3;10,86;-3,21;17567288;11,80;AL;NEGATIF;SAT;NEGATIF;ARTIYOR;AL;AL;UCUZ (AL);3;07.10.2026
KSTUR;izle;;29,5;10,4;12,3;6,8;0;0;zayif;37,6;39,2;33,5;yukari;zayif;zayif;asagi;0,87;-3,33;1;1890;-5,50;1037610;1712,35;AL;NEGATIF;SAT;NEGATIF;ARTIYOR;AL;AL;UCUZ (AL);3;07.10.2026
HDFGS;izle;;29,5;10,4;11,1;8,0;0;0;zayif;48,0;35,2;59,9;yukari;zayif;zayif;asagi;0,24;-5,45;0;1,21;10,00;18096741;0,83;AL;NEGATIF;SAT;POZITIF;AZALIYOR;AL;AL;UCUZ (AL);4;07.10.2026
CRDFA;izle;;29,0;10,4;10,6;8,0;0;0;zayif;55,7;33,5;51,9;yukari;zayif;zayif;asagi;0,22;-7,10;0;11,71;9,95;4358403;7,97;AL;NEGATIF;SAT;NEGATIF;AZALIYOR;AL;AL;UCUZ (AL);3;07.10.2026
GENTS;izle;;28,9;2,4;9,9;16,5;0;0;zayif;35,5;31,5;45,7;asagi;zayif;zayif;asagi;1,21;-4,16;2;4,09;-4,66;23892942;4,65;AL;NEGATIF;SAT;NEGATIF;ARTIYOR;AL;AL;UCUZ (AL);3;07.10.2026
DMSAS;izle;;28,9;10,4;14,3;4,1;0;0;zayif;29,7;44,5;49,0;yukari;zayif;zayif;asagi;0,71;-1,89;2;6,55;-3,53;21226755;5,29;AL;NEGATIF;SAT;POZITIF;ARTIYOR;AL;AL;UCUZ (AL);4;07.10.2026
CUSAN;izle;;28,7;2,4;12,3;14,0;0;0;zayif;35,4;38,9;42,8;asagi;zayif;zayif;asagi;1,50;-2,49;2;19,48;-1,47;15497879;21,54;AL;NEGATIF;SAT;NEGATIF;AZALIYOR;AL;AL;NOTR;3;07.10.2026
ORMA;izle;;28,7;11,8;16,9;0,0;0;0;zayif;21,7;43,1;48,3;yukari;zayif;zayif;asagi;0,21;-2,73;2;135,2;-0,52;210642;126,59;AL;NEGATIF;AL;POZITIF;AZALIYOR;AL;SAT;NOTR;4;07.10.2026
VAKFA;izle;;28,6;2,4;8,2;18,0;0;0;zayif;40,9;33,0;59,6;asagi;zayif;zayif;asagi;3,54;-3,41;2;9,16;1,55;241441817;10,18;SAT;NEGATIF;SAT;NEGATIF;ARTIYOR;AL;AL;UCUZ (AL);2;07.10.2026
KRDMB;izle;;28,5;5,4;12,8;10,2;0;0;zayif;37,0;41,0;56,6;asagi;zayif;zayif;asagi;1,07;-2,72;2;74,25;-1,79;304591988;85,35;AL;NEGATIF;SAT;POZITIF;AZALIYOR;AL;AL;NOTR;4;07.10.2026
SKYLP;izle;;28,5;2,4;8,0;18,0;0;0;zayif;60,3;25,0;56,7;asagi;zayif;zayif;asagi;1,45;-8,34;0;65,15;9,96;12779759;81,95;AL;NEGATIF;SAT;NEGATIF;AZALIYOR;AL;AL;UCUZ (AL);3;07.10.2026
BRISA;izle;;28,2;1,4;20,9;6,0;0;0;zayif;22,0;44,6;56,4;asagi;guclu;zayif;asagi;0,40;-1,76;2;72;-0,14;5100552;77,10;AL;NEGATIF;SAT;NEGATIF;AZALIYOR;AL;SAT;UCUZ (AL);2;07.10.2026
BURCE;izle;;28,0;2,4;11,4;14,2;0;0;zayif;30,1;36,2;49,9;asagi;zayif;zayif;asagi;1,07;-3,37;1;25,8;-4,59;38883928;29,24;AL;NEGATIF;SAT;NEGATIF;ARTIYOR;AL;SAT;UCUZ (AL);2;07.10.2026
ANHYT;izle;;28,0;1,3;21,7;5,0;6;0;zayif;21,9;44,4;38,2;asagi;guclu;zayif;asagi;0,61;-1,10;3;100,2;0,20;68615357;107,49;AL;NEGATIF;SAT;NEGATIF;AZALIYOR;AL;AL;NOTR;3;07.10.2026
KCAER;izle;;28,0;2,4;8,1;17,4;0;0;zayif;52,8;25,3;38,6;asagi;zayif;zayif;asagi;1,27;-4,56;1;10,44;0,77;194317977;11,93;AL;NEGATIF;SAT;NEGATIF;AZALIYOR;AL;AL;NOTR;3;07.10.2026
GSDDE;izle;;27,9;3,7;14,2;10,0;6;0;zayif;12,6;41,8;44,4;asagi;guclu;zayif;asagi;1,74;-1,40;3;11,69;-0,09;74562444;13,38;SAT;NEGATIF;NOTR;NEGATIF;ARTIYOR;AL;AL;NOTR;2;07.10.2026
QNBTR;izle;;27,5;10,4;14,9;2,2;0;0;zayif;58,0;37,5;33,6;yukari;zayif;zayif;asagi;0,83;-5,36;2;160,8;-3,71;1640321;157,85;AL;NEGATIF;SAT;NEGATIF;ARTIYOR;AL;AL;UCUZ (AL);3;07.10.2026
OFSYM;izle;;27,4;5,4;13,9;8,0;10;1;zayif;35,6;40,2;50,8;asagi;guclu;zayif;asagi;0,65;-1,42;1;55,4;-4,15;29644263;65,85;SAT;NEGATIF;SAT;NEGATIF;AZALIYOR;AL;AL;UCUZ (AL);2;07.10.2026
LIDFA;izle;;27,4;1,5;17,9;8,0;0;0;zayif;22,8;40,8;73,1;asagi;guclu;zayif;asagi;0,61;-1,92;2;1,53;-2,55;16856140;1,70;AL;NEGATIF;SAT;NEGATIF;AZALIYOR;AL;SAT;NOTR;2;07.10.2026
EKSUN;izle;;27,1;2,4;10,9;13,8;6;0;zayif;30,5;34,6;50,7;asagi;zayif;zayif;asagi;1,29;-3,71;3;4,41;-5,16;16224840;5,15;AL;NEGATIF;SAT;NEGATIF;ARTIYOR;AL;SAT;UCUZ (AL);2;07.10.2026
KRONT;izle;;26,9;6,3;16,6;4,0;0;0;zayif;23,5;44,9;51,3;asagi;zayif;zayif;asagi;0,50;-1,28;2;19,86;-3,12;12260511;21,87;AL;NEGATIF;SAT;POZITIF;AZALIYOR;AL;SAT;NOTR;3;07.10.2026
SKYMD;izle;;26,6;12,0;4,6;10,0;6;0;zayif;26,4;36,7;44,4;asagi;zayif;zayif;asagi;3,11;-1,94;3;12,81;-5,11;281231714;17,32;SAT;NEGATIF;SAT;NEGATIF;AZALIYOR;SAT;SAT;NOTR;0;07.10.2026
EGPRO;izle;;26,3;6,9;15,4;4,0;0;0;zayif;25,0;42,8;41,3;asagi;guclu;zayif;asagi;0,38;-1,47;1;33,36;-1,88;12579822;37,92;SAT;NEGATIF;SAT;NEGATIF;AZALIYOR;AL;SAT;NOTR;1;07.10.2026
IZENR;izle;;26,2;2,4;10,0;13,8;0;0;zayif;52,6;31,5;30,6;asagi;zayif;zayif;asagi;1,05;-5,92;0;4,15;6,14;120242171;4,64;AL;NEGATIF;SAT;NEGATIF;AZALIYOR;AL;AL;UCUZ (AL);3;07.10.2026
FORTE;izle;;26,2;3,9;12,2;10,0;6;0;zayif;18,8;39,2;40,4;asagi;zayif;zayif;asagi;2,26;-1,96;3;93,25;-9,99;256809754;108,16;AL;NEGATIF;NOTR;NEGATIF;ARTIYOR;AL;SAT;NOTR;2;07.10.2026
ATEKS;izle;;26,1;2,1;19,8;4,2;6;0;zayif;27,3;45,7;66,4;asagi;guclu;zayif;asagi;0,95;-1,95;3;86,35;0,00;875762;93,89;AL;NEGATIF;SAT;NEGATIF;AZALIYOR;AL;AL;NOTR;3;07.10.2026
AGHOL;izle;;26,0;5,3;16,5;4,2;6;0;zayif;17,6;41,2;60,8;asagi;guclu;zayif;asagi;0,57;-1,22;3;31,74;-0,81;75342539;35,27;SAT;NEGATIF;NOTR;NEGATIF;AZALIYOR;SAT;SAT;NOTR;0;07.10.2026
YYAPI;izle;;25,8;10,4;11,4;4,0;10;0;zayif;62,6;36,2;25,4;yukari;zayif;zayif;asagi;0,47;-5,47;4;0,59;-4,84;975112;0,53;AL;NEGATIF;SAT;NEGATIF;ARTIYOR;AL;AL;UCUZ (AL);3;07.10.2026
SUNTK;izle;;25,7;2,4;9,8;13,4;6;0;zayif;39,1;30,9;25,6;asagi;zayif;zayif;asagi;1,27;-3,60;3;24,54;-3,92;16966760;30,61;AL;NEGATIF;SAT;NEGATIF;AZALIYOR;AL;AL;UCUZ (AL);3;07.10.2026
DOHOL;izle;;25,6;5,4;6,2;14,0;10;0;zayif;34,7;31,3;27,8;asagi;zayif;zayif;asagi;1,37;-3,38;4;18,23;-2,83;317052842;20,57;SAT;NEGATIF;SAT;NEGATIF;AZALIYOR;SAT;AL;NOTR;1;07.10.2026
CMENT;izle;;25,4;2,4;23,0;0,0;6;0;zayif;53,3;48,5;43,6;asagi;guclu;zayif;asagi;0,43;-1,61;3;238,9;-0,46;456538;243,04;AL;NEGATIF;SAT;POZITIF;ARTIYOR;AL;SAT;UCUZ (AL);3;07.10.2026
EMNIS;izle;;25,4;9,5;7,9;8,0;0;0;zayif;22,8;38,1;29,5;yukari;zayif;zayif;asagi;0,26;-3,64;2;126;-2,70;243432;113,97;SAT;NEGATIF;SAT;NEGATIF;AZALIYOR;AL;SAT;UCUZ (AL);1;07.10.2026
FROTO;izle;;25,3;1,9;15,6;7,7;10;0;zayif;26,2;40,4;39,1;asagi;guclu;zayif;asagi;0,67;-2,06;5;73,85;-1,01;1011461490;80,60;SAT;NEGATIF;SAT;NEGATIF;AZALIYOR;SAT;SAT;UCUZ (AL);0;07.10.2026
KUVVA;izle;;25,1;2,4;4,7;18,0;0;0;zayif;51,7;27,3;31,7;asagi;zayif;zayif;asagi;1,80;-4,56;0;83;4,73;25889277;105,68;SAT;NEGATIF;SAT;NEGATIF;AZALIYOR;AL;AL;UCUZ (AL);2;07.10.2026
GRSEL;izle;;24,9;1,2;15,7;8,0;0;0;zayif;21,1;40,7;58,9;asagi;zayif;zayif;asagi;0,46;-1,96;1;270;-1,82;50606640;296,18;AL;NEGATIF;SAT;NEGATIF;AZALIYOR;AL;AL;UCUZ (AL);3;07.10.2026
TDGYO;izle;;24,7;2,4;4,7;17,5;0;0;zayif;34,7;27,4;56,8;asagi;zayif;zayif;asagi;1,27;-5,02;1;7,49;9,99;21911418;10,30;SAT;NEGATIF;SAT;NEGATIF;AZALIYOR;AL;AL;UCUZ (AL);2;07.10.2026
KORDS;izle;;24,6;5,4;11,2;8,0;6;0;zayif;35,0;35,5;44,0;asagi;zayif;zayif;asagi;0,37;-3,20;3;2,94;-2,00;36537888;3,41;AL;NEGATIF;SAT;NEGATIF;AZALIYOR;AL;AL;NOTR;3;07.10.2026
A1CAP;izle;;24,6;2,4;8,1;14,0;0;0;zayif;58,0;25,3;60,3;asagi;zayif;zayif;asagi;1,73;-6,06;1;4,36;-1,36;77512145;5,42;AL;NEGATIF;SAT;NEGATIF;AZALIYOR;AL;AL;UCUZ (AL);3;07.10.2026
ALVES;izle;;24,5;10,4;10,1;4,0;0;0;zayif;55,3;32,0;32,9;yukari;zayif;zayif;asagi;0,63;-10,06;2;0,67;9,84;5451030;0,52;AL;NEGATIF;SAT;POZITIF;ARTIYOR;AL;AL;UCUZ (AL);4;07.10.2026
IZFAS;izle;;24,4;2,4;4,0;18,0;0;0;zayif;44,7;19,2;79,1;asagi;zayif;zayif;asagi;6,17;-8,92;0;11,58;9,97;202243530;19,20;SAT;NEGATIF;SAT;NEGATIF;AZALIYOR;AL;AL;UCUZ (AL);2;07.10.2026
LIDER;izle;;24,4;2,4;8,0;14,0;0;0;zayif;63,3;17,9;40,5;asagi;zayif;zayif;asagi;1,41;-13,79;1;8,39;1,45;203836518;12,44;AL;NEGATIF;SAT;NEGATIF;AZALIYOR;AL;AL;UCUZ (AL);3;07.10.2026
UFUK;izle;;24,4;2,4;4,0;18,0;0;0;zayif;51,3;11,6;61,4;asagi;zayif;zayif;asagi;5,07;-10,82;0;316,75;9,98;60380152;493,44;SAT;NEGATIF;SAT;NEGATIF;AZALIYOR;AL;AL;UCUZ (AL);2;07.10.2026
KLMSN;izle;;24,4;2,4;9,9;12,0;0;0;zayif;38,6;31,5;38,8;asagi;zayif;zayif;asagi;1,18;-3,87;2;21,96;-1,52;15781818;24,70;AL;NEGATIF;SAT;NEGATIF;AZALIYOR;AL;AL;UCUZ (AL);3;07.10.2026
ZRGYO;izle;;24,3;5,7;14,0;4,6;20;1;zayif;17,3;38,7;20,8;asagi;guclu;zayif;asagi;0,41;-1,10;4;18,6;-2,16;18745843;20,43;SAT;NEGATIF;NOTR;NEGATIF;ARTIYOR;SAT;SAT;UCUZ (AL);0;07.10.2026
CLEBI;izle;;24,2;2,4;11,5;10,2;10;0;zayif;31,2;35,7;40,6;asagi;guclu;zayif;asagi;0,97;-3,36;4;1320;-2,29;28484280;1439,09;SAT;NEGATIF;SAT;NEGATIF;ARTIYOR;SAT;SAT;UCUZ (AL);0;07.10.2026
ISBTR;izle;;24,2;2,4;13,7;8,0;6;0;zayif;33,9;40,3;28,5;asagi;guclu;zayif;asagi;0,25;-3,29;3;436750;2,76;436750;437401,99;SAT;NEGATIF;SAT;NEGATIF;ARTIYOR;AL;AL;NOTR;2;07.10.2026
DNISI;izle;;24,0;0,5;19,6;4,0;6;0;zayif;15,4;43,5;33,7;asagi;guclu;zayif;asagi;0,53;-1,50;3;4,1;-1,91;7293834;4,45;AL;NEGATIF;NOTR;NEGATIF;AZALIYOR;AL;AL;NOTR;3;07.10.2026
GLRYH;izle;;23,9;2,4;10,2;11,2;0;0;zayif;44,5;32,5;38,7;asagi;zayif;zayif;asagi;1,13;-4,30;2;1,9;0,53;24733149;2,18;AL;NEGATIF;SAT;NEGATIF;AZALIYOR;AL;AL;UCUZ (AL);3;07.10.2026
BLCYT;izle;;23,9;0,5;15,4;8,0;0;0;zayif;15,7;39,6;44,4;asagi;zayif;zayif;asagi;0,48;-2,30;0;1,72;-4,44;21724094;2,05;AL;NEGATIF;NOTR;POZITIF;AZALIYOR;SAT;SAT;UCUZ (AL);2;07.10.2026
EGGUB;izle;;23,8;1,3;15,7;6,7;0;0;zayif;21,8;42,8;46,2;asagi;guclu;zayif;asagi;0,55;-1,14;2;97,8;-2,69;24635722;110,49;SAT;NEGATIF;SAT;NEGATIF;AZALIYOR;SAT;AL;NOTR;1;07.10.2026
EUHOL;izle;;23,7;10,4;13,3;0,0;0;0;zayif;33,8;42,5;43,0;yukari;zayif;zayif;asagi;0,28;-2,76;1;8,1;-4,71;1012848;7,26;AL;NEGATIF;SAT;POZITIF;ARTIYOR;AL;SAT;UCUZ (AL);3;07.10.2026
KOCMT;izle;;23,6;3,6;12,0;8,0;0;0;zayif;16,5;38,5;84,9;asagi;zayif;zayif;asagi;0,52;-2,97;2;2,69;-6,27;110986914;3,54;AL;NEGATIF;NOTR;NEGATIF;AZALIYOR;AL;AL;NOTR;3;07.10.2026
AKSA;izle;;23,6;1,9;15,3;6,4;10;0;zayif;25,7;41,8;29,1;asagi;guclu;zayif;asagi;0,85;-1,96;4;10,39;0,19;117075601;11,31;SAT;NEGATIF;SAT;NEGATIF;AZALIYOR;SAT;SAT;NOTR;0;07.10.2026
TURGG;izle;;23,6;2,4;13,1;8,0;10;1;zayif;18,3;41,7;50,7;asagi;guclu;zayif;asagi;0,58;-1,57;2;24;-4,61;8338344;28,79;SAT;NEGATIF;NOTR;NEGATIF;ARTIYOR;AL;AL;NOTR;2;07.10.2026
OSMEN;izle;;23,5;2,4;11,5;9,5;0;0;zayif;41,0;36,7;30,5;asagi;zayif;zayif;asagi;1,03;-3,67;2;5,42;-2,34;14581307;5,86;AL;NEGATIF;SAT;NEGATIF;AZALIYOR;AL;AL;UCUZ (AL);3;07.10.2026
AKSEN;izle;;23,4;5,3;18,1;0,0;0;0;zayif;29,2;43,4;56,7;asagi;guclu;zayif;asagi;0,43;-1,65;1;71,75;0,42;239783693;77,56;AL;NEGATIF;SAT;POZITIF;AZALIYOR;AL;SAT;NOTR;3;07.10.2026
AVHOL;izle;;23,4;2,4;11,7;9,3;10;0;zayif;46,1;37,3;30,9;asagi;zayif;zayif;asagi;1,02;-3,24;4;27,3;2,40;39484236;29,81;AL;NEGATIF;SAT;POZITIF;ARTIYOR;AL;AL;UCUZ (AL);4;07.10.2026
GLBMD;izle;;23,4;1,4;18,1;4,0;0;0;zayif;22,0;41,4;34,8;asagi;guclu;zayif;asagi;0,60;-1,39;1;10,35;-3,99;847882;11,18;AL;NEGATIF;SAT;NEGATIF;AZALIYOR;AL;SAT;UCUZ (AL);2;07.10.2026
OBASE;izle;;23,4;2,4;11,1;9,8;0;0;zayif;42,1;35,4;38,6;asagi;zayif;zayif;asagi;0,81;-3,03;2;27,16;0,82;8419057;31,80;AL;NEGATIF;SAT;NEGATIF;ARTIYOR;AL;AL;NOTR;3;07.10.2026
TUKAS;izle;;23,4;1,3;18,1;4,0;16;1;zayif;21,7;43,8;56,9;asagi;guclu;zayif;asagi;0,54;-0,90;3;1,96;0,00;148278571;2,31;SAT;NEGATIF;SAT;NEGATIF;AZALIYOR;SAT;AL;UCUZ (AL);1;07.10.2026
BASGZ;izle;;23,1;1,5;11,1;10,5;10;0;zayif;23,3;35,7;32,9;asagi;guclu;zayif;asagi;1,57;-2,59;4;39,18;-3,02;23970050;43,21;SAT;NEGATIF;SAT;NEGATIF;ARTIYOR;SAT;SAT;NOTR;0;07.10.2026
DGATE;izle;;23,1;2,4;10,7;10,0;0;0;zayif;36,9;34,1;42,9;asagi;zayif;zayif;asagi;1,06;-3,90;0;62,95;0,72;22212411;75,08;AL;NEGATIF;SAT;POZITIF;AZALIYOR;AL;AL;NOTR;4;07.10.2026
MGROS;izle;;22,9;2,4;16,3;4,1;6;0;zayif;33,9;37,6;43,7;asagi;guclu;zayif;asagi;0,95;-3,16;3;499;-2,35;1571126450;551,49;AL;NEGATIF;SAT;NEGATIF;ARTIYOR;SAT;SAT;UCUZ (AL);1;07.10.2026
MERKO;izle;;22,9;2,4;10,5;10,0;6;0;zayif;48,5;33,2;43,0;asagi;zayif;zayif;asagi;1,39;-4,42;3;0,97;-1,02;27360227;1,08;AL;NEGATIF;SAT;NEGATIF;ARTIYOR;AL;AL;UCUZ (AL);3;07.10.2026
TSKB;izle;;22,9;2,4;12,0;8,4;16;1;zayif;36,0;35,8;31,0;asagi;guclu;zayif;asagi;0,93;-3,05;3;9,8;-1,71;208770948;10,82;SAT;NEGATIF;SAT;NEGATIF;AZALIYOR;AL;AL;UCUZ (AL);2;07.10.2026
ATSYH;izle;;22,6;5,2;13,4;4,0;10;1;zayif;28,1;43,0;24,3;asagi;zayif;zayif;asagi;0,34;-2,39;1;85;-5,50;1145885;95,55;AL;NEGATIF;SAT;POZITIF;AZALIYOR;AL;AL;NOTR;4;07.10.2026
SODSN;izle;;22,6;2,4;16,1;4,0;0;0;zayif;50,8;41,3;48,4;asagi;zayif;zayif;asagi;0,70;-3,14;0;6,3;0,80;371795;6,58;AL;NEGATIF;SAT;POZITIF;ARTIYOR;AL;AL;UCUZ (AL);4;07.10.2026
KLRHO;izle;;22,5;2,4;9,5;10,6;0;0;zayif;58,2;29,9;40,9;asagi;zayif;zayif;asagi;0,86;-8,41;0;14,98;9,99;156612485;15,51;AL;NEGATIF;SAT;NEGATIF;AZALIYOR;AL;AL;UCUZ (AL);3;07.10.2026
SRVGY;izle;;22,5;1,8;16,7;4,0;0;0;zayif;25,5;39,8;43,1;asagi;guclu;zayif;asagi;0,33;-2,67;2;2,14;-4,46;9762774;2,35;AL;NEGATIF;SAT;NEGATIF;ARTIYOR;AL;SAT;UCUZ (AL);2;07.10.2026
DGGYO;izle;;22,5;2,1;16,4;4,0;0;0;zayif;17,3;42,4;56,6;asagi;zayif;zayif;asagi;0,67;-1,78;1;28,5;-4,62;2146991;32,80;AL;NEGATIF;NOTR;POZITIF;ARTIYOR;AL;AL;NOTR;4;07.10.2026
OZKGY;izle;;22,4;1,6;19,0;1,8;0;0;zayif;24,1;38,4;40,3;asagi;guclu;zayif;asagi;0,61;-2,26;2;11,99;-1,64;21352248;12,99;AL;NEGATIF;SAT;NEGATIF;AZALIYOR;SAT;SAT;UCUZ (AL);1;07.10.2026
KLYPV;izle;;22,4;1,9;12,5;8,0;0;0;zayif;25,8;37,9;34,4;asagi;guclu;zayif;asagi;0,34;-1,72;2;53;-2,21;43470865;61,19;SAT;NEGATIF;SAT;NEGATIF;AZALIYOR;AL;AL;NOTR;2;07.10.2026
BRKSN;izle;;22,3;2,4;5,9;14,0;10;0;zayif;48,1;31,3;43,3;asagi;zayif;zayif;asagi;1,48;-3,37;4;6,09;0,50;2919205;6,70;SAT;NEGATIF;SAT;NEGATIF;AZALIYOR;AL;AL;UCUZ (AL);2;07.10.2026
ASTOR;izle;;22,2;5,4;2,8;14,0;0;0;zayif;38,0;29,1;62,5;asagi;zayif;zayif;asagi;1,61;-4,35;1;184,9;-4,98;12583931781;243,65;SAT;NEGATIF;SAT;NEGATIF;ARTIYOR;SAT;SAT;NOTR;0;07.10.2026
BLUME;izle;;22,2;1,1;13,2;8,0;0;0;zayif;19,9;42,0;52,0;asagi;guclu;zayif;asagi;0,34;-1,22;1;33,54;-5,09;21637694;40,56;SAT;NEGATIF;NOTR;NEGATIF;AZALIYOR;SAT;SAT;UCUZ (AL);0;07.10.2026
CEMTS;izle;;22,1;2,4;15,6;4,0;10;0;zayif;36,5;36,0;41,2;asagi;guclu;zayif;asagi;0,58;-2,96;4;7,65;-2,42;7690996;8,58;AL;NEGATIF;SAT;NEGATIF;ARTIYOR;AL;SAT;UCUZ (AL);2;07.10.2026
SNGYO;izle;;22,0;1,2;16,9;4,0;0;0;zayif;20,5;39,9;46,3;asagi;guclu;zayif;asagi;0,36;-2,28;1;2,77;-1,42;30617998;3,07;AL;NEGATIF;SAT;NEGATIF;AZALIYOR;AL;SAT;UCUZ (AL);2;07.10.2026
PRDGS;izle;;21,9;2,4;9,8;9,6;0;0;zayif;47,0;31,0;35,9;asagi;zayif;zayif;asagi;1,04;-4,77;0;4,24;2,91;19963641;4,91;AL;NEGATIF;SAT;POZITIF;AZALIYOR;AL;AL;UCUZ (AL);4;07.10.2026
GEDIK;izle;;21,9;1,9;16,0;4,0;0;0;zayif;25,8;41,5;63,3;asagi;zayif;zayif;asagi;0,57;-2,42;2;5,1;0,59;25646197;5,57;AL;NEGATIF;SAT;NEGATIF;AZALIYOR;AL;AL;NOTR;3;07.10.2026
TOASO;izle;;21,8;0,9;14,4;6,5;10;1;zayif;18,3;42,5;46,1;asagi;guclu;zayif;asagi;0,65;-1,38;2;262,5;-3,23;527372213;294,71;SAT;NEGATIF;NOTR;NEGATIF;ARTIYOR;SAT;AL;NOTR;1;07.10.2026
KAPLM;izle;;21,6;2,4;4,0;15,1;0;0;zayif;68,5;19,7;45,0;asagi;zayif;zayif;asagi;1,13;-8,38;0;135,7;-2,02;63903030;195,72;SAT;NEGATIF;SAT;NEGATIF;AZALIYOR;AL;AL;UCUZ (AL);2;07.10.2026
BMSTL;izle;;21,5;4,8;12,4;4,3;32;2;zayif;25,5;41,5;10,7;asagi;zayif;zayif;asagi;0,72;-1,51;5;39,26;5,14;124487650;45,76;SAT;NEGATIF;SAT;NEGATIF;ARTIYOR;SAT;AL;NOTR;1;07.10.2026
CANTE;izle;;21,4;2,4;11,0;8,0;0;0;zayif;38,1;39,1;32,9;asagi;zayif;zayif;asagi;0,41;-2,16;1;1,06;-1,85;180308791;1,23;SAT;NEGATIF;SAT;NEGATIF;AZALIYOR;AL;AL;UCUZ (AL);2;07.10.2026
ESCOM;izle;;21,3;5,3;12,0;4,0;0;0;zayif;29,2;38,2;37,9;asagi;zayif;zayif;asagi;0,69;-2,82;2;4,33;-3,56;44583806;4,88;AL;NEGATIF;SAT;NEGATIF;AZALIYOR;AL;SAT;NOTR;2;07.10.2026
MTRKS;izle;;21,3;5,4;10,8;5,0;6;0;zayif;37,1;34,4;36,2;asagi;zayif;zayif;asagi;0,76;-3,00;3;21,74;-4,23;16904959;25,27;AL;NEGATIF;SAT;NEGATIF;ARTIYOR;AL;AL;NOTR;3;07.10.2026
DERHL;izle;;21,3;2,4;8,8;10,0;10;0;zayif;30,1;27,8;39,1;asagi;zayif;zayif;asagi;1,36;-4,24;5;1,56;-2,50;31670980;1,83;AL;NEGATIF;SAT;NEGATIF;ARTIYOR;AL;AL;UCUZ (AL);3;07.10.2026
KARTN;izle;;21,2;5,4;5,7;10,0;0;0;zayif;38,7;30,8;39,8;asagi;zayif;zayif;asagi;2,12;-4,21;2;90,2;-1,20;201340561;115,66;SAT;NEGATIF;SAT;NEGATIF;AZALIYOR;AL;AL;NOTR;2;07.10.2026
BMSCH;izle;;21,2;1,2;12,0;8,0;0;0;zayif;20,7;38,2;30,2;asagi;zayif;zayif;asagi;0,25;-3,47;2;8,72;-3,75;6742304;10,29;AL;NEGATIF;SAT;NEGATIF;ARTIYOR;AL;SAT;UCUZ (AL);2;07.10.2026
BYDNR;izle;;21,2;2,4;8,7;10,0;0;0;zayif;45,4;27,3;33,6;asagi;zayif;zayif;asagi;1,40;-5,02;2;21,12;-4,95;20666680;25,93;AL;NEGATIF;SAT;NEGATIF;ARTIYOR;AL;AL;UCUZ (AL);3;07.10.2026
BUCIM;izle;;21,1;1,2;14,8;5,2;10;0;zayif;20,6;37,6;39,2;asagi;guclu;zayif;asagi;0,50;-2,31;4;4,94;-1,59;8874028;5,44;SAT;NEGATIF;SAT;NEGATIF;AZALIYOR;SAT;AL;UCUZ (AL);1;07.10.2026
KNFRT;izle;;21,1;0,7;17,1;3,3;10;0;zayif;17,5;43,2;38,5;asagi;guclu;zayif;asagi;0,90;-1,52;4;10,44;-7,94;35988841;12,40;AL;NEGATIF;NOTR;NEGATIF;ARTIYOR;AL;SAT;NOTR;2;07.10.2026
PASEU;izle;;20,9;2,4;10,4;8,0;0;0;zayif;46,4;33,2;88,2;asagi;zayif;zayif;asagi;0,03;-6,94;0;45,54;10,00;7340775;50,70;AL;NEGATIF;SAT;POZITIF;AZALIYOR;AL;AL;UCUZ (AL);4;07.10.2026
LUKSK;izle;;20,8;2,4;9,6;8,8;10;0;zayif;43,5;30,3;28,9;asagi;zayif;zayif;asagi;1,23;-4,42;4;62,6;-1,96;5620541;73,44;AL;NEGATIF;SAT;NEGATIF;ARTIYOR;AL;SAT;UCUZ (AL);2;07.10.2026
MTRYO;izle;;20,7;2,4;14,2;4,0;10;0;zayif;30,4;41,7;79,3;asagi;guclu;zayif;asagi;0,41;-1,55;4;7,88;-2,60;851631;9,34;SAT;NEGATIF;SAT;NEGATIF;AZALIYOR;AL;AL;UCUZ (AL);2;07.10.2026
AKFGY;izle;;20,5;0,0;20,5;0,0;16;1;zayif;12,2;43,4;41,7;asagi;guclu;zayif;asagi;0,69;-1,51;3;2,44;-2,79;58074535;2,72;AL;NEGATIF;NOTR;NEGATIF;AZALIYOR;SAT;SAT;NOTR;1;07.10.2026
VKFYO;izle;;20,5;1,7;12,5;6,4;0;0;zayif;16,4;39,9;50,7;asagi;zayif;zayif;asagi;0,84;-2,94;0;17,9;-3,35;2588465;20,39;AL;NEGATIF;NOTR;NEGATIF;AZALIYOR;AL;AL;UCUZ (AL);3;07.10.2026
OZGYO;izle;;20,5;2,4;11,5;6,5;6;0;zayif;34,7;36,8;24,3;asagi;zayif;zayif;asagi;0,85;-3,14;3;1,65;-3,51;15195607;1,81;AL;NEGATIF;SAT;NEGATIF;ARTIYOR;AL;AL;NOTR;3;07.10.2026
PKART;izle;;20,5;5,4;11,0;4,0;0;0;zayif;33,9;35,1;38,4;asagi;zayif;zayif;asagi;0,52;-3,18;2;87,45;-3,90;15518527;97,86;AL;NEGATIF;SAT;NEGATIF;ARTIYOR;AL;SAT;NOTR;2;07.10.2026
BORLS;izle;;20,4;2,4;8,0;10,0;10;0;zayif;57,9;20,4;19,9;asagi;zayif;zayif;asagi;1,44;-7,69;4;1,6;-1,23;62042006;2,18;AL;NEGATIF;SAT;NEGATIF;AZALIYOR;AL;AL;UCUZ (AL);3;07.10.2026
ESCAR;izle;;20,4;2,4;4,0;14,0;0;0;zayif;51,9;17,6;48,5;asagi;zayif;zayif;asagi;3,27;-8,15;2;15,4;5,48;132148493;22,02;SAT;NEGATIF;SAT;NEGATIF;AZALIYOR;AL;AL;UCUZ (AL);2;07.10.2026
EGEPO;izle;;20,4;2,4;8,0;10,0;0;0;zayif;61,4;19,1;25,0;asagi;zayif;zayif;asagi;1,67;-8,07;2;5,62;-8,47;58436316;8,07;AL;NEGATIF;SAT;NEGATIF;ARTIYOR;SAT;SAT;UCUZ (AL);1;07.10.2026
ATAKP;izle;;20,4;2,4;8,0;10,0;6;0;zayif;53,8;22,4;37,7;asagi;zayif;zayif;asagi;1,41;-5,44;3;32,1;-1,95;15744601;36,43;AL;NEGATIF;SAT;NEGATIF;ARTIYOR;AL;SAT;UCUZ (AL);2;07.10.2026
OZRDN;izle;;20,4;2,4;4,0;14,0;0;0;zayif;40,2;24,6;12,5;asagi;zayif;zayif;asagi;1,57;-5,00;2;14,3;6,08;8764913;18,48;SAT;NEGATIF;SAT;NEGATIF;AZALIYOR;AL;AL;NOTR;2;07.10.2026
ODINE;izle;;20,4;2,4;8,0;10,0;0;0;zayif;56,4;13,0;-0,0;asagi;zayif;zayif;asagi;2,34;-13,58;0;118;-9,99;2814064;266,21;AL;NEGATIF;SAT;NEGATIF;AZALIYOR;AL;AL;UCUZ (AL);3;07.10.2026
MMCAS;izle;;20,4;2,4;8,0;10,0;6;0;zayif;51,5;22,6;14,3;asagi;zayif;zayif;asagi;3,41;-10,52;3;16,13;-3,99;7956864;21,65;AL;NEGATIF;SAT;NEGATIF;AZALIYOR;AL;AL;UCUZ (AL);3;07.10.2026
BARMA;izle;;20,4;2,4;8,0;10,0;10;0;zayif;58,4;22,8;25,6;asagi;zayif;zayif;asagi;1,37;-15,64;4;5,51;0,18;4751157;7,04;AL;NEGATIF;SAT;NEGATIF;AZALIYOR;SAT;AL;UCUZ (AL);2;07.10.2026
YATAS;izle;;20,3;2,4;13,9;4,0;10;0;zayif;44,8;35,6;44,4;asagi;zayif;zayif;asagi;0,57;-4,09;4;26,44;-0,97;13093961;28,92;AL;NEGATIF;SAT;NEGATIF;AZALIYOR;AL;AL;UCUZ (AL);3;07.10.2026
YKSLN;izle;;20,3;2,1;8,3;10,0;0;0;zayif;27,2;39,2;11,0;asagi;zayif;zayif;asagi;3,50;-2,50;2;2,27;-9,20;205693396;2,90;SAT;NEGATIF;SAT;NEGATIF;ARTIYOR;AL;AL;NOTR;2;07.10.2026
KGYO;izle;;20,0;5,1;4,9;10,0;0;0;zayif;27,5;33,8;64,3;asagi;zayif;zayif;asagi;0,82;-2,83;1;8,15;-8,01;96579676;10,43;SAT;NEGATIF;SAT;NEGATIF;AZALIYOR;SAT;SAT;NOTR;0;07.10.2026
KRVGD;izle;;19,9;1,6;18,3;0,0;0;0;zayif;23,9;38,9;52,1;asagi;guclu;zayif;asagi;0,58;-2,24;1;2,08;-3,26;10541910;2,27;AL;NEGATIF;SAT;NEGATIF;ARTIYOR;AL;SAT;UCUZ (AL);2;07.10.2026
NTHOL;izle;;19,9;1,7;14,2;4,0;0;0;zayif;24,7;36,9;40,6;asagi;zayif;zayif;asagi;0,70;-2,49;2;36,6;-1,82;60068945;41,71;AL;NEGATIF;SAT;NEGATIF;AZALIYOR;AL;AL;UCUZ (AL);3;07.10.2026
BAGFS;izle;;19,9;2,4;9,4;8,0;10;1;zayif;30,3;34,8;35,1;asagi;zayif;zayif;asagi;0,37;-2,84;2;21,84;-3,28;5590363;24,86;SAT;NEGATIF;SAT;NEGATIF;ARTIYOR;AL;AL;NOTR;2;07.10.2026
ULUFA;izle;;19,9;2,4;13,4;4,0;6;0;zayif;34,4;32,4;35,8;asagi;zayif;zayif;asagi;0,36;-3,01;3;1,42;-2,74;9453110;1,59;AL;NEGATIF;SAT;NEGATIF;ARTIYOR;AL;SAT;UCUZ (AL);2;07.10.2026
BIGCH;izle;;19,8;2,4;9,4;8,0;0;0;zayif;41,2;29,6;34,4;asagi;zayif;zayif;asagi;0,52;-5,10;2;3,62;-6,46;12400321;4,26;AL;NEGATIF;SAT;NEGATIF;ARTIYOR;AL;AL;UCUZ (AL);3;07.10.2026
KZGYO;izle;;19,8;2,3;9,4;8,0;0;0;zayif;28,9;42,9;30,6;asagi;zayif;zayif;asagi;0,55;-1,93;1;16,85;-1,63;45689719;18,61;SAT;NEGATIF;SAT;POZITIF;AZALIYOR;AL;AL;UCUZ (AL);3;07.10.2026
MOBTL;izle;;19,6;5,4;12,3;1,9;0;0;zayif;38,7;39,3;56,9;asagi;zayif;zayif;asagi;0,81;-2,69;1;10,23;-0,78;30461605;11,94;AL;NEGATIF;SAT;NEGATIF;AZALIYOR;AL;AL;NOTR;3;07.10.2026
KTLEV;izle;;19,4;5,4;4,0;10,0;0;0;zayif;56,3;17,7;32,1;asagi;zayif;zayif;asagi;2,93;-9,71;2;6,62;-9,93;2565766347;13,43;SAT;NEGATIF;SAT;NEGATIF;AZALIYOR;AL;SAT;NOTR;1;07.10.2026
SELEC;izle;;19,4;5,4;4,0;10,0;0;0;zayif;56,5;16,8;-0,0;asagi;zayif;zayif;asagi;1,54;-8,45;0;70,95;-4,51;333747168;117,72;SAT;NEGATIF;SAT;NEGATIF;AZALIYOR;SAT;AL;NOTR;1;07.10.2026
PRZMA;izle;;19,4;5,4;4,0;10,0;0;0;zayif;47,8;15,7;0,0;asagi;zayif;zayif;asagi;11,71;-9,18;0;13;-9,97;78676533;24,53;SAT;NEGATIF;SAT;NEGATIF;AZALIYOR;AL;SAT;NOTR;1;07.10.2026
FMIZP;izle;;19,3;0,2;13,5;5,6;0;0;zayif;13,6;41,1;51,2;asagi;guclu;zayif;asagi;0,42;-1,72;1;261,5;-3,59;8909044;293,40;SAT;NEGATIF;NOTR;NEGATIF;AZALIYOR;SAT;SAT;UCUZ (AL);0;07.10.2026
TTRAK;izle;;19,2;2,4;12,6;4,2;0;0;zayif;30,4;36,6;31,0;asagi;guclu;zayif;asagi;0,74;-2,21;1;396;-0,81;27880380;428,61;SAT;NEGATIF;SAT;NEGATIF;AZALIYOR;SAT;SAT;UCUZ (AL);0;07.10.2026
SELVA;izle;;19,2;2,4;8,7;8,1;6;0;zayif;39,5;27,3;23,8;asagi;zayif;zayif;asagi;0,94;-5,49;3;1,14;-3,39;18117336;1,30;AL;NEGATIF;SAT;NEGATIF;AZALIYOR;AL;SAT;UCUZ (AL);2;07.10.2026
YONGA;izle;;19,2;2,4;10,1;6,6;0;0;zayif;42,5;32,1;29,9;asagi;zayif;zayif;asagi;0,86;-5,84;2;33,2;-6,43;508591;36,16;AL;NEGATIF;SAT;NEGATIF;ARTIYOR;AL;SAT;UCUZ (AL);2;07.10.2026
IZMDC;izle;;19,1;5,4;9,7;4,0;6;0;zayif;41,0;30,6;37,4;asagi;zayif;zayif;asagi;0,38;-4,70;3;6,67;0,00;25550929;8,10;AL;NEGATIF;SAT;NEGATIF;AZALIYOR;AL;AL;NOTR;3;07.10.2026
PETUN;izle;;19,1;1,3;11,8;6,0;42;3;zayif;21,3;36,2;48,9;asagi;guclu;zayif;asagi;1,06;-2,38;4;9,9;-1,88;17700170;11,35;SAT;NEGATIF;SAT;NEGATIF;AZALIYOR;SAT;AL;UCUZ (AL);1;07.10.2026
OBAMS;izle;;19,1;1,3;13,8;4,0;0;0;zayif;21,6;37,2;51,0;asagi;zayif;zayif;asagi;0,58;-3,02;0;4,3;-3,59;55898082;4,97;AL;NEGATIF;SAT;NEGATIF;ARTIYOR;SAT;SAT;UCUZ (AL);1;07.10.2026
MEGMT;izle;;18,9;2,4;12,5;4,0;0;0;zayif;40,0;39,9;52,0;asagi;zayif;zayif;asagi;0,40;-3,92;2;3,8;-3,55;90245831;4,28;AL;NEGATIF;SAT;POZITIF;AZALIYOR;AL;SAT;UCUZ (AL);3;07.10.2026
KOTON;izle;;18,8;2,4;4,0;12,4;6;0;zayif;50,2;23,3;31,5;asagi;zayif;zayif;asagi;1,20;-5,78;3;9,81;-1,21;19013369;10,94;SAT;NEGATIF;SAT;NEGATIF;ARTIYOR;AL;AL;UCUZ (AL);2;07.10.2026
A1YEN;izle;;18,6;2,4;11,1;5,1;0;0;zayif;38,3;35,3;46,7;asagi;zayif;zayif;asagi;0,76;-4,08;2;1,72;-2,27;24042191;1,97;AL;NEGATIF;SAT;NEGATIF;AZALIYOR;AL;AL;UCUZ (AL);3;07.10.2026
KARSN;izle;;18,6;1,2;9,4;8,0;0;0;zayif;20,5;38,4;45,0;asagi;zayif;zayif;asagi;0,40;-2,29;1;9,01;0,00;117868649;11,02;SAT;NEGATIF;SAT;NEGATIF;AZALIYOR;SAT;AL;NOTR;1;07.10.2026
BRMEN;izle;;18,5;2,4;12,1;4,0;0;0;zayif;52,4;38,6;21,6;asagi;zayif;zayif;asagi;0,33;-4,50;2;8,22;0,00;1449186;9,17;AL;NEGATIF;SAT;POZITIF;ARTIYOR;AL;AL;NOTR;4;07.10.2026
ULKER;izle;;18,5;1,9;14,5;2,1;0;0;zayif;25,7;41,2;43,8;asagi;guclu;zayif;asagi;0,55;-2,48;2;84,5;-1,46;207304188;92,19;SAT;NEGATIF;SAT;NEGATIF;AZALIYOR;SAT;SAT;UCUZ (AL);0;07.10.2026
GOLTS;izle;;18,5;2,4;8,1;8,0;0;0;zayif;29,6;33,4;54,4;asagi;zayif;zayif;asagi;0,49;-3,87;1;250,5;-2,72;15265971;281,06;SAT;NEGATIF;SAT;NEGATIF;ARTIYOR;AL;SAT;UCUZ (AL);1;07.10.2026
GUNDG;izle;;18,4;2,4;8,0;8,0;0;0;zayif;49,0;16,2;-0,0;asagi;zayif;zayif;asagi;0,04;-10,98;0;136,6;-9,95;234132;297,44;AL;NEGATIF;SAT;NEGATIF;AZALIYOR;AL;SAT;NOTR;2;07.10.2026
TKNSA;izle;;18,4;2,4;12,0;4,0;0;0;zayif;32,3;38,2;41,7;asagi;zayif;zayif;asagi;0,69;-2,97;2;13,69;-4,53;26808141;15,25;AL;NEGATIF;SAT;NEGATIF;ARTIYOR;AL;AL;UCUZ (AL);3;07.10.2026
KTSKR;izle;;18,2;2,4;11,8;4,0;0;0;zayif;37,8;37,7;37,2;asagi;zayif;zayif;asagi;0,53;-3,65;1;63,4;-0,78;10103044;67,79;AL;NEGATIF;SAT;POZITIF;AZALIYOR;AL;SAT;NOTR;3;07.10.2026
BNTAS;izle;;18,2;2,4;15,8;0,0;0;0;zayif;32,8;38,9;44,8;asagi;guclu;zayif;asagi;0,36;-2,46;1;5,38;-2,54;5581018;5,89;AL;NEGATIF;SAT;NEGATIF;ARTIYOR;AL;SAT;UCUZ (AL);2;07.10.2026
CEOEM;izle;;18,2;2,4;7,7;8,0;0;0;zayif;30,7;37,5;32,9;asagi;zayif;zayif;asagi;0,58;-2,23;0;20,08;0,40;51312211;25,14;SAT;NEGATIF;SAT;NEGATIF;AZALIYOR;AL;AL;NOTR;2;07.10.2026
PNSUT;izle;;18,1;2,0;16,1;0,0;28;2;zayif;17,1;42,0;39,6;asagi;guclu;zayif;asagi;0,45;-1,52;3;10,09;-2,13;12016353;11,76;SAT;NEGATIF;NOTR;NEGATIF;AZALIYOR;AL;AL;NOTR;2;07.10.2026
PARSN;izle;;18,1;2,4;11,6;4,0;6;0;zayif;37,9;30,2;28,8;asagi;zayif;zayif;asagi;0,51;-4,12;3;59,7;-0,83;6842038;65,53;AL;NEGATIF;SAT;NEGATIF;AZALIYOR;AL;AL;UCUZ (AL);3;07.10.2026
AKYHO;izle;;18,0;2,4;5,6;10,0;0;0;zayif;39,2;30,2;40,9;asagi;zayif;zayif;asagi;1,52;-3,87;2;1,54;-3,14;4291125;1,89;SAT;NEGATIF;SAT;NEGATIF;AZALIYOR;AL;AL;UCUZ (AL);2;07.10.2026
DESA;izle;;18,0;2,0;16,0;0,0;6;0;zayif;26,7;37,3;35,9;asagi;guclu;zayif;asagi;0,64;-2,34;3;8,54;-2,62;9719024;9,82;AL;NEGATIF;SAT;NEGATIF;AZALIYOR;SAT;SAT;UCUZ (AL);1;07.10.2026
PGSUS;izle;;18,0;1,8;10,8;5,4;10;0;zayif;25,0;35,9;47,4;asagi;guclu;zayif;asagi;0,77;-3,21;5;136,5;-2,64;937329393;151,33;SAT;NEGATIF;SAT;NEGATIF;AZALIYOR;SAT;SAT;UCUZ (AL);0;07.10.2026
TBORG;izle;;18,0;1,2;16,7;0,0;10;0;zayif;21,1;38,4;34,2;asagi;guclu;zayif;asagi;0,55;-2,28;4;123,9;-0,64;9023141;135,58;AL;NEGATIF;SAT;NEGATIF;AZALIYOR;AL;SAT;UCUZ (AL);2;07.10.2026
TUCLK;izle;;17,9;1,7;6,2;10,0;0;0;zayif;24,7;38,3;53,9;asagi;zayif;zayif;asagi;1,79;-1,95;2;3,29;-9,86;134444712;4,52;SAT;NEGATIF;SAT;NEGATIF;ARTIYOR;SAT;SAT;UCUZ (AL);0;07.10.2026
SNPAM;izle;;17,9;0,8;15,6;1,5;20;1;zayif;17,9;40,3;29,4;asagi;guclu;zayif;asagi;0,71;-2,46;5;18,1;-0,28;503216;19,25;SAT;NEGATIF;NOTR;NEGATIF;AZALIYOR;SAT;SAT;UCUZ (AL);0;07.10.2026
SKBNK;izle;;17,8;2,4;9,2;6,2;0;0;zayif;38,3;28,9;15,6;asagi;zayif;zayif;asagi;0,83;-7,82;2;4,92;-2,38;354790258;5,73;AL;NEGATIF;SAT;NEGATIF;AZALIYOR;AL;AL;UCUZ (AL);3;07.10.2026
VBTYZ;izle;;17,8;5,4;4,9;7,5;46;4;zayif;39,0;27,9;40,1;asagi;zayif;zayif;asagi;0,91;-3,85;3;22,8;-5,79;32676800;29,17;SAT;NEGATIF;SAT;NEGATIF;AZALIYOR;SAT;AL;NOTR;1;07.10.2026
PKENT;izle;;17,8;2,4;10,3;5,1;0;0;zayif;37,7;32,5;30,8;asagi;zayif;zayif;asagi;0,76;-4,13;1;97,7;-1,16;9638789;104,22;AL;NEGATIF;SAT;NEGATIF;AZALIYOR;AL;AL;UCUZ (AL);3;07.10.2026
BRKO;izle;;17,8;2,4;11,3;4,0;0;0;zayif;34,2;36,1;18,6;asagi;zayif;zayif;asagi;0,23;-5,08;2;6,83;-2,57;1065801;7,69;AL;NEGATIF;SAT;NEGATIF;AZALIYOR;AL;AL;NOTR;3;07.10.2026
MHRGY;izle;;17,7;2,4;11,3;4,0;32;2;zayif;30,9;35,9;28,4;asagi;zayif;zayif;asagi;0,65;-3,41;4;1,76;-3,30;6680807;2,01;AL;NEGATIF;SAT;NEGATIF;AZALIYOR;AL;SAT;UCUZ (AL);2;07.10.2026
POLHO;izle;;17,7;5,4;8,2;4,0;10;1;zayif;31,2;37,2;42,0;asagi;zayif;zayif;asagi;0,40;-2,46;2;17,85;-3,57;13599255;21,16;SAT;NEGATIF;SAT;NEGATIF;AZALIYOR;AL;AL;NOTR;2;07.10.2026
ISSEN;izle;;17,7;2,4;11,2;4,0;10;1;zayif;39,2;33,9;39,7;asagi;zayif;zayif;asagi;0,61;-3,53;2;5,54;-1,42;3034397;6,03;AL;NEGATIF;SAT;NEGATIF;AZALIYOR;AL;AL;UCUZ (AL);3;07.10.2026
ECILC;izle;;17,7;1,1;16,6;0,0;0;0;zayif;19,8;41,9;51,0;asagi;guclu;zayif;asagi;0,43;-2,17;1;61,95;-2,52;156764847;69,49;AL;NEGATIF;NOTR;NEGATIF;AZALIYOR;SAT;SAT;UCUZ (AL);1;07.10.2026
PATEK;izle;;17,5;1,6;7,9;8,0;22;2;zayif;23,8;38,1;31,2;asagi;zayif;zayif;asagi;0,35;-2,72;1;14,42;-4,12;186698711;18,80;SAT;NEGATIF;SAT;NEGATIF;AZALIYOR;AL;AL;NOTR;2;07.10.2026
OZATD;izle;;17,4;5,4;4,0;8,0;22;2;zayif;52,8;10,9;-0,0;asagi;zayif;zayif;asagi;0,00;-9,79;0;927;-10,00;261414;1546,65;SAT;NEGATIF;SAT;NEGATIF;AZALIYOR;SAT;AL;PAHALI (SAT);1;07.10.2026
TEHOL;izle;;17,4;5,4;4,0;8,0;0;0;zayif;53,1;12,3;0,0;asagi;zayif;zayif;asagi;0,00;-10,98;0;8,91;-9,91;210312;14,95;SAT;NEGATIF;SAT;NEGATIF;AZALIYOR;SAT;AL;UCUZ (AL);1;07.10.2026
ANELE;izle;;17,4;5,4;4,0;8,0;0;0;zayif;53,4;14,3;-0,0;asagi;zayif;zayif;asagi;0,08;-9,36;0;26,8;-9,95;578290;49,39;SAT;NEGATIF;SAT;NEGATIF;AZALIYOR;SAT;SAT;NOTR;0;07.10.2026
IEYHO;izle;;17,4;5,4;4,0;8,0;0;0;zayif;74,4;8,7;0,0;asagi;zayif;zayif;asagi;0,01;-12,49;0;42,84;-9,96;559833;67,74;SAT;NEGATIF;SAT;NEGATIF;AZALIYOR;SAT;AL;UCUZ (AL);1;07.10.2026
TRHOL;izle;;17,4;5,4;4,0;8,0;0;0;zayif;52,6;18,5;-0,0;asagi;zayif;zayif;asagi;0,00;-7,58;0;837;-10,00;20925;1402,33;SAT;NEGATIF;SAT;NEGATIF;AZALIYOR;SAT;SAT;NOTR;0;07.10.2026
MANAS;izle;;17,4;5,4;4,0;8,0;0;0;zayif;52,5;10,0;0,0;asagi;zayif;zayif;asagi;0,03;-10,44;0;6,24;-9,96;1309926;10,88;SAT;NEGATIF;SAT;NEGATIF;AZALIYOR;SAT;AL;NOTR;1;07.10.2026
ALKLC;izle;;17,4;5,4;4,0;8,0;10;1;zayif;65,7;10,4;-0,0;asagi;zayif;zayif;asagi;0,01;-11,49;0;96,75;-10,00;480944;157,03;SAT;NEGATIF;SAT;NEGATIF;AZALIYOR;SAT;AL;UCUZ (AL);1;07.10.2026
BIGEN;izle;;17,4;5,4;4,0;8,0;0;0;zayif;43,5;18,6;0,0;asagi;zayif;zayif;asagi;0,00;-8,03;0;29,2;-9,99;288467;52,24;SAT;NEGATIF;SAT;NEGATIF;AZALIYOR;SAT;AL;NOTR;1;07.10.2026
YEOTK;izle;;17,4;5,1;8,3;4,0;6;0;zayif;27,7;39,3;46,9;asagi;zayif;zayif;asagi;0,60;-2,42;3;27,64;-0,58;330979934;33,97;SAT;NEGATIF;SAT;NEGATIF;AZALIYOR;SAT;SAT;NOTR;0;07.10.2026
HUBVC;izle;;17,4;2,4;10,2;4,8;0;0;zayif;47,7;32,2;35,5;asagi;zayif;zayif;asagi;0,99;-3,95;2;1,6;-4,19;4460045;1,95;AL;NEGATIF;SAT;NEGATIF;ARTIYOR;AL;AL;UCUZ (AL);3;07.10.2026
ATLAS;izle;;17,3;0,9;12,4;4,0;32;2;zayif;18,8;39,5;32,5;asagi;zayif;zayif;asagi;0,46;-2,62;4;4,99;-4,22;2805353;6,03;AL;NEGATIF;NOTR;NEGATIF;AZALIYOR;AL;AL;NOTR;3;07.10.2026
SEYKM;izle;;17,3;2,4;10,8;4,0;6;0;zayif;42,5;34,4;30,0;asagi;zayif;zayif;asagi;0,59;-3,56;3;2,93;-3,93;2829316;3,30;AL;NEGATIF;SAT;NEGATIF;AZALIYOR;AL;SAT;UCUZ (AL);2;07.10.2026
EGEGY;izle;;17,3;2,4;10,8;4,0;0;0;zayif;43,9;34,4;44,6;asagi;zayif;zayif;asagi;0,39;-4,24;2;16,49;-1,26;37136882;19,57;AL;NEGATIF;SAT;POZITIF;AZALIYOR;AL;AL;UCUZ (AL);4;07.10.2026
SUMAS;izle;;17,2;2,4;8,8;6,0;0;0;zayif;44,1;27,7;36,5;asagi;zayif;zayif;asagi;0,82;-7,12;2;195,5;-2,83;446913;221,44;AL;NEGATIF;SAT;NEGATIF;AZALIYOR;AL;AL;UCUZ (AL);3;07.10.2026
SISE;izle;;17,2;1,6;15,6;0,0;16;1;zayif;23,4;40,7;54,0;asagi;guclu;zayif;asagi;0,53;-2,13;3;37,56;-1,16;1189607569;41,49;SAT;NEGATIF;SAT;NEGATIF;AZALIYOR;AL;AL;NOTR;2;07.10.2026
SKTAS;izle;;17,1;2,4;10,6;4,0;0;0;zayif;37,9;33,8;35,6;asagi;zayif;zayif;asagi;0,59;-3,49;1;2,44;-3,94;11934562;2,70;AL;NEGATIF;SAT;NEGATIF;AZALIYOR;AL;AL;UCUZ (AL);3;07.10.2026
HOROZ;izle;;17,1;2,2;10,2;4,6;0;0;zayif;28,3;32,3;48,1;asagi;zayif;zayif;asagi;0,74;-3,59;2;43,06;-2,31;32151266;51,18;AL;NEGATIF;SAT;NEGATIF;AZALIYOR;AL;AL;UCUZ (AL);3;07.10.2026
HEKTS;izle;;17,0;2,4;10,5;4,0;40;4;zayif;35,8;33,4;39,2;asagi;zayif;zayif;asagi;0,42;-3,99;2;2,13;-2,74;281857943;2,41;AL;NEGATIF;SAT;NEGATIF;AZALIYOR;AL;AL;NOTR;3;07.10.2026
KBORU;izle;;16,9;2,4;9,9;4,6;0;0;zayif;35,9;31,3;59,9;asagi;zayif;zayif;asagi;0,98;-4,79;2;11,46;-4,58;133386172;15,54;AL;NEGATIF;SAT;NEGATIF;ARTIYOR;AL;SAT;NOTR;2;07.10.2026
GARFA;izle;;16,9;2,4;10,4;4,0;40;4;zayif;35,8;36,5;43,8;asagi;zayif;zayif;asagi;0,62;-3,23;1;22,58;-2,42;11603027;25,09;SAT;NEGATIF;SAT;NEGATIF;AZALIYOR;AL;AL;UCUZ (AL);2;07.10.2026
PNLSN;izle;;16,9;2,4;10,4;4,0;6;0;zayif;37,2;33,0;30,6;asagi;zayif;zayif;asagi;0,62;-3,82;3;32,44;-4,14;9440721;36,31;AL;NEGATIF;SAT;NEGATIF;ARTIYOR;AL;SAT;NOTR;2;07.10.2026
ECZYT;izle;;16,8;2,4;10,4;4,0;0;0;zayif;38,3;33,0;65,4;asagi;zayif;zayif;asagi;0,42;-4,13;2;224;-2,31;55188672;260,96;AL;NEGATIF;SAT;NEGATIF;AZALIYOR;AL;SAT;NOTR;2;07.10.2026
ALTIN;izle;;16,8;0,2;11,6;4,9;10;0;zayif;13,8;35,4;38,7;asagi;guclu;zayif;asagi;0,75;-2,48;4;70,49;-1,29;745785962;73,69;SAT;NEGATIF;NOTR;NEGATIF;ARTIYOR;SAT;SAT;UCUZ (AL);0;07.10.2026
BAKAB;izle;;16,8;2,4;8,7;5,6;0;0;zayif;45,1;27,3;46,1;asagi;zayif;zayif;asagi;0,80;-4,74;2;30,1;-2,78;4830448;35,26;AL;NEGATIF;SAT;NEGATIF;AZALIYOR;SAT;SAT;NOTR;1;07.10.2026
KAREL;izle;;16,8;2,4;10,3;4,0;10;0;zayif;40,7;32,7;22,2;asagi;zayif;zayif;asagi;0,29;-4,52;4;6,03;-3,21;16865102;6,92;AL;NEGATIF;SAT;NEGATIF;AZALIYOR;AL;SAT;UCUZ (AL);2;07.10.2026
YESIL;izle;;16,7;2,4;10,3;4,0;0;0;zayif;40,4;32,6;32,1;asagi;zayif;zayif;asagi;0,60;-4,34;2;0,87;-3,33;9199014;0,95;AL;NEGATIF;SAT;NEGATIF;ARTIYOR;AL;AL;UCUZ (AL);3;07.10.2026
BSOKE;izle;;16,7;2,4;8,0;6,2;0;0;zayif;67,2;7,7;5,4;asagi;zayif;zayif;asagi;1,07;-11,33;2;5,25;-5,91;133316017;8,94;AL;NEGATIF;SAT;NEGATIF;AZALIYOR;AL;AL;UCUZ (AL);3;07.10.2026
PAHOL;izle;;16,6;2,4;10,2;4,0;0;0;zayif;40,5;32,2;37,3;asagi;zayif;zayif;asagi;0,43;-4,21;2;0,91;-4,21;113446330;1,03;AL;NEGATIF;SAT;NEGATIF;ARTIYOR;AL;AL;UCUZ (AL);3;07.10.2026
MSGYO;izle;;16,6;1,7;14,8;0,0;0;0;zayif;24,7;39,0;52,6;asagi;zayif;zayif;asagi;0,51;-2,40;1;4,93;-1,79;3971978;5,51;AL;NEGATIF;SAT;NEGATIF;AZALIYOR;AL;SAT;NOTR;2;07.10.2026
ISMEN;izle;;16,5;2,1;10,2;4,3;10;0;zayif;27,2;34,7;21,0;asagi;zayif;zayif;asagi;0,96;-3,40;5;29,44;-2,19;164109600;33,04;SAT;NEGATIF;SAT;NEGATIF;AZALIYOR;SAT;SAT;UCUZ (AL);0;07.10.2026
MEDTR;izle;;16,5;2,4;9,6;4,4;0;0;zayif;44,5;30,4;37,5;asagi;zayif;zayif;asagi;0,73;-4,15;2;18,77;-2,04;4184490;20,53;AL;NEGATIF;SAT;NEGATIF;ARTIYOR;AL;AL;UCUZ (AL);3;07.10.2026
OSTIM;izle;;16,5;2,2;4,7;9,6;10;0;zayif;28,3;27,3;24,4;asagi;zayif;zayif;asagi;1,27;-4,59;5;1,18;-2,48;16512171;1,40;SAT;NEGATIF;SAT;NEGATIF;AZALIYOR;AL;AL;UCUZ (AL);2;07.10.2026
RAYSG;izle;;16,5;2,4;4,0;10,0;0;0;zayif;31,5;28,9;31,2;asagi;zayif;zayif;asagi;3,21;-4,75;2;118,2;-7,44;47839913;141,98;SAT;NEGATIF;SAT;NEGATIF;ARTIYOR;AL;SAT;UCUZ (AL);1;07.10.2026
BIGTK;izle;;16,4;2,4;4,0;10,0;0;0;zayif;53,5;14,5;-0,0;asagi;zayif;zayif;asagi;4,78;-9,21;2;57,05;-9,94;285481737;111,09;SAT;NEGATIF;SAT;NEGATIF;AZALIYOR;AL;SAT;UCUZ (AL);1;07.10.2026
BULGS;izle;;16,4;2,4;4,0;10,0;0;0;zayif;64,8;19,2;36,5;asagi;zayif;zayif;asagi;2,34;-8,08;2;12,1;-7,14;208788912;16,93;SAT;NEGATIF;SAT;NEGATIF;ARTIYOR;AL;AL;UCUZ (AL);2;07.10.2026
MAGEN;izle;;16,4;2,4;4,0;10,0;0;0;zayif;50,9;9,9;-0,0;asagi;zayif;zayif;asagi;4,06;-10,78;0;7,27;-8,21;646789007;13,08;SAT;NEGATIF;SAT;NEGATIF;AZALIYOR;AL;AL;UCUZ (AL);2;07.10.2026
BIOEN;izle;;16,4;2,4;4,0;10,0;0;0;zayif;40,3;22,8;33,3;asagi;zayif;zayif;asagi;1,37;-4,84;2;9,72;-3,67;149587242;13,14;SAT;NEGATIF;SAT;NEGATIF;AZALIYOR;AL;AL;UCUZ (AL);2;07.10.2026
KUYAS;izle;;16,4;2,4;4,0;10,0;0;0;zayif;52,1;13,0;13,0;asagi;zayif;zayif;asagi;3,04;-10,16;1;15,86;-9,99;748313007;27,49;SAT;NEGATIF;SAT;NEGATIF;AZALIYOR;SAT;SAT;UCUZ (AL);0;07.10.2026
DUNYH;izle;;16,4;2,4;4,0;10,0;0;0;zayif;67,2;10,7;3,8;asagi;zayif;zayif;asagi;3,84;-10,16;2;24,76;-9,96;207858492;44,27;SAT;NEGATIF;SAT;NEGATIF;AZALIYOR;AL;AL;UCUZ (AL);2;07.10.2026
EDATA;izle;;16,4;2,4;4,0;10,0;0;0;zayif;53,7;9,1;0,0;asagi;zayif;zayif;asagi;4,49;-10,36;1;3,86;1,85;186734919;6,38;SAT;NEGATIF;SAT;NEGATIF;AZALIYOR;AL;AL;UCUZ (AL);2;07.10.2026
IHAAS;izle;;16,4;2,4;4,0;10,0;0;0;zayif;46,6;9,9;11,7;asagi;zayif;zayif;asagi;2,35;-9,28;1;15,56;-1,39;57455222;23,49;SAT;NEGATIF;SAT;NEGATIF;AZALIYOR;AL;SAT;UCUZ (AL);1;07.10.2026
BINBN;izle;;16,4;2,4;4,0;10,0;0;0;zayif;55,4;8,0;13,7;asagi;zayif;zayif;asagi;2,03;-9,06;2;45,1;-3,22;135033955;74,59;SAT;NEGATIF;SAT;NEGATIF;AZALIYOR;AL;SAT;UCUZ (AL);1;07.10.2026
AHSGY;izle;;16,4;2,4;4,0;10,0;40;4;zayif;36,8;19,6;11,1;asagi;zayif;zayif;asagi;1,35;-7,07;2;5,94;-10,00;53197018;9,64;SAT;NEGATIF;SAT;NEGATIF;AZALIYOR;AL;AL;UCUZ (AL);2;07.10.2026
DOFER;izle;;16,4;2,4;9,9;4,0;0;0;zayif;42,5;31,5;30,9;asagi;zayif;zayif;asagi;0,60;-4,40;2;21,78;-3,20;5288859;23,99;AL;NEGATIF;SAT;NEGATIF;ARTIYOR;AL;AL;UCUZ (AL);3;07.10.2026
PSDTC;izle;;16,3;2,4;5,9;8,0;0;0;zayif;36,0;31,3;66,3;asagi;zayif;zayif;asagi;0,61;-3,63;1;87,3;-5,62;22904465;119,52;SAT;NEGATIF;SAT;NEGATIF;AZALIYOR;SAT;SAT;UCUZ (AL);0;07.10.2026
PAGYO;izle;;16,3;5,4;10,9;0,0;6;0;zayif;46,4;34,7;35,4;asagi;zayif;zayif;asagi;0,59;-3,15;3;117,9;-0,08;7963791;134,40;AL;NEGATIF;SAT;NEGATIF;AZALIYOR;SAT;SAT;NOTR;1;07.10.2026
PINSU;izle;;16,3;0,9;7,5;8,0;0;0;zayif;18,4;31,9;64,3;asagi;zayif;zayif;asagi;0,32;-3,30;1;8,65;-2,37;7217551;9,78;SAT;NEGATIF;NOTR;NEGATIF;AZALIYOR;AL;SAT;UCUZ (AL);1;07.10.2026
CVKMD;izle;;16,1;5,4;6,5;4,2;6;0;zayif;41,3;33,4;33,7;asagi;zayif;zayif;asagi;0,95;-2,94;3;12,09;-2,26;364819365;14,68;SAT;NEGATIF;SAT;NEGATIF;AZALIYOR;AL;SAT;NOTR;1;07.10.2026
MERIT;izle;;15,9;2,4;9,5;4,0;10;1;zayif;33,9;30,7;24,2;asagi;guclu;zayif;asagi;0,53;-3,23;2;13,67;-1,51;10913116;15,20;SAT;NEGATIF;SAT;NEGATIF;AZALIYOR;AL;AL;UCUZ (AL);2;07.10.2026
GESAN;izle;;15,9;2,4;9,4;4,0;0;0;zayif;41,9;29,7;29,1;asagi;zayif;zayif;asagi;0,38;-4,96;2;39,9;-5,27;257637372;52,96;AL;NEGATIF;SAT;NEGATIF;AZALIYOR;SAT;SAT;NOTR;1;07.10.2026
MARMR;izle;;15,8;2,4;8,3;5,1;0;0;zayif;38,9;25,9;35,1;asagi;zayif;zayif;asagi;0,77;-4,72;2;1,43;-3,38;59189613;1,79;AL;NEGATIF;SAT;NEGATIF;AZALIYOR;AL;SAT;UCUZ (AL);2;07.10.2026
PSGYO;izle;;15,8;2,4;4,0;9,4;0;0;zayif;46,8;23,4;29,5;asagi;zayif;zayif;asagi;0,78;-6,08;1;1,68;-0,59;184782531;2,12;SAT;NEGATIF;SAT;NEGATIF;AZALIYOR;AL;AL;UCUZ (AL);2;07.10.2026
LINK;izle;;15,8;2,4;9,4;4,0;0;0;zayif;45,5;29,5;32,8;asagi;zayif;zayif;asagi;0,54;-5,01;2;3,61;-1,90;32918493;4,26;AL;NEGATIF;SAT;NEGATIF;AZALIYOR;AL;SAT;UCUZ (AL);2;07.10.2026
TRENJ;izle;;15,8;4,4;9,3;2,1;50;5;zayif;22,3;37,2;48,9;asagi;guclu;zayif;asagi;0,82;-1,88;4;90,65;-6,45;103921523;108,31;SAT;NEGATIF;SAT;NEGATIF;ARTIYOR;SAT;SAT;NOTR;0;07.10.2026
GEDZA;izle;;15,8;2,4;9,3;4,0;6;0;zayif;41,0;29,4;28,0;asagi;zayif;zayif;asagi;0,49;-4,49;3;21,94;-3,35;3237905;24,40;AL;NEGATIF;SAT;NEGATIF;AZALIYOR;AL;SAT;NOTR;2;07.10.2026
ONCSM;izle;;15,8;2,4;9,9;3,4;0;0;zayif;51,2;31,2;40,2;asagi;zayif;zayif;asagi;0,91;-6,19;2;95,3;-4,41;134861698;111,98;AL;NEGATIF;SAT;POZITIF;AZALIYOR;AL;AL;UCUZ (AL);4;07.10.2026
SMRTG;izle;;15,7;2,4;8,6;4,6;0;0;zayif;52,3;27,1;31,4;asagi;zayif;zayif;asagi;0,74;-6,27;2;4,82;-3,79;111534564;6,27;AL;NEGATIF;SAT;NEGATIF;AZALIYOR;AL;SAT;UCUZ (AL);2;07.10.2026
SDTTR;izle;;15,7;2,4;9,3;4,0;10;0;zayif;31,1;29,2;34,0;asagi;zayif;zayif;asagi;0,58;-3,84;4;15,34;-5,83;58987439;18,38;AL;NEGATIF;SAT;NEGATIF;ARTIYOR;AL;SAT;NOTR;2;07.10.2026
YAPRK;izle;;15,7;0,7;11,0;4,0;10;0;zayif;17,2;35,0;40,4;asagi;zayif;zayif;asagi;0,53;-2,88;4;8,52;-7,69;18388162;10,09;AL;NEGATIF;NOTR;NEGATIF;ARTIYOR;AL;SAT;UCUZ (AL);2;07.10.2026
CIMSA;izle;;15,7;2,1;13,5;0,0;6;0;zayif;27,7;38,7;47,8;asagi;guclu;zayif;asagi;0,55;-2,52;3;40,92;-1,54;153459248;45,08;SAT;NEGATIF;SAT;NEGATIF;AZALIYOR;SAT;SAT;NOTR;0;07.10.2026
ICUGS;izle;;15,7;2,4;4,0;9,2;10;0;zayif;56,3;20,5;27,6;asagi;zayif;zayif;asagi;1,25;-8,48;4;1,36;9,68;50479146;1,85;SAT;NEGATIF;SAT;NEGATIF;AZALIYOR;AL;AL;UCUZ (AL);2;07.10.2026
AGYO;izle;;15,6;1,4;10,2;4,0;0;0;zayif;22,3;32,1;19,6;asagi;guclu;zayif;asagi;0,42;-2,27;2;6,48;0,47;794027;7,48;SAT;NEGATIF;SAT;NEGATIF;AZALIYOR;SAT;SAT;NOTR;0;07.10.2026
ORCAY;izle;;15,6;2,4;9,1;4,0;0;0;zayif;34,1;28,7;37,7;asagi;zayif;zayif;asagi;0,54;-4,11;1;2,42;-3,97;2336810;2,82;AL;NEGATIF;SAT;NEGATIF;AZALIYOR;AL;AL;UCUZ (AL);3;07.10.2026
KOPOL;izle;;15,6;2,4;8,0;5,1;6;0;zayif;46,2;23,5;18,4;asagi;zayif;zayif;asagi;0,77;-6,44;3;3,15;-2,17;22219905;3,76;AL;NEGATIF;SAT;NEGATIF;AZALIYOR;AL;AL;UCUZ (AL);3;07.10.2026
GWIND;izle;;15,5;2,4;8,0;5,1;6;0;zayif;35,0;32,0;35,1;asagi;zayif;zayif;asagi;1,00;-4,00;3;19,73;-2,23;56092410;21,84;SAT;NEGATIF;SAT;NEGATIF;AZALIYOR;AL;SAT;UCUZ (AL);1;07.10.2026
ARTMS;izle;;15,4;1,2;4,2;10,0;10;0;zayif;20,5;31,6;36,9;asagi;zayif;zayif;asagi;1,75;-2,66;4;31,26;-5,84;38319071;39,08;SAT;NEGATIF;SAT;NEGATIF;ARTIYOR;SAT;SAT;NOTR;0;07.10.2026
TMPOL;izle;;15,4;2,4;4,0;8,9;0;0;zayif;52,2;18,5;10,4;asagi;zayif;zayif;asagi;1,24;-10,05;0;80,05;9,96;54553435;121,23;SAT;NEGATIF;SAT;NEGATIF;AZALIYOR;AL;AL;UCUZ (AL);2;07.10.2026
IHGZT;izle;;15,3;2,1;5,2;8,0;10;0;zayif;27,3;29,1;32,6;asagi;zayif;zayif;asagi;0,46;-4,02;4;0,93;-2,11;12206224;1,08;SAT;NEGATIF;SAT;NEGATIF;AZALIYOR;AL;AL;UCUZ (AL);2;07.10.2026
VKGYO;izle;;15,3;2,4;8,8;4,0;0;0;zayif;43,1;31,4;38,6;asagi;zayif;zayif;asagi;0,62;-3,98;2;1,63;-1,21;22698933;1,79;SAT;NEGATIF;SAT;NEGATIF;AZALIYOR;AL;AL;UCUZ (AL);2;07.10.2026
ATAGY;izle;;15,3;2,4;12,8;0,0;10;0;zayif;47,8;34,5;34,5;asagi;zayif;zayif;asagi;0,68;-2,69;4;8,5;-1,16;779977;9,69;AL;NEGATIF;SAT;NEGATIF;ARTIYOR;AL;AL;UCUZ (AL);3;07.10.2026
ODAS;izle;;15,2;5,4;5,8;4,0;6;0;zayif;29,8;31,1;44,7;asagi;zayif;zayif;asagi;0,55;-3,38;3;5,9;-0,67;198054646;6,84;SAT;NEGATIF;SAT;NEGATIF;AZALIYOR;SAT;SAT;NOTR;0;07.10.2026
IHEVA;izle;;15,2;2,3;13,0;0,0;0;0;zayif;28,7;35,3;35,7;asagi;zayif;zayif;asagi;0,08;-2,81;2;1,63;-1,81;215121;1,86;AL;NEGATIF;SAT;NEGATIF;AZALIYOR;AL;AL;UCUZ (AL);3;07.10.2026
RUZYE;izle;;15,1;2,4;4,6;8,1;16;1;zayif;36,7;26,8;35,3;asagi;zayif;zayif;asagi;0,95;-5,30;3;4,73;-4,06;31798097;6,24;SAT;NEGATIF;SAT;NEGATIF;AZALIYOR;AL;AL;UCUZ (AL);2;07.10.2026
KONYA;izle;;15,1;1,2;13,9;0,0;0;0;zayif;20,5;38,3;46,0;asagi;guclu;zayif;asagi;0,24;-1,79;2;3465;-1,91;16729020;4001,81;SAT;NEGATIF;SAT;NEGATIF;AZALIYOR;SAT;SAT;UCUZ (AL);0;07.10.2026
PAMEL;izle;;15,1;2,4;8,6;4,0;0;0;zayif;41,0;27,1;45,2;asagi;zayif;zayif;asagi;0,51;-5,50;1;47,26;-2,64;4951761;54,27;AL;NEGATIF;SAT;NEGATIF;AZALIYOR;AL;SAT;UCUZ (AL);2;07.10.2026
KZBGY;izle;;15,0;2,4;8,6;4,0;10;0;zayif;44,9;26,9;44,3;asagi;zayif;zayif;asagi;0,43;-5,79;4;1,37;-3,52;20541376;1,60;AL;NEGATIF;SAT;NEGATIF;AZALIYOR;AL;SAT;UCUZ (AL);2;07.10.2026
ADEL;izle;;15,0;2,4;6,2;6,3;0;0;zayif;31,0;32,2;31,4;asagi;zayif;zayif;asagi;0,84;-3,26;2;24,78;0,41;36635818;28,51;SAT;NEGATIF;SAT;NEGATIF;ARTIYOR;AL;AL;UCUZ (AL);2;07.10.2026
ICBCT;izle;;14,9;5,4;4,6;4,9;0;0;zayif;32,0;26,8;23,6;asagi;zayif;zayif;asagi;1,00;-4,30;2;15,05;-2,27;16483181;17,22;SAT;NEGATIF;SAT;NEGATIF;ARTIYOR;AL;SAT;NOTR;1;07.10.2026
LYDHO;izle;;14,9;2,4;8,0;4,4;0;0;zayif;69,4;25,0;28,8;asagi;zayif;zayif;asagi;0,97;-9,57;0;51,9;9,96;48345784;58,66;AL;NEGATIF;SAT;NEGATIF;AZALIYOR;AL;AL;UCUZ (AL);3;07.10.2026
TARKM;izle;;14,8;5,4;5,4;4,0;0;0;zayif;31,8;29,5;33,6;asagi;zayif;zayif;asagi;0,48;-3,62;2;359,75;-3,62;24091019;442,89;SAT;NEGATIF;SAT;NEGATIF;AZALIYOR;AL;AL;NOTR;2;07.10.2026
TSGYO;izle;;14,7;2,4;8,3;4,0;10;0;zayif;32,8;34,2;24,7;asagi;zayif;zayif;asagi;0,32;-3,91;4;4,8;-1,44;1860365;5,32;SAT;NEGATIF;SAT;NEGATIF;AZALIYOR;AL;SAT;UCUZ (AL);1;07.10.2026
ANSGR;izle;;14,7;2,4;10,5;1,8;0;0;zayif;30,6;34,1;38,5;asagi;guclu;zayif;asagi;0,80;-3,16;2;23,82;-0,75;65417533;26,11;SAT;NEGATIF;SAT;NEGATIF;AZALIYOR;AL;AL;NOTR;2;07.10.2026
BANVT;izle;;14,6;1,0;13,6;0,0;0;0;zayif;19,4;34,1;56,1;asagi;zayif;zayif;asagi;0,42;-3,16;2;130,2;-1,81;5950270;144,68;AL;NEGATIF;NOTR;NEGATIF;AZALIYOR;AL;SAT;UCUZ (AL);2;07.10.2026
YUNSA;izle;;14,5;2,4;9,8;2,2;6;0;zayif;42,2;31,1;42,9;asagi;zayif;zayif;asagi;0,83;-4,73;3;6,16;-4,05;21429143;7,10;AL;NEGATIF;SAT;NEGATIF;ARTIYOR;AL;SAT;UCUZ (AL);2;07.10.2026
TRALT;izle;;14,5;5,2;2,9;6,4;10;0;zayif;28,4;31,1;36,8;asagi;zayif;zayif;asagi;1,08;-3,15;5;41,34;-4,57;4425703928;48,69;SAT;NEGATIF;SAT;NEGATIF;ARTIYOR;SAT;SAT;NOTR;0;07.10.2026
ENSRI;izle;;14,4;2,4;8,0;4,0;6;0;zayif;38,6;22,5;32,8;asagi;zayif;zayif;asagi;0,61;-8,54;3;2,87;-3,04;19107450;3,50;AL;NEGATIF;SAT;NEGATIF;AZALIYOR;AL;AL;UCUZ (AL);3;07.10.2026
GZNMI;izle;;14,4;2,4;8,0;4,0;10;0;zayif;47,2;19,2;31,1;asagi;zayif;zayif;asagi;0,44;-6,17;4;28,6;-6,23;14843057;37,79;AL;NEGATIF;SAT;NEGATIF;AZALIYOR;AL;AL;UCUZ (AL);3;07.10.2026
DCTTR;izle;;14,4;2,4;8,0;4,0;0;0;zayif;51,7;21,4;16,2;asagi;zayif;zayif;asagi;0,32;-8,52;2;3,36;-4,00;11198440;4,28;AL;NEGATIF;SAT;NEGATIF;AZALIYOR;AL;AL;UCUZ (AL);3;07.10.2026
VSNMD;izle;;14,4;2,4;8,0;4,0;0;0;zayif;46,8;19,1;12,6;asagi;zayif;zayif;asagi;0,40;-7,05;2;27,06;-2,59;10134511;32,45;AL;NEGATIF;SAT;NEGATIF;AZALIYOR;AL;SAT;UCUZ (AL);2;07.10.2026
TERA;izle;;14,4;2,4;4,0;8,0;10;1;zayif;50,2;12,1;-0,0;asagi;zayif;zayif;asagi;0,00;-11,28;0;46,32;-9,97;433740;73,58;SAT;NEGATIF;SAT;NEGATIF;AZALIYOR;SAT;SAT;UCUZ (AL);0;07.10.2026
DSTKF;izle;;14,4;2,4;4,0;8,0;22;2;zayif;44,2;16,3;-0,0;asagi;zayif;zayif;asagi;0,00;-9,71;0;506,5;-9,96;211717;863,55;SAT;NEGATIF;SAT;NEGATIF;AZALIYOR;SAT;AL;NOTR;1;07.10.2026
PEKGY;izle;;14,4;2,4;4,0;8,0;0;0;zayif;47,4;10,7;-0,0;asagi;zayif;zayif;asagi;0,02;-12,27;0;2,19;-9,88;1923103;3,82;SAT;NEGATIF;SAT;NEGATIF;AZALIYOR;AL;AL;UCUZ (AL);2;07.10.2026
GIPTA;izle;;14,4;2,4;4,0;8,0;0;0;zayif;41,9;21,0;24,7;asagi;zayif;zayif;asagi;0,94;-6,80;1;27,26;-2,71;94116458;39,23;SAT;NEGATIF;SAT;NEGATIF;AZALIYOR;AL;AL;UCUZ (AL);2;07.10.2026
ASUZU;izle;;14,4;1,5;8,9;4,0;0;0;zayif;23,0;33,2;65,6;asagi;guclu;zayif;asagi;0,25;-3,63;2;41,78;-2,20;3309644;46,88;SAT;NEGATIF;SAT;NEGATIF;ARTIYOR;AL;SAT;UCUZ (AL);1;07.10.2026
BORSK;izle;;14,4;2,4;12,0;0,0;10;0;zayif;36,9;36,6;41,0;asagi;guclu;zayif;asagi;0,48;-2,10;4;5,39;-1,28;16862162;6,16;SAT;NEGATIF;SAT;NEGATIF;AZALIYOR;SAT;AL;NOTR;1;07.10.2026
SMART;izle;;14,4;1,9;8,5;4,0;0;0;zayif;26,3;26,5;41,2;asagi;zayif;zayif;asagi;0,63;-5,15;1;15,79;-1,93;7028129;18,27;AL;NEGATIF;SAT;NEGATIF;AZALIYOR;AL;AL;NOTR;3;07.10.2026
VAKKO;izle;;14,3;0,0;10,3;4,0;0;0;zayif;10,2;36,2;49,5;asagi;guclu;zayif;asagi;0,70;-1,99;2;58,6;-2,33;5588506;69,48;SAT;NEGATIF;NOTR;NEGATIF;AZALIYOR;AL;SAT;NOTR;1;07.10.2026
MNDRS;izle;;14,3;2,2;8,1;4,0;10;0;zayif;27,9;33,6;34,2;asagi;zayif;zayif;asagi;0,54;-3,36;5;9,14;-2,04;12306270;10,15;SAT;NEGATIF;SAT;NEGATIF;ARTIYOR;AL;AL;UCUZ (AL);2;07.10.2026
ARMGD;izle;;14,3;5,4;8,8;0,0;0;0;zayif;33,7;41,1;42,9;asagi;zayif;zayif;asagi;0,49;-2,42;1;128,7;1,10;143491877;155,09;SAT;NEGATIF;SAT;POZITIF;AZALIYOR;AL;AL;NOTR;3;07.10.2026
EUPWR;izle;;14,2;5,4;4,7;4,0;6;0;zayif;42,0;31,6;57,9;asagi;zayif;zayif;asagi;0,67;-3,93;3;48,64;-5,19;694917345;66,54;SAT;NEGATIF;SAT;NEGATIF;AZALIYOR;SAT;SAT;NOTR;0;07.10.2026
ARCLK;izle;;14,2;1,9;8,3;4,0;6;0;zayif;25,7;30,0;18,3;asagi;zayif;zayif;asagi;0,60;-4,26;3;80,1;-0,87;77121562;87,33;SAT;NEGATIF;SAT;NEGATIF;AZALIYOR;AL;AL;UCUZ (AL);2;07.10.2026
SURGY;izle;;14,0;2,4;8,0;3,6;10;0;zayif;45,6;14,0;25,2;asagi;zayif;zayif;asagi;0,91;-10,37;4;18,56;-7,06;33599298;23,30;AL;NEGATIF;SAT;NEGATIF;ARTIYOR;AL;SAT;UCUZ (AL);2;07.10.2026
TNZTP;izle;;13,9;4,1;5,8;4,0;40;4;zayif;20,3;36,2;39,9;asagi;zayif;zayif;asagi;0,34;-2,02;2;24,42;-2,32;24186472;29,50;SAT;NEGATIF;SAT;NEGATIF;AZALIYOR;SAT;SAT;NOTR;0;07.10.2026
KRDMA;izle;;13,9;6,5;7,4;0,0;0;0;zayif;24,8;36,4;33,9;asagi;zayif;zayif;asagi;0,63;-2,10;2;39,3;-3,20;199917410;48,19;SAT;NEGATIF;SAT;NEGATIF;AZALIYOR;AL;AL;NOTR;2;07.10.2026
MAKTK;izle;;13,9;2,4;8,3;3,2;10;0;zayif;43,3;25,9;25,5;asagi;zayif;zayif;asagi;0,89;-5,30;4;6,52;-1,95;12513503;7,77;AL;NEGATIF;SAT;NEGATIF;AZALIYOR;AL;AL;UCUZ (AL);3;07.10.2026
REEDR;izle;;13,7;2,4;4,0;7,3;6;0;zayif;41,2;19,7;14,1;asagi;zayif;zayif;asagi;1,14;-6,13;3;3,29;-5,73;122185195;4,20;SAT;NEGATIF;SAT;NEGATIF;AZALIYOR;AL;AL;UCUZ (AL);2;07.10.2026
GUBRF;izle;;13,7;5,4;8,2;0,0;22;2;zayif;33,7;35,9;52,1;asagi;zayif;zayif;asagi;0,56;-2,46;2;396,75;-3,41;682385005;463,15;SAT;NEGATIF;SAT;NEGATIF;AZALIYOR;SAT;SAT;NOTR;0;07.10.2026
BTCIM;izle;;13,7;2,4;8,0;3,2;0;0;zayif;70,2;19,1;27,5;asagi;zayif;zayif;asagi;0,89;-7,49;2;1,86;-4,12;397166070;2,56;AL;NEGATIF;SAT;NEGATIF;AZALIYOR;AL;AL;UCUZ (AL);3;07.10.2026
SERNT;izle;;13,6;2,4;4,0;7,2;6;0;zayif;48,1;21,9;28,7;asagi;zayif;zayif;asagi;0,89;-5,79;3;5,08;1,40;17123151;5,99;SAT;NEGATIF;SAT;NEGATIF;AZALIYOR;AL;AL;UCUZ (AL);2;07.10.2026
DGNMO;izle;;13,6;2,4;4,0;7,1;6;0;zayif;64,2;14,2;16,0;asagi;zayif;zayif;asagi;1,13;-6,41;3;3,56;-3,26;12102704;4,81;SAT;NEGATIF;SAT;NEGATIF;AZALIYOR;AL;SAT;NOTR;1;07.10.2026
ALTNY;izle;;13,5;2,4;7,1;4,0;0;0;zayif;30,2;35,3;37,5;asagi;zayif;zayif;asagi;0,41;-3,27;1;12,61;-3,30;117183204;14,55;SAT;NEGATIF;SAT;NEGATIF;AZALIYOR;AL;AL;UCUZ (AL);2;07.10.2026
CGCAM;izle;;13,5;2,4;8,0;3,1;6;0;zayif;54,3;23,7;37,8;asagi;zayif;zayif;asagi;0,88;-6,74;3;19,31;-5,90;40395979;24,42;AL;NEGATIF;SAT;NEGATIF;AZALIYOR;AL;SAT;UCUZ (AL);2;07.10.2026
KRSTL;izle;;13,5;2,4;9,9;1,1;6;0;zayif;47,8;31,4;43,1;asagi;zayif;zayif;asagi;0,76;-4,12;3;7,49;-1,58;23327043;8,46;AL;NEGATIF;SAT;NEGATIF;AZALIYOR;SAT;SAT;UCUZ (AL);1;07.10.2026
AKGRT;izle;;13,4;2,4;11,0;0,0;6;0;zayif;48,3;29,8;29,1;asagi;zayif;zayif;asagi;0,52;-5,18;3;5,15;-0,39;28932983;5,57;AL;NEGATIF;SAT;NEGATIF;AZALIYOR;AL;SAT;UCUZ (AL);2;07.10.2026
IZINV;izle;;13,2;2,4;8,0;2,8;10;0;zayif;39,2;19,7;14,5;asagi;zayif;zayif;asagi;0,87;-6,56;5;29,56;-4,77;6897176;37,53;AL;NEGATIF;SAT;NEGATIF;ARTIYOR;AL;AL;UCUZ (AL);3;07.10.2026
KFEIN;izle;;13,2;2,4;10,7;0,0;10;0;zayif;33,5;34,1;37,0;asagi;zayif;zayif;asagi;0,58;-3,85;4;6,1;-2,87;11299732;6,92;AL;NEGATIF;SAT;NEGATIF;AZALIYOR;AL;AL;UCUZ (AL);3;07.10.2026
KLKIM;izle;;13,2;2,4;6,7;4,0;10;0;zayif;30,5;30,0;40,9;asagi;zayif;zayif;asagi;0,55;-3,71;4;22;-2,65;15778092;24,90;SAT;NEGATIF;SAT;NEGATIF;AZALIYOR;AL;SAT;UCUZ (AL);1;07.10.2026
TATEN;izle;;13,2;2,4;8,2;2,6;6;0;zayif;42,4;25,5;57,1;asagi;zayif;zayif;asagi;0,85;-6,44;3;4,6;-3,56;72379307;5,77;AL;NEGATIF;SAT;NEGATIF;ARTIYOR;AL;SAT;UCUZ (AL);2;07.10.2026
BFREN;izle;;13,1;2,4;6,7;4,0;0;0;zayif;29,4;33,0;40,7;asagi;zayif;zayif;asagi;0,40;-3,74;2;105,7;-2,22;7711132;114,99;SAT;NEGATIF;SAT;NEGATIF;AZALIYOR;AL;SAT;UCUZ (AL);1;07.10.2026
INTEK;izle;;13,1;2,4;10,6;0,0;6;0;zayif;35,0;33,7;34,9;asagi;zayif;zayif;asagi;0,41;-5,58;3;169,8;-3,96;507362;193,34;AL;NEGATIF;SAT;NEGATIF;AZALIYOR;AL;SAT;UCUZ (AL);2;07.10.2026
KENT;izle;;13,0;2,4;10,6;0,0;0;0;zayif;41,1;33,6;22,7;asagi;zayif;zayif;asagi;0,64;-4,70;2;280;-3,45;764960;304,04;AL;NEGATIF;SAT;NEGATIF;ARTIYOR;AL;SAT;UCUZ (AL);2;07.10.2026
ULAS;izle;;12,9;2,4;6,5;4,0;6;0;zayif;34,9;33,3;32,2;asagi;zayif;zayif;asagi;0,56;-3,83;3;15,01;-5,72;1676032;17,13;SAT;NEGATIF;SAT;NEGATIF;AZALIYOR;AL;AL;UCUZ (AL);2;07.10.2026
CEMAS;izle;;12,9;2,4;6,4;4,0;10;0;zayif;30,2;33,1;36,2;asagi;zayif;zayif;asagi;0,46;-3,60;4;3,1;-2,52;13468409;3,72;SAT;NEGATIF;SAT;NEGATIF;AZALIYOR;AL;AL;NOTR;2;07.10.2026
SAYAS;izle;;12,9;5,4;3,4;4,0;0;0;zayif;32,9;29,2;35,5;asagi;zayif;zayif;asagi;0,62;-3,85;2;39,12;-4,26;32610119;47,17;SAT;NEGATIF;SAT;NEGATIF;AZALIYOR;SAT;SAT;NOTR;0;07.10.2026
GOODY;izle;;12,9;2,4;6,4;4,0;0;0;zayif;32,1;30,5;16,0;asagi;zayif;zayif;asagi;0,46;-3,74;2;2,15;-1,38;8948698;2,38;SAT;NEGATIF;SAT;NEGATIF;AZALIYOR;AL;AL;UCUZ (AL);2;07.10.2026
SUWEN;izle;;12,8;2,4;6,3;4,0;10;1;zayif;31,9;32,8;21,0;asagi;zayif;zayif;asagi;0,41;-2,83;1;4,97;-3,50;7947283;6,13;SAT;NEGATIF;SAT;NEGATIF;AZALIYOR;AL;AL;UCUZ (AL);2;07.10.2026
EGEEN;izle;;12,8;0,5;12,2;0,0;0;0;zayif;16,0;41,4;51,8;asagi;guclu;zayif;asagi;0,39;-1,54;2;4855;-2,17;84040050;5895,84;SAT;NEGATIF;NOTR;NEGATIF;AZALIYOR;SAT;SAT;UCUZ (AL);0;07.10.2026
AKMGY;izle;;12,7;0,8;3,9;8,0;0;0;zayif;18,2;29,3;76,0;asagi;zayif;zayif;asagi;0,46;-3,38;2;207;-2,54;7113348;235,87;SAT;NEGATIF;NOTR;NEGATIF;AZALIYOR;SAT;SAT;NOTR;0;07.10.2026
ARASE;izle;;12,7;5,4;7,3;0,0;40;4;zayif;33,8;32,4;23,2;asagi;zayif;zayif;asagi;0,44;-2,67;2;95,95;-1,29;12064369;111,41;SAT;NEGATIF;SAT;NEGATIF;AZALIYOR;AL;SAT;NOTR;1;07.10.2026
DESPC;izle;;12,7;2,4;6,3;4,0;6;0;zayif;36,6;32,5;44,4;asagi;zayif;zayif;asagi;0,38;-3,56;3;29,8;-3,43;3820509;35,40;SAT;NEGATIF;SAT;NEGATIF;AZALIYOR;AL;AL;UCUZ (AL);2;07.10.2026
IHLAS;izle;;12,6;1,5;7,1;4,0;28;2;zayif;23,2;35,0;25,7;asagi;zayif;zayif;asagi;0,40;-3,46;3;0,86;-3,37;47143229;1,01;SAT;NEGATIF;SAT;NEGATIF;ARTIYOR;SAT;AL;UCUZ (AL);1;07.10.2026
SEGYO;izle;;12,5;2,4;10,1;0,0;0;0;zayif;39,7;31,8;59,2;asagi;zayif;zayif;asagi;0,49;-4,57;2;2,74;-3,52;5730332;3,22;AL;NEGATIF;SAT;NEGATIF;AZALIYOR;AL;SAT;UCUZ (AL);2;07.10.2026
DURKN;izle;;12,5;2,4;4,0;6,0;0;0;zayif;57,6;18,0;20,9;asagi;zayif;zayif;asagi;0,82;-6,84;1;10,11;-3,62;20971820;12,92;SAT;NEGATIF;SAT;NEGATIF;AZALIYOR;AL;AL;UCUZ (AL);2;07.10.2026
ALFAS;izle;;12,5;2,4;6,0;4,0;6;0;zayif;37,1;31,7;30,7;asagi;zayif;zayif;asagi;0,50;-3,72;3;29,16;-2,80;28579104;34,48;SAT;NEGATIF;SAT;NEGATIF;AZALIYOR;AL;SAT;UCUZ (AL);1;07.10.2026
DITAS;izle;;12,4;2,4;8,0;1,9;0;0;zayif;48,6;25,1;52,9;asagi;zayif;zayif;asagi;0,82;-7,05;2;8,3;-7,78;30245449;12,53;AL;NEGATIF;SAT;NEGATIF;AZALIYOR;AL;AL;UCUZ (AL);3;07.10.2026
MOGAN;izle;;12,3;2,4;9,8;0,0;0;0;zayif;36,3;31,1;65,2;asagi;zayif;zayif;asagi;0,37;-4,51;2;9,05;-3,93;65007860;11,88;AL;NEGATIF;SAT;POZITIF;AZALIYOR;AL;SAT;NOTR;3;07.10.2026
DOFRB;izle;;12,2;2,4;9,0;0,8;6;0;zayif;39,6;28,3;33,1;asagi;zayif;zayif;asagi;0,75;-5,68;3;71,3;-4,68;173602310;91,77;AL;NEGATIF;SAT;NEGATIF;ARTIYOR;AL;SAT;NOTR;2;07.10.2026
FENER;izle;;12,2;2,4;9,8;0,0;0;0;zayif;33,2;30,9;33,4;asagi;zayif;zayif;asagi;0,56;-4,11;2;2,37;-1,66;118510547;2,62;AL;NEGATIF;SAT;NEGATIF;AZALIYOR;AL;SAT;UCUZ (AL);2;07.10.2026
SMRVA;izle;;12,2;2,4;8,0;1,7;10;0;zayif;41,0;22,6;14,0;asagi;zayif;zayif;asagi;0,80;-6,65;4;6,41;-6,29;32679847;8,10;AL;NEGATIF;SAT;NEGATIF;ARTIYOR;AL;SAT;UCUZ (AL);2;07.10.2026
IDGYO;izle;;12,2;2,4;9,7;0,0;0;0;zayif;43,7;30,8;48,4;asagi;zayif;zayif;asagi;0,41;-4,63;2;2,08;-2,35;1190295;2,58;AL;NEGATIF;SAT;NEGATIF;AZALIYOR;AL;SAT;UCUZ (AL);2;07.10.2026
MZHLD;izle;;12,1;2,4;5,7;4,0;28;2;zayif;29,6;30,8;13,3;asagi;zayif;zayif;asagi;0,20;-3,08;3;4,2;-0,94;611990;5,02;SAT;NEGATIF;SAT;NEGATIF;AZALIYOR;AL;AL;UCUZ (AL);2;07.10.2026
BJKAS;izle;;12,1;4,7;7,4;0,0;6;0;zayif;24,2;36,5;52,8;asagi;zayif;zayif;asagi;0,40;-2,62;3;1,54;-1,91;170793877;1,96;SAT;NEGATIF;SAT;NEGATIF;AZALIYOR;SAT;SAT;NOTR;0;07.10.2026
SASA;izle;;12,1;2,0;6,0;4,0;0;0;zayif;27,0;31,8;24,1;asagi;zayif;zayif;asagi;0,35;-3,25;2;1,85;-2,63;2672819363;2,27;SAT;NEGATIF;SAT;NEGATIF;AZALIYOR;SAT;AL;NOTR;1;07.10.2026
ALCTL;izle;;12,1;2,4;8,0;1,6;10;0;zayif;63,8;21,7;34,3;asagi;zayif;zayif;asagi;0,80;-6,22;5;79,95;-4,54;21447307;96,99;AL;NEGATIF;SAT;NEGATIF;ARTIYOR;AL;SAT;UCUZ (AL);2;07.10.2026
FADE;izle;;12,1;2,4;9,6;0,0;6;0;zayif;40,7;30,4;43,1;asagi;zayif;zayif;asagi;0,54;-4,53;3;11,4;-3,80;8272820;13,03;AL;NEGATIF;SAT;NEGATIF;ARTIYOR;AL;AL;NOTR;3;07.10.2026
KONTR;izle;;12,0;2,4;9,6;0,0;0;0;zayif;48,8;30,3;23,4;asagi;zayif;zayif;asagi;0,53;-8,39;1;2,07;-5,48;5818693;2,49;AL;NEGATIF;SAT;NEGATIF;AZALIYOR;AL;AL;UCUZ (AL);3;07.10.2026
ERCB;izle;;12,0;2,4;4,1;5,4;6;0;zayif;33,8;29,7;46,7;asagi;zayif;zayif;asagi;1,03;-4,60;3;34,1;-3,40;22879259;40,40;SAT;NEGATIF;SAT;NEGATIF;ARTIYOR;AL;SAT;UCUZ (AL);1;07.10.2026
EFOR;izle;;12,0;1,8;7,6;2,6;6;0;zayif;25,3;37,0;47,3;asagi;zayif;zayif;asagi;0,85;-2,36;3;14;-1,41;887667718;17,45;SAT;NEGATIF;SAT;NEGATIF;AZALIYOR;AL;AL;UCUZ (AL);2;07.10.2026
SAMAT;izle;;12,0;2,4;5,5;4,0;0;0;zayif;44,5;30,1;45,3;asagi;zayif;zayif;asagi;0,33;-3,70;2;3,82;-2,80;1105561;4,66;SAT;NEGATIF;SAT;NEGATIF;AZALIYOR;AL;AL;UCUZ (AL);2;07.10.2026
ARZUM;izle;;11,9;2,4;9,2;0,3;6;0;zayif;35,5;29,0;31,8;asagi;zayif;zayif;asagi;0,72;-4,99;3;1,15;-2,54;7914130;1,34;AL;NEGATIF;SAT;NEGATIF;ARTIYOR;AL;SAT;UCUZ (AL);2;07.10.2026
BEYAZ;izle;;11,9;1,9;6,0;4,0;0;0;zayif;25,9;31,5;44,1;asagi;zayif;zayif;asagi;0,57;-4,15;2;16,71;-3,63;10118640;19,46;SAT;NEGATIF;SAT;NEGATIF;ARTIYOR;AL;AL;UCUZ (AL);2;07.10.2026
AVOD;izle;;11,8;2,4;4,2;5,2;6;0;zayif;34,2;25,6;29,0;asagi;zayif;zayif;asagi;1,01;-4,31;3;2,83;-3,08;18382998;3,43;SAT;NEGATIF;SAT;NEGATIF;AZALIYOR;SAT;SAT;UCUZ (AL);0;07.10.2026
BRKVY;izle;;11,8;2,4;5,3;4,0;6;0;zayif;38,2;29,5;28,9;asagi;zayif;zayif;asagi;0,47;-4,65;3;50,35;-6,41;9154788;61,31;SAT;NEGATIF;SAT;NEGATIF;ARTIYOR;AL;AL;UCUZ (AL);2;07.10.2026
BESLR;izle;;11,8;2,4;8,2;1,1;0;0;zayif;31,7;31,5;42,8;asagi;zayif;zayif;asagi;0,77;-3,82;2;10,77;-1,28;17057849;11,98;SAT;NEGATIF;SAT;NEGATIF;AZALIYOR;AL;SAT;UCUZ (AL);1;07.10.2026
KATMR;izle;;11,8;2,4;9,3;0,0;0;0;zayif;48,2;29,4;48,6;asagi;zayif;zayif;asagi;0,65;-5,35;2;1,49;-2,61;70910346;1,69;AL;NEGATIF;SAT;NEGATIF;AZALIYOR;AL;SAT;UCUZ (AL);2;07.10.2026
INTEM;izle;;11,7;2,4;5,2;4,0;0;0;zayif;36,8;29,1;36,7;asagi;zayif;zayif;asagi;0,42;-3,92;1;194,4;-1,87;3410748;222,94;SAT;NEGATIF;SAT;NEGATIF;AZALIYOR;AL;SAT;UCUZ (AL);1;07.10.2026
ALGYO;izle;;11,7;2,4;5,2;4,0;6;0;zayif;39,3;31,9;46,3;asagi;zayif;zayif;asagi;0,66;-4,13;3;2,89;-3,99;41237601;3,37;SAT;NEGATIF;SAT;NEGATIF;ARTIYOR;AL;AL;UCUZ (AL);2;07.10.2026
ULUSE;izle;;11,7;2,4;9,2;0,0;6;0;zayif;46,4;29,0;41,6;asagi;zayif;zayif;asagi;0,65;-4,97;3;148,9;-3,25;23249544;176,54;AL;NEGATIF;SAT;NEGATIF;AZALIYOR;AL;AL;NOTR;3;07.10.2026
YAYLA;izle;;11,6;2,4;5,2;4,0;6;0;zayif;38,7;28,9;31,9;asagi;zayif;zayif;asagi;0,41;-4,89;3;13,64;-4,01;5029054;16,88;SAT;NEGATIF;SAT;NEGATIF;AZALIYOR;AL;AL;UCUZ (AL);2;07.10.2026
ACSEL;izle;;11,6;2,4;9,1;0,0;0;0;zayif;43,5;28,8;30,6;asagi;zayif;zayif;asagi;0,53;-4,70;2;85,2;-3,24;5828702;99,82;AL;NEGATIF;SAT;NEGATIF;AZALIYOR;AL;SAT;NOTR;2;07.10.2026
NIBAS;izle;;11,6;2,0;5,6;4,0;32;3;zayif;26,9;30,2;50,9;asagi;zayif;zayif;asagi;0,48;-3,84;2;2,78;-4,14;15156666;3,53;SAT;NEGATIF;SAT;NEGATIF;AZALIYOR;AL;AL;NOTR;2;07.10.2026
PLTUR;izle;;11,6;2,4;5,1;4,0;10;0;zayif;34,2;28,8;30,1;asagi;zayif;zayif;asagi;0,39;-4,65;4;14,92;-2,36;7581046;17,27;SAT;NEGATIF;SAT;NEGATIF;AZALIYOR;AL;AL;UCUZ (AL);2;07.10.2026
TEZOL;izle;;11,6;2,4;9,1;0,0;6;0;zayif;41,3;28,8;30,5;asagi;zayif;zayif;asagi;0,62;-6,18;3;7,29;-1,49;12831552;8,19;AL;NEGATIF;SAT;NEGATIF;AZALIYOR;AL;SAT;UCUZ (AL);2;07.10.2026
CMBTN;izle;;11,5;1,9;5,6;4,0;0;0;zayif;26,1;30,4;28,2;asagi;zayif;zayif;asagi;0,54;-3,64;2;1210;-4,04;12862300;1441,77;SAT;NEGATIF;SAT;NEGATIF;ARTIYOR;AL;AL;UCUZ (AL);2;07.10.2026
YYLGD;izle;;11,5;2,4;5,1;4,0;0;0;zayif;35,7;28,6;33,0;asagi;zayif;zayif;asagi;0,43;-5,35;1;7,3;-2,14;18960407;8,36;SAT;NEGATIF;SAT;NEGATIF;AZALIYOR;AL;AL;UCUZ (AL);2;07.10.2026
MNDTR;izle;;11,5;2,4;5,0;4,0;6;0;zayif;44,9;28,4;24,1;asagi;zayif;zayif;asagi;0,55;-4,43;3;4;-2,44;2766828;4,54;SAT;NEGATIF;SAT;NEGATIF;AZALIYOR;AL;AL;UCUZ (AL);2;07.10.2026
DENGE;izle;;11,5;1,9;5,6;4,0;0;0;zayif;25,6;30,4;25,4;asagi;zayif;zayif;asagi;0,39;-3,98;2;1,73;-4,42;11405312;2,02;SAT;NEGATIF;SAT;NEGATIF;AZALIYOR;AL;AL;UCUZ (AL);2;07.10.2026
ARENA;izle;;11,5;2,4;9,0;0,0;6;0;zayif;33,8;28,4;39,9;asagi;zayif;zayif;asagi;0,41;-4,05;3;14,88;-4,19;3306872;17,87;AL;NEGATIF;SAT;NEGATIF;AZALIYOR;AL;SAT;UCUZ (AL);2;07.10.2026
ASGYO;izle;;11,4;1,7;9,7;0,0;0;0;zayif;24,6;33,3;33,5;asagi;guclu;zayif;asagi;0,61;-3,10;1;9,65;-2,13;17137117;10,76;SAT;NEGATIF;SAT;NEGATIF;AZALIYOR;SAT;SAT;UCUZ (AL);0;07.10.2026
SNICA;izle;;11,4;2,4;4,0;4,9;10;0;zayif;37,8;22,7;26,5;asagi;zayif;zayif;asagi;0,76;-6,13;4;2,22;-3,48;12376476;2,61;SAT;NEGATIF;SAT;NEGATIF;ARTIYOR;AL;AL;UCUZ (AL);2;07.10.2026
BEGYO;izle;;11,3;2,4;4,9;4,0;10;0;zayif;31,5;28,0;49,1;asagi;zayif;zayif;asagi;0,38;-4,97;4;2,53;-2,69;3701699;2,96;SAT;NEGATIF;SAT;NEGATIF;AZALIYOR;AL;SAT;UCUZ (AL);1;07.10.2026
QUAGR;izle;;11,3;2,4;4,9;4,0;0;0;zayif;40,1;27,8;26,5;asagi;zayif;zayif;asagi;0,50;-5,43;2;1,95;-0,51;39688065;2,38;SAT;NEGATIF;SAT;NEGATIF;AZALIYOR;AL;AL;NOTR;2;07.10.2026
VESTL;izle;;11,2;2,2;5,0;4,0;6;0;zayif;28,0;28,4;25,7;asagi;zayif;zayif;asagi;0,51;-3,74;3;17,26;-4,11;99673497;21,34;SAT;NEGATIF;SAT;NEGATIF;AZALIYOR;SAT;AL;UCUZ (AL);1;07.10.2026
CWENE;izle;;11,2;2,4;4,7;4,0;6;0;zayif;38,3;27,5;37,3;asagi;zayif;zayif;asagi;0,69;-6,07;3;18,08;-3,11;357806400;23,38;SAT;NEGATIF;SAT;NEGATIF;AZALIYOR;AL;SAT;UCUZ (AL);1;07.10.2026
OYAYO;izle;;11,2;2,2;5,0;4,0;6;0;zayif;28,4;28,2;24,0;asagi;zayif;zayif;asagi;0,62;-4,17;3;30,4;-1,94;1408523;37,23;SAT;NEGATIF;SAT;NEGATIF;AZALIYOR;AL;AL;UCUZ (AL);2;07.10.2026
GRTHO;izle;;11,2;2,4;6,0;2,7;0;0;zayif;36,6;31,7;40,9;asagi;zayif;zayif;asagi;0,86;-4,72;2;113,5;-0,61;193450649;154,45;SAT;NEGATIF;SAT;NEGATIF;AZALIYOR;AL;AL;UCUZ (AL);2;07.10.2026
IHLGM;izle;;11,1;2,4;4,7;4,0;16;1;zayif;32,4;27,2;15,1;asagi;zayif;zayif;asagi;0,24;-4,81;3;1,17;-2,50;8757932;1,37;SAT;NEGATIF;SAT;NEGATIF;AZALIYOR;AL;AL;UCUZ (AL);2;07.10.2026
KAYSE;izle;;11,1;2,4;4,6;4,0;10;0;zayif;47,0;27,0;16,3;asagi;zayif;zayif;asagi;0,65;-4,59;4;3,03;-2,57;14652744;3,51;SAT;NEGATIF;SAT;NEGATIF;AZALIYOR;AL;AL;UCUZ (AL);2;07.10.2026
POLTK;izle;;11,0;2,4;4,6;4,0;6;0;zayif;32,6;26,9;28,7;asagi;zayif;zayif;asagi;0,57;-4,52;3;2937,5;-2,41;17669063;3426,56;SAT;NEGATIF;SAT;NEGATIF;ARTIYOR;AL;AL;UCUZ (AL);2;07.10.2026
PENTA;izle;;11,0;2,4;4,6;4,0;10;0;zayif;38,1;26,9;26,1;asagi;zayif;zayif;asagi;0,70;-4,77;4;9,91;-0,60;12215978;10,95;SAT;NEGATIF;SAT;NEGATIF;AZALIYOR;AL;AL;UCUZ (AL);2;07.10.2026
FZLGY;izle;;11,0;2,4;4,6;4,0;0;0;zayif;39,5;26,9;20,9;asagi;zayif;zayif;asagi;0,53;-5,25;2;5,4;-2,17;61345863;6,98;SAT;NEGATIF;SAT;NEGATIF;AZALIYOR;AL;AL;UCUZ (AL);2;07.10.2026
SILVR;izle;;11,0;2,4;4,6;4,0;6;0;zayif;50,1;26,9;16,2;asagi;zayif;zayif;asagi;0,61;-3,95;3;1,63;-3,55;1644929;1,92;SAT;NEGATIF;SAT;NEGATIF;ARTIYOR;AL;AL;UCUZ (AL);2;07.10.2026
CONSE;izle;;11,0;2,4;4,6;4,0;0;0;zayif;38,8;26,8;12,6;asagi;zayif;zayif;asagi;0,28;-4,97;2;1,64;-2,96;4064136;1,88;SAT;NEGATIF;SAT;NEGATIF;AZALIYOR;AL;AL;UCUZ (AL);2;07.10.2026
USAK;izle;;10,9;2,4;4,0;4,5;0;0;zayif;55,9;10,2;4,6;asagi;zayif;zayif;asagi;0,73;-10,49;0;0,43;-4,44;22999814;0,58;SAT;NEGATIF;SAT;NEGATIF;AZALIYOR;AL;AL;UCUZ (AL);2;07.10.2026
JANTS;izle;;10,9;1,6;9,3;0,0;10;0;zayif;24,0;33,2;32,9;asagi;zayif;zayif;asagi;0,43;-3,08;4;13,2;-1,42;19264727;14,90;SAT;NEGATIF;SAT;NEGATIF;AZALIYOR;SAT;SAT;UCUZ (AL);0;07.10.2026
KIMMR;izle;;10,9;2,4;8,4;0,0;6;0;zayif;52,7;26,5;22,3;asagi;zayif;zayif;asagi;0,57;-4,77;3;10,59;-2,13;5469957;12,08;AL;NEGATIF;SAT;NEGATIF;AZALIYOR;AL;SAT;UCUZ (AL);2;07.10.2026
LILAK;izle;;10,8;2,3;4,5;4,0;6;0;zayif;28,6;26,7;49,2;asagi;zayif;zayif;asagi;0,60;-4,46;3;23,12;-2,53;45126772;26,45;SAT;NEGATIF;SAT;NEGATIF;AZALIYOR;AL;SAT;UCUZ (AL);1;07.10.2026
IMASM;izle;;10,6;2,4;8,2;0,0;10;0;zayif;30,1;25,7;24,4;asagi;zayif;zayif;asagi;0,56;-5,94;4;1,54;-3,14;15446054;1,81;AL;NEGATIF;SAT;NEGATIF;AZALIYOR;AL;AL;UCUZ (AL);3;07.10.2026
NATEN;izle;;10,6;2,4;4,6;3,5;10;0;zayif;39,8;27,1;31,7;asagi;zayif;zayif;asagi;0,91;-5,38;5;3,91;-2,25;23525567;4,52;SAT;NEGATIF;SAT;NEGATIF;AZALIYOR;AL;AL;UCUZ (AL);2;07.10.2026
YIGIT;izle;;10,6;2,4;4,2;4,0;0;0;zayif;41,4;25,5;34,5;asagi;zayif;zayif;asagi;0,35;-5,37;2;16,22;-2,87;13415351;18,49;SAT;NEGATIF;SAT;NEGATIF;AZALIYOR;AL;AL;UCUZ (AL);2;07.10.2026
ELITE;izle;;10,6;2,4;8,2;0,0;6;0;zayif;50,8;25,5;28,1;asagi;zayif;zayif;asagi;0,35;-5,94;3;19,5;-2,50;5456997;22,36;AL;NEGATIF;SAT;NEGATIF;AZALIYOR;AL;SAT;UCUZ (AL);2;07.10.2026
MERCN;izle;;10,6;2,4;4,1;4,0;6;0;zayif;45,0;25,4;32,4;asagi;zayif;zayif;asagi;0,61;-6,09;3;10,7;-3,52;40307349;13,72;SAT;NEGATIF;SAT;NEGATIF;AZALIYOR;AL;AL;UCUZ (AL);2;07.10.2026
SARKY;izle;;10,5;1,7;5,8;3,0;6;0;zayif;24,7;34,6;37,9;asagi;zayif;zayif;asagi;0,88;-3,53;3;19,65;-6,43;64818001;22,93;SAT;NEGATIF;SAT;NEGATIF;ARTIYOR;AL;SAT;UCUZ (AL);1;07.10.2026
GEREL;izle;;10,5;2,4;7,0;1,1;0;0;zayif;35,4;35,0;37,0;asagi;zayif;zayif;asagi;0,76;-4,27;1;21,64;9,90;123957058;24,90;SAT;NEGATIF;SAT;NEGATIF;AZALIYOR;AL;AL;NOTR;2;07.10.2026
MOPAS;izle;;10,5;2,4;8,0;0,0;6;0;zayif;56,2;18,5;17,1;asagi;zayif;zayif;asagi;0,70;-7,00;3;18,08;-3,00;22058160;21,09;AL;NEGATIF;SAT;NEGATIF;AZALIYOR;AL;SAT;UCUZ (AL);2;07.10.2026
BRYAT;izle;;10,5;2,4;7,6;0,4;6;0;zayif;29,5;34,9;33,7;asagi;zayif;zayif;asagi;0,73;-3,54;3;1429;-2,32;58093137;1605,51;SAT;NEGATIF;SAT;NEGATIF;AZALIYOR;AL;SAT;UCUZ (AL);1;07.10.2026
DAPGM;izle;;10,4;2,4;4,0;4,0;0;0;zayif;42,9;19,1;27,5;asagi;zayif;zayif;asagi;0,64;-8,56;0;3,04;-1,62;104016278;4,16;SAT;NEGATIF;SAT;NEGATIF;AZALIYOR;AL;AL;UCUZ (AL);2;07.10.2026
EKOS;izle;;10,4;2,4;8,0;0,0;6;0;zayif;44,2;24,0;44,7;asagi;zayif;zayif;asagi;0,65;-6,22;3;3,25;-4,13;16585966;3,96;AL;NEGATIF;SAT;NEGATIF;ARTIYOR;AL;SAT;UCUZ (AL);2;07.10.2026
AGROT;izle;;10,4;2,4;8,0;0,0;6;0;zayif;30,5;23,3;20,3;asagi;zayif;zayif;asagi;0,33;-6,80;3;1,33;-3,62;14695004;1,55;AL;NEGATIF;SAT;NEGATIF;AZALIYOR;AL;AL;UCUZ (AL);3;07.10.2026
RUBNS;izle;;10,4;2,4;4,0;4,0;0;0;zayif;52,0;21,3;40,3;asagi;zayif;zayif;asagi;0,67;-5,00;2;15,65;0,32;21697317;20,56;SAT;NEGATIF;SAT;NEGATIF;AZALIYOR;AL;AL;UCUZ (AL);2;07.10.2026
ALKIM;izle;;10,4;2,4;4,0;4,0;28;2;zayif;45,5;19,5;22,5;asagi;zayif;zayif;asagi;0,48;-5,64;3;11,76;-1,84;7066455;13,22;SAT;NEGATIF;SAT;NEGATIF;AZALIYOR;AL;AL;UCUZ (AL);2;07.10.2026
FORMT;izle;;10,4;2,4;8,0;0,0;6;0;zayif;66,5;20,5;15,0;asagi;zayif;zayif;asagi;0,48;-7,74;3;0,94;-4,08;10195958;1,13;AL;NEGATIF;SAT;NEGATIF;AZALIYOR;AL;SAT;UCUZ (AL);2;07.10.2026
EMKEL;izle;;10,4;2,4;8,0;0,0;10;0;zayif;71,1;9,9;19,3;asagi;zayif;zayif;asagi;0,63;-9,79;4;7,09;-3,80;13927844;8,87;AL;NEGATIF;SAT;NEGATIF;AZALIYOR;AL;AL;UCUZ (AL);3;07.10.2026
HEDEF;izle;;10,4;2,4;8,0;0,0;0;0;zayif;55,6;20,0;37,9;asagi;zayif;zayif;asagi;0,05;-14,14;0;11,35;9,98;7335789;18,22;AL;NEGATIF;SAT;NEGATIF;AZALIYOR;AL;AL;UCUZ (AL);3;07.10.2026
HATEK;izle;;10,4;2,4;4,0;4,0;0;0;zayif;38,3;21,9;4,4;asagi;zayif;zayif;asagi;0,40;-5,15;2;8,1;0,50;4272450;9,75;SAT;NEGATIF;SAT;NEGATIF;AZALIYOR;AL;AL;UCUZ (AL);2;07.10.2026
SANFM;izle;;10,4;2,4;4,0;4,0;6;0;zayif;50,3;22,6;32,2;asagi;zayif;zayif;asagi;0,39;-6,88;3;4;-5,21;12381120;5,31;SAT;NEGATIF;SAT;NEGATIF;AZALIYOR;AL;AL;UCUZ (AL);2;07.10.2026
DOKTA;izle;;10,4;2,4;4,0;4,0;6;0;zayif;46,3;23,2;10,8;asagi;zayif;zayif;asagi;0,26;-5,19;3;15,45;-2,65;1977492;18,32;SAT;NEGATIF;SAT;NEGATIF;AZALIYOR;AL;AL;UCUZ (AL);2;07.10.2026
ERBOS;izle;;10,4;2,4;4,0;4,0;6;0;zayif;40,4;23,3;5,3;asagi;zayif;zayif;asagi;0,12;-5,03;3;114;-2,15;3199752;130,75;SAT;NEGATIF;SAT;NEGATIF;AZALIYOR;AL;AL;UCUZ (AL);2;07.10.2026
TLMAN;izle;;10,1;1,8;4,3;4,0;6;0;zayif;25,2;26,1;40,7;asagi;zayif;zayif;asagi;0,68;-4,09;3;61,3;-3,92;5649531;70,16;SAT;NEGATIF;SAT;NEGATIF;ARTIYOR;AL;AL;UCUZ (AL);2;07.10.2026
EUKYO;izle;;10,1;5,9;4,2;0,0;40;4;zayif;39,8;25,5;34,3;asagi;zayif;zayif;asagi;0,55;-3,10;0;9,4;-1,05;3848896;11,49;SAT;NEGATIF;SAT;NEGATIF;AZALIYOR;SAT;AL;NOTR;1;07.10.2026
EYGYO;izle;;9,9;2,4;4,6;2,9;6;0;zayif;35,9;26,9;18,2;asagi;zayif;zayif;asagi;0,87;-3,60;3;1,89;-2,07;14310562;2,26;SAT;NEGATIF;SAT;NEGATIF;AZALIYOR;AL;AL;UCUZ (AL);2;07.10.2026
DYOBY;izle;;9,7;2,4;4,0;3,2;10;0;zayif;40,9;25,0;23,3;asagi;zayif;zayif;asagi;0,89;-5,07;4;10,04;-3,00;10740812;11,46;SAT;NEGATIF;SAT;NEGATIF;AZALIYOR;AL;AL;UCUZ (AL);2;07.10.2026
CATES;izle;;9,7;5,4;4,2;0,0;6;0;zayif;48,5;25,8;21,2;asagi;zayif;zayif;asagi;0,54;-5,16;3;29,3;-5,48;34937379;39,38;SAT;NEGATIF;SAT;NEGATIF;AZALIYOR;AL;AL;NOTR;2;07.10.2026
SANEL;izle;;9,7;5,4;4,2;0,0;0;0;zayif;31,4;25,7;46,8;asagi;zayif;zayif;asagi;0,69;-4,51;2;31;-3,06;8118311;42,97;SAT;NEGATIF;SAT;NEGATIF;AZALIYOR;AL;AL;NOTR;2;07.10.2026
RNPOL;izle;;9,6;2,4;7,2;0,0;0;0;zayif;42,7;35,7;30,7;asagi;zayif;zayif;asagi;0,37;-2,50;2;1,84;-0,54;2334912;2,23;SAT;NEGATIF;SAT;NEGATIF;AZALIYOR;AL;AL;NOTR;2;07.10.2026
ADGYO;izle;;9,5;2,4;7,0;0,0;6;0;zayif;30,8;35,1;35,8;asagi;zayif;zayif;asagi;0,34;-2,50;3;45,28;-1,57;20773196;54,95;SAT;NEGATIF;SAT;NEGATIF;AZALIYOR;AL;SAT;UCUZ (AL);1;07.10.2026
ZEDUR;izle;;9,4;2,4;4,0;3,0;10;0;zayif;56,3;20,5;32,4;asagi;zayif;zayif;asagi;0,88;-5,40;4;5,35;-4,80;5276609;6,37;SAT;NEGATIF;SAT;NEGATIF;ARTIYOR;AL;AL;UCUZ (AL);2;07.10.2026
ADESE;izle;;9,3;2,4;1,6;5,2;10;0;zayif;44,8;23,0;15,5;asagi;zayif;zayif;asagi;1,01;-5,49;4;0,59;-3,28;77437162;0,70;SAT;NEGATIF;SAT;NEGATIF;AZALIYOR;AL;SAT;UCUZ (AL);1;07.10.2026
IHYAY;izle;;9,2;1,4;7,8;0,0;0;0;zayif;22,3;35,2;36,2;asagi;zayif;zayif;asagi;0,47;-3,32;2;1,01;-1,94;1653897;1,18;SAT;NEGATIF;SAT;NEGATIF;AZALIYOR;AL;AL;UCUZ (AL);2;07.10.2026
BOBET;izle;;9,1;2,4;6,6;0,0;6;0;zayif;32,4;33,8;35,6;asagi;zayif;zayif;asagi;0,35;-3,00;3;15,57;-2,14;20061665;18,59;SAT;NEGATIF;SAT;NEGATIF;AZALIYOR;SAT;AL;UCUZ (AL);1;07.10.2026
DOAS;izle;;9,0;2,4;3,7;2,9;10;0;zayif;40,2;27,6;28,6;asagi;zayif;zayif;asagi;0,88;-5,22;4;141,5;-2,35;101560776;154,98;SAT;NEGATIF;SAT;NEGATIF;AZALIYOR;AL;AL;UCUZ (AL);2;07.10.2026
VAKFN;izle;;9,0;2,4;2,6;4,0;10;0;zayif;57,5;24,0;23,3;asagi;zayif;zayif;asagi;0,34;-5,06;5;0,91;-3,19;17289882;1,04;SAT;NEGATIF;SAT;NEGATIF;ARTIYOR;AL;SAT;UCUZ (AL);1;07.10.2026
SEGMN;izle;;8,9;2,4;6,4;0,0;0;0;zayif;56,3;33,1;22,2;asagi;zayif;zayif;asagi;0,50;-4,71;2;23,94;9,92;34194101;27,82;SAT;NEGATIF;SAT;NEGATIF;AZALIYOR;AL;AL;NOTR;2;07.10.2026
LYDYE;izle;;8,7;2,4;6,2;0,0;0;0;zayif;50,0;32,5;36,9;asagi;zayif;zayif;asagi;0,11;-6,55;0;5700;9,99;1567500;5890,62;SAT;NEGATIF;SAT;NEGATIF;AZALIYOR;AL;AL;UCUZ (AL);2;07.10.2026
TMSN;izle;;8,7;1,9;2,3;4,4;10;0;zayif;26,0;24,3;43,9;asagi;zayif;zayif;asagi;0,73;-4,41;5;55,15;-3,33;29625091;66,59;SAT;NEGATIF;SAT;NEGATIF;ARTIYOR;AL;AL;UCUZ (AL);2;07.10.2026
EUREN;izle;;8,5;2,4;4,0;2,1;10;0;zayif;44,7;24,6;24,6;asagi;zayif;zayif;asagi;0,83;-6,13;4;2,72;-3,55;48047633;3,16;SAT;NEGATIF;SAT;NEGATIF;AZALIYOR;AL;AL;UCUZ (AL);2;07.10.2026
AZTEK;izle;;8,5;2,4;6,0;0,0;16;1;zayif;36,6;35,5;56,3;asagi;zayif;zayif;asagi;0,38;-2,77;3;3,07;-4,36;9561002;3,91;SAT;NEGATIF;SAT;NEGATIF;AZALIYOR;SAT;SAT;NOTR;0;07.10.2026
TEKTU;izle;;8,4;2,4;4,0;2,0;46;5;zayif;38,8;20,3;14,6;asagi;zayif;zayif;asagi;0,82;-7,11;3;4,22;-4,74;19604892;5,30;SAT;NEGATIF;SAT;NEGATIF;AZALIYOR;AL;SAT;UCUZ (AL);1;07.10.2026
MAALT;izle;;8,4;0,8;3,5;4,0;6;0;zayif;18,1;29,6;46,7;asagi;zayif;zayif;asagi;0,64;-3,77;3;815,5;-3,95;22320235;944,02;SAT;NEGATIF;NOTR;NEGATIF;ARTIYOR;AL;AL;NOTR;2;07.10.2026
TSPOR;izle;;8,3;2,4;5,9;0,0;10;0;zayif;38,7;31,3;26,2;asagi;zayif;zayif;asagi;0,55;-3,26;5;0,81;-1,22;104724286;0,93;SAT;NEGATIF;SAT;NEGATIF;AZALIYOR;AL;AL;UCUZ (AL);2;07.10.2026
DIRIT;izle;;8,3;0,5;7,8;0,0;6;0;zayif;15,6;37,6;28,3;asagi;zayif;zayif;asagi;0,48;-2,66;3;20,2;-2,51;527543;23,60;SAT;NEGATIF;NOTR;NEGATIF;AZALIYOR;AL;AL;NOTR;2;07.10.2026
KLNMA;izle;;8,3;2,4;5,8;0,0;6;0;zayif;38,9;27,3;17,8;asagi;zayif;zayif;asagi;0,42;-6,56;3;7,4;-1,33;533829;7,98;SAT;NEGATIF;SAT;NEGATIF;AZALIYOR;AL;AL;NOTR;2;07.10.2026
AYEN;izle;;8,3;2,3;3,8;2,1;6;0;zayif;29,1;29,4;42,3;asagi;zayif;zayif;asagi;0,83;-4,29;3;24,88;-3,27;10456591;28,74;SAT;NEGATIF;SAT;NEGATIF;AZALIYOR;SAT;SAT;NOTR;0;07.10.2026
BVSAN;izle;;7,9;2,4;5,5;0,0;6;0;zayif;29,3;30,1;19,5;asagi;zayif;zayif;asagi;0,33;-4,70;3;69,9;-2,85;31834837;88,38;SAT;NEGATIF;SAT;NEGATIF;AZALIYOR;SAT;AL;UCUZ (AL);1;07.10.2026
KUTPO;izle;;7,9;2,4;5,4;0,0;10;0;zayif;31,5;29,5;24,6;asagi;zayif;zayif;asagi;0,44;-4,18;5;64,9;-3,06;4765867;73,55;SAT;NEGATIF;SAT;NEGATIF;AZALIYOR;AL;AL;UCUZ (AL);2;07.10.2026
HATSN;izle;;7,9;2,4;4,6;0,8;6;0;zayif;31,9;27,1;35,3;asagi;zayif;zayif;asagi;0,75;-5,34;3;28,6;-4,67;95489251;39,82;SAT;NEGATIF;SAT;NEGATIF;AZALIYOR;AL;SAT;NOTR;1;07.10.2026
GLRMK;izle;;7,8;2,4;5,5;0,0;6;0;zayif;29,5;34,5;41,3;asagi;zayif;zayif;asagi;0,65;-3,05;3;129,9;-5,39;468618797;158,90;SAT;NEGATIF;SAT;NEGATIF;AZALIYOR;SAT;SAT;UCUZ (AL);0;07.10.2026
KMPUR;izle;;7,8;2,4;5,4;0,0;0;0;zayif;42,8;29,6;31,2;asagi;zayif;zayif;asagi;0,70;-3,72;2;13,93;-2,99;19038744;17,08;SAT;NEGATIF;SAT;NEGATIF;AZALIYOR;AL;AL;NOTR;2;07.10.2026
CASA;izle;;7,8;2,4;4,9;0,5;6;0;zayif;43,6;27,9;19,8;asagi;zayif;zayif;asagi;0,73;-6,84;3;44,44;-1,24;699041;47,93;SAT;NEGATIF;SAT;NEGATIF;AZALIYOR;AL;AL;UCUZ (AL);2;07.10.2026
ISFIN;izle;;7,8;2,4;4,0;1,3;6;0;zayif;34,5;20,9;42,4;asagi;zayif;zayif;asagi;0,78;-3,95;3;16,74;-1,93;19369971;18,47;SAT;NEGATIF;SAT;NEGATIF;AZALIYOR;SAT;SAT;NOTR;0;07.10.2026
PAPIL;izle;;7,7;2,4;5,3;0,0;0;0;zayif;36,7;29,2;33,2;asagi;zayif;zayif;asagi;0,45;-4,65;2;7,81;-4,17;19981651;9,41;SAT;NEGATIF;SAT;NEGATIF;AZALIYOR;AL;AL;UCUZ (AL);2;07.10.2026
INVEO;izle;;7,7;2,4;5,2;0,0;6;0;zayif;31,4;29,0;48,3;asagi;zayif;zayif;asagi;0,58;-4,10;3;5,44;-2,86;18182950;6,28;SAT;NEGATIF;SAT;NEGATIF;AZALIYOR;AL;SAT;UCUZ (AL);1;07.10.2026
DARDL;izle;;7,7;2,4;4,0;1,2;0;0;zayif;51,1;23,8;23,9;asagi;zayif;zayif;asagi;0,77;-5,75;2;1,11;-2,63;12412988;1,30;SAT;NEGATIF;SAT;NEGATIF;AZALIYOR;AL;SAT;UCUZ (AL);1;07.10.2026
HURGZ;izle;;7,6;2,4;5,2;0,0;10;1;zayif;30,7;29,0;18,9;asagi;zayif;zayif;asagi;0,39;-4,02;1;4,96;-4,25;12421908;6,25;SAT;NEGATIF;SAT;NEGATIF;AZALIYOR;AL;AL;NOTR;2;07.10.2026
BIZIM;izle;;7,5;2,4;5,1;0,0;16;1;zayif;36,2;28,5;22,2;asagi;zayif;zayif;asagi;0,54;-4,52;3;18,99;-2,16;2150162;21,58;SAT;NEGATIF;SAT;NEGATIF;AZALIYOR;AL;AL;UCUZ (AL);2;07.10.2026
MEKAG;izle;;7,5;2,4;4,0;1,0;6;0;zayif;42,0;19,2;27,0;asagi;zayif;zayif;asagi;0,76;-6,34;3;1,94;-3,00;9188845;2,31;SAT;NEGATIF;SAT;NEGATIF;ARTIYOR;AL;AL;UCUZ (AL);2;07.10.2026
PRKAB;izle;;7,5;1,0;4,7;1,7;16;1;zayif;19,6;27,3;27,1;asagi;zayif;zayif;asagi;0,80;-4,09;3;24,26;-1,06;15166430;28,36;SAT;NEGATIF;NOTR;NEGATIF;AZALIYOR;AL;AL;NOTR;2;07.10.2026
GATEG;izle;;7,4;2,4;5,0;0,0;0;0;zayif;39,6;28,3;17,8;asagi;zayif;zayif;asagi;0,29;-7,08;1;125,3;8,96;1684659;156,84;SAT;NEGATIF;SAT;NEGATIF;AZALIYOR;AL;AL;UCUZ (AL);2;07.10.2026
AYCES;izle;;7,3;0,6;6,7;0,0;0;0;zayif;16,4;34,0;37,9;asagi;zayif;zayif;asagi;0,44;-4,06;1;353,5;-3,42;10943653;403,41;SAT;NEGATIF;NOTR;NEGATIF;AZALIYOR;AL;AL;NOTR;2;07.10.2026
ECOGR;izle;;7,3;5,4;1,8;0,0;20;1;zayif;30,9;27,7;14,2;asagi;zayif;zayif;asagi;0,65;-4,33;4;23,68;-2,87;73040581;30,47;SAT;NEGATIF;SAT;NEGATIF;AZALIYOR;SAT;AL;NOTR;1;07.10.2026
AKENR;izle;;7,2;2,4;4,8;0,0;10;0;zayif;36,0;27,6;28,8;asagi;zayif;zayif;asagi;0,64;-4,46;5;7,76;-3,36;25784168;9,12;SAT;NEGATIF;SAT;NEGATIF;AZALIYOR;AL;AL;UCUZ (AL);2;07.10.2026
BINHO;izle;;7,2;2,4;4,8;0,0;6;0;zayif;38,5;27,6;61,8;asagi;zayif;zayif;asagi;0,57;-4,80;3;5,69;-7,18;95349117;7,54;SAT;NEGATIF;SAT;NEGATIF;AZALIYOR;AL;AL;UCUZ (AL);2;07.10.2026
DOGUB;izle;;7,1;2,4;4,0;0,7;0;0;zayif;49,1;15,6;7,8;asagi;zayif;zayif;asagi;0,74;-9,33;0;18,01;-3,79;6917587;27,93;SAT;NEGATIF;SAT;NEGATIF;AZALIYOR;AL;AL;UCUZ (AL);2;07.10.2026
ZOREN;izle;;6,9;2,4;4,5;0,0;10;0;zayif;38,1;26,6;7,1;asagi;zayif;zayif;asagi;0,43;-4,09;4;1,84;-1,08;70150811;2,14;SAT;NEGATIF;SAT;NEGATIF;AZALIYOR;SAT;SAT;UCUZ (AL);0;07.10.2026
DERIM;izle;;6,8;2,1;4,6;0,0;10;0;zayif;27,7;27,1;29,8;asagi;zayif;zayif;asagi;0,25;-4,39;4;25,84;-3,15;2039965;30,62;SAT;NEGATIF;SAT;NEGATIF;AZALIYOR;AL;SAT;UCUZ (AL);1;07.10.2026
GOZDE;izle;;6,7;2,4;4,3;0,0;0;0;zayif;31,3;30,6;38,6;asagi;zayif;zayif;asagi;0,59;-3,47;2;18,67;-2,86;14392255;21,18;SAT;NEGATIF;SAT;NEGATIF;AZALIYOR;SAT;SAT;UCUZ (AL);0;07.10.2026
VESBE;izle;;6,7;2,4;4,3;0,0;10;0;zayif;31,6;25,8;21,5;asagi;zayif;zayif;asagi;0,57;-4,70;5;3,93;-2,24;38856154;4,75;SAT;NEGATIF;SAT;NEGATIF;AZALIYOR;AL;AL;UCUZ (AL);2;07.10.2026
GOKNR;izle;;6,5;2,2;4,3;0,0;0;0;zayif;28,3;30,1;29,8;asagi;zayif;zayif;asagi;0,66;-4,77;2;14,01;-3,18;35147882;16,54;SAT;NEGATIF;SAT;NEGATIF;AZALIYOR;SAT;SAT;UCUZ (AL);0;07.10.2026
BOSSA;izle;;6,5;1,3;5,2;0,0;10;0;zayif;21,6;29,9;56,2;asagi;zayif;zayif;asagi;0,13;-2,63;4;5,62;-2,77;2540521;6,55;SAT;NEGATIF;SAT;NEGATIF;ARTIYOR;SAT;SAT;UCUZ (AL);0;07.10.2026
MRSHL;izle;;6,5;1,2;5,3;0,0;10;0;zayif;20,9;29,2;23,0;asagi;zayif;zayif;asagi;0,69;-3,22;5;1275;-2,37;31088325;1554,10;SAT;NEGATIF;SAT;NEGATIF;AZALIYOR;SAT;SAT;NOTR;0;07.10.2026
ALKA;izle;;6,5;2,4;4,0;0,0;0;0;zayif;38,7;25,0;23,0;asagi;zayif;zayif;asagi;0,65;-5,39;2;5,95;-2,94;7627287;6,90;SAT;NEGATIF;SAT;NEGATIF;AZALIYOR;AL;AL;UCUZ (AL);2;07.10.2026
CEMZY;izle;;6,4;2,4;4,0;0,0;0;0;zayif;44,1;17,5;36,9;asagi;zayif;zayif;asagi;0,50;-6,85;2;5;-5,66;47573145;7,72;SAT;NEGATIF;SAT;NEGATIF;AZALIYOR;AL;SAT;UCUZ (AL);1;07.10.2026
GENIL;izle;;6,4;2,4;4,0;0,0;40;5;zayif;49,7;17,0;6,6;asagi;zayif;zayif;asagi;0,21;-7,14;2;3,87;-10,00;46092714;5,87;SAT;NEGATIF;SAT;NEGATIF;AZALIYOR;SAT;SAT;UCUZ (AL);0;07.10.2026
BRLSM;izle;;6,4;2,4;4,0;0,0;0;0;zayif;30,4;23,3;18,3;asagi;zayif;zayif;asagi;0,58;-4,59;2;10,19;-2,49;40837882;13,71;SAT;NEGATIF;SAT;NEGATIF;AZALIYOR;AL;SAT;NOTR;1;07.10.2026
ESEN;izle;;6,4;2,4;4,0;0,0;6;0;zayif;44,5;24,1;11,2;asagi;zayif;zayif;asagi;0,63;-5,54;3;2,45;-3,92;34959714;2,87;SAT;NEGATIF;SAT;NEGATIF;AZALIYOR;AL;AL;UCUZ (AL);2;07.10.2026
GSRAY;izle;;6,4;2,4;4,0;0,0;10;0;zayif;48,0;24,3;9,7;asagi;zayif;zayif;asagi;0,46;-4,85;4;0,8;0,00;45998962;0,89;SAT;NEGATIF;SAT;NEGATIF;AZALIYOR;AL;AL;UCUZ (AL);2;07.10.2026
MACKO;izle;;6,4;2,4;4,0;0,0;0;0;zayif;40,9;20,5;7,0;asagi;zayif;zayif;asagi;0,70;-5,22;2;22,6;-3,83;14834301;27,77;SAT;NEGATIF;SAT;NEGATIF;AZALIYOR;AL;SAT;NOTR;1;07.10.2026
ONRYT;izle;;6,4;2,4;4,0;0,0;0;0;zayif;42,9;23,1;20,7;asagi;zayif;zayif;asagi;0,47;-5,42;2;9,17;-4,78;13836741;11,46;SAT;NEGATIF;SAT;NEGATIF;AZALIYOR;AL;AL;UCUZ (AL);2;07.10.2026
PENGD;izle;;6,4;2,4;4,0;0,0;10;0;zayif;45,4;25,0;24,1;asagi;zayif;zayif;asagi;0,64;-5,63;5;6,89;-1,29;11943085;7,72;SAT;NEGATIF;SAT;NEGATIF;AZALIYOR;AL;AL;NOTR;2;07.10.2026
GLCVY;izle;;6,4;2,4;4,0;0,0;10;0;zayif;37,7;24,1;10,9;asagi;zayif;zayif;asagi;0,48;-4,82;5;38,92;-3,90;12382087;45,51;SAT;NEGATIF;SAT;NEGATIF;AZALIYOR;AL;AL;UCUZ (AL);2;07.10.2026
BIENY;izle;;6,4;2,4;4,0;0,0;10;0;zayif;44,5;21,0;28,9;asagi;zayif;zayif;asagi;0,66;-5,98;4;13,91;-4,20;13865252;16,63;SAT;NEGATIF;SAT;NEGATIF;AZALIYOR;AL;AL;UCUZ (AL);2;07.10.2026
MARBL;izle;;6,4;2,4;4,0;0,0;10;0;zayif;46,6;22,8;38,7;asagi;zayif;zayif;asagi;0,40;-5,18;4;8,68;-3,56;4005047;10,16;SAT;NEGATIF;SAT;NEGATIF;ARTIYOR;AL;AL;UCUZ (AL);2;07.10.2026
RALYH;izle;;6,4;2,4;4,0;0,0;32;3;zayif;53,9;10,1;-0,0;asagi;zayif;zayif;asagi;0,04;-11,34;0;50,5;-9,98;964348;84,51;SAT;NEGATIF;SAT;NEGATIF;AZALIYOR;AL;AL;UCUZ (AL);2;07.10.2026
RODRG;izle;;6,4;2,4;4,0;0,0;10;0;zayif;47,9;20,0;8,8;asagi;zayif;zayif;asagi;0,63;-5,32;4;15,18;-2,63;1900126;18,56;SAT;NEGATIF;SAT;NEGATIF;AZALIYOR;AL;SAT;UCUZ (AL);1;07.10.2026
MEGAP;izle;;6,4;2,4;4,0;0,0;10;0;zayif;54,6;24,0;18,7;asagi;zayif;zayif;asagi;0,62;-7,55;5;1,2;-4,76;553568;1,39;SAT;NEGATIF;SAT;NEGATIF;ARTIYOR;AL;AL;UCUZ (AL);2;07.10.2026
LKMNH;izle;;6,4;2,4;4,0;0,0;16;1;zayif;44,1;31,0;19,8;asagi;zayif;zayif;asagi;0,49;-3,93;3;10,79;-2,79;15183969;12,48;SAT;NEGATIF;SAT;NEGATIF;AZALIYOR;SAT;SAT;UCUZ (AL);0;07.10.2026
KLSER;izle;;5,8;2,4;3,4;0,0;0;0;zayif;40,2;26,8;27,1;asagi;zayif;zayif;asagi;0,66;-5,98;2;18,35;-3,62;10135274;20,68;SAT;NEGATIF;SAT;NEGATIF;ARTIYOR;AL;SAT;UCUZ (AL);1;07.10.2026
INGRM;izle;;5,8;1,5;4,3;0,0;6;0;zayif;23,1;29,6;29,4;asagi;zayif;zayif;asagi;0,65;-3,58;3;299;-2,21;6651853;348,75;SAT;NEGATIF;SAT;NEGATIF;AZALIYOR;AL;SAT;UCUZ (AL);1;07.10.2026
NUGYO;izle;;5,4;2,4;3,0;0,0;10;0;zayif;43,6;26,7;25,9;asagi;zayif;zayif;asagi;0,70;-4,15;4;7,1;-3,66;6846360;8,19;SAT;NEGATIF;SAT;NEGATIF;ARTIYOR;AL;AL;UCUZ (AL);2;07.10.2026
EDIP;izle;;5,3;0,8;4,6;0,0;0;0;zayif;17,6;32,2;37,8;asagi;zayif;zayif;asagi;0,65;-3,40;2;28,38;-3,07;14242758;33,11;SAT;NEGATIF;NOTR;NEGATIF;AZALIYOR;AL;SAT;NOTR;1;07.10.2026
OYYAT;izle;;5,3;1,2;4,1;0,0;0;0;zayif;20,8;29,4;52,2;asagi;zayif;zayif;asagi;0,40;-3,60;1;26,76;-3,25;10336719;32,28;SAT;NEGATIF;SAT;NEGATIF;AZALIYOR;SAT;SAT;UCUZ (AL);0;07.10.2026
LRSHO;izle;;5,1;2,4;2,7;0,0;10;0;zayif;31,5;20,5;21,3;asagi;zayif;zayif;asagi;0,66;-5,94;5;1,75;-3,85;17813339;2,10;SAT;NEGATIF;SAT;NEGATIF;AZALIYOR;AL;AL;UCUZ (AL);2;07.10.2026
ENDAE;izle;;4,7;2,4;2,0;0,4;10;0;zayif;29,3;21,3;43,3;asagi;zayif;zayif;asagi;0,72;-4,22;5;12,17;-6,31;24146923;15,09;SAT;NEGATIF;SAT;NEGATIF;ARTIYOR;SAT;SAT;NOTR;0;07.10.2026
ALCAR;izle;;4,0;0,9;3,1;0,0;10;0;zayif;18,3;28,9;32,8;asagi;zayif;zayif;asagi;0,59;-3,80;4;568;-4,62;15551840;665,44;SAT;NEGATIF;NOTR;NEGATIF;AZALIYOR;SAT;SAT;UCUZ (AL);0;07.10.2026