hisse;durum;yeni_sinyal;konfluans;trend_35;momentum_30;hacim_35;risk;uyumsuzluk;rejim;adx;rsi;mfi;supertrend;goreli_guc;usd_trend;haftalik_trend;hacim_orani;ema50_uzaklik_atr;dagitim_gun;kapanis;degisim%;islem_hacmi_tl;st_cizgisi;osc_macd;osc_rsi;osc_adx;osc_momentum;osc_atr;osc_wavetrend;osc_stochrsi;osc_sharpe;osc_al_sayisi;tarih
AHGAZ;GUCLU AL;;98,9;34,8;29,2;35,0;36;0;guclu trend;29,4;73,7;62,8;yukari;guclu;yukselis;yukari;1,53;3,78;1;44;5,77;519480940;37,30;AL;POZITIF;AL;POZITIF;ARTIYOR;AL;AL;NOTR;6;22.09.2026
TKFEN;GUCLU AL;;96,9;35,0;30,0;31,9;10;0;guclu trend;34,4;63,5;44,9;yukari;guclu;yukselis;yukari;1,48;2,60;2;244,7;2,26;2140868554;203,20;AL;POZITIF;AL;POZITIF;ARTIYOR;AL;SAT;PAHALI (SAT);5;22.09.2026
ENERY;GUCLU AL;;94,4;35,0;30,0;29,4;20;0;guclu trend;41,6;65,6;57,3;yukari;guclu;yukselis;yukari;1,03;3,28;2;12,61;6,50;992018536;11,31;AL;POZITIF;AL;POZITIF;ARTIYOR;SAT;SAT;NOTR;4;22.09.2026
HUNER;izle;;94,2;30,7;30,0;33,5;40;5;ilimli;19,0;62,1;63,9;yukari;guclu;yukselis;yukari;1,21;1,66;2;4,17;8,03;318512285;3,50;AL;POZITIF;NOTR;POZITIF;ARTIYOR;AL;AL;NOTR;5;22.09.2026
ISDMR;GUCLU AL;;92,1;33,3;30,0;28,8;8;0;guclu trend;25,5;64,5;82,8;yukari;guclu;yukselis;yukari;0,93;1,90;0;62,4;0,00;132617909;54,38;AL;POZITIF;AL;POZITIF;AZALIYOR;AL;AL;NOTR;6;22.09.2026
BAHKM;GUCLU AL;;88,8;35,0;30,0;23,8;40;2;guclu trend;41,2;66,2;76,8;yukari;guclu;yukselis;yukari;0,72;2,71;0;190;1,77;307180600;146,75;AL;POZITIF;AL;POZITIF;ARTIYOR;AL;AL;NOTR;6;22.09.2026
BIMAS;GUCLU AL;;87,7;32,9;26,0;28,8;10;1;guclu trend;24,6;59,5;77,6;yukari;guclu;yukselis;yukari;0,93;1,93;2;430,25;-0,64;4030567372;402,48;SAT;POZITIF;AL;POZITIF;ARTIYOR;AL;AL;NOTR;5;22.09.2026
TRENJ;izle;;86,9;29,9;24,7;32,4;50;5;ilimli;16,8;53,9;67,2;yukari;guclu;yukselis;yukari;1,91;0,93;4;106,3;0,76;311166675;98,12;SAT;POZITIF;NOTR;NEGATIF;ARTIYOR;AL;AL;NOTR;3;22.09.2026
CEOEM;GUCLU AL;;86,7;32,0;27,8;26,9;0;0;guclu trend;22,7;51,1;72,8;yukari;guclu;yukselis;yukari;1,23;0,57;0;27,38;-9,99;102889057;26,51;AL;POZITIF;AL;POZITIF;ARTIYOR;SAT;SAT;NOTR;4;22.09.2026
MPARK;AL;;86,6;27,5;27,8;31,3;6;0;ilimli;15,6;54,5;79,5;yukari;guclu;yukselis;yukari;1,11;0,56;3;437,75;-0,34;285189748;411,23;AL;POZITIF;NOTR;POZITIF;AZALIYOR;AL;AL;NOTR;5;22.09.2026
AGHOL;GUCLU AL;;86,0;31,3;27,9;26,8;8;0;guclu trend;20,4;54,0;65,8;yukari;guclu;zayif;yukari;0,89;0,61;2;34,14;0,35;176450610;31,63;AL;POZITIF;AL;NEGATIF;AZALIYOR;SAT;SAT;NOTR;3;22.09.2026
TUPRS;GUCLU AL;EVET;85,8;30,4;23,8;31,6;28;2;guclu trend;32,7;53,6;52,6;yukari;guclu;yukselis;yukari;1,21;2,06;3;397;-4,28;14169529073;374,32;SAT;POZITIF;SAT;POZITIF;ARTIYOR;SAT;SAT;NOTR;2;22.09.2026
LOGO;AL;;84,5;19,7;29,8;35,0;10;1;zayif;15,3;59,0;61,0;yukari;guclu;yukselis;yukari;1,32;1,40;1;145,9;5,12;129661768;123,08;AL;POZITIF;NOTR;POZITIF;ARTIYOR;AL;AL;NOTR;5;22.09.2026
DEVA;GUCLU AL;;84,1;35,0;26,0;23,1;20;0;guclu trend;41,8;62,1;60,6;yukari;guclu;yukselis;yukari;0,58;3,08;2;102,2;5,69;54002378;91,73;SAT;POZITIF;AL;POZITIF;ARTIYOR;SAT;AL;NOTR;4;22.09.2026
HRKET;AL;EVET;82,8;23,3;29,0;30,5;0;0;ilimli;17,8;61,5;56,8;yukari;guclu;yukselis;yukari;2,03;1,08;2;7,21;4,34;534149663;5,25;AL;POZITIF;NOTR;POZITIF;ARTIYOR;AL;AL;NOTR;5;22.09.2026
GMTAS;izle;;78,5;22,0;24,8;31,7;0;0;ilimli;17,1;55,8;65,3;asagi;guclu;yukselis;yukari;1,84;0,99;1;48,8;6,09;311632506;50,60;SAT;POZITIF;NOTR;NEGATIF;ARTIYOR;SAT;AL;NOTR;2;22.09.2026
BMSTL;izle;;77,9;31,2;26,2;20,5;0;0;guclu trend;22,9;47,6;55,7;yukari;guclu;zayif;yukari;1,67;-0,12;0;44,86;-0,53;283766461;43,46;AL;NEGATIF;AL;POZITIF;ARTIYOR;SAT;SAT;NOTR;3;22.09.2026
TRMET;izle;;77,5;20,9;24,4;32,3;12;0;ilimli;18,3;53,2;70,0;asagi;guclu;yukselis;yukari;2,60;0,79;2;137,9;6,32;2029790229;146,21;SAT;POZITIF;NOTR;NEGATIF;ARTIYOR;AL;AL;NOTR;3;22.09.2026
ORGE;AL;;76,9;28,9;23,5;24,5;28;2;ilimli;18,4;51,0;47,4;yukari;guclu;yukselis;yukari;0,88;0,42;3;22,62;0,89;85401312;20,44;SAT;POZITIF;NOTR;NEGATIF;AZALIYOR;AL;AL;NOTR;3;22.09.2026
RYGYO;izle;;76,5;27,0;26,0;23,5;10;0;guclu trend;31,1;63,1;69,1;asagi;guclu;yukselis;yukari;0,73;2,11;2;48,58;1,21;134812220;50,89;SAT;POZITIF;AL;POZITIF;ARTIYOR;AL;AL;NOTR;5;22.09.2026
SOKM;AL;;75,0;28,7;22,5;23,8;28;2;ilimli;17,4;51,3;76,7;yukari;guclu;yukselis;yukari;0,75;0,83;3;57,6;-1,71;183301344;54,83;SAT;POZITIF;NOTR;NEGATIF;AZALIYOR;SAT;AL;NOTR;2;22.09.2026
FLAP;AL;;74,6;35,0;24,7;14,9;0;0;guclu trend;34,6;56,9;63,0;yukari;guclu;yukselis;yukari;0,87;0,96;2;12,2;6,92;16333567;10,92;SAT;POZITIF;AL;POZITIF;ARTIYOR;SAT;AL;NOTR;4;22.09.2026
DMLKT;AL;;74,2;35,0;23,3;15,9;6;0;guclu trend;32,5;53,1;51,5;yukari;guclu;yukselis;yukari;0,59;1,70;3;6,91;-0,58;28075454;6,62;SAT;POZITIF;AL;NEGATIF;AZALIYOR;SAT;SAT;NOTR;2;22.09.2026
RYSAS;izle;;73,5;24,7;24,7;24,0;10;1;guclu trend;24,0;53,9;36,3;asagi;guclu;yukselis;yukari;0,98;0,96;1;26,4;10,00;557619559;28,46;SAT;POZITIF;AL;NEGATIF;ARTIYOR;SAT;AL;NOTR;3;22.09.2026
EBEBK;izle;;72,7;21,3;21,1;30,2;32;3;zayif;15,5;47,7;53,0;asagi;guclu;zayif;yukari;1,37;-0,17;2;81,1;0,25;75101844;87,54;SAT;NEGATIF;NOTR;NEGATIF;AZALIYOR;SAT;SAT;NOTR;0;22.09.2026
CELHA;izle;;71,9;21,9;22,3;27,7;0;0;guclu trend;26,1;49,4;70,9;asagi;guclu;zayif;yukari;1,78;0,59;0;25,8;5,74;119172548;31,08;SAT;NEGATIF;SAT;NEGATIF;ARTIYOR;SAT;SAT;NOTR;0;22.09.2026
ALARK;izle;;71,3;21,7;23,2;26,4;16;1;guclu trend;24,7;49,2;66,8;asagi;guclu;zayif;yukari;0,98;0,30;3;108,8;1,30;464807962;117,47;SAT;NEGATIF;SAT;NEGATIF;AZALIYOR;SAT;AL;NOTR;1;22.09.2026
HALKB;AL;;70,7;32,1;23,6;15,0;10;1;guclu trend;22,4;54,7;32,4;yukari;guclu;yukselis;yukari;0,38;1,38;1;46,58;-1,40;1210100795;44,37;SAT;POZITIF;AL;NEGATIF;AZALIYOR;SAT;SAT;NOTR;2;22.09.2026
KRGYO;izle;;70,5;22,4;23,1;25,0;10;1;guclu trend;38,9;53,4;59,8;asagi;guclu;yukselis;yukari;1,02;1,13;1;3,28;1,86;78655135;3,78;SAT;POZITIF;SAT;NEGATIF;AZALIYOR;SAT;SAT;NOTR;1;22.09.2026
RGYAS;izle;;70,2;14,9;22,7;32,6;6;0;ilimli;26,1;51,0;32,9;asagi;guclu;zayif;yukari;1,42;0,08;3;200;5,04;782983000;206,64;SAT;POZITIF;SAT;POZITIF;ARTIYOR;AL;AL;NOTR;4;22.09.2026
CRFSA;izle;;70,0;27,0;25,9;17,1;46;4;guclu trend;33,1;54,3;28,1;asagi;guclu;yukselis;yukari;0,77;1,46;3;272;9,94;494584400;305,34;SAT;POZITIF;AL;NEGATIF;ARTIYOR;AL;AL;NOTR;4;22.09.2026
ETILR;izle;;70,0;28,6;21,7;19,6;22;2;zayif;16,7;49,0;66,5;yukari;guclu;zayif;yukari;0,74;-0,03;2;5,9;1,72;37834641;5,30;SAT;NEGATIF;NOTR;NEGATIF;AZALIYOR;SAT;AL;NOTR;1;22.09.2026
TAVHL;izle;;69,8;10,5;27,5;31,8;46;5;zayif;12,5;54,5;57,4;yukari;guclu;yukselis;yukari;1,18;0,44;3;278;-0,45;1319258452;251,55;AL;POZITIF;NOTR;POZITIF;AZALIYOR;AL;AL;NOTR;5;22.09.2026
VAKBN;izle;;69,3;24,1;24,3;21,0;0;0;guclu trend;22,5;52,5;65,4;asagi;guclu;yukselis;yukari;0,47;0,76;2;34,04;-0,93;1483474910;38,36;SAT;POZITIF;AL;NEGATIF;AZALIYOR;SAT;AL;NOTR;3;22.09.2026
KRDMD;izle;;68,7;21,0;24,6;23,2;46;4;ilimli;19,0;53,2;53,6;asagi;guclu;yukselis;yukari;0,62;0,90;3;45,3;-0,22;1458804462;48,15;SAT;POZITIF;NOTR;NEGATIF;AZALIYOR;AL;AL;NOTR;3;22.09.2026
TRALT;izle;;68,3;20,5;22,2;25,7;16;1;zayif;15,4;47,6;72,4;asagi;guclu;zayif;yukari;1,06;-0,14;3;50,05;-2,15;5101399403;56,70;SAT;NEGATIF;NOTR;NEGATIF;AZALIYOR;AL;AL;NOTR;2;22.09.2026
KRPLS;AL;;66,1;35,0;23,1;8,0;22;2;guclu trend;39,7;54,1;65,2;yukari;guclu;yukselis;yukari;0,37;1,06;2;11,75;1,64;31476159;11,28;SAT;POZITIF;AL;NEGATIF;AZALIYOR;SAT;SAT;NOTR;2;22.09.2026
AVGYO;izle;;65,5;20,4;22,3;22,9;40;5;zayif;14,6;47,6;40,5;asagi;guclu;zayif;yukari;1,35;-0,08;2;15,68;3,29;40344969;18,21;SAT;NEGATIF;NOTR;NEGATIF;ARTIYOR;SAT;SAT;NOTR;0;22.09.2026
MAVI;AL;EVET;65,4;13,6;27,1;24,7;6;0;zayif;26,4;54,7;56,9;yukari;guclu;zayif;asagi;1,63;0,27;3;38,5;2,94;490529925;32,61;AL;POZITIF;AL;POZITIF;ARTIYOR;AL;AL;NOTR;6;22.09.2026
OZSUB;izle;;65,2;22,7;25,1;17,4;10;1;ilimli;18,9;56,2;26,5;asagi;guclu;yukselis;yukari;0,89;1,13;2;41,98;6,71;93495589;45,04;SAT;POZITIF;NOTR;POZITIF;ARTIYOR;AL;AL;NOTR;4;22.09.2026
TUKAS;AL;EVET;64,9;11,8;28,4;24,7;18;1;zayif;21,9;59,7;60,1;yukari;guclu;yukselis;asagi;2,09;0,81;1;2,13;5,45;378804516;1,82;AL;POZITIF;AL;POZITIF;ARTIYOR;AL;AL;NOTR;6;22.09.2026
ARSAN;izle;;64,5;20,5;22,2;21,9;0;0;guclu trend;25,0;46,7;48,4;asagi;guclu;zayif;yukari;1,02;-0,15;2;3,7;7,87;98022261;4,10;SAT;NEGATIF;SAT;NEGATIF;ARTIYOR;SAT;AL;NOTR;1;22.09.2026
KCHOL;izle;;63,8;22,1;25,7;16,0;28;2;guclu trend;27,7;55,1;79,8;asagi;guclu;yukselis;yukari;0,68;1,36;3;221,1;-0,54;4918714195;229,66;SAT;POZITIF;SAT;NEGATIF;AZALIYOR;AL;AL;NOTR;3;22.09.2026
ALBRK;izle;;63,8;18,6;22,7;22,5;0;0;guclu trend;27,0;48,9;59,0;asagi;guclu;zayif;yukari;0,73;0,10;2;8,6;0,82;116496924;9,13;SAT;NEGATIF;SAT;NEGATIF;AZALIYOR;SAT;AL;NOTR;1;22.09.2026
TRCAS;izle;;63,6;28,5;17,8;17,4;10;1;guclu trend;20,8;44,5;61,3;yukari;guclu;zayif;yukari;0,91;-0,16;1;46,2;-3,55;38097028;45,06;SAT;NEGATIF;SAT;NEGATIF;ARTIYOR;SAT;AL;NOTR;1;22.09.2026
BRSAN;izle;;63,5;21,7;24,0;17,8;6;0;guclu trend;24,3;49,3;46,0;asagi;guclu;yukselis;yukari;0,79;0,66;3;669;1,52;1024806981;709,48;SAT;NEGATIF;SAT;NEGATIF;AZALIYOR;SAT;AL;NOTR;1;22.09.2026
ENJSA;izle;;63,1;27,8;21,4;13,9;32;3;zayif;22,6;45,6;46,1;yukari;guclu;zayif;asagi;0,57;-0,44;2;109,1;0,09;283313389;106,65;SAT;NEGATIF;SAT;NEGATIF;AZALIYOR;SAT;SAT;NOTR;0;22.09.2026
YKBNK;izle;;63,0;17,3;24,1;21,6;0;0;ilimli;18,2;54,3;61,7;asagi;guclu;yukselis;yukari;0,73;0,68;2;36,76;0,49;7179452604;37,23;SAT;POZITIF;NOTR;NEGATIF;AZALIYOR;AL;AL;NOTR;3;22.09.2026
AYGAZ;izle;;62,9;30,4;16,7;15,7;40;4;guclu trend;33,5;42,6;58,1;yukari;guclu;zayif;yukari;0,94;-0,04;2;301,75;-3,13;381494378;299,67;SAT;NEGATIF;SAT;NEGATIF;ARTIYOR;SAT;SAT;NOTR;0;22.09.2026
BOSSA;izle;;62,9;16,8;24,4;21,7;0;0;zayif;20,7;45,2;75,4;yukari;guclu;zayif;asagi;1,47;-0,45;1;6,44;-7,47;36298152;6,19;AL;NEGATIF;AL;NEGATIF;ARTIYOR;AL;SAT;NOTR;3;22.09.2026
UNLU;AL;;62,6;15,0;28,9;18,7;22;0;zayif;33,7;60,3;69,2;yukari;guclu;yukselis;yukari;7,59;1,04;4;12,15;-4,63;346718621;10,39;AL;POZITIF;AL;POZITIF;ARTIYOR;AL;AL;UCUZ (AL);6;22.09.2026
ISGYO;izle;;61,5;15,9;24,2;21,4;0;0;zayif;19,5;50,7;49,2;asagi;guclu;zayif;yukari;0,86;-0,07;1;24,88;3,24;42774343;25,73;AL;POZITIF;NOTR;POZITIF;AZALIYOR;AL;AL;NOTR;5;22.09.2026
AKBNK;izle;;60,5;12,5;24,3;23,7;38;3;zayif;18,3;55,1;56,1;asagi;guclu;yukselis;yukari;0,76;0,78;3;73,1;0,90;11011500957;74,93;SAT;POZITIF;NOTR;NEGATIF;AZALIYOR;AL;AL;NOTR;3;22.09.2026
ZRGYO;izle;;59,3;14,0;21,0;24,3;40;4;zayif;19,3;48,3;42,8;yukari;guclu;zayif;yukari;1,32;0,14;2;19,3;-1,03;54120076;18,80;SAT;NEGATIF;NOTR;NEGATIF;AZALIYOR;SAT;SAT;UCUZ (AL);0;22.09.2026
EGGUB;izle;;59,1;15,6;22,6;20,9;0;0;ilimli;20,7;49,4;52,8;asagi;guclu;yukselis;asagi;1,13;0,04;2;104,6;5,66;69636718;112,63;SAT;NEGATIF;SAT;NEGATIF;ARTIYOR;SAT;AL;NOTR;1;22.09.2026
INVES;izle;;58,8;21,1;18,3;19,4;0;0;guclu trend;20,1;43,9;32,1;asagi;guclu;zayif;yukari;0,54;0,03;2;752;0,47;29524272;846,10;SAT;NEGATIF;SAT;POZITIF;AZALIYOR;SAT;SAT;NOTR;1;22.09.2026
GARAN;izle;;57,1;9,2;23,8;24,1;46;4;zayif;18,1;53,8;71,1;asagi;guclu;yukselis;yukari;0,69;0,57;3;133,9;0,60;3511800656;136,38;SAT;POZITIF;NOTR;NEGATIF;AZALIYOR;AL;AL;NOTR;3;22.09.2026
TOASO;izle;;56,0;16,0;26,8;13,2;10;1;ilimli;17,5;51,7;70,9;yukari;guclu;yukselis;asagi;0,69;0,12;0;283,75;-2,16;721272354;263,78;AL;POZITIF;NOTR;NEGATIF;AZALIYOR;AL;AL;NOTR;4;22.09.2026
TUCLK;izle;;53,1;5,6;23,3;24,2;0;0;zayif;26,4;55,1;60,9;asagi;guclu;yukselis;asagi;1,93;0,35;2;3,97;8,47;79531383;4,11;SAT;POZITIF;AL;POZITIF;ARTIYOR;AL;AL;NOTR;5;22.09.2026
TNZTP;izle;;53,1;20,7;22,9;9,4;32;3;ilimli;17,4;47,9;47,6;asagi;guclu;zayif;yukari;0,61;0,17;1;28,82;0,00;83075091;32,10;SAT;NEGATIF;NOTR;NEGATIF;AZALIYOR;SAT;AL;NOTR;1;22.09.2026
KRTEK;izle;;52,7;8,4;25,0;19,3;0;0;zayif;15,2;52,6;69,3;yukari;guclu;zayif;asagi;1,31;-0,30;2;5,72;10,00;5230803;5,00;AL;POZITIF;NOTR;POZITIF;ARTIYOR;SAT;SAT;UCUZ (AL);3;22.09.2026
INDES;izle;;52,5;22,1;17,8;12,5;40;4;guclu trend;27,8;43,3;50,2;asagi;guclu;zayif;asagi;0,70;-0,64;2;10,81;2,95;50011514;11,79;SAT;NEGATIF;SAT;NEGATIF;ARTIYOR;SAT;AL;NOTR;1;22.09.2026
TRHOL;izle;;51,4;22,4;13,0;16,0;0;0;guclu trend;54,9;38,1;96,4;asagi;guclu;yukselis;yukari;0,00;-0,63;0;2660;-9,98;2221100;3487,37;SAT;NEGATIF;SAT;NEGATIF;ARTIYOR;SAT;AL;PAHALI (SAT);1;22.09.2026
SKYMD;izle;;50,7;27,4;14,9;8,5;10;1;zayif;25,4;43,5;62,5;yukari;guclu;zayif;yukari;0,48;-0,50;2;14,54;2,97;25710166;14,07;SAT;NEGATIF;SAT;NEGATIF;ARTIYOR;SAT;SAT;NOTR;0;22.09.2026
AGESA;izle;;49,8;20,4;18,1;11,3;10;0;zayif;27,9;43,3;61,4;asagi;guclu;zayif;asagi;1,05;-0,64;4;240,7;-0,54;54448988;262,88;SAT;NEGATIF;SAT;NEGATIF;ARTIYOR;SAT;AL;NOTR;1;22.09.2026
GLYHO;izle;;49,8;14,3;15,2;20,3;50;4;zayif;22,2;44,6;40,4;asagi;guclu;zayif;asagi;1,41;-1,01;4;15,95;2,77;79207732;16,97;SAT;NEGATIF;SAT;NEGATIF;ARTIYOR;AL;AL;NOTR;2;22.09.2026
ISCTR;izle;;48,9;8,1;27,9;13,0;14;0;zayif;23,2;54,0;73,3;asagi;guclu;yukselis;yukari;0,52;0,58;3;13,51;-0,37;5892701769;14,36;AL;POZITIF;SAT;NEGATIF;AZALIYOR;AL;AL;NOTR;4;22.09.2026
ALTIN;izle;;48,7;9,7;22,7;16,3;0;0;zayif;15,3;49,4;49,2;asagi;guclu;yukselis;asagi;0,80;0,08;0;74,15;-0,54;1043672373;77,86;SAT;NEGATIF;NOTR;NEGATIF;AZALIYOR;AL;AL;UCUZ (AL);2;22.09.2026
PETKM;izle;;48,5;20,7;19,9;8,0;10;1;guclu trend;20,5;46,7;35,6;asagi;guclu;zayif;yukari;0,54;-0,13;2;20,92;-1,78;1278106940;25,30;SAT;NEGATIF;AL;NEGATIF;AZALIYOR;SAT;SAT;NOTR;1;22.09.2026
ASELS;izle;;48,5;21,1;21,7;5,7;0;0;guclu trend;20,4;46,5;44,6;asagi;guclu;zayif;asagi;0,63;-0,36;2;374,5;-0,93;7326826231;413,49;SAT;NEGATIF;SAT;NEGATIF;AZALIYOR;SAT;AL;NOTR;1;22.09.2026
OYAKC;izle;;47,5;1,9;21,8;23,8;6;0;zayif;26,3;48,5;59,2;asagi;guclu;zayif;asagi;1,41;-0,31;3;21,18;4,03;520952938;22,37;SAT;NEGATIF;SAT;NEGATIF;ARTIYOR;SAT;AL;NOTR;1;22.09.2026
TRGYO;izle;;46,9;12,5;20,9;13,4;0;0;zayif;16,4;46,9;66,2;asagi;guclu;zayif;asagi;0,95;-0,52;2;93;0,11;102109722;96,70;SAT;NEGATIF;NOTR;NEGATIF;AZALIYOR;AL;AL;NOTR;2;22.09.2026
YGGYO;izle;;46,3;13,9;19,3;13,2;0;0;zayif;18,4;45,2;48,4;asagi;guclu;zayif;asagi;0,60;-0,85;1;217,2;0,93;16739170;236,77;SAT;NEGATIF;NOTR;NEGATIF;AZALIYOR;SAT;AL;NOTR;1;22.09.2026
ENKAI;izle;;43,7;6,6;21,6;15,5;6;0;zayif;24,6;49,4;56,0;asagi;guclu;zayif;asagi;0,80;-0,40;3;86,75;0,52;1042926631;92,02;SAT;NEGATIF;SAT;NEGATIF;AZALIYOR;SAT;AL;NOTR;1;22.09.2026
AVPGY;izle;;43,6;19,1;20,7;3,8;0;0;zayif;25,6;48,7;48,8;yukari;guclu;zayif;asagi;0,60;-0,09;2;54,15;0,28;24283188;51,57;SAT;NEGATIF;AL;NEGATIF;AZALIYOR;SAT;SAT;NOTR;1;22.09.2026
MEPET;izle;;43,2;0,7;21,8;20,7;0;0;zayif;17,1;50,0;58,0;asagi;guclu;zayif;asagi;2,19;-0,30;1;19,91;10,00;18481219;22,37;SAT;NEGATIF;NOTR;NEGATIF;ARTIYOR;SAT;AL;NOTR;1;22.09.2026
THYAO;izle;;42,7;2,2;24,2;16,4;6;0;zayif;23,2;50,2;58,1;asagi;guclu;zayif;asagi;1,08;-0,51;3;298;1,53;16216942460;301,24;AL;POZITIF;SAT;NEGATIF;ARTIYOR;AL;AL;NOTR;4;22.09.2026
EREGL;izle;;42,6;13,8;18,8;10,0;10;1;zayif;18,1;48,5;42,9;asagi;guclu;zayif;asagi;0,53;-0,53;2;37,82;1,18;3090671655;40,26;SAT;NEGATIF;NOTR;NEGATIF;AZALIYOR;AL;AL;NOTR;2;22.09.2026
AZTEK;izle;;42,2;10,4;13,7;18,0;10;0;zayif;32,2;44,1;57,1;yukari;zayif;zayif;asagi;2,70;-1,68;4;3,6;-10,00;81659437;3,20;AL;NEGATIF;SAT;NEGATIF;ARTIYOR;AL;AL;NOTR;3;22.09.2026
TURSG;izle;;41,7;5,8;23,1;12,8;8;0;zayif;16,0;45,9;69,0;asagi;guclu;zayif;asagi;0,77;-0,73;2;6,08;-1,62;396393577;6,53;AL;NEGATIF;NOTR;NEGATIF;AZALIYOR;AL;AL;NOTR;3;22.09.2026
MARTI;izle;;41,5;17,6;15,9;8,0;0;0;zayif;51,3;43,0;81,7;asagi;guclu;yukselis;asagi;0,01;-0,51;1;1,81;-9,95;2587552;2,53;SAT;NEGATIF;AL;NEGATIF;AZALIYOR;SAT;SAT;NOTR;1;22.09.2026
FROTO;izle;;41,5;1,8;21,5;18,2;32;3;zayif;25,6;50,3;60,9;asagi;guclu;zayif;asagi;0,93;-0,44;2;79,2;1,73;1732123642;83,94;SAT;POZITIF;SAT;NEGATIF;ARTIYOR;AL;AL;NOTR;3;22.09.2026
NETAS;izle;;41,3;22,4;10,9;8,0;0;0;guclu trend;36,6;38,6;54,5;asagi;guclu;zayif;yukari;0,35;-0,86;2;75,9;-2,69;53463201;99,91;SAT;NEGATIF;SAT;NEGATIF;AZALIYOR;SAT;SAT;NOTR;0;22.09.2026
SAHOL;izle;;41,0;3,6;22,1;15,2;28;2;zayif;24,5;49,2;66,4;asagi;guclu;zayif;asagi;0,75;-0,15;3;91,15;0,66;2552854092;96,46;SAT;NEGATIF;SAT;NEGATIF;AZALIYOR;SAT;AL;NOTR;1;22.09.2026
AKSGY;izle;;40,4;19,8;14,4;6,3;16;1;zayif;24,8;39,0;47,7;asagi;guclu;zayif;asagi;0,73;-1,07;3;9,41;-0,84;36786315;10,14;SAT;NEGATIF;SAT;NEGATIF;AZALIYOR;SAT;AL;NOTR;1;22.09.2026
ARDYZ;izle;;40,4;15,4;7,6;17,3;10;0;zayif;38,4;37,0;32,5;asagi;zayif;zayif;asagi;1,26;-1,67;4;66,65;7,50;451758366;74,79;SAT;NEGATIF;SAT;NEGATIF;ARTIYOR;SAT;AL;NOTR;1;22.09.2026
AEFES;izle;;39,8;6,8;20,7;12,2;0;0;zayif;23,3;46,4;80,6;asagi;guclu;zayif;asagi;0,84;-1,01;2;18,83;-1,93;708918129;20,18;AL;NEGATIF;SAT;NEGATIF;AZALIYOR;AL;AL;NOTR;3;22.09.2026
YKSLN;izle;;39,7;7,4;14,3;18,0;0;0;zayif;30,6;43,6;81,7;asagi;guclu;zayif;asagi;1,58;-0,92;0;3,02;-9,85;67091961;4,12;SAT;NEGATIF;SAT;NEGATIF;ARTIYOR;SAT;SAT;NOTR;0;22.09.2026
EUPWR;izle;;39,6;13,5;8,9;17,2;10;1;zayif;35,1;41,2;45,4;asagi;zayif;zayif;asagi;1,25;-1,89;2;68,25;5,81;2367860108;76,39;SAT;NEGATIF;SAT;NEGATIF;ARTIYOR;AL;AL;NOTR;2;22.09.2026
ANHYT;izle;;39,3;4,9;19,3;15,1;6;0;zayif;15,6;45,7;61,1;asagi;guclu;zayif;asagi;0,99;-0,64;3;103,5;0,19;101013516;112,43;SAT;NEGATIF;NOTR;NEGATIF;AZALIYOR;SAT;SAT;NOTR;0;22.09.2026
OFSYM;izle;;39,1;22,2;15,2;1,7;20;1;zayif;37,5;41,8;34,2;yukari;guclu;zayif;asagi;0,46;-0,61;4;59,4;-0,42;45122081;58,06;SAT;NEGATIF;SAT;NEGATIF;AZALIYOR;SAT;SAT;NOTR;0;22.09.2026
KERVN;izle;;39,0;22,1;8,9;8,0;22;2;guclu trend;27,4;41,2;34,6;asagi;zayif;zayif;yukari;0,23;-1,54;1;7,64;9,93;2380670;8,63;SAT;NEGATIF;SAT;NEGATIF;ARTIYOR;SAT;AL;NOTR;1;22.09.2026
BUCIM;izle;;38,7;2,4;14,7;21,5;10;0;zayif;30,9;40,5;48,5;asagi;guclu;zayif;asagi;1,72;-1,35;4;5,21;3,37;47353075;5,55;SAT;NEGATIF;SAT;NEGATIF;ARTIYOR;SAT;AL;UCUZ (AL);1;22.09.2026
YEOTK;izle;;38,6;12,1;16,5;10,0;18;0;zayif;20,0;46,3;46,8;asagi;zayif;zayif;asagi;1,40;-1,28;5;32,46;9,96;791727738;35,85;AL;NEGATIF;NOTR;NEGATIF;ARTIYOR;AL;AL;NOTR;3;22.09.2026
TCELL;izle;;38,4;1,6;23,9;12,9;8;0;zayif;23,9;49,0;67,8;asagi;guclu;zayif;asagi;0,40;-0,64;2;100,3;0,40;1457899918;105,37;AL;NEGATIF;SAT;NEGATIF;AZALIYOR;AL;AL;NOTR;3;22.09.2026
CCOLA;izle;;37,9;12,2;20,4;5,4;14;0;zayif;21,0;45,5;48,8;asagi;zayif;zayif;asagi;0,89;-0,98;3;78,6;-1,87;372952991;84,19;AL;NEGATIF;SAT;NEGATIF;AZALIYOR;AL;SAT;NOTR;2;22.09.2026
MTRYO;izle;;37,7;1,0;25,3;11,4;16;1;zayif;19,5;51,4;60,2;asagi;guclu;zayif;asagi;0,90;-0,27;3;8,95;-0,56;2482372;9,34;AL;POZITIF;NOTR;POZITIF;ARTIYOR;AL;AL;NOTR;5;22.09.2026
DOCO;izle;;37,2;10,2;12,6;14,5;32;2;zayif;20,5;37,9;32,1;asagi;guclu;zayif;asagi;1,81;-1,30;4;10657,5;0,26;89022098;11429,62;SAT;NEGATIF;SAT;NEGATIF;ARTIYOR;SAT;AL;NOTR;1;22.09.2026
OTKAR;izle;;37,1;8,5;19,0;9,7;10;0;zayif;15,3;45,6;44,5;yukari;guclu;zayif;asagi;1,28;-1,15;5;307,75;1,90;132029059;298,05;SAT;NEGATIF;NOTR;NEGATIF;ARTIYOR;SAT;AL;UCUZ (AL);1;22.09.2026
EKGYO;izle;;36,3;2,0;21,9;12,5;10;1;zayif;22,0;48,5;49,1;asagi;guclu;zayif;asagi;0,76;-0,27;2;19,49;1,51;2698675132;21,81;SAT;NEGATIF;SAT;NEGATIF;AZALIYOR;SAT;AL;NOTR;1;22.09.2026
LMKDC;izle;;36,2;1,4;22,4;12,4;20;1;zayif;22,4;48,9;56,1;asagi;guclu;zayif;asagi;0,83;-1,10;4;22,8;1,88;89517292;23,16;AL;NEGATIF;SAT;NEGATIF;AZALIYOR;AL;AL;UCUZ (AL);3;22.09.2026
PGSUS;izle;;36,1;0,4;24,0;11,7;8;0;zayif;15,2;49,1;69,7;asagi;guclu;zayif;asagi;0,78;-0,84;2;151,3;0,07;1404686902;158,55;AL;NEGATIF;NOTR;NEGATIF;AZALIYOR;AL;AL;UCUZ (AL);3;22.09.2026
BJKAS;izle;;35,9;11,8;6,0;18,0;0;0;zayif;25,4;40,8;68,6;asagi;zayif;zayif;asagi;2,07;-1,20;1;1,85;6,94;1678743916;2,41;SAT;NEGATIF;SAT;NEGATIF;ARTIYOR;SAT;SAT;NOTR;0;22.09.2026
DURDO;izle;;35,3;10,1;11,7;13,4;50;4;zayif;24,0;41,4;36,6;asagi;zayif;zayif;asagi;1,67;-1,42;4;4,67;9,88;20672941;5,10;SAT;NEGATIF;SAT;NEGATIF;ARTIYOR;SAT;AL;NOTR;1;22.09.2026
AKSA;izle;;34,9;13,8;19,9;1,1;0;0;zayif;24,1;45,5;64,4;yukari;zayif;zayif;asagi;0,50;-1,15;1;10,91;1,49;97838949;10,52;AL;NEGATIF;SAT;NEGATIF;AZALIYOR;SAT;SAT;NOTR;1;22.09.2026
PCILT;izle;;34,9;13,2;19,6;2,1;6;0;zayif;13,2;48,2;32,6;asagi;guclu;zayif;asagi;0,77;-0,44;3;31,08;4,86;44964089;33,97;SAT;NEGATIF;NOTR;NEGATIF;ARTIYOR;AL;AL;NOTR;2;22.09.2026
GUBRF;izle;;34,8;7,6;17,2;10,0;22;2;zayif;29,7;43,0;57,4;asagi;guclu;zayif;asagi;0,63;-0,95;2;440;-0,79;975032080;485,59;SAT;NEGATIF;SAT;NEGATIF;AZALIYOR;SAT;AL;NOTR;1;22.09.2026
TTKOM;izle;;34,8;1,9;21,7;11,1;0;0;zayif;16,9;50,3;68,5;asagi;guclu;zayif;asagi;0,57;-0,34;1;54,1;1,31;1363732080;59,69;SAT;POZITIF;NOTR;NEGATIF;AZALIYOR;SAT;AL;NOTR;2;22.09.2026
KLSYN;izle;;34,6;22,4;12,1;0,0;0;0;guclu trend;30,8;37,8;63,1;asagi;zayif;zayif;asagi;0,56;-0,98;1;13,81;3,06;29350255;16,20;SAT;NEGATIF;SAT;NEGATIF;ARTIYOR;SAT;AL;NOTR;1;22.09.2026
CLEBI;izle;;33,6;1,1;17,9;14,6;10;0;zayif;20,3;46,4;52,2;asagi;guclu;zayif;asagi;1,11;-1,36;4;1429;0,78;37474096;1485,54;SAT;NEGATIF;SAT;NEGATIF;ARTIYOR;AL;AL;NOTR;2;22.09.2026
CVKMD;izle;;33,5;12,6;10,9;10,0;6;0;zayif;24,6;41,1;35,3;asagi;zayif;zayif;asagi;1,31;-1,39;3;14,06;5,71;577308619;15,58;SAT;NEGATIF;SAT;NEGATIF;ARTIYOR;AL;AL;NOTR;2;22.09.2026
EGEEN;izle;;33,4;6,8;16,6;10,0;0;0;zayif;25,4;46,0;66,4;asagi;guclu;zayif;asagi;2,34;-0,78;2;5155;9,39;414621805;6130,57;SAT;NEGATIF;SAT;NEGATIF;ARTIYOR;SAT;SAT;UCUZ (AL);0;22.09.2026
ISMEN;izle;;33,3;9,1;17,4;6,9;0;0;zayif;20,1;46,1;52,0;yukari;guclu;zayif;asagi;0,81;-0,93;2;33,5;-0,48;220864529;32,52;SAT;NEGATIF;SAT;NEGATIF;AZALIYOR;SAT;SAT;UCUZ (AL);0;22.09.2026
TABGD;izle;;33,3;1,0;11,6;20,7;0;0;zayif;19,1;39,8;46,9;asagi;zayif;zayif;asagi;1,46;-1,57;2;227,1;0,31;247886463;247,65;SAT;NEGATIF;NOTR;NEGATIF;ARTIYOR;SAT;SAT;NOTR;0;22.09.2026
BIGEN;izle;;32,2;22,0;2,2;8,0;0;0;zayif;26,8;32,3;72,2;asagi;zayif;zayif;asagi;0,01;-2,58;0;92,8;-9,99;8490086;132,22;SAT;NEGATIF;SAT;NEGATIF;AZALIYOR;SAT;SAT;PAHALI (SAT);0;22.09.2026
DOHOL;izle;;32,1;5,6;13,1;13,3;10;0;zayif;20,0;40,1;36,2;asagi;guclu;zayif;asagi;1,23;-1,38;4;20,26;2,12;338694018;22,13;SAT;NEGATIF;NOTR;NEGATIF;AZALIYOR;SAT;AL;NOTR;1;22.09.2026
ADGYO;izle;;31,9;5,1;12,4;14,5;10;0;zayif;27,3;39,8;33,6;asagi;zayif;zayif;asagi;1,09;-1,21;4;51,75;4,80;65761416;57,79;SAT;NEGATIF;SAT;NEGATIF;AZALIYOR;SAT;AL;NOTR;1;22.09.2026
MGROS;izle;;31,5;2,4;18,6;10,5;6;0;zayif;35,9;47,1;73,3;asagi;zayif;zayif;asagi;0,85;-1,71;3;539;0,19;1572037698;553,46;AL;NEGATIF;SAT;NEGATIF;AZALIYOR;AL;AL;NOTR;3;22.09.2026
KARSN;izle;;30,8;12,4;8,3;10,1;0;0;zayif;33,6;42,3;68,9;asagi;zayif;zayif;asagi;0,82;-1,27;0;10,06;9,95;466618030;12,37;SAT;NEGATIF;SAT;NEGATIF;AZALIYOR;SAT;AL;NOTR;1;22.09.2026
OZATD;izle;;30,4;22,4;0,0;8,0;22;2;zayif;33,7;23,8;69,6;asagi;zayif;zayif;asagi;0,00;-3,31;1;2945;-9,94;117800;3840,58;SAT;NEGATIF;SAT;NEGATIF;ARTIYOR;SAT;AL;PAHALI (SAT);1;22.09.2026
IEYHO;izle;;30,4;22,4;0,0;8,0;0;0;zayif;73,8;20,4;99,1;asagi;zayif;zayif;asagi;0,00;-5,58;0;135,9;-10,00;326160;165,50;SAT;NEGATIF;SAT;NEGATIF;ARTIYOR;SAT;AL;PAHALI (SAT);1;22.09.2026
OZYSR;izle;;30,2;5,7;9,4;15,1;6;0;zayif;28,1;42,0;35,5;asagi;zayif;zayif;asagi;1,13;-1,38;3;11,2;3,04;39304675;12,85;SAT;NEGATIF;SAT;NEGATIF;AZALIYOR;SAT;SAT;NOTR;0;22.09.2026
TTRAK;izle;;30,1;1,9;13,6;14,5;10;0;zayif;26,1;42,8;31,0;asagi;guclu;zayif;asagi;1,02;-1,21;4;411;1,23;42775236;443,90;SAT;NEGATIF;SAT;NEGATIF;AZALIYOR;SAT;SAT;UCUZ (AL);0;22.09.2026
EGPRO;izle;;29,8;11,5;16,1;2,2;10;0;zayif;24,3;44,4;42,5;asagi;guclu;zayif;asagi;0,80;-0,95;4;34,76;2,60;46322532;39,72;SAT;NEGATIF;SAT;NEGATIF;AZALIYOR;SAT;SAT;NOTR;0;22.09.2026
MRGYO;izle;;29,6;12,4;9,1;8,0;0;0;zayif;41,9;40,3;77,8;asagi;zayif;zayif;asagi;0,02;-1,30;0;1,41;-9,62;3907128;1,90;SAT;NEGATIF;SAT;NEGATIF;ARTIYOR;SAT;SAT;NOTR;0;22.09.2026
KRDMA;izle;;29,5;22,4;7,0;0,0;20;1;zayif;30,4;35,1;24,9;asagi;zayif;zayif;asagi;0,60;-1,64;4;42,22;-4,00;295773941;54,09;SAT;NEGATIF;SAT;NEGATIF;AZALIYOR;SAT;SAT;NOTR;0;22.09.2026
ISFIN;izle;;29,4;5,5;15,2;8,7;10;0;zayif;22,1;43,2;56,6;asagi;guclu;zayif;asagi;0,60;-1,09;4;18,84;-0,05;20986573;19,51;SAT;NEGATIF;SAT;NEGATIF;AZALIYOR;AL;AL;NOTR;2;22.09.2026
EUKYO;izle;;29,4;21,3;0,0;8,0;0;0;zayif;42,3;22,3;53,8;asagi;zayif;zayif;asagi;0,19;-3,36;1;10,14;-9,95;1327143;12,70;SAT;NEGATIF;SAT;NEGATIF;ARTIYOR;SAT;SAT;NOTR;0;22.09.2026
SANKO;izle;;29,3;7,0;12,8;9,6;6;0;zayif;32,0;42,0;67,5;asagi;guclu;zayif;asagi;0,67;-1,20;3;18,58;2,94;6743741;21,15;SAT;NEGATIF;AL;NEGATIF;AZALIYOR;SAT;SAT;NOTR;1;22.09.2026
EPLAS;izle;;29,0;11,2;17,1;0,6;22;2;zayif;28,0;45,0;26,4;asagi;guclu;zayif;asagi;0,74;-0,72;2;5,48;1,67;28182182;6,67;SAT;NEGATIF;AL;NEGATIF;AZALIYOR;SAT;SAT;NOTR;1;22.09.2026
GESAN;izle;;28,8;5,4;5,3;18,0;10;1;zayif;40,3;29,4;19,3;asagi;zayif;zayif;asagi;1,42;-4,12;1;50,05;9,90;1578212436;60,43;SAT;NEGATIF;SAT;NEGATIF;ARTIYOR;SAT;AL;NOTR;1;22.09.2026
PSDTC;izle;;28,2;5,0;5,2;18,0;50;4;zayif;26,9;29,0;23,9;asagi;zayif;zayif;asagi;3,45;-3,66;4;101,6;9,90;154178305;124,59;SAT;NEGATIF;SAT;NEGATIF;ARTIYOR;SAT;AL;NOTR;1;22.09.2026
KONYA;izle;;28,1;7,4;14,5;6,2;10;1;zayif;30,5;43,2;60,5;asagi;guclu;zayif;asagi;0,95;-0,82;2;3705;3,71;82525170;4312,77;SAT;NEGATIF;SAT;NEGATIF;AZALIYOR;SAT;SAT;UCUZ (AL);0;22.09.2026
OYYAT;izle;;27,9;1,5;8,3;18,0;0;0;zayif;23,2;39,5;45,1;asagi;zayif;zayif;asagi;1,98;-2,77;2;30,9;9,96;51157175;32,28;SAT;NEGATIF;SAT;NEGATIF;ARTIYOR;SAT;AL;NOTR;1;22.09.2026
AKFIS;izle;;27,9;21,4;4,2;2,2;0;0;zayif;22,3;35,7;31,2;asagi;zayif;zayif;asagi;0,83;-1,58;2;13,26;-7,27;211575300;17,46;SAT;NEGATIF;SAT;NEGATIF;AZALIYOR;SAT;AL;PAHALI (SAT);1;22.09.2026
KZGYO;izle;;27,6;7,4;2,1;18,0;0;0;zayif;34,3;32,1;65,4;asagi;zayif;zayif;asagi;2,72;-3,19;1;16,42;-9,98;245877234;23,10;SAT;NEGATIF;SAT;NEGATIF;AZALIYOR;SAT;SAT;UCUZ (AL);0;22.09.2026
TSKB;izle;;27,3;1,1;17,7;8,5;10;1;zayif;19,8;45,9;54,3;asagi;guclu;zayif;asagi;0,93;-0,89;2;10,87;0,18;222380319;11,64;SAT;NEGATIF;NOTR;NEGATIF;AZALIYOR;SAT;SAT;NOTR;0;22.09.2026
KGYO;izle;;27,1;15,1;4,0;8,0;10;1;zayif;18,5;34,0;41,3;asagi;zayif;zayif;asagi;0,06;-2,09;2;9,56;-9,98;9644357;12,23;SAT;NEGATIF;NOTR;NEGATIF;ARTIYOR;SAT;SAT;NOTR;0;22.09.2026
ANSGR;izle;;26,9;3,9;16,3;6,6;0;0;zayif;18,9;40,2;59,3;asagi;guclu;zayif;asagi;0,86;-1,49;2;25,96;-3,78;104869470;28,02;AL;NEGATIF;NOTR;NEGATIF;ARTIYOR;AL;AL;NOTR;3;22.09.2026
CIMSA;izle;;26,7;1,3;13,0;12,4;6;0;zayif;21,9;44,0;59,2;asagi;zayif;zayif;asagi;0,84;-1,66;3;42,92;2,88;294823103;45,98;SAT;NEGATIF;SAT;NEGATIF;ARTIYOR;SAT;AL;NOTR;1;22.09.2026
DMRGD;izle;;26,7;14,2;4,5;8,0;0;0;zayif;20,7;32,9;70,5;asagi;zayif;zayif;asagi;0,01;-2,50;0;9,03;-9,97;4322544;11,42;SAT;NEGATIF;SAT;NEGATIF;ARTIYOR;SAT;SAT;NOTR;0;22.09.2026
ULKER;izle;;26,3;1,8;17,6;6,9;42;3;zayif;25,0;45,0;56,3;asagi;guclu;zayif;asagi;0,91;-1,54;4;88,6;1,61;492692639;95,05;SAT;NEGATIF;SAT;NEGATIF;AZALIYOR;SAT;AL;UCUZ (AL);1;22.09.2026
ATATP;izle;;26,1;22,4;3,7;0,0;32;2;zayif;29,4;34,5;34,6;asagi;zayif;zayif;asagi;0,57;-1,35;4;241,8;-1,10;139712282;298,63;SAT;NEGATIF;SAT;NEGATIF;AZALIYOR;SAT;AL;NOTR;1;22.09.2026
TCKRC;izle;;26,1;14,5;7,2;4,4;6;0;zayif;33,7;35,7;35,2;asagi;zayif;zayif;asagi;0,96;-2,17;3;121,4;7,72;355423630;138,23;SAT;NEGATIF;SAT;NEGATIF;ARTIYOR;SAT;AL;NOTR;1;22.09.2026
GEDIK;izle;;25,9;1,7;6,2;18,0;0;0;zayif;24,6;32,2;58,1;asagi;zayif;zayif;asagi;1,70;-2,96;2;5,23;-1,88;71580630;5,68;SAT;NEGATIF;SAT;NEGATIF;AZALIYOR;AL;AL;NOTR;2;22.09.2026
USHOL;izle;;25,5;8,9;7,9;8,7;40;4;zayif;26,1;38,1;46,5;asagi;zayif;zayif;asagi;1,22;-1,80;2;65,25;-1,44;48819659;76,85;SAT;NEGATIF;SAT;NEGATIF;AZALIYOR;AL;AL;NOTR;2;22.09.2026
OZKGY;izle;;25,5;1,9;13,1;10,5;10;0;zayif;25,7;40,9;33,3;asagi;guclu;zayif;asagi;0,85;-1,60;4;12,35;2,40;34978757;13,15;SAT;NEGATIF;SAT;NEGATIF;ARTIYOR;SAT;AL;NOTR;1;22.09.2026
GLRMK;izle;;25,2;2,0;7,8;15,4;32;3;zayif;26,6;37,7;40,0;asagi;zayif;zayif;asagi;1,15;-1,86;2;145,3;3,49;979438821;167,95;SAT;NEGATIF;SAT;NEGATIF;AZALIYOR;SAT;AL;NOTR;1;22.09.2026
ECZYT;izle;;25,1;2,4;4,7;18,0;0;0;zayif;33,1;27,3;44,2;asagi;zayif;zayif;asagi;5,27;-4,82;2;232,6;9,98;541731448;260,96;SAT;NEGATIF;SAT;NEGATIF;ARTIYOR;SAT;AL;NOTR;1;22.09.2026
AYDEM;izle;;25,1;4,5;11,2;9,4;40;4;zayif;23,3;39,8;41,5;asagi;zayif;zayif;asagi;0,73;-1,59;2;23,8;3,75;39807832;26,22;SAT;NEGATIF;SAT;NEGATIF;AZALIYOR;SAT;AL;NOTR;1;22.09.2026
FZLGY;izle;;24,8;1,9;5,0;18,0;0;0;zayif;25,7;31,9;47,2;asagi;zayif;zayif;asagi;2,21;-3,70;2;7,57;1,47;348575283;9,50;SAT;NEGATIF;SAT;NEGATIF;ARTIYOR;SAT;SAT;UCUZ (AL);0;22.09.2026
LIDFA;izle;;24,1;0,7;11,9;11,5;10;0;zayif;17,1;44,6;59,6;asagi;zayif;zayif;asagi;1,15;-1,44;4;1,63;-1,21;34656258;1,70;SAT;NEGATIF;NOTR;NEGATIF;AZALIYOR;AL;AL;NOTR;2;22.09.2026
BRISA;izle;;24,1;1,0;12,2;10,9;6;0;zayif;19,3;42,9;60,9;asagi;zayif;zayif;asagi;1,24;-1,88;3;73,3;2,88;16838769;80,01;SAT;NEGATIF;NOTR;NEGATIF;ARTIYOR;SAT;AL;UCUZ (AL);1;22.09.2026
EFOR;izle;;23,8;10,1;5,7;8,0;0;0;zayif;13,0;37,5;52,4;asagi;zayif;zayif;asagi;0,22;-1,60;2;15,84;-9,95;276341250;20,83;SAT;NEGATIF;NOTR;NEGATIF;ARTIYOR;SAT;SAT;NOTR;0;22.09.2026
SELEC;izle;;23,8;15,8;0,0;8,0;0;0;zayif;43,3;24,6;63,1;asagi;zayif;zayif;asagi;0,00;-4,36;0;172,6;-9,96;757196;239,74;SAT;NEGATIF;SAT;NEGATIF;AZALIYOR;SAT;SAT;NOTR;0;22.09.2026
GSDDE;izle;;23,3;12,2;11,1;0,0;0;0;zayif;18,0;41,8;42,3;asagi;zayif;zayif;asagi;0,61;-0,98;1;12,4;1,64;35151520;14,87;SAT;NEGATIF;NOTR;NEGATIF;AZALIYOR;SAT;SAT;NOTR;0;22.09.2026
VANGD;izle;;23,2;5,2;0,0;18,0;6;0;zayif;28,5;23,1;45,5;asagi;zayif;zayif;asagi;4,62;-4,24;3;64,8;5,11;58307429;78,06;SAT;NEGATIF;SAT;NEGATIF;ARTIYOR;SAT;AL;NOTR;1;22.09.2026
VBTYZ;izle;;23,1;17,8;5,3;0,0;46;5;zayif;31,9;29,2;19,3;asagi;zayif;zayif;asagi;0,61;-2,56;3;27,72;0,00;33591290;33,71;SAT;NEGATIF;SAT;NEGATIF;AZALIYOR;SAT;SAT;NOTR;0;22.09.2026
AKSEN;izle;;22,8;5,4;6,3;11,0;0;0;zayif;31,3;32,7;33,1;asagi;zayif;zayif;asagi;0,88;-3,14;2;68,6;2,08;444691817;77,56;SAT;NEGATIF;SAT;NEGATIF;AZALIYOR;AL;AL;NOTR;2;22.09.2026
CANTE;izle;;22,7;2,4;9,0;11,3;0;0;zayif;31,3;41,0;53,6;asagi;zayif;zayif;asagi;0,84;-1,61;2;1,17;5,41;500897075;1,40;SAT;NEGATIF;SAT;NEGATIF;ARTIYOR;SAT;AL;UCUZ (AL);1;22.09.2026
ANELE;izle;;22,6;14,6;0,0;8,0;0;0;zayif;36,9;23,7;18,4;asagi;zayif;zayif;asagi;0,00;-4,25;0;85,15;-9,99;392627;125,96;SAT;NEGATIF;SAT;NEGATIF;AZALIYOR;SAT;SAT;PAHALI (SAT);0;22.09.2026
ASTOR;izle;;22,5;13,9;7,5;1,1;38;3;zayif;30,0;36,7;40,1;asagi;zayif;zayif;asagi;0,77;-2,31;3;258,25;-1,34;7314708639;300,62;SAT;NEGATIF;SAT;NEGATIF;AZALIYOR;SAT;AL;NOTR;1;22.09.2026
ATSYH;izle;;22,4;10,9;1,6;10,0;16;1;zayif;18,3;30,2;34,4;asagi;zayif;zayif;asagi;2,09;-4,37;3;82,4;-9,99;7381062;103,99;SAT;NEGATIF;NOTR;NEGATIF;ARTIYOR;SAT;SAT;NOTR;0;22.09.2026
KLKIM;izle;;22,3;1,8;7,6;12,9;6;0;zayif;25,1;33,5;38,0;asagi;zayif;zayif;asagi;1,00;-3,05;3;23,82;1,88;37203529;25,96;SAT;NEGATIF;SAT;NEGATIF;AZALIYOR;SAT;AL;UCUZ (AL);1;22.09.2026
NTHOL;izle;;22,3;2,4;10,4;9,5;10;0;zayif;33,5;40,2;30,0;asagi;zayif;zayif;asagi;1,27;-1,73;4;39,86;4,07;94107866;42,25;SAT;NEGATIF;SAT;NEGATIF;ARTIYOR;AL;AL;UCUZ (AL);2;22.09.2026
NUHCM;izle;;21,8;1,1;12,3;8,4;10;1;zayif;20,2;38,6;44,4;asagi;guclu;zayif;asagi;1,03;-1,42;2;206,2;1,28;13922830;224,95;SAT;NEGATIF;SAT;NEGATIF;ARTIYOR;SAT;SAT;NOTR;0;22.09.2026
KRSTL;izle;;21,5;2,4;5,1;14,0;6;0;zayif;45,2;28,5;41,6;asagi;zayif;zayif;asagi;1,49;-4,35;3;8,03;2,42;46529096;8,69;SAT;NEGATIF;SAT;NEGATIF;ARTIYOR;AL;AL;NOTR;2;22.09.2026
PATEK;izle;;21,4;1,2;5,3;14,9;22;2;zayif;20,9;38,5;49,2;asagi;zayif;zayif;asagi;1,11;-1,94;2;16,92;0,71;602986162;23,50;SAT;NEGATIF;SAT;NEGATIF;ARTIYOR;SAT;SAT;NOTR;0;22.09.2026
DOAS;izle;;21,4;2,3;9,1;10,0;10;0;zayif;28,5;38,8;45,7;asagi;zayif;zayif;asagi;1,51;-2,84;4;158,5;2,59;203267533;165,49;SAT;NEGATIF;SAT;NEGATIF;ARTIYOR;AL;AL;UCUZ (AL);2;22.09.2026
FONET;izle;;21,1;5,4;6,5;9,1;28;2;zayif;36,9;33,3;33,2;asagi;zayif;zayif;asagi;1,01;-2,65;3;4,23;3,68;67811629;4,63;SAT;NEGATIF;SAT;NEGATIF;ARTIYOR;AL;AL;NOTR;2;22.09.2026
ECILC;izle;;20,9;2,2;8,7;10,0;16;1;zayif;28,2;40,7;51,8;asagi;zayif;zayif;asagi;1,41;-2,34;3;63,1;9,93;559699209;69,49;SAT;NEGATIF;SAT;NEGATIF;ARTIYOR;SAT;AL;NOTR;1;22.09.2026
PNSUT;izle;;20,9;2,4;10,3;8,2;22;2;zayif;29,8;41,0;63,5;asagi;guclu;zayif;asagi;0,45;-1,38;2;10,45;2,05;26033730;11,96;SAT;NEGATIF;SAT;NEGATIF;AZALIYOR;SAT;AL;NOTR;1;22.09.2026
CEMTS;izle;;20,7;2,0;8,6;10,1;42;3;zayif;26,8;35,5;40,7;asagi;zayif;zayif;asagi;2,59;-2,72;4;8,08;4,26;36825949;8,58;SAT;NEGATIF;SAT;NEGATIF;ARTIYOR;SAT;AL;UCUZ (AL);1;22.09.2026
SISE;izle;;20,5;1,4;17,3;1,8;16;1;zayif;22,2;46,6;66,6;asagi;guclu;zayif;asagi;0,42;-0,82;3;40,26;-0,25;1520480176;45,53;SAT;NEGATIF;SAT;NEGATIF;AZALIYOR;SAT;AL;NOTR;1;22.09.2026
SMRTG;izle;;20,4;2,4;0,0;18,0;0;0;zayif;35,6;17,8;12,6;asagi;zayif;zayif;asagi;5,14;-6,62;1;5,56;2,39;797063519;7,05;SAT;NEGATIF;SAT;NEGATIF;ARTIYOR;SAT;AL;NOTR;1;22.09.2026
CATES;izle;;20,4;12,4;0,0;8,0;0;0;zayif;36,4;24,3;38,6;asagi;zayif;zayif;asagi;0,12;-3,79;2;37,26;-9,96;11053738;52,02;SAT;NEGATIF;SAT;NEGATIF;AZALIYOR;SAT;AL;NOTR;1;22.09.2026
ALKLC;izle;;20,4;12,4;0,0;8,0;0;0;zayif;58,8;23,7;97,4;asagi;zayif;zayif;asagi;0,00;-4,75;0;307,5;-9,96;549195;386,98;SAT;NEGATIF;SAT;NEGATIF;ARTIYOR;SAT;AL;NOTR;1;22.09.2026
KCAER;izle;;20,4;5,4;4,9;10,0;32;2;zayif;41,5;28,0;26,5;asagi;zayif;zayif;asagi;2,28;-3,72;5;11,6;6,72;363919736;13,40;SAT;NEGATIF;SAT;NEGATIF;ARTIYOR;SAT;AL;NOTR;1;22.09.2026
ECOGR;izle;;20,3;6,6;5,7;8,0;16;1;zayif;17,5;37,6;64,7;asagi;zayif;zayif;asagi;0,51;-2,03;3;31,62;3,88;97835853;37,47;SAT;NEGATIF;NOTR;NEGATIF;AZALIYOR;SAT;SAT;NOTR;0;22.09.2026
RNPOL;izle;;20,3;4,9;5,4;10,0;32;2;zayif;25,9;35,7;18,5;asagi;zayif;zayif;asagi;2,12;-2,03;5;2,03;-4,69;15910657;2,47;SAT;NEGATIF;SAT;NEGATIF;ARTIYOR;SAT;AL;NOTR;1;22.09.2026
JANTS;izle;;20,2;7,0;13,2;0,0;46;4;zayif;36,9;42,6;35,2;asagi;guclu;zayif;asagi;0,49;-1,08;3;14,91;0,40;33957928;17,03;SAT;NEGATIF;AL;NEGATIF;AZALIYOR;SAT;SAT;UCUZ (AL);1;22.09.2026
SKBNK;izle;;20,2;1,7;9,6;8,9;16;1;zayif;24,5;30,4;42,0;asagi;zayif;zayif;asagi;1,23;-7,04;3;5,61;-5,08;1006568668;6,61;AL;NEGATIF;SAT;NEGATIF;ARTIYOR;SAT;SAT;NOTR;1;22.09.2026
AKFYE;izle;;20,2;4,5;7,0;8,7;0;0;zayif;16,0;40,9;57,7;asagi;zayif;zayif;asagi;0,74;-1,30;2;3,56;2,01;187464976;4,36;SAT;NEGATIF;NOTR;NEGATIF;ARTIYOR;SAT;AL;NOTR;1;22.09.2026
AGYO;izle;;20,1;0,4;10,5;9,2;16;1;zayif;15,1;38,5;44,9;asagi;guclu;zayif;asagi;1,21;-1,34;3;7,06;-2,22;2908085;7,83;SAT;NEGATIF;NOTR;NEGATIF;AZALIYOR;SAT;SAT;NOTR;0;22.09.2026
A1YEN;izle;;19,9;1,9;0,0;18,0;6;0;zayif;25,9;20,6;51,2;asagi;zayif;zayif;asagi;3,49;-5,59;3;1,84;4,55;95279936;2,18;SAT;NEGATIF;SAT;NEGATIF;ARTIYOR;SAT;AL;UCUZ (AL);1;22.09.2026
TATGD;izle;;19,7;5,6;13,0;1,1;10;0;zayif;14,2;43,3;47,0;asagi;zayif;zayif;asagi;0,64;-1,40;5;16,92;3,17;24955562;18,28;SAT;NEGATIF;NOTR;NEGATIF;AZALIYOR;SAT;AL;NOTR;1;22.09.2026
BEGYO;izle;;19,7;2,4;7,2;10,0;10;0;zayif;32,2;35,8;37,6;asagi;zayif;zayif;asagi;3,43;-3,40;5;3;9,89;38460093;3,14;SAT;NEGATIF;SAT;NEGATIF;ARTIYOR;SAT;AL;UCUZ (AL);1;22.09.2026
ARASE;izle;;19,7;6,8;2,9;10,0;50;4;zayif;27,1;32,6;42,6;asagi;zayif;zayif;asagi;2,17;-2,68;5;99,6;-4,78;68181180;119,33;SAT;NEGATIF;SAT;NEGATIF;ARTIYOR;SAT;SAT;NOTR;0;22.09.2026
MERIT;izle;;19,6;0,6;8,1;10,9;16;1;zayif;16,7;34,2;50,9;asagi;zayif;zayif;asagi;0,88;-2,52;3;14,59;0,90;22995124;15,90;SAT;NEGATIF;NOTR;NEGATIF;AZALIYOR;SAT;SAT;NOTR;0;22.09.2026
SAMAT;izle;;19,5;2,4;7,0;10,0;10;0;zayif;29,9;35,1;27,5;asagi;zayif;zayif;asagi;1,68;-2,51;5;4,56;9,88;8623680;5,19;SAT;NEGATIF;SAT;NEGATIF;ARTIYOR;SAT;AL;NOTR;1;22.09.2026
MOGAN;izle;;19,4;5,4;4,0;10,0;28;2;zayif;39,2;24,4;32,4;asagi;zayif;zayif;asagi;2,37;-5,13;3;9,13;8,82;489665309;11,92;SAT;NEGATIF;SAT;NEGATIF;ARTIYOR;SAT;AL;NOTR;1;22.09.2026
GWIND;izle;;19,4;1,0;9,0;9,4;10;0;zayif;19,5;37,0;46,9;asagi;zayif;zayif;asagi;1,26;-2,92;4;21,38;2,79;87778498;22,84;SAT;NEGATIF;NOTR;NEGATIF;ARTIYOR;SAT;AL;NOTR;1;22.09.2026
ARMGD;izle;;19,4;6,8;2,6;10,0;6;0;zayif;26,0;30,2;44,4;asagi;zayif;zayif;asagi;1,33;-3,07;3;134,9;-9,95;281213215;192,16;SAT;NEGATIF;SAT;NEGATIF;ARTIYOR;SAT;SAT;NOTR;0;22.09.2026
BAGFS;izle;;19,3;2,4;8,0;8,9;10;1;zayif;32,3;38,0;51,8;asagi;zayif;zayif;asagi;0,64;-1,67;2;24;1,87;15958512;27,85;SAT;NEGATIF;SAT;NEGATIF;AZALIYOR;SAT;SAT;NOTR;0;22.09.2026
NTGAZ;izle;;19,2;1,6;13,5;4,2;38;3;zayif;23,8;40,6;42,0;asagi;guclu;zayif;asagi;0,70;-1,42;3;10,63;0,28;25917024;11,69;SAT;NEGATIF;SAT;NEGATIF;AZALIYOR;SAT;AL;NOTR;1;22.09.2026
IHGZT;izle;;19,1;1,9;3,0;14,2;0;0;zayif;25,8;30,7;65,7;asagi;zayif;zayif;asagi;1,07;-2,91;1;1,05;0,00;36407044;1,24;SAT;NEGATIF;SAT;NEGATIF;AZALIYOR;SAT;SAT;UCUZ (AL);0;22.09.2026
LILAK;izle;;19,0;0,9;6,0;12,0;28;2;zayif;18,9;31,8;61,4;asagi;zayif;zayif;asagi;0,94;-3,06;3;25,84;-1,00;78809494;28,71;SAT;NEGATIF;NOTR;NEGATIF;AZALIYOR;SAT;AL;NOTR;1;22.09.2026
MRSHL;izle;;18,9;12,0;6,9;0,0;0;0;zayif;19,2;39,3;43,9;yukari;zayif;zayif;asagi;0,54;-1,60;2;1500;1,01;30840000;1462,12;SAT;NEGATIF;NOTR;NEGATIF;AZALIYOR;SAT;SAT;NOTR;0;22.09.2026
KORDS;izle;;18,5;5,2;5,3;8,0;6;0;zayif;28,2;29,4;16,5;asagi;zayif;zayif;asagi;0,60;-3,01;3;3,16;2,93;72387880;3,90;SAT;NEGATIF;SAT;NEGATIF;AZALIYOR;SAT;AL;NOTR;1;22.09.2026
SNPAM;izle;;18,5;0,7;11,4;6,4;10;1;zayif;16,8;38,7;43,3;asagi;zayif;zayif;asagi;0,72;-2,62;2;18,48;0,76;630427;19,88;SAT;NEGATIF;NOTR;NEGATIF;AZALIYOR;SAT;AL;UCUZ (AL);1;22.09.2026
OZRDN;izle;;18,3;4,4;3,9;10,0;0;0;zayif;22,4;33,3;29,4;asagi;zayif;zayif;asagi;1,61;-2,03;2;24,34;4,37;11597134;30,42;SAT;NEGATIF;SAT;NEGATIF;ARTIYOR;SAT;AL;NOTR;1;22.09.2026
GOZDE;izle;;18,3;4,1;4,2;10,0;0;0;zayif;20,4;34,3;49,2;asagi;zayif;zayif;asagi;1,53;-2,48;1;19,95;1,17;41185219;22,77;SAT;NEGATIF;SAT;NEGATIF;AZALIYOR;SAT;SAT;NOTR;0;22.09.2026
IZMDC;izle;;18,2;5,4;5,6;7,2;6;0;zayif;34,2;30,3;22,8;asagi;zayif;zayif;asagi;1,13;-3,77;3;7,5;7,14;114580770;9,53;SAT;NEGATIF;SAT;NEGATIF;AZALIYOR;SAT;AL;NOTR;1;22.09.2026
BLUME;izle;;18,1;1,5;4,3;12,2;16;1;zayif;22,7;35,4;28,1;asagi;zayif;zayif;asagi;0,95;-1,63;3;32,74;0,99;93816928;40,56;SAT;NEGATIF;SAT;NEGATIF;ARTIYOR;SAT;SAT;UCUZ (AL);0;22.09.2026
TBORG;izle;;17,9;1,6;11,4;4,9;0;0;zayif;23,5;39,2;20,1;asagi;zayif;zayif;asagi;0,76;-1,60;2;129,2;-1,00;24766736;143,54;SAT;NEGATIF;SAT;NEGATIF;ARTIYOR;SAT;AL;UCUZ (AL);1;22.09.2026
YYLGD;izle;;17,9;1,6;6,9;9,4;10;0;zayif;23,8;34,6;31,2;asagi;zayif;zayif;asagi;1,26;-3,32;4;8,97;5,53;66810820;9,39;SAT;NEGATIF;SAT;NEGATIF;ARTIYOR;SAT;AL;NOTR;1;22.09.2026
ZOREN;izle;;17,8;2,4;7,3;8,0;0;0;zayif;36,6;37,1;41,1;asagi;zayif;zayif;asagi;0,63;-1,98;2;2,19;-1,79;147864262;2,63;SAT;NEGATIF;SAT;NEGATIF;AZALIYOR;SAT;SAT;UCUZ (AL);0;22.09.2026
ENTRA;izle;;17,8;1,4;9,2;7,1;0;0;zayif;22,6;40,5;51,5;asagi;zayif;zayif;asagi;1,13;-1,78;0;4,08;2,51;91841082;4,51;SAT;NEGATIF;SAT;NEGATIF;ARTIYOR;AL;AL;NOTR;2;22.09.2026
ALFAS;izle;;17,7;2,4;5,3;10,0;42;3;zayif;29,9;29,4;29,3;asagi;zayif;zayif;asagi;1,31;-3,44;6;33,88;2,54;76412241;38,86;SAT;NEGATIF;SAT;NEGATIF;ARTIYOR;SAT;AL;NOTR;1;22.09.2026
SEGYO;izle;;17,7;2,4;5,2;10,0;10;0;zayif;40,8;29,2;33,6;asagi;zayif;zayif;asagi;3,29;-4,98;5;2,94;9,70;39979390;3,22;SAT;NEGATIF;SAT;NEGATIF;ARTIYOR;SAT;AL;UCUZ (AL);1;22.09.2026
METRO;izle;;17,7;5,3;4,9;7,5;10;0;zayif;28,9;27,8;40,3;asagi;zayif;zayif;asagi;1,15;-3,15;5;6,7;3,40;61297992;7,78;SAT;NEGATIF;SAT;NEGATIF;ARTIYOR;SAT;AL;NOTR;1;22.09.2026
ATLAS;izle;;17,6;1,4;7,7;8,5;0;0;zayif;22,2;40,6;53,6;asagi;zayif;zayif;asagi;1,21;-1,68;0;5,76;-4,64;8320164;7,36;SAT;NEGATIF;SAT;NEGATIF;AZALIYOR;SAT;AL;NOTR;1;22.09.2026
GUNDG;izle;;17,4;5,4;4,0;8,0;0;0;zayif;33,0;21,6;27,7;asagi;zayif;zayif;asagi;0,01;-6,71;0;434;-9,96;654472;787,57;SAT;NEGATIF;SAT;NEGATIF;AZALIYOR;SAT;SAT;NOTR;0;22.09.2026
TATEN;izle;;17,4;2,4;1,0;14,0;0;0;zayif;32,7;19,4;37,3;asagi;zayif;zayif;asagi;3,21;-7,02;2;5,12;4,28;369771546;6,45;SAT;NEGATIF;SAT;NEGATIF;ARTIYOR;SAT;AL;UCUZ (AL);1;22.09.2026
KATMR;izle;;17,4;2,4;4,9;10,0;10;0;zayif;51,3;28,0;23,0;asagi;zayif;zayif;asagi;1,34;-5,36;4;1,66;5,06;172194793;1,80;SAT;NEGATIF;SAT;NEGATIF;ARTIYOR;SAT;AL;UCUZ (AL);1;22.09.2026
KLYPV;izle;;17,3;1,8;7,4;8,0;6;0;zayif;25,3;37,0;29,6;asagi;zayif;zayif;asagi;0,51;-1,46;3;56;-1,75;74558064;63,79;SAT;NEGATIF;SAT;NEGATIF;AZALIYOR;SAT;SAT;NOTR;0;22.09.2026
BASGZ;izle;;17,1;1,7;7,2;8,2;22;2;zayif;24,2;35,2;48,6;asagi;zayif;zayif;asagi;1,05;-2,07;2;41,2;-1,10;14091677;45,41;SAT;NEGATIF;SAT;NEGATIF;ARTIYOR;SAT;SAT;NOTR;0;22.09.2026
BERA;izle;;17,0;2,2;7,8;7,0;10;0;zayif;28,0;35,7;44,9;asagi;zayif;zayif;asagi;1,12;-2,98;4;12,09;1,51;97116371;13,52;SAT;NEGATIF;SAT;NEGATIF;AZALIYOR;SAT;SAT;UCUZ (AL);0;22.09.2026
PETUN;izle;;16,9;2,4;5,7;8,8;38;3;zayif;35,6;34,7;62,8;asagi;zayif;zayif;asagi;0,38;-2,05;3;10,41;0,97;14572865;11,99;SAT;NEGATIF;SAT;NEGATIF;AZALIYOR;SAT;SAT;NOTR;0;22.09.2026
ARCLK;izle;;16,8;0,9;10,9;5,0;6;0;zayif;18,9;39,3;49,9;asagi;zayif;zayif;asagi;0,82;-2,40;3;88;1,27;130273704;94,85;SAT;NEGATIF;NOTR;NEGATIF;AZALIYOR;SAT;AL;NOTR;1;22.09.2026
KLGYO;izle;;16,8;2,2;7,9;6,6;0;0;zayif;28,4;35,6;24,1;asagi;zayif;zayif;asagi;1,10;-2,20;2;4,15;2,47;39606832;4,64;SAT;NEGATIF;SAT;NEGATIF;AZALIYOR;SAT;AL;UCUZ (AL);1;22.09.2026
SONME;izle;;16,7;6,3;9,3;1,1;6;0;zayif;28,3;34,9;33,9;asagi;guclu;zayif;asagi;0,76;-1,13;3;125,6;-0,79;3439682;147,33;SAT;NEGATIF;AL;NEGATIF;AZALIYOR;SAT;SAT;UCUZ (AL);1;22.09.2026
KBORU;izle;;16,7;2,4;4,2;10,0;6;0;zayif;38,6;25,7;28,5;asagi;zayif;zayif;asagi;1,91;-5,44;3;12,6;9,95;314936937;15,54;SAT;NEGATIF;SAT;NEGATIF;ARTIYOR;SAT;AL;NOTR;1;22.09.2026
DNISI;izle;;16,6;0,5;7,2;8,9;16;1;zayif;15,8;38,0;62,2;asagi;zayif;zayif;asagi;0,75;-1,73;3;4,23;1,93;12303272;4,93;SAT;NEGATIF;NOTR;NEGATIF;AZALIYOR;SAT;SAT;NOTR;0;22.09.2026
GRSEL;izle;;16,5;2,4;6,6;7,6;0;0;zayif;29,4;33,6;49,2;asagi;zayif;zayif;asagi;1,15;-2,15;2;279,25;4,30;137808479;306,84;SAT;NEGATIF;SAT;NEGATIF;ARTIYOR;SAT;AL;NOTR;1;22.09.2026
KAREL;izle;;16,4;2,4;4,0;10,0;10;0;zayif;37,2;21,5;11,0;asagi;zayif;zayif;asagi;2,86;-5,52;6;6,27;3,12;189060345;7,32;SAT;NEGATIF;SAT;NEGATIF;ARTIYOR;SAT;AL;NOTR;1;22.09.2026
EGEGY;izle;;16,4;2,4;4,0;10,0;40;4;zayif;37,9;21,7;17,7;asagi;zayif;zayif;asagi;1,75;-5,77;2;15,29;4,08;140428436;21,18;SAT;NEGATIF;SAT;NEGATIF;ARTIYOR;SAT;AL;UCUZ (AL);1;22.09.2026
KZBGY;izle;;16,4;2,4;4,0;10,0;10;0;zayif;40,9;23,9;25,6;asagi;zayif;zayif;asagi;1,84;-5,98;4;1,5;5,63;112688238;1,68;SAT;NEGATIF;SAT;NEGATIF;ARTIYOR;SAT;AL;UCUZ (AL);1;22.09.2026
ATAKP;izle;;16,4;2,4;4,0;10,0;10;0;zayif;46,5;24,4;26,4;asagi;zayif;zayif;asagi;1,66;-5,55;5;36,08;3,44;23117538;38,97;SAT;NEGATIF;SAT;NEGATIF;ARTIYOR;AL;AL;UCUZ (AL);2;22.09.2026
ERCB;izle;;16,4;1,2;6,4;8,8;10;0;zayif;21,1;33,1;49,4;asagi;zayif;zayif;asagi;0,75;-3,42;4;39,22;0,77;25489196;44,54;SAT;NEGATIF;SAT;NEGATIF;AZALIYOR;SAT;AL;UCUZ (AL);1;22.09.2026
VAKKO;izle;;16,4;0,4;14,5;1,5;0;0;zayif;13,0;41,4;43,6;asagi;guclu;zayif;asagi;0,65;-1,03;2;64,5;2,38;6701099;72,32;SAT;NEGATIF;NOTR;NEGATIF;ARTIYOR;SAT;AL;NOTR;1;22.09.2026
DGATE;izle;;16,3;5,4;0,8;10,0;6;0;zayif;30,2;19,0;30,8;asagi;zayif;zayif;asagi;3,40;-4,82;3;63,35;-1,93;69121185;81,83;SAT;NEGATIF;SAT;NEGATIF;ARTIYOR;SAT;SAT;NOTR;0;22.09.2026
BALSU;izle;;16,1;2,4;5,2;8,4;6;0;zayif;35,5;29,1;50,4;asagi;zayif;zayif;asagi;1,20;-5,40;3;6,64;-3,49;494353943;8,50;SAT;NEGATIF;SAT;NEGATIF;AZALIYOR;SAT;AL;UCUZ (AL);1;22.09.2026
GOKNR;izle;;15,9;1,4;4,5;10,0;6;0;zayif;22,3;30,5;51,4;asagi;zayif;zayif;asagi;1,87;-4,18;3;15,5;-1,59;148627237;18,14;SAT;NEGATIF;SAT;NEGATIF;ARTIYOR;SAT;SAT;NOTR;0;22.09.2026
ALCAR;izle;;15,9;1,1;6,8;8,0;0;0;zayif;19,8;39,1;59,6;asagi;zayif;zayif;asagi;0,40;-1,85;2;654;0,77;13016562;759,45;SAT;NEGATIF;NOTR;NEGATIF;AZALIYOR;SAT;SAT;UCUZ (AL);0;22.09.2026
MERCN;izle;;15,9;2,4;3,4;10,0;10;0;zayif;29,8;30,9;43,1;asagi;zayif;zayif;asagi;1,47;-3,91;4;14,76;3,94;105608745;18,05;SAT;NEGATIF;SAT;NEGATIF;ARTIYOR;SAT;SAT;NOTR;0;22.09.2026
BOBET;izle;;15,8;12,4;3,3;0,0;22;2;zayif;37,2;36,0;64,0;asagi;zayif;zayif;asagi;0,46;-2,05;2;17,2;1,78;55676469;21,59;SAT;NEGATIF;SAT;NEGATIF;AZALIYOR;SAT;AL;NOTR;1;22.09.2026
CMENT;izle;;15,7;2,4;3,4;9,9;0;0;zayif;59,4;31,2;23,9;asagi;zayif;zayif;asagi;1,29;-4,34;1;222;5,16;1371294;247,22;SAT;NEGATIF;SAT;NEGATIF;ARTIYOR;SAT;SAT;UCUZ (AL);0;22.09.2026
VESTL;izle;;15,7;7,0;8,7;0,0;0;0;zayif;30,7;38,7;63,5;asagi;zayif;zayif;asagi;0,39;-1,34;2;22,08;-0,99;144798697;26,88;SAT;NEGATIF;AL;NEGATIF;AZALIYOR;SAT;SAT;UCUZ (AL);1;22.09.2026
BRMEN;izle;;15,7;5,4;0,2;10,0;0;0;zayif;46,1;18,2;6,8;asagi;zayif;zayif;asagi;3,60;-7,56;2;7,53;-5,16;12763342;9,70;SAT;NEGATIF;SAT;NEGATIF;AZALIYOR;SAT;AL;NOTR;1;22.09.2026
GENIL;izle;;15,6;5,4;0,2;10,0;46;5;zayif;38,6;25,6;32,2;asagi;zayif;zayif;asagi;2,61;-3,91;3;7,48;1,77;857092726;9,55;SAT;NEGATIF;SAT;NEGATIF;ARTIYOR;SAT;AL;UCUZ (AL);1;22.09.2026
SNGYO;izle;;15,6;1,6;7,1;7,0;10;0;zayif;23,5;35,2;25,1;asagi;zayif;zayif;asagi;1,12;-2,93;4;2,83;5,20;102677276;3,10;SAT;NEGATIF;SAT;NEGATIF;ARTIYOR;SAT;AL;UCUZ (AL);1;22.09.2026
AKFGY;izle;;15,5;1,1;13,8;0,7;16;1;zayif;20,1;43,7;58,7;asagi;zayif;zayif;asagi;0,70;-1,20;3;2,51;4,58;63430042;2,77;SAT;NEGATIF;SAT;NEGATIF;ARTIYOR;SAT;AL;NOTR;1;22.09.2026
SEGMN;izle;;15,4;5,4;0,0;10,0;6;0;zayif;38,8;18,4;4,0;asagi;zayif;zayif;asagi;2,15;-5,32;3;28,26;-10,00;74743235;40,67;SAT;NEGATIF;SAT;NEGATIF;AZALIYOR;SAT;AL;NOTR;1;22.09.2026
DAGI;izle;;15,4;5,4;0,0;10,0;10;0;zayif;35,2;23,4;11,6;asagi;zayif;zayif;asagi;1,55;-4,19;4;6,28;3,63;70366389;8,00;SAT;NEGATIF;SAT;NEGATIF;ARTIYOR;SAT;AL;NOTR;1;22.09.2026
SANFM;izle;;15,4;5,4;0,0;10,0;0;0;zayif;32,8;16,0;18,4;asagi;zayif;zayif;asagi;1,81;-6,55;2;5,4;-10,00;53577185;7,20;SAT;NEGATIF;SAT;NEGATIF;ARTIYOR;SAT;SAT;NOTR;0;22.09.2026
DURKN;izle;;15,4;5,4;0,0;10,0;32;2;zayif;36,2;17,6;7,2;asagi;zayif;zayif;asagi;4,00;-5,79;4;12,71;-5,85;105339031;16,36;SAT;NEGATIF;SAT;NEGATIF;ARTIYOR;SAT;AL;NOTR;1;22.09.2026
HURGZ;izle;;15,4;11,2;4,2;0,0;10;1;zayif;20,7;35,4;49,0;asagi;zayif;zayif;asagi;0,58;-1,73;1;6,43;-0,92;28402069;8,03;SAT;NEGATIF;SAT;NEGATIF;AZALIYOR;SAT;SAT;NOTR;0;22.09.2026
ULUFA;izle;;15,2;1,8;5,7;7,8;0;0;zayif;25,4;30,5;28,1;asagi;zayif;zayif;asagi;1,17;-2,72;1;1,5;0,00;33035240;1,65;SAT;NEGATIF;SAT;NEGATIF;ARTIYOR;SAT;AL;NOTR;1;22.09.2026
KARTN;izle;;15,1;4,6;0,6;10,0;6;0;zayif;23,4;22,1;40,2;asagi;zayif;zayif;asagi;1,81;-4,46;3;105;-7,16;185824065;143,66;SAT;NEGATIF;SAT;NEGATIF;AZALIYOR;SAT;SAT;NOTR;0;22.09.2026
AKCNS;izle;;15,0;4,9;0,1;10,0;32;2;zayif;26,3;25,3;28,5;asagi;zayif;zayif;asagi;2,47;-3,92;5;190;-2,61;304125020;225,55;SAT;NEGATIF;SAT;NEGATIF;ARTIYOR;SAT;SAT;NOTR;0;22.09.2026
BYDNR;izle;;15,0;5,4;0,0;9,6;0;0;zayif;35,6;13,0;10,5;asagi;zayif;zayif;asagi;1,27;-6,89;2;21,34;-7,14;23479442;28,40;SAT;NEGATIF;SAT;NEGATIF;ARTIYOR;SAT;AL;NOTR;1;22.09.2026
SAYAS;izle;;14,9;4,8;7,9;2,1;0;0;zayif;25,3;37,0;30,2;asagi;zayif;zayif;asagi;0,83;-1,70;1;47,44;3,04;82676582;53,91;SAT;NEGATIF;SAT;NEGATIF;AZALIYOR;SAT;AL;NOTR;1;22.09.2026
FORTE;izle;;14,7;7,2;7,5;0,0;0;0;zayif;20,9;36,8;40,3;asagi;zayif;zayif;asagi;0,50;-1,67;2;99;1,85;77287419;118,40;SAT;NEGATIF;SAT;NEGATIF;AZALIYOR;SAT;AL;NOTR;1;22.09.2026
MAALT;izle;;14,7;2,1;4,6;8,0;40;5;zayif;27,5;33,8;53,8;asagi;zayif;zayif;asagi;0,50;-2,62;1;914,5;0,88;24060495;1042,90;SAT;NEGATIF;SAT;NEGATIF;AZALIYOR;SAT;AL;NOTR;1;22.09.2026
AKMGY;izle;;14,7;3,5;7,9;3,3;6;0;zayif;15,4;33,8;44,8;asagi;zayif;zayif;asagi;0,84;-2,03;3;229;0,22;6315362;257,38;SAT;NEGATIF;NOTR;NEGATIF;AZALIYOR;SAT;SAT;NOTR;0;22.09.2026
TURGG;izle;;14,7;2,4;4,2;8,0;32;3;zayif;30,9;35,2;45,4;asagi;zayif;zayif;asagi;0,21;-1,81;0;24,72;-0,88;7107148;30,52;SAT;NEGATIF;SAT;NEGATIF;AZALIYOR;SAT;SAT;NOTR;0;22.09.2026
INTEM;izle;;14,5;1,7;5,9;6,9;0;0;zayif;24,1;31,3;38,4;asagi;zayif;zayif;asagi;1,12;-2,98;2;214,9;0,89;11695503;246,03;SAT;NEGATIF;SAT;NEGATIF;AZALIYOR;SAT;SAT;NOTR;0;22.09.2026
MEGMT;izle;;14,3;2,4;1,9;10,0;10;0;zayif;48,1;16,9;38,4;asagi;zayif;zayif;asagi;1,55;-7,48;5;3,24;-9,75;339913697;4,37;SAT;NEGATIF;SAT;NEGATIF;ARTIYOR;SAT;SAT;UCUZ (AL);0;22.09.2026
KENT;izle;;14,3;2,4;1,8;10,0;6;0;zayif;30,7;29,1;6,2;asagi;zayif;zayif;asagi;1,65;-3,90;3;300;-1,88;2322000;336,56;SAT;NEGATIF;SAT;NEGATIF;ARTIYOR;SAT;SAT;UCUZ (AL);0;22.09.2026
DSTKF;izle;;14,2;4,2;2,1;8,0;0;0;zayif;20,5;31,5;90,0;asagi;zayif;zayif;asagi;0,00;-3,71;1;1608;-9,97;2855808;2156,85;SAT;NEGATIF;SAT;NEGATIF;ARTIYOR;SAT;SAT;NOTR;0;22.09.2026
ERSU;izle;;14,2;4,2;0,0;10,0;10;1;zayif;20,8;12,3;23,5;asagi;zayif;zayif;asagi;2,34;-5,95;2;14,15;-9,99;15019744;19,31;SAT;NEGATIF;SAT;NEGATIF;ARTIYOR;SAT;AL;NOTR;1;22.09.2026
PSGYO;izle;;14,2;5,1;0,0;9,1;0;0;zayif;27,1;20,1;24,8;asagi;zayif;zayif;asagi;1,25;-5,67;2;2,08;2,46;337659211;2,61;SAT;NEGATIF;SAT;NEGATIF;AZALIYOR;SAT;AL;NOTR;1;22.09.2026
HTTBT;izle;;14,1;2,4;6,0;5,6;0;0;zayif;35,0;31,8;38,7;asagi;zayif;zayif;asagi;0,80;-3,59;2;31,16;1,37;14984221;34,43;SAT;NEGATIF;SAT;NEGATIF;ARTIYOR;AL;AL;UCUZ (AL);2;22.09.2026
ISBTR;izle;;14,0;4,1;1,9;8,0;32;3;zayif;20,2;31,2;34,3;asagi;zayif;zayif;asagi;0,20;-3,39;1;446497,5;-0,00;446498;481063,30;SAT;NEGATIF;SAT;NEGATIF;AZALIYOR;SAT;AL;NOTR;1;22.09.2026
GRNYO;izle;;14,0;2,4;1,5;10,0;0;0;zayif;32,6;26,3;44,5;asagi;zayif;zayif;asagi;2,16;-5,52;0;8,47;-5,04;10119549;11,19;SAT;NEGATIF;SAT;NEGATIF;ARTIYOR;SAT;SAT;UCUZ (AL);0;22.09.2026
ODAS;izle;;13,8;4,1;5,0;4,7;46;4;zayif;20,0;35,2;40,1;asagi;zayif;zayif;asagi;0,98;-2,26;3;6,65;0,61;440235513;7,59;SAT;NEGATIF;SAT;NEGATIF;AZALIYOR;SAT;SAT;NOTR;0;22.09.2026
KNFRT;izle;;13,7;0,7;5,0;8,0;0;0;zayif;17,2;37,7;42,4;asagi;zayif;zayif;asagi;0,61;-1,95;2;10,7;3,58;22603376;12,77;SAT;NEGATIF;NOTR;NEGATIF;AZALIYOR;SAT;SAT;NOTR;0;22.09.2026
VKGYO;izle;;13,7;2,3;3,4;8,0;0;0;zayif;28,6;31,8;42,3;asagi;zayif;zayif;asagi;0,68;-3,35;2;1,74;-1,14;34894651;1,91;SAT;NEGATIF;SAT;NEGATIF;ARTIYOR;SAT;AL;NOTR;1;22.09.2026
BIGTK;izle;;13,7;5,4;0,2;8,0;32;3;zayif;30,6;25,7;54,5;asagi;zayif;zayif;asagi;0,03;-4,41;1;181,2;-9,99;2673425;259,25;SAT;NEGATIF;SAT;NEGATIF;AZALIYOR;SAT;SAT;UCUZ (AL);0;22.09.2026
ICBCT;izle;;13,6;3,4;5,2;5,0;6;0;zayif;14,6;29,1;40,0;asagi;zayif;zayif;asagi;1,00;-3,25;3;16,7;0,48;22709829;19,40;SAT;NEGATIF;NOTR;NEGATIF;AZALIYOR;SAT;SAT;NOTR;0;22.09.2026
ALCTL;izle;;13,5;2,4;4,0;7,0;10;0;zayif;56,9;24,0;28,2;asagi;zayif;zayif;asagi;1,12;-5,47;4;92,7;2,94;44328306;106,69;SAT;NEGATIF;SAT;NEGATIF;ARTIYOR;SAT;AL;NOTR;1;22.09.2026
YATAS;izle;;13,5;2,4;5,2;5,8;6;0;zayif;40,6;29,0;37,5;asagi;zayif;zayif;asagi;1,05;-4,83;3;26,96;1,66;26178699;29,86;SAT;NEGATIF;SAT;NEGATIF;AZALIYOR;SAT;SAT;UCUZ (AL);0;22.09.2026
ACSEL;izle;;13,5;2,4;1,0;10,0;10;0;zayif;33,9;20,6;21,4;asagi;zayif;zayif;asagi;1,38;-4,61;4;93,2;0,76;18293669;107,89;SAT;NEGATIF;SAT;NEGATIF;AZALIYOR;SAT;AL;NOTR;1;22.09.2026
TEHOL;izle;;13,4;5,4;0,0;8,0;10;1;zayif;35,5;24,5;76,8;asagi;zayif;zayif;asagi;0,02;-4,89;1;28,26;-10,00;28679124;37,18;SAT;NEGATIF;SAT;NEGATIF;ARTIYOR;SAT;SAT;NOTR;0;22.09.2026
HEDEF;izle;;13,4;5,4;8,0;0,0;0;0;zayif;47,4;15,8;-0,0;asagi;zayif;zayif;asagi;0,01;-10,85;1;15,68;-9,99;1195318;34,73;AL;NEGATIF;SAT;NEGATIF;AZALIYOR;AL;AL;NOTR;3;22.09.2026
MANAS;izle;;13,4;5,4;0,0;8,0;0;0;zayif;29,7;20,0;57,0;asagi;zayif;zayif;asagi;0,00;-4,78;1;19,77;-9,97;754245;27,32;SAT;NEGATIF;SAT;NEGATIF;AZALIYOR;SAT;SAT;NOTR;0;22.09.2026
KTSKR;izle;;13,4;2,3;4,0;7,1;10;0;zayif;28,7;23,3;26,4;asagi;zayif;zayif;asagi;1,13;-5,39;5;63;3,70;25878195;72,64;SAT;NEGATIF;SAT;NEGATIF;AZALIYOR;SAT;AL;NOTR;1;22.09.2026
BMSCH;izle;;13,3;1,7;3,6;8,0;0;0;zayif;24,6;29,9;64,6;asagi;zayif;zayif;asagi;0,33;-4,25;0;9,05;-1,74;9580384;11,10;SAT;NEGATIF;SAT;NEGATIF;AZALIYOR;SAT;SAT;UCUZ (AL);0;22.09.2026
KONTR;izle;;13,2;2,4;0,8;10,0;6;0;zayif;47,2;20,4;22,7;asagi;zayif;zayif;asagi;1,35;-9,89;3;2,31;-9,77;15061510;2,80;SAT;NEGATIF;SAT;NEGATIF;ARTIYOR;SAT;SAT;UCUZ (AL);0;22.09.2026
SUMAS;izle;;13,2;2,4;0,8;10,0;0;0;zayif;33,8;22,9;24,0;asagi;zayif;zayif;asagi;1,45;-7,35;2;215;2,09;982335;234,63;SAT;NEGATIF;SAT;NEGATIF;ARTIYOR;SAT;SAT;NOTR;0;22.09.2026
GARFA;izle;;13,2;1,0;9,9;2,3;40;4;zayif;19,3;38,0;44,2;asagi;zayif;zayif;asagi;0,84;-2,15;1;24,76;1,89;23149783;27,33;SAT;NEGATIF;NOTR;NEGATIF;AZALIYOR;SAT;SAT;NOTR;0;22.09.2026
EMKEL;izle;;13,2;2,4;0,7;10,0;6;0;zayif;58,0;8,4;21,7;asagi;zayif;zayif;asagi;2,26;-9,01;3;8,83;-3,29;75327635;10,85;SAT;NEGATIF;SAT;NEGATIF;ARTIYOR;SAT;AL;UCUZ (AL);1;22.09.2026
BESLR;izle;;13,1;1,7;4,5;6,9;28;2;zayif;24,2;33,9;37,4;asagi;zayif;zayif;asagi;1,06;-2,91;3;11,64;0,61;29632425;12,95;SAT;NEGATIF;SAT;NEGATIF;AZALIYOR;SAT;SAT;NOTR;0;22.09.2026
AVHOL;izle;;13,1;2,4;0,6;10,0;6;0;zayif;34,2;18,6;38,0;asagi;zayif;zayif;asagi;1,46;-5,04;3;27,02;1,20;57057945;32,68;SAT;NEGATIF;SAT;NEGATIF;ARTIYOR;SAT;SAT;UCUZ (AL);0;22.09.2026
AKENR;izle;;13,0;1,3;3,7;8,0;0;0;zayif;21,9;33,1;47,3;asagi;zayif;zayif;asagi;0,66;-2,74;2;9,2;1,55;46364265;10,35;SAT;NEGATIF;SAT;NEGATIF;AZALIYOR;SAT;AL;NOTR;1;22.09.2026
PAGYO;izle;;13,0;7,0;6,0;0,0;6;0;zayif;28,5;31,6;23,0;asagi;zayif;zayif;asagi;0,58;-3,28;3;124,5;0,16;9769142;140,46;SAT;NEGATIF;SAT;NEGATIF;AZALIYOR;AL;AL;NOTR;2;22.09.2026
CEMZY;izle;;13,0;4,9;0,1;8,0;0;0;zayif;25,8;25,4;46,5;asagi;zayif;zayif;asagi;0,01;-4,03;2;9,34;-9,93;1961755;12,77;SAT;NEGATIF;SAT;NEGATIF;AZALIYOR;SAT;SAT;NOTR;0;22.09.2026
PEKGY;izle;;13,0;5,0;0,0;8,0;32;3;zayif;26,7;19,5;34,3;asagi;zayif;zayif;asagi;0,01;-6,85;0;6,93;-9,88;9327316;9,60;SAT;NEGATIF;SAT;NEGATIF;AZALIYOR;SAT;SAT;UCUZ (AL);0;22.09.2026
HUBVC;izle;;13,0;2,4;0,5;10,0;10;0;zayif;33,2;15,4;18,6;asagi;zayif;zayif;asagi;1,52;-5,12;5;1,74;-1,14;6589023;2,19;SAT;NEGATIF;SAT;NEGATIF;ARTIYOR;SAT;AL;NOTR;1;22.09.2026
PINSU;izle;;12,9;1,9;0,9;10,0;32;2;zayif;26,3;24,2;42,1;asagi;zayif;zayif;asagi;1,32;-3,58;4;8,98;0,00;44713027;9,98;SAT;NEGATIF;SAT;NEGATIF;ARTIYOR;SAT;SAT;UCUZ (AL);0;22.09.2026
INTEK;izle;;12,8;2,4;0,4;10,0;10;0;zayif;38,9;21,1;13,9;asagi;zayif;zayif;asagi;1,59;-7,54;4;175,6;1,62;2277181;196,67;SAT;NEGATIF;SAT;NEGATIF;ARTIYOR;SAT;AL;UCUZ (AL);1;22.09.2026
GOODY;izle;;12,8;1,1;1,7;10,0;6;0;zayif;20,4;27,7;31,0;asagi;zayif;zayif;asagi;1,39;-3,11;3;2,32;0,00;38635303;2,66;SAT;NEGATIF;SAT;NEGATIF;ARTIYOR;SAT;AL;NOTR;1;22.09.2026
YBTAS;izle;;12,8;2,4;0,4;10,0;10;0;zayif;52,9;16,2;4,4;asagi;zayif;zayif;asagi;2,27;-8,18;5;11,14;-0,54;1934884;12,19;SAT;NEGATIF;SAT;NEGATIF;AZALIYOR;SAT;AL;UCUZ (AL);1;22.09.2026
GOLTS;izle;;12,8;1,8;6,0;5,0;10;0;zayif;25,5;31,5;29,1;asagi;zayif;zayif;asagi;1,00;-3,84;5;265;2,22;27120630;288,77;SAT;NEGATIF;SAT;NEGATIF;AZALIYOR;SAT;AL;UCUZ (AL);1;22.09.2026
CONSE;izle;;12,8;2,2;0,6;10,0;16;1;zayif;27,8;20,3;28,0;asagi;zayif;zayif;asagi;1,37;-4,29;3;1,84;0,55;30082708;2,20;SAT;NEGATIF;SAT;NEGATIF;AZALIYOR;SAT;AL;UCUZ (AL);1;22.09.2026
BRKVY;izle;;12,7;2,4;5,4;4,9;10;0;zayif;32,2;29,8;30,1;asagi;zayif;zayif;asagi;0,99;-3,45;4;63,75;4,51;38881380;75,84;SAT;NEGATIF;SAT;NEGATIF;AZALIYOR;SAT;AL;UCUZ (AL);1;22.09.2026
BTCIM;izle;;12,7;2,4;0,3;10,0;10;0;zayif;58,6;12,4;44,8;asagi;zayif;zayif;asagi;1,53;-7,75;4;2,36;-9,92;586153870;3,32;SAT;NEGATIF;SAT;NEGATIF;ARTIYOR;SAT;SAT;UCUZ (AL);0;22.09.2026
EKOS;izle;;12,6;2,4;4,0;6,2;16;1;zayif;36,5;20,9;33,1;asagi;zayif;zayif;asagi;1,07;-5,49;3;3,97;1,53;39046208;4,55;SAT;NEGATIF;SAT;NEGATIF;AZALIYOR;SAT;AL;UCUZ (AL);1;22.09.2026
LRSHO;izle;;12,5;0,8;1,6;10,0;0;0;zayif;18,2;22,4;39,4;asagi;zayif;zayif;asagi;1,47;-4,86;2;2,06;-1,90;51970908;2,41;SAT;NEGATIF;NOTR;NEGATIF;ARTIYOR;SAT;AL;UCUZ (AL);1;22.09.2026
A1CAP;izle;;12,4;2,4;0,0;10,0;10;0;zayif;50,0;14,4;24,6;asagi;zayif;zayif;asagi;2,21;-7,46;4;4,85;2,97;106860084;5,92;SAT;NEGATIF;SAT;NEGATIF;ARTIYOR;SAT;AL;UCUZ (AL);1;22.09.2026
IZENR;izle;;12,4;2,4;0,0;10,0;6;0;zayif;36,1;13,6;40,8;asagi;zayif;zayif;asagi;2,16;-7,88;3;4,23;-2,53;314278768;5,50;SAT;NEGATIF;SAT;NEGATIF;ARTIYOR;SAT;SAT;UCUZ (AL);0;22.09.2026
PRDGS;izle;;12,4;2,4;0,0;10,0;20;1;zayif;33,2;16,6;8,9;asagi;zayif;zayif;asagi;2,09;-6,56;4;4,21;-3,66;52554411;5,47;SAT;NEGATIF;SAT;NEGATIF;ARTIYOR;SAT;AL;NOTR;1;22.09.2026
SODSN;izle;;12,4;2,4;0,0;10,0;10;0;zayif;42,3;15,0;26,2;asagi;zayif;zayif;asagi;1,44;-6,80;4;6,03;-2,43;751465;6,70;SAT;NEGATIF;SAT;NEGATIF;AZALIYOR;SAT;AL;UCUZ (AL);1;22.09.2026
BORSK;izle;;12,3;2,4;9,9;0,0;0;0;zayif;30,3;36,5;41,6;asagi;zayif;zayif;asagi;0,47;-1,52;2;5,67;2,16;31396962;6,67;SAT;NEGATIF;SAT;NEGATIF;AZALIYOR;SAT;AL;NOTR;1;22.09.2026
DESA;izle;;12,3;1,7;7,2;3,5;10;0;zayif;24,4;33,6;45,5;asagi;zayif;zayif;asagi;0,91;-2,62;4;8,84;-0,11;15039474;10,04;SAT;NEGATIF;SAT;NEGATIF;AZALIYOR;SAT;SAT;UCUZ (AL);0;22.09.2026
USAK;izle;;12,3;2,0;0,3;10,0;10;0;zayif;27,0;10,8;19,8;asagi;zayif;zayif;asagi;3,61;-6,59;4;0,9;-10,00;186854071;1,14;SAT;NEGATIF;SAT;NEGATIF;ARTIYOR;SAT;AL;UCUZ (AL);1;22.09.2026
DOFRB;izle;;12,3;5,4;4,0;2,9;0;0;zayif;34,0;24,9;20,3;asagi;zayif;zayif;asagi;0,87;-5,46;2;84,5;2,74;347934496;104,44;SAT;NEGATIF;SAT;NEGATIF;AZALIYOR;SAT;AL;NOTR;1;22.09.2026
DMSAS;izle;;12,3;2,3;0,0;10,0;32;2;zayif;29,0;12,1;7,9;asagi;zayif;zayif;asagi;2,99;-7,39;6;5,35;-3,25;41060239;6,57;SAT;NEGATIF;SAT;NEGATIF;ARTIYOR;SAT;AL;UCUZ (AL);1;22.09.2026
ASUZU;izle;;12,3;0,9;9,6;1,8;10;0;zayif;19,0;39,2;60,5;asagi;zayif;zayif;asagi;0,81;-2,41;4;45;2,23;14483295;49,84;SAT;NEGATIF;NOTR;NEGATIF;ARTIYOR;SAT;SAT;UCUZ (AL);0;22.09.2026
BASCM;izle;;12,3;2,3;0,0;10,0;20;1;zayif;28,5;23,5;22,6;asagi;zayif;zayif;asagi;2,01;-6,45;4;11,01;2,42;2023198;11,95;SAT;NEGATIF;SAT;NEGATIF;ARTIYOR;SAT;AL;UCUZ (AL);1;22.09.2026
INVEO;izle;;12,2;1,0;5,2;6,1;6;0;zayif;19,3;33,9;57,4;asagi;zayif;zayif;asagi;1,06;-2,42;3;6,26;-1,57;34551068;6,92;SAT;NEGATIF;NOTR;NEGATIF;AZALIYOR;AL;AL;UCUZ (AL);2;22.09.2026
BIOEN;izle;;12,2;2,2;0,0;10,0;6;0;zayif;28,1;20,5;43,8;asagi;zayif;zayif;asagi;2,07;-5,28;3;11,7;-9,93;230574451;15,62;SAT;NEGATIF;SAT;NEGATIF;ARTIYOR;SAT;AL;UCUZ (AL);1;22.09.2026
TDGYO;izle;;12,2;2,4;1,7;8,0;0;0;zayif;29,9;29,4;69,4;asagi;zayif;zayif;asagi;0,12;-3,33;1;12,11;-9,96;2384374;16,62;SAT;NEGATIF;SAT;NEGATIF;AZALIYOR;SAT;SAT;UCUZ (AL);0;22.09.2026
RUBNS;izle;;12,2;2,4;5,9;3,9;10;0;zayif;34,5;31,2;16,5;asagi;zayif;zayif;asagi;0,93;-2,18;4;23,64;4,32;40878217;29,82;SAT;NEGATIF;SAT;NEGATIF;ARTIYOR;SAT;AL;NOTR;1;22.09.2026
BAKAB;izle;;12,1;2,4;5,2;4,4;10;0;zayif;30,5;29,1;30,9;asagi;zayif;zayif;asagi;0,97;-4,13;5;33,92;2,48;7251485;37,77;SAT;NEGATIF;SAT;NEGATIF;AZALIYOR;SAT;AL;NOTR;1;22.09.2026
KONKA;izle;;12,0;2,4;4,0;5,6;42;3;zayif;50,2;20,3;27,8;asagi;zayif;zayif;asagi;1,04;-6,61;4;7,9;3,27;24136586;9,02;SAT;NEGATIF;SAT;NEGATIF;ARTIYOR;SAT;AL;UCUZ (AL);1;22.09.2026
DIRIT;izle;;11,9;0,6;1,3;10,0;10;0;zayif;16,2;29,4;33,5;asagi;zayif;zayif;asagi;1,31;-2,96;5;20,8;0,00;1595589;24,99;SAT;NEGATIF;NOTR;NEGATIF;AZALIYOR;SAT;AL;NOTR;1;22.09.2026
RUZYE;izle;;11,9;1,9;0,0;10,0;10;1;zayif;25,7;25,0;39,0;asagi;zayif;zayif;asagi;1,83;-4,78;1;5,53;-0,54;84047738;7,41;SAT;NEGATIF;SAT;NEGATIF;ARTIYOR;SAT;SAT;UCUZ (AL);0;22.09.2026
BINHO;izle;;11,8;1,8;0,0;10,0;6;0;zayif;25,5;24,1;54,8;asagi;zayif;zayif;asagi;1,69;-4,53;3;6,59;3,78;358191107;8,24;SAT;NEGATIF;SAT;NEGATIF;ARTIYOR;SAT;AL;NOTR;1;22.09.2026
ULUUN;izle;;11,8;5,3;6,5;0,0;10;0;zayif;28,7;33,4;27,5;asagi;zayif;zayif;asagi;0,70;-3,00;4;7,11;3,49;47194673;7,92;SAT;NEGATIF;SAT;NEGATIF;ARTIYOR;SAT;AL;NOTR;1;22.09.2026
GLRYH;izle;;11,8;1,8;0,0;10,0;0;0;zayif;25,1;22,8;22,6;asagi;zayif;zayif;asagi;2,13;-5,51;2;2,04;3,55;48879147;2,50;SAT;NEGATIF;SAT;NEGATIF;ARTIYOR;SAT;AL;UCUZ (AL);1;22.09.2026
EMNIS;izle;;11,8;0,8;7,6;3,4;10;0;zayif;17,6;36,9;32,3;asagi;zayif;zayif;asagi;0,88;-3,28;4;139,3;3,19;946961;146,11;SAT;NEGATIF;NOTR;NEGATIF;ARTIYOR;SAT;AL;NOTR;1;22.09.2026
SEKFK;izle;;11,8;2,4;5,1;4,2;6;0;zayif;33,5;28,6;23,1;asagi;zayif;zayif;asagi;0,95;-3,48;3;4;3,09;2045872;4,48;SAT;NEGATIF;SAT;NEGATIF;AZALIYOR;SAT;AL;NOTR;1;22.09.2026
HLGYO;izle;;11,7;1,6;8,7;1,4;42;3;zayif;23,8;40,6;61,0;asagi;zayif;zayif;asagi;0,78;-2,59;4;4,13;4,03;110150491;4,57;SAT;NEGATIF;SAT;NEGATIF;AZALIYOR;SAT;AL;NOTR;1;22.09.2026
IDGYO;izle;;11,7;2,4;3,9;5,3;10;0;zayif;39,7;29,1;29,9;asagi;zayif;zayif;asagi;1,02;-4,42;5;2,38;-2,86;3520951;2,97;SAT;NEGATIF;SAT;NEGATIF;AZALIYOR;SAT;AL;UCUZ (AL);1;22.09.2026
GSDHO;izle;;11,7;0,9;6,5;4,3;0;0;zayif;18,6;33,2;37,0;asagi;zayif;zayif;asagi;0,96;-2,89;2;4,17;2,46;44894032;4,77;SAT;NEGATIF;NOTR;NEGATIF;AZALIYOR;SAT;AL;NOTR;1;22.09.2026
YESIL;izle;;11,6;2,3;0,7;8,7;0;0;zayif;28,6;19,3;33,5;asagi;zayif;zayif;asagi;1,22;-5,78;2;0,94;-4,08;17919682;1,09;SAT;NEGATIF;SAT;NEGATIF;ARTIYOR;SAT;SAT;UCUZ (AL);0;22.09.2026
REEDR;izle;;11,6;1,3;0,3;10,0;10;0;zayif;21,8;13,3;50,0;asagi;zayif;zayif;asagi;1,37;-6,74;4;4,11;-3,97;109744151;5,02;SAT;NEGATIF;SAT;NEGATIF;ARTIYOR;SAT;SAT;UCUZ (AL);0;22.09.2026
KMPUR;izle;;11,5;5,4;5,0;1,0;6;0;zayif;35,9;28,3;46,3;asagi;zayif;zayif;asagi;0,76;-3,23;3;15,8;3,00;23821249;18,55;SAT;NEGATIF;SAT;NEGATIF;AZALIYOR;SAT;AL;NOTR;1;22.09.2026
IZINV;izle;;11,5;1,5;0,0;10,0;10;0;zayif;22,7;12,9;34,1;asagi;zayif;zayif;asagi;1,45;-7,00;6;33,72;-7,82;14384345;42,90;SAT;NEGATIF;SAT;NEGATIF;ARTIYOR;SAT;AL;UCUZ (AL);1;22.09.2026
RODRG;izle;;11,5;5,1;0,2;6,2;10;0;zayif;27,2;23,5;22,2;asagi;zayif;zayif;asagi;1,07;-3,97;5;18,21;-6,13;5734220;23,04;SAT;NEGATIF;SAT;NEGATIF;AZALIYOR;SAT;AL;NOTR;1;22.09.2026
AKSUE;izle;;11,4;5,4;4,0;1,9;6;0;zayif;49,8;20,9;30,1;asagi;zayif;zayif;asagi;0,81;-6,71;3;17,93;4,12;50078974;24,87;SAT;NEGATIF;SAT;NEGATIF;AZALIYOR;SAT;SAT;NOTR;0;22.09.2026
IHLGM;izle;;11,3;1,3;2,0;8,0;10;1;zayif;21,4;28,9;59,8;asagi;zayif;zayif;asagi;0,58;-3,65;2;1,35;-1,46;25278724;1,59;SAT;NEGATIF;SAT;NEGATIF;AZALIYOR;SAT;SAT;UCUZ (AL);0;22.09.2026
MNDRS;izle;;11,3;1,7;9,3;0,3;6;0;zayif;24,2;36,6;39,8;asagi;zayif;zayif;asagi;0,61;-2,31;3;10,09;1,41;18836668;11,28;SAT;NEGATIF;SAT;NEGATIF;AZALIYOR;SAT;SAT;UCUZ (AL);0;22.09.2026
BRKO;izle;;11,3;1,3;0,0;10,0;6;0;zayif;21,3;24,4;11,8;asagi;zayif;zayif;asagi;6,96;-6,00;3;7,49;0,00;27441585;9,19;SAT;NEGATIF;SAT;NEGATIF;ARTIYOR;SAT;AL;NOTR;1;22.09.2026
RTALB;izle;;11,2;0,7;0,5;10,0;40;4;zayif;16,9;23,9;14,1;asagi;zayif;zayif;asagi;1,58;-4,98;2;2,15;-0,46;74056959;2,62;SAT;NEGATIF;NOTR;NEGATIF;AZALIYOR;SAT;SAT;UCUZ (AL);0;22.09.2026
KRONT;izle;;10,9;4,9;6,0;0,0;6;0;zayif;26,3;31,6;31,7;asagi;zayif;zayif;asagi;0,57;-2,47;3;19,39;2,00;15723060;23,19;SAT;NEGATIF;SAT;NEGATIF;AZALIYOR;SAT;AL;NOTR;1;22.09.2026
MACKO;izle;;10,8;1,1;0,7;8,9;10;0;zayif;20,2;24,4;21,8;asagi;zayif;zayif;asagi;1,24;-3,31;4;28,06;-8,60;25958755;34,03;SAT;NEGATIF;SAT;NEGATIF;ARTIYOR;SAT;SAT;NOTR;0;22.09.2026
CWENE;izle;;10,8;5,2;5,6;0,0;6;0;zayif;28,2;30,3;33,5;asagi;zayif;zayif;asagi;0,66;-4,18;3;24,6;5,13;881869238;29,23;SAT;NEGATIF;SAT;NEGATIF;ARTIYOR;SAT;AL;NOTR;1;22.09.2026
BRYAT;izle;;10,7;0,8;8,4;1,6;0;0;zayif;17,9;36,4;45,0;asagi;zayif;zayif;asagi;0,79;-2,84;2;1562;1,96;74893214;1704,86;SAT;NEGATIF;NOTR;NEGATIF;AZALIYOR;SAT;AL;UCUZ (AL);1;22.09.2026
ATEKS;izle;;10,7;2,4;5,4;2,8;10;0;zayif;38,0;29,7;46,0;asagi;zayif;zayif;asagi;0,87;-5,21;4;84;0,12;904932;91,44;SAT;NEGATIF;SAT;NEGATIF;AZALIYOR;SAT;AL;NOTR;1;22.09.2026
TUREX;izle;;10,6;2,4;4,0;4,2;6;0;zayif;30,1;23,8;23,0;asagi;zayif;zayif;asagi;0,95;-5,50;3;5,08;2,63;56849625;5,58;SAT;NEGATIF;SAT;NEGATIF;ARTIYOR;SAT;AL;UCUZ (AL);1;22.09.2026
TERA;izle;;10,6;2,4;0,2;8,0;0;0;zayif;32,5;25,6;95,2;asagi;zayif;zayif;asagi;0,00;-5,16;0;132,4;-9,99;2098408;166,52;SAT;NEGATIF;SAT;NEGATIF;ARTIYOR;SAT;SAT;NOTR;0;22.09.2026
ESCOM;izle;;10,6;5,1;5,4;0,1;32;3;zayif;27,4;29,7;35,7;asagi;zayif;zayif;asagi;0,71;-3,26;1;4,56;-0,44;55672215;5,11;SAT;NEGATIF;SAT;NEGATIF;AZALIYOR;SAT;AL;NOTR;1;22.09.2026
IZFAS;izle;;10,6;1,6;1,0;8,0;0;0;zayif;24,0;26,8;54,9;asagi;zayif;zayif;asagi;0,03;-4,79;0;30,14;-9,98;4322317;45,70;SAT;NEGATIF;SAT;NEGATIF;AZALIYOR;SAT;SAT;UCUZ (AL);0;22.09.2026
GATEG;izle;;10,6;2,3;0,3;8,0;0;0;zayif;28,8;26,0;70,5;asagi;zayif;zayif;asagi;0,50;-6,17;1;176,8;-9,98;2324566;231,21;SAT;NEGATIF;SAT;NEGATIF;ARTIYOR;SAT;SAT;UCUZ (AL);0;22.09.2026
MIATK;izle;;10,6;1,9;0,6;8,0;0;0;zayif;26,3;27,0;72,4;asagi;zayif;zayif;asagi;0,10;-4,63;0;20,52;-9,92;49358931;28,61;SAT;NEGATIF;SAT;NEGATIF;AZALIYOR;SAT;SAT;UCUZ (AL);0;22.09.2026
KSTUR;izle;;10,5;2,3;6,3;1,9;0;0;zayif;28,9;36,3;34,9;asagi;zayif;zayif;asagi;0,82;-3,54;1;2100;0,00;1394400;2369,14;SAT;NEGATIF;SAT;NEGATIF;AZALIYOR;SAT;SAT;UCUZ (AL);0;22.09.2026
ENDAE;izle;;10,5;4,6;5,9;0,0;22;2;zayif;23,7;31,3;29,9;asagi;zayif;zayif;asagi;0,68;-2,37;2;14,8;1,16;35283215;16,89;SAT;NEGATIF;SAT;NEGATIF;AZALIYOR;SAT;AL;NOTR;1;22.09.2026
SURGY;izle;;10,4;2,4;8,0;0,0;6;0;zayif;44,5;12,9;37,3;asagi;zayif;zayif;asagi;0,68;-8,68;3;23,74;-0,50;48404887;29,31;AL;NEGATIF;SAT;NEGATIF;AZALIYOR;SAT;SAT;UCUZ (AL);1;22.09.2026
TEZOL;izle;;10,4;2,4;8,0;0,0;10;0;zayif;39,3;22,4;36,0;asagi;zayif;zayif;asagi;0,48;-7,04;5;7,83;0,13;14827217;8,96;AL;NEGATIF;SAT;NEGATIF;AZALIYOR;SAT;SAT;UCUZ (AL);1;22.09.2026
BARMA;izle;;10,4;2,4;8,0;0,0;6;0;zayif;63,7;20,5;29,2;asagi;zayif;zayif;asagi;0,70;-15,70;3;6,79;1,80;3715318;8,52;AL;NEGATIF;SAT;NEGATIF;AZALIYOR;SAT;SAT;UCUZ (AL);1;22.09.2026
LIDER;izle;;10,4;2,4;8,0;0,0;0;0;zayif;56,2;14,6;25,4;asagi;zayif;zayif;asagi;0,02;-12,05;2;12,8;-9,99;4424832;19,78;AL;NEGATIF;SAT;NEGATIF;AZALIYOR;SAT;SAT;UCUZ (AL);1;22.09.2026
MTRKS;izle;;10,4;5,1;4,4;1,0;10;0;zayif;27,1;26,3;38,9;asagi;zayif;zayif;asagi;0,76;-2,98;4;23,24;0,78;26973390;29,41;SAT;NEGATIF;SAT;NEGATIF;AZALIYOR;SAT;AL;NOTR;1;22.09.2026
RAYSG;izle;;10,4;2,4;5,4;2,5;10;0;zayif;29,8;29,7;35,8;asagi;zayif;zayif;asagi;0,85;-4,16;5;134,9;1,81;14917377;150,30;SAT;NEGATIF;SAT;NEGATIF;ARTIYOR;SAT;AL;UCUZ (AL);1;22.09.2026
KRVGD;izle;;10,4;2,4;7,7;0,2;0;0;zayif;43,6;37,4;50,1;asagi;zayif;zayif;asagi;0,71;-3,03;1;2,13;4,93;14675894;2,27;SAT;NEGATIF;SAT;NEGATIF;ARTIYOR;SAT;AL;UCUZ (AL);1;22.09.2026
BRLSM;izle;;10,3;4,1;6,2;0,0;6;0;zayif;20,3;32,3;15,6;asagi;zayif;zayif;asagi;0,43;-2,59;3;13,71;0,37;109335440;18,14;SAT;NEGATIF;SAT;NEGATIF;ARTIYOR;SAT;AL;NOTR;1;22.09.2026
DGGYO;izle;;10,2;1,0;6,6;2,5;6;0;zayif;19,6;33,7;20,4;asagi;zayif;zayif;asagi;0,85;-2,63;3;28,9;4,71;2948262;32,80;SAT;NEGATIF;NOTR;NEGATIF;ARTIYOR;SAT;AL;NOTR;1;22.09.2026
KUYAS;izle;;10,2;2,2;0,0;8,0;0;0;zayif;28,0;18,6;40,0;asagi;zayif;zayif;asagi;0,01;-6,16;0;41,22;-9,96;4301596;53,58;SAT;NEGATIF;SAT;NEGATIF;ARTIYOR;SAT;SAT;NOTR;0;22.09.2026
CGCAM;izle;;10,1;2,4;4,0;3,7;10;0;zayif;44,2;18,1;29,9;asagi;zayif;zayif;asagi;0,92;-6,55;5;23,7;2,16;48937893;28,99;SAT;NEGATIF;SAT;NEGATIF;AZALIYOR;SAT;AL;UCUZ (AL);1;22.09.2026
TRILC;izle;;10,0;2,4;3,4;4,2;0;0;zayif;44,5;29,3;49,0;asagi;zayif;zayif;asagi;0,95;-8,19;2;0,94;-2,08;3350190;1,04;SAT;NEGATIF;SAT;NEGATIF;AZALIYOR;SAT;AL;UCUZ (AL);1;22.09.2026
AYEN;izle;;10,0;3,7;6,3;0,0;6;0;zayif;17,1;32,7;47,7;asagi;zayif;zayif;asagi;0,64;-3,20;3;28;1,89;10645908;30,84;SAT;NEGATIF;NOTR;NEGATIF;AZALIYOR;SAT;AL;NOTR;1;22.09.2026
EGSER;izle;;10,0;1,3;8,7;0,0;28;2;zayif;21,5;34,7;51,9;asagi;zayif;zayif;asagi;0,67;-2,41;3;2,68;3,08;3412080;2,92;SAT;NEGATIF;SAT;NEGATIF;AZALIYOR;SAT;AL;NOTR;1;22.09.2026
SASA;izle;;10,0;1,1;8,9;0,0;6;0;zayif;19,7;40,7;49,0;asagi;zayif;zayif;asagi;0,43;-1,30;3;2,29;-0,87;4679343589;2,81;SAT;NEGATIF;NOTR;NEGATIF;AZALIYOR;SAT;SAT;NOTR;0;22.09.2026
SDTTR;izle;;10,0;4,5;5,5;0,0;10;1;zayif;22,7;30,0;33,7;asagi;zayif;zayif;asagi;0,52;-3,08;2;17,56;0,63;88124878;20,98;SAT;NEGATIF;SAT;NEGATIF;AZALIYOR;SAT;SAT;NOTR;0;22.09.2026
VAKFA;izle;;9,9;1,4;3,9;4,6;10;1;zayif;22,5;32,3;51,4;asagi;zayif;zayif;asagi;0,91;-2,78;2;10,02;-0,69;60682984;11,18;SAT;NEGATIF;SAT;NEGATIF;AZALIYOR;SAT;SAT;NOTR;0;22.09.2026
SANEL;izle;;9,9;4,5;5,2;0,1;10;0;zayif;23,1;29,0;25,0;asagi;zayif;zayif;asagi;0,71;-3,08;4;41,1;0,20;12477755;51,77;SAT;NEGATIF;SAT;NEGATIF;ARTIYOR;AL;AL;NOTR;2;22.09.2026
IMASM;izle;;9,8;0,8;0,7;8,4;6;0;zayif;17,8;23,1;29,6;asagi;zayif;zayif;asagi;1,20;-5,71;3;1,79;0,56;47864398;2,15;SAT;NEGATIF;NOTR;NEGATIF;AZALIYOR;SAT;AL;UCUZ (AL);1;22.09.2026
HOROZ;izle;;9,8;1,2;5,1;3,4;6;0;zayif;21,1;28,7;33,3;asagi;zayif;zayif;asagi;0,91;-3,66;3;47,36;3,14;47893321;54,80;SAT;NEGATIF;SAT;NEGATIF;AZALIYOR;SAT;AL;NOTR;1;22.09.2026
ONCSM;izle;;9,7;2,4;0,0;7,3;0;0;zayif;43,8;16,1;10,7;asagi;zayif;zayif;asagi;1,14;-7,86;2;93,7;-9,99;85546226;140,55;SAT;NEGATIF;SAT;NEGATIF;AZALIYOR;SAT;SAT;UCUZ (AL);0;22.09.2026
LINK;izle;;9,7;2,4;4,0;3,2;10;0;zayif;41,3;22,0;36,6;asagi;zayif;zayif;asagi;0,89;-5,40;4;4,2;2,69;59888174;4,75;SAT;NEGATIF;SAT;NEGATIF;AZALIYOR;SAT;AL;NOTR;1;22.09.2026
GLBMD;izle;;9,6;2,2;7,0;0,4;10;0;zayif;28,2;35,1;22,8;asagi;zayif;zayif;asagi;0,72;-2,42;5;10,43;7,19;1254197;11,18;SAT;NEGATIF;SAT;NEGATIF;ARTIYOR;SAT;AL;UCUZ (AL);1;22.09.2026
OTTO;izle;;9,6;2,4;0,7;6,5;0;0;zayif;42,6;12,4;20,2;asagi;zayif;zayif;asagi;1,09;-7,29;2;92;-2,59;25372496;120,85;SAT;NEGATIF;SAT;NEGATIF;AZALIYOR;SAT;AL;UCUZ (AL);1;22.09.2026
BANVT;izle;;9,5;0,5;2,7;6,3;0;0;zayif;16,0;28,5;47,9;asagi;zayif;zayif;asagi;0,84;-3,04;2;136,3;-1,02;13704011;153,12;SAT;NEGATIF;NOTR;NEGATIF;AZALIYOR;SAT;SAT;UCUZ (AL);0;22.09.2026
ULUSE;izle;;9,5;5,4;1,8;2,2;0;0;zayif;40,3;22,5;39,2;asagi;zayif;zayif;asagi;0,83;-4,53;2;188,2;0,37;28068524;230,88;SAT;NEGATIF;SAT;NEGATIF;AZALIYOR;SAT;SAT;NOTR;0;22.09.2026
KTLEV;izle;;9,4;5,4;4,0;0,0;0;0;zayif;40,5;23,6;27,2;asagi;zayif;zayif;asagi;0,02;-5,97;1;18,04;-9,98;52851806;30,20;SAT;NEGATIF;SAT;NEGATIF;AZALIYOR;SAT;SAT;NOTR;0;22.09.2026
PKART;izle;;9,4;5,4;4,0;0,0;10;0;zayif;30,8;24,9;18,3;asagi;zayif;zayif;asagi;0,56;-3,58;4;91,7;2,00;27932645;111,43;SAT;NEGATIF;SAT;NEGATIF;ARTIYOR;SAT;AL;NOTR;1;22.09.2026
PASEU;izle;;9,4;5,4;4,0;0,0;0;0;zayif;41,8;21,5;0,0;asagi;zayif;zayif;asagi;0,03;-7,01;1;44,94;-9,98;12973594;79,87;SAT;NEGATIF;SAT;NEGATIF;AZALIYOR;SAT;AL;UCUZ (AL);1;22.09.2026
EGEPO;izle;;9,4;5,4;4,0;0,0;6;0;zayif;54,7;14,3;5,9;asagi;zayif;zayif;asagi;0,34;-7,74;3;7,11;-0,70;15123119;10,09;SAT;NEGATIF;SAT;NEGATIF;AZALIYOR;AL;AL;NOTR;2;22.09.2026
ODINE;izle;;9,4;5,4;4,0;0,0;0;0;zayif;43,6;16,5;-0,0;asagi;zayif;zayif;asagi;0,01;-8,96;0;374,75;-9,97;662558;709,81;SAT;NEGATIF;SAT;NEGATIF;AZALIYOR;AL;AL;NOTR;2;22.09.2026
ALGYO;izle;;9,4;1,4;3,4;4,7;32;3;zayif;22,3;33,6;43,3;asagi;zayif;zayif;asagi;0,98;-3,77;2;3,14;0,96;77677242;3,61;SAT;NEGATIF;SAT;NEGATIF;AZALIYOR;SAT;SAT;NOTR;0;22.09.2026
GEDZA;izle;;9,4;2,4;4,0;2,9;32;2;zayif;33,8;24,0;14,0;asagi;zayif;zayif;asagi;0,88;-4,30;5;23,96;0,67;8466218;26,64;SAT;NEGATIF;SAT;NEGATIF;AZALIYOR;SAT;AL;NOTR;1;22.09.2026
BNTAS;izle;;9,3;2,3;5,7;1,3;50;4;zayif;29,3;30,6;19,0;asagi;zayif;zayif;asagi;0,78;-3,39;5;5,5;2,23;17462792;5,99;SAT;NEGATIF;SAT;NEGATIF;AZALIYOR;SAT;AL;NOTR;1;22.09.2026
BALAT;izle;;9,3;1,3;1,8;6,2;28;2;zayif;21,8;31,1;34,7;asagi;zayif;zayif;asagi;1,07;-4,55;3;59,5;0,17;2433610;66,56;SAT;NEGATIF;SAT;NEGATIF;AZALIYOR;SAT;SAT;UCUZ (AL);0;22.09.2026
MAGEN;izle;;9,3;1,3;0,0;8,0;32;3;zayif;21,5;20,8;40,9;asagi;zayif;zayif;asagi;0,04;-5,76;2;22,08;-9,95;15398791;29,08;SAT;NEGATIF;SAT;NEGATIF;ARTIYOR;SAT;SAT;UCUZ (AL);0;22.09.2026
QNBFK;izle;;9,3;2,4;1,2;5,6;10;0;zayif;34,3;24,0;32,7;asagi;zayif;zayif;asagi;1,03;-4,71;4;36,02;0,06;997394;39,57;SAT;NEGATIF;SAT;NEGATIF;AZALIYOR;SAT;AL;NOTR;1;22.09.2026
GENTS;izle;;9,2;1,5;1,5;6,2;10;0;zayif;23,2;23,8;38,9;asagi;zayif;zayif;asagi;1,07;-4,10;5;4,47;0,22;28710059;5,12;SAT;NEGATIF;SAT;NEGATIF;ARTIYOR;SAT;SAT;UCUZ (AL);0;22.09.2026
AFYON;izle;;9,1;1,2;3,7;4,2;20;1;zayif;21,2;30,4;46,2;asagi;zayif;zayif;asagi;0,80;-3,18;4;11,4;0,88;12638450;12,38;SAT;NEGATIF;SAT;NEGATIF;AZALIYOR;SAT;SAT;NOTR;0;22.09.2026
SMART;izle;;8,8;0,9;0,8;7,1;10;0;zayif;18,5;21,1;32,9;asagi;zayif;zayif;asagi;1,13;-5,11;5;18,17;0,00;17724381;21,29;SAT;NEGATIF;NOTR;NEGATIF;AZALIYOR;SAT;AL;NOTR;1;22.09.2026
SARKY;izle;;8,8;0,8;8,0;0,0;38;3;zayif;18,2;38,2;49,4;asagi;zayif;zayif;asagi;0,56;-2,42;3;22,06;-0,54;77354647;25,25;SAT;NEGATIF;NOTR;NEGATIF;AZALIYOR;SAT;AL;NOTR;1;22.09.2026
LKMNH;izle;;8,7;2,4;6,3;0,0;10;1;zayif;37,1;38,4;66,4;asagi;zayif;zayif;asagi;0,40;-2,38;2;12,25;0,91;13161976;13,89;SAT;NEGATIF;SAT;NEGATIF;AZALIYOR;SAT;SAT;UCUZ (AL);0;22.09.2026
DZGYO;izle;;8,7;1,5;7,2;0,0;6;0;zayif;23,3;38,9;53,8;asagi;zayif;zayif;asagi;0,60;-1,99;3;6,75;0,60;14432452;7,93;SAT;NEGATIF;SAT;NEGATIF;AZALIYOR;SAT;SAT;NOTR;0;22.09.2026
TSPOR;izle;;8,7;2,2;6,5;0,0;10;0;zayif;28,3;33,2;37,1;asagi;zayif;zayif;asagi;0,47;-2,27;4;0,89;1,14;137076383;1,03;SAT;NEGATIF;SAT;NEGATIF;AZALIYOR;SAT;AL;NOTR;1;22.09.2026
TKNSA;izle;;8,6;1,8;6,8;0,0;16;1;zayif;24,9;34,5;33,9;asagi;zayif;zayif;asagi;0,57;-2,79;3;15,1;1,68;34664587;17,09;SAT;NEGATIF;SAT;NEGATIF;AZALIYOR;SAT;AL;UCUZ (AL);1;22.09.2026
AKGRT;izle;;8,6;2,4;6,1;0,0;10;0;zayif;38,9;32,0;33,3;asagi;zayif;zayif;asagi;0,63;-4,04;4;5,57;1,64;45930543;6,01;SAT;NEGATIF;SAT;NEGATIF;AZALIYOR;AL;AL;UCUZ (AL);2;22.09.2026
YAYLA;izle;;8,4;2,4;0,2;5,8;6;0;zayif;33,0;22,9;39,2;asagi;zayif;zayif;asagi;1,05;-4,40;3;16,03;-4,75;17565834;20,43;SAT;NEGATIF;SAT;NEGATIF;AZALIYOR;SAT;SAT;UCUZ (AL);0;22.09.2026
EKIZ;izle;;8,4;2,4;0,7;5,2;10;0;zayif;43,0;25,1;32,9;asagi;zayif;zayif;asagi;1,01;-6,01;4;46,2;2,67;674474;54,80;SAT;NEGATIF;SAT;NEGATIF;AZALIYOR;SAT;AL;UCUZ (AL);1;22.09.2026
CASA;izle;;8,3;2,3;0,0;6,0;6;0;zayif;29,0;18,7;12,6;asagi;zayif;zayif;asagi;1,06;-7,76;3;53,5;-1,47;1068021;60,03;SAT;NEGATIF;SAT;NEGATIF;AZALIYOR;SAT;SAT;UCUZ (AL);0;22.09.2026
EYGYO;izle;;8,3;1,6;2,4;4,4;0;0;zayif;23,6;31,1;43,8;asagi;zayif;zayif;asagi;0,96;-2,38;2;2,15;-3,15;16054721;2,62;SAT;NEGATIF;SAT;NEGATIF;ARTIYOR;SAT;AL;UCUZ (AL);1;22.09.2026
BFREN;izle;;8,1;1,6;3,0;3,4;0;0;zayif;23,8;29,8;43,2;asagi;zayif;zayif;asagi;0,84;-3,15;2;115;1,77;19380145;126,00;SAT;NEGATIF;SAT;NEGATIF;AZALIYOR;SAT;AL;UCUZ (AL);1;22.09.2026
OSMEN;izle;;8,1;2,4;0,6;5,0;32;2;zayif;33,9;21,5;22,9;asagi;zayif;zayif;asagi;1,00;-5,25;5;5,52;0,36;16868264;6,50;SAT;NEGATIF;SAT;NEGATIF;AZALIYOR;SAT;AL;UCUZ (AL);1;22.09.2026
ADEL;izle;;7,9;1,5;6,5;0,0;6;0;zayif;22,9;33,2;36,6;asagi;zayif;zayif;asagi;0,30;-2,65;3;27,92;1,23;31357008;32,18;SAT;NEGATIF;SAT;NEGATIF;AZALIYOR;SAT;AL;NOTR;1;22.09.2026
HATEK;izle;;7,9;1,1;1,6;5,2;10;0;zayif;20,2;26,8;16,5;asagi;zayif;zayif;asagi;1,01;-3,78;4;10,46;-4,47;20897971;12,82;SAT;NEGATIF;SAT;NEGATIF;AZALIYOR;SAT;SAT;UCUZ (AL);0;22.09.2026
DOFER;izle;;7,9;2,1;0,4;5,4;6;0;zayif;27,2;20,5;36,6;asagi;zayif;zayif;asagi;1,03;-5,06;3;23,02;-1,62;10588026;26,29;SAT;NEGATIF;SAT;NEGATIF;AZALIYOR;SAT;AL;UCUZ (AL);1;22.09.2026
FENER;izle;;7,8;1,9;4,4;1,5;10;0;zayif;26,1;26,2;37,3;asagi;zayif;zayif;asagi;0,79;-4,35;5;2,53;-1,94;262973941;2,87;SAT;NEGATIF;SAT;NEGATIF;AZALIYOR;SAT;SAT;NOTR;0;22.09.2026
TSGYO;izle;;7,8;1,4;6,5;0,0;16;1;zayif;22,1;33,2;28,8;asagi;zayif;zayif;asagi;0,26;-3,34;3;5,15;0,59;3796307;5,76;SAT;NEGATIF;SAT;NEGATIF;AZALIYOR;SAT;SAT;UCUZ (AL);0;22.09.2026
ALTNY;izle;;7,8;1,4;6,0;0,4;6;0;zayif;22,2;31,7;31,5;asagi;zayif;zayif;asagi;0,72;-2,68;3;13,97;0,94;257082310;16,67;SAT;NEGATIF;SAT;NEGATIF;AZALIYOR;SAT;AL;NOTR;1;22.09.2026
MEDTR;izle;;7,7;2,4;4,0;1,2;10;0;zayif;35,4;16,3;13,4;asagi;zayif;zayif;asagi;0,77;-5,65;4;20,06;0,40;4672596;22,19;SAT;NEGATIF;SAT;NEGATIF;ARTIYOR;SAT;AL;UCUZ (AL);1;22.09.2026
KLNMA;izle;;7,7;0,4;5,2;2,1;6;0;zayif;15,2;31,6;27,7;asagi;zayif;zayif;asagi;0,82;-4,43;3;8,32;-0,60;1199669;8,75;SAT;NEGATIF;NOTR;NEGATIF;AZALIYOR;SAT;SAT;NOTR;0;22.09.2026
CEMAS;izle;;7,7;2,0;5,6;0,0;6;0;zayif;27,0;30,4;40,1;asagi;zayif;zayif;asagi;0,66;-3,77;3;3,4;4,29;31457905;3,87;SAT;NEGATIF;SAT;NEGATIF;ARTIYOR;SAT;AL;NOTR;1;22.09.2026
SRVGY;izle;;7,6;2,1;5,6;0,0;10;0;zayif;27,3;30,2;27,1;asagi;zayif;zayif;asagi;0,68;-3,81;4;2,17;3,33;23775377;2,37;SAT;NEGATIF;SAT;NEGATIF;ARTIYOR;SAT;AL;UCUZ (AL);1;22.09.2026
ORCAY;izle;;7,6;1,1;0,7;5,8;10;0;zayif;20,2;18,6;35,0;asagi;zayif;zayif;asagi;1,05;-4,68;4;2,62;0,38;4873711;3,22;SAT;NEGATIF;SAT;NEGATIF;ARTIYOR;SAT;SAT;UCUZ (AL);0;22.09.2026
MOPAS;izle;;7,6;2,4;4,0;1,2;10;0;zayif;42,9;16,1;19,8;asagi;zayif;zayif;asagi;0,77;-5,93;5;20,8;0,29;35792702;24,41;SAT;NEGATIF;SAT;NEGATIF;AZALIYOR;AL;AL;UCUZ (AL);2;22.09.2026
IHLAS;izle;;7,5;2,3;5,2;0,0;28;2;zayif;29,1;37,8;30,6;asagi;zayif;zayif;asagi;0,56;-2,70;3;0,95;-2,06;76005713;1,14;SAT;NEGATIF;SAT;NEGATIF;AZALIYOR;SAT;SAT;UCUZ (AL);0;22.09.2026
YONGA;izle;;7,3;2,4;0,0;4,9;6;0;zayif;36,7;13,0;16,1;asagi;zayif;zayif;asagi;0,99;-8,64;3;34,4;0,58;672554;38,65;SAT;NEGATIF;SAT;NEGATIF;AZALIYOR;SAT;AL;UCUZ (AL);1;22.09.2026
POLHO;izle;;7,3;5,4;0,0;1,9;32;2;zayif;32,6;22,6;25,4;asagi;zayif;zayif;asagi;0,81;-3,70;5;17,86;1,08;29551120;21,16;SAT;NEGATIF;SAT;NEGATIF;ARTIYOR;SAT;AL;NOTR;1;22.09.2026
YUNSA;izle;;7,3;2,4;4,8;0,1;6;0;zayif;40,9;27,5;42,3;asagi;zayif;zayif;asagi;0,71;-4,68;3;6,7;3,24;25960450;7,32;SAT;NEGATIF;SAT;NEGATIF;ARTIYOR;SAT;AL;NOTR;1;22.09.2026
DARDL;izle;;7,3;2,4;4,0;0,8;50;4;zayif;34,3;18,0;22,9;asagi;zayif;zayif;asagi;0,75;-5,90;4;1,3;1,56;16684950;1,46;SAT;NEGATIF;SAT;NEGATIF;AZALIYOR;SAT;AL;UCUZ (AL);1;22.09.2026
FMIZP;izle;;7,2;1,5;3,6;2,2;38;3;zayif;23,0;33,7;44,5;asagi;zayif;zayif;asagi;0,83;-2,69;3;258,5;-0,58;11977339;293,40;SAT;NEGATIF;SAT;NEGATIF;AZALIYOR;SAT;SAT;UCUZ (AL);0;22.09.2026
KLSER;izle;;7,2;1,5;4,0;1,7;20;1;zayif;23,4;24,3;28,7;asagi;zayif;zayif;asagi;0,80;-5,26;4;20,42;1,59;17556095;22,17;SAT;NEGATIF;SAT;NEGATIF;AZALIYOR;SAT;AL;UCUZ (AL);1;22.09.2026
MEGAP;izle;;7,2;2,4;0,0;4,7;10;0;zayif;44,7;20,7;19,1;asagi;zayif;zayif;asagi;0,98;-7,30;5;1,36;4,62;866829;1,53;SAT;NEGATIF;SAT;NEGATIF;ARTIYOR;SAT;AL;UCUZ (AL);1;22.09.2026
OYAYO;izle;;7,2;0,2;3,9;3,1;6;0;zayif;13,3;31,1;19,8;asagi;zayif;zayif;asagi;0,88;-3,05;3;36,94;-0,97;2104213;42,94;SAT;NEGATIF;NOTR;NEGATIF;AZALIYOR;SAT;SAT;UCUZ (AL);0;22.09.2026
KIMMR;izle;;7,1;2,4;4,0;0,6;0;0;zayif;44,4;21,9;30,4;asagi;zayif;zayif;asagi;0,74;-4,84;1;11,46;-0,52;8890106;12,64;SAT;NEGATIF;SAT;NEGATIF;ARTIYOR;SAT;SAT;NOTR;0;22.09.2026
DCTTR;izle;;7,0;2,4;1,8;2,8;10;0;zayif;47,3;16,5;22,1;asagi;zayif;zayif;asagi;0,87;-8,05;4;3,91;-2,25;36031807;5,38;SAT;NEGATIF;SAT;NEGATIF;AZALIYOR;SAT;SAT;UCUZ (AL);0;22.09.2026
CMBTN;izle;;7,0;1,9;5,1;0,0;6;0;zayif;26,0;33,8;59,3;asagi;zayif;zayif;asagi;0,42;-2,13;3;1410;0,71;12905730;1617,06;SAT;NEGATIF;SAT;NEGATIF;AZALIYOR;SAT;SAT;UCUZ (AL);0;22.09.2026
MARMR;izle;;7,0;2,4;4,0;0,6;10;0;zayif;33,2;18,9;27,7;asagi;zayif;zayif;asagi;0,73;-5,17;6;1,62;1,25;58906309;1,92;SAT;NEGATIF;SAT;NEGATIF;AZALIYOR;SAT;AL;NOTR;1;22.09.2026
SERNT;izle;;6,9;2,1;0,0;4,9;6;0;zayif;27,3;19,5;32,7;asagi;zayif;zayif;asagi;0,99;-4,83;3;5,99;-0,17;28935426;7,25;SAT;NEGATIF;SAT;NEGATIF;AZALIYOR;SAT;AL;NOTR;1;22.09.2026
KFEIN;izle;;6,9;1,1;0,4;5,5;6;0;zayif;19,9;21,6;35,7;asagi;zayif;zayif;asagi;1,03;-4,60;3;6,44;0,94;23104955;7,50;SAT;NEGATIF;NOTR;NEGATIF;AZALIYOR;SAT;AL;UCUZ (AL);1;22.09.2026
VERUS;izle;;6,9;5,4;1,4;0,0;10;1;zayif;35,2;28,1;22,6;asagi;zayif;zayif;asagi;0,62;-2,99;2;443,25;-5,69;26286498;590,57;SAT;NEGATIF;SAT;NEGATIF;AZALIYOR;SAT;SAT;NOTR;0;22.09.2026
QNBTR;izle;;6,9;2,4;1,0;3,5;0;0;zayif;57,0;26,3;28,2;asagi;zayif;zayif;asagi;0,91;-7,33;2;164,4;0,00;1909013;175,63;SAT;NEGATIF;SAT;NEGATIF;AZALIYOR;SAT;SAT;UCUZ (AL);0;22.09.2026
AYES;izle;;6,7;5,4;0,0;1,3;10;0;zayif;34,8;20,3;3,6;asagi;zayif;zayif;asagi;0,78;-5,75;5;22,96;-0,61;1295931;26,18;SAT;NEGATIF;SAT;NEGATIF;AZALIYOR;SAT;AL;NOTR;1;22.09.2026
SMRVA;izle;;6,7;1,7;4,0;1,0;10;0;zayif;24,6;20,4;30,4;asagi;zayif;zayif;asagi;0,76;-6,04;4;7,82;2,36;50627227;9,03;SAT;NEGATIF;SAT;NEGATIF;AZALIYOR;SAT;AL;UCUZ (AL);1;22.09.2026
TARKM;izle;;6,7;4,9;1,2;0,6;6;0;zayif;25,8;28,8;41,1;asagi;zayif;zayif;asagi;0,74;-2,71;3;410,25;-1,62;61343862;510,78;SAT;NEGATIF;SAT;NEGATIF;ARTIYOR;SAT;SAT;NOTR;0;22.09.2026
NATEN;izle;;6,6;1,8;4,8;0,0;6;0;zayif;25,1;27,8;47,8;asagi;zayif;zayif;asagi;0,57;-4,34;3;4,48;3,23;20752529;5,09;SAT;NEGATIF;SAT;NEGATIF;AZALIYOR;SAT;AL;UCUZ (AL);1;22.09.2026
VAKFN;izle;;6,5;2,4;4,1;0,0;6;0;zayif;45,4;25,2;24,3;asagi;zayif;zayif;asagi;0,41;-3,84;3;1,03;0,00;26657295;1,13;SAT;NEGATIF;SAT;NEGATIF;AZALIYOR;SAT;AL;UCUZ (AL);1;22.09.2026
KRDMB;izle;;6,5;5,4;1,0;0,0;0;0;zayif;40,7;22,6;22,1;asagi;zayif;zayif;asagi;0,07;-4,77;2;71,55;-10,00;9708333;99,07;SAT;NEGATIF;SAT;NEGATIF;AZALIYOR;SAT;SAT;NOTR;0;22.09.2026
MOBTL;izle;;6,5;4,4;0,3;1,7;10;0;zayif;22,6;21,4;14,2;asagi;zayif;zayif;asagi;0,80;-4,92;5;9,68;-2,71;28293159;12,09;SAT;NEGATIF;SAT;NEGATIF;ARTIYOR;SAT;SAT;NOTR;0;22.09.2026
SAFKR;izle;;6,4;2,4;4,0;0,0;6;0;zayif;52,4;16,1;8,5;asagi;zayif;zayif;asagi;0,61;-7,00;3;11,24;0,54;37569160;13,77;SAT;NEGATIF;SAT;NEGATIF;AZALIYOR;AL;AL;UCUZ (AL);2;22.09.2026
BORLS;izle;;6,4;2,4;4,0;0,0;6;0;zayif;46,0;13,8;0,0;asagi;zayif;zayif;asagi;0,68;-7,23;3;2,1;-2,33;45419592;2,89;SAT;NEGATIF;SAT;NEGATIF;AZALIYOR;AL;SAT;UCUZ (AL);1;22.09.2026
SOKE;izle;;6,4;2,4;4,0;0,0;6;0;zayif;44,4;13,1;17,4;asagi;zayif;zayif;asagi;0,59;-7,90;3;8,14;0,99;17660593;9,98;SAT;NEGATIF;SAT;NEGATIF;AZALIYOR;SAT;AL;NOTR;1;22.09.2026
ALVES;izle;;6,4;2,4;4,0;0,0;0;0;zayif;45,9;13,7;35,2;asagi;zayif;zayif;asagi;0,35;-10,98;1;0,63;1,61;15549198;0,86;SAT;NEGATIF;SAT;NEGATIF;AZALIYOR;AL;AL;UCUZ (AL);2;22.09.2026
BIGCH;izle;;6,4;2,4;4,0;0,0;28;2;zayif;30,2;24,0;30,8;asagi;zayif;zayif;asagi;0,46;-5,15;3;4,23;2,42;11600009;5,13;SAT;NEGATIF;SAT;NEGATIF;AZALIYOR;SAT;AL;UCUZ (AL);1;22.09.2026
MZHLD;izle;;6,4;1,3;5,1;0,0;22;2;zayif;21,6;37,1;42,7;asagi;zayif;zayif;asagi;0,49;-2,31;1;4,78;-1,44;1615912;5,70;SAT;NEGATIF;SAT;NEGATIF;ARTIYOR;SAT;SAT;UCUZ (AL);0;22.09.2026
OYLUM;izle;;6,4;2,4;4,0;0,0;10;0;zayif;29,5;22,7;34,1;asagi;zayif;zayif;asagi;0,54;-2,61;5;6,37;0,16;1639485;6,99;SAT;NEGATIF;SAT;NEGATIF;ARTIYOR;SAT;AL;UCUZ (AL);1;22.09.2026
HKTM;izle;;6,4;2,4;3,9;0,0;16;1;zayif;35,7;33,8;19,0;asagi;zayif;zayif;asagi;0,19;-1,88;3;10,89;0,74;22853743;13,14;SAT;NEGATIF;SAT;NEGATIF;AZALIYOR;SAT;AL;NOTR;1;22.09.2026
SUNTK;izle;;6,3;2,3;4,1;0,0;10;0;zayif;28,7;25,2;27,8;asagi;zayif;zayif;asagi;0,48;-3,19;4;27,18;-0,07;13059039;34,08;SAT;NEGATIF;SAT;NEGATIF;AZALIYOR;SAT;SAT;UCUZ (AL);0;22.09.2026
KOTON;izle;;6,3;1,9;4,4;0,0;10;0;zayif;26,0;26,4;25,1;asagi;zayif;zayif;asagi;0,60;-4,48;4;11,11;1,74;12951560;12,12;SAT;NEGATIF;SAT;NEGATIF;AZALIYOR;SAT;AL;UCUZ (AL);1;22.09.2026
SELVA;izle;;6,2;2,0;4,0;0,3;6;0;zayif;26,5;19,9;23,6;asagi;zayif;zayif;asagi;0,72;-6,25;3;1,25;1,63;20483436;1,43;SAT;NEGATIF;SAT;NEGATIF;AZALIYOR;SAT;AL;UCUZ (AL);1;22.09.2026
KOCMT;izle;;6,2;4,5;1,7;0,0;0;0;zayif;22,9;28,0;60,9;asagi;zayif;zayif;asagi;0,06;-4,23;0;2,51;-9,71;9682317;3,66;SAT;NEGATIF;SAT;NEGATIF;AZALIYOR;SAT;SAT;NOTR;0;22.09.2026
DGNMO;izle;;6,2;5,4;0,8;0,0;0;0;zayif;44,9;15,7;-0,0;asagi;zayif;zayif;asagi;0,66;-4,89;2;4,97;-6,05;16122998;6,49;SAT;NEGATIF;SAT;NEGATIF;ARTIYOR;SAT;SAT;NOTR;0;22.09.2026
VESBE;izle;;6,2;2,2;4,0;0,0;0;0;zayif;27,8;33,3;73,7;asagi;zayif;zayif;asagi;0,33;-2,65;2;4,96;-1,00;45022163;5,86;SAT;NEGATIF;SAT;NEGATIF;AZALIYOR;SAT;SAT;UCUZ (AL);0;22.09.2026
POLTK;izle;;6,1;1,0;1,0;4,1;0;0;zayif;19,1;17,4;49,4;asagi;zayif;zayif;asagi;0,95;-5,01;2;3310;-0,15;21985020;3948,54;SAT;NEGATIF;NOTR;NEGATIF;AZALIYOR;SAT;SAT;UCUZ (AL);0;22.09.2026
GEREL;izle;;6,0;5,2;0,0;0,9;6;0;zayif;27,9;22,2;34,9;asagi;zayif;zayif;asagi;0,75;-4,54;3;25,18;-2,33;124352765;33,28;SAT;NEGATIF;SAT;NEGATIF;AZALIYOR;SAT;SAT;NOTR;0;22.09.2026
HATSN;izle;;6,0;4,8;1,2;0,0;6;0;zayif;25,1;29,0;17,5;asagi;zayif;zayif;asagi;0,07;-4,27;3;35,48;-9,99;17883055;51,74;SAT;NEGATIF;SAT;NEGATIF;AZALIYOR;SAT;AL;NOTR;1;22.09.2026
AHSGY;izle;;5,8;1,4;3,5;1,0;46;4;zayif;22,4;31,4;48,7;asagi;zayif;zayif;asagi;0,76;-3,76;3;12,06;-1,31;37953568;16,52;SAT;NEGATIF;SAT;NEGATIF;ARTIYOR;SAT;SAT;NOTR;0;22.09.2026
MAKIM;izle;;5,8;1,8;4,0;0,0;6;0;zayif;25,2;23,5;32,3;asagi;zayif;zayif;asagi;0,62;-4,28;3;12,45;1,14;6253647;14,48;SAT;NEGATIF;SAT;NEGATIF;AZALIYOR;SAT;SAT;NOTR;0;22.09.2026
CRDFA;izle;;5,8;5,4;0,3;0,0;0;0;zayif;44,0;13,4;24,5;asagi;zayif;zayif;asagi;0,07;-7,97;2;13,65;-9,96;1617020;18,86;SAT;NEGATIF;SAT;NEGATIF;AZALIYOR;SAT;SAT;UCUZ (AL);0;22.09.2026
SILVR;izle;;5,7;1,7;1,0;3,0;10;0;zayif;24,7;17,3;22,4;asagi;zayif;zayif;asagi;0,88;-4,25;4;1,83;-1,08;2580787;2,13;SAT;NEGATIF;SAT;NEGATIF;AZALIYOR;SAT;AL;UCUZ (AL);1;22.09.2026
INFO;izle;;5,7;5,1;0,6;0,0;0;0;zayif;27,6;23,9;33,1;asagi;zayif;zayif;asagi;0,02;-5,37;1;1,45;-9,94;2953477;2,13;SAT;NEGATIF;SAT;NEGATIF;AZALIYOR;SAT;SAT;NOTR;0;22.09.2026
ENSRI;izle;;5,6;1,6;4,0;0,0;6;0;zayif;24,0;21,1;14,5;asagi;zayif;zayif;asagi;0,46;-8,11;3;3,42;-1,44;37606953;4,13;SAT;NEGATIF;SAT;NEGATIF;AZALIYOR;SAT;AL;UCUZ (AL);1;22.09.2026
AYCES;izle;;5,6;0,0;5,6;0,0;6;0;zayif;11,4;35,5;27,1;asagi;zayif;zayif;asagi;0,43;-3,36;3;399,75;-1,48;17296783;467,91;SAT;NEGATIF;NOTR;NEGATIF;AZALIYOR;SAT;SAT;NOTR;0;22.09.2026
MARBL;izle;;5,5;1,6;0,0;3,9;20;1;zayif;24,1;20,1;35,7;asagi;zayif;zayif;asagi;0,93;-4,26;4;10,09;1,10;13425714;11,54;SAT;NEGATIF;SAT;NEGATIF;AZALIYOR;SAT;AL;NOTR;1;22.09.2026
AKYHO;izle;;5,5;2,1;3,0;0,4;10;0;zayif;27,6;30,7;29,8;asagi;zayif;zayif;asagi;0,72;-3,38;5;1,77;4,12;2339963;2,11;SAT;NEGATIF;SAT;NEGATIF;ARTIYOR;SAT;SAT;UCUZ (AL);0;22.09.2026
FORMT;izle;;5,5;2,4;0,4;2,6;10;0;zayif;53,2;9,7;17,7;asagi;zayif;zayif;asagi;0,86;-8,48;5;1,13;-4,24;17675454;1,33;SAT;NEGATIF;SAT;NEGATIF;AZALIYOR;SAT;AL;UCUZ (AL);1;22.09.2026
DUNYH;izle;;5,4;5,4;0,0;0,0;38;3;zayif;47,3;12,4;3,7;asagi;zayif;zayif;asagi;0,33;-6,72;3;61,1;-9,95;21422760;89,18;SAT;NEGATIF;SAT;NEGATIF;AZALIYOR;SAT;SAT;UCUZ (AL);0;22.09.2026
ICUGS;izle;;5,4;5,4;0,0;0,0;6;0;zayif;42,4;14,2;48,1;asagi;zayif;zayif;asagi;0,07;-7,61;3;2,11;-9,83;2396278;3,03;SAT;NEGATIF;SAT;NEGATIF;AZALIYOR;SAT;SAT;NOTR;0;22.09.2026
ETYAT;izle;;5,4;5,4;0,0;0,0;46;4;zayif;35,8;14,1;17,7;asagi;zayif;zayif;asagi;0,14;-5,46;3;7,57;-9,99;829611;10,84;SAT;NEGATIF;SAT;NEGATIF;AZALIYOR;SAT;SAT;NOTR;0;22.09.2026
KUVVA;izle;;5,4;5,4;0,0;0,0;32;3;zayif;31,0;22,0;21,3;asagi;zayif;zayif;asagi;0,09;-3,69;2;115,1;-9,94;1490430;156,16;SAT;NEGATIF;SAT;NEGATIF;AZALIYOR;SAT;SAT;NOTR;0;22.09.2026
SEKUR;izle;;5,4;5,4;0,0;0,0;0;0;zayif;30,1;16,6;9,1;asagi;zayif;zayif;asagi;0,08;-6,24;2;5,38;-9,88;821074;7,37;SAT;NEGATIF;SAT;NEGATIF;AZALIYOR;SAT;SAT;NOTR;0;22.09.2026
DOKTA;izle;;5,4;1,9;1,5;2,0;16;1;zayif;26,3;27,9;41,6;asagi;zayif;zayif;asagi;0,82;-3,25;3;19,15;-0,31;7756956;22,59;SAT;NEGATIF;SAT;NEGATIF;AZALIYOR;SAT;SAT;UCUZ (AL);0;22.09.2026
YYAPI;izle;;5,3;2,4;0,0;2,9;0;0;zayif;55,0;9,9;7,3;asagi;zayif;zayif;asagi;0,87;-9,41;2;0,62;-4,62;2325419;0,70;SAT;NEGATIF;SAT;NEGATIF;ARTIYOR;SAT;SAT;UCUZ (AL);0;22.09.2026
PRZMA;izle;;5,2;4,9;0,4;0,0;22;2;zayif;25,6;26,3;26,8;asagi;zayif;zayif;asagi;0,00;-4,10;2;41,32;-9,98;225401;60,72;SAT;NEGATIF;SAT;NEGATIF;AZALIYOR;SAT;SAT;NOTR;0;22.09.2026
EDATA;izle;;5,2;5,2;0,0;0,0;6;0;zayif;28,2;16,0;30,9;asagi;zayif;zayif;asagi;0,47;-6,02;3;10,1;-9,98;16667939;13,69;SAT;NEGATIF;SAT;NEGATIF;AZALIYOR;SAT;SAT;NOTR;0;22.09.2026
PKENT;izle;;5,2;2,0;0,2;3,0;20;1;zayif;26,9;16,4;17,8;asagi;zayif;zayif;asagi;0,88;-5,34;4;102,2;0,10;11983972;116,80;SAT;NEGATIF;SAT;NEGATIF;AZALIYOR;SAT;AL;UCUZ (AL);1;22.09.2026
ATAGY;izle;;5,1;2,4;2,7;0,0;6;0;zayif;38,5;27,6;36,1;asagi;zayif;zayif;asagi;0,16;-3,08;3;9,03;1,01;284111;10,26;SAT;NEGATIF;SAT;NEGATIF;ARTIYOR;SAT;SAT;UCUZ (AL);0;22.09.2026
YIGIT;izle;;5,1;1,9;1,3;2,0;0;0;zayif;25,7;29,0;46,2;asagi;zayif;zayif;asagi;0,82;-3,50;2;18,7;1,74;55637755;21,07;SAT;NEGATIF;SAT;NEGATIF;AZALIYOR;SAT;AL;NOTR;1;22.09.2026
ZEDUR;izle;;5,1;2,4;0,8;1,8;10;0;zayif;44,7;15,5;22,7;asagi;zayif;zayif;asagi;0,81;-4,57;6;6,18;0,00;6764659;7,22;SAT;NEGATIF;SAT;NEGATIF;ARTIYOR;SAT;SAT;UCUZ (AL);0;22.09.2026
PENGD;izle;;5,1;2,4;1,2;1,4;6;0;zayif;33,0;22,2;47,4;asagi;zayif;zayif;asagi;0,79;-4,72;3;7,92;-0,25;16055068;8,91;SAT;NEGATIF;SAT;NEGATIF;AZALIYOR;SAT;SAT;NOTR;0;22.09.2026
GLCVY;izle;;5,0;1,0;4,0;0,0;10;1;zayif;19,2;33,9;30,0;asagi;zayif;zayif;asagi;0,57;-2,51;2;46,46;0,74;16705065;53,46;SAT;NEGATIF;NOTR;NEGATIF;AZALIYOR;SAT;AL;UCUZ (AL);1;22.09.2026
ESCAR;izle;;4,9;4,9;0,0;0,0;10;1;zayif;26,3;16,9;39,2;asagi;zayif;zayif;asagi;0,01;-6,25;1;27,24;-9,98;732157;35,50;SAT;NEGATIF;SAT;NEGATIF;ARTIYOR;SAT;SAT;NOTR;0;22.09.2026
RALYH;izle;;4,9;4,9;0,0;0,0;32;3;zayif;26,2;21,0;53,1;asagi;zayif;zayif;asagi;0,01;-5,30;2;160,4;-9,99;2197320;210,05;SAT;NEGATIF;SAT;NEGATIF;ARTIYOR;SAT;SAT;NOTR;0;22.09.2026
IHYAY;izle;;4,8;2,0;2,8;0,0;0;0;zayif;26,6;30,2;50,3;asagi;zayif;zayif;asagi;0,65;-3,87;2;1,04;-2,80;2277268;1,24;SAT;NEGATIF;SAT;NEGATIF;AZALIYOR;SAT;SAT;UCUZ (AL);0;22.09.2026
UFUK;izle;;4,8;4,8;0,0;0,0;38;3;zayif;25,4;15,1;58,8;asagi;zayif;zayif;asagi;0,00;-6,49;3;824;-9,99;207648;1149,19;SAT;NEGATIF;SAT;NEGATIF;AZALIYOR;SAT;SAT;UCUZ (AL);0;22.09.2026
EDIP;izle;;4,8;1,8;3,0;0,0;50;5;zayif;25,3;31,2;32,1;asagi;zayif;zayif;asagi;0,38;-2,79;4;30,8;0,00;24413712;35,37;SAT;NEGATIF;SAT;NEGATIF;ARTIYOR;SAT;SAT;NOTR;0;22.09.2026
AVOD;izle;;4,7;2,4;2,3;0,0;0;0;zayif;33,4;31,5;62,6;asagi;zayif;zayif;asagi;0,61;-2,55;2;3,38;0,60;26097081;4,14;SAT;NEGATIF;SAT;NEGATIF;AZALIYOR;SAT;AL;NOTR;1;22.09.2026
BEYAZ;izle;;4,7;0,6;4,1;0,0;0;0;zayif;16,2;33,4;50,7;asagi;zayif;zayif;asagi;0,56;-3,23;1;19,59;1,08;12486333;22,90;SAT;NEGATIF;NOTR;NEGATIF;AZALIYOR;SAT;SAT;UCUZ (AL);0;22.09.2026
DYOBY;izle;;4,6;2,4;0,8;1,4;50;5;zayif;29,7;26,5;30,4;asagi;zayif;zayif;asagi;0,79;-3,78;4;11,34;1,07;13581997;12,58;SAT;NEGATIF;SAT;NEGATIF;AZALIYOR;SAT;AL;NOTR;1;22.09.2026
TGSAS;izle;;4,5;4,5;0,0;0,0;6;0;zayif;23,2;24,6;34,8;asagi;zayif;zayif;asagi;0,03;-4,56;3;117;-10,00;2808000;167,15;SAT;NEGATIF;SAT;NEGATIF;AZALIYOR;SAT;AL;UCUZ (AL);1;22.09.2026
MERKO;izle;;4,5;2,4;1,0;1,0;6;0;zayif;42,6;19,0;37,5;asagi;zayif;zayif;asagi;0,76;-6,39;3;1,02;0,00;19279746;1,16;SAT;NEGATIF;SAT;NEGATIF;AZALIYOR;SAT;AL;UCUZ (AL);1;22.09.2026
PRKME;izle;;4,4;1,5;2,9;0,0;6;0;zayif;23,0;31,8;46,1;asagi;zayif;zayif;asagi;0,48;-2,65;3;16,03;0,31;22478132;18,37;SAT;NEGATIF;SAT;NEGATIF;AZALIYOR;SAT;AL;NOTR;1;22.09.2026
VKFYO;izle;;4,4;1,0;2,0;1,4;32;3;zayif;19,3;27,7;17,7;asagi;zayif;zayif;asagi;0,78;-4,58;2;17,98;-2,92;2719547;21,67;SAT;NEGATIF;NOTR;NEGATIF;AZALIYOR;SAT;SAT;UCUZ (AL);0;22.09.2026
BIZIM;izle;;4,4;1,8;2,6;0,0;32;2;zayif;24,9;32,2;38,4;asagi;zayif;zayif;asagi;0,45;-3,16;4;21,36;1,52;2745230;23,86;SAT;NEGATIF;SAT;NEGATIF;AZALIYOR;SAT;AL;UCUZ (AL);1;22.09.2026
KLMSN;izle;;4,4;2,2;0,2;2,0;20;1;zayif;28,3;18,2;17,8;asagi;zayif;zayif;asagi;0,82;-4,86;4;22,88;-0,44;11818801;26,26;SAT;NEGATIF;SAT;NEGATIF;AZALIYOR;SAT;SAT;UCUZ (AL);0;22.09.2026
BLCYT;izle;;4,3;2,1;2,3;0,0;0;0;zayif;27,3;31,3;51,8;asagi;zayif;zayif;asagi;0,30;-3,42;1;1,65;-0,60;19836506;2,06;SAT;NEGATIF;SAT;NEGATIF;AZALIYOR;SAT;SAT;UCUZ (AL);0;22.09.2026
ONRYT;izle;;4,3;1,4;0,0;3,0;6;0;zayif;22,0;22,6;46,0;asagi;zayif;zayif;asagi;0,88;-4,37;3;11,1;-2,20;40768169;13,81;SAT;NEGATIF;SAT;NEGATIF;AZALIYOR;SAT;SAT;UCUZ (AL);0;22.09.2026
OBAMS;izle;;4,3;2,1;2,2;0,0;0;0;zayif;27,4;31,7;44,1;asagi;zayif;zayif;asagi;0,55;-3,75;2;4,34;2,12;92688473;5,11;SAT;NEGATIF;SAT;NEGATIF;AZALIYOR;SAT;AL;UCUZ (AL);1;22.09.2026
BVSAN;izle;;4,3;1,4;2,9;0,0;0;0;zayif;22,3;34,1;50,9;asagi;zayif;zayif;asagi;0,64;-3,01;0;86,5;0,93;89110051;111,88;SAT;NEGATIF;SAT;NEGATIF;AZALIYOR;SAT;SAT;NOTR;0;22.09.2026
ISBIR;izle;;4,2;1,3;2,7;0,2;6;0;zayif;21,9;33,3;32,8;asagi;zayif;zayif;asagi;0,60;-3,55;3;63,55;0,87;848329;69,46;SAT;NEGATIF;SAT;NEGATIF;AZALIYOR;SAT;AL;UCUZ (AL);1;22.09.2026
TLMAN;izle;;4,2;2,0;0,8;1,5;10;0;zayif;26,4;25,4;26,8;asagi;zayif;zayif;asagi;0,79;-4,28;4;67,55;0,82;7849783;75,16;SAT;NEGATIF;SAT;NEGATIF;AZALIYOR;SAT;SAT;UCUZ (AL);0;22.09.2026
MNDTR;izle;;4,1;1,9;2,2;0,0;6;0;zayif;26,1;28,1;40,1;asagi;zayif;zayif;asagi;0,56;-3,32;3;4,41;-1,12;4911660;4,95;SAT;NEGATIF;SAT;NEGATIF;AZALIYOR;SAT;AL;UCUZ (AL);1;22.09.2026
PARSN;izle;;4,1;1,8;1,8;0,5;10;0;zayif;25,2;26,9;30,7;asagi;zayif;zayif;asagi;0,73;-3,90;4;63;0,32;12275424;70,91;SAT;NEGATIF;SAT;NEGATIF;AZALIYOR;SAT;SAT;UCUZ (AL);0;22.09.2026
BURVA;izle;;4,1;1,4;2,7;0,0;0;0;zayif;22,5;27,7;16,9;asagi;zayif;zayif;asagi;0,50;-4,44;2;457,75;-9,98;20595546;648,35;SAT;NEGATIF;SAT;NEGATIF;AZALIYOR;SAT;SAT;NOTR;0;22.09.2026
HEKTS;izle;;4,1;2,1;2,0;0,0;40;4;zayif;27,2;29,2;29,4;asagi;zayif;zayif;asagi;0,47;-4,13;2;2,29;0,88;519804668;2,70;SAT;NEGATIF;SAT;NEGATIF;AZALIYOR;SAT;SAT;NOTR;0;22.09.2026
MHRGY;izle;;4,1;1,7;2,4;0,0;22;2;zayif;24,3;28,8;53,0;asagi;zayif;zayif;asagi;0,62;-3,25;2;1,91;-1,55;9068657;2,18;SAT;NEGATIF;SAT;NEGATIF;AZALIYOR;SAT;AL;NOTR;1;22.09.2026
DENGE;izle;;4,1;1,7;2,3;0,1;22;2;zayif;24,3;30,9;53,2;asagi;zayif;zayif;asagi;0,70;-2,99;2;2;-1,48;34771568;2,37;SAT;NEGATIF;SAT;NEGATIF;AZALIYOR;SAT;SAT;UCUZ (AL);0;22.09.2026
NIBAS;izle;;3,9;1,6;2,3;0,0;32;3;zayif;23,7;32,8;36,8;asagi;zayif;zayif;asagi;0,33;-2,77;2;3,28;-0,61;33755129;4,18;SAT;NEGATIF;SAT;NEGATIF;AZALIYOR;SAT;SAT;NOTR;0;22.09.2026
MSGYO;izle;;3,8;1,1;2,7;0,0;6;0;zayif;20,2;29,0;29,9;asagi;zayif;zayif;asagi;0,48;-3,31;3;5,1;0,59;4582233;5,70;SAT;NEGATIF;SAT;NEGATIF;AZALIYOR;SAT;AL;NOTR;1;22.09.2026
KUTPO;izle;;3,7;0,9;2,7;0,1;0;0;zayif;18,7;28,7;35,9;asagi;zayif;zayif;asagi;0,42;-3,06;2;72,2;0,77;5494348;80,38;SAT;NEGATIF;NOTR;NEGATIF;AZALIYOR;SAT;SAT;UCUZ (AL);0;22.09.2026
SUWEN;izle;;3,7;1,3;2,4;0,0;10;1;zayif;21,3;30,0;74,5;asagi;zayif;zayif;asagi;0,41;-2,91;2;5,43;1,12;17965589;6,48;SAT;NEGATIF;SAT;NEGATIF;ARTIYOR;SAT;SAT;UCUZ (AL);0;22.09.2026
ADESE;izle;;3,7;2,4;1,2;0,0;10;0;zayif;30,3;26,1;28,1;asagi;zayif;zayif;asagi;0,39;-3,73;4;0,73;1,39;37024005;0,84;SAT;NEGATIF;SAT;NEGATIF;AZALIYOR;SAT;AL;UCUZ (AL);1;22.09.2026
ESEN;izle;;3,7;2,2;0,8;0,7;46;4;zayif;28,4;26,9;30,6;asagi;zayif;zayif;asagi;0,74;-3,98;3;2,89;-0,69;71272934;3,33;SAT;NEGATIF;SAT;NEGATIF;AZALIYOR;SAT;AL;UCUZ (AL);1;22.09.2026
DESPC;izle;;3,6;1,6;2,1;0,0;0;0;zayif;23,6;29,1;41,9;asagi;zayif;zayif;asagi;0,70;-3,44;2;32,8;1,99;11440706;38,72;SAT;NEGATIF;SAT;NEGATIF;AZALIYOR;SAT;AL;UCUZ (AL);1;22.09.2026
IHAAS;izle;;3,6;2,1;0,3;1,3;32;3;zayif;27,4;20,3;28,4;asagi;zayif;zayif;asagi;0,78;-5,80;2;34,92;-6,63;26238364;43,76;SAT;NEGATIF;SAT;NEGATIF;ARTIYOR;SAT;SAT;NOTR;0;22.09.2026
OSTIM;izle;;3,6;0,8;2,8;0,0;6;0;zayif;17,8;29,8;42,3;asagi;zayif;zayif;asagi;0,48;-3,44;3;1,38;-0,72;8818091;1,59;SAT;NEGATIF;NOTR;NEGATIF;AZALIYOR;SAT;SAT;UCUZ (AL);0;22.09.2026
VKING;izle;;3,6;2,4;1,1;0,0;0;0;zayif;42,5;16,5;54,6;asagi;zayif;zayif;asagi;0,67;-4,43;2;17,22;-1,20;3753616;19,58;SAT;NEGATIF;SAT;NEGATIF;ARTIYOR;SAT;SAT;UCUZ (AL);0;22.09.2026
BRKSN;izle;;3,5;2,2;0,3;1,0;6;0;zayif;28,2;25,3;23,6;asagi;zayif;zayif;asagi;0,46;-3,64;3;6,75;1,96;982179;7,54;SAT;NEGATIF;SAT;NEGATIF;ARTIYOR;SAT;AL;NOTR;1;22.09.2026
ARTMS;izle;;3,4;1,3;2,2;0,0;6;0;zayif;21,4;29,6;33,9;asagi;zayif;zayif;asagi;0,53;-2,73;3;33,18;-2,41;16224489;41,12;SAT;NEGATIF;SAT;NEGATIF;AZALIYOR;SAT;SAT;NOTR;0;22.09.2026
ORMA;izle;;3,4;2,4;0,0;1,0;10;0;zayif;35,7;19,0;17,8;asagi;zayif;zayif;asagi;0,76;-7,86;4;120;0,17;902280;133,87;SAT;NEGATIF;SAT;NEGATIF;AZALIYOR;SAT;AL;UCUZ (AL);1;22.09.2026
KAYSE;izle;;3,4;2,4;0,1;0,8;10;0;zayif;31,4;24,6;34,5;asagi;zayif;zayif;asagi;0,75;-3,77;4;3,41;0,29;23283429;3,89;SAT;NEGATIF;SAT;NEGATIF;AZALIYOR;SAT;AL;UCUZ (AL);1;22.09.2026
VSNMD;izle;;3,3;2,4;0,9;0,0;0;0;zayif;32,0;12,4;28,9;asagi;zayif;zayif;asagi;0,69;-6,74;2;32,06;-0,99;24647439;38,12;SAT;NEGATIF;SAT;NEGATIF;AZALIYOR;SAT;SAT;UCUZ (AL);0;22.09.2026
SKTAS;izle;;3,2;2,0;1,1;0,0;10;0;zayif;27,0;26,6;36,1;asagi;zayif;zayif;asagi;0,37;-3,39;5;2,71;0,37;15561115;3,14;SAT;NEGATIF;SAT;NEGATIF;AZALIYOR;SAT;AL;UCUZ (AL);1;22.09.2026
ARENA;izle;;3,2;1,5;1,7;0,0;0;0;zayif;22,8;25,7;32,0;asagi;zayif;zayif;asagi;0,52;-4,42;2;16,6;1,10;7541679;19,65;SAT;NEGATIF;SAT;NEGATIF;AZALIYOR;SAT;SAT;UCUZ (AL);0;22.09.2026
TMSN;izle;;3,2;0,2;3,0;0,0;6;0;zayif;13,4;28,1;38,4;asagi;zayif;zayif;asagi;0,67;-3,32;3;64,65;1,09;35505651;75,80;SAT;NEGATIF;NOTR;NEGATIF;AZALIYOR;SAT;SAT;UCUZ (AL);0;22.09.2026
NUGYO;izle;;3,1;1,9;1,1;0,2;6;0;zayif;25,8;25,8;32,3;asagi;zayif;zayif;asagi;0,71;-3,07;3;7,94;0,25;9947804;8,93;SAT;NEGATIF;SAT;NEGATIF;AZALIYOR;SAT;AL;UCUZ (AL);1;22.09.2026
ELITE;izle;;3,1;2,4;0,6;0,0;16;1;zayif;37,3;18,0;38,5;asagi;zayif;zayif;asagi;0,60;-6,10;3;21,32;0,09;18935486;24,43;SAT;NEGATIF;SAT;NEGATIF;AZALIYOR;SAT;SAT;UCUZ (AL);0;22.09.2026
ERBOS;izle;;3,0;2,4;0,6;0,0;10;0;zayif;31,7;18,8;36,9;asagi;zayif;zayif;asagi;0,48;-5,08;4;124,7;0,81;3066373;139,49;SAT;NEGATIF;SAT;NEGATIF;AZALIYOR;SAT;AL;UCUZ (AL);1;22.09.2026
BSOKE;izle;;3,0;2,4;0,6;0,0;10;0;zayif;50,0;11,5;11,2;asagi;zayif;zayif;asagi;0,04;-8,05;4;11,6;-9,94;5735516;17,30;SAT;NEGATIF;SAT;NEGATIF;AZALIYOR;SAT;SAT;NOTR;0;22.09.2026
PRKAB;izle;;3,0;0,8;2,2;0,0;16;1;zayif;17,6;27,3;53,9;asagi;zayif;zayif;asagi;0,29;-3,57;3;27,36;-0,22;9678792;31,65;SAT;NEGATIF;NOTR;NEGATIF;AZALIYOR;SAT;SAT;NOTR;0;22.09.2026
PNLSN;izle;;3,0;1,7;1,3;0,0;10;0;zayif;24,3;24,1;27,3;asagi;zayif;zayif;asagi;0,61;-3,89;4;34,44;-0,29;15643371;39,61;SAT;NEGATIF;SAT;NEGATIF;AZALIYOR;SAT;AL;NOTR;1;22.09.2026
GZNMI;izle;;2,9;2,4;0,5;0,0;10;0;zayif;34,9;18,5;10,1;asagi;zayif;zayif;asagi;0,63;-5,52;4;36,48;-3,49;30540436;46,38;SAT;NEGATIF;SAT;NEGATIF;AZALIYOR;SAT;SAT;NOTR;0;22.09.2026
GSRAY;izle;;2,9;2,4;0,2;0,2;0;0;zayif;31,4;24,8;18,8;asagi;zayif;zayif;asagi;0,71;-3,44;2;0,91;0,00;115629322;1,01;SAT;NEGATIF;SAT;NEGATIF;AZALIYOR;SAT;SAT;UCUZ (AL);0;22.09.2026
MEKAG;izle;;2,9;1,9;0,3;0,7;10;0;zayif;25,8;19,2;23,5;asagi;zayif;zayif;asagi;0,74;-5,03;5;2,33;-0,85;13931408;2,72;SAT;NEGATIF;SAT;NEGATIF;AZALIYOR;SAT;SAT;UCUZ (AL);0;22.09.2026
BURCE;izle;;2,7;1,5;1,2;0,0;16;1;zayif;23,3;18,6;26,7;asagi;zayif;zayif;asagi;0,47;-4,92;3;26,42;-1,56;20754654;32,44;SAT;NEGATIF;SAT;NEGATIF;AZALIYOR;SAT;SAT;UCUZ (AL);0;22.09.2026
DERIM;izle;;2,7;1,4;0,8;0,5;32;2;zayif;22,2;25,1;42,2;asagi;zayif;zayif;asagi;0,73;-3,37;5;29,22;-2,01;7102885;34,04;SAT;NEGATIF;SAT;NEGATIF;AZALIYOR;SAT;SAT;UCUZ (AL);0;22.09.2026
ASGYO;izle;;2,6;1,7;0,9;0,0;0;0;zayif;24,6;26,0;49,9;asagi;zayif;zayif;asagi;0,60;-3,44;2;9,92;1,12;18515888;10,89;SAT;NEGATIF;SAT;NEGATIF;AZALIYOR;SAT;AL;NOTR;1;22.09.2026
OZGYO;izle;;2,6;2,0;0,6;0,0;6;0;zayif;27,0;25,0;31,2;asagi;zayif;zayif;asagi;0,49;-3,79;3;1,74;-0,57;12727879;1,99;SAT;NEGATIF;SAT;NEGATIF;AZALIYOR;SAT;AL;NOTR;1;22.09.2026
KAPLM;izle;;2,6;2,4;0,0;0,1;10;0;zayif;50,1;13,4;22,3;asagi;zayif;zayif;asagi;0,71;-8,67;4;198;-10,00;14709420;268,13;SAT;NEGATIF;SAT;NEGATIF;AZALIYOR;SAT;AL;NOTR;1;22.09.2026
EKSUN;izle;;2,6;2,4;0,1;0,0;28;2;zayif;31,0;20,7;33,3;asagi;zayif;zayif;asagi;0,69;-5,67;3;4,46;1,13;12028990;5,15;SAT;NEGATIF;SAT;NEGATIF;AZALIYOR;SAT;AL;NOTR;1;22.09.2026
ISSEN;izle;;2,6;2,2;0,4;0,0;20;1;zayif;28,0;22,0;50,8;asagi;zayif;zayif;asagi;0,41;-3,82;4;6,02;0,67;3221747;6,75;SAT;NEGATIF;SAT;NEGATIF;AZALIYOR;SAT;AL;NOTR;1;22.09.2026
ARZUM;izle;;2,6;1,6;1,0;0,0;10;0;zayif;23,4;20,1;20,4;asagi;zayif;zayif;asagi;0,63;-5,63;5;1,25;-1,57;8508435;1,46;SAT;NEGATIF;SAT;NEGATIF;AZALIYOR;SAT;AL;UCUZ (AL);1;22.09.2026
LUKSK;izle;;2,6;1,9;0,7;0,0;10;0;zayif;25,6;16,7;15,6;asagi;zayif;zayif;asagi;0,56;-5,41;5;67,35;-1,17;3636024;77,65;SAT;NEGATIF;SAT;NEGATIF;AZALIYOR;SAT;SAT;UCUZ (AL);0;22.09.2026
COSMO;izle;;2,5;1,6;0,9;0,0;6;0;zayif;23,4;24,1;30,5;asagi;zayif;zayif;asagi;0,63;-4,04;3;93,1;-0,21;3725955;113,46;SAT;NEGATIF;SAT;NEGATIF;ARTIYOR;SAT;SAT;UCUZ (AL);0;22.09.2026
YAPRK;izle;;2,5;0,2;2,0;0,2;6;0;zayif;13,6;26,2;50,0;asagi;zayif;zayif;asagi;0,71;-2,73;3;9,39;0,97;30426239;11,15;SAT;NEGATIF;NOTR;NEGATIF;ARTIYOR;SAT;AL;NOTR;1;22.09.2026
TMPOL;izle;;2,5;2,4;0,0;0,0;0;0;zayif;34,1;19,4;8,2;asagi;zayif;zayif;asagi;0,00;-6,80;1;170,4;-9,98;665071;257,43;SAT;NEGATIF;SAT;NEGATIF;AZALIYOR;SAT;SAT;UCUZ (AL);0;22.09.2026
KOPOL;izle;;2,4;2,4;0,0;0,0;6;0;zayif;30,6;17,4;25,4;asagi;zayif;zayif;asagi;0,67;-6,37;3;3,63;-0,82;24757036;4,38;SAT;NEGATIF;SAT;NEGATIF;AZALIYOR;SAT;SAT;UCUZ (AL);0;22.09.2026
EUHOL;izle;;2,4;2,4;0,0;0,0;6;0;zayif;39,1;20,5;10,7;asagi;zayif;zayif;asagi;0,41;-6,53;3;7,15;-0,83;1839867;8,49;SAT;NEGATIF;SAT;NEGATIF;AZALIYOR;SAT;SAT;UCUZ (AL);0;22.09.2026
KLRHO;izle;;2,4;2,4;0,0;0,0;0;0;zayif;36,0;11,7;7,6;asagi;zayif;zayif;asagi;0,05;-9,46;2;34,32;-9,97;6095507;45,34;SAT;NEGATIF;SAT;NEGATIF;ARTIYOR;SAT;SAT;UCUZ (AL);0;22.09.2026
BULGS;izle;;2,4;2,4;0,0;0,0;0;0;zayif;52,7;9,4;21,0;asagi;zayif;zayif;asagi;0,03;-8,89;2;17,07;-9,97;1259698;22,59;SAT;NEGATIF;SAT;NEGATIF;ARTIYOR;SAT;AL;UCUZ (AL);1;22.09.2026
LYDHO;izle;;2,4;2,4;0,0;0,0;6;0;zayif;55,0;12,2;32,5;asagi;zayif;zayif;asagi;0,01;-8,69;3;76,2;-9,98;413918;103,18;SAT;NEGATIF;SAT;NEGATIF;AZALIYOR;SAT;SAT;UCUZ (AL);0;22.09.2026
MMCAS;izle;;2,4;2,4;0,0;0,0;0;0;zayif;37,7;19,0;45,4;asagi;zayif;zayif;asagi;0,50;-8,81;2;23;-9,95;576794;32,46;SAT;NEGATIF;SAT;NEGATIF;AZALIYOR;SAT;SAT;UCUZ (AL);0;22.09.2026
DITAS;izle;;2,4;2,4;0,0;0,0;0;0;zayif;38,4;17,4;33,3;asagi;zayif;zayif;asagi;0,04;-7,65;2;9,9;-9,92;1320353;14,67;SAT;NEGATIF;SAT;NEGATIF;AZALIYOR;SAT;AL;UCUZ (AL);1;22.09.2026
SKYLP;izle;;2,4;2,4;0,0;0,0;0;0;zayif;45,5;15,7;9,8;asagi;zayif;zayif;asagi;0,10;-7,78;1;93,35;-9,98;585211;138,12;SAT;NEGATIF;SAT;NEGATIF;AZALIYOR;SAT;SAT;UCUZ (AL);0;22.09.2026
CUSAN;izle;;2,4;1,6;0,8;0,0;6;0;zayif;23,8;26,7;33,7;asagi;zayif;zayif;asagi;0,44;-3,56;3;19,75;1,07;6919492;23,17;SAT;NEGATIF;SAT;NEGATIF;AZALIYOR;SAT;AL;NOTR;1;22.09.2026
SEYKM;izle;;2,4;2,3;0,1;0,0;6;0;zayif;29,0;17,1;30,9;asagi;zayif;zayif;asagi;0,46;-5,18;3;3,16;-1,25;2023102;3,93;SAT;NEGATIF;SAT;NEGATIF;AZALIYOR;SAT;SAT;UCUZ (AL);0;22.09.2026
HDFGS;izle;;2,4;2,4;0,0;0,0;28;2;zayif;29,3;11,1;15,8;asagi;zayif;zayif;asagi;0,03;-8,22;3;1,25;-9,42;1725188;1,66;SAT;NEGATIF;SAT;NEGATIF;AZALIYOR;SAT;AL;UCUZ (AL);1;22.09.2026
DERHL;izle;;2,3;1,8;0,5;0,0;6;0;zayif;25,6;24,7;55,4;asagi;zayif;zayif;asagi;0,65;-4,82;3;1,7;1,80;14351760;1,95;SAT;NEGATIF;SAT;NEGATIF;AZALIYOR;SAT;AL;UCUZ (AL);1;22.09.2026
BINBN;izle;;2,3;2,3;0,0;0,0;0;0;zayif;29,0;16,4;18,1;asagi;zayif;zayif;asagi;0,18;-5,42;1;110,1;-9,98;6905252;145,64;SAT;NEGATIF;SAT;NEGATIF;ARTIYOR;SAT;SAT;UCUZ (AL);0;22.09.2026
PLTUR;izle;;2,2;1,4;0,8;0,0;10;0;zayif;22,5;26,7;52,4;asagi;zayif;zayif;asagi;0,40;-4,05;5;16,88;1,02;18067964;19,41;SAT;NEGATIF;SAT;NEGATIF;AZALIYOR;SAT;AL;UCUZ (AL);1;22.09.2026
PAPIL;izle;;2,2;2,1;0,0;0,1;10;0;zayif;27,7;24,8;39,9;asagi;zayif;zayif;asagi;0,71;-4,19;4;9,39;-1,88;50711484;11,64;SAT;NEGATIF;SAT;NEGATIF;AZALIYOR;SAT;AL;UCUZ (AL);1;22.09.2026
VRGYO;izle;;2,2;2,2;0,0;0,0;10;1;zayif;28,4;13,1;41,4;asagi;zayif;zayif;asagi;0,30;-7,70;2;1,18;-9,92;3939069;1,43;SAT;NEGATIF;SAT;NEGATIF;ARTIYOR;SAT;SAT;UCUZ (AL);0;22.09.2026
PAMEL;izle;;2,2;2,2;0,0;0,0;6;0;zayif;28,4;11,2;9,1;asagi;zayif;zayif;asagi;0,51;-6,68;3;52,4;-0,95;8844334;62,43;SAT;NEGATIF;SAT;NEGATIF;AZALIYOR;SAT;AL;UCUZ (AL);1;22.09.2026
ANGEN;izle;;2,2;0,8;1,4;0,0;50;4;zayif;17,9;27,4;26,7;asagi;zayif;zayif;asagi;0,47;-4,29;4;7,41;0,41;8590932;8,77;SAT;NEGATIF;NOTR;NEGATIF;AZALIYOR;SAT;SAT;UCUZ (AL);0;22.09.2026
OBASE;izle;;2,2;1,3;0,9;0,0;10;0;zayif;21,4;24,9;37,5;asagi;zayif;zayif;asagi;0,35;-4,54;4;29,32;0,96;5070777;34,69;SAT;NEGATIF;SAT;NEGATIF;AZALIYOR;SAT;SAT;NOTR;0;22.09.2026
MAKTK;izle;;2,2;2,2;0,0;0,0;10;0;zayif;28,0;18,1;26,7;asagi;zayif;zayif;asagi;0,44;-5,41;6;7,38;0,27;15087465;8,79;SAT;NEGATIF;SAT;NEGATIF;AZALIYOR;SAT;AL;UCUZ (AL);1;22.09.2026
AGROT;izle;;2,2;0,8;1,4;0,0;22;2;zayif;17,7;19,8;39,0;asagi;zayif;zayif;asagi;0,64;-6,14;2;1,58;0,00;48817352;1,85;SAT;NEGATIF;NOTR;NEGATIF;AZALIYOR;SAT;SAT;UCUZ (AL);0;22.09.2026
ISKPL;izle;;2,1;2,1;0,0;0,0;0;0;zayif;27,5;15,6;18,1;asagi;zayif;zayif;asagi;0,09;-7,15;2;3,85;-9,84;11568145;5,39;SAT;NEGATIF;SAT;NEGATIF;AZALIYOR;SAT;SAT;UCUZ (AL);0;22.09.2026
SNICA;izle;;2,1;1,1;1,0;0,0;6;0;zayif;20,1;24,8;40,7;asagi;zayif;zayif;asagi;0,50;-5,37;3;2,58;0,00;17638467;3,00;SAT;NEGATIF;SAT;NEGATIF;AZALIYOR;SAT;SAT;UCUZ (AL);0;22.09.2026
EUYO;izle;;2,0;1,3;0,8;0,0;6;0;zayif;21,2;19,4;17,3;asagi;zayif;zayif;asagi;0,58;-4,60;3;3,6;-2,44;1921086;4,45;SAT;NEGATIF;SAT;NEGATIF;ARTIYOR;SAT;SAT;NOTR;0;22.09.2026
ULAS;izle;;2,0;1,4;0,6;0,0;10;0;zayif;22,5;22,2;19,9;asagi;zayif;zayif;asagi;0,53;-4,20;5;17,1;-1,21;1822980;20,10;SAT;NEGATIF;SAT;NEGATIF;ARTIYOR;SAT;SAT;UCUZ (AL);0;22.09.2026
FRIGO;izle;;2,0;1,6;0,4;0,0;10;0;zayif;23,5;26,5;27,0;asagi;zayif;zayif;asagi;0,61;-3,61;4;1,71;0,00;44508573;2,19;SAT;NEGATIF;SAT;NEGATIF;ARTIYOR;SAT;SAT;UCUZ (AL);0;22.09.2026
BAYRK;izle;;2,0;2,0;0,0;0,0;42;3;zayif;26,6;16,9;20,1;asagi;zayif;zayif;asagi;0,67;-5,20;5;3,19;-2,15;11387187;3,82;SAT;NEGATIF;SAT;NEGATIF;AZALIYOR;SAT;AL;UCUZ (AL);1;22.09.2026
LYDYE;izle;;2,0;2,0;0,0;0,0;10;0;zayif;26,6;18,0;41,9;asagi;zayif;zayif;asagi;0,08;-6,55;4;7565;-9,99;1391960;9821,99;SAT;NEGATIF;SAT;NEGATIF;ARTIYOR;SAT;SAT;UCUZ (AL);0;22.09.2026
EUREN;izle;;2,0;1,8;0,2;0,0;32;2;zayif;24,9;25,7;39,3;asagi;zayif;zayif;asagi;0,68;-4,66;4;3,19;1,92;64253573;3,61;SAT;NEGATIF;SAT;NEGATIF;AZALIYOR;SAT;AL;UCUZ (AL);1;22.09.2026
ALKA;izle;;2,0;1,5;0,5;0,0;38;3;zayif;23,0;24,2;32,8;asagi;zayif;zayif;asagi;0,58;-4,68;3;6,8;0,15;10139480;7,71;SAT;NEGATIF;SAT;NEGATIF;AZALIYOR;SAT;AL;UCUZ (AL);1;22.09.2026
GIPTA;izle;;1,9;1,9;0,0;0,0;0;0;zayif;26,2;24,3;32,3;asagi;zayif;zayif;asagi;0,02;-4,98;1;40,5;-10,00;4560422;58,03;SAT;NEGATIF;SAT;NEGATIF;AZALIYOR;SAT;AL;UCUZ (AL);1;22.09.2026
INGRM;izle;;1,9;0,6;1,3;0,0;0;0;zayif;16,5;25,9;41,6;asagi;zayif;zayif;asagi;0,43;-3,51;2;319;0,16;10035102;368,29;SAT;NEGATIF;NOTR;NEGATIF;AZALIYOR;SAT;AL;NOTR;1;22.09.2026
GRTHO;izle;;1,8;1,5;0,3;0,0;0;0;zayif;23,3;25,7;67,6;asagi;zayif;zayif;asagi;0,13;-5,36;0;130,3;-9,95;22118034;179,48;SAT;NEGATIF;SAT;NEGATIF;AZALIYOR;SAT;SAT;UCUZ (AL);0;22.09.2026
IHEVA;izle;;1,8;1,2;0,5;0,0;0;0;zayif;21,0;25,0;37,5;asagi;zayif;zayif;asagi;0,58;-3,66;2;1,67;0,00;1762538;1,93;SAT;NEGATIF;SAT;NEGATIF;AZALIYOR;SAT;AL;UCUZ (AL);1;22.09.2026
PENTA;izle;;1,8;1,1;0,0;0,6;42;3;zayif;20,2;20,8;31,1;asagi;zayif;zayif;asagi;0,74;-4,83;6;10,74;-0,09;15725035;12,03;SAT;NEGATIF;SAT;NEGATIF;AZALIYOR;SAT;AL;UCUZ (AL);1;22.09.2026
ALKIM;izle;;1,7;1,5;0,2;0,0;28;2;zayif;23,2;24,1;33,7;asagi;zayif;zayif;asagi;0,45;-4,56;3;13,28;0,30;9447644;14,93;SAT;NEGATIF;SAT;NEGATIF;AZALIYOR;SAT;AL;UCUZ (AL);1;22.09.2026
BIENY;izle;;1,7;1,7;0,0;0,0;10;0;zayif;24,5;17,7;17,8;asagi;zayif;zayif;asagi;0,60;-4,65;5;16,4;-1,97;26452790;19,43;SAT;NEGATIF;SAT;NEGATIF;ARTIYOR;SAT;AL;UCUZ (AL);1;22.09.2026
QUAGR;izle;;1,7;1,1;0,5;0,0;10;0;zayif;20,4;20,6;33,8;asagi;zayif;zayif;asagi;0,61;-5,07;4;2,32;-2,52;62663353;2,85;SAT;NEGATIF;SAT;NEGATIF;AZALIYOR;SAT;SAT;NOTR;0;22.09.2026
DOGUB;izle;;1,5;1,3;0,2;0,0;0;0;zayif;21,7;17,9;48,1;asagi;zayif;zayif;asagi;0,07;-6,48;1;35,28;-9,95;962262;50,41;SAT;NEGATIF;SAT;NEGATIF;AZALIYOR;SAT;SAT;NOTR;0;22.09.2026
FADE;izle;;1,5;1,5;0,0;0,0;6;0;zayif;22,8;21,9;25,8;asagi;zayif;zayif;asagi;0,53;-4,60;3;12,17;0,50;14305993;14,20;SAT;NEGATIF;SAT;NEGATIF;AZALIYOR;SAT;AL;NOTR;1;22.09.2026
DAPGM;izle;;1,3;1,3;0,0;0,0;0;0;zayif;21,5;19,0;44,0;asagi;zayif;zayif;asagi;0,57;-6,53;1;4,85;-6,01;199803054;6,45;SAT;NEGATIF;SAT;NEGATIF;AZALIYOR;SAT;AL;UCUZ (AL);1;22.09.2026
TEKTU;izle;;1,2;1,2;0,0;0,0;50;5;zayif;21,0;16,4;15,7;asagi;zayif;zayif;asagi;0,51;-6,24;4;5,2;-2,44;20326530;6,44;SAT;NEGATIF;SAT;NEGATIF;AZALIYOR;SAT;SAT;UCUZ (AL);0;22.09.2026