hisse;durum;yeni_sinyal;konfluans;trend_35;momentum_30;hacim_35;risk;uyumsuzluk;rejim;adx;rsi;mfi;supertrend;goreli_guc;usd_trend;haftalik_trend;hacim_orani;ema50_uzaklik_atr;dagitim_gun;kapanis;degisim%;islem_hacmi_tl;st_cizgisi;osc_macd;osc_rsi;osc_adx;osc_momentum;osc_atr;osc_wavetrend;osc_stochrsi;osc_sharpe;osc_al_sayisi;tarih
KRGYO;GUCLU AL;EVET;97,7;32,7;30,0;35,0;20;1;guclu trend;24,1;62,1;73,4;yukari;guclu;yukselis;yukari;1,88;2,36;2;3,7;5,71;143278815;2,81;AL;POZITIF;AL;POZITIF;ARTIYOR;AL;AL;NOTR;6;09.10.2026
DURDO;GUCLU AL;;97,3;35,0;27,5;34,8;28;0;guclu trend;33,9;77,1;88,4;yukari;guclu;yukselis;yukari;1,38;4,44;1;6,56;2,02;40669809;5,48;AL;POZITIF;AL;POZITIF;ARTIYOR;AL;SAT;NOTR;5;09.10.2026
CELHA;GUCLU AL;;96,5;33,8;27,7;35,0;28;0;guclu trend;26,9;76,6;86,6;yukari;guclu;yukselis;yukari;1,55;3,61;2;33,32;6,79;154749675;26,58;AL;POZITIF;AL;POZITIF;ARTIYOR;AL;AL;NOTR;6;09.10.2026
ISDMR;GUCLU AL;;91,9;33,2;26,0;32,7;10;0;guclu trend;25,4;63,7;55,7;yukari;guclu;yukselis;yukari;1,16;2,33;2;65,9;5,86;175459014;55,23;SAT;POZITIF;AL;POZITIF;ARTIYOR;AL;AL;NOTR;5;09.10.2026
ENERY;GUCLU AL;;89,2;34,2;30,0;25,0;36;0;guclu trend;27,8;71,9;80,8;yukari;guclu;yukselis;yukari;0,47;4,53;1;14,28;0,92;555996327;12,53;AL;POZITIF;AL;POZITIF;AZALIYOR;AL;AL;NOTR;6;09.10.2026
RYGYO;GUCLU AL;EVET;88,0;34,6;26,0;27,3;0;0;guclu trend;29,0;56,3;48,8;yukari;guclu;yukselis;yukari;1,00;1,55;2;49,68;8,33;137981331;42,36;SAT;POZITIF;AL;NEGATIF;ARTIYOR;SAT;SAT;NOTR;2;09.10.2026
AHGAZ;GUCLU AL;;87,5;33,7;27,9;25,8;28;0;guclu trend;26,7;76,1;83,4;yukari;guclu;yukselis;yukari;0,75;4,81;1;48,38;0,75;289670025;43,44;AL;POZITIF;AL;POZITIF;AZALIYOR;AL;AL;NOTR;6;09.10.2026
HRKET;izle;;86,4;35,0;26,4;25,0;43;0;guclu trend;35,1;79,2;89,9;yukari;guclu;yukselis;yukari;0,63;3,93;0;9,57;9,25;312052177;7,46;AL;POZITIF;AL;POZITIF;ARTIYOR;AL;AL;NOTR;6;09.10.2026
GMTAS;AL;EVET;85,7;30,0;23,9;31,7;0;0;ilimli;17,2;53,0;68,6;yukari;guclu;yukselis;yukari;1,29;0,62;1;49;6,24;312519550;40,93;SAT;POZITIF;NOTR;NEGATIF;ARTIYOR;SAT;AL;NOTR;2;09.10.2026
INDES;izle;;84,8;31,2;29,1;24,4;40;4;guclu trend;20,3;57,5;69,7;yukari;guclu;yukselis;yukari;0,57;1,13;2;11,72;4,55;38156077;10,20;AL;POZITIF;AL;POZITIF;AZALIYOR;AL;SAT;NOTR;5;09.10.2026
TKFEN;GUCLU AL;;84,2;34,8;26,0;23,4;38;2;guclu trend;29,5;59,0;53,5;yukari;guclu;yukselis;yukari;0,35;2,43;3;265;3,72;569055435;226,08;SAT;POZITIF;AL;NEGATIF;AZALIYOR;AL;SAT;PAHALI (SAT);3;09.10.2026
ETILR;AL;;83,3;30,1;30,0;23,2;22;2;ilimli;17,5;59,8;73,2;yukari;guclu;yukselis;yukari;0,37;1,94;1;7,37;1,66;26680447;6,03;AL;POZITIF;NOTR;POZITIF;AZALIYOR;SAT;SAT;NOTR;3;09.10.2026
AKFIS;AL;;82,3;30,3;30,0;22,0;0;0;ilimli;17,8;58,5;59,3;yukari;guclu;yukselis;yukari;0,63;1,55;2;17,83;5,01;184208149;14,38;AL;POZITIF;NOTR;POZITIF;AZALIYOR;AL;SAT;PAHALI (SAT);4;09.10.2026
SANKO;GUCLU AL;;81,4;26,1;29,4;25,9;0;0;zayif;35,3;59,9;79,2;yukari;guclu;yukselis;yukari;0,88;1,26;1;21,2;-2,39;13247202;17,99;AL;POZITIF;AL;POZITIF;ARTIYOR;AL;SAT;NOTR;5;09.10.2026
OTKAR;AL;;80,8;15,8;30,0;35,0;6;0;zayif;19,1;63,7;74,5;yukari;guclu;yukselis;yukari;1,46;1,72;3;347;0,87;257718982;299,92;AL;POZITIF;NOTR;POZITIF;AZALIYOR;AL;SAT;NOTR;4;09.10.2026
DZGYO;GUCLU AL;EVET;79,7;16,5;30,0;33,2;0;0;zayif;20,2;64,9;80,8;yukari;guclu;yukselis;yukari;2,27;1,76;1;7,76;4,16;54110961;6,59;AL;POZITIF;AL;POZITIF;ARTIYOR;AL;AL;NOTR;6;09.10.2026
DMLKT;AL;;78,8;30,9;26,0;21,9;10;0;ilimli;19,4;58,4;51,9;yukari;guclu;yukselis;yukari;0,77;2,25;2;7,03;0,72;25645025;6,71;SAT;POZITIF;NOTR;POZITIF;ARTIYOR;AL;AL;NOTR;4;09.10.2026
GLYHO;AL;;76,0;23,6;29,6;22,9;0;0;ilimli;18,6;61,3;66,1;yukari;guclu;yukselis;yukari;0,56;1,33;0;17,33;-1,25;43178839;15,55;AL;POZITIF;NOTR;POZITIF;AZALIYOR;AL;SAT;NOTR;4;09.10.2026
ALBRK;izle;;75,5;22,7;29,2;23,6;0;0;ilimli;18,8;57,7;72,1;asagi;guclu;yukselis;yukari;0,61;1,18;2;8,9;1,37;101393775;9,13;AL;POZITIF;NOTR;POZITIF;AZALIYOR;AL;AL;NOTR;5;09.10.2026
ORGE;izle;;74,6;28,8;28,4;17,4;42;3;ilimli;14,0;54,7;66,0;yukari;guclu;yukselis;yukari;0,86;0,82;5;23,16;2,03;74834916;20,44;AL;POZITIF;NOTR;POZITIF;AZALIYOR;AL;AL;NOTR;5;09.10.2026
EBEBK;izle;;72,8;13,0;28,2;31,6;32;3;ilimli;11,6;55,2;58,8;asagi;guclu;zayif;yukari;1,66;0,71;2;83,5;3,53;78228896;86,82;AL;POZITIF;NOTR;POZITIF;ARTIYOR;AL;AL;NOTR;5;09.10.2026
TUPRS;izle;;72,7;30,4;24,4;17,8;46;4;guclu trend;29,6;48,6;37,5;yukari;guclu;zayif;yukari;0,69;0,83;3;386,25;-1,53;5675182838;374,32;SAT;NEGATIF;SAT;NEGATIF;AZALIYOR;AL;AL;NOTR;2;09.10.2026
QNBFK;AL;;71,3;21,4;30,0;20,0;0;0;zayif;27,6;63,5;63,1;yukari;guclu;yukselis;yukari;0,94;1,61;1;43,86;4,53;1133562;37,01;AL;POZITIF;AL;POZITIF;ARTIYOR;AL;AL;NOTR;6;09.10.2026
AKCNS;AL;;70,9;22,8;26,7;21,4;22;2;ilimli;16,7;53,4;70,5;yukari;guclu;zayif;yukari;0,80;0,07;1;221,4;-3,36;183418387;188,41;AL;POZITIF;NOTR;POZITIF;AZALIYOR;AL;SAT;NOTR;4;09.10.2026
CCOLA;izle;;70,8;15,1;29,5;26,2;0;0;ilimli;17,5;60,2;47,0;asagi;guclu;yukselis;yukari;1,01;1,28;2;83,75;4,17;443778018;84,13;AL;POZITIF;NOTR;POZITIF;ARTIYOR;AL;SAT;NOTR;4;09.10.2026
ENJSA;izle;;70,6;22,5;28,3;19,8;32;2;ilimli;18,3;55,8;82,5;asagi;guclu;yukselis;yukari;0,60;0,77;4;113,4;0,35;248203003;117,47;AL;POZITIF;NOTR;POZITIF;AZALIYOR;AL;SAT;NOTR;4;09.10.2026
HUNER;izle;;70,4;29,7;25,4;15,2;32;3;ilimli;16,5;56,6;65,6;yukari;guclu;yukselis;yukari;0,76;1,25;2;4,34;6,63;223743483;3,83;SAT;POZITIF;NOTR;NEGATIF;ARTIYOR;SAT;AL;NOTR;2;09.10.2026
SOKM;izle;;70,2;20,4;24,9;24,9;22;2;ilimli;13,1;54,9;45,3;asagi;guclu;yukselis;yukari;0,79;1,01;2;58,2;4,30;143281649;61,50;SAT;POZITIF;NOTR;POZITIF;ARTIYOR;AL;AL;NOTR;4;09.10.2026
AYDEM;izle;;69,8;12,1;27,9;29,8;0;0;ilimli;17,4;56,9;62,6;asagi;guclu;yukselis;yukari;1,26;0,60;2;25,76;0,55;68681441;26,22;AL;POZITIF;NOTR;POZITIF;AZALIYOR;AL;AL;NOTR;5;09.10.2026
TRMET;izle;;68,0;20,9;24,1;23,0;0;0;ilimli;18,7;54,0;60,1;asagi;guclu;zayif;yukari;0,76;0,69;2;137,3;4,97;774012137;146,21;SAT;POZITIF;NOTR;NEGATIF;AZALIYOR;AL;AL;NOTR;3;09.10.2026
NETAS;izle;;67,3;22,9;27,4;17,1;0;0;ilimli;19,3;50,8;59,5;asagi;guclu;zayif;yukari;0,77;0,37;1;83;0,97;54741322;89,91;AL;POZITIF;NOTR;POZITIF;AZALIYOR;AL;AL;NOTR;5;09.10.2026
TRCAS;izle;;65,7;14,6;27,3;23,8;20;1;ilimli;27,1;52,8;37,3;asagi;guclu;zayif;yukari;0,80;0,35;4;46,4;2,20;24776765;48,19;AL;POZITIF;SAT;POZITIF;AZALIYOR;AL;AL;NOTR;5;09.10.2026
VAKBN;izle;;64,9;20,2;23,9;20,8;0;0;ilimli;13,5;52,0;54,0;asagi;guclu;yukselis;yukari;0,50;0,61;2;33,9;0,71;852102942;37,38;SAT;POZITIF;NOTR;POZITIF;AZALIYOR;AL;AL;NOTR;4;09.10.2026
ALARK;izle;;64,9;14,4;28,1;22,4;16;1;ilimli;22,6;54,1;58,3;asagi;guclu;zayif;yukari;0,74;0,67;3;109;0,65;296765689;111,34;AL;POZITIF;SAT;POZITIF;AZALIYOR;AL;AL;NOTR;5;09.10.2026
ETYAT;izle;;63,5;25,9;20,7;17,0;0;0;zayif;24,5;51,7;72,7;yukari;zayif;zayif;asagi;1,24;-0,50;2;11,5;9,52;12710870;7,93;AL;POZITIF;AL;POZITIF;ARTIYOR;AL;AL;NOTR;6;09.10.2026
RYSAS;izle;;62,5;20,7;23,6;18,3;0;0;ilimli;13,8;51,7;55,7;asagi;guclu;zayif;yukari;0,52;0,46;2;25,74;7,61;181831092;28,46;SAT;POZITIF;NOTR;NEGATIF;ARTIYOR;SAT;SAT;NOTR;1;09.10.2026
MEPET;AL;;62,5;23,7;26,9;11,9;0;0;ilimli;12,4;51,3;60,6;yukari;guclu;yukselis;asagi;0,56;0,19;0;21,02;-0,19;6354199;17,41;AL;POZITIF;NOTR;NEGATIF;AZALIYOR;SAT;SAT;NOTR;2;09.10.2026
METRO;izle;;62,4;26,6;26,0;9,8;0;0;zayif;26,5;51,8;69,4;yukari;guclu;zayif;asagi;0,45;-0,23;0;7,67;0,26;20394898;6,55;AL;POZITIF;AL;POZITIF;AZALIYOR;AL;SAT;NOTR;5;09.10.2026
FRIGO;AL;EVET;62,0;14,3;28,9;18,8;0;0;zayif;28,2;61,9;75,5;yukari;guclu;yukselis;asagi;1,48;1,01;1;2,25;7,14;91451788;1,71;AL;POZITIF;AL;POZITIF;ARTIYOR;AL;AL;NOTR;6;09.10.2026
BIMAS;izle;;61,7;20,8;18,8;22,0;46;4;zayif;18,2;43,3;22,0;asagi;guclu;zayif;yukari;0,72;-0,51;3;402,75;0,44;2654170830;432,23;SAT;NEGATIF;NOTR;NEGATIF;AZALIYOR;SAT;AL;NOTR;1;09.10.2026
AVGYO;izle;;61,7;20,0;27,1;14,5;50;5;ilimli;10,3;51,1;39,1;asagi;guclu;zayif;yukari;0,96;0,27;4;16,14;-0,19;18527284;18,09;AL;POZITIF;NOTR;POZITIF;AZALIYOR;AL;SAT;NOTR;4;09.10.2026
LOGO;izle;;60,6;17,8;27,3;15,6;46;4;zayif;17,2;50,8;56,2;yukari;guclu;yukselis;yukari;0,73;0,34;3;142,5;-2,73;71044373;129,10;AL;POZITIF;NOTR;POZITIF;AZALIYOR;SAT;SAT;NOTR;3;09.10.2026
KRDMD;izle;;60,6;20,3;19,5;20,8;46;4;zayif;13,9;44,7;50,6;asagi;guclu;zayif;yukari;0,59;-0,39;3;43,12;0,23;1060522688;48,15;SAT;NEGATIF;NOTR;NEGATIF;AZALIYOR;SAT;SAT;NOTR;0;09.10.2026
BAHKM;izle;;60,3;21,6;16,5;22,2;28;2;guclu trend;23,6;43,6;43,0;asagi;guclu;zayif;yukari;1,07;-0,49;3;146,1;-0,61;283098554;203,28;SAT;NEGATIF;SAT;NEGATIF;AZALIYOR;SAT;SAT;NOTR;0;09.10.2026
BRSAN;izle;;60,1;20,6;21,6;18,0;10;0;ilimli;16,3;47,9;50,1;asagi;guclu;zayif;yukari;1,08;0,09;4;659;-1,72;1130153368;709,48;SAT;NEGATIF;NOTR;NEGATIF;AZALIYOR;SAT;SAT;NOTR;0;09.10.2026
INVES;izle;;59,6;15,2;26,2;18,1;0;0;zayif;28,5;48,5;36,8;asagi;guclu;zayif;yukari;0,30;-0,13;2;731;0,34;10682103;783,94;AL;NEGATIF;SAT;POZITIF;AZALIYOR;AL;AL;NOTR;4;09.10.2026
CUSAN;izle;;58,8;15,0;25,8;18,0;0;0;zayif;32,6;55,1;65,5;yukari;guclu;zayif;asagi;2,47;-0,28;2;21,78;10,00;30197513;17,31;AL;POZITIF;AL;POZITIF;ARTIYOR;AL;AL;NOTR;6;09.10.2026
ATEKS;izle;;57,7;13,2;26,6;18,0;6;0;zayif;25,3;55,0;74,5;yukari;guclu;zayif;asagi;1,33;0,02;3;95,6;1,06;1492698;81,35;AL;POZITIF;AL;POZITIF;AZALIYOR;AL;AL;NOTR;6;09.10.2026
RTALB;izle;;57,6;13,1;26,5;18,0;40;4;zayif;25,2;58,9;71,6;yukari;guclu;zayif;asagi;1,34;0,01;2;2,6;9,70;137158619;1,94;AL;POZITIF;AL;POZITIF;ARTIYOR;AL;SAT;NOTR;5;09.10.2026
KLSYN;izle;;57,2;14,3;16,7;26,1;0;0;zayif;21,8;43,0;30,9;asagi;guclu;zayif;yukari;3,38;-0,70;2;14,03;0,21;140902771;15,97;SAT;NEGATIF;SAT;NEGATIF;AZALIYOR;SAT;SAT;NOTR;0;09.10.2026
MPARK;izle;;56,6;10,7;28,0;17,9;46;4;ilimli;11,9;54,9;52,2;asagi;guclu;yukselis;yukari;0,79;0,63;3;437,25;4,05;200433651;453,45;AL;POZITIF;NOTR;POZITIF;ARTIYOR;AL;AL;NOTR;5;09.10.2026
HALKB;izle;;55,6;20,4;22,8;12,4;10;1;ilimli;15,2;46,4;30,5;asagi;guclu;yukselis;yukari;0,44;0,12;2;43,88;-0,09;637893170;49,07;SAT;NEGATIF;NOTR;NEGATIF;AZALIYOR;SAT;SAT;NOTR;0;09.10.2026
CVKMD;izle;;55,2;12,5;24,7;18,0;6;0;zayif;42,3;51,5;54,6;asagi;guclu;zayif;asagi;1,92;-0,47;3;13,9;7,67;976805236;14,68;AL;POZITIF;SAT;NEGATIF;ARTIYOR;AL;AL;NOTR;4;09.10.2026
AYGAZ;izle;;55,2;22,1;18,9;14,2;0;0;guclu trend;27,2;44,4;46,7;asagi;guclu;zayif;yukari;0,68;-0,58;2;291,5;-1,19;172128418;321,43;SAT;NEGATIF;SAT;NEGATIF;AZALIYOR;AL;AL;NOTR;2;09.10.2026
HKTM;izle;;55,0;14,9;27,0;13,1;0;0;zayif;29,8;54,3;58,5;yukari;guclu;zayif;asagi;1,24;0,20;2;11,85;-4,36;58265621;9,79;AL;POZITIF;AL;POZITIF;ARTIYOR;AL;SAT;NOTR;5;09.10.2026
AKSGY;izle;;54,4;14,1;25,9;14,5;0;0;zayif;27,3;48,9;61,5;asagi;guclu;zayif;yukari;0,39;-0,27;2;9,54;2,58;16549162;10,14;AL;NEGATIF;SAT;POZITIF;AZALIYOR;SAT;SAT;NOTR;2;09.10.2026
KCHOL;izle;;54,3;20,2;17,2;17,0;28;2;guclu trend;27,8;44,0;32,6;asagi;guclu;zayif;yukari;0,94;-0,51;3;208;-2,07;5127188352;229,66;SAT;NEGATIF;SAT;NEGATIF;ARTIYOR;SAT;SAT;NOTR;0;09.10.2026
EKGYO;izle;;54,3;4,0;27,4;23,0;10;1;zayif;14,6;53,2;53,6;asagi;guclu;yukselis;yukari;0,85;0,37;1;19,85;1,22;2033435747;21,06;AL;POZITIF;NOTR;POZITIF;AZALIYOR;AL;SAT;NOTR;4;09.10.2026
ANGEN;izle;;54,3;10,9;25,4;18,0;40;4;zayif;19,6;53,7;71,2;yukari;guclu;zayif;asagi;2,11;-0,49;1;8,24;3,26;95103715;6,78;AL;POZITIF;NOTR;POZITIF;ARTIYOR;AL;SAT;UCUZ (AL);4;09.10.2026
YGGYO;izle;;54,0;15,4;24,8;13,7;0;0;zayif;35,7;48,4;52,5;asagi;guclu;zayif;asagi;0,76;-0,72;1;213,8;3,09;19833585;229,06;AL;NEGATIF;SAT;POZITIF;ARTIYOR;AL;AL;NOTR;4;09.10.2026
TAVHL;izle;;54,0;9,8;27,0;17,1;16;1;zayif;14,0;53,2;59,4;yukari;guclu;zayif;asagi;0,81;0,23;3;274,75;-0,36;712281682;251,55;AL;POZITIF;NOTR;POZITIF;AZALIYOR;AL;SAT;NOTR;4;09.10.2026
VKFYO;izle;;53,4;10,2;25,2;18,0;0;0;zayif;17,7;54,4;70,9;yukari;guclu;zayif;asagi;2,25;-0,57;0;20,62;4,72;8985371;16,64;AL;POZITIF;NOTR;POZITIF;ARTIYOR;AL;AL;UCUZ (AL);5;09.10.2026
KRPLS;izle;;52,7;21,3;23,5;8,0;22;2;guclu trend;21,2;49,6;49,7;asagi;guclu;yukselis;yukari;0,54;0,42;2;11,46;4,47;26170618;13,61;SAT;NEGATIF;SAT;NEGATIF;ARTIYOR;SAT;SAT;NOTR;0;09.10.2026
OZSUB;izle;;51,5;13,0;25,4;13,1;6;0;zayif;12,2;47,7;48,2;asagi;guclu;zayif;yukari;0,41;-0,19;3;37,56;1,51;25008349;42,59;AL;NEGATIF;NOTR;NEGATIF;AZALIYOR;AL;AL;NOTR;3;09.10.2026
VERUS;izle;;51,3;19,8;23,5;8,0;0;0;zayif;29,6;52,2;81,7;asagi;guclu;zayif;asagi;0,31;-0,35;0;520;0,10;10743200;538,78;AL;POZITIF;AL;POZITIF;AZALIYOR;AL;AL;NOTR;6;09.10.2026
LMKDC;izle;;50,5;8,4;27,1;15,0;0;0;zayif;13,0;55,2;73,0;yukari;guclu;yukselis;asagi;0,57;0,25;1;24,1;1,60;64353531;21,03;AL;POZITIF;NOTR;POZITIF;AZALIYOR;SAT;SAT;UCUZ (AL);3;09.10.2026
NUHCM;izle;;50,3;1,3;27,6;21,4;10;1;zayif;15,3;58,7;79,2;asagi;guclu;zayif;asagi;1,96;0,47;2;217,9;3,12;22576183;224,95;AL;POZITIF;NOTR;POZITIF;ARTIYOR;AL;SAT;NOTR;4;09.10.2026
PKENT;izle;;50,2;15,0;22,6;12,6;0;0;zayif;35,1;53,0;43,1;yukari;guclu;zayif;asagi;0,97;-1,32;0;108,4;9,94;13892436;91,90;AL;POZITIF;AL;POZITIF;ARTIYOR;AL;AL;UCUZ (AL);6;09.10.2026
OZYSR;izle;;50,1;10,5;26,0;13,6;0;0;zayif;24,1;51,7;60,1;asagi;guclu;zayif;asagi;0,96;-0,21;2;11,74;2,18;27320483;12,68;AL;POZITIF;SAT;POZITIF;ARTIYOR;AL;SAT;NOTR;4;09.10.2026
OTTO;izle;;49,9;15,0;16,9;18,0;0;0;zayif;34,5;51,7;67,2;yukari;zayif;zayif;asagi;1,99;-1,47;2;119,5;0,76;97428589;94,23;AL;POZITIF;AL;POZITIF;ARTIYOR;AL;AL;UCUZ (AL);6;09.10.2026
BASCM;izle;;49,2;10,2;22,2;16,9;0;0;zayif;27,8;48,6;43,9;yukari;guclu;zayif;asagi;1,15;-2,03;2;11,98;3,81;1239055;11,12;AL;NEGATIF;SAT;POZITIF;ARTIYOR;AL;SAT;NOTR;3;09.10.2026
TRENJ;izle;;49,2;13,4;22,0;13,8;50;5;zayif;22,6;48,9;41,9;asagi;guclu;zayif;asagi;1,12;-0,22;4;98,45;6,26;153320418;106,16;SAT;NEGATIF;SAT;NEGATIF;ARTIYOR;AL;AL;NOTR;2;09.10.2026
MRGYO;izle;;48,9;13,6;25,2;10,0;0;0;zayif;26,5;48,4;58,3;yukari;guclu;zayif;asagi;1,30;-0,54;1;1,38;2,99;287076774;1,03;AL;NEGATIF;AL;POZITIF;AZALIYOR;AL;AL;NOTR;5;09.10.2026
RGYAS;izle;;48,5;14,4;25,1;9,0;0;0;zayif;25,4;47,7;57,8;asagi;guclu;zayif;asagi;0,69;-0,61;1;193,2;2,60;254514725;203,66;AL;NEGATIF;SAT;NEGATIF;AZALIYOR;SAT;SAT;NOTR;1;09.10.2026
MAVI;izle;;48,1;8,3;26,2;13,6;18;1;zayif;12,7;51,5;52,2;yukari;guclu;zayif;asagi;0,61;-0,12;2;37,7;1,24;198599528;33,88;AL;POZITIF;NOTR;NEGATIF;AZALIYOR;AL;SAT;UCUZ (AL);3;09.10.2026
FLAP;izle;;47,9;27,0;16,8;4,1;6;0;zayif;26,0;43,6;53,4;yukari;guclu;zayif;asagi;0,92;-0,44;3;11,26;-0,53;14513509;10,92;SAT;NEGATIF;AL;NEGATIF;AZALIYOR;SAT;SAT;NOTR;1;09.10.2026
COSMO;izle;;47,8;13,8;21,4;12,6;0;0;zayif;26,8;50,0;57,5;yukari;guclu;zayif;asagi;0,98;-1,20;1;100,6;-1,76;4180031;79,65;AL;NEGATIF;AL;POZITIF;AZALIYOR;AL;SAT;UCUZ (AL);4;09.10.2026
YKBNK;izle;;47,7;6,4;25,9;15,4;0;0;zayif;19,1;48,4;57,5;asagi;guclu;zayif;asagi;0,73;-0,25;2;35,44;-0,62;5053667804;37,23;AL;NEGATIF;NOTR;NEGATIF;AZALIYOR;SAT;SAT;NOTR;1;09.10.2026
HTTBT;izle;;47,7;13,2;24,2;10,3;0;0;zayif;25,3;48,4;67,9;yukari;guclu;zayif;asagi;0,21;-0,98;1;33,2;0,12;4007373;30,38;AL;NEGATIF;AL;POZITIF;AZALIYOR;AL;SAT;UCUZ (AL);4;09.10.2026
EREGL;izle;;47,4;12,7;25,2;9,5;10;1;zayif;11,9;49,0;45,5;asagi;guclu;zayif;asagi;0,59;-0,54;1;37,32;1,97;2326606202;40,14;AL;NEGATIF;NOTR;NEGATIF;AZALIYOR;AL;SAT;NOTR;2;09.10.2026
DEVA;izle;;47,3;21,5;17,8;8,0;10;0;guclu trend;23,2;41,0;37,2;asagi;guclu;zayif;yukari;0,50;-0,64;4;85,85;-1,32;20741446;98,08;SAT;NEGATIF;SAT;NEGATIF;AZALIYOR;SAT;AL;NOTR;1;09.10.2026
DOCO;izle;;47,2;11,7;25,8;9,8;0;0;zayif;15,0;50,5;57,9;asagi;guclu;zayif;asagi;0,41;-0,30;2;10817,5;1,91;21526825;11391,83;AL;POZITIF;NOTR;POZITIF;ARTIYOR;AL;SAT;NOTR;4;09.10.2026
AGHOL;izle;;46,2;8,6;21,7;15,9;6;0;zayif;17,9;48,4;64,7;asagi;guclu;zayif;asagi;0,84;-0,35;3;32,68;1,68;113920258;35,05;SAT;NEGATIF;NOTR;NEGATIF;AZALIYOR;AL;AL;NOTR;2;09.10.2026
BALSU;izle;;46,0;13,4;24,6;8,0;0;0;zayif;25,9;55,8;64,4;yukari;guclu;zayif;asagi;0,65;-0,83;2;9,02;3,68;322645057;6,96;AL;POZITIF;AL;POZITIF;AZALIYOR;AL;AL;UCUZ (AL);6;09.10.2026
BERA;izle;;45,7;9,7;18,0;18,0;0;0;zayif;24,5;43,7;60,8;yukari;guclu;zayif;asagi;1,36;-2,03;0;11,75;2,53;129441384;10,94;AL;NEGATIF;SAT;POZITIF;AZALIYOR;SAT;SAT;UCUZ (AL);2;09.10.2026
AKFYE;izle;;45,6;10,8;26,8;8,0;0;0;ilimli;10,9;53,7;76,8;asagi;guclu;zayif;asagi;0,54;0,13;1;3,81;1,60;98631931;4,09;AL;POZITIF;NOTR;POZITIF;AZALIYOR;AL;AL;NOTR;5;09.10.2026
AVHOL;izle;;45,4;15,0;20,2;10,2;6;0;zayif;41,3;51,9;49,4;yukari;guclu;zayif;asagi;0,83;-1,37;3;29,88;5,58;35152595;24,62;AL;POZITIF;AL;POZITIF;ARTIYOR;AL;AL;UCUZ (AL);6;09.10.2026
BURVA;izle;;44,8;14,3;16,5;14,0;0;0;zayif;28,3;50,3;67,1;yukari;zayif;zayif;asagi;1,60;-1,30;0;543,5;-3,46;39528755;358,13;AL;POZITIF;AL;POZITIF;ARTIYOR;AL;SAT;NOTR;5;09.10.2026
HDFGS;izle;;44,5;10,4;16,0;18,0;0;0;zayif;42,6;48,4;71,7;yukari;zayif;zayif;asagi;2,07;-3,05;0;1,46;9,77;218407024;1,05;AL;NEGATIF;SAT;POZITIF;ARTIYOR;AL;SAT;UCUZ (AL);3;09.10.2026
EKIZ;izle;;44,2;15,0;23,8;5,5;6;0;zayif;33,0;53,2;55,7;yukari;guclu;zayif;asagi;0,79;-1,18;3;54;-2,70;772524;47,68;AL;POZITIF;AL;POZITIF;AZALIYOR;AL;SAT;UCUZ (AL);5;09.10.2026
KRTEK;izle;;43,9;9,2;21,9;12,7;0;0;zayif;15,1;52,1;72,0;yukari;guclu;yukselis;asagi;0,62;0,20;1;6,04;3,96;3396660;5,02;SAT;POZITIF;NOTR;NEGATIF;ARTIYOR;SAT;SAT;UCUZ (AL);1;09.10.2026
YBTAS;izle;;43,8;10,4;21,2;12,1;0;0;zayif;48,4;52,0;54,5;yukari;guclu;zayif;asagi;0,95;-1,66;1;11,88;8,39;857451;10,27;AL;POZITIF;SAT;POZITIF;ARTIYOR;AL;SAT;UCUZ (AL);4;09.10.2026
ULUUN;izle;;43,5;10,4;19,2;13,9;0;0;zayif;35,2;46,9;71,8;yukari;zayif;zayif;asagi;1,30;-1,70;2;6,9;-1,15;85744423;5,87;AL;NEGATIF;SAT;NEGATIF;AZALIYOR;AL;AL;NOTR;3;09.10.2026
ASELS;izle;;43,5;12,0;14,8;16,8;10;0;zayif;26,1;43,3;46,7;asagi;guclu;zayif;asagi;1,07;-1,20;4;351,25;0,72;13481940586;390,08;SAT;NEGATIF;SAT;NEGATIF;AZALIYOR;SAT;SAT;NOTR;0;09.10.2026
TRILC;izle;;43,4;10,4;20,0;13,0;0;0;zayif;46,0;49,5;44,1;yukari;guclu;zayif;asagi;1,00;-2,92;1;0,94;-5,05;3623125;0,86;AL;NEGATIF;SAT;POZITIF;ARTIYOR;AL;SAT;UCUZ (AL);3;09.10.2026
ARDYZ;izle;;43,0;15,1;19,2;8,6;0;0;zayif;27,6;46,9;55,3;asagi;zayif;zayif;asagi;0,74;-0,81;2;67,1;3,79;330175145;74,55;AL;NEGATIF;SAT;POZITIF;AZALIYOR;AL;SAT;NOTR;3;09.10.2026
TRGYO;izle;;42,7;9,9;25,8;6,9;10;0;zayif;10,5;50,5;42,2;asagi;guclu;zayif;asagi;0,65;-0,30;4;92,55;1,20;64391848;96,70;AL;POZITIF;NOTR;POZITIF;AZALIYOR;AL;SAT;NOTR;4;09.10.2026
CRFSA;izle;;42,6;14,2;16,3;12,0;0;0;zayif;21,1;45,9;47,5;asagi;zayif;zayif;yukari;0,58;-0,51;2;219,6;-3,43;200818271;257,19;SAT;NEGATIF;SAT;NEGATIF;AZALIYOR;AL;AL;NOTR;2;09.10.2026
INFO;izle;;42,4;10,4;13,9;18,0;0;0;zayif;40,6;44,8;97,3;yukari;zayif;zayif;asagi;3,79;-3,58;0;1,49;7,97;315134771;0,99;AL;NEGATIF;SAT;POZITIF;ARTIYOR;AL;AL;NOTR;4;09.10.2026
CRDFA;izle;;42,2;10,4;13,8;18,0;0;0;zayif;50,7;44,2;71,4;yukari;zayif;zayif;asagi;3,89;-4,92;0;14,16;9,94;104905195;9,79;AL;NEGATIF;SAT;POZITIF;AZALIYOR;AL;SAT;NOTR;3;09.10.2026
LYDYE;izle;;42,1;10,4;13,6;18,0;0;0;zayif;46,3;43,8;57,2;yukari;zayif;zayif;asagi;2,31;-4,20;0;6895;9,97;37205420;4824,84;AL;NEGATIF;SAT;POZITIF;ARTIYOR;AL;AL;UCUZ (AL);4;09.10.2026
OZKGY;izle;;42,1;1,9;20,2;20,0;6;0;zayif;25,7;42,3;57,3;asagi;guclu;zayif;asagi;2,42;-1,81;3;12,06;2,29;96162484;12,81;AL;NEGATIF;SAT;NEGATIF;AZALIYOR;SAT;SAT;UCUZ (AL);1;09.10.2026
ANHYT;izle;;41,8;5,0;26,4;10,5;0;0;zayif;19,6;52,9;39,0;asagi;guclu;zayif;asagi;0,71;-0,06;2;103,5;2,58;80885250;107,49;AL;POZITIF;NOTR;POZITIF;AZALIYOR;AL;AL;NOTR;5;09.10.2026
AEFES;izle;;41,5;6,1;24,7;10,8;0;0;zayif;26,0;49,2;41,4;asagi;guclu;zayif;asagi;0,79;-0,78;2;18,56;1,09;491316627;19,66;AL;NEGATIF;SAT;NEGATIF;AZALIYOR;AL;AL;NOTR;3;09.10.2026
OYLUM;izle;;41,5;4,9;25,9;10,8;0;0;zayif;24,6;54,9;65,5;asagi;guclu;zayif;asagi;0,79;-0,28;1;6,89;2,07;2302225;6,99;AL;POZITIF;AL;POZITIF;AZALIYOR;AL;SAT;UCUZ (AL);5;09.10.2026
NTGAZ;izle;;41,0;1,5;25,9;13,6;0;0;zayif;17,1;50,8;66,2;asagi;guclu;zayif;asagi;0,57;-0,27;2;10,88;0,28;19332857;11,27;AL;POZITIF;NOTR;POZITIF;AZALIYOR;AL;SAT;NOTR;4;09.10.2026
SOKE;izle;;41,0;10,4;12,5;18,0;0;0;zayif;52,9;40,0;72,0;yukari;zayif;zayif;asagi;1,82;-4,71;2;7,92;-0,88;87907002;6,38;AL;NEGATIF;SAT;POZITIF;AZALIYOR;AL;SAT;UCUZ (AL);3;09.10.2026
TABGD;izle;;40,9;1,5;25,0;14,4;0;0;zayif;22,7;50,4;48,0;asagi;guclu;zayif;asagi;0,91;-0,63;1;228;1,79;142668492;238,40;AL;POZITIF;SAT;POZITIF;AZALIYOR;AL;AL;NOTR;5;09.10.2026
AKSA;izle;;40,8;1,8;23,0;16,1;6;0;zayif;25,2;45,4;44,4;asagi;guclu;zayif;asagi;1,18;-1,43;3;10,55;0,57;162683026;11,31;AL;NEGATIF;SAT;NEGATIF;AZALIYOR;AL;AL;NOTR;3;09.10.2026
SNPAM;izle;;40,6;0,9;23,3;16,4;20;1;zayif;18,5;47,7;48,2;asagi;guclu;zayif;asagi;1,38;-1,36;5;18,59;2,93;1022710;19,25;AL;NEGATIF;NOTR;NEGATIF;ARTIYOR;AL;AL;UCUZ (AL);3;09.10.2026
EGPRO;izle;;40,4;8,5;23,8;8,0;0;0;zayif;24,3;45,4;64,5;asagi;guclu;zayif;asagi;0,28;-1,14;1;33,88;0,24;8882997;37,65;AL;NEGATIF;SAT;POZITIF;AZALIYOR;AL;SAT;NOTR;3;09.10.2026
PRKME;izle;;39,9;13,1;12,8;14,0;6;0;zayif;25,2;41,0;57,6;yukari;zayif;zayif;asagi;2,01;-2,09;3;14,72;-5,70;100053327;13,53;AL;NEGATIF;AL;NEGATIF;AZALIYOR;AL;SAT;NOTR;3;09.10.2026
MARTI;izle;;39,5;6,4;15,1;18,0;0;0;zayif;28,5;45,6;64,2;asagi;zayif;zayif;asagi;2,82;-1,14;1;1,48;-4,52;484811459;1,57;SAT;NEGATIF;AL;POZITIF;ARTIYOR;AL;AL;NOTR;4;09.10.2026
GARAN;izle;;38,8;1,6;25,9;11,3;32;3;zayif;23,6;49,1;56,1;asagi;guclu;zayif;asagi;0,59;-0,25;1;129,3;0,62;2147136405;136,38;AL;NEGATIF;SAT;NEGATIF;AZALIYOR;AL;SAT;NOTR;2;09.10.2026
TCELL;izle;;38,3;1,8;24,4;12,1;6;0;zayif;25,1;46,7;50,3;asagi;guclu;zayif;asagi;0,52;-0,88;3;98,55;-1,65;1000961707;105,37;AL;NEGATIF;SAT;NEGATIF;AZALIYOR;AL;SAT;NOTR;2;09.10.2026
TUREX;izle;;37,9;9,5;24,4;4,0;0;0;zayif;15,8;50,6;68,9;yukari;guclu;zayif;asagi;0,53;-0,88;0;5,88;1,38;48636473;5,03;AL;POZITIF;NOTR;NEGATIF;AZALIYOR;AL;AL;NOTR;4;09.10.2026
ULKER;izle;;37,8;1,7;24,1;12,0;0;0;zayif;24,3;50,0;48,7;asagi;guclu;zayif;asagi;0,64;-1,01;2;88;2,03;244718672;92,19;AL;NEGATIF;SAT;NEGATIF;AZALIYOR;AL;AL;UCUZ (AL);3;09.10.2026
THYAO;izle;;37,8;2,4;23,6;11,7;6;0;zayif;30,5;45,8;55,8;asagi;guclu;zayif;asagi;0,61;-1,25;3;287,5;1,14;6368837713;301,24;AL;NEGATIF;SAT;NEGATIF;AZALIYOR;SAT;SAT;NOTR;1;09.10.2026
INTEK;izle;;37,6;10,4;16,4;10,7;6;0;zayif;32,3;49,1;56,7;yukari;zayif;zayif;asagi;1,10;-2,24;3;195,4;9,10;1566913;161,41;AL;NEGATIF;SAT;NEGATIF;ARTIYOR;AL;AL;NOTR;3;09.10.2026
LIDFA;izle;;37,5;3,6;25,2;8,6;0;0;zayif;21,3;52,7;61,5;asagi;guclu;zayif;asagi;0,74;-0,56;2;1,63;5,16;20322283;1,70;AL;POZITIF;AL;POZITIF;ARTIYOR;AL;AL;NOTR;6;09.10.2026
TGSAS;izle;;37,5;10,4;13,0;14,0;0;0;zayif;30,8;41,7;32,3;yukari;zayif;zayif;asagi;1,63;-2,44;1;123;-2,30;159292257;90,11;AL;NEGATIF;SAT;POZITIF;AZALIYOR;AL;SAT;NOTR;3;09.10.2026
AKSEN;izle;;37,4;5,9;23,4;8,0;0;0;zayif;28,0;48,6;68,6;asagi;guclu;zayif;asagi;0,52;-1,04;1;73,85;2,21;291370670;77,56;AL;NEGATIF;SAT;POZITIF;AZALIYOR;AL;AL;NOTR;4;09.10.2026
TURGG;izle;;37,3;2,1;26,4;8,7;10;1;zayif;17,5;52,9;65,7;asagi;guclu;zayif;asagi;0,72;-0,05;2;26,52;5,49;9748513;28,79;AL;POZITIF;NOTR;POZITIF;AZALIYOR;AL;AL;NOTR;5;09.10.2026
ENKAI;izle;;37,2;2,4;20,0;14,7;6;0;zayif;30,5;46,4;37,4;asagi;guclu;zayif;asagi;0,77;-1,07;3;83,5;2,33;687432037;88,47;SAT;NEGATIF;SAT;NEGATIF;AZALIYOR;SAT;AL;NOTR;1;09.10.2026
GSDHO;izle;;36,7;4,6;24,1;8,0;0;0;zayif;23,7;50,5;79,7;asagi;guclu;zayif;asagi;0,42;-1,03;1;4,32;1,41;29174714;4,61;AL;POZITIF;AL;POZITIF;AZALIYOR;AL;AL;NOTR;6;09.10.2026
VANGD;izle;;36,4;13,4;13,7;9,2;0;0;zayif;35,1;44,1;56,4;yukari;zayif;zayif;asagi;0,77;-1,89;2;66,6;-2,06;9707150;51,13;AL;NEGATIF;SAT;POZITIF;ARTIYOR;AL;SAT;NOTR;3;09.10.2026
EUYO;izle;;36,4;3,2;25,2;8,0;0;0;zayif;20,3;52,7;64,8;asagi;guclu;zayif;asagi;0,56;-0,48;2;4,39;0,00;2935474;4,42;AL;POZITIF;AL;POZITIF;AZALIYOR;AL;AL;NOTR;6;09.10.2026
SEKFK;izle;;36,3;1,4;23,8;11,0;6;0;zayif;22,6;50,3;65,0;asagi;guclu;zayif;asagi;0,88;-1,14;3;4,25;2,91;2303249;4,48;AL;POZITIF;SAT;POZITIF;AZALIYOR;AL;SAT;NOTR;4;09.10.2026
KRVGD;izle;;36,2;3,5;24,7;8,0;0;0;zayif;21,0;52,6;67,9;asagi;guclu;zayif;asagi;0,62;-0,77;1;2,21;1,38;10559444;2,27;AL;POZITIF;AL;POZITIF;AZALIYOR;AL;AL;UCUZ (AL);6;09.10.2026
AGESA;izle;;36,0;8,7;15,9;11,4;10;0;zayif;31,4;40,6;42,1;asagi;guclu;zayif;asagi;0,53;-1,39;4;230,6;0,48;18288194;247,91;SAT;NEGATIF;SAT;NEGATIF;AZALIYOR;SAT;SAT;NOTR;0;09.10.2026
ALVES;izle;;36,0;10,4;13,9;11,7;0;0;zayif;49,9;44,5;53,6;yukari;zayif;zayif;asagi;1,16;-7,08;2;0,8;9,59;12557118;0,64;AL;NEGATIF;SAT;POZITIF;ARTIYOR;AL;SAT;UCUZ (AL);3;09.10.2026
KLGYO;izle;;35,6;1,3;25,0;9,3;6;0;zayif;21,7;50,4;52,4;asagi;guclu;zayif;asagi;0,73;-0,64;3;4,25;-0,47;30122785;4,33;AL;POZITIF;SAT;POZITIF;AZALIYOR;AL;SAT;UCUZ (AL);4;09.10.2026
KARTN;izle;;35,5;5,4;16,0;14,0;0;0;zayif;36,3;45,2;54,3;asagi;zayif;zayif;asagi;1,78;-2,24;1;109,1;9,98;225107121;115,66;AL;NEGATIF;SAT;POZITIF;ARTIYOR;AL;AL;NOTR;4;09.10.2026
PAHOL;izle;;35,2;10,4;16,8;8,0;0;0;zayif;37,0;47,2;60,6;yukari;zayif;zayif;asagi;0,94;-1,91;2;1,03;5,10;283165746;0,80;AL;NEGATIF;SAT;POZITIF;ARTIYOR;AL;AL;UCUZ (AL);4;09.10.2026
EUKYO;izle;;35,1;10,5;6,6;18,0;40;4;zayif;38,7;33,6;41,5;asagi;zayif;zayif;asagi;1,33;-2,43;0;9,8;4,14;9536057;11,34;SAT;NEGATIF;SAT;POZITIF;AZALIYOR;AL;AL;NOTR;3;09.10.2026
PNSUT;izle;;34,8;1,3;25,0;8,5;22;2;zayif;15,4;48,7;53,3;asagi;guclu;zayif;asagi;0,61;-0,66;2;10,52;2,83;15200148;11,73;AL;NEGATIF;NOTR;NEGATIF;AZALIYOR;AL;AL;NOTR;3;09.10.2026
PCILT;izle;;34,7;10,1;24,6;0,0;6;0;zayif;8,8;45,1;50,4;asagi;guclu;zayif;asagi;0,54;-0,79;3;30,4;-0,65;25389624;33,97;AL;NEGATIF;NOTR;NEGATIF;AZALIYOR;SAT;SAT;NOTR;1;09.10.2026
MIATK;izle;;34,7;10,9;23,8;0,0;0;0;zayif;19,4;48,9;62,8;yukari;guclu;zayif;asagi;0,67;-0,81;1;27,4;-4,60;671565698;21,74;AL;NEGATIF;NOTR;POZITIF;ARTIYOR;AL;SAT;NOTR;3;09.10.2026
ULUFA;izle;;34,5;2,4;21,9;10,1;0;0;zayif;32,9;46,0;47,7;asagi;guclu;zayif;asagi;0,83;-1,61;2;1,49;4,20;22624635;1,58;AL;NEGATIF;SAT;POZITIF;ARTIYOR;AL;SAT;UCUZ (AL);3;09.10.2026
ERSU;izle;;34,5;10,4;16,0;8,0;0;0;zayif;32,5;47,4;34,9;yukari;zayif;zayif;asagi;0,57;-1,65;2;16,98;0,35;6607818;12,02;AL;NEGATIF;SAT;POZITIF;ARTIYOR;AL;SAT;NOTR;3;09.10.2026
PETKM;izle;;34,4;8,4;22,1;4,0;10;1;zayif;12,4;49,0;58,5;asagi;guclu;zayif;asagi;0,51;-0,19;2;20,56;-0,39;892951085;23,05;SAT;NEGATIF;NOTR;NEGATIF;AZALIYOR;AL;AL;NOTR;2;09.10.2026
EFOR;izle;;34,4;7,4;27,0;0,0;6;0;zayif;23,3;54,5;44,9;asagi;guclu;zayif;asagi;0,38;0,21;3;16,87;9,97;438736875;17,45;AL;POZITIF;AL;POZITIF;ARTIYOR;AL;AL;NOTR;6;09.10.2026
YESIL;izle;;34,3;2,4;13,9;18,0;0;0;zayif;37,8;43,7;53,5;asagi;zayif;zayif;asagi;1,44;-2,71;2;0,93;4,49;26215750;0,95;AL;NEGATIF;SAT;POZITIF;ARTIYOR;AL;AL;UCUZ (AL);4;09.10.2026
ENTRA;izle;;34,2;0,7;25,5;8,0;0;0;zayif;17,0;52,6;74,3;asagi;guclu;zayif;asagi;0,38;-0,43;0;4,28;0,47;24203002;4,51;AL;POZITIF;NOTR;POZITIF;AZALIYOR;AL;SAT;NOTR;4;09.10.2026
HLGYO;izle;;33,9;0,3;23,0;10,6;0;0;zayif;12,9;45,4;55,8;asagi;guclu;zayif;asagi;0,85;-1,91;2;4,12;-0,72;78250666;4,49;AL;NEGATIF;NOTR;POZITIF;AZALIYOR;AL;SAT;NOTR;3;09.10.2026
QNBTR;izle;;33,8;10,4;13,3;10,0;0;0;zayif;55,5;35,9;34,9;yukari;zayif;zayif;asagi;1,73;-5,99;2;159;0,00;3621384;157,85;AL;NEGATIF;SAT;NEGATIF;AZALIYOR;AL;SAT;UCUZ (AL);2;09.10.2026
SERNT;izle;;33,5;2,4;13,0;18,0;0;0;zayif;45,4;41,7;58,8;asagi;zayif;zayif;asagi;1,35;-3,21;2;5,77;4,53;31879325;5,99;AL;NEGATIF;SAT;POZITIF;ARTIYOR;AL;AL;UCUZ (AL);4;09.10.2026
ZRGYO;izle;;33,2;5,9;21,7;5,6;20;1;zayif;18,5;46,0;42,4;asagi;guclu;zayif;asagi;0,13;-0,35;4;19;-0,26;5554764;20,43;SAT;NEGATIF;NOTR;NEGATIF;AZALIYOR;SAT;AL;UCUZ (AL);1;09.10.2026
TSGYO;izle;;33,2;2,4;16,7;14,0;6;0;zayif;32,1;42,3;42,9;asagi;guclu;zayif;asagi;1,34;-2,69;3;4,99;2,04;7891920;5,32;AL;NEGATIF;SAT;NEGATIF;ARTIYOR;AL;AL;UCUZ (AL);3;09.10.2026
EGEEN;izle;;33,1;0,4;21,1;11,7;0;0;zayif;14,8;47,6;60,8;asagi;guclu;zayif;asagi;0,92;-0,62;2;5132,5;5,99;202312885;5788,13;SAT;NEGATIF;NOTR;NEGATIF;ARTIYOR;SAT;AL;UCUZ (AL);1;09.10.2026
GRSEL;izle;;33,1;2,7;22,3;8,0;0;0;zayif;19,0;48,4;63,4;asagi;guclu;zayif;asagi;0,67;-1,08;1;280,5;2,19;76428396;296,18;AL;NEGATIF;NOTR;POZITIF;AZALIYOR;AL;AL;UCUZ (AL);4;09.10.2026
ORMA;izle;;32,9;9,1;19,8;4,0;0;0;zayif;20,2;45,1;75,7;yukari;guclu;zayif;asagi;0,57;-2,21;2;137;0,00;552932;126,59;AL;NEGATIF;SAT;NEGATIF;AZALIYOR;AL;AL;NOTR;3;09.10.2026
USHOL;izle;;32,8;5,4;16,1;11,3;0;0;zayif;32,4;47,3;51,9;asagi;zayif;zayif;asagi;0,90;-1,46;2;60,35;2,46;36382420;60,45;AL;NEGATIF;SAT;NEGATIF;AZALIYOR;AL;AL;NOTR;3;09.10.2026
KUVVA;izle;;32,7;2,4;12,2;18,0;0;0;zayif;49,2;39,1;49,6;asagi;zayif;zayif;asagi;1,65;-2,96;0;99;8,43;31194207;105,68;AL;NEGATIF;SAT;NEGATIF;AZALIYOR;AL;AL;NOTR;3;09.10.2026
GEREL;izle;;32,2;10,4;16,0;5,8;0;0;zayif;32,0;47,2;55,7;yukari;zayif;zayif;asagi;0,81;-2,13;1;26,18;10,00;170827275;18,60;AL;NEGATIF;SAT;NEGATIF;ARTIYOR;AL;AL;NOTR;3;09.10.2026
EUHOL;izle;;32,1;10,4;13,0;8,7;0;0;zayif;33,8;41,5;50,1;yukari;zayif;zayif;asagi;1,22;-2,65;2;8;-1,23;4235280;7,26;AL;NEGATIF;SAT;NEGATIF;ARTIYOR;SAT;SAT;NOTR;1;09.10.2026
EMNIS;izle;;32,0;9,2;14,8;8,0;0;0;zayif;21,0;43,2;45,1;yukari;zayif;zayif;asagi;0,22;-2,58;2;130,5;-2,54;215717;114,77;AL;NEGATIF;SAT;NEGATIF;AZALIYOR;AL;AL;UCUZ (AL);3;09.10.2026
BALAT;izle;;31,6;10,4;17,2;4,0;22;2;zayif;29,7;45,8;46,5;yukari;zayif;zayif;asagi;0,67;-2,16;1;57,45;-0,09;1486232;49,04;AL;NEGATIF;SAT;POZITIF;AZALIYOR;AL;SAT;UCUZ (AL);3;09.10.2026
TTKOM;izle;;31,4;0,2;20,1;11,1;10;0;zayif;13,3;45,9;66,9;asagi;guclu;zayif;asagi;0,51;-1,02;5;52,3;-0,19;805588249;57,33;SAT;NEGATIF;NOTR;NEGATIF;AZALIYOR;SAT;SAT;NOTR;0;09.10.2026
DNISI;izle;;31,4;0,3;22,8;8,3;0;0;zayif;14,1;45,8;34,1;asagi;guclu;zayif;asagi;0,50;-1,18;2;4,16;0,48;5407185;4,45;AL;NEGATIF;NOTR;POZITIF;AZALIYOR;AL;SAT;NOTR;3;09.10.2026
ASTOR;izle;;31,2;5,4;7,7;18,0;0;0;zayif;37,0;37,3;63,8;asagi;zayif;zayif;asagi;1,38;-3,12;1;204,4;3,49;12729657335;243,65;SAT;NEGATIF;SAT;NEGATIF;AZALIYOR;AL;AL;NOTR;2;09.10.2026
SEKUR;izle;;31,1;2,4;11,0;17,6;0;0;zayif;45,7;35,0;89,1;asagi;zayif;zayif;asagi;1,28;-4,67;1;4,64;4,27;18312437;4,90;AL;NEGATIF;SAT;POZITIF;ARTIYOR;AL;AL;NOTR;4;09.10.2026
ATAKP;izle;;31,1;2,4;14,6;14,0;6;0;zayif;50,9;44,0;58,0;asagi;zayif;zayif;asagi;1,74;-2,61;3;35,48;0,51;21898753;36,43;AL;NEGATIF;SAT;NEGATIF;ARTIYOR;AL;AL;UCUZ (AL);3;09.10.2026
EPLAS;izle;;31,0;1,5;25,5;4,0;22;2;zayif;15,9;48,7;57,3;asagi;guclu;zayif;asagi;0,42;-0,44;1;5,45;3,61;15887971;6,29;AL;NEGATIF;NOTR;NEGATIF;AZALIYOR;AL;SAT;NOTR;2;09.10.2026
A1CAP;izle;;30,9;2,4;10,5;18,0;0;0;zayif;55,0;33,2;65,5;asagi;zayif;zayif;asagi;1,62;-4,99;0;4,63;4,99;83316331;5,42;AL;NEGATIF;SAT;POZITIF;ARTIYOR;AL;AL;UCUZ (AL);4;09.10.2026
GARFA;izle;;30,9;2,4;17,4;11,1;40;4;zayif;35,8;42,2;54,0;asagi;guclu;zayif;asagi;0,88;-2,45;1;23,2;2,65;15104870;25,09;AL;NEGATIF;SAT;NEGATIF;AZALIYOR;AL;AL;UCUZ (AL);3;09.10.2026
VRGYO;izle;;30,9;9,7;13,2;8,0;10;1;zayif;24,3;42,3;54,5;yukari;zayif;zayif;asagi;0,64;-2,66;1;1,33;2,31;17260663;1,16;AL;NEGATIF;SAT;POZITIF;AZALIYOR;AL;AL;UCUZ (AL);4;09.10.2026
DMSAS;izle;;30,7;10,1;16,5;4,0;0;0;zayif;27,8;45,5;54,6;yukari;zayif;zayif;asagi;0,45;-1,78;2;6,59;1,54;13816601;5,29;AL;NEGATIF;SAT;POZITIF;AZALIYOR;AL;SAT;UCUZ (AL);3;09.10.2026
OYAKC;izle;;30,6;2,4;20,7;7,4;10;0;zayif;30,7;46,8;53,3;asagi;guclu;zayif;asagi;0,87;-0,75;4;20,66;1,57;241449019;22,26;SAT;NEGATIF;SAT;NEGATIF;AZALIYOR;SAT;SAT;UCUZ (AL);0;09.10.2026
ATATP;izle;;30,5;14,0;15,6;0,9;0;0;zayif;19,0;42,8;47,7;asagi;zayif;zayif;asagi;0,76;-1,14;1;236,1;-3,04;113258587;272,25;AL;NEGATIF;NOTR;NEGATIF;AZALIYOR;AL;SAT;NOTR;2;09.10.2026
TRALT;izle;;30,4;5,4;11,3;13,6;10;0;zayif;30,4;40,7;34,6;asagi;zayif;zayif;asagi;1,04;-1,92;5;43,9;3,93;4448059111;48,17;SAT;NEGATIF;SAT;NEGATIF;ARTIYOR;AL;AL;NOTR;2;09.10.2026
MTRYO;izle;;30,3;2,4;19,9;8,0;6;0;zayif;31,2;44,3;55,8;asagi;guclu;zayif;asagi;0,57;-1,30;3;8,01;1,14;1138525;9,34;AL;NEGATIF;SAT;NEGATIF;AZALIYOR;AL;SAT;UCUZ (AL);2;09.10.2026
AYES;izle;;30,2;13,4;16,8;0,0;0;0;zayif;30,4;44,1;64,8;yukari;zayif;zayif;asagi;0,48;-1,99;2;7,61;-4,87;1001925;6,90;AL;NEGATIF;SAT;NEGATIF;ARTIYOR;AL;SAT;NOTR;2;09.10.2026
BARMA;izle;;30,2;2,4;9,7;18,0;18;0;zayif;56,6;30,8;42,5;asagi;zayif;zayif;asagi;2,30;-14,17;4;6,16;10,00;9647891;7,04;AL;NEGATIF;SAT;NEGATIF;AZALIYOR;AL;AL;UCUZ (AL);3;09.10.2026
GRTHO;izle;;30,0;2,4;11,5;16,1;0;0;zayif;36,7;36,6;48,2;asagi;zayif;zayif;asagi;1,19;-3,90;2;122;0,41;289875660;154,45;AL;NEGATIF;SAT;POZITIF;AZALIYOR;AL;AL;UCUZ (AL);4;09.10.2026
KLRHO;izle;;30,0;2,4;9,5;18,0;0;0;zayif;55,2;30,1;13,4;asagi;zayif;zayif;asagi;4,79;-7,81;1;14,24;4,25;1693671040;15,51;AL;NEGATIF;SAT;POZITIF;AZALIYOR;AL;AL;UCUZ (AL);4;09.10.2026
ICUGS;izle;;30,0;2,4;9,5;18,0;6;0;zayif;55,0;30,0;47,5;asagi;zayif;zayif;asagi;2,49;-7,10;3;1,63;9,40;149936121;1,85;AL;NEGATIF;SAT;NEGATIF;AZALIYOR;AL;AL;NOTR;3;09.10.2026
TCKRC;izle;;29,9;14,2;15,7;0,0;10;1;zayif;22,8;44,2;74,4;asagi;zayif;zayif;asagi;0,55;-1,33;2;123,3;-0,40;219224811;138,23;AL;NEGATIF;SAT;NEGATIF;AZALIYOR;AL;SAT;NOTR;2;09.10.2026
DGGYO;izle;;29,8;1,3;20,5;8,0;0;0;zayif;15,2;45,5;70,3;asagi;guclu;zayif;asagi;0,44;-1,37;0;29,16;0,55;1377693;32,80;AL;NEGATIF;NOTR;POZITIF;AZALIYOR;AL;SAT;NOTR;3;09.10.2026
SUMAS;izle;;29,6;2,4;12,3;14,9;0;0;zayif;42,9;39,4;57,6;asagi;zayif;zayif;asagi;1,11;-5,05;2;209;4,50;682176;221,44;AL;NEGATIF;SAT;NEGATIF;ARTIYOR;AL;AL;NOTR;3;09.10.2026
GOLTS;izle;;29,6;2,3;16,4;10,9;0;0;zayif;29,0;40,2;65,8;asagi;guclu;zayif;asagi;0,87;-3,00;1;257,5;1,68;27715755;276,10;AL;NEGATIF;SAT;NEGATIF;AZALIYOR;AL;AL;UCUZ (AL);3;09.10.2026
AGYO;izle;;29,6;1,3;17,5;10,7;0;0;zayif;21,8;44,9;29,0;asagi;guclu;zayif;asagi;0,86;-1,15;2;6,8;4,94;1646865;7,42;SAT;NEGATIF;SAT;NEGATIF;ARTIYOR;AL;AL;NOTR;2;09.10.2026
BASGZ;izle;;29,4;1,5;16,1;11,8;6;0;zayif;22,8;43,8;38,2;asagi;guclu;zayif;asagi;1,69;-1,70;3;40,38;3,38;27822668;43,21;SAT;NEGATIF;SAT;NEGATIF;AZALIYOR;SAT;AL;NOTR;1;09.10.2026
BYDNR;izle;;29,3;2,4;12,9;14,0;0;0;zayif;42,7;41,3;53,0;asagi;zayif;zayif;asagi;2,09;-3,27;2;23,8;9,98;36584479;25,93;AL;NEGATIF;SAT;POZITIF;ARTIYOR;AL;AL;NOTR;4;09.10.2026
BAKAB;izle;;29,3;2,4;10,5;16,3;0;0;zayif;46,3;33,3;58,5;asagi;zayif;zayif;asagi;1,20;-4,13;2;31,02;0,32;7367219;35,13;AL;NEGATIF;SAT;NEGATIF;AZALIYOR;AL;AL;NOTR;3;09.10.2026
BRISA;izle;;29,3;1,2;23,0;5,0;0;0;zayif;20,9;45,5;60,9;asagi;guclu;zayif;asagi;0,88;-1,60;2;72,2;0,70;11113963;77,10;AL;NEGATIF;SAT;NEGATIF;ARTIYOR;AL;SAT;UCUZ (AL);2;09.10.2026
DGNMO;izle;;29,2;2,4;8,8;18,0;6;0;zayif;63,5;27,7;42,9;asagi;zayif;zayif;asagi;2,21;-4,85;3;4,01;2,56;30405781;4,81;AL;NEGATIF;SAT;NEGATIF;AZALIYOR;AL;AL;NOTR;3;09.10.2026
VAKFA;izle;;29,2;2,4;13,0;13,8;0;0;zayif;39,7;35,9;71,1;asagi;zayif;zayif;asagi;1,05;-3,02;1;9,24;-0,65;81530498;10,18;AL;NEGATIF;SAT;NEGATIF;AZALIYOR;AL;AL;UCUZ (AL);3;09.10.2026
GUBRF;izle;;29,2;5,4;15,8;8,0;22;2;zayif;34,9;44,1;42,6;asagi;guclu;zayif;asagi;0,55;-1,38;2;418;2,58;674117378;460,64;SAT;NEGATIF;SAT;NEGATIF;AZALIYOR;AL;AL;NOTR;2;09.10.2026
ATSYH;izle;;29,1;9,1;16,0;4,0;10;1;zayif;24,6;45,9;34,8;asagi;zayif;zayif;asagi;0,69;-1,72;1;89;0,00;2344349;95,55;AL;NEGATIF;SAT;POZITIF;AZALIYOR;AL;AL;NOTR;4;09.10.2026
CIMSA;izle;;29,1;2,3;15,2;11,6;0;0;zayif;28,7;41,1;48,2;asagi;guclu;zayif;asagi;0,90;-2,20;2;41,28;0,39;257348065;44,72;SAT;NEGATIF;SAT;NEGATIF;AZALIYOR;SAT;SAT;NOTR;0;09.10.2026
IZENR;izle;;28,9;2,4;8,5;18,0;0;0;zayif;52,1;26,7;27,7;asagi;zayif;zayif;asagi;1,42;-6,81;1;3,66;-9,18;150447034;4,64;AL;NEGATIF;SAT;NEGATIF;ARTIYOR;AL;SAT;UCUZ (AL);2;09.10.2026
SAFKR;izle;;28,9;15,0;13,4;0,5;0;0;zayif;35,8;43,0;68,4;yukari;zayif;zayif;asagi;0,73;-2,82;1;12,57;0,96;43380151;11,65;AL;NEGATIF;AL;POZITIF;ARTIYOR;AL;SAT;UCUZ (AL);4;09.10.2026
LUKSK;izle;;28,8;2,4;12,3;14,0;6;0;zayif;40,5;39,4;81,1;asagi;zayif;zayif;asagi;4,82;-3,04;3;65;-5,59;51069460;73,44;AL;NEGATIF;SAT;NEGATIF;ARTIYOR;AL;SAT;UCUZ (AL);2;09.10.2026
YATAS;izle;;28,7;2,4;18,0;8,3;10;0;zayif;43,3;43,9;63,6;asagi;guclu;zayif;asagi;0,96;-3,07;4;27,28;2,17;22810554;28,92;AL;NEGATIF;SAT;POZITIF;AZALIYOR;AL;SAT;UCUZ (AL);3;09.10.2026
PKART;izle;;28,7;5,4;16,0;7,3;0;0;zayif;31,5;45,7;52,4;asagi;zayif;zayif;asagi;0,90;-1,88;2;94,5;8,50;26205606;97,86;AL;NEGATIF;SAT;POZITIF;ARTIYOR;AL;SAT;NOTR;3;09.10.2026
ONCSM;izle;;28,5;2,4;12,1;14,0;0;0;zayif;47,3;38,6;50,1;asagi;zayif;zayif;asagi;1,42;-4,75;2;106,1;3,92;264031866;111,98;AL;NEGATIF;SAT;POZITIF;ARTIYOR;AL;AL;UCUZ (AL);4;09.10.2026
FONET;izle;;28,5;4,6;15,9;8,0;0;0;zayif;24,0;43,2;57,3;asagi;zayif;zayif;asagi;0,57;-1,71;0;4,19;0,72;46362999;4,63;AL;NEGATIF;SAT;NEGATIF;AZALIYOR;SAT;SAT;NOTR;1;09.10.2026
FADE;izle;;28,5;2,4;12,0;14,0;6;0;zayif;40,3;38,4;59,7;asagi;zayif;zayif;asagi;1,48;-3,37;3;11,89;4,67;23366109;12,87;AL;NEGATIF;SAT;POZITIF;ARTIYOR;AL;SAT;NOTR;3;09.10.2026
ACSEL;izle;;28,5;2,4;12,0;14,0;0;0;zayif;42,4;38,4;47,6;asagi;zayif;zayif;asagi;1,33;-3,50;2;89,7;4,55;15456386;98,01;AL;NEGATIF;SAT;NEGATIF;ARTIYOR;AL;AL;NOTR;3;09.10.2026
DAPGM;izle;;28,4;2,4;8,0;18,0;0;0;zayif;43,6;22,9;46,2;asagi;zayif;zayif;asagi;1,90;-8,04;0;3,2;4,58;333775341;4,08;AL;NEGATIF;SAT;NEGATIF;AZALIYOR;AL;AL;UCUZ (AL);3;09.10.2026
KAPLM;izle;;28,4;2,4;8,0;18,0;0;0;zayif;69,1;22,3;47,3;asagi;zayif;zayif;asagi;1,50;-7,97;1;139,7;4,10;99216477;189,60;AL;NEGATIF;SAT;NEGATIF;AZALIYOR;AL;AL;UCUZ (AL);3;09.10.2026
GUNDG;izle;;28,4;2,4;8,0;18,0;0;0;zayif;51,4;15,6;-0,0;asagi;zayif;zayif;asagi;3,97;-11,81;0;110,7;-10,00;1373898;248,35;AL;NEGATIF;SAT;NEGATIF;AZALIYOR;AL;SAT;NOTR;2;09.10.2026
YYAPI;izle;;28,4;10,4;14,0;4,0;0;0;zayif;59,9;45,0;43,0;yukari;zayif;zayif;asagi;0,59;-3,46;2;0,63;3,28;1239849;0,53;AL;NEGATIF;SAT;POZITIF;ARTIYOR;AL;AL;UCUZ (AL);4;09.10.2026
BESLR;izle;;28,4;2,4;18,5;7,4;0;0;zayif;31,0;43,7;57,0;asagi;guclu;zayif;asagi;0,90;-2,17;2;11,33;2,91;20977268;11,98;AL;NEGATIF;SAT;NEGATIF;ARTIYOR;AL;AL;UCUZ (AL);3;09.10.2026
ISCTR;izle;;28,4;1,5;18,9;8,0;0;0;zayif;23,1;45,6;49,3;asagi;guclu;zayif;asagi;0,75;-0,88;2;12,67;-0,94;5025708807;13,91;SAT;NEGATIF;SAT;NEGATIF;AZALIYOR;SAT;SAT;NOTR;0;09.10.2026
ADEL;izle;;28,3;2,3;14,1;11,9;0;0;zayif;29,1;42,2;51,1;asagi;zayif;zayif;asagi;0,93;-2,04;1;26,2;-0,98;43631384;28,51;AL;NEGATIF;SAT;NEGATIF;AZALIYOR;AL;AL;NOTR;3;09.10.2026
ISSEN;izle;;28,1;2,4;15,6;10,0;0;0;zayif;34,9;41,9;56,2;asagi;zayif;zayif;asagi;1,06;-2,37;2;5,75;1,77;5448476;6,03;AL;NEGATIF;SAT;POZITIF;ARTIYOR;AL;SAT;UCUZ (AL);3;09.10.2026
GIPTA;izle;;28,1;2,4;8,8;16,9;0;0;zayif;41,9;27,5;40,3;asagi;zayif;zayif;asagi;1,23;-5,91;1;30,2;0,73;152411639;39,23;AL;NEGATIF;SAT;NEGATIF;AZALIYOR;AL;AL;UCUZ (AL);3;09.10.2026
DMRGD;izle;;28,0;4,3;5,6;18,0;40;4;zayif;21,9;36,0;47,8;asagi;zayif;zayif;asagi;2,55;-3,21;2;7,13;-9,75;1213832141;9,49;SAT;NEGATIF;SAT;NEGATIF;AZALIYOR;AL;AL;NOTR;2;09.10.2026
POLHO;izle;;27,9;5,4;14,5;8,0;10;1;zayif;30,9;41,3;52,5;asagi;zayif;zayif;asagi;0,66;-1,86;2;18,3;-0,92;21207870;21,15;AL;NEGATIF;SAT;NEGATIF;AZALIYOR;AL;AL;NOTR;3;09.10.2026
SRVGY;izle;;27,9;1,6;21,4;4,8;0;0;zayif;24,0;45,1;60,0;asagi;guclu;zayif;asagi;0,63;-1,86;1;2,2;2,80;18160600;2,35;AL;NEGATIF;SAT;POZITIF;ARTIYOR;AL;SAT;UCUZ (AL);3;09.10.2026
FMIZP;izle;;27,7;0,1;21,0;6,6;0;0;zayif;12,8;44,9;61,3;asagi;guclu;zayif;asagi;0,29;-1,23;1;267,5;0,09;6003770;293,40;AL;NEGATIF;NOTR;NEGATIF;AZALIYOR;SAT;SAT;UCUZ (AL);1;09.10.2026
KERVN;izle;;27,7;14,5;13,1;0,0;0;0;zayif;23,2;42,1;55,0;asagi;zayif;zayif;asagi;0,26;-1,74;1;7,28;0,00;1741958;8,58;AL;NEGATIF;SAT;NEGATIF;AZALIYOR;SAT;SAT;NOTR;1;09.10.2026
KRDMB;izle;;27,6;5,4;12,2;10,0;6;0;zayif;33,0;38,9;45,9;asagi;zayif;zayif;asagi;3,04;-2,97;3;70;-8,56;996439850;85,35;AL;NEGATIF;SAT;NEGATIF;ARTIYOR;AL;SAT;NOTR;2;09.10.2026
YONGA;izle;;27,5;2,4;13,7;11,4;0;0;zayif;40,7;43,8;52,0;asagi;zayif;zayif;asagi;1,15;-3,40;2;35,96;3,33;726572;36,16;AL;NEGATIF;SAT;POZITIF;ARTIYOR;AL;AL;UCUZ (AL);4;09.10.2026
SONME;izle;;27,4;1,7;25,7;0,0;0;0;zayif;16,4;49,8;37,9;asagi;guclu;zayif;asagi;0,49;-0,34;2;125,7;2,70;1642271;133,11;AL;NEGATIF;NOTR;POZITIF;AZALIYOR;AL;AL;UCUZ (AL);4;09.10.2026
KLYPV;izle;;27,4;1,8;17,7;8,0;0;0;zayif;24,9;40,9;48,1;asagi;guclu;zayif;asagi;0,49;-1,45;1;53,7;0,75;54476180;61,19;AL;NEGATIF;SAT;POZITIF;AZALIYOR;AL;AL;NOTR;4;09.10.2026
TUKAS;izle;;27,2;1,1;21,2;4,9;10;1;zayif;19,9;47,3;55,4;asagi;guclu;zayif;asagi;0,39;-0,54;2;2;0,50;107730590;2,31;SAT;NEGATIF;NOTR;NEGATIF;AZALIYOR;AL;SAT;UCUZ (AL);1;09.10.2026
POLTK;izle;;27,1;2,4;12,5;12,2;6;0;zayif;31,5;40,0;47,0;asagi;zayif;zayif;asagi;1,19;-2,88;3;3182,5;3,83;42849180;3426,56;AL;NEGATIF;SAT;NEGATIF;ARTIYOR;AL;AL;UCUZ (AL);3;09.10.2026
ALTIN;izle;;27,0;0,5;17,5;9,0;6;0;zayif;13,9;44,8;36,7;asagi;guclu;zayif;asagi;0,56;-1,25;3;71,76;1,54;529272912;73,37;SAT;NEGATIF;NOTR;NEGATIF;ARTIYOR;AL;AL;UCUZ (AL);2;09.10.2026
BUCIM;izle;;26,7;1,0;16,0;9,8;6;0;zayif;19,2;41,6;51,8;asagi;guclu;zayif;asagi;0,64;-1,85;3;5,01;1,01;10523781;5,37;SAT;NEGATIF;NOTR;NEGATIF;AZALIYOR;AL;SAT;UCUZ (AL);1;09.10.2026
SAHOL;izle;;26,7;2,4;11,7;12,6;28;2;zayif;36,0;37,5;48,9;asagi;guclu;zayif;asagi;2,88;-2,16;3;83,5;-5,92;8719560563;94,57;SAT;NEGATIF;SAT;NEGATIF;ARTIYOR;SAT;SAT;NOTR;0;09.10.2026
FROTO;izle;;26,7;2,0;16,5;8,2;10;0;zayif;26,4;43,4;42,3;asagi;guclu;zayif;asagi;0,55;-1,70;4;74,65;0,34;798851970;80,46;SAT;NEGATIF;SAT;NEGATIF;AZALIYOR;AL;AL;UCUZ (AL);2;09.10.2026
BAYRK;izle;;26,4;2,4;11,9;12,0;10;0;zayif;36,1;38,0;53,1;asagi;zayif;zayif;asagi;1,18;-3,58;4;2,95;3,15;19762599;3,25;AL;NEGATIF;SAT;NEGATIF;AZALIYOR;AL;AL;UCUZ (AL);3;09.10.2026
SODSN;izle;;26,2;2,4;19,8;4,0;0;0;zayif;46,1;45,1;66,0;asagi;guclu;zayif;asagi;0,45;-2,61;0;6,38;2,57;219817;6,58;AL;NEGATIF;SAT;POZITIF;AZALIYOR;AL;SAT;UCUZ (AL);3;09.10.2026
TATGD;izle;;26,1;3,5;12,9;9,7;10;0;zayif;15,4;39,9;43,2;asagi;guclu;zayif;asagi;1,28;-2,15;4;16,04;0,12;30897146;17,62;SAT;NEGATIF;NOTR;NEGATIF;AZALIYOR;SAT;SAT;NOTR;0;09.10.2026
SKYLP;izle;;26,1;2,4;10,8;12,8;0;0;zayif;57,5;34,4;67,2;asagi;zayif;zayif;asagi;0,99;-6,74;0;78,8;9,98;12086265;81,95;AL;NEGATIF;SAT;POZITIF;AZALIYOR;AL;AL;UCUZ (AL);4;09.10.2026
SNICA;izle;;26,0;2,4;10,2;13,4;6;0;zayif;38,0;32,3;45,7;asagi;zayif;zayif;asagi;1,26;-4,79;3;2,33;4,02;20474810;2,57;AL;NEGATIF;SAT;NEGATIF;ARTIYOR;AL;AL;UCUZ (AL);3;09.10.2026
AFYON;izle;;26,0;2,4;18,0;5,6;0;0;zayif;33,5;40,9;44,8;asagi;guclu;zayif;asagi;0,63;-2,52;2;11,11;0,63;9239854;11,80;AL;NEGATIF;SAT;NEGATIF;AZALIYOR;AL;SAT;UCUZ (AL);2;09.10.2026
OBAMS;izle;;25,9;1,2;16,2;8,5;0;0;zayif;20,8;41,6;67,3;asagi;zayif;zayif;asagi;0,73;-2,46;0;4,42;1,38;67878333;4,97;AL;NEGATIF;SAT;NEGATIF;AZALIYOR;SAT;SAT;UCUZ (AL);1;09.10.2026
CATES;izle;;25,8;5,4;6,4;14,0;6;0;zayif;48,5;32,9;29,7;asagi;zayif;zayif;asagi;1,39;-4,15;3;32,06;6,51;96388550;38,54;SAT;NEGATIF;SAT;NEGATIF;AZALIYOR;AL;AL;NOTR;2;09.10.2026
KCAER;izle;;25,8;2,4;10,7;12,6;0;0;zayif;53,0;34,0;52,1;asagi;zayif;zayif;asagi;0,98;-3,64;1;10,85;3,53;160598814;11,91;AL;NEGATIF;SAT;NEGATIF;AZALIYOR;AL;AL;NOTR;3;09.10.2026
RAYSG;izle;;25,6;2,4;13,2;10,0;6;0;zayif;30,1;41,1;62,0;asagi;zayif;zayif;asagi;3,43;-2,76;3;127,3;-2,08;72459415;141,98;AL;NEGATIF;SAT;NEGATIF;ARTIYOR;AL;AL;UCUZ (AL);3;09.10.2026
CMENT;izle;;25,6;2,4;22,7;0,4;6;0;zayif;51,6;47,9;57,1;asagi;guclu;zayif;asagi;0,33;-1,68;3;237,9;0,55;326875;243,04;AL;NEGATIF;SAT;POZITIF;AZALIYOR;AL;SAT;UCUZ (AL);3;09.10.2026
TOASO;izle;;25,6;0,8;17,8;7,0;10;1;zayif;17,8;44,5;40,9;asagi;guclu;zayif;asagi;0,63;-1,11;2;265;-1,49;489661170;294,71;SAT;NEGATIF;NOTR;NEGATIF;AZALIYOR;SAT;SAT;NOTR;0;09.10.2026
BINHO;izle;;25,4;2,4;11,5;11,4;6;0;zayif;39,2;36,7;63,9;asagi;zayif;zayif;asagi;1,15;-3,60;3;6,23;9,11;189508619;7,22;AL;NEGATIF;SAT;NEGATIF;ARTIYOR;AL;AL;UCUZ (AL);3;09.10.2026
GENIL;izle;;25,2;2,4;4,7;18,0;40;5;zayif;51,3;27,5;43,7;asagi;zayif;zayif;asagi;2,12;-5,57;2;4,67;9,88;842132675;5,87;SAT;NEGATIF;SAT;NEGATIF;AZALIYOR;AL;AL;UCUZ (AL);2;09.10.2026
YKSLN;izle;;25,1;1,7;9,5;14,0;0;0;zayif;24,3;43,2;18,5;asagi;zayif;zayif;asagi;1,69;-1,73;2;2,43;5,65;119244139;2,90;SAT;NEGATIF;SAT;NEGATIF;ARTIYOR;AL;AL;NOTR;2;09.10.2026
KRSTL;izle;;25,1;2,4;14,6;8,1;0;0;zayif;47,6;40,1;48,1;asagi;zayif;zayif;asagi;1,18;-3,08;2;7,76;2,51;38481747;8,43;AL;NEGATIF;SAT;NEGATIF;AZALIYOR;AL;AL;UCUZ (AL);3;09.10.2026
KORDS;izle;;25,1;2,4;12,6;10,0;10;0;zayif;32,8;40,3;67,6;asagi;zayif;zayif;asagi;2,48;-2,49;4;3,04;-2,56;256417200;3,41;AL;NEGATIF;SAT;NEGATIF;ARTIYOR;AL;AL;NOTR;3;09.10.2026
ARASE;izle;;25,0;5,9;13,5;5,7;40;4;zayif;33,0;37,2;35,0;asagi;zayif;zayif;asagi;1,04;-2,18;2;98;1,08;28701064;110,73;AL;NEGATIF;SAT;NEGATIF;AZALIYOR;AL;AL;NOTR;3;09.10.2026
RUBNS;izle;;25,0;2,4;4,6;18,0;0;0;zayif;53,3;26,9;56,3;asagi;zayif;zayif;asagi;2,31;-4,47;0;16,43;3,99;85825933;20,36;SAT;NEGATIF;SAT;NEGATIF;AZALIYOR;AL;AL;UCUZ (AL);2;09.10.2026
BULGS;izle;;24,9;2,4;8,5;14,0;0;0;zayif;62,8;26,6;38,4;asagi;zayif;zayif;asagi;1,44;-6,93;2;13,33;9,98;159230049;16,93;AL;NEGATIF;SAT;NEGATIF;AZALIYOR;AL;AL;UCUZ (AL);3;09.10.2026
ISBIR;izle;;24,9;10,4;13,6;0,9;0;0;zayif;30,8;38,8;41,1;yukari;zayif;zayif;asagi;0,75;-3,34;2;59,7;-0,75;834487;55,26;AL;NEGATIF;SAT;NEGATIF;AZALIYOR;AL;SAT;UCUZ (AL);2;09.10.2026
LYDHO;izle;;24,8;2,4;8,4;14,0;0;0;zayif;68,3;26,3;16,4;asagi;zayif;zayif;asagi;3,38;-8,71;1;50,6;4,72;261916277;58,66;AL;NEGATIF;SAT;NEGATIF;AZALIYOR;AL;AL;UCUZ (AL);3;09.10.2026
MAKIM;izle;;24,8;2,0;22,8;0,0;6;0;zayif;17,1;49,1;64,5;asagi;guclu;zayif;asagi;0,60;-0,97;3;13,66;2,94;12789107;14,48;AL;NEGATIF;NOTR;NEGATIF;AZALIYOR;AL;SAT;NOTR;2;09.10.2026
AKSUE;izle;;24,7;2,4;10,7;11,6;0;0;zayif;53,9;34,0;40,4;asagi;zayif;zayif;asagi;0,91;-5,55;1;17,3;1,17;43982724;20,79;AL;NEGATIF;SAT;NEGATIF;AZALIYOR;AL;SAT;NOTR;2;09.10.2026
TURSG;izle;;24,7;2,4;14,3;8,0;0;0;zayif;34,4;41,6;44,1;asagi;guclu;zayif;asagi;0,38;-1,70;1;5,57;0,54;243130856;6,04;SAT;NEGATIF;SAT;NEGATIF;AZALIYOR;AL;AL;NOTR;2;09.10.2026
HATEK;izle;;24,7;2,4;12,1;10,2;0;0;zayif;38,1;38,7;13,9;asagi;zayif;zayif;asagi;1,07;-3,26;1;9,05;9,56;11019307;9,75;AL;NEGATIF;SAT;POZITIF;ARTIYOR;AL;AL;UCUZ (AL);4;09.10.2026
VKGYO;izle;;24,7;2,4;14,2;8,0;0;0;zayif;42,9;35,2;53,0;asagi;zayif;zayif;asagi;0,54;-3,57;1;1,65;0,00;18066705;1,78;AL;NEGATIF;SAT;NEGATIF;AZALIYOR;AL;AL;UCUZ (AL);3;09.10.2026
VSNMD;izle;;24,6;2,4;8,3;13,9;0;0;zayif;45,9;26,0;25,2;asagi;zayif;zayif;asagi;1,29;-6,11;1;28,06;2,93;34522190;31,89;AL;NEGATIF;SAT;NEGATIF;ARTIYOR;AL;AL;UCUZ (AL);3;09.10.2026
IHYAY;izle;;24,5;1,3;13,8;9,4;0;0;zayif;21,7;38,9;52,0;asagi;zayif;zayif;asagi;1,02;-2,79;2;1,03;0,98;3541487;1,17;AL;NEGATIF;SAT;NEGATIF;AZALIYOR;AL;AL;UCUZ (AL);3;09.10.2026
EDATA;izle;;24,4;2,4;4,0;18,0;0;0;zayif;56,7;12,7;25,4;asagi;zayif;zayif;asagi;1,75;-9,89;1;4,17;4,25;101803223;6,30;SAT;NEGATIF;SAT;NEGATIF;AZALIYOR;AL;AL;UCUZ (AL);2;09.10.2026
HEDEF;izle;;24,4;2,4;8,0;14,0;0;0;zayif;54,8;24,1;50,0;asagi;zayif;zayif;asagi;1,32;-13,94;0;13,72;9,94;168129380;18,22;AL;NEGATIF;SAT;POZITIF;AZALIYOR;AL;AL;UCUZ (AL);4;09.10.2026
UFUK;izle;;24,4;2,4;4,0;18,0;0;0;zayif;53,6;13,3;95,9;asagi;zayif;zayif;asagi;3,28;-10,35;0;330;2,48;76365300;493,44;SAT;NEGATIF;SAT;NEGATIF;AZALIYOR;AL;AL;UCUZ (AL);2;09.10.2026
DOGUB;izle;;24,4;2,4;8,0;14,0;0;0;zayif;50,9;21,5;23,5;asagi;zayif;zayif;asagi;1,54;-8,47;0;20,28;2,37;16808997;27,93;AL;NEGATIF;SAT;NEGATIF;AZALIYOR;AL;AL;UCUZ (AL);3;09.10.2026
KRDMA;izle;;24,2;5,5;7,3;11,4;6;0;zayif;24,1;35,9;42,4;asagi;zayif;zayif;asagi;1,14;-2,19;3;38,98;0,15;348869363;47,32;SAT;NEGATIF;SAT;NEGATIF;AZALIYOR;SAT;SAT;NOTR;0;09.10.2026
MARMR;izle;;24,1;2,4;12,7;9,0;0;0;zayif;36,9;40,5;43,4;asagi;zayif;zayif;asagi;1,00;-3,06;2;1,58;9,72;86149225;1,74;AL;NEGATIF;SAT;POZITIF;ARTIYOR;AL;AL;UCUZ (AL);4;09.10.2026
AKGRT;izle;;24,1;2,4;12,0;9,7;6;0;zayif;47,7;32,4;46,5;asagi;zayif;zayif;asagi;1,04;-4,83;3;5,19;0,00;45472118;5,57;AL;NEGATIF;SAT;NEGATIF;AZALIYOR;AL;AL;UCUZ (AL);3;09.10.2026
PINSU;izle;;24,1;0,8;15,3;8,0;0;0;zayif;17,9;38,0;77,7;asagi;zayif;zayif;asagi;0,48;-2,70;1;8,84;0,91;10702977;9,72;AL;NEGATIF;NOTR;NEGATIF;AZALIYOR;AL;AL;UCUZ (AL);3;09.10.2026
GENTS;izle;;24,1;2,4;11,0;10,6;0;0;zayif;34,2;35,1;50,6;asagi;zayif;zayif;asagi;0,86;-3,69;2;4,16;0,48;16524523;4,65;AL;NEGATIF;SAT;NEGATIF;AZALIYOR;AL;SAT;UCUZ (AL);2;09.10.2026
BLCYT;izle;;24,1;0,4;14,6;9,0;0;0;zayif;14,9;39,6;50,3;asagi;zayif;zayif;asagi;0,76;-2,29;0;1,72;0,00;32178458;2,04;AL;NEGATIF;NOTR;NEGATIF;AZALIYOR;SAT;SAT;UCUZ (AL);1;09.10.2026
HOROZ;izle;;24,1;2,1;12,7;9,2;0;0;zayif;27,4;40,8;55,9;asagi;zayif;zayif;asagi;0,77;-2,65;2;45,46;4,41;35212680;51,18;AL;NEGATIF;SAT;NEGATIF;AZALIYOR;AL;AL;UCUZ (AL);3;09.10.2026
KOPOL;izle;;24,0;2,4;10,5;11,1;0;0;zayif;45,3;33,3;31,4;asagi;zayif;zayif;asagi;1,12;-5,21;2;3,37;5,31;34880214;3,76;AL;NEGATIF;SAT;NEGATIF;AZALIYOR;AL;AL;UCUZ (AL);3;09.10.2026
AKYHO;izle;;24,0;2,4;11,6;10,0;0;0;zayif;38,9;36,9;52,9;asagi;zayif;zayif;asagi;1,42;-3,16;2;1,6;5,26;3957955;1,84;AL;NEGATIF;SAT;NEGATIF;ARTIYOR;AL;AL;UCUZ (AL);3;09.10.2026
OSMEN;izle;;24,0;2,4;12,3;9,2;0;0;zayif;38,6;39,3;44,9;asagi;zayif;zayif;asagi;0,77;-3,31;2;5,51;0,18;11096975;5,86;AL;NEGATIF;SAT;POZITIF;AZALIYOR;AL;AL;UCUZ (AL);4;09.10.2026
VKING;izle;;23,9;2,4;11,4;10,0;10;0;zayif;42,1;36,4;38,6;asagi;zayif;zayif;asagi;4,08;-2,96;5;15,16;-3,99;51348284;18,08;AL;NEGATIF;SAT;NEGATIF;ARTIYOR;AL;SAT;UCUZ (AL);2;09.10.2026
KSTUR;izle;;23,9;10,4;13,1;0,3;0;0;zayif;38,1;42,2;33,0;yukari;zayif;zayif;asagi;0,72;-2,89;0;1900;6,32;820800;1712,35;AL;NEGATIF;SAT;NEGATIF;ARTIYOR;AL;SAT;UCUZ (AL);2;09.10.2026
TATEN;izle;;23,9;2,4;11,4;10,0;6;0;zayif;40,9;36,4;60,6;asagi;zayif;zayif;asagi;1,42;-5,13;3;5,08;9,96;132868934;5,77;AL;NEGATIF;SAT;POZITIF;ARTIYOR;AL;AL;UCUZ (AL);4;09.10.2026
CANTE;izle;;23,8;2,4;13,4;8,0;0;0;zayif;38,3;43,1;45,3;asagi;guclu;zayif;asagi;0,53;-1,67;1;1,09;2,83;233842535;1,23;SAT;NEGATIF;SAT;NEGATIF;AZALIYOR;AL;AL;UCUZ (AL);2;09.10.2026
KONKA;izle;;23,8;10,4;13,3;0,0;0;0;zayif;36,0;42,7;69,4;yukari;zayif;zayif;asagi;0,64;-2,88;1;8,11;0,75;16440049;7,29;AL;NEGATIF;SAT;POZITIF;AZALIYOR;AL;SAT;UCUZ (AL);3;09.10.2026
PRDGS;izle;;23,7;2,4;12,4;8,8;0;0;zayif;45,1;39,8;40,3;asagi;zayif;zayif;asagi;0,99;-3,71;0;4,52;9,98;19984864;4,91;AL;NEGATIF;SAT;POZITIF;ARTIYOR;AL;AL;NOTR;4;09.10.2026
TSKB;izle;;23,7;2,4;13,2;8,1;16;1;zayif;36,3;39,3;39,2;asagi;guclu;zayif;asagi;0,85;-2,56;3;9,93;1,33;195693886;10,66;SAT;NEGATIF;SAT;NEGATIF;AZALIYOR;AL;AL;UCUZ (AL);2;09.10.2026
MOBTL;izle;;23,6;5,4;14,2;4,0;0;0;zayif;37,3;43,9;73,2;asagi;zayif;zayif;asagi;0,66;-2,05;1;10,59;0,47;25205693;11,94;AL;NEGATIF;SAT;NEGATIF;AZALIYOR;AL;AL;NOTR;3;09.10.2026
PASEU;izle;;23,6;2,4;11,1;10,0;0;0;zayif;43,0;35,4;57,3;asagi;zayif;zayif;asagi;5,44;-6,23;1;47,44;-5,21;818056072;50,70;AL;NEGATIF;SAT;POZITIF;ARTIYOR;AL;SAT;UCUZ (AL);3;09.10.2026
SELEC;izle;;23,4;5,4;4,0;14,0;0;0;zayif;58,1;22,2;15,9;asagi;zayif;zayif;asagi;1,58;-7,69;0;81,6;9,97;447482568;114,66;SAT;NEGATIF;SAT;NEGATIF;AZALIYOR;AL;AL;NOTR;2;09.10.2026
BSOKE;izle;;23,4;2,4;8,0;12,9;0;0;zayif;68,8;15,7;16,0;asagi;zayif;zayif;asagi;1,24;-10,60;2;6,18;9,96;201923528;8,64;AL;NEGATIF;SAT;NEGATIF;AZALIYOR;AL;AL;UCUZ (AL);3;09.10.2026
GLBMD;izle;;23,3;1,1;18,2;4,0;0;0;zayif;20,1;42,3;45,8;asagi;guclu;zayif;asagi;0,70;-1,33;1;10,4;0,39;971329;11,18;AL;NEGATIF;SAT;NEGATIF;AZALIYOR;AL;SAT;UCUZ (AL);2;09.10.2026
SELVA;izle;;23,2;2,4;9,7;11,1;0;0;zayif;39,0;30,6;37,6;asagi;zayif;zayif;asagi;1,13;-5,03;2;1,16;0,00;22093964;1,30;AL;NEGATIF;SAT;NEGATIF;AZALIYOR;AL;AL;UCUZ (AL);3;09.10.2026
CEMTS;izle;;23,2;2,4;16,7;4,0;6;0;zayif;35,7;39,2;52,2;asagi;guclu;zayif;asagi;0,68;-2,61;3;7,74;1,04;8978052;8,52;AL;NEGATIF;SAT;NEGATIF;AZALIYOR;SAT;SAT;UCUZ (AL);1;09.10.2026
KZGYO;izle;;23,1;1,9;13,3;8,0;0;0;zayif;25,7;42,5;32,8;asagi;zayif;zayif;asagi;0,52;-1,89;1;16,74;0,12;29138950;18,61;AL;NEGATIF;SAT;POZITIF;ARTIYOR;AL;AL;UCUZ (AL);4;09.10.2026
ICBCT;izle;;23,1;5,4;9,7;8,0;0;0;zayif;34,6;30,5;30,6;asagi;zayif;zayif;asagi;0,65;-3,94;2;15,28;1,26;10729647;16,92;AL;NEGATIF;SAT;NEGATIF;AZALIYOR;AL;AL;NOTR;3;09.10.2026
KOCMT;izle;;23,1;3,5;11,6;8,0;6;0;zayif;15,7;37,0;78,9;asagi;zayif;zayif;asagi;0,59;-3,26;3;2,59;-1,52;121605879;3,48;AL;NEGATIF;NOTR;NEGATIF;AZALIYOR;AL;SAT;NOTR;2;09.10.2026
PAMEL;izle;;23,0;2,4;10,6;10,0;0;0;zayif;38,5;33,6;67,3;asagi;zayif;zayif;asagi;2,56;-4,47;2;48,96;-2,08;28477731;54,27;AL;NEGATIF;SAT;NEGATIF;ARTIYOR;AL;AL;UCUZ (AL);3;09.10.2026
KGYO;izle;;23,0;5,3;7,8;9,8;0;0;zayif;29,1;37,7;68,9;asagi;zayif;zayif;asagi;0,81;-2,33;1;8,51;0,24;94697569;10,43;SAT;NEGATIF;SAT;NEGATIF;AZALIYOR;SAT;AL;NOTR;1;09.10.2026
ISKPL;izle;;22,9;2,4;10,8;9,7;6;0;zayif;37,3;34,3;75,1;asagi;zayif;zayif;asagi;1,04;-5,03;3;3,69;-3,91;176637271;4,46;AL;NEGATIF;SAT;POZITIF;AZALIYOR;AL;SAT;UCUZ (AL);3;09.10.2026
SKYMD;izle;;22,8;11,8;4,1;6,9;28;2;zayif;25,1;37,1;53,1;asagi;zayif;zayif;asagi;1,11;-1,84;3;12,88;0,47;109141398;17,23;SAT;NEGATIF;SAT;NEGATIF;AZALIYOR;SAT;SAT;NOTR;0;09.10.2026
AKBNK;izle;;22,7;1,8;16,2;4,7;38;3;zayif;25,3;43,4;36,1;asagi;guclu;zayif;asagi;0,61;-0,96;3;67,85;-0,44;6601201881;74,93;SAT;NEGATIF;SAT;NEGATIF;AZALIYOR;SAT;SAT;NOTR;0;09.10.2026
GOODY;izle;;22,7;2,4;15,7;4,6;0;0;zayif;31,3;41,0;24,5;asagi;zayif;zayif;asagi;0,74;-2,55;2;2,24;3,23;14162561;2,38;AL;NEGATIF;SAT;POZITIF;ARTIYOR;AL;AL;NOTR;4;09.10.2026
GLRYH;izle;;22,7;2,4;12,3;8,0;0;0;zayif;43,5;39,3;49,6;asagi;zayif;zayif;asagi;0,66;-3,44;1;2,01;3,61;15646413;2,18;AL;NEGATIF;SAT;POZITIF;AZALIYOR;AL;AL;UCUZ (AL);4;09.10.2026
SKBNK;izle;;22,7;2,4;12,2;8,0;0;0;zayif;39,5;35,9;23,5;asagi;zayif;zayif;asagi;0,57;-6,73;2;5,14;4,05;234815123;5,57;AL;NEGATIF;SAT;NEGATIF;AZALIYOR;AL;AL;UCUZ (AL);3;09.10.2026
BRKVY;izle;;22,6;2,4;10,2;10,0;6;0;zayif;37,2;32,3;40,5;asagi;zayif;zayif;asagi;1,60;-4,18;3;51,6;-0,48;32167440;61,31;AL;NEGATIF;SAT;NEGATIF;AZALIYOR;AL;AL;UCUZ (AL);3;09.10.2026
BURCE;izle;;22,6;2,4;11,5;8,8;0;0;zayif;29,4;36,6;47,2;asagi;zayif;zayif;asagi;0,75;-3,26;1;25,72;-1,61;28761184;29,24;AL;NEGATIF;SAT;NEGATIF;AZALIYOR;AL;SAT;UCUZ (AL);2;09.10.2026
HEKTS;izle;;22,5;2,4;12,0;8,0;40;4;zayif;35,0;38,4;49,6;asagi;zayif;zayif;asagi;0,45;-3,50;2;2,19;1,39;263337098;2,41;AL;NEGATIF;SAT;POZITIF;AZALIYOR;AL;AL;NOTR;4;09.10.2026
ARMGD;izle;;22,4;5,4;13,0;4,0;0;0;zayif;32,7;41,7;50,9;asagi;zayif;zayif;asagi;0,39;-2,35;1;129,5;1,33;107726777;155,09;AL;NEGATIF;SAT;NEGATIF;AZALIYOR;AL;AL;NOTR;3;09.10.2026
BAGFS;izle;;22,3;2,4;10,6;9,4;10;1;zayif;29,5;38,0;49,6;asagi;zayif;zayif;asagi;0,78;-2,51;2;22,2;0,45;11345643;24,84;SAT;NEGATIF;SAT;NEGATIF;AZALIYOR;SAT;AL;NOTR;1;09.10.2026
DOFER;izle;;22,3;2,4;11,9;8,0;0;0;zayif;41,8;38,0;40,0;asagi;zayif;zayif;asagi;0,54;-3,60;1;22,42;2,00;4699120;23,99;AL;NEGATIF;SAT;POZITIF;AZALIYOR;AL;SAT;UCUZ (AL);3;09.10.2026
SNGYO;izle;;22,2;1,1;17,1;4,0;0;0;zayif;20,4;42,2;63,5;asagi;guclu;zayif;asagi;0,54;-2,04;1;2,78;2,21;42900187;3,07;AL;NEGATIF;SAT;POZITIF;AZALIYOR;AL;SAT;UCUZ (AL);3;09.10.2026
EKSUN;izle;;22,2;2,3;11,9;8,0;6;0;zayif;28,6;38,1;61,6;asagi;zayif;zayif;asagi;0,51;-3,26;3;4,51;0,67;6356615;5,15;AL;NEGATIF;SAT;NEGATIF;AZALIYOR;AL;SAT;NOTR;2;09.10.2026
OFSYM;izle;;22,2;2,4;11,7;8,0;10;1;zayif;36,5;39,8;61,7;asagi;zayif;zayif;asagi;0,42;-1,54;0;54,9;0,83;17965311;64,13;SAT;NEGATIF;SAT;NEGATIF;AZALIYOR;SAT;SAT;UCUZ (AL);0;09.10.2026
OZGYO;izle;;22,1;2,4;18,6;1,1;6;0;zayif;33,4;45,3;35,3;asagi;zayif;zayif;asagi;0,76;-1,89;3;1,73;6,13;13654788;1,81;AL;NEGATIF;SAT;POZITIF;ARTIYOR;AL;SAT;NOTR;3;09.10.2026
SISE;izle;;22,1;1,6;16,5;4,0;16;1;zayif;23,9;43,5;48,2;asagi;guclu;zayif;asagi;0,45;-1,76;3;38,04;0,58;860421130;41,32;SAT;NEGATIF;SAT;NEGATIF;AZALIYOR;AL;AL;NOTR;2;09.10.2026
ULAS;izle;;22,1;2,4;12,8;6,8;6;0;zayif;33,4;41,0;47,8;asagi;zayif;zayif;asagi;0,87;-2,78;3;16,05;3,28;2721310;17,13;AL;NEGATIF;SAT;NEGATIF;AZALIYOR;AL;AL;UCUZ (AL);3;09.10.2026
DGATE;izle;;22,1;2,4;11,7;7,9;0;0;zayif;35,5;37,4;53,7;asagi;zayif;zayif;asagi;0,93;-3,52;1;64,35;3,37;21738138;75,08;AL;NEGATIF;SAT;NEGATIF;AZALIYOR;AL;AL;NOTR;3;09.10.2026
KIMMR;izle;;21,9;2,4;13,2;6,3;6;0;zayif;53,2;38,3;37,5;asagi;zayif;zayif;asagi;1,08;-3,38;3;11,07;3,46;10919204;12,02;AL;NEGATIF;SAT;NEGATIF;AZALIYOR;AL;AL;UCUZ (AL);3;09.10.2026
SEGMN;izle;;21,9;2,4;9,4;10,0;6;0;zayif;52,9;29,7;16,6;asagi;zayif;zayif;asagi;2,58;-5,01;3;21,32;-1,11;214079279;27,82;AL;NEGATIF;SAT;NEGATIF;AZALIYOR;AL;SAT;NOTR;2;09.10.2026
BTCIM;izle;;21,8;2,4;9,4;10,0;0;0;zayif;69,3;29,6;41,3;asagi;zayif;zayif;asagi;1,64;-6,30;2;2,08;7,77;847980494;2,51;AL;NEGATIF;SAT;NEGATIF;AZALIYOR;AL;AL;UCUZ (AL);3;09.10.2026
KLMSN;izle;;21,8;2,4;11,3;8,0;0;0;zayif;37,5;36,0;50,5;asagi;zayif;zayif;asagi;0,69;-3,47;1;22,36;1,18;9082990;24,70;AL;NEGATIF;SAT;NEGATIF;AZALIYOR;AL;SAT;UCUZ (AL);2;09.10.2026
DURKN;izle;;21,7;2,4;8,0;11,2;0;0;zayif;58,9;22,8;25,3;asagi;zayif;zayif;asagi;0,89;-6,34;1;10,5;3,75;25063847;12,63;AL;NEGATIF;SAT;NEGATIF;AZALIYOR;AL;AL;UCUZ (AL);3;09.10.2026
CWENE;izle;;21,6;2,4;10,2;9,0;10;0;zayif;38,8;32,2;54,3;asagi;zayif;zayif;asagi;1,24;-5,39;4;19,07;-1,14;699133813;23,38;AL;NEGATIF;SAT;NEGATIF;AZALIYOR;AL;AL;UCUZ (AL);3;09.10.2026
AKFGY;izle;;21,6;0,1;19,7;1,8;20;1;zayif;12,9;45,5;49,8;asagi;guclu;zayif;asagi;0,81;-1,21;4;2,46;2,50;49835748;2,72;SAT;NEGATIF;NOTR;POZITIF;AZALIYOR;SAT;SAT;UCUZ (AL);1;09.10.2026
ORCAY;izle;;21,5;2,4;11,1;8,0;0;0;zayif;33,5;35,3;63,7;asagi;zayif;zayif;asagi;0,36;-3,43;1;2,51;1,21;1628184;2,82;AL;NEGATIF;SAT;POZITIF;AZALIYOR;AL;SAT;UCUZ (AL);3;09.10.2026
DITAS;izle;;21,5;2,4;9,1;10,0;6;0;zayif;49,1;28,5;53,9;asagi;zayif;zayif;asagi;1,42;-6,56;3;8,75;6,06;57963150;11,86;AL;NEGATIF;SAT;NEGATIF;AZALIYOR;AL;SAT;UCUZ (AL);2;09.10.2026
CGCAM;izle;;21,5;2,4;9,1;10,0;10;0;zayif;54,4;28,5;49,1;asagi;zayif;zayif;asagi;1,51;-6,19;4;19,7;5,18;76070191;23,51;AL;NEGATIF;SAT;NEGATIF;AZALIYOR;AL;SAT;UCUZ (AL);2;09.10.2026
BMSCH;izle;;21,5;1,1;12,3;8,0;6;0;zayif;20,2;39,5;38,3;asagi;zayif;zayif;asagi;0,30;-3,37;3;8,79;-1,01;6378340;10,29;AL;NEGATIF;SAT;NEGATIF;AZALIYOR;SAT;SAT;UCUZ (AL);1;09.10.2026
YIGIT;izle;;21,3;2,4;5,8;13,0;0;0;zayif;42,3;31,1;45,4;asagi;zayif;zayif;asagi;1,00;-4,64;2;16,62;1,65;34372719;18,14;SAT;NEGATIF;SAT;NEGATIF;AZALIYOR;AL;AL;UCUZ (AL);2;09.10.2026
PLTUR;izle;;21,3;2,4;11,4;7,4;6;0;zayif;31,7;36,2;49,5;asagi;zayif;zayif;asagi;0,91;-3,50;3;15,57;-0,26;19337893;17,27;AL;NEGATIF;SAT;NEGATIF;AZALIYOR;AL;AL;UCUZ (AL);3;09.10.2026
MGROS;izle;;21,2;2,4;13,1;5,7;0;0;zayif;34,9;39,7;36,2;asagi;guclu;zayif;asagi;0,80;-2,91;2;503;0,40;1236074715;544,75;SAT;NEGATIF;SAT;NEGATIF;AZALIYOR;SAT;SAT;UCUZ (AL);0;09.10.2026
MNDRS;izle;;21,2;2,0;15,1;4,0;10;0;zayif;27,0;39,7;40,7;asagi;zayif;zayif;asagi;0,59;-2,55;4;9,4;2,17;13242447;10,15;AL;NEGATIF;SAT;NEGATIF;AZALIYOR;AL;AL;UCUZ (AL);3;09.10.2026
SMRVA;izle;;21,1;2,4;10,7;8,0;10;0;zayif;42,2;34,1;25,0;asagi;zayif;zayif;asagi;1,18;-5,03;5;6,93;10,00;53172074;7,69;AL;NEGATIF;SAT;NEGATIF;ARTIYOR;AL;AL;UCUZ (AL);3;09.10.2026
IHGZT;izle;;21,1;2,1;6,7;12,3;10;0;zayif;27,5;33,9;44,3;asagi;zayif;zayif;asagi;0,96;-3,32;4;0,95;2,15;24772389;1,06;SAT;NEGATIF;SAT;NEGATIF;ARTIYOR;AL;AL;UCUZ (AL);2;09.10.2026
BIGCH;izle;;21,0;2,4;10,6;8,0;0;0;zayif;40,0;33,6;40,4;asagi;zayif;zayif;asagi;0,61;-4,65;1;3,73;3,32;14667565;4,26;AL;NEGATIF;SAT;NEGATIF;AZALIYOR;AL;SAT;UCUZ (AL);2;09.10.2026
GWIND;izle;;21,0;2,4;16,8;1,8;6;0;zayif;35,9;39,5;45,0;asagi;guclu;zayif;asagi;0,81;-3,06;3;20,24;1,86;44239742;21,59;AL;NEGATIF;SAT;NEGATIF;AZALIYOR;AL;AL;NOTR;3;09.10.2026
PSDTC;izle;;21,0;2,4;9,7;8,9;6;0;zayif;37,2;30,7;63,9;asagi;zayif;zayif;asagi;0,75;-3,66;3;86;-0,64;28659070;114,04;AL;NEGATIF;SAT;NEGATIF;AZALIYOR;SAT;SAT;UCUZ (AL);1;09.10.2026
BJKAS;izle;;20,9;4,6;8,2;8,0;6;0;zayif;24,1;39,2;57,2;asagi;zayif;zayif;asagi;0,48;-2,29;3;1,59;3,25;183483981;1,90;SAT;NEGATIF;SAT;NEGATIF;AZALIYOR;AL;AL;NOTR;2;09.10.2026
BEYAZ;izle;;20,9;1,8;11,1;8,0;0;0;zayif;25,4;35,2;51,4;asagi;zayif;zayif;asagi;0,56;-3,65;1;17,1;1,79;9465414;19,46;AL;NEGATIF;SAT;NEGATIF;AZALIYOR;AL;AL;UCUZ (AL);3;09.10.2026
DAGI;izle;;20,7;2,4;10,2;8,1;0;0;zayif;45,5;32,5;34,5;asagi;zayif;zayif;asagi;1,18;-3,67;1;5,55;-4,64;38608125;6,80;AL;NEGATIF;SAT;NEGATIF;AZALIYOR;AL;SAT;NOTR;2;09.10.2026
PNLSN;izle;;20,7;2,4;14,3;4,0;6;0;zayif;36,8;42,9;42,6;asagi;zayif;zayif;asagi;0,60;-2,54;3;34,26;2,64;9395120;36,31;AL;NEGATIF;SAT;POZITIF;AZALIYOR;AL;AL;NOTR;4;09.10.2026
TTRAK;izle;;20,7;2,4;13,6;4,6;0;0;zayif;33,0;35,3;28,6;asagi;guclu;zayif;asagi;0,73;-2,42;2;392,5;0,32;27759955;422,01;SAT;NEGATIF;SAT;NEGATIF;AZALIYOR;SAT;SAT;UCUZ (AL);0;09.10.2026
TKNSA;izle;;20,7;2,4;14,2;4,0;0;0;zayif;31,1;42,6;52,9;asagi;zayif;zayif;asagi;0,39;-2,35;1;14,11;1,15;13168764;15,25;AL;NEGATIF;SAT;POZITIF;AZALIYOR;AL;AL;UCUZ (AL);4;09.10.2026
BFREN;izle;;20,6;2,3;14,3;4,0;0;0;zayif;29,1;38,0;50,2;asagi;zayif;zayif;asagi;0,44;-3,13;2;107,9;1,79;7643852;114,99;AL;NEGATIF;SAT;NEGATIF;AZALIYOR;AL;SAT;UCUZ (AL);2;09.10.2026
SKTAS;izle;;20,5;2,4;14,0;4,0;0;0;zayif;36,4;42,6;48,3;asagi;zayif;zayif;asagi;0,68;-2,36;1;2,58;3,61;13037349;2,70;AL;NEGATIF;SAT;POZITIF;AZALIYOR;AL;AL;UCUZ (AL);4;09.10.2026
KTLEV;izle;;20,4;2,4;8,0;10,0;0;0;zayif;57,8;22,1;32,9;asagi;zayif;zayif;asagi;1,46;-9,30;2;8;9,89;1452588936;12,76;AL;NEGATIF;SAT;NEGATIF;AZALIYOR;AL;AL;NOTR;3;09.10.2026
LIDER;izle;;20,4;2,4;8,0;10,0;0;0;zayif;63,0;20,5;44,0;asagi;zayif;zayif;asagi;1,96;-13,56;2;8,85;5,73;347723253;12,23;AL;NEGATIF;SAT;NEGATIF;AZALIYOR;AL;AL;UCUZ (AL);3;09.10.2026
RUZYE;izle;;20,4;2,4;8,0;10,0;20;1;zayif;37,8;24,3;21,2;asagi;zayif;zayif;asagi;6,52;-5,38;4;4,4;-6,78;263775310;6,09;AL;NEGATIF;SAT;NEGATIF;ARTIYOR;AL;AL;UCUZ (AL);3;09.10.2026
DUNYH;izle;;20,4;2,4;8,0;10,0;6;0;zayif;68,8;13,7;12,3;asagi;zayif;zayif;asagi;2,07;-10,15;3;24,52;9,96;145789005;39,27;AL;NEGATIF;SAT;NEGATIF;AZALIYOR;AL;AL;UCUZ (AL);3;09.10.2026
EGEPO;izle;;20,4;2,4;8,0;10,0;0;0;zayif;61,9;23,2;34,4;asagi;zayif;zayif;asagi;1,38;-7,58;2;5,8;6,23;40759935;7,55;AL;NEGATIF;SAT;NEGATIF;AZALIYOR;SAT;AL;UCUZ (AL);2;09.10.2026
OZRDN;izle;;20,4;2,4;4,0;14,0;0;0;zayif;42,2;23,8;20,3;asagi;zayif;zayif;asagi;1,61;-4,96;0;13,86;-0,14;9768819;18,48;SAT;NEGATIF;SAT;NEGATIF;AZALIYOR;AL;AL;NOTR;2;09.10.2026
ODINE;izle;;20,4;2,4;8,0;10,0;0;0;zayif;58,3;12,6;-0,0;asagi;zayif;zayif;asagi;4,17;-14,52;0;95,6;-9,98;4767190;222,02;AL;NEGATIF;SAT;NEGATIF;AZALIYOR;AL;AL;UCUZ (AL);3;09.10.2026
EGSER;izle;;20,4;2,4;15,1;2,9;6;0;zayif;31,5;36,4;46,1;asagi;guclu;zayif;asagi;0,85;-2,42;3;2,55;-1,54;3240456;2,80;AL;NEGATIF;SAT;NEGATIF;AZALIYOR;SAT;SAT;NOTR;1;09.10.2026
UNLU;izle;;20,4;5,1;15,3;0,0;16;1;zayif;25,1;42,9;57,9;asagi;guclu;zayif;asagi;0,50;-1,14;3;10,3;-1,62;62142805;13,58;SAT;NEGATIF;AL;NEGATIF;AZALIYOR;SAT;SAT;UCUZ (AL);1;09.10.2026
ASUZU;izle;;20,4;1,6;14,8;4,0;0;0;zayif;23,5;35,5;52,1;asagi;guclu;zayif;asagi;0,48;-3,25;2;42,1;0,33;6390738;46,51;AL;NEGATIF;SAT;NEGATIF;AZALIYOR;AL;AL;UCUZ (AL);3;09.10.2026
SMRTG;izle;;20,3;2,4;9,9;8,0;0;0;zayif;52,8;31,2;37,2;asagi;zayif;zayif;asagi;0,68;-5,71;1;5,03;3,71;110280476;6,22;AL;NEGATIF;SAT;NEGATIF;AZALIYOR;AL;AL;UCUZ (AL);3;09.10.2026
IHEVA;izle;;20,3;2,4;13,5;4,5;0;0;zayif;29,4;37,5;51,7;asagi;zayif;zayif;asagi;0,73;-2,50;2;1,64;1,23;1858230;1,85;AL;NEGATIF;SAT;NEGATIF;AZALIYOR;AL;SAT;UCUZ (AL);2;09.10.2026
CEOEM;izle;;20,3;2,4;9,8;8,0;0;0;zayif;30,1;41,8;29,5;asagi;zayif;zayif;asagi;0,45;-1,72;0;20,9;3,88;38805176;24,75;SAT;NEGATIF;SAT;POZITIF;AZALIYOR;AL;AL;NOTR;3;09.10.2026
BRMEN;izle;;20,3;2,4;13,8;4,0;0;0;zayif;47,9;44,5;27,6;asagi;zayif;zayif;asagi;0,22;-3,56;1;8,85;4,73;1000006;9,17;AL;NEGATIF;SAT;POZITIF;AZALIYOR;AL;AL;NOTR;4;09.10.2026
KLKIM;izle;;20,2;2,4;13,7;4,0;6;0;zayif;30,6;35,2;53,6;asagi;zayif;zayif;asagi;0,42;-3,28;3;22,36;1,54;11658638;24,45;AL;NEGATIF;SAT;NEGATIF;AZALIYOR;AL;SAT;UCUZ (AL);2;09.10.2026
EGGUB;izle;;20,1;1,4;16,1;2,7;6;0;zayif;22,1;43,4;55,1;asagi;guclu;zayif;asagi;0,60;-1,12;3;97,8;-1,66;24383203;110,49;SAT;NEGATIF;SAT;NEGATIF;AZALIYOR;SAT;SAT;NOTR;0;09.10.2026
TEKTU;izle;;20,1;2,4;8,0;9,6;6;0;zayif;40,8;22,0;23,3;asagi;zayif;zayif;asagi;1,28;-6,71;3;4,27;0,71;32759662;5,13;AL;NEGATIF;SAT;NEGATIF;AZALIYOR;AL;SAT;UCUZ (AL);2;09.10.2026
GLRMK;izle;;20,0;2,4;9,5;8,0;6;0;zayif;30,0;41,7;54,9;asagi;zayif;zayif;asagi;0,68;-2,10;3;137,2;2,08;507631631;156,43;SAT;NEGATIF;SAT;NEGATIF;AZALIYOR;SAT;AL;NOTR;1;09.10.2026
KONYA;izle;;19,8;1,1;17,3;1,4;6;0;zayif;20,1;43,8;62,8;asagi;guclu;zayif;asagi;0,77;-1,18;3;3560;3,26;47493960;3955,38;SAT;NEGATIF;SAT;NEGATIF;AZALIYOR;SAT;AL;UCUZ (AL);1;09.10.2026
DESA;izle;;19,7;1,9;16,9;1,0;6;0;zayif;25,9;40,1;44,1;asagi;guclu;zayif;asagi;0,76;-2,05;3;8,65;0,23;11555276;9,77;AL;NEGATIF;SAT;NEGATIF;AZALIYOR;SAT;SAT;UCUZ (AL);1;09.10.2026
EGEGY;izle;;19,5;2,4;13,1;4,0;0;0;zayif;41,6;41,8;57,2;asagi;zayif;zayif;asagi;0,39;-3,31;2;17,65;7,56;34659976;19,57;AL;NEGATIF;SAT;POZITIF;AZALIYOR;AL;SAT;UCUZ (AL);3;09.10.2026
SAMAT;izle;;19,5;2,4;10,4;6,6;0;0;zayif;44,2;33,1;58,5;asagi;zayif;zayif;asagi;0,86;-3,43;1;3,89;0,52;2867922;4,62;AL;NEGATIF;SAT;NEGATIF;AZALIYOR;AL;SAT;UCUZ (AL);2;09.10.2026
ANELE;izle;;19,4;5,4;4,0;10,0;0;0;zayif;56,1;13,5;-0,0;asagi;zayif;zayif;asagi;18,05;-10,07;1;21,72;-9,95;1056811122;43,62;SAT;NEGATIF;SAT;NEGATIF;AZALIYOR;SAT;AL;NOTR;1;09.10.2026
PRZMA;izle;;19,4;5,4;4,0;10,0;0;0;zayif;51,2;15,0;0,0;asagi;zayif;zayif;asagi;18,31;-9,63;0;11,14;-4,79;1053394456;21,53;SAT;NEGATIF;SAT;NEGATIF;AZALIYOR;AL;AL;NOTR;2;09.10.2026
MEDTR;izle;;19,4;2,4;12,5;4,5;0;0;zayif;41,5;40,0;56,0;asagi;zayif;zayif;asagi;0,73;-3,05;2;19,62;1,76;4307159;20,53;AL;NEGATIF;SAT;POZITIF;AZALIYOR;AL;AL;UCUZ (AL);4;09.10.2026
GEDIK;izle;;19,4;1,8;11,7;5,9;6;0;zayif;25,5;36,8;28,0;asagi;zayif;zayif;asagi;1,05;-2,91;3;4,92;-2,19;48013340;5,57;AL;NEGATIF;SAT;NEGATIF;ARTIYOR;AL;SAT;NOTR;2;09.10.2026
MERKO;izle;;19,4;2,4;12,7;4,2;6;0;zayif;46,7;40,8;62,8;asagi;zayif;zayif;asagi;0,71;-3,50;3;1,01;2,02;14813240;1,08;AL;NEGATIF;SAT;NEGATIF;AZALIYOR;AL;AL;UCUZ (AL);3;09.10.2026
FZLGY;izle;;19,3;2,4;8,9;8,0;0;0;zayif;39,7;27,9;27,8;asagi;zayif;zayif;asagi;0,66;-5,27;1;5,36;1,90;63632457;6,97;AL;NEGATIF;SAT;NEGATIF;AZALIYOR;AL;AL;UCUZ (AL);3;09.10.2026
KTSKR;izle;;19,3;2,4;12,5;4,3;0;0;zayif;36,0;40,1;55,1;asagi;zayif;zayif;asagi;0,72;-3,16;1;64;1,67;13344576;67,79;AL;NEGATIF;SAT;POZITIF;AZALIYOR;AL;SAT;NOTR;3;09.10.2026
ARCLK;izle;;19,2;2,1;9,1;8,0;0;0;zayif;27,1;32,6;26,3;asagi;zayif;zayif;asagi;0,40;-3,94;2;80,75;0,31;50031893;86,90;SAT;NEGATIF;SAT;NEGATIF;AZALIYOR;AL;AL;UCUZ (AL);2;09.10.2026
FENER;izle;;19,1;2,4;11,4;5,3;0;0;zayif;32,0;36,2;39,6;asagi;zayif;zayif;asagi;0,78;-3,53;2;2,42;1,68;154303900;2,62;AL;NEGATIF;SAT;NEGATIF;AZALIYOR;AL;AL;UCUZ (AL);3;09.10.2026
BRKSN;izle;;19,1;2,4;9,9;6,8;6;0;zayif;47,9;31,2;55,5;asagi;zayif;zayif;asagi;0,87;-3,35;3;6,04;0,50;1710317;6,70;AL;NEGATIF;SAT;NEGATIF;AZALIYOR;AL;AL;UCUZ (AL);3;09.10.2026
PARSN;izle;;19,1;2,4;12,6;4,0;6;0;zayif;38,2;33,0;44,2;asagi;zayif;zayif;asagi;0,55;-3,80;3;60,2;0,42;7240314;65,21;AL;NEGATIF;SAT;NEGATIF;AZALIYOR;AL;AL;UCUZ (AL);3;09.10.2026
KARSN;izle;;19,0;0,9;10,1;8,0;0;0;zayif;18,9;40,1;62,4;asagi;zayif;zayif;asagi;0,49;-2,14;1;9,13;1,78;111238249;10,74;SAT;NEGATIF;NOTR;NEGATIF;AZALIYOR;SAT;AL;NOTR;1;09.10.2026
ESCOM;izle;;19,0;5,3;12,1;1,6;0;0;zayif;28,7;38,8;48,5;asagi;zayif;zayif;asagi;0,80;-2,72;2;4,33;0,93;47820944;4,88;AL;NEGATIF;SAT;NEGATIF;AZALIYOR;SAT;SAT;NOTR;1;09.10.2026
PSGYO;izle;;19,0;2,4;8,5;8,0;0;0;zayif;47,7;26,8;39,0;asagi;zayif;zayif;asagi;0,66;-5,63;1;1,73;0,58;160785705;2,10;AL;NEGATIF;SAT;NEGATIF;AZALIYOR;AL;AL;UCUZ (AL);3;09.10.2026
TSPOR;izle;;19,0;2,4;12,5;4,0;10;0;zayif;38,7;39,1;40,1;asagi;zayif;zayif;asagi;0,37;-2,42;4;0,84;3,70;63064742;0,92;AL;NEGATIF;SAT;NEGATIF;AZALIYOR;AL;AL;UCUZ (AL);3;09.10.2026
EYGYO;izle;;18,9;2,4;6,2;10,3;6;0;zayif;36,8;32,3;29,4;asagi;zayif;zayif;asagi;1,08;-3,15;3;1,94;2,11;18632433;2,21;SAT;NEGATIF;SAT;NEGATIF;AZALIYOR;AL;AL;UCUZ (AL);2;09.10.2026
ALCAR;izle;;18,9;0,9;10,0;8,0;10;0;zayif;18,9;38,0;48,6;asagi;zayif;zayif;asagi;0,36;-2,69;4;596;0,76;7981036;665,44;SAT;NEGATIF;NOTR;NEGATIF;AZALIYOR;AL;AL;UCUZ (AL);2;09.10.2026
CLEBI;izle;;18,9;2,4;14,2;2,3;10;0;zayif;32,1;39,4;36,3;asagi;guclu;zayif;asagi;0,64;-2,79;4;1337;0,15;18803568;1426,83;SAT;NEGATIF;SAT;NEGATIF;AZALIYOR;SAT;SAT;UCUZ (AL);0;09.10.2026
ALTNY;izle;;18,7;2,4;12,3;4,0;0;0;zayif;30,3;39,3;48,8;asagi;zayif;zayif;asagi;0,44;-2,73;1;13;1,40;120319901;14,55;AL;NEGATIF;SAT;NEGATIF;AZALIYOR;AL;AL;UCUZ (AL);3;09.10.2026
AVPGY;izle;;18,6;1,2;15,7;1,7;6;0;zayif;21,0;42,9;34,9;asagi;guclu;zayif;asagi;0,64;-1,16;3;50,75;0,30;26696226;56,21;SAT;NEGATIF;SAT;NEGATIF;AZALIYOR;SAT;SAT;NOTR;0;09.10.2026
DOHOL;izle;;18,5;2,4;11,2;4,9;10;0;zayif;36,6;37,2;35,7;asagi;guclu;zayif;asagi;0,62;-2,65;4;18,66;1,58;142969225;20,17;SAT;NEGATIF;SAT;NEGATIF;AZALIYOR;AL;AL;NOTR;2;09.10.2026
LILAK;izle;;18,5;2,4;12,0;4,0;0;0;zayif;30,5;35,2;21,5;asagi;zayif;zayif;asagi;0,65;-3,69;2;23,84;2,41;49889110;25,85;AL;NEGATIF;SAT;NEGATIF;AZALIYOR;AL;AL;UCUZ (AL);3;09.10.2026
GRNYO;izle;;18,4;2,4;16,0;0,0;0;0;zayif;30,5;45,1;40,7;asagi;zayif;zayif;asagi;0,38;-2,83;2;9,15;4,57;2122031;9,34;AL;NEGATIF;SAT;POZITIF;AZALIYOR;AL;SAT;UCUZ (AL);3;09.10.2026
SUWEN;izle;;18,4;2,4;12,0;4,0;0;0;zayif;33,0;38,2;26,0;asagi;zayif;zayif;asagi;0,32;-2,32;1;5,13;2,60;6027417;6,01;AL;NEGATIF;SAT;NEGATIF;AZALIYOR;AL;AL;UCUZ (AL);3;09.10.2026
KLSER;izle;;18,1;2,4;11,7;4,0;0;0;zayif;40,9;37,3;35,7;asagi;zayif;zayif;asagi;0,54;-4,37;2;19,2;2,51;8387328;20,42;AL;NEGATIF;SAT;NEGATIF;ARTIYOR;AL;AL;UCUZ (AL);3;09.10.2026
YEOTK;izle;;18,0;5,3;12,7;0,0;6;0;zayif;29,2;40,7;60,4;asagi;zayif;zayif;asagi;0,61;-2,22;3;27,96;1,23;330084660;33,97;AL;NEGATIF;SAT;NEGATIF;AZALIYOR;AL;AL;NOTR;3;09.10.2026
GOZDE;izle;;18,0;2,4;5,6;10,0;6;0;zayif;32,8;30,2;56,1;asagi;zayif;zayif;asagi;1,61;-3,54;3;18,62;-0,16;34855448;20,67;SAT;NEGATIF;SAT;NEGATIF;AZALIYOR;SAT;SAT;UCUZ (AL);0;09.10.2026
GSDDE;izle;;18,0;4,1;13,9;0,0;0;0;zayif;12,6;42,9;54,2;asagi;guclu;zayif;asagi;0,56;-1,33;2;11,72;1,56;22939661;13,38;SAT;NEGATIF;NOTR;NEGATIF;AZALIYOR;AL;AL;NOTR;2;09.10.2026
OBASE;izle;;18,0;2,4;10,0;5,5;0;0;zayif;41,9;31,8;47,8;asagi;zayif;zayif;asagi;1,03;-3,61;2;25,8;-0,54;10392937;31,80;AL;NEGATIF;SAT;NEGATIF;AZALIYOR;AL;SAT;UCUZ (AL);2;09.10.2026
ANSGR;izle;;17,9;2,4;11,5;4,0;0;0;zayif;29,7;37,7;38,7;asagi;guclu;zayif;asagi;0,91;-2,81;2;24,04;-0,91;75009031;26,11;SAT;NEGATIF;SAT;NEGATIF;AZALIYOR;AL;AL;NOTR;2;09.10.2026
KAREL;izle;;17,8;2,4;11,3;4,0;6;0;zayif;38,6;36,1;32,0;asagi;zayif;zayif;asagi;0,42;-4,02;3;6,16;1,32;23924953;6,92;AL;NEGATIF;SAT;NEGATIF;ARTIYOR;AL;AL;UCUZ (AL);3;09.10.2026
PENGD;izle;;17,7;2,4;11,3;4,0;10;0;zayif;45,3;35,9;33,9;asagi;zayif;zayif;asagi;0,60;-4,39;4;7,23;2,70;10992767;7,72;AL;NEGATIF;SAT;NEGATIF;AZALIYOR;AL;AL;NOTR;3;09.10.2026
KRONT;izle;;17,7;4,4;13,3;0,0;0;0;zayif;22,1;42,8;48,5;asagi;zayif;zayif;asagi;0,48;-1,63;2;19,27;1,64;10378822;21,87;AL;NEGATIF;SAT;NEGATIF;AZALIYOR;SAT;SAT;NOTR;1;09.10.2026
HUBVC;izle;;17,7;2,4;11,2;4,0;0;0;zayif;45,2;35,8;44,9;asagi;zayif;zayif;asagi;0,62;-3,67;1;1,62;4,52;2852606;1,95;AL;NEGATIF;SAT;POZITIF;AZALIYOR;AL;SAT;UCUZ (AL);3;09.10.2026
DESPC;izle;;17,7;2,4;11,2;4,0;6;0;zayif;37,0;35,7;58,5;asagi;zayif;zayif;asagi;0,50;-3,19;3;30,4;0,33;4908445;35,31;AL;NEGATIF;SAT;NEGATIF;AZALIYOR;AL;AL;UCUZ (AL);3;09.10.2026
NTHOL;izle;;17,5;1,6;13,9;2,0;6;0;zayif;23,9;37,6;45,8;asagi;zayif;zayif;asagi;0,82;-2,49;3;36,6;-0,92;68695199;40,98;AL;NEGATIF;SAT;NEGATIF;AZALIYOR;AL;SAT;UCUZ (AL);2;09.10.2026
ISBTR;izle;;17,5;2,4;15,0;0,0;0;0;zayif;33,3;37,6;30,0;asagi;zayif;zayif;asagi;0,53;-4,07;2;430000;-1,53;860000;437401,99;AL;NEGATIF;SAT;NEGATIF;AZALIYOR;AL;AL;NOTR;3;09.10.2026
TRHOL;izle;;17,4;5,4;4,0;8,0;0;0;zayif;54,2;17,2;-0,0;asagi;zayif;zayif;asagi;0,03;-8,45;0;678,5;-9,95;440347;1181,47;SAT;NEGATIF;SAT;NEGATIF;AZALIYOR;SAT;SAT;NOTR;0;09.10.2026
OZATD;izle;;17,4;5,4;4,0;8,0;22;2;zayif;56,1;10,1;-0,0;asagi;zayif;zayif;asagi;0,01;-10,67;0;751,5;-9,95;101453;1303,29;SAT;NEGATIF;SAT;NEGATIF;AZALIYOR;AL;AL;PAHALI (SAT);2;09.10.2026
MANAS;izle;;17,4;5,4;4,0;8,0;0;0;zayif;56,0;9,4;0,0;asagi;zayif;zayif;asagi;0,18;-11,31;0;5,06;-9,96;2466522;9,15;SAT;NEGATIF;SAT;NEGATIF;AZALIYOR;AL;AL;NOTR;2;09.10.2026
BIGEN;izle;;17,4;5,4;4,0;8,0;0;0;zayif;46,6;17,5;0,0;asagi;zayif;zayif;asagi;0,03;-8,84;0;23,66;-9,97;1689229;43,90;SAT;NEGATIF;SAT;NEGATIF;AZALIYOR;AL;AL;NOTR;2;09.10.2026
ALKLC;izle;;17,4;5,4;4,0;8,0;10;1;zayif;67,5;9,6;-0,0;asagi;zayif;zayif;asagi;0,07;-12,40;0;78,4;-9,99;1469530;132,44;SAT;NEGATIF;SAT;NEGATIF;AZALIYOR;SAT;AL;UCUZ (AL);1;09.10.2026
IEYHO;izle;;17,4;5,4;4,0;8,0;0;0;zayif;75,5;8,0;0,0;asagi;zayif;zayif;asagi;0,03;-13,39;0;34,72;-9,96;1036948;57,20;SAT;NEGATIF;SAT;NEGATIF;AZALIYOR;SAT;SAT;UCUZ (AL);0;09.10.2026
TEHOL;izle;;17,4;5,4;4,0;8,0;0;0;zayif;56,1;11,4;0,0;asagi;zayif;zayif;asagi;0,02;-11,87;0;7,22;-9,98;826618;12,60;SAT;NEGATIF;SAT;NEGATIF;AZALIYOR;AL;SAT;UCUZ (AL);1;09.10.2026
ECILC;izle;;17,4;1,1;16,4;0,0;0;0;zayif;19,9;42,6;61,0;asagi;zayif;zayif;asagi;0,48;-2,08;1;62,3;-0,08;167578714;69,49;AL;NEGATIF;NOTR;NEGATIF;AZALIYOR;SAT;SAT;UCUZ (AL);1;09.10.2026
ATLAS;izle;;17,4;0,7;12,7;4,0;28;2;zayif;17,5;40,6;28,8;asagi;zayif;zayif;asagi;0,60;-2,53;3;5,04;0,80;3808799;6,03;AL;NEGATIF;NOTR;NEGATIF;AZALIYOR;AL;SAT;NOTR;2;09.10.2026
ISMEN;izle;;17,4;2,3;11,1;4,0;10;0;zayif;28,8;37,1;28,5;asagi;zayif;zayif;asagi;0,61;-3,06;4;29,78;0,95;103822818;32,63;SAT;NEGATIF;SAT;NEGATIF;AZALIYOR;SAT;AL;UCUZ (AL);1;09.10.2026
KNFRT;izle;;17,3;0,6;12,6;4,1;10;0;zayif;16,4;44,3;46,0;asagi;zayif;zayif;asagi;0,94;-1,33;5;10,57;-0,28;39562643;12,40;SAT;NEGATIF;NOTR;NEGATIF;AZALIYOR;SAT;SAT;NOTR;0;09.10.2026
CONSE;izle;;17,2;2,4;10,1;4,6;0;0;zayif;38,5;32,0;24,7;asagi;zayif;zayif;asagi;0,74;-4,39;2;1,68;1,82;10610097;1,88;AL;NEGATIF;SAT;NEGATIF;AZALIYOR;AL;AL;UCUZ (AL);3;09.10.2026
AKMGY;izle;;17,2;0,9;8,3;8,0;0;0;zayif;18,7;35,5;80,3;asagi;zayif;zayif;asagi;0,25;-2,78;1;212,1;1,14;3722567;234,75;SAT;NEGATIF;NOTR;NEGATIF;AZALIYOR;AL;AL;NOTR;2;09.10.2026
BRKO;izle;;17,2;2,4;10,7;4,0;6;0;zayif;34,5;34,1;18,8;asagi;zayif;zayif;asagi;0,44;-5,69;3;6,51;-4,12;1906733;7,69;AL;NEGATIF;SAT;NEGATIF;AZALIYOR;AL;SAT;NOTR;2;09.10.2026
IHLGM;izle;;17,1;2,4;6,7;8,0;10;1;zayif;33,0;33,9;25,3;asagi;zayif;zayif;asagi;0,57;-3,93;2;1,21;2,54;19080344;1,35;SAT;NEGATIF;SAT;NEGATIF;AZALIYOR;AL;AL;UCUZ (AL);2;09.10.2026
MTRKS;izle;;17,1;5,4;11,7;0,0;0;0;zayif;36,7;37,2;47,1;asagi;zayif;zayif;asagi;0,46;-2,79;2;22,14;2,03;9974557;25,27;AL;NEGATIF;SAT;POZITIF;AZALIYOR;AL;SAT;NOTR;3;09.10.2026
IHLAS;izle;;17,1;1,5;11,6;4,0;28;2;zayif;22,7;41,9;37,8;asagi;zayif;zayif;asagi;0,39;-2,49;3;0,9;3,45;44786966;1,00;SAT;NEGATIF;SAT;NEGATIF;AZALIYOR;AL;AL;UCUZ (AL);2;09.10.2026
ELITE;izle;;17,0;2,4;10,6;4,0;6;0;zayif;50,6;33,6;42,9;asagi;zayif;zayif;asagi;0,43;-4,91;3;20,22;1,15;6484008;22,19;AL;NEGATIF;SAT;NEGATIF;AZALIYOR;AL;AL;UCUZ (AL);3;09.10.2026
FORMT;izle;;17,0;2,4;9,7;4,9;0;0;zayif;65,6;30,7;23,5;asagi;zayif;zayif;asagi;0,99;-6,34;2;1;6,38;22358556;1,11;AL;NEGATIF;SAT;NEGATIF;ARTIYOR;AL;AL;UCUZ (AL);3;09.10.2026
BORSK;izle;;17,0;2,4;14,6;0,0;10;0;zayif;37,1;42,3;57,4;asagi;guclu;zayif;asagi;0,67;-1,53;4;5,53;2,22;20382198;6,10;SAT;NEGATIF;SAT;NEGATIF;AZALIYOR;AL;AL;NOTR;2;09.10.2026
TDGYO;izle;;17,0;2,4;6,5;8,0;0;0;zayif;34,1;33,5;65,1;asagi;zayif;zayif;asagi;0,70;-4,15;0;8,34;3,22;14236622;10,30;SAT;NEGATIF;SAT;NEGATIF;AZALIYOR;AL;AL;UCUZ (AL);2;09.10.2026
IDGYO;izle;;17,0;2,4;10,5;4,0;0;0;zayif;43,8;33,4;47,6;asagi;zayif;zayif;asagi;0,69;-4,45;1;2,12;1,44;1898225;2,55;AL;NEGATIF;SAT;NEGATIF;AZALIYOR;AL;AL;UCUZ (AL);3;09.10.2026
YAPRK;izle;;16,9;0,6;12,3;4,0;6;0;zayif;16,6;39,3;53,0;asagi;zayif;zayif;asagi;0,27;-2,38;3;8,77;0,92;9651876;10,09;AL;NEGATIF;NOTR;NEGATIF;AZALIYOR;AL;SAT;UCUZ (AL);2;09.10.2026
SANEL;izle;;16,9;2,4;6,1;8,3;0;0;zayif;33,8;32,1;45,9;asagi;zayif;zayif;asagi;1,20;-4,05;2;31,92;9,99;14288669;40,83;SAT;NEGATIF;SAT;NEGATIF;AZALIYOR;AL;AL;NOTR;2;09.10.2026
BNTAS;izle;;16,9;2,4;14,4;0,0;0;0;zayif;33,3;38,3;55,5;asagi;zayif;zayif;asagi;0,63;-2,53;2;5,34;0,38;9505371;5,89;AL;NEGATIF;SAT;NEGATIF;AZALIYOR;SAT;SAT;UCUZ (AL);1;09.10.2026
ENSRI;izle;;16,8;2,4;9,6;4,7;6;0;zayif;39,1;30,4;44,0;asagi;zayif;zayif;asagi;0,74;-7,42;3;3,03;3,77;22768850;3,44;AL;NEGATIF;SAT;NEGATIF;AZALIYOR;AL;AL;UCUZ (AL);3;09.10.2026
MSGYO;izle;;16,8;1,7;15,1;0,0;0;0;zayif;24,5;39,9;61,8;asagi;zayif;zayif;asagi;0,53;-2,32;1;4,95;-0,20;3978973;5,51;AL;NEGATIF;SAT;POZITIF;AZALIYOR;SAT;SAT;NOTR;2;09.10.2026
KBORU;izle;;16,7;2,4;11,4;2,9;0;0;zayif;34,3;36,3;61,3;asagi;zayif;zayif;asagi;0,87;-4,18;1;12,1;4,76;128632160;14,81;AL;NEGATIF;SAT;NEGATIF;AZALIYOR;AL;AL;NOTR;3;09.10.2026
MHRGY;izle;;16,7;2,3;13,4;1,0;32;2;zayif;29,2;40,0;38,3;asagi;zayif;zayif;asagi;0,76;-2,83;4;1,8;2,86;6844720;2,01;AL;NEGATIF;SAT;NEGATIF;ARTIYOR;AL;SAT;UCUZ (AL);2;09.10.2026
SANFM;izle;;16,6;2,4;10,2;4,0;6;0;zayif;49,5;32,3;36,8;asagi;zayif;zayif;asagi;0,64;-5,49;3;4,53;9,95;22865424;5,31;AL;NEGATIF;SAT;NEGATIF;AZALIYOR;AL;AL;UCUZ (AL);3;09.10.2026
TBORG;izle;;16,6;1,2;15,4;0,0;10;0;zayif;20,7;37,8;47,6;asagi;guclu;zayif;asagi;0,62;-2,37;4;123,5;-0,24;9227550;135,03;AL;NEGATIF;SAT;NEGATIF;AZALIYOR;AL;SAT;UCUZ (AL);2;09.10.2026
PAGYO;izle;;16,5;5,4;11,0;0,0;6;0;zayif;49,6;35,1;44,0;asagi;zayif;zayif;asagi;0,60;-3,22;3;116,7;1,48;8197241;131,52;AL;NEGATIF;SAT;NEGATIF;AZALIYOR;SAT;SAT;NOTR;1;09.10.2026
BIGTK;izle;;16,4;2,4;4,0;10,0;6;0;zayif;56,7;15,2;21,3;asagi;zayif;zayif;asagi;5,01;-9,59;3;53,75;4,37;473101319;96,73;SAT;NEGATIF;SAT;NEGATIF;AZALIYOR;AL;AL;UCUZ (AL);2;09.10.2026
KUYAS;izle;;16,4;2,4;4,0;10,0;0;0;zayif;55,7;11,9;13,4;asagi;zayif;zayif;asagi;3,68;-11,05;1;12,86;-9,94;775962755;22,48;SAT;NEGATIF;SAT;NEGATIF;AZALIYOR;SAT;SAT;UCUZ (AL);0;09.10.2026
MAGEN;izle;;16,4;2,4;4,0;10,0;0;0;zayif;54,1;16,7;12,8;asagi;zayif;zayif;asagi;1,93;-9,91;0;8,61;8,17;408934869;12,44;SAT;NEGATIF;SAT;NEGATIF;AZALIYOR;AL;AL;UCUZ (AL);2;09.10.2026
AHSGY;izle;;16,4;2,4;4,0;10,0;40;4;zayif;39,3;24,1;23,6;asagi;zayif;zayif;asagi;2,85;-6,28;2;6,4;-1,99;138103904;9,27;SAT;NEGATIF;SAT;NEGATIF;AZALIYOR;AL;AL;UCUZ (AL);2;09.10.2026
IHAAS;izle;;16,4;2,4;4,0;10,0;0;0;zayif;49,5;12,9;19,1;asagi;zayif;zayif;asagi;2,04;-9,09;2;15,52;5,51;60816253;22,31;SAT;NEGATIF;SAT;NEGATIF;AZALIYOR;AL;AL;UCUZ (AL);2;09.10.2026
MEKAG;izle;;16,4;2,4;4,0;10,0;6;0;zayif;43,2;24,7;43,6;asagi;zayif;zayif;asagi;1,40;-5,58;3;1,99;2,58;17266729;2,29;SAT;NEGATIF;SAT;NEGATIF;AZALIYOR;AL;AL;UCUZ (AL);2;09.10.2026
PAPIL;izle;;16,4;2,4;10,0;4,0;0;0;zayif;35,0;31,6;44,8;asagi;zayif;zayif;asagi;0,48;-4,39;2;7,95;1,92;20443099;9,41;AL;NEGATIF;SAT;NEGATIF;AZALIYOR;AL;AL;UCUZ (AL);3;09.10.2026
ADGYO;izle;;16,4;2,4;3,9;10,0;6;0;zayif;33,1;31,4;39,0;asagi;zayif;zayif;asagi;1,52;-2,96;3;43;-5,20;89262625;53,19;SAT;NEGATIF;SAT;NEGATIF;ARTIYOR;SAT;SAT;UCUZ (AL);0;09.10.2026
MRSHL;izle;;16,3;1,3;7,8;7,2;10;0;zayif;21,6;37,6;31,7;asagi;zayif;zayif;asagi;1,13;-2,40;5;1331;5,38;48592148;1503,44;SAT;NEGATIF;SAT;NEGATIF;ARTIYOR;AL;AL;NOTR;2;09.10.2026
KUTPO;izle;;16,2;2,4;13,0;0,8;10;0;zayif;30,7;36,9;34,0;asagi;zayif;zayif;asagi;0,75;-2,98;4;66,7;3,01;8003867;72,45;AL;NEGATIF;SAT;NEGATIF;ARTIYOR;AL;AL;UCUZ (AL);3;09.10.2026
VBTYZ;izle;;16,2;5,4;6,7;4,0;46;4;zayif;40,7;34,1;53,8;asagi;zayif;zayif;asagi;0,45;-3,09;3;24,04;1,52;16125936;28,79;SAT;NEGATIF;SAT;NEGATIF;AZALIYOR;AL;AL;NOTR;2;09.10.2026
BMSTL;izle;;16,1;4,9;11,2;0,0;32;2;zayif;26,2;41,0;17,1;asagi;zayif;zayif;asagi;0,36;-1,48;4;39,06;-0,51;63052605;45,76;SAT;NEGATIF;SAT;NEGATIF;AZALIYOR;AL;AL;NOTR;2;09.10.2026
PETUN;izle;;16,0;1,1;14,9;0,0;38;3;zayif;20,0;42,5;59,7;asagi;guclu;zayif;asagi;0,52;-1,69;3;10,2;1,59;8211928;11,26;SAT;NEGATIF;NOTR;NEGATIF;AZALIYOR;AL;AL;UCUZ (AL);2;09.10.2026
EUPWR;izle;;16,0;5,4;10,5;0,0;10;0;zayif;43,5;33,4;44,9;asagi;zayif;zayif;asagi;0,65;-3,73;4;49,62;-0,72;665670759;65,78;AL;NEGATIF;SAT;NEGATIF;AZALIYOR;SAT;SAT;NOTR;1;09.10.2026
MAALT;izle;;16,0;0,8;7,2;8,0;0;0;zayif;17,5;33,5;58,0;asagi;zayif;zayif;asagi;0,65;-3,41;2;829,5;1,22;22699268;926,06;SAT;NEGATIF;NOTR;NEGATIF;AZALIYOR;SAT;AL;NOTR;1;09.10.2026
ARSAN;izle;;15,9;3,3;12,6;0,0;10;0;zayif;14,2;41,3;50,8;asagi;guclu;zayif;asagi;0,60;-1,31;4;3,4;-0,29;35052174;3,97;SAT;NEGATIF;NOTR;NEGATIF;AZALIYOR;SAT;SAT;NOTR;0;09.10.2026
AYEN;izle;;15,9;2,4;7,4;6,0;6;0;zayif;29,9;36,2;52,1;asagi;zayif;zayif;asagi;0,82;-3,47;3;25,7;1,66;8932960;28,26;SAT;NEGATIF;SAT;NEGATIF;AZALIYOR;AL;AL;NOTR;2;09.10.2026
FORTE;izle;;15,8;4,0;6,3;5,4;0;0;zayif;19,7;36,4;47,4;asagi;zayif;zayif;asagi;1,03;-2,39;2;89,65;-0,28;115037356;108,16;SAT;NEGATIF;NOTR;NEGATIF;AZALIYOR;SAT;SAT;NOTR;0;09.10.2026
TLMAN;izle;;15,8;1,6;10,2;4,0;0;0;zayif;23,5;32,4;53,4;asagi;zayif;zayif;asagi;0,48;-3,53;2;62,8;0,80;4049156;70,16;AL;NEGATIF;SAT;NEGATIF;AZALIYOR;AL;AL;UCUZ (AL);3;09.10.2026
TNZTP;izle;;15,8;4,2;7,6;4,0;40;4;zayif;21,1;36,5;39,7;asagi;zayif;zayif;asagi;0,35;-2,02;2;24,4;-0,73;22646055;28,69;SAT;NEGATIF;SAT;NEGATIF;AZALIYOR;SAT;SAT;NOTR;0;09.10.2026
ESCAR;izle;;15,7;2,4;4,0;9,3;0;0;zayif;53,7;23,3;49,4;asagi;zayif;zayif;asagi;1,02;-7,54;2;16,28;10,00;46596372;21,68;SAT;NEGATIF;SAT;NEGATIF;AZALIYOR;AL;AL;UCUZ (AL);2;09.10.2026
MNDTR;izle;;15,7;2,4;9,2;4,0;6;0;zayif;46,2;29,2;40,3;asagi;zayif;zayif;asagi;0,61;-4,29;3;4,01;0,25;2860165;4,43;AL;NEGATIF;SAT;NEGATIF;AZALIYOR;AL;SAT;UCUZ (AL);2;09.10.2026
CEMZY;izle;;15,5;2,4;5,1;8,0;0;0;zayif;45,5;28,6;40,4;asagi;zayif;zayif;asagi;0,29;-5,55;2;6,05;10,00;31334069;7,66;SAT;NEGATIF;SAT;NEGATIF;AZALIYOR;AL;AL;UCUZ (AL);2;09.10.2026
BANVT;izle;;15,5;2,0;13,6;0,0;0;0;zayif;17,1;35,0;48,7;asagi;zayif;zayif;asagi;0,35;-2,74;2;130,6;0,08;4350417;144,68;AL;NEGATIF;NOTR;NEGATIF;AZALIYOR;AL;SAT;UCUZ (AL);2;09.10.2026
DCTTR;izle;;15,3;2,4;8,9;4,0;0;0;zayif;50,4;28,0;25,2;asagi;zayif;zayif;asagi;0,63;-7,80;1;3,55;5,97;15593304;4,16;AL;NEGATIF;SAT;NEGATIF;AZALIYOR;AL;AL;UCUZ (AL);3;09.10.2026
ATAGY;izle;;15,3;2,4;12,9;0,0;6;0;zayif;48,4;35,7;49,2;asagi;zayif;zayif;asagi;0,62;-2,59;3;8,52;0,71;640934;9,69;AL;NEGATIF;SAT;NEGATIF;AZALIYOR;AL;SAT;UCUZ (AL);2;09.10.2026
CMBTN;izle;;15,3;1,8;7,7;5,8;0;0;zayif;25,5;37,3;37,1;asagi;zayif;zayif;asagi;0,81;-2,85;1;1255;3,55;17025330;1399,74;SAT;NEGATIF;SAT;NEGATIF;AZALIYOR;AL;AL;UCUZ (AL);2;09.10.2026
MACKO;izle;;15,2;2,4;4,8;8,0;0;0;zayif;41,8;27,6;16,1;asagi;zayif;zayif;asagi;0,49;-4,38;2;23,6;0,34;11004114;27,77;SAT;NEGATIF;SAT;NEGATIF;AZALIYOR;AL;AL;NOTR;2;09.10.2026
DARDL;izle;;15,2;2,4;10,2;2,5;0;0;zayif;50,7;32,5;32,5;asagi;zayif;zayif;asagi;0,85;-4,69;2;1,16;3,57;13820177;1,30;AL;NEGATIF;SAT;NEGATIF;AZALIYOR;AL;AL;UCUZ (AL);3;09.10.2026
DOAS;izle;;15,2;2,4;8,6;4,1;10;0;zayif;41,5;34,4;37,0;asagi;zayif;zayif;asagi;0,71;-4,30;4;144,5;1,12;83035480;153,27;SAT;NEGATIF;SAT;NEGATIF;AZALIYOR;AL;AL;UCUZ (AL);2;09.10.2026
A1YEN;izle;;15,2;2,4;12,0;0,7;0;0;zayif;36,2;38,3;49,5;asagi;zayif;zayif;asagi;0,74;-3,68;2;1,76;3,53;23449342;1,97;AL;NEGATIF;SAT;POZITIF;AZALIYOR;AL;AL;UCUZ (AL);4;09.10.2026
ISGYO;izle;;15,2;4,8;10,3;0,0;0;0;zayif;12,1;37,7;36,2;asagi;guclu;zayif;asagi;0,53;-1,66;2;22,72;0,26;14802148;25,59;SAT;NEGATIF;NOTR;NEGATIF;AZALIYOR;SAT;SAT;NOTR;0;09.10.2026
GZNMI;izle;;15,1;2,4;8,6;4,0;0;0;zayif;45,1;27,1;40,3;asagi;zayif;zayif;asagi;0,65;-5,34;2;30,36;3,41;22432943;36,35;AL;NEGATIF;SAT;NEGATIF;AZALIYOR;AL;AL;NOTR;3;09.10.2026
GEDZA;izle;;15,0;2,4;12,6;0,0;10;0;zayif;41,3;37,8;37,6;asagi;zayif;zayif;asagi;0,59;-3,33;4;22,7;3,56;3874073;24,22;AL;NEGATIF;SAT;NEGATIF;AZALIYOR;AL;SAT;NOTR;2;09.10.2026
IZMDC;izle;;14,9;5,4;9,4;0,0;6;0;zayif;40,9;29,7;47,0;asagi;zayif;zayif;asagi;0,67;-4,94;3;6,55;-1,50;40270730;7,95;AL;NEGATIF;SAT;NEGATIF;AZALIYOR;AL;SAT;NOTR;2;09.10.2026
ZEDUR;izle;;14,8;2,4;9,5;2,8;6;0;zayif;55,4;30,1;44,2;asagi;zayif;zayif;asagi;0,87;-4,50;3;5,58;2,57;5257822;6,23;AL;NEGATIF;SAT;NEGATIF;AZALIYOR;AL;AL;UCUZ (AL);3;09.10.2026
YYLGD;izle;;14,7;2,4;11,6;0,6;0;0;zayif;35,5;37,0;46,1;asagi;zayif;zayif;asagi;0,74;-4,01;1;7,69;1,59;34033971;8,36;AL;NEGATIF;SAT;NEGATIF;AZALIYOR;AL;AL;UCUZ (AL);3;09.10.2026
ARZUM;izle;;14,7;2,4;12,2;0,0;6;0;zayif;35,8;39,1;47,4;asagi;zayif;zayif;asagi;0,55;-3,62;3;1,22;3,39;6493982;1,34;AL;NEGATIF;SAT;NEGATIF;AZALIYOR;AL;AL;UCUZ (AL);3;09.10.2026
GSRAY;izle;;14,7;2,4;4,9;7,3;6;0;zayif;48,6;28,1;20,3;asagi;zayif;zayif;asagi;0,90;-4,39;3;0,81;1,25;82677904;0,89;SAT;NEGATIF;SAT;NEGATIF;AZALIYOR;AL;AL;UCUZ (AL);2;09.10.2026
OYAYO;izle;;14,7;2,4;6,5;5,7;6;0;zayif;29,8;33,4;41,3;asagi;zayif;zayif;asagi;0,80;-3,57;3;31,46;1,48;1993243;37,23;SAT;NEGATIF;SAT;NEGATIF;AZALIYOR;AL;AL;UCUZ (AL);2;09.10.2026
IZFAS;izle;;14,5;2,4;4,1;8,0;0;0;zayif;45,8;25,2;84,0;asagi;zayif;zayif;asagi;0,12;-8,26;0;14;9,98;4036088;19,20;SAT;NEGATIF;SAT;NEGATIF;AZALIYOR;AL;AL;UCUZ (AL);2;09.10.2026
PEKGY;izle;;14,4;2,4;4,0;8,0;0;0;zayif;50,8;10,1;-0,0;asagi;zayif;zayif;asagi;0,54;-13,17;0;1,79;-9,60;14857773;3,23;SAT;NEGATIF;SAT;NEGATIF;AZALIYOR;AL;AL;UCUZ (AL);2;09.10.2026
DSTKF;izle;;14,4;2,4;4,0;8,0;22;2;zayif;48,1;15,2;-0,0;asagi;zayif;zayif;asagi;0,02;-10,58;0;410,5;-9,98;760657;726,99;SAT;NEGATIF;SAT;NEGATIF;AZALIYOR;SAT;AL;NOTR;1;09.10.2026
ALKIM;izle;;14,4;2,4;8,0;4,0;22;2;zayif;47,1;22,1;30,3;asagi;zayif;zayif;asagi;0,58;-5,25;2;11,85;0,34;7961221;13,06;AL;NEGATIF;SAT;NEGATIF;AZALIYOR;AL;AL;UCUZ (AL);3;09.10.2026
TERA;izle;;14,4;2,4;4,0;8,0;10;1;zayif;53,7;11,1;-0,0;asagi;zayif;zayif;asagi;0,01;-12,19;0;37,54;-9,98;882941;62,12;SAT;NEGATIF;SAT;NEGATIF;AZALIYOR;SAT;SAT;UCUZ (AL);0;09.10.2026
KMPUR;izle;;14,4;2,4;12,0;0,0;0;0;zayif;42,4;38,2;37,7;asagi;zayif;zayif;asagi;0,52;-2,83;1;14,65;4,79;14196744;16,57;AL;NEGATIF;SAT;NEGATIF;AZALIYOR;AL;AL;NOTR;3;09.10.2026
PRKAB;izle;;14,4;1,1;11,0;2,3;16;1;zayif;20,1;34,9;38,7;asagi;zayif;zayif;asagi;0,84;-3,40;3;25,04;3,13;15553496;28,32;AL;NEGATIF;SAT;NEGATIF;AZALIYOR;AL;AL;UCUZ (AL);3;09.10.2026
CEMAS;izle;;14,4;2,4;10,8;1,2;10;0;zayif;31,2;34,2;42,8;asagi;zayif;zayif;asagi;0,77;-3,32;4;3,12;0,32;21266251;3,64;AL;NEGATIF;SAT;NEGATIF;ARTIYOR;AL;SAT;NOTR;2;09.10.2026
KFEIN;izle;;14,4;2,4;10,5;1,5;10;0;zayif;34,1;33,2;46,0;asagi;zayif;zayif;asagi;0,79;-3,98;5;6,04;-0,49;15495481;6,92;AL;NEGATIF;SAT;NEGATIF;AZALIYOR;AL;SAT;UCUZ (AL);2;09.10.2026
KZBGY;izle;;14,4;2,4;9,5;2,4;6;0;zayif;43,8;30,1;63,7;asagi;zayif;zayif;asagi;0,84;-5,25;3;1,39;1,46;40631268;1,57;AL;NEGATIF;SAT;NEGATIF;AZALIYOR;AL;SAT;UCUZ (AL);2;09.10.2026
ASGYO;izle;;14,2;1,8;12,4;0,0;0;0;zayif;25,5;38,1;40,9;asagi;guclu;zayif;asagi;0,65;-2,60;1;9,77;1,98;18114069;10,55;SAT;NEGATIF;SAT;NEGATIF;AZALIYOR;SAT;SAT;NOTR;0;09.10.2026
SURGY;izle;;14,1;2,4;8,0;3,7;10;0;zayif;44,9;22,9;38,5;asagi;zayif;zayif;asagi;0,92;-9,13;4;19,69;4,73;34581626;22,37;AL;NEGATIF;SAT;NEGATIF;AZALIYOR;AL;AL;UCUZ (AL);3;09.10.2026
MEGMT;izle;;14,1;2,4;11,6;0,0;6;0;zayif;38,3;37,1;50,3;asagi;zayif;zayif;asagi;0,45;-4,43;3;3,64;-0,55;91482049;4,28;AL;NEGATIF;SAT;NEGATIF;AZALIYOR;AL;SAT;UCUZ (AL);2;09.10.2026
SEGYO;izle;;14,1;2,4;11,6;0,0;0;0;zayif;38,8;37,0;71,7;asagi;zayif;zayif;asagi;0,44;-3,95;2;2,82;2,92;4891081;3,15;AL;NEGATIF;SAT;NEGATIF;AZALIYOR;AL;AL;UCUZ (AL);3;09.10.2026
SEYKM;izle;;14,0;2,4;11,5;0,0;0;0;zayif;42,0;36,7;37,7;asagi;zayif;zayif;asagi;0,63;-3,26;2;2,95;3,51;3062312;3,30;AL;NEGATIF;SAT;POZITIF;AZALIYOR;AL;SAT;UCUZ (AL);3;09.10.2026
ERCB;izle;;13,9;2,4;11,5;0,0;6;0;zayif;34,3;36,6;32,5;asagi;zayif;zayif;asagi;0,54;-3,80;3;35,44;2,72;12000941;39,29;AL;NEGATIF;SAT;NEGATIF;AZALIYOR;AL;AL;UCUZ (AL);3;09.10.2026
KLNMA;izle;;13,9;2,4;7,5;4,0;6;0;zayif;43,5;31,5;33,8;asagi;zayif;zayif;asagi;0,61;-5,78;3;7,5;1,35;775605;7,93;SAT;NEGATIF;SAT;NEGATIF;AZALIYOR;AL;AL;NOTR;2;09.10.2026
DOFRB;izle;;13,9;2,4;10,6;0,8;6;0;zayif;38,5;33,5;47,3;asagi;zayif;zayif;asagi;0,75;-5,02;3;75;3,09;183662700;88,72;AL;NEGATIF;SAT;NEGATIF;AZALIYOR;AL;AL;NOTR;3;09.10.2026
SASA;izle;;13,8;2,1;7,8;4,0;0;0;zayif;27,1;37,5;35,9;asagi;zayif;zayif;asagi;0,51;-2,63;1;1,93;2,66;3221999456;2,24;SAT;NEGATIF;SAT;NEGATIF;AZALIYOR;AL;AL;NOTR;2;09.10.2026
DERHL;izle;;13,8;2,4;11,1;0,2;10;0;zayif;30,2;35,5;51,0;asagi;zayif;zayif;asagi;0,71;-3,42;4;1,62;1,25;16684503;1,83;AL;NEGATIF;SAT;POZITIF;AZALIYOR;AL;AL;UCUZ (AL);4;09.10.2026
MAKTK;izle;;13,8;2,4;10,5;0,8;10;0;zayif;43,3;33,4;45,2;asagi;zayif;zayif;asagi;0,75;-4,42;4;6,82;1,79;10896914;7,77;AL;NEGATIF;SAT;NEGATIF;AZALIYOR;AL;AL;UCUZ (AL);3;09.10.2026
EKOS;izle;;13,7;2,4;9,1;2,1;0;0;zayif;43,3;28,8;52,9;asagi;zayif;zayif;asagi;0,83;-5,54;2;3,35;1,82;21320284;3,87;AL;NEGATIF;SAT;NEGATIF;AZALIYOR;AL;AL;UCUZ (AL);3;09.10.2026
YUNSA;izle;;13,6;2,4;11,1;0,0;6;0;zayif;41,6;35,4;56,0;asagi;zayif;zayif;asagi;0,58;-4,19;3;6,29;1,94;14590253;6,94;AL;NEGATIF;SAT;NEGATIF;AZALIYOR;SAT;SAT;UCUZ (AL);1;09.10.2026
AGROT;izle;;13,5;2,4;9,1;2,0;0;0;zayif;30,5;28,5;31,3;asagi;zayif;zayif;asagi;0,82;-6,08;2;1,37;3,01;36052983;1,55;AL;NEGATIF;SAT;NEGATIF;AZALIYOR;AL;AL;UCUZ (AL);3;09.10.2026
BLUME;izle;;13,5;1,2;7,2;5,2;6;0;zayif;20,5;38,6;58,5;asagi;zayif;zayif;asagi;1,01;-1,73;3;32,2;-1,53;55572660;38,86;SAT;NEGATIF;SAT;NEGATIF;AZALIYOR;SAT;SAT;NOTR;0;09.10.2026
KONTR;izle;;13,4;2,4;10,1;0,8;0;0;zayif;48,0;32,2;36,6;asagi;zayif;zayif;asagi;0,75;-8,26;1;2,09;2,96;8281094;2,43;AL;NEGATIF;SAT;NEGATIF;AZALIYOR;AL;SAT;UCUZ (AL);2;09.10.2026
KATMR;izle;;13,4;2,4;10,9;0,0;0;0;zayif;46,7;34,8;57,0;asagi;zayif;zayif;asagi;0,60;-4,67;2;1,53;2,00;64308539;1,69;AL;NEGATIF;SAT;NEGATIF;AZALIYOR;AL;AL;UCUZ (AL);3;09.10.2026
BORLS;izle;;13,4;2,4;10,9;0,0;6;0;zayif;55,8;34,7;29,5;asagi;zayif;zayif;asagi;0,22;-5,90;3;1,91;9,77;11022274;2,18;AL;NEGATIF;SAT;NEGATIF;AZALIYOR;AL;AL;NOTR;3;09.10.2026
ULUSE;izle;;13,4;2,4;9,9;1,0;6;0;zayif;44,1;31,4;49,0;asagi;zayif;zayif;asagi;0,76;-4,66;3;150,6;2,87;26693398;176,54;AL;NEGATIF;SAT;NEGATIF;AZALIYOR;AL;SAT;NOTR;2;09.10.2026
ALFAS;izle;;13,2;2,4;10,7;0,0;0;0;zayif;36,2;34,2;44,0;asagi;zayif;zayif;asagi;0,53;-3,52;2;29,62;1,09;30468021;34,48;AL;NEGATIF;SAT;NEGATIF;AZALIYOR;AL;SAT;UCUZ (AL);2;09.10.2026
SDTTR;izle;;13,2;2,4;10,7;0,0;6;0;zayif;31,2;34,2;42,9;asagi;zayif;zayif;asagi;0,48;-3,39;3;15,81;2,66;48216943;18,18;AL;NEGATIF;SAT;NEGATIF;AZALIYOR;SAT;SAT;NOTR;1;09.10.2026
DENGE;izle;;13,2;1,7;7,5;4,0;0;0;zayif;24,7;36,5;36,8;asagi;zayif;zayif;asagi;0,42;-3,20;2;1,8;2,86;11458485;2,02;SAT;NEGATIF;SAT;NEGATIF;AZALIYOR;AL;AL;UCUZ (AL);2;09.10.2026
NATEN;izle;;13,2;2,4;10,6;0,1;10;0;zayif;39,6;33,7;43,7;asagi;zayif;zayif;asagi;0,71;-4,58;5;4,04;2,28;15354081;4,46;AL;NEGATIF;SAT;NEGATIF;AZALIYOR;AL;AL;UCUZ (AL);3;09.10.2026
GESAN;izle;;13,2;2,4;10,7;0,0;0;0;zayif;41,7;34,0;47,4;asagi;zayif;zayif;asagi;0,40;-4,48;2;41,94;3,05;275362984;51,70;AL;NEGATIF;SAT;NEGATIF;AZALIYOR;AL;AL;NOTR;3;09.10.2026
LRSHO;izle;;13,1;2,4;9,8;0,9;10;0;zayif;31,8;30,9;41,3;asagi;zayif;zayif;asagi;0,75;-4,59;4;1,84;-0,54;22333552;2,10;AL;NEGATIF;SAT;NEGATIF;AZALIYOR;AL;AL;UCUZ (AL);3;09.10.2026
MZHLD;izle;;13,1;2,4;6,7;4,0;22;2;zayif;31,7;33,9;22,4;asagi;zayif;zayif;asagi;0,48;-2,85;2;4,25;1,92;1331534;4,92;SAT;NEGATIF;SAT;NEGATIF;AZALIYOR;AL;AL;UCUZ (AL);2;09.10.2026
GOKNR;izle;;13,1;2,3;10,8;0,0;0;0;zayif;28,9;34,2;36,6;asagi;zayif;zayif;asagi;0,45;-4,29;2;14,34;2,50;23889608;16,15;AL;NEGATIF;SAT;NEGATIF;AZALIYOR;AL;AL;UCUZ (AL);3;09.10.2026
INTEM;izle;;13,1;2,4;10,6;0,0;0;0;zayif;37,8;33,7;52,6;asagi;zayif;zayif;asagi;0,32;-3,48;1;198,2;0,20;2513771;220,81;AL;NEGATIF;SAT;NEGATIF;AZALIYOR;AL;AL;UCUZ (AL);3;09.10.2026
SUNTK;izle;;13,0;2,4;10,6;0,0;10;0;zayif;40,4;33,7;36,1;asagi;zayif;zayif;asagi;0,68;-3,21;4;24,92;-0,72;8734585;30,34;AL;NEGATIF;SAT;NEGATIF;AZALIYOR;AL;AL;UCUZ (AL);3;09.10.2026
ECZYT;izle;;13,0;2,4;10,0;0,6;10;0;zayif;38,6;31,6;71,9;asagi;zayif;zayif;asagi;0,74;-4,44;4;219,8;-0,09;96079416;255,28;AL;NEGATIF;SAT;NEGATIF;AZALIYOR;SAT;SAT;NOTR;1;09.10.2026
JANTS;izle;;13,0;1,5;10,0;1,5;10;0;zayif;23,1;35,7;43,3;asagi;zayif;zayif;asagi;0,79;-2,74;4;13,34;0,76;23508668;14,76;SAT;NEGATIF;SAT;NEGATIF;AZALIYOR;AL;AL;UCUZ (AL);2;09.10.2026
TARKM;izle;;13,0;2,4;6,6;4,0;0;0;zayif;32,4;33,5;47,7;asagi;zayif;zayif;asagi;0,53;-3,23;2;369;2,15;25530741;429,87;SAT;NEGATIF;SAT;NEGATIF;AZALIYOR;AL;AL;NOTR;2;09.10.2026
PGSUS;izle;;13,0;2,3;8,0;2,7;10;0;zayif;28,6;33,8;29,8;asagi;guclu;zayif;asagi;0,85;-3,56;6;134,4;-0,88;1005319795;147,71;SAT;NEGATIF;SAT;NEGATIF;AZALIYOR;SAT;SAT;UCUZ (AL);0;09.10.2026
ARENA;izle;;13,0;2,4;10,5;0,0;10;0;zayif;32,3;33,4;53,2;asagi;zayif;zayif;asagi;0,51;-3,68;4;15,26;2,62;4096990;17,84;AL;NEGATIF;SAT;NEGATIF;AZALIYOR;AL;SAT;UCUZ (AL);2;09.10.2026
BEGYO;izle;;13,0;2,4;10,5;0,0;10;0;zayif;31,1;33,4;58,3;asagi;zayif;zayif;asagi;0,46;-4,34;4;2,6;1,96;4484722;2,89;AL;NEGATIF;SAT;NEGATIF;AZALIYOR;AL;AL;UCUZ (AL);3;09.10.2026
MOGAN;izle;;12,9;2,4;10,5;0,0;0;0;zayif;34,3;33,3;68,1;asagi;zayif;zayif;asagi;0,52;-4,30;2;9,25;1,65;84564111;11,41;AL;NEGATIF;SAT;POZITIF;AZALIYOR;AL;SAT;NOTR;3;09.10.2026
ALCTL;izle;;12,8;2,4;8,0;2,4;10;0;zayif;64,4;24,2;45,5;asagi;zayif;zayif;asagi;0,84;-6,07;4;80,35;1,64;21632872;92,96;AL;NEGATIF;SAT;NEGATIF;AZALIYOR;SAT;SAT;UCUZ (AL);1;09.10.2026
IMASM;izle;;12,8;2,4;10,4;0,0;0;0;zayif;30,1;32,9;37,0;asagi;zayif;zayif;asagi;0,53;-5,08;2;1,61;3,21;13937583;1,81;AL;NEGATIF;SAT;NEGATIF;AZALIYOR;AL;AL;UCUZ (AL);3;09.10.2026
QUAGR;izle;;12,8;2,4;10,4;0,0;0;0;zayif;40,9;32,9;40,6;asagi;zayif;zayif;asagi;0,49;-4,75;1;2,03;3,05;38763634;2,36;AL;NEGATIF;SAT;NEGATIF;AZALIYOR;AL;AL;NOTR;3;09.10.2026
ODAS;izle;;12,8;5,4;7,4;0,0;6;0;zayif;31,4;35,2;55,8;asagi;zayif;zayif;asagi;0,53;-2,96;3;6,02;1,69;186678003;6,79;SAT;NEGATIF;SAT;NEGATIF;AZALIYOR;AL;AL;NOTR;2;09.10.2026
INGRM;izle;;12,8;1,7;11,1;0,0;6;0;zayif;24,5;35,3;37,5;asagi;zayif;zayif;asagi;0,44;-3,05;3;306,25;1,74;4245850;345,50;AL;NEGATIF;SAT;NEGATIF;AZALIYOR;AL;AL;UCUZ (AL);3;09.10.2026
DERIM;izle;;12,8;2,0;10,7;0,0;10;0;zayif;27,0;34,1;43,9;asagi;zayif;zayif;asagi;0,56;-3,44;4;26,8;-0,30;4216873;30,62;AL;NEGATIF;SAT;NEGATIF;AZALIYOR;AL;AL;UCUZ (AL);3;09.10.2026
LINK;izle;;12,7;2,4;10,3;0,0;0;0;zayif;43,8;32,6;44,3;asagi;zayif;zayif;asagi;0,68;-4,59;2;3,69;1,10;39029654;4,26;AL;NEGATIF;SAT;NEGATIF;AZALIYOR;AL;AL;UCUZ (AL);3;09.10.2026
TUCLK;izle;;12,7;1,7;4,2;6,7;0;0;zayif;24,7;35,5;41,0;asagi;zayif;zayif;asagi;1,10;-2,34;2;3,1;-5,49;96858765;4,25;SAT;NEGATIF;SAT;NEGATIF;AZALIYOR;SAT;SAT;UCUZ (AL);0;09.10.2026
EMKEL;izle;;12,6;2,4;8,0;2,2;10;0;zayif;70,9;23,9;25,5;asagi;zayif;zayif;asagi;0,83;-8,06;4;7,68;9,87;19457656;8,55;AL;NEGATIF;SAT;NEGATIF;ARTIYOR;AL;AL;UCUZ (AL);3;09.10.2026
SAYAS;izle;;12,6;2,4;6,4;3,7;0;0;zayif;33,5;33,0;51,9;asagi;zayif;zayif;asagi;0,92;-3,27;2;40,08;1,52;47795079;46,84;SAT;NEGATIF;SAT;NEGATIF;AZALIYOR;AL;SAT;NOTR;1;09.10.2026
BINBN;izle;;12,5;2,4;4,0;6,1;6;0;zayif;58,4;13,0;16,7;asagi;zayif;zayif;asagi;1,06;-8,81;3;46,8;9,96;85509684;69,18;SAT;NEGATIF;SAT;NEGATIF;AZALIYOR;AL;AL;UCUZ (AL);2;09.10.2026
ALKA;izle;;12,5;2,4;9,9;0,1;0;0;zayif;39,8;31,3;31,7;asagi;zayif;zayif;asagi;0,71;-4,72;1;6,12;1,83;8013289;6,78;AL;NEGATIF;SAT;NEGATIF;AZALIYOR;AL;AL;UCUZ (AL);3;09.10.2026
LKMNH;izle;;12,4;2,4;8,5;1,5;16;1;zayif;44,5;37,2;29,3;asagi;zayif;zayif;asagi;0,79;-3,14;3;11,13;3,15;18478783;12,19;SAT;NEGATIF;SAT;NEGATIF;ARTIYOR;AL;AL;UCUZ (AL);2;09.10.2026
MOPAS;izle;;12,4;2,4;8,0;2,0;0;0;zayif;56,2;23,6;25,8;asagi;zayif;zayif;asagi;0,82;-6,39;2;18,39;2,11;25735573;20,60;AL;NEGATIF;SAT;NEGATIF;AZALIYOR;AL;AL;UCUZ (AL);3;09.10.2026
TEZOL;izle;;12,4;2,4;10,0;0,0;0;0;zayif;40,6;31,5;41,5;asagi;zayif;zayif;asagi;0,59;-5,99;2;7,34;1,52;11600297;8,19;AL;NEGATIF;SAT;NEGATIF;AZALIYOR;SAT;SAT;UCUZ (AL);1;09.10.2026
KENT;izle;;12,4;2,4;9,9;0,0;6;0;zayif;42,3;31,5;29,8;asagi;zayif;zayif;asagi;0,62;-5,15;3;273,5;-0,09;713015;303,63;AL;NEGATIF;SAT;NEGATIF;AZALIYOR;SAT;SAT;UCUZ (AL);1;09.10.2026
AYCES;izle;;12,3;0,6;11,7;0,0;0;0;zayif;16,5;37,2;45,0;asagi;zayif;zayif;asagi;0,51;-3,62;1;360,5;1,84;12944113;403,41;AL;NEGATIF;NOTR;NEGATIF;AZALIYOR;AL;AL;NOTR;3;09.10.2026
SILVR;izle;;12,3;2,4;9,8;0,0;6;0;zayif;51,9;31,1;25,9;asagi;zayif;zayif;asagi;0,41;-3,61;3;1,65;2,48;1046803;1,92;AL;NEGATIF;SAT;NEGATIF;AZALIYOR;AL;SAT;UCUZ (AL);2;09.10.2026
PENTA;izle;;12,2;2,4;9,8;0,0;6;0;zayif;39,2;30,9;38,3;asagi;zayif;zayif;asagi;0,42;-4,41;3;10,02;1,62;7193438;10,95;AL;NEGATIF;SAT;NEGATIF;AZALIYOR;AL;AL;UCUZ (AL);3;09.10.2026
KAYSE;izle;;12,2;2,4;5,8;4,0;6;0;zayif;48,0;30,9;23,8;asagi;zayif;zayif;asagi;0,42;-4,22;3;3,08;0,98;9223799;3,45;SAT;NEGATIF;SAT;NEGATIF;AZALIYOR;AL;AL;UCUZ (AL);2;09.10.2026
VESTL;izle;;12,2;2,0;6,1;4,0;0;0;zayif;26,9;32,1;32,7;asagi;zayif;zayif;asagi;0,54;-3,35;2;17,71;0,68;103184871;21,04;SAT;NEGATIF;SAT;NEGATIF;AZALIYOR;AL;AL;UCUZ (AL);2;09.10.2026
VAKFN;izle;;12,2;2,4;9,7;0,0;10;0;zayif;57,9;30,7;29,8;asagi;zayif;zayif;asagi;0,46;-4,19;4;0,93;2,20;22577645;1,01;AL;NEGATIF;SAT;NEGATIF;AZALIYOR;AL;SAT;UCUZ (AL);2;09.10.2026
OYYAT;izle;;12,1;1,1;11,0;0,0;0;0;zayif;20,2;34,9;57,7;asagi;zayif;zayif;asagi;0,50;-3,03;1;27,5;1,48;13299633;32,12;AL;NEGATIF;SAT;NEGATIF;AZALIYOR;AL;SAT;UCUZ (AL);2;09.10.2026
ISFIN;izle;;12,0;2,4;5,6;4,0;6;0;zayif;36,9;22,9;30,4;asagi;zayif;zayif;asagi;0,94;-3,89;3;16,71;0,60;22893352;18,14;SAT;NEGATIF;SAT;NEGATIF;AZALIYOR;SAT;AL;UCUZ (AL);1;09.10.2026
CASA;izle;;12,0;2,4;9,5;0,0;0;0;zayif;43,9;30,1;26,8;asagi;zayif;zayif;asagi;0,58;-6,59;2;45,12;-0,22;563865;47,93;AL;NEGATIF;SAT;NEGATIF;AZALIYOR;AL;AL;UCUZ (AL);3;09.10.2026
ONRYT;izle;;11,9;2,4;9,5;0,0;0;0;zayif;43,7;30,0;30,4;asagi;zayif;zayif;asagi;0,62;-4,68;2;9,59;4,58;17691277;11,07;AL;NEGATIF;SAT;NEGATIF;AZALIYOR;AL;AL;UCUZ (AL);3;09.10.2026
YAYLA;izle;;11,9;2,4;5,5;4,0;10;0;zayif;39,7;29,9;41,1;asagi;zayif;zayif;asagi;0,54;-4,84;4;13,45;2,36;6560184;16,57;SAT;NEGATIF;SAT;NEGATIF;AZALIYOR;AL;AL;UCUZ (AL);2;09.10.2026
NIBAS;izle;;11,9;2,1;5,8;4,0;32;3;zayif;27,3;31,1;59,8;asagi;zayif;zayif;asagi;0,56;-3,80;2;2,8;0,00;14552678;3,44;SAT;NEGATIF;SAT;NEGATIF;AZALIYOR;SAT;AL;NOTR;1;09.10.2026
SARKY;izle;;11,7;1,8;7,9;2,0;6;0;zayif;25,4;37,9;50,0;asagi;zayif;zayif;asagi;0,82;-3,18;3;19,93;2,84;55081577;22,45;SAT;NEGATIF;SAT;NEGATIF;AZALIYOR;SAT;SAT;NOTR;0;09.10.2026
ESEN;izle;;11,7;2,4;5,2;4,0;6;0;zayif;46,1;29,1;18,0;asagi;zayif;zayif;asagi;0,53;-4,86;3;2,51;1,62;27743856;2,80;SAT;NEGATIF;SAT;NEGATIF;AZALIYOR;AL;AL;UCUZ (AL);2;09.10.2026
DIRIT;izle;;11,5;0,8;5,3;5,5;0;0;zayif;17,5;34,0;29,0;asagi;zayif;zayif;asagi;1,03;-3,13;2;19,1;-6,37;1141473;23,28;SAT;NEGATIF;NOTR;NEGATIF;AZALIYOR;SAT;SAT;NOTR;0;09.10.2026
ERBOS;izle;;11,5;2,4;9,0;0,0;0;0;zayif;40,4;28,4;6,0;asagi;zayif;zayif;asagi;0,09;-4,40;1;116;1,13;2681572;128,80;AL;NEGATIF;SAT;NEGATIF;AZALIYOR;AL;AL;UCUZ (AL);3;09.10.2026
IZINV;izle;;11,4;2,4;8,9;0,0;10;0;zayif;39,1;28,1;22,1;asagi;zayif;zayif;asagi;0,69;-5,71;4;31,24;4,27;5813389;36,14;AL;NEGATIF;SAT;NEGATIF;AZALIYOR;AL;AL;UCUZ (AL);3;09.10.2026
MERIT;izle;;11,4;2,4;8,9;0,0;16;1;zayif;37,3;31,4;26,4;asagi;zayif;zayif;asagi;0,66;-2,77;3;13,64;0,44;13432454;15,05;SAT;NEGATIF;SAT;NEGATIF;ARTIYOR;SAT;SAT;UCUZ (AL);0;09.10.2026
SMART;izle;;11,3;1,8;9,1;0,4;0;0;zayif;25,4;28,7;51,3;asagi;zayif;zayif;asagi;0,72;-4,95;1;15,82;1,80;7794894;18,27;AL;NEGATIF;SAT;NEGATIF;AZALIYOR;AL;SAT;NOTR;2;09.10.2026
ADESE;izle;;11,3;2,4;4,9;3,9;10;0;zayif;47,3;28,1;25,5;asagi;zayif;zayif;asagi;0,94;-4,80;4;0,6;3,45;72031348;0,69;SAT;NEGATIF;SAT;NEGATIF;AZALIYOR;AL;AL;UCUZ (AL);2;09.10.2026
ENDAE;izle;;11,3;2,4;4,8;4,0;10;0;zayif;30,0;27,6;53,8;asagi;zayif;zayif;asagi;0,94;-3,52;5;12,52;3,30;31780017;14,41;SAT;NEGATIF;SAT;NEGATIF;AZALIYOR;SAT;AL;NOTR;1;09.10.2026
KOTON;izle;;11,0;2,4;5,4;3,2;6;0;zayif;52,2;29,6;41,6;asagi;zayif;zayif;asagi;0,89;-5,08;3;10,01;1,01;14151367;10,81;SAT;NEGATIF;SAT;NEGATIF;AZALIYOR;AL;AL;UCUZ (AL);2;09.10.2026
ALGYO;izle;;11,0;2,4;8,5;0,0;10;0;zayif;41,6;36,3;55,1;asagi;zayif;zayif;asagi;0,62;-3,62;4;2,94;2,44;38009678;3,25;SAT;NEGATIF;SAT;NEGATIF;AZALIYOR;SAT;AL;UCUZ (AL);1;09.10.2026
TMPOL;izle;;10,5;2,4;8,1;0,0;0;0;zayif;52,0;25,3;27,3;asagi;zayif;zayif;asagi;0,26;-9,23;0;96,85;9,99;12636504;121,23;AL;NEGATIF;SAT;NEGATIF;AZALIYOR;AL;AL;UCUZ (AL);3;09.10.2026
REEDR;izle;;10,5;2,4;8,0;0,0;6;0;zayif;41,0;25,1;17,7;asagi;zayif;zayif;asagi;0,35;-5,63;3;3,41;3,33;39100826;4,10;AL;NEGATIF;SAT;NEGATIF;AZALIYOR;AL;AL;UCUZ (AL);3;09.10.2026
USAK;izle;;10,4;2,4;4,0;4,0;0;0;zayif;58,2;16,6;7,1;asagi;zayif;zayif;asagi;0,48;-9,82;0;0,45;9,76;15146174;0,58;SAT;NEGATIF;SAT;NEGATIF;AZALIYOR;AL;AL;UCUZ (AL);2;09.10.2026
MMCAS;izle;;10,4;2,4;8,0;0,0;0;0;zayif;51,4;24,3;14,3;asagi;zayif;zayif;asagi;0,42;-10,37;2;16,4;3,67;1005632;21,08;AL;NEGATIF;SAT;NEGATIF;AZALIYOR;AL;AL;UCUZ (AL);3;09.10.2026
GATEG;izle;;10,4;2,4;7,9;0,0;0;0;zayif;38,8;38,1;21,8;asagi;zayif;zayif;asagi;0,47;-4,99;1;151,5;9,94;3231647;156,84;SAT;NEGATIF;SAT;NEGATIF;AZALIYOR;AL;AL;UCUZ (AL);2;09.10.2026
ECOGR;izle;;10,2;5,4;4,7;0,0;20;1;zayif;34,1;27,4;16,5;asagi;zayif;zayif;asagi;0,52;-4,39;4;23,5;0,09;42613796;29,45;SAT;NEGATIF;SAT;NEGATIF;AZALIYOR;SAT;SAT;NOTR;0;09.10.2026
VAKKO;izle;;10,0;0,0;10,0;0,0;0;0;zayif;9,2;35,4;45,6;asagi;zayif;zayif;asagi;0,42;-2,08;1;58,1;0,17;3351208;68,14;SAT;NEGATIF;NOTR;NEGATIF;AZALIYOR;SAT;SAT;NOTR;0;09.10.2026
OSTIM;izle;;9,6;2,3;7,3;0,0;10;0;zayif;28,8;36,1;45,3;asagi;zayif;zayif;asagi;0,45;-3,44;5;1,24;0,81;6083476;1,40;SAT;NEGATIF;SAT;NEGATIF;AZALIYOR;AL;AL;UCUZ (AL);2;09.10.2026
HURGZ;izle;;9,5;2,4;5,5;1,5;10;1;zayif;31,7;30,1;29,7;asagi;zayif;zayif;asagi;0,79;-3,90;2;5;1,01;23259765;6,06;SAT;NEGATIF;SAT;NEGATIF;AZALIYOR;AL;AL;NOTR;2;09.10.2026
BOBET;izle;;9,5;2,4;7,0;0,0;6;0;zayif;32,6;35,1;53,7;asagi;zayif;zayif;asagi;0,30;-2,88;3;15,71;0,83;14103323;18,37;SAT;NEGATIF;SAT;NEGATIF;AZALIYOR;SAT;SAT;UCUZ (AL);0;09.10.2026
BOSSA;izle;;9,5;1,7;7,8;0,0;10;0;zayif;24,3;31,1;14,4;asagi;zayif;zayif;asagi;0,08;-2,60;4;5,64;0,53;1509704;6,38;SAT;NEGATIF;SAT;NEGATIF;AZALIYOR;SAT;AL;UCUZ (AL);1;09.10.2026
BIENY;izle;;9,2;2,4;4,8;1,9;10;0;zayif;46,5;27,8;38,8;asagi;zayif;zayif;asagi;0,81;-5,20;5;14,37;3,68;17749608;16,13;SAT;NEGATIF;SAT;NEGATIF;AZALIYOR;AL;AL;UCUZ (AL);2;09.10.2026
PATEK;izle;;9,1;1,7;7,5;0,0;22;2;zayif;24,2;36,6;35,6;asagi;zayif;zayif;asagi;0,52;-3,03;2;13,93;-0,57;224674156;18,20;SAT;NEGATIF;SAT;NEGATIF;AZALIYOR;SAT;AL;NOTR;1;09.10.2026
EUREN;izle;;9,1;2,4;5,4;1,3;6;0;zayif;46,1;29,6;34,7;asagi;zayif;zayif;asagi;0,78;-5,43;3;2,79;1,82;43347563;3,10;SAT;NEGATIF;SAT;NEGATIF;AZALIYOR;AL;AL;UCUZ (AL);2;09.10.2026
BVSAN;izle;;9,0;2,4;6,6;0,0;6;0;zayif;29,9;33,7;31,7;asagi;zayif;zayif;asagi;0,51;-4,09;3;72,4;1,33;32860260;85,75;SAT;NEGATIF;SAT;NEGATIF;AZALIYOR;AL;AL;UCUZ (AL);2;09.10.2026
RNPOL;izle;;9,0;2,4;6,5;0,0;6;0;zayif;44,4;33,5;29,3;asagi;zayif;zayif;asagi;0,51;-2,87;3;1,79;0,00;3072522;2,15;SAT;NEGATIF;SAT;NEGATIF;AZALIYOR;AL;SAT;NOTR;1;09.10.2026
AVOD;izle;;8,8;2,4;4,8;1,6;6;0;zayif;35,2;27,7;45,5;asagi;zayif;zayif;asagi;0,79;-4,04;3;2,86;-0,35;12267272;3,41;SAT;NEGATIF;SAT;NEGATIF;AZALIYOR;SAT;AL;UCUZ (AL);1;09.10.2026
NUGYO;izle;;8,7;2,4;6,2;0,0;6;0;zayif;44,5;32,5;38,7;asagi;zayif;zayif;asagi;0,59;-3,61;3;7,25;2,26;5609978;7,99;SAT;NEGATIF;SAT;NEGATIF;AZALIYOR;AL;SAT;UCUZ (AL);1;09.10.2026
AKENR;izle;;8,7;2,4;6,2;0,0;10;0;zayif;36,8;32,4;38,9;asagi;zayif;zayif;asagi;0,66;-3,90;4;7,95;2,19;25143568;8,94;SAT;NEGATIF;SAT;NEGATIF;AZALIYOR;AL;AL;UCUZ (AL);2;09.10.2026
DYOBY;izle;;8,6;2,4;6,1;0,0;10;0;zayif;42,1;32,1;35,6;asagi;zayif;zayif;asagi;0,57;-4,05;4;10,33;1,67;6856723;11,17;SAT;NEGATIF;SAT;NEGATIF;AZALIYOR;AL;AL;UCUZ (AL);2;09.10.2026
INVEO;izle;;8,2;2,4;5,8;0,0;0;0;zayif;33,6;31,0;15,9;asagi;zayif;zayif;asagi;0,46;-3,93;2;5,45;1,30;14848656;6,17;SAT;NEGATIF;SAT;NEGATIF;AZALIYOR;AL;AL;UCUZ (AL);2;09.10.2026
RODRG;izle;;8,2;2,4;5,1;0,7;10;0;zayif;49,4;28,7;19,3;asagi;zayif;zayif;asagi;0,74;-4,46;4;16;3,09;2266704;18,33;SAT;NEGATIF;SAT;NEGATIF;AZALIYOR;AL;AL;UCUZ (AL);2;09.10.2026
BIZIM;izle;;8,2;2,4;5,4;0,3;16;1;zayif;38,1;29,7;33,9;asagi;zayif;zayif;asagi;0,72;-4,28;3;19,08;0,42;2759292;21,33;SAT;NEGATIF;SAT;NEGATIF;AZALIYOR;AL;AL;UCUZ (AL);2;09.10.2026
BRYAT;izle;;8,0;2,4;5,6;0,0;0;0;zayif;31,2;33,3;42,8;asagi;zayif;zayif;asagi;0,62;-3,62;2;1410;-1,26;44627910;1583,73;SAT;NEGATIF;SAT;NEGATIF;AZALIYOR;SAT;SAT;UCUZ (AL);0;09.10.2026
AZTEK;izle;;7,9;2,4;5,5;0,0;20;1;zayif;38,8;34,1;18,6;asagi;zayif;zayif;asagi;0,31;-3,05;4;3,01;0,00;7610812;3,70;SAT;NEGATIF;SAT;NEGATIF;AZALIYOR;SAT;SAT;UCUZ (AL);0;09.10.2026
HATSN;izle;;7,7;2,4;4,9;0,4;10;0;zayif;32,8;27,8;37,1;asagi;zayif;zayif;asagi;0,72;-5,27;4;28,78;1,34;84844332;37,93;SAT;NEGATIF;SAT;NEGATIF;AZALIYOR;AL;AL;NOTR;2;09.10.2026
DOKTA;izle;;7,7;2,4;5,2;0,0;0;0;zayif;48,1;29,1;15,8;asagi;zayif;zayif;asagi;0,35;-4,59;2;15,9;3,18;2536273;17,90;SAT;NEGATIF;SAT;NEGATIF;AZALIYOR;AL;AL;UCUZ (AL);2;09.10.2026
MEGAP;izle;;7,6;2,4;5,2;0,0;10;0;zayif;55,7;29,0;21,0;asagi;zayif;zayif;asagi;0,44;-6,85;4;1,23;3,36;407795;1,37;SAT;NEGATIF;SAT;NEGATIF;ARTIYOR;AL;AL;UCUZ (AL);2;09.10.2026
MARBL;izle;;7,6;2,4;5,2;0,0;10;0;zayif;48,0;28,8;52,0;asagi;zayif;zayif;asagi;0,65;-4,49;4;8,88;2,78;6654432;9,96;SAT;NEGATIF;SAT;NEGATIF;AZALIYOR;AL;AL;UCUZ (AL);2;09.10.2026
MERCN;izle;;7,5;2,4;5,1;0,0;10;0;zayif;46,9;28,6;39,4;asagi;zayif;zayif;asagi;0,57;-5,68;4;11,03;3,18;37817436;13,29;SAT;NEGATIF;SAT;NEGATIF;AZALIYOR;AL;AL;UCUZ (AL);2;09.10.2026
EDIP;izle;;7,2;0,7;6,1;0,4;6;0;zayif;17,3;32,1;45,8;asagi;zayif;zayif;asagi;0,72;-3,55;3;28,22;0,28;15018684;32,17;SAT;NEGATIF;NOTR;NEGATIF;AZALIYOR;SAT;SAT;NOTR;0;09.10.2026
VESBE;izle;;7,2;2,4;4,7;0,0;10;0;zayif;32,2;27,5;25,9;asagi;zayif;zayif;asagi;0,30;-4,65;4;3,96;1,02;19301254;4,67;SAT;NEGATIF;SAT;NEGATIF;AZALIYOR;AL;AL;UCUZ (AL);2;09.10.2026
ZOREN;izle;;6,9;2,4;4,5;0,0;6;0;zayif;38,8;26,6;13,6;asagi;zayif;zayif;asagi;0,45;-4,06;3;1,84;0,00;70206035;2,12;SAT;NEGATIF;SAT;NEGATIF;AZALIYOR;SAT;AL;UCUZ (AL);1;09.10.2026
TMSN;izle;;6,8;2,2;4,6;0,0;10;0;zayif;28,2;27,1;57,6;asagi;zayif;zayif;asagi;0,50;-4,25;4;55,85;0,27;20249088;64,83;SAT;NEGATIF;SAT;NEGATIF;AZALIYOR;AL;AL;UCUZ (AL);2;09.10.2026
GLCVY;izle;;6,6;2,4;4,2;0,0;10;0;zayif;40,3;25,6;19,5;asagi;zayif;zayif;asagi;0,69;-4,68;4;39,16;0,36;15094927;44,19;SAT;NEGATIF;SAT;NEGATIF;AZALIYOR;AL;SAT;UCUZ (AL);1;09.10.2026
BRLSM;izle;;6,6;2,4;4,1;0,0;0;0;zayif;32,4;25,5;24,2;asagi;zayif;zayif;asagi;0,50;-4,43;2;10,4;0,00;30363570;13,39;SAT;NEGATIF;SAT;NEGATIF;AZALIYOR;AL;AL;NOTR;2;09.10.2026
BIOEN;izle;;6,4;2,4;4,0;0,0;0;0;zayif;41,0;24,2;36,9;asagi;zayif;zayif;asagi;0,52;-4,94;2;9,72;1,78;54395093;12,64;SAT;NEGATIF;SAT;NEGATIF;AZALIYOR;AL;AL;UCUZ (AL);2;09.10.2026
RALYH;izle;;6,4;2,4;4,0;0,0;32;3;zayif;57,8;9,4;-0,0;asagi;zayif;zayif;asagi;0,46;-12,23;0;40,92;-9,99;6966221;71,19;SAT;NEGATIF;SAT;NEGATIF;AZALIYOR;AL;SAT;UCUZ (AL);1;09.10.2026
ARTMS;izle;;5,1;1,5;3,6;0,0;10;0;zayif;22,9;30,9;47,2;asagi;zayif;zayif;asagi;0,64;-2,97;4;30,4;1,33;13374054;37,29;SAT;NEGATIF;SAT;NEGATIF;AZALIYOR;SAT;SAT;NOTR;0;09.10.2026