hisse;durum;yeni_sinyal;konfluans;trend_35;momentum_30;hacim_35;risk;uyumsuzluk;rejim;adx;rsi;mfi;supertrend;goreli_guc;usd_trend;haftalik_trend;hacim_orani;ema50_uzaklik_atr;dagitim_gun;kapanis;degisim%;islem_hacmi_tl;st_cizgisi;osc_macd;osc_rsi;osc_adx;osc_momentum;osc_atr;osc_wavetrend;osc_stochrsi;osc_sharpe;osc_al_sayisi;tarih
ALBRK;izle;;98,7;35,0;30,0;33,7;42;3;guclu trend;33,0;66,6;70,7;yukari;guclu;yukselis;yukari;1,22;2,38;2;9,21;0,88;163612242;8,39;AL;POZITIF;AL;POZITIF;ARTIYOR;AL;AL;NOTR;6;09.09.2026
VAKBN;GUCLU AL;;98,4;34,5;30,0;33,9;16;0;guclu trend;28,8;63,8;72,4;yukari;guclu;yukselis;yukari;1,91;2,36;3;35,52;-3,06;4257440946;31,66;AL;POZITIF;AL;POZITIF;ARTIYOR;AL;AL;NOTR;6;09.09.2026
INDES;GUCLU AL;;98,1;33,1;30,0;35,0;8;0;guclu trend;25,2;61,5;64,5;yukari;guclu;yukselis;yukari;1,45;1,92;2;11,92;1,02;145672568;10,83;AL;POZITIF;AL;NEGATIF;ARTIYOR;AL;AL;NOTR;5;09.09.2026
POLHO;GUCLU AL;;97,1;35,0;29,2;32,9;10;1;guclu trend;30,7;62,5;38,5;yukari;guclu;yukselis;yukari;1,17;2,02;1;23,3;-0,85;49401685;21,29;AL;POZITIF;AL;POZITIF;AZALIYOR;AL;AL;NOTR;6;09.09.2026
ENERY;GUCLU AL;;97,0;35,0;28,6;33,3;36;0;guclu trend;39,2;74,8;91,3;yukari;guclu;yukselis;yukari;1,29;3,88;0;11,09;2,50;646546978;9,79;AL;POZITIF;AL;POZITIF;AZALIYOR;AL;SAT;NOTR;5;09.09.2026
BOBET;izle;;96,8;35,0;28,6;33,1;60;3;guclu trend;43,7;74,8;68,8;yukari;guclu;yukselis;yukari;1,19;3,89;0;24,86;2,81;295027119;20,54;AL;POZITIF;AL;POZITIF;ARTIYOR;AL;AL;NOTR;6;09.09.2026
TUPRS;izle;;96,0;35,0;26,0;35,0;50;2;guclu trend;45,7;71,5;63,1;yukari;guclu;yukselis;yukari;1,34;4,99;1;414,25;5,01;16925061546;364,54;SAT;POZITIF;AL;POZITIF;ARTIYOR;AL;AL;NOTR;5;09.09.2026
ALARK;GUCLU AL;;95,7;34,2;30,0;31,5;10;0;guclu trend;27,9;66,8;59,3;yukari;guclu;yukselis;yukari;1,09;2,52;1;116,3;1,13;741050807;105,15;AL;POZITIF;AL;POZITIF;ARTIYOR;AL;AL;NOTR;6;09.09.2026
KCHOL;GUCLU AL;EVET;95,6;35,0;30,0;30,6;38;2;guclu trend;32,3;65,8;67,0;yukari;guclu;yukselis;yukari;1,61;2,63;3;223,7;-0,49;11339546501;208,00;AL;POZITIF;AL;POZITIF;ARTIYOR;AL;AL;NOTR;6;09.09.2026
KLSYN;GUCLU AL;;95,5;34,5;26,0;35,0;10;0;guclu trend;28,7;65,5;75,6;yukari;guclu;yukselis;yukari;3,94;2,44;0;16,43;3,07;227358406;14,12;SAT;POZITIF;AL;POZITIF;ARTIYOR;AL;AL;NOTR;5;09.09.2026
TRCAS;GUCLU AL;;95,4;32,1;30,0;33,3;16;0;guclu trend;22,7;62,6;78,2;yukari;guclu;yukselis;yukari;1,20;2,34;3;49,76;1,59;62597781;44,54;AL;POZITIF;AL;POZITIF;AZALIYOR;AL;AL;NOTR;6;09.09.2026
AYGAZ;izle;;95,3;35,0;26,0;34,3;50;4;guclu trend;43,2;60,8;69,2;yukari;guclu;yukselis;yukari;1,81;2,96;2;331,25;2,16;795299119;299,67;SAT;POZITIF;AL;POZITIF;AZALIYOR;SAT;AL;NOTR;4;09.09.2026
SOKM;AL;;94,8;30,0;30,0;34,8;32;2;ilimli;17,1;68,0;66,8;yukari;guclu;yukselis;yukari;1,29;2,86;1;60,4;2,37;403979722;53,40;AL;POZITIF;NOTR;POZITIF;AZALIYOR;AL;AL;NOTR;5;09.09.2026
SKYMD;GUCLU AL;;94,5;32,5;30,0;32,1;10;1;guclu trend;23,5;60,7;74,7;yukari;guclu;yukselis;yukari;1,27;1,78;1;16,42;-3,53;67183793;14,00;AL;POZITIF;AL;POZITIF;ARTIYOR;AL;SAT;NOTR;5;09.09.2026
MRGYO;GUCLU AL;;94,3;30,0;29,3;35,0;36;0;zayif;37,9;73,5;69,6;yukari;guclu;yukselis;yukari;2,29;3,13;1;1,78;9,88;579193541;1,38;AL;POZITIF;AL;POZITIF;ARTIYOR;AL;AL;NOTR;6;09.09.2026
BIMAS;GUCLU AL;;93,9;33,8;30,0;30,1;10;0;guclu trend;26,9;66,1;54,8;yukari;guclu;yukselis;yukari;1,01;2,85;1;427,5;1,66;4388304173;391,56;AL;POZITIF;AL;POZITIF;ARTIYOR;AL;AL;NOTR;6;09.09.2026
ISDMR;GUCLU AL;;93,8;32,1;30,0;31,8;10;0;guclu trend;22,5;69,0;77,8;yukari;guclu;yukselis;yukari;1,23;2,12;0;59,65;0,00;134314084;53,30;AL;POZITIF;AL;POZITIF;ARTIYOR;AL;AL;NOTR;6;09.09.2026
GMTAS;AL;;93,6;29,5;29,3;34,8;0;0;ilimli;15,8;61,2;63,8;yukari;guclu;yukselis;yukari;1,32;1,56;0;49,08;0,37;203617018;42,49;AL;POZITIF;NOTR;POZITIF;ARTIYOR;AL;AL;NOTR;5;09.09.2026
HALKB;GUCLU AL;;93,5;35,0;30,0;28,5;20;0;guclu trend;31,5;65,2;27,8;yukari;guclu;yukselis;yukari;1,50;3,29;2;50,2;-1,18;4116918265;44,37;AL;POZITIF;AL;POZITIF;AZALIYOR;AL;SAT;NOTR;5;09.09.2026
GUBRF;GUCLU AL;;93,5;35,0;30,0;28,5;20;1;guclu trend;30,9;65,6;77,3;yukari;guclu;yukselis;yukari;0,92;2,40;1;512;1,59;1815367680;452,83;AL;POZITIF;AL;POZITIF;AZALIYOR;AL;AL;NOTR;6;09.09.2026
ARASE;GUCLU AL;;93,5;32,5;30,0;31,0;8;0;guclu trend;23,7;63,1;70,8;yukari;guclu;yukselis;yukari;1,06;2,06;0;128,7;6,19;59884625;109,26;AL;POZITIF;AL;POZITIF;ARTIYOR;AL;AL;NOTR;6;09.09.2026
KRGYO;GUCLU AL;;93,3;30,0;30,0;33,3;24;0;zayif;41,3;68,5;72,3;yukari;guclu;yukselis;yukari;1,39;2,91;3;3,32;-0,90;108149110;2,87;AL;POZITIF;AL;POZITIF;ARTIYOR;AL;AL;NOTR;6;09.09.2026
PETKM;GUCLU AL;EVET;93,1;31,4;26,7;35,0;35;0;guclu trend;20,6;78,5;74,4;yukari;guclu;yukselis;yukari;3,36;5,01;2;25,9;6,76;7781733995;21,76;AL;POZITIF;AL;POZITIF;ARTIYOR;AL;AL;NOTR;6;09.09.2026
ENJSA;izle;;92,8;29,8;30,0;32,9;32;3;ilimli;16,8;62,2;76,5;yukari;guclu;yukselis;yukari;1,18;2,09;2;118,6;2,86;605669682;105,87;AL;POZITIF;NOTR;POZITIF;ARTIYOR;AL;AL;NOTR;5;09.09.2026
ALKLC;izle;;92,8;35,0;22,8;35,0;45;1;guclu trend;64,3;86,4;50,8;yukari;guclu;yukselis;yukari;1,36;5,86;2;475;1,50;1494986500;435,94;AL;POZITIF;AL;POZITIF;ARTIYOR;AL;AL;NOTR;6;09.09.2026
TARKM;GUCLU AL;;92,7;34,6;29,9;28,2;8;0;guclu trend;28,8;58,2;79,8;yukari;guclu;yukselis;yukari;1,05;1,47;1;537;-0,65;118806417;478,25;AL;POZITIF;AL;NEGATIF;AZALIYOR;AL;SAT;NOTR;4;09.09.2026
BORSK;GUCLU AL;;92,5;30,0;29,5;33,0;0;0;zayif;36,9;59,5;72,2;yukari;guclu;yukselis;yukari;1,31;1,28;1;6,65;-3,76;94774949;5,97;AL;POZITIF;AL;POZITIF;ARTIYOR;AL;SAT;NOTR;5;09.09.2026
KRDMD;GUCLU AL;;92,4;31,9;30,0;30,5;10;0;guclu trend;22,0;62,3;61,0;yukari;guclu;yukselis;yukari;1,03;2,40;0;47,48;3,26;3097240097;41,86;AL;POZITIF;AL;POZITIF;ARTIYOR;AL;AL;NOTR;6;09.09.2026
KARSN;GUCLU AL;EVET;92,0;35,0;22,0;35,0;35;0;guclu trend;36,9;88,4;94,9;yukari;guclu;yukselis;yukari;1,88;6,27;0;15,56;9,96;1160058046;12,23;AL;POZITIF;AL;POZITIF;ARTIYOR;AL;AL;NOTR;6;09.09.2026
EKGYO;GUCLU AL;EVET;91,6;26,6;30,0;35,0;28;0;zayif;21,2;70,9;57,9;yukari;guclu;yukselis;yukari;3,75;3,42;2;22,48;9,98;13385891569;18,90;AL;POZITIF;AL;POZITIF;ARTIYOR;AL;AL;NOTR;6;09.09.2026
ANELE;izle;;91,3;35,0;22,0;34,3;43;0;guclu trend;38,3;89,8;65,5;yukari;guclu;yukselis;yukari;2,72;5,78;0;219,3;0,32;4270767499;182,84;AL;POZITIF;AL;POZITIF;ARTIYOR;SAT;SAT;PAHALI (SAT);4;09.09.2026
ASELS;AL;;90,8;30,3;25,4;35,0;0;0;ilimli;18,0;59,4;54,4;yukari;guclu;yukselis;yukari;1,48;1,47;2;402,25;3,14;19845243893;363,22;SAT;POZITIF;NOTR;POZITIF;ARTIYOR;AL;AL;NOTR;4;09.09.2026
MARTI;GUCLU AL;;90,7;30,0;25,7;35,0;35;0;zayif;44,6;80,7;87,1;yukari;guclu;yukselis;yukari;1,75;4,42;0;2,32;6,42;576249901;1,76;AL;POZITIF;AL;POZITIF;ARTIYOR;AL;AL;NOTR;6;09.09.2026
CELHA;GUCLU AL;;90,1;33,5;26,0;30,6;16;1;guclu trend;26,1;60,5;51,1;yukari;guclu;yukselis;yukari;1,10;2,00;3;26,44;1,93;79115989;22,04;SAT;POZITIF;AL;POZITIF;AZALIYOR;AL;AL;NOTR;5;09.09.2026
DEVA;GUCLU AL;;90,0;35,0;30,0;25,0;28;0;guclu trend;45,1;68,9;69,3;yukari;guclu;yukselis;yukari;0,54;4,10;2;95,55;-0,26;52794910;85,05;AL;POZITIF;AL;POZITIF;AZALIYOR;AL;AL;NOTR;6;09.09.2026
AGESA;izle;;89,4;34,4;27,0;28,0;40;4;guclu trend;28,4;55,1;86,7;yukari;guclu;yukselis;yukari;0,92;1,15;2;255,25;-1,83;55899495;239,61;AL;POZITIF;AL;POZITIF;ARTIYOR;SAT;SAT;NOTR;4;09.09.2026
BAGFS;GUCLU AL;EVET;89,2;24,3;30,0;34,9;18;0;zayif;38,1;70,0;58,0;yukari;guclu;yukselis;yukari;1,30;2,58;0;28,78;1,12;51219680;25,42;AL;POZITIF;AL;POZITIF;ARTIYOR;AL;AL;NOTR;6;09.09.2026
KRPLS;GUCLU AL;;89,1;35,0;30,0;24,1;28;0;guclu trend;46,7;72,0;72,3;yukari;guclu;yukselis;yukari;2,23;3,44;1;12,5;2,97;147239200;10,79;AL;POZITIF;AL;POZITIF;ARTIYOR;AL;AL;NOTR;6;09.09.2026
AHGAZ;GUCLU AL;;89,0;35,0;30,0;24,0;10;0;guclu trend;30,3;64,2;81,3;yukari;guclu;yukselis;yukari;0,65;2,77;0;38,42;0,16;139562379;35,70;AL;POZITIF;AL;POZITIF;AZALIYOR;SAT;SAT;NOTR;4;09.09.2026
AGHOL;GUCLU AL;;88,9;26,4;29,0;33,5;10;0;ilimli;25,9;68,0;76,4;yukari;guclu;yukselis;yukari;1,21;2,19;2;35,58;1,19;244203437;31,63;AL;POZITIF;AL;POZITIF;AZALIYOR;AL;AL;NOTR;6;09.09.2026
DMLKT;GUCLU AL;;88,9;35,0;26,0;27,9;20;0;guclu trend;48,3;63,9;63,3;yukari;guclu;yukselis;yukari;0,87;3,15;2;7,06;2,02;67106931;6,62;SAT;POZITIF;AL;POZITIF;ARTIYOR;SAT;AL;NOTR;4;09.09.2026
GENIL;GUCLU AL;;88,6;35,0;26,0;27,6;38;2;guclu trend;39,0;64,9;56,7;yukari;guclu;yukselis;yukari;0,86;2,92;3;12,34;6,01;442486474;10,34;SAT;POZITIF;AL;POZITIF;ARTIYOR;AL;AL;NOTR;5;09.09.2026
HURGZ;GUCLU AL;EVET;88,5;31,4;25,4;31,7;6;0;guclu trend;20,7;57,4;55,0;yukari;guclu;yukselis;yukari;1,44;1,23;3;7,8;5,41;100229719;6,80;SAT;POZITIF;AL;POZITIF;ARTIYOR;AL;AL;NOTR;5;09.09.2026
PNSUT;GUCLU AL;;87,7;23,8;30,0;33,9;0;0;zayif;37,3;66,6;78,3;yukari;guclu;yukselis;yukari;1,64;1,82;0;12,34;2,15;96075970;10,56;AL;POZITIF;AL;POZITIF;ARTIYOR;AL;AL;NOTR;6;09.09.2026
BAHKM;GUCLU AL;;87,5;35,0;30,0;22,5;10;1;guclu trend;45,8;58,7;76,1;yukari;guclu;yukselis;yukari;0,85;1,75;2;154,2;-6,09;199032108;138,64;AL;POZITIF;AL;POZITIF;ARTIYOR;SAT;SAT;NOTR;4;09.09.2026
ALTNY;AL;;87,4;29,7;25,4;32,3;0;0;ilimli;16,4;56,7;69,3;yukari;guclu;yukselis;yukari;1,38;1,24;1;18,14;-0,22;775085448;16,42;SAT;POZITIF;NOTR;POZITIF;ARTIYOR;AL;AL;NOTR;4;09.09.2026
KZGYO;GUCLU AL;;87,4;30,0;22,4;35,0;35;0;zayif;31,7;87,2;91,5;yukari;guclu;yukselis;yukari;2,45;6,48;0;28,9;9,97;164067294;24,06;AL;POZITIF;AL;POZITIF;ARTIYOR;AL;SAT;NOTR;5;09.09.2026
RALYH;izle;;86,7;31,5;26,0;29,2;42;3;guclu trend;20,9;61,9;45,1;yukari;guclu;yukselis;yukari;0,96;2,12;2;278,25;1,64;554878359;243,30;SAT;POZITIF;AL;POZITIF;ARTIYOR;AL;AL;NOTR;5;09.09.2026
AKCNS;AL;;86,6;29,8;26,4;30,3;16;1;ilimli;16,7;55,8;48,7;yukari;zayif;yukselis;yukari;1,02;1,56;3;245,8;-1,48;77277308;233,16;AL;POZITIF;NOTR;NEGATIF;AZALIYOR;AL;AL;NOTR;4;09.09.2026
RYSAS;GUCLU AL;;86,1;35,0;30,0;21,1;0;0;guclu trend;35,7;58,3;77,8;yukari;guclu;yukselis;yukari;0,33;1,82;1;27,4;-2,49;159858450;24,77;AL;POZITIF;AL;POZITIF;AZALIYOR;SAT;SAT;NOTR;4;09.09.2026
MANAS;GUCLU AL;;85,2;35,0;30,0;20,2;0;0;guclu trend;30,7;56,3;78,5;yukari;guclu;yukselis;yukari;0,27;1,58;1;35,52;-9,98;249165092;33,87;AL;POZITIF;AL;POZITIF;ARTIYOR;AL;SAT;NOTR;5;09.09.2026
BVSAN;GUCLU AL;EVET;84,4;21,2;28,3;35,0;28;0;zayif;20,1;75,4;77,6;yukari;guclu;yukselis;yukari;6,00;4,37;2;133,8;9,94;674972431;113,48;AL;POZITIF;AL;POZITIF;ARTIYOR;AL;AL;NOTR;6;09.09.2026
TURGG;GUCLU AL;;84,4;26,2;28,9;29,3;22;2;zayif;36,7;60,2;73,3;yukari;guclu;yukselis;yukari;1,14;1,02;1;30;-4,76;40592910;25,81;AL;POZITIF;AL;POZITIF;ARTIYOR;AL;AL;NOTR;6;09.09.2026
AKFYE;AL;EVET;84,1;22,1;30,0;32,0;10;0;ilimli;14,7;68,8;71,3;yukari;guclu;yukselis;yukari;2,86;2,63;0;26,5;9,96;595343753;21,80;AL;POZITIF;NOTR;POZITIF;ARTIYOR;AL;AL;NOTR;5;09.09.2026
ATSYH;izle;;83,8;29,6;30,0;24,2;42;3;ilimli;16,2;56,6;65,5;yukari;guclu;yukselis;yukari;0,61;2,57;1;128,9;-0,85;3621317;114,03;AL;POZITIF;NOTR;POZITIF;AZALIYOR;AL;AL;NOTR;5;09.09.2026
YKSLN;AL;;83,8;21,0;27,8;35,0;28;0;zayif;19,7;76,3;70,7;yukari;guclu;yukselis;yukari;3,59;3,83;1;3,48;9,78;153206481;2,87;AL;POZITIF;NOTR;POZITIF;ARTIYOR;AL;AL;NOTR;5;09.09.2026
KUVVA;izle;;83,7;30,4;23,2;30,0;42;3;guclu trend;31,2;53,9;38,1;yukari;guclu;yukselis;yukari;1,20;1,16;4;181,5;3,71;48182805;163,41;SAT;POZITIF;SAT;NEGATIF;ARTIYOR;SAT;SAT;NOTR;1;09.09.2026
EUKYO;GUCLU AL;;83,3;35,0;24,1;24,2;0;0;guclu trend;44,5;58,4;45,7;yukari;guclu;yukselis;yukari;0,65;1,80;1;13,74;0,66;8823691;12,26;SAT;POZITIF;AL;POZITIF;AZALIYOR;AL;SAT;NOTR;4;09.09.2026
AKSGY;GUCLU AL;EVET;83,0;31,8;21,8;29,4;16;1;guclu trend;21,7;55,9;57,4;yukari;guclu;yukselis;yukari;0,97;1,13;3;10,01;1,42;57852385;9,55;SAT;POZITIF;AL;NEGATIF;AZALIYOR;SAT;AL;NOTR;3;09.09.2026
BRSAN;GUCLU AL;;82,8;35,0;24,3;23,5;16;0;guclu trend;34,1;59,5;49,0;yukari;guclu;yukselis;yukari;0,63;2,66;3;715,5;-1,78;1229133839;641,87;SAT;POZITIF;AL;POZITIF;AZALIYOR;AL;AL;NOTR;5;09.09.2026
PETUN;GUCLU AL;;82,4;25,9;27,9;28,6;0;0;zayif;44,7;61,4;76,1;yukari;guclu;yukselis;yukari;0,99;1,08;0;12,09;0,42;40732080;10,87;AL;POZITIF;AL;POZITIF;AZALIYOR;AL;AL;NOTR;6;09.09.2026
IEYHO;izle;;82,3;35,0;22,0;25,3;43;0;guclu trend;88,1;94,6;100,0;yukari;guclu;yukselis;yukari;0,72;11,86;0;221,8;0,86;180050142;211,03;AL;POZITIF;AL;POZITIF;AZALIYOR;SAT;AL;PAHALI (SAT);5;09.09.2026
NETAS;GUCLU AL;;82,1;35,0;25,0;22,1;10;0;guclu trend;46,3;63,0;64,7;yukari;guclu;yukselis;yukari;0,61;2,99;2;100,4;5,63;171449666;83,84;SAT;POZITIF;AL;POZITIF;AZALIYOR;SAT;SAT;NOTR;3;09.09.2026
SELEC;izle;;82,0;35,0;22,0;25,0;43;0;guclu trend;49,8;92,0;88,7;yukari;guclu;yukselis;yukari;0,37;7,51;0;390;4,00;819940680;331,83;AL;POZITIF;AL;POZITIF;AZALIYOR;AL;AL;PAHALI (SAT);6;09.09.2026
TRHOL;izle;;82,0;35,0;22,0;25,0;43;0;guclu trend;59,7;96,5;100,0;yukari;guclu;yukselis;yukari;0,40;8,23;0;3850;2,74;579240200;3175,62;AL;POZITIF;AL;POZITIF;ARTIYOR;SAT;SAT;PAHALI (SAT);4;09.09.2026
VBTYZ;GUCLU AL;;81,8;35,0;24,4;22,4;10;1;guclu trend;33,7;54,5;65,2;yukari;guclu;yukselis;yukari;0,53;1,63;1;36,86;-2,74;60361641;32,80;SAT;POZITIF;AL;NEGATIF;ARTIYOR;SAT;SAT;NOTR;2;09.09.2026
OZSUB;GUCLU AL;;81,5;33,0;26,0;22,5;16;1;guclu trend;24,9;54,8;43,9;yukari;guclu;yukselis;yukari;0,72;1,49;3;42;2,84;112814436;37,97;SAT;POZITIF;AL;NEGATIF;ARTIYOR;SAT;AL;NOTR;3;09.09.2026
SAHOL;izle;;81,1;23,6;28,8;28,8;32;3;zayif;19,5;66,6;61,5;yukari;guclu;yukselis;yukari;1,30;1,75;2;96,05;-0,47;4816240817;89,95;AL;POZITIF;NOTR;POZITIF;ARTIYOR;AL;AL;NOTR;5;09.09.2026
AVOD;GUCLU AL;;81,1;27,4;27,6;26,0;0;0;zayif;40,0;57,2;74,5;yukari;guclu;yukselis;yukari;1,14;0,80;2;4,31;-4,22;55646087;3,92;AL;POZITIF;AL;POZITIF;ARTIYOR;AL;SAT;NOTR;5;09.09.2026
ETILR;AL;;81,0;29,0;22,3;29,7;6;0;ilimli;14,6;51,3;49,7;yukari;zayif;zayif;yukari;1,60;0,35;3;6,01;-7,82;74937867;5,10;AL;POZITIF;NOTR;NEGATIF;ARTIYOR;AL;AL;NOTR;4;09.09.2026
TRMET;GUCLU AL;;80,9;31,1;26,0;23,7;0;0;guclu trend;20,0;56,7;62,8;yukari;guclu;yukselis;yukari;0,69;1,71;1;142;0,50;608730144;128,36;SAT;POZITIF;AL;NEGATIF;AZALIYOR;AL;AL;NOTR;4;09.09.2026
OZYSR;GUCLU AL;EVET;80,9;24,8;24,2;31,8;0;0;ilimli;21,9;56,4;42,2;yukari;zayif;yukselis;yukari;1,38;0,79;1;12,99;1,33;49067348;11,14;AL;POZITIF;AL;POZITIF;AZALIYOR;AL;AL;NOTR;6;09.09.2026
KONYA;AL;;80,5;20,0;28,3;32,2;10;1;zayif;32,2;61,5;75,0;yukari;guclu;yukselis;yukari;2,02;1,44;1;4032,5;-0,74;131007860;3704,36;AL;POZITIF;AL;POZITIF;ARTIYOR;AL;AL;NOTR;6;09.09.2026
TEHOL;GUCLU AL;;80,3;30,4;28,9;21,0;10;1;guclu trend;45,3;58,1;77,8;yukari;guclu;yukselis;yukari;0,66;1,92;0;47;0,86;2014025294;39,01;AL;POZITIF;SAT;POZITIF;ARTIYOR;AL;AL;NOTR;5;09.09.2026
OFSYM;GUCLU AL;;80,3;35,0;23,4;21,9;0;0;guclu trend;47,7;53,0;60,0;yukari;guclu;yukselis;yukari;0,62;1,04;2;65;-3,42;101362625;58,06;SAT;POZITIF;AL;POZITIF;AZALIYOR;SAT;SAT;NOTR;3;09.09.2026
TDGYO;AL;EVET;80,3;17,3;30,0;33,0;10;1;zayif;23,0;67,0;83,5;yukari;guclu;yukselis;yukari;9,43;1,81;1;18,08;7,17;197161351;16,24;AL;POZITIF;AL;POZITIF;ARTIYOR;AL;AL;UCUZ (AL);6;09.09.2026
SISE;GUCLU AL;;80,2;21,9;29,4;28,8;12;0;zayif;24,1;66,0;73,9;yukari;guclu;yukselis;yukari;3,64;1,83;2;44,86;-2,10;13755178659;40,91;AL;POZITIF;AL;POZITIF;ARTIYOR;AL;AL;NOTR;6;09.09.2026
CATES;GUCLU AL;;80,1;35,0;24,0;21,0;10;0;guclu trend;43,7;58,5;64,8;yukari;guclu;yukselis;yukari;0,60;2,37;2;65,3;3,65;145350682;60,79;SAT;POZITIF;AL;POZITIF;ARTIYOR;SAT;SAT;NOTR;3;09.09.2026
TRALT;AL;;79,9;29,7;25,3;24,9;10;1;ilimli;16,3;57,0;61,6;yukari;guclu;yukselis;yukari;0,79;1,47;2;53,9;1,70;4521353852;48,12;SAT;POZITIF;NOTR;NEGATIF;AZALIYOR;AL;AL;NOTR;3;09.09.2026
FLAP;GUCLU AL;;79,7;25,0;29,9;24,8;0;0;zayif;33,2;65,5;71,0;yukari;guclu;yukselis;yukari;1,01;1,45;0;12;1,35;13667244;9,83;AL;POZITIF;AL;POZITIF;ARTIYOR;AL;AL;NOTR;6;09.09.2026
TKFEN;GUCLU AL;;79,7;34,3;26,0;19,3;0;0;guclu trend;28,3;53,0;42,1;yukari;guclu;yukselis;yukari;1,20;1,71;2;210;-2,82;1595208720;197,64;SAT;POZITIF;AL;NEGATIF;ARTIYOR;SAT;AL;NOTR;3;09.09.2026
AKBNK;AL;;79,3;22,4;26,7;30,2;8;0;zayif;19,6;57,5;51,5;yukari;guclu;yukselis;yukari;2,22;0,98;2;72,95;-2,67;26995410850;67,48;AL;POZITIF;NOTR;NEGATIF;ARTIYOR;AL;SAT;NOTR;3;09.09.2026
RYGYO;GUCLU AL;;79,1;35,0;24,1;20,0;0;0;guclu trend;44,1;55,6;71,6;yukari;guclu;yukselis;yukari;0,43;1,92;1;45,62;-1,89;65339792;43,73;SAT;POZITIF;AL;POZITIF;AZALIYOR;SAT;SAT;NOTR;3;09.09.2026
EGGUB;AL;;78,9;29,7;25,4;23,8;0;0;ilimli;18,7;57,4;68,1;yukari;guclu;yukselis;yukari;0,58;1,29;2;108,8;0,09;52672365;100,13;SAT;POZITIF;NOTR;NEGATIF;AZALIYOR;SAT;AL;NOTR;2;09.09.2026
ISCTR;GUCLU AL;;78,7;18,5;29,1;31,1;12;0;zayif;26,9;65,4;66,5;yukari;guclu;yukselis;yukari;2,86;1,81;2;13,92;-3,00;29442538469;12,87;AL;POZITIF;AL;POZITIF;ARTIYOR;AL;SAT;NOTR;5;09.09.2026
OZATD;izle;;78,4;35,0;22,4;21,0;48;2;guclu trend;43,1;61,3;92,1;yukari;guclu;yukselis;yukari;0,56;3,93;3;4522,5;-0,82;1478328368;4260,49;SAT;POZITIF;AL;POZITIF;ARTIYOR;SAT;SAT;PAHALI (SAT);3;09.09.2026
ISMEN;AL;;78,2;13,2;30,0;35,0;0;0;zayif;25,5;66,2;80,3;yukari;guclu;yukselis;yukari;1,90;2,00;2;37,38;1,85;570298287;32,52;AL;POZITIF;AL;POZITIF;ARTIYOR;AL;AL;NOTR;6;09.09.2026
DZGYO;GUCLU AL;EVET;78,0;18,5;28,5;31,0;0;0;zayif;21,8;65,5;77,5;yukari;guclu;yukselis;yukari;2,40;1,70;1;8;7,10;40958336;6,88;AL;POZITIF;AL;POZITIF;ARTIYOR;AL;AL;NOTR;6;09.09.2026
ORGE;GUCLU AL;;77,7;32,7;25,1;19,8;22;2;guclu trend;24,1;56,7;55,6;yukari;guclu;yukselis;yukari;0,53;1,24;2;23,4;0,26;85411755;20,44;SAT;POZITIF;AL;NEGATIF;AZALIYOR;AL;AL;NOTR;4;09.09.2026
SASA;AL;;77,7;14,7;30,0;33,0;22;0;zayif;18,9;66,4;85,5;yukari;guclu;yukselis;yukari;3,65;2,28;1;2,73;-1,09;30330128556;2,45;AL;POZITIF;NOTR;POZITIF;ARTIYOR;AL;AL;NOTR;5;09.09.2026
ADGYO;AL;;77,1;30,5;24,4;22,2;10;0;ilimli;18,3;53,6;52,6;yukari;guclu;yukselis;yukari;0,77;0,86;4;59;-0,42;49170423;54,81;SAT;POZITIF;NOTR;NEGATIF;AZALIYOR;AL;AL;NOTR;3;09.09.2026
GARAN;AL;;76,5;18,5;25,3;32,6;22;2;zayif;17,1;57,0;71,3;yukari;guclu;yukselis;yukari;1,64;0,85;2;134,3;-1,25;7802115927;125,31;AL;POZITIF;NOTR;POZITIF;ARTIYOR;AL;AL;NOTR;5;09.09.2026
MEPET;AL;EVET;76,0;21,2;28,1;26,7;0;0;ilimli;12,9;59,5;57,8;yukari;guclu;yukselis;yukari;1,97;0,84;2;21,82;8,67;16696839;17,93;AL;POZITIF;NOTR;POZITIF;ARTIYOR;AL;AL;NOTR;5;09.09.2026
MPARK;AL;EVET;75,7;21,7;20,7;33,3;0;0;ilimli;19,8;55,9;45,2;yukari;guclu;yukselis;yukari;1,27;0,63;2;434,75;1,81;317464884;410,98;SAT;POZITIF;NOTR;NEGATIF;ARTIYOR;AL;AL;NOTR;3;09.09.2026
HATSN;izle;;75,5;27,0;22,5;26,0;6;0;guclu trend;30,0;51,1;67,7;asagi;guclu;yukselis;yukari;2,25;0,73;3;65,95;-9,16;1322255226;78,27;SAT;POZITIF;AL;NEGATIF;ARTIYOR;AL;AL;NOTR;4;09.09.2026
KUYAS;izle;;75,4;16,2;28,3;30,9;0;0;ilimli;20,2;63,3;76,7;asagi;guclu;yukselis;yukari;2,55;1,24;1;72,6;2,18;1561028066;72,64;AL;POZITIF;AL;POZITIF;AZALIYOR;AL;AL;NOTR;6;09.09.2026
EGEEN;AL;;75,1;11,1;30,0;34,0;22;0;zayif;19,9;67,4;71,6;yukari;guclu;yukselis;yukari;4,03;2,29;2;5777,5;4,33;334557693;5184,40;AL;POZITIF;NOTR;POZITIF;ARTIYOR;AL;AL;UCUZ (AL);5;09.09.2026
VESTL;AL;;75,0;14,4;30,0;30,5;0;0;zayif;28,5;69,0;83,9;yukari;guclu;yukselis;yukari;1,99;1,99;1;26,96;3,69;743903910;22,39;AL;POZITIF;AL;POZITIF;ARTIYOR;AL;SAT;NOTR;5;09.09.2026
CEMZY;AL;;74,8;35,0;23,6;16,3;0;0;guclu trend;30,4;51,9;60,4;yukari;guclu;yukselis;yukari;0,20;0,60;1;15;0,07;201260175;13,41;SAT;POZITIF;AL;NEGATIF;AZALIYOR;SAT;AL;NOTR;3;09.09.2026
DENGE;AL;;74,6;19,9;26,5;28,1;22;2;zayif;27,9;57,0;73,9;yukari;guclu;yukselis;yukari;1,35;0,98;2;2,49;-1,97;78550454;2,22;AL;POZITIF;AL;POZITIF;AZALIYOR;AL;AL;UCUZ (AL);6;09.09.2026
BUCIM;AL;;74,6;20,0;30,0;24,6;0;0;zayif;36,9;62,9;78,4;yukari;guclu;yukselis;yukari;0,59;2,00;1;5,84;1,39;20285637;5,33;AL;POZITIF;AL;POZITIF;AZALIYOR;AL;SAT;UCUZ (AL);5;09.09.2026
ETYAT;AL;;74,1;29,8;20,8;23,5;6;0;guclu trend;24,9;49,4;46,8;yukari;guclu;yukselis;yukari;2,08;0,83;3;15;-4,40;28308900;13,55;SAT;NEGATIF;SAT;NEGATIF;ARTIYOR;SAT;SAT;NOTR;0;09.09.2026
TRENJ;AL;;73,9;30,8;26,0;17,1;30;1;ilimli;19,2;59,4;72,5;yukari;guclu;yukselis;yukari;0,72;2,12;4;109,1;-0,55;170081336;98,12;SAT;POZITIF;NOTR;NEGATIF;ARTIYOR;AL;AL;NOTR;3;09.09.2026
EBEBK;izle;;73,8;22,3;19,8;31,6;0;0;ilimli;18,0;53,1;71,5;asagi;zayif;yukselis;yukari;2,92;0,65;1;83,5;2,77;160375862;87,54;SAT;POZITIF;NOTR;NEGATIF;ARTIYOR;SAT;AL;NOTR;2;09.09.2026
AKFIS;AL;;73,4;29,0;23,8;20,5;16;1;ilimli;19,7;52,7;58,4;yukari;guclu;yukselis;yukari;0,36;1,33;3;17,27;-1,48;133434669;16,36;SAT;POZITIF;NOTR;NEGATIF;AZALIYOR;SAT;SAT;PAHALI (SAT);1;09.09.2026
BIZIM;AL;EVET;72,7;14,0;28,4;30,3;10;1;zayif;24,1;64,8;70,1;yukari;guclu;yukselis;yukari;3,16;1,47;2;26,1;4,07;26539811;23,23;AL;POZITIF;AL;POZITIF;ARTIYOR;AL;AL;NOTR;6;09.09.2026
TOASO;AL;;72,7;18,8;27,0;26,9;0;0;zayif;19,2;63,7;62,0;yukari;guclu;yukselis;yukari;1,32;1,26;1;292,75;0,34;1431457040;262,30;AL;POZITIF;NOTR;POZITIF;AZALIYOR;AL;AL;NOTR;5;09.09.2026
BJKAS;izle;;71,8;27,0;25,7;19,1;0;0;guclu trend;31,5;54,9;53,9;asagi;guclu;yukselis;yukari;0,89;1,37;0;2,35;3,07;1030287212;2,68;SAT;POZITIF;AL;NEGATIF;AZALIYOR;SAT;AL;NOTR;3;09.09.2026
AVGYO;izle;;71,3;23,5;26,6;21,2;18;0;guclu trend;21,1;52,3;37,8;asagi;guclu;yukselis;yukari;2,86;0,70;3;16,52;-8,88;88973466;18,21;AL;POZITIF;AL;POZITIF;ARTIYOR;AL;AL;NOTR;6;09.09.2026
METRO;AL;;70,6;28,1;17,8;24,7;0;0;ilimli;12,9;51,8;41,5;yukari;zayif;zayif;yukari;0,90;0,52;1;8,53;-0,12;54883197;7,70;SAT;POZITIF;NOTR;NEGATIF;AZALIYOR;AL;AL;NOTR;3;09.09.2026
HUNER;AL;;70,4;30,7;16,3;23,4;28;2;guclu trend;24,2;47,0;57,3;yukari;zayif;zayif;yukari;1,68;0,00;3;3,74;-1,32;277466082;3,50;SAT;NEGATIF;AL;NEGATIF;ARTIYOR;SAT;SAT;NOTR;1;09.09.2026
YKBNK;AL;;70,3;25,5;25,3;19,5;30;2;ilimli;15,8;54,6;61,9;yukari;guclu;yukselis;yukari;1,50;0,64;2;36,6;-2,71;12664781082;34,06;AL;POZITIF;NOTR;NEGATIF;ARTIYOR;AL;AL;NOTR;4;09.09.2026
MIATK;AL;EVET;70,2;14,2;30,0;26,0;14;0;zayif;20,9;71,2;73,5;yukari;guclu;yukselis;yukari;4,72;2,01;3;37,26;0,38;3632737512;31,50;AL;POZITIF;AL;POZITIF;ARTIYOR;AL;AL;NOTR;6;09.09.2026
DNISI;AL;EVET;70,2;14,9;26,3;29,0;10;1;zayif;15,6;59,0;60,3;yukari;guclu;yukselis;yukari;1,38;1,01;2;4,86;4,74;29066474;4,34;AL;POZITIF;NOTR;NEGATIF;ARTIYOR;AL;AL;NOTR;4;09.09.2026
EGPRO;izle;;69,1;25,1;27,2;16,7;8;0;guclu trend;25,2;54,7;56,6;asagi;guclu;yukselis;yukari;0,63;0,91;2;38,42;-2,19;37794522;41,75;AL;POZITIF;AL;NEGATIF;AZALIYOR;AL;AL;NOTR;5;09.09.2026
DURDO;izle;;69,0;22,7;24,4;21,9;40;4;ilimli;18,9;55,2;67,5;asagi;zayif;yukselis;yukari;0,49;0,82;0;5,15;-0,77;5340787;5,27;AL;POZITIF;NOTR;POZITIF;AZALIYOR;AL;AL;NOTR;5;09.09.2026
DOHOL;AL;;68,9;26,5;17,0;25,4;6;0;ilimli;12,9;49,8;44,7;yukari;zayif;zayif;yukari;4,22;0,08;3;21,5;-1,19;1091240864;20,39;SAT;NEGATIF;NOTR;NEGATIF;ARTIYOR;SAT;SAT;NOTR;0;09.09.2026
DOCO;AL;;68,1;29,9;16,3;21,9;22;2;ilimli;16,9;48,3;37,4;yukari;zayif;zayif;yukari;0,53;0,31;2;11320;-1,44;25153040;10942,74;SAT;NEGATIF;NOTR;NEGATIF;AZALIYOR;SAT;SAT;NOTR;0;09.09.2026
ISBTR;izle;;68,1;28,0;17,2;22,9;32;3;ilimli;10,5;49,0;61,5;yukari;zayif;zayif;yukari;1,11;0,47;1;502017,5;0,20;2510088;482449,90;SAT;NEGATIF;NOTR;NEGATIF;AZALIYOR;SAT;SAT;NOTR;0;09.09.2026
KRDMA;AL;;68,0;35,0;24,0;9,0;16;1;guclu trend;44,0;55,9;71,9;yukari;guclu;yukselis;yukari;0,76;1,84;3;55,65;-1,85;566357451;53,49;SAT;POZITIF;AL;NEGATIF;AZALIYOR;SAT;AL;NOTR;3;09.09.2026
ENKAI;AL;;67,7;20,8;24,9;22,0;8;0;ilimli;21,0;59,5;75,3;yukari;zayif;yukselis;asagi;1,07;0,80;1;90,35;0,78;1786675677;82,95;AL;POZITIF;AL;POZITIF;ARTIYOR;AL;AL;NOTR;6;09.09.2026
RGYAS;izle;;67,5;21,1;13,7;32,6;40;4;guclu trend;20,2;44,9;58,7;asagi;zayif;zayif;yukari;1,72;-0,28;2;200;1,16;937465200;214,80;SAT;NEGATIF;SAT;NEGATIF;ARTIYOR;SAT;AL;NOTR;1;09.09.2026
ARSAN;izle;;67,0;27,0;21,7;18,4;0;0;guclu trend;33,4;51,4;71,6;asagi;guclu;yukselis;yukari;0,46;0,84;2;3,86;-1,53;57702816;4,47;SAT;POZITIF;AL;NEGATIF;AZALIYOR;SAT;AL;NOTR;3;09.09.2026
ARMGD;izle;;66,8;20,9;16,7;29,2;28;2;ilimli;18,5;48,4;62,8;asagi;zayif;zayif;yukari;3,61;0,30;3;190;0,11;877809310;213,15;SAT;NEGATIF;NOTR;NEGATIF;ARTIYOR;SAT;AL;PAHALI (SAT);1;09.09.2026
DSTKF;AL;;66,8;24,3;26,5;16,0;0;0;ilimli;20,4;61,9;98,3;yukari;guclu;yukselis;yukari;0,43;1,21;0;2470;0,41;1802208330;2030,15;AL;POZITIF;AL;POZITIF;AZALIYOR;AL;AL;PAHALI (SAT);6;09.09.2026
KGYO;izle;;66,4;29,0;12,3;25,0;16;1;zayif;19,7;42,8;44,8;yukari;zayif;yukselis;yukari;1,24;-0,43;3;11,1;-5,29;386545545;10,80;SAT;NEGATIF;NOTR;NEGATIF;ARTIYOR;SAT;SAT;NOTR;0;09.09.2026
CRFSA;izle;;66,2;27,0;23,2;16,0;46;4;guclu trend;53,2;51,0;56,6;asagi;guclu;yukselis;yukari;0,63;1,35;3;265,75;-3,54;561609475;337,96;SAT;POZITIF;AL;NEGATIF;AZALIYOR;SAT;SAT;NOTR;2;09.09.2026
CVKMD;izle;;65,9;28,1;17,4;20,4;0;0;zayif;12,8;47,1;33,1;yukari;zayif;zayif;yukari;0,76;-0,12;2;15,6;1,43;433441258;14,58;SAT;NEGATIF;NOTR;NEGATIF;AZALIYOR;SAT;AL;NOTR;1;09.09.2026
MTRKS;AL;;65,8;31,4;19,7;14,8;6;0;guclu trend;20,7;49,7;52,3;yukari;guclu;yukselis;yukari;0,71;0,56;3;31,68;-5,60;37978808;31,00;SAT;NEGATIF;AL;NEGATIF;ARTIYOR;AL;AL;NOTR;3;09.09.2026
SARKY;izle;;65,8;19,5;24,0;22,3;32;3;ilimli;16,4;55,4;65,8;yukari;guclu;yukselis;asagi;1,64;0,41;2;26,22;-0,46;299407570;23,35;AL;POZITIF;NOTR;NEGATIF;ARTIYOR;AL;AL;NOTR;4;09.09.2026
ATATP;AL;;65,4;35,0;22,4;8,0;22;2;guclu trend;44,3;50,0;25,2;yukari;guclu;yukselis;yukari;0,41;0,98;1;288;-2,21;175966560;267,66;SAT;POZITIF;AL;NEGATIF;AZALIYOR;SAT;SAT;NOTR;2;09.09.2026
TNZTP;izle;;65,4;28,8;22,9;13,7;38;3;ilimli;18,0;52,7;43,4;yukari;guclu;yukselis;yukari;0,59;1,07;3;29,5;0,20;79923052;27,67;SAT;POZITIF;NOTR;NEGATIF;AZALIYOR;SAT;AL;NOTR;2;09.09.2026
TERA;AL;;65,3;18,3;30,0;17,0;18;1;zayif;25,0;69,3;84,7;yukari;guclu;yukselis;asagi;0,66;1,98;0;195,6;0,05;1821961775;183,66;AL;POZITIF;AL;POZITIF;AZALIYOR;AL;AL;UCUZ (AL);6;09.09.2026
SAYAS;AL;;65,1;32,6;18,1;14,4;0;0;guclu trend;23,8;47,7;56,8;yukari;guclu;yukselis;yukari;0,48;0,16;0;54,85;-1,70;71182849;51,71;SAT;NEGATIF;AL;NEGATIF;AZALIYOR;SAT;SAT;NOTR;1;09.09.2026
FROTO;izle;;64,9;13,5;27,5;23,9;32;3;zayif;26,0;65,3;62,0;yukari;guclu;yukselis;asagi;1,40;1,30;1;83,95;1,39;2421684243;76,70;AL;POZITIF;AL;POZITIF;ARTIYOR;AL;AL;NOTR;6;09.09.2026
BRLSM;izle;;64,6;25,4;21,2;18,0;6;0;guclu trend;26,0;49,5;45,8;asagi;guclu;yukselis;yukari;3,65;0,28;3;19,08;-10,00;1190502229;24,25;SAT;NEGATIF;AL;NEGATIF;ARTIYOR;SAT;SAT;NOTR;1;09.09.2026
GSDDE;izle;;64,2;30,8;16,1;17,3;0;0;zayif;19,1;48,4;54,3;yukari;zayif;zayif;yukari;0,57;-0,04;2;13,23;0,00;42526896;12,38;SAT;NEGATIF;NOTR;NEGATIF;AZALIYOR;SAT;AL;NOTR;1;09.09.2026
RUZYE;AL;EVET;64,2;11,5;29,5;23,2;6;0;zayif;21,1;62,8;48,5;yukari;guclu;yukselis;asagi;2,52;1,27;3;9,85;7,18;171002215;7,82;AL;POZITIF;AL;POZITIF;ARTIYOR;AL;AL;NOTR;6;09.09.2026
PRZMA;AL;;63,8;32,9;21,7;9,2;22;2;guclu trend;24,6;51,0;35,9;yukari;guclu;yukselis;yukari;0,32;0,94;2;78,55;-8,29;118203454;67,71;SAT;POZITIF;AL;POZITIF;ARTIYOR;SAT;AL;PAHALI (SAT);4;09.09.2026
FRIGO;izle;;63,5;14,4;25,5;23,6;10;1;zayif;16,0;58,5;61,3;asagi;guclu;yukselis;yukari;0,75;1,27;2;2,56;5,35;84348728;2,74;SAT;POZITIF;NOTR;POZITIF;ARTIYOR;SAT;AL;NOTR;3;09.09.2026
OYAKC;izle;;63,3;11,5;23,4;28,4;6;0;zayif;20,7;56,2;69,5;asagi;guclu;yukselis;yukari;0,93;1,09;3;22,38;-0,27;447130580;23,43;SAT;POZITIF;AL;NEGATIF;AZALIYOR;AL;AL;NOTR;4;09.09.2026
EFOR;izle;;63,3;20,2;19,9;23,1;40;4;ilimli;13,8;50,4;37,3;asagi;zayif;yukselis;yukari;0,97;0,57;1;18,59;-2,41;1425583482;20,83;SAT;POZITIF;NOTR;POZITIF;AZALIYOR;AL;AL;NOTR;4;09.09.2026
ARTMS;AL;;63,2;16,6;22,7;23,9;8;0;zayif;21,6;52,9;66,7;yukari;zayif;zayif;yukari;0,94;0,32;0;41;0,00;41950134;37,04;AL;POZITIF;AL;POZITIF;AZALIYOR;AL;SAT;NOTR;5;09.09.2026
CANTE;AL;EVET;63,0;15,0;26,4;21,7;0;0;zayif;34,1;58,3;68,6;yukari;guclu;yukselis;asagi;1,67;0,56;1;1,33;0,00;806096069;1,23;AL;POZITIF;AL;POZITIF;ARTIYOR;AL;SAT;UCUZ (AL);5;09.09.2026
KERVN;izle;;62,8;22,4;22,9;17,4;22;2;guclu trend;31,6;47,3;29,8;asagi;guclu;yukselis;yukari;0,36;0,75;2;9,19;-1,18;3774682;9,48;SAT;NEGATIF;SAT;NEGATIF;AZALIYOR;SAT;AL;PAHALI (SAT);1;09.09.2026
ISGYO;izle;;62,7;22,3;11,5;28,9;46;4;guclu trend;28,6;42,6;63,5;asagi;zayif;zayif;yukari;1,93;-0,54;3;25;1,21;102760250;26,59;SAT;NEGATIF;SAT;NEGATIF;AZALIYOR;SAT;AL;NOTR;1;09.09.2026
BLCYT;AL;;62,6;15,0;27,8;19,8;0;0;zayif;32,3;59,3;72,7;yukari;guclu;yukselis;asagi;1,84;0,54;2;2,31;2,67;188702918;1,88;AL;POZITIF;AL;POZITIF;ARTIYOR;AL;AL;NOTR;6;09.09.2026
AVPGY;AL;EVET;62,3;14,8;25,4;22,1;0;0;zayif;21,9;57,4;66,2;yukari;guclu;yukselis;yukari;0,79;0,79;0;55,2;0,73;30066281;51,09;AL;POZITIF;AL;POZITIF;ARTIYOR;AL;SAT;NOTR;5;09.09.2026
EYGYO;AL;EVET;62,2;16,8;23,1;22,2;10;1;zayif;21,9;54,1;78,3;yukari;guclu;yukselis;asagi;1,17;0,64;2;2,67;1,91;22265928;2,31;SAT;POZITIF;AL;NEGATIF;AZALIYOR;SAT;AL;NOTR;3;09.09.2026
TTRAK;AL;EVET;61,6;12,4;24,1;25,1;18;0;zayif;23,4;56,6;57,8;yukari;zayif;yukselis;asagi;1,24;0,61;4;435;-0,63;55248045;409,01;AL;POZITIF;AL;NEGATIF;AZALIYOR;AL;AL;UCUZ (AL);5;09.09.2026
ODAS;izle;;61,0;15,1;20,0;26,0;40;4;ilimli;17,3;54,8;72,5;asagi;zayif;zayif;yukari;1,37;0,19;2;7,67;1,32;576117101;7,86;AL;POZITIF;NOTR;POZITIF;ARTIYOR;AL;AL;NOTR;5;09.09.2026
ISBIR;AL;EVET;60,9;13,4;22,9;24,5;0;0;zayif;13,1;55,2;55,2;yukari;guclu;yukselis;yukari;0,76;1,00;1;74,45;3,40;1357745;70,46;SAT;POZITIF;NOTR;POZITIF;ARTIYOR;AL;AL;NOTR;4;09.09.2026
BOSSA;AL;EVET;60,6;12,7;23,9;24,1;6;0;zayif;13,2;54,7;45,9;yukari;zayif;yukselis;yukari;0,87;0,64;3;6,66;1,22;17225024;6,19;AL;POZITIF;NOTR;POZITIF;AZALIYOR;AL;AL;NOTR;5;09.09.2026
NTGAZ;izle;;60,3;21,5;23,9;14,9;40;3;ilimli;23,6;55,9;73,5;yukari;zayif;yukselis;asagi;0,72;0,47;2;11,49;1,68;34000852;10,47;AL;POZITIF;AL;POZITIF;AZALIYOR;AL;AL;NOTR;6;09.09.2026
ARDYZ;izle;;59,9;30,4;18,6;10,8;0;0;guclu trend;39,3;46,4;36,3;yukari;guclu;yukselis;yukari;0,80;0,55;2;80,65;-1,41;352764794;80,55;SAT;NEGATIF;SAT;NEGATIF;ARTIYOR;SAT;SAT;NOTR;0;09.09.2026
KLYPV;izle;;59,8;23,6;17,1;19,1;0;0;zayif;28,9;50,6;63,4;yukari;zayif;zayif;yukari;0,65;0,19;2;61,45;-0,08;106782833;59,40;SAT;POZITIF;AL;NEGATIF;AZALIYOR;SAT;SAT;NOTR;2;09.09.2026
KORDS;izle;;59,6;24,2;19,0;16,4;10;0;guclu trend;22,7;47,5;38,3;asagi;zayif;yukselis;yukari;0,60;0,11;4;79,95;0,19;132067486;90,24;SAT;NEGATIF;AL;NEGATIF;AZALIYOR;SAT;AL;NOTR;2;09.09.2026
TGSAS;izle;;59,5;21,2;22,3;16,0;0;0;guclu trend;20,9;50,8;68,1;asagi;guclu;yukselis;yukari;0,70;0,74;1;216;0,00;137198664;275,35;SAT;POZITIF;SAT;NEGATIF;AZALIYOR;SAT;SAT;NOTR;1;09.09.2026
DIRIT;izle;;59,4;17,2;20,4;21,9;0;0;zayif;15,2;48,9;58,9;yukari;guclu;yukselis;yukari;0,84;0,33;2;26;-3,70;1641198;25,07;SAT;NEGATIF;NOTR;NEGATIF;ARTIYOR;SAT;SAT;NOTR;0;09.09.2026
EREGL;izle;;58,8;14,6;19,6;24,6;0;0;ilimli;16,2;51,5;58,3;asagi;zayif;zayif;yukari;1,01;0,02;0;39,08;-2,10;6774363947;40,26;AL;POZITIF;NOTR;POZITIF;ARTIYOR;AL;AL;NOTR;5;09.09.2026
NUHCM;izle;;58,8;10,7;23,5;24,6;0;0;zayif;18,8;58,8;51,3;yukari;zayif;zayif;asagi;2,39;0,59;1;222,8;3,15;36172917;204,30;AL;POZITIF;NOTR;POZITIF;ARTIYOR;AL;AL;NOTR;5;09.09.2026
AKSA;izle;;58,6;22,2;18,2;18,2;0;0;zayif;28,2;49,1;53,5;yukari;zayif;zayif;asagi;1,15;-0,57;1;11,29;-2,25;273956874;10,46;AL;NEGATIF;AL;POZITIF;AZALIYOR;AL;AL;NOTR;5;09.09.2026
NIBAS;izle;;58,4;13,9;28,7;15,8;18;1;zayif;27,1;58,4;68,1;yukari;guclu;yukselis;asagi;1,18;0,93;2;4,56;-6,94;171694830;3,94;AL;POZITIF;AL;POZITIF;ARTIYOR;AL;SAT;NOTR;5;09.09.2026
HKTM;izle;;57,4;24,7;20,7;12,0;10;1;zayif;52,4;49,1;32,5;yukari;guclu;yukselis;yukari;0,39;0,18;2;12,77;-3,11;88003242;12,25;SAT;NEGATIF;AL;NEGATIF;AZALIYOR;SAT;AL;NOTR;2;09.09.2026
GOZDE;izle;;57,1;10,5;19,8;26,8;0;0;ilimli;16,4;51,0;51,7;asagi;zayif;zayif;yukari;1,30;0,05;2;22,86;2,51;35524943;23,83;AL;POZITIF;NOTR;POZITIF;ARTIYOR;AL;AL;NOTR;5;09.09.2026
BRKVY;izle;;56,7;20,0;24,5;12,1;0;0;zayif;36,6;52,2;68,6;yukari;guclu;yukselis;asagi;0,52;0,24;0;84,85;1,37;29312705;79,73;AL;POZITIF;AL;NEGATIF;AZALIYOR;SAT;SAT;UCUZ (AL);3;09.09.2026
BIGEN;izle;;56,4;22,4;7,9;26,0;0;0;guclu trend;35,6;39,5;62,7;asagi;zayif;zayif;yukari;4,23;-0,20;0;122,9;0,08;3357208051;157,93;SAT;NEGATIF;SAT;NEGATIF;ARTIYOR;SAT;SAT;PAHALI (SAT);0;09.09.2026
GEREL;izle;;56,3;13,7;17,8;24,8;28;2;ilimli;17,0;50,0;46,7;asagi;zayif;zayif;yukari;1,11;0,04;3;39,6;0,97;293688846;42,71;SAT;NEGATIF;NOTR;POZITIF;AZALIYOR;AL;AL;NOTR;3;09.09.2026
PSDTC;izle;;56,3;33,5;14,8;8,0;46;4;guclu trend;26,2;45,4;60,1;yukari;zayif;zayif;yukari;0,55;-0,07;3;148;-1,99;39208604;147,49;SAT;NEGATIF;AL;NEGATIF;AZALIYOR;SAT;SAT;NOTR;1;09.09.2026
TRGYO;izle;;56,2;21,9;16,0;18,3;6;0;zayif;18,7;49,9;60,8;yukari;zayif;zayif;yukari;0,60;-0,17;3;94,8;0,21;81060257;91,22;SAT;NEGATIF;NOTR;NEGATIF;AZALIYOR;SAT;AL;NOTR;1;09.09.2026
ZOREN;izle;;55,9;15,0;22,9;18,0;8;0;zayif;39,4;61,5;68,5;yukari;zayif;zayif;asagi;2,26;0,24;1;2,48;3,33;344754564;2,18;AL;POZITIF;AL;POZITIF;ARTIYOR;AL;AL;UCUZ (AL);6;09.09.2026
GIPTA;izle;;55,8;19,6;23,6;12,6;0;0;zayif;29,5;50,7;68,1;asagi;guclu;yukselis;yukari;0,74;0,47;1;77,8;-1,27;461199489;89,39;SAT;POZITIF;AL;NEGATIF;AZALIYOR;SAT;AL;NOTR;3;09.09.2026
KNFRT;izle;;55,0;17,3;18,3;19,4;10;0;zayif;17,7;50,7;72,6;yukari;guclu;yukselis;yukari;0,91;0,10;4;12,41;-4,24;63816427;11,09;SAT;POZITIF;NOTR;NEGATIF;ARTIYOR;AL;AL;NOTR;3;09.09.2026
SONME;izle;;54,9;24,1;20,4;10,4;10;0;zayif;33,8;50,5;24,9;yukari;guclu;yukselis;yukari;0,37;0,31;4;136,6;-0,29;2521499;126,44;SAT;POZITIF;AL;NEGATIF;AZALIYOR;SAT;AL;NOTR;3;09.09.2026
INVES;izle;;54,6;21,4;21,4;11,9;6;0;guclu trend;22,0;46,5;48,6;asagi;guclu;yukselis;yukari;0,28;0,59;3;760;1,20;18645080;846,10;SAT;NEGATIF;SAT;NEGATIF;AZALIYOR;SAT;AL;NOTR;1;09.09.2026
GLRMK;izle;;54,3;8,4;21,0;25,0;38;3;zayif;25,3;54,0;59,6;asagi;guclu;yukselis;asagi;1,32;0,44;3;173;3,22;1052039469;178,38;SAT;POZITIF;AL;NEGATIF;ARTIYOR;AL;AL;NOTR;4;09.09.2026
KAYSE;izle;;54,3;15,0;23,5;15,8;8;0;zayif;31,9;56,6;72,6;yukari;zayif;yukselis;asagi;0,86;0,29;0;4,14;0,73;43913038;3,85;AL;POZITIF;AL;NEGATIF;ARTIYOR;AL;SAT;NOTR;4;09.09.2026
AYDEM;izle;;54,2;27,9;14,0;12,2;40;4;zayif;21,6;46,6;44,2;yukari;zayif;zayif;asagi;0,50;-0,28;2;25,66;0,16;64845386;24,22;SAT;NEGATIF;AL;NEGATIF;AZALIYOR;SAT;AL;NOTR;2;09.09.2026
YIGIT;izle;;53,9;11,5;22,6;19,8;8;0;zayif;21,0;54,4;76,9;yukari;zayif;zayif;asagi;1,22;0,13;1;22,16;-0,09;93236206;20,59;AL;POZITIF;AL;NEGATIF;AZALIYOR;AL;SAT;NOTR;4;09.09.2026
FORTE;izle;;53,4;21,8;18,5;13,2;16;1;guclu trend;25,1;47,5;40,0;asagi;zayif;zayif;yukari;0,77;0,16;3;115;-1,37;207562350;130,93;SAT;NEGATIF;SAT;NEGATIF;AZALIYOR;AL;AL;NOTR;2;09.09.2026
ZRGYO;izle;;53,1;14,1;20,7;18,4;40;4;zayif;18,6;55,4;48,2;yukari;guclu;yukselis;yukari;0,81;1,02;2;19,48;-0,41;12835450;18,30;SAT;POZITIF;NOTR;NEGATIF;AZALIYOR;SAT;SAT;NOTR;1;09.09.2026
YGGYO;izle;;52,9;21,3;14,7;16,9;0;0;zayif;14,4;46,3;43,8;yukari;zayif;zayif;yukari;0,61;-0,55;2;220,9;-0,41;19782920;215,58;SAT;NEGATIF;NOTR;NEGATIF;AZALIYOR;SAT;AL;NOTR;1;09.09.2026
AEFES;izle;;52,4;14,9;18,5;19,0;0;0;zayif;27,0;52,3;54,5;asagi;zayif;zayif;asagi;1,15;-0,41;2;19,46;1,04;1235144959;19,51;AL;POZITIF;AL;POZITIF;ARTIYOR;AL;AL;NOTR;6;09.09.2026
GOODY;izle;;52,3;12,0;24,3;16,0;0;0;zayif;16,8;57,4;47,7;yukari;guclu;yukselis;yukari;0,29;0,52;1;2,77;1,84;29544490;2,60;AL;POZITIF;NOTR;POZITIF;AZALIYOR;AL;AL;NOTR;5;09.09.2026
TTKOM;izle;;52,3;9,7;21,9;20,7;0;0;zayif;16,2;57,5;52,1;yukari;zayif;zayif;asagi;1,49;0,16;2;55,4;1,65;2808645710;50,42;AL;POZITIF;NOTR;POZITIF;ARTIYOR;AL;AL;NOTR;5;09.09.2026
ARCLK;izle;;52,2;9,1;19,7;23,4;0;0;zayif;14,9;55,5;56,6;yukari;zayif;zayif;asagi;1,45;-0,40;2;95,4;0,42;238918997;89,48;AL;POZITIF;NOTR;POZITIF;ARTIYOR;AL;AL;NOTR;5;09.09.2026
DURKN;izle;;52,1;29,2;11,6;11,2;28;2;guclu trend;21,0;45,0;66,4;yukari;zayif;zayif;yukari;0,75;-0,33;3;20,6;-2,37;33215564;19,66;SAT;NEGATIF;SAT;NEGATIF;AZALIYOR;SAT;SAT;NOTR;0;09.09.2026
BINBN;izle;;51,3;19,7;15,1;16,5;0;0;zayif;25,4;46,8;44,0;yukari;zayif;zayif;asagi;0,92;-0,32;2;175;0,00;54685575;165,95;SAT;NEGATIF;AL;NEGATIF;ARTIYOR;AL;AL;NOTR;3;09.09.2026
BIOEN;izle;;51,2;20,8;17,7;12,7;10;0;zayif;24,2;49,1;49,4;yukari;zayif;yukselis;yukari;0,47;0,18;4;18,58;-2,26;79714108;17,84;SAT;NEGATIF;AL;NEGATIF;AZALIYOR;SAT;SAT;NOTR;1;09.09.2026
HLGYO;izle;;50,6;15,0;17,6;18,0;38;3;zayif;35,3;54,0;81,0;yukari;zayif;zayif;asagi;2,57;-0,83;3;4,68;2,86;376669931;4,16;AL;POZITIF;AL;POZITIF;ARTIYOR;AL;SAT;NOTR;5;09.09.2026
KARTN;izle;;49,9;14,9;19,0;16,0;0;0;zayif;16,9;46,9;48,4;asagi;zayif;zayif;yukari;0,67;-0,22;1;167,5;-1,53;98609930;188,10;AL;NEGATIF;NOTR;NEGATIF;AZALIYOR;AL;AL;NOTR;3;09.09.2026
INTEM;izle;;49,7;11,2;16,2;22,3;0;0;zayif;20,2;51,6;51,2;yukari;zayif;zayif;asagi;1,22;-0,23;2;254,25;1,94;17954627;237,10;SAT;POZITIF;AL;NEGATIF;ARTIYOR;AL;AL;NOTR;4;09.09.2026
MNDRS;izle;;49,2;10,8;21,9;16,6;0;0;zayif;26,8;54,5;67,6;asagi;guclu;yukselis;asagi;1,65;0,67;2;11,58;-1,11;69446858;12,36;SAT;POZITIF;AL;NEGATIF;AZALIYOR;AL;AL;NOTR;4;09.09.2026
CCOLA;izle;;49,1;14,7;17,5;16,9;0;0;zayif;24,3;47,0;45,9;asagi;zayif;zayif;asagi;1,33;-0,86;2;80;-2,08;644288240;84,19;AL;NEGATIF;SAT;POZITIF;AZALIYOR;AL;SAT;NOTR;3;09.09.2026
TURSG;izle;;48,8;9,1;20,7;19,0;6;0;zayif;13,3;52,6;48,5;asagi;zayif;zayif;asagi;1,05;-0,06;3;6,27;0,48;417401894;6,59;AL;POZITIF;NOTR;POZITIF;AZALIYOR;AL;AL;NOTR;5;09.09.2026
HEKTS;izle;;48,6;13,3;17,3;18,0;12;0;zayif;25,7;50,5;50,9;yukari;zayif;zayif;asagi;2,93;-0,98;2;2,86;-4,67;3305190374;2,59;AL;POZITIF;AL;POZITIF;ARTIYOR;AL;AL;NOTR;6;09.09.2026
JANTS;izle;;48,6;15,0;23,2;10,4;40;4;zayif;36,5;56,3;32,5;yukari;zayif;yukselis;asagi;0,75;0,33;1;15,88;0,83;60420065;14,45;AL;POZITIF;AL;NEGATIF;AZALIYOR;AL;AL;UCUZ (AL);5;09.09.2026
SANKO;izle;;48,6;15,0;22,2;11,4;32;3;zayif;34,7;58,0;91,4;yukari;zayif;zayif;asagi;0,77;0,15;1;19,8;-0,05;6662126;18,07;AL;POZITIF;AL;POZITIF;AZALIYOR;AL;SAT;NOTR;5;09.09.2026
DMRGD;izle;;48,2;21,2;11,4;15,6;10;0;guclu trend;20,9;42,7;36,7;asagi;zayif;zayif;yukari;1,15;-0,59;5;10,69;1,71;392904354;12,14;SAT;NEGATIF;SAT;NEGATIF;ARTIYOR;SAT;SAT;NOTR;0;09.09.2026
TCKRC;izle;;47,8;21,9;9,0;16,8;6;0;guclu trend;26,2;38,5;26,8;asagi;zayif;zayif;yukari;1,23;-1,08;3;139,5;-0,50;514080936;160,83;SAT;NEGATIF;SAT;NEGATIF;AZALIYOR;SAT;AL;NOTR;1;09.09.2026
TUKAS;izle;;47,8;4,0;22,2;21,6;10;1;zayif;22,2;58,2;64,9;asagi;zayif;zayif;asagi;1,87;0,08;2;2,09;1,95;241991733;2,11;AL;POZITIF;AL;POZITIF;ARTIYOR;AL;AL;UCUZ (AL);6;09.09.2026
OTKAR;izle;;47,4;8,9;21,0;17,5;14;0;zayif;14,3;52,4;51,8;yukari;zayif;zayif;asagi;1,20;-0,17;3;324,5;-1,67;205459771;298,05;AL;POZITIF;NOTR;NEGATIF;ARTIYOR;AL;AL;UCUZ (AL);4;09.09.2026
LOGO;izle;;47,3;0,0;22,6;24,7;10;1;zayif;11,0;55,0;60,0;asagi;zayif;zayif;asagi;1,27;0,24;1;138,1;0,29;93642019;142,96;AL;POZITIF;NOTR;POZITIF;AZALIYOR;AL;AL;NOTR;5;09.09.2026
ALGYO;izle;;47,1;9,4;23,0;14,7;40;3;zayif;15,7;55,5;54,7;yukari;guclu;yukselis;asagi;1,10;-0,74;0;3,75;2,18;107577079;3,35;AL;POZITIF;NOTR;POZITIF;ARTIYOR;AL;AL;NOTR;5;09.09.2026
MRSHL;izle;;46,5;9,6;19,0;18,0;0;0;zayif;17,1;50,3;55,9;asagi;zayif;zayif;asagi;1,75;-0,22;0;1663;2,09;131806054;1787,25;AL;POZITIF;NOTR;POZITIF;ARTIYOR;AL;AL;NOTR;5;09.09.2026
ALTIN;izle;;46,2;13,7;20,9;11,6;6;0;zayif;22,8;51,7;44,1;asagi;guclu;yukselis;asagi;0,97;0,49;3;74,87;0,70;1388280494;79,40;SAT;POZITIF;AL;NEGATIF;AZALIYOR;SAT;SAT;NOTR;2;09.09.2026
ULUUN;izle;;46,0;19,2;15,7;11,1;0;0;zayif;13,0;49,8;54,5;yukari;zayif;zayif;asagi;0,81;-0,15;1;8,52;0,12;68150986;7,98;SAT;NEGATIF;NOTR;NEGATIF;AZALIYOR;AL;AL;NOTR;2;09.09.2026
AKMGY;izle;;46,0;24,0;13,0;9,0;10;0;zayif;13,6;44,8;39,1;yukari;zayif;zayif;asagi;0,94;-0,56;5;250,5;-0,60;8762741;241,49;SAT;NEGATIF;NOTR;NEGATIF;AZALIYOR;SAT;AL;NOTR;1;09.09.2026
MAGEN;izle;;45,9;1,1;24,3;20,6;32;3;zayif;14,8;58,2;62,8;asagi;guclu;yukselis;asagi;1,17;0,16;0;37,2;6,59;729297072;37,68;AL;POZITIF;NOTR;POZITIF;ARTIYOR;AL;AL;NOTR;5;09.09.2026
VESBE;izle;;45,8;14,2;21,6;10,0;0;0;zayif;27,9;56,0;85,8;yukari;zayif;zayif;asagi;1,96;0,08;2;5,85;2,27;260590063;5,12;AL;POZITIF;AL;POZITIF;ARTIYOR;AL;SAT;UCUZ (AL);5;09.09.2026
PRKME;izle;;45,7;16,5;21,3;8,0;8;0;zayif;26,2;51,9;74,0;yukari;zayif;zayif;asagi;0,67;0,18;1;18,8;1,08;48552448;16,36;AL;POZITIF;AL;POZITIF;AZALIYOR;AL;SAT;NOTR;5;09.09.2026
OBAMS;izle;;45,5;14,0;21,3;10,1;0;0;zayif;27,5;51,5;64,4;yukari;zayif;yukselis;asagi;0,83;-0,66;0;5,38;0,94;234053457;4,83;AL;POZITIF;AL;NEGATIF;AZALIYOR;SAT;AL;NOTR;4;09.09.2026
KLGYO;izle;;45,5;13,3;18,8;13,3;6;0;zayif;25,7;54,5;56,1;yukari;zayif;yukselis;asagi;0,78;0,37;3;4,85;1,46;36321684;4,49;SAT;POZITIF;AL;NEGATIF;ARTIYOR;SAT;SAT;UCUZ (AL);2;09.09.2026
OZGYO;izle;;45,4;13,4;18,8;13,2;6;0;zayif;29,4;48,9;48,6;asagi;zayif;zayif;asagi;1,01;-0,38;3;2,08;-0,48;34040483;2,25;AL;NEGATIF;AL;NEGATIF;AZALIYOR;AL;AL;NOTR;4;09.09.2026
TATGD;izle;;45,3;12,3;19,3;13,8;6;0;zayif;10,5;50,7;55,4;asagi;zayif;zayif;asagi;1,09;-0,30;3;17,98;-0,83;54784161;19,05;AL;POZITIF;NOTR;POZITIF;AZALIYOR;AL;AL;NOTR;5;09.09.2026
GLYHO;izle;;45,2;16,2;14,6;14,5;46;4;zayif;20,2;46,5;46,2;asagi;zayif;zayif;yukari;0,84;-0,40;3;16,63;-1,89;40417485;17,60;SAT;NEGATIF;AL;NEGATIF;AZALIYOR;AL;AL;NOTR;3;09.09.2026
ANHYT;izle;;45,1;8,2;21,5;15,4;0;0;ilimli;13,1;51,5;62,6;asagi;zayif;zayif;asagi;0,92;0,07;2;106,6;0,38;65929328;112,43;AL;POZITIF;NOTR;POZITIF;AZALIYOR;AL;AL;NOTR;5;09.09.2026
ASTOR;izle;;45,1;20,7;10,9;13,4;46;4;zayif;17,3;41,8;41,3;asagi;zayif;zayif;yukari;0,91;-0,71;3;299,75;-0,33;9333638881;348,87;SAT;NEGATIF;NOTR;NEGATIF;AZALIYOR;SAT;AL;NOTR;1;09.09.2026
VERUS;izle;;45,0;22,4;4,5;18,0;10;1;zayif;32,9;38,7;52,7;asagi;zayif;zayif;asagi;1,36;-1,31;2;545;6,86;74722770;650,43;SAT;NEGATIF;SAT;NEGATIF;ARTIYOR;SAT;AL;NOTR;1;09.09.2026
ECOGR;izle;;45,0;13,4;13,5;18,0;6;0;zayif;15,2;47,4;57,6;asagi;zayif;zayif;asagi;1,91;-0,85;3;34,92;3,01;402062140;37,31;SAT;NEGATIF;NOTR;NEGATIF;ARTIYOR;AL;AL;NOTR;2;09.09.2026
BESLR;izle;;44,8;10,8;23,4;10,6;22;2;zayif;19,0;55,0;48,6;yukari;zayif;yukselis;asagi;0,55;0,34;1;13,3;0,15;25798289;12,16;AL;POZITIF;NOTR;POZITIF;AZALIYOR;AL;AL;NOTR;5;09.09.2026
AKSEN;izle;;44,8;13,4;13,4;18,0;0;0;zayif;21,5;42,4;48,7;asagi;zayif;zayif;asagi;1,67;-1,44;2;80,4;0,00;1079915434;89,03;AL;NEGATIF;SAT;NEGATIF;AZALIYOR;AL;AL;NOTR;3;09.09.2026
BRKSN;izle;;44,3;9,0;16,4;18,9;10;0;zayif;19,3;49,1;49,3;yukari;zayif;zayif;asagi;1,22;-0,34;4;7,85;1,95;3621849;7,34;SAT;NEGATIF;NOTR;NEGATIF;ARTIYOR;SAT;AL;NOTR;1;09.09.2026
BERA;izle;;44,0;13,3;21,9;8,9;6;0;zayif;25,5;55,8;68,4;yukari;zayif;zayif;asagi;0,75;-0,13;3;14,04;-0,43;88294331;12,67;AL;POZITIF;AL;POZITIF;AZALIYOR;AL;AL;NOTR;6;09.09.2026
ERCB;izle;;44,0;9,6;16,3;18,0;6;0;zayif;16,2;47,1;53,2;yukari;zayif;zayif;asagi;1,74;-1,36;3;45,92;-3,33;70055552;41,03;AL;NEGATIF;NOTR;NEGATIF;ARTIYOR;AL;AL;UCUZ (AL);3;09.09.2026
TUCLK;izle;;44,0;15,0;21,4;7,6;0;0;zayif;32,2;51,8;67,9;yukari;zayif;zayif;asagi;0,85;-0,09;1;3,93;-0,25;32364867;3,67;AL;POZITIF;AL;NEGATIF;ARTIYOR;AL;AL;NOTR;5;09.09.2026
SNPAM;izle;;43,8;10,1;20,8;12,9;6;0;zayif;17,5;49,7;64,2;yukari;zayif;zayif;asagi;0,62;-0,29;3;20,1;0,00;514299;19,55;AL;NEGATIF;NOTR;NEGATIF;AZALIYOR;SAT;SAT;NOTR;1;09.09.2026
PAPIL;izle;;43,7;12,2;20,7;10,8;8;0;zayif;22,7;52,7;73,7;yukari;zayif;zayif;asagi;0,87;-0,21;1;13,05;1,56;93391764;11,65;AL;POZITIF;AL;POZITIF;AZALIYOR;SAT;SAT;UCUZ (AL);4;09.09.2026
ULKER;izle;;43,5;5,4;24,6;13,5;32;3;zayif;25,9;60,2;53,1;asagi;guclu;yukselis;asagi;0,96;0,45;2;96,15;1,37;746050445;97,01;AL;POZITIF;AL;POZITIF;ARTIYOR;AL;AL;NOTR;6;09.09.2026
MACKO;izle;;43,4;10,9;20,1;12,4;0;0;zayif;14,6;51,8;75,9;yukari;guclu;yukselis;asagi;0,38;0,14;2;35,18;1,21;16328375;31,82;SAT;POZITIF;NOTR;NEGATIF;AZALIYOR;SAT;AL;NOTR;2;09.09.2026
BNTAS;izle;;43,2;14,2;17,8;11,2;46;4;zayif;26,4;50,5;43,7;yukari;zayif;zayif;asagi;0,75;-0,07;3;6,34;-1,71;19324662;5,97;SAT;POZITIF;AL;NEGATIF;AZALIYOR;AL;AL;NOTR;4;09.09.2026
SERNT;izle;;43,1;11,0;18,7;13,4;0;0;zayif;19,6;53,0;61,8;yukari;zayif;zayif;asagi;1,02;-0,41;2;8,27;0,49;33268159;7,61;AL;POZITIF;NOTR;POZITIF;AZALIYOR;AL;SAT;NOTR;4;09.09.2026
OZKGY;izle;;43,0;15,5;16,5;11,0;0;0;zayif;26,3;51,7;60,1;yukari;zayif;zayif;asagi;0,54;0,04;1;13,3;0,15;40092158;12,25;SAT;POZITIF;AL;NEGATIF;AZALIYOR;SAT;SAT;NOTR;2;09.09.2026
AGYO;izle;;43,0;2,3;20,9;19,8;20;1;zayif;17,8;54,6;47,3;asagi;zayif;zayif;asagi;1,19;-0,10;4;7,56;1,61;2456418;7,83;AL;POZITIF;NOTR;NEGATIF;ARTIYOR;AL;AL;NOTR;4;09.09.2026
PSGYO;izle;;42,9;14,6;13,6;14,7;0;0;zayif;17,9;45,2;41,1;asagi;zayif;zayif;asagi;1,10;-0,81;2;3,21;3,22;439841291;3,47;SAT;NEGATIF;NOTR;NEGATIF;AZALIYOR;AL;AL;NOTR;2;09.09.2026
BASGZ;izle;;42,9;11,0;21,3;10,6;22;2;zayif;23,4;54,7;56,4;asagi;zayif;zayif;asagi;0,61;-0,07;2;45,26;0,49;9485183;46,46;AL;POZITIF;AL;POZITIF;AZALIYOR;AL;AL;NOTR;6;09.09.2026
USHOL;izle;;42,8;20,5;9,7;12,6;40;4;zayif;15,8;40,1;46,9;asagi;zayif;zayif;yukari;0,98;-0,99;1;75,25;3,22;37061001;90,30;SAT;NEGATIF;NOTR;NEGATIF;AZALIYOR;SAT;SAT;NOTR;0;09.09.2026
EDIP;izle;;42,8;22,1;15,4;5,2;40;5;zayif;31,1;49,2;76,2;yukari;zayif;zayif;asagi;0,27;-0,20;1;36,18;-0,06;26196599;32,84;SAT;NEGATIF;AL;POZITIF;AZALIYOR;SAT;AL;NOTR;3;09.09.2026
PRKAB;izle;;42,7;10,6;17,4;14,7;12;0;zayif;18,7;50,7;74,0;yukari;zayif;zayif;asagi;5,01;-0,92;2;32,6;-3,15;156556773;29,97;AL;POZITIF;NOTR;POZITIF;ARTIYOR;AL;AL;NOTR;5;09.09.2026
PATEK;izle;;42,3;1,7;22,3;18,3;0;0;zayif;16,3;53,2;72,3;asagi;zayif;zayif;asagi;1,65;0,18;2;20,9;-2,34;597930274;22,33;AL;POZITIF;NOTR;NEGATIF;ARTIYOR;AL;AL;NOTR;4;09.09.2026
OZRDN;izle;;42,3;23,4;18,9;0,0;0;0;zayif;18,1;48,2;55,3;yukari;zayif;zayif;asagi;0,52;-0,36;1;29,02;0,00;4004499;25,56;AL;NEGATIF;NOTR;POZITIF;AZALIYOR;SAT;SAT;NOTR;2;09.09.2026
EUREN;izle;;42,2;1,0;20,9;20,3;22;2;zayif;14,7;56,3;68,9;asagi;zayif;zayif;asagi;1,42;-0,25;1;4,02;1,26;160107491;4,10;AL;POZITIF;NOTR;POZITIF;AZALIYOR;AL;AL;UCUZ (AL);5;09.09.2026
ENDAE;izle;;42,0;28,7;13,1;0,2;28;2;zayif;23,3;44,5;62,1;yukari;zayif;zayif;asagi;0,71;-0,48;3;17,17;-0,64;81830932;16,70;SAT;NEGATIF;AL;NEGATIF;AZALIYOR;SAT;AL;NOTR;2;09.09.2026
DYOBY;izle;;41,8;15,0;16,8;10,0;40;5;zayif;30,5;51,4;67,1;yukari;zayif;zayif;asagi;0,59;-0,36;1;13,45;0,30;25028446;12,37;SAT;POZITIF;AL;NEGATIF;AZALIYOR;AL;AL;NOTR;4;09.09.2026
MMCAS;izle;;41,8;10,4;13,3;18,0;0;0;zayif;30,8;42,8;49,3;yukari;zayif;zayif;asagi;2,80;-2,69;1;48,88;-9,98;5657371;46,81;AL;NEGATIF;SAT;NEGATIF;ARTIYOR;AL;AL;UCUZ (AL);3;09.09.2026
IHGZT;izle;;41,6;5,6;17,7;18,3;8;0;zayif;26,3;51,1;76,2;asagi;zayif;zayif;asagi;1,89;-0,86;1;1,2;0,84;45156824;1,26;AL;POZITIF;AL;NEGATIF;ARTIYOR;AL;AL;UCUZ (AL);5;09.09.2026
PENGD;izle;;41,1;7,0;16,1;18,0;0;0;zayif;31,5;52,5;31,6;asagi;zayif;zayif;asagi;2,58;-1,45;2;9,54;2,25;60194672;9,59;AL;POZITIF;AL;POZITIF;ARTIYOR;AL;AL;NOTR;6;09.09.2026
CIMSA;izle;;40,9;1,0;19,0;20,9;6;0;zayif;14,7;51,9;57,9;asagi;zayif;zayif;asagi;1,19;-0,54;3;45,86;-0,17;460344881;47,19;AL;POZITIF;NOTR;NEGATIF;AZALIYOR;AL;AL;NOTR;4;09.09.2026
TSGYO;izle;;40,8;10,7;17,1;13,0;24;1;zayif;19,1;47,2;64,8;yukari;zayif;zayif;asagi;1,00;-1,03;3;5,85;-2,01;21038390;5,50;AL;NEGATIF;NOTR;NEGATIF;AZALIYOR;AL;AL;UCUZ (AL);3;09.09.2026
DGGYO;izle;;40,8;8,1;18,7;14,0;0;0;zayif;13,7;50,3;29,6;asagi;zayif;zayif;asagi;1,06;-0,35;0;34,3;3,31;4907130;36,55;AL;POZITIF;NOTR;POZITIF;AZALIYOR;AL;AL;NOTR;5;09.09.2026
VKGYO;izle;;40,7;3,7;16,7;20,4;0;0;zayif;21,4;47,5;58,2;asagi;zayif;zayif;asagi;3,27;-1,22;1;1,93;0,52;153605448;2,01;AL;NEGATIF;AL;NEGATIF;ARTIYOR;AL;AL;NOTR;4;09.09.2026
TSPOR;izle;;40,6;13,2;11,3;16,0;16;1;zayif;34,9;44,2;48,7;asagi;zayif;zayif;yukari;0,56;-0,32;3;1,01;-1,94;220793275;1,16;SAT;NEGATIF;AL;NEGATIF;AZALIYOR;SAT;SAT;NOTR;1;09.09.2026
CEOEM;izle;;40,5;1,2;22,0;17,3;8;0;zayif;11,6;53,7;46,8;asagi;zayif;zayif;yukari;0,73;0,29;1;25;-0,56;21393675;26,21;AL;POZITIF;NOTR;NEGATIF;AZALIYOR;AL;AL;NOTR;4;09.09.2026
BFREN;izle;;40,4;3,8;15,6;20,9;0;0;zayif;21,8;50,3;48,6;asagi;zayif;zayif;asagi;1,14;-0,48;2;128,7;0,31;26100103;134,63;SAT;POZITIF;AL;NEGATIF;AZALIYOR;AL;AL;UCUZ (AL);4;09.09.2026
KLNMA;izle;;40,2;8,0;18,4;13,8;6;0;zayif;10,6;50,8;38,3;yukari;zayif;zayif;asagi;1,15;-0,62;3;9;-1,10;1627443;8,79;AL;POZITIF;NOTR;NEGATIF;AZALIYOR;AL;AL;NOTR;4;09.09.2026
IHLAS;izle;;40,2;15,0;17,2;8,0;8;0;zayif;31,5;50,2;55,3;yukari;zayif;zayif;asagi;0,49;-1,56;1;1,07;0,94;63808084;0,99;AL;POZITIF;AL;NEGATIF;AZALIYOR;AL;AL;UCUZ (AL);5;09.09.2026
SRVGY;izle;;39,9;3,2;17,8;18,9;14;0;zayif;20,3;50,6;52,7;asagi;zayif;zayif;asagi;1,25;-1,06;3;2,53;2,02;48185897;2,61;AL;POZITIF;AL;NEGATIF;ARTIYOR;AL;AL;UCUZ (AL);5;09.09.2026
DAGI;izle;;39,9;21,8;10,0;8,1;0;0;guclu trend;25,6;43,8;51,1;asagi;zayif;zayif;yukari;0,53;-0,21;2;9,42;-2,18;41634102;11,10;SAT;NEGATIF;SAT;NEGATIF;AZALIYOR;SAT;AL;NOTR;1;09.09.2026
DOFER;izle;;39,9;8,2;12,2;19,5;0;0;zayif;13,8;46,0;45,8;yukari;zayif;zayif;asagi;1,32;-1,42;2;28,3;1,07;23928782;27,00;SAT;NEGATIF;NOTR;NEGATIF;ARTIYOR;AL;AL;UCUZ (AL);2;09.09.2026
ADEL;izle;;39,8;11,4;18,7;9,7;10;1;zayif;28,5;49,0;57,1;asagi;guclu;yukselis;asagi;0,46;-0,12;1;32,52;-1,81;90222870;36,26;SAT;NEGATIF;AL;NEGATIF;AZALIYOR;SAT;AL;NOTR;2;09.09.2026
DOKTA;izle;;39,8;12,3;17,4;10,1;10;1;zayif;23,0;52,1;31,5;yukari;zayif;zayif;asagi;0,59;-0,14;2;22,98;0,17;12001765;21,43;SAT;POZITIF;AL;NEGATIF;AZALIYOR;AL;AL;NOTR;4;09.09.2026
NUGYO;izle;;39,7;2,8;22,0;14,9;0;0;zayif;17,5;54,5;49,3;asagi;zayif;zayif;asagi;1,02;0,11;0;9,28;0,54;17238936;9,70;AL;POZITIF;NOTR;POZITIF;AZALIYOR;AL;AL;NOTR;5;09.09.2026
BALAT;izle;;39,5;5,8;17,2;16,6;0;0;zayif;17,7;45,5;42,9;asagi;zayif;zayif;asagi;1,68;-1,01;2;69,5;-9,92;3815203;81,88;AL;NEGATIF;NOTR;POZITIF;ARTIYOR;AL;SAT;NOTR;3;09.09.2026
EMNIS;izle;;39,5;8,3;21,0;10,1;22;2;zayif;14,5;50,7;31,1;yukari;zayif;zayif;asagi;0,29;-0,07;1;157,7;0,00;289695;150,46;AL;POZITIF;NOTR;POZITIF;AZALIYOR;AL;AL;NOTR;5;09.09.2026
YAYLA;izle;;39,4;7,0;22,6;9,8;32;3;zayif;40,1;54,8;71,7;asagi;zayif;zayif;asagi;0,81;0,18;2;22,96;2,59;41368777;24,12;AL;POZITIF;AL;POZITIF;ARTIYOR;AL;AL;UCUZ (AL);6;09.09.2026
TSKB;izle;;39,2;1,2;22,7;15,4;0;0;zayif;15,0;55,5;59,5;asagi;zayif;zayif;asagi;1,45;0,38;2;11,39;-1,98;290339597;11,64;AL;POZITIF;NOTR;POZITIF;ARTIYOR;AL;AL;NOTR;5;09.09.2026
VANGD;izle;;39,2;29,6;7,5;2,1;0;0;guclu trend;23,7;40,6;29,9;yukari;zayif;zayif;asagi;0,75;-0,89;2;90;-1,10;14223330;88,63;SAT;NEGATIF;SAT;NEGATIF;AZALIYOR;SAT;SAT;NOTR;0;09.09.2026
ESEN;izle;;39,2;6,5;15,9;16,7;40;4;zayif;28,8;49,6;40,1;asagi;zayif;zayif;asagi;0,99;-0,43;2;3,5;1,16;129867416;3,71;SAT;NEGATIF;AL;NEGATIF;AZALIYOR;SAT;AL;UCUZ (AL);2;09.09.2026
GSRAY;izle;;39,2;11,4;13,7;14,1;0;0;zayif;28,5;44,6;69,2;asagi;zayif;zayif;asagi;0,81;-0,58;2;1,03;0,00;227135284;1,12;SAT;NEGATIF;AL;NEGATIF;AZALIYOR;SAT;AL;UCUZ (AL);2;09.09.2026
ASGYO;izle;;39,1;4,0;20,7;14,4;0;0;zayif;16,6;55,2;71,6;asagi;zayif;zayif;asagi;0,94;0,06;0;11,37;0,53;33703773;11,69;AL;POZITIF;NOTR;POZITIF;AZALIYOR;AL;AL;NOTR;5;09.09.2026
FMIZP;izle;;39,1;10,5;17,3;11,3;32;3;zayif;17,0;50,7;55,3;yukari;zayif;zayif;asagi;0,82;0,03;2;294;0,09;12880140;280,92;SAT;POZITIF;NOTR;NEGATIF;ARTIYOR;AL;AL;NOTR;3;09.09.2026
TCELL;izle;;39,1;1,7;18,0;19,3;0;0;zayif;24,6;50,1;50,9;asagi;zayif;zayif;asagi;1,14;-0,64;2;101,8;0,20;4052162030;105,37;AL;POZITIF;SAT;NEGATIF;AZALIYOR;AL;AL;NOTR;4;09.09.2026
CASA;izle;;39,1;8,4;16,0;14,6;0;0;zayif;15,3;48,2;50,5;yukari;zayif;zayif;asagi;0,96;-1,62;2;69,5;-0,14;1077945;66,38;AL;NEGATIF;NOTR;POZITIF;AZALIYOR;AL;AL;UCUZ (AL);4;09.09.2026
AFYON;izle;;39,0;1,4;14,3;23,2;16;1;zayif;15,6;47,0;63,8;asagi;zayif;zayif;asagi;1,38;-0,76;3;12,48;-1,27;27373632;13,12;SAT;NEGATIF;NOTR;NEGATIF;ARTIYOR;AL;AL;NOTR;2;09.09.2026
CONSE;izle;;38,9;4,2;16,7;18,0;24;1;zayif;22,8;49,8;65,9;asagi;zayif;zayif;asagi;1,36;-1,19;3;2,31;0,43;25922908;2,44;AL;NEGATIF;AL;POZITIF;ARTIYOR;AL;AL;UCUZ (AL);5;09.09.2026
KTLEV;izle;;38,8;21,8;6,9;10,0;6;0;zayif;25,5;34,8;25,7;asagi;zayif;zayif;asagi;1,35;-2,34;3;38,02;9,95;7388408921;51,07;SAT;NEGATIF;SAT;NEGATIF;ARTIYOR;SAT;AL;PAHALI (SAT);1;09.09.2026
IZFAS;izle;;38,3;9,1;18,8;10,5;0;0;zayif;18,4;50,5;57,5;asagi;zayif;zayif;asagi;0,85;-0,31;2;58;9,54;352829892;63,36;AL;POZITIF;NOTR;NEGATIF;ARTIYOR;AL;AL;NOTR;4;09.09.2026
HATEK;izle;;38,2;11,5;18,7;8,0;8;0;zayif;20,9;53,2;49,8;yukari;zayif;zayif;asagi;0,36;-0,34;0;13,5;0,22;12544511;11,49;AL;POZITIF;AL;POZITIF;AZALIYOR;AL;AL;NOTR;6;09.09.2026
THYAO;izle;;38,0;5,0;17,2;15,8;0;0;zayif;14,0;46,5;38,5;asagi;zayif;zayif;asagi;1,26;-0,99;2;301;-1,31;17600917509;313,33;AL;NEGATIF;NOTR;NEGATIF;AZALIYOR;AL;AL;NOTR;3;09.09.2026
ULUFA;izle;;37,9;1,4;19,1;17,5;6;0;zayif;15,6;51,7;49,5;asagi;zayif;zayif;asagi;1,12;-0,64;3;1,7;1,19;39360506;1,79;AL;POZITIF;NOTR;POZITIF;AZALIYOR;AL;AL;NOTR;5;09.09.2026
ISFIN;izle;;37,7;9,1;12,3;16,3;16;1;zayif;15,7;44,4;44,2;asagi;zayif;zayif;asagi;1,34;-0,70;3;19,49;-1,42;48946309;20,44;SAT;NEGATIF;NOTR;NEGATIF;ARTIYOR;AL;AL;NOTR;2;09.09.2026
KRONT;izle;;37,5;21,2;6,4;10,0;10;0;zayif;20,6;39,4;41,3;asagi;zayif;zayif;asagi;1,89;-1,24;4;22,1;-3,49;65156458;27,05;SAT;NEGATIF;SAT;NEGATIF;AZALIYOR;SAT;SAT;NOTR;0;09.09.2026
IHLGM;izle;;37,5;2,6;16,9;18,0;8;0;zayif;18,8;50,5;60,7;asagi;zayif;zayif;asagi;1,33;-1,25;0;1,6;1,27;46734126;1,67;AL;POZITIF;NOTR;POZITIF;ARTIYOR;AL;AL;UCUZ (AL);5;09.09.2026
BRISA;izle;;37,1;2,3;17,9;16,8;0;0;zayif;18,0;50,5;31,3;asagi;zayif;zayif;asagi;1,13;-0,83;2;78,55;0,00;17954566;80,47;AL;POZITIF;NOTR;NEGATIF;AZALIYOR;AL;AL;NOTR;4;09.09.2026
PINSU;izle;;36,9;6,0;18,2;12,6;22;2;zayif;27,5;48,9;67,8;asagi;zayif;zayif;asagi;0,98;-0,66;1;10,36;-0,10;36753581;11,02;AL;NEGATIF;AL;POZITIF;ARTIYOR;AL;AL;UCUZ (AL);5;09.09.2026
AKFGY;izle;;36,8;2,5;17,4;16,9;6;0;zayif;18,3;48,8;38,6;asagi;zayif;zayif;asagi;1,15;-0,90;3;2,61;1,16;62265337;2,69;AL;NEGATIF;NOTR;NEGATIF;ARTIYOR;AL;AL;NOTR;3;09.09.2026
MARBL;izle;;36,6;1,1;14,8;20,7;16;1;zayif;14,8;48,2;67,3;asagi;zayif;zayif;asagi;1,87;-0,54;3;12,29;0,08;31112934;13,00;SAT;NEGATIF;NOTR;NEGATIF;ARTIYOR;AL;AL;NOTR;2;09.09.2026
CMBTN;izle;;36,5;4,6;17,9;14,0;10;0;zayif;23,8;47,3;64,8;asagi;zayif;zayif;asagi;1,95;-0,67;4;1539;-1,28;65053530;1649,89;AL;NEGATIF;AL;NEGATIF;ARTIYOR;AL;AL;UCUZ (AL);4;09.09.2026
PCILT;izle;;36,5;28,2;7,6;0,7;6;0;zayif;17,1;41,3;55,0;yukari;zayif;zayif;asagi;0,72;-1,07;3;30,7;-2,35;50645729;29,53;SAT;NEGATIF;NOTR;NEGATIF;AZALIYOR;SAT;AL;NOTR;1;09.09.2026
RODRG;izle;;36,3;22,7;10,8;2,9;0;0;zayif;15,0;44,5;59,5;yukari;zayif;zayif;asagi;0,63;-0,65;1;24,34;-2,87;4813844;22,52;SAT;NEGATIF;NOTR;NEGATIF;AZALIYOR;SAT;SAT;NOTR;0;09.09.2026
OSTIM;izle;;36,2;1,3;16,9;18,0;6;0;zayif;15,4;51,0;62,5;asagi;zayif;zayif;asagi;2,41;-1,13;3;1,61;1,26;52025513;1,67;AL;POZITIF;NOTR;NEGATIF;ARTIYOR;AL;AL;UCUZ (AL);4;09.09.2026
KOCMT;izle;;36,2;22,4;8,7;5,1;38;3;zayif;29,4;40,0;54,0;asagi;zayif;zayif;asagi;1,00;-1,39;3;3,9;-2,99;269884189;4,76;SAT;NEGATIF;SAT;NEGATIF;AZALIYOR;AL;AL;NOTR;2;09.09.2026
TAVHL;izle;;36,1;1,5;18,2;16,4;40;5;zayif;12,6;52,3;58,3;asagi;zayif;zayif;asagi;0,90;0,14;2;276;0,27;848940396;286,88;SAT;POZITIF;NOTR;NEGATIF;AZALIYOR;AL;AL;NOTR;3;09.09.2026
ULAS;izle;;36,0;10,3;17,3;8,4;0;0;zayif;18,0;49,4;39,2;yukari;zayif;zayif;asagi;0,65;-0,96;2;21,96;0,00;3550668;19,75;AL;NEGATIF;NOTR;POZITIF;AZALIYOR;AL;AL;UCUZ (AL);4;09.09.2026
CUSAN;izle;;35,9;6,7;21,1;8,0;0;0;zayif;21,9;50,1;59,3;asagi;zayif;zayif;asagi;0,34;-0,04;2;24,58;-1,44;13889273;27,24;AL;POZITIF;AL;POZITIF;AZALIYOR;AL;AL;NOTR;6;09.09.2026
PGSUS;izle;;35,8;2,0;18,2;15,6;0;0;zayif;17,1;53,5;59,3;asagi;zayif;zayif;asagi;1,39;-0,69;2;154,7;-0,51;2287989640;158,55;AL;POZITIF;NOTR;POZITIF;ARTIYOR;AL;AL;UCUZ (AL);5;09.09.2026
KUTPO;izle;;35,6;5,1;16,5;13,9;46;5;zayif;25,2;46,6;48,9;asagi;zayif;zayif;asagi;1,09;-1,27;3;80,3;0,25;15045490;83,78;AL;NEGATIF;AL;NEGATIF;AZALIYOR;AL;AL;UCUZ (AL);4;09.09.2026
EPLAS;izle;;35,2;12,4;11,8;11,0;40;5;zayif;23,3;44,8;33,0;yukari;zayif;zayif;asagi;0,61;-0,73;2;5,52;-1,95;12511207;5,32;SAT;NEGATIF;AL;NEGATIF;AZALIYOR;SAT;AL;NOTR;2;09.09.2026
SDTTR;izle;;35,1;11,0;14,3;9,8;10;1;zayif;15,9;45,9;60,9;asagi;zayif;zayif;asagi;0,65;-0,53;0;21,66;-0,82;185276131;24,84;SAT;NEGATIF;NOTR;NEGATIF;AZALIYOR;SAT;AL;NOTR;1;09.09.2026
DESA;izle;;34,9;9,0;17,8;8,1;6;0;zayif;14,5;48,2;62,1;yukari;zayif;zayif;asagi;0,57;-0,98;3;9,88;-1,20;24727397;9,23;AL;NEGATIF;NOTR;NEGATIF;AZALIYOR;AL;AL;NOTR;3;09.09.2026
CEMAS;izle;;34,5;3,9;20,9;9,7;0;0;zayif;22,1;51,0;61,8;asagi;zayif;zayif;asagi;0,80;-0,33;0;4,22;-2,54;52460795;4,52;AL;POZITIF;AL;NEGATIF;ARTIYOR;AL;AL;NOTR;5;09.09.2026
MAKTK;izle;;34,4;12,7;13,8;8,0;0;0;zayif;24,1;44,2;78,5;yukari;zayif;zayif;asagi;0,59;-1,59;1;9,88;-1,00;26310025;9,45;AL;NEGATIF;AL;NEGATIF;AZALIYOR;SAT;AL;UCUZ (AL);3;09.09.2026
KLMSN;izle;;34,3;11,5;12,5;10,3;10;1;zayif;21,0;46,5;34,5;yukari;zayif;zayif;asagi;0,84;-1,26;2;28,3;0,43;15357533;26,86;SAT;NEGATIF;AL;NEGATIF;AZALIYOR;AL;AL;NOTR;3;09.09.2026
SKBNK;izle;;34,3;7,0;11,8;15,5;18;1;zayif;34,4;37,5;57,7;asagi;zayif;zayif;asagi;1,15;-6,30;1;6,38;-5,90;1116619823;7,12;AL;NEGATIF;AL;POZITIF;ARTIYOR;AL;AL;NOTR;5;09.09.2026
MNDTR;izle;;34,2;3,3;17,6;13,3;0;0;zayif;20,5;51,8;56,0;asagi;zayif;zayif;asagi;0,89;-0,83;1;5,13;-1,16;9245537;5,30;AL;POZITIF;AL;POZITIF;AZALIYOR;AL;AL;UCUZ (AL);6;09.09.2026
TMSN;izle;;34,2;0,2;16,0;18,0;0;0;zayif;12,5;45,5;65,0;asagi;zayif;zayif;asagi;2,10;-1,96;1;74,65;2,26;87790565;77,43;AL;NEGATIF;NOTR;NEGATIF;ARTIYOR;AL;AL;UCUZ (AL);3;09.09.2026
UNLU;izle;;34,1;2,4;13,7;18,0;14;0;zayif;33,9;44,0;48,3;asagi;zayif;zayif;asagi;1,39;-1,86;3;10,77;1,22;13786419;11,30;AL;NEGATIF;SAT;NEGATIF;ARTIYOR;AL;AL;UCUZ (AL);3;09.09.2026
PLTUR;izle;;33,8;1,7;20,6;11,5;0;0;zayif;16,4;53,1;65,6;asagi;zayif;zayif;asagi;0,39;-0,11;1;21,34;0,85;32939677;22,84;AL;POZITIF;NOTR;POZITIF;AZALIYOR;AL;AL;NOTR;5;09.09.2026
KCAER;izle;;33,7;20,8;8,1;4,9;28;2;zayif;29,1;36,6;30,5;asagi;zayif;zayif;asagi;0,87;-1,24;3;14,2;-1,73;185354205;16,05;SAT;NEGATIF;SAT;NEGATIF;AZALIYOR;SAT;AL;NOTR;1;09.09.2026
ADESE;izle;;33,7;7,0;16,2;10,5;0;0;zayif;30,5;45,5;52,5;asagi;zayif;zayif;asagi;2,10;-1,41;1;0,85;-2,30;220866340;0,93;AL;NEGATIF;AL;NEGATIF;ARTIYOR;AL;AL;UCUZ (AL);4;09.09.2026
ESCOM;izle;;33,6;13,4;8,6;11,6;46;4;zayif;18,0;40,4;38,0;asagi;zayif;zayif;asagi;1,16;-1,51;3;5,22;0,58;133110146;5,69;SAT;NEGATIF;NOTR;NEGATIF;AZALIYOR;AL;AL;NOTR;2;09.09.2026
SILVR;izle;;33,6;1,6;14,0;18,0;6;0;zayif;16,1;44,4;47,3;asagi;zayif;zayif;asagi;1,48;-1,42;3;2,22;0,91;3844325;2,36;AL;NEGATIF;NOTR;NEGATIF;ARTIYOR;AL;AL;UCUZ (AL);3;09.09.2026
VAKFN;izle;;33,6;2,4;13,2;18,0;0;0;zayif;34,6;42,2;48,9;asagi;zayif;zayif;asagi;1,69;-2,30;1;1,15;0,88;91629916;1,22;AL;NEGATIF;SAT;NEGATIF;AZALIYOR;AL;AL;UCUZ (AL);3;09.09.2026
BLUME;izle;;33,5;6,2;17,0;10,3;16;1;zayif;21,0;46,5;35,7;asagi;guclu;yukselis;asagi;0,66;0,08;3;38,2;0,79;82298920;45,13;SAT;NEGATIF;SAT;NEGATIF;ARTIYOR;SAT;SAT;NOTR;0;09.09.2026
EUPWR;izle;;33,4;15,3;8,0;10,0;10;1;zayif;29,2;38,4;49,2;asagi;zayif;zayif;asagi;1,89;-1,93;2;75,6;7,31;3292573234;88,15;SAT;NEGATIF;SAT;NEGATIF;ARTIYOR;SAT;AL;NOTR;1;09.09.2026
ONRYT;izle;;33,2;0,0;20,3;13,0;0;0;zayif;8,3;52,2;54,4;asagi;zayif;zayif;asagi;0,87;-0,18;2;60,5;-0,49;56262459;64,39;AL;POZITIF;NOTR;POZITIF;AZALIYOR;AL;AL;NOTR;5;09.09.2026
MOBTL;izle;;33,1;13,0;18,1;2,0;10;0;zayif;11,9;48,8;41,7;asagi;zayif;zayif;asagi;0,65;-0,62;4;13,22;-1,49;32695585;14,33;AL;NEGATIF;NOTR;POZITIF;AZALIYOR;AL;AL;NOTR;4;09.09.2026
GEDZA;izle;;32,9;9,1;6,8;17,0;28;2;zayif;19,9;40,7;58,5;yukari;zayif;zayif;asagi;1,17;-1,64;3;27,6;-1,85;16469196;27,38;SAT;NEGATIF;NOTR;NEGATIF;ARTIYOR;SAT;AL;NOTR;1;09.09.2026
EGSER;izle;;32,9;2,8;21,0;9,1;22;2;zayif;19,1;51,9;68,3;asagi;zayif;zayif;asagi;0,57;-0,18;2;2,98;-0,33;3793260;3,13;AL;POZITIF;NOTR;NEGATIF;AZALIYOR;AL;AL;NOTR;4;09.09.2026
MAALT;izle;;32,5;14,0;16,9;1,7;46;5;zayif;27,4;46,3;25,4;yukari;zayif;zayif;asagi;0,80;-1,12;3;1004;-0,99;35195220;954,44;AL;NEGATIF;AL;NEGATIF;AZALIYOR;SAT;SAT;NOTR;2;09.09.2026
BASCM;izle;;32,3;2,3;18,5;11,6;10;1;zayif;14,3;52,2;57,7;asagi;zayif;zayif;asagi;0,80;0,18;1;13,88;0,00;1226798;14,23;SAT;POZITIF;NOTR;NEGATIF;AZALIYOR;AL;AL;NOTR;3;09.09.2026
ATLAS;izle;;32,3;2,4;16,0;13,9;0;0;zayif;31,4;46,8;44,1;asagi;zayif;zayif;asagi;1,05;-1,77;2;6,39;2,73;5400662;6,60;AL;NEGATIF;SAT;NEGATIF;ARTIYOR;AL;AL;NOTR;3;09.09.2026
YYLGD;izle;;32,1;0,3;19,2;12,6;10;1;zayif;12,8;52,4;32,2;asagi;zayif;zayif;asagi;0,69;-0,56;2;10,28;0,78;49720443;10,53;AL;POZITIF;NOTR;POZITIF;AZALIYOR;AL;AL;NOTR;5;09.09.2026
ERBOS;izle;;32,0;0,6;13,5;18,0;0;0;zayif;16,2;43,2;43,5;asagi;zayif;zayif;asagi;1,52;-2,31;2;149,3;0,61;13413709;155,59;AL;NEGATIF;NOTR;NEGATIF;AZALIYOR;AL;AL;UCUZ (AL);3;09.09.2026
SEKUR;izle;;32,0;13,9;10,1;8,0;6;0;zayif;18,7;41,2;34,3;asagi;zayif;zayif;yukari;0,58;-0,97;3;9,71;0,73;12087144;11,42;SAT;NEGATIF;NOTR;NEGATIF;AZALIYOR;SAT;SAT;NOTR;0;09.09.2026
BEYAZ;izle;;32,0;0,6;16,6;14,8;0;0;zayif;13,5;48,6;42,1;asagi;zayif;zayif;asagi;1,44;-1,26;2;23;2,95;24964591;23,83;AL;NEGATIF;NOTR;NEGATIF;ARTIYOR;AL;AL;NOTR;3;09.09.2026
PENTA;izle;;31,6;0,0;19,9;11,7;40;3;zayif;10,8;50,2;66,6;asagi;zayif;zayif;asagi;0,70;-0,47;2;13,28;0,00;16398994;13,99;AL;POZITIF;NOTR;NEGATIF;AZALIYOR;AL;AL;NOTR;4;09.09.2026
SANFM;izle;;31,6;17,8;5,8;8,0;6;0;zayif;23,1;38,8;50,3;asagi;zayif;zayif;asagi;0,68;-1,15;3;9;-5,16;35641062;10,77;SAT;NEGATIF;SAT;NEGATIF;ARTIYOR;SAT;AL;NOTR;1;09.09.2026
ENTRA;izle;;31,6;1,0;16,6;14,0;0;0;zayif;14,5;45,4;42,2;asagi;zayif;zayif;asagi;3,75;-1,24;2;4,4;0,00;297344274;4,62;AL;NEGATIF;NOTR;NEGATIF;AZALIYOR;AL;AL;NOTR;3;09.09.2026
ISSEN;izle;;31,5;5,0;20,3;6,2;0;0;zayif;25,0;52,4;75,0;asagi;zayif;zayif;asagi;0,88;-0,40;2;7,05;-0,14;8375125;7,43;AL;POZITIF;AL;POZITIF;AZALIYOR;AL;AL;NOTR;6;09.09.2026
AKENR;izle;;31,5;3,5;19,9;8,1;18;1;zayif;21,1;50,6;54,8;asagi;zayif;zayif;asagi;0,71;-0,44;1;10,53;0,48;84021882;11,26;AL;POZITIF;AL;NEGATIF;AZALIYOR;AL;AL;NOTR;5;09.09.2026
MAVI;izle;;31,4;2,4;8,3;20,7;6;0;zayif;29,5;39,5;61,7;asagi;zayif;zayif;asagi;1,79;-2,32;3;36,7;0,22;271499700;38,68;SAT;NEGATIF;SAT;NEGATIF;ARTIYOR;AL;AL;NOTR;2;09.09.2026
USAK;izle;;31,4;0,4;12,9;18,0;0;0;zayif;15,3;41,4;42,2;asagi;zayif;zayif;asagi;1,49;-2,63;0;1,22;0,83;61741320;1,29;AL;NEGATIF;NOTR;NEGATIF;AZALIYOR;AL;AL;UCUZ (AL);3;09.09.2026
CEMTS;izle;;31,3;0,8;18,4;12,2;38;3;zayif;14,0;52,4;53,3;asagi;zayif;zayif;asagi;0,80;-0,84;3;8,98;0,67;10408359;9,23;AL;POZITIF;NOTR;POZITIF;AZALIYOR;AL;AL;UCUZ (AL);5;09.09.2026
MSGYO;izle;;31,2;0,5;16,7;14,0;6;0;zayif;13,4;45,7;45,4;asagi;zayif;zayif;asagi;1,45;-1,21;3;5,77;-1,70;17116630;6,21;AL;NEGATIF;NOTR;POZITIF;AZALIYOR;AL;AL;NOTR;4;09.09.2026
RUBNS;izle;;31,1;14,4;13,1;3,6;0;0;zayif;32,4;42,0;16,5;asagi;guclu;yukselis;asagi;0,92;-0,45;2;28,5;-1,04;74243612;34,29;SAT;NEGATIF;SAT;NEGATIF;AZALIYOR;SAT;SAT;NOTR;0;09.09.2026
ALKIM;izle;;31,0;0,2;17,7;13,1;0;0;zayif;12,6;50,9;59,8;asagi;zayif;zayif;asagi;1,22;-0,77;2;15,92;-2,63;34286713;16,48;AL;POZITIF;NOTR;POZITIF;ARTIYOR;AL;AL;NOTR;5;09.09.2026
ORCAY;izle;;30,9;0,2;16,7;14,0;0;0;zayif;12,5;48,0;35,1;asagi;zayif;zayif;asagi;1,40;-1,19;1;3,53;4,13;7140770;3,67;AL;NEGATIF;NOTR;NEGATIF;ARTIYOR;AL;AL;NOTR;3;09.09.2026
ALKA;izle;;30,7;0,6;16,3;13,8;32;3;zayif;13,5;49,0;57,3;asagi;zayif;zayif;asagi;0,98;-1,35;1;8,24;-1,32;23574887;8,61;AL;NEGATIF;NOTR;NEGATIF;AZALIYOR;AL;AL;UCUZ (AL);3;09.09.2026
PKART;izle;;30,5;13,7;7,3;9,5;0;0;zayif;17,0;40,0;62,4;asagi;zayif;zayif;asagi;0,79;-1,21;1;118;-3,04;61063584;140,43;SAT;NEGATIF;NOTR;NEGATIF;AZALIYOR;SAT;SAT;NOTR;0;09.09.2026
GENTS;izle;;30,5;1,2;16,0;13,2;0;0;zayif;15,2;46,3;63,5;asagi;zayif;zayif;asagi;1,01;-2,35;1;5,25;-0,57;33034229;5,56;AL;NEGATIF;NOTR;NEGATIF;AZALIYOR;AL;AL;UCUZ (AL);3;09.09.2026
SODSN;izle;;30,4;10,2;12,8;7,4;0;0;zayif;28,5;41,0;54,0;yukari;zayif;zayif;asagi;0,90;-3,19;2;7,48;0,13;514243;7,13;AL;NEGATIF;SAT;NEGATIF;AZALIYOR;AL;AL;UCUZ (AL);3;09.09.2026
ASUZU;izle;;30,3;4,0;16,0;10,3;6;0;zayif;22,3;49,8;59,5;asagi;zayif;zayif;asagi;0,84;-1,69;3;48,98;0,37;16533003;50,06;AL;NEGATIF;AL;NEGATIF;AZALIYOR;AL;AL;NOTR;4;09.09.2026
GWIND;izle;;30,1;0,0;16,0;14,1;6;0;zayif;11,1;45,8;63,2;asagi;zayif;zayif;asagi;1,21;-1,93;3;22,92;-0,17;93787013;23,62;AL;NEGATIF;NOTR;NEGATIF;AZALIYOR;AL;AL;NOTR;3;09.09.2026
TLMAN;izle;;30,1;4,9;17,2;8,0;6;0;zayif;24,6;49,3;54,3;asagi;zayif;zayif;asagi;0,64;-0,99;3;80,55;0,00;8991958;85,09;AL;NEGATIF;AL;NEGATIF;AZALIYOR;AL;AL;UCUZ (AL);4;09.09.2026
MERCN;izle;;30,0;1,8;16,2;12,1;0;0;zayif;25,0;47,1;27,5;asagi;zayif;zayif;asagi;1,18;-1,41;1;19;-1,04;91269236;19,80;AL;NEGATIF;SAT;POZITIF;AZALIYOR;AL;AL;NOTR;4;09.09.2026
SEYKM;izle;;29,9;2,8;13,1;14,0;6;0;zayif;19,2;46,4;29,6;asagi;zayif;zayif;asagi;1,76;-1,01;3;4,47;2,05;10594146;4,71;SAT;NEGATIF;NOTR;NEGATIF;ARTIYOR;AL;AL;NOTR;2;09.09.2026
PRDGS;izle;;29,8;19,0;9,7;1,1;20;1;zayif;30,2;41,3;29,5;yukari;zayif;zayif;asagi;0,75;-1,16;4;7,09;-1,12;41382770;6,87;SAT;NEGATIF;AL;NEGATIF;AZALIYOR;SAT;AL;NOTR;2;09.09.2026
IZMDC;izle;;29,6;22,4;7,1;0,0;28;2;zayif;31,3;35,3;37,4;asagi;zayif;zayif;asagi;0,60;-1,69;3;10,04;-0,89;68570359;12,65;SAT;NEGATIF;SAT;NEGATIF;AZALIYOR;SAT;AL;NOTR;1;09.09.2026
PKENT;izle;;29,4;3,3;13,5;12,6;18;1;zayif;20,4;43,4;44,4;asagi;zayif;zayif;asagi;0,92;-2,08;2;124,3;0,40;15831470;132,33;AL;NEGATIF;AL;NEGATIF;AZALIYOR;AL;AL;UCUZ (AL);4;09.09.2026
FONET;izle;;29,4;13,8;8,3;7,2;28;2;zayif;21,2;39,4;20,8;asagi;zayif;zayif;asagi;0,89;-1,54;3;4,78;0,63;87397702;5,37;SAT;NEGATIF;SAT;NEGATIF;AZALIYOR;SAT;AL;NOTR;1;09.09.2026
SNGYO;izle;;29,2;10,6;8,6;10,0;0;0;zayif;18,8;43,6;55,7;yukari;zayif;zayif;asagi;1,72;-1,38;2;3,22;-1,23;110592619;3,17;SAT;NEGATIF;NOTR;NEGATIF;AZALIYOR;SAT;SAT;UCUZ (AL);0;09.09.2026
DGNMO;izle;;29,0;5,0;6,0;18,0;16;1;zayif;26,9;31,5;32,2;asagi;zayif;zayif;asagi;1,67;-2,07;3;7,09;0,00;71853314;8,39;SAT;NEGATIF;SAT;NEGATIF;AZALIYOR;SAT;SAT;NOTR;0;09.09.2026
KRVGD;izle;;29,0;2,4;12,5;14,0;0;0;zayif;47,1;40,1;40,8;asagi;zayif;zayif;asagi;1,75;-2,78;2;2,29;0,44;36576240;2,40;AL;NEGATIF;SAT;POZITIF;ARTIYOR;AL;AL;NOTR;4;09.09.2026
MEKAG;izle;;29,0;3,3;16,0;9,7;0;0;zayif;20,4;46,0;72,4;asagi;zayif;zayif;asagi;0,80;-2,00;1;2,98;-1,32;23307998;3,17;AL;NEGATIF;AL;NEGATIF;AZALIYOR;AL;SAT;NOTR;3;09.09.2026
ATAGY;izle;;28,9;2,4;16,4;10,0;0;0;zayif;40,6;49,7;34,4;asagi;zayif;zayif;asagi;2,05;-1,31;2;10,3;4,46;4328719;10,60;AL;NEGATIF;SAT;NEGATIF;ARTIYOR;AL;AL;UCUZ (AL);3;09.09.2026
DESPC;izle;;28,8;3,0;17,8;8,0;0;0;zayif;19,8;47,1;68,1;asagi;zayif;zayif;asagi;0,48;-0,75;1;40,18;-0,30;11581604;45,12;AL;NEGATIF;NOTR;NEGATIF;AZALIYOR;AL;AL;NOTR;3;09.09.2026
ANSGR;izle;;28,5;6,0;8,1;14,4;32;2;zayif;19,4;38,7;31,5;asagi;zayif;zayif;asagi;1,36;-1,53;4;26,48;-0,15;148218781;28,02;SAT;NEGATIF;NOTR;NEGATIF;AZALIYOR;AL;AL;NOTR;2;09.09.2026
ESCAR;izle;;28,1;10,9;8,5;8,8;16;1;zayif;16,6;42,0;64,8;asagi;zayif;zayif;asagi;0,35;-1,15;3;43,5;0,00;56319189;48,26;SAT;NEGATIF;NOTR;NEGATIF;AZALIYOR;SAT;SAT;NOTR;0;09.09.2026
TABGD;izle;;28,1;3,8;6,4;17,8;6;0;zayif;18,1;40,0;38,1;asagi;zayif;zayif;asagi;2,12;-1,51;3;232,9;-3,44;318537097;254,84;SAT;NEGATIF;NOTR;NEGATIF;ARTIYOR;AL;AL;NOTR;2;09.09.2026
BRKO;izle;;28,0;7,5;13,9;6,6;10;0;zayif;12,3;49,1;48,2;asagi;zayif;zayif;asagi;1,09;-0,43;4;11,95;-0,42;4761274;13,18;SAT;NEGATIF;NOTR;NEGATIF;ARTIYOR;SAT;AL;NOTR;1;09.09.2026
ALCAR;izle;;27,8;1,1;14,0;12,7;0;0;zayif;14,9;44,9;65,4;asagi;zayif;zayif;asagi;0,98;-1,53;2;693;0,73;23047794;737,49;AL;NEGATIF;NOTR;NEGATIF;AZALIYOR;AL;AL;UCUZ (AL);3;09.09.2026
IHEVA;izle;;27,8;0,5;10,3;17,1;0;0;zayif;15,7;43,5;41,4;asagi;zayif;zayif;asagi;1,09;-1,23;1;1,96;0,51;2526671;2,07;SAT;NEGATIF;NOTR;NEGATIF;AZALIYOR;SAT;AL;UCUZ (AL);1;09.09.2026
VRGYO;izle;;27,8;0,9;16,4;10,5;6;0;zayif;14,3;48,9;55,5;asagi;zayif;zayif;asagi;1,27;-1,34;3;1,8;0,00;24544172;1,86;AL;NEGATIF;NOTR;NEGATIF;AZALIYOR;AL;AL;UCUZ (AL);3;09.09.2026
ZEDUR;izle;;27,7;2,4;12,3;13,0;0;0;zayif;33,2;39,2;69,6;asagi;zayif;zayif;asagi;1,00;-2,39;2;7,57;-0,53;11067658;8,21;AL;NEGATIF;SAT;NEGATIF;AZALIYOR;AL;AL;NOTR;3;09.09.2026
EDATA;izle;;27,5;13,8;3,7;10,0;0;0;zayif;18,2;32,7;27,4;asagi;zayif;zayif;asagi;1,71;-1,81;2;16,6;-7,62;127553039;20,46;SAT;NEGATIF;NOTR;NEGATIF;ARTIYOR;SAT;AL;NOTR;1;09.09.2026
ERSU;izle;;27,3;7,1;9,1;11,1;10;1;zayif;15,1;38,9;50,9;asagi;zayif;zayif;asagi;2,53;-1,10;2;22,8;-1,30;23121434;26,72;SAT;NEGATIF;NOTR;NEGATIF;ARTIYOR;SAT;AL;NOTR;1;09.09.2026
INVEO;izle;;27,3;0,3;13,9;13,1;0;0;zayif;12,7;44,8;51,1;asagi;zayif;zayif;asagi;1,01;-1,71;0;6,9;0,29;25758908;7,31;AL;NEGATIF;NOTR;POZITIF;AZALIYOR;AL;AL;UCUZ (AL);4;09.09.2026
BMSTL;izle;;27,2;10,0;14,1;3,2;16;1;zayif;12,3;45,1;33,1;asagi;zayif;zayif;asagi;0,76;-0,62;3;43,7;-1,31;78851406;47,29;SAT;NEGATIF;NOTR;NEGATIF;AZALIYOR;AL;AL;NOTR;2;09.09.2026
KLKIM;izle;;27,2;0,6;14,1;12,5;6;0;zayif;16,4;48,1;56,5;asagi;zayif;zayif;asagi;0,89;-1,04;3;26,62;-0,08;48916220;28,72;SAT;NEGATIF;NOTR;NEGATIF;ARTIYOR;AL;AL;UCUZ (AL);2;09.09.2026
FADE;izle;;27,2;7,8;19,4;0,0;0;0;zayif;10,8;47,2;68,1;asagi;zayif;zayif;asagi;0,52;-0,40;2;15,61;-2,25;25010685;17,28;AL;NEGATIF;NOTR;POZITIF;AZALIYOR;AL;SAT;NOTR;3;09.09.2026
BIENY;izle;;27,2;10,6;7,4;9,2;6;0;zayif;18,7;41,9;78,5;yukari;zayif;zayif;asagi;0,39;-1,33;3;20,58;-1,06;32127088;20,10;SAT;NEGATIF;NOTR;NEGATIF;ARTIYOR;SAT;AL;UCUZ (AL);1;09.09.2026
MTRYO;izle;;27,1;1,7;17,4;8,0;20;1;zayif;16,4;47,1;37,7;asagi;zayif;zayif;asagi;0,50;-0,92;4;8,91;1,60;1334433;9,63;AL;NEGATIF;NOTR;NEGATIF;AZALIYOR;AL;AL;NOTR;3;09.09.2026
BRYAT;izle;;26,9;0,8;16,2;9,9;6;0;zayif;14,1;47,7;55,4;asagi;zayif;zayif;asagi;0,90;-1,41;3;1699;-0,59;107635048;1780,06;AL;NEGATIF;NOTR;NEGATIF;AZALIYOR;AL;AL;UCUZ (AL);3;09.09.2026
SKTAS;izle;;26,8;4,4;18,2;4,2;10;0;zayif;23,2;48,3;70,9;asagi;zayif;zayif;asagi;0,95;-0,54;4;3,24;-2,41;55962670;3,49;AL;NEGATIF;AL;NEGATIF;AZALIYOR;AL;AL;UCUZ (AL);4;09.09.2026
GLRYH;izle;;26,6;2,2;13,4;11,0;0;0;zayif;17,7;47,2;68,3;asagi;zayif;zayif;asagi;0,42;-0,91;1;3,06;0,00;13128569;3,34;SAT;NEGATIF;NOTR;NEGATIF;AZALIYOR;SAT;AL;UCUZ (AL);1;09.09.2026
KATMR;izle;;26,6;2,4;6,2;17,9;10;0;zayif;45,7;32,5;41,8;asagi;zayif;zayif;asagi;1,29;-4,39;4;1,92;1,59;208714729;2,06;SAT;NEGATIF;SAT;NEGATIF;AZALIYOR;AL;AL;UCUZ (AL);2;09.09.2026
GOLTS;izle;;26,3;3,5;13,7;9,1;0;0;zayif;21,0;48,7;38,1;asagi;zayif;zayif;asagi;0,56;-0,99;2;301,25;-0,41;24898313;313,22;SAT;NEGATIF;AL;NEGATIF;AZALIYOR;AL;AL;NOTR;3;09.09.2026
UFUK;izle;;26,2;3,5;4,7;18,0;32;3;zayif;15,7;35,4;64,5;asagi;zayif;zayif;asagi;1,60;-1,65;2;1479;-4,58;384767766;1791,10;SAT;NEGATIF;NOTR;NEGATIF;ARTIYOR;SAT;SAT;NOTR;0;09.09.2026
GARFA;izle;;26,1;0,1;18,6;7,4;0;0;zayif;9,8;49,3;64,0;asagi;zayif;zayif;asagi;1,08;-0,71;2;26,86;-0,15;32031678;28,47;AL;NEGATIF;NOTR;NEGATIF;AZALIYOR;AL;AL;NOTR;3;09.09.2026
ECZYT;izle;;26,1;4,8;13,1;8,2;40;4;zayif;11,3;45,8;48,4;asagi;zayif;zayif;asagi;0,85;-1,03;2;312,75;-1,03;82918157;332,87;SAT;NEGATIF;NOTR;NEGATIF;AZALIYOR;AL;AL;NOTR;2;09.09.2026
GLCVY;izle;;26,0;0,6;16,7;8,8;10;1;zayif;13,6;45,7;58,5;asagi;zayif;zayif;asagi;0,70;-1,22;2;51,3;-3,21;21283857;55,12;AL;NEGATIF;NOTR;NEGATIF;ARTIYOR;AL;AL;UCUZ (AL);3;09.09.2026
EKIZ;izle;;25,9;2,4;12,5;11,0;0;0;zayif;37,6;40,0;54,0;asagi;zayif;zayif;asagi;0,88;-4,29;0;59,05;0,08;611758;61,69;AL;NEGATIF;SAT;NEGATIF;AZALIYOR;AL;AL;UCUZ (AL);3;09.09.2026
DOGUB;izle;;25,8;3,4;8,4;14,0;0;0;zayif;13,1;39,6;43,9;asagi;zayif;zayif;asagi;1,35;-2,11;2;64,6;1,41;35480452;78,65;SAT;NEGATIF;NOTR;NEGATIF;AZALIYOR;AL;AL;NOTR;2;09.09.2026
AKGRT;izle;;25,8;1,8;12,6;11,4;10;0;zayif;25,5;40,2;51,5;asagi;zayif;zayif;asagi;1,61;-2,77;4;6,2;-0,32;104953135;6,45;AL;NEGATIF;SAT;NEGATIF;AZALIYOR;AL;AL;UCUZ (AL);3;09.09.2026
MGROS;izle;;25,8;2,4;11,7;11,6;10;0;zayif;38,2;37,4;55,8;asagi;zayif;zayif;asagi;1,16;-3,51;5;533;-1,11;2232412403;568,11;AL;NEGATIF;SAT;NEGATIF;AZALIYOR;AL;AL;NOTR;3;09.09.2026
KIMMR;izle;;25,8;2,4;10,7;12,6;0;0;zayif;37,1;34,1;34,5;asagi;zayif;zayif;asagi;0,98;-3,62;2;13,13;-0,91;12938906;13,99;AL;NEGATIF;SAT;NEGATIF;ARTIYOR;AL;AL;NOTR;3;09.09.2026
LYDYE;izle;;25,7;0,9;14,2;10,6;50;4;zayif;18,3;44,5;53,4;asagi;zayif;zayif;asagi;1,36;-1,33;4;12107,5;-1,98;31939585;13268,29;AL;NEGATIF;NOTR;NEGATIF;ARTIYOR;AL;SAT;UCUZ (AL);2;09.09.2026
CLEBI;izle;;25,7;0,8;16,1;8,8;10;0;zayif;14,1;46,2;38,1;asagi;zayif;zayif;asagi;1,03;-1,47;5;1462;-0,81;36411110;1536,13;AL;NEGATIF;NOTR;NEGATIF;ARTIYOR;AL;AL;NOTR;3;09.09.2026
IMASM;izle;;25,5;1,5;14,0;10,0;46;4;zayif;16,0;44,9;21,6;asagi;zayif;zayif;asagi;1,65;-2,61;3;2,33;-4,51;124576742;2,44;AL;NEGATIF;NOTR;NEGATIF;ARTIYOR;AL;AL;UCUZ (AL);3;09.09.2026
DAPGM;izle;;25,5;0,4;17,0;8,0;0;0;zayif;13,1;48,5;48,0;asagi;zayif;zayif;asagi;0,56;-1,06;2;8,32;2,09;409553614;9,11;AL;NEGATIF;NOTR;NEGATIF;AZALIYOR;AL;AL;UCUZ (AL);3;09.09.2026
DERIM;izle;;25,4;5,7;7,9;11,9;22;2;zayif;26,6;42,7;50,9;asagi;zayif;zayif;asagi;0,93;-1,18;2;34,66;-2,15;15250573;39,16;SAT;NEGATIF;AL;NEGATIF;AZALIYOR;SAT;AL;NOTR;2;09.09.2026
ACSEL;izle;;25,4;4,0;8,8;12,5;6;0;zayif;19,6;41,2;46,4;asagi;zayif;zayif;asagi;0,97;-2,05;3;114,5;0,62;14988623;124,29;SAT;NEGATIF;NOTR;NEGATIF;AZALIYOR;AL;AL;NOTR;2;09.09.2026
VSNMD;izle;;25,1;1,3;5,9;18,0;6;0;zayif;21,4;31,2;46,8;asagi;zayif;zayif;asagi;2,70;-3,82;3;42,26;2,18;123084617;45,34;SAT;NEGATIF;SAT;NEGATIF;ARTIYOR;AL;AL;UCUZ (AL);2;09.09.2026
IHYAY;izle;;25,1;5,1;16,0;4,0;22;2;zayif;25,2;46,3;47,0;asagi;zayif;zayif;asagi;0,66;-2,26;2;1,24;0,00;1945584;1,31;AL;NEGATIF;AL;POZITIF;AZALIYOR;AL;AL;UCUZ (AL);5;09.09.2026
SEGMN;izle;;25,0;8,5;8,5;8,0;6;0;zayif;22,2;40,0;37,2;asagi;zayif;zayif;asagi;0,33;-1,56;3;46,54;0,09;17712566;55,16;SAT;NEGATIF;SAT;NEGATIF;AZALIYOR;SAT;AL;NOTR;1;09.09.2026
AKYHO;izle;;25,0;1,2;13,1;10,7;10;0;zayif;20,5;42,0;27,5;asagi;zayif;zayif;asagi;1,10;-1,57;4;2,12;0,00;3081138;2,27;AL;NEGATIF;SAT;NEGATIF;ARTIYOR;AL;AL;UCUZ (AL);3;09.09.2026
PEKGY;izle;;24,9;5,4;5,0;14,6;32;3;zayif;29,5;28,3;45,4;asagi;zayif;zayif;asagi;1,09;-3,85;1;10,85;1,88;2188032364;13,39;SAT;NEGATIF;SAT;NEGATIF;AZALIYOR;SAT;AL;NOTR;1;09.09.2026
LILAK;izle;;24,9;0,6;13,8;10,5;30;2;zayif;16,2;44,4;54,5;asagi;zayif;zayif;asagi;0,85;-2,05;2;28,82;-0,62;59146508;30,52;AL;NEGATIF;NOTR;NEGATIF;AZALIYOR;AL;AL;NOTR;3;09.09.2026
BIGTK;izle;;24,8;11,5;5,3;8,0;32;3;zayif;23,3;37,9;62,7;asagi;zayif;zayif;asagi;0,51;-1,24;2;281,5;0,54;105726615;367,92;SAT;NEGATIF;SAT;NEGATIF;AZALIYOR;SAT;SAT;NOTR;0;09.09.2026
ICUGS;izle;;24,7;4,8;5,9;14,0;10;0;zayif;25,4;31,2;63,6;asagi;zayif;zayif;asagi;2,00;-3,37;4;3,99;-0,50;114451578;4,82;SAT;NEGATIF;SAT;NEGATIF;AZALIYOR;AL;AL;NOTR;2;09.09.2026
EGEGY;izle;;24,5;4,5;10,9;9,1;40;4;zayif;22,8;44,9;50,7;asagi;zayif;zayif;asagi;0,73;-1,10;2;27,46;2,08;85680692;30,39;SAT;NEGATIF;SAT;NEGATIF;AZALIYOR;SAT;AL;NOTR;1;09.09.2026
PARSN;izle;;24,5;3,6;16,8;4,0;10;0;zayif;21,3;49,3;41,0;asagi;zayif;zayif;asagi;0,67;-1,14;4;72,75;-1,42;18052694;76,10;AL;NEGATIF;AL;POZITIF;AZALIYOR;AL;AL;UCUZ (AL);5;09.09.2026
YATAS;izle;;24,3;2,3;13,2;8,9;0;0;zayif;28,6;42,2;40,5;asagi;zayif;zayif;asagi;0,99;-2,88;1;31,2;1,30;31253539;32,70;AL;NEGATIF;SAT;NEGATIF;AZALIYOR;AL;AL;NOTR;3;09.09.2026
INGRM;izle;;24,0;1,9;9,2;12,9;0;0;zayif;16,9;43,5;51,8;asagi;zayif;zayif;asagi;0,99;-1,17;1;373;-1,45;24999206;411,43;SAT;NEGATIF;NOTR;NEGATIF;AZALIYOR;AL;AL;NOTR;2;09.09.2026
TBORG;izle;;24,0;7,4;7,8;8,8;0;0;zayif;29,6;41,5;52,3;asagi;zayif;zayif;asagi;0,44;-0,82;2;137;-0,87;25257731;157,08;SAT;NEGATIF;SAT;NEGATIF;AZALIYOR;SAT;SAT;NOTR;0;09.09.2026
VAKKO;izle;;23,9;0,4;18,4;5,1;0;0;zayif;13,1;49,3;52,4;asagi;zayif;zayif;asagi;0,65;-0,65;1;67,45;0,30;8933753;72,32;AL;NEGATIF;NOTR;NEGATIF;AZALIYOR;AL;AL;NOTR;3;09.09.2026
ICBCT;izle;;23,8;13,0;10,8;0,0;6;0;zayif;9,4;43,6;42,0;asagi;zayif;zayif;asagi;0,46;-0,97;3;19,66;-0,86;16266566;21,90;SAT;NEGATIF;NOTR;NEGATIF;AZALIYOR;AL;AL;NOTR;2;09.09.2026
KMPUR;izle;;23,5;7,3;8,5;7,7;0;0;zayif;28,6;39,8;47,0;asagi;zayif;zayif;asagi;0,92;-1,48;2;18,6;1,42;47058056;20,76;SAT;NEGATIF;SAT;NEGATIF;AZALIYOR;AL;AL;NOTR;2;09.09.2026
ALCTL;izle;;23,5;5,4;10,1;8,0;10;0;zayif;48,8;31,9;21,3;asagi;zayif;zayif;asagi;1,18;-3,69;4;112,8;-2,59;67404542;131,11;AL;NEGATIF;SAT;NEGATIF;ARTIYOR;AL;AL;NOTR;3;09.09.2026
YEOTK;izle;;23,5;12,2;7,3;4,0;10;0;zayif;17,2;35,9;28,3;asagi;zayif;zayif;asagi;0,62;-2,51;4;32,54;-1,69;329432910;37,53;SAT;NEGATIF;NOTR;NEGATIF;AZALIYOR;AL;AL;NOTR;2;09.09.2026
OYAYO;izle;;23,5;0,0;13,5;10,0;0;0;zayif;9,6;43,2;41,7;asagi;zayif;zayif;asagi;1,76;-1,83;1;41,64;-4,71;4444445;44,74;AL;NEGATIF;NOTR;NEGATIF;ARTIYOR;AL;AL;UCUZ (AL);3;09.09.2026
BALSU;izle;;23,4;2,2;7,2;14,0;6;0;zayif;28,2;35,6;50,7;asagi;zayif;zayif;asagi;1,75;-3,84;3;8,94;3,95;1072655431;10,57;SAT;NEGATIF;SAT;NEGATIF;ARTIYOR;AL;AL;UCUZ (AL);2;09.09.2026
SEGYO;izle;;23,3;1,8;11,5;10,0;0;0;zayif;25,2;36,6;52,0;asagi;zayif;zayif;asagi;1,32;-3,43;2;3,64;-0,27;14708978;3,90;AL;NEGATIF;SAT;NEGATIF;AZALIYOR;AL;AL;UCUZ (AL);3;09.09.2026
KOTON;izle;;23,3;0,8;8,5;14,0;10;0;zayif;17,6;40,0;46,6;asagi;zayif;zayif;asagi;1,47;-2,62;4;12,31;1,32;41792475;12,93;SAT;NEGATIF;NOTR;NEGATIF;ARTIYOR;SAT;AL;UCUZ (AL);1;09.09.2026
IZENR;izle;;23,2;1,3;7,3;14,6;0;0;zayif;21,9;36,1;39,7;asagi;zayif;zayif;asagi;1,09;-3,06;2;7,24;2,55;310875993;7,97;SAT;NEGATIF;SAT;NEGATIF;ARTIYOR;AL;AL;UCUZ (AL);2;09.09.2026
MOPAS;izle;;23,2;2,4;11,1;9,7;0;0;zayif;29,5;35,4;49,2;asagi;zayif;zayif;asagi;0,80;-3,97;2;26,02;-0,61;47074760;28,00;AL;NEGATIF;SAT;NEGATIF;AZALIYOR;AL;AL;NOTR;3;09.09.2026
RAYSG;izle;;23,2;0,7;13,8;8,7;6;0;zayif;17,1;44,3;50,4;asagi;zayif;zayif;asagi;0,74;-2,15;3;156;-1,33;17654832;166,26;AL;NEGATIF;NOTR;NEGATIF;AZALIYOR;AL;AL;UCUZ (AL);3;09.09.2026
LIDFA;izle;;23,0;0,0;13,0;10,0;8;0;zayif;9,9;41,5;50,3;asagi;zayif;zayif;asagi;1,56;-1,79;2;2,6;-0,76;37840912;2,83;AL;NEGATIF;NOTR;NEGATIF;AZALIYOR;AL;AL;NOTR;3;09.09.2026
DOAS;izle;;22,9;1,2;12,2;9,5;10;0;zayif;21,0;39,0;36,9;asagi;zayif;zayif;asagi;1,01;-3,04;5;164,7;-1,20;156219268;171,91;AL;NEGATIF;SAT;NEGATIF;AZALIYOR;AL;AL;NOTR;3;09.09.2026
PASEU;izle;;22,8;12,4;2,4;8,0;10;0;zayif;36,0;32,8;58,6;asagi;zayif;zayif;asagi;0,08;-2,65;4;115,6;-9,97;112410596;171,13;SAT;NEGATIF;SAT;NEGATIF;AZALIYOR;SAT;AL;NOTR;1;09.09.2026
SMRVA;izle;;22,8;1,2;8,9;12,7;0;0;zayif;15,1;41,3;44,7;asagi;zayif;zayif;asagi;0,98;-2,67;2;10,88;1,87;122960875;11,79;SAT;NEGATIF;NOTR;NEGATIF;AZALIYOR;AL;AL;UCUZ (AL);2;09.09.2026
BTCIM;izle;;22,7;2,4;6,3;14,0;10;0;zayif;50,5;32,6;38,0;asagi;zayif;zayif;asagi;2,13;-3,81;4;3,93;5,65;994724729;4,42;SAT;NEGATIF;SAT;NEGATIF;ARTIYOR;AL;AL;NOTR;2;09.09.2026
AYES;izle;;22,7;14,0;7,0;1,7;10;0;zayif;19,1;41,0;27,1;asagi;zayif;zayif;asagi;0,80;-1,65;5;29;-3,27;3880055;32,58;SAT;NEGATIF;NOTR;NEGATIF;ARTIYOR;SAT;SAT;NOTR;0;09.09.2026
SUWEN;izle;;22,6;2,1;20,2;0,3;0;0;zayif;17,4;51,2;78,3;asagi;zayif;zayif;asagi;0,43;-0,36;2;6,63;-2,50;22848379;7,06;AL;POZITIF;NOTR;POZITIF;AZALIYOR;AL;SAT;UCUZ (AL);4;09.09.2026
PAGYO;izle;;22,4;14,0;7,3;1,1;6;0;zayif;19,3;36,0;37,8;asagi;zayif;zayif;asagi;0,77;-2,11;3;137,5;-2,20;13114888;154,93;SAT;NEGATIF;NOTR;NEGATIF;AZALIYOR;SAT;AL;NOTR;1;09.09.2026
CRDFA;izle;;22,3;5,4;10,3;6,5;0;0;zayif;36,1;32,7;40,7;asagi;zayif;zayif;asagi;1,09;-3,36;1;25,1;0,80;51752184;30,15;AL;NEGATIF;SAT;NEGATIF;ARTIYOR;SAT;SAT;NOTR;1;09.09.2026
YONGA;izle;;22,3;1,4;11,8;9,1;6;0;zayif;22,4;37,6;18,0;asagi;zayif;zayif;asagi;1,24;-3,49;3;44,88;0,85;1012179;46,60;AL;NEGATIF;SAT;NEGATIF;AZALIYOR;AL;AL;UCUZ (AL);3;09.09.2026
BINHO;izle;;22,2;3,7;8,6;10,0;6;0;zayif;16,9;38,6;55,5;asagi;zayif;zayif;asagi;1,38;-1,28;3;9,3;-1,17;387736214;11,00;SAT;NEGATIF;NOTR;NEGATIF;AZALIYOR;SAT;AL;NOTR;1;09.09.2026
GESAN;izle;;22,2;5,9;6,2;10,0;10;1;zayif;31,4;32,5;39,4;asagi;zayif;zayif;asagi;1,69;-2,90;2;63,4;3,09;1886009949;76,83;SAT;NEGATIF;SAT;NEGATIF;ARTIYOR;SAT;AL;NOTR;1;09.09.2026
BAYRK;izle;;22,0;3,9;9,8;8,3;32;3;zayif;22,1;43,5;39,6;asagi;zayif;zayif;asagi;0,38;-1,37;1;4,22;-0,47;17105314;4,68;SAT;NEGATIF;AL;NEGATIF;AZALIYOR;SAT;AL;NOTR;2;09.09.2026
NATEN;izle;;21,9;1,0;12,9;8,0;6;0;zayif;19,4;41,4;32,2;asagi;zayif;zayif;asagi;0,60;-2,73;3;5,31;0,19;25223923;5,59;AL;NEGATIF;NOTR;NEGATIF;AZALIYOR;AL;AL;UCUZ (AL);3;09.09.2026
KTSKR;izle;;21,9;0,4;12,0;9,5;0;0;zayif;14,9;38,3;52,1;asagi;zayif;zayif;asagi;0,79;-2,80;2;79,15;0,57;25616027;85,30;AL;NEGATIF;NOTR;NEGATIF;AZALIYOR;AL;AL;NOTR;3;09.09.2026
KOPOL;izle;;21,9;0,8;9,3;11,7;0;0;zayif;18,2;42,8;48,0;asagi;zayif;zayif;asagi;0,92;-1,71;2;5,31;1,53;51178863;5,70;SAT;NEGATIF;NOTR;NEGATIF;AZALIYOR;AL;AL;NOTR;2;09.09.2026
ATEKS;izle;;21,8;4,7;13,6;3,5;6;0;zayif;24,8;43,5;39,2;asagi;zayif;zayif;asagi;0,91;-2,16;3;98,05;-1,11;1249059;106,40;AL;NEGATIF;SAT;NEGATIF;AZALIYOR;AL;AL;NOTR;3;09.09.2026
MERIT;izle;;21,8;0,0;13,8;8,0;0;0;zayif;8,8;43,6;57,2;asagi;zayif;zayif;asagi;0,69;-1,41;1;15,68;-1,20;26432497;16,57;AL;NEGATIF;NOTR;NEGATIF;AZALIYOR;AL;AL;NOTR;3;09.09.2026
BAKAB;izle;;21,8;4,0;11,7;6,0;0;0;zayif;19,7;37,5;31,8;asagi;zayif;zayif;asagi;0,82;-2,98;2;38,82;0,94;10671075;42,32;AL;NEGATIF;NOTR;NEGATIF;AZALIYOR;AL;AL;NOTR;3;09.09.2026
BEGYO;izle;;21,7;1,3;8,4;12,0;6;0;zayif;21,7;39,6;52,9;asagi;zayif;zayif;asagi;0,94;-2,39;3;3,41;0,29;10781049;3,67;SAT;NEGATIF;SAT;NEGATIF;ARTIYOR;AL;AL;UCUZ (AL);2;09.09.2026
KENT;izle;;21,6;0,9;10,0;10,6;16;1;zayif;18,7;43,6;55,2;asagi;zayif;zayif;asagi;0,86;-1,31;3;350;0,29;1347850;389,71;SAT;NEGATIF;NOTR;NEGATIF;AZALIYOR;SAT;SAT;UCUZ (AL);0;09.09.2026
OBASE;izle;;21,3;3,6;13,7;4,0;0;0;zayif;13,6;43,6;46,5;asagi;zayif;zayif;asagi;0,60;-1,45;2;36,28;-1,20;14128919;39,28;AL;NEGATIF;NOTR;NEGATIF;AZALIYOR;AL;AL;NOTR;3;09.09.2026
RNPOL;izle;;21,2;11,7;8,4;1,1;32;2;zayif;17,1;39,1;42,6;yukari;zayif;zayif;asagi;0,75;-1,44;4;2,23;-1,76;5591165;2,19;SAT;NEGATIF;NOTR;NEGATIF;AZALIYOR;SAT;AL;NOTR;1;09.09.2026
KZBGY;izle;;21,1;2,4;10,7;8,0;0;0;zayif;30,6;34,0;37,3;asagi;zayif;zayif;asagi;1,18;-4,59;2;1,87;-0,53;67279756;2,02;AL;NEGATIF;SAT;NEGATIF;AZALIYOR;AL;AL;UCUZ (AL);3;09.09.2026
VKFYO;izle;;21,1;0,9;13,4;6,7;40;3;zayif;14,4;43,1;51,4;asagi;zayif;zayif;asagi;1,10;-1,95;2;22,36;-3,12;5924327;24,79;AL;NEGATIF;NOTR;NEGATIF;ARTIYOR;AL;AL;UCUZ (AL);3;09.09.2026
HRKET;izle;;21,1;5,3;7,8;8,0;6;0;zayif;14,5;37,6;16,9;asagi;zayif;zayif;asagi;0,33;-1,81;3;86,05;-2,10;68624445;102,00;SAT;NEGATIF;NOTR;NEGATIF;AZALIYOR;SAT;AL;NOTR;1;09.09.2026
LINK;izle;;20,9;2,2;11,6;7,0;22;2;zayif;28,4;37,2;61,0;asagi;zayif;zayif;asagi;0,88;-3,01;2;5,28;-1,12;73698794;5,77;AL;NEGATIF;SAT;NEGATIF;AZALIYOR;AL;AL;NOTR;3;09.09.2026
IDGYO;izle;;20,8;2,4;10,6;7,7;6;0;zayif;35,4;33,6;48,7;asagi;zayif;zayif;asagi;0,92;-3,75;3;2,86;-2,39;4560556;3,32;AL;NEGATIF;SAT;NEGATIF;AZALIYOR;AL;AL;NOTR;3;09.09.2026
KRDMB;izle;;20,7;14,9;5,9;0,0;0;0;zayif;25,7;31,2;30,4;asagi;zayif;zayif;asagi;0,33;-2,53;2;104;1,66;71269744;124,74;SAT;NEGATIF;SAT;NEGATIF;AZALIYOR;SAT;AL;PAHALI (SAT);1;09.09.2026
YUNSA;izle;;20,7;2,1;6,8;11,8;10;0;zayif;27,6;34,3;30,2;asagi;zayif;zayif;asagi;1,17;-3,74;4;7,66;-0,78;47514919;8,07;SAT;NEGATIF;SAT;NEGATIF;AZALIYOR;AL;AL;NOTR;2;09.09.2026
SUMAS;izle;;20,6;2,0;10,7;7,9;0;0;zayif;26,5;34,0;31,6;asagi;zayif;zayif;asagi;1,18;-5,00;2;258;-0,77;873588;276,32;AL;NEGATIF;SAT;NEGATIF;AZALIYOR;AL;AL;NOTR;3;09.09.2026
BANVT;izle;;20,5;1,8;9,0;9,8;6;0;zayif;16,6;41,3;38,1;asagi;zayif;zayif;asagi;1,02;-1,47;3;151,2;-0,07;13417639;159,85;SAT;NEGATIF;NOTR;NEGATIF;AZALIYOR;AL;AL;NOTR;2;09.09.2026
ECILC;izle;;20,5;0,7;14,9;4,8;10;1;zayif;17,1;47,4;75,9;asagi;zayif;zayif;asagi;0,87;-0,82;2;73,1;-1,35;366293135;80,64;SAT;NEGATIF;NOTR;NEGATIF;AZALIYOR;SAT;AL;NOTR;1;09.09.2026
AYCES;izle;;20,4;0,0;12,4;8,0;0;0;zayif;9,4;39,6;47,5;asagi;zayif;zayif;asagi;0,39;-3,01;1;436;-1,52;20650268;489,81;AL;NEGATIF;NOTR;NEGATIF;AZALIYOR;SAT;AL;NOTR;2;09.09.2026
GSDHO;izle;;20,4;0,1;16,0;4,2;0;0;zayif;13,1;45,4;32,6;asagi;zayif;zayif;asagi;0,71;-1,56;2;4,69;-2,09;38851360;4,97;AL;NEGATIF;NOTR;NEGATIF;AZALIYOR;AL;AL;NOTR;3;09.09.2026
KBORU;izle;;20,3;5,1;7,2;8,0;0;0;zayif;27,5;35,8;63,7;asagi;zayif;zayif;asagi;0,62;-3,02;2;18,51;-0,48;168720094;21,66;SAT;NEGATIF;SAT;NEGATIF;AZALIYOR;AL;AL;NOTR;2;09.09.2026
DITAS;izle;;20,3;1,9;8,4;10,0;10;0;zayif;26,0;39,6;39,7;asagi;zayif;zayif;asagi;4,39;-2,58;4;21,18;9,97;267931088;24,58;SAT;NEGATIF;SAT;NEGATIF;ARTIYOR;SAT;AL;NOTR;1;09.09.2026
AYEN;izle;;20,1;3,2;9,5;7,4;0;0;zayif;11,6;43,4;55,9;asagi;zayif;zayif;asagi;0,90;-1,64;2;31;0,98;18287210;33,17;SAT;NEGATIF;NOTR;NEGATIF;AZALIYOR;AL;AL;NOTR;2;09.09.2026
KAPLM;izle;;20,0;2,4;7,6;10,0;0;0;zayif;33,8;37,0;48,1;asagi;zayif;zayif;asagi;1,44;-3,20;2;375,25;2,95;52491096;425,93;SAT;NEGATIF;SAT;NEGATIF;ARTIYOR;AL;AL;NOTR;2;09.09.2026
LUKSK;izle;;20,0;0,0;12,0;8,0;6;0;zayif;11,4;38,4;45,5;asagi;zayif;zayif;asagi;0,69;-2,48;3;83,5;-0,83;6569446;91,07;AL;NEGATIF;NOTR;NEGATIF;AZALIYOR;AL;AL;UCUZ (AL);3;09.09.2026
EKSUN;izle;;19,9;3,8;8,1;8,0;22;2;zayif;17,7;38,7;38,4;asagi;zayif;zayif;asagi;0,63;-2,28;1;5,69;0,89;17070899;6,32;SAT;NEGATIF;NOTR;NEGATIF;AZALIYOR;SAT;AL;NOTR;1;09.09.2026
HOROZ;izle;;19,8;1,6;10,2;8,0;0;0;zayif;16,2;43,4;25,4;asagi;zayif;zayif;asagi;0,43;-1,23;1;58,2;-3,00;62042655;64,74;SAT;NEGATIF;NOTR;NEGATIF;AZALIYOR;AL;AL;NOTR;2;09.09.2026
MHRGY;izle;;19,7;1,7;0,0;18,0;10;1;zayif;24,7;17,9;54,4;asagi;zayif;zayif;asagi;6,06;-6,43;2;2,25;0,45;64595617;2,88;SAT;NEGATIF;SAT;NEGATIF;ARTIYOR;SAT;SAT;UCUZ (AL);0;09.09.2026
KLSER;izle;;19,7;1,3;9,5;8,9;10;1;zayif;15,4;43,2;54,3;asagi;zayif;zayif;asagi;0,73;-1,86;2;23,84;0,51;27018849;24,77;SAT;NEGATIF;NOTR;NEGATIF;AZALIYOR;AL;AL;UCUZ (AL);2;09.09.2026
HEDEF;izle;;19,4;5,4;4,0;10,0;0;0;zayif;37,6;19,6;20,6;asagi;zayif;zayif;asagi;2,77;-7,48;0;40,36;-9,99;803236325;80,02;SAT;NEGATIF;SAT;NEGATIF;AZALIYOR;SAT;SAT;NOTR;0;09.09.2026
PNLSN;izle;;19,2;0,6;9,9;8,8;0;0;zayif;13,4;43,8;52,7;asagi;zayif;zayif;asagi;0,48;-1,41;2;41,4;0,49;19428440;44,88;SAT;NEGATIF;NOTR;NEGATIF;AZALIYOR;AL;AL;NOTR;2;09.09.2026
ARENA;izle;;19,1;0,8;13,0;5,3;8;0;zayif;14,0;41,8;58,2;asagi;zayif;zayif;asagi;0,78;-2,54;2;20,18;-0,49;17213560;22,09;AL;NEGATIF;NOTR;NEGATIF;AZALIYOR;AL;AL;NOTR;3;09.09.2026
YYAPI;izle;;19,1;2,4;6,3;10,3;0;0;zayif;42,3;32,6;28,1;asagi;zayif;zayif;asagi;1,43;-4,40;1;0,79;0,00;4253360;0,82;SAT;NEGATIF;SAT;NEGATIF;ARTIYOR;SAT;SAT;UCUZ (AL);0;09.09.2026
MZHLD;izle;;19,1;8,8;7,3;2,9;0;0;zayif;18,2;40,9;21,8;yukari;zayif;zayif;asagi;0,58;-1,71;2;5,21;-0,38;950398;5,18;SAT;NEGATIF;NOTR;NEGATIF;AZALIYOR;SAT;SAT;UCUZ (AL);0;09.09.2026
QNBTR;izle;;19,0;2,4;7,8;8,8;10;0;zayif;46,1;37,6;26,8;asagi;zayif;zayif;asagi;1,23;-4,90;4;184,2;0,11;2855653;189,30;SAT;NEGATIF;SAT;NEGATIF;AZALIYOR;AL;AL;UCUZ (AL);2;09.09.2026
MERKO;izle;;19,0;2,1;7,4;9,5;0;0;zayif;27,3;36,3;54,3;asagi;zayif;zayif;asagi;0,79;-3,99;2;1,24;-1,59;20981204;1,37;SAT;NEGATIF;SAT;NEGATIF;AZALIYOR;AL;AL;UCUZ (AL);2;09.09.2026
AHSGY;izle;;18,9;4,9;4,0;10,0;10;0;zayif;26,2;22,9;17,5;asagi;zayif;zayif;asagi;5,72;-4,65;4;14,13;-1,12;147150823;16,48;SAT;NEGATIF;SAT;NEGATIF;ARTIYOR;SAT;SAT;NOTR;0;09.09.2026
YESIL;izle;;18,9;1,1;6,6;11,2;10;0;zayif;20,4;33,6;50,5;asagi;zayif;zayif;asagi;0,89;-3,41;4;1,13;-0,88;14868246;1,23;SAT;NEGATIF;SAT;NEGATIF;AZALIYOR;AL;AL;UCUZ (AL);2;09.09.2026
DARDL;izle;;18,8;1,2;11,6;6,0;40;4;zayif;20,8;37,1;51,9;asagi;zayif;zayif;asagi;0,82;-2,99;2;1,6;0,00;21569448;1,72;AL;NEGATIF;SAT;NEGATIF;AZALIYOR;AL;AL;UCUZ (AL);3;09.09.2026
TRILC;izle;;18,8;2,4;12,4;4,0;0;0;zayif;32,6;39,6;32,6;asagi;zayif;zayif;asagi;0,53;-7,24;1;1,08;2,86;2527305;1,09;AL;NEGATIF;SAT;NEGATIF;ARTIYOR;AL;AL;UCUZ (AL);3;09.09.2026
CWENE;izle;;18,7;5,5;9,2;4,0;6;0;zayif;14,7;42,4;37,0;asagi;zayif;zayif;asagi;0,31;-1,58;3;33,1;-1,19;875186177;38,54;SAT;NEGATIF;NOTR;NEGATIF;AZALIYOR;AL;AL;NOTR;2;09.09.2026
TKNSA;izle;;18,7;1,6;13,1;4,0;16;1;zayif;24,0;45,4;41,3;asagi;zayif;zayif;asagi;0,31;-1,04;3;17,24;0,12;55360278;19,86;SAT;NEGATIF;SAT;NEGATIF;AZALIYOR;SAT;AL;UCUZ (AL);1;09.09.2026
MARMR;izle;;18,6;1,2;8,5;8,9;6;0;zayif;20,7;39,9;43,5;asagi;zayif;zayif;asagi;0,74;-1,69;3;2,19;-0,90;96880182;2,44;SAT;NEGATIF;SAT;NEGATIF;AZALIYOR;SAT;AL;NOTR;1;09.09.2026
EUYO;izle;;18,6;0,3;8,3;10,0;16;1;zayif;14,1;39,4;35,9;asagi;zayif;zayif;asagi;1,53;-1,97;3;4,69;0,00;7226830;5,38;SAT;NEGATIF;NOTR;NEGATIF;AZALIYOR;SAT;SAT;NOTR;0;09.09.2026
SANEL;izle;;18,5;8,4;5,9;4,1;6;0;zayif;14,4;36,0;48,0;asagi;zayif;zayif;asagi;0,95;-2,15;3;50,65;-3,06;22894762;64,41;SAT;NEGATIF;NOTR;NEGATIF;AZALIYOR;SAT;SAT;NOTR;0;09.09.2026
GOKNR;izle;;18,4;1,2;13,3;4,0;0;0;zayif;20,7;42,5;31,7;asagi;zayif;zayif;asagi;0,55;-2,86;1;18,16;-2,68;85748451;19,02;AL;NEGATIF;SAT;POZITIF;AZALIYOR;AL;AL;NOTR;4;09.09.2026
ALFAS;izle;;18,4;0,6;13,7;4,0;38;3;zayif;16,7;44,0;57,9;asagi;zayif;zayif;asagi;0,70;-1,96;3;39,94;-0,65;56240872;43,07;AL;NEGATIF;NOTR;NEGATIF;AZALIYOR;AL;AL;NOTR;3;09.09.2026
ELITE;izle;;18,1;1,5;10,6;6,0;16;1;zayif;22,7;33,8;51,8;asagi;zayif;zayif;asagi;0,82;-3,40;3;26,22;-0,53;39987362;28,87;AL;NEGATIF;SAT;NEGATIF;AZALIYOR;AL;AL;NOTR;3;09.09.2026
DERHL;izle;;18,1;1,3;8,9;8,0;6;0;zayif;21,2;41,2;30,1;asagi;zayif;zayif;asagi;0,52;-2,31;3;2,09;0,00;18960810;2,28;SAT;NEGATIF;SAT;NEGATIF;AZALIYOR;AL;AL;UCUZ (AL);2;09.09.2026
NTHOL;izle;;18,1;0,6;5,8;11,7;40;5;zayif;16,4;37,2;40,6;asagi;zayif;zayif;asagi;1,72;-1,68;2;41,5;-4,60;128386724;46,19;SAT;NEGATIF;NOTR;NEGATIF;ARTIYOR;SAT;AL;NOTR;1;09.09.2026
GRTHO;izle;;18,1;1,2;8,6;8,3;0;0;zayif;20,5;40,3;42,9;asagi;zayif;zayif;asagi;1,20;-2,08;1;199,5;4,18;280425579;232,15;SAT;NEGATIF;SAT;NEGATIF;AZALIYOR;AL;AL;NOTR;2;09.09.2026
SMART;izle;;18,0;0,9;7,1;10,0;6;0;zayif;14,3;39,4;42,1;asagi;zayif;zayif;asagi;1,39;-2,76;3;22,52;-3,60;33158178;25,47;SAT;NEGATIF;NOTR;NEGATIF;AZALIYOR;SAT;AL;NOTR;1;09.09.2026
A1CAP;izle;;18,0;2,4;5,5;10,0;10;0;zayif;32,1;30,1;27,3;asagi;zayif;zayif;asagi;3,96;-4,57;4;7,33;-2,01;249221920;8,11;SAT;NEGATIF;SAT;NEGATIF;ARTIYOR;SAT;AL;UCUZ (AL);1;09.09.2026
OYLUM;izle;;18,0;0,8;9,3;7,9;0;0;zayif;17,9;29,3;38,7;asagi;zayif;zayif;asagi;0,91;-2,47;2;7,02;-1,27;2985473;7,68;AL;NEGATIF;NOTR;NEGATIF;AZALIYOR;SAT;SAT;UCUZ (AL);1;09.09.2026
KFEIN;izle;;17,9;0,0;13,9;4,0;0;0;zayif;8,8;44,6;21,4;asagi;zayif;zayif;asagi;0,55;-1,51;1;8,11;-0,49;19959513;8,78;AL;NEGATIF;NOTR;NEGATIF;AZALIYOR;AL;AL;NOTR;3;09.09.2026
BURCE;izle;;17,8;0,1;8,5;9,3;10;1;zayif;12,3;39,8;62,6;asagi;zayif;zayif;asagi;0,78;-2,57;2;33,54;0,42;44381201;36,91;SAT;NEGATIF;NOTR;NEGATIF;AZALIYOR;AL;AL;UCUZ (AL);2;09.09.2026
TEZOL;izle;;17,8;2,4;11,2;4,1;6;0;zayif;37,9;35,8;36,8;asagi;zayif;zayif;asagi;0,71;-5,27;3;9,23;0,87;34673750;10,09;AL;NEGATIF;SAT;NEGATIF;AZALIYOR;AL;AL;UCUZ (AL);3;09.09.2026
YBTAS;izle;;17,8;2,4;5,4;10,0;10;0;zayif;38,3;29,6;31,5;asagi;zayif;zayif;asagi;1,41;-5,42;7;12,84;-1,08;1245570;13,75;SAT;NEGATIF;SAT;NEGATIF;ARTIYOR;SAT;AL;UCUZ (AL);1;09.09.2026
QNBFK;izle;;17,7;4,5;9,2;4,0;0;0;zayif;23,3;42,3;41,2;asagi;zayif;zayif;asagi;0,52;-1,58;2;41,4;0,98;636566;44,31;SAT;NEGATIF;SAT;NEGATIF;AZALIYOR;AL;AL;NOTR;2;09.09.2026
SNICA;izle;;17,7;0,6;13,1;4,0;8;0;zayif;16,5;42,0;56,2;asagi;zayif;zayif;asagi;0,63;-2,56;2;3,17;-0,31;34289811;3,58;AL;NEGATIF;NOTR;NEGATIF;AZALIYOR;AL;SAT;UCUZ (AL);2;09.09.2026
SUNTK;izle;;17,6;0,9;8,7;8,0;0;0;zayif;18,7;39,6;62,2;asagi;zayif;zayif;asagi;0,43;-1,35;1;33,36;0,91;27412746;40,25;SAT;NEGATIF;NOTR;NEGATIF;AZALIYOR;AL;AL;NOTR;2;09.09.2026
MEGAP;izle;;17,6;2,4;10,4;4,8;0;0;zayif;29,5;33,1;37,6;asagi;zayif;zayif;asagi;0,99;-5,43;1;1,68;0,00;1011224;1,74;AL;NEGATIF;SAT;NEGATIF;AZALIYOR;AL;AL;UCUZ (AL);3;09.09.2026
TUREX;izle;;17,4;1,1;6,7;9,6;10;0;zayif;20,2;33,9;25,3;asagi;zayif;zayif;asagi;1,04;-3,54;4;6,02;-1,47;96608484;6,68;SAT;NEGATIF;SAT;NEGATIF;AZALIYOR;SAT;AL;NOTR;1;09.09.2026
AVHOL;izle;;17,4;1,6;7,8;8,0;6;0;zayif;23,5;37,7;41,7;asagi;zayif;zayif;asagi;0,36;-2,72;3;34,3;0,35;24348918;36,64;SAT;NEGATIF;SAT;NEGATIF;AZALIYOR;AL;AL;NOTR;2;09.09.2026
AKSUE;izle;;17,3;5,4;5,2;6,7;0;0;zayif;35,4;29,0;27,4;asagi;zayif;zayif;asagi;0,86;-3,75;1;30;-3,23;68607480;36,50;SAT;NEGATIF;SAT;NEGATIF;AZALIYOR;AL;AL;NOTR;2;09.09.2026
ORMA;izle;;17,3;0,9;9,1;7,3;10;0;zayif;18,5;42,0;24,7;asagi;zayif;zayif;asagi;1,14;-2,46;4;155,3;1,70;1485445;163,53;SAT;NEGATIF;NOTR;NEGATIF;AZALIYOR;AL;AL;NOTR;2;09.09.2026
LKMNH;izle;;17,2;2,4;7,2;7,5;6;0;zayif;44,2;35,8;43,9;asagi;zayif;zayif;asagi;1,10;-2,70;3;13;0,08;21052226;14,02;SAT;NEGATIF;SAT;NEGATIF;AZALIYOR;SAT;AL;UCUZ (AL);1;09.09.2026
ALVES;izle;;17,1;2,4;4,6;10,0;6;0;zayif;31,6;27,0;35,0;asagi;zayif;zayif;asagi;1,06;-6,54;3;1,33;6,40;180546733;1,53;SAT;NEGATIF;SAT;NEGATIF;AZALIYOR;AL;AL;UCUZ (AL);2;08.09.2026
SEKFK;izle;;17,1;1,6;11,5;4,0;6;0;zayif;23,4;36,7;47,5;asagi;zayif;zayif;asagi;0,61;-2,41;3;4,48;0,67;2244861;4,94;AL;NEGATIF;SAT;NEGATIF;AZALIYOR;AL;AL;NOTR;3;09.09.2026
HTTBT;izle;;17,1;0,5;8,5;8,0;10;0;zayif;15,7;40,2;45,2;asagi;zayif;zayif;asagi;1,05;-1,92;6;35,44;-0,11;17849640;37,68;SAT;NEGATIF;NOTR;NEGATIF;AZALIYOR;AL;SAT;UCUZ (AL);1;09.09.2026
REEDR;izle;;17,0;0,4;6,4;10,2;10;0;zayif;14,8;33,1;46,3;asagi;zayif;zayif;asagi;1,07;-3,73;4;5,54;-0,89;69021087;6,03;SAT;NEGATIF;NOTR;NEGATIF;AZALIYOR;AL;AL;NOTR;2;09.09.2026
LRSHO;izle;;17,0;0,6;12,5;4,0;42;3;zayif;13,4;39,9;12,9;asagi;zayif;zayif;asagi;0,52;-3,13;4;2,49;-1,19;39327331;2,69;AL;NEGATIF;NOTR;NEGATIF;AZALIYOR;AL;AL;UCUZ (AL);3;09.09.2026
A1YEN;izle;;17,0;0,4;8,6;8,0;0;0;zayif;15,2;40,2;70,7;asagi;zayif;zayif;asagi;0,63;-1,86;1;2,63;0,00;33289927;2,86;SAT;NEGATIF;NOTR;NEGATIF;AZALIYOR;SAT;AL;NOTR;1;09.09.2026
HUBVC;izle;;16,9;0,3;12,4;4,2;6;0;zayif;14,6;39,8;42,1;asagi;zayif;zayif;asagi;0,95;-2,13;3;2,48;-0,40;4362305;2,75;AL;NEGATIF;NOTR;POZITIF;AZALIYOR;SAT;SAT;NOTR;2;09.09.2026
VKING;izle;;16,8;2,4;7,8;6,6;0;0;zayif;42,4;37,8;47,0;asagi;zayif;zayif;asagi;0,85;-2,55;2;20,8;0,29;6080589;22,35;SAT;NEGATIF;SAT;NEGATIF;AZALIYOR;AL;AL;UCUZ (AL);2;09.09.2026
MAKIM;izle;;16,8;0,3;7,8;8,7;0;0;zayif;13,9;37,7;67,6;asagi;zayif;zayif;asagi;0,74;-2,43;2;15,02;1,28;13534657;16,47;SAT;NEGATIF;NOTR;NEGATIF;AZALIYOR;SAT;AL;NOTR;1;09.09.2026
EGEPO;izle;;16,8;5,4;1,3;10,0;0;0;zayif;35,2;26,6;34,3;asagi;zayif;zayif;asagi;2,43;-4,61;2;12,66;-8,39;121874528;16,10;SAT;NEGATIF;SAT;NEGATIF;ARTIYOR;SAT;SAT;NOTR;0;09.09.2026
SAFKR;izle;;16,8;2,4;4,3;10,0;16;1;zayif;40,0;26,0;15,3;asagi;zayif;zayif;asagi;1,45;-5,03;3;14,7;4,48;103913109;16,62;SAT;NEGATIF;SAT;NEGATIF;ARTIYOR;SAT;AL;UCUZ (AL);1;09.09.2026
RTALB;izle;;16,7;0,0;12,7;4,0;0;0;zayif;11,6;40,8;29,8;asagi;zayif;zayif;asagi;0,60;-2,81;2;2,84;0,71;23507683;3,00;AL;NEGATIF;NOTR;NEGATIF;AZALIYOR;AL;AL;NOTR;3;09.09.2026
TATEN;izle;;16,5;1,5;11,1;4,0;0;0;zayif;22,8;35,2;21,0;asagi;zayif;zayif;asagi;0,65;-3,98;1;8,08;2,67;189419480;9,11;AL;NEGATIF;SAT;NEGATIF;AZALIYOR;AL;AL;UCUZ (AL);3;09.09.2026
GRSEL;izle;;16,3;5,4;6,7;4,2;0;0;zayif;30,2;33,9;16,9;asagi;zayif;zayif;asagi;0,91;-2,07;2;300;1,35;102108000;323,71;SAT;NEGATIF;SAT;NEGATIF;AZALIYOR;AL;AL;NOTR;2;09.09.2026
KRTEK;izle;;16,2;0,8;11,4;4,0;10;0;zayif;18,0;36,2;15,9;asagi;zayif;zayif;asagi;0,46;-2,74;4;5,17;-1,71;2208945;5,80;AL;NEGATIF;NOTR;NEGATIF;ARTIYOR;AL;AL;UCUZ (AL);3;09.09.2026
ONCSM;izle;;16,1;2,0;6,4;7,7;6;0;zayif;26,8;32,9;40,1;asagi;zayif;zayif;asagi;1,16;-3,41;3;183,1;4,63;200418880;229,69;SAT;NEGATIF;SAT;NEGATIF;ARTIYOR;SAT;AL;UCUZ (AL);1;09.09.2026
DGATE;izle;;16,0;4,3;7,7;4,0;6;0;zayif;21,6;37,3;43,3;asagi;zayif;zayif;asagi;0,42;-1,91;3;88,7;-0,34;13528879;106,46;SAT;NEGATIF;SAT;NEGATIF;AZALIYOR;AL;AL;NOTR;2;09.09.2026
POLTK;izle;;15,8;0,8;7,2;7,9;6;0;zayif;17,6;35,6;35,2;asagi;zayif;zayif;asagi;1,17;-2,95;3;4085;-0,12;33983115;4459,83;SAT;NEGATIF;NOTR;NEGATIF;AZALIYOR;AL;AL;UCUZ (AL);2;09.09.2026
KLRHO;izle;;15,6;0,5;11,1;4,0;0;0;zayif;16,0;35,3;36,0;asagi;zayif;zayif;asagi;0,45;-4,49;1;63,05;-0,47;95774968;71,83;AL;NEGATIF;NOTR;NEGATIF;AZALIYOR;AL;AL;UCUZ (AL);3;09.09.2026
EUHOL;izle;;15,4;1,4;8,7;5,3;10;0;zayif;22,5;40,6;18,2;asagi;zayif;zayif;asagi;1,02;-2,27;5;9,87;3,24;7461226;10,60;SAT;NEGATIF;SAT;NEGATIF;ARTIYOR;SAT;AL;NOTR;1;09.09.2026
GATEG;izle;;15,3;3,9;7,5;4,0;50;5;zayif;18,3;42,6;50,8;asagi;zayif;zayif;asagi;0,40;-1,68;4;276,5;-2,73;1437247;306,19;SAT;NEGATIF;NOTR;NEGATIF;AZALIYOR;SAT;SAT;NOTR;0;09.09.2026
FORMT;izle;;15,3;2,4;4,4;8,5;0;0;zayif;39,9;26,4;45,9;asagi;zayif;zayif;asagi;0,97;-5,74;2;1,5;0,00;25763255;1,62;SAT;NEGATIF;SAT;NEGATIF;AZALIYOR;AL;AL;UCUZ (AL);2;09.09.2026
SAMAT;izle;;15,1;0,5;13,5;1,0;6;0;zayif;16,0;43,1;28,0;asagi;zayif;zayif;asagi;0,76;-1,45;3;5,29;0,76;4564461;5,77;AL;NEGATIF;NOTR;NEGATIF;AZALIYOR;SAT;AL;NOTR;2;09.09.2026
ATAKP;izle;;14,9;2,4;5,5;6,9;10;0;zayif;31,5;30,2;48,0;asagi;zayif;zayif;asagi;1,11;-4,41;5;41,74;-0,10;17684153;45,29;SAT;NEGATIF;SAT;NEGATIF;AZALIYOR;AL;AL;UCUZ (AL);2;09.09.2026
DUNYH;izle;;14,9;5,4;5,5;4,0;42;3;zayif;32,6;29,9;29,3;asagi;zayif;zayif;asagi;0,65;-2,19;5;117,7;-1,51;79936426;148,66;SAT;NEGATIF;SAT;NEGATIF;AZALIYOR;SAT;SAT;NOTR;0;09.09.2026
GEDIK;izle;;14,7;4,1;6,6;4,0;0;0;zayif;20,0;33,8;29,3;asagi;zayif;zayif;asagi;0,55;-2,44;2;5,77;-0,69;30521534;6,37;SAT;NEGATIF;NOTR;NEGATIF;AZALIYOR;AL;AL;NOTR;2;09.09.2026
SURGY;izle;;14,4;2,4;8,0;4,0;0;0;zayif;40,8;20,3;44,3;asagi;zayif;zayif;asagi;0,42;-7,98;2;30,76;0,07;91891224;35,65;AL;NEGATIF;SAT;NEGATIF;AZALIYOR;AL;AL;UCUZ (AL);3;09.09.2026
CGCAM;izle;;14,2;2,1;6,5;5,5;6;0;zayif;27,7;33,4;50,4;asagi;zayif;zayif;asagi;0,79;-3,78;3;32,62;-1,69;55893391;36,28;SAT;NEGATIF;SAT;NEGATIF;AZALIYOR;AL;AL;NOTR;2;09.09.2026
BSOKE;izle;;14,1;5,4;4,0;4,6;6;0;zayif;35,9;22,4;3,7;asagi;zayif;zayif;asagi;0,98;-4,75;3;21,18;-0,75;253733985;27,96;SAT;NEGATIF;SAT;NEGATIF;AZALIYOR;AL;SAT;NOTR;1;09.09.2026
ISKPL;izle;;13,6;8,4;5,2;0,0;6;0;zayif;15,0;37,4;47,5;yukari;zayif;zayif;asagi;0,49;-2,86;3;7,04;-1,95;169507487;7,02;SAT;NEGATIF;NOTR;NEGATIF;AZALIYOR;SAT;AL;UCUZ (AL);1;09.09.2026
ANGEN;izle;;13,6;0,5;13,0;0,0;6;0;zayif;16,0;41,7;40,0;asagi;zayif;zayif;asagi;0,65;-2,60;3;9,02;-0,11;10651123;9,43;AL;NEGATIF;NOTR;NEGATIF;AZALIYOR;AL;AL;UCUZ (AL);3;09.09.2026
SKYLP;izle;;13,6;1,9;1,7;10,0;0;0;zayif;25,6;29,4;21,5;asagi;zayif;zayif;asagi;2,68;-4,07;2;174,7;5,75;30658103;218,44;SAT;NEGATIF;SAT;NEGATIF;ARTIYOR;SAT;AL;NOTR;1;09.09.2026
BORLS;izle;;13,5;2,2;1,3;10,0;10;0;zayif;28,0;21,1;13,0;asagi;zayif;zayif;asagi;2,64;-4,96;5;3,03;1,00;242183773;4,11;SAT;NEGATIF;SAT;NEGATIF;AZALIYOR;SAT;SAT;NOTR;0;09.09.2026
GUNDG;izle;;13,5;4,5;0,9;8,0;0;0;zayif;23,3;28,0;58,6;asagi;zayif;zayif;asagi;0,19;-3,77;2;916,5;-9,97;34640034;1471,25;SAT;NEGATIF;SAT;NEGATIF;AZALIYOR;SAT;SAT;NOTR;0;09.09.2026
LMKDC;izle;;13,4;1,3;9,1;3,1;20;1;zayif;21,2;41,9;25,6;asagi;zayif;zayif;asagi;0,89;-2,46;4;22,86;-0,52;82862905;24,32;SAT;NEGATIF;SAT;NEGATIF;AZALIYOR;AL;AL;UCUZ (AL);2;09.09.2026
CMENT;izle;;13,3;2,4;0,9;10,0;10;0;zayif;47,3;22,9;28,4;asagi;zayif;zayif;asagi;1,41;-6,17;4;242,6;-0,29;1512126;257,52;SAT;NEGATIF;SAT;NEGATIF;AZALIYOR;SAT;AL;UCUZ (AL);1;09.09.2026
ARZUM;izle;;13,3;1,1;8,3;4,0;0;0;zayif;14,7;39,2;39,8;asagi;zayif;zayif;asagi;0,37;-3,06;2;1,55;-0,64;11862231;1,75;SAT;NEGATIF;NOTR;NEGATIF;AZALIYOR;AL;AL;UCUZ (AL);2;09.09.2026
KSTUR;izle;;13,3;2,4;0,9;10,0;0;0;zayif;32,0;25,1;25,4;asagi;zayif;zayif;asagi;1,56;-6,54;2;2090;-3,24;2650120;2310,63;SAT;NEGATIF;SAT;NEGATIF;ARTIYOR;SAT;AL;UCUZ (AL);1;09.09.2026
OYYAT;izle;;13,3;2,4;7,9;3,0;6;0;zayif;18,1;42,3;64,4;asagi;zayif;zayif;asagi;0,88;-2,07;3;34,42;-1,60;20972863;37,66;SAT;NEGATIF;NOTR;NEGATIF;AZALIYOR;SAT;AL;NOTR;1;09.09.2026
DOFRB;izle;;13,2;4,1;7,8;1,3;0;0;zayif;19,9;37,7;62,1;asagi;zayif;zayif;asagi;0,78;-2,72;1;115,5;-3,19;415615200;135,98;SAT;NEGATIF;NOTR;NEGATIF;AZALIYOR;AL;AL;NOTR;2;09.09.2026
BRMEN;izle;;13,2;5,4;4,2;3,5;10;0;zayif;30,4;25,8;6,4;asagi;zayif;zayif;asagi;0,91;-4,76;4;11,5;-4,80;2827206;13,98;SAT;NEGATIF;SAT;NEGATIF;ARTIYOR;SAT;SAT;NOTR;0;09.09.2026
OSMEN;izle;;13,0;1,1;7,9;4,0;28;2;zayif;20,3;37,9;22,0;asagi;zayif;zayif;asagi;0,70;-2,39;3;6,98;-1,41;20177533;7,79;SAT;NEGATIF;SAT;NEGATIF;AZALIYOR;AL;AL;NOTR;2;09.09.2026
SELVA;izle;;13,0;1,5;7,5;4,0;0;0;zayif;15,8;36,8;58,3;asagi;zayif;zayif;asagi;0,45;-3,50;2;1,58;-0,63;20482869;1,70;SAT;NEGATIF;NOTR;NEGATIF;AZALIYOR;AL;AL;UCUZ (AL);2;09.09.2026
MEGMT;izle;;13,0;2,4;10,5;0,0;0;0;zayif;43,1;33,5;33,7;asagi;zayif;zayif;asagi;0,70;-4,65;1;47;-0,63;281064794;53,65;AL;NEGATIF;SAT;POZITIF;AZALIYOR;AL;AL;NOTR;4;09.09.2026
KRSTL;izle;;12,9;2,4;10,3;0,2;6;0;zayif;36,6;32,6;42,4;asagi;zayif;zayif;asagi;0,71;-3,90;3;8,9;0,00;25880470;9,39;AL;NEGATIF;SAT;NEGATIF;AZALIYOR;AL;AL;NOTR;3;09.09.2026
AZTEK;izle;;12,7;2,3;6,4;4,0;0;0;zayif;28,9;33,1;23,6;asagi;zayif;zayif;asagi;0,60;-3,43;2;3,71;-0,80;15358777;4,10;SAT;NEGATIF;SAT;NEGATIF;AZALIYOR;AL;AL;NOTR;2;09.09.2026
GLBMD;izle;;12,6;0,5;12,1;0,0;0;0;zayif;15,9;38,6;28,2;asagi;zayif;zayif;asagi;0,42;-1,56;2;11,52;-0,26;1031351;12,76;AL;NEGATIF;NOTR;NEGATIF;AZALIYOR;AL;AL;NOTR;3;09.09.2026
EMKEL;izle;;12,3;2,4;4,0;5,8;10;0;zayif;42,8;17,7;30,0;asagi;zayif;zayif;asagi;1,05;-6,53;4;12,89;-1,75;59059080;14,79;SAT;NEGATIF;SAT;NEGATIF;AZALIYOR;AL;AL;UCUZ (AL);2;09.09.2026
DCTTR;izle;;12,0;2,4;8,0;1,6;10;0;zayif;51,6;18,4;34,8;asagi;zayif;zayif;asagi;0,79;-7,41;6;5,88;-2,65;41394118;6,97;AL;NEGATIF;SAT;NEGATIF;AZALIYOR;AL;SAT;UCUZ (AL);2;09.09.2026
BURVA;izle;;11,9;3,7;8,2;0,0;10;0;zayif;17,1;38,9;10,1;asagi;zayif;zayif;asagi;0,59;-2,49;4;651;-2,25;29303463;787,91;SAT;NEGATIF;NOTR;NEGATIF;ARTIYOR;AL;AL;NOTR;2;09.09.2026
FZLGY;izle;;11,8;2,4;5,4;4,0;0;0;zayif;32,1;29,6;43,1;asagi;zayif;zayif;asagi;0,54;-4,60;2;8,31;1,22;90283912;9,66;SAT;NEGATIF;SAT;NEGATIF;AZALIYOR;AL;AL;UCUZ (AL);2;09.09.2026
SOKE;izle;;11,7;2,0;4,0;5,7;0;0;zayif;26,9;24,6;26,0;asagi;zayif;zayif;asagi;0,80;-4,71;2;11,62;-0,77;27807787;13,23;SAT;NEGATIF;SAT;NEGATIF;AZALIYOR;AL;AL;NOTR;2;09.09.2026
BMSCH;izle;;11,7;2,4;5,2;4,0;6;0;zayif;32,6;29,1;32,9;asagi;zayif;zayif;asagi;0,56;-5,04;3;10,17;-2,59;8160744;11,44;SAT;NEGATIF;SAT;NEGATIF;AZALIYOR;AL;AL;UCUZ (AL);2;09.09.2026
MEDTR;izle;;11,4;1,1;8,7;1,6;6;0;zayif;19,9;40,7;32,8;asagi;zayif;zayif;asagi;0,77;-2,31;3;24,72;1,15;5190928;26,11;SAT;NEGATIF;NOTR;NEGATIF;ARTIYOR;SAT;AL;NOTR;1;09.09.2026
BYDNR;izle;;11,4;6,7;3,1;1,6;6;0;zayif;24,7;31,0;34,6;asagi;zayif;zayif;asagi;0,59;-2,00;3;35;-0,34;15372420;39,74;SAT;NEGATIF;SAT;NEGATIF;AZALIYOR;SAT;AL;NOTR;1;09.09.2026
AGROT;izle;;11,4;0,4;6,9;4,0;22;2;zayif;15,0;34,8;4,2;asagi;zayif;zayif;asagi;0,26;-3,91;1;1,97;0,00;60227504;2,25;SAT;NEGATIF;NOTR;NEGATIF;AZALIYOR;AL;AL;UCUZ (AL);2;09.09.2026
INFO;izle;;11,3;3,9;5,4;2,1;6;0;zayif;18,6;29,5;27,6;asagi;zayif;zayif;asagi;0,83;-2,58;3;4,72;2,61;203790470;6,11;SAT;NEGATIF;NOTR;NEGATIF;AZALIYOR;SAT;AL;NOTR;1;09.09.2026
KONKA;izle;;11,3;2,4;4,0;4,8;42;3;zayif;36,4;23,7;23,7;asagi;zayif;zayif;asagi;0,75;-5,97;5;9,43;0,96;21545466;10,51;SAT;NEGATIF;SAT;NEGATIF;AZALIYOR;AL;AL;UCUZ (AL);2;09.09.2026
HDFGS;izle;;11,2;0,0;6,5;4,8;22;2;zayif;10,2;38,1;55,6;asagi;zayif;zayif;asagi;0,99;-2,04;2;2,37;-1,25;97566136;2,67;SAT;NEGATIF;NOTR;NEGATIF;AZALIYOR;SAT;SAT;NOTR;0;09.09.2026
YAPRK;izle;;11,2;1,0;10,1;0,2;6;0;zayif;14,5;44,6;43,8;asagi;zayif;zayif;asagi;0,56;-1,42;3;10,74;-1,20;19226437;11,84;SAT;NEGATIF;NOTR;NEGATIF;AZALIYOR;AL;AL;NOTR;2;09.09.2026
MOGAN;izle;;11,1;5,4;4,0;1,7;38;3;zayif;36,0;23,2;14,2;asagi;zayif;zayif;asagi;0,80;-3,43;3;13,22;-2,94;181185005;16,83;SAT;NEGATIF;SAT;NEGATIF;AZALIYOR;SAT;SAT;NOTR;0;09.09.2026
OTTO;izle;;11,0;2,1;4,9;4,0;0;0;zayif;27,4;27,9;12,6;asagi;zayif;zayif;asagi;0,63;-5,05;2;136,4;-1,52;16956293;155,08;SAT;NEGATIF;SAT;NEGATIF;AZALIYOR;AL;AL;UCUZ (AL);2;09.09.2026
KONTR;izle;;10,7;2,4;6,7;1,5;0;0;zayif;32,4;34,0;21,8;asagi;zayif;zayif;asagi;0,79;-7,97;2;3,3;0,00;10485941;3,60;SAT;NEGATIF;SAT;NEGATIF;AZALIYOR;AL;AL;UCUZ (AL);2;09.09.2026
TMPOL;izle;;10,6;4,4;6,2;0,0;10;0;zayif;22,6;32,2;15,9;asagi;zayif;zayif;asagi;0,66;-3,17;4;317,25;-6,83;349716731;445,41;SAT;NEGATIF;SAT;NEGATIF;AZALIYOR;SAT;SAT;NOTR;0;09.09.2026
LIDER;izle;;10,4;2,4;8,0;0,0;6;0;zayif;52,2;20,0;16,7;asagi;zayif;zayif;asagi;0,46;-9,20;3;23,5;3,43;322993917;33,20;AL;NEGATIF;SAT;NEGATIF;AZALIYOR;AL;AL;UCUZ (AL);3;09.09.2026
BULGS;izle;;10,4;2,4;8,0;0,0;6;0;zayif;39,2;23,6;32,5;asagi;zayif;zayif;asagi;0,67;-3,90;3;30,8;-0,65;57294684;34,74;AL;NEGATIF;SAT;NEGATIF;AZALIYOR;SAT;SAT;UCUZ (AL);1;09.09.2026
BARMA;izle;;10,4;2,4;8,0;0,0;0;0;zayif;70,0;24,1;36,0;asagi;zayif;zayif;asagi;0,23;-14,62;2;9,5;5,56;4602019;10,60;AL;NEGATIF;SAT;POZITIF;AZALIYOR;AL;AL;UCUZ (AL);4;09.09.2026
ULUSE;izle;;10,4;5,4;4,9;0,0;6;0;zayif;30,5;28,1;4,9;asagi;zayif;zayif;asagi;0,63;-3,68;3;221,9;-2,25;29304114;260,39;SAT;NEGATIF;SAT;NEGATIF;AZALIYOR;AL;AL;NOTR;2;09.09.2026
IHAAS;izle;;10,2;1,2;9,0;0,0;38;3;zayif;20,5;41,7;41,5;asagi;zayif;zayif;asagi;0,60;-2,13;3;50,5;1,81;38086848;59,33;SAT;NEGATIF;SAT;NEGATIF;AZALIYOR;SAT;AL;NOTR;1;09.09.2026
INTEK;izle;;9,5;1,7;7,5;0,3;0;0;zayif;24,6;36,8;48,9;asagi;zayif;zayif;asagi;0,72;-4,05;2;229;-0,56;1577123;247,10;SAT;NEGATIF;SAT;NEGATIF;AZALIYOR;AL;AL;NOTR;2;09.09.2026
KAREL;izle;;9,5;1,6;7,8;0,0;0;0;zayif;23,8;37,8;25,2;asagi;zayif;zayif;asagi;0,52;-2,97;1;8,32;-0,12;46278028;9,14;SAT;NEGATIF;SAT;NEGATIF;AZALIYOR;AL;AL;NOTR;2;09.09.2026
ODINE;izle;;9,4;5,4;4,0;0,0;0;0;zayif;31,9;23,5;61,6;asagi;zayif;zayif;asagi;0,11;-5,15;0;964;-9,99;55636296;1540,17;SAT;NEGATIF;SAT;NEGATIF;AZALIYOR;SAT;AL;NOTR;1;09.09.2026
QUAGR;izle;;9,4;0,1;5,5;3,9;0;0;zayif;12,7;36,0;45,3;asagi;zayif;zayif;asagi;0,93;-2,69;2;3,01;-3,22;117296440;3,47;SAT;NEGATIF;NOTR;NEGATIF;AZALIYOR;SAT;AL;NOTR;1;09.09.2026
COSMO;izle;;9,4;1,3;8,0;0,0;0;0;zayif;21,9;43,1;58,6;asagi;zayif;zayif;asagi;0,62;-1,77;2;117,3;-0,34;4866191;139,55;SAT;NEGATIF;SAT;NEGATIF;ARTIYOR;SAT;SAT;UCUZ (AL);0;09.09.2026
BIGCH;izle;;9,3;0,4;8,9;0,0;22;2;zayif;15,1;41,2;52,1;asagi;zayif;zayif;asagi;0,65;-2,04;2;5,69;-1,90;22805309;6,17;SAT;NEGATIF;NOTR;NEGATIF;AZALIYOR;AL;AL;UCUZ (AL);2;09.09.2026
TEKTU;izle;;9,3;1,2;8,1;0,0;0;0;zayif;15,1;38,6;52,6;asagi;zayif;zayif;asagi;0,59;-2,36;2;7,33;1,38;36305255;8,39;SAT;NEGATIF;NOTR;NEGATIF;AZALIYOR;SAT;AL;UCUZ (AL);1;09.09.2026
EKOS;izle;;9,2;2,0;7,2;0,0;10;1;zayif;26,9;35,6;52,9;asagi;zayif;zayif;asagi;0,66;-3,49;2;4,95;0,00;34209960;5,45;SAT;NEGATIF;SAT;NEGATIF;AZALIYOR;AL;AL;UCUZ (AL);2;09.09.2026
LYDHO;izle;;8,9;2,4;6,4;0,0;10;0;zayif;43,7;33,1;32,8;asagi;zayif;zayif;asagi;0,63;-3,24;5;141;4,44;48120903;161,57;SAT;NEGATIF;SAT;NEGATIF;ARTIYOR;AL;AL;NOTR;2;09.09.2026
IZINV;izle;;8,3;0,4;7,9;0,0;6;0;zayif;14,7;38,0;29,7;asagi;zayif;zayif;asagi;0,63;-2,85;3;50,75;-1,84;10139343;54,88;SAT;NEGATIF;NOTR;NEGATIF;AZALIYOR;AL;AL;UCUZ (AL);2;09.09.2026
FENER;izle;;8,2;1,1;5,5;1,6;0;0;zayif;20,3;38,6;48,9;asagi;zayif;zayif;asagi;0,63;-1,84;2;2,92;-0,34;278621582;3,26;SAT;NEGATIF;SAT;NEGATIF;AZALIYOR;SAT;SAT;NOTR;0;09.09.2026
ENSRI;izle;;7,5;0,0;7,5;0,0;0;0;zayif;11,7;36,7;20,5;asagi;zayif;zayif;asagi;0,68;-5,49;2;4,63;-0,64;75270530;5,43;SAT;NEGATIF;NOTR;NEGATIF;AZALIYOR;SAT;SAT;UCUZ (AL);0;09.09.2026
GRNYO;izle;;7,3;2,4;4,0;0,8;6;0;zayif;39,2;24,3;33,0;asagi;zayif;zayif;asagi;0,75;-4,68;3;11,27;0,18;2522756;13,22;SAT;NEGATIF;SAT;NEGATIF;AZALIYOR;AL;AL;NOTR;2;09.09.2026
SMRTG;izle;;6,3;4,0;2,3;0,0;0;0;zayif;19,5;28,4;38,1;asagi;zayif;zayif;asagi;0,55;-3,60;2;8,42;-0,36;103646546;10,01;SAT;NEGATIF;NOTR;NEGATIF;AZALIYOR;SAT;AL;NOTR;1;09.09.2026
DMSAS;izle;;6,0;0,5;4,7;0,9;28;2;zayif;15,6;36,3;40,1;asagi;zayif;zayif;asagi;0,75;-1,99;3;8,08;-2,06;12950826;8,99;SAT;NEGATIF;NOTR;NEGATIF;AZALIYOR;SAT;AL;UCUZ (AL);1;09.09.2026
PAMEL;izle;;6,0;0,0;6,0;0,0;10;0;zayif;11,7;31,5;65,1;asagi;zayif;zayif;asagi;0,50;-3,22;4;71,1;-0,97;12124896;78,47;SAT;NEGATIF;NOTR;NEGATIF;AZALIYOR;SAT;AL;NOTR;1;09.09.2026
GZNMI;izle;;4,8;0,3;4,5;0,0;10;0;zayif;14,4;34,0;21,5;asagi;zayif;zayif;asagi;0,59;-2,77;5;50,2;-2,52;49900808;59,79;SAT;NEGATIF;NOTR;NEGATIF;AZALIYOR;SAT;SAT;NOTR;0;09.09.2026