hisse;durum;yeni_sinyal;konfluans;trend_35;momentum_30;hacim_35;risk;uyumsuzluk;rejim;adx;rsi;mfi;supertrend;goreli_guc;usd_trend;haftalik_trend;hacim_orani;ema50_uzaklik_atr;dagitim_gun;kapanis;degisim%;islem_hacmi_tl;st_cizgisi;osc_macd;osc_rsi;osc_adx;osc_momentum;osc_atr;osc_wavetrend;osc_stochrsi;osc_sharpe;osc_al_sayisi;tarih
BAHKM;GUCLU AL;;98,8;35,0;30,0;33,8;28;1;guclu trend;44,9;65,8;79,7;yukari;guclu;yukselis;yukari;1,81;2,70;2;167;8,30;499551442;138,64;AL;POZITIF;AL;POZITIF;ARTIYOR;SAT;SAT;NOTR;4;10.09.2026
SKYMD;GUCLU AL;;98,4;33,4;30,0;35,0;20;1;guclu trend;25,9;67,5;79,8;yukari;guclu;yukselis;yukari;1,91;2,81;1;17,65;7,49;113601772;14,00;AL;POZITIF;AL;POZITIF;ARTIYOR;AL;SAT;NOTR;5;10.09.2026
BORSK;GUCLU AL;;97,5;35,0;29,4;33,1;0;0;guclu trend;37,5;59,8;66,0;yukari;guclu;yukselis;yukari;1,30;1,25;1;6,66;0,15;97828460;5,97;AL;POZITIF;AL;POZITIF;ARTIYOR;AL;SAT;NOTR;5;10.09.2026
DEVA;GUCLU AL;;97,2;35,0;27,2;35,0;36;0;guclu trend;46,6;77,7;84,6;yukari;guclu;yukselis;yukari;2,44;5,71;2;105,1;9,99;294583739;86,87;AL;POZITIF;AL;POZITIF;ARTIYOR;AL;AL;NOTR;6;10.09.2026
KRPLS;GUCLU AL;;96,8;35,0;26,8;35,0;35;0;guclu trend;48,1;78,4;75,1;yukari;guclu;yukselis;yukari;2,08;4,71;1;13,75;10,00;161845076;10,79;AL;POZITIF;AL;POZITIF;ARTIYOR;AL;AL;NOTR;6;10.09.2026
ENERY;GUCLU AL;;95,9;35,0;27,0;33,9;36;0;guclu trend;41,7;78,0;91,8;yukari;guclu;yukselis;yukari;1,23;4,63;0;11,47;3,43;635850519;10,08;AL;POZITIF;AL;POZITIF;ARTIYOR;AL;AL;NOTR;6;10.09.2026
PETKM;GUCLU AL;;95,7;32,7;30,0;33,0;40;0;guclu trend;24,0;71,2;59,9;yukari;guclu;yukselis;yukari;2,55;3,71;2;24,98;-3,55;6242964105;21,89;AL;POZITIF;AL;POZITIF;ARTIYOR;AL;AL;NOTR;6;10.09.2026
ALBRK;izle;;95,4;35,0;30,0;30,4;42;3;guclu trend;34,1;66,6;69,3;yukari;guclu;yukselis;yukari;1,02;2,26;2;9,21;0,00;138180890;8,39;AL;POZITIF;AL;POZITIF;ARTIYOR;AL;AL;NOTR;6;10.09.2026
AYGAZ;izle;;94,9;35,0;26,0;33,9;56;4;guclu trend;43,3;59,1;71,7;yukari;guclu;yukselis;yukari;2,00;2,61;3;328,75;-0,75;923712216;299,67;SAT;POZITIF;AL;POZITIF;ARTIYOR;AL;AL;NOTR;5;10.09.2026
SOKM;AL;;94,4;30,4;30,0;34,0;32;2;ilimli;18,2;68,5;67,2;yukari;guclu;yukselis;yukari;1,24;2,89;1;60,6;0,33;394752581;54,49;AL;POZITIF;NOTR;POZITIF;AZALIYOR;AL;AL;NOTR;5;10.09.2026
GENIL;GUCLU AL;;94,2;35,0;26,0;33,2;32;2;guclu trend;39,5;59,0;58,4;yukari;guclu;yukselis;yukari;1,97;2,07;4;11,94;-3,24;977330790;10,37;SAT;POZITIF;AL;NEGATIF;ARTIYOR;AL;AL;NOTR;4;10.09.2026
AKFYE;AL;;93,9;30,4;29,2;34,3;28;0;ilimli;18,2;73,6;79,7;yukari;guclu;yukselis;yukari;5,24;3,33;0;27,88;5,21;1501547658;23,70;AL;POZITIF;NOTR;POZITIF;ARTIYOR;AL;AL;NOTR;5;10.09.2026
KLSYN;GUCLU AL;;93,7;34,8;26,0;32,9;10;0;guclu trend;29,6;63,5;78,8;yukari;guclu;yukselis;yukari;1,17;2,13;0;16,32;-0,67;65665805;14,19;SAT;POZITIF;AL;POZITIF;ARTIYOR;AL;AL;NOTR;5;10.09.2026
KRGYO;GUCLU AL;;93,7;30,0;28,7;35,0;34;0;zayif;42,8;74,7;77,8;yukari;guclu;yukselis;yukari;1,65;3,96;3;3,57;7,53;149366044;2,87;AL;POZITIF;AL;POZITIF;ARTIYOR;AL;AL;NOTR;6;10.09.2026
HUNER;GUCLU AL;EVET;93,6;32,6;26,0;35,0;28;2;guclu trend;23,9;61,1;63,2;yukari;guclu;yukselis;yukari;3,91;1,66;3;4,06;8,56;857750711;3,50;SAT;POZITIF;AL;POZITIF;ARTIYOR;SAT;AL;NOTR;4;10.09.2026
AHGAZ;GUCLU AL;;93,6;35,0;30,0;28,6;28;0;guclu trend;31,4;67,8;82,1;yukari;guclu;yukselis;yukari;0,91;3,31;0;39,24;2,13;196994218;35,70;AL;POZITIF;AL;POZITIF;ARTIYOR;SAT;SAT;NOTR;4;10.09.2026
ETILR;AL;;92,6;29,2;29,9;33,4;0;0;ilimli;15,2;58,4;57,1;yukari;guclu;yukselis;yukari;2,62;1,47;2;6,5;8,15;131464801;5,10;AL;POZITIF;NOTR;POZITIF;ARTIYOR;AL;AL;NOTR;5;10.09.2026
TUPRS;izle;;92,5;35,0;25,9;31,6;50;2;guclu trend;45,6;72,2;63,9;yukari;guclu;yukselis;yukari;1,09;5,00;1;416,75;0,60;14122210127;371,63;SAT;POZITIF;AL;POZITIF;AZALIYOR;AL;AL;PAHALI (SAT);5;10.09.2026
BIMAS;GUCLU AL;;92,3;34,2;30,0;28,1;20;0;guclu trend;28,0;67,3;55,1;yukari;guclu;yukselis;yukari;0,88;3,01;1;430;0,58;3812392900;396,18;AL;POZITIF;AL;POZITIF;AZALIYOR;AL;AL;NOTR;6;10.09.2026
KARSN;GUCLU AL;;92,0;35,0;22,0;35,0;35;0;guclu trend;40,3;90,1;97,1;yukari;guclu;yukselis;yukari;2,68;6,42;0;16,51;6,11;1965207638;13,02;AL;POZITIF;AL;POZITIF;ARTIYOR;AL;SAT;NOTR;5;10.09.2026
IEYHO;izle;;92,0;35,0;22,0;35,0;43;0;guclu trend;88,8;95,2;100,0;yukari;guclu;yukselis;yukari;1,44;12,00;0;225,5;1,67;380217805;213,52;AL;POZITIF;AL;POZITIF;ARTIYOR;SAT;SAT;PAHALI (SAT);4;10.09.2026
BOBET;izle;;91,7;35,0;30,0;26,7;42;3;guclu trend;45,2;64,8;79,9;yukari;guclu;yukselis;yukari;0,94;2,72;0;23,62;-4,99;207199388;20,54;AL;POZITIF;AL;POZITIF;ARTIYOR;AL;SAT;NOTR;5;10.09.2026
GUBRF;GUCLU AL;;91,6;35,0;30,0;26,6;10;1;guclu trend;31,4;62,2;69,3;yukari;guclu;yukselis;yukari;0,83;1,86;1;504,5;-1,46;1634676360;452,83;AL;POZITIF;AL;POZITIF;ARTIYOR;AL;AL;NOTR;6;10.09.2026
KLYPV;GUCLU AL;EVET;91,5;33,0;27,7;30,8;8;0;guclu trend;29,5;58,8;64,2;yukari;guclu;yukselis;yukari;1,46;1,13;2;63,75;3,74;265160093;59,40;AL;POZITIF;AL;POZITIF;ARTIYOR;AL;AL;NOTR;6;10.09.2026
MRGYO;GUCLU AL;;91,4;30,0;26,4;35,0;35;0;zayif;39,9;79,2;73,6;yukari;guclu;yukselis;yukari;2,18;4,44;1;1,95;9,55;671125086;1,53;AL;POZITIF;AL;POZITIF;ARTIYOR;AL;AL;NOTR;6;10.09.2026
MANAS;GUCLU AL;;91,0;30,3;30,0;30,7;0;0;guclu trend;28,9;57,6;69,4;yukari;guclu;yukselis;yukari;2,67;1,57;1;35,9;1,07;2794980140;33,87;AL;POZITIF;SAT;POZITIF;ARTIYOR;SAT;SAT;PAHALI (SAT);3;10.09.2026
ISDMR;GUCLU AL;;90,2;33,0;30,0;27,3;18;0;guclu trend;24,7;71,1;78,0;yukari;guclu;yukselis;yukari;0,92;2,45;0;60,55;1,51;100373917;53,30;AL;POZITIF;AL;POZITIF;AZALIYOR;AL;AL;NOTR;6;10.09.2026
AVOD;GUCLU AL;;89,8;30,0;29,5;30,3;0;0;zayif;41,4;61,4;76,7;yukari;guclu;yukselis;yukari;1,66;1,30;2;4,46;3,48;90282281;3,92;AL;POZITIF;AL;POZITIF;ARTIYOR;AL;SAT;NOTR;5;10.09.2026
EGGUB;AL;;89,8;30,8;30,0;29,0;8;0;ilimli;19,2;62,1;77,5;yukari;guclu;yukselis;yukari;0,94;2,00;2;112;2,94;89770800;100,13;AL;POZITIF;NOTR;POZITIF;ARTIYOR;AL;AL;NOTR;5;10.09.2026
ALARK;GUCLU AL;;89,6;34,6;30,0;25,0;10;0;guclu trend;29,1;67,3;66,7;yukari;guclu;yukselis;yukari;0,48;2,57;1;116,6;0,26;325623340;105,15;AL;POZITIF;AL;POZITIF;AZALIYOR;AL;AL;NOTR;6;10.09.2026
TEHOL;GUCLU AL;;89,6;35,0;30,0;24,6;20;1;guclu trend;42,6;61,8;87,8;yukari;guclu;yukselis;yukari;0,81;2,53;0;48,78;3,79;2609965656;40,68;AL;POZITIF;AL;POZITIF;ARTIYOR;AL;AL;NOTR;6;10.09.2026
MARTI;GUCLU AL;;88,8;30,0;23,8;35,0;35;0;zayif;47,5;84,4;89,3;yukari;guclu;yukselis;yukari;1,94;5,45;0;2,55;9,91;769224799;1,89;AL;POZITIF;AL;POZITIF;ARTIYOR;AL;AL;NOTR;6;10.09.2026
INDES;GUCLU AL;;88,2;33,3;30,0;24,9;8;0;guclu trend;25,6;59,3;58,3;yukari;guclu;yukselis;yukari;0,56;1,64;2;11,83;-0,76;55339711;10,83;AL;POZITIF;AL;NEGATIF;AZALIYOR;AL;SAT;NOTR;4;10.09.2026
MHRGY;izle;;87,9;35,0;22,0;30,9;45;1;guclu trend;31,2;91,6;58,2;yukari;guclu;yukselis;yukari;1,23;7,55;1;2,25;0,00;28920681;1,84;AL;POZITIF;AL;POZITIF;AZALIYOR;AL;AL;NOTR;6;10.09.2026
ENJSA;izle;;87,4;30,4;30,0;27,0;32;3;ilimli;18,2;58,8;70,4;yukari;guclu;yukselis;yukari;0,82;1,60;2;117;-1,35;418794363;106,61;AL;POZITIF;NOTR;POZITIF;AZALIYOR;AL;AL;NOTR;5;10.09.2026
TRCAS;GUCLU AL;;87,4;32,4;30,0;25,0;0;0;guclu trend;23,4;60,0;71,2;yukari;guclu;yukselis;yukari;0,70;2,00;2;49,26;-1,00;35994134;44,73;AL;POZITIF;AL;POZITIF;AZALIYOR;AL;AL;NOTR;6;10.09.2026
AGESA;izle;;87,4;34,3;28,5;24,7;48;4;guclu trend;28,2;56,6;81,5;yukari;guclu;yukselis;yukari;0,64;1,35;2;257;0,69;39609611;239,61;AL;POZITIF;AL;NEGATIF;AZALIYOR;SAT;SAT;NOTR;3;10.09.2026
MPARK;AL;;87,2;30,9;28,0;28,2;0;0;ilimli;19,9;60,7;45,5;yukari;guclu;yukselis;yukari;0,91;1,29;2;443;1,90;230080024;410,98;AL;POZITIF;NOTR;POZITIF;ARTIYOR;AL;AL;NOTR;5;10.09.2026
KCHOL;GUCLU AL;;86,9;35,0;30,0;21,9;26;1;guclu trend;33,6;66,4;61,3;yukari;guclu;yukselis;yukari;0,77;2,68;3;224,3;0,27;5433364695;208,00;AL;POZITIF;AL;POZITIF;AZALIYOR;AL;AL;NOTR;6;10.09.2026
HURGZ;GUCLU AL;;86,8;31,3;30,0;25,6;6;0;guclu trend;20,4;60,1;54,5;yukari;guclu;yukselis;yukari;0,86;1,57;3;7,98;2,31;59819197;6,80;AL;POZITIF;AL;POZITIF;ARTIYOR;AL;AL;NOTR;6;10.09.2026
EUKYO;GUCLU AL;;86,7;35,0;24,6;27,2;0;0;guclu trend;44,1;58,6;42,0;yukari;guclu;yukselis;yukari;0,88;1,80;1;13,75;0,07;12091599;12,26;SAT;POZITIF;AL;POZITIF;AZALIYOR;AL;AL;NOTR;5;10.09.2026
TARKM;GUCLU AL;;86,7;34,5;28,8;23,4;8;0;guclu trend;28,8;54,7;75,2;yukari;guclu;yukselis;yukari;0,83;0,97;1;525,5;-2,14;93017179;478,25;AL;POZITIF;AL;NEGATIF;ARTIYOR;AL;SAT;NOTR;4;10.09.2026
KRDMD;GUCLU AL;;86,7;32,2;30,0;24,5;0;0;guclu trend;22,9;58,0;62,1;yukari;guclu;yukselis;yukari;0,61;1,79;0;46,5;-2,06;1763317293;41,86;AL;POZITIF;AL;NEGATIF;ARTIYOR;AL;AL;NOTR;5;10.09.2026
PNSUT;GUCLU AL;;86,3;24,1;30,0;32,2;0;0;zayif;39,5;67,0;79,4;yukari;guclu;yukselis;yukari;1,19;1,75;0;12,38;0,32;73291321;10,59;AL;POZITIF;AL;POZITIF;ARTIYOR;AL;AL;NOTR;6;10.09.2026
HALKB;GUCLU AL;;86,2;35,0;30,0;21,2;28;0;guclu trend;31,0;64,8;23,9;yukari;guclu;yukselis;yukari;1,11;3,17;2;50,05;-0,30;3086343961;44,37;AL;POZITIF;AL;POZITIF;AZALIYOR;SAT;SAT;NOTR;4;10.09.2026
EKGYO;GUCLU AL;;86,2;25,0;28,6;32,6;0;0;zayif;23,1;56,1;48,3;yukari;guclu;yukselis;yukari;2,17;1,14;2;20,8;-7,47;7684261312;18,90;AL;POZITIF;AL;POZITIF;ARTIYOR;AL;AL;NOTR;6;10.09.2026
KZGYO;GUCLU AL;;85,7;30,0;22,0;33,7;35;0;zayif;35,4;88,5;95,3;yukari;guclu;yukselis;yukari;7,28;6,47;0;30,04;3,94;782675468;25,85;AL;POZITIF;AL;POZITIF;ARTIYOR;AL;SAT;NOTR;5;10.09.2026
VAKBN;GUCLU AL;;85,6;34,6;30,0;21,0;14;0;guclu trend;29,1;59,0;66,9;yukari;guclu;yukselis;yukari;1,08;1,67;3;34,62;-2,53;2419459482;31,66;AL;POZITIF;AL;POZITIF;ARTIYOR;AL;SAT;NOTR;5;10.09.2026
AKFGY;AL;EVET;85,1;20,2;29,9;35,0;10;0;zayif;20,0;69,6;52,7;yukari;guclu;yukselis;yukari;3,86;2,58;2;2,87;9,96;275361636;2,50;AL;POZITIF;NOTR;POZITIF;ARTIYOR;AL;AL;NOTR;5;10.09.2026
FLAP;GUCLU AL;;84,7;35,0;29,9;19,8;0;0;guclu trend;35,1;66,0;75,6;yukari;guclu;yukselis;yukari;0,66;1,46;0;12,05;0,42;8899154;9,87;AL;POZITIF;AL;POZITIF;ARTIYOR;AL;AL;NOTR;6;10.09.2026
DMLKT;GUCLU AL;;84,5;35,0;24,6;24,9;20;0;guclu trend;47,3;63,4;61,9;yukari;guclu;yukselis;yukari;0,42;3,07;2;7,05;-0,14;31913982;6,62;SAT;POZITIF;AL;POZITIF;AZALIYOR;SAT;AL;NOTR;4;10.09.2026
ARASE;GUCLU AL;;84,4;32,8;26,3;25,3;0;0;guclu trend;24,4;54,1;62,7;yukari;guclu;yukselis;yukari;0,78;0,92;0;123,1;-4,35;42640978;109,35;AL;POZITIF;AL;POZITIF;ARTIYOR;AL;AL;NOTR;6;10.09.2026
ANELE;GUCLU AL;EVET;84,2;35,0;30,0;19,2;20;0;guclu trend;37,0;66,5;68,6;yukari;guclu;yukselis;yukari;0,04;3,68;0;197,4;-9,99;62779714;182,84;AL;POZITIF;AL;POZITIF;ARTIYOR;SAT;SAT;PAHALI (SAT);4;10.09.2026
CELHA;GUCLU AL;;84,1;33,7;26,0;24,5;10;0;guclu trend;26,5;61,9;48,9;yukari;guclu;yukselis;yukari;0,43;2,14;2;26,7;0,98;30759922;22,25;SAT;POZITIF;AL;POZITIF;AZALIYOR;AL;AL;NOTR;5;10.09.2026
BVSAN;izle;;83,5;22,5;26,8;34,2;47;0;zayif;23,6;78,5;87,6;yukari;guclu;yukselis;yukari;5,27;4,88;2;140,4;4,93;820894792;124,25;AL;POZITIF;AL;POZITIF;ARTIYOR;AL;AL;NOTR;6;10.09.2026
ADGYO;AL;;83,3;28,8;25,1;29,4;6;0;ilimli;17,7;56,1;45,0;yukari;guclu;yukselis;yukari;1,15;1,11;3;60;1,69;76908180;54,81;SAT;POZITIF;NOTR;NEGATIF;ARTIYOR;AL;AL;NOTR;3;10.09.2026
ALKLC;izle;;82,7;35,0;22,7;25,0;45;1;guclu trend;65,8;86,5;53,6;yukari;guclu;yukselis;yukari;0,20;5,83;1;475,5;0,11;212190449;445,71;AL;POZITIF;AL;POZITIF;AZALIYOR;AL;AL;NOTR;6;10.09.2026
YKSLN;GUCLU AL;EVET;82,4;22,3;25,1;35,0;35;0;zayif;23,1;81,9;77,8;yukari;guclu;yukselis;yukari;1,44;5,49;1;3,82;9,77;70265282;3,18;AL;POZITIF;AL;POZITIF;ARTIYOR;AL;AL;NOTR;6;10.09.2026
OFSYM;GUCLU AL;;82,1;35,0;24,1;23,0;0;0;guclu trend;46,5;55,9;66,1;yukari;guclu;yukselis;yukari;0,40;1,41;2;66,5;2,31;65122187;58,06;SAT;POZITIF;AL;POZITIF;AZALIYOR;SAT;SAT;NOTR;3;10.09.2026
TRHOL;izle;;82,0;35,0;22,0;25,0;43;0;guclu trend;61,8;96,8;100,0;yukari;guclu;yukselis;yukari;0,37;8,19;0;3950;2,60;536176950;3260,56;AL;POZITIF;AL;POZITIF;ARTIYOR;SAT;SAT;PAHALI (SAT);4;10.09.2026
SELEC;GUCLU AL;EVET;82,0;35,0;22,0;25,0;35;0;guclu trend;50,5;92,7;88,9;yukari;guclu;yukselis;yukari;0,50;7,94;0;400;2,56;1075298800;347,57;AL;POZITIF;AL;POZITIF;AZALIYOR;AL;AL;PAHALI (SAT);6;10.09.2026
PETUN;GUCLU AL;;82,0;26,9;29,5;25,6;0;0;zayif;47,0;63,1;76,8;yukari;guclu;yukselis;yukari;0,79;1,27;0;12,2;0,91;33045725;10,87;AL;POZITIF;AL;POZITIF;AZALIYOR;AL;SAT;NOTR;5;10.09.2026
ASELS;AL;;81,3;30,3;24,5;26,6;0;0;ilimli;17,9;56,9;47,7;yukari;guclu;yukselis;yukari;0,81;1,14;2;398,5;-0,93;10534936483;363,22;SAT;POZITIF;NOTR;NEGATIF;ARTIYOR;AL;AL;NOTR;3;10.09.2026
VBTYZ;GUCLU AL;;81,1;35,0;24,0;22,1;10;1;guclu trend;33,3;53,5;57,7;yukari;guclu;yukselis;yukari;0,68;1,47;2;36,6;-0,71;77061117;32,80;SAT;POZITIF;AL;NEGATIF;AZALIYOR;SAT;SAT;NOTR;2;10.09.2026
TKFEN;GUCLU AL;;80,8;34,0;26,0;20,8;0;0;guclu trend;27,4;53,9;50,8;yukari;guclu;yukselis;yukari;0,79;1,80;2;211,4;0,67;992476069;197,64;SAT;POZITIF;AL;NEGATIF;AZALIYOR;SAT;AL;NOTR;3;10.09.2026
AKSGY;GUCLU AL;;80,6;31,3;20,8;28,5;16;1;guclu trend;20,5;52,0;65,6;yukari;guclu;yukselis;yukari;0,94;0,76;3;9,93;-0,80;57513954;9,55;SAT;POZITIF;AL;NEGATIF;AZALIYOR;AL;AL;NOTR;4;10.09.2026
SASA;GUCLU AL;EVET;80,5;16,8;30,0;33,7;10;0;zayif;20,0;67,8;62,3;yukari;guclu;yukselis;yukari;3,73;2,28;1;2,77;1,47;36599985106;2,45;AL;POZITIF;AL;POZITIF;ARTIYOR;AL;AL;NOTR;6;10.09.2026
PATEK;AL;EVET;80,3;19,8;30,0;30,5;0;0;zayif;17,4;62,8;74,9;yukari;guclu;yukselis;yukari;2,48;1,76;2;22,98;9,95;1095747435;17,86;AL;POZITIF;NOTR;POZITIF;ARTIYOR;AL;AL;NOTR;5;10.09.2026
AYDEM;izle;;80,3;31,7;22,3;26,3;40;4;guclu trend;21,5;56,0;42,8;yukari;guclu;yukselis;yukari;0,94;0,82;2;26,8;4,44;120613882;24,22;SAT;POZITIF;AL;NEGATIF;ARTIYOR;AL;AL;NOTR;4;10.09.2026
NETAS;GUCLU AL;;80,2;35,0;24,7;20,5;10;0;guclu trend;46,4;59,2;57,7;yukari;guclu;yukselis;yukari;0,44;2,37;2;97,05;-3,34;123268834;83,84;SAT;POZITIF;AL;POZITIF;ARTIYOR;SAT;SAT;NOTR;3;10.09.2026
GMTAS;AL;;80,1;29,8;26,8;23,5;0;0;ilimli;16,6;56,2;66,3;yukari;guclu;yukselis;yukari;0,54;0,99;0;47,86;-2,49;79740743;42,49;AL;POZITIF;NOTR;POZITIF;AZALIYOR;AL;SAT;NOTR;4;10.09.2026
BAGFS;GUCLU AL;;79,6;24,6;30,0;25,0;18;0;zayif;39,6;70,4;65,3;yukari;guclu;yukselis;yukari;0,63;2,55;0;28,86;0,28;25261187;25,76;AL;POZITIF;AL;POZITIF;ARTIYOR;AL;AL;NOTR;6;10.09.2026
CATES;GUCLU AL;;79,5;35,0;23,8;20,7;10;0;guclu trend;41,2;57,7;60,4;yukari;guclu;yukselis;yukari;0,52;2,17;2;64,9;-0,61;119884513;60,79;SAT;POZITIF;AL;NEGATIF;ARTIYOR;SAT;SAT;NOTR;2;10.09.2026
DNISI;AL;;79,5;19,0;30,0;30,5;10;1;zayif;16,7;63,5;57,9;yukari;guclu;yukselis;yukari;2,58;1,69;2;5,02;3,29;62945840;4,36;AL;POZITIF;NOTR;POZITIF;ARTIYOR;AL;AL;NOTR;5;10.09.2026
KONYA;AL;;79,4;20,0;27,6;31,8;10;1;zayif;33,1;59,3;66,5;yukari;guclu;yukselis;yukari;1,31;1,10;0;4000;-0,81;86492000;3704,36;AL;POZITIF;AL;POZITIF;ARTIYOR;AL;AL;NOTR;6;10.09.2026
KERVN;GUCLU AL;EVET;78,9;30,4;26,0;22,5;22;2;guclu trend;29,9;53,8;27,6;yukari;guclu;yukselis;yukari;0,80;1,96;2;9,9;7,73;8861213;7,98;SAT;POZITIF;SAT;NEGATIF;ARTIYOR;AL;AL;PAHALI (SAT);3;10.09.2026
OZSUB;GUCLU AL;;78,7;32,6;25,0;21,1;16;1;guclu trend;23,9;51,3;38,4;yukari;guclu;yukselis;yukari;0,47;1,09;3;41,02;-2,33;65473663;37,97;SAT;POZITIF;AL;NEGATIF;AZALIYOR;SAT;AL;NOTR;3;10.09.2026
ORGE;GUCLU AL;;78,5;32,5;25,3;20,7;22;2;guclu trend;23,5;56,5;57,9;yukari;guclu;yukselis;yukari;0,46;1,20;2;23,38;-0,09;71487927;20,44;SAT;POZITIF;AL;NEGATIF;AZALIYOR;AL;AL;NOTR;4;10.09.2026
RYSAS;GUCLU AL;;78,3;35,0;23,9;19,4;10;1;guclu trend;34,3;52,8;73,5;yukari;guclu;yukselis;yukari;0,58;1,12;2;26,4;-3,65;271381255;24,77;SAT;POZITIF;AL;POZITIF;ARTIYOR;SAT;SAT;NOTR;3;10.09.2026
BRSAN;GUCLU AL;;77,7;35,0;24,0;18,8;16;0;guclu trend;33,3;56,5;50,6;yukari;guclu;yukselis;yukari;0,45;2,20;3;704,5;-1,54;849218390;641,87;SAT;POZITIF;AL;NEGATIF;AZALIYOR;SAT;SAT;NOTR;2;10.09.2026
TDGYO;AL;;77,4;18,5;30,0;28,9;18;1;zayif;25,2;70,1;86,7;yukari;guclu;yukselis;yukari;1,05;1,97;1;18,48;2,21;22672022;16,24;AL;POZITIF;AL;POZITIF;ARTIYOR;AL;AL;UCUZ (AL);6;10.09.2026
OZATD;izle;;77,4;35,0;22,1;20,3;48;2;guclu trend;41,2;56,2;90,4;yukari;guclu;yukselis;yukari;0,03;3,49;3;4450;-1,60;86272150;4260,49;SAT;POZITIF;AL;NEGATIF;AZALIYOR;SAT;AL;PAHALI (SAT);3;10.09.2026
DENGE;AL;;77,2;21,2;28,0;27,9;22;2;zayif;29,0;58,0;77,7;yukari;guclu;yukselis;yukari;1,27;1,13;2;2,51;0,80;76570642;2,22;AL;POZITIF;AL;POZITIF;AZALIYOR;AL;SAT;UCUZ (AL);5;10.09.2026
RYGYO;GUCLU AL;;76,4;35,0;23,1;18,4;0;0;guclu trend;41,4;50,7;68,7;yukari;guclu;yukselis;yukari;0,45;1,25;2;44;-3,55;65123080;43,73;SAT;POZITIF;AL;NEGATIF;AZALIYOR;SAT;SAT;NOTR;2;10.09.2026
TNZTP;izle;;76,2;28,7;25,4;22,1;38;3;ilimli;17,1;54,2;42,9;yukari;guclu;yukselis;yukari;0,46;1,25;3;29,74;0,81;61945714;27,67;SAT;POZITIF;NOTR;NEGATIF;AZALIYOR;SAT;AL;NOTR;2;10.09.2026
RALYH;izle;;76,1;31,6;24,9;19,6;32;3;guclu trend;21,3;56,9;46,0;yukari;guclu;yukselis;yukari;0,45;1,52;2;271,25;-2,52;242092524;243,30;SAT;POZITIF;AL;POZITIF;AZALIYOR;AL;AL;NOTR;5;10.09.2026
TRMET;AL;;76,1;30,7;22,8;22,6;0;0;ilimli;18,9;52,8;54,9;yukari;guclu;yukselis;yukari;0,55;1,08;1;138,8;-2,25;461817997;128,36;SAT;POZITIF;NOTR;NEGATIF;ARTIYOR;AL;AL;NOTR;3;10.09.2026
AKBNK;AL;;76,1;20,9;25,6;29,5;8;0;zayif;19,2;53,9;44,4;yukari;guclu;yukselis;yukari;1,29;0,58;2;72,1;-1,17;15910459636;67,48;AL;POZITIF;NOTR;NEGATIF;ARTIYOR;SAT;SAT;NOTR;2;10.09.2026
PRZMA;GUCLU AL;EVET;76,0;32,6;25,2;18,2;22;2;guclu trend;23,9;52,5;43,6;yukari;guclu;yukselis;yukari;0,26;1,14;2;80,35;2,29;89908115;67,71;SAT;POZITIF;AL;NEGATIF;AZALIYOR;SAT;AL;PAHALI (SAT);3;10.09.2026
AKFIS;AL;;75,9;30,5;24,2;21,2;6;0;ilimli;18,4;54,3;55,6;yukari;guclu;yukselis;yukari;0,51;1,51;3;17,53;1,51;192586684;16,36;SAT;POZITIF;NOTR;NEGATIF;AZALIYOR;SAT;SAT;PAHALI (SAT);1;10.09.2026
BUCIM;AL;;75,8;20,0;30,0;25,8;8;0;zayif;37,2;62,4;75,4;yukari;guclu;yukselis;yukari;0,77;1,93;2;5,83;-0,17;26819009;5,37;AL;POZITIF;AL;POZITIF;AZALIYOR;AL;SAT;UCUZ (AL);5;10.09.2026
DZGYO;GUCLU AL;;75,7;17,7;27,6;30,4;0;0;zayif;24,0;62,1;79,2;yukari;guclu;yukselis;yukari;1,82;1,24;1;7,89;-1,38;32606175;6,97;AL;POZITIF;AL;POZITIF;ARTIYOR;AL;AL;NOTR;6;10.09.2026
DURDO;izle;;75,3;23,0;26,4;25,9;40;4;ilimli;19,7;57,3;65,1;asagi;guclu;yukselis;yukari;0,91;1,13;0;5,2;0,97;9678110;5,27;AL;POZITIF;NOTR;POZITIF;AZALIYOR;AL;AL;NOTR;5;10.09.2026
ISCTR;AL;;75,3;17,4;28,5;29,4;0;0;zayif;27,9;61,8;64,8;yukari;guclu;yukselis;yukari;1,23;1,34;2;13,74;-1,29;12964740121;12,87;AL;POZITIF;AL;POZITIF;ARTIYOR;AL;SAT;NOTR;5;10.09.2026
KUYAS;izle;;75,2;16,1;28,3;30,7;0;0;ilimli;20,1;62,3;65,8;asagi;guclu;yukselis;yukari;2,57;1,13;1;72,3;-0,41;1759858783;72,64;AL;POZITIF;AL;POZITIF;AZALIYOR;AL;AL;NOTR;6;10.09.2026
LOGO;AL;EVET;75,0;11,5;28,5;35,0;10;1;zayif;13,4;64,5;63,2;yukari;guclu;yukselis;yukari;2,19;1,59;1;143,1;3,62;173802391;131,11;AL;POZITIF;NOTR;POZITIF;ARTIYOR;AL;AL;NOTR;5;10.09.2026
TURGG;GUCLU AL;;75,0;25,1;28,4;21,5;22;2;zayif;37,3;58,1;72,0;yukari;guclu;yukselis;yukari;0,56;0,82;1;29,7;-1,00;19816375;25,81;AL;POZITIF;AL;POZITIF;AZALIYOR;SAT;SAT;NOTR;4;10.09.2026
AGHOL;AL;;74,7;26,6;24,6;23,5;0;0;ilimli;26,3;55,7;71,8;yukari;zayif;yukselis;yukari;0,63;0,76;1;34;-4,44;117245396;31,63;AL;POZITIF;AL;POZITIF;ARTIYOR;AL;SAT;NOTR;5;10.09.2026
KUVVA;izle;;74,6;30,4;22,8;21,4;42;3;guclu trend;29,9;52,8;39,5;yukari;guclu;yukselis;yukari;0,70;1,02;4;180;-0,83;28759140;163,41;SAT;POZITIF;SAT;NEGATIF;AZALIYOR;SAT;AL;NOTR;2;10.09.2026
HATSN;izle;;74,5;27,0;24,8;22,7;6;0;guclu trend;30,0;52,7;60,9;asagi;guclu;yukselis;yukari;1,10;0,99;3;67,8;2,81;696223013;78,27;SAT;POZITIF;AL;NEGATIF;AZALIYOR;SAT;AL;NOTR;3;10.09.2026
RUZYE;AL;;74,0;11,6;29,5;33,0;6;0;zayif;21,2;63,1;53,6;yukari;guclu;yukselis;yukari;2,00;1,27;3;9,89;0,41;146464590;8,13;AL;POZITIF;AL;POZITIF;ARTIYOR;AL;AL;NOTR;6;10.09.2026
POLHO;AL;;73,8;30,3;18,2;25,3;10;1;guclu trend;29,0;48,0;33,0;yukari;zayif;zayif;yukari;2,79;0,29;1;22,14;-4,98;122638530;21,29;SAT;NEGATIF;SAT;POZITIF;ARTIYOR;SAT;SAT;NOTR;1;10.09.2026
MIATK;AL;;73,1;17,6;29,6;26,0;24;0;zayif;23,4;72,9;80,8;yukari;guclu;yukselis;yukari;2,42;2,24;3;38,08;2,20;1981126661;31,50;AL;POZITIF;AL;POZITIF;ARTIYOR;AL;AL;NOTR;6;10.09.2026
ARSAN;izle;;73,1;27,0;26,0;20,1;0;0;guclu trend;32,9;56,5;68,2;asagi;guclu;yukselis;yukari;0,61;1,59;2;4,01;3,89;81045549;4,47;SAT;POZITIF;AL;NEGATIF;AZALIYOR;SAT;AL;NOTR;3;10.09.2026
ATSYH;izle;;73,1;29,6;29,0;14,5;32;3;ilimli;16,1;52,8;68,2;yukari;guclu;yukselis;yukari;0,42;1,77;1;124,7;-3,26;2309070;114,03;AL;POZITIF;NOTR;POZITIF;AZALIYOR;SAT;SAT;NOTR;3;10.09.2026
ALTNY;AL;;72,8;29,6;24,3;18,9;0;0;ilimli;16,1;54,4;56,8;yukari;guclu;yukselis;yukari;1,02;0,91;1;17,86;-1,54;567627788;16,42;SAT;POZITIF;NOTR;NEGATIF;ARTIYOR;AL;AL;NOTR;3;10.09.2026
CEOEM;AL;EVET;72,8;15,0;28,8;29,0;0;0;zayif;12,3;61,7;55,2;yukari;guclu;yukselis;yukari;1,33;1,39;1;26,3;5,20;42230857;22,13;AL;POZITIF;NOTR;POZITIF;ARTIYOR;AL;AL;NOTR;5;10.09.2026
BIGEN;izle;;72,7;22,4;24,2;26,0;0;0;guclu trend;34,1;46,4;65,9;asagi;guclu;yukselis;yukari;2,34;0,74;0;135,1;9,93;2284620439;157,93;SAT;NEGATIF;SAT;NEGATIF;AZALIYOR;SAT;AL;PAHALI (SAT);1;10.09.2026
TRALT;AL;;72,7;29,5;21,1;22,0;10;1;ilimli;15,9;52,9;54,7;yukari;guclu;yukselis;yukari;0,70;0,82;2;52,45;-2,69;3794374615;48,12;SAT;POZITIF;NOTR;NEGATIF;ARTIYOR;AL;AL;NOTR;3;10.09.2026
VESTL;AL;;72,1;20,0;29,4;22,7;0;0;zayif;31,1;61,4;78,1;yukari;guclu;yukselis;yukari;0,93;1,23;1;25,96;-3,71;344994615;22,39;AL;POZITIF;AL;POZITIF;ARTIYOR;AL;SAT;NOTR;5;10.09.2026
SONME;AL;EVET;71,9;26,8;23,5;21,5;6;0;zayif;34,8;55,6;37,7;yukari;guclu;yukselis;yukari;1,38;0,73;3;140;2,49;9123240;126,44;SAT;POZITIF;AL;NEGATIF;ARTIYOR;AL;AL;NOTR;4;10.09.2026
TRENJ;AL;;71,7;30,7;24,9;16,2;20;1;ilimli;18,9;57,0;64,5;yukari;guclu;yukselis;yukari;0,48;1,68;4;107,8;-1,19;108860860;98,12;SAT;POZITIF;NOTR;NEGATIF;ARTIYOR;AL;AL;NOTR;3;10.09.2026
MEPET;AL;;71,1;18,2;25,9;27,1;0;0;ilimli;13,0;55,8;57,9;yukari;guclu;yukselis;yukari;1,29;0,41;2;21,26;-2,57;11098974;17,93;AL;POZITIF;NOTR;POZITIF;AZALIYOR;AL;AL;NOTR;5;10.09.2026
DOHOL;AL;;70,3;27,1;18,4;24,9;6;0;ilimli;12,3;51,6;44,9;yukari;zayif;yukselis;yukari;1,25;0,28;3;21,64;0,65;328362244;20,39;SAT;POZITIF;NOTR;NEGATIF;AZALIYOR;SAT;SAT;NOTR;1;10.09.2026
BJKAS;izle;;69,9;27,0;26,0;16,9;10;0;guclu trend;30,8;60,6;47,3;asagi;guclu;yukselis;yukari;0,74;2,34;0;2,58;9,79;947617470;2,68;SAT;POZITIF;AL;NEGATIF;ARTIYOR;AL;AL;NOTR;4;10.09.2026
SISE;AL;;69,8;20,4;28,2;21,2;0;0;zayif;25,6;61,7;68,0;yukari;guclu;yukselis;yukari;0,89;1,29;2;44,06;-1,78;3323086711;40,91;AL;POZITIF;AL;POZITIF;AZALIYOR;AL;SAT;NOTR;5;10.09.2026
ARDYZ;AL;EVET;69,7;30,4;21,9;17,3;0;0;guclu trend;36,6;46,5;33,8;yukari;guclu;yukselis;yukari;0,49;0,56;2;80,7;0,06;215861121;80,55;SAT;NEGATIF;SAT;NEGATIF;AZALIYOR;SAT;SAT;NOTR;0;10.09.2026
AVPGY;AL;;69,5;20,9;27,0;21,5;8;0;zayif;22,6;59,0;63,0;yukari;guclu;yukselis;yukari;0,73;1,03;0;55,6;0,72;28070105;51,09;AL;POZITIF;AL;POZITIF;AZALIYOR;AL;SAT;NOTR;5;10.09.2026
JANTS;izle;;69,4;17,5;30,0;21,9;58;4;zayif;38,4;71,5;50,0;yukari;guclu;yukselis;yukari;0,60;2,63;0;17,46;9,95;53872219;15,25;AL;POZITIF;AL;POZITIF;ARTIYOR;AL;AL;NOTR;6;10.09.2026
EYGYO;AL;;69,2;16,7;24,8;27,7;10;1;zayif;21,5;56,8;78,4;yukari;guclu;yukselis;yukari;0,96;0,97;2;2,72;1,87;18083950;2,31;SAT;POZITIF;AL;NEGATIF;AZALIYOR;AL;AL;UCUZ (AL);4;10.09.2026
ARMGD;izle;;67,9;20,8;17,7;29,5;28;2;ilimli;18,0;49,0;58,4;asagi;zayif;zayif;yukari;2,33;0,37;3;191;0,53;612510833;213,15;SAT;NEGATIF;NOTR;NEGATIF;ARTIYOR;SAT;AL;NOTR;1;10.09.2026
GARAN;AL;;67,9;17,7;24,8;25,4;22;2;zayif;17,0;54,5;70,8;yukari;guclu;yukselis;yukari;0,89;0,56;2;133,4;-0,67;4206485525;125,31;AL;POZITIF;NOTR;POZITIF;ARTIYOR;AL;SAT;NOTR;4;10.09.2026
AVGYO;izle;;67,6;23,0;24,5;20,1;0;0;ilimli;19,8;50,0;28,9;asagi;guclu;yukselis;yukari;1,98;0,36;2;16,12;-2,42;61896270;18,21;AL;POZITIF;NOTR;POZITIF;ARTIYOR;SAT;SAT;NOTR;3;10.09.2026
KRDMA;AL;;66,7;35,0;23,7;8,0;16;1;guclu trend;43,5;55,2;68,4;yukari;guclu;yukselis;yukari;0,50;1,71;3;55,35;-0,54;370504985;53,49;SAT;POZITIF;AL;NEGATIF;AZALIYOR;SAT;AL;NOTR;3;10.09.2026
INVES;izle;;66,5;21,3;24,4;20,8;6;0;guclu trend;21,3;50,5;44,6;asagi;guclu;yukselis;yukari;0,51;1,04;3;775;1,97;35151675;846,10;SAT;POZITIF;SAT;NEGATIF;AZALIYOR;SAT;AL;NOTR;2;10.09.2026
ETYAT;izle;;66,5;29,7;14,8;21,9;46;4;guclu trend;24,6;44,2;45,3;yukari;zayif;zayif;yukari;1,53;0,26;3;14,5;-3,33;20439403;13,55;SAT;NEGATIF;SAT;NEGATIF;ARTIYOR;SAT;SAT;NOTR;0;10.09.2026
DOCO;izle;;66,2;29,5;15,2;21,5;22;2;zayif;15,9;45,7;38,9;yukari;zayif;zayif;yukari;0,63;-0,05;2;11217,5;-0,91;27819400;10942,74;SAT;NEGATIF;NOTR;NEGATIF;AZALIYOR;SAT;SAT;NOTR;0;10.09.2026
TERA;AL;;66,0;19,0;30,0;17,0;18;1;zayif;26,3;69,6;100,0;yukari;guclu;yukselis;asagi;0,58;2,00;0;195,8;0,10;1562428784;184,12;AL;POZITIF;AL;POZITIF;AZALIYOR;SAT;AL;UCUZ (AL);5;10.09.2026
BIOEN;AL;EVET;65,6;23,2;22,7;19,7;6;0;zayif;23,0;52,8;50,7;yukari;guclu;yukselis;yukari;1,05;0,64;3;19,06;2,58;187721006;17,84;SAT;POZITIF;AL;POZITIF;AZALIYOR;SAT;SAT;NOTR;3;10.09.2026
METRO;AL;;65,6;28,1;16,3;21,2;0;0;ilimli;12,5;48,1;41,2;yukari;zayif;zayif;yukari;0,74;0,15;1;8,4;-1,52;43445144;7,70;SAT;NEGATIF;NOTR;NEGATIF;AZALIYOR;SAT;SAT;NOTR;0;10.09.2026
ZRGYO;izle;;65,6;17,5;25,4;22,6;40;4;zayif;17,7;62,3;47,1;yukari;guclu;yukselis;yukari;0,80;1,80;2;19,86;1,95;12384358;18,40;SAT;POZITIF;NOTR;POZITIF;AZALIYOR;AL;AL;NOTR;4;10.09.2026
CRFSA;izle;;65,5;27,0;22,5;16,0;46;4;guclu trend;51,5;50,2;44,9;asagi;guclu;yukselis;yukari;0,50;1,22;3;262,5;-1,22;451155075;337,21;SAT;POZITIF;AL;NEGATIF;AZALIYOR;SAT;SAT;NOTR;2;10.09.2026
ISBTR;izle;;65,5;27,7;15,1;22,6;32;3;ilimli;10,1;48,2;58,1;yukari;zayif;zayif;yukari;1,10;0,34;1;499997,5;-0,40;2499988;482449,90;SAT;NEGATIF;NOTR;NEGATIF;AZALIYOR;SAT;SAT;NOTR;0;10.09.2026
AKMGY;izle;;65,2;25,0;16,8;23,4;10;0;zayif;13,6;46,7;48,1;yukari;zayif;zayif;asagi;2,64;-0,31;4;252,75;0,90;26572871;241,49;SAT;NEGATIF;NOTR;NEGATIF;ARTIYOR;AL;AL;NOTR;2;10.09.2026
ATATP;AL;;65,2;35,0;22,2;8,0;22;2;guclu trend;42,4;49,9;26,3;yukari;guclu;yukselis;yukari;0,29;0,95;1;287,5;-0,17;123608613;267,66;SAT;NEGATIF;AL;NEGATIF;AZALIYOR;SAT;SAT;NOTR;1;10.09.2026
DSTKF;AL;;65,0;23,8;25,2;16,0;0;0;ilimli;19,3;58,5;95,2;yukari;guclu;yukselis;yukari;0,50;0,80;1;2410;-2,43;2056775940;2030,15;AL;POZITIF;NOTR;POZITIF;AZALIYOR;AL;AL;PAHALI (SAT);5;10.09.2026
CEMZY;AL;;64,6;30,2;18,4;16,0;0;0;guclu trend;28,3;47,4;34,6;yukari;guclu;yukselis;yukari;0,25;0,13;2;14,51;-3,27;236927290;13,41;SAT;NEGATIF;SAT;NEGATIF;AZALIYOR;SAT;SAT;NOTR;0;10.09.2026
TOASO;AL;;64,5;21,3;26,6;16,6;0;0;ilimli;20,1;61,6;54,4;yukari;guclu;yukselis;yukari;0,66;1,03;1;290,75;-0,68;695350722;262,30;AL;POZITIF;AL;POZITIF;AZALIYOR;AL;AL;NOTR;6;10.09.2026
SAHOL;izle;;63,8;21,9;27,6;14,2;32;3;zayif;19,1;60,0;55,3;yukari;guclu;yukselis;yukari;0,64;1,15;2;94,8;-1,30;2249432602;89,95;AL;POZITIF;NOTR;POZITIF;ARTIYOR;AL;SAT;NOTR;4;10.09.2026
MTRKS;AL;;63,3;29,0;19,7;14,6;0;0;ilimli;19,2;49,3;43,6;yukari;guclu;yukselis;yukari;0,45;0,51;2;31,6;-0,25;23192757;31,00;SAT;NEGATIF;NOTR;NEGATIF;AZALIYOR;SAT;SAT;NOTR;0;10.09.2026
BOSSA;AL;;62,9;16,8;23,1;23,0;0;0;zayif;13,6;52,5;48,4;yukari;zayif;zayif;yukari;0,83;0,34;2;6,6;-0,90;14811694;6,19;AL;POZITIF;NOTR;POZITIF;AZALIYOR;AL;AL;NOTR;5;10.09.2026
ARTMS;AL;;62,8;17,8;24,5;20,4;8;0;zayif;21,7;54,4;66,4;yukari;guclu;yukselis;yukari;0,59;0,52;0;41,44;1,07;26653586;37,04;AL;POZITIF;AL;POZITIF;AZALIYOR;SAT;SAT;NOTR;4;10.09.2026
DIRIT;AL;EVET;62,4;19,5;22,4;20,6;0;0;zayif;14,1;51,7;62,3;yukari;guclu;yukselis;yukari;0,40;0,78;2;26,58;2,23;744665;25,07;SAT;POZITIF;NOTR;POZITIF;AZALIYOR;SAT;SAT;NOTR;2;10.09.2026
OZRDN;AL;EVET;62,3;23,8;22,4;16,2;0;0;ilimli;19,1;52,8;54,8;yukari;zayif;zayif;yukari;0,88;0,12;1;29,9;3,03;7044739;25,56;AL;POZITIF;NOTR;POZITIF;ARTIYOR;SAT;AL;NOTR;4;10.09.2026
NTGAZ;izle;;62,0;21,7;24,4;15,9;40;3;ilimli;24,3;55,9;70,9;yukari;guclu;yukselis;asagi;0,74;0,45;2;11,49;0,00;35180162;10,47;AL;POZITIF;AL;POZITIF;AZALIYOR;AL;AL;NOTR;6;10.09.2026
GOZDE;izle;;62,0;12,1;22,3;27,5;0;0;ilimli;16,4;54,1;53,0;asagi;zayif;zayif;yukari;1,76;0,46;2;23,2;1,49;49971802;23,83;AL;POZITIF;NOTR;POZITIF;AZALIYOR;AL;AL;NOTR;5;10.09.2026
ANHYT;izle;;61,9;8,9;23,0;30,0;0;0;ilimli;13,3;53,6;63,7;asagi;zayif;zayif;yukari;1,35;0,29;2;107,3;0,66;99443279;112,43;AL;POZITIF;NOTR;POZITIF;ARTIYOR;AL;AL;NOTR;5;10.09.2026
RGYAS;izle;;61,5;21,0;16,6;23,8;40;4;zayif;19,5;45,6;53,0;asagi;zayif;zayif;yukari;0,76;-0,18;1;200,5;0,25;403119887;214,80;SAT;NEGATIF;NOTR;NEGATIF;AZALIYOR;SAT;AL;NOTR;1;10.09.2026
EFOR;izle;;61,1;20,4;21,2;19,5;40;4;ilimli;13,0;51,6;43,9;asagi;guclu;yukselis;yukari;0,72;0,73;1;18,8;1,13;1044732093;20,83;SAT;POZITIF;NOTR;NEGATIF;AZALIYOR;AL;AL;NOTR;3;10.09.2026
SAYAS;izle;;61,1;32,0;15,8;13,3;0;0;guclu trend;22,2;45,1;51,8;yukari;zayif;yukselis;yukari;0,46;-0,23;0;53,55;-2,37;65493738;51,71;SAT;NEGATIF;AL;NEGATIF;AZALIYOR;SAT;SAT;NOTR;1;10.09.2026
ECOGR;izle;;60,8;14,4;20,4;26,0;0;0;ilimli;15,5;54,1;62,1;asagi;zayif;zayif;yukari;3,26;0,04;2;36,28;3,89;810435483;37,31;AL;POZITIF;NOTR;NEGATIF;ARTIYOR;AL;AL;NOTR;4;10.09.2026
EGPRO;izle;;60,7;24,7;20,0;16,0;0;0;guclu trend;24,2;51,4;51,9;asagi;guclu;yukselis;yukari;0,43;0,40;2;37,58;-2,19;24903590;41,75;SAT;POZITIF;AL;NEGATIF;AZALIYOR;AL;AL;NOTR;4;10.09.2026
EBEBK;izle;;60,4;22,1;17,6;20,7;0;0;ilimli;17,4;48,9;72,1;asagi;zayif;zayif;yukari;0,70;0,08;1;81,8;-2,04;37743338;87,54;SAT;NEGATIF;NOTR;NEGATIF;AZALIYOR;AL;AL;NOTR;2;10.09.2026
YKBNK;AL;;60,3;23,9;19,4;17,0;22;2;ilimli;15,1;51,8;55,9;yukari;guclu;yukselis;yukari;0,94;0,28;2;36,2;-1,09;7801035673;34,06;SAT;POZITIF;NOTR;NEGATIF;ARTIYOR;SAT;SAT;NOTR;1;10.09.2026
EGEEN;AL;;60,0;11,6;25,0;23,4;0;0;zayif;21,2;56,6;59,7;yukari;guclu;yukselis;asagi;2,19;0,65;2;5480;-5,15;186846080;5184,40;AL;POZITIF;AL;POZITIF;ARTIYOR;AL;SAT;UCUZ (AL);5;10.09.2026
ENKAI;AL;;60,0;20,1;24,4;15,5;0;0;ilimli;21,3;57,3;70,4;yukari;guclu;yukselis;asagi;0,55;0,54;1;89,75;-0,66;900483380;82,95;AL;POZITIF;AL;POZITIF;AZALIYOR;AL;AL;NOTR;6;10.09.2026
GSDDE;izle;;59,4;30,4;15,9;13,1;0;0;zayif;18,2;47,5;43,9;yukari;zayif;zayif;yukari;0,39;-0,15;2;13,16;-0,53;28549699;12,38;SAT;NEGATIF;NOTR;NEGATIF;AZALIYOR;SAT;AL;NOTR;1;10.09.2026
YGGYO;izle;;59,1;21,2;17,9;20,0;0;0;ilimli;13,7;50,3;43,3;yukari;zayif;zayif;yukari;0,84;0,01;2;225;1,86;26271225;215,58;SAT;POZITIF;NOTR;NEGATIF;AZALIYOR;AL;AL;NOTR;3;10.09.2026
ZOREN;izle;;59,0;15,0;25,6;18,4;0;0;zayif;40,8;64,4;70,3;yukari;guclu;yukselis;asagi;1,35;0,64;1;2,52;1,61;217876889;2,20;AL;POZITIF;AL;POZITIF;ARTIYOR;AL;AL;UCUZ (AL);6;10.09.2026
BINBN;izle;;59,0;20,5;16,6;21,9;0;0;zayif;24,7;48,5;38,4;yukari;zayif;zayif;yukari;0,74;-0,14;2;176,6;0,91;44067175;165,95;SAT;NEGATIF;AL;NEGATIF;AZALIYOR;AL;AL;NOTR;3;10.09.2026
FORTE;izle;;58,7;24,5;21,7;12,5;16;1;guclu trend;23,6;50,6;36,2;asagi;guclu;yukselis;yukari;0,70;0,61;3;118,2;2,78;177673985;130,93;SAT;POZITIF;AL;NEGATIF;AZALIYOR;AL;AL;NOTR;4;10.09.2026
TGSAS;izle;;58,6;21,0;21,6;16,0;0;0;ilimli;19,6;49,5;64,7;asagi;guclu;yukselis;yukari;0,33;0,54;1;212,6;-1,57;63389454;268,75;SAT;NEGATIF;NOTR;NEGATIF;AZALIYOR;SAT;SAT;NOTR;0;10.09.2026
TTRAK;izle;;58,4;12,4;26,5;19,5;6;0;zayif;23,4;59,9;49,2;yukari;guclu;yukselis;asagi;0,88;1,05;3;439,75;1,09;39545838;409,01;AL;POZITIF;AL;POZITIF;AZALIYOR;AL;AL;UCUZ (AL);6;10.09.2026
CANTE;izle;;58,4;15,0;28,7;14,8;8;0;zayif;35,1;60,8;64,8;yukari;guclu;yukselis;asagi;0,81;0,92;1;1,35;1,50;400371327;1,23;AL;POZITIF;AL;POZITIF;AZALIYOR;AL;AL;UCUZ (AL);6;10.09.2026
NIBAS;izle;;58,0;19,0;28,5;10,5;18;1;zayif;27,5;58,2;64,0;yukari;guclu;yukselis;asagi;0,86;0,86;1;4,55;-0,22;130324212;3,94;AL;POZITIF;AL;POZITIF;ARTIYOR;AL;SAT;NOTR;5;10.09.2026
KGYO;izle;;56,9;29,2;11,7;16,0;16;1;guclu trend;20,6;42,0;36,1;yukari;zayif;zayif;yukari;0,65;-0,53;3;11,01;-0,81;188147468;10,80;SAT;NEGATIF;SAT;NEGATIF;AZALIYOR;SAT;SAT;NOTR;0;10.09.2026
TRGYO;izle;;56,6;21,8;16,5;18,3;6;0;zayif;18,2;49,7;56,5;yukari;zayif;zayif;yukari;0,59;-0,19;3;94,75;-0,05;79524907;91,22;SAT;NEGATIF;NOTR;NEGATIF;AZALIYOR;AL;AL;NOTR;2;10.09.2026
ISMEN;izle;;56,3;13,7;25,7;16,8;0;0;zayif;26,7;57,0;75,4;yukari;guclu;yukselis;asagi;0,77;0,71;2;35,88;-4,01;222294289;32,52;AL;POZITIF;AL;POZITIF;ARTIYOR;AL;AL;NOTR;6;10.09.2026
OYAKC;izle;;56,2;9,9;22,3;24,0;6;0;zayif;19,4;53,5;72,5;asagi;guclu;yukselis;yukari;0,40;0,73;3;22,16;-0,98;182287429;23,43;SAT;POZITIF;NOTR;NEGATIF;AZALIYOR;AL;AL;NOTR;3;10.09.2026
OZYSR;izle;;56,0;20,3;15,6;20,1;0;0;zayif;21,3;44,9;40,6;yukari;zayif;zayif;asagi;1,44;-0,80;2;11,99;-7,70;47065402;11,14;AL;NEGATIF;SAT;NEGATIF;ARTIYOR;AL;AL;NOTR;3;10.09.2026
FROTO;izle;;55,9;13,4;24,1;18,3;32;3;zayif;26,0;57,2;54,6;yukari;guclu;yukselis;asagi;1,03;0,33;1;81,9;-2,44;1743295800;76,70;AL;POZITIF;AL;POZITIF;ARTIYOR;AL;SAT;NOTR;5;10.09.2026
TSPOR;izle;;55,6;14,3;18,4;22,9;16;1;zayif;32,7;45,7;56,4;asagi;zayif;zayif;yukari;1,11;-0,11;3;1,02;0,99;446778006;1,15;SAT;NEGATIF;AL;NEGATIF;AZALIYOR;SAT;SAT;NOTR;1;10.09.2026
AEFES;izle;;54,7;23,0;19,2;12,4;0;0;zayif;25,6;53,7;54,8;yukari;zayif;zayif;asagi;0,74;-0,19;1;19,58;0,62;756860436;18,08;AL;POZITIF;AL;POZITIF;AZALIYOR;AL;AL;NOTR;6;10.09.2026
EREGL;izle;;53,6;14,6;19,6;19,4;0;0;zayif;16,0;51,0;50,3;asagi;zayif;zayif;yukari;0,68;-0,05;0;38,98;-0,26;4370885753;40,26;AL;POZITIF;NOTR;POZITIF;AZALIYOR;AL;AL;NOTR;5;10.09.2026
AKCNS;izle;;52,4;20,6;7,9;23,9;20;1;zayif;16,3;38,8;40,1;asagi;zayif;zayif;yukari;3,73;-0,80;4;231,4;-5,86;307642366;250,39;SAT;NEGATIF;NOTR;NEGATIF;ARTIYOR;SAT;SAT;NOTR;0;10.09.2026
ODAS;izle;;52,2;15,2;18,5;18,5;40;4;zayif;17,6;49,7;70,0;asagi;zayif;zayif;yukari;1,09;-0,42;2;7,48;-2,48;452804957;7,86;AL;NEGATIF;NOTR;POZITIF;ARTIYOR;AL;AL;NOTR;4;10.09.2026
BRLSM;izle;;51,6;24,4;16,0;11,2;6;0;guclu trend;24,9;45,8;42,7;asagi;zayif;zayif;yukari;0,89;-0,28;3;18,04;-5,45;286911822;24,25;SAT;NEGATIF;AL;NEGATIF;AZALIYOR;SAT;SAT;NOTR;1;10.09.2026
AKSA;izle;;51,4;22,0;18,5;10,9;0;0;zayif;26,6;50,0;56,3;yukari;zayif;zayif;asagi;0,63;-0,42;1;11,34;0,44;148257153;10,46;AL;POZITIF;AL;POZITIF;AZALIYOR;AL;SAT;NOTR;5;10.09.2026
BLCYT;izle;;50,5;15,0;25,0;10,5;0;0;zayif;32,7;53,1;64,5;yukari;guclu;yukselis;asagi;0,85;-0,19;2;2,2;-4,76;85509767;1,88;AL;POZITIF;AL;POZITIF;AZALIYOR;AL;SAT;NOTR;5;10.09.2026
HEKTS;izle;;50,5;13,2;19,3;18,0;0;0;zayif;25,3;52,2;43,1;yukari;zayif;zayif;asagi;1,66;-0,71;2;2,89;1,05;2008136843;2,59;AL;POZITIF;AL;POZITIF;AZALIYOR;AL;AL;NOTR;6;10.09.2026
BINHO;izle;;50,3;9,7;16,5;24,1;6;0;ilimli;15,9;50,4;57,7;asagi;zayif;zayif;yukari;2,04;0,02;3;10;7,53;670520100;11,00;SAT;POZITIF;NOTR;NEGATIF;ARTIYOR;SAT;AL;NOTR;2;10.09.2026
BIZIM;izle;;50,2;13,3;25,6;11,3;10;1;zayif;25,6;58,4;63,2;yukari;guclu;yukselis;asagi;0,68;0,72;2;25,52;-2,22;5714107;23,23;AL;POZITIF;AL;POZITIF;ARTIYOR;AL;AL;NOTR;6;10.09.2026
ISGYO;izle;;50,0;24,4;8,4;17,2;46;4;zayif;26,8;37,2;55,6;asagi;zayif;zayif;asagi;1,18;-1,19;3;24,02;-3,92;60591459;26,59;SAT;NEGATIF;AL;NEGATIF;ARTIYOR;AL;AL;NOTR;3;10.09.2026
KAYSE;izle;;49,7;15,0;21,8;12,9;8;0;zayif;30,7;51,7;60,0;yukari;zayif;zayif;asagi;0,58;-0,22;0;4,07;-1,69;29376873;3,85;AL;POZITIF;AL;NEGATIF;AZALIYOR;AL;SAT;NOTR;4;10.09.2026
BASGZ;izle;;49,6;11,7;22,4;15,5;22;2;ilimli;24,3;55,7;46,6;asagi;zayif;zayif;asagi;0,88;0,07;1;45,4;0,31;13938163;46,46;AL;POZITIF;AL;POZITIF;AZALIYOR;AL;AL;NOTR;6;10.09.2026
ISBIR;izle;;49,5;13,2;21,4;14,9;0;0;zayif;12,5;52,6;48,1;yukari;guclu;yukselis;asagi;0,31;0,55;1;73,5;-1,28;543827;70,46;SAT;POZITIF;NOTR;NEGATIF;AZALIYOR;AL;AL;NOTR;3;10.09.2026
CVKMD;izle;;49,5;28,0;10,0;11,5;0;0;zayif;12,3;42,8;34,8;yukari;zayif;zayif;asagi;0,53;-0,68;2;15,2;-2,56;275014254;14,58;SAT;NEGATIF;NOTR;NEGATIF;AZALIYOR;SAT;SAT;NOTR;0;10.09.2026
KARTN;izle;;49,2;13,5;13,5;22,2;0;0;zayif;16,0;40,4;47,2;asagi;zayif;zayif;yukari;1,07;-1,11;2;156,5;-6,57;149939051;188,10;AL;NEGATIF;NOTR;NEGATIF;ARTIYOR;AL;SAT;NOTR;2;10.09.2026
MAGEN;izle;;48,5;1,1;24,7;22,7;32;3;zayif;14,8;58,3;70,3;asagi;guclu;yukselis;asagi;1,44;0,17;0;37,24;0,11;923453202;37,68;AL;POZITIF;NOTR;POZITIF;AZALIYOR;AL;AL;NOTR;5;10.09.2026
BRKVY;izle;;48,2;20,0;17,2;11,0;0;0;zayif;35,9;48,7;67,6;yukari;zayif;zayif;asagi;0,65;-0,22;1;82,8;-2,42;36270043;79,73;SAT;NEGATIF;AL;POZITIF;ARTIYOR;SAT;SAT;NOTR;2;10.09.2026
KORDS;izle;;48,1;21,3;10,3;16,5;10;0;guclu trend;21,6;43,6;26,0;asagi;zayif;zayif;yukari;1,21;-0,47;5;77;-3,69;249230289;90,24;SAT;NEGATIF;SAT;NEGATIF;ARTIYOR;SAT;SAT;NOTR;0;10.09.2026
AGYO;izle;;47,9;2,8;22,9;22,1;16;1;zayif;17,5;56,9;53,6;asagi;zayif;zayif;asagi;1,36;0,18;3;7,64;1,06;2925990;7,83;AL;POZITIF;NOTR;POZITIF;ARTIYOR;AL;AL;NOTR;5;10.09.2026
SANKO;izle;;47,7;15,0;22,6;10,2;32;3;zayif;34,9;57,2;86,7;yukari;zayif;zayif;asagi;0,66;0,08;1;19,76;-0,20;5533314;18,07;AL;POZITIF;AL;POZITIF;AZALIYOR;AL;AL;NOTR;6;10.09.2026
BNTAS;izle;;47,6;14,5;22,5;10,5;46;4;zayif;26,8;50,9;44,2;yukari;zayif;zayif;asagi;0,60;-0,01;3;6,35;0,16;15247550;5,97;AL;POZITIF;AL;NEGATIF;AZALIYOR;AL;AL;NOTR;5;10.09.2026
PAPIL;izle;;47,5;12,3;23,2;12,0;8;0;zayif;23,0;54,9;74,3;yukari;guclu;yukselis;asagi;0,94;0,09;1;13,25;1,53;103994891;11,65;AL;POZITIF;AL;POZITIF;ARTIYOR;AL;AL;UCUZ (AL);6;10.09.2026
CUSAN;izle;;47,5;8,2;23,3;16,0;0;0;zayif;21,5;52,7;61,4;asagi;zayif;zayif;yukari;0,48;0,27;1;24,94;1,46;15332339;27,24;AL;POZITIF;AL;POZITIF;AZALIYOR;AL;SAT;NOTR;5;10.09.2026
RUBNS;izle;;47,3;17,0;22,3;8,0;0;0;zayif;30,8;45,4;23,4;asagi;guclu;yukselis;asagi;0,59;-0,10;2;29,18;2,39;47232557;34,29;SAT;NEGATIF;SAT;NEGATIF;AZALIYOR;SAT;AL;NOTR;1;10.09.2026
YIGIT;izle;;47,3;11,5;21,4;14,3;0;0;zayif;21,0;50,7;71,3;yukari;zayif;zayif;asagi;0,93;-0,28;1;21,88;-1,26;71956253;20,59;AL;POZITIF;AL;NEGATIF;AZALIYOR;SAT;SAT;NOTR;3;10.09.2026
TURSG;izle;;47,2;6,6;18,5;22,2;10;0;zayif;13,0;47,0;46,0;asagi;zayif;zayif;asagi;1,51;-0,69;4;6,15;-1,91;605842755;6,59;AL;NEGATIF;NOTR;NEGATIF;ARTIYOR;AL;AL;NOTR;3;10.09.2026
DOKTA;izle;;47,2;12,7;23,8;10,7;10;1;zayif;23,5;55,1;43,0;yukari;guclu;yukselis;asagi;0,52;0,21;2;23,3;1,39;10899460;21,43;AL;POZITIF;AL;NEGATIF;AZALIYOR;AL;AL;NOTR;5;10.09.2026
ULUUN;izle;;47,0;16,3;12,7;18,0;0;0;zayif;13,9;45,9;47,6;yukari;zayif;zayif;asagi;1,29;-0,69;2;8,3;-2,58;109578036;7,98;SAT;NEGATIF;NOTR;NEGATIF;ARTIYOR;SAT;SAT;NOTR;0;10.09.2026
TTKOM;izle;;46,7;9,9;22,5;14,4;0;0;zayif;16,8;57,2;45,0;yukari;zayif;zayif;asagi;0,89;0,12;2;55,35;-0,09;1596949953;50,42;AL;POZITIF;NOTR;POZITIF;AZALIYOR;AL;AL;NOTR;5;10.09.2026
BMSTL;izle;;46,7;11,2;15,8;19,7;10;1;zayif;13,0;47,3;41,8;asagi;zayif;zayif;yukari;1,01;-0,34;2;44,08;0,87;105064768;47,29;SAT;NEGATIF;NOTR;POZITIF;ARTIYOR;AL;AL;NOTR;3;10.09.2026
NUHCM;izle;;46,5;10,6;21,8;14,1;0;0;zayif;18,8;53,4;42,5;yukari;zayif;zayif;asagi;0,71;0,03;1;219,6;-1,44;10412334;204,30;AL;POZITIF;NOTR;POZITIF;ARTIYOR;AL;AL;NOTR;5;10.09.2026
GLCVY;izle;;46,5;1,1;23,6;21,7;10;1;zayif;14,9;56,6;64,6;asagi;zayif;yukselis;asagi;2,62;0,28;2;54,1;5,46;93433567;55,12;AL;POZITIF;NOTR;POZITIF;ARTIYOR;AL;AL;UCUZ (AL);5;10.09.2026
FRIGO;izle;;46,3;9,4;22,1;14,8;16;1;zayif;15,9;52,5;59,6;asagi;guclu;yukselis;asagi;0,83;0,42;3;2,45;-4,30;89543825;2,74;SAT;POZITIF;NOTR;NEGATIF;AZALIYOR;AL;AL;NOTR;3;10.09.2026
ENDAE;izle;;46,3;28,5;13,8;4,0;28;2;zayif;22,4;44,7;57,4;yukari;zayif;zayif;asagi;0,41;-0,46;3;17,19;0,12;43817723;16,70;SAT;NEGATIF;AL;NEGATIF;AZALIYOR;SAT;SAT;NOTR;1;10.09.2026
OZKGY;izle;;45,6;15,7;18,8;11,2;0;0;zayif;25,7;52,9;42,9;yukari;zayif;zayif;asagi;0,38;0,15;1;13,35;0,38;27546777;12,25;SAT;POZITIF;AL;NEGATIF;AZALIYOR;AL;SAT;NOTR;3;10.09.2026
DAGI;izle;;45,4;21,8;9,8;13,8;6;0;guclu trend;25,1;43,6;44,5;asagi;zayif;zayif;yukari;1,05;-0,24;3;9,4;-0,21;78010280;11,10;SAT;NEGATIF;SAT;NEGATIF;ARTIYOR;SAT;SAT;NOTR;0;10.09.2026
BERA;izle;;45,4;13,2;23,3;8,9;6;0;zayif;25,3;56,8;57,7;yukari;guclu;yukselis;asagi;0,76;0,01;3;14,11;0,50;88028904;12,67;AL;POZITIF;AL;POZITIF;AZALIYOR;AL;AL;NOTR;6;10.09.2026
PSDTC;izle;;45,1;25,0;12,1;8,0;46;4;guclu trend;24,9;44,5;55,7;asagi;zayif;zayif;yukari;0,36;-0,21;3;146,6;-0,95;24046945;177,00;SAT;NEGATIF;AL;NEGATIF;AZALIYOR;SAT;SAT;NOTR;1;10.09.2026
GLRMK;izle;;45,0;7,2;20,2;17,6;38;3;zayif;25,0;52,3;49,8;asagi;guclu;yukselis;asagi;0,89;0,20;3;171,3;-0,98;687091152;178,38;SAT;POZITIF;AL;NEGATIF;AZALIYOR;AL;AL;NOTR;4;10.09.2026
OBAMS;izle;;44,7;13,9;22,9;8,0;8;0;zayif;27,1;52,5;64,3;yukari;guclu;yukselis;asagi;0,48;-0,50;0;5,42;0,74;137946160;4,83;AL;POZITIF;AL;POZITIF;AZALIYOR;AL;AL;NOTR;6;10.09.2026
GLYHO;izle;;44,6;16,4;15,7;12,5;46;4;zayif;20,9;47,9;52,3;asagi;zayif;zayif;yukari;0,70;-0,23;3;16,71;0,48;34140067;17,60;SAT;NEGATIF;AL;NEGATIF;ARTIYOR;AL;AL;NOTR;3;10.09.2026
SARKY;izle;;44,1;12,6;17,5;13,9;32;3;zayif;16,1;46,7;57,8;yukari;zayif;zayif;asagi;1,13;-0,87;2;24,66;-5,95;199404706;23,35;AL;NEGATIF;NOTR;NEGATIF;ARTIYOR;AL;AL;NOTR;3;10.09.2026
IHLAS;izle;;44,0;15,0;17,3;11,8;8;0;zayif;30,9;47,9;49,2;yukari;zayif;zayif;asagi;0,93;-1,78;2;1,06;-0,93;90993935;0,99;AL;NEGATIF;AL;NEGATIF;ARTIYOR;AL;AL;UCUZ (AL);4;10.09.2026
SERNT;izle;;43,9;10,9;21,4;11,6;8;0;zayif;19,4;56,5;62,4;yukari;zayif;zayif;asagi;0,91;-0,00;2;8,4;1,57;30709249;7,61;AL;POZITIF;NOTR;POZITIF;AZALIYOR;AL;SAT;NOTR;4;10.09.2026
KLGYO;izle;;42,8;13,3;18,0;11,5;6;0;zayif;25,6;52,2;56,8;yukari;zayif;zayif;asagi;0,39;0,12;3;4,8;-1,03;17536738;4,49;SAT;POZITIF;AL;NEGATIF;AZALIYOR;SAT;AL;UCUZ (AL);3;10.09.2026
HLGYO;izle;;42,7;15,0;16,0;11,7;38;3;zayif;35,0;48,3;76,0;yukari;zayif;zayif;asagi;0,92;-1,50;3;4,55;-2,78;135104037;4,16;AL;NEGATIF;AL;POZITIF;ARTIYOR;AL;SAT;NOTR;4;10.09.2026
AYEN;izle;;42,6;6,6;17,9;18,0;0;0;zayif;12,2;50,5;60,0;asagi;zayif;zayif;asagi;2,75;-0,68;2;31,96;3,10;62565311;33,17;AL;POZITIF;NOTR;POZITIF;ARTIYOR;AL;AL;NOTR;5;10.09.2026
HKTM;izle;;42,5;23,1;19,4;0,0;16;1;zayif;51,4;47,5;21,4;yukari;guclu;yukselis;asagi;0,47;-0,02;3;12,59;-1,41;105436516;12,25;SAT;NEGATIF;AL;NEGATIF;AZALIYOR;SAT;SAT;NOTR;1;10.09.2026
GEREL;izle;;42,2;13,5;15,8;12,9;28;2;zayif;15,9;47,0;50,0;asagi;zayif;zayif;yukari;0,45;-0,34;3;38,62;-2,47;109879616;42,71;SAT;NEGATIF;NOTR;NEGATIF;AZALIYOR;AL;SAT;NOTR;1;10.09.2026
BESLR;izle;;42,2;10,5;21,7;9,9;22;2;zayif;18,6;51,1;51,4;yukari;zayif;zayif;asagi;0,46;-0,17;1;13,09;-1,58;20484921;12,16;AL;POZITIF;NOTR;POZITIF;AZALIYOR;AL;AL;NOTR;5;10.09.2026
ARCLK;izle;;42,2;9,4;19,4;13,4;0;0;zayif;15,5;53,4;50,4;yukari;zayif;zayif;asagi;0,68;-0,62;2;94,9;-0,52;106637232;89,48;AL;POZITIF;NOTR;POZITIF;ARTIYOR;AL;AL;NOTR;5;10.09.2026
PRKME;izle;;42,1;14,2;19,8;8,0;8;0;zayif;25,8;48,9;69,3;yukari;zayif;zayif;asagi;0,33;-0,23;1;18,44;-1,91;22968587;16,36;AL;NEGATIF;AL;POZITIF;AZALIYOR;SAT;SAT;NOTR;3;10.09.2026
MOBTL;izle;;42,0;13,0;17,8;11,2;10;0;zayif;11,2;48,1;40,8;asagi;zayif;zayif;asagi;1,26;-0,71;5;13,16;-0,45;64274388;14,33;AL;NEGATIF;NOTR;NEGATIF;AZALIYOR;AL;SAT;NOTR;2;10.09.2026
VRGYO;izle;;41,5;1,3;20,3;19,9;8;0;zayif;15,4;55,6;74,1;asagi;zayif;zayif;asagi;3,09;-0,48;2;1,84;2,22;67045609;1,86;AL;POZITIF;NOTR;POZITIF;ARTIYOR;AL;AL;UCUZ (AL);5;10.09.2026
PENGD;izle;;41,0;7,0;16,0;18,0;0;0;zayif;29,9;50,7;39,9;asagi;zayif;zayif;asagi;1,55;-1,54;2;9,48;-0,63;36578153;9,59;AL;POZITIF;AL;POZITIF;ARTIYOR;AL;AL;NOTR;6;10.09.2026
GOODY;izle;;40,8;10,3;22,6;8,0;0;0;zayif;17,3;52,7;51,5;yukari;zayif;zayif;asagi;0,30;0,01;1;2,72;-1,81;27221333;2,60;AL;POZITIF;NOTR;POZITIF;ARTIYOR;AL;AL;NOTR;5;10.09.2026
BALAT;izle;;40,8;0,7;19,0;21,1;0;0;zayif;17,4;47,6;42,7;asagi;zayif;zayif;asagi;1,28;-0,55;2;70,65;1,65;3042896;77,82;AL;NEGATIF;NOTR;POZITIF;AZALIYOR;SAT;SAT;NOTR;2;10.09.2026
TUKAS;izle;;40,8;3,8;20,0;17,0;10;1;zayif;21,7;52,4;58,3;asagi;zayif;zayif;asagi;1,08;-0,60;2;2,05;-1,91;139182331;2,11;AL;POZITIF;AL;POZITIF;ARTIYOR;AL;AL;UCUZ (AL);6;10.09.2026
ONRYT;izle;;40,7;0,0;23,9;16,9;0;0;zayif;9,0;56,6;62,4;asagi;zayif;yukselis;asagi;1,04;0,39;2;62;2,48;68498654;64,39;AL;POZITIF;NOTR;POZITIF;AZALIYOR;AL;AL;NOTR;5;10.09.2026
VANGD;izle;;40,7;29,5;10,0;1,3;0;0;guclu trend;22,7;40,3;20,3;yukari;zayif;zayif;asagi;0,46;-0,91;2;89,8;-0,22;8058203;88,63;SAT;NEGATIF;SAT;NEGATIF;AZALIYOR;SAT;SAT;NOTR;0;10.09.2026
ALGYO;izle;;40,7;9,7;22,4;8,7;32;3;zayif;16,4;53,4;55,8;yukari;guclu;yukselis;asagi;0,98;-0,97;0;3,71;-1,07;95860423;3,35;AL;POZITIF;NOTR;POZITIF;ARTIYOR;AL;AL;NOTR;5;10.09.2026
SEKUR;izle;;40,7;13,9;14,3;12,6;0;0;zayif;18,3;45,1;36,5;asagi;zayif;zayif;yukari;0,98;-0,53;2;9,97;2,68;20915644;11,42;SAT;NEGATIF;NOTR;NEGATIF;ARTIYOR;SAT;AL;NOTR;1;10.09.2026
VKGYO;izle;;40,5;3,4;16,7;20,4;0;0;zayif;20,6;47,5;51,7;asagi;zayif;zayif;asagi;1,30;-1,18;1;1,93;0,00;64078440;2,01;AL;NEGATIF;AL;POZITIF;AZALIYOR;AL;AL;NOTR;5;10.09.2026
EPLAS;izle;;40,4;12,1;16,1;12,2;40;5;zayif;22,6;47,3;36,4;yukari;zayif;zayif;asagi;0,52;-0,43;2;5,6;1,45;10380210;5,32;SAT;NEGATIF;AL;NEGATIF;AZALIYOR;SAT;AL;NOTR;2;10.09.2026
KNFRT;izle;;40,3;15,4;16,9;8,0;10;0;zayif;17,3;48,4;67,8;yukari;zayif;zayif;asagi;0,26;-0,20;4;12,21;-1,61;16746271;11,09;SAT;NEGATIF;NOTR;NEGATIF;AZALIYOR;SAT;SAT;NOTR;0;10.09.2026
FMIZP;izle;;39,9;9,8;16,1;14,1;38;3;zayif;16,5;47,5;40,3;yukari;zayif;zayif;asagi;1,03;-0,40;3;290,25;-1,28;15648829;280,92;SAT;NEGATIF;NOTR;NEGATIF;ARTIYOR;AL;AL;NOTR;2;10.09.2026
OZGYO;izle;;39,4;11,5;17,7;10,1;6;0;zayif;28,7;46,0;35,6;asagi;zayif;zayif;asagi;0,83;-0,76;3;2,05;-1,44;27294487;2,25;AL;NEGATIF;AL;NEGATIF;AZALIYOR;AL;AL;NOTR;4;10.09.2026
TATGD;izle;;39,4;11,1;18,7;9,6;6;0;zayif;10,2;48,7;58,7;asagi;zayif;zayif;asagi;0,86;-0,56;3;17,81;-0,95;43041819;19,05;AL;NEGATIF;NOTR;NEGATIF;AZALIYOR;AL;AL;NOTR;3;10.09.2026
DYOBY;izle;;39,2;15,0;14,7;9,5;40;5;zayif;30,5;48,5;61,7;yukari;zayif;zayif;asagi;0,31;-0,71;1;13,29;-1,19;12941111;12,37;SAT;NEGATIF;AL;NEGATIF;AZALIYOR;AL;AL;NOTR;3;10.09.2026
CEMAS;izle;;39,0;4,2;24,0;10,8;0;0;zayif;22,9;54,5;60,5;asagi;guclu;yukselis;asagi;0,81;0,18;0;4,3;1,90;55496854;4,52;AL;POZITIF;AL;NEGATIF;AZALIYOR;AL;AL;NOTR;5;10.09.2026
AFYON;izle;;38,9;1,6;15,2;22,0;16;1;zayif;16,2;47,6;49,4;asagi;zayif;zayif;asagi;1,22;-0,66;3;12,5;0,16;24941025;13,12;SAT;NEGATIF;NOTR;NEGATIF;AZALIYOR;AL;AL;NOTR;2;10.09.2026
BFREN;izle;;38,7;4,1;20,2;14,4;0;0;zayif;22,6;50,1;56,4;asagi;zayif;zayif;asagi;0,76;-0,49;2;128,6;-0,08;16765582;134,63;AL;POZITIF;AL;NEGATIF;AZALIYOR;AL;AL;UCUZ (AL);5;10.09.2026
INTEM;izle;;38,7;11,2;13,6;13,9;0;0;zayif;20,1;45,9;40,5;yukari;zayif;zayif;asagi;0,79;-0,85;2;247,6;-2,62;10124612;237,10;SAT;NEGATIF;AL;NEGATIF;ARTIYOR;AL;AL;NOTR;3;10.09.2026
EDIP;izle;;38,7;20,6;13,4;4,7;40;5;zayif;31,5;47,3;76,6;yukari;zayif;zayif;asagi;0,35;-0,45;2;35,7;-1,33;32311606;32,84;SAT;NEGATIF;AL;NEGATIF;AZALIYOR;SAT;SAT;NOTR;1;10.09.2026
CCOLA;izle;;38,6;14,4;17,1;7,0;0;0;zayif;23,6;45,8;39,0;asagi;zayif;zayif;asagi;0,96;-1,01;2;79,5;-0,63;455634216;84,19;AL;NEGATIF;SAT;POZITIF;ARTIYOR;AL;SAT;NOTR;3;10.09.2026
ASGYO;izle;;38,6;3,0;20,2;15,3;0;0;zayif;15,9;52,3;65,5;asagi;zayif;zayif;asagi;1,01;-0,22;1;11,29;-0,70;36307658;11,69;AL;POZITIF;NOTR;POZITIF;AZALIYOR;AL;AL;NOTR;5;10.09.2026
DMRGD;izle;;38,2;21,3;8,9;8,0;10;0;guclu trend;21,3;41,5;31,0;asagi;zayif;zayif;yukari;0,42;-0,73;4;10,6;-0,84;140529023;12,14;SAT;NEGATIF;SAT;NEGATIF;AZALIYOR;SAT;AL;NOTR;1;10.09.2026
DURKN;izle;;37,9;27,2;9,1;1,6;28;2;zayif;21,4;42,7;62,5;yukari;zayif;zayif;asagi;0,44;-0,65;3;20,2;-1,94;19118411;19,66;SAT;NEGATIF;SAT;NEGATIF;AZALIYOR;SAT;SAT;NOTR;0;10.09.2026
MACKO;izle;;37,8;8,7;16,9;12,3;6;0;zayif;13,7;48,7;69,2;yukari;guclu;yukselis;asagi;0,44;-0,27;3;34,58;-1,71;18828672;31,82;SAT;NEGATIF;NOTR;NEGATIF;AZALIYOR;SAT;AL;NOTR;1;10.09.2026
AKSEN;izle;;37,8;12,6;13,0;12,2;0;0;zayif;20,8;41,6;49,5;asagi;zayif;zayif;asagi;0,95;-1,52;2;79,95;-0,56;590480559;89,03;AL;NEGATIF;SAT;NEGATIF;AZALIYOR;AL;AL;NOTR;3;10.09.2026
KLMSN;izle;;37,5;11,4;16,6;9,5;10;1;zayif;20,7;46,5;35,2;yukari;zayif;zayif;asagi;0,79;-1,24;2;28,3;0,00;14511900;26,86;AL;NEGATIF;AL;NEGATIF;AZALIYOR;AL;AL;NOTR;4;10.09.2026
HATEK;izle;;37,4;11,5;18,0;8,0;8;0;zayif;20,9;50,6;39,7;yukari;zayif;zayif;asagi;0,33;-0,66;0;13,28;-1,63;10982666;11,49;AL;POZITIF;AL;POZITIF;AZALIYOR;AL;AL;NOTR;6;10.09.2026
ALCAR;izle;;37,3;1,7;17,5;18,0;12;0;zayif;16,5;49,8;77,0;asagi;zayif;zayif;asagi;2,62;-0,84;2;708;2,16;68072076;737,49;AL;NEGATIF;NOTR;POZITIF;ARTIYOR;AL;AL;UCUZ (AL);4;10.09.2026
BRKSN;izle;;37,1;8,9;17,7;10,5;6;0;zayif;18,3;50,9;47,1;yukari;zayif;zayif;asagi;0,30;-0,16;3;7,89;0,51;869289;7,34;SAT;POZITIF;NOTR;NEGATIF;AZALIYOR;AL;AL;NOTR;3;10.09.2026
KRONT;izle;;37,0;21,2;5,9;10,0;10;0;zayif;20,5;38,9;39,6;asagi;zayif;zayif;asagi;1,36;-1,33;4;21,96;-0,63;46428030;26,34;SAT;NEGATIF;SAT;NEGATIF;AZALIYOR;SAT;SAT;NOTR;0;10.09.2026
EUREN;izle;;36,9;1,3;19,1;16,5;22;2;zayif;15,2;51,6;62,6;asagi;zayif;zayif;asagi;1,12;-0,80;1;3,95;-1,74;127241350;4,10;AL;POZITIF;NOTR;POZITIF;AZALIYOR;AL;AL;UCUZ (AL);5;10.09.2026
VESBE;izle;;36,9;14,8;20,7;1,3;0;0;zayif;29,6;53,6;81,2;yukari;zayif;zayif;asagi;0,78;-0,20;2;5,77;-1,37;104058730;5,12;AL;POZITIF;AL;POZITIF;AZALIYOR;AL;SAT;UCUZ (AL);5;10.09.2026
SODSN;izle;;36,8;10,2;12,6;14,0;6;0;zayif;27,9;40,3;51,7;yukari;zayif;zayif;asagi;1,50;-3,36;3;7,46;-0,27;869209;7,13;AL;NEGATIF;SAT;NEGATIF;AZALIYOR;AL;AL;UCUZ (AL);3;10.09.2026
OTKAR;izle;;36,7;9,0;19,4;8,3;6;0;zayif;14,5;49,2;53,2;yukari;zayif;zayif;asagi;0,55;-0,65;3;318,75;-1,77;84183150;298,05;AL;NEGATIF;NOTR;NEGATIF;AZALIYOR;AL;AL;UCUZ (AL);3;10.09.2026
ESEN;izle;;36,6;6,6;16,9;13,2;40;4;zayif;28,9;50,1;46,3;asagi;zayif;zayif;asagi;0,76;-0,35;2;3,51;0,29;101797701;3,71;SAT;POZITIF;AL;NEGATIF;AZALIYOR;AL;AL;UCUZ (AL);4;10.09.2026
AKYHO;izle;;36,6;1,0;19,8;15,8;10;0;zayif;19,3;55,0;35,3;asagi;zayif;zayif;asagi;1,45;-0,23;4;2,26;6,60;4397284;2,27;AL;POZITIF;NOTR;POZITIF;ARTIYOR;AL;AL;UCUZ (AL);5;10.09.2026
TUCLK;izle;;36,5;15,0;14,3;7,2;0;0;zayif;32,0;46,5;61,5;yukari;zayif;zayif;asagi;0,85;-0,61;2;3,85;-2,04;32779170;3,67;SAT;NEGATIF;AL;NEGATIF;ARTIYOR;AL;SAT;NOTR;2;10.09.2026
BMSCH;izle;;36,5;2,4;16,0;18,0;0;0;zayif;31,0;46,9;41,8;asagi;zayif;zayif;asagi;2,82;-2,46;2;11,18;9,93;50594721;11,44;AL;NEGATIF;SAT;NEGATIF;ARTIYOR;AL;AL;UCUZ (AL);3;10.09.2026
ULAS;izle;;36,4;10,2;16,2;10,0;6;0;zayif;17,6;45,8;39,2;yukari;zayif;zayif;asagi;0,82;-1,41;3;21,52;-2,00;4380891;19,75;AL;NEGATIF;NOTR;POZITIF;AZALIYOR;SAT;SAT;UCUZ (AL);2;10.09.2026
TAVHL;izle;;36,3;1,0;22,4;13,0;40;5;zayif;12,0;51,6;54,5;asagi;zayif;zayif;asagi;0,53;0,05;2;275,25;-0,27;497446388;286,88;AL;POZITIF;NOTR;NEGATIF;AZALIYOR;AL;AL;NOTR;4;10.09.2026
EMNIS;izle;;36,0;8,3;18,5;9,3;0;0;zayif;14,1;46,8;31,4;yukari;zayif;zayif;asagi;0,57;-0,88;1;155;-1,71;537230;150,46;AL;NEGATIF;NOTR;POZITIF;AZALIYOR;AL;SAT;NOTR;3;10.09.2026
IZFAS;izle;;35,9;8,7;18,7;8,5;0;0;zayif;17,1;50,3;62,6;asagi;zayif;zayif;asagi;0,73;-0,32;2;57,9;-0,17;307661088;63,36;AL;POZITIF;NOTR;NEGATIF;AZALIYOR;AL;AL;NOTR;4;10.09.2026
NUGYO;izle;;35,7;2,3;21,1;12,4;0;0;zayif;17,9;51,2;43,6;asagi;zayif;zayif;asagi;0,86;-0,24;0;9,18;-1,08;14611026;9,70;AL;POZITIF;NOTR;POZITIF;AZALIYOR;AL;AL;NOTR;5;10.09.2026
ULKER;izle;;35,7;5,4;22,1;8,2;32;3;zayif;25,9;54,6;56,0;asagi;zayif;zayif;asagi;0,52;-0,31;2;94,2;-2,03;393246849;97,01;AL;POZITIF;AL;POZITIF;ARTIYOR;AL;AL;UCUZ (AL);6;10.09.2026
ALTIN;izle;;35,6;11,9;16,9;6,8;6;0;zayif;21,4;48,6;37,2;asagi;guclu;yukselis;asagi;0,72;-0,00;3;74,03;-1,12;999881827;79,40;SAT;NEGATIF;AL;NEGATIF;AZALIYOR;SAT;SAT;UCUZ (AL);1;10.09.2026
MNDRS;izle;;35,3;10,5;19,0;5,8;0;0;zayif;26,2;51,6;61,7;asagi;guclu;yukselis;asagi;0,58;0,25;2;11,4;-1,55;24083389;12,36;SAT;POZITIF;AL;NEGATIF;AZALIYOR;AL;AL;NOTR;4;10.09.2026
TSGYO;izle;;35,2;10,4;16,7;8,2;16;1;zayif;18,1;45,8;66,0;yukari;zayif;zayif;asagi;0,44;-1,22;3;5,8;-0,85;9029394;5,50;AL;NEGATIF;NOTR;NEGATIF;AZALIYOR;SAT;AL;UCUZ (AL);2;10.09.2026
VERUS;izle;;35,0;22,4;8,4;4,1;10;1;zayif;32,4;38,2;51,6;asagi;zayif;zayif;asagi;0,95;-1,31;2;541;-0,73;52115612;650,43;SAT;NEGATIF;SAT;NEGATIF;ARTIYOR;SAT;AL;NOTR;1;10.09.2026
ADEL;izle;;35,0;11,0;15,1;8,9;10;1;zayif;27,5;46,5;54,1;asagi;zayif;zayif;asagi;0,38;-0,46;1;31,94;-1,78;66780056;36,26;SAT;NEGATIF;AL;NEGATIF;AZALIYOR;SAT;SAT;NOTR;1;10.09.2026
DERIM;izle;;34,6;5,5;14,4;14,7;22;2;zayif;26,2;46,4;41,0;asagi;zayif;zayif;asagi;1,07;-0,70;2;35,32;1,90;18314515;39,16;SAT;NEGATIF;AL;NEGATIF;ARTIYOR;SAT;AL;NOTR;2;10.09.2026
EGSER;izle;;34,4;3,0;22,2;9,3;22;2;zayif;19,8;52,9;64,5;asagi;zayif;zayif;asagi;0,69;-0,07;2;2,99;0,34;4491064;3,13;AL;POZITIF;NOTR;NEGATIF;AZALIYOR;AL;AL;NOTR;4;10.09.2026
NATEN;izle;;34,4;2,5;13,9;18,0;6;0;zayif;18,4;44,5;48,3;asagi;zayif;zayif;asagi;2,61;-2,14;3;5,38;1,32;122626986;5,59;AL;NEGATIF;NOTR;NEGATIF;ARTIYOR;AL;AL;UCUZ (AL);3;10.09.2026
AKENR;izle;;34,3;3,9;22,4;8,0;10;1;zayif;21,9;53,5;54,6;asagi;zayif;zayif;asagi;0,67;-0,07;1;10,69;1,52;82153013;11,26;AL;POZITIF;AL;POZITIF;AZALIYOR;AL;AL;NOTR;6;10.09.2026
SRVGY;izle;;34,2;2,9;17,4;13,9;0;0;zayif;19,4;48,4;43,8;asagi;zayif;zayif;asagi;0,96;-1,28;2;2,51;-0,79;36795204;2,61;AL;NEGATIF;NOTR;NEGATIF;ARTIYOR;AL;AL;UCUZ (AL);3;10.09.2026
ALKIM;izle;;34,2;0,8;19,0;14,4;0;0;zayif;14,0;52,0;49,6;asagi;zayif;zayif;asagi;1,01;-0,60;2;15,99;0,44;28672133;16,48;AL;POZITIF;NOTR;POZITIF;AZALIYOR;AL;AL;NOTR;5;10.09.2026
VAKFN;izle;;33,6;2,4;13,2;18,0;0;0;zayif;34,2;42,2;44,4;asagi;zayif;zayif;asagi;1,57;-2,23;1;1,15;0,00;87382145;1,22;AL;NEGATIF;SAT;NEGATIF;AZALIYOR;AL;AL;UCUZ (AL);3;10.09.2026
MRSHL;izle;;33,6;7,5;18,1;8,0;0;0;zayif;18,3;46,4;56,4;asagi;zayif;zayif;asagi;0,68;-0,62;0;1626;-2,22;46806036;1787,25;AL;NEGATIF;NOTR;NEGATIF;ARTIYOR;AL;AL;NOTR;3;10.09.2026
KTLEV;izle;;33,5;15,0;8,5;10,0;6;0;zayif;26,5;40,1;29,0;asagi;zayif;zayif;asagi;2,30;-1,58;3;41,82;9,99;14995471923;51,07;SAT;NEGATIF;SAT;NEGATIF;AZALIYOR;SAT;AL;PAHALI (SAT);1;10.09.2026
MGROS;izle;;33,5;2,4;13,0;18,0;10;0;zayif;37,9;41,7;56,5;asagi;zayif;zayif;asagi;1,36;-2,83;5;542;1,69;2555679592;568,11;AL;NEGATIF;SAT;NEGATIF;AZALIYOR;AL;AL;NOTR;3;10.09.2026
MARBL;izle;;33,4;1,2;20,0;12,3;24;1;zayif;15,0;49,7;61,7;asagi;zayif;zayif;asagi;0,78;-0,41;3;12,34;0,41;13175233;13,00;AL;NEGATIF;NOTR;NEGATIF;AZALIYOR;AL;AL;NOTR;3;10.09.2026
GRTHO;izle;;33,2;3,0;14,6;15,6;0;0;zayif;19,8;51,2;49,5;asagi;zayif;zayif;asagi;1,60;-0,38;1;219,4;9,97;433826641;232,15;SAT;POZITIF;NOTR;NEGATIF;ARTIYOR;AL;AL;NOTR;3;10.09.2026
MAKTK;izle;;33,2;12,4;12,8;8,0;0;0;zayif;23,2;41,1;75,7;yukari;zayif;zayif;asagi;0,52;-1,88;1;9,71;-1,72;22806838;9,45;AL;NEGATIF;AL;NEGATIF;ARTIYOR;SAT;SAT;UCUZ (AL);2;10.09.2026
MTRYO;izle;;33,1;1,9;17,2;14,0;20;1;zayif;17,0;46,2;37,7;asagi;zayif;zayif;asagi;1,36;-0,99;5;8,87;-0,45;3573883;9,63;AL;NEGATIF;NOTR;NEGATIF;AZALIYOR;AL;AL;NOTR;3;10.09.2026
IHGZT;izle;;33,0;6,0;16,3;10,6;8;0;zayif;27,4;46,0;73,8;asagi;zayif;zayif;asagi;0,86;-1,36;1;1,18;-1,67;17958957;1,26;AL;NEGATIF;AL;NEGATIF;AZALIYOR;AL;AL;UCUZ (AL);4;10.09.2026
MAALT;izle;;32,7;14,3;17,6;0,8;54;5;zayif;28,1;48,0;30,9;yukari;zayif;zayif;asagi;0,75;-0,93;3;1011;0,70;33288186;954,44;AL;NEGATIF;AL;POZITIF;AZALIYOR;SAT;AL;NOTR;4;10.09.2026
PINSU;izle;;32,6;6,3;18,3;8,0;22;2;zayif;28,3;47,8;68,9;asagi;zayif;zayif;asagi;0,64;-0,76;1;10,32;-0,39;23997003;11,02;AL;NEGATIF;AL;NEGATIF;AZALIYOR;AL;AL;UCUZ (AL);4;10.09.2026
PRKAB;izle;;32,6;11,0;16,7;4,9;0;0;zayif;19,7;48,1;69,1;yukari;zayif;zayif;asagi;0,96;-1,19;1;32,16;-1,35;30377178;29,97;AL;NEGATIF;NOTR;POZITIF;ARTIYOR;AL;AL;NOTR;4;10.09.2026
CONSE;izle;;32,5;4,5;16,0;12,0;10;1;zayif;23,5;46,4;60,5;asagi;zayif;zayif;asagi;0,94;-1,50;2;2,28;-1,30;17986610;2,44;AL;NEGATIF;AL;NEGATIF;AZALIYOR;AL;AL;UCUZ (AL);4;10.09.2026
YAYLA;izle;;32,4;7,0;21,4;4,0;32;3;zayif;40,7;52,2;66,6;asagi;zayif;zayif;asagi;0,34;-0,11;1;22,6;-1,57;15509544;24,12;AL;POZITIF;AL;POZITIF;AZALIYOR;AL;SAT;UCUZ (AL);5;10.09.2026
KLNMA;izle;;32,3;8,0;16,3;8,0;6;0;zayif;10,1;46,4;37,9;yukari;zayif;zayif;asagi;1,07;-1,44;3;8,89;-1,22;1540441;8,79;AL;NEGATIF;NOTR;NEGATIF;AZALIYOR;AL;AL;NOTR;3;10.09.2026
PENTA;izle;;32,2;0,0;18,5;13,7;38;3;zayif;10,4;46,4;59,5;asagi;zayif;zayif;asagi;0,83;-0,92;3;13,1;-1,36;18865480;13,99;AL;NEGATIF;NOTR;NEGATIF;ARTIYOR;AL;AL;NOTR;3;10.09.2026
MMCAS;izle;;31,9;10,4;13,5;8,0;0;0;zayif;29,9;43,3;49,0;yukari;zayif;zayif;asagi;0,61;-2,55;1;49,14;0,53;1228549;46,81;AL;NEGATIF;SAT;NEGATIF;AZALIYOR;AL;SAT;UCUZ (AL);2;10.09.2026
TCELL;izle;;31,9;1,6;18,3;12,0;0;0;zayif;23,7;49,5;46,1;asagi;zayif;zayif;asagi;0,53;-0,69;1;101,6;-0,20;1884697069;105,37;AL;NEGATIF;SAT;NEGATIF;AZALIYOR;AL;AL;NOTR;3;10.09.2026
IZMDC;izle;;31,8;22,4;6,8;2,6;32;2;zayif;31,5;34,2;29,3;asagi;zayif;zayif;asagi;0,86;-1,88;4;9,84;-1,99;95472511;12,29;SAT;NEGATIF;SAT;NEGATIF;AZALIYOR;SAT;SAT;NOTR;0;10.09.2026
ULUFA;izle;;31,8;1,1;17,3;13,5;0;0;zayif;14,7;46,9;51,7;asagi;zayif;zayif;asagi;0,93;-1,17;2;1,67;-1,76;30820757;1,79;AL;NEGATIF;NOTR;NEGATIF;AZALIYOR;AL;AL;NOTR;3;10.09.2026
IHLGM;izle;;31,4;2,7;16,8;11,9;0;0;zayif;19,1;48,3;54,4;asagi;zayif;zayif;asagi;0,93;-1,41;0;1,59;-0,63;22694797;1,67;AL;NEGATIF;NOTR;POZITIF;ARTIYOR;AL;AL;UCUZ (AL);4;10.09.2026
MNDTR;izle;;31,3;3,2;17,8;10,3;0;0;zayif;20,2;51,1;55,6;asagi;zayif;zayif;asagi;0,95;-0,84;0;5,12;-0,19;10160609;5,30;AL;POZITIF;AL;POZITIF;ARTIYOR;AL;SAT;UCUZ (AL);5;10.09.2026
SNPAM;izle;;31,3;9,7;13,4;8,2;6;0;zayif;16,3;45,6;58,5;yukari;zayif;zayif;asagi;0,62;-0,91;3;19,7;-1,99;493347;19,55;SAT;NEGATIF;NOTR;NEGATIF;AZALIYOR;SAT;SAT;NOTR;0;10.09.2026
IMASM;izle;;31,3;1,3;16,0;14,0;46;4;zayif;15,3;45,6;18,3;asagi;zayif;zayif;asagi;1,41;-2,37;3;2,34;0,43;89564436;2,44;AL;NEGATIF;NOTR;NEGATIF;ARTIYOR;AL;AL;UCUZ (AL);3;10.09.2026
PEKGY;izle;;31,2;5,2;8,0;18,0;32;3;zayif;28,5;38,3;54,5;asagi;zayif;zayif;asagi;1,99;-2,41;1;11,93;9,95;4647847663;13,39;SAT;NEGATIF;SAT;NEGATIF;ARTIYOR;SAT;AL;NOTR;1;10.09.2026
A1YEN;izle;;31,1;1,1;13,2;16,9;0;0;zayif;14,7;47,9;70,9;asagi;zayif;zayif;asagi;1,15;-1,00;1;2,71;3,04;63759633;2,86;SAT;NEGATIF;NOTR;NEGATIF;ARTIYOR;AL;AL;NOTR;2;10.09.2026
CEMTS;izle;;31,0;0,2;17,3;13,5;38;3;zayif;13,4;48,4;46,7;asagi;zayif;zayif;asagi;0,91;-1,26;3;8,88;-1,11;11434181;9,23;AL;NEGATIF;NOTR;NEGATIF;ARTIYOR;AL;AL;UCUZ (AL);3;10.09.2026
CIMSA;izle;;31,0;0,8;18,0;12,2;6;0;zayif;14,1;48,7;51,0;asagi;zayif;zayif;asagi;0,70;-0,92;3;45,36;-1,09;261438438;47,19;AL;NEGATIF;NOTR;NEGATIF;AZALIYOR;AL;AL;NOTR;3;10.09.2026
AHSGY;izle;;30,9;5,0;7,9;18,0;6;0;zayif;26,5;38,1;57,1;asagi;zayif;zayif;asagi;9,42;-2,76;3;15,54;9,98;490770885;16,48;SAT;NEGATIF;SAT;NEGATIF;ARTIYOR;AL;AL;NOTR;2;10.09.2026
KOCMT;izle;;30,9;22,2;8,7;0,0;38;3;zayif;28,2;39,9;54,8;asagi;zayif;zayif;asagi;0,70;-1,41;3;3,89;-0,26;184861195;4,76;SAT;NEGATIF;SAT;NEGATIF;AZALIYOR;AL;SAT;NOTR;1;10.09.2026
KCAER;izle;;30,9;20,7;8,1;2,1;28;2;zayif;28,7;36,6;32,6;asagi;zayif;zayif;asagi;0,43;-1,24;3;14,2;0,00;85773552;15,91;SAT;NEGATIF;SAT;NEGATIF;AZALIYOR;SAT;AL;NOTR;1;10.09.2026
MAVI;izle;;30,8;2,4;8,7;19,7;6;0;zayif;29,8;40,6;54,3;asagi;zayif;zayif;asagi;1,20;-1,94;3;36,8;0,27;185877683;38,68;SAT;NEGATIF;SAT;NEGATIF;ARTIYOR;AL;AL;NOTR;2;10.09.2026
ERCB;izle;;30,8;9,3;13,4;8,1;6;0;zayif;15,3;43,1;53,4;yukari;zayif;zayif;asagi;0,71;-1,90;3;44,8;-2,44;27645229;41,03;AL;NEGATIF;NOTR;NEGATIF;AZALIYOR;AL;SAT;UCUZ (AL);2;10.09.2026
INFO;izle;;30,8;12,8;8,0;10,0;6;0;zayif;18,4;38,3;29,6;asagi;zayif;zayif;asagi;1,81;-1,66;3;5,15;9,11;481489949;6,11;SAT;NEGATIF;NOTR;NEGATIF;AZALIYOR;AL;AL;NOTR;2;10.09.2026
USAK;izle;;30,6;0,4;12,2;18,0;0;0;zayif;15,0;39,1;30,9;asagi;zayif;zayif;asagi;1,47;-2,83;0;1,21;-0,82;62680637;1,29;AL;NEGATIF;NOTR;NEGATIF;AZALIYOR;AL;AL;UCUZ (AL);3;10.09.2026
TCKRC;izle;;30,3;22,0;7,2;1,1;6;0;guclu trend;26,5;35,7;20,5;asagi;zayif;zayif;asagi;0,77;-1,55;3;136;-2,51;311991480;157,71;SAT;NEGATIF;SAT;NEGATIF;AZALIYOR;SAT;AL;NOTR;1;10.09.2026
SANFM;izle;;30,1;17,0;5,1;8,0;6;0;zayif;23,1;38,1;44,8;asagi;zayif;zayif;asagi;0,59;-1,26;3;8,94;-0,67;29612355;10,40;SAT;NEGATIF;SAT;NEGATIF;AZALIYOR;SAT;SAT;NOTR;0;10.09.2026
UNLU;izle;;29,8;2,4;13,9;13,5;6;0;zayif;33,8;44,6;39,3;asagi;zayif;zayif;asagi;1,03;-1,66;3;10,79;0,19;10280831;11,30;AL;NEGATIF;SAT;NEGATIF;ARTIYOR;AL;AL;UCUZ (AL);3;10.09.2026
FZLGY;izle;;29,7;2,4;13,4;13,9;0;0;zayif;30,9;43,0;39,9;asagi;zayif;zayif;asagi;1,29;-2,91;2;9,14;9,99;228087228;9,66;AL;NEGATIF;SAT;NEGATIF;ARTIYOR;AL;AL;NOTR;3;10.09.2026
TRILC;izle;;29,6;10,4;13,6;5,6;0;0;zayif;32,2;43,6;36,7;yukari;zayif;zayif;asagi;0,79;-6,39;1;1,1;1,85;3810224;1,03;AL;NEGATIF;SAT;NEGATIF;AZALIYOR;AL;AL;UCUZ (AL);3;10.09.2026
TSKB;izle;;29,6;1,1;21,9;6,6;0;0;zayif;14,8;52,9;55,1;asagi;zayif;zayif;asagi;0,80;0,03;2;11,29;-0,88;159885841;11,64;AL;POZITIF;NOTR;POZITIF;AZALIYOR;AL;SAT;NOTR;4;10.09.2026
GIPTA;izle;;29,5;8,5;17,0;4,0;0;0;zayif;27,5;46,6;64,6;asagi;guclu;yukselis;asagi;0,47;-0,18;1;73,5;-5,53;278097614;89,39;SAT;NEGATIF;SAT;NEGATIF;AZALIYOR;SAT;AL;NOTR;1;10.09.2026
GWIND;izle;;29,4;0,0;16,3;13,1;6;0;zayif;11,4;49,1;62,3;asagi;zayif;zayif;asagi;1,11;-1,43;3;23,14;0,96;87318443;23,62;AL;NEGATIF;NOTR;NEGATIF;AZALIYOR;AL;AL;NOTR;3;10.09.2026
KRVGD;izle;;29,3;2,4;16,0;10,8;0;0;zayif;44,6;45,5;47,1;asagi;zayif;zayif;asagi;0,87;-2,18;2;2,32;1,31;18824260;2,40;AL;NEGATIF;SAT;POZITIF;ARTIYOR;AL;AL;NOTR;4;10.09.2026
KRTEK;izle;;29,2;2,1;17,7;9,4;6;0;zayif;17,5;52,3;26,0;asagi;zayif;zayif;asagi;1,02;-0,77;3;5,68;9,86;5263327;5,80;AL;POZITIF;NOTR;POZITIF;ARTIYOR;AL;AL;UCUZ (AL);5;10.09.2026
GSRAY;izle;;29,2;7,1;12,2;9,9;0;0;zayif;27,2;42,3;58,6;asagi;zayif;zayif;asagi;1,07;-0,86;1;1,02;-0,97;289255182;1,11;SAT;NEGATIF;SAT;NEGATIF;AZALIYOR;SAT;SAT;UCUZ (AL);0;10.09.2026
BYDNR;izle;;29,2;11,0;10,4;7,8;0;0;zayif;23,7;42,7;35,4;asagi;zayif;zayif;asagi;0,97;-1,03;2;36,4;4,00;26293904;39,74;SAT;NEGATIF;SAT;NEGATIF;ARTIYOR;SAT;AL;NOTR;1;10.09.2026
DGGYO;izle;;29,0;5,5;17,6;6,0;0;0;zayif;13,7;46,5;29,9;asagi;zayif;zayif;asagi;0,82;-0,83;0;33,5;-2,33;3663493;36,55;AL;NEGATIF;NOTR;POZITIF;ARTIYOR;AL;AL;NOTR;4;10.09.2026
USHOL;izle;;29,0;20,6;8,4;0,0;40;4;zayif;16,7;38,1;41,8;asagi;zayif;zayif;asagi;0,56;-1,29;1;73,45;-2,39;20715397;90,30;SAT;NEGATIF;NOTR;NEGATIF;AZALIYOR;SAT;SAT;NOTR;0;10.09.2026
SNGYO;izle;;29,0;10,5;8,5;10,0;0;0;zayif;18,4;43,6;47,2;yukari;zayif;zayif;asagi;2,22;-1,35;2;3,22;0,00;150673318;3,17;SAT;NEGATIF;NOTR;NEGATIF;AZALIYOR;SAT;SAT;UCUZ (AL);0;10.09.2026
PSGYO;izle;;28,9;10,1;8,8;10,0;0;0;zayif;16,7;40,6;38,9;asagi;zayif;zayif;asagi;0,82;-1,44;2;3,1;-3,43;309858206;3,47;SAT;NEGATIF;NOTR;NEGATIF;AZALIYOR;AL;AL;NOTR;2;10.09.2026
EUPWR;izle;;28,9;15,4;7,2;6,3;10;1;zayif;29,5;35,6;44,7;asagi;zayif;zayif;asagi;1,08;-2,49;2;71,65;-5,22;1817973014;88,15;SAT;NEGATIF;SAT;NEGATIF;ARTIYOR;SAT;AL;NOTR;1;10.09.2026
GUNDG;izle;;28,7;4,6;6,1;18,0;0;0;zayif;23,8;32,0;49,2;asagi;zayif;zayif;asagi;2,14;-3,18;2;1006;9,77;469502212;1471,08;SAT;NEGATIF;SAT;NEGATIF;AZALIYOR;SAT;AL;NOTR;1;10.09.2026
PARSN;izle;;28,7;3,5;17,2;8,0;10;0;zayif;21,0;50,3;44,2;asagi;zayif;zayif;asagi;0,57;-0,99;4;73,05;0,41;15395945;76,10;AL;POZITIF;AL;POZITIF;AZALIYOR;AL;AL;UCUZ (AL);6;10.09.2026
SUWEN;izle;;28,5;2,4;21,5;4,6;10;1;zayif;18,2;52,1;77,8;asagi;zayif;zayif;asagi;0,34;-0,25;1;6,67;0,60;18123657;7,06;AL;POZITIF;NOTR;POZITIF;AZALIYOR;AL;SAT;UCUZ (AL);4;10.09.2026
ALKA;izle;;28,4;0,6;16,2;11,6;32;3;zayif;13,5;48,4;47,9;asagi;zayif;zayif;asagi;0,85;-1,41;1;8,22;-0,24;19827437;8,61;AL;NEGATIF;NOTR;NEGATIF;AZALIYOR;AL;AL;UCUZ (AL);3;10.09.2026
DERHL;izle;;28,4;3,0;9,9;15,4;0;0;zayif;19,7;44,7;42,6;asagi;zayif;zayif;asagi;1,15;-1,85;2;2,12;1,44;41012435;2,28;SAT;NEGATIF;NOTR;NEGATIF;ARTIYOR;AL;AL;UCUZ (AL);2;10.09.2026
PCILT;izle;;28,3;20,8;7,2;0,3;6;0;zayif;16,5;41,0;34,1;yukari;zayif;zayif;asagi;0,67;-1,12;3;30,62;-0,26;47640770;29,53;SAT;NEGATIF;NOTR;NEGATIF;AZALIYOR;SAT;SAT;NOTR;0;10.09.2026
PRDGS;izle;;28,2;18,4;9,5;0,3;20;1;zayif;28,7;41,2;22,3;yukari;zayif;zayif;asagi;0,45;-1,20;4;7,08;-0,14;23985440;6,87;SAT;NEGATIF;AL;NEGATIF;AZALIYOR;SAT;SAT;NOTR;1;10.09.2026
DESA;izle;;27,9;8,2;11,7;8,0;6;0;zayif;13,6;45,7;47,6;yukari;zayif;zayif;asagi;0,31;-1,29;3;9,74;-1,42;12957327;9,23;SAT;NEGATIF;NOTR;NEGATIF;AZALIYOR;AL;AL;NOTR;2;10.09.2026
ADESE;izle;;27,9;7,0;17,5;3,4;0;0;zayif;30,8;48,5;55,5;asagi;zayif;zayif;asagi;0,79;-1,06;1;0,86;1,18;84163319;0,93;AL;NEGATIF;AL;NEGATIF;AZALIYOR;AL;AL;UCUZ (AL);4;10.09.2026
IHYAY;izle;;27,9;5,0;13,2;9,7;22;2;zayif;24,9;42,2;43,2;asagi;zayif;zayif;asagi;1,04;-2,73;2;1,22;-1,61;2699732;1,31;AL;NEGATIF;AL;NEGATIF;AZALIYOR;AL;AL;UCUZ (AL);4;10.09.2026
ESCOM;izle;;27,9;13,0;8,5;6,3;46;4;zayif;17,4;40,2;34,4;asagi;zayif;zayif;asagi;0,84;-1,51;3;5,21;-0,19;93896094;5,69;SAT;NEGATIF;NOTR;NEGATIF;AZALIYOR;AL;AL;NOTR;2;10.09.2026
ASTOR;izle;;27,7;20,8;4,3;2,6;46;4;zayif;18,0;36,4;35,3;asagi;zayif;zayif;asagi;0,85;-1,53;3;285,25;-4,84;8080668969;340,36;SAT;NEGATIF;NOTR;NEGATIF;ARTIYOR;SAT;SAT;NOTR;0;10.09.2026
ISSEN;izle;;27,6;5,2;18,8;3,7;18;1;zayif;25,4;46,7;70,2;asagi;zayif;zayif;asagi;0,77;-0,86;2;6,94;-1,56;6997123;7,43;AL;NEGATIF;AL;NEGATIF;AZALIYOR;SAT;SAT;NOTR;2;10.09.2026
PLTUR;izle;;27,6;1,3;16,7;9,6;0;0;zayif;15,4;45,3;62,3;asagi;zayif;zayif;asagi;0,58;-1,18;2;20,42;-4,31;47249144;22,84;AL;NEGATIF;NOTR;NEGATIF;ARTIYOR;AL;SAT;NOTR;2;10.09.2026
EKIZ;izle;;27,5;2,4;16,0;9,1;0;0;zayif;35,8;46,4;63,9;asagi;zayif;zayif;asagi;0,76;-3,26;0;60,6;2,62;536128;61,69;AL;NEGATIF;SAT;POZITIF;AZALIYOR;AL;AL;UCUZ (AL);4;10.09.2026
CMBTN;izle;;27,3;5,0;18,4;4,0;6;0;zayif;24,7;48,2;59,1;asagi;zayif;zayif;asagi;0,58;-0,56;3;1544;0,32;17865624;1649,89;AL;NEGATIF;AL;NEGATIF;AZALIYOR;AL;AL;UCUZ (AL);4;10.09.2026
SEGYO;izle;;27,3;1,8;11,8;13,8;8;0;zayif;24,9;37,6;44,3;asagi;zayif;zayif;asagi;1,29;-3,30;2;3,65;0,27;15011435;3,90;AL;NEGATIF;SAT;NEGATIF;AZALIYOR;AL;AL;UCUZ (AL);3;10.09.2026
MEKAG;izle;;27,1;3,1;16,0;8,0;8;0;zayif;20,1;46,0;68,3;asagi;zayif;zayif;asagi;0,62;-1,97;1;2,98;0,00;17907622;3,17;AL;NEGATIF;AL;NEGATIF;AZALIYOR;SAT;SAT;NOTR;2;10.09.2026
DCTTR;izle;;27,1;2,4;10,6;14,0;10;0;zayif;51,2;33,8;42,5;asagi;zayif;zayif;asagi;2,91;-5,36;6;6,46;9,86;156630051;6,97;AL;NEGATIF;SAT;NEGATIF;ARTIYOR;AL;AL;NOTR;3;10.09.2026
KUTPO;izle;;26,9;4,5;12,7;9,8;40;5;zayif;23,5;40,6;35,4;asagi;zayif;zayif;asagi;0,90;-1,95;2;78,7;-1,99;12421929;83,78;AL;NEGATIF;AL;NEGATIF;AZALIYOR;AL;AL;UCUZ (AL);4;10.09.2026
DOFER;izle;;26,8;8,1;9,6;9,0;0;0;zayif;13,1;43,7;47,4;yukari;zayif;zayif;asagi;0,60;-1,66;2;28;-1,06;9740276;27,00;SAT;NEGATIF;NOTR;NEGATIF;ARTIYOR;AL;AL;UCUZ (AL);2;10.09.2026
SILVR;izle;;26,7;0,4;12,3;14,0;10;0;zayif;15,1;39,4;45,1;asagi;zayif;zayif;asagi;1,83;-1,83;4;2,18;-1,80;4542518;2,36;AL;NEGATIF;NOTR;NEGATIF;ARTIYOR;AL;AL;UCUZ (AL);3;10.09.2026
THYAO;izle;;26,7;3,8;14,7;8,2;0;0;zayif;13,4;44,8;38,7;asagi;zayif;zayif;asagi;0,82;-1,19;2;299,25;-0,58;11487043418;313,33;AL;NEGATIF;NOTR;NEGATIF;AZALIYOR;AL;AL;NOTR;3;10.09.2026
CASA;izle;;26,5;8,4;16,0;2,1;0;0;zayif;15,2;45,3;50,2;yukari;zayif;zayif;asagi;0,72;-2,14;2;68,55;-1,37;802926;66,38;AL;NEGATIF;NOTR;POZITIF;AZALIYOR;SAT;SAT;UCUZ (AL);2;10.09.2026
GLRYH;izle;;26,3;1,8;13,7;10,9;0;0;zayif;16,6;46,8;69,5;asagi;zayif;zayif;asagi;0,41;-0,98;1;3,05;-0,33;11837559;3,34;SAT;NEGATIF;NOTR;NEGATIF;AZALIYOR;SAT;AL;UCUZ (AL);1;10.09.2026
OSTIM;izle;;26,0;1,4;16,5;8,0;6;0;zayif;15,6;49,5;48,4;asagi;zayif;zayif;asagi;0,64;-1,26;3;1,6;-0,62;13760205;1,67;AL;NEGATIF;NOTR;NEGATIF;AZALIYOR;AL;AL;UCUZ (AL);3;10.09.2026
SEGMN;izle;;25,9;9,2;8,8;8,0;0;0;zayif;22,6;40,8;25,7;asagi;zayif;zayif;asagi;0,44;-1,49;2;46,78;0,52;22316867;54,23;SAT;NEGATIF;SAT;NEGATIF;AZALIYOR;SAT;AL;NOTR;1;10.09.2026
PKENT;izle;;25,8;3,2;13,6;9,0;10;1;zayif;20,3;43,7;44,4;asagi;zayif;zayif;asagi;0,64;-2,01;1;124,4;0,08;10937621;132,33;AL;NEGATIF;AL;NEGATIF;AZALIYOR;AL;AL;UCUZ (AL);4;10.09.2026
DESPC;izle;;25,6;2,9;14,7;8,0;0;0;zayif;19,4;44,4;70,3;asagi;zayif;zayif;asagi;0,43;-1,11;1;39,42;-1,89;9949884;45,12;AL;NEGATIF;NOTR;NEGATIF;AZALIYOR;SAT;SAT;NOTR;1;10.09.2026
CLEBI;izle;;25,6;0,7;17,1;7,8;10;0;zayif;13,8;46,9;39,4;asagi;zayif;zayif;asagi;0,66;-1,37;5;1465;0,21;23107445;1536,13;AL;NEGATIF;NOTR;NEGATIF;AZALIYOR;AL;AL;NOTR;3;10.09.2026
ESCAR;izle;;25,5;9,7;7,5;8,3;10;1;zayif;16,6;40,6;69,1;asagi;zayif;zayif;asagi;0,31;-1,34;2;43,06;-1,01;48307292;48,26;SAT;NEGATIF;NOTR;NEGATIF;AZALIYOR;SAT;SAT;NOTR;0;10.09.2026
BIENY;izle;;25,5;10,1;6,5;8,9;6;0;zayif;17,5;40,6;74,5;yukari;zayif;zayif;asagi;0,35;-1,50;3;20,44;-0,68;28618616;20,10;SAT;NEGATIF;NOTR;NEGATIF;AZALIYOR;SAT;AL;UCUZ (AL);1;10.09.2026
KLKIM;izle;;25,5;0,5;15,3;9,7;6;0;zayif;15,3;48,9;44,5;asagi;zayif;zayif;asagi;0,71;-0,93;3;26,7;0,30;39413686;28,72;SAT;NEGATIF;NOTR;NEGATIF;AZALIYOR;AL;AL;UCUZ (AL);2;10.09.2026
GRNYO;izle;;25,2;2,4;8,8;14,0;0;0;zayif;38,5;41,0;33,8;asagi;zayif;zayif;asagi;1,89;-2,74;2;12,39;9,94;7558272;13,22;SAT;NEGATIF;SAT;NEGATIF;ARTIYOR;AL;AL;NOTR;2;10.09.2026
ERSU;izle;;25,2;6,0;8,4;10,7;10;1;zayif;14,8;37,6;42,0;asagi;zayif;zayif;asagi;1,37;-1,22;2;22,6;-0,88;12731394;26,42;SAT;NEGATIF;NOTR;NEGATIF;AZALIYOR;SAT;SAT;NOTR;0;10.09.2026
ASUZU;izle;;25,2;1,2;16,0;8,0;6;0;zayif;20,7;46,5;53,2;asagi;zayif;zayif;asagi;0,55;-2,10;3;48,34;-1,31;10298354;50,06;AL;NEGATIF;SAT;NEGATIF;AZALIYOR;AL;AL;NOTR;3;10.09.2026
RNPOL;izle;;25,2;11,7;8,8;4,7;32;2;zayif;17,4;39,9;42,2;yukari;zayif;zayif;asagi;0,71;-1,37;4;2,24;0,45;5032384;2,19;SAT;NEGATIF;NOTR;NEGATIF;AZALIYOR;SAT;SAT;NOTR;0;10.09.2026
PKART;izle;;25,1;13,5;6,2;5,4;0;0;zayif;17,3;38,4;54,7;asagi;zayif;zayif;asagi;1,03;-1,38;2;116,2;-1,53;72031915;140,43;SAT;NEGATIF;NOTR;NEGATIF;ARTIYOR;SAT;SAT;NOTR;0;10.09.2026
YYLGD;izle;;25,0;0,0;17,2;7,8;10;1;zayif;11,9;47,2;33,8;asagi;zayif;zayif;asagi;0,66;-1,21;2;10,11;-1,65;45215115;10,53;AL;NEGATIF;NOTR;NEGATIF;ARTIYOR;AL;AL;NOTR;3;10.09.2026
PGSUS;izle;;24,9;2,1;17,6;5,2;0;0;zayif;17,4;50,7;60,5;asagi;zayif;zayif;asagi;0,64;-1,01;2;153,3;-0,90;1011907239;158,55;AL;POZITIF;NOTR;POZITIF;ARTIYOR;AL;AL;UCUZ (AL);5;10.09.2026
LYDYE;izle;;24,7;0,8;13,6;10,3;50;4;zayif;17,7;43,5;40,8;asagi;zayif;zayif;asagi;4,27;-1,47;5;12000;-0,89;121200000;13268,29;AL;NEGATIF;NOTR;NEGATIF;AZALIYOR;SAT;SAT;NOTR;1;10.09.2026
BASCM;izle;;24,7;0,3;12,9;11,5;10;1;zayif;13,9;45,9;57,8;asagi;zayif;zayif;asagi;0,84;-1,03;2;13,55;-2,38;1278022;14,23;SAT;NEGATIF;NOTR;NEGATIF;ARTIYOR;SAT;SAT;NOTR;0;10.09.2026
ICUGS;izle;;24,6;5,0;5,7;14,0;6;0;zayif;26,5;30,6;57,3;asagi;zayif;zayif;asagi;1,33;-3,51;3;3,94;-1,25;79068503;4,82;SAT;NEGATIF;SAT;NEGATIF;AZALIYOR;AL;AL;NOTR;2;10.09.2026
SNICA;izle;;24,6;1,6;13,4;9,6;0;0;zayif;16,1;42,9;61,6;asagi;zayif;zayif;asagi;0,80;-2,31;2;3,19;0,63;42690449;3,58;AL;NEGATIF;NOTR;NEGATIF;ARTIYOR;AL;AL;UCUZ (AL);3;10.09.2026
ACSEL;izle;;24,5;4,0;12,4;8,0;6;0;zayif;19,6;39,8;44,1;asagi;zayif;zayif;asagi;0,62;-2,22;3;113,6;-0,79;9357914;124,29;AL;NEGATIF;NOTR;NEGATIF;AZALIYOR;AL;AL;NOTR;3;10.09.2026
LILAK;izle;;24,5;0,5;16,0;8,0;22;2;zayif;15,4;46,7;52,3;asagi;zayif;zayif;asagi;0,69;-1,70;2;29,08;0,90;48300571;30,52;AL;NEGATIF;NOTR;NEGATIF;AZALIYOR;AL;AL;NOTR;3;10.09.2026
DAPGM;izle;;24,4;0,4;16,0;8,0;0;0;zayif;13,1;45,2;39,2;asagi;zayif;zayif;asagi;0,39;-1,50;2;8,1;-2,64;269322538;9,11;AL;NEGATIF;NOTR;NEGATIF;AZALIYOR;AL;AL;UCUZ (AL);3;10.09.2026
BRISA;izle;;24,4;2,0;13,8;8,6;0;0;zayif;17,2;44,2;31,5;asagi;zayif;zayif;asagi;0,63;-1,62;1;76,65;-2,42;9797786;80,47;AL;NEGATIF;NOTR;NEGATIF;ARTIYOR;AL;AL;NOTR;3;10.09.2026
ENTRA;izle;;24,4;0,7;16,9;6,9;0;0;zayif;13,7;46,0;42,8;asagi;zayif;zayif;asagi;0,87;-1,13;2;4,41;0,23;68443848;4,62;AL;NEGATIF;NOTR;NEGATIF;AZALIYOR;AL;AL;NOTR;3;10.09.2026
ATAGY;izle;;24,3;2,4;16,0;5,9;0;0;zayif;38,7;46,6;40,9;asagi;zayif;zayif;asagi;1,05;-1,52;2;10,19;-1,07;2243227;10,60;AL;NEGATIF;SAT;NEGATIF;ARTIYOR;AL;AL;UCUZ (AL);3;10.09.2026
PASEU;izle;;24,2;12,4;1,7;10,0;10;0;zayif;36,0;30,8;47,9;asagi;zayif;zayif;asagi;2,90;-3,25;5;104,1;-9,95;3746036939;162,98;SAT;NEGATIF;SAT;NEGATIF;AZALIYOR;SAT;AL;NOTR;1;10.09.2026
DOGUB;izle;;24,1;3,2;8,0;12,9;0;0;zayif;12,6;38,4;45,3;asagi;zayif;zayif;asagi;1,23;-2,28;2;63,5;-1,70;32605726;78,65;SAT;NEGATIF;NOTR;NEGATIF;AZALIYOR;AL;SAT;NOTR;1;10.09.2026
SKTAS;izle;;24,0;3,9;18,5;1,6;6;0;zayif;22,1;47,8;63,3;asagi;zayif;zayif;asagi;0,79;-0,60;3;3,23;-0,31;44998768;3,49;AL;NEGATIF;AL;POZITIF;AZALIYOR;SAT;SAT;NOTR;3;10.09.2026
BIGTK;izle;;23,7;11,7;8,0;4,0;32;3;zayif;24,4;37,3;62,0;asagi;zayif;zayif;asagi;0,39;-1,35;2;278;-1,24;78422966;367,92;SAT;NEGATIF;SAT;NEGATIF;AZALIYOR;SAT;SAT;NOTR;0;10.09.2026
BRYAT;izle;;23,7;0,6;16,5;6,6;0;0;zayif;13,6;48,3;55,0;asagi;zayif;zayif;asagi;0,69;-1,32;2;1703;0,24;81999450;1780,06;AL;NEGATIF;NOTR;NEGATIF;AZALIYOR;AL;AL;UCUZ (AL);3;10.09.2026
SEYKM;izle;;23,5;2,3;14,7;6,4;6;0;zayif;18,0;44,8;29,5;asagi;zayif;zayif;asagi;0,85;-1,16;3;4,43;-0,89;5059282;4,71;AL;NEGATIF;NOTR;NEGATIF;ARTIYOR;AL;AL;NOTR;3;10.09.2026
IDGYO;izle;;23,5;2,4;11,9;9,1;6;0;zayif;35,3;38,0;45,0;asagi;zayif;zayif;asagi;1,01;-3,18;3;2,94;2,80;5266978;3,32;AL;NEGATIF;SAT;NEGATIF;AZALIYOR;AL;AL;NOTR;3;10.09.2026
VAKKO;izle;;23,5;0,5;18,2;4,8;0;0;zayif;13,3;47,2;44,7;asagi;zayif;zayif;asagi;0,41;-0,80;1;66,95;-0,74;5563880;72,32;AL;NEGATIF;NOTR;NEGATIF;ARTIYOR;AL;AL;NOTR;3;10.09.2026
EGEGY;izle;;23,2;4,5;8,6;10,0;46;4;zayif;23,3;40,4;37,6;asagi;zayif;zayif;asagi;2,62;-1,73;3;26,1;-4,95;332902760;30,39;SAT;NEGATIF;SAT;NEGATIF;ARTIYOR;SAT;AL;NOTR;1;10.09.2026
GENTS;izle;;23,1;0,3;13,5;9,2;0;0;zayif;14,3;43,4;57,6;asagi;zayif;zayif;asagi;1,01;-2,68;2;5,18;-1,33;32766276;5,56;AL;NEGATIF;NOTR;NEGATIF;AZALIYOR;AL;AL;UCUZ (AL);3;10.09.2026
KONTR;izle;;22,9;2,4;10,7;9,8;0;0;zayif;33,1;34,0;14,2;asagi;zayif;zayif;asagi;1,05;-8,11;2;3,3;0,00;13894993;3,56;AL;NEGATIF;SAT;NEGATIF;AZALIYOR;AL;AL;UCUZ (AL);3;10.09.2026
ICBCT;izle;;22,9;11,7;7,2;4,0;6;0;zayif;8,8;39,5;43,0;asagi;zayif;zayif;asagi;0,44;-1,54;3;19,13;-2,70;14300880;21,77;SAT;NEGATIF;NOTR;NEGATIF;AZALIYOR;AL;AL;NOTR;2;10.09.2026
FONET;izle;;22,9;11,4;7,4;4,0;28;2;zayif;22,0;36,5;22,4;asagi;zayif;zayif;asagi;0,49;-1,94;3;4,68;-2,09;45563525;5,36;SAT;NEGATIF;SAT;NEGATIF;AZALIYOR;SAT;AL;NOTR;1;10.09.2026
ECZYT;izle;;22,8;3,0;7,7;12,1;40;4;zayif;12,2;42,0;40,8;asagi;zayif;zayif;asagi;1,13;-1,54;2;307;-1,84;106697543;332,87;SAT;NEGATIF;NOTR;NEGATIF;ARTIYOR;SAT;SAT;NOTR;0;10.09.2026
KMPUR;izle;;22,8;8,3;9,7;4,8;0;0;zayif;28,1;41,8;40,8;asagi;zayif;zayif;asagi;0,75;-1,22;2;18,78;0,97;38271931;20,76;SAT;NEGATIF;SAT;NEGATIF;ARTIYOR;AL;AL;NOTR;2;10.09.2026
DARDL;izle;;22,7;1,1;10,8;10,7;46;4;zayif;20,2;34,4;51,9;asagi;zayif;zayif;asagi;1,10;-3,30;3;1,58;-1,25;29428818;1,72;AL;NEGATIF;SAT;NEGATIF;AZALIYOR;AL;AL;UCUZ (AL);3;10.09.2026
BTCIM;izle;;22,7;2,4;6,2;14,0;6;0;zayif;50,3;32,3;45,9;asagi;zayif;zayif;asagi;1,73;-3,80;3;3,92;-0,25;842885393;4,42;SAT;NEGATIF;SAT;NEGATIF;AZALIYOR;AL;AL;NOTR;2;10.09.2026
MERCN;izle;;22,6;1,6;13,9;7,0;0;0;zayif;24,1;44,8;28,2;asagi;zayif;zayif;asagi;0,88;-1,71;1;18,6;-2,11;67886782;19,80;AL;NEGATIF;SAT;POZITIF;AZALIYOR;AL;AL;NOTR;4;10.09.2026
TLMAN;izle;;22,5;4,8;13,7;4,0;0;0;zayif;24,4;44,0;49,4;asagi;zayif;zayif;asagi;0,49;-1,57;2;79;-1,92;6725428;85,09;AL;NEGATIF;AL;NEGATIF;AZALIYOR;AL;AL;UCUZ (AL);4;10.09.2026
GARFA;izle;;22,4;0,0;18,3;4,1;8;0;zayif;9,6;47,0;63,6;asagi;zayif;zayif;asagi;0,90;-0,92;2;26,68;-0,67;26295061;28,47;AL;NEGATIF;NOTR;NEGATIF;ARTIYOR;AL;AL;NOTR;3;10.09.2026
RODRG;izle;;22,3;11,9;8,0;2,4;0;0;zayif;15,2;40,9;61,2;yukari;zayif;zayif;asagi;0,77;-1,14;2;23,5;-3,45;5700207;22,52;SAT;NEGATIF;NOTR;NEGATIF;AZALIYOR;SAT;SAT;NOTR;0;10.09.2026
ATEKS;izle;;22,3;4,7;13,5;4,0;0;0;zayif;24,9;43,5;40,5;asagi;zayif;zayif;asagi;0,22;-2,24;2;98;-0,05;289982;106,40;AL;NEGATIF;SAT;POZITIF;AZALIYOR;AL;AL;NOTR;4;10.09.2026
SKBNK;izle;;22,3;2,4;11,8;8,0;18;1;zayif;32,0;37,7;56,9;asagi;zayif;zayif;asagi;0,55;-6,29;1;6,39;0,16;538429918;7,12;AL;NEGATIF;SAT;POZITIF;AZALIYOR;AL;AL;NOTR;4;10.09.2026
LIDFA;izle;;22,2;0,0;12,2;10,0;6;0;zayif;9,3;39,0;50,0;asagi;zayif;zayif;asagi;1,58;-2,03;3;2,57;-1,15;39475308;2,83;AL;NEGATIF;NOTR;NEGATIF;AZALIYOR;AL;SAT;NOTR;2;10.09.2026
AKGRT;izle;;22,2;1,9;9,9;10,4;10;0;zayif;25,9;31,3;35,6;asagi;zayif;zayif;asagi;3,81;-3,80;5;6,01;-3,06;285664015;6,45;AL;NEGATIF;SAT;NEGATIF;ARTIYOR;AL;SAT;UCUZ (AL);2;10.09.2026
MERIT;izle;;22,1;0,0;14,1;8,0;0;0;zayif;8,6;44,1;50,0;asagi;zayif;zayif;asagi;0,68;-1,33;1;15,7;0,13;21216132;16,57;AL;NEGATIF;NOTR;NEGATIF;AZALIYOR;AL;AL;NOTR;3;10.09.2026
RAYSG;izle;;22,0;0,7;12,5;8,8;10;0;zayif;16,8;40,2;28,2;asagi;zayif;zayif;asagi;0,99;-2,67;4;152,2;-2,44;23291014;166,26;AL;NEGATIF;NOTR;NEGATIF;ARTIYOR;AL;AL;UCUZ (AL);3;10.09.2026
TMSN;izle;;21,7;0,4;13,3;8,0;0;0;zayif;13,0;42,7;65,8;asagi;zayif;zayif;asagi;0,64;-2,28;1;73,65;-1,34;26453312;77,43;AL;NEGATIF;NOTR;NEGATIF;AZALIYOR;AL;AL;UCUZ (AL);3;10.09.2026
BAKAB;izle;;21,6;4,0;10,9;6,6;6;0;zayif;19,6;34,8;33,8;asagi;zayif;zayif;asagi;0,86;-3,39;3;37,96;-2,22;11038578;42,32;AL;NEGATIF;NOTR;NEGATIF;AZALIYOR;AL;AL;NOTR;3;10.09.2026
ERBOS;izle;;21,6;0,6;13,0;8,0;0;0;zayif;16,4;41,5;39,1;asagi;zayif;zayif;asagi;0,47;-2,49;2;148,4;-0,60;3849644;155,59;AL;NEGATIF;NOTR;NEGATIF;AZALIYOR;AL;AL;UCUZ (AL);3;10.09.2026
QNBFK;izle;;21,5;4,7;8,7;8,1;6;0;zayif;24,3;40,6;41,2;asagi;zayif;zayif;asagi;0,95;-1,82;3;40,98;-1,01;1133589;44,15;SAT;NEGATIF;SAT;NEGATIF;ARTIYOR;AL;AL;NOTR;2;10.09.2026
MERKO;izle;;21,5;2,2;11,1;8,2;0;0;zayif;28,1;35,2;49,2;asagi;zayif;zayif;asagi;0,71;-4,08;2;1,23;-0,81;18814246;1,37;AL;NEGATIF;SAT;NEGATIF;AZALIYOR;AL;AL;UCUZ (AL);3;10.09.2026
ULUSE;izle;;21,4;5,4;5,9;10,0;0;0;zayif;32,2;31,4;13,8;asagi;zayif;zayif;asagi;1,06;-3,30;2;225,9;1,80;51510848;259,22;SAT;NEGATIF;SAT;NEGATIF;AZALIYOR;AL;AL;NOTR;2;10.09.2026
BAYRK;izle;;21,3;3,9;9,3;8,1;32;3;zayif;22,0;42,5;44,9;asagi;zayif;zayif;asagi;0,27;-1,49;1;4,2;-0,47;11725241;4,62;SAT;NEGATIF;AL;NEGATIF;AZALIYOR;SAT;AL;NOTR;2;10.09.2026
INVEO;izle;;21,2;0,0;13,2;8,0;0;0;zayif;11,9;42,3;54,8;asagi;zayif;zayif;asagi;0,56;-1,99;0;6,83;-1,01;13956258;7,31;AL;NEGATIF;NOTR;NEGATIF;AZALIYOR;AL;AL;UCUZ (AL);3;10.09.2026
PAGYO;izle;;21,2;14,0;7,2;0,0;6;0;zayif;19,1;35,7;19,0;asagi;zayif;zayif;asagi;0,23;-2,16;3;137,1;-0,29;3882535;154,66;SAT;NEGATIF;NOTR;NEGATIF;AZALIYOR;SAT;AL;NOTR;1;10.09.2026
MOPAS;izle;;21,1;2,4;10,8;8,0;0;0;zayif;29,4;34,2;41,7;asagi;zayif;zayif;asagi;0,57;-4,09;2;25,84;-0,69;33184271;28,00;AL;NEGATIF;SAT;NEGATIF;AZALIYOR;AL;AL;NOTR;3;10.09.2026
TMPOL;izle;;21,1;4,5;6,2;10,3;10;0;zayif;23,3;32,3;11,6;asagi;zayif;zayif;asagi;1,08;-3,10;4;318;0,24;574152180;437,34;SAT;NEGATIF;SAT;NEGATIF;AZALIYOR;SAT;SAT;NOTR;0;10.09.2026
IHEVA;izle;;21,0;0,5;9,4;11,1;0;0;zayif;15,6;41,2;34,9;asagi;zayif;zayif;asagi;1,23;-1,42;2;1,95;-0,51;2517982;2,06;SAT;NEGATIF;NOTR;NEGATIF;AZALIYOR;SAT;AL;UCUZ (AL);1;10.09.2026
EDATA;izle;;21,0;14,0;3,2;3,7;0;0;zayif;19,6;31,8;28,5;asagi;zayif;zayif;asagi;0,92;-1,93;2;16,43;-1,02;68809908;19,61;SAT;NEGATIF;NOTR;NEGATIF;AZALIYOR;SAT;SAT;NOTR;0;10.09.2026
TBORG;izle;;20,9;7,2;5,6;8,1;0;0;zayif;28,3;39,6;47,8;asagi;zayif;zayif;asagi;0,35;-1,19;2;134,7;-1,68;19426703;154,33;SAT;NEGATIF;SAT;NEGATIF;AZALIYOR;SAT;AL;UCUZ (AL);1;10.09.2026
MZHLD;izle;;20,8;8,8;6,9;5,1;6;0;zayif;17,5;40,0;24,9;yukari;zayif;zayif;asagi;0,84;-1,85;3;5,19;-0,38;1405893;5,18;SAT;NEGATIF;NOTR;NEGATIF;AZALIYOR;SAT;SAT;UCUZ (AL);0;10.09.2026
OBASE;izle;;20,7;3,4;13,3;4,0;0;0;zayif;13,1;42,7;51,9;asagi;zayif;zayif;asagi;0,45;-1,61;2;36,02;-0,72;10332265;39,28;AL;NEGATIF;NOTR;NEGATIF;AZALIYOR;AL;SAT;NOTR;2;10.09.2026
FENER;izle;;20,6;1,0;8,8;10,8;0;0;zayif;19,5;40,9;48,0;asagi;zayif;zayif;asagi;0,75;-1,54;2;2,95;1,03;326484775;3,25;SAT;NEGATIF;NOTR;NEGATIF;AZALIYOR;SAT;AL;NOTR;1;10.09.2026
KRDMB;izle;;20,5;15,1;5,4;0,0;0;0;zayif;27,5;29,6;32,7;asagi;zayif;zayif;asagi;0,26;-2,87;2;101,3;-2,60;52999755;124,34;SAT;NEGATIF;SAT;NEGATIF;AZALIYOR;SAT;AL;PAHALI (SAT);1;10.09.2026
SDTTR;izle;;20,4;4,9;7,5;8,0;10;1;zayif;15,3;41,0;55,3;asagi;zayif;zayif;asagi;0,65;-1,21;0;20,7;-4,43;162338819;24,84;SAT;NEGATIF;NOTR;NEGATIF;ARTIYOR;SAT;SAT;NOTR;0;10.09.2026
KFEIN;izle;;20,2;0,0;16,2;4,0;0;0;zayif;8,4;45,3;24,9;asagi;zayif;zayif;asagi;0,36;-1,41;1;8,13;0,25;13212559;8,78;AL;NEGATIF;NOTR;NEGATIF;AZALIYOR;AL;AL;NOTR;3;10.09.2026
ISFIN;izle;;20,2;6,6;7,8;5,7;16;1;zayif;15,0;39,9;45,6;asagi;zayif;zayif;asagi;0,49;-1,22;3;19,25;-1,23;16980502;20,44;SAT;NEGATIF;NOTR;NEGATIF;AZALIYOR;AL;AL;NOTR;2;10.09.2026
GSDHO;izle;;20,1;0,1;16,0;4,0;0;0;zayif;12,7;45,0;38,5;asagi;zayif;zayif;asagi;0,48;-1,61;2;4,68;-0,21;25046752;4,97;AL;NEGATIF;NOTR;NEGATIF;AZALIYOR;AL;AL;NOTR;3;10.09.2026
AYCES;izle;;20,0;0,0;12,0;8,0;0;0;zayif;9,0;38,2;48,1;asagi;zayif;zayif;asagi;0,36;-3,20;1;432;-0,92;18900000;486,32;AL;NEGATIF;NOTR;NEGATIF;AZALIYOR;SAT;SAT;NOTR;1;10.09.2026
AYES;izle;;19,9;13,3;6,5;0,0;10;0;zayif;20,3;40,1;20,8;asagi;zayif;zayif;asagi;0,36;-1,83;5;28,8;-0,69;1467878;32,01;SAT;NEGATIF;SAT;NEGATIF;AZALIYOR;SAT;SAT;NOTR;0;10.09.2026
BEYAZ;izle;;19,8;0,3;13,6;5,9;0;0;zayif;12,7;43,6;41,6;asagi;zayif;zayif;asagi;0,81;-1,84;2;22,46;-2,35;13903212;23,83;AL;NEGATIF;NOTR;NEGATIF;ARTIYOR;AL;AL;NOTR;3;10.09.2026
CRDFA;izle;;19,6;5,4;10,1;4,0;0;0;zayif;36,1;32,0;34,1;asagi;zayif;zayif;asagi;0,63;-3,46;1;24,86;-0,96;29057884;29,88;AL;NEGATIF;SAT;NEGATIF;AZALIYOR;SAT;SAT;NOTR;1;10.09.2026
MOGAN;izle;;19,5;5,4;4,0;10,0;38;3;zayif;37,0;25,1;21,6;asagi;zayif;zayif;asagi;1,38;-3,27;3;13,42;1,51;328853181;16,61;SAT;NEGATIF;SAT;NEGATIF;AZALIYOR;SAT;AL;NOTR;1;10.09.2026
ATLAS;izle;;19,5;2,4;13,1;4,0;0;0;zayif;29,5;42,0;45,8;asagi;zayif;zayif;asagi;0,40;-2,27;2;6,2;-2,97;1907046;6,60;AL;NEGATIF;SAT;NEGATIF;ARTIYOR;AL;AL;NOTR;3;10.09.2026
HEDEF;izle;;19,4;5,4;4,0;10,0;0;0;zayif;38,7;19,0;-0,0;asagi;zayif;zayif;asagi;7,28;-7,78;1;36,34;-9,96;2967919707;73,79;SAT;NEGATIF;SAT;NEGATIF;AZALIYOR;SAT;AL;NOTR;1;10.09.2026
AKSUE;izle;;19,4;5,4;4,0;10,0;0;0;zayif;36,6;24,9;25,0;asagi;zayif;zayif;asagi;2,52;-4,66;1;27;-10,00;201140280;36,35;SAT;NEGATIF;SAT;NEGATIF;ARTIYOR;AL;SAT;NOTR;1;10.09.2026
YONGA;izle;;19,2;1,5;11,2;6,5;6;0;zayif;22,7;35,7;18,6;asagi;zayif;zayif;asagi;0,85;-3,64;3;44,52;-0,80;669803;46,60;AL;NEGATIF;SAT;NEGATIF;ARTIYOR;AL;AL;UCUZ (AL);3;10.09.2026
LUKSK;izle;;19,2;0,0;11,2;8,0;0;0;zayif;10,9;35,7;41,3;asagi;zayif;zayif;asagi;0,36;-2,86;2;82,35;-1,38;3071490;91,03;AL;NEGATIF;NOTR;NEGATIF;AZALIYOR;AL;SAT;UCUZ (AL);2;10.09.2026
KZBGY;izle;;19,2;2,4;10,4;6,3;0;0;zayif;30,0;33,1;37,0;asagi;zayif;zayif;asagi;0,84;-4,69;2;1,86;-0,53;46451004;2,02;AL;NEGATIF;SAT;NEGATIF;AZALIYOR;AL;AL;UCUZ (AL);3;10.09.2026
DITAS;izle;;19,1;1,9;7,2;10,0;10;0;zayif;26,1;35,7;43,4;asagi;zayif;zayif;asagi;1,63;-3,14;4;19,84;-6,33;98649837;24,58;SAT;NEGATIF;SAT;NEGATIF;ARTIYOR;SAT;AL;NOTR;1;10.09.2026
YATAS;izle;;19,1;2,2;12,9;4,0;0;0;zayif;28,5;41,3;45,2;asagi;zayif;zayif;asagi;0,40;-2,90;1;31,08;-0,38;12408068;32,70;AL;NEGATIF;SAT;NEGATIF;AZALIYOR;AL;AL;NOTR;3;10.09.2026
INGRM;izle;;19,0;1,9;9,1;8,0;0;0;zayif;16,8;43,5;49,0;asagi;zayif;zayif;asagi;0,63;-1,17;1;373;0,00;15698451;411,43;SAT;NEGATIF;NOTR;NEGATIF;AZALIYOR;SAT;SAT;NOTR;0;10.09.2026
QUAGR;izle;;19,0;0,2;9,0;9,8;0;0;zayif;13,3;41,6;53,3;asagi;zayif;zayif;asagi;1,05;-1,98;2;3,1;2,99;139513699;3,43;SAT;NEGATIF;NOTR;NEGATIF;AZALIYOR;SAT;AL;NOTR;1;10.09.2026
ANGEN;izle;;18,6;1,2;13,3;4,1;6;0;zayif;15,2;42,7;37,3;asagi;zayif;zayif;asagi;0,70;-2,40;3;9,04;0,22;10263917;9,43;AL;NEGATIF;NOTR;NEGATIF;ARTIYOR;AL;AL;NOTR;3;10.09.2026
TEZOL;izle;;18,4;2,4;11,1;4,8;10;0;zayif;36,6;35,5;35,3;asagi;zayif;zayif;asagi;0,75;-5,21;4;9,2;-0,33;35379870;10,09;AL;NEGATIF;SAT;NEGATIF;AZALIYOR;AL;AL;UCUZ (AL);3;10.09.2026
DGNMO;izle;;18,4;5,2;5,2;8,0;16;1;zayif;28,4;28,9;33,5;asagi;zayif;zayif;asagi;0,46;-2,42;3;6,89;-2,82;19028692;8,35;SAT;NEGATIF;SAT;NEGATIF;AZALIYOR;SAT;SAT;NOTR;0;10.09.2026
MSGYO;izle;;18,4;0,2;13,4;4,8;6;0;zayif;12,6;43,0;46,0;asagi;zayif;zayif;asagi;0,75;-1,58;3;5,68;-1,56;8576931;6,21;AL;NEGATIF;NOTR;NEGATIF;AZALIYOR;AL;SAT;NOTR;2;10.09.2026
ANSGR;izle;;18,3;5,2;7,6;5,6;28;2;zayif;19,0;36,8;31,2;asagi;zayif;zayif;asagi;0,79;-1,75;3;26,3;-0,68;83928244;28,02;SAT;NEGATIF;NOTR;NEGATIF;AZALIYOR;AL;AL;NOTR;2;10.09.2026
YEOTK;izle;;18,2;7,9;4,8;5,5;10;0;zayif;18,1;32,4;30,1;asagi;zayif;zayif;asagi;0,79;-3,05;5;31,32;-3,75;408706362;37,14;SAT;NEGATIF;NOTR;NEGATIF;ARTIYOR;AL;SAT;NOTR;1;10.09.2026
OTTO;izle;;18,2;2,2;4,8;11,2;0;0;zayif;27,9;27,7;19,7;asagi;zayif;zayif;asagi;1,13;-4,93;2;136,1;-0,22;31458154;155,08;SAT;NEGATIF;SAT;NEGATIF;AZALIYOR;AL;AL;UCUZ (AL);2;10.09.2026
KOPOL;izle;;18,1;0,8;8,2;9,1;0;0;zayif;17,9;38,9;37,1;asagi;zayif;zayif;asagi;0,77;-2,27;1;5,15;-3,01;40805381;5,70;SAT;NEGATIF;NOTR;NEGATIF;ARTIYOR;AL;AL;NOTR;2;10.09.2026
DOAS;izle;;18,1;1,1;12,1;4,8;10;0;zayif;20,4;38,8;37,9;asagi;zayif;zayif;asagi;0,68;-3,02;5;164,5;-0,12;98283815;171,91;AL;NEGATIF;SAT;NEGATIF;AZALIYOR;AL;SAT;NOTR;2;10.09.2026
RTALB;izle;;17,8;0,0;12,1;5,8;6;0;zayif;11,8;38,5;31,7;asagi;zayif;zayif;asagi;0,81;-3,05;3;2,81;-1,06;29084610;3,00;AL;NEGATIF;NOTR;NEGATIF;AZALIYOR;AL;AL;NOTR;3;10.09.2026
LINK;izle;;17,8;2,3;11,6;4,0;22;2;zayif;28,7;36,9;53,8;asagi;zayif;zayif;asagi;0,70;-3,00;2;5,27;-0,19;56680025;5,77;AL;NEGATIF;SAT;NEGATIF;AZALIYOR;AL;AL;NOTR;3;10.09.2026
GOKNR;izle;;17,8;1,1;12,7;4,0;0;0;zayif;19,8;40,8;33,0;asagi;zayif;zayif;asagi;0,27;-3,16;1;17,87;-1,60;39182995;19,02;AL;NEGATIF;NOTR;POZITIF;AZALIYOR;AL;AL;NOTR;4;10.09.2026
BRMEN;izle;;17,8;8,9;6,5;2,4;10;0;zayif;32,1;33,2;12,3;asagi;zayif;zayif;asagi;0,85;-3,52;4;12,2;6,09;2635468;13,81;SAT;NEGATIF;SAT;NEGATIF;ARTIYOR;AL;AL;NOTR;2;10.09.2026
ORCAY;izle;;17,7;0,0;13,7;4,0;0;0;zayif;12,1;44,0;36,6;asagi;zayif;zayif;asagi;0,47;-1,62;1;3,46;-1,98;2287070;3,67;AL;NEGATIF;NOTR;NEGATIF;AZALIYOR;AL;AL;NOTR;3;10.09.2026
GATEG;izle;;17,7;4,1;3,6;10,0;50;5;zayif;20,1;32,9;36,0;asagi;zayif;zayif;asagi;2,22;-3,77;4;250;-9,58;7545750;297,49;SAT;NEGATIF;SAT;NEGATIF;ARTIYOR;SAT;SAT;NOTR;0;10.09.2026
ALFAS;izle;;17,6;0,6;13,0;4,0;38;3;zayif;16,7;41,5;34,5;asagi;zayif;zayif;asagi;0,69;-2,29;3;39,3;-1,60;54347341;43,07;AL;NEGATIF;NOTR;NEGATIF;ARTIYOR;AL;AL;NOTR;3;10.09.2026
HRKET;izle;;17,6;3,5;4,1;10,0;10;0;zayif;15,6;33,6;14,6;asagi;zayif;zayif;asagi;2,22;-2,28;4;82;-4,71;368121944;102,00;SAT;NEGATIF;NOTR;NEGATIF;ARTIYOR;SAT;AL;NOTR;1;10.09.2026
MEGMT;izle;;17,5;2,4;10,5;4,6;0;0;zayif;42,6;33,3;51,2;asagi;zayif;zayif;asagi;0,97;-4,63;2;46,9;-0,21;396066467;53,65;AL;NEGATIF;SAT;NEGATIF;AZALIYOR;AL;AL;NOTR;3;10.09.2026
NTHOL;izle;;17,5;0,8;5,3;11,4;40;5;zayif;17,9;36,2;32,0;asagi;zayif;zayif;asagi;1,60;-1,77;2;41,26;-0,58;118685050;44,97;SAT;NEGATIF;NOTR;NEGATIF;ARTIYOR;SAT;SAT;NOTR;0;10.09.2026
SUNTK;izle;;17,4;0,9;8,5;8,0;0;0;zayif;18,6;39,1;57,6;asagi;zayif;zayif;asagi;0,50;-1,40;2;33,18;-0,54;30312352;40,25;SAT;NEGATIF;NOTR;NEGATIF;AZALIYOR;AL;AL;NOTR;2;10.09.2026
AVHOL;izle;;17,3;1,6;7,8;8,0;6;0;zayif;23,7;37,5;53,0;asagi;zayif;zayif;asagi;0,49;-2,66;3;34,26;-0,12;32665060;36,64;SAT;NEGATIF;SAT;NEGATIF;AZALIYOR;AL;AL;NOTR;2;10.09.2026
HUBVC;izle;;17,3;0,4;11,6;5,4;10;0;zayif;14,9;36,9;41,8;asagi;zayif;zayif;asagi;1,02;-2,46;4;2,43;-2,02;4651790;2,75;AL;NEGATIF;NOTR;NEGATIF;AZALIYOR;SAT;SAT;NOTR;1;10.09.2026
SKYLP;izle;;17,3;2,2;5,3;9,8;0;0;zayif;27,9;29,2;27,7;asagi;zayif;zayif;asagi;1,29;-4,01;2;173,7;-0,57;15315476;218,44;SAT;NEGATIF;SAT;NEGATIF;AZALIYOR;SAT;AL;UCUZ (AL);1;10.09.2026
TABGD;izle;;17,1;3,8;5,9;7,4;0;0;zayif;18,0;38,5;34,4;asagi;zayif;zayif;asagi;0,54;-1,72;2;230,9;-0,86;79671352;254,84;SAT;NEGATIF;NOTR;NEGATIF;AZALIYOR;SAT;SAT;NOTR;0;10.09.2026
BEGYO;izle;;17,1;1,2;7,8;8,1;10;0;zayif;20,8;37,7;45,4;asagi;zayif;zayif;asagi;0,94;-2,62;4;3,38;-0,88;10906827;3,67;SAT;NEGATIF;SAT;NEGATIF;AZALIYOR;SAT;AL;UCUZ (AL);1;10.09.2026
KLSER;izle;;17,0;1,0;8,1;8,0;10;1;zayif;14,5;38,6;29,6;asagi;zayif;zayif;asagi;0,55;-2,53;2;23,38;-1,93;19691782;24,77;SAT;NEGATIF;NOTR;NEGATIF;AZALIYOR;AL;AL;UCUZ (AL);2;10.09.2026
GOLTS;izle;;17,0;3,0;8,4;5,6;6;0;zayif;19,7;44,0;23,2;asagi;zayif;zayif;asagi;0,78;-1,68;3;296;-1,74;35600512;313,22;SAT;NEGATIF;NOTR;NEGATIF;ARTIYOR;AL;AL;NOTR;2;10.09.2026
FADE;izle;;17,0;6,2;10,7;0,0;0;0;zayif;10,3;44,7;62,5;asagi;zayif;zayif;asagi;0,57;-0,76;2;15,39;-1,41;24046290;17,06;SAT;NEGATIF;NOTR;NEGATIF;AZALIYOR;SAT;SAT;NOTR;0;10.09.2026
SMRVA;izle;;16,9;1,0;7,9;8,0;0;0;zayif;14,5;38,0;45,5;asagi;zayif;zayif;asagi;0,61;-3,13;2;10,62;-2,39;70124593;11,79;SAT;NEGATIF;NOTR;NEGATIF;AZALIYOR;AL;AL;UCUZ (AL);2;10.09.2026
ARENA;izle;;16,8;0,4;12,4;4,0;0;0;zayif;13,1;39,5;54,2;asagi;zayif;zayif;asagi;0,44;-2,88;2;19,85;-1,64;9520616;22,09;AL;NEGATIF;NOTR;NEGATIF;AZALIYOR;AL;AL;NOTR;3;10.09.2026
ALCTL;izle;;16,7;5,4;9,9;1,4;6;0;zayif;49,3;31,2;22,6;asagi;zayif;zayif;asagi;0,79;-3,85;3;111,8;-0,89;44438040;129,17;AL;NEGATIF;SAT;NEGATIF;AZALIYOR;SAT;SAT;NOTR;1;10.09.2026
YESIL;izle;;16,7;1,2;7,5;8,0;6;0;zayif;20,8;36,8;42,5;asagi;zayif;zayif;asagi;0,49;-3,10;3;1,14;0,88;7971588;1,23;SAT;NEGATIF;SAT;NEGATIF;AZALIYOR;AL;AL;UCUZ (AL);2;10.09.2026
AZTEK;izle;;16,6;2,3;10,3;4,0;0;0;zayif;28,8;32,8;25,5;asagi;zayif;zayif;asagi;0,54;-3,44;2;3,7;-0,27;13342374;4,10;AL;NEGATIF;SAT;NEGATIF;AZALIYOR;AL;AL;NOTR;3;10.09.2026
ARZUM;izle;;16,5;0,3;12,3;4,0;0;0;zayif;13,9;39,2;40,8;asagi;zayif;zayif;asagi;0,31;-3,00;2;1,55;0,00;9655520;1,74;AL;NEGATIF;NOTR;NEGATIF;AZALIYOR;AL;AL;UCUZ (AL);3;10.09.2026
LRSHO;izle;;16,5;0,4;12,1;4,0;38;3;zayif;13,1;38,7;13,8;asagi;zayif;zayif;asagi;0,31;-3,32;3;2,47;-0,80;20861304;2,69;AL;NEGATIF;NOTR;NEGATIF;AZALIYOR;AL;AL;UCUZ (AL);3;10.09.2026
OYAYO;izle;;16,4;0,0;13,4;3,0;0;0;zayif;9,3;42,9;34,0;asagi;zayif;zayif;asagi;0,88;-1,79;1;41,56;-0,19;2178534;44,74;AL;NEGATIF;NOTR;NEGATIF;ARTIYOR;AL;AL;UCUZ (AL);3;10.09.2026
KBORU;izle;;16,2;5,1;7,1;4,0;0;0;zayif;27,4;35,4;62,8;asagi;zayif;zayif;asagi;0,52;-3,04;2;18,4;-0,59;140394778;21,66;SAT;NEGATIF;SAT;NEGATIF;AZALIYOR;AL;AL;NOTR;2;10.09.2026
IZENR;izle;;16,2;1,3;6,9;8,0;0;0;zayif;21,9;34,5;36,9;asagi;zayif;zayif;asagi;0,32;-3,30;2;7,12;-1,66;89222528;7,97;SAT;NEGATIF;SAT;NEGATIF;AZALIYOR;AL;AL;UCUZ (AL);2;10.09.2026
SAMAT;izle;;16,0;0,4;12,6;3,0;10;0;zayif;15,2;40,2;29,4;asagi;zayif;zayif;asagi;0,88;-1,75;4;5,22;-1,32;5014593;5,77;AL;NEGATIF;NOTR;NEGATIF;AZALIYOR;AL;AL;NOTR;3;10.09.2026
BURCE;izle;;15,9;0,0;7,9;8,0;10;1;zayif;11,7;38,0;59,3;asagi;zayif;zayif;asagi;0,44;-2,83;2;33,12;-1,25;22981935;36,91;SAT;NEGATIF;NOTR;NEGATIF;AZALIYOR;AL;AL;UCUZ (AL);2;10.09.2026
IHAAS;izle;;15,9;1,0;9,0;5,9;32;3;zayif;19,6;41,7;41,8;asagi;zayif;zayif;asagi;0,81;-2,09;2;50,5;0,00;51863399;59,33;SAT;NEGATIF;NOTR;NEGATIF;AZALIYOR;SAT;AL;NOTR;1;10.09.2026
DGATE;izle;;15,9;4,2;7,7;4,0;6;0;zayif;20,8;37,3;37,7;asagi;zayif;zayif;asagi;0,38;-1,95;3;88,7;0,00;11931569;106,46;SAT;NEGATIF;SAT;NEGATIF;AZALIYOR;AL;SAT;NOTR;1;10.09.2026
BRKO;izle;;15,8;3,0;7,9;5,0;6;0;zayif;11,9;43,5;47,7;asagi;zayif;zayif;asagi;1,00;-1,52;3;11,36;-4,94;3939784;13,18;SAT;NEGATIF;NOTR;NEGATIF;ARTIYOR;SAT;SAT;NOTR;0;10.09.2026
TATEN;izle;;15,8;1,4;10,4;4,0;0;0;zayif;22,3;33,0;23,7;asagi;zayif;zayif;asagi;0,53;-4,31;1;7,85;-2,85;144700589;9,11;AL;NEGATIF;SAT;NEGATIF;AZALIYOR;AL;AL;UCUZ (AL);3;10.09.2026
KAPLM;izle;;15,8;2,4;7,1;6,2;0;0;zayif;34,5;35,5;42,5;asagi;zayif;zayif;asagi;1,07;-3,42;2;369;-1,67;38646477;425,93;SAT;NEGATIF;SAT;NEGATIF;AZALIYOR;AL;AL;NOTR;2;10.09.2026
EGEPO;izle;;15,7;5,4;0,3;10,0;6;0;zayif;37,3;22,9;32,0;asagi;zayif;zayif;asagi;2,27;-5,43;3;11,4;-9,95;113268622;15,45;SAT;NEGATIF;SAT;NEGATIF;ARTIYOR;SAT;SAT;NOTR;0;10.09.2026
BLUME;izle;;15,7;6,2;9,2;0,3;20;1;zayif;20,8;40,5;29,9;asagi;zayif;zayif;asagi;0,66;-0,60;4;36,5;-4,45;79656250;45,13;SAT;NEGATIF;SAT;NEGATIF;ARTIYOR;SAT;SAT;UCUZ (AL);0;10.09.2026
SANEL;izle;;15,7;4,0;5,0;6,6;6;0;zayif;14,8;33,7;38,3;asagi;zayif;zayif;asagi;1,10;-2,57;3;48,64;-3,97;25497283;62,06;SAT;NEGATIF;NOTR;NEGATIF;AZALIYOR;SAT;SAT;NOTR;0;10.09.2026
EKSUN;izle;;15,6;3,7;7,9;4,0;22;2;zayif;17,5;38,0;42,2;asagi;zayif;zayif;asagi;0,40;-2,37;1;5,66;-0,53;10604791;6,32;SAT;NEGATIF;NOTR;NEGATIF;AZALIYOR;SAT;AL;NOTR;1;10.09.2026
MARMR;izle;;15,4;1,1;8,1;6,2;6;0;zayif;20,0;38,6;29,8;asagi;zayif;zayif;asagi;0,83;-1,87;3;2,17;-0,91;106206158;2,42;SAT;NEGATIF;NOTR;NEGATIF;AZALIYOR;SAT;AL;NOTR;1;10.09.2026
KLRHO;izle;;15,3;0,6;10,6;4,0;0;0;zayif;16,6;33,8;37,4;asagi;zayif;zayif;asagi;0,34;-4,69;1;62,1;-1,51;70318749;71,09;AL;NEGATIF;NOTR;NEGATIF;AZALIYOR;AL;AL;UCUZ (AL);3;10.09.2026
KTSKR;izle;;15,1;0,4;10,7;4,0;0;0;zayif;14,8;34,2;46,3;asagi;zayif;zayif;asagi;0,63;-3,39;2;76,9;-2,84;19530524;85,30;AL;NEGATIF;NOTR;NEGATIF;AZALIYOR;AL;AL;NOTR;3;10.09.2026
UFUK;izle;;15,1;3,5;3,6;8,0;32;3;zayif;15,8;32,5;60,9;asagi;zayif;zayif;asagi;0,11;-2,14;2;1418;-4,12;26213148;1791,10;SAT;NEGATIF;NOTR;NEGATIF;AZALIYOR;SAT;SAT;NOTR;0;10.09.2026
FORMT;izle;;15,1;2,4;4,0;8,6;6;0;zayif;40,3;24,8;35,0;asagi;zayif;zayif;asagi;0,98;-5,98;3;1,48;-1,33;25508639;1,62;SAT;NEGATIF;SAT;NEGATIF;AZALIYOR;AL;AL;UCUZ (AL);2;10.09.2026
VKING;izle;;15,0;2,4;7,7;4,8;0;0;zayif;41,1;37,4;52,4;asagi;zayif;zayif;asagi;0,75;-2,39;2;20,76;-0,19;5271919;22,35;SAT;NEGATIF;SAT;NEGATIF;ARTIYOR;AL;AL;UCUZ (AL);2;10.09.2026
MAKIM;izle;;15,0;0,2;6,7;8,0;0;0;zayif;13,8;34,1;47,2;asagi;zayif;zayif;asagi;0,64;-3,05;2;14,64;-2,53;11343174;16,40;SAT;NEGATIF;NOTR;NEGATIF;AZALIYOR;SAT;AL;NOTR;1;10.09.2026
LKMNH;izle;;14,9;2,4;4,2;8,3;10;0;zayif;45,2;31,6;36,7;asagi;zayif;zayif;asagi;1,20;-3,33;4;12,72;-2,15;23310507;13,89;SAT;NEGATIF;SAT;NEGATIF;AZALIYOR;SAT;AL;UCUZ (AL);1;10.09.2026
BARMA;izle;;14,9;2,4;8,5;4,0;0;0;zayif;68,6;26,6;30,7;asagi;zayif;zayif;asagi;0,41;-14,15;2;9,89;4,11;6095741;10,60;AL;NEGATIF;SAT;POZITIF;AZALIYOR;AL;AL;UCUZ (AL);4;10.09.2026
KENT;izle;;14,8;1,0;5,9;8,0;16;1;zayif;19,1;40,3;50,1;asagi;zayif;zayif;asagi;0,62;-1,86;3;341;-2,57;913198;389,71;SAT;NEGATIF;NOTR;NEGATIF;ARTIYOR;SAT;AL;UCUZ (AL);1;10.09.2026
DUNYH;izle;;14,6;5,4;5,2;4,0;42;3;zayif;33,3;28,9;18,2;asagi;zayif;zayif;asagi;0,22;-2,39;5;115,9;-1,53;25312560;145,85;SAT;NEGATIF;SAT;NEGATIF;AZALIYOR;SAT;SAT;NOTR;0;10.09.2026
EMKEL;izle;;14,6;2,4;4,0;8,2;6;0;zayif;44,0;20,4;38,5;asagi;zayif;zayif;asagi;0,95;-6,24;3;13,03;1,09;54687210;14,79;SAT;NEGATIF;SAT;NEGATIF;AZALIYOR;AL;AL;UCUZ (AL);2;10.09.2026
OYLUM;izle;;14,6;0,8;9,0;4,8;6;0;zayif;17,8;28,3;37,7;asagi;zayif;zayif;asagi;0,98;-2,59;3;6,99;-0,43;3255949;7,61;AL;NEGATIF;NOTR;NEGATIF;AZALIYOR;SAT;SAT;UCUZ (AL);1;10.09.2026
SURGY;izle;;14,4;2,4;8,0;4,0;0;0;zayif;40,5;22,0;50,8;asagi;zayif;zayif;asagi;0,38;-7,88;2;31,06;0,98;79830443;35,65;AL;NEGATIF;SAT;NEGATIF;AZALIYOR;AL;AL;NOTR;3;10.09.2026
KOTON;izle;;14,4;0,6;8,1;5,7;10;0;zayif;16,7;38,6;35,4;asagi;zayif;zayif;asagi;0,80;-2,82;4;12,24;-0,57;22943978;12,93;SAT;NEGATIF;NOTR;NEGATIF;AZALIYOR;AL;AL;UCUZ (AL);2;10.09.2026
KATMR;izle;;14,4;2,4;5,5;6,5;10;0;zayif;45,6;29,9;34,8;asagi;zayif;zayif;asagi;0,85;-4,77;4;1,88;-2,08;134823670;2,06;SAT;NEGATIF;SAT;NEGATIF;AZALIYOR;AL;AL;UCUZ (AL);2;10.09.2026
QNBTR;izle;;14,2;2,4;11,8;0,0;6;0;zayif;46,5;37,6;24,3;asagi;zayif;zayif;asagi;0,45;-5,02;3;184,2;0,00;971102;189,30;AL;NEGATIF;SAT;NEGATIF;AZALIYOR;AL;AL;UCUZ (AL);3;10.09.2026
ZEDUR;izle;;14,2;2,4;11,5;0,3;8;0;zayif;33,1;36,6;65,9;asagi;zayif;zayif;asagi;0,72;-2,73;2;7,48;-1,19;7839190;8,18;AL;NEGATIF;SAT;NEGATIF;AZALIYOR;SAT;AL;NOTR;2;10.09.2026
YYAPI;izle;;14,2;2,4;6,3;5,4;0;0;zayif;42,8;32,6;28,1;asagi;zayif;zayif;asagi;1,01;-4,36;1;0,79;0,00;3024114;0,82;SAT;NEGATIF;SAT;NEGATIF;AZALIYOR;AL;SAT;UCUZ (AL);1;10.09.2026
ATAKP;izle;;14,2;2,4;2,9;8,8;10;0;zayif;32,7;26,6;41,4;asagi;zayif;zayif;asagi;1,23;-5,00;5;40,58;-2,78;18371256;44,73;SAT;NEGATIF;SAT;NEGATIF;ARTIYOR;AL;AL;UCUZ (AL);2;10.09.2026
GEDIK;izle;;14,1;4,1;6,1;4,0;0;0;zayif;19,7;31,9;30,0;asagi;zayif;zayif;asagi;0,38;-2,72;1;5,7;-1,21;20325066;6,31;SAT;NEGATIF;NOTR;NEGATIF;AZALIYOR;AL;AL;NOTR;2;10.09.2026
LMKDC;izle;;14,1;1,2;8,8;4,0;20;1;zayif;21,2;41,0;26,5;asagi;zayif;zayif;asagi;0,58;-2,56;4;22,74;-0,52;52696152;24,32;SAT;NEGATIF;SAT;NEGATIF;AZALIYOR;AL;AL;UCUZ (AL);2;10.09.2026
SEKFK;izle;;14,0;1,5;11,1;1,4;0;0;zayif;23,1;35,3;49,4;asagi;zayif;zayif;asagi;0,78;-2,53;2;4,45;-0,67;2821353;4,92;AL;NEGATIF;SAT;NEGATIF;AZALIYOR;AL;AL;NOTR;3;10.09.2026
EKOS;izle;;13,8;2,0;6,8;5,1;16;1;zayif;26,4;34,3;49,3;asagi;zayif;zayif;asagi;0,76;-3,51;3;4,9;-1,01;39135599;5,45;SAT;NEGATIF;SAT;NEGATIF;ARTIYOR;AL;AL;UCUZ (AL);2;10.09.2026
REEDR;izle;;13,8;0,5;4,4;8,9;10;0;zayif;15,5;30,4;45,0;asagi;zayif;zayif;asagi;1,24;-4,17;4;5,44;-1,81;79939043;5,97;SAT;NEGATIF;NOTR;NEGATIF;AZALIYOR;AL;AL;NOTR;2;10.09.2026
SUMAS;izle;;13,7;2,0;11,7;0,0;0;0;zayif;26,6;37,3;32,7;asagi;zayif;zayif;asagi;0,67;-4,55;2;261,25;1,26;478349;276,32;AL;NEGATIF;SAT;NEGATIF;AZALIYOR;AL;AL;NOTR;3;10.09.2026
OSMEN;izle;;13,6;1,1;8,5;4,0;28;2;zayif;20,4;40,0;23,3;asagi;zayif;zayif;asagi;0,62;-2,14;3;7,06;1,15;17876280;7,79;SAT;NEGATIF;SAT;NEGATIF;AZALIYOR;AL;AL;NOTR;2;10.09.2026
BANVT;izle;;13,6;1,4;8,1;4,1;6;0;zayif;15,7;38,6;39,2;asagi;zayif;zayif;asagi;0,69;-1,84;3;149,7;-0,99;8446673;159,85;SAT;NEGATIF;NOTR;NEGATIF;AZALIYOR;AL;AL;NOTR;2;10.09.2026
BALSU;izle;;13,5;2,2;6,8;4,5;6;0;zayif;28,5;34,2;42,6;asagi;zayif;zayif;asagi;0,73;-4,14;3;8,68;-2,91;434326229;10,57;SAT;NEGATIF;SAT;NEGATIF;AZALIYOR;AL;AL;UCUZ (AL);2;10.09.2026
VKFYO;izle;;13,5;0,7;12,8;0,0;32;3;zayif;13,7;41,1;46,5;asagi;zayif;zayif;asagi;0,54;-2,26;2;22;-1,61;2848318;24,79;AL;NEGATIF;NOTR;NEGATIF;AZALIYOR;AL;AL;UCUZ (AL);3;10.09.2026
MEGAP;izle;;13,5;2,4;10,0;1,0;0;0;zayif;30,0;31,8;29,7;asagi;zayif;zayif;asagi;0,76;-5,78;1;1,67;-0,60;764264;1,74;AL;NEGATIF;SAT;NEGATIF;AZALIYOR;AL;AL;UCUZ (AL);3;10.09.2026
SELVA;izle;;13,4;0,4;7,5;5,5;0;0;zayif;14,8;36,8;55,0;asagi;zayif;zayif;asagi;0,79;-3,48;2;1,58;0,00;30010724;1,70;SAT;NEGATIF;NOTR;NEGATIF;AZALIYOR;AL;AL;UCUZ (AL);2;10.09.2026
CWENE;izle;;13,4;3,5;5,9;4,0;10;0;zayif;15,4;38,1;40,3;asagi;zayif;zayif;asagi;0,35;-2,36;4;31,02;-6,28;898755612;38,54;SAT;NEGATIF;NOTR;NEGATIF;ARTIYOR;AL;AL;NOTR;2;10.09.2026
PNLSN;izle;;13,3;0,1;9,0;4,2;0;0;zayif;12,7;41,7;48,2;asagi;zayif;zayif;asagi;0,45;-1,71;2;40,82;-1,40;17963739;44,88;SAT;NEGATIF;NOTR;NEGATIF;AZALIYOR;AL;AL;NOTR;2;10.09.2026
INTEK;izle;;13,2;1,8;11,4;0,0;0;0;zayif;25,3;36,2;54,2;asagi;zayif;zayif;asagi;0,47;-4,29;2;227,6;-0,61;956375;244,90;AL;NEGATIF;SAT;NEGATIF;AZALIYOR;AL;SAT;NOTR;2;10.09.2026
EUHOL;izle;;13,1;1,5;9,3;2,3;10;0;zayif;23,3;42,7;27,4;asagi;zayif;zayif;asagi;0,84;-1,94;5;10;1,32;6190250;10,60;SAT;NEGATIF;SAT;NEGATIF;AZALIYOR;AL;AL;NOTR;2;10.09.2026
TUREX;izle;;12,7;1,1;7,6;4,0;10;0;zayif;19,9;36,9;26,4;asagi;zayif;zayif;asagi;0,67;-3,20;4;6,09;1,16;63350628;6,61;SAT;NEGATIF;NOTR;NEGATIF;AZALIYOR;AL;AL;NOTR;2;10.09.2026
CGCAM;izle;;12,5;2,2;6,2;4,0;0;0;zayif;28,4;32,5;46,0;asagi;zayif;zayif;asagi;0,48;-3,94;2;32,34;-0,86;33222009;36,28;SAT;NEGATIF;SAT;NEGATIF;AZALIYOR;AL;AL;NOTR;2;10.09.2026
YUNSA;izle;;12,4;2,2;6,2;4,0;6;0;zayif;28,2;32,4;30,2;asagi;zayif;zayif;asagi;0,68;-4,09;3;7,55;-1,44;27261751;8,07;SAT;NEGATIF;SAT;NEGATIF;AZALIYOR;AL;AL;NOTR;2;10.09.2026
KRSTL;izle;;12,3;2,4;9,8;0,0;6;0;zayif;37,1;31,1;43,6;asagi;zayif;zayif;asagi;0,59;-4,17;3;8,83;-0,79;20714562;9,38;AL;NEGATIF;SAT;NEGATIF;AZALIYOR;AL;AL;NOTR;3;10.09.2026
POLTK;izle;;12,2;0,8;7,4;4,0;0;0;zayif;17,7;36,5;34,8;asagi;zayif;zayif;asagi;0,64;-2,77;2;4097,5;0,31;17242280;4459,83;SAT;NEGATIF;NOTR;NEGATIF;AZALIYOR;AL;AL;UCUZ (AL);2;10.09.2026
HOROZ;izle;;12,1;1,3;6,8;4,0;0;0;zayif;15,4;40,6;28,8;asagi;zayif;zayif;asagi;0,31;-1,63;1;57;-2,06;38089680;64,74;SAT;NEGATIF;NOTR;NEGATIF;AZALIYOR;SAT;AL;NOTR;1;10.09.2026
TKNSA;izle;;11,9;1,5;6,4;4,0;20;1;zayif;23,1;40,8;49,3;asagi;zayif;zayif;asagi;0,45;-1,73;4;16,51;-4,23;77743328;19,76;SAT;NEGATIF;SAT;NEGATIF;AZALIYOR;SAT;AL;UCUZ (AL);1;10.09.2026
DOFRB;izle;;11,6;4,1;7,5;0,0;0;0;zayif;20,2;36,7;57,5;asagi;zayif;zayif;asagi;0,46;-2,92;1;113,9;-1,39;240404402;135,98;SAT;NEGATIF;SAT;NEGATIF;AZALIYOR;AL;AL;NOTR;2;10.09.2026
BURVA;izle;;11,4;3,7;7,7;0,0;10;0;zayif;17,2;37,4;10,1;asagi;zayif;zayif;asagi;0,21;-2,77;4;634;-2,61;10051436;787,91;SAT;NEGATIF;NOTR;NEGATIF;AZALIYOR;AL;AL;NOTR;2;10.09.2026
KIMMR;izle;;11,4;2,4;5,0;4,0;0;0;zayif;37,2;31,6;24,6;asagi;zayif;zayif;asagi;0,67;-3,90;2;12,98;-1,14;8390051;13,99;SAT;NEGATIF;SAT;NEGATIF;ARTIYOR;AL;AL;NOTR;2;10.09.2026
IZINV;izle;;11,4;0,4;5,3;5,8;10;0;zayif;14,8;33,6;22,0;asagi;zayif;zayif;asagi;0,81;-3,53;4;49,1;-3,25;12484804;54,88;SAT;NEGATIF;NOTR;NEGATIF;AZALIYOR;AL;AL;UCUZ (AL);2;10.09.2026
TEKTU;izle;;11,3;1,1;6,2;4,0;40;5;zayif;14,8;36,4;50,1;asagi;zayif;zayif;asagi;0,44;-2,60;2;7,22;-1,50;26812235;8,36;SAT;NEGATIF;NOTR;NEGATIF;AZALIYOR;SAT;AL;UCUZ (AL);1;10.09.2026
GESAN;izle;;11,3;5,4;5,8;0,0;10;1;zayif;31,9;31,1;36,7;asagi;zayif;zayif;asagi;0,56;-3,22;2;61,6;-2,84;609720742;76,83;SAT;NEGATIF;SAT;NEGATIF;AZALIYOR;SAT;AL;NOTR;1;10.09.2026
VSNMD;izle;;11,1;1,2;4,9;5,0;6;0;zayif;20,9;28,1;39,1;asagi;zayif;zayif;asagi;0,76;-4,19;3;41,22;-2,46;33553369;45,34;SAT;NEGATIF;SAT;NEGATIF;ARTIYOR;AL;AL;UCUZ (AL);2;10.09.2026
AGROT;izle;;11,0;0,3;6,7;4,0;22;2;zayif;14,5;33,9;5,1;asagi;zayif;zayif;asagi;0,29;-4,13;1;1,95;-1,02;68311548;2,21;SAT;NEGATIF;NOTR;NEGATIF;AZALIYOR;AL;AL;UCUZ (AL);2;10.09.2026
SOKE;izle;;11,0;2,2;4,0;4,7;0;0;zayif;28,3;22,6;25,9;asagi;zayif;zayif;asagi;0,74;-5,16;2;11,27;-3,01;25174656;13,20;SAT;NEGATIF;SAT;NEGATIF;AZALIYOR;AL;AL;NOTR;2;10.09.2026
ECILC;izle;;10,8;0,7;8,9;1,3;10;1;zayif;16,9;44,3;71,3;asagi;zayif;zayif;asagi;0,71;-1,29;2;71,6;-2,05;285117859;80,64;SAT;NEGATIF;NOTR;NEGATIF;AZALIYOR;SAT;AL;NOTR;1;10.09.2026
KONKA;izle;;10,8;2,4;4,3;4,0;42;3;zayif;37,7;26,1;19,6;asagi;zayif;zayif;asagi;0,58;-5,71;4;9,52;0,95;16718367;10,51;SAT;NEGATIF;SAT;NEGATIF;AZALIYOR;AL;AL;UCUZ (AL);2;10.09.2026
HTTBT;izle;;10,8;0,6;8,3;1,9;10;0;zayif;16,3;39,2;39,9;asagi;zayif;zayif;asagi;0,70;-2,05;5;35,3;-0,40;11594532;37,68;SAT;NEGATIF;NOTR;NEGATIF;AZALIYOR;AL;SAT;UCUZ (AL);1;10.09.2026
ELITE;izle;;10,7;1,5;5,2;4,0;16;1;zayif;22,8;32,4;54,2;asagi;zayif;zayif;asagi;0,56;-3,59;3;26;-0,84;26631852;28,59;SAT;NEGATIF;SAT;NEGATIF;AZALIYOR;AL;SAT;NOTR;1;10.09.2026
GRSEL;izle;;10,5;2,4;6,4;1,7;0;0;zayif;29,7;32,9;23,5;asagi;zayif;zayif;asagi;0,77;-2,13;2;298,5;-0,50;87223193;323,71;SAT;NEGATIF;SAT;NEGATIF;ARTIYOR;AL;AL;NOTR;2;10.09.2026
LIDER;izle;;10,4;2,4;8,0;0,0;6;0;zayif;52,8;19,3;17,8;asagi;zayif;zayif;asagi;0,22;-9,57;3;22,44;-4,51;145988491;32,15;AL;NEGATIF;SAT;NEGATIF;AZALIYOR;AL;AL;UCUZ (AL);3;10.09.2026
BULGS;izle;;10,4;2,4;8,0;0,0;6;0;zayif;40,4;22,4;32,4;asagi;zayif;zayif;asagi;0,66;-4,05;3;30,5;-0,97;55365583;34,37;AL;NEGATIF;SAT;NEGATIF;AZALIYOR;SAT;SAT;UCUZ (AL);1;10.09.2026
ALVES;izle;;10,4;2,4;4,0;4,0;6;0;zayif;32,3;23,2;25,8;asagi;zayif;zayif;asagi;0,05;-7,37;3;1,2;-9,77;6548494;1,50;SAT;NEGATIF;SAT;NEGATIF;ARTIYOR;AL;AL;UCUZ (AL);2;10.09.2026
YAPRK;izle;;10,3;0,9;9,4;0,0;6;0;zayif;14,2;43,1;44,6;asagi;zayif;zayif;asagi;0,46;-1,61;3;10,66;-0,74;14921047;11,77;SAT;NEGATIF;NOTR;NEGATIF;AZALIYOR;AL;AL;NOTR;2;10.09.2026
OYYAT;izle;;10,0;1,9;6,9;1,2;6;0;zayif;16,9;39,6;63,0;asagi;zayif;zayif;asagi;0,77;-2,33;3;33,8;-1,80;18369692;37,66;SAT;NEGATIF;NOTR;NEGATIF;ARTIYOR;SAT;AL;NOTR;1;10.09.2026
GZNMI;izle;;10,0;0,6;6,6;2,8;10;0;zayif;16,1;33,7;21,6;asagi;zayif;zayif;asagi;0,87;-2,77;5;50;-0,40;74409550;57,94;SAT;NEGATIF;NOTR;NEGATIF;AZALIYOR;SAT;SAT;NOTR;0;10.09.2026
MEDTR;izle;;9,6;1,0;8,3;0,3;6;0;zayif;19,3;39,4;35,6;asagi;zayif;zayif;asagi;0,53;-2,43;3;24,6;-0,49;3455882;26,11;SAT;NEGATIF;NOTR;NEGATIF;AZALIYOR;AL;AL;UCUZ (AL);2;10.09.2026
EUYO;izle;;9,5;0,3;9,2;0,0;16;1;zayif;14,3;42,2;40,0;asagi;zayif;zayif;asagi;0,43;-1,65;3;4,76;1,49;1949172;5,38;SAT;NEGATIF;NOTR;NEGATIF;AZALIYOR;SAT;SAT;NOTR;0;10.09.2026
BSOKE;izle;;9,4;5,4;4,0;0,0;0;0;zayif;37,7;22,7;3,8;asagi;zayif;zayif;asagi;0,34;-4,66;2;21,22;0,19;90177276;27,60;SAT;NEGATIF;SAT;NEGATIF;AZALIYOR;AL;SAT;NOTR;1;10.09.2026
ODINE;izle;;9,4;5,4;4,0;0,0;0;0;zayif;33,0;22,3;62,2;asagi;zayif;zayif;asagi;0,07;-5,62;0;868;-9,96;30281916;1415,36;SAT;NEGATIF;SAT;NEGATIF;AZALIYOR;SAT;SAT;NOTR;0;10.09.2026
SMRTG;izle;;9,4;4,1;5,3;0,0;0;0;zayif;20,1;29,2;41,6;asagi;zayif;zayif;asagi;0,53;-3,54;2;8,46;0,48;101368854;9,96;SAT;NEGATIF;SAT;NEGATIF;AZALIYOR;SAT;SAT;NOTR;0;10.09.2026
KSTUR;izle;;9,4;2,4;5,4;1,5;0;0;zayif;33,0;29,6;31,0;asagi;zayif;zayif;asagi;0,79;-5,88;2;2129;1,87;1341270;2297,26;SAT;NEGATIF;SAT;NEGATIF;AZALIYOR;SAT;AL;UCUZ (AL);1;10.09.2026
BIGCH;izle;;9,1;0,4;8,6;0,0;28;2;zayif;15,2;40,4;53,4;asagi;zayif;zayif;asagi;0,65;-2,15;3;5,65;-0,70;22770449;6,17;SAT;NEGATIF;NOTR;NEGATIF;AZALIYOR;AL;AL;UCUZ (AL);2;10.09.2026
DMSAS;izle;;8,9;0,4;8,5;0,0;28;2;zayif;15,0;40,1;38,2;asagi;zayif;zayif;asagi;0,57;-1,60;3;8,19;1,36;9708401;8,90;SAT;NEGATIF;NOTR;NEGATIF;AZALIYOR;SAT;AL;UCUZ (AL);1;10.09.2026
KAREL;izle;;8,9;1,6;7,3;0,0;0;0;zayif;23,9;35,9;31,0;asagi;zayif;zayif;asagi;0,59;-3,26;2;8,19;-1,56;48711163;9,14;SAT;NEGATIF;SAT;NEGATIF;AZALIYOR;AL;AL;NOTR;2;10.09.2026
COSMO;izle;;8,7;1,2;7,6;0,0;0;0;zayif;20,6;42,1;55,7;asagi;zayif;zayif;asagi;0,63;-1,90;2;116,2;-0,94;4859949;138,71;SAT;NEGATIF;SAT;NEGATIF;AZALIYOR;SAT;SAT;UCUZ (AL);0;10.09.2026
LYDHO;izle;;8,5;2,4;6,1;0,0;10;0;zayif;43,9;31,9;28,1;asagi;zayif;zayif;asagi;0,39;-3,43;4;139;-1,42;29283269;161,57;SAT;NEGATIF;SAT;NEGATIF;AZALIYOR;AL;AL;NOTR;2;10.09.2026
GEDZA;izle;;8,4;1,1;6,1;1,2;28;2;zayif;20,0;38,9;43,9;asagi;zayif;zayif;asagi;0,56;-1,89;3;27,36;-0,87;7860911;30,03;SAT;NEGATIF;SAT;NEGATIF;AZALIYOR;SAT;SAT;NOTR;0;10.09.2026
ISKPL;izle;;8,1;0,5;7,7;0,0;6;0;zayif;15,3;37,2;38,5;asagi;zayif;zayif;asagi;0,39;-2,93;3;7,02;-0,28;129091026;8,33;SAT;NEGATIF;NOTR;NEGATIF;AZALIYOR;SAT;AL;UCUZ (AL);1;10.09.2026
A1CAP;izle;;8,0;2,4;5,5;0,0;10;0;zayif;33,8;30,1;31,3;asagi;zayif;zayif;asagi;0,65;-4,44;4;7,33;0,00;39964164;8,11;SAT;NEGATIF;SAT;NEGATIF;AZALIYOR;AL;AL;UCUZ (AL);2;10.09.2026
ONCSM;izle;;7,8;2,2;5,7;0,0;6;0;zayif;28,1;30,5;28,5;asagi;zayif;zayif;asagi;0,59;-3,88;3;173,6;-5,19;97058545;229,69;SAT;NEGATIF;SAT;NEGATIF;AZALIYOR;SAT;AL;UCUZ (AL);1;10.09.2026
ORMA;izle;;7,6;1,0;6,3;0,3;10;0;zayif;19,5;37,6;26,9;asagi;zayif;zayif;asagi;0,72;-3,30;4;150,6;-3,03;910829;163,53;SAT;NEGATIF;NOTR;NEGATIF;AZALIYOR;AL;AL;NOTR;2;10.09.2026
YBTAS;izle;;7,6;2,4;5,1;0,0;10;0;zayif;39,9;28,7;22,8;asagi;zayif;zayif;asagi;0,62;-5,76;6;12,75;-0,70;531305;13,70;SAT;NEGATIF;SAT;NEGATIF;AZALIYOR;SAT;SAT;UCUZ (AL);0;10.09.2026
SMART;izle;;7,3;0,7;6,6;0,0;6;0;zayif;13,8;38,0;33,2;asagi;zayif;zayif;asagi;0,65;-2,99;3;22,26;-1,15;15023163;25,39;SAT;NEGATIF;NOTR;NEGATIF;AZALIYOR;SAT;SAT;NOTR;0;10.09.2026
ENSRI;izle;;7,3;0,0;7,3;0,0;0;0;zayif;11,6;35,8;16,7;asagi;zayif;zayif;asagi;0,55;-5,61;2;4,58;-1,08;59679841;5,43;SAT;NEGATIF;NOTR;NEGATIF;AZALIYOR;SAT;AL;UCUZ (AL);1;10.09.2026
HDFGS;izle;;7,2;0,0;6,2;1,0;22;2;zayif;9,7;37,4;49,7;asagi;zayif;zayif;asagi;0,76;-2,10;2;2,36;-0,42;74912987;2,66;SAT;NEGATIF;NOTR;NEGATIF;AZALIYOR;SAT;SAT;NOTR;0;10.09.2026
SAFKR;izle;;7,1;2,4;4,0;0,7;16;1;zayif;40,8;24,4;8,6;asagi;zayif;zayif;asagi;0,74;-5,45;3;14,25;-3,06;50558231;16,62;SAT;NEGATIF;SAT;NEGATIF;AZALIYOR;AL;AL;UCUZ (AL);2;10.09.2026
GLBMD;izle;;6,8;0,5;6,3;0,0;6;0;zayif;15,8;35,9;29,8;asagi;zayif;zayif;asagi;0,58;-1,88;3;11,37;-1,30;1324343;12,66;SAT;NEGATIF;NOTR;NEGATIF;AZALIYOR;SAT;SAT;NOTR;0;10.09.2026
BORLS;izle;;6,4;2,4;4,0;0,0;10;0;zayif;30,1;20,6;0,0;asagi;zayif;zayif;asagi;0,64;-5,17;5;2,98;-1,65;56937141;4,00;SAT;NEGATIF;SAT;NEGATIF;AZALIYOR;SAT;AL;NOTR;1;10.09.2026
PAMEL;izle;;5,6;0,0;5,6;0,0;10;0;zayif;11,3;30,3;66,6;asagi;zayif;zayif;asagi;0,39;-3,47;4;70,5;-0,84;8964639;77,25;SAT;NEGATIF;NOTR;NEGATIF;AZALIYOR;AL;AL;NOTR;2;10.09.2026
CMENT;izle;;3,3;2,4;0,8;0,0;6;0;zayif;49,4;21,5;23,9;asagi;zayif;zayif;asagi;0,62;-6,33;3;240;-1,07;645120;257,52;SAT;NEGATIF;SAT;NEGATIF;ARTIYOR;SAT;AL;UCUZ (AL);1;10.09.2026