hisse;durum;yeni_sinyal;konfluans;trend_35;momentum_30;hacim_35;risk;uyumsuzluk;rejim;adx;rsi;mfi;supertrend;goreli_guc;usd_trend;haftalik_trend;hacim_orani;ema50_uzaklik_atr;dagitim_gun;kapanis;degisim%;islem_hacmi_tl;st_cizgisi;osc_macd;osc_rsi;osc_adx;osc_momentum;osc_atr;osc_wavetrend;osc_stochrsi;osc_sharpe;osc_al_sayisi;tarih
DURDO;GUCLU AL;;99,2;34,6;29,6;35,0;28;0;guclu trend;28,9;72,7;72,9;yukari;guclu;yukselis;yukari;1,68;4,02;1;6,11;9,89;34785654;4,92;AL;POZITIF;AL;POZITIF;ARTIYOR;AL;AL;NOTR;6;06.10.2026
RYGYO;GUCLU AL;EVET;97,1;34,8;30,0;32,3;18;0;guclu trend;29,5;69,6;69,8;yukari;guclu;yukselis;yukari;1,14;2,79;1;52,25;5,73;150881019;42,36;AL;POZITIF;AL;POZITIF;ARTIYOR;AL;AL;NOTR;6;06.10.2026
ENERY;GUCLU AL;;94,2;35,0;30,0;29,2;28;0;guclu trend;30,6;68,6;62,9;yukari;guclu;yukselis;yukari;0,95;3,85;1;13,82;0,22;1121286308;11,87;AL;POZITIF;AL;POZITIF;ARTIYOR;SAT;AL;NOTR;5;06.10.2026
AHGAZ;GUCLU AL;;92,0;32,7;29,4;29,9;28;0;guclu trend;24,0;73,1;73,1;yukari;guclu;yukselis;yukari;0,99;4,25;1;47;2,22;367957266;40,64;AL;POZITIF;AL;POZITIF;ARTIYOR;AL;AL;NOTR;6;06.10.2026
INDES;izle;;90,8;32,5;30,0;28,4;40;4;guclu trend;23,5;64,2;69,2;yukari;guclu;yukselis;yukari;0,90;1,82;1;12;3,27;66694836;10,20;AL;POZITIF;AL;POZITIF;ARTIYOR;AL;AL;NOTR;6;06.10.2026
HRKET;GUCLU AL;;89,9;35,0;30,0;24,9;18;0;guclu trend;30,6;69,5;90,7;yukari;guclu;yukselis;yukari;0,66;2,28;0;8,47;0,83;297199121;6,78;AL;POZITIF;AL;POZITIF;AZALIYOR;AL;SAT;NOTR;5;06.10.2026
SANKO;GUCLU AL;EVET;89,8;24,8;30,0;35,0;10;0;zayif;29,5;68,2;78,1;yukari;guclu;yukselis;yukari;4,66;2,28;1;22,18;8,94;70098470;17,29;AL;POZITIF;AL;POZITIF;ARTIYOR;AL;AL;NOTR;6;06.10.2026
MEPET;AL;;88,6;28,9;28,5;31,2;0;0;ilimli;14,4;55,9;54,5;yukari;guclu;yukselis;yukari;1,22;0,86;0;22,2;-4,31;15436148;17,41;AL;POZITIF;NOTR;POZITIF;ARTIYOR;AL;AL;NOTR;5;06.10.2026
ETILR;GUCLU AL;EVET;84,8;31,1;30,0;23,7;32;2;guclu trend;20,1;62,5;69,8;yukari;guclu;yukselis;yukari;0,31;2,22;1;7,45;-1,72;25646685;6,03;AL;POZITIF;AL;POZITIF;AZALIYOR;AL;SAT;NOTR;5;06.10.2026
TKFEN;GUCLU AL;;83,5;35,0;26,0;22,5;32;2;guclu trend;30,8;59,1;50,0;yukari;guclu;yukselis;yukari;0,43;2,36;2;260;1,76;740972440;226,08;SAT;POZITIF;AL;POZITIF;AZALIYOR;AL;AL;PAHALI (SAT);5;06.10.2026
LOGO;izle;;82,4;23,2;30,0;29,2;40;4;zayif;16,1;60,5;63,9;yukari;guclu;yukselis;yukari;0,95;1,60;2;150;2,04;107017950;127,89;AL;POZITIF;NOTR;POZITIF;AZALIYOR;AL;AL;NOTR;5;06.10.2026
ISDMR;GUCLU AL;;81,7;32,8;23,8;25,2;6;0;guclu trend;24,4;54,9;68,1;yukari;guclu;yukselis;yukari;1,65;1,13;3;61,95;-4,40;239355781;54,52;SAT;POZITIF;AL;NEGATIF;ARTIYOR;SAT;AL;NOTR;3;06.10.2026
AKFIS;AL;;81,6;30,7;29,3;21,5;0;0;ilimli;19,0;56,1;67,3;yukari;guclu;yukselis;yukari;0,76;1,22;2;17,3;-2,86;209747864;14,38;AL;POZITIF;NOTR;POZITIF;AZALIYOR;AL;SAT;PAHALI (SAT);4;06.10.2026
BAHKM;izle;;80,6;26,0;25,8;28,8;22;2;guclu trend;27,6;56,1;68,5;asagi;guclu;yukselis;yukari;1,16;1,41;2;181,4;5,28;385195825;203,28;SAT;POZITIF;AL;NEGATIF;ARTIYOR;AL;AL;NOTR;4;06.10.2026
CELHA;izle;;79,4;23,8;30,0;25,6;10;0;guclu trend;21,9;66,8;73,8;asagi;guclu;yukselis;yukari;0,75;2,33;2;29,94;3,96;64991387;31,08;AL;POZITIF;AL;POZITIF;AZALIYOR;AL;AL;NOTR;6;06.10.2026
KRGYO;izle;;78,2;25,4;25,6;27,3;10;1;guclu trend;25,8;56,0;50,8;asagi;guclu;yukselis;yukari;1,06;1,32;2;3,4;4,29;81100064;3,68;SAT;POZITIF;AL;POZITIF;AZALIYOR;AL;AL;NOTR;5;06.10.2026
HUNER;izle;;77,5;28,9;28,0;20,6;32;3;ilimli;18,7;51,1;64,4;yukari;guclu;yukselis;yukari;1,20;0,64;2;4,16;-3,93;387649201;3,83;AL;POZITIF;NOTR;NEGATIF;ARTIYOR;SAT;SAT;NOTR;2;06.10.2026
DMLKT;GUCLU AL;;75,8;32,1;26,0;17,7;10;0;guclu trend;22,5;55,9;54,2;yukari;guclu;yukselis;yukari;0,78;1,89;4;6,97;-0,14;28355640;6,64;SAT;POZITIF;AL;POZITIF;AZALIYOR;AL;AL;NOTR;5;06.10.2026
OTKAR;AL;;74,4;10,2;30,0;34,3;0;0;zayif;17,6;62,5;64,4;yukari;guclu;yukselis;yukari;2,15;1,50;2;341,25;0,22;319504185;298,04;AL;POZITIF;NOTR;POZITIF;ARTIYOR;AL;AL;UCUZ (AL);5;06.10.2026
CCOLA;izle;;74,2;15,9;28,2;30,1;0;0;ilimli;19,4;58,0;49,4;asagi;guclu;zayif;yukari;1,32;0,74;2;82,1;2,43;580071064;84,13;AL;POZITIF;NOTR;POZITIF;AZALIYOR;AL;AL;NOTR;5;06.10.2026
ALBRK;izle;;74,0;22,5;28,5;23,0;6;0;guclu trend;21,3;55,5;74,5;asagi;guclu;yukselis;yukari;0,55;0,85;3;8,79;-0,68;90816012;9,13;AL;POZITIF;AL;POZITIF;AZALIYOR;AL;AL;NOTR;6;06.10.2026
METRO;AL;;73,0;28,0;26,6;18,5;0;0;ilimli;32,5;53,8;49,3;yukari;guclu;zayif;yukari;0,51;0,03;0;7,79;-0,76;26340428;6,47;AL;POZITIF;AL;POZITIF;AZALIYOR;AL;AL;NOTR;6;06.10.2026
ORGE;izle;;69,8;29,1;27,2;13,5;42;3;ilimli;14,7;50,8;66,6;yukari;guclu;yukselis;yukari;0,56;0,32;5;22,6;-1,40;48444298;20,44;AL;POZITIF;NOTR;NEGATIF;AZALIYOR;AL;AL;NOTR;4;06.10.2026
BRSAN;izle;;69,8;22,4;28,3;19,0;6;0;ilimli;18,3;52,0;64,1;asagi;guclu;yukselis;yukari;0,82;0,79;3;679;-1,88;890943739;709,48;AL;POZITIF;NOTR;POZITIF;AZALIYOR;AL;AL;NOTR;5;06.10.2026
ASELS;izle;;68,7;14,8;26,6;27,3;6;0;ilimli;25,1;51,3;54,5;asagi;guclu;zayif;yukari;1,02;0,06;3;376;1,21;13411273280;390,08;AL;POZITIF;SAT;POZITIF;AZALIYOR;AL;AL;NOTR;5;06.10.2026
AVGYO;izle;;67,9;20,1;28,2;19,6;40;5;ilimli;12,2;55,1;47,7;asagi;guclu;yukselis;yukari;0,38;0,74;2;16,69;-0,48;10378610;18,09;AL;POZITIF;NOTR;POZITIF;AZALIYOR;AL;AL;NOTR;5;06.10.2026
KRTEK;AL;;67,8;9,8;28,2;29,8;0;0;zayif;16,6;56,4;75,5;yukari;guclu;yukselis;yukari;1,12;0,73;1;6,3;5,35;6970830;5,02;AL;POZITIF;NOTR;POZITIF;ARTIYOR;AL;AL;NOTR;5;06.10.2026
FLAP;AL;;67,5;33,3;21,4;12,9;0;0;guclu trend;29,4;49,6;53,0;yukari;guclu;yukselis;yukari;0,86;0,20;1;11,76;-1,59;14265633;10,92;SAT;NEGATIF;AL;NEGATIF;AZALIYOR;SAT;SAT;NOTR;1;06.10.2026
TUPRS;izle;;67,0;30,4;23,6;13,0;50;4;guclu trend;30,6;45,3;43,5;yukari;guclu;zayif;yukari;0,53;0,48;4;379,25;-3,07;4756771569;374,32;SAT;NEGATIF;SAT;NEGATIF;AZALIYOR;SAT;AL;NOTR;1;06.10.2026
KLSYN;izle;;66,3;21,4;26,0;18,9;0;0;guclu trend;22,2;47,2;36,3;asagi;guclu;zayif;yukari;1,03;-0,23;2;14,45;-2,36;50284815;16,20;AL;NEGATIF;SAT;POZITIF;ARTIYOR;AL;AL;NOTR;4;06.10.2026
KRDMD;izle;;66,0;20,3;23,0;22,7;40;4;ilimli;14,1;48,8;67,2;asagi;guclu;zayif;yukari;0,73;0,21;2;44,4;-1,38;1470687085;48,15;SAT;NEGATIF;NOTR;NEGATIF;AZALIYOR;SAT;AL;NOTR;1;06.10.2026
GLYHO;izle;;64,6;14,8;28,3;21,6;0;0;ilimli;16,5;58,2;51,3;asagi;guclu;yukselis;yukari;0,55;0,75;1;16,88;1,08;37728657;16,97;AL;POZITIF;NOTR;POZITIF;AZALIYOR;AL;AL;NOTR;5;06.10.2026
VAKBN;izle;;64,1;20,0;23,7;20,5;0;0;ilimli;14,2;51,2;75,6;asagi;guclu;yukselis;yukari;0,44;0,49;1;33,72;-0,65;1030559373;37,68;SAT;POZITIF;NOTR;NEGATIF;AZALIYOR;AL;AL;NOTR;3;06.10.2026
RYSAS;izle;;63,3;21,5;23,5;18,2;10;1;ilimli;15,9;51,0;52,7;asagi;guclu;zayif;yukari;0,41;0,44;1;25,7;4,13;144998295;28,46;SAT;POZITIF;NOTR;NEGATIF;AZALIYOR;SAT;AL;NOTR;2;06.10.2026
BIMAS;izle;;63,1;28,6;20,0;14,5;40;4;zayif;16,3;45,0;46,0;yukari;guclu;zayif;yukari;0,69;-0,03;2;409,25;-1,03;2611736917;402,48;SAT;NEGATIF;NOTR;NEGATIF;AZALIYOR;SAT;AL;NOTR;1;06.10.2026
HALKB;izle;;62,6;20,5;24,3;17,7;10;1;ilimli;15,9;51,5;57,9;asagi;guclu;yukselis;yukari;0,60;0,79;1;45,24;1,03;1141919805;50,97;SAT;POZITIF;NOTR;NEGATIF;AZALIYOR;AL;AL;NOTR;3;06.10.2026
CRFSA;izle;;60,5;21,9;18,1;20,5;40;4;guclu trend;26,0;46,4;59,3;asagi;guclu;zayif;yukari;0,97;-0,40;2;222,4;9,99;347273152;257,19;SAT;NEGATIF;SAT;NEGATIF;ARTIYOR;AL;AL;NOTR;2;06.10.2026
KCHOL;izle;;59,4;21,9;23,1;14,3;22;2;guclu trend;26,3;49,2;56,4;asagi;guclu;zayif;yukari;0,66;0,27;2;213,6;-0,60;3957467806;229,66;SAT;NEGATIF;SAT;NEGATIF;AZALIYOR;AL;AL;NOTR;2;06.10.2026
ENJSA;izle;;59,1;16,7;27,4;15,0;28;2;ilimli;21,5;53,1;74,3;asagi;guclu;zayif;yukari;0,64;0,37;3;111,6;-0,80;273775892;117,47;AL;POZITIF;AL;POZITIF;AZALIYOR;AL;AL;NOTR;6;06.10.2026
EBEBK;izle;;58,3;13,1;25,6;19,7;32;3;zayif;12,2;46,9;51,0;asagi;guclu;zayif;yukari;0,27;-0,40;2;80,1;-1,11;13423158;86,82;AL;NEGATIF;NOTR;NEGATIF;AZALIYOR;AL;AL;NOTR;3;06.10.2026
YKBNK;izle;;57,9;9,7;23,8;24,4;0;0;ilimli;20,1;53,9;78,7;asagi;guclu;yukselis;yukari;0,57;0,54;1;36,46;1,56;4342102742;37,23;SAT;POZITIF;SAT;NEGATIF;AZALIYOR;AL;AL;NOTR;3;06.10.2026
SOKM;izle;;57,0;20,2;22,9;13,8;22;2;ilimli;13,3;47,8;53,4;asagi;guclu;zayif;yukari;0,45;0,19;2;56,35;-0,27;92153832;62,10;SAT;NEGATIF;NOTR;NEGATIF;AZALIYOR;AL;AL;NOTR;2;06.10.2026
HTTBT;izle;;56,9;15,0;26,6;15,3;0;0;zayif;31,1;57,8;64,5;yukari;guclu;zayif;asagi;0,87;0,04;1;34,8;0,58;18700441;30,38;AL;POZITIF;AL;POZITIF;AZALIYOR;AL;SAT;UCUZ (AL);5;06.10.2026
MIATK;izle;;56,5;11,6;26,8;18,0;0;0;zayif;21,4;54,8;63,7;yukari;guclu;yukselis;asagi;1,99;0,14;1;30,24;9,96;2370448040;19,80;AL;POZITIF;AL;POZITIF;ARTIYOR;AL;AL;NOTR;6;06.10.2026
MPARK;izle;;56,3;8,6;26,6;21,1;40;4;ilimli;12,1;50,3;68,4;asagi;guclu;zayif;asagi;1,04;0,02;2;429;-1,15;262176915;453,45;AL;POZITIF;NOTR;NEGATIF;ARTIYOR;AL;AL;NOTR;4;06.10.2026
KRPLS;izle;;56,0;21,7;22,4;12,0;22;2;guclu trend;24,2;50,7;54,4;asagi;guclu;yukselis;yukari;0,36;0,63;1;11,65;-1,44;24754071;14,17;SAT;POZITIF;SAT;NEGATIF;AZALIYOR;AL;SAT;NOTR;2;06.10.2026
FRIGO;izle;;55,7;15,0;23,0;17,7;0;0;zayif;31,7;52,3;45,3;yukari;guclu;zayif;asagi;1,28;-0,63;1;1,99;3,11;70481874;1,55;AL;POZITIF;AL;POZITIF;AZALIYOR;AL;AL;NOTR;6;06.10.2026
HKTM;izle;;55,7;15,0;26,7;14,0;6;0;zayif;30,7;54,5;35,7;yukari;guclu;zayif;asagi;1,43;0,07;3;11,68;7,16;70426359;9,27;AL;POZITIF;AL;POZITIF;ARTIYOR;AL;AL;NOTR;6;06.10.2026
TRMET;izle;;55,6;20,0;21,4;14,2;0;0;zayif;19,4;45,6;61,6;asagi;guclu;zayif;asagi;0,87;-0,45;2;129,5;1,41;831756485;146,21;SAT;NEGATIF;NOTR;NEGATIF;AZALIYOR;SAT;SAT;NOTR;0;06.10.2026
GMTAS;izle;;55,2;29,0;15,3;10,9;0;0;zayif;19,6;42,2;56,8;yukari;guclu;zayif;asagi;1,49;-0,86;1;43,9;-6,64;281272568;40,93;SAT;NEGATIF;NOTR;NEGATIF;ARTIYOR;SAT;SAT;NOTR;0;06.10.2026
ALARK;izle;;54,3;12,3;21,8;20,1;16;1;zayif;25,5;48,0;56,1;asagi;guclu;zayif;yukari;0,57;-0,28;3;105,3;-1,22;234224160;111,34;SAT;NEGATIF;SAT;NEGATIF;AZALIYOR;AL;AL;NOTR;2;06.10.2026
OZSUB;izle;;54,3;20,1;21,2;12,9;6;0;zayif;13,0;46,7;41,3;asagi;guclu;zayif;yukari;0,29;-0,26;3;37,46;0,70;19720780;42,59;SAT;NEGATIF;NOTR;NEGATIF;AZALIYOR;AL;AL;NOTR;2;06.10.2026
NETAS;izle;;54,1;24,2;21,9;8,0;0;0;guclu trend;22,8;46,1;38,1;asagi;guclu;zayif;yukari;0,53;-0,26;1;79,2;-3,41;40537411;89,91;SAT;NEGATIF;AL;POZITIF;AZALIYOR;AL;AL;NOTR;4;06.10.2026
DEVA;izle;;53,2;21,8;15,4;16,0;0;0;guclu trend;25,0;42,4;50,4;asagi;guclu;zayif;yukari;0,28;-0,31;2;87,35;-2,46;17876352;101,15;SAT;NEGATIF;SAT;NEGATIF;AZALIYOR;SAT;SAT;NOTR;0;06.10.2026
TAVHL;izle;;53,1;10,3;27,3;15,4;16;1;zayif;15,9;54,1;58,4;yukari;guclu;zayif;asagi;0,48;0,34;3;275,5;0,36;428625655;251,55;AL;POZITIF;NOTR;NEGATIF;AZALIYOR;AL;AL;NOTR;4;06.10.2026
AYES;izle;;52,0;18,5;25,5;8,0;0;0;zayif;31,4;52,8;58,8;yukari;guclu;zayif;asagi;0,66;-0,45;1;8,24;3,00;1554715;6,83;AL;POZITIF;SAT;POZITIF;AZALIYOR;AL;AL;NOTR;5;06.10.2026
EKGYO;izle;;51,4;4,2;27,0;20,2;10;1;zayif;16,6;52,3;60,1;asagi;guclu;yukselis;yukari;0,39;0,23;2;19,75;-0,80;1258101268;21,06;AL;POZITIF;NOTR;POZITIF;AZALIYOR;AL;AL;NOTR;5;06.10.2026
QNBFK;izle;;51,4;15,0;25,7;10,7;0;0;zayif;32,1;53,5;42,5;yukari;guclu;zayif;asagi;0,86;-0,32;1;40;-3,57;937360;37,01;AL;POZITIF;AL;POZITIF;ARTIYOR;AL;AL;NOTR;6;06.10.2026
AEFES;izle;;51,4;7,1;24,8;19,5;6;0;zayif;29,0;49,7;56,6;asagi;guclu;zayif;asagi;1,33;-0,73;3;18,67;3,26;906585477;19,66;AL;NEGATIF;SAT;NEGATIF;ARTIYOR;AL;AL;NOTR;3;06.10.2026
LMKDC;izle;;51,2;9,2;27,0;15,0;0;0;zayif;15,1;55,2;77,2;yukari;guclu;yukselis;asagi;0,49;0,20;0;24,08;0,75;56748806;20,92;AL;POZITIF;NOTR;POZITIF;AZALIYOR;AL;SAT;NOTR;4;06.10.2026
SAFKR;izle;;50,6;15,0;17,6;18,0;0;0;zayif;43,9;54,8;59,7;yukari;zayif;zayif;asagi;1,57;-1,50;2;14,26;-1,04;111139445;11,65;AL;POZITIF;AL;POZITIF;ARTIYOR;AL;SAT;UCUZ (AL);5;06.10.2026
VERUS;izle;;50,5;15,4;21,5;13,6;0;0;zayif;36,1;50,2;69,4;asagi;zayif;zayif;asagi;1,04;-0,59;0;511;0,20;40788531;538,78;AL;POZITIF;SAT;POZITIF;AZALIYOR;AL;SAT;NOTR;4;06.10.2026
PRKME;izle;;50,1;10,2;21,9;18,0;6;0;zayif;28,0;48,3;65,2;yukari;guclu;zayif;asagi;3,21;-1,10;3;16,1;5,16;116074802;12,88;AL;NEGATIF;SAT;POZITIF;ARTIYOR;AL;AL;NOTR;4;06.10.2026
RGYAS;izle;;49,4;14,7;25,4;9,4;0;0;zayif;24,2;47,7;50,0;asagi;guclu;zayif;asagi;0,35;-0,49;0;195;-1,37;149005350;206,64;AL;NEGATIF;SAT;NEGATIF;AZALIYOR;AL;AL;NOTR;3;06.10.2026
YGGYO;izle;;49,0;15,4;21,4;12,2;0;0;zayif;33,5;44,4;51,1;asagi;guclu;zayif;asagi;0,43;-1,26;1;211,1;-0,80;10944691;230,57;AL;NEGATIF;SAT;NEGATIF;AZALIYOR;AL;AL;NOTR;3;06.10.2026
OTTO;izle;;49,0;15,0;16,0;18,0;0;0;zayif;42,7;49,7;57,5;yukari;zayif;zayif;asagi;1,84;-2,13;1;117,1;-2,82;73747121;94,23;AL;NEGATIF;AL;POZITIF;ARTIYOR;AL;SAT;UCUZ (AL);4;06.10.2026
INVES;izle;;48,8;15,4;16,3;17,0;10;0;zayif;30,2;41,0;36,4;asagi;guclu;zayif;yukari;0,49;-0,75;4;712;0,85;17893984;783,94;SAT;NEGATIF;SAT;NEGATIF;AZALIYOR;AL;AL;NOTR;2;06.10.2026
KERVN;izle;;48,5;14,5;18,0;16,0;0;0;zayif;23,3;46,9;25,0;asagi;zayif;zayif;yukari;0,56;-0,77;1;7,88;0,25;4685424;8,58;AL;NEGATIF;SAT;POZITIF;ARTIYOR;AL;AL;NOTR;4;06.10.2026
NTGAZ;izle;;48,3;6,3;27,2;14,8;0;0;zayif;20,1;56,3;65,1;asagi;guclu;zayif;asagi;0,71;0,29;2;11,12;0,54;24694773;11,27;AL;POZITIF;AL;POZITIF;AZALIYOR;AL;AL;NOTR;6;06.10.2026
MAVI;izle;;47,2;9,2;25,1;12,9;10;1;zayif;15,0;48,2;56,0;yukari;guclu;zayif;asagi;0,56;-0,59;2;37,08;-2,93;180244953;33,59;AL;NEGATIF;NOTR;NEGATIF;AZALIYOR;AL;SAT;UCUZ (AL);2;06.10.2026
TRGYO;izle;;46,9;8,9;24,7;13,2;6;0;zayif;11,8;46,6;52,6;asagi;guclu;zayif;asagi;0,92;-0,77;3;91,65;-2,71;90275892;96,70;AL;NEGATIF;NOTR;NEGATIF;ARTIYOR;AL;AL;NOTR;3;06.10.2026
ARSAN;izle;;46,8;9,7;21,5;15,6;6;0;zayif;16,0;47,1;50,8;asagi;guclu;zayif;asagi;1,16;-0,41;3;3,59;1,41;76001600;3,97;SAT;NEGATIF;NOTR;NEGATIF;ARTIYOR;AL;AL;NOTR;2;06.10.2026
EREGL;izle;;46,0;12,2;24,6;9,2;10;1;zayif;12,9;46,8;47,5;asagi;guclu;zayif;asagi;0,65;-0,80;1;37,08;-1,49;2838624026;40,26;AL;NEGATIF;NOTR;NEGATIF;AZALIYOR;AL;AL;NOTR;3;06.10.2026
AKSGY;izle;;45,6;13,9;25,3;6,3;0;0;zayif;28,2;46,2;44,3;asagi;guclu;zayif;asagi;0,22;-0,49;1;9,51;-0,63;10019517;10,14;AL;NEGATIF;SAT;POZITIF;AZALIYOR;AL;AL;NOTR;4;06.10.2026
MRGYO;izle;;45,6;14,8;22,8;8,0;0;0;zayif;29,5;52,1;47,3;yukari;guclu;yukselis;asagi;0,69;0,11;0;1,48;9,63;172160411;1,03;SAT;POZITIF;AL;POZITIF;AZALIYOR;AL;AL;NOTR;5;06.10.2026
KONKA;izle;;45,2;15,0;16,2;14,0;12;0;zayif;44,7;48,0;65,0;yukari;zayif;zayif;asagi;2,74;-2,20;2;8,61;-4,44;73434509;7,29;AL;NEGATIF;AL;POZITIF;ARTIYOR;AL;SAT;UCUZ (AL);4;06.10.2026
ARDYZ;izle;;45,2;15,4;19,8;9,9;0;0;zayif;32,2;47,1;47,0;asagi;zayif;zayif;asagi;0,81;-0,74;1;68;-0,15;348445124;74,55;AL;NEGATIF;SAT;POZITIF;AZALIYOR;AL;AL;NOTR;4;06.10.2026
OZYSR;izle;;45,2;10,4;25,7;9,0;0;0;zayif;26,4;50,9;40,9;asagi;guclu;zayif;asagi;0,35;-0,33;1;11,7;0,00;10883305;12,68;AL;POZITIF;SAT;POZITIF;AZALIYOR;AL;AL;NOTR;5;06.10.2026
TGSAS;izle;;44,5;10,4;16,0;18,0;0;0;zayif;34,7;45,8;28,1;yukari;zayif;zayif;asagi;2,12;-1,91;1;137;9,95;192245250;90,11;AL;NEGATIF;SAT;POZITIF;AZALIYOR;AL;AL;NOTR;4;06.10.2026
TUCLK;izle;;44,1;18,3;15,7;10,0;0;0;zayif;25,7;44,0;55,9;yukari;guclu;zayif;asagi;3,00;-0,92;2;3,65;-9,88;232129988;3,38;SAT;NEGATIF;AL;NEGATIF;ARTIYOR;SAT;SAT;NOTR;1;06.10.2026
KLGYO;izle;;43,7;5,7;24,9;13,1;6;0;zayif;26,6;50,2;49,5;asagi;guclu;zayif;asagi;0,96;-0,70;3;4,24;-0,24;38545514;4,33;AL;POZITIF;AL;POZITIF;AZALIYOR;AL;AL;UCUZ (AL);6;06.10.2026
TCKRC;izle;;43,4;14,9;20,1;8,4;0;0;zayif;25,6;46,9;54,4;asagi;zayif;zayif;asagi;0,96;-0,93;2;127;2,42;411829250;138,23;AL;NEGATIF;SAT;POZITIF;AZALIYOR;AL;SAT;NOTR;3;06.10.2026
DOCO;izle;;43,3;12,2;25,4;5,7;0;0;zayif;17,0;48,9;47,5;asagi;guclu;zayif;asagi;0,53;-0,46;2;10792,5;0,00;28276350;11409,46;AL;NEGATIF;NOTR;POZITIF;AZALIYOR;AL;AL;NOTR;4;06.10.2026
AKCNS;izle;;43,3;9,3;20,8;13,3;22;2;zayif;18,0;45,1;64,3;asagi;guclu;zayif;asagi;0,96;-1,15;1;207,7;0,24;197896352;225,55;AL;NEGATIF;NOTR;POZITIF;ARTIYOR;AL;AL;NOTR;4;06.10.2026
BALSU;izle;;43,2;15,0;19,4;8,7;0;0;zayif;31,3;53,9;64,1;yukari;zayif;zayif;asagi;0,74;-1,26;2;8,8;-2,11;407270046;6,88;AL;POZITIF;AL;POZITIF;AZALIYOR;AL;AL;UCUZ (AL);6;06.10.2026
COSMO;izle;;43,1;10,4;18,6;14,0;0;0;zayif;32,7;48,2;38,2;yukari;zayif;zayif;asagi;2,07;-1,62;1;98,85;9,96;8469863;70,83;AL;NEGATIF;SAT;POZITIF;ARTIYOR;AL;AL;UCUZ (AL);4;06.10.2026
ANGEN;izle;;42,7;2,2;22,4;18,0;52;4;zayif;17,8;50,5;61,6;asagi;guclu;zayif;asagi;5,20;-1,14;2;8,01;0,63;144935431;8,21;AL;POZITIF;NOTR;POZITIF;ARTIYOR;AL;AL;UCUZ (AL);5;06.10.2026
FORTE;izle;;42,7;14,1;22,7;5,9;0;0;zayif;19,0;48,9;42,9;asagi;guclu;zayif;asagi;0,81;-0,53;2;103,6;-0,38;98806221;108,16;AL;NEGATIF;NOTR;POZITIF;AZALIYOR;AL;AL;NOTR;4;06.10.2026
OFSYM;izle;;42,7;5,4;18,7;18,5;10;1;zayif;35,3;44,7;57,8;asagi;guclu;zayif;asagi;1,33;-0,75;1;57,8;1,31;66761485;66,99;SAT;NEGATIF;SAT;NEGATIF;AZALIYOR;AL;AL;NOTR;2;06.10.2026
AGESA;izle;;42,4;11,5;20,7;10,1;6;0;zayif;30,5;45,2;67,7;asagi;guclu;zayif;asagi;0,79;-0,76;3;236,5;0,13;28897226;249,51;SAT;NEGATIF;SAT;NEGATIF;ARTIYOR;AL;AL;NOTR;2;06.10.2026
BASCM;izle;;41,7;10,4;21,7;9,5;0;0;zayif;31,9;47,9;33,6;yukari;guclu;zayif;asagi;0,26;-2,29;1;12,01;0,92;295278;11,08;AL;NEGATIF;SAT;POZITIF;AZALIYOR;AL;AL;NOTR;4;06.10.2026
EUYO;izle;;41,5;4,1;19,3;18,0;0;0;zayif;22,6;48,4;48,6;asagi;zayif;zayif;asagi;1,41;-1,16;2;4,19;-4,99;7116979;4,42;AL;NEGATIF;AL;POZITIF;ARTIYOR;AL;AL;NOTR;5;06.10.2026
VANGD;izle;;41,1;13,4;16,0;11,7;0;0;zayif;40,7;47,0;51,6;yukari;zayif;zayif;asagi;0,92;-1,64;1;69,35;8,96;11851291;47,45;AL;NEGATIF;SAT;POZITIF;ARTIYOR;AL;AL;NOTR;4;06.10.2026
TCELL;izle;;41,0;1,9;26,0;13,1;0;0;zayif;26,2;52,4;59,2;asagi;guclu;zayif;asagi;0,52;-0,22;2;100,7;0,20;1212829390;105,37;AL;POZITIF;SAT;POZITIF;AZALIYOR;AL;AL;NOTR;5;06.10.2026
BERA;izle;;40,1;10,1;21,7;8,3;0;0;zayif;27,3;45,3;57,3;yukari;guclu;zayif;asagi;0,72;-1,69;1;12,07;-3,21;68129996;10,94;AL;NEGATIF;SAT;NEGATIF;AZALIYOR;AL;SAT;UCUZ (AL);2;06.10.2026
TRCAS;izle;;40,0;10,5;21,1;8,3;16;1;zayif;27,8;45,4;30,7;asagi;guclu;zayif;asagi;0,38;-0,59;3;44,72;-1,41;11998197;48,19;SAT;NEGATIF;SAT;NEGATIF;AZALIYOR;AL;AL;NOTR;2;06.10.2026
OYAKC;izle;;39,9;2,3;24,8;12,8;10;0;zayif;29,2;46,5;61,7;asagi;guclu;zayif;asagi;0,62;-0,73;4;20,72;-2,08;176293862;22,37;AL;NEGATIF;SAT;NEGATIF;AZALIYOR;AL;AL;NOTR;3;06.10.2026
SEKFK;izle;;39,7;5,3;23,9;10,5;0;0;zayif;25,7;51,4;58,3;asagi;guclu;zayif;asagi;0,85;-1,11;2;4,29;-0,23;2259697;4,48;AL;POZITIF;AL;POZITIF;AZALIYOR;AL;AL;NOTR;6;06.10.2026
OYLUM;izle;;39,4;6,0;25,4;8,0;0;0;zayif;27,4;54,4;58,6;asagi;guclu;zayif;asagi;0,50;-0,45;2;6,84;2,09;1522981;6,99;AL;POZITIF;AL;POZITIF;AZALIYOR;AL;SAT;UCUZ (AL);5;06.10.2026
GLBMD;izle;;39,3;1,5;23,8;14,0;0;0;zayif;22,9;47,3;32,5;asagi;guclu;zayif;asagi;1,39;-0,85;1;10,78;1,13;2050281;11,18;AL;NEGATIF;SAT;POZITIF;ARTIYOR;AL;AL;NOTR;4;06.10.2026
AKBNK;izle;;38,4;2,8;21,7;13,9;32;3;zayif;23,3;48,2;62,9;asagi;guclu;zayif;asagi;0,70;-0,33;2;69,5;0,80;8741230589;74,93;SAT;NEGATIF;SAT;NEGATIF;AZALIYOR;AL;AL;NOTR;2;06.10.2026
PCILT;izle;;38,3;12,2;25,4;0,7;0;0;zayif;9,9;47,8;54,3;asagi;guclu;zayif;asagi;0,46;-0,46;1;30,92;-1,65;24301605;33,97;AL;NEGATIF;NOTR;NEGATIF;AZALIYOR;AL;SAT;NOTR;2;06.10.2026
THYAO;izle;;38,3;2,2;24,2;11,8;6;0;zayif;28,5;47,3;72,9;asagi;guclu;zayif;asagi;0,69;-0,99;3;290,5;-0,60;7931484897;301,24;AL;NEGATIF;SAT;NEGATIF;AZALIYOR;AL;AL;NOTR;3;06.10.2026
KNFRT;izle;;38,1;2,4;25,3;10,4;6;0;zayif;18,1;48,9;36,8;asagi;guclu;zayif;asagi;0,65;-0,52;3;11,34;-3,24;29183104;12,40;AL;NEGATIF;NOTR;POZITIF;AZALIYOR;AL;AL;NOTR;4;06.10.2026
GARAN;izle;;38,0;3,0;22,9;12,1;32;3;zayif;23,1;52,1;74,9;asagi;guclu;zayif;asagi;0,55;0,19;2;131,2;0,61;2299204954;136,38;SAT;POZITIF;SAT;NEGATIF;AZALIYOR;AL;AL;NOTR;3;06.10.2026
SAHOL;izle;;37,2;2,4;21,2;13,5;28;2;zayif;34,4;48,2;75,3;asagi;guclu;zayif;asagi;0,71;-0,55;3;88,8;0,00;2144221277;94,57;SAT;NEGATIF;SAT;NEGATIF;AZALIYOR;AL;AL;NOTR;2;06.10.2026
BALAT;izle;;37,1;10,4;18,6;8,0;22;2;zayif;31,8;48,8;43,5;yukari;zayif;zayif;asagi;0,69;-1,58;1;59,6;2,67;1726314;49,04;AL;NEGATIF;SAT;POZITIF;AZALIYOR;AL;AL;UCUZ (AL);4;06.10.2026
EGPRO;izle;;37,0;9,0;24,0;4,0;0;0;zayif;25,1;45,2;50,1;asagi;guclu;zayif;asagi;0,38;-1,08;1;34;-1,05;12967532;37,92;AL;NEGATIF;SAT;NEGATIF;AZALIYOR;AL;AL;NOTR;3;06.10.2026
ZRGYO;izle;;36,9;13,6;17,7;5,6;16;1;zayif;16,5;44,4;28,1;yukari;guclu;zayif;asagi;0,12;-0,38;3;19,01;-0,47;5667603;18,80;SAT;NEGATIF;NOTR;NEGATIF;AZALIYOR;SAT;SAT;UCUZ (AL);0;06.10.2026
MAKIM;izle;;36,8;3,1;22,0;11,7;0;0;zayif;20,0;49,3;69,3;asagi;guclu;zayif;asagi;0,92;-1,07;2;13,74;-2,41;18843627;14,48;AL;NEGATIF;NOTR;POZITIF;AZALIYOR;AL;AL;NOTR;4;06.10.2026
TOASO;izle;;36,7;0,9;20,9;14,8;16;1;zayif;18,5;47,1;52,7;asagi;guclu;zayif;asagi;0,87;-0,67;3;271,25;2,46;763537556;294,71;SAT;NEGATIF;NOTR;NEGATIF;ARTIYOR;SAT;AL;NOTR;1;06.10.2026
KRDMB;izle;;36,5;5,4;13,1;18,0;0;0;zayif;38,7;41,9;55,3;asagi;zayif;zayif;asagi;1,63;-2,62;2;75,6;4,71;449213990;85,35;AL;NEGATIF;SAT;POZITIF;AZALIYOR;AL;AL;NOTR;4;06.10.2026
YBTAS;izle;;36,4;10,4;18,0;8,0;6;0;zayif;54,0;46,4;40,2;yukari;zayif;zayif;asagi;0,59;-3,15;3;11,55;0,00;557761;10,27;AL;NEGATIF;SAT;POZITIF;AZALIYOR;AL;AL;UCUZ (AL);4;06.10.2026
DMSAS;izle;;36,0;10,4;17,4;8,1;0;0;zayif;30,8;47,7;47,1;yukari;zayif;zayif;asagi;0,71;-1,47;2;6,79;1,65;21672118;5,29;AL;NEGATIF;SAT;POZITIF;AZALIYOR;AL;AL;UCUZ (AL);4;06.10.2026
AKFYE;izle;;35,5;3,9;23,6;8,0;0;0;zayif;11,9;46,2;48,8;asagi;guclu;zayif;asagi;0,30;-0,87;1;3,58;-2,19;75907402;4,09;AL;NEGATIF;NOTR;POZITIF;AZALIYOR;AL;AL;NOTR;4;06.10.2026
UNLU;izle;;35,3;6,5;21,5;7,3;10;1;zayif;28,8;47,7;55,7;asagi;guclu;zayif;asagi;1,14;-0,43;1;11,09;9,91;136752875;13,62;SAT;NEGATIF;AL;NEGATIF;ARTIYOR;SAT;SAT;UCUZ (AL);1;06.10.2026
TABGD;izle;;35,2;1,6;23,4;10,2;0;0;zayif;23,7;46,7;51,2;asagi;guclu;zayif;asagi;0,43;-1,09;1;224,9;-0,04;71330184;238,40;AL;NEGATIF;SAT;NEGATIF;AZALIYOR;AL;AL;NOTR;3;06.10.2026
EGGUB;izle;;34,8;1,7;21,2;12,0;0;0;zayif;21,7;46,9;44,1;asagi;guclu;zayif;asagi;0,63;-0,56;2;100,5;-0,69;29621672;110,49;SAT;NEGATIF;SAT;NEGATIF;AZALIYOR;AL;AL;NOTR;2;06.10.2026
VRGYO;izle;;34,4;10,3;13,7;10,4;10;1;zayif;29,0;43,9;43,9;yukari;zayif;zayif;asagi;0,85;-2,45;0;1,38;9,52;24579079;1,16;AL;NEGATIF;SAT;POZITIF;ARTIYOR;AL;AL;UCUZ (AL);4;06.10.2026
BLUME;izle;;34,4;1,1;25,3;8,0;0;0;zayif;20,2;47,1;58,1;asagi;guclu;zayif;asagi;0,45;-0,51;1;35,34;0,00;31623893;40,56;AL;NEGATIF;SAT;POZITIF;AZALIYOR;AL;AL;NOTR;4;06.10.2026
AYGAZ;izle;;34,2;22,3;10,6;1,3;40;4;zayif;29,1;38,2;51,4;asagi;guclu;zayif;asagi;0,73;-1,33;2;282;-5,13;229448454;327,25;SAT;NEGATIF;SAT;NEGATIF;ARTIYOR;SAT;AL;NOTR;1;06.10.2026
ENTRA;izle;;34,0;1,1;24,9;8,0;0;0;zayif;20,4;50,8;56,4;asagi;guclu;zayif;asagi;0,44;-0,71;0;4,24;0,47;34412141;4,51;AL;POZITIF;SAT;POZITIF;AZALIYOR;AL;AL;NOTR;5;06.10.2026
AYDEM;izle;;33,8;6,7;25,0;2,1;0;0;zayif;18,0;47,8;47,7;asagi;guclu;zayif;asagi;0,41;-0,63;2;24,48;-1,13;22442872;26,22;AL;NEGATIF;NOTR;POZITIF;AZALIYOR;AL;AL;NOTR;4;06.10.2026
TRILC;izle;;33,7;10,4;9,3;14,0;0;0;zayif;55,6;42,6;27,5;yukari;zayif;zayif;asagi;1,32;-5,24;2;0,88;10,00;3949320;0,74;SAT;NEGATIF;SAT;NEGATIF;ARTIYOR;AL;AL;UCUZ (AL);2;06.10.2026
KRONT;izle;;33,6;13,2;20,4;0,0;0;0;zayif;24,8;47,9;48,9;asagi;zayif;zayif;asagi;0,62;-0,87;2;20,5;-0,87;17324509;21,87;AL;NEGATIF;AL;POZITIF;ARTIYOR;AL;AL;NOTR;5;06.10.2026
VKFYO;izle;;33,5;2,2;13,3;18,0;0;0;zayif;17,6;42,7;42,4;asagi;zayif;zayif;asagi;1,61;-2,47;0;18,52;5,29;5311703;20,39;AL;NEGATIF;NOTR;POZITIF;ARTIYOR;AL;AL;UCUZ (AL);4;06.10.2026
NUHCM;izle;;33,4;1,1;25,8;6,5;10;1;zayif;14,8;51,2;57,9;asagi;guclu;zayif;asagi;0,32;-0,31;1;212,7;-0,37;3984722;224,95;AL;POZITIF;NOTR;POZITIF;AZALIYOR;AL;AL;NOTR;5;06.10.2026
BURCE;izle;;33,1;2,4;12,6;18,0;0;0;zayif;30,5;40,5;46,1;asagi;zayif;zayif;asagi;1,53;-2,84;1;27,04;1,35;57755872;29,24;AL;NEGATIF;SAT;POZITIF;AZALIYOR;AL;AL;UCUZ (AL);4;06.10.2026
TTKOM;izle;;32,8;0,0;21,0;11,8;6;0;zayif;12,2;48,3;81,6;asagi;guclu;zayif;asagi;0,47;-0,66;3;53,1;-1,03;955244309;58,37;SAT;NEGATIF;NOTR;NEGATIF;AZALIYOR;AL;AL;NOTR;2;06.10.2026
TUREX;izle;;32,7;10,8;21,8;0,0;0;0;zayif;19,3;47,6;58,3;yukari;guclu;zayif;asagi;0,55;-1,40;1;5,75;-0,86;50978229;5,03;AL;NEGATIF;NOTR;POZITIF;AZALIYOR;AL;SAT;NOTR;3;06.10.2026
OSMEN;izle;;32,6;2,4;12,2;18,0;0;0;zayif;42,4;38,9;28,4;asagi;zayif;zayif;asagi;1,53;-3,37;2;5,55;5,71;22199556;5,86;AL;NEGATIF;SAT;POZITIF;ARTIYOR;AL;AL;UCUZ (AL);4;06.10.2026
EKIZ;izle;;32,6;10,4;18,2;4,0;6;0;zayif;37,9;48,0;37,3;yukari;zayif;zayif;asagi;0,50;-2,45;3;51;-0,97;468537;43,63;AL;NEGATIF;SAT;POZITIF;AZALIYOR;AL;AL;UCUZ (AL);4;06.10.2026
EGSER;izle;;32,5;2,4;19,8;10,2;0;0;zayif;32,4;43,9;49,2;asagi;guclu;zayif;asagi;0,26;-1,64;1;2,66;0,76;1055363;2,80;AL;NEGATIF;SAT;NEGATIF;AZALIYOR;AL;AL;NOTR;3;06.10.2026
HLGYO;izle;;32,4;1,4;23,0;8,0;0;0;zayif;15,5;48,0;56,3;asagi;guclu;zayif;asagi;0,48;-1,56;1;4,19;-1,64;54365749;4,49;AL;NEGATIF;NOTR;POZITIF;AZALIYOR;AL;AL;NOTR;4;06.10.2026
DGGYO;izle;;32,3;2,5;21,9;8,0;0;0;zayif;18,4;47,7;47,0;asagi;guclu;zayif;asagi;0,69;-1,10;1;29,88;3,18;2388129;32,80;AL;NEGATIF;NOTR;POZITIF;ARTIYOR;AL;AL;NOTR;4;06.10.2026
OZKGY;izle;;32,3;1,6;20,1;10,5;0;0;zayif;23,9;42,1;47,7;asagi;guclu;zayif;asagi;0,60;-1,74;1;12,19;-0,73;21617234;13,12;AL;NEGATIF;SAT;NEGATIF;AZALIYOR;AL;AL;UCUZ (AL);3;06.10.2026
ISKPL;izle;;32,2;2,4;11,7;18,0;0;0;zayif;41,3;37,4;75,7;asagi;zayif;zayif;asagi;1,37;-4,79;2;4,01;9,86;223214918;4,46;AL;NEGATIF;SAT;POZITIF;ARTIYOR;AL;AL;UCUZ (AL);4;06.10.2026
RTALB;izle;;32,1;4,9;13,3;14,0;40;4;zayif;24,6;42,5;39,3;asagi;zayif;zayif;asagi;4,02;-2,70;1;2,2;2,80;274680837;2,34;AL;NEGATIF;AL;POZITIF;ARTIYOR;AL;AL;UCUZ (AL);5;06.10.2026
TRENJ;izle;;32,1;11,3;18,7;2,1;46;5;zayif;21,1;44,4;55,2;asagi;guclu;zayif;asagi;0,52;-0,70;3;96,9;1,47;70744461;109,88;SAT;NEGATIF;SAT;NEGATIF;AZALIYOR;SAT;AL;NOTR;1;06.10.2026
USHOL;izle;;31,5;5,4;8,9;17,1;0;0;zayif;36,0;41,3;47,2;asagi;zayif;zayif;asagi;1,25;-2,39;2;55,55;9,24;45527558;60,45;SAT;NEGATIF;SAT;NEGATIF;AZALIYOR;AL;AL;NOTR;2;06.10.2026
EKSUN;izle;;31,4;2,4;12,3;16,6;0;0;zayif;31,4;39,4;49,9;asagi;zayif;zayif;asagi;1,22;-3,03;2;4,65;3,10;16004231;5,15;AL;NEGATIF;SAT;POZITIF;ARTIYOR;AL;AL;NOTR;4;06.10.2026
ATATP;izle;;31,2;14,3;12,8;4,0;0;0;zayif;21,9;43,2;36,8;asagi;zayif;zayif;asagi;0,63;-1,00;1;239,5;-4,01;98214160;272,25;SAT;NEGATIF;SAT;NEGATIF;AZALIYOR;AL;AL;NOTR;2;06.10.2026
EUHOL;izle;;31,1;10,4;16,6;4,0;0;0;zayif;34,3;46,5;35,4;yukari;zayif;zayif;asagi;0,41;-2,06;1;8,5;0,71;1695334;7,26;AL;NEGATIF;SAT;POZITIF;AZALIYOR;AL;AL;NOTR;4;06.10.2026
ENKAI;izle;;30,8;2,2;14,2;14,5;0;0;zayif;27,8;41,5;45,3;asagi;guclu;zayif;asagi;0,78;-1,61;2;82,65;-2,59;735558800;91,18;SAT;NEGATIF;SAT;NEGATIF;AZALIYOR;SAT;AL;NOTR;1;06.10.2026
ATEKS;izle;;30,4;2,2;18,1;10,0;6;0;zayif;28,5;45,7;66,0;asagi;zayif;zayif;asagi;1,36;-1,89;3;86,35;-3,09;1262178;93,89;AL;NEGATIF;SAT;POZITIF;AZALIYOR;AL;AL;NOTR;4;06.10.2026
KRVGD;izle;;30,2;1,8;23,0;5,5;0;0;zayif;25,4;45,3;50,3;asagi;guclu;zayif;asagi;1,03;-1,59;1;2,15;-0,46;20671534;2,27;AL;NEGATIF;SAT;POZITIF;AZALIYOR;AL;AL;UCUZ (AL);4;06.10.2026
FONET;izle;;30,1;5,2;16,9;8,0;0;0;zayif;28,4;44,7;48,6;asagi;zayif;zayif;asagi;0,61;-1,48;0;4,28;-0,70;49090329;4,63;AL;NEGATIF;SAT;POZITIF;AZALIYOR;AL;SAT;NOTR;3;06.10.2026
KSTUR;izle;;29,7;10,4;15,3;4,0;0;0;zayif;37,7;44,1;32,8;yukari;zayif;zayif;asagi;0,65;-2,50;2;2000;-4,17;876000;1712,35;AL;NEGATIF;SAT;NEGATIF;AZALIYOR;AL;AL;UCUZ (AL);3;06.10.2026
CIMSA;izle;;29,7;2,0;19,0;8,6;6;0;zayif;27,0;41,3;56,0;asagi;guclu;zayif;asagi;0,58;-2,09;3;41,56;-2,12;172171277;45,82;AL;NEGATIF;SAT;NEGATIF;AZALIYOR;SAT;AL;NOTR;2;06.10.2026
ULUUN;izle;;29,5;2,4;9,0;18,0;0;0;zayif;41,1;41,8;45,1;asagi;zayif;zayif;asagi;3,08;-2,63;2;6,64;9,93;166195110;6,92;SAT;NEGATIF;SAT;NEGATIF;ARTIYOR;AL;AL;NOTR;2;06.10.2026
POLHO;izle;;29,5;5,4;10,3;13,7;10;1;zayif;32,0;40,7;39,2;asagi;zayif;zayif;asagi;1,04;-1,88;2;18,51;1,82;38329231;21,16;SAT;NEGATIF;SAT;POZITIF;ARTIYOR;AL;AL;NOTR;3;06.10.2026
HDFGS;izle;;29,3;2,4;8,9;18,0;22;2;zayif;49,4;27,9;58,5;asagi;zayif;zayif;asagi;1,33;-6,54;0;1,1;10,00;94502722;1,21;AL;NEGATIF;SAT;NEGATIF;AZALIYOR;AL;AL;UCUZ (AL);3;06.10.2026
LIDFA;izle;;29,2;1,5;19,4;8,3;0;0;zayif;23,1;44,7;79,6;asagi;guclu;zayif;asagi;0,72;-1,48;2;1,57;0,64;21075686;1,70;AL;NEGATIF;SAT;NEGATIF;ARTIYOR;AL;AL;NOTR;3;06.10.2026
ASTOR;izle;;29,2;5,4;5,8;18,0;0;0;zayif;37,7;31,0;61,6;asagi;zayif;zayif;asagi;1,55;-4,04;0;194,6;-1,72;12146103588;243,65;SAT;NEGATIF;SAT;NEGATIF;AZALIYOR;AL;AL;NOTR;2;06.10.2026
KOCMT;izle;;29,2;3,7;12,8;12,6;0;0;zayif;17,3;41,1;81,5;asagi;zayif;zayif;asagi;0,98;-2,48;2;2,87;0,35;225277361;3,54;AL;NEGATIF;NOTR;POZITIF;AZALIYOR;AL;AL;NOTR;4;06.10.2026
SKYMD;izle;;29,1;12,0;7,0;10,0;0;0;zayif;26,9;38,9;50,2;asagi;zayif;zayif;asagi;2,04;-1,53;2;13,5;-10,00;169364183;18,77;SAT;NEGATIF;SAT;NEGATIF;ARTIYOR;SAT;SAT;NOTR;0;06.10.2026
TURGG;izle;;29,1;1,0;19,2;8,9;10;1;zayif;19,2;46,2;48,5;asagi;guclu;zayif;asagi;0,75;-1,00;2;25,16;4,40;12333935;28,79;SAT;NEGATIF;NOTR;POZITIF;AZALIYOR;AL;AL;NOTR;3;06.10.2026
TKNSA;izle;;29,0;2,4;14,6;12,0;6;0;zayif;33,0;42,7;39,5;asagi;zayif;zayif;asagi;1,18;-2,33;3;14,34;6,22;49276528;15,25;AL;NEGATIF;SAT;NEGATIF;ARTIYOR;AL;AL;UCUZ (AL);3;06.10.2026
VKING;izle;;29,0;2,4;8,6;18,0;10;0;zayif;48,9;40,3;44,9;asagi;zayif;zayif;asagi;3,82;-2,73;5;16,48;9,87;27479939;18,08;SAT;NEGATIF;SAT;NEGATIF;ARTIYOR;AL;AL;UCUZ (AL);2;06.10.2026
AGHOL;izle;;29,0;6,1;17,4;5,4;6;0;zayif;17,3;42,6;68,3;asagi;guclu;zayif;asagi;0,75;-1,02;3;32;-0,62;105535104;35,60;SAT;NEGATIF;NOTR;NEGATIF;AZALIYOR;SAT;AL;NOTR;1;06.10.2026
SRVGY;izle;;28,9;1,9;22,0;4,9;0;0;zayif;26,1;46,2;39,5;asagi;guclu;zayif;asagi;0,53;-1,75;2;2,24;-2,61;17297632;2,35;AL;NEGATIF;SAT;POZITIF;ARTIYOR;AL;AL;UCUZ (AL);4;06.10.2026
DNISI;izle;;28,9;1,6;22,7;4,5;0;0;zayif;16,2;45,9;31,2;asagi;guclu;zayif;asagi;0,31;-1,19;2;4,18;-1,65;4688723;4,45;AL;NEGATIF;NOTR;NEGATIF;AZALIYOR;AL;AL;NOTR;3;06.10.2026
CMENT;izle;;28,9;2,4;22,4;4,0;0;0;zayif;53,9;49,2;40,8;asagi;guclu;zayif;asagi;0,37;-1,57;2;240;-0,83;413760;243,04;AL;NEGATIF;SAT;POZITIF;AZALIYOR;AL;AL;UCUZ (AL);4;06.10.2026
PKENT;izle;;28,8;2,4;10,7;15,7;0;0;zayif;38,5;33,9;29,8;asagi;zayif;zayif;asagi;1,16;-3,97;1;98,85;2,01;14992777;104,22;AL;NEGATIF;SAT;NEGATIF;ARTIYOR;AL;AL;UCUZ (AL);3;06.10.2026
A1CAP;izle;;28,7;2,4;8,3;18,0;0;0;zayif;58,9;25,9;54,2;asagi;zayif;zayif;asagi;2,37;-6,07;1;4,42;4,00;116114408;5,42;AL;NEGATIF;SAT;NEGATIF;ARTIYOR;AL;AL;UCUZ (AL);3;06.10.2026
SOKE;izle;;28,7;2,4;8,2;18,0;10;0;zayif;59,5;25,8;41,2;asagi;zayif;zayif;asagi;3,98;-7,37;4;6,97;7,40;123613466;7,84;AL;NEGATIF;SAT;NEGATIF;ARTIYOR;AL;AL;UCUZ (AL);3;06.10.2026
EPLAS;izle;;28,7;2,0;22,6;4,0;22;2;zayif;17,2;51,8;42,1;asagi;guclu;zayif;asagi;0,66;0,06;1;5,65;4,63;27642246;6,29;SAT;POZITIF;NOTR;POZITIF;AZALIYOR;AL;AL;NOTR;4;06.10.2026
GENTS;izle;;28,6;2,4;8,1;18,0;0;0;zayif;36,0;36,8;46,0;asagi;zayif;zayif;asagi;2,85;-3,44;2;4,29;4,13;59308890;4,65;SAT;NEGATIF;SAT;NEGATIF;ARTIYOR;AL;AL;UCUZ (AL);2;06.10.2026
QNBTR;izle;;28,3;10,4;17,8;0,0;0;0;zayif;59,3;43,6;45,9;yukari;guclu;zayif;asagi;0,52;-4,36;2;167;-1,12;1081158;157,85;AL;NEGATIF;SAT;POZITIF;AZALIYOR;AL;AL;UCUZ (AL);4;06.10.2026
ERSU;izle;;28,1;2,4;13,6;12,0;0;0;zayif;37,8;43,8;29,0;asagi;zayif;zayif;asagi;0,94;-2,41;2;16,27;8,54;11016547;16,34;AL;NEGATIF;SAT;POZITIF;AZALIYOR;AL;AL;NOTR;4;06.10.2026
TATGD;izle;;27,9;4,1;23,5;0,4;6;0;zayif;14,6;45,5;39,6;asagi;guclu;zayif;asagi;0,66;-1,30;3;16,63;-0,60;17486096;17,62;AL;NEGATIF;NOTR;NEGATIF;AZALIYOR;AL;AL;NOTR;3;06.10.2026
BASGZ;izle;;27,9;1,5;14,6;11,8;10;0;zayif;23,1;40,7;33,0;asagi;guclu;zayif;asagi;1,93;-1,93;4;40,4;-0,39;28974436;43,21;SAT;NEGATIF;SAT;NEGATIF;AZALIYOR;AL;AL;NOTR;2;06.10.2026
DMRGD;izle;;27,7;10,5;9,2;8,0;40;4;zayif;24,0;42,3;74,5;asagi;zayif;zayif;asagi;0,35;-1,91;0;8,43;9,06;172503958;9,49;SAT;NEGATIF;SAT;NEGATIF;AZALIYOR;AL;AL;NOTR;2;06.10.2026
FMIZP;izle;;27,6;0,2;24,2;3,2;0;0;zayif;13,8;45,8;55,7;asagi;guclu;zayif;asagi;0,45;-0,99;1;271,25;-0,82;10000445;293,40;AL;NEGATIF;NOTR;POZITIF;AZALIYOR;AL;AL;UCUZ (AL);4;06.10.2026
CUSAN;izle;;27,5;2,4;12,7;12,4;0;0;zayif;35,7;40,5;31,6;asagi;zayif;zayif;asagi;1,21;-2,29;2;19,77;2,70;12332902;21,54;AL;NEGATIF;SAT;POZITIF;AZALIYOR;AL;AL;NOTR;4;06.10.2026
KUVVA;izle;;27,4;5,4;4,0;18,0;22;2;zayif;51,6;24,1;20,1;asagi;zayif;zayif;asagi;1,45;-4,99;0;79,25;9,99;19651306;105,68;SAT;NEGATIF;SAT;NEGATIF;AZALIYOR;AL;AL;UCUZ (AL);2;06.10.2026
HUBVC;izle;;27,4;2,4;11,0;14,0;0;0;zayif;48,5;34,9;25,5;asagi;zayif;zayif;asagi;1,88;-3,66;2;1,67;9,87;8700224;1,95;AL;NEGATIF;SAT;NEGATIF;ARTIYOR;AL;AL;UCUZ (AL);3;06.10.2026
ATSYH;izle;;27,2;10,9;12,0;4,3;10;1;zayif;29,2;45,9;34,1;asagi;zayif;zayif;asagi;0,72;-1,72;1;89,95;7,34;2567623;95,55;SAT;NEGATIF;SAT;POZITIF;ARTIYOR;AL;AL;NOTR;3;06.10.2026
PETKM;izle;;27,2;4,9;18,3;4,0;16;1;zayif;14,3;44,2;36,3;asagi;guclu;zayif;asagi;0,51;-0,86;3;19,78;-1,59;1113822224;23,05;SAT;NEGATIF;NOTR;NEGATIF;AZALIYOR;SAT;AL;NOTR;1;06.10.2026
YYAPI;izle;;27,1;10,4;12,7;4,0;10;0;zayif;64,2;40,5;22,7;yukari;zayif;zayif;asagi;0,62;-5,05;4;0,62;5,08;1404238;0,53;AL;NEGATIF;SAT;NEGATIF;ARTIYOR;AL;AL;UCUZ (AL);3;06.10.2026
BLCYT;izle;;27,0;0,6;18,4;8,0;0;0;zayif;16,3;44,1;43,1;asagi;guclu;zayif;asagi;0,49;-1,68;0;1,8;-0,55;26347016;2,05;AL;NEGATIF;NOTR;POZITIF;AZALIYOR;AL;AL;UCUZ (AL);4;06.10.2026
ISCTR;izle;;26,8;1,5;21,4;3,8;6;0;zayif;23,1;48,3;68,1;asagi;guclu;zayif;asagi;0,51;-0,46;3;12,87;0,00;4357890777;13,91;SAT;NEGATIF;SAT;NEGATIF;AZALIYOR;AL;AL;NOTR;2;06.10.2026
GARFA;izle;;26,6;2,4;11,6;12,6;40;4;zayif;35,3;39,5;53,2;asagi;zayif;zayif;asagi;0,98;-2,72;1;23,14;1,40;19387432;25,09;SAT;NEGATIF;SAT;NEGATIF;AZALIYOR;AL;AL;UCUZ (AL);2;06.10.2026
ISGYO;izle;;26,6;7,6;18,2;0,7;6;0;zayif;12,2;41,1;47,1;asagi;guclu;zayif;asagi;0,74;-1,17;3;23,3;-0,68;26227785;25,73;AL;NEGATIF;NOTR;NEGATIF;AZALIYOR;SAT;SAT;NOTR;1;06.10.2026
MTRYO;izle;;26,6;2,4;16,2;8,0;10;0;zayif;29,6;44,6;76,6;asagi;guclu;zayif;asagi;0,44;-1,20;4;8,09;1,12;940891;9,34;SAT;NEGATIF;SAT;NEGATIF;AZALIYOR;AL;AL;UCUZ (AL);2;06.10.2026
KLMSN;izle;;26,4;2,4;6,5;17,5;0;0;zayif;38,9;33,3;37,5;asagi;zayif;zayif;asagi;1,27;-3,66;2;22,3;2,11;16996592;24,70;SAT;NEGATIF;SAT;NEGATIF;AZALIYOR;AL;AL;UCUZ (AL);2;06.10.2026
FROTO;izle;;26,3;1,9;16,2;8,2;10;0;zayif;25,9;42,3;50,3;asagi;guclu;zayif;asagi;0,64;-1,77;4;74,6;0,07;1017281632;81,67;SAT;NEGATIF;SAT;NEGATIF;AZALIYOR;SAT;AL;UCUZ (AL);1;06.10.2026
VAKKO;izle;;26,3;0,0;12,8;13,4;0;0;zayif;10,9;39,4;48,7;asagi;guclu;zayif;asagi;1,22;-1,62;2;60;-3,38;10203480;70,34;SAT;NEGATIF;NOTR;NEGATIF;AZALIYOR;AL;AL;NOTR;2;06.10.2026
PSDTC;izle;;26,2;2,4;6,6;17,2;0;0;zayif;35,5;33,7;64,5;asagi;zayif;zayif;asagi;1,25;-3,19;1;92,5;2,38;49579723;119,52;SAT;NEGATIF;SAT;NEGATIF;AZALIYOR;AL;AL;NOTR;2;06.10.2026
EMNIS;izle;;26,1;9,5;8,6;8,0;0;0;zayif;23,0;40,4;28,5;yukari;zayif;zayif;asagi;0,54;-3,06;2;129,5;-3,36;523310;113,97;SAT;NEGATIF;SAT;NEGATIF;ARTIYOR;AL;AL;NOTR;2;06.10.2026
GUBRF;izle;;26,1;5,4;12,7;8,0;22;2;zayif;32,4;39,3;42,3;asagi;guclu;zayif;asagi;0,63;-1,88;2;410,75;-1,26;817890740;474,77;SAT;NEGATIF;SAT;NEGATIF;AZALIYOR;SAT;SAT;NOTR;0;06.10.2026
AFYON;izle;;26,1;2,4;17,6;6,0;6;0;zayif;32,8;40,1;47,3;asagi;guclu;zayif;asagi;0,69;-2,47;3;11,22;0,90;11037159;11,80;AL;NEGATIF;SAT;NEGATIF;AZALIYOR;AL;AL;UCUZ (AL);3;06.10.2026
SELVA;izle;;25,9;2,4;9,5;14,0;6;0;zayif;39,6;29,9;23,1;asagi;zayif;zayif;asagi;1,38;-5,06;3;1,18;0,85;27082058;1,30;AL;NEGATIF;SAT;NEGATIF;AZALIYOR;AL;AL;UCUZ (AL);3;06.10.2026
BYDNR;izle;;25,9;2,4;9,5;14,0;0;0;zayif;46,0;29,9;28,9;asagi;zayif;zayif;asagi;1,61;-4,67;2;22,22;9,24;24056439;25,93;AL;NEGATIF;SAT;POZITIF;ARTIYOR;AL;AL;UCUZ (AL);4;06.10.2026
AVPGY;izle;;25,8;1,4;21,3;3,1;0;0;zayif;22,3;47,6;40,4;asagi;guclu;zayif;asagi;0,38;-0,51;2;52,4;1,26;15393129;56,21;SAT;NEGATIF;SAT;NEGATIF;AZALIYOR;AL;AL;NOTR;2;06.10.2026
BAKAB;izle;;25,8;2,4;9,4;14,0;0;0;zayif;44,1;29,6;45,3;asagi;zayif;zayif;asagi;1,45;-4,32;2;30,96;-2,82;9270879;36,45;AL;NEGATIF;SAT;NEGATIF;ARTIYOR;AL;AL;NOTR;3;06.10.2026
ETYAT;izle;;25,8;13,3;12,5;0,0;40;4;zayif;28,8;40,0;54,7;yukari;zayif;zayif;asagi;0,58;-2,08;2;9,95;4,41;5666386;7,85;AL;NEGATIF;SAT;POZITIF;AZALIYOR;AL;AL;NOTR;4;06.10.2026
MERIT;izle;;25,6;2,4;9,9;13,3;16;1;zayif;32,7;33,3;22,4;asagi;zayif;zayif;asagi;1,02;-2,86;3;13,88;-1,14;22106690;15,35;SAT;NEGATIF;SAT;NEGATIF;AZALIYOR;AL;AL;UCUZ (AL);2;06.10.2026
SONME;izle;;25,6;1,1;20,6;4,0;6;0;zayif;19,7;46,6;32,1;asagi;guclu;zayif;asagi;0,57;-0,66;3;123,5;2,92;2163967;133,11;SAT;NEGATIF;NOTR;NEGATIF;AZALIYOR;AL;AL;UCUZ (AL);2;06.10.2026
ORMA;izle;;25,5;9,5;15,9;0,0;0;0;zayif;23,3;43,7;42,9;yukari;zayif;zayif;asagi;0,43;-2,61;2;135,9;0,15;468176;126,59;AL;NEGATIF;SAT;POZITIF;AZALIYOR;AL;AL;NOTR;4;06.10.2026
GRSEL;izle;;25,4;1,3;16,0;8,0;0;0;zayif;21,8;43,4;54,4;asagi;zayif;zayif;asagi;0,42;-1,64;0;275;0,18;47700400;296,18;AL;NEGATIF;SAT;NEGATIF;AZALIYOR;AL;SAT;UCUZ (AL);2;06.10.2026
PRDGS;izle;;25,3;2,4;8,8;14,0;0;0;zayif;47,4;27,7;26,3;asagi;zayif;zayif;asagi;1,33;-5,17;0;4,12;3,26;25102262;4,91;AL;NEGATIF;SAT;NEGATIF;AZALIYOR;AL;AL;UCUZ (AL);3;06.10.2026
OBAMS;izle;;25,3;1,3;15,9;8,0;0;0;zayif;21,8;40,8;47,6;asagi;zayif;zayif;asagi;0,55;-2,49;0;4,46;-4,29;58675359;4,97;AL;NEGATIF;SAT;POZITIF;AZALIYOR;AL;AL;UCUZ (AL);4;06.10.2026
VBTYZ;izle;;25,2;5,4;5,8;14,0;46;4;zayif;38,0;30,9;38,3;asagi;zayif;zayif;asagi;1,85;-3,26;3;24,2;0,41;70943534;30,01;SAT;NEGATIF;SAT;NEGATIF;AZALIYOR;AL;AL;NOTR;2;06.10.2026
AKFGY;izle;;25,2;0,1;24,4;0,7;10;1;zayif;12,5;47,2;36,2;asagi;guclu;zayif;asagi;0,40;-0,88;2;2,51;-2,71;34410692;2,72;AL;NEGATIF;NOTR;NEGATIF;AZALIYOR;AL;AL;NOTR;3;06.10.2026
GOLTS;izle;;25,1;2,4;14,7;8,0;0;0;zayif;29,5;37,2;52,8;asagi;zayif;zayif;asagi;0,42;-3,24;0;257,5;-1,25;13724235;281,36;AL;NEGATIF;SAT;NEGATIF;AZALIYOR;AL;AL;UCUZ (AL);3;06.10.2026
KORDS;izle;;25,0;5,4;11,6;8,0;6;0;zayif;35,1;36,9;30,8;asagi;zayif;zayif;asagi;0,33;-3,01;3;3;-2,60;33641511;3,41;AL;NEGATIF;SAT;NEGATIF;AZALIYOR;AL;AL;NOTR;3;06.10.2026
KAPLM;izle;;24,4;2,4;4,0;18,0;0;0;zayif;67,9;20,0;45,1;asagi;zayif;zayif;asagi;2,09;-8,37;0;138,5;2,59;115827135;195,72;SAT;NEGATIF;SAT;NEGATIF;AZALIYOR;AL;AL;UCUZ (AL);2;06.10.2026
KLRHO;izle;;24,4;2,4;4,0;18,0;0;0;zayif;59,0;24,1;32,3;asagi;zayif;zayif;asagi;2,92;-9,41;0;13,62;9,93;468899159;15,51;SAT;NEGATIF;SAT;NEGATIF;AZALIYOR;AL;AL;UCUZ (AL);2;06.10.2026
SKYLP;izle;;24,4;2,4;4,0;18,0;0;0;zayif;60,7;20,6;50,8;asagi;zayif;zayif;asagi;2,28;-8,88;0;59,25;9,93;18137136;81,95;SAT;NEGATIF;SAT;NEGATIF;AZALIYOR;AL;AL;UCUZ (AL);2;06.10.2026
TDGYO;izle;;24,4;2,4;4,0;18,0;0;0;zayif;34,1;22,2;44,7;asagi;zayif;zayif;asagi;1,45;-5,72;1;6,81;-3,81;26724728;10,30;SAT;NEGATIF;SAT;NEGATIF;AZALIYOR;SAT;AL;UCUZ (AL);1;06.10.2026
CLEBI;izle;;24,2;2,4;14,4;7,3;6;0;zayif;30,0;39,8;51,0;asagi;guclu;zayif;asagi;0,73;-2,63;3;1351;-1,31;22195579;1456,46;SAT;NEGATIF;SAT;NEGATIF;AZALIYOR;AL;AL;UCUZ (AL);2;06.10.2026
BIGCH;izle;;24,2;2,4;10,5;11,2;6;0;zayif;41,7;33,4;33,2;asagi;zayif;zayif;asagi;0,89;-4,45;3;3,87;2,93;22749954;4,26;AL;NEGATIF;SAT;NEGATIF;AZALIYOR;AL;AL;UCUZ (AL);3;06.10.2026
BRISA;izle;;24,0;1,4;20,5;2,1;0;0;zayif;22,1;44,8;63,7;asagi;guclu;zayif;asagi;0,45;-1,69;2;72,1;-0,96;6025325;77,10;AL;NEGATIF;SAT;NEGATIF;AZALIYOR;AL;AL;UCUZ (AL);3;06.10.2026
A1YEN;izle;;23,9;2,4;11,5;10,0;0;0;zayif;39,4;36,6;43,6;asagi;zayif;zayif;asagi;1,54;-3,91;2;1,76;2,92;49372678;1,97;AL;NEGATIF;SAT;NEGATIF;AZALIYOR;AL;AL;UCUZ (AL);3;06.10.2026
KLYPV;izle;;23,9;1,9;13,9;8,0;0;0;zayif;26,2;41,1;31,9;asagi;guclu;zayif;asagi;0,28;-1,37;2;54,2;-0,09;36832911;61,19;SAT;NEGATIF;SAT;NEGATIF;AZALIYOR;AL;AL;NOTR;2;06.10.2026
ARMGD;izle;;23,8;5,4;8,6;9,8;0;0;zayif;34,1;40,4;38,4;asagi;zayif;zayif;asagi;1,29;-2,52;1;127,3;9,93;398716967;155,09;SAT;NEGATIF;SAT;NEGATIF;AZALIYOR;AL;AL;NOTR;2;06.10.2026
BNTAS;izle;;23,7;2,4;17,2;4,1;0;0;zayif;32,7;42,4;41,2;asagi;guclu;zayif;asagi;0,26;-1,94;0;5,52;-0,54;4227790;5,89;AL;NEGATIF;SAT;POZITIF;AZALIYOR;AL;SAT;UCUZ (AL);3;06.10.2026
KRSTL;izle;;22,9;2,4;10,5;10,0;6;0;zayif;47,4;33,3;48,7;asagi;zayif;zayif;asagi;1,55;-3,83;3;7,61;-1,93;47851026;8,61;AL;NEGATIF;SAT;NEGATIF;ARTIYOR;AL;SAT;UCUZ (AL);2;06.10.2026
ONCSM;izle;;22,8;2,4;10,3;10,0;0;0;zayif;52,5;32,7;41,2;asagi;zayif;zayif;asagi;1,34;-5,88;2;99,7;4,23;206188473;111,98;AL;NEGATIF;SAT;POZITIF;AZALIYOR;AL;AL;UCUZ (AL);4;06.10.2026
MEDTR;izle;;22,7;2,4;10,3;10,0;0;0;zayif;45,6;32,6;33,2;asagi;zayif;zayif;asagi;1,06;-3,94;2;19,16;1,54;6216385;20,53;AL;NEGATIF;SAT;NEGATIF;ARTIYOR;AL;AL;UCUZ (AL);3;06.10.2026
GLRYH;izle;;22,5;2,4;6,1;14,0;0;0;zayif;44,3;31,8;25,6;asagi;zayif;zayif;asagi;1,48;-4,44;2;1,89;4,42;31065777;2,18;SAT;NEGATIF;SAT;NEGATIF;AZALIYOR;AL;AL;UCUZ (AL);2;06.10.2026
SNGYO;izle;;22,3;1,2;17,1;4,0;0;0;zayif;21,0;42,1;42,4;asagi;guclu;zayif;asagi;0,38;-2,03;1;2,81;-0,35;33482934;3,07;AL;NEGATIF;SAT;NEGATIF;AZALIYOR;AL;AL;UCUZ (AL);3;06.10.2026
EGEEN;izle;;22,2;0,6;13,7;8,0;0;0;zayif;16,1;43,1;49,7;asagi;guclu;zayif;asagi;0,42;-1,23;2;4962,5;-2,12;95200600;6070,94;SAT;NEGATIF;NOTR;NEGATIF;AZALIYOR;SAT;AL;UCUZ (AL);1;06.10.2026
BMSCH;izle;;22,0;1,2;12,8;8,0;0;0;zayif;21,0;41,0;24,6;asagi;zayif;zayif;asagi;0,31;-3,09;2;9,06;-3,41;8518511;10,29;AL;NEGATIF;SAT;POZITIF;AZALIYOR;AL;AL;UCUZ (AL);4;06.10.2026
ISBIR;izle;;22,0;10,4;11,6;0,0;0;0;zayif;32,8;41,9;28,7;yukari;zayif;zayif;asagi;0,56;-2,76;2;61,25;0,33;699598;55,26;SAT;NEGATIF;SAT;NEGATIF;ARTIYOR;AL;AL;UCUZ (AL);2;06.10.2026
PGSUS;izle;;22,0;1,6;14,4;6,0;10;0;zayif;23,4;39,9;58,8;asagi;guclu;zayif;asagi;0,73;-2,48;4;140,2;-1,89;961582309;154,26;SAT;NEGATIF;SAT;NEGATIF;AZALIYOR;AL;AL;UCUZ (AL);2;06.10.2026
KRDMA;izle;;22,0;10,2;8,1;3,7;10;1;zayif;25,5;38,6;40,7;asagi;zayif;zayif;asagi;0,92;-1,73;2;40,6;-4,52;311245406;48,19;SAT;NEGATIF;SAT;NEGATIF;AZALIYOR;AL;AL;NOTR;2;06.10.2026
MOBTL;izle;;21,9;5,4;12,5;4,0;0;0;zayif;38,1;40,0;54,7;asagi;zayif;zayif;asagi;0,51;-2,54;1;10,31;2,49;19083944;11,94;AL;NEGATIF;SAT;POZITIF;AZALIYOR;AL;AL;NOTR;4;06.10.2026
BAGFS;izle;;21,9;2,4;11,5;8,0;10;1;zayif;30,4;38,5;31,2;asagi;zayif;zayif;asagi;0,24;-2,27;1;22,58;-0,96;4191345;24,86;SAT;NEGATIF;SAT;NEGATIF;AZALIYOR;AL;AL;NOTR;2;06.10.2026
YAPRK;izle;;21,9;2,1;15,7;4,0;6;0;zayif;17,5;42,9;32,7;asagi;zayif;zayif;asagi;0,30;-1,83;3;9,23;-0,86;11197974;10,09;AL;NEGATIF;NOTR;NEGATIF;AZALIYOR;AL;AL;NOTR;3;06.10.2026
CANTE;izle;;21,8;2,4;11,3;8,0;0;0;zayif;37,7;40,8;29,7;asagi;zayif;zayif;asagi;0,41;-1,92;1;1,08;0,00;195847025;1,23;SAT;NEGATIF;SAT;NEGATIF;AZALIYOR;AL;AL;UCUZ (AL);2;06.10.2026
YESIL;izle;;21,7;2,4;11,2;8,0;0;0;zayif;40,7;35,7;29,6;asagi;zayif;zayif;asagi;0,39;-3,90;1;0,9;1,12;6284591;0,95;AL;NEGATIF;SAT;NEGATIF;AZALIYOR;AL;AL;UCUZ (AL);3;06.10.2026
ULUFA;izle;;21,7;2,4;15,2;4,0;6;0;zayif;34,1;37,1;31,5;asagi;guclu;zayif;asagi;0,47;-2,49;3;1,46;0,00;13488490;1,59;AL;NEGATIF;SAT;NEGATIF;AZALIYOR;AL;AL;UCUZ (AL);3;06.10.2026
TLMAN;izle;;21,6;1,9;5,6;14,0;10;0;zayif;26,2;30,4;39,7;asagi;zayif;zayif;asagi;1,42;-3,49;4;63,8;0,47;12434556;70,16;SAT;NEGATIF;SAT;NEGATIF;ARTIYOR;AL;AL;UCUZ (AL);2;06.10.2026
PKART;izle;;21,4;5,4;12,0;4,0;0;0;zayif;34,7;38,3;34,7;asagi;zayif;zayif;asagi;0,63;-2,79;2;91;-2,15;20563452;97,86;AL;NEGATIF;SAT;NEGATIF;AZALIYOR;AL;AL;NOTR;3;06.10.2026
AKSEN;izle;;21,4;5,4;15,8;0,2;0;0;zayif;29,3;42,7;52,7;asagi;zayif;zayif;asagi;0,71;-1,73;1;71,45;-1,92;423710861;77,56;AL;NEGATIF;SAT;POZITIF;AZALIYOR;AL;SAT;NOTR;3;06.10.2026
DZGYO;izle;;21,4;1,1;15,9;4,4;0;0;zayif;20,0;43,3;27,3;asagi;guclu;zayif;asagi;0,25;-1,66;1;6,7;0,00;4866451;7,34;SAT;NEGATIF;SAT;NEGATIF;AZALIYOR;AL;AL;NOTR;2;06.10.2026
ECZYT;izle;;21,4;2,4;10,9;8,0;0;0;zayif;38,4;34,8;62,1;asagi;zayif;zayif;asagi;0,40;-3,83;1;229,3;-2,43;53717423;260,96;AL;NEGATIF;SAT;NEGATIF;AZALIYOR;AL;AL;NOTR;3;06.10.2026
ISBTR;izle;;21,3;5,4;7,8;8,0;6;0;zayif;34,4;33,0;24,8;asagi;zayif;zayif;asagi;0,49;-4,73;3;425000;0,00;850000;437401,99;SAT;NEGATIF;SAT;NEGATIF;AZALIYOR;AL;AL;NOTR;2;05.10.2026
MTRKS;izle;;21,3;5,4;11,8;4,0;0;0;zayif;37,1;37,7;31,0;asagi;zayif;zayif;asagi;0,60;-2,53;2;22,7;3,65;14211153;25,27;AL;NEGATIF;SAT;NEGATIF;AZALIYOR;AL;AL;NOTR;3;06.10.2026
ULKER;izle;;21,2;1,8;16,6;2,8;0;0;zayif;25,6;43,6;53,4;asagi;guclu;zayif;asagi;0,59;-2,04;2;85,75;-1,10;238743092;93,03;SAT;NEGATIF;SAT;NEGATIF;AZALIYOR;AL;AL;UCUZ (AL);2;06.10.2026
KGYO;izle;;20,9;5,0;8,0;8,0;0;0;zayif;26,6;38,2;54,2;asagi;zayif;zayif;asagi;0,63;-2,06;0;8,86;0,80;87798923;10,43;SAT;NEGATIF;SAT;NEGATIF;AZALIYOR;AL;SAT;NOTR;1;06.10.2026
TUKAS;izle;;20,9;1,4;15,9;3,5;16;1;zayif;22,3;43,8;56,3;asagi;guclu;zayif;asagi;0,91;-0,90;3;1,96;1,03;252338262;2,31;SAT;NEGATIF;SAT;NEGATIF;ARTIYOR;SAT;AL;UCUZ (AL);1;06.10.2026
AKSUE;izle;;20,8;2,4;9,8;8,5;0;0;zayif;57,8;31,1;25,6;asagi;zayif;zayif;asagi;0,97;-6,10;2;16,93;7,15;47352601;20,79;AL;NEGATIF;SAT;NEGATIF;AZALIYOR;AL;AL;UCUZ (AL);3;06.10.2026
TRALT;izle;;20,8;5,0;8,3;7,6;10;0;zayif;26,4;34,9;45,8;asagi;zayif;zayif;asagi;1,15;-2,43;5;43,32;-1,28;4885530181;50,20;SAT;NEGATIF;SAT;NEGATIF;AZALIYOR;SAT;AL;NOTR;1;06.10.2026
SEKUR;izle;;20,8;2,4;4,3;14,0;0;0;zayif;48,7;26,1;71,1;asagi;zayif;zayif;asagi;1,47;-6,29;1;4,02;9,84;14319115;4,90;SAT;NEGATIF;SAT;NEGATIF;AZALIYOR;AL;AL;NOTR;2;06.10.2026
INFO;izle;;20,6;2,4;10,2;8,0;0;0;zayif;45,0;32,3;72,0;asagi;zayif;zayif;asagi;0,05;-6,00;0;1,15;9,52;2697356;1,30;AL;NEGATIF;SAT;NEGATIF;AZALIYOR;AL;AL;NOTR;3;06.10.2026
HOROZ;izle;;20,6;2,2;6,7;11,6;6;0;zayif;28,4;34,1;44,3;asagi;zayif;zayif;asagi;0,92;-3,37;3;44,08;-2,04;41519834;51,18;SAT;NEGATIF;SAT;NEGATIF;AZALIYOR;AL;AL;UCUZ (AL);2;06.10.2026
GEREL;izle;;20,5;5,4;5,1;10,0;0;0;zayif;35,8;28,6;30,4;asagi;zayif;zayif;asagi;1,46;-5,21;1;19,69;10,00;218110698;24,90;SAT;NEGATIF;SAT;NEGATIF;AZALIYOR;AL;AL;NOTR;2;06.10.2026
NTHOL;izle;;20,5;1,8;14,7;4,0;6;0;zayif;25,2;39,4;46,7;asagi;zayif;zayif;asagi;0,94;-2,14;3;37,28;-0,27;85009584;42,11;AL;NEGATIF;SAT;NEGATIF;AZALIYOR;AL;AL;UCUZ (AL);3;06.10.2026
LIDER;izle;;20,4;2,4;8,0;10,0;0;0;zayif;63,5;17,3;32,3;asagi;zayif;zayif;asagi;1,84;-13,75;1;8,27;6,85;253852455;12,44;AL;NEGATIF;SAT;NEGATIF;AZALIYOR;AL;AL;UCUZ (AL);3;06.10.2026
GZNMI;izle;;20,4;2,4;4,0;14,0;10;0;zayif;48,0;21,4;28,5;asagi;zayif;zayif;asagi;1,32;-5,68;4;30,5;-1,23;48409448;38,04;SAT;NEGATIF;SAT;NEGATIF;ARTIYOR;AL;AL;NOTR;2;06.10.2026
USAK;izle;;20,4;2,4;4,0;14,0;0;0;zayif;54,4;10,6;4,3;asagi;zayif;zayif;asagi;1,44;-10,33;0;0,45;9,76;46618566;0,58;SAT;NEGATIF;SAT;NEGATIF;ARTIYOR;AL;AL;UCUZ (AL);2;06.10.2026
KOTON;izle;;20,4;2,4;4,0;14,0;6;0;zayif;48,6;24,5;29,8;asagi;zayif;zayif;asagi;1,35;-5,77;3;9,93;-2,07;22586421;11,03;SAT;NEGATIF;SAT;NEGATIF;AZALIYOR;AL;AL;UCUZ (AL);2;06.10.2026
TSKB;izle;;20,4;2,4;12,5;5,5;10;1;zayif;35,4;38,3;41,2;asagi;guclu;zayif;asagi;0,71;-2,61;2;9,97;-0,80;163096508;10,87;SAT;NEGATIF;SAT;NEGATIF;AZALIYOR;AL;AL;UCUZ (AL);2;06.10.2026
GRNYO;izle;;20,4;2,4;13,9;4,0;0;0;zayif;37,3;44,7;39,0;asagi;zayif;zayif;asagi;0,37;-3,09;2;9,22;9,89;2237178;9,34;AL;NEGATIF;SAT;POZITIF;ARTIYOR;AL;AL;UCUZ (AL);4;06.10.2026
BURVA;izle;;20,3;2,4;13,9;4,0;0;0;zayif;33,9;44,6;61,6;asagi;zayif;zayif;asagi;0,42;-2,52;0;488,25;9,97;7953104;524,89;AL;NEGATIF;SAT;POZITIF;AZALIYOR;AL;AL;NOTR;4;06.10.2026
BJKAS;izle;;20,3;4,6;7,7;8,0;0;0;zayif;24,1;37,3;53,6;asagi;zayif;zayif;asagi;0,28;-2,40;2;1,57;-0,63;128879662;2,01;SAT;NEGATIF;SAT;NEGATIF;AZALIYOR;SAT;AL;NOTR;1;06.10.2026
ALTIN;izle;;20,3;0,2;15,4;4,8;6;0;zayif;13,1;39,6;46,7;asagi;guclu;zayif;asagi;0,64;-1,78;3;71,41;0,01;662670804;74,31;SAT;NEGATIF;NOTR;NEGATIF;AZALIYOR;SAT;AL;NOTR;1;06.10.2026
SARKY;izle;;20,3;1,7;14,6;4,0;0;0;zayif;24,3;40,9;49,1;asagi;zayif;zayif;asagi;0,34;-2,51;2;21;-0,94;29387673;22,93;AL;NEGATIF;SAT;NEGATIF;AZALIYOR;AL;AL;UCUZ (AL);3;06.10.2026
DESA;izle;;20,2;2,0;17,6;0,6;6;0;zayif;26,9;40,9;44,0;asagi;guclu;zayif;asagi;0,69;-1,89;3;8,77;-1,90;11297479;9,82;AL;NEGATIF;SAT;NEGATIF;AZALIYOR;AL;SAT;UCUZ (AL);2;06.10.2026
PNSUT;izle;;20,1;2,4;17,7;0,0;28;2;zayif;18,1;44,7;37,7;asagi;guclu;zayif;asagi;0,70;-1,14;3;10,31;-0,87;21387394;11,76;SAT;NEGATIF;NOTR;NEGATIF;ARTIYOR;AL;AL;NOTR;2;06.10.2026
KZGYO;izle;;20,1;2,4;9,6;8,0;0;0;zayif;30,8;43,8;25,2;asagi;zayif;zayif;asagi;0,50;-1,82;0;17,13;6,93;43521780;18,61;SAT;NEGATIF;SAT;POZITIF;ARTIYOR;AL;AL;UCUZ (AL);3;06.10.2026
EUPWR;izle;;20,0;5,4;6,6;8,0;0;0;zayif;41,0;33,5;53,5;asagi;zayif;zayif;asagi;0,42;-3,58;2;51,3;-3,21;491066582;69,96;SAT;NEGATIF;SAT;NEGATIF;AZALIYOR;AL;AL;NOTR;2;06.10.2026
GSDHO;izle;;20,0;2,0;14,0;4,0;6;0;zayif;26,9;37,4;56,6;asagi;zayif;zayif;asagi;0,41;-2,70;3;4,05;-0,49;22924053;4,61;AL;NEGATIF;SAT;NEGATIF;AZALIYOR;AL;AL;NOTR;3;06.10.2026
MGROS;izle;;20,0;2,4;17,5;0,0;0;0;zayif;33,1;41,4;52,9;asagi;guclu;zayif;asagi;0,46;-2,59;2;511;-1,26;798554519;553,46;AL;NEGATIF;SAT;NEGATIF;AZALIYOR;SAT;AL;UCUZ (AL);2;06.10.2026
OZGYO;izle;;20,0;2,4;13,5;4,0;0;0;zayif;35,2;40,7;22,7;asagi;zayif;zayif;asagi;0,67;-2,55;2;1,71;1,79;12806352;1,81;AL;NEGATIF;SAT;NEGATIF;AZALIYOR;AL;AL;NOTR;3;06.10.2026
PASEU;izle;;19,9;2,4;9,5;8,0;0;0;zayif;47,6;30,0;87,5;asagi;zayif;zayif;asagi;0,25;-7,50;0;41,4;9,99;67184044;50,70;AL;NEGATIF;SAT;NEGATIF;AZALIYOR;AL;AL;UCUZ (AL);3;06.10.2026
YATAS;izle;;19,9;2,4;13,5;4,0;6;0;zayif;44,9;37,1;42,2;asagi;zayif;zayif;asagi;0,46;-3,92;3;26,7;0,53;10947988;28,92;AL;NEGATIF;SAT;NEGATIF;AZALIYOR;AL;AL;UCUZ (AL);3;06.10.2026
AKSA;izle;;19,8;4,8;12,4;2,6;10;0;zayif;25,5;41,4;39,3;asagi;guclu;zayif;asagi;0,86;-2,07;4;10,37;-1,80;124231169;11,40;SAT;NEGATIF;SAT;NEGATIF;AZALIYOR;AL;AL;NOTR;2;06.10.2026
SODSN;izle;;19,8;2,4;13,4;4,0;0;0;zayif;53,5;39,5;39,4;asagi;zayif;zayif;asagi;0,63;-4,00;0;6,25;1,63;332063;6,58;AL;NEGATIF;SAT;POZITIF;ARTIYOR;AL;AL;UCUZ (AL);4;06.10.2026
PETUN;izle;;19,8;1,3;12,5;6,0;42;3;zayif;21,7;38,6;57,4;asagi;guclu;zayif;asagi;1,06;-2,01;4;10,09;-0,98;18870923;11,36;SAT;NEGATIF;SAT;NEGATIF;ARTIYOR;AL;AL;NOTR;2;06.10.2026
MEGMT;izle;;19,7;2,4;13,3;4,0;0;0;zayif;41,3;42,6;48,0;asagi;zayif;zayif;asagi;0,56;-3,51;2;3,94;-1,01;135339575;4,28;AL;NEGATIF;SAT;POZITIF;AZALIYOR;AL;AL;UCUZ (AL);4;06.10.2026
ESCOM;izle;;19,7;5,4;13,2;1,1;0;0;zayif;29,8;41,6;37,1;asagi;zayif;zayif;asagi;0,77;-2,27;2;4,49;-1,97;53569023;4,88;AL;NEGATIF;SAT;NEGATIF;AZALIYOR;AL;AL;NOTR;3;06.10.2026
GEDIK;izle;;19,6;1,9;13,7;4,0;0;0;zayif;26,2;40,4;58,8;asagi;zayif;zayif;asagi;0,52;-2,56;2;5,07;1,40;23143764;5,57;AL;NEGATIF;SAT;NEGATIF;AZALIYOR;AL;AL;NOTR;3;06.10.2026
TTRAK;izle;;19,6;2,4;13,3;3,9;0;0;zayif;29,6;38,4;29,1;asagi;guclu;zayif;asagi;0,49;-1,96;0;399,25;-1,42;19217899;432,87;SAT;NEGATIF;SAT;NEGATIF;AZALIYOR;SAT;SAT;UCUZ (AL);0;06.10.2026
CEMTS;izle;;19,5;2,4;17,0;0,1;6;0;zayif;36,7;39,8;39,6;asagi;guclu;zayif;asagi;0,52;-2,44;3;7,84;-1,63;7134682;8,58;AL;NEGATIF;SAT;NEGATIF;AZALIYOR;AL;AL;UCUZ (AL);3;06.10.2026
SELEC;izle;;19,4;5,4;4,0;10,0;0;0;zayif;55,4;17,2;-0,0;asagi;zayif;zayif;asagi;3,12;-8,20;0;74,3;-6,60;677058304;125,24;SAT;NEGATIF;SAT;NEGATIF;AZALIYOR;SAT;AL;NOTR;1;06.10.2026
KTLEV;izle;;19,4;5,4;4,0;10,0;0;0;zayif;55,3;18,1;38,1;asagi;zayif;zayif;asagi;2,37;-9,37;1;7,35;-9,93;2140552025;14,49;SAT;NEGATIF;SAT;NEGATIF;AZALIYOR;AL;SAT;NOTR;1;06.10.2026
SUNTK;izle;;19,3;2,4;10,6;6,3;6;0;zayif;38,6;33,7;24,7;asagi;zayif;zayif;asagi;0,84;-3,18;3;25,54;2,00;11792993;30,73;AL;NEGATIF;SAT;NEGATIF;AZALIYOR;AL;AL;UCUZ (AL);3;06.10.2026
VKGYO;izle;;19,1;2,4;8,7;8,0;0;0;zayif;42,8;33,2;37,3;asagi;zayif;zayif;asagi;0,65;-3,69;2;1,65;-1,20;27993992;1,80;SAT;NEGATIF;SAT;NEGATIF;AZALIYOR;AL;AL;UCUZ (AL);2;06.10.2026
IZMDC;izle;;19,1;5,4;9,7;4,0;6;0;zayif;40,9;30,6;32,6;asagi;zayif;zayif;asagi;0,60;-4,67;3;6,67;-3,33;40947584;8,31;AL;NEGATIF;SAT;NEGATIF;AZALIYOR;AL;AL;NOTR;3;06.10.2026
ANHYT;izle;;19,1;1,4;16,8;0,9;6;0;zayif;22,3;43,8;43,7;asagi;guclu;zayif;asagi;0,47;-1,16;3;100;-1,77;52978700;107,49;SAT;NEGATIF;SAT;NEGATIF;AZALIYOR;AL;AL;NOTR;2;06.10.2026
MHRGY;izle;;19,0;2,4;12,6;4,0;32;2;zayif;31,4;39,1;27,0;asagi;zayif;zayif;asagi;0,47;-2,86;4;1,82;1,11;6073757;2,01;AL;NEGATIF;SAT;NEGATIF;AZALIYOR;AL;AL;UCUZ (AL);3;06.10.2026
BEYAZ;izle;;18,9;1,9;6,8;10,2;0;0;zayif;25,9;34,3;39,0;asagi;zayif;zayif;asagi;1,07;-3,76;2;17,34;1,64;20165328;19,46;SAT;NEGATIF;SAT;NEGATIF;AZALIYOR;AL;AL;UCUZ (AL);2;06.10.2026
DOFER;izle;;18,8;2,4;11,0;5,3;0;0;zayif;42,6;35,1;29,4;asagi;zayif;zayif;asagi;0,78;-3,85;2;22,5;0,63;7632068;23,99;AL;NEGATIF;SAT;NEGATIF;AZALIYOR;AL;AL;UCUZ (AL);3;06.10.2026
ECILC;izle;;18,8;1,1;17,7;0,0;0;0;zayif;19,9;44,3;56,7;asagi;guclu;zayif;asagi;0,34;-1,74;0;63,55;-2,00;132171354;69,49;AL;NEGATIF;NOTR;POZITIF;AZALIYOR;AL;SAT;UCUZ (AL);3;06.10.2026
ENSRI;izle;;18,8;2,4;8,0;8,3;6;0;zayif;38,0;23,8;30,8;asagi;zayif;zayif;asagi;0,96;-8,28;3;2,96;-1,33;32300171;3,53;AL;NEGATIF;SAT;NEGATIF;AZALIYOR;AL;AL;UCUZ (AL);3;06.10.2026
IZENR;izle;;18,7;2,4;8,2;8,0;0;0;zayif;53,2;25,7;21,5;asagi;zayif;zayif;asagi;0,30;-6,78;0;3,91;-0,76;32875370;4,64;AL;NEGATIF;SAT;NEGATIF;AZALIYOR;AL;AL;UCUZ (AL);3;06.10.2026
PINSU;izle;;18,6;0,9;9,7;8,0;0;0;zayif;18,4;35,4;63,1;asagi;zayif;zayif;asagi;0,36;-2,77;1;8,86;-0,11;8709788;9,96;SAT;NEGATIF;NOTR;NEGATIF;AZALIYOR;AL;AL;UCUZ (AL);2;06.10.2026
BUCIM;izle;;18,6;1,2;15,5;1,9;6;0;zayif;21,1;40,4;37,5;asagi;guclu;zayif;asagi;0,34;-1,87;3;5,02;-0,59;6361655;5,46;SAT;NEGATIF;SAT;NEGATIF;AZALIYOR;AL;AL;UCUZ (AL);2;06.10.2026
BRMEN;izle;;18,5;2,4;12,1;4,0;0;0;zayif;54,7;38,6;12,3;asagi;zayif;zayif;asagi;0,39;-4,69;2;8,22;6,48;1716048;9,17;AL;NEGATIF;SAT;POZITIF;AZALIYOR;AL;AL;NOTR;4;06.10.2026
KTSKR;izle;;18,5;2,4;12,1;4,0;0;0;zayif;38,3;38,6;35,5;asagi;zayif;zayif;asagi;0,58;-3,63;1;63,9;-1,16;11347873;67,79;AL;NEGATIF;SAT;POZITIF;AZALIYOR;AL;AL;NOTR;4;06.10.2026
PAPIL;izle;;18,5;2,4;5,9;10,1;6;0;zayif;37,4;31,4;28,4;asagi;zayif;zayif;asagi;1,07;-4,22;3;8,15;2,26;51703307;9,41;SAT;NEGATIF;SAT;NEGATIF;AZALIYOR;AL;AL;UCUZ (AL);2;06.10.2026
GLRMK;izle;;18,5;2,3;8,2;8,0;0;0;zayif;28,9;38,9;38,2;asagi;zayif;zayif;asagi;0,44;-2,30;2;137,3;-1,93;342892059;162,11;SAT;NEGATIF;SAT;NEGATIF;AZALIYOR;AL;AL;UCUZ (AL);2;06.10.2026
GUNDG;izle;;18,4;2,4;8,0;8,0;0;0;zayif;47,7;16,5;-0,0;asagi;zayif;zayif;asagi;0,02;-10,58;0;151,7;-9,97;131979;325,38;AL;NEGATIF;SAT;NEGATIF;AZALIYOR;AL;SAT;NOTR;2;06.10.2026
CEMZY;izle;;18,4;5,4;4,0;9,0;0;0;zayif;42,5;18,2;32,7;asagi;zayif;zayif;asagi;0,76;-6,53;2;5,3;-3,46;76730612;8,20;SAT;NEGATIF;SAT;NEGATIF;AZALIYOR;AL;SAT;UCUZ (AL);1;06.10.2026
YONGA;izle;;18,4;2,4;11,9;4,0;0;0;zayif;43,2;38,0;28,6;asagi;zayif;zayif;asagi;0,28;-4,75;1;35,48;1,43;184319;36,16;AL;NEGATIF;SAT;POZITIF;AZALIYOR;AL;AL;UCUZ (AL);4;06.10.2026
KARTN;izle;;18,3;5,4;5,9;7,0;0;0;zayif;38,8;31,2;26,6;asagi;zayif;zayif;asagi;1,12;-4,14;1;91,3;10,00;99173895;115,66;SAT;NEGATIF;SAT;NEGATIF;AZALIYOR;AL;AL;NOTR;2;06.10.2026
PNLSN;izle;;18,2;2,4;11,8;4,0;10;0;zayif;37,3;37,5;28,4;asagi;zayif;zayif;asagi;0,67;-3,16;4;33,84;1,74;10804638;36,31;AL;NEGATIF;SAT;NEGATIF;AZALIYOR;AL;AL;NOTR;3;06.10.2026
CEOEM;izle;;18,1;2,4;7,6;8,1;0;0;zayif;30,6;37,1;39,0;asagi;zayif;zayif;asagi;0,70;-2,27;0;20;4,28;61074720;25,14;SAT;NEGATIF;SAT;NEGATIF;AZALIYOR;SAT;AL;NOTR;1;06.10.2026
PATEK;izle;;18,1;1,6;8,5;8,0;22;2;zayif;23,8;40,0;29,9;asagi;zayif;zayif;asagi;0,30;-2,35;0;15,04;-1,38;170118583;18,80;SAT;NEGATIF;SAT;NEGATIF;AZALIYOR;AL;AL;NOTR;2;06.10.2026
ATAGY;izle;;18,1;2,4;12,5;3,1;10;0;zayif;47,5;36,0;31,9;asagi;zayif;zayif;asagi;0,89;-2,59;5;8,6;-2,05;1160587;9,69;AL;NEGATIF;SAT;NEGATIF;AZALIYOR;AL;AL;UCUZ (AL);3;06.10.2026
ULUSE;izle;;18,1;2,4;5,6;10,0;6;0;zayif;47,9;30,4;40,3;asagi;zayif;zayif;asagi;1,40;-4,64;3;153,9;-1,41;51825517;176,54;SAT;NEGATIF;SAT;NEGATIF;AZALIYOR;AL;AL;NOTR;2;06.10.2026
SEYKM;izle;;18,0;2,4;11,5;4,0;10;0;zayif;43,3;36,8;27,6;asagi;zayif;zayif;asagi;0,63;-3,19;4;3,05;0,66;3243684;3,30;AL;NEGATIF;SAT;NEGATIF;AZALIYOR;AL;AL;UCUZ (AL);3;06.10.2026
MARMR;izle;;17,9;2,4;8,9;6,6;6;0;zayif;39,3;27,9;32,6;asagi;zayif;zayif;asagi;1,10;-4,40;3;1,48;0,68;87924078;1,79;AL;NEGATIF;SAT;NEGATIF;AZALIYOR;AL;AL;UCUZ (AL);3;06.10.2026
ORCAY;izle;;17,8;2,4;10,1;5,3;0;0;zayif;34,3;32,0;34,8;asagi;zayif;zayif;asagi;0,78;-3,63;2;2,52;0,40;3583304;2,82;AL;NEGATIF;SAT;NEGATIF;AZALIYOR;AL;AL;UCUZ (AL);3;06.10.2026
HEKTS;izle;;17,7;2,4;11,3;4,0;40;4;zayif;36,0;36,0;32,9;asagi;zayif;zayif;asagi;0,48;-3,62;2;2,19;1,39;378655306;2,41;AL;NEGATIF;SAT;NEGATIF;AZALIYOR;AL;AL;NOTR;3;06.10.2026
DAPGM;izle;;17,7;2,4;4,0;11,3;0;0;zayif;42,0;19,4;27,9;asagi;zayif;zayif;asagi;1,14;-8,35;1;3,09;-1,90;191823022;4,24;SAT;NEGATIF;SAT;NEGATIF;AZALIYOR;AL;AL;UCUZ (AL);2;06.10.2026
VESTL;izle;;17,7;2,2;5,8;9,7;6;0;zayif;28,3;30,9;23,5;asagi;zayif;zayif;asagi;1,28;-3,27;3;18;3,69;286816986;21,34;SAT;NEGATIF;SAT;NEGATIF;ARTIYOR;SAT;AL;UCUZ (AL);1;06.10.2026
RAYSG;izle;;17,6;2,4;11,2;4,0;0;0;zayif;30,9;35,6;35,4;asagi;zayif;zayif;asagi;0,47;-3,58;1;127,7;-3,11;6719574;141,98;AL;NEGATIF;SAT;NEGATIF;AZALIYOR;AL;AL;UCUZ (AL);3;06.10.2026
DURKN;izle;;17,6;2,4;4,0;11,1;0;0;zayif;56,5;19,0;19,5;asagi;zayif;zayif;asagi;1,13;-6,46;1;10,49;1,06;29653594;13,19;SAT;NEGATIF;SAT;NEGATIF;AZALIYOR;AL;AL;UCUZ (AL);2;06.10.2026
KAREL;izle;;17,5;2,4;11,1;4,0;6;0;zayif;41,4;35,3;20,6;asagi;zayif;zayif;asagi;0,24;-4,16;3;6,23;0,81;14681213;6,92;AL;NEGATIF;SAT;NEGATIF;AZALIYOR;AL;AL;UCUZ (AL);3;06.10.2026
CASA;izle;;17,5;2,4;5,1;10,0;6;0;zayif;43,5;28,5;15,1;asagi;zayif;zayif;asagi;1,30;-6,69;3;45;-3,60;1262205;47,93;SAT;NEGATIF;SAT;NEGATIF;ARTIYOR;AL;AL;UCUZ (AL);2;06.10.2026
ARCLK;izle;;17,5;1,8;7,7;8,0;0;0;zayif;24,9;31,2;25,0;asagi;zayif;zayif;asagi;0,56;-4,01;2;80,8;-1,64;76029891;89,03;SAT;NEGATIF;SAT;NEGATIF;AZALIYOR;AL;AL;UCUZ (AL);2;06.10.2026
EGEGY;izle;;17,5;2,4;11,0;4,0;0;0;zayif;44,6;35,0;45,1;asagi;zayif;zayif;asagi;0,40;-4,18;2;16,7;1,52;38615260;19,57;AL;NEGATIF;SAT;POZITIF;AZALIYOR;AL;AL;UCUZ (AL);4;06.10.2026
DERIM;izle;;17,5;2,1;5,4;10,0;10;0;zayif;27,4;29,6;38,5;asagi;zayif;zayif;asagi;1,38;-3,91;4;26,68;-0,30;12136732;30,83;SAT;NEGATIF;SAT;NEGATIF;AZALIYOR;AL;AL;UCUZ (AL);2;06.10.2026
ANELE;izle;;17,4;5,4;4,0;8,0;0;0;zayif;52,0;14,8;-0,0;asagi;zayif;zayif;asagi;0,02;-8,95;0;29,76;-9,98;719954;53,88;SAT;NEGATIF;SAT;NEGATIF;AZALIYOR;SAT;AL;NOTR;1;06.10.2026
IEYHO;izle;;17,4;5,4;4,0;8,0;0;0;zayif;73,9;9,1;0,0;asagi;zayif;zayif;asagi;0,01;-12,03;0;47,58;-9,97;402527;73,67;SAT;NEGATIF;SAT;NEGATIF;AZALIYOR;SAT;SAT;UCUZ (AL);0;06.10.2026
TRHOL;izle;;17,4;5,4;4,0;8,0;0;0;zayif;51,9;19,3;-0,0;asagi;zayif;zayif;asagi;0,00;-7,13;0;930;-9,97;29760;1527,15;SAT;NEGATIF;SAT;NEGATIF;AZALIYOR;SAT;AL;NOTR;1;06.10.2026
TEHOL;izle;;17,4;5,4;4,0;8,0;0;0;zayif;51,5;12,8;0,0;asagi;zayif;zayif;asagi;0,00;-10,53;0;9,89;-9,93;351194;16,28;SAT;NEGATIF;SAT;NEGATIF;AZALIYOR;SAT;AL;UCUZ (AL);1;06.10.2026
MANAS;izle;;17,4;5,4;4,0;8,0;0;0;zayif;50,7;10,4;0,0;asagi;zayif;zayif;asagi;0,02;-10,00;0;6,93;-9,88;910415;11,85;SAT;NEGATIF;SAT;NEGATIF;AZALIYOR;SAT;AL;NOTR;1;06.10.2026
ALKLC;izle;;17,4;5,4;4,0;8,0;10;1;zayif;64,7;10,8;-0,0;asagi;zayif;zayif;asagi;0,00;-11,03;0;107,5;-9,97;260688;170,89;SAT;NEGATIF;SAT;NEGATIF;AZALIYOR;SAT;AL;UCUZ (AL);1;06.10.2026
OZATD;izle;;17,4;5,4;4,0;8,0;32;3;zayif;51,1;11,4;-0,0;asagi;zayif;zayif;asagi;0,01;-9,33;0;1030;-9,97;1021760;1684,16;SAT;NEGATIF;SAT;NEGATIF;AZALIYOR;SAT;AL;PAHALI (SAT);1;06.10.2026
BIGEN;izle;;17,4;5,4;4,0;8,0;0;0;zayif;41,9;19,2;0,0;asagi;zayif;zayif;asagi;0,00;-7,62;0;32,44;-9,99;256925;56,96;SAT;NEGATIF;SAT;NEGATIF;AZALIYOR;SAT;AL;NOTR;1;06.10.2026
SEGYO;izle;;17,4;2,4;11,0;4,0;0;0;zayif;39,6;35,0;56,1;asagi;zayif;zayif;asagi;0,36;-4,07;1;2,84;0,35;4402043;3,22;AL;NEGATIF;SAT;NEGATIF;AZALIYOR;AL;SAT;UCUZ (AL);2;06.10.2026
KARSN;izle;;17,3;1,3;8,1;8,0;0;0;zayif;21,3;38,4;41,1;asagi;zayif;zayif;asagi;0,19;-2,33;1;9,01;-1,42;62206734;11,09;SAT;NEGATIF;SAT;NEGATIF;AZALIYOR;SAT;AL;NOTR;1;06.10.2026
MERKO;izle;;17,3;2,4;10,7;4,1;0;0;zayif;49,3;34,2;42,1;asagi;zayif;zayif;asagi;0,71;-4,46;2;0,98;2,08;13694150;1,08;AL;NEGATIF;SAT;NEGATIF;ARTIYOR;AL;AL;UCUZ (AL);3;06.10.2026
OBASE;izle;;17,2;2,4;6,8;8,0;0;0;zayif;42,5;34,3;32,5;asagi;zayif;zayif;asagi;0,64;-3,26;2;26,94;1,05;6637962;31,80;SAT;NEGATIF;SAT;NEGATIF;AZALIYOR;AL;AL;NOTR;2;06.10.2026
TNZTP;izle;;17,1;4,1;9,0;4,0;40;4;zayif;20,0;38,1;35,8;asagi;zayif;zayif;asagi;0,25;-1,68;1;25;-3,47;18567250;30,49;SAT;NEGATIF;SAT;NEGATIF;AZALIYOR;SAT;AL;NOTR;1;06.10.2026
SISE;izle;;17,0;1,5;15,5;0,0;10;1;zayif;23,1;42,4;45,8;asagi;guclu;zayif;asagi;0,37;-1,85;2;38;-0,26;1038112690;41,67;SAT;NEGATIF;SAT;NEGATIF;AZALIYOR;AL;AL;NOTR;2;06.10.2026
LYDYE;izle;;17,0;2,4;4,5;10,0;0;0;zayif;50,6;26,8;31,4;asagi;zayif;zayif;asagi;2,48;-7,58;0;5182,5;9,97;34028295;5890,62;SAT;NEGATIF;SAT;NEGATIF;AZALIYOR;AL;AL;UCUZ (AL);2;06.10.2026
MEGAP;izle;;16,9;2,4;4,5;10,0;10;0;zayif;53,4;26,6;19,4;asagi;zayif;zayif;asagi;1,31;-6,85;5;1,26;5,00;1257280;1,39;SAT;NEGATIF;SAT;NEGATIF;ARTIYOR;AL;AL;UCUZ (AL);2;06.10.2026
DGATE;izle;;16,9;2,4;10,5;4,0;0;0;zayif;37,3;33,3;40,4;asagi;zayif;zayif;asagi;0,66;-4,07;0;62,5;-5,23;13416563;75,08;AL;NEGATIF;SAT;NEGATIF;AZALIYOR;AL;AL;NOTR;3;06.10.2026
DIRIT;izle;;16,8;0,5;8,4;8,0;6;0;zayif;15,4;39,6;24,3;asagi;zayif;zayif;asagi;0,42;-2,28;3;20,72;2,78;496555;23,60;SAT;NEGATIF;NOTR;NEGATIF;ARTIYOR;AL;AL;NOTR;2;06.10.2026
FENER;izle;;16,8;2,4;10,3;4,0;0;0;zayif;33,4;32,8;30,3;asagi;zayif;zayif;asagi;0,44;-3,76;1;2,41;-0,82;95670298;2,62;AL;NEGATIF;SAT;NEGATIF;AZALIYOR;AL;AL;UCUZ (AL);3;06.10.2026
AVHOL;izle;;16,8;2,4;10,3;4,0;10;0;zayif;47,7;32,7;22,8;asagi;zayif;zayif;asagi;0,37;-3,80;4;26,66;1,37;13635657;29,81;AL;NEGATIF;SAT;NEGATIF;AZALIYOR;AL;AL;UCUZ (AL);3;06.10.2026
MSGYO;izle;;16,8;1,7;15,0;0,0;0;0;zayif;24,7;41,3;51,0;asagi;zayif;zayif;asagi;0,49;-2,11;2;5,02;-0,20;4172524;5,51;AL;NEGATIF;SAT;NEGATIF;AZALIYOR;AL;SAT;NOTR;2;06.10.2026
SNPAM;izle;;16,7;0,7;14,7;1,4;20;1;zayif;17,2;40,8;35,3;asagi;guclu;zayif;asagi;0,56;-2,31;4;18,15;-0,38;396741;19,25;SAT;NEGATIF;NOTR;NEGATIF;ARTIYOR;SAT;SAT;UCUZ (AL);0;06.10.2026
DOHOL;izle;;16,6;5,4;10,1;1,1;6;0;zayif;33,1;34,8;36,4;asagi;zayif;zayif;asagi;0,56;-2,75;3;18,76;-2,65;149135959;21,02;SAT;NEGATIF;SAT;NEGATIF;AZALIYOR;AL;AL;NOTR;2;06.10.2026
ASUZU;izle;;16,6;1,5;11,2;4,0;0;0;zayif;22,8;36,6;71,5;asagi;guclu;zayif;asagi;0,33;-3,17;2;42,72;0,28;4765800;46,95;SAT;NEGATIF;SAT;NEGATIF;AZALIYOR;AL;AL;UCUZ (AL);2;06.10.2026
PAGYO;izle;;16,5;5,4;10,9;0,1;6;0;zayif;45,0;34,7;33,4;asagi;zayif;zayif;asagi;0,71;-3,14;3;118;-2,07;9661604;136,23;AL;NEGATIF;SAT;NEGATIF;AZALIYOR;AL;SAT;NOTR;2;06.10.2026
FZLGY;izle;;16,5;2,4;4,8;9,2;0;0;zayif;39,4;27,7;19,0;asagi;zayif;zayif;asagi;0,77;-5,18;2;5,52;2,79;91787819;6,98;SAT;NEGATIF;SAT;NEGATIF;AZALIYOR;AL;AL;UCUZ (AL);2;06.10.2026
GESAN;izle;;16,5;2,4;10,0;4,0;0;0;zayif;41,7;31,7;29,0;asagi;zayif;zayif;asagi;0,41;-4,50;2;42,12;-1,31;313845260;55,00;AL;NEGATIF;SAT;NEGATIF;AZALIYOR;AL;AL;NOTR;3;06.10.2026
KATMR;izle;;16,5;2,4;10,0;4,0;0;0;zayif;48,7;31,7;45,7;asagi;zayif;zayif;asagi;0,69;-4,95;2;1,53;-0,65;80268864;1,69;AL;NEGATIF;SAT;NEGATIF;AZALIYOR;AL;SAT;UCUZ (AL);2;06.10.2026
TMPOL;izle;;16,4;2,4;4,0;10,0;0;0;zayif;51,6;15,6;0,0;asagi;zayif;zayif;asagi;3,28;-10,32;0;72,8;9,97;136770598;121,23;SAT;NEGATIF;SAT;NEGATIF;AZALIYOR;AL;AL;UCUZ (AL);2;06.10.2026
BIGTK;izle;;16,4;2,4;4,0;10,0;0;0;zayif;51,6;15,0;-0,0;asagi;zayif;zayif;asagi;6,74;-8,94;2;63,35;-9,95;347893177;119,10;SAT;NEGATIF;SAT;NEGATIF;AZALIYOR;AL;SAT;UCUZ (AL);1;06.10.2026
BSOKE;izle;;16,4;2,4;4,0;10,0;0;0;zayif;65,9;8,0;5,5;asagi;zayif;zayif;asagi;1,32;-11,12;2;5,58;1,09;169313918;9,16;SAT;NEGATIF;SAT;NEGATIF;AZALIYOR;AL;AL;UCUZ (AL);2;06.10.2026
MAGEN;izle;;16,4;2,4;4,0;10,0;0;0;zayif;48,7;10,2;-0,0;asagi;zayif;zayif;asagi;10,08;-10,73;0;7,92;-7,69;1473330030;13,84;SAT;NEGATIF;SAT;NEGATIF;AZALIYOR;AL;AL;UCUZ (AL);2;06.10.2026
AHSGY;izle;;16,4;2,4;4,0;10,0;40;4;zayif;35,1;21,0;11,0;asagi;zayif;zayif;asagi;1,54;-6,62;2;6,6;-8,71;68051940;10,37;SAT;NEGATIF;SAT;NEGATIF;AZALIYOR;AL;AL;UCUZ (AL);2;06.10.2026
BINBN;izle;;16,4;2,4;4,0;10,0;6;0;zayif;53,7;8,2;14,3;asagi;zayif;zayif;asagi;3,24;-8,85;3;46,6;-1,10;201880147;77,93;SAT;NEGATIF;SAT;NEGATIF;AZALIYOR;AL;SAT;UCUZ (AL);1;06.10.2026
IHAAS;izle;;16,4;2,4;4,0;10,0;0;0;zayif;44,8;10,0;12,6;asagi;zayif;zayif;asagi;2,01;-9,28;1;15,78;-3,66;45153381;24,49;SAT;NEGATIF;SAT;NEGATIF;AZALIYOR;AL;SAT;UCUZ (AL);1;06.10.2026
EDATA;izle;;16,4;2,4;4,0;10,0;0;0;zayif;52,0;8,3;0,0;asagi;zayif;zayif;asagi;3,35;-10,49;1;3,79;-9,98;110743470;6,54;SAT;NEGATIF;SAT;NEGATIF;AZALIYOR;AL;SAT;UCUZ (AL);1;06.10.2026
ICUGS;izle;;16,4;2,4;4,0;10,0;10;0;zayif;55,7;15,9;20,0;asagi;zayif;zayif;asagi;1,38;-8,97;4;1,24;9,73;50031888;1,85;SAT;NEGATIF;SAT;NEGATIF;AZALIYOR;AL;AL;UCUZ (AL);2;06.10.2026
DOGUB;izle;;16,4;2,4;4,0;10,0;0;0;zayif;47,2;15,9;7,6;asagi;zayif;zayif;asagi;1,32;-9,00;0;18,72;4,00;13051341;28,74;SAT;NEGATIF;SAT;NEGATIF;AZALIYOR;AL;AL;UCUZ (AL);2;06.10.2026
RODRG;izle;;16,4;2,4;4,0;10,0;10;0;zayif;46,5;21,2;8,2;asagi;zayif;zayif;asagi;1,65;-4,94;4;15,59;-1,89;5201276;18,96;SAT;NEGATIF;SAT;NEGATIF;AZALIYOR;AL;AL;UCUZ (AL);2;06.10.2026
OZRDN;izle;;16,4;2,4;4,0;10,0;0;0;zayif;38,9;20,3;4,5;asagi;zayif;zayif;asagi;3,72;-5,57;2;13,48;8,62;18396453;18,48;SAT;NEGATIF;SAT;NEGATIF;ARTIYOR;AL;AL;NOTR;2;06.10.2026
GSDDE;izle;;16,4;3,8;12,6;0,0;0;0;zayif;12,7;41,9;27,3;asagi;guclu;zayif;asagi;0,35;-1,51;2;11,7;-1,93;14318507;13,38;SAT;NEGATIF;NOTR;NEGATIF;AZALIYOR;AL;AL;NOTR;2;06.10.2026
YEOTK;izle;;16,2;5,0;7,2;4,0;0;0;zayif;26,4;39,7;44,7;asagi;zayif;zayif;asagi;0,58;-2,39;2;27,8;1,09;323048343;34,59;SAT;NEGATIF;SAT;NEGATIF;AZALIYOR;SAT;SAT;NOTR;0;06.10.2026
LINK;izle;;16,1;2,4;9,7;4,0;0;0;zayif;46,1;30,6;29,4;asagi;zayif;zayif;asagi;0,50;-4,80;2;3,68;-1,60;31487972;4,26;AL;NEGATIF;SAT;NEGATIF;AZALIYOR;AL;AL;UCUZ (AL);3;06.10.2026
SKBNK;izle;;16,1;2,4;9,6;4,0;0;0;zayif;37,1;30,4;33,9;asagi;zayif;zayif;asagi;0,29;-7,63;1;5,04;-1,75;134346129;5,75;AL;NEGATIF;SAT;NEGATIF;AZALIYOR;AL;AL;UCUZ (AL);3;06.10.2026
ALCAR;izle;;16,1;0,7;7,3;8,0;6;0;zayif;17,3;33,3;30,6;asagi;zayif;zayif;asagi;0,41;-3,01;3;595,5;-2,70;11409780;690,82;SAT;NEGATIF;NOTR;NEGATIF;AZALIYOR;AL;AL;UCUZ (AL);2;06.10.2026
KONYA;izle;;16,0;1,2;14,8;0,0;0;0;zayif;20,6;40,6;42,7;asagi;guclu;zayif;asagi;0,26;-1,42;2;3532,5;-0,28;19718415;4063,12;SAT;NEGATIF;SAT;NEGATIF;AZALIYOR;SAT;AL;UCUZ (AL);1;06.10.2026
TEZOL;izle;;16,0;2,4;9,5;4,0;0;0;zayif;41,6;30,1;28,2;asagi;zayif;zayif;asagi;0,46;-6,06;2;7,4;-1,99;9903938;8,19;AL;NEGATIF;SAT;NEGATIF;AZALIYOR;AL;SAT;UCUZ (AL);2;06.10.2026
KZBGY;izle;;15,9;2,4;9,5;4,0;6;0;zayif;45,2;29,8;39,0;asagi;zayif;zayif;asagi;0,35;-5,32;3;1,42;0,00;17702974;1,60;AL;NEGATIF;SAT;NEGATIF;AZALIYOR;AL;AL;UCUZ (AL);3;06.10.2026
DERHL;izle;;15,8;2,4;9,5;3,9;10;0;zayif;29,8;29,9;37,5;asagi;zayif;zayif;asagi;0,94;-4,01;4;1,6;-1,23;21570314;1,85;AL;NEGATIF;SAT;NEGATIF;AZALIYOR;AL;AL;UCUZ (AL);3;06.10.2026
KLKIM;izle;;15,8;2,4;9,4;4,0;6;0;zayif;30,1;33,9;36,9;asagi;zayif;zayif;asagi;0,37;-3,13;3;22,6;-0,70;11550860;25,07;SAT;NEGATIF;SAT;NEGATIF;AZALIYOR;AL;AL;UCUZ (AL);2;06.10.2026
MOGAN;izle;;15,8;5,4;10,4;0,0;0;0;zayif;37,2;32,9;57,9;asagi;zayif;zayif;asagi;0,33;-4,18;1;9,42;-1,05;61778969;11,92;AL;NEGATIF;SAT;POZITIF;AZALIYOR;AL;AL;NOTR;4;06.10.2026
ICBCT;izle;;15,8;5,4;5,2;5,2;0;0;zayif;30,2;28,9;36,5;asagi;zayif;zayif;asagi;0,77;-4,01;1;15,4;-0,84;12876756;17,61;SAT;NEGATIF;SAT;NEGATIF;AZALIYOR;AL;AL;NOTR;2;06.10.2026
IHGZT;izle;;15,8;2,0;5,8;8,0;10;0;zayif;26,4;31,1;32,3;asagi;zayif;zayif;asagi;0,65;-3,72;4;0,95;-1,04;18239959;1,10;SAT;NEGATIF;SAT;NEGATIF;AZALIYOR;AL;AL;UCUZ (AL);2;06.10.2026
ALGYO;izle;;15,8;2,4;9,3;4,0;0;0;zayif;37,7;36,2;44,1;asagi;zayif;zayif;asagi;0,51;-3,44;2;3,01;-0,33;34488110;3,37;SAT;NEGATIF;SAT;NEGATIF;AZALIYOR;AL;AL;UCUZ (AL);2;06.10.2026
BARMA;izle;;15,7;2,4;8,0;5,2;10;0;zayif;58,5;22,6;25,3;asagi;zayif;zayif;asagi;1,01;-15,21;4;5,5;-4,35;3406711;7,36;AL;NEGATIF;SAT;NEGATIF;AZALIYOR;SAT;SAT;UCUZ (AL);1;06.10.2026
YKSLN;izle;;15,7;2,3;9,4;4,0;0;0;zayif;28,8;43,0;13,9;asagi;zayif;zayif;asagi;0,64;-1,86;2;2,5;9,65;37832073;2,90;SAT;NEGATIF;SAT;NEGATIF;AZALIYOR;AL;AL;NOTR;2;06.10.2026
SEGMN;izle;;15,6;2,4;4,5;8,7;0;0;zayif;57,1;26,7;18,7;asagi;zayif;zayif;asagi;1,22;-5,50;2;21,78;10,00;73980017;27,82;SAT;NEGATIF;SAT;NEGATIF;AZALIYOR;AL;AL;NOTR;2;06.10.2026
SAYAS;izle;;15,6;5,4;6,1;4,0;0;0;zayif;32,1;32,1;33,0;asagi;zayif;zayif;asagi;0,42;-3,30;1;40,86;-2,20;23612299;47,70;SAT;NEGATIF;SAT;NEGATIF;AZALIYOR;AL;AL;NOTR;2;06.10.2026
PAMEL;izle;;15,5;2,4;9,1;4,0;0;0;zayif;41,3;28,6;41,5;asagi;zayif;zayif;asagi;0,63;-5,17;2;48,54;-4,17;6447034;54,27;AL;NEGATIF;SAT;NEGATIF;ARTIYOR;AL;AL;UCUZ (AL);3;06.10.2026
AKMGY;izle;;15,5;0,8;6,7;8,0;0;0;zayif;17,6;32,3;75,5;asagi;zayif;zayif;asagi;0,56;-2,86;2;212,4;-2,12;8819273;241,78;SAT;NEGATIF;NOTR;NEGATIF;AZALIYOR;AL;AL;NOTR;2;06.10.2026
SMRTG;izle;;15,5;2,4;9,0;4,0;0;0;zayif;51,9;28,5;29,5;asagi;zayif;zayif;asagi;0,34;-5,93;1;5,01;-0,99;52888967;6,34;AL;NEGATIF;SAT;NEGATIF;AZALIYOR;AL;AL;UCUZ (AL);3;06.10.2026
VESBE;izle;;15,5;2,4;4,6;8,4;10;0;zayif;31,1;27,1;20,8;asagi;zayif;zayif;asagi;1,20;-4,44;6;4,02;-0,74;92264897;4,86;SAT;NEGATIF;SAT;NEGATIF;ARTIYOR;AL;AL;UCUZ (AL);2;06.10.2026
CRDFA;izle;;15,4;2,4;9,0;4,0;0;0;zayif;57,2;28,2;48,2;asagi;zayif;zayif;asagi;0,24;-8,03;0;10,65;9,91;4400378;11,50;AL;NEGATIF;SAT;NEGATIF;AZALIYOR;AL;AL;UCUZ (AL);3;06.10.2026
TEKTU;izle;;15,3;2,4;4,0;8,8;50;5;zayif;37,5;22,1;13,9;asagi;zayif;zayif;asagi;1,23;-6,66;4;4,43;-1,77;31008950;5,44;SAT;NEGATIF;SAT;NEGATIF;AZALIYOR;AL;AL;UCUZ (AL);2;06.10.2026
BANVT;izle;;15,1;1,0;14,1;0,0;0;0;zayif;19,2;36,9;53,2;asagi;zayif;zayif;asagi;0,56;-2,73;2;132,6;-0,90;8257532;144,68;AL;NEGATIF;NOTR;NEGATIF;AZALIYOR;AL;AL;UCUZ (AL);3;06.10.2026
MNDRS;izle;;15,0;2,2;8,8;4,0;10;0;zayif;28,1;35,9;42,1;asagi;zayif;zayif;asagi;0,28;-3,04;5;9,33;0,32;7158694;10,15;SAT;NEGATIF;SAT;NEGATIF;AZALIYOR;AL;AL;UCUZ (AL);2;06.10.2026
LUKSK;izle;;15,0;2,4;10,0;2,5;6;0;zayif;42,7;31,8;28,3;asagi;zayif;zayif;asagi;0,85;-4,26;3;63,85;-1,77;3944972;73,44;AL;NEGATIF;SAT;NEGATIF;AZALIYOR;AL;AL;UCUZ (AL);3;06.10.2026
DAGI;izle;;14,9;5,4;5,5;4,0;0;0;zayif;48,7;29,9;24,9;asagi;zayif;zayif;asagi;0,55;-3,86;1;5,57;0,00;17845183;6,80;SAT;NEGATIF;SAT;NEGATIF;AZALIYOR;AL;AL;NOTR;2;06.10.2026
ISMEN;izle;;14,8;1,9;11,0;2,0;10;0;zayif;26,0;37,1;32,2;asagi;zayif;zayif;asagi;0,80;-2,92;5;30,1;-2,27;152831516;33,87;SAT;NEGATIF;SAT;NEGATIF;AZALIYOR;AL;AL;UCUZ (AL);2;06.10.2026
MOPAS;izle;;14,8;2,4;8,0;4,4;6;0;zayif;55,9;20,3;16,0;asagi;zayif;zayif;asagi;0,72;-6,57;3;18,64;-1,79;23776215;21,54;AL;NEGATIF;SAT;NEGATIF;AZALIYOR;AL;AL;UCUZ (AL);3;06.10.2026
PSGYO;izle;;14,4;2,4;4,0;8,0;0;0;zayif;46,1;23,6;25,5;asagi;zayif;zayif;asagi;0,50;-6,10;1;1,69;1,20;120098620;2,12;SAT;NEGATIF;SAT;NEGATIF;AZALIYOR;AL;AL;UCUZ (AL);2;06.10.2026
DCTTR;izle;;14,4;2,4;8,0;4,0;0;0;zayif;52,0;22,7;12,3;asagi;zayif;zayif;asagi;0,44;-8,16;2;3,5;0,29;16089469;4,28;AL;NEGATIF;SAT;NEGATIF;AZALIYOR;AL;AL;UCUZ (AL);3;06.10.2026
DSTKF;izle;;14,4;2,4;4,0;8,0;22;2;zayif;42,2;16,9;-0,0;asagi;zayif;zayif;asagi;0,00;-9,27;0;562,5;-10,00;286875;940,55;SAT;NEGATIF;SAT;NEGATIF;AZALIYOR;SAT;AL;NOTR;1;06.10.2026
PEKGY;izle;;14,4;2,4;4,0;8,0;0;0;zayif;45,7;11,1;-0,0;asagi;zayif;zayif;asagi;0,01;-11,83;0;2,43;-10,00;1468451;4,17;SAT;NEGATIF;SAT;NEGATIF;AZALIYOR;AL;SAT;UCUZ (AL);1;06.10.2026
TERA;izle;;14,4;2,4;4,0;8,0;10;1;zayif;48,4;12,7;-0,0;asagi;zayif;zayif;asagi;0,00;-10,82;0;51,45;-9,97;554528;80,03;SAT;NEGATIF;SAT;NEGATIF;AZALIYOR;SAT;AL;UCUZ (AL);1;06.10.2026
BTCIM;izle;;14,4;2,4;4,0;8,0;0;0;zayif;70,0;20,1;26,4;asagi;zayif;zayif;asagi;1,18;-7,25;2;1,94;-2,51;551157703;2,64;SAT;NEGATIF;SAT;NEGATIF;AZALIYOR;AL;AL;UCUZ (AL);2;06.10.2026
BORSK;izle;;14,4;2,4;11,9;0,0;6;0;zayif;36,3;38,2;37,6;asagi;guclu;zayif;asagi;0,35;-1,86;3;5,46;-1,44;13587205;6,24;SAT;NEGATIF;SAT;NEGATIF;AZALIYOR;AL;AL;NOTR;2;06.10.2026
ALTNY;izle;;14,3;2,4;7,8;4,0;0;0;zayif;29,9;37,7;33,9;asagi;zayif;zayif;asagi;0,44;-2,82;1;13,04;-1,06;138134689;14,55;SAT;NEGATIF;SAT;NEGATIF;AZALIYOR;AL;AL;UCUZ (AL);2;06.10.2026
ATLAS;izle;;14,2;1,0;9,2;4,0;32;2;zayif;19,5;42,4;30,2;asagi;zayif;zayif;asagi;0,55;-2,16;4;5,21;-3,34;3576764;6,03;SAT;NEGATIF;NOTR;NEGATIF;AZALIYOR;AL;AL;NOTR;2;06.10.2026
SKTAS;izle;;14,2;2,4;7,7;4,0;0;0;zayif;38,5;37,4;32,0;asagi;zayif;zayif;asagi;0,61;-2,92;2;2,54;-1,17;13638014;2,70;SAT;NEGATIF;SAT;NEGATIF;AZALIYOR;AL;AL;UCUZ (AL);2;06.10.2026
CATES;izle;;14,2;5,4;4,7;4,0;0;0;zayif;47,9;27,4;20,9;asagi;zayif;zayif;asagi;0,52;-4,69;2;31;-0,83;36543854;40,63;SAT;NEGATIF;SAT;NEGATIF;AZALIYOR;AL;AL;NOTR;2;06.10.2026
KENT;izle;;14,1;2,4;11,7;0,0;0;0;zayif;40,9;37,2;21,3;asagi;zayif;zayif;asagi;0,40;-3,96;1;290;0,69;495030;304,04;AL;NEGATIF;SAT;NEGATIF;AZALIYOR;AL;AL;UCUZ (AL);3;06.10.2026
BRKO;izle;;14,1;2,4;7,6;4,0;0;0;zayif;34,2;37,1;15,5;asagi;zayif;zayif;asagi;0,24;-4,74;2;7,01;1,74;1149780;7,69;SAT;NEGATIF;SAT;NEGATIF;AZALIYOR;AL;AL;NOTR;2;06.10.2026
ULAS;izle;;14,1;2,4;7,6;4,0;6;0;zayif;35,4;37,1;29,7;asagi;zayif;zayif;asagi;0,56;-3,16;3;15,92;-1,49;1784266;17,13;SAT;NEGATIF;SAT;NEGATIF;AZALIYOR;AL;AL;UCUZ (AL);2;06.10.2026
ARASE;izle;;14,1;5,4;7,1;1,5;40;4;zayif;33,9;33,8;29,9;asagi;zayif;zayif;asagi;0,79;-2,50;2;97,2;-1,02;23124949;113,16;SAT;NEGATIF;SAT;NEGATIF;AZALIYOR;AL;AL;NOTR;2;06.10.2026
KFEIN;izle;;14,0;2,4;11,5;0,0;6;0;zayif;33,3;36,7;33,9;asagi;zayif;zayif;asagi;0,53;-3,46;3;6,28;1,78;10833044;6,92;AL;NEGATIF;SAT;NEGATIF;AZALIYOR;AL;AL;UCUZ (AL);3;06.10.2026
ASGYO;izle;;13,9;1,6;12,0;0,4;0;0;zayif;23,9;36,7;32,2;asagi;guclu;zayif;asagi;0,72;-2,57;2;9,86;-1,00;21053407;10,89;SAT;NEGATIF;SAT;NEGATIF;AZALIYOR;AL;AL;NOTR;2;06.10.2026
EGEPO;izle;;13,9;2,4;8,0;3,4;0;0;zayif;60,9;20,8;25,5;asagi;zayif;zayif;asagi;0,91;-7,72;2;6,14;-3,91;34396955;8,29;AL;NEGATIF;SAT;NEGATIF;AZALIYOR;AL;SAT;UCUZ (AL);2;06.10.2026
INTEK;izle;;13,9;2,4;11,4;0,0;6;0;zayif;35,4;36,4;30,6;asagi;zayif;zayif;asagi;0,48;-4,99;3;176,8;-0,67;630646;193,34;AL;NEGATIF;SAT;POZITIF;AZALIYOR;AL;AL;UCUZ (AL);4;06.10.2026
CVKMD;izle;;13,8;5,4;7,1;1,3;0;0;zayif;40,3;35,2;42,3;asagi;zayif;zayif;asagi;0,78;-2,65;2;12,37;-0,64;304655300;14,87;SAT;NEGATIF;SAT;NEGATIF;AZALIYOR;AL;AL;NOTR;2;06.10.2026
ESCAR;izle;;13,7;2,4;4,0;7,3;0;0;zayif;50,8;14,3;30,4;asagi;zayif;zayif;asagi;1,14;-8,59;2;14,6;-0,68;37423187;22,02;SAT;NEGATIF;SAT;NEGATIF;AZALIYOR;AL;AL;UCUZ (AL);2;06.10.2026
BIOEN;izle;;13,6;2,4;4,0;7,2;0;0;zayif;39,9;24,0;33,7;asagi;zayif;zayif;asagi;1,13;-4,66;1;10,09;-2,13;121790730;13,58;SAT;NEGATIF;SAT;NEGATIF;ARTIYOR;AL;AL;UCUZ (AL);2;06.10.2026
ISSEN;izle;;13,6;2,4;7,2;4,0;16;1;zayif;40,2;35,6;38,3;asagi;zayif;zayif;asagi;0,66;-3,20;3;5,62;0,00;3412464;6,03;SAT;NEGATIF;SAT;NEGATIF;AZALIYOR;AL;AL;UCUZ (AL);2;06.10.2026
DESPC;izle;;13,5;2,4;7,1;4,0;0;0;zayif;36,2;35,3;34,8;asagi;zayif;zayif;asagi;0,33;-3,09;2;30,86;-0,39;3567077;35,40;SAT;NEGATIF;SAT;NEGATIF;AZALIYOR;AL;AL;UCUZ (AL);2;06.10.2026
BOBET;izle;;13,5;2,4;7,1;4,0;6;0;zayif;32,3;35,3;27,6;asagi;zayif;zayif;asagi;0,17;-2,79;3;15,91;-0,38;11451668;18,99;SAT;NEGATIF;SAT;NEGATIF;AZALIYOR;SAT;AL;UCUZ (AL);1;06.10.2026
PAHOL;izle;;13,5;2,4;7,1;4,0;6;0;zayif;41,2;35,2;31,2;asagi;zayif;zayif;asagi;0,62;-3,83;3;0,95;-2,06;178797534;1,03;SAT;NEGATIF;SAT;NEGATIF;AZALIYOR;AL;AL;UCUZ (AL);2;06.10.2026
MACKO;izle;;13,5;2,4;4,0;7,0;0;0;zayif;39,4;22,3;6,6;asagi;zayif;zayif;asagi;0,88;-4,71;2;23,5;-4,08;19383482;29,02;SAT;NEGATIF;SAT;NEGATIF;AZALIYOR;AL;AL;NOTR;2;06.10.2026
YUNSA;izle;;13,5;2,4;11,0;0,0;0;0;zayif;42,2;35,1;40,1;asagi;zayif;zayif;asagi;0,44;-4,05;2;6,42;-0,93;12236019;7,10;AL;NEGATIF;SAT;NEGATIF;AZALIYOR;AL;AL;NOTR;3;06.10.2026
OYAYO;izle;;13,4;2,0;5,3;6,1;6;0;zayif;26,7;29,4;23,0;asagi;zayif;zayif;asagi;1,07;-3,91;3;31;-2,45;2557407;37,61;SAT;NEGATIF;SAT;NEGATIF;AZALIYOR;AL;AL;UCUZ (AL);2;06.10.2026
PARSN;izle;;13,4;2,4;7,0;4,0;0;0;zayif;37,5;31,4;25,8;asagi;zayif;zayif;asagi;0,36;-4,01;2;60,2;-0,25;5029529;65,53;SAT;NEGATIF;SAT;NEGATIF;AZALIYOR;AL;AL;UCUZ (AL);2;06.10.2026
TBORG;izle;;13,4;1,2;12,2;0,0;6;0;zayif;21,1;39,4;49,4;asagi;guclu;zayif;asagi;0,32;-2,14;3;124,7;-0,48;5523462;135,88;SAT;NEGATIF;SAT;NEGATIF;AZALIYOR;AL;AL;UCUZ (AL);2;06.10.2026
CGCAM;izle;;13,3;2,4;8,3;2,5;6;0;zayif;54,3;26,2;34,7;asagi;zayif;zayif;asagi;0,85;-6,18;3;20,52;-3,48;41011169;24,42;AL;NEGATIF;SAT;NEGATIF;AZALIYOR;AL;AL;UCUZ (AL);3;06.10.2026
AGYO;izle;;13,3;1,2;8,1;4,0;0;0;zayif;21,1;30,8;18,2;asagi;zayif;zayif;asagi;0,61;-2,37;2;6,45;-2,57;1192605;7,57;SAT;NEGATIF;SAT;NEGATIF;ARTIYOR;SAT;SAT;NOTR;0;06.10.2026
FADE;izle;;13,1;2,4;10,6;0,0;6;0;zayif;40,1;33,7;38,8;asagi;zayif;zayif;asagi;0,63;-3,92;3;11,85;-0,75;10251423;13,03;AL;NEGATIF;SAT;NEGATIF;AZALIYOR;AL;AL;NOTR;3;06.10.2026
ALFAS;izle;;13,1;2,4;6,6;4,0;0;0;zayif;37,6;33,7;29,5;asagi;zayif;zayif;asagi;0,43;-3,37;2;30;-1,45;25622040;34,48;SAT;NEGATIF;SAT;NEGATIF;AZALIYOR;AL;AL;UCUZ (AL);2;06.10.2026
SDTTR;izle;;13,0;2,4;10,6;0,0;10;0;zayif;30,8;33,7;31,7;asagi;zayif;zayif;asagi;0,41;-3,14;4;16,29;-0,85;46009606;18,38;AL;NEGATIF;SAT;NEGATIF;AZALIYOR;AL;AL;NOTR;3;06.10.2026
KBORU;izle;;12,9;2,4;10,5;0,0;0;0;zayif;36,4;33,2;59,0;asagi;zayif;zayif;asagi;0,47;-4,54;1;12,01;-0,91;65977211;15,54;AL;NEGATIF;SAT;NEGATIF;AZALIYOR;AL;AL;NOTR;3;06.10.2026
GOODY;izle;;12,9;2,4;6,4;4,0;0;0;zayif;31,9;32,2;14,5;asagi;zayif;zayif;asagi;0,31;-3,47;1;2,18;-0,46;6370956;2,38;SAT;NEGATIF;SAT;NEGATIF;AZALIYOR;AL;AL;NOTR;2;06.10.2026
SANEL;izle;;12,8;5,4;4,5;2,9;0;0;zayif;30,3;26,8;45,4;asagi;zayif;zayif;asagi;0,87;-4,37;2;31,98;-5,50;10889862;43,98;SAT;NEGATIF;SAT;NEGATIF;AZALIYOR;AL;AL;NOTR;2;06.10.2026
ANSGR;izle;;12,8;2,4;9,9;0,5;0;0;zayif;30,4;35,2;48,4;asagi;zayif;zayif;asagi;0,63;-2,95;1;24;-2,99;54280896;26,27;SAT;NEGATIF;SAT;NEGATIF;ARTIYOR;AL;AL;NOTR;2;06.10.2026
ARENA;izle;;12,8;2,4;10,1;0,3;10;0;zayif;34,5;31,9;33,5;asagi;zayif;zayif;asagi;0,72;-3,51;4;15,53;-0,70;6403780;17,87;AL;NEGATIF;SAT;NEGATIF;AZALIYOR;AL;AL;UCUZ (AL);3;06.10.2026
BRKVY;izle;;12,8;2,4;6,3;4,0;0;0;zayif;38,4;32,7;27,1;asagi;zayif;zayif;asagi;0,38;-4,08;2;53,8;1,03;7940772;61,31;SAT;NEGATIF;SAT;NEGATIF;AZALIYOR;AL;AL;UCUZ (AL);2;06.10.2026
GWIND;izle;;12,7;2,4;10,3;0,0;0;0;zayif;33,7;35,4;34,8;asagi;zayif;zayif;asagi;0,53;-3,41;2;20,18;-0,88;31150252;22,00;SAT;NEGATIF;SAT;NEGATIF;AZALIYOR;AL;AL;UCUZ (AL);2;06.10.2026
MAALT;izle;;12,7;0,9;7,8;4,0;6;0;zayif;18,4;33,8;43,8;asagi;zayif;zayif;asagi;0,67;-3,10;3;849;-1,28;24597228;944,02;SAT;NEGATIF;NOTR;NEGATIF;AZALIYOR;AL;AL;NOTR;2;06.10.2026
KONTR;izle;;12,7;2,4;10,2;0,0;0;0;zayif;49,3;32,5;22,6;asagi;zayif;zayif;asagi;0,57;-7,82;1;2,19;-0,45;6675976;2,49;AL;NEGATIF;SAT;NEGATIF;AZALIYOR;AL;AL;UCUZ (AL);3;06.10.2026
CMBTN;izle;;12,6;1,9;6,7;4,0;0;0;zayif;25,9;34,1;26,9;asagi;zayif;zayif;asagi;0,32;-3,06;1;1261;-1,87;8577322;1449,73;SAT;NEGATIF;SAT;NEGATIF;AZALIYOR;AL;AL;UCUZ (AL);2;06.10.2026
IDGYO;izle;;12,6;2,4;10,1;0,0;0;0;zayif;43,4;32,2;44,9;asagi;zayif;zayif;asagi;0,64;-4,33;2;2,13;1,43;2004615;2,61;AL;NEGATIF;SAT;NEGATIF;AZALIYOR;AL;AL;UCUZ (AL);3;06.10.2026
TATEN;izle;;12,6;2,4;8,6;1,6;0;0;zayif;42,5;26,9;55,1;asagi;zayif;zayif;asagi;0,79;-6,33;2;4,77;-0,21;71274757;5,77;AL;NEGATIF;SAT;NEGATIF;AZALIYOR;AL;AL;UCUZ (AL);3;06.10.2026
SAMAT;izle;;12,6;2,4;6,1;4,0;0;0;zayif;44,4;32,1;40,6;asagi;zayif;zayif;asagi;0,50;-3,43;2;3,93;-1,50;1813094;4,66;SAT;NEGATIF;SAT;NEGATIF;AZALIYOR;AL;AL;UCUZ (AL);2;06.10.2026
KMPUR;izle;;12,5;2,4;6,1;4,0;0;0;zayif;42,7;31,9;30,2;asagi;zayif;zayif;asagi;0,25;-3,37;1;14,36;-1,58;7287772;17,15;SAT;NEGATIF;SAT;NEGATIF;AZALIYOR;AL;AL;NOTR;2;06.10.2026
SASA;izle;;12,5;2,0;6,5;4,0;0;0;zayif;26,5;33,5;19,5;asagi;zayif;zayif;asagi;0,26;-2,98;2;1,9;-2,06;2310112581;2,30;SAT;NEGATIF;SAT;NEGATIF;AZALIYOR;AL;AL;NOTR;2;06.10.2026
DENGE;izle;;12,5;1,9;6,6;4,0;0;0;zayif;26,0;33,6;22,8;asagi;zayif;zayif;asagi;0,35;-3,37;1;1,81;-1,63;11426780;2,02;SAT;NEGATIF;SAT;NEGATIF;AZALIYOR;AL;AL;UCUZ (AL);2;06.10.2026
ACSEL;izle;;12,4;2,4;10,0;0,0;0;0;zayif;43,4;31,5;28,7;asagi;zayif;zayif;asagi;0,33;-4,21;1;88,05;-1,07;3889785;99,82;AL;NEGATIF;SAT;NEGATIF;AZALIYOR;AL;AL;NOTR;3;06.10.2026
ECOGR;izle;;12,4;5,3;2,2;4,8;20;1;zayif;29,2;28,9;14,0;asagi;zayif;zayif;asagi;0,99;-4,10;4;24,38;-7,30;123882752;31,96;SAT;NEGATIF;SAT;NEGATIF;ARTIYOR;SAT;AL;NOTR;1;06.10.2026
BORLS;izle;;12,4;2,4;8,0;1,9;6;0;zayif;58,5;20,6;10,5;asagi;zayif;zayif;asagi;0,82;-7,70;3;1,62;1,25;38227688;2,18;AL;NEGATIF;SAT;NEGATIF;AZALIYOR;AL;AL;NOTR;3;06.10.2026
ADEL;izle;;12,4;2,4;5,9;4,0;6;0;zayif;30,2;31,5;29,4;asagi;zayif;zayif;asagi;0,31;-3,56;3;24,68;-0,08;14106742;28,51;SAT;NEGATIF;SAT;NEGATIF;AZALIYOR;AL;AL;UCUZ (AL);2;06.10.2026
ODINE;izle;;12,3;2,4;8,0;1,9;0;0;zayif;55,4;13,2;-0,0;asagi;zayif;zayif;asagi;0,81;-13,13;0;131,1;-9,96;1265771;291,41;AL;NEGATIF;SAT;NEGATIF;AZALIYOR;AL;AL;UCUZ (AL);3;06.10.2026
MNDTR;izle;;12,3;2,4;5,9;4,0;0;0;zayif;44,0;31,2;21,8;asagi;zayif;zayif;asagi;0,35;-3,93;2;4,1;-0,73;1879374;4,57;SAT;NEGATIF;SAT;NEGATIF;AZALIYOR;AL;AL;UCUZ (AL);2;06.10.2026
AKGRT;izle;;12,3;2,4;9,8;0,0;0;0;zayif;48,0;30,3;41,2;asagi;zayif;zayif;asagi;0,46;-5,08;2;5,17;-1,71;26877052;5,63;AL;NEGATIF;SAT;NEGATIF;AZALIYOR;AL;AL;UCUZ (AL);3;06.10.2026
INTEM;izle;;12,3;2,4;5,8;4,0;0;0;zayif;36,1;31,0;33,3;asagi;zayif;zayif;asagi;0,44;-3,55;1;198,1;-0,90;3885137;226,23;SAT;NEGATIF;SAT;NEGATIF;AZALIYOR;AL;AL;UCUZ (AL);2;06.10.2026
NIBAS;izle;;12,2;2,0;6,2;4,0;32;3;zayif;26,7;32,5;47,7;asagi;zayif;zayif;asagi;0,45;-3,42;2;2,9;-2,68;16847741;3,63;SAT;NEGATIF;SAT;NEGATIF;AZALIYOR;AL;AL;NOTR;2;06.10.2026
ARZUM;izle;;12,2;2,4;9,8;0,0;0;0;zayif;35,1;31,0;30,4;asagi;zayif;zayif;asagi;0,70;-4,77;2;1,18;-1,67;7972289;1,34;AL;NEGATIF;SAT;NEGATIF;AZALIYOR;AL;AL;UCUZ (AL);3;06.10.2026
RNPOL;izle;;12,2;2,4;7,3;2,4;0;0;zayif;41,9;36,1;27,8;asagi;zayif;zayif;asagi;0,85;-2,48;2;1,85;2,21;5466872;2,23;SAT;NEGATIF;SAT;NEGATIF;ARTIYOR;AL;AL;NOTR;2;06.10.2026
MZHLD;izle;;12,2;2,2;6,0;4,0;28;2;zayif;28,4;31,6;11,1;asagi;zayif;zayif;asagi;0,35;-2,93;3;4,24;0,47;1103329;5,07;SAT;NEGATIF;SAT;NEGATIF;AZALIYOR;AL;AL;UCUZ (AL);2;06.10.2026
BRYAT;izle;;12,1;2,3;9,8;0,0;0;0;zayif;29,0;37,6;31,4;asagi;zayif;zayif;asagi;0,57;-3,09;2;1463;-2,66;47569445;1605,51;SAT;NEGATIF;SAT;NEGATIF;AZALIYOR;AL;AL;UCUZ (AL);2;06.10.2026
PLTUR;izle;;12,1;2,4;5,7;4,0;10;0;zayif;34,0;30,6;25,9;asagi;zayif;zayif;asagi;0,47;-4,31;4;15,28;-2,05;9661040;17,27;SAT;NEGATIF;SAT;NEGATIF;AZALIYOR;AL;AL;UCUZ (AL);2;06.10.2026
DOFRB;izle;;12,0;2,4;9,6;0,0;0;0;zayif;39,8;30,3;31,6;asagi;zayif;zayif;asagi;0,48;-5,37;2;74,8;-1,58;118235687;91,77;AL;NEGATIF;SAT;NEGATIF;AZALIYOR;AL;AL;NOTR;3;06.10.2026
BRKSN;izle;;12,0;2,4;5,6;4,0;10;0;zayif;48,4;30,2;34,7;asagi;zayif;zayif;asagi;0,51;-3,59;4;6,06;-1,62;994282;6,70;SAT;NEGATIF;SAT;NEGATIF;AZALIYOR;AL;AL;UCUZ (AL);2;06.10.2026
ADESE;izle;;11,9;2,4;4,0;5,5;10;0;zayif;43,3;24,8;15,1;asagi;zayif;zayif;asagi;1,03;-5,09;5;0,61;-3,17;85242324;0,73;SAT;NEGATIF;SAT;NEGATIF;ARTIYOR;AL;AL;UCUZ (AL);2;06.10.2026
MERCN;izle;;11,9;2,4;4,5;5,0;6;0;zayif;43,5;26,6;29,5;asagi;zayif;zayif;asagi;0,76;-5,77;3;11,09;1,56;52816824;14,00;SAT;NEGATIF;SAT;NEGATIF;AZALIYOR;AL;AL;UCUZ (AL);2;06.10.2026
SILVR;izle;;11,9;2,4;5,5;4,0;6;0;zayif;48,9;29,9;13,3;asagi;zayif;zayif;asagi;0,50;-3,55;3;1,69;-1,17;1423078;1,92;SAT;NEGATIF;SAT;NEGATIF;AZALIYOR;AL;AL;UCUZ (AL);2;06.10.2026
SUMAS;izle;;11,9;2,4;5,5;4,0;0;0;zayif;44,0;29,9;34,4;asagi;zayif;zayif;asagi;0,55;-6,55;1;201,2;-3,27;312866;222,31;SAT;NEGATIF;SAT;NEGATIF;AZALIYOR;AL;AL;NOTR;2;06.10.2026
MARTI;izle;;11,8;2,4;9,4;0,0;0;0;zayif;33,8;43,0;22,7;asagi;zayif;zayif;asagi;0,14;-1,81;0;1,4;9,37;24458484;1,57;SAT;NEGATIF;SAT;NEGATIF;AZALIYOR;AL;AL;NOTR;2;06.10.2026
EDIP;izle;;11,8;0,8;7,0;4,0;40;5;zayif;17,9;35,1;43,4;asagi;zayif;zayif;asagi;0,39;-2,88;1;29,28;-0,95;8935729;33,43;SAT;NEGATIF;NOTR;NEGATIF;AZALIYOR;AL;AL;NOTR;2;06.10.2026
CONSE;izle;;11,7;2,4;5,3;4,0;0;0;zayif;38,7;29,3;11,8;asagi;zayif;zayif;asagi;0,55;-4,53;2;1,69;0,60;8731806;1,88;SAT;NEGATIF;SAT;NEGATIF;AZALIYOR;AL;AL;UCUZ (AL);2;06.10.2026
VAKFA;izle;;11,6;2,4;5,2;4,0;0;0;zayif;40,3;29,0;53,4;asagi;zayif;zayif;asagi;0,62;-3,92;2;9,02;-0,11;35979202;10,18;SAT;NEGATIF;SAT;NEGATIF;AZALIYOR;AL;AL;UCUZ (AL);2;06.10.2026
IHEVA;izle;;11,6;2,2;9,4;0,0;0;0;zayif;28,5;37,6;33,4;asagi;zayif;zayif;asagi;0,14;-2,47;2;1,66;0,61;401536;1,86;SAT;NEGATIF;SAT;NEGATIF;AZALIYOR;AL;AL;UCUZ (AL);2;06.10.2026
KIMMR;izle;;11,6;2,4;9,1;0,0;0;0;zayif;51,8;28,8;19,4;asagi;zayif;zayif;asagi;0,35;-4,44;2;10,82;-1,28;3494287;12,10;AL;NEGATIF;SAT;NEGATIF;AZALIYOR;AL;AL;UCUZ (AL);3;06.10.2026
TARKM;izle;;11,5;5,4;6,1;0,0;6;0;zayif;31,1;32,0;31,1;asagi;zayif;zayif;asagi;0,50;-3,19;3;373,25;-0,60;27114746;450,87;SAT;NEGATIF;SAT;NEGATIF;AZALIYOR;AL;AL;NOTR;2;06.10.2026
INGRM;izle;;11,5;1,4;6,1;4,1;6;0;zayif;22,2;31,9;28,0;asagi;zayif;zayif;asagi;0,95;-3,26;3;305,75;-1,37;10502818;351,80;SAT;NEGATIF;SAT;NEGATIF;AZALIYOR;AL;AL;UCUZ (AL);2;06.10.2026
CWENE;izle;;11,5;2,4;5,0;4,0;0;0;zayif;37,3;28,4;35,0;asagi;zayif;zayif;asagi;0,63;-5,76;2;18,66;0,43;344654137;23,78;SAT;NEGATIF;SAT;NEGATIF;AZALIYOR;AL;AL;UCUZ (AL);2;06.10.2026
RUZYE;izle;;11,5;2,4;5,0;4,0;10;1;zayif;36,4;28,4;32,4;asagi;zayif;zayif;asagi;0,60;-5,06;2;4,93;3,35;22685913;6,24;SAT;NEGATIF;SAT;NEGATIF;AZALIYOR;AL;AL;UCUZ (AL);2;06.10.2026
EUKYO;izle;;11,4;7,0;4,4;0,0;40;4;zayif;40,2;26,2;31,3;asagi;zayif;zayif;asagi;0,45;-2,97;0;9,5;0,64;3230285;11,64;SAT;NEGATIF;SAT;NEGATIF;AZALIYOR;SAT;AL;NOTR;1;06.10.2026
YIGIT;izle;;11,3;2,4;4,9;4,0;0;0;zayif;40,2;27,9;31,9;asagi;zayif;zayif;asagi;0,41;-4,82;2;16,7;-1,24;17056662;18,88;SAT;NEGATIF;SAT;NEGATIF;AZALIYOR;AL;AL;UCUZ (AL);2;06.10.2026
ZEDUR;izle;;11,3;2,4;4,0;4,8;10;0;zayif;56,0;23,9;29,5;asagi;zayif;zayif;asagi;0,99;-4,82;5;5,62;-0,35;6379858;6,37;SAT;NEGATIF;SAT;NEGATIF;AZALIYOR;AL;AL;UCUZ (AL);2;06.10.2026
BFREN;izle;;11,3;2,4;8,9;0,0;0;0;zayif;29,4;35,8;37,4;asagi;zayif;zayif;asagi;0,34;-3,22;2;108,1;-2,08;6959802;114,99;SAT;NEGATIF;SAT;NEGATIF;AZALIYOR;AL;AL;UCUZ (AL);2;06.10.2026
HURGZ;izle;;11,3;5,4;5,8;0,0;10;1;zayif;30,0;31,0;16,2;asagi;zayif;zayif;asagi;0,40;-3,56;2;5,18;0,97;14388180;6,33;SAT;NEGATIF;SAT;NEGATIF;AZALIYOR;AL;AL;NOTR;2;06.10.2026
ALKA;izle;;11,3;2,4;4,7;4,1;6;0;zayif;37,7;27,4;21,3;asagi;zayif;zayif;asagi;0,95;-4,95;3;6,13;-0,33;11915230;6,90;SAT;NEGATIF;SAT;NEGATIF;AZALIYOR;AL;AL;UCUZ (AL);2;06.10.2026
ODAS;izle;;11,3;5,3;6,0;0,0;0;0;zayif;28,6;31,7;51,2;asagi;zayif;zayif;asagi;0,41;-3,36;2;5,94;-1,98;151517276;6,98;SAT;NEGATIF;SAT;NEGATIF;AZALIYOR;SAT;AL;NOTR;1;06.10.2026
ELITE;izle;;11,2;2,4;8,8;0,0;0;0;zayif;50,4;27,7;25,9;asagi;zayif;zayif;asagi;0,21;-5,53;2;20;0,50;3590160;22,36;AL;NEGATIF;SAT;NEGATIF;AZALIYOR;AL;AL;UCUZ (AL);3;06.10.2026
DITAS;izle;;11,0;2,4;8,5;0,1;0;0;zayif;48,1;26,7;53,0;asagi;zayif;zayif;asagi;0,71;-6,71;1;9;-1,53;31206141;12,93;AL;NEGATIF;SAT;NEGATIF;AZALIYOR;AL;AL;UCUZ (AL);3;06.10.2026
REEDR;izle;;11,0;2,4;4,0;4,6;0;0;zayif;40,7;22,0;14,3;asagi;zayif;zayif;asagi;0,97;-5,65;2;3,49;-1,41;106877191;4,20;SAT;NEGATIF;SAT;NEGATIF;AZALIYOR;AL;AL;UCUZ (AL);2;06.10.2026
SUWEN;izle;;11,0;2,4;7,3;1,3;10;1;zayif;31,3;35,9;19,9;asagi;zayif;zayif;asagi;0,78;-2,40;2;5,15;-0,39;16033387;6,21;SAT;NEGATIF;SAT;NEGATIF;AZALIYOR;AL;AL;UCUZ (AL);2;06.10.2026
JANTS;izle;;10,9;1,7;9,3;0,0;10;0;zayif;24,3;34,8;31,2;asagi;zayif;zayif;asagi;0,30;-2,77;4;13,39;-0,07;14032439;15,14;SAT;NEGATIF;SAT;NEGATIF;AZALIYOR;SAT;AL;UCUZ (AL);1;06.10.2026
SURGY;izle;;10,9;2,4;8,0;0,4;10;0;zayif;45,7;16,0;24,1;asagi;zayif;zayif;asagi;0,73;-9,87;4;19,97;-1,72;29588890;24,06;AL;NEGATIF;SAT;NEGATIF;AZALIYOR;AL;AL;UCUZ (AL);3;06.10.2026
SMART;izle;;10,8;2,0;4,8;4,0;0;0;zayif;26,9;27,7;38,6;asagi;zayif;zayif;asagi;0,65;-4,94;2;16,1;-4,34;7853693;18,27;SAT;NEGATIF;SAT;NEGATIF;AZALIYOR;AL;AL;NOTR;2;06.10.2026
EKOS;izle;;10,8;2,4;8,4;0,0;6;0;zayif;44,1;26,2;41,6;asagi;zayif;zayif;asagi;0,67;-5,86;3;3,39;-2,59;18081511;3,99;AL;NEGATIF;SAT;NEGATIF;AZALIYOR;AL;AL;UCUZ (AL);3;06.10.2026
MMCAS;izle;;10,8;2,4;4,0;4,4;0;0;zayif;51,3;23,2;16,9;asagi;zayif;zayif;asagi;0,72;-10,15;2;16,8;5,26;1526045;21,65;SAT;NEGATIF;SAT;NEGATIF;AZALIYOR;AL;AL;UCUZ (AL);2;06.10.2026
AZTEK;izle;;10,7;2,4;8,2;0,0;10;1;zayif;35,6;39,0;60,2;asagi;zayif;zayif;asagi;0,26;-2,29;2;3,21;-0,31;7038333;4,03;SAT;NEGATIF;SAT;NEGATIF;AZALIYOR;AL;SAT;NOTR;1;06.10.2026
TSGYO;izle;;10,6;2,4;8,2;0,0;10;0;zayif;32,5;35,9;22,3;asagi;zayif;zayif;asagi;0,53;-3,65;4;4,87;-3,18;3510798;5,32;SAT;NEGATIF;SAT;NEGATIF;AZALIYOR;AL;AL;UCUZ (AL);2;06.10.2026
ONRYT;izle;;10,6;2,4;4,1;4,0;6;0;zayif;42,0;25,4;18,1;asagi;zayif;zayif;asagi;0,52;-4,91;3;9,63;-3,12;16783308;11,68;SAT;NEGATIF;SAT;NEGATIF;AZALIYOR;AL;AL;UCUZ (AL);2;06.10.2026
SMRVA;izle;;10,6;2,4;8,1;0,0;6;0;zayif;40,0;25,4;12,6;asagi;zayif;zayif;asagi;0,58;-6,05;3;6,84;-0,15;26584214;8,23;AL;NEGATIF;SAT;NEGATIF;AZALIYOR;AL;AL;UCUZ (AL);3;06.10.2026
ALVES;izle;;10,6;2,4;8,0;0,1;0;0;zayif;56,9;25,0;26,8;asagi;zayif;zayif;asagi;0,71;-11,51;2;0,61;8,93;8284968;0,65;AL;NEGATIF;SAT;NEGATIF;AZALIYOR;AL;AL;UCUZ (AL);3;06.10.2026
ERBOS;izle;;10,5;2,4;4,1;4,0;6;0;zayif;40,4;25,3;5,2;asagi;zayif;zayif;asagi;0,13;-4,67;3;116,5;-1,35;3619422;131,78;SAT;NEGATIF;SAT;NEGATIF;AZALIYOR;AL;AL;UCUZ (AL);2;06.10.2026
AGROT;izle;;10,5;2,4;8,1;0,0;6;0;zayif;30,2;25,3;18,2;asagi;zayif;zayif;asagi;0,41;-6,34;3;1,38;-0,72;19244441;1,55;AL;NEGATIF;SAT;NEGATIF;AZALIYOR;AL;AL;UCUZ (AL);3;06.10.2026
BESLR;izle;;10,5;2,4;8,1;0,0;0;0;zayif;31,0;33,1;49,6;asagi;zayif;zayif;asagi;0,63;-3,58;1;10,91;-1,00;14385282;12,03;SAT;NEGATIF;SAT;NEGATIF;ARTIYOR;AL;AL;NOTR;2;06.10.2026
BOSSA;izle;;10,5;1,1;9,4;0,0;6;0;zayif;20,2;33,0;48,1;asagi;zayif;zayif;asagi;0,08;-2,18;3;5,78;-1,70;1695985;6,69;SAT;NEGATIF;SAT;NEGATIF;AZALIYOR;SAT;SAT;NOTR;0;06.10.2026
KCAER;izle;;10,4;2,4;4,0;4,0;0;0;zayif;52,0;23,6;38,8;asagi;zayif;zayif;asagi;0,61;-4,89;1;10,36;-1,52;91012403;12,02;SAT;NEGATIF;SAT;NEGATIF;AZALIYOR;AL;SAT;NOTR;1;06.10.2026
GIPTA;izle;;10,4;2,4;4,0;4,0;0;0;zayif;41,2;21,5;25,6;asagi;zayif;zayif;asagi;0,48;-6,63;0;28,02;0,29;51339757;39,76;SAT;NEGATIF;SAT;NEGATIF;AZALIYOR;AL;AL;UCUZ (AL);2;06.10.2026
RUBNS;izle;;10,4;2,4;4,0;4,0;0;0;zayif;50,7;21,0;34,8;asagi;zayif;zayif;asagi;0,54;-4,98;2;15,6;0,71;17994569;20,89;SAT;NEGATIF;SAT;NEGATIF;AZALIYOR;AL;AL;UCUZ (AL);2;06.10.2026
KOPOL;izle;;10,4;2,4;4,0;4,0;6;0;zayif;46,1;24,5;16,2;asagi;zayif;zayif;asagi;0,50;-6,21;3;3,22;1,26;15069967;3,76;SAT;NEGATIF;SAT;NEGATIF;AZALIYOR;AL;AL;UCUZ (AL);2;06.10.2026
HEDEF;izle;;10,4;2,4;8,0;0,0;0;0;zayif;55,6;18,2;37,2;asagi;zayif;zayif;asagi;0,10;-14,12;0;10,32;9,90;14565679;18,22;AL;NEGATIF;SAT;NEGATIF;AZALIYOR;AL;AL;UCUZ (AL);3;06.10.2026
ATAKP;izle;;10,4;2,4;8,0;0,0;0;0;zayif;52,4;24,1;38,0;asagi;zayif;zayif;asagi;0,42;-5,44;2;32,74;-0,24;4726314;37,28;AL;NEGATIF;SAT;NEGATIF;AZALIYOR;AL;AL;UCUZ (AL);3;06.10.2026
ALCTL;izle;;10,4;2,4;8,0;0,0;10;0;zayif;63,3;24,3;33,0;asagi;zayif;zayif;asagi;0,39;-5,77;4;83,75;-0,83;11617465;99,26;AL;NEGATIF;SAT;NEGATIF;AZALIYOR;AL;AL;NOTR;3;06.10.2026
ALKIM;izle;;10,4;2,4;4,0;4,0;28;2;zayif;44,2;21,0;21,0;asagi;zayif;zayif;asagi;0,40;-5,35;3;11,98;-0,66;6380871;13,46;SAT;NEGATIF;SAT;NEGATIF;AZALIYOR;AL;AL;UCUZ (AL);2;06.10.2026
SNICA;izle;;10,4;2,4;4,0;4,0;6;0;zayif;36,6;25,0;24,0;asagi;zayif;zayif;asagi;0,60;-5,79;3;2,3;0,00;10464552;2,61;SAT;NEGATIF;SAT;NEGATIF;AZALIYOR;AL;AL;UCUZ (AL);2;06.10.2026
EMKEL;izle;;10,4;2,4;8,0;0,0;6;0;zayif;70,4;10,6;17,4;asagi;zayif;zayif;asagi;0,57;-9,49;3;7,37;-1,73;13640831;9,11;AL;NEGATIF;SAT;NEGATIF;AZALIYOR;AL;AL;UCUZ (AL);3;06.10.2026
FORMT;izle;;10,4;2,4;8,0;0,0;10;0;zayif;66,1;22,4;14,0;asagi;zayif;zayif;asagi;0,55;-7,39;4;0,98;0,00;12283933;1,13;AL;NEGATIF;SAT;NEGATIF;AZALIYOR;AL;AL;UCUZ (AL);3;06.10.2026
IHLAS;izle;;10,3;1,5;8,8;0,0;22;2;zayif;23,0;37,9;22,3;asagi;zayif;zayif;asagi;0,24;-2,99;2;0,89;0,00;29916189;1,01;SAT;NEGATIF;SAT;NEGATIF;AZALIYOR;AL;AL;UCUZ (AL);2;06.10.2026
TMSN;izle;;10,2;1,7;4,6;4,0;10;0;zayif;24,4;26,9;37,8;asagi;zayif;zayif;asagi;0,50;-4,09;4;57,05;-2,89;22168774;66,65;SAT;NEGATIF;SAT;NEGATIF;ARTIYOR;AL;AL;UCUZ (AL);2;06.10.2026
CEMAS;izle;;10,2;2,4;7,0;0,7;10;0;zayif;30,0;35,2;30,3;asagi;zayif;zayif;asagi;0,74;-3,22;4;3,18;1,27;23124753;3,72;SAT;NEGATIF;SAT;NEGATIF;AZALIYOR;AL;AL;NOTR;2;06.10.2026
GATEG;izle;;10,2;2,4;4,0;3,7;0;0;zayif;38,8;24,1;15,7;asagi;zayif;zayif;asagi;0,92;-7,86;1;115;-0,17;4912685;156,84;SAT;NEGATIF;SAT;NEGATIF;AZALIYOR;SAT;SAT;UCUZ (AL);0;06.10.2026
DGNMO;izle;;10,0;2,4;4,0;3,5;0;0;zayif;63,0;14,9;15,1;asagi;zayif;zayif;asagi;0,91;-6,33;2;3,68;-2,39;11230028;5,05;SAT;NEGATIF;SAT;NEGATIF;AZALIYOR;AL;AL;NOTR;2;06.10.2026
DUNYH;izle;;9,9;2,4;4,0;3,4;0;0;zayif;66,4;11,2;4,5;asagi;zayif;zayif;asagi;0,91;-10,02;1;27,5;10,00;44954470;44,27;SAT;NEGATIF;SAT;NEGATIF;AZALIYOR;AL;AL;UCUZ (AL);2;06.10.2026
ADGYO;izle;;9,8;2,4;7,4;0,0;6;0;zayif;30,1;36,3;34,2;asagi;zayif;zayif;asagi;0,36;-2,27;3;46;1,14;22642074;55,38;SAT;NEGATIF;SAT;NEGATIF;AZALIYOR;SAT;AL;UCUZ (AL);1;06.10.2026
TURSG;izle;;9,7;2,4;1,2;6,1;0;0;zayif;33,6;22,7;55,6;asagi;zayif;zayif;asagi;1,07;-3,62;2;5,2;-4,06;611326638;6,04;SAT;NEGATIF;SAT;NEGATIF;ARTIYOR;SAT;AL;NOTR;1;06.10.2026
EFOR;izle;;9,7;1,8;7,9;0,0;0;0;zayif;25,0;37,9;43,7;asagi;zayif;zayif;asagi;0,26;-2,21;2;14,2;2,08;277406855;17,52;SAT;NEGATIF;SAT;NEGATIF;AZALIYOR;AL;AL;UCUZ (AL);2;06.10.2026
GOZDE;izle;;9,6;2,4;7,2;0,0;0;0;zayif;30,2;34,1;37,7;asagi;zayif;zayif;asagi;0,55;-2,89;1;19,22;-0,72;14199525;21,60;SAT;NEGATIF;SAT;NEGATIF;AZALIYOR;AL;AL;NOTR;2;06.10.2026
IHYAY;izle;;9,6;1,4;8,2;0,0;0;0;zayif;22,2;37,2;34,1;asagi;zayif;zayif;asagi;0,57;-3,07;2;1,03;-0,96;2036501;1,20;SAT;NEGATIF;SAT;NEGATIF;AZALIYOR;AL;AL;UCUZ (AL);2;06.10.2026
KUTPO;izle;;9,5;2,4;7,1;0,0;10;0;zayif;30,4;33,2;23,2;asagi;zayif;zayif;asagi;0,40;-3,53;5;66,95;0,37;4706451;73,55;SAT;NEGATIF;SAT;NEGATIF;AZALIYOR;AL;AL;UCUZ (AL);2;06.10.2026
PRZMA;izle;;9,4;5,4;4,0;0,0;0;0;zayif;45,9;16,2;0,0;asagi;zayif;zayif;asagi;0,07;-8,77;0;14,44;-9,98;286331;26,00;SAT;NEGATIF;SAT;NEGATIF;AZALIYOR;AL;SAT;NOTR;1;06.10.2026
BINHO;izle;;9,4;2,4;5,7;1,2;6;0;zayif;37,5;30,7;57,3;asagi;zayif;zayif;asagi;0,77;-4,16;3;6,13;-0,81;145148702;7,82;SAT;NEGATIF;SAT;NEGATIF;AZALIYOR;AL;AL;UCUZ (AL);2;06.10.2026
ZOREN;izle;;9,3;2,4;4,7;2,1;10;0;zayif;37,7;27,4;6,3;asagi;zayif;zayif;asagi;0,83;-3,93;4;1,86;-1,59;143109477;2,19;SAT;NEGATIF;SAT;NEGATIF;AZALIYOR;SAT;AL;UCUZ (AL);1;06.10.2026
BMSTL;izle;;9,1;4,6;4,5;0,0;32;2;zayif;24,0;35,3;3,8;asagi;zayif;zayif;asagi;0,49;-2,32;5;37,34;-3,86;79660783;45,76;SAT;NEGATIF;SAT;NEGATIF;AZALIYOR;SAT;AL;NOTR;1;06.10.2026
ERCB;izle;;9,1;2,4;6,3;0,4;0;0;zayif;33,1;32,5;45,7;asagi;zayif;zayif;asagi;0,72;-4,16;2;35,3;-1,56;17743545;40,55;SAT;NEGATIF;SAT;NEGATIF;AZALIYOR;AL;AL;UCUZ (AL);2;06.10.2026
ARTMS;izle;;9,0;1,0;6,7;1,4;10;0;zayif;19,2;36,5;36,9;asagi;zayif;zayif;asagi;0,78;-2,01;4;33,2;-3,09;17926041;40,58;SAT;NEGATIF;NOTR;POZITIF;AZALIYOR;SAT;AL;NOTR;2;06.10.2026
OYYAT;izle;;9,0;1,2;6,2;1,5;0;0;zayif;20,9;32,3;51,7;asagi;zayif;zayif;asagi;0,79;-3,17;1;27,66;-1,21;21554498;32,28;SAT;NEGATIF;SAT;NEGATIF;AZALIYOR;AL;SAT;UCUZ (AL);1;06.10.2026
ISFIN;izle;;8,9;2,4;6,2;0,3;6;0;zayif;33,2;23,7;50,2;asagi;zayif;zayif;asagi;0,55;-3,41;3;17,07;-1,10;14626925;18,80;SAT;NEGATIF;SAT;NEGATIF;AZALIYOR;SAT;SAT;NOTR;0;06.10.2026
DOAS;izle;;8,9;2,4;6,5;0,0;6;0;zayif;38,8;30,8;36,8;asagi;zayif;zayif;asagi;0,65;-4,59;3;144,9;-0,62;78764887;156,39;SAT;NEGATIF;SAT;NEGATIF;AZALIYOR;AL;AL;UCUZ (AL);2;06.10.2026
GEDZA;izle;;8,9;2,4;6,5;0,0;6;0;zayif;40,9;33,2;24,9;asagi;zayif;zayif;asagi;0,54;-3,81;3;22,7;0,44;3942990;24,40;SAT;NEGATIF;SAT;NEGATIF;AZALIYOR;AL;AL;NOTR;2;06.10.2026
TSPOR;izle;;8,7;2,4;6,2;0,0;10;0;zayif;38,2;32,5;24,0;asagi;zayif;zayif;asagi;0,33;-3,08;4;0,82;0,00;64862271;0,94;SAT;NEGATIF;SAT;NEGATIF;AZALIYOR;AL;AL;UCUZ (AL);2;06.10.2026
DARDL;izle;;8,7;2,4;4,2;2,1;6;0;zayif;50,7;25,5;21,5;asagi;zayif;zayif;asagi;0,83;-5,48;3;1,14;-0,87;13728855;1,30;SAT;NEGATIF;SAT;NEGATIF;AZALIYOR;AL;AL;UCUZ (AL);2;06.10.2026
AKYHO;izle;;8,6;2,4;6,2;0,0;0;0;zayif;38,8;32,3;42,0;asagi;zayif;zayif;asagi;0,57;-3,53;1;1,59;-0,63;1595419;1,92;SAT;NEGATIF;SAT;NEGATIF;AZALIYOR;AL;AL;UCUZ (AL);2;06.10.2026
GRTHO;izle;;8,6;2,4;6,1;0,1;0;0;zayif;35,5;31,9;36,5;asagi;zayif;zayif;asagi;0,71;-4,67;1;114,2;5,25;158275376;155,11;SAT;NEGATIF;SAT;NEGATIF;AZALIYOR;AL;AL;UCUZ (AL);2;06.10.2026
INVEO;izle;;8,5;2,4;6,0;0,0;0;0;zayif;29,9;31,8;46,5;asagi;zayif;zayif;asagi;0,43;-3,64;2;5,6;0,54;13995643;6,41;SAT;NEGATIF;SAT;NEGATIF;AZALIYOR;AL;AL;UCUZ (AL);2;06.10.2026
AYEN;izle;;8,5;2,2;6,3;0,0;0;0;zayif;28,1;32,6;40,6;asagi;zayif;zayif;asagi;0,39;-3,72;2;25,72;-2,65;5184586;29,17;SAT;NEGATIF;SAT;NEGATIF;AZALIYOR;AL;AL;NOTR;2;06.10.2026
NATEN;izle;;8,4;2,4;5,1;0,8;10;0;zayif;39,5;28,8;26,9;asagi;zayif;zayif;asagi;0,75;-5,08;4;4;-0,74;19570156;4,52;SAT;NEGATIF;SAT;NEGATIF;AZALIYOR;AL;AL;UCUZ (AL);2;06.10.2026
GOKNR;izle;;8,4;2,1;6,2;0,0;0;0;zayif;27,6;32,5;39,4;asagi;zayif;zayif;asagi;0,39;-4,39;1;14,47;-1,03;21946157;16,93;SAT;NEGATIF;SAT;NEGATIF;AZALIYOR;AL;SAT;UCUZ (AL);1;06.10.2026
YAYLA;izle;;8,2;2,4;5,7;0,0;6;0;zayif;38,5;30,8;28,9;asagi;zayif;zayif;asagi;0,62;-4,44;3;14,21;0,50;8635346;16,88;SAT;NEGATIF;SAT;NEGATIF;AZALIYOR;AL;AL;UCUZ (AL);2;06.10.2026
BVSAN;izle;;8,2;2,3;5,9;0,0;10;0;zayif;28,7;31,4;17,4;asagi;zayif;zayif;asagi;0,33;-4,41;4;71,95;-2,84;38179260;90,53;SAT;NEGATIF;SAT;NEGATIF;AZALIYOR;AL;AL;UCUZ (AL);2;06.10.2026
AYCES;izle;;8,2;0,6;7,6;0,0;0;0;zayif;16,3;37,0;33,3;asagi;zayif;zayif;asagi;0,47;-3,57;1;366;-0,48;12487554;403,41;SAT;NEGATIF;NOTR;NEGATIF;AZALIYOR;AL;AL;NOTR;2;06.10.2026
NUGYO;izle;;8,1;2,4;5,7;0,0;6;0;zayif;42,5;30,6;23,8;asagi;zayif;zayif;asagi;0,40;-3,56;3;7,37;-1,07;4253139;8,22;SAT;NEGATIF;SAT;NEGATIF;AZALIYOR;AL;AL;UCUZ (AL);2;06.10.2026
BIZIM;izle;;8,1;2,4;5,7;0,0;16;1;zayif;35,1;30,6;20,5;asagi;zayif;zayif;asagi;0,36;-4,12;3;19,41;-0,82;1801462;21,85;SAT;NEGATIF;SAT;NEGATIF;AZALIYOR;AL;AL;UCUZ (AL);2;06.10.2026
KLNMA;izle;;8,1;2,4;5,7;0,0;6;0;zayif;36,4;28,8;24,6;asagi;zayif;zayif;asagi;0,61;-6,07;3;7,5;-0,66;804428;8,03;SAT;NEGATIF;SAT;NEGATIF;AZALIYOR;AL;AL;NOTR;2;06.10.2026
KLSER;izle;;8,1;2,4;5,6;0,0;0;0;zayif;39,0;30,5;25,1;asagi;zayif;zayif;asagi;0,38;-5,23;2;19,04;-0,57;6216922;20,77;SAT;NEGATIF;SAT;NEGATIF;AZALIYOR;AL;AL;UCUZ (AL);2;06.10.2026
AKENR;izle;;8,0;2,4;5,6;0,0;10;0;zayif;35,1;30,3;27,6;asagi;zayif;zayif;asagi;0,53;-3,96;4;8,03;-0,50;22979772;9,20;SAT;NEGATIF;SAT;NEGATIF;AZALIYOR;AL;AL;UCUZ (AL);2;06.10.2026
BEGYO;izle;;8,0;2,4;5,5;0,0;6;0;zayif;31,3;30,1;46,4;asagi;zayif;zayif;asagi;0,31;-4,59;3;2,6;-1,14;3213332;2,99;SAT;NEGATIF;SAT;NEGATIF;AZALIYOR;AL;AL;UCUZ (AL);2;06.10.2026
YYLGD;izle;;8,0;2,4;5,5;0,0;0;0;zayif;35,1;30,1;30,9;asagi;zayif;zayif;asagi;0,42;-5,02;0;7,46;-0,80;19299878;8,36;SAT;NEGATIF;SAT;NEGATIF;AZALIYOR;AL;AL;UCUZ (AL);2;06.10.2026
BAYRK;izle;;7,9;2,4;4,0;1,5;10;0;zayif;42,2;24,1;9,0;asagi;zayif;zayif;asagi;0,79;-6,05;5;2,72;-2,86;8739624;3,25;SAT;NEGATIF;SAT;NEGATIF;AZALIYOR;AL;AL;UCUZ (AL);2;06.10.2026
KAYSE;izle;;7,8;2,4;5,3;0,0;10;0;zayif;46,0;29,3;15,5;asagi;zayif;zayif;asagi;0,43;-4,12;4;3,11;-1,27;10210948;3,51;SAT;NEGATIF;SAT;NEGATIF;ARTIYOR;AL;AL;UCUZ (AL);2;06.10.2026
IHLGM;izle;;7,7;2,4;5,3;0,0;16;1;zayif;31,5;29,2;14,3;asagi;zayif;zayif;asagi;0,25;-4,46;3;1,2;0,00;9520813;1,37;SAT;NEGATIF;SAT;NEGATIF;AZALIYOR;AL;AL;UCUZ (AL);2;06.10.2026
POLTK;izle;;7,5;2,4;5,1;0,0;0;0;zayif;32,8;28,6;24,6;asagi;zayif;zayif;asagi;0,55;-4,46;2;3010;0,33;17373720;3426,56;SAT;NEGATIF;SAT;NEGATIF;AZALIYOR;AL;AL;UCUZ (AL);2;06.10.2026
EYGYO;izle;;7,5;2,4;5,1;0,0;6;0;zayif;35,3;28,5;17,8;asagi;zayif;zayif;asagi;0,59;-3,31;3;1,93;1,05;9903984;2,26;SAT;NEGATIF;SAT;NEGATIF;AZALIYOR;AL;AL;UCUZ (AL);2;06.10.2026
HATSN;izle;;7,4;2,4;5,0;0,0;0;0;zayif;31,3;28,2;33,0;asagi;zayif;zayif;asagi;0,46;-5,04;2;30;-3,54;72467790;41,37;SAT;NEGATIF;SAT;NEGATIF;AZALIYOR;AL;AL;NOTR;2;06.10.2026
LILAK;izle;;7,4;2,0;5,4;0,0;0;0;zayif;27,0;29,5;48,3;asagi;zayif;zayif;asagi;0,22;-4,00;2;23,72;-0,59;17242021;26,71;SAT;NEGATIF;SAT;NEGATIF;AZALIYOR;AL;AL;UCUZ (AL);2;06.10.2026
QUAGR;izle;;7,4;2,4;4,9;0,0;0;0;zayif;38,9;28,1;23,9;asagi;zayif;zayif;asagi;0,55;-5,47;2;1,96;-2,97;44779209;2,44;SAT;NEGATIF;SAT;NEGATIF;AZALIYOR;AL;AL;NOTR;2;06.10.2026
LKMNH;izle;;7,4;2,4;4,9;0,0;20;1;zayif;43,0;33,6;32,2;asagi;zayif;zayif;asagi;0,52;-3,46;4;11,1;-2,12;16591081;12,76;SAT;NEGATIF;SAT;NEGATIF;ARTIYOR;AL;SAT;UCUZ (AL);1;06.10.2026
OSTIM;izle;;7,3;2,1;5,3;0,0;10;0;zayif;27,3;29,2;22,9;asagi;zayif;zayif;asagi;0,67;-4,29;4;1,21;-0,82;9697832;1,40;SAT;NEGATIF;SAT;NEGATIF;AZALIYOR;AL;AL;UCUZ (AL);2;06.10.2026
DYOBY;izle;;7,3;2,4;4,8;0,0;6;0;zayif;40,4;27,8;21,6;asagi;zayif;zayif;asagi;0,70;-4,50;3;10,35;-0,58;8975396;11,60;SAT;NEGATIF;SAT;NEGATIF;AZALIYOR;AL;AL;UCUZ (AL);2;06.10.2026
IMASM;izle;;7,2;2,4;4,8;0,0;6;0;zayif;30,0;27,5;23,0;asagi;zayif;zayif;asagi;0,48;-5,64;3;1,59;-1,24;15363305;1,81;SAT;NEGATIF;SAT;NEGATIF;AZALIYOR;AL;AL;UCUZ (AL);2;06.10.2026
PENTA;izle;;7,2;2,4;4,7;0,0;10;0;zayif;37,4;27,5;24,2;asagi;zayif;zayif;asagi;0,52;-4,78;4;9,97;0,50;9223755;10,95;SAT;NEGATIF;SAT;NEGATIF;AZALIYOR;AL;AL;UCUZ (AL);2;06.10.2026
AVOD;izle;;7,2;2,4;4,7;0,0;0;0;zayif;33,6;27,5;27,9;asagi;zayif;zayif;asagi;0,65;-3,98;2;2,92;-1,68;12690209;3,54;SAT;NEGATIF;SAT;NEGATIF;AZALIYOR;AL;AL;NOTR;2;06.10.2026
VAKFN;izle;;7,2;2,4;4,7;0,0;10;0;zayif;57,0;27,4;20,4;asagi;zayif;zayif;asagi;0,26;-4,49;5;0,94;-1,05;14601118;1,04;SAT;NEGATIF;SAT;NEGATIF;AZALIYOR;AL;AL;UCUZ (AL);2;06.10.2026
GLCVY;izle;;7,1;2,4;4,7;0,0;10;0;zayif;36,0;27,3;10,2;asagi;zayif;zayif;asagi;0,30;-4,19;5;40,5;-0,64;8144955;46,56;SAT;NEGATIF;SAT;NEGATIF;AZALIYOR;AL;AL;UCUZ (AL);2;06.10.2026
MAKTK;izle;;7,1;2,4;4,6;0,0;10;0;zayif;42,5;27,1;24,4;asagi;zayif;zayif;asagi;0,61;-5,15;4;6,65;-1,04;8915815;7,77;SAT;NEGATIF;SAT;NEGATIF;AZALIYOR;AL;AL;UCUZ (AL);2;06.10.2026
EUREN;izle;;7,1;2,4;4,6;0,0;6;0;zayif;43,4;27,0;22,8;asagi;zayif;zayif;asagi;0,57;-5,59;3;2,82;-1,74;35965448;3,25;SAT;NEGATIF;SAT;NEGATIF;AZALIYOR;AL;AL;UCUZ (AL);2;06.10.2026
ESEN;izle;;7,0;2,4;4,6;0,0;10;0;zayif;43,1;26,9;9,9;asagi;zayif;zayif;asagi;0,68;-4,95;4;2,55;0,39;41673036;2,92;SAT;NEGATIF;SAT;NEGATIF;AZALIYOR;AL;AL;UCUZ (AL);2;06.10.2026
MRSHL;izle;;6,9;1,1;5,8;0,0;10;0;zayif;19,9;31,0;22,9;asagi;zayif;zayif;asagi;0,40;-2,93;4;1306;0,00;19845976;1563,61;SAT;NEGATIF;NOTR;NEGATIF;AZALIYOR;SAT;AL;NOTR;1;06.10.2026
PENGD;izle;;6,8;2,4;4,3;0,0;10;0;zayif;45,0;26,0;23,4;asagi;zayif;zayif;asagi;0,37;-5,47;5;6,98;0,87;7546790;7,72;SAT;NEGATIF;SAT;NEGATIF;AZALIYOR;AL;AL;NOTR;2;06.10.2026
MEKAG;izle;;6,7;2,4;4,0;0,3;0;0;zayif;41,1;20,7;28,7;asagi;zayif;zayif;asagi;0,72;-6,10;2;2;-2,44;9113214;2,35;SAT;NEGATIF;SAT;NEGATIF;AZALIYOR;AL;AL;UCUZ (AL);2;06.10.2026
MARBL;izle;;6,6;2,4;4,1;0,0;10;0;zayif;45,5;25,5;35,2;asagi;zayif;zayif;asagi;0,47;-4,71;4;9;0,11;5411952;10,16;SAT;NEGATIF;SAT;NEGATIF;AZALIYOR;AL;AL;UCUZ (AL);2;06.10.2026
IZINV;izle;;6,5;2,4;4,0;0,1;10;0;zayif;38,6;21,7;12,2;asagi;zayif;zayif;asagi;0,70;-6,24;4;31,04;-1,08;5848122;37,61;SAT;NEGATIF;SAT;NEGATIF;ARTIYOR;AL;AL;UCUZ (AL);2;06.10.2026
BULGS;izle;;6,4;2,4;4,0;0,0;0;0;zayif;65,9;20,5;26,4;asagi;zayif;zayif;asagi;0,43;-8,06;2;13,03;9,96;37411358;16,93;SAT;NEGATIF;SAT;NEGATIF;AZALIYOR;AL;AL;UCUZ (AL);2;06.10.2026
GSRAY;izle;;6,4;2,4;4,0;0,0;10;0;zayif;47,3;24,3;8,3;asagi;zayif;zayif;asagi;0,46;-4,91;4;0,8;0,00;49245149;0,90;SAT;NEGATIF;SAT;NEGATIF;AZALIYOR;AL;AL;UCUZ (AL);2;06.10.2026
BIENY;izle;;6,4;2,4;4,0;0,0;6;0;zayif;42,7;23,3;25,5;asagi;zayif;zayif;asagi;0,59;-5,46;3;14,52;-1,96;13180472;16,98;SAT;NEGATIF;SAT;NEGATIF;AZALIYOR;AL;AL;UCUZ (AL);2;06.10.2026
LYDHO;izle;;6,4;2,4;4,0;0,0;0;0;zayif;70,2;19,9;20,4;asagi;zayif;zayif;asagi;0,50;-10,45;0;47,2;9,97;22228746;58,66;SAT;NEGATIF;SAT;NEGATIF;AZALIYOR;AL;AL;UCUZ (AL);2;06.10.2026
SANFM;izle;;6,4;2,4;4,0;0,0;10;0;zayif;50,3;23,9;30,5;asagi;zayif;zayif;asagi;0,69;-6,47;4;4,22;2,93;23081265;5,31;SAT;NEGATIF;SAT;NEGATIF;AZALIYOR;AL;AL;UCUZ (AL);2;06.10.2026
GENIL;izle;;6,4;2,4;4,0;0,0;40;5;zayif;48,3;18,3;6,0;asagi;zayif;zayif;asagi;0,18;-6,61;2;4,3;-9,85;44932700;6,38;SAT;NEGATIF;SAT;NEGATIF;AZALIYOR;SAT;SAT;UCUZ (AL);0;06.10.2026
HATEK;izle;;6,4;2,4;4,0;0,0;0;0;zayif;37,1;21,1;1,4;asagi;zayif;zayif;asagi;0,33;-5,37;2;8,06;0,12;3587877;9,75;SAT;NEGATIF;SAT;NEGATIF;AZALIYOR;AL;AL;UCUZ (AL);2;06.10.2026
LRSHO;izle;;6,4;2,4;4,0;0,0;10;0;zayif;30,5;22,8;19,9;asagi;zayif;zayif;asagi;0,64;-5,49;4;1,82;-2,67;18370117;2,14;SAT;NEGATIF;SAT;NEGATIF;AZALIYOR;AL;AL;UCUZ (AL);2;06.10.2026
IZFAS;izle;;6,4;2,4;4,0;0,0;0;0;zayif;43,4;16,7;0,0;asagi;zayif;zayif;asagi;0,13;-9,34;0;10,53;-10,00;3209407;19,46;SAT;NEGATIF;SAT;NEGATIF;AZALIYOR;AL;SAT;UCUZ (AL);1;06.10.2026
DOKTA;izle;;6,4;2,4;4,0;0,0;0;0;zayif;45,1;24,8;16,2;asagi;zayif;zayif;asagi;0,24;-4,79;2;15,87;-1,79;1898528;18,53;SAT;NEGATIF;SAT;NEGATIF;AZALIYOR;AL;AL;UCUZ (AL);2;06.10.2026
VSNMD;izle;;6,4;2,4;4,0;0,0;6;0;zayif;46,3;20,3;11,0;asagi;zayif;zayif;asagi;0,44;-6,80;3;27,78;-1,77;13218252;32,45;SAT;NEGATIF;SAT;NEGATIF;AZALIYOR;AL;AL;UCUZ (AL);2;06.10.2026
RALYH;izle;;6,4;2,4;4,0;0,0;32;3;zayif;51,7;10,5;-0,0;asagi;zayif;zayif;asagi;0,06;-10,89;0;56,1;-9,95;1880528;92,02;SAT;NEGATIF;SAT;NEGATIF;AZALIYOR;AL;SAT;UCUZ (AL);1;06.10.2026
SERNT;izle;;6,4;2,4;4,0;0,0;6;0;zayif;46,9;19,4;18,2;asagi;zayif;zayif;asagi;0,40;-6,18;3;5,01;-0,20;7630661;6,01;SAT;NEGATIF;SAT;NEGATIF;AZALIYOR;AL;AL;UCUZ (AL);2;06.10.2026
UFUK;izle;;6,4;2,4;4,0;0,0;0;0;zayif;49,4;8,2;0,0;asagi;zayif;zayif;asagi;0,06;-11,42;0;288;-10,00;683136;497,09;SAT;NEGATIF;SAT;NEGATIF;AZALIYOR;AL;SAT;UCUZ (AL);1;06.10.2026
KUYAS;izle;;6,4;2,4;4,0;0,0;0;0;zayif;50,2;13,6;14,7;asagi;zayif;zayif;asagi;0,01;-9,93;1;17,62;-9,96;3530784;28,01;SAT;NEGATIF;SAT;NEGATIF;AZALIYOR;SAT;SAT;UCUZ (AL);0;06.10.2026
ENDAE;izle;;6,4;2,3;4,1;0,0;10;0;zayif;28,9;25,4;40,0;asagi;zayif;zayif;asagi;0,60;-3,46;4;12,99;-2,91;22328927;15,55;SAT;NEGATIF;SAT;NEGATIF;AZALIYOR;AL;AL;NOTR;2;06.10.2026
BRLSM;izle;;6,3;2,3;4,0;0,0;0;0;zayif;29,2;24,1;16,8;asagi;zayif;zayif;asagi;0,37;-4,46;1;10,45;-3,24;37413278;13,93;SAT;NEGATIF;SAT;NEGATIF;AZALIYOR;AL;AL;NOTR;2;06.10.2026
PRKAB;izle;;6,0;1,0;5,0;0,0;16;1;zayif;19,4;28,2;25,4;asagi;zayif;zayif;asagi;0,29;-4,02;3;24,52;-0,33;6987293;28,36;SAT;NEGATIF;NOTR;NEGATIF;AZALIYOR;AL;AL;NOTR;2;06.10.2026