hisse;durum;yeni_sinyal;konfluans;trend_35;momentum_30;hacim_35;risk;uyumsuzluk;rejim;adx;rsi;mfi;supertrend;goreli_guc;usd_trend;haftalik_trend;hacim_orani;ema50_uzaklik_atr;dagitim_gun;kapanis;degisim%;islem_hacmi_tl;st_cizgisi;osc_macd;osc_rsi;osc_adx;osc_momentum;osc_atr;osc_wavetrend;osc_stochrsi;osc_sharpe;osc_al_sayisi;tarih
SKYMD;GUCLU AL;;99,4;34,4;30,0;35,0;28;0;guclu trend;28,6;71,3;75,7;yukari;guclu;yukselis;yukari;3,30;3,30;0;19,9;3,97;345822379;14,89;AL;POZITIF;AL;POZITIF;ARTIYOR;AL;AL;NOTR;6;30.09.2026
ENERY;GUCLU AL;;97,9;35,0;30,0;32,9;28;0;guclu trend;34,4;64,6;57,4;yukari;guclu;yukselis;yukari;1,18;3,39;2;13,22;1,07;1314370170;11,31;AL;POZITIF;AL;POZITIF;AZALIYOR;SAT;SAT;NOTR;4;30.09.2026
ETILR;AL;EVET;93,2;30,0;30,0;33,2;32;2;ilimli;17,0;62,5;67,5;yukari;guclu;yukselis;yukari;1,31;2,14;1;7,24;-4,86;109321582;5,79;AL;POZITIF;NOTR;POZITIF;ARTIYOR;AL;AL;NOTR;5;30.09.2026
AHGAZ;GUCLU AL;;92,5;32,9;24,9;34,8;10;0;guclu trend;24,5;63,3;61,6;yukari;guclu;yukselis;yukari;1,38;2,78;1;43,3;2,56;457239556;39,15;SAT;POZITIF;AL;POZITIF;AZALIYOR;SAT;SAT;NOTR;3;30.09.2026
HRKET;GUCLU AL;;88,7;33,3;30,0;25,4;0;0;guclu trend;25,7;66,4;80,0;yukari;guclu;yukselis;yukari;0,80;1,91;0;8,1;2,66;343871349;6,26;AL;POZITIF;AL;POZITIF;ARTIYOR;AL;SAT;NOTR;5;30.09.2026
HUNER;izle;;88,4;30,5;30,0;27,8;32;3;ilimli;18,5;65,2;70,3;yukari;guclu;yukselis;yukari;0,98;2,07;1;4,4;-1,57;298925858;3,81;AL;POZITIF;NOTR;POZITIF;ARTIYOR;AL;SAT;NOTR;4;30.09.2026
BIMAS;izle;;82,9;30,1;22,5;30,2;40;4;ilimli;17,5;50,3;44,1;yukari;guclu;yukselis;yukari;1,10;0,77;1;418,5;-0,77;4167454388;402,48;SAT;POZITIF;NOTR;POZITIF;AZALIYOR;SAT;SAT;NOTR;2;30.09.2026
TKFEN;GUCLU AL;;80,9;30,4;23,3;27,1;6;0;guclu trend;36,9;49,2;46,7;yukari;guclu;yukselis;yukari;1,50;0,95;3;231,4;-2,90;2292892386;226,08;SAT;NEGATIF;SAT;NEGATIF;ARTIYOR;SAT;SAT;NOTR;0;30.09.2026
AKFIS;izle;;80,5;22,1;29,0;29,5;0;0;ilimli;17,3;56,2;50,6;asagi;guclu;yukselis;yukari;1,50;1,07;1;16,9;5,43;392538919;17,46;AL;POZITIF;NOTR;POZITIF;AZALIYOR;AL;AL;PAHALI (SAT);5;30.09.2026
RYGYO;izle;;79,5;27,0;30,0;22,5;0;0;guclu trend;31,7;57,7;64,5;asagi;guclu;yukselis;yukari;0,41;1,59;1;48,1;-2,43;58169879;50,89;AL;POZITIF;AL;POZITIF;AZALIYOR;AL;SAT;NOTR;5;30.09.2026
ISDMR;GUCLU AL;;79,5;33,7;23,6;22,3;0;0;guclu trend;26,6;54,8;72,5;yukari;guclu;yukselis;yukari;0,58;1,00;1;60,85;-2,41;79266861;54,52;SAT;POZITIF;AL;POZITIF;AZALIYOR;SAT;SAT;NOTR;3;30.09.2026
TUCLK;AL;;75,4;19,2;27,7;28,5;12;0;zayif;28,0;53,3;77,1;yukari;guclu;yukselis;yukari;3,13;0,50;1;4,11;-8,46;207005394;3,38;AL;POZITIF;AL;POZITIF;ARTIYOR;AL;SAT;NOTR;5;30.09.2026
GMTAS;izle;;73,8;22,8;28,7;22,3;0;0;ilimli;19,3;55,5;71,9;asagi;guclu;yukselis;yukari;0,59;0,94;0;49,36;0,24;112964506;50,60;AL;POZITIF;NOTR;POZITIF;AZALIYOR;AL;SAT;NOTR;4;30.09.2026
TRMET;izle;;73,1;20,6;21,4;31,0;0;0;ilimli;16,7;48,8;63,0;asagi;guclu;zayif;yukari;2,18;0,12;1;134,3;2,91;1874657573;146,21;SAT;NEGATIF;NOTR;POZITIF;ARTIYOR;SAT;SAT;NOTR;1;30.09.2026
CELHA;izle;;71,2;23,5;23,4;24,3;0;0;guclu trend;21,1;53,6;68,7;asagi;guclu;yukselis;yukari;0,97;0,91;2;26,98;0,00;77515105;31,08;SAT;POZITIF;AL;NEGATIF;AZALIYOR;SAT;SAT;NOTR;2;30.09.2026
DMLKT;AL;;69,6;30,2;24,4;15,1;10;0;guclu trend;27,8;47,9;35,1;yukari;guclu;yukselis;yukari;0,50;0,80;4;6,8;-0,58;22140814;6,62;SAT;NEGATIF;SAT;NEGATIF;AZALIYOR;SAT;AL;NOTR;1;30.09.2026
FLAP;AL;;67,3;34,6;22,0;10,7;0;0;guclu trend;29,7;51,4;53,2;yukari;guclu;yukselis;yukari;0,52;0,39;1;11,85;-2,79;8714206;10,92;SAT;POZITIF;AL;POZITIF;AZALIYOR;SAT;SAT;NOTR;3;30.09.2026
BAHKM;AL;;67,1;30,4;20,7;16,0;22;2;guclu trend;32,5;45,4;63,3;yukari;guclu;yukselis;yukari;0,44;0,10;1;155,7;-9,95;135893714;146,75;SAT;NEGATIF;SAT;NEGATIF;ARTIYOR;SAT;SAT;NOTR;0;30.09.2026
KRDMD;izle;;65,4;20,5;21,2;23,7;40;4;ilimli;15,6;46,4;57,7;asagi;guclu;zayif;yukari;0,82;0,00;1;43,98;-2,66;1639173126;48,15;SAT;NEGATIF;NOTR;POZITIF;ARTIYOR;SAT;SAT;NOTR;1;30.09.2026
TUPRS;izle;;61,7;30,2;17,2;14,3;50;4;guclu trend;28,1;42,1;35,8;yukari;guclu;yukselis;yukari;0,80;0,42;4;376,25;-1,83;7910345844;374,32;SAT;NEGATIF;SAT;NEGATIF;AZALIYOR;SAT;SAT;NOTR;0;30.09.2026
DEVA;izle;;59,8;22,4;20,0;17,3;6;0;guclu trend;31,4;45,3;44,0;asagi;guclu;yukselis;yukari;0,41;0,33;3;90,1;-2,12;28651980;105,90;SAT;NEGATIF;SAT;NEGATIF;ARTIYOR;SAT;SAT;NOTR;0;30.09.2026
KCHOL;izle;;56,7;20,5;16,2;20,0;22;2;guclu trend;25,4;42,3;55,1;asagi;guclu;zayif;yukari;1,12;-0,48;2;208,4;-2,66;6766304316;229,66;SAT;NEGATIF;SAT;POZITIF;ARTIYOR;SAT;SAT;NOTR;1;30.09.2026
KRPLS;izle;;56,2;27,0;21,2;8,0;22;2;guclu trend;31,3;47,7;44,9;asagi;guclu;yukselis;yukari;0,27;0,31;1;11,23;-3,52;22950773;14,17;SAT;NEGATIF;AL;NEGATIF;AZALIYOR;SAT;SAT;NOTR;1;30.09.2026
ALBRK;izle;;55,3;14,4;18,7;22,2;6;0;zayif;25,3;44,5;45,0;asagi;guclu;zayif;asagi;1,97;-0,68;3;8,3;1,97;301445584;9,13;SAT;NEGATIF;SAT;POZITIF;ARTIYOR;SAT;SAT;NOTR;1;30.09.2026
RYSAS;izle;;54,1;21,1;17,0;16,0;10;1;guclu trend;20,4;43,2;41,4;asagi;guclu;zayif;yukari;0,41;-0,48;1;24,28;-3,73;153227632;28,46;SAT;NEGATIF;SAT;NEGATIF;AZALIYOR;SAT;SAT;NOTR;0;30.09.2026
KRTEK;izle;;50,9;10,1;26,9;13,9;0;0;zayif;17,4;52,8;73,0;yukari;guclu;yukselis;asagi;0,79;0,17;0;6;-5,21;3942594;5,02;AL;POZITIF;NOTR;POZITIF;ARTIYOR;AL;SAT;NOTR;4;30.09.2026
ORGE;izle;;50,8;28,4;13,7;8,7;10;0;zayif;14,7;37,6;44,1;yukari;guclu;zayif;asagi;1,09;-1,07;4;21,02;-3,93;88869722;20,44;SAT;NEGATIF;NOTR;NEGATIF;AZALIYOR;SAT;SAT;NOTR;0;30.09.2026
HALKB;izle;;49,6;20,7;20,3;8,6;10;1;ilimli;17,2;47,4;43,6;asagi;guclu;yukselis;yukari;0,44;0,31;1;44,1;-2,30;1039477616;51,14;SAT;NEGATIF;NOTR;NEGATIF;AZALIYOR;SAT;AL;NOTR;1;30.09.2026
MAVI;izle;;49,3;10,7;24,9;13,7;0;0;zayif;19,0;47,9;50,9;yukari;guclu;zayif;asagi;0,76;-0,68;2;36,94;-1,49;236451278;33,49;AL;NEGATIF;NOTR;POZITIF;AZALIYOR;AL;SAT;UCUZ (AL);3;30.09.2026
MPARK;izle;;48,9;6,1;18,6;24,2;40;4;zayif;14,5;44,5;55,3;asagi;guclu;zayif;asagi;2,32;-0,74;2;417,75;2,89;550706875;453,45;SAT;NEGATIF;NOTR;POZITIF;ARTIYOR;SAT;SAT;NOTR;1;30.09.2026
KLSYN;izle;;48,7;22,0;18,4;8,3;0;0;guclu trend;26,5;43,0;35,2;asagi;guclu;zayif;yukari;0,27;-0,66;1;14,09;0,64;13552720;16,20;SAT;NEGATIF;SAT;NEGATIF;AZALIYOR;SAT;SAT;NOTR;0;30.09.2026
LMKDC;izle;;48,4;8,7;25,1;14,5;0;0;zayif;17,3;51,0;66,4;yukari;guclu;zayif;asagi;0,82;-0,58;0;23,12;-0,77;94747355;19,63;AL;POZITIF;NOTR;POZITIF;AZALIYOR;AL;SAT;UCUZ (AL);4;30.09.2026
AKSGY;izle;;47,9;13,6;18,2;16,0;16;1;zayif;29,6;43,2;35,6;asagi;guclu;zayif;asagi;1,32;-0,75;3;9,45;-1,66;64991695;10,14;SAT;NEGATIF;SAT;NEGATIF;ARTIYOR;AL;AL;NOTR;2;30.09.2026
AYGAZ;izle;;47,8;22,4;15,7;9,6;40;4;guclu trend;29,7;37,1;38,8;asagi;guclu;zayif;yukari;0,57;-1,03;2;287,75;-1,12;205272218;330,34;SAT;NEGATIF;SAT;NEGATIF;AZALIYOR;SAT;SAT;NOTR;0;30.09.2026
BRSAN;izle;;46,0;21,3;14,3;10,4;0;0;guclu trend;21,8;40,3;37,8;asagi;guclu;zayif;yukari;0,77;-0,93;2;625;-3,10;768614375;709,48;SAT;NEGATIF;SAT;NEGATIF;AZALIYOR;SAT;SAT;NOTR;0;30.09.2026
VAKBN;izle;;45,5;15,5;19,6;10,5;0;0;zayif;16,9;45,5;65,6;asagi;guclu;zayif;asagi;0,45;-0,40;1;32,26;-4,22;1133273186;37,68;SAT;NEGATIF;NOTR;POZITIF;ARTIYOR;SAT;SAT;NOTR;1;30.09.2026
ZRGYO;izle;;45,3;13,7;21,3;10,3;16;1;zayif;16,8;48,7;40,9;yukari;guclu;zayif;asagi;0,62;0,11;3;19,3;-1,48;28096033;18,80;SAT;NEGATIF;NOTR;NEGATIF;AZALIYOR;AL;AL;UCUZ (AL);2;30.09.2026
YGGYO;izle;;45,2;15,4;16,3;13,4;0;0;zayif;30,5;42,6;48,5;asagi;guclu;zayif;asagi;0,79;-1,53;1;209,6;-1,09;20351741;230,92;SAT;NEGATIF;SAT;NEGATIF;ARTIYOR;AL;AL;NOTR;2;30.09.2026
INVES;izle;;44,4;22,2;13,6;8,6;6;0;guclu trend;28,2;32,7;38,8;asagi;guclu;zayif;yukari;0,74;-1,36;3;696;0,22;32918016;783,94;SAT;NEGATIF;SAT;NEGATIF;AZALIYOR;SAT;AL;NOTR;1;30.09.2026
INDES;izle;;44,1;12,2;16,1;15,8;40;4;zayif;26,6;39,7;37,0;asagi;guclu;zayif;asagi;1,00;-1,22;1;10,42;0,00;61572436;11,74;SAT;NEGATIF;SAT;NEGATIF;AZALIYOR;SAT;SAT;NOTR;0;30.09.2026
SOKM;izle;;43,5;17,2;14,3;12,0;22;2;zayif;14,5;38,5;43,7;asagi;guclu;zayif;asagi;1,18;-0,74;2;54,1;-5,00;250052526;62,58;SAT;NEGATIF;NOTR;NEGATIF;ARTIYOR;SAT;SAT;NOTR;0;30.09.2026
DURDO;izle;;43,2;9,2;16,8;17,3;46;4;zayif;31,4;43,1;45,2;asagi;guclu;zayif;asagi;1,32;-1,36;3;4,6;4,55;15400855;5,09;SAT;NEGATIF;SAT;NEGATIF;ARTIYOR;SAT;SAT;NOTR;0;30.09.2026
UNLU;izle;;43,0;12,0;22,2;8,8;6;0;zayif;37,6;44,2;65,4;asagi;guclu;zayif;asagi;1,23;-0,87;3;10,83;-9,98;108702410;14,84;AL;NEGATIF;AL;NEGATIF;ARTIYOR;SAT;SAT;UCUZ (AL);2;30.09.2026
LOGO;izle;;41,3;13,0;20,3;7,9;40;4;zayif;12,2;46,9;39,0;yukari;guclu;zayif;asagi;0,89;-0,39;2;135,9;-0,59;82614561;127,89;SAT;NEGATIF;NOTR;POZITIF;AZALIYOR;SAT;SAT;NOTR;1;30.09.2026
TRENJ;izle;;40,8;16,6;14,1;10,1;46;5;zayif;17,2;40,3;42,7;asagi;guclu;zayif;asagi;1,21;-1,04;3;95,85;-0,16;172252514;111,30;SAT;NEGATIF;NOTR;NEGATIF;AZALIYOR;SAT;SAT;NOTR;0;30.09.2026
RGYAS;izle;;40,1;12,6;13,5;14,0;0;0;zayif;25,9;38,0;28,9;asagi;guclu;zayif;asagi;1,50;-1,50;1;189,4;-0,47;690452018;206,64;SAT;NEGATIF;SAT;NEGATIF;AZALIYOR;SAT;SAT;NOTR;0;30.09.2026
AKCNS;izle;;40,1;6,8;14,9;18,4;28;2;zayif;21,8;43,2;49,1;asagi;guclu;zayif;asagi;1,87;-1,51;3;205;7,50;354002815;225,55;SAT;NEGATIF;SAT;POZITIF;ARTIYOR;SAT;AL;NOTR;2;30.09.2026
GLYHO;izle;;40,1;11,9;21,9;6,3;40;4;zayif;18,8;44,3;36,1;asagi;guclu;zayif;asagi;0,65;-1,03;1;15,73;-3,50;39987312;16,97;AL;NEGATIF;NOTR;POZITIF;ARTIYOR;AL;AL;NOTR;4;30.09.2026
AKSEN;izle;;40,0;5,4;18,7;15,9;0;0;zayif;31,5;44,7;48,6;asagi;guclu;zayif;asagi;1,17;-1,50;0;72,9;-1,82;691487628;77,56;AL;NEGATIF;SAT;POZITIF;ARTIYOR;AL;AL;NOTR;4;30.09.2026
ENJSA;izle;;39,8;9,2;16,4;14,3;32;3;zayif;26,0;40,4;48,4;asagi;guclu;zayif;asagi;3,42;-1,19;2;105,4;-1,03;1458726830;117,47;SAT;NEGATIF;SAT;NEGATIF;ARTIYOR;SAT;SAT;NOTR;0;30.09.2026
EBEBK;izle;;39,0;13,0;15,3;10,6;32;3;zayif;11,8;41,5;33,5;asagi;guclu;zayif;asagi;0,53;-1,02;2;78,3;-0,32;26616832;86,82;SAT;NEGATIF;NOTR;NEGATIF;AZALIYOR;SAT;SAT;NOTR;0;30.09.2026
YKBNK;izle;;38,1;4,0;14,9;19,2;0;0;zayif;19,4;41,8;59,6;asagi;guclu;zayif;asagi;1,07;-1,28;1;34,04;-5,44;8483909327;37,23;SAT;NEGATIF;NOTR;POZITIF;ARTIYOR;SAT;SAT;NOTR;1;30.09.2026
CCOLA;izle;;37,2;10,6;21,4;5,3;6;0;zayif;23,0;44,2;32,5;asagi;guclu;zayif;asagi;0,93;-1,25;3;77,45;-1,46;383347527;84,13;AL;NEGATIF;SAT;POZITIF;AZALIYOR;AL;AL;NOTR;4;30.09.2026
VRGYO;izle;;36,9;10,4;8,4;18,0;10;1;zayif;33,0;39,7;37,3;yukari;zayif;zayif;asagi;1,53;-3,21;1;1,36;-9,93;37172963;1,16;SAT;NEGATIF;SAT;NEGATIF;ARTIYOR;AL;AL;UCUZ (AL);2;30.09.2026
CIMSA;izle;;36,9;1,8;19,4;15,7;0;0;zayif;25,0;39,7;46,4;asagi;guclu;zayif;asagi;1,12;-2,20;2;41,68;-3,52;336980674;45,98;AL;NEGATIF;SAT;POZITIF;ARTIYOR;AL;SAT;NOTR;3;30.09.2026
TAVHL;izle;;34,6;8,3;15,2;11,0;46;5;zayif;14,5;41,5;42,6;yukari;guclu;zayif;asagi;1,07;-1,18;3;261,25;-1,97;927214915;251,55;SAT;NEGATIF;NOTR;POZITIF;ARTIYOR;SAT;SAT;UCUZ (AL);1;30.09.2026
KRGYO;izle;;34,5;12,4;14,0;8,0;10;1;zayif;30,8;40,2;39,9;asagi;guclu;zayif;asagi;0,70;-0,90;1;2,82;-7,54;41432799;3,68;SAT;NEGATIF;SAT;NEGATIF;ARTIYOR;SAT;SAT;NOTR;0;30.09.2026
TTRAK;izle;;34,4;2,3;16,7;15,5;0;0;zayif;28,6;42,2;20,2;asagi;guclu;zayif;asagi;0,86;-1,29;1;407;-1,51;33182710;438,34;SAT;NEGATIF;SAT;NEGATIF;ARTIYOR;SAT;AL;UCUZ (AL);1;30.09.2026
ATATP;izle;;34,2;13,9;6,3;14,0;22;2;zayif;26,7;32,5;26,7;asagi;zayif;zayif;asagi;1,66;-2,18;2;220;0,23;242987800;272,25;SAT;NEGATIF;SAT;NEGATIF;ARTIYOR;SAT;SAT;NOTR;0;30.09.2026
ISGYO;izle;;34,1;10,5;22,7;0,8;0;0;zayif;14,4;44,9;39,0;asagi;guclu;zayif;asagi;0,25;-0,74;1;23,82;0,00;10484992;25,73;AL;NEGATIF;NOTR;POZITIF;AZALIYOR;SAT;AL;NOTR;3;30.09.2026
NETAS;izle;;34,1;17,0;13,1;4,0;0;0;zayif;28,2;35,7;29,7;asagi;guclu;zayif;asagi;0,53;-1,49;2;71,6;-3,05;48425658;89,91;SAT;NEGATIF;SAT;NEGATIF;AZALIYOR;SAT;SAT;NOTR;0;30.09.2026
BERA;izle;;33,7;2,4;13,2;18,0;0;0;zayif;34,8;38,0;39,1;asagi;guclu;zayif;asagi;2,95;-2,95;2;11,55;6,75;254215500;12,49;SAT;NEGATIF;SAT;NEGATIF;ARTIYOR;SAT;AL;UCUZ (AL);1;30.09.2026
MEPET;izle;;33,6;8,4;17,2;8,1;0;0;zayif;14,6;44,7;49,5;yukari;guclu;zayif;asagi;0,60;-0,89;1;18,99;-2,16;5981413;17,41;SAT;NEGATIF;NOTR;POZITIF;ARTIYOR;SAT;SAT;NOTR;1;30.09.2026
KNFRT;izle;;33,2;1,2;14,0;18,0;0;0;zayif;20,5;41,3;38,0;asagi;guclu;zayif;asagi;1,31;-1,81;2;10,38;7,01;49626292;12,40;SAT;NEGATIF;SAT;NEGATIF;ARTIYOR;SAT;AL;NOTR;1;30.09.2026
TABGD;izle;;32,5;1,9;12,4;18,1;0;0;zayif;26,3;33,7;38,6;asagi;guclu;zayif;asagi;1,59;-2,46;1;214,1;0,05;263107918;238,40;SAT;NEGATIF;SAT;NEGATIF;AZALIYOR;SAT;SAT;NOTR;0;30.09.2026
TUKAS;izle;;32,4;1,6;20,9;10,0;16;1;zayif;23,5;42,2;50,8;asagi;guclu;zayif;asagi;1,55;-1,21;3;1,94;-9,77;393434035;2,47;AL;NEGATIF;SAT;POZITIF;ARTIYOR;SAT;SAT;UCUZ (AL);2;30.09.2026
TCKRC;izle;;32,3;13,2;10,4;8,7;6;0;zayif;30,7;40,7;46,7;asagi;zayif;zayif;asagi;1,22;-1,80;3;120,5;2,12;463876318;138,23;SAT;NEGATIF;SAT;POZITIF;ARTIYOR;SAT;SAT;NOTR;1;30.09.2026
HTTBT;izle;;32,0;2,4;13,0;16,6;0;0;zayif;37,0;37,4;34,1;asagi;guclu;zayif;asagi;1,21;-2,45;1;31,36;1,42;22262150;34,43;SAT;NEGATIF;SAT;POZITIF;ARTIYOR;AL;AL;UCUZ (AL);3;30.09.2026
CRFSA;izle;;32,0;22,2;4,2;5,6;40;4;zayif;28,3;36,6;46,0;asagi;zayif;zayif;asagi;1,03;-1,79;2;194,7;1,09;384283868;257,19;SAT;NEGATIF;SAT;NEGATIF;AZALIYOR;SAT;SAT;NOTR;0;30.09.2026
ENKAI;izle;;31,9;1,8;13,4;16,7;0;0;zayif;25,2;39,4;38,3;asagi;guclu;zayif;asagi;0,92;-1,86;1;82,45;-2,71;896980806;92,02;SAT;NEGATIF;SAT;POZITIF;ARTIYOR;SAT;SAT;NOTR;1;30.09.2026
ETYAT;izle;;31,5;13,4;7,9;10,2;40;4;zayif;33,7;38,1;43,9;yukari;zayif;zayif;asagi;1,07;-2,40;2;9,9;-5,44;10573626;7,85;SAT;NEGATIF;SAT;NEGATIF;ARTIYOR;AL;AL;NOTR;2;30.09.2026
SANKO;izle;;31,5;5,2;13,1;13,2;0;0;zayif;25,5;38,7;56,2;asagi;guclu;zayif;asagi;0,96;-1,53;2;17,7;-2,37;8379215;21,15;SAT;NEGATIF;AL;NEGATIF;ARTIYOR;SAT;SAT;NOTR;1;30.09.2026
ALARK;izle;;31,4;12,3;10,9;8,2;20;1;zayif;26,6;35,3;37,9;asagi;guclu;zayif;asagi;1,12;-2,00;4;98,65;-2,04;451867509;111,34;SAT;NEGATIF;SAT;NEGATIF;AZALIYOR;SAT;SAT;NOTR;0;30.09.2026
PCILT;izle;;31,2;9,5;21,8;0,0;0;0;zayif;10,2;43,6;38,7;asagi;guclu;zayif;asagi;0,61;-0,98;1;30,1;-1,83;33158732;33,97;AL;NEGATIF;NOTR;POZITIF;AZALIYOR;SAT;SAT;NOTR;2;30.09.2026
TUREX;izle;;31,1;9,3;19,4;2,5;0;0;zayif;21,3;44,4;48,8;yukari;guclu;zayif;asagi;0,85;-2,10;1;5,6;1,63;71926831;4,85;AL;NEGATIF;SAT;POZITIF;AZALIYOR;AL;SAT;NOTR;3;30.09.2026
NTGAZ;izle;;31,1;1,7;16,0;13,3;6;0;zayif;24,8;41,7;34,4;asagi;guclu;zayif;asagi;1,38;-1,49;3;10,43;3,57;44917275;11,27;SAT;NEGATIF;SAT;POZITIF;ARTIYOR;SAT;AL;NOTR;2;30.09.2026
GRSEL;izle;;30,6;2,1;14,5;14,0;0;0;zayif;27,7;43,2;48,0;asagi;guclu;zayif;asagi;2,30;-1,65;0;277,5;7,98;256035375;296,18;SAT;NEGATIF;SAT;NEGATIF;ARTIYOR;AL;AL;UCUZ (AL);2;30.09.2026
AVGYO;izle;;30,2;15,7;14,5;0,0;46;5;zayif;13,6;40,2;40,4;asagi;guclu;zayif;asagi;0,38;-1,08;3;14,35;-1,24;9357793;18,09;SAT;NEGATIF;NOTR;NEGATIF;AZALIYOR;SAT;SAT;NOTR;0;30.09.2026
FONET;izle;;30,1;5,4;12,8;11,9;0;0;zayif;35,9;36,2;24,8;asagi;zayif;zayif;asagi;0,93;-2,56;0;4,07;0,25;62057268;4,63;AL;NEGATIF;SAT;NEGATIF;AZALIYOR;SAT;SAT;NOTR;1;30.09.2026
OZSUB;izle;;29,8;20,5;9,2;0,0;10;0;zayif;15,8;36,8;19,6;asagi;guclu;zayif;asagi;0,58;-1,44;4;34,48;-2,27;44795416;42,59;SAT;NEGATIF;NOTR;NEGATIF;AZALIYOR;SAT;SAT;NOTR;0;30.09.2026
TRGYO;izle;;29,4;6,5;12,4;10,4;0;0;zayif;13,2;35,3;36,9;asagi;guclu;zayif;asagi;1,11;-1,74;2;89,5;-1,00;103156000;96,70;SAT;NEGATIF;NOTR;NEGATIF;AZALIYOR;SAT;SAT;NOTR;0;30.09.2026
GUBRF;izle;;29,0;5,4;12,7;10,9;22;2;zayif;29,6;38,7;37,9;asagi;guclu;zayif;asagi;0,88;-1,93;1;411,25;-1,38;1216564274;485,59;SAT;NEGATIF;SAT;NEGATIF;AZALIYOR;SAT;SAT;NOTR;0;30.09.2026
ARTMS;izle;;28,7;1,1;13,6;14,0;10;0;zayif;19,9;39,7;36,3;asagi;guclu;zayif;asagi;1,38;-1,56;4;34,42;-2,71;40427082;40,58;SAT;NEGATIF;NOTR;NEGATIF;ARTIYOR;AL;AL;NOTR;2;30.09.2026
ASELS;izle;;28,6;7,9;9,9;10,8;6;0;zayif;28,1;33,9;26,0;asagi;guclu;zayif;asagi;1,65;-2,47;3;336,5;-0,59;17290574334;390,08;SAT;NEGATIF;SAT;NEGATIF;AZALIYOR;SAT;SAT;NOTR;0;30.09.2026
AYDEM;izle;;28,6;4,3;14,0;10,3;6;0;zayif;21,5;40,0;40,4;asagi;guclu;zayif;asagi;1,63;-1,58;3;23,5;-2,57;87140703;26,22;SAT;NEGATIF;SAT;NEGATIF;ARTIYOR;AL;SAT;NOTR;1;30.09.2026
EUHOL;izle;;28,6;10,4;14,1;4,0;0;0;zayif;38,2;43,5;19,6;yukari;zayif;zayif;asagi;0,32;-2,52;1;8,25;5,63;1424462;7,11;AL;NEGATIF;SAT;NEGATIF;AZALIYOR;AL;AL;NOTR;3;30.09.2026
MGROS;izle;;28,5;2,4;17,2;8,8;0;0;zayif;32,2;36,8;45,7;asagi;guclu;zayif;asagi;1,23;-3,37;2;504,5;-3,07;2179097445;553,46;AL;NEGATIF;SAT;POZITIF;ARTIYOR;SAT;SAT;NOTR;2;30.09.2026
KGYO;izle;;28,2;5,9;9,8;12,5;0;0;zayif;25,4;40,0;58,4;asagi;zayif;zayif;asagi;0,97;-1,72;1;9,25;0,54;150399913;10,43;SAT;NEGATIF;SAT;NEGATIF;AZALIYOR;AL;AL;NOTR;2;30.09.2026
VERUS;izle;;28,1;5,7;9,2;13,3;10;1;zayif;40,6;40,4;36,6;asagi;zayif;zayif;asagi;1,02;-1,74;0;468,5;7,64;41300149;538,78;SAT;NEGATIF;SAT;NEGATIF;ARTIYOR;AL;AL;NOTR;2;30.09.2026
TOASO;izle;;28,0;3,5;13,4;11,1;10;1;zayif;15,7;39,6;48,3;asagi;guclu;zayif;asagi;1,22;-1,63;2;262;-5,42;1145733598;305,93;SAT;NEGATIF;NOTR;NEGATIF;ARTIYOR;SAT;SAT;NOTR;0;30.09.2026
DOCO;izle;;27,7;8,3;15,0;4,4;0;0;zayif;20,5;38,3;31,5;asagi;guclu;zayif;asagi;0,71;-1,51;2;10485;-1,04;35250570;11429,62;SAT;NEGATIF;SAT;NEGATIF;AZALIYOR;AL;AL;NOTR;2;30.09.2026
AGHOL;izle;;27,6;11,3;12,6;3,8;6;0;zayif;16,9;38,2;56,0;asagi;guclu;zayif;asagi;0,58;-1,53;3;31,48;-2,84;88016191;35,72;SAT;NEGATIF;NOTR;NEGATIF;AZALIYOR;SAT;SAT;NOTR;0;30.09.2026
AKBNK;izle;;27,6;6,1;13,7;7,8;32;3;zayif;19,9;39,8;56,0;asagi;guclu;zayif;asagi;0,92;-1,37;2;67;-4,15;11266939358;74,93;SAT;NEGATIF;NOTR;POZITIF;ARTIYOR;SAT;SAT;NOTR;1;30.09.2026
ORMA;izle;;27,6;10,2;13,4;4,0;0;0;zayif;28,3;38,5;28,2;yukari;zayif;zayif;asagi;0,37;-3,84;2;130,2;-5,52;448799;126,59;AL;NEGATIF;SAT;NEGATIF;ARTIYOR;AL;SAT;NOTR;2;30.09.2026
CEMZY;izle;;27,4;5,4;4,0;18,0;0;0;zayif;35,9;17,8;47,1;asagi;zayif;zayif;asagi;1,84;-6,12;0;5,7;-8,95;204716349;9,33;SAT;NEGATIF;SAT;NEGATIF;AZALIYOR;SAT;SAT;UCUZ (AL);0;30.09.2026
SEKUR;izle;;27,4;5,4;4,0;18,0;0;0;zayif;45,8;16,3;19,8;asagi;zayif;zayif;asagi;5,70;-8,06;0;3,52;10,00;36828482;4,90;SAT;NEGATIF;SAT;NEGATIF;ARTIYOR;AL;AL;NOTR;2;30.09.2026
CANTE;izle;;27,4;2,4;6,9;18,0;0;0;zayif;36,9;31,8;38,5;asagi;zayif;zayif;asagi;2,36;-2,99;2;1,02;0,99;1059800733;1,23;SAT;NEGATIF;SAT;NEGATIF;ARTIYOR;SAT;SAT;UCUZ (AL);0;30.09.2026
AEFES;izle;;27,1;5,0;12,2;9,9;6;0;zayif;26,9;36,4;37,3;asagi;guclu;zayif;asagi;1,29;-2,57;3;17,68;-2,43;901706219;19,74;SAT;NEGATIF;SAT;NEGATIF;ARTIYOR;SAT;SAT;NOTR;0;30.09.2026
CMENT;izle;;27,0;2,4;23,0;1,5;0;0;zayif;58,9;46,6;40,8;asagi;guclu;zayif;asagi;0,79;-2,09;2;236,6;0,08;925579;243,04;AL;NEGATIF;SAT;NEGATIF;AZALIYOR;AL;AL;UCUZ (AL);3;30.09.2026
EGEEN;izle;;27,0;2,8;16,1;8,0;0;0;zayif;19,3;44,6;59,4;asagi;guclu;zayif;asagi;0,58;-0,95;2;5070;-2,12;131591850;6130,57;SAT;NEGATIF;NOTR;NEGATIF;AZALIYOR;SAT;SAT;UCUZ (AL);0;30.09.2026
PSDTC;izle;;26,9;2,4;6,5;18,0;40;4;zayif;34,6;33,3;56,7;asagi;zayif;zayif;asagi;2,38;-3,27;0;96,5;2,01;89271571;119,52;SAT;NEGATIF;SAT;NEGATIF;ARTIYOR;AL;AL;NOTR;2;30.09.2026
AKFYE;izle;;26,6;3,1;15,6;7,9;0;0;zayif;12,8;42,4;21,8;asagi;guclu;zayif;asagi;0,93;-1,32;2;3,47;6,44;233844723;4,09;SAT;NEGATIF;NOTR;NEGATIF;ARTIYOR;SAT;AL;NOTR;1;30.09.2026
KLGYO;izle;;26,1;2,4;15,7;8,0;0;0;zayif;33,8;42,7;28,8;asagi;guclu;zayif;asagi;0,94;-1,83;2;4;9,89;32535476;4,33;SAT;NEGATIF;SAT;NEGATIF;ARTIYOR;AL;AL;UCUZ (AL);2;30.09.2026
PATEK;izle;;26,1;1,6;6,5;18,0;22;2;zayif;24,0;33,3;37,6;asagi;zayif;zayif;asagi;1,37;-3,29;1;13,47;4,18;673636949;18,80;SAT;NEGATIF;SAT;NEGATIF;AZALIYOR;SAT;SAT;UCUZ (AL);0;30.09.2026
SAHOL;izle;;26,0;2,4;12,1;11,4;28;2;zayif;31,5;36,9;51,5;asagi;guclu;zayif;asagi;1,19;-2,04;3;84,8;-2,30;3484406475;94,67;SAT;NEGATIF;SAT;POZITIF;ARTIYOR;SAT;SAT;NOTR;1;30.09.2026
EREGL;izle;;25,8;9,1;14,2;2,5;10;1;zayif;14,3;39,9;34,2;asagi;guclu;zayif;asagi;0,85;-1,72;1;35,94;-2,23;3876323579;40,26;SAT;NEGATIF;NOTR;POZITIF;AZALIYOR;SAT;SAT;NOTR;1;30.09.2026
TTKOM;izle;;25,6;0,2;15,0;10,5;0;0;zayif;13,2;42,9;59,2;asagi;guclu;zayif;asagi;0,59;-1,48;2;51,55;-2,37;1245247728;58,37;SAT;NEGATIF;NOTR;POZITIF;AZALIYOR;SAT;SAT;NOTR;1;30.09.2026
SAFKR;izle;;25,5;2,4;9,1;14,0;0;0;zayif;53,4;28,6;21,1;asagi;zayif;zayif;asagi;1,56;-5,50;2;11,6;4,50;101554172;13,12;AL;NEGATIF;SAT;NEGATIF;ARTIYOR;AL;AL;UCUZ (AL);3;30.09.2026
TRALT;izle;;25,5;4,6;10,8;10,0;10;0;zayif;19,8;36,9;49,7;asagi;guclu;zayif;asagi;1,38;-2,04;4;44,7;-1,50;5753254126;52,44;SAT;NEGATIF;NOTR;NEGATIF;AZALIYOR;SAT;SAT;NOTR;0;30.09.2026
EGPRO;izle;;25,4;8,4;17,0;0,0;0;0;zayif;27,8;43,5;37,5;asagi;guclu;zayif;asagi;0,68;-1,29;2;33,66;3,63;26640072;37,92;SAT;NEGATIF;SAT;NEGATIF;ARTIYOR;SAT;AL;NOTR;1;30.09.2026
OZYSR;izle;;25,2;5,4;11,7;8,0;0;0;zayif;30,0;39,2;25,8;asagi;guclu;zayif;asagi;0,39;-1,83;2;10,77;-2,00;12088485;12,68;SAT;NEGATIF;SAT;NEGATIF;AZALIYOR;SAT;SAT;NOTR;0;30.09.2026
BNTAS;izle;;24,9;2,4;13,3;9,2;40;4;zayif;36,5;37,6;24,2;asagi;guclu;zayif;asagi;1,01;-2,64;1;5,43;1,69;17203369;5,89;SAT;NEGATIF;SAT;NEGATIF;ARTIYOR;AL;AL;NOTR;2;30.09.2026
OTTO;izle;;24,9;2,4;4,4;18,0;0;0;zayif;50,8;26,5;22,8;asagi;zayif;zayif;asagi;2,82;-5,49;0;94,45;4,25;81119894;112,88;SAT;NEGATIF;SAT;NEGATIF;ARTIYOR;AL;AL;UCUZ (AL);2;30.09.2026
KRVGD;izle;;24,7;2,4;18,1;4,2;0;0;zayif;33,1;36,7;50,5;asagi;guclu;zayif;asagi;0,71;-2,59;1;2,08;0,00;14797892;2,27;AL;NEGATIF;SAT;NEGATIF;ARTIYOR;SAT;SAT;UCUZ (AL);1;30.09.2026
GARAN;izle;;24,5;1,2;12,9;10,4;40;4;zayif;20,9;38,1;55,7;asagi;guclu;zayif;asagi;1,03;-1,81;2;122,9;-4,80;4325328467;136,38;SAT;NEGATIF;SAT;POZITIF;ARTIYOR;SAT;SAT;NOTR;1;30.09.2026
PSGYO;izle;;24,4;2,4;4,0;18,0;0;0;zayif;40,1;17,9;11,5;asagi;zayif;zayif;asagi;3,51;-6,72;1;1,61;0,63;805140846;2,12;SAT;NEGATIF;SAT;NEGATIF;ARTIYOR;AL;SAT;UCUZ (AL);1;30.09.2026
IZENR;izle;;24,4;2,4;4,0;18,0;0;0;zayif;50,3;19,2;3,1;asagi;zayif;zayif;asagi;3,57;-7,76;1;3,63;6,14;398321127;4,64;SAT;NEGATIF;SAT;NEGATIF;ARTIYOR;AL;AL;UCUZ (AL);2;30.09.2026
PASEU;izle;;24,4;2,4;4,0;18,0;0;0;zayif;48,0;19,9;13,7;asagi;zayif;zayif;asagi;3,96;-8,78;0;28,3;6,47;753822034;50,70;SAT;NEGATIF;SAT;NEGATIF;AZALIYOR;SAT;AL;UCUZ (AL);1;30.09.2026
MACKO;izle;;24,4;2,4;4,0;18,0;0;0;zayif;33,9;22,2;5,4;asagi;zayif;zayif;asagi;4,78;-4,13;1;25,56;1,03;100132425;29,71;SAT;NEGATIF;SAT;NEGATIF;ARTIYOR;AL;AL;NOTR;2;30.09.2026
TRHOL;izle;;24,4;12,4;4,0;8,0;0;0;zayif;50,1;23,5;90,5;asagi;zayif;zayif;asagi;0,00;-5,12;0;1415;-9,99;125935;2137,10;SAT;NEGATIF;SAT;NEGATIF;AZALIYOR;SAT;SAT;NOTR;0;30.09.2026
OYAKC;izle;;24,4;2,1;14,5;7,8;6;0;zayif;27,6;41,3;46,0;asagi;guclu;zayif;asagi;0,96;-1,43;3;20,2;-2,88;283891123;22,37;SAT;NEGATIF;SAT;POZITIF;ARTIYOR;SAT;SAT;UCUZ (AL);1;30.09.2026
ARMGD;izle;;24,4;5,4;5,3;13,7;0;0;zayif;30,7;35,9;44,0;asagi;zayif;zayif;asagi;1,04;-2,81;2;129,8;-9,99;269719857;168,05;SAT;NEGATIF;SAT;NEGATIF;ARTIYOR;AL;AL;NOTR;2;30.09.2026
NUHCM;izle;;24,4;0,7;18,0;5,7;10;1;zayif;17,2;44,2;52,8;asagi;guclu;zayif;asagi;0,72;-0,97;2;208,4;-0,48;9100411;224,95;SAT;NEGATIF;NOTR;NEGATIF;AZALIYOR;AL;AL;NOTR;2;30.09.2026
AGESA;izle;;24,3;7,7;13,7;3,0;6;0;zayif;33,0;33,9;51,0;asagi;guclu;zayif;asagi;0,57;-2,09;3;228,3;-1,68;20594486;249,51;SAT;NEGATIF;SAT;NEGATIF;AZALIYOR;SAT;SAT;NOTR;0;30.09.2026
BLUME;izle;;24,3;1,3;15,0;8,0;0;0;zayif;21,7;41,7;43,6;asagi;guclu;zayif;asagi;0,57;-1,20;2;33,54;-3,18;46933126;40,56;SAT;NEGATIF;SAT;NEGATIF;AZALIYOR;SAT;SAT;UCUZ (AL);0;30.09.2026
THYAO;izle;;24,3;2,1;20,0;2,2;0;0;zayif;27,3;41,5;55,0;asagi;guclu;zayif;asagi;0,79;-1,86;2;283,25;-2,83;9756853293;301,24;AL;NEGATIF;SAT;POZITIF;ARTIYOR;SAT;SAT;NOTR;2;30.09.2026
EGSER;izle;;24,1;2,4;12,2;9,5;22;2;zayif;31,9;33,9;28,1;asagi;guclu;zayif;asagi;1,25;-2,91;2;2,55;2,82;5432581;2,80;SAT;NEGATIF;SAT;NEGATIF;ARTIYOR;SAT;SAT;NOTR;0;30.09.2026
MOBTL;izle;;24,1;5,4;7,2;11,4;0;0;zayif;33,8;35,7;28,3;asagi;zayif;zayif;asagi;1,14;-3,20;2;10,08;7,01;42475497;11,94;SAT;NEGATIF;SAT;NEGATIF;ARTIYOR;AL;AL;NOTR;2;30.09.2026
DMSAS;izle;;24,0;2,4;7,5;14,0;6;0;zayif;37,8;36,8;35,6;asagi;zayif;zayif;asagi;1,53;-3,26;3;6,19;4,74;38452249;6,57;SAT;NEGATIF;SAT;NEGATIF;AZALIYOR;AL;AL;UCUZ (AL);2;30.09.2026
MSGYO;izle;;23,7;2,2;11,5;10,0;6;0;zayif;27,9;38,5;36,7;asagi;zayif;zayif;asagi;1,99;-2,44;3;4,96;-2,75;19244641;5,51;SAT;NEGATIF;SAT;NEGATIF;ARTIYOR;AL;AL;NOTR;2;30.09.2026
KERVN;izle;;23,7;14,9;8,8;0,0;0;0;zayif;25,9;40,9;31,9;asagi;zayif;zayif;asagi;0,58;-2,03;1;7,2;4,65;5223809;8,58;SAT;NEGATIF;SAT;NEGATIF;AZALIYOR;SAT;SAT;NOTR;0;30.09.2026
AKYHO;izle;;23,6;2,4;7,2;14,0;10;0;zayif;38,9;35,6;21,3;asagi;zayif;zayif;asagi;2,04;-3,32;4;1,69;9,03;5618138;1,92;SAT;NEGATIF;SAT;NEGATIF;ARTIYOR;AL;AL;UCUZ (AL);2;30.09.2026
HLGYO;izle;;23,5;0,8;14,7;8,0;32;3;zayif;18,2;38,9;33,2;asagi;guclu;zayif;asagi;0,46;-2,80;2;3,99;0,50;60283821;4,49;SAT;NEGATIF;NOTR;NEGATIF;AZALIYOR;SAT;AL;NOTR;1;30.09.2026
ANHYT;izle;;23,5;1,4;12,1;10,0;10;0;zayif;22,3;36,2;37,5;asagi;guclu;zayif;asagi;1,53;-1,92;4;97,6;-0,41;166218266;107,49;SAT;NEGATIF;SAT;NEGATIF;ARTIYOR;SAT;SAT;NOTR;0;30.09.2026
OYLUM;izle;;22,9;2,4;10,5;10,0;6;0;zayif;34,0;32,4;36,5;asagi;guclu;zayif;asagi;1,06;-2,54;3;6,22;0,16;3173624;6,99;SAT;NEGATIF;SAT;NEGATIF;ARTIYOR;AL;AL;UCUZ (AL);2;30.09.2026
BLCYT;izle;;22,9;1,2;13,6;8,0;0;0;zayif;21,0;40,5;27,4;asagi;guclu;zayif;asagi;0,50;-2,12;0;1,75;-1,13;34500498;2,05;SAT;NEGATIF;SAT;NEGATIF;AZALIYOR;AL;AL;UCUZ (AL);2;30.09.2026
PETKM;izle;;22,8;10,7;12,1;0,0;16;1;zayif;17,4;38,8;15,4;asagi;guclu;zayif;asagi;0,67;-1,59;3;18,91;-2,73;1473818888;23,24;SAT;NEGATIF;NOTR;NEGATIF;AZALIYOR;SAT;SAT;NOTR;0;30.09.2026
NTHOL;izle;;22,6;2,3;6,3;14,0;6;0;zayif;28,9;31,4;35,3;asagi;zayif;zayif;asagi;1,82;-2,93;3;35,88;-6,85;151197459;42,16;SAT;NEGATIF;SAT;NEGATIF;ARTIYOR;AL;AL;UCUZ (AL);2;30.09.2026
KRDMA;izle;;22,5;8,7;7,5;6,3;10;1;zayif;27,0;33,3;30,4;asagi;zayif;zayif;asagi;1,08;-2,08;2;39,96;-0,60;387561411;49,52;SAT;NEGATIF;SAT;NEGATIF;AZALIYOR;SAT;SAT;NOTR;0;30.09.2026
FROTO;izle;;22,2;1,9;12,6;7,7;6;0;zayif;25,7;37,7;36,0;asagi;guclu;zayif;asagi;0,95;-2,36;3;73,55;-1,14;1539522858;81,82;SAT;NEGATIF;SAT;NEGATIF;AZALIYOR;SAT;SAT;UCUZ (AL);0;30.09.2026
TCELL;izle;;22,1;2,0;14,3;5,7;0;0;zayif;26,8;40,1;45,2;asagi;guclu;zayif;asagi;0,87;-1,77;2;96,1;-2,19;2178602088;105,37;SAT;NEGATIF;SAT;POZITIF;ARTIYOR;SAT;SAT;NOTR;1;30.09.2026
AKFGY;izle;;22,0;1,2;16,8;4,0;16;1;zayif;15,1;43,7;45,6;asagi;guclu;zayif;asagi;0,63;-1,44;3;2,45;-4,30;53637901;2,72;SAT;NEGATIF;NOTR;NEGATIF;AZALIYOR;AL;AL;NOTR;2;30.09.2026
EKSUN;izle;;21,9;2,4;5,5;14,0;22;2;zayif;34,5;30,0;31,5;asagi;zayif;zayif;asagi;1,35;-3,99;1;4,45;0,00;17268884;5,15;SAT;NEGATIF;SAT;NEGATIF;ARTIYOR;AL;AL;NOTR;2;30.09.2026
ARASE;izle;;21,9;5,4;8,9;7,5;40;4;zayif;35,6;32,9;22,8;asagi;zayif;zayif;asagi;1,15;-2,61;2;97,25;-1,12;35958577;114,34;SAT;NEGATIF;SAT;NEGATIF;ARTIYOR;AL;AL;NOTR;2;30.09.2026
OZKGY;izle;;21,8;2,0;14,6;5,2;0;0;zayif;26,9;36,9;32,3;asagi;guclu;zayif;asagi;0,90;-2,21;2;12,04;0,08;33177063;13,12;SAT;NEGATIF;SAT;NEGATIF;AZALIYOR;SAT;SAT;UCUZ (AL);0;30.09.2026
BALSU;izle;;21,8;2,4;11,0;8,4;0;0;zayif;37,8;35,0;49,2;asagi;zayif;zayif;asagi;0,72;-4,49;2;6,8;0,89;317165913;8,50;AL;NEGATIF;SAT;NEGATIF;AZALIYOR;AL;SAT;UCUZ (AL);2;30.09.2026
EYGYO;izle;;21,7;2,4;5,3;14,0;0;0;zayif;30,3;29,3;24,9;asagi;zayif;zayif;asagi;1,34;-3,00;2;1,99;2,05;19428386;2,37;SAT;NEGATIF;SAT;NEGATIF;ARTIYOR;SAT;AL;UCUZ (AL);1;30.09.2026
ALTIN;izle;;21,7;0,2;12,7;8,7;6;0;zayif;13,8;40,0;53,9;asagi;guclu;zayif;asagi;0,93;-1,69;3;71,57;-0,26;1047654900;75,26;SAT;NEGATIF;NOTR;NEGATIF;AZALIYOR;SAT;SAT;UCUZ (AL);0;30.09.2026
OFSYM;izle;;21,7;5,4;12,2;4,0;10;1;zayif;36,3;38,2;27,1;asagi;guclu;zayif;asagi;0,39;-1,49;1;55,4;-3,48;22526803;66,99;SAT;NEGATIF;SAT;NEGATIF;ARTIYOR;SAT;AL;UCUZ (AL);1;30.09.2026
ENTRA;izle;;21,4;1,5;19,8;0,0;0;0;zayif;23,3;41,1;45,5;asagi;guclu;zayif;asagi;0,37;-1,84;0;4,06;-0,49;28827847;4,51;AL;NEGATIF;SAT;POZITIF;AZALIYOR;AL;SAT;NOTR;3;30.09.2026
OBASE;izle;;21,2;2,4;5,3;13,5;10;0;zayif;37,5;29,2;8,3;asagi;zayif;zayif;asagi;1,27;-4,11;4;26,18;4,97;13397641;31,80;SAT;NEGATIF;SAT;NEGATIF;ARTIYOR;AL;AL;NOTR;2;30.09.2026
ECILC;izle;;21,0;1,5;19,6;0,0;10;1;zayif;22,7;43,1;49,1;asagi;guclu;zayif;asagi;0,63;-1,84;1;63,15;-1,48;252946567;69,49;AL;NEGATIF;SAT;POZITIF;AZALIYOR;AL;SAT;UCUZ (AL);3;30.09.2026
DOHOL;izle;;21,0;5,1;5,7;10,2;6;0;zayif;27,2;26,3;37,1;asagi;guclu;zayif;asagi;1,71;-3,51;3;18,37;-6,85;444365450;21,30;SAT;NEGATIF;SAT;NEGATIF;ARTIYOR;SAT;SAT;NOTR;0;30.09.2026
KARSN;izle;;20,7;1,9;10,8;8,0;0;0;zayif;25,8;38,3;19,5;asagi;zayif;zayif;asagi;0,22;-2,15;0;9,08;-0,33;101720008;11,62;SAT;NEGATIF;SAT;NEGATIF;AZALIYOR;SAT;SAT;NOTR;0;30.09.2026
BRISA;izle;;20,7;1,6;10,8;8,3;0;0;zayif;23,6;35,0;53,7;asagi;guclu;zayif;asagi;1,20;-3,30;2;68,7;-2,83;15370526;77,10;SAT;NEGATIF;SAT;NEGATIF;AZALIYOR;SAT;SAT;UCUZ (AL);0;30.09.2026
KATMR;izle;;20,5;2,4;4,0;14,0;6;0;zayif;53,1;25,1;29,2;asagi;zayif;zayif;asagi;1,87;-5,90;3;1,5;2,04;229485348;1,69;SAT;NEGATIF;SAT;NEGATIF;ARTIYOR;AL;SAT;UCUZ (AL);1;30.09.2026
LIDER;izle;;20,4;2,4;8,0;10,0;0;0;zayif;61,6;11,6;14,6;asagi;zayif;zayif;asagi;5,98;-14,34;0;7,18;-5,15;485147911;12,74;AL;NEGATIF;SAT;NEGATIF;AZALIYOR;AL;SAT;UCUZ (AL);2;30.09.2026
AVPGY;izle;;20,4;1,5;8,9;10,0;6;0;zayif;23,0;28,4;35,2;asagi;guclu;zayif;asagi;2,37;-2,61;3;48,18;-5,62;82507624;56,21;SAT;NEGATIF;SAT;NEGATIF;ARTIYOR;SAT;SAT;NOTR;0;30.09.2026
BJKAS;izle;;20,4;4,7;7,7;8,0;0;0;zayif;24,6;37,2;59,6;asagi;zayif;zayif;asagi;0,60;-2,23;1;1,58;1,94;333096870;2,16;SAT;NEGATIF;SAT;NEGATIF;AZALIYOR;SAT;SAT;NOTR;0;30.09.2026
SEKFK;izle;;20,2;2,4;13,1;4,7;6;0;zayif;32,3;31,8;15,2;asagi;zayif;zayif;asagi;0,98;-3,18;3;3,93;-0,51;1905586;4,48;AL;NEGATIF;SAT;NEGATIF;AZALIYOR;SAT;SAT;NOTR;1;30.09.2026
TRCAS;izle;;20,2;12,1;7,4;0,8;16;1;zayif;27,1;27,6;29,8;asagi;guclu;zayif;asagi;0,65;-2,34;3;41,28;-3,78;23256368;48,19;SAT;NEGATIF;SAT;NEGATIF;ARTIYOR;SAT;SAT;NOTR;0;30.09.2026
DESA;izle;;20,2;2,3;12,5;5,3;6;0;zayif;29,2;33,2;29,8;asagi;guclu;zayif;asagi;1,02;-2,67;3;8,58;-2,72;16169868;9,82;SAT;NEGATIF;SAT;NEGATIF;ARTIYOR;AL;AL;UCUZ (AL);2;30.09.2026
KOCMT;izle;;20,1;4,1;6,0;10,0;0;0;zayif;20,3;31,7;73,9;asagi;zayif;zayif;asagi;1,33;-3,97;2;2,42;-0,82;270230014;3,54;SAT;NEGATIF;SAT;NEGATIF;AZALIYOR;SAT;SAT;NOTR;0;30.09.2026
EMNIS;izle;;20,0;1,6;0,5;18,0;0;0;zayif;23,5;26,6;20,6;asagi;zayif;zayif;asagi;3,15;-5,79;2;118,4;0,77;2950054;133,93;SAT;NEGATIF;SAT;NEGATIF;AZALIYOR;SAT;SAT;UCUZ (AL);0;30.09.2026
TGSAS;izle;;19,9;5,4;4,4;10,0;0;0;zayif;35,2;26,4;11,0;asagi;zayif;zayif;asagi;2,16;-4,90;2;95,35;9,98;130470361;133,43;SAT;NEGATIF;SAT;NEGATIF;ARTIYOR;SAT;AL;UCUZ (AL);1;30.09.2026
DITAS;izle;;19,8;2,4;4,0;13,3;0;0;zayif;45,3;24,3;39,6;asagi;zayif;zayif;asagi;1,02;-6,80;1;9,02;-9,98;47772779;14,13;SAT;NEGATIF;SAT;NEGATIF;AZALIYOR;AL;AL;UCUZ (AL);2;30.09.2026
ASGYO;izle;;19,6;1,8;12,8;5,1;0;0;zayif;24,9;32,8;24,5;asagi;guclu;zayif;asagi;0,76;-2,78;2;9,81;-1,41;24384491;10,89;SAT;NEGATIF;SAT;NEGATIF;AZALIYOR;SAT;SAT;NOTR;0;30.09.2026
KCAER;izle;;19,5;5,4;4,1;10,0;0;0;zayif;49,4;25,2;38,1;asagi;zayif;zayif;asagi;2,84;-4,44;2;10,75;0,00;437755437;12,67;SAT;NEGATIF;SAT;NEGATIF;AZALIYOR;AL;AL;NOTR;2;30.09.2026
TNZTP;izle;;19,5;11,1;8,4;0,0;40;5;zayif;19,7;35,9;43,8;asagi;guclu;zayif;asagi;0,32;-1,77;1;25;-0,32;30480700;30,65;SAT;NEGATIF;NOTR;NEGATIF;AZALIYOR;SAT;SAT;NOTR;0;30.09.2026
VANGD;izle;;19,4;5,4;4,0;10,0;0;0;zayif;41,5;23,4;33,4;asagi;zayif;zayif;asagi;1,57;-4,94;1;53,05;7,83;15408001;67,76;SAT;NEGATIF;SAT;NEGATIF;ARTIYOR;SAT;AL;NOTR;1;30.09.2026
AKSA;izle;;19,4;4,9;11,8;2,7;6;0;zayif;25,9;36,9;31,4;asagi;guclu;zayif;asagi;0,86;-2,62;3;10,25;-0,39;137340550;11,40;SAT;NEGATIF;SAT;NEGATIF;ARTIYOR;SAT;SAT;NOTR;0;30.09.2026
ALTNY;izle;;19,3;2,4;6,8;10,0;0;0;zayif;31,1;34,4;21,0;asagi;zayif;zayif;asagi;1,72;-3,19;2;12,84;9,93;571419265;14,55;SAT;NEGATIF;SAT;NEGATIF;ARTIYOR;SAT;AL;NOTR;1;30.09.2026
SNPAM;izle;;19,0;0,6;13,0;5,4;10;1;zayif;16,4;37,5;27,9;asagi;guclu;zayif;asagi;0,44;-3,35;2;18,16;0,06;388515;19,25;SAT;NEGATIF;NOTR;POZITIF;AZALIYOR;SAT;SAT;UCUZ (AL);1;30.09.2026
GLBMD;izle;;19,0;2,0;10,2;6,8;6;0;zayif;26,6;35,9;21,4;asagi;guclu;zayif;asagi;1,11;-1,90;3;10,13;-2,13;1485433;11,18;SAT;NEGATIF;SAT;NEGATIF;ARTIYOR;AL;SAT;UCUZ (AL);1;30.09.2026
ADGYO;izle;;18,7;5,0;3,7;10,0;0;0;zayif;27,0;32,9;27,9;asagi;zayif;zayif;asagi;2,11;-2,56;2;45,2;-2,80;136057288;57,79;SAT;NEGATIF;SAT;NEGATIF;ARTIYOR;SAT;SAT;NOTR;0;30.09.2026
ARDYZ;izle;;18,6;5,4;3,2;10,0;0;0;zayif;37,0;30,3;28,6;asagi;zayif;zayif;asagi;1,49;-3,23;2;56,2;-9,50;484244602;74,55;SAT;NEGATIF;SAT;NEGATIF;ARTIYOR;SAT;SAT;NOTR;0;30.09.2026
KONKA;izle;;18,5;2,4;6,0;10,0;0;0;zayif;56,7;31,7;15,7;asagi;zayif;zayif;asagi;1,66;-5,51;2;7,67;9,89;30469228;8,23;SAT;NEGATIF;SAT;NEGATIF;ARTIYOR;AL;AL;UCUZ (AL);2;30.09.2026
YEOTK;izle;;18,4;4,3;5,7;8,5;0;0;zayif;21,6;34,9;49,5;asagi;zayif;zayif;asagi;1,21;-3,12;2;26,92;-9,97;606577350;35,33;SAT;NEGATIF;SAT;NEGATIF;ARTIYOR;SAT;SAT;NOTR;0;30.09.2026
GRTHO;izle;;18,4;2,4;5,9;10,0;0;0;zayif;31,6;31,4;47,7;asagi;zayif;zayif;asagi;1,60;-4,74;1;123,5;-2,76;311546658;158,68;SAT;NEGATIF;SAT;NEGATIF;AZALIYOR;AL;AL;UCUZ (AL);2;30.09.2026
BAGFS;izle;;18,3;2,4;7,8;8,0;10;1;zayif;33,7;29,1;10,1;asagi;zayif;zayif;asagi;0,51;-3,45;1;21,46;0,09;10277323;24,86;SAT;NEGATIF;SAT;NEGATIF;AZALIYOR;SAT;SAT;NOTR;0;30.09.2026
ISCTR;izle;;18,2;1,3;12,6;4,3;6;0;zayif;21,6;38,6;57,1;asagi;guclu;zayif;asagi;0,87;-1,95;3;12,2;-5,79;8113239510;14,08;SAT;NEGATIF;SAT;NEGATIF;ARTIYOR;SAT;SAT;NOTR;0;30.09.2026
BIOEN;izle;;18,0;2,4;4,9;10,6;0;0;zayif;37,9;28,0;34,9;asagi;zayif;zayif;asagi;1,10;-4,03;1;11,31;-0,18;143941262;13,58;SAT;NEGATIF;SAT;NEGATIF;ARTIYOR;AL;AL;UCUZ (AL);2;30.09.2026
KLYPV;izle;;17,9;2,3;7,5;8,0;6;0;zayif;29,2;31,5;13,5;asagi;guclu;zayif;asagi;0,51;-2,38;3;51,6;-5,32;66182366;61,19;SAT;NEGATIF;SAT;NEGATIF;AZALIYOR;AL;AL;NOTR;2;30.09.2026
PAGYO;izle;;17,8;5,4;12,4;0,0;0;0;zayif;39,1;37,1;28,2;asagi;zayif;zayif;asagi;0,20;-2,75;2;121,9;-0,89;3093822;137,61;AL;NEGATIF;SAT;NEGATIF;AZALIYOR;AL;AL;NOTR;3;30.09.2026
DENGE;izle;;17,8;2,3;5,5;10,0;0;0;zayif;28,6;30,1;20,2;asagi;zayif;zayif;asagi;1,32;-3,78;2;1,79;5,92;54750248;2,02;SAT;NEGATIF;SAT;NEGATIF;ARTIYOR;SAT;AL;UCUZ (AL);1;30.09.2026
KRDMB;izle;;17,8;5,4;2,3;10,0;0;0;zayif;41,9;26,6;47,4;asagi;zayif;zayif;asagi;2,31;-4,91;2;59,25;-9,95;413925240;91,82;SAT;NEGATIF;SAT;NEGATIF;AZALIYOR;SAT;SAT;NOTR;0;30.09.2026
EUYO;izle;;17,8;2,0;5,8;10,0;6;0;zayif;26,6;30,9;28,4;asagi;zayif;zayif;asagi;2,05;-3,57;3;3,55;-7,79;7408204;4,42;SAT;NEGATIF;SAT;NEGATIF;ARTIYOR;AL;AL;NOTR;2;30.09.2026
ISFIN;izle;;17,7;5,2;10,3;2,1;0;0;zayif;28,5;29,2;38,7;asagi;guclu;zayif;asagi;0,72;-2,59;1;17,65;-0,73;20222576;19,33;SAT;NEGATIF;SAT;NEGATIF;AZALIYOR;SAT;SAT;NOTR;0;30.09.2026
ARCLK;izle;;17,6;1,3;6,3;10,0;6;0;zayif;21,7;28,2;25,5;asagi;guclu;zayif;asagi;1,60;-4,15;3;80,7;-4,04;215693185;91,18;SAT;NEGATIF;SAT;NEGATIF;ARTIYOR;SAT;SAT;UCUZ (AL);0;30.09.2026
ODAS;izle;;17,5;4,6;2,9;10,0;46;4;zayif;24,1;29,4;30,9;asagi;zayif;zayif;asagi;1,59;-3,48;3;5,92;-1,33;620096734;7,03;SAT;NEGATIF;SAT;NEGATIF;ARTIYOR;SAT;SAT;NOTR;0;30.09.2026
EPLAS;izle;;17,5;1,2;12,2;4,0;22;2;zayif;21,1;39,9;30,4;asagi;guclu;zayif;asagi;0,37;-1,52;1;5,08;-0,39;13693059;6,29;SAT;NEGATIF;SAT;NEGATIF;AZALIYOR;SAT;SAT;NOTR;0;30.09.2026
GOLTS;izle;;17,5;2,4;6,1;9,0;0;0;zayif;30,5;29,2;31,8;asagi;zayif;zayif;asagi;1,00;-4,30;2;250,5;-2,05;30104339;281,36;SAT;NEGATIF;SAT;NEGATIF;AZALIYOR;SAT;AL;UCUZ (AL);1;30.09.2026
DSTKF;izle;;17,4;5,4;4,0;8,0;22;2;zayif;33,5;20,3;87,1;asagi;zayif;zayif;asagi;0,19;-7,40;0;856,5;-9,98;96091592;1318,72;SAT;NEGATIF;SAT;NEGATIF;AZALIYOR;SAT;AL;NOTR;1;30.09.2026
IEYHO;izle;;17,4;5,4;4,0;8,0;0;0;zayif;72,3;11,4;97,7;asagi;zayif;zayif;asagi;0,11;-10,06;0;72,4;-9,95;11082920;102,54;SAT;NEGATIF;SAT;NEGATIF;AZALIYOR;SAT;SAT;NOTR;0;30.09.2026
MANAS;izle;;17,4;5,4;4,0;8,0;0;0;zayif;42,7;12,6;38,7;asagi;zayif;zayif;asagi;0,00;-8,18;0;10,53;-9,92;429782;16,64;SAT;NEGATIF;SAT;NEGATIF;AZALIYOR;SAT;SAT;NOTR;0;30.09.2026
OZATD;izle;;17,4;5,4;4,0;8,0;32;3;zayif;43,9;14,1;88,3;asagi;zayif;zayif;asagi;0,00;-7,39;0;1568;-9,99;40768;2356,43;SAT;NEGATIF;SAT;NEGATIF;AZALIYOR;SAT;AL;PAHALI (SAT);1;30.09.2026
ALKLC;izle;;17,4;5,4;4,0;8,0;10;1;zayif;61,0;13,5;94,0;asagi;zayif;zayif;asagi;0,00;-9,06;0;163,6;-9,96;347486;238,47;SAT;NEGATIF;SAT;NEGATIF;AZALIYOR;SAT;AL;NOTR;1;30.09.2026
TEHOL;izle;;17,4;5,4;4,0;8,0;0;0;zayif;44,9;15,5;60,9;asagi;zayif;zayif;asagi;0,00;-8,64;0;15,04;-9,99;215959;22,78;SAT;NEGATIF;SAT;NEGATIF;AZALIYOR;SAT;AL;NOTR;1;30.09.2026
SELEC;izle;;17,4;5,4;4,0;8,0;0;0;zayif;50,4;17,0;-0,0;asagi;zayif;zayif;asagi;0,01;-7,75;0;91,9;-9,99;769754;145,89;SAT;NEGATIF;SAT;NEGATIF;AZALIYOR;SAT;AL;NOTR;1;30.09.2026
BIGEN;izle;;17,4;5,4;4,0;8,0;0;0;zayif;35,3;22,6;96,6;asagi;zayif;zayif;asagi;0,00;-5,88;0;49,42;-9,98;380040;80,21;SAT;NEGATIF;SAT;NEGATIF;AZALIYOR;SAT;AL;NOTR;1;30.09.2026
GUNDG;izle;;17,4;5,4;4,0;8,0;0;0;zayif;42,1;18,0;-0,0;asagi;zayif;zayif;asagi;0,00;-9,01;0;231,1;-9,99;38363;465,04;SAT;NEGATIF;SAT;NEGATIF;AZALIYOR;AL;SAT;NOTR;1;30.09.2026
ANELE;izle;;17,4;5,4;4,0;8,0;0;0;zayif;46,0;17,1;-0,0;asagi;zayif;zayif;asagi;0,00;-7,25;0;45,32;-9,99;80670;76,04;SAT;NEGATIF;SAT;NEGATIF;AZALIYOR;SAT;AL;NOTR;1;30.09.2026
MEGMT;izle;;17,4;2,4;10,1;4,9;0;0;zayif;46,9;32,0;28,9;asagi;zayif;zayif;asagi;0,75;-5,15;2;3,55;0,85;166648623;4,28;AL;NEGATIF;SAT;NEGATIF;ARTIYOR;AL;AL;UCUZ (AL);3;30.09.2026
ULKER;izle;;17,3;1,9;12,5;2,9;6;0;zayif;26,1;37,3;36,6;asagi;guclu;zayif;asagi;0,78;-3,00;3;83,45;-2,57;336707815;93,03;SAT;NEGATIF;SAT;NEGATIF;AZALIYOR;SAT;SAT;UCUZ (AL);0;30.09.2026
DERHL;izle;;17,2;2,4;4,8;10,0;6;0;zayif;31,3;27,6;35,4;asagi;zayif;zayif;asagi;1,35;-4,25;3;1,6;0,00;31817830;1,85;SAT;NEGATIF;SAT;NEGATIF;ARTIYOR;AL;AL;UCUZ (AL);2;30.09.2026
CLEBI;izle;;17,2;2,1;11,4;3,7;0;0;zayif;27,5;33,3;30,2;asagi;guclu;zayif;asagi;0,81;-3,58;2;1323;-2,22;24417288;1456,46;SAT;NEGATIF;SAT;NEGATIF;ARTIYOR;SAT;SAT;NOTR;0;30.09.2026
MARMR;izle;;16,8;2,4;4,4;10,0;10;0;zayif;41,6;26,3;7,5;asagi;zayif;zayif;asagi;2,14;-4,84;4;1,47;-6,96;154044609;1,79;SAT;NEGATIF;SAT;NEGATIF;ARTIYOR;AL;AL;NOTR;2;30.09.2026
EFOR;izle;;16,8;4,4;6,5;5,9;0;0;zayif;22,3;33,4;46,7;asagi;zayif;zayif;asagi;1,05;-2,68;2;13,6;-3,20;1181653639;17,99;SAT;NEGATIF;SAT;NEGATIF;AZALIYOR;SAT;AL;UCUZ (AL);1;30.09.2026
DOAS;izle;;16,6;2,4;4,2;10,0;6;0;zayif;33,3;23,6;24,9;asagi;zayif;zayif;asagi;1,41;-5,25;3;144,2;-3,74;166238951;160,06;SAT;NEGATIF;SAT;NEGATIF;ARTIYOR;SAT;SAT;UCUZ (AL);0;30.09.2026
ECOGR;izle;;16,5;4,4;2,1;10,0;16;1;zayif;22,3;28,0;22,7;asagi;zayif;zayif;asagi;1,30;-3,61;3;26,76;-8,10;177368063;34,88;SAT;NEGATIF;SAT;NEGATIF;ARTIYOR;SAT;SAT;NOTR;0;30.09.2026
EKGYO;izle;;16,5;1,0;13,9;1,6;10;1;zayif;19,3;41,5;31,7;asagi;guclu;zayif;asagi;0,73;-1,45;2;18,44;-1,76;2396083366;21,06;SAT;NEGATIF;NOTR;POZITIF;AZALIYOR;SAT;SAT;NOTR;1;30.09.2026
PAHOL;izle;;16,4;2,4;4,0;10,0;10;0;zayif;41,6;13,2;20,7;asagi;zayif;zayif;asagi;1,73;-6,65;5;0,83;-2,35;407509493;1,03;SAT;NEGATIF;SAT;NEGATIF;ARTIYOR;SAT;SAT;UCUZ (AL);0;30.09.2026
ISKPL;izle;;16,4;2,4;4,0;10,0;0;0;zayif;40,6;22,1;38,6;asagi;zayif;zayif;asagi;1,43;-7,02;1;3,22;8,78;164372985;4,46;SAT;NEGATIF;SAT;NEGATIF;AZALIYOR;AL;AL;UCUZ (AL);2;30.09.2026
HDFGS;izle;;16,4;2,4;4,0;10,0;22;2;zayif;47,2;7,9;0,0;asagi;zayif;zayif;asagi;1,66;-9,58;0;0,85;-4,49;59161774;1,21;SAT;NEGATIF;SAT;NEGATIF;AZALIYOR;AL;SAT;UCUZ (AL);1;30.09.2026
CRDFA;izle;;16,4;2,4;4,0;10,0;0;0;zayif;55,4;8,8;28,9;asagi;zayif;zayif;asagi;5,49;-11,00;0;7,29;-9,89;62622237;11,50;SAT;NEGATIF;SAT;NEGATIF;AZALIYOR;AL;AL;UCUZ (AL);2;30.09.2026
SANFM;izle;;16,4;2,4;4,0;10,0;10;0;zayif;47,5;13,0;21,4;asagi;zayif;zayif;asagi;1,52;-7,94;4;3,85;-1,53;40420199;5,31;SAT;NEGATIF;SAT;NEGATIF;AZALIYOR;SAT;SAT;UCUZ (AL);0;30.09.2026
A1YEN;izle;;16,4;2,4;4,0;10,0;0;0;zayif;41,0;16,7;27,1;asagi;zayif;zayif;asagi;1,56;-6,77;2;1,5;-5,06;38152376;1,97;SAT;NEGATIF;SAT;NEGATIF;AZALIYOR;AL;AL;UCUZ (AL);2;30.09.2026
FORMT;izle;;16,4;2,4;4,0;10,0;10;0;zayif;65,1;8,9;-0,0;asagi;zayif;zayif;asagi;1,40;-9,37;5;0,92;-4,17;27690094;1,13;SAT;NEGATIF;SAT;NEGATIF;ARTIYOR;AL;SAT;UCUZ (AL);1;30.09.2026
ERSU;izle;;16,4;2,4;4,0;10,0;10;1;zayif;36,0;13,8;-0,0;asagi;zayif;zayif;asagi;3,23;-6,02;2;11,84;0,42;22544272;16,34;SAT;NEGATIF;SAT;NEGATIF;ARTIYOR;AL;SAT;UCUZ (AL);1;30.09.2026
SEYKM;izle;;16,4;2,4;4,0;10,0;10;0;zayif;45,4;22,4;11,4;asagi;zayif;zayif;asagi;2,05;-5,14;5;2,7;9,76;8928387;3,30;SAT;NEGATIF;SAT;NEGATIF;ARTIYOR;AL;AL;UCUZ (AL);2;30.09.2026
SUWEN;izle;;16,4;2,2;4,2;10,0;16;1;zayif;28,2;25,6;26,7;asagi;zayif;zayif;asagi;1,78;-3,33;3;4,83;-3,21;73445183;6,27;SAT;NEGATIF;SAT;NEGATIF;ARTIYOR;SAT;SAT;UCUZ (AL);0;30.09.2026
SANEL;izle;;16,4;5,0;2,5;8,9;0;0;zayif;26,4;24,8;33,9;asagi;zayif;zayif;asagi;1,24;-4,15;1;34,4;-2,05;15734560;45,46;SAT;NEGATIF;SAT;NEGATIF;AZALIYOR;SAT;SAT;NOTR;0;30.09.2026
MAKIM;izle;;16,3;1,4;4,9;10,0;6;0;zayif;22,6;31,5;56,7;asagi;zayif;zayif;asagi;2,33;-3,36;3;11,84;-9,96;36210402;14,48;SAT;NEGATIF;SAT;NEGATIF;ARTIYOR;AL;SAT;NOTR;1;30.09.2026
ADEL;izle;;16,3;2,4;5,7;8,2;10;0;zayif;29,6;30,6;18,2;asagi;zayif;zayif;asagi;1,19;-3,60;4;24,9;3,66;74185790;28,51;SAT;NEGATIF;SAT;NEGATIF;ARTIYOR;SAT;AL;NOTR;1;30.09.2026
ARSAN;izle;;16,1;4,1;11,9;0,1;0;0;zayif;20,0;38,0;47,3;asagi;guclu;zayif;asagi;0,71;-1,75;2;3,34;-0,89;43020579;3,97;SAT;NEGATIF;NOTR;NEGATIF;AZALIYOR;SAT;SAT;NOTR;0;30.09.2026
PGSUS;izle;;15,9;0,9;9,8;5,3;6;0;zayif;18,3;31,5;53,7;asagi;guclu;zayif;asagi;1,02;-3,57;3;136,1;-4,42;1383923051;154,26;SAT;NEGATIF;NOTR;NEGATIF;ARTIYOR;SAT;SAT;UCUZ (AL);0;30.09.2026
HUBVC;izle;;15,9;2,4;4,0;9,4;6;0;zayif;46,6;24,5;10,9;asagi;zayif;zayif;asagi;1,03;-4,67;3;1,6;5,26;4206811;1,95;SAT;NEGATIF;SAT;NEGATIF;ARTIYOR;AL;AL;UCUZ (AL);2;30.09.2026
BMSTL;izle;;15,8;4,0;1,9;10,0;32;2;zayif;19,2;28,2;43,6;asagi;zayif;zayif;asagi;1,34;-3,17;4;36,5;-9,97;206051698;46,35;SAT;NEGATIF;NOTR;NEGATIF;ARTIYOR;SAT;SAT;NOTR;0;30.09.2026
BMSCH;izle;;15,6;1,9;5,7;8,0;0;0;zayif;25,9;30,8;58,7;asagi;zayif;zayif;asagi;0,38;-4,59;1;8,4;-2,33;9664973;10,29;SAT;NEGATIF;SAT;NEGATIF;AZALIYOR;SAT;SAT;UCUZ (AL);0;30.09.2026
SEGYO;izle;;15,5;2,4;5,3;7,7;6;0;zayif;41,4;29,4;41,1;asagi;zayif;zayif;asagi;1,16;-4,96;3;2,77;0,00;14214219;3,22;SAT;NEGATIF;SAT;NEGATIF;ARTIYOR;AL;AL;UCUZ (AL);2;30.09.2026
OZRDN;izle;;15,4;5,4;0,0;10,0;6;0;zayif;30,1;17,2;20,7;asagi;zayif;zayif;asagi;2,03;-5,45;3;15,17;-9,97;7913673;22,41;SAT;NEGATIF;SAT;NEGATIF;AZALIYOR;SAT;SAT;NOTR;0;30.09.2026
BTCIM;izle;;15,4;2,4;4,0;8,9;6;0;zayif;67,9;10,0;17,4;asagi;zayif;zayif;asagi;1,24;-8,25;3;1,86;-8,37;506108502;2,67;SAT;NEGATIF;SAT;NEGATIF;AZALIYOR;AL;SAT;UCUZ (AL);1;30.09.2026
SDTTR;izle;;15,3;2,4;4,0;8,9;20;1;zayif;31,3;23,0;10,4;asagi;zayif;zayif;asagi;1,23;-4,47;5;15,3;-0,65;143963483;18,38;SAT;NEGATIF;SAT;NEGATIF;ARTIYOR;SAT;SAT;NOTR;0;30.09.2026
EGGUB;izle;;15,3;1,5;12,3;1,6;6;0;zayif;23,0;38,1;29,2;asagi;guclu;zayif;asagi;0,66;-1,79;3;95,3;-2,76;30685742;110,49;SAT;NEGATIF;SAT;NEGATIF;AZALIYOR;SAT;SAT;NOTR;0;30.09.2026
AKMGY;izle;;15,3;3,7;3,6;8,0;6;0;zayif;17,2;25,7;66,6;asagi;zayif;zayif;asagi;0,59;-3,34;3;208,9;-3,64;8601875;243,96;SAT;NEGATIF;NOTR;NEGATIF;AZALIYOR;SAT;SAT;NOTR;0;30.09.2026
DMRGD;izle;;15,3;4,5;2,8;8,0;40;4;zayif;23,1;30,2;71,4;asagi;zayif;zayif;asagi;0,12;-3,42;0;7,51;-9,95;52414648;10,46;SAT;NEGATIF;SAT;NEGATIF;AZALIYOR;SAT;SAT;NOTR;0;30.09.2026
DGGYO;izle;;15,2;1,2;7,7;6,3;0;0;zayif;20,6;35,3;27,9;asagi;zayif;zayif;asagi;0,84;-2,51;2;27,46;1,55;2713927;32,80;SAT;NEGATIF;SAT;NEGATIF;AZALIYOR;AL;AL;NOTR;2;30.09.2026
AGYO;izle;;15,2;0,7;10,4;4,0;0;0;zayif;17,5;33,5;26,4;asagi;guclu;zayif;asagi;0,39;-2,14;2;6,6;-2,94;820941;7,77;SAT;NEGATIF;NOTR;NEGATIF;AZALIYOR;SAT;AL;NOTR;1;30.09.2026
DGATE;izle;;15,1;2,4;4,0;8,7;0;0;zayif;39,0;23,3;21,9;asagi;zayif;zayif;asagi;1,22;-5,08;0;58,65;-1,84;26126112;75,08;SAT;NEGATIF;SAT;NEGATIF;AZALIYOR;AL;SAT;NOTR;1;30.09.2026
PINSU;izle;;15,1;1,2;5,9;8,0;28;2;zayif;21,1;27,5;52,5;asagi;zayif;zayif;asagi;0,38;-3,35;3;8,69;-2,47;10351485;9,98;SAT;NEGATIF;SAT;NEGATIF;AZALIYOR;SAT;SAT;UCUZ (AL);0;30.09.2026
BUCIM;izle;;15,0;1,8;12,9;0,4;10;0;zayif;25,1;31,2;28,8;asagi;guclu;zayif;asagi;0,65;-2,88;5;4,85;-1,82;12645992;5,46;SAT;NEGATIF;SAT;NEGATIF;AZALIYOR;SAT;SAT;UCUZ (AL);0;30.09.2026
BULGS;izle;;15,0;2,4;4,0;8,5;0;0;zayif;62,8;12,9;31,5;asagi;zayif;zayif;asagi;1,21;-8,90;2;12,24;-10,00;95441694;18,54;SAT;NEGATIF;SAT;NEGATIF;AZALIYOR;AL;AL;UCUZ (AL);2;30.09.2026
ALCTL;izle;;14,9;2,4;2,8;9,7;10;0;zayif;61,2;19,0;26,5;asagi;zayif;zayif;asagi;1,28;-6,34;4;82,45;-5,18;40086778;99,61;SAT;NEGATIF;SAT;NEGATIF;ARTIYOR;SAT;SAT;NOTR;0;30.09.2026
OTKAR;izle;;14,8;0,6;11,0;3,2;6;0;zayif;16,4;33,4;40,7;asagi;guclu;zayif;asagi;0,89;-2,87;3;281,5;-2,00;81777158;318,94;SAT;NEGATIF;NOTR;NEGATIF;ARTIYOR;SAT;SAT;UCUZ (AL);0;30.09.2026
ISBTR;izle;;14,7;5,4;5,3;4,0;42;3;zayif;32,8;22,4;15,4;asagi;zayif;zayif;asagi;0,94;-6,35;4;408500;0,00;1634000;437401,99;SAT;NEGATIF;SAT;NEGATIF;AZALIYOR;SAT;AL;NOTR;1;30.09.2026
FMIZP;izle;;14,7;0,8;11,9;2,0;0;0;zayif;17,6;37,5;45,0;asagi;guclu;zayif;asagi;0,77;-2,24;2;257;-3,84;15558523;293,40;SAT;NEGATIF;NOTR;NEGATIF;AZALIYOR;SAT;SAT;UCUZ (AL);0;30.09.2026
TURGG;izle;;14,6;1,4;5,2;8,0;10;1;zayif;22,5;33,6;37,6;asagi;zayif;zayif;asagi;0,31;-2,48;2;22,76;-4,45;7176410;28,79;SAT;NEGATIF;SAT;NEGATIF;AZALIYOR;SAT;SAT;NOTR;0;30.09.2026
ECZYT;izle;;14,6;2,4;4,9;7,3;0;0;zayif;39,9;28,1;52,9;asagi;zayif;zayif;asagi;0,90;-4,55;1;222,8;-0,67;115022951;260,96;SAT;NEGATIF;SAT;NEGATIF;AZALIYOR;AL;SAT;NOTR;1;30.09.2026
REEDR;izle;;14,6;2,4;4,0;8,2;0;0;zayif;35,9;8,6;29,4;asagi;zayif;zayif;asagi;1,19;-7,31;2;3,35;-3,46;99862857;4,23;SAT;NEGATIF;SAT;NEGATIF;ARTIYOR;AL;AL;UCUZ (AL);2;30.09.2026
TATGD;izle;;14,6;3,8;10,7;0,1;0;0;zayif;17,8;33,9;21,1;asagi;guclu;zayif;asagi;0,71;-2,78;2;15,82;-0,82;20323812;17,62;SAT;NEGATIF;NOTR;NEGATIF;AZALIYOR;SAT;SAT;NOTR;0;30.09.2026
GLRMK;izle;;14,6;2,4;3,9;8,4;38;3;zayif;29,3;32,0;35,0;asagi;zayif;zayif;asagi;0,72;-3,03;3;132;-3,15;538325040;162,11;SAT;NEGATIF;SAT;NEGATIF;AZALIYOR;SAT;SAT;UCUZ (AL);0;30.09.2026
MAGEN;izle;;14,4;2,4;4,0;8,0;32;3;zayif;38,7;12,5;-0,0;asagi;zayif;zayif;asagi;0,01;-9,34;0;11,75;-9,96;1864666;17,81;SAT;NEGATIF;SAT;NEGATIF;AZALIYOR;SAT;AL;UCUZ (AL);1;30.09.2026
IZFAS;izle;;14,4;2,4;4,0;8,0;0;0;zayif;35,8;19,3;54,9;asagi;zayif;zayif;asagi;0,00;-7,66;0;16,04;-9,99;207365;27,51;SAT;NEGATIF;SAT;NEGATIF;AZALIYOR;AL;AL;UCUZ (AL);2;30.09.2026
TERA;izle;;14,4;2,4;4,0;8,0;10;1;zayif;42,6;15,0;92,2;asagi;zayif;zayif;asagi;0,02;-9,33;0;70,5;-9,96;8664380;102,67;SAT;NEGATIF;SAT;NEGATIF;AZALIYOR;SAT;SAT;UCUZ (AL);0;30.09.2026
KAPLM;izle;;14,4;2,4;4,0;8,0;0;0;zayif;62,7;14,1;35,2;asagi;zayif;zayif;asagi;0,05;-9,60;1;128,7;-10,00;1349419;196,32;SAT;NEGATIF;SAT;NEGATIF;AZALIYOR;AL;SAT;UCUZ (AL);1;30.09.2026
PEKGY;izle;;14,4;2,4;4,0;8,0;0;0;zayif;38,1;13,2;51,6;asagi;zayif;zayif;asagi;0,00;-10,02;0;3,7;-9,98;1195603;5,85;SAT;NEGATIF;SAT;NEGATIF;AZALIYOR;SAT;SAT;UCUZ (AL);0;30.09.2026
GWIND;izle;;14,4;2,4;6,2;5,8;6;0;zayif;29,5;28,6;14,0;asagi;zayif;zayif;asagi;1,05;-4,51;3;19,76;-2,37;61267915;22,00;SAT;NEGATIF;SAT;NEGATIF;ARTIYOR;SAT;SAT;NOTR;0;30.09.2026
AYES;izle;;14,3;5,4;4,9;4,0;0;0;zayif;32,7;33,4;41,6;asagi;zayif;zayif;asagi;0,59;-4,41;1;6,99;-5,67;1128738;7,85;SAT;NEGATIF;SAT;NEGATIF;ARTIYOR;AL;AL;NOTR;2;30.09.2026
ESCOM;izle;;14,3;5,4;3,0;5,8;0;0;zayif;34,1;28,8;13,1;asagi;zayif;zayif;asagi;1,05;-3,96;1;4,18;-1,42;68899998;4,88;SAT;NEGATIF;SAT;NEGATIF;AZALIYOR;SAT;SAT;NOTR;0;30.09.2026
TURSG;izle;;14,1;5,1;5,6;3,5;0;0;zayif;27,2;24,7;51,2;asagi;guclu;zayif;asagi;0,91;-3,31;1;5,4;-2,35;506869925;6,14;SAT;NEGATIF;SAT;NEGATIF;AZALIYOR;SAT;SAT;NOTR;0;30.09.2026
MOGAN;izle;;14,1;5,4;4,7;4,0;0;0;zayif;41,4;27,2;40,4;asagi;zayif;zayif;asagi;0,39;-4,83;0;8,93;-1,22;76253074;11,92;SAT;NEGATIF;SAT;NEGATIF;AZALIYOR;AL;AL;NOTR;2;30.09.2026
DZGYO;izle;;14,1;1,6;12,5;0,0;6;0;zayif;23,4;34,8;30,7;asagi;guclu;zayif;asagi;0,27;-2,78;3;6,4;-0,62;6447821;7,34;SAT;NEGATIF;SAT;NEGATIF;AZALIYOR;SAT;SAT;NOTR;0;30.09.2026
KONYA;izle;;14,0;1,5;12,5;0,0;0;0;zayif;23,1;38,8;53,1;asagi;guclu;zayif;asagi;0,31;-1,61;2;3500;-1,75;26505500;4151,28;SAT;NEGATIF;SAT;NEGATIF;AZALIYOR;SAT;SAT;UCUZ (AL);0;30.09.2026
ALCAR;izle;;14,0;0,8;5,2;8,0;6;0;zayif;17,9;30,2;45,8;asagi;zayif;zayif;asagi;0,48;-3,20;3;594;-1,49;13628736;691,49;SAT;NEGATIF;NOTR;NEGATIF;AZALIYOR;SAT;SAT;UCUZ (AL);0;30.09.2026
HATSN;izle;;13,8;5,4;4,5;4,0;0;0;zayif;29,5;26,6;18,9;asagi;zayif;zayif;asagi;0,52;-4,93;1;30,38;-2,57;98101729;43,75;SAT;NEGATIF;SAT;NEGATIF;AZALIYOR;SAT;SAT;NOTR;0;30.09.2026
SRVGY;izle;;13,8;2,4;8,9;2,5;10;0;zayif;30,6;29,7;25,4;asagi;zayif;zayif;asagi;0,85;-3,86;4;2,09;0,97;29111967;2,35;SAT;NEGATIF;SAT;NEGATIF;ARTIYOR;SAT;SAT;UCUZ (AL);0;30.09.2026
BORLS;izle;;13,8;2,4;4,0;7,3;6;0;zayif;57,0;9,9;0,0;asagi;zayif;zayif;asagi;1,14;-8,91;3;1,5;-3,23;61377863;2,20;SAT;NEGATIF;SAT;NEGATIF;AZALIYOR;AL;AL;UCUZ (AL);2;30.09.2026
VSNMD;izle;;13,8;2,4;4,0;7,3;6;0;zayif;44,3;10,4;-0,0;asagi;zayif;zayif;asagi;1,14;-7,83;3;27,32;-2,01;34192455;32,45;SAT;NEGATIF;SAT;NEGATIF;ARTIYOR;AL;SAT;UCUZ (AL);1;30.09.2026
TARKM;izle;;13,7;5,3;4,0;4,4;10;0;zayif;28,8;23,8;19,2;asagi;zayif;zayif;asagi;0,97;-4,16;5;352,25;-3,89;54724856;451,67;SAT;NEGATIF;SAT;NEGATIF;ARTIYOR;SAT;SAT;NOTR;0;30.09.2026
PNSUT;izle;;13,7;1,4;12,3;0,0;28;2;zayif;22,3;37,2;15,4;asagi;guclu;zayif;asagi;0,63;-2,01;3;9,87;-2,76;22827928;11,76;SAT;NEGATIF;SAT;NEGATIF;AZALIYOR;SAT;SAT;NOTR;0;30.09.2026
VAKFN;izle;;13,6;2,4;1,2;10,0;10;0;zayif;55,6;16,3;3,2;asagi;zayif;zayif;asagi;1,45;-5,76;5;0,91;-2,15;85779524;1,04;SAT;NEGATIF;SAT;NEGATIF;ARTIYOR;SAT;SAT;UCUZ (AL);0;30.09.2026
VKING;izle;;13,6;2,4;1,1;10,0;10;0;zayif;47,7;18,2;24,5;asagi;zayif;zayif;asagi;2,06;-5,37;5;14,3;-5,11;11182743;18,08;SAT;NEGATIF;SAT;NEGATIF;ARTIYOR;SAT;SAT;UCUZ (AL);0;30.09.2026
BASGZ;izle;;13,6;2,2;7,8;3,6;6;0;zayif;28,0;27,3;22,9;asagi;guclu;zayif;asagi;0,91;-3,32;3;38,9;-1,02;11644132;43,21;SAT;NEGATIF;SAT;NEGATIF;AZALIYOR;SAT;SAT;NOTR;0;30.09.2026
ULUFA;izle;;13,5;2,4;4,1;7,0;6;0;zayif;33,2;22,1;12,0;asagi;zayif;zayif;asagi;1,12;-3,88;3;1,39;-2,80;30065084;1,59;SAT;NEGATIF;SAT;NEGATIF;AZALIYOR;SAT;SAT;UCUZ (AL);0;30.09.2026
BINHO;izle;;13,5;2,4;5,8;5,2;0;0;zayif;34,4;31,1;43,7;asagi;zayif;zayif;asagi;1,01;-4,10;2;6,23;9,88;193236103;7,82;SAT;NEGATIF;SAT;NEGATIF;ARTIYOR;SAT;SAT;UCUZ (AL);0;30.09.2026
ODINE;izle;;13,4;5,4;8,0;0,0;0;0;zayif;51,1;14,3;-0,0;asagi;zayif;zayif;asagi;0,28;-11,40;0;199,5;-9,97;826928;417,33;AL;NEGATIF;SAT;NEGATIF;AZALIYOR;AL;AL;NOTR;3;30.09.2026
KMPUR;izle;;13,4;2,4;4,2;6,8;0;0;zayif;41,8;25,7;23,4;asagi;zayif;zayif;asagi;1,11;-3,88;2;13,91;1,02;33865703;17,15;SAT;NEGATIF;SAT;NEGATIF;AZALIYOR;SAT;SAT;NOTR;0;30.09.2026
MARTI;izle;;13,4;2,4;1,0;10,0;0;0;zayif;39,4;28,2;56,3;asagi;zayif;zayif;asagi;3,38;-4,29;0;0,98;-9,26;538559445;1,60;SAT;NEGATIF;SAT;NEGATIF;AZALIYOR;SAT;SAT;UCUZ (AL);0;30.09.2026
DIRIT;izle;;13,3;0,5;3,5;9,2;10;0;zayif;15,9;32,4;25,9;asagi;zayif;zayif;asagi;0,77;-3,13;4;19,9;-9,05;881630;24,55;SAT;NEGATIF;NOTR;NEGATIF;ARTIYOR;SAT;AL;NOTR;1;30.09.2026
MERCN;izle;;13,2;2,4;0,8;10,0;10;0;zayif;37,2;21,6;27,6;asagi;zayif;zayif;asagi;1,77;-6,21;4;10,85;-7,11;112039704;14,50;SAT;NEGATIF;SAT;NEGATIF;ARTIYOR;SAT;SAT;UCUZ (AL);0;30.09.2026
QUAGR;izle;;13,1;2,4;0,7;10,0;10;0;zayif;33,3;19,6;24,5;asagi;zayif;zayif;asagi;1,85;-6,48;4;1,85;-8,42;141218281;2,44;SAT;NEGATIF;SAT;NEGATIF;ARTIYOR;AL;SAT;NOTR;1;30.09.2026
PAPIL;izle;;13,1;2,4;4,0;6,6;10;0;zayif;39,1;19,3;12,6;asagi;zayif;zayif;asagi;1,10;-6,04;4;7,39;1,23;49403266;9,41;SAT;NEGATIF;SAT;NEGATIF;ARTIYOR;SAT;SAT;UCUZ (AL);0;30.09.2026
SOKE;izle;;13,1;2,4;1,2;9,4;10;0;zayif;56,1;8,1;3,8;asagi;zayif;zayif;asagi;1,27;-9,73;5;6;-6,25;27264048;7,84;SAT;NEGATIF;SAT;NEGATIF;AZALIYOR;SAT;SAT;UCUZ (AL);0;30.09.2026
KRONT;izle;;13,0;5,4;6,3;1,2;6;0;zayif;30,2;32,8;25,0;asagi;zayif;zayif;asagi;0,77;-2,76;3;18,1;-1,47;20113951;21,87;SAT;NEGATIF;SAT;NEGATIF;AZALIYOR;SAT;SAT;NOTR;0;30.09.2026
POLTK;izle;;13,0;2,3;0,7;10,0;6;0;zayif;29,0;13,5;27,5;asagi;zayif;zayif;asagi;6,45;-6,50;3;2760;-7,62;184252080;3469,51;SAT;NEGATIF;SAT;NEGATIF;ARTIYOR;SAT;SAT;UCUZ (AL);0;30.09.2026
VBTYZ;izle;;13,0;5,4;0,2;7,4;40;5;zayif;35,2;23,8;13,3;asagi;zayif;zayif;asagi;1,14;-4,04;2;23,38;-6,41;42590598;30,01;SAT;NEGATIF;SAT;NEGATIF;ARTIYOR;SAT;SAT;NOTR;0;30.09.2026
MEGAP;izle;;13,0;2,4;0,5;10,0;10;0;zayif;50,5;20,0;12,2;asagi;zayif;zayif;asagi;1,37;-8,08;6;1,25;-6,02;1180958;1,46;SAT;NEGATIF;SAT;NEGATIF;ARTIYOR;AL;SAT;UCUZ (AL);1;28.09.2026
GENTS;izle;;12,9;2,4;4,0;6,5;6;0;zayif;35,2;19,7;6,4;asagi;zayif;zayif;asagi;1,09;-5,48;3;4,03;-0,74;21956439;4,65;SAT;NEGATIF;SAT;NEGATIF;AZALIYOR;SAT;SAT;UCUZ (AL);0;30.09.2026
ARZUM;izle;;12,9;2,4;4,0;6,5;6;0;zayif;35,5;21,1;11,0;asagi;zayif;zayif;asagi;1,09;-6,14;3;1,14;-1,72;11213037;1,34;SAT;NEGATIF;SAT;NEGATIF;AZALIYOR;AL;SAT;UCUZ (AL);1;30.09.2026
MMCAS;izle;;12,9;2,4;4,0;6,4;0;0;zayif;48,9;15,9;-0,0;asagi;zayif;zayif;asagi;1,09;-11,06;2;14,4;3,37;1888934;21,65;SAT;NEGATIF;SAT;NEGATIF;AZALIYOR;AL;AL;UCUZ (AL);2;30.09.2026
SNGYO;izle;;12,8;1,7;10,0;1,1;0;0;zayif;24,7;33,8;25,0;asagi;zayif;zayif;asagi;0,77;-3,05;2;2,7;1,50;67424951;3,07;SAT;NEGATIF;SAT;NEGATIF;ARTIYOR;AL;AL;UCUZ (AL);2;30.09.2026
SEGMN;izle;;12,8;2,4;0,3;10,0;6;0;zayif;51,3;14,7;3,5;asagi;zayif;zayif;asagi;1,75;-6,79;3;19,77;-9,97;49894735;30,41;SAT;NEGATIF;SAT;NEGATIF;AZALIYOR;SAT;SAT;NOTR;0;30.09.2026
CVKMD;izle;;12,8;5,4;3,2;4,1;0;0;zayif;35,3;30,0;30,4;asagi;zayif;zayif;asagi;0,95;-3,20;2;12,11;-5,17;352871086;14,99;SAT;NEGATIF;SAT;NEGATIF;AZALIYOR;SAT;SAT;NOTR;0;30.09.2026
FENER;izle;;12,7;2,4;4,0;6,2;6;0;zayif;34,8;23,8;19,1;asagi;zayif;zayif;asagi;1,07;-4,82;3;2,33;1,30;252762002;2,62;SAT;NEGATIF;SAT;NEGATIF;ARTIYOR;SAT;AL;NOTR;1;30.09.2026
MNDRS;izle;;12,7;2,4;0,3;10,0;10;0;zayif;29,5;24,2;19,4;asagi;zayif;zayif;asagi;1,65;-4,80;5;8,84;-4,23;40694109;10,15;SAT;NEGATIF;SAT;NEGATIF;ARTIYOR;SAT;AL;UCUZ (AL);1;30.09.2026
DURKN;izle;;12,6;2,4;4,0;6,2;28;2;zayif;50,8;14,7;9,3;asagi;zayif;zayif;asagi;1,07;-7,07;3;10,31;-4,80;22137065;13,68;SAT;NEGATIF;SAT;NEGATIF;AZALIYOR;AL;SAT;UCUZ (AL);1;30.09.2026
BRKSN;izle;;12,5;2,4;0,1;10,0;10;0;zayif;44,2;14,5;6,2;asagi;zayif;zayif;asagi;1,71;-5,19;5;5,71;-1,89;3054839;6,70;SAT;NEGATIF;SAT;NEGATIF;ARTIYOR;SAT;SAT;UCUZ (AL);0;30.09.2026
RODRG;izle;;12,5;2,4;4,0;6,0;10;0;zayif;39,8;21,2;3,2;asagi;zayif;zayif;asagi;1,06;-4,86;4;16,17;-2,53;3982008;20,04;SAT;NEGATIF;SAT;NEGATIF;AZALIYOR;SAT;SAT;NOTR;0;30.09.2026
LKMNH;izle;;12,5;2,4;10,0;0,0;10;1;zayif;40,8;35,2;65,5;asagi;zayif;zayif;asagi;0,47;-3,12;2;11,42;0,26;15599537;13,24;SAT;NEGATIF;SAT;NEGATIF;AZALIYOR;SAT;SAT;UCUZ (AL);0;30.09.2026
TRILC;izle;;12,5;2,4;0,0;10,0;6;0;zayif;55,0;15,4;14,2;asagi;zayif;zayif;asagi;1,36;-11,28;3;0,73;-8,75;3267379;0,87;SAT;NEGATIF;SAT;NEGATIF;ARTIYOR;SAT;AL;UCUZ (AL);1;30.09.2026
RUBNS;izle;;12,4;2,4;0,0;10,0;6;0;zayif;44,0;17,2;19,7;asagi;zayif;zayif;asagi;2,12;-5,32;3;15,2;-6,69;62389844;22,04;SAT;NEGATIF;SAT;NEGATIF;AZALIYOR;SAT;SAT;UCUZ (AL);0;30.09.2026
CASA;izle;;12,4;2,4;0,0;10,0;6;0;zayif;43,2;13,4;7,9;asagi;zayif;zayif;asagi;2,35;-10,55;3;41;-2,38;2035363;47,93;SAT;NEGATIF;SAT;NEGATIF;AZALIYOR;SAT;SAT;UCUZ (AL);0;30.09.2026
ULAS;izle;;12,4;2,4;0,0;10,0;10;0;zayif;36,1;12,8;12,6;asagi;zayif;zayif;asagi;1,48;-6,38;5;13,29;-5,74;3872852;17,13;SAT;NEGATIF;SAT;NEGATIF;AZALIYOR;SAT;SAT;UCUZ (AL);0;30.09.2026
ISBIR;izle;;12,4;2,4;0,0;10,0;6;0;zayif;34,0;21,9;18,0;asagi;zayif;zayif;asagi;1,93;-7,01;3;54,8;-4,70;2255349;61,52;SAT;NEGATIF;SAT;NEGATIF;ARTIYOR;SAT;SAT;UCUZ (AL);0;30.09.2026
GENIL;izle;;12,4;2,4;4,0;6,0;40;5;zayif;43,5;23,7;5,1;asagi;zayif;zayif;asagi;1,06;-5,16;1;5,85;-10,00;309022412;8,35;SAT;NEGATIF;SAT;NEGATIF;AZALIYOR;SAT;SAT;UCUZ (AL);0;30.09.2026
TEKTU;izle;;12,4;2,4;4,0;6,0;50;5;zayif;33,2;12,0;13,0;asagi;zayif;zayif;asagi;1,06;-7,67;6;4,41;-3,92;31763188;5,51;SAT;NEGATIF;SAT;NEGATIF;ARTIYOR;AL;AL;UCUZ (AL);2;30.09.2026
TSKB;izle;;12,4;2,4;6,7;3,3;10;1;zayif;30,8;29,9;30,1;asagi;guclu;zayif;asagi;0,90;-3,74;2;9,64;-3,31;196632257;10,94;SAT;NEGATIF;SAT;NEGATIF;ARTIYOR;SAT;SAT;UCUZ (AL);0;30.09.2026
TATEN;izle;;12,4;2,4;4,0;6,0;0;0;zayif;43,6;19,1;34,1;asagi;zayif;zayif;asagi;1,06;-7,70;1;4,51;-0,44;94028449;5,77;SAT;NEGATIF;SAT;NEGATIF;AZALIYOR;AL;SAT;UCUZ (AL);1;30.09.2026
KLNMA;izle;;12,3;1,8;1,3;9,1;10;0;zayif;25,6;18,7;17,8;asagi;zayif;zayif;asagi;1,25;-7,99;4;7,39;-6,22;1628261;8,15;SAT;NEGATIF;SAT;NEGATIF;ARTIYOR;SAT;SAT;NOTR;0;30.09.2026
SISE;izle;;12,3;1,3;10,6;0,4;10;1;zayif;21,4;35,4;36,6;asagi;guclu;zayif;asagi;0,72;-2,77;2;36,7;-3,98;2321918021;42,28;SAT;NEGATIF;SAT;NEGATIF;ARTIYOR;SAT;SAT;NOTR;0;30.09.2026
KENT;izle;;12,3;2,4;4,0;5,8;6;0;zayif;42,7;22,9;5,7;asagi;zayif;zayif;asagi;1,05;-5,86;3;272,5;-0,09;1294920;304,04;SAT;NEGATIF;SAT;NEGATIF;AZALIYOR;SAT;AL;UCUZ (AL);1;30.09.2026
TEZOL;izle;;12,3;2,4;4,1;5,7;6;0;zayif;45,9;25,4;14,0;asagi;zayif;zayif;asagi;0,80;-6,86;3;7,39;2,64;19069540;8,19;SAT;NEGATIF;SAT;NEGATIF;ARTIYOR;AL;AL;UCUZ (AL);2;30.09.2026
POLHO;izle;;12,1;5,4;5,1;1,5;20;1;zayif;32,8;34,4;21,1;asagi;zayif;zayif;asagi;0,79;-2,89;4;17,72;-3,85;29623002;21,16;SAT;NEGATIF;SAT;NEGATIF;AZALIYOR;SAT;AL;NOTR;1;30.09.2026
DOKTA;izle;;12,0;2,4;0,0;9,6;6;0;zayif;38,5;17,2;14,4;asagi;zayif;zayif;asagi;1,28;-5,69;3;15,43;-4,16;11052216;19,03;SAT;NEGATIF;SAT;NEGATIF;ARTIYOR;SAT;SAT;UCUZ (AL);0;30.09.2026
METRO;izle;;12,0;5,4;6,6;0,0;0;0;zayif;39,8;32,3;43,4;asagi;zayif;zayif;asagi;0,49;-2,86;2;6,56;-0,76;21956143;7,78;SAT;NEGATIF;SAT;NEGATIF;AZALIYOR;AL;AL;NOTR;2;30.09.2026
AFYON;izle;;11,7;2,4;8,0;1,2;6;0;zayif;31,0;22,4;29,1;asagi;guclu;zayif;asagi;0,77;-4,51;3;10,68;-1,66;12133676;11,80;SAT;NEGATIF;SAT;NEGATIF;ARTIYOR;SAT;AL;UCUZ (AL);1;30.09.2026
OBAMS;izle;;11,6;2,1;9,5;0,0;0;0;zayif;27,3;33,4;32,0;asagi;zayif;zayif;asagi;0,60;-3,45;1;4,3;0,00;68008181;4,97;SAT;NEGATIF;SAT;NEGATIF;AZALIYOR;SAT;SAT;UCUZ (AL);0;30.09.2026
FORTE;izle;;11,4;4,6;6,7;0,0;0;0;zayif;24,0;34,1;20,4;asagi;zayif;zayif;asagi;0,70;-2,44;2;91,65;2,23;75131829;108,16;SAT;NEGATIF;SAT;NEGATIF;AZALIYOR;SAT;AL;NOTR;1;30.09.2026
PENTA;izle;;11,3;2,4;4,0;4,9;42;3;zayif;34,0;15,8;14,3;asagi;zayif;zayif;asagi;0,99;-6,13;6;9,63;-1,03;16945266;10,95;SAT;NEGATIF;SAT;NEGATIF;AZALIYOR;AL;AL;UCUZ (AL);2;30.09.2026
DOGUB;izle;;11,3;2,4;4,0;4,9;0;0;zayif;38,1;12,2;23,9;asagi;zayif;zayif;asagi;0,99;-9,04;0;19,35;-10,00;8091590;32,36;SAT;NEGATIF;SAT;NEGATIF;AZALIYOR;AL;AL;UCUZ (AL);2;30.09.2026
GOZDE;izle;;11,2;2,1;9,1;0,0;0;0;zayif;27,2;33,1;32,0;asagi;zayif;zayif;asagi;0,37;-2,93;1;19,27;-1,08;9533505;21,88;SAT;NEGATIF;SAT;NEGATIF;AZALIYOR;SAT;SAT;NOTR;0;30.09.2026
YBTAS;izle;;11,2;2,4;4,0;4,7;10;0;zayif;60,9;18,8;11,8;asagi;zayif;zayif;asagi;0,74;-8,06;5;10,05;3,29;562247;10,63;SAT;NEGATIF;SAT;NEGATIF;AZALIYOR;SAT;AL;UCUZ (AL);1;30.09.2026
GIPTA;izle;;11,2;2,4;4,0;4,7;0;0;zayif;36,2;20,9;17,1;asagi;zayif;zayif;asagi;0,98;-6,39;0;28,46;-5,57;122876534;44,56;SAT;NEGATIF;SAT;NEGATIF;AZALIYOR;AL;AL;UCUZ (AL);2;30.09.2026
YATAS;izle;;11,2;2,4;5,8;2,9;6;0;zayif;46,0;27,5;21,8;asagi;zayif;zayif;asagi;0,87;-5,26;3;25,8;-1,15;20457955;28,92;SAT;NEGATIF;SAT;NEGATIF;AZALIYOR;AL;SAT;UCUZ (AL);1;30.09.2026
GEREL;izle;;11,1;5,4;1,7;4,0;0;0;zayif;31,1;25,9;24,2;asagi;zayif;zayif;asagi;0,07;-5,07;1;21,36;-9,95;9717647;29,10;SAT;NEGATIF;SAT;NEGATIF;AZALIYOR;SAT;SAT;NOTR;0;30.09.2026
ISMEN;izle;;11,1;1,4;6,8;2,9;6;0;zayif;22,5;30,8;21,0;asagi;guclu;zayif;asagi;0,87;-3,64;3;29,62;-3,83;186415692;33,87;SAT;NEGATIF;SAT;NEGATIF;AZALIYOR;SAT;AL;UCUZ (AL);1;30.09.2026
IHEVA;izle;;11,1;2,3;8,8;0,0;6;0;zayif;28,9;33,2;41,5;asagi;zayif;zayif;asagi;0,48;-3,01;3;1,63;0,00;1424405;1,86;SAT;NEGATIF;SAT;NEGATIF;ARTIYOR;AL;AL;UCUZ (AL);2;30.09.2026
GSDHO;izle;;11,1;1,9;8,6;0,6;10;0;zayif;25,7;31,9;44,0;asagi;zayif;zayif;asagi;0,74;-3,21;4;3,97;-0,50;38640077;4,61;SAT;NEGATIF;SAT;NEGATIF;AZALIYOR;SAT;SAT;NOTR;0;30.09.2026
ATSYH;izle;;11,0;5,2;5,8;0,0;10;1;zayif;28,1;30,9;17,4;asagi;zayif;zayif;asagi;0,52;-4,91;1;72;-10,00;1563768;96,72;SAT;NEGATIF;SAT;NEGATIF;ARTIYOR;SAT;AL;NOTR;1;30.09.2026
GLCVY;izle;;10,9;2,4;0,5;8,1;10;0;zayif;29,4;20,6;0,0;asagi;zayif;zayif;asagi;1,18;-4,80;5;39,54;-3,98;30795610;47,07;SAT;NEGATIF;SAT;NEGATIF;ARTIYOR;SAT;AL;UCUZ (AL);1;30.09.2026
CEMTS;izle;;10,9;2,4;6,9;1,5;10;0;zayif;35,6;27,3;21,7;asagi;guclu;zayif;asagi;0,79;-3,72;4;7,57;-1,56;10835130;8,58;SAT;NEGATIF;SAT;NEGATIF;ARTIYOR;SAT;SAT;UCUZ (AL);0;30.09.2026
ANSGR;izle;;10,9;5,1;5,7;0,0;0;0;zayif;27,6;25,7;47,8;asagi;guclu;zayif;asagi;0,61;-3,79;1;23,68;-1,66;53091697;26,29;SAT;NEGATIF;SAT;NEGATIF;AZALIYOR;SAT;SAT;NOTR;0;30.09.2026
SMRVA;izle;;10,8;2,4;4,0;4,4;6;0;zayif;35,7;16,6;6,7;asagi;zayif;zayif;asagi;0,96;-7,19;3;6,64;-1,48;43228365;8,32;SAT;NEGATIF;SAT;NEGATIF;AZALIYOR;AL;SAT;UCUZ (AL);1;30.09.2026
CWENE;izle;;10,7;2,4;1,4;6,9;0;0;zayif;33,3;23,1;16,8;asagi;zayif;zayif;asagi;1,11;-6,33;2;18,15;-9,52;820415029;24,81;SAT;NEGATIF;SAT;NEGATIF;AZALIYOR;SAT;SAT;UCUZ (AL);0;30.09.2026
EUKYO;izle;;10,7;6,7;4,0;0,0;40;4;zayif;42,2;24,6;43,7;asagi;zayif;zayif;asagi;0,40;-3,07;1;9,48;-0,32;3021456;12,13;SAT;NEGATIF;SAT;NEGATIF;AZALIYOR;SAT;SAT;NOTR;0;30.09.2026
LRSHO;izle;;10,7;2,2;4,0;4,5;6;0;zayif;28,4;15,6;29,8;asagi;zayif;zayif;asagi;0,97;-6,10;3;1,82;-0,55;29538518;2,14;SAT;NEGATIF;SAT;NEGATIF;AZALIYOR;SAT;SAT;UCUZ (AL);0;30.09.2026
ZOREN;izle;;10,6;2,4;0,2;8,0;10;0;zayif;36,1;24,5;24,5;asagi;zayif;zayif;asagi;0,37;-4,20;4;1,87;-4,10;68834713;2,26;SAT;NEGATIF;SAT;NEGATIF;AZALIYOR;SAT;SAT;UCUZ (AL);0;30.09.2026
BOSSA;izle;;10,6;0,7;9,9;0,0;6;0;zayif;16,9;32,4;67,2;asagi;guclu;zayif;asagi;0,40;-2,23;3;5,88;-3,13;8810862;6,78;SAT;NEGATIF;NOTR;NEGATIF;AZALIYOR;SAT;SAT;NOTR;0;30.09.2026
TLMAN;izle;;10,6;2,4;4,0;4,1;10;0;zayif;30,3;21,8;11,3;asagi;zayif;zayif;asagi;0,95;-4,84;5;61,8;1,06;7639901;70,16;SAT;NEGATIF;SAT;NEGATIF;AZALIYOR;SAT;AL;UCUZ (AL);1;30.09.2026
ATEKS;izle;;10,6;2,4;4,5;3,6;0;0;zayif;33,1;31,9;35,8;asagi;zayif;zayif;asagi;0,92;-4,52;2;77,9;-4,71;683650;93,89;SAT;NEGATIF;SAT;NEGATIF;ARTIYOR;SAT;SAT;NOTR;0;30.09.2026
YKSLN;izle;;10,5;2,3;2,2;6,0;0;0;zayif;29,1;32,3;29,0;asagi;zayif;zayif;asagi;1,06;-3,76;2;2,08;-5,88;51785777;2,99;SAT;NEGATIF;SAT;NEGATIF;AZALIYOR;SAT;AL;UCUZ (AL);1;30.09.2026
IHGZT;izle;;10,5;1,6;0,8;8,0;10;0;zayif;23,9;24,8;53,1;asagi;zayif;zayif;asagi;0,60;-4,26;4;0,93;-4,12;18878337;1,10;SAT;NEGATIF;SAT;NEGATIF;ARTIYOR;SAT;SAT;UCUZ (AL);0;30.09.2026
DAPGM;izle;;10,4;2,4;4,0;4,0;0;0;zayif;36,7;13,2;15,2;asagi;zayif;zayif;asagi;0,18;-9,37;1;2,93;-9,85;27761451;4,26;SAT;NEGATIF;SAT;NEGATIF;AZALIYOR;AL;SAT;UCUZ (AL);1;30.09.2026
SURGY;izle;;10,4;2,4;8,0;0,0;10;0;zayif;46,9;10,2;6,6;asagi;zayif;zayif;asagi;0,56;-10,21;4;19,96;-1,48;26107959;24,45;AL;NEGATIF;SAT;NEGATIF;AZALIYOR;SAT;SAT;UCUZ (AL);1;30.09.2026
BYDNR;izle;;10,4;2,4;4,0;4,0;0;0;zayif;44,5;17,3;10,9;asagi;zayif;zayif;asagi;0,31;-5,99;1;20,86;-6,12;4989149;27,02;SAT;NEGATIF;SAT;NEGATIF;AZALIYOR;AL;AL;UCUZ (AL);2;30.09.2026
ALVES;izle;;10,4;2,4;8,0;0,0;0;0;zayif;54,9;12,5;13,6;asagi;zayif;zayif;asagi;0,24;-13,15;2;0,56;-3,45;4550586;0,73;AL;NEGATIF;SAT;NEGATIF;AZALIYOR;AL;SAT;UCUZ (AL);2;30.09.2026
HEDEF;izle;;10,4;2,4;8,0;0,0;0;0;zayif;53,1;14,4;-0,0;asagi;zayif;zayif;asagi;0,07;-13,41;0;8,35;-9,92;3778024;20,14;AL;NEGATIF;SAT;NEGATIF;AZALIYOR;AL;SAT;UCUZ (AL);2;30.09.2026
BARMA;izle;;10,4;2,4;8,0;0,0;0;0;zayif;59,3;24,2;20,8;asagi;zayif;zayif;asagi;0,58;-14,61;2;6,37;-3,92;2306099;8,44;AL;NEGATIF;SAT;NEGATIF;AZALIYOR;SAT;SAT;UCUZ (AL);1;30.09.2026
YAYLA;izle;;10,4;2,4;0,0;8,0;6;0;zayif;36,9;19,0;5,3;asagi;zayif;zayif;asagi;1,18;-6,04;3;12,8;-6,98;15475674;16,88;SAT;NEGATIF;SAT;NEGATIF;ARTIYOR;SAT;SAT;UCUZ (AL);0;30.09.2026
KAYSE;izle;;10,3;2,4;0,2;7,7;10;0;zayif;41,3;16,6;-0,0;asagi;zayif;zayif;asagi;1,16;-5,46;6;2,99;-4,78;28581240;3,51;SAT;NEGATIF;SAT;NEGATIF;ARTIYOR;SAT;SAT;UCUZ (AL);0;30.09.2026
GZNMI;izle;;10,3;2,4;4,0;3,8;6;0;zayif;48,3;13,0;10,2;asagi;zayif;zayif;asagi;0,93;-6,84;3;28,74;-2,18;29402687;38,04;SAT;NEGATIF;SAT;NEGATIF;ARTIYOR;AL;SAT;UCUZ (AL);1;30.09.2026
KLKIM;izle;;10,2;2,4;6,8;1,0;6;0;zayif;30,5;23,8;18,2;asagi;zayif;zayif;asagi;0,76;-4,10;3;21,9;-1,26;24494449;25,07;SAT;NEGATIF;SAT;NEGATIF;ARTIYOR;SAT;SAT;UCUZ (AL);0;30.09.2026
ASTOR;izle;;10,2;5,4;0,8;4,0;32;3;zayif;38,4;23,1;42,8;asagi;zayif;zayif;asagi;0,05;-5,39;0;190,6;-9,97;236606837;243,65;SAT;NEGATIF;SAT;NEGATIF;ARTIYOR;SAT;SAT;NOTR;0;30.09.2026
IDGYO;izle;;10,1;2,4;2,8;4,9;6;0;zayif;41,6;26,6;23,0;asagi;zayif;zayif;asagi;1,00;-5,14;3;2,04;-3,77;2933151;2,61;SAT;NEGATIF;SAT;NEGATIF;ARTIYOR;SAT;SAT;UCUZ (AL);0;30.09.2026
QNBTR;izle;;10,0;2,4;7,5;0,0;0;0;zayif;63,1;27,9;28,1;asagi;zayif;zayif;asagi;0,55;-7,82;2;158,9;-0,56;1122946;169,22;SAT;NEGATIF;SAT;NEGATIF;AZALIYOR;AL;SAT;UCUZ (AL);1;30.09.2026
KOTON;izle;;10,0;2,4;0,5;7,0;6;0;zayif;40,6;15,3;9,1;asagi;zayif;zayif;asagi;1,12;-6,80;3;9,76;-3,65;18802777;11,06;SAT;NEGATIF;SAT;NEGATIF;ARTIYOR;SAT;SAT;UCUZ (AL);0;30.09.2026
BRMEN;izle;;9,9;5,4;4,4;0,0;0;0;zayif;55,8;26,4;6,2;asagi;zayif;zayif;asagi;0,58;-6,77;2;6,95;-7,58;2179826;9,17;SAT;NEGATIF;SAT;NEGATIF;AZALIYOR;AL;AL;NOTR;2;30.09.2026
DAGI;izle;;9,8;5,4;4,0;0,4;0;0;zayif;48,8;20,1;9,5;asagi;zayif;zayif;asagi;0,72;-5,11;2;4,97;3,33;23427248;6,80;SAT;NEGATIF;SAT;NEGATIF;AZALIYOR;SAT;AL;NOTR;1;30.09.2026
VKGYO;izle;;9,7;2,4;7,2;0,0;0;0;zayif;41,4;26,5;27,5;asagi;zayif;zayif;asagi;0,51;-4,54;2;1,62;-0,61;23744679;1,80;SAT;NEGATIF;SAT;NEGATIF;AZALIYOR;SAT;SAT;UCUZ (AL);0;30.09.2026
KFEIN;izle;;9,6;2,4;4,0;3,1;6;0;zayif;33,3;19,5;22,9;asagi;zayif;zayif;asagi;0,89;-5,56;3;5,72;-4,35;16158497;6,92;SAT;NEGATIF;SAT;NEGATIF;AZALIYOR;AL;SAT;UCUZ (AL);1;30.09.2026
IZMDC;izle;;9,6;5,4;4,1;0,0;10;0;zayif;39,8;25,4;26,4;asagi;zayif;zayif;asagi;0,46;-5,24;5;6,4;-4,33;36041254;8,32;SAT;NEGATIF;SAT;NEGATIF;AZALIYOR;SAT;SAT;NOTR;0;30.09.2026
MTRKS;izle;;9,5;5,4;4,0;0,1;6;0;zayif;36,8;20,1;15,6;asagi;zayif;zayif;asagi;0,70;-4,32;3;20,28;-2,59;16522238;25,27;SAT;NEGATIF;SAT;NEGATIF;AZALIYOR;SAT;SAT;NOTR;0;30.09.2026
PKENT;izle;;9,5;2,4;4,0;3,1;10;1;zayif;39,6;13,9;4,9;asagi;zayif;zayif;asagi;0,88;-6,49;2;90,95;-1,94;10044609;104,22;SAT;NEGATIF;SAT;NEGATIF;AZALIYOR;AL;SAT;UCUZ (AL);1;30.09.2026
GSDDE;izle;;9,5;3,5;6,0;0,0;0;0;zayif;16,0;33,5;33,3;asagi;zayif;zayif;asagi;0,57;-2,45;2;11,06;-0,98;24189779;13,38;SAT;NEGATIF;NOTR;NEGATIF;AZALIYOR;SAT;SAT;NOTR;0;30.09.2026
BASCM;izle;;9,5;2,4;7,1;0,0;16;1;zayif;36,7;29,1;12,3;asagi;zayif;zayif;asagi;0,44;-6,08;3;10,98;1,86;469088;11,70;SAT;NEGATIF;SAT;NEGATIF;AZALIYOR;AL;AL;UCUZ (AL);2;30.09.2026
EUREN;izle;;9,5;2,4;0,1;6,9;32;2;zayif;38,2;19,4;9,3;asagi;zayif;zayif;asagi;1,11;-6,45;5;2,76;-4,17;74510351;3,25;SAT;NEGATIF;SAT;NEGATIF;ARTIYOR;SAT;SAT;UCUZ (AL);0;30.09.2026
TBORG;izle;;9,5;1,5;8,0;0,0;6;0;zayif;22,7;31,0;27,5;asagi;guclu;zayif;asagi;0,56;-3,10;3;120,7;-1,87;11038860;135,88;SAT;NEGATIF;SAT;NEGATIF;AZALIYOR;SAT;SAT;UCUZ (AL);0;30.09.2026
MIATK;izle;;9,5;1,8;4,5;3,2;0;0;zayif;25,1;35,7;39,3;asagi;zayif;zayif;asagi;0,89;-3,25;1;21,34;-6,81;690758920;28,61;SAT;NEGATIF;SAT;NEGATIF;ARTIYOR;SAT;SAT;UCUZ (AL);0;30.09.2026
GESAN;izle;;9,4;5,4;4,0;0,0;10;1;zayif;41,8;23,3;22,9;asagi;zayif;zayif;asagi;0,49;-5,40;2;39,76;-8,56;452116089;55,04;SAT;NEGATIF;SAT;NEGATIF;AZALIYOR;SAT;SAT;NOTR;0;30.09.2026
KARTN;izle;;9,4;5,4;4,0;0,0;0;0;zayif;34,0;20,0;20,6;asagi;zayif;zayif;asagi;0,59;-5,44;2;83,55;-5,16;48978263;117,93;SAT;NEGATIF;SAT;NEGATIF;AZALIYOR;SAT;SAT;NOTR;0;30.09.2026
KORDS;izle;;9,4;5,4;4,0;0,0;6;0;zayif;35,7;24,7;7,5;asagi;zayif;zayif;asagi;0,55;-4,52;3;2,73;-5,54;53018481;3,46;SAT;NEGATIF;SAT;NEGATIF;AZALIYOR;SAT;SAT;NOTR;0;30.09.2026
CATES;izle;;9,4;5,4;4,0;0,0;0;0;zayif;45,8;23,5;30,2;asagi;zayif;zayif;asagi;0,36;-5,14;2;29,92;-4,10;29385270;41,78;SAT;NEGATIF;SAT;NEGATIF;AZALIYOR;SAT;SAT;NOTR;0;30.09.2026
PKART;izle;;9,4;5,4;4,0;0,0;6;0;zayif;38,2;21,2;9,4;asagi;zayif;zayif;asagi;0,57;-4,76;3;81,95;-0,12;18742621;97,86;SAT;NEGATIF;SAT;NEGATIF;AZALIYOR;SAT;SAT;NOTR;0;30.09.2026
KTLEV;izle;;9,4;5,4;4,0;0,0;0;0;zayif;51,0;18,9;0,0;asagi;zayif;zayif;asagi;0,01;-8,46;0;9,61;-9,93;11179284;17,98;SAT;NEGATIF;SAT;NEGATIF;AZALIYOR;SAT;AL;NOTR;1;30.09.2026
RALYH;izle;;9,4;5,4;4,0;0,0;32;3;zayif;42,3;12,8;14,9;asagi;zayif;zayif;asagi;0,05;-9,00;0;85,35;-9,97;3752242;128,76;SAT;NEGATIF;SAT;NEGATIF;AZALIYOR;SAT;AL;UCUZ (AL);1;30.09.2026
PRZMA;izle;;9,4;5,4;4,0;0,0;0;0;zayif;38,0;18,8;0,0;asagi;zayif;zayif;asagi;0,00;-7,08;0;22;-9,98;50512;36,69;SAT;NEGATIF;SAT;NEGATIF;AZALIYOR;SAT;SAT;NOTR;0;30.09.2026
EDATA;izle;;9,4;5,4;4,0;0,0;0;0;zayif;43,9;9,9;20,3;asagi;zayif;zayif;asagi;0,10;-9,34;1;5,4;-9,85;1410799;8,38;SAT;NEGATIF;SAT;NEGATIF;AZALIYOR;AL;AL;NOTR;2;30.09.2026
INFO;izle;;9,4;5,4;4,0;0,0;0;0;zayif;41,0;17,3;26,7;asagi;zayif;zayif;asagi;0,04;-8,24;0;0,8;-9,09;1829596;1,31;SAT;NEGATIF;SAT;NEGATIF;AZALIYOR;AL;SAT;UCUZ (AL);1;30.09.2026
LUKSK;izle;;9,4;2,4;1,4;5,6;10;0;zayif;40,3;22,1;14,5;asagi;zayif;zayif;asagi;1,03;-5,71;4;61,25;-5,04;4403079;73,44;SAT;NEGATIF;SAT;NEGATIF;ARTIYOR;AL;AL;UCUZ (AL);2;30.09.2026
PETUN;izle;;9,4;1,9;7,5;0,0;42;3;zayif;25,8;31,0;35,2;asagi;guclu;zayif;asagi;0,48;-2,94;4;9,78;-2,88;11755599;11,36;SAT;NEGATIF;SAT;NEGATIF;AZALIYOR;SAT;SAT;NOTR;0;30.09.2026
KRSTL;izle;;9,4;2,4;2,9;4,0;0;0;zayif;48,5;24,5;38,3;asagi;zayif;zayif;asagi;0,44;-4,69;1;7,55;-2,58;12742535;8,61;SAT;NEGATIF;SAT;NEGATIF;AZALIYOR;AL;SAT;UCUZ (AL);1;30.09.2026
AKENR;izle;;9,4;2,4;0,4;6,6;10;0;zayif;32,2;20,6;25,4;asagi;zayif;zayif;asagi;1,09;-5,14;5;7,67;-4,13;48540078;9,20;SAT;NEGATIF;SAT;NEGATIF;ARTIYOR;SAT;SAT;UCUZ (AL);0;30.09.2026
LIDFA;izle;;9,3;1,3;8,0;0,0;0;0;zayif;21,4;32,8;48,3;asagi;zayif;zayif;asagi;0,60;-2,86;2;1,48;-3,27;15958103;1,70;SAT;NEGATIF;SAT;POZITIF;AZALIYOR;SAT;SAT;NOTR;1;30.09.2026
TKNSA;izle;;9,2;2,4;1,0;5,7;6;0;zayif;30,9;21,6;14,2;asagi;zayif;zayif;asagi;1,04;-5,13;3;12,55;-5,99;40684766;15,25;SAT;NEGATIF;SAT;NEGATIF;ARTIYOR;SAT;SAT;UCUZ (AL);0;30.09.2026
MEKAG;izle;;9,0;2,4;4,0;2,5;10;0;zayif;37,5;13,5;7,0;asagi;zayif;zayif;asagi;0,85;-6,93;4;1,96;-2,97;10823177;2,35;SAT;NEGATIF;SAT;NEGATIF;AZALIYOR;SAT;SAT;UCUZ (AL);0;30.09.2026
EUPWR;izle;;9,0;5,4;3,5;0,0;10;1;zayif;37,9;29,6;40,2;asagi;zayif;zayif;asagi;0,47;-4,12;2;50,1;-9,97;673867395;71,70;SAT;NEGATIF;SAT;NEGATIF;AZALIYOR;SAT;SAT;NOTR;0;30.09.2026
EKOS;izle;;8,9;2,4;4,0;2,5;6;0;zayif;44,5;16,6;20,3;asagi;zayif;zayif;asagi;0,85;-6,83;3;3,26;-1,51;22967724;3,99;SAT;NEGATIF;SAT;NEGATIF;ARTIYOR;SAT;SAT;UCUZ (AL);0;30.09.2026
DARDL;izle;;8,9;2,4;4,0;2,4;50;4;zayif;49,4;10,7;6,2;asagi;zayif;zayif;asagi;0,85;-7,53;4;1,09;-3,54;13031270;1,30;SAT;NEGATIF;SAT;NEGATIF;AZALIYOR;AL;SAT;UCUZ (AL);1;30.09.2026
KOPOL;izle;;8,8;2,4;4,0;2,4;10;0;zayif;43,6;12,9;4,5;asagi;zayif;zayif;asagi;0,84;-7,71;4;3;-3,85;24941418;3,76;SAT;NEGATIF;SAT;NEGATIF;AZALIYOR;AL;SAT;UCUZ (AL);1;30.09.2026
BOBET;izle;;8,7;2,4;6,2;0,0;6;0;zayif;34,9;32,4;27,7;asagi;zayif;zayif;asagi;0,19;-3,00;3;15,76;-1,68;18356507;19,44;SAT;NEGATIF;SAT;NEGATIF;AZALIYOR;SAT;SAT;UCUZ (AL);0;30.09.2026
ARENA;izle;;8,6;2,4;4,0;2,2;6;0;zayif;36,4;20,0;14,3;asagi;zayif;zayif;asagi;0,83;-5,09;3;14,8;-1,53;8261538;17,87;SAT;NEGATIF;SAT;NEGATIF;AZALIYOR;AL;SAT;UCUZ (AL);1;30.09.2026
BORSK;izle;;8,6;2,4;6,2;0,0;6;0;zayif;34,5;29,1;15,5;asagi;guclu;zayif;asagi;0,68;-2,64;3;5,25;-3,67;37219114;6,24;SAT;NEGATIF;SAT;NEGATIF;ARTIYOR;SAT;SAT;NOTR;0;30.09.2026
MRGYO;izle;;8,5;2,4;6,1;0,0;0;0;zayif;35,6;32,0;58,6;asagi;zayif;zayif;asagi;0,52;-3,54;0;1,02;-2,86;89718659;1,46;SAT;NEGATIF;SAT;NEGATIF;AZALIYOR;SAT;AL;UCUZ (AL);1;30.09.2026
CEOEM;izle;;8,5;2,1;2,0;4,4;0;0;zayif;27,3;31,8;51,4;asagi;zayif;zayif;asagi;0,96;-3,01;0;18,88;2,22;72196799;25,14;SAT;NEGATIF;SAT;NEGATIF;ARTIYOR;SAT;AL;NOTR;1;30.09.2026
OSMEN;izle;;8,4;2,4;4,0;2,0;6;0;zayif;44,7;21,3;8,9;asagi;zayif;zayif;asagi;0,82;-5,68;3;5,01;0,20;10696130;5,86;SAT;NEGATIF;SAT;NEGATIF;AZALIYOR;AL;SAT;UCUZ (AL);1;30.09.2026
MOPAS;izle;;8,4;2,4;4,0;1,9;6;0;zayif;54,6;12,6;4,8;asagi;zayif;zayif;asagi;0,82;-7,01;3;18,59;0,22;28134664;21,58;SAT;NEGATIF;SAT;NEGATIF;AZALIYOR;AL;AL;UCUZ (AL);2;30.09.2026
PARSN;izle;;8,4;2,4;4,3;1,6;6;0;zayif;35,6;21,0;10,8;asagi;zayif;zayif;asagi;0,80;-5,24;3;58,2;-1,44;12347014;65,53;SAT;NEGATIF;SAT;NEGATIF;AZALIYOR;SAT;SAT;UCUZ (AL);0;30.09.2026
OYAYO;izle;;8,4;0,8;1,2;6,3;10;0;zayif;18,2;21,2;22,5;asagi;zayif;zayif;asagi;1,08;-4,88;4;30,24;-9,95;2361321;39,10;SAT;NEGATIF;NOTR;NEGATIF;ARTIYOR;SAT;SAT;UCUZ (AL);0;30.09.2026
GATEG;izle;;8,3;2,4;1,8;4,0;0;0;zayif;33,8;29,9;59,9;asagi;zayif;zayif;asagi;0,32;-6,06;0;157,8;-9,98;2179060;213,05;SAT;NEGATIF;SAT;NEGATIF;ARTIYOR;AL;SAT;UCUZ (AL);1;30.09.2026
MERIT;izle;;8,3;2,1;6,2;0,0;10;1;zayif;27,2;25,5;22,9;asagi;guclu;zayif;asagi;0,65;-3,55;2;13,64;-2,15;15433783;15,35;SAT;NEGATIF;SAT;NEGATIF;ARTIYOR;SAT;AL;UCUZ (AL);1;30.09.2026
RNPOL;izle;;8,2;2,4;4,0;1,8;22;2;zayif;36,2;31,8;16,7;asagi;zayif;zayif;asagi;0,81;-2,89;2;1,82;-1,62;5082911;2,24;SAT;NEGATIF;SAT;NEGATIF;ARTIYOR;SAT;SAT;NOTR;0;30.09.2026
ASUZU;izle;;8,2;1,4;6,8;0,0;6;0;zayif;22,6;29,1;54,8;asagi;guclu;zayif;asagi;0,48;-3,96;3;41,64;-1,00;7344963;46,95;SAT;NEGATIF;SAT;NEGATIF;AZALIYOR;SAT;SAT;UCUZ (AL);0;30.09.2026
MRSHL;izle;;8,2;0,6;2,7;4,9;10;0;zayif;16,6;28,9;29,3;asagi;zayif;zayif;asagi;0,99;-3,12;4;1300;-5,93;49992800;1653,92;SAT;NEGATIF;NOTR;NEGATIF;ARTIYOR;SAT;SAT;NOTR;0;30.09.2026
VAKKO;izle;;8,2;0,0;8,2;0,0;6;0;zayif;11,4;29,6;34,4;asagi;guclu;zayif;asagi;0,61;-2,35;3;58,3;-2,83;4854583;70,34;SAT;NEGATIF;NOTR;NEGATIF;AZALIYOR;SAT;AL;NOTR;1;30.09.2026
BIENY;izle;;8,1;2,4;0,4;5,2;10;0;zayif;35,8;17,1;11,8;asagi;zayif;zayif;asagi;1,01;-5,79;4;14,4;-5,26;22426718;17,68;SAT;NEGATIF;SAT;NEGATIF;ARTIYOR;SAT;SAT;UCUZ (AL);0;30.09.2026
LINK;izle;;8,1;2,4;4,0;1,6;10;0;zayif;48,5;19,0;26,4;asagi;zayif;zayif;asagi;0,80;-6,38;4;3,5;-0,57;45144253;4,26;SAT;NEGATIF;SAT;NEGATIF;AZALIYOR;AL;SAT;UCUZ (AL);1;30.09.2026
GRNYO;izle;;8,0;2,4;4,0;1,5;0;0;zayif;39,1;24,8;33,5;asagi;zayif;zayif;asagi;0,79;-6,26;2;7,37;3,95;3881455;9,34;SAT;NEGATIF;SAT;NEGATIF;AZALIYOR;AL;AL;UCUZ (AL);2;30.09.2026
KAREL;izle;;7,9;2,4;4,0;1,5;10;0;zayif;44,2;21,8;11,5;asagi;zayif;zayif;asagi;0,79;-5,69;5;5,76;2,13;47113943;6,92;SAT;NEGATIF;SAT;NEGATIF;AZALIYOR;AL;SAT;UCUZ (AL);1;30.09.2026
AVHOL;izle;;7,9;2,4;4,0;1,5;10;0;zayif;47,1;16,5;23,4;asagi;zayif;zayif;asagi;0,79;-5,16;4;25,1;0,48;27738713;29,81;SAT;NEGATIF;SAT;NEGATIF;AZALIYOR;AL;SAT;UCUZ (AL);1;30.09.2026
AZTEK;izle;;7,9;2,4;5,4;0,0;10;1;zayif;33,0;34,9;48,9;asagi;zayif;zayif;asagi;0,53;-2,91;1;3,11;-1,58;13789690;4,03;SAT;NEGATIF;SAT;NEGATIF;ARTIYOR;SAT;SAT;NOTR;0;30.09.2026
DOFER;izle;;7,9;2,4;4,0;1,4;6;0;zayif;42,5;20,4;4,0;asagi;zayif;zayif;asagi;0,78;-5,80;3;21,04;0,77;7388007;23,99;SAT;NEGATIF;SAT;NEGATIF;AZALIYOR;AL;AL;UCUZ (AL);2;30.09.2026
OYYAT;izle;;7,8;1,5;5,5;0,9;0;0;zayif;22,7;30,0;46,1;asagi;zayif;zayif;asagi;0,75;-3,66;1;27,56;-1,92;18990879;32,28;SAT;NEGATIF;SAT;NEGATIF;AZALIYOR;SAT;SAT;UCUZ (AL);0;30.09.2026
DESPC;izle;;7,8;2,4;4,7;0,7;0;0;zayif;35,8;27,3;25,0;asagi;zayif;zayif;asagi;0,74;-4,20;2;29,14;-1,55;9593966;35,40;SAT;NEGATIF;SAT;NEGATIF;AZALIYOR;AL;SAT;UCUZ (AL);1;30.09.2026
JANTS;izle;;7,8;2,2;5,6;0,0;6;0;zayif;28,3;29,6;7,8;asagi;guclu;zayif;asagi;0,25;-3,20;3;13,21;-0,75;13864225;15,24;SAT;NEGATIF;SAT;NEGATIF;AZALIYOR;SAT;SAT;UCUZ (AL);0;30.09.2026
ULUSE;izle;;7,8;2,4;0,5;4,8;6;0;zayif;51,4;12,7;26,5;asagi;zayif;zayif;asagi;0,99;-7,24;3;135,3;-4,25;24908595;176,54;SAT;NEGATIF;SAT;NEGATIF;AZALIYOR;SAT;SAT;NOTR;0;30.09.2026
KONTR;izle;;7,7;2,4;4,0;1,3;0;0;zayif;52,1;22,2;23,6;asagi;zayif;zayif;asagi;0,78;-9,85;1;2;-1,96;8474722;2,49;SAT;NEGATIF;SAT;NEGATIF;AZALIYOR;AL;SAT;UCUZ (AL);1;30.09.2026
USHOL;izle;;7,6;5,4;2,1;0,0;6;0;zayif;31,5;26,6;40,9;asagi;zayif;zayif;asagi;0,26;-4,18;3;48,42;-10,00;7218018;65,86;SAT;NEGATIF;SAT;NEGATIF;AZALIYOR;SAT;SAT;NOTR;0;30.09.2026
KLMSN;izle;;7,4;2,4;4,0;1,0;6;0;zayif;37,7;17,8;11,3;asagi;zayif;zayif;asagi;0,76;-5,25;3;20,92;-2,24;9214507;24,70;SAT;NEGATIF;SAT;NEGATIF;AZALIYOR;AL;SAT;UCUZ (AL);1;30.09.2026
FRIGO;izle;;7,4;2,4;4,1;0,8;0;0;zayif;36,4;25,5;10,8;asagi;zayif;zayif;asagi;0,75;-4,37;2;1,49;4,93;33112082;1,84;SAT;NEGATIF;SAT;NEGATIF;AZALIYOR;SAT;AL;UCUZ (AL);1;30.09.2026
BANVT;izle;;7,3;1,2;6,2;0,0;0;0;zayif;20,5;25,6;47,3;asagi;zayif;zayif;asagi;0,51;-4,06;1;127,5;-2,07;7321178;144,68;SAT;NEGATIF;SAT;NEGATIF;AZALIYOR;AL;AL;UCUZ (AL);2;30.09.2026
SUNTK;izle;;7,3;2,4;4,9;0,0;6;0;zayif;38,0;27,9;6,5;asagi;zayif;zayif;asagi;0,56;-3,75;3;24,9;-2,35;8364632;30,73;SAT;NEGATIF;SAT;NEGATIF;AZALIYOR;AL;AL;UCUZ (AL);2;30.09.2026
AKGRT;izle;;7,3;2,4;4,8;0,0;0;0;zayif;47,3;22,7;16,6;asagi;zayif;zayif;asagi;0,58;-5,81;2;5,11;-0,78;34799759;5,63;SAT;NEGATIF;SAT;NEGATIF;AZALIYOR;SAT;SAT;UCUZ (AL);0;30.09.2026
ALKIM;izle;;7,3;2,4;4,0;0,8;32;2;zayif;37,7;16,3;3,7;asagi;zayif;zayif;asagi;0,75;-5,67;4;11,85;-0,42;13719124;13,63;SAT;NEGATIF;SAT;NEGATIF;AZALIYOR;SAT;SAT;UCUZ (AL);0;30.09.2026
CGCAM;izle;;7,3;2,4;4,0;0,8;10;0;zayif;54,5;16,4;15,1;asagi;zayif;zayif;asagi;0,75;-7,66;4;19,4;-2,41;34349407;24,42;SAT;NEGATIF;SAT;NEGATIF;AZALIYOR;SAT;SAT;UCUZ (AL);0;30.09.2026
ICBCT;izle;;7,2;4,6;2,7;0,0;0;0;zayif;23,7;27,5;31,7;asagi;zayif;zayif;asagi;0,61;-4,26;2;15,45;-3,13;10585166;18,03;SAT;NEGATIF;SAT;NEGATIF;AZALIYOR;AL;SAT;NOTR;1;30.09.2026
ESEN;izle;;7,2;2,4;4,0;0,8;50;4;zayif;38,1;18,0;0,0;asagi;zayif;zayif;asagi;0,75;-6,01;4;2,48;-1,20;51229110;2,93;SAT;NEGATIF;SAT;NEGATIF;AZALIYOR;SAT;SAT;UCUZ (AL);0;30.09.2026
SAYAS;izle;;7,2;5,4;1,4;0,3;0;0;zayif;31,1;26,7;15,5;asagi;zayif;zayif;asagi;0,72;-3,77;1;40,2;-0,99;45651241;47,70;SAT;NEGATIF;SAT;NEGATIF;AZALIYOR;SAT;SAT;NOTR;0;30.09.2026
MTRYO;izle;;7,1;1,8;5,4;0,0;6;0;zayif;25,0;30,8;61,7;asagi;zayif;zayif;asagi;0,46;-2,44;3;7,46;-3,49;1021677;9,34;SAT;NEGATIF;SAT;NEGATIF;ARTIYOR;SAT;SAT;UCUZ (AL);0;30.09.2026
TSGYO;izle;;7,1;2,4;1,8;2,8;16;1;zayif;32,4;25,9;13,9;asagi;zayif;zayif;asagi;0,87;-4,87;3;4,71;-1,26;6426037;5,32;SAT;NEGATIF;SAT;NEGATIF;AZALIYOR;SAT;SAT;UCUZ (AL);0;30.09.2026
YYLGD;izle;;7,0;2,4;0,0;4,6;0;0;zayif;32,0;19,3;13,7;asagi;zayif;zayif;asagi;0,98;-6,68;2;7;-3,45;43200073;8,36;SAT;NEGATIF;SAT;NEGATIF;AZALIYOR;SAT;SAT;UCUZ (AL);0;30.09.2026
BESLR;izle;;7,0;2,2;4,8;0,0;0;0;zayif;28,0;28,9;28,3;asagi;zayif;zayif;asagi;0,54;-4,17;2;10,78;-1,91;12867579;12,14;SAT;NEGATIF;SAT;NEGATIF;AZALIYOR;SAT;SAT;NOTR;0;30.09.2026
ALGYO;izle;;7,0;2,4;3,6;1,0;32;3;zayif;31,4;28,0;22,8;asagi;zayif;zayif;asagi;0,76;-4,72;2;2,9;-3,01;48327511;3,37;SAT;NEGATIF;SAT;NEGATIF;AZALIYOR;SAT;AL;UCUZ (AL);1;30.09.2026
KZGYO;izle;;7,0;2,4;4,5;0,0;0;0;zayif;34,6;26,8;17,2;asagi;zayif;zayif;asagi;0,22;-4,57;0;13,61;-2,09;17029145;18,61;SAT;NEGATIF;SAT;NEGATIF;AZALIYOR;SAT;AL;UCUZ (AL);1;30.09.2026
ENDAE;izle;;7,0;2,4;1,4;3,1;0;0;zayif;30,1;22,5;23,8;asagi;zayif;zayif;asagi;0,88;-3,77;2;13,18;-2,15;35807754;15,55;SAT;NEGATIF;SAT;NEGATIF;AZALIYOR;SAT;SAT;NOTR;0;30.09.2026
CEMAS;izle;;6,9;2,3;4,7;0,0;10;0;zayif;28,6;27,2;14,0;asagi;zayif;zayif;asagi;0,68;-4,49;4;3,04;-3,18;21248068;3,73;SAT;NEGATIF;SAT;NEGATIF;ARTIYOR;SAT;SAT;NOTR;0;30.09.2026
YYAPI;izle;;6,9;2,4;4,0;0,4;10;0;zayif;66,3;10,9;4,0;asagi;zayif;zayif;asagi;0,73;-10,65;5;0,52;-1,89;1455261;0,60;SAT;NEGATIF;SAT;NEGATIF;AZALIYOR;AL;SAT;UCUZ (AL);1;30.09.2026
KBORU;izle;;6,8;2,4;4,4;0,0;0;0;zayif;39,3;26,3;42,0;asagi;zayif;zayif;asagi;0,60;-5,29;1;11,11;-2,20;92158794;15,54;SAT;NEGATIF;SAT;NEGATIF;AZALIYOR;SAT;SAT;NOTR;0;30.09.2026
SODSN;izle;;6,8;2,4;4,4;0,0;0;0;zayif;51,5;26,2;18,4;asagi;zayif;zayif;asagi;0,48;-6,03;2;5,9;-1,50;236484;6,60;SAT;NEGATIF;SAT;NEGATIF;AZALIYOR;AL;AL;UCUZ (AL);2;30.09.2026
BRKO;izle;;6,8;2,4;4,4;0,0;0;0;zayif;32,0;26,2;12,0;asagi;zayif;zayif;asagi;0,68;-6,83;1;6,12;-9,87;2749520;8,21;SAT;NEGATIF;SAT;NEGATIF;ARTIYOR;AL;AL;NOTR;2;30.09.2026
PRKME;izle;;6,8;2,4;4,0;0,3;0;0;zayif;31,9;23,0;23,8;asagi;zayif;zayif;asagi;0,72;-4,55;2;13,65;-1,16;17823187;15,99;SAT;NEGATIF;SAT;NEGATIF;AZALIYOR;SAT;SAT;NOTR;0;30.09.2026
NUGYO;izle;;6,8;2,4;4,0;0,3;10;0;zayif;39,4;17,8;5,7;asagi;zayif;zayif;asagi;0,72;-4,64;4;7,12;-1,79;7846945;8,22;SAT;NEGATIF;SAT;NEGATIF;AZALIYOR;SAT;SAT;UCUZ (AL);0;30.09.2026
BALAT;izle;;6,7;2,4;0,0;4,3;22;2;zayif;32,6;18,1;17,6;asagi;zayif;zayif;asagi;0,96;-8,29;2;43,66;-9,98;1718807;54,56;SAT;NEGATIF;SAT;NEGATIF;ARTIYOR;SAT;AL;UCUZ (AL);1;30.09.2026
DGNMO;izle;;6,7;2,4;4,0;0,3;0;0;zayif;57,8;12,6;4,1;asagi;zayif;zayif;asagi;0,72;-6,48;2;3,95;0,25;8462729;5,28;SAT;NEGATIF;SAT;NEGATIF;AZALIYOR;AL;SAT;NOTR;1;30.09.2026
BSOKE;izle;;6,7;2,4;4,0;0,3;0;0;zayif;60,3;8,5;7,2;asagi;zayif;zayif;asagi;0,72;-10,05;0;7,08;-9,92;80977670;11,99;SAT;NEGATIF;SAT;NEGATIF;AZALIYOR;AL;AL;UCUZ (AL);2;30.09.2026
BVSAN;izle;;6,7;2,1;4,6;0,0;6;0;zayif;27,1;27,1;4,5;asagi;zayif;zayif;asagi;0,28;-4,84;3;70,75;-3,41;31470095;91,80;SAT;NEGATIF;SAT;NEGATIF;AZALIYOR;SAT;SAT;UCUZ (AL);0;30.09.2026
AGROT;izle;;6,7;2,3;4,0;0,4;6;0;zayif;28,8;13,1;27,2;asagi;zayif;zayif;asagi;0,72;-8,09;3;1,29;-2,27;33317897;1,55;SAT;NEGATIF;SAT;NEGATIF;AZALIYOR;SAT;SAT;UCUZ (AL);0;30.09.2026
PRKAB;izle;;6,6;0,8;1,0;4,9;20;1;zayif;17,5;17,0;2,9;asagi;zayif;zayif;asagi;0,99;-5,08;4;23,28;-4,98;27267375;28,36;SAT;NEGATIF;NOTR;NEGATIF;ARTIYOR;SAT;SAT;NOTR;0;30.09.2026
BRYAT;izle;;6,6;2,3;3,7;0,7;6;0;zayif;28,7;26,9;26,1;asagi;zayif;zayif;asagi;0,74;-4,37;3;1417;-1,80;61344764;1605,51;SAT;NEGATIF;SAT;NEGATIF;AZALIYOR;SAT;SAT;UCUZ (AL);0;30.09.2026
RAYSG;izle;;6,6;2,4;4,1;0,0;0;0;zayif;34,2;25,5;16,7;asagi;zayif;zayif;asagi;0,58;-4,72;2;123;-1,44;9301137;141,98;SAT;NEGATIF;SAT;NEGATIF;AZALIYOR;SAT;SAT;UCUZ (AL);0;30.09.2026
ENSRI;izle;;6,6;2,4;4,0;0,1;0;0;zayif;34,8;17,0;10,2;asagi;zayif;zayif;asagi;0,71;-9,35;2;2,83;-4,07;26611681;3,53;SAT;NEGATIF;SAT;NEGATIF;AZALIYOR;SAT;SAT;UCUZ (AL);0;30.09.2026
EKIZ;izle;;6,6;2,4;4,1;0,0;10;0;zayif;46,2;25,4;17,4;asagi;zayif;zayif;asagi;0,45;-6,09;5;42,5;-0,65;313905;51,17;SAT;NEGATIF;SAT;NEGATIF;AZALIYOR;SAT;SAT;UCUZ (AL);0;30.09.2026
ISSEN;izle;;6,5;2,4;4,0;0,1;20;1;zayif;40,6;17,2;8,4;asagi;zayif;zayif;asagi;0,70;-5,74;4;5,15;-4,28;4501270;6,03;SAT;NEGATIF;SAT;NEGATIF;ARTIYOR;SAT;AL;UCUZ (AL);1;30.09.2026
HEKTS;izle;;6,4;2,4;4,0;0,0;46;4;zayif;36,4;23,2;7,6;asagi;zayif;zayif;asagi;0,42;-5,46;3;2,04;-1,92;390432036;2,41;SAT;NEGATIF;SAT;NEGATIF;AZALIYOR;SAT;SAT;UCUZ (AL);0;30.09.2026
SMRTG;izle;;6,4;2,4;4,0;0,0;0;0;zayif;49,8;20,6;18,1;asagi;zayif;zayif;asagi;0,60;-6,78;1;4,72;-4,07;90004684;6,34;SAT;NEGATIF;SAT;NEGATIF;AZALIYOR;AL;SAT;UCUZ (AL);1;30.09.2026
EGEGY;izle;;6,4;2,4;4,0;0,0;40;4;zayif;45,8;24,7;23,6;asagi;zayif;zayif;asagi;0,46;-5,52;1;15,17;0,13;39273385;19,58;SAT;NEGATIF;SAT;NEGATIF;AZALIYOR;AL;AL;UCUZ (AL);2;30.09.2026
KZBGY;izle;;6,4;2,4;4,0;0,0;10;0;zayif;47,2;19,8;20,6;asagi;zayif;zayif;asagi;0,66;-6,74;4;1,36;-0,73;33424833;1,60;SAT;NEGATIF;SAT;NEGATIF;AZALIYOR;AL;SAT;UCUZ (AL);1;30.09.2026
ONCSM;izle;;6,4;2,4;4,0;0,0;0;0;zayif;55,3;18,4;9,3;asagi;zayif;zayif;asagi;0,68;-8,55;1;79,4;-1,98;75979130;111,98;SAT;NEGATIF;SAT;NEGATIF;AZALIYOR;AL;AL;UCUZ (AL);2;30.09.2026
FZLGY;izle;;6,4;2,4;4,0;0,0;0;0;zayif;36,8;20,6;33,7;asagi;zayif;zayif;asagi;0,43;-6,31;2;5,13;1,38;45187390;6,98;SAT;NEGATIF;SAT;NEGATIF;AZALIYOR;SAT;AL;UCUZ (AL);1;30.09.2026
RUZYE;izle;;6,4;2,4;4,0;0,0;10;1;zayif;34,4;21,0;8,4;asagi;zayif;zayif;asagi;0,50;-5,87;1;4,63;-0,64;20494843;6,24;SAT;NEGATIF;SAT;NEGATIF;AZALIYOR;SAT;SAT;UCUZ (AL);0;30.09.2026
AVOD;izle;;6,4;2,4;4,0;0,0;0;0;zayif;33,7;23,2;13,8;asagi;zayif;zayif;asagi;0,25;-4,23;1;2,91;-1,36;8982815;3,56;SAT;NEGATIF;SAT;NEGATIF;AZALIYOR;SAT;SAT;NOTR;0;30.09.2026
ALKA;izle;;6,4;2,4;4,0;0,0;42;3;zayif;34,9;15,4;16,5;asagi;zayif;zayif;asagi;0,65;-6,40;5;5,86;-2,17;8598566;6,90;SAT;NEGATIF;SAT;NEGATIF;AZALIYOR;SAT;SAT;UCUZ (AL);0;30.09.2026
EGEPO;izle;;6,4;2,4;4,0;0,0;0;0;zayif;60,2;17,9;7,1;asagi;zayif;zayif;asagi;0,42;-7,80;1;6,59;-2,23;17661846;9,11;SAT;NEGATIF;SAT;NEGATIF;AZALIYOR;AL;AL;UCUZ (AL);2;30.09.2026
A1CAP;izle;;6,4;2,4;4,0;0,0;0;0;zayif;59,9;16,2;35,8;asagi;zayif;zayif;asagi;0,47;-7,69;2;4,14;-2,82;18757019;5,42;SAT;NEGATIF;SAT;NEGATIF;AZALIYOR;AL;AL;UCUZ (AL);2;30.09.2026
OZGYO;izle;;6,4;2,4;4,0;0,0;6;0;zayif;36,9;22,2;25,8;asagi;zayif;zayif;asagi;0,43;-5,05;3;1,54;-2,53;8402511;1,81;SAT;NEGATIF;SAT;NEGATIF;AZALIYOR;AL;SAT;UCUZ (AL);1;30.09.2026
ONRYT;izle;;6,4;2,4;4,0;0,0;6;0;zayif;38,0;19,3;6,9;asagi;zayif;zayif;asagi;0,65;-5,56;3;9,42;0,96;25149497;11,68;SAT;NEGATIF;SAT;NEGATIF;AZALIYOR;SAT;SAT;UCUZ (AL);0;30.09.2026
ICUGS;izle;;6,4;2,4;4,0;0,0;0;0;zayif;50,2;13,8;15,4;asagi;zayif;zayif;asagi;0,55;-8,47;2;1,53;-1,92;17558002;2,33;SAT;NEGATIF;SAT;NEGATIF;AZALIYOR;AL;SAT;UCUZ (AL);1;30.09.2026
AKSUE;izle;;6,4;2,4;4,0;0,0;10;0;zayif;55,3;20,3;22,2;asagi;zayif;zayif;asagi;0,48;-7,57;4;14,88;-9,98;23439839;21,56;SAT;NEGATIF;SAT;NEGATIF;AZALIYOR;AL;SAT;NOTR;1;30.09.2026
GLRYH;izle;;6,4;2,4;4,0;0,0;0;0;zayif;40,6;17,5;7,8;asagi;zayif;zayif;asagi;0,39;-6,63;2;1,67;-2,91;6615677;2,18;SAT;NEGATIF;SAT;NEGATIF;AZALIYOR;AL;SAT;UCUZ (AL);1;30.09.2026
GOODY;izle;;6,4;2,4;4,0;0,0;0;0;zayif;31,6;20,9;0,0;asagi;zayif;zayif;asagi;0,62;-4,58;2;2,09;-0,95;13671885;2,38;SAT;NEGATIF;SAT;NEGATIF;AZALIYOR;SAT;SAT;UCUZ (AL);0;30.09.2026
HKTM;izle;;6,4;2,4;4,0;0,0;10;0;zayif;35,9;23,5;14,4;asagi;zayif;zayif;asagi;0,34;-3,66;4;9,07;0,67;16796742;11,15;SAT;NEGATIF;SAT;NEGATIF;AZALIYOR;SAT;AL;NOTR;1;30.09.2026
HATEK;izle;;6,4;2,4;4,0;0,0;0;0;zayif;31,0;17,7;-0,0;asagi;zayif;zayif;asagi;0,50;-6,10;2;8,05;-0,98;6231038;9,99;SAT;NEGATIF;SAT;NEGATIF;AZALIYOR;SAT;AL;UCUZ (AL);1;30.09.2026
NATEN;izle;;6,4;2,4;4,0;0,0;10;0;zayif;37,5;18,5;19,7;asagi;zayif;zayif;asagi;0,57;-6,38;4;3,83;-2,05;15585078;4,52;SAT;NEGATIF;SAT;NEGATIF;AZALIYOR;SAT;SAT;UCUZ (AL);0;30.09.2026
GEDZA;izle;;6,4;2,4;4,0;0,0;28;2;zayif;41,7;17,9;7,2;asagi;zayif;zayif;asagi;0,63;-5,66;3;21,4;-2,19;4543969;24,40;SAT;NEGATIF;SAT;NEGATIF;AZALIYOR;SAT;SAT;NOTR;0;30.09.2026
DCTTR;izle;;6,4;2,4;4,0;0,0;6;0;zayif;53,1;15,0;5,7;asagi;zayif;zayif;asagi;0,34;-9,46;3;3,22;-2,13;11288402;4,28;SAT;NEGATIF;SAT;NEGATIF;AZALIYOR;AL;SAT;UCUZ (AL);1;30.09.2026
SELVA;izle;;6,4;2,4;4,0;0,0;6;0;zayif;40,4;19,1;10,0;asagi;zayif;zayif;asagi;0,59;-6,96;3;1,13;0,89;11513273;1,30;SAT;NEGATIF;SAT;NEGATIF;AZALIYOR;AL;SAT;UCUZ (AL);1;30.09.2026
ZEDUR;izle;;6,4;2,4;4,0;0,0;10;0;zayif;55,8;9,6;8,0;asagi;zayif;zayif;asagi;0,58;-6,24;6;5,35;-1,65;3627867;6,37;SAT;NEGATIF;SAT;NEGATIF;AZALIYOR;AL;SAT;UCUZ (AL);1;30.09.2026
ORCAY;izle;;6,4;2,4;4,0;0,0;6;0;zayif;34,0;15,1;18,0;asagi;zayif;zayif;asagi;0,54;-5,41;3;2,3;0,44;2102425;2,82;SAT;NEGATIF;SAT;NEGATIF;AZALIYOR;AL;AL;UCUZ (AL);2;30.09.2026
KUYAS;izle;;6,4;2,4;4,0;0,0;0;0;zayif;42,1;17,2;22,8;asagi;zayif;zayif;asagi;0,04;-7,93;1;26,82;-10,00;17657752;39,09;SAT;NEGATIF;SAT;NEGATIF;AZALIYOR;SAT;SAT;UCUZ (AL);0;30.09.2026
FADE;izle;;6,4;2,4;4,0;0,0;0;0;zayif;37,7;21,7;12,6;asagi;zayif;zayif;asagi;0,58;-5,44;2;11,16;-2,45;9707247;13,03;SAT;NEGATIF;SAT;NEGATIF;AZALIYOR;AL;AL;NOTR;2;30.09.2026
PRDGS;izle;;6,4;2,4;4,0;0,0;0;0;zayif;45,6;16,2;2,8;asagi;zayif;zayif;asagi;0,66;-6,74;0;3,77;-2,08;11821751;4,91;SAT;NEGATIF;SAT;NEGATIF;AZALIYOR;AL;AL;UCUZ (AL);2;30.09.2026
MERKO;izle;;6,4;2,4;4,0;0,0;0;0;zayif;51,0;20,0;17,3;asagi;zayif;zayif;asagi;0,47;-6,61;1;0,92;-2,13;10537251;1,08;SAT;NEGATIF;SAT;NEGATIF;AZALIYOR;AL;SAT;UCUZ (AL);1;30.09.2026
MAKTK;izle;;6,4;2,4;4,0;0,0;10;0;zayif;40,3;16,7;12,0;asagi;zayif;zayif;asagi;0,60;-6,54;5;6,27;-3,54;8984358;7,77;SAT;NEGATIF;SAT;NEGATIF;AZALIYOR;AL;SAT;UCUZ (AL);1;30.09.2026
ACSEL;izle;;6,4;2,4;4,0;0,0;0;0;zayif;43,5;22,4;12,5;asagi;zayif;zayif;asagi;0,68;-5,32;2;84,5;-0,06;8577933;99,82;SAT;NEGATIF;SAT;NEGATIF;AZALIYOR;AL;SAT;NOTR;1;30.09.2026
BRKVY;izle;;6,4;2,4;4,0;0,0;10;0;zayif;39,7;18,8;10,6;asagi;zayif;zayif;asagi;0,48;-5,92;4;46,8;-3,03;10970154;61,31;SAT;NEGATIF;SAT;NEGATIF;AZALIYOR;SAT;SAT;UCUZ (AL);0;30.09.2026
SERNT;izle;;6,4;2,4;4,0;0,0;6;0;zayif;41,2;12,9;7,3;asagi;zayif;zayif;asagi;0,41;-6,75;3;4,88;-3,56;9100878;6,11;SAT;NEGATIF;SAT;NEGATIF;AZALIYOR;SAT;AL;UCUZ (AL);1;30.09.2026
ELITE;izle;;6,4;2,4;4,0;0,0;0;0;zayif;48,2;15,2;10,2;asagi;zayif;zayif;asagi;0,68;-6,87;2;19,01;-3,31;14675986;22,36;SAT;NEGATIF;SAT;NEGATIF;AZALIYOR;AL;SAT;UCUZ (AL);1;30.09.2026
ESCAR;izle;;6,4;2,4;4,0;0,0;0;0;zayif;43,6;9,9;13,7;asagi;zayif;zayif;asagi;0,31;-9,74;0;14,5;-9,99;10155293;22,09;SAT;NEGATIF;SAT;NEGATIF;AZALIYOR;AL;SAT;UCUZ (AL);1;30.09.2026
DYOBY;izle;;6,4;2,4;4,0;0,0;50;5;zayif;38,9;18,9;11,1;asagi;zayif;zayif;asagi;0,67;-5,48;4;10,08;-2,61;8474367;11,60;SAT;NEGATIF;SAT;NEGATIF;AZALIYOR;SAT;SAT;NOTR;0;30.09.2026
CONSE;izle;;6,4;2,4;4,0;0,0;16;1;zayif;39,0;13,0;0,0;asagi;zayif;zayif;asagi;0,42;-6,19;3;1,58;-1,86;7197162;1,88;SAT;NEGATIF;SAT;NEGATIF;AZALIYOR;SAT;SAT;UCUZ (AL);0;30.09.2026
KTSKR;izle;;6,4;2,4;4,0;0,0;6;0;zayif;42,1;19,8;9,1;asagi;zayif;zayif;asagi;0,47;-6,16;3;57,95;-1,78;8324460;67,79;SAT;NEGATIF;SAT;NEGATIF;AZALIYOR;AL;SAT;NOTR;1;30.09.2026
MHRGY;izle;;6,4;2,4;4,0;0,0;28;2;zayif;34,1;24,4;21,3;asagi;zayif;zayif;asagi;0,51;-4,50;3;1,72;-2,82;6563417;2,01;SAT;NEGATIF;SAT;NEGATIF;AZALIYOR;SAT;SAT;UCUZ (AL);0;30.09.2026
MARBL;izle;;6,4;2,4;4,0;0,0;20;1;zayif;40,7;15,8;12,6;asagi;zayif;zayif;asagi;0,66;-5,98;5;8,6;-1,71;7342035;10,16;SAT;NEGATIF;SAT;NEGATIF;AZALIYOR;SAT;SAT;UCUZ (AL);0;30.09.2026
ERBOS;izle;;6,4;2,4;4,0;0,0;10;0;zayif;41,2;20,6;2,8;asagi;zayif;zayif;asagi;0,22;-5,36;4;116,3;0,69;6312415;131,78;SAT;NEGATIF;SAT;NEGATIF;AZALIYOR;AL;AL;UCUZ (AL);2;30.09.2026
EMKEL;izle;;6,4;2,4;4,0;0,0;6;0;zayif;68,1;7,3;6,2;asagi;zayif;zayif;asagi;0,42;-9,99;3;7,67;-1,29;11334442;9,39;SAT;NEGATIF;SAT;NEGATIF;AZALIYOR;AL;SAT;UCUZ (AL);1;30.09.2026
BAYRK;izle;;6,4;2,4;4,0;0,0;10;0;zayif;39,1;15,1;4,1;asagi;zayif;zayif;asagi;0,46;-6,68;5;2,69;-2,89;5624101;3,25;SAT;NEGATIF;SAT;NEGATIF;AZALIYOR;AL;SAT;UCUZ (AL);1;30.09.2026
SKTAS;izle;;6,4;2,4;4,0;0,0;10;0;zayif;41,1;18,2;5,8;asagi;zayif;zayif;asagi;0,34;-5,27;4;2,28;-0,87;8291040;2,70;SAT;NEGATIF;SAT;NEGATIF;AZALIYOR;SAT;AL;UCUZ (AL);1;30.09.2026
PNLSN;izle;;6,4;2,4;4,0;0,0;10;0;zayif;38,4;18,2;11,0;asagi;zayif;zayif;asagi;0,65;-5,22;4;31,34;-1,57;10620437;36,31;SAT;NEGATIF;SAT;NEGATIF;AZALIYOR;AL;SAT;NOTR;1;30.09.2026
PAMEL;izle;;6,4;2,4;4,0;0,0;0;0;zayif;42,0;10,2;14,5;asagi;zayif;zayif;asagi;0,54;-7,78;2;45;-2,72;4888710;54,27;SAT;NEGATIF;SAT;NEGATIF;AZALIYOR;AL;SAT;UCUZ (AL);1;30.09.2026
IZINV;izle;;6,4;2,4;4,0;0,0;10;0;zayif;35,5;15,0;24,4;asagi;zayif;zayif;asagi;0,57;-7,37;4;30;-2,72;4816050;37,61;SAT;NEGATIF;SAT;NEGATIF;AZALIYOR;AL;SAT;UCUZ (AL);1;30.09.2026
BINBN;izle;;6,4;2,4;4,0;0,0;0;0;zayif;44,8;9,3;3,8;asagi;zayif;zayif;asagi;0,10;-8,24;2;58,6;-9,98;2987252;92,93;SAT;NEGATIF;SAT;NEGATIF;AZALIYOR;AL;SAT;UCUZ (AL);1;30.09.2026
CUSAN;izle;;6,4;2,4;4,0;0,0;6;0;zayif;33,2;23,1;14,2;asagi;zayif;zayif;asagi;0,34;-4,21;3;17,81;-2,20;3513147;21,54;SAT;NEGATIF;SAT;NEGATIF;ARTIYOR;SAT;SAT;NOTR;0;30.09.2026
DUNYH;izle;;6,4;2,4;4,0;0,0;32;3;zayif;59,7;8,4;0,0;asagi;zayif;zayif;asagi;0,05;-9,56;0;32,52;-9,97;1498944;54,17;SAT;NEGATIF;SAT;NEGATIF;AZALIYOR;SAT;SAT;UCUZ (AL);0;30.09.2026
MEDTR;izle;;6,4;2,4;4,0;0,0;6;0;zayif;46,7;15,2;4,9;asagi;zayif;zayif;asagi;0,62;-6,77;3;17,95;-1,70;3273254;20,53;SAT;NEGATIF;SAT;NEGATIF;AZALIYOR;AL;SAT;UCUZ (AL);1;30.09.2026
TMPOL;izle;;6,4;2,4;4,0;0,0;0;0;zayif;45,7;14,4;0,0;asagi;zayif;zayif;asagi;0,01;-9,54;0;90,75;-9,97;423803;155,07;SAT;NEGATIF;SAT;NEGATIF;AZALIYOR;SAT;AL;UCUZ (AL);1;30.09.2026
LYDHO;izle;;6,4;2,4;4,0;0,0;0;0;zayif;66,3;7,9;-0,0;asagi;zayif;zayif;asagi;0,01;-11,78;1;40,56;-9,99;309392;62,98;SAT;NEGATIF;SAT;NEGATIF;AZALIYOR;AL;SAT;UCUZ (AL);1;30.09.2026
SKYLP;izle;;6,4;2,4;4,0;0,0;0;0;zayif;56,7;11,2;-0,0;asagi;zayif;zayif;asagi;0,21;-10,28;0;49,68;-10,00;707642;85,03;SAT;NEGATIF;SAT;NEGATIF;AZALIYOR;AL;SAT;UCUZ (AL);1;30.09.2026
LYDYE;izle;;6,4;2,4;4,0;0,0;0;0;zayif;44,2;10,6;17,6;asagi;zayif;zayif;asagi;0,03;-10,11;1;4027,5;-9,95;237623;6029,30;SAT;NEGATIF;SAT;NEGATIF;AZALIYOR;AL;SAT;UCUZ (AL);1;30.09.2026
UFUK;izle;;6,4;2,4;4,0;0,0;0;0;zayif;40,5;9,8;1,8;asagi;zayif;zayif;asagi;0,00;-9,62;0;438,75;-10,00;118024;698,99;SAT;NEGATIF;SAT;NEGATIF;AZALIYOR;AL;SAT;UCUZ (AL);1;30.09.2026
COSMO;izle;;6,4;2,4;4,0;0,0;0;0;zayif;35,8;16,7;13,4;asagi;zayif;zayif;asagi;0,39;-5,39;2;78,4;-2,00;1231272;98,44;SAT;NEGATIF;SAT;NEGATIF;AZALIYOR;SAT;AL;UCUZ (AL);1;30.09.2026
YONGA;izle;;6,4;2,4;4,0;0,0;6;0;zayif;47,6;16,7;4,7;asagi;zayif;zayif;asagi;0,60;-8,85;3;31,8;-3,58;365827;36,16;SAT;NEGATIF;SAT;NEGATIF;AZALIYOR;AL;SAT;UCUZ (AL);1;30.09.2026
BIGTK;izle;;6,4;2,4;4,0;0,0;32;3;zayif;43,7;17,7;46,1;asagi;zayif;zayif;asagi;0,02;-7,52;0;96,4;-9,99;787106;157,12;SAT;NEGATIF;SAT;NEGATIF;AZALIYOR;SAT;SAT;UCUZ (AL);0;30.09.2026
IMASM;izle;;6,4;2,4;4,0;0,0;10;0;zayif;29,8;16,4;23,8;asagi;zayif;zayif;asagi;0,49;-7,31;4;1,5;-1,32;15820125;1,81;SAT;NEGATIF;SAT;NEGATIF;AZALIYOR;AL;AL;UCUZ (AL);2;30.09.2026
VAKFA;izle;;6,4;2,4;0,6;3,3;0;0;zayif;33,2;23,0;37,3;asagi;zayif;zayif;asagi;0,90;-4,53;2;8,79;-5,18;51275252;10,40;SAT;NEGATIF;SAT;NEGATIF;ARTIYOR;SAT;AL;UCUZ (AL);1;30.09.2026
SMART;izle;;6,2;2,2;4,0;0,0;6;0;zayif;28,0;15,1;27,9;asagi;zayif;zayif;asagi;0,66;-6,56;3;15,4;-0,65;8240863;18,27;SAT;NEGATIF;SAT;NEGATIF;AZALIYOR;SAT;SAT;NOTR;0;30.09.2026
DERIM;izle;;6,1;2,1;4,0;0,0;10;0;zayif;27,4;19,9;31,7;asagi;zayif;zayif;asagi;0,59;-4,79;4;26;-2,62;4619836;30,83;SAT;NEGATIF;SAT;NEGATIF;AZALIYOR;SAT;AL;UCUZ (AL);1;30.09.2026
SNICA;izle;;6,1;2,4;0,7;2,9;6;0;zayif;30,7;17,2;4,6;asagi;zayif;zayif;asagi;0,88;-7,17;3;2,2;-3,51;15345715;2,61;SAT;NEGATIF;SAT;NEGATIF;AZALIYOR;SAT;SAT;UCUZ (AL);0;30.09.2026
VESBE;izle;;5,9;2,1;0,1;3,8;10;0;zayif;27,3;18,7;36,7;asagi;zayif;zayif;asagi;0,93;-5,22;5;3,94;-8,16;96364378;5,00;SAT;NEGATIF;SAT;NEGATIF;ARTIYOR;SAT;SAT;UCUZ (AL);0;30.09.2026
SKBNK;izle;;5,9;2,4;3,5;0,0;16;1;zayif;31,8;27,0;37,8;asagi;zayif;zayif;asagi;0,37;-8,17;3;4,97;-4,24;205454741;5,90;SAT;NEGATIF;SAT;NEGATIF;AZALIYOR;SAT;SAT;NOTR;0;30.09.2026
RTALB;izle;;5,9;1,9;4,0;0,0;40;4;zayif;26,0;19,9;6,0;asagi;zayif;zayif;asagi;0,53;-5,64;1;1,87;-0,53;24326454;2,34;SAT;NEGATIF;SAT;NEGATIF;AZALIYOR;AL;SAT;UCUZ (AL);1;30.09.2026
YUNSA;izle;;5,8;2,4;3,3;0,0;0;0;zayif;44,2;27,6;29,9;asagi;zayif;zayif;asagi;0,60;-5,15;2;6,2;-1,90;18403001;7,10;SAT;NEGATIF;SAT;NEGATIF;ARTIYOR;SAT;SAT;NOTR;0;30.09.2026
ALFAS;izle;;5,7;2,4;1,1;2,2;10;0;zayif;40,1;17,1;13,7;asagi;zayif;zayif;asagi;0,83;-5,07;4;27,7;-0,65;43213579;34,48;SAT;NEGATIF;SAT;NEGATIF;AZALIYOR;SAT;SAT;UCUZ (AL);0;30.09.2026
BRLSM;izle;;5,7;1,7;4,0;0,0;0;0;zayif;24,4;24,3;8,4;asagi;zayif;zayif;asagi;0,48;-4,38;2;10,93;-4,62;56520997;15,01;SAT;NEGATIF;SAT;NEGATIF;AZALIYOR;SAT;SAT;NOTR;0;30.09.2026
GOKNR;izle;;5,7;2,1;3,6;0,0;0;0;zayif;27,5;29,4;42,4;asagi;zayif;zayif;asagi;0,46;-4,49;1;14,51;-0,89;30627186;17,26;SAT;NEGATIF;SAT;NEGATIF;AZALIYOR;SAT;SAT;UCUZ (AL);0;30.09.2026
QNBFK;izle;;5,6;2,4;3,2;0,0;0;0;zayif;37,0;28,1;24,7;asagi;zayif;zayif;asagi;0,60;-4,94;2;34,76;-2,52;510659;38,55;SAT;NEGATIF;SAT;NEGATIF;AZALIYOR;SAT;SAT;NOTR;0;30.09.2026
EDIP;izle;;5,6;1,4;3,2;1,1;40;5;zayif;22,0;30,9;31,9;asagi;zayif;zayif;asagi;0,76;-3,31;2;28,8;2,06;19422893;33,43;SAT;NEGATIF;SAT;NEGATIF;AZALIYOR;SAT;SAT;NOTR;0;30.09.2026
PENGD;izle;;5,6;2,4;0,0;3,1;10;0;zayif;43,7;12,7;12,6;asagi;zayif;zayif;asagi;0,89;-6,96;5;6,73;-1,03;18083039;7,72;SAT;NEGATIF;SAT;NEGATIF;AZALIYOR;SAT;AL;NOTR;1;30.09.2026
BIGCH;izle;;5,6;2,4;0,9;2,2;28;2;zayif;42,2;16,4;3,5;asagi;zayif;zayif;asagi;0,83;-6,71;3;3,38;-5,85;16397255;4,39;SAT;NEGATIF;SAT;NEGATIF;AZALIYOR;AL;SAT;UCUZ (AL);1;30.09.2026
INGRM;izle;;5,5;1,2;4,0;0,2;0;0;zayif;21,2;22,7;23,6;asagi;zayif;zayif;asagi;0,71;-3,74;2;300,75;0,00;12814055;351,80;SAT;NEGATIF;SAT;NEGATIF;AZALIYOR;AL;SAT;UCUZ (AL);1;30.09.2026
ULUUN;izle;;5,5;2,4;0,5;2,5;6;0;zayif;38,7;23,3;13,3;asagi;zayif;zayif;asagi;0,85;-5,29;3;5,86;-0,34;38391421;6,92;SAT;NEGATIF;SAT;NEGATIF;AZALIYOR;SAT;SAT;NOTR;0;30.09.2026
KUVVA;izle;;5,4;5,4;0,0;0,0;22;2;zayif;44,1;19,1;21,1;asagi;zayif;zayif;asagi;0,23;-5,24;1;81,7;-9,97;2736868;121,60;SAT;NEGATIF;SAT;NEGATIF;AZALIYOR;SAT;SAT;UCUZ (AL);0;30.09.2026
BAKAB;izle;;5,4;2,4;2,9;0,0;0;0;zayif;39,9;26,0;23,2;asagi;zayif;zayif;asagi;0,52;-4,94;2;30,8;-4,05;3059302;36,45;SAT;NEGATIF;SAT;NEGATIF;AZALIYOR;SAT;SAT;NOTR;0;30.09.2026
INTEK;izle;;5,3;2,4;2,9;0,0;10;0;zayif;40,0;27,8;13,7;asagi;zayif;zayif;asagi;0,67;-6,94;4;165,5;-0,96;846864;193,34;SAT;NEGATIF;SAT;NEGATIF;AZALIYOR;SAT;SAT;UCUZ (AL);0;30.09.2026
ANGEN;izle;;5,3;0,8;4,5;0,0;50;4;zayif;18,0;26,6;16,4;asagi;zayif;zayif;asagi;0,48;-4,54;4;6,78;-1,74;8420102;8,21;SAT;NEGATIF;NOTR;NEGATIF;AZALIYOR;AL;AL;UCUZ (AL);2;30.09.2026
HURGZ;izle;;5,2;5,2;0,0;0,0;16;1;zayif;28,4;22,2;25,9;asagi;zayif;zayif;asagi;0,54;-4,43;3;4,89;-2,20;18899341;6,33;SAT;NEGATIF;SAT;NEGATIF;AZALIYOR;SAT;AL;NOTR;1;30.09.2026
BFREN;izle;;5,2;2,4;0,3;2,4;6;0;zayif;31,0;18,4;29,4;asagi;zayif;zayif;asagi;0,84;-5,42;3;102;-2,86;17112642;114,99;SAT;NEGATIF;SAT;NEGATIF;ARTIYOR;SAT;SAT;UCUZ (AL);0;30.09.2026
HOROZ;izle;;5,1;2,0;1,6;1,5;10;0;zayif;26,5;25,4;30,2;asagi;zayif;zayif;asagi;0,79;-4,59;4;42;-4,11;31158036;52,12;SAT;NEGATIF;SAT;NEGATIF;AZALIYOR;SAT;SAT;UCUZ (AL);0;30.09.2026
ATAKP;izle;;5,1;2,4;2,6;0,0;0;0;zayif;47,8;22,2;31,8;asagi;zayif;zayif;asagi;0,57;-6,17;2;32,68;-3,83;6524366;38,03;SAT;NEGATIF;SAT;NEGATIF;AZALIYOR;SAT;SAT;UCUZ (AL);0;30.09.2026
GEDIK;izle;;5,0;2,0;3,0;0,0;0;0;zayif;26,9;27,4;49,8;asagi;zayif;zayif;asagi;0,61;-4,03;2;4,76;-1,45;26126012;5,57;SAT;NEGATIF;SAT;NEGATIF;ARTIYOR;SAT;SAT;NOTR;0;30.09.2026
IHYAY;izle;;4,9;1,6;3,3;0,0;0;0;zayif;23,9;30,6;45,6;asagi;zayif;zayif;asagi;0,38;-3,92;2;0,99;-3,88;1278815;1,20;SAT;NEGATIF;SAT;NEGATIF;ARTIYOR;SAT;SAT;UCUZ (AL);0;30.09.2026
AYEN;izle;;4,7;1,8;1,7;1,3;0;0;zayif;25,2;25,5;18,0;asagi;zayif;zayif;asagi;0,78;-4,39;2;25,4;-1,93;10518800;29,17;SAT;NEGATIF;SAT;NEGATIF;ARTIYOR;SAT;SAT;NOTR;0;30.09.2026
GARFA;izle;;4,6;2,4;2,1;0,0;40;4;zayif;30,9;25,5;34,2;asagi;zayif;zayif;asagi;0,50;-4,57;1;21,88;-3,53;9142164;25,09;SAT;NEGATIF;SAT;NEGATIF;AZALIYOR;SAT;AL;UCUZ (AL);1;30.09.2026
SARKY;izle;;4,5;1,9;2,6;0,0;32;3;zayif;25,8;29,0;23,9;asagi;zayif;zayif;asagi;0,46;-4,09;2;19,72;-2,18;44731152;22,93;SAT;NEGATIF;SAT;NEGATIF;AZALIYOR;SAT;SAT;NOTR;0;30.09.2026
DOFRB;izle;;4,5;2,4;2,0;0,0;0;0;zayif;40,0;22,7;14,7;asagi;zayif;zayif;asagi;0,59;-6,36;2;71,9;-5,89;151238990;93,39;SAT;NEGATIF;SAT;NEGATIF;AZALIYOR;SAT;SAT;NOTR;0;30.09.2026
BURVA;izle;;4,3;2,4;1,8;0,0;0;0;zayif;31,5;26,1;53,7;asagi;zayif;zayif;asagi;0,05;-5,39;0;350;-9,97;1725500;524,89;SAT;NEGATIF;SAT;NEGATIF;AZALIYOR;SAT;SAT;UCUZ (AL);0;30.09.2026
KSTUR;izle;;4,2;2,4;1,7;0,0;0;0;zayif;36,7;26,7;40,1;asagi;zayif;zayif;asagi;0,62;-5,56;2;1798;-3,80;929566;2119,60;SAT;NEGATIF;SAT;NEGATIF;AZALIYOR;SAT;SAT;UCUZ (AL);0;30.09.2026
KIMMR;izle;;4,2;2,4;1,7;0,0;0;0;zayif;49,4;17,4;11,5;asagi;zayif;zayif;asagi;0,59;-5,82;1;10,6;-3,28;6168235;12,10;SAT;NEGATIF;SAT;NEGATIF;ARTIYOR;AL;SAT;NOTR;1;30.09.2026
ERCB;izle;;4,1;2,4;1,6;0,0;6;0;zayif;31,1;25,4;28,4;asagi;zayif;zayif;asagi;0,54;-5,18;3;34,3;-3,22;15587463;40,55;SAT;NEGATIF;SAT;NEGATIF;AZALIYOR;SAT;SAT;UCUZ (AL);0;30.09.2026
BURCE;izle;;4,1;2,4;1,6;0,0;10;1;zayif;29,9;21,3;12,5;asagi;zayif;zayif;asagi;0,51;-5,50;1;23,86;-3,79;17023514;29,24;SAT;NEGATIF;SAT;NEGATIF;AZALIYOR;SAT;SAT;UCUZ (AL);0;30.09.2026
VKFYO;izle;;4,0;1,0;3,0;0,0;32;3;zayif;19,2;29,3;25,7;asagi;zayif;zayif;asagi;0,68;-4,60;1;16,6;-7,78;2003288;21,10;SAT;NEGATIF;NOTR;NEGATIF;ARTIYOR;SAT;SAT;UCUZ (AL);0;30.09.2026
INVEO;izle;;4,0;1,7;1,5;0,8;0;0;zayif;24,8;21,7;39,4;asagi;zayif;zayif;asagi;0,75;-4,57;2;5,4;-4,93;22800134;6,45;SAT;NEGATIF;SAT;NEGATIF;AZALIYOR;SAT;SAT;UCUZ (AL);0;30.09.2026
ADESE;izle;;3,9;2,4;0,2;1,3;10;0;zayif;39,8;18,0;0,0;asagi;zayif;zayif;asagi;0,78;-5,78;4;0,62;-3,13;60711597;0,74;SAT;NEGATIF;SAT;NEGATIF;AZALIYOR;SAT;SAT;UCUZ (AL);0;30.09.2026
DNISI;izle;;3,8;1,1;2,8;0,0;10;0;zayif;19,8;28,4;12,7;asagi;zayif;zayif;asagi;0,43;-3,29;4;3,75;-1,83;6194648;4,45;SAT;NEGATIF;NOTR;NEGATIF;AZALIYOR;SAT;SAT;NOTR;0;30.09.2026
MZHLD;izle;;3,8;1,5;2,3;0,0;28;2;zayif;23,1;29,5;39,2;asagi;zayif;zayif;asagi;0,58;-3,17;3;4,26;-2,07;1785954;5,22;SAT;NEGATIF;SAT;NEGATIF;ARTIYOR;SAT;SAT;UCUZ (AL);0;30.09.2026
INTEM;izle;;3,7;2,4;1,3;0,0;0;0;zayif;32,5;22,0;14,5;asagi;zayif;zayif;asagi;0,66;-4,46;1;190,7;-3,93;5854871;226,23;SAT;NEGATIF;SAT;NEGATIF;AZALIYOR;SAT;SAT;UCUZ (AL);0;30.09.2026
BEGYO;izle;;3,7;2,4;1,3;0,0;6;0;zayif;32,1;23,5;34,3;asagi;zayif;zayif;asagi;0,70;-5,37;3;2,54;-2,31;6882409;2,99;SAT;NEGATIF;SAT;NEGATIF;AZALIYOR;SAT;SAT;UCUZ (AL);0;30.09.2026
ATAGY;izle;;3,7;2,4;1,2;0,0;10;0;zayif;47,5;17,7;18,4;asagi;zayif;zayif;asagi;0,46;-4,27;6;8,09;-0,74;603061;9,69;SAT;NEGATIF;SAT;NEGATIF;ARTIYOR;SAT;SAT;UCUZ (AL);0;30.09.2026
GSRAY;izle;;3,7;2,4;0,0;1,2;6;0;zayif;44,5;14,2;4,9;asagi;zayif;zayif;asagi;0,77;-5,83;3;0,79;-1,25;89394138;0,90;SAT;NEGATIF;SAT;NEGATIF;AZALIYOR;SAT;SAT;UCUZ (AL);0;30.09.2026
SAMAT;izle;;3,6;2,4;1,2;0,0;6;0;zayif;42,2;21,8;23,8;asagi;zayif;zayif;asagi;0,59;-4,70;3;3,7;-4,15;2200238;4,66;SAT;NEGATIF;SAT;NEGATIF;AZALIYOR;SAT;SAT;UCUZ (AL);0;30.09.2026
TSPOR;izle;;3,6;2,4;1,0;0,1;10;0;zayif;35,0;25,3;21,2;asagi;zayif;zayif;asagi;0,71;-3,80;4;0,8;-1,23;151686735;0,95;SAT;NEGATIF;SAT;NEGATIF;AZALIYOR;SAT;SAT;UCUZ (AL);0;30.09.2026
SUMAS;izle;;3,5;2,4;1,1;0,0;0;0;zayif;42,0;20,0;20,9;asagi;zayif;zayif;asagi;0,48;-8,05;2;195;-4,41;279435;223,48;SAT;NEGATIF;SAT;NEGATIF;ARTIYOR;AL;SAT;UCUZ (AL);1;30.09.2026
IHLAS;izle;;3,4;1,6;1,9;0,0;28;2;zayif;23,5;29,4;28,2;asagi;zayif;zayif;asagi;0,63;-4,22;3;0,84;-4,55;72207720;1,01;SAT;NEGATIF;SAT;NEGATIF;ARTIYOR;SAT;SAT;UCUZ (AL);0;30.09.2026
BIZIM;izle;;3,4;2,4;0,2;0,8;20;1;zayif;30,6;21,3;3,6;asagi;zayif;zayif;asagi;0,75;-5,13;4;18,64;-2,92;3892144;21,85;SAT;NEGATIF;SAT;NEGATIF;ARTIYOR;SAT;AL;UCUZ (AL);1;30.09.2026
KLRHO;izle;;3,4;2,4;0,0;0,9;0;0;zayif;53,3;6,0;-0,0;asagi;zayif;zayif;asagi;0,75;-12,65;0;10,16;-49,95;30076262;22,56;SAT;NEGATIF;SAT;NEGATIF;ARTIYOR;AL;AL;UCUZ (AL);2;30.09.2026
VESTL;izle;;3,3;2,0;0,0;1,3;10;0;zayif;26,9;24,1;34,7;asagi;zayif;zayif;asagi;0,78;-3,89;4;17,64;-5,82;208288269;22,45;SAT;NEGATIF;SAT;NEGATIF;AZALIYOR;SAT;AL;UCUZ (AL);1;30.09.2026
ATLAS;izle;;3,3;1,4;1,9;0,0;28;2;zayif;22,3;27,6;34,9;asagi;zayif;zayif;asagi;0,48;-3,85;3;4,53;-3,21;2675481;6,03;SAT;NEGATIF;SAT;NEGATIF;AZALIYOR;SAT;SAT;NOTR;0;30.09.2026
LILAK;izle;;3,3;1,4;1,4;0,5;0;0;zayif;21,9;20,3;38,3;asagi;zayif;zayif;asagi;0,73;-4,94;2;23,02;-3,60;56826666;26,71;SAT;NEGATIF;SAT;NEGATIF;ARTIYOR;SAT;SAT;UCUZ (AL);0;30.09.2026
MNDTR;izle;;3,3;2,4;0,8;0,0;6;0;zayif;39,1;19,4;12,2;asagi;zayif;zayif;asagi;0,57;-5,10;3;3,93;-2,96;3753712;4,57;SAT;NEGATIF;SAT;NEGATIF;ARTIYOR;SAT;SAT;UCUZ (AL);0;30.09.2026
KLSER;izle;;3,2;2,4;0,8;0,0;6;0;zayif;35,5;19,1;6,4;asagi;zayif;zayif;asagi;0,69;-6,82;3;18,4;-2,90;12697490;20,77;SAT;NEGATIF;SAT;NEGATIF;ARTIYOR;AL;SAT;UCUZ (AL);1;30.09.2026
SILVR;izle;;3,0;2,4;0,5;0,0;10;0;zayif;41,3;12,4;6,7;asagi;zayif;zayif;asagi;0,59;-5,59;4;1,57;-4,85;1538696;1,92;SAT;NEGATIF;SAT;NEGATIF;AZALIYOR;AL;SAT;UCUZ (AL);1;30.09.2026
MAALT;izle;;2,9;1,5;1,4;0,0;40;5;zayif;22,9;25,1;56,9;asagi;zayif;zayif;asagi;0,53;-4,12;2;820,5;-1,26;18590889;944,02;SAT;NEGATIF;SAT;NEGATIF;AZALIYOR;SAT;SAT;NOTR;0;30.09.2026
KUTPO;izle;;2,9;2,1;0,7;0,0;10;0;zayif;27,7;17,8;25,1;asagi;zayif;zayif;asagi;0,62;-4,98;5;64;-3,03;7110080;73,55;SAT;NEGATIF;SAT;NEGATIF;ARTIYOR;SAT;AL;UCUZ (AL);1;30.09.2026
PLTUR;izle;;2,8;2,4;0,3;0,0;10;0;zayif;33,1;20,3;10,6;asagi;zayif;zayif;asagi;0,61;-5,92;5;14,51;-3,46;15792800;17,27;SAT;NEGATIF;SAT;NEGATIF;AZALIYOR;SAT;SAT;UCUZ (AL);0;30.09.2026
SONME;izle;;2,8;1,6;1,2;0,0;10;0;zayif;23,8;19,6;11,3;asagi;zayif;zayif;asagi;0,55;-3,01;4;108;-3,05;1937952;133,11;SAT;NEGATIF;SAT;NEGATIF;AZALIYOR;SAT;SAT;UCUZ (AL);0;30.09.2026
AHSGY;izle;;2,7;2,2;0,5;0,0;40;4;zayif;28,5;21,0;17,6;asagi;zayif;zayif;asagi;0,21;-6,11;1;7,78;-9,95;7281442;11,72;SAT;NEGATIF;SAT;NEGATIF;AZALIYOR;SAT;SAT;UCUZ (AL);0;30.09.2026
YESIL;izle;;2,5;2,4;0,1;0,0;0;0;zayif;42,8;14,1;19,2;asagi;zayif;zayif;asagi;0,46;-7,23;1;0,8;-2,44;5870020;0,95;SAT;NEGATIF;SAT;NEGATIF;AZALIYOR;AL;SAT;UCUZ (AL);1;30.09.2026
YIGIT;izle;;2,5;2,4;0,0;0,0;0;0;zayif;35,2;19,3;28,1;asagi;zayif;zayif;asagi;0,70;-5,85;2;16,13;-4,95;33101873;18,91;SAT;NEGATIF;SAT;NEGATIF;ARTIYOR;SAT;SAT;UCUZ (AL);0;30.09.2026
IHAAS;izle;;2,4;2,4;0,0;0,0;32;3;zayif;37,1;11,2;0,0;asagi;zayif;zayif;asagi;0,12;-8,92;1;18,78;-9,97;1479920;28,07;SAT;NEGATIF;SAT;NEGATIF;AZALIYOR;SAT;AL;UCUZ (AL);1;30.09.2026
USAK;izle;;2,4;2,4;0,0;0,0;6;0;zayif;44,0;4,9;5,9;asagi;zayif;zayif;asagi;0,19;-10,33;3;0,54;-10,00;7428315;0,73;SAT;NEGATIF;SAT;NEGATIF;ARTIYOR;SAT;SAT;UCUZ (AL);0;29.09.2026
TDGYO;izle;;2,4;2,4;0,0;0,0;0;0;zayif;30,1;18,8;32,0;asagi;zayif;zayif;asagi;0,06;-6,20;1;7,1;-9,90;704931;11,08;SAT;NEGATIF;SAT;NEGATIF;AZALIYOR;SAT;AL;UCUZ (AL);1;30.09.2026
CMBTN;izle;;2,3;1,9;0,4;0,0;0;0;zayif;26,3;23,9;30,7;asagi;zayif;zayif;asagi;0,57;-3,95;2;1206;-0,82;16306326;1449,73;SAT;NEGATIF;SAT;NEGATIF;AZALIYOR;SAT;SAT;UCUZ (AL);0;30.09.2026
YAPRK;izle;;2,2;1,0;1,2;0,0;6;0;zayif;19,3;19,4;47,8;asagi;zayif;zayif;asagi;0,45;-4,10;3;8,14;-3,10;13712172;10,09;SAT;NEGATIF;NOTR;NEGATIF;ARTIYOR;SAT;SAT;UCUZ (AL);0;30.09.2026
IHLGM;izle;;2,1;2,1;0,0;0,0;20;1;zayif;27,6;19,6;53,7;asagi;zayif;zayif;asagi;0,48;-5,58;5;1,14;-5,00;17778172;1,37;SAT;NEGATIF;SAT;NEGATIF;ARTIYOR;SAT;SAT;UCUZ (AL);0;30.09.2026
SASA;izle;;2,1;1,7;0,3;0,0;6;0;zayif;24,8;26,1;27,8;asagi;zayif;zayif;asagi;0,57;-3,81;3;1,8;-4,26;5129513872;2,30;SAT;NEGATIF;SAT;NEGATIF;AZALIYOR;SAT;AL;NOTR;1;30.09.2026
NIBAS;izle;;2,0;1,9;0,2;0,0;38;3;zayif;25,6;24,8;19,8;asagi;zayif;zayif;asagi;0,40;-4,30;3;2,74;-6,16;20814566;3,63;SAT;NEGATIF;SAT;NEGATIF;ARTIYOR;SAT;SAT;NOTR;0;30.09.2026
TMSN;izle;;2,0;0,8;1,2;0,0;10;0;zayif;18,2;17,0;30,5;asagi;zayif;zayif;asagi;0,66;-5,16;4;55,55;-3,73;28910331;66,65;SAT;NEGATIF;NOTR;NEGATIF;AZALIYOR;SAT;SAT;UCUZ (AL);0;30.09.2026
BEYAZ;izle;;2,0;1,8;0,2;0,0;6;0;zayif;25,3;22,1;41,8;asagi;zayif;zayif;asagi;0,36;-5,39;3;16,16;-0,74;6079004;19,46;SAT;NEGATIF;SAT;NEGATIF;AZALIYOR;SAT;SAT;UCUZ (AL);0;30.09.2026
OSTIM;izle;;2,0;1,7;0,3;0,0;10;0;zayif;24,4;20,1;25,6;asagi;zayif;zayif;asagi;0,48;-5,52;4;1,17;-4,10;7036708;1,40;SAT;NEGATIF;SAT;NEGATIF;ARTIYOR;SAT;AL;UCUZ (AL);1;30.09.2026
AYCES;izle;;1,6;0,6;0,9;0,0;0;0;zayif;16,6;22,9;28,2;asagi;zayif;zayif;asagi;0,67;-5,54;2;335,5;-3,80;16101652;403,41;SAT;NEGATIF;NOTR;NEGATIF;AZALIYOR;SAT;SAT;NOTR;0;30.09.2026