hisse;durum;yeni_sinyal;konfluans;trend_35;momentum_30;hacim_35;risk;uyumsuzluk;rejim;adx;rsi;mfi;supertrend;goreli_guc;usd_trend;haftalik_trend;hacim_orani;ema50_uzaklik_atr;dagitim_gun;kapanis;degisim%;islem_hacmi_tl;st_cizgisi;osc_macd;osc_rsi;osc_adx;osc_momentum;osc_atr;osc_wavetrend;osc_stochrsi;osc_sharpe;osc_al_sayisi;tarih
PSDTC;izle;;99,4;34,4;30,0;35,0;50;2;guclu trend;28,5;70,9;70,1;yukari;guclu;yukselis;yukari;1,46;3,52;0;184,8;10,00;171034618;141,72;AL;POZITIF;AL;POZITIF;ARTIYOR;AL;AL;NOTR;6;28.08.2026
RYSAS;GUCLU AL;;98,4;34,3;30,0;34,1;10;0;guclu trend;28,3;67,3;70,5;yukari;guclu;yukselis;yukari;2,60;2,77;2;27;5,47;919163862;22,13;AL;POZITIF;AL;POZITIF;ARTIYOR;AL;AL;NOTR;6;28.08.2026
TGSAS;GUCLU AL;;97,8;35,0;30,0;32,8;20;0;guclu trend;32,2;69,7;86,5;yukari;guclu;yukselis;yukari;1,93;3,94;0;260,75;-2,89;337544526;212,74;AL;POZITIF;AL;POZITIF;ARTIYOR;AL;AL;NOTR;6;28.08.2026
HUNER;GUCLU AL;;97,0;32,9;29,7;34,4;0;0;guclu trend;24,6;60,6;68,7;yukari;guclu;yukselis;yukari;1,75;1,66;1;3,98;2,58;234462672;3,50;AL;POZITIF;AL;POZITIF;AZALIYOR;AL;SAT;NOTR;5;28.08.2026
RYGYO;GUCLU AL;;95,8;35,0;25,8;35,0;35;0;guclu trend;46,1;80,4;73,7;yukari;guclu;yukselis;yukari;1,71;5,67;1;47,6;3,52;231030313;42,07;AL;POZITIF;AL;POZITIF;ARTIYOR;AL;AL;NOTR;6;28.08.2026
VBTYZ;GUCLU AL;;95,8;35,0;30,0;30,8;20;0;guclu trend;32,9;66,9;72,8;yukari;guclu;yukselis;yukari;1,05;3,42;1;39,06;5,00;128924092;32,80;AL;POZITIF;AL;POZITIF;ARTIYOR;SAT;SAT;NOTR;4;28.08.2026
BINHO;GUCLU AL;EVET;95,0;31,8;30,0;33,2;8;0;guclu trend;21,7;63,9;68,9;yukari;guclu;yukselis;yukari;1,65;1,87;2;11,16;-0,62;485564815;9,99;AL;POZITIF;AL;POZITIF;ARTIYOR;AL;SAT;NOTR;5;28.08.2026
HATSN;GUCLU AL;;94,6;35,0;24,6;35,0;35;0;guclu trend;30,9;82,8;94,7;yukari;guclu;yukselis;yukari;1,31;6,21;0;86,85;9,38;768799500;69,32;AL;POZITIF;AL;POZITIF;ARTIYOR;AL;SAT;NOTR;5;28.08.2026
AKFIS;GUCLU AL;;94,6;35,0;30,0;29,6;30;1;guclu trend;31,7;68,6;83,0;yukari;guclu;yukselis;yukari;1,00;3,97;0;18,78;-3,35;386574825;16,36;AL;POZITIF;AL;POZITIF;AZALIYOR;AL;SAT;PAHALI (SAT);5;28.08.2026
BAHKM;izle;;94,4;35,0;26,6;32,8;57;1;guclu trend;39,5;78,8;92,5;yukari;guclu;yukselis;yukari;3,54;4,40;0;160,6;1,01;565484806;138,64;AL;POZITIF;AL;POZITIF;ARTIYOR;AL;SAT;NOTR;5;28.08.2026
MANAS;GUCLU AL;;94,1;32,8;29,6;31,7;8;0;guclu trend;24,5;59,8;54,8;yukari;guclu;yukselis;yukari;1,20;1,80;2;33,28;0,54;768507750;30,47;AL;POZITIF;AL;NEGATIF;ARTIYOR;SAT;SAT;PAHALI (SAT);3;28.08.2026
MTRKS;GUCLU AL;;93,8;35,0;30,0;28,8;0;0;guclu trend;32,0;59,0;80,7;yukari;guclu;yukselis;yukari;1,15;2,03;1;33,56;-2,33;66675196;31,00;AL;POZITIF;AL;POZITIF;ARTIYOR;SAT;SAT;NOTR;4;28.08.2026
BRLSM;GUCLU AL;;93,2;35,0;23,6;34,5;35;0;guclu trend;30,6;84,7;96,3;yukari;guclu;yukselis;yukari;3,23;6,36;0;25,52;5,45;716189299;21,74;AL;POZITIF;AL;POZITIF;ARTIYOR;AL;SAT;NOTR;5;28.08.2026
EGPRO;GUCLU AL;;92,8;35,0;29,8;28,0;0;0;guclu trend;30,5;62,6;73,2;yukari;guclu;yukselis;yukari;1,53;1,76;0;39,56;-3,56;77550892;36,68;AL;POZITIF;AL;POZITIF;ARTIYOR;AL;AL;NOTR;6;28.08.2026
NETAS;GUCLU AL;;90,5;35,0;30,0;25,5;28;0;guclu trend;39,8;69,4;71,4;yukari;guclu;yukselis;yukari;0,91;4,22;0;100;4,28;182213800;83,84;AL;POZITIF;AL;POZITIF;ARTIYOR;SAT;SAT;NOTR;4;28.08.2026
KCAER;izle;;89,8;35,0;30,0;24,8;42;3;guclu trend;34,4;64,4;73,4;yukari;guclu;yukselis;yukari;0,39;2,13;0;16,32;0,12;100255425;14,75;AL;POZITIF;AL;POZITIF;AZALIYOR;SAT;SAT;NOTR;4;28.08.2026
ALBRK;izle;;89,7;35,0;30,0;24,7;50;3;guclu trend;32,0;72,0;73,0;yukari;guclu;yukselis;yukari;0,27;2,80;0;9,1;0,33;32669282;8,39;AL;POZITIF;AL;POZITIF;AZALIYOR;AL;AL;NOTR;6;28.08.2026
DEVA;GUCLU AL;;89,7;35,0;29,7;25,0;36;0;guclu trend;37,7;72,6;70,3;yukari;guclu;yukselis;yukari;0,29;4,07;0;91,45;1,05;25386429;79,74;AL;POZITIF;AL;POZITIF;AZALIYOR;AL;SAT;NOTR;5;28.08.2026
DUNYH;GUCLU AL;;89,6;35,0;30,0;24,6;20;1;guclu trend;34,0;60,6;79,7;yukari;guclu;yukselis;yukari;0,75;2,12;2;161,9;-3,92;132148770;140,93;AL;POZITIF;AL;POZITIF;ARTIYOR;AL;SAT;NOTR;5;28.08.2026
KLSYN;GUCLU AL;;89,5;34,5;30,0;25,1;8;0;guclu trend;28,7;62,9;61,3;yukari;guclu;yukselis;yukari;0,76;2,03;0;15,76;0,77;42692138;13,93;AL;POZITIF;AL;NEGATIF;AZALIYOR;AL;SAT;NOTR;4;28.08.2026
BRSAN;izle;;89,5;35,0;30,0;24,5;50;2;guclu trend;36,1;66,7;77,4;yukari;guclu;yukselis;yukari;0,53;3,51;1;729,5;-0,34;1219990997;636,86;AL;POZITIF;AL;POZITIF;AZALIYOR;SAT;SAT;NOTR;4;28.08.2026
GESAN;GUCLU AL;;89,4;35,0;30,0;24,4;20;0;guclu trend;30,2;68,9;69,5;yukari;guclu;yukselis;yukari;0,57;3,41;1;93,1;-0,53;570837250;83,74;AL;POZITIF;AL;POZITIF;AZALIYOR;AL;SAT;NOTR;5;28.08.2026
GENIL;izle;;89,3;35,0;30,0;24,3;50;2;guclu trend;50,3;70,0;70,4;yukari;guclu;yukselis;yukari;0,20;3,22;1;12,12;0,66;139105397;10,35;AL;POZITIF;AL;POZITIF;AZALIYOR;SAT;SAT;NOTR;4;28.08.2026
BIMAS;GUCLU AL;;89,1;34,7;29,4;25,0;10;0;guclu trend;29,2;61,3;59,3;yukari;guclu;yukselis;yukari;0,51;2,23;0;414,75;0,24;2086902552;383,65;AL;POZITIF;AL;POZITIF;AZALIYOR;AL;SAT;NOTR;5;28.08.2026
PRZMA;izle;;89,0;34,5;30,0;24,5;50;2;guclu trend;28,7;65,2;73,3;yukari;guclu;yukselis;yukari;0,75;3,24;1;90,2;10,00;410810759;67,71;AL;POZITIF;AL;POZITIF;ARTIYOR;AL;AL;PAHALI (SAT);6;28.08.2026
INVES;GUCLU AL;;88,9;34,5;29,4;25,0;28;0;guclu trend;28,7;73,1;79,7;yukari;guclu;yukselis;yukari;0,24;4,95;1;860;0,35;17196560;782,35;AL;POZITIF;AL;POZITIF;AZALIYOR;AL;AL;NOTR;6;28.08.2026
ISGYO;izle;;88,8;35,0;29,2;24,6;40;4;guclu trend;32,5;63,2;61,5;yukari;guclu;yukselis;yukari;0,25;2,08;0;28,14;0,07;16431650;25,22;AL;POZITIF;AL;POZITIF;AZALIYOR;AL;AL;NOTR;6;28.08.2026
GUBRF;GUCLU AL;;88,8;34,5;30,0;24,3;18;0;guclu trend;28,8;66,0;69,1;yukari;guclu;yukselis;yukari;0,74;2,29;1;503;3,07;1341437119;437,48;AL;POZITIF;AL;POZITIF;AZALIYOR;AL;AL;NOTR;6;28.08.2026
TRMET;GUCLU AL;;88,7;33,7;30,0;25,0;20;1;guclu trend;26,7;63,4;61,7;yukari;guclu;yukselis;yukari;0,51;2,84;0;147,5;1,94;532897883;128,36;AL;POZITIF;AL;POZITIF;AZALIYOR;AL;AL;NOTR;6;28.08.2026
DOHOL;AL;;88,6;29,8;29,7;29,1;0;0;ilimli;16,6;64,6;65,3;yukari;guclu;yukselis;yukari;0,95;2,01;1;22,74;1,79;227686979;20,37;AL;POZITIF;NOTR;POZITIF;AZALIYOR;AL;AL;NOTR;5;28.08.2026
BIGEN;izle;;88,4;35,0;28,4;25,0;50;2;guclu trend;37,4;75,2;94,1;yukari;guclu;yukselis;yukari;0,14;5,19;0;170,7;-2,46;98913139;138,78;AL;POZITIF;AL;POZITIF;AZALIYOR;AL;SAT;PAHALI (SAT);5;28.08.2026
KRDMD;GUCLU AL;;88,4;33,4;30,0;25,0;18;0;guclu trend;25,8;63,4;86,0;yukari;guclu;yukselis;yukari;0,61;2,36;2;46,34;-0,47;1693159752;41,48;AL;POZITIF;AL;POZITIF;AZALIYOR;AL;AL;NOTR;6;28.08.2026
DAGI;GUCLU AL;;88,3;35,0;29,8;23,6;28;0;guclu trend;35,0;72,5;72,7;yukari;guclu;yukselis;yukari;0,36;3,45;0;11,08;-1,07;35827767;9,74;AL;POZITIF;AL;POZITIF;AZALIYOR;AL;SAT;NOTR;5;28.08.2026
ASELS;GUCLU AL;;88,2;33,2;30,0;25,0;8;0;guclu trend;25,4;61,1;69,8;yukari;guclu;yukselis;yukari;0,54;1,69;1;403,75;0,00;7561802258;363,22;AL;POZITIF;AL;POZITIF;AZALIYOR;AL;SAT;NOTR;5;28.08.2026
INDES;GUCLU AL;;88,2;34,0;30,0;24,2;10;0;guclu trend;27,3;68,0;93,0;yukari;guclu;yukselis;yukari;0,66;2,61;0;11,96;-0,33;56360735;10,83;AL;POZITIF;AL;POZITIF;AZALIYOR;AL;SAT;NOTR;5;28.08.2026
EUPWR;GUCLU AL;;88,1;34,5;30,0;23,7;20;0;guclu trend;28,6;64,5;69,9;yukari;guclu;yukselis;yukari;0,43;3,08;1;102,6;-0,48;685804460;91,83;AL;POZITIF;AL;POZITIF;AZALIYOR;AL;AL;NOTR;6;28.08.2026
KCHOL;GUCLU AL;;88,1;34,5;29,7;23,9;16;1;guclu trend;28,7;59,9;67,9;yukari;guclu;yukselis;yukari;0,51;2,04;3;215,4;0,56;3435485036;202,86;AL;POZITIF;AL;POZITIF;AZALIYOR;SAT;SAT;NOTR;4;28.08.2026
DMLKT;GUCLU AL;;88,0;35,0;28,9;24,1;36;0;guclu trend;51,6;74,2;82,9;yukari;guclu;yukselis;yukari;0,31;4,36;2;6,94;0,58;20751238;6,58;AL;POZITIF;AL;POZITIF;AZALIYOR;SAT;SAT;NOTR;4;28.08.2026
ARSAN;GUCLU AL;;87,9;35,0;27,9;25,0;28;0;guclu trend;35,6;76,2;98,3;yukari;guclu;yukselis;yukari;0,47;3,90;0;4,29;0,94;54319856;3,75;AL;POZITIF;AL;POZITIF;AZALIYOR;AL;SAT;NOTR;5;28.08.2026
SANFM;GUCLU AL;;87,8;35,0;27,1;25,7;28;0;guclu trend;33,6;77,9;81,6;yukari;guclu;yukselis;yukari;0,74;3,98;0;11,26;0,90;41558284;9,99;AL;POZITIF;AL;POZITIF;ARTIYOR;AL;AL;NOTR;6;28.08.2026
SAYAS;GUCLU AL;;87,7;35,0;30,0;22,7;0;0;guclu trend;36,2;59,0;67,3;yukari;guclu;yukselis;yukari;0,47;1,80;0;60,2;-2,35;106165891;51,71;AL;POZITIF;AL;POZITIF;AZALIYOR;SAT;SAT;NOTR;4;28.08.2026
ERSU;AL;;87,5;30,6;27,4;29,5;0;0;ilimli;18,7;58,5;66,7;yukari;guclu;yukselis;yukari;1,83;0,87;0;25,8;0,47;16799541;22,74;AL;POZITIF;NOTR;POZITIF;ARTIYOR;AL;SAT;NOTR;4;28.08.2026
AKSGY;GUCLU AL;;87,2;34,9;27,3;25,0;8;0;guclu trend;29,7;59,3;64,2;yukari;guclu;yukselis;yukari;0,68;1,76;1;10,07;-0,20;37018468;9,55;AL;POZITIF;AL;POZITIF;AZALIYOR;SAT;SAT;NOTR;4;28.08.2026
AYDEM;izle;;87,2;35,0;28,7;23,5;40;4;guclu trend;31,5;59,6;78,9;yukari;guclu;yukselis;yukari;0,22;1,32;1;27,44;1,63;27850091;24,22;AL;POZITIF;AL;POZITIF;AZALIYOR;SAT;SAT;NOTR;4;28.08.2026
PEKGY;izle;;87,1;33,9;29,1;24,1;32;3;guclu trend;27,1;60,0;65,6;yukari;guclu;yukselis;yukari;0,76;1,73;1;15,76;-4,48;1848633375;14,42;AL;POZITIF;AL;POZITIF;ARTIYOR;AL;AL;NOTR;6;28.08.2026
ASTOR;GUCLU AL;EVET;87,0;31,2;30,0;25,9;18;1;guclu trend;20,1;59,9;67,6;yukari;guclu;yukselis;yukari;0,77;2,01;2;344,75;-1,22;7639029452;302,57;AL;POZITIF;AL;POZITIF;AZALIYOR;AL;AL;PAHALI (SAT);6;28.08.2026
KLYPV;GUCLU AL;EVET;87,0;27,8;27,9;31,3;0;0;zayif;26,1;59,0;70,2;yukari;guclu;yukselis;yukari;1,83;1,30;0;64,3;3,88;286830597;59,40;AL;POZITIF;AL;POZITIF;ARTIYOR;AL;SAT;NOTR;5;28.08.2026
TNZTP;GUCLU AL;;86,9;31,9;30,0;25,0;20;0;guclu trend;22,0;67,7;39,6;yukari;guclu;yukselis;yukari;0,39;3,32;2;30,88;1,98;42375142;27,39;AL;POZITIF;AL;POZITIF;AZALIYOR;AL;AL;NOTR;6;28.08.2026
TRENJ;GUCLU AL;;86,9;31,9;30,0;25,0;32;2;guclu trend;21,9;61,9;67,0;yukari;guclu;yukselis;yukari;0,53;2,65;1;109,6;1,01;135764918;96,12;AL;POZITIF;AL;POZITIF;AZALIYOR;AL;AL;NOTR;6;28.08.2026
BIGTK;GUCLU AL;;86,6;31,9;30,0;24,7;16;0;guclu trend;22,1;65,3;64,1;yukari;guclu;yukselis;yukari;0,64;2,49;3;385,5;1,05;160917723;308,63;AL;POZITIF;AL;POZITIF;AZALIYOR;AL;AL;NOTR;6;28.08.2026
EGGUB;GUCLU AL;;86,6;27,4;30,0;29,2;10;0;zayif;23,3;69,7;76,2;yukari;guclu;yukselis;yukari;1,02;2,65;0;113,7;3,74;84858858;100,13;AL;POZITIF;AL;POZITIF;ARTIYOR;AL;SAT;NOTR;5;28.08.2026
TRCAS;GUCLU AL;;86,6;31,7;29,9;25,0;8;0;guclu trend;21,5;58,7;62,0;yukari;guclu;yukselis;yukari;0,25;1,60;2;47,7;1,53;11781089;42,48;AL;POZITIF;AL;POZITIF;AZALIYOR;AL;SAT;NOTR;5;28.08.2026
TRALT;GUCLU AL;;86,5;31,9;30,0;24,6;10;0;guclu trend;22,2;60,5;62,7;yukari;guclu;yukselis;yukari;0,52;2,19;0;55,25;1,75;3712462257;48,12;AL;POZITIF;AL;POZITIF;AZALIYOR;AL;SAT;NOTR;5;28.08.2026
KRPLS;GUCLU AL;;86,5;35,0;29,6;21,9;0;0;guclu trend;45,4;55,4;76,6;yukari;guclu;yukselis;yukari;0,21;1,32;0;10,32;-0,58;8844983;9,48;AL;POZITIF;AL;POZITIF;AZALIYOR;SAT;SAT;NOTR;4;28.08.2026
ADGYO;GUCLU AL;;86,3;34,7;29,7;21,9;0;0;guclu trend;29,2;57,0;59,3;yukari;guclu;yukselis;yukari;0,69;1,37;2;60,05;-0,50;42726596;54,81;AL;POZITIF;AL;POZITIF;ARTIYOR;SAT;SAT;NOTR;4;28.08.2026
EGEGY;GUCLU AL;EVET;86,3;31,3;30,0;25,0;0;0;guclu trend;20,5;64,0;68,4;yukari;guclu;yukselis;yukari;0,50;1,82;0;32,78;1,17;51855567;28,82;AL;POZITIF;AL;POZITIF;ARTIYOR;AL;AL;NOTR;6;28.08.2026
TSPOR;GUCLU AL;;86,3;30,0;30,0;26,3;10;1;zayif;52,4;57,6;65,7;yukari;guclu;yukselis;yukari;1,05;1,80;2;1,13;-9,60;557452115;1,05;AL;POZITIF;AL;POZITIF;ARTIYOR;SAT;SAT;NOTR;4;28.08.2026
TARKM;GUCLU AL;;86,3;33,0;30,0;23,2;10;0;guclu trend;24,9;67,0;76,4;yukari;guclu;yukselis;yukari;0,79;2,28;0;541;0,09;70860721;477,07;AL;POZITIF;AL;POZITIF;AZALIYOR;AL;SAT;NOTR;5;28.08.2026
AGESA;izle;;86,3;31,4;29,8;25,0;58;4;guclu trend;20,8;70,5;61,8;yukari;guclu;yukselis;yukari;0,45;2,65;1;262,5;1,25;29362725;236,65;AL;POZITIF;AL;POZITIF;AZALIYOR;AL;AL;NOTR;6;28.08.2026
VAKBN;AL;;86,2;23,1;29,3;33,8;0;0;ilimli;17,5;66,5;66,9;yukari;guclu;yukselis;yukari;2,36;2,05;0;33,6;4,35;3482677531;29,98;AL;POZITIF;NOTR;POZITIF;ARTIYOR;AL;AL;NOTR;5;28.08.2026
RGYAS;izle;;86,1;32,7;28,3;25,0;50;4;guclu trend;24,2;62,9;77,5;yukari;guclu;yukselis;yukari;0,48;2,31;1;212,4;1,29;192433338;196,83;AL;POZITIF;AL;POZITIF;AZALIYOR;AL;SAT;NOTR;5;28.08.2026
OZSUB;GUCLU AL;;86,0;35,0;26,0;25,0;38;1;guclu trend;35,4;70,2;58,9;yukari;guclu;yukselis;yukari;0,36;3,38;2;44,74;1,27;69267184;37,97;SAT;POZITIF;AL;POZITIF;AZALIYOR;AL;AL;NOTR;5;28.08.2026
AHGAZ;AL;;85,9;30,9;30,0;25,0;20;0;ilimli;19,3;69,8;80,8;yukari;guclu;yukselis;yukari;0,79;3,32;1;38,02;2,65;124467671;33,86;AL;POZITIF;NOTR;POZITIF;ARTIYOR;AL;AL;NOTR;5;28.08.2026
CEMZY;GUCLU AL;;85,7;35,0;30,0;20,7;0;0;guclu trend;46,6;67,5;86,8;yukari;guclu;yukselis;yukari;0,24;2,01;0;16,56;0,79;251158234;13,41;AL;POZITIF;AL;POZITIF;AZALIYOR;SAT;SAT;NOTR;4;28.08.2026
ALTNY;GUCLU AL;;85,7;31,9;30,0;23,8;10;0;guclu trend;22,0;62,2;82,0;yukari;guclu;yukselis;yukari;0,63;2,17;2;18,69;0,70;302081947;16,42;AL;POZITIF;AL;POZITIF;AZALIYOR;AL;SAT;NOTR;5;28.08.2026
KORDS;GUCLU AL;;85,6;35,0;30,0;20,6;10;0;guclu trend;32,4;58,3;61,9;yukari;guclu;yukselis;yukari;0,23;2,14;1;87,8;-0,34;58636264;80,94;AL;POZITIF;AL;NEGATIF;AZALIYOR;SAT;SAT;NOTR;3;28.08.2026
ORGE;GUCLU AL;;85,6;33,9;30,0;21,7;32;2;guclu trend;27,3;66,6;61,1;yukari;guclu;yukselis;yukari;0,48;2,23;1;24,32;1,67;78905608;20,35;AL;POZITIF;AL;POZITIF;AZALIYOR;AL;AL;NOTR;6;28.08.2026
VERUS;izle;;85,6;35,0;25,6;25,0;43;0;guclu trend;44,5;80,9;89,6;yukari;guclu;yukselis;yukari;0,36;5,85;1;746;-0,40;22642592;680,44;AL;POZITIF;AL;POZITIF;AZALIYOR;AL;SAT;NOTR;5;28.08.2026
KRDMA;GUCLU AL;;85,3;35,0;25,9;24,4;35;0;guclu trend;38,4;80,1;88,4;yukari;guclu;yukselis;yukari;0,81;4,91;0;59,65;0,93;442325150;51,60;AL;POZITIF;AL;POZITIF;AZALIYOR;AL;SAT;NOTR;5;28.08.2026
PASEU;GUCLU AL;;85,3;35,0;25,3;25,0;35;0;guclu trend;46,6;81,5;89,2;yukari;guclu;yukselis;yukari;0,19;6,41;0;256,5;-0,58;694776164;209,99;AL;POZITIF;AL;POZITIF;AZALIYOR;AL;AL;NOTR;6;28.08.2026
KTLEV;AL;;85,1;30,1;30,0;25,0;28;0;ilimli;17,5;69,7;74,3;yukari;guclu;yukselis;yukari;0,28;3,32;1;66,6;-0,60;1935824904;52,89;AL;POZITIF;NOTR;POZITIF;AZALIYOR;AL;AL;PAHALI (SAT);5;28.08.2026
SOKM;GUCLU AL;;85,0;31,2;30,0;23,8;10;0;guclu trend;20,2;63,7;60,8;yukari;guclu;yukselis;yukari;0,43;2,26;2;57,9;2,84;138109854;52,67;AL;POZITIF;AL;POZITIF;AZALIYOR;SAT;SAT;NOTR;4;28.08.2026
DURKN;GUCLU AL;;84,9;34,4;28,8;21,8;0;0;guclu trend;28,4;56,0;65,8;yukari;guclu;yukselis;yukari;0,42;1,11;1;22,12;-2,73;25203240;19,66;AL;POZITIF;AL;POZITIF;AZALIYOR;AL;SAT;NOTR;5;28.08.2026
KGYO;izle;;84,8;31,0;30,0;23,8;58;4;ilimli;19,8;65,1;63,0;yukari;guclu;yukselis;yukari;0,69;2,34;1;13,25;2,47;232918716;10,80;AL;POZITIF;NOTR;POZITIF;AZALIYOR;AL;SAT;NOTR;4;28.08.2026
IZMDC;izle;;84,7;35,0;26,0;23,7;42;2;guclu trend;33,8;64,0;56,3;yukari;guclu;yukselis;yukari;0,47;3,00;2;14,03;-0,64;76759870;11,90;SAT;POZITIF;AL;POZITIF;AZALIYOR;AL;AL;NOTR;5;28.08.2026
ALARK;GUCLU AL;;84,6;34,3;26,9;23,3;8;0;guclu trend;28,3;56,6;35,7;yukari;guclu;yukselis;yukari;0,35;1,23;1;109,1;-0,46;214450015;98,31;AL;POZITIF;AL;POZITIF;AZALIYOR;AL;AL;NOTR;6;28.08.2026
ANELE;izle;;84,5;34,7;24,8;25,0;67;3;guclu trend;29,3;82,5;88,3;yukari;guclu;yukselis;yukari;0,16;5,37;0;182,7;1,50;118871563;146,75;AL;POZITIF;AL;POZITIF;AZALIYOR;AL;SAT;PAHALI (SAT);5;28.08.2026
BOBET;GUCLU AL;;84,4;30,0;30,0;24,4;22;2;zayif;37,1;63,2;69,2;yukari;guclu;yukselis;yukari;0,51;1,99;1;21,08;-1,50;81207433;18,31;AL;POZITIF;AL;POZITIF;AZALIYOR;AL;AL;NOTR;6;28.08.2026
ALTIN;GUCLU AL;;84,4;29,4;30,0;25,0;18;0;zayif;36,7;65,7;65,2;yukari;guclu;yukselis;yukari;0,52;2,79;1;78,1;0,76;767196137;74,56;AL;POZITIF;AL;POZITIF;AZALIYOR;SAT;SAT;NOTR;4;28.08.2026
ENJSA;izle;;84,3;29,3;30,0;25,0;42;3;ilimli;15,2;65,4;53,3;yukari;guclu;yukselis;yukari;0,60;2,16;0;118,1;3,60;327502992;103,65;AL;POZITIF;NOTR;POZITIF;ARTIYOR;AL;AL;NOTR;5;28.08.2026
OFSYM;GUCLU AL;;84,2;30,0;30,0;24,2;8;0;zayif;42,3;61,6;68,1;yukari;guclu;yukselis;yukari;0,37;1,88;0;65,8;3,13;76951060;53,59;AL;POZITIF;AL;POZITIF;AZALIYOR;SAT;SAT;NOTR;4;28.08.2026
GIPTA;GUCLU AL;;84,2;30,0;30,0;24,2;20;0;zayif;44,3;68,1;90,1;yukari;guclu;yukselis;yukari;0,82;3,24;1;94,65;0,26;500342995;79,91;AL;POZITIF;AL;POZITIF;ARTIYOR;AL;SAT;NOTR;5;28.08.2026
ATATP;GUCLU AL;;84,2;35,0;30,0;19,2;18;0;guclu trend;50,3;62,1;58,9;yukari;guclu;yukselis;yukari;0,49;2,62;1;316,75;-0,86;277499924;267,66;AL;POZITIF;AL;POZITIF;AZALIYOR;SAT;SAT;NOTR;4;28.08.2026
AYGAZ;GUCLU AL;;84,1;35,0;24,9;24,2;20;0;guclu trend;43,8;66,0;74,3;yukari;guclu;yukselis;yukari;0,39;3,63;1;326,75;2,27;178005231;295,18;SAT;POZITIF;AL;POZITIF;AZALIYOR;SAT;SAT;NOTR;3;28.08.2026
KRGYO;GUCLU AL;;83,9;30,0;28,9;25,0;28;0;zayif;40,7;74,3;85,6;yukari;guclu;yukselis;yukari;0,39;3,55;0;3,2;0,00;30931450;2,79;AL;POZITIF;AL;POZITIF;AZALIYOR;AL;AL;NOTR;6;28.08.2026
GLRMK;GUCLU AL;;83,8;28,8;30,0;25,0;8;0;zayif;37,1;61,8;52,1;yukari;guclu;yukselis;yukari;0,66;1,54;0;182,5;1,39;632112293;161,71;AL;POZITIF;AL;POZITIF;AZALIYOR;AL;AL;NOTR;6;28.08.2026
TUPRS;GUCLU AL;;83,7;35,0;24,7;24,1;20;0;guclu trend;52,8;68,1;80,8;yukari;guclu;yukselis;yukari;0,57;4,91;1;388;1,90;7156326320;361,06;SAT;POZITIF;AL;POZITIF;AZALIYOR;SAT;SAT;NOTR;3;28.08.2026
CATES;GUCLU AL;;83,6;35,0;23,6;25,0;35;0;guclu trend;48,1;84,9;89,1;yukari;guclu;yukselis;yukari;0,56;5,79;1;67,8;-0,29;128580395;58,95;AL;POZITIF;AL;POZITIF;AZALIYOR;SAT;SAT;NOTR;4;28.08.2026
TBORG;GUCLU AL;;83,4;30,0;30,0;23,4;18;0;zayif;40,6;66,4;81,9;yukari;guclu;yukselis;yukari;0,40;2,87;0;158;-1,19;20978292;143,79;AL;POZITIF;AL;POZITIF;AZALIYOR;SAT;SAT;NOTR;4;28.08.2026
SELEC;GUCLU AL;;83,3;35,0;23,3;25,0;35;0;guclu trend;45,5;85,5;100,0;yukari;guclu;yukselis;yukari;0,49;6,03;0;331,5;2,31;835264307;276,04;AL;POZITIF;AL;POZITIF;AZALIYOR;AL;SAT;PAHALI (SAT);5;28.08.2026
SDTTR;GUCLU AL;;82,9;33,0;27,3;22,6;8;0;guclu trend;25,0;56,8;60,6;yukari;guclu;yukselis;yukari;0,48;1,02;2;24,04;-1,48;135800686;20,76;AL;POZITIF;AL;POZITIF;AZALIYOR;AL;SAT;NOTR;5;28.08.2026
ETYAT;GUCLU AL;;82,9;33,5;26,0;23,5;10;0;guclu trend;26,1;61,6;64,5;yukari;guclu;yukselis;yukari;0,53;2,16;1;15,52;0,00;7859406;13,55;SAT;POZITIF;AL;NEGATIF;AZALIYOR;AL;AL;NOTR;4;28.08.2026
KERVN;izle;;82,7;35,0;22,7;25,0;48;2;guclu trend;31,7;67,1;36,9;yukari;guclu;yukselis;yukari;0,12;7,00;3;10,93;-0,09;2039516;10,10;SAT;POZITIF;AL;POZITIF;AZALIYOR;SAT;SAT;PAHALI (SAT);3;28.08.2026
IEYHO;GUCLU AL;;82,5;35,0;22,5;25,0;35;0;guclu trend;81,7;87,0;88,2;yukari;guclu;yukselis;yukari;0,08;9,93;0;195;0,52;49147605;186,16;AL;POZITIF;AL;POZITIF;AZALIYOR;SAT;AL;PAHALI (SAT);5;28.08.2026
SKYMD;AL;EVET;82,3;29,0;23,8;29,5;10;1;ilimli;14,6;53,5;42,8;yukari;zayif;yukselis;yukari;1,10;0,65;1;14,85;3,99;32059086;13,12;AL;POZITIF;NOTR;POZITIF;ARTIYOR;SAT;SAT;NOTR;3;28.08.2026
METRO;AL;;82,3;28,8;24,3;29,2;8;0;ilimli;17,7;55,0;58,7;yukari;zayif;zayif;yukari;1,20;0,87;2;8,62;-0,35;72740525;7,70;AL;POZITIF;NOTR;NEGATIF;AZALIYOR;SAT;SAT;NOTR;2;28.08.2026
MRGYO;GUCLU AL;;82,2;21,5;27,4;33,2;18;0;zayif;25,6;77,1;83,2;yukari;guclu;yukselis;yukari;3,90;2,92;1;1,62;3,18;453592198;1,35;AL;POZITIF;AL;POZITIF;ARTIYOR;AL;AL;NOTR;6;28.08.2026
ARDYZ;GUCLU AL;;82,0;35,0;24,7;22,3;20;0;guclu trend;60,8;60,9;70,3;yukari;guclu;yukselis;yukari;0,28;3,10;1;90;-1,32;134312490;80,55;SAT;POZITIF;AL;POZITIF;AZALIYOR;SAT;SAT;NOTR;3;28.08.2026
TRHOL;izle;;82,0;35,0;22,0;25,0;45;1;guclu trend;39,7;91,6;98,0;yukari;guclu;yukselis;yukari;0,27;6,33;0;2955;-0,08;234514710;2463,24;AL;POZITIF;AL;POZITIF;AZALIYOR;AL;SAT;PAHALI (SAT);5;28.08.2026
GSDDE;GUCLU AL;;81,9;35,0;27,0;19,9;0;0;guclu trend;30,5;55,6;71,1;yukari;guclu;yukselis;yukari;0,31;0,98;2;14,08;0,14;27172795;12,38;AL;POZITIF;AL;POZITIF;AZALIYOR;SAT;SAT;NOTR;4;28.08.2026
MOGAN;GUCLU AL;;81,9;35,0;24,0;22,8;22;2;guclu trend;34,2;58,8;57,0;yukari;guclu;yukselis;yukari;0,43;2,06;2;20,3;0,00;209475030;17,53;SAT;POZITIF;AL;POZITIF;AZALIYOR;SAT;SAT;NOTR;3;28.08.2026
HKTM;GUCLU AL;;81,8;30,0;30,0;21,8;32;0;zayif;51,2;70,2;64,5;yukari;guclu;yukselis;yukari;1,13;2,49;3;15,02;9,96;247530967;12,25;AL;POZITIF;AL;POZITIF;ARTIYOR;SAT;AL;NOTR;5;28.08.2026
BJKAS;GUCLU AL;;81,8;35,0;30,0;16,8;10;0;guclu trend;51,4;60,1;67,3;yukari;guclu;yukselis;yukari;0,75;2,58;0;2,53;-6,99;684514116;2,36;AL;POZITIF;AL;POZITIF;ARTIYOR;SAT;SAT;NOTR;4;28.08.2026
KRONT;GUCLU AL;;81,5;35,0;25,4;21,1;10;0;guclu trend;31,0;55,8;64,9;yukari;guclu;yukselis;yukari;0,35;1,37;4;26,24;2,66;14570154;23,51;SAT;POZITIF;AL;NEGATIF;AZALIYOR;SAT;AL;NOTR;3;28.08.2026
ARASE;GUCLU AL;;81,4;34,1;24,4;22,9;0;0;guclu trend;27,7;54,1;70,6;yukari;zayif;yukselis;yukari;0,52;0,77;0;120,6;1,26;26205295;108,17;AL;POZITIF;AL;POZITIF;ARTIYOR;SAT;SAT;NOTR;4;28.08.2026
CELHA;GUCLU AL;;81,2;35,0;24,2;21,9;10;1;guclu trend;33,6;53,7;49,8;yukari;guclu;yukselis;yukari;0,30;1,58;1;25,38;-0,39;30213266;21,70;SAT;POZITIF;AL;POZITIF;AZALIYOR;SAT;SAT;NOTR;3;28.08.2026
DOCO;GUCLU AL;;81,1;31,7;26,1;23,3;0;0;guclu trend;21,6;58,5;55,5;yukari;zayif;yukselis;yukari;0,48;1,66;2;11635;0,00;29168945;10942,74;AL;POZITIF;AL;POZITIF;AZALIYOR;AL;SAT;NOTR;5;28.08.2026
TCKRC;GUCLU AL;;80,7;33,3;24,8;22,5;0;0;guclu trend;25,7;57,4;64,3;yukari;guclu;yukselis;yukari;0,34;1,98;1;163,6;-0,55;170579340;148,45;SAT;POZITIF;AL;NEGATIF;AZALIYOR;SAT;SAT;NOTR;2;28.08.2026
EPLAS;izle;;80,7;27,5;29,5;23,7;40;4;zayif;32,3;59,5;54,8;yukari;guclu;yukselis;yukari;0,23;1,28;0;6,13;-0,33;7699672;5,32;AL;POZITIF;AL;POZITIF;AZALIYOR;AL;AL;NOTR;6;28.08.2026
KUVVA;GUCLU AL;;80,5;35,0;24,8;20,7;10;1;guclu trend;31,1;55,8;77,8;yukari;guclu;yukselis;yukari;0,49;1,63;2;174,5;-3,59;17020032;163,41;SAT;POZITIF;AL;POZITIF;AZALIYOR;SAT;SAT;NOTR;3;28.08.2026
ADEL;GUCLU AL;;80,3;27,6;30,0;22,7;10;1;zayif;37,9;62,0;57,3;yukari;guclu;yukselis;yukari;0,75;1,57;0;35,64;2,30;164865116;31,81;AL;POZITIF;AL;POZITIF;AZALIYOR;SAT;SAT;NOTR;4;28.08.2026
EUKYO;GUCLU AL;;80,2;35,0;22,4;22,7;0;0;guclu trend;52,8;55,5;56,4;yukari;guclu;yukselis;yukari;0,18;1,84;2;13,35;1,14;2534217;12,26;SAT;POZITIF;AL;POZITIF;ARTIYOR;SAT;SAT;PAHALI (SAT);3;28.08.2026
OYAKC;GUCLU AL;;80,1;25,1;30,0;25,0;18;0;zayif;26,1;70,2;83,0;yukari;guclu;yukselis;yukari;0,51;2,58;0;23,14;0,52;292214836;21,28;AL;POZITIF;AL;POZITIF;AZALIYOR;AL;SAT;NOTR;5;28.08.2026
TKFEN;GUCLU AL;;79,9;35,0;23,4;21,5;20;0;guclu trend;45,7;63,6;50,5;yukari;guclu;yukselis;yukari;0,24;3,43;2;221,6;1,28;482543529;197,64;SAT;POZITIF;AL;NEGATIF;AZALIYOR;SAT;AL;PAHALI (SAT);3;28.08.2026
CVKMD;AL;EVET;79,9;30,0;23,0;26,9;0;0;ilimli;17,2;55,7;51,3;yukari;guclu;yukselis;yukari;1,04;0,94;2;16,32;3,75;723947415;14,58;SAT;POZITIF;NOTR;NEGATIF;ARTIYOR;SAT;AL;NOTR;2;28.08.2026
BINBN;GUCLU AL;;79,3;33,2;23,4;22,8;10;1;guclu trend;32,6;51,4;56,5;yukari;zayif;yukselis;yukari;0,43;0,40;0;182,4;-2,25;23607120;165,95;AL;POZITIF;AL;POZITIF;ARTIYOR;SAT;SAT;NOTR;4;28.08.2026
PRDGS;GUCLU AL;;79,1;35,0;22,2;21,8;10;1;guclu trend;42,7;53,7;68,6;yukari;guclu;yukselis;yukari;0,49;0,76;0;8;0,38;39687920;6,85;SAT;POZITIF;AL;POZITIF;AZALIYOR;SAT;AL;NOTR;4;28.08.2026
MPARK;GUCLU AL;;78,5;31,5;23,3;23,7;0;0;guclu trend;27,4;53,2;69,1;yukari;zayif;yukselis;yukari;0,39;0,38;2;433,75;-0,06;141442405;410,98;AL;POZITIF;AL;NEGATIF;AZALIYOR;SAT;SAT;NOTR;3;28.08.2026
OZATD;izle;;78,5;35,0;18,5;25,0;45;1;guclu trend;54,0;87,1;45,7;yukari;guclu;yukselis;yukari;0,49;6,19;1;4775;0,00;1114590050;4133,97;SAT;POZITIF;AL;POZITIF;AZALIYOR;AL;AL;PAHALI (SAT);5;28.08.2026
VANGD;GUCLU AL;;78,5;35,0;28,6;14,8;0;0;guclu trend;37,4;57,6;57,5;yukari;guclu;yukselis;yukari;0,64;1,33;2;101,3;-0,69;12781933;88,63;AL;POZITIF;AL;POZITIF;AZALIYOR;SAT;SAT;NOTR;4;28.08.2026
ENDAE;GUCLU AL;;78,3;35,0;27,3;16,0;0;0;guclu trend;33,9;53,0;76,7;yukari;guclu;yukselis;yukari;0,44;0,79;1;18,63;-2,15;62521758;16,70;AL;POZITIF;AL;NEGATIF;AZALIYOR;SAT;SAT;NOTR;3;28.08.2026
BLUME;GUCLU AL;;78,0;24,3;30,0;23,8;10;0;zayif;21,2;61,9;60,2;yukari;guclu;yukselis;yukari;0,81;2,16;2;41,3;-2,13;94330646;38,48;AL;POZITIF;AL;POZITIF;AZALIYOR;SAT;SAT;NOTR;4;28.08.2026
FRIGO;AL;;78,0;26,0;29,2;22,8;38;1;zayif;19,7;73,6;71,7;yukari;guclu;yukselis;yukari;0,99;3,07;2;2,71;0,37;116052582;2,39;AL;POZITIF;NOTR;POZITIF;AZALIYOR;AL;AL;NOTR;5;28.08.2026
RUBNS;GUCLU AL;;77,9;35,0;24,2;18,7;0;0;guclu trend;45,3;57,8;62,3;yukari;guclu;yukselis;yukari;0,24;1,50;0;31,9;-0,19;35318276;29,16;SAT;POZITIF;AL;NEGATIF;AZALIYOR;SAT;AL;NOTR;3;28.08.2026
MNDRS;AL;;77,8;22,8;30,0;25,0;10;0;zayif;34,1;66,6;75,3;yukari;guclu;yukselis;yukari;0,54;2,43;0;12,25;-0,41;21546452;10,99;AL;POZITIF;AL;POZITIF;AZALIYOR;AL;AL;NOTR;6;28.08.2026
RALYH;izle;;77,7;32,6;24,3;20,9;32;3;guclu trend;23,7;56,8;37,3;yukari;guclu;yukselis;yukari;1,06;1,31;2;261,5;-0,10;632144347;229,92;SAT;POZITIF;AL;NEGATIF;AZALIYOR;SAT;SAT;NOTR;2;28.08.2026
POLHO;GUCLU AL;;77,7;35,0;19,1;23,5;10;1;guclu trend;35,0;52,3;58,3;yukari;zayif;yukselis;yukari;0,52;0,79;2;22,08;0,00;17053797;20,89;SAT;POZITIF;AL;NEGATIF;AZALIYOR;SAT;SAT;NOTR;2;28.08.2026
UFUK;izle;;77,6;30,1;17,1;30,4;32;3;ilimli;17,4;49,2;72,1;yukari;zayif;zayif;yukari;2,46;0,42;1;1757;2,75;174563221;1641,83;SAT;NEGATIF;NOTR;NEGATIF;ARTIYOR;SAT;SAT;NOTR;0;28.08.2026
GLRYH;AL;;77,4;12,7;30,0;34,7;0;0;zayif;24,1;66,6;87,1;yukari;guclu;yukselis;yukari;1,66;1,66;0;3,44;2,38;55827849;3,02;AL;POZITIF;AL;POZITIF;AZALIYOR;AL;AL;NOTR;6;28.08.2026
HURGZ;GUCLU AL;;77,1;35,0;22,0;20,1;0;0;guclu trend;30,0;51,6;66,5;yukari;guclu;yukselis;yukari;0,28;0,65;1;7,54;-2,08;20145176;6,80;SAT;POZITIF;AL;NEGATIF;AZALIYOR;SAT;SAT;NOTR;2;28.08.2026
KOCMT;izle;;76,7;35,0;25,3;16,4;32;3;guclu trend;37,7;51,7;39,6;yukari;guclu;yukselis;yukari;0,38;1,21;2;5,16;-0,19;140867484;4,58;SAT;POZITIF;AL;NEGATIF;AZALIYOR;AL;AL;NOTR;4;28.08.2026
ETILR;AL;;76,7;29,1;22,0;25,6;6;0;ilimli;14,8;49,2;68,7;yukari;zayif;zayif;yukari;1,07;0,27;3;5,98;0,84;45423069;5,44;AL;NEGATIF;NOTR;NEGATIF;ARTIYOR;SAT;SAT;NOTR;1;28.08.2026
PCILT;GUCLU AL;;76,3;32,4;26,4;17,5;0;0;guclu trend;23,2;54,8;77,4;yukari;guclu;yukselis;yukari;0,27;0,83;1;34,38;-2,00;22584531;29,53;AL;POZITIF;AL;POZITIF;AZALIYOR;AL;SAT;NOTR;5;28.08.2026
HALKB;GUCLU AL;EVET;75,8;28,0;27,4;20,4;28;0;ilimli;32,9;77,2;56,3;yukari;guclu;yukselis;yukari;0,45;4,45;1;46,1;9,97;802287428;40,42;AL;POZITIF;AL;POZITIF;ARTIYOR;AL;AL;NOTR;6;28.08.2026
SONME;izle;;75,7;26,9;27,8;21,0;46;4;zayif;35,8;55,7;60,3;yukari;guclu;yukselis;yukari;0,79;0,79;3;140;-0,64;5094320;126,44;AL;POZITIF;AL;POZITIF;AZALIYOR;SAT;SAT;NOTR;4;28.08.2026
AKMGY;AL;;75,5;30,2;28,5;16,8;6;0;ilimli;17,8;56,2;54,8;yukari;guclu;yukselis;yukari;0,34;1,19;3;270,5;-0,55;4084009;241,49;AL;POZITIF;NOTR;NEGATIF;AZALIYOR;AL;AL;NOTR;4;28.08.2026
KRDMB;AL;;74,7;28,6;24,0;22,1;0;0;ilimli;13,4;52,4;44,5;yukari;zayif;zayif;yukari;0,18;1,14;2;133,3;0,23;41361924;121,64;AL;POZITIF;NOTR;POZITIF;AZALIYOR;AL;AL;PAHALI (SAT);5;28.08.2026
ALKLC;AL;EVET;74,2;35,0;22,8;16,4;30;1;guclu trend;54,7;61,2;27,2;yukari;guclu;yukselis;yukari;0,49;2,66;5;420,75;-0,06;339450581;401,45;SAT;POZITIF;AL;NEGATIF;AZALIYOR;SAT;SAT;NOTR;2;28.08.2026
ARMGD;AL;;74,1;28,6;23,9;21,6;22;2;ilimli;16,4;54,0;59,3;yukari;guclu;yukselis;yukari;0,20;1,50;2;200,1;0,76;44424201;181,05;SAT;POZITIF;NOTR;NEGATIF;AZALIYOR;SAT;AL;PAHALI (SAT);2;28.08.2026
FORTE;AL;;74,0;35,0;21,7;17,3;20;1;guclu trend;38,6;49,2;74,3;yukari;guclu;yukselis;yukari;0,64;0,71;4;120,5;-4,89;245022170;113,19;SAT;NEGATIF;AL;NEGATIF;AZALIYOR;SAT;AL;NOTR;2;28.08.2026
ISBTR;AL;;73,7;28,0;28,4;17,3;10;0;ilimli;11,7;58,5;58,1;yukari;guclu;yukselis;yukari;0,44;2,12;1;527500;1,44;1055000;482449,90;AL;POZITIF;NOTR;POZITIF;AZALIYOR;AL;SAT;NOTR;4;28.08.2026
RNPOL;AL;;73,3;29,9;24,8;18,6;8;0;ilimli;16,9;53,7;65,9;yukari;guclu;yukselis;yukari;0,43;0,43;2;2,54;-2,31;3995456;2,19;AL;POZITIF;NOTR;NEGATIF;AZALIYOR;SAT;SAT;NOTR;2;28.08.2026
EBEBK;izle;;73,1;25,5;25,6;22,0;10;1;guclu trend;26,1;54,1;67,9;asagi;guclu;yukselis;yukari;0,27;0,93;0;84,2;1,32;15818233;87,54;AL;POZITIF;AL;POZITIF;AZALIYOR;AL;AL;NOTR;6;28.08.2026
ATSYH;izle;;72,9;28,3;22,4;22,3;32;3;ilimli;12,7;53,0;58,3;yukari;guclu;yukselis;yukari;0,18;1,74;1;119,4;-0,50;851322;108,73;SAT;POZITIF;NOTR;NEGATIF;AZALIYOR;SAT;SAT;NOTR;1;28.08.2026
GSRAY;AL;;72,2;20,0;28,8;23,4;0;0;zayif;45,9;60,9;86,4;yukari;guclu;yukselis;yukari;0,55;1,34;1;1,1;-3,51;167655356;1,04;AL;POZITIF;AL;POZITIF;ARTIYOR;SAT;SAT;UCUZ (AL);4;28.08.2026
KBORU;AL;EVET;71,8;25,2;19,9;26,7;0;0;ilimli;22,9;53,7;79,2;yukari;zayif;zayif;yukari;1,14;0,17;1;24,34;2,44;293074240;20,59;AL;POZITIF;AL;POZITIF;ARTIYOR;AL;AL;NOTR;6;28.08.2026
EYGYO;AL;;71,3;17,6;29,7;24,0;10;1;zayif;23,9;59,9;70,8;yukari;guclu;yukselis;yukari;0,29;1,36;0;2,76;0,73;11153762;2,29;AL;POZITIF;AL;POZITIF;AZALIYOR;AL;AL;NOTR;6;28.08.2026
BIOEN;AL;;71,3;22,8;26,2;22,2;0;0;zayif;24,9;54,7;69,7;yukari;guclu;yukselis;yukari;0,45;0,90;2;18,81;-1,00;55334035;17,84;AL;POZITIF;AL;POZITIF;AZALIYOR;SAT;SAT;NOTR;4;28.08.2026
DMRGD;izle;;70,6;24,8;26,5;19,4;6;0;guclu trend;24,4;60,9;74,8;asagi;zayif;yukselis;yukari;0,71;1,87;3;12,05;1,26;211102118;12,14;AL;POZITIF;AL;POZITIF;AZALIYOR;AL;SAT;PAHALI (SAT);5;28.08.2026
ULUUN;AL;;70,6;21,2;26,0;23,4;0;0;ilimli;12,6;59,2;79,2;yukari;guclu;yukselis;yukari;0,90;1,21;1;9,08;0,11;70527402;7,98;AL;POZITIF;NOTR;POZITIF;AZALIYOR;AL;AL;NOTR;5;28.08.2026
PAGYO;AL;EVET;70,3;32,5;16,3;21,6;0;0;guclu trend;23,5;48,3;33,2;yukari;zayif;zayif;yukari;0,81;0,18;2;154,3;1,78;13216875;143,65;SAT;NEGATIF;AL;POZITIF;AZALIYOR;SAT;AL;NOTR;3;28.08.2026
TRGYO;AL;;70,0;24,8;22,0;23,1;0;0;ilimli;21,8;54,3;62,1;yukari;zayif;zayif;yukari;0,36;0,48;0;96,45;-1,18;52249087;91,22;AL;POZITIF;AL;POZITIF;AZALIYOR;AL;SAT;NOTR;5;28.08.2026
IZFAS;izle;;69,9;23,7;24,5;21,7;32;3;ilimli;19,1;56,2;63,1;yukari;zayif;yukselis;yukari;0,84;0,72;2;64,65;1,65;340129986;52,44;AL;POZITIF;NOTR;POZITIF;AZALIYOR;AL;AL;NOTR;5;28.08.2026
AKCNS;AL;;69,8;28,8;22,0;19,0;10;1;ilimli;13,9;54,1;40,8;yukari;guclu;yukselis;yukari;0,86;1,52;1;243;-2,25;64721349;231,75;SAT;POZITIF;NOTR;POZITIF;ARTIYOR;AL;AL;NOTR;4;28.08.2026
ENERY;AL;;69,5;24,1;27,7;17,7;0;0;ilimli;19,8;64,9;80,3;yukari;guclu;yukselis;yukari;0,70;1,96;0;9,81;2,19;222641364;8,79;AL;POZITIF;NOTR;POZITIF;AZALIYOR;AL;AL;NOTR;5;28.08.2026
DURDO;izle;;69,3;21,0;17,5;30,9;0;0;ilimli;14,5;52,1;62,3;asagi;zayif;zayif;yukari;3,72;0,31;2;5,06;4,76;43468213;5,27;SAT;POZITIF;NOTR;NEGATIF;ARTIYOR;SAT;AL;NOTR;2;28.08.2026
EKGYO;AL;;69,1;19,8;27,0;22,2;0;0;zayif;26,0;62,5;66,1;yukari;guclu;yukselis;yukari;0,52;1,45;1;20,54;0,10;1390304968;18,55;AL;POZITIF;AL;POZITIF;AZALIYOR;AL;AL;NOTR;6;28.08.2026
OZKGY;AL;;68,3;21,7;25,7;21,0;0;0;zayif;29,8;63,7;61,1;yukari;zayif;yukselis;yukari;0,35;1,25;1;13,89;0,58;27206051;12,25;AL;POZITIF;AL;POZITIF;AZALIYOR;AL;SAT;NOTR;5;28.08.2026
PKART;izle;;67,8;24,4;25,1;18,3;8;0;guclu trend;23,4;55,6;68,3;asagi;guclu;yukselis;yukari;0,44;0,68;1;133,5;-0,74;32643821;140,43;AL;POZITIF;AL;POZITIF;AZALIYOR;AL;AL;NOTR;6;28.08.2026
CRFSA;izle;;67,2;27,0;24,0;16,2;10;0;guclu trend;55,4;59,0;59,7;asagi;guclu;yukselis;yukari;0,30;2,96;1;272;-1,54;232742240;337,96;SAT;POZITIF;AL;NEGATIF;AZALIYOR;SAT;AL;NOTR;3;28.08.2026
KLGYO;AL;;67,0;14,4;29,8;22,8;10;0;zayif;28,5;69,3;81,3;yukari;guclu;yukselis;yukari;0,43;2,16;0;5,14;1,58;19294373;4,49;AL;POZITIF;AL;POZITIF;AZALIYOR;AL;AL;UCUZ (AL);6;28.08.2026
BUCIM;AL;;66,9;15,0;29,4;22,5;10;0;zayif;32,0;66,8;81,8;yukari;guclu;yukselis;yukari;0,67;2,29;0;5,77;0,35;19481747;5,29;AL;POZITIF;AL;POZITIF;AZALIYOR;AL;AL;UCUZ (AL);6;28.08.2026
MACKO;AL;;66,2;16,5;26,6;23,1;8;0;zayif;23,1;57,1;78,5;yukari;guclu;yukselis;yukari;0,88;0,67;1;36;-0,17;38645064;31,82;AL;POZITIF;AL;POZITIF;AZALIYOR;AL;SAT;NOTR;5;28.08.2026
NIBAS;AL;EVET;66,1;11,6;30,0;24,6;18;0;zayif;21,2;70,6;75,2;yukari;guclu;yukselis;asagi;2,79;1,67;4;4,61;2,90;226012714;3,94;AL;POZITIF;AL;POZITIF;ARTIYOR;AL;AL;NOTR;6;28.08.2026
SAHOL;AL;;65,2;17,5;25,9;21,8;22;2;zayif;22,8;63,5;61,5;yukari;zayif;yukselis;yukari;0,37;1,30;0;93,95;0,21;1256991154;88,21;AL;POZITIF;AL;POZITIF;AZALIYOR;AL;SAT;NOTR;5;28.08.2026
AKBNK;AL;;65,2;18,2;26,7;20,3;0;0;zayif;20,6;63,1;59,1;yukari;guclu;yukselis;yukari;0,63;1,44;0;73,1;0,34;6868317446;66,67;AL;POZITIF;AL;POZITIF;AZALIYOR;AL;SAT;NOTR;5;28.08.2026
YKBNK;AL;;64,7;19,5;26,9;18,4;22;2;zayif;19,7;63,6;67,7;yukari;guclu;yukselis;yukari;0,63;1,56;1;37,34;1,30;4742860932;34,06;AL;POZITIF;NOTR;POZITIF;AZALIYOR;AL;SAT;NOTR;4;28.08.2026
HRKET;izle;;64,3;29,0;19,3;16,0;0;0;zayif;14,5;48,3;67,0;yukari;zayif;zayif;yukari;0,32;-0,08;1;97,5;-1,22;83172570;86,29;AL;NEGATIF;NOTR;NEGATIF;AZALIYOR;SAT;SAT;NOTR;1;28.08.2026
BASCM;AL;;63,8;17,1;27,9;18,8;10;0;zayif;19,8;65,3;55,3;yukari;guclu;yukselis;yukari;0,33;2,69;0;14,5;0,55;519390;13,78;AL;POZITIF;NOTR;POZITIF;AZALIYOR;AL;AL;NOTR;5;28.08.2026
MAALT;AL;EVET;63,7;16,2;25,7;21,8;0;0;zayif;16,4;64,9;55,0;yukari;zayif;yukselis;yukari;0,95;1,26;2;1100;10,00;35971100;954,44;AL;POZITIF;NOTR;POZITIF;ARTIYOR;AL;AL;NOTR;5;28.08.2026
PSGYO;izle;;63,7;33,0;14,6;16,0;10;1;guclu trend;25,0;45,1;52,5;yukari;zayif;zayif;yukari;0,51;-0,38;1;3,37;1,51;274204289;3,25;SAT;NEGATIF;AL;NEGATIF;AZALIYOR;SAT;SAT;NOTR;1;28.08.2026
YGGYO;AL;;63,5;28,5;16,9;18,1;0;0;ilimli;15,8;50,7;45,2;yukari;zayif;zayif;yukari;0,19;0,18;2;227;0,53;6947789;215,58;SAT;POZITIF;NOTR;NEGATIF;AZALIYOR;AL;AL;NOTR;3;28.08.2026
KNFRT;AL;;63,3;19,2;28,1;16,0;0;0;zayif;20,6;60,8;83,5;yukari;guclu;yukselis;yukari;0,28;1,17;1;13,07;0,15;21206271;11,09;AL;POZITIF;AL;POZITIF;AZALIYOR;AL;AL;NOTR;6;28.08.2026
GEDZA;AL;;62,8;22,6;24,2;16,0;0;0;ilimli;27,0;62,0;76,5;yukari;zayif;yukselis;yukari;0,38;0,69;2;30,08;-0,07;5589436;27,38;AL;POZITIF;AL;POZITIF;AZALIYOR;AL;SAT;NOTR;5;28.08.2026
FADE;izle;;62,7;20,8;24,5;17,4;0;0;ilimli;14,0;54,5;58,4;asagi;guclu;yukselis;yukari;0,32;0,64;0;16,32;0,18;31128246;17,54;AL;POZITIF;NOTR;POZITIF;AZALIYOR;AL;AL;NOTR;5;28.08.2026
GEREL;izle;;62,2;28,7;15,6;17,9;28;2;zayif;17,2;45,3;45,1;yukari;zayif;zayif;yukari;0,66;-0,22;3;39,5;0,77;200535733;38,25;SAT;NEGATIF;NOTR;NEGATIF;AZALIYOR;SAT;AL;NOTR;1;28.08.2026
GARAN;AL;;61,8;14,5;24,7;22,6;0;0;zayif;20,4;59,7;64,2;yukari;zayif;yukselis;yukari;0,60;0,98;1;134,1;0,83;2820483997;124,55;AL;POZITIF;AL;POZITIF;AZALIYOR;AL;AL;NOTR;6;28.08.2026
ODAS;izle;;61,3;17,0;18,3;26,0;0;0;zayif;22,3;49,4;54,5;asagi;zayif;zayif;yukari;2,45;-0,53;2;7,53;6,81;829562826;7,86;AL;NEGATIF;AL;POZITIF;ARTIYOR;AL;AL;NOTR;5;28.08.2026
ENKAI;AL;EVET;60,7;22,5;22,7;15,5;0;0;ilimli;28,0;58,3;57,8;yukari;zayif;zayif;asagi;0,78;0,41;1;89,5;2,34;1209545871;80,56;AL;POZITIF;AL;POZITIF;ARTIYOR;AL;AL;NOTR;6;28.08.2026
ARTMS;AL;EVET;60,7;16,5;23,9;20,3;10;1;zayif;18,4;58,9;65,9;yukari;zayif;zayif;yukari;0,69;0,80;1;41,3;4,40;40772888;35,62;AL;POZITIF;NOTR;POZITIF;ARTIYOR;AL;AL;NOTR;5;28.08.2026
ESCAR;izle;;60,2;13,9;19,1;27,2;0;0;zayif;18,3;49,3;62,0;asagi;zayif;zayif;yukari;1,17;-0,21;1;46,2;0,70;127203245;48,26;AL;NEGATIF;NOTR;POZITIF;AZALIYOR;SAT;SAT;NOTR;2;28.08.2026
GUNDG;izle;;59,7;32,4;11,3;16,0;0;0;guclu trend;23,4;44,6;60,8;yukari;zayif;zayif;yukari;0,13;-0,38;1;1690;-6,47;119919020;1413,91;SAT;NEGATIF;AL;POZITIF;AZALIYOR;SAT;SAT;PAHALI (SAT);2;28.08.2026
KENT;izle;;59,5;8,4;30,0;21,2;10;1;zayif;20,6;58,7;53,1;asagi;guclu;yukselis;yukari;0,31;1,57;0;394;-2,35;791152;404,52;AL;POZITIF;AL;POZITIF;AZALIYOR;AL;AL;NOTR;6;28.08.2026
BIENY;izle;;59,2;12,8;26,3;20,1;0;0;zayif;24,4;61,7;94,1;yukari;guclu;yukselis;asagi;1,11;1,01;1;22,54;0,09;90822789;20,10;AL;POZITIF;AL;POZITIF;AZALIYOR;AL;AL;NOTR;6;28.08.2026
CANTE;izle;;58,5;11,2;26,5;20,8;0;0;zayif;20,3;64,9;60,4;yukari;guclu;yukselis;asagi;2,56;1,06;1;1,33;9,92;653068039;1,15;AL;POZITIF;AL;POZITIF;ARTIYOR;AL;AL;UCUZ (AL);6;28.08.2026
SARKY;izle;;57,9;21,8;23,3;12,8;0;0;ilimli;19,3;55,1;72,6;yukari;zayif;yukselis;asagi;0,87;0,34;1;26,56;0,84;165400169;23,46;AL;POZITIF;NOTR;POZITIF;AZALIYOR;AL;AL;NOTR;5;28.08.2026
PATEK;izle;;57,6;14,4;25,0;18,2;0;0;zayif;20,8;58,1;82,4;yukari;guclu;yukselis;yukari;0,42;0,77;0;21,82;-2,85;138687811;19,14;AL;POZITIF;AL;POZITIF;AZALIYOR;AL;SAT;NOTR;5;28.08.2026
EFOR;izle;;57,5;30,4;17,1;10,0;40;4;ilimli;18,2;47,3;51,7;yukari;zayif;yukselis;yukari;0,41;0,40;2;18,32;-3,73;608538499;17,85;SAT;NEGATIF;NOTR;NEGATIF;AZALIYOR;SAT;SAT;NOTR;0;28.08.2026
TAVHL;izle;;57,0;17,4;25,3;14,3;0;0;zayif;10,2;57,2;65,1;yukari;guclu;yukselis;yukari;0,62;0,93;2;285;0,71;598806090;262,42;AL;POZITIF;NOTR;POZITIF;AZALIYOR;AL;AL;NOTR;5;28.08.2026
GLYHO;izle;;57,0;20,0;15,8;21,2;0;0;ilimli;11,0;48,9;39,1;asagi;zayif;zayif;yukari;0,18;0,13;1;16,97;-0,18;8907977;17,60;SAT;NEGATIF;NOTR;NEGATIF;AZALIYOR;SAT;AL;NOTR;1;28.08.2026
ISDMR;izle;;56,7;13,7;21,4;21,6;0;0;ilimli;13,8;55,9;76,1;asagi;zayif;zayif;yukari;0,90;0,37;0;54,75;0,74;82124288;56,72;AL;POZITIF;NOTR;POZITIF;AZALIYOR;AL;AL;NOTR;5;28.08.2026
EDATA;izle;;56,6;28,4;16,7;11,5;0;0;ilimli;13,0;48,1;65,1;yukari;zayif;zayif;yukari;0,27;0,14;1;19,04;-0,78;23663921;17,57;SAT;NEGATIF;NOTR;NEGATIF;AZALIYOR;SAT;SAT;NOTR;0;28.08.2026
SEGMN;izle;;56,4;30,5;14,7;11,2;0;0;zayif;18,5;47,8;66,9;yukari;zayif;zayif;asagi;0,37;-0,29;2;51,65;0,10;27946420;46,64;SAT;NEGATIF;NOTR;NEGATIF;AZALIYOR;SAT;SAT;NOTR;0;28.08.2026
FENER;izle;;56,3;13,5;25,0;17,8;0;0;zayif;26,2;55,0;65,7;yukari;guclu;yukselis;yukari;0,81;0,60;1;3,24;-3,28;377305689;3,05;AL;POZITIF;AL;POZITIF;AZALIYOR;AL;SAT;NOTR;5;28.08.2026
ZRGYO;izle;;56,0;19,5;20,6;15,8;46;4;zayif;28,7;53,8;71,8;yukari;guclu;yukselis;yukari;0,21;0,82;3;19,23;-1,38;10800933;18,29;SAT;POZITIF;AL;NEGATIF;ARTIYOR;SAT;SAT;NOTR;2;28.08.2026
BOSSA;izle;;55,8;18,3;16,7;20,8;0;0;zayif;18,3;50,5;79,0;yukari;zayif;zayif;yukari;0,20;0,16;2;6,59;1,23;5772491;6,19;SAT;POZITIF;NOTR;NEGATIF;AZALIYOR;SAT;SAT;NOTR;1;28.08.2026
DNISI;izle;;55,2;14,6;22,3;18,3;16;1;zayif;20,1;54,8;60,3;yukari;zayif;zayif;yukari;0,63;0,43;3;4,79;-1,03;14640649;4,34;AL;POZITIF;AL;POZITIF;AZALIYOR;AL;SAT;NOTR;5;28.08.2026
DENGE;izle;;55,1;13,0;26,3;15,9;0;0;zayif;24,3;60,4;79,7;yukari;guclu;yukselis;yukari;0,81;1,14;1;2,49;-0,40;35671302;2,24;AL;POZITIF;AL;POZITIF;AZALIYOR;AL;AL;UCUZ (AL);6;28.08.2026
BAGFS;izle;;55,0;15,0;25,3;14,7;32;3;zayif;35,4;57,8;73,4;yukari;guclu;yukselis;asagi;0,57;0,53;0;26,5;0,76;18702693;24,47;AL;POZITIF;AL;POZITIF;AZALIYOR;SAT;SAT;NOTR;4;28.08.2026
FMIZP;izle;;54,9;18,6;22,5;13,8;0;0;zayif;22,6;51,8;57,2;yukari;zayif;zayif;asagi;0,25;0,30;0;297,5;0,42;5295203;280,92;AL;POZITIF;AL;NEGATIF;AZALIYOR;SAT;SAT;NOTR;3;28.08.2026
BORSK;izle;;54,9;16,1;23,5;15,3;0;0;zayif;26,5;53,4;60,3;yukari;zayif;yukselis;asagi;0,32;0,27;1;6,19;0,65;12175866;5,76;AL;POZITIF;AL;POZITIF;AZALIYOR;SAT;SAT;NOTR;4;28.08.2026
PETUN;izle;;54,6;13,8;23,2;17,6;8;0;zayif;23,3;61,0;75,2;yukari;zayif;zayif;asagi;0,97;0,47;2;11,61;0,17;17874025;10,87;AL;POZITIF;AL;POZITIF;AZALIYOR;AL;AL;NOTR;6;28.08.2026
DMSAS;izle;;54,3;13,1;22,0;19,3;0;0;zayif;23,5;53,3;64,8;asagi;zayif;zayif;yukari;0,36;0,34;1;8,9;-1,11;7684580;9,08;AL;POZITIF;AL;NEGATIF;AZALIYOR;SAT;SAT;NOTR;3;28.08.2026
ISBIR;izle;;54,2;13,3;25,7;15,2;0;0;zayif;13,9;53,7;56,9;yukari;guclu;yukselis;asagi;0,29;0,71;2;74;-0,13;611240;70,46;AL;POZITIF;NOTR;POZITIF;ARTIYOR;SAT;AL;NOTR;4;28.08.2026
AVGYO;izle;;53,7;32,3;13,4;8,0;0;0;guclu trend;22,9;45,7;55,6;yukari;zayif;zayif;yukari;0,41;-0,17;2;15,18;-1,17;11793949;14,98;SAT;NEGATIF;AL;NEGATIF;AZALIYOR;SAT;SAT;NOTR;1;28.08.2026
OZYSR;izle;;53,5;30,4;11,1;12,0;0;0;zayif;18,2;44,7;53,8;yukari;zayif;zayif;yukari;0,25;-0,36;1;12,51;-0,64;8452982;11,56;SAT;NEGATIF;NOTR;NEGATIF;AZALIYOR;SAT;SAT;NOTR;0;28.08.2026
EREGL;izle;;53,2;15,4;18,5;19,3;0;0;zayif;18,2;47,4;52,6;asagi;zayif;zayif;yukari;0,59;-0,42;0;38,86;0,67;4210339006;41,35;AL;NEGATIF;NOTR;POZITIF;AZALIYOR;AL;AL;NOTR;4;28.08.2026
PAPIL;izle;;53,1;12,8;23,9;16,5;0;0;zayif;24,2;60,3;82,6;yukari;zayif;zayif;asagi;1,14;0,68;2;13,73;4,65;113982849;11,65;AL;POZITIF;AL;POZITIF;ARTIYOR;AL;AL;NOTR;6;28.08.2026
ESEN;izle;;52,6;15,0;24,2;13,4;18;1;zayif;30,7;57,9;66,5;yukari;zayif;yukselis;asagi;0,61;0,65;1;3,65;0,83;71358204;3,34;AL;POZITIF;AL;POZITIF;AZALIYOR;AL;AL;UCUZ (AL);6;28.08.2026
BRKVY;izle;;52,6;14,7;25,8;12,1;0;0;zayif;29,3;60,1;74,1;yukari;guclu;yukselis;asagi;0,92;0,83;0;85,3;3,65;38503311;73,58;AL;POZITIF;AL;POZITIF;ARTIYOR;AL;SAT;NOTR;5;28.08.2026
BNTAS;izle;;52,3;15,3;23,0;14,0;0;0;zayif;26,3;53,1;41,4;yukari;zayif;yukselis;asagi;0,29;0,31;1;6,43;0,63;8135191;5,97;AL;POZITIF;AL;POZITIF;AZALIYOR;SAT;AL;NOTR;5;28.08.2026
KAYSE;izle;;52,2;15,0;24,5;12,7;0;0;zayif;44,6;62,6;71,1;yukari;zayif;yukselis;asagi;0,32;0,74;0;4,2;0,00;14437004;3,85;AL;POZITIF;AL;POZITIF;AZALIYOR;AL;AL;NOTR;6;28.08.2026
ESCOM;izle;;51,7;28,9;13,6;9,2;46;4;zayif;14,4;47,7;42,8;yukari;zayif;zayif;yukari;0,33;-0,08;3;5,64;-1,05;56092423;5,25;SAT;NEGATIF;NOTR;NEGATIF;AZALIYOR;SAT;AL;NOTR;1;28.08.2026
MARTI;izle;;51,6;11,8;21,7;18,0;0;0;zayif;21,8;61,4;79,8;yukari;zayif;zayif;asagi;3,18;0,26;1;1,57;7,53;321441320;1,28;AL;POZITIF;AL;POZITIF;ARTIYOR;AL;AL;NOTR;6;28.08.2026
EKSUN;izle;;51,3;12,2;21,0;18,1;14;0;ilimli;18,0;53,0;56,0;asagi;zayif;zayif;yukari;0,61;0,12;3;6,45;-1,68;17474495;6,76;AL;POZITIF;NOTR;POZITIF;AZALIYOR;AL;AL;NOTR;5;28.08.2026
FONET;izle;;51,1;20,1;20,2;10,8;22;2;zayif;12,4;48,2;50,5;asagi;zayif;zayif;yukari;0,42;-0,09;2;5,22;-1,14;50231606;5,61;AL;NEGATIF;NOTR;POZITIF;AZALIYOR;SAT;SAT;NOTR;2;28.08.2026
EDIP;izle;;50,7;11,5;20,0;19,2;10;1;zayif;20,7;50,6;51,5;asagi;zayif;zayif;yukari;0,27;-0,07;1;36,46;0,05;23119286;39,68;AL;POZITIF;AL;POZITIF;AZALIYOR;AL;AL;NOTR;6;28.08.2026
TTRAK;izle;;50,7;13,6;21,8;15,3;0;0;zayif;26,4;54,3;80,0;yukari;zayif;zayif;asagi;0,28;0,15;1;429,75;-0,17;14478707;407,42;AL;POZITIF;AL;POZITIF;AZALIYOR;SAT;SAT;UCUZ (AL);4;28.08.2026
DOFRB;izle;;50,5;14,2;18,3;18,0;10;0;zayif;15,1;50,8;70,6;asagi;zayif;zayif;asagi;1,52;-0,51;4;140,2;1,37;924347713;152,89;AL;POZITIF;NOTR;POZITIF;ARTIYOR;AL;AL;NOTR;5;28.08.2026
GMTAS;izle;;50,3;20,0;15,5;14,8;6;0;zayif;12,2;47,7;52,5;asagi;zayif;zayif;yukari;0,43;-0,07;3;45,1;0,94;51748056;48,51;SAT;NEGATIF;NOTR;NEGATIF;AZALIYOR;SAT;AL;NOTR;1;28.08.2026
MAKTK;izle;;50,3;12,6;19,7;18,0;0;0;zayif;23,9;61,9;83,1;yukari;zayif;zayif;asagi;2,83;-0,12;1;10,79;3,65;106004380;9,45;AL;POZITIF;AL;POZITIF;ARTIYOR;AL;SAT;UCUZ (AL);5;28.08.2026
TMPOL;izle;;50,0;25,2;13,5;11,3;0;0;guclu trend;25,4;46,4;60,8;asagi;zayif;zayif;asagi;0,90;-0,25;2;464,5;0,98;590103587;629,51;SAT;NEGATIF;AL;NEGATIF;AZALIYOR;SAT;SAT;NOTR;1;28.08.2026
TUCLK;izle;;50,0;15,0;22,6;12,4;8;0;zayif;33,0;54,8;73,2;yukari;zayif;zayif;asagi;0,45;0,23;0;4;0,50;15666288;3,67;AL;POZITIF;AL;POZITIF;AZALIYOR;AL;SAT;NOTR;5;28.08.2026
BLCYT;izle;;49,9;13,3;22,6;13,9;0;0;zayif;25,7;58,8;68,5;yukari;guclu;yukselis;asagi;1,06;-0,40;1;22;3,77;56652640;18,63;AL;POZITIF;AL;POZITIF;ARTIYOR;AL;SAT;UCUZ (AL);5;28.08.2026
INTEM;izle;;49,8;13,7;21,4;14,7;0;0;zayif;26,6;52,3;51,7;yukari;zayif;zayif;asagi;0,24;-0,06;2;259,75;0,48;3937291;237,10;AL;POZITIF;AL;POZITIF;AZALIYOR;SAT;SAT;NOTR;4;28.08.2026
SNGYO;izle;;49,4;11,3;25,1;13,0;0;0;zayif;20,6;63,7;75,9;yukari;zayif;yukselis;asagi;0,74;1,09;2;3,57;3,18;43685073;3,15;AL;POZITIF;AL;POZITIF;ARTIYOR;AL;AL;UCUZ (AL);6;28.08.2026
MARKA;izle;;49,3;20,1;16,6;12,6;40;4;ilimli;12,8;48,7;48,4;asagi;zayif;zayif;yukari;0,69;0,66;2;84,5;-2,03;27694537;90,30;SAT;NEGATIF;NOTR;NEGATIF;ARTIYOR;SAT;SAT;NOTR;0;28.08.2026
COSMO;izle;;49,1;15,0;19,2;14,9;0;0;zayif;34,9;53,1;65,9;yukari;zayif;zayif;asagi;1,11;-0,64;1;129,2;-4,86;9364287;120,67;AL;POZITIF;AL;POZITIF;ARTIYOR;AL;SAT;NOTR;5;28.08.2026
AYES;izle;;49,0;21,0;18,7;9,4;0;0;zayif;12,2;48,8;37,0;yukari;zayif;zayif;yukari;0,24;-0,38;2;30,98;-0,90;2122068;29,80;AL;NEGATIF;NOTR;POZITIF;AZALIYOR;SAT;SAT;NOTR;2;28.08.2026
DERIM;izle;;48,4;20,1;19,6;8,6;0;0;zayif;29,5;48,2;61,5;yukari;zayif;zayif;asagi;0,53;-0,27;1;36,38;-1,94;9266859;34,92;AL;NEGATIF;AL;NEGATIF;AZALIYOR;SAT;SAT;NOTR;2;28.08.2026
TKNSA;izle;;48,3;15,0;24,0;9,4;10;1;zayif;34,6;53,1;34,7;yukari;guclu;yukselis;asagi;0,27;0,26;1;18,99;-1,09;47229687;18,60;AL;POZITIF;AL;POZITIF;AZALIYOR;SAT;SAT;NOTR;4;28.08.2026
AVPGY;izle;;48,3;11,6;24,4;12,3;0;0;zayif;16,2;60,9;55,9;yukari;zayif;yukselis;asagi;0,70;0,81;2;54,75;1,01;22565541;50,70;AL;POZITIF;NOTR;POZITIF;ARTIYOR;AL;SAT;NOTR;4;28.08.2026
BYDNR;izle;;47,7;26,4;10,5;10,8;28;2;zayif;26,0;42,8;51,5;yukari;zayif;zayif;asagi;1,41;-0,66;3;37,78;-1,05;35050357;35,98;SAT;NEGATIF;AL;NEGATIF;AZALIYOR;SAT;SAT;NOTR;1;28.08.2026
SNICA;izle;;47,4;13,4;16,0;18,0;0;0;zayif;25,9;45,9;61,2;yukari;zayif;zayif;asagi;1,98;-1,53;2;3,41;-8,82;123364068;3,10;AL;NEGATIF;AL;POZITIF;ARTIYOR;AL;SAT;NOTR;4;28.08.2026
ISFIN;izle;;47,3;25,1;11,2;11,0;16;1;zayif;14,1;44,5;52,7;yukari;zayif;zayif;asagi;0,35;-0,43;3;19,77;-0,35;13433320;19,45;SAT;NEGATIF;NOTR;NEGATIF;AZALIYOR;SAT;AL;NOTR;1;28.08.2026
PNSUT;izle;;47,2;11,7;19,6;15,9;0;0;zayif;21,5;57,0;78,7;yukari;zayif;zayif;asagi;1,14;-0,33;2;11,05;0,27;29656399;10,05;AL;POZITIF;AL;POZITIF;ARTIYOR;AL;AL;NOTR;6;28.08.2026
INFO;izle;;47,0;20,6;18,4;8,0;0;0;ilimli;13,6;50,5;34,1;asagi;zayif;zayif;yukari;0,59;0,78;1;6,72;0,30;204564777;7,47;SAT;POZITIF;NOTR;NEGATIF;AZALIYOR;SAT;AL;NOTR;2;28.08.2026
BAYRK;izle;;46,9;11,6;19,8;15,5;40;3;zayif;21,4;51,5;59,6;yukari;zayif;zayif;asagi;1,15;-0,27;1;4,47;2,29;55797133;4,25;AL;POZITIF;AL;POZITIF;ARTIYOR;AL;AL;NOTR;6;28.08.2026
CEMAS;izle;;46,5;11,7;22,1;12,7;0;0;zayif;21,5;55,6;67,7;yukari;zayif;zayif;asagi;0,90;0,14;0;4,34;-2,91;56141975;4,05;AL;POZITIF;AL;POZITIF;ARTIYOR;AL;SAT;NOTR;5;28.08.2026
BERA;izle;;46,4;13,8;16,9;15,7;0;0;zayif;27,0;50,8;59,0;yukari;zayif;zayif;asagi;1,16;-1,12;0;13,71;2,01;121518585;12,59;AL;POZITIF;AL;POZITIF;ARTIYOR;AL;SAT;NOTR;5;28.08.2026
DGNMO;izle;;45,8;29,9;7,8;8,0;10;1;zayif;17,0;40,0;64,3;yukari;zayif;zayif;asagi;0,45;-0,93;1;7,98;-1,48;20917607;7,58;SAT;NEGATIF;NOTR;NEGATIF;AZALIYOR;SAT;SAT;NOTR;0;28.08.2026
MARMR;izle;;45,8;20,0;14,6;11,2;0;0;zayif;33,8;46,7;55,8;yukari;zayif;zayif;asagi;0,25;-0,50;1;2,34;-0,85;51747198;2,19;SAT;NEGATIF;AL;NEGATIF;AZALIYOR;SAT;SAT;NOTR;1;28.08.2026
OBAMS;izle;;45,6;15,0;21,5;9,0;0;0;zayif;31,0;56,8;67,2;yukari;zayif;zayif;asagi;0,76;-0,32;1;5,53;4,34;187763624;4,77;AL;POZITIF;AL;POZITIF;ARTIYOR;AL;SAT;UCUZ (AL);5;28.08.2026
DIRIT;izle;;45,5;15,5;19,6;10,5;0;0;zayif;18,2;50,0;70,1;yukari;guclu;yukselis;asagi;0,67;0,38;2;25,38;-3,94;1204839;25,07;SAT;POZITIF;NOTR;NEGATIF;AZALIYOR;SAT;SAT;NOTR;1;28.08.2026
RODRG;izle;;45,4;17,6;18,5;9,3;6;0;zayif;14,2;47,8;34,1;yukari;zayif;zayif;asagi;0,53;-0,41;3;24,48;-3,92;3446760;22,52;AL;NEGATIF;NOTR;NEGATIF;AZALIYOR;AL;AL;NOTR;3;28.08.2026
YIGIT;izle;;45,1;10,9;23,1;11,1;0;0;zayif;19,4;60,2;79,6;yukari;zayif;zayif;asagi;0,80;0,58;1;22,44;1,45;54814300;20,54;AL;POZITIF;NOTR;POZITIF;ARTIYOR;AL;AL;NOTR;5;28.08.2026
TERA;izle;;45,0;9,3;27,8;8,0;10;1;zayif;15,3;60,7;67,7;yukari;guclu;yukselis;asagi;0,49;0,54;1;186,7;0,92;1412221764;170,40;AL;POZITIF;NOTR;POZITIF;AZALIYOR;AL;AL;UCUZ (AL);5;28.08.2026
AKFYE;izle;;45,0;13,4;19,6;12,0;0;0;zayif;13,0;49,7;46,0;asagi;zayif;zayif;yukari;0,92;-0,12;2;23,68;2,33;147397320;25,16;AL;NEGATIF;NOTR;POZITIF;ARTIYOR;AL;SAT;NOTR;3;28.08.2026
TURSG;izle;;44,9;10,0;21,2;13,7;0;0;ilimli;9,2;52,8;49,3;asagi;zayif;zayif;asagi;0,44;0,03;2;6,35;0,79;173535023;6,60;AL;POZITIF;NOTR;POZITIF;AZALIYOR;AL;AL;NOTR;5;28.08.2026
NTGAZ;izle;;44,4;18,3;22,3;3,8;32;3;ilimli;18,3;55,8;55,4;yukari;zayif;zayif;asagi;0,20;0,20;1;11,36;0,62;10199690;10,27;AL;POZITIF;NOTR;POZITIF;AZALIYOR;AL;AL;NOTR;5;28.08.2026
TATGD;izle;;43,9;13,0;19,1;11,9;0;0;zayif;11,4;51,3;53,5;asagi;zayif;zayif;asagi;0,64;-0,22;2;18,19;1,06;35620095;19,42;AL;POZITIF;NOTR;NEGATIF;AZALIYOR;AL;AL;NOTR;4;28.08.2026
TSGYO;izle;;43,9;12,9;20,6;10,3;0;0;zayif;24,7;54,9;73,0;yukari;zayif;zayif;asagi;0,28;0,07;2;6,18;0,82;6958674;5,50;AL;POZITIF;AL;POZITIF;AZALIYOR;AL;AL;UCUZ (AL);6;28.08.2026
MZHLD;izle;;43,9;14,0;18,2;11,7;8;0;zayif;27,3;50,2;55,0;yukari;zayif;zayif;asagi;0,43;-0,63;0;5,44;-2,16;786706;5,18;AL;POZITIF;AL;POZITIF;ARTIYOR;AL;AL;NOTR;6;28.08.2026
GATEG;izle;;43,8;9,7;17,4;16,7;40;5;zayif;16,2;50,8;66,2;asagi;zayif;zayif;asagi;0,80;-0,03;2;295;1,90;3448845;308,77;SAT;POZITIF;NOTR;NEGATIF;AZALIYOR;SAT;SAT;NOTR;1;28.08.2026
BESLR;izle;;43,7;11,5;20,3;11,9;30;2;zayif;21,1;51,8;53,2;yukari;zayif;zayif;asagi;0,80;-0,13;2;13,16;1,46;34299961;11,92;AL;POZITIF;AL;POZITIF;AZALIYOR;SAT;AL;NOTR;5;28.08.2026
KONYA;izle;;43,5;11,9;20,4;11,2;0;0;zayif;22,0;50,8;60,2;yukari;zayif;zayif;asagi;0,32;-0,12;1;3790;-0,26;13488610;3704,36;AL;POZITIF;AL;POZITIF;AZALIYOR;SAT;SAT;UCUZ (AL);4;28.08.2026
DYOBY;izle;;43,4;14,9;20,2;8,3;22;2;zayif;29,7;52,3;68,3;yukari;zayif;zayif;asagi;0,21;-0,31;0;13,57;0,52;8714763;12,15;AL;POZITIF;AL;POZITIF;AZALIYOR;SAT;SAT;NOTR;4;28.08.2026
ANHYT;izle;;43,4;15,5;16,4;11,5;0;0;zayif;15,2;47,4;28,3;asagi;zayif;zayif;asagi;0,54;-0,25;1;106,1;0,09;50070712;115,03;SAT;NEGATIF;NOTR;NEGATIF;AZALIYOR;AL;AL;NOTR;2;28.08.2026
BMSTL;izle;;43,0;28,2;12,2;2,6;10;1;zayif;17,1;44,4;30,8;yukari;zayif;zayif;asagi;0,44;-0,47;1;44,08;0,09;55326924;43,81;SAT;NEGATIF;NOTR;NEGATIF;AZALIYOR;SAT;AL;NOTR;1;28.08.2026
TABGD;izle;;42,5;25,9;14,9;1,7;10;0;zayif;20,9;46,4;30,9;yukari;zayif;zayif;asagi;0,26;-0,37;4;245,7;0,20;42974650;237,22;SAT;NEGATIF;AL;NEGATIF;AZALIYOR;SAT;SAT;NOTR;1;28.08.2026
BRKSN;izle;;42,5;9,0;22,7;10,8;6;0;zayif;17,9;53,2;54,6;yukari;zayif;yukselis;asagi;0,35;0,17;3;8,02;0,38;1119664;7,34;AL;POZITIF;NOTR;NEGATIF;AZALIYOR;AL;SAT;NOTR;3;28.08.2026
KZGYO;izle;;42,3;3,4;19,8;19,1;0;0;zayif;20,9;59,2;76,0;asagi;zayif;zayif;asagi;1,60;-0,19;2;20,74;3,39;33317275;20,98;AL;POZITIF;AL;POZITIF;ARTIYOR;AL;AL;NOTR;6;28.08.2026
KARTN;izle;;42,1;21,6;8,5;12,0;10;1;guclu trend;23,9;36,8;40,4;asagi;zayif;zayif;yukari;0,47;-1,10;1;160,5;-0,93;62245271;192,74;SAT;NEGATIF;SAT;NEGATIF;AZALIYOR;SAT;SAT;NOTR;0;28.08.2026
SNPAM;izle;;42,0;11,4;22,0;8,6;8;0;zayif;20,8;55,2;65,2;yukari;zayif;zayif;asagi;0,51;0,17;2;20,4;0,00;436438;19,27;AL;POZITIF;AL;POZITIF;ARTIYOR;AL;AL;NOTR;6;28.08.2026
OZGYO;izle;;41,8;14,7;19,1;8,0;6;0;zayif;30,8;49,0;49,0;asagi;zayif;zayif;asagi;0,23;-0,28;3;2,1;-0,47;14644344;2,35;AL;NEGATIF;AL;POZITIF;AZALIYOR;AL;AL;NOTR;5;28.08.2026
PETKM;izle;;41,7;8,2;22,0;11,6;0;0;ilimli;12,8;52,0;70,6;asagi;zayif;zayif;asagi;0,33;0,03;0;20,12;1,21;516468831;21,04;AL;POZITIF;NOTR;POZITIF;AZALIYOR;SAT;SAT;NOTR;3;28.08.2026
DOKTA;izle;;41,2;14,7;22,5;4,0;18;1;zayif;27,0;55,4;76,1;yukari;zayif;zayif;asagi;0,43;0,24;1;23,58;0,26;8110624;21,43;AL;POZITIF;AL;POZITIF;AZALIYOR;AL;SAT;NOTR;5;28.08.2026
JANTS;izle;;40,9;15,0;20,8;5,1;40;4;zayif;32,0;52,9;25,8;yukari;zayif;zayif;asagi;0,61;-0,08;2;15,72;-0,06;41086374;14,45;AL;POZITIF;AL;POZITIF;AZALIYOR;AL;SAT;UCUZ (AL);5;28.08.2026
MEPET;izle;;40,7;13,6;19,1;8,0;0;0;zayif;12,5;51,2;59,4;yukari;zayif;zayif;asagi;0,66;-0,36;1;20,5;0,49;3767347;17,93;AL;POZITIF;NOTR;POZITIF;AZALIYOR;SAT;SAT;NOTR;3;28.08.2026
OZRDN;izle;;40,5;21,0;14,5;5,1;0;0;zayif;9,3;43,1;37,9;yukari;zayif;zayif;asagi;1,00;-1,05;2;27,88;-0,21;6974182;25,42;AL;NEGATIF;NOTR;NEGATIF;AZALIYOR;SAT;AL;NOTR;2;28.08.2026
OTKAR;izle;;40,5;11,0;20,0;9,5;8;0;zayif;19,6;54,0;81,9;yukari;zayif;zayif;asagi;0,16;-0,15;0;327,5;-0,15;36142245;298,05;AL;POZITIF;NOTR;POZITIF;AZALIYOR;AL;SAT;UCUZ (AL);4;28.08.2026
ANSGR;izle;;40,1;24,0;9,9;6,2;32;2;zayif;12,1;44,0;21,3;yukari;zayif;zayif;asagi;0,66;-0,66;4;27,48;1,10;97384723;26,74;SAT;NEGATIF;NOTR;NEGATIF;AZALIYOR;SAT;AL;NOTR;1;28.08.2026
ICBCT;izle;;39,9;21,0;10,7;8,2;0;0;zayif;11,7;41,7;46,7;yukari;zayif;zayif;asagi;0,28;-0,79;2;20,1;-0,40;11264241;19,94;SAT;NEGATIF;NOTR;NEGATIF;AZALIYOR;SAT;AL;NOTR;1;28.08.2026
KLKIM;izle;;39,9;10,1;19,4;10,3;0;0;zayif;17,5;52,4;68,1;yukari;zayif;zayif;asagi;0,29;-0,56;1;27,46;-1,01;16073162;26,19;AL;POZITIF;NOTR;POZITIF;AZALIYOR;SAT;SAT;NOTR;3;28.08.2026
CWENE;izle;;39,5;13,2;14,3;12,0;0;0;zayif;13,5;46,8;50,6;asagi;zayif;zayif;yukari;0,18;-0,53;2;36,96;0,22;848166913;42,91;SAT;NEGATIF;NOTR;NEGATIF;AZALIYOR;AL;AL;NOTR;2;28.08.2026
BFREN;izle;;39,4;6,1;20,9;12,4;40;3;zayif;27,6;53,9;58,9;asagi;zayif;zayif;asagi;0,25;-0,08;0;131,4;0,69;7043828;134,63;AL;POZITIF;AL;POZITIF;AZALIYOR;AL;AL;UCUZ (AL);6;28.08.2026
DESA;izle;;39,4;11,6;19,3;8,5;0;0;zayif;21,3;52,0;57,8;yukari;zayif;zayif;asagi;0,21;-0,52;1;10,24;0,39;10531297;9,23;AL;POZITIF;AL;NEGATIF;AZALIYOR;AL;AL;NOTR;5;28.08.2026
GOLTS;izle;;39,3;15,0;18,6;5,6;0;0;zayif;31,7;50,5;63,8;yukari;zayif;zayif;asagi;0,40;-0,69;0;307;0,82;17069507;294,80;AL;POZITIF;AL;POZITIF;AZALIYOR;SAT;SAT;NOTR;4;28.08.2026
ELITE;izle;;39,2;5,2;16,0;18,0;10;1;zayif;25,3;46,6;47,3;asagi;zayif;zayif;asagi;2,37;-1,85;2;28,56;3,10;104081494;30,13;AL;NEGATIF;AL;POZITIF;ARTIYOR;AL;AL;NOTR;5;28.08.2026
ALGYO;izle;;39,0;11,1;19,9;8,0;8;0;zayif;19,9;55,5;68,7;yukari;guclu;yukselis;asagi;0,68;-1,36;1;3,75;1,35;64980083;3,34;AL;POZITIF;NOTR;POZITIF;AZALIYOR;AL;AL;NOTR;5;28.08.2026
ULKER;izle;;39,0;15,0;16,0;8,0;32;3;zayif;36,0;47,3;59,7;yukari;zayif;zayif;asagi;0,34;-1,76;0;91,45;-1,30;238235846;89,00;AL;NEGATIF;AL;POZITIF;AZALIYOR;AL;SAT;UCUZ (AL);4;28.08.2026
IHLAS;izle;;39,0;14,4;16,6;8,0;8;0;zayif;28,4;52,6;62,3;yukari;zayif;zayif;asagi;0,38;-1,39;0;1,09;2,83;50885151;0,99;AL;POZITIF;AL;POZITIF;AZALIYOR;AL;AL;UCUZ (AL);6;28.08.2026
AGYO;izle;;38,9;11,8;17,8;9,3;6;0;zayif;21,8;49,8;33,0;yukari;zayif;zayif;asagi;0,39;-0,74;3;7,5;0,67;712425;7,21;AL;NEGATIF;AL;POZITIF;AZALIYOR;AL;SAT;NOTR;4;28.08.2026
MARBL;izle;;38,8;3,3;23,0;12,5;0;0;zayif;18,0;59,4;75,9;asagi;zayif;zayif;asagi;0,43;0,54;1;12,78;1,19;7223767;13,00;AL;POZITIF;NOTR;POZITIF;AZALIYOR;AL;SAT;NOTR;4;28.08.2026
SKYLP;izle;;38,7;14,0;13,4;11,4;0;0;zayif;19,4;46,5;36,7;yukari;zayif;zayif;asagi;0,90;-0,92;2;249,4;3,19;13818506;224,44;SAT;NEGATIF;NOTR;NEGATIF;ARTIYOR;SAT;SAT;NOTR;0;28.08.2026
PRKME;izle;;37,9;11,6;18,3;8,0;0;0;zayif;21,2;47,8;56,4;yukari;zayif;zayif;asagi;0,26;-0,53;2;18,12;-1,58;17554638;16,33;AL;NEGATIF;AL;NEGATIF;AZALIYOR;AL;AL;NOTR;4;28.08.2026
TSKB;izle;;37,7;0,9;19,7;17,1;6;0;zayif;14,3;53,6;59,1;asagi;zayif;zayif;asagi;0,95;-0,17;3;11,29;1,53;157269994;11,64;AL;POZITIF;NOTR;POZITIF;ARTIYOR;AL;AL;UCUZ (AL);5;28.08.2026
ECILC;izle;;37,4;11,1;22,5;3,8;8;0;zayif;19,9;54,0;69,3;yukari;zayif;yukselis;asagi;0,41;-0,05;0;76,1;-0,52;149517627;70,03;AL;POZITIF;NOTR;POZITIF;AZALIYOR;SAT;SAT;NOTR;3;28.08.2026
TEKTU;izle;;37,1;2,4;16,7;18,0;0;0;zayif;18,3;51,2;72,6;asagi;zayif;zayif;asagi;1,66;-1,22;1;8,03;1,26;90355375;8,40;AL;POZITIF;NOTR;POZITIF;ARTIYOR;AL;SAT;UCUZ (AL);4;28.08.2026
ODINE;izle;;36,9;22,4;6,5;8,0;0;0;zayif;31,9;33,2;54,7;asagi;zayif;zayif;asagi;0,40;-2,00;2;1758;-5,94;468726750;2483,69;SAT;NEGATIF;SAT;NEGATIF;AZALIYOR;SAT;SAT;PAHALI (SAT);0;28.08.2026
AFYON;izle;;36,8;1,9;20,6;14,4;6;0;zayif;16,8;52,7;68,3;asagi;zayif;zayif;asagi;0,44;-0,09;3;12,77;0,55;8397054;13,12;AL;POZITIF;NOTR;POZITIF;AZALIYOR;AL;SAT;NOTR;4;28.08.2026
DGATE;izle;;36,5;21,2;11,3;4,0;0;0;zayif;13,5;43,6;48,3;yukari;zayif;zayif;asagi;0,54;-0,77;2;101,5;0,59;23610727;97,13;SAT;NEGATIF;NOTR;NEGATIF;AZALIYOR;SAT;SAT;NOTR;0;28.08.2026
DSTKF;izle;;36,4;15,2;13,2;8,0;0;0;zayif;28,0;42,4;73,8;asagi;zayif;zayif;asagi;0,01;-2,21;0;1965;-9,99;21153225;2370,64;AL;NEGATIF;SAT;POZITIF;ARTIYOR;SAT;SAT;NOTR;2;28.08.2026
BRKO;izle;;36,4;10,0;18,4;8,0;8;0;zayif;17,2;49,4;60,2;asagi;zayif;zayif;asagi;0,39;-0,47;2;11,99;-0,99;1910319;13,21;AL;NEGATIF;NOTR;NEGATIF;AZALIYOR;AL;SAT;NOTR;2;28.08.2026
KARSN;izle;;36,3;2,3;16,0;18,0;6;0;zayif;17,9;45,9;51,6;asagi;zayif;zayif;asagi;2,82;-2,20;3;9,77;5,39;371905660;10,15;AL;NEGATIF;NOTR;NEGATIF;ARTIYOR;AL;AL;NOTR;3;28.08.2026
AHSGY;izle;;36,2;10,3;17,6;8,4;10;0;zayif;8,1;45,1;58,2;asagi;zayif;zayif;asagi;0,23;-0,82;4;18,73;0,38;8532470;20,97;AL;NEGATIF;NOTR;NEGATIF;AZALIYOR;SAT;SAT;NOTR;1;28.08.2026
FLAP;izle;;36,2;7,6;22,4;6,1;6;0;zayif;24,6;55,5;67,4;asagi;zayif;yukselis;asagi;0,83;0,05;3;10,97;-0,27;8176621;11,32;AL;POZITIF;AL;POZITIF;ARTIYOR;AL;AL;NOTR;6;28.08.2026
IHGZT;izle;;36,2;3,2;20,6;12,4;0;0;zayif;20,1;59,7;77,1;asagi;zayif;zayif;asagi;0,84;-0,04;0;1,25;5,04;18174351;1,26;AL;POZITIF;AL;POZITIF;ARTIYOR;AL;AL;UCUZ (AL);6;28.08.2026
SEKUR;izle;;36,1;20,6;7,4;8,0;28;2;zayif;16,8;39,2;44,1;asagi;zayif;zayif;yukari;0,47;-0,94;3;9,8;-2,97;10826236;11,78;SAT;NEGATIF;NOTR;NEGATIF;AZALIYOR;SAT;SAT;NOTR;0;28.08.2026
MOBTL;izle;;36,0;14,3;13,7;8,1;22;2;zayif;15,3;46,5;41,2;asagi;zayif;zayif;asagi;0,52;-0,79;2;13,31;0,00;31802581;14,35;SAT;NEGATIF;NOTR;NEGATIF;AZALIYOR;AL;AL;NOTR;2;28.08.2026
HATEK;izle;;35,8;11,0;16,8;8,0;22;2;zayif;19,6;48,9;57,2;yukari;zayif;zayif;asagi;0,53;-1,15;1;13,14;2,02;25707530;11,48;AL;NEGATIF;NOTR;POZITIF;AZALIYOR;AL;SAT;UCUZ (AL);3;28.08.2026
VKGYO;izle;;35,7;2,2;13,4;20,2;0;0;zayif;27,9;43,0;54,2;asagi;zayif;zayif;asagi;1,33;-2,00;2;1,92;0,52;40840224;2,01;AL;NEGATIF;SAT;NEGATIF;AZALIYOR;AL;SAT;NOTR;2;28.08.2026
BANVT;izle;;35,7;11,5;18,0;6,1;0;0;zayif;21,1;47,1;56,4;yukari;zayif;zayif;asagi;0,40;-0,64;2;157;-0,06;7142872;152,42;AL;NEGATIF;AL;NEGATIF;AZALIYOR;AL;AL;NOTR;4;28.08.2026
SELVA;izle;;35,6;12,1;13,6;10,0;6;0;zayif;22,4;43,6;69,8;yukari;zayif;zayif;asagi;1,59;-2,09;3;1,72;-0,58;86771088;1,64;AL;NEGATIF;AL;NEGATIF;ARTIYOR;AL;AL;NOTR;4;28.08.2026
ECZYT;izle;;35,6;6,9;18,1;10,6;40;4;zayif;11,0;46,8;54,0;asagi;zayif;zayif;asagi;0,32;-0,75;1;319;-0,93;38699166;346,95;AL;NEGATIF;NOTR;NEGATIF;AZALIYOR;SAT;SAT;NOTR;1;28.08.2026
ISKPL;izle;;35,4;1,7;25,7;8,0;0;0;zayif;16,5;56,2;70,8;asagi;guclu;yukselis;asagi;0,36;-0,34;0;8,64;-1,26;180008162;8,78;AL;POZITIF;NOTR;POZITIF;AZALIYOR;AL;AL;NOTR;5;28.08.2026
DERHL;izle;;35,4;14,1;13,3;8,0;0;0;zayif;27,6;42,6;58,4;yukari;zayif;zayif;asagi;0,34;-1,84;1;2,18;-1,80;19180257;2,05;AL;NEGATIF;AL;NEGATIF;AZALIYOR;SAT;SAT;NOTR;2;28.08.2026
NUHCM;izle;;35,3;2,3;19,2;13,8;6;0;zayif;18,0;49,2;36,5;asagi;zayif;zayif;asagi;0,67;-0,52;3;219,1;-0,18;9312846;229,90;AL;NEGATIF;NOTR;POZITIF;AZALIYOR;AL;AL;NOTR;4;28.08.2026
TUKAS;izle;;35,2;1,8;16,8;16,5;0;0;zayif;25,1;53,3;56,7;asagi;zayif;zayif;asagi;1,13;-1,14;2;2,06;1,98;116632787;2,12;AL;POZITIF;SAT;POZITIF;ARTIYOR;AL;AL;UCUZ (AL);5;28.08.2026
PNLSN;izle;;34,9;12,0;12,3;10,6;0;0;zayif;14,5;45,1;62,0;yukari;zayif;zayif;asagi;0,48;-0,85;0;43,12;0,09;22684052;40,62;SAT;NEGATIF;NOTR;POZITIF;AZALIYOR;SAT;SAT;NOTR;1;28.08.2026
ICUGS;izle;;34,9;13,0;9,6;12,3;6;0;zayif;10,2;41,7;57,3;asagi;zayif;zayif;yukari;0,71;-0,81;3;5,25;-2,05;33947503;6,08;SAT;NEGATIF;NOTR;NEGATIF;AZALIYOR;SAT;SAT;NOTR;0;28.08.2026
ENSRI;izle;;34,6;8,6;16,0;10,0;18;0;zayif;13,5;50,0;40,3;yukari;zayif;zayif;asagi;5,21;-3,68;3;5,59;-8,96;683846026;5,16;AL;POZITIF;NOTR;POZITIF;ARTIYOR;AL;SAT;UCUZ (AL);4;28.08.2026
KLNMA;izle;;34,5;8,0;16,5;10,1;0;0;zayif;8,5;46,5;51,7;yukari;zayif;zayif;asagi;0,33;-1,31;1;8,94;-1,22;402577;8,79;AL;NEGATIF;NOTR;NEGATIF;AZALIYOR;AL;SAT;NOTR;2;28.08.2026
BIGCH;izle;;34,5;0,0;17,6;16,9;0;0;zayif;7,5;48,9;52,1;asagi;zayif;zayif;asagi;1,24;-0,81;2;6,37;1,43;53754245;6,77;AL;NEGATIF;NOTR;POZITIF;ARTIYOR;AL;AL;UCUZ (AL);4;28.08.2026
GRTHO;izle;;34,5;0,7;18,3;15,5;0;0;zayif;16,8;49,0;38,5;asagi;zayif;zayif;asagi;0,94;-0,50;2;229,3;3,15;152867202;242,88;AL;NEGATIF;NOTR;POZITIF;ARTIYOR;AL;AL;NOTR;4;28.08.2026
GOZDE;izle;;34,5;14,6;11,7;8,2;0;0;zayif;17,3;44,0;25,3;asagi;zayif;zayif;asagi;0,12;-0,65;1;22,5;-0,53;5765558;25,17;SAT;NEGATIF;NOTR;NEGATIF;AZALIYOR;SAT;AL;NOTR;1;28.08.2026
ONCSM;izle;;34,4;7,0;17,8;9,5;0;0;zayif;15,2;47,0;79,0;asagi;zayif;zayif;asagi;0,44;-0,72;2;247,1;-3,19;59366022;265,53;AL;NEGATIF;NOTR;POZITIF;AZALIYOR;AL;SAT;NOTR;3;28.08.2026
EGSER;izle;;34,2;4,7;19,9;9,5;0;0;zayif;24,1;51,9;79,3;asagi;zayif;zayif;asagi;0,23;-0,16;0;3,01;-1,63;2428013;3,13;AL;POZITIF;AL;POZITIF;AZALIYOR;AL;SAT;NOTR;5;28.08.2026
DOFER;izle;;34,1;8,0;17,0;9,1;0;0;zayif;11,8;46,8;76,4;yukari;zayif;zayif;asagi;0,26;-1,08;0;29,16;0,34;5697485;27,00;AL;NEGATIF;NOTR;NEGATIF;AZALIYOR;SAT;SAT;UCUZ (AL);1;28.08.2026
IHEVA;izle;;34,1;4,7;18,0;11,5;0;0;zayif;24,0;49,3;52,5;asagi;zayif;zayif;asagi;0,43;-0,81;2;2;0,00;904548;2,09;AL;NEGATIF;AL;NEGATIF;AZALIYOR;AL;AL;UCUZ (AL);4;28.08.2026
AYCES;izle;;34,0;0,0;16,0;18,0;6;0;zayif;11,8;52,2;70,3;asagi;zayif;zayif;asagi;2,57;-1,61;3;479,25;6,74;140633996;489,81;AL;POZITIF;NOTR;NEGATIF;ARTIYOR;AL;AL;NOTR;4;28.08.2026
NTHOL;izle;;33,9;12,2;10,1;11,7;40;5;zayif;12,0;43,2;41,6;asagi;zayif;zayif;asagi;0,23;-0,47;2;43,38;0,18;19894155;46,99;SAT;NEGATIF;NOTR;NEGATIF;AZALIYOR;SAT;SAT;NOTR;0;28.08.2026
BIZIM;izle;;33,7;5,6;18,4;9,6;6;0;zayif;26,5;50,3;63,7;asagi;zayif;zayif;asagi;0,22;-0,64;3;24,6;-0,16;1584634;25,28;AL;POZITIF;AL;POZITIF;AZALIYOR;AL;SAT;NOTR;5;28.08.2026
AKSEN;izle;;33,0;14,3;10,6;8,0;0;0;zayif;21,9;43,7;74,0;asagi;zayif;zayif;asagi;0,21;-1,06;1;83,7;0,36;228081579;93,81;SAT;NEGATIF;SAT;NEGATIF;AZALIYOR;AL;AL;NOTR;2;28.08.2026
ULAS;izle;;32,9;11,7;13,3;8,0;0;0;zayif;21,4;42,6;65,3;yukari;zayif;zayif;asagi;0,41;-2,08;1;21,34;-0,09;2084491;19,75;AL;NEGATIF;AL;NEGATIF;AZALIYOR;SAT;SAT;NOTR;2;28.08.2026
AVOD;izle;;32,7;7,0;17,7;8,0;0;0;zayif;30,3;47,7;70,5;asagi;zayif;zayif;asagi;0,29;-0,77;1;3,93;0,00;4898069;4,16;AL;NEGATIF;AL;NEGATIF;AZALIYOR;SAT;SAT;NOTR;2;28.08.2026
TEHOL;izle;;32,5;22,4;0,0;10,0;10;1;zayif;68,5;17,5;20,1;asagi;zayif;zayif;asagi;8,53;-4,01;2;33,16;-1,60;14949039692;40,79;SAT;NEGATIF;SAT;NEGATIF;ARTIYOR;SAT;AL;NOTR;1;28.08.2026
ASGYO;izle;;32,4;5,1;17,6;9,8;0;0;zayif;24,0;47,9;59,1;asagi;zayif;zayif;asagi;0,53;-0,82;0;11,21;0,36;18015939;11,76;AL;NEGATIF;AL;POZITIF;AZALIYOR;SAT;SAT;NOTR;3;28.08.2026
RUZYE;izle;;32,4;12,8;19,7;0,0;0;0;zayif;24,2;52,8;63,5;yukari;zayif;zayif;asagi;0,19;-0,52;0;9,18;0,33;11811475;8,09;AL;POZITIF;AL;POZITIF;AZALIYOR;SAT;SAT;UCUZ (AL);4;28.08.2026
TMSN;izle;;32,3;0,6;13,7;18,0;0;0;zayif;13,4;44,1;58,3;asagi;zayif;zayif;asagi;2,38;-2,22;2;77,1;1,51;94741945;81,05;AL;NEGATIF;NOTR;NEGATIF;ARTIYOR;AL;AL;UCUZ (AL);3;28.08.2026
ISCTR;izle;;32,2;5,3;17,7;9,3;0;0;zayif;25,6;51,5;50,7;asagi;zayif;zayif;asagi;0,45;-0,77;0;12,8;0,39;3483465702;13,05;AL;POZITIF;AL;POZITIF;AZALIYOR;AL;SAT;NOTR;5;28.08.2026
SRVGY;izle;;32,1;5,9;18,1;8,1;8;0;zayif;27,2;53,5;83,1;asagi;zayif;zayif;asagi;0,34;-0,83;2;2,59;1,17;18102810;2,61;AL;POZITIF;AL;POZITIF;AZALIYOR;AL;SAT;UCUZ (AL);5;28.08.2026
ALKA;izle;;31,7;1,5;16,2;14,0;0;0;zayif;15,9;50,0;60,4;asagi;zayif;zayif;asagi;1,00;-1,40;1;8,43;0,48;23823290;8,81;AL;NEGATIF;NOTR;POZITIF;ARTIYOR;AL;AL;NOTR;4;28.08.2026
PENTA;izle;;31,6;0,6;21,3;9,7;0;0;zayif;13,6;53,9;59,5;asagi;zayif;zayif;asagi;0,67;-0,05;0;13,55;-1,53;16369620;13,99;AL;POZITIF;NOTR;POZITIF;AZALIYOR;AL;AL;NOTR;5;28.08.2026
TOASO;izle;;31,6;6,3;17,3;8,0;0;0;zayif;19,6;47,7;72,1;asagi;zayif;zayif;asagi;0,45;-0,93;0;273,75;0,09;446096978;292,97;AL;NEGATIF;NOTR;POZITIF;AZALIYOR;AL;SAT;NOTR;3;28.08.2026
SANKO;izle;;31,5;11,5;16,0;4,0;32;3;zayif;21,1;45,2;32,0;yukari;zayif;zayif;asagi;0,38;-1,72;0;18,85;-0,11;3797879;17,51;AL;NEGATIF;AL;POZITIF;AZALIYOR;AL;SAT;NOTR;4;28.08.2026
CIMSA;izle;;31,4;0,5;18,4;12,5;0;0;zayif;13,3;51,3;58,7;asagi;zayif;zayif;asagi;0,57;-0,64;1;46,46;0,65;236679738;48,89;AL;POZITIF;NOTR;POZITIF;AZALIYOR;AL;SAT;NOTR;4;28.08.2026
SUNTK;izle;;31,3;11,5;11,8;8,0;6;0;zayif;19,2;43,0;51,4;asagi;zayif;zayif;asagi;0,18;-0,55;3;36,62;-0,22;19133584;45,35;SAT;NEGATIF;NOTR;NEGATIF;AZALIYOR;SAT;AL;NOTR;1;28.08.2026
PLTUR;izle;;31,1;3,6;17,1;10,4;0;0;zayif;21,1;46,9;56,4;asagi;zayif;zayif;asagi;0,40;-1,02;2;20,82;-1,33;27257815;23,82;AL;NEGATIF;AL;POZITIF;AZALIYOR;AL;SAT;NOTR;4;28.08.2026
MTRYO;izle;;30,5;4,7;17,7;8,0;10;1;zayif;24,1;48,0;43,1;asagi;zayif;zayif;asagi;0,29;-0,75;0;9,15;-0,76;876808;9,63;AL;NEGATIF;AL;POZITIF;AZALIYOR;AL;SAT;NOTR;4;28.08.2026
OYYAT;izle;;30,4;4,6;17,8;8,0;8;0;zayif;23,8;55,3;86,3;asagi;zayif;zayif;asagi;0,54;-0,92;0;37,34;1,30;8537791;37,66;AL;POZITIF;AL;POZITIF;AZALIYOR;AL;AL;NOTR;6;28.08.2026
HOROZ;izle;;30,3;12,2;18,1;0,0;0;0;zayif;22,8;46,8;53,5;yukari;zayif;zayif;asagi;0,34;-0,59;1;61,3;-1,68;56356952;58,38;AL;NEGATIF;AL;NEGATIF;AZALIYOR;SAT;SAT;NOTR;2;28.08.2026
CMBTN;izle;;30,1;4,2;17,9;8,0;0;0;zayif;22,8;46,5;52,7;asagi;zayif;zayif;asagi;0,46;-0,69;1;1556;0,06;19176144;1711,33;AL;NEGATIF;AL;NEGATIF;AZALIYOR;SAT;SAT;UCUZ (AL);2;28.08.2026
GLCVY;izle;;30,0;2,2;17,8;10,0;0;0;zayif;17,7;50,4;52,1;asagi;zayif;zayif;asagi;0,52;-0,74;0;52,75;-0,38;19076721;55,12;AL;POZITIF;NOTR;POZITIF;ARTIYOR;AL;SAT;UCUZ (AL);4;28.08.2026
KLMSN;izle;;29,9;13,3;16,6;0,0;10;1;zayif;25,7;46,1;35,1;yukari;zayif;zayif;asagi;0,38;-1,26;0;28,76;0,28;7879492;26,86;AL;NEGATIF;AL;NEGATIF;AZALIYOR;SAT;SAT;NOTR;2;28.08.2026
BEGYO;izle;;29,7;4,0;16,9;8,8;8;0;zayif;22,3;49,8;67,0;asagi;zayif;zayif;asagi;0,30;-1,12;1;3,63;0,00;4637205;3,76;AL;NEGATIF;AL;POZITIF;AZALIYOR;AL;AL;UCUZ (AL);5;28.08.2026
TLMAN;izle;;29,7;4,6;17,0;8,0;0;0;zayif;23,9;50,1;63,9;asagi;zayif;zayif;asagi;0,62;-1,06;1;82,2;0,18;8771315;85,09;AL;POZITIF;AL;POZITIF;AZALIYOR;AL;SAT;UCUZ (AL);5;28.08.2026
GARFA;izle;;29,6;1,6;19,0;9,1;0;0;zayif;9,9;53,4;65,9;asagi;zayif;zayif;asagi;0,34;-0,37;1;27,3;0,74;10626552;28,60;AL;POZITIF;NOTR;POZITIF;AZALIYOR;AL;AL;NOTR;5;28.08.2026
SAMAT;izle;;29,5;2,8;17,2;9,6;8;0;zayif;19,3;48,0;41,2;asagi;zayif;zayif;asagi;0,79;-1,00;1;5,5;2,04;5767592;6,00;AL;NEGATIF;NOTR;POZITIF;AZALIYOR;AL;AL;NOTR;4;28.08.2026
SASA;izle;;29,5;0,4;18,0;11,1;0;0;zayif;14,8;50,0;54,3;asagi;zayif;zayif;asagi;0,47;-0,63;1;2,41;1,26;2849414751;2,59;AL;POZITIF;NOTR;POZITIF;AZALIYOR;AL;AL;NOTR;5;28.08.2026
A1YEN;izle;;29,4;1,9;19,5;8,0;8;0;zayif;16,9;52,9;67,6;asagi;zayif;zayif;asagi;0,46;-0,40;1;2,85;0,00;29232268;2,98;AL;POZITIF;NOTR;POZITIF;AZALIYOR;AL;AL;NOTR;5;28.08.2026
YYLGD;izle;;29,3;8,8;16,6;4,0;10;1;zayif;14,0;46,8;44,7;yukari;zayif;zayif;asagi;0,21;-1,25;1;10,23;0,39;16913985;10,00;AL;NEGATIF;NOTR;NEGATIF;AZALIYOR;SAT;SAT;NOTR;1;28.08.2026
GEDIK;izle;;29,3;11,2;18,1;0,0;0;0;zayif;22,9;45,6;77,5;asagi;zayif;zayif;asagi;0,24;-0,62;1;6,33;1,44;33473198;7,05;AL;NEGATIF;AL;POZITIF;AZALIYOR;SAT;SAT;NOTR;3;28.08.2026
TDGYO;izle;;29,2;9,1;9,7;10,5;10;1;zayif;22,6;42,9;30,7;asagi;zayif;zayif;asagi;0,75;-0,66;1;16,12;-1,71;9440614;18,13;SAT;NEGATIF;AL;NEGATIF;AZALIYOR;SAT;SAT;UCUZ (AL);1;28.08.2026
KLSER;izle;;28,8;3,5;16,3;9,1;10;1;zayif;20,9;45,2;59,9;asagi;zayif;zayif;asagi;0,30;-1,38;0;24,66;-0,40;10748184;26,04;AL;NEGATIF;AL;NEGATIF;AZALIYOR;SAT;SAT;NOTR;2;28.08.2026
ADESE;izle;;28,8;7,0;16,7;5,1;0;0;zayif;30,2;47,8;60,7;asagi;zayif;zayif;asagi;0,96;-1,20;0;0,87;1,16;99475062;0,93;AL;NEGATIF;AL;POZITIF;ARTIYOR;AL;AL;UCUZ (AL);5;28.08.2026
OBASE;izle;;28,6;5,1;9,5;14,0;6;0;zayif;14,7;41,5;32,0;asagi;zayif;zayif;asagi;1,53;-1,27;3;37,36;-3,21;40298812;42,16;SAT;NEGATIF;NOTR;NEGATIF;ARTIYOR;AL;AL;NOTR;2;28.08.2026
AKENR;izle;;28,4;2,9;17,6;8,0;10;1;zayif;19,3;48,0;70,9;asagi;zayif;zayif;asagi;0,58;-0,83;0;10,47;1,16;61413994;11,26;AL;NEGATIF;NOTR;NEGATIF;AZALIYOR;SAT;SAT;NOTR;1;28.08.2026
IHAAS;izle;;28,4;9,4;16,9;2,1;6;0;zayif;22,4;46,8;51,2;yukari;zayif;zayif;asagi;0,83;-1,12;3;55,2;2,22;61450241;51,22;AL;NEGATIF;SAT;NEGATIF;AZALIYOR;SAT;SAT;NOTR;1;28.08.2026
GRSEL;izle;;28,3;13,2;8,1;7,0;0;0;zayif;24,4;36,7;14,1;asagi;zayif;zayif;asagi;0,21;-1,24;1;315,75;0,08;20843605;342,68;SAT;NEGATIF;SAT;NEGATIF;AZALIYOR;SAT;SAT;NOTR;0;28.08.2026
BASGZ;izle;;28,3;8,7;17,7;1,9;22;2;zayif;22,0;49,3;55,3;asagi;zayif;zayif;asagi;0,31;-0,77;2;44,58;0,86;5002366;46,46;AL;NEGATIF;AL;POZITIF;AZALIYOR;AL;SAT;NOTR;4;28.08.2026
KOPOL;izle;;28,3;2,8;17,5;8,0;0;0;zayif;19,1;46,9;73,4;asagi;zayif;zayif;asagi;0,44;-0,84;1;5,7;0,53;29741802;6,06;AL;NEGATIF;NOTR;POZITIF;AZALIYOR;SAT;SAT;NOTR;2;28.08.2026
CEMTS;izle;;27,6;1,1;16,0;10,4;38;3;zayif;14,9;47,3;58,1;asagi;zayif;zayif;asagi;0,49;-1,53;3;8,96;0,45;6623653;9,43;AL;NEGATIF;NOTR;POZITIF;AZALIYOR;AL;AL;UCUZ (AL);4;28.08.2026
KMPUR;izle;;27,5;19,0;7,3;1,2;0;0;zayif;21,8;41,2;42,2;asagi;zayif;zayif;asagi;0,28;-0,90;2;19,59;-0,56;18762479;22,70;SAT;NEGATIF;SAT;NEGATIF;AZALIYOR;SAT;SAT;NOTR;0;28.08.2026
SMRVA;izle;;27,4;3,4;16,0;8,0;8;0;zayif;20,8;46,5;61,2;asagi;zayif;zayif;asagi;0,39;-1,70;1;11,74;0,95;60575160;12,73;AL;NEGATIF;AL;NEGATIF;AZALIYOR;AL;AL;UCUZ (AL);4;28.08.2026
VAKFN;izle;;27,4;2,4;16,0;9,0;0;0;zayif;33,9;46,6;58,9;asagi;zayif;zayif;asagi;0,67;-1,86;1;1,2;0,84;34762176;1,26;AL;NEGATIF;SAT;POZITIF;AZALIYOR;AL;AL;UCUZ (AL);4;28.08.2026
EKOS;izle;;27,4;3,2;16,0;8,1;0;0;zayif;20,3;46,3;65,6;asagi;zayif;zayif;asagi;0,71;-1,60;0;5,6;0,00;39321128;6,02;AL;NEGATIF;AL;POZITIF;AZALIYOR;AL;AL;NOTR;5;28.08.2026
IHLGM;izle;;27,3;2,7;16,7;8,0;0;0;zayif;18,9;54,0;83,6;asagi;zayif;zayif;asagi;0,65;-1,21;1;1,63;3,16;27231088;1,69;AL;POZITIF;NOTR;POZITIF;ARTIYOR;AL;AL;UCUZ (AL);5;28.08.2026
MAKIM;izle;;27,0;9,5;17,5;0,0;0;0;zayif;15,9;46,8;76,1;yukari;zayif;zayif;asagi;0,52;-0,86;2;16,38;-0,73;9932799;15,53;AL;NEGATIF;NOTR;POZITIF;ARTIYOR;AL;SAT;NOTR;3;28.08.2026
AKFGY;izle;;27,0;8,9;13,0;5,1;0;0;zayif;18,4;41,6;40,3;yukari;zayif;zayif;asagi;0,35;-1,63;2;2,6;0,00;18211905;2,55;AL;NEGATIF;NOTR;NEGATIF;AZALIYOR;SAT;SAT;NOTR;1;28.08.2026
DESPC;izle;;26,9;4,4;18,6;4,0;0;0;zayif;23,2;49,5;80,5;asagi;zayif;zayif;asagi;0,20;-0,39;1;41,46;-1,05;6417801;46,45;AL;NEGATIF;AL;POZITIF;AZALIYOR;AL;SAT;NOTR;4;28.08.2026
CUSAN;izle;;26,9;7,6;11,4;8,0;16;1;zayif;23,8;43,9;52,1;asagi;zayif;zayif;asagi;0,23;-0,78;3;23,72;0,59;14690555;27,26;SAT;NEGATIF;AL;NEGATIF;AZALIYOR;SAT;AL;NOTR;2;28.08.2026
ZEDUR;izle;;26,9;2,4;16,4;8,0;0;0;zayif;32,3;48,9;68,1;asagi;zayif;zayif;asagi;0,61;-1,31;1;8,04;0,75;8128697;8,49;AL;NEGATIF;SAT;POZITIF;AZALIYOR;AL;AL;NOTR;4;28.08.2026
PKENT;izle;;26,9;2,3;16,0;8,6;8;0;zayif;17,9;46,2;43,6;asagi;zayif;zayif;asagi;0,57;-1,80;2;127,4;1,03;10008289;136,60;AL;NEGATIF;NOTR;NEGATIF;AZALIYOR;AL;AL;UCUZ (AL);3;28.08.2026
ULUFA;izle;;26,9;0,7;17,4;8,8;0;0;zayif;17,1;49,3;51,8;asagi;zayif;zayif;asagi;0,61;-0,90;2;1,71;2,40;30543004;1,85;AL;NEGATIF;NOTR;NEGATIF;ARTIYOR;SAT;AL;NOTR;2;28.08.2026
LIDFA;izle;;26,8;0,9;17,9;8,0;0;0;zayif;12,8;51,9;55,4;asagi;zayif;zayif;asagi;0,49;-0,68;2;2,76;1,10;14551057;2,93;AL;POZITIF;NOTR;POZITIF;AZALIYOR;AL;AL;NOTR;5;28.08.2026
THYAO;izle;;26,8;6,3;17,4;3,1;0;0;zayif;14,1;45,7;48,1;asagi;zayif;zayif;asagi;0,40;-0,90;2;305,25;-0,65;5737286082;321,77;AL;NEGATIF;NOTR;NEGATIF;AZALIYOR;AL;AL;NOTR;3;28.08.2026
SERNT;izle;;26,8;2,8;16,0;8,0;0;0;zayif;19,1;45,0;57,7;asagi;zayif;zayif;asagi;0,53;-1,71;2;7,97;0,25;14072757;8,46;AL;NEGATIF;NOTR;POZITIF;AZALIYOR;AL;SAT;NOTR;3;28.08.2026
MNDTR;izle;;26,8;1,8;13,3;11,6;10;0;zayif;25,2;42,7;54,9;asagi;zayif;zayif;asagi;1,35;-1,84;4;5,07;1,81;13379882;5,37;AL;NEGATIF;SAT;NEGATIF;ARTIYOR;AL;AL;UCUZ (AL);3;28.08.2026
LILAK;izle;;26,7;1,8;16,8;8,0;0;0;zayif;16,7;49,6;46,5;asagi;zayif;zayif;asagi;0,48;-1,14;2;30,16;1,00;39077950;31,00;AL;NEGATIF;NOTR;POZITIF;AZALIYOR;AL;SAT;NOTR;3;28.08.2026
SMART;izle;;26,7;2,7;16,0;8,0;0;0;zayif;18,8;48,1;67,8;asagi;zayif;zayif;asagi;0,45;-1,61;0;24,74;-1,04;12103897;26,43;AL;NEGATIF;NOTR;NEGATIF;AZALIYOR;AL;AL;NOTR;3;28.08.2026
SKTAS;izle;;26,4;4,8;13,6;8,0;0;0;zayif;24,3;42,1;51,6;asagi;zayif;zayif;asagi;0,35;-1,29;2;3,17;0,00;12218908;3,49;AL;NEGATIF;AL;NEGATIF;AZALIYOR;SAT;SAT;NOTR;2;28.08.2026
ONRYT;izle;;26,4;0,0;18,4;8,0;0;0;zayif;6,7;49,5;58,2;asagi;zayif;zayif;asagi;0,52;-0,52;0;60,55;-0,08;30631034;64,39;AL;NEGATIF;NOTR;POZITIF;AZALIYOR;SAT;SAT;NOTR;2;28.08.2026
QUAGR;izle;;26,4;0,5;17,8;8,0;0;0;zayif;13,4;48,5;67,2;asagi;zayif;zayif;asagi;0,67;-0,71;1;3,4;0,00;87323526;3,63;AL;NEGATIF;NOTR;POZITIF;AZALIYOR;AL;AL;NOTR;4;28.08.2026
BEYAZ;izle;;26,3;8,0;13,9;4,4;22;2;zayif;10,6;44,5;39,6;yukari;zayif;zayif;asagi;0,51;-1,56;1;23,4;0,86;8768097;22,77;AL;NEGATIF;NOTR;NEGATIF;AZALIYOR;AL;AL;NOTR;3;28.08.2026
KAPLM;izle;;26,2;4,6;13,6;8,0;0;0;zayif;24,0;43,6;46,4;asagi;zayif;zayif;asagi;0,63;-1,95;2;426,75;-1,39;24085343;476,78;AL;NEGATIF;SAT;NEGATIF;AZALIYOR;AL;AL;NOTR;3;28.08.2026
HLGYO;izle;;26,1;5,4;12,7;8,0;0;0;zayif;43,7;40,6;59,8;asagi;zayif;zayif;asagi;0,66;-3,42;1;4,46;0,22;65862894;4,67;AL;NEGATIF;SAT;NEGATIF;AZALIYOR;AL;SAT;NOTR;2;28.08.2026
GOODY;izle;;26,1;10,0;12,1;4,0;0;0;zayif;17,3;45,5;74,0;yukari;zayif;zayif;asagi;0,14;-0,89;2;2,63;0,77;13423386;2,60;SAT;NEGATIF;NOTR;NEGATIF;AZALIYOR;SAT;SAT;NOTR;0;28.08.2026
ARENA;izle;;26,0;2,0;16,0;8,0;0;0;zayif;17,2;45,3;74,4;asagi;zayif;zayif;asagi;0,40;-2,04;1;21,6;0,47;9854482;23,39;AL;NEGATIF;NOTR;POZITIF;AZALIYOR;AL;AL;NOTR;4;28.08.2026
EUREN;izle;;26,0;0,0;16,0;10,0;0;0;zayif;11,2;50,9;52,8;asagi;zayif;zayif;asagi;0,80;-1,54;1;3,96;1,54;67181824;4,10;AL;POZITIF;NOTR;POZITIF;AZALIYOR;AL;SAT;UCUZ (AL);4;28.08.2026
ISSEN;izle;;25,9;0,2;17,7;8,0;0;0;zayif;12,5;51,0;52,0;asagi;zayif;zayif;asagi;0,48;-0,86;2;7,02;0,86;3050148;7,43;AL;POZITIF;NOTR;POZITIF;AZALIYOR;AL;AL;NOTR;5;28.08.2026
MEDTR;izle;;25,8;4,1;16,5;5,3;0;0;zayif;22,4;48,1;55,2;asagi;zayif;zayif;asagi;0,26;-1,30;1;25,82;0,23;1868413;26,93;AL;NEGATIF;AL;POZITIF;AZALIYOR;AL;AL;NOTR;5;28.08.2026
MAGEN;izle;;25,8;0,8;9,3;15,7;0;0;zayif;18,1;42,7;40,6;asagi;zayif;zayif;asagi;1,16;-2,17;2;33,92;1,19;570641519;37,68;SAT;NEGATIF;NOTR;NEGATIF;AZALIYOR;SAT;AL;NOTR;1;28.08.2026
CONSE;izle;;25,8;1,6;16,0;8,2;6;0;zayif;16,0;46,0;60,4;asagi;zayif;zayif;asagi;0,71;-2,47;3;2,31;1,32;9834428;2,44;AL;NEGATIF;NOTR;POZITIF;ARTIYOR;AL;AL;UCUZ (AL);4;28.08.2026
BRMEN;izle;;25,5;20,9;4,5;0,0;6;0;zayif;18,9;36,6;10,9;asagi;zayif;zayif;asagi;0,19;-2,11;3;14,28;-1,45;758654;16,61;SAT;NEGATIF;NOTR;NEGATIF;AZALIYOR;SAT;SAT;NOTR;0;28.08.2026
AKYHO;izle;;25,4;2,4;12,3;10,7;0;0;zayif;18,2;39,3;39,7;asagi;zayif;zayif;asagi;1,05;-1,94;1;2,21;-0,90;2185398;2,43;AL;NEGATIF;NOTR;NEGATIF;AZALIYOR;SAT;SAT;UCUZ (AL);1;28.08.2026
GRNYO;izle;;25,4;9,8;12,1;3,5;10;0;zayif;25,0;38,7;20,3;yukari;zayif;zayif;asagi;0,91;-2,51;4;13,7;0,00;3515256;13,21;AL;NEGATIF;SAT;NEGATIF;AZALIYOR;SAT;SAT;NOTR;1;28.08.2026
HDFGS;izle;;25,3;0,0;17,3;8,0;0;0;zayif;10,7;47,5;51,0;asagi;zayif;zayif;asagi;0,42;-0,93;1;2,54;0,00;58745625;2,81;AL;NEGATIF;NOTR;POZITIF;AZALIYOR;AL;AL;NOTR;4;28.08.2026
BRISA;izle;;25,3;4,2;13,1;8,0;6;0;zayif;22,8;42,1;47,1;asagi;zayif;zayif;asagi;0,29;-1,68;3;78,15;0,06;4805287;84,12;AL;NEGATIF;AL;NEGATIF;AZALIYOR;SAT;SAT;NOTR;2;28.08.2026
EUYO;izle;;25,2;8,4;8,8;8,0;10;1;zayif;14,9;40,8;46,6;yukari;zayif;zayif;asagi;0,28;-1,48;1;4,94;0,00;1846557;4,67;SAT;NEGATIF;NOTR;NEGATIF;AZALIYOR;SAT;AL;NOTR;1;28.08.2026
BRYAT;izle;;24,9;2,5;13,9;8,5;0;0;zayif;18,4;44,8;50,1;asagi;zayif;zayif;asagi;0,41;-1,74;1;1709;0,06;55901390;1872,38;AL;NEGATIF;NOTR;NEGATIF;AZALIYOR;SAT;SAT;UCUZ (AL);1;28.08.2026
SUWEN;izle;;24,9;0,3;16,6;8,0;0;0;zayif;12,8;45,2;37,8;asagi;zayif;zayif;asagi;0,43;-1,26;2;6,41;0,63;15741338;7,29;AL;NEGATIF;NOTR;NEGATIF;AZALIYOR;SAT;SAT;UCUZ (AL);1;28.08.2026
DZGYO;izle;;24,9;0,9;16,0;8,0;0;0;zayif;14,3;47,2;70,6;asagi;zayif;zayif;asagi;0,21;-1,53;1;7,3;0,14;1689884;7,60;AL;NEGATIF;NOTR;NEGATIF;AZALIYOR;AL;AL;NOTR;3;28.08.2026
TURGG;izle;;24,8;4,0;19,0;1,8;22;2;zayif;22,3;49,7;66,6;asagi;zayif;zayif;asagi;0,20;-0,63;1;27,14;0,22;1932069;28,01;AL;NEGATIF;AL;NEGATIF;AZALIYOR;SAT;SAT;NOTR;2;28.08.2026
MEGAP;izle;;24,8;9,1;11,6;4,0;0;0;zayif;20,2;37,2;32,2;yukari;zayif;zayif;asagi;0,49;-4,95;1;1,76;0,57;551431;1,70;AL;NEGATIF;SAT;NEGATIF;AZALIYOR;SAT;SAT;UCUZ (AL);1;28.08.2026
LOGO;izle;;24,8;0,0;20,0;4,8;32;3;zayif;11,4;50,2;49,6;asagi;zayif;zayif;asagi;0,39;-0,36;1;136,8;-0,36;32849784;143,73;AL;POZITIF;NOTR;POZITIF;AZALIYOR;SAT;SAT;NOTR;3;28.08.2026
DITAS;izle;;24,7;0,7;16,0;8,0;8;0;zayif;16,9;46,4;48,4;asagi;zayif;zayif;asagi;0,39;-1,67;2;24,9;-2,51;18477095;29,20;AL;NEGATIF;NOTR;NEGATIF;AZALIYOR;AL;SAT;NOTR;2;28.08.2026
CGCAM;izle;;24,6;4,0;12,6;8,0;0;0;zayif;19,4;40,4;43,4;asagi;zayif;zayif;asagi;0,54;-1,97;1;37,16;0,22;44073692;40,46;AL;NEGATIF;NOTR;POZITIF;AZALIYOR;AL;SAT;NOTR;3;28.08.2026
ACSEL;izle;;24,5;3,3;13,2;8,0;0;0;zayif;12,7;42,2;33,9;asagi;zayif;zayif;asagi;0,27;-1,60;2;120,2;-1,07;4674578;132,17;AL;NEGATIF;NOTR;NEGATIF;AZALIYOR;AL;AL;NOTR;3;28.08.2026
DAPGM;izle;;24,4;0,1;16,3;8,0;0;0;zayif;12,3;45,8;45,1;asagi;zayif;zayif;asagi;0,44;-1,38;2;8,59;1,30;345596496;9,69;AL;NEGATIF;NOTR;NEGATIF;AZALIYOR;SAT;AL;UCUZ (AL);2;28.08.2026
CEOEM;izle;;24,4;0,1;19,9;4,4;8;0;zayif;12,4;51,1;56,2;asagi;zayif;zayif;asagi;0,47;-0,03;1;24,78;-0,48;13562441;26,21;AL;POZITIF;NOTR;POZITIF;AZALIYOR;SAT;SAT;NOTR;3;28.08.2026
HEKTS;izle;;24,4;1,7;13,9;8,8;0;0;zayif;24,4;44,7;56,4;asagi;zayif;zayif;asagi;0,75;-1,98;2;2,87;1,06;645168001;3,10;AL;NEGATIF;SAT;POZITIF;AZALIYOR;AL;AL;NOTR;4;28.08.2026
LMKDC;izle;;24,3;8,3;16,0;0,0;10;1;zayif;14,3;46,1;45,0;yukari;zayif;zayif;asagi;0,29;-1,64;2;24,34;0,50;32556332;22,85;AL;NEGATIF;NOTR;NEGATIF;AZALIYOR;SAT;SAT;NOTR;1;28.08.2026
ZOREN;izle;;24,2;2,4;13,8;8,0;0;0;zayif;37,0;44,3;52,4;asagi;zayif;zayif;asagi;0,60;-2,99;1;2,33;1,75;42377898;2,42;AL;NEGATIF;SAT;POZITIF;AZALIYOR;AL;AL;UCUZ (AL);4;28.08.2026
INVEO;izle;;24,2;0,0;16,2;8,0;0;0;zayif;11,9;45,2;48,2;asagi;zayif;zayif;asagi;0,62;-1,40;1;7,1;0,28;22512069;7,55;AL;NEGATIF;NOTR;POZITIF;AZALIYOR;AL;AL;UCUZ (AL);4;28.08.2026
ISMEN;izle;;24,1;3,9;16,0;4,2;0;0;zayif;22,1;47,4;60,1;asagi;zayif;zayif;asagi;0,59;-1,68;2;33,46;1,70;122306305;34,47;AL;NEGATIF;AL;POZITIF;ARTIYOR;AL;AL;UCUZ (AL);5;28.08.2026
ANGEN;izle;;24,0;2,4;13,6;8,0;0;0;zayif;18,2;43,7;62,1;asagi;zayif;zayif;asagi;0,41;-2,27;1;9,3;0,65;8396793;9,72;AL;NEGATIF;NOTR;POZITIF;AZALIYOR;AL;AL;NOTR;4;28.08.2026
ARCLK;izle;;24,0;0,0;12,1;11,9;0;0;zayif;10,8;38,6;48,7;asagi;zayif;zayif;asagi;0,72;-2,67;2;93,3;-0,69;92677689;97,44;AL;NEGATIF;NOTR;NEGATIF;ARTIYOR;AL;AL;UCUZ (AL);3;28.08.2026
RAYSG;izle;;24,0;2,4;13,6;8,0;0;0;zayif;18,1;43,6;55,2;asagi;zayif;zayif;asagi;0,45;-2,21;2;161,5;0,62;10237970;172,80;AL;NEGATIF;NOTR;NEGATIF;AZALIYOR;SAT;AL;UCUZ (AL);2;28.08.2026
MRSHL;izle;;23,8;15,1;8,7;0,0;0;0;zayif;18,6;41,9;52,6;yukari;zayif;zayif;asagi;0,20;-1,00;2;1622;-0,49;17770632;1560,78;SAT;NEGATIF;NOTR;NEGATIF;AZALIYOR;SAT;SAT;NOTR;0;28.08.2026
UNLU;izle;;23,7;1,8;13,9;8,0;0;0;zayif;25,5;44,7;57,9;asagi;zayif;zayif;asagi;0,53;-2,13;2;11,08;0,00;5172731;11,69;AL;NEGATIF;SAT;POZITIF;AZALIYOR;AL;SAT;UCUZ (AL);3;28.08.2026
ALFAS;izle;;23,7;3,5;16,2;4,0;32;3;zayif;21,0;46,1;58,5;asagi;zayif;zayif;asagi;0,46;-1,41;2;41,74;-0,14;40249256;43,63;AL;NEGATIF;AL;POZITIF;AZALIYOR;AL;AL;NOTR;5;28.08.2026
YAYLA;izle;;23,7;15,0;8,7;0,0;32;3;zayif;43,1;42,7;82,3;yukari;zayif;zayif;asagi;0,21;-1,17;2;21,74;-0,28;9583383;20,81;SAT;NEGATIF;AL;NEGATIF;AZALIYOR;SAT;SAT;UCUZ (AL);1;28.08.2026
KUTPO;izle;;23,4;7,0;13,0;3,4;46;5;zayif;37,0;41,7;60,5;asagi;zayif;zayif;asagi;0,59;-1,68;3;80,4;-0,74;7527772;87,41;AL;NEGATIF;AL;NEGATIF;AZALIYOR;SAT;SAT;UCUZ (AL);2;28.08.2026
AKSUE;izle;;23,4;21,0;2,4;0,0;6;0;zayif;19,1;29,7;38,6;asagi;zayif;zayif;asagi;0,12;-2,23;3;37,38;-9,97;9705717;44,81;SAT;NEGATIF;NOTR;NEGATIF;ARTIYOR;SAT;SAT;NOTR;0;28.08.2026
EGEEN;izle;;23,2;0,1;12,2;11,0;0;0;zayif;12,4;39,1;49,2;asagi;zayif;zayif;asagi;0,38;-2,29;2;5135;0,20;17166305;5486,29;AL;NEGATIF;NOTR;NEGATIF;AZALIYOR;SAT;SAT;UCUZ (AL);1;28.08.2026
GSDHO;izle;;23,2;3,0;16,2;4,0;10;0;zayif;10,0;45,2;42,2;asagi;zayif;zayif;asagi;0,39;-1,40;4;4,85;0,00;24001074;5,32;AL;NEGATIF;NOTR;POZITIF;AZALIYOR;AL;AL;NOTR;4;28.08.2026
YAPRK;izle;;23,1;1,7;17,4;4,0;0;0;zayif;16,4;47,8;37,9;asagi;zayif;zayif;asagi;0,25;-0,89;0;11,11;-0,45;17506538;12,40;AL;NEGATIF;NOTR;NEGATIF;AZALIYOR;AL;AL;NOTR;3;28.08.2026
PAMEL;izle;;23,1;9,4;13,8;0,0;6;0;zayif;15,5;43,7;36,5;yukari;zayif;zayif;asagi;0,27;-1,44;3;77,6;0,19;6094626;73,17;AL;NEGATIF;NOTR;NEGATIF;AZALIYOR;AL;AL;NOTR;3;28.08.2026
BVSAN;izle;;23,0;1,4;13,6;8,0;0;0;zayif;15,7;43,6;55,1;asagi;zayif;zayif;asagi;0,40;-1,83;2;105,4;1,05;23769703;113,53;AL;NEGATIF;NOTR;NEGATIF;AZALIYOR;AL;AL;NOTR;3;28.08.2026
SODSN;izle;;22,9;10,4;12,0;0,4;6;0;zayif;33,2;38,5;31,0;yukari;zayif;zayif;asagi;0,15;-3,24;3;7,59;0,40;107695;7,13;AL;NEGATIF;SAT;POZITIF;AZALIYOR;SAT;SAT;UCUZ (AL);2;28.08.2026
BURCE;izle;;22,9;1,5;13,4;8,0;22;2;zayif;15,9;42,8;78,4;asagi;zayif;zayif;asagi;0,43;-1,85;1;35,94;-0,39;35715052;40,29;AL;NEGATIF;NOTR;POZITIF;AZALIYOR;AL;SAT;NOTR;3;28.08.2026
LINK;izle;;22,8;1,6;13,3;8,0;28;2;zayif;23,4;42,6;48,7;asagi;zayif;zayif;asagi;0,37;-1,89;3;5,69;0,53;38078083;6,22;AL;NEGATIF;SAT;NEGATIF;AZALIYOR;AL;AL;NOTR;3;28.08.2026
TCELL;izle;;22,6;0,7;17,3;4,6;0;0;zayif;17,3;45,9;51,8;asagi;zayif;zayif;asagi;0,43;-0,96;2;103,1;0,29;1185977755;109,99;AL;NEGATIF;NOTR;NEGATIF;AZALIYOR;SAT;AL;NOTR;2;28.08.2026
IHYAY;izle;;22,5;5,6;13,4;3,6;28;2;zayif;26,4;42,9;34,5;asagi;zayif;zayif;asagi;0,91;-2,51;3;1,25;2,46;3838863;1,34;AL;NEGATIF;AL;NEGATIF;ARTIYOR;AL;AL;UCUZ (AL);4;28.08.2026
KUYAS;izle;;22,5;5,3;13,2;4,0;0;0;zayif;28,9;42,3;26,5;asagi;zayif;zayif;asagi;0,30;-1,55;2;62,9;-0,16;106803697;72,51;AL;NEGATIF;SAT;NEGATIF;AZALIYOR;AL;AL;NOTR;3;28.08.2026
TTKOM;izle;;22,5;8,5;13,6;0,4;0;0;zayif;13,3;43,7;36,0;yukari;zayif;zayif;asagi;0,43;-1,72;0;53,4;-0,09;871663366;50,42;AL;NEGATIF;NOTR;NEGATIF;AZALIYOR;SAT;AL;NOTR;2;28.08.2026
A1CAP;izle;;22,5;1,5;13,0;8,0;0;0;zayif;22,9;41,6;59,2;asagi;zayif;zayif;asagi;0,36;-3,28;1;8,44;0,48;23403141;8,98;AL;NEGATIF;SAT;POZITIF;AZALIYOR;AL;AL;UCUZ (AL);4;28.08.2026
BMSCH;izle;;22,4;1,5;10,9;10,0;0;0;zayif;23,2;34,6;45,5;asagi;zayif;zayif;asagi;1,98;-3,63;2;11,53;2,49;30121629;12,77;AL;NEGATIF;SAT;NEGATIF;ARTIYOR;SAT;SAT;UCUZ (AL);1;28.08.2026
VAKKO;izle;;22,4;0,4;17,6;4,5;0;0;zayif;12,9;47,2;60,5;asagi;zayif;zayif;asagi;0,37;-0,83;2;67,7;-0,59;4806429;72,32;AL;NEGATIF;NOTR;NEGATIF;ARTIYOR;AL;AL;NOTR;3;28.08.2026
VRGYO;izle;;22,3;2,3;16,0;4,0;6;0;zayif;17,9;48,8;69,9;asagi;zayif;zayif;asagi;0,57;-1,70;3;1,81;1,12;11958123;1,86;AL;NEGATIF;NOTR;POZITIF;ARTIYOR;AL;AL;UCUZ (AL);4;28.08.2026
KZBGY;izle;;22,3;2,4;12,2;7,6;0;0;zayif;30,9;39,1;50,1;asagi;zayif;zayif;asagi;0,92;-4,07;0;2,01;1,52;56124555;2,17;AL;NEGATIF;SAT;NEGATIF;AZALIYOR;SAT;AL;UCUZ (AL);2;28.08.2026
PARSN;izle;;22,3;1,3;13,0;8,0;0;0;zayif;21,3;41,7;72,6;asagi;zayif;zayif;asagi;0,24;-1,97;1;72,6;0,07;6820117;77,91;AL;NEGATIF;SAT;POZITIF;AZALIYOR;SAT;AL;UCUZ (AL);3;28.08.2026
YEOTK;izle;;22,3;13,0;9,3;0,0;10;0;zayif;11,9;41,7;46,5;asagi;zayif;zayif;asagi;0,41;-1,38;4;35,7;0,00;235407942;40,86;SAT;NEGATIF;NOTR;NEGATIF;AZALIYOR;AL;AL;NOTR;2;28.08.2026
SMRTG;izle;;22,3;7,4;12,9;1,9;0;0;zayif;16,2;40,7;37,7;asagi;zayif;zayif;asagi;0,82;-1,42;2;10,05;-0,10;140850740;11,24;AL;NEGATIF;NOTR;NEGATIF;AZALIYOR;AL;SAT;NOTR;2;28.08.2026
CCOLA;izle;;22,2;12,6;7,9;1,7;6;0;zayif;25,8;37,9;23,6;asagi;zayif;zayif;asagi;0,22;-2,06;3;77,75;0,32;115386676;85,61;SAT;NEGATIF;SAT;NEGATIF;AZALIYOR;SAT;AL;NOTR;1;28.08.2026
KATMR;izle;;22,2;2,4;11,7;8,0;0;0;zayif;38,9;37,4;52,3;asagi;zayif;zayif;asagi;0,55;-3,43;1;2,12;0,00;79623276;2,31;AL;NEGATIF;SAT;NEGATIF;AZALIYOR;AL;AL;UCUZ (AL);3;28.08.2026
KAREL;izle;;22,1;9,1;9,0;4,0;0;0;zayif;20,2;41,6;50,5;yukari;zayif;zayif;asagi;0,36;-2,16;2;8,91;1,25;38653611;8,58;SAT;NEGATIF;SAT;NEGATIF;AZALIYOR;SAT;AL;NOTR;1;28.08.2026
MERIT;izle;;22,0;0,0;13,9;8,1;0;0;zayif;7,0;43,5;49,9;asagi;zayif;zayif;asagi;0,39;-1,35;2;15,85;0,38;16607979;16,96;AL;NEGATIF;NOTR;NEGATIF;AZALIYOR;AL;AL;NOTR;3;28.08.2026
MHRGY;izle;;21,9;0,0;13,9;8,0;0;0;zayif;10,7;44,8;63,9;asagi;zayif;zayif;asagi;0,50;-1,75;2;3,36;0,00;4741944;3,61;AL;NEGATIF;NOTR;NEGATIF;AZALIYOR;SAT;SAT;NOTR;1;28.08.2026
GZNMI;izle;;21,4;0,0;13,6;7,8;0;0;zayif;9,8;46,7;46,5;asagi;zayif;zayif;asagi;1,17;-0,83;2;58,3;3,37;100106464;65,91;SAT;NEGATIF;NOTR;POZITIF;AZALIYOR;SAT;AL;UCUZ (AL);2;28.08.2026
DARDL;izle;;21,3;2,2;12,4;6,7;8;0;zayif;28,3;39,7;49,9;asagi;zayif;zayif;asagi;0,86;-2,85;1;1,67;0,60;21830056;1,81;AL;NEGATIF;SAT;NEGATIF;AZALIYOR;AL;AL;UCUZ (AL);3;28.08.2026
MGROS;izle;;21,3;5,4;7,8;8,0;0;0;zayif;30,3;37,8;37,8;asagi;zayif;zayif;asagi;0,41;-3,02;1;560;-0,53;816636800;610,21;SAT;NEGATIF;SAT;POZITIF;AZALIYOR;AL;AL;NOTR;3;28.08.2026
NUGYO;izle;;21,1;3,2;17,9;0,0;0;0;zayif;20,1;47,5;54,1;asagi;zayif;zayif;asagi;0,61;-0,67;1;9,11;0,00;10033007;9,70;AL;NEGATIF;AL;POZITIF;AZALIYOR;SAT;SAT;NOTR;3;28.08.2026
YESIL;izle;;21,0;0,0;13,0;8,0;0;0;zayif;10,2;41,8;45,8;asagi;zayif;zayif;asagi;0,30;-2,20;2;1,21;0,00;5399875;1,30;AL;NEGATIF;NOTR;NEGATIF;AZALIYOR;AL;SAT;UCUZ (AL);2;28.08.2026
PGSUS;izle;;20,9;4,0;12,6;4,2;0;0;zayif;22,3;40,4;48,6;asagi;zayif;zayif;asagi;0,44;-2,62;1;150,6;-0,59;624666662;159,58;AL;NEGATIF;AL;NEGATIF;AZALIYOR;AL;SAT;UCUZ (AL);3;28.08.2026
IZENR;izle;;20,8;0,0;12,8;8,0;0;0;zayif;5,6;41,1;50,1;asagi;zayif;zayif;asagi;0,40;-1,87;1;8,42;1,20;108377314;9,22;AL;NEGATIF;NOTR;NEGATIF;AZALIYOR;AL;AL;NOTR;3;28.08.2026
PINSU;izle;;20,7;2,9;13,8;4,0;0;0;zayif;19,6;43,9;50,1;asagi;zayif;zayif;asagi;0,42;-1,46;2;10,3;-0,48;12881726;11,02;AL;NEGATIF;NOTR;NEGATIF;AZALIYOR;AL;AL;UCUZ (AL);3;28.08.2026
EMNIS;izle;;20,6;8,5;6,8;5,3;28;2;zayif;15,7;42,8;20,4;yukari;zayif;zayif;asagi;0,72;-1,36;3;153,9;0,00;855992;152,76;SAT;NEGATIF;NOTR;NEGATIF;AZALIYOR;SAT;SAT;NOTR;0;28.08.2026
SANEL;izle;;20,5;13,7;6,9;0,0;10;0;zayif;16,9;40,0;28,2;asagi;zayif;zayif;asagi;0,41;-1,54;4;55,2;-1,69;10337966;70,16;SAT;NEGATIF;NOTR;NEGATIF;AZALIYOR;SAT;SAT;NOTR;0;28.08.2026
SKBNK;izle;;19,7;2,4;9,2;8,0;0;0;zayif;50,7;29,0;71,1;asagi;zayif;zayif;asagi;0,39;-8,14;0;6,36;1,11;500030082;7,28;AL;NEGATIF;SAT;POZITIF;AZALIYOR;AL;AL;NOTR;4;28.08.2026
BURVA;izle;;19,5;11,9;7,6;0,0;6;0;zayif;11,4;40,7;29,5;yukari;zayif;zayif;asagi;0,31;-2,09;3;744;-2,75;6061368;698,58;SAT;NEGATIF;NOTR;NEGATIF;AZALIYOR;SAT;AL;NOTR;1;28.08.2026
OSMEN;izle;;19,5;1,7;13,8;4,0;28;2;zayif;16,4;45,2;54,5;asagi;zayif;zayif;asagi;0,34;-0,74;3;7,74;0,65;10073540;8,77;SAT;NEGATIF;NOTR;POZITIF;AZALIYOR;SAT;SAT;NOTR;1;28.08.2026
ASUZU;izle;;19,4;2,0;13,4;4,0;0;0;zayif;26,5;43,0;45,4;asagi;zayif;zayif;asagi;0,53;-2,67;1;48,92;-0,29;12357192;50,78;AL;NEGATIF;SAT;POZITIF;AZALIYOR;AL;SAT;NOTR;3;28.08.2026
EGEPO;izle;;19,2;15,1;4,0;0,0;0;0;zayif;27,8;32,6;13,5;asagi;zayif;zayif;asagi;0,64;-2,60;1;16;-1,66;27187216;18,23;SAT;NEGATIF;SAT;NEGATIF;AZALIYOR;SAT;SAT;PAHALI (SAT);0;28.08.2026
GWIND;izle;;19,1;0,0;16,0;3,1;0;0;zayif;12,0;45,8;44,2;asagi;zayif;zayif;asagi;0,79;-1,67;1;23,48;1,12;65644961;24,71;AL;NEGATIF;NOTR;POZITIF;AZALIYOR;AL;AL;NOTR;4;28.08.2026
MEKAG;izle;;19,0;3,0;16,0;0,0;0;0;zayif;19,6;48,4;71,6;asagi;zayif;zayif;asagi;0,35;-2,35;1;3,04;0,00;9744197;3,17;AL;NEGATIF;NOTR;POZITIF;AZALIYOR;AL;SAT;NOTR;3;28.08.2026
VKFYO;izle;;18,9;2,8;16,1;0,0;0;0;zayif;19,2;46,4;60,9;asagi;zayif;zayif;asagi;0,47;-1,44;1;23,66;-0,76;2718132;25,77;AL;NEGATIF;NOTR;POZITIF;AZALIYOR;AL;SAT;NOTR;3;28.08.2026
TUREX;izle;;18,8;5,0;13,7;0,0;0;0;zayif;24,9;44,2;53,4;asagi;zayif;zayif;asagi;0,40;-1,75;0;6,6;0,00;38665480;7,06;AL;NEGATIF;AL;POZITIF;AZALIYOR;SAT;SAT;NOTR;3;28.08.2026
INGRM;izle;;18,7;0,6;18,0;0,0;6;0;zayif;16,8;48,8;49,8;asagi;zayif;zayif;asagi;0,23;-0,63;3;392,25;-0,25;3166242;411,43;AL;NEGATIF;NOTR;NEGATIF;AZALIYOR;SAT;SAT;NOTR;1;28.08.2026
MERKO;izle;;18,7;0,9;13,6;4,2;6;0;zayif;18,6;43,5;55,6;asagi;zayif;zayif;asagi;0,71;-3,36;3;1,37;1,48;18748391;1,45;AL;NEGATIF;NOTR;NEGATIF;AZALIYOR;AL;AL;NOTR;3;28.08.2026
BARMA;izle;;18,4;2,4;8,0;8,0;0;0;zayif;69,8;13,3;51,4;asagi;zayif;zayif;asagi;0,40;-14,68;1;9,5;2,59;7843286;12,97;AL;NEGATIF;SAT;NEGATIF;AZALIYOR;AL;AL;UCUZ (AL);3;28.08.2026
KONKA;izle;;18,4;0,7;10,3;7,4;42;3;zayif;17,0;32,6;28,1;asagi;zayif;zayif;asagi;1,14;-3,72;4;11,2;-1,23;36949494;12,42;AL;NEGATIF;NOTR;NEGATIF;AZALIYOR;SAT;SAT;UCUZ (AL);1;28.08.2026
FROTO;izle;;18,1;1,8;13,6;2,7;0;0;zayif;25,2;43,7;63,0;asagi;zayif;zayif;asagi;0,44;-1,82;2;78,5;0,06;708449705;82,71;AL;NEGATIF;SAT;NEGATIF;AZALIYOR;SAT;SAT;UCUZ (AL);1;28.08.2026
ATAKP;izle;;18,0;1,7;12,3;4,0;0;0;zayif;24,6;39,3;33,1;asagi;zayif;zayif;asagi;0,19;-2,51;2;45,72;0,04;3939967;49,40;AL;NEGATIF;SAT;POZITIF;AZALIYOR;AL;SAT;NOTR;3;28.08.2026
KRSTL;izle;;18,0;2,2;11,7;4,0;16;1;zayif;28,5;37,4;27,4;asagi;zayif;zayif;asagi;0,22;-2,51;3;9,4;-0,21;9373116;10,06;AL;NEGATIF;SAT;NEGATIF;AZALIYOR;AL;AL;NOTR;3;28.08.2026
KOTON;izle;;17,9;1,9;16,0;0,0;0;0;zayif;16,9;46,4;63,5;asagi;zayif;zayif;asagi;0,38;-1,68;0;12,89;-0,77;10305632;13,37;AL;NEGATIF;NOTR;POZITIF;AZALIYOR;AL;SAT;NOTR;3;28.08.2026
CLEBI;izle;;17,9;2,5;13,9;1,5;0;0;zayif;18,3;44,7;41,4;asagi;zayif;zayif;asagi;0,42;-1,52;1;1477;-0,47;17332595;1553,35;AL;NEGATIF;NOTR;NEGATIF;AZALIYOR;SAT;SAT;NOTR;1;28.08.2026
GENTS;izle;;17,9;0,8;13,0;4,0;0;0;zayif;18,2;41,7;58,5;asagi;zayif;zayif;asagi;0,70;-3,25;1;5,27;-0,57;22336584;5,67;AL;NEGATIF;NOTR;POZITIF;AZALIYOR;AL;SAT;UCUZ (AL);3;28.08.2026
VESTL;izle;;17,6;0,0;13,6;4,0;6;0;zayif;12,0;43,7;59,5;asagi;zayif;zayif;asagi;0,47;-1,58;3;22,28;0,00;62893722;24,54;AL;NEGATIF;NOTR;POZITIF;AZALIYOR;AL;AL;UCUZ (AL);4;28.08.2026
MAVI;izle;;17,4;1,0;14,0;2,4;0;0;zayif;19,5;44,8;43,4;asagi;zayif;zayif;asagi;0,43;-1,50;2;38,16;0,42;61817597;40,40;AL;NEGATIF;NOTR;NEGATIF;AZALIYOR;AL;SAT;NOTR;2;28.08.2026
SEGYO;izle;;17,4;1,2;12,2;4,0;0;0;zayif;20,5;39,1;28,7;asagi;zayif;zayif;asagi;0,29;-3,28;2;3,79;0,53;3454839;4,09;AL;NEGATIF;SAT;NEGATIF;AZALIYOR;AL;AL;UCUZ (AL);3;28.08.2026
ENTRA;izle;;17,4;8,0;8,8;0,6;6;0;zayif;9,3;41,0;43,2;yukari;zayif;zayif;asagi;0,24;-1,52;3;4,47;0,22;24520538;4,44;SAT;NEGATIF;NOTR;NEGATIF;AZALIYOR;SAT;SAT;NOTR;0;28.08.2026
AVHOL;izle;;17,3;0,2;9,1;8,0;0;0;zayif;13,8;41,9;43,2;asagi;zayif;zayif;asagi;0,48;-1,72;1;36,42;0,55;42046890;39,31;SAT;NEGATIF;NOTR;NEGATIF;AZALIYOR;AL;AL;NOTR;2;28.08.2026
ALCAR;izle;;17,0;0,3;12,7;4,0;0;0;zayif;14,3;40,7;30,0;asagi;zayif;zayif;asagi;0,35;-1,99;1;698,5;-0,43;10955973;761,69;AL;NEGATIF;NOTR;NEGATIF;AZALIYOR;AL;AL;UCUZ (AL);3;28.08.2026
QNBFK;izle;;17,0;4,7;11,0;1,4;6;0;zayif;15,2;44,2;36,5;asagi;zayif;zayif;asagi;0,78;-0,99;3;42,7;1,62;1084836;46,75;SAT;NEGATIF;NOTR;NEGATIF;AZALIYOR;SAT;AL;NOTR;1;28.08.2026
LKMNH;izle;;17,0;2,4;13,7;0,9;0;0;zayif;36,7;44,0;44,1;asagi;zayif;zayif;asagi;0,25;-1,67;2;13,68;0,51;5028713;14,65;AL;NEGATIF;SAT;POZITIF;AZALIYOR;AL;SAT;NOTR;3;28.08.2026
IDGYO;izle;;17,0;2,4;10,5;4,0;0;0;zayif;30,9;33,4;34,1;asagi;zayif;zayif;asagi;0,38;-3,46;1;3,07;-0,32;2180418;3,60;AL;NEGATIF;SAT;NEGATIF;AZALIYOR;AL;AL;NOTR;3;28.08.2026
ATEKS;izle;;16,9;4,0;6,7;6,2;6;0;zayif;19,2;40,5;36,2;asagi;zayif;zayif;asagi;1,07;-2,48;3;98;3,16;1557122;110,87;SAT;NEGATIF;NOTR;NEGATIF;AZALIYOR;SAT;SAT;NOTR;0;28.08.2026
OYAYO;izle;;16,6;8,0;8,6;0,0;6;0;zayif;8,7;40,5;34,4;yukari;zayif;zayif;asagi;0,37;-1,81;3;42,96;0,66;1388338;41,73;SAT;NEGATIF;NOTR;NEGATIF;AZALIYOR;AL;AL;UCUZ (AL);2;28.08.2026
ERCB;izle;;16,5;0,0;12,5;4,0;0;0;zayif;10,8;39,9;48,9;asagi;zayif;zayif;asagi;0,34;-2,18;0;46,58;-0,13;12155470;50,87;AL;NEGATIF;NOTR;NEGATIF;AZALIYOR;SAT;SAT;UCUZ (AL);1;28.08.2026
SISE;izle;;16,4;0,9;13,7;1,9;0;0;zayif;18,2;44,1;46,1;asagi;zayif;zayif;asagi;0,33;-1,77;1;40,22;0,45;762767675;42,02;AL;NEGATIF;NOTR;NEGATIF;AZALIYOR;AL;AL;NOTR;3;28.08.2026
ARZUM;izle;;16,4;3,2;13,2;0,0;0;0;zayif;20,1;42,4;72,1;asagi;zayif;zayif;asagi;0,45;-2,47;1;1,64;1,23;17351677;1,83;AL;NEGATIF;AL;NEGATIF;AZALIYOR;SAT;SAT;UCUZ (AL);2;28.08.2026
SILVR;izle;;16,3;3,1;13,2;0,0;0;0;zayif;19,9;42,4;50,9;asagi;zayif;zayif;asagi;0,53;-1,81;2;2,24;-0,88;1552331;2,42;AL;NEGATIF;NOTR;NEGATIF;AZALIYOR;SAT;SAT;UCUZ (AL);1;28.08.2026
ATAGY;izle;;16,2;2,4;12,0;1,8;0;0;zayif;31,1;38,2;56,3;asagi;zayif;zayif;asagi;0,81;-2,48;2;10,3;0,59;1618810;11,06;AL;NEGATIF;SAT;NEGATIF;AZALIYOR;SAT;SAT;UCUZ (AL);1;28.08.2026
QNBTR;izle;;15,8;2,4;12,7;0,7;0;0;zayif;39,0;40,7;37,1;asagi;zayif;zayif;asagi;0,63;-4,13;2;191;0,42;1607647;199,42;AL;NEGATIF;SAT;NEGATIF;AZALIYOR;SAT;SAT;UCUZ (AL);1;28.08.2026
BALAT;izle;;15,7;0,3;12,9;2,5;0;0;zayif;14,3;45,1;38,5;asagi;zayif;zayif;asagi;0,30;-1,33;1;69,35;0,51;594330;74,52;SAT;NEGATIF;NOTR;NEGATIF;AZALIYOR;SAT;AL;NOTR;1;28.08.2026
AKGRT;izle;;15,7;2,4;11,7;1,5;10;0;zayif;30,2;37,5;43,6;asagi;zayif;zayif;asagi;0,45;-3,19;4;6,29;0,96;28921011;6,56;AL;NEGATIF;SAT;NEGATIF;AZALIYOR;AL;AL;NOTR;3;28.08.2026
MOPAS;izle;;15,6;1,6;11,5;2,6;0;0;zayif;23,5;36,7;60,7;asagi;zayif;zayif;asagi;0,86;-3,66;2;28;0,21;50154216;30,04;AL;NEGATIF;SAT;POZITIF;AZALIYOR;SAT;AL;NOTR;3;28.08.2026
EMKEL;izle;;15,5;2,1;4,0;9,4;10;0;zayif;27,3;24,9;19,0;asagi;zayif;zayif;asagi;1,27;-4,46;4;15,29;0,59;82518418;17,24;SAT;NEGATIF;SAT;NEGATIF;ARTIYOR;AL;AL;UCUZ (AL);2;28.08.2026
YYAPI;izle;;15,4;2,4;11,4;1,6;0;0;zayif;35,7;36,3;31,3;asagi;zayif;zayif;asagi;0,76;-4,11;0;0,82;0,00;2048754;0,86;AL;NEGATIF;SAT;NEGATIF;AZALIYOR;SAT;SAT;UCUZ (AL);1;28.08.2026
EKIZ;izle;;15,3;2,4;12,9;0,0;6;0;zayif;41,9;41,2;32,0;asagi;zayif;zayif;asagi;0,24;-3,96;3;62;2,56;190836;65,21;AL;NEGATIF;SAT;NEGATIF;AZALIYOR;AL;AL;UCUZ (AL);3;28.08.2026
KTSKR;izle;;15,2;3,0;12,2;0,0;0;0;zayif;10,2;39,1;51,8;asagi;zayif;zayif;asagi;0,56;-2,35;1;83,8;0,48;22545887;92,94;AL;NEGATIF;NOTR;NEGATIF;AZALIYOR;AL;SAT;NOTR;2;28.08.2026
LUKSK;izle;;15,2;0,4;10,8;4,0;0;0;zayif;14,8;34,2;41,7;asagi;zayif;zayif;asagi;0,46;-2,76;2;85,5;0,29;4069031;94,40;AL;NEGATIF;NOTR;NEGATIF;AZALIYOR;SAT;SAT;UCUZ (AL);1;28.08.2026
ULUSE;izle;;15,1;10,7;4,5;0,0;0;0;zayif;15,5;34,9;20,5;asagi;zayif;zayif;asagi;0,44;-1,97;2;253;-0,78;24013748;299,59;SAT;NEGATIF;NOTR;NEGATIF;AZALIYOR;SAT;AL;NOTR;1;28.08.2026
KRTEK;izle;;15,1;8,6;6,5;0,0;6;0;zayif;16,2;33,3;23,5;yukari;zayif;zayif;asagi;0,33;-2,96;3;5,34;0,19;2346033;5,18;SAT;NEGATIF;NOTR;NEGATIF;AZALIYOR;SAT;AL;UCUZ (AL);1;28.08.2026
ORMA;izle;;15,0;8,2;6,8;0,0;6;0;zayif;13,6;39,6;19,8;yukari;zayif;zayif;asagi;0,60;-2,64;3;158,5;0,32;645095;153,19;SAT;NEGATIF;NOTR;NEGATIF;AZALIYOR;SAT;AL;NOTR;1;28.08.2026
AGHOL;izle;;15,0;5,3;7,2;2,5;22;2;zayif;28,9;35,6;24,6;asagi;zayif;zayif;asagi;0,32;-2,37;2;30,62;1,19;44874927;33,14;SAT;NEGATIF;SAT;NEGATIF;AZALIYOR;SAT;AL;NOTR;1;28.08.2026
POLTK;izle;;14,9;0,5;6,5;8,0;0;0;zayif;15,3;37,3;54,1;asagi;zayif;zayif;asagi;0,32;-2,62;1;4280;-0,58;9664240;4790,49;SAT;NEGATIF;NOTR;NEGATIF;AZALIYOR;SAT;SAT;UCUZ (AL);0;28.08.2026
HTTBT;izle;;14,9;0,0;14,3;0,6;6;0;zayif;10,6;44,2;43,2;asagi;zayif;zayif;asagi;0,63;-1,24;3;36,86;-0,11;10807647;39,24;AL;NEGATIF;NOTR;NEGATIF;AZALIYOR;AL;AL;UCUZ (AL);3;28.08.2026
VKING;izle;;14,9;2,4;12,5;0,0;6;0;zayif;33,2;39,9;47,2;asagi;zayif;zayif;asagi;0,60;-2,06;3;21,94;-0,90;4375143;23,93;AL;NEGATIF;SAT;NEGATIF;AZALIYOR;AL;AL;UCUZ (AL);3;28.08.2026
YBTAS;izle;;14,8;2,1;6,2;6,5;6;0;zayif;27,4;37,6;46,1;asagi;zayif;zayif;asagi;1,07;-3,60;3;13,85;-1,07;1052392;14,83;SAT;NEGATIF;SAT;NEGATIF;ARTIYOR;SAT;SAT;UCUZ (AL);0;28.08.2026
USAK;izle;;14,5;0,0;12,9;1,6;0;0;zayif;9,4;41,5;63,3;asagi;zayif;zayif;asagi;0,79;-2,46;0;1,26;1,61;41166397;1,35;AL;NEGATIF;NOTR;POZITIF;AZALIYOR;AL;AL;UCUZ (AL);4;28.08.2026
SOKE;izle;;14,5;3,2;6,7;4,5;0;0;zayif;13,6;34,2;20,6;asagi;zayif;zayif;asagi;0,73;-2,69;2;14,06;-1,68;22045504;15,65;SAT;NEGATIF;NOTR;NEGATIF;AZALIYOR;AL;AL;NOTR;2;28.08.2026
AKSA;izle;;14,4;5,8;7,3;1,3;6;0;zayif;23,7;36,0;17,6;asagi;zayif;zayif;asagi;0,65;-2,25;3;10,94;-0,09;152826724;11,84;SAT;NEGATIF;SAT;NEGATIF;AZALIYOR;SAT;SAT;NOTR;0;28.08.2026
ATLAS;izle;;14,3;2,4;10,8;1,1;0;0;zayif;30,2;34,2;25,8;asagi;zayif;zayif;asagi;0,77;-2,97;0;6,29;-1,41;3390096;7,15;AL;NEGATIF;SAT;NEGATIF;AZALIYOR;SAT;SAT;NOTR;1;28.08.2026
CASA;izle;;14,2;0,8;13,4;0,0;10;0;zayif;17,7;43,0;40,4;asagi;zayif;zayif;asagi;0,69;-2,94;4;68;0,00;688500;72,08;AL;NEGATIF;NOTR;NEGATIF;AZALIYOR;SAT;AL;UCUZ (AL);2;28.08.2026
KIMMR;izle;;14,1;2,4;11,7;0,0;0;0;zayif;32,0;37,2;43,5;asagi;zayif;zayif;asagi;0,57;-3,03;1;13,68;0,37;7799816;14,67;AL;NEGATIF;SAT;NEGATIF;AZALIYOR;SAT;SAT;NOTR;1;28.08.2026
VESBE;izle;;14,0;0,6;9,4;4,0;0;0;zayif;16,5;29,7;28,1;asagi;zayif;zayif;asagi;0,55;-3,96;2;5,31;0,57;22484691;5,67;AL;NEGATIF;NOTR;NEGATIF;AZALIYOR;AL;AL;UCUZ (AL);3;28.08.2026
YATAS;izle;;14,0;2,0;12,0;0,0;0;0;zayif;26,4;38,4;28,2;asagi;zayif;zayif;asagi;0,65;-3,35;2;31,72;1,93;17796887;34,18;AL;NEGATIF;SAT;NEGATIF;AZALIYOR;SAT;AL;NOTR;2;28.08.2026
KONTR;izle;;13,9;1,8;12,1;0,0;10;0;zayif;25,3;38,7;22,4;asagi;zayif;zayif;asagi;0,41;-5,86;4;3,72;-0,27;6327218;4,12;AL;NEGATIF;SAT;NEGATIF;AZALIYOR;SAT;SAT;UCUZ (AL);1;28.08.2026
ALVES;izle;;13,8;1,4;9,2;3,1;6;0;zayif;22,5;29,1;46,3;asagi;zayif;zayif;asagi;0,89;-5,27;3;1,67;-4,57;216654943;1,99;AL;NEGATIF;SAT;NEGATIF;AZALIYOR;SAT;SAT;NOTR;1;28.08.2026
ALKIM;izle;;13,7;0,0;13,7;0,0;0;0;zayif;11,8;44,1;70,1;asagi;zayif;zayif;asagi;0,27;-1,65;0;15,75;-0,06;6997898;17,11;AL;NEGATIF;NOTR;POZITIF;AZALIYOR;AL;AL;NOTR;4;28.08.2026
KSTUR;izle;;13,7;2,4;11,3;0,0;0;0;zayif;33,5;35,9;35,5;asagi;zayif;zayif;asagi;0,53;-4,27;2;2360;-1,46;774080;2520,17;AL;NEGATIF;SAT;NEGATIF;AZALIYOR;SAT;SAT;NOTR;1;28.08.2026
AYEN;izle;;13,6;5,3;8,3;0,0;0;0;zayif;9,1;42,3;49,8;asagi;zayif;zayif;asagi;0,30;-1,43;2;31,7;1,41;7669149;35,10;SAT;NEGATIF;NOTR;NEGATIF;AZALIYOR;SAT;SAT;NOTR;0;28.08.2026
OSTIM;izle;;13,5;0,6;13,0;0,0;0;0;zayif;16,2;41,6;65,6;asagi;zayif;zayif;asagi;0,59;-2,35;1;1,59;-1,24;10658765;1,71;AL;NEGATIF;NOTR;NEGATIF;AZALIYOR;SAT;SAT;UCUZ (AL);1;28.08.2026
INTEK;izle;;13,3;1,1;8,2;4,0;0;0;zayif;19,7;39,1;34,2;asagi;zayif;zayif;asagi;0,28;-2,66;1;240;-2,44;819600;272,55;SAT;NEGATIF;NOTR;NEGATIF;AZALIYOR;AL;AL;NOTR;2;28.08.2026
NATEN;izle;;13,3;0,2;13,1;0,0;0;0;zayif;13,6;41,8;59,5;asagi;zayif;zayif;asagi;0,29;-2,42;0;5,61;1,08;11585430;6,03;AL;NEGATIF;NOTR;NEGATIF;AZALIYOR;AL;AL;UCUZ (AL);3;28.08.2026
KFEIN;izle;;13,2;0,0;13,2;0,0;6;0;zayif;9,7;42,5;36,0;asagi;zayif;zayif;asagi;0,43;-1,87;3;8,2;-0,49;15588405;9,04;AL;NEGATIF;NOTR;NEGATIF;AZALIYOR;SAT;AL;NOTR;2;28.08.2026
TRILC;izle;;13,2;1,3;10,7;1,3;0;0;zayif;21,3;33,9;15,7;asagi;zayif;zayif;asagi;0,78;-9,13;1;1,12;0,00;3879566;1,18;AL;NEGATIF;SAT;NEGATIF;AZALIYOR;SAT;SAT;UCUZ (AL);1;28.08.2026
SUMAS;izle;;13,1;1,7;11,4;0,0;0;0;zayif;24,8;36,3;25,7;asagi;zayif;zayif;asagi;0,26;-4,02;2;270,25;0,75;204039;291,52;AL;NEGATIF;SAT;NEGATIF;AZALIYOR;SAT;SAT;NOTR;1;28.08.2026
BORLS;izle;;13,1;0,9;12,2;0,0;6;0;zayif;18,4;39,1;29,3;asagi;zayif;zayif;asagi;0,36;-2,17;3;4,52;0,44;27609498;5,27;AL;NEGATIF;NOTR;POZITIF;AZALIYOR;AL;SAT;NOTR;3;28.08.2026
ERBOS;izle;;13,1;0,0;13,1;0,0;0;0;zayif;8,2;41,8;45,6;asagi;zayif;zayif;asagi;0,66;-2,51;1;152,8;0,66;5480478;163,35;AL;NEGATIF;NOTR;NEGATIF;AZALIYOR;SAT;SAT;UCUZ (AL);1;28.08.2026
SEKFK;izle;;12,9;2,2;6,7;4,0;6;0;zayif;28,0;34,1;16,4;asagi;zayif;zayif;asagi;0,68;-2,90;3;4,55;1,56;3050502;5,01;SAT;NEGATIF;SAT;NEGATIF;ARTIYOR;AL;AL;NOTR;2;28.08.2026
YKSLN;izle;;12,9;0,0;12,9;0,0;0;0;zayif;11,3;41,2;49,5;asagi;zayif;zayif;asagi;0,34;-2,12;1;2,8;0,00;7094175;3,04;AL;NEGATIF;NOTR;NEGATIF;AZALIYOR;SAT;AL;UCUZ (AL);2;28.08.2026
FZLGY;izle;;12,8;1,3;11,6;0,0;0;0;zayif;21,2;36,9;70,9;asagi;zayif;zayif;asagi;0,23;-3,06;0;10,06;0,10;50201372;11,70;AL;NEGATIF;SAT;NEGATIF;AZALIYOR;AL;AL;NOTR;3;28.08.2026
OYLUM;izle;;12,8;1,5;10,2;1,0;0;0;zayif;23,0;32,5;24,8;asagi;zayif;zayif;asagi;0,48;-2,18;0;7,2;-1,10;1422137;7,92;AL;NEGATIF;SAT;NEGATIF;AZALIYOR;AL;SAT;UCUZ (AL);2;28.08.2026
IMASM;izle;;12,7;0,4;12,3;0,0;40;4;zayif;15,1;39,3;15,0;asagi;zayif;zayif;asagi;0,48;-3,37;0;2,36;0,85;33643636;2,62;AL;NEGATIF;NOTR;NEGATIF;AZALIYOR;AL;SAT;UCUZ (AL);2;28.08.2026
TEZOL;izle;;12,7;2,4;10,2;0,0;0;0;zayif;37,8;32,4;51,2;asagi;zayif;zayif;asagi;0,28;-5,74;0;9,71;0,41;24499602;11,01;AL;NEGATIF;SAT;NEGATIF;AZALIYOR;SAT;SAT;UCUZ (AL);1;28.08.2026
RTALB;izle;;12,6;0,0;12,6;0,0;0;0;zayif;9,9;40,3;51,4;asagi;zayif;zayif;asagi;0,38;-2,58;2;2,93;1,03;19106970;3,14;AL;NEGATIF;NOTR;NEGATIF;AZALIYOR;SAT;AL;NOTR;2;28.08.2026
PENGD;izle;;12,6;2,4;9,5;0,6;0;0;zayif;30,3;30,1;29,3;asagi;zayif;zayif;asagi;0,73;-3,90;2;9,15;0,44;15333332;9,88;AL;NEGATIF;SAT;NEGATIF;AZALIYOR;SAT;SAT;NOTR;1;28.08.2026
FORMT;izle;;12,5;2,4;10,0;0,0;0;0;zayif;31,1;31,7;63,7;asagi;zayif;zayif;asagi;0,56;-4,45;1;1,68;-0,59;18542454;1,82;AL;NEGATIF;SAT;NEGATIF;AZALIYOR;AL;AL;UCUZ (AL);3;28.08.2026
BTCIM;izle;;12,4;2,4;10,0;0,0;6;0;zayif;36,8;31,6;26,6;asagi;zayif;zayif;asagi;0,57;-3,52;3;4,54;-0,66;243430687;5,03;AL;NEGATIF;SAT;NEGATIF;AZALIYOR;SAT;SAT;NOTR;1;28.08.2026
KRVGD;izle;;12,4;2,4;9,9;0,0;6;0;zayif;42,9;31,5;23,2;asagi;zayif;zayif;asagi;0,24;-3,45;3;2,3;0,88;4153457;2,49;AL;NEGATIF;SAT;NEGATIF;AZALIYOR;AL;AL;NOTR;3;28.08.2026
TATEN;izle;;12,4;1,2;11,2;0,0;0;0;zayif;20,6;35,7;45,9;asagi;zayif;zayif;asagi;0,54;-3,26;1;9,01;1,81;229497107;10,72;AL;NEGATIF;SAT;POZITIF;AZALIYOR;SAT;SAT;UCUZ (AL);2;28.08.2026
BALSU;izle;;12,3;1,2;11,1;0,0;0;0;zayif;20,5;35,4;53,3;asagi;zayif;zayif;asagi;0,17;-3,21;2;10,57;-1,67;183000376;12,90;AL;NEGATIF;SAT;NEGATIF;AZALIYOR;AL;AL;UCUZ (AL);3;28.08.2026
MIATK;izle;;12,2;0,1;12,0;0,0;0;0;zayif;13,1;38,5;48,3;asagi;zayif;zayif;asagi;0,40;-2,99;2;29,72;-0,20;176741690;33,37;AL;NEGATIF;NOTR;NEGATIF;AZALIYOR;SAT;SAT;NOTR;1;28.08.2026
IZINV;izle;;12,1;0,4;11,8;0,0;0;0;zayif;13,0;37,5;39,6;asagi;zayif;zayif;asagi;0,55;-2,42;1;53,6;-1,20;8735728;60,27;AL;NEGATIF;NOTR;NEGATIF;AZALIYOR;SAT;SAT;UCUZ (AL);1;28.08.2026
REEDR;izle;;12,1;0,0;12,1;0,0;0;0;zayif;8,3;38,7;36,1;asagi;zayif;zayif;asagi;0,29;-2,81;1;5,94;-0,67;29984104;6,43;AL;NEGATIF;NOTR;NEGATIF;AZALIYOR;AL;AL;NOTR;3;28.08.2026
DGGYO;izle;;12,0;3,7;8,4;0,0;0;0;zayif;10,8;41,8;39,9;asagi;zayif;zayif;asagi;0,44;-1,34;2;33,2;0,24;1860096;37,38;SAT;NEGATIF;NOTR;NEGATIF;AZALIYOR;SAT;SAT;NOTR;0;28.08.2026
AEFES;izle;;12,0;4,9;6,1;1,0;0;0;zayif;25,3;32,0;28,2;asagi;zayif;zayif;asagi;0,48;-2,75;2;18,46;-0,38;527306873;20,18;SAT;NEGATIF;SAT;NEGATIF;AZALIYOR;SAT;SAT;NOTR;0;28.08.2026
ORCAY;izle;;11,6;0,1;11,5;0,0;0;0;zayif;12,6;36,8;24,3;asagi;zayif;zayif;asagi;0,62;-2,17;2;3,49;0,58;2798593;3,92;AL;NEGATIF;NOTR;NEGATIF;AZALIYOR;SAT;SAT;NOTR;1;28.08.2026
ALCTL;izle;;11,2;5,4;5,8;0,0;16;1;zayif;41,7;30,8;16,0;asagi;zayif;zayif;asagi;0,32;-3,35;3;120,3;0,00;21660135;141,18;SAT;NEGATIF;SAT;NEGATIF;AZALIYOR;SAT;AL;NOTR;1;28.08.2026
CMENT;izle;;11,0;2,4;8,0;0,6;6;0;zayif;30,2;38,2;39,5;asagi;zayif;zayif;asagi;0,57;-3,69;3;264;1,54;544368;277,23;SAT;NEGATIF;SAT;NEGATIF;ARTIYOR;SAT;SAT;UCUZ (AL);0;28.08.2026
DCTTR;izle;;10,7;2,4;8,3;0,0;0;0;zayif;40,7;26,0;37,7;asagi;zayif;zayif;asagi;0,15;-5,73;2;7,01;0,72;20535914;8,23;AL;NEGATIF;SAT;NEGATIF;AZALIYOR;AL;AL;NOTR;3;28.08.2026
SURGY;izle;;10,4;2,4;4,0;4,0;0;0;zayif;36,3;15,7;23,4;asagi;zayif;zayif;asagi;0,60;-7,54;1;33,18;0,18;154852653;40,88;SAT;NEGATIF;SAT;NEGATIF;AZALIYOR;AL;AL;UCUZ (AL);2;28.08.2026
YUNSA;izle;;10,4;3,2;7,1;0,0;6;0;zayif;13,7;35,5;36,0;asagi;zayif;zayif;asagi;0,70;-2,72;3;8,3;0,12;25997310;8,95;SAT;NEGATIF;NOTR;NEGATIF;AZALIYOR;SAT;AL;NOTR;1;28.08.2026
HEDEF;izle;;10,3;5,4;4,8;0,0;10;0;zayif;31,1;27,8;30,9;asagi;zayif;zayif;asagi;0,51;-4,05;4;98,45;-5,34;336116668;157,21;SAT;NEGATIF;SAT;NEGATIF;AZALIYOR;SAT;AL;NOTR;1;28.08.2026
LRSHO;izle;;10,1;2,5;7,6;0,0;32;3;zayif;18,4;37,1;59,1;asagi;zayif;zayif;asagi;0,28;-3,23;2;2,54;0,40;20743288;2,87;SAT;NEGATIF;NOTR;NEGATIF;AZALIYOR;SAT;SAT;UCUZ (AL);0;28.08.2026
MMCAS;izle;;10,1;2,3;4,3;3,5;10;1;zayif;28,6;32,7;25,6;asagi;zayif;zayif;asagi;0,91;-4,33;2;49;-2,97;1099413;56,22;SAT;NEGATIF;SAT;NEGATIF;AZALIYOR;SAT;SAT;UCUZ (AL);0;28.08.2026
BAKAB;izle;;9,8;3,4;6,4;0,0;6;0;zayif;15,1;32,9;25,9;asagi;zayif;zayif;asagi;0,38;-2,91;3;40,12;0,20;5866948;45,19;SAT;NEGATIF;NOTR;NEGATIF;AZALIYOR;SAT;SAT;NOTR;0;28.08.2026
MEGMT;izle;;9,8;5,4;4,3;0,0;6;0;zayif;35,5;26,1;28,7;asagi;zayif;zayif;asagi;0,45;-5,22;3;47;-1,18;169743085;58,98;SAT;NEGATIF;SAT;NEGATIF;AZALIYOR;SAT;AL;NOTR;1;28.08.2026
AGROT;izle;;9,7;3,9;5,7;0,0;22;2;zayif;22,1;37,7;33,9;asagi;zayif;zayif;asagi;0,33;-2,78;2;2,12;0,47;77286122;2,53;SAT;NEGATIF;AL;NEGATIF;AZALIYOR;SAT;SAT;UCUZ (AL);1;28.08.2026
SAFKR;izle;;9,6;1,4;7,5;0,6;10;1;zayif;22,3;36,7;28,3;asagi;zayif;zayif;asagi;0,74;-2,78;2;18,46;0,87;44334514;20,55;SAT;NEGATIF;SAT;NEGATIF;AZALIYOR;SAT;AL;NOTR;1;28.08.2026
PRKAB;izle;;9,6;1,6;6,1;1,8;20;1;zayif;16,1;35,7;45,5;asagi;zayif;zayif;asagi;0,81;-2,51;4;31,88;-0,25;18381179;35,21;SAT;NEGATIF;NOTR;NEGATIF;AZALIYOR;SAT;SAT;NOTR;0;28.08.2026
EUHOL;izle;;9,5;0,8;6,0;2,7;0;0;zayif;17,8;41,3;51,5;asagi;zayif;zayif;asagi;0,86;-1,66;2;10,3;-2,83;7609207;11,86;SAT;NEGATIF;NOTR;NEGATIF;AZALIYOR;SAT;SAT;NOTR;0;28.08.2026
CRDFA;izle;;9,5;5,4;4,0;0,0;22;2;zayif;39,0;25,1;25,7;asagi;zayif;zayif;asagi;0,42;-4,07;2;25,96;-0,46;22124047;30,98;SAT;NEGATIF;SAT;NEGATIF;AZALIYOR;SAT;AL;NOTR;1;28.08.2026
GLBMD;izle;;9,5;2,3;7,1;0,0;0;0;zayif;18,0;38,8;46,7;asagi;zayif;zayif;asagi;0,49;-1,42;1;11,74;-0,76;1504892;13,25;SAT;NEGATIF;NOTR;NEGATIF;AZALIYOR;SAT;SAT;NOTR;0;28.08.2026
DOGUB;izle;;9,5;3,6;4,2;1,7;0;0;zayif;16,3;31,6;22,1;asagi;zayif;zayif;asagi;0,80;-2,77;2;66,55;-3,62;17617848;82,80;SAT;NEGATIF;NOTR;NEGATIF;AZALIYOR;SAT;AL;NOTR;1;28.08.2026
VSNMD;izle;;9,4;0,0;9,4;0,0;10;0;zayif;8,2;29,5;42,3;asagi;zayif;zayif;asagi;0,57;-3,12;5;45,96;-0,91;31771642;50,57;AL;NEGATIF;NOTR;NEGATIF;AZALIYOR;SAT;SAT;UCUZ (AL);1;28.08.2026
MSGYO;izle;;7,8;0,2;7,7;0,0;10;1;zayif;13,2;37,2;5,9;asagi;zayif;zayif;asagi;0,43;-2,32;2;5,7;0,00;4796539;6,21;SAT;NEGATIF;NOTR;NEGATIF;AZALIYOR;SAT;AL;NOTR;1;28.08.2026
AZTEK;izle;;7,7;1,5;6,2;0,0;10;0;zayif;22,9;32,4;26,2;asagi;zayif;zayif;asagi;0,25;-3,01;4;3,86;0,26;8466794;4,38;SAT;NEGATIF;SAT;NEGATIF;AZALIYOR;SAT;AL;NOTR;1;28.08.2026
LYDHO;izle;;7,5;4,7;1,6;1,2;6;0;zayif;24,6;22,8;45,4;asagi;zayif;zayif;asagi;0,46;-2,93;3;162,8;0,00;29819750;182,56;SAT;NEGATIF;SAT;NEGATIF;ARTIYOR;SAT;SAT;NOTR;0;28.08.2026
KLRHO;izle;;7,3;0,0;7,3;0,0;0;0;zayif;12,4;35,9;22,1;asagi;zayif;zayif;asagi;0,32;-4,34;2;65,4;0,62;69493582;76,06;SAT;NEGATIF;NOTR;NEGATIF;AZALIYOR;SAT;SAT;UCUZ (AL);0;28.08.2026
DOAS;izle;;7,1;1,1;6,0;0,0;0;0;zayif;20,0;31,7;40,1;asagi;zayif;zayif;asagi;0,42;-3,41;1;166,5;-0,06;75497094;179,11;SAT;NEGATIF;NOTR;NEGATIF;AZALIYOR;SAT;AL;NOTR;1;28.08.2026
BSOKE;izle;;6,9;4,8;2,1;0,0;10;0;zayif;15,9;27,8;18,3;asagi;zayif;zayif;asagi;0,68;-2,85;4;29,84;-2,42;136192595;34,45;SAT;NEGATIF;NOTR;NEGATIF;ARTIYOR;SAT;SAT;NOTR;0;28.08.2026
SEYKM;izle;;6,9;0,0;6,9;0,0;6;0;zayif;10,9;38,0;33,1;asagi;zayif;zayif;asagi;0,38;-1,41;3;4,55;0,22;2430847;5,04;SAT;NEGATIF;NOTR;NEGATIF;AZALIYOR;SAT;SAT;NOTR;0;28.08.2026
YONGA;izle;;6,8;0,6;6,2;0,0;0;0;zayif;16,4;32,5;6,7;asagi;zayif;zayif;asagi;0,61;-3,56;1;45,76;-0,31;433393;48,88;SAT;NEGATIF;NOTR;NEGATIF;AZALIYOR;SAT;AL;UCUZ (AL);1;28.08.2026
LYDYE;izle;;6,8;0,6;6,2;0,0;46;4;zayif;16,7;37,7;38,0;asagi;zayif;zayif;asagi;0,48;-2,38;3;12355;-0,54;8549660;13671,26;SAT;NEGATIF;NOTR;NEGATIF;AZALIYOR;SAT;SAT;NOTR;0;28.08.2026
GOKNR;izle;;6,7;1,1;5,6;0,0;0;0;zayif;20,0;30,3;41,5;asagi;zayif;zayif;asagi;0,49;-4,40;1;17,8;1,14;65972710;20,18;SAT;NEGATIF;SAT;NEGATIF;AZALIYOR;AL;AL;NOTR;2;28.08.2026
LIDER;izle;;6,4;2,4;4,0;0,0;0;0;zayif;44,9;21,9;16,9;asagi;zayif;zayif;asagi;0,50;-7,88;2;32,04;-1,11;455743080;46,13;SAT;NEGATIF;SAT;NEGATIF;AZALIYOR;AL;AL;UCUZ (AL);2;28.08.2026
BULGS;izle;;6,4;2,4;4,0;0,0;38;3;zayif;30,9;24,8;22,3;asagi;zayif;zayif;asagi;0,38;-4,35;3;32,34;0,37;27795098;35,28;SAT;NEGATIF;SAT;NEGATIF;AZALIYOR;AL;SAT;UCUZ (AL);1;28.08.2026
MERCN;izle;;5,9;1,3;4,6;0,0;6;0;zayif;21,4;33,7;43,3;asagi;zayif;zayif;asagi;0,39;-2,81;3;18,17;-0,71;30413818;21,60;SAT;NEGATIF;SAT;NEGATIF;AZALIYOR;SAT;SAT;NOTR;0;28.08.2026
HUBVC;izle;;4,5;0,5;4,0;0,0;6;0;zayif;15,7;30,2;19,1;asagi;zayif;zayif;asagi;0,60;-3,44;3;2,44;-0,81;2591580;2,77;SAT;NEGATIF;NOTR;NEGATIF;AZALIYOR;SAT;SAT;NOTR;0;28.08.2026
OTTO;izle;;3,8;0,2;3,5;0,2;6;0;zayif;13,2;30,6;27,5;asagi;zayif;zayif;asagi;0,71;-4,73;3;153;-1,10;27157806;172,88;SAT;NEGATIF;NOTR;NEGATIF;AZALIYOR;SAT;AL;UCUZ (AL);1;28.08.2026