hisse;durum;yeni_sinyal;konfluans;trend_35;momentum_30;hacim_35;risk;uyumsuzluk;rejim;adx;rsi;mfi;supertrend;goreli_guc;usd_trend;haftalik_trend;hacim_orani;ema50_uzaklik_atr;dagitim_gun;kapanis;degisim%;islem_hacmi_tl;st_cizgisi;osc_macd;osc_rsi;osc_adx;osc_momentum;osc_atr;osc_wavetrend;osc_stochrsi;osc_sharpe;osc_al_sayisi;tarih
TKFEN;GUCLU AL;;99,7;35,0;29,7;35,0;28;0;guclu trend;38,4;72,6;54,0;yukari;guclu;yukselis;yukari;1,38;3,98;1;274;3,01;2350432006;220,59;AL;POZITIF;AL;POZITIF;AZALIYOR;AL;AL;PAHALI (SAT);6;24.09.2026
ISDMR;GUCLU AL;;96,0;33,8;30,0;32,2;8;0;guclu trend;26,8;63,2;86,7;yukari;guclu;yukselis;yukari;1,22;1,75;1;62,45;-1,03;179450137;54,52;AL;POZITIF;AL;POZITIF;ARTIYOR;AL;SAT;NOTR;5;24.09.2026
UNLU;GUCLU AL;;93,9;30,0;28,9;35,0;38;0;zayif;37,5;74,2;80,9;yukari;guclu;yukselis;yukari;4,90;3,79;4;14,69;9,96;383322711;11,45;AL;POZITIF;AL;POZITIF;ARTIYOR;AL;AL;NOTR;6;24.09.2026
ENERY;GUCLU AL;;90,9;35,0;30,0;25,9;28;0;guclu trend;39,6;68,4;58,3;yukari;guclu;yukselis;yukari;0,75;3,81;2;13,04;0,08;790430697;11,31;AL;POZITIF;AL;POZITIF;AZALIYOR;AL;AL;NOTR;6;24.09.2026
AHGAZ;GUCLU AL;;89,9;34,8;28,9;26,3;28;0;guclu trend;29,4;74,2;58,1;yukari;guclu;yukselis;yukari;0,78;3,84;1;44,24;0,09;267420979;38,41;AL;POZITIF;AL;POZITIF;AZALIYOR;AL;AL;NOTR;6;24.09.2026
HRKET;GUCLU AL;EVET;89,4;24,4;30,0;35,0;18;0;ilimli;20,9;70,3;72,5;yukari;guclu;yukselis;yukari;3,16;2,30;1;8,08;1,89;1179064482;5,91;AL;POZITIF;AL;POZITIF;ARTIYOR;AL;AL;NOTR;6;24.09.2026
MEPET;AL;EVET;84,6;19,6;30,0;35,0;0;0;zayif;16,0;61,6;73,8;yukari;guclu;yukselis;yukari;2,31;1,52;1;23,06;5,30;27860585;17,41;AL;POZITIF;NOTR;POZITIF;ARTIYOR;AL;AL;NOTR;5;24.09.2026
SKYMD;GUCLU AL;EVET;82,5;32,8;23,6;26,0;0;0;guclu trend;24,4;51,8;61,9;yukari;guclu;yukselis;yukari;1,06;0,48;2;15,71;1,09;65800581;14,07;SAT;POZITIF;AL;NEGATIF;ARTIYOR;SAT;AL;NOTR;3;24.09.2026
AGHOL;AL;;81,7;30,4;27,7;23,6;0;0;ilimli;18,8;52,8;72,4;yukari;guclu;zayif;yukari;0,42;0,51;2;34,1;-2,12;83660326;31,63;AL;POZITIF;NOTR;POZITIF;AZALIYOR;AL;AL;NOTR;5;24.09.2026
ETILR;AL;;81,6;28,4;27,4;25,8;22;2;ilimli;14,8;52,2;63,9;yukari;guclu;yukselis;yukari;1,02;0,40;2;6,12;-2,70;54454683;5,30;AL;POZITIF;NOTR;NEGATIF;AZALIYOR;AL;AL;NOTR;4;24.09.2026
TUPRS;GUCLU AL;;81,3;30,3;26,0;24,9;38;2;guclu trend;29,3;59,3;63,8;yukari;guclu;yukselis;yukari;0,53;2,68;3;410,75;-0,06;6329451714;374,32;SAT;POZITIF;SAT;NEGATIF;AZALIYOR;SAT;SAT;NOTR;1;24.09.2026
RYGYO;izle;;80,7;27,0;30,0;23,7;10;0;guclu trend;32,2;64,5;66,6;asagi;guclu;yukselis;yukari;0,42;2,22;1;49,26;-0,12;77553220;50,89;AL;POZITIF;AL;POZITIF;AZALIYOR;AL;AL;NOTR;6;24.09.2026
BIMAS;GUCLU AL;;80,5;32,2;24,2;24,1;10;1;guclu trend;22,8;53,7;67,7;yukari;guclu;yukselis;yukari;0,59;1,25;2;422,75;-2,54;2443255724;402,48;SAT;POZITIF;AL;NEGATIF;ARTIYOR;AL;SAT;NOTR;3;24.09.2026
ORGE;AL;;80,5;29,8;23,3;27,4;32;2;ilimli;16,6;50,1;62,8;yukari;guclu;yukselis;yukari;1,45;0,33;4;22,56;-1,48;142485824;20,44;SAT;POZITIF;NOTR;NEGATIF;ARTIYOR;AL;AL;NOTR;3;24.09.2026
TUKAS;GUCLU AL;;80,3;16,3;30,0;34,0;32;1;zayif;24,8;69,1;76,0;yukari;guclu;yukselis;yukari;3,00;2,38;2;2,33;-0,43;773209638;2,00;AL;POZITIF;AL;POZITIF;ARTIYOR;AL;AL;NOTR;6;24.09.2026
CELHA;izle;;80,2;24,6;25,3;30,3;0;0;guclu trend;23,9;55,6;80,1;asagi;guclu;yukselis;yukari;1,55;1,21;0;27,3;2,40;117925380;31,08;SAT;POZITIF;AL;POZITIF;AZALIYOR;SAT;AL;NOTR;4;24.09.2026
DEVA;GUCLU AL;;79,2;35,0;24,0;20,1;0;0;guclu trend;39,4;53,0;65,4;yukari;guclu;yukselis;yukari;0,41;1,67;1;96;-5,33;34261728;91,73;SAT;POZITIF;AL;NEGATIF;ARTIYOR;SAT;SAT;NOTR;2;24.09.2026
BAHKM;GUCLU AL;;78,6;35,0;24,6;18,9;22;2;guclu trend;40,5;54,8;78,5;yukari;guclu;yukselis;yukari;0,30;1,38;0;172,8;-10,00;113518714;146,75;SAT;POZITIF;AL;POZITIF;ARTIYOR;SAT;SAT;NOTR;3;24.09.2026
KRDMD;izle;;76,3;22,3;29,3;24,6;46;4;ilimli;17,9;55,6;65,3;asagi;guclu;yukselis;yukari;0,73;1,22;3;46,2;-1,03;1697832213;48,15;AL;POZITIF;NOTR;NEGATIF;AZALIYOR;AL;AL;NOTR;4;24.09.2026
TRMET;izle;;76,1;20,6;24,2;31,3;0;0;ilimli;16,5;52,5;63,8;asagi;guclu;yukselis;yukari;1,24;0,72;2;138,1;-3,29;982941389;146,21;SAT;POZITIF;NOTR;NEGATIF;ARTIYOR;AL;AL;NOTR;3;24.09.2026
HUNER;izle;;75,9;29,8;29,3;16,8;40;5;ilimli;16,7;57,6;64,2;yukari;guclu;yukselis;yukari;0,50;1,19;1;4,08;-0,73;130303829;3,50;AL;POZITIF;NOTR;POZITIF;AZALIYOR;AL;AL;NOTR;5;24.09.2026
SOKM;AL;;74,5;29,4;22,3;22,8;28;2;ilimli;15,7;50,5;69,6;yukari;guclu;yukselis;yukari;0,62;0,73;3;57,5;-1,79;145781475;54,83;SAT;POZITIF;NOTR;NEGATIF;ARTIYOR;SAT;SAT;NOTR;1;24.09.2026
KRTEK;AL;;73,5;9,7;30,0;33,8;0;0;zayif;16,4;66,0;79,5;yukari;guclu;yukselis;yukari;2,10;1,64;1;6,58;4,61;11378287;5,02;AL;POZITIF;NOTR;POZITIF;ARTIYOR;AL;AL;NOTR;5;24.09.2026
GMTAS;izle;;72,7;21,8;29,0;21,9;0;0;ilimli;16,6;56,3;65,6;asagi;guclu;yukselis;yukari;0,47;1,06;1;49,02;0,00;78720630;50,60;AL;POZITIF;NOTR;POZITIF;AZALIYOR;AL;AL;NOTR;5;24.09.2026
RYSAS;izle;;71,2;24,6;25,6;20,9;10;1;guclu trend;23,9;57,4;45,9;asagi;guclu;yukselis;yukari;0,54;1,34;0;27,26;0,89;317277859;28,46;SAT;POZITIF;AL;POZITIF;AZALIYOR;AL;AL;NOTR;5;24.09.2026
FLAP;AL;;69,2;35,0;22,9;11,3;0;0;guclu trend;32,5;54,6;63,6;yukari;guclu;yukselis;yukari;0,71;0,69;2;12;-1,56;12074904;10,92;SAT;POZITIF;AL;NEGATIF;AZALIYOR;SAT;AL;NOTR;3;24.09.2026
KRPLS;AL;;69,0;35,0;22,0;12,0;22;2;guclu trend;37,5;49,8;63,3;yukari;guclu;yukselis;yukari;0,49;0,58;2;11,4;-8,43;41933623;11,28;SAT;NEGATIF;AL;NEGATIF;ARTIYOR;SAT;AL;NOTR;2;24.09.2026
DMLKT;AL;;67,0;30,3;21,6;15,2;10;0;guclu trend;28,7;47,6;55,6;yukari;guclu;yukselis;yukari;0,67;0,98;5;6,81;-1,16;30950660;6,62;SAT;NEGATIF;SAT;NEGATIF;AZALIYOR;SAT;SAT;NOTR;0;24.09.2026
TRENJ;izle;;66,7;28,5;20,6;17,6;46;5;zayif;15,4;46,1;54,2;yukari;guclu;zayif;yukari;0,79;-0,05;3;101,3;-3,71;117432734;98,12;SAT;NEGATIF;NOTR;NEGATIF;ARTIYOR;SAT;SAT;NOTR;0;24.09.2026
VAKBN;izle;;66,1;23,2;22,3;20,6;0;0;guclu trend;20,2;51,4;67,2;asagi;guclu;yukselis;yukari;0,39;0,60;1;33,78;-1,92;1165786951;38,36;SAT;POZITIF;AL;NEGATIF;AZALIYOR;SAT;SAT;NOTR;2;24.09.2026
AYGAZ;izle;;65,7;30,4;23,0;12,3;40;4;guclu trend;30,9;45,0;57,9;yukari;guclu;zayif;yukari;0,48;0,20;1;305,5;-1,13;201574705;299,67;SAT;NEGATIF;SAT;NEGATIF;AZALIYOR;SAT;AL;NOTR;1;24.09.2026
EBEBK;izle;;65,1;20,9;20,6;23,6;38;3;zayif;14,4;46,8;52,2;asagi;guclu;zayif;yukari;0,91;-0,31;3;80,65;-2,48;49781454;87,54;SAT;NEGATIF;NOTR;NEGATIF;AZALIYOR;AL;SAT;NOTR;1;24.09.2026
PETKM;izle;;62,6;23,4;23,8;15,4;16;1;guclu trend;20,8;51,8;43,8;asagi;guclu;yukselis;yukari;1,08;0,57;3;22;-4,35;2774867766;25,30;SAT;POZITIF;AL;NEGATIF;ARTIYOR;SAT;AL;NOTR;3;24.09.2026
HALKB;AL;;62,5;31,0;21,8;9,7;10;1;ilimli;19,8;50,9;26,1;yukari;guclu;yukselis;yukari;0,22;0,83;1;45,2;-1,87;660315636;44,37;SAT;POZITIF;NOTR;NEGATIF;AZALIYOR;SAT;SAT;NOTR;1;24.09.2026
EGEEN;izle;;61,3;9,6;24,1;27,6;0;0;zayif;23,9;53,7;71,8;asagi;guclu;yukselis;yukari;1,99;0,67;2;5712,5;0,75;460313250;6130,57;SAT;POZITIF;AL;POZITIF;ARTIYOR;AL;AL;UCUZ (AL);5;24.09.2026
AKFIS;izle;;59,4;21,2;19,3;19,0;0;0;guclu trend;20,7;46,2;43,6;asagi;guclu;zayif;yukari;0,88;-0,31;2;15;3,73;233175465;17,46;SAT;NEGATIF;SAT;NEGATIF;AZALIYOR;AL;AL;PAHALI (SAT);2;24.09.2026
TRCAS;izle;;59,4;28,2;17,4;13,8;10;1;guclu trend;21,2;44,2;49,4;yukari;guclu;zayif;yukari;0,41;-0,19;1;46,12;0,04;17128968;45,06;SAT;NEGATIF;SAT;NEGATIF;AZALIYOR;SAT;SAT;NOTR;0;24.09.2026
ARSAN;izle;;59,1;21,1;21,7;16,3;0;0;guclu trend;21,7;45,9;56,7;asagi;guclu;zayif;yukari;0,71;-0,33;1;3,66;-4,94;58142841;4,10;SAT;NEGATIF;AL;NEGATIF;AZALIYOR;AL;AL;NOTR;3;24.09.2026
KCHOL;izle;;58,9;21,8;22,2;14,8;22;2;guclu trend;25,6;49,9;69,6;asagi;guclu;yukselis;yukari;0,59;0,62;2;216;-2,31;4053138264;229,66;SAT;NEGATIF;SAT;NEGATIF;AZALIYOR;SAT;SAT;NOTR;0;24.09.2026
CRFSA;izle;;57,3;22,4;23,5;11,3;46;4;guclu trend;29,6;48,2;39,6;asagi;guclu;yukselis;yukari;0,90;0,45;3;249,8;-5,47;533914277;305,34;SAT;NEGATIF;SAT;NEGATIF;ARTIYOR;AL;AL;NOTR;2;24.09.2026
ALARK;izle;;56,4;18,9;16,1;21,3;20;1;guclu trend;23,9;42,9;59,8;asagi;guclu;zayif;yukari;0,78;-0,60;4;105;-3,85;338345490;117,47;SAT;NEGATIF;SAT;NEGATIF;ARTIYOR;SAT;SAT;NOTR;0;24.09.2026
AVGYO;izle;;56,0;20,2;22,6;13,3;40;5;ilimli;13,1;48,5;40,2;asagi;guclu;zayif;yukari;0,43;0,02;1;15,83;-1,12;12007815;18,21;SAT;NEGATIF;NOTR;NEGATIF;AZALIYOR;SAT;AL;NOTR;1;24.09.2026
ZRGYO;izle;;55,2;14,0;17,7;23,6;40;4;zayif;19,2;45,0;36,4;yukari;guclu;zayif;asagi;1,55;-0,29;1;19;0,26;67503542;18,80;SAT;NEGATIF;NOTR;NEGATIF;ARTIYOR;SAT;SAT;UCUZ (AL);0;24.09.2026
YKBNK;izle;;51,8;14,0;26,2;11,6;0;0;zayif;17,8;49,1;62,5;asagi;guclu;yukselis;asagi;0,40;-0,11;2;35,7;-3,20;3578131853;37,23;AL;NEGATIF;NOTR;NEGATIF;AZALIYOR;AL;SAT;NOTR;2;24.09.2026
MPARK;izle;;51,7;23,3;20,8;7,5;46;4;zayif;14,2;47,3;67,5;yukari;guclu;zayif;asagi;0,72;-0,25;3;426,5;-1,56;180660282;411,23;SAT;NEGATIF;NOTR;NEGATIF;AZALIYOR;SAT;SAT;NOTR;0;24.09.2026
KRGYO;izle;;51,4;17,7;17,7;16,0;10;1;guclu trend;36,0;44,9;58,7;asagi;guclu;yukselis;yukari;0,63;-0,09;0;3,01;-8,51;39728045;3,78;SAT;NEGATIF;SAT;NEGATIF;ARTIYOR;SAT;SAT;NOTR;0;24.09.2026
NETAS;izle;;51,3;22,4;18,6;10,3;0;0;guclu trend;32,8;42,0;43,4;asagi;guclu;zayif;yukari;0,84;-0,44;2;78,75;1,16;107011879;98,75;SAT;NEGATIF;SAT;NEGATIF;AZALIYOR;SAT;AL;NOTR;1;24.09.2026
INVES;izle;;50,1;21,3;11,0;17,8;6;0;guclu trend;21,6;35,7;44,8;asagi;guclu;zayif;yukari;0,74;-1,01;3;715;-3,90;35527635;830,16;SAT;NEGATIF;SAT;NEGATIF;ARTIYOR;SAT;SAT;NOTR;0;24.09.2026
EREGL;izle;;49,7;14,5;25,1;10,2;10;1;zayif;15,8;49,0;44,4;asagi;guclu;zayif;asagi;0,55;-0,42;2;37,94;-1,56;2994197445;40,26;AL;NEGATIF;NOTR;NEGATIF;AZALIYOR;AL;AL;NOTR;3;24.09.2026
TUCLK;izle;;49,6;5,4;27,3;16,9;0;0;zayif;25,9;54,4;64,6;asagi;guclu;yukselis;asagi;0,86;0,33;1;3,98;-2,69;36943566;4,11;AL;POZITIF;AL;POZITIF;AZALIYOR;AL;AL;NOTR;6;24.09.2026
LOGO;izle;;49,5;15,0;27,1;7,4;10;1;zayif;15,3;51,7;61,9;yukari;guclu;yukselis;asagi;0,77;0,27;2;139,8;-2,58;75827240;127,89;AL;POZITIF;NOTR;NEGATIF;ARTIYOR;AL;SAT;NOTR;3;24.09.2026
MAVI;izle;;49,2;9,5;25,7;14,0;6;0;zayif;23,3;50,5;59,8;yukari;guclu;zayif;asagi;0,74;-0,35;3;37,52;-3,25;219024613;33,49;AL;POZITIF;SAT;POZITIF;ARTIYOR;AL;AL;NOTR;5;24.09.2026
BRSAN;izle;;49,2;21,4;17,1;10,7;0;0;guclu trend;22,1;44,0;44,6;asagi;guclu;zayif;yukari;0,67;-0,14;2;647;-3,07;785749797;709,48;SAT;NEGATIF;SAT;NEGATIF;ARTIYOR;SAT;SAT;NOTR;0;24.09.2026
TAVHL;izle;;49,0;8,1;26,1;14,8;46;5;zayif;12,2;49,3;54,5;yukari;guclu;zayif;asagi;0,63;-0,18;3;272;-3,20;664290368;251,55;AL;NEGATIF;NOTR;NEGATIF;ARTIYOR;AL;SAT;NOTR;2;24.09.2026
OZSUB;izle;;48,8;21,9;17,5;9,5;6;0;zayif;16,8;43,7;27,8;asagi;guclu;zayif;yukari;0,68;-0,25;3;37,92;-2,87;64835426;45,04;SAT;NEGATIF;NOTR;NEGATIF;AZALIYOR;AL;AL;NOTR;2;24.09.2026
CVKMD;izle;;48,7;14,5;15,5;18,7;6;0;zayif;27,1;44,3;35,4;asagi;guclu;zayif;asagi;2,21;-0,99;3;14,27;3,41;1041299623;15,58;SAT;NEGATIF;SAT;NEGATIF;ARTIYOR;AL;AL;NOTR;2;24.09.2026
TOASO;izle;;48,4;14,2;20,7;13,4;10;1;zayif;16,8;49,0;65,4;yukari;guclu;zayif;asagi;0,70;-0,23;1;279,5;0,18;722043530;263,78;SAT;NEGATIF;NOTR;NEGATIF;AZALIYOR;SAT;SAT;NOTR;0;24.09.2026
KLSYN;izle;;46,3;22,4;15,8;8,0;0;0;guclu trend;30,2;40,3;59,7;asagi;guclu;zayif;yukari;0,55;-0,79;1;14;-0,50;29962632;16,20;SAT;NEGATIF;SAT;NEGATIF;AZALIYOR;SAT;AL;NOTR;1;24.09.2026
TRALT;izle;;46,3;20,1;16,0;10,2;16;1;zayif;15,3;43,6;59,5;asagi;guclu;zayif;asagi;0,66;-0,75;3;48,4;-3,49;2992776780;56,70;SAT;NEGATIF;NOTR;NEGATIF;AZALIYOR;SAT;SAT;NOTR;0;24.09.2026
AKSGY;izle;;45,4;20,9;17,4;7,2;16;1;zayif;28,2;41,1;35,0;asagi;guclu;zayif;asagi;0,76;-0,85;3;9,47;0,00;37221759;10,14;SAT;NEGATIF;SAT;NEGATIF;AZALIYOR;SAT;AL;NOTR;1;24.09.2026
ADGYO;izle;;44,8;8,4;21,4;15,1;10;0;zayif;25,8;46,5;46,9;asagi;guclu;zayif;asagi;1,74;-0,48;4;54;-5,10;121324500;57,79;SAT;NEGATIF;SAT;NEGATIF;ARTIYOR;AL;AL;NOTR;2;24.09.2026
BOSSA;izle;;44,1;15,4;17,4;11,4;0;0;zayif;18,2;44,0;75,1;yukari;guclu;zayif;asagi;0,35;-0,58;1;6,39;-0,47;8702605;6,19;SAT;NEGATIF;NOTR;NEGATIF;AZALIYOR;SAT;SAT;NOTR;0;24.09.2026
ATEKS;izle;;44,0;10,4;19,5;14,0;6;0;zayif;34,9;49,4;57,7;yukari;zayif;zayif;asagi;1,77;-1,35;3;95;2,81;1799300;85,73;AL;NEGATIF;SAT;NEGATIF;ARTIYOR;AL;AL;NOTR;3;24.09.2026
TNZTP;izle;;43,6;20,3;15,3;8,0;40;5;zayif;17,1;41,9;52,9;asagi;guclu;zayif;yukari;0,50;-0,59;1;27,44;-4,12;61620252;32,10;SAT;NEGATIF;NOTR;NEGATIF;AZALIYOR;SAT;SAT;NOTR;0;24.09.2026
ASELS;izle;;42,7;21,3;16,6;4,8;0;0;zayif;21,7;44,0;44,3;asagi;guclu;zayif;asagi;0,66;-0,77;2;367,75;-3,60;7345702545;413,49;SAT;NEGATIF;SAT;NEGATIF;ARTIYOR;SAT;SAT;NOTR;0;24.09.2026
AKCNS;izle;;42,4;10,7;11,9;19,8;28;2;zayif;24,8;43,0;46,4;asagi;zayif;zayif;asagi;3,79;-1,33;3;211,7;1,29;638922244;225,55;SAT;NEGATIF;SAT;NEGATIF;ARTIYOR;AL;AL;NOTR;2;24.09.2026
ENJSA;izle;;42,2;16,5;13,1;12,5;32;3;zayif;24,1;40,7;40,1;asagi;guclu;zayif;asagi;0,44;-1,16;2;105,9;-2,93;186495513;120,39;SAT;NEGATIF;SAT;NEGATIF;AZALIYOR;SAT;SAT;NOTR;0;24.09.2026
YGGYO;izle;;40,8;12,0;8,1;20,7;0;0;zayif;22,4;35,5;48,1;asagi;zayif;zayif;asagi;1,48;-2,47;2;204,3;-5,77;39630523;233,17;SAT;NEGATIF;SAT;NEGATIF;ARTIYOR;SAT;SAT;NOTR;0;24.09.2026
ALBRK;izle;;40,1;15,0;16,6;8,5;6;0;zayif;25,4;44,0;53,9;asagi;guclu;zayif;asagi;0,67;-0,62;3;8,35;-2,00;101672447;9,13;SAT;NEGATIF;SAT;NEGATIF;AZALIYOR;SAT;SAT;NOTR;0;24.09.2026
TTKOM;izle;;39,5;1,1;26,1;12,2;0;0;zayif;14,9;51,4;68,6;asagi;guclu;zayif;asagi;0,55;-0,15;1;54,55;0,09;1325480448;59,69;AL;POZITIF;NOTR;NEGATIF;AZALIYOR;AL;AL;NOTR;4;24.09.2026
PCILT;izle;;39,4;13,0;25,4;1,0;0;0;zayif;11,8;48,4;44,0;asagi;guclu;zayif;asagi;0,70;-0,41;2;31,08;0,78;39840364;33,97;AL;NEGATIF;NOTR;POZITIF;AZALIYOR;AL;AL;NOTR;4;24.09.2026
OTKAR;izle;;39,2;8,2;18,4;12,5;10;0;zayif;13,8;45,1;50,4;yukari;guclu;zayif;asagi;0,97;-1,19;4;306;-3,09;100379322;298,05;SAT;NEGATIF;NOTR;NEGATIF;ARTIYOR;AL;AL;UCUZ (AL);2;24.09.2026
OFSYM;izle;;39,1;20,8;17,2;1,1;20;1;zayif;37,2;40,3;22,3;yukari;guclu;zayif;asagi;0,33;-0,82;4;58,6;-1,43;30310967;58,06;SAT;NEGATIF;SAT;NEGATIF;AZALIYOR;SAT;SAT;NOTR;0;24.09.2026
RGYAS;izle;;38,7;14,7;18,6;5,4;6;0;zayif;24,6;44,8;34,0;asagi;guclu;zayif;asagi;0,35;-0,69;3;195,1;-1,27;184095385;206,64;SAT;NEGATIF;SAT;NEGATIF;AZALIYOR;AL;AL;NOTR;2;24.09.2026
TCELL;izle;;38,6;1,6;24,4;12,5;0;0;zayif;24,1;47,1;63,1;asagi;guclu;zayif;asagi;0,35;-0,88;2;99,45;-1,34;1147651011;105,37;AL;NEGATIF;SAT;NEGATIF;AZALIYOR;AL;AL;NOTR;3;24.09.2026
BLUME;izle;;38,4;1,3;22,3;14,8;10;1;zayif;21,7;49,6;34,2;asagi;guclu;zayif;asagi;1,05;-0,08;2;37;2,89;117396005;40,56;SAT;NEGATIF;SAT;POZITIF;AZALIYOR;AL;AL;NOTR;3;24.09.2026
AVPGY;izle;;38,2;14,6;20,1;3,4;0;0;zayif;23,2;46,9;52,1;yukari;guclu;zayif;asagi;0,65;-0,27;2;53,75;-0,56;24579875;51,57;SAT;NEGATIF;SAT;NEGATIF;AZALIYOR;SAT;AL;NOTR;1;24.09.2026
DMRGD;izle;;38,0;14,4;5,7;18,0;0;0;zayif;22,0;37,9;68,1;asagi;zayif;zayif;asagi;1,99;-1,61;0;9,43;3,40;1098640443;11,42;SAT;NEGATIF;SAT;NEGATIF;ARTIYOR;SAT;SAT;NOTR;0;24.09.2026
KONYA;izle;;38,0;10,7;19,6;7,6;10;1;zayif;26,8;46,8;62,6;asagi;guclu;zayif;asagi;0,98;-0,38;2;3785;-3,57;93584125;4312,77;SAT;NEGATIF;AL;NEGATIF;ARTIYOR;SAT;AL;UCUZ (AL);2;24.09.2026
EGGUB;izle;;37,8;11,1;15,0;11,6;0;0;zayif;20,3;42,8;53,1;asagi;guclu;zayif;asagi;0,56;-0,96;2;99,75;-2,40;30164799;112,63;SAT;NEGATIF;SAT;NEGATIF;AZALIYOR;SAT;AL;NOTR;1;24.09.2026
ENKAI;izle;;37,5;3,1;20,1;14,3;6;0;zayif;23,8;48,4;56,8;asagi;guclu;zayif;asagi;0,74;-0,51;3;86,4;-2,32;874266480;92,02;SAT;NEGATIF;SAT;NEGATIF;AZALIYOR;AL;AL;NOTR;2;24.09.2026
KERVN;izle;;37,4;14,9;10,6;12,0;22;2;zayif;25,8;43,9;43,7;asagi;zayif;zayif;yukari;0,60;-1,12;1;7,87;-6,31;6442398;8,63;SAT;NEGATIF;SAT;NEGATIF;AZALIYOR;AL;AL;NOTR;2;24.09.2026
DURDO;izle;;36,3;10,0;13,1;13,3;50;4;zayif;26,7;41,3;46,9;asagi;guclu;zayif;asagi;1,28;-1,44;4;4,65;0,65;16818343;5,10;SAT;NEGATIF;SAT;NEGATIF;AZALIYOR;SAT;AL;NOTR;1;24.09.2026
EKGYO;izle;;36,0;2,1;22,1;11,8;10;1;zayif;19,4;49,0;54,7;asagi;guclu;zayif;asagi;0,47;-0,18;2;19,58;-1,61;1673615263;21,81;SAT;NEGATIF;NOTR;NEGATIF;AZALIYOR;AL;AL;NOTR;2;24.09.2026
SNPAM;izle;;35,9;0,5;18,9;16,5;10;1;zayif;15,8;45,8;24,1;asagi;guclu;zayif;asagi;1,00;-1,55;2;19;1,17;935427;19,88;SAT;NEGATIF;NOTR;NEGATIF;AZALIYOR;AL;AL;UCUZ (AL);2;24.09.2026
OYAKC;izle;;34,9;1,9;21,0;12,0;6;0;zayif;25,9;46,3;59,0;asagi;guclu;zayif;asagi;0,87;-0,63;3;20,9;-1,23;293117442;22,37;SAT;NEGATIF;SAT;NEGATIF;AZALIYOR;AL;AL;NOTR;2;24.09.2026
FMIZP;izle;;34,9;3,4;19,2;12,3;32;3;zayif;20,8;45,7;61,7;asagi;guclu;zayif;asagi;2,31;-0,96;2;276;-2,90;44601324;293,40;SAT;NEGATIF;AL;NEGATIF;ARTIYOR;AL;AL;NOTR;3;24.09.2026
ALTIN;izle;;34,7;6,7;16,1;11,9;0;0;zayif;13,5;44,0;43,1;asagi;guclu;zayif;asagi;1,07;-0,83;1;72,88;-0,57;1320463089;76,83;SAT;NEGATIF;NOTR;NEGATIF;AZALIYOR;SAT;SAT;UCUZ (AL);0;24.09.2026
AKBNK;izle;;34,7;8,5;21,1;5,1;32;3;zayif;17,5;48,7;56,4;asagi;guclu;yukselis;asagi;0,45;-0,09;2;70,65;-3,15;5981273015;74,93;SAT;NEGATIF;NOTR;NEGATIF;AZALIYOR;AL;SAT;NOTR;1;24.09.2026
PNSUT;izle;;34,4;6,1;16,4;11,9;28;2;zayif;27,7;43,0;60,7;asagi;guclu;zayif;asagi;0,91;-1,08;3;10,5;-3,67;48691661;11,96;SAT;NEGATIF;AL;NEGATIF;ARTIYOR;SAT;AL;NOTR;2;24.09.2026
GARAN;izle;;34,4;5,8;20,4;8,2;46;4;zayif;17,8;47,1;70,5;asagi;guclu;zayif;asagi;0,81;-0,41;3;129,4;-3,29;3741664535;136,38;SAT;NEGATIF;NOTR;NEGATIF;ARTIYOR;AL;SAT;NOTR;1;24.09.2026
KRVGD;izle;;33,2;2,4;12,7;18,0;0;0;zayif;40,6;43,3;59,2;asagi;zayif;zayif;asagi;2,26;-2,13;1;2,17;3,33;48907536;2,27;SAT;NEGATIF;SAT;NEGATIF;ARTIYOR;AL;AL;UCUZ (AL);2;24.09.2026
ISGYO;izle;;33,0;12,8;19,4;0,8;0;0;zayif;18,1;44,9;51,8;asagi;guclu;zayif;asagi;0,19;-0,76;1;23,84;-1,73;8622666;25,73;AL;NEGATIF;NOTR;NEGATIF;AZALIYOR;AL;SAT;NOTR;2;24.09.2026
EPLAS;izle;;32,8;5,4;21,8;5,6;22;2;zayif;26,0;48,0;31,1;asagi;guclu;zayif;asagi;1,03;-0,31;2;5,62;4,46;40711640;6,67;SAT;NEGATIF;AL;POZITIF;ARTIYOR;SAT;AL;NOTR;3;24.09.2026
TRHOL;izle;;32,3;22,4;1,9;8,0;0;0;zayif;51,5;31,2;95,6;asagi;zayif;zayif;asagi;0,00;-2,47;0;2155;-9,98;1935190;2968,69;SAT;NEGATIF;SAT;NEGATIF;AZALIYOR;SAT;AL;NOTR;1;24.09.2026
INDES;izle;;32,0;11,7;9,8;10,5;40;4;zayif;26,4;37,0;51,8;asagi;guclu;zayif;asagi;0,38;-1,45;2;10,36;-3,45;25282969;11,79;SAT;NEGATIF;SAT;NEGATIF;AZALIYOR;SAT;AL;NOTR;1;24.09.2026
PETUN;izle;;31,8;7,0;12,3;12,5;42;3;zayif;31,4;38,8;65,4;asagi;guclu;zayif;asagi;0,90;-1,66;4;10,5;-3,31;33424524;11,99;SAT;NEGATIF;AL;NEGATIF;ARTIYOR;SAT;AL;NOTR;2;24.09.2026
KRDMA;izle;;31,8;22,2;9,6;0,0;16;1;zayif;28,2;37,5;41,1;asagi;zayif;zayif;asagi;0,70;-1,33;3;43,12;-0,42;334805154;54,09;SAT;NEGATIF;SAT;NEGATIF;AZALIYOR;SAT;AL;NOTR;1;24.09.2026
GLYHO;izle;;31,7;11,8;13,7;6,3;46;4;zayif;20,7;41,4;36,3;asagi;guclu;zayif;asagi;0,99;-1,44;3;15,65;-0,70;54794954;16,97;SAT;NEGATIF;SAT;NEGATIF;ARTIYOR;AL;AL;NOTR;2;24.09.2026
ORMA;izle;;31,6;10,4;14,1;7,0;10;0;zayif;33,7;46,8;32,0;yukari;zayif;zayif;asagi;1,12;-2,14;4;143,4;8,64;1659281;117,75;SAT;NEGATIF;SAT;NEGATIF;ARTIYOR;AL;AL;NOTR;2;24.09.2026
TURSG;izle;;31,6;3,8;12,7;15,1;0;0;zayif;17,8;39,6;66,9;asagi;guclu;zayif;asagi;0,98;-1,41;2;5,93;-1,50;495945042;6,53;SAT;NEGATIF;NOTR;NEGATIF;AZALIYOR;SAT;SAT;NOTR;0;24.09.2026
ISCTR;izle;;31,4;6,2;21,3;3,9;6;0;zayif;21,0;49,9;69,1;asagi;guclu;yukselis;asagi;0,49;-0,04;3;13,2;-3,23;5043318311;14,36;SAT;NEGATIF;SAT;NEGATIF;ARTIYOR;SAT;SAT;NOTR;0;24.09.2026
ARDYZ;izle;;31,4;15,4;6,7;9,2;6;0;zayif;37,0;34,0;28,1;asagi;zayif;zayif;asagi;0,77;-2,16;3;63,3;-5,52;273681475;74,79;SAT;NEGATIF;SAT;NEGATIF;AZALIYOR;AL;AL;NOTR;2;24.09.2026
ENTRA;izle;;31,3;1,4;21,4;8,5;0;0;zayif;22,3;46,8;60,6;asagi;guclu;zayif;asagi;0,73;-1,09;0;4,21;1,45;61843965;4,51;AL;NEGATIF;SAT;NEGATIF;AZALIYOR;AL;AL;NOTR;3;24.09.2026
BIGEN;izle;;31,2;22,3;0,9;8,0;0;0;zayif;29,1;28,0;72,4;asagi;zayif;zayif;asagi;0,01;-3,84;0;75,2;-9,99;5017946;112,13;SAT;NEGATIF;SAT;NEGATIF;AZALIYOR;SAT;AL;PAHALI (SAT);1;24.09.2026
ARMGD;izle;;31,1;6,4;6,7;18,0;6;0;zayif;30,2;33,9;50,4;asagi;zayif;zayif;asagi;2,46;-2,77;3;133,6;9,96;560982526;168,05;SAT;NEGATIF;SAT;NEGATIF;ARTIYOR;SAT;AL;NOTR;1;24.09.2026
BMSTL;izle;;30,5;16,3;12,5;1,7;22;2;zayif;21,3;40,2;54,3;asagi;guclu;zayif;asagi;0,80;-1,07;1;42,44;-0,61;131836210;50,77;SAT;NEGATIF;AL;NEGATIF;AZALIYOR;SAT;SAT;NOTR;1;24.09.2026
OZATD;izle;;30,4;22,4;0,0;8,0;32;3;zayif;36,7;19,1;74,7;asagi;zayif;zayif;asagi;0,00;-4,95;1;2388;-9,97;291336;3271,75;SAT;NEGATIF;SAT;NEGATIF;AZALIYOR;SAT;AL;PAHALI (SAT);1;24.09.2026
MTRYO;izle;;30,3;1,0;18,9;10,4;16;1;zayif;19,5;43,2;66,7;asagi;guclu;zayif;asagi;0,84;-1,05;3;8,46;-3,86;2280850;9,34;AL;NEGATIF;NOTR;NEGATIF;AZALIYOR;AL;SAT;NOTR;2;24.09.2026
KOCMT;izle;;30,2;4,4;7,9;18,0;0;0;zayif;22,2;37,8;72,0;asagi;zayif;zayif;asagi;2,18;-2,69;0;3,03;9,78;487960611;3,66;SAT;NEGATIF;SAT;NEGATIF;AZALIYOR;AL;AL;NOTR;2;24.09.2026
PINSU;izle;;30,1;4,7;7,3;18,0;28;2;zayif;24,2;32,7;58,5;asagi;zayif;zayif;asagi;1,88;-2,41;3;9,21;1,66;71438295;9,98;SAT;NEGATIF;AL;NEGATIF;ARTIYOR;AL;AL;NOTR;3;24.09.2026
ATATP;izle;;29,9;22,0;7,4;0,5;28;2;zayif;26,9;36,0;29,2;asagi;zayif;zayif;asagi;0,73;-1,47;3;237,7;-6,69;128048515;298,63;SAT;NEGATIF;SAT;NEGATIF;ARTIYOR;SAT;AL;NOTR;1;24.09.2026
CCOLA;izle;;29,6;9,9;16,5;3,2;6;0;zayif;21,8;41,7;37,0;asagi;guclu;zayif;asagi;0,82;-1,54;3;77;-1,09;340555446;84,19;AL;NEGATIF;SAT;NEGATIF;AZALIYOR;SAT;SAT;NOTR;1;24.09.2026
LMKDC;izle;;29,6;1,4;19,0;9,1;6;0;zayif;22,0;44,5;64,2;asagi;guclu;zayif;asagi;0,54;-1,62;3;22,2;-2,46;55607848;23,16;AL;NEGATIF;SAT;NEGATIF;AZALIYOR;AL;SAT;UCUZ (AL);2;24.09.2026
THYAO;izle;;29,3;1,6;19,1;8,6;0;0;zayif;24,0;43,8;61,3;asagi;guclu;zayif;asagi;0,55;-1,44;2;288,5;-3,35;7558382650;301,24;AL;NEGATIF;SAT;NEGATIF;ARTIYOR;AL;AL;NOTR;3;24.09.2026
CEOEM;izle;;29,3;11,4;5,9;12,1;0;0;zayif;22,3;37,2;67,4;asagi;zayif;zayif;asagi;0,94;-1,77;0;22,2;-9,98;65147720;29,92;SAT;NEGATIF;SAT;NEGATIF;ARTIYOR;SAT;SAT;NOTR;0;24.09.2026
AKSA;izle;;29,0;12,6;16,3;0,1;0;0;zayif;23,4;41,8;60,1;yukari;zayif;zayif;asagi;0,65;-1,76;2;10,66;-3,09;120750041;10,52;AL;NEGATIF;SAT;NEGATIF;ARTIYOR;AL;SAT;NOTR;2;24.09.2026
TUREX;izle;;28,9;10,2;8,7;10,0;6;0;zayif;28,1;40,5;46,9;yukari;zayif;zayif;asagi;2,27;-2,92;3;5,55;-0,54;170456895;4,79;SAT;NEGATIF;SAT;NEGATIF;ARTIYOR;AL;AL;NOTR;2;24.09.2026
MIATK;izle;;28,5;2,2;8,3;18,0;0;0;zayif;27,9;39,3;73,1;asagi;zayif;zayif;asagi;1,37;-2,58;0;24,8;9,93;946153406;28,61;SAT;NEGATIF;SAT;NEGATIF;AZALIYOR;SAT;AL;UCUZ (AL);1;24.09.2026
TCKRC;izle;;28,4;15,4;8,4;4,6;6;0;zayif;32,4;39,6;47,6;asagi;zayif;zayif;asagi;0,97;-1,79;3;123,4;-4,19;380014002;138,23;SAT;NEGATIF;SAT;NEGATIF;ARTIYOR;AL;AL;NOTR;2;24.09.2026
AYDEM;izle;;28,3;4,4;11,8;12,0;0;0;zayif;22,6;38,7;48,6;asagi;guclu;zayif;asagi;0,92;-1,71;2;23,52;-2,00;49546221;26,22;SAT;NEGATIF;SAT;NEGATIF;AZALIYOR;AL;AL;NOTR;2;24.09.2026
EMNIS;izle;;28,1;0,7;13,1;14,3;6;0;zayif;17,4;43,0;33,3;asagi;guclu;zayif;asagi;0,96;-2,05;3;144;0,21;1002960;146,11;SAT;NEGATIF;NOTR;NEGATIF;AZALIYOR;AL;AL;NOTR;2;24.09.2026
NUHCM;izle;;28,1;1,1;15,3;11,7;10;1;zayif;19,9;40,8;50,6;asagi;guclu;zayif;asagi;1,21;-1,24;2;207,1;0,88;15600015;224,95;SAT;NEGATIF;NOTR;NEGATIF;AZALIYOR;AL;AL;NOTR;2;24.09.2026
ULKER;izle;;27,8;1,7;14,4;11,6;10;0;zayif;24,4;43,5;55,9;asagi;guclu;zayif;asagi;0,58;-1,80;4;87,5;-2,94;284899388;95,05;SAT;NEGATIF;SAT;NEGATIF;ARTIYOR;AL;AL;UCUZ (AL);2;24.09.2026
TRGYO;izle;;27,5;8,7;14,5;4,3;0;0;zayif;14,6;40,0;55,1;asagi;guclu;zayif;asagi;0,66;-1,22;2;91;-1,73;66339091;96,70;SAT;NEGATIF;NOTR;NEGATIF;AZALIYOR;AL;SAT;NOTR;1;24.09.2026
GUBRF;izle;;27,5;5,4;12,8;9,3;22;2;zayif;29,5;41,0;51,1;asagi;guclu;zayif;asagi;0,72;-1,30;2;430,25;-4,02;1090577048;485,59;SAT;NEGATIF;SAT;NEGATIF;ARTIYOR;SAT;SAT;NOTR;0;24.09.2026
MRSHL;izle;;27,2;13,2;10,0;4,0;0;0;zayif;17,7;40,8;48,1;yukari;zayif;zayif;asagi;0,94;-1,41;2;1505;-2,27;56749035;1462,12;SAT;NEGATIF;NOTR;NEGATIF;ARTIYOR;SAT;AL;NOTR;1;24.09.2026
AEFES;izle;;27,1;6,1;19,4;1,6;6;0;zayif;23,3;45,0;67,5;asagi;guclu;zayif;asagi;0,60;-1,20;3;18,69;-0,69;476322575;20,18;AL;NEGATIF;SAT;NEGATIF;AZALIYOR;SAT;SAT;NOTR;1;24.09.2026
MGROS;izle;;27,0;2,4;16,6;8,0;0;0;zayif;33,8;43,5;68,8;asagi;zayif;zayif;asagi;0,68;-2,24;2;528,5;-1,58;1227440193;553,46;AL;NEGATIF;SAT;NEGATIF;AZALIYOR;AL;SAT;NOTR;2;24.09.2026
OYYAT;izle;;26,8;1,3;7,6;18,0;0;0;zayif;21,3;37,0;59,3;asagi;zayif;zayif;asagi;1,50;-2,82;1;30,06;-2,97;48146771;32,28;SAT;NEGATIF;SAT;NEGATIF;ARTIYOR;AL;AL;NOTR;2;24.09.2026
AZTEK;izle;;26,6;10,4;12,2;4,0;6;0;zayif;31,6;38,9;52,9;yukari;zayif;zayif;asagi;0,47;-2,39;3;3,36;-3,45;13608692;3,20;AL;NEGATIF;SAT;NEGATIF;AZALIYOR;SAT;SAT;NOTR;1;24.09.2026
FROTO;izle;;25,9;1,7;18,7;5,5;32;3;zayif;24,2;46,1;56,9;asagi;guclu;zayif;asagi;0,47;-1,08;2;77,4;-1,40;826889665;83,94;SAT;NEGATIF;SAT;NEGATIF;AZALIYOR;AL;SAT;UCUZ (AL);1;24.09.2026
EUHOL;izle;;25,8;10,4;9,4;5,9;6;0;zayif;38,6;43,2;22,2;yukari;zayif;zayif;asagi;1,05;-2,61;3;8,64;9,92;5679418;7,11;SAT;NEGATIF;SAT;NEGATIF;ARTIYOR;AL;AL;NOTR;2;24.09.2026
OZYSR;izle;;25,8;5,9;11,8;8,0;0;0;zayif;28,4;43,1;41,3;asagi;zayif;zayif;asagi;0,61;-1,30;2;11,22;-3,69;22252402;12,85;SAT;NEGATIF;SAT;NEGATIF;ARTIYOR;AL;AL;NOTR;2;24.09.2026
EUKYO;izle;;25,3;7,3;0,0;18,0;40;4;zayif;42,0;23,7;49,3;asagi;zayif;zayif;asagi;2,21;-3,48;1;9,54;-10,00;16507024;12,70;SAT;NEGATIF;SAT;NEGATIF;ARTIYOR;SAT;AL;NOTR;1;24.09.2026
ETYAT;izle;;24,8;5,4;5,3;14,0;40;4;zayif;39,0;29,3;13,4;asagi;zayif;zayif;asagi;1,61;-3,54;2;9,15;9,98;12858760;10,84;SAT;NEGATIF;SAT;NEGATIF;AZALIYOR;SAT;AL;NOTR;1;24.09.2026
TTRAK;izle;;24,7;2,0;13,8;8,9;6;0;zayif;26,8;41,5;31,2;asagi;guclu;zayif;asagi;0,58;-1,44;3;407,5;-1,51;23512750;443,90;SAT;NEGATIF;SAT;NEGATIF;AZALIYOR;SAT;SAT;UCUZ (AL);0;24.09.2026
CEMTS;izle;;24,6;2,4;8,6;13,6;10;0;zayif;29,4;33,2;37,5;asagi;zayif;zayif;asagi;1,28;-3,00;4;7,95;-1,85;18583570;8,58;SAT;NEGATIF;SAT;NEGATIF;AZALIYOR;AL;AL;UCUZ (AL);2;24.09.2026
AKSEN;izle;;23,8;5,4;7,2;11,2;0;0;zayif;32,1;35,5;43,8;asagi;zayif;zayif;asagi;0,89;-2,90;2;69;-2,54;459517230;77,56;SAT;NEGATIF;SAT;NEGATIF;AZALIYOR;AL;AL;NOTR;2;24.09.2026
MARTI;izle;;23,8;12,4;3,4;8,0;0;0;zayif;44,9;36,2;87,0;asagi;zayif;zayif;asagi;0,01;-2,02;1;1,47;-9,82;2840359;2,15;SAT;NEGATIF;SAT;NEGATIF;AZALIYOR;SAT;SAT;NOTR;0;24.09.2026
AYES;izle;;23,7;5,4;8,3;10,0;10;0;zayif;34,9;39,2;18,9;asagi;zayif;zayif;asagi;1,51;-2,96;4;25,54;8,31;2936206;26,18;SAT;NEGATIF;SAT;NEGATIF;ARTIYOR;AL;AL;NOTR;2;24.09.2026
GENIL;izle;;23,4;5,4;4,0;14,0;40;5;zayif;41,2;22,9;28,1;asagi;zayif;zayif;asagi;1,67;-4,48;2;6,75;0,15;529151785;8,82;SAT;NEGATIF;SAT;NEGATIF;ARTIYOR;SAT;AL;UCUZ (AL);1;24.09.2026
CEMZY;izle;;23,4;5,4;0,0;18,0;0;0;zayif;29,3;24,4;59,6;asagi;zayif;zayif;asagi;2,79;-4,25;1;8,57;1,90;546182486;11,77;SAT;NEGATIF;SAT;NEGATIF;ARTIYOR;SAT;AL;NOTR;1;24.09.2026
BJKAS;izle;;23,3;11,8;3,5;8,0;0;0;zayif;25,0;36,5;72,7;asagi;zayif;zayif;asagi;0,55;-2,14;1;1,62;-4,71;348962470;2,32;SAT;NEGATIF;SAT;NEGATIF;AZALIYOR;SAT;AL;NOTR;1;24.09.2026
DOCO;izle;;23,0;7,2;10,2;5,6;28;2;zayif;21,0;32,6;22,5;asagi;guclu;zayif;asagi;0,84;-1,95;3;10375;-0,24;41271750;11429,62;SAT;NEGATIF;SAT;NEGATIF;ARTIYOR;SAT;SAT;NOTR;0;24.09.2026
ASTOR;izle;;22,8;14,7;8,1;0,0;32;3;zayif;31,5;38,7;48,3;asagi;zayif;zayif;asagi;0,53;-2,11;2;260,5;-2,07;4918885780;300,62;SAT;NEGATIF;SAT;NEGATIF;AZALIYOR;AL;AL;NOTR;2;24.09.2026
KRONT;izle;;22,7;8,8;8,6;5,3;0;0;zayif;27,3;40,4;20,1;asagi;zayif;zayif;asagi;1,02;-1,62;2;20,28;7,42;28807010;23,19;SAT;NEGATIF;SAT;NEGATIF;ARTIYOR;AL;AL;NOTR;2;24.09.2026
PSDTC;izle;;22,6;5,4;4,4;12,8;46;4;zayif;29,5;26,3;35,8;asagi;zayif;zayif;asagi;0,99;-4,16;3;93,55;-8,01;41410937;124,59;SAT;NEGATIF;SAT;NEGATIF;ARTIYOR;SAT;AL;UCUZ (AL);1;24.09.2026
DOHOL;izle;;22,5;4,9;13,4;4,3;6;0;zayif;21,6;38,5;35,7;asagi;guclu;zayif;asagi;0,71;-1,55;3;20,08;-0,79;184576244;22,13;SAT;NEGATIF;SAT;NEGATIF;AZALIYOR;SAT;AL;NOTR;1;24.09.2026
PGSUS;izle;;22,4;0,3;13,4;8,7;0;0;zayif;14,5;41,5;71,8;asagi;guclu;zayif;asagi;0,48;-1,90;1;145,7;-3,06;774915212;158,55;SAT;NEGATIF;NOTR;NEGATIF;ARTIYOR;SAT;SAT;UCUZ (AL);0;24.09.2026
AGESA;izle;;22,3;9,0;9,7;3,6;6;0;zayif;29,0;35,8;57,1;asagi;guclu;zayif;asagi;0,45;-1,72;3;231,4;-3,22;20406472;259,47;SAT;NEGATIF;SAT;NEGATIF;AZALIYOR;SAT;SAT;NOTR;0;24.09.2026
SAHOL;izle;;22,2;1,9;15,5;4,8;28;2;zayif;26,1;43,3;66,6;asagi;guclu;zayif;asagi;0,69;-1,05;3;88,2;-3,18;2227669605;96,46;SAT;NEGATIF;SAT;NEGATIF;ARTIYOR;SAT;SAT;NOTR;0;24.09.2026
KBORU;izle;;21,8;2,4;5,3;14,0;10;0;zayif;39,4;29,4;57,4;asagi;zayif;zayif;asagi;2,29;-4,59;4;12,87;-4,24;424482767;15,54;SAT;NEGATIF;SAT;NEGATIF;ARTIYOR;AL;AL;NOTR;2;24.09.2026
TURGG;izle;;21,7;5,9;7,8;8,0;10;1;zayif;27,1;39,1;57,4;asagi;zayif;zayif;asagi;0,44;-1,50;0;24,88;-6,11;16075043;30,52;SAT;NEGATIF;AL;NEGATIF;ARTIYOR;SAT;AL;NOTR;2;24.09.2026
YKSLN;izle;;21,2;7,3;3,8;10,0;0;0;zayif;29,2;37,8;60,2;asagi;zayif;zayif;asagi;2,10;-2,40;1;2,55;-6,25;101813348;3,56;SAT;NEGATIF;SAT;NEGATIF;ARTIYOR;SAT;SAT;NOTR;0;24.09.2026
OZKGY;izle;;20,7;1,8;13,2;5,7;10;0;zayif;25,5;38,5;39,0;asagi;guclu;zayif;asagi;1,03;-1,93;4;12,18;-1,38;40592030;13,15;SAT;NEGATIF;SAT;NEGATIF;AZALIYOR;AL;AL;NOTR;2;24.09.2026
LILAK;izle;;20,6;0,9;5,7;14,0;32;2;zayif;18,4;29,8;54,4;asagi;zayif;zayif;asagi;1,46;-3,26;4;25,42;-0,39;125018610;28,71;SAT;NEGATIF;NOTR;NEGATIF;ARTIYOR;SAT;SAT;NOTR;0;24.09.2026
PATEK;izle;;20,6;1,2;4,4;15,0;22;2;zayif;21,0;37,4;46,6;asagi;zayif;zayif;asagi;1,12;-2,27;1;15,91;4,46;593974680;22,43;SAT;NEGATIF;SAT;NEGATIF;AZALIYOR;SAT;AL;NOTR;1;24.09.2026
EUPWR;izle;;20,6;5,4;7,1;8,0;10;1;zayif;35,2;35,4;55,9;asagi;zayif;zayif;asagi;0,53;-2,89;2;60,3;-6,00;900384344;76,39;SAT;NEGATIF;SAT;NEGATIF;AZALIYOR;AL;SAT;NOTR;1;24.09.2026
ANHYT;izle;;20,6;3,6;11,9;5,0;10;0;zayif;16,7;40,8;53,5;asagi;guclu;zayif;asagi;0,94;-1,34;4;100,5;-1,95;95083955;112,43;SAT;NEGATIF;NOTR;NEGATIF;AZALIYOR;SAT;AL;NOTR;1;24.09.2026
GEREL;izle;;20,5;5,4;5,0;10,0;6;0;zayif;30,6;28,3;35,9;asagi;zayif;zayif;asagi;1,46;-3,78;3;26,6;5,06;264604005;32,80;SAT;NEGATIF;SAT;NEGATIF;ARTIYOR;AL;AL;NOTR;2;24.09.2026
DITAS;izle;;20,4;2,4;4,0;14,0;0;0;zayif;41,3;21,2;70,8;asagi;zayif;zayif;asagi;2,62;-6,90;2;9,81;-9,92;108095448;14,67;SAT;NEGATIF;SAT;NEGATIF;ARTIYOR;AL;AL;UCUZ (AL);2;24.09.2026
SELEC;izle;;20,4;12,4;0,0;8,0;0;0;zayif;45,3;21,3;94,3;asagi;zayif;zayif;asagi;0,00;-5,65;0;139,9;-9,97;618358;203,58;SAT;NEGATIF;SAT;NEGATIF;AZALIYOR;SAT;SAT;NOTR;0;24.09.2026
IEYHO;izle;;20,4;12,4;0,0;8,0;0;0;zayif;72,3;15,9;99,0;asagi;zayif;zayif;asagi;0,00;-7,48;0;110,2;-9,97;203980;141,48;SAT;NEGATIF;SAT;NEGATIF;ARTIYOR;SAT;SAT;NOTR;0;24.09.2026
AFYON;izle;;20,4;1,6;6,9;11,8;20;1;zayif;23,9;28,1;43,8;asagi;zayif;zayif;asagi;1,41;-3,50;5;11,23;-0,18;21902431;12,29;SAT;NEGATIF;SAT;NEGATIF;AZALIYOR;SAT;AL;UCUZ (AL);1;24.09.2026
KRDMB;izle;;20,3;5,4;4,9;10,0;0;0;zayif;43,6;27,9;35,5;asagi;zayif;zayif;asagi;2,88;-4,42;2;71,7;9,97;490795821;94,34;SAT;NEGATIF;SAT;NEGATIF;AZALIYOR;SAT;AL;NOTR;1;24.09.2026
GLRMK;izle;;20,3;2,0;7,7;10,6;32;3;zayif;26,9;37,2;44,6;asagi;zayif;zayif;asagi;0,86;-1,98;2;143,4;-2,58;716577544;167,95;SAT;NEGATIF;SAT;NEGATIF;AZALIYOR;AL;AL;NOTR;2;24.09.2026
ICUGS;izle;;20,3;2,4;4,0;13,8;0;0;zayif;44,7;16,6;44,9;asagi;zayif;zayif;asagi;1,29;-7,22;2;2,01;-9,87;48748892;3,03;SAT;NEGATIF;SAT;NEGATIF;AZALIYOR;AL;AL;NOTR;2;24.09.2026
YEOTK;izle;;19,8;4,0;12,0;3,9;6;0;zayif;19,3;38,2;51,0;asagi;zayif;zayif;asagi;0,93;-2,37;3;29,48;-9,01;491937683;35,85;AL;NEGATIF;NOTR;NEGATIF;ARTIYOR;AL;AL;NOTR;3;24.09.2026
ISFIN;izle;;19,7;4,5;9,8;5,4;10;0;zayif;23,2;35,2;50,1;asagi;guclu;zayif;asagi;0,83;-2,01;4;18,23;-3,03;25289568;19,51;SAT;NEGATIF;SAT;NEGATIF;ARTIYOR;AL;SAT;NOTR;1;24.09.2026
ASGYO;izle;;19,7;1,9;7,8;10,0;0;0;zayif;25,7;30,4;46,9;asagi;zayif;zayif;asagi;1,81;-2,71;2;10,01;1,32;58410993;10,89;SAT;NEGATIF;SAT;NEGATIF;ARTIYOR;AL;AL;NOTR;2;24.09.2026
LIDFA;izle;;19,6;0,7;14,9;4,0;0;0;zayif;17,3;41,3;58,3;asagi;zayif;zayif;asagi;0,57;-1,83;2;1,59;-3,05;16762019;1,70;AL;NEGATIF;NOTR;NEGATIF;AZALIYOR;AL;SAT;NOTR;2;24.09.2026
DAGI;izle;;19,4;5,4;4,0;10,0;10;0;zayif;39,9;20,4;16,3;asagi;zayif;zayif;asagi;1,46;-4,94;4;5,61;-8,03;59776351;7,85;SAT;NEGATIF;SAT;NEGATIF;AZALIYOR;SAT;AL;NOTR;1;24.09.2026
CLEBI;izle;;19,4;1,3;12,0;6,2;6;0;zayif;21,8;39,4;46,7;asagi;guclu;zayif;asagi;0,69;-2,42;3;1382;-2,54;22366288;1485,54;SAT;NEGATIF;SAT;NEGATIF;ARTIYOR;AL;SAT;NOTR;1;24.09.2026
SANKO;izle;;19,4;2,2;9,2;8,0;6;0;zayif;28,4;36,9;60,0;asagi;guclu;zayif;asagi;0,55;-1,81;3;17,88;-2,40;5168125;21,15;SAT;NEGATIF;SAT;NEGATIF;ARTIYOR;SAT;AL;NOTR;1;24.09.2026
MOBTL;izle;;19,1;5,0;5,8;8,3;6;0;zayif;26,9;30,9;25,0;asagi;zayif;zayif;asagi;1,20;-3,50;3;10,35;0,10;43821714;12,09;SAT;NEGATIF;SAT;NEGATIF;ARTIYOR;SAT;AL;NOTR;1;24.09.2026
ENDAE;izle;;19,0;4,8;6,2;8,1;22;2;zayif;25,0;32,3;32,3;asagi;zayif;zayif;asagi;0,95;-2,22;2;14,87;0,07;47311745;16,89;SAT;NEGATIF;SAT;NEGATIF;AZALIYOR;AL;AL;NOTR;2;24.09.2026
ARTMS;izle;;19,0;1,5;7,4;10,0;10;0;zayif;23,2;36,4;35,8;asagi;zayif;zayif;asagi;1,30;-2,13;4;34,08;6,50;40850537;40,58;SAT;NEGATIF;SAT;NEGATIF;ARTIYOR;SAT;AL;NOTR;1;24.09.2026
HATSN;izle;;18,8;5,0;5,2;8,6;0;0;zayif;26,3;29,1;15,2;asagi;zayif;zayif;asagi;1,22;-4,01;2;35,42;0,40;289737336;51,74;SAT;NEGATIF;SAT;NEGATIF;AZALIYOR;SAT;AL;NOTR;1;24.09.2026
GEDIK;izle;;18,6;1,7;3,0;14,0;6;0;zayif;24,4;27,2;53,7;asagi;zayif;zayif;asagi;2,10;-3,68;3;4,97;-4,79;92238772;5,68;SAT;NEGATIF;SAT;NEGATIF;AZALIYOR;SAT;SAT;NOTR;0;24.09.2026
MRGYO;izle;;18,1;7,4;2,7;8,0;0;0;zayif;38,4;33,8;82,6;asagi;zayif;zayif;asagi;0,41;-2,90;0;1,15;-9,45;87965078;1,66;SAT;NEGATIF;SAT;NEGATIF;AZALIYOR;SAT;SAT;NOTR;0;24.09.2026
VAKKO;izle;;18,1;0,2;8,8;9,1;6;0;zayif;12,6;33,7;45,1;asagi;guclu;zayif;asagi;1,25;-1,60;3;62,15;-2,66;10651267;72,32;SAT;NEGATIF;NOTR;NEGATIF;ARTIYOR;SAT;AL;NOTR;1;24.09.2026
SEKFK;izle;;17,9;2,4;11,4;4,0;6;0;zayif;32,1;36,3;26,9;asagi;zayif;zayif;asagi;0,70;-2,68;3;4,08;-2,16;1515030;4,48;AL;NEGATIF;SAT;NEGATIF;ARTIYOR;AL;AL;NOTR;3;24.09.2026
TATGD;izle;;17,8;4,2;13,1;0,6;10;0;zayif;14,0;41,4;46,7;asagi;guclu;zayif;asagi;0,45;-1,65;4;16,7;-1,88;15908437;18,28;SAT;NEGATIF;NOTR;NEGATIF;AZALIYOR;AL;AL;NOTR;2;24.09.2026
KARSN;izle;;17,7;5,4;4,2;8,0;0;0;zayif;30,3;39,1;62,2;asagi;zayif;zayif;asagi;0,30;-1,91;0;9,34;-3,71;159779417;12,37;SAT;NEGATIF;SAT;NEGATIF;AZALIYOR;SAT;AL;NOTR;1;24.09.2026
CANTE;izle;;17,7;2,4;7,2;8,0;0;0;zayif;31,5;37,9;52,7;asagi;zayif;zayif;asagi;0,42;-2,09;2;1,13;-3,42;248741041;1,38;SAT;NEGATIF;SAT;NEGATIF;AZALIYOR;SAT;AL;UCUZ (AL);1;24.09.2026
RUBNS;izle;;17,6;2,4;5,1;10,0;10;0;zayif;36,1;28,7;22,3;asagi;zayif;zayif;asagi;1,38;-2,63;4;22,32;-6,77;60525568;29,82;SAT;NEGATIF;SAT;NEGATIF;ARTIYOR;SAT;AL;NOTR;1;24.09.2026
ANELE;izle;;17,4;5,4;4,0;8,0;0;0;zayif;39,8;20,9;16,3;asagi;zayif;zayif;asagi;0,00;-5,35;0;69;-9,98;184506;106,65;SAT;NEGATIF;SAT;NEGATIF;AZALIYOR;SAT;AL;NOTR;1;24.09.2026
GUNDG;izle;;17,4;5,4;4,0;8,0;0;0;zayif;36,1;20,2;37,6;asagi;zayif;zayif;asagi;0,01;-7,48;0;351,75;-9,98;221251;661,52;SAT;NEGATIF;SAT;NEGATIF;AZALIYOR;SAT;SAT;NOTR;0;24.09.2026
EKIZ;izle;;17,3;2,4;5,1;9,7;10;0;zayif;43,9;28,7;34,2;asagi;zayif;zayif;asagi;1,28;-5,20;5;46,5;3,33;906146;54,80;SAT;NEGATIF;SAT;NEGATIF;ARTIYOR;SAT;AL;UCUZ (AL);1;24.09.2026
TSKB;izle;;17,3;1,4;11,2;4,6;10;1;zayif;22,5;39,7;51,7;asagi;guclu;zayif;asagi;0,80;-1,90;2;10,45;-2,97;185509100;11,64;SAT;NEGATIF;SAT;NEGATIF;ARTIYOR;SAT;SAT;UCUZ (AL);0;24.09.2026
CIMSA;izle;;17,2;1,5;13,0;2,8;6;0;zayif;22,9;41,5;58,5;asagi;guclu;zayif;asagi;0,78;-2,02;3;42,3;-1,03;256243925;45,98;SAT;NEGATIF;SAT;NEGATIF;AZALIYOR;AL;AL;NOTR;2;24.09.2026
EGPRO;izle;;17,2;7,2;10,0;0,0;10;0;zayif;25,1;40,7;42,1;asagi;guclu;zayif;asagi;0,46;-1,58;4;33,42;-3,13;20668933;39,72;SAT;NEGATIF;SAT;NEGATIF;AZALIYOR;SAT;AL;NOTR;1;24.09.2026
DIRIT;izle;;17,2;0,6;6,6;10,0;10;0;zayif;16,3;33,6;17,6;asagi;zayif;zayif;asagi;1,55;-2,61;5;21;-4,37;1988070;24,99;SAT;NEGATIF;NOTR;NEGATIF;AZALIYOR;SAT;AL;NOTR;1;24.09.2026
GSDDE;izle;;17,1;8,2;8,8;0,0;0;0;zayif;15,9;39,0;44,3;asagi;zayif;zayif;asagi;0,54;-1,34;2;12,06;-1,55;27030886;14,75;SAT;NEGATIF;NOTR;NEGATIF;AZALIYOR;SAT;SAT;NOTR;0;24.09.2026
MEGMT;izle;;17,0;2,4;4,5;10,0;6;0;zayif;48,2;26,8;44,9;asagi;zayif;zayif;asagi;1,45;-5,96;3;3,57;0,28;331156192;4,36;SAT;NEGATIF;SAT;NEGATIF;ARTIYOR;AL;AL;UCUZ (AL);2;24.09.2026
BASCM;izle;;16,7;2,4;4,3;10,0;16;1;zayif;31,5;25,9;25,8;asagi;zayif;zayif;asagi;1,31;-6,02;3;11,01;-1,78;1368334;11,95;SAT;NEGATIF;SAT;NEGATIF;AZALIYOR;SAT;AL;UCUZ (AL);1;24.09.2026
BALSU;izle;;16,7;2,4;10,2;4,0;6;0;zayif;37,1;32,5;60,4;asagi;zayif;zayif;asagi;0,67;-4,85;3;6,93;0,58;286042271;8,50;AL;NEGATIF;SAT;NEGATIF;AZALIYOR;AL;AL;UCUZ (AL);3;24.09.2026
BUCIM;izle;;16,6;2,1;12,4;2,1;10;0;zayif;27,3;36,0;43,6;asagi;guclu;zayif;asagi;0,67;-2,05;4;5,05;-2,32;17418980;5,55;SAT;NEGATIF;SAT;NEGATIF;AZALIYOR;SAT;AL;UCUZ (AL);1;24.09.2026
JANTS;izle;;16,5;7,0;9,5;0,0;50;4;zayif;33,0;37,7;26,0;asagi;guclu;zayif;asagi;0,27;-1,78;4;14,37;-3,56;17805810;16,81;SAT;NEGATIF;AL;NEGATIF;AZALIYOR;SAT;AL;UCUZ (AL);2;24.09.2026
SMRTG;izle;;16,4;2,4;0,0;14,0;0;0;zayif;40,7;15,4;18,7;asagi;zayif;zayif;asagi;2,03;-7,36;2;4,9;-9,93;308428859;6,92;SAT;NEGATIF;SAT;NEGATIF;ARTIYOR;AL;AL;UCUZ (AL);2;24.09.2026
BTCIM;izle;;16,4;2,4;4,0;10,0;10;0;zayif;61,9;12,2;36,7;asagi;zayif;zayif;asagi;1,69;-7,31;4;2,28;-3,80;735575100;3,09;SAT;NEGATIF;SAT;NEGATIF;ARTIYOR;SAT;AL;UCUZ (AL);1;24.09.2026
ONCSM;izle;;16,4;2,4;4,0;10,0;0;0;zayif;48,4;14,6;9,1;asagi;zayif;zayif;asagi;2,51;-8,46;2;81;-3,97;259801506;125,14;SAT;NEGATIF;SAT;NEGATIF;AZALIYOR;SAT;SAT;UCUZ (AL);0;24.09.2026
KAYSE;izle;;16,4;2,4;4,0;10,0;10;0;zayif;34,1;22,6;24,5;asagi;zayif;zayif;asagi;1,39;-3,94;6;3,33;-0,60;41944467;3,87;SAT;NEGATIF;SAT;NEGATIF;ARTIYOR;SAT;AL;UCUZ (AL);1;24.09.2026
DMSAS;izle;;16,4;2,4;4,0;10,0;32;2;zayif;34,7;18,7;17,4;asagi;zayif;zayif;asagi;2,16;-5,91;6;5,5;4,96;40162606;6,57;SAT;NEGATIF;SAT;NEGATIF;ARTIYOR;SAT;AL;UCUZ (AL);1;24.09.2026
OTTO;izle;;16,4;2,4;4,0;10,0;0;0;zayif;46,0;13,4;21,1;asagi;zayif;zayif;asagi;1,74;-6,92;2;92;0,82;42483484;118,26;SAT;NEGATIF;SAT;NEGATIF;AZALIYOR;AL;AL;UCUZ (AL);2;24.09.2026
ODAS;izle;;16,2;5,1;11,1;0,0;46;4;zayif;20,6;41,5;47,0;asagi;zayif;zayif;asagi;0,65;-1,60;3;6,85;-0,72;310256968;7,59;SAT;NEGATIF;SAT;NEGATIF;AZALIYOR;AL;AL;NOTR;2;24.09.2026
AYCES;izle;;16,2;0,0;8,1;8,1;6;0;zayif;11,6;36,8;33,4;asagi;zayif;zayif;asagi;0,94;-3,04;3;402,5;0,31;36875440;463,08;SAT;NEGATIF;NOTR;NEGATIF;ARTIYOR;AL;SAT;NOTR;1;24.09.2026
ISBTR;izle;;16,1;4,6;7,5;4,0;32;3;zayif;24,0;31,2;37,0;asagi;zayif;zayif;asagi;0,24;-3,63;2;446487,5;-0,00;446488;474488,65;SAT;NEGATIF;SAT;NEGATIF;AZALIYOR;SAT;AL;NOTR;1;24.09.2026
SONME;izle;;16,1;5,0;11,1;0,0;10;0;zayif;24,9;32,5;35,7;asagi;guclu;zayif;asagi;0,66;-1,32;4;123,7;-0,96;2942452;144,10;SAT;NEGATIF;AL;NEGATIF;AZALIYOR;SAT;SAT;UCUZ (AL);1;24.09.2026
MAALT;izle;;16,0;4,8;7,1;4,1;40;5;zayif;24,4;35,5;63,3;asagi;zayif;zayif;asagi;0,95;-2,42;1;915;-1,61;45279690;1042,90;SAT;NEGATIF;AL;NEGATIF;ARTIYOR;SAT;AL;NOTR;2;24.09.2026
ECOGR;izle;;16,0;4,0;4,0;8,0;16;1;zayif;19,0;34,0;63,9;asagi;zayif;zayif;asagi;0,43;-2,59;3;30,18;-1,05;70558637;36,25;SAT;NEGATIF;NOTR;NEGATIF;AZALIYOR;SAT;SAT;NOTR;0;24.09.2026
DAPGM;izle;;16,0;2,0;4,0;10,0;0;0;zayif;26,5;18,6;33,1;asagi;zayif;zayif;asagi;1,36;-7,04;2;4,45;1,83;435623178;5,92;SAT;NEGATIF;SAT;NEGATIF;AZALIYOR;SAT;AL;UCUZ (AL);1;24.09.2026
REEDR;izle;;15,9;1,9;4,0;10,0;0;0;zayif;26,2;12,7;42,5;asagi;zayif;zayif;asagi;1,72;-6,50;2;4,03;0,00;147024781;4,87;SAT;NEGATIF;SAT;NEGATIF;ARTIYOR;SAT;SAT;UCUZ (AL);0;24.09.2026
ERSU;izle;;15,9;1,9;4,0;10,0;10;1;zayif;26,0;16,8;20,2;asagi;zayif;zayif;asagi;1,69;-5,46;1;14,07;-5,32;12595802;18,86;SAT;NEGATIF;SAT;NEGATIF;AZALIYOR;SAT;AL;NOTR;1;24.09.2026
ULUFA;izle;;15,8;2,0;8,6;5,3;0;0;zayif;27,0;32,9;31,0;asagi;zayif;zayif;asagi;0,77;-2,50;1;1,51;0,67;21570522;1,65;SAT;NEGATIF;SAT;NEGATIF;AZALIYOR;AL;AL;NOTR;2;24.09.2026
ISMEN;izle;;15,8;1,0;11,5;3,3;6;0;zayif;19,4;40,8;45,7;asagi;guclu;zayif;asagi;0,40;-1,78;3;32,3;-2,83;100204645;36,69;SAT;NEGATIF;NOTR;NEGATIF;AZALIYOR;SAT;SAT;UCUZ (AL);0;24.09.2026
VANGD;izle;;15,7;5,4;4,0;6,2;0;0;zayif;32,6;20,6;37,8;asagi;zayif;zayif;asagi;0,83;-4,77;2;60,2;-4,06;10336882;78,06;SAT;NEGATIF;SAT;NEGATIF;AZALIYOR;SAT;AL;NOTR;1;24.09.2026
BAGFS;izle;;15,6;2,4;5,2;8,0;10;1;zayif;31,4;33,9;52,5;asagi;zayif;zayif;asagi;0,46;-2,39;2;23,02;-3,36;10617814;27,37;SAT;NEGATIF;SAT;NEGATIF;AZALIYOR;SAT;AL;NOTR;1;24.09.2026
MAKIM;izle;;15,6;1,9;5,7;8,0;6;0;zayif;26,1;30,7;47,7;asagi;zayif;zayif;asagi;0,63;-3,42;3;12,75;-1,92;7397563;14,48;SAT;NEGATIF;SAT;NEGATIF;ARTIYOR;AL;AL;NOTR;2;24.09.2026
EFOR;izle;;15,6;3,7;1,9;10,0;0;0;zayif;17,0;30,1;49,2;asagi;zayif;zayif;asagi;2,37;-3,16;1;13,2;-7,43;2553063282;18,12;SAT;NEGATIF;NOTR;NEGATIF;AZALIYOR;SAT;SAT;NOTR;0;24.09.2026
SANEL;izle;;15,5;4,5;7,0;4,0;0;0;zayif;22,9;35,0;34,7;asagi;zayif;zayif;asagi;0,57;-2,55;2;43,18;-0,78;10076398;51,77;SAT;NEGATIF;SAT;NEGATIF;AZALIYOR;AL;AL;NOTR;2;24.09.2026
BRMEN;izle;;15,5;5,4;0,0;10,0;0;0;zayif;50,1;16,2;6,9;asagi;zayif;zayif;asagi;1,33;-8,22;2;6,66;-10,00;4568560;9,43;SAT;NEGATIF;SAT;NEGATIF;ARTIYOR;SAT;AL;NOTR;1;24.09.2026
CATES;izle;;15,4;5,4;0,0;10,0;0;0;zayif;39,8;20,8;27,1;asagi;zayif;zayif;asagi;1,33;-4,92;2;31;-7,57;125785972;46,76;SAT;NEGATIF;SAT;NEGATIF;AZALIYOR;SAT;AL;NOTR;1;24.09.2026
SANFM;izle;;15,4;5,4;0,0;10,0;0;0;zayif;38,0;13,9;14,8;asagi;zayif;zayif;asagi;1,63;-7,17;2;4,71;-3,09;49582829;6,51;SAT;NEGATIF;SAT;NEGATIF;AZALIYOR;SAT;AL;UCUZ (AL);1;24.09.2026
DURKN;izle;;15,4;5,4;0,0;10,0;28;2;zayif;41,5;15,5;8,9;asagi;zayif;zayif;asagi;1,42;-6,42;3;11,45;-9,91;33427187;15,81;SAT;NEGATIF;SAT;NEGATIF;ARTIYOR;SAT;AL;NOTR;1;24.09.2026
KUVVA;izle;;15,4;5,4;0,0;10,0;32;3;zayif;35,3;23,0;23,7;asagi;zayif;zayif;asagi;1,39;-3,77;2;108,2;-9,98;25037480;155,04;SAT;NEGATIF;SAT;NEGATIF;AZALIYOR;SAT;AL;NOTR;1;24.09.2026
NTGAZ;izle;;15,4;1,6;10,5;3,4;38;3;zayif;23,4;37,3;44,6;asagi;guclu;zayif;asagi;0,56;-1,80;3;10,45;-1,69;20201334;11,69;SAT;NEGATIF;SAT;NEGATIF;AZALIYOR;SAT;SAT;NOTR;0;24.09.2026
EDIP;izle;;15,4;1,5;9,9;4,0;46;5;zayif;22,9;39,0;51,4;asagi;zayif;zayif;asagi;0,66;-1,88;3;32,14;1,20;44108004;35,37;SAT;NEGATIF;SAT;NEGATIF;ARTIYOR;AL;AL;NOTR;2;24.09.2026
BASGZ;izle;;15,3;1,6;11,4;2,3;22;2;zayif;24,0;35,8;45,0;asagi;guclu;zayif;asagi;0,47;-2,09;2;41,12;-0,92;6170220;45,41;SAT;NEGATIF;SAT;NEGATIF;AZALIYOR;SAT;SAT;NOTR;0;24.09.2026
VBTYZ;izle;;15,2;9,5;5,7;0,0;40;5;zayif;31,9;30,6;18,5;asagi;zayif;zayif;asagi;0,61;-2,42;2;27,4;-3,99;30877882;33,71;SAT;NEGATIF;SAT;NEGATIF;ARTIYOR;SAT;AL;NOTR;1;24.09.2026
TGSAS;izle;;15,1;5,1;0,0;10,0;10;0;zayif;27,4;22,2;22,0;asagi;zayif;zayif;asagi;2,64;-5,09;4;101,6;-7,64;182420666;158,80;SAT;NEGATIF;SAT;NEGATIF;ARTIYOR;SAT;AL;UCUZ (AL);1;24.09.2026
BRISA;izle;;15,0;1,1;9,3;4,6;6;0;zayif;20,1;39,1;64,9;asagi;zayif;zayif;asagi;0,93;-2,44;3;71,35;-2,26;12433879;80,01;SAT;NEGATIF;SAT;NEGATIF;AZALIYOR;SAT;AL;UCUZ (AL);1;24.09.2026
ANSGR;izle;;14,9;4,1;8,3;2,5;0;0;zayif;20,3;34,0;57,8;asagi;zayif;zayif;asagi;0,45;-2,40;2;25,12;-2,71;47014240;28,02;SAT;NEGATIF;SAT;NEGATIF;ARTIYOR;SAT;SAT;NOTR;0;24.09.2026
DOAS;izle;;14,7;2,3;12,4;0,0;6;0;zayif;29,0;34,8;46,5;asagi;zayif;zayif;asagi;0,44;-3,37;3;155,4;-1,71;57168397;165,49;AL;NEGATIF;SAT;NEGATIF;AZALIYOR;AL;AL;UCUZ (AL);3;24.09.2026
GESAN;izle;;14,7;5,4;4,3;4,9;10;1;zayif;40,2;26,1;30,7;asagi;zayif;zayif;asagi;0,76;-4,57;1;45,46;-5,33;767602101;60,43;SAT;NEGATIF;SAT;NEGATIF;ARTIYOR;SAT;AL;NOTR;1;24.09.2026
SISE;izle;;14,7;1,2;12,9;0,6;10;1;zayif;20,7;43,0;66,9;asagi;guclu;zayif;asagi;0,37;-1,42;2;39,14;-3,12;1279986144;45,24;SAT;NEGATIF;SAT;NEGATIF;AZALIYOR;SAT;SAT;NOTR;0;24.09.2026
FONET;izle;;14,7;5,4;5,2;4,0;6;0;zayif;37,4;29,0;32,2;asagi;zayif;zayif;asagi;0,63;-3,25;3;4,04;-4,72;39174898;4,63;SAT;NEGATIF;SAT;NEGATIF;AZALIYOR;AL;AL;NOTR;2;24.09.2026
USHOL;izle;;14,6;5,0;6,7;2,9;40;4;zayif;27,0;33,9;46,2;asagi;zayif;zayif;asagi;0,87;-2,40;2;60,85;-5,80;32844518;76,85;SAT;NEGATIF;SAT;NEGATIF;AZALIYOR;AL;AL;NOTR;2;24.09.2026
INVEO;izle;;14,6;1,1;3,5;10,0;10;0;zayif;20,0;28,9;48,3;asagi;zayif;zayif;asagi;2,62;-3,02;4;6,02;-3,68;88202999;6,92;SAT;NEGATIF;NOTR;NEGATIF;AZALIYOR;SAT;SAT;UCUZ (AL);0;24.09.2026
GSDHO;izle;;14,4;1,1;3,3;10,0;10;0;zayif;20,4;30,1;40,7;asagi;zayif;zayif;asagi;1,67;-3,34;4;4,04;-1,22;79918787;4,71;SAT;NEGATIF;SAT;NEGATIF;AZALIYOR;SAT;AL;NOTR;1;24.09.2026
ALCAR;izle;;14,4;0,7;5,6;8,0;0;0;zayif;17,5;36,0;60,8;asagi;zayif;zayif;asagi;0,53;-2,17;2;636;-3,05;17535156;759,45;SAT;NEGATIF;NOTR;NEGATIF;ARTIYOR;SAT;SAT;UCUZ (AL);0;24.09.2026
BORSK;izle;;14,3;2,4;11,9;0,0;0;0;zayif;31,0;37,0;39,7;asagi;guclu;zayif;asagi;0,62;-1,43;2;5,68;0,35;41205730;6,67;SAT;NEGATIF;SAT;NEGATIF;ARTIYOR;SAT;AL;NOTR;1;24.09.2026
ESCOM;izle;;14,2;5,3;3,2;5,7;0;0;zayif;29,0;29,9;43,8;asagi;zayif;zayif;asagi;0,80;-3,56;1;4,39;-6,79;59033348;5,11;SAT;NEGATIF;SAT;NEGATIF;ARTIYOR;AL;AL;NOTR;2;24.09.2026
A1YEN;izle;;14,2;2,4;0,0;11,7;6;0;zayif;31,2;17,2;56,6;asagi;zayif;zayif;asagi;1,16;-6,29;3;1,64;-8,38;28679772;2,18;SAT;NEGATIF;SAT;NEGATIF;ARTIYOR;SAT;AL;UCUZ (AL);1;24.09.2026
DGATE;izle;;14,1;5,4;4,0;4,7;6;0;zayif;34,2;23,3;28,3;asagi;zayif;zayif;asagi;0,98;-4,45;3;64,8;3,68;21082745;81,83;SAT;NEGATIF;SAT;NEGATIF;AZALIYOR;AL;AL;NOTR;2;24.09.2026
ATLAS;izle;;14,0;1,2;5,6;7,3;22;2;zayif;20,5;35,9;47,7;asagi;zayif;zayif;asagi;1,14;-2,33;1;5,36;-2,55;7556346;7,18;SAT;NEGATIF;SAT;NEGATIF;AZALIYOR;SAT;SAT;NOTR;0;24.09.2026
KNFRT;izle;;13,9;0,7;5,2;8,0;0;0;zayif;17,3;38,0;48,4;asagi;zayif;zayif;asagi;0,66;-2,17;1;10,41;-8,12;23089453;12,77;SAT;NEGATIF;NOTR;NEGATIF;ARTIYOR;SAT;AL;NOTR;1;24.09.2026
BINHO;izle;;13,9;2,2;5,6;6,1;0;0;zayif;28,3;30,2;61,6;asagi;zayif;zayif;asagi;0,83;-3,69;2;6,94;-1,98;190525187;8,24;SAT;NEGATIF;SAT;NEGATIF;AZALIYOR;AL;AL;NOTR;2;24.09.2026
AKSUE;izle;;13,6;5,4;4,0;4,2;6;0;zayif;51,8;23,2;27,1;asagi;zayif;zayif;asagi;0,95;-6,46;3;18;-4,31;60232608;24,87;SAT;NEGATIF;SAT;NEGATIF;AZALIYOR;AL;AL;NOTR;2;24.09.2026
VKING;izle;;13,6;2,4;1,1;10,0;10;0;zayif;43,7;14,2;43,3;asagi;zayif;zayif;asagi;2,58;-4,45;4;16,47;-1,44;14938389;19,58;SAT;NEGATIF;SAT;NEGATIF;ARTIYOR;AL;AL;UCUZ (AL);2;24.09.2026
ECZYT;izle;;13,5;2,4;4,9;6,2;0;0;zayif;37,4;27,9;51,2;asagi;zayif;zayif;asagi;0,83;-4,48;1;232,9;0,56;95527661;260,96;SAT;NEGATIF;SAT;NEGATIF;AZALIYOR;AL;AL;NOTR;2;24.09.2026
DOFRB;izle;;13,4;5,4;4,0;4,0;0;0;zayif;35,5;24,6;29,9;asagi;zayif;zayif;asagi;0,40;-5,57;2;81,5;-4,96;148109869;104,44;SAT;NEGATIF;SAT;NEGATIF;AZALIYOR;AL;AL;NOTR;2;24.09.2026
MOGAN;izle;;13,4;5,4;4,0;4,0;22;2;zayif;41,0;23,6;41,6;asagi;zayif;zayif;asagi;0,48;-5,26;2;8,83;-1,89;99468131;11,92;SAT;NEGATIF;SAT;NEGATIF;AZALIYOR;AL;AL;NOTR;2;24.09.2026
TEHOL;izle;;13,4;5,4;0,0;8,0;0;0;zayif;38,3;20,3;67,7;asagi;zayif;zayif;asagi;0,00;-6,36;1;22,9;-9,98;1865663;31,65;SAT;NEGATIF;SAT;NEGATIF;AZALIYOR;SAT;SAT;NOTR;0;24.09.2026
ALKLC;izle;;13,4;5,4;0,0;8,0;10;1;zayif;58,6;18,7;96,7;asagi;zayif;zayif;asagi;0,00;-6,53;0;249,1;-9,99;330805;330,07;SAT;NEGATIF;SAT;NEGATIF;ARTIYOR;SAT;AL;NOTR;1;24.09.2026
MANAS;izle;;13,4;5,4;0,0;8,0;0;0;zayif;33,9;16,6;37,1;asagi;zayif;zayif;asagi;0,00;-6,07;1;16,02;-10,00;466679;23,20;SAT;NEGATIF;SAT;NEGATIF;AZALIYOR;SAT;AL;NOTR;1;24.09.2026
PENGD;izle;;13,4;2,4;1,0;10,0;10;0;zayif;35,8;19,5;49,3;asagi;zayif;zayif;asagi;1,97;-5,19;5;7,67;-2,79;42798170;8,83;SAT;NEGATIF;SAT;NEGATIF;AZALIYOR;SAT;SAT;NOTR;0;24.09.2026
ZOREN;izle;;13,4;2,4;3,0;8,0;6;0;zayif;34,8;30,7;44,7;asagi;zayif;zayif;asagi;0,50;-2,89;3;2,05;-6,39;112703383;2,55;SAT;NEGATIF;SAT;NEGATIF;ARTIYOR;SAT;SAT;UCUZ (AL);0;24.09.2026
VKGYO;izle;;13,4;2,4;2,9;8,0;0;0;zayif;32,5;29,5;45,5;asagi;zayif;zayif;asagi;0,47;-3,88;2;1,7;-2,86;22700780;1,90;SAT;NEGATIF;SAT;NEGATIF;AZALIYOR;SAT;SAT;NOTR;0;24.09.2026
BEGYO;izle;;13,2;2,4;5,5;5,3;10;0;zayif;30,6;29,9;46,3;asagi;zayif;zayif;asagi;1,02;-4,09;4;2,8;-2,78;10922999;3,14;SAT;NEGATIF;SAT;NEGATIF;ARTIYOR;AL;AL;UCUZ (AL);2;24.09.2026
GRNYO;izle;;13,2;2,4;0,8;10,0;0;0;zayif;34,4;25,0;45,6;asagi;zayif;zayif;asagi;1,48;-5,84;1;8,09;-3,23;7260767;10,71;SAT;NEGATIF;SAT;NEGATIF;AZALIYOR;SAT;SAT;UCUZ (AL);0;24.09.2026
MERCN;izle;;13,1;2,4;3,6;7,1;10;0;zayif;31,2;31,0;47,9;asagi;zayif;zayif;asagi;1,12;-4,00;4;14,3;-5,92;83187104;18,05;SAT;NEGATIF;SAT;NEGATIF;AZALIYOR;SAT;AL;NOTR;1;24.09.2026
BMSCH;izle;;13,1;1,7;3,4;8,0;0;0;zayif;24,3;30,4;67,5;asagi;zayif;zayif;asagi;0,28;-4,43;0;8,8;-5,68;7705632;11,03;SAT;NEGATIF;SAT;NEGATIF;AZALIYOR;SAT;SAT;UCUZ (AL);0;24.09.2026
TBORG;izle;;13,1;1,4;11,7;0,0;6;0;zayif;22,1;38,0;22,0;asagi;guclu;zayif;asagi;0,53;-1,82;3;127,9;-0,08;15918434;143,54;SAT;NEGATIF;SAT;NEGATIF;AZALIYOR;SAT;AL;UCUZ (AL);1;24.09.2026
DSTKF;izle;;13,1;4,7;0,4;8,0;22;2;zayif;24,5;26,3;81,8;asagi;zayif;zayif;asagi;0,00;-5,15;0;1304;-9,94;755016;1834,97;SAT;NEGATIF;SAT;NEGATIF;AZALIYOR;SAT;AL;NOTR;1;24.09.2026
IHGZT;izle;;12,8;1,6;2,8;8,4;0;0;zayif;23,5;30,1;68,0;asagi;zayif;zayif;asagi;0,72;-3,21;1;1,01;-6,48;25457382;1,22;SAT;NEGATIF;SAT;NEGATIF;ARTIYOR;SAT;AL;UCUZ (AL);1;24.09.2026
KONTR;izle;;12,7;2,4;1,1;9,1;6;0;zayif;48,7;26,0;28,0;asagi;zayif;zayif;asagi;1,25;-8,09;3;2,3;-9,45;15309465;2,80;SAT;NEGATIF;SAT;NEGATIF;ARTIYOR;SAT;AL;UCUZ (AL);1;24.09.2026
AGYO;izle;;12,7;0,5;11,7;0,5;16;1;zayif;15,4;38,2;41,6;asagi;guclu;zayif;asagi;0,58;-1,32;3;7,05;0,00;1255619;7,83;SAT;NEGATIF;NOTR;NEGATIF;AZALIYOR;SAT;SAT;NOTR;0;24.09.2026
KAREL;izle;;12,6;2,4;4,0;6,2;10;0;zayif;39,8;22,4;22,7;asagi;zayif;zayif;asagi;1,07;-5,29;6;6,2;-2,36;70786268;7,32;SAT;NEGATIF;SAT;NEGATIF;ARTIYOR;AL;AL;UCUZ (AL);2;24.09.2026
DOKTA;izle;;12,6;2,4;0,2;10,0;20;1;zayif;29,5;22,6;41,8;asagi;zayif;zayif;asagi;2,72;-4,50;4;17,43;-9,69;25592138;21,64;SAT;NEGATIF;SAT;NEGATIF;ARTIYOR;SAT;AL;UCUZ (AL);1;24.09.2026
TDGYO;izle;;12,5;2,2;0,3;10,0;0;0;zayif;28,3;26,1;61,3;asagi;zayif;zayif;asagi;1,66;-3,85;2;10,8;-10,00;33485994;15,86;SAT;NEGATIF;SAT;NEGATIF;AZALIYOR;SAT;AL;UCUZ (AL);1;24.09.2026
POLHO;izle;;12,5;5,4;7,1;0,0;20;1;zayif;32,9;35,3;29,1;asagi;zayif;zayif;asagi;0,43;-2,39;4;18,8;-3,54;17081323;21,16;SAT;NEGATIF;SAT;NEGATIF;ARTIYOR;SAT;AL;NOTR;1;24.09.2026
FORMT;izle;;12,5;2,4;0,1;10,0;10;0;zayif;57,5;7,5;15,4;asagi;zayif;zayif;asagi;2,41;-9,06;6;1,01;-6,48;51562844;1,25;SAT;NEGATIF;SAT;NEGATIF;ARTIYOR;SAT;SAT;UCUZ (AL);0;24.09.2026
HLGYO;izle;;12,5;1,2;9,4;1,9;42;3;zayif;20,9;39,3;48,0;asagi;zayif;zayif;asagi;0,81;-2,89;5;4,06;-3,10;107031916;4,57;SAT;NEGATIF;SAT;NEGATIF;AZALIYOR;AL;AL;NOTR;2;24.09.2026
KLMSN;izle;;12,5;2,4;4,0;6,0;10;0;zayif;32,3;17,0;23,2;asagi;zayif;zayif;asagi;1,06;-5,26;5;22,26;-2,96;14674950;25,82;SAT;NEGATIF;SAT;NEGATIF;AZALIYOR;AL;AL;UCUZ (AL);2;24.09.2026
KUYAS;izle;;12,4;2,4;0,0;10,0;0;0;zayif;33,4;15,1;30,8;asagi;zayif;zayif;asagi;4,63;-7,55;0;33,42;-9,92;2591209574;47,35;SAT;NEGATIF;SAT;NEGATIF;AZALIYOR;SAT;AL;UCUZ (AL);1;24.09.2026
ISKPL;izle;;12,4;2,4;0,0;10,0;0;0;zayif;32,9;13,2;19,7;asagi;zayif;zayif;asagi;1,38;-8,25;2;3,13;-9,80;126466304;4,68;SAT;NEGATIF;SAT;NEGATIF;AZALIYOR;SAT;AL;UCUZ (AL);1;24.09.2026
BINBN;izle;;12,4;2,4;0,0;10,0;0;0;zayif;34,3;12,9;12,4;asagi;zayif;zayif;asagi;1,95;-6,42;2;89,2;-9,99;73594371;132,56;SAT;NEGATIF;SAT;NEGATIF;AZALIYOR;SAT;SAT;UCUZ (AL);0;24.09.2026
MMCAS;izle;;12,4;2,4;0,0;10,0;6;0;zayif;41,5;16,8;35,1;asagi;zayif;zayif;asagi;5,36;-9,86;3;18,63;-10,00;7802337;28,22;SAT;NEGATIF;SAT;NEGATIF;AZALIYOR;SAT;AL;UCUZ (AL);1;24.09.2026
AKFYE;izle;;12,4;3,3;9,1;0,0;0;0;zayif;14,2;39,6;57,3;asagi;zayif;zayif;asagi;0,39;-1,42;2;3,51;-0,85;98596033;4,33;SAT;NEGATIF;NOTR;NEGATIF;AZALIYOR;SAT;AL;NOTR;1;24.09.2026
ULUSE;izle;;12,4;5,4;1,5;5,5;6;0;zayif;43,6;18,7;39,7;asagi;zayif;zayif;asagi;1,03;-5,40;3;172,2;-5,90;31033367;217,18;SAT;NEGATIF;SAT;NEGATIF;AZALIYOR;SAT;SAT;NOTR;0;24.09.2026
GLBMD;izle;;12,4;2,0;10,3;0,0;10;0;zayif;27,1;40,8;24,5;asagi;zayif;zayif;asagi;0,43;-1,71;4;10,67;-2,11;729006;11,18;SAT;NEGATIF;SAT;NEGATIF;ARTIYOR;AL;AL;UCUZ (AL);2;24.09.2026
KUTPO;izle;;12,4;1,2;1,2;10,0;10;0;zayif;20,5;22,9;35,6;asagi;zayif;zayif;asagi;1,48;-3,91;4;68,65;-3,51;18947881;78,99;SAT;NEGATIF;SAT;NEGATIF;ARTIYOR;SAT;AL;UCUZ (AL);1;24.09.2026
MERIT;izle;;12,3;1,0;3,3;8,0;16;1;zayif;19,4;28,6;36,4;asagi;zayif;zayif;asagi;0,70;-3,37;3;14,05;-2,63;17386833;15,88;SAT;NEGATIF;NOTR;NEGATIF;ARTIYOR;SAT;AL;UCUZ (AL);1;24.09.2026
KRSTL;izle;;12,3;2,4;4,0;5,9;10;0;zayif;45,1;24,9;49,2;asagi;zayif;zayif;asagi;0,81;-4,91;4;7,79;-2,75;24022942;8,69;SAT;NEGATIF;SAT;NEGATIF;ARTIYOR;AL;AL;UCUZ (AL);2;24.09.2026
DESA;izle;;12,2;1,9;8,9;1,5;6;0;zayif;25,7;34,6;47,3;asagi;zayif;zayif;asagi;0,79;-2,56;3;8,78;-2,44;12823541;10,04;SAT;NEGATIF;SAT;NEGATIF;AZALIYOR;AL;AL;UCUZ (AL);2;24.09.2026
GRTHO;izle;;12,1;2,1;0,0;10,0;0;0;zayif;27,4;21,8;50,5;asagi;zayif;zayif;asagi;4,92;-6,43;0;105,6;-9,97;853440826;163,51;SAT;NEGATIF;SAT;NEGATIF;ARTIYOR;SAT;SAT;UCUZ (AL);0;24.09.2026
BLCYT;izle;;12,0;2,0;10,1;0,0;0;0;zayif;26,5;41,4;28,7;asagi;zayif;zayif;asagi;0,21;-2,20;1;1,79;9,82;15091393;2,05;SAT;NEGATIF;SAT;NEGATIF;ARTIYOR;SAT;AL;UCUZ (AL);1;24.09.2026
SEGMN;izle;;12,0;5,4;4,0;2,6;6;0;zayif;43,6;16,9;3,7;asagi;zayif;zayif;asagi;0,85;-5,45;3;26,22;-4,65;28891189;37,23;SAT;NEGATIF;SAT;NEGATIF;AZALIYOR;SAT;SAT;NOTR;0;24.09.2026
AKENR;izle;;11,9;1,7;2,3;8,0;6;0;zayif;24,3;28,6;54,0;asagi;zayif;zayif;asagi;0,61;-3,42;3;8,75;-5,30;40399975;10,22;SAT;NEGATIF;SAT;NEGATIF;ARTIYOR;SAT;AL;NOTR;1;24.09.2026
BRKO;izle;;11,9;1,9;0,0;10,0;0;0;zayif;26,0;20,6;10,7;asagi;zayif;zayif;asagi;1,33;-7,31;2;6,36;-9,01;4955241;8,46;SAT;NEGATIF;SAT;NEGATIF;AZALIYOR;SAT;AL;NOTR;1;24.09.2026
KMPUR;izle;;11,9;5,4;6,4;0,0;6;0;zayif;36,4;33,0;48,0;asagi;zayif;zayif;asagi;0,39;-2,82;3;16,05;-2,13;11417408;18,55;SAT;NEGATIF;SAT;NEGATIF;AZALIYOR;AL;AL;NOTR;2;24.09.2026
ARCLK;izle;;11,7;0,9;8,6;2,2;6;0;zayif;18,8;36,5;51,3;asagi;zayif;zayif;asagi;0,52;-2,82;3;86,45;-2,10;77206507;94,85;SAT;NEGATIF;NOTR;NEGATIF;ARTIYOR;SAT;SAT;UCUZ (AL);0;24.09.2026
OBASE;izle;;11,7;2,0;0,4;9,3;10;0;zayif;26,7;19,4;31,4;asagi;zayif;zayif;asagi;1,26;-5,69;5;26,1;-9,00;14244806;32,96;SAT;NEGATIF;SAT;NEGATIF;ARTIYOR;SAT;AL;NOTR;1;24.09.2026
HATEK;izle;;11,6;1,5;0,1;10,0;10;0;zayif;22,9;19,8;17,0;asagi;zayif;zayif;asagi;1,41;-5,29;5;8,96;-9,95;24645752;11,82;SAT;NEGATIF;SAT;NEGATIF;ARTIYOR;SAT;AL;UCUZ (AL);1;24.09.2026
INTEK;izle;;11,6;2,4;5,1;4,0;6;0;zayif;41,2;28,8;17,6;asagi;zayif;zayif;asagi;0,66;-6,40;3;184,7;2,27;968013;196,67;SAT;NEGATIF;SAT;NEGATIF;AZALIYOR;AL;AL;UCUZ (AL);2;24.09.2026
DOFER;izle;;11,6;2,4;0,2;8,9;10;0;zayif;32,5;16,7;28,4;asagi;zayif;zayif;asagi;1,24;-5,92;4;21,58;-6,01;12510055;25,49;SAT;NEGATIF;SAT;NEGATIF;ARTIYOR;SAT;AL;UCUZ (AL);1;24.09.2026
MNDRS;izle;;11,6;1,7;3,8;6,0;10;0;zayif;24,8;32,4;45,2;asagi;zayif;zayif;asagi;1,06;-3,05;4;9,71;-3,09;27380248;11,15;SAT;NEGATIF;SAT;NEGATIF;AZALIYOR;SAT;AL;UCUZ (AL);1;24.09.2026
GATEG;izle;;11,4;2,4;5,4;3,6;0;0;zayif;32,7;29,7;52,4;asagi;zayif;zayif;asagi;0,91;-5,73;0;175,2;9,98;6725052;213,50;SAT;NEGATIF;SAT;NEGATIF;AZALIYOR;SAT;AL;UCUZ (AL);1;24.09.2026
CWENE;izle;;11,4;5,3;6,1;0,0;0;0;zayif;28,9;32,1;51,4;asagi;zayif;zayif;asagi;0,27;-4,07;2;24,42;-5,05;352363140;29,23;SAT;NEGATIF;SAT;NEGATIF;AZALIYOR;AL;AL;NOTR;2;24.09.2026
ULUUN;izle;;11,4;5,4;5,9;0,0;10;0;zayif;31,0;31,5;34,0;asagi;zayif;zayif;asagi;0,42;-3,39;4;6,95;-2,39;24056459;7,92;SAT;NEGATIF;SAT;NEGATIF;AZALIYOR;AL;AL;NOTR;2;24.09.2026
EGEGY;izle;;11,3;2,4;4,3;4,5;40;4;zayif;41,2;26,2;30,3;asagi;zayif;zayif;asagi;0,73;-4,98;1;16,21;-0,31;73731315;21,18;SAT;NEGATIF;SAT;NEGATIF;AZALIYOR;AL;AL;UCUZ (AL);2;24.09.2026
GRSEL;izle;;11,3;2,2;5,1;4,0;0;0;zayif;28,3;28,5;49,3;asagi;zayif;zayif;asagi;0,37;-2,78;2;268,75;-2,27;42562475;306,84;SAT;NEGATIF;SAT;NEGATIF;AZALIYOR;AL;AL;NOTR;2;24.09.2026
SEGYO;izle;;11,3;2,4;4,8;4,0;10;0;zayif;41,0;27,8;45,4;asagi;zayif;zayif;asagi;0,50;-5,13;4;2,81;-6,02;6249572;3,22;SAT;NEGATIF;SAT;NEGATIF;ARTIYOR;AL;AL;UCUZ (AL);2;24.09.2026
OZRDN;izle;;11,3;4,5;1,7;5,0;6;0;zayif;23,3;27,8;35,1;asagi;zayif;zayif;asagi;1,00;-2,92;3;22;-5,34;6562666;29,59;SAT;NEGATIF;SAT;NEGATIF;AZALIYOR;SAT;AL;NOTR;1;24.09.2026
TEZOL;izle;;11,2;2,4;2,8;6,0;10;0;zayif;41,5;19,4;41,2;asagi;zayif;zayif;asagi;1,06;-7,65;5;7,41;-5,61;29546760;8,72;SAT;NEGATIF;SAT;NEGATIF;ARTIYOR;SAT;AL;UCUZ (AL);1;24.09.2026
PSGYO;izle;;11,2;5,4;4,0;1,7;6;0;zayif;32,1;18,1;25,5;asagi;zayif;zayif;asagi;0,80;-6,28;3;1,89;0,53;205063477;2,43;SAT;NEGATIF;SAT;NEGATIF;AZALIYOR;AL;AL;NOTR;2;24.09.2026
SAYAS;izle;;11,0;4,9;6,0;0,0;0;0;zayif;26,2;31,8;26,9;asagi;zayif;zayif;asagi;0,63;-2,54;1;44,54;-5,19;52478676;53,91;SAT;NEGATIF;SAT;NEGATIF;AZALIYOR;AL;AL;NOTR;2;24.09.2026
KLGYO;izle;;11,0;2,4;1,2;7,3;6;0;zayif;30,1;26,9;24,1;asagi;zayif;zayif;asagi;1,14;-3,55;3;3,75;-4,58;35875673;4,63;SAT;NEGATIF;SAT;NEGATIF;ARTIYOR;SAT;SAT;UCUZ (AL);0;24.09.2026
ECILC;izle;;10,9;2,0;8,9;0,0;16;1;zayif;27,0;40,4;54,1;asagi;zayif;zayif;asagi;0,59;-2,31;3;62,6;-1,80;238369344;69,49;SAT;NEGATIF;SAT;NEGATIF;AZALIYOR;AL;AL;NOTR;2;24.09.2026
IZMDC;izle;;10,7;5,4;5,2;0,0;0;0;zayif;35,8;29,1;31,1;asagi;zayif;zayif;asagi;0,38;-4,11;2;7,23;-1,36;36409759;9,52;SAT;NEGATIF;SAT;NEGATIF;AZALIYOR;SAT;AL;NOTR;1;24.09.2026
TSPOR;izle;;10,7;2,4;8,3;0,0;6;0;zayif;29,7;35,3;37,4;asagi;zayif;zayif;asagi;0,42;-2,01;3;0,9;0,00;111324069;1,03;SAT;NEGATIF;SAT;NEGATIF;AZALIYOR;SAT;AL;NOTR;1;24.09.2026
AKMGY;izle;;10,6;3,8;6,9;0,0;6;0;zayif;17,6;30,7;46,8;asagi;zayif;zayif;asagi;0,67;-2,50;3;223,5;-1,50;4708475;255,22;SAT;NEGATIF;NOTR;NEGATIF;AZALIYOR;SAT;AL;NOTR;1;24.09.2026
SKBNK;izle;;10,6;2,0;8,6;0,0;16;1;zayif;26,5;27,0;44,4;asagi;zayif;zayif;asagi;0,37;-7,77;3;5,28;-4,69;270891345;6,32;AL;NEGATIF;SAT;NEGATIF;AZALIYOR;SAT;SAT;NOTR;1;24.09.2026
BARMA;izle;;10,6;2,4;8,1;0,0;6;0;zayif;62,4;25,4;29,9;asagi;zayif;zayif;asagi;0,60;-14,53;3;7,17;-3,89;2972467;8,52;AL;NEGATIF;SAT;NEGATIF;AZALIYOR;SAT;AL;UCUZ (AL);2;24.09.2026
AKFGY;izle;;10,5;0,8;9,7;0,0;16;1;zayif;17,9;39,9;61,3;asagi;zayif;zayif;asagi;0,33;-1,77;3;2,44;-2,01;26409423;2,77;SAT;NEGATIF;NOTR;NEGATIF;AZALIYOR;SAT;AL;NOTR;1;24.09.2026
TATEN;izle;;10,4;2,4;4,0;4,0;0;0;zayif;36,7;18,1;46,6;asagi;zayif;zayif;asagi;0,55;-7,51;2;4,84;-3,39;56286533;6,41;SAT;NEGATIF;SAT;NEGATIF;AZALIYOR;AL;AL;UCUZ (AL);2;24.09.2026
SURGY;izle;;10,4;2,4;8,0;0,0;10;0;zayif;44,6;11,0;35,2;asagi;zayif;zayif;asagi;0,63;-9,31;4;21,66;-6,96;39350393;27,90;AL;NEGATIF;SAT;NEGATIF;AZALIYOR;SAT;SAT;UCUZ (AL);1;24.09.2026
TERA;izle;;10,4;2,4;0,0;8,0;10;1;zayif;35,3;20,5;94,3;asagi;zayif;zayif;asagi;0,00;-6,87;0;107,3;-9,98;4553061;142,07;SAT;NEGATIF;SAT;NEGATIF;ARTIYOR;SAT;AL;UCUZ (AL);1;24.09.2026
PEKGY;izle;;10,4;2,4;0,0;8,0;0;0;zayif;30,2;16,7;54,1;asagi;zayif;zayif;asagi;0,00;-8,02;0;5,62;-9,94;2730960;8,16;SAT;NEGATIF;SAT;NEGATIF;AZALIYOR;SAT;AL;UCUZ (AL);1;24.09.2026
LIDER;izle;;10,4;2,4;8,0;0,0;0;0;zayif;57,9;13,3;38,7;asagi;zayif;zayif;asagi;0,03;-12,96;2;10,37;-9,98;4629884;16,71;AL;NEGATIF;SAT;NEGATIF;AZALIYOR;SAT;SAT;UCUZ (AL);1;24.09.2026
HEDEF;izle;;10,4;2,4;8,0;0,0;0;0;zayif;49,4;15,3;-0,0;asagi;zayif;zayif;asagi;0,02;-11,67;0;12,71;-9,99;1445368;28,99;AL;NEGATIF;SAT;NEGATIF;AZALIYOR;AL;AL;UCUZ (AL);3;24.09.2026
EMKEL;izle;;10,3;2,4;4,0;3,8;6;0;zayif;61,7;7,7;29,4;asagi;zayif;zayif;asagi;0,93;-9,38;3;8,32;-3,37;29524427;10,50;SAT;NEGATIF;SAT;NEGATIF;AZALIYOR;SAT;AL;UCUZ (AL);1;24.09.2026
KOPOL;izle;;10,3;2,4;4,0;3,8;10;0;zayif;35,0;15,6;27,2;asagi;zayif;zayif;asagi;0,93;-6,92;5;3,41;-5,01;31117481;4,25;SAT;NEGATIF;SAT;NEGATIF;AZALIYOR;AL;AL;UCUZ (AL);2;24.09.2026
METRO;izle;;10,3;5,4;4,7;0,1;10;0;zayif;33,0;27,2;42,1;asagi;zayif;zayif;asagi;0,71;-3,33;4;6,49;-4,56;35249410;7,78;SAT;NEGATIF;SAT;NEGATIF;ARTIYOR;SAT;AL;NOTR;1;24.09.2026
YAPRK;izle;;10,2;0,3;3,0;6,8;6;0;zayif;14,4;28,8;51,8;asagi;zayif;zayif;asagi;1,11;-2,70;3;9,25;-4,15;40442943;11,15;SAT;NEGATIF;NOTR;NEGATIF;ARTIYOR;AL;AL;NOTR;2;24.09.2026
BERA;izle;;10,2;2,4;2,7;5,0;10;0;zayif;30,2;31,1;43,6;asagi;zayif;zayif;asagi;1,00;-3,79;4;11,52;-4,87;84479662;13,52;SAT;NEGATIF;SAT;NEGATIF;ARTIYOR;SAT;AL;UCUZ (AL);1;24.09.2026
TLMAN;izle;;10,2;2,1;0,7;7,3;10;0;zayif;27,7;21,9;25,6;asagi;zayif;zayif;asagi;1,14;-4,53;6;64,7;-3,14;10523520;75,16;SAT;NEGATIF;SAT;NEGATIF;ARTIYOR;SAT;AL;UCUZ (AL);1;24.09.2026
IZFAS;izle;;10,1;2,1;0,0;8,0;0;0;zayif;27,8;23,6;68,9;asagi;zayif;zayif;asagi;0,05;-5,83;0;24,44;-9,95;5531016;38,67;SAT;NEGATIF;SAT;NEGATIF;AZALIYOR;SAT;AL;UCUZ (AL);1;24.09.2026
MAGEN;izle;;10,1;2,1;0,0;8,0;32;3;zayif;27,3;16,8;33,6;asagi;zayif;zayif;asagi;0,03;-7,14;2;17,9;-9,96;9144054;24,76;SAT;NEGATIF;SAT;NEGATIF;AZALIYOR;SAT;SAT;UCUZ (AL);0;24.09.2026
RNPOL;izle;;10,1;2,4;7,2;0,4;32;2;zayif;30,4;35,6;14,9;asagi;zayif;zayif;asagi;0,73;-2,14;4;1,99;2,05;5083859;2,41;SAT;NEGATIF;SAT;NEGATIF;ARTIYOR;SAT;SAT;NOTR;0;24.09.2026
KORDS;izle;;10,0;5,4;4,6;0,0;6;0;zayif;30,5;26,8;17,6;asagi;zayif;zayif;asagi;0,38;-3,58;3;2,99;-1,97;41491805;3,81;SAT;NEGATIF;SAT;NEGATIF;AZALIYOR;SAT;AL;NOTR;1;24.09.2026
CMBTN;izle;;9,9;1,5;5,7;2,7;0;0;zayif;23,2;34,5;54,8;asagi;zayif;zayif;asagi;0,86;-2,28;2;1383;-4,88;27402762;1617,06;SAT;NEGATIF;SAT;NEGATIF;ARTIYOR;SAT;AL;UCUZ (AL);1;24.09.2026
SARKY;izle;;9,8;1,1;4,8;4,0;38;3;zayif;19,8;34,8;54,3;asagi;zayif;zayif;asagi;0,37;-3,04;3;21,22;-4,33;42715966;24,99;SAT;NEGATIF;NOTR;NEGATIF;AZALIYOR;SAT;SAT;NOTR;0;24.09.2026
BRLSM;izle;;9,8;4,2;5,6;0,0;0;0;zayif;20,9;30,4;17,6;asagi;zayif;zayif;asagi;0,31;-2,98;2;13,05;-1,51;66537591;17,42;SAT;NEGATIF;SAT;NEGATIF;AZALIYOR;SAT;AL;NOTR;1;24.09.2026
ACSEL;izle;;9,8;2,4;1,2;6,2;10;0;zayif;36,7;24,1;15,0;asagi;zayif;zayif;asagi;1,07;-4,83;4;89,8;-7,52;14125899;107,89;SAT;NEGATIF;SAT;NEGATIF;ARTIYOR;AL;AL;NOTR;2;24.09.2026
RAYSG;izle;;9,8;2,4;2,2;5,1;10;0;zayif;30,3;27,2;37,2;asagi;zayif;zayif;asagi;1,01;-4,37;4;128,6;-5,99;17222112;150,30;SAT;NEGATIF;SAT;NEGATIF;ARTIYOR;AL;AL;UCUZ (AL);2;24.09.2026
DZGYO;izle;;9,8;1,4;8,3;0,0;6;0;zayif;22,5;38,6;45,9;asagi;zayif;zayif;asagi;0,50;-2,04;3;6,7;-1,76;12482489;7,79;SAT;NEGATIF;SAT;NEGATIF;AZALIYOR;SAT;SAT;NOTR;0;24.09.2026
TMSN;izle;;9,8;0,3;4,4;5,1;10;0;zayif;13,9;26,4;46,3;asagi;zayif;zayif;asagi;1,00;-3,38;4;63,55;-1,01;53928276;75,80;SAT;NEGATIF;NOTR;NEGATIF;ARTIYOR;AL;AL;UCUZ (AL);2;24.09.2026
BESLR;izle;;9,7;1,7;7,2;0,8;6;0;zayif;24,3;36,6;48,9;asagi;zayif;zayif;asagi;0,70;-2,69;3;11,6;-3,73;19830896;12,95;SAT;NEGATIF;SAT;NEGATIF;ARTIYOR;SAT;AL;NOTR;1;24.09.2026
BRYAT;izle;;9,7;1,2;3,6;4,9;6;0;zayif;20,5;31,1;44,3;asagi;zayif;zayif;asagi;1,00;-3,65;3;1500;-4,03;87510000;1704,86;SAT;NEGATIF;SAT;NEGATIF;ARTIYOR;SAT;AL;UCUZ (AL);1;24.09.2026
SRVGY;izle;;9,6;2,1;7,5;0,0;10;0;zayif;27,5;33,5;39,6;asagi;zayif;zayif;asagi;0,53;-3,36;4;2,19;-0,90;19868289;2,37;SAT;NEGATIF;SAT;NEGATIF;AZALIYOR;AL;AL;UCUZ (AL);2;24.09.2026
BIOEN;izle;;9,5;2,4;0,0;7,0;6;0;zayif;33,3;17,3;34,4;asagi;zayif;zayif;asagi;1,12;-6,12;3;10,01;-5,30;114831637;14,31;SAT;NEGATIF;SAT;NEGATIF;ARTIYOR;SAT;SAT;UCUZ (AL);0;24.09.2026
KCAER;izle;;9,4;5,4;4,0;0,0;32;2;zayif;44,4;24,9;34,7;asagi;zayif;zayif;asagi;0,63;-4,34;4;11,01;-4,09;92810402;13,40;SAT;NEGATIF;SAT;NEGATIF;AZALIYOR;AL;AL;NOTR;2;24.09.2026
KTLEV;izle;;9,4;5,4;4,0;0,0;0;0;zayif;44,2;21,7;44,6;asagi;zayif;zayif;asagi;0,01;-6,83;1;14,62;-9,98;19723959;25,44;SAT;NEGATIF;SAT;NEGATIF;AZALIYOR;SAT;AL;NOTR;1;24.09.2026
PASEU;izle;;9,4;5,4;4,0;0,0;0;0;zayif;44,0;20,2;0,0;asagi;zayif;zayif;asagi;0,06;-7,82;0;36,42;-9,99;17482474;67,13;SAT;NEGATIF;SAT;NEGATIF;AZALIYOR;SAT;AL;UCUZ (AL);1;24.09.2026
DUNYH;izle;;9,4;5,4;4,0;0,0;32;3;zayif;51,7;10,6;5,0;asagi;zayif;zayif;asagi;0,43;-7,69;2;49,5;-10,00;25811627;75,91;SAT;NEGATIF;SAT;NEGATIF;AZALIYOR;SAT;SAT;UCUZ (AL);0;24.09.2026
MTRKS;izle;;9,4;5,4;4,0;0,0;6;0;zayif;30,2;24,2;31,1;asagi;zayif;zayif;asagi;0,47;-3,46;3;22,22;-1,77;14164939;28,07;SAT;NEGATIF;SAT;NEGATIF;AZALIYOR;SAT;SAT;NOTR;0;24.09.2026
PKART;izle;;9,4;5,4;4,0;0,0;6;0;zayif;33,0;22,6;9,4;asagi;zayif;zayif;asagi;0,39;-4,12;3;87,5;-3,37;17717525;110,22;SAT;NEGATIF;SAT;NEGATIF;AZALIYOR;AL;AL;NOTR;2;24.09.2026
ODINE;izle;;9,4;5,4;4,0;0,0;0;0;zayif;46,2;15,6;-0,0;asagi;zayif;zayif;asagi;0,01;-9,76;0;303,75;-10,00;516375;595,33;SAT;NEGATIF;SAT;NEGATIF;AZALIYOR;AL;SAT;NOTR;1;24.09.2026
MEGAP;izle;;9,4;2,4;4,0;2,9;10;0;zayif;47,4;24,3;26,3;asagi;zayif;zayif;asagi;0,88;-7,12;5;1,35;-3,57;762414;1,53;SAT;NEGATIF;SAT;NEGATIF;AZALIYOR;AL;AL;UCUZ (AL);2;24.09.2026
VRGYO;izle;;9,3;2,4;0,0;6,9;10;1;zayif;35,1;14,5;35,9;asagi;zayif;zayif;asagi;0,87;-7,21;2;1,15;-4,17;13382329;1,43;SAT;NEGATIF;SAT;NEGATIF;AZALIYOR;SAT;AL;UCUZ (AL);1;24.09.2026
KARTN;izle;;9,3;5,0;4,3;0,0;0;0;zayif;26,6;26,1;27,8;asagi;zayif;zayif;asagi;0,57;-4,00;2;107;-3,95;61815398;143,66;SAT;NEGATIF;SAT;NEGATIF;AZALIYOR;SAT;AL;NOTR;1;24.09.2026
CMENT;izle;;9,3;2,4;6,8;0,0;0;0;zayif;60,2;34,4;26,1;asagi;zayif;zayif;asagi;0,45;-4,07;1;224,9;-0,71;467792;247,22;SAT;NEGATIF;SAT;NEGATIF;AZALIYOR;AL;AL;UCUZ (AL);2;24.09.2026
NTHOL;izle;;9,3;2,4;3,3;3,5;10;0;zayif;33,7;29,7;23,1;asagi;zayif;zayif;asagi;0,91;-3,30;4;36,86;-3,61;67802090;42,25;SAT;NEGATIF;SAT;NEGATIF;ARTIYOR;AL;AL;UCUZ (AL);2;24.09.2026
KSTUR;izle;;9,1;2,4;4,3;2,4;0;0;zayif;30,7;31,7;41,7;asagi;zayif;zayif;asagi;0,85;-4,56;2;2000;-0,99;1402000;2275,05;SAT;NEGATIF;SAT;NEGATIF;AZALIYOR;SAT;SAT;UCUZ (AL);0;24.09.2026
ASUZU;izle;;9,1;1,0;8,1;0,0;10;0;zayif;19,0;36,9;66,2;asagi;zayif;zayif;asagi;0,45;-2,72;4;44,3;-1,56;7654641;49,84;SAT;NEGATIF;NOTR;NEGATIF;AZALIYOR;SAT;AL;UCUZ (AL);1;24.09.2026
OYAYO;izle;;9,1;0,2;4,6;4,3;6;0;zayif;13,3;33,0;29,6;asagi;zayif;zayif;asagi;0,96;-2,87;3;36,42;-4,76;2476378;42,94;SAT;NEGATIF;NOTR;NEGATIF;ARTIYOR;AL;AL;UCUZ (AL);2;24.09.2026
BOBET;izle;;9,0;2,4;6,6;0,0;28;2;zayif;35,5;33,7;53,0;asagi;zayif;zayif;asagi;0,39;-2,54;3;16,45;-3,35;43620597;20,96;SAT;NEGATIF;SAT;NEGATIF;AZALIYOR;SAT;AL;NOTR;1;24.09.2026
OBAMS;izle;;9,0;2,1;7,0;0,0;0;0;zayif;27,1;34,9;56,1;asagi;zayif;zayif;asagi;0,40;-3,31;2;4,41;-1,56;64374261;5,11;SAT;NEGATIF;SAT;NEGATIF;AZALIYOR;SAT;AL;UCUZ (AL);1;24.09.2026
ATAKP;izle;;9,0;2,4;4,0;2,5;6;0;zayif;46,2;22,6;34,8;asagi;zayif;zayif;asagi;0,85;-5,59;3;35,3;-1,89;10952955;38,97;SAT;NEGATIF;SAT;NEGATIF;ARTIYOR;AL;AL;UCUZ (AL);2;24.09.2026
TSGYO;izle;;8,9;1,7;7,2;0,0;16;1;zayif;24,6;33,9;25,1;asagi;zayif;zayif;asagi;0,64;-3,38;3;5,14;-1,15;5282265;5,74;SAT;NEGATIF;SAT;NEGATIF;AZALIYOR;AL;AL;UCUZ (AL);2;24.09.2026
ALKIM;izle;;8,8;2,1;0,2;6,4;32;2;zayif;27,8;20,6;28,0;asagi;zayif;zayif;asagi;1,09;-4,95;5;12,7;-2,98;21923058;14,60;SAT;NEGATIF;SAT;NEGATIF;ARTIYOR;SAT;SAT;UCUZ (AL);0;24.09.2026
AVHOL;izle;;8,7;2,4;0,5;5,7;10;0;zayif;38,6;17,4;37,6;asagi;zayif;zayif;asagi;1,04;-5,21;4;26,12;-3,55;38576602;32,02;SAT;NEGATIF;SAT;NEGATIF;AZALIYOR;SAT;AL;UCUZ (AL);1;24.09.2026
BURCE;izle;;8,6;1,8;4,0;2,9;16;1;zayif;24,9;24,7;28,6;asagi;zayif;zayif;asagi;0,87;-4,39;3;26,32;-4,91;33872498;32,44;SAT;NEGATIF;SAT;NEGATIF;ARTIYOR;AL;AL;UCUZ (AL);2;24.09.2026
OYLUM;izle;;8,6;2,4;1,9;4,2;10;0;zayif;31,2;16,7;28,3;asagi;zayif;zayif;asagi;0,71;-3,53;5;6;-4,46;2069058;6,99;SAT;NEGATIF;SAT;NEGATIF;AZALIYOR;AL;SAT;UCUZ (AL);1;24.09.2026
ERBOS;izle;;8,5;2,4;0,9;5,2;10;0;zayif;34,5;20,4;36,0;asagi;zayif;zayif;asagi;1,01;-4,92;5;122,2;-3,40;6415744;139,49;SAT;NEGATIF;SAT;NEGATIF;ARTIYOR;AL;AL;UCUZ (AL);2;24.09.2026
YATAS;izle;;8,5;2,4;2,5;3,6;6;0;zayif;42,2;27,9;38,4;asagi;zayif;zayif;asagi;0,91;-5,09;3;26,3;-3,38;22387928;29,86;SAT;NEGATIF;SAT;NEGATIF;ARTIYOR;AL;AL;UCUZ (AL);2;24.09.2026
GOLTS;izle;;8,4;2,2;1,7;4,5;10;0;zayif;28,2;28,1;34,1;asagi;zayif;zayif;asagi;0,97;-4,26;4;257,25;-2,74;24664873;288,77;SAT;NEGATIF;SAT;NEGATIF;ARTIYOR;SAT;AL;UCUZ (AL);1;24.09.2026
QNBFK;izle;;8,4;2,4;5,9;0,0;6;0;zayif;34,7;31,5;34,9;asagi;zayif;zayif;asagi;0,62;-3,79;3;36,62;-2,19;600898;39,57;SAT;NEGATIF;SAT;NEGATIF;ARTIYOR;AL;AL;NOTR;2;24.09.2026
VKFYO;izle;;8,3;1,1;6,3;0,9;32;3;zayif;19,9;32,7;26,8;asagi;zayif;zayif;asagi;0,76;-3,94;2;18,3;-3,79;2390822;21,67;SAT;NEGATIF;NOTR;NEGATIF;AZALIYOR;SAT;AL;UCUZ (AL);1;24.09.2026
YIGIT;izle;;8,3;2,3;5,0;1,0;0;0;zayif;28,8;28,4;40,6;asagi;zayif;zayif;asagi;0,76;-3,70;1;18,42;0,49;47555853;20,79;SAT;NEGATIF;SAT;NEGATIF;AZALIYOR;SAT;AL;UCUZ (AL);1;24.09.2026
DERIM;izle;;8,3;1,5;0,8;5,9;32;2;zayif;23,1;24,2;46,3;asagi;zayif;zayif;asagi;1,05;-3,83;5;27,98;-5,79;9795826;33,84;SAT;NEGATIF;SAT;NEGATIF;ARTIYOR;SAT;AL;UCUZ (AL);1;24.09.2026
FORTE;izle;;8,2;4,2;4,0;0,0;0;0;zayif;21,0;33,6;39,9;asagi;zayif;zayif;asagi;0,57;-2,22;2;94,4;-5,03;75144666;118,40;SAT;NEGATIF;SAT;NEGATIF;AZALIYOR;SAT;AL;NOTR;1;24.09.2026
ERCB;izle;;8,2;1,6;2,6;4,0;10;0;zayif;24,0;28,5;46,0;asagi;zayif;zayif;asagi;0,46;-4,33;4;37,12;-3,53;14870866;43,72;SAT;NEGATIF;SAT;NEGATIF;AZALIYOR;SAT;AL;UCUZ (AL);1;24.09.2026
CGCAM;izle;;8,0;2,4;4,0;1,6;10;0;zayif;47,6;16,1;30,7;asagi;zayif;zayif;asagi;0,80;-6,85;6;22,24;-5,84;41262295;28,52;SAT;NEGATIF;SAT;NEGATIF;ARTIYOR;AL;AL;UCUZ (AL);2;24.09.2026
HTTBT;izle;;8,0;2,4;5,5;0,0;0;0;zayif;38,7;30,1;30,8;asagi;zayif;zayif;asagi;0,48;-3,79;2;30,68;-1,48;8231383;34,43;SAT;NEGATIF;SAT;NEGATIF;AZALIYOR;AL;AL;UCUZ (AL);2;24.09.2026
INTEM;izle;;8,0;1,9;6,1;0,0;0;0;zayif;25,9;31,9;39,8;asagi;zayif;zayif;asagi;0,49;-2,86;2;214,5;-0,92;4899824;246,03;SAT;NEGATIF;SAT;NEGATIF;AZALIYOR;AL;AL;NOTR;2;24.09.2026
KLKIM;izle;;8,0;2,1;5,9;0,0;0;0;zayif;27,3;29,1;32,2;asagi;zayif;zayif;asagi;0,63;-3,72;2;23,02;-2,87;21634242;25,96;SAT;NEGATIF;SAT;NEGATIF;AZALIYOR;SAT;AL;UCUZ (AL);1;24.09.2026
QNBTR;izle;;7,8;2,4;5,4;0,0;0;0;zayif;59,1;29,6;36,0;asagi;zayif;zayif;asagi;0,55;-7,10;2;166;0,97;1178766;174,51;SAT;NEGATIF;SAT;NEGATIF;AZALIYOR;AL;AL;UCUZ (AL);2;24.09.2026
NIBAS;izle;;7,8;1,5;6,2;0,0;32;3;zayif;23,4;32,4;47,9;asagi;zayif;zayif;asagi;0,25;-2,86;2;3,23;-2,42;21583619;4,11;SAT;NEGATIF;SAT;NEGATIF;AZALIYOR;SAT;AL;NOTR;1;24.09.2026
CEMAS;izle;;7,7;2,0;5,8;0,0;6;0;zayif;26,5;30,9;39,1;asagi;zayif;zayif;asagi;0,48;-3,88;3;3,29;-6,53;18797326;3,87;SAT;NEGATIF;SAT;NEGATIF;ARTIYOR;SAT;AL;NOTR;1;24.09.2026
SNGYO;izle;;7,7;1,5;6,2;0,0;10;0;zayif;23,1;32,4;28,5;asagi;zayif;zayif;asagi;0,70;-3,21;5;2,75;-1,43;63210133;3,10;SAT;NEGATIF;SAT;NEGATIF;ARTIYOR;AL;AL;UCUZ (AL);2;24.09.2026
IZENR;izle;;7,7;2,4;4,0;1,2;6;0;zayif;41,2;12,7;30,0;asagi;zayif;zayif;asagi;0,77;-8,21;3;4;-3,61;109420744;5,37;SAT;NEGATIF;SAT;NEGATIF;AZALIYOR;AL;AL;UCUZ (AL);2;24.09.2026
PAGYO;izle;;7,6;5,4;2,1;0,0;10;0;zayif;31,9;26,3;24,9;asagi;zayif;zayif;asagi;0,55;-4,26;4;116,8;-5,96;8573821;137,61;SAT;NEGATIF;SAT;NEGATIF;ARTIYOR;AL;SAT;NOTR;1;24.09.2026
ARASE;izle;;7,5;5,4;2,0;0,0;50;4;zayif;30,4;30,8;43,9;asagi;zayif;zayif;asagi;0,62;-3,02;5;96,7;-3,30;18990333;116,74;SAT;NEGATIF;SAT;NEGATIF;AZALIYOR;SAT;SAT;NOTR;0;24.09.2026
VSNMD;izle;;7,5;2,4;0,8;4,2;10;0;zayif;35,9;10,7;29,3;asagi;zayif;zayif;asagi;0,95;-7,23;4;30,36;-4,41;32683603;36,71;SAT;NEGATIF;SAT;NEGATIF;ARTIYOR;AL;SAT;UCUZ (AL);1;24.09.2026
EKSUN;izle;;7,4;2,4;5,0;0,0;28;2;zayif;32,2;28,3;42,6;asagi;zayif;zayif;asagi;0,31;-4,52;3;4,6;-1,92;5199835;5,15;SAT;NEGATIF;SAT;NEGATIF;ARTIYOR;AL;AL;NOTR;2;24.09.2026
LUKSK;izle;;7,4;2,4;4,0;1,0;10;0;zayif;30,8;17,8;22,2;asagi;zayif;zayif;asagi;0,76;-5,46;5;66,4;-2,35;4695277;76,98;SAT;NEGATIF;SAT;NEGATIF;ARTIYOR;AL;AL;UCUZ (AL);2;24.09.2026
LINK;izle;;7,4;2,4;0,6;4,3;10;0;zayif;43,1;17,7;35,8;asagi;zayif;zayif;asagi;0,96;-6,22;4;3,83;-7,26;58403321;4,75;SAT;NEGATIF;SAT;NEGATIF;ARTIYOR;AL;AL;UCUZ (AL);2;24.09.2026
EGSER;izle;;7,3;1,7;5,7;0,0;28;2;zayif;24,2;32,9;46,0;asagi;zayif;zayif;asagi;0,65;-2,85;3;2,62;-3,32;2822667;2,92;SAT;NEGATIF;SAT;NEGATIF;AZALIYOR;SAT;AL;NOTR;1;24.09.2026
VESTL;izle;;7,2;2,1;5,1;0,0;0;0;zayif;27,4;34,7;53,5;asagi;zayif;zayif;asagi;0,44;-1,99;2;21,02;-5,66;156046657;26,13;SAT;NEGATIF;SAT;NEGATIF;AZALIYOR;SAT;AL;UCUZ (AL);1;24.09.2026
KFEIN;izle;;7,2;1,7;4,0;1,5;10;0;zayif;24,5;18,6;37,7;asagi;zayif;zayif;asagi;0,79;-5,21;4;6,09;-1,93;16298393;7,34;SAT;NEGATIF;SAT;NEGATIF;AZALIYOR;SAT;SAT;UCUZ (AL);0;24.09.2026
HURGZ;izle;;7,2;4,3;2,9;0,0;10;1;zayif;21,9;32,6;44,9;asagi;zayif;zayif;asagi;0,53;-2,23;2;6,16;-2,22;25473756;7,75;SAT;NEGATIF;SAT;NEGATIF;AZALIYOR;SAT;SAT;NOTR;0;24.09.2026
BAKAB;izle;;7,1;2,4;4,7;0,0;10;0;zayif;33,2;27,3;37,1;asagi;zayif;zayif;asagi;0,54;-4,39;4;33,18;-2,35;3712278;37,77;SAT;NEGATIF;SAT;NEGATIF;AZALIYOR;AL;AL;NOTR;2;24.09.2026
ALFAS;izle;;7,0;2,4;4,6;0,0;42;3;zayif;32,3;27,0;31,3;asagi;zayif;zayif;asagi;0,62;-3,78;5;32,98;-2,31;34847064;38,86;SAT;NEGATIF;SAT;NEGATIF;AZALIYOR;AL;AL;NOTR;2;24.09.2026
KLNMA;izle;;7,0;0,7;6,3;0,0;6;0;zayif;17,3;31,6;27,4;asagi;guclu;zayif;asagi;0,58;-4,56;3;8,26;-1,43;835169;8,75;SAT;NEGATIF;NOTR;NEGATIF;ARTIYOR;SAT;AL;NOTR;1;24.09.2026
HUBVC;izle;;7,0;2,4;0,4;4,2;10;0;zayif;38,4;12,8;8,7;asagi;zayif;zayif;asagi;0,95;-5,68;4;1,57;-4,85;3839008;2,09;SAT;NEGATIF;SAT;NEGATIF;ARTIYOR;SAT;SAT;UCUZ (AL);0;24.09.2026
IDGYO;izle;;7,0;2,4;2,7;1,8;10;0;zayif;41,4;26,4;32,0;asagi;zayif;zayif;asagi;0,81;-4,91;5;2,25;-2,17;2503451;2,83;SAT;NEGATIF;SAT;NEGATIF;AZALIYOR;SAT;SAT;UCUZ (AL);0;24.09.2026
LKMNH;izle;;6,9;2,4;4,4;0,0;10;1;zayif;38,2;33,4;68,4;asagi;zayif;zayif;asagi;0,39;-3,29;2;11,69;-3,47;12653350;13,64;SAT;NEGATIF;SAT;NEGATIF;AZALIYOR;SAT;SAT;UCUZ (AL);0;24.09.2026
MACKO;izle;;6,7;1,7;0,1;4,9;6;0;zayif;24,5;22,1;21,2;asagi;zayif;zayif;asagi;1,00;-3,83;3;27,02;-2,74;19873102;32,50;SAT;NEGATIF;SAT;NEGATIF;AZALIYOR;SAT;AL;NOTR;1;24.09.2026
FADE;izle;;6,7;2,2;4,0;0,5;6;0;zayif;27,8;22,6;26,1;asagi;zayif;zayif;asagi;0,73;-4,80;3;11,81;-4,76;15601825;14,14;SAT;NEGATIF;SAT;NEGATIF;ARTIYOR;SAT;AL;NOTR;1;24.09.2026
GARFA;izle;;6,6;1,4;5,2;0,0;40;4;zayif;22,3;33,2;44,2;asagi;zayif;zayif;asagi;0,35;-2,91;0;23,88;-2,29;8733537;27,23;SAT;NEGATIF;SAT;NEGATIF;AZALIYOR;SAT;AL;NOTR;1;24.09.2026
IHLAS;izle;;6,6;1,8;4,8;0,0;22;2;zayif;25,5;36,6;34,0;asagi;zayif;zayif;asagi;0,49;-3,00;2;0,93;-3,12;64074494;1,11;SAT;NEGATIF;SAT;NEGATIF;AZALIYOR;SAT;AL;UCUZ (AL);1;24.09.2026
YUNSA;izle;;6,6;2,4;4,1;0,0;0;0;zayif;42,0;25,5;47,9;asagi;zayif;zayif;asagi;0,53;-5,14;2;6,48;-3,86;18921062;7,32;SAT;NEGATIF;SAT;NEGATIF;AZALIYOR;AL;AL;NOTR;2;24.09.2026
TABGD;izle;;6,5;1,2;5,0;0,3;0;0;zayif;20,9;31,3;32,5;asagi;zayif;zayif;asagi;0,65;-2,75;1;215;-3,37;105631435;246,39;SAT;NEGATIF;SAT;NEGATIF;ARTIYOR;SAT;SAT;NOTR;0;24.09.2026
KTSKR;izle;;6,5;2,4;4,0;0,1;10;0;zayif;33,3;21,9;26,6;asagi;zayif;zayif;asagi;0,70;-5,69;5;61,45;-0,89;15363053;71,80;SAT;NEGATIF;SAT;NEGATIF;AZALIYOR;AL;AL;NOTR;2;24.09.2026
IHYAY;izle;;6,5;1,8;3,5;1,2;0;0;zayif;24,9;32,4;50,9;asagi;zayif;zayif;asagi;0,77;-3,61;1;1,03;-4,63;2843501;1,24;SAT;NEGATIF;SAT;NEGATIF;ARTIYOR;SAT;AL;UCUZ (AL);1;24.09.2026
SUWEN;izle;;6,5;1,6;1,2;3,7;16;1;zayif;23,8;26,9;31,6;asagi;zayif;zayif;asagi;0,92;-3,17;3;5,16;0,00;40262205;6,30;SAT;NEGATIF;SAT;NEGATIF;ARTIYOR;SAT;SAT;UCUZ (AL);0;24.09.2026
SAFKR;izle;;6,4;2,4;4,0;0,0;10;0;zayif;55,3;16,6;10,4;asagi;zayif;zayif;asagi;0,56;-7,23;4;10,93;1,02;34130029;13,15;SAT;NEGATIF;SAT;NEGATIF;AZALIYOR;AL;AL;UCUZ (AL);2;24.09.2026
ALCTL;izle;;6,4;2,4;4,0;0,0;10;0;zayif;58,0;24,5;25,0;asagi;zayif;zayif;asagi;0,65;-5,14;4;92,9;-0,11;24630020;106,69;SAT;NEGATIF;SAT;NEGATIF;AZALIYOR;AL;AL;NOTR;2;24.09.2026
MOPAS;izle;;6,4;2,4;4,0;0,0;10;0;zayif;46,9;14,4;21,1;asagi;zayif;zayif;asagi;0,49;-6,42;4;20,08;-2,71;21543290;23,64;SAT;NEGATIF;SAT;NEGATIF;AZALIYOR;AL;AL;UCUZ (AL);2;24.09.2026
EGEPO;izle;;6,4;2,4;4,0;0,0;0;0;zayif;58,2;13,9;6,9;asagi;zayif;zayif;asagi;0,35;-7,97;2;6,94;-0,57;15351412;9,45;SAT;NEGATIF;SAT;NEGATIF;AZALIYOR;AL;AL;NOTR;2;24.09.2026
PRDGS;izle;;6,4;2,4;4,0;0,0;6;0;zayif;37,7;15,4;9,7;asagi;zayif;zayif;asagi;0,60;-6,92;3;3,95;-2,47;13518042;5,21;SAT;NEGATIF;SAT;NEGATIF;AZALIYOR;SAT;SAT;UCUZ (AL);0;24.09.2026
BORLS;izle;;6,4;2,4;4,0;0,0;6;0;zayif;49,7;13,3;0,0;asagi;zayif;zayif;asagi;0,61;-7,58;3;2,03;-1,93;40368562;2,72;SAT;NEGATIF;SAT;NEGATIF;AZALIYOR;AL;SAT;UCUZ (AL);1;24.09.2026
MARMR;izle;;6,4;2,4;4,0;0,0;10;0;zayif;37,0;16,7;30,1;asagi;zayif;zayif;asagi;0,56;-5,80;5;1,53;-3,77;38789271;1,87;SAT;NEGATIF;SAT;NEGATIF;AZALIYOR;AL;AL;NOTR;2;24.09.2026
GLRYH;izle;;6,4;2,4;4,0;0,0;0;0;zayif;30,7;20,5;22,7;asagi;zayif;zayif;asagi;0,57;-5,89;2;1,88;-1,05;12097902;2,46;SAT;NEGATIF;SAT;NEGATIF;AZALIYOR;SAT;AL;UCUZ (AL);1;24.09.2026
KZBGY;izle;;6,4;2,4;4,0;0,0;6;0;zayif;42,6;21,6;30,9;asagi;zayif;zayif;asagi;0,49;-6,35;3;1,44;-3,36;28086849;1,68;SAT;NEGATIF;SAT;NEGATIF;AZALIYOR;AL;AL;UCUZ (AL);2;24.09.2026
KIMMR;izle;;6,4;2,4;4,0;0,0;0;0;zayif;45,5;21,3;31,3;asagi;zayif;zayif;asagi;0,58;-5,06;1;11,27;-2,09;6782680;12,64;SAT;NEGATIF;SAT;NEGATIF;AZALIYOR;AL;AL;NOTR;2;24.09.2026
SOKE;izle;;6,4;2,4;4,0;0,0;6;0;zayif;48,2;12,4;22,2;asagi;zayif;zayif;asagi;0,48;-8,14;3;7,9;-2,47;13666250;9,79;SAT;NEGATIF;SAT;NEGATIF;AZALIYOR;AL;AL;UCUZ (AL);2;24.09.2026
BYDNR;izle;;6,4;2,4;4,0;0,0;0;0;zayif;41,0;12,9;13,2;asagi;zayif;zayif;asagi;0,48;-6,80;2;21,18;-0,19;8836063;27,02;SAT;NEGATIF;SAT;NEGATIF;AZALIYOR;SAT;SAT;NOTR;0;24.09.2026
ELITE;izle;;6,4;2,4;4,0;0,0;6;0;zayif;40,8;16,3;42,7;asagi;zayif;zayif;asagi;0,38;-6,35;3;20,66;-1,62;11094089;23,98;SAT;NEGATIF;SAT;NEGATIF;AZALIYOR;AL;SAT;UCUZ (AL);1;24.09.2026
ALVES;izle;;6,4;2,4;4,0;0,0;0;0;zayif;49,4;13,1;56,6;asagi;zayif;zayif;asagi;0,10;-11,82;1;0,59;-4,84;3843502;0,83;SAT;NEGATIF;SAT;NEGATIF;AZALIYOR;AL;AL;UCUZ (AL);2;24.09.2026
BIGCH;izle;;6,4;2,4;4,0;0,0;28;2;zayif;34,4;21,7;36,7;asagi;zayif;zayif;asagi;0,30;-5,69;3;4;-3,85;6746232;5,02;SAT;NEGATIF;SAT;NEGATIF;AZALIYOR;AL;AL;UCUZ (AL);2;24.09.2026
RODRG;izle;;6,4;2,4;4,0;0,0;10;0;zayif;31,6;21,7;-0,0;asagi;zayif;zayif;asagi;0,40;-4,28;4;17,5;-2,23;1865763;22,04;SAT;NEGATIF;SAT;NEGATIF;AZALIYOR;SAT;AL;NOTR;1;24.09.2026
SKYLP;izle;;6,4;2,4;4,0;0,0;0;0;zayif;50,0;13,7;11,8;asagi;zayif;zayif;asagi;0,13;-8,78;1;75,65;-9,99;596122;116,94;SAT;NEGATIF;SAT;NEGATIF;AZALIYOR;AL;SAT;UCUZ (AL);1;24.09.2026
YONGA;izle;;6,4;2,4;4,0;0,0;6;0;zayif;41,8;12,2;18,0;asagi;zayif;zayif;asagi;0,63;-9,32;3;33,66;-1,23;418091;37,52;SAT;NEGATIF;SAT;NEGATIF;AZALIYOR;SAT;AL;UCUZ (AL);1;24.09.2026
SODSN;izle;;6,4;2,4;4,0;0,0;6;0;zayif;45,3;18,8;29,5;asagi;zayif;zayif;asagi;0,45;-6,47;3;6,07;-0,82;234569;6,70;SAT;NEGATIF;SAT;NEGATIF;AZALIYOR;AL;AL;UCUZ (AL);2;24.09.2026
SUMAS;izle;;6,4;2,4;4,0;0,0;0;0;zayif;36,5;23,6;33,1;asagi;zayif;zayif;asagi;0,62;-7,19;1;212,2;1,05;404878;234,63;SAT;NEGATIF;SAT;NEGATIF;AZALIYOR;SAT;AL;NOTR;1;24.09.2026
TMPOL;izle;;6,4;2,4;4,0;0,0;0;0;zayif;38,0;17,3;14,3;asagi;zayif;zayif;asagi;0,01;-7,77;0;138,1;-9,97;709282;217,77;SAT;NEGATIF;SAT;NEGATIF;AZALIYOR;SAT;SAT;UCUZ (AL);0;24.09.2026
YBTAS;izle;;6,4;2,4;4,0;0,0;10;0;zayif;55,4;14,9;7,4;asagi;zayif;zayif;asagi;0,42;-8,53;5;10,9;-1,98;336003;12,02;SAT;NEGATIF;SAT;NEGATIF;AZALIYOR;SAT;SAT;UCUZ (AL);0;24.09.2026
GOKNR;izle;;6,4;1,9;4,5;0,0;6;0;zayif;25,9;31,6;59,1;asagi;zayif;zayif;asagi;0,40;-4,18;3;15,43;-2,34;30905318;18,14;SAT;NEGATIF;SAT;NEGATIF;AZALIYOR;SAT;SAT;UCUZ (AL);0;24.09.2026
FENER;izle;;6,3;2,3;4,0;0,0;10;0;zayif;29,1;23,1;23,6;asagi;zayif;zayif;asagi;0,54;-5,15;4;2,43;-3,19;142678901;2,77;SAT;NEGATIF;SAT;NEGATIF;AZALIYOR;SAT;SAT;NOTR;0;24.09.2026
PNLSN;izle;;6,3;2,3;4,0;0,0;10;0;zayif;29,1;22,1;28,4;asagi;zayif;zayif;asagi;0,46;-4,30;5;33,52;-1,30;9128569;39,02;SAT;NEGATIF;SAT;NEGATIF;AZALIYOR;AL;AL;NOTR;2;24.09.2026
ISBIR;izle;;6,3;1,8;0,9;3,6;6;0;zayif;25,4;27,9;39,3;asagi;zayif;zayif;asagi;0,92;-4,91;3;60;-5,66;1135140;67,76;SAT;NEGATIF;SAT;NEGATIF;ARTIYOR;SAT;AL;UCUZ (AL);1;24.09.2026
RUZYE;izle;;6,2;2,2;4,0;0,0;10;1;zayif;28,4;23,9;48,0;asagi;zayif;zayif;asagi;0,46;-5,07;1;5,22;-6,45;20576285;7,38;SAT;NEGATIF;SAT;NEGATIF;AZALIYOR;SAT;AL;UCUZ (AL);1;24.09.2026
GOZDE;izle;;6,2;1,5;3,2;1,6;0;0;zayif;22,7;31,8;47,4;asagi;zayif;zayif;asagi;0,79;-2,91;1;19,44;-1,67;21529528;22,44;SAT;NEGATIF;SAT;NEGATIF;AZALIYOR;SAT;AL;NOTR;1;24.09.2026
SMRVA;izle;;6,2;2,2;4,0;0,0;10;0;zayif;28,3;17,9;33,0;asagi;zayif;zayif;asagi;0,48;-6,78;4;7,29;-3,83;24212773;9,01;SAT;NEGATIF;SAT;NEGATIF;AZALIYOR;AL;AL;UCUZ (AL);2;24.09.2026
EKOS;izle;;6,2;2,4;1,1;2,7;16;1;zayif;39,0;17,0;36,3;asagi;zayif;zayif;asagi;0,86;-6,39;3;3,65;-5,44;27501224;4,47;SAT;NEGATIF;SAT;NEGATIF;ARTIYOR;AL;AL;UCUZ (AL);2;24.09.2026
KLYPV;izle;;6,2;2,0;2,6;1,6;10;0;zayif;26,5;30,1;23,6;asagi;zayif;zayif;asagi;0,80;-2,51;4;52,6;-4,36;107843676;62,96;SAT;NEGATIF;SAT;NEGATIF;AZALIYOR;SAT;SAT;NOTR;0;24.09.2026
SDTTR;izle;;6,2;4,8;1,4;0,0;20;1;zayif;25,0;26,1;29,7;asagi;zayif;zayif;asagi;0,63;-3,75;4;16,5;-4,84;90947126;20,53;SAT;NEGATIF;SAT;NEGATIF;AZALIYOR;SAT;AL;NOTR;1;24.09.2026
BAYRK;izle;;6,2;2,4;0,0;3,7;10;0;zayif;30,7;13,7;9,2;asagi;zayif;zayif;asagi;0,92;-6,24;7;2,91;-4,90;14066093;3,57;SAT;NEGATIF;SAT;NEGATIF;AZALIYOR;SAT;SAT;UCUZ (AL);0;24.09.2026
ENSRI;izle;;6,2;2,2;4,0;0,0;6;0;zayif;27,8;18,9;16,3;asagi;zayif;zayif;asagi;0,26;-8,77;3;3,2;-3,90;18887104;3,94;SAT;NEGATIF;SAT;NEGATIF;AZALIYOR;SAT;AL;UCUZ (AL);1;24.09.2026
ICBCT;izle;;6,1;3,7;2,4;0,0;6;0;zayif;17,2;27,6;51,3;asagi;zayif;zayif;asagi;0,66;-3,79;3;16,1;-4,90;13322219;19,08;SAT;NEGATIF;NOTR;NEGATIF;AZALIYOR;AL;AL;NOTR;2;24.09.2026
COSMO;izle;;6,1;2,1;4,0;0,0;0;0;zayif;27,3;22,3;27,6;asagi;zayif;zayif;asagi;0,34;-4,24;2;89,95;-2,23;1462227;113,20;SAT;NEGATIF;SAT;NEGATIF;AZALIYOR;SAT;AL;UCUZ (AL);1;24.09.2026
KLSER;izle;;6,1;2,1;4,0;0,0;20;1;zayif;27,1;21,1;31,2;asagi;zayif;zayif;asagi;0,65;-5,89;5;19,69;-1,55;13325601;22,00;SAT;NEGATIF;SAT;NEGATIF;AZALIYOR;AL;AL;UCUZ (AL);2;24.09.2026
IZINV;izle;;6,1;2,1;4,0;0,0;10;0;zayif;27,1;12,7;38,1;asagi;zayif;zayif;asagi;0,65;-7,07;5;32,52;-4,07;6016460;41,89;SAT;NEGATIF;SAT;NEGATIF;AZALIYOR;AL;AL;UCUZ (AL);2;24.09.2026
YYLGD;izle;;6,0;1,8;2,3;2,0;10;0;zayif;24,9;29,3;37,4;asagi;zayif;zayif;asagi;0,82;-4,16;4;8,55;-4,04;40923686;9,39;SAT;NEGATIF;SAT;NEGATIF;ARTIYOR;AL;AL;NOTR;2;24.09.2026
PENTA;izle;;6,0;1,7;0,0;4,3;42;3;zayif;24,6;17,7;30,8;asagi;zayif;zayif;asagi;0,96;-5,49;7;10,23;-3,31;17610669;11,88;SAT;NEGATIF;SAT;NEGATIF;ARTIYOR;SAT;SAT;UCUZ (AL);0;24.09.2026
DGNMO;izle;;5,9;5,4;0,4;0,0;0;0;zayif;49,6;13,4;0,0;asagi;zayif;zayif;asagi;0,34;-5,60;2;4,5;-7,02;5827014;6,16;SAT;NEGATIF;SAT;NEGATIF;AZALIYOR;SAT;SAT;NOTR;0;24.09.2026
HOROZ;izle;;5,8;1,4;4,4;0,0;10;0;zayif;22,3;26,4;40,6;asagi;zayif;zayif;asagi;0,62;-3,89;4;45,76;-2,93;30902689;54,80;SAT;NEGATIF;SAT;NEGATIF;ARTIYOR;AL;AL;NOTR;2;24.09.2026
GWIND;izle;;5,8;1,4;4,4;0,0;6;0;zayif;22,3;31,2;40,6;asagi;zayif;zayif;asagi;0,69;-3,84;3;20,6;-2,46;45561041;22,84;SAT;NEGATIF;SAT;NEGATIF;ARTIYOR;SAT;AL;NOTR;1;24.09.2026
VERUS;izle;;5,8;5,4;0,3;0,0;10;1;zayif;37,9;24,7;27,8;asagi;zayif;zayif;asagi;0,38;-3,69;2;406,75;-3,90;14301737;538,78;SAT;NEGATIF;SAT;NEGATIF;AZALIYOR;SAT;SAT;NOTR;0;24.09.2026
A1CAP;izle;;5,8;2,4;0,0;3,3;10;0;zayif;54,4;11,9;28,7;asagi;zayif;zayif;asagi;0,90;-8,24;4;4,22;-9,44;38321314;5,82;SAT;NEGATIF;SAT;NEGATIF;ARTIYOR;AL;AL;UCUZ (AL);2;24.09.2026
SAMAT;izle;;5,7;2,4;3,2;0,0;10;0;zayif;33,5;29,9;33,1;asagi;zayif;zayif;asagi;0,68;-3,18;5;4,28;-5,93;3151711;5,19;SAT;NEGATIF;SAT;NEGATIF;AZALIYOR;AL;AL;UCUZ (AL);2;24.09.2026
BURVA;izle;;5,7;1,8;3,8;0,0;0;0;zayif;25,4;31,4;22,1;asagi;zayif;zayif;asagi;0,66;-3,97;2;459,75;-8,69;28293015;648,35;SAT;NEGATIF;SAT;NEGATIF;AZALIYOR;SAT;AL;NOTR;1;24.09.2026
ORCAY;izle;;5,6;1,7;0,5;3,3;10;0;zayif;24,8;16,1;33,1;asagi;zayif;zayif;asagi;0,90;-5,16;5;2,46;-3,53;3883445;3,04;SAT;NEGATIF;SAT;NEGATIF;ARTIYOR;SAT;AL;UCUZ (AL);1;24.09.2026
EUYO;izle;;5,6;1,6;4,0;0,0;6;0;zayif;23,8;24,7;20,4;asagi;zayif;zayif;asagi;0,66;-3,83;3;3,7;-0,80;2321843;4,45;SAT;NEGATIF;SAT;NEGATIF;AZALIYOR;SAT;AL;NOTR;1;24.09.2026
QUAGR;izle;;5,6;1,7;0,2;3,7;10;0;zayif;24,6;16,5;34,6;asagi;zayif;zayif;asagi;0,92;-6,13;4;2,06;-9,65;83371527;2,69;SAT;NEGATIF;SAT;NEGATIF;ARTIYOR;SAT;SAT;NOTR;0;24.09.2026
INFO;izle;;5,5;5,4;0,1;0,0;0;0;zayif;32,1;20,9;40,3;asagi;zayif;zayif;asagi;0,02;-6,42;1;1,18;-9,92;1843388;1,81;SAT;NEGATIF;SAT;NEGATIF;AZALIYOR;SAT;SAT;NOTR;0;24.09.2026
BALAT;izle;;5,5;1,8;0,3;3,4;22;2;zayif;25,1;26,1;24,0;asagi;zayif;zayif;asagi;0,90;-6,04;2;54,1;-9,98;1910055;63,05;SAT;NEGATIF;SAT;NEGATIF;ARTIYOR;SAT;AL;UCUZ (AL);1;24.09.2026
ATSYH;izle;;5,5;4,4;1,1;0,0;16;1;zayif;22,4;28,5;29,8;asagi;zayif;zayif;asagi;0,68;-4,71;3;78;-5,34;2547402;100,19;SAT;NEGATIF;SAT;NEGATIF;AZALIYOR;SAT;SAT;NOTR;0;24.09.2026
ESCAR;izle;;5,4;5,4;0,0;0,0;10;1;zayif;32,2;13,5;12,0;asagi;zayif;zayif;asagi;0,23;-7,54;1;22,08;-9,95;15233853;31,34;SAT;NEGATIF;SAT;NEGATIF;AZALIYOR;SAT;AL;NOTR;1;24.09.2026
SEKUR;izle;;5,4;5,4;0,0;0,0;0;0;zayif;35,5;13,9;10,3;asagi;zayif;zayif;asagi;0,19;-7,43;2;4,37;-9,90;1426962;6,27;SAT;NEGATIF;SAT;NEGATIF;AZALIYOR;SAT;AL;NOTR;1;24.09.2026
RALYH;izle;;5,4;5,4;0,0;0,0;32;3;zayif;31,6;17,2;49,8;asagi;zayif;zayif;asagi;0,02;-6,75;2;130;-9,97;3795480;178,86;SAT;NEGATIF;SAT;NEGATIF;AZALIYOR;SAT;SAT;UCUZ (AL);0;24.09.2026
EDATA;izle;;5,4;5,4;0,0;0,0;0;0;zayif;33,6;13,2;21,5;asagi;zayif;zayif;asagi;0,04;-7,28;2;8,19;-9,90;1085945;11,64;SAT;NEGATIF;SAT;NEGATIF;AZALIYOR;SAT;AL;NOTR;1;24.09.2026
PRZMA;izle;;5,4;5,4;0,0;0,0;0;0;zayif;29,6;23,0;33,8;asagi;zayif;zayif;asagi;0,00;-5,20;1;33,48;-10,00;92639;51,42;SAT;NEGATIF;SAT;NEGATIF;AZALIYOR;SAT;SAT;NOTR;0;24.09.2026
TARKM;izle;;5,4;4,9;0,5;0,0;10;0;zayif;25,9;26,7;32,8;asagi;zayif;zayif;asagi;0,43;-3,14;4;396;-2,94;31461408;489,44;SAT;NEGATIF;SAT;NEGATIF;AZALIYOR;SAT;SAT;NOTR;0;24.09.2026
PLTUR;izle;;5,4;1,8;0,5;3,1;10;0;zayif;25,5;24,4;46,1;asagi;zayif;zayif;asagi;0,88;-4,56;5;16,18;-4,71;28738948;19,33;SAT;NEGATIF;SAT;NEGATIF;ARTIYOR;SAT;AL;UCUZ (AL);1;24.09.2026
SEYKM;izle;;5,3;2,4;0,0;2,9;10;0;zayif;34,5;14,9;25,1;asagi;zayif;zayif;asagi;0,87;-5,74;5;2,94;-2,65;3496804;3,68;SAT;NEGATIF;SAT;NEGATIF;AZALIYOR;SAT;AL;UCUZ (AL);1;24.09.2026
PKENT;izle;;5,2;2,4;0,1;2,7;20;1;zayif;30,6;17,2;23,4;asagi;zayif;zayif;asagi;0,86;-5,78;5;98,25;-5,26;11560193;115,03;SAT;NEGATIF;SAT;NEGATIF;ARTIYOR;SAT;AL;UCUZ (AL);1;24.09.2026
LRSHO;izle;;5,2;1,2;4,0;0,0;0;0;zayif;20,9;21,1;39,0;asagi;zayif;zayif;asagi;0,42;-4,93;2;2,02;-0,49;14123333;2,36;SAT;NEGATIF;SAT;NEGATIF;AZALIYOR;SAT;SAT;UCUZ (AL);0;24.09.2026
MZHLD;izle;;5,2;1,2;4,0;0,0;22;2;zayif;20,9;34,7;42,6;asagi;zayif;zayif;asagi;0,62;-2,59;1;4,64;-2,32;2006791;5,50;SAT;NEGATIF;SAT;NEGATIF;ARTIYOR;SAT;SAT;UCUZ (AL);0;24.09.2026
OSMEN;izle;;4,9;2,4;0,7;1,8;10;0;zayif;37,3;20,3;30,4;asagi;zayif;zayif;asagi;0,81;-5,73;4;5,24;-6,09;12892679;6,37;SAT;NEGATIF;SAT;NEGATIF;ARTIYOR;SAT;AL;UCUZ (AL);1;24.09.2026
DCTTR;izle;;4,9;2,4;1,6;0,9;10;0;zayif;49,1;14,9;22,3;asagi;zayif;zayif;asagi;0,75;-8,75;4;3,56;-7,77;27730670;4,95;SAT;NEGATIF;SAT;NEGATIF;AZALIYOR;SAT;SAT;UCUZ (AL);0;24.09.2026
INGRM;izle;;4,9;0,7;4,1;0,0;0;0;zayif;17,3;25,5;40,9;asagi;zayif;zayif;asagi;0,23;-3,53;2;313,75;-2,33;5128244;368,29;SAT;NEGATIF;NOTR;NEGATIF;ARTIYOR;AL;AL;UCUZ (AL);2;24.09.2026
DNISI;izle;;4,8;0,5;4,3;0,0;20;1;zayif;15,8;33,7;56,5;asagi;zayif;zayif;asagi;0,63;-2,46;4;4,05;-2,41;9735188;4,77;SAT;NEGATIF;NOTR;NEGATIF;AZALIYOR;SAT;SAT;NOTR;0;24.09.2026
TRILC;izle;;4,8;2,4;2,3;0,0;0;0;zayif;47,7;26,6;42,8;asagi;zayif;zayif;asagi;0,49;-8,90;2;0,91;-2,15;1577634;1,01;SAT;NEGATIF;SAT;NEGATIF;ARTIYOR;SAT;SAT;UCUZ (AL);0;24.09.2026
TKNSA;izle;;4,8;1,9;2,9;0,0;6;0;zayif;25,8;29,9;29,0;asagi;zayif;zayif;asagi;0,52;-3,63;3;14,3;-2,26;27143230;16,81;SAT;NEGATIF;SAT;NEGATIF;AZALIYOR;SAT;AL;UCUZ (AL);1;24.09.2026
KENT;izle;;4,7;2,4;0,9;1,4;6;0;zayif;34,7;26,4;12,1;asagi;zayif;zayif;asagi;0,79;-4,59;3;290;-2,85;985420;333,28;SAT;NEGATIF;SAT;NEGATIF;AZALIYOR;SAT;AL;UCUZ (AL);1;24.09.2026
SASA;izle;;4,7;1,1;3,7;0,0;6;0;zayif;19,8;34,5;46,4;asagi;zayif;zayif;asagi;0,50;-2,34;3;2,11;-6,64;4952713437;2,66;SAT;NEGATIF;NOTR;NEGATIF;ARTIYOR;SAT;SAT;NOTR;0;24.09.2026
KGYO;izle;;4,7;4,4;0,3;0,0;0;0;zayif;22,1;25,9;27,2;asagi;zayif;zayif;asagi;0,15;-3,86;1;7,75;-9,99;18907753;10,43;SAT;NEGATIF;SAT;NEGATIF;AZALIYOR;SAT;SAT;NOTR;0;24.09.2026
MARBL;izle;;4,6;2,4;0,0;2,2;20;1;zayif;29,6;15,4;36,3;asagi;zayif;zayif;asagi;0,83;-5,49;5;9,31;-6,90;9973207;11,16;SAT;NEGATIF;SAT;NEGATIF;ARTIYOR;SAT;AL;UCUZ (AL);1;24.09.2026
AKGRT;izle;;4,6;2,4;2,1;0,0;0;0;zayif;41,3;26,4;31,1;asagi;zayif;zayif;asagi;0,49;-5,06;2;5,32;-3,62;32749133;5,99;SAT;NEGATIF;SAT;NEGATIF;ARTIYOR;AL;AL;UCUZ (AL);2;24.09.2026
HKTM;izle;;4,5;2,4;2,0;0,0;20;1;zayif;34,2;29,5;22,9;asagi;zayif;zayif;asagi;0,53;-2,38;4;10,25;-2,47;49334050;13,11;SAT;NEGATIF;SAT;NEGATIF;ARTIYOR;SAT;AL;NOTR;1;24.09.2026
KONKA;izle;;4,4;2,4;2,0;0,0;10;0;zayif;53,0;17,0;33,8;asagi;zayif;zayif;asagi;0,67;-7,30;5;7,35;-5,16;14267805;8,91;SAT;NEGATIF;SAT;NEGATIF;ARTIYOR;AL;AL;UCUZ (AL);2;24.09.2026
KATMR;izle;;4,4;2,4;2,0;0,0;10;0;zayif;51,8;23,6;32,7;asagi;zayif;zayif;asagi;0,60;-6,25;4;1,56;-4,88;74197257;1,80;SAT;NEGATIF;SAT;NEGATIF;ARTIYOR;AL;AL;UCUZ (AL);2;24.09.2026
AKYHO;izle;;4,4;2,4;1,9;0,0;10;0;zayif;31,8;27,4;27,8;asagi;zayif;zayif;asagi;0,41;-4,01;5;1,68;-4,00;1245786;2,06;SAT;NEGATIF;SAT;NEGATIF;AZALIYOR;SAT;AL;UCUZ (AL);1;24.09.2026
BSOKE;izle;;4,3;2,4;0,3;1,5;6;0;zayif;53,7;10,0;15,9;asagi;zayif;zayif;asagi;0,79;-9,04;3;9,4;-9,96;109048338;14,94;SAT;NEGATIF;SAT;NEGATIF;AZALIYOR;SAT;AL;UCUZ (AL);1;24.09.2026
ATAGY;izle;;4,3;2,4;1,8;0,0;10;0;zayif;41,0;25,1;44,3;asagi;zayif;zayif;asagi;0,34;-3,28;4;8,84;-1,78;606362;10,26;SAT;NEGATIF;SAT;NEGATIF;ARTIYOR;SAT;AL;UCUZ (AL);1;24.09.2026
DGGYO;izle;;4,3;1,4;2,9;0,0;10;0;zayif;22,1;29,8;24,7;asagi;zayif;zayif;asagi;0,49;-3,26;4;27,52;-3,37;1554605;32,80;SAT;NEGATIF;SAT;NEGATIF;AZALIYOR;AL;AL;NOTR;2;24.09.2026
USAK;izle;;4,3;2,4;0,0;1,8;10;0;zayif;33,9;7,1;16,2;asagi;zayif;zayif;asagi;0,81;-8,42;4;0,73;-9,88;42649287;0,92;SAT;NEGATIF;SAT;NEGATIF;ARTIYOR;SAT;SAT;UCUZ (AL);0;24.09.2026
ISSEN;izle;;4,2;2,4;0,0;1,8;20;1;zayif;31,6;15,9;23,2;asagi;zayif;zayif;asagi;0,81;-5,14;4;5,56;-6,24;5939253;6,53;SAT;NEGATIF;SAT;NEGATIF;ARTIYOR;SAT;AL;UCUZ (AL);1;24.09.2026
OZGYO;izle;;4,2;2,4;0,0;1,8;6;0;zayif;30,0;19,9;34,6;asagi;zayif;zayif;asagi;0,81;-4,92;3;1,61;-5,29;18400221;1,91;SAT;NEGATIF;SAT;NEGATIF;ARTIYOR;SAT;AL;NOTR;1;24.09.2026
IHAAS;izle;;4,2;2,4;0,0;1,8;38;3;zayif;29,7;15,8;18,1;asagi;zayif;zayif;asagi;0,81;-6,67;3;28,56;-9,96;18978063;40,74;SAT;NEGATIF;SAT;NEGATIF;ARTIYOR;SAT;AL;NOTR;1;24.09.2026
ALGYO;izle;;4,2;1,7;2,5;0,0;32;3;zayif;24,8;31,0;44,1;asagi;zayif;zayif;asagi;0,52;-4,20;2;3,05;-2,87;39726903;3,55;SAT;NEGATIF;SAT;NEGATIF;AZALIYOR;SAT;AL;UCUZ (AL);1;24.09.2026
SUNTK;izle;;4,2;2,4;1,7;0,0;10;0;zayif;32,3;21,3;31,2;asagi;zayif;zayif;asagi;0,28;-3,98;4;25,1;-5,21;6592339;32,39;SAT;NEGATIF;SAT;NEGATIF;AZALIYOR;SAT;SAT;UCUZ (AL);0;24.09.2026
VAKFN;izle;;4,1;2,4;1,7;0,0;10;0;zayif;48,5;20,6;18,3;asagi;zayif;zayif;asagi;0,63;-4,59;5;0,99;-2,94;40064258;1,13;SAT;NEGATIF;SAT;NEGATIF;ARTIYOR;AL;SAT;UCUZ (AL);1;24.09.2026
BULGS;izle;;4,1;2,4;0,0;1,6;0;0;zayif;57,2;7,7;19,1;asagi;zayif;zayif;asagi;0,80;-9,71;2;13,84;-9,95;47211755;19,90;SAT;NEGATIF;SAT;NEGATIF;AZALIYOR;SAT;AL;UCUZ (AL);1;24.09.2026
YESIL;izle;;4,1;2,4;0,2;1,4;0;0;zayif;33,1;16,5;32,6;asagi;zayif;zayif;asagi;0,79;-6,30;1;0,89;-3,26;11412627;1,05;SAT;NEGATIF;SAT;NEGATIF;AZALIYOR;SAT;SAT;UCUZ (AL);0;24.09.2026
FZLGY;izle;;4,0;2,3;1,7;0,0;0;0;zayif;28,7;24,2;48,4;asagi;zayif;zayif;asagi;0,64;-5,21;2;6,21;-10,00;84251039;8,79;SAT;NEGATIF;SAT;NEGATIF;ARTIYOR;SAT;SAT;UCUZ (AL);0;24.09.2026
KZGYO;izle;;4,0;2,4;1,5;0,0;0;0;zayif;33,9;30,0;59,3;asagi;zayif;zayif;asagi;0,53;-3,63;1;15,32;-4,25;46272206;21,44;SAT;NEGATIF;SAT;NEGATIF;AZALIYOR;SAT;SAT;UCUZ (AL);0;24.09.2026
AYEN;izle;;3,9;0,9;3,0;0,0;6;0;zayif;18,9;29,2;53,3;asagi;zayif;zayif;asagi;0,49;-3,73;3;27,14;-2,30;7268011;30,84;SAT;NEGATIF;NOTR;NEGATIF;AZALIYOR;SAT;AL;NOTR;1;24.09.2026
VESBE;izle;;3,8;1,8;2,0;0,0;6;0;zayif;25,3;28,2;57,4;asagi;zayif;zayif;asagi;0,49;-3,47;3;4,68;-4,68;65068708;5,65;SAT;NEGATIF;SAT;NEGATIF;ARTIYOR;SAT;SAT;UCUZ (AL);0;24.09.2026
KOTON;izle;;3,8;2,4;1,3;0,0;10;0;zayif;30,4;23,7;29,6;asagi;zayif;zayif;asagi;0,39;-5,06;4;10,82;-2,87;7896739;12,04;SAT;NEGATIF;SAT;NEGATIF;ARTIYOR;SAT;AL;UCUZ (AL);1;24.09.2026
PARSN;izle;;3,7;2,2;1,1;0,4;10;0;zayif;28,3;24,1;31,2;asagi;zayif;zayif;asagi;0,72;-4,43;4;61;-3,48;11753114;69,85;SAT;NEGATIF;SAT;NEGATIF;ARTIYOR;SAT;AL;UCUZ (AL);1;24.09.2026
VAKFA;izle;;3,7;1,8;1,9;0,0;10;1;zayif;25,2;28,1;42,1;asagi;zayif;zayif;asagi;0,55;-3,38;1;9,67;-2,91;33631071;11,18;SAT;NEGATIF;SAT;NEGATIF;ARTIYOR;SAT;SAT;UCUZ (AL);0;24.09.2026
BRKSN;izle;;3,6;2,4;0,2;1,0;10;0;zayif;33,1;20,8;19,7;asagi;zayif;zayif;asagi;0,76;-4,54;4;6,4;-5,33;1459520;7,45;SAT;NEGATIF;SAT;NEGATIF;ARTIYOR;SAT;AL;UCUZ (AL);1;24.09.2026
BEYAZ;izle;;3,6;0,8;2,3;0,5;0;0;zayif;17,7;28,8;52,9;asagi;zayif;zayif;asagi;0,73;-4,09;2;18,4;-6,07;14887661;22,42;SAT;NEGATIF;NOTR;NEGATIF;ARTIYOR;SAT;SAT;UCUZ (AL);0;24.09.2026
AVOD;izle;;3,5;2,4;1,1;0,0;0;0;zayif;32,2;28,3;47,1;asagi;zayif;zayif;asagi;0,23;-3,14;2;3,21;-4,75;9260844;4,05;SAT;NEGATIF;SAT;NEGATIF;AZALIYOR;SAT;AL;NOTR;1;24.09.2026
NATEN;izle;;3,5;2,3;1,2;0,0;6;0;zayif;28,9;23,9;54,2;asagi;zayif;zayif;asagi;0,43;-5,17;3;4,24;-4,93;14176737;5,07;SAT;NEGATIF;SAT;NEGATIF;AZALIYOR;AL;AL;UCUZ (AL);2;24.09.2026
ARENA;izle;;3,5;2,0;1,5;0,0;6;0;zayif;26,9;21,8;40,2;asagi;zayif;zayif;asagi;0,45;-4,94;3;15,59;-5,05;5863929;18,96;SAT;NEGATIF;SAT;NEGATIF;ARTIYOR;SAT;AL;UCUZ (AL);1;24.09.2026
BFREN;izle;;3,5;1,8;0,8;0,9;6;0;zayif;25,1;24,7;44,8;asagi;zayif;zayif;asagi;0,76;-4,02;3;110,4;-3,50;16455341;124,87;SAT;NEGATIF;SAT;NEGATIF;ARTIYOR;SAT;AL;UCUZ (AL);1;24.09.2026
MERKO;izle;;3,5;2,4;1,0;0,0;6;0;zayif;46,1;16,3;21,3;asagi;zayif;zayif;asagi;0,39;-7,04;3;0,97;-3,96;9346613;1,13;SAT;NEGATIF;SAT;NEGATIF;AZALIYOR;AL;AL;UCUZ (AL);2;24.09.2026
ADEL;izle;;3,4;1,8;1,1;0,5;10;0;zayif;24,9;27,3;38,5;asagi;zayif;zayif;asagi;0,73;-3,73;5;25,9;-4,64;53903494;30,73;SAT;NEGATIF;SAT;NEGATIF;ARTIYOR;SAT;SAT;NOTR;0;24.09.2026
GENTS;izle;;3,4;2,0;1,4;0,0;6;0;zayif;26,8;21,1;23,7;asagi;zayif;zayif;asagi;0,63;-4,71;3;4,29;-4,45;14751555;5,09;SAT;NEGATIF;SAT;NEGATIF;ARTIYOR;SAT;AL;UCUZ (AL);1;24.09.2026
AHSGY;izle;;3,4;1,5;1,8;0,0;40;4;zayif;23,4;27,4;51,1;asagi;zayif;zayif;asagi;0,60;-4,59;2;10,6;-9,94;27538185;15,37;SAT;NEGATIF;SAT;NEGATIF;AZALIYOR;SAT;SAT;NOTR;0;24.09.2026
BIZIM;izle;;3,4;1,9;1,5;0,0;32;2;zayif;25,8;28,7;39,6;asagi;zayif;zayif;asagi;0,36;-3,76;5;20,6;-2,37;2062225;23,73;SAT;NEGATIF;SAT;NEGATIF;AZALIYOR;SAT;AL;UCUZ (AL);1;24.09.2026
GLCVY;izle;;3,4;1,3;2,1;0,0;10;1;zayif;21,3;28,3;25,3;asagi;zayif;zayif;asagi;0,50;-3,41;2;44;-4,10;13711456;51,85;SAT;NEGATIF;SAT;NEGATIF;AZALIYOR;SAT;AL;UCUZ (AL);1;24.09.2026
AGROT;izle;;3,3;1,2;1,1;1,1;22;2;zayif;20,8;16,5;41,2;asagi;zayif;zayif;asagi;0,76;-7,05;2;1,45;-5,23;44983978;1,78;SAT;NEGATIF;SAT;NEGATIF;ARTIYOR;SAT;AL;UCUZ (AL);1;24.09.2026
POLTK;izle;;3,3;1,3;0,8;1,2;0;0;zayif;21,8;16,2;56,1;asagi;zayif;zayif;asagi;0,77;-5,43;2;3175;-4,51;17878425;3844,49;SAT;NEGATIF;SAT;NEGATIF;AZALIYOR;SAT;AL;UCUZ (AL);1;24.09.2026
MNDTR;izle;;3,3;2,4;0,9;0,0;6;0;zayif;30,4;23,0;33,3;asagi;zayif;zayif;asagi;0,41;-4,31;3;4,17;-3,25;3171535;4,87;SAT;NEGATIF;SAT;NEGATIF;AZALIYOR;SAT;SAT;UCUZ (AL);0;24.09.2026
OSTIM;izle;;3,2;0,9;2,3;0,0;6;0;zayif;18,5;28,8;48,0;asagi;zayif;zayif;asagi;0,66;-3,73;3;1,34;-4,29;12026444;1,59;SAT;NEGATIF;NOTR;NEGATIF;ARTIYOR;SAT;AL;UCUZ (AL);1;24.09.2026
DERHL;izle;;3,2;2,4;0,1;0,7;10;0;zayif;29,6;19,9;50,9;asagi;zayif;zayif;asagi;0,74;-5,99;4;1,55;-5,49;14600591;1,88;SAT;NEGATIF;SAT;NEGATIF;AZALIYOR;SAT;AL;UCUZ (AL);1;24.09.2026
HEKTS;izle;;3,2;2,4;0,8;0,0;40;4;zayif;29,7;25,5;30,1;asagi;zayif;zayif;asagi;0,36;-4,91;2;2,16;-4,85;370960545;2,61;SAT;NEGATIF;SAT;NEGATIF;AZALIYOR;SAT;SAT;UCUZ (AL);0;24.09.2026
BNTAS;izle;;3,2;2,4;0,7;0,0;50;4;zayif;31,5;26,5;24,9;asagi;zayif;zayif;asagi;0,54;-4,16;4;5,29;-3,47;10767536;5,99;SAT;NEGATIF;SAT;NEGATIF;ARTIYOR;SAT;AL;UCUZ (AL);1;24.09.2026
NUGYO;izle;;3,2;2,4;0,7;0,0;10;0;zayif;29,9;21,8;27,2;asagi;zayif;zayif;asagi;0,53;-3,76;4;7,63;-2,80;6446206;8,82;SAT;NEGATIF;SAT;NEGATIF;AZALIYOR;SAT;AL;UCUZ (AL);1;24.09.2026
ARZUM;izle;;3,2;2,1;0,9;0,2;10;0;zayif;27,4;17,5;25,9;asagi;zayif;zayif;asagi;0,71;-6,20;4;1,19;-4,80;8622120;1,42;SAT;NEGATIF;SAT;NEGATIF;AZALIYOR;AL;AL;UCUZ (AL);2;24.09.2026
GEDZA;izle;;3,2;2,4;0,7;0,0;32;2;zayif;35,7;20,4;20,0;asagi;zayif;zayif;asagi;0,64;-4,63;4;23;-3,36;5556248;26,64;SAT;NEGATIF;SAT;NEGATIF;ARTIYOR;SAT;AL;NOTR;1;24.09.2026
ZEDUR;izle;;3,1;2,4;0,7;0,0;10;0;zayif;48,3;13,2;30,9;asagi;zayif;zayif;asagi;0,44;-5,13;6;5,91;-3,90;3215105;7,07;SAT;NEGATIF;SAT;NEGATIF;AZALIYOR;SAT;AL;UCUZ (AL);1;24.09.2026
BVSAN;izle;;3,1;1,6;1,6;0,0;0;0;zayif;23,4;30,3;50,1;asagi;zayif;zayif;asagi;0,44;-3,85;1;78,6;-6,26;56052254;105,95;SAT;NEGATIF;SAT;NEGATIF;AZALIYOR;SAT;SAT;NOTR;0;24.09.2026
SELVA;izle;;3,1;2,4;0,6;0,0;10;0;zayif;31,1;17,1;26,2;asagi;zayif;zayif;asagi;0,58;-6,94;4;1,18;-4,84;14962642;1,41;SAT;NEGATIF;SAT;NEGATIF;ARTIYOR;AL;AL;UCUZ (AL);2;24.09.2026
SILVR;izle;;3,0;2,4;0,5;0,0;6;0;zayif;30,2;14,7;21,8;asagi;zayif;zayif;asagi;0,68;-4,78;3;1,75;-2,78;1974462;2,08;SAT;NEGATIF;SAT;NEGATIF;ARTIYOR;SAT;SAT;UCUZ (AL);0;24.09.2026
SERNT;izle;;3,0;2,4;0,0;0,5;10;0;zayif;31,9;17,0;20,6;asagi;zayif;zayif;asagi;0,73;-5,41;4;5,62;-3,10;20101082;7,10;SAT;NEGATIF;SAT;NEGATIF;AZALIYOR;SAT;AL;UCUZ (AL);1;24.09.2026
MHRGY;izle;;3,0;2,1;0,9;0,0;28;2;zayif;27,2;23,9;48,9;asagi;zayif;zayif;asagi;0,37;-4,10;3;1,8;-3,23;5112518;2,14;SAT;NEGATIF;SAT;NEGATIF;AZALIYOR;SAT;SAT;NOTR;0;24.09.2026
ADESE;izle;;3,0;2,4;0,5;0,0;10;0;zayif;32,7;21,8;25,3;asagi;zayif;zayif;asagi;0,52;-4,51;4;0,69;-2,82;47222886;0,81;SAT;NEGATIF;SAT;NEGATIF;ARTIYOR;SAT;AL;UCUZ (AL);1;24.09.2026
YAYLA;izle;;2,9;2,4;0,0;0,5;6;0;zayif;33,4;22,7;28,2;asagi;zayif;zayif;asagi;0,73;-4,67;3;15,49;-4,68;11967032;19,57;SAT;NEGATIF;SAT;NEGATIF;AZALIYOR;SAT;AL;UCUZ (AL);1;24.09.2026
ONRYT;izle;;2,9;2,1;0,0;0,8;10;0;zayif;27,5;19,7;33,4;asagi;zayif;zayif;asagi;0,75;-5,01;4;10,36;-3,00;33001303;12,90;SAT;NEGATIF;SAT;NEGATIF;AZALIYOR;SAT;SAT;UCUZ (AL);0;24.09.2026
EYGYO;izle;;2,9;1,8;1,0;0,0;6;0;zayif;25,4;27,4;39,2;asagi;zayif;zayif;asagi;0,57;-3,01;3;2,03;-2,87;8726292;2,52;SAT;NEGATIF;SAT;NEGATIF;AZALIYOR;SAT;SAT;UCUZ (AL);0;24.09.2026
BRKVY;izle;;2,9;2,4;0,0;0,4;6;0;zayif;33,6;24,9;15,5;asagi;zayif;zayif;asagi;0,72;-4,42;3;57,35;-7,43;22701596;75,76;SAT;NEGATIF;SAT;NEGATIF;ARTIYOR;SAT;AL;UCUZ (AL);1;24.09.2026
DARDL;izle;;2,9;2,4;0,4;0,0;50;4;zayif;39,2;14,7;23,7;asagi;zayif;zayif;asagi;0,65;-6,78;4;1,22;-3,94;13823986;1,43;SAT;NEGATIF;SAT;NEGATIF;ARTIYOR;AL;AL;UCUZ (AL);2;24.09.2026
CONSE;izle;;2,8;2,4;0,4;0,0;16;1;zayif;31,0;17,4;28,0;asagi;zayif;zayif;asagi;0,55;-4,99;3;1,75;-2,78;11699637;2,09;SAT;NEGATIF;SAT;NEGATIF;AZALIYOR;SAT;SAT;UCUZ (AL);0;24.09.2026
GZNMI;izle;;2,8;2,4;0,3;0,1;6;0;zayif;40,0;16,0;10,8;asagi;zayif;zayif;asagi;0,70;-6,23;3;33,2;-5,14;30153568;43,37;SAT;NEGATIF;SAT;NEGATIF;AZALIYOR;SAT;SAT;UCUZ (AL);0;24.09.2026
MSGYO;izle;;2,8;1,6;1,2;0,0;6;0;zayif;23,5;23,8;21,7;asagi;zayif;zayif;asagi;0,64;-4,13;3;4,84;-2,22;5690059;5,61;SAT;NEGATIF;SAT;NEGATIF;ARTIYOR;SAT;SAT;NOTR;0;24.09.2026
DESPC;izle;;2,7;2,1;0,6;0,0;0;0;zayif;27,4;24,5;41,1;asagi;zayif;zayif;asagi;0,58;-4,22;2;30,36;-5,83;8533194;37,72;SAT;NEGATIF;SAT;NEGATIF;ARTIYOR;SAT;AL;UCUZ (AL);1;24.09.2026
DYOBY;izle;;2,6;2,4;0,2;0,0;50;5;zayif;32,2;22,8;31,5;asagi;zayif;zayif;asagi;0,59;-4,54;4;10,86;-3,21;9581604;12,48;SAT;NEGATIF;SAT;NEGATIF;ARTIYOR;SAT;AL;NOTR;1;24.09.2026
ALTNY;izle;;2,6;1,8;0,8;0,0;0;0;zayif;24,9;27,5;37,8;asagi;zayif;zayif;asagi;0,60;-3,50;2;13,05;-5,09;184879128;16,13;SAT;NEGATIF;SAT;NEGATIF;AZALIYOR;SAT;AL;NOTR;1;24.09.2026
SKTAS;izle;;2,6;2,4;0,1;0,0;10;0;zayif;31,4;21,1;24,9;asagi;zayif;zayif;asagi;0,37;-4,52;5;2,49;-4,60;14322116;3,01;SAT;NEGATIF;SAT;NEGATIF;AZALIYOR;SAT;SAT;UCUZ (AL);0;24.09.2026
GSRAY;izle;;2,5;2,4;0,1;0,0;6;0;zayif;35,3;21,3;13,5;asagi;zayif;zayif;asagi;0,53;-4,17;3;0,88;-2,22;74399361;0,98;SAT;NEGATIF;SAT;NEGATIF;AZALIYOR;SAT;AL;UCUZ (AL);1;24.09.2026
MEDTR;izle;;2,5;2,4;0,0;0,0;10;0;zayif;39,0;13,4;14,0;asagi;zayif;zayif;asagi;0,54;-6,44;4;18,99;-4,57;3153024;22,15;SAT;NEGATIF;SAT;NEGATIF;ARTIYOR;AL;AL;UCUZ (AL);2;24.09.2026
MEKAG;izle;;2,5;2,4;0,1;0,0;10;0;zayif;29,3;16,4;19,9;asagi;zayif;zayif;asagi;0,53;-5,78;4;2,2;-4,35;9404388;2,66;SAT;NEGATIF;SAT;NEGATIF;AZALIYOR;SAT;AL;UCUZ (AL);1;24.09.2026
PAHOL;izle;;2,4;2,4;0,0;0,0;10;0;zayif;32,9;18,0;39,2;asagi;zayif;zayif;asagi;0,62;-5,61;4;0,96;-3,03;162382150;1,17;SAT;NEGATIF;SAT;NEGATIF;AZALIYOR;SAT;SAT;UCUZ (AL);0;24.09.2026
BIGTK;izle;;2,4;2,4;0,0;0,0;32;3;zayif;35,0;22,1;41,3;asagi;zayif;zayif;asagi;0,59;-5,57;1;146,8;-9,99;43400833;226,34;SAT;NEGATIF;SAT;NEGATIF;AZALIYOR;SAT;AL;UCUZ (AL);1;24.09.2026
PAPIL;izle;;2,4;2,4;0,0;0,0;10;0;zayif;31,8;19,7;40,5;asagi;zayif;zayif;asagi;0,63;-5,50;5;8,15;-6,75;38887040;10,74;SAT;NEGATIF;SAT;NEGATIF;AZALIYOR;SAT;AL;UCUZ (AL);1;24.09.2026
ESEN;izle;;2,4;2,4;0,0;0,0;50;4;zayif;31,1;22,3;27,5;asagi;zayif;zayif;asagi;0,56;-5,01;4;2,7;-3,91;50130260;3,19;SAT;NEGATIF;SAT;NEGATIF;ARTIYOR;SAT;SAT;UCUZ (AL);0;24.09.2026
PAMEL;izle;;2,4;2,4;0,0;0,0;6;0;zayif;33,0;9,6;17,6;asagi;zayif;zayif;asagi;0,68;-7,20;3;49,22;-5,26;11335858;60,22;SAT;NEGATIF;SAT;NEGATIF;AZALIYOR;AL;SAT;UCUZ (AL);1;24.09.2026
MAKTK;izle;;2,4;2,4;0,0;0,0;10;0;zayif;32,1;15,0;29,1;asagi;zayif;zayif;asagi;0,42;-6,32;6;6,8;-5,56;11449180;8,41;SAT;NEGATIF;SAT;NEGATIF;AZALIYOR;SAT;SAT;UCUZ (AL);0;24.09.2026
KLRHO;izle;;2,4;2,4;0,0;0,0;0;0;zayif;42,1;9,7;8,1;asagi;zayif;zayif;asagi;0,08;-10,57;2;27,82;-9,97;7403208;38,59;SAT;NEGATIF;SAT;NEGATIF;AZALIYOR;SAT;SAT;UCUZ (AL);0;24.09.2026
KAPLM;izle;;2,4;2,4;0,0;0,0;10;0;zayif;54,8;11,3;19,2;asagi;zayif;zayif;asagi;0,26;-9,25;4;160,4;-9,99;5823322;233,24;SAT;NEGATIF;SAT;NEGATIF;AZALIYOR;SAT;SAT;UCUZ (AL);0;24.09.2026
UFUK;izle;;2,4;2,4;0,0;0,0;32;3;zayif;30,5;12,7;37,5;asagi;zayif;zayif;asagi;0,05;-7,64;2;668;-9,97;5400112;975,74;SAT;NEGATIF;SAT;NEGATIF;AZALIYOR;SAT;SAT;UCUZ (AL);0;24.09.2026
YYAPI;izle;;2,4;2,4;0,0;0,0;6;0;zayif;58,8;16,1;11,4;asagi;zayif;zayif;asagi;0,65;-8,95;3;0,61;-4,69;1634848;0,69;SAT;NEGATIF;SAT;NEGATIF;ARTIYOR;AL;AL;UCUZ (AL);2;24.09.2026
LYDHO;izle;;2,4;2,4;0,0;0,0;6;0;zayif;59,0;10,2;25,7;asagi;zayif;zayif;asagi;0,06;-9,82;3;61,75;-9,99;2254431;87,71;SAT;NEGATIF;SAT;NEGATIF;AZALIYOR;SAT;SAT;UCUZ (AL);0;24.09.2026
CRDFA;izle;;2,4;2,4;0,0;0,0;0;0;zayif;47,9;11,3;29,4;asagi;zayif;zayif;asagi;0,05;-9,07;2;11,07;-9,93;1049536;16,03;SAT;NEGATIF;SAT;NEGATIF;AZALIYOR;SAT;SAT;UCUZ (AL);0;24.09.2026
LYDYE;izle;;2,4;2,4;0,0;0,0;0;0;zayif;32,7;14,4;24,0;asagi;zayif;zayif;asagi;0,06;-7,93;2;6130;-9,99;827550;8366,01;SAT;NEGATIF;SAT;NEGATIF;AZALIYOR;SAT;SAT;UCUZ (AL);0;24.09.2026
HDFGS;izle;;2,4;2,4;0,0;0,0;22;2;zayif;35,8;9,1;17,8;asagi;zayif;zayif;asagi;0,03;-9,39;2;1,02;-9,73;1142961;1,42;SAT;NEGATIF;SAT;NEGATIF;AZALIYOR;AL;AL;UCUZ (AL);2;24.09.2026
CASA;izle;;2,4;2,4;0,0;0,0;0;0;zayif;33,3;21,3;21,4;asagi;zayif;zayif;asagi;0,59;-7,77;2;52;-5,45;556556;59,27;SAT;NEGATIF;SAT;NEGATIF;ARTIYOR;SAT;AL;UCUZ (AL);1;24.09.2026
SMART;izle;;2,4;1,2;0,8;0,4;10;0;zayif;20,9;18,2;32,8;asagi;zayif;zayif;asagi;0,73;-5,56;5;17,14;-3,98;10858893;20,91;SAT;NEGATIF;SAT;NEGATIF;ARTIYOR;SAT;AL;NOTR;1;24.09.2026
ULAS;izle;;2,4;2,0;0,4;0,0;10;0;zayif;26,6;20,0;27,9;asagi;zayif;zayif;asagi;0,55;-4,48;4;16,41;-3,75;1779369;20,10;SAT;NEGATIF;SAT;NEGATIF;AZALIYOR;SAT;AL;UCUZ (AL);1;24.09.2026
GIPTA;izle;;2,4;2,4;0,0;0,0;0;0;zayif;29,5;21,1;41,1;asagi;zayif;zayif;asagi;0,05;-6,12;1;32,82;-9,98;6205409;49,20;SAT;NEGATIF;SAT;NEGATIF;AZALIYOR;SAT;AL;UCUZ (AL);1;24.09.2026
PRKME;izle;;2,4;1,8;0,6;0,0;10;0;zayif;25,0;25,2;34,4;asagi;zayif;zayif;asagi;0,50;-3,80;4;14,79;-6,39;20313015;17,84;SAT;NEGATIF;SAT;NEGATIF;ARTIYOR;SAT;AL;NOTR;1;24.09.2026
ALKA;izle;;2,4;2,0;0,4;0,0;42;3;zayif;26,3;21,6;38,0;asagi;zayif;zayif;asagi;0,48;-5,12;4;6,57;-2,95;7684009;7,63;SAT;NEGATIF;SAT;NEGATIF;AZALIYOR;SAT;SAT;UCUZ (AL);0;24.09.2026
SNICA;izle;;2,4;1,5;0,8;0,0;6;0;zayif;23,1;21,9;39,8;asagi;zayif;zayif;asagi;0,64;-5,93;3;2,45;-5,04;18184130;2,92;SAT;NEGATIF;SAT;NEGATIF;ARTIYOR;SAT;AL;UCUZ (AL);1;24.09.2026
EUREN;izle;;2,3;2,3;0,0;0,0;32;2;zayif;29,2;22,4;34,2;asagi;zayif;zayif;asagi;0,69;-5,42;5;3,04;-2,88;61965509;3,54;SAT;NEGATIF;SAT;NEGATIF;AZALIYOR;SAT;AL;UCUZ (AL);1;24.09.2026
BANVT;izle;;2,3;0,6;1,7;0,0;0;0;zayif;16,6;25,8;51,6;asagi;zayif;zayif;asagi;0,35;-3,56;1;133,3;-1,84;5433708;150,81;SAT;NEGATIF;NOTR;NEGATIF;AZALIYOR;SAT;SAT;UCUZ (AL);0;24.09.2026
DENGE;izle;;2,2;1,8;0,4;0,0;22;2;zayif;25,1;26,3;44,2;asagi;zayif;zayif;asagi;0,57;-3,98;2;1,86;-4,62;25309883;2,25;SAT;NEGATIF;SAT;NEGATIF;AZALIYOR;SAT;SAT;UCUZ (AL);0;24.09.2026
BIENY;izle;;2,2;2,2;0,0;0,0;10;0;zayif;28,0;18,3;18,3;asagi;zayif;zayif;asagi;0,57;-4,92;4;15,85;-4,69;18235504;19,15;SAT;NEGATIF;SAT;NEGATIF;AZALIYOR;SAT;AL;UCUZ (AL);1;24.09.2026
FRIGO;izle;;2,2;2,2;0,0;0,0;6;0;zayif;27,9;23,7;33,3;asagi;zayif;zayif;asagi;0,48;-4,24;3;1,59;-4,22;27046491;2,12;SAT;NEGATIF;SAT;NEGATIF;AZALIYOR;SAT;SAT;NOTR;0;24.09.2026
TEKTU;izle;;2,2;1,8;0,0;0,4;50;5;zayif;24,9;14,6;24,3;asagi;zayif;zayif;asagi;0,72;-6,92;5;4,89;-4,68;26362474;6,04;SAT;NEGATIF;SAT;NEGATIF;AZALIYOR;SAT;AL;UCUZ (AL);1;24.09.2026
DOGUB;izle;;2,1;2,1;0,0;0,0;0;0;zayif;27,3;15,3;40,3;asagi;zayif;zayif;asagi;0,15;-7,29;1;28,6;-9,95;1866579;43,51;SAT;NEGATIF;SAT;NEGATIF;AZALIYOR;SAT;SAT;NOTR;0;24.09.2026
CUSAN;izle;;2,1;2,0;0,1;0,0;10;0;zayif;26,4;23,8;34,2;asagi;zayif;zayif;asagi;0,70;-4,05;4;18,86;-3,63;10232455;23,04;SAT;NEGATIF;SAT;NEGATIF;ARTIYOR;SAT;AL;NOTR;1;24.09.2026
IHEVA;izle;;2,0;1,7;0,3;0,0;0;0;zayif;24,2;23,9;39,8;asagi;zayif;zayif;asagi;0,47;-4,04;2;1,63;-2,98;1400745;1,89;SAT;NEGATIF;SAT;NEGATIF;AZALIYOR;SAT;AL;UCUZ (AL);1;24.09.2026
GOODY;izle;;2,0;1,6;0,4;0,0;6;0;zayif;23,8;22,8;25,0;asagi;zayif;zayif;asagi;0,63;-4,02;3;2,19;-3,10;16212984;2,56;SAT;NEGATIF;SAT;NEGATIF;AZALIYOR;SAT;SAT;NOTR;0;24.09.2026
PRKAB;izle;;1,8;0,5;1,3;0,0;20;1;zayif;15,9;23,4;52,6;asagi;zayif;zayif;asagi;0,30;-4,05;4;26,12;-2,54;9274977;31,04;SAT;NEGATIF;NOTR;NEGATIF;AZALIYOR;SAT;SAT;NOTR;0;24.09.2026
IHLGM;izle;;1,6;1,4;0,3;0,0;16;1;zayif;22,0;24,0;60,2;asagi;zayif;zayif;asagi;0,58;-4,58;3;1,26;-5,97;24537828;1,52;SAT;NEGATIF;SAT;NEGATIF;ARTIYOR;SAT;SAT;UCUZ (AL);0;24.09.2026
IMASM;izle;;1,5;1,2;0,3;0,0;6;0;zayif;21,1;19,6;30,4;asagi;zayif;zayif;asagi;0,53;-6,64;3;1,65;-6,25;19441019;2,04;SAT;NEGATIF;SAT;NEGATIF;ARTIYOR;SAT;AL;UCUZ (AL);1;24.09.2026
ANGEN;izle;;1,2;0,9;0,3;0,0;50;4;zayif;18,5;23,7;29,7;asagi;zayif;zayif;asagi;0,37;-5,05;4;6,97;-4,65;6342282;8,47;SAT;NEGATIF;NOTR;NEGATIF;AZALIYOR;SAT;SAT;UCUZ (AL);0;24.09.2026
RTALB;izle;;1,2;1,1;0,1;0,0;40;4;zayif;19,9;20,6;14,0;asagi;zayif;zayif;asagi;0,69;-5,80;1;1,98;-6,60;30646830;2,54;SAT;NEGATIF;NOTR;NEGATIF;ARTIYOR;SAT;AL;UCUZ (AL);1;24.09.2026