hisse;durum;yeni_sinyal;konfluans;trend_35;momentum_30;hacim_35;risk;uyumsuzluk;rejim;adx;rsi;mfi;supertrend;goreli_guc;usd_trend;haftalik_trend;hacim_orani;ema50_uzaklik_atr;dagitim_gun;kapanis;degisim%;islem_hacmi_tl;st_cizgisi;osc_macd;osc_rsi;osc_adx;osc_momentum;osc_atr;osc_wavetrend;osc_stochrsi;osc_sharpe;osc_al_sayisi;tarih
HUNER;izle;;91,8;31,2;30,0;30,6;42;3;guclu trend;20,3;66,6;74,4;yukari;guclu;yukselis;yukari;1,07;2,37;2;4,53;-1,52;355340543;3,83;AL;POZITIF;AL;POZITIF;ARTIYOR;AL;SAT;NOTR;5;02.10.2026
ENERY;GUCLU AL;;91,3;35,0;30,0;26,3;28;0;guclu trend;32,7;67,4;58,0;yukari;guclu;yukselis;yukari;0,78;3,81;2;13,64;0,81;900634987;11,59;AL;POZITIF;AL;POZITIF;AZALIYOR;AL;AL;NOTR;6;02.10.2026
SKYMD;GUCLU AL;;89,4;35,0;28,0;26,5;0;0;guclu trend;30,1;51,2;58,9;yukari;guclu;yukselis;yukari;2,39;0,64;1;16,66;-9,99;239653184;15,17;AL;POZITIF;AL;POZITIF;ARTIYOR;AL;SAT;NOTR;5;02.10.2026
HRKET;GUCLU AL;;89,3;34,3;30,0;25,0;18;0;guclu trend;28,2;69,7;83,0;yukari;guclu;yukselis;yukari;0,57;2,29;0;8,44;0,00;263131416;6,48;AL;POZITIF;AL;POZITIF;ARTIYOR;AL;AL;NOTR;6;02.10.2026
AHGAZ;GUCLU AL;;88,8;32,5;30,0;26,3;28;0;guclu trend;23,5;69,7;61,7;yukari;guclu;yukselis;yukari;0,78;3,81;1;45,6;2,24;270891725;39,72;AL;POZITIF;AL;POZITIF;AZALIYOR;AL;AL;NOTR;6;02.10.2026
ETILR;AL;;86,8;30,7;30,0;26,1;32;2;ilimli;18,9;66,2;68,5;yukari;guclu;yukselis;yukari;0,77;2,70;1;7,65;0,00;70001271;6,03;AL;POZITIF;NOTR;POZITIF;AZALIYOR;AL;SAT;NOTR;4;02.10.2026
GMTAS;GUCLU AL;;84,9;31,7;29,6;23,7;0;0;guclu trend;21,5;58,4;66,8;yukari;guclu;yukselis;yukari;0,46;1,32;0;50,8;-0,29;92575177;40,93;AL;POZITIF;AL;POZITIF;AZALIYOR;AL;AL;NOTR;6;02.10.2026
ORGE;izle;;84,5;28,7;25,0;30,8;42;3;ilimli;13,8;56,8;56,6;yukari;guclu;yukselis;yukari;1,16;1,08;4;23,38;4,94;105749774;20,44;SAT;POZITIF;NOTR;POZITIF;ARTIYOR;AL;AL;NOTR;4;02.10.2026
AKFIS;AL;;84,4;30,4;30,0;23,9;0;0;ilimli;18,3;61,5;61,7;yukari;guclu;yukselis;yukari;0,77;1,92;1;18,1;2,26;221666320;14,12;AL;POZITIF;NOTR;POZITIF;AZALIYOR;AL;AL;PAHALI (SAT);5;02.10.2026
LOGO;izle;;81,9;22,1;30,0;29,8;40;4;zayif;13,9;61,2;55,6;yukari;guclu;yukselis;yukari;0,99;1,64;2;149,6;2,40;109191843;127,89;AL;POZITIF;NOTR;POZITIF;ARTIYOR;AL;AL;NOTR;5;02.10.2026
RYGYO;izle;;81,8;27,0;24,8;30,0;0;0;guclu trend;30,1;57,6;55,0;asagi;guclu;yukselis;yukari;1,15;1,49;1;48,1;-0,12;154901962;50,89;SAT;POZITIF;AL;POZITIF;ARTIYOR;SAT;SAT;NOTR;3;02.10.2026
DURDO;izle;;81,4;19,5;28,1;33,8;40;4;ilimli;28,7;56,2;51,0;asagi;guclu;yukselis;yukari;2,10;0,67;2;5,06;5,42;30265464;5,09;AL;POZITIF;AL;POZITIF;ARTIYOR;AL;AL;NOTR;6;02.10.2026
TKFEN;GUCLU AL;;79,7;35,0;24,4;20,2;22;2;guclu trend;33,2;55,0;47,7;yukari;guclu;yukselis;yukari;0,59;1,75;2;248,1;-1,55;973805401;226,08;SAT;POZITIF;AL;POZITIF;AZALIYOR;SAT;AL;PAHALI (SAT);4;02.10.2026
INDES;izle;;79,2;17,7;29,3;32,2;40;4;ilimli;24,1;59,5;55,0;asagi;guclu;yukselis;yukari;1,19;1,20;1;11,61;3,66;85513699;11,74;AL;POZITIF;AL;POZITIF;ARTIYOR;AL;AL;NOTR;6;02.10.2026
ISDMR;GUCLU AL;EVET;78,1;32,7;23,1;22,4;0;0;guclu trend;24,1;54,5;71,7;yukari;guclu;yukselis;yukari;0,56;1,00;2;60,95;2,78;78530845;54,52;SAT;POZITIF;AL;NEGATIF;AZALIYOR;SAT;SAT;NOTR;2;02.10.2026
FLAP;GUCLU AL;;77,7;34,8;22,0;20,9;0;0;guclu trend;29,4;51,6;50,3;yukari;guclu;yukselis;yukari;1,34;0,40;2;11,92;-2,93;22710377;10,92;SAT;POZITIF;AL;POZITIF;ARTIYOR;AL;SAT;NOTR;4;02.10.2026
BIMAS;izle;;77,6;28,7;21,1;27,8;40;4;ilimli;16,8;48,0;36,4;yukari;guclu;zayif;yukari;0,98;0,36;2;414;1,47;3790682946;402,48;SAT;NEGATIF;NOTR;NEGATIF;AZALIYOR;SAT;SAT;NOTR;0;02.10.2026
BRSAN;izle;;76,5;23,1;26,0;27,4;0;0;guclu trend;20,0;57,5;52,7;asagi;guclu;yukselis;yukari;1,22;1,68;2;703,5;4,92;1412658954;709,48;SAT;POZITIF;AL;POZITIF;ARTIYOR;AL;AL;NOTR;5;02.10.2026
DMLKT;AL;;72,3;29,8;26,0;16,5;10;0;guclu trend;25,5;53,7;39,9;yukari;guclu;yukselis;yukari;0,73;1,57;4;6,92;-0,29;27631968;6,62;SAT;POZITIF;SAT;NEGATIF;AZALIYOR;AL;AL;NOTR;3;02.10.2026
KRGYO;izle;;72,3;22,2;25,7;24,4;10;1;guclu trend;28,4;56,1;32,5;asagi;guclu;yukselis;yukari;0,90;1,37;1;3,38;9,03;66890680;3,68;SAT;POZITIF;SAT;POZITIF;ARTIYOR;AL;AL;NOTR;4;02.10.2026
METRO;AL;EVET;71,9;23,4;26,6;21,8;0;0;ilimli;37,2;54,0;39,6;yukari;guclu;zayif;yukari;0,90;0,03;1;7,79;8,04;47784873;6,15;AL;POZITIF;SAT;POZITIF;ARTIYOR;AL;AL;NOTR;5;02.10.2026
CELHA;izle;;70,6;23,3;25,8;21,5;0;0;guclu trend;20,4;59,0;67,4;asagi;guclu;yukselis;yukari;0,54;1,42;2;28,04;3,77;45214528;31,08;SAT;POZITIF;AL;POZITIF;AZALIYOR;AL;AL;NOTR;5;02.10.2026
RYSAS;izle;;70,3;22,3;22,5;25,5;10;1;ilimli;17,9;47,3;42,3;asagi;guclu;zayif;yukari;1,21;0,00;1;25,02;3,47;464633134;28,46;SAT;NEGATIF;NOTR;POZITIF;AZALIYOR;SAT;SAT;NOTR;1;02.10.2026
AVGYO;izle;;69,3;20,3;23,9;25,1;40;5;ilimli;12,8;53,9;38,1;asagi;guclu;yukselis;yukari;1,06;0,59;2;16,46;5,65;31325158;18,09;SAT;POZITIF;NOTR;POZITIF;ARTIYOR;AL;AL;NOTR;4;02.10.2026
KRPLS;izle;;68,2;26,2;25,4;16,6;22;2;guclu trend;27,9;55,7;43,0;asagi;guclu;yukselis;yukari;0,34;1,23;0;12,16;1,42;31242360;14,17;SAT;POZITIF;AL;POZITIF;AZALIYOR;AL;AL;NOTR;5;02.10.2026
NETAS;izle;;67,2;25,2;23,4;18,6;0;0;guclu trend;25,4;50,5;35,6;asagi;guclu;yukselis;yukari;1,10;0,37;1;83,15;5,59;99744079;89,91;SAT;POZITIF;AL;POZITIF;ARTIYOR;AL;AL;NOTR;5;02.10.2026
KNFRT;izle;;66,7;6,2;28,1;32,4;0;0;zayif;19,3;56,2;46,4;asagi;guclu;yukselis;yukari;1,63;0,70;2;12,35;8,24;80684452;12,40;AL;POZITIF;NOTR;POZITIF;ARTIYOR;AL;AL;NOTR;5;02.10.2026
SOKM;izle;;66,6;20,3;23,7;22,5;22;2;ilimli;14,4;50,6;50,5;asagi;guclu;yukselis;yukari;0,66;0,54;2;57,15;2,79;144891652;62,10;SAT;POZITIF;NOTR;NEGATIF;AZALIYOR;SAT;AL;NOTR;2;02.10.2026
KRDMD;izle;;65,6;20,5;17,6;27,4;40;4;zayif;16,0;44,4;57,2;asagi;guclu;zayif;yukari;1,09;-0,32;2;43,28;0,65;2189636821;48,15;SAT;NEGATIF;NOTR;NEGATIF;AZALIYOR;SAT;SAT;NOTR;0;02.10.2026
MEPET;AL;EVET;65,4;15,0;23,4;27,0;0;0;zayif;14,1;53,6;50,3;yukari;guclu;yukselis;yukari;1,06;0,40;0;21,18;9,97;12412793;17,41;SAT;POZITIF;NOTR;POZITIF;ARTIYOR;SAT;AL;NOTR;3;02.10.2026
ATATP;izle;;62,6;14,7;21,9;26,0;0;0;zayif;24,4;48,3;34,5;asagi;guclu;zayif;yukari;1,35;-0,27;1;254;4,96;225947732;272,25;SAT;NEGATIF;SAT;POZITIF;AZALIYOR;AL;AL;NOTR;3;02.10.2026
MPARK;izle;;62,5;10,3;23,5;28,6;40;4;ilimli;12,9;53,8;61,9;asagi;guclu;yukselis;yukari;0,97;0,45;2;434,75;0,75;244295590;453,45;SAT;POZITIF;NOTR;NEGATIF;AZALIYOR;AL;AL;NOTR;3;02.10.2026
BERA;izle;;61,9;15,0;25,9;21,1;0;0;zayif;31,0;54,3;56,0;yukari;guclu;zayif;asagi;1,73;-0,26;2;13,02;4,33;177421170;10,94;AL;POZITIF;AL;POZITIF;ARTIYOR;AL;AL;UCUZ (AL);6;02.10.2026
KRTEK;AL;EVET;61,2;9,9;27,6;23,7;0;0;zayif;16,9;55,0;68,0;yukari;guclu;yukselis;asagi;1,29;0,49;0;6,17;6,38;7310475;5,02;AL;POZITIF;NOTR;POZITIF;ARTIYOR;SAT;SAT;NOTR;3;02.10.2026
TUPRS;izle;;60,7;30,4;17,7;12,7;50;4;guclu trend;29,6;43,5;36,0;yukari;guclu;zayif;yukari;0,69;0,40;4;377;-2,58;6720320945;374,32;SAT;NEGATIF;SAT;NEGATIF;ARTIYOR;SAT;AL;NOTR;1;02.10.2026
VAKBN;izle;;59,3;18,4;21,1;19,8;0;0;ilimli;15,7;49,2;60,1;asagi;guclu;yukselis;yukari;0,37;0,16;1;33,18;-2,18;918316589;37,68;SAT;NEGATIF;NOTR;POZITIF;AZALIYOR;SAT;AL;NOTR;2;02.10.2026
BAHKM;izle;;58,7;22,4;20,2;16,0;22;2;guclu trend;30,9;47,1;51,6;asagi;guclu;yukselis;yukari;0,41;0,17;2;156,7;9,96;125349971;203,28;SAT;NEGATIF;SAT;NEGATIF;ARTIYOR;SAT;AL;NOTR;1;02.10.2026
EBEBK;izle;;58,6;13,0;23,2;22,3;32;3;ilimli;11,6;52,4;39,3;asagi;guclu;zayif;yukari;0,79;0,30;2;82,25;1,29;41252817;86,82;SAT;POZITIF;NOTR;POZITIF;AZALIYOR;AL;AL;NOTR;4;02.10.2026
FONET;izle;;57,2;14,2;25,0;18,0;0;0;zayif;31,8;51,2;48,9;asagi;guclu;zayif;asagi;1,85;-0,65;0;4,52;1,12;152411756;4,63;AL;POZITIF;AL;POZITIF;ARTIYOR;AL;AL;NOTR;6;02.10.2026
HALKB;izle;;57,1;20,7;23,5;12,9;10;1;ilimli;16,8;48,5;39,6;asagi;guclu;yukselis;yukari;0,27;0,42;1;44,42;-1,38;627034141;50,97;SAT;NEGATIF;NOTR;NEGATIF;AZALIYOR;SAT;AL;NOTR;1;02.10.2026
OTKAR;izle;;56,7;9,6;30,0;17,1;0;0;zayif;16,1;62,2;48,8;yukari;guclu;yukselis;yukari;0,71;1,63;2;340,25;9,94;77435796;293,85;AL;POZITIF;NOTR;POZITIF;ARTIYOR;AL;AL;UCUZ (AL);5;02.10.2026
TRMET;izle;;56,5;19,3;17,2;20,0;0;0;zayif;18,3;44,5;57,7;asagi;guclu;zayif;asagi;1,24;-0,58;2;128,8;1,18;1139188473;146,21;SAT;NEGATIF;NOTR;NEGATIF;AZALIYOR;SAT;SAT;NOTR;0;02.10.2026
DEVA;izle;;55,9;22,1;17,0;16,8;0;0;guclu trend;27,7;44,3;41,5;asagi;guclu;yukselis;yukari;0,44;0,07;2;89;-3,26;29047553;104,74;SAT;NEGATIF;SAT;NEGATIF;AZALIYOR;SAT;AL;NOTR;1;02.10.2026
PCILT;izle;;55,2;13,0;27,5;14,7;0;0;ilimli;10,6;55,4;45,7;asagi;guclu;zayif;yukari;0,52;0,44;1;32,34;0,19;29432925;33,97;AL;POZITIF;NOTR;POZITIF;AZALIYOR;AL;AL;NOTR;5;02.10.2026
GLYHO;izle;;54,5;14,9;26,0;13,5;40;4;zayif;17,0;51,1;39,0;asagi;guclu;zayif;asagi;0,80;-0,20;1;16,24;2,53;53040084;16,97;AL;POZITIF;NOTR;POZITIF;ARTIYOR;AL;AL;NOTR;5;02.10.2026
LMKDC;izle;;53,7;9,8;28,0;16,0;0;0;zayif;16,6;58,7;71,4;yukari;guclu;yukselis;asagi;0,66;0,63;0;24,56;0,74;78349200;20,92;AL;POZITIF;NOTR;POZITIF;AZALIYOR;AL;AL;NOTR;5;02.10.2026
KLSYN;izle;;53,5;21,7;22,2;9,7;0;0;guclu trend;24,4;47,9;24,7;asagi;guclu;zayif;yukari;0,21;-0,14;1;14,53;-0,48;10298138;16,20;SAT;NEGATIF;SAT;POZITIF;AZALIYOR;AL;AL;NOTR;3;02.10.2026
KRONT;izle;;52,0;14,0;24,0;14,0;0;0;zayif;28,5;51,0;41,7;asagi;guclu;zayif;asagi;1,35;-0,49;2;21,14;9,93;39531546;21,87;AL;POZITIF;SAT;POZITIF;ARTIYOR;AL;AL;NOTR;5;02.10.2026
NTGAZ;izle;;51,7;6,1;26,7;18,9;6;0;zayif;21,8;54,5;49,0;asagi;guclu;zayif;asagi;0,98;0,07;3;11,03;1,66;34367693;11,27;AL;POZITIF;AL;POZITIF;AZALIYOR;AL;AL;NOTR;6;02.10.2026
ENJSA;izle;;51,6;14,2;22,8;14,6;32;3;ilimli;24,1;51,4;56,9;asagi;guclu;zayif;yukari;0,57;0,12;2;110,5;1,66;249249215;117,47;SAT;POZITIF;SAT;POZITIF;AZALIYOR;AL;AL;NOTR;4;02.10.2026
ASELS;izle;;50,1;15,1;20,8;14,2;6;0;zayif;27,1;46,4;47,2;asagi;guclu;zayif;asagi;1,38;-0,72;3;362,75;-1,96;17120417197;390,08;SAT;NEGATIF;SAT;NEGATIF;ARTIYOR;AL;AL;NOTR;2;02.10.2026
KCHOL;izle;;49,6;19,7;15,2;14,7;22;2;guclu trend;26,6;41,2;43,1;asagi;guclu;zayif;yukari;0,82;-0,67;2;206,8;-1,48;4940763648;229,66;SAT;NEGATIF;SAT;NEGATIF;ARTIYOR;SAT;SAT;NOTR;0;02.10.2026
MAVI;izle;;49,5;9,7;25,8;14,0;10;1;zayif;16,5;50,4;51,0;yukari;guclu;zayif;asagi;0,74;-0,30;1;37,5;0,00;241250850;33,49;AL;POZITIF;NOTR;POZITIF;AZALIYOR;SAT;AL;UCUZ (AL);4;02.10.2026
AYES;izle;;49,1;16,6;24,5;8,0;0;0;zayif;32,3;51,0;51,0;yukari;guclu;zayif;asagi;0,47;-0,84;0;8,1;5,61;1073485;6,79;AL;POZITIF;SAT;POZITIF;ARTIYOR;AL;AL;NOTR;5;02.10.2026
AYGAZ;izle;;48,8;22,4;16,6;9,7;40;4;guclu trend;29,8;39,2;42,1;asagi;guclu;zayif;yukari;0,45;-0,92;2;288,5;-2,20;157248945;327,25;SAT;NEGATIF;SAT;NEGATIF;AZALIYOR;SAT;AL;NOTR;1;02.10.2026
ARDYZ;izle;;48,1;15,4;16,5;16,1;0;0;zayif;36,5;47,1;39,5;asagi;zayif;zayif;asagi;1,19;-0,80;1;67,95;9,95;474487783;74,55;SAT;NEGATIF;SAT;POZITIF;ARTIYOR;AL;AL;NOTR;3;02.10.2026
HTTBT;izle;;48,0;7,0;25,7;15,4;0;0;zayif;33,3;54,9;49,5;asagi;guclu;zayif;asagi;0,92;-0,36;1;34,2;2,03;19434184;34,43;AL;POZITIF;AL;POZITIF;AZALIYOR;AL;AL;UCUZ (AL);6;02.10.2026
FORTE;izle;;47,9;13,4;24,1;10,4;0;0;zayif;21,6;49,6;24,9;asagi;guclu;zayif;asagi;1,08;-0,45;2;104,2;5,09;134739040;108,16;AL;NEGATIF;SAT;POZITIF;ARTIYOR;AL;AL;NOTR;4;02.10.2026
YGGYO;izle;;47,8;15,4;19,9;12,5;0;0;zayif;31,7;45,3;53,1;asagi;guclu;zayif;asagi;0,57;-1,12;1;212,2;-0,47;14587265;230,92;SAT;NEGATIF;SAT;NEGATIF;AZALIYOR;AL;AL;NOTR;2;02.10.2026
AYDEM;izle;;47,7;7,3;25,9;14,5;6;0;zayif;19,9;50,8;39,7;asagi;guclu;zayif;asagi;0,92;-0,25;3;24,9;4,01;53655342;26,22;AL;POZITIF;NOTR;POZITIF;AZALIYOR;AL;AL;NOTR;5;02.10.2026
KERVN;izle;;46,9;14,7;20,3;12,0;0;0;zayif;24,3;47,8;23,7;asagi;zayif;zayif;yukari;0,39;-0,62;1;8;3,23;3578456;8,58;AL;NEGATIF;SAT;POZITIF;AZALIYOR;AL;AL;NOTR;4;02.10.2026
ALBRK;izle;;46,4;9,7;22,4;14,4;6;0;zayif;23,8;49,3;55,1;asagi;guclu;zayif;asagi;0,76;-0,06;3;8,49;1,31;118781119;9,13;SAT;NEGATIF;SAT;NEGATIF;AZALIYOR;AL;AL;NOTR;2;02.10.2026
OZSUB;izle;;45,9;20,4;17,5;8,0;6;0;zayif;14,6;43,9;31,9;asagi;guclu;zayif;yukari;0,62;-0,60;3;36,6;-0,38;46745849;42,59;SAT;NEGATIF;NOTR;NEGATIF;AZALIYOR;AL;AL;NOTR;2;02.10.2026
TUCLK;izle;;45,2;19,0;25,7;0,4;0;0;zayif;27,6;47,5;67,2;yukari;guclu;zayif;asagi;0,72;-0,32;1;3,85;-4,23;49696227;3,38;AL;NEGATIF;AL;POZITIF;AZALIYOR;SAT;SAT;NOTR;3;02.10.2026
CCOLA;izle;;44,6;12,7;25,3;6,5;6;0;zayif;21,2;49,7;32,2;asagi;guclu;zayif;asagi;0,70;-0,50;3;79,15;1,67;296694962;84,13;AL;NEGATIF;SAT;NEGATIF;AZALIYOR;AL;AL;NOTR;3;02.10.2026
AKSGY;izle;;44,4;14,1;21,3;9,0;0;0;zayif;29,2;45,7;35,4;asagi;guclu;zayif;asagi;0,87;-0,53;1;9,5;1,39;40493608;10,14;SAT;NEGATIF;SAT;POZITIF;AZALIYOR;AL;AL;NOTR;3;02.10.2026
TAVHL;izle;;43,5;8,6;21,1;13,8;16;1;zayif;16,6;46,3;46,5;yukari;guclu;zayif;asagi;0,59;-0,61;3;266,25;1,62;533502698;251,55;SAT;NEGATIF;NOTR;NEGATIF;AZALIYOR;SAT;SAT;NOTR;0;02.10.2026
EGPRO;izle;;43,1;12,2;21,2;9,7;0;0;zayif;26,4;48,4;42,6;asagi;guclu;zayif;asagi;0,76;-0,56;1;34,88;1,99;29255460;37,92;SAT;NEGATIF;SAT;POZITIF;AZALIYOR;AL;AL;NOTR;3;02.10.2026
AGESA;izle;;43,1;11,8;20,7;10,6;6;0;zayif;32,5;45,6;57,8;asagi;guclu;zayif;asagi;0,81;-0,77;3;237;1,72;30234801;249,51;SAT;NEGATIF;SAT;NEGATIF;AZALIYOR;AL;AL;NOTR;2;02.10.2026
SANKO;izle;;43,0;5,5;22,2;15,3;0;0;zayif;26,1;51,6;49,4;asagi;guclu;zayif;asagi;0,86;-0,14;1;19,16;-0,05;8371004;21,15;SAT;POZITIF;AL;POZITIF;AZALIYOR;AL;AL;NOTR;5;02.10.2026
ESCOM;izle;;42,9;5,4;19,7;17,7;0;0;zayif;32,7;46,3;30,1;asagi;guclu;zayif;asagi;1,28;-1,54;1;4,7;5,38;94821494;4,88;AL;NEGATIF;SAT;POZITIF;ARTIYOR;AL;AL;NOTR;4;02.10.2026
AGHOL;izle;;42,2;7,9;21,0;13,3;0;0;zayif;17,5;45,4;58,4;asagi;guclu;zayif;asagi;0,65;-0,63;2;32,5;2,20;99803698;35,60;SAT;NEGATIF;NOTR;NEGATIF;AZALIYOR;SAT;AL;NOTR;1;02.10.2026
TUREX;izle;;42,1;11,4;24,9;5,8;0;0;zayif;20,8;52,5;57,8;yukari;guclu;zayif;asagi;1,05;-0,67;1;6;-1,64;99248052;5,03;AL;POZITIF;AL;POZITIF;AZALIYOR;AL;AL;NOTR;6;02.10.2026
EREGL;izle;;42,0;12,4;20,4;9,1;10;1;zayif;14,5;46,3;37,0;asagi;guclu;zayif;asagi;0,45;-0,88;1;37,02;1,09;2043516994;40,26;SAT;NEGATIF;NOTR;POZITIF;AZALIYOR;SAT;AL;NOTR;2;02.10.2026
ARSAN;izle;;41,9;8,7;21,3;11,9;0;0;zayif;18,0;46,5;42,8;asagi;guclu;zayif;asagi;0,94;-0,51;2;3,58;0,85;59350604;3,97;SAT;NEGATIF;NOTR;NEGATIF;AZALIYOR;AL;AL;NOTR;2;02.10.2026
RGYAS;izle;;41,1;14,9;21,0;5,2;0;0;zayif;26,3;46,2;34,8;asagi;guclu;zayif;asagi;0,39;-0,65;0;194,1;0,83;189299131;206,64;SAT;NEGATIF;SAT;POZITIF;AZALIYOR;AL;AL;NOTR;3;02.10.2026
QNBFK;izle;;41,0;2,4;20,6;18,0;0;0;zayif;36,2;45,5;32,4;asagi;guclu;zayif;asagi;2,15;-2,14;2;37,72;7,40;2069055;38,26;AL;NEGATIF;SAT;NEGATIF;ARTIYOR;AL;AL;NOTR;3;02.10.2026
AKSEN;izle;;40,8;6,5;21,7;12,6;0;0;zayif;30,0;47,7;48,8;asagi;guclu;zayif;asagi;0,98;-1,12;0;74,2;2,56;599639138;77,56;AL;NEGATIF;SAT;POZITIF;AZALIYOR;AL;SAT;NOTR;3;02.10.2026
TCKRC;izle;;40,5;15,1;20,7;4,6;6;0;zayif;27,5;46,6;46,5;asagi;zayif;zayif;asagi;0,98;-0,97;3;127,3;-2,38;405583147;138,23;AL;NEGATIF;SAT;POZITIF;AZALIYOR;AL;AL;NOTR;4;02.10.2026
OYLUM;izle;;40,3;7,0;25,3;8,0;0;0;zayif;30,5;54,9;48,6;asagi;guclu;zayif;asagi;0,61;-0,49;2;6,84;5,23;2001056;6,99;AL;POZITIF;AL;POZITIF;ARTIYOR;AL;AL;UCUZ (AL);6;02.10.2026
ZRGYO;izle;;40,2;13,6;20,6;6,0;10;1;zayif;16,6;46,5;33,9;yukari;guclu;zayif;asagi;0,18;-0,13;2;19,15;-0,73;8326305;18,80;SAT;NEGATIF;NOTR;POZITIF;AZALIYOR;SAT;SAT;UCUZ (AL);1;02.10.2026
EUYO;izle;;40,0;1,8;20,3;18,0;0;0;zayif;24,9;49,4;39,5;asagi;zayif;zayif;asagi;1,53;-1,13;2;4,23;8,46;7211372;4,42;AL;NEGATIF;SAT;POZITIF;ARTIYOR;AL;AL;NOTR;4;02.10.2026
OZYSR;izle;;39,9;7,6;24,4;8,0;0;0;zayif;28,5;47,2;29,1;asagi;guclu;zayif;asagi;0,53;-0,85;2;11,37;-1,56;17147415;12,68;AL;NEGATIF;SAT;POZITIF;AZALIYOR;AL;AL;NOTR;4;02.10.2026
KLGYO;izle;;39,5;2,4;24,4;12,7;0;0;zayif;30,5;49,0;45,7;asagi;guclu;zayif;asagi;0,96;-0,91;2;4,2;3,70;37673026;4,33;AL;NEGATIF;SAT;POZITIF;AZALIYOR;AL;AL;UCUZ (AL);4;02.10.2026
TRENJ;izle;;39,1;17,5;18,0;3,6;46;5;zayif;19,6;43,1;45,5;asagi;guclu;zayif;asagi;0,81;-0,83;3;96,35;4,27;115857214;109,88;SAT;NEGATIF;NOTR;NEGATIF;AZALIYOR;SAT;AL;NOTR;1;02.10.2026
SEKFK;izle;;39,1;2,3;22,8;14,0;6;0;zayif;29,1;48,7;38,0;asagi;guclu;zayif;asagi;1,86;-1,45;3;4,23;2,67;4427803;4,48;AL;NEGATIF;SAT;POZITIF;AZALIYOR;AL;AL;NOTR;4;02.10.2026
ALARK;izle;;39,1;10,0;18,0;11,1;20;1;zayif;27,2;43,6;42,5;asagi;guclu;zayif;asagi;0,60;-0,89;4;102,9;0,98;245181888;111,34;SAT;NEGATIF;SAT;NEGATIF;AZALIYOR;SAT;AL;NOTR;1;02.10.2026
TRGYO;izle;;39,1;10,4;21,7;7,0;0;0;zayif;12,2;50,4;43,9;asagi;guclu;zayif;asagi;0,79;-0,34;2;92,7;1,87;77858359;96,70;SAT;POZITIF;NOTR;POZITIF;AZALIYOR;AL;AL;NOTR;4;02.10.2026
THYAO;izle;;38,0;2,2;24,6;11,2;8;0;zayif;28,4;48,5;60,5;asagi;guclu;zayif;asagi;0,75;-0,81;2;292;1,92;9006747008;301,24;AL;NEGATIF;SAT;POZITIF;ARTIYOR;AL;AL;NOTR;4;02.10.2026
AKFYE;izle;;37,9;8,2;21,8;8,0;0;0;zayif;12,1;50,4;37,0;asagi;guclu;zayif;asagi;0,54;-0,32;2;3,72;3,33;148819359;4,09;SAT;POZITIF;NOTR;POZITIF;AZALIYOR;AL;AL;NOTR;4;02.10.2026
YKBNK;izle;;37,7;2,2;21,2;14,3;0;0;zayif;21,3;46,5;59,1;asagi;guclu;zayif;asagi;0,46;-0,57;1;34,94;0,34;3573654745;37,23;SAT;NEGATIF;SAT;NEGATIF;AZALIYOR;SAT;SAT;NOTR;0;02.10.2026
TABGD;izle;;37,4;1,8;24,8;10,9;0;0;zayif;25,2;49,5;41,9;asagi;guclu;zayif;asagi;0,58;-0,74;1;228;4,11;99628248;238,40;AL;NEGATIF;SAT;NEGATIF;ARTIYOR;AL;AL;NOTR;3;02.10.2026
AKSA;izle;;37,3;5,0;20,0;12,3;6;0;zayif;26,4;47,4;37,7;asagi;guclu;zayif;asagi;0,93;-1,07;3;10,75;2,58;158898717;11,40;SAT;NEGATIF;SAT;NEGATIF;ARTIYOR;AL;AL;NOTR;2;02.10.2026
OYAKC;izle;;37,0;2,3;21,4;13,2;6;0;zayif;29,1;48,3;49,4;asagi;guclu;zayif;asagi;0,44;-0,46;3;20,92;0,97;130602577;22,37;SAT;NEGATIF;SAT;POZITIF;AZALIYOR;AL;AL;UCUZ (AL);3;02.10.2026
TRCAS;izle;;36,5;10,9;21,2;4,4;16;1;zayif;28,6;45,5;19,6;asagi;guclu;zayif;asagi;0,44;-0,55;3;44,8;1,82;15337549;48,19;SAT;NEGATIF;SAT;NEGATIF;AZALIYOR;SAT;AL;NOTR;1;02.10.2026
AKFGY;izle;;36,4;0,6;26,0;9,9;10;1;zayif;13,6;51,4;29,6;asagi;guclu;zayif;asagi;0,44;-0,24;2;2,58;1,98;39342479;2,72;AL;POZITIF;NOTR;POZITIF;AZALIYOR;AL;AL;NOTR;5;02.10.2026
AVPGY;izle;;36,0;1,6;21,7;12,7;0;0;zayif;23,6;48,7;33,6;asagi;guclu;zayif;asagi;1,25;-0,36;2;52,85;3,63;50568466;56,21;SAT;NEGATIF;SAT;NEGATIF;ARTIYOR;SAT;AL;NOTR;1;02.10.2026
INVES;izle;;35,6;15,4;12,2;8,0;10;0;zayif;30,2;34,0;39,3;asagi;guclu;zayif;yukari;0,56;-1,33;4;695;-1,35;20471225;783,94;SAT;NEGATIF;SAT;NEGATIF;AZALIYOR;AL;AL;NOTR;2;02.10.2026
ISGYO;izle;;34,7;9,2;21,2;4,4;0;0;zayif;12,7;43,4;45,6;asagi;guclu;zayif;asagi;0,32;-0,92;1;23,6;-1,42;12651181;25,73;AL;NEGATIF;NOTR;POZITIF;AZALIYOR;AL;SAT;NOTR;3;02.10.2026
DESA;izle;;34,3;2,3;23,9;8,1;6;0;zayif;29,1;48,1;41,8;asagi;guclu;zayif;asagi;0,79;-1,13;3;9,17;2,80;13419020;9,82;AL;NEGATIF;SAT;POZITIF;ARTIYOR;AL;AL;UCUZ (AL);4;02.10.2026
OTTO;izle;;34,0;2,4;13,6;18,0;0;0;zayif;48,3;43,5;42,5;asagi;zayif;zayif;asagi;1,65;-3,23;0;109,6;9,98;58820457;112,88;AL;NEGATIF;SAT;POZITIF;ARTIYOR;AL;AL;UCUZ (AL);4;02.10.2026
ENTRA;izle;;33,9;1,4;24,5;8,0;0;0;zayif;22,3;49,7;53,3;asagi;guclu;zayif;asagi;0,29;-0,84;0;4,22;1,69;22685652;4,51;AL;NEGATIF;SAT;POZITIF;AZALIYOR;AL;AL;NOTR;4;02.10.2026
DOCO;izle;;33,8;9,8;18,2;5,7;0;0;zayif;19,3;44,5;34,5;asagi;guclu;zayif;asagi;0,74;-0,92;2;10650;2,01;38499750;11409,46;SAT;NEGATIF;NOTR;POZITIF;AZALIYOR;AL;AL;NOTR;3;02.10.2026
ENKAI;izle;;33,5;2,1;17,6;13,9;0;0;zayif;27,3;44,3;36,7;asagi;guclu;zayif;asagi;0,65;-1,16;1;84;1,63;649274640;91,18;SAT;NEGATIF;SAT;NEGATIF;AZALIYOR;SAT;AL;NOTR;1;02.10.2026
KONKA;izle;;33,4;2,4;12,9;18,0;0;0;zayif;50,7;41,5;40,2;asagi;zayif;zayif;asagi;1,89;-3,44;2;8,2;3,02;41301539;8,23;AL;NEGATIF;SAT;POZITIF;ARTIYOR;AL;AL;UCUZ (AL);4;02.10.2026
AKCNS;izle;;32,9;6,9;17,5;8,5;28;2;zayif;20,0;43,6;57,3;asagi;guclu;zayif;asagi;0,50;-1,42;3;205,5;-0,44;96957161;225,55;AL;NEGATIF;SAT;POZITIF;AZALIYOR;AL;AL;NOTR;4;02.10.2026
TATGD;izle;;32,8;6,7;24,7;1,3;0;0;zayif;16,4;49,4;30,4;asagi;guclu;zayif;asagi;0,52;-0,76;1;17;1,86;14842377;17,62;AL;NEGATIF;NOTR;POZITIF;AZALIYOR;AL;AL;NOTR;4;02.10.2026
HLGYO;izle;;32,7;1,7;23,0;8,0;32;3;zayif;16,4;45,2;47,9;asagi;guclu;zayif;asagi;0,35;-1,98;2;4,12;-1,90;41378202;4,49;AL;NEGATIF;NOTR;POZITIF;AZALIYOR;AL;AL;NOTR;4;02.10.2026
NUHCM;izle;;32,7;1,5;25,2;6,0;10;1;zayif;15,9;48,7;51,5;asagi;guclu;zayif;asagi;0,34;-0,57;1;211;-1,26;4431422;224,95;AL;NEGATIF;NOTR;POZITIF;AZALIYOR;AL;AL;NOTR;4;02.10.2026
EKGYO;izle;;32,6;1,0;21,0;10,6;10;1;zayif;19,2;47,0;43,7;asagi;guclu;zayif;asagi;0,41;-0,63;2;19,07;0,21;1366446662;21,06;SAT;NEGATIF;NOTR;POZITIF;AZALIYOR;SAT;AL;NOTR;2;02.10.2026
DMSAS;izle;;32,1;10,4;13,4;8,3;6;0;zayif;34,3;42,9;42,8;yukari;zayif;zayif;asagi;0,96;-2,30;3;6,47;-4,85;26830158;5,27;AL;NEGATIF;SAT;POZITIF;ARTIYOR;AL;AL;UCUZ (AL);4;02.10.2026
TTKOM;izle;;31,6;0,1;20,2;11,3;0;0;zayif;13,1;46,0;60,9;asagi;guclu;zayif;asagi;0,42;-0,99;2;52,45;0,00;896866467;58,37;SAT;NEGATIF;NOTR;NEGATIF;AZALIYOR;SAT;AL;NOTR;1;02.10.2026
TCELL;izle;;31,6;2,1;17,7;11,7;0;0;zayif;27,7;44,9;43,3;asagi;guclu;zayif;asagi;0,38;-1,17;2;97,8;0,10;938354423;105,37;SAT;NEGATIF;SAT;POZITIF;AZALIYOR;SAT;AL;NOTR;2;02.10.2026
EUHOL;izle;;31,4;10,4;17,0;4,0;0;0;zayif;36,5;46,4;29,6;yukari;zayif;zayif;asagi;0,69;-2,03;1;8,5;3,66;3078182;7,11;AL;NEGATIF;SAT;POZITIF;AZALIYOR;AL;AL;NOTR;4;02.10.2026
OFSYM;izle;;31,3;5,4;15,8;10,0;10;1;zayif;36,0;41,0;38,3;asagi;guclu;zayif;asagi;0,82;-1,20;1;56,3;-1,57;43791548;66,99;SAT;NEGATIF;SAT;NEGATIF;AZALIYOR;AL;AL;UCUZ (AL);2;02.10.2026
KORDS;izle;;31,1;5,4;7,7;18,0;6;0;zayif;36,7;37,3;23,6;asagi;zayif;zayif;asagi;1,90;-2,90;3;3,04;7,04;209422815;3,41;SAT;NEGATIF;SAT;NEGATIF;ARTIYOR;AL;AL;NOTR;2;02.10.2026
GLBMD;izle;;31,1;1,8;23,1;6,2;0;0;zayif;25,5;45,5;22,2;asagi;guclu;zayif;asagi;0,83;-1,08;1;10,68;3,89;1158983;11,18;AL;NEGATIF;SAT;POZITIF;AZALIYOR;AL;AL;NOTR;4;02.10.2026
ASTOR;izle;;30,8;5,4;7,3;18,0;0;0;zayif;38,1;36,1;63,1;asagi;zayif;zayif;asagi;1,98;-3,11;0;220;4,96;15884601040;243,65;SAT;NEGATIF;SAT;NEGATIF;ARTIYOR;SAT;AL;NOTR;1;02.10.2026
BLUME;izle;;30,7;1,3;21,4;8,0;0;0;zayif;21,4;47,6;57,0;asagi;guclu;zayif;asagi;0,62;-0,47;2;35,5;0,85;48201368;40,56;SAT;NEGATIF;SAT;POZITIF;AZALIYOR;AL;AL;NOTR;3;02.10.2026
KGYO;izle;;30,4;8,3;9,9;12,2;0;0;zayif;25,5;41,9;58,2;asagi;zayif;zayif;asagi;0,95;-1,46;0;9,45;0,21;145136067;10,43;SAT;NEGATIF;SAT;NEGATIF;AZALIYOR;AL;AL;NOTR;2;02.10.2026
CRFSA;izle;;30,3;22,1;8,1;0,0;40;4;zayif;27,6;38,8;46,8;asagi;zayif;zayif;asagi;0,61;-1,52;2;199,8;-2,11;207796396;257,19;SAT;NEGATIF;SAT;NEGATIF;AZALIYOR;SAT;AL;NOTR;1;02.10.2026
BALSU;izle;;30,3;2,4;16,0;11,8;0;0;zayif;34,7;49,6;52,9;asagi;zayif;zayif;asagi;0,93;-2,19;1;8,22;9,89;501460007;8,50;AL;NEGATIF;SAT;POZITIF;ARTIYOR;AL;AL;UCUZ (AL);4;02.10.2026
GOLTS;izle;;30,0;2,4;11,3;16,2;0;0;zayif;31,1;37,0;45,8;asagi;guclu;zayif;asagi;1,19;-3,26;1;258,5;2,17;40300150;281,36;SAT;NEGATIF;SAT;NEGATIF;AZALIYOR;AL;AL;UCUZ (AL);2;02.10.2026
SAFKR;izle;;29,9;2,4;16,0;11,4;0;0;zayif;48,4;45,9;35,9;asagi;zayif;zayif;asagi;0,91;-3,16;1;13,1;9,17;60577872;13,12;AL;NEGATIF;SAT;POZITIF;ARTIYOR;AL;AL;UCUZ (AL);4;02.10.2026
KRVGD;izle;;29,5;6,5;23,0;0,0;0;0;zayif;28,8;45,2;45,7;asagi;guclu;zayif;asagi;0,55;-1,73;0;2,15;-0,46;11295689;2,27;AL;NEGATIF;AL;POZITIF;AZALIYOR;AL;AL;UCUZ (AL);5;02.10.2026
EGEEN;izle;;29,5;0,7;20,8;8,0;0;0;zayif;17,3;45,9;52,7;asagi;guclu;zayif;asagi;0,47;-0,74;1;5142,5;-1,20;110815733;6130,57;SAT;NEGATIF;NOTR;NEGATIF;AZALIYOR;SAT;AL;UCUZ (AL);1;02.10.2026
DMRGD;izle;;29,4;4,8;6,6;18,0;40;4;zayif;25,3;33,6;73,9;asagi;zayif;zayif;asagi;1,96;-3,18;0;7,43;9,91;857253012;9,49;SAT;NEGATIF;SAT;NEGATIF;ARTIYOR;SAT;AL;NOTR;1;02.10.2026
MRGYO;izle;;29,3;2,4;9,3;17,5;0;0;zayif;33,4;42,2;39,0;asagi;zayif;zayif;asagi;1,27;-1,81;0;1,23;9,82;257640223;1,46;SAT;NEGATIF;SAT;NEGATIF;ARTIYOR;SAT;AL;NOTR;1;02.10.2026
GUBRF;izle;;29,3;5,4;15,8;8,0;22;2;zayif;31,1;41,6;42,4;asagi;guclu;zayif;asagi;0,67;-1,47;1;419,75;1,21;917891671;484,09;SAT;NEGATIF;SAT;NEGATIF;AZALIYOR;SAT;AL;NOTR;1;02.10.2026
OZKGY;izle;;28,6;1,8;16,1;10,6;0;0;zayif;25,5;42,1;37,1;asagi;guclu;zayif;asagi;0,34;-1,70;1;12,21;-0,89;12741086;13,12;SAT;NEGATIF;SAT;POZITIF;AZALIYOR;AL;AL;UCUZ (AL);3;02.10.2026
GSDDE;izle;;28,3;8,3;20,0;0,0;0;0;zayif;14,3;45,5;20,2;asagi;guclu;zayif;asagi;0,56;-0,96;2;12,12;1,34;25327055;13,38;SAT;NEGATIF;NOTR;NEGATIF;AZALIYOR;AL;AL;NOTR;2;02.10.2026
EGGUB;izle;;28,1;2,4;21,5;4,2;6;0;zayif;23,0;47,8;32,3;asagi;guclu;zayif;asagi;0,56;-0,45;3;101,1;1,15;26796353;110,49;SAT;NEGATIF;SAT;NEGATIF;AZALIYOR;AL;AL;NOTR;2;02.10.2026
EKIZ;izle;;27,6;2,4;16,8;8,4;10;0;zayif;43,4;45,9;27,3;asagi;zayif;zayif;asagi;1,20;-2,76;4;50;9,89;1058400;51,17;AL;NEGATIF;SAT;NEGATIF;ARTIYOR;AL;AL;UCUZ (AL);3;02.10.2026
PSDTC;izle;;27,6;2,4;7,2;18,0;40;4;zayif;34,7;35,5;67,4;asagi;zayif;zayif;asagi;1,42;-2,86;1;98,7;-1,05;56249624;119,52;SAT;NEGATIF;SAT;NEGATIF;AZALIYOR;AL;AL;NOTR;2;02.10.2026
FROTO;izle;;27,5;1,9;15,8;9,9;10;0;zayif;25,8;40,9;34,9;asagi;guclu;zayif;asagi;1,06;-1,96;4;74,15;-1,72;1777947864;81,82;SAT;NEGATIF;SAT;NEGATIF;AZALIYOR;SAT;AL;UCUZ (AL);1;02.10.2026
VERUS;izle;;27,5;5,4;12,6;9,5;10;1;zayif;39,8;40,2;50,3;asagi;zayif;zayif;asagi;0,79;-1,76;0;466,75;-0,69;29686234;538,78;AL;NEGATIF;SAT;NEGATIF;AZALIYOR;AL;AL;NOTR;3;02.10.2026
KTLEV;izle;;27,4;5,4;4,0;18,0;0;0;zayif;53,2;19,2;59,7;asagi;zayif;zayif;asagi;2,77;-8,64;0;8,97;-9,94;2588779853;17,17;SAT;NEGATIF;SAT;NEGATIF;AZALIYOR;AL;AL;NOTR;2;02.10.2026
KUVVA;izle;;27,4;5,4;4,0;18,0;22;2;zayif;48,6;18,4;13,2;asagi;zayif;zayif;asagi;2,93;-5,56;0;74,5;1,29;35863183;109,04;SAT;NEGATIF;SAT;NEGATIF;AZALIYOR;SAT;AL;UCUZ (AL);1;02.10.2026
BMSCH;izle;;27,4;1,6;17,8;8,0;0;0;zayif;23,6;45,6;58,6;asagi;zayif;zayif;asagi;0,51;-2,37;1;9,58;3,68;15206104;10,29;AL;NEGATIF;SAT;NEGATIF;AZALIYOR;AL;AL;UCUZ (AL);3;02.10.2026
SRVGY;izle;;27,4;2,4;20,2;4,7;6;0;zayif;29,9;44,9;33,6;asagi;guclu;zayif;asagi;0,42;-2,04;3;2,23;3,24;14462016;2,35;AL;NEGATIF;SAT;POZITIF;AZALIYOR;AL;AL;UCUZ (AL);4;02.10.2026
BRISA;izle;;27,3;1,5;23,3;2,6;0;0;zayif;23,0;46,8;54,6;asagi;guclu;zayif;asagi;0,62;-1,39;2;72,95;1,04;8695275;77,10;AL;NEGATIF;SAT;NEGATIF;ARTIYOR;AL;AL;UCUZ (AL);3;02.10.2026
BRMEN;izle;;27,1;5,4;10,8;10,8;0;0;zayif;56,3;34,5;9,9;asagi;zayif;zayif;asagi;1,11;-5,38;2;7,82;7,27;4637432;9,17;AL;NEGATIF;SAT;NEGATIF;AZALIYOR;AL;AL;NOTR;3;02.10.2026
VRGYO;izle;;27,0;10,4;7,6;9,0;10;1;zayif;31,0;36,9;38,6;yukari;zayif;zayif;asagi;0,76;-3,65;0;1,29;0,00;19834280;1,16;SAT;NEGATIF;SAT;NEGATIF;AZALIYOR;AL;SAT;UCUZ (AL);1;02.10.2026
CIMSA;izle;;26,8;2,0;15,9;8,8;6;0;zayif;26,8;41,5;45,3;asagi;guclu;zayif;asagi;0,94;-1,99;3;41,8;1,36;290299955;45,82;SAT;NEGATIF;SAT;POZITIF;AZALIYOR;SAT;SAT;NOTR;1;02.10.2026
PGSUS;izle;;26,7;1,3;15,8;9,6;6;0;zayif;21,4;41,0;48,2;asagi;guclu;zayif;asagi;0,56;-2,23;3;141,6;0,78;776988936;154,26;SAT;NEGATIF;SAT;NEGATIF;AZALIYOR;SAT;AL;UCUZ (AL);1;02.10.2026
ERSU;izle;;26,2;2,4;5,8;18,0;10;1;zayif;39,3;30,8;17,4;asagi;zayif;zayif;asagi;1,85;-4,07;2;14,05;9,77;17541256;16,34;SAT;NEGATIF;SAT;NEGATIF;AZALIYOR;AL;AL;NOTR;2;02.10.2026
ORMA;izle;;26,1;10,0;16,2;0,0;0;0;zayif;26,6;43,5;35,6;yukari;zayif;zayif;asagi;0,44;-2,76;2;135,8;-0,37;511287;126,59;AL;NEGATIF;SAT;POZITIF;AZALIYOR;AL;AL;NOTR;4;02.10.2026
DOFRB;izle;;26,1;2,4;6,4;17,3;0;0;zayif;41,3;33,1;22,8;asagi;zayif;zayif;asagi;1,26;-4,95;2;79,5;9,96;351898482;91,77;SAT;NEGATIF;SAT;NEGATIF;ARTIYOR;AL;AL;NOTR;2;02.10.2026
ALTIN;izle;;26,1;0,2;15,4;10,5;6;0;zayif;13,6;39,8;53,0;asagi;guclu;zayif;asagi;1,04;-1,73;3;71,45;0,13;1115669100;74,81;SAT;NEGATIF;NOTR;NEGATIF;AZALIYOR;SAT;SAT;UCUZ (AL);0;02.10.2026
LIDFA;izle;;26,1;1,6;12,3;12,2;0;0;zayif;24,0;39,6;63,1;asagi;guclu;zayif;asagi;0,95;-2,11;2;1,53;0,66;26767482;1,70;SAT;NEGATIF;SAT;NEGATIF;AZALIYOR;SAT;AL;NOTR;1;02.10.2026
BNTAS;izle;;26,1;2,4;19,0;4,6;40;4;zayif;34,0;44,0;34,8;asagi;guclu;zayif;asagi;0,67;-1,77;1;5,58;-2,79;11748004;5,89;AL;NEGATIF;SAT;POZITIF;AZALIYOR;AL;AL;NOTR;4;02.10.2026
CMENT;izle;;25,9;2,4;23,4;0,0;6;0;zayif;56,4;50,5;39,2;asagi;guclu;zayif;asagi;0,45;-1,32;3;242;4,76;536272;243,04;AL;POZITIF;SAT;POZITIF;ARTIYOR;AL;AL;UCUZ (AL);5;02.10.2026
UNLU;izle;;25,8;7,4;12,3;6,1;10;1;zayif;32,9;41,4;55,1;asagi;guclu;zayif;asagi;1,06;-1,28;2;10,28;-0,19;109011649;13,96;SAT;NEGATIF;SAT;NEGATIF;AZALIYOR;SAT;SAT;UCUZ (AL);0;02.10.2026
OBASE;izle;;25,8;2,4;6,8;16,5;6;0;zayif;41,0;34,5;25,6;asagi;zayif;zayif;asagi;1,21;-3,27;3;27,3;2,79;14278910;31,80;SAT;NEGATIF;SAT;NEGATIF;AZALIYOR;AL;AL;NOTR;2;02.10.2026
ISBIR;izle;;25,6;10,4;12,8;2,3;0;0;zayif;34,5;42,6;23,8;yukari;guclu;zayif;asagi;0,84;-2,72;2;61,75;4,66;1115514;54,49;SAT;NEGATIF;SAT;NEGATIF;ARTIYOR;AL;AL;UCUZ (AL);2;02.10.2026
GARAN;izle;;25,2;1,6;17,6;6,0;32;3;zayif;23,7;43,6;59,4;asagi;guclu;zayif;asagi;0,56;-1,07;2;125,9;-0,24;2404768184;136,38;SAT;NEGATIF;SAT;NEGATIF;AZALIYOR;SAT;SAT;NOTR;0;02.10.2026
ETYAT;izle;;25,0;13,4;11,6;0,0;40;4;zayif;31,1;37,0;46,1;yukari;zayif;zayif;asagi;0,65;-2,50;1;9,62;-3,70;6140783;7,85;AL;NEGATIF;SAT;POZITIF;ARTIYOR;AL;SAT;NOTR;3;02.10.2026
MGROS;izle;;25,0;2,4;18,7;3,8;0;0;zayif;32,9;42,6;42,9;asagi;guclu;zayif;asagi;0,93;-2,41;2;515;3,00;1709868495;553,46;AL;NEGATIF;SAT;NEGATIF;ARTIYOR;SAT;SAT;NOTR;1;02.10.2026
PAGYO;izle;;24,6;5,4;11,9;7,3;0;0;zayif;42,0;37,9;39,2;asagi;zayif;zayif;asagi;0,90;-2,61;2;121,5;1,42;12989930;137,61;AL;NEGATIF;SAT;POZITIF;ARTIYOR;AL;AL;NOTR;4;02.10.2026
TRALT;izle;;24,5;4,5;10,0;10,0;10;0;zayif;23,2;36,0;46,1;asagi;zayif;zayif;asagi;1,46;-2,22;5;43,84;0,97;6119856155;51,59;SAT;NEGATIF;SAT;NEGATIF;AZALIYOR;SAT;AL;NOTR;1;02.10.2026
GESAN;izle;;24,5;5,4;11,0;8,0;0;0;zayif;42,3;35,0;27,7;asagi;zayif;zayif;asagi;0,59;-3,86;2;45,68;7,23;524817429;55,00;AL;NEGATIF;SAT;NEGATIF;AZALIYOR;AL;AL;NOTR;3;02.10.2026
KAPLM;izle;;24,4;2,4;4,0;18,0;0;0;zayif;66,0;19,1;32,3;asagi;zayif;zayif;asagi;2,03;-8,56;0;140,9;9,48;100455782;195,72;SAT;NEGATIF;SAT;NEGATIF;AZALIYOR;AL;AL;UCUZ (AL);2;02.10.2026
FMIZP;izle;;24,3;0,5;20,3;3,5;0;0;zayif;15,8;46,2;49,1;asagi;guclu;zayif;asagi;0,71;-0,94;2;272;-0,18;15647072;293,40;SAT;NEGATIF;NOTR;POZITIF;AZALIYOR;AL;AL;NOTR;3;02.10.2026
SNPAM;izle;;24,3;0,6;12,7;11,0;16;1;zayif;16,0;38,5;29,4;asagi;guclu;zayif;asagi;1,67;-2,87;3;18;-3,69;1223136;19,25;SAT;NEGATIF;NOTR;NEGATIF;ARTIYOR;SAT;AL;UCUZ (AL);1;02.10.2026
GRSEL;izle;;24,0;1,7;13,7;8,7;0;0;zayif;24,4;39,5;55,3;asagi;zayif;zayif;asagi;0,98;-2,07;0;269,5;-3,84;109723422;296,18;AL;NEGATIF;SAT;POZITIF;ARTIYOR;AL;AL;UCUZ (AL);4;02.10.2026
BLCYT;izle;;23,8;0,9;14,3;8,6;0;0;zayif;18,8;43,3;35,3;asagi;guclu;zayif;asagi;0,73;-1,76;0;1,79;2,29;44205763;2,05;SAT;NEGATIF;NOTR;POZITIF;AZALIYOR;AL;AL;UCUZ (AL);3;02.10.2026
MHRGY;izle;;23,8;2,4;13,3;8,0;28;2;zayif;33,5;43,5;21,9;asagi;guclu;zayif;asagi;0,47;-2,14;3;1,91;4,37;6650704;2,01;SAT;NEGATIF;SAT;NEGATIF;ARTIYOR;AL;AL;NOTR;2;02.10.2026
KLYPV;izle;;23,7;2,2;13,4;8,0;0;0;zayif;28,5;39,7;24,7;asagi;guclu;zayif;asagi;0,50;-1,53;2;53,85;0,19;66333022;61,19;SAT;NEGATIF;SAT;NEGATIF;AZALIYOR;AL;AL;NOTR;2;02.10.2026
SEKUR;izle;;23,4;5,4;4,0;14,0;0;0;zayif;47,8;20,7;48,8;asagi;zayif;zayif;asagi;3,15;-7,21;1;3,7;-4,39;26025978;4,90;SAT;NEGATIF;SAT;NEGATIF;AZALIYOR;AL;AL;NOTR;2;02.10.2026
CLEBI;izle;;23,4;2,4;16,2;4,9;0;0;zayif;29,4;42,3;40,3;asagi;guclu;zayif;asagi;0,79;-2,22;2;1368;0,22;24872976;1456,46;SAT;NEGATIF;SAT;NEGATIF;AZALIYOR;AL;AL;NOTR;2;02.10.2026
SAHOL;izle;;23,4;2,4;16,7;4,3;28;2;zayif;34,5;42,5;57,2;asagi;guclu;zayif;asagi;0,62;-1,32;3;86,7;0,70;1864540115;94,57;SAT;NEGATIF;SAT;NEGATIF;AZALIYOR;SAT;AL;NOTR;1;02.10.2026
BAGFS;izle;;23,3;2,4;12,9;8,0;10;1;zayif;32,2;39,2;23,0;asagi;guclu;zayif;asagi;0,41;-2,14;1;22,74;0,53;8909305;24,86;SAT;NEGATIF;SAT;NEGATIF;AZALIYOR;AL;AL;NOTR;2;02.10.2026
BASCM;izle;;23,2;2,4;12,7;8,0;10;1;zayif;35,4;41,2;23,4;asagi;guclu;zayif;asagi;0,70;-3,73;2;11,6;2,20;799252;11,70;SAT;NEGATIF;SAT;NEGATIF;AZALIYOR;AL;AL;NOTR;2;02.10.2026
KOCMT;izle;;23,2;4,0;7,6;11,5;0;0;zayif;19,6;37,1;77,4;asagi;zayif;zayif;asagi;0,91;-3,18;2;2,68;1,13;195968994;3,54;SAT;NEGATIF;NOTR;NEGATIF;AZALIYOR;AL;AL;NOTR;2;02.10.2026
MAKIM;izle;;23,0;1,5;13,5;8,0;6;0;zayif;23,0;41,6;58,1;asagi;zayif;zayif;asagi;0,36;-2,14;3;12,82;4,65;6353169;14,48;AL;NEGATIF;SAT;POZITIF;AZALIYOR;SAT;SAT;NOTR;2;02.10.2026
GLRMK;izle;;23,0;2,3;12,6;8,0;0;0;zayif;29,1;42,7;36,7;asagi;zayif;zayif;asagi;0,66;-1,71;2;143,2;0,85;530643066;162,11;SAT;NEGATIF;SAT;POZITIF;AZALIYOR;AL;AL;NOTR;3;02.10.2026
ULUSE;izle;;22,9;2,4;6,5;14,0;6;0;zayif;51,7;33,2;26,0;asagi;zayif;zayif;asagi;2,30;-4,59;3;163,6;9,95;77929551;176,54;SAT;NEGATIF;SAT;NEGATIF;ARTIYOR;AL;AL;NOTR;2;02.10.2026
SONME;izle;;22,8;3,7;18,4;0,7;6;0;zayif;21,5;44,9;24,8;asagi;guclu;zayif;asagi;0,74;-0,88;3;122,8;3,37;2877695;133,11;SAT;NEGATIF;AL;NEGATIF;ARTIYOR;AL;AL;UCUZ (AL);3;02.10.2026
MACKO;izle;;22,6;2,4;4,3;15,9;0;0;zayif;37,0;25,9;6,5;asagi;zayif;zayif;asagi;1,18;-4,06;1;25,04;3,73;27298132;29,71;SAT;NEGATIF;SAT;NEGATIF;AZALIYOR;AL;AL;NOTR;2;02.10.2026
MIATK;izle;;22,6;1,6;9,8;11,2;0;0;zayif;23,9;44,5;44,2;asagi;zayif;zayif;asagi;0,89;-1,82;1;25;6,56;778329400;28,61;SAT;NEGATIF;SAT;NEGATIF;AZALIYOR;AL;AL;NOTR;2;02.10.2026
KTSKR;izle;;22,5;2,4;11,7;8,3;0;0;zayif;40,6;37,5;24,4;asagi;zayif;zayif;asagi;0,96;-3,84;2;63,75;0,08;19537718;67,79;AL;NEGATIF;SAT;NEGATIF;AZALIYOR;AL;AL;NOTR;3;02.10.2026
GRTHO;izle;;22,4;2,4;6,0;14,0;0;0;zayif;33,2;31,6;36,8;asagi;zayif;zayif;asagi;2,05;-4,57;1;120,5;-5,34;465549340;158,68;SAT;NEGATIF;SAT;NEGATIF;AZALIYOR;AL;AL;UCUZ (AL);2;02.10.2026
KRSTL;izle;;22,4;2,4;14,0;6,0;0;0;zayif;47,6;38,7;48,5;asagi;zayif;zayif;asagi;0,82;-3,12;1;7,92;-1,25;24356922;8,61;AL;NEGATIF;SAT;NEGATIF;AZALIYOR;AL;AL;UCUZ (AL);3;02.10.2026
NTHOL;izle;;22,3;2,1;9,7;10,5;6;0;zayif;27,4;37,1;35,7;asagi;zayif;zayif;asagi;0,85;-2,33;3;36,9;0,93;75402124;42,11;SAT;NEGATIF;SAT;NEGATIF;AZALIYOR;SAT;SAT;UCUZ (AL);0;02.10.2026
ISBTR;izle;;22,2;5,4;8,8;8,0;38;3;zayif;33,9;33,0;30,6;asagi;zayif;zayif;asagi;0,24;-4,57;3;425000;0,00;425000;437401,99;SAT;NEGATIF;SAT;NEGATIF;AZALIYOR;AL;AL;NOTR;2;02.10.2026
EGSER;izle;;22,2;2,4;14,2;5,5;0;0;zayif;32,7;40,2;38,3;asagi;guclu;zayif;asagi;0,25;-2,08;2;2,62;0,00;1075984;2,80;SAT;NEGATIF;SAT;NEGATIF;AZALIYOR;AL;AL;NOTR;2;02.10.2026
DOHOL;izle;;22,0;5,4;11,1;5,5;0;0;zayif;31,0;34,2;30,0;asagi;guclu;zayif;asagi;0,47;-2,61;2;18,93;0,42;131244530;21,02;SAT;NEGATIF;SAT;NEGATIF;AZALIYOR;SAT;AL;NOTR;1;02.10.2026
OBAMS;izle;;22,0;1,7;15,4;5,0;0;0;zayif;24,4;43,7;37,6;asagi;guclu;zayif;asagi;1,00;-2,05;0;4,59;0,00;117227117;4,97;SAT;NEGATIF;SAT;POZITIF;AZALIYOR;AL;AL;UCUZ (AL);3;02.10.2026
MOBTL;izle;;22,0;5,4;8,0;8,5;0;0;zayif;36,3;38,4;40,7;asagi;zayif;zayif;asagi;1,21;-2,70;2;10,26;2,81;45140378;11,94;SAT;NEGATIF;SAT;NEGATIF;ARTIYOR;AL;AL;NOTR;2;02.10.2026
SEGYO;izle;;21,9;2,4;11,5;8,0;0;0;zayif;40,3;36,5;51,4;asagi;zayif;zayif;asagi;0,67;-3,83;2;2,9;0,00;8515363;3,22;AL;NEGATIF;SAT;POZITIF;AZALIYOR;AL;AL;UCUZ (AL);4;02.10.2026
YESIL;izle;;21,9;2,4;5,5;14,0;0;0;zayif;42,5;29,8;34,8;asagi;zayif;zayif;asagi;2,79;-4,74;1;0,87;2,35;43577219;0,95;SAT;NEGATIF;SAT;NEGATIF;ARTIYOR;AL;AL;UCUZ (AL);2;02.10.2026
YONGA;izle;;21,8;2,4;7,6;11,8;0;0;zayif;46,2;37,0;21,0;asagi;zayif;zayif;asagi;1,17;-5,05;2;35,48;4,11;766368;36,16;SAT;NEGATIF;SAT;NEGATIF;ARTIYOR;AL;AL;UCUZ (AL);2;02.10.2026
TDGYO;izle;;21,8;2,4;4,0;15,3;0;0;zayif;32,1;18,2;31,3;asagi;zayif;zayif;asagi;1,14;-6,36;1;6,48;-10,00;15958464;10,44;SAT;NEGATIF;SAT;NEGATIF;AZALIYOR;SAT;AL;UCUZ (AL);1;02.10.2026
BIGCH;izle;;21,8;2,4;5,3;14,0;28;2;zayif;43,9;29,4;19,4;asagi;zayif;zayif;asagi;2,64;-5,05;3;3,75;9,65;66531278;4,26;SAT;NEGATIF;SAT;NEGATIF;ARTIYOR;AL;AL;UCUZ (AL);2;02.10.2026
SNGYO;izle;;21,6;1,5;16,1;4,0;0;0;zayif;23,2;39,7;29,0;asagi;guclu;zayif;asagi;0,53;-2,31;1;2,78;0,36;48233278;3,07;AL;NEGATIF;SAT;POZITIF;AZALIYOR;AL;AL;UCUZ (AL);4;02.10.2026
YBTAS;izle;;21,6;2,4;5,1;14,0;10;0;zayif;59,3;28,8;25,3;asagi;zayif;zayif;asagi;1,74;-6,35;4;10,5;0,96;1438385;10,63;SAT;NEGATIF;SAT;NEGATIF;ARTIYOR;AL;AL;UCUZ (AL);2;02.10.2026
YAPRK;izle;;21,6;1,1;9,4;11,1;6;0;zayif;19,8;39,0;53,6;asagi;zayif;zayif;asagi;1,13;-2,33;3;9,02;5,25;39720427;10,09;SAT;NEGATIF;NOTR;NEGATIF;ARTIYOR;AL;AL;NOTR;2;02.10.2026
ISSEN;izle;;21,5;2,4;7,3;11,8;16;1;zayif;42,4;35,6;22,2;asagi;zayif;zayif;asagi;1,17;-3,52;3;5,62;3,50;6086960;6,03;SAT;NEGATIF;SAT;NEGATIF;ARTIYOR;AL;AL;UCUZ (AL);2;02.10.2026
ORCAY;izle;;21,4;2,4;5,2;13,7;0;0;zayif;35,0;29,2;30,1;asagi;zayif;zayif;asagi;1,28;-3,98;2;2,48;5,08;5841367;2,82;SAT;NEGATIF;SAT;NEGATIF;ARTIYOR;AL;AL;UCUZ (AL);2;02.10.2026
LUKSK;izle;;21,3;2,4;6,9;12,0;6;0;zayif;41,6;34,6;24,3;asagi;zayif;zayif;asagi;1,18;-3,81;3;66;0,76;5571786;73,44;SAT;NEGATIF;SAT;NEGATIF;ARTIYOR;AL;AL;UCUZ (AL);2;02.10.2026
MERIT;izle;;21,3;2,4;10,8;8,0;10;1;zayif;30,8;33,7;16,6;asagi;guclu;zayif;asagi;0,56;-2,79;2;13,97;0,72;12809722;15,35;SAT;NEGATIF;SAT;NEGATIF;AZALIYOR;AL;AL;UCUZ (AL);2;02.10.2026
TOASO;izle;;21,3;0,9;12,6;7,8;16;1;zayif;18,3;39,0;39,3;asagi;guclu;zayif;asagi;1,05;-1,80;3;259,25;-2,26;941869250;294,71;SAT;NEGATIF;NOTR;NEGATIF;AZALIYOR;SAT;SAT;NOTR;0;02.10.2026
GSDHO;izle;;21,2;2,1;12,1;7,1;10;0;zayif;27,1;39,7;48,2;asagi;guclu;zayif;asagi;0,89;-2,39;4;4,12;1,73;52490947;4,61;SAT;NEGATIF;SAT;NEGATIF;AZALIYOR;AL;AL;NOTR;2;02.10.2026
TATEN;izle;;21,2;2,4;8,7;10,0;0;0;zayif;43,3;27,5;50,4;asagi;zayif;zayif;asagi;1,50;-6,49;2;4,84;-2,42;142674977;5,77;AL;NEGATIF;SAT;NEGATIF;ARTIYOR;AL;AL;UCUZ (AL);3;02.10.2026
SEYKM;izle;;21,0;2,4;7,9;10,6;10;0;zayif;45,4;38,0;28,0;asagi;zayif;zayif;asagi;1,10;-3,25;4;3,13;5,39;5861307;3,30;SAT;NEGATIF;SAT;NEGATIF;AZALIYOR;AL;AL;UCUZ (AL);2;02.10.2026
PETKM;izle;;20,9;3,6;17,3;0,0;16;1;zayif;16,5;42,6;27,8;asagi;guclu;zayif;asagi;0,49;-1,06;3;19,55;1,56;1166673718;23,05;SAT;NEGATIF;NOTR;NEGATIF;AZALIYOR;SAT;AL;NOTR;1;02.10.2026
EUPWR;izle;;20,9;5,4;7,5;8,0;10;1;zayif;39,8;36,5;51,9;asagi;zayif;zayif;asagi;0,61;-2,99;2;55,3;1,75;845273993;70,41;SAT;NEGATIF;SAT;NEGATIF;AZALIYOR;SAT;AL;NOTR;1;02.10.2026
ULKER;izle;;20,8;2,0;16,2;2,6;6;0;zayif;26,4;42,5;42,7;asagi;guclu;zayif;asagi;0,60;-2,17;3;85,45;-0,35;254141630;93,03;SAT;NEGATIF;SAT;NEGATIF;AZALIYOR;SAT;AL;UCUZ (AL);1;02.10.2026
TURGG;izle;;20,8;1,3;11,5;8,0;10;1;zayif;21,4;39,8;28,3;asagi;zayif;zayif;asagi;0,28;-1,80;2;23,92;-0,33;6045636;28,79;SAT;NEGATIF;SAT;NEGATIF;AZALIYOR;SAT;AL;NOTR;1;02.10.2026
POLHO;izle;;20,8;5,4;9,0;6,3;16;1;zayif;33,4;38,2;26,9;asagi;zayif;zayif;asagi;0,84;-2,34;3;18,22;1,79;31627387;21,16;SAT;NEGATIF;SAT;NEGATIF;AZALIYOR;SAT;AL;NOTR;1;02.10.2026
FRIGO;izle;;20,7;2,4;9,1;9,2;0;0;zayif;35,8;42,1;28,8;asagi;zayif;zayif;asagi;1,01;-2,27;1;1,76;8,64;47482998;1,84;SAT;NEGATIF;SAT;NEGATIF;ARTIYOR;AL;AL;UCUZ (AL);2;02.10.2026
ATAGY;izle;;20,7;2,4;11,4;6,9;10;0;zayif;47,9;39,1;25,9;asagi;zayif;zayif;asagi;0,87;-2,32;4;8,8;4,27;1224423;9,69;SAT;NEGATIF;SAT;NEGATIF;ARTIYOR;AL;AL;UCUZ (AL);2;02.10.2026
BJKAS;izle;;20,6;4,7;7,9;8,0;0;0;zayif;24,3;38,1;42,1;asagi;zayif;zayif;asagi;0,47;-2,17;2;1,6;-0,62;243137888;2,11;SAT;NEGATIF;SAT;NEGATIF;AZALIYOR;SAT;AL;NOTR;1;02.10.2026
MSGYO;izle;;20,5;1,9;18,0;0,6;0;0;zayif;26,2;44,3;48,4;asagi;guclu;zayif;asagi;0,74;-1,69;2;5,14;-0,19;7204152;5,51;AL;NEGATIF;SAT;NEGATIF;AZALIYOR;AL;AL;NOTR;3;02.10.2026
AEFES;izle;;20,5;5,4;15,1;0,1;6;0;zayif;29,3;41,4;40,1;asagi;guclu;zayif;asagi;0,57;-1,90;3;18,04;1,29;392285663;19,66;SAT;NEGATIF;SAT;NEGATIF;AZALIYOR;SAT;AL;NOTR;1;02.10.2026
PRKME;izle;;20,5;2,4;8,0;10,0;6;0;zayif;30,8;37,6;45,7;asagi;zayif;zayif;asagi;2,20;-2,64;3;14,91;-0,67;61993514;15,99;SAT;NEGATIF;SAT;NEGATIF;ARTIYOR;AL;AL;NOTR;2;02.10.2026
HDFGS;izle;;20,4;2,4;4,0;14,0;22;2;zayif;49,8;17,9;29,3;asagi;zayif;zayif;asagi;3,17;-8,02;0;0,97;8,99;169339197;1,21;SAT;NEGATIF;SAT;NEGATIF;AZALIYOR;AL;AL;UCUZ (AL);2;02.10.2026
LIDER;izle;;20,4;2,4;8,0;10,0;0;0;zayif;62,8;15,0;40,2;asagi;zayif;zayif;asagi;2,40;-14,05;0;7,98;1,14;236504585;12,46;AL;NEGATIF;SAT;NEGATIF;AZALIYOR;AL;AL;UCUZ (AL);3;02.10.2026
HEDEF;izle;;20,4;2,4;8,0;10,0;0;0;zayif;54,7;15,4;34,1;asagi;zayif;zayif;asagi;3,71;-13,90;0;8,54;9,91;455640718;18,22;AL;NEGATIF;SAT;NEGATIF;AZALIYOR;AL;AL;UCUZ (AL);3;02.10.2026
DURKN;izle;;20,4;2,4;4,0;14,0;0;0;zayif;54,2;18,5;19,9;asagi;zayif;zayif;asagi;2,38;-6,38;2;10,7;0,75;60243835;13,32;SAT;NEGATIF;SAT;NEGATIF;AZALIYOR;AL;AL;UCUZ (AL);2;02.10.2026
GZNMI;izle;;20,4;2,4;4,0;14,0;6;0;zayif;49,3;21,2;15,4;asagi;zayif;zayif;asagi;1,76;-5,92;3;30,7;2,40;62385777;38,04;SAT;NEGATIF;SAT;NEGATIF;AZALIYOR;AL;AL;NOTR;2;02.10.2026
BARMA;izle;;20,4;2,4;8,0;10,0;10;0;zayif;58,8;21,8;19,4;asagi;zayif;zayif;asagi;2,85;-15,16;4;5,59;-9,98;10706477;7,63;AL;NEGATIF;SAT;NEGATIF;AZALIYOR;SAT;SAT;UCUZ (AL);1;02.10.2026
ICBCT;izle;;20,4;5,1;5,3;10,0;0;0;zayif;27,5;29,4;29,4;asagi;zayif;zayif;asagi;1,37;-3,88;2;15,51;-1,08;24068480;17,90;SAT;NEGATIF;SAT;NEGATIF;AZALIYOR;AL;AL;NOTR;2;02.10.2026
USHOL;izle;;20,4;5,4;5,0;10,0;6;0;zayif;35,8;28,2;29,8;asagi;zayif;zayif;asagi;2,28;-4,20;3;46,26;6,15;65678792;60,45;SAT;NEGATIF;SAT;NEGATIF;ARTIYOR;SAT;SAT;NOTR;0;02.10.2026
DNISI;izle;;20,4;0,8;19,1;0,4;6;0;zayif;18,2;45,3;23,9;asagi;guclu;zayif;asagi;0,50;-1,25;3;4,17;3,22;7922871;4,45;SAT;NEGATIF;NOTR;NEGATIF;AZALIYOR;AL;AL;NOTR;2;02.10.2026
ECILC;izle;;20,4;1,3;19,1;0,0;10;1;zayif;21,3;44,9;47,2;asagi;guclu;zayif;asagi;0,49;-1,61;0;64,05;-1,31;195725399;69,49;AL;NEGATIF;SAT;POZITIF;AZALIYOR;AL;AL;UCUZ (AL);4;02.10.2026
CANTE;izle;;20,3;2,4;9,8;8,0;0;0;zayif;37,4;38,5;41,3;asagi;zayif;zayif;asagi;0,64;-2,24;2;1,06;-3,64;302204664;1,23;SAT;NEGATIF;SAT;NEGATIF;AZALIYOR;AL;AL;UCUZ (AL);2;02.10.2026
MOGAN;izle;;20,3;5,4;10,8;4,0;0;0;zayif;39,9;34,4;47,6;asagi;zayif;zayif;asagi;0,43;-4,01;0;9,74;2,53;84288704;11,92;AL;NEGATIF;SAT;POZITIF;AZALIYOR;AL;AL;NOTR;4;02.10.2026
ALFAS;izle;;20,2;2,4;7,8;10,0;0;0;zayif;39,0;37,5;28,2;asagi;zayif;zayif;asagi;1,64;-2,87;2;31,5;4,03;103766702;34,48;SAT;NEGATIF;SAT;NEGATIF;ARTIYOR;AL;AL;NOTR;2;02.10.2026
KARSN;izle;;20,2;1,6;10,6;8,0;0;0;zayif;23,5;39,8;31,9;asagi;zayif;zayif;asagi;0,25;-2,02;0;9,23;-0,86;102165273;11,43;SAT;NEGATIF;SAT;NEGATIF;AZALIYOR;SAT;AL;NOTR;1;02.10.2026
KRDMB;izle;;20,0;5,4;6,4;8,2;0;0;zayif;41,9;33,0;46,8;asagi;zayif;zayif;asagi;1,19;-3,91;2;65,65;8,87;269841852;85,35;SAT;NEGATIF;SAT;NEGATIF;AZALIYOR;SAT;AL;NOTR;1;02.10.2026
VKGYO;izle;;19,9;2,4;9,4;8,0;0;0;zayif;43,2;33,4;27,1;asagi;zayif;zayif;asagi;0,45;-3,65;2;1,66;0,00;19775391;1,80;SAT;NEGATIF;SAT;NEGATIF;AZALIYOR;AL;AL;UCUZ (AL);2;02.10.2026
BASGZ;izle;;19,7;1,8;15,8;2,1;6;0;zayif;25,3;41,7;27,1;asagi;guclu;zayif;asagi;0,61;-1,84;3;40,62;-2,17;8896999;43,21;SAT;NEGATIF;SAT;NEGATIF;AZALIYOR;AL;AL;NOTR;2;02.10.2026
IZENR;izle;;19,7;2,4;4,3;13,0;0;0;zayif;52,4;25,9;15,2;asagi;zayif;zayif;asagi;1,00;-6,69;0;3,94;0,77;115308048;4,64;SAT;NEGATIF;SAT;NEGATIF;AZALIYOR;AL;AL;UCUZ (AL);2;02.10.2026
ONCSM;izle;;19,7;2,4;9,5;7,7;0;0;zayif;55,4;30,0;20,7;asagi;zayif;zayif;asagi;1,16;-6,85;1;96;9,97;152563776;111,98;AL;NEGATIF;SAT;NEGATIF;AZALIYOR;AL;AL;UCUZ (AL);3;02.10.2026
HOROZ;izle;;19,6;2,4;5,6;11,6;6;0;zayif;29,5;30,4;29,5;asagi;zayif;zayif;asagi;1,16;-3,88;3;43,44;0,79;49394625;51,18;SAT;NEGATIF;SAT;NEGATIF;AZALIYOR;AL;AL;UCUZ (AL);2;02.10.2026
ALCAR;izle;;19,5;0,8;10,8;8,0;6;0;zayif;17,5;37,0;23,8;asagi;zayif;zayif;asagi;0,43;-2,44;3;615;0,90;12510945;691,49;SAT;NEGATIF;NOTR;NEGATIF;AZALIYOR;SAT;AL;UCUZ (AL);1;02.10.2026
AKBNK;izle;;19,5;1,4;13,9;4,2;32;3;zayif;22,4;40,5;46,3;asagi;guclu;zayif;asagi;0,65;-1,26;2;67,1;-0,67;8101094587;74,93;SAT;NEGATIF;SAT;NEGATIF;AZALIYOR;SAT;SAT;NOTR;0;02.10.2026
KFEIN;izle;;19,5;2,4;7,0;10,0;6;0;zayif;33,7;35,0;27,3;asagi;zayif;zayif;asagi;1,31;-3,63;3;6,26;-0,48;26858010;6,92;SAT;NEGATIF;SAT;NEGATIF;AZALIYOR;AL;AL;UCUZ (AL);2;02.10.2026
SELEC;izle;;19,4;5,4;4,0;10,0;0;0;zayif;53,0;15,7;-0,0;asagi;zayif;zayif;asagi;15,33;-8,39;0;75,05;-9,31;2367755152;133,11;SAT;NEGATIF;SAT;NEGATIF;AZALIYOR;SAT;AL;NOTR;1;02.10.2026
OZRDN;izle;;19,4;5,4;4,0;10,0;0;0;zayif;34,5;15,8;4,8;asagi;zayif;zayif;asagi;1,88;-5,83;2;13,78;-1,43;7624694;20,15;SAT;NEGATIF;SAT;NEGATIF;AZALIYOR;SAT;AL;NOTR;1;02.10.2026
ULAS;izle;;19,4;2,4;7,0;10,0;10;0;zayif;37,2;35,0;22,5;asagi;zayif;zayif;asagi;1,63;-3,57;4;15,72;7,67;5127487;17,13;SAT;NEGATIF;SAT;NEGATIF;ARTIYOR;AL;AL;UCUZ (AL);2;02.10.2026
SDTTR;izle;;19,4;2,4;7,0;10,0;10;0;zayif;31,6;35,0;25,8;asagi;zayif;zayif;asagi;1,57;-2,97;5;16,55;0,42;197634241;18,38;SAT;NEGATIF;SAT;NEGATIF;ARTIYOR;AL;AL;NOTR;2;02.10.2026
ATEKS;izle;;19,4;2,4;7,0;10,0;6;0;zayif;31,1;39,0;49,3;asagi;zayif;zayif;asagi;1,59;-3,11;3;81;-5,43;1288224;93,89;SAT;NEGATIF;SAT;NEGATIF;ARTIYOR;AL;AL;NOTR;2;02.10.2026
VANGD;izle;;19,4;5,4;5,9;8,0;0;0;zayif;43,2;31,5;42,3;asagi;zayif;zayif;asagi;0,40;-3,71;1;57,9;3,49;4189239;67,76;SAT;NEGATIF;SAT;NEGATIF;ARTIYOR;AL;AL;NOTR;2;02.10.2026
YEOTK;izle;;19,3;4,6;9,3;5,4;0;0;zayif;23,8;42,8;41,7;asagi;zayif;zayif;asagi;0,78;-1,91;2;29,32;0,69;453618369;35,14;SAT;NEGATIF;SAT;NEGATIF;AZALIYOR;SAT;AL;NOTR;1;02.10.2026
ANHYT;izle;;19,3;1,6;16,9;0,8;6;0;zayif;23,9;42,6;37,1;asagi;guclu;zayif;asagi;0,42;-1,25;3;99,85;1,37;47542679;107,49;SAT;NEGATIF;SAT;POZITIF;AZALIYOR;AL;AL;NOTR;3;02.10.2026
MEGMT;izle;;19,2;2,4;12,8;4,0;0;0;zayif;44,8;40,9;39,7;asagi;zayif;zayif;asagi;0,60;-3,79;2;3,88;6,30;144145379;4,28;AL;NEGATIF;SAT;POZITIF;AZALIYOR;AL;AL;UCUZ (AL);4;02.10.2026
LINK;izle;;19,2;2,4;6,8;10,0;6;0;zayif;48,0;34,2;27,3;asagi;zayif;zayif;asagi;1,34;-4,34;3;3,9;7,14;89120125;4,26;SAT;NEGATIF;SAT;NEGATIF;ARTIYOR;AL;AL;UCUZ (AL);2;02.10.2026
BUCIM;izle;;19,2;1,6;15,6;2,0;10;0;zayif;23,4;40,5;30,6;asagi;guclu;zayif;asagi;0,41;-1,83;4;5,03;-0,40;7965684;5,46;SAT;NEGATIF;SAT;NEGATIF;AZALIYOR;AL;AL;UCUZ (AL);2;02.10.2026
VAKKO;izle;;19,1;0,0;14,0;5,1;6;0;zayif;10,3;39,1;38,7;asagi;guclu;zayif;asagi;0,49;-1,58;3;60,55;1,09;3928302;70,34;SAT;NEGATIF;NOTR;NEGATIF;AZALIYOR;AL;AL;NOTR;2;02.10.2026
PINSU;izle;;18,9;1,1;9,8;8,0;22;2;zayif;19,7;35,0;57,4;asagi;zayif;zayif;asagi;0,37;-2,80;2;8,85;-1,99;9906451;9,98;SAT;NEGATIF;NOTR;NEGATIF;AZALIYOR;AL;AL;UCUZ (AL);2;02.10.2026
KARTN;izle;;18,8;5,4;4,1;9,2;0;0;zayif;37,6;25,4;14,5;asagi;zayif;zayif;asagi;1,25;-4,74;1;88,2;7,23;119890172;115,66;SAT;NEGATIF;SAT;NEGATIF;AZALIYOR;AL;AL;NOTR;2;02.10.2026
BURCE;izle;;18,6;2,4;7,5;8,7;0;0;zayif;32,4;36,6;22,2;asagi;zayif;zayif;asagi;0,98;-3,53;1;26,32;5,79;35289066;29,24;SAT;NEGATIF;SAT;NEGATIF;AZALIYOR;AL;AL;UCUZ (AL);2;02.10.2026
MTRKS;izle;;18,6;5,4;6,7;6,4;6;0;zayif;37,6;34,2;18,4;asagi;zayif;zayif;asagi;1,09;-2,86;3;22,34;5,08;26682002;25,27;SAT;NEGATIF;SAT;NEGATIF;ARTIYOR;AL;AL;NOTR;2;02.10.2026
EMNIS;izle;;18,4;1,6;8,8;8,0;0;0;zayif;23,8;39,4;23,8;asagi;zayif;zayif;asagi;0,56;-3,29;1;129,8;-0,31;560606;133,93;SAT;NEGATIF;SAT;NEGATIF;AZALIYOR;AL;AL;UCUZ (AL);2;02.10.2026
ATSYH;izle;;18,4;5,4;7,1;5,9;10;1;zayif;30,9;35,3;22,1;asagi;zayif;zayif;asagi;1,05;-4,03;1;76,2;-2,68;3455441;95,55;SAT;NEGATIF;SAT;NEGATIF;AZALIYOR;AL;AL;NOTR;2;02.10.2026
ARZUM;izle;;18,4;2,4;6,6;9,3;6;0;zayif;35,4;33,7;27,5;asagi;zayif;zayif;asagi;1,26;-4,47;3;1,22;-0,81;14774681;1,34;SAT;NEGATIF;SAT;NEGATIF;AZALIYOR;AL;AL;UCUZ (AL);2;02.10.2026
AGYO;izle;;18,3;1,0;11,4;6,0;0;0;zayif;19,2;34,3;13,1;asagi;guclu;zayif;asagi;0,82;-1,96;2;6,62;0,15;1733334;7,61;SAT;NEGATIF;NOTR;NEGATIF;AZALIYOR;SAT;AL;NOTR;1;02.10.2026
AKMGY;izle;;18,2;0,8;9,5;8,0;6;0;zayif;17,9;34,8;73,2;asagi;zayif;zayif;asagi;0,40;-2,48;3;216,8;1,45;6195494;243,96;SAT;NEGATIF;NOTR;NEGATIF;AZALIYOR;AL;AL;NOTR;2;02.10.2026
ARASE;izle;;18,2;6,1;8,7;3,5;46;4;zayif;35,0;35,1;28,5;asagi;zayif;zayif;asagi;0,91;-2,34;3;98,35;-0,20;29081112;114,31;SAT;NEGATIF;SAT;NEGATIF;AZALIYOR;AL;AL;NOTR;2;02.10.2026
ARMGD;izle;;18,2;5,4;2,8;10,0;0;0;zayif;33,0;29,7;37,1;asagi;zayif;zayif;asagi;3,59;-4,16;2;105,3;-9,92;922689460;158,53;SAT;NEGATIF;SAT;NEGATIF;ARTIYOR;SAT;SAT;NOTR;0;02.10.2026
PATEK;izle;;18,2;1,7;8,5;8,0;22;2;zayif;24,5;39,9;33,4;asagi;zayif;zayif;asagi;0,44;-2,34;1;15,07;1,76;251269555;18,80;SAT;NEGATIF;SAT;NEGATIF;AZALIYOR;AL;AL;NOTR;2;02.10.2026
KLRHO;izle;;18,1;2,4;4,0;11,7;0;0;zayif;57,7;13,0;3,1;asagi;zayif;zayif;asagi;0,92;-11,22;0;11,27;9,95;106392756;15,51;SAT;NEGATIF;SAT;NEGATIF;AZALIYOR;AL;AL;UCUZ (AL);2;02.10.2026
KONYA;izle;;18,0;1,3;16,5;0,2;0;0;zayif;21,7;41,5;36,1;asagi;guclu;zayif;asagi;0,29;-1,28;2;3560;-0,42;24471440;4151,28;SAT;NEGATIF;SAT;NEGATIF;AZALIYOR;SAT;AL;UCUZ (AL);1;02.10.2026
COSMO;izle;;18,0;2,4;5,9;9,6;0;0;zayif;35,8;31,4;26,2;asagi;zayif;zayif;asagi;1,04;-3,65;1;86,5;2,43;3509046;98,44;SAT;NEGATIF;SAT;NEGATIF;ARTIYOR;AL;AL;UCUZ (AL);2;02.10.2026
BRYAT;izle;;17,9;2,4;15,1;0,4;6;0;zayif;29,3;43,6;24,3;asagi;guclu;zayif;asagi;0,73;-2,14;3;1530;2,96;65808360;1605,51;SAT;NEGATIF;SAT;NEGATIF;ARTIYOR;AL;AL;UCUZ (AL);2;02.10.2026
ISCTR;izle;;17,8;1,6;13,9;2,3;6;0;zayif;23,6;42,5;50,3;asagi;guclu;zayif;asagi;0,56;-1,36;3;12,45;-0,48;5211036642;13,91;SAT;NEGATIF;SAT;NEGATIF;AZALIYOR;SAT;SAT;NOTR;0;02.10.2026
DIRIT;izle;;17,8;0,5;9,3;8,0;6;0;zayif;15,7;39,3;24,5;asagi;zayif;zayif;asagi;0,35;-2,26;3;21;5,53;405762;23,60;SAT;NEGATIF;NOTR;NEGATIF;AZALIYOR;SAT;AL;NOTR;1;02.10.2026
KAREL;izle;;17,7;2,4;11,2;4,0;10;0;zayif;43,3;35,8;17,6;asagi;zayif;zayif;asagi;0,40;-4,05;4;6,32;3,10;25551305;6,92;AL;NEGATIF;SAT;POZITIF;AZALIYOR;AL;AL;UCUZ (AL);4;02.10.2026
BMSTL;izle;;17,7;4,3;13,4;0,0;32;2;zayif;21,7;41,2;39,3;asagi;guclu;zayif;asagi;0,48;-1,38;4;40,22;1,36;84643875;45,76;SAT;NEGATIF;SAT;NEGATIF;AZALIYOR;SAT;AL;NOTR;1;02.10.2026
PSGYO;izle;;17,7;2,4;4,0;11,2;0;0;zayif;43,4;22,7;22,7;asagi;zayif;zayif;asagi;0,89;-6,15;1;1,69;-0,59;218147899;2,12;SAT;NEGATIF;SAT;NEGATIF;AZALIYOR;AL;AL;UCUZ (AL);2;02.10.2026
ASGYO;izle;;17,6;1,7;13,9;2,1;0;0;zayif;24,2;38,7;29,4;asagi;guclu;zayif;asagi;0,82;-2,28;2;9,97;-1,38;25056135;10,89;SAT;NEGATIF;SAT;NEGATIF;AZALIYOR;AL;AL;NOTR;2;02.10.2026
CVKMD;izle;;17,5;5,4;8,8;3,3;0;0;zayif;38,3;38,4;39,6;asagi;zayif;zayif;asagi;0,90;-2,17;2;12,86;1,58;371027949;14,99;SAT;NEGATIF;SAT;NEGATIF;AZALIYOR;AL;AL;NOTR;2;02.10.2026
ARCLK;izle;;17,5;1,6;7,8;8,0;0;0;zayif;24,0;29,7;18,4;asagi;zayif;zayif;asagi;0,70;-3,96;2;81,1;0,12;99134288;89,13;SAT;NEGATIF;SAT;NEGATIF;AZALIYOR;SAT;SAT;UCUZ (AL);0;02.10.2026
CEMZY;izle;;17,4;5,4;4,0;8,0;0;0;zayif;39,3;19,4;52,8;asagi;zayif;zayif;asagi;0,28;-6,05;0;5,8;-1,69;31493582;8,76;SAT;NEGATIF;SAT;NEGATIF;AZALIYOR;AL;AL;UCUZ (AL);2;02.10.2026
OZATD;izle;;17,4;5,4;4,0;8,0;32;3;zayif;47,6;12,6;16,8;asagi;zayif;zayif;asagi;0,01;-8,40;0;1271;-9,99;1539181;1994,05;SAT;NEGATIF;SAT;NEGATIF;AZALIYOR;SAT;AL;PAHALI (SAT);1;02.10.2026
GUNDG;izle;;17,4;5,4;4,0;8,0;0;0;zayif;45,0;17,2;-0,0;asagi;zayif;zayif;asagi;0,02;-9,79;0;187,2;-10,00;203486;389,17;SAT;NEGATIF;SAT;NEGATIF;AZALIYOR;AL;SAT;NOTR;1;02.10.2026
MANAS;izle;;17,4;5,4;4,0;8,0;0;0;zayif;46,8;11,4;0,0;asagi;zayif;zayif;asagi;0,01;-9,11;0;8,54;-9,92;1329943;14,05;SAT;NEGATIF;SAT;NEGATIF;AZALIYOR;SAT;SAT;NOTR;0;02.10.2026
ALKLC;izle;;17,4;5,4;4,0;8,0;10;1;zayif;62,8;12,0;65,6;asagi;zayif;zayif;asagi;0,00;-10,08;0;132,6;-9,98;327787;202,06;SAT;NEGATIF;SAT;NEGATIF;AZALIYOR;SAT;AL;UCUZ (AL);1;02.10.2026
TRHOL;izle;;17,4;5,4;4,0;8,0;0;0;zayif;50,8;21,1;78,9;asagi;zayif;zayif;asagi;0,00;-6,17;0;1147;-9,97;20646;1808,07;SAT;NEGATIF;SAT;NEGATIF;AZALIYOR;SAT;AL;NOTR;1;02.10.2026
DSTKF;izle;;17,4;5,4;4,0;8,0;22;2;zayif;38,0;18,4;63,4;asagi;zayif;zayif;asagi;0,01;-8,36;0;694;-9,99;1312354;1114,58;SAT;NEGATIF;SAT;NEGATIF;AZALIYOR;SAT;AL;NOTR;1;02.10.2026
BIGEN;izle;;17,4;5,4;4,0;8,0;0;0;zayif;38,6;20,7;89,8;asagi;zayif;zayif;asagi;0,00;-6,77;0;40,04;-9,98;745905;67,65;SAT;NEGATIF;SAT;NEGATIF;AZALIYOR;SAT;AL;NOTR;1;02.10.2026
ANELE;izle;;17,4;5,4;4,0;8,0;0;0;zayif;49,1;15,8;-0,0;asagi;zayif;zayif;asagi;0,01;-8,11;0;36,72;-10,00;362940;64,05;SAT;NEGATIF;SAT;NEGATIF;AZALIYOR;SAT;SAT;NOTR;0;02.10.2026
TEHOL;izle;;17,4;5,4;4,0;8,0;0;0;zayif;48,3;14,0;61,7;asagi;zayif;zayif;asagi;0,00;-9,61;0;12,19;-9,97;887968;19,27;SAT;NEGATIF;SAT;NEGATIF;AZALIYOR;SAT;AL;UCUZ (AL);1;02.10.2026
IEYHO;izle;;17,4;5,4;4,0;8,0;0;0;zayif;73,0;10,1;96,7;asagi;zayif;zayif;asagi;0,01;-11,08;0;58,7;-9,97;424695;87,01;SAT;NEGATIF;SAT;NEGATIF;AZALIYOR;SAT;SAT;NOTR;0;02.10.2026
KATMR;izle;;17,3;2,4;10,7;4,2;0;0;zayif;50,7;34,0;42,8;asagi;zayif;zayif;asagi;0,71;-4,62;2;1,57;-0,63;85099446;1,69;AL;NEGATIF;SAT;NEGATIF;AZALIYOR;AL;AL;UCUZ (AL);3;02.10.2026
TEZOL;izle;;17,2;2,4;10,8;4,0;0;0;zayif;43,4;34,2;25,8;asagi;zayif;zayif;asagi;0,59;-5,44;2;7,71;-0,13;14081390;8,19;AL;NEGATIF;SAT;NEGATIF;AZALIYOR;AL;AL;UCUZ (AL);3;02.10.2026
GWIND;izle;;17,2;2,4;11,7;3,0;0;0;zayif;32,2;37,2;26,9;asagi;guclu;zayif;asagi;0,88;-3,22;2;20,4;0,59;53501060;22,00;SAT;NEGATIF;SAT;NEGATIF;AZALIYOR;AL;AL;NOTR;2;02.10.2026
DAPGM;izle;;17,2;2,4;4,0;10,7;0;0;zayif;39,7;15,6;11,7;asagi;zayif;zayif;asagi;1,10;-8,93;1;2,95;-4,22;165937229;4,26;SAT;NEGATIF;SAT;NEGATIF;AZALIYOR;AL;AL;UCUZ (AL);2;02.10.2026
PNSUT;izle;;17,1;1,0;16,1;0,0;28;2;zayif;19,7;41,9;23,5;asagi;guclu;zayif;asagi;0,35;-1,53;3;10,14;-1,36;12440350;11,76;SAT;NEGATIF;NOTR;NEGATIF;AZALIYOR;SAT;AL;NOTR;1;02.10.2026
EYGYO;izle;;17,1;2,4;4,7;10,0;6;0;zayif;32,9;27,2;17,0;asagi;zayif;zayif;asagi;1,81;-3,28;3;1,93;-0,52;29580863;2,36;SAT;NEGATIF;SAT;NEGATIF;AZALIYOR;AL;AL;UCUZ (AL);2;02.10.2026
EPLAS;izle;;17,1;2,4;14,7;0,0;22;2;zayif;18,2;42,3;17,3;asagi;guclu;zayif;asagi;0,45;-1,31;2;5,16;-2,46;16705598;6,29;SAT;NEGATIF;NOTR;NEGATIF;AZALIYOR;SAT;AL;NOTR;1;02.10.2026
YAYLA;izle;;17,1;2,4;4,9;9,8;6;0;zayif;38,2;27,9;18,2;asagi;zayif;zayif;asagi;1,29;-4,81;3;13,82;-1,85;18193671;16,88;SAT;NEGATIF;SAT;NEGATIF;AZALIYOR;AL;AL;UCUZ (AL);2;02.10.2026
BORSK;izle;;17,0;2,4;14,6;0,0;6;0;zayif;36,1;40,7;27,5;asagi;guclu;zayif;asagi;0,27;-1,51;3;5,56;1,28;13935973;6,24;SAT;NEGATIF;SAT;NEGATIF;AZALIYOR;SAT;AL;NOTR;1;02.10.2026
TNZTP;izle;;17,0;5,5;11,5;0,0;40;5;zayif;20,5;39,2;33,9;asagi;zayif;zayif;asagi;0,30;-1,46;1;25,5;-1,85;25453871;30,65;SAT;NEGATIF;SAT;NEGATIF;AZALIYOR;SAT;AL;NOTR;1;02.10.2026
TUKAS;izle;;16,8;1,5;15,2;0,0;28;2;zayif;23,3;42,2;49,5;asagi;guclu;zayif;asagi;0,57;-1,12;3;1,94;0,00;150288494;2,31;SAT;NEGATIF;SAT;POZITIF;AZALIYOR;SAT;SAT;UCUZ (AL);1;02.10.2026
TURSG;izle;;16,7;2,4;8,6;5,7;0;0;zayif;30,6;28,6;56,3;asagi;zayif;zayif;asagi;1,04;-2,69;1;5,46;1,11;614100702;6,14;SAT;NEGATIF;SAT;NEGATIF;ARTIYOR;SAT;AL;NOTR;1;02.10.2026
BALAT;izle;;16,6;2,4;8,0;6,2;22;2;zayif;34,8;38,2;30,6;asagi;zayif;zayif;asagi;0,83;-3,99;2;52,8;9,95;1799160;54,56;SAT;NEGATIF;SAT;NEGATIF;ARTIYOR;AL;AL;UCUZ (AL);2;02.10.2026
HKTM;izle;;16,5;2,4;7,3;6,8;10;0;zayif;34,2;35,9;30,4;asagi;zayif;zayif;asagi;0,87;-2,40;4;9,91;0,30;41002457;11,15;SAT;NEGATIF;SAT;NEGATIF;AZALIYOR;AL;AL;NOTR;2;02.10.2026
ESCAR;izle;;16,4;2,4;4,0;10,0;0;0;zayif;47,9;14,8;21,7;asagi;zayif;zayif;asagi;3,78;-8,41;1;15,37;-3,64;127403959;22,02;SAT;NEGATIF;SAT;NEGATIF;ARTIYOR;AL;AL;UCUZ (AL);2;02.10.2026
BIGTK;izle;;16,4;2,4;4,0;10,0;32;3;zayif;47,8;16,2;-0,0;asagi;zayif;zayif;asagi;7,89;-8,25;1;78,15;-9,97;262427544;141,00;SAT;NEGATIF;SAT;NEGATIF;AZALIYOR;AL;SAT;UCUZ (AL);1;02.10.2026
BSOKE;izle;;16,4;2,4;4,0;10,0;0;0;zayif;63,3;7,6;-0,0;asagi;zayif;zayif;asagi;4,48;-10,75;2;5,75;-9,87;510619694;10,14;SAT;NEGATIF;SAT;NEGATIF;AZALIYOR;AL;AL;UCUZ (AL);2;02.10.2026
BINBN;izle;;16,4;2,4;4,0;10,0;0;0;zayif;49,6;8,3;-0,0;asagi;zayif;zayif;asagi;3,50;-8,85;2;47,48;-9,99;159258745;83,49;SAT;NEGATIF;SAT;NEGATIF;AZALIYOR;AL;SAT;UCUZ (AL);1;02.10.2026
REEDR;izle;;16,4;2,4;4,0;10,0;6;0;zayif;40,1;12,6;25,8;asagi;zayif;zayif;asagi;1,45;-6,79;3;3,32;2,79;139481377;4,20;SAT;NEGATIF;SAT;NEGATIF;AZALIYOR;AL;AL;UCUZ (AL);2;02.10.2026
DUNYH;izle;;16,4;2,4;4,0;10,0;32;3;zayif;63,3;7,7;0,0;asagi;zayif;zayif;asagi;7,50;-10,17;1;26,36;-9,97;293943418;47,99;SAT;NEGATIF;SAT;NEGATIF;AZALIYOR;AL;AL;UCUZ (AL);2;02.10.2026
EDATA;izle;;16,4;2,4;4,0;10,0;0;0;zayif;48,3;9,2;0,0;asagi;zayif;zayif;asagi;8,02;-9,84;1;4,67;-3,91;223904752;7,76;SAT;NEGATIF;SAT;NEGATIF;AZALIYOR;AL;AL;UCUZ (AL);2;02.10.2026
IHAAS;izle;;16,4;2,4;4,0;10,0;0;0;zayif;41,1;10,5;0,0;asagi;zayif;zayif;asagi;7,69;-8,99;1;16,91;0,00;150561601;25,95;SAT;NEGATIF;SAT;NEGATIF;ARTIYOR;AL;AL;UCUZ (AL);2;02.10.2026
LYDHO;izle;;16,4;2,4;4,0;10,0;0;0;zayif;69,4;10,5;14,1;asagi;zayif;zayif;asagi;3,63;-11,84;0;39,02;6,85;133265864;58,66;SAT;NEGATIF;SAT;NEGATIF;AZALIYOR;AL;AL;UCUZ (AL);2;02.10.2026
ICUGS;izle;;16,4;2,4;4,0;10,0;6;0;zayif;53,0;12,2;12,9;asagi;zayif;zayif;asagi;2,64;-9,09;3;1,25;-9,42;84246250;2,05;SAT;NEGATIF;SAT;NEGATIF;AZALIYOR;AL;SAT;UCUZ (AL);1;02.10.2026
SEGMN;izle;;16,4;2,4;4,0;10,0;6;0;zayif;55,0;13,6;2,5;asagi;zayif;zayif;asagi;2,51;-6,93;3;18;-7,69;106285824;28,67;SAT;NEGATIF;SAT;NEGATIF;AZALIYOR;AL;SAT;NOTR;1;02.10.2026
CRDFA;izle;;16,4;2,4;4,0;10,0;0;0;zayif;58,0;18,0;52,3;asagi;zayif;zayif;asagi;2,34;-9,55;0;8,81;9,99;38053623;11,50;SAT;NEGATIF;SAT;NEGATIF;AZALIYOR;AL;AL;UCUZ (AL);2;02.10.2026
RUBNS;izle;;16,4;2,4;4,0;10,0;0;0;zayif;47,7;19,1;24,9;asagi;zayif;zayif;asagi;2,07;-5,10;2;15,3;2,55;70913174;21,30;SAT;NEGATIF;SAT;NEGATIF;AZALIYOR;SAT;AL;UCUZ (AL);1;02.10.2026
DGNMO;izle;;16,4;2,4;4,0;10,0;0;0;zayif;60,7;16,2;14,0;asagi;zayif;zayif;asagi;1,40;-6,04;1;3,91;-4,87;18223994;5,15;SAT;NEGATIF;SAT;NEGATIF;AZALIYOR;AL;AL;NOTR;2;02.10.2026
SKYLP;izle;;16,4;2,4;4,0;10,0;0;0;zayif;59,2;12,6;18,9;asagi;zayif;zayif;asagi;4,82;-10,07;0;49,04;-5,69;25046592;83,04;SAT;NEGATIF;SAT;NEGATIF;AZALIYOR;AL;AL;UCUZ (AL);2;02.10.2026
DOGUB;izle;;16,4;2,4;4,0;10,0;0;0;zayif;42,9;14,5;-0,0;asagi;zayif;zayif;asagi;2,98;-8,88;0;18,87;-8,75;28876969;30,82;SAT;NEGATIF;SAT;NEGATIF;AZALIYOR;AL;AL;UCUZ (AL);2;02.10.2026
LYDYE;izle;;16,4;2,4;4,0;10,0;0;0;zayif;49,1;15,7;10,2;asagi;zayif;zayif;asagi;1,55;-9,31;0;4285;9,94;17302830;5890,62;SAT;NEGATIF;SAT;NEGATIF;AZALIYOR;AL;AL;UCUZ (AL);2;02.10.2026
SANEL;izle;;16,4;5,2;2,3;8,9;0;0;zayif;28,4;22,6;33,6;asagi;zayif;zayif;asagi;1,23;-4,55;2;31,74;-8,32;14838640;45,09;SAT;NEGATIF;SAT;NEGATIF;AZALIYOR;SAT;SAT;NOTR;0;02.10.2026
KZBGY;izle;;16,3;2,4;9,8;4,0;10;0;zayif;46,8;31,0;29,7;asagi;zayif;zayif;asagi;0,62;-5,27;4;1,44;1,41;32616046;1,60;AL;NEGATIF;SAT;NEGATIF;AZALIYOR;AL;AL;UCUZ (AL);3;02.10.2026
EKSUN;izle;;16,3;2,4;10,5;3,3;22;2;zayif;33,5;33,3;36,4;asagi;zayif;zayif;asagi;0,90;-3,79;2;4,48;-2,82;11574340;5,15;AL;NEGATIF;SAT;NEGATIF;AZALIYOR;AL;AL;NOTR;3;02.10.2026
GEREL;izle;;16,2;5,4;0,8;10,0;0;0;zayif;33,8;22,3;22,4;asagi;zayif;zayif;asagi;2,37;-6,08;1;18;-6,40;323964630;25,60;SAT;NEGATIF;SAT;NEGATIF;AZALIYOR;SAT;SAT;NOTR;0;02.10.2026
SMRTG;izle;;16,1;2,4;5,7;8,0;0;0;zayif;51,4;30,6;27,5;asagi;zayif;zayif;asagi;0,64;-5,46;1;5,32;3,70;110263230;6,34;SAT;NEGATIF;SAT;NEGATIF;AZALIYOR;AL;AL;NOTR;2;02.10.2026
BANVT;izle;;16,1;1,1;11,0;4,0;0;0;zayif;19,8;37,4;45,6;asagi;zayif;zayif;asagi;0,65;-2,66;1;133,3;-0,15;10236240;144,68;SAT;NEGATIF;NOTR;NEGATIF;AZALIYOR;AL;AL;UCUZ (AL);2;02.10.2026
ISMEN;izle;;16,1;1,7;11,0;3,3;10;0;zayif;24,6;35,7;25,9;asagi;guclu;zayif;asagi;0,88;-3,02;4;30,14;-1,63;184103619;33,87;SAT;NEGATIF;SAT;NEGATIF;AZALIYOR;SAT;AL;UCUZ (AL);1;02.10.2026
TBORG;izle;;16,0;1,4;14,6;0,0;6;0;zayif;22,2;41,4;40,0;asagi;guclu;zayif;asagi;0,63;-1,78;3;126,4;2,10;12185971;135,88;SAT;NEGATIF;SAT;NEGATIF;AZALIYOR;AL;AL;UCUZ (AL);2;02.10.2026
KCAER;izle;;15,9;5,4;4,0;6,5;0;0;zayif;50,6;24,2;36,1;asagi;zayif;zayif;asagi;1,09;-4,68;2;10,5;-2,78;166697234;12,42;SAT;NEGATIF;SAT;NEGATIF;AZALIYOR;AL;AL;NOTR;2;02.10.2026
ZOREN;izle;;15,8;2,4;5,3;8,0;10;0;zayif;37,3;29,4;30,2;asagi;zayif;zayif;asagi;0,26;-3,71;4;1,91;-1,04;44921796;2,25;SAT;NEGATIF;SAT;NEGATIF;AZALIYOR;SAT;AL;UCUZ (AL);1;02.10.2026
SKBNK;izle;;15,7;2,4;9,2;4,0;16;1;zayif;35,1;29,0;25,4;asagi;zayif;zayif;asagi;0,48;-7,54;3;5,04;1,00;265265204;5,75;AL;NEGATIF;SAT;NEGATIF;AZALIYOR;SAT;SAT;UCUZ (AL);1;02.10.2026
TSKB;izle;;15,6;2,4;11,4;1,7;10;1;zayif;35,0;35,3;30,9;asagi;guclu;zayif;asagi;0,75;-3,00;2;9,87;0,51;169713367;10,87;SAT;NEGATIF;SAT;NEGATIF;AZALIYOR;SAT;AL;UCUZ (AL);1;02.10.2026
YATAS;izle;;15,5;2,4;12,1;0,9;6;0;zayif;45,6;34,4;25,2;asagi;zayif;zayif;asagi;0,75;-4,30;3;26,42;-0,90;18365942;28,92;AL;NEGATIF;SAT;NEGATIF;AZALIYOR;AL;AL;UCUZ (AL);3;02.10.2026
IHGZT;izle;;15,3;1,9;5,5;8,0;10;0;zayif;25,6;30,0;23,0;asagi;zayif;zayif;asagi;0,22;-3,73;4;0,95;-1,04;7224319;1,10;SAT;NEGATIF;SAT;NEGATIF;AZALIYOR;SAT;AL;UCUZ (AL);1;02.10.2026
MARMR;izle;;15,3;2,4;4,7;8,2;10;0;zayif;40,8;27,2;15,2;asagi;zayif;zayif;asagi;1,19;-4,60;4;1,48;0,68;93943009;1,79;SAT;NEGATIF;SAT;NEGATIF;AZALIYOR;AL;AL;NOTR;2;02.10.2026
BRKVY;izle;;15,3;2,4;5,9;6,9;0;0;zayif;39,8;31,5;22,6;asagi;zayif;zayif;asagi;1,12;-4,30;2;53,2;3,40;25888663;61,31;SAT;NEGATIF;SAT;NEGATIF;AZALIYOR;AL;AL;UCUZ (AL);2;02.10.2026
ALGYO;izle;;15,3;2,4;8,9;4,0;32;3;zayif;35,2;34,7;29,7;asagi;zayif;zayif;asagi;0,68;-3,62;2;2,99;-0,99;47003231;3,37;SAT;NEGATIF;SAT;NEGATIF;AZALIYOR;SAT;AL;UCUZ (AL);1;02.10.2026
BOBET;izle;;15,2;2,4;8,8;4,0;0;0;zayif;33,3;38,1;22,6;asagi;zayif;zayif;asagi;0,35;-2,23;2;16,58;0,12;29674950;19,44;SAT;NEGATIF;SAT;NEGATIF;AZALIYOR;AL;AL;NOTR;2;02.10.2026
ULUFA;izle;;15,2;2,4;11,6;1,1;6;0;zayif;34,8;37,1;23,5;asagi;guclu;zayif;asagi;0,77;-2,56;3;1,46;2,10;22283768;1,59;SAT;NEGATIF;SAT;NEGATIF;AZALIYOR;AL;AL;UCUZ (AL);2;02.10.2026
DZGYO;izle;;15,1;1,4;13,7;0,0;0;0;zayif;22,6;39,1;30,9;asagi;guclu;zayif;asagi;0,12;-2,23;2;6,55;0,77;2434360;7,34;SAT;NEGATIF;SAT;NEGATIF;AZALIYOR;SAT;AL;UCUZ (AL);1;02.10.2026
DAGI;izle;;14,9;5,4;5,5;4,0;0;0;zayif;49,8;29,9;18,1;asagi;zayif;zayif;asagi;0,57;-3,93;1;5,57;2,01;20135160;6,80;SAT;NEGATIF;SAT;NEGATIF;AZALIYOR;AL;AL;NOTR;2;02.10.2026
ODINE;izle;;14,8;5,4;8,0;1,4;0;0;zayif;53,3;13,7;-0,0;asagi;zayif;zayif;asagi;0,78;-12,25;0;161,7;-9,97;1454653;348,88;AL;NEGATIF;SAT;NEGATIF;AZALIYOR;AL;AL;UCUZ (AL);3;02.10.2026
SISE;izle;;14,8;1,5;13,3;0,0;10;1;zayif;22,9;38,3;28,0;asagi;guclu;zayif;asagi;0,39;-2,40;2;37,22;-0,32;1289446479;41,67;SAT;NEGATIF;SAT;NEGATIF;AZALIYOR;SAT;AL;NOTR;1;02.10.2026
JANTS;izle;;14,7;1,9;12,8;0,0;10;0;zayif;25,7;38,2;24,4;asagi;guclu;zayif;asagi;0,51;-2,19;4;13,81;-0,07;24956465;15,24;SAT;NEGATIF;SAT;NEGATIF;AZALIYOR;SAT;AL;UCUZ (AL);1;02.10.2026
AFYON;izle;;14,6;2,4;11,1;1,0;6;0;zayif;32,9;34,1;32,3;asagi;guclu;zayif;asagi;0,57;-3,21;3;11,02;-0,27;9321520;11,80;SAT;NEGATIF;SAT;NEGATIF;AZALIYOR;AL;AL;UCUZ (AL);2;02.10.2026
ZEDUR;izle;;14,6;2,4;4,0;8,1;10;0;zayif;56,6;25,0;21,2;asagi;zayif;zayif;asagi;0,95;-4,78;5;5,7;0,53;6228960;6,37;SAT;NEGATIF;SAT;NEGATIF;AZALIYOR;AL;AL;UCUZ (AL);2;02.10.2026
PETUN;izle;;14,5;1,5;13,0;0,0;42;3;zayif;23,0;38,2;45,4;asagi;guclu;zayif;asagi;0,36;-2,21;4;10,1;-0,98;8441065;11,36;SAT;NEGATIF;SAT;NEGATIF;AZALIYOR;SAT;AL;NOTR;1;02.10.2026
INTEK;izle;;14,5;2,4;12,0;0,0;6;0;zayif;37,4;38,3;22,3;asagi;zayif;zayif;asagi;0,49;-4,52;3;182;1,17;664482;193,34;AL;NEGATIF;SAT;NEGATIF;AZALIYOR;AL;AL;UCUZ (AL);3;02.10.2026
PASEU;izle;;14,4;2,4;4,0;8,0;0;0;zayif;48,6;24,4;83,7;asagi;zayif;zayif;asagi;0,36;-8,31;0;34,22;9,96;80624305;50,70;SAT;NEGATIF;SAT;NEGATIF;AZALIYOR;AL;AL;UCUZ (AL);2;02.10.2026
INFO;izle;;14,4;2,4;4,0;8,0;0;0;zayif;44,5;24,3;54,5;asagi;zayif;zayif;asagi;0,46;-7,17;0;0,96;9,09;25755804;1,30;SAT;NEGATIF;SAT;NEGATIF;AZALIYOR;AL;AL;UCUZ (AL);2;02.10.2026
IZFAS;izle;;14,4;2,4;4,0;8,0;0;0;zayif;39,7;17,9;93,3;asagi;zayif;zayif;asagi;0,03;-8,51;0;13;-9,97;1262183;23,16;SAT;NEGATIF;SAT;NEGATIF;AZALIYOR;AL;AL;UCUZ (AL);2;02.10.2026
TERA;izle;;14,4;2,4;4,0;8,0;10;1;zayif;44,6;14,1;87,1;asagi;zayif;zayif;asagi;0,00;-9,84;0;63,45;-10,00;1583078;94,52;SAT;NEGATIF;SAT;NEGATIF;AZALIYOR;SAT;AL;UCUZ (AL);1;02.10.2026
PEKGY;izle;;14,4;2,4;4,0;8,0;0;0;zayif;42,0;12,0;-0,0;asagi;zayif;zayif;asagi;0,01;-10,93;0;3;-9,91;2403828;4,94;SAT;NEGATIF;SAT;NEGATIF;AZALIYOR;AL;SAT;UCUZ (AL);1;02.10.2026
MMCAS;izle;;14,4;2,4;4,0;8,0;0;0;zayif;50,7;20,7;11,6;asagi;zayif;zayif;asagi;1,18;-10,30;2;16,1;3,54;2542593;21,65;SAT;NEGATIF;SAT;NEGATIF;AZALIYOR;AL;AL;UCUZ (AL);2;02.10.2026
EGEPO;izle;;14,4;2,4;8,0;3,9;0;0;zayif;60,5;24,3;23,3;asagi;zayif;zayif;asagi;0,94;-7,09;1;7,09;3,50;40327835;8,92;AL;NEGATIF;SAT;NEGATIF;AZALIYOR;AL;AL;NOTR;3;02.10.2026
DGGYO;izle;;14,3;1,1;9,2;4,0;0;0;zayif;19,9;39,0;36,9;asagi;zayif;zayif;asagi;0,57;-2,14;1;28,14;-0,35;1861151;32,80;SAT;NEGATIF;NOTR;NEGATIF;AZALIYOR;AL;AL;NOTR;2;02.10.2026
ISKPL;izle;;14,3;2,4;4,2;7,6;0;0;zayif;41,8;25,6;40,9;asagi;zayif;zayif;asagi;1,16;-6,58;2;3,32;-4,05;143418867;4,46;SAT;NEGATIF;SAT;NEGATIF;AZALIYOR;AL;AL;UCUZ (AL);2;02.10.2026
DARDL;izle;;14,2;2,4;5,1;6,7;46;4;zayif;50,4;28,5;19,9;asagi;zayif;zayif;asagi;1,10;-5,15;3;1,19;0,00;18761290;1,30;SAT;NEGATIF;SAT;NEGATIF;ARTIYOR;AL;AL;UCUZ (AL);2;02.10.2026
DOAS;izle;;14,2;2,4;1,7;10,0;6;0;zayif;36,5;23,7;23,7;asagi;zayif;zayif;asagi;1,40;-5,40;3;142,3;-2,00;168726106;156,39;SAT;NEGATIF;SAT;NEGATIF;ARTIYOR;SAT;SAT;UCUZ (AL);0;02.10.2026
GEDIK;izle;;14,2;2,0;12,1;0,0;0;0;zayif;26,7;37,8;55,0;asagi;zayif;zayif;asagi;0,41;-2,90;2;5;-1,38;18660150;5,57;AL;NEGATIF;SAT;NEGATIF;AZALIYOR;AL;AL;NOTR;3;02.10.2026
BRKSN;izle;;14,1;2,4;5,9;5,7;10;0;zayif;47,8;31,5;24,4;asagi;zayif;zayif;asagi;1,04;-3,42;4;6,15;5,31;2111104;6,70;SAT;NEGATIF;SAT;NEGATIF;ARTIYOR;AL;AL;UCUZ (AL);2;02.10.2026
A1YEN;izle;;14,0;2,4;7,5;4,0;0;0;zayif;42,3;36,8;35,3;asagi;zayif;zayif;asagi;0,44;-4,05;1;1,81;9,70;13112878;1,97;SAT;NEGATIF;SAT;NEGATIF;ARTIYOR;AL;AL;UCUZ (AL);2;02.10.2026
YUNSA;izle;;14,0;2,4;11,5;0,0;0;0;zayif;43,7;36,8;28,6;asagi;zayif;zayif;asagi;0,39;-3,81;2;6,52;0,62;12216081;7,10;AL;NEGATIF;SAT;NEGATIF;AZALIYOR;AL;AL;NOTR;3;02.10.2026
GOZDE;izle;;13,9;2,3;7,6;4,0;0;0;zayif;28,9;34,0;25,0;asagi;zayif;zayif;asagi;0,63;-2,86;0;19,27;-0,82;16648085;21,60;SAT;NEGATIF;SAT;NEGATIF;AZALIYOR;AL;AL;NOTR;2;02.10.2026
MERCN;izle;;13,9;2,4;4,6;6,9;6;0;zayif;40,6;26,8;28,3;asagi;zayif;zayif;asagi;1,12;-5,55;3;11,5;3,05;80220677;14,50;SAT;NEGATIF;SAT;NEGATIF;AZALIYOR;SAT;AL;NOTR;1;02.10.2026
KLNMA;izle;;13,9;2,4;1,5;10,0;10;0;zayif;31,1;27,5;24,6;asagi;zayif;zayif;asagi;1,48;-6,45;4;7,49;-2,60;2104420;8,08;SAT;NEGATIF;SAT;NEGATIF;ARTIYOR;SAT;AL;NOTR;1;02.10.2026
BFREN;izle;;13,9;2,4;11,5;0,0;6;0;zayif;30,4;38,4;28,4;asagi;zayif;zayif;asagi;0,59;-2,85;3;110,3;-0,63;13028305;114,99;SAT;NEGATIF;SAT;NEGATIF;AZALIYOR;AL;AL;UCUZ (AL);2;02.10.2026
VAKFA;izle;;13,8;2,4;5,2;6,2;0;0;zayif;37,2;28,9;47,1;asagi;zayif;zayif;asagi;0,83;-3,89;2;9,02;-0,11;49728189;10,36;SAT;NEGATIF;SAT;NEGATIF;AZALIYOR;AL;AL;UCUZ (AL);2;02.10.2026
ARTMS;izle;;13,7;1,0;12,6;0,0;6;0;zayif;19,5;40,5;37,5;asagi;guclu;zayif;asagi;0,29;-1,44;3;34,6;0,58;7879942;40,58;SAT;NEGATIF;NOTR;NEGATIF;AZALIYOR;SAT;SAT;NOTR;0;02.10.2026
KSTUR;izle;;13,7;2,4;7,2;4,0;0;0;zayif;39,6;35,7;37,2;asagi;zayif;zayif;asagi;0,42;-3,83;2;1900;3,26;570000;2065,24;SAT;NEGATIF;SAT;NEGATIF;ARTIYOR;AL;AL;UCUZ (AL);2;02.10.2026
TGSAS;izle;;13,6;2,4;7,2;4,0;0;0;zayif;36,6;35,5;9,9;asagi;zayif;zayif;asagi;0,44;-3,61;1;113,3;10,00;31377755;133,43;SAT;NEGATIF;SAT;NEGATIF;AZALIYOR;AL;AL;NOTR;2;02.10.2026
ISFIN;izle;;13,6;2,4;5,8;5,4;6;0;zayif;31,0;25,8;41,0;asagi;guclu;zayif;asagi;0,97;-3,08;3;17,3;-0,57;27292982;19,03;SAT;NEGATIF;SAT;NEGATIF;AZALIYOR;SAT;SAT;NOTR;0;02.10.2026
CEMTS;izle;;13,6;2,4;11,1;0,0;6;0;zayif;38,6;34,9;28,8;asagi;guclu;zayif;asagi;0,44;-3,01;3;7,74;-0,77;5931356;8,58;SAT;NEGATIF;SAT;NEGATIF;AZALIYOR;AL;AL;UCUZ (AL);2;02.10.2026
AYEN;izle;;13,5;2,1;7,6;3,8;6;0;zayif;27,3;34,6;31,0;asagi;zayif;zayif;asagi;0,93;-3,41;3;26,3;-1,50;13079648;29,17;SAT;NEGATIF;SAT;NEGATIF;AZALIYOR;AL;AL;NOTR;2;02.10.2026
BESLR;izle;;13,4;2,4;8,6;2,4;0;0;zayif;30,0;32,9;41,2;asagi;zayif;zayif;asagi;0,84;-3,68;2;10,95;-0,45;20137389;12,14;SAT;NEGATIF;SAT;NEGATIF;AZALIYOR;AL;AL;NOTR;2;02.10.2026
KZGYO;izle;;13,4;2,4;6,9;4,0;0;0;zayif;33,6;34,8;7,0;asagi;zayif;zayif;asagi;0,56;-3,30;0;15,17;5,42;46381152;18,61;SAT;NEGATIF;SAT;NEGATIF;AZALIYOR;SAT;AL;UCUZ (AL);1;02.10.2026
ASUZU;izle;;13,4;1,5;11,8;0,0;0;0;zayif;23,4;36,9;57,7;asagi;guclu;zayif;asagi;0,40;-3,14;2;42,9;0,47;6084807;46,95;SAT;NEGATIF;SAT;NEGATIF;AZALIYOR;AL;AL;UCUZ (AL);2;02.10.2026
SODSN;izle;;13,4;2,4;6,9;4,0;0;0;zayif;53,6;34,7;29,8;asagi;zayif;zayif;asagi;0,69;-4,84;1;6,12;2,00;366209;6,58;SAT;NEGATIF;SAT;NEGATIF;AZALIYOR;AL;AL;UCUZ (AL);2;02.10.2026
BAKAB;izle;;13,3;2,4;6,1;4,8;0;0;zayif;42,8;32,0;37,6;asagi;zayif;zayif;asagi;0,99;-4,16;2;31,82;0,44;6243402;36,45;SAT;NEGATIF;SAT;NEGATIF;AZALIYOR;AL;AL;NOTR;2;02.10.2026
PKART;izle;;13,3;5,4;7,2;0,6;6;0;zayif;37,8;35,7;19,8;asagi;zayif;zayif;asagi;0,74;-3,16;3;90;6,13;24838920;97,86;SAT;NEGATIF;SAT;NEGATIF;ARTIYOR;AL;AL;NOTR;2;02.10.2026
KBORU;izle;;13,3;2,4;10,8;0,0;0;0;zayif;38,2;34,4;49,6;asagi;zayif;zayif;asagi;0,53;-4,30;1;12,35;3,61;82073827;15,54;AL;NEGATIF;SAT;NEGATIF;AZALIYOR;AL;AL;NOTR;3;02.10.2026
DOFER;izle;;13,3;2,4;6,3;4,5;6;0;zayif;43,5;32,6;15,3;asagi;zayif;zayif;asagi;0,73;-4,31;3;22,24;2,11;7214723;23,99;SAT;NEGATIF;SAT;NEGATIF;AZALIYOR;AL;AL;UCUZ (AL);2;02.10.2026
ARENA;izle;;13,2;2,4;6,8;4,0;6;0;zayif;36,8;34,3;23,9;asagi;zayif;zayif;asagi;0,52;-3,55;3;15,96;1,59;5197103;17,87;SAT;NEGATIF;SAT;NEGATIF;AZALIYOR;AL;AL;UCUZ (AL);2;02.10.2026
HURGZ;izle;;13,2;5,3;6,0;1,9;10;1;zayif;29,3;31,5;10,8;asagi;zayif;zayif;asagi;0,82;-3,36;2;5,3;-1,30;31079338;6,33;SAT;NEGATIF;SAT;NEGATIF;AZALIYOR;SAT;AL;NOTR;1;02.10.2026
BURVA;izle;;13,1;2,4;6,7;4,0;0;0;zayif;34,7;34,0;60,2;asagi;zayif;zayif;asagi;0,29;-4,07;0;403,75;8,24;10796679;524,89;SAT;NEGATIF;SAT;NEGATIF;AZALIYOR;AL;AL;NOTR;2;02.10.2026
SKTAS;izle;;13,0;2,4;6,6;4,0;6;0;zayif;41,0;33,5;15,9;asagi;zayif;zayif;asagi;0,63;-3,49;3;2,49;0,81;14893300;2,70;SAT;NEGATIF;SAT;NEGATIF;AZALIYOR;AL;AL;UCUZ (AL);2;02.10.2026
MEGAP;izle;;13,0;2,4;0,5;10,0;10;0;zayif;50,5;20,0;12,2;asagi;zayif;zayif;asagi;1,37;-8,08;6;1,25;-6,02;1180958;1,46;SAT;NEGATIF;SAT;NEGATIF;ARTIYOR;AL;SAT;UCUZ (AL);1;28.09.2026
KMPUR;izle;;12,9;2,4;6,5;4,0;0;0;zayif;43,1;33,3;25,1;asagi;zayif;zayif;asagi;0,41;-3,15;1;14,61;3,11;12839589;17,15;SAT;NEGATIF;SAT;NEGATIF;AZALIYOR;AL;AL;NOTR;2;02.10.2026
VKFYO;izle;;12,9;1,1;6,5;5,3;0;0;zayif;20,1;33,3;25,2;asagi;zayif;zayif;asagi;1,02;-4,12;1;17,15;-0,29;3030508;20,39;SAT;NEGATIF;SAT;NEGATIF;AZALIYOR;AL;AL;UCUZ (AL);2;02.10.2026
EGEGY;izle;;12,9;2,4;10,1;0,3;40;4;zayif;46,4;32,1;38,5;asagi;zayif;zayif;asagi;0,72;-4,71;2;16,2;8,94;66768673;19,57;AL;NEGATIF;SAT;NEGATIF;AZALIYOR;AL;AL;UCUZ (AL);3;02.10.2026
KRDMA;izle;;12,8;6,7;6,1;0,0;10;1;zayif;27,7;32,1;32,8;asagi;zayif;zayif;asagi;0,64;-2,31;2;39,2;-1,11;211426650;48,19;SAT;NEGATIF;SAT;NEGATIF;AZALIYOR;SAT;SAT;NOTR;0;02.10.2026
SUNTK;izle;;12,8;2,4;6,3;4,0;0;0;zayif;37,9;32,7;17,4;asagi;zayif;zayif;asagi;0,70;-3,20;2;25,76;1,82;10164793;30,73;SAT;NEGATIF;SAT;NEGATIF;AZALIYOR;AL;AL;UCUZ (AL);2;02.10.2026
SANFM;izle;;12,8;2,4;4,0;6,3;6;0;zayif;50,4;23,3;23,0;asagi;zayif;zayif;asagi;1,08;-6,54;3;4,4;10,00;35129068;5,31;SAT;NEGATIF;SAT;NEGATIF;AZALIYOR;AL;AL;UCUZ (AL);2;02.10.2026
KLKIM;izle;;12,8;2,4;10,3;0,0;6;0;zayif;30,5;34,3;26,5;asagi;guclu;zayif;asagi;0,57;-3,06;3;22,7;0,98;18521566;25,07;SAT;NEGATIF;SAT;NEGATIF;AZALIYOR;AL;AL;UCUZ (AL);2;02.10.2026
CEOEM;izle;;12,7;2,4;6,3;4,0;0;0;zayif;29,6;32,8;42,0;asagi;zayif;zayif;asagi;0,54;-2,83;0;19,11;0,47;42822376;25,14;SAT;NEGATIF;SAT;NEGATIF;AZALIYOR;SAT;AL;NOTR;1;02.10.2026
TARKM;izle;;12,7;5,4;6,2;1,1;10;0;zayif;30,4;32,2;24,4;asagi;zayif;zayif;asagi;0,77;-3,18;4;375;-0,40;44848500;450,87;SAT;NEGATIF;SAT;NEGATIF;AZALIYOR;AL;AL;NOTR;2;02.10.2026
BTCIM;izle;;12,6;2,4;4,0;6,2;0;0;zayif;69,9;22,2;18,8;asagi;zayif;zayif;asagi;1,07;-6,80;2;2,11;9,90;516825248;2,66;SAT;NEGATIF;SAT;NEGATIF;AZALIYOR;AL;AL;UCUZ (AL);2;02.10.2026
DERHL;izle;;12,6;2,4;6,1;4,0;0;0;zayif;30,8;32,2;38,0;asagi;zayif;zayif;asagi;0,53;-3,73;2;1,64;0,61;12603049;1,85;SAT;NEGATIF;SAT;NEGATIF;AZALIYOR;AL;AL;UCUZ (AL);2;02.10.2026
SAYAS;izle;;12,6;5,4;7,1;0,0;0;0;zayif;31,7;35,4;29,2;asagi;zayif;zayif;asagi;0,64;-2,68;1;42,72;1,81;41860516;47,70;SAT;NEGATIF;SAT;NEGATIF;AZALIYOR;AL;AL;NOTR;2;02.10.2026
INTEM;izle;;12,6;2,4;6,1;4,0;0;0;zayif;35,3;32,1;26,7;asagi;zayif;zayif;asagi;0,68;-3,38;1;200,1;0,55;6391394;226,23;SAT;NEGATIF;SAT;NEGATIF;AZALIYOR;AL;AL;NOTR;2;02.10.2026
RAYSG;izle;;12,6;2,4;10,1;0,0;0;0;zayif;32,7;39,6;27,6;asagi;zayif;zayif;asagi;0,61;-2,95;2;132,2;1,77;10407048;141,98;SAT;NEGATIF;SAT;NEGATIF;AZALIYOR;AL;AL;UCUZ (AL);2;02.10.2026
AKYHO;izle;;12,5;2,4;5,8;4,3;0;0;zayif;38,6;31,0;41,8;asagi;zayif;zayif;asagi;0,96;-3,72;2;1,58;-5,95;2643988;1,92;SAT;NEGATIF;SAT;NEGATIF;ARTIYOR;AL;AL;UCUZ (AL);2;02.10.2026
DERIM;izle;;12,5;2,1;6,4;4,0;0;0;zayif;27,7;33,0;37,1;asagi;zayif;zayif;asagi;0,62;-3,38;2;27,8;1,68;5420361;30,83;SAT;NEGATIF;SAT;NEGATIF;AZALIYOR;AL;AL;UCUZ (AL);2;02.10.2026
TSGYO;izle;;12,5;2,4;10,1;0,0;6;0;zayif;33,1;37,0;14,0;asagi;zayif;zayif;asagi;0,32;-3,35;3;4,96;0,81;2264245;5,32;SAT;NEGATIF;SAT;NEGATIF;AZALIYOR;AL;AL;UCUZ (AL);2;02.10.2026
ADGYO;izle;;12,4;5,3;7,1;0,0;0;0;zayif;28,5;35,3;28,4;asagi;zayif;zayif;asagi;0,42;-2,34;2;45,86;-1,55;26602973;57,00;SAT;NEGATIF;SAT;NEGATIF;AZALIYOR;SAT;AL;NOTR;1;02.10.2026
PAPIL;izle;;12,3;2,4;5,4;4,5;10;0;zayif;39,4;29,6;23,2;asagi;zayif;zayif;asagi;0,97;-4,70;4;8,11;-0,12;47929995;9,41;SAT;NEGATIF;SAT;NEGATIF;AZALIYOR;AL;AL;UCUZ (AL);2;02.10.2026
GENIL;izle;;12,3;2,4;4,0;5,8;40;5;zayif;45,7;21,6;4,8;asagi;zayif;zayif;asagi;1,05;-5,54;1;5,3;-4,50;320342097;7,55;SAT;NEGATIF;SAT;NEGATIF;AZALIYOR;SAT;SAT;UCUZ (AL);0;02.10.2026
OSMEN;izle;;12,2;2,4;5,8;4,0;0;0;zayif;44,2;30,9;17,8;asagi;zayif;zayif;asagi;0,57;-4,47;2;5,31;1,14;7775306;5,86;SAT;NEGATIF;SAT;NEGATIF;AZALIYOR;AL;AL;UCUZ (AL);2;02.10.2026
DENGE;izle;;12,2;2,2;6,0;4,0;0;0;zayif;28,1;31,7;25,7;asagi;zayif;zayif;asagi;0,28;-3,64;2;1,8;-1,10;11138816;2,02;SAT;NEGATIF;SAT;NEGATIF;AZALIYOR;AL;AL;UCUZ (AL);2;02.10.2026
EKOS;izle;;12,1;2,4;5,1;4,6;6;0;zayif;45,1;28,6;32,6;asagi;zayif;zayif;asagi;0,97;-5,43;3;3,53;1,73;27603862;3,99;SAT;NEGATIF;SAT;NEGATIF;AZALIYOR;AL;AL;UCUZ (AL);2;02.10.2026
KENT;izle;;12,1;2,4;9,3;0,3;0;0;zayif;41,4;38,6;17,3;asagi;zayif;zayif;asagi;0,72;-3,52;2;295,5;-0,17;958011;304,04;SAT;NEGATIF;SAT;NEGATIF;AZALIYOR;AL;AL;UCUZ (AL);2;02.10.2026
ADESE;izle;;12,0;2,4;5,6;4,0;6;0;zayif;41,1;30,2;12,8;asagi;zayif;zayif;asagi;0,44;-4,18;3;0,66;1,54;38252577;0,74;SAT;NEGATIF;SAT;NEGATIF;AZALIYOR;AL;AL;UCUZ (AL);2;02.10.2026
PRDGS;izle;;12,0;2,4;4,0;5,6;0;0;zayif;47,1;23,3;13,6;asagi;zayif;zayif;asagi;0,79;-5,85;0;3,96;-2,46;14562591;4,91;SAT;NEGATIF;SAT;NEGATIF;AZALIYOR;AL;AL;UCUZ (AL);2;02.10.2026
ANSGR;izle;;11,9;2,4;9,1;0,4;0;0;zayif;30,8;30,7;46,7;asagi;zayif;zayif;asagi;0,55;-3,33;1;23,98;-0,42;47324914;26,27;SAT;NEGATIF;SAT;NEGATIF;AZALIYOR;AL;AL;NOTR;2;02.10.2026
MTRYO;izle;;11,9;2,2;9,7;0,0;10;0;zayif;28,0;36,8;66,5;asagi;zayif;zayif;asagi;0,57;-1,99;4;7,67;-2,29;1218939;9,34;SAT;NEGATIF;SAT;NEGATIF;AZALIYOR;SAT;AL;UCUZ (AL);1;02.10.2026
AVHOL;izle;;11,8;2,4;4,7;4,7;10;0;zayif;47,6;27,3;12,7;asagi;zayif;zayif;asagi;0,98;-4,33;4;25,92;-2,92;35625511;29,81;SAT;NEGATIF;SAT;NEGATIF;AZALIYOR;AL;AL;UCUZ (AL);2;02.10.2026
IHEVA;izle;;11,8;2,3;9,5;0,0;0;0;zayif;28,6;37,1;20,5;asagi;zayif;zayif;asagi;0,59;-2,48;2;1,66;-0,60;1786724;1,86;SAT;NEGATIF;SAT;NEGATIF;AZALIYOR;AL;AL;UCUZ (AL);2;02.10.2026
GARFA;izle;;11,7;2,4;8,1;1,2;40;4;zayif;34,0;33,5;33,9;asagi;zayif;zayif;asagi;0,77;-3,67;1;22,46;-2,09;14752020;25,09;SAT;NEGATIF;SAT;NEGATIF;AZALIYOR;AL;AL;UCUZ (AL);2;02.10.2026
IMASM;izle;;11,7;2,4;5,2;4,0;6;0;zayif;30,4;29,1;33,3;asagi;zayif;zayif;asagi;0,62;-5,43;3;1,63;1,87;21622980;1,81;SAT;NEGATIF;SAT;NEGATIF;ARTIYOR;AL;AL;UCUZ (AL);2;02.10.2026
ODAS;izle;;11,6;5,0;6,6;0,0;46;4;zayif;26,8;33,7;39,3;asagi;zayif;zayif;asagi;0,52;-2,99;3;6,08;0,83;203500287;7,03;SAT;NEGATIF;SAT;NEGATIF;AZALIYOR;SAT;AL;NOTR;1;02.10.2026
SARKY;izle;;11,6;1,8;9,8;0,0;0;0;zayif;25,3;39,0;37,1;asagi;zayif;zayif;asagi;0,40;-2,77;2;20,8;-1,98;41084784;22,93;SAT;NEGATIF;SAT;NEGATIF;AZALIYOR;AL;AL;NOTR;2;02.10.2026
LKMNH;izle;;11,5;2,4;9,1;0,0;16;1;zayif;41,5;36,7;29,8;asagi;zayif;zayif;asagi;0,60;-3,01;3;11,44;-1,80;19645500;13,17;SAT;NEGATIF;SAT;NEGATIF;AZALIYOR;AL;AL;UCUZ (AL);2;02.10.2026
ECOGR;izle;;11,5;4,9;6,5;0,0;16;1;zayif;26,3;33,4;7,8;asagi;zayif;zayif;asagi;0,47;-3,25;3;26,76;8,25;64921713;32,34;SAT;NEGATIF;SAT;NEGATIF;AZALIYOR;SAT;AL;NOTR;1;02.10.2026
YKSLN;izle;;11,5;2,4;6,2;2,8;0;0;zayif;29,8;32,3;14,1;asagi;zayif;zayif;asagi;0,87;-3,66;2;2,08;0,00;45596156;2,90;SAT;NEGATIF;SAT;NEGATIF;AZALIYOR;SAT;AL;UCUZ (AL);1;02.10.2026
VBTYZ;izle;;11,4;5,4;6,0;0,0;40;4;zayif;36,7;31,5;25,2;asagi;zayif;zayif;asagi;0,68;-3,20;2;24,64;-2,53;26369013;30,01;SAT;NEGATIF;SAT;NEGATIF;AZALIYOR;SAT;AL;NOTR;1;02.10.2026
ERBOS;izle;;11,3;2,4;4,9;4,0;0;0;zayif;41,2;27,9;5,2;asagi;zayif;zayif;asagi;0,18;-4,33;2;119,5;0,08;5247365;131,78;SAT;NEGATIF;SAT;NEGATIF;ARTIYOR;AL;AL;UCUZ (AL);2;02.10.2026
AHSGY;izle;;11,2;2,4;4,0;4,8;40;4;zayif;32,0;19,2;4,5;asagi;zayif;zayif;asagi;0,99;-6,50;2;6,83;-2,57;40420234;10,74;SAT;NEGATIF;SAT;NEGATIF;AZALIYOR;SAT;SAT;UCUZ (AL);0;02.10.2026
ONRYT;izle;;11,2;2,4;4,7;4,0;0;0;zayif;40,8;27,3;15,4;asagi;zayif;zayif;asagi;0,46;-4,68;2;9,97;1,12;16719102;11,68;SAT;NEGATIF;SAT;NEGATIF;AZALIYOR;AL;AL;UCUZ (AL);2;02.10.2026
HATSN;izle;;11,0;5,4;5,5;0,0;0;0;zayif;30,7;30,1;28,8;asagi;zayif;zayif;asagi;0,51;-4,54;1;32,36;3,06;88388751;43,52;SAT;NEGATIF;SAT;NEGATIF;AZALIYOR;AL;AL;NOTR;2;02.10.2026
IZMDC;izle;;11,0;5,4;5,5;0,0;10;0;zayif;40,9;30,0;23,5;asagi;zayif;zayif;asagi;0,43;-4,62;4;6,75;0,90;30972814;8,32;SAT;NEGATIF;SAT;NEGATIF;AZALIYOR;AL;AL;NOTR;2;02.10.2026
ATLAS;izle;;10,9;1,4;8,8;0,8;28;2;zayif;21,9;41,0;34,3;asagi;zayif;zayif;asagi;0,75;-2,29;3;5,17;8,61;4983559;6,03;SAT;NEGATIF;SAT;NEGATIF;ARTIYOR;AL;AL;NOTR;2;02.10.2026
IHYAY;izle;;10,9;1,6;9,4;0,0;0;0;zayif;23,7;38,2;20,1;asagi;zayif;zayif;asagi;0,50;-2,96;2;1,04;0,00;1804066;1,20;SAT;NEGATIF;SAT;NEGATIF;AZALIYOR;AL;AL;UCUZ (AL);2;02.10.2026
CWENE;izle;;10,8;2,4;5,7;2,7;0;0;zayif;35,5;30,5;30,9;asagi;zayif;zayif;asagi;0,86;-5,27;1;20,08;2,45;594662835;24,81;SAT;NEGATIF;SAT;NEGATIF;AZALIYOR;AL;AL;NOTR;2;02.10.2026
MNDRS;izle;;10,8;2,4;8,4;0,0;10;0;zayif;29,7;34,6;32,4;asagi;zayif;zayif;asagi;0,40;-3,31;5;9,27;-1,07;10351707;10,15;SAT;NEGATIF;SAT;NEGATIF;AZALIYOR;AL;AL;UCUZ (AL);2;02.10.2026
DESPC;izle;;10,7;2,4;7,1;1,1;0;0;zayif;36,2;35,2;29,2;asagi;zayif;zayif;asagi;0,77;-3,09;2;30,88;0,26;9908558;35,40;SAT;NEGATIF;SAT;NEGATIF;AZALIYOR;AL;AL;UCUZ (AL);2;02.10.2026
BIOEN;izle;;10,6;2,4;4,2;4,0;0;0;zayif;39,1;25,6;32,3;asagi;zayif;zayif;asagi;0,49;-4,50;1;10,57;-4,60;56191114;13,58;SAT;NEGATIF;SAT;NEGATIF;AZALIYOR;AL;AL;UCUZ (AL);2;02.10.2026
GIPTA;izle;;10,6;2,4;4,0;4,2;0;0;zayif;39,2;21,9;18,4;asagi;zayif;zayif;asagi;0,71;-6,29;0;29,02;1,68;88668317;41,62;SAT;NEGATIF;SAT;NEGATIF;AZALIYOR;AL;SAT;UCUZ (AL);1;02.10.2026
AZTEK;izle;;10,6;2,4;8,2;0,0;10;1;zayif;34,5;38,9;52,5;asagi;zayif;zayif;asagi;0,42;-2,37;2;3,21;-1,23;11568147;4,03;SAT;NEGATIF;SAT;NEGATIF;AZALIYOR;SAT;AL;NOTR;1;02.10.2026
ALCTL;izle;;10,5;2,4;8,1;0,0;10;0;zayif;62,8;25,3;27,4;asagi;zayif;zayif;asagi;0,51;-5,71;4;85,2;-0,64;15665724;99,61;AL;NEGATIF;SAT;NEGATIF;AZALIYOR;AL;AL;NOTR;3;02.10.2026
CATES;izle;;10,5;5,4;5,0;0,0;0;0;zayif;47,0;28,5;19,4;asagi;zayif;zayif;asagi;0,56;-4,34;1;32,2;2,48;47316097;41,78;SAT;NEGATIF;SAT;NEGATIF;AZALIYOR;AL;AL;NOTR;2;02.10.2026
BIENY;izle;;10,5;2,4;4,0;4,0;10;0;zayif;39,4;24,6;23,6;asagi;zayif;zayif;asagi;0,94;-5,13;4;14,83;-1,72;21387559;17,61;SAT;NEGATIF;SAT;NEGATIF;AZALIYOR;AL;AL;UCUZ (AL);2;02.10.2026
BEYAZ;izle;;10,5;2,0;6,5;2,0;6;0;zayif;26,5;33,3;39,6;asagi;zayif;zayif;asagi;0,82;-3,96;3;17,41;4,38;15273445;19,46;SAT;NEGATIF;SAT;NEGATIF;AZALIYOR;AL;AL;UCUZ (AL);2;02.10.2026
ALTNY;izle;;10,5;2,4;8,0;0,0;0;0;zayif;30,4;38,3;28,9;asagi;zayif;zayif;asagi;0,68;-2,65;2;13,16;-2,88;229601099;14,55;SAT;NEGATIF;SAT;NEGATIF;AZALIYOR;AL;AL;NOTR;2;02.10.2026
EUKYO;izle;;10,5;6,4;4,0;0,0;40;4;zayif;41,0;25,1;33,5;asagi;zayif;zayif;asagi;0,34;-3,02;0;9,45;-1,05;2512831;12,05;SAT;NEGATIF;SAT;NEGATIF;AZALIYOR;SAT;AL;NOTR;1;02.10.2026
BORLS;izle;;10,4;2,4;8,0;0,0;6;0;zayif;59,3;21,2;10,4;asagi;zayif;zayif;asagi;0,55;-7,78;3;1,73;9,49;32194624;2,18;AL;NEGATIF;SAT;NEGATIF;AZALIYOR;AL;AL;NOTR;3;02.10.2026
A1CAP;izle;;10,4;2,4;4,0;4,0;0;0;zayif;60,1;21,9;47,0;asagi;zayif;zayif;asagi;0,67;-6,78;1;4,35;0,93;29278841;5,42;SAT;NEGATIF;SAT;NEGATIF;AZALIYOR;AL;AL;UCUZ (AL);2;02.10.2026
SURGY;izle;;10,4;2,4;8,0;0,0;10;0;zayif;47,2;17,5;15,3;asagi;zayif;zayif;asagi;0,60;-9,64;4;20,92;2,15;27695716;24,45;AL;NEGATIF;SAT;NEGATIF;AZALIYOR;AL;AL;UCUZ (AL);3;02.10.2026
AKSUE;izle;;10,4;2,4;8,0;0,0;0;0;zayif;57,2;23,1;10,8;asagi;zayif;zayif;asagi;0,48;-7,09;2;15,08;-4,25;21691751;20,85;AL;NEGATIF;SAT;NEGATIF;AZALIYOR;AL;AL;UCUZ (AL);3;02.10.2026
DCTTR;izle;;10,4;2,4;8,0;0,0;0;0;zayif;53,1;21,8;16,5;asagi;zayif;zayif;asagi;0,57;-8,41;2;3,47;1,17;20710400;4,28;AL;NEGATIF;SAT;NEGATIF;AZALIYOR;AL;AL;UCUZ (AL);3;02.10.2026
MOPAS;izle;;10,4;2,4;4,0;4,0;6;0;zayif;55,9;22,9;13,7;asagi;zayif;zayif;asagi;0,55;-6,07;3;19,37;1,52;18840327;21,58;SAT;NEGATIF;SAT;NEGATIF;AZALIYOR;AL;AL;UCUZ (AL);2;02.10.2026
BYDNR;izle;;10,4;2,4;4,0;4,0;0;0;zayif;46,4;17,9;14,0;asagi;zayif;zayif;asagi;0,53;-6,12;1;20,44;1,09;7310019;25,93;SAT;NEGATIF;SAT;NEGATIF;AZALIYOR;AL;AL;UCUZ (AL);2;02.10.2026
ALVES;izle;;10,4;2,4;8,0;0,0;0;0;zayif;57,4;11,6;13,5;asagi;zayif;zayif;asagi;0,60;-13,89;2;0,51;-3,77;7699717;0,65;AL;NEGATIF;SAT;NEGATIF;AZALIYOR;AL;SAT;UCUZ (AL);2;02.10.2026
VESBE;izle;;10,3;2,4;4,2;3,6;10;0;zayif;29,7;25,8;30,5;asagi;zayif;zayif;asagi;0,92;-4,72;6;4;-4,53;78803704;4,89;SAT;NEGATIF;SAT;NEGATIF;AZALIYOR;SAT;AL;UCUZ (AL);1;02.10.2026
KONTR;izle;;10,2;2,4;7,1;0,7;0;0;zayif;50,9;35,2;21,6;asagi;zayif;zayif;asagi;0,74;-7,08;0;2,34;6,36;9421228;2,49;SAT;NEGATIF;SAT;NEGATIF;AZALIYOR;AL;AL;UCUZ (AL);2;02.10.2026
IDGYO;izle;;10,2;2,4;5,8;1,9;6;0;zayif;42,6;30,9;36,7;asagi;zayif;zayif;asagi;0,82;-4,57;3;2,12;-0,47;2517799;2,61;SAT;NEGATIF;SAT;NEGATIF;AZALIYOR;AL;AL;UCUZ (AL);2;02.10.2026
AYCES;izle;;10,1;0,7;8,0;1,4;0;0;zayif;17,3;38,2;32,7;asagi;zayif;zayif;asagi;0,78;-3,45;2;371,25;3,13;21253691;403,41;SAT;NEGATIF;NOTR;NEGATIF;AZALIYOR;AL;AL;NOTR;2;02.10.2026
CGCAM;izle;;10,1;2,4;4,9;2,7;6;0;zayif;55,2;28,1;26,4;asagi;zayif;zayif;asagi;0,86;-5,94;3;21,4;4,80;43809802;24,42;SAT;NEGATIF;SAT;NEGATIF;AZALIYOR;AL;AL;UCUZ (AL);2;02.10.2026
OYYAT;izle;;10,1;1,4;6,8;1,9;0;0;zayif;21,9;34,4;56,1;asagi;zayif;zayif;asagi;0,81;-2,93;0;28,26;-0,14;22501290;32,28;SAT;NEGATIF;SAT;POZITIF;ARTIYOR;AL;AL;UCUZ (AL);3;02.10.2026
KUTPO;izle;;10,0;2,3;7,6;0,0;10;0;zayif;29,2;33,2;34,8;asagi;zayif;zayif;asagi;0,67;-3,52;5;67,25;-1,39;7909004;73,55;SAT;NEGATIF;SAT;NEGATIF;AZALIYOR;AL;AL;UCUZ (AL);2;02.10.2026
ENDAE;izle;;10,0;2,4;4,2;3,4;6;0;zayif;29,8;25,6;33,0;asagi;zayif;zayif;asagi;0,90;-3,19;3;13,25;1,77;36685182;15,55;SAT;NEGATIF;SAT;NEGATIF;AZALIYOR;SAT;AL;NOTR;1;02.10.2026
DITAS;izle;;10,0;2,4;4,3;3,3;0;0;zayif;47,4;25,8;43,0;asagi;zayif;zayif;asagi;0,90;-6,82;1;8,94;4,81;37818480;12,93;SAT;NEGATIF;SAT;NEGATIF;AZALIYOR;AL;AL;UCUZ (AL);2;02.10.2026
OZGYO;izle;;9,9;2,4;7,2;0,3;0;0;zayif;36,7;35,6;23,6;asagi;zayif;zayif;asagi;0,72;-3,29;2;1,66;0,61;13966710;1,81;SAT;NEGATIF;SAT;NEGATIF;AZALIYOR;AL;AL;NOTR;2;02.10.2026
PNLSN;izle;;9,9;2,4;7,5;0,0;6;0;zayif;38,6;36,5;20,1;asagi;zayif;zayif;asagi;0,53;-3,27;3;34,02;2,16;9152094;36,31;SAT;NEGATIF;SAT;NEGATIF;AZALIYOR;AL;AL;NOTR;2;02.10.2026
KLSER;izle;;9,8;2,4;5,8;1,6;6;0;zayif;37,6;31,0;17,9;asagi;zayif;zayif;asagi;0,79;-5,21;3;19,14;-1,59;14338329;20,77;SAT;NEGATIF;SAT;NEGATIF;AZALIYOR;AL;AL;UCUZ (AL);2;02.10.2026
DGATE;izle;;9,8;2,4;7,0;0,4;0;0;zayif;39,1;34,9;36,1;asagi;zayif;zayif;asagi;0,72;-3,72;0;65,05;7,17;17304731;75,08;SAT;NEGATIF;SAT;NEGATIF;AZALIYOR;AL;AL;NOTR;2;02.10.2026
BOSSA;izle;;9,8;0,9;8,9;0,0;10;0;zayif;18,4;35,1;69,1;asagi;guclu;zayif;asagi;0,25;-2,03;4;5,88;-2,65;5324799;6,74;SAT;NEGATIF;NOTR;NEGATIF;ARTIYOR;SAT;AL;NOTR;1;02.10.2026
IHLAS;izle;;9,6;1,6;8,0;0,0;28;2;zayif;23,7;36,4;10,1;asagi;zayif;zayif;asagi;0,43;-3,25;3;0,88;-1,12;51461032;1,01;SAT;NEGATIF;SAT;NEGATIF;AZALIYOR;SAT;AL;UCUZ (AL);1;02.10.2026
MARTI;izle;;9,5;2,4;7,1;0,0;0;0;zayif;37,5;35,2;21,7;asagi;zayif;zayif;asagi;0,40;-3,22;0;1,17;9,35;62082889;1,57;SAT;NEGATIF;SAT;NEGATIF;AZALIYOR;SAT;AL;NOTR;1;02.10.2026
TRILC;izle;;9,5;2,4;4,0;3,1;6;0;zayif;57,9;24,0;12,4;asagi;zayif;zayif;asagi;0,88;-9,50;3;0,77;4,05;2269165;0,83;SAT;NEGATIF;SAT;NEGATIF;AZALIYOR;SAT;AL;UCUZ (AL);1;02.10.2026
ERCB;izle;;9,5;2,4;7,0;0,0;0;0;zayif;32,7;35,1;38,2;asagi;zayif;zayif;asagi;0,48;-3,80;1;36,36;0,89;14728236;40,55;SAT;NEGATIF;SAT;NEGATIF;AZALIYOR;AL;AL;UCUZ (AL);2;02.10.2026
QNBTR;izle;;9,5;2,4;5,6;1,5;0;0;zayif;65,1;27,3;28,4;asagi;zayif;zayif;asagi;0,79;-8,44;2;158,2;-0,25;1547987;166,42;SAT;NEGATIF;SAT;NEGATIF;AZALIYOR;AL;AL;UCUZ (AL);2;02.10.2026
PRZMA;izle;;9,4;5,4;4,0;0,0;0;0;zayif;42,1;17,4;0,0;asagi;zayif;zayif;asagi;0,04;-7,94;0;17,82;-10,00;301318;30,91;SAT;NEGATIF;SAT;NEGATIF;AZALIYOR;AL;SAT;NOTR;1;02.10.2026
RNPOL;izle;;9,4;2,4;7,0;0,0;0;0;zayif;39,5;35,0;18,2;asagi;zayif;zayif;asagi;0,47;-2,57;2;1,86;-0,53;2974421;2,24;SAT;NEGATIF;SAT;NEGATIF;AZALIYOR;SAT;AL;NOTR;1;02.10.2026
EDIP;izle;;9,4;1,1;8,0;0,3;40;5;zayif;19,9;36,6;39,0;asagi;zayif;zayif;asagi;0,72;-2,60;1;29,74;-0,87;17719449;33,43;SAT;NEGATIF;NOTR;NEGATIF;AZALIYOR;AL;AL;NOTR;2;02.10.2026
FADE;izle;;9,4;2,4;6,0;0,9;6;0;zayif;39,5;31,6;24,2;asagi;zayif;zayif;asagi;0,75;-4,18;3;11,75;-0,68;13133892;13,03;SAT;NEGATIF;SAT;NEGATIF;AZALIYOR;AL;AL;NOTR;2;02.10.2026
YYLGD;izle;;9,3;2,4;5,8;1,1;0;0;zayif;34,4;31,0;23,7;asagi;zayif;zayif;asagi;0,76;-4,84;1;7,56;3,14;36991836;8,36;SAT;NEGATIF;SAT;NEGATIF;AZALIYOR;AL;AL;UCUZ (AL);2;02.10.2026
CEMAS;izle;;9,3;2,4;6,9;0,0;6;0;zayif;29,8;34,7;24,2;asagi;zayif;zayif;asagi;0,68;-3,38;3;3,2;2,56;22344640;3,72;SAT;NEGATIF;SAT;NEGATIF;ARTIYOR;AL;AL;NOTR;2;02.10.2026
GOKNR;izle;;9,2;2,1;7,2;0,0;0;0;zayif;27,2;35,5;36,0;asagi;zayif;zayif;asagi;0,46;-3,82;1;15,03;-1,12;30669527;17,26;SAT;NEGATIF;SAT;NEGATIF;AZALIYOR;AL;AL;UCUZ (AL);2;02.10.2026
BULGS;izle;;9,2;2,4;4,0;2,8;0;0;zayif;64,8;12,5;22,6;asagi;zayif;zayif;asagi;0,87;-8,93;2;11,73;-3,69;65745195;17,41;SAT;NEGATIF;SAT;NEGATIF;AZALIYOR;AL;AL;UCUZ (AL);2;02.10.2026
PARSN;izle;;9,2;2,4;6,8;0,0;0;0;zayif;37,2;30,5;19,3;asagi;zayif;zayif;asagi;0,44;-4,11;2;60,1;1,61;6998164;65,53;SAT;NEGATIF;SAT;NEGATIF;AZALIYOR;AL;AL;UCUZ (AL);2;02.10.2026
YYAPI;izle;;9,2;2,4;4,0;2,7;10;0;zayif;67,8;24,5;12,3;asagi;zayif;zayif;asagi;0,86;-8,41;4;0,56;1,82;1809862;0,60;SAT;NEGATIF;SAT;NEGATIF;AZALIYOR;AL;AL;UCUZ (AL);2;02.10.2026
MAALT;izle;;9,1;1,2;8,0;0,0;40;5;zayif;20,7;32,9;55,5;asagi;zayif;zayif;asagi;0,55;-3,11;2;850,5;0,24;20592306;944,02;SAT;NEGATIF;SAT;NEGATIF;AZALIYOR;AL;AL;NOTR;2;02.10.2026
KIMMR;izle;;9,1;2,4;6,7;0,0;0;0;zayif;50,6;32,4;14,5;asagi;zayif;zayif;asagi;0,69;-4,21;1;11,15;2,11;7615718;12,10;SAT;NEGATIF;SAT;NEGATIF;AZALIYOR;AL;AL;NOTR;2;02.10.2026
GOODY;izle;;9,1;2,4;6,7;0,0;0;0;zayif;32,1;31,7;7,0;asagi;zayif;zayif;asagi;0,33;-3,44;2;2,18;-0,46;7501685;2,38;SAT;NEGATIF;SAT;NEGATIF;AZALIYOR;AL;AL;NOTR;2;02.10.2026
SUWEN;izle;;9,1;2,4;6,7;0,0;16;1;zayif;30,4;33,8;18,5;asagi;zayif;zayif;asagi;0,55;-2,62;3;5,09;3,46;11955107;6,21;SAT;NEGATIF;SAT;NEGATIF;AZALIYOR;AL;AL;UCUZ (AL);2;02.10.2026
EFOR;izle;;9,1;1,6;7,4;0,0;0;0;zayif;24,0;36,5;35,4;asagi;zayif;zayif;asagi;0,68;-2,34;2;14,07;-0,21;751435083;17,78;SAT;NEGATIF;SAT;NEGATIF;AZALIYOR;AL;AL;UCUZ (AL);2;02.10.2026
HEKTS;izle;;9,0;2,4;6,6;0,0;46;4;zayif;36,6;33,6;18,7;asagi;zayif;zayif;asagi;0,26;-4,13;3;2,16;-0,92;250570232;2,41;SAT;NEGATIF;SAT;NEGATIF;AZALIYOR;AL;AL;NOTR;2;02.10.2026
PENGD;izle;;9,0;2,4;4,0;2,6;10;0;zayif;44,4;22,5;16,2;asagi;zayif;zayif;asagi;0,85;-5,99;5;6,87;-2,83;17901956;7,72;SAT;NEGATIF;SAT;NEGATIF;AZALIYOR;AL;AL;NOTR;2;02.10.2026
TKNSA;izle;;8,9;2,4;6,5;0,0;6;0;zayif;33,2;33,3;24,7;asagi;zayif;zayif;asagi;0,36;-3,67;3;13,5;0,22;14731025;15,25;SAT;NEGATIF;SAT;NEGATIF;AZALIYOR;AL;AL;UCUZ (AL);2;02.10.2026
BVSAN;izle;;8,9;2,2;6,8;0,0;6;0;zayif;28,0;34,2;13,7;asagi;zayif;zayif;asagi;0,36;-3,84;3;76,6;2,20;45220810;91,80;SAT;NEGATIF;SAT;NEGATIF;AZALIYOR;AL;AL;NOTR;2;02.10.2026
ECZYT;izle;;8,7;2,4;6,3;0,0;0;0;zayif;39,6;32,6;56,0;asagi;zayif;zayif;asagi;0,41;-4,05;1;228,4;-1,25;54868304;260,96;SAT;NEGATIF;SAT;NEGATIF;AZALIYOR;AL;AL;NOTR;2;02.10.2026
SASA;izle;;8,7;2,0;6,8;0,0;6;0;zayif;26,3;34,2;11,1;asagi;zayif;zayif;asagi;0,33;-2,84;3;1,93;0,52;3207554699;2,30;SAT;NEGATIF;SAT;NEGATIF;AZALIYOR;SAT;AL;NOTR;1;02.10.2026
CUSAN;izle;;8,7;2,4;6,3;0,0;0;0;zayif;35,3;32,5;16,0;asagi;zayif;zayif;asagi;0,47;-3,21;2;18,84;0,00;5004526;21,54;SAT;NEGATIF;SAT;NEGATIF;AZALIYOR;AL;AL;NOTR;2;02.10.2026
ACSEL;izle;;8,7;2,4;6,2;0,0;0;0;zayif;44,1;32,4;21,2;asagi;zayif;zayif;asagi;0,54;-4,09;2;89;-1,11;6796040;99,82;SAT;NEGATIF;SAT;NEGATIF;AZALIYOR;AL;AL;NOTR;2;02.10.2026
GEDZA;izle;;8,7;2,4;6,2;0,0;6;0;zayif;41,6;32,4;16,6;asagi;zayif;zayif;asagi;0,38;-3,96;3;22,66;-0,61;2903335;24,40;SAT;NEGATIF;SAT;NEGATIF;AZALIYOR;AL;AL;NOTR;2;02.10.2026
BEGYO;izle;;8,6;2,4;6,2;0,0;6;0;zayif;31,9;32,3;43,4;asagi;zayif;zayif;asagi;0,66;-4,21;3;2,67;1,14;7003469;2,99;SAT;NEGATIF;SAT;NEGATIF;AZALIYOR;AL;AL;UCUZ (AL);2;02.10.2026
INGRM;izle;;8,6;1,3;7,4;0,0;0;0;zayif;21,4;34,6;38,9;asagi;zayif;zayif;asagi;0,35;-2,89;2;313,25;-1,88;6714514;351,80;SAT;NEGATIF;SAT;NEGATIF;AZALIYOR;AL;AL;UCUZ (AL);2;02.10.2026
TLMAN;izle;;8,6;2,3;5,3;1,0;10;0;zayif;29,0;29,3;23,1;asagi;zayif;zayif;asagi;0,76;-3,97;4;63,6;-0,24;6515629;70,16;SAT;NEGATIF;SAT;NEGATIF;AZALIYOR;AL;AL;UCUZ (AL);2;02.10.2026
ADEL;izle;;8,6;2,4;6,2;0,0;10;0;zayif;29,7;32,4;26,0;asagi;zayif;zayif;asagi;0,38;-3,37;4;24,98;-1,73;22624411;28,51;SAT;NEGATIF;SAT;NEGATIF;AZALIYOR;AL;AL;NOTR;2;02.10.2026
MERKO;izle;;8,6;2,4;6,1;0,0;0;0;zayif;51,1;32,1;26,4;asagi;zayif;zayif;asagi;0,50;-4,96;1;0,98;2,08;10213423;1,08;SAT;NEGATIF;SAT;NEGATIF;AZALIYOR;AL;AL;UCUZ (AL);2;02.10.2026
PLTUR;izle;;8,5;2,4;6,0;0,0;10;0;zayif;34,6;31,8;19,5;asagi;zayif;zayif;asagi;0,50;-4,21;4;15,56;0,26;13337410;17,27;SAT;NEGATIF;SAT;NEGATIF;AZALIYOR;AL;AL;UCUZ (AL);2;02.10.2026
KLMSN;izle;;8,5;2,4;4,8;1,3;6;0;zayif;39,3;27,5;22,7;asagi;zayif;zayif;asagi;0,78;-4,33;3;21,78;1,21;9882827;24,70;SAT;NEGATIF;SAT;NEGATIF;AZALIYOR;AL;AL;UCUZ (AL);2;02.10.2026
BIZIM;izle;;8,4;2,4;6,0;0,0;16;1;zayif;33,5;31,6;12,2;asagi;zayif;zayif;asagi;0,19;-3,91;3;19,6;0,20;1013124;21,85;SAT;NEGATIF;SAT;NEGATIF;AZALIYOR;AL;AL;UCUZ (AL);2;02.10.2026
AKGRT;izle;;8,4;2,4;6,0;0,0;0;0;zayif;47,9;29,2;28,3;asagi;zayif;zayif;asagi;0,39;-4,98;2;5,2;-0,57;24031561;5,63;SAT;NEGATIF;SAT;NEGATIF;AZALIYOR;AL;AL;UCUZ (AL);2;02.10.2026
AKENR;izle;;8,4;2,4;6,0;0,0;10;0;zayif;34,0;31,6;37,9;asagi;zayif;zayif;asagi;0,56;-3,75;5;8,16;-0,24;25766530;9,20;SAT;NEGATIF;SAT;NEGATIF;AZALIYOR;AL;AL;UCUZ (AL);2;02.10.2026
BRKO;izle;;8,4;2,4;5,9;0,0;0;0;zayif;34,4;31,4;15,1;asagi;zayif;zayif;asagi;0,36;-5,96;2;6,43;9,91;1573903;7,69;SAT;NEGATIF;SAT;NEGATIF;AZALIYOR;AL;AL;NOTR;2;02.10.2026
GENTS;izle;;8,3;2,4;5,0;0,9;0;0;zayif;37,2;28,3;20,0;asagi;zayif;zayif;asagi;0,75;-4,60;2;4,17;0,24;14335455;4,65;SAT;NEGATIF;SAT;NEGATIF;AZALIYOR;AL;AL;UCUZ (AL);2;02.10.2026
SMRVA;izle;;8,3;2,4;4,8;1,0;0;0;zayif;38,7;27,8;11,5;asagi;zayif;zayif;asagi;0,76;-5,62;2;7,18;5,12;36944094;8,23;SAT;NEGATIF;SAT;NEGATIF;AZALIYOR;AL;AL;UCUZ (AL);2;02.10.2026
FENER;izle;;8,2;2,4;5,8;0,0;6;0;zayif;34,4;30,9;20,4;asagi;zayif;zayif;asagi;0,66;-3,93;3;2,4;-0,41;156288238;2,62;SAT;NEGATIF;SAT;NEGATIF;AZALIYOR;AL;AL;NOTR;2;02.10.2026
CASA;izle;;8,2;2,4;5,8;0,0;0;0;zayif;43,6;30,9;15,1;asagi;zayif;zayif;asagi;0,60;-6,85;2;47,08;5,09;596645;47,93;SAT;NEGATIF;SAT;NEGATIF;AZALIYOR;AL;AL;UCUZ (AL);2;02.10.2026
NIBAS;izle;;8,2;2,1;6,1;0,0;38;3;zayif;27,3;32,1;33,8;asagi;zayif;zayif;asagi;0,43;-3,45;3;2,93;1,38;21116917;3,63;SAT;NEGATIF;SAT;NEGATIF;AZALIYOR;SAT;AL;NOTR;1;02.10.2026
NUGYO;izle;;8,2;2,4;5,7;0,0;10;0;zayif;41,5;30,6;15,6;asagi;zayif;zayif;asagi;0,65;-3,51;4;7,41;-1,20;7209982;8,22;SAT;NEGATIF;SAT;NEGATIF;AZALIYOR;AL;AL;UCUZ (AL);2;02.10.2026
PKENT;izle;;8,2;2,4;5,2;0,6;10;1;zayif;39,9;28,9;15,4;asagi;zayif;zayif;asagi;0,73;-4,77;2;96,8;0,62;8886240;104,22;SAT;NEGATIF;SAT;NEGATIF;AZALIYOR;AL;AL;UCUZ (AL);2;02.10.2026
ANGEN;izle;;8,2;0,6;7,6;0,0;46;4;zayif;16,4;36,9;10,1;asagi;zayif;zayif;asagi;0,25;-3,32;3;7,24;0,28;4716607;8,21;SAT;NEGATIF;NOTR;NEGATIF;AZALIYOR;AL;AL;UCUZ (AL);2;02.10.2026
BINHO;izle;;8,1;2,4;5,7;0,0;6;0;zayif;36,3;30,6;42,5;asagi;zayif;zayif;asagi;0,57;-4,19;3;6,15;-1,13;109379257;7,82;SAT;NEGATIF;SAT;NEGATIF;AZALIYOR;AL;AL;UCUZ (AL);2;02.10.2026
NATEN;izle;;8,1;2,4;5,7;0,0;6;0;zayif;39,5;30,6;18,8;asagi;zayif;zayif;asagi;0,43;-4,95;3;4,09;0,74;12015442;4,52;SAT;NEGATIF;SAT;NEGATIF;AZALIYOR;AL;AL;UCUZ (AL);2;02.10.2026
SELVA;izle;;8,0;2,4;5,6;0,0;0;0;zayif;40,5;30,3;19,9;asagi;zayif;zayif;asagi;0,60;-5,26;2;1,2;0,00;11938544;1,30;SAT;NEGATIF;SAT;NEGATIF;AZALIYOR;AL;AL;UCUZ (AL);2;02.10.2026
TSPOR;izle;;8,0;2,4;5,6;0,0;10;0;zayif;36,9;30,2;13,2;asagi;zayif;zayif;asagi;0,47;-3,37;4;0,81;-2,41;99030419;0,95;SAT;NEGATIF;SAT;NEGATIF;AZALIYOR;SAT;AL;UCUZ (AL);1;02.10.2026
EMKEL;izle;;8,0;2,4;4,0;1,5;0;0;zayif;69,1;12,0;16,4;asagi;zayif;zayif;asagi;0,79;-9,47;2;7,89;-0,25;20448860;9,39;SAT;NEGATIF;SAT;NEGATIF;AZALIYOR;AL;AL;UCUZ (AL);2;02.10.2026
INVEO;izle;;7,9;2,1;5,8;0,0;0;0;zayif;27,4;31,1;45,9;asagi;zayif;zayif;asagi;0,56;-3,72;2;5,6;-1,58;18349901;6,45;SAT;NEGATIF;SAT;NEGATIF;AZALIYOR;AL;AL;UCUZ (AL);2;02.10.2026
QUAGR;izle;;7,9;2,4;5,5;0,0;0;0;zayif;36,9;29,9;16,9;asagi;zayif;zayif;asagi;0,59;-5,13;2;2,04;2,00;50476987;2,44;SAT;NEGATIF;SAT;NEGATIF;AZALIYOR;AL;AL;NOTR;2;02.10.2026
SAMAT;izle;;7,9;2,4;5,4;0,0;6;0;zayif;45,0;29,8;24,2;asagi;zayif;zayif;asagi;0,41;-3,86;3;3,9;1,56;1523902;4,66;SAT;NEGATIF;SAT;NEGATIF;AZALIYOR;AL;AL;UCUZ (AL);2;02.10.2026
AVOD;izle;;7,8;2,4;5,4;0,0;0;0;zayif;33,4;29,6;24,4;asagi;zayif;zayif;asagi;0,43;-3,60;2;3,02;-0,98;12215459;3,56;SAT;NEGATIF;SAT;NEGATIF;AZALIYOR;SAT;AL;NOTR;1;02.10.2026
CMBTN;izle;;7,8;2,0;5,8;0,0;0;0;zayif;26,9;30,9;19,2;asagi;zayif;zayif;asagi;0,32;-3,29;2;1251;1,13;9282420;1449,73;SAT;NEGATIF;SAT;NEGATIF;AZALIYOR;AL;AL;UCUZ (AL);2;02.10.2026
SOKE;izle;;7,8;2,4;4,0;1,4;10;0;zayif;59,1;16,0;11,2;asagi;zayif;zayif;asagi;0,78;-8,73;5;6,42;3,22;18515883;7,84;SAT;NEGATIF;SAT;NEGATIF;AZALIYOR;AL;AL;UCUZ (AL);2;02.10.2026
CONSE;izle;;7,8;2,4;5,3;0,0;16;1;zayif;39,5;29,5;6,6;asagi;zayif;zayif;asagi;0,37;-4,53;3;1,71;0,59;6796703;1,88;SAT;NEGATIF;SAT;NEGATIF;AZALIYOR;AL;AL;UCUZ (AL);2;02.10.2026
DYOBY;izle;;7,8;2,4;5,3;0,0;46;5;zayif;40,2;29,5;19,9;asagi;zayif;zayif;asagi;0,52;-4,29;3;10,53;-0,19;6775107;11,60;SAT;NEGATIF;SAT;NEGATIF;AZALIYOR;AL;AL;NOTR;2;02.10.2026
PAHOL;izle;;7,8;2,4;5,3;0,0;10;0;zayif;43,8;29,4;22,3;asagi;zayif;zayif;asagi;0,53;-4,79;4;0,92;3,37;141130282;1,03;SAT;NEGATIF;SAT;NEGATIF;AZALIYOR;AL;AL;UCUZ (AL);2;02.10.2026
GRNYO;izle;;7,7;2,4;5,3;0,0;0;0;zayif;39,7;29,2;28,2;asagi;zayif;zayif;asagi;0,50;-5,56;2;7,63;-2,80;2458546;9,34;SAT;NEGATIF;SAT;NEGATIF;AZALIYOR;AL;AL;UCUZ (AL);2;02.10.2026
IHLGM;izle;;7,7;2,4;5,3;0,0;20;1;zayif;30,1;29,2;6,3;asagi;zayif;zayif;asagi;0,21;-4,50;4;1,2;-0,83;7871864;1,37;SAT;NEGATIF;SAT;NEGATIF;AZALIYOR;AL;AL;UCUZ (AL);2;02.10.2026
EUREN;izle;;7,7;2,4;5,2;0,0;32;2;zayif;41,4;29,1;20,9;asagi;zayif;zayif;asagi;0,68;-5,19;4;2,9;-0,68;47275806;3,25;SAT;NEGATIF;SAT;NEGATIF;AZALIYOR;AL;AL;UCUZ (AL);2;02.10.2026
MNDTR;izle;;7,7;2,4;5,2;0,0;0;0;zayif;42,6;29,0;13,8;asagi;zayif;zayif;asagi;0,56;-4,11;2;4,08;0,49;3523386;4,57;SAT;NEGATIF;SAT;NEGATIF;AZALIYOR;AL;AL;UCUZ (AL);2;02.10.2026
FORMT;izle;;7,6;2,4;4,0;1,2;10;0;zayif;65,8;22,9;12,8;asagi;zayif;zayif;asagi;0,77;-7,52;5;0,99;-1,98;17416764;1,13;SAT;NEGATIF;SAT;NEGATIF;AZALIYOR;AL;AL;UCUZ (AL);2;02.10.2026
GLRYH;izle;;7,6;2,4;4,7;0,4;0;0;zayif;43,5;27,4;6,9;asagi;zayif;zayif;asagi;0,73;-5,11;2;1,83;1,67;13746038;2,18;SAT;NEGATIF;SAT;NEGATIF;AZALIYOR;AL;AL;UCUZ (AL);2;02.10.2026
VAKFN;izle;;7,6;2,4;5,1;0,0;10;0;zayif;56,9;28,7;11,7;asagi;zayif;zayif;asagi;0,24;-4,35;5;0,95;0,00;14674434;1,04;SAT;NEGATIF;SAT;NEGATIF;AZALIYOR;AL;AL;UCUZ (AL);2;02.10.2026
SILVR;izle;;7,5;2,4;5,1;0,0;6;0;zayif;46,8;28,5;8,7;asagi;zayif;zayif;asagi;0,32;-3,67;3;1,69;3,05;948465;1,92;SAT;NEGATIF;SAT;NEGATIF;AZALIYOR;AL;AL;UCUZ (AL);2;02.10.2026
OSTIM;izle;;7,5;1,9;5,6;0,0;0;0;zayif;25,8;30,4;19,6;asagi;zayif;zayif;asagi;0,44;-4,27;2;1,23;-1,60;6649790;1,40;SAT;NEGATIF;SAT;NEGATIF;AZALIYOR;AL;AL;UCUZ (AL);2;02.10.2026
POLTK;izle;;7,5;2,4;5,0;0,0;0;0;zayif;31,7;28,4;29,1;asagi;zayif;zayif;asagi;0,61;-4,66;2;3020;3,34;19768920;3426,56;SAT;NEGATIF;SAT;NEGATIF;AZALIYOR;AL;AL;UCUZ (AL);2;02.10.2026
ALKA;izle;;7,5;2,4;5,0;0,0;10;0;zayif;36,3;28,4;19,6;asagi;zayif;zayif;asagi;0,58;-4,84;4;6,21;-0,64;8396510;6,90;SAT;NEGATIF;SAT;NEGATIF;AZALIYOR;AL;AL;UCUZ (AL);2;02.10.2026
LILAK;izle;;7,5;1,7;5,8;0,0;0;0;zayif;24,3;30,0;44,8;asagi;zayif;zayif;asagi;0,40;-4,02;2;23,84;-0,50;31927267;26,71;SAT;NEGATIF;SAT;NEGATIF;AZALIYOR;AL;AL;UCUZ (AL);2;02.10.2026
GLCVY;izle;;7,4;2,4;5,0;0,0;10;0;zayif;33,1;28,3;8,0;asagi;zayif;zayif;asagi;0,66;-4,01;6;40,98;-0,24;17807695;47,05;SAT;NEGATIF;SAT;NEGATIF;AZALIYOR;AL;AL;UCUZ (AL);2;02.10.2026
SUMAS;izle;;7,4;2,4;4,0;0,9;0;0;zayif;45,0;25,0;30,6;asagi;zayif;zayif;asagi;0,76;-7,62;2;200;0,00;436200;222,31;SAT;NEGATIF;SAT;NEGATIF;AZALIYOR;AL;AL;NOTR;2;02.10.2026
FZLGY;izle;;7,4;2,4;4,0;0,9;0;0;zayif;39,1;23,8;22,7;asagi;zayif;zayif;asagi;0,76;-5,82;2;5,3;3,72;82177767;6,98;SAT;NEGATIF;SAT;NEGATIF;AZALIYOR;AL;AL;UCUZ (AL);2;02.10.2026
MAKTK;izle;;7,4;2,4;4,9;0,0;10;0;zayif;41,7;28,1;21,8;asagi;zayif;zayif;asagi;0,51;-5,05;4;6,76;0,90;7876144;7,77;SAT;NEGATIF;SAT;NEGATIF;AZALIYOR;AL;AL;UCUZ (AL);2;02.10.2026
ULUUN;izle;;7,3;2,4;4,8;0,0;6;0;zayif;41,0;27,7;21,7;asagi;zayif;zayif;asagi;0,43;-4,66;3;6,01;-0,83;18774561;6,92;SAT;NEGATIF;SAT;NEGATIF;AZALIYOR;AL;AL;NOTR;2;02.10.2026
YIGIT;izle;;7,2;2,4;4,8;0,0;0;0;zayif;38,5;27,5;23,5;asagi;zayif;zayif;asagi;0,53;-4,74;2;16,79;0,18;25077997;18,91;SAT;NEGATIF;SAT;NEGATIF;AZALIYOR;SAT;AL;UCUZ (AL);1;02.10.2026
ESEN;izle;;7,2;2,4;4,7;0,0;46;4;zayif;40,6;27,5;9,1;asagi;zayif;zayif;asagi;0,51;-4,92;3;2,59;-0,77;35598638;2,93;SAT;NEGATIF;SAT;NEGATIF;AZALIYOR;AL;AL;UCUZ (AL);2;02.10.2026
AGROT;izle;;7,1;2,4;4,3;0,3;6;0;zayif;30,3;26,1;36,1;asagi;zayif;zayif;asagi;0,72;-6,38;3;1,4;3,70;35059814;1,55;SAT;NEGATIF;SAT;NEGATIF;AZALIYOR;AL;AL;UCUZ (AL);2;02.10.2026
MRSHL;izle;;7,1;0,8;6,2;0,0;10;0;zayif;18,1;32,5;20,5;asagi;zayif;zayif;asagi;0,52;-2,66;4;1332;0,00;27469836;1625,68;SAT;NEGATIF;NOTR;NEGATIF;AZALIYOR;SAT;AL;NOTR;1;02.10.2026
ELITE;izle;;7,1;2,4;4,6;0,0;0;0;zayif;50,1;27,0;18,9;asagi;zayif;zayif;asagi;0,37;-5,62;2;20,02;-0,50;7868521;22,36;SAT;NEGATIF;SAT;NEGATIF;AZALIYOR;AL;AL;UCUZ (AL);2;02.10.2026
MZHLD;izle;;7,0;1,9;5,1;0,0;28;2;zayif;25,9;28,8;3,3;asagi;zayif;zayif;asagi;0,51;-3,15;3;4,17;-3,02;1577494;5,17;SAT;NEGATIF;SAT;NEGATIF;AZALIYOR;SAT;AL;UCUZ (AL);1;02.10.2026
KOTON;izle;;7,0;2,4;4,0;0,5;6;0;zayif;45,5;24,3;22,7;asagi;zayif;zayif;asagi;0,73;-5,56;3;10,06;0,10;12829458;11,06;SAT;NEGATIF;SAT;NEGATIF;AZALIYOR;AL;AL;UCUZ (AL);2;02.10.2026
VKING;izle;;7,0;2,4;4,5;0,0;10;0;zayif;49,7;26,8;27,2;asagi;zayif;zayif;asagi;0,25;-4,28;4;15,1;2,10;1411020;18,08;SAT;NEGATIF;SAT;NEGATIF;AZALIYOR;AL;AL;UCUZ (AL);2;02.10.2026
PENTA;izle;;6,8;2,4;4,4;0,0;10;0;zayif;35,9;26,2;24,1;asagi;zayif;zayif;asagi;0,66;-5,07;4;9,92;-1,98;11826227;10,95;SAT;NEGATIF;SAT;NEGATIF;AZALIYOR;AL;AL;UCUZ (AL);2;02.10.2026
RUZYE;izle;;6,8;2,4;4,3;0,0;10;1;zayif;36,1;26,1;16,7;asagi;zayif;zayif;asagi;0,40;-5,30;1;4,91;0,41;15882829;6,24;SAT;NEGATIF;SAT;NEGATIF;AZALIYOR;AL;AL;UCUZ (AL);2;02.10.2026
TEKTU;izle;;6,6;2,4;4,2;0,0;50;5;zayif;35,3;25,6;13,8;asagi;zayif;zayif;asagi;0,64;-6,04;4;4,81;-0,82;16361523;5,51;SAT;NEGATIF;SAT;NEGATIF;AZALIYOR;AL;AL;UCUZ (AL);2;02.10.2026
TMSN;izle;;6,6;1,4;5,3;0,0;10;0;zayif;22,0;29,2;37,4;asagi;zayif;zayif;asagi;0,46;-3,81;4;58,7;2,62;21434599;66,65;SAT;NEGATIF;SAT;NEGATIF;AZALIYOR;AL;AL;UCUZ (AL);2;02.10.2026
SMART;izle;;6,6;2,3;4,3;0,0;6;0;zayif;29,0;26,0;39,5;asagi;zayif;zayif;asagi;0,60;-5,31;3;16,37;0,06;7790499;18,27;SAT;NEGATIF;SAT;NEGATIF;AZALIYOR;AL;AL;NOTR;2;02.10.2026
MARBL;izle;;6,6;2,4;4,1;0,0;10;0;zayif;43,8;25,4;21,9;asagi;zayif;zayif;asagi;0,63;-4,80;4;9,02;0,00;7283190;10,16;SAT;NEGATIF;SAT;NEGATIF;AZALIYOR;AL;AL;UCUZ (AL);2;02.10.2026
RTALB;izle;;6,6;2,0;4,6;0,0;40;4;zayif;26,7;26,9;5,5;asagi;zayif;zayif;asagi;0,50;-4,99;1;1,95;-1,02;24742747;2,34;SAT;NEGATIF;SAT;NEGATIF;AZALIYOR;AL;AL;UCUZ (AL);2;02.10.2026
GSRAY;izle;;6,5;2,4;4,1;0,0;10;0;zayif;46,1;25,3;6,9;asagi;zayif;zayif;asagi;0,59;-4,83;4;0,81;-2,41;67177984;0,90;SAT;NEGATIF;SAT;NEGATIF;AZALIYOR;AL;AL;UCUZ (AL);2;02.10.2026
VESTL;izle;;6,5;2,2;4,2;0,1;10;0;zayif;28,1;25,8;31,3;asagi;zayif;zayif;asagi;0,71;-3,93;4;17,39;-4,03;166058623;21,80;SAT;NEGATIF;SAT;NEGATIF;AZALIYOR;SAT;AL;UCUZ (AL);1;02.10.2026
LRSHO;izle;;6,5;2,4;4,2;0,0;6;0;zayif;29,3;25,5;29,8;asagi;zayif;zayif;asagi;0,53;-5,10;3;1,89;-1,05;16632724;2,14;SAT;NEGATIF;SAT;NEGATIF;AZALIYOR;AL;AL;UCUZ (AL);2;02.10.2026
GATEG;izle;;6,5;2,4;0,2;3,8;0;0;zayif;36,1;25,7;54,2;asagi;zayif;zayif;asagi;0,93;-7,42;1;127,9;-9,99;5367579;179,41;SAT;NEGATIF;SAT;NEGATIF;AZALIYOR;SAT;SAT;UCUZ (AL);0;02.10.2026
VSNMD;izle;;6,4;2,4;4,0;0,0;6;0;zayif;46,1;22,7;8,5;asagi;zayif;zayif;asagi;0,64;-6,39;3;29,16;3,11;20399578;32,45;SAT;NEGATIF;SAT;NEGATIF;AZALIYOR;AL;AL;UCUZ (AL);2;02.10.2026
KOPOL;izle;;6,4;2,4;4,0;0,0;6;0;zayif;45,4;23,6;14,7;asagi;zayif;zayif;asagi;0,70;-6,28;3;3,25;2,20;21946990;3,76;SAT;NEGATIF;SAT;NEGATIF;AZALIYOR;AL;AL;UCUZ (AL);2;02.10.2026
KUYAS;izle;;6,4;2,4;4,0;0,0;0;0;zayif;46,2;15,2;11,3;asagi;zayif;zayif;asagi;0,03;-8,97;1;21,74;-9,94;10085795;33,12;SAT;NEGATIF;SAT;NEGATIF;AZALIYOR;SAT;SAT;UCUZ (AL);0;02.10.2026
MEKAG;izle;;6,4;2,4;4,0;0,0;6;0;zayif;39,8;22,1;18,1;asagi;zayif;zayif;asagi;0,62;-5,90;3;2,05;0,99;8100368;2,35;SAT;NEGATIF;SAT;NEGATIF;AZALIYOR;AL;AL;UCUZ (AL);2;02.10.2026
BAYRK;izle;;6,4;2,4;4,0;0,0;10;0;zayif;40,7;24,6;8,1;asagi;zayif;zayif;asagi;0,57;-5,80;5;2,78;-3,81;6731422;3,25;SAT;NEGATIF;SAT;NEGATIF;AZALIYOR;AL;AL;UCUZ (AL);2;02.10.2026
KAYSE;izle;;6,4;2,4;4,0;0,0;10;0;zayif;43,9;24,8;9,7;asagi;zayif;zayif;asagi;0,56;-4,62;5;3,07;-1,29;13757404;3,51;SAT;NEGATIF;SAT;NEGATIF;AZALIYOR;AL;AL;UCUZ (AL);2;02.10.2026
SERNT;izle;;6,4;2,4;4,0;0,0;0;0;zayif;44,7;20,2;15,6;asagi;zayif;zayif;asagi;0,42;-5,94;2;5,11;0,99;9244291;6,11;SAT;NEGATIF;SAT;NEGATIF;AZALIYOR;AL;AL;UCUZ (AL);2;02.10.2026
DOKTA;izle;;6,4;2,4;4,0;0,0;0;0;zayif;42,8;17,6;11,1;asagi;zayif;zayif;asagi;0,30;-5,39;2;15,46;0,13;2511152;18,53;SAT;NEGATIF;SAT;NEGATIF;AZALIYOR;AL;AL;UCUZ (AL);2;02.10.2026
MAGEN;izle;;6,4;2,4;4,0;0,0;32;3;zayif;43,9;11,1;-0,0;asagi;zayif;zayif;asagi;0,08;-10,29;0;9,53;-9,92;8009298;15,07;SAT;NEGATIF;SAT;NEGATIF;AZALIYOR;AL;SAT;UCUZ (AL);1;02.10.2026
SNICA;izle;;6,4;2,4;4,0;0,0;6;0;zayif;34,4;24,2;14,7;asagi;zayif;zayif;asagi;0,40;-6,09;3;2,29;0,44;7352272;2,61;SAT;NEGATIF;SAT;NEGATIF;AZALIYOR;AL;AL;UCUZ (AL);2;02.10.2026
IZINV;izle;;6,4;2,4;4,0;0,0;6;0;zayif;37,9;22,6;30,3;asagi;zayif;zayif;asagi;0,52;-6,61;3;31,7;1,08;4369623;37,61;SAT;NEGATIF;SAT;NEGATIF;AZALIYOR;AL;AL;UCUZ (AL);2;02.10.2026
MEDTR;izle;;6,4;2,4;4,0;0,0;0;0;zayif;48,3;24,5;12,2;asagi;zayif;zayif;asagi;0,54;-5,48;2;18,5;-1,12;2931048;20,53;SAT;NEGATIF;SAT;NEGATIF;ARTIYOR;AL;AL;UCUZ (AL);2;02.10.2026
ATAKP;izle;;6,4;2,4;4,0;0,0;0;0;zayif;50,0;24,9;35,0;asagi;zayif;zayif;asagi;0,32;-5,47;1;33,08;0,24;3721368;37,58;SAT;NEGATIF;SAT;NEGATIF;AZALIYOR;SAT;SAT;UCUZ (AL);0;02.10.2026
HUBVC;izle;;6,4;2,4;4,0;0,0;6;0;zayif;48,1;23,4;11,6;asagi;zayif;zayif;asagi;0,64;-4,73;3;1,56;-0,64;2515798;1,95;SAT;NEGATIF;SAT;NEGATIF;AZALIYOR;AL;AL;UCUZ (AL);2;02.10.2026
RODRG;izle;;6,4;2,4;4,0;0,0;6;0;zayif;43,5;23,5;7,9;asagi;zayif;zayif;asagi;0,69;-4,38;3;16,4;1,49;2395892;19,74;SAT;NEGATIF;SAT;NEGATIF;AZALIYOR;AL;AL;NOTR;2;02.10.2026
USAK;izle;;6,4;2,4;4,0;0,0;0;0;zayif;50,0;4,1;6,4;asagi;zayif;zayif;asagi;0,16;-11,35;2;0,45;-8,16;4849619;0,63;SAT;NEGATIF;SAT;NEGATIF;AZALIYOR;AL;AL;UCUZ (AL);2;02.10.2026
HATEK;izle;;6,4;2,4;4,0;0,0;0;0;zayif;34,5;21,9;1,1;asagi;zayif;zayif;asagi;0,19;-5,27;2;8,25;3,13;2209631;9,75;SAT;NEGATIF;SAT;NEGATIF;AZALIYOR;AL;AL;UCUZ (AL);2;02.10.2026
TMPOL;izle;;6,4;2,4;4,0;0,0;0;0;zayif;49,2;13,4;0,0;asagi;zayif;zayif;asagi;0,06;-10,40;0;73,55;-9,98;1490711;130,54;SAT;NEGATIF;SAT;NEGATIF;AZALIYOR;AL;AL;UCUZ (AL);2;02.10.2026
RALYH;izle;;6,4;2,4;4,0;0,0;32;3;zayif;47,2;11,5;-0,0;asagi;zayif;zayif;asagi;0,04;-9,97;0;69,2;-9,95;2089425;108,95;SAT;NEGATIF;SAT;NEGATIF;AZALIYOR;SAT;AL;UCUZ (AL);1;02.10.2026
ENSRI;izle;;6,4;2,4;4,0;0,0;0;0;zayif;37,2;23,5;20,6;asagi;zayif;zayif;asagi;0,52;-8,47;2;2,98;1,36;18973359;3,53;SAT;NEGATIF;SAT;NEGATIF;AZALIYOR;AL;AL;UCUZ (AL);2;02.10.2026
ALKIM;izle;;6,4;2,4;4,0;0,0;32;2;zayif;41,8;19,3;12,7;asagi;zayif;zayif;asagi;0,32;-5,41;4;11,97;0,50;5866282;13,47;SAT;NEGATIF;SAT;NEGATIF;AZALIYOR;AL;AL;UCUZ (AL);2;02.10.2026
PAMEL;izle;;6,4;2,4;4,0;0,0;0;0;zayif;42,6;24,2;29,3;asagi;zayif;zayif;asagi;0,49;-5,85;2;48,42;-1,18;4886595;54,27;SAT;NEGATIF;SAT;NEGATIF;ARTIYOR;AL;AL;UCUZ (AL);2;02.10.2026
UFUK;izle;;6,4;2,4;4,0;0,0;0;0;zayif;45,1;8,9;0,0;asagi;zayif;zayif;asagi;0,01;-10,53;0;355,5;-10,00;344480;589,96;SAT;NEGATIF;SAT;NEGATIF;AZALIYOR;AL;SAT;UCUZ (AL);1;02.10.2026
BRLSM;izle;;6,4;2,0;4,3;0,0;0;0;zayif;27,0;26,1;15,1;asagi;zayif;zayif;asagi;0,64;-4,01;2;11,1;2,12;73681700;14,19;SAT;NEGATIF;SAT;NEGATIF;AZALIYOR;SAT;AL;NOTR;1;02.10.2026
OYAYO;izle;;6,2;1,5;4,7;0,0;6;0;zayif;23,2;27,4;24,5;asagi;zayif;zayif;asagi;0,60;-4,06;3;31;-2,82;1460131;37,61;SAT;NEGATIF;SAT;NEGATIF;AZALIYOR;SAT;AL;UCUZ (AL);1;02.10.2026
PRKAB;izle;;6,1;1,0;5,1;0,0;20;1;zayif;19,2;28,7;12,2;asagi;zayif;zayif;asagi;0,59;-4,01;4;24,66;0,74;17317929;28,36;SAT;NEGATIF;NOTR;NEGATIF;AZALIYOR;AL;AL;NOTR;2;02.10.2026