hisse;durum;yeni_sinyal;konfluans;trend_35;momentum_30;hacim_35;risk;uyumsuzluk;rejim;adx;rsi;mfi;supertrend;goreli_guc;usd_trend;haftalik_trend;hacim_orani;ema50_uzaklik_atr;dagitim_gun;kapanis;degisim%;islem_hacmi_tl;st_cizgisi;osc_macd;osc_rsi;osc_adx;osc_momentum;osc_atr;osc_wavetrend;osc_stochrsi;osc_sharpe;osc_al_sayisi;tarih
EDIP;GUCLU AL;;97,0;32,8;30,0;34,1;10;1;guclu trend;24,5;63,8;54,8;yukari;guclu;yukselis;yukari;2,30;1,69;1;40,4;0,35;242453490;32,91;AL;POZITIF;AL;POZITIF;ARTIYOR;AL;AL;NOTR;6;01.09.2026
KCHOL;izle;;92,6;35,0;30,0;27,6;50;2;guclu trend;30,3;62,7;68,9;yukari;guclu;yukselis;yukari;0,88;2,37;4;218,3;1,58;6153273401;202,86;AL;POZITIF;AL;POZITIF;ARTIYOR;SAT;AL;NOTR;5;01.09.2026
KRDMA;GUCLU AL;;92,0;35,0;22,9;34,0;35;0;guclu trend;43,7;86,1;95,1;yukari;guclu;yukselis;yukari;1,31;6,35;0;67,7;1,58;947741101;58,52;AL;POZITIF;AL;POZITIF;ARTIYOR;AL;AL;NOTR;6;01.09.2026
RYSAS;GUCLU AL;;91,4;35,0;28,6;27,7;28;0;guclu trend;32,0;74,7;85,1;yukari;guclu;yukselis;yukari;0,86;4,36;1;29,8;3,47;399166083;24,82;AL;POZITIF;AL;POZITIF;AZALIYOR;AL;AL;NOTR;6;01.09.2026
INDES;GUCLU AL;;90,9;34,4;30,0;26,4;18;0;guclu trend;28,6;65,9;88,3;yukari;guclu;yukselis;yukari;0,79;2,28;0;11,9;0,25;68886780;10,83;AL;POZITIF;AL;POZITIF;ARTIYOR;SAT;SAT;NOTR;4;01.09.2026
AGESA;izle;;90,2;33,2;30,0;27,0;58;4;guclu trend;25,3;70,5;72,4;yukari;guclu;yukselis;yukari;0,82;2,54;1;263,25;0,77;58953521;239,61;AL;POZITIF;AL;POZITIF;AZALIYOR;AL;SAT;NOTR;5;01.09.2026
OFSYM;GUCLU AL;;90,0;35,0;30,0;25,0;18;0;guclu trend;45,4;66,9;63,3;yukari;guclu;yukselis;yukari;0,40;2,74;0;70,05;4,47;93831625;56,83;AL;POZITIF;AL;POZITIF;AZALIYOR;AL;AL;NOTR;6;01.09.2026
VBTYZ;GUCLU AL;;90,0;35,0;30,0;25,0;20;0;guclu trend;34,3;64,0;77,2;yukari;guclu;yukselis;yukari;0,38;3,17;0;38,78;2,76;47300199;32,80;AL;POZITIF;AL;POZITIF;AZALIYOR;SAT;SAT;NOTR;4;01.09.2026
AYGAZ;izle;;90,0;35,0;30,0;25,0;50;2;guclu trend;44,5;69,2;80,2;yukari;guclu;yukselis;yukari;0,66;4,12;1;336;0,30;315582960;304,27;AL;POZITIF;AL;POZITIF;AZALIYOR;AL;AL;NOTR;6;01.09.2026
KUVVA;GUCLU AL;;89,8;35,0;30,0;24,8;28;1;guclu trend;35,5;69,8;85,2;yukari;guclu;yukselis;yukari;0,61;2,84;2;193,2;2,77;24638989;163,41;AL;POZITIF;AL;POZITIF;ARTIYOR;AL;AL;NOTR;6;01.09.2026
TARKM;GUCLU AL;;89,6;34,8;29,9;25,0;28;0;guclu trend;29,4;72,2;88,1;yukari;guclu;yukselis;yukari;0,57;3,03;0;571,5;1,42;59159966;479,45;AL;POZITIF;AL;POZITIF;AZALIYOR;AL;AL;NOTR;6;01.09.2026
DIRIT;AL;;89,5;25,2;30,0;34,3;34;0;zayif;17,6;65,4;74,1;yukari;guclu;yukselis;yukari;1,26;3,34;3;29,44;9,93;2774161;25,54;AL;POZITIF;NOTR;POZITIF;ARTIYOR;AL;AL;NOTR;5;01.09.2026
BRLSM;GUCLU AL;EVET;89,4;35,0;30,0;24,4;10;0;guclu trend;33,5;66,8;68,6;yukari;guclu;yukselis;yukari;1,10;2,89;1;22,68;-7,35;286488294;21,64;AL;POZITIF;AL;POZITIF;ARTIYOR;AL;SAT;NOTR;5;01.09.2026
TUPRS;izle;;89,2;35,0;29,2;25,0;46;1;guclu trend;52,1;73,5;80,6;yukari;guclu;yukselis;yukari;0,46;5,94;1;410,75;2,62;6219051972;365,86;AL;POZITIF;AL;POZITIF;ARTIYOR;AL;AL;NOTR;6;01.09.2026
DMLKT;GUCLU AL;;88,7;35,0;30,0;23,7;26;0;guclu trend;51,4;69,1;80,7;yukari;guclu;yukselis;yukari;0,19;3,74;3;6,88;-0,43;12313301;6,58;AL;POZITIF;AL;NEGATIF;AZALIYOR;SAT;SAT;NOTR;3;01.09.2026
HUNER;GUCLU AL;;88,7;33,7;30,0;25,0;30;2;guclu trend;26,6;62,7;73,4;yukari;guclu;yukselis;yukari;0,36;1,91;1;4,04;1,00;54802422;3,50;AL;POZITIF;AL;POZITIF;AZALIYOR;AL;AL;NOTR;6;01.09.2026
KRDMD;GUCLU AL;;88,4;34,1;30,0;24,3;8;0;guclu trend;27,8;58,9;83,2;yukari;guclu;yukselis;yukari;0,57;1,93;2;45,86;-3,21;1597528835;41,86;AL;POZITIF;AL;POZITIF;AZALIYOR;AL;SAT;NOTR;5;01.09.2026
BRSAN;GUCLU AL;;88,4;35,0;30,0;23,4;10;0;guclu trend;37,6;62,7;66,7;yukari;guclu;yukselis;yukari;0,22;2,95;1;714;-1,38;512589882;635,12;AL;POZITIF;AL;POZITIF;AZALIYOR;SAT;SAT;NOTR;4;01.09.2026
BORSK;GUCLU AL;EVET;88,4;25,1;28,5;34,8;8;0;zayif;28,0;59,8;74,4;yukari;guclu;yukselis;yukari;1,33;1,04;2;6,38;3,91;57831165;5,76;AL;POZITIF;AL;POZITIF;ARTIYOR;AL;AL;NOTR;6;01.09.2026
AKSGY;GUCLU AL;;88,2;35,0;28,2;25,0;0;0;guclu trend;30,3;58,0;66,8;yukari;guclu;yukselis;yukari;0,12;1,63;0;10,06;0,50;5755899;9,55;AL;POZITIF;AL;POZITIF;AZALIYOR;SAT;SAT;NOTR;4;01.09.2026
DEVA;GUCLU AL;;88,1;35,0;28,1;25,0;36;0;guclu trend;41,7;75,9;71,8;yukari;guclu;yukselis;yukari;0,54;4,75;0;94,8;1,23;49146690;82,40;AL;POZITIF;AL;POZITIF;AZALIYOR;AL;AL;NOTR;6;01.09.2026
ARSAN;GUCLU AL;;88,0;35,0;30,0;23,0;20;0;guclu trend;40,9;69,7;95,5;yukari;guclu;yukselis;yukari;0,48;3,16;0;4,26;-3,18;58380578;3,79;AL;POZITIF;AL;POZITIF;ARTIYOR;SAT;SAT;NOTR;4;01.09.2026
AKFIS;GUCLU AL;;87,7;34,7;30,0;22,9;20;1;guclu trend;29,3;61,6;72,8;yukari;guclu;yukselis;yukari;0,34;2,89;1;18,17;2,08;131327672;16,36;AL;POZITIF;AL;POZITIF;AZALIYOR;SAT;SAT;PAHALI (SAT);4;01.09.2026
PRZMA;GUCLU AL;EVET;87,6;35,0;30,0;22,6;32;2;guclu trend;30,7;62,2;74,1;yukari;guclu;yukselis;yukari;0,18;2,68;1;88,3;-2,97;83715376;67,71;AL;POZITIF;AL;POZITIF;AZALIYOR;AL;SAT;PAHALI (SAT);5;01.09.2026
BAHKM;GUCLU AL;EVET;87,3;35,0;28,1;24,3;38;1;guclu trend;43,4;75,9;85,2;yukari;guclu;yukselis;yukari;0,82;3,69;0;159;-1,36;148137438;138,64;AL;POZITIF;AL;POZITIF;ARTIYOR;AL;SAT;NOTR;5;01.09.2026
TNZTP;GUCLU AL;;87,1;32,1;30,0;25,0;28;0;guclu trend;22,6;70,2;44,1;yukari;guclu;yukselis;yukari;0,57;3,08;1;31,84;-0,50;70937896;27,67;AL;POZITIF;AL;POZITIF;ARTIYOR;AL;AL;NOTR;6;01.09.2026
TRCAS;GUCLU AL;;87,0;32,1;29,8;25,0;14;0;guclu trend;22,6;57,3;62,7;yukari;guclu;yukselis;yukari;0,17;1,43;3;47,5;0,72;7976770;42,94;AL;POZITIF;AL;POZITIF;AZALIYOR;AL;AL;NOTR;6;01.09.2026
RGYAS;izle;;87,0;33,6;28,3;25,0;48;4;guclu trend;26,5;56,0;81,8;yukari;guclu;yukselis;yukari;0,45;1,58;1;209,8;-2,60;205207688;199,35;AL;POZITIF;AL;POZITIF;ARTIYOR;AL;SAT;NOTR;5;01.09.2026
AHGAZ;GUCLU AL;;86,4;32,2;30,0;24,3;28;0;guclu trend;22,7;71,5;86,5;yukari;guclu;yukselis;yukari;0,55;3,42;1;38,58;1,58;99197205;34,46;AL;POZITIF;AL;POZITIF;AZALIYOR;AL;SAT;NOTR;5;01.09.2026
ANELE;izle;;85,9;35,0;23,6;27,3;67;3;guclu trend;34,8;84,7;92,4;yukari;guclu;yukselis;yukari;0,84;5,34;0;192,5;1,05;924354393;152,16;AL;POZITIF;AL;POZITIF;ARTIYOR;AL;AL;PAHALI (SAT);6;01.09.2026
BIGEN;izle;;85,7;35,0;24,7;26,0;57;2;guclu trend;41,7;82,6;97,5;yukari;guclu;yukselis;yukari;0,80;5,91;0;187,6;2,07;778416184;151,17;AL;POZITIF;AL;POZITIF;AZALIYOR;AL;AL;PAHALI (SAT);6;01.09.2026
ORGE;GUCLU AL;;85,1;34,6;30,0;20,5;30;2;guclu trend;29,1;61,8;66,9;yukari;guclu;yukselis;yukari;0,31;1,61;2;23,72;-1,25;51856901;20,44;AL;POZITIF;AL;POZITIF;AZALIYOR;AL;SAT;NOTR;5;01.09.2026
TRENJ;GUCLU AL;;85,1;31,8;30,0;23,3;18;1;guclu trend;21,8;56,2;64,4;yukari;guclu;yukselis;yukari;0,27;1,68;1;105,5;-1,31;66255688;95,86;AL;POZITIF;AL;POZITIF;AZALIYOR;SAT;SAT;NOTR;4;01.09.2026
TBORG;GUCLU AL;;85,0;30,0;30,0;25,0;36;0;zayif;42,3;70,5;84,0;yukari;guclu;yukselis;yukari;0,57;3,63;0;164,1;1,93;33329366;143,79;AL;POZITIF;AL;POZITIF;AZALIYOR;SAT;AL;NOTR;5;01.09.2026
ASELS;GUCLU AL;;85,0;32,5;28,2;24,2;0;0;guclu trend;23,6;54,8;62,7;yukari;guclu;yukselis;yukari;0,54;0,97;2;394,25;2,07;7491619716;363,22;AL;POZITIF;AL;POZITIF;AZALIYOR;SAT;SAT;NOTR;4;01.09.2026
BIMAS;GUCLU AL;;84,9;33,9;27,0;24,0;0;0;guclu trend;27,3;52,4;49,6;yukari;guclu;yukselis;yukari;0,44;0,99;1;402,25;-0,80;1787909135;383,65;AL;POZITIF;AL;NEGATIF;AZALIYOR;SAT;SAT;NOTR;3;01.09.2026
TRMET;GUCLU AL;;84,8;33,5;29,2;22,2;0;0;guclu trend;26,0;52,9;66,5;yukari;guclu;yukselis;yukari;0,52;1,14;0;137,7;-4,84;495488113;128,36;AL;POZITIF;AL;POZITIF;ARTIYOR;SAT;SAT;NOTR;4;01.09.2026
DURKN;GUCLU AL;;84,5;33,9;28,9;21,8;0;0;guclu trend;27,1;55,9;68,2;yukari;guclu;yukselis;yukari;0,29;1,01;1;22,14;-1,07;18035288;19,66;AL;POZITIF;AL;POZITIF;ARTIYOR;SAT;SAT;NOTR;4;01.09.2026
NETAS;GUCLU AL;;84,4;35,0;30,0;19,4;20;0;guclu trend;41,4;64,5;63,6;yukari;guclu;yukselis;yukari;0,49;3,28;0;94,75;3,38;99767486;83,84;AL;POZITIF;AL;POZITIF;ARTIYOR;SAT;SAT;NOTR;4;01.09.2026
PSDTC;GUCLU AL;;84,3;35,0;30,0;19,3;22;2;guclu trend;31,3;58,9;68,2;yukari;guclu;yukselis;yukari;0,28;1,89;0;169,3;-2,87;27991554;147,49;AL;POZITIF;AL;POZITIF;AZALIYOR;AL;SAT;NOTR;5;01.09.2026
KRGYO;GUCLU AL;;84,3;30,0;29,3;25,0;28;0;zayif;42,9;73,4;82,0;yukari;guclu;yukselis;yukari;0,17;3,37;0;3,19;0,00;13537011;2,81;AL;POZITIF;AL;POZITIF;AZALIYOR;SAT;SAT;NOTR;4;01.09.2026
ATSYH;izle;;84,2;29,2;30,0;25,0;52;3;ilimli;15,0;59,1;68,1;yukari;guclu;yukselis;yukari;0,46;3,03;2;128,7;-2,28;2492147;111,88;AL;POZITIF;NOTR;POZITIF;AZALIYOR;AL;AL;NOTR;5;01.09.2026
MRGYO;GUCLU AL;;84,1;23,9;27,7;32,6;18;0;zayif;31,5;76,6;72,7;yukari;guclu;yukselis;yukari;1,24;2,58;0;1,63;1,87;178445582;1,37;AL;POZITIF;AL;POZITIF;AZALIYOR;AL;SAT;NOTR;5;01.09.2026
ALARK;GUCLU AL;;84,0;34,2;26,8;23,0;0;0;guclu trend;28,0;54,8;42,0;yukari;guclu;yukselis;yukari;0,28;0,98;2;108,4;0,09;168578910;98,31;AL;POZITIF;AL;POZITIF;AZALIYOR;SAT;SAT;NOTR;4;01.09.2026
GUBRF;GUCLU AL;;83,7;34,8;28,3;20,6;0;0;guclu trend;29,4;55,4;71,1;yukari;guclu;yukselis;yukari;0,44;0,76;1;473,5;-1,71;772853803;437,48;AL;POZITIF;AL;POZITIF;AZALIYOR;SAT;SAT;NOTR;4;01.09.2026
PASEU;GUCLU AL;;83,5;35,0;30,0;18,5;20;0;guclu trend;46,6;62,6;88,6;yukari;guclu;yukselis;yukari;0,41;3,53;1;227,2;-5,80;1278733174;207,58;AL;POZITIF;AL;POZITIF;ARTIYOR;SAT;SAT;NOTR;4;01.09.2026
KRPLS;GUCLU AL;;83,0;35,0;24,9;23,1;0;0;guclu trend;44,9;58,1;78,0;yukari;guclu;yukselis;yukari;0,26;1,63;0;10,58;0,28;11093268;9,48;SAT;POZITIF;AL;POZITIF;AZALIYOR;SAT;SAT;NOTR;3;01.09.2026
SELEC;GUCLU AL;;83,0;35,0;23,0;25,0;35;0;guclu trend;49,6;86,0;97,7;yukari;guclu;yukselis;yukari;0,31;6,10;0;335,75;0,67;595625872;285,89;AL;POZITIF;AL;POZITIF;AZALIYOR;AL;SAT;PAHALI (SAT);5;01.09.2026
RYGYO;GUCLU AL;;83,0;35,0;23,0;25,0;35;0;guclu trend;49,8;86,1;91,8;yukari;guclu;yukselis;yukari;0,69;7,02;0;52,05;2,46;112428625;45,33;AL;POZITIF;AL;POZITIF;ARTIYOR;AL;AL;PAHALI (SAT);6;01.09.2026
ARASE;GUCLU AL;;82,9;33,5;26,2;23,2;0;0;guclu trend;26,2;54,8;76,9;yukari;guclu;yukselis;yukari;0,25;0,90;0;121,4;1,00;12653886;108,17;AL;POZITIF;AL;POZITIF;AZALIYOR;SAT;AL;NOTR;5;01.09.2026
CVKMD;AL;;82,8;30,1;30,0;22,7;0;0;ilimli;17,3;60,1;56,5;yukari;guclu;yukselis;yukari;0,37;1,51;2;16,81;0,30;270746987;14,58;AL;POZITIF;NOTR;POZITIF;AZALIYOR;AL;AL;NOTR;5;01.09.2026
KLSYN;GUCLU AL;;82,7;34,1;24,9;23,7;0;0;guclu trend;27,7;60,1;59,0;yukari;guclu;yukselis;yukari;0,05;1,79;0;15,66;-0,19;2591573;13,93;SAT;POZITIF;AL;NEGATIF;AZALIYOR;SAT;SAT;NOTR;2;01.09.2026
KGYO;izle;;82,4;30,8;30,0;21,7;40;4;ilimli;19,1;58,3;56,8;yukari;guclu;yukselis;yukari;0,20;1,65;1;12,7;-2,68;65949576;10,80;AL;POZITIF;NOTR;NEGATIF;AZALIYOR;SAT;SAT;NOTR;2;01.09.2026
ENERY;GUCLU AL;;82,2;32,9;30,0;19,3;10;0;guclu trend;24,5;69,8;88,1;yukari;guclu;yukselis;yukari;0,68;2,59;0;10,17;2,94;242787881;8,97;AL;POZITIF;AL;POZITIF;AZALIYOR;AL;AL;NOTR;6;01.09.2026
OZSUB;GUCLU AL;;82,1;35,0;24,2;22,9;26;1;guclu trend;33,7;59,1;56,4;yukari;guclu;yukselis;yukari;0,29;2,36;3;42,6;-1,84;52594429;37,97;SAT;POZITIF;AL;NEGATIF;AZALIYOR;SAT;SAT;NOTR;2;01.09.2026
ALBRK;izle;;82,0;33,1;26,8;22,2;32;3;guclu trend;30,2;53,4;61,7;yukari;guclu;yukselis;yukari;0,61;0,81;1;8,65;-0,35;68996820;8,39;AL;POZITIF;AL;POZITIF;AZALIYOR;SAT;SAT;NOTR;4;01.09.2026
IEYHO;GUCLU AL;;82,0;35,0;22,0;25,0;35;0;guclu trend;83,6;91,7;100,0;yukari;guclu;yukselis;yukari;0,24;10,61;0;208;0,19;113289488;197,06;AL;POZITIF;AL;POZITIF;AZALIYOR;AL;AL;PAHALI (SAT);6;01.09.2026
TRHOL;izle;;82,0;35,0;22,0;25,0;45;1;guclu trend;45,1;93,3;100,0;yukari;guclu;yukselis;yukari;0,21;6,93;0;3137,5;0,08;225090525;2677,05;AL;POZITIF;AL;POZITIF;AZALIYOR;AL;SAT;PAHALI (SAT);5;01.09.2026
CATES;izle;;82,0;35,0;22,0;25,0;43;0;guclu trend;52,0;88,2;94,8;yukari;guclu;yukselis;yukari;0,50;6,10;1;71,7;2,36;118669379;61,27;AL;POZITIF;AL;POZITIF;AZALIYOR;SAT;AL;NOTR;5;01.09.2026
DAGI;GUCLU AL;;81,4;30,4;30,0;21,0;0;0;guclu trend;30,7;58,0;74,7;yukari;guclu;yukselis;yukari;0,37;1,84;1;10,5;0,77;36596007;9,74;AL;POZITIF;SAT;POZITIF;ARTIYOR;SAT;SAT;NOTR;3;01.09.2026
ETYAT;GUCLU AL;;81,3;33,6;24,8;22,9;0;0;guclu trend;26,4;58,0;57,3;yukari;guclu;yukselis;yukari;0,25;1,82;1;15,34;-2,17;3502367;13,55;SAT;POZITIF;AL;NEGATIF;ARTIYOR;AL;SAT;NOTR;3;01.09.2026
AYDEM;izle;;81,1;34,8;24,8;21,6;40;4;guclu trend;30,1;51,9;77,0;yukari;guclu;yukselis;yukari;0,17;0,39;1;26,4;0,30;21613627;24,22;AL;POZITIF;AL;NEGATIF;AZALIYOR;SAT;SAT;NOTR;3;01.09.2026
GENIL;GUCLU AL;;81,0;35,0;24,5;21,5;28;2;guclu trend;47,6;58,0;54,2;yukari;guclu;yukselis;yukari;0,20;1,92;3;11,45;0,26;125225868;10,34;SAT;POZITIF;AL;POZITIF;AZALIYOR;SAT;SAT;NOTR;3;01.09.2026
HATSN;GUCLU AL;;81,0;35,0;30,0;16,0;10;0;guclu trend;35,1;59,3;85,3;yukari;guclu;yukselis;yukari;0,25;2,36;1;72,9;-10,00;132633750;69,32;AL;POZITIF;AL;POZITIF;ARTIYOR;AL;SAT;NOTR;5;01.09.2026
KCAER;GUCLU AL;;80,7;35,0;22,5;23,2;22;2;guclu trend;33,0;53,3;69,9;yukari;guclu;yukselis;yukari;0,27;1,23;1;15,82;-0,50;66160727;14,75;SAT;POZITIF;AL;NEGATIF;AZALIYOR;SAT;SAT;NOTR;2;01.09.2026
VERUS;GUCLU AL;;80,6;35,0;24,8;20,9;10;0;guclu trend;37,0;59,8;70,4;yukari;guclu;yukselis;yukari;0,49;2,45;1;682;1,79;30809350;667,54;SAT;POZITIF;AL;POZITIF;AZALIYOR;SAT;SAT;NOTR;3;01.09.2026
EGGUB;GUCLU AL;;80,4;27,9;30,0;22,6;0;0;zayif;24,5;61,9;75,6;yukari;guclu;yukselis;yukari;0,47;1,76;0;110,6;-1,25;40507139;100,13;AL;POZITIF;AL;POZITIF;AZALIYOR;AL;SAT;NOTR;5;01.09.2026
TGSAS;GUCLU AL;;80,3;35,0;29,3;16,0;0;0;guclu trend;30,3;53,0;78,6;yukari;guclu;yukselis;yukari;0,63;1,19;0;217,8;-6,20;104022587;212,54;AL;POZITIF;AL;POZITIF;ARTIYOR;SAT;SAT;NOTR;4;01.09.2026
DOHOL;AL;;80,1;30,3;26,5;23,4;0;0;ilimli;17,8;55,2;59,1;yukari;guclu;yukselis;yukari;0,27;0,78;1;21,94;-0,81;64595090;20,39;AL;POZITIF;NOTR;POZITIF;AZALIYOR;AL;SAT;NOTR;4;01.09.2026
MARTI;GUCLU AL;EVET;79,8;19,1;28,3;32,3;18;0;zayif;26,5;75,3;89,1;yukari;guclu;yukselis;yukari;2,06;2,74;0;1,81;6,47;292387119;1,53;AL;POZITIF;AL;POZITIF;ARTIYOR;AL;AL;NOTR;6;01.09.2026
OZATD;izle;;79,2;35,0;19,2;25,0;45;1;guclu trend;52,3;85,5;61,0;yukari;guclu;yukselis;yukari;0,03;6,34;1;4810;-0,52;74848410;4242,99;SAT;POZITIF;AL;POZITIF;AZALIYOR;AL;AL;PAHALI (SAT);5;01.09.2026
CEMZY;GUCLU AL;;79,1;35,0;27,9;16,2;0;0;guclu trend;45,1;51,0;80,7;yukari;guclu;yukselis;yukari;0,23;0,60;1;14,97;-3,17;224198579;13,41;AL;POZITIF;AL;POZITIF;AZALIYOR;SAT;SAT;NOTR;4;01.09.2026
BIOEN;GUCLU AL;;79,1;27,1;29,2;22,7;6;0;zayif;27,7;56,0;66,2;yukari;guclu;yukselis;yukari;0,33;1,17;3;19,38;1,47;47845673;17,84;AL;POZITIF;AL;POZITIF;AZALIYOR;SAT;SAT;NOTR;4;01.09.2026
RUBNS;GUCLU AL;;78,9;35,0;24,0;19,9;0;0;guclu trend;43,3;60,3;64,8;yukari;guclu;yukselis;yukari;0,31;1,81;0;32,78;2,44;44214844;29,16;SAT;POZITIF;AL;NEGATIF;AZALIYOR;SAT;AL;NOTR;3;01.09.2026
PRDGS;GUCLU AL;;78,4;35,0;21,9;21,5;10;1;guclu trend;42,4;51,8;64,5;yukari;guclu;yukselis;yukari;0,53;0,52;1;7,95;1,53;43915697;6,87;SAT;POZITIF;AL;NEGATIF;AZALIYOR;SAT;SAT;NOTR;2;01.09.2026
ALKLC;GUCLU AL;EVET;78,0;35,0;26,0;17,0;30;1;guclu trend;56,8;65,4;29,9;yukari;guclu;yukselis;yukari;0,07;2,93;4;426,75;0,23;61540337;401,69;SAT;POZITIF;AL;POZITIF;AZALIYOR;AL;AL;NOTR;5;01.09.2026
ALTNY;GUCLU AL;;78,0;30,4;27,1;20,4;0;0;guclu trend;20,9;51,9;76,8;yukari;guclu;yukselis;yukari;0,26;0,71;1;17,44;-1,69;118959862;16,42;AL;POZITIF;AL;POZITIF;AZALIYOR;SAT;SAT;NOTR;4;01.09.2026
GESAN;izle;;78,0;26,8;24,7;26,5;0;0;guclu trend;29,5;46,6;57,0;asagi;guclu;yukselis;yukari;1,16;0,43;1;82,9;-9,99;1088229295;100,18;AL;NEGATIF;AL;POZITIF;ARTIYOR;SAT;SAT;NOTR;3;01.09.2026
SAYAS;GUCLU AL;;77,8;35,0;22,9;19,9;0;0;guclu trend;33,4;51,3;61,9;yukari;guclu;yukselis;yukari;0,28;0,78;0;56,7;-2,07;57579190;51,71;SAT;POZITIF;AL;POZITIF;AZALIYOR;SAT;SAT;NOTR;3;01.09.2026
EGPRO;GUCLU AL;;77,7;35,0;26,4;16,3;8;0;guclu trend;30,9;55,1;64,0;yukari;guclu;yukselis;yukari;0,55;0,79;0;38,02;-1,14;28462380;36,68;AL;POZITIF;AL;POZITIF;AZALIYOR;SAT;SAT;NOTR;4;01.09.2026
TKFEN;GUCLU AL;;77,7;35,0;22,9;19,7;16;0;guclu trend;40,6;56,9;37,6;yukari;guclu;yukselis;yukari;0,29;2,46;3;213,5;2,01;536707616;197,64;SAT;POZITIF;AL;NEGATIF;AZALIYOR;SAT;SAT;PAHALI (SAT);2;01.09.2026
CELHA;GUCLU AL;;77,4;35,0;22,0;20,4;10;1;guclu trend;30,2;48,9;54,7;yukari;guclu;yukselis;yukari;0,08;1,02;2;24,56;0,00;6526525;21,70;SAT;NEGATIF;AL;NEGATIF;AZALIYOR;SAT;SAT;NOTR;1;01.09.2026
TURGG;AL;;77,3;16,5;29,6;31,2;22;2;zayif;25,4;66,7;78,2;yukari;guclu;yukselis;yukari;2,54;1,32;2;29,2;3,69;37744738;25,30;AL;POZITIF;AL;POZITIF;ARTIYOR;AL;AL;NOTR;6;01.09.2026
KORDS;GUCLU AL;;77,3;35,0;23,6;18,7;0;0;guclu trend;30,9;52,5;58,2;yukari;guclu;yukselis;yukari;0,13;1,22;2;84,2;0,24;31041509;80,94;SAT;POZITIF;AL;NEGATIF;AZALIYOR;SAT;SAT;NOTR;2;01.09.2026
ENJSA;izle;;76,8;28,8;24,8;23,2;32;3;ilimli;14,2;51,1;61,3;yukari;guclu;yukselis;yukari;0,40;0,32;1;110,9;0,73;201191009;103,75;AL;POZITIF;NOTR;POZITIF;AZALIYOR;SAT;SAT;NOTR;3;01.09.2026
EUKYO;GUCLU AL;EVET;76,7;35,0;20,1;21,6;0;0;guclu trend;48,3;49,6;49,5;yukari;guclu;yukselis;yukari;0,18;1,14;2;13,05;0,38;2326554;12,26;SAT;NEGATIF;AL;POZITIF;AZALIYOR;SAT;SAT;PAHALI (SAT);2;01.09.2026
ARDYZ;GUCLU AL;;76,5;35,0;23,1;18,4;0;0;guclu trend;55,2;49,8;65,1;yukari;guclu;yukselis;yukari;0,46;1,34;2;82,85;-4,22;200352344;80,55;SAT;NEGATIF;AL;NEGATIF;ARTIYOR;SAT;SAT;NOTR;1;01.09.2026
KTLEV;AL;;75,8;28,6;29,1;18,1;0;0;ilimli;16,5;52,0;60,6;yukari;guclu;yukselis;yukari;0,55;1,11;1;57,95;-7,72;3257890528;53,21;AL;POZITIF;NOTR;NEGATIF;ARTIYOR;SAT;SAT;PAHALI (SAT);2;01.09.2026
SOKM;AL;;75,6;30,3;23,6;21,7;22;2;ilimli;17,8;53,7;65,9;yukari;guclu;yukselis;yukari;0,33;1,08;2;55,45;0,09;97204682;52,67;SAT;POZITIF;NOTR;POZITIF;AZALIYOR;SAT;SAT;NOTR;2;01.09.2026
INVES;GUCLU AL;;75,5;29,5;24,1;21,9;0;0;guclu trend;23,0;53,9;58,9;yukari;guclu;yukselis;yukari;0,37;1,79;1;793,5;0,83;26506074;779,75;SAT;POZITIF;SAT;POZITIF;AZALIYOR;SAT;SAT;NOTR;2;01.09.2026
ATATP;GUCLU AL;;75,5;35,0;24,5;16,0;0;0;guclu trend;50,3;54,0;57,0;yukari;guclu;yukselis;yukari;0,31;1,55;1;294,5;-1,59;158404188;267,66;SAT;POZITIF;AL;POZITIF;AZALIYOR;SAT;SAT;NOTR;3;01.09.2026
NTGAZ;izle;;75,4;23,0;28,1;24,2;32;3;ilimli;20,3;62,5;73,2;yukari;guclu;yukselis;yukari;0,82;1,16;1;11,77;1,12;41170001;10,47;AL;POZITIF;AL;POZITIF;ARTIYOR;AL;AL;NOTR;6;01.09.2026
TRALT;GUCLU AL;;75,1;31,5;23,4;20,2;10;1;guclu trend;21,0;48,8;64,8;yukari;zayif;zayif;yukari;0,28;0,23;1;50,5;-4,54;1726205847;48,12;AL;NEGATIF;AL;POZITIF;ARTIYOR;SAT;SAT;NOTR;3;01.09.2026
RODRG;AL;;74,7;22,6;29,2;22,9;0;0;ilimli;16,2;59,8;48,3;yukari;guclu;yukselis;yukari;0,64;1,15;2;27;2,35;4849956;22,52;AL;POZITIF;NOTR;POZITIF;ARTIYOR;AL;AL;NOTR;5;01.09.2026
CRFSA;izle;;74,2;27,0;26,0;21,2;20;0;guclu trend;55,2;64,9;62,3;asagi;guclu;yukselis;yukari;0,71;3,86;1;303;4,94;629282217;337,96;SAT;POZITIF;AL;POZITIF;ARTIYOR;AL;AL;NOTR;5;01.09.2026
OYAKC;AL;;74,2;20,9;28,8;24,5;0;0;zayif;25,4;57,4;79,0;yukari;guclu;yukselis;yukari;0,29;1,19;1;22,34;-0,62;162286428;21,29;AL;POZITIF;AL;POZITIF;AZALIYOR;SAT;SAT;NOTR;4;01.09.2026
BLUME;AL;;73,8;21,5;30,0;22,2;18;1;zayif;20,5;60,0;57,1;yukari;guclu;yukselis;yukari;0,73;1,72;2;41,22;-1,58;91513429;38,48;AL;POZITIF;SAT;POZITIF;ARTIYOR;SAT;SAT;NOTR;3;01.09.2026
FRIGO;AL;;73,7;27,2;30,0;16,6;10;1;zayif;22,7;65,9;71,0;yukari;guclu;yukselis;yukari;0,20;2,09;1;2,62;-1,50;22525269;2,39;AL;POZITIF;AL;POZITIF;ARTIYOR;AL;SAT;NOTR;5;01.09.2026
YKBNK;AL;;73,6;28,6;27,0;17,9;30;2;guclu trend;20,5;59,8;65,3;yukari;guclu;yukselis;yukari;0,64;1,17;1;36,98;1,26;4597177760;34,06;AL;POZITIF;AL;POZITIF;AZALIYOR;SAT;SAT;NOTR;4;01.09.2026
SAHOL;AL;;73,1;23,2;27,8;22,0;30;2;zayif;23,4;63,9;55,3;yukari;guclu;yukselis;yukari;0,52;1,40;1;94,4;1,29;1795666982;88,21;AL;POZITIF;AL;POZITIF;ARTIYOR;SAT;SAT;NOTR;4;01.09.2026
RALYH;izle;;72,9;32,5;24,7;15,7;32;3;guclu trend;23,7;57,6;55,4;yukari;guclu;yukselis;yukari;0,18;1,56;2;265,5;-2,12;101426841;235,74;SAT;POZITIF;AL;NEGATIF;AZALIYOR;SAT;SAT;NOTR;2;01.09.2026
METRO;AL;;72,7;28,5;23,8;20,4;0;0;ilimli;15,7;51,4;52,5;yukari;zayif;zayif;yukari;0,47;0,53;1;8,52;-2,85;29108060;7,70;AL;POZITIF;NOTR;NEGATIF;ARTIYOR;SAT;SAT;NOTR;2;01.09.2026
ADGYO;AL;;72,6;29,8;22,6;20,2;6;0;guclu trend;25,3;51,8;55,7;yukari;guclu;yukselis;yukari;0,36;0,61;3;57,95;0,17;21637545;54,81;SAT;POZITIF;SAT;POZITIF;AZALIYOR;SAT;SAT;NOTR;2;01.09.2026
VAKBN;AL;;72,1;22,0;27,3;22,8;0;0;ilimli;20,1;57,3;65,0;yukari;guclu;yukselis;yukari;0,73;1,02;0;32,58;2,65;1118193362;29,98;AL;POZITIF;AL;POZITIF;AZALIYOR;AL;SAT;NOTR;5;01.09.2026
MANAS;AL;;71,9;32,3;24,5;15,0;6;0;guclu trend;23,1;58,4;66,6;yukari;guclu;yukselis;yukari;0,41;1,44;3;33,1;0,00;290364388;30,47;SAT;POZITIF;AL;NEGATIF;AZALIYOR;SAT;SAT;NOTR;2;01.09.2026
EYGYO;AL;;71,7;18,4;29,4;23,8;18;1;zayif;25,9;59,0;76,2;yukari;guclu;yukselis;yukari;0,15;1,26;0;2,75;-0,72;5220606;2,33;AL;POZITIF;AL;POZITIF;AZALIYOR;AL;AL;NOTR;6;01.09.2026
DUNYH;AL;;71,5;35,0;17,7;18,8;16;1;guclu trend;30,2;45,5;62,3;yukari;guclu;yukselis;yukari;0,11;0,17;3;145,8;0,55;17361572;140,93;SAT;NEGATIF;AL;NEGATIF;AZALIYOR;SAT;SAT;NOTR;1;01.09.2026
ARTMS;AL;EVET;70,9;19,2;27,0;24,8;10;1;zayif;20,6;60,8;71,2;yukari;guclu;yukselis;yukari;0,92;1,12;0;42;4,43;52433808;36,10;AL;POZITIF;AL;POZITIF;ARTIYOR;AL;SAT;NOTR;5;01.09.2026
POLHO;izle;;70,7;35,0;13,4;22,3;10;1;guclu trend;32,1;43,8;42,5;yukari;zayif;zayif;yukari;0,57;-0,07;2;21,56;-1,10;18668481;20,89;SAT;NEGATIF;AL;NEGATIF;AZALIYOR;SAT;SAT;NOTR;1;01.09.2026
AKBNK;AL;;70,6;23,0;27,4;20,1;8;0;zayif;21,3;60,4;54,4;yukari;guclu;yukselis;yukari;0,55;1,24;1;72,85;1,39;5641879687;66,67;AL;POZITIF;AL;POZITIF;AZALIYOR;SAT;SAT;NOTR;4;01.09.2026
HKTM;AL;;70,3;30,0;29,4;11,0;20;1;zayif;54,4;58,5;55,6;yukari;guclu;yukselis;yukari;0,65;1,23;4;13,89;0,94;147898456;12,25;AL;POZITIF;AL;POZITIF;AZALIYOR;SAT;SAT;NOTR;4;01.09.2026
GSDDE;AL;;70,2;34,2;18,1;17,9;0;0;guclu trend;28,0;49,2;72,0;yukari;zayif;zayif;yukari;0,16;0,20;1;13,48;0,15;13045162;12,38;SAT;NEGATIF;AL;POZITIF;AZALIYOR;SAT;SAT;NOTR;2;01.09.2026
SANFM;izle;;70,2;27,0;24,3;18,9;0;0;guclu trend;32,0;48,3;75,7;asagi;guclu;yukselis;yukari;0,75;0,35;1;9,74;-6,26;37868399;11,54;AL;NEGATIF;AL;POZITIF;ARTIYOR;SAT;SAT;NOTR;3;01.09.2026
PKART;izle;;70,0;23,8;27,4;18,8;8;0;guclu trend;21,8;55,5;61,7;asagi;guclu;yukselis;yukari;0,70;0,82;0;135;9,93;51191460;140,43;AL;POZITIF;AL;POZITIF;ARTIYOR;SAT;SAT;NOTR;4;01.09.2026
EPLAS;izle;;69,9;22,8;25,5;21,6;48;4;zayif;32,1;52,3;49,2;yukari;guclu;yukselis;yukari;0,29;0,38;1;5,88;-0,84;9121221;5,32;AL;POZITIF;AL;POZITIF;AZALIYOR;SAT;SAT;NOTR;4;01.09.2026
AKCNS;AL;;69,8;28,7;21,1;20,0;10;1;ilimli;13,9;51,7;33,1;yukari;guclu;yukselis;yukari;0,23;1,22;2;241,2;-0,08;16565375;231,75;SAT;POZITIF;NOTR;NEGATIF;AZALIYOR;SAT;SAT;NOTR;1;01.09.2026
EBEBK;izle;;69,6;25,2;23,5;21,0;10;1;guclu trend;25,4;49,2;78,8;asagi;zayif;zayif;yukari;0,41;0,26;0;82,35;-2,89;22680672;87,54;AL;NEGATIF;AL;POZITIF;ARTIYOR;SAT;SAT;NOTR;3;01.09.2026
MTRKS;AL;;69,5;34,3;23,7;11,5;0;0;guclu trend;28,2;52,8;67,3;yukari;guclu;yukselis;yukari;0,21;1,17;1;32,24;-0,68;12118726;31,00;SAT;POZITIF;AL;NEGATIF;AZALIYOR;SAT;SAT;NOTR;2;01.09.2026
AVPGY;AL;;69,3;16,2;29,4;23,7;0;0;zayif;19,1;66,2;63,3;yukari;guclu;yukselis;yukari;0,81;1,77;1;56,5;3,29;29273611;50,98;AL;POZITIF;NOTR;POZITIF;ARTIYOR;AL;AL;NOTR;5;01.09.2026
KRDMB;AL;;69,1;28,8;17,0;23,4;0;0;ilimli;13,9;48,5;51,7;yukari;zayif;zayif;yukari;0,83;0,59;1;130,7;-2,32;212402138;121,64;SAT;NEGATIF;NOTR;NEGATIF;ARTIYOR;AL;SAT;PAHALI (SAT);1;01.09.2026
EUPWR;izle;;68,8;26,8;23,6;18,4;0;0;guclu trend;29,6;47,1;62,1;asagi;zayif;zayif;yukari;0,31;0,39;1;92,35;-9,99;435431174;112,06;AL;NEGATIF;AL;NEGATIF;ARTIYOR;SAT;SAT;NOTR;2;01.09.2026
BUCIM;AL;;68,7;15,0;30,0;23,7;18;0;zayif;35,8;65,9;87,7;yukari;guclu;yukselis;yukari;0,34;2,24;0;5,8;1,40;10397103;5,32;AL;POZITIF;AL;POZITIF;AZALIYOR;AL;AL;UCUZ (AL);6;01.09.2026
KLGYO;AL;;68,3;15,0;30,0;23,3;0;0;zayif;31,2;64,1;79,9;yukari;guclu;yukselis;yukari;0,75;1,78;1;5,11;3,44;35169243;4,49;AL;POZITIF;AL;POZITIF;ARTIYOR;AL;SAT;NOTR;5;01.09.2026
HALKB;AL;;68,2;28,0;30,0;10,2;0;0;ilimli;31,3;62,5;33,2;yukari;guclu;yukselis;yukari;0,80;1,95;2;42,32;0,33;1465202448;40,42;AL;POZITIF;AL;POZITIF;AZALIYOR;AL;SAT;NOTR;5;01.09.2026
ISGYO;izle;;68,0;30,2;16,4;21,3;40;4;guclu trend;28,5;45,2;46,4;yukari;zayif;zayif;yukari;0,46;0,30;0;26,3;0,00;28377437;25,24;SAT;NEGATIF;SAT;NEGATIF;AZALIYOR;SAT;SAT;NOTR;0;01.09.2026
SKYMD;AL;;67,8;28,7;17,3;21,9;10;1;ilimli;13,7;50,2;49,6;yukari;zayif;zayif;yukari;0,24;0,23;1;14,56;0,41;7024545;13,12;SAT;POZITIF;NOTR;NEGATIF;AZALIYOR;SAT;AL;NOTR;2;01.09.2026
KLYPV;AL;;67,3;23,8;24,1;19,4;0;0;zayif;27,5;52,2;71,0;yukari;guclu;yukselis;yukari;0,31;0,38;0;61,8;-0,64;49027300;59,40;AL;POZITIF;AL;POZITIF;AZALIYOR;SAT;SAT;NOTR;4;01.09.2026
PETUN;AL;;67,1;17,7;26,0;23,4;0;0;zayif;29,2;61,8;82,1;yukari;guclu;yukselis;yukari;0,73;0,76;1;11,78;-1,26;21985803;10,87;AL;POZITIF;AL;POZITIF;AZALIYOR;AL;SAT;NOTR;5;01.09.2026
PCILT;AL;;66,9;32,2;23,1;11,6;0;0;guclu trend;22,7;49,6;73,7;yukari;zayif;zayif;yukari;0,29;0,14;2;33,02;-2,42;22873284;29,53;AL;NEGATIF;AL;POZITIF;AZALIYOR;SAT;SAT;NOTR;3;01.09.2026
TSPOR;AL;;66,6;26,6;22,5;17,5;10;1;zayif;48,1;49,4;65,4;yukari;guclu;yukselis;yukari;0,37;0,58;2;1,06;-2,75;178270504;1,05;SAT;NEGATIF;AL;NEGATIF;ARTIYOR;SAT;SAT;NOTR;1;01.09.2026
BIGTK;AL;;66,3;29,0;19,8;17,5;10;0;ilimli;19,7;46,4;58,5;yukari;guclu;yukselis;yukari;0,20;0,35;4;331;-3,99;40617010;308,63;SAT;NEGATIF;NOTR;NEGATIF;ARTIYOR;SAT;SAT;NOTR;0;01.09.2026
BJKAS;izle;;66,2;27,0;23,2;16,0;0;0;guclu trend;45,6;51,0;60,3;asagi;guclu;yukselis;yukari;0,69;1,02;0;2,24;1,36;599336898;2,93;SAT;POZITIF;AL;POZITIF;AZALIYOR;SAT;SAT;NOTR;3;01.09.2026
ERSU;izle;;66,0;31,1;17,6;17,3;0;0;zayif;20,0;47,2;59,0;yukari;guclu;zayif;yukari;0,67;-0,10;0;24,58;-2,85;6242165;22,74;SAT;NEGATIF;NOTR;NEGATIF;ARTIYOR;SAT;SAT;NOTR;0;01.09.2026
VANGD;AL;;65,8;35,0;18,3;12,5;0;0;guclu trend;35,7;47,4;47,4;yukari;guclu;yukselis;yukari;0,32;0,26;0;96,5;-2,18;6061358;88,63;SAT;NEGATIF;AL;NEGATIF;AZALIYOR;SAT;SAT;NOTR;1;01.09.2026
OZKGY;AL;;65,3;20,0;24,9;20,3;8;0;zayif;30,2;58,3;64,0;yukari;guclu;zayif;yukari;0,40;0,78;1;13,69;1,03;30969970;12,25;AL;POZITIF;AL;POZITIF;AZALIYOR;AL;SAT;NOTR;5;01.09.2026
BOBET;izle;;65,2;24,8;26,7;13,7;32;3;zayif;37,0;53,3;62,5;yukari;guclu;yukselis;yukari;0,14;0,70;1;19,97;-0,15;21645443;18,10;AL;POZITIF;AL;POZITIF;AZALIYOR;SAT;SAT;NOTR;4;01.09.2026
AKMGY;AL;;64,6;29,5;19,9;15,2;10;0;ilimli;15,9;50,3;58,5;yukari;guclu;yukselis;yukari;0,34;0,38;4;262;-0,57;3899084;241,49;SAT;POZITIF;NOTR;NEGATIF;AZALIYOR;SAT;SAT;NOTR;1;01.09.2026
BRKVY;AL;;64,4;17,5;29,4;17,5;0;0;zayif;33,9;62,7;76,9;yukari;guclu;yukselis;yukari;0,48;1,25;0;87,3;-0,23;22398125;75,52;AL;POZITIF;AL;POZITIF;AZALIYOR;AL;AL;NOTR;6;01.09.2026
DURDO;izle;;64,2;21,4;22,1;20,7;0;0;ilimli;15,6;50,9;55,3;asagi;zayif;zayif;yukari;0,29;0,18;2;5,04;0,80;3148669;5,27;AL;POZITIF;NOTR;NEGATIF;AZALIYOR;AL;AL;NOTR;4;01.09.2026
YGGYO;izle;;63,6;29,2;16,5;17,9;0;0;zayif;15,0;49,3;45,1;yukari;zayif;zayif;yukari;0,45;-0,00;1;225,9;-3,42;16641601;215,58;SAT;NEGATIF;NOTR;POZITIF;ARTIYOR;AL;AL;NOTR;3;01.09.2026
DOCO;izle;;63,2;29,0;12,8;21,4;22;2;zayif;19,7;43,9;44,6;yukari;zayif;zayif;yukari;0,56;-0,04;2;11182,5;-1,91;33379763;10942,74;SAT;NEGATIF;NOTR;NEGATIF;AZALIYOR;SAT;SAT;NOTR;0;01.09.2026
OZRDN;AL;;62,8;21,0;22,7;19,1;0;0;ilimli;11,1;53,7;58,1;yukari;zayif;zayif;yukari;1,07;0,10;2;29,76;-2,30;7877442;25,42;AL;POZITIF;NOTR;POZITIF;AZALIYOR;AL;AL;NOTR;5;01.09.2026
ISBTR;AL;;62,3;28,0;18,3;16,0;0;0;ilimli;11,5;48,7;55,6;yukari;zayif;zayif;yukari;0,22;0,54;1;502625;-3,34;502625;482449,90;SAT;NEGATIF;NOTR;POZITIF;ARTIYOR;SAT;SAT;NOTR;1;01.09.2026
EKGYO;AL;;62,2;16,5;24,7;21,1;0;0;zayif;24,6;55,8;59,2;yukari;guclu;zayif;yukari;0,44;0,61;2;20,04;0,20;1094576203;18,55;AL;POZITIF;AL;POZITIF;AZALIYOR;SAT;SAT;NOTR;4;01.09.2026
KRONT;izle;;61,9;34,2;10,9;16,8;6;0;guclu trend;27,9;43,4;53,9;yukari;zayif;zayif;yukari;0,39;-0,24;3;23,86;-4,41;13913076;23,51;SAT;NEGATIF;AL;NEGATIF;ARTIYOR;SAT;SAT;NOTR;1;01.09.2026
ENDAE;AL;;61,9;35,0;18,9;8,0;22;2;guclu trend;31,8;48,8;72,9;yukari;guclu;yukselis;yukari;0,13;0,21;2;17,99;-0,77;18165672;16,70;SAT;NEGATIF;AL;NEGATIF;AZALIYOR;SAT;SAT;NOTR;1;01.09.2026
PAGYO;izle;;61,8;32,1;11,0;18,7;0;0;guclu trend;22,5;44,9;37,4;yukari;zayif;zayif;yukari;0,29;-0,34;2;150,7;-1,57;4621366;143,65;SAT;NEGATIF;AL;NEGATIF;AZALIYOR;SAT;AL;NOTR;2;01.09.2026
ASTOR;AL;;61,8;30,1;18,8;12,9;10;1;ilimli;17,4;47,7;50,8;yukari;guclu;yukselis;yukari;0,62;0,28;2;319;-2,07;6509720712;300,57;SAT;NEGATIF;NOTR;NEGATIF;ARTIYOR;SAT;SAT;NOTR;0;01.09.2026
MNDRS;AL;;61,3;20,0;26,7;14,6;0;0;zayif;33,8;54,5;69,5;yukari;guclu;yukselis;asagi;0,14;0,71;0;11,58;-0,34;5380276;10,97;AL;POZITIF;AL;POZITIF;AZALIYOR;SAT;SAT;UCUZ (AL);4;01.09.2026
PNSUT;AL;;60,8;13,7;24,4;22,7;0;0;zayif;26,6;58,7;82,3;yukari;guclu;yukselis;asagi;1,32;0,41;1;11,36;-3,65;52539330;10,32;AL;POZITIF;AL;POZITIF;ARTIYOR;AL;SAT;NOTR;5;01.09.2026
KNFRT;AL;;60,8;19,7;25,1;16,0;0;0;zayif;20,2;53,6;80,5;yukari;guclu;yukselis;yukari;0,25;0,40;2;12,58;-2,02;17947811;11,09;AL;POZITIF;AL;POZITIF;AZALIYOR;SAT;SAT;NOTR;4;01.09.2026
CANTE;AL;;60,5;13,6;29,2;17,7;0;0;zayif;26,4;64,2;75,2;yukari;guclu;yukselis;asagi;1,04;1,16;1;1,35;-2,17;397183234;1,23;AL;POZITIF;AL;POZITIF;ARTIYOR;AL;AL;UCUZ (AL);6;01.09.2026
GARAN;AL;;60,4;13,6;24,7;22,2;8;0;zayif;20,2;55,8;61,8;yukari;guclu;zayif;yukari;0,52;0,63;2;133;1,60;2342920286;124,55;AL;POZITIF;AL;POZITIF;AZALIYOR;SAT;SAT;NOTR;4;01.09.2026
ZRGYO;izle;;60,3;19,6;24,0;16,8;50;5;zayif;27,6;59,9;62,0;yukari;guclu;yukselis;yukari;0,27;1,38;4;19,58;0,31;5336079;18,29;SAT;POZITIF;AL;POZITIF;AZALIYOR;SAT;SAT;NOTR;3;01.09.2026
ARMGD;izle;;59,9;28,8;12,5;18,6;22;2;ilimli;17,6;44,3;56,1;yukari;zayif;zayif;yukari;0,24;0,16;2;187,5;0,86;46887563;181,05;SAT;NEGATIF;NOTR;NEGATIF;AZALIYOR;SAT;SAT;PAHALI (SAT);0;01.09.2026
DMRGD;izle;;59,8;21,3;20,2;18,2;10;0;guclu trend;21,5;48,5;62,7;asagi;zayif;zayif;yukari;2,70;0,32;4;11,28;-3,59;890214803;12,14;AL;NEGATIF;SAT;POZITIF;ARTIYOR;AL;SAT;PAHALI (SAT);3;01.09.2026
GSRAY;izle;;59,7;20,0;25,7;14,1;0;0;zayif;43,4;51,6;87,4;yukari;guclu;yukselis;asagi;0,23;0,42;1;1,07;-1,83;68598079;1,04;AL;POZITIF;AL;POZITIF;AZALIYOR;SAT;SAT;UCUZ (AL);4;01.09.2026
PETKM;izle;;59,7;11,1;26,3;22,4;8;0;ilimli;13,0;56,2;80,1;asagi;guclu;yukselis;yukari;0,80;0,69;0;20,62;2,79;1303997624;21,04;AL;POZITIF;NOTR;POZITIF;ARTIYOR;AL;AL;NOTR;5;01.09.2026
MOGAN;izle;;57,9;30,4;10,7;16,7;32;3;guclu trend;30,5;39,0;36,8;yukari;zayif;zayif;yukari;0,41;-0,23;2;17,79;-6,76;168570711;17,53;SAT;NEGATIF;SAT;NEGATIF;ARTIYOR;SAT;SAT;NOTR;0;01.09.2026
OYYAT;izle;;57,3;12,3;27,0;18,0;0;0;zayif;23,0;62,0;80,4;yukari;guclu;yukselis;asagi;3,09;0,67;1;39,52;9,72;54869963;33,59;AL;POZITIF;AL;POZITIF;ARTIYOR;AL;SAT;NOTR;5;01.09.2026
TRGYO;izle;;57,0;22,0;20,6;14,4;0;0;zayif;19,2;49,2;57,4;yukari;zayif;zayif;yukari;0,50;-0,19;1;95,05;-1,50;73369570;91,22;AL;NEGATIF;NOTR;POZITIF;AZALIYOR;SAT;SAT;NOTR;2;01.09.2026
HURGZ;izle;;56,8;30,1;16,9;9,9;6;0;guclu trend;27,3;46,5;64,8;yukari;guclu;yukselis;yukari;0,65;-0,14;3;7,18;4,82;45007263;6,80;SAT;NEGATIF;SAT;NEGATIF;AZALIYOR;SAT;AL;NOTR;1;01.09.2026
BINBN;izle;;56,7;29,0;14,7;13,0;10;1;zayif;30,5;46,4;53,9;yukari;zayif;zayif;asagi;0,51;-0,34;1;175,8;0,46;27875903;165,95;SAT;NEGATIF;AL;NEGATIF;AZALIYOR;SAT;SAT;NOTR;1;01.09.2026
SONME;izle;;56,4;24,8;21,0;10,7;6;0;zayif;35,1;51,8;52,4;yukari;guclu;yukselis;yukari;0,06;0,47;3;137,4;0,96;411238;126,44;SAT;POZITIF;AL;NEGATIF;AZALIYOR;SAT;SAT;NOTR;2;01.09.2026
ADEL;izle;;56,2;20,0;25,7;10,5;10;1;zayif;36,9;50,2;60,8;yukari;guclu;yukselis;asagi;0,30;0,13;0;33,14;-2,82;63504558;31,81;AL;POZITIF;AL;POZITIF;AZALIYOR;SAT;SAT;NOTR;4;01.09.2026
ENKAI;izle;;56,1;20,5;22,1;13,5;0;0;zayif;26,7;54,9;55,3;yukari;zayif;zayif;asagi;0,33;-0,01;0;88,35;1,09;510207379;80,56;AL;POZITIF;AL;POZITIF;AZALIYOR;AL;SAT;NOTR;5;01.09.2026
KERVN;izle;;55,8;22,4;22,0;11,4;28;2;guclu trend;29,5;47,7;35,7;asagi;guclu;yukselis;yukari;0,28;2,08;3;9,6;2,56;3571776;10,71;SAT;NEGATIF;SAT;NEGATIF;AZALIYOR;SAT;SAT;PAHALI (SAT);0;01.09.2026
BAGFS;izle;;55,5;15,0;25,9;14,5;40;3;zayif;36,1;56,6;69,9;yukari;guclu;yukselis;asagi;0,23;0,39;0;26,4;-0,15;7045289;24,47;AL;POZITIF;AL;NEGATIF;AZALIYOR;SAT;SAT;NOTR;3;01.09.2026
RNPOL;izle;;53,8;26,7;16,4;10,7;0;0;zayif;14,9;47,3;69,3;yukari;zayif;zayif;asagi;0,12;-0,22;1;2,44;-0,81;1089933;2,19;SAT;NEGATIF;NOTR;NEGATIF;AZALIYOR;SAT;SAT;NOTR;0;01.09.2026
KAYSE;izle;;53,2;15,0;24,9;13,3;8;0;zayif;42,5;59,5;78,9;yukari;guclu;yukselis;asagi;0,56;0,50;0;4,18;-0,71;26869345;3,85;AL;POZITIF;AL;POZITIF;AZALIYOR;AL;SAT;NOTR;5;01.09.2026
ESEN;izle;;53,1;15,0;24,4;13,7;8;0;zayif;34,9;54,7;60,1;yukari;guclu;yukselis;asagi;0,36;0,34;2;3,63;0,00;45184047;3,37;AL;POZITIF;AL;POZITIF;AZALIYOR;AL;SAT;UCUZ (AL);5;01.09.2026
GUNDG;izle;;52,4;29,2;7,2;16,0;0;0;guclu trend;20,5;39,9;78,7;yukari;zayif;zayif;yukari;0,12;-1,16;1;1515;-9,06;102259470;1413,91;SAT;NEGATIF;SAT;NEGATIF;AZALIYOR;SAT;SAT;PAHALI (SAT);0;01.09.2026
GLRMK;izle;;52,4;21,1;17,1;14,2;0;0;zayif;34,0;48,0;48,2;yukari;guclu;zayif;asagi;0,24;-0,18;1;170,3;0,41;216770613;160,87;SAT;NEGATIF;AL;NEGATIF;AZALIYOR;SAT;SAT;NOTR;1;01.09.2026
GIPTA;izle;;52,4;22,5;21,8;8,0;0;0;guclu trend;40,2;47,7;80,1;asagi;guclu;yukselis;yukari;0,45;0,22;1;76,4;-9,96;240587191;100,20;SAT;NEGATIF;AL;NEGATIF;ARTIYOR;SAT;SAT;NOTR;1;01.09.2026
TTRAK;izle;;52,2;13,3;23,4;15,5;8;0;zayif;25,6;55,0;77,2;yukari;zayif;zayif;asagi;0,48;0,27;2;431;0,82;23985150;407,42;AL;POZITIF;AL;POZITIF;AZALIYOR;SAT;SAT;UCUZ (AL);4;01.09.2026
GLYHO;izle;;52,2;21,6;10,4;20,2;0;0;zayif;16,1;44,0;45,5;asagi;zayif;zayif;yukari;0,25;-0,51;2;16,62;0,42;11991413;17,60;SAT;NEGATIF;NOTR;NEGATIF;AZALIYOR;SAT;SAT;NOTR;0;01.09.2026
BYDNR;izle;;51,5;25,6;15,5;10,3;22;2;zayif;23,9;46,3;48,1;yukari;zayif;zayif;asagi;1,02;-0,34;2;38,18;-0,57;25937316;35,98;SAT;NEGATIF;AL;NEGATIF;ARTIYOR;SAT;AL;NOTR;2;01.09.2026
MARKA;izle;;50,4;20,1;14,7;15,6;46;4;ilimli;12,8;45,1;41,0;asagi;zayif;zayif;yukari;0,95;0,21;3;82,55;-0,78;35583178;90,30;SAT;NEGATIF;NOTR;NEGATIF;ARTIYOR;SAT;SAT;NOTR;0;31.08.2026
GLRYH;izle;;50,3;13,0;23,6;13,7;0;0;zayif;24,8;52,4;82,5;yukari;guclu;yukselis;asagi;0,29;0,02;0;3,24;1,25;9387446;3,03;AL;POZITIF;AL;POZITIF;AZALIYOR;SAT;SAT;NOTR;4;01.09.2026
EREGL;izle;;49,6;15,2;15,7;18,8;0;0;zayif;17,6;44,8;57,3;asagi;zayif;zayif;yukari;0,30;-0,75;0;38,44;-0,88;2151042972;41,35;AL;NEGATIF;NOTR;POZITIF;AZALIYOR;AL;SAT;NOTR;3;01.09.2026
KONYA;izle;;49,4;13,0;24,2;12,2;10;1;zayif;24,8;55,4;58,9;yukari;guclu;zayif;asagi;0,53;0,47;1;3870;-0,26;25213050;3704,36;AL;POZITIF;AL;POZITIF;AZALIYOR;AL;AL;UCUZ (AL);6;01.09.2026
BIENY;izle;;49,3;12,7;24,4;12,2;8;0;zayif;24,1;55,5;93,1;yukari;guclu;yukselis;asagi;0,19;0,34;1;22,04;-0,27;15522662;20,10;AL;POZITIF;AL;POZITIF;AZALIYOR;AL;SAT;UCUZ (AL);5;01.09.2026
KARSN;izle;;48,9;10,6;20,3;18,0;0;0;zayif;18,6;60,2;67,0;yukari;zayif;zayif;asagi;2,02;0,07;2;10,5;6,28;345142077;9,16;AL;POZITIF;NOTR;POZITIF;ARTIYOR;AL;AL;NOTR;5;01.09.2026
NIBAS;izle;;48,7;11,9;28,9;7,9;0;0;zayif;22,1;62,1;67,6;yukari;guclu;yukselis;asagi;0,88;1,02;2;4,46;9,85;78879453;3,94;AL;POZITIF;AL;POZITIF;ARTIYOR;AL;SAT;NOTR;5;01.09.2026
IZMDC;izle;;48,6;22,4;10,2;16,0;22;2;guclu trend;30,6;39,8;46,2;asagi;zayif;zayif;yukari;0,65;-0,32;2;11,55;-8,04;80086834;14,48;SAT;NEGATIF;SAT;NEGATIF;ARTIYOR;SAT;SAT;NOTR;0;01.09.2026
OBAMS;izle;;48,3;15,0;25,3;8,0;8;0;zayif;32,6;57,1;70,5;yukari;guclu;yukselis;asagi;0,65;0,04;1;5,63;-3,43;175974737;4,87;AL;POZITIF;AL;POZITIF;AZALIYOR;AL;AL;UCUZ (AL);6;01.09.2026
SDTTR;izle;;47,8;28,4;9,6;9,7;0;0;zayif;22,2;43,1;57,4;yukari;zayif;zayif;asagi;0,35;-0,76;1;21,64;-2,96;87108704;20,76;SAT;NEGATIF;AL;NEGATIF;AZALIYOR;SAT;SAT;NOTR;1;01.09.2026
SNGYO;izle;;47,8;12,3;24,0;11,5;0;0;zayif;23,0;57,0;68,3;yukari;zayif;zayif;asagi;0,68;0,51;1;3,51;3,24;38659975;3,17;AL;POZITIF;AL;POZITIF;ARTIYOR;AL;SAT;UCUZ (AL);5;01.09.2026
GATEG;izle;;47,0;9,6;22,4;15,1;48;5;zayif;15,4;50,8;58,5;asagi;zayif;zayif;asagi;0,19;-0,03;2;295;0,00;826295;308,77;AL;POZITIF;NOTR;NEGATIF;AZALIYOR;AL;SAT;NOTR;3;01.09.2026
ISBIR;izle;;46,5;13,3;18,9;14,4;6;0;zayif;14,0;50,6;61,9;yukari;guclu;yukselis;asagi;0,14;0,17;3;72,7;0,00;290655;70,46;SAT;POZITIF;NOTR;NEGATIF;AZALIYOR;SAT;SAT;NOTR;1;01.09.2026
TUCLK;izle;;46,5;15,0;19,4;12,1;0;0;zayif;32,9;47,0;74,9;yukari;zayif;zayif;asagi;0,19;-0,70;0;3,87;-0,77;6544174;3,67;AL;NEGATIF;AL;NEGATIF;AZALIYOR;SAT;SAT;UCUZ (AL);2;01.09.2026
ULUUN;izle;;46,4;18,7;18,7;9,0;8;0;zayif;12,4;48,2;69,2;yukari;zayif;zayif;asagi;0,60;-0,35;2;8,47;0,00;47792017;7,98;AL;NEGATIF;NOTR;POZITIF;AZALIYOR;SAT;SAT;NOTR;2;01.09.2026
ETILR;izle;;46,4;28,1;9,3;9,0;6;0;zayif;12,8;42,6;55,9;yukari;zayif;zayif;yukari;0,16;-0,65;3;5,66;0,53;6195917;5,44;SAT;NEGATIF;NOTR;NEGATIF;AZALIYOR;SAT;SAT;NOTR;0;01.09.2026
TERA;izle;;46,3;10,1;28,3;8,0;10;1;zayif;17,4;62,4;76,2;yukari;guclu;yukselis;asagi;0,26;0,75;1;188,3;0,43;761037611;171,96;AL;POZITIF;NOTR;POZITIF;AZALIYOR;AL;AL;UCUZ (AL);5;01.09.2026
FENER;izle;;46,1;13,3;21,7;11,0;0;0;zayif;25,7;48,7;60,2;yukari;zayif;zayif;asagi;0,33;-0,27;1;3,13;0,00;151626377;3,05;AL;NEGATIF;AL;NEGATIF;AZALIYOR;SAT;SAT;NOTR;2;01.09.2026
PRKME;izle;;46,1;16,0;22,1;8,0;0;0;zayif;24,3;52,7;67,6;yukari;zayif;zayif;asagi;0,45;0,23;1;18,86;-3,38;37219588;16,33;AL;POZITIF;AL;POZITIF;AZALIYOR;AL;AL;NOTR;6;01.09.2026
TDGYO;izle;;46,0;16,4;18,7;10,9;10;1;zayif;20,8;48,8;44,3;yukari;zayif;zayif;asagi;0,30;-0,03;1;16,58;0,79;3767225;16,24;SAT;NEGATIF;AL;POZITIF;AZALIYOR;SAT;AL;UCUZ (AL);3;01.09.2026
ESCOM;izle;;45,3;28,2;9,1;8,0;46;4;zayif;13,6;43,5;34,3;yukari;zayif;zayif;yukari;0,46;-0,75;3;5,47;0,00;72995121;5,25;SAT;NEGATIF;NOTR;NEGATIF;AZALIYOR;SAT;SAT;NOTR;0;01.09.2026
PAPIL;izle;;45,0;13,6;23,0;8,3;8;0;zayif;26,5;56,5;84,5;yukari;zayif;zayif;asagi;0,44;0,24;1;13,48;-3,16;47536694;11,65;AL;POZITIF;AL;POZITIF;AZALIYOR;AL;AL;NOTR;6;01.09.2026
EDATA;izle;;45,0;28,1;7,9;9,0;0;0;zayif;12,9;39,7;59,1;yukari;zayif;zayif;yukari;0,22;-0,74;1;18;-4,36;18615726;17,57;SAT;NEGATIF;NOTR;NEGATIF;AZALIYOR;SAT;SAT;NOTR;0;01.09.2026
DYOBY;izle;;44,5;15,0;20,3;9,2;22;2;zayif;32,1;49,5;71,4;yukari;zayif;zayif;asagi;0,30;-0,53;0;13,44;-2,61;13019126;12,37;AL;NEGATIF;AL;NEGATIF;AZALIYOR;SAT;SAT;NOTR;2;01.09.2026
MZHLD;izle;;44,5;13,4;18,6;12,4;0;0;zayif;25,9;48,6;58,5;yukari;zayif;zayif;asagi;0,31;-0,78;1;5,4;0,75;554272;5,18;AL;NEGATIF;AL;POZITIF;AZALIYOR;SAT;SAT;NOTR;3;01.09.2026
PEKGY;izle;;44,1;26,9;9,2;8,0;32;3;zayif;29,7;41,3;76,1;asagi;zayif;zayif;asagi;0,10;-0,88;0;14,18;-9,97;211722261;16,98;SAT;NEGATIF;AL;NEGATIF;ARTIYOR;SAT;SAT;NOTR;1;01.09.2026
SEKUR;izle;;43,8;20,9;14,9;8,0;22;2;zayif;18,3;45,5;27,8;asagi;zayif;zayif;yukari;0,40;-0,25;2;10,27;3,22;9571774;11,78;SAT;NEGATIF;NOTR;NEGATIF;AZALIYOR;AL;AL;NOTR;2;01.09.2026
IZFAS;izle;;42,6;16,9;17,8;8,0;32;3;zayif;17,7;46,8;62,8;yukari;zayif;zayif;asagi;0,34;-0,75;2;58,2;-0,43;122865380;52,44;AL;NEGATIF;NOTR;POZITIF;AZALIYOR;AL;SAT;NOTR;3;01.09.2026
FORTE;izle;;42,5;22,4;12,1;8,0;16;1;guclu trend;34,2;43,4;57,7;asagi;zayif;zayif;yukari;0,18;-0,29;3;112;-1,84;66145520;137,17;SAT;NEGATIF;SAT;NEGATIF;AZALIYOR;SAT;SAT;NOTR;0;01.09.2026
KARTN;izle;;42,4;21,2;9,2;12,0;10;1;guclu trend;20,7;38,5;37,8;asagi;zayif;zayif;yukari;0,37;-1,01;2;160,7;-2,96;46275333;192,74;SAT;NEGATIF;SAT;NEGATIF;AZALIYOR;SAT;AL;NOTR;1;01.09.2026
CEOEM;izle;;41,9;1,8;23,0;17,1;8;0;zayif;12,1;54,4;51,5;asagi;zayif;zayif;yukari;0,24;0,32;1;25,2;0,24;7020518;26,21;AL;POZITIF;NOTR;NEGATIF;AZALIYOR;AL;SAT;NOTR;3;01.09.2026
ECILC;izle;;41,8;11,3;25,9;4,6;0;0;zayif;20,5;56,6;75,4;yukari;guclu;yukselis;asagi;0,41;0,35;1;77,4;-0,45;169415674;70,39;AL;POZITIF;AL;POZITIF;AZALIYOR;AL;SAT;NOTR;5;01.09.2026
GEDZA;izle;;41,5;14,1;19,4;8,0;0;0;zayif;25,3;47,7;71,6;yukari;zayif;zayif;asagi;0,33;-0,68;2;28,78;0,14;4799554;27,38;AL;NEGATIF;AL;POZITIF;AZALIYOR;SAT;SAT;NOTR;3;01.09.2026
ISKPL;izle;;41,2;9,1;24,1;8,0;0;0;zayif;14,7;50,3;66,5;yukari;guclu;yukselis;asagi;0,20;-0,99;1;8,21;0,24;87166859;7,02;AL;POZITIF;NOTR;POZITIF;AZALIYOR;SAT;SAT;NOTR;3;01.09.2026
ISDMR;izle;;40,8;13,5;18,2;9,1;0;0;zayif;13,3;46,2;77,5;asagi;zayif;zayif;asagi;0,56;-0,61;0;52,85;-0,84;51011666;56,72;AL;NEGATIF;NOTR;POZITIF;AZALIYOR;SAT;SAT;NOTR;2;01.09.2026
PAMEL;izle;;40,7;9,1;17,5;14,0;6;0;zayif;15,0;48,5;44,7;yukari;zayif;zayif;asagi;2,27;-0,84;3;78,75;4,03;48715459;73,17;AL;NEGATIF;NOTR;POZITIF;ARTIYOR;AL;AL;NOTR;4;01.09.2026
FMIZP;izle;;40,7;17,6;17,5;5,5;32;3;zayif;21,6;50,2;52,5;yukari;zayif;zayif;asagi;0,20;0,09;1;295,75;-0,17;4367932;280,92;SAT;POZITIF;AL;POZITIF;AZALIYOR;SAT;SAT;NOTR;3;01.09.2026
BERA;izle;;40,6;14,5;18,1;8,0;8;0;zayif;28,6;51,6;68,7;yukari;zayif;zayif;asagi;0,46;-0,89;1;13,76;1,18;51631442;12,59;AL;POZITIF;AL;POZITIF;AZALIYOR;AL;AL;NOTR;6;01.09.2026
BOSSA;izle;;40,5;15,0;13,9;11,6;6;0;zayif;17,0;45,7;64,2;yukari;zayif;zayif;asagi;0,34;-0,52;3;6,42;-0,47;9555913;6,19;SAT;NEGATIF;NOTR;NEGATIF;AZALIYOR;SAT;SAT;NOTR;0;01.09.2026
BESLR;izle;;40,4;11,3;19,7;9,5;30;2;zayif;20,4;49,2;49,6;yukari;zayif;zayif;asagi;0,24;-0,53;2;12,95;1,17;10435227;11,92;AL;NEGATIF;AL;NEGATIF;AZALIYOR;SAT;SAT;NOTR;2;01.09.2026
MAKTK;izle;;40,3;14,1;18,3;8,0;0;0;zayif;27,6;55,3;82,8;yukari;zayif;zayif;asagi;0,67;-0,64;1;10,51;-1,96;29806497;9,45;AL;POZITIF;AL;POZITIF;ARTIYOR;AL;SAT;NOTR;5;01.09.2026
IHLAS;izle;;40,2;15,0;17,2;8,0;8;0;zayif;32,2;50,5;62,4;yukari;zayif;zayif;asagi;0,37;-1,50;0;1,08;0,93;47310111;0,99;AL;POZITIF;AL;POZITIF;AZALIYOR;AL;SAT;UCUZ (AL);5;01.09.2026
COSMO;izle;;40,2;15,0;17,2;8,0;0;0;zayif;30,6;48,6;56,7;yukari;zayif;zayif;asagi;0,54;-1,10;1;124,5;0,16;4343183;120,67;AL;NEGATIF;AL;POZITIF;ARTIYOR;SAT;SAT;NOTR;3;01.09.2026
SANEL;izle;;40,1;13,4;14,0;12,7;6;0;zayif;15,0;45,7;43,3;asagi;zayif;zayif;yukari;0,98;-0,65;3;59,35;2,77;28734481;70,12;SAT;NEGATIF;NOTR;POZITIF;AZALIYOR;AL;AL;NOTR;3;01.09.2026
DSTKF;izle;;40,1;15,1;17,0;8,0;0;0;zayif;27,1;47,8;97,2;asagi;zayif;zayif;asagi;0,70;-1,09;0;2090;0,43;2226681820;2370,64;AL;NEGATIF;SAT;POZITIF;AZALIYOR;SAT;SAT;PAHALI (SAT);2;01.09.2026
KENT;izle;;40,0;7,3;22,6;10,1;10;1;zayif;17,8;49,4;58,6;asagi;guclu;zayif;asagi;0,27;-0,23;1;368,75;-0,14;647894;404,52;AL;NEGATIF;NOTR;POZITIF;AZALIYOR;SAT;SAT;UCUZ (AL);2;01.09.2026
DERIM;izle;;39,6;15,1;16,0;8,6;22;2;zayif;29,3;48,5;62,3;yukari;zayif;zayif;asagi;0,61;-0,25;1;36,36;1,45;10470335;34,92;SAT;NEGATIF;AL;POZITIF;ARTIYOR;SAT;SAT;NOTR;2;01.09.2026
OZGYO;izle;;39,6;13,1;18,5;8,0;6;0;zayif;31,4;46,5;54,3;asagi;zayif;zayif;asagi;0,10;-0,62;3;2,07;0,00;6060964;2,29;AL;NEGATIF;AL;POZITIF;AZALIYOR;SAT;SAT;NOTR;3;01.09.2026
YIGIT;izle;;39,5;11,2;19,1;9,2;0;0;zayif;20,3;49,5;81,7;yukari;zayif;zayif;asagi;0,26;-0,66;1;21,62;-0,28;17836457;20,59;AL;NEGATIF;AL;POZITIF;AZALIYOR;AL;SAT;NOTR;4;01.09.2026
GMTAS;izle;;39,5;20,0;9,3;10,1;0;0;zayif;12,3;43,3;43,6;asagi;zayif;zayif;yukari;0,17;-0,78;2;43,7;0,05;20402263;48,51;SAT;NEGATIF;NOTR;NEGATIF;AZALIYOR;SAT;SAT;NOTR;0;01.09.2026
AVGYO;izle;;39,5;21,1;10,4;8,0;0;0;zayif;19,9;44,6;52,8;asagi;zayif;zayif;yukari;0,10;-0,37;2;14,95;0,67;2729287;17,95;SAT;NEGATIF;NOTR;NEGATIF;AZALIYOR;SAT;AL;NOTR;1;01.09.2026
ODINE;izle;;39,4;22,4;9,0;8,0;0;0;guclu trend;29,8;39,0;50,8;asagi;zayif;zayif;yukari;0,67;-1,15;1;1928;-4,22;857059624;2486,69;SAT;NEGATIF;SAT;NEGATIF;ARTIYOR;SAT;AL;PAHALI (SAT);1;01.09.2026
AGYO;izle;;39,3;11,8;18,4;9,1;10;1;zayif;21,6;48,6;35,6;yukari;zayif;zayif;asagi;0,19;-0,83;2;7,47;-0,40;361212;7,21;AL;NEGATIF;AL;POZITIF;AZALIYOR;AL;SAT;NOTR;4;01.09.2026
GEREL;izle;;39,2;20,8;10,2;8,2;32;2;zayif;18,1;40,2;39,3;asagi;zayif;zayif;yukari;0,17;-0,81;4;38;-0,78;50206018;44,44;SAT;NEGATIF;NOTR;NEGATIF;AZALIYOR;SAT;SAT;NOTR;0;01.09.2026
ULKER;izle;;39,2;15,0;16,2;8,0;40;3;zayif;32,3;46,6;61,2;yukari;zayif;zayif;asagi;0,33;-1,83;1;90,95;1,11;233385158;89,00;AL;NEGATIF;AL;NEGATIF;AZALIYOR;SAT;SAT;UCUZ (AL);2;01.09.2026
AYES;izle;;39,0;13,3;16,3;9,4;0;0;zayif;14,2;49,7;39,9;asagi;zayif;zayif;yukari;0,11;-0,21;2;31;5,08;992031;32,95;SAT;NEGATIF;NOTR;NEGATIF;ARTIYOR;SAT;AL;NOTR;1;01.09.2026
TCKRC;izle;;38,9;21,7;7,8;9,4;6;0;guclu trend;24,8;39,5;51,5;asagi;zayif;zayif;yukari;0,75;-0,68;3;143,6;-2,71;343181598;167,41;SAT;NEGATIF;SAT;NEGATIF;ARTIYOR;SAT;SAT;NOTR;0;01.09.2026
HDFGS;izle;;38,8;0,0;20,6;18,1;0;0;zayif;10,6;52,0;56,3;asagi;zayif;zayif;asagi;1,27;-0,33;1;2,59;6,15;161609274;2,76;AL;POZITIF;NOTR;POZITIF;ARTIYOR;AL;SAT;NOTR;4;01.09.2026
MACKO;izle;;38,7;9,6;18,4;10,7;0;0;zayif;21,1;50,2;75,3;yukari;guclu;yukselis;asagi;0,25;-0,12;1;34,74;2,18;10530111;31,82;SAT;POZITIF;SAT;NEGATIF;AZALIYOR;SAT;SAT;NOTR;1;01.09.2026
ODAS;izle;;38,7;16,5;18,2;4,0;0;0;zayif;21,0;49,0;71,3;asagi;zayif;zayif;asagi;0,55;-0,55;2;7,49;2,32;207455766;7,86;AL;NEGATIF;AL;POZITIF;AZALIYOR;AL;AL;NOTR;5;01.09.2026
BASCM;izle;;38,5;12,9;24,4;1,2;0;0;zayif;19,1;53,9;56,4;yukari;guclu;zayif;asagi;0,29;0,54;1;14;-1,13;446740;13,78;AL;POZITIF;NOTR;POZITIF;AZALIYOR;SAT;SAT;NOTR;3;01.09.2026
BNTAS;izle;;38,5;15,0;17,6;5,8;0;0;zayif;28,0;50,6;50,4;yukari;zayif;zayif;asagi;0,29;-0,03;2;6,37;0,31;9027462;5,97;SAT;POZITIF;AL;POZITIF;AZALIYOR;SAT;SAT;NOTR;3;01.09.2026
KUYAS;izle;;38,1;6,3;17,9;13,9;0;0;zayif;25,1;49,5;44,6;asagi;zayif;zayif;asagi;1,03;-0,68;1;65,65;0,23;383938466;72,64;AL;NEGATIF;SAT;POZITIF;AZALIYOR;AL;AL;NOTR;4;01.09.2026
FADE;izle;;38,0;9,2;20,8;8,0;0;0;zayif;13,7;47,8;50,7;asagi;zayif;zayif;asagi;0,20;-0,30;0;15,69;-1,88;19155121;17,54;AL;NEGATIF;NOTR;POZITIF;AZALIYOR;AL;AL;NOTR;4;01.09.2026
TSGYO;izle;;38,0;12,6;17,1;8,3;6;0;zayif;23,7;46,9;65,6;yukari;zayif;zayif;asagi;0,13;-1,03;3;5,9;-0,17;3138263;5,50;AL;NEGATIF;AL;NEGATIF;AZALIYOR;SAT;SAT;UCUZ (AL);2;01.09.2026
AGHOL;izle;;37,7;8,0;17,4;12,3;22;2;zayif;24,9;46,4;49,2;asagi;zayif;zayif;asagi;0,69;-0,91;2;31,86;-0,44;114193122;33,14;AL;NEGATIF;SAT;POZITIF;AZALIYOR;AL;AL;NOTR;4;01.09.2026
PATEK;izle;;37,7;11,0;18,7;8,0;0;0;zayif;19,8;48,1;78,9;yukari;zayif;zayif;asagi;0,26;-0,49;0;20,36;-1,74;80975548;19,14;AL;NEGATIF;NOTR;POZITIF;AZALIYOR;SAT;SAT;NOTR;2;01.09.2026
VESTL;izle;;37,6;0,7;18,9;18,0;0;0;zayif;13,8;53,7;81,6;asagi;zayif;zayif;asagi;1,48;-0,50;2;23,1;0,61;269946254;24,54;AL;POZITIF;NOTR;POZITIF;ARTIYOR;AL;SAT;UCUZ (AL);4;01.09.2026
ALGYO;izle;;37,4;11,0;18,4;8,0;0;0;zayif;19,7;47,9;66,4;yukari;zayif;zayif;asagi;0,38;-2,14;1;3,61;-1,63;37439574;3,35;AL;NEGATIF;NOTR;NEGATIF;AZALIYOR;SAT;SAT;NOTR;1;01.09.2026
EFOR;izle;;37,4;15,9;9,5;12,0;40;4;zayif;16,3;42,8;47,9;asagi;zayif;zayif;yukari;0,31;-0,36;2;17,37;-3,61;435950436;21,63;SAT;NEGATIF;NOTR;NEGATIF;AZALIYOR;SAT;SAT;NOTR;0;01.09.2026
SMRTG;izle;;37,2;8,8;14,4;14,0;0;0;zayif;14,2;43,3;43,6;asagi;zayif;zayif;asagi;2,44;-1,09;1;10,15;-1,55;486884437;11,24;AL;NEGATIF;NOTR;POZITIF;AZALIYOR;AL;AL;NOTR;4;01.09.2026
OTKAR;izle;;37,2;10,0;18,6;8,6;0;0;zayif;17,0;49,7;71,6;yukari;zayif;zayif;asagi;0,19;-0,69;1;320,5;0,87;40434921;298,05;AL;NEGATIF;NOTR;NEGATIF;AZALIYOR;SAT;SAT;UCUZ (AL);1;01.09.2026
SNPAM;izle;;37,0;9,1;20,2;7,7;14;0;zayif;20,2;49,3;69,8;yukari;zayif;zayif;asagi;0,30;-0,58;3;20;0,05;244160;19,14;AL;NEGATIF;SAT;POZITIF;AZALIYOR;SAT;SAT;NOTR;2;01.09.2026
CEMAS;izle;;36,8;11,5;17,3;8,0;0;0;zayif;21,1;45,1;61,4;yukari;zayif;zayif;asagi;0,29;-1,12;0;4,12;0,49;17963950;4,05;AL;NEGATIF;AL;POZITIF;AZALIYOR;SAT;SAT;NOTR;3;01.09.2026
SANKO;izle;;36,7;12,4;16,3;8,0;32;3;zayif;23,4;46,2;61,4;yukari;zayif;zayif;asagi;0,26;-1,38;0;18,91;-0,21;2842910;17,58;AL;NEGATIF;AL;POZITIF;ARTIYOR;AL;AL;NOTR;5;01.09.2026
BRKO;izle;;36,5;9,2;19,3;8,0;0;0;zayif;15,1;49,7;57,1;asagi;zayif;zayif;asagi;0,12;-0,41;2;12;2,56;542400;13,21;AL;NEGATIF;NOTR;NEGATIF;AZALIYOR;SAT;SAT;NOTR;1;01.09.2026
ECZYT;izle;;36,5;6,7;19,3;10,6;40;4;zayif;10,4;46,3;53,5;asagi;zayif;zayif;asagi;0,19;-0,78;1;318,5;-0,39;21854833;346,01;AL;NEGATIF;NOTR;POZITIF;AZALIYOR;SAT;SAT;NOTR;2;01.09.2026
ALTIN;izle;;36,3;13,9;16,6;5,9;0;0;zayif;33,5;46,0;53,8;asagi;guclu;yukselis;asagi;0,47;-0,41;2;73,09;-1,87;685558911;79,47;SAT;NEGATIF;AL;NEGATIF;ARTIYOR;SAT;SAT;NOTR;1;01.09.2026
FLAP;izle;;36,2;8,0;24,2;4,0;0;0;zayif;25,0;55,0;63,4;asagi;guclu;yukselis;asagi;0,58;0,08;2;10,99;-1,08;5917005;11,32;AL;POZITIF;AL;POZITIF;AZALIYOR;AL;SAT;NOTR;5;01.09.2026
KOCMT;izle;;36,1;22,4;5,7;8,0;38;3;guclu trend;33,8;37,7;47,1;asagi;zayif;zayif;yukari;0,60;-1,11;3;4,18;-9,91;177057360;5,67;SAT;NEGATIF;SAT;NEGATIF;ARTIYOR;SAT;SAT;NOTR;0;01.09.2026
BINHO;izle;;36,0;24,3;10,2;1,5;0;0;zayif;19,5;43,6;66,2;yukari;zayif;zayif;asagi;0,42;-0,53;2;9,87;1,33;118046236;9,68;SAT;NEGATIF;NOTR;NEGATIF;AZALIYOR;SAT;SAT;NOTR;0;01.09.2026
MARBL;izle;;35,9;2,2;21,9;11,8;8;0;zayif;17,6;53,3;74,3;asagi;zayif;zayif;asagi;0,41;0,01;1;12,58;0,80;6752466;13,00;AL;POZITIF;NOTR;POZITIF;ARTIYOR;SAT;SAT;NOTR;3;01.09.2026
JANTS;izle;;35,5;15,0;20,1;0,4;40;4;zayif;32,9;49,4;24,8;yukari;zayif;zayif;asagi;0,36;-0,47;2;15,47;-0,19;23206624;14,45;AL;NEGATIF;AL;POZITIF;AZALIYOR;SAT;SAT;UCUZ (AL);3;01.09.2026
DNISI;izle;;35,4;8,7;18,3;8,4;10;1;zayif;17,2;46,0;60,9;yukari;zayif;zayif;asagi;0,28;-0,56;2;4,58;-0,43;5906556;4,34;AL;NEGATIF;NOTR;POZITIF;AZALIYOR;SAT;SAT;NOTR;2;01.09.2026
DENGE;izle;;35,3;13,1;19,2;3,0;22;2;zayif;25,1;47,9;81,5;yukari;zayif;zayif;asagi;0,20;-0,44;1;2,33;-0,43;8535319;2,24;AL;NEGATIF;AL;POZITIF;AZALIYOR;SAT;SAT;UCUZ (AL);3;01.09.2026
TEHOL;izle;;35,3;22,4;4,9;8,0;10;1;zayif;66,2;27,8;70,7;asagi;zayif;zayif;asagi;0,27;-2,65;2;36,16;0,44;561655381;41,33;SAT;NEGATIF;SAT;NEGATIF;AZALIYOR;SAT;AL;NOTR;1;01.09.2026
TATGD;izle;;35,1;10,9;17,5;6,7;0;0;zayif;11,7;46,3;42,2;asagi;zayif;zayif;asagi;0,46;-0,86;2;17,73;-0,45;23188358;19,42;AL;NEGATIF;NOTR;NEGATIF;AZALIYOR;AL;SAT;NOTR;2;01.09.2026
AFYON;izle;;34,7;1,7;19,4;13,6;10;1;zayif;16,4;47,7;64,5;asagi;zayif;zayif;asagi;0,24;-0,69;2;12,57;-0,40;4521630;13,12;AL;NEGATIF;NOTR;POZITIF;AZALIYOR;SAT;SAT;NOTR;2;01.09.2026
MARMR;izle;;34,5;14,9;9,5;10,0;0;0;zayif;29,9;43,7;52,1;yukari;zayif;zayif;asagi;0,18;-1,00;1;2,28;0,88;33696726;2,19;SAT;NEGATIF;AL;NEGATIF;AZALIYOR;SAT;SAT;NOTR;1;01.09.2026
BFREN;izle;;34,4;5,5;15,8;13,1;32;3;zayif;26,3;44,3;45,3;asagi;zayif;zayif;asagi;0,27;-1,06;1;127,6;-0,31;7636988;134,63;AL;NEGATIF;AL;NEGATIF;AZALIYOR;SAT;SAT;UCUZ (AL);2;01.09.2026
MPARK;izle;;34,3;21,9;7,1;5,3;6;0;zayif;25,5;39,0;57,3;yukari;zayif;zayif;asagi;0,43;-1,40;3;413,25;-1,84;151547867;410,98;SAT;NEGATIF;SAT;NEGATIF;AZALIYOR;SAT;SAT;NOTR;0;01.09.2026
HRKET;izle;;34,1;18,9;7,3;8,0;0;0;zayif;14,0;40,0;70,5;yukari;zayif;zayif;asagi;0,20;-1,27;2;90,35;-2,22;47171103;86,29;SAT;NEGATIF;NOTR;NEGATIF;AZALIYOR;SAT;SAT;NOTR;0;01.09.2026
DOKTA;izle;;33,6;13,3;20,4;0,0;10;1;zayif;25,6;49,3;72,9;yukari;zayif;zayif;asagi;0,15;-0,43;2;22,86;0,62;2807619;21,43;AL;NEGATIF;AL;POZITIF;AZALIYOR;SAT;SAT;NOTR;3;01.09.2026
MAALT;izle;;33,6;11,7;17,6;4,2;6;0;zayif;21,6;48,8;42,9;yukari;zayif;zayif;asagi;0,95;-0,81;3;1021;0,29;39503511;954,44;AL;NEGATIF;AL;POZITIF;AZALIYOR;AL;SAT;NOTR;4;01.09.2026
YYLGD;izle;;33,6;8,1;17,5;8,0;18;1;zayif;12,8;47,4;35,7;yukari;zayif;zayif;asagi;0,65;-1,15;2;10,23;0,99;53883886;10,00;AL;NEGATIF;NOTR;POZITIF;AZALIYOR;SAT;AL;NOTR;3;01.09.2026
ANSGR;izle;;33,5;16,3;11,4;5,8;32;2;zayif;14,5;41,9;31,1;yukari;zayif;zayif;asagi;0,17;-0,96;4;27,24;0,15;24283752;26,74;SAT;NEGATIF;NOTR;NEGATIF;AZALIYOR;SAT;AL;NOTR;1;01.09.2026
DESA;izle;;33,5;8,9;16,6;8,0;0;0;zayif;18,8;46,2;55,4;yukari;zayif;zayif;asagi;0,17;-1,26;2;9,86;-1,30;8153047;9,23;AL;NEGATIF;NOTR;NEGATIF;AZALIYOR;SAT;SAT;NOTR;1;01.09.2026
ANHYT;izle;;33,3;6,3;16,0;11,0;0;0;zayif;14,4;45,1;35,0;asagi;zayif;zayif;asagi;0,31;-0,56;0;104,9;0,77;25884600;114,76;SAT;NEGATIF;NOTR;POZITIF;AZALIYOR;SAT;AL;NOTR;2;01.09.2026
DGGYO;izle;;33,3;8,1;18,5;6,7;0;0;zayif;10,6;49,0;47,0;asagi;zayif;zayif;asagi;1,10;-0,45;2;34,54;4,79;4721238;37,18;AL;NEGATIF;NOTR;POZITIF;ARTIYOR;AL;AL;NOTR;4;01.09.2026
IHEVA;izle;;33,1;4,2;17,9;11,0;6;0;zayif;22,9;45,6;53,9;asagi;zayif;zayif;asagi;0,20;-1,11;3;1,98;0,51;468660;2,09;AL;NEGATIF;AL;POZITIF;AZALIYOR;SAT;SAT;UCUZ (AL);3;01.09.2026
BRKSN;izle;;33,0;8,7;17,5;6,9;0;0;zayif;17,0;50,4;57,4;yukari;zayif;zayif;asagi;0,20;-0,12;2;7,95;-0,62;596560;7,36;SAT;POZITIF;NOTR;NEGATIF;AZALIYOR;SAT;SAT;NOTR;1;01.09.2026
GOLTS;izle;;33,0;14,3;14,0;4,8;0;0;zayif;28,2;43,9;60,0;yukari;zayif;zayif;asagi;0,33;-1,61;1;299,25;-0,83;13604204;294,80;AL;NEGATIF;AL;NEGATIF;AZALIYOR;SAT;SAT;NOTR;2;01.09.2026
EKSUN;izle;;32,9;7,1;17,5;8,2;6;0;zayif;17,2;45,6;58,1;asagi;zayif;zayif;asagi;0,21;-0,84;3;6,18;0,00;6027712;6,76;AL;NEGATIF;NOTR;NEGATIF;AZALIYOR;SAT;SAT;NOTR;1;01.09.2026
BIZIM;izle;;32,3;5,4;17,9;9,1;10;1;zayif;25,8;46,8;65,8;asagi;zayif;zayif;asagi;0,29;-1,05;2;24,28;0,41;1943760;25,28;AL;NEGATIF;AL;POZITIF;AZALIYOR;SAT;SAT;NOTR;3;01.09.2026
ISCTR;izle;;32,2;4,9;18,0;9,3;0;0;zayif;24,5;51,6;47,4;asagi;zayif;zayif;asagi;0,56;-0,72;1;12,8;1,27;4177103219;13,05;AL;POZITIF;AL;POZITIF;AZALIYOR;AL;SAT;NOTR;5;01.09.2026
GARFA;izle;;32,1;2,0;20,9;9,2;0;0;zayif;12,2;54,4;71,7;asagi;zayif;zayif;asagi;0,54;-0,25;0;27,38;-0,07;17385670;28,60;AL;POZITIF;NOTR;POZITIF;AZALIYOR;AL;SAT;NOTR;4;01.09.2026
KZGYO;izle;;31,8;2,8;17,4;11,7;0;0;zayif;19,1;50,6;74,2;asagi;zayif;zayif;asagi;0,89;-1,00;1;20,14;3,07;17737016;20,98;AL;POZITIF;NOTR;POZITIF;ARTIYOR;AL;SAT;NOTR;4;01.09.2026
BMSTL;izle;;31,6;18,2;11,2;2,1;10;1;zayif;15,2;42,7;25,2;asagi;zayif;zayif;asagi;0,16;-0,71;2;43,64;0,18;19943960;48,08;SAT;NEGATIF;NOTR;NEGATIF;AZALIYOR;SAT;SAT;NOTR;0;01.09.2026
SEGMN;izle;;31,6;17,5;6,1;8,0;6;0;zayif;18,5;39,6;57,7;yukari;zayif;zayif;asagi;0,26;-1,48;3;47,08;-1,09;18847442;46,64;SAT;NEGATIF;NOTR;NEGATIF;AZALIYOR;SAT;SAT;NOTR;0;01.09.2026
KLKIM;izle;;31,3;8,7;13,9;8,7;0;0;zayif;16,9;43,9;68,3;yukari;zayif;zayif;asagi;0,30;-1,55;1;26,46;-0,82;15935535;26,19;AL;NEGATIF;NOTR;POZITIF;AZALIYOR;SAT;SAT;NOTR;2;01.09.2026
IHGZT;izle;;30,9;4,7;17,5;8,6;0;0;zayif;24,1;50,6;75,1;asagi;zayif;zayif;asagi;0,42;-1,04;0;1,21;1,68;7830519;1,26;AL;POZITIF;AL;POZITIF;AZALIYOR;AL;SAT;UCUZ (AL);5;01.09.2026
KLMSN;izle;;30,8;13,3;13,5;4,0;10;1;zayif;25,6;43,4;42,7;yukari;zayif;zayif;asagi;0,44;-1,50;1;28,42;0,21;8999904;26,86;AL;NEGATIF;AL;NEGATIF;ARTIYOR;SAT;SAT;NOTR;2;01.09.2026
AKENR;izle;;30,5;4,0;18,5;8,0;18;1;zayif;22,2;48,7;64,2;asagi;zayif;zayif;asagi;0,36;-0,60;0;10,52;0,00;41945355;11,26;AL;NEGATIF;AL;NEGATIF;ARTIYOR;SAT;SAT;NOTR;2;01.09.2026
AKFYE;izle;;30,5;12,7;17,8;0,0;0;0;zayif;12,5;45,7;48,2;asagi;zayif;zayif;asagi;0,27;-0,74;1;23,06;1,77;41021826;25,16;AL;NEGATIF;NOTR;POZITIF;AZALIYOR;SAT;SAT;NOTR;2;01.09.2026
HLGYO;izle;;30,3;10,0;12,3;8,0;0;0;zayif;40,2;39,3;62,2;asagi;zayif;zayif;asagi;0,21;-3,00;1;4,41;0,68;21291608;4,67;AL;NEGATIF;AL;POZITIF;AZALIYOR;AL;SAT;NOTR;4;01.09.2026
ICBCT;izle;;30,2;13,0;9,2;8,0;0;0;zayif;10,9;39,8;38,8;asagi;zayif;zayif;asagi;0,31;-1,15;2;19,66;1,24;11463884;22,37;SAT;NEGATIF;NOTR;NEGATIF;AZALIYOR;SAT;SAT;NOTR;0;01.09.2026
GLCVY;izle;;30,1;2,1;18,1;9,8;10;1;zayif;17,5;49,5;54,0;asagi;zayif;zayif;asagi;0,21;-0,81;1;52,55;0,77;7763159;55,12;AL;NEGATIF;NOTR;POZITIF;AZALIYOR;SAT;SAT;UCUZ (AL);2;01.09.2026
PINSU;izle;;30,0;4,6;17,4;8,0;0;0;zayif;23,8;46,5;71,5;asagi;zayif;zayif;asagi;0,58;-0,99;1;10,35;-3,27;23283919;11,02;AL;NEGATIF;AL;POZITIF;ARTIYOR;AL;SAT;UCUZ (AL);4;01.09.2026
EGEPO;izle;;29,8;15,4;6,4;8,0;0;0;zayif;29,4;33,1;16,2;asagi;zayif;zayif;asagi;0,36;-2,45;1;16;0,06;14986880;18,26;SAT;NEGATIF;SAT;NEGATIF;AZALIYOR;SAT;SAT;PAHALI (SAT);0;01.09.2026
MEPET;izle;;29,6;11,0;12,8;5,7;6;0;zayif;12,1;41,1;56,3;yukari;zayif;zayif;asagi;1,04;-1,60;3;18,98;-4,86;5352075;17,93;AL;NEGATIF;NOTR;NEGATIF;ARTIYOR;SAT;SAT;NOTR;1;01.09.2026
CASA;izle;;29,5;0,9;18,2;10,4;6;0;zayif;18,4;51,9;36,7;asagi;zayif;zayif;asagi;0,57;-1,15;3;70,9;4,19;596624;72,08;AL;POZITIF;NOTR;POZITIF;ARTIYOR;AL;AL;UCUZ (AL);5;01.09.2026
SRVGY;izle;;29,4;4,7;16,8;8,0;0;0;zayif;24,0;47,3;70,5;asagi;zayif;zayif;asagi;0,34;-1,48;2;2,54;0,00;18240985;2,61;AL;NEGATIF;AL;POZITIF;AZALIYOR;SAT;SAT;UCUZ (AL);3;01.09.2026
TSKB;izle;;29,3;0,2;17,2;11,8;6;0;zayif;13,7;46,9;49,7;asagi;zayif;zayif;asagi;0,58;-1,10;3;11,02;0,82;92257633;11,64;AL;NEGATIF;NOTR;POZITIF;AZALIYOR;SAT;SAT;NOTR;2;01.09.2026
SASA;izle;;28,8;0,3;18,0;10,5;0;0;zayif;14,0;48,1;53,2;asagi;zayif;zayif;asagi;0,47;-0,89;0;2,38;1,28;2810103059;2,59;AL;NEGATIF;NOTR;POZITIF;AZALIYOR;AL;AL;NOTR;4;01.09.2026
EUREN;izle;;28,7;1,2;17,0;10,5;0;0;zayif;15,0;50,0;69,7;asagi;zayif;zayif;asagi;0,76;-1,23;1;3,95;1,02;77216859;4,10;AL;NEGATIF;NOTR;POZITIF;ARTIYOR;AL;SAT;UCUZ (AL);3;01.09.2026
CUSAN;izle;;28,5;4,8;15,7;8,0;6;0;zayif;23,3;46,1;15,5;asagi;zayif;zayif;asagi;0,11;-0,51;3;24,06;0,25;7406919;27,45;SAT;NEGATIF;AL;NEGATIF;AZALIYOR;SAT;AL;NOTR;2;01.09.2026
ZOREN;izle;;28,3;7,0;13,3;8,0;0;0;zayif;35,6;42,6;72,2;asagi;zayif;zayif;asagi;0,60;-2,37;0;2,32;0,00;51269207;2,42;AL;NEGATIF;AL;POZITIF;ARTIYOR;AL;SAT;UCUZ (AL);4;01.09.2026
BASGZ;izle;;28,2;8,4;18,1;1,7;22;2;zayif;22,5;48,2;51,4;asagi;zayif;zayif;asagi;0,16;-0,92;2;44,38;0,00;2587398;46,46;AL;NEGATIF;AL;NEGATIF;AZALIYOR;SAT;SAT;NOTR;2;01.09.2026
BAYRK;izle;;28,0;11,6;8,5;8,0;32;3;zayif;21,2;43,1;58,0;yukari;zayif;zayif;asagi;0,13;-1,36;1;4,25;0,00;5894342;4,25;SAT;NEGATIF;AL;NEGATIF;AZALIYOR;SAT;SAT;UCUZ (AL);1;01.09.2026
ISMEN;izle;;27,9;3,9;16,0;8,1;0;0;zayif;21,9;47,1;60,5;asagi;zayif;zayif;asagi;0,38;-1,62;2;33,38;0,48;78795092;34,47;AL;NEGATIF;AL;POZITIF;AZALIYOR;AL;AL;UCUZ (AL);5;01.09.2026
IHLGM;izle;;27,8;3,7;16,1;8,0;0;0;zayif;21,6;50,0;83,5;asagi;zayif;zayif;asagi;0,30;-1,48;1;1,61;1,26;10305909;1,69;AL;NEGATIF;AL;POZITIF;AZALIYOR;AL;SAT;UCUZ (AL);4;01.09.2026
TEKTU;izle;;27,4;2,1;17,2;8,0;0;0;zayif;17,5;52,8;69,0;asagi;zayif;zayif;asagi;0,30;-0,97;0;8,09;-0,12;16610639;8,40;AL;POZITIF;NOTR;POZITIF;AZALIYOR;AL;AL;UCUZ (AL);5;01.09.2026
ADESE;izle;;27,4;7,0;16,2;4,2;8;0;zayif;31,8;45,9;50,2;asagi;zayif;zayif;asagi;0,20;-1,43;0;0,86;1,18;20688680;0,93;AL;NEGATIF;AL;NEGATIF;AZALIYOR;SAT;SAT;UCUZ (AL);2;01.09.2026
TUKAS;izle;;27,0;1,4;16,3;9,3;8;0;zayif;21,9;48,2;56,4;asagi;zayif;zayif;asagi;0,52;-1,68;1;2,03;0,50;55575340;2,12;AL;NEGATIF;SAT;POZITIF;AZALIYOR;AL;SAT;UCUZ (AL);3;01.09.2026
ISSEN;izle;;26,8;0,1;18,0;8,7;0;0;zayif;12,2;48,4;57,5;asagi;zayif;zayif;asagi;0,41;-1,08;0;6,96;0,43;2522144;7,43;AL;NEGATIF;NOTR;POZITIF;AZALIYOR;SAT;SAT;NOTR;2;01.09.2026
PNLSN;izle;;26,8;11,3;6,8;8,7;0;0;zayif;14,0;40,2;64,0;yukari;zayif;zayif;asagi;0,24;-1,65;1;41,28;0,58;10916248;40,62;SAT;NEGATIF;NOTR;NEGATIF;AZALIYOR;SAT;SAT;NOTR;0;01.09.2026
HATEK;izle;;26,7;10,7;16,0;0,0;22;2;zayif;18,9;46,3;55,8;yukari;zayif;zayif;asagi;0,22;-1,51;1;12,86;-0,39;8296346;11,48;AL;NEGATIF;NOTR;POZITIF;AZALIYOR;AL;SAT;UCUZ (AL);3;01.09.2026
CRDFA;izle;;26,7;5,4;11,3;9,9;22;2;zayif;39,8;36,1;25,0;asagi;zayif;zayif;asagi;1,29;-2,86;0;27,2;8,80;76481586;30,86;AL;NEGATIF;SAT;POZITIF;ARTIYOR;AL;AL;NOTR;4;01.09.2026
EGSER;izle;;26,6;4,0;14,5;8,1;0;0;zayif;22,2;43,2;74,7;asagi;zayif;zayif;asagi;0,10;-1,07;1;2,91;0,00;957221;3,13;AL;NEGATIF;AL;NEGATIF;AZALIYOR;SAT;SAT;NOTR;2;01.09.2026
MOBTL;izle;;26,5;13,2;9,3;4,0;22;2;zayif;13,4;42,2;45,7;asagi;zayif;zayif;asagi;0,33;-1,44;2;12,86;-0,54;17220067;14,35;SAT;NEGATIF;NOTR;POZITIF;AZALIYOR;AL;SAT;NOTR;2;01.09.2026
A1YEN;izle;;26,5;1,5;16,9;8,0;0;0;zayif;16,0;45,1;72,2;asagi;zayif;zayif;asagi;0,14;-1,17;1;2,76;0,36;8514018;2,98;AL;NEGATIF;NOTR;NEGATIF;AZALIYOR;SAT;SAT;NOTR;1;01.09.2026
PKENT;izle;;26,4;3,9;13,6;8,9;0;0;zayif;22,1;43,7;54,2;asagi;zayif;zayif;asagi;0,38;-1,88;2;125,7;0,08;7372556;136,60;AL;NEGATIF;AL;NEGATIF;AZALIYOR;SAT;SAT;UCUZ (AL);2;01.09.2026
NTHOL;izle;;26,3;10,8;8,5;7,0;40;5;zayif;13,1;41,3;42,9;asagi;zayif;zayif;asagi;0,49;-0,86;2;42,78;-0,14;40800013;46,89;SAT;NEGATIF;NOTR;NEGATIF;AZALIYOR;SAT;SAT;NOTR;0;01.09.2026
MRSHL;izle;;26,2;14,1;8,1;4,0;0;0;zayif;18,4;41,2;53,7;yukari;zayif;zayif;asagi;0,21;-1,13;2;1607;-1,77;18973849;1560,78;SAT;NEGATIF;NOTR;NEGATIF;AZALIYOR;SAT;AL;NOTR;1;01.09.2026
ASGYO;izle;;26,2;3,8;13,5;8,9;0;0;zayif;21,9;43,0;53,9;asagi;zayif;zayif;asagi;0,40;-1,47;0;10,99;0,46;13479785;11,76;AL;NEGATIF;AL;POZITIF;AZALIYOR;SAT;SAT;NOTR;3;01.09.2026
TLMAN;izle;;26,1;5,4;12,7;8,0;0;0;zayif;26,0;40,6;59,5;asagi;zayif;zayif;asagi;0,22;-1,93;2;79,3;-0,69;3034415;85,09;AL;NEGATIF;AL;NEGATIF;AZALIYOR;SAT;SAT;UCUZ (AL);2;01.09.2026
CONSE;izle;;25,6;3,3;14,0;8,3;6;0;zayif;20,6;44,9;49,6;asagi;zayif;zayif;asagi;0,72;-1,94;3;2,29;0,88;10827976;2,44;AL;NEGATIF;AL;POZITIF;ARTIYOR;AL;SAT;UCUZ (AL);4;01.09.2026
SNICA;izle;;25,4;12,3;13,1;0,0;0;0;zayif;23,1;42,0;59,8;yukari;zayif;zayif;asagi;0,22;-2,32;2;3,25;0,93;13490406;3,10;AL;NEGATIF;AL;POZITIF;AZALIYOR;SAT;SAT;NOTR;3;01.09.2026
INTEM;izle;;25,3;12,2;8,6;4,6;6;0;zayif;22,7;42,7;48,2;yukari;zayif;zayif;asagi;0,32;-1,27;3;248,4;-0,84;4923040;237,10;SAT;NEGATIF;AL;NEGATIF;AZALIYOR;SAT;SAT;NOTR;1;01.09.2026
SKYLP;izle;;25,3;11,7;5,6;8,0;6;0;zayif;17,4;37,1;27,7;yukari;zayif;zayif;asagi;0,47;-2,28;3;226,5;-0,66;6553778;224,44;SAT;NEGATIF;NOTR;NEGATIF;AZALIYOR;SAT;SAT;NOTR;0;01.09.2026
OYAYO;izle;;25,2;8,0;13,2;4,0;0;0;zayif;8,1;42,4;39,6;yukari;zayif;zayif;asagi;0,49;-1,69;2;43,1;1,08;1481476;41,73;AL;NEGATIF;NOTR;NEGATIF;AZALIYOR;AL;AL;NOTR;3;01.09.2026
AYCES;izle;;25,2;0,1;16,0;9,1;6;0;zayif;12,2;45,7;68,1;asagi;zayif;zayif;asagi;0,77;-2,25;3;458;2,00;43718848;489,81;AL;NEGATIF;NOTR;NEGATIF;AZALIYOR;AL;AL;NOTR;3;01.09.2026
VKGYO;izle;;25,1;2,0;13,1;10,0;0;0;zayif;26,8;42,0;48,4;asagi;zayif;zayif;asagi;0,17;-2,16;0;1,91;0,00;5149480;2,01;AL;NEGATIF;SAT;POZITIF;AZALIYOR;SAT;SAT;NOTR;2;01.09.2026
THYAO;izle;;25,0;4,6;13,8;6,7;0;0;zayif;13,0;42,5;40,5;asagi;zayif;zayif;asagi;0,33;-1,28;2;302,25;0,00;4485566514;321,77;AL;NEGATIF;NOTR;POZITIF;AZALIYOR;SAT;SAT;NOTR;2;01.09.2026
AVOD;izle;;24,9;6,6;9,5;8,9;6;0;zayif;28,9;43,9;69,9;asagi;zayif;zayif;asagi;0,60;-1,16;3;3,86;0,78;9875123;4,16;SAT;NEGATIF;AL;NEGATIF;AZALIYOR;SAT;SAT;NOTR;1;01.09.2026
AKSEN;izle;;24,8;11,0;5,8;8,0;0;0;zayif;23,1;36,1;51,9;asagi;zayif;zayif;asagi;0,30;-2,31;2;78,4;-1,26;312829955;89,25;SAT;NEGATIF;SAT;NEGATIF;AZALIYOR;SAT;SAT;NOTR;0;01.09.2026
DMSAS;izle;;24,8;4,1;11,1;9,6;22;2;zayif;22,7;44,4;64,6;asagi;zayif;zayif;asagi;0,23;-0,64;1;8,58;-0,23;4725006;9,08;SAT;NEGATIF;AL;NEGATIF;AZALIYOR;SAT;SAT;UCUZ (AL);1;01.09.2026
SERNT;izle;;24,7;3,0;13,7;8,0;0;0;zayif;19,7;44,1;63,2;asagi;zayif;zayif;asagi;0,20;-1,75;2;7,94;-0,13;5432262;8,46;AL;NEGATIF;NOTR;POZITIF;AZALIYOR;AL;SAT;NOTR;3;01.09.2026
EGEGY;izle;;24,7;11,0;5,7;8,0;0;0;zayif;19,4;35,7;69,3;asagi;zayif;zayif;asagi;0,35;-2,15;0;26,64;-10,00;28467557;32,95;SAT;NEGATIF;NOTR;NEGATIF;ARTIYOR;SAT;SAT;NOTR;0;01.09.2026
PENTA;izle;;24,5;0,4;14,2;9,9;0;0;zayif;13,1;42,8;62,0;asagi;zayif;zayif;asagi;0,57;-1,35;0;13,02;-1,36;13133001;13,99;AL;NEGATIF;NOTR;NEGATIF;AZALIYOR;SAT;SAT;NOTR;1;01.09.2026
KLSER;izle;;24,3;3,4;12,5;8,3;10;1;zayif;20,8;40,1;61,1;asagi;zayif;zayif;asagi;0,22;-2,02;1;24,22;-0,25;7969664;26,04;AL;NEGATIF;AL;NEGATIF;AZALIYOR;SAT;SAT;NOTR;2;01.09.2026
GOODY;izle;;24,2;9,4;10,8;4,0;0;0;zayif;15,6;44,2;76,8;yukari;zayif;zayif;asagi;0,10;-1,07;2;2,61;0,00;9196205;2,60;SAT;NEGATIF;NOTR;NEGATIF;AZALIYOR;SAT;SAT;NOTR;0;01.09.2026
KLNMA;izle;;24,0;8,0;14,1;1,8;0;0;zayif;9,6;44,8;44,8;yukari;zayif;zayif;asagi;0,41;-1,67;1;8,89;0,00;485101;8,79;AL;NEGATIF;NOTR;NEGATIF;AZALIYOR;SAT;SAT;NOTR;1;01.09.2026
SARKY;izle;;23,9;13,7;9,5;0,7;0;0;zayif;18,1;44,4;59,6;yukari;zayif;zayif;asagi;0,27;-1,13;2;24,78;-1,12;48425696;23,35;SAT;NEGATIF;NOTR;NEGATIF;AZALIYOR;SAT;SAT;NOTR;0;01.09.2026
INFO;izle;;23,8;20,3;3,3;0,1;0;0;zayif;14,2;32,6;23,4;asagi;zayif;zayif;asagi;0,71;-1,70;1;5,46;-7,46;192762499;6,98;SAT;NEGATIF;NOTR;NEGATIF;ARTIYOR;SAT;SAT;NOTR;0;01.09.2026
DOFRB;izle;;23,7;7,8;11,8;4,2;0;0;zayif;15,2;37,6;52,0;asagi;zayif;zayif;asagi;0,95;-2,29;2;124,2;-1,74;558748724;144,99;AL;NEGATIF;NOTR;NEGATIF;ARTIYOR;SAT;SAT;NOTR;1;01.09.2026
KUTPO;izle;;23,7;7,0;13,2;3,5;46;5;zayif;35,6;42,4;54,6;asagi;zayif;zayif;asagi;0,34;-1,59;3;80,55;0,19;4315225;86,55;AL;NEGATIF;AL;NEGATIF;AZALIYOR;SAT;SAT;UCUZ (AL);2;01.09.2026
SELVA;izle;;23,6;11,7;11,8;0,0;0;0;zayif;21,6;37,8;58,7;yukari;zayif;zayif;asagi;0,26;-2,92;2;1,66;0,00;13689499;1,64;AL;NEGATIF;AL;NEGATIF;AZALIYOR;SAT;SAT;NOTR;2;01.09.2026
TURSG;izle;;23,5;5,9;9,7;7,9;0;0;zayif;11,8;43,9;48,1;asagi;zayif;zayif;asagi;0,43;-1,05;2;6,12;2,51;157914568;6,60;SAT;NEGATIF;NOTR;NEGATIF;ARTIYOR;SAT;SAT;NOTR;0;01.09.2026
CWENE;izle;;23,4;13,2;10,2;0,0;6;0;zayif;12,5;44,8;25,2;asagi;zayif;zayif;asagi;0,17;-0,88;3;35,96;-4,11;819596508;42,91;SAT;NEGATIF;NOTR;NEGATIF;AZALIYOR;AL;AL;NOTR;2;01.09.2026
PLTUR;izle;;23,2;0,9;13,3;9,0;0;0;zayif;18,3;42,8;52,2;asagi;zayif;zayif;asagi;0,40;-1,67;2;20,16;0,50;27700042;22,91;AL;NEGATIF;NOTR;NEGATIF;AZALIYOR;SAT;SAT;NOTR;1;01.09.2026
ACSEL;izle;;23,2;3,4;11,8;8,0;0;0;zayif;14,7;37,7;38,1;asagi;zayif;zayif;asagi;0,35;-2,19;2;116,7;0,69;5427717;128,24;AL;NEGATIF;NOTR;NEGATIF;AZALIYOR;SAT;SAT;NOTR;1;01.09.2026
ARENA;izle;;23,1;2,4;12,7;8,0;0;0;zayif;18,1;40,8;61,8;asagi;zayif;zayif;asagi;0,57;-2,48;2;20,88;0,48;13607580;23,39;AL;NEGATIF;NOTR;POZITIF;AZALIYOR;SAT;SAT;NOTR;2;01.09.2026
SMRVA;izle;;23,1;3,1;12,0;8,0;0;0;zayif;19,9;38,3;58,6;asagi;zayif;zayif;asagi;0,18;-2,79;1;11,06;-0,54;25780993;12,65;AL;NEGATIF;NOTR;NEGATIF;AZALIYOR;SAT;SAT;UCUZ (AL);1;01.09.2026
CIMSA;izle;;23,1;0,2;12,3;10,6;0;0;zayif;13,1;39,4;56,5;asagi;zayif;zayif;asagi;0,46;-1,97;2;44,56;-0,27;179537899;48,56;AL;NEGATIF;NOTR;NEGATIF;AZALIYOR;SAT;SAT;NOTR;1;01.09.2026
GOZDE;izle;;22,9;12,8;10,1;0,0;0;0;zayif;16,6;41,6;38,9;asagi;zayif;zayif;asagi;0,15;-1,02;2;22,14;-0,36;6657587;24,59;SAT;NEGATIF;NOTR;POZITIF;AZALIYOR;SAT;AL;NOTR;2;01.09.2026
SMART;izle;;22,8;2,2;12,6;8,0;0;0;zayif;17,7;40,4;63,3;asagi;zayif;zayif;asagi;0,24;-2,59;1;23,58;0,08;5909973;26,40;AL;NEGATIF;NOTR;NEGATIF;AZALIYOR;SAT;SAT;NOTR;1;01.09.2026
ZEDUR;izle;;22,8;2,4;12,3;8,0;0;0;zayif;31,7;39,3;66,2;asagi;zayif;zayif;asagi;0,20;-2,19;1;7,76;-0,77;2419708;8,49;AL;NEGATIF;SAT;NEGATIF;AZALIYOR;SAT;SAT;NOTR;1;01.09.2026
RUZYE;izle;;22,6;9,2;13,4;0,0;0;0;zayif;21,0;42,9;57,1;yukari;zayif;zayif;asagi;0,12;-1,75;1;8,61;0,12;7200707;8,09;AL;NEGATIF;SAT;NEGATIF;AZALIYOR;SAT;SAT;UCUZ (AL);1;01.09.2026
GRTHO;izle;;22,6;0,8;5,3;16,5;0;0;zayif;18,1;34,4;45,7;asagi;zayif;zayif;asagi;1,21;-2,98;0;198,1;-10,00;207430708;244,15;SAT;NEGATIF;NOTR;NEGATIF;ARTIYOR;SAT;SAT;UCUZ (AL);0;01.09.2026
UNLU;izle;;22,5;1,9;12,6;8,0;0;0;zayif;26,3;40,2;52,7;asagi;zayif;zayif;asagi;0,24;-2,62;2;10,87;-1,00;2099454;11,69;AL;NEGATIF;SAT;POZITIF;AZALIYOR;SAT;SAT;UCUZ (AL);2;01.09.2026
LILAK;izle;;22,2;0,5;13,7;8,0;22;2;zayif;16,0;44,0;42,3;asagi;zayif;zayif;asagi;0,36;-1,89;2;29,3;0,69;29081451;31,00;AL;NEGATIF;NOTR;POZITIF;AZALIYOR;SAT;SAT;NOTR;2;01.09.2026
ALKA;izle;;22,2;1,1;12,8;8,3;0;0;zayif;14,7;41,0;64,6;asagi;zayif;zayif;asagi;0,48;-2,45;0;8,11;-0,61;11588079;8,81;AL;NEGATIF;NOTR;POZITIF;AZALIYOR;SAT;SAT;NOTR;2;01.09.2026
MAGEN;izle;;22,1;0,5;13,7;8,0;0;0;zayif;15,4;44,0;58,8;asagi;zayif;zayif;asagi;0,20;-1,90;2;33,94;-2,36;106790920;37,68;AL;NEGATIF;NOTR;NEGATIF;AZALIYOR;AL;AL;NOTR;3;01.09.2026
DITAS;izle;;22,1;0,6;13,5;8,0;6;0;zayif;16,4;43,4;60,8;asagi;zayif;zayif;asagi;0,14;-2,10;3;24,06;0,25;5931127;28,72;AL;NEGATIF;NOTR;NEGATIF;AZALIYOR;SAT;SAT;NOTR;1;01.09.2026
PSGYO;izle;;22,1;16,1;6,0;0,0;0;0;zayif;22,5;37,8;56,4;asagi;zayif;zayif;asagi;0,26;-1,34;1;3,2;-0,31;122620810;3,66;SAT;NEGATIF;AL;NEGATIF;AZALIYOR;SAT;AL;NOTR;2;01.09.2026
SEGYO;izle;;21,9;1,2;12,8;8,0;0;0;zayif;20,5;40,9;30,8;asagi;zayif;zayif;asagi;0,37;-2,86;1;3,81;-0,26;4171379;4,09;AL;NEGATIF;SAT;POZITIF;AZALIYOR;AL;AL;UCUZ (AL);4;01.09.2026
ORMA;izle;;21,8;8,2;9,5;4,0;10;0;zayif;13,6;43,5;32,0;yukari;zayif;zayif;asagi;0,50;-1,95;4;161,1;0,44;596231;153,19;SAT;NEGATIF;NOTR;NEGATIF;AZALIYOR;SAT;AL;NOTR;1;01.09.2026
DESPC;izle;;21,5;4,2;17,3;0,0;0;0;zayif;22,8;45,6;66,9;asagi;zayif;zayif;asagi;0,15;-0,92;1;40,32;-0,88;4170419;45,94;AL;NEGATIF;AL;NEGATIF;AZALIYOR;SAT;SAT;NOTR;2;01.09.2026
YAYLA;izle;;21,5;15,0;6,5;0,0;38;3;zayif;40,8;39,6;78,6;yukari;zayif;zayif;asagi;0,12;-1,57;3;21,16;0,67;5272966;20,81;SAT;NEGATIF;AL;NEGATIF;AZALIYOR;SAT;SAT;UCUZ (AL);1;01.09.2026
BURCE;izle;;21,5;1,7;11,8;8,0;0;0;zayif;16,4;37,7;75,3;asagi;zayif;zayif;asagi;0,25;-2,41;1;34,94;0,06;16535949;39,17;AL;NEGATIF;NOTR;NEGATIF;AZALIYOR;SAT;SAT;NOTR;1;01.09.2026
MAKIM;izle;;21,5;9,1;12,4;0,0;0;0;zayif;14,8;39,6;74,8;yukari;zayif;zayif;asagi;0,31;-1,86;1;15,67;0,13;5654410;15,53;AL;NEGATIF;NOTR;POZITIF;AZALIYOR;SAT;SAT;NOTR;2;01.09.2026
IHYAY;izle;;21,4;5,5;11,9;4,0;22;2;zayif;26,2;38,0;38,7;asagi;zayif;zayif;asagi;0,30;-3,03;2;1,22;0,00;1221518;1,34;AL;NEGATIF;AL;NEGATIF;AZALIYOR;SAT;AL;UCUZ (AL);3;01.09.2026
YYAPI;izle;;21,3;2,4;7,9;11,0;0;0;zayif;37,2;38,0;33,3;asagi;zayif;zayif;asagi;1,36;-4,05;0;0,81;2,53;3945814;0,85;SAT;NEGATIF;SAT;NEGATIF;ARTIYOR;SAT;AL;UCUZ (AL);1;01.09.2026
KOPOL;izle;;21,3;0,6;12,7;8,0;0;0;zayif;16,7;40,5;61,2;asagi;zayif;zayif;asagi;0,24;-1,71;1;5,45;-0,91;15623935;6,06;AL;NEGATIF;NOTR;NEGATIF;AZALIYOR;SAT;SAT;NOTR;1;01.09.2026
EUYO;izle;;21,2;8,5;4,7;8,0;10;1;zayif;15,4;34,4;44,6;yukari;zayif;zayif;asagi;0,16;-2,37;1;4,69;-1,26;977884;4,67;SAT;NEGATIF;NOTR;NEGATIF;AZALIYOR;SAT;SAT;NOTR;0;01.09.2026
UFUK;izle;;21,2;16,4;4,7;0,0;32;3;zayif;16,4;35,4;46,3;asagi;zayif;zayif;asagi;0,10;-1,27;2;1580;-2,35;7895260;1914,23;SAT;NEGATIF;NOTR;NEGATIF;AZALIYOR;SAT;AL;NOTR;1;01.09.2026
ULAS;izle;;21,1;8,9;12,2;0,0;6;0;zayif;18,7;39,1;56,3;yukari;zayif;zayif;asagi;0,24;-2,54;3;20,86;-0,38;1179404;19,75;AL;NEGATIF;NOTR;NEGATIF;AZALIYOR;SAT;SAT;NOTR;1;01.09.2026
SODSN;izle;;21,1;10,4;10,7;0,0;6;0;zayif;30,8;33,9;38,4;yukari;zayif;zayif;asagi;0,24;-4,01;3;7,4;-1,73;167958;7,13;AL;NEGATIF;SAT;NEGATIF;AZALIYOR;SAT;SAT;UCUZ (AL);1;01.09.2026
AKFGY;izle;;21,0;8,8;7,5;4,7;6;0;zayif;18,0;40,8;43,5;yukari;zayif;zayif;asagi;0,41;-1,86;3;2,58;0,78;21524171;2,55;SAT;NEGATIF;NOTR;POZITIF;AZALIYOR;SAT;SAT;NOTR;1;01.09.2026
CCOLA;izle;;20,9;11,7;8,1;1,2;6;0;zayif;28,2;38,5;30,8;asagi;zayif;zayif;asagi;0,27;-2,21;3;76,9;2,26;138977833;83,83;SAT;NEGATIF;SAT;NEGATIF;AZALIYOR;SAT;AL;NOTR;1;01.09.2026
VESBE;izle;;20,9;1,9;10,8;8,1;0;0;zayif;17,0;34,4;46,2;asagi;zayif;zayif;asagi;0,71;-2,84;1;5,36;0,19;36488822;5,68;AL;NEGATIF;NOTR;NEGATIF;ARTIYOR;AL;AL;UCUZ (AL);3;01.09.2026
INVEO;izle;;20,8;0,0;12,8;8,0;0;0;zayif;11,3;41,0;37,9;asagi;zayif;zayif;asagi;0,19;-1,98;1;6,93;1,17;6516445;7,55;AL;NEGATIF;NOTR;NEGATIF;AZALIYOR;SAT;SAT;UCUZ (AL);1;01.09.2026
RAYSG;izle;;20,7;0,7;12,0;8,0;0;0;zayif;17,1;38,3;51,9;asagi;zayif;zayif;asagi;0,33;-3,03;2;156,5;0,97;7572879;169,56;AL;NEGATIF;NOTR;NEGATIF;AZALIYOR;SAT;SAT;UCUZ (AL);1;01.09.2026
SKBNK;izle;;20,6;2,4;10,2;8,0;0;0;zayif;46,3;32,3;65,8;asagi;zayif;zayif;asagi;0,39;-7,28;0;6,31;1,12;388336128;7,36;AL;NEGATIF;SAT;POZITIF;AZALIYOR;AL;SAT;NOTR;3;01.09.2026
TMSN;izle;;20,6;0,7;11,9;8,0;0;0;zayif;13,8;38,1;65,0;asagi;zayif;zayif;asagi;0,31;-2,77;1;75,15;0,27;11768866;81,05;AL;NEGATIF;NOTR;NEGATIF;AZALIYOR;AL;SAT;UCUZ (AL);2;01.09.2026
KAPLM;izle;;20,6;4,6;11,9;4,0;0;0;zayif;24,1;38,0;47,0;asagi;zayif;zayif;asagi;0,36;-2,67;2;411,25;-0,30;12710504;462,77;AL;NEGATIF;SAT;NEGATIF;AZALIYOR;SAT;SAT;NOTR;1;01.09.2026
DZGYO;izle;;20,5;0,4;12,2;8,0;0;0;zayif;14,8;38,9;61,8;asagi;zayif;zayif;asagi;0,43;-2,56;2;7,07;0,14;3329800;7,59;AL;NEGATIF;NOTR;NEGATIF;AZALIYOR;SAT;SAT;NOTR;1;01.09.2026
MERIT;izle;;20,5;0,0;12,5;8,0;0;0;zayif;7,2;39,9;45,6;asagi;zayif;zayif;asagi;0,26;-1,83;2;15,6;0,13;9436799;16,75;AL;NEGATIF;NOTR;NEGATIF;AZALIYOR;SAT;SAT;NOTR;1;01.09.2026
MEGAP;izle;;20,4;9,4;11,0;0,0;0;0;zayif;22,1;35,1;37,7;yukari;zayif;zayif;asagi;0,39;-5,43;1;1,73;1,17;388503;1,70;AL;NEGATIF;SAT;NEGATIF;AZALIYOR;SAT;SAT;UCUZ (AL);1;01.09.2026
TKNSA;izle;;20,4;2,4;9,9;8,0;10;1;zayif;30,2;45,0;32,8;asagi;zayif;zayif;asagi;0,21;-0,97;2;17,53;-2,61;34395297;21,56;SAT;NEGATIF;SAT;NEGATIF;AZALIYOR;SAT;SAT;UCUZ (AL);0;01.09.2026
KATMR;izle;;20,3;2,4;9,8;8,0;0;0;zayif;39,4;31,1;49,7;asagi;zayif;zayif;asagi;0,50;-4,31;0;2,04;-0,49;68170137;2,24;AL;NEGATIF;SAT;NEGATIF;AZALIYOR;SAT;SAT;UCUZ (AL);1;01.09.2026
ESCAR;izle;;20,2;7,1;5,1;8,0;10;1;zayif;20,0;34,7;60,6;asagi;zayif;zayif;asagi;0,38;-2,20;1;41,7;-2,52;36855377;48,26;SAT;NEGATIF;NOTR;NEGATIF;ARTIYOR;SAT;SAT;NOTR;0;01.09.2026
QNBTR;izle;;20,2;2,4;13,1;4,6;0;0;zayif;40,3;42,1;45,7;asagi;zayif;zayif;asagi;0,16;-3,92;2;190,7;1,44;406763;198,05;AL;NEGATIF;SAT;POZITIF;AZALIYOR;SAT;AL;UCUZ (AL);3;01.09.2026
MEKAG;izle;;20,1;2,7;13,4;4,0;0;0;zayif;19,0;43,0;76,2;asagi;zayif;zayif;asagi;0,17;-2,75;1;2,96;0,34;4629168;3,17;AL;NEGATIF;NOTR;POZITIF;AZALIYOR;SAT;SAT;NOTR;2;01.09.2026
KBORU;izle;;20,0;4,4;5,4;10,2;0;0;zayif;22,5;33,9;78,3;asagi;zayif;zayif;asagi;0,83;-3,11;1;19,67;-9,02;184376076;24,82;SAT;NEGATIF;SAT;NEGATIF;ARTIYOR;SAT;SAT;NOTR;0;01.09.2026
YESIL;izle;;19,8;0,0;11,8;8,0;0;0;zayif;11,9;37,6;44,7;asagi;zayif;zayif;asagi;0,28;-2,90;2;1,17;1,74;5105604;1,27;AL;NEGATIF;NOTR;NEGATIF;AZALIYOR;SAT;SAT;UCUZ (AL);1;01.09.2026
SISE;izle;;19,7;0,8;13,4;5,5;0;0;zayif;18,1;42,9;51,5;asagi;zayif;zayif;asagi;0,38;-1,96;1;39,92;0,76;864793387;42,02;AL;NEGATIF;NOTR;POZITIF;AZALIYOR;AL;SAT;NOTR;3;01.09.2026
VRGYO;izle;;19,7;2,5;17,2;0,0;6;0;zayif;18,4;52,1;65,1;asagi;zayif;zayif;asagi;0,52;-1,13;3;1,83;2,23;11043962;1,86;AL;POZITIF;NOTR;POZITIF;AZALIYOR;AL;SAT;UCUZ (AL);4;01.09.2026
KSTUR;izle;;19,5;2,4;11,6;5,5;0;0;zayif;29,6;37,1;45,4;asagi;zayif;zayif;asagi;1,03;-3,65;2;2350;-2,89;1569800;2520,17;AL;NEGATIF;SAT;NEGATIF;ARTIYOR;SAT;AL;NOTR;2;01.09.2026
FONET;izle;;19,5;13,2;6,2;0,1;28;2;zayif;13,2;38,4;43,9;asagi;zayif;zayif;asagi;0,32;-1,38;3;4,91;-1,80;35982302;5,58;SAT;NEGATIF;NOTR;NEGATIF;AZALIYOR;SAT;SAT;NOTR;0;01.09.2026
BANVT;izle;;19,5;10,6;7,8;1,1;6;0;zayif;18,6;41,3;40,9;yukari;zayif;zayif;asagi;0,36;-1,45;3;153,3;0,20;6253874;152,42;SAT;NEGATIF;NOTR;NEGATIF;AZALIYOR;SAT;SAT;NOTR;0;01.09.2026
VAKKO;izle;;19,2;0,4;14,8;4,0;0;0;zayif;13,0;44,5;58,8;asagi;zayif;zayif;asagi;0,28;-1,08;2;66,75;0,45;3709631;72,32;AL;NEGATIF;NOTR;POZITIF;AZALIYOR;SAT;SAT;NOTR;2;01.09.2026
ISFIN;izle;;19,0;7,3;5,8;5,9;20;1;zayif;16,0;36,2;39,1;asagi;zayif;zayif;asagi;0,27;-1,35;4;19,33;-0,46;10360841;20,55;SAT;NEGATIF;NOTR;NEGATIF;AZALIYOR;SAT;SAT;NOTR;0;01.09.2026
PGSUS;izle;;19,0;1,3;13,2;4,5;0;0;zayif;21,4;42,4;45,6;asagi;zayif;zayif;asagi;0,96;-2,47;2;150,1;2,11;1349137976;158,55;AL;NEGATIF;SAT;POZITIF;AZALIYOR;SAT;SAT;UCUZ (AL);2;01.09.2026
VAKFN;izle;;18,9;2,4;12,4;4,0;0;0;zayif;32,3;39,8;48,6;asagi;zayif;zayif;asagi;0,17;-2,60;1;1,17;0,00;7726151;1,26;AL;NEGATIF;SAT;POZITIF;AZALIYOR;SAT;SAT;UCUZ (AL);2;01.09.2026
TTKOM;izle;;18,6;8,3;6,3;4,0;0;0;zayif;14,1;37,4;26,9;yukari;zayif;zayif;asagi;0,52;-2,70;1;51,45;0,68;1008958373;50,42;SAT;NEGATIF;NOTR;NEGATIF;AZALIYOR;SAT;SAT;NOTR;0;01.09.2026
YEOTK;izle;;18,5;13,1;5,4;0,0;10;0;zayif;12,4;35,5;39,3;asagi;zayif;zayif;asagi;0,35;-2,32;4;33,4;-2,57;182970143;39,63;SAT;NEGATIF;NOTR;NEGATIF;AZALIYOR;SAT;SAT;NOTR;0;01.09.2026
BARMA;izle;;18,4;2,4;8,0;8,0;0;0;zayif;71,3;11,8;55,4;asagi;zayif;zayif;asagi;0,09;-15,55;1;8,71;-3,22;1605236;11,91;AL;NEGATIF;SAT;NEGATIF;AZALIYOR;AL;SAT;UCUZ (AL);2;01.09.2026
BEGYO;izle;;18,4;1,2;13,2;4,0;0;0;zayif;20,7;42,4;60,2;asagi;zayif;zayif;asagi;0,13;-2,13;2;3,51;-0,57;1781416;3,76;AL;NEGATIF;SAT;NEGATIF;AZALIYOR;SAT;SAT;UCUZ (AL);1;01.09.2026
CEMTS;izle;;18,3;0,3;12,5;5,4;38;3;zayif;14,3;40,1;63,4;asagi;zayif;zayif;asagi;0,31;-2,32;3;8,76;0,11;4125767;9,39;AL;NEGATIF;NOTR;NEGATIF;AZALIYOR;SAT;SAT;UCUZ (AL);1;01.09.2026
AKGRT;izle;;18,3;2,1;11,1;5,0;10;0;zayif;27,6;35,4;48,9;asagi;zayif;zayif;asagi;0,61;-3,27;4;6,23;0,16;38835029;6,56;AL;NEGATIF;SAT;NEGATIF;AZALIYOR;AL;SAT;NOTR;2;01.09.2026
KMPUR;izle;;18,3;14,0;4,2;0,0;6;0;zayif;23,7;37,3;33,6;asagi;zayif;zayif;asagi;0,28;-1,64;3;18,7;1,25;17250432;21,56;SAT;NEGATIF;SAT;NEGATIF;AZALIYOR;SAT;AL;NOTR;1;01.09.2026
TOASO;izle;;18,3;3,7;14,5;0,0;0;0;zayif;17,3;44,6;55,8;asagi;zayif;zayif;asagi;0,57;-1,22;0;270,5;-0,28;558060435;292,97;AL;NEGATIF;NOTR;POZITIF;AZALIYOR;SAT;SAT;NOTR;2;01.09.2026
BRISA;izle;;18,2;3,5;6,7;8,0;6;0;zayif;21,0;38,2;43,2;asagi;zayif;zayif;asagi;0,28;-2,27;3;76,65;0,33;4662083;82,47;SAT;NEGATIF;AL;NEGATIF;AZALIYOR;SAT;SAT;NOTR;1;01.09.2026
BEYAZ;izle;;18,1;0,0;12,0;6,1;0;0;zayif;9,7;38,4;35,3;asagi;zayif;zayif;asagi;1,07;-2,22;1;22,76;-1,13;17266601;25,14;AL;NEGATIF;NOTR;NEGATIF;AZALIYOR;SAT;SAT;NOTR;1;01.09.2026
EKIZ;izle;;18,1;2,4;11,7;4,0;0;0;zayif;40,1;37,2;41,1;asagi;zayif;zayif;asagi;0,19;-4,68;2;60,2;0,08;148814;65,21;AL;NEGATIF;SAT;NEGATIF;AZALIYOR;AL;AL;UCUZ (AL);3;01.09.2026
LUKSK;izle;;18,1;0,7;11,4;5,9;0;0;zayif;17,4;36,5;27,0;asagi;zayif;zayif;asagi;1,06;-2,54;2;85;2,04;10237230;91,88;AL;NEGATIF;NOTR;NEGATIF;ARTIYOR;SAT;AL;UCUZ (AL);2;01.09.2026
ARZUM;izle;;17,4;3,6;13,8;0,0;0;0;zayif;21,3;44,4;74,8;asagi;zayif;zayif;asagi;0,15;-2,19;1;1,65;0,61;5578488;1,83;AL;NEGATIF;AL;NEGATIF;AZALIYOR;AL;AL;UCUZ (AL);4;01.09.2026
BURVA;izle;;17,2;11,0;6,2;0,0;10;0;zayif;12,1;37,4;30,8;yukari;zayif;zayif;asagi;0,32;-2,65;4;713,5;-0,28;5239944;698,58;SAT;NEGATIF;NOTR;NEGATIF;AZALIYOR;SAT;SAT;NOTR;0;01.09.2026
ELITE;izle;;17,2;1,5;11,8;4,0;10;1;zayif;22,7;37,6;49,4;asagi;zayif;zayif;asagi;0,24;-3,10;2;27,16;-0,29;10274574;30,04;AL;NEGATIF;SAT;NEGATIF;AZALIYOR;SAT;SAT;NOTR;1;01.09.2026
KIMMR;izle;;17,2;2,4;10,7;4,0;0;0;zayif;32,9;34,2;39,3;asagi;zayif;zayif;asagi;0,32;-3,56;1;13,43;0,67;4408841;14,39;AL;NEGATIF;SAT;NEGATIF;AZALIYOR;SAT;SAT;NOTR;1;01.09.2026
HOROZ;izle;;17,0;9,1;7,5;0,4;0;0;zayif;20,1;41,5;47,4;yukari;zayif;zayif;asagi;0,72;-1,27;1;58,9;0,86;118419451;58,38;SAT;NEGATIF;SAT;NEGATIF;ARTIYOR;SAT;SAT;NOTR;0;01.09.2026
LIDFA;izle;;16,9;0,0;12,9;4,0;0;0;zayif;11,9;41,4;48,5;asagi;zayif;zayif;asagi;0,27;-1,79;2;2,64;-1,12;7433981;2,93;AL;NEGATIF;NOTR;NEGATIF;AZALIYOR;SAT;SAT;NOTR;1;01.09.2026
BVSAN;izle;;16,8;0,3;12,4;4,0;0;0;zayif;14,4;39,8;49,7;asagi;zayif;zayif;asagi;0,30;-2,26;2;103,2;-0,48;16978464;113,53;AL;NEGATIF;NOTR;NEGATIF;AZALIYOR;SAT;SAT;NOTR;1;01.09.2026
TUREX;izle;;16,6;4,3;12,4;0,0;0;0;zayif;23,0;39,5;54,0;asagi;zayif;zayif;asagi;0,29;-2,45;1;6,42;-0,31;27232382;7,06;AL;NEGATIF;AL;NEGATIF;AZALIYOR;SAT;SAT;NOTR;2;01.09.2026
LKMNH;izle;;16,6;2,4;12,7;1,5;0;0;zayif;37,8;40,7;49,6;asagi;zayif;zayif;asagi;0,18;-2,00;2;13,44;-0,30;3514869;14,46;AL;NEGATIF;SAT;NEGATIF;ARTIYOR;SAT;SAT;UCUZ (AL);1;01.09.2026
BRMEN;izle;;16,6;14,5;2,1;0,0;10;0;zayif;22,8;31,1;12,9;asagi;zayif;zayif;asagi;0,26;-3,56;4;12,93;-0,54;946631;15,11;SAT;NEGATIF;SAT;NEGATIF;AZALIYOR;SAT;SAT;NOTR;0;01.09.2026
DARDL;izle;;16,5;5,0;11,4;0,0;0;0;zayif;25,0;36,4;60,2;asagi;zayif;zayif;asagi;0,64;-2,96;1;1,64;0,00;17409228;1,80;AL;NEGATIF;AL;NEGATIF;AZALIYOR;SAT;SAT;UCUZ (AL);2;01.09.2026
NUGYO;izle;;16,5;2,5;13,9;0,0;0;0;zayif;18,5;42,8;56,7;asagi;zayif;zayif;asagi;0,13;-1,24;1;8,92;-0,22;2131800;9,70;AL;NEGATIF;NOTR;NEGATIF;AZALIYOR;SAT;SAT;NOTR;1;01.09.2026
SAMAT;izle;;16,3;2,9;13,4;0,0;0;0;zayif;19,5;42,9;32,8;asagi;zayif;zayif;asagi;0,17;-1,61;1;5,35;-0,37;1169269;5,96;AL;NEGATIF;NOTR;POZITIF;AZALIYOR;SAT;SAT;NOTR;2;01.09.2026
TMPOL;izle;;16,3;11,4;4,8;0,0;6;0;zayif;22,5;38,6;56,4;asagi;zayif;zayif;asagi;0,53;-1,70;3;393,25;-7,42;310543626;551,93;SAT;NEGATIF;SAT;NEGATIF;AZALIYOR;SAT;AL;NOTR;1;01.09.2026
AVHOL;izle;;16,0;0,4;7,6;8,0;0;0;zayif;14,8;37,2;35,5;asagi;zayif;zayif;asagi;0,15;-2,48;2;35,34;-0,56;12775410;38,73;SAT;NEGATIF;NOTR;NEGATIF;AZALIYOR;AL;SAT;NOTR;1;01.09.2026
ALCAR;izle;;15,9;0,3;11,6;4,0;6;0;zayif;14,2;37,1;43,5;asagi;zayif;zayif;asagi;0,29;-2,63;3;682,5;0,07;8643180;739,49;AL;NEGATIF;NOTR;NEGATIF;AZALIYOR;SAT;SAT;UCUZ (AL);1;01.09.2026
LINK;izle;;15,9;1,6;10,3;4,0;28;2;zayif;24,1;32,6;59,1;asagi;zayif;zayif;asagi;0,34;-3,31;3;5,31;-1,85;32456409;5,98;AL;NEGATIF;SAT;NEGATIF;AZALIYOR;SAT;SAT;NOTR;1;01.09.2026
DERHL;izle;;15,6;9,7;5,9;0,0;0;0;zayif;24,8;37,1;47,8;yukari;zayif;zayif;asagi;0,25;-2,68;2;2,09;0,48;12814106;2,05;SAT;NEGATIF;SAT;NEGATIF;AZALIYOR;SAT;SAT;UCUZ (AL);0;01.09.2026
SUNTK;izle;;15,5;11,1;4,4;0,0;6;0;zayif;20,1;36,8;35,3;asagi;zayif;zayif;asagi;0,09;-1,55;3;33,46;-1,41;7441571;41,94;SAT;NEGATIF;SAT;NEGATIF;AZALIYOR;SAT;SAT;NOTR;0;01.09.2026
DOGUB;izle;;15,4;3,6;8,0;3,8;6;0;zayif;16,7;38,4;29,5;asagi;zayif;zayif;asagi;0,93;-2,32;3;67,3;9,97;21381075;78,65;SAT;NEGATIF;NOTR;NEGATIF;ARTIYOR;SAT;AL;NOTR;1;01.09.2026
VKFYO;izle;;15,4;2,0;13,4;0,0;0;0;zayif;17,1;43,1;56,9;asagi;zayif;zayif;asagi;0,31;-1,83;0;23,06;-0,60;1670858;25,77;AL;NEGATIF;NOTR;POZITIF;AZALIYOR;SAT;SAT;UCUZ (AL);2;01.09.2026
GWIND;izle;;15,4;0,0;11,3;4,0;0;0;zayif;10,7;36,2;53,9;asagi;zayif;zayif;asagi;0,31;-2,91;1;22,66;0,09;25648809;24,29;AL;NEGATIF;NOTR;NEGATIF;AZALIYOR;SAT;SAT;NOTR;1;01.09.2026
BALAT;izle;;15,4;0,6;9,2;5,6;0;0;zayif;16,3;42,0;36,6;asagi;zayif;zayif;asagi;0,21;-2,05;2;67,95;0,00;379908;72,61;SAT;NEGATIF;NOTR;NEGATIF;AZALIYOR;SAT;SAT;NOTR;0;01.09.2026
SOKE;izle;;15,2;3,7;1,6;10,0;0;0;zayif;16,9;20,5;16,1;asagi;zayif;zayif;asagi;1,32;-4,96;2;11,92;-6,73;43008647;14,07;SAT;NEGATIF;NOTR;NEGATIF;ARTIYOR;SAT;SAT;NOTR;0;01.09.2026
ALFAS;izle;;15,2;2,6;12,6;0,0;38;3;zayif;18,6;40,4;55,3;asagi;zayif;zayif;asagi;0,29;-2,20;3;40,26;-1,13;23961866;43,63;AL;NEGATIF;NOTR;POZITIF;AZALIYOR;SAT;SAT;NOTR;2;01.09.2026
DGNMO;izle;;15,0;4,4;2,6;8,0;10;1;zayif;17,8;30,5;60,2;asagi;zayif;zayif;asagi;0,43;-2,22;2;7,24;-0,41;18028005;8,87;SAT;NEGATIF;NOTR;NEGATIF;AZALIYOR;SAT;SAT;NOTR;0;01.09.2026
BIGCH;izle;;14,9;0,0;6,9;8,0;0;0;zayif;8,1;38,5;53,8;asagi;zayif;zayif;asagi;0,51;-2,15;1;5,92;2,07;20510302;6,76;SAT;NEGATIF;NOTR;NEGATIF;AZALIYOR;SAT;SAT;UCUZ (AL);0;01.09.2026
LOGO;izle;;14,8;0,0;9,4;5,4;40;4;zayif;11,4;42,9;57,8;asagi;zayif;zayif;asagi;0,28;-1,31;2;133,4;-0,52;22505647;143,30;SAT;NEGATIF;NOTR;NEGATIF;AZALIYOR;SAT;SAT;UCUZ (AL);0;01.09.2026
ATAGY;izle;;14,8;2,4;9,0;3,3;0;0;zayif;34,9;28,4;46,8;asagi;zayif;zayif;asagi;0,90;-3,37;1;9,9;0,00;1733510;10,83;AL;NEGATIF;SAT;NEGATIF;ARTIYOR;SAT;SAT;UCUZ (AL);1;01.09.2026
DOFER;izle;;14,8;8,0;6,7;0,1;0;0;zayif;12,2;39,0;65,1;yukari;zayif;zayif;asagi;0,28;-2,13;1;27,96;-0,14;5652058;27,00;SAT;NEGATIF;NOTR;NEGATIF;AZALIYOR;SAT;SAT;UCUZ (AL);0;01.09.2026
LMKDC;izle;;14,7;8,5;6,3;0,0;16;1;zayif;15,5;37,9;40,1;yukari;zayif;zayif;asagi;0,39;-2,66;3;23,32;-0,34;39711815;22,85;SAT;NEGATIF;NOTR;NEGATIF;AZALIYOR;SAT;SAT;UCUZ (AL);0;01.09.2026
DGATE;izle;;14,7;9,6;5,1;0,0;0;0;zayif;16,3;35,2;31,7;asagi;zayif;zayif;asagi;0,45;-1,79;2;94,75;-1,61;15588365;110,87;SAT;NEGATIF;NOTR;NEGATIF;AZALIYOR;SAT;SAT;NOTR;0;01.09.2026
MEDTR;izle;;14,6;1,1;13,1;0,4;0;0;zayif;19,8;42,1;53,8;asagi;zayif;zayif;asagi;0,48;-1,99;1;25,26;-0,08;3461226;26,93;AL;NEGATIF;NOTR;NEGATIF;AZALIYOR;SAT;SAT;NOTR;1;01.09.2026
ICUGS;izle;;14,5;3,2;1,3;10,0;10;0;zayif;13,6;24,6;52,9;asagi;zayif;zayif;asagi;1,56;-3,48;4;4,29;-9,68;61794885;5,46;SAT;NEGATIF;NOTR;NEGATIF;ARTIYOR;SAT;SAT;NOTR;0;01.09.2026
KRTEK;izle;;14,4;8,8;5,7;0,0;10;0;zayif;17,7;30,6;19,0;yukari;zayif;zayif;asagi;0,20;-3,24;4;5,19;-1,70;1363429;5,18;SAT;NEGATIF;NOTR;NEGATIF;ARTIYOR;SAT;SAT;UCUZ (AL);0;01.09.2026
GSDHO;izle;;14,4;3,0;11,4;0,0;10;0;zayif;11,5;36,5;41,5;asagi;zayif;zayif;asagi;0,31;-2,75;5;4,57;-0,44;17300073;5,08;AL;NEGATIF;NOTR;NEGATIF;AZALIYOR;SAT;SAT;NOTR;1;01.09.2026
A1CAP;izle;;14,3;1,6;10,1;2,7;0;0;zayif;23,6;31,9;59,9;asagi;zayif;zayif;asagi;0,86;-4,52;2;7,79;-2,87;55269575;8,80;AL;NEGATIF;SAT;NEGATIF;ARTIYOR;SAT;SAT;UCUZ (AL);1;01.09.2026
OZYSR;izle;;14,2;7,1;3,2;4,0;0;0;zayif;21,7;31,2;34,2;asagi;zayif;zayif;asagi;0,64;-2,12;2;11,39;0,26;19253565;12,55;SAT;NEGATIF;SAT;NEGATIF;ARTIYOR;SAT;SAT;NOTR;0;01.09.2026
LIDER;izle;;14,2;2,4;8,0;3,8;6;0;zayif;46,4;21,2;17,1;asagi;zayif;zayif;asagi;0,93;-7,99;3;29,46;-9,47;779868302;45,04;AL;NEGATIF;SAT;NEGATIF;AZALIYOR;AL;SAT;UCUZ (AL);2;01.09.2026
CMBTN;izle;;14,2;4,6;9,5;0,0;0;0;zayif;23,9;43,6;54,9;asagi;zayif;zayif;asagi;0,27;-1,01;2;1537;-0,52;10740556;1674,31;SAT;NEGATIF;AL;NEGATIF;AZALIYOR;SAT;SAT;UCUZ (AL);1;01.09.2026
YAPRK;izle;;14,1;1,4;8,4;4,3;0;0;zayif;15,6;43,2;38,6;asagi;zayif;zayif;asagi;0,11;-1,45;1;10,8;0,19;7402417;12,21;SAT;NEGATIF;NOTR;NEGATIF;AZALIYOR;SAT;SAT;NOTR;0;01.09.2026
MTRYO;izle;;14,1;1,2;12,9;0,0;10;1;zayif;20,7;40,6;43,5;asagi;zayif;zayif;asagi;0,46;-1,41;2;8,8;-1,01;1204588;9,63;AL;NEGATIF;SAT;POZITIF;AZALIYOR;SAT;SAT;NOTR;2;01.09.2026
CGCAM;izle;;14,0;4,2;9,9;0,0;0;0;zayif;20,5;31,2;46,8;asagi;zayif;zayif;asagi;0,28;-3,30;2;34,66;-0,86;20512828;39,41;AL;NEGATIF;SAT;NEGATIF;AZALIYOR;SAT;SAT;NOTR;1;01.09.2026
USAK;izle;;14,0;0,0;10,0;4,0;0;0;zayif;10,6;31,6;50,6;asagi;zayif;zayif;asagi;0,31;-3,26;0;1,22;0,00;14788258;1,33;AL;NEGATIF;NOTR;NEGATIF;AZALIYOR;SAT;SAT;UCUZ (AL);1;01.09.2026
KTSKR;izle;;13,9;3,0;10,9;0,0;0;0;zayif;11,3;34,6;47,9;asagi;zayif;zayif;asagi;0,27;-3,15;2;80,35;1,07;9908039;89,26;AL;NEGATIF;NOTR;NEGATIF;AZALIYOR;SAT;SAT;NOTR;1;01.09.2026
ASUZU;izle;;13,7;1,7;12,0;0,0;0;0;zayif;24,8;38,2;59,2;asagi;zayif;zayif;asagi;0,18;-3,31;2;47,86;-0,29;4097390;50,78;AL;NEGATIF;SAT;POZITIF;AZALIYOR;SAT;SAT;NOTR;2;01.09.2026
ULUFA;izle;;13,7;0,6;8,0;5,1;0;0;zayif;16,5;42,1;50,2;asagi;zayif;zayif;asagi;0,17;-1,79;2;1,65;0,61;7467073;1,81;SAT;NEGATIF;NOTR;NEGATIF;AZALIYOR;SAT;SAT;NOTR;0;01.09.2026
KAREL;izle;;13,6;1,1;8,5;4,0;0;0;zayif;20,2;40,1;38,1;asagi;zayif;zayif;asagi;0,38;-2,41;2;8,71;1,75;38743317;9,81;SAT;NEGATIF;SAT;NEGATIF;AZALIYOR;SAT;SAT;NOTR;0;01.09.2026
DAPGM;izle;;13,6;0,1;5,5;8,0;0;0;zayif;12,8;34,2;39,2;asagi;zayif;zayif;asagi;0,16;-2,86;1;7,82;-3,58;111435141;9,21;SAT;NEGATIF;NOTR;NEGATIF;AZALIYOR;SAT;SAT;UCUZ (AL);0;01.09.2026
SUWEN;izle;;13,6;0,1;5,6;8,0;0;0;zayif;12,5;35,4;24,7;asagi;zayif;zayif;asagi;0,14;-2,51;1;5,96;-0,83;3716716;6,88;SAT;NEGATIF;NOTR;NEGATIF;AZALIYOR;SAT;SAT;UCUZ (AL);0;01.09.2026
MNDTR;izle;;13,5;1,5;11,4;0,5;0;0;zayif;23,3;36,4;59,3;asagi;zayif;zayif;asagi;0,20;-2,59;2;4,94;-0,20;1830206;5,37;AL;NEGATIF;SAT;NEGATIF;AZALIYOR;SAT;SAT;UCUZ (AL);1;01.09.2026
SILVR;izle;;13,3;0,7;12,6;0,0;0;0;zayif;17,2;40,3;32,7;asagi;zayif;zayif;asagi;0,15;-1,99;2;2,22;-0,45;445712;2,42;AL;NEGATIF;NOTR;NEGATIF;AZALIYOR;SAT;SAT;UCUZ (AL);1;01.09.2026
BLCYT;izle;;13,2;2,4;0,8;10,0;6;0;zayif;29,7;15,5;60,2;asagi;zayif;zayif;asagi;5,51;-7,82;3;2,05;-90,57;40421004;11,33;SAT;NEGATIF;SAT;NEGATIF;ARTIYOR;SAT;SAT;UCUZ (AL);0;01.09.2026
SUMAS;izle;;13,2;1,7;11,5;0,0;0;0;zayif;24,4;36,7;31,0;asagi;zayif;zayif;asagi;0,46;-4,07;1;270;-0,37;365310;290,78;AL;NEGATIF;SAT;NEGATIF;AZALIYOR;AL;AL;NOTR;3;01.09.2026
KFEIN;izle;;13,2;0,0;13,2;0,0;10;0;zayif;8,6;42,3;36,2;asagi;zayif;zayif;asagi;0,21;-1,79;4;8,18;0,25;7546181;9,04;AL;NEGATIF;NOTR;NEGATIF;AZALIYOR;SAT;SAT;NOTR;1;01.09.2026
NUHCM;izle;;13,1;0,6;7,8;4,7;6;0;zayif;16,6;40,2;37,7;asagi;zayif;zayif;asagi;0,33;-1,51;3;214,1;-0,93;4626059;228,18;SAT;NEGATIF;NOTR;NEGATIF;AZALIYOR;SAT;SAT;NOTR;0;01.09.2026
KRSTL;izle;;12,9;2,4;10,4;0,0;16;1;zayif;30,2;33,2;34,4;asagi;zayif;zayif;asagi;0,27;-3,25;3;9,16;0,33;11291999;9,84;AL;NEGATIF;SAT;NEGATIF;AZALIYOR;SAT;SAT;NOTR;1;01.09.2026
ENSRI;izle;;12,9;0,0;12,9;0,0;0;0;zayif;10,8;41,3;32,3;asagi;zayif;zayif;asagi;0,41;-4,89;2;5,05;-0,79;52723793;6,09;AL;NEGATIF;NOTR;NEGATIF;AZALIYOR;SAT;SAT;UCUZ (AL);1;01.09.2026
KZBGY;izle;;12,9;2,3;10,5;0,0;0;0;zayif;29,2;33,5;43,3;asagi;zayif;zayif;asagi;0,60;-4,82;0;1,93;-0,52;36217328;2,13;AL;NEGATIF;SAT;NEGATIF;AZALIYOR;SAT;SAT;UCUZ (AL);1;01.09.2026
KONTR;izle;;12,8;2,0;10,8;0,0;6;0;zayif;27,0;34,3;24,2;asagi;zayif;zayif;asagi;0,52;-7,01;3;3,47;-2,80;7222420;3,86;AL;NEGATIF;SAT;NEGATIF;AZALIYOR;SAT;SAT;UCUZ (AL);1;01.09.2026
ALKIM;izle;;12,8;0,0;12,8;0,0;0;0;zayif;10,2;41,0;69,7;asagi;zayif;zayif;asagi;0,31;-2,03;2;15,53;0,32;7932460;16,81;AL;NEGATIF;NOTR;NEGATIF;AZALIYOR;SAT;SAT;NOTR;1;01.09.2026
TAVHL;izle;;12,7;0,0;5,3;7,4;6;0;zayif;11,9;36,5;53,9;asagi;zayif;zayif;asagi;1,04;-1,91;3;258,5;-2,45;935430073;291,96;SAT;NEGATIF;NOTR;NEGATIF;ARTIYOR;SAT;SAT;NOTR;0;01.09.2026
HEKTS;izle;;12,5;1,8;10,8;0,0;0;0;zayif;24,9;34,3;49,1;asagi;zayif;zayif;asagi;0,63;-3,08;2;2,73;0,00;516324379;2,99;AL;NEGATIF;SAT;NEGATIF;AZALIYOR;SAT;SAT;NOTR;1;01.09.2026
YBTAS;izle;;12,5;2,4;8,9;1,3;10;0;zayif;29,5;41,2;31,9;asagi;zayif;zayif;asagi;0,37;-2,79;4;14;1,08;364952;14,83;SAT;NEGATIF;SAT;NEGATIF;ARTIYOR;SAT;AL;UCUZ (AL);1;01.09.2026
QNBFK;izle;;12,5;3,7;8,8;0,0;10;0;zayif;17,2;41,0;35,3;asagi;zayif;zayif;asagi;0,30;-1,55;4;41,64;0,00;403450;45,68;SAT;NEGATIF;NOTR;NEGATIF;AZALIYOR;SAT;SAT;NOTR;0;01.09.2026
KOTON;izle;;12,5;0,5;12,0;0,0;0;0;zayif;15,6;38,4;57,0;asagi;zayif;zayif;asagi;0,37;-2,69;2;12,5;-0,48;9678938;13,37;AL;NEGATIF;NOTR;NEGATIF;AZALIYOR;SAT;SAT;UCUZ (AL);1;01.09.2026
YATAS;izle;;12,4;1,9;6,5;4,0;0;0;zayif;26,1;33,3;26,2;asagi;zayif;zayif;asagi;0,25;-4,17;2;30,78;0,20;6944122;33,48;SAT;NEGATIF;SAT;NEGATIF;AZALIYOR;SAT;SAT;NOTR;0;01.09.2026
PARSN;izle;;12,4;1,2;11,2;0,0;6;0;zayif;20,7;35,7;72,8;asagi;zayif;zayif;asagi;0,13;-2,72;3;70,6;0,07;3435608;77,48;AL;NEGATIF;SAT;POZITIF;AZALIYOR;SAT;SAT;UCUZ (AL);2;01.09.2026
GENTS;izle;;12,4;0,8;11,6;0,0;0;0;zayif;18,0;36,8;54,2;asagi;zayif;zayif;asagi;0,27;-3,92;0;5,12;-0,19;8195738;5,60;AL;NEGATIF;NOTR;NEGATIF;AZALIYOR;SAT;SAT;UCUZ (AL);1;01.09.2026
IDGYO;izle;;12,4;2,4;9,9;0,0;0;0;zayif;31,2;31,3;37,6;asagi;zayif;zayif;asagi;0,16;-3,87;0;2,99;-0,99;780800;3,48;AL;NEGATIF;SAT;NEGATIF;AZALIYOR;AL;SAT;NOTR;2;01.09.2026
MSGYO;izle;;12,4;0,4;8,0;4,0;10;1;zayif;13,0;38,2;23,0;asagi;zayif;zayif;asagi;0,35;-2,01;2;5,71;0,18;4127536;6,21;SAT;NEGATIF;NOTR;NEGATIF;AZALIYOR;AL;AL;NOTR;2;01.09.2026
AKSA;izle;;12,3;5,0;6,7;0,5;10;0;zayif;26,9;34,2;19,2;asagi;zayif;zayif;asagi;0,25;-2,69;4;10,75;-0,19;56260727;11,68;SAT;NEGATIF;SAT;NEGATIF;AZALIYOR;SAT;SAT;NOTR;0;01.09.2026
TEZOL;izle;;12,3;2,4;9,8;0,0;0;0;zayif;36,9;31,0;41,7;asagi;zayif;zayif;asagi;0,27;-6,03;2;9,45;1,07;21638497;10,76;AL;NEGATIF;SAT;NEGATIF;AZALIYOR;SAT;SAT;UCUZ (AL);1;01.09.2026
FROTO;izle;;12,3;1,9;8,1;2,2;32;3;zayif;26,0;42,1;48,4;asagi;zayif;zayif;asagi;0,47;-2,01;2;77,75;1,04;777267450;82,71;SAT;NEGATIF;SAT;NEGATIF;AZALIYOR;SAT;SAT;NOTR;0;01.09.2026
NATEN;izle;;12,2;0,2;12,0;0,0;0;0;zayif;13,2;38,3;56,7;asagi;zayif;zayif;asagi;0,15;-2,88;1;5,5;0,18;6126720;6,01;AL;NEGATIF;NOTR;NEGATIF;AZALIYOR;SAT;SAT;UCUZ (AL);1;01.09.2026
MHRGY;izle;;12,1;0,1;12,0;0,0;10;1;zayif;12,7;38,4;49,2;asagi;zayif;zayif;asagi;0,41;-2,60;2;3,26;0,31;3749078;3,52;AL;NEGATIF;NOTR;NEGATIF;AZALIYOR;SAT;SAT;NOTR;1;01.09.2026
OYLUM;izle;;12,1;1,3;9,8;1,0;0;0;zayif;21,3;31,1;23,1;asagi;zayif;zayif;asagi;0,35;-2,21;1;7,16;-0,14;1054160;7,84;AL;NEGATIF;SAT;NEGATIF;AZALIYOR;SAT;SAT;UCUZ (AL);1;01.09.2026
ATAKP;izle;;12,0;1,8;10,3;0,0;0;0;zayif;24,9;32,6;40,2;asagi;zayif;zayif;asagi;0,28;-3,56;2;43,82;-0,27;5639809;48,14;AL;NEGATIF;SAT;NEGATIF;AZALIYOR;SAT;SAT;UCUZ (AL);1;01.09.2026
KRVGD;izle;;12,0;2,4;9,5;0,0;6;0;zayif;45,2;30,1;21,7;asagi;zayif;zayif;asagi;0,19;-3,84;3;2,27;0,44;3189098;2,44;AL;NEGATIF;SAT;NEGATIF;AZALIYOR;AL;AL;NOTR;3;01.09.2026
ARCLK;izle;;11,9;0,0;4,9;7,0;0;0;zayif;11,8;32,5;37,3;asagi;zayif;zayif;asagi;0,73;-3,58;2;91,05;0,44;101343840;96,26;SAT;NEGATIF;NOTR;NEGATIF;AZALIYOR;SAT;SAT;UCUZ (AL);0;01.09.2026
EKOS;izle;;11,9;1,1;10,8;0,0;10;1;zayif;19,8;34,3;59,4;asagi;zayif;zayif;asagi;0,52;-3,07;0;5,22;-1,32;27114857;5,90;AL;NEGATIF;NOTR;NEGATIF;AZALIYOR;SAT;SAT;NOTR;1;01.09.2026
PENGD;izle;;11,6;2,4;9,1;0,0;6;0;zayif;32,3;28,8;22,5;asagi;zayif;zayif;asagi;0,59;-4,21;3;9,03;0,00;11984029;9,73;AL;NEGATIF;SAT;NEGATIF;AZALIYOR;SAT;AL;NOTR;2;01.09.2026
KLRHO;izle;;11,6;0,1;11,5;0,0;0;0;zayif;12,8;36,5;22,7;asagi;zayif;zayif;asagi;0,16;-4,35;1;65,6;-0,38;35762758;75,40;AL;NEGATIF;NOTR;NEGATIF;AZALIYOR;AL;AL;UCUZ (AL);3;01.09.2026
BORLS;izle;;11,6;0,9;10,6;0,0;6;0;zayif;18,7;33,8;37,5;asagi;zayif;zayif;asagi;0,24;-3,00;3;4,2;-0,71;17272093;5,15;AL;NEGATIF;NOTR;POZITIF;AZALIYOR;SAT;SAT;NOTR;2;01.09.2026
ERBOS;izle;;11,4;0,0;11,4;0,0;0;0;zayif;9,4;36,5;46,7;asagi;zayif;zayif;asagi;0,12;-3,17;2;149,6;0,07;984518;160,58;AL;NEGATIF;NOTR;NEGATIF;AZALIYOR;SAT;SAT;UCUZ (AL);1;01.09.2026
RTALB;izle;;11,4;0,0;11,4;0,0;0;0;zayif;9,1;36,3;42,2;asagi;zayif;zayif;asagi;0,24;-3,15;2;2,86;-0,35;11478441;3,12;AL;NEGATIF;NOTR;NEGATIF;AZALIYOR;SAT;SAT;NOTR;1;01.09.2026
OSTIM;izle;;11,3;0,6;10,7;0,0;6;0;zayif;16,6;33,9;58,7;asagi;zayif;zayif;asagi;0,31;-3,43;3;1,52;-0,65;5189674;1,68;AL;NEGATIF;NOTR;NEGATIF;AZALIYOR;SAT;SAT;UCUZ (AL);1;01.09.2026
ANGEN;izle;;11,0;0,6;10,4;0,0;0;0;zayif;16,4;33,1;45,2;asagi;zayif;zayif;asagi;0,26;-3,54;1;8,96;-0,55;5291256;9,59;AL;NEGATIF;NOTR;NEGATIF;AZALIYOR;SAT;SAT;UCUZ (AL);1;01.09.2026
IMASM;izle;;10,9;0,3;10,6;0,0;40;4;zayif;14,5;33,7;4,4;asagi;zayif;zayif;asagi;0,20;-4,28;1;2,26;-0,44;13753546;2,53;AL;NEGATIF;NOTR;NEGATIF;AZALIYOR;SAT;SAT;UCUZ (AL);1;01.09.2026
TRILC;izle;;10,9;1,5;9,3;0,0;0;0;zayif;23,3;29,4;16,6;asagi;zayif;zayif;asagi;0,25;-10,20;1;1,08;-0,92;1241635;1,14;AL;NEGATIF;SAT;NEGATIF;AZALIYOR;SAT;AL;UCUZ (AL);2;01.09.2026
BALSU;izle;;10,8;1,3;9,6;0,0;0;0;zayif;21,5;30,2;39,9;asagi;zayif;zayif;asagi;0,17;-4,23;2;9,61;-3,32;159454694;11,87;AL;NEGATIF;SAT;NEGATIF;AZALIYOR;SAT;SAT;UCUZ (AL);1;01.09.2026
AEFES;izle;;10,8;5,2;5,6;0,0;6;0;zayif;28,5;30,3;35,0;asagi;zayif;zayif;asagi;0,32;-3,28;3;18;0,90;339085962;19,72;SAT;NEGATIF;SAT;NEGATIF;AZALIYOR;SAT;AL;NOTR;1;01.09.2026
ATEKS;izle;;10,8;4,2;6,6;0,0;6;0;zayif;21,1;40,2;49,0;asagi;zayif;zayif;asagi;0,62;-2,67;3;97;-1,02;867374;109,74;SAT;NEGATIF;SAT;NEGATIF;AZALIYOR;SAT;AL;NOTR;1;01.09.2026
YKSLN;izle;;10,8;0,1;10,6;0,0;0;0;zayif;13,0;33,8;42,2;asagi;zayif;zayif;asagi;0,25;-3,13;2;2,69;0,00;5111530;2,93;AL;NEGATIF;NOTR;NEGATIF;AZALIYOR;SAT;SAT;UCUZ (AL);1;01.09.2026
MERKO;izle;;10,7;1,1;9,7;0,0;0;0;zayif;19,8;30,5;50,5;asagi;zayif;zayif;asagi;0,34;-4,94;2;1,28;-1,54;8130680;1,41;AL;NEGATIF;NOTR;NEGATIF;AZALIYOR;SAT;SAT;UCUZ (AL);1;01.09.2026
EMNIS;izle;;10,5;0,6;5,6;4,4;28;2;zayif;16,2;40,5;26,0;asagi;zayif;zayif;asagi;0,46;-1,92;3;152;-1,30;487616;161,91;SAT;NEGATIF;NOTR;NEGATIF;AZALIYOR;SAT;AL;NOTR;1;01.09.2026
DCTTR;izle;;10,4;2,4;8,0;0,0;6;0;zayif;43,6;20,4;24,2;asagi;zayif;zayif;asagi;0,24;-6,90;3;6,28;-3,09;28492008;7,55;AL;NEGATIF;SAT;NEGATIF;AZALIYOR;SAT;SAT;NOTR;1;01.09.2026
SURGY;izle;;10,4;2,4;8,0;0,0;0;0;zayif;37,9;14,4;27,2;asagi;zayif;zayif;asagi;0,21;-8,09;0;31,38;-0,06;50933788;38,51;AL;NEGATIF;SAT;NEGATIF;AZALIYOR;AL;AL;UCUZ (AL);3;01.09.2026
FZLGY;izle;;10,4;1,6;8,8;0,0;0;0;zayif;23,5;27,8;70,4;asagi;zayif;zayif;asagi;0,35;-4,45;0;9,02;-4,14;68155472;10,88;AL;NEGATIF;SAT;NEGATIF;AZALIYOR;SAT;SAT;NOTR;1;01.09.2026
TATEN;izle;;10,4;1,1;9,3;0,0;0;0;zayif;20,3;29,3;57,6;asagi;zayif;zayif;asagi;0,16;-4,26;1;8,3;-1,43;61368797;10,08;AL;NEGATIF;SAT;NEGATIF;AZALIYOR;SAT;SAT;UCUZ (AL);1;01.09.2026
REEDR;izle;;10,4;0,0;10,4;0,0;0;0;zayif;10,2;32,9;37,6;asagi;zayif;zayif;asagi;0,30;-3,75;1;5,73;-0,35;26260716;6,19;AL;NEGATIF;NOTR;NEGATIF;AZALIYOR;SAT;SAT;NOTR;1;01.09.2026
ALCTL;izle;;10,3;5,4;4,9;0,0;20;1;zayif;44,3;27,9;18,5;asagi;zayif;zayif;asagi;0,26;-4,02;4;114,4;-0,95;16718645;135,02;SAT;NEGATIF;SAT;NEGATIF;AZALIYOR;SAT;SAT;NOTR;0;01.09.2026
SKTAS;izle;;10,2;4,0;6,3;0,0;0;0;zayif;22,3;37,0;46,8;asagi;zayif;zayif;asagi;0,30;-2,03;2;3,07;-1,60;9990584;3,43;SAT;NEGATIF;AL;NEGATIF;AZALIYOR;SAT;SAT;NOTR;1;01.09.2026
GEDIK;izle;;10,0;4,2;5,9;0,0;0;0;zayif;20,5;36,4;40,2;asagi;zayif;zayif;asagi;0,08;-1,69;1;6,02;-0,33;11146752;6,74;SAT;NEGATIF;SAT;NEGATIF;AZALIYOR;SAT;SAT;NOTR;0;01.09.2026
CMENT;izle;;10,0;2,4;7,3;0,2;6;0;zayif;32,8;36,1;38,7;asagi;zayif;zayif;asagi;0,19;-4,12;3;262;-0,38;191784;274,34;SAT;NEGATIF;SAT;NEGATIF;AZALIYOR;SAT;AL;UCUZ (AL);1;01.09.2026
MAVI;izle;;9,8;1,3;7,1;1,4;0;0;zayif;21,9;39,9;48,8;asagi;zayif;zayif;asagi;0,33;-2,32;2;37,24;0,98;45378355;39,66;SAT;NEGATIF;SAT;NEGATIF;AZALIYOR;SAT;SAT;NOTR;0;01.09.2026
OTTO;izle;;9,7;0,6;2,4;6,6;10;0;zayif;16,8;27,9;26,8;asagi;zayif;zayif;asagi;1,10;-4,86;4;148,4;-1,33;31718274;170,42;SAT;NEGATIF;NOTR;NEGATIF;ARTIYOR;SAT;SAT;UCUZ (AL);0;01.09.2026
MEGMT;izle;;9,7;5,4;4,2;0,0;0;0;zayif;39,3;25,7;26,3;asagi;zayif;zayif;asagi;0,45;-5,59;2;44,98;1,63;167451859;55,21;SAT;NEGATIF;SAT;NEGATIF;AZALIYOR;AL;SAT;NOTR;1;01.09.2026
TCELL;izle;;9,6;1,3;3,7;4,5;6;0;zayif;21,9;31,6;41,7;asagi;zayif;zayif;asagi;0,90;-3,02;3;95,45;0,42;2600059050;105,37;SAT;NEGATIF;SAT;NEGATIF;AZALIYOR;SAT;SAT;NOTR;0;01.09.2026
AKYHO;izle;;9,5;0,8;3,4;5,2;0;0;zayif;18,2;28,4;26,6;asagi;zayif;zayif;asagi;1,01;-3,24;2;2,07;-2,36;2116037;2,33;SAT;NEGATIF;NOTR;NEGATIF;ARTIYOR;SAT;SAT;UCUZ (AL);0;01.09.2026
TABGD;izle;;9,5;4,1;5,3;0,0;10;0;zayif;20,4;38,2;25,1;asagi;zayif;zayif;asagi;0,60;-1,65;5;233,8;-0,85;93461316;260,92;SAT;NEGATIF;SAT;NEGATIF;AZALIYOR;SAT;AL;NOTR;1;01.09.2026
HEDEF;izle;;9,4;5,4;4,0;0,0;6;0;zayif;32,1;24,5;31,1;asagi;zayif;zayif;asagi;0,22;-5,14;3;75,85;-9,97;115380517;129,57;SAT;NEGATIF;SAT;NEGATIF;AZALIYOR;SAT;SAT;NOTR;0;01.09.2026
AYEN;izle;;9,4;3,0;6,4;0,0;6;0;zayif;9,8;38,0;53,5;asagi;zayif;zayif;asagi;0,29;-2,08;3;30,76;0,00;6939948;34,29;SAT;NEGATIF;NOTR;NEGATIF;AZALIYOR;SAT;SAT;NOTR;0;01.09.2026
ULUSE;izle;;9,4;6,1;3,2;0,0;0;0;zayif;18,6;31,5;17,7;asagi;zayif;zayif;asagi;0,33;-2,58;2;242,1;-1,78;16571745;288,98;SAT;NEGATIF;NOTR;NEGATIF;AZALIYOR;SAT;AL;NOTR;1;01.09.2026
EGEEN;izle;;9,4;0,2;6,3;2,8;0;0;zayif;13,5;36,6;44,0;asagi;zayif;zayif;asagi;0,42;-2,65;2;5080;0,10;20167600;5391,64;SAT;NEGATIF;NOTR;NEGATIF;AZALIYOR;SAT;SAT;UCUZ (AL);0;01.09.2026
MGROS;izle;;9,2;5,4;3,8;0,0;6;0;zayif;33,0;30,5;44,1;asagi;zayif;zayif;asagi;0,29;-4,42;3;529;-0,84;540534316;580,85;SAT;NEGATIF;SAT;NEGATIF;AZALIYOR;SAT;SAT;NOTR;0;01.09.2026
GZNMI;izle;;9,2;0,0;7,1;2,2;0;0;zayif;10,2;39,6;43,6;asagi;zayif;zayif;asagi;0,83;-1,79;2;54,55;-5,13;74263443;65,91;SAT;NEGATIF;NOTR;NEGATIF;ARTIYOR;SAT;AL;UCUZ (AL);1;01.09.2026
BAKAB;izle;;9,2;3,6;5,6;0,0;10;0;zayif;16,8;30,2;21,2;asagi;zayif;zayif;asagi;0,25;-3,53;5;38,66;0,78;3568473;43,70;SAT;NEGATIF;NOTR;NEGATIF;AZALIYOR;SAT;SAT;NOTR;0;01.09.2026
OBASE;izle;;9,2;3,2;6,0;0,0;0;0;zayif;13,4;36,6;33,8;asagi;zayif;zayif;asagi;0,36;-1,95;2;36;-2,70;8763372;41,11;SAT;NEGATIF;NOTR;NEGATIF;AZALIYOR;SAT;SAT;NOTR;0;01.09.2026
BRYAT;izle;;9,2;0,5;7,8;0,9;0;0;zayif;16,0;41,1;56,3;asagi;zayif;zayif;asagi;0,21;-2,32;2;1673;-0,36;29008147;1830,14;SAT;NEGATIF;NOTR;NEGATIF;AZALIYOR;SAT;SAT;UCUZ (AL);0;01.09.2026
INTEK;izle;;8,9;1,2;7,8;0,0;0;0;zayif;20,6;37,6;41,7;asagi;zayif;zayif;asagi;0,10;-3,22;0;235;-0,63;271425;260,98;SAT;NEGATIF;SAT;NEGATIF;AZALIYOR;SAT;SAT;NOTR;0;01.09.2026
LRSHO;izle;;8,5;1,7;6,8;0,0;38;3;zayif;16,5;34,4;52,2;asagi;zayif;zayif;asagi;0,15;-3,74;3;2,48;0,00;10974990;2,78;SAT;NEGATIF;NOTR;NEGATIF;AZALIYOR;SAT;SAT;UCUZ (AL);0;01.09.2026
CLEBI;izle;;8,4;0,6;7,1;0,7;6;0;zayif;16,5;40,0;43,1;asagi;zayif;zayif;asagi;0,28;-2,11;3;1449;0,21;10309635;1553,35;SAT;NEGATIF;NOTR;NEGATIF;AZALIYOR;SAT;SAT;NOTR;0;01.09.2026
IHAAS;izle;;8,3;1,3;7,0;0,0;6;0;zayif;21,5;40,1;48,2;asagi;zayif;zayif;asagi;0,26;-2,20;3;50,35;-3,08;17931498;62,94;SAT;NEGATIF;SAT;NEGATIF;AZALIYOR;SAT;SAT;NOTR;0;01.09.2026
ONRYT;izle;;8,1;0,0;7,9;0,2;0;0;zayif;7,2;41,6;59,9;asagi;zayif;zayif;asagi;0,41;-1,57;1;57,85;-0,86;21725394;64,39;SAT;NEGATIF;NOTR;NEGATIF;AZALIYOR;SAT;SAT;NOTR;0;01.09.2026
MERCN;izle;;8,1;1,7;6,3;0,0;10;0;zayif;24,6;32,8;33,4;asagi;zayif;zayif;asagi;0,35;-3,15;4;17,57;1,91;24346398;20,83;SAT;NEGATIF;SAT;NEGATIF;AZALIYOR;SAT;AL;NOTR;1;01.09.2026
SEKFK;izle;;7,9;2,0;5,8;0,0;6;0;zayif;27,0;31,1;17,6;asagi;zayif;zayif;asagi;0,18;-3,41;3;4,42;-1,34;724199;4,97;SAT;NEGATIF;SAT;NEGATIF;AZALIYOR;AL;AL;NOTR;2;01.09.2026
INGRM;izle;;7,6;0,8;6,9;0,0;6;0;zayif;17,7;38,6;47,1;asagi;zayif;zayif;asagi;0,29;-1,75;3;376;-0,53;3514096;411,43;SAT;NEGATIF;NOTR;NEGATIF;AZALIYOR;SAT;SAT;NOTR;0;01.09.2026
SEYKM;izle;;7,5;0,1;7,3;0,0;6;0;zayif;13,0;36,2;29,5;asagi;zayif;zayif;asagi;0,63;-1,68;3;4,48;0,90;3933767;4,95;SAT;NEGATIF;NOTR;NEGATIF;AZALIYOR;SAT;AL;UCUZ (AL);1;01.09.2026
VKING;izle;;7,3;2,4;4,9;0,0;6;0;zayif;35,7;31,6;42,0;asagi;zayif;zayif;asagi;0,42;-3,07;3;21,08;-1,68;3005059;23,18;SAT;NEGATIF;SAT;NEGATIF;AZALIYOR;SAT;SAT;UCUZ (AL);0;01.09.2026
HTTBT;izle;;7,3;0,1;5,1;2,1;6;0;zayif;12,4;34,0;48,8;asagi;zayif;zayif;asagi;0,62;-2,45;3;35,58;-0,89;10022352;38,34;SAT;NEGATIF;NOTR;NEGATIF;AZALIYOR;SAT;SAT;UCUZ (AL);0;01.09.2026
GOKNR;izle;;7,3;1,1;6,1;0,0;0;0;zayif;20,2;32,1;44,9;asagi;zayif;zayif;asagi;0,22;-4,24;1;17,77;0,85;30742064;20,19;SAT;NEGATIF;SAT;NEGATIF;AZALIYOR;AL;AL;NOTR;2;01.09.2026
GRNYO;izle;;7,3;2,0;5,3;0,0;10;0;zayif;26,3;33,3;23,2;asagi;zayif;zayif;asagi;0,18;-3,35;4;13,05;-1,73;630158;14,97;SAT;NEGATIF;SAT;NEGATIF;AZALIYOR;SAT;SAT;NOTR;0;01.09.2026
AHSGY;izle;;7,1;3,0;2,2;1,9;10;0;zayif;11,8;27,2;45,7;asagi;zayif;zayif;asagi;0,81;-3,32;4;16,2;-3,23;21257154;18,77;SAT;NEGATIF;NOTR;NEGATIF;ARTIYOR;SAT;SAT;NOTR;0;01.09.2026
AZTEK;izle;;7,1;1,7;5,4;0,0;6;0;zayif;24,5;29,5;4,4;asagi;zayif;zayif;asagi;0,32;-3,47;3;3,76;-0,53;10422682;4,28;SAT;NEGATIF;SAT;NEGATIF;AZALIYOR;SAT;SAT;NOTR;0;01.09.2026
ONCSM;izle;;7,0;3,5;3,5;0,0;0;0;zayif;15,7;30,5;65,0;asagi;zayif;zayif;asagi;0,36;-3,31;2;208,4;-6,96;47755485;257,40;SAT;NEGATIF;NOTR;NEGATIF;ARTIYOR;SAT;SAT;NOTR;0;01.09.2026
AGROT;izle;;6,9;2,8;4,1;0,0;22;2;zayif;19,3;34,3;32,0;asagi;zayif;zayif;asagi;0,20;-3,52;2;2,02;-0,49;44976051;2,41;SAT;NEGATIF;NOTR;NEGATIF;AZALIYOR;SAT;SAT;UCUZ (AL);0;01.09.2026
GLBMD;izle;;6,8;0,6;6,1;0,0;6;0;zayif;16,6;36,8;22,4;asagi;zayif;zayif;asagi;0,35;-1,67;3;11,56;0,43;1069554;12,99;SAT;NEGATIF;NOTR;NEGATIF;AZALIYOR;SAT;SAT;NOTR;0;01.09.2026
QUAGR;izle;;6,7;0,1;6,6;0,0;0;0;zayif;13,0;37,1;66,1;asagi;zayif;zayif;asagi;0,56;-2,15;1;3,14;-1,26;71545572;3,60;SAT;NEGATIF;NOTR;NEGATIF;AZALIYOR;SAT;SAT;NOTR;0;01.09.2026
ATLAS;izle;;6,7;2,4;4,2;0,0;0;0;zayif;32,0;29,9;25,8;asagi;zayif;zayif;asagi;0,47;-3,68;2;6,04;-0,98;2073629;6,85;SAT;NEGATIF;SAT;NEGATIF;AZALIYOR;SAT;SAT;NOTR;0;01.09.2026
OSMEN;izle;;6,7;0,7;6,0;0,0;32;2;zayif;16,9;38,9;49,7;asagi;zayif;zayif;asagi;0,34;-1,82;4;7,26;1,54;9593197;8,27;SAT;NEGATIF;NOTR;NEGATIF;AZALIYOR;SAT;SAT;NOTR;0;01.09.2026
YUNSA;izle;;6,5;3,6;2,8;0,0;6;0;zayif;16,7;29,0;18,4;asagi;zayif;zayif;asagi;0,40;-3,93;3;7,94;-1,12;14746843;8,66;SAT;NEGATIF;NOTR;NEGATIF;AZALIYOR;SAT;AL;NOTR;1;01.09.2026
EMKEL;izle;;6,4;2,4;4,0;0,0;6;0;zayif;30,5;21,4;21,5;asagi;zayif;zayif;asagi;0,37;-5,19;3;14,64;-0,41;22435668;16,62;SAT;NEGATIF;SAT;NEGATIF;AZALIYOR;SAT;SAT;UCUZ (AL);0;01.09.2026
GRSEL;izle;;6,4;4,9;0,9;0,6;0;0;zayif;26,2;27,4;0,0;asagi;zayif;zayif;asagi;0,65;-2,59;2;298,5;-0,50;64205261;332,83;SAT;NEGATIF;SAT;NEGATIF;ARTIYOR;SAT;SAT;NOTR;0;01.09.2026
DOAS;izle;;6,4;1,2;5,3;0,0;6;0;zayif;20,6;29,2;27,9;asagi;zayif;zayif;asagi;0,28;-3,89;3;163,9;0,06;49327672;175,70;SAT;NEGATIF;SAT;NEGATIF;AZALIYOR;SAT;SAT;NOTR;0;01.09.2026
IZINV;izle;;6,0;0,0;6,0;0,0;0;0;zayif;11,6;35,1;34,4;asagi;zayif;zayif;asagi;0,22;-2,75;2;52,8;0,00;3413626;58,39;SAT;NEGATIF;NOTR;NEGATIF;AZALIYOR;SAT;SAT;NOTR;0;01.09.2026
LYDHO;izle;;5,6;5,4;0,2;0,0;10;0;zayif;30,8;11,7;39,1;asagi;zayif;zayif;asagi;0,40;-5,37;4;140,9;-4,80;22846653;166,25;SAT;NEGATIF;SAT;NEGATIF;ARTIYOR;SAT;SAT;UCUZ (AL);0;01.09.2026
EUHOL;izle;;5,5;1,0;4,5;0,0;6;0;zayif;19,2;39,3;24,1;asagi;zayif;zayif;asagi;0,14;-2,25;3;10;1,21;1262260;11,34;SAT;NEGATIF;NOTR;NEGATIF;AZALIYOR;SAT;AL;NOTR;1;01.09.2026
ERCB;izle;;5,5;0,1;5,4;0,0;0;0;zayif;12,4;33,6;44,1;asagi;zayif;zayif;asagi;0,18;-3,03;2;45,1;0,00;5948059;49,20;SAT;NEGATIF;NOTR;NEGATIF;AZALIYOR;SAT;SAT;UCUZ (AL);0;01.09.2026
POLTK;izle;;5,5;0,4;5,0;0,0;0;0;zayif;15,2;34,1;54,3;asagi;zayif;zayif;asagi;0,27;-3,15;2;4175;-0,36;7682000;4634,54;SAT;NEGATIF;NOTR;NEGATIF;AZALIYOR;SAT;SAT;UCUZ (AL);0;01.09.2026
FORMT;izle;;5,4;2,4;3,0;0,0;0;0;zayif;33,4;18,7;54,7;asagi;zayif;zayif;asagi;0,43;-6,49;2;1,52;-2,56;13102754;1,70;SAT;NEGATIF;SAT;NEGATIF;AZALIYOR;SAT;SAT;UCUZ (AL);0;01.09.2026
PRKAB;izle;;5,3;0,4;4,9;0,0;16;1;zayif;15,0;32,6;35,1;asagi;zayif;zayif;asagi;0,28;-3,04;3;31,2;0,45;5711378;34,11;SAT;NEGATIF;NOTR;NEGATIF;AZALIYOR;SAT;SAT;NOTR;0;01.09.2026
MOPAS;izle;;5,3;2,1;3,2;0,0;6;0;zayif;27,5;26,1;52,5;asagi;zayif;zayif;asagi;0,34;-5,00;3;25,94;0,31;20169829;28,49;SAT;NEGATIF;SAT;NEGATIF;AZALIYOR;SAT;SAT;NOTR;0;01.09.2026
MMCAS;izle;;5,2;2,4;2,7;0,0;0;0;zayif;31,6;28,6;29,7;asagi;zayif;zayif;asagi;0,23;-5,17;1;46,12;-3,23;237795;53,17;SAT;NEGATIF;SAT;NEGATIF;AZALIYOR;SAT;SAT;UCUZ (AL);0;01.09.2026
ORCAY;izle;;5,1;0,1;5,1;0,0;6;0;zayif;12,4;32,2;23,3;asagi;zayif;zayif;asagi;0,47;-2,68;3;3,4;-0,58;2033666;3,83;SAT;NEGATIF;NOTR;NEGATIF;AZALIYOR;SAT;SAT;NOTR;0;01.09.2026
LYDYE;izle;;4,9;0,5;4,4;0,0;40;4;zayif;15,8;33,4;41,5;asagi;zayif;zayif;asagi;0,26;-2,95;2;12010;0,00;4683900;13373,66;SAT;NEGATIF;NOTR;NEGATIF;ARTIYOR;SAT;SAT;NOTR;0;01.09.2026
ENTRA;izle;;4,8;0,0;4,8;0,0;6;0;zayif;11,1;35,2;39,0;asagi;zayif;zayif;asagi;0,27;-2,47;3;4,31;0,47;23735291;4,69;SAT;NEGATIF;NOTR;NEGATIF;AZALIYOR;SAT;AL;NOTR;1;01.09.2026
AKSUE;izle;;4,7;4,7;0,0;0,0;6;0;zayif;24,8;20,3;28,2;asagi;zayif;zayif;asagi;0,64;-4,52;3;30,3;-9,98;39831744;38,63;SAT;NEGATIF;SAT;NEGATIF;ARTIYOR;SAT;AL;NOTR;1;01.09.2026
MIATK;izle;;4,7;0,4;4,3;0,0;10;0;zayif;15,0;29,9;50,5;asagi;zayif;zayif;asagi;0,38;-4,07;4;27,62;-2,26;153317294;32,06;SAT;NEGATIF;NOTR;NEGATIF;ARTIYOR;SAT;SAT;NOTR;0;01.09.2026
BULGS;izle;;4,7;2,4;2,2;0,0;6;0;zayif;34,6;21,1;14,8;asagi;zayif;zayif;asagi;0,33;-4,62;3;31,28;-1,64;23902330;34,96;SAT;NEGATIF;SAT;NEGATIF;AZALIYOR;SAT;SAT;UCUZ (AL);0;01.09.2026
SAFKR;izle;;4,6;1,9;2,7;0,0;10;1;zayif;25,7;29,0;28,2;asagi;zayif;zayif;asagi;0,51;-3,95;2;17,33;-3,45;28631950;19,72;SAT;NEGATIF;SAT;NEGATIF;ARTIYOR;SAT;SAT;UCUZ (AL);0;01.09.2026
BMSCH;izle;;4,5;1,8;2,7;0,0;0;0;zayif;25,1;25,7;47,2;asagi;zayif;zayif;asagi;0,29;-4,91;2;10,75;-0,83;4232748;12,21;SAT;NEGATIF;SAT;NEGATIF;AZALIYOR;SAT;SAT;UCUZ (AL);0;01.09.2026
BTCIM;izle;;4,4;2,4;2,0;0,0;6;0;zayif;41,7;21,5;26,9;asagi;zayif;zayif;asagi;0,67;-4,87;3;4,09;0,00;261004622;4,59;SAT;NEGATIF;SAT;NEGATIF;ARTIYOR;SAT;SAT;NOTR;0;01.09.2026
BSOKE;izle;;4,3;4,3;0,0;0,0;10;0;zayif;21,6;16,4;7,6;asagi;zayif;zayif;asagi;0,13;-5,59;4;23,68;-9,96;19892431;29,38;SAT;NEGATIF;SAT;NEGATIF;ARTIYOR;SAT;AL;NOTR;1;01.09.2026
HUBVC;izle;;4,1;0,8;3,4;0,0;10;0;zayif;17,5;28,1;19,9;asagi;zayif;zayif;asagi;0,58;-3,69;4;2,4;-1,23;2395255;2,71;SAT;NEGATIF;NOTR;NEGATIF;AZALIYOR;SAT;AL;NOTR;1;01.09.2026
ALVES;izle;;3,8;1,8;2,1;0,0;6;0;zayif;25,1;21,3;36,5;asagi;zayif;zayif;asagi;0,44;-6,91;3;1,4;-2,78;97333200;1,72;SAT;NEGATIF;SAT;NEGATIF;AZALIYOR;SAT;SAT;UCUZ (AL);0;01.09.2026
YONGA;izle;;3,3;0,9;2,4;0,0;0;0;zayif;18,4;26,3;6,9;asagi;zayif;zayif;asagi;0,16;-4,56;2;44,04;-1,96;114900;48,48;SAT;NEGATIF;NOTR;NEGATIF;ARTIYOR;SAT;AL;UCUZ (AL);1;01.09.2026
KONKA;izle;;3,0;1,3;1,6;0,0;42;3;zayif;21,9;22,2;27,3;asagi;zayif;zayif;asagi;0,36;-5,55;5;10,05;-0,89;11333274;11,38;SAT;NEGATIF;SAT;NEGATIF;AZALIYOR;SAT;SAT;UCUZ (AL);0;01.09.2026
VSNMD;izle;;2,1;0,0;2,1;0,0;10;0;zayif;11,8;22,0;28,4;asagi;zayif;zayif;asagi;0,27;-4,35;5;43,24;-0,14;13602396;47,98;SAT;NEGATIF;NOTR;NEGATIF;AZALIYOR;SAT;SAT;UCUZ (AL);0;01.09.2026
IZENR;izle;;2,0;0,0;2,0;0,0;6;0;zayif;9,3;24,4;44,2;asagi;zayif;zayif;asagi;0,40;-3,90;3;7,51;-1,18;99517834;8,49;SAT;NEGATIF;NOTR;NEGATIF;AZALIYOR;SAT;SAT;UCUZ (AL);0;01.09.2026