hisse;durum;yeni_sinyal;konfluans;trend_35;momentum_30;hacim_35;risk;uyumsuzluk;rejim;adx;rsi;mfi;supertrend;goreli_guc;usd_trend;haftalik_trend;hacim_orani;ema50_uzaklik_atr;dagitim_gun;kapanis;degisim%;islem_hacmi_tl;st_cizgisi;osc_macd;osc_rsi;osc_adx;osc_momentum;osc_atr;osc_wavetrend;osc_stochrsi;osc_sharpe;osc_al_sayisi;tarih
DURDO;GUCLU AL;EVET;92,3;27,3;30,0;35,0;10;0;ilimli;28,1;65,7;64,2;yukari;guclu;yukselis;yukari;2,90;2,42;1;5,56;9,88;51680906;4,40;AL;POZITIF;AL;POZITIF;ARTIYOR;AL;AL;NOTR;6;05.10.2026
ENERY;GUCLU AL;;90,0;35,0;30,0;25,0;28;0;guclu trend;32,3;68,4;57,3;yukari;guclu;yukselis;yukari;0,42;4,04;1;13,79;1,10;486684113;11,87;AL;POZITIF;AL;POZITIF;AZALIYOR;AL;AL;NOTR;6;05.10.2026
HRKET;GUCLU AL;;89,6;34,8;30,0;24,9;18;0;guclu trend;29,4;68,8;82,3;yukari;guclu;yukselis;yukari;0,29;2,22;0;8,4;-0,47;129565439;6,70;AL;POZITIF;AL;POZITIF;AZALIYOR;AL;AL;NOTR;6;05.10.2026
GMTAS;GUCLU AL;;88,0;31,4;26,6;30,0;0;0;guclu trend;20,8;48,5;58,7;yukari;guclu;zayif;yukari;2,32;0,06;1;47,02;-7,44;462313900;40,93;AL;NEGATIF;AL;POZITIF;ARTIYOR;SAT;SAT;NOTR;3;05.10.2026
HUNER;izle;;87,8;31,1;29,7;27,0;32;3;ilimli;20,0;57,5;66,9;yukari;guclu;yukselis;yukari;0,99;1,39;1;4,33;-4,42;325095460;3,83;AL;POZITIF;NOTR;POZITIF;ARTIYOR;SAT;SAT;NOTR;3;05.10.2026
AHGAZ;GUCLU AL;;87,5;32,5;30,0;25,0;28;0;guclu trend;23,5;70,7;60,5;yukari;guclu;yukselis;yukari;0,67;4,01;1;45,98;0,83;235902551;40,64;AL;POZITIF;AL;POZITIF;AZALIYOR;AL;AL;NOTR;6;05.10.2026
ISDMR;GUCLU AL;;87,4;32,9;26,0;28,6;10;0;guclu trend;24,5;63,9;70,5;yukari;guclu;yukselis;yukari;0,91;2,18;2;64,8;6,32;132349853;54,52;SAT;POZITIF;AL;POZITIF;ARTIYOR;SAT;AL;NOTR;4;05.10.2026
MEPET;AL;;86,7;21,8;30,0;35,0;8;0;ilimli;14,0;60,0;57,3;yukari;guclu;yukselis;yukari;1,61;1,48;0;23,2;9,54;20457226;17,41;AL;POZITIF;NOTR;POZITIF;ARTIYOR;AL;AL;NOTR;5;05.10.2026
ALBRK;izle;;86,2;23,9;29,0;33,3;6;0;guclu trend;22,5;57,0;64,5;asagi;guclu;yukselis;yukari;1,72;1,06;3;8,85;4,24;293499754;9,13;AL;POZITIF;AL;POZITIF;ARTIYOR;AL;AL;NOTR;6;05.10.2026
ETILR;AL;;85,5;30,9;30,0;24,6;32;2;ilimli;19,5;64,9;67,8;yukari;guclu;yukselis;yukari;0,57;2,46;1;7,58;-0,92;49758486;6,03;AL;POZITIF;NOTR;POZITIF;ARTIYOR;AL;AL;NOTR;5;05.10.2026
FLAP;GUCLU AL;;85,0;34,9;22,0;28,1;0;0;guclu trend;29,6;52,0;50,7;yukari;guclu;yukselis;yukari;1,24;0,43;1;11,95;0,25;21462272;10,92;SAT;POZITIF;AL;POZITIF;AZALIYOR;SAT;AL;NOTR;4;05.10.2026
AKFIS;AL;;82,6;30,7;30,0;22,0;0;0;ilimli;18,9;59,5;65,6;yukari;guclu;yukselis;yukari;0,63;1,67;1;17,81;-1,60;178878813;14,38;AL;POZITIF;NOTR;POZITIF;AZALIYOR;AL;SAT;PAHALI (SAT);4;05.10.2026
TKFEN;GUCLU AL;;82,6;35,0;26,0;21,6;32;2;guclu trend;32,0;57,6;44,1;yukari;guclu;yukselis;yukari;0,52;2,11;2;255,5;2,98;889567452;226,08;SAT;POZITIF;AL;POZITIF;AZALIYOR;SAT;AL;PAHALI (SAT);4;05.10.2026
ORGE;izle;;80,9;28,9;27,9;24,1;42;3;ilimli;14,3;53,2;63,4;yukari;guclu;yukselis;yukari;1,29;0,60;5;22,92;-1,97;115615264;20,44;AL;POZITIF;NOTR;POZITIF;ARTIYOR;AL;AL;NOTR;5;05.10.2026
RYGYO;izle;;76,5;26,7;26,0;23,9;0;0;guclu trend;29,1;62,1;61,2;asagi;guclu;yukselis;yukari;0,58;1,90;1;49,42;2,74;76288122;50,89;SAT;POZITIF;AL;POZITIF;AZALIYOR;SAT;AL;NOTR;4;05.10.2026
CELHA;izle;;76,3;23,5;30,0;22,8;0;0;guclu trend;20,9;62,4;64,4;asagi;guclu;yukselis;yukari;0,52;1,79;2;28,8;2,71;43925904;31,08;AL;POZITIF;AL;POZITIF;AZALIYOR;AL;AL;NOTR;6;05.10.2026
DMLKT;GUCLU AL;EVET;76,0;29,6;26,0;20,4;6;0;guclu trend;23,9;56,5;45,3;yukari;guclu;yukselis;yukari;0,67;2,00;3;6,98;0,87;24844144;6,62;SAT;POZITIF;SAT;POZITIF;AZALIYOR;AL;AL;NOTR;4;05.10.2026
METRO;GUCLU AL;EVET;75,4;28,0;26,9;20,5;0;0;ilimli;34,8;54,8;45,9;yukari;guclu;zayif;yukari;0,80;0,16;0;7,85;0,77;42284143;6,47;AL;POZITIF;AL;POZITIF;ARTIYOR;AL;AL;NOTR;6;05.10.2026
KRGYO;izle;;75,2;25,8;24,4;25,0;10;1;guclu trend;27,0;52,7;40,4;asagi;guclu;yukselis;yukari;1,04;0,80;2;3,26;-3,55;76148990;3,68;SAT;POZITIF;AL;POZITIF;ARTIYOR;AL;AL;NOTR;5;05.10.2026
INDES;izle;;75,0;17,6;29,2;28,2;40;4;ilimli;23,7;59,7;61,2;asagi;guclu;yukselis;yukari;0,95;1,15;1;11,62;0,09;67853491;11,74;AL;POZITIF;AL;POZITIF;ARTIYOR;AL;AL;NOTR;6;05.10.2026
LOGO;izle;;74,4;20,5;29,3;24,6;40;4;zayif;15,0;57,8;55,0;yukari;guclu;yukselis;yukari;0,66;1,19;2;147;-1,74;72048669;127,89;AL;POZITIF;NOTR;POZITIF;ARTIYOR;AL;AL;NOTR;5;05.10.2026
OTKAR;AL;EVET;74,2;10,0;30,0;34,1;12;0;zayif;17,2;62,3;71,0;yukari;guclu;yukselis;yukari;5,29;1,53;2;340,5;0,07;751184882;298,04;AL;POZITIF;NOTR;POZITIF;ARTIYOR;AL;AL;UCUZ (AL);5;05.10.2026
TUPRS;izle;;70,2;30,4;25,3;14,5;46;4;guclu trend;30,1;50,2;40,7;yukari;guclu;yukselis;yukari;0,47;1,21;3;391,25;3,78;4638181893;374,32;SAT;POZITIF;SAT;NEGATIF;AZALIYOR;SAT;AL;NOTR;2;05.10.2026
BRSAN;izle;;70,2;22,9;29,4;17,9;0;0;ilimli;19,4;54,9;61,2;asagi;guclu;yukselis;yukari;0,69;1,26;2;692;-1,63;766636352;709,48;AL;POZITIF;NOTR;POZITIF;AZALIYOR;AL;AL;NOTR;5;05.10.2026
SANKO;izle;;70,1;7,8;28,6;33,6;0;0;zayif;27,5;59,6;59,2;asagi;guclu;yukselis;yukari;1,65;0,91;1;20,36;6,26;18084383;21,15;AL;POZITIF;AL;POZITIF;ARTIYOR;AL;AL;NOTR;6;05.10.2026
KRDMD;izle;;69,5;20,4;23,7;25,3;40;4;ilimli;15,0;51,1;63,8;asagi;guclu;yukselis;yukari;0,85;0,52;2;45,02;4,02;1760310678;48,15;SAT;POZITIF;NOTR;NEGATIF;ARTIYOR;SAT;AL;NOTR;2;05.10.2026
AVGYO;izle;;68,4;20,2;28,4;19,9;40;5;ilimli;12,5;55,6;45,9;asagi;guclu;yukselis;yukari;0,59;0,81;2;16,77;1,88;16927571;18,09;AL;POZITIF;NOTR;POZITIF;AZALIYOR;AL;AL;NOTR;5;05.10.2026
BIMAS;izle;;68,0;28,6;21,0;18,5;40;4;ilimli;16,4;47,7;42,4;yukari;guclu;zayif;yukari;0,91;0,32;2;413,5;-0,12;3524090552;402,48;SAT;NEGATIF;NOTR;NEGATIF;AZALIYOR;SAT;AL;NOTR;1;05.10.2026
KLSYN;izle;;66,9;21,5;26,9;18,5;0;0;guclu trend;23,0;50,9;34,4;asagi;guclu;zayif;yukari;0,53;0,19;1;14,8;1,86;25949772;16,20;AL;POZITIF;SAT;POZITIF;AZALIYOR;AL;AL;NOTR;5;05.10.2026
BAHKM;izle;;66,0;22,4;24,8;18,8;22;2;guclu trend;29,3;53,0;57,2;asagi;guclu;yukselis;yukari;0,27;1,00;2;172,3;9,96;85018678;203,28;SAT;POZITIF;SAT;NEGATIF;AZALIYOR;SAT;AL;NOTR;2;05.10.2026
TUCLK;AL;EVET;65,9;18,8;27,2;19,9;0;0;zayif;27,0;52,0;70,5;yukari;guclu;yukselis;yukari;1,32;0,31;1;4,05;5,19;100032489;3,38;AL;POZITIF;AL;POZITIF;AZALIYOR;SAT;SAT;NOTR;4;05.10.2026
VAKBN;izle;;65,2;20,4;24,0;20,8;0;0;ilimli;15,0;52,1;67,1;asagi;guclu;yukselis;yukari;0,56;0,64;1;33,94;2,29;1384648551;37,68;SAT;POZITIF;NOTR;NEGATIF;AZALIYOR;AL;AL;NOTR;3;05.10.2026
TRGYO;izle;;65,0;12,2;27,2;25,6;0;0;ilimli;12,3;55,8;49,3;asagi;guclu;zayif;yukari;0,87;0,29;2;94,2;1,62;88349238;96,70;AL;POZITIF;NOTR;POZITIF;AZALIYOR;AL;AL;NOTR;5;05.10.2026
GLYHO;izle;;64,2;14,8;27,7;21,7;40;4;ilimli;16,7;56,3;43,5;asagi;guclu;zayif;yukari;0,74;0,50;1;16,7;2,83;49813094;16,97;AL;POZITIF;NOTR;POZITIF;AZALIYOR;AL;AL;NOTR;5;05.10.2026
KCHOL;izle;;64,1;22,0;23,6;18,6;22;2;guclu trend;26,6;50,5;48,7;asagi;guclu;zayif;yukari;0,67;0,46;2;214,9;3,92;4174108431;229,66;SAT;POZITIF;SAT;NEGATIF;ARTIYOR;SAT;AL;NOTR;2;05.10.2026
ALARK;izle;;62,5;13,9;22,6;26,0;16;1;ilimli;26,3;50,0;49,4;asagi;guclu;zayif;yukari;1,02;0,05;3;106,6;3,60;431407961;111,34;SAT;POZITIF;SAT;NEGATIF;AZALIYOR;AL;AL;NOTR;3;05.10.2026
QNBFK;AL;EVET;62,0;15,9;28,1;18,0;0;0;zayif;34,5;59,2;42,4;yukari;guclu;zayif;asagi;1,80;0,68;1;41,48;9,97;2020740;37,01;AL;POZITIF;AL;POZITIF;ARTIYOR;AL;AL;NOTR;6;05.10.2026
DEVA;izle;;61,9;21,9;22,9;17,0;0;0;guclu trend;26,3;45,1;46,1;asagi;guclu;yukselis;yukari;0,41;0,19;2;89,55;0,62;26641931;101,99;SAT;NEGATIF;SAT;NEGATIF;AZALIYOR;SAT;AL;NOTR;1;05.10.2026
KRPLS;izle;;61,9;25,4;24,4;12,0;22;2;guclu trend;26,0;52,4;48,8;asagi;guclu;yukselis;yukari;0,28;0,83;0;11,82;-2,80;24064161;14,17;SAT;POZITIF;AL;POZITIF;AZALIYOR;AL;AL;NOTR;5;05.10.2026
HALKB;izle;;61,8;20,6;23,9;17,3;10;1;ilimli;16,6;49,8;45,9;asagi;guclu;yukselis;yukari;0,42;0,59;1;44,78;0,81;904717566;50,97;SAT;NEGATIF;NOTR;NEGATIF;AZALIYOR;SAT;AL;NOTR;1;05.10.2026
MPARK;izle;;61,4;10,0;27,4;24,1;40;4;ilimli;12,1;53,3;66,9;asagi;guclu;zayif;yukari;0,54;0,39;2;434;-0,17;134470994;453,45;AL;POZITIF;NOTR;NEGATIF;AZALIYOR;AL;AL;NOTR;4;05.10.2026
HTTBT;izle;;60,7;15,0;26,3;19,4;0;0;zayif;32,1;56,8;58,1;yukari;guclu;zayif;asagi;1,13;-0,09;1;34,6;1,17;24401477;29,84;AL;POZITIF;AL;POZITIF;AZALIYOR;AL;AL;UCUZ (AL);6;05.10.2026
ENJSA;izle;;60,5;17,2;27,9;15,4;22;2;ilimli;22,7;55,0;62,4;asagi;guclu;zayif;yukari;0,61;0,61;2;112,5;1,81;268703213;117,47;AL;POZITIF;AL;POZITIF;AZALIYOR;AL;AL;NOTR;6;05.10.2026
RYSAS;izle;;60,4;21,9;22,0;16,4;10;1;zayif;17,0;45,7;47,5;asagi;guclu;zayif;yukari;0,32;-0,21;1;24,68;-1,36;117827972;28,46;SAT;NEGATIF;NOTR;POZITIF;AZALIYOR;SAT;AL;NOTR;2;05.10.2026
EBEBK;izle;;59,5;13,0;26,3;20,2;32;3;zayif;12,1;49,1;45,6;asagi;guclu;zayif;yukari;0,55;-0,11;2;81;-1,52;28081728;86,82;AL;NEGATIF;NOTR;POZITIF;AZALIYOR;AL;AL;NOTR;4;05.10.2026
RGYAS;izle;;59,3;14,8;26,5;18,1;0;0;zayif;25,2;51,7;40,3;asagi;guclu;zayif;yukari;0,64;-0,02;0;197,7;1,85;285653369;206,64;AL;POZITIF;SAT;POZITIF;AZALIYOR;AL;AL;NOTR;5;05.10.2026
NETAS;izle;;58,7;24,8;22,9;10,9;0;0;guclu trend;24,3;49,2;36,3;asagi;guclu;zayif;yukari;0,88;0,19;1;82;-1,38;74851322;89,91;SAT;NEGATIF;AL;POZITIF;AZALIYOR;AL;AL;NOTR;4;05.10.2026
SOKM;izle;;58,5;20,3;23,1;15,2;28;2;ilimli;13,8;48,4;51,1;asagi;guclu;zayif;yukari;0,77;0,25;3;56,5;-1,14;166774949;62,10;SAT;NEGATIF;NOTR;NEGATIF;AZALIYOR;AL;AL;NOTR;2;05.10.2026
KRTEK;izle;;58,5;9,8;26,8;21,9;0;0;zayif;16,7;51,9;69,1;yukari;guclu;yukselis;asagi;1,28;0,11;1;5,98;-3,08;7226334;5,02;AL;POZITIF;NOTR;POZITIF;AZALIYOR;SAT;SAT;NOTR;3;05.10.2026
SKYMD;izle;;56,8;25,3;17,9;13,7;0;0;guclu trend;28,3;44,1;53,7;asagi;guclu;zayif;yukari;1,04;-0,53;1;15;-9,96;93178230;20,35;SAT;NEGATIF;AL;POZITIF;ARTIYOR;SAT;SAT;NOTR;2;05.10.2026
AYGAZ;izle;;55,3;22,3;22,0;11,1;40;4;guclu trend;29,1;45,0;49,8;asagi;guclu;zayif;yukari;0,56;-0,23;1;297,25;3,03;192779110;327,25;SAT;NEGATIF;SAT;NEGATIF;ARTIYOR;AL;AL;NOTR;2;05.10.2026
AKSGY;izle;;55,3;14,8;21,8;18,6;0;0;zayif;29,1;48,1;40,5;asagi;guclu;zayif;yukari;0,36;-0,29;1;9,57;0,74;16672442;10,14;SAT;NEGATIF;SAT;POZITIF;AZALIYOR;AL;AL;NOTR;3;05.10.2026
YGGYO;izle;;53,7;15,4;20,1;18,1;0;0;zayif;32,6;45,9;46,6;asagi;guclu;zayif;asagi;1,03;-1,01;1;212,8;0,28;27148598;230,92;SAT;NEGATIF;SAT;NEGATIF;AZALIYOR;AL;AL;NOTR;2;05.10.2026
ARDYZ;izle;;53,2;15,4;19,7;18,0;0;0;zayif;34,3;47,3;47,0;asagi;zayif;zayif;asagi;1,61;-0,73;1;68,1;0,22;675888618;74,55;AL;NEGATIF;SAT;POZITIF;ARTIYOR;AL;AL;NOTR;4;05.10.2026
YKBNK;izle;;51,5;5,1;22,8;23,6;0;0;zayif;20,7;51,3;65,9;asagi;guclu;zayif;yukari;0,69;0,14;1;35,9;2,75;5517440593;37,23;SAT;POZITIF;SAT;NEGATIF;ARTIYOR;AL;AL;NOTR;3;05.10.2026
NTGAZ;izle;;51,2;6,0;26,8;18,4;0;0;zayif;20,9;55,1;55,5;asagi;guclu;zayif;asagi;0,94;0,14;2;11,06;0,27;32937476;11,27;AL;POZITIF;AL;POZITIF;AZALIYOR;AL;AL;NOTR;6;05.10.2026
BERA;izle;;51,1;14,7;24,0;12,4;0;0;zayif;29,2;48,9;54,8;yukari;guclu;zayif;asagi;0,90;-1,09;1;12,47;-4,22;87714978;10,94;AL;NEGATIF;AL;POZITIF;ARTIYOR;AL;AL;UCUZ (AL);5;05.10.2026
KNFRT;izle;;51,0;2,7;26,3;21,9;6;0;zayif;19,0;51,5;35,4;asagi;guclu;zayif;asagi;1,76;-0,07;3;11,72;-5,10;83522076;12,40;AL;POZITIF;NOTR;POZITIF;ARTIYOR;AL;AL;NOTR;5;05.10.2026
SAFKR;izle;;50,8;15,0;17,8;18,0;0;0;zayif;45,9;56,1;46,5;yukari;zayif;zayif;asagi;1,32;-1,42;1;14,41;10,00;93978187;11,25;AL;POZITIF;AL;POZITIF;ARTIYOR;AL;AL;UCUZ (AL);6;05.10.2026
MAVI;izle;;50,7;9,5;26,9;14,3;18;1;zayif;16,0;53,7;54,4;yukari;guclu;zayif;asagi;0,38;0,18;1;38,2;1,87;127241641;33,59;AL;POZITIF;NOTR;POZITIF;AZALIYOR;AL;AL;UCUZ (AL);5;05.10.2026
LMKDC;izle;;50,7;9,5;26,6;14,6;0;0;zayif;15,9;54,2;71,3;yukari;guclu;yukselis;asagi;0,62;0,05;0;23,9;-2,69;71415686;20,92;AL;POZITIF;NOTR;POZITIF;AZALIYOR;AL;AL;NOTR;5;05.10.2026
DOCO;izle;;49,8;11,1;25,4;13,3;0;0;zayif;17,9;48,9;41,1;asagi;guclu;zayif;asagi;0,92;-0,46;2;10792,5;1,34;49170630;11409,46;AL;NEGATIF;NOTR;POZITIF;AZALIYOR;AL;AL;NOTR;4;05.10.2026
EKGYO;izle;;49,6;5,6;23,5;20,5;10;1;zayif;17,9;53,6;50,5;asagi;guclu;yukselis;yukari;0,60;0,43;2;19,91;4,40;2034298337;21,06;SAT;POZITIF;NOTR;POZITIF;ARTIYOR;AL;AL;NOTR;4;05.10.2026
OZSUB;izle;;49,2;20,2;20,3;8,6;6;0;zayif;13,8;45,8;37,3;asagi;guclu;zayif;yukari;0,43;-0,36;3;37,2;1,64;29981824;42,59;SAT;NEGATIF;NOTR;NEGATIF;AZALIYOR;AL;AL;NOTR;2;05.10.2026
EREGL;izle;;49,0;13,6;25,6;9,8;18;1;zayif;13,6;49,7;43,3;asagi;guclu;zayif;asagi;0,66;-0,40;1;37,64;1,67;3047499489;40,26;AL;NEGATIF;NOTR;POZITIF;AZALIYOR;AL;AL;NOTR;4;05.10.2026
TAVHL;izle;;48,3;10,0;23,1;15,2;16;1;zayif;16,5;53,3;51,3;yukari;guclu;zayif;asagi;0,56;0,24;3;274,5;3,10;513872784;251,55;SAT;POZITIF;NOTR;NEGATIF;AZALIYOR;AL;AL;NOTR;3;05.10.2026
SEKFK;izle;;48,0;6,0;24,0;18,0;0;0;zayif;27,3;51,8;50,0;asagi;guclu;zayif;asagi;2,29;-1,06;2;4,3;1,65;6073385;4,48;AL;POZITIF;AL;POZITIF;AZALIYOR;AL;AL;NOTR;6;05.10.2026
FRIGO;izle;;47,9;10,4;19,5;18,0;0;0;zayif;33,8;49,9;36,1;yukari;zayif;zayif;asagi;2,01;-1,05;1;1,93;9,66;104621944;1,38;AL;NEGATIF;SAT;POZITIF;ARTIYOR;AL;AL;NOTR;4;05.10.2026
ATATP;izle;;47,9;14,5;19,3;14,1;0;0;zayif;23,0;46,6;34,9;asagi;guclu;zayif;yukari;0,82;-0,48;1;249,5;-1,77;134407147;272,25;SAT;NEGATIF;SAT;POZITIF;ARTIYOR;AL;AL;NOTR;3;05.10.2026
CCOLA;izle;;47,3;13,9;26,3;7,0;6;0;zayif;19,8;52,7;38,7;asagi;guclu;zayif;asagi;0,42;-0,08;3;80,15;1,26;175375173;84,13;AL;POZITIF;NOTR;POZITIF;AZALIYOR;AL;AL;NOTR;5;05.10.2026
ASELS;izle;;47,0;14,9;22,0;10,1;6;0;zayif;25,9;49,7;53,4;asagi;guclu;zayif;asagi;0,99;-0,20;3;371,5;2,41;12604831169;390,08;SAT;NEGATIF;SAT;NEGATIF;ARTIYOR;AL;AL;NOTR;2;05.10.2026
KONKA;izle;;46,9;10,4;18,5;18,0;0;0;zayif;47,1;53,0;51,0;yukari;zayif;zayif;asagi;1,97;-1,69;1;9,01;9,88;50019249;6,95;AL;POZITIF;SAT;POZITIF;ARTIYOR;AL;AL;UCUZ (AL);5;05.10.2026
VERUS;izle;;46,8;15,2;21,1;10,5;0;0;zayif;38,2;49,9;56,2;asagi;zayif;zayif;asagi;0,85;-0,63;0;510;9,27;36030990;538,78;AL;NEGATIF;SAT;POZITIF;ARTIYOR;AL;AL;NOTR;4;05.10.2026
INVES;izle;;46,4;15,4;14,4;16,6;10;0;zayif;30,2;38,6;43,6;asagi;guclu;zayif;yukari;0,62;-0,94;4;706;1,58;22620946;783,94;SAT;NEGATIF;SAT;NEGATIF;ARTIYOR;AL;AL;NOTR;2;05.10.2026
EUYO;izle;;46,2;4,5;23,7;18,0;0;0;zayif;23,5;53,1;48,1;asagi;guclu;zayif;asagi;1,60;-0,55;2;4,41;4,26;8224809;4,42;AL;POZITIF;AL;POZITIF;ARTIYOR;AL;AL;NOTR;6;05.10.2026
YBTAS;izle;;45,8;10,4;17,4;18,0;10;0;zayif;56,6;46,4;35,6;yukari;zayif;zayif;asagi;1,44;-3,06;4;11,55;10,00;1390227;9,88;AL;NEGATIF;SAT;POZITIF;ARTIYOR;AL;AL;UCUZ (AL);4;05.10.2026
TRMET;izle;;45,7;18,4;16,1;11,2;0;0;zayif;19,1;43,6;57,4;asagi;guclu;zayif;asagi;0,73;-0,72;2;127,7;-0,85;679202076;146,21;SAT;NEGATIF;NOTR;NEGATIF;AZALIYOR;SAT;SAT;NOTR;0;05.10.2026
BASCM;izle;;45,4;10,4;20,7;14,3;0;0;zayif;33,7;46,2;30,5;yukari;guclu;zayif;asagi;1,01;-2,62;1;11,9;2,59;1162630;10,99;AL;NEGATIF;SAT;POZITIF;ARTIYOR;AL;AL;NOTR;4;05.10.2026
EKIZ;izle;;45,4;10,4;18,2;16,8;6;0;zayif;40,5;49,0;36,3;yukari;zayif;zayif;asagi;1,23;-2,21;3;51,5;3,00;1160398;42,80;AL;NEGATIF;SAT;POZITIF;AZALIYOR;AL;AL;UCUZ (AL);4;05.10.2026
OZYSR;izle;;45,3;10,6;25,7;9,0;0;0;zayif;27,5;50,9;34,9;asagi;guclu;zayif;asagi;0,50;-0,33;1;11,7;2,90;16097644;12,68;AL;POZITIF;SAT;POZITIF;AZALIYOR;AL;AL;NOTR;5;05.10.2026
FORTE;izle;;44,8;15,0;22,8;7,0;0;0;zayif;20,1;49,4;32,4;asagi;guclu;zayif;asagi;0,88;-0,47;2;104;-0,19;108788888;108,16;AL;NEGATIF;AL;POZITIF;AZALIYOR;AL;AL;NOTR;5;05.10.2026
KERVN;izle;;44,0;14,6;17,4;12,0;0;0;zayif;23,4;46,7;23,9;asagi;zayif;zayif;yukari;0,30;-0,88;1;7,86;-1,75;2590640;8,58;AL;NEGATIF;SAT;POZITIF;AZALIYOR;AL;AL;NOTR;4;05.10.2026
KRONT;izle;;43,8;14,9;20,8;8,1;0;0;zayif;26,5;48,8;48,4;asagi;zayif;zayif;asagi;0,95;-0,78;2;20,68;-2,18;27151206;21,87;AL;NEGATIF;AL;POZITIF;ARTIYOR;AL;AL;NOTR;5;05.10.2026
BALSU;izle;;43,3;15,0;20,3;8,0;0;0;zayif;32,9;55,6;58,0;yukari;zayif;zayif;asagi;0,70;-1,02;1;8,99;9,37;398793316;6,63;AL;POZITIF;AL;POZITIF;ARTIYOR;AL;AL;UCUZ (AL);6;05.10.2026
MAKIM;izle;;43,3;1,3;24,0;18,0;0;0;zayif;21,4;51,7;64,4;asagi;guclu;zayif;asagi;1,64;-0,71;2;14,08;9,83;33551302;14,48;AL;POZITIF;SAT;POZITIF;ARTIYOR;AL;AL;NOTR;5;05.10.2026
AGESA;izle;;43,2;11,4;18,5;13,4;10;0;zayif;31,3;44,8;65,1;asagi;guclu;zayif;asagi;0,99;-0,84;4;236,2;-0,34;36401727;249,51;SAT;NEGATIF;SAT;NEGATIF;ARTIYOR;AL;AL;NOTR;2;05.10.2026
TRCAS;izle;;43,1;12,2;21,9;9,0;16;1;zayif;28,1;47,8;25,8;asagi;guclu;zayif;asagi;0,56;-0,26;3;45,36;1,25;18696848;48,19;SAT;NEGATIF;SAT;NEGATIF;AZALIYOR;AL;AL;NOTR;2;05.10.2026
EGGUB;izle;;43,0;2,5;21,6;18,9;0;0;zayif;22,3;47,9;41,3;asagi;guclu;zayif;asagi;1,10;-0,40;2;101,2;0,10;54149995;110,49;SAT;NEGATIF;SAT;POZITIF;ARTIYOR;AL;AL;NOTR;3;05.10.2026
OYAKC;izle;;42,3;2,3;26,2;13,8;6;0;zayif;29,0;50,5;53,4;asagi;guclu;zayif;asagi;0,60;-0,13;3;21,16;1,15;177492111;22,37;AL;POZITIF;SAT;POZITIF;AZALIYOR;AL;AL;NOTR;5;05.10.2026
AYES;izle;;41,8;15,2;22,6;4,0;0;0;zayif;32,0;49,7;52,4;yukari;guclu;zayif;asagi;0,54;-1,02;1;8;-1,23;1205696;6,79;AL;NEGATIF;SAT;POZITIF;ARTIYOR;AL;AL;NOTR;4;05.10.2026
QNBTR;izle;;41,0;10,4;20,5;10,0;0;0;zayif;62,1;45,7;39,2;yukari;guclu;zayif;asagi;1,66;-3,86;2;168,9;6,76;3569870;153,14;AL;NEGATIF;SAT;POZITIF;ARTIYOR;AL;AL;UCUZ (AL);4;05.10.2026
TCELL;izle;;40,9;2,1;25,8;13,0;8;0;zayif;27,4;51,9;48,6;asagi;guclu;zayif;asagi;0,43;-0,29;2;100,5;2,76;1044034602;105,37;AL;POZITIF;SAT;POZITIF;AZALIYOR;AL;AL;NOTR;5;05.10.2026
PCILT;izle;;40,6;13,0;26,2;1,4;0;0;zayif;10,6;50,5;49,2;asagi;guclu;zayif;asagi;0,69;-0,13;1;31,44;-2,78;37353361;33,97;AL;POZITIF;NOTR;POZITIF;AZALIYOR;AL;AL;NOTR;5;05.10.2026
AKBNK;izle;;40,6;1,9;21,2;17,5;32;3;zayif;22,9;46,5;53,2;asagi;guclu;zayif;asagi;0,94;-0,54;2;68,95;2,76;12230686649;74,93;SAT;NEGATIF;SAT;NEGATIF;AZALIYOR;SAT;AL;NOTR;1;05.10.2026
KLGYO;izle;;40,2;6,4;24,9;8,8;0;0;zayif;28,6;50,5;49,6;asagi;guclu;zayif;asagi;0,62;-0,68;2;4,25;1,19;24702292;4,33;AL;POZITIF;AL;POZITIF;AZALIYOR;AL;AL;UCUZ (AL);6;05.10.2026
BALAT;izle;;40,0;10,4;12,3;17,3;22;2;zayif;33,4;46,6;37,3;yukari;zayif;zayif;asagi;1,26;-2,07;1;58,05;9,94;3037873;45,06;SAT;NEGATIF;SAT;NEGATIF;ARTIYOR;AL;AL;UCUZ (AL);2;05.10.2026
AGHOL;izle;;39,8;6,8;18,1;14,9;6;0;zayif;17,3;43,8;66,0;asagi;guclu;zayif;asagi;0,82;-0,86;3;32,2;-0,92;122016941;35,60;SAT;NEGATIF;NOTR;NEGATIF;AZALIYOR;SAT;AL;NOTR;1;05.10.2026
ZRGYO;izle;;39,8;13,6;20,4;5,8;16;1;zayif;16,6;45,7;25,6;yukari;guclu;zayif;asagi;0,35;-0,22;3;19,1;-0,26;16502992;18,80;SAT;NEGATIF;NOTR;NEGATIF;AZALIYOR;SAT;SAT;UCUZ (AL);0;05.10.2026
AKFYE;izle;;39,6;6,4;25,2;8,0;0;0;zayif;12,2;48,6;42,1;asagi;guclu;zayif;asagi;0,31;-0,55;1;3,66;-1,61;83040276;4,09;AL;NEGATIF;NOTR;POZITIF;AZALIYOR;AL;AL;NOTR;4;05.10.2026
FONET;izle;;39,2;5,4;19,2;14,5;0;0;zayif;30,0;45,5;47,5;asagi;zayif;zayif;asagi;1,09;-1,37;0;4,31;-4,65;87423040;4,63;AL;NEGATIF;SAT;POZITIF;ARTIYOR;AL;AL;NOTR;4;05.10.2026
EGPRO;izle;;38,9;10,3;20,5;8,0;0;0;zayif;25,6;46,5;44,8;asagi;guclu;zayif;asagi;0,48;-0,86;1;34,36;-1,49;17963030;37,92;SAT;NEGATIF;SAT;POZITIF;AZALIYOR;AL;AL;NOTR;3;05.10.2026
THYAO;izle;;38,1;2,2;24,7;11,2;0;0;zayif;28,4;48,7;66,6;asagi;guclu;zayif;asagi;0,67;-0,78;2;292,25;0,09;7956647991;301,24;AL;NEGATIF;SAT;NEGATIF;AZALIYOR;AL;AL;NOTR;3;05.10.2026
NUHCM;izle;;38,0;1,3;26,1;10,7;10;1;zayif;15,3;52,5;54,3;asagi;guclu;zayif;asagi;0,36;-0,19;1;213,5;1,18;4696573;224,95;AL;POZITIF;NOTR;POZITIF;AZALIYOR;AL;AL;NOTR;5;05.10.2026
VAKKO;izle;;37,8;0,0;17,6;20,2;0;0;zayif;11,0;44,9;47,4;asagi;guclu;zayif;asagi;1,43;-1,06;2;62,1;2,56;12078077;70,34;SAT;NEGATIF;NOTR;NEGATIF;ARTIYOR;AL;AL;NOTR;2;05.10.2026
AYDEM;izle;;37,7;8,4;25,6;3,7;0;0;zayif;19,2;49,8;46,6;asagi;guclu;zayif;asagi;0,77;-0,37;2;24,76;-0,56;44290168;26,22;AL;NEGATIF;NOTR;POZITIF;AZALIYOR;AL;AL;NOTR;4;05.10.2026
SAHOL;izle;;37,7;2,4;21,2;14,0;28;2;zayif;34,5;48,2;64,3;asagi;guclu;zayif;asagi;0,74;-0,56;3;88,8;2,42;2284153649;94,57;SAT;NEGATIF;SAT;NEGATIF;AZALIYOR;AL;AL;NOTR;2;05.10.2026
HLGYO;izle;;37,0;1,5;23,8;11,7;32;3;zayif;15,9;50,5;54,4;asagi;guclu;zayif;asagi;0,92;-1,17;1;4,26;3,40;111421932;4,49;AL;POZITIF;NOTR;POZITIF;AZALIYOR;AL;AL;NOTR;5;05.10.2026
ENKAI;izle;;37,0;2,1;20,6;14,4;0;0;zayif;27,4;46,9;42,3;asagi;guclu;zayif;asagi;0,52;-0,82;1;84,85;1,01;518114719;91,18;SAT;NEGATIF;SAT;NEGATIF;AZALIYOR;SAT;AL;NOTR;1;05.10.2026
OFSYM;izle;;36,9;5,4;16,6;14,9;10;1;zayif;35,8;42,8;45,5;asagi;guclu;zayif;asagi;1,11;-0,98;1;57,05;1,33;54336816;66,99;SAT;NEGATIF;SAT;NEGATIF;AZALIYOR;AL;AL;NOTR;2;05.10.2026
TUREX;izle;;36,8;11,1;22,3;3,4;0;0;zayif;20,1;48,5;56,3;yukari;guclu;zayif;asagi;0,90;-1,25;1;5,8;-3,33;83884002;5,03;AL;NEGATIF;AL;POZITIF;ARTIYOR;AL;AL;NOTR;5;05.10.2026
CIMSA;izle;;36,7;2,0;23,0;11,6;6;0;zayif;26,8;45,4;51,2;asagi;guclu;zayif;asagi;0,82;-1,49;3;42,46;1,58;255361828;45,82;AL;NEGATIF;SAT;POZITIF;AZALIYOR;SAT;AL;NOTR;3;05.10.2026
AKFGY;izle;;36,4;0,6;26,0;9,9;10;1;zayif;13,4;51,4;33,5;asagi;guclu;zayif;asagi;0,33;-0,23;1;2,58;0,00;29101038;2,72;AL;POZITIF;NOTR;POZITIF;AZALIYOR;AL;AL;NOTR;5;05.10.2026
MRGYO;izle;;36,3;2,4;19,0;14,9;0;0;zayif;31,1;47,2;39,1;asagi;guclu;zayif;asagi;1,11;-0,88;0;1,35;9,76;252794299;1,46;SAT;NEGATIF;SAT;NEGATIF;AZALIYOR;AL;AL;NOTR;2;05.10.2026
KRDMA;izle;;36,0;15,0;12,3;8,7;10;1;zayif;26,6;42,2;40,5;asagi;zayif;zayif;asagi;1,22;-1,17;2;42,52;8,47;437631020;48,19;SAT;NEGATIF;SAT;NEGATIF;ARTIYOR;AL;AL;NOTR;2;05.10.2026
DESA;izle;;36,0;2,2;19,4;14,4;6;0;zayif;27,9;43,8;40,4;asagi;guclu;zayif;asagi;1,23;-1,54;3;8,94;-2,51;20624893;9,82;AL;NEGATIF;SAT;POZITIF;ARTIYOR;AL;AL;UCUZ (AL);4;05.10.2026
ARSAN;izle;;35,5;7,3;20,9;7,4;6;0;zayif;17,0;45,3;42,3;asagi;guclu;zayif;asagi;1,14;-0,69;3;3,54;-1,12;72357168;3,97;SAT;NEGATIF;NOTR;POZITIF;AZALIYOR;AL;AL;NOTR;3;05.10.2026
TABGD;izle;;35,0;1,7;23,1;10,3;0;0;zayif;24,3;46,8;46,5;asagi;guclu;zayif;asagi;0,44;-1,08;1;225;-1,32;73720125;238,40;AL;NEGATIF;SAT;NEGATIF;AZALIYOR;AL;AL;NOTR;3;05.10.2026
OZKGY;izle;;35,0;1,7;20,7;12,6;0;0;zayif;24,6;43,9;42,3;asagi;guclu;zayif;asagi;0,81;-1,48;1;12,28;0,57;30697470;13,12;AL;NEGATIF;SAT;POZITIF;AZALIYOR;AL;AL;NOTR;4;05.10.2026
OYLUM;izle;;35,0;6,6;24,3;4,0;0;0;zayif;29,1;50,6;53,1;asagi;guclu;zayif;asagi;0,34;-0,88;2;6,7;-2,05;1035686;6,99;AL;POZITIF;AL;POZITIF;AZALIYOR;AL;SAT;UCUZ (AL);5;05.10.2026
KOCMT;izle;;34,7;3,9;12,8;18,0;0;0;zayif;18,6;40,9;74,5;asagi;zayif;zayif;asagi;1,43;-2,55;2;2,86;6,72;333692459;3,54;AL;NEGATIF;NOTR;POZITIF;AZALIYOR;AL;AL;NOTR;4;05.10.2026
CRFSA;izle;;34,7;22,1;8,6;4,0;40;4;zayif;27,1;39,7;52,1;asagi;zayif;zayif;asagi;0,54;-1,41;2;202,2;1,20;180324791;257,19;SAT;NEGATIF;SAT;NEGATIF;AZALIYOR;SAT;AL;NOTR;1;05.10.2026
TRENJ;izle;;34,6;16,6;16,5;1,4;46;5;zayif;20,6;42,1;49,1;asagi;guclu;zayif;asagi;0,41;-1,00;3;95,5;-0,88;56338984;109,88;SAT;NEGATIF;SAT;NEGATIF;AZALIYOR;SAT;AL;NOTR;1;05.10.2026
OTTO;izle;;34,5;10,4;16,0;8,0;0;0;zayif;45,1;52,3;46,4;yukari;zayif;zayif;asagi;0,48;-1,91;0;120,5;9,95;18377214;88,86;AL;POZITIF;SAT;POZITIF;ARTIYOR;AL;AL;UCUZ (AL);5;05.10.2026
AKCNS;izle;;34,4;7,7;17,9;8,9;22;2;zayif;19,4;44,8;61,1;asagi;zayif;zayif;asagi;0,47;-1,25;2;207,2;0,83;94658077;225,55;AL;NEGATIF;NOTR;POZITIF;AZALIYOR;AL;AL;NOTR;4;05.10.2026
KSTUR;izle;;34,3;10,4;19,9;4,0;0;0;zayif;38,7;48,5;31,7;yukari;guclu;zayif;asagi;0,67;-1,74;2;2087;9,84;955846;1706,72;AL;NEGATIF;SAT;NEGATIF;ARTIYOR;AL;AL;UCUZ (AL);3;05.10.2026
BLUME;izle;;34,3;1,2;25,1;8,0;0;0;zayif;20,6;47,1;55,6;asagi;guclu;zayif;asagi;0,59;-0,52;1;35,34;-0,45;43120772;40,56;AL;NEGATIF;SAT;POZITIF;AZALIYOR;AL;AL;NOTR;4;05.10.2026
ANGEN;izle;;34,1;1,8;20,8;11,6;40;4;zayif;16,5;49,7;23,5;asagi;guclu;zayif;asagi;1,15;-1,42;2;7,96;9,94;24172395;8,21;AL;NEGATIF;NOTR;POZITIF;ARTIYOR;AL;AL;UCUZ (AL);4;05.10.2026
TTKOM;izle;;34,0;0,1;21,6;12,3;0;0;zayif;12,7;50,1;67,4;asagi;guclu;zayif;asagi;0,40;-0,39;2;53,65;2,29;857239551;58,37;SAT;POZITIF;NOTR;POZITIF;AZALIYOR;SAT;AL;NOTR;3;05.10.2026
ENTRA;izle;;33,6;1,3;24,4;8,0;0;0;zayif;21,3;49,7;47,5;asagi;guclu;zayif;asagi;0,34;-0,84;0;4,22;0,00;26196570;4,51;AL;NEGATIF;SAT;POZITIF;AZALIYOR;AL;AL;NOTR;4;05.10.2026
GLBMD;izle;;33,6;1,6;22,0;10,0;0;0;zayif;23,9;45,3;32,1;asagi;guclu;zayif;asagi;1,40;-1,07;1;10,66;-0,19;1999827;11,18;AL;NEGATIF;SAT;POZITIF;AZALIYOR;AL;AL;NOTR;4;05.10.2026
AVPGY;izle;;33,4;1,5;20,6;11,2;0;0;zayif;22,9;45,3;33,8;asagi;guclu;zayif;asagi;1,22;-0,79;2;51,75;-2,08;49390873;56,21;SAT;NEGATIF;SAT;NEGATIF;ARTIYOR;AL;AL;NOTR;2;05.10.2026
GARAN;izle;;32,9;2,4;22,5;8,0;32;3;zayif;23,4;50,9;65,4;asagi;guclu;zayif;asagi;0,72;0,00;2;130,4;3,57;3134419584;136,38;SAT;POZITIF;SAT;NEGATIF;ARTIYOR;AL;AL;NOTR;3;05.10.2026
CMENT;izle;;32,8;2,4;22,9;7,5;0;0;zayif;54,9;50,5;40,3;asagi;guclu;zayif;asagi;0,91;-1,36;2;242;0,00;1086580;243,04;AL;POZITIF;SAT;POZITIF;AZALIYOR;AL;SAT;UCUZ (AL);4;05.10.2026
KRVGD;izle;;32,7;6,0;22,8;4,0;0;0;zayif;27,3;46,3;51,4;asagi;guclu;zayif;asagi;0,45;-1,55;0;2,16;0,47;9300809;2,27;AL;NEGATIF;AL;POZITIF;ARTIYOR;AL;AL;UCUZ (AL);5;05.10.2026
AKSEN;izle;;32,6;5,4;19,2;8,0;0;0;zayif;29,4;45,2;49,9;asagi;zayif;zayif;asagi;0,62;-1,42;0;72,85;-1,82;377404670;77,56;AL;NEGATIF;SAT;POZITIF;AZALIYOR;AL;SAT;NOTR;3;05.10.2026
ATEKS;izle;;32,3;2,4;19,9;10,0;6;0;zayif;29,8;48,2;56,4;asagi;guclu;zayif;asagi;1,54;-1,38;3;89,1;10,00;1453845;93,89;AL;NEGATIF;SAT;POZITIF;ARTIYOR;AL;AL;NOTR;4;05.10.2026
BURCE;izle;;32,3;2,4;12,1;17,8;0;0;zayif;31,4;38,5;31,5;asagi;zayif;zayif;asagi;1,29;-3,15;1;26,68;1,37;48154839;29,24;AL;NEGATIF;SAT;NEGATIF;ARTIYOR;AL;AL;UCUZ (AL);3;05.10.2026
ULKER;izle;;32,2;1,9;19,0;11,3;0;0;zayif;25,9;45,5;48,9;asagi;guclu;zayif;asagi;0,60;-1,70;2;86,7;1,46;254137901;93,03;SAT;NEGATIF;SAT;NEGATIF;AZALIYOR;AL;AL;UCUZ (AL);2;05.10.2026
SRVGY;izle;;32,0;2,2;23,8;6,1;0;0;zayif;27,9;50,8;37,9;asagi;guclu;zayif;asagi;0,53;-1,16;2;2,3;3,14;17922906;2,35;AL;POZITIF;SAT;POZITIF;ARTIYOR;AL;AL;UCUZ (AL);5;05.10.2026
DMSAS;izle;;31,7;10,4;16,0;5,2;6;0;zayif;32,5;46,1;42,3;yukari;zayif;zayif;asagi;0,77;-1,74;3;6,68;3,25;22741713;5,27;AL;NEGATIF;SAT;POZITIF;ARTIYOR;AL;AL;UCUZ (AL);4;05.10.2026
OBAMS;izle;;31,6;1,5;21,8;8,4;0;0;zayif;22,7;46,0;44,1;asagi;guclu;zayif;asagi;0,72;-1,74;0;4,66;1,53;82816798;4,97;AL;NEGATIF;SAT;POZITIF;AZALIYOR;AL;AL;UCUZ (AL);4;05.10.2026
ISGYO;izle;;31,6;8,4;19,1;4,2;0;0;zayif;12,3;42,3;46,1;asagi;guclu;zayif;asagi;0,49;-1,04;2;23,46;-0,59;18968348;25,73;AL;NEGATIF;NOTR;NEGATIF;AZALIYOR;SAT;SAT;NOTR;1;05.10.2026
DNISI;izle;;31,5;2,0;20,3;9,3;0;0;zayif;17,2;48,0;28,6;asagi;guclu;zayif;asagi;0,35;-0,88;2;4,25;1,92;5615461;4,45;SAT;NEGATIF;NOTR;POZITIF;AZALIYOR;AL;AL;NOTR;3;05.10.2026
TCKRC;izle;;31,4;15,0;15,1;1,4;0;0;zayif;26,4;44,4;47,9;asagi;zayif;zayif;asagi;0,78;-1,30;2;124;-2,59;319296280;138,23;AL;NEGATIF;SAT;POZITIF;AZALIYOR;AL;AL;NOTR;4;05.10.2026
PETKM;izle;;31,3;6,2;21,1;4,0;16;1;zayif;15,4;45,8;33,1;asagi;guclu;zayif;asagi;0,51;-0,61;3;20,1;2,81;1231835435;23,05;SAT;NEGATIF;NOTR;NEGATIF;AZALIYOR;SAT;AL;NOTR;1;05.10.2026
AKSA;izle;;31,0;4,9;19,1;7,1;10;0;zayif;25,7;44,3;36,3;asagi;guclu;zayif;asagi;1,12;-1,55;4;10,56;-1,77;189382259;11,40;AL;NEGATIF;SAT;NEGATIF;ARTIYOR;AL;AL;NOTR;3;05.10.2026
PNSUT;izle;;30,7;2,6;20,1;8,0;22;2;zayif;18,7;45,7;30,4;asagi;guclu;zayif;asagi;0,64;-1,02;2;10,4;2,56;21265795;11,76;SAT;NEGATIF;NOTR;POZITIF;AZALIYOR;AL;AL;NOTR;3;05.10.2026
ECILC;izle;;30,5;1,2;21,3;8,1;10;1;zayif;20,6;46,3;52,0;asagi;guclu;zayif;asagi;0,50;-1,39;0;64,85;1,25;202327785;69,49;AL;NEGATIF;SAT;POZITIF;AZALIYOR;AL;AL;UCUZ (AL);4;05.10.2026
EUHOL;izle;;30,4;10,4;16,0;4,0;0;0;zayif;35,5;45,8;30,7;yukari;zayif;zayif;asagi;0,42;-2,20;1;8,44;-0,71;1818660;7,11;AL;NEGATIF;SAT;POZITIF;AZALIYOR;AL;AL;NOTR;4;05.10.2026
GRSEL;izle;;30,1;1,5;15,2;13,4;0;0;zayif;23,0;43,1;49,3;asagi;zayif;zayif;asagi;1,02;-1,66;0;274,5;1,86;117784382;296,18;AL;NEGATIF;SAT;POZITIF;AZALIYOR;AL;AL;NOTR;4;05.10.2026
TSKB;izle;;30,0;2,4;13,0;14,6;10;1;zayif;35,2;39,5;39,5;asagi;guclu;zayif;asagi;1,24;-2,36;2;10,05;1,82;295586399;10,87;SAT;NEGATIF;SAT;NEGATIF;ARTIYOR;AL;AL;UCUZ (AL);2;05.10.2026
TATGD;izle;;29,3;4,8;23,8;0,6;0;0;zayif;15,3;46,5;36,6;asagi;guclu;zayif;asagi;0,56;-1,16;2;16,73;-1,59;15198988;17,62;AL;NEGATIF;NOTR;POZITIF;AZALIYOR;AL;AL;NOTR;4;05.10.2026
MIATK;izle;;28,9;1,4;19,0;8,5;0;0;zayif;22,3;49,8;53,8;asagi;guclu;zayif;asagi;0,73;-0,86;1;27,5;10,00;723376913;28,61;SAT;NEGATIF;SAT;POZITIF;ARTIYOR;AL;AL;NOTR;3;05.10.2026
EMNIS;izle;;28,9;9,5;11,4;8,0;0;0;zayif;23,3;43,6;27,6;yukari;zayif;zayif;asagi;0,42;-2,43;1;134;3,24;423440;113,97;SAT;NEGATIF;SAT;NEGATIF;AZALIYOR;AL;AL;NOTR;2;05.10.2026
BLCYT;izle;;28,8;2,2;18,6;8,0;0;0;zayif;17,6;44,7;41,0;asagi;guclu;zayif;asagi;0,66;-1,59;0;1,81;1,12;37795350;2,05;AL;NEGATIF;NOTR;POZITIF;AZALIYOR;AL;AL;UCUZ (AL);4;05.10.2026
TRALT;izle;;28,7;4,7;9,1;14,8;10;0;zayif;24,9;36,1;45,0;asagi;zayif;zayif;asagi;1,11;-2,19;5;43,88;0,09;4727133776;50,63;SAT;NEGATIF;SAT;NEGATIF;AZALIYOR;SAT;AL;NOTR;1;05.10.2026
PKART;izle;;28,7;5,4;12,6;10,7;0;0;zayif;36,2;40,2;30,2;asagi;zayif;zayif;asagi;1,10;-2,56;2;93;3,33;39085203;97,86;AL;NEGATIF;SAT;POZITIF;ARTIYOR;AL;AL;NOTR;4;05.10.2026
FMIZP;izle;;28,7;0,4;24,6;3,7;0;0;zayif;14,7;47,0;53,3;asagi;guclu;zayif;asagi;0,70;-0,81;1;273,5;0,55;15829633;293,40;AL;NEGATIF;NOTR;POZITIF;AZALIYOR;AL;AL;NOTR;4;05.10.2026
AEFES;izle;;28,0;5,4;14,5;8,2;6;0;zayif;30,0;42,0;45,6;asagi;guclu;zayif;asagi;0,61;-1,82;3;18,08;0,22;404475563;19,66;SAT;NEGATIF;SAT;NEGATIF;AZALIYOR;SAT;AL;NOTR;1;05.10.2026
PGSUS;izle;;28,0;1,4;16,3;10,3;6;0;zayif;22,3;43,1;54,2;asagi;guclu;zayif;asagi;0,56;-1,95;3;142,9;0,92;784011704;154,26;SAT;NEGATIF;SAT;NEGATIF;AZALIYOR;AL;AL;UCUZ (AL);2;05.10.2026
LIDFA;izle;;27,6;1,6;18,0;8,0;0;0;zayif;23,8;43,4;69,3;asagi;guclu;zayif;asagi;0,66;-1,68;2;1,56;1,96;19319244;1,70;AL;NEGATIF;SAT;NEGATIF;AZALIYOR;AL;AL;NOTR;3;05.10.2026
HOROZ;izle;;27,5;2,3;7,2;18,0;6;0;zayif;28,9;35,8;42,2;asagi;zayif;zayif;asagi;2,52;-3,10;3;45;3,59;118753380;51,18;SAT;NEGATIF;SAT;NEGATIF;ARTIYOR;AL;AL;UCUZ (AL);2;05.10.2026
ETYAT;izle;;27,4;13,4;11,5;2,5;40;4;zayif;29,9;36,6;48,5;yukari;zayif;zayif;asagi;0,85;-2,52;2;9,53;-0,94;8001426;7,85;AL;NEGATIF;SAT;POZITIF;AZALIYOR;AL;SAT;NOTR;3;05.10.2026
KTSKR;izle;;27,2;2,4;12,5;12,2;0;0;zayif;39,4;39,9;33,0;asagi;zayif;zayif;asagi;1,19;-3,49;1;64,65;1,41;25345580;67,79;AL;NEGATIF;SAT;POZITIF;AZALIYOR;AL;AL;NOTR;4;05.10.2026
GUBRF;izle;;27,1;5,4;13,7;8,0;22;2;zayif;31,7;40,7;42,3;asagi;guclu;zayif;asagi;0,58;-1,64;1;416;-0,89;772051904;484,09;SAT;NEGATIF;SAT;NEGATIF;AZALIYOR;SAT;AL;NOTR;1;05.10.2026
ASTOR;izle;;27,0;5,4;3,5;18,0;0;0;zayif;37,6;31,6;61,0;asagi;zayif;zayif;asagi;1,64;-3,98;0;198;-10,00;12437904006;243,65;SAT;NEGATIF;SAT;NEGATIF;ARTIYOR;AL;AL;NOTR;2;05.10.2026
BRISA;izle;;26,9;1,4;23,0;2,5;0;0;zayif;22,4;46,5;58,9;asagi;guclu;zayif;asagi;0,40;-1,43;1;72,8;-0,21;5580338;77,10;AL;NEGATIF;SAT;POZITIF;AZALIYOR;AL;AL;UCUZ (AL);4;05.10.2026
ISCTR;izle;;26,8;1,5;21,4;3,8;6;0;zayif;23,4;48,3;57,2;asagi;guclu;zayif;asagi;0,57;-0,46;3;12,87;3,37;5434076702;13,91;SAT;NEGATIF;SAT;NEGATIF;ARTIYOR;SAT;AL;NOTR;1;05.10.2026
PRKME;izle;;26,5;2,4;10,1;14,0;6;0;zayif;30,0;41,5;50,2;asagi;zayif;zayif;asagi;2,47;-2,09;3;15,31;2,68;76290342;15,99;SAT;NEGATIF;SAT;NEGATIF;ARTIYOR;AL;AL;NOTR;2;05.10.2026
TTRAK;izle;;26,5;2,3;16,2;7,9;0;0;zayif;29,2;41,8;26,5;asagi;guclu;zayif;asagi;0,90;-1,44;0;405;0,56;36271800;437,03;SAT;NEGATIF;SAT;NEGATIF;AZALIYOR;SAT;SAT;UCUZ (AL);0;05.10.2026
ANHYT;izle;;26,0;1,6;20,9;3,5;6;0;zayif;23,1;47,7;42,0;asagi;guclu;zayif;asagi;0,81;-0,67;3;101,8;1,95;93195660;107,49;SAT;NEGATIF;SAT;NEGATIF;AZALIYOR;AL;AL;NOTR;2;05.10.2026
PSDTC;izle;;25,7;2,4;6,0;17,2;40;4;zayif;35,1;31,7;65,8;asagi;zayif;zayif;asagi;1,25;-3,45;1;90,35;-8,46;46754228;119,52;SAT;NEGATIF;SAT;NEGATIF;ARTIYOR;AL;AL;UCUZ (AL);2;05.10.2026
BMSCH;izle;;25,6;3,9;13,7;8,0;0;0;zayif;22,1;43,8;64,5;asagi;zayif;zayif;asagi;0,25;-2,62;1;9,38;-2,09;7154783;10,29;AL;NEGATIF;AL;POZITIF;AZALIYOR;AL;AL;UCUZ (AL);5;05.10.2026
CLEBI;izle;;25,6;2,4;15,8;7,3;0;0;zayif;29,5;42,5;45,5;asagi;guclu;zayif;asagi;0,55;-2,17;2;1369;0,07;16927685;1456,46;SAT;NEGATIF;SAT;NEGATIF;AZALIYOR;AL;AL;UCUZ (AL);2;05.10.2026
BAKAB;izle;;25,3;2,4;10,2;12,6;0;0;zayif;43,3;32,2;45,1;asagi;zayif;zayif;asagi;0,98;-4,02;1;31,86;0,13;6207411;36,45;AL;NEGATIF;SAT;NEGATIF;AZALIYOR;AL;AL;NOTR;3;05.10.2026
ORMA;izle;;25,0;9,8;15,3;0,0;0;0;zayif;24,9;43,5;39,1;yukari;zayif;zayif;asagi;0,32;-2,57;2;135,7;-0,07;355263;126,59;AL;NEGATIF;SAT;POZITIF;ARTIYOR;AL;AL;NOTR;4;05.10.2026
CEMTS;izle;;24,8;2,4;14,6;7,8;6;0;zayif;37,6;42,7;35,3;asagi;guclu;zayif;asagi;1,12;-2,03;3;7,97;2,97;15861177;8,58;SAT;NEGATIF;SAT;POZITIF;ARTIYOR;AL;AL;UCUZ (AL);3;05.10.2026
EGEEN;izle;;24,8;0,6;16,2;8,0;0;0;zayif;16,6;44,8;44,7;asagi;guclu;zayif;asagi;0,49;-0,92;2;5070;-1,41;116554230;6130,57;SAT;NEGATIF;NOTR;POZITIF;AZALIYOR;SAT;AL;UCUZ (AL);2;05.10.2026
HDFGS;izle;;24,4;2,4;4,0;18,0;22;2;zayif;49,8;20,3;47,6;asagi;zayif;zayif;asagi;2,69;-7,53;0;1;3,09;167133142;1,21;SAT;NEGATIF;SAT;NEGATIF;AZALIYOR;AL;AL;UCUZ (AL);2;05.10.2026
DAPGM;izle;;24,4;2,4;4,0;18,0;0;0;zayif;41,2;19,7;20,1;asagi;zayif;zayif;asagi;1,65;-8,28;1;3,15;6,78;277897741;4,24;SAT;NEGATIF;SAT;NEGATIF;AZALIYOR;AL;AL;UCUZ (AL);2;05.10.2026
TDGYO;izle;;24,4;2,4;4,0;18,0;0;0;zayif;33,3;22,8;29,0;asagi;zayif;zayif;asagi;3,30;-5,64;1;7,08;9,26;58866179;10,30;SAT;NEGATIF;SAT;NEGATIF;ARTIYOR;SAT;AL;UCUZ (AL);1;05.10.2026
DOHOL;izle;;24,4;5,4;12,7;6,3;0;0;zayif;32,0;38,7;34,9;asagi;guclu;zayif;asagi;0,53;-2,10;2;19,27;1,80;152716003;21,02;SAT;NEGATIF;SAT;NEGATIF;AZALIYOR;AL;AL;NOTR;2;05.10.2026
ESCOM;izle;;24,2;5,4;14,7;4,1;0;0;zayif;31,0;43,6;35,3;asagi;zayif;zayif;asagi;0,71;-1,93;1;4,58;-2,55;50610360;4,88;AL;NEGATIF;SAT;NEGATIF;ARTIYOR;AL;AL;NOTR;3;05.10.2026
BNTAS;izle;;24,2;2,4;17,4;4,4;40;4;zayif;33,3;43,2;36,4;asagi;guclu;zayif;asagi;0,37;-1,81;0;5,55;-0,54;6180585;5,89;AL;NEGATIF;SAT;POZITIF;ARTIYOR;AL;AL;UCUZ (AL);4;05.10.2026
HKTM;izle;;24,0;2,4;17,6;4,0;6;0;zayif;31,8;47,5;21,8;asagi;guclu;zayif;asagi;0,62;-0,97;3;10,9;9,99;30165107;11,15;SAT;NEGATIF;SAT;POZITIF;ARTIYOR;AL;AL;NOTR;3;05.10.2026
MEGMT;izle;;24,0;2,4;13,5;8,0;0;0;zayif;42,8;43,4;44,9;asagi;zayif;zayif;asagi;0,56;-3,44;2;3,98;2,58;136440378;4,28;AL;NEGATIF;SAT;POZITIF;AZALIYOR;AL;AL;UCUZ (AL);4;05.10.2026
VANGD;izle;;23,9;5,4;8,5;10,0;0;0;zayif;42,6;40,0;42,2;asagi;zayif;zayif;asagi;0,82;-2,66;1;63,65;9,93;9470038;67,76;SAT;NEGATIF;SAT;POZITIF;AZALIYOR;AL;AL;NOTR;3;05.10.2026
KLYPV;izle;;23,8;2,1;13,8;8,0;0;0;zayif;27,2;41,2;29,2;asagi;guclu;zayif;asagi;0,57;-1,34;2;54,25;0,74;76298068;61,19;SAT;NEGATIF;SAT;NEGATIF;ARTIYOR;AL;AL;NOTR;2;05.10.2026
FROTO;izle;;23,7;1,9;16,1;5,7;10;0;zayif;25,9;42,2;41,3;asagi;guclu;zayif;asagi;0,79;-1,80;4;74,55;0,54;1309043504;81,75;SAT;NEGATIF;SAT;NEGATIF;AZALIYOR;SAT;AL;UCUZ (AL);1;05.10.2026
ISSEN;izle;;23,6;2,4;7,2;14,0;16;1;zayif;41,2;35,6;33,4;asagi;zayif;zayif;asagi;1,96;-3,31;3;5,62;0,00;10442696;6,03;SAT;NEGATIF;SAT;NEGATIF;ARTIYOR;AL;AL;UCUZ (AL);2;05.10.2026
DGGYO;izle;;23,6;1,0;15,7;6,9;0;0;zayif;19,1;43,3;42,2;asagi;zayif;zayif;asagi;0,87;-1,68;1;28,96;2,91;2915258;32,80;AL;NEGATIF;NOTR;POZITIF;AZALIYOR;AL;AL;NOTR;4;05.10.2026
BUCIM;izle;;23,5;1,4;15,9;6,1;6;0;zayif;22,2;41,5;33,6;asagi;guclu;zayif;asagi;0,43;-1,68;3;5,05;0,40;8237964;5,46;SAT;NEGATIF;SAT;POZITIF;AZALIYOR;AL;AL;UCUZ (AL);3;05.10.2026
KUVVA;izle;;23,4;5,4;4,0;14,0;22;2;zayif;50,7;17,9;12,9;asagi;zayif;zayif;asagi;1,58;-5,70;0;72,05;-3,29;19384332;105,68;SAT;NEGATIF;SAT;NEGATIF;AZALIYOR;AL;AL;UCUZ (AL);2;05.10.2026
SEKUR;izle;;23,4;5,4;4,0;14,0;0;0;zayif;48,6;20,5;53,7;asagi;zayif;zayif;asagi;1,52;-7,13;1;3,66;-1,08;12962003;4,90;SAT;NEGATIF;SAT;NEGATIF;AZALIYOR;AL;AL;NOTR;2;05.10.2026
ANSGR;izle;;23,4;2,4;13,2;7,8;0;0;zayif;30,6;40,4;44,5;asagi;guclu;zayif;asagi;1,06;-2,13;1;24,74;3,17;95764136;26,27;SAT;NEGATIF;SAT;NEGATIF;ARTIYOR;AL;AL;NOTR;2;05.10.2026
SNGYO;izle;;23,4;1,4;17,1;4,9;0;0;zayif;22,0;42,6;35,9;asagi;guclu;zayif;asagi;0,76;-1,97;1;2,82;1,44;70031652;3,07;AL;NEGATIF;SAT;POZITIF;AZALIYOR;AL;AL;UCUZ (AL);4;05.10.2026
USHOL;izle;;23,3;5,4;7,0;10,8;6;0;zayif;36,5;35,1;39,5;asagi;zayif;zayif;asagi;1,11;-3,32;3;50,85;9,92;35900558;60,45;SAT;NEGATIF;SAT;NEGATIF;AZALIYOR;AL;AL;NOTR;2;05.10.2026
YAPRK;izle;;23,2;2,6;12,2;8,4;6;0;zayif;18,6;44,0;57,1;asagi;zayif;zayif;asagi;0,96;-1,72;3;9,31;3,22;36306011;10,09;SAT;NEGATIF;NOTR;POZITIF;ARTIYOR;AL;AL;NOTR;3;05.10.2026
EPLAS;izle;;23,1;2,1;21,0;0,0;22;2;zayif;17,3;47,2;31,4;asagi;guclu;zayif;asagi;0,46;-0,63;1;5,4;4,65;18016171;6,29;SAT;NEGATIF;NOTR;POZITIF;AZALIYOR;AL;AL;NOTR;3;05.10.2026
BAGFS;izle;;22,6;2,4;12,2;8,0;10;1;zayif;31,2;39,6;27,6;asagi;guclu;zayif;asagi;0,42;-2,07;1;22,8;0,26;8992662;24,86;SAT;NEGATIF;SAT;NEGATIF;AZALIYOR;AL;AL;NOTR;2;05.10.2026
GOLTS;izle;;22,6;2,4;11,7;8,5;0;0;zayif;30,1;39,1;50,7;asagi;zayif;zayif;asagi;0,73;-2,94;0;260,75;0,87;25168894;281,36;SAT;NEGATIF;SAT;POZITIF;AZALIYOR;AL;AL;UCUZ (AL);3;05.10.2026
EGSER;izle;;22,6;2,4;14,3;5,9;0;0;zayif;32,5;42,0;41,3;asagi;guclu;zayif;asagi;0,29;-1,86;1;2,64;0,76;1206007;2,80;SAT;NEGATIF;SAT;POZITIF;AZALIYOR;AL;AL;NOTR;3;05.10.2026
ICBCT;izle;;22,6;5,3;5,4;11,9;0;0;zayif;28,8;29,7;35,2;asagi;zayif;zayif;asagi;0,94;-3,82;1;15,53;0,13;16462856;17,90;SAT;NEGATIF;SAT;NEGATIF;AZALIYOR;AL;AL;NOTR;2;05.10.2026
ISKPL;izle;;22,4;2,4;6,0;14,0;0;0;zayif;42,1;31,6;49,9;asagi;zayif;zayif;asagi;1,36;-5,78;2;3,65;9,94;194189282;4,46;SAT;NEGATIF;SAT;NEGATIF;AZALIYOR;AL;AL;UCUZ (AL);2;05.10.2026
PAMEL;izle;;22,3;2,4;5,9;14,0;0;0;zayif;41,9;31,3;37,0;asagi;zayif;zayif;asagi;1,44;-4,76;2;50,65;4,61;15268949;54,27;SAT;NEGATIF;SAT;NEGATIF;ARTIYOR;AL;AL;UCUZ (AL);2;05.10.2026
ARENA;izle;;22,3;2,4;10,2;9,6;10;0;zayif;35,4;32,5;31,4;asagi;zayif;zayif;asagi;1,04;-3,47;4;15,64;-2,01;10103894;17,87;AL;NEGATIF;SAT;NEGATIF;ARTIYOR;AL;AL;UCUZ (AL);3;05.10.2026
ECZYT;izle;;22,0;2,4;11,5;8,0;0;0;zayif;38,9;36,8;60,7;asagi;zayif;zayif;asagi;0,53;-3,45;1;235;2,89;74058135;260,96;AL;NEGATIF;SAT;POZITIF;AZALIYOR;AL;AL;NOTR;4;05.10.2026
ONCSM;izle;;21,9;2,4;9,5;10,0;0;0;zayif;53,9;29,9;34,2;asagi;zayif;zayif;asagi;2,73;-6,42;2;95,65;-0,36;386295151;111,98;AL;NEGATIF;SAT;NEGATIF;ARTIYOR;AL;AL;UCUZ (AL);3;05.10.2026
KORDS;izle;;21,7;5,4;8,1;8,1;6;0;zayif;35,8;38,7;28,8;asagi;zayif;zayif;asagi;0,71;-2,69;3;3,08;1,32;78043680;3,41;SAT;NEGATIF;SAT;POZITIF;AZALIYOR;AL;AL;NOTR;3;05.10.2026
MEDTR;izle;;21,7;2,4;5,2;14,0;0;0;zayif;46,9;29,1;24,1;asagi;zayif;zayif;asagi;1,76;-4,47;2;18,87;2,00;9963247;20,53;SAT;NEGATIF;SAT;NEGATIF;ARTIYOR;AL;AL;UCUZ (AL);2;05.10.2026
KRDMB;izle;;21,6;5,4;12,2;4,0;0;0;zayif;40,7;39,0;49,1;asagi;zayif;zayif;asagi;0,48;-3,10;2;72,2;9,98;117893719;85,35;AL;NEGATIF;SAT;NEGATIF;AZALIYOR;AL;AL;NOTR;3;05.10.2026
GUNDG;izle;;21,4;5,4;8,0;8,0;0;0;zayif;46,4;16,8;-0,0;asagi;zayif;zayif;asagi;0,02;-10,18;0;168,5;-9,99;170691;355,88;AL;NEGATIF;SAT;NEGATIF;AZALIYOR;AL;SAT;NOTR;2;05.10.2026
SEYKM;izle;;21,4;2,4;11,3;7,6;10;0;zayif;44,3;36,1;27,3;asagi;zayif;zayif;asagi;0,91;-3,38;4;3,03;-3,19;4777683;3,30;AL;NEGATIF;SAT;NEGATIF;ARTIYOR;AL;AL;UCUZ (AL);3;05.10.2026
CANTE;izle;;21,4;2,4;10,9;8,0;0;0;zayif;37,5;40,8;45,7;asagi;zayif;zayif;asagi;0,61;-1,93;1;1,08;1,89;290322370;1,23;SAT;NEGATIF;SAT;NEGATIF;AZALIYOR;AL;AL;UCUZ (AL);2;05.10.2026
ISBTR;izle;;21,3;5,4;7,8;8,0;6;0;zayif;34,4;33,0;24,8;asagi;zayif;zayif;asagi;0,49;-4,73;3;425000;0,00;850000;437401,99;SAT;NEGATIF;SAT;NEGATIF;AZALIYOR;AL;AL;NOTR;2;05.10.2026
MERIT;izle;;21,3;2,4;10,8;8,0;10;1;zayif;31,7;35,5;21,3;asagi;guclu;zayif;asagi;0,60;-2,61;2;14,04;0,50;13038583;15,35;SAT;NEGATIF;SAT;NEGATIF;AZALIYOR;AL;AL;UCUZ (AL);2;05.10.2026
ISBIR;izle;;21,2;10,4;10,8;0,0;0;0;zayif;34,0;41,3;24,1;yukari;zayif;zayif;asagi;0,43;-2,96;2;61,05;-1,13;549145;54,49;SAT;NEGATIF;SAT;NEGATIF;AZALIYOR;AL;AL;UCUZ (AL);2;05.10.2026
SUMAS;izle;;21,2;2,4;6,3;12,5;0;0;zayif;44,3;32,7;30,7;asagi;zayif;zayif;asagi;1,21;-5,97;1;208;4,00;709696;222,31;SAT;NEGATIF;SAT;NEGATIF;ARTIYOR;AL;AL;NOTR;2;05.10.2026
GSDDE;izle;;21,2;6,3;14,9;0,0;0;0;zayif;13,6;43,9;22,5;asagi;guclu;zayif;asagi;0,42;-1,19;2;11,93;-1,57;18050341;13,38;SAT;NEGATIF;NOTR;NEGATIF;AZALIYOR;AL;AL;NOTR;2;05.10.2026
PAGYO;izle;;21,0;5,4;11,6;4,0;0;0;zayif;43,4;37,0;31,6;asagi;zayif;zayif;asagi;0,65;-2,76;2;120,5;-0,82;9222709;137,61;AL;NEGATIF;SAT;NEGATIF;AZALIYOR;AL;SAT;NOTR;2;05.10.2026
AFYON;izle;;21,0;2,4;11,7;6,9;6;0;zayif;33,0;37,1;38,6;asagi;guclu;zayif;asagi;0,78;-2,84;3;11,12;0,91;12496534;11,80;SAT;NEGATIF;SAT;NEGATIF;AZALIYOR;AL;AL;UCUZ (AL);2;05.10.2026
KAPLM;izle;;21,0;2,4;4,0;14,5;0;0;zayif;67,1;18,5;37,0;asagi;zayif;zayif;asagi;1,09;-8,76;0;135;-4,19;53365095;195,72;SAT;NEGATIF;SAT;NEGATIF;AZALIYOR;AL;AL;UCUZ (AL);2;05.10.2026
NIBAS;izle;;21,0;2,0;6,7;12,2;32;3;zayif;26,9;34,0;44,8;asagi;zayif;zayif;asagi;1,19;-3,10;2;2,98;1,71;57091484;3,63;SAT;NEGATIF;SAT;NEGATIF;ARTIYOR;AL;AL;NOTR;2;05.10.2026
MGROS;izle;;21,0;2,4;18,5;0,0;0;0;zayif;33,0;43,7;49,3;asagi;guclu;zayif;asagi;0,63;-2,22;2;517,5;0,49;1135607175;553,46;AL;NEGATIF;SAT;NEGATIF;AZALIYOR;SAT;AL;NOTR;2;05.10.2026
KGYO;izle;;20,9;4,9;7,7;8,3;0;0;zayif;26,0;37,4;51,5;asagi;zayif;zayif;asagi;0,72;-2,16;0;8,79;-6,98;99948972;10,43;SAT;NEGATIF;SAT;NEGATIF;AZALIYOR;AL;SAT;NOTR;1;05.10.2026
IZMDC;izle;;20,8;5,4;10,1;5,2;6;0;zayif;40,8;32,1;31,1;asagi;zayif;zayif;asagi;0,77;-4,31;3;6,9;2,22;55950824;8,32;AL;NEGATIF;SAT;NEGATIF;AZALIYOR;AL;AL;NOTR;3;05.10.2026
PAHOL;izle;;20,7;2,4;7,5;10,8;6;0;zayif;42,5;36,8;29,0;asagi;zayif;zayif;asagi;1,11;-3,65;3;0,97;5,43;324860718;1,03;SAT;NEGATIF;SAT;NEGATIF;ARTIYOR;AL;AL;UCUZ (AL);2;05.10.2026
VKGYO;izle;;20,7;2,4;9,6;8,7;0;0;zayif;42,9;35,1;33,5;asagi;zayif;zayif;asagi;0,74;-3,40;2;1,67;0,60;32549940;1,80;SAT;NEGATIF;SAT;NEGATIF;AZALIYOR;AL;AL;UCUZ (AL);2;05.10.2026
TOASO;izle;;20,7;0,9;16,9;2,9;16;1;zayif;18,9;42,8;45,7;asagi;guclu;zayif;asagi;0,68;-1,28;3;264,75;2,12;595146351;294,71;SAT;NEGATIF;NOTR;NEGATIF;AZALIYOR;SAT;AL;NOTR;1;05.10.2026
TURGG;izle;;20,5;1,2;11,4;8,0;10;1;zayif;20,6;40,7;33,1;asagi;zayif;zayif;asagi;0,38;-1,69;2;24,1;0,75;6949862;28,79;SAT;NEGATIF;SAT;NEGATIF;AZALIYOR;AL;AL;NOTR;2;05.10.2026
NTHOL;izle;;20,5;1,9;10,5;8,0;0;0;zayif;26,3;39,8;40,2;asagi;zayif;zayif;asagi;0,57;-2,06;2;37,38;1,30;50493764;42,11;SAT;NEGATIF;SAT;NEGATIF;AZALIYOR;AL;AL;UCUZ (AL);2;05.10.2026
LIDER;izle;;20,4;2,4;8,0;10,0;0;0;zayif;63,2;14,8;22,0;asagi;zayif;zayif;asagi;5,07;-13,84;1;7,74;-3,01;609886876;12,46;AL;NEGATIF;SAT;NEGATIF;AZALIYOR;AL;AL;UCUZ (AL);3;05.10.2026
BORLS;izle;;20,4;2,4;8,0;10,0;6;0;zayif;58,9;19,7;9,9;asagi;zayif;zayif;asagi;1,63;-7,82;3;1,6;-7,51;84301115;2,18;AL;NEGATIF;SAT;NEGATIF;ARTIYOR;AL;AL;NOTR;3;05.10.2026
EMKEL;izle;;20,4;2,4;8,0;10,0;6;0;zayif;69,8;11,0;16,0;asagi;zayif;zayif;asagi;1,34;-9,31;3;7,5;-4,94;33592065;9,39;AL;NEGATIF;SAT;NEGATIF;ARTIYOR;AL;AL;UCUZ (AL);3;05.10.2026
SKBNK;izle;;20,4;2,4;10,0;8,0;10;1;zayif;36,1;31,7;30,8;asagi;zayif;zayif;asagi;0,54;-7,24;2;5,13;1,79;299336972;5,75;AL;NEGATIF;SAT;NEGATIF;AZALIYOR;AL;AL;UCUZ (AL);3;05.10.2026
ARCLK;izle;;20,4;1,7;9,1;9,7;0;0;zayif;24,4;33,6;23,6;asagi;zayif;zayif;asagi;0,78;-3,53;2;82,15;1,29;110441803;89,13;SAT;NEGATIF;SAT;NEGATIF;AZALIYOR;SAT;AL;UCUZ (AL);1;05.10.2026
ARZUM;izle;;20,4;2,4;10,2;7,8;0;0;zayif;35,3;32,3;27,0;asagi;zayif;zayif;asagi;1,17;-4,52;2;1,2;-1,64;13459904;1,34;AL;NEGATIF;SAT;NEGATIF;ARTIYOR;AL;AL;UCUZ (AL);3;05.10.2026
BJKAS;izle;;20,4;4,7;7,8;8,0;0;0;zayif;24,1;37,6;48,9;asagi;zayif;zayif;asagi;0,30;-2,30;2;1,58;-1,25;152394035;2,08;SAT;NEGATIF;SAT;NEGATIF;AZALIYOR;SAT;AL;NOTR;1;05.10.2026
EUPWR;izle;;20,4;5,4;6,9;8,0;10;1;zayif;40,3;34,8;53,4;asagi;zayif;zayif;asagi;0,56;-3,29;2;53;-4,16;680556358;70,41;SAT;NEGATIF;SAT;NEGATIF;AZALIYOR;AL;AL;NOTR;2;05.10.2026
GRNYO;izle;;20,4;2,4;11,7;6,2;0;0;zayif;39,1;37,3;34,6;asagi;zayif;zayif;asagi;0,83;-4,36;2;8,39;9,96;4597326;9,34;AL;NEGATIF;SAT;NEGATIF;ARTIYOR;AL;AL;UCUZ (AL);3;05.10.2026
BRKSN;izle;;20,3;2,4;6,0;11,8;10;0;zayif;48,1;31,8;31,4;asagi;zayif;zayif;asagi;1,17;-3,31;4;6,16;0,16;2384019;6,70;SAT;NEGATIF;SAT;NEGATIF;AZALIYOR;AL;AL;UCUZ (AL);2;05.10.2026
ALTIN;izle;;20,3;0,2;15,4;4,7;6;0;zayif;13,2;39,6;53,6;asagi;guclu;zayif;asagi;0,59;-1,79;3;71,4;-0,07;629707588;74,58;SAT;NEGATIF;NOTR;NEGATIF;AZALIYOR;SAT;SAT;UCUZ (AL);0;05.10.2026
DMRGD;izle;;20,2;4,8;7,4;8,0;40;4;zayif;24,9;36,3;75,6;asagi;zayif;zayif;asagi;0,55;-2,78;0;7,73;4,04;250893105;9,49;SAT;NEGATIF;SAT;NEGATIF;AZALIYOR;SAT;AL;NOTR;1;05.10.2026
KONYA;izle;;20,2;1,2;14,9;4,0;0;0;zayif;21,1;40,9;38,8;asagi;guclu;zayif;asagi;0,42;-1,37;2;3542,5;-0,49;34999900;4127,08;SAT;NEGATIF;SAT;NEGATIF;AZALIYOR;SAT;AL;UCUZ (AL);1;05.10.2026
BRMEN;izle;;20,2;5,4;10,7;4,0;0;0;zayif;55,9;34,0;10,1;asagi;zayif;zayif;asagi;0,32;-5,50;2;7,72;-1,28;1312284;9,17;AL;NEGATIF;SAT;NEGATIF;AZALIYOR;AL;AL;NOTR;3;05.10.2026
KRSTL;izle;;20,1;2,4;11,2;6,4;0;0;zayif;47,4;35,8;47,7;asagi;zayif;zayif;asagi;1,09;-3,51;2;7,76;-2,02;32486852;8,61;AL;NEGATIF;SAT;NEGATIF;AZALIYOR;AL;AL;UCUZ (AL);3;05.10.2026
GSDHO;izle;;20,0;2,0;14,0;4,0;6;0;zayif;27,0;38,1;53,4;asagi;zayif;zayif;asagi;0,56;-2,58;3;4,07;-1,21;32337880;4,61;AL;NEGATIF;SAT;NEGATIF;AZALIYOR;AL;AL;NOTR;3;05.10.2026
TNZTP;izle;;19,9;7,1;12,8;0,0;40;5;zayif;20,1;41,3;30,1;asagi;zayif;zayif;asagi;0,53;-1,18;1;25,9;1,57;44560976;30,65;SAT;NEGATIF;SAT;NEGATIF;AZALIYOR;SAT;AL;NOTR;1;05.10.2026
GLRMK;izle;;19,8;2,3;9,5;8,0;0;0;zayif;28,9;40,6;36,5;asagi;zayif;zayif;asagi;0,63;-2,00;2;140;-2,23;503536880;162,11;SAT;NEGATIF;SAT;NEGATIF;AZALIYOR;AL;AL;NOTR;2;05.10.2026
ALGYO;izle;;19,7;2,4;9,2;8,0;32;3;zayif;36,5;36,6;36,5;asagi;zayif;zayif;asagi;0,50;-3,38;1;3,02;1,00;34484181;3,37;SAT;NEGATIF;SAT;NEGATIF;AZALIYOR;AL;AL;UCUZ (AL);2;05.10.2026
GESAN;izle;;19,6;5,4;10,2;4,0;0;0;zayif;41,9;32,2;28,6;asagi;zayif;zayif;asagi;0,49;-4,38;2;42,68;-6,57;378979279;55,00;AL;NEGATIF;SAT;NEGATIF;AZALIYOR;AL;AL;NOTR;3;05.10.2026
SMRTG;izle;;19,6;2,4;9,1;8,0;0;0;zayif;51,6;28,8;28,6;asagi;zayif;zayif;asagi;0,45;-5,82;1;5,06;-4,89;71358255;6,34;AL;NEGATIF;SAT;NEGATIF;AZALIYOR;AL;AL;NOTR;3;05.10.2026
GARFA;izle;;19,6;2,4;9,3;7,8;40;4;zayif;35,0;36,7;43,2;asagi;zayif;zayif;asagi;0,93;-3,18;1;22,82;1,60;18320444;25,09;SAT;NEGATIF;SAT;NEGATIF;AZALIYOR;AL;AL;UCUZ (AL);2;05.10.2026
COSMO;izle;;19,6;2,4;7,5;9,6;0;0;zayif;34,6;36,8;24,3;asagi;zayif;zayif;asagi;1,03;-2,97;1;89,9;3,93;3605350;98,44;SAT;NEGATIF;SAT;NEGATIF;ARTIYOR;AL;AL;UCUZ (AL);2;05.10.2026
KTLEV;izle;;19,4;5,4;4,0;10,0;0;0;zayif;54,2;18,7;45,4;asagi;zayif;zayif;asagi;3,04;-8,98;1;8,16;-9,03;2758722747;15,78;SAT;NEGATIF;SAT;NEGATIF;AZALIYOR;AL;AL;NOTR;2;05.10.2026
SELEC;izle;;19,4;5,4;4,0;10,0;0;0;zayif;54,3;17,7;-0,0;asagi;zayif;zayif;asagi;4,72;-7,97;0;79,55;6,00;962959353;125,24;SAT;NEGATIF;SAT;NEGATIF;AZALIYOR;SAT;AL;NOTR;1;05.10.2026
TGSAS;izle;;19,1;2,4;8,7;8,0;0;0;zayif;36,0;40,7;13,8;asagi;zayif;zayif;asagi;0,55;-2,80;1;124,6;9,97;42030695;133,43;SAT;NEGATIF;SAT;NEGATIF;AZALIYOR;AL;AL;NOTR;2;05.10.2026
A1YEN;izle;;19,1;2,4;6,7;10,0;0;0;zayif;40,8;33,9;44,2;asagi;zayif;zayif;asagi;1,84;-4,34;2;1,71;-5,52;54448305;1,97;SAT;NEGATIF;SAT;NEGATIF;ARTIYOR;AL;AL;UCUZ (AL);2;05.10.2026
PASEU;izle;;19,1;2,4;8,6;8,0;0;0;zayif;48,3;27,1;86,0;asagi;zayif;zayif;asagi;0,27;-7,95;0;37,64;9,99;64604769;50,70;AL;NEGATIF;SAT;NEGATIF;AZALIYOR;AL;AL;UCUZ (AL);3;05.10.2026
YATAS;izle;;19,0;2,4;12,2;4,4;6;0;zayif;45,2;35,8;31,9;asagi;zayif;zayif;asagi;0,96;-4,09;3;26,56;0,53;23670909;28,92;AL;NEGATIF;SAT;POZITIF;AZALIYOR;AL;AL;UCUZ (AL);4;05.10.2026
CEMAS;izle;;18,9;2,4;6,5;10,0;10;0;zayif;29,9;33,2;23,2;asagi;zayif;zayif;asagi;1,51;-3,54;4;3,14;-1,88;48154996;3,72;SAT;NEGATIF;SAT;NEGATIF;ARTIYOR;AL;AL;NOTR;2;05.10.2026
ERSU;izle;;18,9;2,4;7,5;8,9;0;0;zayif;39,1;36,7;21,8;asagi;zayif;zayif;asagi;0,76;-3,37;2;14,99;6,69;7869285;16,34;SAT;NEGATIF;SAT;NEGATIF;AZALIYOR;AL;AL;NOTR;2;05.10.2026
SANEL;izle;;18,8;5,4;5,2;8,2;0;0;zayif;29,4;28,9;43,1;asagi;zayif;zayif;asagi;1,19;-3,92;2;33,84;6,62;15729543;44,56;SAT;NEGATIF;SAT;NEGATIF;AZALIYOR;SAT;AL;NOTR;1;05.10.2026
IZENR;izle;;18,7;2,4;8,3;8,0;0;0;zayif;52,8;25,9;19,5;asagi;zayif;zayif;asagi;0,67;-6,59;0;3,94;0,00;74960620;4,64;AL;NEGATIF;SAT;NEGATIF;AZALIYOR;AL;AL;UCUZ (AL);3;05.10.2026
YEOTK;izle;;18,7;4,8;6,9;7,0;0;0;zayif;25,1;38,7;42,5;asagi;zayif;zayif;asagi;0,88;-2,53;2;27,5;-6,21;479281083;35,14;SAT;NEGATIF;SAT;NEGATIF;ARTIYOR;SAT;AL;NOTR;1;05.10.2026
SKTAS;izle;;18,7;2,4;8,1;8,1;0;0;zayif;39,7;38,6;24,4;asagi;zayif;zayif;asagi;0,95;-2,73;2;2,57;3,21;22645791;2,70;SAT;NEGATIF;SAT;NEGATIF;ARTIYOR;AL;AL;UCUZ (AL);2;05.10.2026
KZGYO;izle;;18,6;2,4;8,2;8,0;0;0;zayif;32,4;38,9;16,9;asagi;zayif;zayif;asagi;0,65;-2,63;0;16,02;5,60;55320456;18,61;SAT;NEGATIF;SAT;NEGATIF;AZALIYOR;AL;AL;UCUZ (AL);2;05.10.2026
DGATE;izle;;18,6;2,4;11,4;4,7;0;0;zayif;37,9;36,4;40,3;asagi;zayif;zayif;asagi;0,74;-3,53;0;65,95;1,38;16841586;75,08;AL;NEGATIF;SAT;POZITIF;AZALIYOR;AL;AL;NOTR;4;05.10.2026
DITAS;izle;;18,5;2,4;4,6;11,4;0;0;zayif;47,9;27,0;48,6;asagi;zayif;zayif;asagi;0,90;-6,64;1;9,14;2,24;40472249;12,93;SAT;NEGATIF;SAT;NEGATIF;AZALIYOR;AL;AL;UCUZ (AL);2;05.10.2026
KATMR;izle;;18,4;2,4;10,2;5,8;0;0;zayif;49,6;32,3;44,1;asagi;zayif;zayif;asagi;0,81;-4,80;2;1,54;-1,91;94743375;1,69;AL;NEGATIF;SAT;NEGATIF;ARTIYOR;AL;AL;UCUZ (AL);3;05.10.2026
ATSYH;izle;;18,4;5,4;8,9;4,0;10;1;zayif;30,7;41,4;25,7;asagi;zayif;zayif;asagi;0,54;-2,74;1;83,8;9,97;1848628;95,55;SAT;NEGATIF;SAT;NEGATIF;ARTIYOR;AL;AL;NOTR;2;05.10.2026
PATEK;izle;;18,3;1,7;8,7;8,0;22;2;zayif;24,1;40,6;45,5;asagi;zayif;zayif;asagi;0,49;-2,20;0;15,25;1,19;286761732;18,80;SAT;NEGATIF;SAT;NEGATIF;AZALIYOR;AL;AL;NOTR;2;05.10.2026
MERKO;izle;;18,3;2,4;9,6;6,3;0;0;zayif;50,1;30,3;33,5;asagi;zayif;zayif;asagi;1,08;-5,08;2;0,96;-2,04;21114992;1,08;AL;NEGATIF;SAT;NEGATIF;ARTIYOR;AL;AL;UCUZ (AL);3;05.10.2026
PINSU;izle;;18,3;1,0;9,3;8,0;22;2;zayif;19,1;35,6;58,0;asagi;zayif;zayif;asagi;0,48;-2,74;1;8,87;0,23;11870668;9,98;SAT;NEGATIF;NOTR;NEGATIF;AZALIYOR;AL;AL;UCUZ (AL);2;05.10.2026
BASGZ;izle;;18,3;1,6;14,6;2,0;6;0;zayif;24,1;41,4;33,1;asagi;guclu;zayif;asagi;0,57;-1,85;3;40,56;-0,15;7994984;43,21;SAT;NEGATIF;SAT;NEGATIF;AZALIYOR;AL;AL;NOTR;2;05.10.2026
KARSN;izle;;18,3;1,4;8,9;8,0;0;0;zayif;22,3;39,3;40,3;asagi;zayif;zayif;asagi;0,29;-2,13;1;9,14;-0,98;107697671;11,38;SAT;NEGATIF;SAT;NEGATIF;AZALIYOR;SAT;AL;NOTR;1;05.10.2026
ULUSE;izle;;18,3;2,4;5,8;10,0;6;0;zayif;49,6;31,1;41,1;asagi;zayif;zayif;asagi;2,82;-4,67;3;156,1;-4,58;101612671;176,54;SAT;NEGATIF;SAT;NEGATIF;ARTIYOR;AL;AL;NOTR;2;05.10.2026
ALCAR;izle;;18,2;0,7;9,5;8,0;6;0;zayif;17,2;36,4;26,4;asagi;zayif;zayif;asagi;0,46;-2,51;3;612;-0,49;13544784;691,49;SAT;NEGATIF;NOTR;NEGATIF;AZALIYOR;AL;AL;UCUZ (AL);2;05.10.2026
AKMGY;izle;;17,9;0,8;8,6;8,5;0;0;zayif;17,6;35,1;75,3;asagi;zayif;zayif;asagi;0,73;-2,41;2;217;0,09;11553080;243,96;SAT;NEGATIF;NOTR;NEGATIF;AZALIYOR;AL;AL;NOTR;2;05.10.2026
SODSN;izle;;17,7;2,4;11,2;4,0;0;0;zayif;54,2;35,8;32,3;asagi;zayif;zayif;asagi;0,52;-4,67;0;6,15;0,49;270311;6,58;AL;NEGATIF;SAT;NEGATIF;AZALIYOR;AL;AL;UCUZ (AL);3;05.10.2026
MAALT;izle;;17,7;1,0;8,6;8,0;40;5;zayif;19,5;35,3;39,4;asagi;zayif;zayif;asagi;0,58;-2,86;2;860;1,12;21710700;944,02;SAT;NEGATIF;NOTR;NEGATIF;AZALIYOR;AL;AL;NOTR;2;05.10.2026
YONGA;izle;;17,6;2,4;11,2;4,0;0;0;zayif;44,7;35,6;25,6;asagi;zayif;zayif;asagi;0,62;-5,29;1;34,98;-1,41;402130;36,16;AL;NEGATIF;SAT;POZITIF;AZALIYOR;AL;AL;UCUZ (AL);4;05.10.2026
VRGYO;izle;;17,6;10,4;7,2;0,0;10;1;zayif;30,2;35,6;38,6;yukari;zayif;zayif;asagi;0,58;-3,85;0;1,26;-2,33;15076989;1,16;SAT;NEGATIF;SAT;NEGATIF;AZALIYOR;AL;SAT;UCUZ (AL);1;05.10.2026
OBASE;izle;;17,6;2,4;6,4;8,8;0;0;zayif;41,7;32,9;31,5;asagi;zayif;zayif;asagi;0,99;-3,41;2;26,66;-2,34;10573196;31,80;SAT;NEGATIF;SAT;NEGATIF;ARTIYOR;AL;AL;NOTR;2;05.10.2026
DOFER;izle;;17,6;2,4;6,6;8,5;0;0;zayif;42,9;33,7;22,3;asagi;zayif;zayif;asagi;0,97;-4,13;2;22,36;0,54;9628149;23,99;SAT;NEGATIF;SAT;NEGATIF;AZALIYOR;AL;AL;UCUZ (AL);2;05.10.2026
TSGYO;izle;;17,5;2,4;11,1;4,0;6;0;zayif;32,6;39,9;18,6;asagi;zayif;zayif;asagi;0,43;-2,94;3;5,03;1,41;2988846;5,32;SAT;NEGATIF;SAT;NEGATIF;AZALIYOR;AL;AL;UCUZ (AL);2;05.10.2026
KARTN;izle;;17,5;5,4;4,0;8,1;0;0;zayif;38,2;23,8;20,5;asagi;zayif;zayif;asagi;1,18;-4,95;1;83;-5,90;95438214;115,66;SAT;NEGATIF;SAT;NEGATIF;ARTIYOR;AL;AL;NOTR;2;05.10.2026
DOFRB;izle;;17,5;2,4;9,8;5,2;0;0;zayif;40,5;31,0;29,3;asagi;zayif;zayif;asagi;1,01;-5,19;2;76;-4,40;273074688;91,77;AL;NEGATIF;SAT;NEGATIF;ARTIYOR;AL;AL;NOTR;3;05.10.2026
CEMZY;izle;;17,4;5,4;4,0;8,0;0;0;zayif;40,9;18,7;26,3;asagi;zayif;zayif;asagi;0,31;-6,38;1;5,49;-5,34;32142638;8,46;SAT;NEGATIF;SAT;NEGATIF;AZALIYOR;AL;AL;UCUZ (AL);2;05.10.2026
IEYHO;izle;;17,4;5,4;4,0;8,0;0;0;zayif;73,4;9,5;0,0;asagi;zayif;zayif;asagi;0,01;-11,56;0;52,85;-9,97;408689;80,08;SAT;NEGATIF;SAT;NEGATIF;AZALIYOR;SAT;AL;UCUZ (AL);1;05.10.2026
BIGEN;izle;;17,4;5,4;4,0;8,0;0;0;zayif;40,2;19,9;0,0;asagi;zayif;zayif;asagi;0,00;-7,20;0;36,04;-9,99;213717;62,09;SAT;NEGATIF;SAT;NEGATIF;AZALIYOR;SAT;AL;NOTR;1;05.10.2026
TRHOL;izle;;17,4;5,4;4,0;8,0;0;0;zayif;51,3;20,2;-0,0;asagi;zayif;zayif;asagi;0,00;-6,66;0;1033;-9,94;32023;1662,17;SAT;NEGATIF;SAT;NEGATIF;AZALIYOR;SAT;AL;NOTR;1;05.10.2026
TEHOL;izle;;17,4;5,4;4,0;8,0;0;0;zayif;49,9;13,3;0,0;asagi;zayif;zayif;asagi;0,00;-10,08;0;10,98;-9,93;502653;17,71;SAT;NEGATIF;SAT;NEGATIF;AZALIYOR;SAT;AL;UCUZ (AL);1;05.10.2026
DSTKF;izle;;17,4;5,4;4,0;8,0;22;2;zayif;40,1;17,6;-0,0;asagi;zayif;zayif;asagi;0,00;-8,82;0;625;-9,94;399375;1024,22;SAT;NEGATIF;SAT;NEGATIF;AZALIYOR;SAT;AL;NOTR;1;05.10.2026
OZATD;izle;;17,4;5,4;4,0;8,0;32;3;zayif;49,4;12,0;-0,0;asagi;zayif;zayif;asagi;0,00;-8,87;0;1144;-9,99;170456;1832,85;SAT;NEGATIF;SAT;NEGATIF;AZALIYOR;SAT;AL;PAHALI (SAT);1;05.10.2026
MANAS;izle;;17,4;5,4;4,0;8,0;0;0;zayif;48,8;10,9;0,0;asagi;zayif;zayif;asagi;0,02;-9,56;0;7,69;-9,95;1296096;12,91;SAT;NEGATIF;SAT;NEGATIF;AZALIYOR;SAT;AL;NOTR;1;05.10.2026
ANELE;izle;;17,4;5,4;4,0;8,0;0;0;zayif;50,6;15,3;-0,0;asagi;zayif;zayif;asagi;0,01;-8,53;0;33,06;-9,97;491305;58,76;SAT;NEGATIF;SAT;NEGATIF;AZALIYOR;SAT;AL;NOTR;1;05.10.2026
ALKLC;izle;;17,4;5,4;4,0;8,0;10;1;zayif;63,7;11,4;-0,0;asagi;zayif;zayif;asagi;0,00;-10,56;0;119,4;-9,95;178264;185,87;SAT;NEGATIF;SAT;NEGATIF;AZALIYOR;SAT;AL;UCUZ (AL);1;05.10.2026
POLHO;izle;;17,3;5,4;7,9;4,0;10;1;zayif;33,0;38,0;31,6;asagi;zayif;zayif;asagi;0,62;-2,31;2;18,18;-0,22;22641645;21,16;SAT;NEGATIF;SAT;POZITIF;AZALIYOR;AL;AL;NOTR;3;05.10.2026
SUNTK;izle;;17,3;2,4;9,7;5,1;6;0;zayif;38,2;30,8;18,2;asagi;zayif;zayif;asagi;0,77;-3,46;3;25,04;-2,80;10599808;30,73;AL;NEGATIF;SAT;NEGATIF;AZALIYOR;AL;AL;UCUZ (AL);3;05.10.2026
EKSUN;izle;;17,3;2,4;10,8;4,0;0;0;zayif;33,0;34,4;37,3;asagi;zayif;zayif;asagi;0,47;-3,71;2;4,51;0,67;6017066;5,15;AL;NEGATIF;SAT;POZITIF;AZALIYOR;AL;AL;NOTR;4;05.10.2026
DZGYO;izle;;17,2;1,3;15,5;0,4;0;0;zayif;21,3;43,3;21,4;asagi;guclu;zayif;asagi;0,33;-1,67;1;6,7;2,29;6679826;7,34;SAT;NEGATIF;SAT;NEGATIF;AZALIYOR;AL;AL;NOTR;2;05.10.2026
GEREL;izle;;17,2;5,4;4,0;7,8;0;0;zayif;35,2;22,2;22,4;asagi;zayif;zayif;asagi;1,17;-6,06;1;17,9;-0,56;154453551;24,90;SAT;NEGATIF;SAT;NEGATIF;AZALIYOR;SAT;SAT;NOTR;0;05.10.2026
DURKN;izle;;17,2;2,4;4,0;10,8;0;0;zayif;55,4;17,8;19,4;asagi;zayif;zayif;asagi;1,11;-6,51;1;10,38;-2,99;27552028;13,32;SAT;NEGATIF;SAT;NEGATIF;AZALIYOR;AL;AL;UCUZ (AL);2;05.10.2026
KAREL;izle;;17,2;2,4;10,7;4,0;6;0;zayif;42,3;34,1;18,5;asagi;zayif;zayif;asagi;0,41;-4,26;3;6,18;-2,22;24940422;6,92;AL;NEGATIF;SAT;POZITIF;AZALIYOR;AL;AL;UCUZ (AL);4;05.10.2026
ULUFA;izle;;17,2;2,4;10,7;4,0;6;0;zayif;34,4;37,1;27,3;asagi;zayif;zayif;asagi;0,52;-2,50;3;1,46;0,00;15250077;1,59;SAT;NEGATIF;SAT;NEGATIF;AZALIYOR;AL;AL;UCUZ (AL);2;05.10.2026
YESIL;izle;;17,1;2,4;6,6;8,0;0;0;zayif;41,5;33,8;24,5;asagi;zayif;zayif;asagi;0,66;-4,15;1;0,89;2,30;10466119;0,95;SAT;NEGATIF;SAT;NEGATIF;ARTIYOR;AL;AL;UCUZ (AL);2;05.10.2026
GLRYH;izle;;17,0;2,4;4,6;10,0;0;0;zayif;44,0;26,9;13,5;asagi;zayif;zayif;asagi;1,33;-5,10;2;1,81;-1,09;25438770;2,18;SAT;NEGATIF;SAT;NEGATIF;AZALIYOR;AL;AL;UCUZ (AL);2;05.10.2026
EGEGY;izle;;17,0;2,4;10,6;4,0;0;0;zayif;45,4;33,6;45,1;asagi;zayif;zayif;asagi;0,49;-4,45;2;16,45;1,54;47027326;19,57;AL;NEGATIF;SAT;POZITIF;AZALIYOR;AL;AL;UCUZ (AL);4;05.10.2026
SNPAM;izle;;16,9;0,6;14,8;1,5;16;1;zayif;16,4;41,5;33,9;asagi;guclu;zayif;asagi;0,29;-2,31;3;18,22;1,22;207216;19,25;SAT;NEGATIF;NOTR;NEGATIF;ARTIYOR;SAT;AL;UCUZ (AL);1;05.10.2026
EYGYO;izle;;16,9;2,4;4,4;10,0;6;0;zayif;34,1;26,5;16,9;asagi;zayif;zayif;asagi;1,46;-3,43;3;1,91;-1,04;24338246;2,32;SAT;NEGATIF;SAT;NEGATIF;AZALIYOR;AL;SAT;UCUZ (AL);1;05.10.2026
CEOEM;izle;;16,9;2,4;6,4;8,0;0;0;zayif;30,5;33,1;32,3;asagi;zayif;zayif;asagi;0,51;-2,79;0;19,18;0,37;41348608;25,14;SAT;NEGATIF;SAT;NEGATIF;AZALIYOR;SAT;AL;NOTR;1;05.10.2026
BURVA;izle;;16,9;2,4;8,3;6,1;0;0;zayif;34,9;39,3;68,8;asagi;zayif;zayif;asagi;0,83;-3,34;0;444;9,97;14672868;524,89;SAT;NEGATIF;SAT;NEGATIF;AZALIYOR;AL;AL;NOTR;2;05.10.2026
SISE;izle;;16,9;1,5;15,4;0,0;10;1;zayif;23,0;42,8;34,0;asagi;guclu;zayif;asagi;0,43;-1,77;2;38,1;2,36;1373427886;41,67;SAT;NEGATIF;SAT;NEGATIF;AZALIYOR;SAT;AL;NOTR;1;05.10.2026
SARKY;izle;;16,9;1,7;11,1;4,0;0;0;zayif;24,8;41,9;44,3;asagi;zayif;zayif;asagi;0,46;-2,36;2;21,2;1,92;47138242;22,93;SAT;NEGATIF;SAT;NEGATIF;AZALIYOR;AL;AL;UCUZ (AL);2;05.10.2026
ATAGY;izle;;16,7;2,4;10,3;4,0;10;0;zayif;47,6;38,8;31,8;asagi;zayif;zayif;asagi;0,56;-2,30;4;8,78;-0,23;779822;9,69;SAT;NEGATIF;SAT;NEGATIF;AZALIYOR;AL;AL;UCUZ (AL);2;05.10.2026
BIGCH;izle;;16,7;2,4;5,4;8,8;6;0;zayif;42,8;29,8;25,6;asagi;zayif;zayif;asagi;0,99;-4,88;3;3,76;0,27;24641638;4,26;SAT;NEGATIF;SAT;NEGATIF;AZALIYOR;AL;AL;UCUZ (AL);2;05.10.2026
FZLGY;izle;;16,7;2,4;4,0;10,2;0;0;zayif;39,2;25,0;18,2;asagi;zayif;zayif;asagi;1,07;-5,55;2;5,37;1,32;120893194;6,98;SAT;NEGATIF;SAT;NEGATIF;AZALIYOR;AL;AL;UCUZ (AL);2;05.10.2026
BRKO;izle;;16,6;2,4;7,3;6,9;0;0;zayif;34,2;36,0;14,6;asagi;zayif;zayif;asagi;0,87;-5,02;2;6,89;7,15;4182816;7,69;SAT;NEGATIF;SAT;NEGATIF;AZALIYOR;AL;AL;NOTR;2;05.10.2026
TEZOL;izle;;16,6;2,4;10,1;4,0;0;0;zayif;42,4;32,0;26,1;asagi;zayif;zayif;asagi;0,66;-5,69;2;7,55;-2,08;15313144;8,19;AL;NEGATIF;SAT;NEGATIF;AZALIYOR;AL;AL;UCUZ (AL);3;05.10.2026
MSGYO;izle;;16,6;1,8;14,7;0,0;0;0;zayif;25,3;41,6;48,5;asagi;zayif;zayif;asagi;0,59;-2,05;2;5,03;-2,14;5193540;5,51;AL;NEGATIF;SAT;NEGATIF;AZALIYOR;AL;AL;NOTR;3;05.10.2026
TUKAS;izle;;16,5;1,5;15,0;0,0;16;1;zayif;22,9;42,2;52,0;asagi;guclu;zayif;asagi;0,51;-1,11;3;1,94;0,00;136121567;2,31;SAT;NEGATIF;SAT;NEGATIF;AZALIYOR;SAT;SAT;UCUZ (AL);0;05.10.2026
BTCIM;izle;;16,4;2,4;4,0;10,0;6;0;zayif;69,9;20,7;26,1;asagi;zayif;zayif;asagi;1,38;-7,05;3;1,99;-5,69;644315645;2,66;SAT;NEGATIF;SAT;NEGATIF;AZALIYOR;AL;AL;UCUZ (AL);2;05.10.2026
BSOKE;izle;;16,4;2,4;4,0;10,0;0;0;zayif;64,7;7,5;-0,0;asagi;zayif;zayif;asagi;2,30;-11,02;2;5,52;-4,00;278497761;9,39;SAT;NEGATIF;SAT;NEGATIF;AZALIYOR;AL;SAT;UCUZ (AL);1;05.10.2026
EDATA;izle;;16,4;2,4;4,0;10,0;0;0;zayif;50,2;8,7;0,0;asagi;zayif;zayif;asagi;4,25;-10,04;1;4,21;-9,85;133625387;7,32;SAT;NEGATIF;SAT;NEGATIF;AZALIYOR;AL;SAT;UCUZ (AL);1;05.10.2026
BINBN;izle;;16,4;2,4;4,0;10,0;0;0;zayif;51,9;8,2;-0,0;asagi;zayif;zayif;asagi;3,10;-8,89;2;47,12;-0,76;165007031;78,34;SAT;NEGATIF;SAT;NEGATIF;AZALIYOR;AL;SAT;UCUZ (AL);1;05.10.2026
BIGTK;izle;;16,4;2,4;4,0;10,0;0;0;zayif;49,8;15,6;-0,0;asagi;zayif;zayif;asagi;5,37;-8,62;1;70,35;-9,98;208257457;128,40;SAT;NEGATIF;SAT;NEGATIF;AZALIYOR;AL;AL;UCUZ (AL);2;05.10.2026
SEGMN;izle;;16,4;2,4;4,0;10,0;6;0;zayif;56,7;20,1;12,9;asagi;zayif;zayif;asagi;2,28;-6,19;3;19,8;10,00;118565370;27,82;SAT;NEGATIF;SAT;NEGATIF;AZALIYOR;AL;AL;NOTR;2;05.10.2026
TMPOL;izle;;16,4;2,4;4,0;10,0;0;0;zayif;50,5;13,0;0,0;asagi;zayif;zayif;asagi;8,69;-10,57;0;66,2;-9,99;298085691;129,25;SAT;NEGATIF;SAT;NEGATIF;AZALIYOR;AL;SAT;UCUZ (AL);1;05.10.2026
DUNYH;izle;;16,4;2,4;4,0;10,0;0;0;zayif;64,9;7,5;0,0;asagi;zayif;zayif;asagi;3,26;-10,31;1;25;-5,16;142199050;44,81;SAT;NEGATIF;SAT;NEGATIF;AZALIYOR;AL;AL;UCUZ (AL);2;05.10.2026
ICUGS;izle;;16,4;2,4;4,0;10,0;10;0;zayif;54,4;11,6;13,1;asagi;zayif;zayif;asagi;2,59;-9,54;4;1,13;-9,60;83645436;1,91;SAT;NEGATIF;SAT;NEGATIF;AZALIYOR;AL;SAT;UCUZ (AL);1;05.10.2026
IHAAS;izle;;16,4;2,4;4,0;10,0;0;0;zayif;43,0;10,2;12,6;asagi;zayif;zayif;asagi;2,78;-9,09;1;16,38;-3,13;59724248;25,85;SAT;NEGATIF;SAT;NEGATIF;AZALIYOR;AL;SAT;UCUZ (AL);1;05.10.2026
TEKTU;izle;;16,4;2,4;4,0;10,0;50;5;zayif;36,4;22,8;13,5;asagi;zayif;zayif;asagi;1,42;-6,42;4;4,51;-6,24;35294913;5,51;SAT;NEGATIF;SAT;NEGATIF;ARTIYOR;AL;AL;UCUZ (AL);2;05.10.2026
SANFM;izle;;16,4;2,4;4,0;10,0;10;0;zayif;50,3;21,7;30,3;asagi;zayif;zayif;asagi;1,38;-6,71;4;4,1;-6,82;44301644;5,31;SAT;NEGATIF;SAT;NEGATIF;ARTIYOR;AL;AL;UCUZ (AL);2;05.10.2026
SKYLP;izle;;16,4;2,4;4,0;10,0;0;0;zayif;60,3;16,5;36,5;asagi;zayif;zayif;asagi;3,66;-9,47;0;53,9;9,91;24152428;81,95;SAT;NEGATIF;SAT;NEGATIF;AZALIYOR;AL;AL;UCUZ (AL);2;05.10.2026
DOGUB;izle;;16,4;2,4;4,0;10,0;0;0;zayif;45,1;14,1;-0,0;asagi;zayif;zayif;asagi;1,55;-9,20;0;18;-4,61;14405292;29,38;SAT;NEGATIF;SAT;NEGATIF;AZALIYOR;AL;AL;UCUZ (AL);2;05.10.2026
OZRDN;izle;;16,4;2,4;4,0;10,0;0;0;zayif;36,7;14,4;4,8;asagi;zayif;zayif;asagi;1,56;-6,39;2;12,41;-9,94;5932948;18,94;SAT;NEGATIF;SAT;NEGATIF;AZALIYOR;SAT;SAT;NOTR;0;05.10.2026
LUKSK;izle;;16,3;2,4;6,5;7,3;6;0;zayif;42,1;33,3;26,5;asagi;zayif;zayif;asagi;0,90;-3,97;3;65;-1,52;4261075;73,44;SAT;NEGATIF;SAT;NEGATIF;AZALIYOR;AL;AL;UCUZ (AL);2;05.10.2026
DERHL;izle;;16,3;2,4;9,8;4,0;6;0;zayif;30,1;31,0;35,3;asagi;zayif;zayif;asagi;0,66;-3,89;3;1,62;-1,22;15277460;1,85;AL;NEGATIF;SAT;NEGATIF;AZALIYOR;AL;AL;UCUZ (AL);3;05.10.2026
MTRYO;izle;;16,2;2,3;13,9;0,0;10;0;zayif;28,9;43,0;71,1;asagi;guclu;zayif;asagi;0,57;-1,38;4;8;4,30;1217824;9,34;SAT;NEGATIF;SAT;NEGATIF;AZALIYOR;AL;AL;UCUZ (AL);2;05.10.2026
DIRIT;izle;;16,0;0,4;7,4;8,2;6;0;zayif;15,3;36,2;24,0;asagi;zayif;zayif;asagi;1,19;-2,87;3;20,16;-4,00;1354933;23,60;SAT;NEGATIF;NOTR;NEGATIF;AZALIYOR;AL;AL;NOTR;2;05.10.2026
MTRKS;izle;;16,0;5,4;6,3;4,2;0;0;zayif;37,3;32,8;25,1;asagi;zayif;zayif;asagi;0,71;-3,05;2;21,9;-1,97;16615639;25,27;SAT;NEGATIF;SAT;NEGATIF;AZALIYOR;AL;AL;NOTR;2;05.10.2026
IHGZT;izle;;16,0;1,9;6,1;8,0;6;0;zayif;26,0;32,0;32,1;asagi;zayif;zayif;asagi;0,59;-3,50;3;0,96;1,05;18082573;1,10;SAT;NEGATIF;SAT;NEGATIF;AZALIYOR;AL;AL;UCUZ (AL);2;05.10.2026
ISMEN;izle;;16,0;1,8;12,9;1,3;10;0;zayif;25,3;39,9;31,3;asagi;guclu;zayif;asagi;0,70;-2,40;4;30,8;2,19;146770901;33,87;SAT;NEGATIF;SAT;NEGATIF;AZALIYOR;SAT;AL;UCUZ (AL);1;05.10.2026
OSMEN;izle;;16,0;2,4;9,5;4,0;0;0;zayif;43,8;30,0;18,2;asagi;zayif;zayif;asagi;0,61;-4,58;2;5,25;-1,13;8202364;5,86;AL;NEGATIF;SAT;NEGATIF;AZALIYOR;AL;AL;UCUZ (AL);3;05.10.2026
MOGAN;izle;;16,0;5,4;10,5;0,0;0;0;zayif;38,5;33,4;49,4;asagi;zayif;zayif;asagi;0,58;-4,06;1;9,52;-2,26;110395043;11,92;AL;NEGATIF;SAT;POZITIF;ARTIYOR;AL;AL;NOTR;4;05.10.2026
KZBGY;izle;;15,9;2,4;9,5;4,0;6;0;zayif;46,0;29,8;35,7;asagi;zayif;zayif;asagi;0,55;-5,30;3;1,42;-1,39;28144041;1,60;AL;NEGATIF;SAT;NEGATIF;ARTIYOR;AL;AL;UCUZ (AL);3;05.10.2026
ORCAY;izle;;15,9;2,4;5,9;7,5;0;0;zayif;34,7;31,3;29,9;asagi;zayif;zayif;asagi;0,91;-3,73;2;2,51;1,21;4128463;2,82;SAT;NEGATIF;SAT;NEGATIF;AZALIYOR;AL;AL;UCUZ (AL);2;05.10.2026
ADESE;izle;;15,8;2,4;4,6;8,8;10;0;zayif;42,0;26,8;14,1;asagi;zayif;zayif;asagi;0,99;-4,79;4;0,63;-4,55;83682158;0,74;SAT;NEGATIF;SAT;NEGATIF;ARTIYOR;AL;AL;UCUZ (AL);2;05.10.2026
GRTHO;izle;;15,8;2,4;5,1;8,2;0;0;zayif;34,4;28,8;37,0;asagi;zayif;zayif;asagi;1,19;-5,16;1;108,5;-9,96;251622242;158,68;SAT;NEGATIF;SAT;NEGATIF;ARTIYOR;AL;AL;UCUZ (AL);2;05.10.2026
ULAS;izle;;15,8;2,4;8,0;5,4;6;0;zayif;36,3;38,2;27,7;asagi;zayif;zayif;asagi;0,78;-3,05;3;16,16;2,80;2525162;17,13;SAT;NEGATIF;SAT;NEGATIF;ARTIYOR;AL;AL;UCUZ (AL);2;05.10.2026
AKSUE;izle;;15,8;2,4;8,4;5,0;0;0;zayif;58,1;26,3;17,3;asagi;zayif;zayif;asagi;0,76;-6,77;2;15,8;4,77;34412558;20,79;AL;NEGATIF;SAT;NEGATIF;AZALIYOR;AL;AL;UCUZ (AL);3;05.10.2026
ASUZU;izle;;15,7;1,5;10,2;4,0;0;0;zayif;23,0;35,9;65,1;asagi;zayif;zayif;asagi;0,40;-3,23;2;42,6;-0,70;5986322;46,95;SAT;NEGATIF;SAT;NEGATIF;AZALIYOR;AL;AL;UCUZ (AL);2;05.10.2026
BANVT;izle;;15,7;1,0;10,7;4,0;0;0;zayif;19,3;38,4;49,5;asagi;zayif;zayif;asagi;0,40;-2,52;1;133,8;0,38;5971895;144,68;SAT;NEGATIF;NOTR;NEGATIF;AZALIYOR;AL;AL;UCUZ (AL);2;05.10.2026
BORSK;izle;;15,6;2,4;13,1;0,0;6;0;zayif;36,1;40,2;31,9;asagi;guclu;zayif;asagi;0,32;-1,57;3;5,54;-0,36;14720871;6,24;SAT;NEGATIF;SAT;NEGATIF;AZALIYOR;AL;AL;NOTR;2;05.10.2026
SONME;izle;;15,6;1,2;14,4;0,0;6;0;zayif;20,6;42,1;25,7;asagi;guclu;zayif;asagi;0,55;-1,08;3;120;-2,28;2082600;133,11;SAT;NEGATIF;SAT;NEGATIF;ARTIYOR;AL;AL;UCUZ (AL);2;05.10.2026
AGYO;izle;;15,5;1,1;10,4;4,0;0;0;zayif;19,7;34,3;16,6;asagi;guclu;zayif;asagi;0,48;-1,99;2;6,62;0,00;998581;7,61;SAT;NEGATIF;NOTR;NEGATIF;AZALIYOR;SAT;AL;NOTR;1;05.10.2026
RAYSG;izle;;15,5;2,4;13,0;0,0;0;0;zayif;31,6;39,2;33,1;asagi;zayif;zayif;asagi;0,55;-2,98;1;131,8;-0,30;9112784;141,98;AL;NEGATIF;SAT;NEGATIF;AZALIYOR;AL;AL;UCUZ (AL);3;05.10.2026
ZOREN;izle;;15,5;2,4;5,1;8,0;10;0;zayif;37,4;28,6;4,4;asagi;zayif;zayif;asagi;1,18;-3,74;5;1,89;-1,05;202831706;2,25;SAT;NEGATIF;SAT;NEGATIF;ARTIYOR;SAT;AL;UCUZ (AL);1;05.10.2026
PSGYO;izle;;15,5;2,4;4,0;9,0;0;0;zayif;44,8;22,3;23,9;asagi;zayif;zayif;asagi;0,76;-6,23;1;1,67;-1,18;183113992;2,12;SAT;NEGATIF;SAT;NEGATIF;AZALIYOR;AL;AL;UCUZ (AL);2;05.10.2026
EGEPO;izle;;15,5;2,4;8,0;5,0;0;0;zayif;60,6;21,7;23,5;asagi;zayif;zayif;asagi;1,00;-7,63;2;6,39;-9,87;39272461;8,92;AL;NEGATIF;SAT;NEGATIF;ARTIYOR;AL;AL;UCUZ (AL);3;05.10.2026
INFO;izle;;15,4;2,4;4,9;8,0;0;0;zayif;45,1;28,2;28,7;asagi;zayif;zayif;asagi;0,06;-6,64;0;1,05;9,38;2922199;1,30;SAT;NEGATIF;SAT;NEGATIF;AZALIYOR;AL;AL;UCUZ (AL);2;05.10.2026
ATLAS;izle;;15,4;1,2;10,2;4,0;28;2;zayif;20,6;44,8;28,0;asagi;zayif;zayif;asagi;0,47;-1,78;3;5,39;4,26;3213184;6,03;SAT;NEGATIF;SAT;NEGATIF;AZALIYOR;AL;AL;NOTR;2;05.10.2026
SELVA;izle;;15,3;2,4;9,0;3,9;6;0;zayif;40,0;28,3;22,5;asagi;zayif;zayif;asagi;0,93;-5,41;3;1,17;-2,50;18068998;1,30;AL;NEGATIF;SAT;NEGATIF;ARTIYOR;AL;AL;UCUZ (AL);3;05.10.2026
VKFYO;izle;;15,2;0,9;7,4;6,8;0;0;zayif;18,9;36,5;32,3;asagi;zayif;zayif;asagi;1,11;-3,50;0;17,59;2,57;3459548;20,39;SAT;NEGATIF;NOTR;NEGATIF;ARTIYOR;AL;AL;UCUZ (AL);2;05.10.2026
LINK;izle;;15,2;2,4;6,0;6,8;0;0;zayif;47,0;31,6;27,2;asagi;zayif;zayif;asagi;0,87;-4,67;2;3,74;-4,10;55887676;4,26;SAT;NEGATIF;SAT;NEGATIF;ARTIYOR;AL;AL;UCUZ (AL);2;05.10.2026
PKENT;izle;;15,1;2,4;5,2;7,4;0;0;zayif;39,4;29,2;21,5;asagi;zayif;zayif;asagi;0,91;-4,61;1;96,9;0,10;11183423;104,22;SAT;NEGATIF;SAT;NEGATIF;AZALIYOR;AL;AL;UCUZ (AL);2;05.10.2026
REEDR;izle;;15,1;2,4;4,0;8,7;0;0;zayif;40,7;22,6;7,4;asagi;zayif;zayif;asagi;1,22;-5,71;2;3,54;6,63;131187759;4,20;SAT;NEGATIF;SAT;NEGATIF;ARTIYOR;AL;AL;UCUZ (AL);2;05.10.2026
MARMR;izle;;15,0;2,4;4,6;8,0;6;0;zayif;40,0;26,8;23,2;asagi;zayif;zayif;asagi;1,18;-4,54;3;1,47;-0,68;92308956;1,79;SAT;NEGATIF;SAT;NEGATIF;AZALIYOR;AL;AL;NOTR;2;05.10.2026
PNLSN;izle;;15,0;2,4;10,7;1,8;10;0;zayif;37,9;34,0;20,7;asagi;zayif;zayif;asagi;0,81;-3,59;4;33,26;-2,23;13461187;36,31;AL;NEGATIF;SAT;NEGATIF;AZALIYOR;AL;AL;NOTR;3;05.10.2026
DAGI;izle;;14,9;5,4;5,5;4,0;0;0;zayif;49,2;29,9;23,2;asagi;zayif;zayif;asagi;0,69;-3,84;1;5,57;0,00;23334056;6,80;SAT;NEGATIF;SAT;NEGATIF;AZALIYOR;AL;AL;NOTR;2;05.10.2026
ASGYO;izle;;14,9;1,6;12,8;0,5;0;0;zayif;23,9;38,5;30,1;asagi;guclu;zayif;asagi;0,73;-2,29;2;9,96;-0,10;21973662;10,89;SAT;NEGATIF;SAT;POZITIF;AZALIYOR;AL;AL;NOTR;3;05.10.2026
AVHOL;izle;;14,8;2,4;5,5;6,8;10;0;zayif;47,7;30,1;18,8;asagi;zayif;zayif;asagi;0,87;-4,02;4;26,3;1,47;32521449;29,81;SAT;NEGATIF;SAT;NEGATIF;AZALIYOR;AL;AL;UCUZ (AL);2;05.10.2026
OYAYO;izle;;14,8;1,8;5,8;7,3;0;0;zayif;25,0;30,9;22,8;asagi;zayif;zayif;asagi;0,90;-3,61;2;31,78;2,52;2235755;37,61;SAT;NEGATIF;SAT;NEGATIF;AZALIYOR;AL;AL;UCUZ (AL);2;05.10.2026
TBORG;izle;;14,7;1,3;12,5;1,0;10;0;zayif;21,6;40,1;45,9;asagi;guclu;zayif;asagi;0,76;-1,97;4;125,3;-0,87;13765458;135,88;SAT;NEGATIF;SAT;NEGATIF;AZALIYOR;AL;AL;UCUZ (AL);2;05.10.2026
MOBTL;izle;;14,7;5,4;7,6;1,6;0;0;zayif;37,4;36,9;47,8;asagi;zayif;zayif;asagi;0,80;-2,96;1;10,06;-1,95;29357806;11,94;SAT;NEGATIF;SAT;POZITIF;AZALIYOR;AL;AL;NOTR;3;05.10.2026
PETUN;izle;;14,6;1,4;13,1;0,0;38;3;zayif;22,6;39,9;47,3;asagi;guclu;zayif;asagi;0,59;-1,89;3;10,19;0,89;11931175;11,36;SAT;NEGATIF;SAT;NEGATIF;ARTIYOR;SAT;AL;NOTR;1;05.10.2026
BRYAT;izle;;14,5;2,3;12,2;0,0;0;0;zayif;28,9;41,1;29,7;asagi;zayif;zayif;asagi;0,61;-2,51;2;1503;-1,76;53882550;1605,51;SAT;NEGATIF;SAT;NEGATIF;AZALIYOR;AL;AL;UCUZ (AL);2;05.10.2026
TRILC;izle;;14,5;2,4;5,5;6,6;6;0;zayif;57,8;29,9;17,8;asagi;zayif;zayif;asagi;0,86;-8,35;3;0,8;3,90;2282812;0,83;SAT;NEGATIF;SAT;NEGATIF;AZALIYOR;AL;AL;UCUZ (AL);2;05.10.2026
ALTNY;izle;;14,5;2,4;8,1;4,0;0;0;zayif;30,0;38,5;30,0;asagi;zayif;zayif;asagi;0,49;-2,63;1;13,18;0,15;163627565;14,55;SAT;NEGATIF;SAT;NEGATIF;AZALIYOR;AL;AL;NOTR;2;05.10.2026
KLRHO;izle;;14,4;2,4;4,0;8,0;0;0;zayif;58,8;18,5;4,5;asagi;zayif;zayif;asagi;0,34;-10,45;0;12,39;9,94;43258942;15,51;SAT;NEGATIF;SAT;NEGATIF;AZALIYOR;AL;AL;UCUZ (AL);2;05.10.2026
DCTTR;izle;;14,4;2,4;8,0;4,0;0;0;zayif;52,5;22,4;11,3;asagi;zayif;zayif;asagi;0,44;-8,23;2;3,49;0,58;16217730;4,28;AL;NEGATIF;SAT;NEGATIF;AZALIYOR;AL;AL;UCUZ (AL);3;05.10.2026
PEKGY;izle;;14,4;2,4;4,0;8,0;0;0;zayif;43,8;11,5;-0,0;asagi;zayif;zayif;asagi;0,05;-11,38;0;2,7;-10,00;8709020;4,54;SAT;NEGATIF;SAT;NEGATIF;AZALIYOR;AL;SAT;UCUZ (AL);1;05.10.2026
TERA;izle;;14,4;2,4;4,0;8,0;10;1;zayif;46,5;13,4;78,8;asagi;zayif;zayif;asagi;0,00;-10,34;0;57,15;-9,93;807072;87,00;SAT;NEGATIF;SAT;NEGATIF;AZALIYOR;SAT;AL;UCUZ (AL);1;05.10.2026
MOPAS;izle;;14,4;2,4;4,0;8,0;6;0;zayif;55,8;21,5;14,1;asagi;zayif;zayif;asagi;0,94;-6,30;3;18,98;-2,01;31622939;21,58;SAT;NEGATIF;SAT;NEGATIF;AZALIYOR;AL;AL;UCUZ (AL);2;05.10.2026
IHEVA;izle;;14,4;2,3;8,1;4,0;0;0;zayif;28,6;36,4;29,2;asagi;zayif;zayif;asagi;0,18;-2,57;2;1,65;-0,60;521171;1,86;SAT;NEGATIF;SAT;NEGATIF;AZALIYOR;AL;AL;UCUZ (AL);2;05.10.2026
OZGYO;izle;;14,2;2,4;7,8;4,0;0;0;zayif;36,0;37,6;14,1;asagi;zayif;zayif;asagi;0,58;-2,97;2;1,68;1,20;11086048;1,81;SAT;NEGATIF;SAT;NEGATIF;AZALIYOR;AL;AL;NOTR;2;05.10.2026
CATES;izle;;14,2;5,4;4,8;4,0;0;0;zayif;47,4;27,6;20,5;asagi;zayif;zayif;asagi;0,39;-4,54;1;31,26;-2,92;29205562;41,78;SAT;NEGATIF;SAT;NEGATIF;AZALIYOR;AL;AL;NOTR;2;05.10.2026
MHRGY;izle;;14,2;2,4;7,7;4,1;32;2;zayif;32,4;37,4;23,3;asagi;zayif;zayif;asagi;0,70;-3,02;4;1,8;-5,76;9578810;2,01;SAT;NEGATIF;SAT;NEGATIF;ARTIYOR;AL;AL;UCUZ (AL);2;05.10.2026
GWIND;izle;;14,2;2,4;10,7;1,1;0;0;zayif;32,9;36,9;32,4;asagi;zayif;zayif;asagi;0,76;-3,21;2;20,36;-0,20;46117579;22,00;SAT;NEGATIF;SAT;NEGATIF;AZALIYOR;AL;AL;NOTR;2;05.10.2026
SAMAT;izle;;14,1;2,4;6,5;5,2;0;0;zayif;44,7;33,3;30,6;asagi;zayif;zayif;asagi;0,77;-3,33;2;3,99;2,31;2895894;4,66;SAT;NEGATIF;SAT;NEGATIF;ARTIYOR;AL;AL;UCUZ (AL);2;05.10.2026
IHYAY;izle;;14,1;1,5;8,6;4,0;0;0;zayif;22,9;38,2;30,0;asagi;zayif;zayif;asagi;0,51;-2,91;1;1,04;0,00;1831851;1,20;SAT;NEGATIF;SAT;NEGATIF;AZALIYOR;AL;AL;UCUZ (AL);2;05.10.2026
INTEK;izle;;14,0;2,4;11,6;0,0;6;0;zayif;36,4;36,8;24,5;asagi;zayif;zayif;asagi;0,59;-4,74;3;178;-2,20;779640;193,34;AL;NEGATIF;SAT;POZITIF;ARTIYOR;AL;AL;UCUZ (AL);4;05.10.2026
DOAS;izle;;14,0;2,4;6,6;4,9;6;0;zayif;37,8;31,7;29,8;asagi;zayif;zayif;asagi;0,99;-4,41;3;145,8;2,46;122957951;156,39;SAT;NEGATIF;SAT;NEGATIF;AZALIYOR;SAT;AL;UCUZ (AL);1;05.10.2026
TATEN;izle;;13,9;2,4;8,6;2,8;0;0;zayif;42,8;27,0;50,9;asagi;zayif;zayif;asagi;0,87;-6,47;2;4,78;-1,24;81581732;5,77;AL;NEGATIF;SAT;NEGATIF;AZALIYOR;AL;AL;UCUZ (AL);3;05.10.2026
VBTYZ;izle;;13,9;5,4;5,6;2,8;46;4;zayif;37,4;30,4;26,1;asagi;zayif;zayif;asagi;0,87;-3,36;3;24,1;-2,19;32665526;30,01;SAT;NEGATIF;SAT;NEGATIF;AZALIYOR;AL;AL;NOTR;2;05.10.2026
SURGY;izle;;13,9;2,4;8,0;3,4;10;0;zayif;46,3;16,6;21,7;asagi;zayif;zayif;asagi;0,91;-9,57;4;20,32;-2,87;38243358;24,45;AL;NEGATIF;SAT;NEGATIF;ARTIYOR;AL;AL;UCUZ (AL);3;05.10.2026
GOZDE;izle;;13,9;2,4;7,4;4,0;0;0;zayif;29,7;35,1;31,3;asagi;zayif;zayif;asagi;0,47;-2,74;0;19,36;0,47;12391620;21,60;SAT;NEGATIF;SAT;NEGATIF;AZALIYOR;AL;AL;NOTR;2;05.10.2026
GEDIK;izle;;13,8;2,0;11,8;0,0;0;0;zayif;26,7;37,8;55,1;asagi;zayif;zayif;asagi;0,28;-2,89;2;5;0,00;12544880;5,57;AL;NEGATIF;SAT;NEGATIF;AZALIYOR;AL;AL;NOTR;3;05.10.2026
CUSAN;izle;;13,8;2,4;7,4;4,0;0;0;zayif;35,8;36,2;21,7;asagi;zayif;zayif;asagi;0,70;-2,79;2;19,25;2,18;7311246;21,54;SAT;NEGATIF;SAT;NEGATIF;AZALIYOR;AL;AL;NOTR;2;05.10.2026
YUNSA;izle;;13,8;2,4;11,3;0,0;0;0;zayif;42,9;36,2;36,2;asagi;zayif;zayif;asagi;0,67;-3,84;2;6,48;-0,61;19527383;7,10;AL;NEGATIF;SAT;NEGATIF;AZALIYOR;AL;AL;NOTR;3;05.10.2026
BARMA;izle;;13,7;2,4;8,0;3,3;6;0;zayif;58,6;23,5;25,0;asagi;zayif;zayif;asagi;0,90;-14,83;3;5,75;2,86;3409342;7,60;AL;NEGATIF;SAT;NEGATIF;AZALIYOR;SAT;SAT;UCUZ (AL);1;05.10.2026
DESPC;izle;;13,6;2,4;7,2;4,0;0;0;zayif;36,2;35,6;32,9;asagi;zayif;zayif;asagi;0,45;-3,03;2;30,98;0,32;4985983;35,40;SAT;NEGATIF;SAT;NEGATIF;AZALIYOR;AL;AL;UCUZ (AL);2;05.10.2026
ARASE;izle;;13,6;5,9;7,7;0,0;40;4;zayif;34,3;34,9;29,4;asagi;zayif;zayif;asagi;0,59;-2,37;2;98,2;-0,15;17490402;114,16;SAT;NEGATIF;SAT;NEGATIF;AZALIYOR;AL;AL;NOTR;2;05.10.2026
BOBET;izle;;13,6;2,4;7,2;4,0;6;0;zayif;32,8;35,5;24,4;asagi;zayif;zayif;asagi;0,47;-2,69;3;15,97;-3,68;35018138;19,44;SAT;NEGATIF;SAT;NEGATIF;AZALIYOR;AL;AL;UCUZ (AL);2;05.10.2026
CVKMD;izle;;13,5;5,4;7,2;0,9;0;0;zayif;39,2;35,8;40,2;asagi;zayif;zayif;asagi;0,75;-2,59;1;12,45;-3,19;299679182;14,99;SAT;NEGATIF;SAT;NEGATIF;AZALIYOR;AL;AL;NOTR;2;05.10.2026
FADE;izle;;13,3;2,4;6,8;4,0;0;0;zayif;39,9;34,5;30,1;asagi;zayif;zayif;asagi;0,60;-3,82;2;11,94;1,62;10313223;13,03;SAT;NEGATIF;SAT;NEGATIF;AZALIYOR;AL;AL;NOTR;2;05.10.2026
BMSTL;izle;;13,3;4,5;8,8;0,0;32;2;zayif;22,7;38,3;24,6;asagi;zayif;zayif;asagi;0,36;-1,81;4;38,84;-3,43;60821925;45,76;SAT;NEGATIF;SAT;NEGATIF;AZALIYOR;SAT;AL;NOTR;1;05.10.2026
SEGYO;izle;;13,3;2,4;10,8;0,0;0;0;zayif;39,9;34,4;51,7;asagi;zayif;zayif;asagi;0,62;-4,12;1;2,83;-2,41;7647551;3,22;AL;NEGATIF;SAT;POZITIF;AZALIYOR;AL;AL;UCUZ (AL);4;05.10.2026
MERCN;izle;;13,2;2,4;4,0;6,7;6;0;zayif;42,1;25,2;28,4;asagi;zayif;zayif;asagi;1,10;-5,91;3;10,92;-5,04;76650461;14,37;SAT;NEGATIF;SAT;NEGATIF;AZALIYOR;AL;AL;UCUZ (AL);2;05.10.2026
PARSN;izle;;13,1;2,4;6,7;4,0;0;0;zayif;37,3;31,7;23,1;asagi;zayif;zayif;asagi;0,46;-3,95;2;60,35;0,42;7207238;65,53;SAT;NEGATIF;SAT;NEGATIF;AZALIYOR;AL;AL;UCUZ (AL);2;05.10.2026
BFREN;izle;;13,1;2,4;10,7;0,0;0;0;zayif;29,7;38,6;33,5;asagi;zayif;zayif;asagi;0,38;-2,75;2;110,4;0,09;8278123;114,99;SAT;NEGATIF;SAT;NEGATIF;AZALIYOR;AL;AL;UCUZ (AL);2;05.10.2026
FENER;izle;;13,1;2,4;6,6;4,0;0;0;zayif;33,9;33,8;27,0;asagi;zayif;zayif;asagi;0,62;-3,58;2;2,43;1,25;138363381;2,62;SAT;NEGATIF;SAT;NEGATIF;AZALIYOR;AL;AL;NOTR;2;05.10.2026
KBORU;izle;;13,0;2,4;10,6;0,0;0;0;zayif;37,2;33,6;55,2;asagi;zayif;zayif;asagi;0,51;-4,41;1;12,12;-1,86;76524941;15,54;AL;NEGATIF;SAT;POZITIF;AZALIYOR;AL;AL;NOTR;4;05.10.2026
DENGE;izle;;13,0;2,0;7,0;4,0;0;0;zayif;27,0;35,0;19,8;asagi;zayif;zayif;asagi;0,53;-3,13;1;1,84;2,22;19619749;2,02;SAT;NEGATIF;SAT;NEGATIF;ARTIYOR;AL;AL;UCUZ (AL);2;05.10.2026
DARDL;izle;;13,0;2,4;4,3;6,2;46;4;zayif;50,5;26,1;20,0;asagi;zayif;zayif;asagi;1,07;-5,40;3;1,15;-3,36;17801652;1,30;SAT;NEGATIF;SAT;NEGATIF;ARTIYOR;AL;AL;UCUZ (AL);2;05.10.2026
KMPUR;izle;;12,9;2,4;6,5;4,0;0;0;zayif;42,8;33,2;28,4;asagi;zayif;zayif;asagi;0,40;-3,13;1;14,59;-0,14;12349414;17,15;SAT;NEGATIF;SAT;NEGATIF;AZALIYOR;AL;AL;NOTR;2;05.10.2026
SASA;izle;;12,9;1,9;7,0;4,0;0;0;zayif;26,3;34,9;16,8;asagi;zayif;zayif;asagi;0,41;-2,71;2;1,94;0,52;3904334021;2,30;SAT;NEGATIF;SAT;NEGATIF;AZALIYOR;AL;AL;NOTR;2;05.10.2026
YYAPI;izle;;12,9;2,4;6,5;4,0;10;0;zayif;66,6;33,2;17,7;asagi;zayif;zayif;asagi;0,68;-6,66;4;0,59;5,36;1512713;0,60;SAT;NEGATIF;SAT;NEGATIF;ARTIYOR;AL;AL;UCUZ (AL);2;05.10.2026
MEGAP;izle;;12,8;2,4;0,4;10,0;10;0;zayif;52,4;18,2;11,7;asagi;zayif;zayif;asagi;1,91;-8,26;6;1,2;-4,00;1694935;1,39;SAT;NEGATIF;SAT;NEGATIF;ARTIYOR;SAT;SAT;UCUZ (AL);0;05.10.2026
KONTR;izle;;12,7;2,4;6,3;4,0;0;0;zayif;50,0;32,7;21,6;asagi;zayif;zayif;asagi;0,94;-7,71;1;2,2;-5,98;11113225;2,49;SAT;NEGATIF;SAT;NEGATIF;AZALIYOR;AL;AL;UCUZ (AL);2;05.10.2026
TARKM;izle;;12,7;5,4;6,2;1,0;6;0;zayif;30,7;32,4;29,4;asagi;zayif;zayif;asagi;0,76;-3,11;3;375,5;0,13;43907966;450,87;SAT;NEGATIF;SAT;NEGATIF;AZALIYOR;AL;AL;NOTR;2;05.10.2026
PLTUR;izle;;12,6;2,4;6,2;4,0;6;0;zayif;34,2;32,2;22,8;asagi;zayif;zayif;asagi;0,32;-3,99;3;15,6;0,26;7024805;17,27;SAT;NEGATIF;SAT;NEGATIF;ARTIYOR;AL;AL;UCUZ (AL);2;05.10.2026
MNDTR;izle;;12,6;2,4;6,1;4,0;0;0;zayif;43,3;32,1;19,0;asagi;zayif;zayif;asagi;0,61;-3,74;2;4,13;1,23;3675692;4,57;SAT;NEGATIF;SAT;NEGATIF;AZALIYOR;AL;AL;UCUZ (AL);2;05.10.2026
INTEM;izle;;12,5;2,4;6,1;4,0;0;0;zayif;35,6;32,0;31,2;asagi;zayif;zayif;asagi;0,55;-3,35;1;199,9;-0,10;4957520;226,23;SAT;NEGATIF;SAT;NEGATIF;AZALIYOR;AL;AL;NOTR;2;05.10.2026
ARMGD;izle;;12,5;5,4;7,0;0,0;0;0;zayif;34,1;35,1;38,5;asagi;zayif;zayif;asagi;0,39;-3,38;2;115,8;9,97;108556015;155,09;SAT;NEGATIF;SAT;NEGATIF;AZALIYOR;SAT;SAT;NOTR;0;05.10.2026
BRKVY;izle;;12,4;2,4;6,0;4,0;0;0;zayif;39,1;31,6;26,0;asagi;zayif;zayif;asagi;0,53;-4,20;2;53,25;0,09;11625380;61,31;SAT;NEGATIF;SAT;NEGATIF;AZALIYOR;AL;AL;UCUZ (AL);2;05.10.2026
ADEL;izle;;12,4;2,4;6,0;4,0;6;0;zayif;30,0;31,5;26,8;asagi;zayif;zayif;asagi;0,44;-3,50;3;24,7;-1,12;22332085;28,51;SAT;NEGATIF;SAT;NEGATIF;AZALIYOR;AL;AL;NOTR;2;05.10.2026
AHSGY;izle;;12,4;2,4;4,0;5,9;40;4;zayif;33,6;22,4;11,8;asagi;zayif;zayif;asagi;1,05;-6,20;2;7,23;5,86;47981447;10,58;SAT;NEGATIF;SAT;NEGATIF;AZALIYOR;SAT;AL;UCUZ (AL);1;05.10.2026
ADGYO;izle;;12,3;5,4;6,9;0,0;6;0;zayif;29,4;34,8;28,7;asagi;zayif;zayif;asagi;0,53;-2,42;3;45,48;-0,83;33205858;56,03;SAT;NEGATIF;SAT;NEGATIF;AZALIYOR;SAT;AL;UCUZ (AL);1;05.10.2026
ZEDUR;izle;;12,3;2,4;4,0;5,8;10;0;zayif;56,3;24,2;28,5;asagi;zayif;zayif;asagi;1,05;-4,79;5;5,64;-1,05;6823125;6,37;SAT;NEGATIF;SAT;NEGATIF;AZALIYOR;AL;AL;UCUZ (AL);2;05.10.2026
KLSER;izle;;12,3;2,4;5,8;4,0;0;0;zayif;38,3;31,1;22,6;asagi;zayif;zayif;asagi;0,51;-5,06;2;19,15;0,05;8832095;20,77;SAT;NEGATIF;SAT;NEGATIF;AZALIYOR;AL;AL;UCUZ (AL);2;05.10.2026
KLKIM;izle;;12,2;2,4;9,8;0,0;6;0;zayif;30,3;35,1;32,1;asagi;zayif;zayif;asagi;0,68;-2,93;3;22,76;0,26;21565988;25,07;SAT;NEGATIF;SAT;NEGATIF;AZALIYOR;AL;AL;UCUZ (AL);2;05.10.2026
KLMSN;izle;;12,2;2,4;5,0;4,8;0;0;zayif;39,3;28,2;28,5;asagi;zayif;zayif;asagi;0,75;-4,22;2;21,84;0,28;9552183;24,70;SAT;NEGATIF;SAT;NEGATIF;AZALIYOR;AL;AL;UCUZ (AL);2;05.10.2026
SILVR;izle;;12,2;2,4;5,8;4,0;0;0;zayif;47,8;30,9;11,4;asagi;zayif;zayif;asagi;0,43;-3,44;2;1,71;1,18;1266517;1,92;SAT;NEGATIF;SAT;NEGATIF;AZALIYOR;AL;AL;UCUZ (AL);2;05.10.2026
SAYAS;izle;;12,1;5,4;6,6;0,0;0;0;zayif;31,8;33,7;29,9;asagi;zayif;zayif;asagi;0,66;-2,97;1;41,78;-2,20;39515942;47,70;SAT;NEGATIF;SAT;NEGATIF;AZALIYOR;AL;AL;NOTR;2;05.10.2026
GENIL;izle;;12,0;2,4;4,0;5,6;40;5;zayif;46,9;19,8;5,0;asagi;zayif;zayif;asagi;1,03;-6,05;2;4,77;-10,00;290268734;7,27;SAT;NEGATIF;SAT;NEGATIF;AZALIYOR;SAT;SAT;UCUZ (AL);0;05.10.2026
KCAER;izle;;12,0;2,4;4,0;5,5;0;0;zayif;51,2;24,6;36,9;asagi;zayif;zayif;asagi;0,79;-4,61;1;10,52;0,19;120764172;12,28;SAT;NEGATIF;SAT;NEGATIF;AZALIYOR;AL;AL;NOTR;2;05.10.2026
SMART;izle;;11,9;2,2;5,8;4,0;0;0;zayif;27,9;30,8;35,8;asagi;zayif;zayif;asagi;0,70;-4,38;2;16,83;2,81;9238828;18,27;SAT;NEGATIF;SAT;NEGATIF;ARTIYOR;AL;AL;NOTR;2;05.10.2026
ODINE;izle;;11,9;2,4;8,0;1,4;0;0;zayif;54,4;13,5;-0,0;asagi;zayif;zayif;asagi;0,79;-12,68;0;145,6;-9,96;1331512;318,89;AL;NEGATIF;SAT;NEGATIF;AZALIYOR;AL;SAT;UCUZ (AL);2;05.10.2026
AKYHO;izle;;11,9;2,4;6,3;3,1;0;0;zayif;38,7;32,8;40,9;asagi;zayif;zayif;asagi;0,89;-3,44;1;1,6;1,27;2475744;1,92;SAT;NEGATIF;SAT;NEGATIF;AZALIYOR;AL;AL;UCUZ (AL);2;05.10.2026
VAKFA;izle;;11,9;2,4;5,2;4,2;0;0;zayif;38,7;29,1;51,7;asagi;zayif;zayif;asagi;0,71;-3,87;2;9,03;0,11;42271805;10,33;SAT;NEGATIF;SAT;NEGATIF;AZALIYOR;AL;AL;UCUZ (AL);2;05.10.2026
IDGYO;izle;;11,8;2,4;5,6;3,7;6;0;zayif;43,0;30,4;36,6;asagi;zayif;zayif;asagi;0,92;-4,49;3;2,1;-0,94;2850280;2,61;SAT;NEGATIF;SAT;NEGATIF;ARTIYOR;AL;AL;UCUZ (AL);2;05.10.2026
CGCAM;izle;;11,8;2,4;4,8;4,5;6;0;zayif;54,7;27,8;33,1;asagi;zayif;zayif;asagi;0,97;-5,80;3;21,26;-0,65;48799056;24,42;SAT;NEGATIF;SAT;NEGATIF;AZALIYOR;AL;AL;UCUZ (AL);2;05.10.2026
ENSRI;izle;;11,8;2,4;4,0;5,3;0;0;zayif;37,6;24,4;27,8;asagi;zayif;zayif;asagi;0,78;-8,21;2;3;0,67;27740592;3,53;SAT;NEGATIF;SAT;NEGATIF;AZALIYOR;AL;AL;UCUZ (AL);2;05.10.2026
BOSSA;izle;;11,7;1,0;10,7;0,0;6;0;zayif;19,4;35,1;66,3;asagi;guclu;zayif;asagi;0,17;-1,91;3;5,88;0,00;3643001;6,69;SAT;NEGATIF;NOTR;NEGATIF;ARTIYOR;SAT;AL;NOTR;1;05.10.2026
YIGIT;izle;;11,7;2,4;5,2;4,0;0;0;zayif;39,4;29,0;28,7;asagi;zayif;zayif;asagi;0,62;-4,49;2;16,91;0,71;27832237;18,91;SAT;NEGATIF;SAT;NEGATIF;AZALIYOR;AL;AL;UCUZ (AL);2;05.10.2026
ODAS;izle;;11,6;5,1;6,5;0,0;40;4;zayif;27,6;33,4;42,6;asagi;zayif;zayif;asagi;0,42;-3,02;2;6,06;-0,33;163702089;7,03;SAT;NEGATIF;SAT;NEGATIF;AZALIYOR;SAT;AL;NOTR;1;05.10.2026
BESLR;izle;;11,6;2,4;8,7;0,5;0;0;zayif;30,3;34,4;46,2;asagi;zayif;zayif;asagi;0,73;-3,45;1;11,02;0,64;17340201;12,14;SAT;NEGATIF;SAT;NEGATIF;AZALIYOR;AL;AL;NOTR;2;05.10.2026
ARTMS;izle;;11,6;1,0;10,6;0,0;6;0;zayif;19,1;39,5;36,5;asagi;zayif;zayif;asagi;0,58;-1,59;3;34,26;-0,98;14322941;40,58;SAT;NEGATIF;NOTR;POZITIF;AZALIYOR;SAT;AL;NOTR;2;05.10.2026
DERIM;izle;;11,5;2,1;5,4;4,0;6;0;zayif;27,5;29,8;38,5;asagi;zayif;zayif;asagi;0,64;-3,91;3;26,76;-3,74;5390240;30,83;SAT;NEGATIF;SAT;NEGATIF;AZALIYOR;AL;AL;UCUZ (AL);2;05.10.2026
GZNMI;izle;;11,5;2,4;4,0;5,0;6;0;zayif;49,4;21,9;20,1;asagi;zayif;zayif;asagi;0,76;-5,89;3;30,88;0,59;27352516;38,04;SAT;NEGATIF;SAT;NEGATIF;AZALIYOR;AL;AL;NOTR;2;05.10.2026
IMASM;izle;;11,4;2,4;5,0;4,0;6;0;zayif;30,1;28,3;21,2;asagi;zayif;zayif;asagi;0,48;-5,46;3;1,61;-1,23;16694803;1,81;SAT;NEGATIF;SAT;NEGATIF;AZALIYOR;AL;AL;UCUZ (AL);2;05.10.2026
UNLU;izle;;11,4;2,4;9,0;0,0;10;1;zayif;30,9;40,4;53,9;asagi;zayif;zayif;asagi;0,67;-1,44;2;10,09;-1,85;70025548;13,62;SAT;NEGATIF;SAT;NEGATIF;AZALIYOR;SAT;SAT;UCUZ (AL);0;05.10.2026
ECOGR;izle;;11,4;5,1;6,3;0,0;16;1;zayif;27,6;32,5;13,1;asagi;zayif;zayif;asagi;0,54;-3,39;3;26,3;-1,72;72008848;32,34;SAT;NEGATIF;SAT;NEGATIF;AZALIYOR;SAT;AL;NOTR;1;05.10.2026
ALKIM;izle;;11,3;2,4;4,0;4,8;28;2;zayif;43,0;21,6;18,5;asagi;zayif;zayif;asagi;0,75;-5,21;3;12,06;0,75;13175526;13,47;SAT;NEGATIF;SAT;NEGATIF;AZALIYOR;AL;AL;UCUZ (AL);2;05.10.2026
ONRYT;izle;;11,1;2,4;4,7;4,0;6;0;zayif;41,4;27,2;16,4;asagi;zayif;zayif;asagi;0,55;-4,51;3;9,94;-0,30;19459936;11,68;SAT;NEGATIF;SAT;NEGATIF;ARTIYOR;AL;AL;UCUZ (AL);2;05.10.2026
RUBNS;izle;;11,0;2,4;4,0;4,5;0;0;zayif;49,2;20,3;29,6;asagi;zayif;zayif;asagi;0,97;-4,99;2;15,49;1,24;33205278;21,29;SAT;NEGATIF;SAT;NEGATIF;AZALIYOR;AL;AL;UCUZ (AL);2;05.10.2026
KOTON;izle;;11,0;2,4;4,5;4,0;0;0;zayif;47,0;26,7;28,3;asagi;zayif;zayif;asagi;0,64;-5,27;2;10,14;0,80;10858358;11,06;SAT;NEGATIF;SAT;NEGATIF;AZALIYOR;AL;AL;UCUZ (AL);2;05.10.2026
ERBOS;izle;;10,9;2,4;4,5;4,0;6;0;zayif;40,7;26,7;5,2;asagi;zayif;zayif;asagi;0,19;-4,39;3;118,1;-1,17;5400241;131,78;SAT;NEGATIF;SAT;NEGATIF;ARTIYOR;AL;AL;UCUZ (AL);2;05.10.2026
ELITE;izle;;10,9;2,4;4,5;4,0;0;0;zayif;50,3;26,5;23,1;asagi;zayif;zayif;asagi;0,44;-5,58;2;19,9;-0,60;8419113;22,36;SAT;NEGATIF;SAT;NEGATIF;AZALIYOR;AL;AL;UCUZ (AL);2;05.10.2026
SUWEN;izle;;10,9;2,4;7,4;1,1;10;1;zayif;30,9;36,2;14,3;asagi;zayif;zayif;asagi;0,77;-2,37;2;5,17;1,57;16349101;6,21;SAT;NEGATIF;SAT;NEGATIF;AZALIYOR;AL;AL;UCUZ (AL);2;05.10.2026
HURGZ;izle;;10,9;5,4;5,5;0,0;10;1;zayif;29,7;30,0;11,6;asagi;zayif;zayif;asagi;0,45;-3,67;2;5,13;-3,21;16316042;6,33;SAT;NEGATIF;SAT;NEGATIF;AZALIYOR;AL;AL;NOTR;2;05.10.2026
KFEIN;izle;;10,9;2,4;6,6;1,8;6;0;zayif;33,5;33,8;27,9;asagi;zayif;zayif;asagi;0,81;-3,76;3;6,17;-1,44;16542918;6,92;SAT;NEGATIF;SAT;NEGATIF;AZALIYOR;AL;AL;UCUZ (AL);2;05.10.2026
CWENE;izle;;10,8;2,4;4,9;3,5;0;0;zayif;36,4;28,1;30,3;asagi;zayif;zayif;asagi;0,91;-5,77;2;18,58;-7,47;556006017;24,81;SAT;NEGATIF;SAT;NEGATIF;ARTIYOR;AL;AL;UCUZ (AL);2;05.10.2026
PENTA;izle;;10,8;2,4;4,4;4,0;10;0;zayif;36,6;26,2;19,5;asagi;zayif;zayif;asagi;0,57;-4,97;4;9,92;0,00;10210289;10,95;SAT;NEGATIF;SAT;NEGATIF;AZALIYOR;AL;AL;UCUZ (AL);2;05.10.2026
TMSN;izle;;10,8;1,5;5,3;4,0;6;0;zayif;22,9;29,4;27,9;asagi;zayif;zayif;asagi;0,45;-3,75;3;58,75;0,09;20592051;66,65;SAT;NEGATIF;SAT;NEGATIF;AZALIYOR;AL;AL;UCUZ (AL);2;05.10.2026
TLMAN;izle;;10,8;2,2;5,2;3,4;10;0;zayif;28,0;29,1;29,4;asagi;zayif;zayif;asagi;0,90;-3,89;4;63,5;-0,16;7567676;70,16;SAT;NEGATIF;SAT;NEGATIF;AZALIYOR;AL;AL;UCUZ (AL);2;05.10.2026
ERCB;izle;;10,7;2,4;6,7;1,6;0;0;zayif;32,9;33,9;44,0;asagi;zayif;zayif;asagi;0,80;-3,91;2;35,86;-1,38;22803482;40,55;SAT;NEGATIF;SAT;NEGATIF;AZALIYOR;AL;AL;UCUZ (AL);2;05.10.2026
AZTEK;izle;;10,7;2,4;8,3;0,0;10;1;zayif;35,0;39,3;55,4;asagi;zayif;zayif;asagi;0,33;-2,29;2;3,22;0,31;9034573;4,03;SAT;NEGATIF;SAT;NEGATIF;AZALIYOR;AL;AL;NOTR;2;05.10.2026
HATSN;izle;;10,7;5,4;5,2;0,0;0;0;zayif;31,0;29,1;30,1;asagi;zayif;zayif;asagi;0,64;-4,75;2;31,1;-3,89;105128201;43,38;SAT;NEGATIF;SAT;NEGATIF;AZALIYOR;AL;AL;NOTR;2;05.10.2026
MARTI;izle;;10,7;2,4;8,2;0,0;0;0;zayif;35,9;39,0;14,0;asagi;zayif;zayif;asagi;0,17;-2,55;0;1,28;9,40;26814738;1,57;SAT;NEGATIF;SAT;NEGATIF;AZALIYOR;SAT;AL;NOTR;1;05.10.2026
LKMNH;izle;;10,7;2,4;7,4;0,8;20;1;zayif;42,0;35,8;30,3;asagi;zayif;zayif;asagi;0,75;-3,16;4;11,34;-0,87;24609467;13,07;SAT;NEGATIF;SAT;NEGATIF;AZALIYOR;AL;AL;UCUZ (AL);2;05.10.2026
BAYRK;izle;;10,6;2,4;4,2;4,0;10;0;zayif;41,4;25,6;8,5;asagi;zayif;zayif;asagi;0,66;-5,65;4;2,8;0,72;7661366;3,25;SAT;NEGATIF;SAT;NEGATIF;AZALIYOR;AL;AL;UCUZ (AL);2;05.10.2026
JANTS;izle;;10,5;1,8;8,8;0,0;10;0;zayif;25,0;34,9;26,7;asagi;zayif;zayif;asagi;0,65;-2,71;4;13,4;-2,97;30954938;15,24;SAT;NEGATIF;SAT;NEGATIF;ARTIYOR;AL;AL;UCUZ (AL);2;05.10.2026
MARBL;izle;;10,5;2,4;4,1;4,0;10;0;zayif;44,6;25,2;28,4;asagi;zayif;zayif;asagi;0,94;-4,75;4;8,99;-0,33;11045905;10,16;SAT;NEGATIF;SAT;NEGATIF;AZALIYOR;AL;AL;UCUZ (AL);2;05.10.2026
KIMMR;izle;;10,5;2,4;5,6;2,5;0;0;zayif;51,2;30,3;17,6;asagi;zayif;zayif;asagi;0,85;-4,22;2;10,96;-1,70;9134546;12,10;SAT;NEGATIF;SAT;NEGATIF;ARTIYOR;AL;AL;NOTR;2;05.10.2026
HEDEF;izle;;10,4;2,4;8,0;0,0;0;0;zayif;55,3;16,7;36,2;asagi;zayif;zayif;asagi;0,24;-14,04;0;9,39;9,95;32597977;18,22;AL;NEGATIF;SAT;NEGATIF;AZALIYOR;AL;AL;UCUZ (AL);3;05.10.2026
A1CAP;izle;;10,4;2,4;4,0;4,0;0;0;zayif;59,8;21,1;41,9;asagi;zayif;zayif;asagi;0,47;-6,83;1;4,25;-2,30;20179102;5,42;SAT;NEGATIF;SAT;NEGATIF;AZALIYOR;AL;AL;UCUZ (AL);2;05.10.2026
MACKO;izle;;10,4;2,4;4,0;4,0;0;0;zayif;38,1;24,6;6,6;asagi;zayif;zayif;asagi;0,62;-4,25;1;24,5;-2,16;13929132;29,71;SAT;NEGATIF;SAT;NEGATIF;AZALIYOR;AL;AL;NOTR;2;05.10.2026
SNICA;izle;;10,4;2,4;4,0;4,0;6;0;zayif;35,5;25,0;19,9;asagi;zayif;zayif;asagi;0,62;-5,83;3;2,3;0,44;11290781;2,61;SAT;NEGATIF;SAT;NEGATIF;AZALIYOR;AL;AL;UCUZ (AL);2;05.10.2026
ALCTL;izle;;10,4;2,4;8,0;0,0;10;0;zayif;63,0;24,8;29,5;asagi;zayif;zayif;asagi;0,58;-5,70;4;84,45;-0,88;17697849;99,61;AL;NEGATIF;SAT;NEGATIF;AZALIYOR;AL;AL;NOTR;3;05.10.2026
ALVES;izle;;10,4;2,4;8,0;0,0;0;0;zayif;57,6;18,6;18,8;asagi;zayif;zayif;asagi;0,52;-12,69;2;0,56;9,80;6244038;0,65;AL;NEGATIF;SAT;NEGATIF;AZALIYOR;AL;AL;UCUZ (AL);3;05.10.2026
CRDFA;izle;;10,4;2,4;4,0;4,0;0;0;zayif;58,0;23,0;33,6;asagi;zayif;zayif;asagi;0,38;-8,85;0;9,69;9,99;6771789;11,50;SAT;NEGATIF;SAT;NEGATIF;AZALIYOR;AL;AL;UCUZ (AL);2;05.10.2026
MMCAS;izle;;10,4;2,4;4,0;4,0;0;0;zayif;51,2;20,6;12,6;asagi;zayif;zayif;asagi;0,62;-10,52;2;15,96;-0,87;1222807;21,65;SAT;NEGATIF;SAT;NEGATIF;AZALIYOR;AL;AL;UCUZ (AL);2;05.10.2026
EUKYO;izle;;10,3;6,3;4,0;0,0;40;4;zayif;40,6;25,1;36,8;asagi;zayif;zayif;asagi;0,43;-3,03;0;9,44;-0,11;3167186;11,85;SAT;NEGATIF;SAT;NEGATIF;AZALIYOR;SAT;AL;NOTR;1;05.10.2026
MNDRS;izle;;10,2;2,3;7,9;0,0;10;0;zayif;28,9;35,3;38,3;asagi;zayif;zayif;asagi;0,54;-3,09;5;9,3;0,32;14052040;10,15;SAT;NEGATIF;SAT;NEGATIF;ARTIYOR;AL;AL;UCUZ (AL);2;05.10.2026
YKSLN;izle;;10,2;2,4;7,8;0,0;0;0;zayif;29,7;37,7;8,9;asagi;zayif;zayif;asagi;0,56;-2,80;2;2,28;9,62;30947537;2,90;SAT;NEGATIF;SAT;NEGATIF;AZALIYOR;SAT;AL;NOTR;1;05.10.2026
SMRVA;izle;;10,2;2,4;4,2;3,6;6;0;zayif;39,3;25,5;11,6;asagi;zayif;zayif;asagi;0,91;-6,02;3;6,85;-4,60;42039820;8,23;SAT;NEGATIF;SAT;NEGATIF;AZALIYOR;AL;AL;UCUZ (AL);2;05.10.2026
RTALB;izle;;10,1;1,8;8,3;0,0;40;4;zayif;25,4;39,2;10,6;asagi;zayif;zayif;asagi;0,46;-3,41;1;2,14;9,74;24858392;2,34;SAT;NEGATIF;SAT;NEGATIF;ARTIYOR;AL;AL;UCUZ (AL);2;05.10.2026
KLNMA;izle;;10,0;2,4;5,8;1,7;6;0;zayif;33,8;29,6;19,4;asagi;zayif;zayif;asagi;0,80;-5,72;3;7,55;0,80;1124905;8,03;SAT;NEGATIF;SAT;NEGATIF;ARTIYOR;AL;AL;NOTR;2;05.10.2026
GOKNR;izle;;9,9;2,1;6,5;1,4;0;0;zayif;27,3;33,3;36,2;asagi;zayif;zayif;asagi;0,78;-4,19;1;14,62;-2,73;50870158;17,26;SAT;NEGATIF;SAT;NEGATIF;AZALIYOR;AL;AL;UCUZ (AL);2;05.10.2026
IHLAS;izle;;9,9;1,5;8,4;0,0;22;2;zayif;23,3;37,9;18,1;asagi;zayif;zayif;asagi;0,50;-2,98;2;0,89;1,14;61593168;1,01;SAT;NEGATIF;SAT;NEGATIF;AZALIYOR;AL;AL;UCUZ (AL);2;05.10.2026
ISFIN;izle;;9,9;2,4;6,7;0,8;6;0;zayif;32,0;25,4;46,5;asagi;zayif;zayif;asagi;0,65;-3,10;3;17,26;-0,23;18187466;19,03;SAT;NEGATIF;SAT;NEGATIF;AZALIYOR;SAT;SAT;NOTR;0;05.10.2026
SDTTR;izle;;9,8;2,4;6,8;0,6;10;0;zayif;31,2;34,4;29,3;asagi;zayif;zayif;asagi;0,74;-2,99;4;16,43;-0,73;90695621;18,38;SAT;NEGATIF;SAT;NEGATIF;AZALIYOR;AL;AL;NOTR;2;05.10.2026
RNPOL;izle;;9,8;2,4;6,4;1,0;6;0;zayif;41,1;33,0;19,1;asagi;zayif;zayif;asagi;0,76;-2,89;3;1,81;-2,69;4735000;2,23;SAT;NEGATIF;SAT;NEGATIF;AZALIYOR;AL;AL;NOTR;2;05.10.2026
KENT;izle;;9,7;2,4;7,3;0,0;0;0;zayif;41,1;35,9;17,9;asagi;zayif;zayif;asagi;0,62;-4,12;1;288;-2,54;781056;304,04;SAT;NEGATIF;SAT;NEGATIF;AZALIYOR;AL;AL;UCUZ (AL);2;05.10.2026
AYEN;izle;;9,6;2,1;7,5;0,0;0;0;zayif;27,6;35,6;36,2;asagi;zayif;zayif;asagi;0,62;-3,17;2;26,42;0,46;8590304;29,17;SAT;NEGATIF;SAT;NEGATIF;ARTIYOR;AL;AL;NOTR;2;05.10.2026
AKGRT;izle;;9,6;2,4;7,1;0,0;0;0;zayif;47,8;32,8;35,6;asagi;zayif;zayif;asagi;0,55;-4,57;2;5,26;1,15;33690858;5,63;SAT;NEGATIF;SAT;NEGATIF;AZALIYOR;AL;AL;UCUZ (AL);2;05.10.2026
DYOBY;izle;;9,6;2,4;5,0;2,1;46;5;zayif;40,3;28,4;20,2;asagi;zayif;zayif;asagi;0,83;-4,38;3;10,41;-1,14;10701012;11,60;SAT;NEGATIF;SAT;NEGATIF;ARTIYOR;AL;AL;NOTR;2;05.10.2026
YAYLA;izle;;9,5;2,4;5,6;1,5;6;0;zayif;38,4;30,3;22,5;asagi;zayif;zayif;asagi;0,79;-4,49;3;14,14;2,32;10859958;16,88;SAT;NEGATIF;SAT;NEGATIF;AZALIYOR;AL;AL;UCUZ (AL);2;05.10.2026
PRZMA;izle;;9,4;5,4;4,0;0,0;0;0;zayif;44,0;16,7;0,0;asagi;zayif;zayif;asagi;0,04;-8,35;0;16,04;-9,99;248043;28,35;SAT;NEGATIF;SAT;NEGATIF;AZALIYOR;AL;SAT;NOTR;1;05.10.2026
RODRG;izle;;9,4;2,4;4,0;3,0;10;0;zayif;44,9;22,0;8,3;asagi;zayif;zayif;asagi;0,88;-4,75;4;15,89;-3,11;2735908;19,63;SAT;NEGATIF;SAT;NEGATIF;AZALIYOR;AL;AL;NOTR;2;05.10.2026
ALFAS;izle;;9,4;2,4;6,9;0,0;0;0;zayif;38,1;34,8;28,4;asagi;zayif;zayif;asagi;0,65;-3,25;2;30,44;-3,37;39787911;34,48;SAT;NEGATIF;SAT;NEGATIF;AZALIYOR;AL;AL;UCUZ (AL);2;05.10.2026
TURSG;izle;;9,3;2,4;6,9;0,0;0;0;zayif;31,8;27,6;55,8;asagi;zayif;zayif;asagi;0,57;-2,86;1;5,42;-0,73;334677878;6,14;SAT;NEGATIF;SAT;NEGATIF;AZALIYOR;AL;AL;NOTR;2;05.10.2026
CMBTN;izle;;9,3;2,0;7,3;0,0;0;0;zayif;26,5;36,0;24,3;asagi;zayif;zayif;asagi;0,48;-2,74;1;1285;2,72;14192825;1449,73;SAT;NEGATIF;SAT;NEGATIF;AZALIYOR;AL;AL;UCUZ (AL);2;05.10.2026
YYLGD;izle;;9,3;2,4;5,7;1,1;0;0;zayif;34,7;30,7;28,9;asagi;zayif;zayif;asagi;0,77;-4,87;0;7,52;-0,53;36434987;8,36;SAT;NEGATIF;SAT;NEGATIF;AZALIYOR;AL;AL;UCUZ (AL);2;05.10.2026
GLCVY;izle;;9,1;2,4;4,9;1,8;10;0;zayif;34,6;27,9;8,8;asagi;zayif;zayif;asagi;0,81;-4,03;5;40,76;-0,54;22222923;47,05;SAT;NEGATIF;SAT;NEGATIF;AZALIYOR;AL;AL;UCUZ (AL);2;05.10.2026
BIENY;izle;;9,1;2,4;4,0;2,6;6;0;zayif;41,0;24,5;23,9;asagi;zayif;zayif;asagi;0,86;-5,15;3;14,81;-0,13;19593482;17,31;SAT;NEGATIF;SAT;NEGATIF;AZALIYOR;AL;AL;UCUZ (AL);2;05.10.2026
HEKTS;izle;;9,0;2,4;6,6;0,0;40;4;zayif;36,4;33,6;24,6;asagi;zayif;zayif;asagi;0,32;-4,01;2;2,16;0,00;290028248;2,41;SAT;NEGATIF;SAT;NEGATIF;AZALIYOR;AL;AL;NOTR;2;05.10.2026
EFOR;izle;;9,0;1,7;7,2;0,0;0;0;zayif;24,7;35,8;38,7;asagi;zayif;zayif;asagi;0,23;-2,47;2;13,91;-1,14;241662798;17,52;SAT;NEGATIF;SAT;NEGATIF;AZALIYOR;AL;AL;UCUZ (AL);2;05.10.2026
TKNSA;izle;;8,9;2,4;6,5;0,0;6;0;zayif;33,8;33,3;29,5;asagi;zayif;zayif;asagi;0,49;-3,56;3;13,5;0,00;19262516;15,25;SAT;NEGATIF;SAT;NEGATIF;AZALIYOR;AL;AL;UCUZ (AL);2;05.10.2026
GOODY;izle;;8,9;2,4;6,4;0,0;0;0;zayif;32,0;32,8;11,8;asagi;zayif;zayif;asagi;0,68;-3,33;1;2,19;0,46;14721167;2,38;SAT;NEGATIF;SAT;NEGATIF;AZALIYOR;AL;AL;NOTR;2;05.10.2026
AGROT;izle;;8,7;2,4;4,2;2,1;6;0;zayif;30,2;25,7;16,5;asagi;zayif;zayif;asagi;0,83;-6,23;3;1,39;-0,71;40214496;1,55;SAT;NEGATIF;SAT;NEGATIF;ARTIYOR;AL;AL;UCUZ (AL);2;05.10.2026
ACSEL;izle;;8,7;2,4;6,2;0,0;0;0;zayif;43,6;32,4;26,1;asagi;zayif;zayif;asagi;0,70;-4,02;1;89;0,00;8587877;99,82;SAT;NEGATIF;SAT;NEGATIF;AZALIYOR;AL;AL;NOTR;2;05.10.2026
KUTPO;izle;;8,7;2,4;6,2;0,1;10;0;zayif;29,8;32,2;18,0;asagi;zayif;zayif;asagi;0,71;-3,61;5;66,7;-0,82;8320758;73,55;SAT;NEGATIF;SAT;NEGATIF;AZALIYOR;AL;AL;UCUZ (AL);2;05.10.2026
KAYSE;izle;;8,7;2,4;5,7;0,6;10;0;zayif;44,9;30,5;14,4;asagi;zayif;zayif;asagi;0,74;-4,02;4;3,15;2,61;18679506;3,51;SAT;NEGATIF;SAT;NEGATIF;AZALIYOR;AL;AL;UCUZ (AL);2;05.10.2026
TSPOR;izle;;8,7;2,4;6,2;0,0;10;0;zayif;37,8;32,5;17,6;asagi;zayif;zayif;asagi;0,29;-3,14;4;0,82;1,23;59358104;0,94;SAT;NEGATIF;SAT;NEGATIF;AZALIYOR;AL;AL;UCUZ (AL);2;05.10.2026
BINHO;izle;;8,7;2,4;5,8;0,4;6;0;zayif;36,9;31,1;48,5;asagi;zayif;zayif;asagi;0,72;-4,12;3;6,18;0,49;139158712;7,82;SAT;NEGATIF;SAT;NEGATIF;AZALIYOR;AL;AL;UCUZ (AL);2;05.10.2026
GEDZA;izle;;8,6;2,4;6,1;0,0;6;0;zayif;41,2;32,2;22,1;asagi;zayif;zayif;asagi;0,65;-3,94;3;22,6;-0,26;4852310;24,40;SAT;NEGATIF;SAT;NEGATIF;AZALIYOR;AL;AL;NOTR;2;05.10.2026
DGNMO;izle;;8,6;2,4;4,0;2,1;0;0;zayif;61,9;15,4;15,0;asagi;zayif;zayif;asagi;0,83;-6,23;1;3,77;-3,58;10234442;5,15;SAT;NEGATIF;SAT;NEGATIF;AZALIYOR;AL;AL;NOTR;2;05.10.2026
NUGYO;izle;;8,5;2,4;6,1;0,0;6;0;zayif;42,0;31,9;20,6;asagi;zayif;zayif;asagi;0,57;-3,32;3;7,45;0,54;6268169;8,22;SAT;NEGATIF;SAT;NEGATIF;AZALIYOR;AL;AL;UCUZ (AL);2;05.10.2026
MEKAG;izle;;8,5;2,4;4,0;2,1;0;0;zayif;40,4;22,1;26,2;asagi;zayif;zayif;asagi;0,82;-5,74;2;2,05;0,00;10832815;2,35;SAT;NEGATIF;SAT;NEGATIF;AZALIYOR;AL;AL;UCUZ (AL);2;05.10.2026
BVSAN;izle;;8,5;2,2;6,3;0,0;6;0;zayif;28,3;32,6;15,6;asagi;zayif;zayif;asagi;0,29;-4,13;3;74,05;-3,33;34282484;91,80;SAT;NEGATIF;SAT;NEGATIF;AZALIYOR;AL;AL;UCUZ (AL);2;05.10.2026
BEGYO;izle;;8,4;2,4;5,8;0,1;6;0;zayif;31,5;31,1;43,4;asagi;zayif;zayif;asagi;0,71;-4,36;3;2,63;-1,50;7472440;2,99;SAT;NEGATIF;SAT;NEGATIF;AZALIYOR;AL;AL;UCUZ (AL);2;05.10.2026
BIZIM;izle;;8,4;2,4;5,9;0,0;16;1;zayif;34,3;31,4;18,1;asagi;zayif;zayif;asagi;0,55;-3,91;3;19,57;-0,15;2879021;21,85;SAT;NEGATIF;SAT;NEGATIF;AZALIYOR;AL;AL;UCUZ (AL);2;05.10.2026
AYCES;izle;;8,4;0,7;7,7;0,0;0;0;zayif;16,8;37,4;26,2;asagi;zayif;zayif;asagi;0,66;-3,47;1;367,75;-0,94;17819694;403,41;SAT;NEGATIF;NOTR;NEGATIF;ARTIYOR;AL;AL;NOTR;2;05.10.2026
EDIP;izle;;8,2;0,9;7,3;0,0;40;5;zayif;18,8;36,0;40,1;asagi;zayif;zayif;asagi;0,54;-2,68;1;29,56;-0,61;12851506;33,43;SAT;NEGATIF;NOTR;NEGATIF;AZALIYOR;AL;AL;NOTR;2;05.10.2026
AKENR;izle;;8,2;2,4;5,7;0,0;10;0;zayif;34,5;30,7;25,0;asagi;zayif;zayif;asagi;0,52;-3,89;4;8,07;-1,10;23281434;9,20;SAT;NEGATIF;SAT;NEGATIF;AZALIYOR;AL;AL;UCUZ (AL);2;05.10.2026
CASA;izle;;8,1;2,4;5,6;0,0;0;0;zayif;43,4;30,5;15,4;asagi;zayif;zayif;asagi;0,57;-6,63;2;46,68;-0,85;551711;47,93;SAT;NEGATIF;SAT;NEGATIF;ARTIYOR;AL;AL;UCUZ (AL);2;05.10.2026
BEYAZ;izle;;8,0;1,9;6,1;0,0;0;0;zayif;26,2;31,8;23,4;asagi;zayif;zayif;asagi;0,48;-4,11;2;17,06;-2,01;8807089;19,46;SAT;NEGATIF;SAT;NEGATIF;ARTIYOR;AL;AL;UCUZ (AL);2;05.10.2026
INVEO;izle;;8,0;2,3;5,7;0,0;0;0;zayif;28,7;30,6;42,5;asagi;zayif;zayif;asagi;0,39;-3,75;2;5,57;-0,54;12472311;6,45;SAT;NEGATIF;SAT;NEGATIF;AZALIYOR;AL;AL;UCUZ (AL);2;05.10.2026
NATEN;izle;;7,9;2,4;5,3;0,1;6;0;zayif;39,4;29,4;25,2;asagi;zayif;zayif;asagi;0,70;-5,03;3;4,03;-1,47;19073434;4,52;SAT;NEGATIF;SAT;NEGATIF;ARTIYOR;AL;AL;UCUZ (AL);2;05.10.2026
OYYAT;izle;;7,8;1,3;6,6;0,0;0;0;zayif;21,4;33,5;52,4;asagi;zayif;zayif;asagi;0,67;-3,03;0;28;-0,92;18236904;32,28;SAT;NEGATIF;SAT;NEGATIF;AZALIYOR;AL;AL;UCUZ (AL);2;05.10.2026
INGRM;izle;;7,8;1,3;6,5;0,0;0;0;zayif;21,6;33,4;27,3;asagi;zayif;zayif;asagi;0,59;-3,03;2;310;-1,04;8533060;351,80;SAT;NEGATIF;SAT;NEGATIF;AZALIYOR;AL;AL;UCUZ (AL);2;05.10.2026
MZHLD;izle;;7,8;2,1;5,7;0,0;28;2;zayif;27,2;30,8;5,9;asagi;zayif;zayif;asagi;0,15;-3,02;3;4,22;1,20;470370;5,11;SAT;NEGATIF;SAT;NEGATIF;AZALIYOR;SAT;AL;UCUZ (AL);1;05.10.2026
QUAGR;izle;;7,8;2,4;5,3;0,0;0;0;zayif;37,9;29,4;22,2;asagi;zayif;zayif;asagi;0,56;-5,16;2;2,02;-0,98;47837820;2,44;SAT;NEGATIF;SAT;NEGATIF;AZALIYOR;AL;AL;NOTR;2;05.10.2026
ESCAR;izle;;7,8;2,4;4,0;1,3;0;0;zayif;49,4;14,3;23,2;asagi;zayif;zayif;asagi;0,78;-8,60;1;14,7;-4,36;25298627;22,02;SAT;NEGATIF;SAT;NEGATIF;AZALIYOR;AL;AL;UCUZ (AL);2;05.10.2026
IHLGM;izle;;7,7;2,4;5,3;0,0;16;1;zayif;30,8;29,2;12,2;asagi;zayif;zayif;asagi;0,33;-4,41;3;1,2;0,00;12637968;1,37;SAT;NEGATIF;SAT;NEGATIF;AZALIYOR;AL;AL;UCUZ (AL);2;05.10.2026
PAPIL;izle;;7,6;2,4;5,1;0,0;6;0;zayif;38,4;28,8;27,3;asagi;zayif;zayif;asagi;0,61;-4,56;3;7,97;-1,73;29579523;9,41;SAT;NEGATIF;SAT;NEGATIF;ARTIYOR;AL;AL;UCUZ (AL);2;05.10.2026
VAKFN;izle;;7,6;2,4;5,1;0,0;10;0;zayif;57,0;28,7;16,8;asagi;zayif;zayif;asagi;0,42;-4,25;5;0,95;0,00;25386271;1,04;SAT;NEGATIF;SAT;NEGATIF;AZALIYOR;AL;AL;UCUZ (AL);2;05.10.2026
AVOD;izle;;7,5;2,4;5,1;0,0;0;0;zayif;33,4;28,5;25,4;asagi;zayif;zayif;asagi;0,59;-3,79;2;2,97;-1,66;13491177;3,56;SAT;NEGATIF;SAT;NEGATIF;AZALIYOR;AL;AL;NOTR;2;05.10.2026
EKOS;izle;;7,5;2,4;4,8;0,2;6;0;zayif;44,5;27,7;38,6;asagi;zayif;zayif;asagi;0,71;-5,48;3;3,48;-1,42;19970199;3,99;SAT;NEGATIF;SAT;NEGATIF;AZALIYOR;AL;AL;UCUZ (AL);2;05.10.2026
ULUUN;izle;;7,5;2,4;5,0;0,0;0;0;zayif;42,0;28,5;25,7;asagi;zayif;zayif;asagi;0,52;-4,56;2;6,04;0,50;22794543;6,92;SAT;NEGATIF;SAT;NEGATIF;AZALIYOR;AL;AL;NOTR;2;05.10.2026
EUREN;izle;;7,4;2,4;5,0;0,0;28;2;zayif;42,4;28,3;21,2;asagi;zayif;zayif;asagi;0,61;-5,25;3;2,87;-1,03;41754574;3,25;SAT;NEGATIF;SAT;NEGATIF;AZALIYOR;AL;AL;UCUZ (AL);2;05.10.2026
LILAK;izle;;7,4;1,9;5,6;0,0;0;0;zayif;25,7;30,2;44,9;asagi;zayif;zayif;asagi;0,49;-3,82;2;23,86;0,08;38961089;26,71;SAT;NEGATIF;SAT;NEGATIF;ARTIYOR;AL;AL;UCUZ (AL);2;05.10.2026
OSTIM;izle;;7,4;2,0;5,4;0,0;6;0;zayif;26,6;29,8;21,4;asagi;zayif;zayif;asagi;0,48;-4,24;3;1,22;-0,81;7046126;1,40;SAT;NEGATIF;SAT;NEGATIF;ARTIYOR;AL;AL;UCUZ (AL);2;05.10.2026
CONSE;izle;;7,4;2,4;4,9;0,0;0;0;zayif;39,0;28,1;10,4;asagi;zayif;zayif;asagi;0,37;-4,74;2;1,68;-1,75;6330841;1,88;SAT;NEGATIF;SAT;NEGATIF;AZALIYOR;AL;AL;UCUZ (AL);2;05.10.2026
POLTK;izle;;7,4;2,4;4,9;0,0;0;0;zayif;32,2;28,0;23,8;asagi;zayif;zayif;asagi;0,35;-4,64;2;3000;-0,66;11376000;3426,56;SAT;NEGATIF;SAT;NEGATIF;AZALIYOR;AL;AL;UCUZ (AL);2;05.10.2026
MAKTK;izle;;7,3;2,4;4,8;0,0;10;0;zayif;42,1;27,7;22,5;asagi;zayif;zayif;asagi;0,61;-5,02;4;6,72;-0,59;9201918;7,77;SAT;NEGATIF;SAT;NEGATIF;AZALIYOR;AL;AL;UCUZ (AL);2;05.10.2026
ALKA;izle;;7,2;2,4;4,8;0,0;6;0;zayif;37,0;27,7;20,3;asagi;zayif;zayif;asagi;0,48;-4,95;3;6,15;-0,97;6561632;6,90;SAT;NEGATIF;SAT;NEGATIF;AZALIYOR;AL;AL;UCUZ (AL);2;05.10.2026
VESBE;izle;;7,2;2,4;4,8;0,0;10;0;zayif;30,8;27,6;10,1;asagi;zayif;zayif;asagi;0,46;-4,56;5;4,05;1,25;35566318;4,86;SAT;NEGATIF;SAT;NEGATIF;AZALIYOR;SAT;AL;UCUZ (AL);1;05.10.2026
ENDAE;izle;;7,2;2,3;4,8;0,0;6;0;zayif;29,2;27,7;37,2;asagi;zayif;zayif;asagi;0,58;-3,06;3;13,38;0,98;22902011;15,55;SAT;NEGATIF;SAT;NEGATIF;AZALIYOR;AL;AL;NOTR;2;05.10.2026
GENTS;izle;;7,1;2,4;4,6;0,0;0;0;zayif;37,4;27,1;25,8;asagi;zayif;zayif;asagi;0,64;-4,71;2;4,12;-1,20;11586775;4,65;SAT;NEGATIF;SAT;NEGATIF;AZALIYOR;AL;AL;UCUZ (AL);2;05.10.2026
VKING;izle;;6,9;2,4;4,4;0,0;10;0;zayif;49,9;26,4;25,9;asagi;zayif;zayif;asagi;0,58;-4,23;5;15;-0,66;3209280;18,08;SAT;NEGATIF;SAT;NEGATIF;AZALIYOR;AL;AL;UCUZ (AL);2;05.10.2026
ESEN;izle;;6,8;2,4;4,3;0,0;50;4;zayif;41,8;26,1;9,4;asagi;zayif;zayif;asagi;0,65;-5,12;4;2,54;-1,93;41811491;2,93;SAT;NEGATIF;SAT;NEGATIF;AZALIYOR;AL;AL;UCUZ (AL);2;05.10.2026
MRSHL;izle;;6,8;1,0;5,8;0,0;10;0;zayif;19,0;31,0;21,9;asagi;zayif;zayif;asagi;0,65;-2,89;4;1306;-1,95;34300784;1603,17;SAT;NEGATIF;NOTR;NEGATIF;AZALIYOR;SAT;AL;NOTR;1;05.10.2026
DOKTA;izle;;6,7;2,4;4,3;0,0;0;0;zayif;44,0;25,9;13,5;asagi;zayif;zayif;asagi;0,29;-4,50;2;16,16;4,53;2533209;18,53;SAT;NEGATIF;SAT;NEGATIF;ARTIYOR;AL;AL;UCUZ (AL);2;05.10.2026
RUZYE;izle;;6,5;2,4;4,1;0,0;10;1;zayif;36,2;25,2;23,7;asagi;zayif;zayif;asagi;0,49;-5,39;2;4,77;-2,85;18412515;6,24;SAT;NEGATIF;SAT;NEGATIF;AZALIYOR;AL;AL;UCUZ (AL);2;05.10.2026
VESTL;izle;;6,5;2,3;4,2;0,0;6;0;zayif;28,7;25,7;12,6;asagi;zayif;zayif;asagi;0,49;-3,97;3;17,36;-0,17;106738516;21,34;SAT;NEGATIF;SAT;NEGATIF;AZALIYOR;SAT;AL;UCUZ (AL);1;05.10.2026
GIPTA;izle;;6,4;2,4;4,0;0,0;0;0;zayif;40,3;21,3;24,9;asagi;zayif;zayif;asagi;0,62;-6,48;0;27,94;-3,72;72969529;41,62;SAT;NEGATIF;SAT;NEGATIF;AZALIYOR;AL;AL;UCUZ (AL);2;05.10.2026
BULGS;izle;;6,4;2,4;4,0;0,0;0;0;zayif;65,7;13,2;23,4;asagi;zayif;zayif;asagi;0,58;-8,94;2;11,85;1,02;45143535;16,93;SAT;NEGATIF;SAT;NEGATIF;AZALIYOR;AL;AL;UCUZ (AL);2;05.10.2026
BIOEN;izle;;6,4;2,4;4,0;0,0;0;0;zayif;39,8;24,7;33,2;asagi;zayif;zayif;asagi;0,49;-4,71;1;10,31;-2,46;52238440;13,58;SAT;NEGATIF;SAT;NEGATIF;AZALIYOR;AL;AL;UCUZ (AL);2;05.10.2026
GSRAY;izle;;6,4;2,4;4,0;0,0;10;0;zayif;46,7;24,3;7,2;asagi;zayif;zayif;asagi;0,39;-4,96;4;0,8;-1,23;42627948;0,90;SAT;NEGATIF;SAT;NEGATIF;AZALIYOR;AL;AL;UCUZ (AL);2;05.10.2026
LYDHO;izle;;6,4;2,4;4,0;0,0;0;0;zayif;70,2;15,1;16,4;asagi;zayif;zayif;asagi;0,53;-11,21;0;42,92;9,99;21117198;58,66;SAT;NEGATIF;SAT;NEGATIF;AZALIYOR;AL;AL;UCUZ (AL);2;05.10.2026
KOPOL;izle;;6,4;2,4;4,0;0,0;6;0;zayif;45,8;22,7;15,1;asagi;zayif;zayif;asagi;0,66;-6,39;3;3,18;-2,15;19745787;3,76;SAT;NEGATIF;SAT;NEGATIF;AZALIYOR;AL;AL;UCUZ (AL);2;05.10.2026
VSNMD;izle;;6,4;2,4;4,0;0,0;6;0;zayif;46,2;21,1;8,7;asagi;zayif;zayif;asagi;0,61;-6,56;3;28,28;-3,02;18528830;32,45;SAT;NEGATIF;SAT;NEGATIF;ARTIYOR;AL;AL;UCUZ (AL);2;05.10.2026
SERNT;izle;;6,4;2,4;4,0;0,0;6;0;zayif;45,8;19,4;16,1;asagi;zayif;zayif;asagi;0,60;-6,07;3;5,02;-1,76;12452522;6,11;SAT;NEGATIF;SAT;NEGATIF;AZALIYOR;AL;AL;UCUZ (AL);2;05.10.2026
PENGD;izle;;6,4;2,4;4,0;0,0;10;0;zayif;44,7;24,1;19,9;asagi;zayif;zayif;asagi;0,48;-5,65;5;6,92;0,73;9882189;7,72;SAT;NEGATIF;SAT;NEGATIF;AZALIYOR;AL;AL;NOTR;2;05.10.2026
KUYAS;izle;;6,4;2,4;4,0;0,0;0;0;zayif;48,2;14,3;12,9;asagi;zayif;zayif;asagi;0,03;-9,46;1;19,57;-9,98;7868980;30,47;SAT;NEGATIF;SAT;NEGATIF;AZALIYOR;SAT;SAT;UCUZ (AL);0;05.10.2026
FORMT;izle;;6,4;2,4;4,0;0,0;10;0;zayif;66,0;22,4;13,0;asagi;zayif;zayif;asagi;0,60;-7,49;4;0,98;-1,01;13556962;1,13;SAT;NEGATIF;SAT;NEGATIF;AZALIYOR;AL;AL;UCUZ (AL);2;05.10.2026
RALYH;izle;;6,4;2,4;4,0;0,0;32;3;zayif;49,5;11,0;-0,0;asagi;zayif;zayif;asagi;0,34;-10,43;0;62,3;-9,97;13917135;100,15;SAT;NEGATIF;SAT;NEGATIF;AZALIYOR;AL;SAT;UCUZ (AL);1;05.10.2026
SOKE;izle;;6,4;2,4;4,0;0,0;10;0;zayif;60,0;17,3;17,1;asagi;zayif;zayif;asagi;0,48;-8,66;4;6,49;1,09;11390339;7,84;SAT;NEGATIF;SAT;NEGATIF;AZALIYOR;AL;AL;UCUZ (AL);2;05.10.2026
IZINV;izle;;6,4;2,4;4,0;0,0;6;0;zayif;38,1;22,2;11,4;asagi;zayif;zayif;asagi;0,66;-6,58;3;31,38;-1,01;5555641;37,61;SAT;NEGATIF;SAT;NEGATIF;AZALIYOR;AL;AL;UCUZ (AL);2;05.10.2026
MAGEN;izle;;6,4;2,4;4,0;0,0;32;3;zayif;46,4;10,6;-0,0;asagi;zayif;zayif;asagi;0,11;-10,75;0;8,58;-9,97;10192259;13,85;SAT;NEGATIF;SAT;NEGATIF;AZALIYOR;AL;AL;UCUZ (AL);2;05.10.2026
IZFAS;izle;;6,4;2,4;4,0;0,0;0;0;zayif;41,5;17,2;85,3;asagi;zayif;zayif;asagi;0,11;-8,92;0;11,7;-10,00;3156379;21,23;SAT;NEGATIF;SAT;NEGATIF;AZALIYOR;AL;AL;UCUZ (AL);2;05.10.2026
BYDNR;izle;;6,4;2,4;4,0;0,0;0;0;zayif;46,6;17,7;19,3;asagi;zayif;zayif;asagi;0,57;-6,03;2;20,34;-0,49;7500477;25,93;SAT;NEGATIF;SAT;NEGATIF;AZALIYOR;AL;AL;UCUZ (AL);2;05.10.2026
USAK;izle;;6,4;2,4;4,0;0,0;0;0;zayif;52,8;3,8;6,5;asagi;zayif;zayif;asagi;0,43;-11,83;1;0,41;-8,89;12121395;0,58;SAT;NEGATIF;SAT;NEGATIF;AZALIYOR;AL;AL;UCUZ (AL);2;05.10.2026
ATAKP;izle;;6,4;2,4;4,0;0,0;0;0;zayif;51,2;24,3;35,6;asagi;zayif;zayif;asagi;0,45;-5,34;2;32,82;-0,79;5144207;37,58;SAT;NEGATIF;SAT;NEGATIF;ARTIYOR;AL;AL;UCUZ (AL);2;05.10.2026
PRDGS;izle;;6,4;2,4;4,0;0,0;0;0;zayif;47,6;24,1;14,2;asagi;zayif;zayif;asagi;0,54;-5,70;0;3,99;0,76;9590935;4,91;SAT;NEGATIF;SAT;NEGATIF;AZALIYOR;AL;AL;UCUZ (AL);2;05.10.2026
LYDYE;izle;;6,4;2,4;4,0;0,0;0;0;zayif;50,4;21,1;12,4;asagi;zayif;zayif;asagi;0,15;-8,51;0;4712,5;9,98;1649375;5890,62;SAT;NEGATIF;SAT;NEGATIF;AZALIYOR;AL;AL;UCUZ (AL);2;05.10.2026
HUBVC;izle;;6,4;2,4;4,0;0,0;0;0;zayif;48,9;22,3;12,8;asagi;zayif;zayif;asagi;0,58;-4,91;2;1,52;-2,56;2266086;1,95;SAT;NEGATIF;SAT;NEGATIF;AZALIYOR;AL;AL;UCUZ (AL);2;05.10.2026
UFUK;izle;;6,4;2,4;4,0;0,0;0;0;zayif;47,3;8,6;0,0;asagi;zayif;zayif;asagi;0,01;-10,98;0;320;-9,99;188800;541,66;SAT;NEGATIF;SAT;NEGATIF;AZALIYOR;AL;AL;UCUZ (AL);2;05.10.2026
HATEK;izle;;6,4;2,4;4,0;0,0;6;0;zayif;35,8;20,9;1,2;asagi;zayif;zayif;asagi;0,25;-5,53;3;8,05;-2,42;2809997;9,75;SAT;NEGATIF;SAT;NEGATIF;AZALIYOR;AL;AL;UCUZ (AL);2;05.10.2026
LRSHO;izle;;6,4;2,4;4,0;0,0;6;0;zayif;29,7;24,7;18,5;asagi;zayif;zayif;asagi;0,46;-5,18;3;1,87;-1,06;14247799;2,14;SAT;NEGATIF;SAT;NEGATIF;AZALIYOR;AL;AL;UCUZ (AL);2;05.10.2026
BRLSM;izle;;6,2;2,2;4,1;0,0;0;0;zayif;28,1;25,2;15,6;asagi;zayif;zayif;asagi;0,58;-4,16;1;10,8;-2,70;64329563;14,19;SAT;NEGATIF;SAT;NEGATIF;AZALIYOR;AL;AL;NOTR;2;05.10.2026
PRKAB;izle;;6,0;1,0;5,1;0,0;16;1;zayif;19,3;28,5;16,5;asagi;zayif;zayif;asagi;0,47;-3,96;3;24,6;-0,24;13882666;28,36;SAT;NEGATIF;NOTR;NEGATIF;AZALIYOR;AL;AL;NOTR;2;05.10.2026
GATEG;izle;;2,4;2,4;0,0;0,0;0;0;zayif;37,4;24,1;15,5;asagi;zayif;zayif;asagi;0,55;-8,01;1;115,2;-9,93;2946240;164,07;SAT;NEGATIF;SAT;NEGATIF;AZALIYOR;SAT;SAT;UCUZ (AL);0;05.10.2026