hisse;durum;yeni_sinyal;konfluans;trend_35;momentum_30;hacim_35;risk;uyumsuzluk;rejim;adx;rsi;mfi;supertrend;goreli_guc;usd_trend;haftalik_trend;hacim_orani;ema50_uzaklik_atr;dagitim_gun;kapanis;degisim%;islem_hacmi_tl;st_cizgisi;osc_macd;osc_rsi;osc_adx;osc_momentum;osc_atr;osc_wavetrend;osc_stochrsi;osc_sharpe;osc_al_sayisi;tarih
SKYMD;GUCLU AL;;96,2;35,0;30,0;31,2;0;0;guclu trend;30,5;61,4;68,1;yukari;guclu;yukselis;yukari;1,74;2,05;0;18,51;-6,98;178193438;15,17;AL;POZITIF;AL;POZITIF;ARTIYOR;AL;AL;NOTR;6;01.10.2026
ENERY;GUCLU AL;;94,5;35,0;30,0;29,5;28;0;guclu trend;33,4;66,7;57,6;yukari;guclu;yukselis;yukari;0,97;3,70;2;13,53;2,34;1120965100;11,31;AL;POZITIF;AL;POZITIF;ARTIYOR;SAT;AL;NOTR;5;01.10.2026
AHGAZ;GUCLU AL;;90,8;32,5;30,0;28,3;28;0;guclu trend;23,7;67,1;61,3;yukari;guclu;yukselis;yukari;0,90;3,34;1;44,6;3,00;309378738;39,15;AL;POZITIF;AL;POZITIF;ARTIYOR;SAT;AL;NOTR;5;01.10.2026
ETILR;AL;;89,0;30,2;30,0;28,8;32;2;ilimli;17,8;66,2;68,5;yukari;guclu;yukselis;yukari;0,93;2,76;1;7,65;5,66;84514553;5,79;AL;POZITIF;NOTR;POZITIF;ARTIYOR;AL;SAT;NOTR;4;01.10.2026
HRKET;GUCLU AL;;88,8;33,8;30,0;25,0;18;0;guclu trend;27,0;69,7;82,8;yukari;guclu;yukselis;yukari;0,57;2,39;0;8,44;4,20;259442224;6,45;AL;POZITIF;AL;POZITIF;AZALIYOR;AL;SAT;NOTR;5;01.10.2026
AKFIS;AL;EVET;88,2;30,2;30,0;28,1;0;0;ilimli;17,6;59,8;56,7;yukari;guclu;yukselis;yukari;1,08;1,66;1;17,7;4,73;305371091;13,55;AL;POZITIF;NOTR;POZITIF;AZALIYOR;AL;AL;PAHALI (SAT);5;01.10.2026
HUNER;izle;;85,8;30,8;30,0;25,0;50;3;ilimli;19,3;70,2;69,8;yukari;guclu;yukselis;yukari;0,70;2,83;1;4,6;4,55;225906276;3,81;AL;POZITIF;NOTR;POZITIF;AZALIYOR;AL;SAT;NOTR;4;01.10.2026
GMTAS;GUCLU AL;EVET;84,9;31,3;29,8;23,8;0;0;guclu trend;20,4;58,8;71,8;yukari;guclu;yukselis;yukari;0,66;1,41;0;50,95;3,22;133602619;40,84;AL;POZITIF;AL;POZITIF;AZALIYOR;AL;AL;NOTR;6;01.10.2026
FLAP;GUCLU AL;EVET;84,8;34,7;24,5;25,5;0;0;guclu trend;29,2;56,1;51,6;yukari;guclu;yukselis;yukari;1,26;0,87;1;12,28;3,63;21678142;10,92;SAT;POZITIF;AL;POZITIF;ARTIYOR;SAT;SAT;NOTR;3;01.10.2026
LOGO;izle;;82,6;19,0;29,3;34,3;48;4;zayif;12,7;58,2;49,1;yukari;guclu;yukselis;yukari;1,65;1,19;2;146,1;7,51;173724442;127,89;AL;POZITIF;NOTR;POZITIF;ARTIYOR;SAT;AL;NOTR;4;01.10.2026
TKFEN;GUCLU AL;;80,7;35,0;24,6;21,1;28;2;guclu trend;34,9;56,7;47,0;yukari;guclu;yukselis;yukari;0,71;2,01;3;252;8,90;1198242864;226,08;SAT;POZITIF;AL;NEGATIF;ARTIYOR;SAT;SAT;PAHALI (SAT);2;01.10.2026
DMLKT;GUCLU AL;EVET;76,1;30,0;26,0;20,1;10;0;guclu trend;26,7;54,8;34,7;yukari;guclu;yukselis;yukari;0,69;1,77;4;6,94;2,06;30547597;6,62;SAT;POZITIF;SAT;NEGATIF;ARTIYOR;AL;AL;NOTR;3;01.10.2026
RYGYO;izle;;74,6;27,0;25,0;22,6;0;0;guclu trend;31,1;57,9;63,4;asagi;guclu;yukselis;yukari;0,62;1,58;1;48,16;0,12;83256456;50,89;SAT;POZITIF;AL;POZITIF;AZALIYOR;SAT;SAT;NOTR;3;01.10.2026
ISDMR;AL;;74,4;33,2;21,9;19,3;0;0;guclu trend;25,3;49,2;71,6;yukari;guclu;yukselis;yukari;1,08;0,47;2;59,3;-2,55;146602231;54,52;SAT;NEGATIF;AL;NEGATIF;AZALIYOR;SAT;SAT;NOTR;1;01.10.2026
TUPRS;izle;;71,9;30,3;24,9;16,8;50;4;guclu trend;28,9;47,7;42,0;yukari;guclu;yukselis;yukari;0,87;1,01;4;387;2,86;8788155444;374,32;SAT;NEGATIF;SAT;NEGATIF;ARTIYOR;SAT;AL;NOTR;1;01.10.2026
BIMAS;izle;;70,8;28,7;17,8;24,4;40;4;zayif;17,0;44,0;37,1;yukari;guclu;zayif;yukari;1,30;-0,10;2;408;-2,51;4919067096;402,48;SAT;NEGATIF;NOTR;NEGATIF;ARTIYOR;SAT;SAT;NOTR;0;01.10.2026
INDES;izle;;70,4;14,8;23,5;32,2;40;4;ilimli;24,9;54,1;46,9;asagi;guclu;yukselis;yukari;1,55;0,43;1;11,2;7,49;105527990;11,74;SAT;POZITIF;SAT;POZITIF;ARTIYOR;AL;AL;NOTR;4;01.10.2026
ORGE;izle;;69,4;28,3;22,8;18,4;42;3;ilimli;14,1;49,2;50,0;yukari;guclu;zayif;yukari;1,03;0,11;4;22,28;5,99;88260438;20,44;SAT;NEGATIF;NOTR;NEGATIF;ARTIYOR;SAT;AL;NOTR;1;01.10.2026
CELHA;izle;;67,8;23,3;23,4;21,1;0;0;guclu trend;20,5;53,8;68,2;asagi;guclu;yukselis;yukari;0,78;0,93;2;27,02;0,15;62185855;31,08;SAT;POZITIF;AL;NEGATIF;AZALIYOR;SAT;SAT;NOTR;2;01.10.2026
VAKBN;izle;;65,4;20,6;24,0;20,8;0;0;ilimli;16,3;52,0;56,0;asagi;guclu;yukselis;yukari;0,69;0,63;1;33,92;5,15;1820420765;37,68;SAT;POZITIF;NOTR;POZITIF;ARTIYOR;SAT;AL;NOTR;3;01.10.2026
BRSAN;izle;;64,9;21,2;24,1;19,6;0;0;guclu trend;20,9;51,4;45,3;asagi;guclu;yukselis;yukari;1,13;0,67;2;670,5;7,28;1241555463;709,48;SAT;POZITIF;SAT;POZITIF;ARTIYOR;SAT;AL;NOTR;3;01.10.2026
DEVA;izle;;64,8;22,4;24,2;18,2;6;0;guclu trend;29,6;48,0;32,2;asagi;guclu;yukselis;yukari;0,46;0,72;3;92;2,11;31619388;104,74;SAT;NEGATIF;SAT;NEGATIF;AZALIYOR;SAT;AL;NOTR;1;01.10.2026
KRGYO;izle;;64,5;20,9;23,1;20,5;10;1;guclu trend;30,4;49,1;33,7;asagi;guclu;yukselis;yukari;0,91;0,28;1;3,1;9,93;59797506;3,68;SAT;NEGATIF;SAT;NEGATIF;ARTIYOR;SAT;AL;NOTR;1;01.10.2026
KCHOL;izle;;63,1;21,4;17,2;24,5;22;2;guclu trend;26,0;44,2;48,3;asagi;guclu;zayif;yukari;1,12;-0,26;2;209,9;0,72;6906975067;229,66;SAT;NEGATIF;SAT;NEGATIF;AZALIYOR;SAT;SAT;NOTR;0;01.10.2026
KLSYN;izle;;62,1;21,8;22,4;17,9;0;0;guclu trend;25,4;48,6;29,1;asagi;guclu;zayif;yukari;0,64;-0,05;1;14,6;3,62;32376507;16,20;SAT;NEGATIF;SAT;POZITIF;AZALIYOR;AL;AL;NOTR;3;01.10.2026
SOKM;izle;;60,0;20,4;20,2;19,4;22;2;zayif;15,0;44,9;43,9;asagi;guclu;zayif;yukari;1,07;-0,10;2;55,6;2,77;229761885;62,10;SAT;NEGATIF;NOTR;NEGATIF;ARTIYOR;SAT;AL;NOTR;1;01.10.2026
KRPLS;izle;;59,4;22,4;25,0;12,0;22;2;guclu trend;29,5;54,3;33,9;asagi;guclu;yukselis;yukari;0,59;1,09;1;11,99;6,77;55105285;14,17;SAT;POZITIF;SAT;POZITIF;ARTIYOR;SAT;AL;NOTR;3;01.10.2026
HALKB;izle;;58,3;20,7;24,1;13,5;10;1;ilimli;17,0;50,6;36,7;asagi;guclu;yukselis;yukari;0,43;0,69;1;45,04;2,13;1050785902;51,14;SAT;POZITIF;NOTR;NEGATIF;AZALIYOR;SAT;AL;NOTR;2;01.10.2026
MPARK;izle;;58,3;9,6;23,0;25,6;40;4;ilimli;13,9;52,1;57,0;asagi;guclu;zayif;asagi;1,29;0,23;2;431,5;3,29;318322297;453,45;SAT;POZITIF;NOTR;NEGATIF;ARTIYOR;SAT;AL;NOTR;2;01.10.2026
TUCLK;izle;;57,7;19,2;27,0;11,5;0;0;zayif;27,9;51,3;69,0;yukari;guclu;yukselis;asagi;1,72;0,21;1;4,02;-2,19;119965097;3,38;AL;POZITIF;AL;POZITIF;ARTIYOR;AL;SAT;NOTR;5;01.10.2026
KRTEK;izle;;56,8;9,9;25,9;20,9;0;0;zayif;17,0;49,5;61,3;yukari;guclu;zayif;asagi;1,40;-0,24;0;5,8;-3,33;7055845;5,02;AL;NEGATIF;NOTR;POZITIF;ARTIYOR;SAT;SAT;NOTR;2;01.10.2026
LMKDC;izle;;56,7;9,9;27,6;19,2;0;0;zayif;16,9;57,8;67,0;yukari;guclu;yukselis;asagi;0,92;0,48;0;24,38;5,45;108254660;20,18;AL;POZITIF;NOTR;POZITIF;ARTIYOR;AL;AL;NOTR;5;01.10.2026
PCILT;izle;;56,5;13,0;27,4;16,0;0;0;ilimli;10,4;55,1;38,0;asagi;guclu;zayif;yukari;1,02;0,41;1;32,28;7,24;60804674;33,97;AL;POZITIF;NOTR;POZITIF;ARTIYOR;AL;SAT;NOTR;4;01.10.2026
EBEBK;izle;;56,1;13,0;22,4;20,7;32;3;zayif;11,5;49,8;31,9;asagi;guclu;zayif;yukari;0,73;-0,03;2;81,2;3,70;37559710;86,82;SAT;NEGATIF;NOTR;NEGATIF;ARTIYOR;SAT;AL;NOTR;1;01.10.2026
KRDMD;izle;;55,1;20,5;17,1;17,4;40;4;zayif;15,5;43,3;59,1;asagi;guclu;zayif;yukari;0,99;-0,46;2;43;-2,23;1929557447;48,15;SAT;NEGATIF;NOTR;NEGATIF;AZALIYOR;SAT;SAT;NOTR;0;01.10.2026
YGGYO;izle;;54,9;15,4;20,2;19,3;0;0;zayif;31,1;46,1;49,5;asagi;guclu;zayif;asagi;1,10;-0,99;1;213,2;1,72;28109567;230,92;SAT;NEGATIF;SAT;NEGATIF;AZALIYOR;AL;AL;NOTR;2;01.10.2026
BAHKM;izle;;53,5;22,4;15,1;16,0;22;2;guclu trend;31,4;40,7;58,4;asagi;guclu;zayif;yukari;0,55;-0,62;2;142,5;-8,48;156018548;207,40;SAT;NEGATIF;SAT;NEGATIF;ARTIYOR;SAT;SAT;NOTR;0;01.10.2026
RYSAS;izle;;53,5;21,0;16,5;16,0;10;1;zayif;19,1;42,8;44,1;asagi;guclu;zayif;yukari;0,42;-0,53;1;24,18;-0,41;150147330;28,46;SAT;NEGATIF;NOTR;POZITIF;AZALIYOR;SAT;SAT;NOTR;1;01.10.2026
GLYHO;izle;;53,3;12,5;24,5;16,2;40;4;zayif;17,9;45,8;34,7;asagi;guclu;zayif;asagi;1,04;-0,84;1;15,84;0,70;65128378;16,97;AL;NEGATIF;NOTR;POZITIF;AZALIYOR;AL;AL;NOTR;4;01.10.2026
AYGAZ;izle;;52,7;22,4;18,6;11,7;40;4;guclu trend;30,1;42,3;46,9;asagi;guclu;zayif;yukari;0,76;-0,45;2;295;2,52;272591210;327,25;SAT;NEGATIF;SAT;NEGATIF;ARTIYOR;SAT;AL;NOTR;1;01.10.2026
OZSUB;izle;;52,4;20,5;18,4;13,5;10;0;zayif;15,4;44,2;26,9;asagi;guclu;zayif;yukari;1,02;-0,55;4;36,74;6,55;81789523;42,59;SAT;NEGATIF;NOTR;NEGATIF;ARTIYOR;SAT;AL;NOTR;1;01.10.2026
HTTBT;izle;;52,3;7,0;24,6;20,7;0;0;zayif;35,0;51,5;44,6;asagi;guclu;zayif;asagi;1,82;-0,82;1;33,52;6,89;37620837;34,43;AL;POZITIF;AL;POZITIF;ARTIYOR;AL;AL;UCUZ (AL);6;01.10.2026
MAVI;izle;;52,2;10,2;25,8;16,2;10;1;zayif;17,7;50,4;51,5;yukari;guclu;zayif;asagi;0,87;-0,30;2;37,5;1,52;280848300;33,49;AL;POZITIF;NOTR;NEGATIF;AZALIYOR;SAT;SAT;UCUZ (AL);2;01.10.2026
ASELS;izle;;52,0;15,2;21,7;15,1;6;0;zayif;27,9;48,8;38,4;asagi;guclu;zayif;asagi;2,15;-0,32;3;370;9,96;26605465680;390,08;SAT;NEGATIF;SAT;NEGATIF;ARTIYOR;SAT;AL;NOTR;1;01.10.2026
NETAS;izle;;51,8;22,0;21,8;8,0;0;0;guclu trend;26,8;45,5;35,4;asagi;guclu;zayif;yukari;0,58;-0,31;1;78,75;9,99;52320398;89,91;SAT;NEGATIF;SAT;NEGATIF;ARTIYOR;SAT;AL;NOTR;1;01.10.2026
TUREX;izle;;51,2;11,5;25,6;14,0;0;0;zayif;21,0;54,5;51,8;yukari;guclu;zayif;asagi;1,37;-0,37;1;6,1;8,93;131341570;4,87;AL;POZITIF;AL;POZITIF;ARTIYOR;AL;AL;NOTR;6;01.10.2026
AVGYO;izle;;51,1;20,2;22,3;8,6;40;5;zayif;13,6;48,8;35,5;asagi;guclu;zayif;yukari;0,47;-0,08;2;15,58;8,57;12559241;18,09;SAT;NEGATIF;NOTR;NEGATIF;ARTIYOR;SAT;AL;NOTR;1;01.10.2026
DURDO;izle;;50,8;14,0;21,5;15,3;46;4;zayif;30,8;49,4;45,9;asagi;guclu;zayif;asagi;0,82;-0,43;3;4,8;4,35;10192027;5,09;SAT;NEGATIF;SAT;NEGATIF;ARTIYOR;AL;AL;NOTR;2;01.10.2026
FONET;izle;;50,2;8,4;23,8;18,0;0;0;zayif;34,2;49,8;39,1;asagi;guclu;zayif;asagi;2,61;-0,87;0;4,47;9,83;204636251;4,63;AL;NEGATIF;SAT;POZITIF;ARTIYOR;AL;AL;NOTR;4;01.10.2026
SANKO;izle;;50,2;5,3;22,2;22,7;0;0;zayif;25,7;51,7;56,0;asagi;guclu;zayif;asagi;1,96;-0,13;2;19,17;8,31;19133884;21,15;SAT;POZITIF;AL;NEGATIF;ARTIYOR;SAT;AL;NOTR;3;01.10.2026
TCKRC;izle;;49,3;15,4;23,3;10,6;6;0;zayif;29,3;48,8;46,0;asagi;guclu;zayif;asagi;1,09;-0,66;3;130,4;8,22;463259301;138,23;AL;NEGATIF;SAT;POZITIF;ARTIYOR;AL;AL;NOTR;4;01.10.2026
TRMET;izle;;46,8;17,9;16,3;12,5;0;0;zayif;17,5;43,0;52,8;asagi;guclu;zayif;asagi;2,23;-0,80;2;127,3;-5,21;1970775982;146,21;SAT;NEGATIF;NOTR;NEGATIF;ARTIYOR;SAT;SAT;NOTR;0;01.10.2026
INVES;izle;;45,6;22,4;14,7;8,5;6;0;guclu trend;29,4;36,2;39,0;asagi;guclu;zayif;yukari;0,48;-1,09;3;704,5;1,22;20322712;783,94;SAT;NEGATIF;SAT;NEGATIF;AZALIYOR;SAT;AL;NOTR;1;01.10.2026
ISGYO;izle;;45,0;11,0;25,0;9,0;0;0;zayif;13,6;46,0;44,1;asagi;guclu;zayif;asagi;0,49;-0,64;1;23,94;0,50;20630678;25,73;AL;NEGATIF;NOTR;POZITIF;AZALIYOR;AL;AL;NOTR;4;01.10.2026
ALBRK;izle;;45,0;8,3;21,5;15,1;6;0;zayif;24,5;46,5;46,1;asagi;guclu;zayif;asagi;0,85;-0,41;3;8,38;0,96;129300274;9,13;SAT;NEGATIF;SAT;NEGATIF;AZALIYOR;SAT;AL;NOTR;1;01.10.2026
OZYSR;izle;;44,9;9,4;25,1;10,4;0;0;zayif;29,3;49,0;24,6;asagi;guclu;zayif;asagi;0,82;-0,59;2;11,55;7,24;26825972;12,68;AL;NEGATIF;SAT;POZITIF;ARTIYOR;AL;AL;NOTR;4;01.10.2026
ALARK;izle;;43,8;8,9;16,9;18,0;20;1;zayif;27,1;41,8;37,7;asagi;guclu;zayif;asagi;1,14;-1,14;4;101,9;3,29;473580861;111,34;SAT;NEGATIF;SAT;NEGATIF;ARTIYOR;SAT;AL;NOTR;1;01.10.2026
ZRGYO;izle;;43,5;13,6;21,3;8,6;16;1;zayif;16,7;48,5;33,6;yukari;guclu;zayif;asagi;0,84;0,09;3;19,29;-0,05;39006791;18,80;SAT;NEGATIF;NOTR;NEGATIF;AZALIYOR;AL;SAT;UCUZ (AL);1;01.10.2026
CCOLA;izle;;42,5;11,0;24,1;7,4;6;0;zayif;22,0;45,5;32,3;asagi;guclu;zayif;asagi;0,80;-1,04;3;77,85;0,52;330140675;84,13;AL;NEGATIF;SAT;NEGATIF;ARTIYOR;AL;AL;NOTR;3;01.10.2026
BNTAS;izle;;42,1;2,4;19,9;19,8;40;4;zayif;35,2;48,0;33,7;asagi;guclu;zayif;asagi;1,45;-1,13;1;5,74;5,71;26363877;5,89;SAT;NEGATIF;SAT;NEGATIF;ARTIYOR;AL;AL;NOTR;2;01.10.2026
ATATP;izle;;41,9;14,9;15,0;12,0;0;0;zayif;26,1;43,4;34,4;asagi;guclu;zayif;asagi;1,18;-0,93;2;242;10,00;192630548;272,25;SAT;NEGATIF;SAT;NEGATIF;ARTIYOR;AL;AL;NOTR;2;01.10.2026
BERA;izle;;41,4;2,4;19,7;19,2;0;0;zayif;32,9;49,2;48,2;asagi;guclu;zayif;asagi;1,77;-1,18;2;12,48;8,05;168656929;12,49;SAT;NEGATIF;SAT;NEGATIF;ARTIYOR;AL;AL;UCUZ (AL);2;01.10.2026
NTGAZ;izle;;41,3;1,9;21,6;17,8;6;0;zayif;23,2;51,1;41,8;asagi;guclu;zayif;asagi;1,22;-0,37;3;10,85;4,03;41275646;11,27;SAT;POZITIF;SAT;POZITIF;ARTIYOR;AL;AL;NOTR;4;01.10.2026
YKBNK;izle;;41,1;4,7;19,2;17,2;0;0;zayif;20,4;45,9;59,5;asagi;guclu;zayif;asagi;0,88;-0,66;1;34,82;2,29;7068957195;37,23;SAT;NEGATIF;SAT;NEGATIF;ARTIYOR;SAT;SAT;NOTR;0;01.10.2026
OFSYM;izle;;41,0;5,4;17,5;18,1;10;1;zayif;36,2;42,5;32,0;asagi;guclu;zayif;asagi;1,31;-0,97;1;57,2;3,25;77541064;66,99;SAT;NEGATIF;SAT;NEGATIF;AZALIYOR;SAT;AL;NOTR;1;01.10.2026
KNFRT;izle;;40,9;1,1;21,5;18,3;0;0;zayif;20,0;49,9;44,3;asagi;guclu;zayif;asagi;1,16;-0,44;2;11,41;9,92;49680030;12,40;SAT;NEGATIF;NOTR;NEGATIF;ARTIYOR;AL;AL;NOTR;2;01.10.2026
KERVN;izle;;40,3;14,8;13,5;12,0;0;0;zayif;25,2;45,7;19,4;asagi;zayif;zayif;yukari;0,20;-1,05;1;7,75;7,64;1856691;8,58;SAT;NEGATIF;SAT;POZITIF;ARTIYOR;AL;AL;NOTR;3;01.10.2026
RGYAS;izle;;40,2;14,5;17,9;7,9;0;0;zayif;26,6;43,5;30,4;asagi;guclu;zayif;asagi;0,88;-0,94;1;192,5;1,64;421518983;206,64;SAT;NEGATIF;SAT;POZITIF;AZALIYOR;SAT;SAT;NOTR;1;01.10.2026
TRGYO;izle;;40,1;8,3;17,5;14,3;0;0;zayif;12,8;43,1;39,4;asagi;guclu;zayif;asagi;1,37;-1,07;2;91;1,68;132115984;96,70;SAT;NEGATIF;NOTR;NEGATIF;AZALIYOR;SAT;AL;NOTR;1;01.10.2026
ENJSA;izle;;40,0;12,5;21,7;5,8;32;3;zayif;25,2;47,8;53,0;asagi;guclu;zayif;asagi;0,69;-0,33;2;108,7;3,13;298652380;117,47;SAT;NEGATIF;SAT;NEGATIF;ARTIYOR;AL;AL;NOTR;2;01.10.2026
HLGYO;izle;;40,0;2,0;23,0;14,9;32;3;zayif;17,3;47,9;43,9;asagi;guclu;zayif;asagi;1,11;-1,56;2;4,2;5,26;147126785;4,49;AL;NEGATIF;NOTR;POZITIF;ARTIYOR;AL;AL;NOTR;4;01.10.2026
GRSEL;izle;;39,1;5,4;20,2;13,5;0;0;zayif;25,8;45,1;53,5;asagi;guclu;zayif;asagi;1,03;-1,40;0;280,25;0,99;117458660;296,18;AL;NEGATIF;AL;POZITIF;AZALIYOR;AL;AL;NOTR;5;01.10.2026
MEPET;izle;;37,8;8,4;19,5;9,9;0;0;zayif;14,8;45,9;48,5;yukari;guclu;zayif;asagi;0,77;-0,70;0;19,26;1,42;8078395;17,41;SAT;NEGATIF;NOTR;POZITIF;ARTIYOR;SAT;SAT;NOTR;1;01.10.2026
METRO;izle;;37,1;12,4;17,9;6,8;0;0;zayif;39,4;45,5;37,9;asagi;guclu;zayif;asagi;0,87;-1,26;2;7,21;9,91;42115304;7,78;SAT;NEGATIF;SAT;POZITIF;ARTIYOR;AL;AL;NOTR;3;01.10.2026
EREGL;izle;;37,1;11,2;16,2;9,7;10;1;zayif;14,4;44,0;32,9;asagi;guclu;zayif;asagi;0,77;-1,18;1;36,62;1,89;3513711961;40,26;SAT;NEGATIF;NOTR;POZITIF;ARTIYOR;SAT;SAT;NOTR;1;01.10.2026
TAVHL;izle;;36,4;8,5;15,6;12,3;16;1;zayif;15,7;42,2;42,3;yukari;guclu;zayif;asagi;1,14;-1,06;3;262;0,29;1016955358;251,55;SAT;NEGATIF;NOTR;NEGATIF;ARTIYOR;SAT;SAT;UCUZ (AL);0;01.10.2026
AKSGY;izle;;36,1;12,5;17,0;6,5;10;1;zayif;29,3;41,1;28,2;asagi;guclu;zayif;asagi;0,75;-1,00;2;9,37;-0,85;34502401;10,14;SAT;NEGATIF;SAT;NEGATIF;AZALIYOR;AL;AL;NOTR;2;01.10.2026
VRGYO;izle;;36,0;10,4;7,6;18,0;10;1;zayif;32,0;36,9;34,1;yukari;zayif;zayif;asagi;2,32;-3,72;0;1,29;-5,15;59121092;1,16;SAT;NEGATIF;SAT;NEGATIF;ARTIYOR;AL;AL;UCUZ (AL);2;01.10.2026
OYAKC;izle;;35,8;2,2;20,8;12,8;6;0;zayif;28,4;46,4;46,0;asagi;guclu;zayif;asagi;0,60;-0,72;3;20,72;2,57;180495235;22,37;SAT;NEGATIF;SAT;POZITIF;AZALIYOR;SAT;AL;UCUZ (AL);2;01.10.2026
AKCNS;izle;;35,7;7,5;14,2;14,0;28;2;zayif;20,9;44,1;54,6;asagi;guclu;zayif;asagi;1,02;-1,34;3;206,4;0,68;199658770;225,55;SAT;NEGATIF;SAT;NEGATIF;ARTIYOR;AL;AL;NOTR;2;01.10.2026
KLGYO;izle;;35,7;2,4;15,3;18,0;0;0;zayif;32,2;44,3;39,9;asagi;guclu;zayif;asagi;2,37;-1,53;2;4,05;1,25;87612836;4,33;SAT;NEGATIF;SAT;POZITIF;ARTIYOR;AL;AL;UCUZ (AL);3;01.10.2026
ENKAI;izle;;35,3;2,0;13,4;19,9;0;0;zayif;26,4;40,0;30,8;asagi;guclu;zayif;asagi;1,11;-1,71;1;82,65;0,24;1094423943;91,18;SAT;NEGATIF;SAT;NEGATIF;ARTIYOR;SAT;SAT;NOTR;0;01.10.2026
BASGZ;izle;;34,5;2,0;19,5;13,1;6;0;zayif;26,6;45,5;33,5;asagi;guclu;zayif;asagi;2,03;-1,31;3;41,52;6,74;29830750;43,21;SAT;NEGATIF;SAT;NEGATIF;ARTIYOR;AL;AL;NOTR;2;01.10.2026
NUHCM;izle;;34,4;1,8;26,1;6,6;10;1;zayif;16,5;52,9;50,2;asagi;guclu;zayif;asagi;0,67;-0,18;2;213,7;2,54;8784566;224,95;AL;POZITIF;NOTR;POZITIF;ARTIYOR;AL;AL;NOTR;5;01.10.2026
EGPRO;izle;;34,4;10,1;20,3;4,0;0;0;zayif;27,4;45,7;37,2;asagi;guclu;zayif;asagi;0,70;-0,96;2;34,2;1,60;26960954;37,92;SAT;NEGATIF;SAT;NEGATIF;AZALIYOR;AL;AL;NOTR;2;01.10.2026
THYAO;izle;;34,2;2,2;20,9;11,1;0;0;zayif;28,2;44,2;54,6;asagi;guclu;zayif;asagi;0,80;-1,46;2;286,5;1,15;9567478697;301,24;AL;NEGATIF;SAT;NEGATIF;AZALIYOR;SAT;SAT;NOTR;1;01.10.2026
AGHOL;izle;;33,9;5,5;13,8;14,7;6;0;zayif;17,3;40,5;59,8;asagi;guclu;zayif;asagi;0,85;-1,21;3;31,8;1,02;130331569;35,60;SAT;NEGATIF;NOTR;NEGATIF;ARTIYOR;SAT;AL;NOTR;1;01.10.2026
CANTE;izle;;33,8;2,4;13,3;18,0;0;0;zayif;37,2;41,5;45,1;asagi;guclu;zayif;asagi;1,36;-1,80;2;1,1;7,84;663746958;1,23;SAT;NEGATIF;SAT;NEGATIF;ARTIYOR;SAT;AL;UCUZ (AL);1;01.10.2026
FMIZP;izle;;33,8;0,7;20,4;12,8;0;0;zayif;16,8;46,4;43,8;asagi;guclu;zayif;asagi;1,02;-0,92;2;272,5;6,03;22321293;293,40;SAT;NEGATIF;NOTR;NEGATIF;ARTIYOR;SAT;AL;NOTR;1;01.10.2026
AYES;izle;;33,5;5,4;19,5;8,5;0;0;zayif;33,3;45,1;46,5;asagi;guclu;zayif;asagi;0,73;-1,98;1;7,67;9,73;1559388;7,85;AL;NEGATIF;SAT;NEGATIF;ARTIYOR;AL;AL;NOTR;3;01.10.2026
ARSAN;izle;;33,5;7,9;20,9;4,6;0;0;zayif;19,1;45,5;45,1;asagi;guclu;zayif;asagi;0,98;-0,67;2;3,55;6,29;61570902;3,97;SAT;NEGATIF;NOTR;NEGATIF;ARTIYOR;SAT;AL;NOTR;1;01.10.2026
KRVGD;izle;;33,5;2,4;23,0;8,0;0;0;zayif;31,0;46,1;39,1;asagi;guclu;zayif;asagi;0,45;-1,67;0;2,16;3,85;9407012;2,27;AL;NEGATIF;SAT;POZITIF;AZALIYOR;AL;AL;UCUZ (AL);4;01.10.2026
AKFYE;izle;;33,3;4,6;20,6;8,0;0;0;zayif;12,3;46,7;29,9;asagi;guclu;zayif;asagi;0,69;-0,79;2;3,6;3,75;183161070;4,09;SAT;NEGATIF;NOTR;POZITIF;AZALIYOR;AL;AL;NOTR;3;01.10.2026
CRFSA;izle;;32,9;22,2;8,8;2,0;40;4;zayif;28,0;39,7;52,9;asagi;zayif;zayif;asagi;0,82;-1,33;2;204,1;4,83;292725323;257,19;SAT;NEGATIF;SAT;NEGATIF;AZALIYOR;SAT;AL;NOTR;1;01.10.2026
DMSAS;izle;;32,8;10,4;17,3;5,1;0;0;zayif;36,4;46,9;36,8;yukari;zayif;zayif;asagi;0,76;-1,74;2;6,8;9,85;21660509;4,99;AL;NEGATIF;SAT;POZITIF;ARTIYOR;AL;AL;UCUZ (AL);4;01.10.2026
TRENJ;izle;;32,6;12,7;9,9;10,0;50;5;zayif;18,4;36,5;41,5;asagi;guclu;zayif;asagi;1,45;-1,62;4;92,4;-3,60;201615229;110,08;SAT;NEGATIF;NOTR;NEGATIF;ARTIYOR;SAT;SAT;NOTR;0;01.10.2026
ISBTR;izle;;32,2;5,4;8,7;18,0;42;3;zayif;33,4;33,0;27,3;asagi;zayif;zayif;asagi;1,84;-4,42;4;425000;4,04;3400000;437401,99;SAT;NEGATIF;SAT;NEGATIF;ARTIYOR;AL;AL;NOTR;2;01.10.2026
SAHOL;izle;;32,1;2,4;15,7;14,0;28;2;zayif;33,1;40,8;52,5;asagi;guclu;zayif;asagi;1,31;-1,54;3;86,1;1,53;3989217229;94,57;SAT;NEGATIF;SAT;NEGATIF;AZALIYOR;SAT;AL;NOTR;1;01.10.2026
ECILC;izle;;32,0;1,4;22,5;8,1;10;1;zayif;22,0;46,1;46,3;asagi;guclu;zayif;asagi;0,68;-1,39;1;64,9;2,77;281115194;69,49;AL;NEGATIF;SAT;POZITIF;AZALIYOR;AL;SAT;UCUZ (AL);3;01.10.2026
EGEEN;izle;;31,8;0,8;21,2;9,8;0;0;zayif;18,2;46,9;58,6;asagi;guclu;zayif;asagi;0,81;-0,57;2;5205;2,66;194609745;6130,57;SAT;NEGATIF;NOTR;NEGATIF;AZALIYOR;SAT;SAT;UCUZ (AL);0;01.10.2026
GUBRF;izle;;31,7;5,4;14,7;11,6;22;2;zayif;30,4;39,9;37,4;asagi;guclu;zayif;asagi;0,91;-1,70;1;414,75;0,85;1272394935;484,09;SAT;NEGATIF;SAT;NEGATIF;ARTIYOR;SAT;SAT;NOTR;0;01.10.2026
DOCO;izle;;31,6;7,8;14,7;9,2;0;0;zayif;20,3;37,3;30,4;asagi;guclu;zayif;asagi;1,01;-1,63;2;10440;-0,43;51166440;11409,46;SAT;NEGATIF;SAT;NEGATIF;AZALIYOR;AL;AL;NOTR;2;01.10.2026
AYDEM;izle;;31,5;4,3;17,4;9,8;6;0;zayif;21,3;43,7;32,2;asagi;guclu;zayif;asagi;1,22;-1,16;3;23,94;1,87;68023954;26,22;SAT;NEGATIF;SAT;NEGATIF;AZALIYOR;AL;AL;NOTR;2;01.10.2026
OTTO;izle;;30,9;2,4;10,4;18,0;0;0;zayif;50,1;33,1;33,4;asagi;zayif;zayif;asagi;1,72;-4,67;0;99,65;5,51;53616583;112,88;AL;NEGATIF;SAT;NEGATIF;ARTIYOR;AL;AL;UCUZ (AL);3;01.10.2026
KGYO;izle;;30,8;8,0;9,9;12,9;0;0;zayif;25,5;41,7;57,2;asagi;zayif;zayif;asagi;1,00;-1,50;0;9,43;1,95;150441354;10,43;SAT;NEGATIF;SAT;NEGATIF;AZALIYOR;AL;AL;NOTR;2;01.10.2026
SEKFK;izle;;30,7;2,4;18,3;10,0;6;0;zayif;30,9;43,3;26,8;asagi;guclu;zayif;asagi;1,70;-2,05;3;4,12;4,83;3705853;4,48;AL;NEGATIF;SAT;POZITIF;ARTIYOR;AL;AL;NOTR;4;01.10.2026
ORMA;izle;;30,7;10,1;16,5;4,0;0;0;zayif;27,6;43,9;31,9;yukari;zayif;zayif;asagi;0,32;-2,73;2;136,3;4,69;386138;126,59;AL;NEGATIF;SAT;POZITIF;AZALIYOR;AL;SAT;NOTR;3;01.10.2026
ETYAT;izle;;30,6;13,4;8,1;9,1;40;4;zayif;32,5;38,7;45,3;yukari;zayif;zayif;asagi;1,00;-2,27;1;9,99;0,91;9912757;7,85;SAT;NEGATIF;SAT;NEGATIF;AZALIYOR;AL;AL;NOTR;2;01.10.2026
UNLU;izle;;30,5;7,4;13,1;10,0;0;0;zayif;35,2;41,5;57,5;asagi;guclu;zayif;asagi;2,95;-1,30;2;10,3;-4,89;288320628;14,10;SAT;NEGATIF;SAT;NEGATIF;ARTIYOR;SAT;SAT;UCUZ (AL);0;01.10.2026
AKBNK;izle;;30,5;1,3;14,7;14,5;32;3;zayif;21,2;41,6;46,2;asagi;guclu;zayif;asagi;1,40;-1,11;2;67,55;0,82;17766814292;74,93;SAT;NEGATIF;SAT;NEGATIF;ARTIYOR;SAT;SAT;NOTR;0;01.10.2026
BLUME;izle;;30,5;1,3;21,1;8,0;0;0;zayif;21,8;46,7;52,9;asagi;guclu;zayif;asagi;0,45;-0,59;2;35,2;4,95;36681357;40,56;SAT;NEGATIF;SAT;NEGATIF;AZALIYOR;SAT;AL;NOTR;1;01.10.2026
ULKER;izle;;30,4;1,9;16,4;12,1;6;0;zayif;26,3;43,0;42,1;asagi;guclu;zayif;asagi;0,78;-2,06;3;85,75;2,76;346933867;93,03;SAT;NEGATIF;SAT;NEGATIF;ARTIYOR;SAT;AL;UCUZ (AL);1;01.10.2026
ALGYO;izle;;30,4;2,4;9,9;18,0;32;3;zayif;33,4;35,7;24,6;asagi;zayif;zayif;asagi;1,79;-3,52;2;3,02;4,14;125283839;3,37;SAT;NEGATIF;SAT;NEGATIF;ARTIYOR;SAT;AL;UCUZ (AL);1;01.10.2026
ASGYO;izle;;30,3;1,7;15,7;12,9;0;0;zayif;24,6;41,1;31,1;asagi;guclu;zayif;asagi;1,00;-1,93;2;10,11;3,06;31596975;10,89;SAT;NEGATIF;SAT;NEGATIF;AZALIYOR;AL;AL;NOTR;2;01.10.2026
SNPAM;izle;;30,2;0,5;19,0;10,7;10;1;zayif;15,7;45,2;31,2;asagi;guclu;zayif;asagi;0,38;-1,92;2;18,69;2,92;326066;19,25;SAT;NEGATIF;NOTR;POZITIF;ARTIYOR;SAT;AL;UCUZ (AL);2;01.10.2026
TTKOM;izle;;30,1;0,2;18,7;11,3;0;0;zayif;13,2;46,0;50,0;asagi;guclu;zayif;asagi;0,69;-1,00;2;52,45;1,75;1492793821;58,37;SAT;NEGATIF;NOTR;NEGATIF;ARTIYOR;SAT;SAT;NOTR;0;01.10.2026
OZKGY;izle;;29,9;1,9;17,0;11,0;0;0;zayif;26,2;44,2;36,3;asagi;guclu;zayif;asagi;0,62;-1,40;2;12,32;2,33;23393425;13,12;SAT;NEGATIF;SAT;NEGATIF;AZALIYOR;AL;AL;UCUZ (AL);2;01.10.2026
TRCAS;izle;;29,8;8,8;17,4;3,6;16;1;zayif;28,3;42,0;29,5;asagi;guclu;zayif;asagi;0,64;-0,93;3;44;6,59;23276968;48,19;SAT;NEGATIF;SAT;NEGATIF;ARTIYOR;SAT;AL;NOTR;1;01.10.2026
AGESA;izle;;29,8;9,9;16,0;3,9;6;0;zayif;33,1;40,6;49,8;asagi;guclu;zayif;asagi;0,65;-1,35;3;233;2,06;23883199;249,51;SAT;NEGATIF;SAT;NEGATIF;ARTIYOR;SAT;AL;NOTR;1;01.10.2026
ASTOR;izle;;29,5;5,4;6,1;18,0;32;3;zayif;38,9;31,8;54,0;asagi;zayif;zayif;asagi;4,92;-3,81;0;209,6;9,97;35359262402;243,65;SAT;NEGATIF;SAT;NEGATIF;ARTIYOR;SAT;SAT;NOTR;0;01.10.2026
OYLUM;izle;;29,5;2,4;19,5;7,5;6;0;zayif;32,6;44,4;44,1;asagi;guclu;zayif;asagi;0,91;-1,55;3;6,5;4,50;2873930;6,99;AL;NEGATIF;SAT;POZITIF;ARTIYOR;AL;AL;UCUZ (AL);4;01.10.2026
FORTE;izle;;29,5;8,0;12,8;8,6;0;0;zayif;23,2;44,1;26,9;asagi;zayif;zayif;asagi;0,98;-1,22;2;99,15;8,18;114106381;108,16;SAT;NEGATIF;SAT;NEGATIF;ARTIYOR;AL;AL;NOTR;2;01.10.2026
BRISA;izle;;29,0;1,6;17,0;10,4;0;0;zayif;23,5;44,9;55,5;asagi;guclu;zayif;asagi;1,20;-1,74;2;72,2;5,09;16667370;77,10;SAT;NEGATIF;SAT;NEGATIF;ARTIYOR;AL;AL;UCUZ (AL);2;01.10.2026
ICBCT;izle;;28,5;4,9;5,6;18,0;0;0;zayif;25,7;30,3;29,7;asagi;zayif;zayif;asagi;1,91;-3,74;2;15,68;1,49;32859071;17,92;SAT;NEGATIF;SAT;NEGATIF;ARTIYOR;AL;AL;NOTR;2;01.10.2026
KONKA;izle;;28,1;2,4;11,7;14,0;0;0;zayif;53,9;37,2;29,5;asagi;zayif;zayif;asagi;2,11;-4,26;2;7,96;3,78;42830364;8,23;AL;NEGATIF;SAT;NEGATIF;ARTIYOR;AL;AL;UCUZ (AL);3;01.10.2026
PSDTC;izle;;27,8;2,4;7,3;18,0;40;4;zayif;34,8;36,0;62,9;asagi;zayif;zayif;asagi;1,36;-2,86;0;99,75;3,37;54418613;119,52;SAT;NEGATIF;SAT;NEGATIF;AZALIYOR;AL;AL;NOTR;2;01.10.2026
PETKM;izle;;27,7;10,7;13,1;3,9;16;1;zayif;17,0;40,8;23,1;asagi;guclu;zayif;asagi;0,93;-1,29;3;19,25;1,80;2163036491;23,05;SAT;NEGATIF;NOTR;NEGATIF;AZALIYOR;SAT;AL;NOTR;1;01.10.2026
YEOTK;izle;;27,6;4,5;9,2;14,0;0;0;zayif;22,9;42,2;49,4;asagi;zayif;zayif;asagi;1,34;-2,00;2;29,12;8,17;762882994;35,14;SAT;NEGATIF;SAT;NEGATIF;ARTIYOR;SAT;SAT;NOTR;0;01.10.2026
TABGD;izle;;27,5;1,9;14,0;11,6;0;0;zayif;26,0;40,0;38,1;asagi;guclu;zayif;asagi;0,85;-1,80;1;219;2,29;146155344;238,40;SAT;NEGATIF;SAT;NEGATIF;ARTIYOR;AL;AL;NOTR;2;01.10.2026
KTLEV;izle;;27,4;5,4;4,0;18,0;0;0;zayif;52,1;19,8;75,4;asagi;zayif;zayif;asagi;4,71;-8,26;0;9,96;3,64;5304133160;17,72;SAT;NEGATIF;SAT;NEGATIF;AZALIYOR;AL;AL;NOTR;2;01.10.2026
SEKUR;izle;;27,4;5,4;4,0;18,0;0;0;zayif;47,3;21,4;27,4;asagi;zayif;zayif;asagi;1,94;-7,19;0;3,87;9,94;14512183;4,90;SAT;NEGATIF;SAT;NEGATIF;AZALIYOR;AL;AL;NOTR;2;01.10.2026
EUPWR;izle;;27,2;5,4;7,1;14,7;10;1;zayif;39,2;35,3;47,2;asagi;zayif;zayif;asagi;1,10;-3,20;2;54,35;8,48;1754507351;70,41;SAT;NEGATIF;SAT;NEGATIF;ARTIYOR;SAT;SAT;NOTR;0;01.10.2026
TUKAS;izle;;27,1;1,6;15,6;10,0;28;2;zayif;23,4;42,2;47,9;asagi;guclu;zayif;asagi;1,48;-1,13;3;1,94;0,00;395142890;2,31;SAT;NEGATIF;SAT;POZITIF;ARTIYOR;SAT;SAT;UCUZ (AL);1;01.10.2026
MRGYO;izle;;27,0;2,4;7,6;16,9;0;0;zayif;34,9;37,1;46,9;asagi;zayif;zayif;asagi;1,24;-2,74;0;1,12;9,80;223988043;1,46;SAT;NEGATIF;SAT;NEGATIF;AZALIYOR;SAT;AL;UCUZ (AL);1;01.10.2026
GRTHO;izle;;27,0;2,4;6,5;18,0;0;0;zayif;32,4;33,4;33,5;asagi;zayif;zayif;asagi;2,54;-4,22;1;127,3;3,08;567590601;158,68;SAT;NEGATIF;SAT;NEGATIF;ARTIYOR;AL;AL;UCUZ (AL);2;01.10.2026
TATGD;izle;;26,8;4,8;19,6;2,5;0;0;zayif;17,2;45,9;26,1;asagi;guclu;zayif;asagi;0,82;-1,26;2;16,69;5,50;24168255;17,62;SAT;NEGATIF;NOTR;NEGATIF;ARTIYOR;AL;AL;NOTR;2;01.10.2026
AKFGY;izle;;26,7;0,8;20,9;5,0;10;1;zayif;14,2;48,6;24,1;asagi;guclu;zayif;asagi;0,46;-0,69;2;2,53;3,27;40308795;2,72;SAT;NEGATIF;NOTR;POZITIF;AZALIYOR;AL;AL;NOTR;3;01.10.2026
BUCIM;izle;;26,6;1,7;15,8;9,1;10;0;zayif;24,2;41,1;26,0;asagi;guclu;zayif;asagi;0,88;-1,70;5;5,05;4,12;17651073;5,46;SAT;NEGATIF;SAT;NEGATIF;ARTIYOR;SAT;AL;UCUZ (AL);1;01.10.2026
TTRAK;izle;;26,6;2,3;16,0;8,3;0;0;zayif;28,8;41,3;20,1;asagi;guclu;zayif;asagi;0,92;-1,43;1;405,25;-0,43;36149111;438,34;SAT;NEGATIF;SAT;NEGATIF;AZALIYOR;SAT;AL;UCUZ (AL);1;01.10.2026
KRSTL;izle;;26,5;2,4;15,3;8,7;0;0;zayif;48,2;40,5;43,4;asagi;zayif;zayif;asagi;0,98;-2,87;1;8,02;6,23;29709873;8,61;AL;NEGATIF;SAT;POZITIF;ARTIYOR;AL;AL;NOTR;4;01.10.2026
OYYAT;izle;;26,3;1,4;6,9;18,0;0;0;zayif;22,6;34,5;52,5;asagi;zayif;zayif;asagi;1,56;-3,08;1;28,3;2,69;42615583;32,28;SAT;NEGATIF;SAT;NEGATIF;ARTIYOR;SAT;AL;UCUZ (AL);1;01.10.2026
EGGUB;izle;;26,1;1,5;20,9;3,7;6;0;zayif;23,1;46,0;26,4;asagi;guclu;zayif;asagi;0,70;-0,70;3;99,95;4,88;34000691;110,49;SAT;NEGATIF;SAT;NEGATIF;ARTIYOR;SAT;AL;NOTR;1;01.10.2026
OTKAR;izle;;25,8;0,5;21,4;3,9;6;0;zayif;15,8;50,6;43,4;asagi;guclu;zayif;asagi;0,31;-0,48;3;309,5;9,95;31029232;318,94;SAT;POZITIF;NOTR;POZITIF;ARTIYOR;AL;AL;UCUZ (AL);4;01.10.2026
GSDHO;izle;;25,7;2,0;9,7;14,0;10;0;zayif;26,7;36,2;51,9;asagi;zayif;zayif;asagi;1,79;-2,73;4;4,05;2,02;102507116;4,61;SAT;NEGATIF;SAT;NEGATIF;AZALIYOR;AL;SAT;NOTR;1;01.10.2026
FROTO;izle;;25,7;1,9;16,6;7,2;6;0;zayif;25,7;43,8;35,7;asagi;guclu;zayif;asagi;0,85;-1,51;3;75,45;2,58;1419318470;81,82;SAT;NEGATIF;SAT;NEGATIF;ARTIYOR;SAT;AL;UCUZ (AL);1;01.10.2026
GARAN;izle;;25,7;1,4;15,9;8,4;32;3;zayif;22,4;44,0;55,4;asagi;guclu;zayif;asagi;0,84;-0,99;2;126,2;2,69;3615406500;136,38;SAT;NEGATIF;SAT;NEGATIF;ARTIYOR;SAT;SAT;NOTR;0;01.10.2026
MAKIM;izle;;25,7;1,5;6,1;18,0;6;0;zayif;23,1;36,0;54,2;asagi;zayif;zayif;asagi;1,35;-2,77;3;12,25;3,46;22754289;14,48;SAT;NEGATIF;SAT;NEGATIF;ARTIYOR;SAT;SAT;NOTR;0;01.10.2026
VERUS;izle;;25,6;6,1;8,7;10,8;10;1;zayif;40,2;40,8;44,7;asagi;zayif;zayif;asagi;0,87;-1,69;0;470;0,32;34283680;538,78;SAT;NEGATIF;SAT;NEGATIF;AZALIYOR;AL;AL;NOTR;2;01.10.2026
BAGFS;izle;;25,5;2,4;12,5;10,6;10;1;zayif;33,0;38,3;17,2;asagi;guclu;zayif;asagi;0,86;-2,28;1;22,62;5,41;18609429;24,86;SAT;NEGATIF;SAT;NEGATIF;ARTIYOR;SAT;AL;NOTR;1;01.10.2026
BANVT;izle;;25,5;1,1;11,3;13,1;0;0;zayif;20,2;37,6;40,3;asagi;guclu;zayif;asagi;1,00;-2,68;1;133,5;4,71;15654344;144,68;SAT;NEGATIF;SAT;NEGATIF;ARTIYOR;AL;AL;UCUZ (AL);2;01.10.2026
VAKKO;izle;;25,2;0,0;12,5;12,7;6;0;zayif;10,9;36,5;40,4;asagi;guclu;zayif;asagi;1,18;-1,79;3;59,9;2,74;9512539;70,34;SAT;NEGATIF;NOTR;NEGATIF;ARTIYOR;SAT;AL;NOTR;1;01.10.2026
PRKME;izle;;25,1;2,4;8,7;14,0;0;0;zayif;31,7;38,2;33,9;asagi;zayif;zayif;asagi;1,49;-2,64;2;15,01;9,96;42265984;15,99;SAT;NEGATIF;SAT;NEGATIF;ARTIYOR;AL;AL;NOTR;2;01.10.2026
CIMSA;izle;;25,1;1,9;12,9;10,3;6;0;zayif;26,0;38,0;40,0;asagi;guclu;zayif;asagi;1,33;-2,42;3;41,24;-1,06;405538489;45,94;SAT;NEGATIF;SAT;NEGATIF;AZALIYOR;SAT;SAT;NOTR;0;01.10.2026
MGROS;izle;;25,0;2,4;14,5;8,0;0;0;zayif;32,7;35,6;36,8;asagi;zayif;zayif;asagi;1,18;-3,46;2;500;-0,89;2110357000;553,46;AL;NEGATIF;SAT;NEGATIF;ARTIYOR;SAT;SAT;NOTR;1;01.10.2026
ENTRA;izle;;25,0;1,5;23,5;0,0;0;0;zayif;23,1;46,1;49,8;asagi;guclu;zayif;asagi;0,48;-1,27;0;4,15;2,22;37172397;4,51;AL;NEGATIF;SAT;POZITIF;AZALIYOR;AL;AL;NOTR;4;01.10.2026
DESA;izle;;24,9;2,4;16,2;6,3;6;0;zayif;29,8;42,4;36,4;asagi;guclu;zayif;asagi;1,00;-1,78;3;8,92;3,96;16469603;9,82;SAT;NEGATIF;SAT;NEGATIF;ARTIYOR;AL;AL;UCUZ (AL);2;01.10.2026
EUYO;izle;;24,9;2,0;9,0;14,0;6;0;zayif;26,5;41,5;31,7;asagi;zayif;zayif;asagi;1,70;-2,23;3;3,9;9,86;7025117;4,42;SAT;NEGATIF;SAT;NEGATIF;ARTIYOR;AL;AL;NOTR;2;01.10.2026
BALSU;izle;;24,9;2,4;13,3;9,1;0;0;zayif;36,9;42,6;46,5;asagi;zayif;zayif;asagi;0,77;-3,36;1;7,48;10,00;377736851;8,50;AL;NEGATIF;SAT;POZITIF;AZALIYOR;AL;AL;UCUZ (AL);4;01.10.2026
DIRIT;izle;;24,8;0,6;6,2;18,0;6;0;zayif;16,2;32,4;24,9;asagi;zayif;zayif;asagi;1,41;-3,17;3;19,9;0,00;1613154;23,60;SAT;NEGATIF;NOTR;NEGATIF;AZALIYOR;SAT;SAT;NOTR;0;01.10.2026
GOLTS;izle;;24,8;2,4;8,3;14,0;0;0;zayif;31,0;31,7;39,1;asagi;zayif;zayif;asagi;1,35;-3,96;2;253;1,00;43151174;281,36;SAT;NEGATIF;SAT;NEGATIF;AZALIYOR;SAT;SAT;UCUZ (AL);0;01.10.2026
KLRHO;izle;;24,4;2,4;4,0;18,0;0;0;zayif;55,5;7,8;0,0;asagi;zayif;zayif;asagi;6,28;-11,87;0;10,25;0,89;640500463;15,51;SAT;NEGATIF;SAT;NEGATIF;ARTIYOR;AL;AL;UCUZ (AL);2;01.10.2026
KAPLM;izle;;24,4;2,4;4,0;18,0;0;0;zayif;64,5;14,1;24,5;asagi;zayif;zayif;asagi;7,78;-9,19;0;128,7;0,00;325830948;195,72;SAT;NEGATIF;SAT;NEGATIF;ARTIYOR;AL;SAT;UCUZ (AL);1;01.10.2026
TDGYO;izle;;24,4;2,4;4,0;18,0;0;0;zayif;31,1;19,5;40,7;asagi;zayif;zayif;asagi;2,80;-5,85;1;7,2;1,41;41297328;11,08;SAT;NEGATIF;SAT;NEGATIF;ARTIYOR;SAT;AL;UCUZ (AL);1;01.10.2026
EKGYO;izle;;24,4;1,0;20,9;2,5;10;1;zayif;19,2;46,6;39,2;asagi;guclu;zayif;asagi;0,68;-0,68;2;19,03;3,20;2246464934;21,06;SAT;NEGATIF;NOTR;NEGATIF;ARTIYOR;SAT;AL;NOTR;1;01.10.2026
BOSSA;izle;;24,3;0,7;14,7;8,9;6;0;zayif;17,5;38,4;68,9;asagi;guclu;zayif;asagi;0,21;-1,60;3;6,04;2,72;4547691;6,76;SAT;NEGATIF;NOTR;NEGATIF;AZALIYOR;SAT;AL;NOTR;1;01.10.2026
AKSEN;izle;;24,0;5,4;16,4;2,1;0;0;zayif;30,9;43,8;43,2;asagi;zayif;zayif;asagi;0,83;-1,59;0;72,35;-0,75;482421769;77,56;AL;NEGATIF;SAT;POZITIF;AZALIYOR;AL;SAT;NOTR;3;01.10.2026
TSKB;izle;;23,9;2,4;10,8;10,6;10;1;zayif;33,0;34,1;32,0;asagi;guclu;zayif;asagi;1,30;-3,12;2;9,82;1,87;302651320;10,90;SAT;NEGATIF;SAT;NEGATIF;AZALIYOR;SAT;AL;UCUZ (AL);1;01.10.2026
EUHOL;izle;;23,9;10,4;13,4;0,0;0;0;zayif;37,6;43,1;24,0;yukari;zayif;zayif;asagi;0,44;-2,66;1;8,2;-0,61;1862704;7,11;AL;NEGATIF;SAT;POZITIF;AZALIYOR;AL;AL;UCUZ (AL);4;01.10.2026
ARDYZ;izle;;23,8;14,2;8,2;1,3;0;0;zayif;37,7;39,1;32,8;asagi;zayif;zayif;asagi;0,78;-2,04;1;61,8;9,96;281378490;74,55;SAT;NEGATIF;SAT;POZITIF;ARTIYOR;SAT;AL;NOTR;2;01.10.2026
KCAER;izle;;23,8;5,4;4,3;14,0;0;0;zayif;49,9;26,1;37,0;asagi;zayif;zayif;asagi;1,36;-4,30;2;10,8;0,47;212802379;12,58;SAT;NEGATIF;SAT;NEGATIF;AZALIYOR;AL;AL;NOTR;2;01.10.2026
KLYPV;izle;;23,6;2,3;13,3;8,0;6;0;zayif;28,8;39,4;18,7;asagi;guclu;zayif;asagi;0,63;-1,56;3;53,75;4,17;83554429;61,19;SAT;NEGATIF;SAT;NEGATIF;ARTIYOR;AL;AL;NOTR;2;01.10.2026
GSDDE;izle;;23,5;6,4;16,3;0,8;0;0;zayif;15,3;43,9;29,9;asagi;guclu;zayif;asagi;0,75;-1,18;2;11,96;8,14;33712848;13,38;SAT;NEGATIF;NOTR;NEGATIF;ARTIYOR;SAT;AL;NOTR;1;01.10.2026
PASEU;izle;;23,5;2,4;4,0;17,1;0;0;zayif;48,5;22,1;78,2;asagi;zayif;zayif;asagi;1,24;-8,58;0;31,12;9,96;265135305;50,70;SAT;NEGATIF;SAT;NEGATIF;AZALIYOR;AL;AL;UCUZ (AL);2;01.10.2026
TCELL;izle;;23,3;2,1;17,6;3,7;0;0;zayif;27,3;44,6;39,3;asagi;guclu;zayif;asagi;0,65;-1,21;2;97,7;1,66;1656578631;105,37;SAT;NEGATIF;SAT;NEGATIF;ARTIYOR;SAT;SAT;NOTR;0;01.10.2026
ARZUM;izle;;23,3;2,4;6,8;14,0;6;0;zayif;35,6;34,4;19,9;asagi;zayif;zayif;asagi;1,43;-4,46;3;1,23;7,89;16474341;1,34;SAT;NEGATIF;SAT;NEGATIF;ARTIYOR;AL;AL;UCUZ (AL);2;01.10.2026
KTSKR;izle;;23,0;2,4;7,7;12,8;6;0;zayif;41,8;37,4;17,4;asagi;zayif;zayif;asagi;1,23;-3,95;3;63,7;9,92;24800512;67,79;SAT;NEGATIF;SAT;NEGATIF;ARTIYOR;AL;AL;NOTR;2;01.10.2026
AKSA;izle;;22,9;5,0;14,9;3,0;6;0;zayif;26,8;42,0;30,1;asagi;guclu;zayif;asagi;0,88;-1,91;3;10,48;2,24;146190645;11,40;SAT;NEGATIF;SAT;NEGATIF;AZALIYOR;SAT;AL;NOTR;1;01.10.2026
MSGYO;izle;;22,7;2,1;14,2;6,4;6;0;zayif;27,2;44,5;43,1;asagi;guclu;zayif;asagi;0,84;-1,70;3;5,15;3,83;8483065;5,51;SAT;NEGATIF;SAT;NEGATIF;AZALIYOR;AL;AL;NOTR;2;01.10.2026
EGSER;izle;;22,7;2,4;14,3;6,0;0;0;zayif;32,3;40,2;34,7;asagi;guclu;zayif;asagi;0,97;-2,12;2;2,62;2,75;4365009;2,80;SAT;NEGATIF;SAT;NEGATIF;ARTIYOR;AL;AL;NOTR;2;01.10.2026
AVPGY;izle;;22,7;1,6;16,7;4,3;6;0;zayif;24,1;41,9;35,3;asagi;guclu;zayif;asagi;0,84;-1,21;3;51;5,85;31536870;56,21;SAT;NEGATIF;SAT;NEGATIF;ARTIYOR;SAT;AL;NOTR;1;01.10.2026
ALTIN;izle;;22,3;0,3;15,3;6,8;6;0;zayif;14,0;39,2;46,3;asagi;guclu;zayif;asagi;0,82;-1,86;3;71,36;-0,29;904758811;74,81;SAT;NEGATIF;NOTR;NEGATIF;AZALIYOR;SAT;SAT;UCUZ (AL);0;01.10.2026
OBASE;izle;;22,3;2,4;5,8;14,0;10;0;zayif;39,7;31,0;18,2;asagi;zayif;zayif;asagi;1,50;-3,74;4;26,56;1,45;16854100;31,80;SAT;NEGATIF;SAT;NEGATIF;ARTIYOR;AL;AL;NOTR;2;01.10.2026
GLRMK;izle;;22,2;2,4;11,8;8,0;0;0;zayif;29,5;41,7;32,5;asagi;zayif;zayif;asagi;0,62;-1,85;2;142;7,58;496196138;162,11;SAT;NEGATIF;SAT;POZITIF;ARTIYOR;SAT;AL;NOTR;2;01.10.2026
CMENT;izle;;22,2;2,4;17,7;2,0;6;0;zayif;58,0;43,5;35,4;asagi;guclu;zayif;asagi;0,82;-2,70;3;231;-2,37;943404;243,04;AL;NEGATIF;SAT;NEGATIF;AZALIYOR;AL;AL;UCUZ (AL);3;01.10.2026
DOHOL;izle;;22,1;5,3;10,6;6,2;6;0;zayif;29,2;33,1;31,0;asagi;guclu;zayif;asagi;0,75;-2,73;3;18,85;2,61;205648674;21,02;SAT;NEGATIF;SAT;NEGATIF;ARTIYOR;SAT;AL;NOTR;1;01.10.2026
TEZOL;izle;;22,0;2,4;10,8;8,7;0;0;zayif;44,9;34,3;20,8;asagi;zayif;zayif;asagi;0,98;-5,58;2;7,72;4,47;24048904;8,19;AL;NEGATIF;SAT;NEGATIF;ARTIYOR;AL;AL;UCUZ (AL);3;01.10.2026
LUKSK;izle;;21,8;2,4;6,5;12,8;10;0;zayif;41,1;33,4;17,4;asagi;zayif;zayif;asagi;1,23;-4,16;4;65,5;6,94;5676230;73,44;SAT;NEGATIF;SAT;NEGATIF;ARTIYOR;AL;AL;UCUZ (AL);2;01.10.2026
TNZTP;izle;;21,7;7,4;14,3;0,0;40;5;zayif;20,1;40,8;38,5;asagi;guclu;zayif;asagi;0,41;-1,19;1;25,98;3,92;37792690;30,65;SAT;NEGATIF;SAT;NEGATIF;AZALIYOR;SAT;SAT;NOTR;0;01.10.2026
VAKFA;izle;;21,6;2,4;5,2;14,0;0;0;zayif;35,3;29,0;40,9;asagi;zayif;zayif;asagi;2,23;-3,86;2;9,03;2,73;132179677;10,38;SAT;NEGATIF;SAT;NEGATIF;AZALIYOR;SAT;AL;UCUZ (AL);1;01.10.2026
DERIM;izle;;21,6;2,1;5,5;14,0;6;0;zayif;27,6;29,9;32,1;asagi;zayif;zayif;asagi;1,58;-3,68;3;27,34;5,15;13656685;30,83;SAT;NEGATIF;SAT;NEGATIF;ARTIYOR;AL;AL;UCUZ (AL);2;01.10.2026
SAFKR;izle;;21,5;2,4;10,7;8,4;0;0;zayif;51,6;33,9;28,1;asagi;zayif;zayif;asagi;0,72;-4,84;2;12;3,45;48766668;13,12;AL;NEGATIF;SAT;POZITIF;AZALIYOR;AL;AL;UCUZ (AL);4;01.10.2026
CLEBI;izle;;21,5;2,3;16,0;3,2;0;0;zayif;28,7;41,7;34,7;asagi;guclu;zayif;asagi;0,67;-2,34;2;1365;3,17;20928180;1456,46;SAT;NEGATIF;SAT;NEGATIF;ARTIYOR;SAT;AL;NOTR;1;01.10.2026
BASCM;izle;;21,5;2,4;9,9;9,1;10;1;zayif;36,4;36,6;18,2;asagi;zayif;zayif;asagi;0,77;-4,63;2;11,35;3,37;852805;11,70;SAT;NEGATIF;SAT;NEGATIF;ARTIYOR;AL;AL;NOTR;2;01.10.2026
HOROZ;izle;;21,5;2,2;5,3;14,0;6;0;zayif;28,1;29,2;22,7;asagi;zayif;zayif;asagi;1,36;-3,98;3;43,1;2,62;56186324;51,18;SAT;NEGATIF;SAT;NEGATIF;ARTIYOR;SAT;SAT;UCUZ (AL);0;01.10.2026
ALTNY;izle;;21,4;2,4;8,8;10,2;0;0;zayif;30,7;40,4;28,8;asagi;zayif;zayif;asagi;1,07;-2,29;2;13,55;5,53;381460792;14,55;SAT;NEGATIF;SAT;NEGATIF;ARTIYOR;AL;AL;NOTR;2;01.10.2026
KATMR;izle;;21,4;2,4;6,9;12,1;0;0;zayif;52,0;34,6;37,4;asagi;zayif;zayif;asagi;1,18;-4,60;2;1,58;5,33;151016669;1,69;SAT;NEGATIF;SAT;NEGATIF;ARTIYOR;AL;AL;UCUZ (AL);2;01.10.2026
TURGG;izle;;21,3;1,4;11,9;8,0;10;1;zayif;22,0;40,0;24,1;asagi;zayif;zayif;asagi;0,46;-1,74;2;24;5,45;10211688;28,79;SAT;NEGATIF;SAT;NEGATIF;AZALIYOR;SAT;AL;NOTR;1;01.10.2026
PINSU;izle;;21,2;1,1;12,1;8,0;28;2;zayif;20,4;37,9;56,3;asagi;guclu;zayif;asagi;0,41;-2,38;3;9,03;3,91;11447900;9,98;SAT;NEGATIF;SAT;NEGATIF;AZALIYOR;AL;AL;UCUZ (AL);2;01.10.2026
ADESE;izle;;21,2;2,4;4,7;14,0;10;0;zayif;40,5;27,4;8,5;asagi;zayif;zayif;asagi;1,39;-4,48;4;0,65;4,84;117785646;0,74;SAT;NEGATIF;SAT;NEGATIF;ARTIYOR;AL;AL;UCUZ (AL);2;01.10.2026
KARSN;izle;;21,2;1,7;11,4;8,0;0;0;zayif;24,6;40,3;26,0;asagi;zayif;zayif;asagi;0,37;-1,89;0;9,31;2,53;167632415;11,61;SAT;NEGATIF;SAT;NEGATIF;AZALIYOR;SAT;AL;NOTR;1;01.10.2026
DGATE;izle;;21,1;2,4;4,7;14,0;0;0;zayif;39,6;27,3;32,1;asagi;zayif;zayif;asagi;1,87;-4,64;0;60,7;3,50;44060127;75,08;SAT;NEGATIF;SAT;NEGATIF;AZALIYOR;AL;AL;NOTR;2;01.10.2026
TGSAS;izle;;21,1;2,4;5,6;13,0;0;0;zayif;36,3;30,4;7,1;asagi;zayif;zayif;asagi;1,24;-4,37;1;103;8,02;82313171;133,43;SAT;NEGATIF;SAT;NEGATIF;AZALIYOR;AL;AL;UCUZ (AL);2;01.10.2026
BLCYT;izle;;21,1;1,1;12,0;8,0;0;0;zayif;20,1;40,5;28,5;asagi;zayif;zayif;asagi;0,58;-2,11;0;1,75;0,00;37634576;2,05;SAT;NEGATIF;SAT;NEGATIF;AZALIYOR;SAT;AL;UCUZ (AL);1;01.10.2026
MNDRS;izle;;21,0;2,4;9,5;9,1;10;0;zayif;29,6;35,7;27,3;asagi;zayif;zayif;asagi;1,25;-3,07;5;9,37;6,00;32896271;10,15;SAT;NEGATIF;SAT;NEGATIF;ARTIYOR;SAT;AL;UCUZ (AL);1;01.10.2026
IDGYO;izle;;21,0;2,4;5,8;12,7;6;0;zayif;42,1;31,2;31,4;asagi;zayif;zayif;asagi;1,22;-4,52;3;2,13;4,41;3742559;2,61;SAT;NEGATIF;SAT;NEGATIF;AZALIYOR;SAT;SAT;UCUZ (AL);0;01.10.2026
VKGYO;izle;;20,9;2,4;9,4;9,1;0;0;zayif;42,3;33,4;22,6;asagi;zayif;zayif;asagi;0,76;-3,67;2;1,66;2,47;35763037;1,80;SAT;NEGATIF;SAT;NEGATIF;ARTIYOR;AL;AL;UCUZ (AL);2;01.10.2026
MERIT;izle;;20,8;2,3;9,7;8,7;10;1;zayif;29,1;31,3;20,4;asagi;guclu;zayif;asagi;0,74;-2,99;2;13,87;1,69;17336446;15,35;SAT;NEGATIF;SAT;NEGATIF;AZALIYOR;AL;AL;UCUZ (AL);2;01.10.2026
BJKAS;izle;;20,7;4,7;8,0;8,0;0;0;zayif;24,5;38,3;52,7;asagi;zayif;zayif;asagi;0,40;-2,10;1;1,61;1,90;222440176;2,14;SAT;NEGATIF;SAT;NEGATIF;AZALIYOR;SAT;AL;NOTR;1;01.10.2026
SONME;izle;;20,6;1,5;13,4;5,7;10;0;zayif;22,9;39,5;19,2;asagi;guclu;zayif;asagi;1,04;-1,44;4;118,8;10,00;4109054;133,11;SAT;NEGATIF;SAT;NEGATIF;ARTIYOR;SAT;AL;UCUZ (AL);1;01.10.2026
PAGYO;izle;;20,6;5,4;11,1;4,0;6;0;zayif;40,5;35,4;28,2;asagi;zayif;zayif;asagi;0,50;-3,02;3;119,8;-1,72;7179734;137,61;AL;NEGATIF;SAT;NEGATIF;AZALIYOR;AL;AL;NOTR;3;01.10.2026
DAPGM;izle;;20,4;2,4;4,0;14,0;0;0;zayif;38,3;16,1;10,9;asagi;zayif;zayif;asagi;2,48;-8,66;1;3,08;5,12;410396661;4,26;SAT;NEGATIF;SAT;NEGATIF;ARTIYOR;AL;AL;UCUZ (AL);2;01.10.2026
HEDEF;izle;;20,4;2,4;8,0;10,0;0;0;zayif;53,9;14,2;-0,0;asagi;zayif;zayif;asagi;8,37;-13,76;0;7,77;-6,95;761372082;19,11;AL;NEGATIF;SAT;NEGATIF;AZALIYOR;AL;SAT;UCUZ (AL);2;01.10.2026
LIDER;izle;;20,4;2,4;8,0;10,0;0;0;zayif;62,5;14,6;27,5;asagi;zayif;zayif;asagi;2,73;-14,13;0;7,89;9,89;248366683;12,46;AL;NEGATIF;SAT;NEGATIF;AZALIYOR;AL;AL;UCUZ (AL);3;01.10.2026
A1CAP;izle;;20,4;2,4;4,0;14,0;0;0;zayif;60,2;20,8;42,8;asagi;zayif;zayif;asagi;1,34;-6,98;1;4,31;4,11;57820598;5,42;SAT;NEGATIF;SAT;NEGATIF;AZALIYOR;AL;AL;UCUZ (AL);2;01.10.2026
INFO;izle;;20,4;2,4;4,0;14,0;0;0;zayif;43,2;20,8;42,8;asagi;zayif;zayif;asagi;2,01;-7,59;0;0,88;10,00;110348550;1,30;SAT;NEGATIF;SAT;NEGATIF;AZALIYOR;AL;AL;UCUZ (AL);2;01.10.2026
MACKO;izle;;20,4;2,4;4,0;14,0;0;0;zayif;35,5;19,3;-0,0;asagi;zayif;zayif;asagi;2,21;-4,69;1;24,14;-5,56;47230055;29,71;SAT;NEGATIF;SAT;NEGATIF;ARTIYOR;AL;AL;NOTR;2;01.10.2026
PAMEL;izle;;20,4;2,4;4,0;14,0;0;0;zayif;42,6;24,9;25,7;asagi;zayif;zayif;asagi;1,94;-5,97;2;49;8,89;20022135;54,27;SAT;NEGATIF;SAT;NEGATIF;ARTIYOR;AL;AL;UCUZ (AL);2;01.10.2026
DGNMO;izle;;20,4;2,4;4,0;14,0;0;0;zayif;59,5;17,4;4,3;asagi;zayif;zayif;asagi;1,86;-5,76;1;4,11;4,05;24497651;5,15;SAT;NEGATIF;SAT;NEGATIF;ARTIYOR;AL;AL;NOTR;2;01.10.2026
ERSU;izle;;20,4;2,4;4,0;14,0;10;1;zayif;38,3;21,8;7,2;asagi;zayif;zayif;asagi;1,40;-5,02;2;12,8;8,11;11204621;16,34;SAT;NEGATIF;SAT;NEGATIF;ARTIYOR;AL;AL;UCUZ (AL);2;01.10.2026
SUMAS;izle;;20,4;2,4;4,0;14,0;0;0;zayif;43,6;25,0;25,9;asagi;zayif;zayif;asagi;1,45;-7,38;2;200;2,56;912000;222,36;SAT;NEGATIF;SAT;NEGATIF;AZALIYOR;AL;SAT;UCUZ (AL);1;01.10.2026
TRALT;izle;;20,4;4,3;6,1;10,0;10;0;zayif;21,6;34,5;39,4;asagi;zayif;zayif;asagi;1,50;-2,42;5;43,42;-2,86;6101800312;51,79;SAT;NEGATIF;SAT;NEGATIF;ARTIYOR;SAT;SAT;NOTR;0;01.10.2026
PSGYO;izle;;20,4;2,4;4,0;13,9;0;0;zayif;41,9;22,8;17,5;asagi;zayif;zayif;asagi;1,06;-6,12;1;1,7;5,59;260396963;2,12;SAT;NEGATIF;SAT;NEGATIF;AZALIYOR;AL;AL;UCUZ (AL);2;01.10.2026
BMSTL;izle;;20,4;4,2;11,8;4,4;32;2;zayif;20,9;39,5;42,3;asagi;zayif;zayif;asagi;0,96;-1,60;4;39,68;8,71;165195776;45,76;SAT;NEGATIF;SAT;NEGATIF;ARTIYOR;SAT;AL;NOTR;1;01.10.2026
KRDMB;izle;;20,3;5,4;4,8;10,0;0;0;zayif;42,2;27,7;42,6;asagi;zayif;zayif;asagi;2,48;-4,63;2;60,3;1,77;501101744;85,35;SAT;NEGATIF;SAT;NEGATIF;AZALIYOR;SAT;SAT;NOTR;0;01.10.2026
ISCTR;izle;;20,2;1,5;14,4;4,3;6;0;zayif;22,7;43,1;55,8;asagi;guclu;zayif;asagi;0,80;-1,25;3;12,51;2,54;7651713703;13,99;SAT;NEGATIF;SAT;NEGATIF;ARTIYOR;SAT;SAT;NOTR;0;01.10.2026
GARFA;izle;;20,1;2,4;10,2;7,5;40;4;zayif;32,7;35,8;25,9;asagi;zayif;zayif;asagi;0,91;-3,24;1;22,94;4,84;17652261;25,09;SAT;NEGATIF;SAT;NEGATIF;ARTIYOR;SAT;AL;NOTR;1;01.10.2026
IZENR;izle;;20,0;2,4;4,1;13,4;0;0;zayif;51,5;25,3;9,2;asagi;zayif;zayif;asagi;1,03;-6,80;0;3,91;7,71;123054429;4,64;SAT;NEGATIF;SAT;NEGATIF;ARTIYOR;AL;AL;UCUZ (AL);2;01.10.2026
AKMGY;izle;;19,8;0,8;7,6;11,5;6;0;zayif;17,5;31,4;70,0;asagi;zayif;zayif;asagi;0,91;-2,76;3;213,7;2,30;13826390;243,96;SAT;NEGATIF;NOTR;NEGATIF;ARTIYOR;SAT;AL;NOTR;1;01.10.2026
NTHOL;izle;;19,8;2,2;8,6;9,0;6;0;zayif;28,2;35,2;31,3;asagi;zayif;zayif;asagi;1,00;-2,54;3;36,56;1,90;86734834;42,11;SAT;NEGATIF;SAT;NEGATIF;AZALIYOR;SAT;SAT;UCUZ (AL);0;01.10.2026
MOBTL;izle;;19,7;5,4;7,0;7,3;0;0;zayif;35,0;35,0;34,0;asagi;zayif;zayif;asagi;1,14;-3,24;2;9,98;-0,99;39962974;11,94;SAT;NEGATIF;SAT;NEGATIF;AZALIYOR;AL;AL;NOTR;2;01.10.2026
MOGAN;izle;;19,6;5,4;10,2;4,0;0;0;zayif;41,0;32,3;34,2;asagi;zayif;zayif;asagi;0,53;-4,25;0;9,5;6,38;104986267;11,92;AL;NEGATIF;SAT;NEGATIF;AZALIYOR;AL;AL;NOTR;3;01.10.2026
ESCOM;izle;;19,6;5,4;8,5;5,7;0;0;zayif;33,8;39,1;21,4;asagi;zayif;zayif;asagi;1,04;-2,58;1;4,46;6,70;73326882;4,88;SAT;NEGATIF;SAT;NEGATIF;ARTIYOR;AL;AL;NOTR;2;01.10.2026
ECZYT;izle;;19,6;2,4;6,5;10,6;0;0;zayif;39,8;33,5;53,8;asagi;zayif;zayif;asagi;0,86;-3,87;1;231,3;3,82;114954944;260,96;SAT;NEGATIF;SAT;NEGATIF;AZALIYOR;AL;AL;NOTR;2;01.10.2026
AKYHO;izle;;19,5;2,4;7,1;10,0;6;0;zayif;38,8;35,2;36,9;asagi;zayif;zayif;asagi;2,28;-3,07;3;1,68;-0,59;6720800;1,92;SAT;NEGATIF;SAT;NEGATIF;ARTIYOR;AL;AL;UCUZ (AL);2;01.10.2026
YBTAS;izle;;19,5;2,4;4,5;12,5;10;0;zayif;60,5;26,7;20,1;asagi;zayif;zayif;asagi;1,21;-6,90;4;10,4;3,48;961542;10,63;SAT;NEGATIF;SAT;NEGATIF;AZALIYOR;AL;AL;UCUZ (AL);2;01.10.2026
KARTN;izle;;19,4;5,4;4,0;10,0;0;0;zayif;36,0;19,7;10,8;asagi;zayif;zayif;asagi;3,89;-5,31;1;82,25;-1,56;333033376;115,66;SAT;NEGATIF;SAT;NEGATIF;ARTIYOR;AL;SAT;NOTR;1;01.10.2026
EDATA;izle;;19,4;5,4;4,0;10,0;0;0;zayif;46,4;9,4;17,3;asagi;zayif;zayif;asagi;6,79;-9,81;0;4,86;-10,00;121497604;7,83;SAT;NEGATIF;SAT;NEGATIF;AZALIYOR;AL;AL;NOTR;2;01.10.2026
ARMGD;izle;;19,4;5,4;4,0;9,9;0;0;zayif;31,7;32,4;44,3;asagi;zayif;zayif;asagi;0,82;-3,56;2;116,9;-9,94;195415651;168,05;SAT;NEGATIF;SAT;NEGATIF;AZALIYOR;SAT;SAT;NOTR;0;01.10.2026
VANGD;izle;;19,3;5,4;5,0;8,9;0;0;zayif;42,8;28,3;38,3;asagi;zayif;zayif;asagi;0,75;-4,21;1;55,95;5,47;7815823;67,76;SAT;NEGATIF;SAT;NEGATIF;ARTIYOR;AL;AL;NOTR;2;01.10.2026
BFREN;izle;;19,3;2,4;12,3;4,6;6;0;zayif;30,8;39,2;22,7;asagi;guclu;zayif;asagi;0,98;-2,76;3;111;8,82;21927939;114,99;SAT;NEGATIF;SAT;NEGATIF;ARTIYOR;AL;AL;UCUZ (AL);2;01.10.2026
EKIZ;izle;;19,2;2,4;6,9;9,8;10;0;zayif;45,8;34,8;25,9;asagi;zayif;zayif;asagi;1,29;-4,71;5;45,5;7,06;992901;51,17;SAT;NEGATIF;SAT;NEGATIF;ARTIYOR;AL;AL;UCUZ (AL);2;01.10.2026
SMRTG;izle;;19,2;2,4;4,8;11,9;0;0;zayif;51,0;27,6;23,8;asagi;zayif;zayif;asagi;1,18;-5,86;1;5,13;8,69;196086473;6,34;SAT;NEGATIF;SAT;NEGATIF;AZALIYOR;AL;AL;NOTR;2;01.10.2026
BESLR;izle;;19,1;2,3;9,1;7,7;0;0;zayif;29,1;33,4;35,2;asagi;zayif;zayif;asagi;1,16;-3,53;2;11;2,04;27910982;12,14;SAT;NEGATIF;SAT;NEGATIF;AZALIYOR;SAT;AL;NOTR;1;01.10.2026
OBAMS;izle;;19,1;1,9;15,5;1,7;0;0;zayif;26,2;43,7;29,0;asagi;guclu;zayif;asagi;0,80;-2,13;1;4,59;6,74;94483062;4,97;SAT;NEGATIF;SAT;NEGATIF;ARTIYOR;AL;AL;UCUZ (AL);2;01.10.2026
EPLAS;izle;;19,1;1,0;18,0;0,0;22;2;zayif;19,6;44,4;24,4;asagi;guclu;zayif;asagi;0,43;-0,98;1;5,29;4,13;16094555;6,29;SAT;NEGATIF;NOTR;NEGATIF;AZALIYOR;SAT;AL;NOTR;1;01.10.2026
MEGMT;izle;;19,1;2,4;10,9;5,7;0;0;zayif;46,1;34,8;34,6;asagi;zayif;zayif;asagi;0,80;-4,60;2;3,65;2,82;185272190;4,28;AL;NEGATIF;SAT;NEGATIF;ARTIYOR;AL;AL;UCUZ (AL);3;01.10.2026
TLMAN;izle;;18,9;2,4;5,4;11,1;10;0;zayif;29,7;29,5;17,6;asagi;zayif;zayif;asagi;1,13;-3,95;5;63,75;3,16;9592271;70,16;SAT;NEGATIF;SAT;NEGATIF;ARTIYOR;AL;AL;UCUZ (AL);2;01.10.2026
BMSCH;izle;;18,8;1,8;9,1;8,0;0;0;zayif;25,1;41,9;50,2;asagi;zayif;zayif;asagi;0,55;-2,98;1;9,24;10,00;15555780;10,29;SAT;NEGATIF;SAT;NEGATIF;ARTIYOR;AL;AL;UCUZ (AL);2;01.10.2026
PGSUS;izle;;18,8;1,1;15,0;2,7;6;0;zayif;19,9;39,2;52,8;asagi;guclu;zayif;asagi;0,79;-2,48;3;140,5;3,23;1105946172;154,26;SAT;NEGATIF;NOTR;NEGATIF;ARTIYOR;SAT;AL;UCUZ (AL);1;01.10.2026
SEYKM;izle;;18,8;2,4;6,3;10,0;10;0;zayif;46,0;32,7;20,7;asagi;zayif;zayif;asagi;1,62;-3,96;4;2,97;10,00;8088599;3,30;SAT;NEGATIF;SAT;NEGATIF;ARTIYOR;AL;AL;UCUZ (AL);2;01.10.2026
TOASO;izle;;18,8;0,7;14,2;3,9;10;1;zayif;16,8;41,9;39,5;asagi;guclu;zayif;asagi;0,75;-1,33;2;265,25;1,24;708180896;302,44;SAT;NEGATIF;NOTR;NEGATIF;AZALIYOR;SAT;SAT;NOTR;0;01.10.2026
EMNIS;izle;;18,7;1,6;9,1;8,0;0;0;zayif;23,6;39,7;23,9;asagi;zayif;zayif;asagi;0,49;-3,16;2;130,2;9,97;494630;133,93;SAT;NEGATIF;SAT;NEGATIF;ARTIYOR;SAT;AL;UCUZ (AL);1;01.10.2026
KONYA;izle;;18,6;1,4;16,8;0,4;0;0;zayif;22,4;42,0;45,9;asagi;guclu;zayif;asagi;0,53;-1,21;2;3575;2,14;45838650;4151,28;SAT;NEGATIF;SAT;NEGATIF;AZALIYOR;SAT;SAT;UCUZ (AL);0;01.10.2026
MIATK;izle;;18,5;1,8;8,8;8,0;0;0;zayif;24,9;40,9;47,9;asagi;zayif;zayif;asagi;0,63;-2,43;1;23,46;9,93;529788265;28,61;SAT;NEGATIF;SAT;NEGATIF;AZALIYOR;SAT;SAT;NOTR;0;01.10.2026
BAKAB;izle;;18,3;2,4;5,8;10,0;0;0;zayif;41,4;31,2;31,4;asagi;zayif;zayif;asagi;1,36;-4,31;2;31,68;2,86;8476808;36,45;SAT;NEGATIF;SAT;NEGATIF;AZALIYOR;SAT;SAT;NOTR;0;01.10.2026
PNSUT;izle;;18,3;1,2;17,1;0,0;28;2;zayif;20,9;43,5;19,9;asagi;guclu;zayif;asagi;0,41;-1,27;3;10,28;4,15;15436140;11,76;SAT;NEGATIF;SAT;NEGATIF;AZALIYOR;SAT;AL;NOTR;1;01.10.2026
ALCAR;izle;;18,3;0,8;9,5;8,0;6;0;zayif;17,9;35,3;34,9;asagi;zayif;zayif;asagi;0,65;-2,64;3;609,5;2,61;19117577;691,49;SAT;NEGATIF;NOTR;NEGATIF;AZALIYOR;SAT;AL;UCUZ (AL);1;01.10.2026
KFEIN;izle;;18,2;2,4;7,1;8,6;0;0;zayif;34,0;35,4;29,7;asagi;zayif;zayif;asagi;1,22;-3,65;2;6,29;9,97;25112460;6,92;SAT;NEGATIF;SAT;NEGATIF;ARTIYOR;AL;AL;UCUZ (AL);2;01.10.2026
GWIND;izle;;18,1;2,4;10,9;4,8;6;0;zayif;31,2;35,7;20,8;asagi;guclu;zayif;asagi;0,99;-3,53;3;20,28;2,63;59932997;22,00;SAT;NEGATIF;SAT;NEGATIF;ARTIYOR;SAT;AL;NOTR;1;01.10.2026
SAYAS;izle;;18,0;5,4;6,4;6,2;0;0;zayif;31,6;32,9;23,6;asagi;zayif;zayif;asagi;1,07;-2,96;1;41,96;4,38;72236364;47,70;SAT;NEGATIF;SAT;NEGATIF;ARTIYOR;SAT;AL;NOTR;1;01.10.2026
ATEKS;izle;;17,9;2,4;10,9;4,6;0;0;zayif;32,6;43,1;41,6;asagi;zayif;zayif;asagi;0,98;-2,50;2;85,65;9,95;799371;93,89;SAT;NEGATIF;SAT;POZITIF;ARTIYOR;SAT;AL;NOTR;2;01.10.2026
SEGYO;izle;;17,9;2,4;7,5;8,0;6;0;zayif;41,0;36,5;46,4;asagi;zayif;zayif;asagi;0,50;-3,93;3;2,9;4,69;6332840;3,22;SAT;NEGATIF;SAT;NEGATIF;ARTIYOR;AL;AL;UCUZ (AL);2;01.10.2026
PATEK;izle;;17,9;1,7;8,2;8,0;22;2;zayif;24,6;38,8;25,7;asagi;zayif;zayif;asagi;0,52;-2,49;1;14,81;9,95;288219513;18,80;SAT;NEGATIF;SAT;NEGATIF;AZALIYOR;SAT;AL;NOTR;1;01.10.2026
ISMEN;izle;;17,8;1,6;12,8;3,5;6;0;zayif;23,6;37,6;26,8;asagi;guclu;zayif;asagi;0,85;-2,68;3;30,64;3,44;180777440;33,87;SAT;NEGATIF;SAT;NEGATIF;ARTIYOR;SAT;AL;UCUZ (AL);1;01.10.2026
GOZDE;izle;;17,8;2,2;8,6;7,1;0;0;zayif;28,0;35,0;23,1;asagi;zayif;zayif;asagi;0,89;-2,73;1;19,43;0,83;23288157;21,84;SAT;NEGATIF;SAT;NEGATIF;AZALIYOR;AL;AL;NOTR;2;01.10.2026
ORCAY;izle;;17,7;2,4;4,0;11,2;0;0;zayif;35,3;20,1;23,8;asagi;zayif;zayif;asagi;1,13;-4,95;2;2,36;2,61;4675752;2,82;SAT;NEGATIF;SAT;NEGATIF;AZALIYOR;AL;AL;UCUZ (AL);2;01.10.2026
KENT;izle;;17,6;2,4;9,6;5,6;0;0;zayif;42,0;38,8;12,5;asagi;zayif;zayif;asagi;1,03;-3,37;2;296;8,62;1401264;304,04;SAT;NEGATIF;SAT;NEGATIF;ARTIYOR;AL;AL;UCUZ (AL);2;01.10.2026
CEMZY;izle;;17,6;5,4;4,0;8,2;0;0;zayif;37,7;19,6;50,6;asagi;zayif;zayif;asagi;0,71;-5,92;0;5,9;3,51;81901930;8,94;SAT;NEGATIF;SAT;NEGATIF;AZALIYOR;SAT;AL;UCUZ (AL);1;01.10.2026
AGYO;izle;;17,6;0,8;11,2;5,5;0;0;zayif;18,2;33,9;20,3;asagi;guclu;zayif;asagi;0,79;-2,06;2;6,61;0,15;1640443;7,74;SAT;NEGATIF;NOTR;NEGATIF;AZALIYOR;SAT;AL;NOTR;1;01.10.2026
BALAT;izle;;17,6;2,4;5,1;10,0;22;2;zayif;34,7;28,7;25,7;asagi;zayif;zayif;asagi;1,54;-6,00;2;48,02;9,99;3134265;54,56;SAT;NEGATIF;SAT;NEGATIF;ARTIYOR;SAT;AL;UCUZ (AL);1;01.10.2026
CWENE;izle;;17,6;2,4;5,1;10,0;0;0;zayif;34,8;28,7;25,6;asagi;zayif;zayif;asagi;1,33;-5,52;2;19,6;7,99;936680041;24,81;SAT;NEGATIF;SAT;NEGATIF;AZALIYOR;SAT;AL;NOTR;1;01.10.2026
TARKM;izle;;17,5;5,4;6,2;5,9;10;0;zayif;29,9;32,4;25,8;asagi;zayif;zayif;asagi;1,05;-3,16;4;376,5;6,88;64486544;450,87;SAT;NEGATIF;SAT;NEGATIF;ARTIYOR;SAT;AL;NOTR;1;01.10.2026
BYDNR;izle;;17,5;2,4;4,0;11,1;0;0;zayif;45,5;16,4;10,7;asagi;zayif;zayif;asagi;1,12;-6,18;1;20,22;-3,07;16580986;26,39;SAT;NEGATIF;SAT;NEGATIF;AZALIYOR;AL;SAT;UCUZ (AL);1;01.10.2026
BIGEN;izle;;17,4;5,4;4,0;8,0;0;0;zayif;36,9;21,6;96,1;asagi;zayif;zayif;asagi;0,00;-6,33;0;44,48;-10,00;473845;73,67;SAT;NEGATIF;SAT;NEGATIF;AZALIYOR;SAT;AL;NOTR;1;01.10.2026
ANELE;izle;;17,4;5,4;4,0;8,0;0;0;zayif;47,6;16,4;-0,0;asagi;zayif;zayif;asagi;0,00;-7,68;0;40,8;-9,97;332194;69,81;SAT;NEGATIF;SAT;NEGATIF;AZALIYOR;SAT;AL;NOTR;1;01.10.2026
SELEC;izle;;17,4;5,4;4,0;8,0;0;0;zayif;51,7;16,3;-0,0;asagi;zayif;zayif;asagi;0,18;-8,22;0;82,75;-9,96;10799951;134,09;SAT;NEGATIF;SAT;NEGATIF;AZALIYOR;SAT;AL;NOTR;1;01.10.2026
OZATD;izle;;17,4;5,4;4,0;8,0;32;3;zayif;45,8;13,3;29,7;asagi;zayif;zayif;asagi;0,00;-7,90;0;1412;-9,95;193444;2168,39;SAT;NEGATIF;SAT;NEGATIF;AZALIYOR;SAT;AL;PAHALI (SAT);1;01.10.2026
MANAS;izle;;17,4;5,4;4,0;8,0;0;0;zayif;44,8;12,0;0,0;asagi;zayif;zayif;asagi;0,02;-8,65;0;9,48;-9,97;2022681;15,29;SAT;NEGATIF;SAT;NEGATIF;AZALIYOR;SAT;SAT;NOTR;0;01.10.2026
GUNDG;izle;;17,4;5,4;4,0;8,0;0;0;zayif;43,6;17,6;-0,0;asagi;zayif;zayif;asagi;0,03;-9,40;0;208;-10,00;351936;425,47;SAT;NEGATIF;SAT;NEGATIF;AZALIYOR;AL;SAT;NOTR;1;01.10.2026
TRHOL;izle;;17,4;5,4;4,0;8,0;0;0;zayif;50,3;22,3;87,9;asagi;zayif;zayif;asagi;0,00;-5,66;0;1274;-9,96;21658;1966,19;SAT;NEGATIF;SAT;NEGATIF;AZALIYOR;SAT;SAT;NOTR;0;01.10.2026
DSTKF;izle;;17,4;5,4;4,0;8,0;22;2;zayif;35,7;19,3;80,2;asagi;zayif;zayif;asagi;0,01;-7,89;0;771;-9,98;2197350;1212,64;SAT;NEGATIF;SAT;NEGATIF;AZALIYOR;SAT;AL;NOTR;1;01.10.2026
TEHOL;izle;;17,4;5,4;4,0;8,0;0;0;zayif;46,6;14,7;29,1;asagi;zayif;zayif;asagi;0,00;-9,14;0;13,54;-9,97;405685;20,96;SAT;NEGATIF;SAT;NEGATIF;AZALIYOR;SAT;AL;NOTR;1;01.10.2026
IEYHO;izle;;17,4;5,4;4,0;8,0;0;0;zayif;72,6;10,7;97,2;asagi;zayif;zayif;asagi;0,00;-10,58;0;65,2;-9,94;299333;94,48;SAT;NEGATIF;SAT;NEGATIF;AZALIYOR;SAT;AL;NOTR;1;01.10.2026
ALKLC;izle;;17,4;5,4;4,0;8,0;10;1;zayif;61,9;12,7;90,1;asagi;zayif;zayif;asagi;0,00;-9,58;0;147,3;-9,96;230230;219,57;SAT;NEGATIF;SAT;NEGATIF;AZALIYOR;SAT;AL;NOTR;1;01.10.2026
LKMNH;izle;;17,3;2,4;10,8;4,0;10;1;zayif;41,2;38,6;48,9;asagi;zayif;zayif;asagi;0,54;-2,65;2;11,65;2,01;18331881;13,22;SAT;NEGATIF;SAT;NEGATIF;AZALIYOR;SAT;SAT;UCUZ (AL);0;01.10.2026
SNGYO;izle;;17,3;1,6;11,7;4,0;0;0;zayif;23,9;39,0;24,9;asagi;zayif;zayif;asagi;0,66;-2,42;2;2,77;2,59;60104834;3,07;SAT;NEGATIF;SAT;NEGATIF;ARTIYOR;AL;AL;UCUZ (AL);2;01.10.2026
EYGYO;izle;;17,2;2,4;4,8;10,0;6;0;zayif;31,7;27,5;16,0;asagi;zayif;zayif;asagi;2,44;-3,27;3;1,94;-2,51;37764785;2,37;SAT;NEGATIF;SAT;NEGATIF;AZALIYOR;SAT;AL;UCUZ (AL);1;01.10.2026
MHRGY;izle;;17,0;2,4;8,2;6,4;28;2;zayif;34,1;36,5;16,0;asagi;zayif;zayif;asagi;0,85;-3,05;3;1,83;6,40;11797503;2,01;SAT;NEGATIF;SAT;NEGATIF;ARTIYOR;AL;AL;UCUZ (AL);2;01.10.2026
ARTMS;izle;;17,0;1,0;11,9;4,0;6;0;zayif;19,7;39,7;37,2;asagi;guclu;zayif;asagi;0,49;-1,53;3;34,4;-0,06;13657729;40,58;SAT;NEGATIF;NOTR;NEGATIF;AZALIYOR;SAT;SAT;NOTR;0;01.10.2026
ATSYH;izle;;16,9;5,4;7,4;4,2;10;1;zayif;29,5;36,2;22,6;asagi;zayif;zayif;asagi;0,71;-3,78;1;78,3;8,75;2299906;96,31;SAT;NEGATIF;SAT;NEGATIF;ARTIYOR;SAT;AL;NOTR;1;01.10.2026
HUBVC;izle;;16,9;2,4;4,0;10,5;6;0;zayif;47,4;23,7;10,7;asagi;zayif;zayif;asagi;1,09;-4,71;3;1,57;-1,88;4331782;1,95;SAT;NEGATIF;SAT;NEGATIF;AZALIYOR;AL;AL;UCUZ (AL);2;01.10.2026
PENTA;izle;;16,9;2,4;4,9;9,6;42;3;zayif;35,0;27,9;20,1;asagi;zayif;zayif;asagi;1,03;-4,77;5;10,12;5,09;18946401;10,95;SAT;NEGATIF;SAT;NEGATIF;ARTIYOR;AL;AL;UCUZ (AL);2;01.10.2026
MARMR;izle;;16,8;2,4;4,4;10,0;10;0;zayif;41,3;26,3;7,3;asagi;zayif;zayif;asagi;1,72;-4,70;4;1,47;0,00;130217303;1,79;SAT;NEGATIF;SAT;NEGATIF;AZALIYOR;AL;AL;NOTR;2;01.10.2026
TEKTU;izle;;16,8;2,4;4,3;10,0;50;5;zayif;34,6;26,0;9,3;asagi;zayif;zayif;asagi;1,57;-5,99;5;4,85;9,98;41433390;5,51;SAT;NEGATIF;SAT;NEGATIF;ARTIYOR;AL;AL;UCUZ (AL);2;01.10.2026
ULAS;izle;;16,7;2,4;4,3;10,0;10;0;zayif;37,6;25,9;13,7;asagi;zayif;zayif;asagi;1,59;-4,96;4;14,6;9,86;4560587;17,13;SAT;NEGATIF;SAT;NEGATIF;ARTIYOR;SAT;AL;UCUZ (AL);1;01.10.2026
AEFES;izle;;16,7;5,2;11,4;0,1;6;0;zayif;28,2;38,2;35,7;asagi;guclu;zayif;asagi;0,71;-2,30;3;17,81;0,74;485647622;19,73;SAT;NEGATIF;SAT;NEGATIF;AZALIYOR;SAT;SAT;NOTR;0;01.10.2026
AKENR;izle;;16,7;2,4;6,0;8,2;10;0;zayif;33,1;31,7;33,0;asagi;zayif;zayif;asagi;1,19;-3,68;5;8,18;6,65;56325386;9,20;SAT;NEGATIF;SAT;NEGATIF;ARTIYOR;SAT;AL;UCUZ (AL);1;01.10.2026
YKSLN;izle;;16,6;2,4;6,2;8,0;0;0;zayif;29,5;32,3;23,9;asagi;zayif;zayif;asagi;1,18;-3,70;2;2,08;0,00;59747728;2,93;SAT;NEGATIF;SAT;NEGATIF;AZALIYOR;SAT;AL;UCUZ (AL);1;01.10.2026
USHOL;izle;;16,6;5,4;1,1;10,0;6;0;zayif;33,6;23,9;31,8;asagi;zayif;zayif;asagi;1,32;-4,88;3;43,58;-10,00;33426601;62,54;SAT;NEGATIF;SAT;NEGATIF;AZALIYOR;SAT;SAT;NOTR;0;01.10.2026
ISKPL;izle;;16,6;2,4;4,5;9,7;0;0;zayif;41,3;26,5;44,1;asagi;zayif;zayif;asagi;1,04;-6,41;1;3,46;7,45;129645373;4,46;SAT;NEGATIF;SAT;NEGATIF;AZALIYOR;AL;AL;UCUZ (AL);2;01.10.2026
ARCLK;izle;;16,5;1,5;5,1;10,0;6;0;zayif;22,9;29,3;17,8;asagi;zayif;zayif;asagi;1,88;-3,96;3;81;0,37;266047740;89,78;SAT;NEGATIF;SAT;NEGATIF;AZALIYOR;SAT;SAT;UCUZ (AL);0;01.10.2026
DGGYO;izle;;16,5;1,1;9,4;6,0;0;0;zayif;20,2;39,3;33,0;asagi;zayif;zayif;asagi;0,82;-2,07;1;28,24;2,84;2717450;32,80;SAT;NEGATIF;SAT;NEGATIF;AZALIYOR;AL;AL;NOTR;2;01.10.2026
GEREL;izle;;16,5;5,4;1,0;10,0;0;0;zayif;32,3;23,6;23,4;asagi;zayif;zayif;asagi;1,66;-5,74;1;19,23;-9,97;222344048;27,82;SAT;NEGATIF;SAT;NEGATIF;AZALIYOR;SAT;SAT;NOTR;0;01.10.2026
IHEVA;izle;;16,5;2,3;10,2;4,0;6;0;zayif;28,7;37,7;39,2;asagi;zayif;zayif;asagi;0,53;-2,39;3;1,67;2,45;1601675;1,86;SAT;NEGATIF;SAT;NEGATIF;ARTIYOR;AL;AL;UCUZ (AL);2;01.10.2026
GENIL;izle;;16,4;2,4;4,0;10,0;40;5;zayif;44,6;22,6;4,9;asagi;zayif;zayif;asagi;2,75;-5,36;1;5,55;-5,13;850008224;7,82;SAT;NEGATIF;SAT;NEGATIF;ARTIYOR;SAT;SAT;UCUZ (AL);0;01.10.2026
BINBN;izle;;16,4;2,4;4,0;10,0;0;0;zayif;47,3;8,7;2,7;asagi;zayif;zayif;asagi;8,68;-8,48;2;52,75;-9,98;367554299;91,65;SAT;NEGATIF;SAT;NEGATIF;AZALIYOR;AL;SAT;UCUZ (AL);1;01.10.2026
LYDHO;izle;;16,4;2,4;4,0;10,0;0;0;zayif;67,9;7,5;-0,0;asagi;zayif;zayif;asagi;8,09;-12,23;0;36,52;-9,96;235656658;59,65;SAT;NEGATIF;SAT;NEGATIF;AZALIYOR;AL;AL;UCUZ (AL);2;01.10.2026
BSOKE;izle;;16,4;2,4;4,0;10,0;0;0;zayif;61,8;8,0;-0,0;asagi;zayif;zayif;asagi;4,43;-10,30;1;6,38;-9,89;451553158;11,26;SAT;NEGATIF;SAT;NEGATIF;AZALIYOR;AL;AL;UCUZ (AL);2;01.10.2026
SEGMN;izle;;16,4;2,4;4,0;10,0;6;0;zayif;53,2;14,6;2,7;asagi;zayif;zayif;asagi;6,47;-6,69;3;19,5;-1,37;264029532;28,75;SAT;NEGATIF;SAT;NEGATIF;AZALIYOR;SAT;SAT;NOTR;0;01.10.2026
GIPTA;izle;;16,4;2,4;4,0;10,0;0;0;zayif;37,8;21,0;17,6;asagi;zayif;zayif;asagi;1,41;-6,38;0;28,54;0,28;176080498;42,74;SAT;NEGATIF;SAT;NEGATIF;AZALIYOR;AL;SAT;UCUZ (AL);1;01.10.2026
ICUGS;izle;;16,4;2,4;4,0;10,0;6;0;zayif;51,6;12,9;13,9;asagi;zayif;zayif;asagi;2,97;-8,63;3;1,38;-9,80;97912903;2,33;SAT;NEGATIF;SAT;NEGATIF;ARTIYOR;AL;SAT;UCUZ (AL);1;01.10.2026
REEDR;izle;;16,4;2,4;4,0;10,0;6;0;zayif;38,1;8,1;26,8;asagi;zayif;zayif;asagi;2,53;-7,32;3;3,23;-3,58;225224689;4,23;SAT;NEGATIF;SAT;NEGATIF;ARTIYOR;AL;AL;UCUZ (AL);2;01.10.2026
LYDYE;izle;;16,4;2,4;4,0;10,0;0;0;zayif;46,8;10,4;12,5;asagi;zayif;zayif;asagi;6,91;-9,99;0;3897,5;-3,23;70310900;5890,62;SAT;NEGATIF;SAT;NEGATIF;AZALIYOR;AL;AL;UCUZ (AL);2;01.10.2026
DITAS;izle;;16,4;2,4;4,0;10,0;0;0;zayif;46,4;23,5;38,1;asagi;zayif;zayif;asagi;1,51;-7,05;1;8,53;-5,43;71599489;13,16;SAT;NEGATIF;SAT;NEGATIF;AZALIYOR;AL;AL;UCUZ (AL);2;01.10.2026
SMRVA;izle;;16,4;2,4;4,0;10,0;0;0;zayif;37,5;20,7;6,6;asagi;zayif;zayif;asagi;1,33;-6,40;2;6,83;2,86;62140808;8,23;SAT;NEGATIF;SAT;NEGATIF;ARTIYOR;AL;AL;UCUZ (AL);2;01.10.2026
RUBNS;izle;;16,4;2,4;4,0;10,0;6;0;zayif;46,0;16,9;14,3;asagi;zayif;zayif;asagi;1,82;-5,37;3;14,92;-1,84;55800934;21,30;SAT;NEGATIF;SAT;NEGATIF;AZALIYOR;SAT;AL;UCUZ (AL);1;01.10.2026
DUNYH;izle;;16,4;2,4;4,0;10,0;32;3;zayif;61,5;8,0;0,0;asagi;zayif;zayif;asagi;4,37;-9,75;0;29,28;-9,96;143263907;53,50;SAT;NEGATIF;SAT;NEGATIF;AZALIYOR;AL;AL;UCUZ (AL);2;01.10.2026
HDFGS;izle;;16,4;2,4;4,0;10,0;22;2;zayif;48,8;11,3;12,7;asagi;zayif;zayif;asagi;2,83;-8,92;0;0,89;4,71;118857659;1,21;SAT;NEGATIF;SAT;NEGATIF;AZALIYOR;AL;AL;UCUZ (AL);2;01.10.2026
DURKN;izle;;16,4;2,4;4,0;10,0;22;2;zayif;52,9;17,7;8,9;asagi;zayif;zayif;asagi;1,80;-6,67;2;10,62;3,01;40574443;13,32;SAT;NEGATIF;SAT;NEGATIF;AZALIYOR;AL;AL;UCUZ (AL);2;01.10.2026
ESCAR;izle;;16,4;2,4;4,0;10,0;0;0;zayif;46,2;15,1;17,6;asagi;zayif;zayif;asagi;1,86;-8,68;0;15,95;10,00;66753143;22,02;SAT;NEGATIF;SAT;NEGATIF;ARTIYOR;AL;AL;UCUZ (AL);2;01.10.2026
CRDFA;izle;;16,4;2,4;4,0;10,0;0;0;zayif;57,1;13,2;40,3;asagi;zayif;zayif;asagi;2,75;-10,14;0;8,01;9,88;37307873;11,50;SAT;NEGATIF;SAT;NEGATIF;AZALIYOR;AL;AL;UCUZ (AL);2;01.10.2026
IHAAS;izle;;16,4;2,4;4,0;10,0;0;0;zayif;39,1;10,5;0,0;asagi;zayif;zayif;asagi;2,89;-9,42;1;16,91;-9,96;36663704;26,50;SAT;NEGATIF;SAT;NEGATIF;AZALIYOR;SAT;AL;UCUZ (AL);1;01.10.2026
DOGUB;izle;;16,4;2,4;4,0;10,0;0;0;zayif;40,6;15,2;-0,0;asagi;zayif;zayif;asagi;2,67;-8,48;0;20,68;6,87;25683278;31,57;SAT;NEGATIF;SAT;NEGATIF;AZALIYOR;AL;AL;UCUZ (AL);2;01.10.2026
BIGCH;izle;;16,4;2,4;4,0;10,0;28;2;zayif;43,9;18,0;3,2;asagi;zayif;zayif;asagi;2,09;-6,54;3;3,42;1,18;45367134;4,26;SAT;NEGATIF;SAT;NEGATIF;AZALIYOR;AL;AL;UCUZ (AL);2;01.10.2026
SKYLP;izle;;16,4;2,4;4,0;10,0;0;0;zayif;58,0;12,9;21,6;asagi;zayif;zayif;asagi;4,46;-9,87;0;52;4,67;19709040;84,40;SAT;NEGATIF;SAT;NEGATIF;AZALIYOR;AL;AL;UCUZ (AL);2;01.10.2026
FORMT;izle;;16,4;2,4;4,0;10,0;10;0;zayif;65,7;23,7;8,0;asagi;zayif;zayif;asagi;1,49;-7,31;5;1,01;9,78;33885761;1,13;SAT;NEGATIF;SAT;NEGATIF;ARTIYOR;AL;AL;UCUZ (AL);2;01.10.2026
VKING;izle;;16,4;2,4;4,0;10,0;10;0;zayif;48,8;23,6;31,2;asagi;zayif;zayif;asagi;1,34;-4,58;4;14,79;3,43;7741323;18,08;SAT;NEGATIF;SAT;NEGATIF;ARTIYOR;SAT;SAT;UCUZ (AL);0;01.10.2026
BRKSN;izle;;16,4;2,4;4,0;10,0;10;0;zayif;46,8;20,0;17,8;asagi;zayif;zayif;asagi;1,87;-4,53;5;5,84;2,28;3553476;6,70;SAT;NEGATIF;SAT;NEGATIF;ARTIYOR;AL;AL;UCUZ (AL);2;01.10.2026
OYAYO;izle;;16,4;1,2;5,2;10,0;10;0;zayif;20,8;29,0;21,0;asagi;zayif;zayif;asagi;1,74;-3,76;4;31,9;5,49;4311604;37,61;SAT;NEGATIF;SAT;NEGATIF;ARTIYOR;SAT;AL;UCUZ (AL);1;01.10.2026
INTEM;izle;;16,4;2,4;5,8;8,1;0;0;zayif;34,1;31,0;22,1;asagi;zayif;zayif;asagi;1,19;-3,58;1;199;4,35;11170069;226,23;SAT;NEGATIF;SAT;NEGATIF;AZALIYOR;SAT;AL;NOTR;1;01.10.2026
ANHYT;izle;;16,4;1,6;14,4;0,4;10;0;zayif;23,5;38,8;37,7;asagi;guclu;zayif;asagi;0,71;-1,65;4;98,5;0,92;79631045;107,49;SAT;NEGATIF;SAT;NEGATIF;AZALIYOR;SAT;AL;NOTR;1;01.10.2026
YONGA;izle;;16,4;2,4;5,6;8,3;0;0;zayif;47,6;30,2;12,6;asagi;zayif;zayif;asagi;1,20;-6,35;2;34,08;7,17;770276;36,16;SAT;NEGATIF;SAT;NEGATIF;ARTIYOR;AL;AL;UCUZ (AL);2;01.10.2026
KLNMA;izle;;16,3;2,2;8,0;6,1;10;0;zayif;28,4;30,3;25,3;asagi;zayif;zayif;asagi;1,07;-5,65;4;7,69;4,06;1473366;8,12;SAT;NEGATIF;SAT;NEGATIF;ARTIYOR;SAT;AL;NOTR;1;01.10.2026
GLBMD;izle;;16,3;2,0;11,5;2,8;0;0;zayif;26,4;38,7;21,1;asagi;zayif;zayif;asagi;0,87;-1,66;2;10,28;1,48;1174212;11,18;SAT;NEGATIF;SAT;NEGATIF;AZALIYOR;AL;SAT;UCUZ (AL);1;01.10.2026
CVKMD;izle;;16,2;5,4;7,4;3,4;0;0;zayif;37,0;36,3;34,9;asagi;zayif;zayif;asagi;0,90;-2,44;2;12,66;4,54;359128436;14,99;SAT;NEGATIF;SAT;NEGATIF;ARTIYOR;SAT;SAT;NOTR;0;01.10.2026
SANEL;izle;;16,2;5,1;4,1;6,9;0;0;zayif;27,4;25,4;42,7;asagi;zayif;zayif;asagi;1,12;-3,96;1;34,62;0,64;14397523;45,46;SAT;NEGATIF;SAT;NEGATIF;AZALIYOR;SAT;SAT;NOTR;0;01.10.2026
KOCMT;izle;;16,2;4,1;7,5;4,6;0;0;zayif;20,1;36,5;78,1;asagi;zayif;zayif;asagi;0,98;-3,28;2;2,65;9,50;214210731;3,54;SAT;NEGATIF;SAT;NEGATIF;AZALIYOR;AL;AL;NOTR;2;01.10.2026
INGRM;izle;;16,1;1,3;9,3;5,6;0;0;zayif;21,3;36,8;34,5;asagi;zayif;zayif;asagi;0,79;-2,55;2;319,25;6,15;15306761;351,80;SAT;NEGATIF;SAT;NEGATIF;ARTIYOR;AL;AL;NOTR;2;01.10.2026
ULUFA;izle;;16,1;2,4;8,5;5,2;6;0;zayif;34,1;31,2;18,4;asagi;zayif;zayif;asagi;1,01;-3,12;3;1,43;2,88;28477995;1,59;SAT;NEGATIF;SAT;NEGATIF;AZALIYOR;SAT;AL;UCUZ (AL);1;01.10.2026
ZOREN;izle;;16,0;2,4;5,6;8,0;10;0;zayif;36,8;30,2;27,9;asagi;zayif;zayif;asagi;0,58;-3,53;4;1,93;3,21;106597067;2,26;SAT;NEGATIF;SAT;NEGATIF;AZALIYOR;SAT;AL;UCUZ (AL);1;01.10.2026
EFOR;izle;;16,0;4,5;7,5;4,0;0;0;zayif;23,2;36,6;41,1;asagi;zayif;zayif;asagi;0,30;-2,30;1;14,1;3,68;332061176;17,78;SAT;NEGATIF;SAT;NEGATIF;AZALIYOR;SAT;AL;NOTR;1;01.10.2026
KRDMA;izle;;16,0;7,8;6,3;1,8;10;1;zayif;27,4;32,8;32,9;asagi;zayif;zayif;asagi;0,81;-2,15;2;39,64;-0,80;276002578;49,01;SAT;NEGATIF;SAT;NEGATIF;AZALIYOR;SAT;SAT;NOTR;0;01.10.2026
BARMA;izle;;16,0;2,4;8,0;5,5;6;0;zayif;58,9;23,7;21,0;asagi;zayif;zayif;asagi;1,03;-14,76;3;6,21;-2,51;3884442;8,27;AL;NEGATIF;SAT;NEGATIF;AZALIYOR;SAT;SAT;UCUZ (AL);1;01.10.2026
PETUN;izle;;15,8;1,7;14,2;0,0;42;3;zayif;24,3;39,3;41,1;asagi;guclu;zayif;asagi;0,51;-1,98;4;10,2;4,29;12924624;11,36;SAT;NEGATIF;SAT;NEGATIF;ARTIYOR;SAT;AL;NOTR;1;01.10.2026
SODSN;izle;;15,8;2,4;5,6;7,8;0;0;zayif;53,0;30,2;25,0;asagi;zayif;zayif;asagi;0,93;-5,41;1;6;1,69;476910;6,58;SAT;NEGATIF;SAT;NEGATIF;AZALIYOR;AL;AL;UCUZ (AL);2;01.10.2026
ALKA;izle;;15,7;2,4;5,2;8,1;42;3;zayif;35,6;28,9;14,7;asagi;zayif;zayif;asagi;1,18;-4,72;4;6,25;6,66;17156663;6,90;SAT;NEGATIF;SAT;NEGATIF;ARTIYOR;AL;AL;UCUZ (AL);2;01.10.2026
BRYAT;izle;;15,7;2,4;11,4;1,9;6;0;zayif;29,5;37,8;18,2;asagi;guclu;zayif;asagi;0,82;-2,99;3;1486;4,87;71752996;1605,51;SAT;NEGATIF;SAT;NEGATIF;ARTIYOR;AL;AL;UCUZ (AL);2;01.10.2026
PRDGS;izle;;15,6;2,4;4,0;9,2;0;0;zayif;46,6;24,1;8,7;asagi;zayif;zayif;asagi;1,01;-5,68;0;4,06;7,69;19175993;4,91;SAT;NEGATIF;SAT;NEGATIF;ARTIYOR;AL;AL;UCUZ (AL);2;01.10.2026
KOTON;izle;;15,6;2,4;4,0;9,2;6;0;zayif;43,1;24,0;17,5;asagi;zayif;zayif;asagi;1,25;-5,69;3;10,05;2,97;21857996;11,06;SAT;NEGATIF;SAT;NEGATIF;ARTIYOR;SAT;AL;UCUZ (AL);1;01.10.2026
SARKY;izle;;15,5;1,8;11,8;1,9;0;0;zayif;25,6;41,0;31,5;asagi;zayif;zayif;asagi;0,81;-2,39;2;21,22;7,61;85867982;22,93;SAT;NEGATIF;SAT;NEGATIF;ARTIYOR;AL;AL;NOTR;2;01.10.2026
FENER;izle;;15,5;2,4;5,9;7,1;6;0;zayif;34,9;31,4;15,0;asagi;zayif;zayif;asagi;0,89;-3,97;3;2,41;3,43;214604393;2,62;SAT;NEGATIF;SAT;NEGATIF;AZALIYOR;AL;AL;NOTR;2;01.10.2026
BORSK;izle;;15,5;2,4;13,0;0,0;6;0;zayif;35,3;38,3;22,8;asagi;guclu;zayif;asagi;0,55;-1,73;3;5,49;4,57;30193649;6,24;SAT;NEGATIF;SAT;NEGATIF;ARTIYOR;SAT;AL;NOTR;1;01.10.2026
IHGZT;izle;;15,5;1,7;5,8;8,0;10;0;zayif;24,8;30,9;48,9;asagi;zayif;zayif;asagi;0,49;-3,57;4;0,96;3,23;16238119;1,10;SAT;NEGATIF;SAT;NEGATIF;AZALIYOR;SAT;AL;UCUZ (AL);1;01.10.2026
BULGS;izle;;15,5;2,4;4,0;9,0;0;0;zayif;63,9;12,9;22,5;asagi;zayif;zayif;asagi;1,24;-8,72;2;12,18;-0,49;97345800;17,84;SAT;NEGATIF;SAT;NEGATIF;AZALIYOR;AL;AL;UCUZ (AL);2;01.10.2026
MAALT;izle;;15,5;1,3;7,6;6,5;40;5;zayif;21,7;32,4;57,9;asagi;zayif;zayif;asagi;1,09;-3,15;2;848,5;3,41;40482784;944,02;SAT;NEGATIF;SAT;NEGATIF;ARTIYOR;SAT;AL;NOTR;1;01.10.2026
OZRDN;izle;;15,4;5,4;0,0;10,0;6;0;zayif;32,3;16,0;15,5;asagi;zayif;zayif;asagi;2,33;-5,89;3;13,98;-7,84;9014709;20,80;SAT;NEGATIF;SAT;NEGATIF;AZALIYOR;SAT;AL;NOTR;1;01.10.2026
ECOGR;izle;;15,4;4,7;0,8;10,0;20;1;zayif;24,4;24,6;11,1;asagi;zayif;zayif;asagi;1,33;-4,30;4;24,72;-7,62;172745783;32,34;SAT;NEGATIF;SAT;NEGATIF;ARTIYOR;SAT;SAT;NOTR;0;01.10.2026
ARASE;izle;;15,4;6,2;8,9;0,2;40;4;zayif;35,8;35,3;22,4;asagi;zayif;zayif;asagi;0,71;-2,39;2;98,55;1,34;22491180;114,31;SAT;NEGATIF;SAT;NEGATIF;AZALIYOR;AL;AL;NOTR;2;01.10.2026
BOBET;izle;;15,2;2,4;8,8;4,0;0;0;zayif;34,3;38,0;17,6;asagi;zayif;zayif;asagi;0,41;-2,26;2;16,56;5,08;37924520;19,44;SAT;NEGATIF;SAT;NEGATIF;AZALIYOR;SAT;AL;NOTR;1;01.10.2026
KLSER;izle;;15,2;2,4;6,3;6,5;6;0;zayif;36,7;32,6;12,3;asagi;zayif;zayif;asagi;0,85;-4,85;3;19,45;5,71;15977903;20,77;SAT;NEGATIF;SAT;NEGATIF;ARTIYOR;AL;AL;UCUZ (AL);2;01.10.2026
AFYON;izle;;15,2;2,4;11,6;1,1;6;0;zayif;32,0;34,6;34,1;asagi;guclu;zayif;asagi;0,69;-3,15;3;11,05;3,46;11303852;11,80;SAT;NEGATIF;SAT;NEGATIF;ARTIYOR;AL;AL;UCUZ (AL);2;01.10.2026
SISE;izle;;15,1;1,4;13,7;0,0;10;1;zayif;22,2;38,7;27,1;asagi;guclu;zayif;asagi;0,54;-2,30;2;37,34;1,74;1770413107;41,99;SAT;NEGATIF;SAT;NEGATIF;AZALIYOR;SAT;AL;NOTR;1;01.10.2026
JANTS;izle;;15,1;2,0;13,1;0,0;6;0;zayif;27,0;38,3;17,4;asagi;guclu;zayif;asagi;0,43;-2,17;3;13,82;4,62;21755499;15,24;SAT;NEGATIF;SAT;NEGATIF;ARTIYOR;SAT;AL;UCUZ (AL);1;01.10.2026
ODINE;izle;;15,0;5,4;8,0;1,6;0;0;zayif;52,2;14,0;-0,0;asagi;zayif;zayif;asagi;0,80;-11,82;0;179,6;-9,97;1647830;381,61;AL;NEGATIF;SAT;NEGATIF;AZALIYOR;AL;AL;NOTR;3;01.10.2026
QNBFK;izle;;15,0;2,4;5,7;6,9;0;0;zayif;37,9;30,6;24,7;asagi;zayif;zayif;asagi;1,11;-4,70;2;35,12;1,04;958319;38,26;SAT;NEGATIF;SAT;NEGATIF;AZALIYOR;AL;AL;NOTR;2;01.10.2026
GESAN;izle;;15,0;5,4;5,3;4,3;10;1;zayif;42,5;29,2;23,1;asagi;zayif;zayif;asagi;0,72;-4,59;2;42,6;7,14;713488486;55,00;SAT;NEGATIF;SAT;NEGATIF;ARTIYOR;SAT;AL;NOTR;1;01.10.2026
MZHLD;izle;;15,0;1,7;5,8;7,5;28;2;zayif;24,6;30,9;27,9;asagi;zayif;zayif;asagi;0,91;-2,77;3;4,3;0,94;2891256;5,17;SAT;NEGATIF;SAT;NEGATIF;ARTIYOR;SAT;AL;UCUZ (AL);1;01.10.2026
BRMEN;izle;;14,8;5,4;5,4;4,0;0;0;zayif;56,7;29,6;4,1;asagi;zayif;zayif;asagi;0,33;-6,30;2;7,29;4,89;1237149;9,17;SAT;NEGATIF;SAT;NEGATIF;AZALIYOR;AL;AL;NOTR;2;01.10.2026
KRONT;izle;;14,8;5,4;8,7;0,7;6;0;zayif;30,2;40,6;32,3;asagi;zayif;zayif;asagi;0,74;-1,90;3;19,23;6,24;19565525;21,87;SAT;NEGATIF;SAT;NEGATIF;AZALIYOR;AL;AL;NOTR;2;01.10.2026
VBTYZ;izle;;14,8;5,4;6,4;3,0;40;4;zayif;36,3;32,9;19,9;asagi;zayif;zayif;asagi;0,88;-2,97;2;25,28;8,13;35527071;30,01;SAT;NEGATIF;SAT;NEGATIF;AZALIYOR;SAT;AL;NOTR;1;01.10.2026
ALFAS;izle;;14,7;2,4;6,1;6,2;6;0;zayif;40,5;31,9;19,5;asagi;zayif;zayif;asagi;1,07;-3,63;3;30,28;9,31;61944250;34,48;SAT;NEGATIF;SAT;NEGATIF;ARTIYOR;SAT;AL;NOTR;1;01.10.2026
FRIGO;izle;;14,5;2,4;6,8;5,3;0;0;zayif;36,7;34,2;20,9;asagi;zayif;zayif;asagi;1,02;-3,35;1;1,62;8,72;46601677;1,84;SAT;NEGATIF;SAT;NEGATIF;AZALIYOR;AL;AL;UCUZ (AL);2;01.10.2026
CEMTS;izle;;14,5;2,4;12,1;0,0;10;0;zayif;37,2;36,1;25,2;asagi;guclu;zayif;asagi;0,50;-2,82;4;7,8;3,04;7068883;8,58;SAT;NEGATIF;SAT;NEGATIF;ARTIYOR;SAT;AL;UCUZ (AL);1;01.10.2026
DOFER;izle;;14,5;2,4;5,0;7,1;6;0;zayif;43,4;28,2;10,1;asagi;zayif;zayif;asagi;0,89;-4,85;3;21,78;3,52;8719950;23,99;SAT;NEGATIF;SAT;NEGATIF;ARTIYOR;AL;AL;UCUZ (AL);2;01.10.2026
BRLSM;izle;;14,5;1,9;4,0;8,6;0;0;zayif;25,9;24,1;8,7;asagi;zayif;zayif;asagi;1,22;-4,22;2;10,87;-0,55;141916187;14,19;SAT;NEGATIF;SAT;NEGATIF;ARTIYOR;SAT;SAT;NOTR;0;01.10.2026
TERA;izle;;14,4;2,4;4,0;8,0;10;1;zayif;42,6;15,0;92,2;asagi;zayif;zayif;asagi;0,02;-9,33;0;70,5;-9,96;8664380;102,67;SAT;NEGATIF;SAT;NEGATIF;AZALIYOR;SAT;SAT;UCUZ (AL);0;30.09.2026
MAGEN;izle;;14,4;2,4;4,0;8,0;32;3;zayif;41,4;11,8;-0,0;asagi;zayif;zayif;asagi;0,09;-9,82;0;10,58;-9,96;10309797;16,39;SAT;NEGATIF;SAT;NEGATIF;AZALIYOR;SAT;AL;UCUZ (AL);1;01.10.2026
IZFAS;izle;;14,4;2,4;4,0;8,0;0;0;zayif;37,8;18,6;62,0;asagi;zayif;zayif;asagi;0,08;-8,09;0;14,44;-9,98;4140540;25,24;SAT;NEGATIF;SAT;NEGATIF;AZALIYOR;AL;AL;UCUZ (AL);2;01.10.2026
PEKGY;izle;;14,4;2,4;4,0;8,0;0;0;zayif;40,0;12,6;-0,0;asagi;zayif;zayif;asagi;0,01;-10,48;0;3,33;-10,00;2794789;5,38;SAT;NEGATIF;SAT;NEGATIF;AZALIYOR;SAT;AL;UCUZ (AL);1;01.10.2026
ISBIR;izle;;14,4;2,4;7,7;4,3;6;0;zayif;35,0;35,5;25,5;asagi;zayif;zayif;asagi;0,96;-4,18;3;59;7,66;1218291;61,52;SAT;NEGATIF;SAT;NEGATIF;ARTIYOR;SAT;AL;UCUZ (AL);1;01.10.2026
SRVGY;izle;;14,4;2,4;12,0;0,0;6;0;zayif;30,7;38,0;29,5;asagi;guclu;zayif;asagi;0,42;-2,90;3;2,16;3,35;14615176;2,35;SAT;NEGATIF;SAT;NEGATIF;ARTIYOR;AL;AL;UCUZ (AL);2;01.10.2026
SILVR;izle;;14,4;2,4;4,0;8,0;6;0;zayif;44,1;22,3;13,1;asagi;zayif;zayif;asagi;1,18;-4,20;3;1,64;4,46;3374182;1,92;SAT;NEGATIF;SAT;NEGATIF;ARTIYOR;AL;AL;UCUZ (AL);2;01.10.2026
ALKIM;izle;;14,3;2,4;4,0;7,8;32;2;zayif;39,8;17,8;12,3;asagi;zayif;zayif;asagi;1,17;-5,51;4;11,91;0,51;21802279;13,63;SAT;NEGATIF;SAT;NEGATIF;AZALIYOR;AL;AL;UCUZ (AL);2;01.10.2026
DZGYO;izle;;14,3;1,5;12,8;0,0;0;0;zayif;23,0;37,7;34,8;asagi;guclu;zayif;asagi;0,36;-2,36;2;6,5;1,56;7353125;7,34;SAT;NEGATIF;SAT;NEGATIF;AZALIYOR;SAT;AL;NOTR;1;01.10.2026
ULUSE;izle;;14,3;2,4;4,0;7,8;6;0;zayif;52,4;23,5;20,9;asagi;zayif;zayif;asagi;1,17;-5,91;3;148,8;9,98;33423158;176,54;SAT;NEGATIF;SAT;NEGATIF;ARTIYOR;SAT;AL;NOTR;1;01.10.2026
DNISI;izle;;14,2;1,0;13,1;0,0;6;0;zayif;19,5;40,8;20,1;asagi;guclu;zayif;asagi;0,65;-1,86;3;4,04;7,73;10156645;4,45;SAT;NEGATIF;NOTR;NEGATIF;ARTIYOR;SAT;AL;NOTR;1;01.10.2026
QUAGR;izle;;14,1;2,4;4,9;6,8;6;0;zayif;35,5;27,8;23,9;asagi;zayif;zayif;asagi;1,11;-5,40;3;2;8,11;93714654;2,44;SAT;NEGATIF;SAT;NEGATIF;AZALIYOR;AL;AL;NOTR;2;01.10.2026
MMCAS;izle;;14,1;2,4;4,0;7,6;0;0;zayif;50,1;19,1;5,5;asagi;zayif;zayif;asagi;1,16;-10,62;2;15,55;7,99;2282274;21,65;SAT;NEGATIF;SAT;NEGATIF;AZALIYOR;AL;AL;UCUZ (AL);2;01.10.2026
TBORG;izle;;14,1;1,5;12,0;0,6;6;0;zayif;22,7;36,9;34,3;asagi;guclu;zayif;asagi;0,74;-2,37;3;123,8;2,57;14487571;135,88;SAT;NEGATIF;SAT;NEGATIF;AZALIYOR;SAT;AL;UCUZ (AL);1;01.10.2026
HURGZ;izle;;14,1;5,3;6,1;2,6;10;1;zayif;29,2;32,1;18,5;asagi;zayif;zayif;asagi;0,86;-3,26;2;5,37;9,82;33228932;6,33;SAT;NEGATIF;SAT;NEGATIF;ARTIYOR;SAT;AL;NOTR;1;01.10.2026
RAYSG;izle;;14,0;2,4;7,9;3,7;0;0;zayif;33,4;36,4;23,0;asagi;zayif;zayif;asagi;0,92;-3,36;2;129,9;5,61;15624372;141,98;SAT;NEGATIF;SAT;NEGATIF;ARTIYOR;AL;AL;UCUZ (AL);2;01.10.2026
DMRGD;izle;;14,0;4,7;1,3;8,0;40;4;zayif;24,8;27,2;72,2;asagi;zayif;zayif;asagi;0,09;-4,16;0;6,76;-9,99;33404797;9,49;SAT;NEGATIF;SAT;NEGATIF;AZALIYOR;SAT;SAT;NOTR;0;01.10.2026
CATES;izle;;14,0;5,4;4,5;4,0;0;0;zayif;46,6;26,8;22,0;asagi;zayif;zayif;asagi;0,61;-4,56;1;31,42;5,01;52968433;41,78;SAT;NEGATIF;SAT;NEGATIF;ARTIYOR;SAT;AL;NOTR;1;01.10.2026
ARENA;izle;;14,0;2,4;6,0;5,6;6;0;zayif;36,8;31,5;19,9;asagi;zayif;zayif;asagi;0,79;-3,90;3;15,71;6,15;8006146;17,87;SAT;NEGATIF;SAT;NEGATIF;ARTIYOR;AL;AL;UCUZ (AL);2;01.10.2026
SANFM;izle;;13,9;2,4;4,0;7,5;6;0;zayif;49,5;15,9;17,0;asagi;zayif;zayif;asagi;0,91;-7,60;3;4;3,90;25839360;5,31;SAT;NEGATIF;SAT;NEGATIF;AZALIYOR;AL;AL;UCUZ (AL);2;01.10.2026
BINHO;izle;;13,9;2,4;5,8;5,7;6;0;zayif;35,3;31,0;41,4;asagi;zayif;zayif;asagi;1,04;-4,08;3;6,22;-0,16;201949896;7,82;SAT;NEGATIF;SAT;NEGATIF;AZALIYOR;AL;AL;UCUZ (AL);2;01.10.2026
EKSUN;izle;;13,9;2,4;7,2;4,2;22;2;zayif;33,9;35,7;37,0;asagi;zayif;zayif;asagi;0,71;-3,36;1;4,61;3,60;9345152;5,15;SAT;NEGATIF;SAT;NEGATIF;AZALIYOR;AL;AL;NOTR;2;01.10.2026
MTRYO;izle;;13,8;2,0;11,9;0,0;6;0;zayif;26,5;39,0;62,8;asagi;guclu;zayif;asagi;0,48;-1,71;3;7,85;5,23;1053556;9,34;SAT;NEGATIF;SAT;NEGATIF;AZALIYOR;SAT;SAT;UCUZ (AL);0;01.10.2026
LIDFA;izle;;13,8;1,5;11,4;1,0;0;0;zayif;22,7;38,2;55,2;asagi;zayif;zayif;asagi;0,76;-2,26;2;1,52;2,70;20772013;1,70;SAT;NEGATIF;SAT;POZITIF;ARTIYOR;SAT;SAT;NOTR;1;01.10.2026
TURSG;izle;;13,7;2,3;3,8;7,6;0;0;zayif;29,2;24,7;52,1;asagi;zayif;zayif;asagi;1,16;-3,13;1;5,4;0,00;656508785;6,14;SAT;NEGATIF;SAT;NEGATIF;ARTIYOR;SAT;AL;NOTR;1;01.10.2026
SUNTK;izle;;13,7;2,4;5,5;5,7;6;0;zayif;37,9;30,1;12,2;asagi;zayif;zayif;asagi;0,80;-3,44;3;25,3;1,61;11796049;30,73;SAT;NEGATIF;SAT;NEGATIF;AZALIYOR;AL;AL;UCUZ (AL);2;01.10.2026
GEDZA;izle;;13,6;2,4;6,6;4,6;6;0;zayif;41,7;33,1;13,3;asagi;zayif;zayif;asagi;0,98;-3,86;3;22,8;6,54;7590257;24,40;SAT;NEGATIF;SAT;NEGATIF;ARTIYOR;AL;AL;NOTR;2;01.10.2026
ATAKP;izle;;13,6;2,4;4,0;7,2;0;0;zayif;49,0;24,3;32,3;asagi;zayif;zayif;asagi;0,89;-5,51;2;33;0,98;10377807;37,58;SAT;NEGATIF;SAT;NEGATIF;ARTIYOR;SAT;SAT;UCUZ (AL);0;01.10.2026
DERHL;izle;;13,6;2,4;5,8;5,3;0;0;zayif;31,0;31,0;40,5;asagi;zayif;zayif;asagi;0,78;-3,84;2;1,63;1,87;18733078;1,85;SAT;NEGATIF;SAT;NEGATIF;AZALIYOR;AL;AL;UCUZ (AL);2;01.10.2026
TATEN;izle;;13,5;2,4;5,0;6,1;0;0;zayif;43,9;28,4;41,8;asagi;zayif;zayif;asagi;1,06;-6,51;1;4,96;9,98;102209058;5,77;SAT;NEGATIF;SAT;NEGATIF;AZALIYOR;AL;AL;UCUZ (AL);2;01.10.2026
BTCIM;izle;;13,5;2,4;4,0;7,0;0;0;zayif;69,2;13,0;13,1;asagi;zayif;zayif;asagi;1,12;-7,84;2;1,92;3,23;481865624;2,66;SAT;NEGATIF;SAT;NEGATIF;AZALIYOR;AL;AL;UCUZ (AL);2;01.10.2026
OSMEN;izle;;13,5;2,4;5,2;5,8;0;0;zayif;44,4;29,0;14,0;asagi;zayif;zayif;asagi;0,81;-4,66;2;5,25;4,79;11110622;5,86;SAT;NEGATIF;SAT;NEGATIF;ARTIYOR;AL;AL;UCUZ (AL);2;01.10.2026
POLTK;izle;;13,4;2,4;4,0;6,9;6;0;zayif;31,1;23,2;25,4;asagi;zayif;zayif;asagi;1,12;-5,31;3;2922,5;5,89;34842045;3426,56;SAT;NEGATIF;SAT;NEGATIF;ARTIYOR;AL;AL;UCUZ (AL);2;01.10.2026
FADE;izle;;13,3;2,4;6,2;4,7;0;0;zayif;38,7;32,2;17,9;asagi;zayif;zayif;asagi;0,74;-4,09;2;11,83;6,00;13119387;13,03;SAT;NEGATIF;SAT;NEGATIF;ARTIYOR;AL;AL;NOTR;2;01.10.2026
MRSHL;izle;;13,3;0,7;6,2;6,3;10;0;zayif;17,4;32,5;13,2;asagi;zayif;zayif;asagi;1,08;-2,64;4;1332;2,46;57374568;1625,68;SAT;NEGATIF;NOTR;NEGATIF;ARTIYOR;SAT;AL;NOTR;1;01.10.2026
HEKTS;izle;;13,2;2,4;6,8;4,0;46;4;zayif;36,5;34,3;13,7;asagi;zayif;zayif;asagi;0,61;-3,97;3;2,18;6,86;602539049;2,41;SAT;NEGATIF;SAT;NEGATIF;ARTIYOR;AL;AL;NOTR;2;01.10.2026
PAPIL;izle;;13,2;2,4;5,4;5,3;6;0;zayif;39,7;29,6;17,3;asagi;zayif;zayif;asagi;0,78;-4,76;3;8,12;9,88;38334991;9,41;SAT;NEGATIF;SAT;NEGATIF;ARTIYOR;AL;AL;UCUZ (AL);2;01.10.2026
LINK;izle;;13,2;2,4;4,0;6,7;6;0;zayif;49,0;24,8;19,4;asagi;zayif;zayif;asagi;1,10;-5,64;3;3,64;4,00;66996977;4,26;SAT;NEGATIF;SAT;NEGATIF;AZALIYOR;AL;AL;UCUZ (AL);2;01.10.2026
ATLAS;izle;;13,1;1,4;6,3;5,4;28;2;zayif;22,6;32,8;36,9;asagi;zayif;zayif;asagi;1,02;-3,29;3;4,76;5,08;6118909;6,03;SAT;NEGATIF;SAT;NEGATIF;AZALIYOR;SAT;AL;NOTR;1;01.10.2026
COSMO;izle;;13,1;2,4;4,9;5,8;0;0;zayif;36,2;28,0;20,0;asagi;zayif;zayif;asagi;1,05;-4,18;2;84,45;7,72;3526294;98,44;SAT;NEGATIF;SAT;NEGATIF;ARTIYOR;AL;AL;UCUZ (AL);2;01.10.2026
ISFIN;izle;;13,1;2,4;6,7;4,1;0;0;zayif;29,7;26,7;42,2;asagi;guclu;zayif;asagi;0,88;-2,95;2;17,4;-1,42;24509588;19,33;SAT;NEGATIF;SAT;NEGATIF;AZALIYOR;SAT;SAT;NOTR;0;01.10.2026
DARDL;izle;;13,0;2,4;5,1;5,5;46;4;zayif;50,3;28,5;12,7;asagi;zayif;zayif;asagi;1,03;-5,40;3;1,19;9,17;17313198;1,30;SAT;NEGATIF;SAT;NEGATIF;ARTIYOR;AL;AL;UCUZ (AL);2;01.10.2026
ADEL;izle;;13,0;2,4;6,6;4,0;10;0;zayif;29,6;33,7;24,1;asagi;zayif;zayif;asagi;0,63;-3,11;4;25,42;2,09;39504612;28,51;SAT;NEGATIF;SAT;NEGATIF;ARTIYOR;AL;AL;NOTR;2;01.10.2026
ENDAE;izle;;13,0;2,4;1,6;9,0;6;0;zayif;29,9;21,8;33,1;asagi;zayif;zayif;asagi;1,24;-3,47;3;13,02;-1,21;50678644;15,55;SAT;NEGATIF;SAT;NEGATIF;ARTIYOR;SAT;SAT;NOTR;0;01.10.2026
MEGAP;izle;;13,0;2,4;0,5;10,0;10;0;zayif;50,5;20,0;12,2;asagi;zayif;zayif;asagi;1,37;-8,08;6;1,25;-6,02;1180958;1,46;SAT;NEGATIF;SAT;NEGATIF;ARTIYOR;AL;SAT;UCUZ (AL);1;28.09.2026
PKENT;izle;;12,9;2,4;4,8;5,7;10;1;zayif;39,9;27,5;11,0;asagi;zayif;zayif;asagi;1,04;-4,92;2;96,2;5,77;12731685;104,22;SAT;NEGATIF;SAT;NEGATIF;ARTIYOR;AL;AL;UCUZ (AL);2;01.10.2026
ADGYO;izle;;12,9;5,1;7,7;0,0;0;0;zayif;27,8;36,4;28,3;asagi;zayif;zayif;asagi;0,59;-2,15;2;46,58;3,05;38892763;57,48;SAT;NEGATIF;SAT;NEGATIF;AZALIYOR;SAT;SAT;NOTR;0;01.10.2026
AHSGY;izle;;12,8;2,4;0,4;10,0;40;4;zayif;30,3;19,5;9,2;asagi;zayif;zayif;asagi;5,19;-6,36;2;7,01;-9,90;210453554;11,72;SAT;NEGATIF;SAT;NEGATIF;ARTIYOR;SAT;SAT;UCUZ (AL);0;01.10.2026
KUTPO;izle;;12,7;2,3;9,1;1,4;10;0;zayif;28,6;34,8;30,5;asagi;zayif;zayif;asagi;0,78;-3,23;5;68,2;6,56;9399119;73,55;SAT;NEGATIF;SAT;NEGATIF;ARTIYOR;AL;AL;UCUZ (AL);2;01.10.2026
KSTUR;izle;;12,7;2,4;5,7;4,6;0;0;zayif;38,6;30,5;32,5;asagi;zayif;zayif;asagi;0,73;-4,63;2;1840;2,34;1092960;2065,24;SAT;NEGATIF;SAT;NEGATIF;ARTIYOR;SAT;AL;UCUZ (AL);1;01.10.2026
POLHO;izle;;12,7;5,4;7,2;0,0;16;1;zayif;33,2;35,7;21,1;asagi;zayif;zayif;asagi;0,61;-2,68;3;17,9;1,02;22539931;21,16;SAT;NEGATIF;SAT;NEGATIF;AZALIYOR;SAT;AL;NOTR;1;01.10.2026
ASUZU;izle;;12,7;1,5;11,2;0,0;6;0;zayif;23,0;35,7;58,3;asagi;guclu;zayif;asagi;0,64;-3,23;3;42,7;2,55;9793501;46,95;SAT;NEGATIF;SAT;NEGATIF;AZALIYOR;SAT;AL;UCUZ (AL);1;01.10.2026
ANSGR;izle;;12,6;2,4;9,7;0,6;0;0;zayif;29,4;31,3;47,0;asagi;guclu;zayif;asagi;0,65;-3,21;1;24,08;1,69;57541905;26,27;SAT;NEGATIF;SAT;NEGATIF;AZALIYOR;SAT;AL;NOTR;1;01.10.2026
SKTAS;izle;;12,6;2,4;6,2;4,0;6;0;zayif;41,3;32,2;11,5;asagi;zayif;zayif;asagi;0,70;-3,71;3;2,47;8,33;17829643;2,70;SAT;NEGATIF;SAT;NEGATIF;ARTIYOR;AL;AL;UCUZ (AL);2;01.10.2026
ALCTL;izle;;12,6;2,4;8,2;2,0;10;0;zayif;62,0;25,7;23,4;asagi;zayif;zayif;asagi;0,82;-5,58;4;85,75;4,00;26449159;99,61;AL;NEGATIF;SAT;NEGATIF;AZALIYOR;SAT;AL;NOTR;2;01.10.2026
CGCAM;izle;;12,6;2,4;4,0;6,1;6;0;zayif;55,1;22,6;21,4;asagi;zayif;zayif;asagi;1,07;-6,64;3;20,42;5,26;52315754;24,42;SAT;NEGATIF;SAT;NEGATIF;ARTIYOR;AL;AL;UCUZ (AL);2;01.10.2026
DYOBY;izle;;12,5;2,4;5,4;4,6;46;5;zayif;39,6;29,6;16,0;asagi;zayif;zayif;asagi;0,74;-4,24;3;10,55;4,66;9686620;11,60;SAT;NEGATIF;SAT;NEGATIF;ARTIYOR;AL;AL;NOTR;2;01.10.2026
DENGE;izle;;12,5;2,2;6,2;4,0;0;0;zayif;28,4;32,4;24,9;asagi;zayif;zayif;asagi;0,56;-3,46;2;1,82;1,68;23261089;2,02;SAT;NEGATIF;SAT;NEGATIF;AZALIYOR;AL;AL;UCUZ (AL);2;01.10.2026
TRILC;izle;;12,4;2,4;0,0;10,0;6;0;zayif;57,1;17,6;13,8;asagi;zayif;zayif;asagi;1,47;-10,67;3;0,74;1,37;3668576;0,83;SAT;NEGATIF;SAT;NEGATIF;AZALIYOR;SAT;AL;UCUZ (AL);1;01.10.2026
SELVA;izle;;12,4;2,4;5,6;4,4;6;0;zayif;40,5;30,3;14,8;asagi;zayif;zayif;asagi;0,72;-5,40;3;1,2;6,19;14632030;1,30;SAT;NEGATIF;SAT;NEGATIF;ARTIYOR;AL;AL;UCUZ (AL);2;01.10.2026
YAYLA;izle;;12,2;2,4;5,1;4,7;6;0;zayif;37,9;28,7;11,2;asagi;zayif;zayif;asagi;0,98;-4,80;3;14,08;10,00;14506835;16,88;SAT;NEGATIF;SAT;NEGATIF;ARTIYOR;SAT;AL;UCUZ (AL);1;01.10.2026
EDIP;izle;;12,2;1,2;8,9;2,1;40;5;zayif;20,9;37,4;38,0;asagi;zayif;zayif;asagi;0,83;-2,45;2;30;4,17;21099660;33,43;SAT;NEGATIF;SAT;NEGATIF;ARTIYOR;SAT;AL;NOTR;1;01.10.2026
KOPOL;izle;;12,2;2,4;4,0;5,7;6;0;zayif;44,8;20,7;10,4;asagi;zayif;zayif;asagi;1,04;-6,59;3;3,18;6,00;32694760;3,76;SAT;NEGATIF;SAT;NEGATIF;ARTIYOR;AL;AL;UCUZ (AL);2;01.10.2026
MARTI;izle;;12,2;2,4;6,0;3,7;0;0;zayif;38,7;31,6;39,8;asagi;zayif;zayif;asagi;0,92;-3,80;0;1,07;9,18;142424810;1,57;SAT;NEGATIF;SAT;NEGATIF;AZALIYOR;SAT;AL;UCUZ (AL);1;01.10.2026
QNBTR;izle;;12,1;2,4;5,8;3,9;0;0;zayif;64,1;27,7;27,6;asagi;zayif;zayif;asagi;0,93;-8,11;2;158,6;-0,19;1878458;167,55;SAT;NEGATIF;SAT;NEGATIF;AZALIYOR;AL;AL;UCUZ (AL);2;01.10.2026
LRSHO;izle;;12,0;2,3;4,4;5,4;6;0;zayif;28,9;26,3;29,5;asagi;zayif;zayif;asagi;1,02;-4,96;3;1,91;4,95;32979762;2,14;SAT;NEGATIF;SAT;NEGATIF;ARTIYOR;AL;AL;UCUZ (AL);2;01.10.2026
SNICA;izle;;12,0;2,4;4,0;5,5;6;0;zayif;32,7;23,4;11,6;asagi;zayif;zayif;asagi;1,03;-6,20;3;2,28;3,64;19101441;2,61;SAT;NEGATIF;SAT;NEGATIF;ARTIYOR;AL;AL;UCUZ (AL);2;01.10.2026
GRNYO;izle;;11,9;2,4;5,6;3,9;0;0;zayif;39,4;30,3;22,8;asagi;zayif;zayif;asagi;0,93;-5,34;2;7,85;6,51;4802661;9,34;SAT;NEGATIF;SAT;NEGATIF;ARTIYOR;AL;AL;UCUZ (AL);2;01.10.2026
EKOS;izle;;11,9;2,4;4,3;5,2;6;0;zayif;45,1;26,1;26,7;asagi;zayif;zayif;asagi;1,01;-5,76;3;3,47;6,44;28245828;3,99;SAT;NEGATIF;SAT;NEGATIF;AZALIYOR;AL;AL;UCUZ (AL);2;01.10.2026
YYLGD;izle;;11,9;2,4;4,4;5,0;0;0;zayif;33,7;26,4;19,3;asagi;zayif;zayif;asagi;1,00;-5,63;2;7,33;4,71;47088433;8,36;SAT;NEGATIF;SAT;NEGATIF;AZALIYOR;SAT;SAT;UCUZ (AL);0;01.10.2026
BIOEN;izle;;11,9;2,4;4,7;4,8;0;0;zayif;38,4;27,2;31,7;asagi;zayif;zayif;asagi;0,75;-4,13;1;11,08;-2,03;94086197;13,58;SAT;NEGATIF;SAT;NEGATIF;AZALIYOR;AL;AL;UCUZ (AL);2;01.10.2026
AKSUE;izle;;11,8;2,4;4,0;5,4;6;0;zayif;56,3;24,0;23,4;asagi;zayif;zayif;asagi;0,78;-6,81;3;15,75;5,85;39021066;20,85;SAT;NEGATIF;SAT;NEGATIF;ARTIYOR;AL;AL;NOTR;2;01.10.2026
BURVA;izle;;11,8;2,4;5,4;4,0;0;0;zayif;33,6;29,6;57,1;asagi;zayif;zayif;asagi;0,39;-4,74;0;373;6,57;13677537;524,89;SAT;NEGATIF;SAT;NEGATIF;ARTIYOR;SAT;SAT;UCUZ (AL);0;01.10.2026
DOAS;izle;;11,8;2,4;3,2;6,1;6;0;zayif;34,8;26,1;24,7;asagi;zayif;zayif;asagi;1,07;-4,94;3;145,2;0,69;127510720;157,77;SAT;NEGATIF;SAT;NEGATIF;AZALIYOR;SAT;SAT;UCUZ (AL);0;01.10.2026
ZEDUR;izle;;11,8;2,4;4,0;5,3;10;0;zayif;56,2;23,8;14,9;asagi;zayif;zayif;asagi;1,02;-4,93;5;5,67;5,98;6738937;6,37;SAT;NEGATIF;SAT;NEGATIF;ARTIYOR;AL;AL;UCUZ (AL);2;01.10.2026
MERKO;izle;;11,8;2,4;5,0;4,3;0;0;zayif;51,1;28,3;22,8;asagi;zayif;zayif;asagi;0,72;-5,38;1;0,96;4,35;16491688;1,08;SAT;NEGATIF;SAT;NEGATIF;ARTIYOR;AL;AL;UCUZ (AL);2;01.10.2026
ATAGY;izle;;11,8;2,4;5,6;3,7;10;0;zayif;48,2;29,5;26,8;asagi;zayif;zayif;asagi;0,92;-3,26;5;8,44;4,33;1272575;9,69;SAT;NEGATIF;SAT;NEGATIF;ARTIYOR;AL;AL;UCUZ (AL);2;01.10.2026
EUKYO;izle;;11,7;7,5;4,2;0,0;40;4;zayif;41,6;25,7;40,4;asagi;zayif;zayif;asagi;0,54;-2,93;0;9,55;0,74;4120462;12,13;SAT;NEGATIF;SAT;NEGATIF;AZALIYOR;SAT;AL;NOTR;1;01.10.2026
MAKTK;izle;;11,5;2,4;4,5;4,5;10;0;zayif;41,2;26,8;17,9;asagi;zayif;zayif;asagi;0,97;-5,28;5;6,7;6,86;15371750;7,77;SAT;NEGATIF;SAT;NEGATIF;ARTIYOR;AL;AL;UCUZ (AL);2;01.10.2026
OSTIM;izle;;11,5;1,8;6,0;3,7;6;0;zayif;25,2;31,6;23,8;asagi;zayif;zayif;asagi;0,92;-4,07;3;1,25;6,84;14193843;1,40;SAT;NEGATIF;SAT;NEGATIF;ARTIYOR;SAT;AL;UCUZ (AL);1;01.10.2026
FZLGY;izle;;11,5;2,4;4,0;5,1;6;0;zayif;38,2;20,5;16,1;asagi;zayif;zayif;asagi;1,00;-6,29;3;5,11;-0,39;104492980;6,98;SAT;NEGATIF;SAT;NEGATIF;AZALIYOR;SAT;AL;UCUZ (AL);1;01.10.2026
SKBNK;izle;;11,5;2,4;3,6;5,4;16;1;zayif;33,6;27,6;29,2;asagi;zayif;zayif;asagi;0,78;-7,67;3;4,99;0,40;440327889;5,75;SAT;NEGATIF;SAT;NEGATIF;ARTIYOR;SAT;SAT;UCUZ (AL);0;01.10.2026
GEDIK;izle;;11,5;2,0;9,4;0,0;0;0;zayif;26,9;39,3;52,9;asagi;zayif;zayif;asagi;0,59;-2,65;2;5,07;6,51;26836732;5,57;SAT;NEGATIF;SAT;POZITIF;ARTIYOR;AL;SAT;NOTR;2;01.10.2026
YATAS;izle;;11,5;2,4;9,0;0,0;6;0;zayif;45,8;35,6;20,6;asagi;zayif;zayif;asagi;0,70;-4,16;3;26,66;3,33;17039286;28,92;SAT;NEGATIF;SAT;NEGATIF;ARTIYOR;AL;AL;UCUZ (AL);2;01.10.2026
TSGYO;izle;;11,5;2,4;9,0;0,0;16;1;zayif;32,9;35,4;11,3;asagi;zayif;zayif;asagi;0,56;-3,57;3;4,92;4,46;4159004;5,32;SAT;NEGATIF;SAT;NEGATIF;ARTIYOR;AL;AL;UCUZ (AL);2;01.10.2026
INTEK;izle;;11,4;2,4;7,6;1,4;6;0;zayif;38,6;37,1;18,7;asagi;zayif;zayif;asagi;0,78;-4,84;3;179,9;8,70;1065908;193,34;SAT;NEGATIF;SAT;NEGATIF;ARTIYOR;AL;AL;UCUZ (AL);2;01.10.2026
BURCE;izle;;11,4;2,4;5,0;4,0;0;0;zayif;31,8;28,2;16,6;asagi;zayif;zayif;asagi;0,68;-4,48;1;24,88;4,27;23284968;29,24;SAT;NEGATIF;SAT;NEGATIF;ARTIYOR;AL;AL;UCUZ (AL);2;01.10.2026
EUREN;izle;;11,3;2,4;5,4;3,5;32;2;zayif;39,9;29,6;16,0;asagi;zayif;zayif;asagi;0,91;-5,04;4;2,92;5,80;64711749;3,25;SAT;NEGATIF;SAT;NEGATIF;ARTIYOR;AL;AL;UCUZ (AL);2;01.10.2026
AYEN;izle;;11,3;2,0;9,0;0,4;0;0;zayif;26,3;36,3;24,0;asagi;zayif;zayif;asagi;0,72;-3,13;2;26,7;5,12;10203886;29,17;SAT;NEGATIF;SAT;NEGATIF;ARTIYOR;AL;AL;NOTR;2;01.10.2026
MERCN;izle;;11,3;2,4;4,0;4,9;6;0;zayif;39,1;24,1;22,9;asagi;zayif;zayif;asagi;0,99;-5,87;3;11,16;2,86;66616015;14,50;SAT;NEGATIF;SAT;NEGATIF;AZALIYOR;SAT;SAT;UCUZ (AL);0;01.10.2026
KLKIM;izle;;11,3;2,4;8,9;0,0;6;0;zayif;30,7;31,6;21,7;asagi;zayif;zayif;asagi;0,43;-3,34;3;22,48;2,65;14184790;25,07;SAT;NEGATIF;SAT;NEGATIF;ARTIYOR;AL;AL;UCUZ (AL);2;01.10.2026
ELITE;izle;;11,2;2,4;4,7;4,0;0;0;zayif;49,3;27,4;15,3;asagi;zayif;zayif;asagi;0,62;-5,49;2;20,12;5,84;13787029;22,36;SAT;NEGATIF;SAT;NEGATIF;ARTIYOR;AL;AL;UCUZ (AL);2;01.10.2026
GENTS;izle;;11,1;2,4;4,8;3,9;6;0;zayif;36,2;27,7;14,4;asagi;zayif;zayif;asagi;0,93;-4,63;3;4,16;3,23;18799281;4,65;SAT;NEGATIF;SAT;NEGATIF;ARTIYOR;AL;AL;UCUZ (AL);2;01.10.2026
MOPAS;izle;;11,1;2,4;4,0;4,6;6;0;zayif;55,4;19,2;9,6;asagi;zayif;zayif;asagi;0,74;-6,31;3;19,08;2,64;25932448;21,58;SAT;NEGATIF;SAT;NEGATIF;AZALIYOR;AL;AL;UCUZ (AL);2;01.10.2026
ODAS;izle;;11,1;4,8;3,7;2,5;46;4;zayif;25,5;32,3;36,0;asagi;zayif;zayif;asagi;0,85;-3,11;3;6,03;1,86;336326615;7,03;SAT;NEGATIF;SAT;NEGATIF;AZALIYOR;SAT;SAT;NOTR;0;01.10.2026
NUGYO;izle;;11,1;2,4;6,9;1,7;10;0;zayif;40,6;31,9;11,1;asagi;zayif;zayif;asagi;0,80;-3,29;4;7,5;5,34;9260985;8,22;SAT;NEGATIF;SAT;NEGATIF;ARTIYOR;AL;AL;UCUZ (AL);2;01.10.2026
KAYSE;izle;;11,0;2,4;4,2;4,3;10;0;zayif;42,7;25,8;5,9;asagi;zayif;zayif;asagi;0,96;-4,45;6;3,11;4,01;24117692;3,51;SAT;NEGATIF;SAT;NEGATIF;ARTIYOR;SAT;AL;UCUZ (AL);1;01.10.2026
IHYAY;izle;;10,9;1,6;9,3;0,0;0;0;zayif;23,8;38,2;42,4;asagi;zayif;zayif;asagi;0,39;-2,97;2;1,04;5,05;1376174;1,20;SAT;NEGATIF;SAT;NEGATIF;AZALIYOR;SAT;AL;UCUZ (AL);1;01.10.2026
BAYRK;izle;;10,9;2,4;4,5;4,0;10;0;zayif;40,0;26,5;7,5;asagi;zayif;zayif;asagi;0,56;-5,32;4;2,89;7,43;6904632;3,25;SAT;NEGATIF;SAT;NEGATIF;ARTIYOR;AL;AL;UCUZ (AL);2;01.10.2026
AZTEK;izle;;10,9;2,4;8,4;0,0;10;1;zayif;33,8;39,8;51,4;asagi;zayif;zayif;asagi;0,35;-2,32;1;3,25;4,50;9773173;4,03;SAT;NEGATIF;SAT;NEGATIF;AZALIYOR;SAT;SAT;NOTR;0;01.10.2026
MEDTR;izle;;10,8;2,4;4,1;4,3;0;0;zayif;47,5;25,3;10,9;asagi;zayif;zayif;asagi;0,96;-5,52;2;18,71;4,23;5309636;20,53;SAT;NEGATIF;SAT;NEGATIF;ARTIYOR;AL;AL;UCUZ (AL);2;01.10.2026
KORDS;izle;;10,8;5,4;5,3;0,0;6;0;zayif;37,1;29,5;11,6;asagi;zayif;zayif;asagi;0,56;-4,01;3;2,84;4,03;55234379;3,41;SAT;NEGATIF;SAT;NEGATIF;AZALIYOR;AL;AL;NOTR;2;01.10.2026
IZMDC;izle;;10,8;5,4;5,3;0,1;10;0;zayif;40,4;29,2;18,2;asagi;zayif;zayif;asagi;0,70;-4,69;4;6,69;4,53;51345088;8,32;SAT;NEGATIF;SAT;NEGATIF;AZALIYOR;AL;AL;NOTR;2;01.10.2026
VAKFN;izle;;10,8;2,4;5,1;3,2;10;0;zayif;56,3;28,7;9,3;asagi;zayif;zayif;asagi;0,89;-4,45;5;0,95;4,40;56415981;1,04;SAT;NEGATIF;SAT;NEGATIF;ARTIYOR;AL;AL;UCUZ (AL);2;01.10.2026
ONRYT;izle;;10,7;2,4;4,2;4,0;0;0;zayif;39,5;25,8;11,4;asagi;zayif;zayif;asagi;0,61;-4,79;2;9,86;4,67;24271475;11,68;SAT;NEGATIF;SAT;NEGATIF;AZALIYOR;AL;AL;UCUZ (AL);2;01.10.2026
IHLAS;izle;;10,6;1,6;9,0;0,0;28;2;zayif;23,6;37,3;22,6;asagi;zayif;zayif;asagi;0,50;-3,09;3;0,89;5,95;60541320;1,01;SAT;NEGATIF;SAT;NEGATIF;ARTIYOR;SAT;AL;UCUZ (AL);1;01.10.2026
HATSN;izle;;10,5;5,4;5,0;0,0;0;0;zayif;30,2;28,4;24,4;asagi;zayif;zayif;asagi;0,61;-4,74;1;31,4;3,36;106692145;43,57;SAT;NEGATIF;SAT;NEGATIF;AZALIYOR;AL;AL;NOTR;2;01.10.2026
SURGY;izle;;10,4;2,4;8,0;0,0;10;0;zayif;47,1;14,2;11,1;asagi;zayif;zayif;asagi;0,62;-9,83;4;20,48;2,61;29195448;24,45;AL;NEGATIF;SAT;NEGATIF;AZALIYOR;AL;AL;UCUZ (AL);3;01.10.2026
EGEPO;izle;;10,4;2,4;8,0;0,0;0;0;zayif;60,7;21,2;13,0;asagi;zayif;zayif;asagi;0,31;-7,49;1;6,85;3,95;12870808;8,92;AL;NEGATIF;SAT;NEGATIF;AZALIYOR;AL;AL;NOTR;3;01.10.2026
ALVES;izle;;10,4;2,4;8,0;0,0;6;0;zayif;56,2;11,9;13,5;asagi;zayif;zayif;asagi;0,51;-13,60;3;0,53;-5,36;7832594;0,70;AL;NEGATIF;SAT;NEGATIF;AZALIYOR;AL;SAT;UCUZ (AL);2;01.10.2026
DAGI;izle;;10,4;5,4;5,0;0,0;0;0;zayif;49,7;28,2;13,4;asagi;zayif;zayif;asagi;0,63;-4,19;1;5,46;9,86;21604958;6,80;SAT;NEGATIF;SAT;NEGATIF;AZALIYOR;AL;AL;NOTR;2;01.10.2026
ISSEN;izle;;10,3;2,4;5,2;2,6;20;1;zayif;42,2;28,9;14,5;asagi;zayif;zayif;asagi;0,86;-4,41;4;5,43;5,44;4373458;6,03;SAT;NEGATIF;SAT;NEGATIF;ARTIYOR;AL;AL;UCUZ (AL);2;01.10.2026
DESPC;izle;;10,2;2,4;6,9;0,8;0;0;zayif;36,0;34,8;24,1;asagi;zayif;zayif;asagi;0,75;-3,20;2;30,8;5,70;9955669;35,40;SAT;NEGATIF;SAT;NEGATIF;ARTIYOR;AL;AL;UCUZ (AL);2;01.10.2026
MTRKS;izle;;10,1;5,4;4,7;0,0;6;0;zayif;37,7;27,2;11,7;asagi;zayif;zayif;asagi;0,64;-3,62;3;21,26;4,83;15587258;25,27;SAT;NEGATIF;SAT;NEGATIF;AZALIYOR;AL;AL;NOTR;2;01.10.2026
A1YEN;izle;;10,1;2,4;4,7;2,9;0;0;zayif;42,5;27,4;32,2;asagi;zayif;zayif;asagi;0,87;-5,42;1;1,65;10,00;23646183;1,97;SAT;NEGATIF;SAT;NEGATIF;ARTIYOR;AL;AL;UCUZ (AL);2;01.10.2026
PKART;izle;;10,0;5,4;4,5;0,0;6;0;zayif;38,7;26,8;12,8;asagi;zayif;zayif;asagi;0,38;-4,18;3;84,8;3,48;12728056;97,86;SAT;NEGATIF;SAT;NEGATIF;AZALIYOR;AL;AL;NOTR;2;01.10.2026
GZNMI;izle;;9,9;2,4;4,0;3,5;6;0;zayif;49,2;18,2;5,0;asagi;zayif;zayif;asagi;0,91;-6,29;3;29,98;4,31;29902292;38,04;SAT;NEGATIF;SAT;NEGATIF;AZALIYOR;AL;AL;NOTR;2;01.10.2026
KONTR;izle;;9,7;2,4;5,6;1,7;0;0;zayif;51,9;30,2;22,1;asagi;zayif;zayif;asagi;0,80;-8,14;1;2,2;10,00;9512140;2,49;SAT;NEGATIF;SAT;NEGATIF;ARTIYOR;AL;AL;UCUZ (AL);2;01.10.2026
YUNSA;izle;;9,7;2,4;7,2;0,0;0;0;zayif;44,0;35,7;35,4;asagi;zayif;zayif;asagi;0,69;-3,98;2;6,48;4,52;22185958;7,10;SAT;NEGATIF;SAT;NEGATIF;ARTIYOR;AL;AL;NOTR;2;01.10.2026
GOODY;izle;;9,6;2,4;7,2;0,0;0;0;zayif;31,9;32,2;4,6;asagi;zayif;zayif;asagi;0,68;-3,38;2;2,19;4,78;15975104;2,38;SAT;NEGATIF;SAT;NEGATIF;ARTIYOR;AL;AL;NOTR;2;01.10.2026
HKTM;izle;;9,6;2,4;7,2;0,0;10;0;zayif;35,2;35,5;20,1;asagi;zayif;zayif;asagi;0,68;-2,44;4;9,88;8,93;33167466;11,15;SAT;NEGATIF;SAT;NEGATIF;ARTIYOR;SAT;AL;NOTR;1;01.10.2026
RNPOL;izle;;9,6;2,4;7,1;0,0;0;0;zayif;38,0;35,4;15,2;asagi;zayif;zayif;asagi;0,48;-2,48;2;1,87;2,75;3076636;2,24;SAT;NEGATIF;SAT;NEGATIF;AZALIYOR;SAT;SAT;NOTR;0;01.10.2026
BIENY;izle;;9,5;2,4;4,2;2,9;6;0;zayif;37,7;25,7;16,9;asagi;zayif;zayif;asagi;0,87;-4,85;3;15,09;4,79;20114004;17,61;SAT;NEGATIF;SAT;NEGATIF;AZALIYOR;AL;AL;UCUZ (AL);2;01.10.2026
GOKNR;izle;;9,5;2,1;7,4;0,0;0;0;zayif;27,4;36,4;41,7;asagi;zayif;zayif;asagi;0,66;-3,63;1;15,2;4,76;45627345;17,26;SAT;NEGATIF;SAT;NEGATIF;AZALIYOR;SAT;AL;UCUZ (AL);1;01.10.2026
PRZMA;izle;;9,4;5,4;4,0;0,0;0;0;zayif;40,1;18,0;0,0;asagi;zayif;zayif;asagi;0,04;-7,51;0;19,8;-10,00;369745;33,68;SAT;NEGATIF;SAT;NEGATIF;AZALIYOR;AL;SAT;NOTR;1;01.10.2026
OZGYO;izle;;9,3;2,4;6,9;0,0;6;0;zayif;37,1;34,6;17,9;asagi;zayif;zayif;asagi;0,42;-3,50;3;1,65;7,14;8303429;1,81;SAT;NEGATIF;SAT;NEGATIF;ARTIYOR;AL;AL;NOTR;2;01.10.2026
TKNSA;izle;;9,3;2,4;6,4;0,5;6;0;zayif;32,2;33,0;21,3;asagi;zayif;zayif;asagi;0,73;-3,79;3;13,47;7,33;30310477;15,25;SAT;NEGATIF;SAT;NEGATIF;ARTIYOR;SAT;AL;UCUZ (AL);1;01.10.2026
SDTTR;izle;;9,3;2,4;6,8;0,0;20;1;zayif;32,0;34,4;15,5;asagi;zayif;zayif;asagi;0,69;-3,23;5;16,48;7,71;85771083;18,38;SAT;NEGATIF;SAT;NEGATIF;ARTIYOR;AL;AL;NOTR;2;01.10.2026
VKFYO;izle;;9,3;1,0;6,5;1,7;0;0;zayif;19,7;33,5;18,6;asagi;zayif;zayif;asagi;0,80;-4,09;1;17,2;3,61;2412936;20,53;SAT;NEGATIF;NOTR;NEGATIF;AZALIYOR;SAT;SAT;UCUZ (AL);0;01.10.2026
BRKVY;izle;;9,2;2,4;5,0;1,8;6;0;zayif;40,2;28,2;15,9;asagi;zayif;zayif;asagi;0,81;-4,74;3;51,45;9,94;18891257;61,31;SAT;NEGATIF;SAT;NEGATIF;AZALIYOR;SAT;AL;UCUZ (AL);1;01.10.2026
BEGYO;izle;;9,2;2,4;5,6;1,1;6;0;zayif;32,3;30,4;39,7;asagi;zayif;zayif;asagi;0,77;-4,52;3;2,64;3,94;8016701;2,99;SAT;NEGATIF;SAT;NEGATIF;AZALIYOR;AL;AL;UCUZ (AL);2;01.10.2026
EGEGY;izle;;9,1;2,4;4,0;2,7;40;4;zayif;46,5;24,1;29,8;asagi;zayif;zayif;asagi;0,86;-5,73;2;14,87;-1,98;73656463;19,57;SAT;NEGATIF;SAT;NEGATIF;AZALIYOR;AL;AL;UCUZ (AL);2;01.10.2026
ERCB;izle;;9,1;2,4;6,6;0,0;0;0;zayif;32,0;33,7;33,2;asagi;zayif;zayif;asagi;0,52;-4,04;2;36,04;5,07;15764148;40,55;SAT;NEGATIF;SAT;NEGATIF;ARTIYOR;AL;AL;UCUZ (AL);2;01.10.2026
CEMAS;izle;;9,0;2,4;5,8;0,8;6;0;zayif;29,6;31,0;19,5;asagi;zayif;zayif;asagi;0,75;-3,93;3;3,12;2,63;23988092;3,72;SAT;NEGATIF;SAT;NEGATIF;ARTIYOR;SAT;AL;NOTR;1;01.10.2026
ACSEL;izle;;9,0;2,4;6,5;0,0;0;0;zayif;43,8;33,3;17,4;asagi;zayif;zayif;asagi;0,70;-3,90;2;90;6,51;9546750;99,82;SAT;NEGATIF;SAT;NEGATIF;ARTIYOR;AL;AL;NOTR;2;01.10.2026
VESTL;izle;;8,9;2,1;4,9;2,0;10;0;zayif;27,5;27,9;39,9;asagi;zayif;zayif;asagi;0,82;-3,46;4;18,12;2,72;205679848;22,24;SAT;NEGATIF;SAT;NEGATIF;AZALIYOR;SAT;AL;UCUZ (AL);1;01.10.2026
AKGRT;izle;;8,9;2,4;6,4;0,0;0;0;zayif;47,6;30,0;23,6;asagi;zayif;zayif;asagi;0,67;-4,79;2;5,23;2,35;41326309;5,63;SAT;NEGATIF;SAT;NEGATIF;ARTIYOR;AL;AL;UCUZ (AL);2;01.10.2026
LILAK;izle;;8,8;1,5;6,2;1,1;0;0;zayif;23,2;30,5;42,2;asagi;zayif;zayif;asagi;0,76;-3,90;2;23,96;4,08;62357721;26,71;SAT;NEGATIF;SAT;NEGATIF;ARTIYOR;SAT;AL;UCUZ (AL);1;01.10.2026
PAHOL;izle;;8,7;2,4;4,0;2,3;10;0;zayif;43,1;24,5;18,5;asagi;zayif;zayif;asagi;0,84;-5,36;4;0,89;7,23;215227921;1,03;SAT;NEGATIF;SAT;NEGATIF;ARTIYOR;AL;AL;UCUZ (AL);2;01.10.2026
CUSAN;izle;;8,7;2,4;6,3;0,0;6;0;zayif;34,4;32,5;11,8;asagi;zayif;zayif;asagi;0,59;-3,23;3;18,84;5,78;6445918;21,54;SAT;NEGATIF;SAT;NEGATIF;AZALIYOR;AL;AL;NOTR;2;01.10.2026
SOKE;izle;;8,7;2,4;4,0;2,3;10;0;zayif;57,8;12,3;7,6;asagi;zayif;zayif;asagi;0,84;-9,11;5;6,22;3,67;18891029;7,84;SAT;NEGATIF;SAT;NEGATIF;AZALIYOR;SAT;AL;UCUZ (AL);1;01.10.2026
TSPOR;izle;;8,6;2,4;6,2;0,0;10;0;zayif;36,0;32,2;12,4;asagi;zayif;zayif;asagi;0,44;-3,03;4;0,83;3,75;96437447;0,95;SAT;NEGATIF;SAT;NEGATIF;AZALIYOR;SAT;AL;UCUZ (AL);1;01.10.2026
PNLSN;izle;;8,6;2,4;6,2;0,0;10;0;zayif;39,0;32,2;15,7;asagi;zayif;zayif;asagi;0,69;-3,77;4;33,3;6,25;11936685;36,31;SAT;NEGATIF;SAT;NEGATIF;ARTIYOR;AL;AL;NOTR;2;01.10.2026
CEOEM;izle;;8,5;2,3;6,2;0,0;0;0;zayif;28,6;32,4;47,4;asagi;zayif;zayif;asagi;0,70;-2,91;0;19,02;0,74;54445035;25,14;SAT;NEGATIF;SAT;NEGATIF;AZALIYOR;SAT;AL;NOTR;1;01.10.2026
ONCSM;izle;;8,5;2,4;4,0;2,0;0;0;zayif;55,9;24,1;14,0;asagi;zayif;zayif;asagi;0,82;-7,76;1;87,3;9,95;97405499;111,98;SAT;NEGATIF;SAT;NEGATIF;AZALIYOR;AL;AL;UCUZ (AL);2;01.10.2026
KBORU;izle;;8,5;2,4;6,0;0,0;0;0;zayif;39,0;31,7;45,5;asagi;zayif;zayif;asagi;0,66;-4,62;1;11,92;7,29;101124131;15,54;SAT;NEGATIF;SAT;NEGATIF;AZALIYOR;AL;AL;NOTR;2;01.10.2026
SASA;izle;;8,4;1,9;6,6;0,0;6;0;zayif;25,6;33,6;21,0;asagi;zayif;zayif;asagi;0,56;-2,89;3;1,92;6,67;5449223647;2,30;SAT;NEGATIF;SAT;NEGATIF;ARTIYOR;SAT;AL;NOTR;1;01.10.2026
KAREL;izle;;8,4;2,4;5,9;0,0;10;0;zayif;44,1;31,5;14,7;asagi;zayif;zayif;asagi;0,53;-4,59;5;6,13;6,42;33395774;6,92;SAT;NEGATIF;SAT;NEGATIF;ARTIYOR;AL;AL;UCUZ (AL);2;01.10.2026
PLTUR;izle;;8,4;2,4;5,9;0,0;10;0;zayif;34,1;31,4;15,3;asagi;zayif;zayif;asagi;0,58;-4,28;4;15,52;6,96;15992631;17,27;SAT;NEGATIF;SAT;NEGATIF;ARTIYOR;AL;AL;UCUZ (AL);2;01.10.2026
BVSAN;izle;;8,3;2,2;6,2;0,0;6;0;zayif;27,9;32,2;8,6;asagi;zayif;zayif;asagi;0,30;-4,13;3;74,95;5,94;36330663;91,80;SAT;NEGATIF;SAT;NEGATIF;AZALIYOR;SAT;AL;NOTR;1;01.10.2026
SMART;izle;;8,3;2,3;4,3;1,8;6;0;zayif;28,7;25,9;33,6;asagi;zayif;zayif;asagi;0,81;-5,30;3;16,36;6,23;10781616;18,27;SAT;NEGATIF;SAT;NEGATIF;ARTIYOR;AL;AL;NOTR;2;01.10.2026
KZBGY;izle;;8,3;2,4;5,0;0,9;10;0;zayif;47,3;28,4;25,2;asagi;zayif;zayif;asagi;0,75;-5,71;4;1,42;4,41;39061667;1,60;SAT;NEGATIF;SAT;NEGATIF;ARTIYOR;AL;AL;UCUZ (AL);2;01.10.2026
BIZIM;izle;;8,3;2,4;5,9;0,0;20;1;zayif;32,1;31,2;8,7;asagi;zayif;zayif;asagi;0,66;-3,92;4;19,56;4,94;3603226;21,85;SAT;NEGATIF;SAT;NEGATIF;ARTIYOR;SAT;AL;UCUZ (AL);1;01.10.2026
KLMSN;izle;;8,3;2,4;4,0;1,9;6;0;zayif;38,6;24,7;16,7;asagi;zayif;zayif;asagi;0,81;-4,56;3;21,52;2,87;10127312;24,70;SAT;NEGATIF;SAT;NEGATIF;AZALIYOR;AL;AL;UCUZ (AL);2;01.10.2026
KZGYO;izle;;8,2;2,4;5,8;0,0;0;0;zayif;34,4;30,9;22,4;asagi;zayif;zayif;asagi;0,25;-3,93;0;14,39;5,73;19613757;18,61;SAT;NEGATIF;SAT;NEGATIF;AZALIYOR;SAT;AL;UCUZ (AL);1;01.10.2026
BORLS;izle;;8,2;2,4;4,0;1,7;6;0;zayif;58,6;14,0;5,4;asagi;zayif;zayif;asagi;0,80;-8,55;3;1,58;5,33;42742623;2,18;SAT;NEGATIF;SAT;NEGATIF;AZALIYOR;AL;AL;UCUZ (AL);2;01.10.2026
INVEO;izle;;8,2;1,9;6,3;0,0;0;0;zayif;26,1;32,6;42,3;asagi;zayif;zayif;asagi;0,61;-3,44;2;5,69;5,37;19882248;6,45;SAT;NEGATIF;SAT;NEGATIF;ARTIYOR;SAT;AL;UCUZ (AL);1;01.10.2026
EMKEL;izle;;8,2;2,4;4,0;1,7;0;0;zayif;68,6;12,1;11,3;asagi;zayif;zayif;asagi;0,80;-9,41;2;7,91;3,13;21130260;9,39;SAT;NEGATIF;SAT;NEGATIF;AZALIYOR;AL;AL;UCUZ (AL);2;01.10.2026
MEKAG;izle;;8,2;2,4;4,0;1,7;10;0;zayif;38,9;20,3;12,8;asagi;zayif;zayif;asagi;0,80;-6,14;4;2,03;3,57;10481680;2,35;SAT;NEGATIF;SAT;NEGATIF;AZALIYOR;AL;AL;UCUZ (AL);2;01.10.2026
ANGEN;izle;;8,2;0,7;7,4;0,0;50;4;zayif;17,2;36,5;19,3;asagi;zayif;zayif;asagi;0,62;-3,36;4;7,22;6,49;11620258;8,21;SAT;NEGATIF;NOTR;NEGATIF;ARTIYOR;AL;AL;UCUZ (AL);2;01.10.2026
AYCES;izle;;8,1;0,7;6,7;0,7;0;0;zayif;17,5;33,9;32,4;asagi;zayif;zayif;asagi;0,74;-4,09;2;360;7,30;19253880;403,41;SAT;NEGATIF;NOTR;NEGATIF;ARTIYOR;SAT;AL;NOTR;1;01.10.2026
AVOD;izle;;8,0;2,4;5,6;0,0;0;0;zayif;33,5;30,2;18,8;asagi;zayif;zayif;asagi;0,25;-3,47;1;3,05;4,81;9164939;3,56;SAT;NEGATIF;SAT;NEGATIF;AZALIYOR;SAT;AL;NOTR;1;01.10.2026
KIMMR;izle;;7,9;2,4;4,5;1,0;0;0;zayif;50,3;26,6;16,1;asagi;zayif;zayif;asagi;0,76;-4,82;1;10,92;3,02;8308853;12,10;SAT;NEGATIF;SAT;NEGATIF;ARTIYOR;AL;AL;NOTR;2;01.10.2026
AVHOL;izle;;7,8;2,4;5,4;0,0;10;0;zayif;47,4;29,6;20,7;asagi;zayif;zayif;asagi;0,55;-3,99;4;26,7;6,37;20029272;29,81;SAT;NEGATIF;SAT;NEGATIF;ARTIYOR;AL;AL;UCUZ (AL);2;01.10.2026
NATEN;izle;;7,7;2,4;5,3;0,0;6;0;zayif;38,7;29,3;14,3;asagi;zayif;zayif;asagi;0,65;-5,09;3;4,06;6,01;18288924;4,52;SAT;NEGATIF;SAT;NEGATIF;ARTIYOR;AL;AL;UCUZ (AL);2;01.10.2026
IHLGM;izle;;7,7;2,3;5,4;0,0;20;1;zayif;28,9;29,8;47,7;asagi;zayif;zayif;asagi;0,49;-4,35;5;1,21;6,14;19299750;1,37;SAT;NEGATIF;SAT;NEGATIF;ARTIYOR;SAT;AL;UCUZ (AL);1;01.10.2026
NIBAS;izle;;7,7;2,0;5,7;0,0;38;3;zayif;26,5;30,6;27,9;asagi;zayif;zayif;asagi;0,49;-3,61;3;2,89;5,47;24732788;3,63;SAT;NEGATIF;SAT;NEGATIF;AZALIYOR;SAT;AL;NOTR;1;01.10.2026
KMPUR;izle;;7,5;2,4;5,1;0,0;0;0;zayif;42,4;28,6;21,2;asagi;zayif;zayif;asagi;0,45;-3,56;2;14,17;1,87;13868136;17,15;SAT;NEGATIF;SAT;NEGATIF;AZALIYOR;AL;AL;NOTR;2;01.10.2026
GLCVY;izle;;7,5;2,4;5,1;0,0;10;0;zayif;31,6;28,5;3,8;asagi;zayif;zayif;asagi;0,59;-4,00;5;41,08;3,89;16164939;47,05;SAT;NEGATIF;SAT;NEGATIF;AZALIYOR;SAT;AL;UCUZ (AL);1;01.10.2026
CONSE;izle;;7,5;2,4;5,0;0,0;16;1;zayif;39,2;28,4;3,1;asagi;zayif;zayif;asagi;0,50;-4,62;3;1,7;7,59;9153361;1,88;SAT;NEGATIF;SAT;NEGATIF;ARTIYOR;AL;AL;UCUZ (AL);2;01.10.2026
SUWEN;izle;;7,4;2,4;5,1;0,0;16;1;zayif;29,5;28,6;20,1;asagi;zayif;zayif;asagi;0,40;-3,04;3;4,92;1,86;8728862;6,21;SAT;NEGATIF;SAT;NEGATIF;AZALIYOR;SAT;AL;UCUZ (AL);1;01.10.2026
YIGIT;izle;;7,4;2,4;4,6;0,3;0;0;zayif;36,9;27,1;18,4;asagi;zayif;zayif;asagi;0,72;-4,77;2;16,76;3,91;34768268;18,91;SAT;NEGATIF;SAT;NEGATIF;ARTIYOR;SAT;AL;UCUZ (AL);1;01.10.2026
ULUUN;izle;;7,4;2,4;5,0;0,0;6;0;zayif;39,9;28,2;17,9;asagi;zayif;zayif;asagi;0,70;-4,60;3;6,06;3,41;32350359;6,92;SAT;NEGATIF;SAT;NEGATIF;AZALIYOR;SAT;AL;NOTR;1;01.10.2026
ESEN;izle;;7,4;2,4;4,9;0,0;46;4;zayif;39,4;28,0;4,9;asagi;zayif;zayif;asagi;0,70;-4,77;3;2,61;5,24;49230026;2,93;SAT;NEGATIF;SAT;NEGATIF;ARTIYOR;AL;AL;UCUZ (AL);2;01.10.2026
MNDTR;izle;;7,3;2,4;4,8;0,0;6;0;zayif;41,1;27,8;9,3;asagi;zayif;zayif;asagi;0,47;-4,26;3;4,06;3,31;2990547;4,57;SAT;NEGATIF;SAT;NEGATIF;AZALIYOR;AL;AL;UCUZ (AL);2;01.10.2026
ERBOS;izle;;7,3;2,4;4,8;0,0;6;0;zayif;41,8;27,7;4,3;asagi;zayif;zayif;asagi;0,30;-4,66;3;119,4;2,67;8747005;131,78;SAT;NEGATIF;SAT;NEGATIF;AZALIYOR;AL;AL;UCUZ (AL);2;01.10.2026
VESBE;izle;;7,2;2,2;5,0;0,0;10;0;zayif;28,5;28,2;41,3;asagi;zayif;zayif;asagi;0,64;-4,21;5;4,19;6,35;61106776;4,94;SAT;NEGATIF;SAT;NEGATIF;AZALIYOR;SAT;AL;UCUZ (AL);1;01.10.2026
TMSN;izle;;7,2;1,1;4,0;2,1;10;0;zayif;20,2;23,7;34,5;asagi;zayif;zayif;asagi;0,83;-4,26;4;57,2;2,97;37645608;66,65;SAT;NEGATIF;SAT;NEGATIF;ARTIYOR;SAT;AL;UCUZ (AL);1;01.10.2026
SAMAT;izle;;7,2;2,4;4,7;0,0;6;0;zayif;43,8;27,4;20,8;asagi;zayif;zayif;asagi;0,45;-4,14;3;3,84;3,78;1686409;4,66;SAT;NEGATIF;SAT;NEGATIF;AZALIYOR;AL;AL;UCUZ (AL);2;01.10.2026
VSNMD;izle;;7,2;2,4;4,0;0,7;6;0;zayif;45,8;17,0;4,5;asagi;zayif;zayif;asagi;0,74;-7,06;3;28,28;3,51;23246697;32,45;SAT;NEGATIF;SAT;NEGATIF;AZALIYOR;AL;AL;UCUZ (AL);2;01.10.2026
GSRAY;izle;;7,2;2,4;4,7;0,0;6;0;zayif;45,6;27,4;2,9;asagi;zayif;zayif;asagi;0,42;-4,40;3;0,83;5,06;50087131;0,90;SAT;NEGATIF;SAT;NEGATIF;ARTIYOR;SAT;AL;UCUZ (AL);1;01.10.2026
CMBTN;izle;;7,1;2,0;5,1;0,0;0;0;zayif;26,7;28,8;14,7;asagi;zayif;zayif;asagi;0,49;-3,47;2;1237;2,57;14333119;1449,73;SAT;NEGATIF;SAT;NEGATIF;AZALIYOR;SAT;AL;UCUZ (AL);1;01.10.2026
MARBL;izle;;6,9;2,4;4,1;0,3;20;1;zayif;42,4;25,4;17,0;asagi;zayif;zayif;asagi;0,72;-4,82;5;9,02;4,88;8325262;10,16;SAT;NEGATIF;SAT;NEGATIF;ARTIYOR;AL;AL;UCUZ (AL);2;01.10.2026
IMASM;izle;;6,9;2,4;4,4;0,0;10;0;zayif;30,7;26,3;28,9;asagi;zayif;zayif;asagi;0,70;-6,01;4;1,6;6,67;24257141;1,81;SAT;NEGATIF;SAT;NEGATIF;ARTIYOR;AL;AL;UCUZ (AL);2;01.10.2026
DOKTA;izle;;6,7;2,4;4,0;0,3;6;0;zayif;40,7;17,3;8,6;asagi;zayif;zayif;asagi;0,72;-5,45;3;15,44;0,06;6251718;18,53;SAT;NEGATIF;SAT;NEGATIF;ARTIYOR;SAT;AL;UCUZ (AL);1;01.10.2026
PARSN;izle;;6,7;2,4;4,3;0,0;6;0;zayif;36,4;25,9;15,5;asagi;zayif;zayif;asagi;0,65;-4,59;3;59,15;1,63;10276070;65,53;SAT;NEGATIF;SAT;NEGATIF;ARTIYOR;AL;AL;UCUZ (AL);2;01.10.2026
RTALB;izle;;6,7;2,0;4,7;0,0;40;4;zayif;26,4;27,4;9,0;asagi;zayif;zayif;asagi;0,65;-4,84;1;1,97;5,35;32177356;2,34;SAT;NEGATIF;SAT;NEGATIF;AZALIYOR;AL;AL;UCUZ (AL);2;01.10.2026
RUZYE;izle;;6,7;2,4;4,2;0,0;10;1;zayif;35,3;25,8;12,7;asagi;zayif;zayif;asagi;0,54;-5,30;1;4,89;5,62;23257397;6,24;SAT;NEGATIF;SAT;NEGATIF;AZALIYOR;AL;AL;UCUZ (AL);2;01.10.2026
YESIL;izle;;6,7;2,4;4,2;0,0;0;0;zayif;43,4;25,7;22,1;asagi;zayif;zayif;asagi;0,51;-5,63;1;0,85;6,25;6840760;0,95;SAT;NEGATIF;SAT;NEGATIF;ARTIYOR;AL;AL;UCUZ (AL);2;01.10.2026
GLRYH;izle;;6,6;2,4;4,2;0,0;0;0;zayif;42,2;25,6;11,0;asagi;zayif;zayif;asagi;0,67;-5,47;2;1,8;7,78;12511841;2,18;SAT;NEGATIF;SAT;NEGATIF;ARTIYOR;AL;AL;UCUZ (AL);2;01.10.2026
BRKO;izle;;6,6;2,4;4,1;0,1;0;0;zayif;33,7;25,2;12,2;asagi;zayif;zayif;asagi;0,71;-7,14;2;5,85;-4,41;2767746;7,69;SAT;NEGATIF;SAT;NEGATIF;AZALIYOR;AL;SAT;NOTR;1;01.10.2026
YAPRK;izle;;6,6;1,1;5,5;0,0;6;0;zayif;20,3;30,0;50,0;asagi;zayif;zayif;asagi;0,51;-3,24;3;8,57;5,28;16551404;10,09;SAT;NEGATIF;SAT;NEGATIF;AZALIYOR;AL;AL;UCUZ (AL);2;01.10.2026
BEYAZ;izle;;6,5;2,0;4,6;0,0;6;0;zayif;26,4;27,0;34,1;asagi;zayif;zayif;asagi;0,51;-4,80;3;16,68;3,22;8802153;19,46;SAT;NEGATIF;SAT;NEGATIF;AZALIYOR;SAT;AL;UCUZ (AL);1;01.10.2026
AGROT;izle;;6,5;2,4;4,0;0,0;6;0;zayif;29,9;20,4;32,1;asagi;zayif;zayif;asagi;0,70;-7,11;3;1,35;4,65;33524007;1,55;SAT;NEGATIF;SAT;NEGATIF;ARTIYOR;AL;AL;UCUZ (AL);2;01.10.2026
DOFRB;izle;;6,4;2,4;4,0;0,0;0;0;zayif;41,3;23,3;14,7;asagi;zayif;zayif;asagi;0,69;-6,31;2;72,3;0,56;176840956;91,77;SAT;NEGATIF;SAT;NEGATIF;AZALIYOR;AL;SAT;NOTR;1;01.10.2026
ENSRI;izle;;6,4;2,4;4,0;0,0;0;0;zayif;36,0;21,8;15,0;asagi;zayif;zayif;asagi;0,57;-8,65;2;2,94;3,89;21490727;3,53;SAT;NEGATIF;SAT;NEGATIF;AZALIYOR;AL;AL;UCUZ (AL);2;01.10.2026
SERNT;izle;;6,4;2,4;4,0;0,0;0;0;zayif;43,0;18,6;11,8;asagi;zayif;zayif;asagi;0,65;-6,11;2;5,06;3,69;14369980;6,11;SAT;NEGATIF;SAT;NEGATIF;AZALIYOR;SAT;AL;UCUZ (AL);1;01.10.2026
PENGD;izle;;6,4;2,4;4,0;0,0;10;0;zayif;44,1;24,4;16,1;asagi;zayif;zayif;asagi;0,46;-5,60;5;7,07;5,05;9898184;7,72;SAT;NEGATIF;SAT;NEGATIF;ARTIYOR;SAT;AL;NOTR;1;01.10.2026
RODRG;izle;;6,4;2,4;4,0;0,0;6;0;zayif;41,9;21,2;3,3;asagi;zayif;zayif;asagi;0,54;-4,67;3;16,16;-0,06;1916705;19,74;SAT;NEGATIF;SAT;NEGATIF;ARTIYOR;SAT;SAT;NOTR;0;01.10.2026
BIGTK;izle;;6,4;2,4;4,0;0,0;32;3;zayif;45,8;16,9;38,1;asagi;zayif;zayif;asagi;0,07;-7,97;0;86,8;-9,96;2169653;144,32;SAT;NEGATIF;SAT;NEGATIF;AZALIYOR;SAT;SAT;UCUZ (AL);0;01.10.2026
IZINV;izle;;6,4;2,4;4,0;0,0;6;0;zayif;36,9;21,1;27,3;asagi;zayif;zayif;asagi;0,59;-6,73;3;31,36;4,53;5014527;37,61;SAT;NEGATIF;SAT;NEGATIF;AZALIYOR;AL;AL;UCUZ (AL);2;01.10.2026
TMPOL;izle;;6,4;2,4;4,0;0,0;0;0;zayif;47,5;13,9;0,0;asagi;zayif;zayif;asagi;0,04;-9,97;0;81,7;-9,97;1576728;142,30;SAT;NEGATIF;SAT;NEGATIF;AZALIYOR;AL;SAT;UCUZ (AL);1;01.10.2026
DCTTR;izle;;6,4;2,4;4,0;0,0;0;0;zayif;53,6;20,7;11,6;asagi;zayif;zayif;asagi;0,40;-8,81;2;3,43;6,52;14101200;4,28;SAT;NEGATIF;SAT;NEGATIF;AZALIYOR;AL;AL;UCUZ (AL);2;01.10.2026
YYAPI;izle;;6,4;2,4;4,0;0,0;10;0;zayif;67,4;21,3;7,0;asagi;zayif;zayif;asagi;0,51;-8,81;4;0,55;5,77;1050432;0,60;SAT;NEGATIF;SAT;NEGATIF;ARTIYOR;AL;AL;UCUZ (AL);2;01.10.2026
KUYAS;izle;;6,4;2,4;4,0;0,0;0;0;zayif;44,1;16,1;8,8;asagi;zayif;zayif;asagi;0,03;-8,47;1;24,14;-9,99;12695467;35,99;SAT;NEGATIF;SAT;NEGATIF;AZALIYOR;SAT;SAT;UCUZ (AL);0;01.10.2026
HATEK;izle;;6,4;2,4;4,0;0,0;0;0;zayif;33,2;17,5;-0,0;asagi;zayif;zayif;asagi;0,39;-5,85;2;8;-0,62;4639496;9,75;SAT;NEGATIF;SAT;NEGATIF;ARTIYOR;SAT;AL;UCUZ (AL);1;01.10.2026
UFUK;izle;;6,4;2,4;4,0;0,0;0;0;zayif;42,8;9,4;1,8;asagi;zayif;zayif;asagi;0,01;-10,08;0;395;-9,97;415145;642,34;SAT;NEGATIF;SAT;NEGATIF;AZALIYOR;AL;SAT;UCUZ (AL);1;01.10.2026
RALYH;izle;;6,4;2,4;4,0;0,0;32;3;zayif;44,8;12,1;17,7;asagi;zayif;zayif;asagi;0,05;-9,49;0;76,85;-9,96;3300477;118,47;SAT;NEGATIF;SAT;NEGATIF;AZALIYOR;SAT;AL;UCUZ (AL);1;01.10.2026
CASA;izle;;6,4;2,4;4,0;0,0;0;0;zayif;43,8;25,0;11,0;asagi;zayif;zayif;asagi;0,59;-8,09;2;44,8;9,27;563539;47,93;SAT;NEGATIF;SAT;NEGATIF;ARTIYOR;AL;AL;UCUZ (AL);2;01.10.2026
PRKAB;izle;;5,6;0,9;4,7;0,0;20;1;zayif;18,6;27,3;7,2;asagi;zayif;zayif;asagi;0,49;-4,13;4;24,48;5,15;14237935;28,36;SAT;NEGATIF;NOTR;NEGATIF;AZALIYOR;SAT;AL;NOTR;1;01.10.2026
KUVVA;izle;;5,4;5,4;0,0;0,0;22;2;zayif;46,4;17,6;21,8;asagi;zayif;zayif;asagi;0,37;-5,79;0;73,55;-9,98;3972583;111,90;SAT;NEGATIF;SAT;NEGATIF;AZALIYOR;SAT;SAT;UCUZ (AL);0;01.10.2026
GATEG;izle;;3,4;2,4;1,0;0,0;0;0;zayif;34,8;27,6;56,7;asagi;zayif;zayif;asagi;0,68;-6,77;0;142,1;-9,95;4257032;193,14;SAT;NEGATIF;SAT;NEGATIF;AZALIYOR;SAT;SAT;UCUZ (AL);0;01.10.2026
USAK;izle;;2,4;2,4;0,0;0,0;0;0;zayif;47,1;4,4;6,3;asagi;zayif;zayif;asagi;0,12;-10,86;2;0,49;-9,26;4149441;0,67;SAT;NEGATIF;SAT;NEGATIF;AZALIYOR;AL;AL;UCUZ (AL);2;01.10.2026