hisse;durum;yeni_sinyal;konfluans;trend_35;momentum_30;hacim_35;risk;uyumsuzluk;rejim;adx;rsi;mfi;supertrend;goreli_guc;usd_trend;haftalik_trend;hacim_orani;ema50_uzaklik_atr;dagitim_gun;kapanis;degisim%;islem_hacmi_tl;st_cizgisi;osc_macd;osc_rsi;osc_adx;osc_momentum;osc_atr;osc_wavetrend;osc_stochrsi;osc_sharpe;osc_al_sayisi;tarih
TGSAS;GUCLU AL;;99,2;35,0;29,2;35,0;28;0;guclu trend;30,8;73,6;84,8;yukari;guclu;yukselis;yukari;4,21;4,72;0;268,5;9,95;729825423;198,54;AL;POZITIF;AL;POZITIF;ARTIYOR;AL;AL;NOTR;6;27.08.2026
GESAN;GUCLU AL;;99,0;34,4;30,0;34,6;28;0;guclu trend;28,3;70,4;70,0;yukari;guclu;yukselis;yukari;1,53;3,54;1;93,6;1,52;1530292514;83,74;AL;POZITIF;AL;POZITIF;ARTIYOR;AL;AL;NOTR;6;27.08.2026
MTRKS;GUCLU AL;;97,5;35,0;30,0;32,5;10;0;guclu trend;32,5;63,2;87,3;yukari;guclu;yukselis;yukari;2,36;2,62;1;34,36;-0,69;134998310;31,00;AL;POZITIF;AL;POZITIF;ARTIYOR;AL;SAT;NOTR;5;27.08.2026
SANFM;GUCLU AL;;97,5;35,0;27,5;35,0;28;0;guclu trend;30,8;77,1;81,2;yukari;guclu;yukselis;yukari;1,39;3,98;0;11,16;2,20;80541363;9,85;AL;POZITIF;AL;POZITIF;ARTIYOR;AL;AL;NOTR;6;27.08.2026
ARSAN;GUCLU AL;;97,0;35,0;28,3;33,6;28;0;guclu trend;33,0;75,4;98,3;yukari;guclu;yukselis;yukari;1,22;3,81;0;4,25;-0,93;137666459;3,69;AL;POZITIF;AL;POZITIF;AZALIYOR;AL;SAT;NOTR;5;27.08.2026
BAHKM;izle;;96,9;35,0;26,9;35,0;45;1;guclu trend;36,3;78,2;90,7;yukari;guclu;yukselis;yukari;4,10;4,71;0;159;9,96;559260558;128,13;AL;POZITIF;AL;POZITIF;ARTIYOR;AL;AL;NOTR;6;27.08.2026
AKFIS;GUCLU AL;;96,1;35,0;28,1;33,0;38;1;guclu trend;30,4;75,9;84,0;yukari;guclu;yukselis;yukari;1,18;4,79;1;19,43;1,46;468291562;16,36;AL;POZITIF;AL;POZITIF;AZALIYOR;AL;AL;PAHALI (SAT);6;27.08.2026
PEKGY;izle;;95,7;33,1;27,6;35,0;60;3;guclu trend;25,1;76,7;63,5;yukari;guclu;yukselis;yukari;1,37;3,26;1;16,5;1,85;3448717025;14,42;AL;POZITIF;AL;POZITIF;ARTIYOR;AL;AL;NOTR;6;27.08.2026
HATSN;GUCLU AL;;95,7;34,1;26,6;35,0;35;0;guclu trend;27,7;78,9;90,5;yukari;guclu;yukselis;yukari;1,40;5,10;0;79,4;2,12;714819382;65,09;AL;POZITIF;AL;POZITIF;AZALIYOR;AL;SAT;NOTR;5;27.08.2026
DURKN;GUCLU AL;;95,3;34,5;30,0;30,8;0;0;guclu trend;28,6;60,3;75,9;yukari;guclu;yukselis;yukari;1,16;1,64;1;22,74;-3,56;71287512;19,66;AL;POZITIF;AL;POZITIF;ARTIYOR;AL;AL;NOTR;6;27.08.2026
RYSAS;GUCLU AL;EVET;95,2;33,8;30,0;31,5;0;0;guclu trend;26,9;62,4;57,9;yukari;guclu;yukselis;yukari;2,51;1,96;2;25,6;8,11;753141811;21,32;AL;POZITIF;AL;POZITIF;ARTIYOR;AL;AL;NOTR;6;27.08.2026
ALTNY;GUCLU AL;;95,0;31,6;30,0;33,4;0;0;guclu trend;21,2;61,5;81,7;yukari;guclu;yukselis;yukari;1,38;2,08;2;18,56;3,57;653965275;16,42;AL;POZITIF;AL;POZITIF;ARTIYOR;AL;SAT;NOTR;5;27.08.2026
NETAS;GUCLU AL;;95,0;35,0;30,0;30,0;20;0;guclu trend;38,9;67,2;69,3;yukari;guclu;yukselis;yukari;2,01;3,88;0;95,9;4,58;371202240;83,84;AL;POZITIF;AL;POZITIF;ARTIYOR;SAT;SAT;NOTR;4;27.08.2026
BRSAN;izle;;94,9;35,0;30,0;29,9;50;2;guclu trend;34,8;67,3;78,5;yukari;guclu;yukselis;yukari;1,01;3,66;1;732;3,68;2369246100;635,12;AL;POZITIF;AL;POZITIF;ARTIYOR;SAT;SAT;NOTR;4;27.08.2026
ASTOR;AL;;94,7;30,8;30,0;33,9;28;1;ilimli;19,3;62,2;68,4;yukari;guclu;yukselis;yukari;1,57;2,28;2;349;3,03;15998097878;299,69;AL;POZITIF;NOTR;POZITIF;ARTIYOR;AL;AL;PAHALI (SAT);5;27.08.2026
BIGTK;GUCLU AL;;94,4;31,8;30,0;32,7;16;0;guclu trend;21,7;64,3;60,5;yukari;guclu;yukselis;yukari;1,16;2,41;3;381,5;0,53;309647909;296,10;AL;POZITIF;AL;POZITIF;AZALIYOR;AL;AL;NOTR;6;27.08.2026
EGPRO;GUCLU AL;;94,3;34,7;30,0;29,7;30;0;guclu trend;29,2;70,9;81,2;yukari;guclu;yukselis;yukari;4,45;2,78;0;41,02;4,11;226181162;36,68;AL;POZITIF;AL;POZITIF;ARTIYOR;AL;AL;NOTR;6;27.08.2026
KCAER;izle;;94,1;35,0;30,0;29,1;32;3;guclu trend;33,5;64,1;77,3;yukari;guclu;yukselis;yukari;0,96;2,10;0;16,3;0,25;250103761;14,75;AL;POZITIF;AL;POZITIF;AZALIYOR;SAT;SAT;NOTR;4;27.08.2026
AGESA;izle;;94,0;30,5;29,0;34,5;50;4;ilimli;18,5;68,5;62,2;yukari;guclu;yukselis;yukari;1,27;2,31;1;259,25;2,98;84058183;230,95;AL;POZITIF;NOTR;POZITIF;ARTIYOR;AL;AL;NOTR;5;27.08.2026
ANELE;izle;;93,8;33,7;25,1;35,0;67;3;guclu trend;26,6;81,8;88,4;yukari;guclu;yukselis;yukari;5,43;5,33;0;180;9,09;3983456340;135,49;AL;POZITIF;AL;POZITIF;ARTIYOR;AL;AL;PAHALI (SAT);6;27.08.2026
BJKAS;GUCLU AL;;93,6;35,0;30,0;28,6;28;0;guclu trend;52,4;67,6;70,6;yukari;guclu;yukselis;yukari;1,60;3,65;1;2,72;1,12;1545373685;2,36;AL;POZITIF;AL;POZITIF;AZALIYOR;SAT;SAT;NOTR;4;27.08.2026
BINBN;GUCLU AL;;93,6;35,0;26,2;32,3;10;1;guclu trend;32,8;55,0;59,7;yukari;guclu;yukselis;yukari;1,21;0,92;0;186,6;3,15;68508697;165,95;AL;POZITIF;AL;POZITIF;ARTIYOR;SAT;SAT;NOTR;4;27.08.2026
TARKM;GUCLU AL;;93,0;32,2;30,0;30,7;10;0;guclu trend;22,9;66,9;81,4;yukari;guclu;yukselis;yukari;1,66;2,29;1;540,5;-2,70;146653325;477,07;AL;POZITIF;AL;POZITIF;ARTIYOR;AL;SAT;NOTR;5;27.08.2026
KRGYO;GUCLU AL;;92,8;30,0;28,9;33,9;28;0;zayif;38,5;74,3;90,1;yukari;guclu;yukselis;yukari;1,24;3,55;0;3,2;-0,31;98753290;2,77;AL;POZITIF;AL;POZITIF;ARTIYOR;AL;AL;NOTR;6;27.08.2026
BRLSM;GUCLU AL;;92,8;33,8;24,7;34,3;35;0;guclu trend;27,0;82,7;93,0;yukari;guclu;yukselis;yukari;1,98;5,97;0;24,2;10,00;356098402;19,38;AL;POZITIF;AL;POZITIF;ARTIYOR;AL;AL;NOTR;6;27.08.2026
TRMET;GUCLU AL;;92,7;33,3;30,0;29,3;20;1;guclu trend;25,7;61,4;62,3;yukari;guclu;yukselis;yukari;0,98;2,47;1;144,7;1,76;1008148631;126,19;AL;POZITIF;AL;POZITIF;AZALIYOR;AL;SAT;NOTR;5;27.08.2026
KRDMD;GUCLU AL;;92,5;32,8;30,0;29,7;18;0;guclu trend;24,3;64,6;86,2;yukari;guclu;yukselis;yukari;0,98;2,54;2;46,56;2,11;2741007733;40,95;AL;POZITIF;AL;POZITIF;AZALIYOR;AL;AL;NOTR;6;27.08.2026
GIPTA;GUCLU AL;;92,1;30,0;30,0;32,1;32;0;zayif;44,0;68,0;95,0;yukari;guclu;yukselis;yukari;2,55;3,39;1;94,4;-6,63;1507455381;79,91;AL;POZITIF;AL;POZITIF;ARTIYOR;AL;SAT;NOTR;5;27.08.2026
RGYAS;izle;;91,9;32,2;27,5;32,1;40;4;guclu trend;22,9;59,5;75,4;yukari;guclu;yukselis;yukari;1,13;1,80;1;209,7;-1,55;452937950;196,83;AL;POZITIF;AL;POZITIF;ARTIYOR;AL;SAT;NOTR;5;27.08.2026
CATES;GUCLU AL;;91,6;35,0;23,1;33,4;35;0;guclu trend;46,2;85,7;89,1;yukari;guclu;yukselis;yukari;1,20;6,00;1;68;7,59;284979908;55,94;AL;POZITIF;AL;POZITIF;ARTIYOR;SAT;SAT;NOTR;4;27.08.2026
BINHO;AL;;91,5;31,1;30,0;30,4;10;0;ilimli;19,9;65,5;66,6;yukari;guclu;yukselis;yukari;1,06;2,19;1;11,23;2,56;301069483;9,66;AL;POZITIF;NOTR;POZITIF;AZALIYOR;AL;AL;NOTR;5;27.08.2026
EPLAS;izle;;91,5;27,9;29,7;33,8;40;4;zayif;30,8;60,1;58,1;yukari;guclu;yukselis;yukari;1,36;1,39;0;6,15;0,99;46743813;5,30;AL;POZITIF;AL;POZITIF;ARTIYOR;AL;AL;NOTR;6;27.08.2026
INVES;GUCLU AL;;91,4;34,2;29,6;27,6;28;0;guclu trend;27,9;72,7;80,0;yukari;guclu;yukselis;yukari;0,86;4,91;1;857;0,00;61335490;779,75;AL;POZITIF;AL;POZITIF;AZALIYOR;AL;AL;NOTR;6;27.08.2026
RYGYO;GUCLU AL;;91,2;35,0;27,3;28,9;28;0;guclu trend;44,7;77,4;64,5;yukari;guclu;yukselis;yukari;0,93;5,11;1;45,98;3,19;117895341;40,40;AL;POZITIF;AL;POZITIF;ARTIYOR;AL;AL;NOTR;6;27.08.2026
AHGAZ;AL;;91,0;30,2;28,5;32,2;10;0;ilimli;17,7;66,5;80,7;yukari;guclu;yukselis;yukari;1,61;2,68;2;37,04;2,43;244514226;33,01;AL;POZITIF;NOTR;POZITIF;ARTIYOR;AL;AL;NOTR;5;27.08.2026
ASELS;GUCLU AL;;90,9;32,8;30,0;28,1;8;0;guclu trend;24,3;61,1;65,4;yukari;guclu;yukselis;yukari;0,89;1,71;2;403,75;1,38;12830965858;357,42;AL;POZITIF;AL;POZITIF;AZALIYOR;SAT;SAT;NOTR;4;27.08.2026
BIMAS;GUCLU AL;;90,7;34,3;29,4;27,0;18;0;guclu trend;28,2;60,8;61,6;yukari;guclu;yukselis;yukari;0,82;2,16;0;413,75;-1,08;3472340191;383,65;AL;POZITIF;AL;POZITIF;AZALIYOR;AL;SAT;NOTR;5;27.08.2026
DUNYH;GUCLU AL;;90,0;35,0;30,0;25,0;30;1;guclu trend;32,4;69,6;79,5;yukari;guclu;yukselis;yukari;0,52;3,07;1;168,5;2,74;101785627;140,93;AL;POZITIF;AL;POZITIF;ARTIYOR;AL;AL;NOTR;6;27.08.2026
DEVA;GUCLU AL;;90,0;35,0;30,0;25,0;36;0;guclu trend;35,6;71,6;70,2;yukari;guclu;yukselis;yukari;0,57;3,97;0;90,5;-0,88;49404946;78,97;AL;POZITIF;AL;POZITIF;AZALIYOR;AL;AL;NOTR;6;27.08.2026
EUPWR;GUCLU AL;EVET;90,0;33,8;30,0;26,2;20;0;guclu trend;26,9;65,5;66,1;yukari;guclu;yukselis;yukari;0,84;3,19;1;103,1;3,62;1337108436;90,76;AL;POZITIF;AL;POZITIF;ARTIYOR;AL;AL;NOTR;6;27.08.2026
PASEU;GUCLU AL;;89,7;35,0;24,8;30,0;35;0;guclu trend;45,0;82,4;83,5;yukari;guclu;yukselis;yukari;1,00;6,41;0;258;6,61;3832025496;198,25;AL;POZITIF;AL;POZITIF;ARTIYOR;AL;AL;NOTR;6;27.08.2026
ADGYO;GUCLU AL;;89,6;35,0;30,0;24,6;0;0;guclu trend;30,2;57,8;60,3;yukari;guclu;yukselis;yukari;0,85;1,54;2;60,35;-0,66;51968170;54,81;AL;POZITIF;AL;POZITIF;AZALIYOR;SAT;SAT;NOTR;4;27.08.2026
ALBRK;izle;;89,5;34,8;30,0;24,7;50;3;guclu trend;29,5;71,4;70,6;yukari;guclu;yukselis;yukari;0,71;2,70;0;9,07;0,22;88427339;8,39;AL;POZITIF;AL;POZITIF;AZALIYOR;AL;AL;NOTR;6;27.08.2026
ISGYO;izle;;89,2;35,0;29,6;24,6;40;4;guclu trend;31,9;63,0;65,6;yukari;guclu;yukselis;yukari;0,47;2,04;1;28,12;-0,35;31996089;24,99;AL;POZITIF;AL;POZITIF;AZALIYOR;AL;AL;NOTR;6;27.08.2026
GENIL;GUCLU AL;;89,0;35,0;30,0;24,0;20;0;guclu trend;48,9;69,3;73,2;yukari;guclu;yukselis;yukari;0,39;3,08;1;12,04;-1,23;270526435;10,34;AL;POZITIF;AL;POZITIF;AZALIYOR;SAT;SAT;NOTR;4;27.08.2026
VBTYZ;GUCLU AL;;88,7;35,0;30,0;23,7;10;0;guclu trend;32,2;62,7;72,6;yukari;guclu;yukselis;yukari;0,74;2,72;1;37,2;-3,88;84786240;32,80;AL;POZITIF;AL;POZITIF;AZALIYOR;AL;SAT;NOTR;5;27.08.2026
PSDTC;GUCLU AL;;88,6;33,9;30,0;24,7;32;2;guclu trend;27,1;63,7;61,4;yukari;guclu;yukselis;yukari;0,86;2,25;0;168;6,06;93464112;141,60;AL;POZITIF;AL;POZITIF;ARTIYOR;AL;AL;NOTR;6;27.08.2026
ALTIN;GUCLU AL;;88,5;28,6;30,0;30,0;18;0;zayif;36,5;64,1;59,1;yukari;guclu;yukselis;yukari;1,01;2,43;1;77,51;-0,37;1467065177;74,56;AL;POZITIF;AL;POZITIF;AZALIYOR;SAT;SAT;NOTR;4;27.08.2026
DMLKT;GUCLU AL;;88,3;35,0;29,5;23,8;36;0;guclu trend;50,7;73,1;83,3;yukari;guclu;yukselis;yukari;0,33;4,21;2;6,9;0,29;22453166;6,58;AL;POZITIF;AL;POZITIF;AZALIYOR;SAT;SAT;NOTR;4;27.08.2026
MNDRS;AL;;88,2;23,2;30,0;35,0;10;0;zayif;31,9;67,7;78,3;yukari;guclu;yukselis;yukari;1,33;2,60;0;12,3;-0,40;52930492;10,95;AL;POZITIF;AL;POZITIF;ARTIYOR;AL;AL;NOTR;6;27.08.2026
AYGAZ;GUCLU AL;;88,0;35,0;30,0;23,0;20;0;guclu trend;44,1;63,2;75,5;yukari;guclu;yukselis;yukari;0,43;3,14;1;319,5;-0,31;201515360;295,18;AL;POZITIF;AL;POZITIF;AZALIYOR;SAT;SAT;NOTR;4;27.08.2026
ARDYZ;GUCLU AL;;88,0;35,0;30,0;23,0;20;0;guclu trend;60,9;63,1;72,5;yukari;guclu;yukselis;yukari;0,64;3,35;1;91,2;2,24;329132136;80,55;AL;POZITIF;AL;POZITIF;AZALIYOR;SAT;SAT;NOTR;4;27.08.2026
KLSYN;GUCLU AL;;87,9;34,2;30,0;23,7;0;0;guclu trend;28,0;61,6;64,5;yukari;guclu;yukselis;yukari;0,29;1,95;0;15,64;0,39;16056352;13,72;AL;POZITIF;AL;POZITIF;AZALIYOR;SAT;SAT;NOTR;4;27.08.2026
VANGD;GUCLU AL;;87,7;35,0;29,5;23,2;0;0;guclu trend;37,3;59,2;57,0;yukari;guclu;yukselis;yukari;0,51;1,51;1;102;-0,49;10149204;88,63;AL;POZITIF;AL;NEGATIF;AZALIYOR;SAT;SAT;NOTR;3;27.08.2026
HUNER;GUCLU AL;EVET;87,6;32,7;27,1;27,9;8;0;guclu trend;24,1;57,2;67,1;yukari;guclu;yukselis;yukari;1,53;1,13;1;3,88;2,65;192525868;3,50;AL;POZITIF;AL;POZITIF;AZALIYOR;SAT;SAT;NOTR;4;27.08.2026
KUVVA;GUCLU AL;;87,5;35,0;30,0;22,5;10;0;guclu trend;32,0;63,4;78,5;yukari;guclu;yukselis;yukari;0,38;2,43;1;181;-0,82;14129222;163,41;AL;POZITIF;AL;POZITIF;AZALIYOR;SAT;SAT;NOTR;4;27.08.2026
SELEC;GUCLU AL;;87,3;35,0;23,8;28,5;35;0;guclu trend;43,2;84,4;97,5;yukari;guclu;yukselis;yukari;0,91;5,78;0;324;8,00;1527110820;258,07;AL;POZITIF;AL;POZITIF;ARTIYOR;AL;AL;PAHALI (SAT);6;27.08.2026
TNZTP;GUCLU AL;;87,3;31,7;30,0;25,6;16;0;guclu trend;21,5;65,1;36,4;yukari;guclu;yukselis;yukari;0,74;2,84;3;30,28;1,34;82511789;26,67;AL;POZITIF;AL;POZITIF;AZALIYOR;AL;AL;NOTR;6;27.08.2026
AKSGY;GUCLU AL;;87,2;34,6;27,6;25,0;0;0;guclu trend;29,1;60,2;63,0;yukari;guclu;yukselis;yukari;0,68;1,89;0;10,09;-2,23;36839125;9,55;AL;POZITIF;AL;POZITIF;ARTIYOR;AL;SAT;NOTR;5;27.08.2026
DAGI;GUCLU AL;;87,1;35,0;28,0;24,1;28;0;guclu trend;34,2;76,0;76,4;yukari;guclu;yukselis;yukari;0,60;3,70;0;11,2;2,85;61965893;9,61;AL;POZITIF;AL;POZITIF;AZALIYOR;AL;AL;NOTR;6;27.08.2026
KRDMA;GUCLU AL;;87,1;35,0;26,2;25,8;35;0;guclu trend;35,9;79,6;88,1;yukari;guclu;yukselis;yukari;0,92;4,91;0;59,1;0,85;493722523;51,60;AL;POZITIF;AL;POZITIF;AZALIYOR;AL;SAT;NOTR;5;27.08.2026
KRPLS;GUCLU AL;;87,1;35,0;29,9;22,2;0;0;guclu trend;46,2;56,5;81,6;yukari;guclu;yukselis;yukari;0,46;1,44;0;10,38;-3,26;19595478;9,48;AL;POZITIF;AL;POZITIF;AZALIYOR;SAT;SAT;NOTR;4;27.08.2026
BOBET;GUCLU AL;EVET;86,7;30,0;30,0;26,7;40;2;zayif;35,7;66,6;68,7;yukari;guclu;yukselis;yukari;0,80;2,40;1;21,4;4,19;126830973;18,07;AL;POZITIF;AL;POZITIF;ARTIYOR;AL;AL;NOTR;6;27.08.2026
ALARK;GUCLU AL;;86,6;33,9;27,7;25,1;8;0;guclu trend;27,1;57,6;40,8;yukari;guclu;yukselis;yukari;0,79;1,37;1;109,6;1,01;493125034;98,31;AL;POZITIF;AL;POZITIF;AZALIYOR;AL;AL;NOTR;6;27.08.2026
AKCNS;AL;;86,5;28,5;25,3;32,7;20;1;ilimli;13,4;62,9;48,7;yukari;guclu;yukselis;yukari;1,16;2,53;1;248,6;1,14;90458082;231,75;SAT;POZITIF;NOTR;POZITIF;ARTIYOR;AL;AL;NOTR;4;27.08.2026
SAYAS;GUCLU AL;;86,5;35,0;30,0;21,5;10;0;guclu trend;36,1;62,6;73,1;yukari;guclu;yukselis;yukari;0,83;2,22;0;61,65;-2,68;190853234;51,71;AL;POZITIF;AL;POZITIF;AZALIYOR;AL;SAT;NOTR;5;27.08.2026
TCKRC;GUCLU AL;;86,5;33,7;30,0;22,8;10;0;guclu trend;26,6;58,5;67,1;yukari;guclu;yukselis;yukari;0,53;2,14;1;164,5;-2,66;265777880;148,45;AL;POZITIF;AL;POZITIF;AZALIYOR;SAT;SAT;NOTR;4;27.08.2026
INDES;GUCLU AL;;86,4;33,3;30,0;23,1;10;0;guclu trend;25,7;69,0;94,6;yukari;guclu;yukselis;yukari;0,70;2,71;0;12;0,08;59730372;10,82;AL;POZITIF;AL;POZITIF;AZALIYOR;AL;SAT;NOTR;5;27.08.2026
BIGEN;izle;;86,2;35,0;26,2;25,0;57;2;guclu trend;35,8;79,5;94,2;yukari;guclu;yukselis;yukari;0,35;5,57;0;175;6,06;265162975;133,04;AL;POZITIF;AL;POZITIF;ARTIYOR;AL;AL;PAHALI (SAT);6;27.08.2026
TRENJ;GUCLU AL;;86,2;31,5;30,0;24,7;32;2;guclu trend;21,1;60,8;67,3;yukari;guclu;yukselis;yukari;0,70;2,43;1;108,5;-1,81;182333165;95,68;AL;POZITIF;AL;POZITIF;AZALIYOR;AL;SAT;NOTR;5;27.08.2026
TRALT;GUCLU AL;;86,0;31,6;30,0;24,4;0;0;guclu trend;21,2;58,7;64,3;yukari;guclu;yukselis;yukari;0,74;1,84;0;54,3;-0,28;5548729285;48,12;AL;POZITIF;AL;POZITIF;AZALIYOR;AL;SAT;NOTR;5;27.08.2026
VERUS;GUCLU AL;;85,9;35,0;24,9;26,0;35;0;guclu trend;42,6;82,2;89,8;yukari;guclu;yukselis;yukari;0,76;6,08;1;749;2,18;49514892;667,54;AL;POZITIF;AL;POZITIF;AZALIYOR;AL;SAT;NOTR;5;27.08.2026
KORDS;GUCLU AL;;85,8;35,0;30,0;20,8;10;0;guclu trend;32,1;58,7;64,3;yukari;guclu;yukselis;yukari;0,40;2,21;1;88,1;-0,90;104002050;80,94;AL;POZITIF;AL;POZITIF;AZALIYOR;SAT;SAT;NOTR;4;27.08.2026
MANAS;GUCLU AL;;85,8;33,3;29,4;23,0;0;0;guclu trend;25,7;58,7;60,9;yukari;guclu;yukselis;yukari;0,68;1,82;2;33,1;0,00;440344857;30,47;AL;POZITIF;AL;POZITIF;AZALIYOR;SAT;SAT;PAHALI (SAT);4;27.08.2026
IZMDC;izle;;85,6;35,0;26,0;24,6;48;2;guclu trend;34,2;65,3;63,7;yukari;guclu;yukselis;yukari;0,74;3,12;3;14,12;1,07;125109879;11,87;SAT;POZITIF;AL;POZITIF;AZALIYOR;AL;AL;NOTR;5;27.08.2026
ETYAT;GUCLU AL;;85,5;33,2;26,0;26,3;10;0;guclu trend;25,4;61,6;70,2;yukari;guclu;yukselis;yukari;0,87;2,16;1;15,52;3,47;12852469;13,55;SAT;POZITIF;AL;NEGATIF;ARTIYOR;AL;AL;NOTR;4;27.08.2026
ATATP;GUCLU AL;;85,3;35,0;30,0;20,3;10;0;guclu trend;48,9;63,2;59,8;yukari;guclu;yukselis;yukari;0,75;2,81;1;319,5;4,07;446309231;267,66;AL;POZITIF;AL;POZITIF;ARTIYOR;SAT;SAT;NOTR;4;27.08.2026
CEMZY;GUCLU AL;;85,3;35,0;30,0;20,3;8;0;guclu trend;45,6;66,7;88,0;yukari;guclu;yukselis;yukari;0,60;1,97;0;16,43;-3,35;612631801;13,41;AL;POZITIF;AL;POZITIF;AZALIYOR;SAT;SAT;NOTR;4;27.08.2026
KTLEV;AL;;85,3;30,3;30,0;25,0;36;0;ilimli;18,0;70,7;68,0;yukari;guclu;yukselis;yukari;0,60;3,36;1;67;4,69;4231854201;50,05;AL;POZITIF;NOTR;POZITIF;AZALIYOR;AL;AL;PAHALI (SAT);5;27.08.2026
EGEGY;AL;;85,3;30,7;29,6;24,9;0;0;ilimli;19,1;62,3;69,6;yukari;guclu;yukselis;yukari;0,48;1,64;0;32,4;0,93;50636891;28,10;AL;POZITIF;NOTR;POZITIF;AZALIYOR;AL;SAT;NOTR;4;27.08.2026
OZSUB;GUCLU AL;;85,1;35,0;24,8;25,3;30;1;guclu trend;35,0;68,8;60,4;yukari;guclu;yukselis;yukari;0,74;3,21;2;44,18;0,82;140591319;36,62;SAT;POZITIF;AL;POZITIF;AZALIYOR;AL;AL;NOTR;5;27.08.2026
DOHOL;AL;EVET;85,1;22,3;28,5;34,3;0;0;ilimli;15,4;61,5;64,8;yukari;guclu;yukselis;yukari;1,64;1,50;2;22,34;2,20;402520981;19,96;AL;POZITIF;NOTR;POZITIF;ARTIYOR;AL;SAT;NOTR;4;27.08.2026
EGGUB;GUCLU AL;;85,1;27,0;30,0;28,0;0;0;zayif;22,3;64,9;75,4;yukari;guclu;yukselis;yukari;1,05;1,86;0;109,6;-2,06;82499646;100,13;AL;POZITIF;AL;POZITIF;ARTIYOR;AL;SAT;NOTR;5;27.08.2026
ENJSA;izle;;85,0;29,0;28,0;28,0;40;4;ilimli;14,5;59,3;53,8;yukari;guclu;yukselis;yukari;0,88;1,23;1;114;-0,87;466127190;103,40;AL;POZITIF;NOTR;POZITIF;AZALIYOR;AL;AL;NOTR;5;27.08.2026
ALKLC;izle;;84,7;35,0;23,3;26,4;42;1;guclu trend;55,3;61,5;27,0;yukari;guclu;yukselis;yukari;3,59;2,70;5;421;-0,47;2471688053;401,45;SAT;POZITIF;AL;NEGATIF;AZALIYOR;SAT;SAT;NOTR;2;27.08.2026
TRCAS;GUCLU AL;;84,5;31,4;28,3;24,8;8;0;guclu trend;20,7;56,3;63,9;yukari;guclu;yukselis;yukari;0,54;1,20;2;46,98;-0,25;26361277;42,03;AL;POZITIF;AL;POZITIF;AZALIYOR;AL;SAT;NOTR;5;27.08.2026
AYDEM;izle;;84,5;35,0;26,8;22,7;40;4;guclu trend;31,5;57,1;77,8;yukari;guclu;yukselis;yukari;0,42;0,96;2;27;-1,82;54057132;24,22;AL;POZITIF;AL;POZITIF;AZALIYOR;AL;SAT;NOTR;5;27.08.2026
ORGE;GUCLU AL;;84,4;33,6;30,0;20,9;30;2;guclu trend;26,3;64,7;61,7;yukari;guclu;yukselis;yukari;0,68;1,97;1;23,92;1,36;111447968;20,10;AL;POZITIF;AL;POZITIF;AZALIYOR;AL;SAT;NOTR;5;27.08.2026
BIOEN;GUCLU AL;;84,3;24,0;27,6;32,7;0;0;zayif;25,1;56,7;69,1;yukari;guclu;yukselis;yukari;1,39;1,15;2;19;-4,71;174904937;17,84;AL;POZITIF;AL;POZITIF;ARTIYOR;AL;SAT;NOTR;5;27.08.2026
TBORG;GUCLU AL;;84,0;30,0;30,0;24,0;28;0;zayif;39,9;69,4;84,3;yukari;guclu;yukselis;yukari;0,65;3,18;0;159,9;1,52;35240361;143,79;AL;POZITIF;AL;POZITIF;AZALIYOR;SAT;SAT;NOTR;4;27.08.2026
SOKM;GUCLU AL;;84,0;31,5;30,0;22,4;0;0;guclu trend;21,1;59,1;62,0;yukari;guclu;yukselis;yukari;0,69;1,61;2;56,3;-1,49;222910110;52,67;AL;POZITIF;AL;POZITIF;AZALIYOR;SAT;SAT;NOTR;4;27.08.2026
KGYO;izle;;83,6;31,1;30,0;22,5;48;4;ilimli;20,0;62,9;62,6;yukari;guclu;yukselis;yukari;0,35;2,00;1;12,93;0,08;114841040;10,80;AL;POZITIF;NOTR;POZITIF;AZALIYOR;SAT;SAT;NOTR;3;27.08.2026
KRONT;GUCLU AL;EVET;83,4;35,0;22,8;25,7;10;0;guclu trend;31,5;52,5;66,4;yukari;guclu;yukselis;yukari;1,05;0,93;4;25,56;4,24;44933815;23,51;SAT;POZITIF;AL;NEGATIF;ARTIYOR;SAT;AL;NOTR;3;27.08.2026
TRHOL;izle;;83,4;35,0;22,0;26,4;45;1;guclu trend;37,1;91,9;98,0;yukari;guclu;yukselis;yukari;0,78;6,53;0;2957,5;9,94;668717368;2292,63;AL;POZITIF;AL;POZITIF;ARTIYOR;AL;SAT;PAHALI (SAT);5;27.08.2026
KERVN;GUCLU AL;;83,2;35,0;23,2;25,0;26;0;guclu trend;32,8;67,3;46,5;yukari;guclu;yukselis;yukari;0,40;6,81;3;10,94;0,37;7365475;9,99;SAT;POZITIF;AL;POZITIF;AZALIYOR;SAT;SAT;PAHALI (SAT);3;27.08.2026
PCILT;GUCLU AL;;83,2;32,0;28,7;22,5;0;0;guclu trend;22,3;57,5;75,2;yukari;guclu;yukselis;yukari;0,69;1,15;1;35,08;-3,25;61993972;29,53;AL;POZITIF;AL;POZITIF;ARTIYOR;AL;AL;NOTR;6;27.08.2026
TUPRS;GUCLU AL;;83,0;35,0;24,9;23,1;20;0;guclu trend;54,2;66,0;81,4;yukari;guclu;yukselis;yukari;0,65;4,52;1;380,75;0,20;8031484149;361,06;SAT;POZITIF;AL;POZITIF;AZALIYOR;SAT;SAT;NOTR;3;27.08.2026
OYAKC;GUCLU AL;;83,0;23,9;30,0;29,1;10;0;zayif;24,4;69,2;83,7;yukari;guclu;yukselis;yukari;0,95;2,39;0;23,02;-0,43;555335424;21,09;AL;POZITIF;AL;POZITIF;AZALIYOR;AL;SAT;NOTR;5;27.08.2026
POLHO;GUCLU AL;;82,8;35,0;19,5;28,3;10;1;guclu trend;35,7;52,3;62,6;yukari;zayif;yukselis;yukari;0,99;0,80;2;22,08;-1,69;32963276;20,89;SAT;POZITIF;AL;NEGATIF;ARTIYOR;SAT;SAT;NOTR;2;27.08.2026
IEYHO;GUCLU AL;;82,8;35,0;22,8;25,0;35;0;guclu trend;81,0;86,5;89,7;yukari;guclu;yukselis;yukari;0,29;9,63;0;194;0,99;231629792;184,13;AL;POZITIF;AL;POZITIF;AZALIYOR;AL;AL;PAHALI (SAT);6;27.08.2026
OFSYM;GUCLU AL;;82,5;30,0;29,7;22,7;0;0;zayif;41,2;58,5;70,3;yukari;guclu;yukselis;yukari;0,30;1,39;0;63,8;0,39;58657018;53,59;AL;POZITIF;AL;NEGATIF;AZALIYOR;SAT;SAT;NOTR;3;27.08.2026
GSDDE;GUCLU AL;;82,4;35,0;26,9;20,5;0;0;guclu trend;30,4;55,4;70,7;yukari;guclu;yukselis;yukari;0,74;0,95;2;14,06;-3,03;66316197;12,38;AL;POZITIF;AL;POZITIF;AZALIYOR;AL;SAT;NOTR;5;27.08.2026
TSPOR;GUCLU AL;;82,3;30,0;27,3;25,0;38;1;zayif;53,1;77,4;73,7;yukari;guclu;yukselis;yukari;0,65;4,20;1;1,25;3,31;380215550;1,05;AL;POZITIF;AL;POZITIF;AZALIYOR;AL;AL;NOTR;6;27.08.2026
METRO;AL;;82,2;30,6;24,8;26,7;0;0;ilimli;18,8;55,8;65,8;yukari;zayif;yukselis;yukari;1,04;0,98;1;8,65;-2,81;61765472;7,70;AL;POZITIF;NOTR;POZITIF;ARTIYOR;AL;SAT;NOTR;4;27.08.2026
MOGAN;GUCLU AL;;82,0;35,0;24,2;22,8;28;2;guclu trend;35,2;58,8;53,2;yukari;guclu;yukselis;yukari;0,38;2,07;3;20,3;-1,55;187434610;17,53;SAT;POZITIF;AL;POZITIF;AZALIYOR;SAT;SAT;NOTR;3;27.08.2026
CELHA;GUCLU AL;;81,5;35,0;24,4;22,1;10;1;guclu trend;34,5;54,3;46,7;yukari;guclu;yukselis;yukari;0,56;1,63;1;25,48;-1,92;57102718;21,70;SAT;POZITIF;AL;POZITIF;AZALIYOR;SAT;SAT;NOTR;3;27.08.2026
ADEL;GUCLU AL;;81,5;25,1;29,2;27,2;10;1;zayif;36,9;59,2;60,1;yukari;guclu;yukselis;yukari;1,08;1,17;0;34,84;-5,27;227667903;31,81;AL;POZITIF;AL;POZITIF;ARTIYOR;AL;SAT;NOTR;5;27.08.2026
GLRMK;GUCLU AL;;81,3;27,3;28,6;25,5;8;0;zayif;36,0;59,6;55,3;yukari;guclu;yukselis;yukari;0,73;1,21;1;180;-0,17;679666680;159,06;AL;POZITIF;AL;NEGATIF;AZALIYOR;AL;SAT;NOTR;4;27.08.2026
RNPOL;AL;;81,1;30,1;27,4;23,6;8;0;ilimli;17,4;57,9;70,2;yukari;guclu;yukselis;yukari;0,94;0,82;2;2,6;0,00;8919019;2,19;AL;POZITIF;NOTR;POZITIF;AZALIYOR;AL;AL;NOTR;5;27.08.2026
DOCO;GUCLU AL;;80,9;31,5;26,1;23,3;0;0;guclu trend;21,0;58,5;55,5;yukari;zayif;yukselis;yukari;0,62;1,67;2;11635;-0,98;38767820;10942,74;AL;POZITIF;AL;POZITIF;AZALIYOR;AL;AL;NOTR;6;27.08.2026
KCHOL;GUCLU AL;;80,7;34,3;29,4;16,9;16;1;guclu trend;28,3;58,7;69,0;yukari;guclu;yukselis;yukari;0,78;1,87;3;214,2;0,00;5189766763;202,86;AL;POZITIF;AL;POZITIF;AZALIYOR;SAT;SAT;NOTR;4;27.08.2026
GSRAY;AL;;80,5;22,3;27,6;30,5;18;0;zayif;45,5;76,7;90,0;yukari;guclu;yukselis;yukari;1,03;2,54;1;1,14;-0,87;318363411;1,04;AL;POZITIF;AL;POZITIF;ARTIYOR;AL;SAT;UCUZ (AL);5;27.08.2026
ENDAE;GUCLU AL;;80,3;35,0;29,2;16,1;8;0;guclu trend;34,5;55,8;79,1;yukari;guclu;yukselis;yukari;0,49;1,17;1;19,04;-1,35;71519190;16,70;AL;POZITIF;AL;POZITIF;AZALIYOR;SAT;SAT;NOTR;4;27.08.2026
BLUME;GUCLU AL;;79,9;26,9;30,0;22,9;18;0;zayif;22,1;66,6;66,9;yukari;guclu;yukselis;yukari;0,63;2,71;1;42,2;0,76;77751517;38,48;AL;POZITIF;AL;POZITIF;AZALIYOR;SAT;SAT;NOTR;4;27.08.2026
ARASE;GUCLU AL;;79,8;34,4;23,1;22,3;0;0;guclu trend;28,5;52,0;68,6;yukari;zayif;zayif;yukari;0,45;0,53;0;119,1;-3,01;22222988;108,17;AL;POZITIF;AL;POZITIF;AZALIYOR;AL;SAT;NOTR;5;27.08.2026
HURGZ;GUCLU AL;;79,7;35,0;23,6;21,1;0;0;guclu trend;31,4;55,0;62,6;yukari;guclu;yukselis;yukari;0,37;1,02;1;7,7;-0,65;28651685;6,80;SAT;POZITIF;AL;NEGATIF;AZALIYOR;SAT;SAT;NOTR;2;27.08.2026
PRZMA;GUCLU AL;EVET;79,7;34,2;30,0;15,5;32;2;guclu trend;28,0;59,1;69,4;yukari;guclu;yukselis;yukari;0,96;2,20;1;82;6,22;467036986;67,71;AL;POZITIF;AL;POZITIF;ARTIYOR;SAT;AL;PAHALI (SAT);5;27.08.2026
ERSU;AL;;79,5;30,2;27,1;22,2;0;0;ilimli;17,6;57,6;63,8;yukari;guclu;yukselis;yukari;0,88;0,88;0;25,68;0,86;7602256;22,74;AL;POZITIF;NOTR;POZITIF;AZALIYOR;SAT;SAT;NOTR;3;27.08.2026
TKFEN;GUCLU AL;;79,4;35,0;23,5;20,9;20;0;guclu trend;46,6;62,3;55,4;yukari;guclu;yukselis;yukari;0,46;3,19;2;218,8;-0,32;913757811;197,64;SAT;POZITIF;AL;NEGATIF;AZALIYOR;SAT;AL;PAHALI (SAT);3;27.08.2026
ETILR;AL;;79,4;29,2;21,2;29,0;6;0;ilimli;15,1;48,0;60,5;yukari;zayif;zayif;yukari;1,29;0,13;3;5,93;-4,35;54941824;5,44;AL;NEGATIF;NOTR;NEGATIF;AZALIYOR;SAT;SAT;NOTR;1;27.08.2026
EUKYO;GUCLU AL;;79,3;35,0;22,1;22,2;0;0;guclu trend;53,9;53,0;51,2;yukari;guclu;yukselis;yukari;0,28;1,63;2;13,2;-1,35;4136550;12,26;SAT;POZITIF;AL;POZITIF;AZALIYOR;SAT;SAT;PAHALI (SAT);3;27.08.2026
MPARK;GUCLU AL;;78,7;31,9;23,4;23,4;0;0;guclu trend;28,2;53,4;73,4;yukari;zayif;yukselis;yukari;0,49;0,41;2;434;-0,74;179669056;410,98;AL;POZITIF;AL;POZITIF;AZALIYOR;SAT;SAT;NOTR;4;27.08.2026
PRDGS;GUCLU AL;;78,7;35,0;22,1;21,6;10;1;guclu trend;42,1;53,3;64,2;yukari;guclu;yukselis;yukari;0,69;0,70;0;7,97;0,76;55892725;6,85;SAT;POZITIF;AL;POZITIF;AZALIYOR;SAT;SAT;NOTR;3;27.08.2026
GUBRF;GUCLU AL;;78,5;26,8;30,0;21,8;0;0;ilimli;26,9;62,5;63,6;yukari;guclu;yukselis;yukari;0,76;1,64;1;488;0,72;1323445752;428,49;AL;POZITIF;AL;POZITIF;AZALIYOR;AL;SAT;NOTR;5;27.08.2026
OZATD;izle;;78,5;35,0;18,5;25,0;45;1;guclu trend;55,0;87,1;46,6;yukari;guclu;yukselis;yukari;0,59;6,35;2;4775;5,82;1407459900;4011,56;SAT;POZITIF;AL;POZITIF;ARTIYOR;AL;AL;PAHALI (SAT);5;27.08.2026
RALYH;izle;;78,5;32,7;24,6;21,1;32;3;guclu trend;24,1;57,0;44,2;yukari;guclu;yukselis;yukari;1,07;1,36;2;261,75;-0,66;656173746;229,92;SAT;POZITIF;AL;POZITIF;AZALIYOR;SAT;SAT;NOTR;3;27.08.2026
RUBNS;GUCLU AL;;78,3;35,0;24,6;18,8;0;0;guclu trend;46,7;58,1;68,7;yukari;guclu;yukselis;yukari;0,18;1,57;0;31,96;-1,05;26774202;29,16;SAT;POZITIF;AL;POZITIF;AZALIYOR;SAT;SAT;NOTR;3;27.08.2026
FORTE;GUCLU AL;;78,3;35,0;23,8;19,6;16;1;guclu trend;41,1;54,1;79,0;yukari;guclu;yukselis;yukari;0,61;1,45;3;126,7;1,36;242803572;113,19;SAT;POZITIF;AL;NEGATIF;AZALIYOR;SAT;AL;NOTR;3;27.08.2026
MRGYO;GUCLU AL;EVET;77,2;16,7;28,8;31,7;18;0;zayif;22,3;74,4;78,3;yukari;guclu;yukselis;yukari;2,63;2,68;1;1,57;9,79;244826555;1,31;AL;POZITIF;AL;POZITIF;ARTIYOR;AL;SAT;NOTR;5;27.08.2026
FRIGO;AL;;77,2;20,0;29,3;27,9;38;1;zayif;17,0;73,3;72,7;yukari;guclu;yukselis;yukari;1,97;3,08;2;2,7;5,88;224216791;2,31;AL;POZITIF;NOTR;POZITIF;ARTIYOR;AL;AL;NOTR;5;27.08.2026
ULUUN;AL;EVET;77,1;21,1;25,9;30,1;10;1;ilimli;12,2;59,1;78,8;yukari;guclu;yukselis;yukari;2,29;1,21;1;9,07;4,25;187514949;7,93;AL;POZITIF;NOTR;POZITIF;ARTIYOR;AL;AL;NOTR;5;27.08.2026
KOCMT;izle;;76,9;35,0;25,4;16,5;32;3;guclu trend;38,7;51,8;45,9;yukari;guclu;yukselis;yukari;0,63;1,25;2;5,17;-4,26;244520408;4,58;SAT;POZITIF;AL;NEGATIF;AZALIYOR;AL;AL;NOTR;4;27.08.2026
HKTM;GUCLU AL;;76,7;30,0;29,6;17,0;6;0;zayif;49,7;61,9;60,4;yukari;guclu;yukselis;yukari;1,11;1,34;3;13,66;1,94;210206773;12,25;AL;POZITIF;AL;POZITIF;AZALIYOR;SAT;SAT;NOTR;4;27.08.2026
AKMGY;AL;;76,6;30,3;29,3;17,0;14;0;ilimli;17,9;57,3;61,0;yukari;guclu;yukselis;yukari;0,67;1,32;3;272;-2,51;8265536;241,49;AL;POZITIF;NOTR;POZITIF;AZALIYOR;AL;SAT;NOTR;4;27.08.2026
SONME;izle;;76,2;27,7;28,7;19,8;40;4;zayif;36,2;57,1;63,9;yukari;guclu;yukselis;yukari;0,65;0,94;2;140,9;-1,47;4181348;126,44;AL;POZITIF;AL;POZITIF;AZALIYOR;SAT;SAT;NOTR;4;27.08.2026
ATSYH;izle;;75,5;28,4;24,5;22,5;32;3;ilimli;13,0;53,6;55,2;yukari;guclu;yukselis;yukari;0,55;1,80;1;120;3,90;2620080;108,73;SAT;POZITIF;NOTR;NEGATIF;AZALIYOR;SAT;SAT;NOTR;1;27.08.2026
ISBTR;AL;;75,3;28,1;27,7;19,5;0;0;ilimli;12,5;56,2;61,9;yukari;guclu;yukselis;yukari;0,87;1,68;1;520002,5;0,86;2080010;482449,90;AL;POZITIF;NOTR;POZITIF;AZALIYOR;AL;SAT;NOTR;4;27.08.2026
TRGYO;GUCLU AL;;75,0;25,0;24,1;26,0;0;0;ilimli;22,3;58,5;59,4;yukari;zayif;zayif;yukari;0,84;1,00;0;97,6;-0,36;124739534;91,22;AL;POZITIF;AL;POZITIF;AZALIYOR;AL;SAT;NOTR;5;27.08.2026
PATEK;AL;EVET;75,0;17,2;28,3;29,5;0;0;zayif;19,6;63,4;85,3;yukari;guclu;yukselis;yukari;1,36;1,34;1;22,46;5,74;465389752;19,14;AL;POZITIF;NOTR;POZITIF;ARTIYOR;AL;SAT;NOTR;4;27.08.2026
KRDMB;AL;;74,7;28,8;23,9;22,0;8;0;ilimli;14,0;52,0;42,3;yukari;zayif;zayif;yukari;0,38;1,08;2;133;0,30;89543447;121,64;AL;POZITIF;NOTR;POZITIF;AZALIYOR;AL;AL;PAHALI (SAT);5;27.08.2026
KLGYO;AL;;74,3;13,6;28,7;32,0;0;0;zayif;26,5;67,3;78,1;yukari;guclu;yukselis;yukari;1,39;1,80;0;5,06;0,80;63029455;4,49;AL;POZITIF;AL;POZITIF;ARTIYOR;AL;AL;UCUZ (AL);6;27.08.2026
HALKB;AL;EVET;73,8;28,0;29,6;16,2;18;0;ilimli;31,2;70,0;45,3;yukari;guclu;yukselis;yukari;0,15;2,53;1;41,92;9,97;247607481;37,01;AL;POZITIF;AL;POZITIF;ARTIYOR;AL;AL;NOTR;6;27.08.2026
ARMGD;AL;;73,2;28,7;23,2;21,3;22;2;ilimli;17,3;52,8;54,4;yukari;guclu;yukselis;yukari;0,45;1,34;2;198,6;-0,25;107534552;181,05;SAT;POZITIF;NOTR;NEGATIF;AZALIYOR;SAT;AL;PAHALI (SAT);2;27.08.2026
VAKBN;AL;;72,6;15,9;24,9;31,7;0;0;zayif;15,2;59,3;55,0;yukari;zayif;yukselis;yukari;1,84;0,97;0;32,2;0,31;2424098561;29,59;AL;POZITIF;NOTR;POZITIF;AZALIYOR;AL;AL;NOTR;5;27.08.2026
BUCIM;AL;;72,3;15,0;29,1;28,2;10;0;zayif;30,3;66,3;77,6;yukari;guclu;yukselis;yukari;1,13;2,21;0;5,75;3,42;32680464;5,16;AL;POZITIF;AL;POZITIF;ARTIYOR;AL;SAT;NOTR;5;27.08.2026
RODRG;AL;EVET;71,9;21,8;22,4;27,7;6;0;ilimli;14,1;53,3;39,9;yukari;zayif;zayif;yukari;1,46;0,26;3;25,48;4,43;10236080;22,52;AL;POZITIF;NOTR;POZITIF;ARTIYOR;AL;AL;NOTR;5;27.08.2026
ENERY;AL;;71,7;23,3;26,1;22,3;0;0;ilimli;18,0;61,7;81,7;yukari;zayif;yukselis;yukari;1,03;1,42;0;9,6;0,95;316812230;8,61;AL;POZITIF;NOTR;POZITIF;AZALIYOR;AL;AL;NOTR;5;27.08.2026
FENER;AL;;71,4;15,9;29,5;26,0;12;0;zayif;25,1;62,5;70,5;yukari;guclu;yukselis;yukari;2,52;1,50;1;3,35;4,36;1194946575;3,05;AL;POZITIF;AL;POZITIF;ARTIYOR;AL;AL;NOTR;6;27.08.2026
EFOR;izle;;71,2;30,9;23,8;16,6;46;4;ilimli;19,5;50,8;55,7;yukari;guclu;yukselis;yukari;0,99;0,94;3;19,03;4,56;1540450164;17,85;SAT;POZITIF;NOTR;NEGATIF;ARTIYOR;SAT;SAT;NOTR;1;27.08.2026
PKART;izle;;71,2;24,0;25,8;21,3;8;0;guclu trend;22,3;57,0;68,2;asagi;guclu;yukselis;yukari;0,96;0,82;1;134,5;1,43;73165714;140,43;AL;POZITIF;AL;POZITIF;AZALIYOR;AL;AL;NOTR;6;27.08.2026
DMRGD;izle;;71,0;24,9;25,8;20,2;6;0;guclu trend;24,7;59,0;67,5;asagi;zayif;yukselis;yukari;0,80;1,58;3;11,9;-0,83;235418140;12,14;AL;POZITIF;AL;POZITIF;AZALIYOR;AL;SAT;PAHALI (SAT);5;27.08.2026
EBEBK;izle;;70,8;25,4;23,9;21,4;10;1;guclu trend;26,0;51,7;63,1;asagi;zayif;yukselis;yukari;0,57;0,58;0;83,1;-2,92;33163216;87,54;AL;POZITIF;AL;POZITIF;AZALIYOR;AL;AL;NOTR;6;27.08.2026
KLYPV;AL;;70,8;22,7;23,3;24,7;0;0;zayif;24,1;53,3;64,5;yukari;zayif;yukselis;yukari;1,01;0,49;0;61,9;0,00;143386089;59,40;AL;POZITIF;AL;POZITIF;AZALIYOR;SAT;SAT;NOTR;4;27.08.2026
EYGYO;AL;;70,3;17,3;29,4;23,7;10;1;zayif;23,0;59,2;59,8;yukari;guclu;yukselis;yukari;0,44;1,24;0;2,74;2,62;17209872;2,27;AL;POZITIF;AL;POZITIF;AZALIYOR;AL;AL;NOTR;6;27.08.2026
DIRIT;AL;;70,2;20,1;29,7;20,5;0;0;zayif;19,3;55,0;68,1;yukari;guclu;yukselis;yukari;0,71;1,35;2;26,42;-2,08;1396508;25,07;AL;POZITIF;NOTR;POZITIF;ARTIYOR;SAT;SAT;NOTR;3;27.08.2026
OZKGY;AL;;69,7;20,7;24,9;24,1;0;0;zayif;29,0;62,7;63,5;yukari;zayif;yukselis;yukari;0,90;1,11;1;13,81;-0,07;71125325;12,25;AL;POZITIF;AL;POZITIF;ARTIYOR;AL;SAT;NOTR;5;27.08.2026
EKGYO;AL;;68,9;19,8;26,9;22,2;0;0;zayif;26,2;62,3;66,2;yukari;guclu;yukselis;yukari;0,67;1,45;2;20,52;-0,39;1790796139;18,55;AL;POZITIF;AL;POZITIF;AZALIYOR;AL;SAT;NOTR;5;27.08.2026
GUNDG;AL;;68,9;32,9;19,9;16,0;0;0;guclu trend;24,7;47,8;75,5;yukari;zayif;zayif;yukari;0,28;0,18;1;1807;-7,05;285657788;1413,91;AL;NEGATIF;AL;POZITIF;AZALIYOR;SAT;SAT;PAHALI (SAT);3;27.08.2026
CRFSA;izle;;68,2;27,0;24,3;16,9;20;0;guclu trend;55,5;60,4;64,4;asagi;guclu;yukselis;yukari;0,57;3,22;1;276,25;1,75;459203469;337,96;SAT;POZITIF;AL;NEGATIF;AZALIYOR;SAT;SAT;NOTR;2;27.08.2026
SEGMN;izle;;66,9;31,0;19,8;16,1;0;0;zayif;19,7;47,7;64,8;yukari;zayif;zayif;asagi;1,01;-0,31;2;51,6;-2,73;78118891;46,64;AL;NEGATIF;NOTR;NEGATIF;AZALIYOR;SAT;SAT;NOTR;1;27.08.2026
YKBNK;AL;;66,5;17,6;25,0;23,9;22;2;zayif;18,7;61,1;62,5;yukari;zayif;yukselis;yukari;1,07;1,16;1;36,86;-0,59;8272981070;34,06;AL;POZITIF;NOTR;POZITIF;AZALIYOR;AL;AL;NOTR;5;27.08.2026
MACKO;AL;EVET;66,5;16,7;26,8;23,0;8;0;zayif;23,0;57,5;78,3;yukari;guclu;yukselis;yukari;0,91;0,73;1;36,06;1,75;38646043;31,82;AL;POZITIF;AL;POZITIF;AZALIYOR;AL;SAT;NOTR;5;27.08.2026
AKBNK;AL;;66,4;17,3;26,0;23,1;0;0;zayif;19,2;62,4;59,4;yukari;zayif;yukselis;yukari;0,88;1,31;0;72,85;-0,41;9828679118;66,67;AL;POZITIF;NOTR;POZITIF;AZALIYOR;AL;AL;NOTR;5;27.08.2026
AVGYO;izle;;65,9;32,9;15,0;18,0;0;0;guclu trend;24,7;46,8;61,4;yukari;zayif;zayif;yukari;1,49;-0,02;2;15,36;-2,04;44935296;14,98;SAT;NEGATIF;AL;NEGATIF;ARTIYOR;SAT;SAT;NOTR;1;27.08.2026
DGNMO;izle;;65,8;30,4;9,4;26,0;10;1;zayif;18,2;42,0;67,8;yukari;zayif;zayif;yukari;1,51;-0,67;1;8,1;-6,14;72107618;7,58;SAT;NEGATIF;NOTR;NEGATIF;ARTIYOR;SAT;SAT;NOTR;0;27.08.2026
KENT;izle;;65,7;3,4;30,0;32,3;20;1;zayif;20,8;62,8;44,8;asagi;guclu;yukselis;yukari;1,31;2,25;1;403,5;1,19;3474942;404,52;AL;POZITIF;AL;POZITIF;ARTIYOR;AL;AL;NOTR;6;27.08.2026
EKSUN;izle;;65,4;14,1;23,0;28,3;14;0;ilimli;17,7;56,5;55,9;asagi;zayif;zayif;yukari;1,64;0,54;3;6,56;4,79;53731333;6,76;AL;POZITIF;NOTR;POZITIF;ARTIYOR;AL;AL;NOTR;5;27.08.2026
KBORU;izle;;65,1;25,6;18,8;20,7;0;0;zayif;23,7;50,6;76,1;yukari;zayif;zayif;yukari;0,85;-0,31;1;23,76;1,54;205390516;20,03;AL;POZITIF;AL;POZITIF;AZALIYOR;AL;AL;NOTR;6;27.08.2026
HRKET;AL;;64,9;29,1;19,8;16,0;0;0;ilimli;14,9;49,9;65,3;yukari;zayif;zayif;yukari;0,41;0,12;1;98,7;-3,14;106226369;86,29;AL;NEGATIF;NOTR;POZITIF;AZALIYOR;AL;SAT;NOTR;3;27.08.2026
PAGYO;izle;;64,9;32,7;13,2;19,0;0;0;guclu trend;24,0;45,7;31,6;yukari;zayif;zayif;yukari;0,61;-0,20;2;151,6;0,26;9640092;143,65;SAT;NEGATIF;AL;NEGATIF;AZALIYOR;SAT;SAT;NOTR;1;27.08.2026
ZRGYO;izle;;64,8;19,8;28,5;16,6;46;4;zayif;29,3;58,9;75,7;yukari;guclu;yukselis;yukari;0,23;1,41;3;19,5;-0,15;11621220;18,29;AL;POZITIF;AL;NEGATIF;AZALIYOR;SAT;SAT;NOTR;3;27.08.2026
GEDZA;AL;;64,4;22,2;24,2;18,0;0;0;ilimli;25,7;62,3;79,5;yukari;zayif;yukselis;yukari;0,82;0,71;2;30,1;0,20;12069859;27,38;AL;POZITIF;AL;POZITIF;AZALIYOR;AL;SAT;NOTR;5;27.08.2026
MARKA;izle;;64,2;20,5;19,3;24,4;0;0;ilimli;13,2;52,4;54,4;asagi;zayif;yukselis;yukari;0,87;1,10;2;86,25;-2,16;35812121;90,30;SAT;POZITIF;NOTR;NEGATIF;AZALIYOR;SAT;SAT;NOTR;1;27.08.2026
SAHOL;AL;;64,1;16,9;25,5;21,8;22;2;zayif;21,8;62,9;64,7;yukari;zayif;yukselis;yukari;0,71;1,21;0;93,75;-0,21;2476888406;88,21;AL;POZITIF;AL;POZITIF;AZALIYOR;AL;SAT;NOTR;5;27.08.2026
GARAN;AL;;64,0;13,1;23,4;27,5;0;0;zayif;19,1;57,4;60,1;yukari;zayif;zayif;yukari;1,02;0,67;1;133;-0,23;5024477458;124,55;AL;POZITIF;NOTR;POZITIF;AZALIYOR;AL;AL;NOTR;5;27.08.2026
DENGE;AL;EVET;63,5;12,3;26,9;24,3;0;0;zayif;21,6;61,4;75,4;yukari;guclu;yukselis;yukari;1,88;1,25;1;2,5;4,60;83494488;2,24;AL;POZITIF;AL;POZITIF;ARTIYOR;AL;SAT;UCUZ (AL);5;27.08.2026
IZFAS;izle;;63,4;16,0;18,9;28,6;32;3;ilimli;19,7;54,8;57,4;asagi;zayif;zayif;yukari;1,58;0,49;2;63,6;7,98;627154448;64,00;SAT;POZITIF;NOTR;POZITIF;ARTIYOR;AL;AL;NOTR;4;27.08.2026
YGGYO;AL;EVET;63,3;28,6;16,1;18,6;0;0;ilimli;16,7;49,5;49,6;yukari;zayif;zayif;yukari;0,74;0,02;2;225,8;0,53;27720789;215,58;SAT;NEGATIF;NOTR;NEGATIF;AZALIYOR;SAT;AL;NOTR;1;27.08.2026
KNFRT;AL;;62,5;18,8;27,8;16,0;0;0;zayif;19,8;60,6;83,3;yukari;guclu;yukselis;yukari;0,46;1,15;1;13,05;0,00;34885156;11,08;AL;POZITIF;NOTR;POZITIF;AZALIYOR;AL;AL;NOTR;5;27.08.2026
EDATA;AL;;62,3;28,7;17,7;15,9;0;0;ilimli;13,9;49,5;61,9;yukari;zayif;yukselis;yukari;0,94;0,27;1;19,19;-1,24;85373240;17,57;SAT;NEGATIF;NOTR;NEGATIF;AZALIYOR;SAT;SAT;NOTR;0;27.08.2026
SKYMD;izle;;62,3;26,8;14,4;21,1;10;1;zayif;15,3;47,4;36,8;yukari;zayif;zayif;yukari;0,71;-0,12;1;14,28;0,78;20911546;13,12;SAT;NEGATIF;NOTR;POZITIF;AZALIYOR;SAT;SAT;NOTR;1;27.08.2026
BASCM;AL;;62,1;16,1;27,5;18,6;10;0;zayif;18,8;64,1;56,3;yukari;guclu;yukselis;yukari;0,69;2,36;0;14,42;1,19;1129158;13,70;AL;POZITIF;NOTR;POZITIF;AZALIYOR;AL;AL;NOTR;5;27.08.2026
UFUK;izle;;61,6;30,4;12,0;19,1;0;0;zayif;18,3;44,0;75,7;yukari;zayif;zayif;yukari;0,42;-0,03;1;1710;-2,29;26301510;1641,83;SAT;NEGATIF;NOTR;NEGATIF;AZALIYOR;SAT;SAT;NOTR;0;27.08.2026
FONET;izle;;61,3;20,5;21,6;19,3;22;2;ilimli;13,2;50,4;54,3;asagi;zayif;zayif;yukari;0,54;0,17;2;5,28;-0,56;66690540;5,61;AL;POZITIF;NOTR;POZITIF;AZALIYOR;SAT;SAT;NOTR;3;27.08.2026
FADE;izle;;61,2;13,6;20,3;27,3;0;0;ilimli;13,6;54,2;66,6;asagi;zayif;yukselis;yukari;1,45;0,59;0;16,29;4,49;140897178;17,54;SAT;POZITIF;NOTR;POZITIF;ARTIYOR;AL;AL;NOTR;4;27.08.2026
ESCOM;izle;;60,2;29,3;16,6;14,3;46;4;ilimli;15,3;49,3;41,0;yukari;zayif;zayif;yukari;0,74;0,16;3;5,7;2,33;125772603;5,25;SAT;NEGATIF;NOTR;NEGATIF;AZALIYOR;SAT;SAT;NOTR;0;27.08.2026
BIENY;izle;;59,3;12,2;26,2;20,9;0;0;zayif;22,9;61,6;92,1;yukari;guclu;yukselis;asagi;1,65;1,00;1;22,52;2,46;131030368;19,77;AL;POZITIF;AL;POZITIF;ARTIYOR;AL;AL;NOTR;6;27.08.2026
CVKMD;izle;;59,0;30,1;17,3;11,6;0;0;ilimli;17,5;49,4;43,3;yukari;zayif;yukselis;yukari;0,59;0,22;2;15,73;-1,13;384097830;14,58;SAT;NEGATIF;NOTR;NEGATIF;AZALIYOR;SAT;SAT;NOTR;0;27.08.2026
GEREL;izle;;58,9;28,8;12,5;17,6;28;2;zayif;17,8;44,1;37,7;yukari;zayif;zayif;yukari;0,46;-0,35;3;39,2;0,72;140604559;38,25;SAT;NEGATIF;NOTR;NEGATIF;AZALIYOR;SAT;AL;NOTR;1;27.08.2026
GLRYH;izle;;58,8;12,0;27,7;19,1;8;0;zayif;22,4;63,1;77,5;yukari;guclu;yukselis;asagi;0,92;1,07;0;3,36;2,44;29835120;2,95;AL;POZITIF;AL;POZITIF;ARTIYOR;AL;AL;NOTR;6;27.08.2026
MARMR;izle;;58,7;20,0;21,0;17,7;0;0;zayif;35,0;47,9;64,6;yukari;zayif;zayif;asagi;1,09;-0,33;1;2,36;-4,84;232028205;2,19;AL;NEGATIF;AL;NEGATIF;ARTIYOR;SAT;SAT;NOTR;2;27.08.2026
PETUN;izle;;58,6;12,8;22,9;22,9;20;0;zayif;21,3;60,5;81,6;yukari;zayif;zayif;asagi;4,57;0,41;2;11,59;3,30;84459610;10,87;AL;POZITIF;AL;POZITIF;ARTIYOR;AL;SAT;NOTR;5;27.08.2026
SARKY;izle;;58,5;20,5;22,2;15,7;8;0;ilimli;18,2;53,8;67,2;yukari;zayif;zayif;asagi;1,16;0,16;1;26,34;-1,27;214805650;23,35;AL;POZITIF;NOTR;POZITIF;AZALIYOR;AL;AL;NOTR;5;27.08.2026
PSGYO;izle;;58,4;33,2;9,2;16,0;10;1;guclu trend;25,3;42,3;43,2;yukari;zayif;zayif;yukari;0,42;-0,68;1;3,32;-0,60;225651844;3,25;SAT;NEGATIF;AL;NEGATIF;AZALIYOR;SAT;SAT;NOTR;1;27.08.2026
DNISI;izle;;58,1;15,8;23,4;18,8;0;0;zayif;20,3;57,3;60,2;yukari;zayif;zayif;yukari;0,30;0,68;2;4,84;-0,62;7026252;4,34;AL;POZITIF;AL;POZITIF;AZALIYOR;AL;SAT;NOTR;5;27.08.2026
TAVHL;izle;;57,8;16,6;24,2;17,0;0;0;zayif;9,6;55,5;58,0;yukari;zayif;yukselis;yukari;0,88;0,70;2;283;-0,44;871253988;262,42;AL;POZITIF;NOTR;POZITIF;AZALIYOR;AL;AL;NOTR;5;27.08.2026
KAYSE;izle;;57,6;15,0;24,4;18,2;0;0;zayif;44,9;62,6;74,0;yukari;zayif;yukselis;asagi;1,04;0,74;0;4,2;1,20;47085818;3,85;AL;POZITIF;AL;POZITIF;ARTIYOR;AL;SAT;NOTR;5;27.08.2026
CEMAS;izle;;57,5;10,9;25,9;20,6;12;0;zayif;19,4;64,1;69,0;yukari;guclu;yukselis;asagi;2,64;0,96;0;4,47;1,59;166892260;4,05;AL;POZITIF;NOTR;POZITIF;ARTIYOR;AL;SAT;NOTR;4;27.08.2026
OZYSR;izle;;57,4;30,8;14,3;12,3;0;0;zayif;19,3;46,1;52,3;yukari;zayif;zayif;yukari;0,38;-0,19;1;12,59;-0,87;13309884;11,56;SAT;NEGATIF;NOTR;NEGATIF;AZALIYOR;SAT;SAT;NOTR;0;27.08.2026
COSMO;izle;;57,3;15,0;24,3;18,0;0;0;zayif;36,3;60,1;69,2;yukari;guclu;yukselis;asagi;2,17;0,19;1;135,8;-6,28;18767967;120,67;AL;POZITIF;AL;POZITIF;ARTIYOR;AL;SAT;NOTR;5;27.08.2026
DMSAS;izle;;57,3;14,1;23,4;19,8;0;0;zayif;22,8;56,4;67,7;asagi;zayif;zayif;yukari;0,60;0,67;1;9;0,67;13085577;9,08;AL;POZITIF;AL;POZITIF;AZALIYOR;SAT;SAT;NOTR;4;27.08.2026
GLYHO;izle;;57,2;20,0;16,0;21,2;0;0;ilimli;11,7;49,4;41,4;asagi;zayif;zayif;yukari;0,59;0,20;2;17;1,07;30233446;17,60;SAT;NEGATIF;NOTR;NEGATIF;AZALIYOR;SAT;SAT;NOTR;0;27.08.2026
ISFIN;izle;;57,2;25,9;14,1;17,2;16;1;zayif;15,1;46,0;51,4;yukari;zayif;zayif;asagi;1,56;-0,27;3;19,84;-0,90;61745195;19,45;SAT;NEGATIF;NOTR;NEGATIF;AZALIYOR;SAT;AL;NOTR;1;27.08.2026
NIBAS;izle;;56,0;11,1;29,7;15,2;22;0;zayif;19,9;68,2;90,7;yukari;guclu;yukselis;asagi;4,23;1,39;4;4,48;-1,10;312338701;3,94;AL;POZITIF;NOTR;POZITIF;ARTIYOR;AL;AL;NOTR;5;27.08.2026
BYDNR;izle;;55,9;26,9;19,7;9,2;22;2;zayif;27,2;45,8;54,4;yukari;zayif;zayif;asagi;0,65;-0,38;2;38,18;-1,34;15736192;35,98;AL;NEGATIF;AL;POZITIF;AZALIYOR;SAT;SAT;NOTR;3;27.08.2026
ICBCT;izle;;55,5;28,1;11,0;16,4;0;0;zayif;12,2;42,3;52,1;yukari;zayif;zayif;yukari;0,42;-0,71;2;20,18;-0,69;17921797;19,94;SAT;NEGATIF;NOTR;NEGATIF;AZALIYOR;SAT;AL;NOTR;1;27.08.2026
TMPOL;izle;;54,7;25,7;13,0;16,0;0;0;guclu trend;26,7;45,8;59,6;asagi;zayif;zayif;asagi;1,18;-0,35;2;460;-1,13;749070900;629,51;SAT;NEGATIF;AL;NEGATIF;AZALIYOR;SAT;SAT;NOTR;1;27.08.2026
ISBIR;izle;;54,6;13,2;26,0;15,3;0;0;zayif;13,8;54,0;65,1;yukari;guclu;yukselis;asagi;0,56;0,78;2;74,1;-0,20;1209683;70,46;AL;POZITIF;NOTR;POZITIF;AZALIYOR;SAT;SAT;NOTR;3;27.08.2026
ICUGS;izle;;54,6;20,0;16,5;18,1;6;0;zayif;11,0;45,0;56,8;asagi;zayif;zayif;yukari;0,77;-0,43;3;5,36;-4,29;38619920;6,11;AL;NEGATIF;NOTR;NEGATIF;ARTIYOR;AL;SAT;NOTR;2;27.08.2026
EREGL;izle;;54,3;15,7;18,0;20,6;10;1;zayif;19,0;45,5;45,7;asagi;zayif;zayif;yukari;0,80;-0,65;0;38,6;-0,26;5613752053;41,35;AL;NEGATIF;NOTR;POZITIF;AZALIYOR;AL;AL;NOTR;4;27.08.2026
FMIZP;izle;;53,6;18,1;21,9;13,6;8;0;zayif;22,5;50,8;69,3;yukari;zayif;zayif;asagi;0,40;0,16;0;296,25;-1,74;8735820;280,92;AL;POZITIF;AL;POZITIF;AZALIYOR;SAT;SAT;NOTR;4;27.08.2026
BAGFS;izle;;53,6;15,0;24,3;14,3;32;3;zayif;34,4;56,3;74,3;yukari;guclu;yukselis;asagi;0,65;0,31;0;26,3;-2,01;20958312;24,47;AL;POZITIF;AL;POZITIF;ARTIYOR;AL;SAT;NOTR;5;27.08.2026
DSTKF;izle;;53,5;27,8;17,7;8,0;0;0;zayif;29,4;50,8;80,0;yukari;zayif;zayif;asagi;0,45;-0,76;0;2183;-9,98;1042253703;2072,78;AL;POZITIF;AL;POZITIF;ARTIYOR;AL;SAT;PAHALI (SAT);5;27.08.2026
DERIM;izle;;53,3;22,1;21,7;9,5;0;0;zayif;29,0;51,4;65,4;yukari;zayif;zayif;asagi;0,36;0,13;0;37,1;-3,89;6405315;34,92;AL;POZITIF;AL;POZITIF;AZALIYOR;SAT;SAT;NOTR;4;27.08.2026
BRKVY;izle;;53,3;13,8;21,4;18,0;0;0;zayif;27,0;55,4;69,0;yukari;zayif;zayif;asagi;1,73;0,08;0;82,3;-5,07;67979800;73,58;AL;POZITIF;AL;POZITIF;ARTIYOR;AL;SAT;NOTR;5;27.08.2026
BORSK;izle;;53,0;15,4;22,6;15,0;0;0;zayif;26,6;51,9;64,8;yukari;zayif;yukselis;asagi;0,65;0,08;1;6,15;-1,28;26876761;5,76;AL;POZITIF;AL;POZITIF;AZALIYOR;SAT;SAT;NOTR;4;27.08.2026
ONCSM;izle;;52,9;10,6;21,2;21,0;0;0;zayif;15,2;52,4;81,5;asagi;zayif;zayif;asagi;1,34;-0,09;2;255,25;-3,04;190269731;265,53;AL;POZITIF;NOTR;POZITIF;AZALIYOR;AL;SAT;NOTR;4;27.08.2026
TTRAK;izle;;52,6;13,5;22,1;17,0;0;0;zayif;26,2;54,9;83,3;yukari;zayif;zayif;asagi;0,80;0,23;1;430,5;-1,60;42090416;407,42;AL;POZITIF;AL;POZITIF;ARTIYOR;AL;SAT;UCUZ (AL);5;27.08.2026
TURSG;izle;;52,4;9,1;20,0;23,3;0;0;zayif;9,7;50,2;51,3;asagi;zayif;zayif;asagi;1,36;-0,26;2;6,3;0,96;538396961;6,60;AL;POZITIF;NOTR;POZITIF;ARTIYOR;SAT;AL;NOTR;4;27.08.2026
SEKUR;izle;;52,3;28,5;11,4;12,4;32;2;zayif;15,6;42,1;43,8;yukari;zayif;zayif;yukari;0,97;-0,54;4;10,1;-0,20;23371137;9,99;SAT;NEGATIF;NOTR;NEGATIF;AZALIYOR;SAT;SAT;NOTR;0;27.08.2026
TATGD;izle;;52,3;12,8;18,3;21,1;8;0;zayif;11,2;49,1;47,4;asagi;zayif;zayif;asagi;1,28;-0,50;2;18;2,39;79798698;19,42;AL;NEGATIF;NOTR;POZITIF;ARTIYOR;AL;AL;NOTR;4;27.08.2026
ODINE;izle;;52,1;22,4;7,1;22,6;0;0;guclu trend;32,2;35,3;57,6;asagi;zayif;zayif;yukari;1,09;-1,55;2;1869;-3,21;1453648392;2534,49;SAT;NEGATIF;SAT;NEGATIF;AZALIYOR;SAT;AL;PAHALI (SAT);1;27.08.2026
ESCAR;izle;;52,0;14,0;18,6;19,3;0;0;zayif;19,6;47,8;59,9;asagi;zayif;zayif;yukari;0,71;-0,37;1;45,88;-1,55;74430482;48,26;AL;NEGATIF;NOTR;POZITIF;AZALIYOR;AL;SAT;NOTR;3;27.08.2026
TSGYO;izle;;51,9;12,4;19,5;20,0;0;0;zayif;23,4;53,6;75,3;yukari;zayif;zayif;asagi;1,65;-0,13;2;6,13;-2,70;40944973;5,50;AL;POZITIF;AL;POZITIF;ARTIYOR;AL;AL;UCUZ (AL);6;27.08.2026
ISDMR;izle;;51,8;13,4;20,3;18,1;0;0;ilimli;13,0;54,1;68,2;asagi;zayif;zayif;yukari;0,71;0,17;0;54,35;0,28;63801193;56,72;AL;POZITIF;NOTR;POZITIF;AZALIYOR;AL;SAT;NOTR;4;27.08.2026
SNICA;izle;;51,5;13,5;20,0;18,0;0;0;zayif;26,1;57,6;70,5;yukari;zayif;zayif;asagi;1,66;0,21;1;3,74;3,89;106218154;3,10;AL;POZITIF;AL;POZITIF;ARTIYOR;AL;AL;NOTR;6;27.08.2026
AYES;izle;;51,0;21,4;19,9;9,8;0;0;zayif;13,0;50,5;39,9;yukari;zayif;zayif;yukari;0,17;-0,08;1;31,26;0,26;1468439;29,80;AL;POZITIF;NOTR;POZITIF;AZALIYOR;SAT;SAT;NOTR;3;27.08.2026
BNTAS;izle;;51,0;14,7;22,0;14,3;0;0;zayif;26,3;51,5;36,4;yukari;zayif;zayif;asagi;0,74;0,08;2;6,39;-1,08;23073197;5,97;AL;POZITIF;AL;NEGATIF;AZALIYOR;SAT;AL;NOTR;4;27.08.2026
PLTUR;izle;;50,7;11,8;17,8;21,0;6;0;zayif;21,8;48,8;56,5;yukari;zayif;zayif;asagi;1,33;-0,71;3;21,1;-0,28;91498103;21,08;AL;NEGATIF;AL;POZITIF;ARTIYOR;AL;SAT;NOTR;4;27.08.2026
TKNSA;izle;;49,9;15,0;25,1;9,8;10;1;zayif;35,7;54,4;35,6;yukari;guclu;yukselis;asagi;0,40;0,44;1;19,2;-2,39;70442746;18,60;AL;POZITIF;AL;POZITIF;AZALIYOR;AL;SAT;NOTR;5;27.08.2026
ESEN;izle;;49,7;14,8;23,0;11,9;10;1;zayif;29,6;56,2;67,4;yukari;zayif;yukselis;asagi;0,69;0,37;1;3,62;0,56;80461964;3,33;AL;POZITIF;AL;POZITIF;AZALIYOR;AL;AL;UCUZ (AL);6;27.08.2026
BOSSA;izle;;49,5;17,0;20,2;12,2;0;0;zayif;18,4;48,2;83,0;yukari;zayif;zayif;asagi;0,30;-0,16;2;6,51;-2,11;8627527;6,19;AL;NEGATIF;NOTR;NEGATIF;AZALIYOR;SAT;SAT;NOTR;1;27.08.2026
AVPGY;izle;;49,4;10,0;22,9;16,5;0;0;zayif;15,0;58,6;60,3;yukari;zayif;zayif;asagi;1,08;0,46;2;54,2;-0,82;34798189;50,70;AL;POZITIF;NOTR;POZITIF;AZALIYOR;AL;SAT;NOTR;4;27.08.2026
TUCLK;izle;;48,9;15,0;21,8;12,1;0;0;zayif;31,5;53,7;73,5;yukari;zayif;zayif;asagi;0,56;0,09;0;3,98;-0,75;20653951;3,67;AL;POZITIF;AL;POZITIF;AZALIYOR;AL;SAT;NOTR;5;27.08.2026
PNSUT;izle;;48,6;11,1;19,0;18,4;0;0;zayif;20,1;56,4;79,2;yukari;zayif;zayif;asagi;7,46;-0,44;2;11,02;4,75;187148759;10,05;AL;POZITIF;AL;POZITIF;ARTIYOR;AL;AL;NOTR;6;27.08.2026
MZHLD;izle;;48,4;13,8;21,0;13,6;0;0;zayif;27,0;55,6;58,9;yukari;zayif;zayif;asagi;0,80;-0,00;0;5,56;1,65;1596815;5,18;AL;POZITIF;AL;POZITIF;AZALIYOR;AL;AL;NOTR;6;27.08.2026
FLAP;izle;;48,2;7,7;22,5;18,0;6;0;zayif;24,0;56,0;68,8;asagi;zayif;yukselis;asagi;1,57;0,10;3;11;-2,48;15290253;11,32;AL;POZITIF;AL;POZITIF;ARTIYOR;AL;AL;NOTR;6;27.08.2026
AGYO;izle;;48,1;11,8;17,3;19,0;6;0;zayif;21,7;48,1;38,3;yukari;zayif;zayif;asagi;2,49;-0,93;3;7,45;-3,37;4636962;7,21;AL;NEGATIF;AL;POZITIF;ARTIYOR;AL;SAT;NOTR;4;27.08.2026
PAPIL;izle;;47,9;12,5;19,0;16,4;0;0;zayif;23,6;55,0;82,5;yukari;zayif;zayif;asagi;1,21;-0,23;2;13,12;2,82;112985609;11,65;AL;POZITIF;AL;POZITIF;ARTIYOR;AL;SAT;NOTR;5;27.08.2026
GMTAS;izle;;47,7;20,1;13,2;14,4;6;0;zayif;12,8;46,2;52,2;asagi;zayif;zayif;yukari;0,63;-0,28;3;44,68;-1,89;74893644;48,51;SAT;NEGATIF;NOTR;NEGATIF;AZALIYOR;AL;AL;NOTR;2;27.08.2026
ECILC;izle;;47,4;11,3;23,1;13,0;8;0;zayif;20,6;55,3;72,2;yukari;zayif;yukselis;asagi;1,00;0,09;1;76,5;-1,61;370241411;70,03;AL;POZITIF;AL;NEGATIF;AZALIYOR;AL;SAT;NOTR;4;27.08.2026
YIGIT;izle;;47,3;10,3;20,9;16,1;0;0;zayif;17,9;57,0;79,9;yukari;zayif;zayif;asagi;1,14;0,09;1;22,12;-1,25;76693668;20,44;AL;POZITIF;NOTR;POZITIF;AZALIYOR;AL;AL;NOTR;5;27.08.2026
INFO;izle;;47,2;20,7;18,5;8,0;0;0;ilimli;13,9;50,1;38,5;asagi;zayif;zayif;yukari;0,44;0,75;1;6,7;0,75;157967890;7,47;SAT;POZITIF;NOTR;NEGATIF;AZALIYOR;SAT;SAT;NOTR;1;27.08.2026
ULKER;izle;;46,3;15,0;16,3;15,0;32;3;zayif;37,4;50,3;62,9;yukari;zayif;zayif;asagi;1,12;-1,36;0;92,65;0,49;830771889;89,00;AL;POZITIF;AL;POZITIF;AZALIYOR;AL;SAT;UCUZ (AL);5;27.08.2026
ANSGR;izle;;45,8;22,8;7,4;15,7;32;2;zayif;11,1;40,0;24,6;yukari;zayif;zayif;asagi;1,94;-1,07;4;27,18;-1,59;281587518;26,74;SAT;NEGATIF;NOTR;NEGATIF;AZALIYOR;SAT;SAT;NOTR;0;27.08.2026
TABGD;izle;;45,8;26,2;14,8;4,8;10;0;zayif;22,2;45,9;37,5;yukari;zayif;zayif;asagi;0,89;-0,43;4;245,2;-0,73;156451822;237,22;SAT;NEGATIF;AL;NEGATIF;AZALIYOR;SAT;SAT;NOTR;1;27.08.2026
ENKAI;izle;;45,7;12,2;19,3;14,2;0;0;zayif;28,7;53,5;53,4;asagi;zayif;zayif;asagi;0,77;-0,37;1;87,45;-0,34;1171514655;88,34;AL;POZITIF;AL;POZITIF;AZALIYOR;AL;AL;NOTR;6;27.08.2026
OZGYO;izle;;45,2;15,2;19,7;10,2;16;1;zayif;30,2;49,9;45,4;asagi;zayif;zayif;asagi;0,83;-0,18;3;2,11;1,44;55217269;2,35;AL;NEGATIF;AL;POZITIF;AZALIYOR;AL;AL;NOTR;5;27.08.2026
TERA;izle;;45,1;8,9;27,2;8,9;10;1;zayif;14,4;59,0;62,2;yukari;guclu;yukselis;asagi;0,76;0,29;1;185;2,38;2227254405;170,40;AL;POZITIF;NOTR;POZITIF;ARTIYOR;AL;AL;UCUZ (AL);5;27.08.2026
BRKO;izle;;44,7;11,4;18,9;14,3;8;0;zayif;17,9;50,4;58,6;asagi;zayif;zayif;asagi;1,08;-0,24;2;12,11;-4,65;5507471;13,21;AL;POZITIF;NOTR;POZITIF;ARTIYOR;AL;AL;NOTR;5;27.08.2026
INTEM;izle;;44,5;13,6;20,7;10,2;8;0;zayif;26,5;51,2;44,8;yukari;zayif;zayif;asagi;0,69;-0,21;2;258,5;-0,58;11387442;237,10;AL;POZITIF;AL;POZITIF;AZALIYOR;AL;SAT;NOTR;5;27.08.2026
MARBL;izle;;44,1;1,8;21,2;21,1;0;0;zayif;16,7;56,1;79,5;asagi;zayif;zayif;asagi;1,25;0,16;1;12,63;-1,25;21845328;13,00;AL;POZITIF;NOTR;POZITIF;ARTIYOR;AL;SAT;NOTR;4;27.08.2026
MOBTL;izle;;44,1;14,6;13,6;15,9;22;2;zayif;16,0;46,5;41,1;asagi;zayif;zayif;asagi;1,17;-0,80;2;13,31;4,39;76787440;14,35;SAT;NEGATIF;NOTR;NEGATIF;ARTIYOR;AL;AL;NOTR;2;27.08.2026
KONYA;izle;;43,9;11,8;20,8;11,4;0;0;zayif;21,7;51,5;63,7;yukari;zayif;zayif;asagi;0,70;-0,04;1;3800;-1,30;29788200;3704,36;AL;POZITIF;AL;POZITIF;AZALIYOR;SAT;SAT;UCUZ (AL);4;27.08.2026
CEOEM;izle;;43,9;0,9;20,4;22,6;0;0;zayif;13,2;52,1;59,3;asagi;zayif;zayif;yukari;1,98;0,08;1;24,9;-2,28;57566459;26,21;AL;POZITIF;NOTR;POZITIF;ARTIYOR;AL;SAT;NOTR;4;27.08.2026
PENTA;izle;;43,7;0,9;23,5;19,3;0;0;zayif;12,3;59,4;64,3;asagi;zayif;yukselis;asagi;3,26;0,49;0;13,76;3,54;82136013;13,99;AL;POZITIF;NOTR;POZITIF;ARTIYOR;AL;AL;NOTR;5;27.08.2026
AKSUE;izle;;43,3;20,7;8,0;14,7;10;0;zayif;17,2;39,2;46,4;asagi;zayif;zayif;yukari;1,08;-0,65;4;41,52;-4,55;108334026;48,58;SAT;NEGATIF;NOTR;NEGATIF;ARTIYOR;SAT;SAT;NOTR;0;27.08.2026
ENSRI;izle;;43,1;8,0;22,0;13,1;0;0;zayif;11,5;62,6;59,0;yukari;guclu;yukselis;asagi;1,24;-2,51;2;6,14;9,84;143032301;5,16;AL;POZITIF;NOTR;POZITIF;ARTIYOR;AL;AL;UCUZ (AL);5;27.08.2026
NUHCM;izle;;42,8;2,6;19,5;20,8;6;0;zayif;18,6;50,0;43,2;asagi;zayif;zayif;asagi;1,11;-0,43;3;219,5;-0,77;15255470;229,90;AL;NEGATIF;NOTR;POZITIF;AZALIYOR;AL;AL;NOTR;4;27.08.2026
SNGYO;izle;;42,7;10,9;20,9;10,9;0;0;zayif;19,3;58,5;76,3;yukari;zayif;zayif;asagi;0,64;0,25;2;3,46;0,00;38264064;3,11;AL;POZITIF;NOTR;POZITIF;AZALIYOR;AL;AL;UCUZ (AL);5;27.08.2026
BRKSN;izle;;42,6;8,9;22,2;11,5;6;0;zayif;18,6;52,2;55,9;yukari;zayif;yukselis;asagi;0,78;0,05;3;7,99;-0,87;2674085;7,34;AL;POZITIF;NOTR;NEGATIF;AZALIYOR;AL;SAT;NOTR;3;27.08.2026
TDGYO;izle;;42,6;17,7;14,5;10,4;10;1;zayif;24,0;46,0;40,7;yukari;zayif;zayif;asagi;0,61;-0,30;0;16,4;-2,09;8313947;16,24;SAT;NEGATIF;AL;NEGATIF;AZALIYOR;SAT;SAT;UCUZ (AL);1;27.08.2026
ANHYT;izle;;42,5;14,7;16,4;11,5;0;0;zayif;16,2;47,1;31,0;asagi;zayif;zayif;asagi;0,58;-0,28;2;106;0,19;61066176;115,03;SAT;NEGATIF;NOTR;NEGATIF;AZALIYOR;SAT;AL;NOTR;1;27.08.2026
NTGAZ;izle;;42,3;17,4;21,4;3,5;0;0;ilimli;17,7;54,5;52,2;yukari;zayif;zayif;asagi;0,51;0,02;1;11,29;0,80;27321755;10,15;AL;POZITIF;NOTR;POZITIF;AZALIYOR;AL;SAT;NOTR;4;27.08.2026
DYOBY;izle;;42,2;14,7;19,4;8,1;30;2;zayif;29,1;51,2;67,4;yukari;zayif;zayif;asagi;0,36;-0,43;0;13,5;-0,22;14814347;12,15;AL;POZITIF;AL;POZITIF;AZALIYOR;SAT;SAT;NOTR;4;27.08.2026
KLKIM;izle;;42,0;10,6;20,6;10,8;0;0;zayif;18,7;55,2;71,0;yukari;zayif;zayif;asagi;0,55;-0,27;1;27,74;-2,53;31800970;26,19;AL;POZITIF;NOTR;POZITIF;ARTIYOR;AL;SAT;NOTR;4;27.08.2026
DOFRB;izle;;41,5;14,2;17,6;9,7;10;0;zayif;15,1;48,8;62,7;asagi;zayif;zayif;asagi;1,04;-0,80;4;138,3;3,91;626721386;152,89;AL;NEGATIF;NOTR;POZITIF;AZALIYOR;AL;AL;NOTR;4;27.08.2026
PRKME;izle;;41,5;12,1;19,0;10,4;0;0;zayif;20,9;50,1;53,2;yukari;zayif;zayif;asagi;0,84;-0,20;2;18,41;0,88;58221809;16,33;AL;POZITIF;AL;NEGATIF;AZALIYOR;AL;AL;NOTR;5;27.08.2026
ECZYT;izle;;41,4;7,9;19,3;14,1;40;4;zayif;11,2;49,0;59,2;asagi;zayif;zayif;asagi;0,88;-0,47;1;322;-0,92;113449294;351,36;AL;NEGATIF;NOTR;NEGATIF;AZALIYOR;AL;SAT;NOTR;2;27.08.2026
BMSTL;izle;;40,9;28,4;9,9;2,5;10;1;zayif;17,8;44,2;39,8;yukari;zayif;zayif;asagi;0,66;-0,49;1;44,04;-1,87;82991354;43,81;SAT;NEGATIF;NOTR;NEGATIF;AZALIYOR;SAT;AL;NOTR;1;27.08.2026
OTKAR;izle;;40,8;11,1;20,1;9,6;8;0;zayif;19,9;54,3;84,2;yukari;zayif;zayif;asagi;0,37;-0,11;0;328;-2,09;84914608;298,05;AL;POZITIF;NOTR;POZITIF;AZALIYOR;AL;SAT;UCUZ (AL);4;27.08.2026
GOLTS;izle;;40,5;15,0;17,3;8,2;0;0;zayif;32,9;48,2;66,0;yukari;zayif;zayif;asagi;0,89;-1,00;0;304,5;-2,56;37491867;294,80;AL;NEGATIF;AL;POZITIF;ARTIYOR;SAT;SAT;NOTR;3;27.08.2026
BLCYT;izle;;40,1;12,8;18,1;9,3;0;0;zayif;24,3;53,7;67,4;yukari;zayif;zayif;asagi;0,78;-1,18;1;21,2;-0,56;38891379;18,63;AL;POZITIF;AL;POZITIF;AZALIYOR;AL;SAT;UCUZ (AL);5;27.08.2026
OBASE;izle;;40,0;8,1;14,0;18,0;6;0;zayif;15,3;46,3;40,2;asagi;zayif;zayif;asagi;1,77;-0,66;3;38,6;3,93;46624361;42,16;SAT;NEGATIF;NOTR;NEGATIF;AZALIYOR;AL;AL;NOTR;2;27.08.2026
MEPET;izle;;39,6;13,2;18,5;8,0;8;0;zayif;12,7;50,5;60,1;yukari;zayif;zayif;asagi;0,48;-0,44;1;20,4;0,00;2796208;17,93;AL;POZITIF;NOTR;POZITIF;AZALIYOR;AL;SAT;NOTR;4;27.08.2026
OBAMS;izle;;39,5;15,0;16,5;8,0;8;0;zayif;31,3;51,2;63,7;yukari;zayif;zayif;asagi;0,58;-1,28;1;5,3;-1,85;135615404;4,77;AL;POZITIF;AL;POZITIF;AZALIYOR;AL;SAT;UCUZ (AL);5;27.08.2026
JANTS;izle;;39,0;15,0;20,9;3,1;0;0;zayif;30,6;53,0;26,0;yukari;zayif;zayif;asagi;0,82;-0,07;2;15,73;-1,07;54859303;14,45;AL;POZITIF;AL;POZITIF;AZALIYOR;AL;SAT;UCUZ (AL);5;27.08.2026
MAKTK;izle;;38,9;3,9;16,9;18,0;0;0;zayif;22,1;54,6;73,7;asagi;zayif;zayif;asagi;1,56;-1,10;1;10,41;2,36;50296737;10,52;AL;POZITIF;AL;POZITIF;ARTIYOR;AL;AL;UCUZ (AL);6;27.08.2026
DERHL;izle;;38,7;14,6;16,2;8,0;0;0;zayif;28,9;45,7;62,1;yukari;zayif;zayif;asagi;0,49;-1,43;1;2,22;-1,33;28474311;2,05;AL;NEGATIF;AL;NEGATIF;AZALIYOR;SAT;SAT;NOTR;2;27.08.2026
ALGYO;izle;;38,7;11,4;18,4;8,9;8;0;zayif;20,7;53,1;63,4;yukari;zayif;zayif;asagi;0,76;-1,77;1;3,7;1,93;71126014;3,33;AL;POZITIF;AL;POZITIF;ARTIYOR;AL;SAT;NOTR;5;27.08.2026
KARTN;izle;;38,6;21,6;9,0;8,0;10;1;guclu trend;23,9;37,5;38,9;asagi;zayif;zayif;yukari;0,42;-0,97;1;162;-3,28;63311544;198,48;SAT;NEGATIF;SAT;NEGATIF;AZALIYOR;SAT;AL;NOTR;1;27.08.2026
PETKM;izle;;38,6;7,1;20,4;11,0;0;0;zayif;13,4;50,0;72,6;asagi;zayif;zayif;asagi;0,56;-0,28;0;19,88;-1,68;914452069;21,04;AL;POZITIF;NOTR;POZITIF;AZALIYOR;SAT;SAT;NOTR;3;27.08.2026
DESA;izle;;38,4;11,8;18,6;8,0;8;0;zayif;21,9;51,4;55,0;yukari;zayif;zayif;asagi;0,43;-0,61;1;10,2;0,99;21287930;9,23;AL;POZITIF;AL;POZITIF;AZALIYOR;AL;SAT;NOTR;5;27.08.2026
EDIP;izle;;38,4;11,2;16,0;11,3;10;1;zayif;19,9;50,5;47,0;asagi;zayif;zayif;asagi;0,71;-0,08;2;36,44;2,59;58919508;39,68;SAT;POZITIF;NOTR;NEGATIF;AZALIYOR;AL;AL;NOTR;3;27.08.2026
KOPOL;izle;;38,3;3,1;17,3;18,0;0;0;zayif;19,9;45,8;76,5;asagi;zayif;zayif;asagi;1,35;-0,95;1;5,67;-3,24;92257307;6,06;AL;NEGATIF;NOTR;POZITIF;ARTIYOR;AL;SAT;NOTR;3;27.08.2026
AFYON;izle;;38,1;1,5;19,7;16,9;6;0;zayif;16,0;51,0;66,8;asagi;zayif;zayif;asagi;0,87;-0,30;3;12,7;0,16;18344540;13,12;AL;POZITIF;NOTR;POZITIF;AZALIYOR;AL;SAT;NOTR;4;27.08.2026
IHLAS;izle;;38,0;14,0;16,0;8,0;0;0;zayif;27,4;46,8;59,4;yukari;zayif;zayif;asagi;0,24;-2,32;0;1,06;-0,93;30906740;0,99;AL;NEGATIF;AL;NEGATIF;AZALIYOR;SAT;SAT;UCUZ (AL);2;27.08.2026
BERA;izle;;37,7;13,7;16,0;8,0;8;0;zayif;26,7;46,9;58,7;yukari;zayif;zayif;asagi;0,49;-1,76;0;13,44;-0,88;49033811;12,59;AL;NEGATIF;AL;POZITIF;AZALIYOR;SAT;SAT;NOTR;3;27.08.2026
EGSER;izle;;37,6;5,2;22,1;10,3;8;0;zayif;23,3;57,3;77,4;asagi;zayif;zayif;asagi;0,44;0,32;0;3,06;0,00;4811064;3,13;AL;POZITIF;AL;POZITIF;AZALIYOR;AL;SAT;NOTR;5;27.08.2026
GATEG;izle;;37,6;7,8;13,6;16,1;40;5;zayif;17,0;48,0;68,7;asagi;zayif;zayif;asagi;1,36;-0,63;2;289,5;-0,17;5849058;308,77;SAT;NEGATIF;NOTR;NEGATIF;AZALIYOR;SAT;SAT;NOTR;0;27.08.2026
MARTI;izle;;37,5;3,5;16,1;18,0;0;0;zayif;20,9;49,8;75,6;asagi;zayif;zayif;asagi;3,75;-1,47;1;1,46;5,80;306773667;1,55;AL;NEGATIF;AL;POZITIF;ARTIYOR;AL;SAT;NOTR;4;27.08.2026
KZGYO;izle;;37,3;3,3;16,0;18,0;0;0;zayif;20,5;49,2;67,2;asagi;zayif;zayif;asagi;1,67;-1,49;2;20,06;1,78;33108669;20,98;AL;NEGATIF;AL;POZITIF;ARTIYOR;AL;AL;NOTR;5;27.08.2026
TLMAN;izle;;37,3;4,4;16,9;16,0;0;0;zayif;23,3;49,6;62,5;asagi;zayif;zayif;asagi;1,18;-1,13;1;82,05;-0,49;16798589;85,09;AL;NEGATIF;AL;POZITIF;ARTIYOR;AL;SAT;UCUZ (AL);4;27.08.2026
PINSU;izle;;37,2;2,7;16,5;18,0;0;0;zayif;19,0;45,3;45,3;asagi;zayif;zayif;asagi;2,54;-1,27;2;10,35;1,27;78449605;11,02;AL;NEGATIF;NOTR;NEGATIF;ARTIYOR;AL;AL;UCUZ (AL);3;27.08.2026
KLNMA;izle;;37,2;8,0;18,3;10,9;0;0;zayif;8,1;50,4;49,4;yukari;zayif;zayif;asagi;0,71;-0,64;1;9,05;-0,44;921761;8,79;AL;POZITIF;NOTR;POZITIF;AZALIYOR;AL;AL;NOTR;5;27.08.2026
AKFGY;izle;;37,1;9,0;13,0;15,1;6;0;zayif;19,4;41,6;41,2;yukari;zayif;zayif;asagi;2,31;-1,61;3;2,6;-2,26;125046537;2,55;AL;NEGATIF;NOTR;NEGATIF;ARTIYOR;AL;SAT;NOTR;2;27.08.2026
BAYRK;izle;;36,9;11,3;17,6;8,0;32;3;zayif;20,4;47,5;58,2;yukari;zayif;zayif;asagi;0,58;-0,82;1;4,37;1,39;27305875;4,25;AL;NEGATIF;AL;POZITIF;AZALIYOR;SAT;SAT;UCUZ (AL);3;27.08.2026
OZRDN;izle;;36,5;21,0;14,6;0,8;0;0;zayif;9,7;43,4;45,4;yukari;zayif;zayif;asagi;0,75;-1,02;1;27,94;-0,71;5211201;25,42;AL;NEGATIF;NOTR;NEGATIF;AZALIYOR;SAT;SAT;NOTR;1;27.08.2026
ZEDUR;izle;;36,5;2,4;16,0;18,0;0;0;zayif;33,9;46,4;69,6;asagi;zayif;zayif;asagi;1,62;-1,57;1;7,98;0,25;22016277;8,49;AL;NEGATIF;SAT;POZITIF;AZALIYOR;AL;AL;NOTR;4;27.08.2026
PNLSN;izle;;36,4;12,2;10,4;13,9;0;0;zayif;15,0;44,9;61,4;yukari;zayif;zayif;asagi;0,91;-0,87;0;43,08;-1,91;43520536;40,62;SAT;NEGATIF;NOTR;POZITIF;AZALIYOR;SAT;SAT;NOTR;1;27.08.2026
DOKTA;izle;;36,2;14,1;22,1;0,0;10;1;zayif;26,2;55,0;76,1;yukari;zayif;zayif;asagi;0,65;0,18;1;23,52;0,00;12207374;21,43;AL;POZITIF;AL;POZITIF;AZALIYOR;AL;SAT;NOTR;5;27.08.2026
THYAO;izle;;36,1;7,4;18,0;10,7;6;0;zayif;15,0;47,9;46,3;asagi;zayif;zayif;asagi;1,14;-0,63;3;307,25;-0,41;16947459264;321,77;AL;NEGATIF;NOTR;NEGATIF;ARTIYOR;AL;AL;NOTR;3;27.08.2026
GOZDE;izle;;36,0;15,3;12,2;8,4;0;0;zayif;18,1;44,8;34,1;asagi;zayif;zayif;asagi;0,43;-0,52;2;22,62;0,09;22064023;25,47;SAT;NEGATIF;NOTR;NEGATIF;AZALIYOR;SAT;SAT;NOTR;0;27.08.2026
SNPAM;izle;;35,9;9,4;21,9;4,6;8;0;zayif;22,3;55,2;68,2;yukari;zayif;zayif;asagi;0,48;0,18;2;20,4;1,19;411427;18,99;AL;POZITIF;SAT;POZITIF;AZALIYOR;AL;AL;NOTR;5;27.08.2026
BFREN;izle;;35,9;5,8;19,9;10,2;32;3;zayif;26,8;51,6;60,0;asagi;zayif;zayif;asagi;0,47;-0,32;0;130,5;-0,68;13440065;134,63;AL;POZITIF;AL;NEGATIF;AZALIYOR;AL;SAT;UCUZ (AL);4;27.08.2026
ISKPL;izle;;35,9;1,7;26,1;8,1;0;0;zayif;16,4;57,8;69,9;asagi;guclu;yukselis;asagi;0,70;-0,17;0;8,75;1,86;368261250;8,78;AL;POZITIF;NOTR;POZITIF;AZALIYOR;AL;AL;NOTR;5;27.08.2026
BANVT;izle;;35,6;11,4;18,1;6,2;0;0;zayif;20,8;47,3;54,9;yukari;zayif;zayif;asagi;0,57;-0,62;2;157,1;-1,01;10426099;152,42;AL;NEGATIF;AL;NEGATIF;AZALIYOR;AL;SAT;NOTR;3;27.08.2026
EMNIS;izle;;35,6;13,5;7,2;14,9;28;2;zayif;15,6;42,8;26,9;yukari;zayif;zayif;asagi;2,75;-1,32;3;153,9;-1,35;3228668;152,76;SAT;NEGATIF;NOTR;NEGATIF;ARTIYOR;SAT;SAT;NOTR;0;27.08.2026
ALKA;izle;;35,4;1,2;16,0;18,2;0;0;zayif;15,1;48,6;60,9;asagi;zayif;zayif;asagi;1,39;-1,62;1;8,39;0,60;32471515;8,81;AL;NEGATIF;NOTR;POZITIF;ARTIYOR;AL;SAT;NOTR;3;27.08.2026
CWENE;izle;;35,4;13,2;14,2;8,0;6;0;zayif;13,5;46,5;42,2;asagi;zayif;zayif;yukari;0,30;-0,56;3;36,88;2,44;1399835757;42,91;SAT;NEGATIF;NOTR;NEGATIF;AZALIYOR;SAT;AL;NOTR;1;27.08.2026
BESLR;izle;;35,2;11,3;18,3;5,5;28;2;zayif;20,6;49,4;52,1;yukari;zayif;zayif;asagi;0,63;-0,53;3;12,97;0,39;26137053;11,92;AL;NEGATIF;AL;NEGATIF;AZALIYOR;SAT;SAT;NOTR;2;27.08.2026
HDFGS;izle;;35,1;0,0;17,3;17,8;0;0;zayif;9,8;47,5;49,1;asagi;zayif;zayif;asagi;1,29;-0,94;1;2,54;1,20;191114901;2,81;AL;NEGATIF;NOTR;POZITIF;ARTIYOR;AL;AL;NOTR;4;27.08.2026
MAKIM;izle;;35,0;9,2;17,7;8,0;0;0;zayif;15,2;48,3;71,3;yukari;zayif;zayif;asagi;0,43;-0,76;1;16,5;-1,20;8296101;15,53;AL;NEGATIF;NOTR;POZITIF;AZALIYOR;AL;SAT;NOTR;3;27.08.2026
TEHOL;izle;;34,9;22,4;0,0;12,5;10;1;zayif;69,0;18,0;38,7;asagi;zayif;zayif;asagi;0,97;-4,39;2;33,7;-9,99;1032619123;41,34;SAT;NEGATIF;SAT;NEGATIF;ARTIYOR;SAT;AL;NOTR;1;27.08.2026
EKOS;izle;;34,8;3,6;16,0;15,2;0;0;zayif;21,2;46,3;71,4;asagi;zayif;zayif;asagi;1,13;-1,61;0;5,6;0,00;62689777;6,02;AL;NEGATIF;AL;POZITIF;AZALIYOR;AL;SAT;NOTR;4;27.08.2026
TSKB;izle;;34,7;1,2;17,5;15,9;6;0;zayif;15,2;49,0;54,2;asagi;zayif;zayif;asagi;0,92;-0,84;3;11,12;-0,63;150408942;11,64;AL;NEGATIF;NOTR;POZITIF;AZALIYOR;AL;SAT;UCUZ (AL);3;27.08.2026
ISCTR;izle;;34,6;5,3;17,4;11,9;0;0;zayif;25,6;50,4;49,3;asagi;zayif;zayif;asagi;1,11;-0,90;0;12,75;-1,24;8870317290;13,05;AL;POZITIF;AL;POZITIF;AZALIYOR;AL;SAT;NOTR;5;27.08.2026
DGATE;izle;;34,3;21,1;9,2;4,0;0;0;zayif;12,9;42,5;46,5;yukari;zayif;zayif;asagi;0,34;-0,88;2;100,9;0,40;14988796;97,13;SAT;NEGATIF;NOTR;NEGATIF;AZALIYOR;SAT;SAT;NOTR;0;27.08.2026
MTRYO;izle;;34,2;8,1;18,1;8,0;10;1;zayif;24,7;49,6;47,4;asagi;zayif;zayif;asagi;0,38;-0,61;0;9,22;1,32;1159019;9,63;AL;NEGATIF;AL;POZITIF;AZALIYOR;AL;SAT;NOTR;4;27.08.2026
ASGYO;izle;;34,2;4,6;17,3;12,3;0;0;zayif;23,9;46,7;62,9;asagi;zayif;zayif;asagi;0,86;-0,95;0;11,17;-0,71;29885413;11,76;AL;NEGATIF;AL;POZITIF;AZALIYOR;AL;SAT;NOTR;4;27.08.2026
IHEVA;izle;;33,9;4,5;17,9;11,5;0;0;zayif;23,5;49,3;48,5;asagi;zayif;zayif;asagi;0,62;-0,82;2;2;0,50;1314902;2,09;AL;NEGATIF;AL;NEGATIF;AZALIYOR;AL;SAT;NOTR;3;27.08.2026
DOFER;izle;;33,9;8,2;16,8;8,8;0;0;zayif;12,6;46,0;80,2;yukari;zayif;zayif;asagi;0,48;-1,16;0;29,06;0,00;10710266;27,00;AL;NEGATIF;NOTR;NEGATIF;AZALIYOR;SAT;SAT;UCUZ (AL);1;27.08.2026
SASA;izle;;33,8;0,5;17,3;16,0;0;0;zayif;15,7;47,7;47,3;asagi;zayif;zayif;asagi;1,03;-0,93;1;2,38;1,71;6260397910;2,59;AL;NEGATIF;NOTR;NEGATIF;AZALIYOR;AL;AL;NOTR;3;27.08.2026
KLMSN;izle;;33,8;13,2;16,4;4,2;10;1;zayif;25,4;45,3;44,0;yukari;zayif;zayif;asagi;0,95;-1,33;0;28,68;-0,90;19748417;26,86;AL;NEGATIF;AL;POZITIF;AZALIYOR;SAT;SAT;NOTR;3;27.08.2026
HOROZ;izle;;33,7;14,0;19,7;0,0;0;0;zayif;23,9;49,7;55,8;yukari;zayif;zayif;asagi;0,37;-0,25;1;62,35;-0,32;62819433;58,38;AL;NEGATIF;AL;NEGATIF;AZALIYOR;SAT;SAT;NOTR;2;27.08.2026
IHAAS;izle;;33,7;9,6;14,1;10,0;10;0;zayif;23,7;44,7;47,0;yukari;zayif;zayif;asagi;2,48;-1,41;4;54;-5,51;184330242;51,22;AL;NEGATIF;SAT;NEGATIF;ARTIYOR;SAT;SAT;NOTR;1;27.08.2026
BRMEN;izle;;33,7;20,8;4,9;8,0;6;0;zayif;17,6;37,6;21,7;asagi;zayif;zayif;yukari;0,68;-1,83;3;14,49;-2,09;2835331;16,95;SAT;NEGATIF;NOTR;NEGATIF;AZALIYOR;SAT;SAT;NOTR;0;27.08.2026
BIZIM;izle;;33,6;5,4;18,5;9,7;6;0;zayif;25,8;50,8;65,8;asagi;zayif;zayif;asagi;0,48;-0,58;3;24,64;-1,04;3545499;25,28;AL;POZITIF;AL;POZITIF;AZALIYOR;AL;SAT;NOTR;5;27.08.2026
ULAS;izle;;33,3;12,0;13,3;8,0;0;0;zayif;22,2;42,7;62,8;yukari;zayif;zayif;asagi;0,43;-2,05;1;21,36;-1,57;2240429;19,75;AL;NEGATIF;AL;POZITIF;AZALIYOR;SAT;SAT;NOTR;3;27.08.2026
AHSGY;izle;;33,2;9,9;15,1;8,2;10;0;zayif;8,3;44,2;50,9;asagi;zayif;zayif;asagi;0,53;-0,92;5;18,66;-0,69;20792110;20,97;AL;NEGATIF;NOTR;NEGATIF;AZALIYOR;SAT;SAT;NOTR;1;27.08.2026
HLGYO;izle;;32,9;5,4;12,5;14,9;0;0;zayif;45,8;40,0;65,5;asagi;zayif;zayif;asagi;1,12;-3,46;1;4,45;-2,20;109290580;4,67;AL;NEGATIF;SAT;NEGATIF;ARTIYOR;AL;AL;NOTR;3;27.08.2026
AVOD;izle;;32,7;7,0;17,7;8,0;0;0;zayif;30,1;47,7;69,2;asagi;zayif;zayif;asagi;0,39;-0,77;1;3,93;0,00;6928456;4,16;AL;NEGATIF;AL;POZITIF;AZALIYOR;SAT;SAT;NOTR;3;27.08.2026
AKSEN;izle;;32,7;14,4;10,3;8,0;0;0;zayif;22,3;43,1;66,9;asagi;zayif;zayif;asagi;0,47;-1,12;1;83,4;1,89;522928675;93,81;SAT;NEGATIF;SAT;NEGATIF;AZALIYOR;AL;AL;NOTR;2;27.08.2026
A1YEN;izle;;32,6;1,8;19,3;11,6;8;0;zayif;16,5;52,9;69,0;asagi;zayif;zayif;asagi;0,92;-0,40;1;2,85;1,42;58047780;2,98;AL;POZITIF;NOTR;POZITIF;AZALIYOR;AL;AL;NOTR;5;27.08.2026
CIMSA;izle;;32,6;0,7;17,4;14,5;0;0;zayif;13,7;49,0;63,7;asagi;zayif;zayif;asagi;0,87;-0,89;1;46,16;-0,99;370480391;48,89;AL;NEGATIF;NOTR;POZITIF;AZALIYOR;AL;SAT;NOTR;3;27.08.2026
VKGYO;izle;;32,4;2,3;12,9;17,2;0;0;zayif;29,1;41,3;56,7;asagi;zayif;zayif;asagi;1,13;-2,20;2;1,91;-2,05;35175677;2,01;AL;NEGATIF;SAT;NEGATIF;ARTIYOR;AL;SAT;NOTR;2;27.08.2026
SUNTK;izle;;32,2;11,8;12,3;8,0;6;0;zayif;19,9;43,2;49,5;asagi;zayif;zayif;asagi;0,25;-0,52;3;36,7;0,27;30487094;46,08;SAT;NEGATIF;NOTR;NEGATIF;AZALIYOR;SAT;AL;NOTR;1;27.08.2026
RUZYE;izle;;32,0;12,9;19,1;0,0;0;0;zayif;24,5;52,3;67,3;yukari;zayif;zayif;asagi;0,61;-0,58;0;9,15;-1,51;39487337;8,09;AL;POZITIF;AL;POZITIF;AZALIYOR;AL;SAT;UCUZ (AL);5;27.08.2026
TOASO;izle;;31,9;6,6;17,2;8,0;0;0;zayif;20,8;47,4;73,3;asagi;zayif;zayif;asagi;0,70;-0,97;1;273,5;-0,64;717977431;292,97;AL;NEGATIF;AL;POZITIF;AZALIYOR;AL;SAT;NOTR;4;27.08.2026
INVEO;izle;;31,8;0,1;13,8;18,0;0;0;zayif;12,2;44,3;51,0;asagi;zayif;zayif;asagi;1,68;-1,52;2;7,08;2,76;62345057;7,55;AL;NEGATIF;NOTR;NEGATIF;ARTIYOR;AL;AL;UCUZ (AL);3;27.08.2026
LOGO;izle;;31,8;0,0;20,5;11,3;32;3;zayif;12,0;51,4;56,7;asagi;zayif;zayif;asagi;0,68;-0,22;1;137,3;0,44;59646415;143,73;AL;POZITIF;NOTR;POZITIF;AZALIYOR;AL;SAT;NOTR;4;27.08.2026
DAPGM;izle;;31,7;0,2;13,5;18,0;0;0;zayif;12,6;43,3;38,3;asagi;zayif;zayif;asagi;1,36;-1,63;2;8,48;0,36;1074672851;9,69;AL;NEGATIF;NOTR;NEGATIF;AZALIYOR;SAT;SAT;NOTR;1;27.08.2026
KAPLM;izle;;31,6;4,8;16,0;10,8;8;0;zayif;25,1;46,1;55,1;asagi;zayif;zayif;asagi;0,87;-1,68;2;432,75;0,58;37429413;476,78;AL;NEGATIF;SAT;POZITIF;AZALIYOR;AL;AL;NOTR;4;27.08.2026
SANKO;izle;;31,5;11,5;16,0;4,0;32;3;zayif;20,9;45,5;39,0;yukari;zayif;zayif;asagi;0,62;-1,65;0;18,87;-0,42;6152696;17,51;AL;NEGATIF;AL;POZITIF;AZALIYOR;AL;SAT;NOTR;4;27.08.2026
PGSUS;izle;;31,5;4,6;13,1;13,7;0;0;zayif;23,8;42,2;47,8;asagi;zayif;zayif;asagi;1,01;-2,36;1;151,5;-1,17;1491762021;159,58;AL;NEGATIF;AL;NEGATIF;ARTIYOR;AL;AL;UCUZ (AL);4;27.08.2026
CUSAN;izle;;31,2;14,8;8,4;8,0;16;1;zayif;24,4;43,0;56,7;asagi;zayif;zayif;asagi;0,29;-0,87;3;23,58;-1,59;18293128;27,83;SAT;NEGATIF;AL;NEGATIF;AZALIYOR;SAT;AL;NOTR;2;27.08.2026
AKFYE;izle;;31,0;13,2;17,8;0,0;6;0;zayif;12,5;45,1;39,4;asagi;zayif;zayif;asagi;0,63;-0,73;3;23,14;-0,26;98756267;25,16;AL;NEGATIF;NOTR;NEGATIF;AZALIYOR;SAT;SAT;NOTR;1;27.08.2026
SRVGY;izle;;30,7;6,1;16,6;8,0;0;0;zayif;27,7;49,8;83,3;asagi;zayif;zayif;asagi;0,59;-1,24;2;2,56;-1,16;31303560;2,61;AL;NEGATIF;AL;POZITIF;AZALIYOR;AL;SAT;UCUZ (AL);4;27.08.2026
SELVA;izle;;30,6;11,6;13,9;5,1;0;0;zayif;21,2;44,7;63,8;yukari;zayif;zayif;asagi;0,77;-2,09;2;1,73;1,76;39822733;1,64;AL;NEGATIF;AL;NEGATIF;AZALIYOR;AL;AL;NOTR;4;27.08.2026
MEGAP;izle;;30,3;9,1;11,0;10,2;0;0;zayif;19,8;35,1;27,4;yukari;zayif;zayif;asagi;1,07;-5,11;1;1,75;0,00;1234352;1,70;AL;NEGATIF;NOTR;NEGATIF;ARTIYOR;SAT;SAT;UCUZ (AL);1;27.08.2026
ARTMS;izle;;30,2;3,2;19,0;8,0;10;1;zayif;17,1;52,7;56,5;asagi;zayif;zayif;asagi;0,34;-0,20;1;39,56;0,00;19552293;40,73;AL;POZITIF;NOTR;POZITIF;AZALIYOR;AL;AL;NOTR;5;27.08.2026
TCELL;izle;;30,2;0,8;15,0;14,4;0;0;zayif;17,7;44,9;55,3;asagi;zayif;zayif;asagi;1,61;-1,07;2;102,8;-0,68;4579256429;109,99;AL;NEGATIF;NOTR;NEGATIF;ARTIYOR;SAT;SAT;NOTR;1;27.08.2026
GLCVY;izle;;30,1;2,0;17,9;10,1;0;0;zayif;17,2;51,3;55,5;asagi;zayif;zayif;asagi;0,59;-0,67;0;52,95;-1,03;22464355;55,12;AL;POZITIF;NOTR;POZITIF;AZALIYOR;AL;SAT;UCUZ (AL);4;27.08.2026
GARFA;izle;;30,1;0,7;18,1;11,3;0;0;zayif;9,2;51,3;69,3;asagi;zayif;zayif;asagi;0,85;-0,62;1;27,1;0,00;27462056;28,60;AL;POZITIF;NOTR;POZITIF;ARTIYOR;AL;AL;NOTR;5;27.08.2026
ISMEN;izle;;30,1;4,2;13,2;12,7;6;0;zayif;22,9;42,3;58,2;asagi;zayif;zayif;asagi;1,26;-2,39;3;32,9;-1,44;259486182;34,47;AL;NEGATIF;AL;NEGATIF;ARTIYOR;AL;AL;UCUZ (AL);4;27.08.2026
BEGYO;izle;;30,0;4,3;16,9;8,8;8;0;zayif;23,0;49,8;63,7;asagi;zayif;zayif;asagi;0,66;-1,13;1;3,63;-1,36;10647015;3,76;AL;NEGATIF;AL;POZITIF;AZALIYOR;AL;SAT;UCUZ (AL);4;27.08.2026
CMBTN;izle;;29,8;4,0;17,9;8,0;0;0;zayif;22,2;46,3;44,9;asagi;zayif;zayif;asagi;0,44;-0,70;1;1555;-1,27;19299105;1724,81;AL;NEGATIF;AL;NEGATIF;AZALIYOR;SAT;SAT;UCUZ (AL);2;27.08.2026
SKYLP;izle;;29,6;14,0;7,6;8,0;0;0;zayif;19,7;42,0;39,3;yukari;zayif;zayif;asagi;0,52;-1,48;2;241,7;-1,35;10413161;224,44;SAT;NEGATIF;NOTR;NEGATIF;AZALIYOR;SAT;SAT;NOTR;0;27.08.2026
SKTAS;izle;;29,5;4,9;13,7;10,9;0;0;zayif;24,6;42,1;51,0;asagi;zayif;zayif;asagi;0,87;-1,27;2;3,17;-2,16;30822953;3,49;AL;NEGATIF;AL;NEGATIF;AZALIYOR;SAT;SAT;NOTR;2;27.08.2026
VKFYO;izle;;29,4;2,9;16,4;10,0;0;0;zayif;19,6;47,4;59,4;asagi;zayif;zayif;asagi;1,36;-1,31;1;23,84;-3,87;7859237;25,77;AL;NEGATIF;NOTR;POZITIF;AZALIYOR;AL;SAT;NOTR;3;27.08.2026
MAVI;izle;;29,3;1,1;13,5;14,8;16;1;zayif;19,8;43,2;47,4;asagi;zayif;zayif;asagi;1,21;-1,69;3;38;-1,09;174920004;40,40;AL;NEGATIF;NOTR;NEGATIF;AZALIYOR;AL;SAT;NOTR;2;27.08.2026
KMPUR;izle;;29,1;19,7;8,0;1,4;0;0;zayif;21,9;41,8;45,8;asagi;zayif;zayif;asagi;0,52;-0,79;2;19,7;-1,89;35661827;23,21;SAT;NEGATIF;SAT;NEGATIF;AZALIYOR;SAT;SAT;NOTR;0;27.08.2026
QUAGR;izle;;29,1;0,5;17,8;10,7;0;0;zayif;13,3;48,5;64,1;asagi;zayif;zayif;asagi;0,86;-0,71;2;3,4;0,00;115668823;3,63;AL;NEGATIF;NOTR;POZITIF;AZALIYOR;AL;AL;NOTR;4;27.08.2026
OYYAT;izle;;28,9;4,5;16,5;8,0;8;0;zayif;23,5;52,7;86,2;asagi;zayif;zayif;asagi;0,69;-1,31;0;36,86;-0,43;10779302;37,66;AL;POZITIF;AL;POZITIF;AZALIYOR;AL;SAT;NOTR;5;27.08.2026
SOKE;izle;;28,8;3,3;7,5;18,0;0;0;zayif;14,3;36,6;29,1;asagi;zayif;zayif;asagi;2,11;-2,33;2;14,3;2,00;68774291;15,65;SAT;NEGATIF;NOTR;NEGATIF;ARTIYOR;AL;AL;NOTR;2;27.08.2026
BRYAT;izle;;28,4;2,8;13,9;11,7;0;0;zayif;19,1;44,7;56,9;asagi;zayif;zayif;asagi;1,13;-1,76;1;1708;-0,18;157016440;1872,38;AL;NEGATIF;NOTR;NEGATIF;AZALIYOR;SAT;SAT;UCUZ (AL);1;27.08.2026
BURVA;izle;;28,4;14,9;13,4;0,0;6;0;zayif;11,9;43,1;28,0;yukari;zayif;zayif;asagi;0,68;-1,70;3;765;-2,55;13922235;698,58;AL;NEGATIF;NOTR;NEGATIF;AZALIYOR;SAT;AL;NOTR;2;27.08.2026
YYLGD;izle;;28,3;9,2;16,3;2,9;10;1;zayif;15,1;45,6;47,5;yukari;zayif;zayif;asagi;0,57;-1,39;1;10,19;-0,29;46989657;10,00;AL;NEGATIF;NOTR;NEGATIF;AZALIYOR;SAT;SAT;NOTR;1;27.08.2026
SMART;izle;;28,3;2,3;16,3;9,7;8;0;zayif;18,0;50,1;71,8;asagi;zayif;zayif;asagi;0,80;-1,39;0;25;1,38;22478450;26,43;AL;POZITIF;NOTR;POZITIF;AZALIYOR;AL;AL;NOTR;5;27.08.2026
ARCLK;izle;;28,3;0,0;8,9;19,4;0;0;zayif;11,5;41,2;52,8;asagi;zayif;zayif;asagi;1,15;-2,43;2;93,95;0,64;149992490;97,44;SAT;NEGATIF;NOTR;NEGATIF;AZALIYOR;AL;AL;NOTR;2;27.08.2026
EUYO;izle;;28,2;11,5;8,8;8,0;10;1;zayif;15,4;40,8;41,9;yukari;zayif;zayif;asagi;0,51;-1,49;1;4,94;-1,20;3483673;4,67;SAT;NEGATIF;NOTR;NEGATIF;AZALIYOR;SAT;AL;NOTR;1;27.08.2026
LILAK;izle;;28,2;2,3;16,1;9,8;6;0;zayif;17,9;47,2;49,6;asagi;zayif;zayif;asagi;0,81;-1,46;3;29,86;-0,86;66810048;31,00;AL;NEGATIF;NOTR;POZITIF;AZALIYOR;AL;SAT;NOTR;3;27.08.2026
ATAKP;izle;;28,2;1,9;12,3;14,0;0;0;zayif;26,0;39,2;30,8;asagi;zayif;zayif;asagi;1,41;-2,50;2;45,7;-2,43;30126628;49,40;AL;NEGATIF;SAT;POZITIF;ARTIYOR;AL;AL;NOTR;4;27.08.2026
BRISA;izle;;28,1;4,0;13,0;11,0;6;0;zayif;22,4;41,8;53,1;asagi;zayif;zayif;asagi;0,88;-1,68;3;78,1;-0,95;14874614;85,19;AL;NEGATIF;AL;NEGATIF;AZALIYOR;SAT;SAT;NOTR;2;27.08.2026
KLSER;izle;;27,9;3,1;16,6;8,2;0;0;zayif;20,0;46,4;57,7;asagi;zayif;zayif;asagi;0,63;-1,22;0;24,76;-0,96;23038313;26,04;AL;NEGATIF;NOTR;POZITIF;AZALIYOR;AL;SAT;NOTR;3;27.08.2026
ONRYT;izle;;27,8;0,0;18,5;9,3;0;0;zayif;6,7;49,7;62,9;asagi;zayif;zayif;asagi;0,78;-0,50;0;60,6;1,34;45954313;64,39;AL;NEGATIF;NOTR;POZITIF;AZALIYOR;SAT;SAT;NOTR;2;27.08.2026
AKENR;izle;;27,7;2,8;16,9;8,0;10;1;zayif;19,2;45,8;67,3;asagi;zayif;zayif;asagi;0,45;-1,11;0;10,35;-1,80;46169549;11,26;AL;NEGATIF;NOTR;POZITIF;AZALIYOR;SAT;SAT;NOTR;2;27.08.2026
ARENA;izle;;27,2;2,0;13,8;11,4;0;0;zayif;17,2;44,3;78,2;asagi;zayif;zayif;asagi;0,90;-2,17;1;21,5;0,84;22763942;23,39;AL;NEGATIF;NOTR;POZITIF;ARTIYOR;AL;SAT;NOTR;3;27.08.2026
KUTPO;izle;;27,1;7,0;13,8;6,3;46;5;zayif;37,5;43,8;64,8;asagi;zayif;zayif;asagi;0,90;-1,43;3;81;-1,52;11902059;87,41;AL;NEGATIF;AL;NEGATIF;AZALIYOR;SAT;AL;UCUZ (AL);3;27.08.2026
DESPC;izle;;27,1;4,0;19,1;4,0;0;0;zayif;22,4;51,0;76,8;asagi;zayif;zayif;asagi;0,59;-0,19;1;41,9;0,19;20344084;46,45;AL;POZITIF;AL;POZITIF;AZALIYOR;AL;SAT;NOTR;5;27.08.2026
HATEK;izle;;27,0;11,0;16,0;0,0;22;2;zayif;19,6;46,3;59,0;yukari;zayif;zayif;asagi;0,30;-1,52;1;12,88;-0,31;16644232;11,48;AL;NEGATIF;NOTR;POZITIF;AZALIYOR;AL;SAT;UCUZ (AL);3;27.08.2026
BIGCH;izle;;26,9;0,0;16,7;10,3;6;0;zayif;7,0;45,8;60,4;asagi;zayif;zayif;asagi;0,84;-1,21;3;6,28;1,29;34962807;6,77;AL;NEGATIF;NOTR;POZITIF;AZALIYOR;AL;AL;UCUZ (AL);4;27.08.2026
ACSEL;izle;;26,9;4,5;14,3;8,1;0;0;zayif;13,0;44,5;31,7;asagi;zayif;zayif;asagi;0,71;-1,32;2;121,5;1,00;13430975;132,17;AL;NEGATIF;NOTR;POZITIF;AZALIYOR;AL;AL;NOTR;4;27.08.2026
SMRVA;izle;;26,8;3,1;14,0;9,8;0;0;zayif;20,0;44,9;65,9;asagi;zayif;zayif;asagi;0,81;-1,89;1;11,63;-3,08;125907869;12,73;AL;NEGATIF;NOTR;NEGATIF;AZALIYOR;AL;AL;UCUZ (AL);3;27.08.2026
BASGZ;izle;;26,7;7,6;17,0;2,1;0;0;zayif;21,7;47,1;51,7;asagi;zayif;zayif;asagi;0,73;-1,06;2;44,2;-0,32;12006267;46,46;AL;NEGATIF;AL;POZITIF;AZALIYOR;AL;SAT;NOTR;4;27.08.2026
DITAS;izle;;26,7;2,3;16,4;8,0;0;0;zayif;17,9;48,9;57,8;asagi;zayif;zayif;asagi;0,45;-1,33;2;25,54;-1,08;22465801;29,20;AL;NEGATIF;NOTR;POZITIF;AZALIYOR;AL;AL;NOTR;4;27.08.2026
CGCAM;izle;;26,4;4,1;12,5;9,8;0;0;zayif;20,3;39,9;42,8;asagi;zayif;zayif;asagi;0,81;-2,02;1;37,08;-2,78;68196238;40,46;AL;NEGATIF;SAT;POZITIF;AZALIYOR;AL;SAT;NOTR;3;27.08.2026
MAGEN;izle;;26,2;0,8;7,4;18,0;0;0;zayif;17,9;40,7;32,3;asagi;zayif;zayif;asagi;1,60;-2,41;2;33,52;0,66;763017369;37,68;SAT;NEGATIF;NOTR;NEGATIF;ARTIYOR;SAT;SAT;NOTR;0;27.08.2026
TEKTU;izle;;26,0;2,0;16,0;8,0;0;0;zayif;17,2;48,7;70,6;asagi;zayif;zayif;asagi;0,69;-1,53;1;7,93;0,63;35390091;8,40;AL;NEGATIF;NOTR;POZITIF;AZALIYOR;AL;AL;UCUZ (AL);4;27.08.2026
GENTS;izle;;25,8;2,9;13,3;9,6;0;0;zayif;19,3;42,8;64,3;asagi;zayif;zayif;asagi;1,03;-3,11;1;5,3;-2,75;34474200;5,67;AL;NEGATIF;NOTR;NEGATIF;ARTIYOR;AL;SAT;UCUZ (AL);2;27.08.2026
BEYAZ;izle;;25,7;8,0;13,1;4,6;22;2;zayif;10,2;42,1;34,4;yukari;zayif;zayif;asagi;0,74;-1,79;2;23,2;-1,53;13061159;22,77;AL;NEGATIF;NOTR;NEGATIF;AZALIYOR;AL;AL;NOTR;3;27.08.2026
GRNYO;izle;;25,7;9,8;12,1;3,8;10;0;zayif;25,0;38,7;20,3;yukari;zayif;zayif;asagi;0,93;-2,49;4;13,7;-0,36;3678957;13,21;AL;NEGATIF;SAT;NEGATIF;AZALIYOR;SAT;SAT;NOTR;1;27.08.2026
CEMTS;izle;;25,7;1,5;16,0;8,2;46;3;zayif;15,7;45,4;55,3;asagi;zayif;zayif;asagi;0,83;-1,71;3;8,92;-0,34;11510270;9,43;AL;NEGATIF;NOTR;POZITIF;AZALIYOR;AL;SAT;UCUZ (AL);3;27.08.2026
INGRM;izle;;25,7;0,7;18,2;6,7;14;0;zayif;17,5;49,5;54,8;asagi;zayif;zayif;asagi;1,10;-0,56;3;393,25;2,08;15359165;411,43;AL;NEGATIF;NOTR;NEGATIF;ARTIYOR;SAT;SAT;NOTR;1;27.08.2026
SANEL;izle;;25,6;13,7;7,5;4,5;10;0;zayif;16,8;40,9;26,5;asagi;zayif;zayif;asagi;0,97;-1,36;4;56,15;-3,02;24757490;70,71;SAT;NEGATIF;NOTR;NEGATIF;AZALIYOR;SAT;SAT;NOTR;0;27.08.2026
CONSE;izle;;25,4;2,0;13,0;10,5;6;0;zayif;17,1;41,7;61,7;asagi;zayif;zayif;asagi;1,09;-3,06;3;2,28;-0,44;14880589;2,44;AL;NEGATIF;NOTR;POZITIF;AZALIYOR;AL;SAT;UCUZ (AL);3;27.08.2026
NTHOL;izle;;25,4;12,0;9,9;3,6;40;5;zayif;11,9;42,6;38,4;asagi;zayif;zayif;asagi;0,54;-0,52;2;43,3;-1,77;49113675;46,99;SAT;NEGATIF;NOTR;NEGATIF;AZALIYOR;SAT;SAT;NOTR;0;27.08.2026
BURCE;izle;;25,3;1,1;13,6;10,6;22;2;zayif;14,8;43,6;78,0;asagi;zayif;zayif;asagi;0,86;-1,76;1;36,08;-1,47;71208895;40,29;AL;NEGATIF;NOTR;POZITIF;AZALIYOR;AL;SAT;NOTR;3;27.08.2026
DZGYO;izle;;25,3;1,2;16,0;8,1;0;0;zayif;15,2;46,7;64,6;asagi;zayif;zayif;asagi;0,70;-1,56;1;7,29;0,97;6314110;7,60;AL;NEGATIF;NOTR;POZITIF;AZALIYOR;AL;AL;NOTR;4;27.08.2026
YAPRK;izle;;25,2;1,5;17,6;6,1;0;0;zayif;15,9;48,6;34,9;asagi;zayif;zayif;asagi;0,83;-0,80;0;11,16;-3,63;59450280;12,40;AL;NEGATIF;NOTR;NEGATIF;AZALIYOR;AL;AL;NOTR;3;27.08.2026
MRSHL;izle;;25,2;16,0;9,3;0,0;6;0;zayif;19,4;42,5;61,2;yukari;zayif;zayif;asagi;0,28;-0,90;3;1630;-1,03;27501360;1560,78;SAT;NEGATIF;NOTR;NEGATIF;AZALIYOR;SAT;SAT;NOTR;0;27.08.2026
HTTBT;izle;;25,2;0,0;14,5;10,6;6;0;zayif;11,2;44,5;47,9;asagi;zayif;zayif;asagi;1,69;-1,21;3;36,9;-0,27;30098998;39,24;AL;NEGATIF;NOTR;NEGATIF;AZALIYOR;AL;AL;NOTR;3;27.08.2026
TTKOM;izle;;25,1;8,8;13,7;2,6;0;0;zayif;14,1;43,9;43,3;yukari;zayif;zayif;asagi;0,83;-1,68;0;53,45;-0,74;1731395213;50,42;AL;NEGATIF;NOTR;NEGATIF;AZALIYOR;SAT;SAT;NOTR;1;27.08.2026
ISSEN;izle;;24,7;0,0;16,7;8,0;0;0;zayif;11,9;48,2;52,9;asagi;zayif;zayif;asagi;0,53;-1,19;2;6,96;-0,43;3316196;7,43;AL;NEGATIF;NOTR;POZITIF;AZALIYOR;AL;AL;NOTR;4;27.08.2026
SERNT;izle;;24,7;2,9;13,8;8,0;0;0;zayif;19,4;44,4;53,4;asagi;zayif;zayif;asagi;0,60;-1,75;2;7,95;-0,75;16370688;8,46;AL;NEGATIF;NOTR;POZITIF;AZALIYOR;AL;AL;NOTR;4;27.08.2026
TURGG;izle;;24,7;4,3;18,7;1,7;22;2;zayif;23,1;49,0;69,7;asagi;zayif;zayif;asagi;0,32;-0,69;1;27,08;0,30;3188074;28,01;AL;NEGATIF;AL;NEGATIF;AZALIYOR;SAT;SAT;NOTR;2;27.08.2026
POLTK;izle;;24,7;0,6;11,9;12,2;0;0;zayif;16,1;38,0;57,7;asagi;zayif;zayif;asagi;0,95;-2,44;1;4305;-2,21;29390235;4918,19;AL;NEGATIF;NOTR;NEGATIF;ARTIYOR;SAT;SAT;UCUZ (AL);1;27.08.2026
VAKFN;izle;;24,6;2,4;13,6;8,6;0;0;zayif;35,7;43,6;59,0;asagi;zayif;zayif;asagi;0,41;-2,18;1;1,19;-0,83;21261861;1,26;AL;NEGATIF;SAT;NEGATIF;AZALIYOR;AL;SAT;UCUZ (AL);2;27.08.2026
YYAPI;izle;;24,5;2,4;11,4;10,6;0;0;zayif;35,4;36,3;27,7;asagi;zayif;zayif;asagi;1,71;-4,13;0;0,82;0,00;4644430;0,86;AL;NEGATIF;SAT;NEGATIF;AZALIYOR;SAT;SAT;UCUZ (AL);1;27.08.2026
GEDIK;izle;;24,3;9,9;14,4;0,0;0;0;zayif;23,7;41,9;77,9;asagi;zayif;zayif;asagi;0,44;-0,94;1;6,24;-1,27;64036496;7,05;AL;NEGATIF;AL;NEGATIF;AZALIYOR;SAT;SAT;NOTR;2;27.08.2026
IHGZT;izle;;24,2;2,3;13,9;8,0;0;0;zayif;17,9;44,8;63,9;asagi;zayif;zayif;asagi;0,27;-1,82;0;1,19;-0,83;5457653;1,26;AL;NEGATIF;NOTR;POZITIF;AZALIYOR;AL;SAT;UCUZ (AL);3;27.08.2026
GRSEL;izle;;24,2;13,2;8,0;3,0;0;0;zayif;25,3;36,4;19,2;asagi;zayif;zayif;asagi;0,46;-1,24;2;315,5;-0,79;47944327;346,63;SAT;NEGATIF;SAT;NEGATIF;AZALIYOR;SAT;SAT;NOTR;0;27.08.2026
SMRTG;izle;;24,2;7,6;12,9;3,7;0;0;zayif;16,3;40,8;44,0;asagi;zayif;zayif;asagi;0,92;-1,41;2;10,06;-2,42;163648112;11,24;AL;NEGATIF;NOTR;NEGATIF;AZALIYOR;AL;AL;NOTR;3;27.08.2026
YAYLA;izle;;24,2;15,0;9,2;0,0;38;3;zayif;42,8;43,1;83,8;yukari;zayif;zayif;asagi;0,45;-1,10;3;21,8;-1,18;20320499;20,81;SAT;NEGATIF;AL;NEGATIF;AZALIYOR;SAT;SAT;UCUZ (AL);1;27.08.2026
EUREN;izle;;24,0;0,0;16,0;8,0;0;0;zayif;11,8;45,9;53,5;asagi;zayif;zayif;asagi;0,66;-2,20;1;3,9;0,26;55445614;4,10;AL;NEGATIF;NOTR;POZITIF;AZALIYOR;AL;SAT;UCUZ (AL);3;27.08.2026
A1CAP;izle;;24,0;1,6;12,5;9,8;0;0;zayif;24,1;40,1;45,5;asagi;zayif;zayif;asagi;0,81;-3,42;1;8,4;-0,36;53309945;8,98;AL;NEGATIF;SAT;POZITIF;AZALIYOR;AL;AL;UCUZ (AL);4;27.08.2026
NUGYO;izle;;23,9;3,1;17,9;2,9;0;0;zayif;20,0;47,5;53,4;asagi;zayif;zayif;asagi;0,87;-0,67;1;9,11;-1,41;14999169;9,70;AL;NEGATIF;AL;POZITIF;ARTIYOR;AL;SAT;NOTR;4;27.08.2026
LIDFA;izle;;23,9;0,0;17,1;6,7;0;0;zayif;12,0;49,1;56,2;asagi;zayif;zayif;asagi;0,86;-1,01;2;2,73;0,74;26516771;2,93;AL;NEGATIF;NOTR;POZITIF;ARTIYOR;AL;AL;NOTR;4;27.08.2026
UNLU;izle;;23,8;1,9;13,9;8,0;0;0;zayif;26,3;44,7;56,0;asagi;zayif;zayif;asagi;0,42;-2,15;2;11,08;-0,63;4156141;11,69;AL;NEGATIF;SAT;POZITIF;AZALIYOR;AL;SAT;UCUZ (AL);3;27.08.2026
MNDTR;izle;;23,8;1,9;11,0;10,9;10;0;zayif;26,3;35,1;46,5;asagi;zayif;zayif;asagi;1,94;-2,57;4;4,98;-0,80;18184236;5,37;AL;NEGATIF;SAT;NEGATIF;ARTIYOR;AL;AL;UCUZ (AL);3;27.08.2026
ASUZU;izle;;23,8;2,2;13,6;8,0;0;0;zayif;28,4;43,6;48,8;asagi;zayif;zayif;asagi;0,53;-2,58;1;49,06;-1,29;12972838;50,78;AL;NEGATIF;SAT;POZITIF;AZALIYOR;AL;SAT;NOTR;3;27.08.2026
RAYSG;izle;;23,6;2,6;13,0;8,0;0;0;zayif;18,8;41,6;59,2;asagi;zayif;zayif;asagi;0,69;-2,42;2;160,5;-1,11;15883722;172,80;AL;NEGATIF;NOTR;NEGATIF;AZALIYOR;SAT;SAT;UCUZ (AL);1;27.08.2026
PKENT;izle;;23,6;2,2;13,3;8,1;0;0;zayif;17,8;42,6;48,9;asagi;zayif;zayif;asagi;0,54;-2,19;2;126,1;-0,55;9659891;136,60;AL;NEGATIF;NOTR;POZITIF;AZALIYOR;SAT;SAT;UCUZ (AL);2;27.08.2026
IHLGM;izle;;23,5;2,3;13,2;8,0;0;0;zayif;17,9;42,4;78,8;asagi;zayif;zayif;asagi;0,13;-2,45;1;1,58;-0,63;5457246;1,69;AL;NEGATIF;NOTR;NEGATIF;AZALIYOR;AL;AL;UCUZ (AL);3;27.08.2026
IZINV;izle;;23,3;0,4;12,4;10,5;0;0;zayif;13,1;39,6;39,0;asagi;zayif;zayif;asagi;0,85;-2,16;1;54,25;0,37;13591036;60,53;AL;NEGATIF;NOTR;NEGATIF;ARTIYOR;SAT;SAT;UCUZ (AL);1;27.08.2026
ANGEN;izle;;23,2;2,4;12,7;8,0;0;0;zayif;18,3;40,7;58,4;asagi;zayif;zayif;asagi;0,43;-2,56;1;9,24;-0,54;8752193;9,72;AL;NEGATIF;NOTR;POZITIF;AZALIYOR;AL;SAT;NOTR;3;27.08.2026
EGEEN;izle;;22,9;0,1;12,0;10,9;8;0;zayif;12,5;38,2;47,1;asagi;zayif;zayif;asagi;0,64;-2,41;2;5125;-0,49;29417500;5506,98;AL;NEGATIF;NOTR;NEGATIF;AZALIYOR;SAT;SAT;UCUZ (AL);1;27.08.2026
KARSN;izle;;22,8;0,9;9,9;12,1;6;0;zayif;18,4;31,2;43,9;asagi;zayif;zayif;asagi;1,19;-4,19;3;9,27;0,00;132022561;10,15;AL;NEGATIF;NOTR;NEGATIF;AZALIYOR;AL;AL;NOTR;3;27.08.2026
KUYAS;izle;;22,6;5,3;9,3;8,0;0;0;zayif;28,8;42,5;23,4;asagi;zayif;zayif;asagi;0,64;-1,52;2;63;0,00;238414365;72,64;SAT;NEGATIF;SAT;NEGATIF;AZALIYOR;AL;SAT;NOTR;1;27.08.2026
DURDO;izle;;22,5;13,3;6,5;2,7;0;0;zayif;14,0;37,9;52,1;asagi;zayif;zayif;asagi;0,29;-1,25;2;4,83;-0,82;2815194;5,27;SAT;NEGATIF;NOTR;NEGATIF;AZALIYOR;SAT;SAT;NOTR;0;27.08.2026
SUWEN;izle;;22,4;0,5;13,9;8,0;0;0;zayif;13,2;44,0;44,8;asagi;zayif;zayif;asagi;0,43;-1,40;2;6,37;-1,09;15796543;7,29;AL;NEGATIF;NOTR;NEGATIF;AZALIYOR;AL;SAT;UCUZ (AL);2;27.08.2026
PARSN;izle;;22,4;1,4;12,9;8,0;0;0;zayif;22,5;41,5;70,9;asagi;zayif;zayif;asagi;0,35;-1,98;1;72,55;-0,14;10327493;77,91;AL;NEGATIF;SAT;POZITIF;AZALIYOR;AL;SAT;NOTR;3;27.08.2026
KOTON;izle;;22,4;2,1;16,3;4,0;0;0;zayif;17,4;48,8;61,5;asagi;zayif;zayif;asagi;0,55;-1,39;1;12,99;-1,14;16097208;13,37;AL;NEGATIF;NOTR;POZITIF;AZALIYOR;AL;SAT;NOTR;3;27.08.2026
YEOTK;izle;;22,3;13,0;9,3;0,0;10;0;zayif;12,3;41,7;43,5;asagi;zayif;zayif;asagi;0,60;-1,37;4;35,7;0,85;353020842;40,86;SAT;NEGATIF;NOTR;NEGATIF;AZALIYOR;AL;AL;NOTR;2;27.08.2026
SODSN;izle;;22,3;10,4;11,6;0,2;6;0;zayif;34,0;37,1;27,6;yukari;zayif;zayif;asagi;0,45;-3,33;3;7,56;-1,05;340276;7,13;AL;NEGATIF;SAT;NEGATIF;AZALIYOR;SAT;SAT;UCUZ (AL);1;27.08.2026
LMKDC;izle;;22,3;8,4;13,9;0,0;10;1;zayif;14,8;44,8;44,1;yukari;zayif;zayif;asagi;0,59;-1,77;2;24,22;-1,62;67716407;22,85;AL;NEGATIF;NOTR;NEGATIF;AZALIYOR;SAT;SAT;NOTR;1;27.08.2026
KATMR;izle;;22,3;2,4;11,7;8,1;0;0;zayif;39,2;37,4;56,1;asagi;zayif;zayif;asagi;0,71;-3,46;1;2,12;0,47;104048610;2,32;AL;NEGATIF;SAT;NEGATIF;AZALIYOR;AL;AL;UCUZ (AL);3;27.08.2026
MAALT;izle;;22,2;0,9;13,3;8,0;0;0;zayif;14,4;42,6;54,6;asagi;zayif;zayif;asagi;0,65;-1,92;2;1000;-0,99;22205000;1067,78;AL;NEGATIF;NOTR;POZITIF;AZALIYOR;AL;SAT;NOTR;3;27.08.2026
MHRGY;izle;;22,1;0,0;13,9;8,1;0;0;zayif;11,0;44,8;61,7;asagi;zayif;zayif;asagi;0,71;-1,74;2;3,36;0,00;6831784;3,63;AL;NEGATIF;NOTR;POZITIF;AZALIYOR;AL;SAT;NOTR;3;27.08.2026
MEDTR;izle;;21,6;4,1;16,3;1,2;0;0;zayif;22,6;47,3;56,7;asagi;zayif;zayif;asagi;0,27;-1,37;1;25,76;-0,46;1983623;26,93;AL;NEGATIF;AL;POZITIF;AZALIYOR;AL;AL;NOTR;5;27.08.2026
TMSN;izle;;21,6;0,1;12,2;9,3;0;0;zayif;12,2;39,1;46,3;asagi;zayif;zayif;asagi;1,02;-2,94;2;75,95;0,73;42775951;81,05;AL;NEGATIF;NOTR;NEGATIF;ARTIYOR;AL;AL;UCUZ (AL);3;27.08.2026
MGROS;izle;;21,5;5,4;8,1;8,0;0;0;zayif;30,0;38,6;41,6;asagi;zayif;zayif;asagi;0,64;-2,87;1;563;0,81;1316032205;611,26;SAT;NEGATIF;SAT;POZITIF;AZALIYOR;SAT;SAT;NOTR;1;27.08.2026
CCOLA;izle;;21,4;12,2;7,7;1,5;6;0;zayif;25,2;37,3;27,8;asagi;zayif;zayif;asagi;0,54;-2,11;3;77,5;-1,84;288233195;86,79;SAT;NEGATIF;SAT;NEGATIF;AZALIYOR;SAT;SAT;NOTR;0;27.08.2026
VAKKO;izle;;21,4;0,1;17,7;3,6;0;0;zayif;12,2;48,5;62,8;asagi;zayif;zayif;asagi;0,87;-0,77;2;68,1;-1,73;11719806;72,32;AL;NEGATIF;NOTR;NEGATIF;ARTIYOR;AL;AL;NOTR;3;27.08.2026
SILVR;izle;;21,3;3,5;13,8;4,0;8;0;zayif;20,9;44,5;55,9;asagi;zayif;zayif;asagi;0,43;-1,58;1;2,26;0,44;1297979;2,42;AL;NEGATIF;AL;NEGATIF;AZALIYOR;AL;SAT;UCUZ (AL);3;27.08.2026
MERIT;izle;;21,3;0,0;13,3;8,0;0;0;zayif;7,4;42,2;49,5;asagi;zayif;zayif;asagi;0,39;-1,46;2;15,79;-0,82;16990387;17,16;AL;NEGATIF;NOTR;NEGATIF;AZALIYOR;AL;AL;NOTR;3;27.08.2026
YESIL;izle;;21,0;0,0;13,0;8,0;0;0;zayif;10,5;41,8;44,2;asagi;zayif;zayif;asagi;0,55;-2,21;2;1,21;-1,63;10252021;1,30;AL;NEGATIF;NOTR;POZITIF;AZALIYOR;AL;SAT;UCUZ (AL);3;27.08.2026
ADESE;izle;;20,9;6,7;13,9;0,2;0;0;zayif;29,3;44,8;57,8;asagi;zayif;zayif;asagi;0,60;-1,61;0;0,86;0,00;62474771;0,93;AL;NEGATIF;AL;NEGATIF;AZALIYOR;SAT;AL;UCUZ (AL);3;27.08.2026
CANTE;izle;;20,9;0,9;16,0;4,0;0;0;zayif;18,3;45,1;56,2;asagi;zayif;zayif;asagi;0,57;-2,53;1;1,21;0,00;121185832;1,28;AL;NEGATIF;NOTR;POZITIF;AZALIYOR;SAT;SAT;UCUZ (AL);2;27.08.2026
CLEBI;izle;;20,8;2,7;16,4;1,7;0;0;zayif;18,9;46,0;48,8;asagi;zayif;zayif;asagi;0,56;-1,33;1;1484;-0,74;23702448;1553,35;AL;NEGATIF;NOTR;POZITIF;AZALIYOR;SAT;SAT;NOTR;2;27.08.2026
FROTO;izle;;20,8;1,9;13,5;5,4;0;0;zayif;25,7;43,4;60,4;asagi;zayif;zayif;asagi;0,87;-1,84;2;78,45;-1,38;1446700137;82,71;AL;NEGATIF;SAT;NEGATIF;ARTIYOR;SAT;SAT;NOTR;1;27.08.2026
ULUSE;izle;;20,7;11,4;4,8;4,5;0;0;zayif;14,1;35,6;20,3;asagi;zayif;zayif;asagi;0,97;-1,85;2;255;-1,54;53471715;308,60;SAT;NEGATIF;NOTR;NEGATIF;AZALIYOR;SAT;SAT;NOTR;0;27.08.2026
AKYHO;izle;;20,7;2,6;12,9;5,2;0;0;zayif;18,6;41,4;39,3;asagi;zayif;zayif;asagi;0,71;-1,72;0;2,23;1,36;1522524;2,43;AL;NEGATIF;NOTR;POZITIF;AZALIYOR;SAT;SAT;UCUZ (AL);2;27.08.2026
HEDEF;izle;;20,6;5,4;5,1;10,0;10;0;zayif;31,1;28,7;31,6;asagi;zayif;zayif;asagi;2,57;-3,73;4;104;0,48;1768798720;161,80;SAT;NEGATIF;SAT;NEGATIF;AZALIYOR;SAT;AL;NOTR;1;27.08.2026
AYCES;izle;;20,4;0,0;12,4;8,0;14;0;zayif;10,9;39,6;67,0;asagi;zayif;zayif;asagi;0,61;-3,38;3;449;0,22;28468845;489,81;AL;NEGATIF;NOTR;NEGATIF;AZALIYOR;AL;AL;NOTR;3;27.08.2026
ALFAS;izle;;20,3;3,7;16,2;0,3;0;0;zayif;21,6;46,3;53,8;asagi;zayif;zayif;asagi;0,72;-1,40;2;41,8;0,92;63490313;43,63;AL;NEGATIF;AL;POZITIF;AZALIYOR;AL;SAT;NOTR;4;27.08.2026
BSOKE;izle;;20,3;7,3;3,0;10,0;10;0;zayif;14,1;30,0;22,9;asagi;zayif;zayif;asagi;2,98;-2,54;4;30,58;-1,35;603030689;34,45;SAT;NEGATIF;NOTR;NEGATIF;ARTIYOR;SAT;SAT;NOTR;0;27.08.2026
GRTHO;izle;;20,3;0,8;9,3;10,2;0;0;zayif;18,1;41,4;31,3;asagi;zayif;zayif;asagi;0,69;-1,34;2;222,3;-1,72;110479543;242,88;SAT;NEGATIF;NOTR;NEGATIF;AZALIYOR;AL;AL;UCUZ (AL);2;27.08.2026
BVSAN;izle;;20,2;1,9;12,9;5,4;0;0;zayif;16,8;41,3;53,6;asagi;zayif;zayif;asagi;0,79;-2,13;2;104,3;-2,25;46430501;113,53;AL;NEGATIF;NOTR;NEGATIF;AZALIYOR;AL;AL;NOTR;3;27.08.2026
BTCIM;izle;;20,1;2,4;10,3;7,4;6;0;zayif;35,6;32,6;25,5;asagi;zayif;zayif;asagi;1,14;-3,38;3;4,57;-1,08;506050861;5,06;AL;NEGATIF;SAT;NEGATIF;ARTIYOR;SAT;SAT;NOTR;1;27.08.2026
MEGMT;izle;;19,9;5,4;4,5;10,0;6;0;zayif;33,6;26,6;29,9;asagi;zayif;zayif;asagi;1,44;-5,05;3;47,56;4,16;557560053;58,98;SAT;NEGATIF;SAT;NEGATIF;AZALIYOR;SAT;AL;NOTR;1;27.08.2026
BARMA;izle;;19,8;2,4;8,0;9,4;0;0;zayif;69,0;12,0;49,9;asagi;zayif;zayif;asagi;0,78;-14,50;1;9,26;1,54;14899460;13,08;AL;NEGATIF;SAT;NEGATIF;AZALIYOR;AL;SAT;UCUZ (AL);2;27.08.2026
VESTL;izle;;19,8;0,1;13,6;6,1;6;0;zayif;12,4;43,7;56,6;asagi;zayif;zayif;asagi;0,83;-1,59;3;22,28;0,91;117632028;24,54;AL;NEGATIF;NOTR;NEGATIF;AZALIYOR;AL;AL;UCUZ (AL);3;27.08.2026
GOODY;izle;;19,8;10,3;9,5;0,0;0;0;zayif;17,8;44,0;74,2;yukari;zayif;zayif;asagi;0,22;-1,02;2;2,61;0,00;21415504;2,60;SAT;NEGATIF;NOTR;NEGATIF;AZALIYOR;SAT;SAT;NOTR;0;27.08.2026
IZENR;izle;;19,7;0,0;11,7;8,0;0;0;zayif;5,9;37,5;43,6;asagi;zayif;zayif;asagi;0,50;-2,13;1;8,32;-0,48;168038250;9,24;AL;NEGATIF;NOTR;NEGATIF;AZALIYOR;SAT;SAT;NOTR;1;27.08.2026
EGEPO;izle;;19,7;14,9;4,7;0,0;0;0;zayif;26,2;34,5;13,2;asagi;zayif;zayif;asagi;0,64;-2,27;2;16,27;-2,81;28749025;18,45;SAT;NEGATIF;SAT;NEGATIF;ARTIYOR;AL;AL;PAHALI (SAT);2;27.08.2026
OSTIM;izle;;19,6;1,9;13,8;4,0;0;0;zayif;16,8;44,2;68,6;asagi;zayif;zayif;asagi;0,60;-2,07;1;1,61;0,00;11595429;1,71;AL;NEGATIF;NOTR;POZITIF;AZALIYOR;AL;SAT;UCUZ (AL);3;27.08.2026
ATEKS;izle;;19,6;3,8;5,8;10,0;6;0;zayif;18,1;37,0;37,6;asagi;zayif;zayif;asagi;3,12;-3,15;3;95;-7,77;4285640;113,26;SAT;NEGATIF;NOTR;NEGATIF;ARTIYOR;SAT;SAT;NOTR;0;27.08.2026
SKBNK;izle;;19,3;2,4;8,8;8,0;0;0;zayif;51,4;27,8;66,7;asagi;zayif;zayif;asagi;0,56;-8,26;0;6,29;0,48;719373626;7,36;AL;NEGATIF;SAT;POZITIF;AZALIYOR;AL;AL;NOTR;4;27.08.2026
GSDHO;izle;;19,2;3,0;16,2;0,0;10;0;zayif;10,6;45,2;46,9;asagi;zayif;zayif;asagi;0,42;-1,39;4;4,85;-2,22;27024850;5,32;AL;NEGATIF;NOTR;POZITIF;AZALIYOR;AL;AL;NOTR;4;27.08.2026
BMSCH;izle;;19,2;1,5;8,7;9,0;0;0;zayif;23,3;27,4;42,8;asagi;zayif;zayif;asagi;1,24;-4,50;2;11,25;-2,68;17211026;12,77;AL;NEGATIF;SAT;NEGATIF;ARTIYOR;SAT;SAT;UCUZ (AL);1;27.08.2026
VKING;izle;;19,1;2,4;13,2;3,5;6;0;zayif;32,6;42,2;45,0;asagi;zayif;zayif;asagi;0,91;-1,84;3;22,14;-0,18;6983399;23,94;AL;NEGATIF;SAT;POZITIF;AZALIYOR;AL;SAT;UCUZ (AL);3;27.08.2026
MEKAG;izle;;19,0;3,0;16,0;0,0;0;0;zayif;19,8;48,4;74,2;asagi;zayif;zayif;asagi;0,42;-2,36;1;3,04;0,33;12434111;3,17;AL;NEGATIF;NOTR;POZITIF;AZALIYOR;AL;SAT;NOTR;3;27.08.2026
KSTUR;izle;;19,0;2,4;12,0;4,6;0;0;zayif;33,9;38,2;46,4;asagi;zayif;zayif;asagi;0,97;-3,79;2;2395;-1,80;1585490;2520,17;AL;NEGATIF;SAT;NEGATIF;AZALIYOR;SAT;SAT;NOTR;1;27.08.2026
AEFES;izle;;18,9;5,1;6,3;7,6;0;0;zayif;24,1;32,5;32,3;asagi;zayif;zayif;asagi;1,08;-2,66;2;18,53;-1,96;1198881957;20,55;SAT;NEGATIF;SAT;NEGATIF;ARTIYOR;SAT;SAT;NOTR;0;27.08.2026
LUKSK;izle;;18,9;0,4;10,4;8,1;0;0;zayif;14,7;33,1;47,0;asagi;zayif;zayif;asagi;1,19;-2,90;2;85,25;-2,24;10544573;95,03;AL;NEGATIF;NOTR;NEGATIF;AZALIYOR;SAT;SAT;UCUZ (AL);1;27.08.2026
PAMEL;izle;;18,9;9,4;9,5;0,0;6;0;zayif;15,5;43,2;35,0;yukari;zayif;zayif;asagi;0,58;-1,49;3;77,45;-0,71;12937248;73,17;SAT;NEGATIF;NOTR;NEGATIF;AZALIYOR;AL;AL;NOTR;2;27.08.2026
TUREX;izle;;18,9;5,1;13,7;0,0;0;0;zayif;25,1;44,2;52,4;asagi;zayif;zayif;asagi;0,54;-1,74;0;6,6;-0,60;53692148;7,06;AL;NEGATIF;AL;POZITIF;AZALIYOR;SAT;SAT;NOTR;3;27.08.2026
SEGYO;izle;;18,8;1,2;11,8;5,8;0;0;zayif;21,1;37,6;27,5;asagi;zayif;zayif;asagi;0,81;-3,47;2;3,77;-1,57;10059740;4,09;AL;NEGATIF;SAT;NEGATIF;AZALIYOR;AL;AL;UCUZ (AL);3;27.08.2026
ORCAY;izle;;18,8;0,2;11,1;7,6;0;0;zayif;13,2;35,3;30,1;asagi;zayif;zayif;asagi;1,15;-2,28;2;3,47;-1,98;5484120;3,95;AL;NEGATIF;NOTR;NEGATIF;AZALIYOR;AL;AL;NOTR;3;27.08.2026
AGROT;izle;;18,7;4,4;5,9;8,5;0;0;zayif;23,2;37,2;35,0;asagi;zayif;zayif;asagi;1,21;-2,80;2;2,11;-4,09;277504527;2,61;SAT;NEGATIF;AL;NEGATIF;ARTIYOR;SAT;SAT;UCUZ (AL);1;27.08.2026
TUKAS;izle;;18,6;2,0;16,0;0,6;6;0;zayif;26,8;45,9;49,1;asagi;zayif;zayif;asagi;0,68;-2,11;3;2,02;-0,49;67973812;2,12;AL;NEGATIF;SAT;POZITIF;AZALIYOR;AL;SAT;UCUZ (AL);3;27.08.2026
AGHOL;izle;;18,3;5,1;6,1;7,1;28;2;zayif;27,7;31,9;30,2;asagi;zayif;zayif;asagi;1,01;-2,76;3;30,26;-2,13;144337779;33,48;SAT;NEGATIF;SAT;NEGATIF;ARTIYOR;SAT;SAT;NOTR;0;27.08.2026
SUMAS;izle;;18,3;1,8;10,9;5,6;0;0;zayif;24,9;34,7;33,6;asagi;zayif;zayif;asagi;1,04;-4,16;2;268,25;-0,65;890322;291,52;AL;NEGATIF;SAT;NEGATIF;AZALIYOR;SAT;SAT;NOTR;1;27.08.2026
PRKAB;izle;;18,3;2,0;6,3;10,0;20;1;zayif;17,0;36,1;44,1;asagi;zayif;zayif;asagi;1,62;-2,48;4;31,96;-1,18;36855313;35,49;SAT;NEGATIF;NOTR;NEGATIF;ARTIYOR;AL;SAT;NOTR;1;27.08.2026
LINK;izle;;17,9;1,7;12,9;3,3;28;2;zayif;24,3;41,3;52,6;asagi;zayif;zayif;asagi;0,90;-2,01;3;5,66;1,25;98994023;6,22;AL;NEGATIF;SAT;NEGATIF;AZALIYOR;AL;AL;NOTR;3;27.08.2026
KAREL;izle;;17,8;9,1;8,3;0,4;0;0;zayif;20,1;39,5;47,6;yukari;zayif;zayif;asagi;0,72;-2,42;2;8,8;1,15;90765954;8,58;SAT;NEGATIF;SAT;NEGATIF;AZALIYOR;SAT;SAT;NOTR;0;27.08.2026
ALKIM;izle;;17,8;0,0;13,8;4,0;0;0;zayif;11,7;44,3;68,5;asagi;zayif;zayif;asagi;0,52;-1,62;0;15,76;-0,63;13662565;17,14;AL;NEGATIF;NOTR;POZITIF;AZALIYOR;AL;AL;NOTR;4;27.08.2026
ZOREN;izle;;17,7;2,4;11,3;4,0;0;0;zayif;38,6;35,9;46,1;asagi;zayif;zayif;asagi;0,65;-3,83;1;2,29;0,00;45653090;2,42;AL;NEGATIF;SAT;POZITIF;AZALIYOR;AL;AL;UCUZ (AL);4;27.08.2026
AKGRT;izle;;17,7;2,4;10,2;5,0;10;0;zayif;30,3;32,3;38,1;asagi;zayif;zayif;asagi;0,99;-3,75;4;6,23;0,00;65184845;6,56;AL;NEGATIF;SAT;NEGATIF;AZALIYOR;AL;AL;NOTR;3;27.08.2026
IDGYO;izle;;17,5;2,4;10,6;4,4;0;0;zayif;31,1;33,6;31,0;asagi;zayif;zayif;asagi;0,73;-3,38;1;3,08;0,65;4253619;3,62;AL;NEGATIF;SAT;NEGATIF;AZALIYOR;AL;AL;NOTR;3;27.08.2026
ALCAR;izle;;17,4;0,4;12,9;4,0;0;0;zayif;15,2;41,5;35,0;asagi;zayif;zayif;asagi;0,49;-1,88;1;701,5;0,79;16015245;761,69;AL;NEGATIF;NOTR;NEGATIF;AZALIYOR;AL;SAT;UCUZ (AL);2;27.08.2026
CASA;izle;;17,3;0,6;8,4;8,3;10;0;zayif;16,7;43,0;35,8;asagi;zayif;zayif;asagi;1,20;-2,84;4;68;2,33;1220804;72,08;SAT;NEGATIF;NOTR;NEGATIF;ARTIYOR;SAT;SAT;UCUZ (AL);0;27.08.2026
CMENT;izle;;17,2;2,3;4,9;10,0;6;0;zayif;29,1;32,8;33,8;asagi;zayif;zayif;asagi;1,32;-4,66;3;260;-2,99;1262820;277,23;SAT;NEGATIF;SAT;NEGATIF;ARTIYOR;SAT;SAT;UCUZ (AL);0;27.08.2026
AVHOL;izle;;16,9;0,2;8,7;8,0;0;0;zayif;13,7;40,6;39,6;asagi;zayif;zayif;asagi;0,63;-1,86;1;36,22;2,32;54959685;39,31;SAT;NEGATIF;NOTR;NEGATIF;AZALIYOR;SAT;AL;NOTR;1;27.08.2026
QNBTR;izle;;16,9;2,4;12,3;2,1;0;0;zayif;38,6;39,3;39,7;asagi;zayif;zayif;asagi;0,80;-4,30;2;190,2;-0,73;2068996;199,98;AL;NEGATIF;SAT;NEGATIF;AZALIYOR;SAT;SAT;UCUZ (AL);1;27.08.2026
FORMT;izle;;16,9;2,4;10,4;4,0;0;0;zayif;31,9;33,0;72,2;asagi;zayif;zayif;asagi;0,53;-4,37;1;1,69;0,60;17862012;1,83;AL;NEGATIF;SAT;NEGATIF;AZALIYOR;AL;AL;UCUZ (AL);3;27.08.2026
TRILC;izle;;16,8;1,2;10,7;5,0;0;0;zayif;20,8;33,9;15,7;asagi;zayif;zayif;asagi;1,00;-8,83;2;1,12;-0,88;4949511;1,19;AL;NEGATIF;SAT;NEGATIF;AZALIYOR;SAT;AL;UCUZ (AL);2;27.08.2026
FZLGY;izle;;16,8;1,3;11,5;4,0;0;0;zayif;21,6;36,8;68,8;asagi;zayif;zayif;asagi;0,50;-3,03;0;10,05;-0,20;110425651;11,88;AL;NEGATIF;SAT;NEGATIF;AZALIYOR;AL;AL;NOTR;3;27.08.2026
KONKA;izle;;16,8;0,6;10,8;5,4;42;3;zayif;16,2;34,4;28,0;asagi;zayif;zayif;asagi;1,03;-3,48;4;11,34;-1,05;32864715;12,57;AL;NEGATIF;NOTR;NEGATIF;AZALIYOR;SAT;SAT;UCUZ (AL);1;27.08.2026
ATLAS;izle;;16,7;2,4;11,3;3,0;0;0;zayif;29,9;35,9;26,0;asagi;zayif;zayif;asagi;0,88;-2,71;0;6,38;-2,15;3922194;7,17;AL;NEGATIF;SAT;NEGATIF;ARTIYOR;SAT;SAT;NOTR;1;27.08.2026
IHYAY;izle;;16,6;5,6;11,1;0,0;28;2;zayif;26,3;35,2;41,5;asagi;zayif;zayif;asagi;0,56;-3,42;3;1,22;-0,81;2225226;1,34;AL;NEGATIF;AL;NEGATIF;AZALIYOR;SAT;SAT;UCUZ (AL);2;27.08.2026
VRGYO;izle;;16,6;2,7;13,9;0,0;6;0;zayif;19,1;44,5;60,2;asagi;zayif;zayif;asagi;0,49;-2,17;3;1,79;-0,56;10342869;1,86;AL;NEGATIF;NOTR;POZITIF;AZALIYOR;AL;AL;UCUZ (AL);4;27.08.2026
ERCB;izle;;16,5;0,0;12,5;4,0;0;0;zayif;10,9;40,1;55,8;asagi;zayif;zayif;asagi;0,51;-2,12;0;46,64;-0,55;18948619;51,41;AL;NEGATIF;NOTR;NEGATIF;AZALIYOR;AL;AL;UCUZ (AL);3;27.08.2026
EKIZ;izle;;16,5;2,4;10,8;3,3;6;0;zayif;42,9;34,3;28,7;asagi;zayif;zayif;asagi;0,90;-4,89;3;60,45;1,17;704847;65,21;AL;NEGATIF;SAT;NEGATIF;AZALIYOR;AL;AL;UCUZ (AL);3;27.08.2026
ODAS;izle;;16,5;9,3;7,2;0,0;6;0;zayif;24,0;35,8;40,0;asagi;zayif;zayif;asagi;0,63;-2,33;3;7,05;-0,84;203173605;7,86;SAT;NEGATIF;SAT;NEGATIF;AZALIYOR;SAT;AL;NOTR;1;27.08.2026
YBTAS;izle;;16,3;2,0;7,2;7,2;6;0;zayif;26,5;39,2;53,8;asagi;zayif;zayif;asagi;0,85;-3,43;3;14;-3,31;848750;15,26;SAT;NEGATIF;SAT;NEGATIF;ARTIYOR;SAT;SAT;UCUZ (AL);0;27.08.2026
LKMNH;izle;;16,3;2,4;13,2;0,6;0;0;zayif;36,8;42,3;48,6;asagi;zayif;zayif;asagi;0,46;-1,83;2;13,61;-1,02;10010604;14,65;AL;NEGATIF;SAT;POZITIF;AZALIYOR;AL;SAT;NOTR;3;27.08.2026
SAMAT;izle;;16,2;2,6;13,5;0,0;0;0;zayif;18,8;43,4;41,4;asagi;zayif;zayif;asagi;0,70;-1,52;1;5,39;0,19;4911497;6,00;AL;NEGATIF;NOTR;NEGATIF;AZALIYOR;SAT;SAT;NOTR;1;27.08.2026
OYAYO;izle;;16,1;8,0;8,1;0,0;6;0;zayif;9,3;38,8;27,5;yukari;zayif;zayif;asagi;0,54;-1,94;3;42,68;0,09;2044543;41,73;SAT;NEGATIF;NOTR;NEGATIF;AZALIYOR;SAT;AL;UCUZ (AL);1;27.08.2026
ARZUM;izle;;15,9;3,4;12,5;0,0;0;0;zayif;20,7;40,2;72,4;asagi;zayif;zayif;asagi;0,50;-2,71;1;1,62;-1,22;19532316;1,83;AL;NEGATIF;AL;NEGATIF;AZALIYOR;SAT;SAT;UCUZ (AL);2;27.08.2026
SISE;izle;;15,9;0,9;13,3;1,7;0;0;zayif;18,9;42,6;43,0;asagi;zayif;zayif;asagi;0,54;-1,93;1;40,04;-0,50;1252965954;42,02;AL;NEGATIF;NOTR;NEGATIF;AZALIYOR;AL;AL;NOTR;3;27.08.2026
KFEIN;izle;;15,9;0,0;13,5;2,4;6;0;zayif;9,9;43,3;41,1;asagi;zayif;zayif;asagi;0,84;-1,75;3;8,24;0,98;30996433;9,10;AL;NEGATIF;NOTR;NEGATIF;AZALIYOR;SAT;SAT;NOTR;1;27.08.2026
MOPAS;izle;;15,6;1,6;11,2;2,9;0;0;zayif;23,4;35,7;52,8;asagi;zayif;zayif;asagi;0,87;-3,78;2;27,94;0,29;53483251;30,04;AL;NEGATIF;SAT;POZITIF;AZALIYOR;SAT;SAT;NOTR;2;27.08.2026
KONTR;izle;;15,6;1,8;12,2;1,7;10;0;zayif;25,1;38,9;21,0;asagi;zayif;zayif;asagi;0,80;-5,63;4;3,73;-0,27;12792718;4,17;AL;NEGATIF;SAT;NEGATIF;AZALIYOR;SAT;SAT;UCUZ (AL);1;27.08.2026
ENTRA;izle;;15,3;8,0;6,8;0,5;6;0;zayif;9,4;40,4;39,3;yukari;zayif;zayif;asagi;0,39;-1,57;3;4,46;-0,22;45755002;4,44;SAT;NEGATIF;NOTR;NEGATIF;AZALIYOR;SAT;SAT;NOTR;0;27.08.2026
ERBOS;izle;;15,3;0,0;12,3;3,0;0;0;zayif;8,8;39,4;52,4;asagi;zayif;zayif;asagi;0,88;-2,72;1;151,8;-0,85;7274863;164,48;AL;NEGATIF;NOTR;POZITIF;AZALIYOR;SAT;SAT;UCUZ (AL);2;27.08.2026
SDTTR;izle;;15,1;4,8;0,3;10,0;0;0;zayif;25,2;14,6;51,9;asagi;zayif;zayif;asagi;10,40;-7,26;2;24,4;-90,62;524165582;133,32;SAT;NEGATIF;SAT;NEGATIF;ARTIYOR;SAT;SAT;NOTR;0;27.08.2026
INTEK;izle;;15,1;1,0;8,8;5,3;0;0;zayif;19,5;40,9;33,5;asagi;zayif;zayif;asagi;0,78;-2,17;1;246;0,00;2418918;275,95;SAT;NEGATIF;NOTR;NEGATIF;AZALIYOR;AL;AL;NOTR;2;27.08.2026
ORMA;izle;;15,0;8,3;6,8;0,0;6;0;zayif;14,0;39,0;18,5;yukari;zayif;zayif;asagi;0,69;-2,66;3;158;-2,17;758716;153,19;SAT;NEGATIF;NOTR;NEGATIF;AZALIYOR;SAT;SAT;NOTR;0;27.08.2026
KRTEK;izle;;14,9;8,6;6,4;0,0;6;0;zayif;16,1;32,9;31,4;yukari;zayif;zayif;asagi;0,59;-2,99;3;5,33;-1,30;4230075;5,18;SAT;NEGATIF;NOTR;NEGATIF;AZALIYOR;SAT;AL;UCUZ (AL);1;27.08.2026
KTSKR;izle;;14,9;3,0;11,9;0,0;0;0;zayif;11,0;37,9;44,4;asagi;zayif;zayif;asagi;0,55;-2,51;1;83,4;-0,36;22613326;92,94;AL;NEGATIF;NOTR;NEGATIF;AZALIYOR;AL;SAT;NOTR;2;27.08.2026
GWIND;izle;;14,9;0,0;12,8;2,0;0;0;zayif;11,8;41,2;44,3;asagi;zayif;zayif;asagi;0,76;-2,17;1;23,22;-0,17;62521313;24,71;AL;NEGATIF;NOTR;POZITIF;AZALIYOR;AL;SAT;NOTR;3;27.08.2026
HEKTS;izle;;14,8;1,9;12,9;0,0;6;0;zayif;25,6;41,4;49,3;asagi;zayif;zayif;asagi;0,63;-2,34;3;2,84;0,00;548222635;3,10;AL;NEGATIF;SAT;POZITIF;AZALIYOR;AL;SAT;NOTR;3;27.08.2026
DOGUB;izle;;14,5;5,0;5,2;4,3;6;0;zayif;17,2;34,3;32,0;asagi;zayif;zayif;asagi;0,96;-2,36;3;69,05;-0,58;22464106;85,12;SAT;NEGATIF;NOTR;NEGATIF;AZALIYOR;SAT;SAT;NOTR;0;27.08.2026
AKSA;izle;;14,4;5,7;7,3;1,3;10;0;zayif;22,4;36,2;16,8;asagi;zayif;zayif;asagi;0,61;-2,20;4;10,95;-1,35;156926969;12,02;SAT;NEGATIF;SAT;NEGATIF;AZALIYOR;SAT;SAT;NOTR;0;27.08.2026
ULUFA;izle;;14,4;0,8;13,5;0,0;0;0;zayif;18,1;43,4;45,5;asagi;zayif;zayif;asagi;0,61;-1,64;2;1,67;-1,18;32072166;1,85;AL;NEGATIF;NOTR;NEGATIF;AZALIYOR;SAT;SAT;NOTR;1;27.08.2026
EUHOL;izle;;14,3;5,7;8,5;0,0;0;0;zayif;17,5;44,2;56,4;asagi;zayif;zayif;asagi;0,49;-1,06;1;10,6;-2,12;4885498;12,26;SAT;NEGATIF;NOTR;NEGATIF;AZALIYOR;SAT;SAT;NOTR;0;27.08.2026
KRSTL;izle;;14,2;2,2;7,9;4,0;16;1;zayif;28,5;37,9;29,7;asagi;zayif;zayif;asagi;0,70;-2,41;3;9,42;-0,42;31012147;10,06;SAT;NEGATIF;SAT;NEGATIF;AZALIYOR;AL;AL;NOTR;2;27.08.2026
ELITE;izle;;14,0;2,0;12,0;0,1;10;1;zayif;26,5;38,2;38,4;asagi;zayif;zayif;asagi;0,71;-2,98;2;27,7;0,00;27377572;30,13;AL;NEGATIF;SAT;POZITIF;AZALIYOR;AL;AL;NOTR;4;27.08.2026
DARDL;izle;;14,0;2,3;11,7;0,0;0;0;zayif;28,6;37,5;50,3;asagi;zayif;zayif;asagi;0,64;-3,12;1;1,66;0,00;16390888;1,81;AL;NEGATIF;SAT;NEGATIF;AZALIYOR;SAT;SAT;UCUZ (AL);1;27.08.2026
OYLUM;izle;;13,9;1,5;11,1;1,3;0;0;zayif;23,1;35,3;32,8;asagi;zayif;zayif;asagi;0,56;-1,90;1;7,28;-0,14;1668707;7,99;AL;NEGATIF;SAT;NEGATIF;AZALIYOR;AL;SAT;UCUZ (AL);2;27.08.2026
NATEN;izle;;13,9;0,3;12,0;1,6;0;0;zayif;14,3;38,3;54,2;asagi;zayif;zayif;asagi;0,79;-2,73;0;5,55;-0,18;32543391;6,03;AL;NEGATIF;NOTR;POZITIF;AZALIYOR;AL;SAT;UCUZ (AL);3;27.08.2026
BORLS;izle;;13,8;1,0;12,1;0,8;6;0;zayif;19,1;38,6;28,3;asagi;zayif;zayif;asagi;0,75;-2,20;3;4,5;0,00;56043185;5,27;AL;NEGATIF;NOTR;POZITIF;AZALIYOR;AL;SAT;NOTR;3;27.08.2026
QNBFK;izle;;13,7;3,4;9,5;0,9;10;0;zayif;14,7;41,9;29,0;asagi;zayif;zayif;asagi;0,75;-1,34;4;42,02;1,01;1057980;46,75;SAT;NEGATIF;NOTR;NEGATIF;AZALIYOR;SAT;AL;NOTR;1;27.08.2026
KIMMR;izle;;13,7;2,4;11,2;0,0;0;0;zayif;32,4;35,7;42,8;asagi;zayif;zayif;asagi;0,61;-3,18;1;13,63;-1,23;8535024;14,74;AL;NEGATIF;SAT;NEGATIF;AZALIYOR;SAT;SAT;NOTR;1;27.08.2026
ATAGY;izle;;13,6;2,4;11,2;0,0;6;0;zayif;29,7;35,7;56,7;asagi;zayif;zayif;asagi;0,55;-2,70;3;10,24;-0,58;1204029;11,08;AL;NEGATIF;SAT;NEGATIF;ARTIYOR;SAT;SAT;UCUZ (AL);1;27.08.2026
KRVGD;izle;;13,6;2,4;8,8;2,4;10;0;zayif;41,9;27,5;21,2;asagi;zayif;zayif;asagi;0,84;-3,66;4;2,28;0,44;15434768;2,50;AL;NEGATIF;SAT;NEGATIF;AZALIYOR;AL;AL;NOTR;3;27.08.2026
IMASM;izle;;13,4;1,6;11,8;0,0;40;4;zayif;16,2;37,6;14,9;asagi;zayif;zayif;asagi;0,36;-3,55;0;2,34;-0,43;25352753;2,66;AL;NEGATIF;NOTR;NEGATIF;AZALIYOR;SAT;SAT;UCUZ (AL);1;27.08.2026
KZBGY;izle;;13,2;2,4;10,8;0,0;0;0;zayif;31,7;34,3;42,4;asagi;zayif;zayif;asagi;0,64;-4,66;0;1,98;-1,00;39241369;2,17;AL;NEGATIF;SAT;NEGATIF;AZALIYOR;SAT;SAT;UCUZ (AL);1;27.08.2026
MERKO;izle;;13,1;1,0;12,1;0,0;6;0;zayif;19,3;38,8;47,1;asagi;zayif;zayif;asagi;0,48;-3,91;3;1,35;1,50;12682400;1,45;AL;NEGATIF;NOTR;NEGATIF;AZALIYOR;SAT;AL;NOTR;2;27.08.2026
ALCTL;izle;;13,1;5,4;5,8;1,9;20;1;zayif;40,6;30,8;14,5;asagi;zayif;zayif;asagi;0,81;-3,31;4;120,3;-1,15;61749389;144,34;SAT;NEGATIF;SAT;NEGATIF;AZALIYOR;SAT;SAT;NOTR;0;27.08.2026
YKSLN;izle;;13,0;0,0;12,9;0,2;0;0;zayif;11,8;41,2;53,3;asagi;zayif;zayif;asagi;0,71;-2,10;1;2,8;-0,36;15350616;3,06;AL;NEGATIF;NOTR;NEGATIF;AZALIYOR;SAT;SAT;UCUZ (AL);1;27.08.2026
OSMEN;izle;;12,8;2,1;9,8;1,0;28;2;zayif;17,3;44,2;55,0;asagi;zayif;zayif;asagi;0,76;-0,85;3;7,69;0,52;23489928;8,88;SAT;NEGATIF;NOTR;NEGATIF;AZALIYOR;SAT;SAT;NOTR;0;27.08.2026
ALVES;izle;;12,8;1,5;10,2;1,1;0;0;zayif;23,0;32,4;43,8;asagi;zayif;zayif;asagi;0,76;-4,70;2;1,75;-1,69;192562787;2,05;AL;NEGATIF;SAT;NEGATIF;ARTIYOR;AL;SAT;NOTR;2;27.08.2026
BALAT;izle;;12,8;0,3;10,0;2,5;0;0;zayif;13,9;44,2;34,5;asagi;zayif;zayif;asagi;0,71;-1,48;1;69;0,00;1462455;74,53;SAT;NEGATIF;NOTR;NEGATIF;AZALIYOR;SAT;AL;NOTR;1;27.08.2026
BALSU;izle;;12,6;1,2;11,4;0,0;0;0;zayif;20,7;36,4;38,8;asagi;zayif;zayif;asagi;0,66;-2,97;2;10,75;2,28;722859079;13,06;AL;NEGATIF;SAT;NEGATIF;AZALIYOR;AL;AL;UCUZ (AL);3;27.08.2026
REEDR;izle;;12,5;0,0;12,5;0,0;0;0;zayif;8,7;39,9;41,7;asagi;zayif;zayif;asagi;0,59;-2,58;1;5,98;-0,33;63018149;6,49;AL;NEGATIF;NOTR;POZITIF;AZALIYOR;AL;AL;NOTR;4;27.08.2026
TEZOL;izle;;12,5;2,4;10,0;0,0;0;0;zayif;38,7;31,7;38,7;asagi;zayif;zayif;asagi;0,34;-5,79;0;9,67;-0,31;31577404;11,11;AL;NEGATIF;SAT;NEGATIF;AZALIYOR;SAT;SAT;UCUZ (AL);1;27.08.2026
AYEN;izle;;12,5;3,8;7,2;1,5;0;0;zayif;9,2;39,2;45,6;asagi;zayif;zayif;asagi;0,79;-1,74;2;31,26;-2,01;20290335;35,51;SAT;NEGATIF;NOTR;NEGATIF;AZALIYOR;SAT;SAT;NOTR;0;27.08.2026
MIATK;izle;;12,3;0,2;12,1;0,0;0;0;zayif;13,6;38,8;53,8;asagi;zayif;zayif;asagi;0,60;-2,91;2;29,78;-0,33;279506563;33,63;AL;NEGATIF;NOTR;NEGATIF;AZALIYOR;SAT;SAT;NOTR;1;27.08.2026
GZNMI;izle;;12,1;0,0;7,6;4,5;6;0;zayif;9,8;40,7;40,5;asagi;zayif;zayif;asagi;0,97;-1,44;3;56,4;-1,23;79213180;65,91;SAT;NEGATIF;NOTR;NEGATIF;AZALIYOR;SAT;SAT;NOTR;0;27.08.2026
MSGYO;izle;;11,9;0,3;7,7;4,0;16;1;zayif;13,9;37,2;5,3;asagi;zayif;zayif;asagi;0,68;-2,34;3;5,7;0,35;8226166;6,21;SAT;NEGATIF;NOTR;NEGATIF;AZALIYOR;SAT;AL;NOTR;1;27.08.2026
TATEN;izle;;11,7;1,3;10,4;0,0;0;0;zayif;21,6;33,0;36,1;asagi;zayif;zayif;asagi;0,45;-3,57;1;8,85;-0,78;186617136;10,72;AL;NEGATIF;SAT;POZITIF;AZALIYOR;SAT;SAT;UCUZ (AL);2;27.08.2026
RTALB;izle;;11,6;0,0;11,6;0,0;0;0;zayif;10,3;37,0;44,1;asagi;zayif;zayif;asagi;0,52;-2,89;2;2,9;-0,34;26455082;3,14;AL;NEGATIF;NOTR;NEGATIF;AZALIYOR;SAT;SAT;NOTR;1;27.08.2026
SEKFK;izle;;11,6;2,3;5,3;4,0;10;0;zayif;29,1;29,2;11,3;asagi;zayif;zayif;asagi;0,58;-3,45;4;4,48;-0,22;2566117;5,01;SAT;NEGATIF;SAT;NEGATIF;AZALIYOR;AL;AL;NOTR;2;27.08.2026
GLBMD;izle;;11,6;2,9;7,9;0,8;0;0;zayif;19,4;40,2;51,1;asagi;zayif;zayif;asagi;0,75;-1,26;1;11,83;-0,42;2283640;13,35;SAT;NEGATIF;NOTR;NEGATIF;AZALIYOR;SAT;SAT;NOTR;0;27.08.2026
DGGYO;izle;;11,6;3,4;8,2;0,0;0;0;zayif;11,5;41,4;44,5;asagi;zayif;zayif;asagi;0,63;-1,37;2;33,12;-1,19;2679805;37,81;SAT;NEGATIF;NOTR;NEGATIF;AZALIYOR;SAT;SAT;NOTR;0;27.08.2026
PENGD;izle;;11,4;2,4;9,0;0,0;0;0;zayif;29,6;28,3;38,8;asagi;zayif;zayif;asagi;0,66;-4,01;2;9,11;-0,98;13818768;10,01;AL;NEGATIF;SAT;NEGATIF;AZALIYOR;SAT;SAT;NOTR;1;27.08.2026
USAK;izle;;10,6;0,0;10,6;0,0;0;0;zayif;9,5;33,8;51,9;asagi;zayif;zayif;asagi;0,44;-3,02;0;1,24;0,00;22500646;1,36;AL;NEGATIF;NOTR;POZITIF;AZALIYOR;AL;SAT;UCUZ (AL);3;27.08.2026
DCTTR;izle;;10,4;2,4;8,0;0,0;0;0;zayif;39,8;24,9;31,3;asagi;zayif;zayif;asagi;0,20;-5,79;2;6,96;-1,00;27171429;8,41;AL;NEGATIF;SAT;NEGATIF;AZALIYOR;AL;AL;NOTR;3;27.08.2026
LRSHO;izle;;10,2;2,7;7,4;0,0;38;3;zayif;19,0;36,4;59,1;asagi;zayif;zayif;asagi;0,58;-3,25;3;2,53;-0,78;42826307;2,91;SAT;NEGATIF;NOTR;NEGATIF;AZALIYOR;SAT;SAT;UCUZ (AL);0;27.08.2026
VSNMD;izle;;9,8;0,0;9,8;0,0;10;0;zayif;8,0;31,1;41,1;asagi;zayif;zayif;asagi;0,53;-2,86;5;46,38;-0,73;31844508;51,31;AL;NEGATIF;NOTR;NEGATIF;AZALIYOR;SAT;SAT;NOTR;1;27.08.2026
YUNSA;izle;;9,8;3,2;5,1;1,5;6;0;zayif;13,2;35,1;41,8;asagi;zayif;zayif;asagi;0,79;-2,78;3;8,29;-0,72;29362053;9,00;SAT;NEGATIF;NOTR;NEGATIF;AZALIYOR;SAT;SAT;NOTR;0;27.08.2026
BAKAB;izle;;9,6;3,4;6,2;0,0;6;0;zayif;15,0;32,5;32,5;asagi;zayif;zayif;asagi;0,50;-2,90;3;40,04;-0,99;7964196;45,96;SAT;NEGATIF;NOTR;NEGATIF;AZALIYOR;SAT;AL;NOTR;1;27.08.2026
CRDFA;izle;;9,6;5,4;4,1;0,0;22;2;zayif;38,9;25,4;22,2;asagi;zayif;zayif;asagi;0,40;-4,09;1;26,08;-1,21;21987109;31,71;SAT;NEGATIF;SAT;NEGATIF;AZALIYOR;SAT;AL;NOTR;1;27.08.2026
SEYKM;izle;;9,2;0,0;6,6;2,6;6;0;zayif;10,7;37,2;31,1;asagi;zayif;zayif;asagi;0,86;-1,46;3;4,54;-1,30;5642798;5,11;SAT;NEGATIF;NOTR;NEGATIF;AZALIYOR;SAT;SAT;NOTR;0;27.08.2026
LIDER;izle;;9,2;2,4;4,0;2,8;6;0;zayif;43,9;22,0;16,2;asagi;zayif;zayif;asagi;0,87;-7,72;3;32,4;1,44;798213366;46,95;SAT;NEGATIF;SAT;NEGATIF;AZALIYOR;AL;AL;UCUZ (AL);2;27.08.2026
OTTO;izle;;9,2;0,0;4,1;5,1;32;2;zayif;11,6;31,5;26,9;asagi;zayif;zayif;asagi;1,01;-4,61;4;154,7;-3,49;39092226;177,62;SAT;NEGATIF;NOTR;NEGATIF;AZALIYOR;SAT;SAT;UCUZ (AL);0;27.08.2026
YONGA;izle;;9,1;0,5;4,9;3,7;0;0;zayif;15,6;33,1;6,6;asagi;zayif;zayif;asagi;0,92;-3,52;1;45,9;-0,43;699332;49,27;SAT;NEGATIF;NOTR;NEGATIF;AZALIYOR;SAT;SAT;UCUZ (AL);0;27.08.2026
AZTEK;izle;;7,5;1,4;6,1;0,0;10;0;zayif;22,3;31,8;36,5;asagi;zayif;zayif;asagi;0,56;-3,04;4;3,85;1,05;20991224;4,43;SAT;NEGATIF;SAT;NEGATIF;AZALIYOR;SAT;AL;NOTR;1;27.08.2026
LYDHO;izle;;7,4;4,5;1,7;1,2;10;0;zayif;22,9;22,8;43,6;asagi;zayif;zayif;asagi;0,65;-3,11;4;162,8;-3,78;43345988;182,57;SAT;NEGATIF;SAT;NEGATIF;ARTIYOR;SAT;SAT;NOTR;0;27.08.2026
LYDYE;izle;;7,4;0,8;6,6;0,0;50;4;zayif;17,6;38,7;35,7;asagi;zayif;zayif;asagi;0,66;-2,25;4;12422,5;-1,09;12000135;13799,73;SAT;NEGATIF;NOTR;NEGATIF;AZALIYOR;SAT;SAT;NOTR;0;27.08.2026
MMCAS;izle;;7,3;2,1;5,2;0,0;10;1;zayif;27,3;34,9;25,9;asagi;zayif;zayif;asagi;0,70;-3,80;2;50,5;-0,98;857490;57,77;SAT;NEGATIF;SAT;NEGATIF;AZALIYOR;SAT;SAT;UCUZ (AL);0;27.08.2026
YATAS;izle;;7,2;2,0;5,2;0,0;0;0;zayif;26,6;32,9;27,5;asagi;zayif;zayif;asagi;0,69;-3,96;2;31,12;-0,32;19829073;34,18;SAT;NEGATIF;SAT;NEGATIF;AZALIYOR;SAT;SAT;NOTR;0;27.08.2026
SAFKR;izle;;7,2;1,2;4,9;1,1;10;1;zayif;21,1;34,9;36,5;asagi;zayif;zayif;asagi;0,77;-2,99;2;18,3;-0,54;45330820;20,81;SAT;NEGATIF;SAT;NEGATIF;AZALIYOR;SAT;SAT;NOTR;0;27.08.2026
DOAS;izle;;7,2;1,1;6,0;0,0;22;2;zayif;20,3;31,8;47,3;asagi;zayif;zayif;asagi;0,54;-3,35;1;166,6;-0,12;98919416;180,07;SAT;NEGATIF;SAT;NEGATIF;AZALIYOR;SAT;AL;NOTR;1;27.08.2026
EMKEL;izle;;6,8;1,9;4,0;0,9;10;0;zayif;26,0;23,4;11,0;asagi;zayif;zayif;asagi;0,76;-4,77;4;15,2;-1,49;47574541;17,24;SAT;NEGATIF;SAT;NEGATIF;ARTIYOR;SAT;SAT;UCUZ (AL);0;27.08.2026
SURGY;izle;;6,4;2,4;4,0;0,0;0;0;zayif;35,7;15,4;18,5;asagi;zayif;zayif;asagi;0,33;-7,55;1;33,12;-0,96;83605710;41,22;SAT;NEGATIF;SAT;NEGATIF;AZALIYOR;AL;AL;UCUZ (AL);2;27.08.2026
BULGS;izle;;6,4;2,4;4,0;0,0;38;3;zayif;29,6;23,4;30,3;asagi;zayif;zayif;asagi;0,68;-4,41;3;32,22;-1,35;50931894;35,80;SAT;NEGATIF;SAT;NEGATIF;AZALIYOR;AL;SAT;UCUZ (AL);1;27.08.2026
MERCN;izle;;6,0;1,1;4,9;0,0;6;0;zayif;20,2;34,2;47,4;asagi;zayif;zayif;asagi;0,64;-2,68;3;18,3;-0,11;49854836;22,10;SAT;NEGATIF;SAT;NEGATIF;AZALIYOR;SAT;SAT;NOTR;0;27.08.2026
GOKNR;izle;;6,0;1,0;5,0;0,0;0;0;zayif;19,0;28,4;42,0;asagi;zayif;zayif;asagi;0,54;-4,62;1;17,6;-0,90;71548928;20,33;SAT;NEGATIF;NOTR;NEGATIF;AZALIYOR;AL;SAT;NOTR;1;27.08.2026
KLRHO;izle;;5,9;0,0;5,8;0,1;0;0;zayif;12,1;35,1;21,7;asagi;zayif;zayif;asagi;0,71;-4,41;2;65;-2,03;158068430;77,24;SAT;NEGATIF;NOTR;NEGATIF;AZALIYOR;AL;SAT;UCUZ (AL);1;27.08.2026
HUBVC;izle;;5,4;0,4;4,3;0,7;6;0;zayif;14,9;31,2;18,8;asagi;zayif;zayif;asagi;0,74;-3,33;3;2,46;-0,40;3204664;2,77;SAT;NEGATIF;NOTR;NEGATIF;AZALIYOR;SAT;SAT;NOTR;0;27.08.2026
VESBE;izle;;5,1;0,6;4,6;0,0;0;0;zayif;16,2;26,9;26,8;asagi;zayif;zayif;asagi;0,65;-4,13;2;5,28;-0,38;26950635;5,71;SAT;NEGATIF;NOTR;NEGATIF;AZALIYOR;AL;AL;UCUZ (AL);2;27.08.2026